mode_rank,matched_m,matched_n,Omega_FEM,Omega_exact,log10_Error_Omega,log10_Error_L2_w,log10_Error_L2_phi,W_energy_pct,Phi1_energy_pct,Phi2_energy_pct,relative_residual
1,3,3,174.1263,177.6529,-1.702216,1.800735,1.479758,99.9997,0.0002,0.0002,4.06e-07
2,3,3,186.3816,177.6529,-1.308624,1.800778,1.590011,99.9994,0.0002,0.0003,3.24e-07
3,2,4,205.1898,197.3921,-1.403365,1.800021,1.597396,99.9993,0.0003,0.0003,3.18e-07
4,3,4,225.8230,246.7401,-1.071738,1.801193,1.609658,99.9991,0.0004,0.0004,2.75e-07
5,3,4,233.7206,246.7401,-1.277645,1.801207,1.651880,99.9990,0.0003,0.0007,2.45e-07
6,3,4,244.9064,246.7401,-2.128904,1.801045,1.651114,99.9990,0.0007,0.0003,2.09e-07
7,1,5,266.5072,256.6097,-1.413747,1.800777,1.686910,99.9987,0.0005,0.0007,1.82e-07
8,2,5,288.7259,286.2185,-2.057486,1.800683,1.673087,99.9987,0.0008,0.0005,1.94e-07
9,2,5,290.7883,286.2185,-1.796799,1.801016,1.715415,99.9984,0.0013,0.0003,1.44e-07
10,4,4,309.2883,315.8273,-1.683936,1.800885,1.688667,99.9984,0.0005,0.0011,1.65e-07
11,3,5,326.0047,335.5665,-1.545238,1.800776,1.693511,99.9983,0.0008,0.0009,1.45e-07
12,3,5,336.0576,335.5665,-2.834613,1.801049,1.708937,99.9982,0.0008,0.0011,1.32e-07
13,1,6,356.4456,365.1754,-1.621499,1.800901,1.697385,99.9981,0.0010,0.0008,1.17e-07
14,1,6,378.6929,365.1754,-1.431605,1.799716,1.735479,99.9977,0.0004,0.0018,1.19e-07
15,2,6,383.5071,394.7842,-1.544163,1.800931,1.720080,99.9977,0.0013,0.0010,9.37e-08
16,4,5,405.8150,404.6538,-2.542164,1.800231,1.724337,99.9976,0.0013,0.0010,1.06e-07
17,4,5,409.7880,404.6538,-1.896611,1.800622,1.712368,99.9978,0.0013,0.0009,7.99e-08
18,4,5,421.4781,404.6538,-1.381147,1.799580,1.733412,99.9975,0.0011,0.0014,1.05e-07
19,3,6,431.9145,444.1322,-1.560524,1.801695,1.715572,99.9975,0.0011,0.0014,8.68e-08
20,3,6,439.2454,444.1322,-1.958486,1.801708,1.736031,99.9973,0.0014,0.0013,7.72e-08
21,3,6,467.7593,444.1322,-1.274101,1.802035,1.746900,99.9971,0.0011,0.0018,6.39e-08
22,1,7,475.2111,493.4802,-1.431551,1.801221,1.713355,99.9973,0.0020,0.0007,7.62e-08
23,1,7,500.1366,493.4802,-1.870029,1.801628,1.730419,99.9970,0.0013,0.0017,7.38e-08
24,4,6,508.8967,513.2194,-2.074547,1.801679,1.734584,99.9969,0.0022,0.0009,5.95e-08
25,2,7,526.1302,523.0890,-2.235534,1.800820,1.723033,99.9970,0.0010,0.0020,6.80e-08
26,2,7,542.2885,523.0890,-1.435286,1.800294,1.741358,99.9967,0.0016,0.0017,6.77e-08
27,2,7,545.4575,523.0890,-1.368940,1.800965,1.738784,99.9967,0.0019,0.0014,5.70e-08
28,3,7,550.1762,572.4371,-1.410186,1.801130,1.715223,99.9968,0.0015,0.0017,6.13e-08
29,3,7,561.5892,572.4371,-1.722386,1.801617,1.688784,99.9972,0.0017,0.0011,5.17e-08
30,3,7,585.4167,572.4371,-1.644465,1.800414,1.732764,99.9965,0.0013,0.0022,5.98e-08
31,5,6,589.6328,602.0459,-1.685752,1.802118,1.693024,99.9970,0.0019,0.0011,6.02e-08
32,5,6,602.9619,602.0459,-2.817731,1.801314,1.731398,99.9964,0.0021,0.0015,5.85e-08
33,5,6,607.2116,602.0459,-2.066497,1.801102,1.630059,99.9977,0.0009,0.0013,6.49e-08
34,5,6,611.5617,602.0459,-1.801183,1.801333,1.702724,99.9968,0.0017,0.0015,5.83e-08
35,1,8,627.6331,641.5243,-1.664472,1.801018,1.712451,99.9964,0.0022,0.0013,4.55e-08
36,1,8,641.6949,641.5243,-3.575325,1.801600,1.692266,99.9968,0.0015,0.0018,4.79e-08
37,1,8,645.0413,641.5243,-2.261042,1.801408,1.714226,99.9964,0.0010,0.0025,5.37e-08
38,1,8,653.2494,641.5243,-1.738095,1.801545,1.687219,99.9968,0.0018,0.0014,4.70e-08
39,2,8,660.5063,671.1331,-1.800405,1.801169,1.704268,99.9964,0.0018,0.0018,5.51e-08
40,2,8,665.9730,671.1331,-2.114152,1.801608,1.695145,99.9966,0.0017,0.0017,5.14e-08
41,2,8,673.3168,671.1331,-2.487616,1.800922,1.713638,99.9963,0.0022,0.0016,3.84e-08
42,2,8,680.5731,671.1331,-1.851837,1.800986,1.722363,99.9961,0.0022,0.0017,4.58e-08
43,6,6,694.5949,710.6115,-1.647062,1.801051,1.675912,99.9967,0.0016,0.0018,4.79e-08
44,6,6,701.2738,710.6115,-1.881391,1.801053,1.705589,99.9962,0.0020,0.0019,4.46e-08
45,6,6,714.8105,710.6115,-2.228489,1.800392,1.704432,99.9962,0.0021,0.0017,4.59e-08
46,3,8,716.2084,720.4811,-2.226921,1.800770,1.720282,99.9959,0.0024,0.0018,3.57e-08
47,3,8,722.0655,720.4811,-2.657772,1.801284,1.704998,99.9961,0.0020,0.0018,4.55e-08
48,5,7,733.8448,730.3507,-2.320202,1.800892,1.705055,99.9961,0.0019,0.0020,3.59e-08
49,5,7,743.2283,730.3507,-1.753698,1.802182,1.695606,99.9963,0.0015,0.0022,3.98e-08
50,5,7,757.8761,730.3507,-1.423798,1.800788,1.692700,99.9963,0.0019,0.0018,3.45e-08
51,4,8,762.8928,789.5684,-1.471277,1.800590,1.685934,99.9961,0.0019,0.0020,4.63e-08
52,4,8,766.2287,789.5684,-1.529296,1.801119,1.713822,99.9956,0.0023,0.0021,3.74e-08
53,4,8,775.3758,789.5684,-1.745330,1.800787,1.680199,99.9962,0.0018,0.0020,3.65e-08
54,4,8,784.0964,789.5684,-2.159247,1.799820,1.709564,99.9956,0.0025,0.0019,3.45e-08
55,4,8,795.2824,789.5684,-2.140443,1.801059,1.698985,99.9959,0.0018,0.0023,3.82e-08
56,1,9,803.4953,809.3076,-2.143768,1.801823,1.680143,99.9962,0.0020,0.0018,3.25e-08
57,1,9,816.3556,809.3076,-2.060044,1.801061,1.716902,99.9954,0.0022,0.0024,3.31e-08
58,1,9,818.6320,809.3076,-1.938493,1.802064,1.716615,99.9955,0.0022,0.0023,3.72e-08
59,2,9,827.3542,838.9164,-1.860680,1.800145,1.686521,99.9958,0.0023,0.0018,2.81e-08
60,2,9,831.9582,838.9164,-2.081221,1.801600,1.724167,99.9951,0.0018,0.0031,3.30e-08
61,2,9,838.4304,838.9164,-3.237079,1.801532,1.709897,99.9954,0.0020,0.0026,3.11e-08
62,2,9,851.4819,838.9164,-1.824538,1.800236,1.717485,99.9952,0.0021,0.0027,3.06e-08
63,5,8,861.1379,878.3948,-1.706726,1.800979,1.670895,99.9960,0.0021,0.0019,3.14e-08
64,5,8,865.2827,878.3948,-1.826018,1.800875,1.690155,99.9956,0.0025,0.0019,3.14e-08
65,5,8,870.2729,878.3948,-2.034034,1.801430,1.693137,99.9956,0.0024,0.0020,3.02e-08
66,3,9,885.5935,888.2644,-2.521889,1.801639,1.689958,99.9956,0.0020,0.0024,3.44e-08
67,3,9,889.9133,888.2644,-2.731353,1.800433,1.711588,99.9951,0.0024,0.0026,2.78e-08
68,3,9,891.8807,888.2644,-2.390282,1.801140,1.698849,99.9954,0.0031,0.0016,2.55e-08
69,3,9,897.5347,888.2644,-1.981447,1.802108,1.700910,99.9954,0.0025,0.0021,3.17e-08
70,3,9,909.1670,888.2644,-1.628342,1.801252,1.716285,99.9950,0.0029,0.0021,2.39e-08
71,4,9,924.4100,957.3516,-1.463327,1.800824,1.711298,99.9947,0.0026,0.0027,2.63e-08
72,4,9,927.1304,957.3516,-1.500760,1.802069,1.683230,99.9954,0.0025,0.0021,2.25e-08
73,4,9,934.7728,957.3516,-1.627370,1.801373,1.670896,99.9956,0.0019,0.0025,3.17e-08
74,4,9,950.1905,957.3516,-2.126093,1.801262,1.712174,99.9947,0.0023,0.0030,2.50e-08
75,4,9,953.0236,957.3516,-2.344778,1.800701,1.680323,99.9954,0.0022,0.0024,3.02e-08
76,4,9,960.1708,957.3516,-2.530944,1.801630,1.689112,99.9953,0.0024,0.0024,2.85e-08
77,7,7,969.5332,967.2212,-2.621542,1.800586,1.683534,99.9953,0.0024,0.0023,2.64e-08
78,6,8,979.2775,986.9604,-2.108771,1.801593,1.713892,99.9945,0.0030,0.0024,2.67e-08
79,6,8,984.5608,986.9604,-2.614156,1.801007,1.681269,99.9953,0.0024,0.0023,2.44e-08
80,6,8,991.6695,986.9604,-2.321366,1.800700,1.704196,99.9947,0.0022,0.0031,2.73e-08
81,1,10,995.9951,996.8300,-3.076987,1.800802,1.711053,99.9945,0.0031,0.0024,2.13e-08
82,1,10,1005.4295,996.8300,-2.064153,1.800750,1.699153,99.9948,0.0030,0.0022,2.75e-08
83,2,10,1014.9663,1026.4389,-1.951672,1.800221,1.724902,99.9940,0.0020,0.0040,1.95e-08
84,2,10,1019.8459,1026.4389,-2.192251,1.799869,1.698089,99.9946,0.0027,0.0026,2.52e-08
85,2,10,1027.6164,1026.4389,-2.940363,1.802218,1.717942,99.9942,0.0028,0.0030,1.81e-08
86,2,10,1035.4776,1026.4389,-2.055224,1.801751,1.690923,99.9949,0.0025,0.0026,2.26e-08
87,5,9,1039.4998,1046.1781,-2.194943,1.801130,1.700314,99.9945,0.0023,0.0032,2.71e-08
88,5,9,1052.3739,1046.1781,-2.227504,1.799980,1.710562,99.9942,0.0025,0.0033,2.14e-08
89,5,9,1056.7246,1046.1781,-1.996496,1.801021,1.700824,99.9945,0.0028,0.0027,1.95e-08
90,3,10,1065.4811,1075.7869,-2.018647,1.799586,1.682632,99.9947,0.0020,0.0032,2.06e-08
91,3,10,1069.5040,1075.7869,-2.233564,1.802564,1.708893,99.9942,0.0030,0.0028,2.19e-08
92,3,10,1079.2194,1075.7869,-2.496116,1.801638,1.718385,99.9939,0.0028,0.0033,2.13e-08
93,3,10,1084.3163,1075.7869,-2.100809,1.801487,1.705359,99.9942,0.0024,0.0034,2.00e-08
94,7,8,1098.4290,1115.2653,-1.821131,1.800346,1.696239,99.9942,0.0033,0.0025,2.26e-08
95,7,8,1103.7643,1115.2653,-1.986644,1.801658,1.680280,99.9947,0.0023,0.0030,2.16e-08
96,7,8,1108.7275,1115.2653,-2.231948,1.801966,1.711903,99.9939,0.0032,0.0030,1.77e-08
97,7,8,1117.2660,1115.2653,-2.746187,1.800405,1.671109,99.9949,0.0025,0.0027,1.85e-08
98,7,8,1120.5060,1115.2653,-2.327986,1.802079,1.710887,99.9939,0.0026,0.0035,2.03e-08
99,7,8,1129.8050,1115.2653,-1.884823,1.800883,1.678118,99.9947,0.0029,0.0023,2.24e-08
100,4,10,1135.2534,1144.8741,-2.075550,1.801359,1.721393,99.9934,0.0036,0.0030,2.04e-08
101,4,10,1139.4519,1144.8741,-2.324583,1.801037,1.703661,99.9939,0.0026,0.0035,1.68e-08
102,4,10,1148.6787,1144.8741,-2.478450,1.801731,1.712488,99.9937,0.0030,0.0033,1.90e-08
103,6,9,1151.0529,1154.7437,-2.495361,1.800667,1.694717,99.9941,0.0029,0.0030,1.88e-08
104,6,9,1158.9706,1154.7437,-2.436463,1.801561,1.717788,99.9935,0.0035,0.0031,1.72e-08
105,6,9,1168.0213,1154.7437,-1.939367,1.800788,1.704086,99.9938,0.0035,0.0027,1.76e-08
106,6,9,1173.3247,1154.7437,-1.793416,1.802396,1.711789,99.9937,0.0035,0.0029,1.90e-08
107,6,9,1178.9792,1154.7437,-1.678033,1.800579,1.714069,99.9935,0.0037,0.0028,1.55e-08
108,1,11,1188.4123,1204.0917,-1.885328,1.801103,1.698663,99.9937,0.0035,0.0027,1.77e-08
109,1,11,1196.7621,1204.0917,-2.215577,1.801959,1.712942,99.9934,0.0035,0.0031,1.44e-08
110,1,11,1198.8430,1204.0917,-2.360604,1.801656,1.694461,99.9939,0.0034,0.0027,2.08e-08
111,1,11,1210.4458,1204.0917,-2.277608,1.801652,1.698350,99.9938,0.0037,0.0025,1.60e-08
112,1,11,1213.8124,1204.0917,-2.092965,1.801431,1.693252,99.9939,0.0033,0.0028,1.89e-08
113,1,11,1215.9268,1204.0917,-2.007488,1.801319,1.706618,99.9935,0.0035,0.0030,1.79e-08
114,2,11,1234.7893,1233.7006,-3.054275,1.801505,1.705825,99.9934,0.0032,0.0034,1.40e-08
115,2,11,1240.2950,1233.7006,-2.272033,1.801038,1.705777,99.9934,0.0035,0.0032,1.71e-08
116,2,11,1243.2977,1233.7006,-2.109066,1.800825,1.723573,99.9928,0.0035,0.0037,1.65e-08
117,8,8,1253.6147,1263.3094,-2.114978,1.800143,1.708699,99.9931,0.0035,0.0034,1.34e-08
118,8,8,1256.0465,1263.3094,-2.240401,1.802116,1.709344,99.9932,0.0034,0.0035,1.75e-08
119,8,8,1269.0371,1263.3094,-2.343527,1.801091,1.704165,99.9933,0.0032,0.0035,1.53e-08
120,3,11,1273.2378,1283.0486,-2.116540,1.802278,1.711388,99.9930,0.0036,0.0034,1.53e-08
121,3,11,1277.8919,1283.0486,-2.395874,1.801016,1.725053,99.9925,0.0038,0.0037,1.50e-08
122,3,11,1291.2132,1283.0486,-2.196308,1.801225,1.685852,99.9937,0.0029,0.0034,1.80e-08
123,3,11,1295.5422,1283.0486,-2.011554,1.799708,1.712586,99.9928,0.0032,0.0040,1.56e-08
124,3,11,1298.8528,1283.0486,-1.909471,1.801165,1.709318,99.9930,0.0037,0.0033,1.47e-08
125,3,11,1304.6423,1283.0486,-1.773915,1.799757,1.711969,99.9928,0.0030,0.0041,1.72e-08
126,3,11,1307.4950,1283.0486,-1.720027,1.800422,1.696240,99.9934,0.0036,0.0031,1.59e-08
127,6,10,1319.4129,1342.2662,-1.768890,1.800774,1.691186,99.9932,0.0030,0.0037,1.46e-08
128,6,10,1331.5021,1342.2662,-2.095861,1.801243,1.710701,99.9926,0.0042,0.0031,1.53e-08
129,6,10,1338.7863,1342.2662,-2.586267,1.801402,1.702596,99.9929,0.0037,0.0034,1.48e-08
130,6,10,1343.2679,1342.2662,-3.127099,1.800491,1.716327,99.9924,0.0036,0.0040,1.12e-08
131,4,11,1348.7480,1352.1358,-2.601097,1.800776,1.702363,99.9928,0.0034,0.0038,1.45e-08
132,4,11,1359.8262,1352.1358,-2.245073,1.799987,1.715684,99.9923,0.0037,0.0040,1.44e-08
133,4,11,1361.9404,1352.1358,-2.139591,1.801583,1.711109,99.9926,0.0042,0.0032,1.45e-08
134,4,11,1373.6148,1352.1358,-1.799006,1.800679,1.722215,99.9921,0.0041,0.0037,1.28e-08
135,4,11,1380.1298,1352.1358,-1.683956,1.801468,1.718674,99.9923,0.0037,0.0040,1.44e-08
136,4,11,1387.0409,1352.1358,-1.588132,1.801080,1.725391,99.9921,0.0042,0.0037,1.35e-08
137,4,11,1390.9609,1352.1358,-1.541908,1.800355,1.712396,99.9925,0.0037,0.0038,1.26e-08
138,1,12,1400.3364,1431.0926,-1.667735,1.801024,1.710832,99.9921,0.0038,0.0041,1.26e-08
139,1,12,1407.8735,1431.0926,-1.789821,1.802096,1.712588,99.9921,0.0036,0.0042,1.33e-08
140,1,12,1408.4088,1431.0926,-1.799951,1.801350,1.717698,99.9919,0.0041,0.0040,1.01e-08
141,1,12,1417.4516,1431.0926,-2.020821,1.800572,1.699765,99.9925,0.0035,0.0040,1.39e-08
142,1,12,1424.5056,1431.0926,-2.336975,1.800841,1.709085,99.9922,0.0040,0.0038,1.12e-08
143,1,12,1428.1897,1431.0926,-2.692826,1.799882,1.704853,99.9923,0.0032,0.0046,1.31e-08
144,1,12,1433.9908,1431.0926,-2.693544,1.800761,1.708370,99.9922,0.0036,0.0042,1.23e-08
145,5,11,1442.7956,1440.9622,-2.895415,1.801661,1.708468,99.9922,0.0039,0.0039,1.31e-08
146,5,11,1446.4650,1440.9622,-2.418069,1.801036,1.709656,99.9921,0.0039,0.0039,1.28e-08
147,5,11,1449.5705,1440.9622,-2.223736,1.801465,1.715478,99.9919,0.0036,0.0045,1.19e-08
148,2,12,1461.0679,1460.7015,-3.600514,1.800919,1.709613,99.9920,0.0034,0.0046,1.21e-08
149,7,10,1470.1303,1470.5711,-3.523293,1.800515,1.707202,99.9920,0.0037,0.0042,1.28e-08
150,7,10,1475.6813,1470.5711,-2.459045,1.801434,1.722562,99.9915,0.0045,0.0040,1.29e-08
151,7,10,1489.0001,1470.5711,-1.901984,1.801827,1.717504,99.9917,0.0037,0.0046,1.10e-08
152,3,12,1490.6491,1510.0495,-1.891180,1.801590,1.721851,99.9913,0.0043,0.0044,9.38e-09
153,3,12,1503.4886,1510.0495,-2.362029,1.801570,1.700418,99.9921,0.0044,0.0035,1.20e-08
154,3,12,1507.7401,1510.0495,-2.815499,1.800382,1.700077,99.9921,0.0038,0.0041,1.13e-08
155,3,12,1514.9915,1510.0495,-2.485083,1.800044,1.707083,99.9918,0.0033,0.0049,1.01e-08
156,3,12,1522.9871,1510.0495,-2.067136,1.801210,1.717370,99.9914,0.0043,0.0042,1.22e-08
157,6,11,1535.7028,1549.5279,-2.049533,1.801103,1.706673,99.9916,0.0040,0.0044,1.16e-08
158,6,11,1539.0734,1549.5279,-2.170897,1.801462,1.718728,99.9912,0.0043,0.0045,9.49e-09
159,6,11,1544.4448,1549.5279,-2.484071,1.801857,1.715335,99.9913,0.0037,0.0049,1.22e-08
160,6,11,1545.5023,1549.5279,-2.585372,1.801953,1.708292,99.9916,0.0040,0.0043,1.18e-08
161,6,11,1551.6345,1549.5279,-2.866621,1.799975,1.725166,99.9908,0.0046,0.0046,1.13e-08
162,6,11,1562.3607,1549.5279,-2.081877,1.799746,1.724839,99.9908,0.0042,0.0049,1.21e-08
163,4,12,1566.1802,1579.1367,-2.085931,1.801795,1.709581,99.9914,0.0040,0.0046,1.04e-08
164,4,12,1569.2362,1579.1367,-2.202762,1.800397,1.713415,99.9912,0.0038,0.0050,9.92e-09
165,4,12,1571.7873,1579.1367,-2.332169,1.801954,1.706524,99.9915,0.0048,0.0036,1.20e-08
166,4,12,1575.9667,1579.1367,-2.697360,1.801656,1.727614,99.9907,0.0046,0.0047,1.15e-08
167,9,9,1589.9232,1598.8759,-2.251860,1.801925,1.718834,99.9909,0.0049,0.0042,9.21e-09
168,9,9,1597.7379,1598.8759,-3.147668,1.801674,1.717598,99.9910,0.0039,0.0052,1.01e-08
169,9,9,1604.1212,1598.8759,-2.484045,1.801502,1.714094,99.9911,0.0048,0.0042,1.20e-08
170,9,9,1607.1831,1598.8759,-2.284362,1.801249,1.700558,99.9916,0.0038,0.0046,1.04e-08
171,8,10,1611.3436,1618.6151,-2.347517,1.802482,1.705070,99.9914,0.0048,0.0038,1.12e-08
172,8,10,1620.6204,1618.6151,-2.906959,1.801862,1.716448,99.9909,0.0051,0.0040,1.13e-08
173,8,10,1631.5223,1618.6151,-2.098313,1.799642,1.713143,99.9909,0.0047,0.0044,9.18e-09
174,8,10,1634.5569,1618.6151,-2.006608,1.800829,1.713123,99.9910,0.0043,0.0048,1.03e-08
175,5,12,1644.9487,1667.9631,-1.860186,1.800300,1.712942,99.9907,0.0041,0.0052,1.08e-08
176,5,12,1649.4102,1667.9631,-1.953774,1.801520,1.727549,99.9901,0.0052,0.0047,8.89e-09
177,5,12,1655.6968,1667.9631,-2.133472,1.800845,1.719391,99.9904,0.0051,0.0045,1.02e-08
178,5,12,1671.0195,1667.9631,-2.736988,1.801476,1.722855,99.9903,0.0042,0.0055,8.94e-09
179,5,12,1671.2264,1667.9631,-2.708529,1.801585,1.733008,99.9899,0.0049,0.0052,9.62e-09
180,1,13,1681.2506,1677.8327,-2.690991,1.800386,1.720222,99.9903,0.0051,0.0045,1.00e-08
181,1,13,1686.9941,1677.8327,-2.262789,1.800770,1.725551,99.9901,0.0051,0.0048,8.98e-09
182,1,13,1688.4164,1677.8327,-2.200112,1.800940,1.727583,99.9900,0.0043,0.0057,1.01e-08
183,2,13,1699.5532,1707.4416,-2.335361,1.801217,1.717174,99.9903,0.0051,0.0046,9.52e-09
184,2,13,1702.3515,1707.4416,-2.525619,1.801265,1.720567,99.9902,0.0054,0.0044,8.63e-09
185,2,13,1706.3539,1707.4416,-3.195866,1.799929,1.730833,99.9896,0.0054,0.0050,9.04e-09
186,2,13,1713.9695,1707.4416,-2.417567,1.801838,1.724625,99.9900,0.0052,0.0048,8.18e-09
187,2,13,1723.7651,1707.4416,-2.019531,1.801021,1.709621,99.9906,0.0041,0.0052,1.01e-08
188,3,13,1732.5240,1756.7896,-1.859730,1.801333,1.710998,99.9903,0.0051,0.0046,9.36e-09
189,3,13,1736.9956,1756.7896,-1.948186,1.801432,1.714527,99.9902,0.0055,0.0043,9.71e-09
190,3,13,1742.3411,1756.7896,-2.084898,1.801006,1.722816,99.9898,0.0056,0.0046,8.90e-09
191,3,13,1746.9599,1756.7896,-2.252181,1.801368,1.727334,99.9896,0.0048,0.0056,7.38e-09
192,3,13,1750.5437,1756.7896,-2.449128,1.801874,1.726347,99.9897,0.0058,0.0046,8.68e-09
193,3,13,1764.7540,1756.7896,-2.343568,1.800632,1.732783,99.9893,0.0051,0.0057,8.74e-09
194,6,12,1773.4599,1776.5288,-2.762591,1.800288,1.727542,99.9894,0.0050,0.0056,7.84e-09
195,6,12,1774.9527,1776.5288,-3.052000,1.800792,1.721021,99.9897,0.0049,0.0054,9.48e-09
196,9,10,1786.9278,1786.3984,-3.528180,1.800149,1.726116,99.9894,0.0055,0.0051,8.45e-09
197,9,10,1804.8885,1786.3984,-1.985040,1.801340,1.738449,99.9889,0.0061,0.0051,9.05e-09
198,4,13,1806.2061,1825.8768,-1.967652,1.801609,1.730831,99.9890,0.0053,0.0056,7.46e-09
199,4,13,1812.3301,1825.8768,-2.129637,1.800007,1.728945,99.9890,0.0059,0.0051,7.94e-09
200,4,13,1817.7527,1825.8768,-2.351698,1.801237,1.716829,99.9897,0.0050,0.0053,8.73e-09
201,4,13,1823.1053,1825.8768,-2.818751,1.800716,1.705049,99.9902,0.0045,0.0053,7.84e-09
202,4,13,1834.5023,1825.8768,-2.325688,1.800218,1.722839,99.9893,0.0050,0.0056,8.57e-09
203,4,13,1838.1152,1825.8768,-2.173748,1.800092,1.726810,99.9891,0.0052,0.0057,7.98e-09
204,4,13,1840.5597,1825.8768,-2.094659,1.801388,1.732845,99.9889,0.0052,0.0058,8.11e-09
205,4,13,1851.9540,1825.8768,-1.845211,1.801139,1.730296,99.9890,0.0059,0.0051,8.22e-09
206,4,13,1855.1353,1825.8768,-1.795219,1.801732,1.719603,99.9896,0.0047,0.0057,8.54e-09
207,4,13,1862.2860,1825.8768,-1.700261,1.802188,1.741375,99.9885,0.0055,0.0060,6.98e-09
208,4,13,1865.2908,1825.8768,-1.665821,1.801845,1.733350,99.9889,0.0053,0.0058,8.00e-09
209,7,12,1872.0842,1904.8336,-1.764653,1.801580,1.713566,99.9894,0.0060,0.0045,9.02e-09
210,7,12,1878.8218,1904.8336,-1.864687,1.801623,1.730860,99.9886,0.0061,0.0054,7.78e-09
211,7,12,1887.9258,1904.8336,-2.051768,1.800351,1.730945,99.9885,0.0057,0.0058,8.01e-09
212,7,12,1900.3164,1904.8336,-2.624980,1.801159,1.719579,99.9891,0.0058,0.0051,6.81e-09
213,7,12,1904.5711,1904.8336,-3.860585,1.801382,1.726112,99.9888,0.0056,0.0056,7.76e-09
214,7,12,1909.3658,1904.8336,-2.623548,1.800456,1.723037,99.9889,0.0056,0.0055,7.44e-09
215,5,13,1918.8934,1914.7033,-2.659873,1.801506,1.728120,99.9886,0.0065,0.0050,7.82e-09
216,5,13,1921.7479,1914.7033,-2.434245,1.800745,1.731076,99.9883,0.0064,0.0052,7.43e-09
217,5,13,1929.4226,1914.7033,-2.114213,1.801517,1.732464,99.9883,0.0057,0.0060,7.92e-09
218,1,14,1931.4693,1944.3121,-2.180106,1.800476,1.726442,99.9885,0.0062,0.0053,6.26e-09
219,1,14,1941.0115,1944.3121,-2.770177,1.800372,1.716507,99.9890,0.0055,0.0055,7.74e-09
220,1,14,1945.4435,1944.3121,-3.235151,1.799656,1.719838,99.9888,0.0058,0.0054,7.59e-09
221,1,14,1958.3834,1944.3121,-2.140432,1.801272,1.731572,99.9883,0.0061,0.0056,6.47e-09
222,2,14,1959.5420,1973.9209,-2.137604,1.800456,1.725691,99.9883,0.0057,0.0060,7.26e-09
223,2,14,1970.4154,1973.9209,-2.750588,1.801378,1.736676,99.9878,0.0052,0.0071,5.97e-09
224,2,14,1976.7960,1973.9209,-2.836681,1.799878,1.726609,99.9882,0.0052,0.0065,7.81e-09
225,2,14,1982.1773,1973.9209,-2.378537,1.802149,1.729432,99.9882,0.0060,0.0057,7.63e-09
226,9,11,1996.4243,1993.6601,-2.858073,1.801284,1.722973,99.9884,0.0057,0.0059,6.75e-09
227,9,11,2003.3198,1993.6601,-2.314685,1.801596,1.728589,99.9881,0.0060,0.0058,7.54e-09
228,3,14,2009.8104,2023.2689,-2.177057,1.800404,1.717141,99.9885,0.0065,0.0049,6.79e-09
229,3,14,2014.1037,2023.2689,-2.343911,1.801172,1.723881,99.9882,0.0058,0.0059,6.79e-09
230,3,14,2021.0515,2023.2689,-2.960205,1.800215,1.727813,99.9880,0.0052,0.0068,7.60e-09
231,3,14,2024.9009,2023.2689,-3.093336,1.799860,1.727894,99.9879,0.0058,0.0063,7.24e-09
232,3,14,2029.8430,2023.2689,-2.488218,1.800577,1.731254,99.9878,0.0066,0.0056,7.76e-09
233,3,14,2033.1401,2023.2689,-2.311682,1.800087,1.731544,99.9877,0.0061,0.0062,5.98e-09
234,8,12,2045.9059,2052.8777,-2.469019,1.800344,1.727049,99.9878,0.0062,0.0060,7.58e-09
235,8,12,2054.1182,2052.8777,-3.218761,1.800765,1.729421,99.9877,0.0064,0.0059,7.66e-09
236,8,12,2055.1781,2052.8777,-2.950554,1.801905,1.720412,99.9883,0.0059,0.0059,5.73e-09
237,8,12,2058.6987,2052.8777,-2.547370,1.801689,1.728561,99.9878,0.0055,0.0067,6.47e-09
238,8,12,2063.2636,2052.8777,-2.295921,1.800802,1.728986,99.9877,0.0061,0.0061,6.79e-09
239,8,12,2072.5869,2052.8777,-2.017695,1.800968,1.734689,99.9874,0.0057,0.0069,7.03e-09
240,4,14,2082.8476,2092.3561,-2.342521,1.801149,1.734842,99.9872,0.0066,0.0062,6.74e-09
241,4,14,2089.9290,2092.3561,-2.935549,1.801596,1.736373,99.9871,0.0075,0.0053,5.44e-09
242,4,14,2092.3190,2092.3561,-4.751204,1.800049,1.737373,99.9870,0.0065,0.0065,6.58e-09
243,4,14,2103.5467,2092.3561,-2.271784,1.801707,1.742406,99.9868,0.0062,0.0070,6.17e-09
244,4,14,2107.6059,2092.3561,-2.137374,1.800448,1.726662,99.9876,0.0059,0.0065,6.38e-09
245,4,14,2115.5481,2092.3561,-1.955299,1.800711,1.725700,99.9877,0.0064,0.0059,6.29e-09
246,4,14,2116.0949,2092.3561,-1.945177,1.800230,1.735394,99.9871,0.0063,0.0066,6.11e-09
247,7,13,2122.3286,2151.5738,-1.866702,1.802507,1.732132,99.9870,0.0064,0.0066,5.94e-09
248,7,13,2129.3395,2151.5738,-1.985733,1.801326,1.727694,99.9872,0.0065,0.0063,6.57e-09
249,7,13,2130.9138,2151.5738,-2.017627,1.802076,1.742110,99.9864,0.0064,0.0073,6.45e-09
250,7,13,2141.9187,2151.5738,-2.348000,1.801308,1.732175,99.9869,0.0068,0.0063,6.36e-09
251,7,13,2143.9469,2151.5738,-2.450411,1.802211,1.736446,99.9867,0.0065,0.0068,6.46e-09
252,7,13,2154.8115,2151.5738,-2.822508,1.801471,1.730553,99.9870,0.0065,0.0065,5.84e-09
253,7,13,2161.1624,2151.5738,-2.350999,1.801214,1.733174,99.9868,0.0065,0.0067,5.64e-09
254,7,13,2166.0647,2151.5738,-2.171660,1.802441,1.733973,99.9869,0.0070,0.0061,6.23e-09
255,5,14,2179.1767,2181.1826,-3.036399,1.800436,1.725812,99.9871,0.0063,0.0066,6.87e-09
256,5,14,2182.2189,2181.1826,-3.323174,1.802159,1.730369,99.9870,0.0055,0.0076,5.18e-09
257,5,14,2185.7272,2181.1826,-2.681190,1.801336,1.740411,99.9863,0.0071,0.0066,6.62e-09
258,5,14,2193.8855,2181.1826,-2.234789,1.801846,1.735538,99.9866,0.0068,0.0066,6.13e-09
259,5,14,2197.2303,2181.1826,-2.133279,1.801875,1.736011,99.9866,0.0059,0.0075,5.18e-09
260,9,12,2212.2851,2220.6610,-2.423450,1.800501,1.733146,99.9864,0.0074,0.0062,6.46e-09
261,9,12,2217.8511,2220.6610,-2.897795,1.800072,1.729768,99.9866,0.0072,0.0062,5.46e-09
262,9,12,2225.4429,2220.6610,-2.666885,1.800832,1.737157,99.9862,0.0071,0.0067,5.78e-09
263,1,15,2230.3180,2230.5306,-4.020894,1.801271,1.736644,99.9861,0.0068,0.0071,4.93e-09
264,1,15,2244.4908,2230.5306,-2.203516,1.800693,1.741581,99.9858,0.0065,0.0077,6.14e-09
265,2,15,2247.7566,2260.1394,-2.261316,1.800718,1.734203,99.9861,0.0063,0.0076,4.89e-09
266,2,15,2251.9206,2260.1394,-2.439327,1.802473,1.739549,99.9858,0.0068,0.0074,6.51e-09
267,2,15,2261.5196,2260.1394,-3.214210,1.801839,1.739787,99.9858,0.0076,0.0066,5.17e-09
268,2,15,2274.6779,2260.1394,-2.191615,1.802066,1.731654,99.9863,0.0072,0.0065,6.34e-09
269,6,14,2282.7692,2289.7482,-2.515996,1.801261,1.727128,99.9864,0.0075,0.0061,5.98e-09
270,6,14,2287.1820,2289.7482,-2.950493,1.801362,1.738700,99.9857,0.0068,0.0075,5.44e-09
271,8,13,2298.1886,2299.6178,-3.206561,1.801542,1.731485,99.9861,0.0059,0.0080,6.28e-09
272,8,13,2301.8171,2299.6178,-3.019370,1.800543,1.731048,99.9861,0.0064,0.0076,5.35e-09
273,3,15,2307.4135,2309.4874,-3.046720,1.801727,1.743321,99.9852,0.0082,0.0066,5.39e-09
274,3,15,2312.0604,2309.4874,-2.953075,1.801444,1.742239,99.9853,0.0077,0.0070,5.62e-09
275,3,15,2320.6480,2309.4874,-2.315828,1.800962,1.731947,99.9859,0.0071,0.0070,4.93e-09
276,3,15,2322.4429,2309.4874,-2.251062,1.802007,1.731682,99.9860,0.0072,0.0068,5.73e-09
277,3,15,2334.5796,2309.4874,-1.963978,1.802059,1.746610,99.9850,0.0077,0.0073,5.62e-09
278,3,15,2338.4784,2309.4874,-1.901253,1.802037,1.738787,99.9855,0.0077,0.0068,4.97e-09
279,4,15,2350.5994,2378.5747,-1.929543,1.801768,1.736528,99.9852,0.0080,0.0068,5.36e-09
280,4,15,2353.9900,2378.5747,-1.985653,1.802242,1.744605,99.9847,0.0085,0.0068,5.76e-09
281,4,15,2359.0882,2378.5747,-2.086584,1.801637,1.739322,99.9851,0.0072,0.0077,4.57e-09
282,4,15,2366.5514,2378.5747,-2.296296,1.801070,1.734831,99.9853,0.0075,0.0072,5.56e-09
283,4,15,2369.9864,2378.5747,-2.442411,1.801013,1.735296,99.9853,0.0084,0.0063,5.21e-09
284,4,15,2375.1484,2378.5747,-2.841497,1.801704,1.736935,99.9852,0.0086,0.0062,5.01e-09
285,11,11,2388.6691,2388.4443,-4.026173,1.801115,1.741444,99.9849,0.0083,0.0068,5.91e-09
286,11,11,2393.7356,2388.4443,-2.654552,1.800583,1.738516,99.9851,0.0081,0.0068,5.67e-09
287,11,11,2397.8979,2388.4443,-2.402516,1.801170,1.739503,99.9851,0.0073,0.0076,5.70e-09
288,10,12,2401.9650,2408.1835,-2.588004,1.801088,1.742724,99.9847,0.0079,0.0074,4.11e-09
289,10,12,2407.4004,2408.1835,-3.487876,1.801126,1.747503,99.9843,0.0083,0.0074,4.87e-09
290,7,14,2413.6349,2418.0531,-2.738221,1.801504,1.744303,99.9845,0.0077,0.0077,5.30e-09
291,7,14,2421.5647,2418.0531,-2.837953,1.801149,1.741890,99.9847,0.0079,0.0075,5.27e-09
292,7,14,2425.8707,2418.0531,-2.490391,1.801231,1.741282,99.9847,0.0089,0.0064,5.19e-09
293,7,14,2435.5149,2418.0531,-2.141375,1.801967,1.747455,99.9843,0.0077,0.0080,4.25e-09
294,7,14,2441.9715,2418.0531,-2.004734,1.801201,1.745414,99.9844,0.0073,0.0083,5.52e-09
295,5,15,2460.0705,2467.4011,-2.527101,1.802236,1.741509,99.9844,0.0075,0.0081,4.92e-09
296,5,15,2464.9969,2467.4011,-3.011271,1.801444,1.742337,99.9842,0.0080,0.0078,5.51e-09
297,5,15,2473.4364,2467.4011,-2.611543,1.801582,1.743459,99.9842,0.0081,0.0077,3.93e-09
298,5,15,2479.3919,2467.4011,-2.313392,1.801331,1.741487,99.9843,0.0069,0.0088,4.95e-09
299,5,15,2487.7712,2467.4011,-2.083247,1.801128,1.745967,99.9839,0.0071,0.0090,5.40e-09
300,5,15,2494.0008,2467.4011,-1.967363,1.801868,1.746467,99.9840,0.0079,0.0081,4.45e-09
301,5,15,2501.1361,2467.4011,-1.864160,1.802142,1.735059,99.9848,0.0076,0.0076,5.33e-09
302,5,15,2507.6612,2467.4011,-1.787365,1.802550,1.746832,99.9840,0.0082,0.0078,4.05e-09
303,8,14,2516.8137,2566.0971,-1.716572,1.801572,1.736573,99.9842,0.0081,0.0077,5.05e-09
304,8,14,2518.5585,2566.0971,-1.732226,1.799909,1.742695,99.9836,0.0083,0.0081,5.40e-09
305,8,14,2532.8898,2566.0971,-1.888039,1.800039,1.737201,99.9840,0.0084,0.0076,4.77e-09
306,8,14,2544.7138,2566.0971,-2.079197,1.799619,1.753152,99.9828,0.0080,0.0092,4.10e-09
307,8,14,2553.4179,2566.0971,-2.306179,1.799816,1.742028,99.9836,0.0082,0.0081,4.97e-09
308,8,14,2558.7303,2566.0971,-2.541989,1.800830,1.740203,99.9839,0.0088,0.0073,4.33e-09
309,8,14,2565.7826,2566.0971,-3.911633,1.801010,1.743868,99.9836,0.0088,0.0076,5.24e-09
310,6,15,2572.8906,2575.9667,-2.922939,1.802133,1.736606,99.9841,0.0079,0.0081,5.37e-09
311,6,15,2584.4501,2575.9667,-2.482374,1.801851,1.742869,99.9836,0.0077,0.0088,4.16e-09
312,6,15,2592.3819,2575.9667,-2.195697,1.801879,1.736258,99.9841,0.0084,0.0075,5.17e-09
313,11,12,2595.9379,2615.4452,-2.127348,1.801302,1.735387,99.9839,0.0088,0.0073,5.06e-09
314,11,12,2600.9212,2615.4452,-2.255461,1.802044,1.742326,99.9834,0.0084,0.0082,4.75e-09
315,11,12,2608.5009,2615.4452,-2.575918,1.800945,1.744074,99.9832,0.0086,0.0082,4.10e-09
316,11,12,2612.7114,2615.4452,-2.980780,1.800107,1.742693,99.9832,0.0072,0.0095,5.19e-09
317,11,12,2631.8008,2615.4452,-2.203879,1.801757,1.749726,99.9828,0.0081,0.0090,4.55e-09
318,10,13,2636.8446,2654.9236,-2.166878,1.801287,1.737132,99.9835,0.0082,0.0083,4.63e-09
319,10,13,2652.2463,2654.9236,-2.996357,1.801457,1.741309,99.9832,0.0080,0.0088,4.52e-09
320,10,13,2653.8686,2654.9236,-3.400813,1.800671,1.750374,99.9824,0.0084,0.0092,4.12e-09
321,10,13,2659.7921,2654.9236,-2.736652,1.801444,1.753267,99.9822,0.0083,0.0095,4.12e-09
322,10,13,2668.9943,2654.9236,-2.275735,1.801505,1.745349,99.9829,0.0088,0.0083,5.16e-09
323,10,13,2674.6728,2654.9236,-2.128502,1.801175,1.747669,99.9827,0.0086,0.0088,3.70e-09
324,7,15,2685.2507,2704.2716,-2.152819,1.802616,1.749665,99.9822,0.0080,0.0098,3.58e-09
325,7,15,2695.1581,2704.2716,-2.472363,1.802079,1.745479,99.9825,0.0086,0.0089,3.86e-09
326,7,15,2704.8479,2704.2716,-3.671379,1.803081,1.746706,99.9825,0.0069,0.0106,4.93e-09
327,7,15,2715.8764,2704.2716,-2.367413,1.801973,1.746414,99.9824,0.0085,0.0091,4.79e-09
328,9,14,2720.2246,2733.8804,-2.301461,1.801497,1.753783,99.9817,0.0081,0.0102,4.35e-09
329,9,14,2727.3908,2733.8804,-2.624563,1.800899,1.747919,99.9822,0.0086,0.0092,4.74e-09
330,9,14,2734.1921,2733.8804,-3.943091,1.801502,1.753084,99.9818,0.0095,0.0087,4.50e-09
331,9,14,2738.3042,2733.8804,-2.790985,1.801501,1.745568,99.9824,0.0087,0.0089,4.26e-09
332,9,14,2743.1496,2733.8804,-2.469740,1.800847,1.747733,99.9822,0.0089,0.0089,4.26e-09
333,9,14,2747.6819,2733.8804,-2.296853,1.800924,1.748029,99.9821,0.0077,0.0101,4.44e-09
334,9,14,2757.8840,2733.8804,-2.056504,1.801093,1.746994,99.9823,0.0091,0.0086,4.29e-09
335,9,14,2761.1129,2733.8804,-2.001693,1.800767,1.754656,99.9816,0.0093,0.0091,3.96e-09
336,9,14,2767.9320,2733.8804,-1.904642,1.801012,1.754600,99.9816,0.0088,0.0096,3.77e-09
337,9,14,2771.3333,2733.8804,-1.863294,1.800211,1.752138,99.9817,0.0094,0.0088,3.99e-09
338,9,14,2779.4605,2733.8804,-1.778004,1.801484,1.750392,99.9820,0.0098,0.0082,4.31e-09
339,9,14,2785.7017,2733.8804,-1.722271,1.800982,1.747181,99.9822,0.0079,0.0099,4.11e-09
340,12,12,2790.2903,2842.4461,-1.736390,1.801485,1.749806,99.9812,0.0089,0.0098,4.37e-09
341,12,12,2794.2080,2842.4461,-1.770303,1.802122,1.744017,99.9818,0.0092,0.0090,4.20e-09
342,12,12,2799.2755,2842.4461,-1.818504,1.801889,1.741026,99.9820,0.0084,0.0096,3.73e-09
343,12,12,2808.3299,2842.4461,-1.920731,1.802026,1.742714,99.9819,0.0083,0.0098,3.82e-09
344,12,12,2818.3444,2842.4461,-2.071645,1.801220,1.751392,99.9811,0.0098,0.0091,3.60e-09
345,12,12,2827.7515,2842.4461,-2.286535,1.801568,1.746024,99.9816,0.0088,0.0096,4.03e-09
346,12,12,2841.6731,2842.4461,-3.565543,1.801923,1.742022,99.9819,0.0097,0.0084,3.58e-09
347,8,15,2855.5999,2852.3157,-2.938768,1.801062,1.748581,99.9814,0.0099,0.0088,3.01e-09
348,11,13,2857.9949,2862.1853,-2.834442,1.801021,1.743854,99.9816,0.0097,0.0087,4.57e-09
349,11,13,2865.0107,2862.1853,-3.005620,1.800951,1.749322,99.9811,0.0111,0.0078,3.62e-09
350,11,13,2876.8917,2862.1853,-2.289192,1.801307,1.752607,99.9809,0.0106,0.0085,4.33e-09
351,11,13,2889.1947,2862.1853,-2.025182,1.801626,1.753111,99.9809,0.0095,0.0096,4.01e-09
352,10,14,2894.8079,2921.4029,-2.040791,1.800558,1.745252,99.9811,0.0091,0.0098,3.72e-09
353,10,14,2897.7440,2921.4029,-2.091597,1.801433,1.748733,99.9809,0.0102,0.0089,3.92e-09
354,10,14,2904.5638,2921.4029,-2.239271,1.801174,1.750599,99.9807,0.0101,0.0092,3.40e-09
355,10,14,2910.7154,2921.4029,-2.436715,1.801139,1.755059,99.9803,0.0094,0.0104,3.99e-09
356,10,14,2914.8649,2921.4029,-2.650147,1.802326,1.756069,99.9803,0.0099,0.0098,3.94e-09
357,10,14,2924.5158,2921.4029,-2.972432,1.800827,1.757087,99.9801,0.0094,0.0105,4.10e-09
358,10,14,2932.1247,2921.4029,-2.435323,1.800943,1.756237,99.9801,0.0114,0.0084,3.19e-09
359,10,14,2938.8277,2921.4029,-2.224423,1.801002,1.752895,99.9804,0.0093,0.0102,4.19e-09
360,10,14,2946.8704,2921.4029,-2.059605,1.801045,1.752779,99.9805,0.0110,0.0085,3.25e-09
361,10,14,2956.3979,2921.4029,-1.921586,1.801290,1.763790,99.9795,0.0107,0.0099,3.80e-09
362,10,14,2959.7300,2921.4029,-1.882085,1.801175,1.759247,99.9799,0.0092,0.0109,4.00e-09
363,10,14,2964.6455,2921.4029,-1.829680,1.801213,1.753170,99.9805,0.0096,0.0100,3.38e-09
364,9,15,2978.1878,3020.0989,-1.857692,1.802028,1.746455,99.9804,0.0093,0.0103,3.52e-09
365,9,15,2986.8028,3020.0989,-1.957627,1.801738,1.751270,99.9800,0.0107,0.0093,3.96e-09
366,9,15,2987.8017,3020.0989,-1.970856,1.801902,1.749696,99.9801,0.0104,0.0094,3.74e-09
367,9,15,2993.1083,3020.0989,-2.048808,1.801654,1.749279,99.9802,0.0086,0.0112,3.43e-09
368,9,15,3001.6534,3020.0989,-2.214130,1.801286,1.753826,99.9797,0.0105,0.0098,3.51e-09
369,9,15,3007.9814,3020.0989,-2.396605,1.801910,1.749647,99.9801,0.0109,0.0090,3.56e-09
370,9,15,3013.1690,3020.0989,-2.639290,1.801849,1.751277,99.9800,0.0098,0.0102,4.32e-09
371,9,15,3024.1822,3020.0989,-2.869012,1.802284,1.750083,99.9801,0.0106,0.0093,3.21e-09
372,9,15,3027.6981,3020.0989,-2.599256,1.801730,1.759355,99.9792,0.0106,0.0102,3.65e-09
373,9,15,3036.7783,3020.0989,-2.257842,1.801090,1.756863,99.9794,0.0107,0.0099,2.98e-09
374,9,15,3043.3710,3020.0989,-2.113187,1.802055,1.746184,99.9805,0.0091,0.0104,3.29e-09
375,12,13,3057.3457,3089.1862,-1.986864,1.800517,1.751131,99.9795,0.0103,0.0102,3.89e-09
376,12,13,3066.1059,3089.1862,-2.126602,1.800813,1.750591,99.9796,0.0107,0.0097,3.48e-09
377,12,13,3071.2300,3089.1862,-2.235631,1.800134,1.753247,99.9793,0.0118,0.0089,4.20e-09
378,12,13,3073.3705,3089.1862,-2.290757,1.800928,1.754293,99.9793,0.0107,0.0100,2.93e-09
379,12,13,3077.1654,3089.1862,-2.409910,1.800635,1.748464,99.9798,0.0105,0.0097,4.12e-09
380,12,13,3085.6505,3089.1862,-2.941373,1.801311,1.751611,99.9796,0.0108,0.0096,3.61e-09
381,12,13,3096.3145,3089.1862,-2.636855,1.800490,1.755989,99.9791,0.0091,0.0118,3.61e-09
382,12,13,3099.6341,3089.1862,-2.470815,1.800806,1.755552,99.9792,0.0112,0.0097,3.45e-09
383,12,13,3106.0857,3089.1862,-2.261970,1.800363,1.761916,99.9785,0.0113,0.0102,3.57e-09
384,11,14,3115.3207,3128.6646,-2.370077,1.799852,1.752331,99.9791,0.0097,0.0112,3.44e-09
385,11,14,3120.7307,3128.6646,-2.595872,1.800710,1.758127,99.9787,0.0108,0.0106,3.43e-09
386,11,14,3123.6625,3128.6646,-2.796207,1.801343,1.756351,99.9789,0.0114,0.0097,3.39e-09
387,11,14,3128.0185,3128.6646,-3.685072,1.800631,1.759995,99.9785,0.0112,0.0104,2.90e-09
388,11,14,3144.4696,3128.6646,-2.296565,1.800623,1.752394,99.9792,0.0106,0.0102,3.35e-09
389,11,14,3150.2209,3128.6646,-2.161784,1.800647,1.761965,99.9783,0.0109,0.0109,3.12e-09
390,11,14,3160.2670,3128.6646,-1.995639,1.800435,1.761568,99.9783,0.0120,0.0097,3.43e-09
391,11,14,3164.2732,3128.6646,-1.943804,1.800807,1.767344,99.9777,0.0113,0.0109,3.14e-09
392,10,15,3169.9827,3207.6214,-1.930548,1.801820,1.760727,99.9779,0.0111,0.0111,3.43e-09
393,10,15,3175.2949,3207.6214,-1.996624,1.801498,1.751728,99.9787,0.0111,0.0102,3.42e-09
394,10,15,3182.5492,3207.6214,-2.106991,1.800849,1.755730,99.9783,0.0108,0.0109,2.76e-09
395,10,15,3195.7346,3207.6214,-2.431116,1.800754,1.754970,99.9783,0.0097,0.0119,2.54e-09
396,10,15,3198.1076,3207.6214,-2.527827,1.800807,1.765799,99.9772,0.0110,0.0117,2.94e-09
397,10,15,3211.9458,3207.6214,-2.870260,1.800969,1.753702,99.9785,0.0117,0.0098,3.14e-09
398,10,15,3218.4852,3207.6214,-2.470203,1.801200,1.752222,99.9787,0.0106,0.0107,3.44e-09
399,10,15,3230.8360,3207.6214,-2.140422,1.801919,1.758233,99.9781,0.0099,0.0119,3.03e-09
400,10,15,3236.5037,3207.6214,-2.045551,1.801170,1.756254,99.9782,0.0113,0.0105,2.67e-09
401,10,15,3246.6366,3207.6214,-1.914950,1.800632,1.761857,99.9776,0.0122,0.0102,3.03e-09
402,10,15,3251.3505,3207.6214,-1.865413,1.801376,1.763866,99.9775,0.0113,0.0112,3.52e-09
403,10,15,3258.5124,3207.6214,-1.799542,1.800990,1.761521,99.9777,0.0118,0.0105,3.15e-09
404,10,15,3262.9827,3207.6214,-1.762977,1.801721,1.761863,99.9777,0.0122,0.0101,2.78e-09
405,13,13,3275.0811,3335.9263,-1.738990,1.801788,1.761947,99.9769,0.0114,0.0117,3.20e-09
406,13,13,3280.9166,3335.9263,-1.782777,1.800394,1.763784,99.9765,0.0124,0.0110,2.77e-09
407,13,13,3298.9084,3335.9263,-1.954805,1.802042,1.754774,99.9777,0.0108,0.0115,3.86e-09
408,13,13,3303.7346,3335.9263,-2.015472,1.800530,1.756817,99.9773,0.0131,0.0095,2.64e-09
409,13,13,3319.0938,3335.9263,-2.297067,1.801037,1.756149,99.9774,0.0103,0.0123,2.94e-09
410,13,13,3327.5080,3335.9263,-2.597991,1.801001,1.760681,99.9770,0.0115,0.0116,3.59e-09
411,13,13,3329.5642,3335.9263,-2.719615,1.801188,1.760920,99.9769,0.0123,0.0107,2.81e-09
412,13,13,3332.9368,3335.9263,-3.047625,1.801114,1.761797,99.9769,0.0124,0.0108,2.70e-09
413,13,13,3344.9907,3335.9263,-2.565876,1.801330,1.764030,99.9766,0.0120,0.0114,2.73e-09
414,12,14,3347.6042,3355.6655,-2.619376,1.800073,1.766998,99.9762,0.0119,0.0119,2.90e-09
415,12,14,3352.9310,3355.6655,-3.088900,1.800486,1.758923,99.9771,0.0108,0.0121,2.96e-09
416,12,14,3362.6298,3355.6655,-2.682904,1.800616,1.760252,99.9770,0.0120,0.0111,3.04e-09
417,12,14,3367.9669,3355.6655,-2.435824,1.800323,1.747672,99.9782,0.0111,0.0107,2.94e-09
418,12,14,3371.8945,3355.6655,-2.315486,1.799643,1.768942,99.9759,0.0124,0.0116,2.74e-09
419,11,15,3391.3591,3414.8831,-2.161864,1.801117,1.758212,99.9766,0.0141,0.0094,2.82e-09
420,11,15,3397.4122,3414.8831,-2.291061,1.801581,1.763369,99.9760,0.0139,0.0100,2.61e-09
421,11,15,3402.9122,3414.8831,-2.455250,1.801196,1.756206,99.9768,0.0109,0.0123,2.72e-09
422,11,15,3407.0501,3414.8831,-2.639448,1.801449,1.757655,99.9766,0.0129,0.0105,2.95e-09
423,11,15,3412.2000,3414.8831,-3.104743,1.801524,1.762795,99.9761,0.0119,0.0120,2.58e-09
424,11,15,3433.1167,3414.8831,-2.272503,1.801884,1.760463,99.9764,0.0137,0.0099,2.49e-09
425,11,15,3443.7098,3414.8831,-2.073581,1.801027,1.758930,99.9765,0.0114,0.0121,2.39e-09
426,11,15,3458.3145,3414.8831,-1.895573,1.802064,1.761329,99.9763,0.0124,0.0113,2.57e-09
427,11,15,3467.0338,3414.8831,-1.816116,1.801862,1.767510,99.9756,0.0122,0.0122,2.84e-09
428,11,15,3473.9846,3414.8831,-1.761777,1.801828,1.773615,99.9749,0.0130,0.0120,2.73e-09
429,11,15,3478.6560,3414.8831,-1.728740,1.802124,1.771908,99.9751,0.0106,0.0142,2.71e-09
430,11,15,3482.2852,3414.8831,-1.704703,1.802138,1.764676,99.9760,0.0123,0.0117,2.56e-09
431,11,15,3489.1314,3414.8831,-1.662690,1.801199,1.766556,99.9756,0.0122,0.0121,2.47e-09
432,11,15,3492.3265,3414.8831,-1.644392,1.802059,1.768967,99.9755,0.0125,0.0120,2.46e-09
433,13,14,3509.2689,3602.4056,-1.587472,1.800410,1.761878,99.9750,0.0106,0.0144,2.81e-09
434,13,14,3513.4776,3602.4056,-1.607554,1.800344,1.755986,99.9757,0.0139,0.0104,2.99e-09
435,13,14,3515.1691,3602.4056,-1.615894,1.800016,1.758653,99.9754,0.0137,0.0109,2.70e-09
436,13,14,3529.6522,3602.4056,-1.694739,1.800687,1.766870,99.9745,0.0138,0.0117,2.50e-09
437,13,14,3539.8501,3602.4056,-1.760327,1.800546,1.765861,99.9746,0.0148,0.0106,2.73e-09
438,13,14,3544.5012,3602.4056,-1.793881,1.799614,1.761933,99.9750,0.0139,0.0111,2.83e-09
439,13,14,3557.1419,3602.4056,-1.900842,1.800483,1.762463,99.9750,0.0136,0.0114,2.45e-09
440,13,14,3562.6701,3602.4056,-1.957414,1.801020,1.764050,99.9749,0.0117,0.0134,2.70e-09
441,13,14,3571.6348,3602.4056,-2.068453,1.799943,1.763885,99.9748,0.0140,0.0112,2.41e-09
442,13,14,3572.7555,3602.4056,-2.084567,1.800577,1.764861,99.9747,0.0110,0.0143,2.99e-09
443,13,14,3597.1913,3602.4056,-2.839398,1.800929,1.759874,99.9753,0.0111,0.0136,2.39e-09
444,13,14,3604.6879,3602.4056,-3.198225,1.800010,1.767259,99.9744,0.0118,0.0138,2.61e-09
445,13,14,3611.2749,3602.4056,-2.608703,1.799877,1.763784,99.9748,0.0147,0.0105,2.41e-09
446,13,14,3615.1579,3602.4056,-2.451005,1.800293,1.771288,99.9739,0.0122,0.0138,2.64e-09
447,12,15,3634.2957,3641.8840,-2.681180,1.801408,1.761539,99.9747,0.0132,0.0120,2.58e-09
448,12,15,3639.6783,3641.8840,-3.217780,1.801036,1.773945,99.9732,0.0130,0.0138,2.79e-09
449,12,15,3645.4624,3641.8840,-3.007645,1.801664,1.770724,99.9737,0.0124,0.0139,2.40e-09
450,12,15,3648.2481,3641.8840,-2.757594,1.800923,1.763881,99.9744,0.0136,0.0120,2.73e-09
451,12,15,3660.2715,3641.8840,-2.296803,1.801529,1.774704,99.9732,0.0140,0.0128,2.53e-09
452,12,15,3668.2535,3641.8840,-2.140225,1.800917,1.767264,99.9740,0.0154,0.0106,2.00e-09
453,12,15,3684.0609,3641.8840,-1.936252,1.801220,1.772106,99.9735,0.0149,0.0117,2.42e-09
454,12,15,3696.8812,3641.8840,-1.820986,1.801510,1.771011,99.9736,0.0116,0.0148,2.47e-09
455,12,15,3706.0952,3641.8840,-1.753715,1.801550,1.765284,99.9743,0.0124,0.0133,2.33e-09
456,12,15,3720.4888,3641.8840,-1.665877,1.800585,1.773377,99.9732,0.0119,0.0148,2.34e-09
457,12,15,3734.3056,3641.8840,-1.595553,1.801591,1.771299,99.9736,0.0119,0.0145,2.22e-09
458,12,15,3739.7203,3641.8840,-1.570826,1.800929,1.772445,99.9734,0.0130,0.0136,2.17e-09
459,14,14,3774.5217,3868.8849,-1.612783,1.801756,1.766650,99.9724,0.0119,0.0157,2.21e-09
460,14,14,3780.2515,3868.8849,-1.639988,1.801526,1.764759,99.9726,0.0149,0.0125,2.16e-09
461,14,14,3796.7555,3868.8849,-1.729473,1.801623,1.756190,99.9737,0.0133,0.0130,1.32e-09
462,14,14,3807.4649,3868.8849,-1.799276,1.802032,1.764136,99.9727,0.0137,0.0136,2.12e-09
463,14,14,3814.5023,3868.8849,-1.852126,1.801282,1.768903,99.9720,0.0136,0.0143,1.99e-09
464,14,14,3825.8129,3868.8849,-1.953390,1.801564,1.766144,99.9724,0.0142,0.0134,2.28e-09
465,14,14,3830.2227,3868.8849,-2.000299,1.802204,1.768321,99.9722,0.0137,0.0141,2.44e-09
466,14,14,3840.7157,3868.8849,-2.137811,1.801544,1.766898,99.9723,0.0146,0.0131,1.77e-09
467,14,14,3857.1426,3868.8849,-2.517833,1.800859,1.774325,99.9712,0.0135,0.0153,2.14e-09
468,14,14,3857.8482,3868.8849,-2.544747,1.801255,1.771794,99.9716,0.0150,0.0133,2.01e-09
469,13,15,3891.2043,3888.6241,-3.178154,1.800510,1.774940,99.9713,0.0151,0.0136,2.03e-09
470,13,15,3904.3924,3888.6241,-2.392011,1.800807,1.780707,99.9706,0.0164,0.0131,1.81e-09
471,13,15,3910.9403,3888.6241,-2.241177,1.801067,1.777759,99.9710,0.0137,0.0153,2.27e-09
472,13,15,3923.7265,3888.6241,-2.044459,1.800192,1.776404,99.9711,0.0130,0.0159,1.81e-09
473,13,15,3954.1660,3888.6241,-1.773277,1.800704,1.787087,99.9697,0.0149,0.0154,1.84e-09
474,13,15,3960.7170,3888.6241,-1.731904,1.801205,1.778115,99.9710,0.0139,0.0151,1.99e-09
475,13,15,3968.7459,3888.6241,-1.686046,1.800684,1.778449,99.9709,0.0151,0.0141,1.88e-09
476,13,15,3982.5063,3888.6241,-1.617213,1.801475,1.784829,99.9701,0.0137,0.0162,2.03e-09
477,13,15,3990.3484,3888.6241,-1.582372,1.800492,1.780115,99.9706,0.0179,0.0115,2.16e-09
478,13,15,3992.9907,3888.6241,-1.571235,1.801077,1.779132,99.9708,0.0121,0.0171,1.84e-09
479,13,15,3997.5881,3888.6241,-1.552513,1.801650,1.786659,99.9699,0.0161,0.0141,1.71e-09
480,13,15,4012.4196,3888.6241,-1.497091,1.800469,1.785255,99.9699,0.0191,0.0110,2.18e-09
481,14,15,4033.5908,4155.1035,-1.533960,1.803059,1.772385,99.9695,0.0150,0.0155,1.88e-09
482,14,15,4045.3753,4155.1035,-1.578264,1.802792,1.770742,99.9697,0.0148,0.0155,1.91e-09
483,14,15,4051.5580,4155.1035,-1.603451,1.802923,1.770559,99.9698,0.0160,0.0142,1.91e-09
484,14,15,4077.2958,4155.1035,-1.727559,1.802766,1.775345,99.9690,0.0141,0.0169,1.81e-09
485,14,15,4081.5840,4155.1035,-1.752179,1.802330,1.773970,99.9692,0.0168,0.0140,2.02e-09
486,14,15,4097.3238,4155.1035,-1.856807,1.802354,1.766489,99.9703,0.0114,0.0184,1.86e-09
487,14,15,4105.4385,4155.1035,-1.922532,1.802480,1.774841,99.9691,0.0173,0.0136,1.63e-09
488,14,15,4113.0913,4155.1035,-1.995207,1.802949,1.768844,99.9700,0.0120,0.0180,2.00e-09
489,14,15,4124.9295,4155.1035,-2.138950,1.802092,1.776902,99.9688,0.0151,0.0161,1.59e-09
490,14,15,4142.7578,4155.1035,-2.527067,1.802334,1.774548,99.9691,0.0194,0.0115,1.42e-09
491,14,15,4148.9766,4155.1035,-2.831347,1.802511,1.773581,99.9693,0.0175,0.0133,1.61e-09
492,14,15,4183.5137,4155.1035,-2.165106,1.802471,1.775394,99.9690,0.0171,0.0138,1.74e-09
493,14,15,4223.1117,4155.1035,-1.786020,1.802386,1.782172,99.9680,0.0140,0.0180,1.53e-09
494,14,15,4234.9374,4155.1035,-1.716394,1.802038,1.787955,99.9671,0.0136,0.0193,1.68e-09
495,14,15,4243.9050,4155.1035,-1.670161,1.802715,1.788533,99.9671,0.0098,0.0231,1.43e-09
496,14,15,4267.7631,4155.1035,-1.566813,1.802815,1.785537,99.9676,0.0144,0.0180,1.86e-09
497,14,15,4275.9491,4155.1035,-1.536351,1.801986,1.783603,99.9678,0.0165,0.0158,1.79e-09
498,14,15,4281.0900,4155.1035,-1.518258,1.802063,1.778231,99.9686,0.0155,0.0159,1.50e-09
499,14,15,4287.6193,4155.1035,-1.496314,1.802364,1.790151,99.9668,0.0148,0.0184,1.57e-09
500,14,15,4289.9408,4155.1035,-1.488772,1.802399,1.788881,99.9670,0.0142,0.0188,1.66e-09
501,14,15,4296.0899,4155.1035,-1.469404,1.803167,1.789895,99.9670,0.0141,0.0189,1.78e-09
502,15,15,4325.0394,4441.3220,-1.581997,1.802070,1.779139,99.9664,0.0192,0.0144,1.73e-09
503,15,15,4333.4502,4441.3220,-1.614604,1.802620,1.773930,99.9673,0.0204,0.0123,1.64e-09
504,15,15,4352.4589,4441.3220,-1.698791,1.802351,1.775039,99.9671,0.0170,0.0160,1.24e-09
505,15,15,4373.3541,4441.3220,-1.815209,1.802986,1.769718,99.9679,0.0154,0.0166,2.45e-09
506,15,15,4400.4745,4441.3220,-2.036347,1.802017,1.793111,99.9642,0.0126,0.0232,1.69e-09
507,15,15,4407.6064,4441.3220,-2.119681,1.802266,1.782119,99.9660,0.0148,0.0192,1.64e-09
508,15,15,4410.4143,4441.3220,-2.157445,1.802838,1.779383,99.9664,0.0189,0.0146,1.69e-09
509,15,15,4422.5568,4441.3220,-2.374160,1.802365,1.785863,99.9654,0.0148,0.0198,1.40e-09
510,15,15,4424.1027,4441.3220,-2.411496,1.802916,1.774320,99.9672,0.0199,0.0129,1.59e-09
511,15,15,4436.1506,4441.3220,-2.933905,1.802792,1.784600,99.9656,0.0177,0.0166,1.37e-09
512,15,15,4461.0391,4441.3220,-2.352668,1.802117,1.786207,99.9653,0.0163,0.0183,1.75e-09
513,15,15,4479.8093,4441.3220,-2.062195,1.803135,1.788535,99.9651,0.0173,0.0176,1.48e-09
514,15,15,4532.5439,4441.3220,-1.687413,1.802997,1.792088,99.9644,0.0149,0.0206,1.25e-09
515,15,15,4540.9983,4441.3220,-1.648920,1.802351,1.761858,99.9690,0.0160,0.0150,1.59e-09
516,15,15,4544.3729,4441.3220,-1.634461,1.802300,1.794734,99.9639,0.0143,0.0218,1.53e-09
517,15,15,4562.6019,4441.3220,-1.563723,1.802465,1.793735,99.9641,0.0133,0.0226,1.13e-09
518,15,15,4573.1727,4441.3220,-1.527430,1.802915,1.795877,99.9638,0.0228,0.0134,1.48e-09
519,15,15,4616.4446,4441.3220,-1.404170,1.801831,1.790991,99.9645,0.0097,0.0258,1.33e-09
520,15,15,4630.5428,4441.3220,-1.370543,1.802331,1.788533,99.9650,0.0134,0.0217,1.35e-09
521,15,15,4633.5605,4441.3220,-1.363672,1.801888,1.789848,99.9647,0.0212,0.0142,1.39e-09
522,15,15,4655.9900,4441.3220,-1.315745,1.802438,1.801358,99.9628,0.0184,0.0188,1.43e-09
523,15,15,4663.3560,4441.3220,-1.301093,1.802758,1.799483,99.9632,0.0173,0.0196,1.18e-09
524,15,15,4675.2092,4441.3220,-1.278506,1.802169,1.796545,99.9636,0.0154,0.0210,1.37e-09
525,15,15,4681.6005,4441.3220,-1.266797,1.802533,1.795236,99.9639,0.0149,0.0212,1.50e-09
526,15,15,4709.2005,4441.3220,-1.219574,1.801877,1.795251,99.9638,0.0139,0.0224,1.53e-09
527,15,15,4773.4250,4441.3220,-1.126239,1.802158,1.811303,99.9611,0.0252,0.0138,1.31e-09
528,15,15,4806.9858,4441.3220,-1.084430,1.802567,1.812546,99.9609,0.0218,0.0173,1.63e-09
529,15,15,4822.4141,4441.3220,-1.066482,1.802582,1.809584,99.9614,0.0184,0.0202,1.63e-09
530,15,15,4838.9268,4441.3220,-1.048061,1.802682,1.810199,99.9613,0.0255,0.0132,1.64e-09
531,15,15,4856.2234,4441.3220,-1.029567,1.802250,1.813525,99.9607,0.0206,0.0187,1.20e-09
532,15,15,4889.2266,4441.3220,-0.996327,1.801561,1.803158,99.9624,0.0179,0.0197,9.95e-10
533,15,15,4968.0763,4441.3220,-0.925904,1.802670,1.814781,99.9605,0.0225,0.0170,1.08e-09
534,15,15,5000.6570,4441.3220,-0.899840,1.802494,1.822711,99.9590,0.0150,0.0260,9.50e-10
535,15,15,5022.0369,4441.3220,-0.883549,1.802251,1.824388,99.9587,0.0194,0.0219,9.49e-10
536,15,15,5049.8725,4441.3220,-0.863216,1.802427,1.823768,99.9588,0.0122,0.0290,1.04e-09
537,15,15,5056.0699,4441.3220,-0.858815,1.802484,1.824769,99.9586,0.0183,0.0231,9.32e-10
538,15,15,5073.1846,4441.3220,-0.846890,1.802295,1.830181,99.9575,0.0239,0.0186,1.09e-09
539,15,15,5162.8957,4441.3220,-0.789232,1.802810,1.825889,99.9585,0.0176,0.0240,1.08e-09
540,15,15,5195.6676,4441.3220,-0.769942,1.802358,1.801701,99.9628,0.0076,0.0297,1.04e-09
541,15,15,5209.2944,4441.3220,-0.762167,1.802837,1.818836,99.9598,0.0190,0.0212,1.02e-09
542,15,15,5222.8356,4441.3220,-0.754576,1.802315,1.839193,99.9557,0.0122,0.0321,1.06e-09
543,15,15,5271.7571,4441.3220,-0.728207,1.803088,1.848676,99.9539,0.0246,0.0216,1.08e-09
544,15,15,5315.9969,4441.3220,-0.705666,1.802440,1.842710,99.9550,0.0135,0.0315,1.09e-09
545,15,15,5357.9602,4441.3220,-0.685314,1.802792,1.787168,99.9652,0.0190,0.0158,7.15e-10
546,15,15,5361.4049,4441.3220,-0.683685,1.801928,1.851820,99.9530,0.0216,0.0254,1.00e-09
547,15,15,5366.4541,4441.3220,-0.681309,1.802862,1.857750,99.9519,0.0195,0.0287,9.63e-10
548,15,15,5382.2857,4441.3220,-0.673939,1.802649,1.835038,99.9566,0.0140,0.0293,1.14e-09
549,15,15,5411.8569,4441.3220,-0.660501,1.802811,1.849061,99.9537,0.0241,0.0222,9.36e-10
550,15,15,5421.5711,4441.3220,-0.656176,1.802388,1.848226,99.9539,0.0265,0.0196,9.54e-10
551,15,15,5483.6497,4441.3220,-0.629508,1.803115,1.853555,99.9528,0.0290,0.0182,1.01e-09
552,15,15,5547.1094,4441.3220,-0.603841,1.802556,1.866112,99.9499,0.0276,0.0225,7.82e-10
553,15,15,5574.0559,4441.3220,-0.593384,1.801985,1.846033,99.9543,0.0225,0.0233,7.58e-10
554,15,15,5593.8586,4441.3220,-0.585858,1.802479,1.825197,99.9585,0.0236,0.0180,8.43e-10
555,15,15,5691.1382,4441.3220,-0.550666,1.801840,1.881690,99.9461,0.0292,0.0247,6.74e-10
556,15,15,5691.8861,4441.3220,-0.550406,1.802318,1.807959,99.9617,0.0175,0.0208,1.18e-09
557,15,15,5771.9913,4441.3220,-0.523442,1.802955,1.865304,99.9502,0.0154,0.0344,5.42e-10
558,15,15,5873.9973,4441.3220,-0.491364,1.802237,1.869731,99.9490,0.0172,0.0338,8.18e-10
559,15,15,5881.0545,4441.3220,-0.489230,1.802627,1.842532,99.9551,0.0180,0.0269,5.52e-10
560,15,15,5943.7883,4441.3220,-0.470708,1.802620,1.858128,99.9518,0.0211,0.0272,6.98e-10
561,15,15,5944.0045,4441.3220,-0.470645,1.803096,1.880393,99.9466,0.0286,0.0248,6.35e-10
562,15,15,5973.8458,4441.3220,-0.462105,1.802424,1.880589,99.9465,0.0344,0.0192,6.94e-10
563,15,15,5980.6004,4441.3220,-0.460195,1.802362,1.856785,99.9520,0.0321,0.0159,7.74e-10
564,15,15,5999.4724,4441.3220,-0.454903,1.802493,1.895452,99.9427,0.0369,0.0205,9.20e-10
565,15,15,6133.4612,4441.3220,-0.419076,1.802481,1.893333,99.9432,0.0337,0.0231,5.61e-10
566,15,15,6506.3167,4441.3220,-0.332593,1.802793,1.912266,99.9381,0.0094,0.0525,5.64e-10
567,15,15,6670.3581,4441.3220,-0.299395,1.802543,1.921635,99.9353,0.0530,0.0117,6.99e-10
568,15,15,7090.6686,4441.3220,-0.224373,1.802050,1.887120,99.9447,0.0373,0.0180,1.04e-09
569,15,15,7358.5873,4441.3220,-0.182536,1.802471,1.827344,99.9581,0.0165,0.0254,5.60e-10
570,15,15,75067.0706,4441.3220,1.201451,1.802766,1.765951,99.9684,0.0107,0.0209,2.51e-12
571,15,15,78808.1697,4441.3220,1.223867,1.802655,1.761660,99.9690,0.0243,0.0066,1.69e-12
572,15,15,79278.9820,4441.3220,1.226608,1.802277,1.902754,99.9407,0.0092,0.0500,2.15e-12
573,15,15,79299.3850,4441.3220,1.226726,1.802304,1.794870,99.9639,0.0288,0.0073,3.04e-12
574,15,15,79789.5032,4441.3220,1.229561,1.802356,1.785665,99.9655,0.0270,0.0075,1.64e-12
575,15,15,80277.1842,4441.3220,1.232362,1.802652,1.760287,99.9692,0.0066,0.0242,1.67e-12
576,15,15,80656.7820,4441.3220,1.234531,1.802334,1.874383,99.9480,0.0103,0.0418,2.23e-12
577,15,15,82330.7703,4441.3220,1.243966,1.802630,1.854129,99.9526,0.0073,0.0401,2.28e-12
578,15,15,83372.7407,4441.3220,1.249738,1.802295,1.815759,99.9603,0.0341,0.0056,2.48e-12
579,15,15,83466.9533,4441.3220,1.250256,1.802578,1.850456,99.9534,0.0394,0.0073,2.39e-12
580,15,15,84123.7402,4441.3220,1.253850,1.802549,1.926168,99.9339,0.0580,0.0081,1.69e-12
581,15,15,84672.0116,4441.3220,1.256828,1.802595,1.717186,99.9748,0.0179,0.0074,2.19e-12
582,15,15,85017.7911,4441.3220,1.258696,1.802599,1.812372,99.9609,0.0082,0.0309,1.81e-12
583,15,15,85979.1630,4441.3220,1.263847,1.802608,1.775020,99.9671,0.0079,0.0251,2.02e-12
584,15,15,87240.2526,4441.3220,1.270512,1.802367,1.847384,99.9540,0.0397,0.0063,1.65e-12
585,15,15,87593.4606,4441.3220,1.272361,1.802437,1.900520,99.9413,0.0165,0.0422,4.18e-12
586,15,15,87962.9680,4441.3220,1.274287,1.802551,1.850551,99.9533,0.0385,0.0082,1.89e-12
587,15,15,88023.8184,4441.3220,1.274603,1.802576,1.818153,99.9598,0.0351,0.0051,1.74e-12
588,15,15,88100.1943,4441.3220,1.275000,1.802428,1.893471,99.9432,0.0138,0.0429,2.87e-12
589,15,15,88613.9866,4441.3220,1.277659,1.802508,1.897640,99.9421,0.0104,0.0476,3.27e-12
590,15,15,88839.7696,4441.3220,1.278822,1.802384,1.839556,99.9557,0.0383,0.0061,1.45e-12
591,15,15,89825.5067,4441.3220,1.283865,1.802532,1.758308,99.9695,0.0280,0.0025,2.98e-12
592,15,15,90137.6174,4441.3220,1.285450,1.802460,1.834641,99.9567,0.0374,0.0059,2.74e-12
593,15,15,90400.4595,4441.3220,1.286780,1.802470,1.893882,99.9430,0.0090,0.0480,2.01e-12
594,15,15,90740.1528,4441.3220,1.288493,1.802348,1.935991,99.9309,0.0583,0.0107,2.05e-12
595,15,15,90790.5113,4441.3220,1.288746,1.802512,1.776737,99.9668,0.0302,0.0030,1.70e-12
596,15,15,90895.3533,4441.3220,1.289273,1.802530,1.792133,99.9644,0.0324,0.0032,1.72e-12
597,15,15,90905.4510,4441.3220,1.289324,1.802409,1.820000,99.9595,0.0056,0.0349,2.12e-12
598,15,15,91052.5787,4441.3220,1.290062,1.802537,1.843274,99.9549,0.0052,0.0399,2.38e-12
599,15,15,91412.1312,4441.3220,1.291861,1.802493,1.789739,99.9648,0.0028,0.0324,2.74e-12
600,15,15,91531.9136,4441.3220,1.292459,1.802406,1.812285,99.9609,0.0331,0.0059,2.67e-12
601,15,15,91959.8861,4441.3220,1.294588,1.802535,1.862123,99.9508,0.0431,0.0061,1.87e-12
602,15,15,91990.3789,4441.3220,1.294739,1.802405,1.840693,99.9555,0.0381,0.0065,3.41e-12
603,15,15,92085.6976,4441.3220,1.295212,1.802478,1.773921,99.9672,0.0028,0.0300,1.76e-12
604,15,15,92820.0921,4441.3220,1.298836,1.802488,1.839734,99.9557,0.0389,0.0054,3.06e-12
605,15,15,93084.3739,4441.3220,1.300132,1.802438,1.873635,99.9481,0.0468,0.0051,3.75e-12
606,15,15,93197.6232,4441.3220,1.300687,1.802484,1.781574,99.9661,0.0309,0.0030,1.28e-12
607,15,15,93209.2436,4441.3220,1.300744,1.802496,1.791269,99.9645,0.0034,0.0321,1.71e-12
608,15,15,93350.5142,4441.3220,1.301434,1.802409,1.791120,99.9646,0.0052,0.0303,1.68e-12
609,15,15,93996.2354,4441.3220,1.304577,1.802460,1.789772,99.9647,0.0327,0.0026,1.43e-12
610,15,15,94301.4024,4441.3220,1.306055,1.802490,1.799002,99.9632,0.0032,0.0336,1.70e-12
611,15,15,94533.3573,4441.3220,1.307174,1.802441,1.879899,99.9466,0.0054,0.0480,1.20e-12
612,15,15,95002.7375,4441.3220,1.309431,1.802436,1.778691,99.9665,0.0037,0.0297,3.92e-12
613,15,15,95299.3075,4441.3220,1.310851,1.802396,1.947592,99.9271,0.0100,0.0629,1.81e-12
614,15,15,95549.9911,4441.3220,1.312047,1.802491,1.807090,99.9618,0.0030,0.0352,1.55e-12
615,15,15,95774.9935,4441.3220,1.313119,1.802462,1.911886,99.9381,0.0081,0.0538,2.29e-12
616,15,15,96014.8227,4441.3220,1.314258,1.802428,1.809924,99.9613,0.0040,0.0347,1.47e-12
617,15,15,96166.9190,4441.3220,1.314978,1.802473,1.874200,99.9480,0.0470,0.0051,2.24e-12
618,15,15,96244.3509,4441.3220,1.315345,1.802246,2.017375,99.8995,0.0092,0.0913,1.77e-12
619,15,15,96386.9878,4441.3220,1.316019,1.802433,1.945056,99.9280,0.0607,0.0113,1.63e-12
620,15,15,96815.8954,4441.3220,1.318040,1.802407,1.851822,99.9531,0.0065,0.0404,1.50e-12
621,15,15,96993.4551,4441.3220,1.318874,1.802437,1.859390,99.9514,0.0045,0.0441,1.40e-12
622,15,15,97093.9135,4441.3220,1.319345,1.802403,1.862795,99.9507,0.0062,0.0432,1.59e-12
623,15,15,97259.7453,4441.3220,1.320122,1.802450,1.893077,99.9433,0.0177,0.0390,2.07e-12
624,15,15,97346.3776,4441.3220,1.320527,1.802466,1.887611,99.9447,0.0053,0.0500,1.44e-12
625,15,15,97444.8824,4441.3220,1.320987,1.802448,1.819331,99.9596,0.0386,0.0018,2.58e-12
626,15,15,98162.9753,4441.3220,1.324328,1.802409,1.971904,99.9185,0.0680,0.0135,1.19e-12
627,15,15,99152.8587,4441.3220,1.328891,1.802444,1.879121,99.9468,0.0037,0.0495,1.48e-12
628,15,15,99818.4137,4441.3220,1.331932,1.802439,1.843449,99.9549,0.0420,0.0031,1.62e-12
629,15,15,100118.0017,4441.3220,1.333294,1.802435,1.888108,99.9445,0.0501,0.0054,1.57e-12
630,15,15,100542.5562,4441.3220,1.335217,1.802351,1.942374,99.9288,0.0628,0.0083,1.48e-12
631,15,15,100930.6398,4441.3220,1.336967,1.802420,1.950750,99.9260,0.0667,0.0072,2.22e-12
632,15,15,100941.0531,4441.3220,1.337014,1.802428,1.831708,99.9572,0.0023,0.0404,1.39e-12
633,15,15,101197.0077,4441.3220,1.338164,1.802427,1.830401,99.9575,0.0016,0.0409,2.42e-12
634,15,15,101384.8691,4441.3220,1.339007,1.802492,1.879165,99.9467,0.0443,0.0090,1.43e-12
635,15,15,101596.3673,4441.3220,1.339953,1.802453,1.857215,99.9519,0.0019,0.0461,2.15e-12
636,15,15,102156.1908,4441.3220,1.342448,1.802435,1.867536,99.9496,0.0462,0.0043,1.41e-12
637,15,15,102277.2968,4441.3220,1.342986,1.802446,1.855707,99.9523,0.0031,0.0446,1.20e-12
638,15,15,102316.6994,4441.3220,1.343161,1.802435,1.920482,99.9356,0.0410,0.0234,1.73e-12
639,15,15,102763.4991,4441.3220,1.345139,1.802400,1.925170,99.9343,0.0601,0.0056,1.21e-12
640,15,15,103122.1734,4441.3220,1.346721,1.802437,1.878360,99.9470,0.0499,0.0031,1.50e-12
641,15,15,103168.4477,4441.3220,1.346924,1.802458,1.929798,99.9327,0.0563,0.0110,1.64e-12
642,15,15,103981.0872,4441.3220,1.350484,1.802368,1.952271,99.9256,0.0110,0.0634,2.79e-12
643,15,15,104585.5911,4441.3220,1.353114,1.802439,1.858565,99.9516,0.0467,0.0017,1.90e-12
644,15,15,106774.4135,4441.3220,1.362504,1.802408,1.889264,99.9443,0.0536,0.0021,1.71e-12
645,15,15,106865.7873,4441.3220,1.362891,1.802395,1.943140,99.9286,0.0617,0.0097,1.87e-12
646,15,15,109338.5771,4441.3220,1.373252,1.802396,1.909221,99.9389,0.0587,0.0024,2.17e-12
647,15,15,111923.4657,4441.3220,1.383824,1.802397,1.937148,99.9305,0.0089,0.0607,1.03e-12
648,15,15,112239.5981,4441.3220,1.385100,1.802306,2.037188,99.8899,0.0129,0.0973,1.12e-12
649,15,15,115661.5206,4441.3220,1.398671,1.802321,2.007905,99.9038,0.0063,0.0899,2.17e-12
650,15,15,116915.9373,4441.3220,1.403542,1.802409,1.928422,99.9333,0.0049,0.0618,1.20e-12
651,15,15,118405.0464,4441.3220,1.409254,1.802381,1.930517,99.9326,0.0019,0.0655,1.23e-12
652,15,15,120552.8237,4441.3220,1.417363,1.802262,2.075745,99.8684,0.0654,0.0662,9.83e-13
653,15,15,120857.4266,4441.3220,1.418501,1.802235,2.087862,99.8609,0.0643,0.0748,1.19e-12
654,15,15,120911.6245,4441.3220,1.418703,1.802270,2.069606,99.8721,0.0642,0.0637,1.78e-12
655,15,15,124577.9957,4441.3220,1.432163,1.802472,1.923593,99.9348,0.0625,0.0027,5.77e-13
656,15,15,126666.5138,4441.3220,1.439648,1.802303,2.046594,99.8850,0.0524,0.0626,1.16e-12
657,15,15,129283.1877,4441.3220,1.448848,1.802237,2.043828,99.8864,0.0045,0.1092,7.96e-13
658,15,15,5576492.9896,4441.3220,3.098503,0.111436,3.516158,0.0185,4.0399,95.9416,2.94e-14
659,15,15,5576756.7914,4441.3220,3.098523,0.220634,3.516107,0.0423,95.9189,4.0388,3.19e-14
660,15,15,5631012.9098,4441.3220,3.102732,0.174111,3.516128,0.0309,99.9682,0.0009,2.76e-14
661,15,15,5632845.3113,4441.3220,3.102873,0.276194,3.516060,0.0636,0.0010,99.9354,2.44e-14
662,15,15,5673900.6844,4441.3220,3.106029,0.048468,3.516184,0.0049,66.8627,33.1324,1.02e-13
663,15,15,5674428.3864,4441.3220,3.106070,0.235252,3.516103,0.0432,33.1216,66.8352,3.72e-14
664,15,15,5681817.6559,4441.3220,3.106635,0.163906,3.516135,0.0285,2.5738,97.3977,2.90e-14
665,15,15,5683005.1713,4441.3220,3.106726,0.158430,3.516145,0.0238,97.4013,2.5748,2.46e-14
666,15,15,5756359.6489,4441.3220,3.112300,0.127956,3.516156,0.0190,73.1388,26.8421,3.91e-14
667,15,15,5757468.1491,4441.3220,3.112384,0.132605,3.516145,0.0254,26.8374,73.1372,3.28e-14
668,15,15,5764235.5916,4441.3220,3.112895,0.225535,3.516104,0.0432,17.9896,81.9672,3.05e-14
669,15,15,5766182.1821,4441.3220,3.113041,0.193048,3.516126,0.0319,81.9689,17.9992,4.25e-14
670,15,15,5779671.2274,4441.3220,3.114057,0.189529,3.516117,0.0364,81.0785,18.8851,4.59e-14
671,15,15,5780031.2266,4441.3220,3.114084,0.163263,3.516140,0.0252,18.8893,81.0854,4.47e-14
672,15,15,5784271.2878,4441.3220,3.114403,0.167530,3.516134,0.0301,99.8364,0.1335,4.68e-14
673,15,15,5784593.4139,4441.3220,3.114427,0.107651,3.516156,0.0198,0.1337,99.8466,5.04e-14
674,15,15,5814733.0997,4441.3220,3.116686,0.108360,3.516161,0.0152,2.5057,97.4791,5.94e-14
675,15,15,5815225.4318,4441.3220,3.116722,0.146138,3.516146,0.0232,97.4741,2.5027,5.07e-14
676,15,15,5816693.3998,4441.3220,3.116832,0.196617,3.516112,0.0387,96.3641,3.5972,3.54e-14
677,15,15,5817104.9668,4441.3220,3.116863,0.183250,3.516124,0.0339,3.5985,96.3676,3.89e-14
678,15,15,5847975.9195,4441.3220,3.119163,0.144679,3.516142,0.0255,67.8578,32.1167,3.49e-14
679,15,15,5849793.4444,4441.3220,3.119298,0.136502,3.516143,0.0266,32.1203,67.8531,4.12e-14
680,15,15,5873193.4087,4441.3220,3.121034,0.153285,3.516141,0.0269,25.8677,74.1054,4.01e-14
681,15,15,5873503.3888,4441.3220,3.121056,0.141998,3.516151,0.0191,74.1200,25.8609,4.56e-14
682,15,15,5888571.8955,4441.3220,3.122170,0.144605,3.516148,0.0229,85.7447,14.2324,4.72e-14
683,15,15,5888875.4719,4441.3220,3.122192,0.144874,3.516141,0.0278,14.2297,85.7425,2.59e-14
684,15,15,5893015.7341,4441.3220,3.122498,0.129066,3.516152,0.0212,23.8652,76.1136,4.25e-14
685,15,15,5893571.4975,4441.3220,3.122539,0.137162,3.516147,0.0242,76.1131,23.8627,4.57e-14
686,15,15,5900976.4645,4441.3220,3.123085,0.176329,3.516129,0.0313,98.7946,1.1741,4.22e-14
687,15,15,5901961.5721,4441.3220,3.123157,0.236552,3.516096,0.0463,1.1869,98.7669,4.89e-14
688,15,15,5902689.4322,4441.3220,3.123211,0.128205,3.516154,0.0200,77.0512,22.9288,4.67e-14
689,15,15,5903017.4927,4441.3220,3.123235,0.178664,3.516133,0.0277,22.9117,77.0606,3.62e-14
690,15,15,5913724.1476,4441.3220,3.124023,0.123094,3.516158,0.0175,59.3249,40.6575,5.19e-14
691,15,15,5914177.8582,4441.3220,3.124056,0.198055,3.516109,0.0413,40.6442,59.3145,3.52e-14
692,15,15,5915799.6898,4441.3220,3.124175,0.147523,3.516147,0.0234,89.8617,10.1149,3.23e-14
693,15,15,5916259.0289,4441.3220,3.124209,0.132772,3.516150,0.0211,10.1156,89.8633,5.04e-14
694,15,15,5921800.3638,4441.3220,3.124616,0.081612,3.516171,0.0120,85.8927,14.0953,5.53e-14
695,15,15,5923139.9535,4441.3220,3.124714,0.182297,3.516125,0.0343,14.0929,85.8728,4.47e-14
696,15,15,5936836.6958,4441.3220,3.125718,0.110803,3.516162,0.0166,75.5886,24.3948,5.55e-14
697,15,15,5938047.8474,4441.3220,3.125806,0.167777,3.516140,0.0270,25.0997,74.8733,3.64e-14
698,15,15,5940311.2961,4441.3220,3.125972,0.168795,3.516138,0.0270,13.3473,86.6257,6.55e-14
699,15,15,5940653.5281,4441.3220,3.125997,0.140423,3.516151,0.0211,97.9015,2.0773,4.73e-14
700,15,15,5940835.3311,4441.3220,3.126010,0.204331,3.516120,0.0344,87.1424,12.8232,5.22e-14
701,15,15,5941225.3776,4441.3220,3.126039,0.171712,3.516136,0.0274,0.8479,99.1247,3.68e-14
702,15,15,5958043.7865,4441.3220,3.127268,0.150265,3.516142,0.0258,49.2104,50.7639,5.19e-14
703,15,15,5958699.2341,4441.3220,3.127315,0.127495,3.516160,0.0179,50.8204,49.1617,5.94e-14
704,15,15,5962192.5809,4441.3220,3.127570,0.121521,3.516159,0.0184,87.8294,12.1522,5.28e-14
705,15,15,5962834.0702,4441.3220,3.127617,0.134249,3.516150,0.0232,12.1054,87.8715,4.18e-14
706,15,15,5977117.9555,4441.3220,3.128657,0.104247,3.516163,0.0171,0.0320,99.9509,5.32e-14
707,15,15,5978959.4235,4441.3220,3.128791,0.122703,3.516157,0.0196,99.9479,0.0325,7.69e-14
708,15,15,5980217.3371,4441.3220,3.128882,0.124667,3.516151,0.0224,71.3519,28.6257,5.14e-14
709,15,15,5981097.1529,4441.3220,3.128946,0.141916,3.516149,0.0232,28.6257,71.3511,4.37e-14
710,15,15,5990268.0531,4441.3220,3.129612,0.140067,3.516149,0.0230,97.6025,2.3745,4.54e-14
711,15,15,5990589.8820,4441.3220,3.129635,0.102724,3.516164,0.0175,2.3753,97.6073,5.13e-14
712,15,15,5998248.2499,4441.3220,3.130190,0.129639,3.516153,0.0218,99.4973,0.4809,5.86e-14
713,15,15,5998867.6695,4441.3220,3.130235,0.175839,3.516122,0.0344,0.9959,98.9697,4.04e-14
714,15,15,5999519.9833,4441.3220,3.130283,0.129631,3.516150,0.0220,96.8491,3.1289,5.19e-14
715,15,15,6000069.9909,4441.3220,3.130322,0.167087,3.516138,0.0276,2.6175,97.3549,4.62e-14
716,15,15,6013835.2702,4441.3220,3.131318,0.136972,3.516147,0.0225,96.0858,3.8917,4.50e-14
717,15,15,6014146.2810,4441.3220,3.131341,0.188700,3.516124,0.0345,3.8899,96.0756,3.12e-14
718,15,15,6020726.3062,4441.3220,3.131816,0.130564,3.516152,0.0197,20.2249,79.7554,5.20e-14
719,15,15,6021236.0869,4441.3220,3.131853,0.179421,3.516136,0.0271,79.7502,20.2228,4.49e-14
720,15,15,6023808.6416,4441.3220,3.132039,0.101757,3.516165,0.0141,8.3198,91.6660,4.98e-14
721,15,15,6023891.1397,4441.3220,3.132045,0.133330,3.516150,0.0219,91.6587,8.3194,5.79e-14
722,15,15,6034738.2210,4441.3220,3.132826,0.155893,3.516137,0.0288,3.0137,96.9575,5.33e-14
723,15,15,6034860.8526,4441.3220,3.132835,0.107331,3.516162,0.0171,80.4081,19.5748,5.42e-14
724,15,15,6034898.1491,4441.3220,3.132838,0.111971,3.516155,0.0187,58.5616,41.4197,6.92e-14
725,15,15,6035122.6462,4441.3220,3.132854,0.183427,3.516122,0.0349,57.7761,42.1890,4.19e-14
726,15,15,6035785.4896,4441.3220,3.132902,0.112250,3.516163,0.0160,53.3786,46.6055,5.60e-14
727,15,15,6036631.9068,4441.3220,3.132963,0.145023,3.516140,0.0259,46.7921,53.1820,4.53e-14
728,15,15,6041918.8100,4441.3220,3.133343,0.122152,3.516157,0.0173,40.5082,59.4745,6.44e-14
729,15,15,6042204.7347,4441.3220,3.133364,0.192352,3.516126,0.0314,59.4967,40.4719,4.41e-14
730,15,15,6045131.2592,4441.3220,3.133574,0.130411,3.516152,0.0210,71.9428,28.0362,4.93e-14
731,15,15,6045437.1312,4441.3220,3.133596,0.161672,3.516140,0.0252,28.0050,71.9698,4.63e-14
732,15,15,6050341.1144,4441.3220,3.133949,0.145965,3.516148,0.0224,23.2403,76.7373,4.96e-14
733,15,15,6050934.5883,4441.3220,3.133991,0.174521,3.516133,0.0282,76.7332,23.2386,4.88e-14
734,15,15,6055921.4718,4441.3220,3.134349,0.112809,3.516158,0.0184,64.4520,35.5296,5.08e-14
735,15,15,6056390.8035,4441.3220,3.134383,0.161703,3.516141,0.0257,35.5191,64.4552,4.86e-14
736,15,15,6061282.8071,4441.3220,3.134734,0.070805,3.516175,0.0117,15.9938,83.9945,7.95e-14
737,15,15,6061809.7195,4441.3220,3.134772,0.147219,3.516146,0.0220,83.9703,16.0077,4.17e-14
738,15,15,6063069.8890,4441.3220,3.134862,0.116254,3.516157,0.0195,57.6954,42.2851,4.65e-14
739,15,15,6063734.7489,4441.3220,3.134910,0.111853,3.516159,0.0192,42.3184,57.6624,5.87e-14
740,15,15,6065921.6871,4441.3220,3.135066,0.134303,3.516152,0.0217,56.0514,43.9269,6.13e-14
741,15,15,6066412.3639,4441.3220,3.135102,0.153910,3.516143,0.0253,43.9232,56.0515,4.30e-14
742,15,15,6072904.2721,4441.3220,3.135566,0.140315,3.516153,0.0213,99.6655,0.3133,5.84e-14
743,15,15,6073801.1706,4441.3220,3.135631,0.129095,3.516156,0.0203,0.3019,99.6778,5.48e-14
744,15,15,6086596.5064,4441.3220,3.136545,0.133046,3.516154,0.0211,98.6386,1.3403,3.91e-14
745,15,15,6086827.7566,4441.3220,3.136562,0.166050,3.516134,0.0280,1.3470,98.6250,4.87e-14
746,15,15,6088556.9433,4441.3220,3.136685,0.134905,3.516155,0.0191,97.3254,2.6555,5.46e-14
747,15,15,6088830.2426,4441.3220,3.136705,0.212615,3.516104,0.0410,2.6492,97.3098,5.09e-14
748,15,15,6095483.2953,4441.3220,3.137179,0.117838,3.516159,0.0191,99.0483,0.9326,5.23e-14
749,15,15,6095901.7948,4441.3220,3.137209,0.129475,3.516156,0.0204,0.9317,99.0479,3.84e-14
750,15,15,6104516.8749,4441.3220,3.137823,0.149383,3.516146,0.0230,89.0756,10.9014,5.95e-14
751,15,15,6106013.0793,4441.3220,3.137929,0.147605,3.516146,0.0248,13.3338,86.6414,6.34e-14
752,15,15,6106697.3122,4441.3220,3.137978,0.225775,3.516103,0.0445,92.4155,7.5399,4.15e-14
753,15,15,6107111.1695,4441.3220,3.138008,0.150383,3.516142,0.0255,5.0988,94.8757,5.17e-14
754,15,15,6108034.1417,4441.3220,3.138073,0.112546,3.516158,0.0184,99.9474,0.0342,4.99e-14
755,15,15,6108543.1058,4441.3220,3.138110,0.103483,3.516158,0.0199,0.0305,99.9496,5.00e-14
756,15,15,6121312.2288,4441.3220,3.139017,0.132700,3.516150,0.0203,83.0278,16.9519,5.57e-14
757,15,15,6121474.5014,4441.3220,3.139029,0.114207,3.516162,0.0170,16.9045,83.0785,4.59e-14
758,15,15,6123538.1017,4441.3220,3.139175,0.115978,3.516159,0.0192,83.7495,16.2312,5.99e-14
759,15,15,6123911.3327,4441.3220,3.139202,0.120489,3.516155,0.0179,16.2679,83.7141,4.43e-14
760,15,15,6130259.1588,4441.3220,3.139652,0.107403,3.516163,0.0158,20.2873,79.6969,6.82e-14
761,15,15,6130946.1421,4441.3220,3.139701,0.121779,3.516155,0.0214,79.5245,20.4541,5.84e-14
762,15,15,6131415.9038,4441.3220,3.139734,0.141052,3.516150,0.0200,18.5923,81.3878,5.24e-14
763,15,15,6132031.3894,4441.3220,3.139777,0.143408,3.516145,0.0248,81.5667,18.4086,4.96e-14
764,15,15,6139172.2883,4441.3220,3.140283,0.135911,3.516155,0.0186,0.0882,99.8932,4.75e-14
765,15,15,6139805.9428,4441.3220,3.140328,0.145108,3.516147,0.0216,99.8162,0.1621,4.92e-14
766,15,15,6140348.6851,4441.3220,3.140367,0.133508,3.516154,0.0208,83.1757,16.8034,6.05e-14
767,15,15,6140375.0174,4441.3220,3.140368,0.125328,3.516153,0.0222,16.8869,83.0909,4.65e-14
768,15,15,6142428.3508,4441.3220,3.140514,0.104083,3.516163,0.0152,33.8242,66.1606,7.62e-14
769,15,15,6142595.6317,4441.3220,3.140526,0.137659,3.516152,0.0181,66.1535,33.8285,3.64e-14
770,15,15,6146871.3473,4441.3220,3.140828,0.117664,3.516160,0.0186,0.4351,99.5463,7.41e-14
771,15,15,6147603.1151,4441.3220,3.140880,0.207180,3.516113,0.0388,99.4249,0.5363,5.09e-14
772,15,15,6149410.6253,4441.3220,3.141007,0.130959,3.516150,0.0205,10.1542,89.8253,5.66e-14
773,15,15,6149755.3852,4441.3220,3.141032,0.139030,3.516153,0.0199,89.9356,10.0445,5.99e-14
774,15,15,6151657.1441,4441.3220,3.141166,0.147208,3.516144,0.0226,93.8299,6.1475,5.24e-14
775,15,15,6151986.8008,4441.3220,3.141189,0.134811,3.516153,0.0222,6.1224,93.8554,5.80e-14
776,15,15,6154905.9978,4441.3220,3.141396,0.118192,3.516162,0.0180,46.5507,53.4312,5.99e-14
777,15,15,6155443.0418,4441.3220,3.141434,0.141464,3.516148,0.0197,53.4525,46.5278,5.54e-14
778,15,15,6162872.7877,4441.3220,3.141958,0.103005,3.516167,0.0146,70.8405,29.1449,4.53e-14
779,15,15,6163384.9568,4441.3220,3.141994,0.097377,3.516168,0.0167,28.9962,70.9871,6.30e-14
780,15,15,6164773.2260,4441.3220,3.142092,0.137141,3.516153,0.0203,13.8033,86.1764,5.63e-14
781,15,15,6165142.2880,4441.3220,3.142118,0.145495,3.516144,0.0240,86.3096,13.6664,5.49e-14
782,15,15,6171820.7348,4441.3220,3.142588,0.131763,3.516150,0.0217,94.2177,5.7606,5.41e-14
783,15,15,6171918.7070,4441.3220,3.142595,0.161807,3.516140,0.0254,5.7651,94.2095,5.31e-14
784,15,15,6181230.7405,4441.3220,3.143251,0.105030,3.516162,0.0163,96.1820,3.8017,6.78e-14
785,15,15,6181450.8388,4441.3220,3.143266,0.129605,3.516153,0.0201,4.3339,95.6459,4.71e-14
786,15,15,6181676.9651,4441.3220,3.143282,0.138573,3.516149,0.0222,7.8108,92.1670,5.63e-14
787,15,15,6182218.7414,4441.3220,3.143320,0.163887,3.516137,0.0287,91.6588,8.3125,5.69e-14
788,15,15,6185120.6168,4441.3220,3.143524,0.108154,3.516167,0.0153,93.4766,6.5080,6.90e-14
789,15,15,6185391.4252,4441.3220,3.143543,0.154334,3.516143,0.0245,6.4869,93.4886,4.96e-14
790,15,15,6192211.4094,4441.3220,3.144022,0.126940,3.516151,0.0196,91.9669,8.0135,6.05e-14
791,15,15,6192544.5477,4441.3220,3.144045,0.166245,3.516135,0.0271,8.0125,91.9604,6.21e-14
792,15,15,6193641.3317,4441.3220,3.144122,0.104335,3.516161,0.0169,0.9037,99.0794,6.19e-14
793,15,15,6194611.3462,4441.3220,3.144190,0.146864,3.516141,0.0268,98.6583,1.3149,5.10e-14
794,15,15,6196293.9554,4441.3220,3.144308,0.120832,3.516157,0.0184,43.9156,56.0660,6.76e-14
795,15,15,6196652.8284,4441.3220,3.144334,0.126232,3.516155,0.0204,56.3544,43.6252,5.72e-14
796,15,15,6199536.3988,4441.3220,3.144536,0.112739,3.516163,0.0161,1.7479,98.2360,7.24e-14
797,15,15,6200261.5044,4441.3220,3.144587,0.165616,3.516136,0.0274,98.3500,1.6226,4.81e-14
798,15,15,6202124.1724,4441.3220,3.144717,0.116188,3.516163,0.0156,1.0830,98.9013,6.80e-14
799,15,15,6202488.1840,4441.3220,3.144743,0.103882,3.516163,0.0176,98.8861,1.0962,5.05e-14
800,15,15,6208787.2631,4441.3220,3.145184,0.103555,3.516167,0.0156,87.0978,12.8866,5.18e-14
801,15,15,6209320.8594,4441.3220,3.145221,0.166679,3.516138,0.0273,13.4501,86.5226,6.51e-14
802,15,15,6210134.4342,4441.3220,3.145278,0.164660,3.516134,0.0287,4.5413,95.4300,6.92e-14
803,15,15,6211653.0348,4441.3220,3.145384,0.232720,3.516091,0.0489,94.8657,5.0854,5.44e-14
804,15,15,6214552.0046,4441.3220,3.145587,0.125992,3.516158,0.0178,16.2733,83.7088,7.18e-14
805,15,15,6215119.3534,4441.3220,3.145627,0.143773,3.516144,0.0235,83.5764,16.4001,5.52e-14
806,15,15,6215475.0703,4441.3220,3.145652,0.135752,3.516150,0.0226,53.5888,46.3887,5.96e-14
807,15,15,6216037.4523,4441.3220,3.145691,0.136763,3.516152,0.0207,46.5097,53.4696,7.11e-14
808,15,15,6219870.2844,4441.3220,3.145959,0.106599,3.516162,0.0161,30.2297,69.7542,6.60e-14
809,15,15,6220055.6860,4441.3220,3.145972,0.116710,3.516157,0.0194,69.7550,30.2256,5.33e-14
810,15,15,6223907.2981,4441.3220,3.146241,0.098603,3.516166,0.0148,95.6513,4.3338,5.44e-14
811,15,15,6223988.9987,4441.3220,3.146247,0.096852,3.516166,0.0152,4.3327,95.6521,7.42e-14
812,15,15,6228511.8641,4441.3220,3.146562,0.087903,3.516171,0.0149,79.2762,20.7089,5.39e-14
813,15,15,6228877.7468,4441.3220,3.146588,0.166017,3.516139,0.0256,20.7049,79.2696,6.45e-14
814,15,15,6231688.7617,4441.3220,3.146784,0.097179,3.516170,0.0112,22.4882,77.5006,8.80e-14
815,15,15,6233086.8206,4441.3220,3.146881,0.120557,3.516161,0.0190,77.4942,22.4867,5.43e-14
816,15,15,6240165.2358,4441.3220,3.147375,0.081081,3.516173,0.0130,77.0604,22.9266,4.84e-14
817,15,15,6240626.3259,4441.3220,3.147407,0.073400,3.516177,0.0113,22.9117,77.0769,6.36e-14
818,15,15,6243116.3983,4441.3220,3.147580,0.115187,3.516160,0.0181,1.4320,98.5499,6.81e-14
819,15,15,6244314.5796,4441.3220,3.147664,0.131077,3.516149,0.0223,21.2017,78.7760,5.61e-14
820,15,15,6244595.7432,4441.3220,3.147683,0.143891,3.516146,0.0252,98.5653,1.4095,5.10e-14
821,15,15,6245379.1653,4441.3220,3.147738,0.130762,3.516152,0.0207,78.7841,21.1951,7.98e-14
822,15,15,6249600.8981,4441.3220,3.148031,0.079054,3.516174,0.0115,4.6675,95.3211,8.58e-14
823,15,15,6250477.3729,4441.3220,3.148092,0.105192,3.516166,0.0158,79.5813,20.4029,6.89e-14
824,15,15,6250549.3964,4441.3220,3.148097,0.113967,3.516165,0.0152,25.4824,74.5024,6.27e-14
825,15,15,6251264.8276,4441.3220,3.148147,0.118403,3.516159,0.0169,89.9525,10.0305,7.10e-14
826,15,15,6251548.6110,4441.3220,3.148167,0.098060,3.516170,0.0124,98.3329,1.6546,6.56e-14
827,15,15,6252614.1235,4441.3220,3.148241,0.141444,3.516146,0.0221,5.4742,94.5037,6.76e-14
828,15,15,6253198.1312,4441.3220,3.148281,0.120228,3.516158,0.0178,19.5876,80.3946,7.35e-14
829,15,15,6253982.1952,4441.3220,3.148336,0.092824,3.516166,0.0142,76.9412,23.0446,6.30e-14
830,15,15,6256365.0517,4441.3220,3.148501,0.124757,3.516158,0.0169,69.2898,30.6933,6.92e-14
831,15,15,6256469.2644,4441.3220,3.148509,0.121208,3.516154,0.0204,48.4624,51.5172,6.47e-14
832,15,15,6257029.6816,4441.3220,3.148548,0.110522,3.516163,0.0163,61.9930,37.9907,7.52e-14
833,15,15,6257163.8199,4441.3220,3.148557,0.132599,3.516152,0.0185,20.9376,79.0439,6.87e-14
834,15,15,6257247.6536,4441.3220,3.148563,0.085604,3.516171,0.0120,72.6534,27.3346,6.89e-14
835,15,15,6257895.4465,4441.3220,3.148608,0.104704,3.516161,0.0192,26.7699,73.2109,5.45e-14
836,15,15,6260287.5254,4441.3220,3.148774,0.075687,3.516175,0.0121,94.7731,5.2147,6.58e-14
837,15,15,6260557.6150,4441.3220,3.148793,0.134467,3.516154,0.0204,4.9847,94.9949,5.20e-14
838,15,15,6266106.1883,4441.3220,3.149178,0.156818,3.516150,0.0217,37.2550,62.7234,5.61e-14
839,15,15,6266831.4644,4441.3220,3.149228,0.134531,3.516152,0.0189,62.7006,37.2804,5.96e-14
840,15,15,6268127.5559,4441.3220,3.149318,0.102673,3.516166,0.0154,66.6214,33.3632,5.10e-14
841,15,15,6268557.5884,4441.3220,3.149348,0.100951,3.516165,0.0136,33.3635,66.6229,7.97e-14
842,15,15,6269254.7951,4441.3220,3.149396,0.105676,3.516163,0.0154,99.4249,0.5597,7.99e-14
843,15,15,6270002.6403,4441.3220,3.149448,0.153709,3.516142,0.0250,39.2721,60.7030,5.62e-14
844,15,15,6270016.6513,4441.3220,3.149449,0.147913,3.516148,0.0242,60.7332,39.2427,5.16e-14
845,15,15,6271501.2860,4441.3220,3.149552,0.146974,3.516146,0.0246,0.5905,99.3849,5.94e-14
846,15,15,6274906.0507,4441.3220,3.149787,0.117072,3.516160,0.0202,20.6828,79.2970,5.77e-14
847,15,15,6275629.7585,4441.3220,3.149838,0.088459,3.516169,0.0133,91.6133,8.3734,7.64e-14
848,15,15,6275688.1229,4441.3220,3.149842,0.121805,3.516157,0.0209,79.2665,20.7126,6.99e-14
849,15,15,6276097.3538,4441.3220,3.149870,0.097662,3.516167,0.0155,8.3654,91.6192,6.35e-14
850,15,15,6277880.5970,4441.3220,3.149993,0.116151,3.516158,0.0169,26.3020,73.6811,6.40e-14
851,15,15,6278035.4462,4441.3220,3.150004,0.094898,3.516172,0.0122,73.6980,26.2898,7.35e-14
852,15,15,6280873.6241,4441.3220,3.150201,0.078061,3.516170,0.0133,97.6380,2.3486,5.84e-14
853,15,15,6281532.2361,4441.3220,3.150246,0.126469,3.516159,0.0188,2.6248,97.3565,7.48e-14
854,15,15,6282552.7095,4441.3220,3.150317,0.088870,3.516170,0.0145,97.0345,2.9510,5.95e-14
855,15,15,6283196.2782,4441.3220,3.150361,0.094545,3.516167,0.0169,2.6626,97.3205,6.70e-14
856,15,15,6287968.7410,4441.3220,3.150691,0.101076,3.516166,0.0136,4.5587,95.4277,6.94e-14
857,15,15,6288390.8614,4441.3220,3.150720,0.094587,3.516164,0.0141,95.4257,4.5602,7.03e-14
858,15,15,6293841.8519,4441.3220,3.151097,0.099794,3.516166,0.0120,36.5867,63.4013,8.25e-14
859,15,15,6294613.4545,4441.3220,3.151150,0.096392,3.516171,0.0170,59.8942,40.0888,7.75e-14
860,15,15,6295191.5650,4441.3220,3.151190,0.127572,3.516152,0.0178,43.1445,56.8378,6.97e-14
861,15,15,6295287.8636,4441.3220,3.151197,0.095829,3.516163,0.0139,57.2152,42.7709,6.67e-14
862,15,15,6295663.2594,4441.3220,3.151223,0.119094,3.516160,0.0166,19.2378,80.7456,7.29e-14
863,15,15,6296224.2340,4441.3220,3.151261,0.145209,3.516147,0.0209,83.8079,16.1712,5.77e-14
864,15,15,6299000.8696,4441.3220,3.151453,0.057726,3.516179,0.0095,52.5863,47.4043,9.36e-14
865,15,15,6300237.3275,4441.3220,3.151538,0.123375,3.516157,0.0177,47.4571,52.5252,6.67e-14
866,15,15,6306272.2607,4441.3220,3.151954,0.072570,3.516172,0.0109,0.2036,99.7855,7.55e-14
867,15,15,6306740.2870,4441.3220,3.151987,0.138427,3.516150,0.0216,99.6867,0.2917,5.31e-14
868,15,15,6306822.1778,4441.3220,3.151992,0.090676,3.516168,0.0138,97.4390,2.5472,7.46e-14
869,15,15,6307659.8513,4441.3220,3.152050,0.109136,3.516157,0.0162,2.5812,97.4026,7.16e-14
870,15,15,6308529.8776,4441.3220,3.152110,0.091228,3.516172,0.0138,17.4894,82.4968,7.48e-14
871,15,15,6308631.3663,4441.3220,3.152117,0.101113,3.516166,0.0146,82.6512,17.3342,6.29e-14
872,15,15,6310694.6158,4441.3220,3.152259,0.099351,3.516165,0.0154,4.9310,95.0536,7.26e-14
873,15,15,6310778.4995,4441.3220,3.152265,0.093086,3.516167,0.0138,12.7137,87.2725,8.60e-14
874,15,15,6311296.4938,4441.3220,3.152301,0.153417,3.516139,0.0249,86.9056,13.0696,6.73e-14
875,15,15,6311528.3549,4441.3220,3.152317,0.121127,3.516156,0.0174,95.3239,4.6587,5.64e-14
876,15,15,6320534.5568,4441.3220,3.152936,0.101988,3.516161,0.0139,5.4709,94.5152,7.01e-14
877,15,15,6320816.5715,4441.3220,3.152956,0.109539,3.516163,0.0154,93.5687,6.4159,6.38e-14
878,15,15,6321378.9434,4441.3220,3.152994,0.067578,3.516179,0.0085,48.4037,51.5878,8.51e-14
879,15,15,6321697.7937,4441.3220,3.153016,0.105106,3.516167,0.0148,62.8439,37.1413,7.31e-14
880,15,15,6321905.8034,4441.3220,3.153031,0.122296,3.516156,0.0154,84.6022,15.3824,7.34e-14
881,15,15,6322417.4327,4441.3220,3.153066,0.116832,3.516158,0.0151,5.3302,94.6547,7.55e-14
882,15,15,6323531.0486,4441.3220,3.153142,0.071537,3.516174,0.0120,98.6063,1.3817,6.75e-14
883,15,15,6324078.6902,4441.3220,3.153180,0.097195,3.516165,0.0150,1.3080,98.6770,7.59e-14
884,15,15,6324397.6637,4441.3220,3.153202,0.090292,3.516172,0.0131,98.8552,1.1317,6.69e-14
885,15,15,6324999.8012,4441.3220,3.153243,0.107561,3.516164,0.0159,1.3818,98.6023,6.52e-14
886,15,15,6326841.3456,4441.3220,3.153370,0.084733,3.516170,0.0126,91.0592,8.9282,8.22e-14
887,15,15,6327588.1449,4441.3220,3.153421,0.133000,3.516156,0.0221,8.5297,91.4483,6.88e-14
888,15,15,6328341.1040,4441.3220,3.153473,0.082439,3.516173,0.0146,42.9391,57.0462,9.33e-14
889,15,15,6328632.2291,4441.3220,3.153493,0.100066,3.516165,0.0158,56.9957,42.9885,7.17e-14
890,15,15,6329027.7530,4441.3220,3.153520,0.085202,3.516166,0.0121,98.9505,1.0374,6.41e-14
891,15,15,6329363.4205,4441.3220,3.153543,0.086110,3.516169,0.0133,1.0068,98.9798,6.40e-14
892,15,15,6332364.9566,4441.3220,3.153749,0.100798,3.516170,0.0107,93.4769,6.5124,6.67e-14
893,15,15,6333109.4822,4441.3220,3.153800,0.127538,3.516156,0.0195,6.5559,93.4246,5.86e-14
894,15,15,6333610.5466,4441.3220,3.153834,0.058497,3.516183,0.0075,34.2554,65.7371,1.16e-13
895,15,15,6334188.0885,4441.3220,3.153874,0.110000,3.516163,0.0129,65.5799,34.4072,7.37e-14
896,15,15,6334935.1845,4441.3220,3.153925,0.060223,3.516181,0.0093,45.0767,54.9141,9.18e-14
897,15,15,6335374.2623,4441.3220,3.153955,0.091645,3.516169,0.0122,52.3828,47.6050,7.52e-14
898,15,15,6335467.2001,4441.3220,3.153962,0.081943,3.516176,0.0117,3.9798,96.0085,8.00e-14
899,15,15,6336192.9576,4441.3220,3.154012,0.112198,3.516164,0.0193,98.5432,1.4375,7.34e-14
900,15,15,6337581.9562,4441.3220,3.154107,0.078837,3.516176,0.0107,26.0059,73.9834,9.05e-14
901,15,15,6337867.4329,4441.3220,3.154126,0.099011,3.516165,0.0128,74.0864,25.9008,6.22e-14
902,15,15,6341383.2172,4441.3220,3.154367,0.065548,3.516174,0.0112,65.6497,34.3392,7.84e-14
903,15,15,6341705.1075,4441.3220,3.154390,0.100417,3.516166,0.0134,35.5893,64.3973,7.19e-14
904,15,15,6341857.7518,4441.3220,3.154400,0.127724,3.516154,0.0195,79.1986,20.7819,7.21e-14
905,15,15,6342548.1238,4441.3220,3.154447,0.148766,3.516144,0.0242,19.2668,80.7090,6.69e-14
906,15,15,6342869.1161,4441.3220,3.154469,0.077747,3.516174,0.0102,69.8034,30.1863,8.11e-14
907,15,15,6343180.6583,4441.3220,3.154491,0.078816,3.516172,0.0129,30.4742,69.5129,6.20e-14
908,15,15,6348560.2595,4441.3220,3.154859,0.069873,3.516175,0.0138,11.3337,88.6525,7.18e-14
909,15,15,6348903.6849,4441.3220,3.154883,0.064200,3.516178,0.0108,87.6351,12.3541,9.95e-14
910,15,15,6349193.3466,4441.3220,3.154902,0.094308,3.516167,0.0125,86.8188,13.1687,7.56e-14
911,15,15,6349671.5027,4441.3220,3.154935,0.081962,3.516173,0.0127,13.4211,86.5662,8.23e-14
912,15,15,6349878.3014,4441.3220,3.154949,0.104879,3.516163,0.0110,85.9650,14.0240,6.55e-14
913,15,15,6350485.6886,4441.3220,3.154991,0.123666,3.516156,0.0172,14.7774,85.2054,6.86e-14
914,15,15,6353401.3599,4441.3220,3.155190,0.085530,3.516168,0.0106,80.3764,19.6130,9.30e-14
915,15,15,6353576.6031,4441.3220,3.155202,0.099032,3.516163,0.0127,19.5560,80.4312,6.96e-14
916,15,15,6353957.7556,4441.3220,3.155228,0.108694,3.516167,0.0126,86.9753,13.0120,7.07e-14
917,15,15,6354027.3705,4441.3220,3.155233,0.087016,3.516170,0.0132,12.9052,87.0816,6.99e-14
918,15,15,6355213.0994,4441.3220,3.155314,0.102249,3.516165,0.0152,9.9231,90.0618,8.23e-14
919,15,15,6355441.4726,4441.3220,3.155330,0.111415,3.516163,0.0121,89.8483,10.1395,8.84e-14
920,15,15,6356217.0650,4441.3220,3.155383,0.075060,3.516177,0.0110,15.4896,84.4994,7.74e-14
921,15,15,6356558.8026,4441.3220,3.155406,0.078898,3.516175,0.0138,85.1297,14.8565,8.46e-14
922,15,15,6358007.5925,4441.3220,3.155505,0.072066,3.516180,0.0090,83.8358,16.1551,9.36e-14
923,15,15,6358656.9450,4441.3220,3.155550,0.074095,3.516174,0.0092,16.2707,83.7201,1.08e-13
924,15,15,6359216.2652,4441.3220,3.155588,0.095661,3.516165,0.0143,87.5841,12.4015,6.91e-14
925,15,15,6359473.3852,4441.3220,3.155605,0.104774,3.516166,0.0139,13.5108,86.4753,7.91e-14
926,15,15,6359864.1073,4441.3220,3.155632,0.088629,3.516169,0.0131,76.5801,23.4069,7.14e-14
927,15,15,6360355.0905,4441.3220,3.155666,0.093224,3.516165,0.0130,21.9447,78.0423,7.41e-14
928,15,15,6361991.8395,4441.3220,3.155778,0.069989,3.516179,0.0089,34.3111,65.6800,1.00e-13
929,15,15,6362431.5485,4441.3220,3.155808,0.078237,3.516174,0.0103,65.6597,34.3300,1.03e-13
930,15,15,6364852.2353,4441.3220,3.155973,0.118538,3.516161,0.0163,2.5782,97.4055,5.41e-14
931,15,15,6365399.0928,4441.3220,3.156010,0.161964,3.516139,0.0277,97.1099,2.8625,6.91e-14
932,15,15,6365673.5480,4441.3220,3.156029,0.137957,3.516150,0.0209,28.8037,71.1754,5.72e-14
933,15,15,6366354.9695,4441.3220,3.156076,0.108640,3.516156,0.0162,71.4356,28.5482,7.81e-14
934,15,15,6367999.9939,4441.3220,3.156188,0.063319,3.516178,0.0120,97.0214,2.9667,6.71e-14
935,15,15,6368418.8731,4441.3220,3.156216,0.088978,3.516171,0.0129,3.5313,96.4558,7.62e-14
936,15,15,6369060.0678,4441.3220,3.156260,0.075127,3.516172,0.0094,27.7904,72.2002,1.13e-13
937,15,15,6369524.2737,4441.3220,3.156292,0.104448,3.516164,0.0167,71.0269,28.9564,7.45e-14
938,15,15,6370134.7492,4441.3220,3.156333,0.072037,3.516177,0.0090,56.2850,43.7060,9.27e-14
939,15,15,6370919.3080,4441.3220,3.156387,0.075729,3.516176,0.0118,68.3394,31.6488,8.06e-14
940,15,15,6370972.8792,4441.3220,3.156391,0.075485,3.516173,0.0131,51.5997,48.3872,6.83e-14
941,15,15,6371360.8411,4441.3220,3.156417,0.080087,3.516180,0.0123,24.2777,75.7099,7.52e-14
942,15,15,6373315.6747,4441.3220,3.156550,0.071125,3.516173,0.0113,16.5767,83.4120,8.17e-14
943,15,15,6373330.5425,4441.3220,3.156551,0.085895,3.516169,0.0118,83.5420,16.4462,8.27e-14
944,15,15,6374868.9393,4441.3220,3.156656,0.121967,3.516158,0.0173,39.3322,60.6506,6.81e-14
945,15,15,6375781.5782,4441.3220,3.156719,0.069643,3.516178,0.0110,58.5607,41.4283,9.04e-14
946,15,15,6376233.9201,4441.3220,3.156749,0.111222,3.516165,0.0134,43.7619,56.2247,6.13e-14
947,15,15,6376271.2647,4441.3220,3.156752,0.134006,3.516152,0.0238,58.3659,41.6102,6.74e-14
948,15,15,6377887.7162,4441.3220,3.156862,0.081390,3.516178,0.0104,44.2011,55.7885,8.11e-14
949,15,15,6378233.5528,4441.3220,3.156886,0.092432,3.516170,0.0122,55.6698,44.3180,7.00e-14
950,15,15,6380090.0573,4441.3220,3.157012,0.066727,3.516178,0.0098,63.0046,36.9856,8.39e-14
951,15,15,6380496.5476,4441.3220,3.157040,0.092678,3.516162,0.0127,37.0193,62.9679,6.73e-14
952,15,15,6382086.4037,4441.3220,3.157148,0.071733,3.516177,0.0109,25.8965,74.0926,8.48e-14
953,15,15,6382198.0772,4441.3220,3.157156,0.092557,3.516167,0.0109,74.4237,25.5654,9.23e-14
954,15,15,6383353.2221,4441.3220,3.157234,0.078569,3.516175,0.0106,97.3966,2.5928,9.07e-14
955,15,15,6383871.2168,4441.3220,3.157270,0.075299,3.516176,0.0124,2.4771,97.5105,9.19e-14
956,15,15,6384623.1472,4441.3220,3.157321,0.103816,3.516165,0.0128,91.5245,8.4627,8.14e-14
957,15,15,6384878.4499,4441.3220,3.157338,0.100085,3.516168,0.0158,21.0532,78.9310,6.95e-14
958,15,15,6385183.9423,4441.3220,3.157359,0.109387,3.516166,0.0174,26.9109,73.0717,8.19e-14
959,15,15,6385585.2535,4441.3220,3.157386,0.099760,3.516163,0.0127,62.1223,37.8650,7.83e-14
960,15,15,6385819.7770,4441.3220,3.157402,0.109052,3.516164,0.0123,85.2648,14.7229,8.63e-14
961,15,15,6386162.9894,4441.3220,3.157426,0.089651,3.516166,0.0138,56.1005,43.8857,8.22e-14
962,15,15,6386347.0923,4441.3220,3.157438,0.103086,3.516163,0.0153,2.1398,97.8448,7.08e-14
963,15,15,6386687.1997,4441.3220,3.157461,0.101864,3.516162,0.0134,53.9240,46.0626,7.64e-14
964,15,15,6387342.7264,4441.3220,3.157506,0.072677,3.516177,0.0106,11.0011,88.9883,7.17e-14
965,15,15,6387690.3116,4441.3220,3.157530,0.084163,3.516179,0.0129,89.6881,10.2990,7.74e-14
966,15,15,6390754.0597,4441.3220,3.157738,0.081732,3.516175,0.0102,48.5402,51.4496,7.89e-14
967,15,15,6391211.7344,4441.3220,3.157769,0.094849,3.516171,0.0127,51.3942,48.5931,7.62e-14
968,15,15,6394179.5793,4441.3220,3.157971,0.066535,3.516179,0.0086,85.5630,14.4284,9.06e-14
969,15,15,6394286.0043,4441.3220,3.157978,0.079486,3.516175,0.0105,19.9869,80.0026,8.85e-14
970,15,15,6394403.5255,4441.3220,3.157986,0.074843,3.516176,0.0097,76.6401,23.3501,8.01e-14
971,15,15,6395160.2272,4441.3220,3.158037,0.096413,3.516164,0.0138,17.8428,82.1434,7.93e-14
972,15,15,6396350.5158,4441.3220,3.158118,0.059716,3.516177,0.0102,7.1652,92.8246,9.29e-14
973,15,15,6397336.2029,4441.3220,3.158185,0.085546,3.516173,0.0100,95.9602,4.0298,6.79e-14
974,15,15,6397412.1126,4441.3220,3.158190,0.127389,3.516155,0.0212,94.1865,5.7923,7.53e-14
975,15,15,6398068.5763,4441.3220,3.158235,0.064062,3.516177,0.0082,78.2086,21.7833,8.94e-14
976,15,15,6398327.4155,4441.3220,3.158253,0.066293,3.516178,0.0084,64.2951,35.6964,1.02e-13
977,15,15,6398450.9156,4441.3220,3.158261,0.053377,3.516181,0.0078,22.9990,76.9932,8.69e-14
978,15,15,6398565.9686,4441.3220,3.158269,0.076715,3.516174,0.0113,23.8027,76.1860,7.07e-14
979,15,15,6399115.2579,4441.3220,3.158306,0.040702,3.516187,0.0068,79.6248,20.3683,9.80e-14
980,15,15,6399387.5974,4441.3220,3.158325,0.095847,3.516166,0.0139,13.2514,86.7347,6.38e-14
981,15,15,6400140.2835,4441.3220,3.158376,0.117310,3.516159,0.0172,20.1849,79.7979,8.09e-14
982,15,15,6400844.3871,4441.3220,3.158424,0.066018,3.516179,0.0069,75.2561,24.7370,9.65e-14
983,15,15,6401445.8269,4441.3220,3.158464,0.082184,3.516174,0.0112,25.0854,74.9035,8.18e-14
984,15,15,6403734.1070,4441.3220,3.158620,0.078892,3.516178,0.0109,87.4924,12.4967,8.32e-14
985,15,15,6404008.5570,4441.3220,3.158638,0.052493,3.516187,0.0094,12.3965,87.5941,9.39e-14
986,15,15,6404620.5223,4441.3220,3.158680,0.071335,3.516175,0.0087,19.8065,80.1848,9.18e-14
987,15,15,6405123.4147,4441.3220,3.158714,0.079516,3.516174,0.0106,80.1799,19.8094,6.35e-14
988,15,15,6406073.4966,4441.3220,3.158778,0.035801,3.516186,0.0074,95.4787,4.5139,1.08e-13
989,15,15,6406302.2900,4441.3220,3.158794,0.081113,3.516172,0.0104,4.6670,95.3227,1.00e-13
990,15,15,6406705.6358,4441.3220,3.158821,0.080369,3.516172,0.0117,99.0111,0.9772,8.57e-14
991,15,15,6407108.1657,4441.3220,3.158849,0.058353,3.516178,0.0097,84.8983,15.0920,9.72e-14
992,15,15,6407460.3403,4441.3220,3.158873,0.107591,3.516162,0.0167,1.2968,98.6865,8.63e-14
993,15,15,6407581.9455,4441.3220,3.158881,0.078356,3.516173,0.0104,15.2540,84.7356,6.52e-14
994,15,15,6408986.8564,4441.3220,3.158976,0.068627,3.516179,0.0087,92.9698,7.0215,8.50e-14
995,15,15,6409237.6926,4441.3220,3.158993,0.084070,3.516176,0.0124,51.4510,48.5366,7.73e-14
996,15,15,6409495.7245,4441.3220,3.159011,0.112296,3.516159,0.0143,29.8238,70.1619,8.11e-14
997,15,15,6409643.8846,4441.3220,3.159021,0.082929,3.516175,0.0118,25.8192,74.1690,8.10e-14
998,15,15,6410420.6978,4441.3220,3.159073,0.087362,3.516175,0.0112,37.7893,62.1996,8.57e-14
999,15,15,6410539.1222,4441.3220,3.159081,0.077675,3.516170,0.0118,62.3007,37.6874,7.79e-14
1000,15,15,6411231.9805,4441.3220,3.159128,0.059041,3.516176,0.0087,77.0361,22.9553,1.02e-13
1001,15,15,6411381.1069,4441.3220,3.159138,0.064852,3.516179,0.0108,26.9315,73.0576,7.92e-14
1002,15,15,6411637.7352,4441.3220,3.159156,0.067107,3.516175,0.0110,31.5567,68.4323,8.37e-14
1003,15,15,6411721.8319,4441.3220,3.159161,0.094550,3.516170,0.0130,72.0931,27.8939,8.26e-14
1004,15,15,6411927.6179,4441.3220,3.159175,0.062557,3.516188,0.0089,52.0068,47.9844,9.58e-14
1005,15,15,6412196.4809,4441.3220,3.159194,0.097549,3.516166,0.0106,40.1874,59.8020,9.24e-14
1006,15,15,6412703.5530,4441.3220,3.159228,0.051059,3.516180,0.0097,39.4108,60.5795,7.92e-14
1007,15,15,6412772.6812,4441.3220,3.159233,0.074531,3.516177,0.0095,11.2995,88.6910,8.44e-14
1008,15,15,6413307.6279,4441.3220,3.159269,0.070214,3.516177,0.0101,68.0942,31.8956,8.18e-14
1009,15,15,6413493.0454,4441.3220,3.159282,0.097301,3.516166,0.0133,69.1355,30.8512,7.74e-14
1010,15,15,6413581.6951,4441.3220,3.159288,0.116292,3.516163,0.0147,31.8185,68.1668,7.48e-14
1011,15,15,6413756.5213,4441.3220,3.159299,0.102710,3.516164,0.0160,94.6225,5.3614,7.81e-14
1012,15,15,6413926.1255,4441.3220,3.159311,0.069837,3.516174,0.0079,41.8720,58.1201,9.57e-14
1013,15,15,6414203.8852,4441.3220,3.159330,0.084815,3.516172,0.0117,65.2221,34.7662,8.16e-14
1014,15,15,6414344.8925,4441.3220,3.159339,0.073544,3.516179,0.0126,36.7920,63.1954,7.37e-14
1015,15,15,6414589.0818,4441.3220,3.159356,0.117030,3.516155,0.0156,39.8110,60.1734,7.78e-14
1016,15,15,6415169.7660,4441.3220,3.159395,0.067223,3.516177,0.0100,5.8944,94.0956,7.79e-14
1017,15,15,6415462.7667,4441.3220,3.159415,0.102201,3.516165,0.0126,94.2026,5.7847,8.57e-14
1018,15,15,6415626.6732,4441.3220,3.159426,0.073210,3.516178,0.0101,31.2894,68.7006,7.39e-14
1019,15,15,6416394.3907,4441.3220,3.159478,0.112837,3.516160,0.0141,69.0072,30.9787,9.24e-14
1020,15,15,6417171.3029,4441.3220,3.159531,0.053459,3.516181,0.0084,91.5416,8.4501,9.26e-14
1021,15,15,6417387.6967,4441.3220,3.159545,0.074356,3.516174,0.0098,12.8500,87.1403,8.62e-14
1022,15,15,6417702.2022,4441.3220,3.159567,0.077620,3.516173,0.0096,25.0158,74.9746,8.29e-14
1023,15,15,6417785.3227,4441.3220,3.159572,0.080610,3.516173,0.0092,62.9014,37.0894,8.75e-14
1024,15,15,6418458.4819,4441.3220,3.159618,0.070924,3.516176,0.0102,55.7461,44.2436,8.47e-14
1025,15,15,6418986.0329,4441.3220,3.159654,0.068013,3.516174,0.0099,55.0688,44.9213,8.39e-14
1026,15,15,6419140.4845,4441.3220,3.159664,0.089168,3.516170,0.0109,61.5097,38.4794,8.19e-14
1027,15,15,6419561.7061,4441.3220,3.159693,0.061436,3.516184,0.0094,39.6099,60.3806,8.85e-14
1028,15,15,6419710.3145,4441.3220,3.159703,0.067596,3.516172,0.0096,3.6068,96.3836,8.75e-14
1029,15,15,6419922.5878,4441.3220,3.159717,0.079653,3.516176,0.0095,80.3675,19.6230,7.78e-14
1030,15,15,6420004.1816,4441.3220,3.159723,0.116641,3.516153,0.0155,93.5710,6.4135,9.39e-14
1031,15,15,6420260.0805,4441.3220,3.159740,0.077837,3.516175,0.0111,88.1447,11.8442,8.28e-14
1032,15,15,6420310.1899,4441.3220,3.159743,0.074897,3.516173,0.0110,14.8232,85.1658,8.19e-14
1033,15,15,6420679.8369,4441.3220,3.159768,0.091796,3.516171,0.0140,15.9279,84.0581,7.54e-14
1034,15,15,6423084.4431,4441.3220,3.159931,0.089551,3.516168,0.0115,65.7657,34.2228,8.71e-14
1035,15,15,6423450.6988,4441.3220,3.159956,0.110834,3.516160,0.0164,34.0244,65.9592,6.31e-14
1036,15,15,6424774.4029,4441.3220,3.160045,0.064215,3.516174,0.0079,97.0510,2.9411,8.42e-14
1037,15,15,6424985.4911,4441.3220,3.160060,0.068775,3.516175,0.0098,3.7697,96.2206,9.24e-14
1038,15,15,6425377.4603,4441.3220,3.160086,0.072574,3.516178,0.0099,29.0530,70.9371,1.05e-13
1039,15,15,6425955.4971,4441.3220,3.160125,0.074592,3.516178,0.0097,34.6570,65.3333,8.20e-14
1040,15,15,6426240.6859,4441.3220,3.160144,0.129268,3.516154,0.0230,71.4147,28.5623,7.92e-14
1041,15,15,6426427.4974,4441.3220,3.160157,0.084688,3.516173,0.0120,56.0380,43.9500,8.13e-14
1042,15,15,6426545.2087,4441.3220,3.160165,0.087690,3.516174,0.0118,11.1923,88.7959,1.08e-13
1043,15,15,6426643.7735,4441.3220,3.160172,0.046521,3.516183,0.0076,83.0399,16.9525,1.24e-13
1044,15,15,6426947.6540,4441.3220,3.160192,0.066345,3.516175,0.0081,52.5172,47.4747,1.30e-13
1045,15,15,6427020.5982,4441.3220,3.160197,0.064202,3.516177,0.0079,22.5491,77.4430,1.10e-13
1046,15,15,6427464.3918,4441.3220,3.160227,0.064684,3.516179,0.0103,42.8294,57.1603,9.61e-14
1047,15,15,6427672.6705,4441.3220,3.160241,0.101435,3.516172,0.0163,89.1962,10.7875,5.84e-14
1048,15,15,6428194.9232,4441.3220,3.160277,0.086013,3.516174,0.0139,32.3766,67.6095,8.76e-14
1049,15,15,6428326.3872,4441.3220,3.160286,0.116576,3.516162,0.0173,71.9215,28.0612,6.52e-14
1050,15,15,6428614.8634,4441.3220,3.160305,0.106699,3.516160,0.0140,57.6696,42.3164,9.45e-14
1051,15,15,6428707.1713,4441.3220,3.160311,0.119958,3.516164,0.0163,45.9390,54.0447,8.64e-14
1052,15,15,6429218.0460,4441.3220,3.160346,0.068439,3.516178,0.0110,72.5634,27.4256,9.21e-14
1053,15,15,6429423.2837,4441.3220,3.160360,0.065527,3.516180,0.0104,25.3088,74.6809,7.97e-14
1054,15,15,6429720.1773,4441.3220,3.160380,0.058115,3.516181,0.0091,79.8985,20.0924,1.01e-13
1055,15,15,6429789.6259,4441.3220,3.160384,0.053156,3.516185,0.0065,11.5250,88.4685,1.18e-13
1056,15,15,6430186.6027,4441.3220,3.160411,0.080453,3.516174,0.0099,12.1652,87.8249,7.50e-14
1057,15,15,6430929.0608,4441.3220,3.160461,0.076558,3.516171,0.0105,10.1845,89.8051,9.72e-14
1058,15,15,6431164.1957,4441.3220,3.160477,0.131495,3.516150,0.0221,94.2106,5.7674,8.35e-14
1059,15,15,6431405.7444,4441.3220,3.160494,0.067959,3.516172,0.0085,94.7122,5.2793,9.82e-14
1060,15,15,6431638.8396,4441.3220,3.160509,0.106286,3.516164,0.0122,97.1155,2.8723,8.02e-14
1061,15,15,6432220.7980,4441.3220,3.160549,0.064736,3.516183,0.0080,24.2797,75.7123,1.07e-13
1062,15,15,6432563.0360,4441.3220,3.160572,0.069824,3.516175,0.0086,53.4705,46.5209,1.01e-13
1063,15,15,6432761.2266,4441.3220,3.160585,0.092300,3.516168,0.0130,83.1404,16.8466,8.64e-14
1064,15,15,6432824.0848,4441.3220,3.160589,0.094711,3.516168,0.0129,1.5166,98.4706,7.90e-14
1065,15,15,6433205.7187,4441.3220,3.160615,0.075325,3.516179,0.0118,38.0193,61.9689,1.01e-13
1066,15,15,6434026.3388,4441.3220,3.160671,0.087481,3.516170,0.0108,53.1543,46.8349,8.81e-14
1067,15,15,6434081.4267,4441.3220,3.160674,0.075151,3.516178,0.0092,83.0193,16.9714,1.10e-13
1068,15,15,6434152.3109,4441.3220,3.160679,0.068169,3.516179,0.0085,21.8349,78.1565,1.17e-13
1069,15,15,6434264.8638,4441.3220,3.160687,0.074772,3.516175,0.0111,37.8399,62.1491,9.26e-14
1070,15,15,6434709.3862,4441.3220,3.160717,0.072298,3.516172,0.0084,55.8436,44.1480,1.05e-13
1071,15,15,6434930.2056,4441.3220,3.160732,0.076380,3.516172,0.0105,62.9059,37.0837,1.02e-13
1072,15,15,6435230.0651,4441.3220,3.160752,0.069214,3.516175,0.0097,80.8136,19.1767,9.59e-14
1073,15,15,6435380.4341,4441.3220,3.160762,0.059418,3.516182,0.0083,79.4918,20.4999,1.16e-13
1074,15,15,6435653.8195,4441.3220,3.160781,0.062604,3.516183,0.0094,27.1656,72.8250,1.07e-13
1075,15,15,6435896.5490,4441.3220,3.160797,0.165728,3.516131,0.0301,67.5899,32.3800,8.39e-14
1076,15,15,6435930.9812,4441.3220,3.160799,0.061467,3.516183,0.0114,64.2702,35.7183,8.60e-14
1077,15,15,6436142.9638,4441.3220,3.160814,0.066404,3.516179,0.0100,40.0665,59.9235,1.05e-13
1078,15,15,6436271.1885,4441.3220,3.160822,0.104108,3.516165,0.0151,30.8372,69.1477,8.32e-14
1079,15,15,6436483.3311,4441.3220,3.160837,0.084291,3.516170,0.0117,79.7419,20.2465,1.11e-13
1080,15,15,6436587.2694,4441.3220,3.160844,0.094048,3.516165,0.0137,14.1597,85.8265,8.86e-14
1081,15,15,6436792.9163,4441.3220,3.160858,0.065192,3.516179,0.0102,8.9036,91.0862,8.83e-14
1082,15,15,6437073.7564,4441.3220,3.160876,0.066267,3.516177,0.0084,81.5332,18.4584,8.96e-14
1083,15,15,6437563.7807,4441.3220,3.160910,0.053273,3.516183,0.0070,97.6552,2.3378,9.54e-14
1084,15,15,6437636.2818,4441.3220,3.160914,0.091113,3.516171,0.0125,13.0015,86.9861,9.85e-14
1085,15,15,6438056.5927,4441.3220,3.160943,0.068765,3.516175,0.0101,1.9391,98.0508,8.02e-14
1086,15,15,6438322.6050,4441.3220,3.160961,0.067462,3.516173,0.0087,94.5368,5.4545,9.33e-14
1087,15,15,6438740.2155,4441.3220,3.160989,0.064627,3.516179,0.0087,5.5628,94.4285,9.78e-14
1088,15,15,6438921.5582,4441.3220,3.161001,0.075600,3.516173,0.0108,3.1503,96.8389,8.63e-14
1089,15,15,6439235.8251,4441.3220,3.161022,0.065897,3.516177,0.0086,94.7735,5.2179,7.61e-14
1090,15,15,6439321.8080,4441.3220,3.161028,0.066197,3.516178,0.0079,64.3457,35.6464,1.11e-13
1091,15,15,6439806.5546,4441.3220,3.161061,0.095604,3.516161,0.0117,34.8255,65.1627,9.45e-14
1092,15,15,6440113.1011,4441.3220,3.161082,0.074975,3.516178,0.0082,71.0047,28.9871,8.58e-14
1093,15,15,6440437.8871,4441.3220,3.161104,0.056843,3.516181,0.0072,35.4709,64.5219,1.27e-13
1094,15,15,6440615.7914,4441.3220,3.161116,0.063983,3.516178,0.0092,78.3015,21.6893,9.54e-14
1095,15,15,6440902.5470,4441.3220,3.161135,0.106925,3.516170,0.0145,55.1524,44.8331,7.56e-14
1096,15,15,6441071.4570,4441.3220,3.161146,0.089182,3.516172,0.0131,62.9492,37.0377,7.02e-14
1097,15,15,6441412.0796,4441.3220,3.161169,0.058092,3.516181,0.0089,70.0365,29.9547,9.86e-14
1098,15,15,6441458.0646,4441.3220,3.161172,0.074228,3.516177,0.0100,27.8927,72.0972,1.22e-13
1099,15,15,6441602.1597,4441.3220,3.161182,0.066173,3.516183,0.0081,62.5755,37.4164,1.21e-13
1100,15,15,6441734.4376,4441.3220,3.161191,0.058264,3.516180,0.0087,13.5514,86.4399,1.03e-13
1101,15,15,6441838.3085,4441.3220,3.161198,0.076483,3.516179,0.0112,67.9731,32.0157,1.06e-13
1102,15,15,6442096.3164,4441.3220,3.161215,0.073505,3.516173,0.0095,23.8725,76.1180,1.02e-13
1103,15,15,6442229.2654,4441.3220,3.161224,0.102259,3.516163,0.0130,17.1782,82.8088,7.97e-14
1104,15,15,6442303.9298,4441.3220,3.161229,0.056691,3.516184,0.0082,43.0980,56.8939,9.28e-14
1105,15,15,6442519.5702,4441.3220,3.161244,0.092231,3.516169,0.0099,78.5241,21.4660,1.01e-13
1106,15,15,6442787.6760,4441.3220,3.161262,0.073677,3.516177,0.0094,70.8364,29.1542,9.12e-14
1107,15,15,6442910.4569,4441.3220,3.161270,0.066585,3.516181,0.0089,46.6547,53.3364,9.17e-14
1108,15,15,6442948.7222,4441.3220,3.161273,0.048442,3.516183,0.0074,41.3516,58.6410,1.14e-13
1109,15,15,6443111.1258,4441.3220,3.161284,0.063023,3.516180,0.0089,65.7611,34.2300,1.08e-13
1110,15,15,6443399.6306,4441.3220,3.161303,0.078096,3.516173,0.0088,54.7636,45.2276,1.19e-13
1111,15,15,6443511.0912,4441.3220,3.161311,0.069299,3.516176,0.0093,58.6610,41.3297,9.00e-14
1112,15,15,6443648.8459,4441.3220,3.161320,0.065928,3.516182,0.0104,46.1546,53.8349,9.15e-14
1113,15,15,6443812.0336,4441.3220,3.161331,0.067483,3.516176,0.0086,8.5845,91.4070,1.18e-13
1114,15,15,6444312.0552,4441.3220,3.161365,0.059862,3.516188,0.0084,14.2887,85.7030,1.15e-13
1115,15,15,6444475.2872,4441.3220,3.161376,0.064970,3.516177,0.0081,86.8327,13.1592,1.07e-13
1116,15,15,6444631.8451,4441.3220,3.161386,0.062419,3.516178,0.0080,79.7795,20.2125,9.84e-14
1117,15,15,6445009.0282,4441.3220,3.161412,0.067167,3.516181,0.0078,56.6128,43.3795,1.02e-13
1118,15,15,6445227.5402,4441.3220,3.161427,0.044752,3.516189,0.0089,64.0056,35.9855,7.81e-14
1119,15,15,6445539.7737,4441.3220,3.161448,0.056377,3.516177,0.0084,67.1991,32.7925,9.75e-14
1120,15,15,6445657.9182,4441.3220,3.161456,0.068904,3.516179,0.0101,24.7495,75.2405,8.94e-14
1121,15,15,6445714.8550,4441.3220,3.161459,0.072552,3.516173,0.0099,61.5194,38.4706,9.90e-14
1122,15,15,6446007.4386,4441.3220,3.161479,0.067087,3.516179,0.0086,48.1004,51.8910,1.05e-13
1123,15,15,6446518.8374,4441.3220,3.161514,0.072633,3.516173,0.0088,56.3372,43.6540,9.45e-14
1124,15,15,6446596.4413,4441.3220,3.161519,0.077704,3.516171,0.0092,48.2567,51.7341,9.54e-14
1125,15,15,6446703.0863,4441.3220,3.161526,0.063880,3.516180,0.0089,52.1902,47.8008,9.83e-14
1126,15,15,6446765.9707,4441.3220,3.161530,0.061368,3.516183,0.0090,40.5821,59.4089,9.51e-14
1127,15,15,6446868.5083,4441.3220,3.161537,0.073932,3.516178,0.0113,2.3857,97.6030,9.87e-14
1128,15,15,6447487.6267,4441.3220,3.161579,0.061560,3.516178,0.0080,32.1246,67.8674,1.11e-13
1129,15,15,6447606.9491,4441.3220,3.161587,0.077068,3.516172,0.0081,48.4957,51.4962,1.05e-13
1130,15,15,6447769.9444,4441.3220,3.161598,0.052143,3.516186,0.0084,50.3851,49.6065,9.15e-14
1131,15,15,6447786.4526,4441.3220,3.161599,0.041547,3.516192,0.0074,67.7393,32.2533,1.12e-13
1132,15,15,6448243.1113,4441.3220,3.161630,0.060948,3.516180,0.0080,80.8471,19.1449,1.24e-13
1133,15,15,6448267.4147,4441.3220,3.161632,0.064810,3.516181,0.0076,50.8288,49.1636,9.81e-14
1134,15,15,6448431.0392,4441.3220,3.161643,0.074994,3.516172,0.0091,55.0527,44.9382,1.18e-13
1135,15,15,6448692.9923,4441.3220,3.161660,0.060365,3.516181,0.0095,36.4576,63.5329,9.78e-14
1136,15,15,6448966.9982,4441.3220,3.161679,0.077929,3.516175,0.0114,33.4238,66.5648,8.36e-14
1137,15,15,6449057.1123,4441.3220,3.161685,0.075840,3.516175,0.0108,48.6338,51.3555,8.62e-14
1138,15,15,6449193.4268,4441.3220,3.161694,0.088716,3.516167,0.0109,8.2942,91.6949,8.61e-14
1139,15,15,6449366.1885,4441.3220,3.161706,0.062772,3.516186,0.0104,83.2596,16.7300,1.01e-13
1140,15,15,6449750.0938,4441.3220,3.161731,0.065826,3.516176,0.0079,49.1210,50.8711,1.03e-13
1141,15,15,6449875.6207,4441.3220,3.161740,0.044699,3.516185,0.0083,48.3623,51.6294,1.08e-13
1142,15,15,6450154.1870,4441.3220,3.161759,0.078645,3.516175,0.0104,35.4334,64.5563,1.01e-13
1143,15,15,6450501.5179,4441.3220,3.161782,0.054171,3.516182,0.0079,11.2266,88.7655,1.06e-13
1144,15,15,6450556.6921,4441.3220,3.161786,0.064374,3.516185,0.0090,58.8351,41.1559,1.08e-13
1145,15,15,6450614.2255,4441.3220,3.161790,0.059119,3.516178,0.0071,63.7256,36.2673,1.11e-13
1146,15,15,6450669.3727,4441.3220,3.161793,0.076903,3.516173,0.0104,37.6949,62.2947,8.84e-14
1147,15,15,6450961.0735,4441.3220,3.161813,0.046970,3.516189,0.0067,83.9741,16.0192,9.84e-14
1148,15,15,6451199.5654,4441.3220,3.161829,0.096321,3.516167,0.0135,85.8064,14.1801,9.21e-14
1149,15,15,6451223.2888,4441.3220,3.161831,0.071191,3.516176,0.0102,26.6507,73.3391,8.87e-14
1150,15,15,6452295.0424,4441.3220,3.161903,0.065062,3.516180,0.0096,3.0525,96.9380,1.11e-13
1151,15,15,6452544.4554,4441.3220,3.161920,0.079408,3.516168,0.0087,96.9199,3.0714,1.22e-13
1152,15,15,6452837.2938,4441.3220,3.161939,0.063521,3.516179,0.0075,64.8632,35.1293,1.05e-13
1153,15,15,6452914.1117,4441.3220,3.161945,0.069853,3.516176,0.0084,52.9507,47.0408,8.90e-14
1154,15,15,6453055.8471,4441.3220,3.161954,0.063480,3.516180,0.0093,12.3122,87.6785,1.04e-13
1155,15,15,6453310.4762,4441.3220,3.161971,0.047649,3.516184,0.0071,81.3423,18.6506,1.13e-13
1156,15,15,6453437.3899,4441.3220,3.161980,0.057711,3.516181,0.0064,84.4911,15.5025,1.20e-13
1157,15,15,6453715.1210,4441.3220,3.161999,0.050617,3.516180,0.0072,6.1560,93.8368,1.08e-13
1158,15,15,6453900.7464,4441.3220,3.162011,0.054960,3.516181,0.0059,64.5151,35.4790,1.13e-13
1159,15,15,6454065.7489,4441.3220,3.162022,0.067936,3.516175,0.0082,31.8883,68.1036,1.16e-13
1160,15,15,6454194.0568,4441.3220,3.162031,0.058259,3.516179,0.0077,21.4393,78.5530,1.02e-13
1161,15,15,6454219.3969,4441.3220,3.162033,0.061794,3.516183,0.0101,8.7627,91.2272,1.02e-13
1162,15,15,6454328.5001,4441.3220,3.162040,0.062968,3.516180,0.0083,86.7571,13.2346,1.02e-13
1163,15,15,6454460.2982,4441.3220,3.162049,0.065912,3.516180,0.0097,91.0731,8.9172,9.16e-14
1164,15,15,6454672.2445,4441.3220,3.162063,0.062209,3.516179,0.0081,6.3651,93.6267,1.07e-13
1165,15,15,6454836.3448,4441.3220,3.162074,0.059529,3.516183,0.0079,72.8411,27.1510,1.06e-13
1166,15,15,6455012.1923,4441.3220,3.162086,0.057203,3.516179,0.0088,35.1789,64.8123,1.33e-13
1167,15,15,6455034.3948,4441.3220,3.162087,0.062921,3.516185,0.0091,76.1818,23.8091,9.06e-14
1168,15,15,6455294.5668,4441.3220,3.162105,0.053889,3.516184,0.0083,89.2804,10.7114,9.87e-14
1169,15,15,6455340.7468,4441.3220,3.162108,0.036067,3.516187,0.0057,84.4015,15.5928,1.33e-13
1170,15,15,6455406.0252,4441.3220,3.162112,0.062086,3.516183,0.0083,14.8800,85.1117,1.05e-13
1171,15,15,6455799.6158,4441.3220,3.162139,0.043751,3.516186,0.0060,56.3443,43.6497,1.02e-13
1172,15,15,6456012.1988,4441.3220,3.162153,0.043881,3.516185,0.0063,27.4630,72.5307,1.19e-13
1173,15,15,6456096.8461,4441.3220,3.162159,0.071578,3.516174,0.0075,19.0771,80.9154,1.20e-13
1174,15,15,6456189.9059,4441.3220,3.162165,0.066811,3.516178,0.0077,22.5865,77.4058,1.01e-13
1175,15,15,6456365.2026,4441.3220,3.162177,0.053093,3.516184,0.0074,43.9971,55.9955,1.22e-13
1176,15,15,6456559.4427,4441.3220,3.162190,0.059118,3.516184,0.0088,41.3167,58.6745,9.28e-14
1177,15,15,6456627.5858,4441.3220,3.162195,0.048271,3.516186,0.0069,87.5228,12.4703,1.19e-13
1178,15,15,6456697.5708,4441.3220,3.162199,0.083208,3.516178,0.0126,54.5019,45.4855,8.82e-14
1179,15,15,6456910.0424,4441.3220,3.162214,0.069236,3.516180,0.0112,76.1243,23.8645,1.02e-13
1180,15,15,6456949.8114,4441.3220,3.162216,0.069101,3.516177,0.0102,81.7262,18.2636,1.02e-13
1181,15,15,6457167.4558,4441.3220,3.162231,0.045480,3.516183,0.0060,18.9755,81.0186,1.15e-13
1182,15,15,6457328.5252,4441.3220,3.162242,0.066910,3.516177,0.0090,32.4471,67.5439,1.00e-13
1183,15,15,6457383.4459,4441.3220,3.162246,0.038416,3.516189,0.0068,45.8100,54.1832,1.14e-13
1184,15,15,6457611.9228,4441.3220,3.162261,0.071433,3.516179,0.0085,7.7098,92.2817,8.53e-14
1185,15,15,6457817.0456,4441.3220,3.162275,0.073115,3.516179,0.0099,83.3631,16.6269,7.95e-14
1186,15,15,6457981.7956,4441.3220,3.162286,0.064564,3.516176,0.0086,54.8560,45.1354,1.13e-13
1187,15,15,6458049.7240,4441.3220,3.162290,0.062499,3.516175,0.0086,50.4671,49.5243,9.06e-14
1188,15,15,6458217.0714,4441.3220,3.162302,0.059656,3.516177,0.0069,86.5813,13.4118,1.17e-13
1189,15,15,6458232.8865,4441.3220,3.162303,0.057664,3.516181,0.0083,64.3300,35.6618,1.16e-13
1190,15,15,6458407.8976,4441.3220,3.162314,0.081459,3.516172,0.0107,57.4462,42.5431,8.40e-14
1191,15,15,6458538.9468,4441.3220,3.162323,0.057450,3.516184,0.0078,13.0414,86.9509,1.15e-13
1192,15,15,6458634.3684,4441.3220,3.162330,0.059457,3.516182,0.0078,77.2053,22.7869,1.15e-13
1193,15,15,6458869.9203,4441.3220,3.162346,0.068084,3.516180,0.0091,58.6291,41.3618,1.10e-13
1194,15,15,6459065.4266,4441.3220,3.162359,0.076141,3.516173,0.0095,35.1011,64.8893,8.30e-14
1195,15,15,6459193.3317,4441.3220,3.162367,0.068099,3.516178,0.0089,33.5737,66.4173,1.07e-13
1196,15,15,6459230.0877,4441.3220,3.162370,0.063094,3.516179,0.0088,35.1763,64.8149,1.18e-13
1197,15,15,6459464.3506,4441.3220,3.162386,0.086103,3.516170,0.0092,64.8902,35.1006,1.05e-13
1198,15,15,6459536.2148,4441.3220,3.162390,0.073344,3.516174,0.0113,70.1898,29.7989,1.00e-13
1199,15,15,6459646.1936,4441.3220,3.162398,0.117997,3.516159,0.0195,18.8229,81.1576,9.19e-14
1200,15,15,6459766.2116,4441.3220,3.162406,0.073312,3.516172,0.0089,62.6068,37.3843,1.17e-13
1201,15,15,6459961.5863,4441.3220,3.162419,0.049766,3.516184,0.0076,32.4770,67.5154,1.22e-13
1202,15,15,6460030.8361,4441.3220,3.162424,0.046499,3.516184,0.0065,91.8102,8.1833,1.31e-13
1203,15,15,6460106.4900,4441.3220,3.162429,0.067348,3.516177,0.0077,23.3651,76.6272,1.17e-13
1204,15,15,6460252.7563,4441.3220,3.162439,0.041116,3.516186,0.0070,20.7481,79.2449,8.62e-14
1205,15,15,6460380.8868,4441.3220,3.162447,0.039270,3.516190,0.0075,15.5654,84.4272,1.24e-13
1206,15,15,6460442.8736,4441.3220,3.162451,0.061163,3.516178,0.0066,76.7798,23.2135,1.16e-13
1207,15,15,6460519.2643,4441.3220,3.162457,0.057680,3.516181,0.0068,70.6666,29.3266,1.21e-13
1208,15,15,6460672.2433,4441.3220,3.162467,0.058616,3.516179,0.0064,27.7134,72.2802,1.17e-13
1209,15,15,6460811.5830,4441.3220,3.162476,0.052405,3.516184,0.0081,87.9331,12.0588,1.09e-13
1210,15,15,6460934.6107,4441.3220,3.162484,0.059440,3.516184,0.0077,33.6552,66.3371,1.05e-13
1211,15,15,6461048.8439,4441.3220,3.162492,0.060735,3.516180,0.0081,37.2351,62.7567,1.06e-13
1212,15,15,6461120.3122,4441.3220,3.162497,0.047245,3.516190,0.0074,43.2431,56.7496,1.16e-13
1213,15,15,6461230.6861,4441.3220,3.162504,0.067680,3.516173,0.0074,73.8594,26.1332,1.14e-13
1214,15,15,6461466.5360,4441.3220,3.162520,0.073413,3.516172,0.0072,46.8836,53.1092,1.16e-13
1215,15,15,6461546.3129,4441.3220,3.162526,0.061478,3.516174,0.0080,64.6071,35.3849,1.09e-13
1216,15,15,6461713.3037,4441.3220,3.162537,0.042089,3.516190,0.0068,55.1452,44.8480,1.32e-13
1217,15,15,6461787.9011,4441.3220,3.162542,0.056728,3.516183,0.0073,44.0804,55.9122,1.11e-13
1218,15,15,6461849.0420,4441.3220,3.162546,0.068749,3.516178,0.0095,75.3939,24.5966,9.28e-14
1219,15,15,6461982.0742,4441.3220,3.162555,0.058421,3.516180,0.0079,89.6068,10.3853,1.07e-13
1220,15,15,6462081.1897,4441.3220,3.162562,0.083166,3.516170,0.0087,68.0885,31.9028,9.85e-14
1221,15,15,6462105.8515,4441.3220,3.162563,0.062111,3.516182,0.0086,50.4845,49.5069,1.04e-13
1222,15,15,6462317.6821,4441.3220,3.162577,0.069378,3.516179,0.0087,37.2437,62.7476,1.34e-13
1223,15,15,6462380.2735,4441.3220,3.162582,0.059842,3.516180,0.0075,64.4818,35.5108,1.07e-13
1224,15,15,6462459.1176,4441.3220,3.162587,0.170651,3.516129,0.0281,9.3398,90.6321,8.27e-14
1225,15,15,6462529.2955,4441.3220,3.162592,0.077213,3.516177,0.0093,77.2682,22.7225,1.10e-13
1226,15,15,6462626.1458,4441.3220,3.162598,0.071897,3.516181,0.0108,8.1556,91.8336,1.00e-13
1227,15,15,6462795.6557,4441.3220,3.162610,0.056320,3.516178,0.0073,73.5816,26.4111,1.01e-13
1228,15,15,6462879.5666,4441.3220,3.162615,0.068774,3.516176,0.0092,21.0627,78.9282,1.12e-13
1229,15,15,6462947.9596,4441.3220,3.162620,0.035900,3.516190,0.0083,30.0116,69.9801,9.78e-14
1230,15,15,6463150.2148,4441.3220,3.162633,0.048425,3.516182,0.0068,64.7120,35.2812,1.13e-13
1231,15,15,6463265.4897,4441.3220,3.162641,0.063247,3.516181,0.0085,25.0093,74.9822,7.94e-14
1232,15,15,6463549.3338,4441.3220,3.162660,0.073741,3.516171,0.0082,16.8368,83.1550,9.17e-14
1233,15,15,6463586.3960,4441.3220,3.162663,0.064338,3.516176,0.0078,90.7133,9.2789,1.23e-13
1234,15,15,6463687.0361,4441.3220,3.162670,0.077065,3.516168,0.0090,77.3194,22.6716,1.10e-13
1235,15,15,6463901.7178,4441.3220,3.162684,0.054771,3.516182,0.0086,31.7099,68.2815,1.02e-13
1236,15,15,6463922.0358,4441.3220,3.162685,0.065940,3.516180,0.0095,64.3171,35.6734,9.72e-14
1237,15,15,6463955.1650,4441.3220,3.162688,0.086254,3.516170,0.0128,17.3197,82.6676,1.13e-13
1238,15,15,6464036.0832,4441.3220,3.162693,0.049620,3.516187,0.0076,77.1206,22.8718,8.55e-14
1239,15,15,6464143.5362,4441.3220,3.162700,0.076324,3.516172,0.0083,17.6881,82.3035,1.09e-13
1240,15,15,6464262.0264,4441.3220,3.162708,0.060361,3.516177,0.0080,59.5059,40.4861,1.10e-13
1241,15,15,6464372.0697,4441.3220,3.162716,0.078765,3.516175,0.0103,12.2377,87.7519,1.01e-13
1242,15,15,6464519.1270,4441.3220,3.162725,0.057896,3.516181,0.0074,80.2876,19.7050,1.13e-13
1243,15,15,6464609.7728,4441.3220,3.162732,0.067571,3.516179,0.0100,41.7337,58.2564,9.12e-14
1244,15,15,6464769.2332,4441.3220,3.162742,0.069487,3.516177,0.0094,27.6339,72.3567,1.10e-13
1245,15,15,6464811.5085,4441.3220,3.162745,0.054848,3.516179,0.0071,68.5963,31.3966,1.36e-13
1246,15,15,6464948.8104,4441.3220,3.162754,0.052829,3.516178,0.0072,86.6810,13.3118,1.07e-13
1247,15,15,6465012.3960,4441.3220,3.162759,0.064308,3.516176,0.0074,24.2120,75.7806,9.52e-14
1248,15,15,6465134.8903,4441.3220,3.162767,0.055192,3.516183,0.0094,16.6271,83.3635,8.05e-14
1249,15,15,6465227.9995,4441.3220,3.162773,0.044781,3.516187,0.0060,87.0408,12.9532,1.29e-13
1250,15,15,6465320.9323,4441.3220,3.162779,0.041608,3.516188,0.0065,82.7816,17.2118,1.29e-13
1251,15,15,6465397.7965,4441.3220,3.162785,0.068662,3.516174,0.0086,82.8182,17.1732,9.89e-14
1252,15,15,6465488.6255,4441.3220,3.162791,0.059948,3.516179,0.0074,15.9744,84.0182,9.78e-14
1253,15,15,6465573.5240,4441.3220,3.162796,0.061929,3.516181,0.0082,26.3409,73.6509,1.13e-13
1254,15,15,6465620.3880,4441.3220,3.162800,0.062904,3.516178,0.0081,81.6535,18.3384,1.16e-13
1255,15,15,6465765.5225,4441.3220,3.162809,0.071158,3.516176,0.0086,37.7114,62.2800,9.30e-14
1256,15,15,6465865.1068,4441.3220,3.162816,0.072487,3.516180,0.0095,25.3424,74.6481,9.58e-14
1257,15,15,6465911.1191,4441.3220,3.162819,0.069619,3.516180,0.0091,68.6480,31.3429,1.21e-13
1258,15,15,6466009.0867,4441.3220,3.162826,0.062833,3.516182,0.0083,68.5832,31.4084,1.02e-13
1259,15,15,6466012.5044,4441.3220,3.162826,0.044368,3.516188,0.0070,19.5066,80.4864,1.25e-13
1260,15,15,6466162.7916,4441.3220,3.162836,0.050881,3.516184,0.0082,85.7249,14.2669,9.92e-14
1261,15,15,6466269.7194,4441.3220,3.162843,0.071673,3.516177,0.0088,56.6613,43.3299,8.97e-14
1262,15,15,6466421.2382,4441.3220,3.162853,0.067761,3.516176,0.0086,51.8456,48.1459,9.57e-14
1263,15,15,6466439.0890,4441.3220,3.162855,0.071738,3.516178,0.0091,20.3083,79.6826,1.15e-13
1264,15,15,6466619.9995,4441.3220,3.162867,0.064517,3.516179,0.0083,61.2654,38.7263,9.32e-14
1265,15,15,6466649.7229,4441.3220,3.162869,0.073334,3.516177,0.0088,45.1225,54.8686,1.18e-13
1266,15,15,6466759.6483,4441.3220,3.162876,0.053688,3.516182,0.0069,76.0620,23.9311,1.12e-13
1267,15,15,6466946.0303,4441.3220,3.162889,0.053419,3.516187,0.0071,45.2597,54.7332,1.19e-13
1268,15,15,6466990.7785,4441.3220,3.162892,0.055170,3.516184,0.0080,30.4114,69.5806,9.66e-14
1269,15,15,6467074.4161,4441.3220,3.162897,0.051138,3.516181,0.0075,30.6263,69.3663,1.18e-13
1270,15,15,6467147.5293,4441.3220,3.162902,0.059081,3.516181,0.0079,21.3957,78.5964,1.03e-13
1271,15,15,6467213.0337,4441.3220,3.162907,0.041617,3.516193,0.0070,54.2635,45.7295,1.31e-13
1272,15,15,6467325.7143,4441.3220,3.162914,0.066213,3.516180,0.0086,50.7251,49.2663,1.25e-13
1273,15,15,6467381.3616,4441.3220,3.162918,0.075855,3.516174,0.0092,46.1859,53.8049,1.03e-13
1274,15,15,6467450.8882,4441.3220,3.162923,0.069316,3.516175,0.0089,37.8955,62.0956,9.77e-14
1275,15,15,6467525.4183,4441.3220,3.162928,0.073970,3.516172,0.0094,68.1444,31.8463,9.34e-14
1276,15,15,6467582.7430,4441.3220,3.162931,0.075826,3.516172,0.0088,74.9298,25.0613,9.85e-14
1277,15,15,6467605.4059,4441.3220,3.162933,0.076149,3.516171,0.0092,35.4164,64.5744,1.23e-13
1278,15,15,6467891.0691,4441.3220,3.162952,0.061466,3.516179,0.0085,29.2536,70.7379,1.23e-13
1279,15,15,6467934.5078,4441.3220,3.162955,0.069845,3.516177,0.0090,67.0945,32.8965,9.28e-14
1280,15,15,6468013.0810,4441.3220,3.162960,0.066956,3.516177,0.0084,15.5506,84.4410,1.16e-13
1281,15,15,6468128.3559,4441.3220,3.162968,0.064143,3.516179,0.0075,30.8588,69.1336,1.08e-13
1282,15,15,6468274.3802,4441.3220,3.162978,0.053189,3.516183,0.0083,57.9754,42.0163,1.22e-13
1283,15,15,6468293.6822,4441.3220,3.162979,0.062667,3.516178,0.0073,63.6206,36.3721,9.46e-14
1284,15,15,6468355.4451,4441.3220,3.162983,0.074038,3.516175,0.0092,32.9800,67.0109,9.92e-14
1285,15,15,6468381.9878,4441.3220,3.162985,0.073112,3.516175,0.0095,54.7258,45.2647,1.04e-13
1286,15,15,6468413.2311,4441.3220,3.162987,0.060244,3.516183,0.0072,53.2381,46.7547,1.43e-13
1287,15,15,6468530.9964,4441.3220,3.162995,0.048788,3.516186,0.0079,29.7740,70.2181,1.07e-13
1288,15,15,6468648.4172,4441.3220,3.163003,0.083218,3.516169,0.0102,52.8909,47.0989,9.38e-14
1289,15,15,6468709.9039,4441.3220,3.163007,0.078958,3.516170,0.0088,41.5493,58.4418,1.01e-13
1290,15,15,6468757.0759,4441.3220,3.163010,0.061951,3.516177,0.0080,47.6311,52.3609,1.07e-13
1291,15,15,6468799.4174,4441.3220,3.163013,0.044609,3.516189,0.0077,64.7471,35.2452,1.05e-13
1292,15,15,6468899.6768,4441.3220,3.163020,0.054073,3.516181,0.0070,59.8328,40.1601,1.20e-13
1293,15,15,6468935.3309,4441.3220,3.163022,0.057077,3.516182,0.0074,33.9762,66.0164,1.28e-13
1294,15,15,6468972.9073,4441.3220,3.163025,0.074533,3.516173,0.0081,70.6582,29.3337,1.10e-13
1295,15,15,6469007.7078,4441.3220,3.163027,0.059972,3.516179,0.0068,72.9165,27.0766,1.11e-13
1296,15,15,6469121.2686,4441.3220,3.163035,0.066258,3.516177,0.0091,58.2486,41.7423,1.26e-13
1297,15,15,6469175.5856,4441.3220,3.163038,0.060921,3.516183,0.0078,33.4837,66.5085,1.08e-13
1298,15,15,6469187.4249,4441.3220,3.163039,0.046951,3.516187,0.0071,34.3174,65.6755,1.27e-13
1299,15,15,6469298.9024,4441.3220,3.163047,0.073265,3.516171,0.0087,62.2495,37.7418,1.22e-13
1300,15,15,6469329.9137,4441.3220,3.163049,0.073858,3.516174,0.0096,53.4863,46.5041,9.21e-14
1301,15,15,6469409.6059,4441.3220,3.163054,0.070053,3.516183,0.0091,64.0162,35.9746,9.09e-14
1302,15,15,6469424.8749,4441.3220,3.163055,0.090345,3.516162,0.0090,70.3985,29.5925,1.13e-13
1303,15,15,6469480.4179,4441.3220,3.163059,0.071366,3.516177,0.0091,41.2657,58.7252,1.05e-13
1304,15,15,6469538.8656,4441.3220,3.163063,0.053441,3.516181,0.0092,40.7930,59.1978,1.24e-13
1305,15,15,6469597.9091,4441.3220,3.163067,0.056388,3.516185,0.0092,48.4909,51.4999,1.09e-13
1306,15,15,6469660.5543,4441.3220,3.163071,0.067157,3.516177,0.0083,27.3898,72.6019,1.05e-13
1307,15,15,6469731.9341,4441.3220,3.163076,0.077706,3.516176,0.0106,21.4300,78.5593,1.21e-13
1308,15,15,6469828.0627,4441.3220,3.163082,0.066295,3.516181,0.0098,48.0080,51.9821,1.09e-13
1309,15,15,6469905.5979,4441.3220,3.163087,0.066166,3.516177,0.0086,49.5195,50.4719,1.05e-13
1310,15,15,6469974.3005,4441.3220,3.163092,0.058627,3.516181,0.0091,60.4851,39.5058,9.13e-14
1311,15,15,6470030.7191,4441.3220,3.163096,0.071741,3.516176,0.0114,50.0326,49.9559,1.05e-13
1312,15,15,6470140.3950,4441.3220,3.163103,0.061628,3.516178,0.0080,50.1460,49.8460,1.05e-13
1313,15,15,6470179.2297,4441.3220,3.163106,0.083747,3.516172,0.0091,50.1507,49.8402,1.08e-13
1314,15,15,6470228.6147,4441.3220,3.163109,0.043679,3.516186,0.0075,34.5756,65.4169,1.43e-13
1315,15,15,6470235.7778,4441.3220,3.163110,0.070742,3.516178,0.0095,66.8154,33.1752,1.03e-13
1316,15,15,6470315.1947,4441.3220,3.163115,0.060410,3.516178,0.0085,73.5201,26.4714,1.08e-13
1317,15,15,6470405.4825,4441.3220,3.163121,0.080290,3.516174,0.0101,42.8390,57.1508,1.23e-13
1318,15,15,6470479.2106,4441.3220,3.163126,0.080382,3.516169,0.0105,38.3394,61.6500,8.32e-14
1319,15,15,6470549.4236,4441.3220,3.163131,0.088158,3.516167,0.0100,69.2549,30.7351,1.04e-13
1320,15,15,6470553.5015,4441.3220,3.163131,0.080027,3.516170,0.0096,49.0486,50.9418,1.05e-13
1321,15,15,6470590.0649,4441.3220,3.163133,0.075156,3.516178,0.0102,45.9051,54.0846,1.10e-13
1322,15,15,6470655.9183,4441.3220,3.163138,0.069808,3.516176,0.0094,72.0541,27.9365,8.15e-14
1323,15,15,6470777.6857,4441.3220,3.163146,0.071183,3.516178,0.0087,55.9692,44.0221,1.16e-13
1324,15,15,6470899.7859,4441.3220,3.163154,0.052755,3.516183,0.0073,58.4734,41.5194,1.14e-13
1325,15,15,6471056.0898,4441.3220,3.163165,0.073201,3.516176,0.0084,68.1344,31.8572,8.46e-14
1326,15,15,6471126.6396,4441.3220,3.163169,0.061656,3.516179,0.0080,56.9346,43.0574,1.09e-13
1327,15,15,6471191.1473,4441.3220,3.163174,0.069931,3.516175,0.0088,50.9215,49.0697,1.07e-13
1328,15,15,6471239.8139,4441.3220,3.163177,0.068049,3.516180,0.0091,44.6007,55.3902,8.91e-14
1329,15,15,6471300.7773,4441.3220,3.163181,0.057816,3.516185,0.0092,29.2758,70.7150,9.44e-14
1330,15,15,6471449.0790,4441.3220,3.163191,0.086821,3.516170,0.0103,27.2943,72.6954,9.27e-14
1331,15,15,6471518.4896,4441.3220,3.163196,0.075970,3.516172,0.0095,52.4382,47.5523,1.14e-13
1332,15,15,6471650.9829,4441.3220,3.163205,0.057908,3.516179,0.0075,22.6275,77.3649,1.17e-13
1333,15,15,6471723.7664,4441.3220,3.163210,0.057295,3.516183,0.0085,35.4787,64.5128,1.08e-13
1334,15,15,6471797.9978,4441.3220,3.163215,0.072107,3.516174,0.0071,18.4170,81.5759,1.15e-13
1335,15,15,6471862.0125,4441.3220,3.163219,0.064797,3.516177,0.0070,53.5298,46.4632,1.07e-13
1336,15,15,6471908.6802,4441.3220,3.163222,0.049896,3.516185,0.0074,68.2290,31.7636,1.24e-13
1337,15,15,6472003.5766,4441.3220,3.163228,0.064033,3.516178,0.0076,72.3836,27.6088,1.13e-13
1338,15,15,6472061.6859,4441.3220,3.163232,0.076222,3.516175,0.0092,40.9508,59.0399,9.40e-14
1339,15,15,6472089.9014,4441.3220,3.163234,0.073096,3.516174,0.0083,43.5807,56.4110,9.50e-14
1340,15,15,6472174.8809,4441.3220,3.163240,0.066845,3.516178,0.0085,42.7888,57.2028,1.06e-13
1341,15,15,6472266.5600,4441.3220,3.163246,0.062581,3.516182,0.0085,63.5459,36.4456,9.77e-14
1342,15,15,6472298.8426,4441.3220,3.163248,0.068395,3.516177,0.0094,82.5611,17.4296,9.31e-14
1343,15,15,6472376.1016,4441.3220,3.163253,0.074682,3.516175,0.0090,60.3428,39.6482,1.17e-13
1344,15,15,6472404.1259,4441.3220,3.163255,0.061454,3.516182,0.0077,75.0266,24.9657,1.18e-13
1345,15,15,6472449.5272,4441.3220,3.163258,0.067871,3.516177,0.0085,65.6809,34.3106,9.08e-14
1346,15,15,6472551.8841,4441.3220,3.163265,0.069719,3.516175,0.0093,53.6128,46.3778,1.01e-13
1347,15,15,6472611.2751,4441.3220,3.163269,0.049676,3.516184,0.0077,75.8804,24.1119,9.71e-14
1348,15,15,6472734.2140,4441.3220,3.163277,0.062114,3.516178,0.0094,76.1276,23.8630,1.05e-13
1349,15,15,6472767.6800,4441.3220,3.163280,0.059850,3.516179,0.0075,25.1698,74.8226,1.15e-13
1350,15,15,6472831.8132,4441.3220,3.163284,0.047270,3.516184,0.0063,24.4579,75.5358,1.13e-13
1351,15,15,6472875.4778,4441.3220,3.163287,0.045510,3.516187,0.0077,34.8494,65.1429,1.19e-13
1352,15,15,6472944.5135,4441.3220,3.163292,0.064204,3.516178,0.0075,74.3752,25.6173,1.16e-13
1353,15,15,6472966.5593,4441.3220,3.163293,0.060175,3.516179,0.0075,57.0544,42.9381,1.06e-13
1354,15,15,6472974.6466,4441.3220,3.163294,0.051564,3.516186,0.0081,31.2419,68.7500,1.17e-13
1355,15,15,6473104.2993,4441.3220,3.163302,0.056355,3.516184,0.0083,25.0274,74.9642,1.17e-13
1356,15,15,6473161.0479,4441.3220,3.163306,0.072832,3.516175,0.0086,64.9123,35.0791,1.00e-13
1357,15,15,6473186.3418,4441.3220,3.163308,0.066104,3.516178,0.0088,54.9524,45.0388,1.09e-13
1358,15,15,6473215.8805,4441.3220,3.163310,0.050853,3.516185,0.0085,50.9204,49.0711,1.11e-13
1359,15,15,6473275.8108,4441.3220,3.163314,0.076210,3.516170,0.0097,53.3450,46.6453,1.02e-13
1360,15,15,6473314.5338,4441.3220,3.163316,0.071115,3.516175,0.0085,56.8934,43.0981,9.73e-14
1361,15,15,6473386.9052,4441.3220,3.163321,0.076062,3.516172,0.0087,40.6419,59.3495,9.96e-14
1362,15,15,6473421.7685,4441.3220,3.163324,0.069617,3.516177,0.0097,38.5137,61.4766,9.65e-14
1363,15,15,6473466.8400,4441.3220,3.163327,0.054209,3.516182,0.0076,32.0668,67.9255,9.51e-14
1364,15,15,6473514.1677,4441.3220,3.163330,0.057008,3.516183,0.0083,50.7462,49.2454,1.10e-13
1365,15,15,6473601.0515,4441.3220,3.163336,0.053797,3.516186,0.0071,39.1502,60.8427,1.05e-13
1366,15,15,6473686.4122,4441.3220,3.163341,0.054688,3.516184,0.0073,43.9951,55.9976,1.05e-13
1367,15,15,6473737.2521,4441.3220,3.163345,0.073671,3.516172,0.0088,70.0146,29.9766,9.67e-14
1368,15,15,6473838.9272,4441.3220,3.163352,0.047782,3.516186,0.0064,56.5793,43.4143,1.24e-13
1369,15,15,6473886.6658,4441.3220,3.163355,0.053022,3.516180,0.0067,68.5037,31.4895,1.17e-13
1370,15,15,6473927.7685,4441.3220,3.163358,0.058651,3.516182,0.0084,47.2766,52.7149,1.10e-13
1371,15,15,6474000.3351,4441.3220,3.163362,0.054931,3.516180,0.0067,41.6195,58.3738,1.12e-13
1372,15,15,6474063.2884,4441.3220,3.163367,0.077640,3.516171,0.0084,39.8764,60.1152,1.03e-13
1373,15,15,6474091.7973,4441.3220,3.163369,0.055561,3.516182,0.0084,52.3886,47.6030,1.05e-13
1374,15,15,6474136.7367,4441.3220,3.163372,0.041930,3.516190,0.0057,30.0001,69.9941,1.24e-13
1375,15,15,6474234.4143,4441.3220,3.163378,0.048781,3.516187,0.0077,40.4155,59.5769,9.90e-14
1376,15,15,6474289.4477,4441.3220,3.163382,0.066699,3.516177,0.0076,47.0071,52.9853,1.24e-13
1377,15,15,6474305.4665,4441.3220,3.163383,0.053121,3.516184,0.0076,55.5279,44.4645,1.09e-13
1378,15,15,6474378.4827,4441.3220,3.163388,0.056889,3.516180,0.0073,40.8195,59.1732,9.75e-14
1379,15,15,6474425.5839,4441.3220,3.163391,0.054700,3.516184,0.0073,35.6532,64.3395,1.25e-13
1380,15,15,6474452.1103,4441.3220,3.163393,0.087704,3.516168,0.0090,45.8116,54.1794,8.52e-14
1381,15,15,6474489.9266,4441.3220,3.163395,0.066197,3.516178,0.0085,58.0199,41.9716,1.14e-13
1382,15,15,6474520.5836,4441.3220,3.163397,0.061581,3.516177,0.0082,43.2024,56.7894,1.13e-13
1383,15,15,6474605.7985,4441.3220,3.163403,0.073573,3.516173,0.0089,42.5604,57.4307,1.20e-13
1384,15,15,6474647.0094,4441.3220,3.163406,0.059779,3.516184,0.0071,66.3616,33.6313,1.09e-13
1385,15,15,6474691.4225,4441.3220,3.163409,0.050675,3.516182,0.0067,49.0981,50.8952,1.10e-13
1386,15,15,6474730.5783,4441.3220,3.163411,0.036591,3.516192,0.0064,69.3908,30.6028,1.36e-13
1387,15,15,6474779.7591,4441.3220,3.163415,0.055770,3.516182,0.0070,52.7590,47.2339,1.14e-13
1388,15,15,6474830.7333,4441.3220,3.163418,0.040885,3.516187,0.0060,57.5653,42.4287,1.31e-13
1389,15,15,6474852.2524,4441.3220,3.163420,0.055805,3.516183,0.0065,71.0849,28.9086,1.22e-13
1390,15,15,6474902.8042,4441.3220,3.163423,0.057483,3.516180,0.0057,41.6252,58.3691,1.24e-13
1391,15,15,6474917.0248,4441.3220,3.163424,0.060442,3.516179,0.0081,40.2441,59.7478,1.15e-13
1392,15,15,6475005.1591,4441.3220,3.163430,0.043714,3.516187,0.0066,31.6649,68.3286,1.28e-13
1393,15,15,6475015.0514,4441.3220,3.163431,0.069255,3.516174,0.0078,37.1444,62.8478,1.07e-13
1394,15,15,6475066.7836,4441.3220,3.163434,0.043544,3.516189,0.0074,30.8278,69.1648,9.86e-14
1395,15,15,6475116.0701,4441.3220,3.163437,0.072380,3.516176,0.0079,46.3040,53.6881,1.07e-13
1396,15,15,6475140.2043,4441.3220,3.163439,0.053150,3.516181,0.0068,54.7530,45.2403,1.34e-13
1397,15,15,6475165.5026,4441.3220,3.163441,0.038074,3.516187,0.0063,56.6368,43.3569,1.30e-13
1398,15,15,6475222.4957,4441.3220,3.163444,0.065981,3.516177,0.0081,63.9508,36.0412,1.07e-13
1399,15,15,6475302.4413,4441.3220,3.163450,0.060160,3.516179,0.0074,27.0089,72.9837,1.31e-13
1400,15,15,6475326.9987,4441.3220,3.163451,0.047758,3.516183,0.0062,62.9719,37.0219,1.21e-13
1401,15,15,6475367.6119,4441.3220,3.163454,0.044988,3.516185,0.0071,46.9821,53.0108,1.06e-13
1402,15,15,6475429.3950,4441.3220,3.163458,0.057221,3.516181,0.0073,62.4867,37.5060,9.35e-14
1403,15,15,6475452.8862,4441.3220,3.163460,0.046895,3.516184,0.0069,32.1143,67.8789,1.22e-13
1404,15,15,6475485.7994,4441.3220,3.163462,0.042406,3.516188,0.0073,44.4688,55.5239,9.51e-14
1405,15,15,6475548.7889,4441.3220,3.163466,0.026299,3.516195,0.0065,66.8818,33.1117,1.18e-13
1406,15,15,6475626.7750,4441.3220,3.163472,0.058386,3.516182,0.0075,56.7789,43.2135,1.19e-13
1407,15,15,6475634.8391,4441.3220,3.163472,0.051196,3.516184,0.0066,34.5958,65.3976,1.12e-13
1408,15,15,6475653.0635,4441.3220,3.163473,0.059837,3.516178,0.0073,69.1295,30.8633,1.11e-13
1409,15,15,6475704.5586,4441.3220,3.163477,0.069641,3.516176,0.0081,68.8664,31.1256,1.01e-13
1410,15,15,6475742.3484,4441.3220,3.163479,0.056321,3.516181,0.0069,43.1102,56.8829,1.16e-13
1411,15,15,6475769.9688,4441.3220,3.163481,0.081705,3.516173,0.0131,22.3854,77.6015,1.13e-13
1412,15,15,6475779.9651,4441.3220,3.163482,0.035425,3.516193,0.0055,38.0173,61.9772,1.45e-13
1413,15,15,6475819.8143,4441.3220,3.163485,0.084938,3.516173,0.0109,25.1308,74.8583,1.05e-13
1414,15,15,6475828.5071,4441.3220,3.163485,0.068846,3.516177,0.0092,50.8440,49.1468,9.48e-14
1415,15,15,6475900.9250,4441.3220,3.163490,0.051136,3.516184,0.0069,23.0611,76.9320,1.00e-13
1416,15,15,6475923.6877,4441.3220,3.163492,0.056969,3.516183,0.0079,26.3537,73.6384,1.16e-13
1417,15,15,6475988.9446,4441.3220,3.163496,0.097277,3.516168,0.0152,79.3068,20.6780,1.07e-13
1418,15,15,6476027.5086,4441.3220,3.163498,0.067522,3.516178,0.0082,57.1624,42.8295,1.04e-13
1419,15,15,6476051.6725,4441.3220,3.163500,0.070435,3.516173,0.0074,49.9996,49.9929,1.13e-13
1420,15,15,6476071.3627,4441.3220,3.163501,0.053032,3.516182,0.0074,53.3416,46.6510,1.06e-13
1421,15,15,6476114.4949,4441.3220,3.163504,0.066384,3.516176,0.0081,48.9452,51.0467,1.13e-13
1422,15,15,6476140.5217,4441.3220,3.163506,0.051088,3.516184,0.0069,40.7934,59.1997,1.29e-13
1423,15,15,6476151.2583,4441.3220,3.163507,0.046067,3.516189,0.0081,50.9835,49.0084,1.16e-13
1424,15,15,6476198.8243,4441.3220,3.163510,0.066937,3.516175,0.0077,44.7469,55.2454,9.94e-14
1425,15,15,6476238.4262,4441.3220,3.163513,0.052019,3.516182,0.0072,53.4925,46.5003,9.41e-14
1426,15,15,6476267.8568,4441.3220,3.163515,0.056742,3.516181,0.0069,62.6830,37.3100,1.40e-13
1427,15,15,6476288.4777,4441.3220,3.163516,0.054969,3.516183,0.0067,63.3424,36.6509,1.12e-13
1428,15,15,6476348.7756,4441.3220,3.163520,0.043304,3.516185,0.0070,63.9123,36.0807,1.09e-13
1429,15,15,6476394.8174,4441.3220,3.163523,0.056058,3.516182,0.0072,44.4050,55.5877,1.04e-13
1430,15,15,6476408.8138,4441.3220,3.163524,0.057637,3.516185,0.0082,56.5677,43.4242,1.22e-13
1431,15,15,6476482.0558,4441.3220,3.163529,0.056049,3.516180,0.0061,49.5258,50.4680,1.52e-13
1432,15,15,6476508.2634,4441.3220,3.163531,0.051086,3.516184,0.0067,66.6053,33.3880,1.19e-13
1433,15,15,6476533.0833,4441.3220,3.163532,0.044284,3.516188,0.0074,63.2162,36.7764,1.17e-13
1434,15,15,6476555.2534,4441.3220,3.163534,0.062309,3.516180,0.0075,77.6404,22.3522,1.13e-13
1435,15,15,6476607.9542,4441.3220,3.163537,0.049545,3.516183,0.0072,59.8423,40.1505,1.13e-13
1436,15,15,6476633.2521,4441.3220,3.163539,0.062193,3.516177,0.0071,67.4714,32.5215,1.12e-13
1437,15,15,6476686.2107,4441.3220,3.163543,0.044633,3.516185,0.0059,48.3161,51.6780,1.53e-13
1438,15,15,6476697.2646,4441.3220,3.163543,0.036756,3.516188,0.0067,76.5171,23.4762,1.25e-13
1439,15,15,6476731.2328,4441.3220,3.163546,0.068274,3.516178,0.0085,74.4149,25.5766,1.11e-13
1440,15,15,6476777.8672,4441.3220,3.163549,0.057548,3.516183,0.0076,46.6319,53.3605,1.04e-13
1441,15,15,6476796.1416,4441.3220,3.163550,0.045560,3.516187,0.0067,58.7507,41.2426,1.10e-13
1442,15,15,6476864.4482,4441.3220,3.163555,0.056053,3.516184,0.0074,56.1739,43.8186,1.11e-13
1443,15,15,6476871.6199,4441.3220,3.163555,0.054210,3.516182,0.0078,58.4578,41.5344,1.01e-13
1444,15,15,6476882.1660,4441.3220,3.163556,0.053514,3.516181,0.0075,54.9897,45.0028,1.32e-13
1445,15,15,6476907.1872,4441.3220,3.163558,0.060874,3.516178,0.0079,56.5645,43.4276,1.14e-13
1446,15,15,6476939.9372,4441.3220,3.163560,0.065376,3.516177,0.0082,49.9876,50.0042,1.11e-13
1447,15,15,6476978.0155,4441.3220,3.163562,0.050153,3.516185,0.0072,53.3533,46.6394,1.17e-13
1448,15,15,6476986.4161,4441.3220,3.163563,0.043052,3.516186,0.0071,62.4421,37.5507,1.23e-13
1449,15,15,6477023.0890,4441.3220,3.163565,0.042227,3.516188,0.0058,53.8058,46.1883,1.34e-13
1450,15,15,6477061.0532,4441.3220,3.163568,0.057041,3.516180,0.0068,53.7068,46.2864,1.53e-13
1451,15,15,6477076.5588,4441.3220,3.163569,0.048980,3.516182,0.0066,60.5793,39.4141,1.04e-13
1452,15,15,6477088.1569,4441.3220,3.163570,0.052058,3.516186,0.0075,67.9859,32.0066,1.30e-13
1453,15,15,6477113.8876,4441.3220,3.163571,0.066529,3.516178,0.0080,45.5854,54.4066,1.26e-13
1454,15,15,6477134.9006,4441.3220,3.163573,0.058912,3.516180,0.0073,69.5708,30.4219,1.27e-13
1455,15,15,6477180.2889,4441.3220,3.163576,0.052571,3.516184,0.0068,54.0065,45.9867,1.05e-13
1456,15,15,6477202.1808,4441.3220,3.163577,0.037770,3.516189,0.0066,56.4002,43.5932,1.19e-13
1457,15,15,6477258.0433,4441.3220,3.163581,0.062103,3.516177,0.0069,44.3708,55.6222,1.10e-13
1458,15,15,6477265.7882,4441.3220,3.163582,0.056982,3.516184,0.0081,51.6738,48.3181,1.06e-13
1459,15,15,6477316.6501,4441.3220,3.163585,0.047707,3.516185,0.0084,30.1843,69.8073,8.97e-14
1460,15,15,6477329.3903,4441.3220,3.163586,0.068341,3.516178,0.0085,46.5700,53.4216,1.22e-13
1461,15,15,6477378.1166,4441.3220,3.163589,0.058455,3.516178,0.0067,41.5049,58.4884,1.15e-13
1462,15,15,6477385.4993,4441.3220,3.163590,0.054037,3.516182,0.0071,57.5728,42.4202,1.28e-13
1463,15,15,6477415.9851,4441.3220,3.163592,0.049618,3.516185,0.0075,42.6374,57.3551,1.10e-13
1464,15,15,6477424.3840,4441.3220,3.163592,0.062493,3.516177,0.0086,42.5705,57.4209,1.08e-13
1465,15,15,6477472.7023,4441.3220,3.163595,0.065096,3.516179,0.0088,31.0880,68.9032,1.29e-13
1466,15,15,6477525.0947,4441.3220,3.163599,0.060436,3.516182,0.0081,36.8689,63.1230,1.07e-13
1467,15,15,6477541.3849,4441.3220,3.163600,0.065038,3.516175,0.0083,37.3438,62.6479,1.07e-13
1468,15,15,6477576.1024,4441.3220,3.163602,0.050759,3.516185,0.0073,35.1865,64.8062,1.06e-13
1469,15,15,6477594.7663,4441.3220,3.163604,0.050927,3.516185,0.0066,34.8450,65.1484,1.24e-13
1470,15,15,6477651.1122,4441.3220,3.163607,0.046494,3.516185,0.0064,46.7994,53.1941,1.14e-13
1471,15,15,6477657.2790,4441.3220,3.163608,0.060863,3.516180,0.0080,21.5303,78.4617,1.18e-13
1472,15,15,6477714.2025,4441.3220,3.163612,0.052743,3.516182,0.0066,36.8400,63.1534,1.32e-13
1473,15,15,6477722.1283,4441.3220,3.163612,0.039912,3.516187,0.0068,55.5897,44.4034,1.35e-13
1474,15,15,6477740.1778,4441.3220,3.163613,0.045205,3.516188,0.0070,54.3568,45.6362,1.08e-13
1475,15,15,6477763.1791,4441.3220,3.163615,0.062865,3.516180,0.0083,44.8603,55.1315,1.20e-13
1476,15,15,6477773.5888,4441.3220,3.163616,0.056417,3.516182,0.0068,60.4773,39.5159,1.22e-13
1477,15,15,6477792.7052,4441.3220,3.163617,0.046814,3.516186,0.0074,60.6385,39.3541,1.10e-13
1478,15,15,6477836.2107,4441.3220,3.163620,0.051854,3.516184,0.0064,55.1402,44.8534,1.11e-13
1479,15,15,6477855.1248,4441.3220,3.163621,0.072425,3.516174,0.0080,35.7711,64.2209,1.29e-13
1480,15,15,6477901.1349,4441.3220,3.163624,0.043655,3.516185,0.0057,60.1494,39.8448,1.17e-13
1481,15,15,6477918.9804,4441.3220,3.163625,0.069322,3.516175,0.0078,38.2449,61.7473,1.18e-13
1482,15,15,6477965.7639,4441.3220,3.163629,0.062511,3.516176,0.0077,45.6236,54.3687,1.00e-13
1483,15,15,6477979.6208,4441.3220,3.163629,0.059267,3.516179,0.0067,56.0606,43.9327,1.44e-13
1484,15,15,6478007.4945,4441.3220,3.163631,0.049843,3.516186,0.0072,58.2959,41.6969,1.27e-13
1485,15,15,6478023.2878,4441.3220,3.163632,0.070670,3.516174,0.0071,50.2108,49.7821,1.18e-13
1486,15,15,6478037.5310,4441.3220,3.163633,0.054938,3.516184,0.0070,59.9198,40.0732,1.06e-13
1487,15,15,6478076.3999,4441.3220,3.163636,0.056012,3.516182,0.0074,52.0795,47.9131,1.13e-13
1488,15,15,6478089.3803,4441.3220,3.163637,0.073780,3.516177,0.0083,48.5450,51.4467,1.17e-13
1489,15,15,6478121.5570,4441.3220,3.163639,0.044172,3.516186,0.0061,59.7443,40.2496,1.12e-13
1490,15,15,6478143.8536,4441.3220,3.163640,0.055960,3.516183,0.0072,39.7600,60.2328,1.20e-13
1491,15,15,6478153.3122,4441.3220,3.163641,0.064103,3.516179,0.0067,70.1174,29.8758,1.36e-13
1492,15,15,6478165.0686,4441.3220,3.163642,0.058341,3.516184,0.0078,57.7377,42.2545,1.24e-13
1493,15,15,6478182.7550,4441.3220,3.163643,0.063702,3.516179,0.0071,50.8131,49.1798,1.44e-13
1494,15,15,6478191.5829,4441.3220,3.163644,0.050938,3.516181,0.0067,59.3089,40.6844,1.26e-13
1495,15,15,6478241.2248,4441.3220,3.163647,0.060295,3.516178,0.0073,40.6166,59.3761,1.11e-13
1496,15,15,6478249.5774,4441.3220,3.163648,0.064229,3.516175,0.0076,39.6446,60.3478,1.27e-13
1497,15,15,6478287.3162,4441.3220,3.163650,0.072242,3.516175,0.0080,51.2356,48.7564,1.25e-13
1498,15,15,6478306.3123,4441.3220,3.163651,0.069385,3.516176,0.0080,59.9171,40.0749,9.81e-14
1499,15,15,6478335.9280,4441.3220,3.163653,0.055111,3.516183,0.0071,45.8709,54.1220,1.28e-13
1500,15,15,6478350.1300,4441.3220,3.163654,0.053132,3.516183,0.0073,35.7096,64.2831,1.16e-13
1501,15,15,6478382.8838,4441.3220,3.163657,0.050191,3.516184,0.0061,48.5553,51.4385,1.04e-13
1502,15,15,6478403.7883,4441.3220,3.163658,0.054688,3.516182,0.0071,49.4741,50.5187,1.20e-13
1503,15,15,6478415.9569,4441.3220,3.163659,0.054805,3.516179,0.0062,46.2598,53.7340,1.25e-13
1504,15,15,6478424.7772,4441.3220,3.163659,0.045313,3.516185,0.0069,31.4551,68.5380,9.94e-14
1505,15,15,6478467.5152,4441.3220,3.163662,0.058922,3.516180,0.0079,51.2837,48.7084,1.12e-13
1506,15,15,6478472.4186,4441.3220,3.163663,0.058677,3.516178,0.0061,51.0246,48.9693,1.40e-13
1507,15,15,6478493.2618,4441.3220,3.163664,0.065660,3.516177,0.0076,25.8188,74.1736,1.36e-13
1508,15,15,6478497.8141,4441.3220,3.163664,0.038295,3.516190,0.0068,54.0424,45.9508,1.17e-13
1509,15,15,6478528.4137,4441.3220,3.163666,0.030048,3.516192,0.0057,59.7781,40.2162,1.38e-13
1510,15,15,6478562.0984,4441.3220,3.163669,0.065046,3.516178,0.0085,57.1629,42.8287,9.57e-14
1511,15,15,6478615.0645,4441.3220,3.163672,0.050728,3.516179,0.0067,37.1924,62.8008,1.21e-13
1512,15,15,6478631.9456,4441.3220,3.163673,0.063302,3.516179,0.0075,54.2409,45.7516,9.64e-14
1513,15,15,6478647.0528,4441.3220,3.163674,0.069472,3.516175,0.0083,36.9671,63.0245,1.29e-13
1514,15,15,6478686.8924,4441.3220,3.163677,0.060376,3.516178,0.0080,40.2251,59.7669,8.66e-14
1515,15,15,6478699.7333,4441.3220,3.163678,0.056074,3.516179,0.0066,48.9444,51.0490,1.23e-13
1516,15,15,6478720.8988,4441.3220,3.163679,0.057972,3.516178,0.0070,45.9761,54.0169,1.26e-13
1517,15,15,6478752.4234,4441.3220,3.163681,0.072223,3.516174,0.0096,38.0830,61.9075,1.10e-13
1518,15,15,6478784.2711,4441.3220,3.163683,0.047476,3.516184,0.0066,36.0315,63.9619,1.18e-13
1519,15,15,6478787.2705,4441.3220,3.163684,0.076005,3.516177,0.0104,31.8916,68.0980,1.26e-13
1520,15,15,6478814.6604,4441.3220,3.163685,0.060927,3.516180,0.0073,47.3470,52.6456,1.13e-13
1521,15,15,6478837.8901,4441.3220,3.163687,0.063446,3.516179,0.0088,49.1299,50.8613,1.04e-13
1522,15,15,6478857.8060,4441.3220,3.163688,0.046430,3.516187,0.0069,63.8956,36.0976,1.25e-13
1523,15,15,6478872.5669,4441.3220,3.163689,0.060979,3.516178,0.0068,46.1568,53.8363,1.25e-13
1524,15,15,6478902.5304,4441.3220,3.163691,0.050757,3.516184,0.0064,52.3772,47.6164,9.89e-14
1525,15,15,6478920.6292,4441.3220,3.163693,0.057957,3.516180,0.0077,39.0348,60.9575,1.08e-13
1526,15,15,6478940.6925,4441.3220,3.163694,0.057682,3.516181,0.0077,45.2745,54.7178,1.10e-13
1527,15,15,6478986.7387,4441.3220,3.163697,0.044139,3.516184,0.0060,43.0106,56.9835,1.20e-13
1528,15,15,6479000.5169,4441.3220,3.163698,0.063111,3.516176,0.0067,55.3969,44.5964,1.19e-13
1529,15,15,6479031.3699,4441.3220,3.163700,0.057224,3.516181,0.0067,46.1802,53.8131,1.28e-13
1530,15,15,6479040.3181,4441.3220,3.163701,0.048278,3.516184,0.0072,59.8308,40.1620,1.10e-13
1531,15,15,6479071.3417,4441.3220,3.163703,0.055243,3.516182,0.0073,55.4524,44.5403,1.03e-13
1532,15,15,6479081.6134,4441.3220,3.163703,0.053343,3.516185,0.0078,52.1626,47.8296,1.42e-13
1533,15,15,6479102.6255,4441.3220,3.163705,0.046932,3.516186,0.0059,50.0676,49.9265,1.19e-13
1534,15,15,6479127.2364,4441.3220,3.163706,0.044808,3.516188,0.0062,49.3506,50.6432,1.08e-13
1535,15,15,6479133.5206,4441.3220,3.163707,0.056088,3.516183,0.0079,48.7051,51.2870,1.27e-13
1536,15,15,6479175.2945,4441.3220,3.163710,0.063544,3.516176,0.0070,36.9530,63.0399,1.31e-13
1537,15,15,6479181.5896,4441.3220,3.163710,0.051611,3.516184,0.0067,70.0543,29.9390,1.09e-13
1538,15,15,6479196.5927,4441.3220,3.163711,0.053760,3.516179,0.0066,50.9592,49.0342,1.50e-13
1539,15,15,6479226.0125,4441.3220,3.163713,0.054692,3.516182,0.0072,44.6599,55.3330,1.21e-13
1540,15,15,6479233.3674,4441.3220,3.163714,0.047788,3.516183,0.0061,26.5690,73.4249,8.45e-14
1541,15,15,6479257.5262,4441.3220,3.163715,0.057315,3.516179,0.0064,41.8933,58.1003,1.28e-13
1542,15,15,6479284.4100,4441.3220,3.163717,0.058560,3.516180,0.0083,33.0694,66.9223,9.22e-14
1543,15,15,6479295.5529,4441.3220,3.163718,0.067768,3.516178,0.0075,33.5153,66.4772,1.36e-13
1544,15,15,6479306.5714,4441.3220,3.163718,0.066510,3.516178,0.0074,41.5091,58.4835,1.20e-13
1545,15,15,6479333.8314,4441.3220,3.163720,0.057462,3.516180,0.0069,59.0174,40.9756,1.36e-13
1546,15,15,6479350.0843,4441.3220,3.163721,0.056413,3.516179,0.0072,48.6198,51.3730,1.17e-13
1547,15,15,6479362.0976,4441.3220,3.163722,0.047364,3.516183,0.0059,57.8459,42.1483,1.42e-13
1548,15,15,6479377.6300,4441.3220,3.163723,0.045603,3.516185,0.0052,55.6105,44.3842,1.03e-13
1549,15,15,6479388.6313,4441.3220,3.163724,0.055786,3.516178,0.0068,46.7874,53.2058,1.17e-13
1550,15,15,6479404.1513,4441.3220,3.163725,0.053939,3.516182,0.0067,38.6396,61.3537,9.78e-14
1551,15,15,6479448.5909,4441.3220,3.163728,0.041715,3.516185,0.0055,59.5345,40.4600,1.34e-13
1552,15,15,6479457.3544,4441.3220,3.163729,0.048245,3.516184,0.0062,61.7542,38.2396,1.09e-13
1553,15,15,6479478.9956,4441.3220,3.163730,0.067494,3.516176,0.0072,58.3034,41.6894,1.22e-13
1554,15,15,6479490.5699,4441.3220,3.163731,0.056500,3.516179,0.0071,57.5058,42.4871,1.30e-13
1555,15,15,6479512.1349,4441.3220,3.163732,0.045970,3.516187,0.0063,47.4589,52.5348,1.09e-13
1556,15,15,6479535.4226,4441.3220,3.163734,0.056592,3.516182,0.0070,57.8059,42.1871,1.06e-13
1557,15,15,6479550.4061,4441.3220,3.163735,0.041521,3.516190,0.0065,50.7159,49.2776,1.24e-13
1558,15,15,6479560.3784,4441.3220,3.163735,0.054984,3.516181,0.0068,49.7734,50.2197,1.13e-13
1559,15,15,6479574.0123,4441.3220,3.163736,0.045569,3.516186,0.0066,48.0640,51.9293,1.26e-13
1560,15,15,6479596.1679,4441.3220,3.163738,0.057160,3.516181,0.0073,39.6537,60.3390,9.70e-14
1561,15,15,6479620.3883,4441.3220,3.163740,0.049979,3.516185,0.0064,53.1970,46.7966,1.28e-13
1562,15,15,6479628.7835,4441.3220,3.163740,0.050534,3.516181,0.0064,43.8883,56.1053,1.18e-13
1563,15,15,6479633.9551,4441.3220,3.163740,0.037851,3.516189,0.0057,51.9884,48.0059,1.54e-13
1564,15,15,6479653.1503,4441.3220,3.163742,0.033426,3.516190,0.0062,36.6906,63.3032,1.02e-13
1565,15,15,6479666.3203,4441.3220,3.163743,0.057166,3.516181,0.0065,48.6426,51.3509,1.30e-13
1566,15,15,6479692.7494,4441.3220,3.163744,0.042770,3.516184,0.0069,41.1096,58.8835,1.31e-13
1567,15,15,6479707.4230,4441.3220,3.163745,0.034967,3.516188,0.0051,40.8119,59.1830,1.09e-13
1568,15,15,6479720.1032,4441.3220,3.163746,0.056116,3.516181,0.0074,50.5885,49.4040,1.21e-13
1569,15,15,6479743.2136,4441.3220,3.163748,0.052404,3.516182,0.0068,41.2373,58.7559,9.26e-14
1570,15,15,6479753.7183,4441.3220,3.163748,0.043083,3.516184,0.0058,44.4126,55.5817,1.30e-13
1571,15,15,6479764.5262,4441.3220,3.163749,0.056483,3.516180,0.0065,40.3949,59.5986,1.25e-13
1572,15,15,6479769.5619,4441.3220,3.163750,0.047767,3.516185,0.0059,35.6847,64.3094,1.43e-13
1573,15,15,6479782.0924,4441.3220,3.163750,0.054646,3.516180,0.0055,39.2820,60.7125,1.10e-13
1574,15,15,6479803.1345,4441.3220,3.163752,0.040267,3.516189,0.0054,50.2906,49.7040,1.19e-13
1575,15,15,6479819.0564,4441.3220,3.163753,0.042473,3.516189,0.0059,44.7707,55.2234,1.24e-13
1576,15,15,6479833.1077,4441.3220,3.163754,0.051855,3.516183,0.0061,51.5100,48.4839,1.36e-13
1577,15,15,6479844.4485,4441.3220,3.163755,0.043320,3.516184,0.0052,55.2581,44.7367,1.23e-13
1578,15,15,6479853.0754,4441.3220,3.163755,0.050703,3.516183,0.0061,45.1123,54.8816,1.50e-13
1579,15,15,6479874.2344,4441.3220,3.163757,0.048532,3.516182,0.0059,44.8180,55.1761,9.26e-14
1580,15,15,6479878.0773,4441.3220,3.163757,0.044215,3.516186,0.0066,53.5590,46.4344,1.42e-13
1581,15,15,6479908.4297,4441.3220,3.163759,0.055444,3.516181,0.0063,49.1078,50.8859,1.26e-13
1582,15,15,6479922.8695,4441.3220,3.163760,0.041873,3.516187,0.0051,48.0355,51.9594,1.24e-13
1583,15,15,6479933.3212,4441.3220,3.163761,0.047747,3.516184,0.0062,58.7472,41.2466,1.37e-13
1584,15,15,6479948.5073,4441.3220,3.163762,0.046070,3.516185,0.0062,49.3353,50.6585,1.38e-13
1585,15,15,6479954.4938,4441.3220,3.163762,0.057350,3.516181,0.0061,47.8226,52.1713,1.26e-13
1586,15,15,6479964.7697,4441.3220,3.163763,0.042432,3.516188,0.0062,52.1894,47.8044,1.42e-13
1587,15,15,6479978.5225,4441.3220,3.163764,0.045134,3.516186,0.0055,47.4553,52.5392,1.18e-13
1588,15,15,6479988.3718,4441.3220,3.163764,0.040162,3.516186,0.0054,37.9583,62.0363,1.44e-13
1589,15,15,6479996.0071,4441.3220,3.163765,0.054966,3.516181,0.0069,43.3757,56.6173,1.18e-13
1590,15,15,6480012.9026,4441.3220,3.163766,0.040837,3.516187,0.0056,38.4767,61.5177,1.30e-13
1591,15,15,6480021.8808,4441.3220,3.163766,0.060001,3.516179,0.0068,47.4611,52.5321,9.51e-14
1592,15,15,6480027.4057,4441.3220,3.163767,0.039771,3.516188,0.0058,56.9644,43.0298,1.43e-13
1593,15,15,6480060.1446,4441.3220,3.163769,0.051466,3.516180,0.0059,40.2506,59.7435,1.12e-13
1594,15,15,6480066.5174,4441.3220,3.163769,0.049541,3.516183,0.0064,57.9303,42.0633,1.32e-13
1595,15,15,6480083.1817,4441.3220,3.163771,0.035721,3.516190,0.0056,50.5643,49.4301,1.36e-13
1596,15,15,6480094.1547,4441.3220,3.163771,0.048382,3.516184,0.0058,44.0299,55.9643,1.14e-13
1597,15,15,6480110.2595,4441.3220,3.163772,0.047403,3.516185,0.0063,46.6764,53.3173,1.14e-13
1598,15,15,6480114.3612,4441.3220,3.163773,0.038384,3.516189,0.0063,46.8375,53.1562,1.29e-13
1599,15,15,6480120.8049,4441.3220,3.163773,0.042961,3.516185,0.0059,46.5369,53.4572,1.66e-13
1600,15,15,6480131.3203,4441.3220,3.163774,0.042620,3.516188,0.0057,56.1382,43.8561,1.26e-13
1601,15,15,6480149.0125,4441.3220,3.163775,0.041664,3.516187,0.0057,50.9567,49.0376,1.03e-13
1602,15,15,6480155.9781,4441.3220,3.163775,0.041352,3.516188,0.0056,50.2433,49.7511,1.48e-13
1603,15,15,6480177.2328,4441.3220,3.163777,0.048985,3.516183,0.0060,43.3414,56.6526,1.55e-13
1604,15,15,6480180.8325,4441.3220,3.163777,0.052305,3.516180,0.0064,50.2172,49.7764,1.06e-13
1605,15,15,6480199.2247,4441.3220,3.163778,0.039725,3.516186,0.0056,58.0387,41.9557,1.37e-13
1606,15,15,6480213.7522,4441.3220,3.163779,0.044413,3.516184,0.0051,59.8896,40.1053,1.39e-13
1607,15,15,6480216.4556,4441.3220,3.163780,0.046464,3.516184,0.0059,51.4718,48.5222,1.24e-13
1608,15,15,6480234.6413,4441.3220,3.163781,0.046742,3.516183,0.0056,41.2074,58.7871,1.22e-13
1609,15,15,6480239.2574,4441.3220,3.163781,0.045767,3.516185,0.0057,48.7439,51.2504,1.35e-13
1610,15,15,6480245.3383,4441.3220,3.163781,0.046968,3.516185,0.0048,43.3100,56.6851,1.33e-13
1611,15,15,6480257.8725,4441.3220,3.163782,0.039761,3.516185,0.0051,55.2709,44.7240,1.38e-13
1612,15,15,6480275.5359,4441.3220,3.163783,0.035528,3.516188,0.0047,45.9681,54.0272,1.42e-13
1613,15,15,6480277.1721,4441.3220,3.163784,0.044268,3.516184,0.0050,54.5335,45.4615,1.72e-13
1614,15,15,6480285.4650,4441.3220,3.163784,0.052125,3.516184,0.0060,50.5233,49.4706,1.39e-13
1615,15,15,6480293.0204,4441.3220,3.163785,0.047629,3.516184,0.0057,41.5720,58.4223,1.47e-13
1616,15,15,6480302.2539,4441.3220,3.163785,0.042007,3.516189,0.0067,61.8099,38.1834,9.71e-14
1617,15,15,6480311.0888,4441.3220,3.163786,0.048237,3.516185,0.0063,45.6444,54.3493,1.24e-13
1618,15,15,6480317.8196,4441.3220,3.163786,0.055607,3.516181,0.0062,60.9321,39.0618,1.10e-13
1619,15,15,6480323.7249,4441.3220,3.163787,0.037355,3.516187,0.0050,46.9186,53.0765,1.40e-13
1620,15,15,6480335.5284,4441.3220,3.163787,0.035564,3.516188,0.0048,44.4061,55.5891,1.59e-13
1621,15,15,6480359.1591,4441.3220,3.163789,0.037651,3.516187,0.0054,41.6837,58.3110,1.26e-13
1622,15,15,6480372.2526,4441.3220,3.163790,0.047663,3.516184,0.0055,43.7320,56.2625,1.29e-13
1623,15,15,6480378.1846,4441.3220,3.163790,0.048245,3.516183,0.0057,55.1072,44.8871,1.29e-13
1624,15,15,6480387.9570,4441.3220,3.163791,0.052660,3.516184,0.0071,47.0394,52.9535,1.62e-13
1625,15,15,6480398.4391,4441.3220,3.163792,0.040738,3.516185,0.0062,50.7371,49.2567,1.03e-13
1626,15,15,6480405.2371,4441.3220,3.163792,0.028077,3.516191,0.0043,35.0359,64.9598,1.48e-13
1627,15,15,6480412.7222,4441.3220,3.163793,0.046998,3.516184,0.0055,61.5355,38.4590,1.54e-13
1628,15,15,6480420.0071,4441.3220,3.163793,0.052078,3.516182,0.0053,48.7399,51.2548,1.34e-13
1629,15,15,6480433.0904,4441.3220,3.163794,0.042741,3.516184,0.0054,48.3327,51.6619,1.38e-13
1630,15,15,6480433.9691,4441.3220,3.163794,0.043092,3.516186,0.0050,44.7984,55.1966,1.45e-13
1631,15,15,6480444.2845,4441.3220,3.163795,0.041826,3.516184,0.0047,46.1331,53.8622,1.37e-13
1632,15,15,6480460.5276,4441.3220,3.163796,0.049713,3.516183,0.0065,52.1635,47.8300,1.14e-13
1633,15,15,6480467.5921,4441.3220,3.163796,0.037906,3.516187,0.0049,53.7499,46.2452,1.55e-13
1634,15,15,6480477.9019,4441.3220,3.163797,0.051849,3.516182,0.0054,49.5422,50.4524,1.37e-13
1635,15,15,6480484.1002,4441.3220,3.163797,0.034683,3.516189,0.0044,52.5057,47.4900,1.64e-13
1636,15,15,6480490.2520,4441.3220,3.163798,0.045006,3.516185,0.0053,52.2314,47.7634,1.52e-13
1637,15,15,6480490.9118,4441.3220,3.163798,0.048226,3.516185,0.0064,44.8764,55.1172,1.21e-13
1638,15,15,6480504.6881,4441.3220,3.163799,0.027481,3.516191,0.0043,46.0788,53.9169,1.74e-13
1639,15,15,6480508.6310,4441.3220,3.163799,0.035952,3.516186,0.0047,55.2783,44.7170,1.27e-13
1640,15,15,6480516.3924,4441.3220,3.163800,0.034746,3.516188,0.0045,50.1850,49.8106,1.68e-13
1641,15,15,6480525.7646,4441.3220,3.163800,0.037139,3.516186,0.0040,46.6997,53.2963,1.42e-13
1642,15,15,6480539.0428,4441.3220,3.163801,0.043624,3.516185,0.0054,53.7783,46.2164,1.45e-13
1643,15,15,6480548.7302,4441.3220,3.163802,0.028571,3.516191,0.0040,47.1860,52.8100,1.26e-13
1644,15,15,6480566.1432,4441.3220,3.163803,0.032975,3.516190,0.0046,54.6717,45.3237,1.33e-13
1645,15,15,6480574.2758,4441.3220,3.163803,0.052441,3.516181,0.0054,46.3866,53.6079,1.42e-13
1646,15,15,6480578.6875,4441.3220,3.163804,0.039977,3.516187,0.0050,41.2232,58.7717,1.28e-13
1647,15,15,6480584.8941,4441.3220,3.163804,0.046707,3.516185,0.0060,40.1713,59.8226,1.29e-13
1648,15,15,6480594.3509,4441.3220,3.163805,0.034635,3.516188,0.0044,49.9927,50.0029,1.77e-13
1649,15,15,6480597.6056,4441.3220,3.163805,0.035428,3.516188,0.0044,48.3290,51.6666,1.40e-13
1650,15,15,6480602.7508,4441.3220,3.163805,0.038130,3.516187,0.0049,46.4578,53.5373,1.53e-13
1651,15,15,6480614.4053,4441.3220,3.163806,0.037458,3.516189,0.0048,49.3216,50.6736,1.66e-13
1652,15,15,6480618.3140,4441.3220,3.163806,0.041967,3.516184,0.0042,51.0843,48.9115,1.39e-13
1653,15,15,6480640.6625,4441.3220,3.163808,0.021482,3.516192,0.0031,60.7782,39.2187,1.50e-13
1654,15,15,6480645.1088,4441.3220,3.163808,0.030731,3.516191,0.0045,48.0989,51.8966,1.45e-13
1655,15,15,6480649.3059,4441.3220,3.163809,0.031346,3.516190,0.0039,54.7780,45.2181,1.63e-13
1656,15,15,6480658.1852,4441.3220,3.163809,0.047823,3.516183,0.0059,59.6230,40.3711,1.46e-13
1657,15,15,6480664.0239,4441.3220,3.163810,0.036067,3.516187,0.0044,49.8612,50.1343,1.68e-13
1658,15,15,6480668.6264,4441.3220,3.163810,0.033117,3.516189,0.0039,48.7409,51.2552,1.50e-13
1659,15,15,6480679.9922,4441.3220,3.163811,0.037334,3.516187,0.0049,48.8088,51.1863,1.33e-13
1660,15,15,6480684.5577,4441.3220,3.163811,0.028350,3.516191,0.0036,50.1197,49.8767,1.84e-13
1661,15,15,6480690.2671,4441.3220,3.163811,0.036132,3.516187,0.0045,55.5654,44.4300,1.40e-13
1662,15,15,6480692.8274,4441.3220,3.163811,0.024120,3.516192,0.0037,51.5355,48.4608,1.95e-13
1663,15,15,6480694.3769,4441.3220,3.163812,0.020707,3.516193,0.0026,45.8139,54.1835,2.08e-13
1664,15,15,6480706.7856,4441.3220,3.163812,0.034269,3.516187,0.0044,55.3319,44.6637,1.68e-13
1665,15,15,6480714.3402,4441.3220,3.163813,0.030033,3.516189,0.0038,54.4910,45.5052,1.52e-13
1666,15,15,6480720.5588,4441.3220,3.163813,0.024772,3.516191,0.0036,55.9069,44.0895,1.69e-13
1667,15,15,6480723.5115,4441.3220,3.163814,0.030866,3.516187,0.0031,39.2219,60.7750,1.90e-13
1668,15,15,6480728.6950,4441.3220,3.163814,0.022447,3.516193,0.0031,52.5202,47.4768,1.88e-13
1669,15,15,6480731.7148,4441.3220,3.163814,0.023784,3.516192,0.0028,47.4744,52.5229,2.07e-13
1670,15,15,6480733.9239,4441.3220,3.163814,0.031701,3.516189,0.0040,55.5974,44.3985,1.80e-13
1671,15,15,6480740.9170,4441.3220,3.163815,0.026186,3.516191,0.0032,61.5641,38.4327,1.90e-13
1672,15,15,6480746.0609,4441.3220,3.163815,0.013073,3.516194,0.0015,53.2208,46.7777,3.35e-13
1673,15,15,6480746.3894,4441.3220,3.163815,0.007731,3.516196,0.0012,50.6265,49.3723,3.20e-13
1674,15,15,6480749.5329,4441.3220,3.163815,0.016023,3.516195,0.0025,60.4425,39.5550,1.95e-13
1675,15,15,6480750.8869,4441.3220,3.163815,0.001956,3.516197,0.0003,66.8849,33.1148,5.43e-13
1676,15,15,6480750.9791,4441.3220,3.163815,0.000584,3.516198,0.0004,38.6867,61.3129,5.44e-13
1677,15,15,6480752.0047,4441.3220,3.163815,0.015408,3.516195,0.0024,46.5859,53.4117,2.28e-13
1678,15,15,6480754.0922,4441.3220,3.163816,0.004682,3.516196,0.0003,35.5945,64.4053,6.74e-13
1679,15,15,6480755.6455,4441.3220,3.163816,0.014862,3.516193,0.0014,56.5901,43.4085,2.58e-13
1680,15,15,6480757.4849,4441.3220,3.163816,0.013531,3.516195,0.0020,51.4995,48.4985,2.93e-13
1681,15,15,6480759.1199,4441.3220,3.163816,0.023894,3.516191,0.0029,51.6296,48.3675,2.05e-13
1682,15,15,6480761.5254,4441.3220,3.163816,0.012871,3.516194,0.0015,47.3429,52.6557,2.59e-13
1683,15,15,6480762.0001,4441.3220,3.163816,0.004512,3.516197,0.0007,49.4356,50.5637,4.98e-13
1684,15,15,6480762.5264,4441.3220,3.163816,0.005791,3.516196,0.0007,42.9674,57.0318,4.86e-13
1685,15,15,6480767.6493,4441.3220,3.163816,0.016174,3.516193,0.0019,48.7666,51.2315,2.71e-13
1686,15,15,6480768.3403,4441.3220,3.163817,0.014482,3.516193,0.0013,71.0133,28.9854,3.07e-13
1687,15,15,6480772.2475,4441.3220,3.163817,0.007663,3.516196,0.0008,39.7760,60.2231,4.14e-13
1688,15,15,6480772.9549,4441.3220,3.163817,0.006903,3.516196,0.0008,49.0671,50.9321,4.40e-13
1689,15,15,6480774.3074,4441.3220,3.163817,0.006872,3.516196,0.0009,60.9051,39.0940,3.28e-13
1690,15,15,6480774.8913,4441.3220,3.163817,0.002585,3.516197,0.0008,51.0742,48.9251,4.40e-13
1691,15,15,6480779.4797,4441.3220,3.163817,0.013707,3.516194,0.0016,48.7539,51.2446,2.64e-13
1692,15,15,6480780.3045,4441.3220,3.163817,0.008323,3.516195,0.0007,53.3535,46.6458,5.00e-13
1693,15,15,6480781.3233,4441.3220,3.163817,0.004926,3.516196,0.0006,77.6281,22.3713,4.24e-13
1694,15,15,6480781.6220,4441.3220,3.163817,0.006320,3.516196,0.0006,29.2992,70.7002,4.47e-13
1695,15,15,6480783.8196,4441.3220,3.163818,0.011954,3.516195,0.0015,33.6172,66.3813,3.22e-13
1696,15,15,6480785.0242,4441.3220,3.163818,0.012518,3.516194,0.0014,51.4747,48.5239,2.46e-13
1697,15,15,6480787.3053,4441.3220,3.163818,0.010415,3.516194,0.0011,37.1388,62.8601,3.69e-13
1698,15,15,6480789.4480,4441.3220,3.163818,0.011464,3.516195,0.0012,56.1706,43.8281,3.37e-13
1699,15,15,6480791.3161,4441.3220,3.163818,0.008602,3.516195,0.0010,67.8784,32.1206,3.05e-13
1700,15,15,6480791.9877,4441.3220,3.163818,0.012756,3.516194,0.0015,35.9427,64.0558,2.89e-13
1701,15,15,6480792.9774,4441.3220,3.163818,0.004542,3.516197,0.0008,35.3130,64.6861,4.41e-13
1702,15,15,6480794.2100,4441.3220,3.163818,0.012556,3.516194,0.0013,42.8467,57.1520,2.98e-13
1703,15,15,6480795.3481,4441.3220,3.163818,0.007936,3.516197,0.0013,47.9866,52.0121,3.45e-13
1704,15,15,6480797.3232,4441.3220,3.163818,0.016983,3.516193,0.0017,49.5695,50.4289,3.27e-13
1705,15,15,6480798.6891,4441.3220,3.163819,0.010380,3.516194,0.0012,39.4101,60.5887,3.32e-13
1706,15,15,6480799.6602,4441.3220,3.163819,0.012510,3.516194,0.0014,46.6501,53.3485,2.54e-13
1707,15,15,6480803.9434,4441.3220,3.163819,0.020084,3.516191,0.0018,49.8195,50.1787,3.35e-13
1708,15,15,6480804.9263,4441.3220,3.163819,0.010907,3.516195,0.0015,54.4540,45.5445,3.17e-13
1709,15,15,6480807.2721,4441.3220,3.163819,0.022354,3.516192,0.0023,41.9555,58.0422,2.56e-13
1710,15,15,6480810.6308,4441.3220,3.163819,0.016287,3.516193,0.0016,58.3426,41.6558,2.33e-13
1711,15,15,6480812.7790,4441.3220,3.163819,0.010226,3.516196,0.0017,59.0615,40.9368,3.68e-13
1712,15,15,6480813.7268,4441.3220,3.163820,0.021248,3.516191,0.0019,46.3514,53.6467,2.49e-13
1713,15,15,6480816.5798,4441.3220,3.163820,0.014732,3.516194,0.0017,44.0111,55.9872,3.00e-13
1714,15,15,6480818.5950,4441.3220,3.163820,0.016451,3.516194,0.0017,46.8210,53.1772,2.76e-13
1715,15,15,6480820.2686,4441.3220,3.163820,0.017706,3.516193,0.0017,42.9408,57.0575,2.95e-13
1716,15,15,6480822.5323,4441.3220,3.163820,0.018890,3.516192,0.0021,47.3554,52.6425,1.94e-13
1717,15,15,6480824.1649,4441.3220,3.163820,0.010377,3.516196,0.0015,50.0422,49.9563,2.84e-13
1718,15,15,6480827.4460,4441.3220,3.163820,0.022079,3.516193,0.0027,47.9772,52.0201,2.07e-13
1719,15,15,6480832.0490,4441.3220,3.163821,0.010931,3.516195,0.0014,77.9308,22.0678,2.95e-13
1720,15,15,6480833.5843,4441.3220,3.163821,0.020037,3.516191,0.0021,52.2274,47.7705,1.94e-13
1721,15,15,6480836.5033,4441.3220,3.163821,0.018608,3.516193,0.0018,23.1379,76.8603,2.47e-13
1722,15,15,6480839.0919,4441.3220,3.163821,0.017734,3.516192,0.0019,55.2296,44.7684,2.56e-13
1723,15,15,6480840.6503,4441.3220,3.163821,0.012380,3.516195,0.0017,34.7658,65.2325,1.83e-13
1724,15,15,6480844.9924,4441.3220,3.163822,0.024324,3.516191,0.0027,65.3092,34.6881,1.94e-13
1725,15,15,6480849.2407,4441.3220,3.163822,0.020527,3.516193,0.0029,60.7299,39.2672,1.98e-13
1726,15,15,6480851.4676,4441.3220,3.163822,0.022715,3.516191,0.0029,52.8127,47.1843,2.19e-13
1727,15,15,6480854.3765,4441.3220,3.163822,0.025942,3.516192,0.0037,48.8340,51.1623,1.47e-13
1728,15,15,6480858.6771,4441.3220,3.163823,0.033019,3.516188,0.0035,49.6125,50.3840,1.85e-13
1729,15,15,6480862.7755,4441.3220,3.163823,0.031187,3.516189,0.0040,58.6349,41.3611,2.09e-13
1730,15,15,6480866.7971,4441.3220,3.163823,0.030259,3.516188,0.0039,47.1150,52.8811,1.74e-13
1731,15,15,6480869.3002,4441.3220,3.163823,0.028527,3.516190,0.0034,47.6416,52.3550,1.95e-13
1732,15,15,6480872.5569,4441.3220,3.163823,0.021152,3.516192,0.0027,52.5540,47.4432,1.55e-13
1733,15,15,6480875.2152,4441.3220,3.163824,0.020830,3.516191,0.0023,53.4237,46.5740,2.05e-13
1734,15,15,6480880.2002,4441.3220,3.163824,0.030648,3.516189,0.0035,56.4122,43.5843,1.54e-13
1735,15,15,6480881.5048,4441.3220,3.163824,0.024276,3.516191,0.0027,45.5306,54.4667,2.22e-13
1736,15,15,6480883.8861,4441.3220,3.163824,0.032113,3.516190,0.0042,48.6506,51.3451,1.43e-13
1737,15,15,6480887.5158,4441.3220,3.163825,0.027809,3.516190,0.0029,46.2328,53.7643,1.99e-13
1738,15,15,6480891.1668,4441.3220,3.163825,0.030460,3.516189,0.0045,47.5059,52.4897,1.70e-13
1739,15,15,6480894.7258,4441.3220,3.163825,0.023446,3.516191,0.0028,75.0421,24.9552,1.49e-13
1740,15,15,6480897.8204,4441.3220,3.163825,0.028952,3.516189,0.0034,65.0897,34.9069,2.01e-13
1741,15,15,6480899.1115,4441.3220,3.163825,0.025429,3.516191,0.0028,30.6115,69.3857,1.41e-13
1742,15,15,6480905.0588,4441.3220,3.163826,0.023082,3.516191,0.0027,64.0879,35.9094,1.69e-13
1743,15,15,6480911.7493,4441.3220,3.163826,0.036672,3.516186,0.0046,46.9844,53.0110,1.51e-13
1744,15,15,6480915.4225,4441.3220,3.163826,0.024838,3.516192,0.0032,26.6040,73.3927,1.30e-13
1745,15,15,6480918.2350,4441.3220,3.163827,0.028159,3.516190,0.0034,59.3022,40.6945,1.80e-13
1746,15,15,6480921.0909,4441.3220,3.163827,0.030490,3.516190,0.0041,49.4589,50.5370,1.74e-13
1747,15,15,6480925.1204,4441.3220,3.163827,0.034833,3.516188,0.0040,66.7732,33.2229,1.26e-13
1748,15,15,6480930.4215,4441.3220,3.163827,0.033536,3.516188,0.0041,48.6038,51.3921,1.41e-13
1749,15,15,6480931.5923,4441.3220,3.163827,0.032566,3.516188,0.0042,54.8556,45.1403,1.64e-13
1750,15,15,6480934.1407,4441.3220,3.163828,0.042081,3.516184,0.0049,53.7047,46.2904,1.32e-13
1751,15,15,6480937.2570,4441.3220,3.163828,0.037806,3.516189,0.0048,49.0943,50.9009,1.17e-13
1752,15,15,6480940.9335,4441.3220,3.163828,0.032305,3.516187,0.0041,47.9411,52.0549,1.40e-13
1753,15,15,6480949.8728,4441.3220,3.163829,0.039781,3.516186,0.0043,43.9374,56.0583,1.30e-13
1754,15,15,6480953.3205,4441.3220,3.163829,0.039227,3.516188,0.0048,46.4180,53.5773,1.14e-13
1755,15,15,6480955.2639,4441.3220,3.163829,0.043659,3.516187,0.0053,48.5263,51.4684,1.30e-13
1756,15,15,6480960.0340,4441.3220,3.163829,0.047292,3.516184,0.0054,53.3045,46.6901,1.44e-13
1757,15,15,6480964.2382,4441.3220,3.163830,0.032032,3.516190,0.0044,53.9173,46.0784,1.31e-13
1758,15,15,6480970.1483,4441.3220,3.163830,0.037403,3.516189,0.0045,43.2714,56.7241,1.18e-13
1759,15,15,6480973.9363,4441.3220,3.163830,0.035075,3.516186,0.0036,36.4702,63.5262,1.38e-13
1760,15,15,6480976.1103,4441.3220,3.163830,0.033441,3.516190,0.0044,60.8005,39.1951,1.47e-13
1761,15,15,6480979.3207,4441.3220,3.163831,0.036441,3.516187,0.0043,52.5458,47.4499,1.54e-13
1762,15,15,6480985.5666,4441.3220,3.163831,0.029808,3.516190,0.0040,56.4754,43.5206,1.16e-13
1763,15,15,6480989.7373,4441.3220,3.163831,0.037192,3.516187,0.0045,42.4826,57.5130,1.49e-13
1764,15,15,6480991.4360,4441.3220,3.163831,0.033580,3.516189,0.0041,45.9462,54.0498,1.49e-13
1765,15,15,6480994.5594,4441.3220,3.163832,0.043388,3.516185,0.0051,52.0563,47.9385,1.22e-13
1766,15,15,6480997.4171,4441.3220,3.163832,0.033548,3.516189,0.0044,53.6408,46.3547,1.36e-13
1767,15,15,6481001.9466,4441.3220,3.163832,0.041752,3.516186,0.0047,42.7289,57.2664,1.42e-13
1768,15,15,6481006.3758,4441.3220,3.163832,0.039507,3.516185,0.0050,47.4509,52.5441,1.35e-13
1769,15,15,6481010.8270,4441.3220,3.163833,0.038158,3.516189,0.0055,49.1976,50.7969,1.15e-13
1770,15,15,6481015.2308,4441.3220,3.163833,0.034618,3.516188,0.0044,49.1338,50.8618,9.95e-14
1771,15,15,6481018.2395,4441.3220,3.163833,0.046828,3.516184,0.0055,52.5087,47.4857,1.25e-13
1772,15,15,6481023.0739,4441.3220,3.163834,0.040088,3.516187,0.0050,46.2558,53.7392,1.06e-13
1773,15,15,6481030.0065,4441.3220,3.163834,0.047982,3.516184,0.0063,50.4794,49.5143,1.07e-13
1774,15,15,6481035.7530,4441.3220,3.163834,0.044570,3.516183,0.0055,59.9902,40.0043,1.11e-13
1775,15,15,6481039.4496,4441.3220,3.163835,0.039277,3.516185,0.0044,46.4486,53.5469,1.46e-13
1776,15,15,6481042.2510,4441.3220,3.163835,0.039525,3.516187,0.0051,38.2755,61.7194,1.14e-13
1777,15,15,6481045.6424,4441.3220,3.163835,0.043541,3.516185,0.0056,47.1121,52.8823,1.30e-13
1778,15,15,6481051.5408,4441.3220,3.163836,0.046557,3.516186,0.0060,58.0149,41.9791,1.14e-13
1779,15,15,6481061.1475,4441.3220,3.163836,0.042046,3.516186,0.0052,47.7209,52.2740,1.06e-13
1780,15,15,6481064.0519,4441.3220,3.163836,0.043042,3.516183,0.0050,59.4578,40.5372,1.48e-13
1781,15,15,6481067.4543,4441.3220,3.163837,0.047303,3.516186,0.0058,38.7956,61.1986,9.32e-14
1782,15,15,6481071.2251,4441.3220,3.163837,0.042720,3.516185,0.0060,62.7903,37.2037,1.30e-13
1783,15,15,6481076.6175,4441.3220,3.163837,0.047426,3.516183,0.0060,58.8349,41.1591,1.22e-13
1784,15,15,6481080.9380,4441.3220,3.163837,0.046231,3.516183,0.0053,64.6421,35.3526,1.00e-13
1785,15,15,6481082.8315,4441.3220,3.163838,0.043500,3.516185,0.0057,46.1663,53.8280,1.20e-13
1786,15,15,6481086.5939,4441.3220,3.163838,0.047347,3.516184,0.0060,40.2860,59.7081,1.20e-13
1787,15,15,6481092.0780,4441.3220,3.163838,0.038925,3.516189,0.0058,60.0867,39.9075,1.08e-13
1788,15,15,6481095.4643,4441.3220,3.163838,0.046404,3.516184,0.0057,38.5282,61.4661,9.54e-14
1789,15,15,6481102.0137,4441.3220,3.163839,0.040907,3.516187,0.0057,51.3266,48.6677,1.19e-13
1790,15,15,6481104.0441,4441.3220,3.163839,0.048980,3.516182,0.0061,49.4605,50.5334,9.98e-14
1791,15,15,6481110.9353,4441.3220,3.163839,0.047021,3.516186,0.0063,36.0389,63.9548,1.20e-13
1792,15,15,6481115.2989,4441.3220,3.163840,0.042536,3.516186,0.0056,51.7923,48.2021,1.16e-13
1793,15,15,6481119.5723,4441.3220,3.163840,0.039248,3.516186,0.0053,63.7357,36.2590,1.31e-13
1794,15,15,6481122.2904,4441.3220,3.163840,0.047351,3.516183,0.0058,51.7303,48.2639,1.09e-13
1795,15,15,6481127.9624,4441.3220,3.163841,0.040029,3.516185,0.0050,44.6867,55.3084,1.01e-13
1796,15,15,6481132.0002,4441.3220,3.163841,0.049857,3.516183,0.0061,44.3593,55.6346,9.87e-14
1797,15,15,6481145.0934,4441.3220,3.163842,0.047211,3.516184,0.0061,56.8774,43.1165,1.08e-13
1798,15,15,6481149.5726,4441.3220,3.163842,0.047510,3.516184,0.0058,41.0424,58.9518,8.34e-14
1799,15,15,6481157.0576,4441.3220,3.163843,0.049857,3.516185,0.0067,52.2768,47.7164,9.91e-14
1800,15,15,6481162.2548,4441.3220,3.163843,0.045886,3.516186,0.0058,64.0891,35.9051,1.14e-13
1801,15,15,6481163.8624,4441.3220,3.163843,0.059065,3.516179,0.0068,59.3228,40.6704,1.09e-13
1802,15,15,6481168.1372,4441.3220,3.163843,0.051578,3.516183,0.0063,43.7197,56.2739,1.05e-13
1803,15,15,6481175.5255,4441.3220,3.163844,0.057735,3.516180,0.0068,52.9190,47.0742,1.03e-13
1804,15,15,6481180.0139,4441.3220,3.163844,0.051038,3.516184,0.0069,51.3106,48.6825,7.92e-14
1805,15,15,6481189.5899,4441.3220,3.163845,0.045217,3.516187,0.0063,41.6292,58.3646,1.22e-13
1806,15,15,6481191.7519,4441.3220,3.163845,0.053753,3.516182,0.0068,52.2196,47.7736,9.79e-14
1807,15,15,6481195.7656,4441.3220,3.163845,0.052167,3.516183,0.0067,60.5523,39.4410,9.92e-14
1808,15,15,6481196.9220,4441.3220,3.163845,0.052214,3.516184,0.0069,54.3600,45.6331,1.02e-13
1809,15,15,6481198.4806,4441.3220,3.163845,0.041764,3.516186,0.0061,53.4488,46.5451,1.08e-13
1810,15,15,6481208.2128,4441.3220,3.163846,0.058465,3.516181,0.0072,51.2942,48.6987,9.66e-14
1811,15,15,6481210.2746,4441.3220,3.163846,0.051802,3.516183,0.0063,62.2117,37.7821,9.43e-14
1812,15,15,6481223.9847,4441.3220,3.163847,0.053264,3.516183,0.0066,56.8670,43.1263,8.86e-14
1813,15,15,6481231.0215,4441.3220,3.163848,0.052940,3.516183,0.0071,51.7314,48.2615,1.05e-13
1814,15,15,6481232.8611,4441.3220,3.163848,0.052438,3.516183,0.0074,58.2292,41.7634,9.01e-14
1815,15,15,6481235.7684,4441.3220,3.163848,0.049398,3.516184,0.0065,51.3793,48.6142,9.63e-14
1816,15,15,6481239.6119,4441.3220,3.163848,0.055263,3.516181,0.0073,60.4449,39.5478,1.04e-13
1817,15,15,6481240.0137,4441.3220,3.163848,0.053052,3.516184,0.0066,52.3841,47.6093,1.01e-13
1818,15,15,6481248.6547,4441.3220,3.163849,0.061907,3.516180,0.0077,54.8398,45.1525,9.49e-14
1819,15,15,6481255.1870,4441.3220,3.163849,0.062562,3.516179,0.0080,58.3629,41.6291,1.02e-13
1820,15,15,6481259.9155,4441.3220,3.163849,0.056096,3.516181,0.0075,57.4695,42.5230,1.01e-13
1821,15,15,6481264.1054,4441.3220,3.163850,0.059087,3.516180,0.0075,54.2214,45.7711,8.92e-14
1822,15,15,6481272.0574,4441.3220,3.163850,0.048830,3.516185,0.0068,54.3100,45.6832,9.38e-14
1823,15,15,6481274.5228,4441.3220,3.163850,0.054362,3.516182,0.0072,52.2540,47.7387,1.24e-13
1824,15,15,6481277.0800,4441.3220,3.163851,0.056581,3.516182,0.0075,46.3213,53.6712,8.67e-14
1825,15,15,6481282.7350,4441.3220,3.163851,0.061337,3.516180,0.0083,50.8276,49.1641,8.59e-14
1826,15,15,6481284.3433,4441.3220,3.163851,0.060014,3.516179,0.0076,57.7828,42.2096,1.07e-13
1827,15,15,6481291.2702,4441.3220,3.163852,0.059422,3.516180,0.0082,56.1339,43.8579,7.82e-14
1828,15,15,6481299.7610,4441.3220,3.163852,0.056239,3.516181,0.0076,53.7730,46.2194,9.00e-14
1829,15,15,6481301.8508,4441.3220,3.163852,0.053222,3.516185,0.0074,55.1445,44.8481,1.04e-13
1830,15,15,6481306.9747,4441.3220,3.163853,0.068198,3.516177,0.0087,52.1037,47.8876,9.21e-14
1831,15,15,6481313.8041,4441.3220,3.163853,0.061568,3.516180,0.0083,48.4567,51.5350,8.69e-14
1832,15,15,6481315.3609,4441.3220,3.163853,0.058281,3.516181,0.0080,60.7885,39.2036,1.08e-13
1833,15,15,6481321.2160,4441.3220,3.163854,0.072338,3.516175,0.0086,55.8822,44.1092,9.00e-14
1834,15,15,6481329.6508,4441.3220,3.163854,0.064748,3.516178,0.0090,45.4390,54.5519,8.26e-14
1835,15,15,6481332.0160,4441.3220,3.163854,0.063096,3.516178,0.0077,42.0013,57.9911,8.64e-14
1836,15,15,6481339.4159,4441.3220,3.163855,0.055540,3.516182,0.0072,43.1661,56.8267,1.05e-13
1837,15,15,6481340.9263,4441.3220,3.163855,0.062157,3.516180,0.0080,54.7048,45.2872,9.23e-14
1838,15,15,6481344.5055,4441.3220,3.163855,0.058591,3.516180,0.0080,52.7451,47.2469,9.16e-14
1839,15,15,6481351.0098,4441.3220,3.163856,0.063051,3.516182,0.0088,60.3385,39.6527,9.12e-14
1840,15,15,6481354.2370,4441.3220,3.163856,0.071259,3.516177,0.0090,57.5696,42.4214,7.55e-14
1841,15,15,6481362.4669,4441.3220,3.163856,0.059212,3.516180,0.0082,52.5665,47.4253,9.66e-14
1842,15,15,6481365.9182,4441.3220,3.163857,0.055230,3.516181,0.0078,49.6140,50.3782,8.26e-14
1843,15,15,6481373.2173,4441.3220,3.163857,0.056736,3.516182,0.0078,50.8774,49.1148,8.80e-14
1844,15,15,6481375.7781,4441.3220,3.163857,0.065379,3.516177,0.0081,54.5409,45.4510,9.15e-14
1845,15,15,6481379.7358,4441.3220,3.163858,0.060758,3.516180,0.0078,55.1999,44.7922,8.50e-14
1846,15,15,6481386.8008,4441.3220,3.163858,0.068973,3.516178,0.0088,58.6427,41.3485,7.49e-14
1847,15,15,6481393.6828,4441.3220,3.163858,0.059644,3.516182,0.0084,56.0531,43.9385,8.62e-14
1848,15,15,6481398.3876,4441.3220,3.163859,0.062304,3.516181,0.0088,47.1556,52.8356,8.40e-14
1849,15,15,6481405.9185,4441.3220,3.163859,0.065190,3.516178,0.0083,55.4321,44.5596,7.97e-14
1850,15,15,6481412.8055,4441.3220,3.163860,0.062930,3.516178,0.0085,50.2619,49.7296,8.53e-14
1851,15,15,6481416.9914,4441.3220,3.163860,0.066383,3.516179,0.0088,50.8306,49.1606,9.64e-14
1852,15,15,6481420.6192,4441.3220,3.163860,0.059802,3.516180,0.0081,55.8136,44.1783,8.35e-14
1853,15,15,6481427.3326,4441.3220,3.163861,0.060531,3.516180,0.0085,45.1057,54.8858,7.72e-14
1854,15,15,6481432.4600,4441.3220,3.163861,0.064771,3.516181,0.0090,67.7247,32.2663,7.81e-14
1855,15,15,6481439.2406,4441.3220,3.163861,0.066603,3.516177,0.0087,48.9380,51.0533,9.05e-14
1856,15,15,6481447.3392,4441.3220,3.163862,0.064251,3.516179,0.0086,35.0836,64.9078,9.46e-14
1857,15,15,6481457.0897,4441.3220,3.163863,0.077784,3.516174,0.0097,49.7628,50.2275,7.59e-14
1858,15,15,6481458.7735,4441.3220,3.163863,0.066117,3.516176,0.0085,44.7505,55.2410,9.16e-14
1859,15,15,6481464.3351,4441.3220,3.163863,0.065520,3.516179,0.0090,47.1931,52.7979,8.12e-14
1860,15,15,6481471.7904,4441.3220,3.163864,0.059956,3.516181,0.0085,43.1156,56.8760,8.53e-14
1861,15,15,6481478.6774,4441.3220,3.163864,0.061925,3.516180,0.0092,44.5165,55.4743,7.99e-14
1862,15,15,6481482.4348,4441.3220,3.163864,0.063854,3.516181,0.0091,52.1302,47.8607,8.62e-14
1863,15,15,6481501.5882,4441.3220,3.163866,0.065696,3.516177,0.0090,55.3138,44.6772,5.94e-14
1864,15,15,6481512.5751,4441.3220,3.163866,0.070705,3.516177,0.0097,37.6315,62.3588,7.65e-14
1865,15,15,6481515.0081,4441.3220,3.163867,0.077938,3.516174,0.0099,40.3812,59.6089,8.25e-14
1866,15,15,6481528.7148,4441.3220,3.163867,0.072537,3.516176,0.0096,62.0941,37.8964,6.95e-14
1867,15,15,6481534.0729,4441.3220,3.163868,0.074929,3.516178,0.0098,51.0339,48.9562,8.71e-14
1868,15,15,6481538.9841,4441.3220,3.163868,0.075351,3.516175,0.0098,42.9121,57.0781,8.38e-14
1869,15,15,6481549.6103,4441.3220,3.163869,0.068451,3.516178,0.0096,38.4721,61.5183,7.78e-14
1870,15,15,6481557.7447,4441.3220,3.163869,0.076000,3.516174,0.0112,44.0566,55.9322,7.39e-14
1871,15,15,6481560.6528,4441.3220,3.163870,0.082350,3.516173,0.0111,53.2580,46.7308,8.24e-14
1872,15,15,6481564.4661,4441.3220,3.163870,0.075295,3.516176,0.0107,46.3430,53.6463,7.31e-14
1873,15,15,6481577.4590,4441.3220,3.163871,0.081065,3.516171,0.0104,49.8035,50.1861,8.35e-14
1874,15,15,6481582.1744,4441.3220,3.163871,0.069524,3.516176,0.0093,51.7464,48.2443,7.62e-14
1875,15,15,6481591.1805,4441.3220,3.163872,0.066052,3.516179,0.0100,48.0890,51.9010,7.48e-14
1876,15,15,6481596.5643,4441.3220,3.163872,0.075555,3.516176,0.0107,41.2159,58.7734,7.49e-14
1877,15,15,6481598.3812,4441.3220,3.163872,0.083379,3.516170,0.0109,63.5560,36.4331,7.81e-14
1878,15,15,6481600.3236,4441.3220,3.163872,0.102564,3.516166,0.0147,43.6741,56.3112,7.83e-14
1879,15,15,6481617.0116,4441.3220,3.163873,0.080446,3.516174,0.0109,46.8211,53.1680,6.33e-14
1880,15,15,6481631.1990,4441.3220,3.163874,0.082779,3.516172,0.0117,62.3149,37.6734,7.88e-14
1881,15,15,6481638.2074,4441.3220,3.163875,0.079988,3.516175,0.0109,44.4410,55.5481,8.43e-14
1882,15,15,6481648.9245,4441.3220,3.163876,0.089099,3.516172,0.0128,58.6494,41.3378,6.85e-14
1883,15,15,6481651.2982,4441.3220,3.163876,0.076488,3.516176,0.0116,36.2015,63.7870,8.57e-14
1884,15,15,6481656.0868,4441.3220,3.163876,0.077835,3.516176,0.0120,51.9346,48.0534,7.96e-14
1885,15,15,6481657.7585,4441.3220,3.163876,0.094201,3.516166,0.0129,49.8823,50.1048,7.78e-14
1886,15,15,6481671.6343,4441.3220,3.163877,0.089515,3.516171,0.0130,44.9377,55.0493,7.15e-14
1887,15,15,6481679.0439,4441.3220,3.163878,0.096361,3.516165,0.0125,49.6528,50.3347,7.16e-14
1888,15,15,6481691.0942,4441.3220,3.163878,0.084901,3.516170,0.0116,54.3756,45.6127,7.92e-14
1889,15,15,6481697.9641,4441.3220,3.163879,0.086682,3.516169,0.0116,51.7269,48.2615,7.07e-14
1890,15,15,6481714.2335,4441.3220,3.163880,0.103400,3.516164,0.0155,31.2282,68.7562,7.00e-14
1891,15,15,6481717.6767,4441.3220,3.163880,0.079770,3.516174,0.0119,42.0053,57.9829,7.53e-14
1892,15,15,6481722.4435,4441.3220,3.163880,0.081493,3.516175,0.0125,50.2411,49.7464,7.69e-14
1893,15,15,6481737.3494,4441.3220,3.163881,0.085058,3.516173,0.0121,41.4636,58.5243,7.35e-14
1894,15,15,6481743.4418,4441.3220,3.163882,0.075502,3.516176,0.0106,38.2111,61.7783,7.54e-14
1895,15,15,6481752.6021,4441.3220,3.163883,0.090014,3.516168,0.0117,59.1036,40.8848,8.45e-14
1896,15,15,6481753.7945,4441.3220,3.163883,0.080318,3.516174,0.0115,67.6542,32.3343,7.84e-14
1897,15,15,6481788.3779,4441.3220,3.163885,0.069657,3.516180,0.0094,73.5540,26.4366,6.06e-14
1898,15,15,6481795.2845,4441.3220,3.163885,0.081790,3.516172,0.0118,72.1543,27.8339,6.33e-14
1899,15,15,6481810.7651,4441.3220,3.163886,0.082192,3.516174,0.0120,34.1609,65.8270,7.84e-14
1900,15,15,6481814.8537,4441.3220,3.163887,0.089822,3.516165,0.0116,69.8550,30.1335,7.03e-14
1901,15,15,6481824.4505,4441.3220,3.163887,0.090464,3.516170,0.0119,60.4032,39.5849,6.89e-14
1902,15,15,6481827.7417,4441.3220,3.163888,0.088139,3.516170,0.0114,58.2579,41.7308,6.95e-14
1903,15,15,6481853.0734,4441.3220,3.163889,0.079626,3.516171,0.0103,62.5872,37.4025,7.34e-14
1904,15,15,6481865.7830,4441.3220,3.163890,0.125531,3.516156,0.0200,56.0651,43.9149,6.41e-14
1905,15,15,6481875.3965,4441.3220,3.163891,0.091908,3.516168,0.0134,30.3609,69.6257,7.46e-14
1906,15,15,6481886.4133,4441.3220,3.163891,0.083617,3.516171,0.0108,69.5152,30.4741,7.80e-14
1907,15,15,6481889.1723,4441.3220,3.163892,0.094429,3.516170,0.0131,54.0784,45.9085,7.44e-14
1908,15,15,6481896.1048,4441.3220,3.163892,0.110581,3.516162,0.0163,63.1986,36.7852,5.61e-14
1909,15,15,6481920.8793,4441.3220,3.163894,0.090051,3.516172,0.0138,60.0371,39.9491,5.69e-14
1910,15,15,6481929.0136,4441.3220,3.163894,0.115787,3.516160,0.0174,59.7675,40.2152,5.71e-14
1911,15,15,6481963.6729,4441.3220,3.163897,0.107502,3.516164,0.0166,54.7359,45.2475,6.53e-14
1912,15,15,6481991.7254,4441.3220,3.163899,0.102483,3.516167,0.0164,50.1594,49.8242,6.40e-14
1913,15,15,6482003.4647,4441.3220,3.163899,0.130425,3.516153,0.0203,49.8423,50.1374,5.51e-14
1914,15,15,6482023.0593,4441.3220,3.163901,0.105172,3.516166,0.0157,30.2579,69.7263,6.34e-14
1915,15,15,6482025.4139,4441.3220,3.163901,0.135929,3.516151,0.0210,52.8326,47.1464,6.23e-14
1916,15,15,6482040.3107,4441.3220,3.163902,0.123191,3.516157,0.0192,56.0564,43.9244,5.52e-14
1917,15,15,6482084.0621,4441.3220,3.163905,0.101557,3.516167,0.0164,39.7917,60.1920,5.65e-14
1918,15,15,6482153.5477,4441.3220,3.163909,0.079699,3.516173,0.0105,78.6035,21.3860,8.33e-14
1919,15,15,6482168.2667,4441.3220,3.163910,0.112228,3.516163,0.0174,44.8930,55.0895,6.51e-14
1920,15,15,6482172.7105,4441.3220,3.163911,0.115440,3.516160,0.0185,28.7163,71.2651,6.47e-14
1921,15,15,6482173.8295,4441.3220,3.163911,0.103926,3.516166,0.0148,23.3906,76.5946,6.80e-14
1922,15,15,6482176.9981,4441.3220,3.163911,0.121506,3.516157,0.0176,45.0896,54.8928,6.98e-14
1923,15,15,6482223.6971,4441.3220,3.163914,0.093873,3.516168,0.0127,56.9869,43.0005,6.43e-14
1924,15,15,6482240.2675,4441.3220,3.163915,0.150604,3.516140,0.0241,73.9424,26.0335,4.59e-14
1925,15,15,6482253.5466,4441.3220,3.163916,0.120665,3.516157,0.0202,36.2618,63.7180,5.85e-14
1926,15,15,6482264.8563,4441.3220,3.163917,0.118510,3.516157,0.0167,59.7060,40.2772,6.72e-14
1927,15,15,6482287.7225,4441.3220,3.163918,0.125625,3.516152,0.0175,51.8638,48.1186,6.20e-14
1928,15,15,6482307.3407,4441.3220,3.163920,0.069785,3.516183,0.0119,60.5155,39.4726,7.32e-14
1929,15,15,6482326.5029,4441.3220,3.163921,0.129619,3.516152,0.0197,49.7354,50.2449,5.36e-14
1930,15,15,6482339.3607,4441.3220,3.163922,0.091606,3.516173,0.0143,45.4094,54.5762,6.01e-14
1931,15,15,6482340.4687,4441.3220,3.163922,0.111016,3.516164,0.0175,45.5254,54.4571,7.49e-14
1932,15,15,6482348.0126,4441.3220,3.163922,0.106969,3.516162,0.0165,28.4208,71.5628,5.98e-14
1933,15,15,6482425.0396,4441.3220,3.163928,0.147973,3.516145,0.0226,49.2563,50.7211,6.03e-14
1934,15,15,6482440.8539,4441.3220,3.163929,0.093943,3.516174,0.0153,29.3068,70.6779,7.71e-14
1935,15,15,6482471.9292,4441.3220,3.163931,0.100788,3.516167,0.0149,26.6209,73.3643,6.08e-14
1936,15,15,6482486.2738,4441.3220,3.163932,0.144716,3.516144,0.0231,15.8727,84.1042,5.88e-14
1937,15,15,6482493.4762,4441.3220,3.163932,0.172703,3.516133,0.0301,6.9568,93.0131,5.10e-14
1938,15,15,6482557.1305,4441.3220,3.163936,0.153210,3.516142,0.0253,53.8073,46.1674,5.71e-14
1939,15,15,6482570.5053,4441.3220,3.163937,0.149827,3.516143,0.0236,61.2026,38.7738,5.26e-14
1940,15,15,6482606.9834,4441.3220,3.163940,0.156758,3.516140,0.0270,61.5891,38.3839,5.44e-14
1941,15,15,6482638.5929,4441.3220,3.163942,0.177611,3.516130,0.0330,72.6704,27.2965,4.91e-14
1942,15,15,6482641.6609,4441.3220,3.163942,0.158729,3.516138,0.0269,70.2691,29.7040,5.22e-14
1943,15,15,6482666.6481,4441.3220,3.163944,0.137336,3.516150,0.0205,51.4732,48.5063,5.47e-14
1944,15,15,6482703.8941,4441.3220,3.163946,0.143635,3.516150,0.0237,6.0507,93.9256,4.64e-14
1945,15,15,6482784.7573,4441.3220,3.163952,0.122457,3.516156,0.0173,31.8184,68.1643,6.66e-14
1946,15,15,6482883.6343,4441.3220,3.163958,0.177389,3.516130,0.0323,90.5421,9.4256,5.35e-14
1947,15,15,6482919.6815,4441.3220,3.163961,0.133870,3.516149,0.0202,48.5845,51.3953,5.78e-14
1948,15,15,6482933.2970,4441.3220,3.163962,0.154586,3.516142,0.0273,75.6183,24.3545,4.95e-14
1949,15,15,6482957.1880,4441.3220,3.163963,0.121982,3.516157,0.0175,73.8545,26.1280,5.97e-14
1950,15,15,6483051.5709,4441.3220,3.163970,0.160360,3.516136,0.0266,25.3214,74.6521,4.55e-14
1951,15,15,6483068.0158,4441.3220,3.163971,0.172776,3.516134,0.0301,88.8018,11.1681,4.79e-14
1952,15,15,6483094.4930,4441.3220,3.163972,0.164853,3.516135,0.0281,82.0229,17.9490,4.74e-14
1953,15,15,6483104.0638,4441.3220,3.163973,0.163728,3.516139,0.0280,98.0092,1.9628,4.33e-14
1954,15,15,6483190.2957,4441.3220,3.163979,0.091661,3.516168,0.0121,32.9515,67.0364,7.26e-14
1955,15,15,6483204.0380,4441.3220,3.163980,0.106285,3.516165,0.0169,46.3337,53.6493,7.23e-14
1956,15,15,6483309.7093,4441.3220,3.163987,0.177391,3.516129,0.0306,6.6251,93.3443,5.45e-14
1957,15,15,6483407.6214,4441.3220,3.163993,0.197904,3.516117,0.0367,80.1257,19.8376,4.36e-14
1958,15,15,6483448.3363,4441.3220,3.163996,0.208567,3.516110,0.0404,88.3443,11.6153,4.45e-14
1959,15,15,6483599.9921,4441.3220,3.164006,0.242138,3.516086,0.0529,96.2985,3.6486,3.86e-14
1960,15,15,6483654.1714,4441.3220,3.164010,0.189531,3.516123,0.0339,97.9313,2.0349,4.20e-14
1961,15,15,6483679.1220,4441.3220,3.164012,0.221513,3.516102,0.0446,0.6444,99.3110,4.25e-14
1962,15,15,6483791.6941,4441.3220,3.164019,0.165240,3.516134,0.0287,79.6360,20.3353,5.62e-14
1963,15,15,6483808.4722,4441.3220,3.164020,0.164868,3.516135,0.0278,1.0587,98.9136,4.25e-14
1964,15,15,6483832.2483,4441.3220,3.164022,0.164985,3.516138,0.0285,1.5830,98.3885,4.36e-14
1965,15,15,6484188.2070,4441.3220,3.164046,0.262501,3.516070,0.0585,3.1357,96.8057,5.17e-14
1966,15,15,6484292.9689,4441.3220,3.164053,0.155315,3.516141,0.0263,0.2493,99.7244,4.32e-14
1967,15,15,6485068.8504,4441.3220,3.164105,0.191302,3.516120,0.0378,69.8682,30.0940,4.72e-14
1968,15,15,6485175.4452,4441.3220,3.164112,0.193667,3.516119,0.0384,64.0806,35.8810,5.12e-14
1969,15,15,6485514.2022,4441.3220,3.164135,0.220954,3.516102,0.0463,66.5557,33.3980,4.60e-14
1970,15,15,6485838.0427,4441.3220,3.164156,0.311826,3.516024,0.0823,2.1159,97.8018,3.44e-14
1971,15,15,6487017.6943,4441.3220,3.164235,0.347587,3.515982,0.1000,54.6964,45.2036,2.66e-14
