mode_rank,matched_m,matched_n,Omega_FEM,Omega_exact,log10_Error_Omega,log10_Error_L2_w,log10_Error_L2_phi,log10_Error_L2_Q,W_energy_pct,Phi1_energy_pct,Phi2_energy_pct,relative_residual
1,2,4,210.0293,197.3921,-1.193680,1.801073,1.493427,2.425744,99.9996,0.0002,0.0002,2.91e-07
2,3,4,247.3509,246.7401,-2.606336,1.801657,1.568818,2.350473,99.9993,0.0003,0.0004,2.18e-07
3,1,5,252.9497,256.6097,-1.845790,1.801365,1.564356,2.320472,99.9993,0.0003,0.0004,2.01e-07
4,2,5,276.0708,286.2185,-1.450329,1.800933,1.628337,2.276857,99.9989,0.0006,0.0005,1.82e-07
5,2,5,286.3821,286.2185,-3.242906,1.800831,1.628245,2.306356,99.9989,0.0005,0.0006,1.71e-07
6,2,5,299.7965,286.2185,-1.323862,1.800897,1.652556,2.317468,99.9988,0.0007,0.0005,1.54e-07
7,3,5,331.1389,335.5665,-1.879610,1.801410,1.658373,2.278848,99.9986,0.0008,0.0007,1.25e-07
8,3,5,341.2465,335.5665,-1.771433,1.800994,1.684756,2.248403,99.9984,0.0006,0.0010,1.40e-07
9,1,6,370.5194,365.1754,-1.834631,1.801226,1.693115,2.230042,99.9982,0.0013,0.0006,1.24e-07
10,2,6,383.9656,394.7842,-1.562190,1.800835,1.672799,2.213680,99.9982,0.0009,0.0010,1.16e-07
11,2,6,388.7430,394.7842,-1.815240,1.801035,1.691763,2.209129,99.9980,0.0008,0.0012,9.33e-08
12,4,5,404.6919,404.6538,-4.026336,1.799772,1.679225,2.225248,99.9981,0.0009,0.0010,1.14e-07
13,4,5,412.5221,404.6538,-1.711203,1.800473,1.695030,2.223210,99.9979,0.0009,0.0012,9.65e-08
14,3,6,440.4820,444.1322,-2.085197,1.801036,1.724361,2.148263,99.9974,0.0015,0.0011,8.93e-08
15,3,6,446.7752,444.1322,-2.225413,1.800847,1.718201,2.173077,99.9975,0.0008,0.0017,9.97e-08
16,3,6,454.5052,444.1322,-1.631607,1.801196,1.722744,2.177109,99.9974,0.0012,0.0014,8.99e-08
17,1,7,473.9250,493.4802,-1.402007,1.801397,1.707921,2.139219,99.9973,0.0017,0.0009,7.73e-08
18,1,7,484.5287,493.4802,-1.741371,1.801327,1.722811,2.129499,99.9971,0.0014,0.0015,6.61e-08
19,4,6,503.8620,513.2194,-1.739148,1.801137,1.715835,2.121707,99.9971,0.0012,0.0016,6.44e-08
20,2,7,545.6000,523.0890,-1.366181,1.800986,1.735343,2.148214,99.9968,0.0018,0.0014,4.70e-08
21,3,7,554.8015,572.4371,-1.511339,1.801136,1.736146,2.060884,99.9965,0.0014,0.0022,7.08e-08
22,3,7,561.6651,572.4371,-1.725433,1.800691,1.731805,2.087650,99.9965,0.0013,0.0022,4.75e-08
23,3,7,570.5393,572.4371,-2.479477,1.801083,1.729741,2.108681,99.9966,0.0022,0.0012,6.01e-08
24,5,6,587.8916,602.0459,-1.628742,1.801604,1.738136,2.065076,99.9963,0.0025,0.0012,4.64e-08
25,5,6,603.8233,602.0459,-2.529842,1.801388,1.744078,2.076810,99.9961,0.0025,0.0014,5.49e-08
26,5,6,611.9718,602.0459,-1.782857,1.801214,1.751498,2.072350,99.9960,0.0013,0.0027,4.82e-08
27,5,6,619.9822,602.0459,-1.525895,1.800866,1.753549,2.084969,99.9960,0.0018,0.0022,4.53e-08
28,1,8,634.4373,641.5243,-1.956752,1.801408,1.733317,2.075167,99.9961,0.0020,0.0019,4.27e-08
29,2,8,656.5587,671.1331,-1.663218,1.801709,1.744505,2.035482,99.9957,0.0017,0.0026,3.82e-08
30,2,8,671.4691,671.1331,-3.300467,1.801819,1.744592,2.051812,99.9957,0.0012,0.0031,4.43e-08
31,2,8,677.2845,671.1331,-2.037834,1.800698,1.750466,2.050887,99.9956,0.0025,0.0019,4.08e-08
32,6,6,702.4100,710.6115,-1.937736,1.801195,1.750030,2.021352,99.9953,0.0026,0.0021,3.62e-08
33,6,6,708.2436,710.6115,-2.477267,1.801609,1.755000,2.024523,99.9952,0.0016,0.0032,3.12e-08
34,5,7,732.9001,730.3507,-2.457102,1.800817,1.752948,2.028836,99.9951,0.0037,0.0012,3.72e-08
35,5,7,736.1879,730.3507,-2.097332,1.800877,1.752420,2.047301,99.9951,0.0030,0.0019,3.32e-08
36,5,7,748.7112,730.3507,-1.599648,1.801028,1.754304,2.055682,99.9951,0.0035,0.0014,4.14e-08
37,5,7,756.0335,730.3507,-1.453890,1.801105,1.740631,2.058017,99.9954,0.0016,0.0030,4.23e-08
38,4,8,768.9753,789.5684,-1.583668,1.800638,1.717517,2.037172,99.9955,0.0018,0.0027,3.88e-08
39,4,8,776.7913,789.5684,-1.790959,1.800459,1.746965,2.029585,99.9949,0.0023,0.0028,2.98e-08
40,1,9,799.5808,809.3076,-1.920147,1.800977,1.754064,2.013362,99.9946,0.0032,0.0023,3.09e-08
41,1,9,800.6952,809.3076,-1.972991,1.800767,1.763353,1.977281,99.9943,0.0031,0.0025,3.45e-08
42,2,9,830.8037,838.9164,-2.014552,1.800771,1.758050,1.990708,99.9943,0.0023,0.0034,2.44e-08
43,2,9,846.6657,838.9164,-2.034456,1.800678,1.767103,1.988008,99.9940,0.0042,0.0018,2.73e-08
44,2,9,856.9449,838.9164,-1.667758,1.802253,1.768057,1.991459,99.9940,0.0027,0.0032,3.11e-08
45,5,8,873.1227,878.3948,-2.221708,1.800653,1.759485,1.986216,99.9939,0.0021,0.0040,2.96e-08
46,5,8,880.4695,878.3948,-2.626726,1.801179,1.739318,2.032011,99.9945,0.0029,0.0026,2.47e-08
47,3,9,895.0258,888.2644,-2.118503,1.801367,1.757232,1.998833,99.9940,0.0028,0.0032,2.47e-08
48,3,9,901.8727,888.2644,-1.814738,1.800431,1.759859,1.996491,99.9939,0.0036,0.0026,2.45e-08
49,3,9,912.0661,888.2644,-1.571933,1.800696,1.764042,1.999451,99.9937,0.0034,0.0029,2.64e-08
50,4,9,924.3379,957.3516,-1.462377,1.800544,1.759690,1.939553,99.9934,0.0019,0.0048,2.76e-08
51,4,9,933.0063,957.3516,-1.594656,1.800054,1.751158,1.966797,99.9936,0.0033,0.0031,2.78e-08
52,4,9,947.7962,957.3516,-2.000823,1.800665,1.759195,1.972882,99.9934,0.0032,0.0034,1.84e-08
53,4,9,961.8347,957.3516,-2.329498,1.800550,1.766333,1.962806,99.9932,0.0020,0.0048,2.52e-08
54,7,7,968.1500,967.2212,-3.017614,1.800740,1.772002,1.939653,99.9929,0.0047,0.0023,2.12e-08
55,6,8,990.1481,986.9604,-2.490832,1.801445,1.772628,1.941040,99.9928,0.0044,0.0028,2.28e-08
56,1,10,1002.1527,996.8300,-2.272494,1.800258,1.766620,1.956474,99.9929,0.0027,0.0044,2.00e-08
57,1,10,1010.9625,996.8300,-1.848404,1.800614,1.766862,1.966860,99.9929,0.0047,0.0024,1.80e-08
58,2,10,1020.4336,1026.4389,-2.232805,1.800797,1.764628,1.947086,99.9928,0.0042,0.0030,2.02e-08
59,5,9,1043.2673,1046.1781,-2.555600,1.801263,1.759942,1.974087,99.9928,0.0036,0.0036,2.25e-08
60,5,9,1045.5496,1046.1781,-3.221350,1.800862,1.765275,1.957649,99.9926,0.0031,0.0043,1.60e-08
61,3,10,1061.5285,1075.7869,-1.877655,1.800325,1.757351,1.935927,99.9927,0.0035,0.0038,2.28e-08
62,3,10,1066.2885,1075.7869,-2.054076,1.800716,1.765019,1.941923,99.9924,0.0031,0.0045,2.12e-08
63,3,10,1069.1898,1075.7869,-2.212373,1.801564,1.762983,1.957566,99.9925,0.0041,0.0034,2.20e-08
64,3,10,1088.8511,1075.7869,-1.915644,1.800694,1.764780,1.962987,99.9924,0.0048,0.0028,1.51e-08
65,7,8,1102.8416,1115.2653,-1.953128,1.801113,1.761733,1.927863,99.9922,0.0042,0.0036,1.95e-08
66,7,8,1118.7210,1115.2653,-2.508841,1.801100,1.770085,1.939208,99.9919,0.0035,0.0046,1.60e-08
67,7,8,1128.2358,1115.2653,-1.934420,1.801337,1.762795,1.947974,99.9922,0.0046,0.0032,1.76e-08
68,4,10,1137.0502,1144.8741,-2.165336,1.801529,1.762798,1.924206,99.9920,0.0034,0.0046,1.57e-08
69,6,9,1160.6974,1154.7437,-2.287698,1.801180,1.771772,1.918114,99.9916,0.0053,0.0031,1.75e-08
70,6,9,1167.6254,1154.7437,-1.952512,1.802460,1.771795,1.930795,99.9916,0.0029,0.0055,1.41e-08
71,6,9,1174.9018,1154.7437,-1.758037,1.800464,1.775169,1.932554,99.9914,0.0034,0.0052,1.77e-08
72,1,11,1184.0459,1204.0917,-1.778636,1.800309,1.761647,1.912883,99.9916,0.0043,0.0041,1.68e-08
73,1,11,1191.5406,1204.0917,-1.981975,1.801701,1.769723,1.919581,99.9913,0.0033,0.0054,1.31e-08
74,1,11,1199.2561,1204.0917,-2.396207,1.801455,1.761738,1.931084,99.9916,0.0046,0.0037,1.68e-08
75,1,11,1217.8983,1204.0917,-1.940575,1.799956,1.761110,1.949902,99.9916,0.0045,0.0039,1.87e-08
76,2,11,1223.6761,1233.7006,-2.090151,1.799545,1.762898,1.915780,99.9913,0.0036,0.0051,1.57e-08
77,2,11,1236.5289,1233.7006,-2.639684,1.800739,1.742088,1.949805,99.9921,0.0042,0.0037,1.64e-08
78,2,11,1247.6362,1233.7006,-1.947082,1.800800,1.767961,1.930262,99.9912,0.0056,0.0032,1.76e-08
79,8,8,1269.7649,1263.3094,-2.291580,1.802493,1.764460,1.924773,99.9912,0.0038,0.0050,1.79e-08
80,3,11,1276.0410,1283.0486,-2.262677,1.801534,1.759777,1.930098,99.9912,0.0041,0.0048,1.26e-08
81,3,11,1278.2101,1283.0486,-2.423533,1.800685,1.767267,1.911428,99.9908,0.0040,0.0051,1.67e-08
82,3,11,1290.9119,1283.0486,-2.212636,1.801090,1.762073,1.915059,99.9911,0.0060,0.0029,1.66e-08
83,3,11,1295.7280,1283.0486,-2.005145,1.802054,1.745720,1.948521,99.9917,0.0039,0.0044,1.50e-08
84,6,10,1318.0799,1342.2662,-1.744269,1.800748,1.749699,1.941581,99.9911,0.0042,0.0047,1.40e-08
85,6,10,1324.1758,1342.2662,-1.870391,1.801106,1.755097,1.924049,99.9909,0.0039,0.0051,1.34e-08
86,6,10,1340.2652,1342.2662,-2.826600,1.799855,1.759457,1.922401,99.9907,0.0035,0.0058,1.54e-08
87,6,10,1344.2066,1342.2662,-2.839940,1.799996,1.742060,1.942998,99.9914,0.0038,0.0048,1.33e-08
88,4,11,1355.5661,1352.1358,-2.595694,1.800758,1.757705,1.922454,99.9907,0.0045,0.0048,1.42e-08
89,4,11,1369.9229,1352.1358,-1.880916,1.802161,1.762089,1.918117,99.9906,0.0038,0.0055,1.12e-08
90,4,11,1380.4911,1352.1358,-1.678386,1.801583,1.769114,1.927312,99.9903,0.0047,0.0050,1.48e-08
91,1,12,1394.6176,1431.0926,-1.593672,1.802358,1.757894,1.898835,99.9903,0.0058,0.0039,1.21e-08
92,1,12,1406.8782,1431.0926,-1.771594,1.800388,1.759710,1.894659,99.9901,0.0033,0.0066,1.38e-08
93,1,12,1419.0877,1431.0926,-2.076308,1.801360,1.766697,1.901049,99.9898,0.0045,0.0057,9.70e-09
94,5,11,1439.5023,1440.9622,-2.994313,1.800984,1.770868,1.902158,99.9895,0.0046,0.0058,9.54e-09
95,5,11,1443.0098,1440.9622,-2.847423,1.801633,1.745743,1.919818,99.9907,0.0044,0.0049,1.59e-08
96,2,12,1455.6935,1460.7015,-2.464904,1.801665,1.761772,1.894893,99.9898,0.0050,0.0052,1.42e-08
97,2,12,1458.0976,1460.7015,-2.748940,1.801832,1.763661,1.903374,99.9897,0.0068,0.0034,1.07e-08
98,7,10,1479.2960,1470.5711,-2.226724,1.802702,1.775331,1.896274,99.9892,0.0048,0.0061,1.20e-08
99,7,10,1483.2821,1470.5711,-2.063306,1.800296,1.768241,1.909740,99.9894,0.0051,0.0055,1.37e-08
100,3,12,1493.5578,1510.0495,-1.961726,1.802823,1.772824,1.883762,99.9891,0.0041,0.0069,1.28e-08
101,3,12,1507.0022,1510.0495,-2.695085,1.801764,1.763020,1.900154,99.9895,0.0055,0.0050,1.19e-08
102,3,12,1517.4381,1510.0495,-2.310427,1.801527,1.759758,1.914161,99.9896,0.0040,0.0063,9.60e-09
103,3,12,1521.3920,1510.0495,-2.124282,1.800647,1.756917,1.905509,99.9897,0.0055,0.0047,1.21e-08
104,6,11,1532.9109,1549.5279,-1.969647,1.800330,1.764363,1.891577,99.9891,0.0053,0.0057,1.23e-08
105,6,11,1544.8332,1549.5279,-2.518592,1.800977,1.746899,1.913758,99.9899,0.0051,0.0050,1.25e-08
106,6,11,1551.2240,1549.5279,-2.960752,1.800189,1.758920,1.917338,99.9893,0.0057,0.0050,8.60e-09
107,4,12,1564.4665,1579.1367,-2.031983,1.801214,1.752951,1.900238,99.9894,0.0060,0.0046,1.18e-08
108,4,12,1568.2868,1579.1367,-2.162993,1.801898,1.755141,1.910320,99.9894,0.0052,0.0055,1.08e-08
109,4,12,1579.1884,1579.1367,-4.484874,1.800739,1.744166,1.921199,99.9898,0.0044,0.0058,1.13e-08
110,9,9,1594.9813,1598.8759,-2.613349,1.801007,1.759861,1.905682,99.9890,0.0065,0.0045,1.11e-08
111,9,9,1600.4230,1598.8759,-3.014313,1.800826,1.760948,1.910487,99.9889,0.0059,0.0052,1.07e-08
112,9,9,1606.9500,1598.8759,-2.296722,1.800540,1.766149,1.889966,99.9886,0.0067,0.0046,9.87e-09
113,8,10,1615.4018,1618.6151,-2.702188,1.801971,1.760515,1.898314,99.9889,0.0051,0.0061,1.01e-08
114,8,10,1617.4755,1618.6151,-3.152401,1.800833,1.761776,1.896617,99.9887,0.0065,0.0048,1.00e-08
115,8,10,1629.5637,1618.6151,-2.169785,1.800666,1.764644,1.907467,99.9886,0.0062,0.0052,1.00e-08
116,8,10,1637.2082,1618.6151,-1.939793,1.800262,1.747646,1.926207,99.9894,0.0044,0.0062,1.06e-08
117,5,12,1655.9733,1667.9631,-2.143374,1.802904,1.754454,1.908850,99.9889,0.0053,0.0058,1.05e-08
118,5,12,1664.6610,1667.9631,-2.703389,1.802127,1.759718,1.896618,99.9885,0.0050,0.0065,1.09e-08
119,5,12,1671.8245,1667.9631,-2.635448,1.800828,1.765509,1.896909,99.9882,0.0060,0.0058,9.20e-09
120,1,13,1680.5786,1677.8327,-2.786075,1.801995,1.738037,1.918592,99.9896,0.0050,0.0055,1.08e-08
121,1,13,1687.3106,1677.8327,-2.248038,1.802793,1.769017,1.891209,99.9880,0.0063,0.0057,1.07e-08
122,2,13,1700.2484,1707.4416,-2.375423,1.802433,1.755288,1.896900,99.9885,0.0065,0.0050,1.85e-08
123,2,13,1703.9147,1707.4416,-2.684961,1.799564,1.761390,1.889449,99.9880,0.0058,0.0062,1.05e-08
124,2,13,1717.4413,1707.4416,-2.232358,1.802399,1.750691,1.913668,99.9888,0.0065,0.0047,9.50e-09
125,2,13,1723.6361,1707.4416,-2.022977,1.801897,1.759534,1.901349,99.9883,0.0051,0.0067,9.74e-09
126,2,13,1730.7013,1707.4416,-1.865740,1.802361,1.758360,1.898830,99.9883,0.0052,0.0065,1.19e-08
127,3,13,1738.6384,1756.7896,-1.985814,1.801629,1.744706,1.895018,99.9887,0.0051,0.0062,1.09e-08
128,3,13,1744.6545,1756.7896,-2.160678,1.802038,1.758195,1.889497,99.9880,0.0062,0.0058,9.64e-09
129,3,13,1746.9292,1756.7896,-2.250825,1.802584,1.755246,1.897799,99.9882,0.0047,0.0071,7.77e-09
130,3,13,1758.6192,1756.7896,-2.982369,1.802162,1.751365,1.895244,99.9884,0.0056,0.0061,9.77e-09
131,6,12,1771.4773,1776.5288,-2.546149,1.801441,1.758486,1.887875,99.9878,0.0065,0.0057,9.81e-09
132,6,12,1772.2928,1776.5288,-2.622617,1.799352,1.752125,1.893468,99.9880,0.0059,0.0061,8.03e-09
133,9,10,1781.8846,1786.3984,-2.597441,1.800815,1.765504,1.879157,99.9873,0.0065,0.0062,1.02e-08
134,9,10,1800.4539,1786.3984,-2.104133,1.799163,1.764393,1.893666,99.9873,0.0054,0.0073,8.87e-09
135,9,10,1801.3000,1786.3984,-2.078746,1.801373,1.773180,1.885954,99.9869,0.0068,0.0063,9.40e-09
136,4,13,1815.9450,1825.8768,-2.264441,1.800923,1.764771,1.875127,99.9871,0.0054,0.0075,1.03e-08
137,4,13,1829.1844,1825.8768,-2.741964,1.801032,1.769713,1.879980,99.9868,0.0081,0.0051,7.51e-09
138,4,13,1842.6229,1825.8768,-2.037558,1.800643,1.763217,1.892488,99.9872,0.0062,0.0066,1.04e-08
139,4,13,1850.4812,1825.8768,-1.870459,1.799313,1.772099,1.880483,99.9866,0.0062,0.0072,7.60e-09
140,7,12,1868.2687,1904.8336,-1.716792,1.801037,1.760506,1.867719,99.9868,0.0063,0.0069,8.38e-09
141,7,12,1874.0173,1904.8336,-1.791076,1.801049,1.756783,1.875233,99.9870,0.0070,0.0059,9.97e-09
142,7,12,1885.7758,1904.8336,-1.999783,1.802257,1.766970,1.870206,99.9865,0.0077,0.0058,7.31e-09
143,7,12,1894.8382,1904.8336,-2.280057,1.800851,1.756066,1.879860,99.9871,0.0074,0.0055,9.75e-09
144,7,12,1904.0046,1904.8336,-3.361288,1.800421,1.757664,1.881471,99.9870,0.0074,0.0056,9.21e-09
145,5,13,1914.4295,1914.7033,-3.844700,1.802182,1.756523,1.891707,99.9869,0.0073,0.0057,7.86e-09
146,5,13,1918.7718,1914.7033,-2.672658,1.801463,1.767006,1.881470,99.9862,0.0067,0.0071,9.32e-09
147,1,14,1929.6804,1944.3121,-2.123471,1.799518,1.756532,1.881001,99.9867,0.0053,0.0080,6.39e-09
148,1,14,1933.1151,1944.3121,-2.239665,1.800638,1.761437,1.883672,99.9865,0.0063,0.0072,8.13e-09
149,1,14,1941.8773,1944.3121,-2.902314,1.800537,1.761322,1.881820,99.9865,0.0066,0.0069,8.62e-09
150,2,14,1959.7321,1973.9209,-2.143384,1.799482,1.762195,1.871047,99.9861,0.0064,0.0075,6.95e-09
151,2,14,1969.9291,1973.9209,-2.694160,1.800592,1.761949,1.881182,99.9862,0.0080,0.0058,7.91e-09
152,9,11,1987.5112,1993.6601,-2.510853,1.800295,1.766435,1.871561,99.9858,0.0061,0.0081,7.82e-09
153,9,11,2000.5143,1993.6601,-2.463691,1.801241,1.769784,1.880015,99.9857,0.0068,0.0076,8.22e-09
154,9,11,2005.8456,1993.6601,-2.213806,1.800073,1.758226,1.890692,99.9863,0.0072,0.0065,8.86e-09
155,3,14,2013.8665,2023.2689,-2.332813,1.799883,1.762241,1.876098,99.9858,0.0069,0.0073,7.15e-09
156,3,14,2015.0424,2023.2689,-2.390841,1.801375,1.757217,1.889000,99.9862,0.0079,0.0059,7.32e-09
157,3,14,2021.0144,2023.2689,-2.952995,1.800664,1.762324,1.877142,99.9858,0.0084,0.0058,7.45e-09
158,8,12,2040.0415,2052.8777,-2.203926,1.801284,1.771605,1.863307,99.9850,0.0087,0.0063,7.05e-09
159,8,12,2059.3296,2052.8777,-2.502673,1.800964,1.776128,1.865480,99.9847,0.0098,0.0056,7.26e-09
160,8,12,2061.7322,2052.8777,-2.365198,1.800440,1.764579,1.880084,99.9854,0.0073,0.0072,6.94e-09
161,8,12,2065.2518,2052.8777,-2.219849,1.801570,1.768561,1.888195,99.9853,0.0074,0.0073,6.82e-09
162,8,12,2067.6433,2052.8777,-2.143113,1.800856,1.765404,1.881801,99.9854,0.0090,0.0056,8.01e-09
163,4,14,2092.3601,2092.3561,-5.720349,1.800886,1.760893,1.875897,99.9855,0.0078,0.0068,6.53e-09
164,4,14,2110.8017,2092.3561,-2.054744,1.801005,1.764108,1.882103,99.9853,0.0077,0.0070,5.81e-09
165,4,14,2118.1550,2092.3561,-1.909036,1.800304,1.766940,1.884013,99.9850,0.0067,0.0083,7.47e-09
166,7,13,2132.2233,2151.5738,-2.046065,1.800145,1.768735,1.867320,99.9845,0.0092,0.0063,6.36e-09
167,7,13,2135.2822,2151.5738,-2.120793,1.802128,1.761974,1.869447,99.9851,0.0086,0.0063,8.81e-09
168,7,13,2135.6094,2151.5738,-2.129606,1.800878,1.754889,1.880631,99.9855,0.0088,0.0057,6.82e-09
169,7,13,2153.9515,2151.5738,-2.956587,1.800860,1.756090,1.890818,99.9854,0.0085,0.0061,6.01e-09
170,7,13,2164.7189,2151.5738,-2.213991,1.801517,1.768785,1.879790,99.9846,0.0092,0.0062,6.45e-09
171,5,14,2176.8205,2181.1826,-2.698998,1.802536,1.765094,1.878052,99.9847,0.0081,0.0072,8.01e-09
172,5,14,2184.1726,2181.1826,-2.863017,1.800748,1.765466,1.876528,99.9845,0.0081,0.0073,6.14e-09
173,5,14,2195.5943,2181.1826,-2.179977,1.800385,1.769194,1.875619,99.9842,0.0080,0.0078,6.17e-09
174,5,14,2197.6429,2181.1826,-2.122253,1.800984,1.770886,1.879995,99.9842,0.0077,0.0081,8.17e-09
175,5,14,2197.9938,2181.1826,-2.113094,1.800900,1.764014,1.877206,99.9847,0.0081,0.0073,7.79e-09
176,9,12,2224.6729,2220.6610,-2.743130,1.802445,1.774181,1.866734,99.9836,0.0080,0.0084,6.60e-09
177,1,15,2230.5907,2230.5306,-4.569630,1.800435,1.774038,1.864594,99.9836,0.0074,0.0090,5.68e-09
178,1,15,2234.2510,2230.5306,-2.777815,1.800622,1.764014,1.875797,99.9844,0.0092,0.0065,5.11e-09
179,2,15,2250.2845,2260.1394,-2.360484,1.800183,1.763878,1.869692,99.9840,0.0086,0.0074,7.37e-09
180,2,15,2255.0725,2260.1394,-2.649392,1.801442,1.768134,1.860949,99.9838,0.0085,0.0077,6.02e-09
181,2,15,2261.1680,2260.1394,-3.341886,1.800577,1.764425,1.871394,99.9840,0.0091,0.0069,6.06e-09
182,2,15,2270.9869,2260.1394,-2.318805,1.803305,1.772015,1.870658,99.9837,0.0084,0.0079,6.46e-09
183,6,14,2286.3020,2289.7482,-2.822439,1.801397,1.769360,1.864191,99.9835,0.0081,0.0084,5.77e-09
184,8,13,2302.8007,2299.6178,-2.858834,1.802367,1.770101,1.868861,99.9834,0.0083,0.0083,5.76e-09
185,3,15,2311.1547,2309.4874,-3.141515,1.800989,1.771909,1.865885,99.9830,0.0081,0.0089,8.21e-09
186,3,15,2318.9280,2309.4874,-2.388519,1.802703,1.767983,1.870501,99.9834,0.0087,0.0079,4.96e-09
187,3,15,2326.7937,2309.4874,-2.125313,1.802596,1.770352,1.873580,99.9832,0.0095,0.0073,7.16e-09
188,3,15,2336.3222,2309.4874,-1.934817,1.801683,1.768198,1.878568,99.9833,0.0096,0.0071,6.59e-09
189,3,15,2343.9191,2309.4874,-1.826558,1.801948,1.772782,1.873688,99.9830,0.0095,0.0075,7.86e-09
190,4,15,2350.7428,2378.5747,-1.931775,1.801572,1.758404,1.867273,99.9838,0.0097,0.0065,5.92e-09
191,4,15,2364.7695,2378.5747,-2.236276,1.800495,1.769446,1.868570,99.9828,0.0102,0.0069,5.94e-09
192,4,15,2372.3900,2378.5747,-2.584999,1.801272,1.768278,1.866424,99.9830,0.0091,0.0079,6.85e-09
193,4,15,2376.9208,2378.5747,-3.157825,1.801153,1.766064,1.871168,99.9832,0.0108,0.0061,8.45e-09
194,4,15,2382.2122,2378.5747,-2.815505,1.800788,1.767062,1.873963,99.9831,0.0095,0.0074,5.51e-09
195,11,11,2389.8713,2388.4443,-3.223694,1.800064,1.762313,1.873071,99.9834,0.0094,0.0072,5.57e-09
196,10,12,2407.4594,2408.1835,-3.521912,1.802130,1.770997,1.866238,99.9827,0.0104,0.0069,5.91e-09
197,7,14,2414.9220,2418.0531,-2.887777,1.800437,1.771961,1.866270,99.9824,0.0100,0.0076,5.63e-09
198,5,15,2443.9877,2467.4011,-2.022775,1.801595,1.771379,1.855074,99.9821,0.0102,0.0077,5.36e-09
199,5,15,2446.5712,2467.4011,-2.073553,1.800941,1.768986,1.855767,99.9823,0.0103,0.0075,5.65e-09
200,5,15,2452.3201,2467.4011,-2.213809,1.800741,1.773527,1.853157,99.9818,0.0083,0.0098,5.20e-09
201,5,15,2457.4934,2467.4011,-2.396266,1.800756,1.772387,1.860928,99.9820,0.0093,0.0087,5.78e-09
202,5,15,2473.4647,2467.4011,-2.609507,1.799706,1.765793,1.873572,99.9824,0.0084,0.0091,5.58e-09
203,5,15,2488.5425,2467.4011,-2.067105,1.800126,1.772540,1.866681,99.9819,0.0076,0.0105,6.11e-09
204,5,15,2493.2363,2467.4011,-1.980028,1.801883,1.774603,1.873706,99.9819,0.0095,0.0087,5.33e-09
205,5,15,2510.0687,2467.4011,-1.762141,1.800207,1.775675,1.872400,99.9816,0.0089,0.0095,6.12e-09
206,5,15,2512.1445,2467.4011,-1.741511,1.800968,1.776105,1.875072,99.9817,0.0100,0.0083,5.10e-09
207,8,14,2526.6771,2566.0971,-1.813556,1.800444,1.770356,1.850496,99.9815,0.0096,0.0089,4.74e-09
208,8,14,2532.7191,2566.0971,-1.885812,1.798975,1.775931,1.848578,99.9809,0.0096,0.0095,6.27e-09
209,8,14,2546.1877,2566.0971,-2.110213,1.801530,1.778484,1.848271,99.9809,0.0103,0.0088,5.31e-09
210,8,14,2554.5962,2566.0971,-2.348541,1.799317,1.778366,1.858288,99.9807,0.0078,0.0114,5.22e-09
211,6,15,2572.3247,2575.9667,-2.849596,1.801446,1.777374,1.849604,99.9807,0.0090,0.0103,3.96e-09
212,6,15,2574.5508,2575.9667,-3.259884,1.802312,1.781230,1.849692,99.9804,0.0099,0.0097,5.17e-09
213,6,15,2584.3034,2575.9667,-2.489947,1.802883,1.773150,1.861479,99.9812,0.0077,0.0111,5.57e-09
214,6,15,2590.5520,2575.9667,-2.247025,1.800356,1.778648,1.857681,99.9805,0.0083,0.0112,5.16e-09
215,11,12,2617.1689,2615.4452,-3.181083,1.800691,1.779895,1.853676,99.9802,0.0095,0.0103,5.17e-09
216,11,12,2630.0362,2615.4452,-2.253459,1.800804,1.775267,1.860164,99.9807,0.0089,0.0104,4.37e-09
217,11,12,2634.4373,2615.4452,-2.138972,1.801144,1.780269,1.860717,99.9802,0.0105,0.0092,5.07e-09
218,10,13,2646.4742,2654.9236,-2.497225,1.802436,1.778813,1.847735,99.9801,0.0107,0.0091,5.29e-09
219,10,13,2653.0077,2654.9236,-3.141687,1.801667,1.781131,1.844955,99.9799,0.0109,0.0093,4.74e-09
220,10,13,2665.6042,2654.9236,-2.395457,1.801537,1.771831,1.860727,99.9807,0.0094,0.0099,4.31e-09
221,10,13,2677.1837,2654.9236,-2.076524,1.802329,1.772659,1.862542,99.9807,0.0098,0.0095,4.96e-09
222,10,13,2678.6076,2654.9236,-2.049598,1.800392,1.779688,1.854903,99.9799,0.0097,0.0104,6.46e-09
223,7,15,2701.0403,2704.2716,-2.922669,1.802088,1.777581,1.855341,99.9798,0.0095,0.0107,5.15e-09
224,7,15,2706.0278,2704.2716,-3.187479,1.801139,1.775193,1.856028,99.9800,0.0099,0.0102,4.91e-09
225,7,15,2710.5020,2704.2716,-2.637538,1.801762,1.773109,1.864532,99.9802,0.0095,0.0103,3.75e-09
226,9,14,2731.4110,2733.8804,-3.044188,1.800935,1.778423,1.848265,99.9795,0.0077,0.0127,5.03e-09
227,9,14,2742.1921,2733.8804,-2.517089,1.801218,1.782057,1.850519,99.9792,0.0100,0.0108,4.57e-09
228,9,14,2758.4999,2733.8804,-2.045501,1.801891,1.782338,1.855293,99.9793,0.0100,0.0108,5.19e-09
229,9,14,2767.6460,2733.8804,-1.908305,1.800150,1.783299,1.857862,99.9790,0.0102,0.0109,4.54e-09
230,9,14,2779.5648,2733.8804,-1.777012,1.801404,1.782978,1.860180,99.9791,0.0077,0.0132,4.66e-09
231,12,12,2789.6688,2842.4461,-1.731246,1.800228,1.772270,1.843817,99.9792,0.0118,0.0089,4.30e-09
232,12,12,2806.7593,2842.4461,-1.901185,1.801301,1.781715,1.839360,99.9784,0.0101,0.0115,4.23e-09
233,12,12,2811.7939,2842.4461,-1.967232,1.799855,1.779576,1.837584,99.9785,0.0088,0.0127,5.17e-09
234,12,12,2821.9782,2842.4461,-2.142620,1.801100,1.780363,1.848323,99.9785,0.0113,0.0101,3.98e-09
235,12,12,2843.1651,2842.4461,-3.596934,1.801285,1.781692,1.848755,99.9784,0.0102,0.0114,4.81e-09
236,12,12,2846.8888,2842.4461,-2.806041,1.800551,1.781216,1.852838,99.9784,0.0108,0.0108,4.47e-09
237,8,15,2855.2299,2852.3157,-2.990678,1.801283,1.776460,1.854214,99.9786,0.0115,0.0099,4.46e-09
238,11,13,2860.6901,2862.1853,-3.282008,1.801415,1.776986,1.853183,99.9786,0.0120,0.0094,4.23e-09
239,11,13,2870.3819,2862.1853,-2.543062,1.801522,1.777431,1.853570,99.9786,0.0103,0.0110,4.60e-09
240,11,13,2878.8464,2862.1853,-2.234994,1.802273,1.775913,1.860126,99.9788,0.0098,0.0114,4.73e-09
241,11,13,2881.9359,2862.1853,-2.161118,1.801658,1.778330,1.857407,99.9785,0.0123,0.0092,4.91e-09
242,10,14,2899.7257,2921.4029,-2.129589,1.800798,1.780553,1.840292,99.9778,0.0113,0.0110,4.02e-09
243,10,14,2909.5208,2921.4029,-2.390697,1.801237,1.786144,1.836379,99.9772,0.0144,0.0084,4.92e-09
244,10,14,2913.9266,2921.4029,-2.591906,1.800779,1.779073,1.846445,99.9779,0.0118,0.0103,4.71e-09
245,10,14,2921.9078,2921.4029,-3.762357,1.801120,1.777577,1.850494,99.9781,0.0116,0.0102,4.61e-09
246,10,14,2931.7669,2921.4029,-2.450063,1.799614,1.781314,1.845474,99.9776,0.0103,0.0122,3.64e-09
247,10,14,2940.0513,2921.4029,-2.194951,1.801230,1.778817,1.858168,99.9780,0.0103,0.0117,4.20e-09
248,10,14,2948.5253,2921.4029,-2.032263,1.801759,1.785495,1.849199,99.9774,0.0107,0.0120,4.19e-09
249,10,14,2963.6918,2921.4029,-1.839365,1.801345,1.785314,1.853644,99.9773,0.0106,0.0120,3.21e-09
250,9,15,2989.7914,3020.0989,-1.998471,1.800388,1.779946,1.839042,99.9771,0.0121,0.0108,4.25e-09
251,9,15,2995.7340,3020.0989,-2.093256,1.801270,1.783457,1.839029,99.9768,0.0104,0.0128,4.01e-09
252,9,15,3012.7832,3020.0989,-2.615763,1.799991,1.785078,1.838226,99.9765,0.0113,0.0122,3.60e-09
253,9,15,3031.3248,3020.0989,-2.429804,1.801680,1.788263,1.840885,99.9763,0.0115,0.0122,3.89e-09
254,9,15,3034.4831,3020.0989,-2.322137,1.801604,1.783002,1.845999,99.9768,0.0119,0.0113,4.45e-09
255,9,15,3047.1331,3020.0989,-2.048108,1.800748,1.786202,1.854629,99.9764,0.0103,0.0132,3.52e-09
256,12,13,3060.4381,3089.1862,-2.031235,1.801094,1.777482,1.840048,99.9767,0.0125,0.0107,4.23e-09
257,12,13,3067.2095,3089.1862,-2.147882,1.802180,1.777753,1.840511,99.9768,0.0105,0.0127,3.85e-09
258,12,13,3078.4438,3089.1862,-2.458744,1.803173,1.784700,1.842922,99.9762,0.0119,0.0120,3.14e-09
259,12,13,3093.5239,3089.1862,-2.852583,1.801235,1.780535,1.851563,99.9764,0.0116,0.0120,4.26e-09
260,11,14,3118.0976,3128.6646,-2.471409,1.802236,1.782538,1.841502,99.9760,0.0125,0.0115,4.18e-09
261,11,14,3126.8130,3128.6646,-3.227805,1.800627,1.783916,1.840501,99.9757,0.0126,0.0117,2.93e-09
262,11,14,3146.1852,3128.6646,-2.251811,1.801753,1.787099,1.840885,99.9755,0.0123,0.0122,3.50e-09
263,11,14,3167.7387,3128.6646,-1.903470,1.801812,1.783887,1.856899,99.9758,0.0130,0.0112,4.86e-09
264,10,15,3178.2992,3207.6214,-2.038986,1.803151,1.771022,1.849109,99.9766,0.0126,0.0108,3.80e-09
265,10,15,3186.2083,3207.6214,-2.175504,1.802849,1.782053,1.835208,99.9753,0.0109,0.0138,4.32e-09
266,10,15,3193.1639,3207.6214,-2.346089,1.802956,1.778209,1.847340,99.9758,0.0138,0.0105,3.68e-09
267,10,15,3209.5688,3207.6214,-3.216735,1.801591,1.786536,1.838074,99.9747,0.0106,0.0147,3.56e-09
268,10,15,3226.7123,3207.6214,-2.225359,1.802787,1.781198,1.852595,99.9754,0.0109,0.0137,4.25e-09
269,10,15,3234.8694,3207.6214,-2.070849,1.802387,1.779892,1.857632,99.9755,0.0118,0.0127,3.19e-09
270,10,15,3248.2191,3207.6214,-1.897682,1.803520,1.788083,1.850034,99.9747,0.0135,0.0118,2.94e-09
271,10,15,3252.6103,3207.6214,-1.853078,1.801957,1.787660,1.852402,99.9746,0.0144,0.0110,4.26e-09
272,13,13,3288.8060,3335.9263,-1.850008,1.803277,1.775137,1.848653,99.9751,0.0130,0.0119,3.16e-09
273,13,13,3293.2089,3335.9263,-1.892612,1.803635,1.780503,1.837838,99.9745,0.0126,0.0129,3.65e-09
274,13,13,3303.4850,3335.9263,-2.012118,1.804267,1.787279,1.833299,99.9738,0.0148,0.0114,3.63e-09
275,13,13,3321.5586,3335.9263,-2.365829,1.804385,1.797201,1.829273,99.9725,0.0166,0.0108,3.59e-09
276,13,13,3327.0664,3335.9263,-2.575788,1.802846,1.787508,1.836319,99.9736,0.0134,0.0130,3.32e-09
277,13,13,3336.7124,3335.9263,-3.627730,1.803545,1.787114,1.844113,99.9737,0.0118,0.0144,3.35e-09
278,13,13,3344.6852,3335.9263,-2.580768,1.803872,1.791974,1.834938,99.9731,0.0118,0.0151,3.62e-09
279,12,14,3355.1228,3355.6655,-3.791225,1.801092,1.796464,1.832702,99.9727,0.0142,0.0132,3.13e-09
280,12,14,3360.4219,3355.6655,-2.848496,1.800305,1.793032,1.838383,99.9730,0.0121,0.0149,4.13e-09
281,12,14,3375.4915,3355.6655,-2.228543,1.801099,1.793278,1.843163,99.9731,0.0130,0.0139,2.88e-09
282,12,14,3384.9748,3355.6655,-2.058774,1.801188,1.801122,1.834595,99.9721,0.0157,0.0122,4.36e-09
283,11,15,3391.8927,3414.8831,-2.171829,1.802324,1.795111,1.826624,99.9721,0.0149,0.0130,2.64e-09
284,11,15,3408.5073,3414.8831,-2.728839,1.802600,1.797681,1.828571,99.9718,0.0146,0.0135,3.77e-09
285,11,15,3412.1069,3414.8831,-3.089927,1.801177,1.799914,1.829246,99.9714,0.0152,0.0134,3.37e-09
286,11,15,3414.4430,3414.8831,-3.889806,1.802656,1.791158,1.827829,99.9727,0.0141,0.0132,3.68e-09
287,11,15,3437.2627,3414.8831,-2.183525,1.802702,1.790405,1.841926,99.9728,0.0149,0.0123,2.87e-09
288,11,15,3454.0311,3414.8831,-1.940667,1.802507,1.791819,1.846612,99.9726,0.0126,0.0149,3.10e-09
289,11,15,3460.1300,3414.8831,-1.877787,1.802814,1.791787,1.845679,99.9726,0.0161,0.0113,2.89e-09
290,11,15,3504.7907,3414.8831,-1.579579,1.803712,1.799138,1.849827,99.9718,0.0147,0.0135,2.98e-09
291,13,14,3520.7232,3602.4056,-1.644464,1.800879,1.787722,1.824681,99.9719,0.0140,0.0141,2.91e-09
292,13,14,3523.0823,3602.4056,-1.657192,1.800250,1.790322,1.818518,99.9715,0.0165,0.0120,2.93e-09
293,13,14,3526.2267,3602.4056,-1.674758,1.801431,1.785265,1.826088,99.9722,0.0123,0.0155,3.19e-09
294,13,14,3536.6829,3602.4056,-1.738877,1.800620,1.793322,1.821551,99.9711,0.0161,0.0128,3.18e-09
295,13,14,3540.7391,3602.4056,-1.766543,1.801662,1.788103,1.832606,99.9719,0.0160,0.0121,3.16e-09
296,13,14,3558.6382,3602.4056,-1.915441,1.800400,1.790320,1.832979,99.9715,0.0148,0.0137,2.90e-09
297,13,14,3562.8744,3602.4056,-1.959652,1.800520,1.796279,1.826000,99.9707,0.0167,0.0126,2.79e-09
298,13,14,3599.2540,3602.4056,-3.058062,1.801228,1.803218,1.827229,99.9698,0.0201,0.0101,2.45e-09
299,12,15,3625.0508,3641.8840,-2.335159,1.801832,1.790458,1.830044,99.9709,0.0150,0.0141,2.65e-09
300,12,15,3648.2587,3641.8840,-2.756868,1.802188,1.798415,1.832572,99.9698,0.0205,0.0096,2.25e-09
301,12,15,3663.5743,3641.8840,-2.225062,1.802941,1.786846,1.842230,99.9715,0.0115,0.0170,3.14e-09
302,12,15,3706.2628,3641.8840,-1.752583,1.803114,1.803282,1.833491,99.9693,0.0177,0.0131,3.11e-09
303,12,15,3709.8550,3641.8840,-1.729003,1.802241,1.803411,1.840594,99.9692,0.0217,0.0091,2.68e-09
304,12,15,3723.0754,3641.8840,-1.651816,1.802280,1.800612,1.848937,99.9695,0.0198,0.0107,2.50e-09
305,12,15,3742.8904,3641.8840,-1.556977,1.802786,1.810983,1.845799,99.9681,0.0240,0.0079,2.96e-09
306,12,15,3746.1351,3641.8840,-1.543245,1.802424,1.806301,1.842981,99.9688,0.0191,0.0121,2.20e-09
307,14,14,3761.6018,3868.8849,-1.557054,1.798698,1.782013,1.796056,99.9707,0.0113,0.0180,2.92e-09
308,14,14,3801.8662,3868.8849,-1.761389,1.798628,1.796611,1.823419,99.9687,0.0154,0.0159,2.51e-09
309,14,14,3812.2453,3868.8849,-1.834466,1.798576,1.792792,1.823442,99.9692,0.0157,0.0151,2.79e-09
310,14,14,3823.7640,3868.8849,-1.933208,1.799796,1.801854,1.823339,99.9681,0.0170,0.0149,2.84e-09
311,14,14,3827.1788,3868.8849,-1.967385,1.798802,1.801977,1.825753,99.9679,0.0189,0.0132,2.23e-09
312,14,14,3840.1859,3868.8849,-2.129719,1.798794,1.801153,1.825623,99.9681,0.0164,0.0155,3.08e-09
313,14,14,3853.5958,3868.8849,-2.403203,1.798728,1.804480,1.823704,99.9675,0.0160,0.0165,2.44e-09
314,14,14,3876.0200,3868.8849,-2.734187,1.798028,1.798896,1.830370,99.9683,0.0174,0.0143,2.49e-09
315,13,15,3910.4301,3888.6241,-2.251221,1.799878,1.791752,1.843668,99.9692,0.0157,0.0151,2.48e-09
316,13,15,3930.2998,3888.6241,-1.969913,1.799887,1.796853,1.834993,99.9684,0.0175,0.0141,2.35e-09
317,13,15,3938.0847,3888.6241,-1.895537,1.800557,1.802171,1.840172,99.9677,0.0244,0.0078,2.32e-09
318,13,15,3943.7328,3888.6241,-1.848576,1.800660,1.798899,1.835107,99.9682,0.0165,0.0153,2.69e-09
319,13,15,3955.3898,3888.6241,-1.765243,1.799813,1.805698,1.832099,99.9671,0.0179,0.0150,2.45e-09
320,13,15,3999.9532,3888.6241,-1.543187,1.800261,1.795960,1.867771,99.9686,0.0126,0.0188,2.33e-09
321,13,15,4007.1109,3888.6241,-1.516126,1.800800,1.793199,1.890410,99.9691,0.0132,0.0178,2.27e-09
322,14,15,4039.5011,4155.1035,-1.555615,1.802482,1.794367,1.806074,99.9664,0.0138,0.0199,2.17e-09
323,14,15,4046.2409,4155.1035,-1.581703,1.802178,1.793243,1.808189,99.9665,0.0190,0.0145,2.70e-09
324,14,15,4063.5404,4155.1035,-1.656861,1.801461,1.805132,1.802455,99.9645,0.0189,0.0166,2.67e-09
325,14,15,4084.4960,4155.1035,-1.769731,1.801983,1.790149,1.822733,99.9669,0.0112,0.0218,2.63e-09
326,14,15,4123.9859,4155.1035,-2.125577,1.801696,1.791736,1.824447,99.9667,0.0116,0.0217,2.74e-09
327,14,15,4149.0629,4155.1035,-2.837505,1.801962,1.795654,1.830311,99.9661,0.0173,0.0166,2.27e-09
328,14,15,4167.5151,4155.1035,-2.524751,1.801413,1.812940,1.815792,99.9632,0.0121,0.0247,1.86e-09
329,14,15,4210.6918,4155.1035,-1.873598,1.802035,1.807688,1.835195,99.9642,0.0192,0.0166,1.96e-09
330,14,15,4215.0959,4155.1035,-1.840485,1.802568,1.808477,1.833783,99.9641,0.0153,0.0205,2.06e-09
331,14,15,4231.7669,4155.1035,-1.733994,1.802104,1.807314,1.844770,99.9643,0.0199,0.0158,1.57e-09
332,14,15,4241.9690,4155.1035,-1.679734,1.802112,1.813598,1.834970,99.9632,0.0128,0.0240,2.43e-09
333,15,15,4313.0659,4441.3220,-1.539434,1.801279,1.791848,1.817108,99.9644,0.0120,0.0236,1.63e-09
334,15,15,4432.2476,4441.3220,-2.689697,1.801738,1.822388,1.823701,99.9591,0.0318,0.0090,2.13e-09
335,15,15,4438.3184,4441.3220,-3.169878,1.801091,1.756878,1.832825,99.9697,0.0136,0.0167,2.07e-09
336,15,15,4467.3558,4441.3220,-2.231974,1.801768,1.811850,1.817701,99.9611,0.0188,0.0201,2.23e-09
337,15,15,4476.4191,4441.3220,-2.102241,1.801443,1.795659,1.803779,99.9638,0.0172,0.0190,1.37e-09
338,15,15,4480.1021,4441.3220,-2.058903,1.800828,1.816835,1.826329,99.9600,0.0169,0.0231,2.41e-09
339,15,15,4529.7332,4441.3220,-1.701005,1.801224,1.837172,1.812802,99.9562,0.0197,0.0241,1.52e-09
340,15,15,4583.2203,4441.3220,-1.495535,1.802515,1.810708,1.801404,99.9614,0.0177,0.0209,1.68e-09
341,15,15,4636.9115,4441.3220,-1.356167,1.800703,1.835422,1.834690,99.9564,0.0188,0.0248,1.56e-09
342,15,15,4647.8620,4441.3220,-1.332508,1.800984,1.819565,1.872087,99.9596,0.0301,0.0103,1.70e-09
343,15,15,4668.4157,4441.3220,-1.291307,1.801777,1.850289,1.832705,99.9536,0.0250,0.0214,1.50e-09
344,15,15,4678.2107,4441.3220,-1.272968,1.801585,1.816238,1.860406,99.9603,0.0159,0.0238,1.54e-09
345,15,15,4692.8522,4441.3220,-1.246922,1.800536,1.814319,1.871454,99.9605,0.0245,0.0150,2.29e-09
346,15,15,4735.2052,4441.3220,-1.179337,1.801624,1.845061,1.841806,99.9546,0.0360,0.0093,1.49e-09
347,15,15,4826.2420,4441.3220,-1.062142,1.801141,1.844784,1.853069,99.9546,0.0126,0.0328,1.82e-09
348,15,15,5227.8748,4441.3220,-0.751784,1.802251,1.824216,1.843492,99.9589,0.0144,0.0268,1.21e-09
349,15,15,5431.2140,4441.3220,-0.651924,1.801284,1.870635,1.936084,99.9489,0.0107,0.0404,1.28e-09
350,15,15,5643.6622,4441.3220,-0.567485,1.802508,1.910993,1.943925,99.9387,0.0471,0.0142,1.02e-09
351,15,15,6185.2499,4441.3220,-0.405984,1.801942,1.840841,2.036407,99.9556,0.0319,0.0126,7.79e-10
352,15,15,6481.0796,4441.3220,-0.337934,1.801068,1.791235,1.866280,99.9645,0.0106,0.0249,5.76e-10
353,15,15,62815.1157,4441.3220,1.118706,1.801918,1.667310,1.471138,99.9800,0.0121,0.0079,2.38e-12
354,15,15,67054.1049,4441.3220,1.149151,1.801744,1.697629,1.376677,99.9770,0.0097,0.0133,1.86e-12
355,15,15,70338.2136,4441.3220,1.171353,1.801879,1.723382,1.425534,99.9741,0.0118,0.0141,3.40e-12
356,15,15,72889.5310,4441.3220,1.187850,1.801294,1.739407,1.441193,99.9721,0.0147,0.0131,2.30e-12
357,15,15,74139.9686,4441.3220,1.195712,1.801612,1.788633,1.587743,99.9650,0.0219,0.0131,2.97e-12
358,15,15,74627.0714,4441.3220,1.198737,1.801589,1.718623,1.429446,99.9747,0.0141,0.0113,2.45e-12
359,15,15,75575.6388,4441.3220,1.204567,1.801312,1.729626,1.407375,99.9733,0.0096,0.0170,4.00e-12
360,15,15,75596.2913,4441.3220,1.204693,1.802066,1.720520,1.443328,99.9745,0.0173,0.0083,2.49e-12
361,15,15,76536.1395,4441.3220,1.210392,1.802025,1.793299,1.528330,99.9643,0.0145,0.0212,4.54e-12
362,15,15,76868.9725,4441.3220,1.212392,1.801873,1.782870,1.573539,99.9659,0.0115,0.0225,2.76e-12
363,15,15,79852.0848,4441.3220,1.229921,1.801861,1.871160,1.831467,99.9488,0.0407,0.0104,3.07e-12
364,15,15,79993.0512,4441.3220,1.230732,1.801876,1.790804,1.619701,99.9647,0.0244,0.0109,2.67e-12
365,15,15,80448.1244,4441.3220,1.233340,1.801780,1.759427,1.472488,99.9694,0.0228,0.0077,2.37e-12
366,15,15,80595.8137,4441.3220,1.234183,1.801590,1.718003,1.263668,99.9747,0.0087,0.0166,2.95e-12
367,15,15,80764.6806,4441.3220,1.235145,1.801741,1.737059,1.410955,99.9724,0.0049,0.0227,2.85e-12
368,15,15,81289.6084,4441.3220,1.238122,1.801569,1.666562,1.217847,99.9801,0.0023,0.0176,1.95e-12
369,15,15,81474.8781,4441.3220,1.239168,1.801542,1.846587,1.757809,99.9543,0.0223,0.0234,2.21e-12
370,15,15,81884.5216,4441.3220,1.241471,1.801411,1.762936,1.501709,99.9690,0.0230,0.0080,2.08e-12
371,15,15,82267.8965,4441.3220,1.243616,1.801510,1.856642,1.778975,99.9521,0.0263,0.0215,3.41e-12
372,15,15,82312.8671,4441.3220,1.243867,1.801771,1.745983,1.447158,99.9713,0.0180,0.0107,3.24e-12
373,15,15,82496.0155,4441.3220,1.244887,1.801450,1.723922,1.499047,99.9740,0.0174,0.0086,2.93e-12
374,15,15,82612.4191,4441.3220,1.245534,1.801650,1.832061,1.755424,99.9573,0.0123,0.0304,3.58e-12
375,15,15,82727.3521,4441.3220,1.246172,1.801709,1.756397,1.507941,99.9699,0.0077,0.0224,2.55e-12
376,15,15,83088.9113,4441.3220,1.248173,1.801724,1.736512,1.394194,99.9725,0.0081,0.0194,2.38e-12
377,15,15,83328.9303,4441.3220,1.249497,1.801678,1.806895,1.716474,99.9619,0.0311,0.0069,2.48e-12
378,15,15,83358.4555,4441.3220,1.249659,1.801660,1.791875,1.661603,99.9645,0.0035,0.0320,3.15e-12
379,15,15,83581.5513,4441.3220,1.250885,1.801639,1.726849,1.394454,99.9737,0.0039,0.0224,2.77e-12
380,15,15,83755.1712,4441.3220,1.251837,1.801524,1.775686,1.547316,99.9670,0.0045,0.0285,3.00e-12
381,15,15,83789.6439,4441.3220,1.252025,1.801498,1.778407,1.432322,99.9666,0.0060,0.0274,2.32e-12
382,15,15,84729.0258,4441.3220,1.257137,1.801732,1.779712,1.423928,99.9664,0.0035,0.0301,2.99e-12
383,15,15,84870.7443,4441.3220,1.257903,1.801659,1.733703,1.373119,99.9728,0.0201,0.0070,3.01e-12
384,15,15,85078.1219,4441.3220,1.259021,1.801549,1.799162,1.728276,99.9632,0.0087,0.0281,3.02e-12
385,15,15,85412.3396,4441.3220,1.260817,1.801810,1.762236,1.568311,99.9690,0.0136,0.0174,2.69e-12
386,15,15,86394.3649,4441.3220,1.266053,1.801675,1.748096,1.488935,99.9710,0.0178,0.0113,2.52e-12
387,15,15,86498.4916,4441.3220,1.266604,1.801768,1.743630,1.507291,99.9715,0.0201,0.0084,4.41e-12
388,15,15,86634.0678,4441.3220,1.267321,1.801568,1.747492,1.400534,99.9711,0.0029,0.0261,2.70e-12
389,15,15,86708.9782,4441.3220,1.267717,1.801437,1.794680,1.602189,99.9641,0.0263,0.0097,2.78e-12
390,15,15,86854.9223,4441.3220,1.268487,1.801771,1.803610,1.531032,99.9625,0.0062,0.0314,3.16e-12
391,15,15,87202.5048,4441.3220,1.270314,1.801645,1.748681,1.568099,99.9709,0.0046,0.0246,1.52e-12
392,15,15,87871.6144,4441.3220,1.273812,1.801680,1.804882,1.486612,99.9623,0.0043,0.0334,2.37e-12
393,15,15,87951.5828,4441.3220,1.274228,1.801491,1.799303,1.595049,99.9633,0.0127,0.0240,3.23e-12
394,15,15,88011.4328,4441.3220,1.274539,1.801742,1.762643,1.389037,99.9689,0.0271,0.0039,3.01e-12
395,15,15,88044.5419,4441.3220,1.274711,1.801498,1.792281,1.610066,99.9645,0.0062,0.0294,2.25e-12
396,15,15,89332.7960,4441.3220,1.281352,1.801312,1.884831,1.752061,99.9455,0.0449,0.0095,4.74e-12
397,15,15,89597.8451,4441.3220,1.282706,1.801653,1.934063,1.900675,99.9316,0.0081,0.0602,3.21e-12
398,15,15,91064.8479,4441.3220,1.290124,1.801504,1.866715,1.652862,99.9499,0.0443,0.0058,1.06e-12
399,15,15,92014.3436,4441.3220,1.294858,1.801631,1.887188,1.745619,99.9449,0.0502,0.0049,1.44e-12
400,15,15,92083.8489,4441.3220,1.295203,1.801665,1.817489,1.628514,99.9601,0.0360,0.0040,1.79e-12
401,15,15,92461.4978,4441.3220,1.297070,1.801598,1.852053,1.485669,99.9531,0.0041,0.0429,2.36e-12
402,15,15,92716.6726,4441.3220,1.298327,1.801681,1.831633,1.779565,99.9574,0.0313,0.0113,1.61e-12
403,15,15,92807.8828,4441.3220,1.298776,1.801716,1.832533,1.719649,99.9572,0.0102,0.0327,2.70e-12
404,15,15,94203.8113,4441.3220,1.305583,1.801600,1.839468,1.692947,99.9558,0.0125,0.0317,2.70e-12
405,15,15,94755.6364,4441.3220,1.308244,1.801595,1.851104,1.562163,99.9534,0.0363,0.0103,2.10e-12
406,15,15,94833.4614,4441.3220,1.308618,1.801656,1.887632,1.607317,99.9448,0.0499,0.0053,2.01e-12
407,15,15,95591.9609,4441.3220,1.312247,1.801585,1.821878,1.647333,99.9592,0.0335,0.0073,3.45e-12
408,15,15,95812.1118,4441.3220,1.313295,1.801717,1.762646,1.408977,99.9690,0.0282,0.0028,1.57e-12
409,15,15,96559.6466,4441.3220,1.316834,1.801579,1.894413,1.718422,99.9430,0.0403,0.0167,1.52e-12
410,15,15,96878.3207,4441.3220,1.318334,1.801517,1.898096,1.712679,99.9421,0.0214,0.0365,2.04e-12
411,15,15,96943.4296,4441.3220,1.318639,1.801649,1.826603,1.710500,99.9583,0.0040,0.0377,2.34e-12
412,15,15,97634.1960,4441.3220,1.321870,1.801516,1.943661,1.963664,99.9285,0.0238,0.0477,1.92e-12
413,15,15,99262.4367,4441.3220,1.329393,1.801664,1.842863,1.569025,99.9551,0.0418,0.0031,1.82e-12
414,15,15,99903.9900,4441.3220,1.332321,1.801717,1.820728,1.441065,99.9595,0.0374,0.0031,1.35e-12
415,15,15,103807.1016,4441.3220,1.349725,1.801480,1.853559,1.507771,99.9528,0.0033,0.0439,1.54e-12
416,15,15,107401.3967,4441.3220,1.365157,1.801511,1.944674,1.921720,99.9283,0.0372,0.0345,1.60e-12
417,15,15,107644.7104,4441.3220,1.366182,1.801493,1.894922,1.687827,99.9429,0.0104,0.0467,9.13e-13
418,15,15,110225.3035,4441.3220,1.376908,1.801481,1.998819,1.759494,99.9079,0.0491,0.0430,1.93e-12
419,15,15,110252.4141,4441.3220,1.377019,1.801538,1.989251,1.753660,99.9119,0.0397,0.0484,1.40e-12
420,15,15,111432.4585,4441.3220,1.381836,1.801572,1.983327,1.744238,99.9142,0.0432,0.0425,1.97e-12
421,15,15,112245.5817,4441.3220,1.385124,1.801591,1.925396,1.639157,99.9343,0.0638,0.0019,1.56e-12
422,15,15,113110.9416,4441.3220,1.388596,1.801551,1.949862,1.881533,99.9265,0.0386,0.0349,1.68e-12
423,15,15,124261.6844,4441.3220,1.431018,1.801481,1.952873,1.679787,99.9255,0.0669,0.0076,1.39e-12
424,15,15,127547.9064,4441.3220,1.442769,1.801643,1.938670,1.628895,99.9302,0.0624,0.0074,1.21e-12
425,15,15,5538344.4393,4441.3220,3.095519,0.081090,3.516598,6.344625,0.0085,74.0569,25.9346,5.57e-14
426,15,15,5539145.2128,4441.3220,3.095582,0.153205,3.516572,6.344650,0.0200,25.9273,74.0528,2.29e-14
427,15,15,5772368.8863,4441.3220,3.113508,0.101242,3.516589,6.362593,0.0132,99.9684,0.0184,5.02e-14
428,15,15,5772997.4267,4441.3220,3.113555,0.070664,3.516591,6.362594,0.0133,0.0210,99.9656,3.28e-14
429,15,15,5783381.5569,4441.3220,3.114336,0.083597,3.516589,6.363410,0.0122,44.7376,55.2502,5.35e-14
430,15,15,5784249.1693,4441.3220,3.114401,0.083153,3.516591,6.363407,0.0109,55.2599,44.7292,6.16e-14
431,15,15,5786748.8628,4441.3220,3.114589,0.102700,3.516575,6.363666,0.0220,82.6137,17.3643,3.93e-14
432,15,15,5787754.0556,4441.3220,3.114664,0.124948,3.516578,6.363658,0.0181,17.3567,82.6252,5.07e-14
433,15,15,5796189.5163,4441.3220,3.115297,0.063504,3.516595,6.364404,0.0100,62.1951,37.7949,6.24e-14
434,15,15,5796695.3525,4441.3220,3.115335,0.087929,3.516585,6.364414,0.0145,37.7893,62.1962,5.03e-14
435,15,15,5822570.2637,4441.3220,3.117271,0.070698,3.516593,6.366367,0.0097,66.8024,33.1879,7.23e-14
436,15,15,5823277.9396,4441.3220,3.117324,0.106446,3.516583,6.366372,0.0119,33.1879,66.8002,4.73e-14
437,15,15,5832628.9099,4441.3220,3.118021,0.141922,3.516569,6.367058,0.0218,97.9595,2.0187,4.61e-14
438,15,15,5834675.6552,4441.3220,3.118174,0.133224,3.516569,6.367074,0.0202,2.4916,97.4882,4.56e-14
439,15,15,5835154.2822,4441.3220,3.118209,0.147546,3.516566,6.367209,0.0212,5.6183,94.3606,4.84e-14
440,15,15,5837582.3923,4441.3220,3.118390,0.182697,3.516549,6.367245,0.0285,93.8849,6.0866,4.61e-14
441,15,15,5870764.6464,4441.3220,3.120854,0.054874,3.516599,6.369969,0.0091,98.9610,1.0298,8.68e-14
442,15,15,5871581.8416,4441.3220,3.120914,0.090904,3.516593,6.369975,0.0118,1.0295,98.9587,9.34e-14
443,15,15,5878856.4014,4441.3220,3.121452,0.060019,3.516593,6.370521,0.0108,13.5497,86.4395,6.13e-14
444,15,15,5879594.7956,4441.3220,3.121507,0.082492,3.516592,6.370522,0.0118,86.4385,13.5497,9.58e-14
445,15,15,5902484.8102,4441.3220,3.123196,0.114660,3.516581,6.372283,0.0150,89.6872,10.2978,6.51e-14
446,15,15,5902716.8463,4441.3220,3.123213,0.068366,3.516591,6.372274,0.0101,10.3341,89.6558,5.73e-14
447,15,15,5907829.0333,4441.3220,3.123589,0.089873,3.516590,6.372650,0.0132,99.7771,0.2097,5.90e-14
448,15,15,5908037.9780,4441.3220,3.123604,0.085772,3.516593,6.372650,0.0134,0.1775,99.8091,6.04e-14
449,15,15,5912299.9441,4441.3220,3.123918,0.100243,3.516587,6.372982,0.0123,56.1515,43.8362,8.92e-14
450,15,15,5912526.4703,4441.3220,3.123934,0.123347,3.516576,6.372995,0.0183,43.8088,56.1729,6.11e-14
451,15,15,5913989.5322,4441.3220,3.124042,0.082038,3.516594,6.373156,0.0132,84.9209,15.0660,6.56e-14
452,15,15,5914412.3779,4441.3220,3.124073,0.082339,3.516587,6.373154,0.0116,15.2275,84.7609,1.05e-13
453,15,15,5915599.2384,4441.3220,3.124160,0.106586,3.516580,6.373253,0.0148,88.6068,11.3785,6.55e-14
454,15,15,5915883.4174,4441.3220,3.124181,0.084375,3.516590,6.373250,0.0111,11.2315,88.7574,5.64e-14
455,15,15,5927599.6216,4441.3220,3.125041,0.093338,3.516590,6.374100,0.0136,14.0202,85.9662,9.24e-14
456,15,15,5927820.9302,4441.3220,3.125057,0.096218,3.516590,6.374096,0.0118,85.9661,14.0221,8.83e-14
457,15,15,5935488.9676,4441.3220,3.125619,0.137519,3.516574,6.374700,0.0213,87.8774,12.1013,5.01e-14
458,15,15,5935681.8621,4441.3220,3.125633,0.115579,3.516583,6.374688,0.0162,12.1029,87.8809,7.82e-14
459,15,15,5947970.5002,4441.3220,3.126532,0.068034,3.516598,6.375609,0.0106,88.7084,11.2810,7.61e-14
460,15,15,5948255.3173,4441.3220,3.126553,0.069469,3.516598,6.375610,0.0101,11.2727,88.7173,8.18e-14
461,15,15,5950960.9228,4441.3220,3.126751,0.070122,3.516595,6.375841,0.0131,97.6357,2.3512,6.76e-14
462,15,15,5951446.7049,4441.3220,3.126786,0.083030,3.516592,6.375834,0.0111,2.3611,97.6277,6.77e-14
463,15,15,5980491.1193,4441.3220,3.128902,0.080626,3.516587,6.377976,0.0135,1.9103,98.0762,7.69e-14
464,15,15,5980974.8661,4441.3220,3.128937,0.139526,3.516567,6.377996,0.0225,98.0647,1.9129,4.96e-14
465,15,15,5984029.0353,4441.3220,3.129159,0.107680,3.516581,6.378228,0.0151,0.1306,99.8544,8.12e-14
466,15,15,5984368.5443,4441.3220,3.129184,0.147429,3.516566,6.378245,0.0227,99.8449,0.1324,5.30e-14
467,15,15,5988086.1692,4441.3220,3.129454,0.070342,3.516590,6.378543,0.0129,69.1466,30.8405,5.21e-14
468,15,15,5988515.2921,4441.3220,3.129485,0.110513,3.516587,6.378546,0.0137,30.8883,69.0980,6.57e-14
469,15,15,5992533.1018,4441.3220,3.129776,0.096797,3.516583,6.378866,0.0154,91.1336,8.8510,8.25e-14
470,15,15,5993299.9461,4441.3220,3.129832,0.128966,3.516575,6.378869,0.0169,8.8634,91.1198,7.14e-14
471,15,15,5994926.5106,4441.3220,3.129950,0.102941,3.516578,6.379069,0.0165,32.3950,67.5885,7.09e-14
472,15,15,5995726.4760,4441.3220,3.130008,0.107941,3.516588,6.379068,0.0160,67.5533,32.4307,4.64e-14
473,15,15,5998758.2316,4441.3220,3.130227,0.073823,3.516596,6.379306,0.0110,29.8238,70.1652,5.63e-14
474,15,15,5998963.2197,4441.3220,3.130242,0.110250,3.516586,6.379313,0.0138,70.1422,29.8441,6.30e-14
475,15,15,6013125.3838,4441.3220,3.131267,0.070510,3.516592,6.380346,0.0118,98.7978,1.1904,6.42e-14
476,15,15,6013563.1278,4441.3220,3.131299,0.057414,3.516597,6.380365,0.0106,1.4165,98.5730,7.84e-14
477,15,15,6015441.3953,4441.3220,3.131434,0.098638,3.516587,6.380500,0.0136,92.0557,7.9307,6.96e-14
478,15,15,6015896.2986,4441.3220,3.131467,0.103451,3.516589,6.380514,0.0125,7.5588,92.4287,8.13e-14
479,15,15,6017335.1420,4441.3220,3.131571,0.106079,3.516586,6.380646,0.0128,97.4224,2.5649,1.09e-13
480,15,15,6018393.8448,4441.3220,3.131648,0.107869,3.516583,6.380624,0.0178,2.7038,97.2785,7.76e-14
481,15,15,6024646.6902,4441.3220,3.132099,0.106800,3.516582,6.381175,0.0156,95.8311,4.1533,6.54e-14
482,15,15,6024894.7933,4441.3220,3.132117,0.079149,3.516591,6.381165,0.0137,4.1652,95.8212,7.36e-14
483,15,15,6029732.9238,4441.3220,3.132466,0.075209,3.516598,6.381537,0.0085,19.6506,80.3408,7.33e-14
484,15,15,6030004.4597,4441.3220,3.132485,0.099524,3.516584,6.381554,0.0150,80.3225,19.6625,8.79e-14
485,15,15,6034113.6554,4441.3220,3.132781,0.045247,3.516600,6.381869,0.0078,5.4875,94.5048,9.19e-14
486,15,15,6034609.1477,4441.3220,3.132817,0.093848,3.516585,6.381886,0.0152,94.5014,5.4835,5.52e-14
487,15,15,6042416.6934,4441.3220,3.133379,0.112163,3.516580,6.382465,0.0154,91.6732,8.3114,8.63e-14
488,15,15,6042597.3331,4441.3220,3.133392,0.103932,3.516590,6.382459,0.0127,8.3130,91.6743,7.52e-14
489,15,15,6046292.2269,4441.3220,3.133658,0.069300,3.516599,6.382734,0.0079,29.3422,70.6499,7.28e-14
490,15,15,6046682.8567,4441.3220,3.133686,0.105158,3.516579,6.382763,0.0192,70.6471,29.3337,6.39e-14
491,15,15,6052984.0788,4441.3220,3.134138,0.075399,3.516597,6.383200,0.0107,4.1826,95.8067,7.99e-14
492,15,15,6054161.2056,4441.3220,3.134223,0.145754,3.516571,6.383211,0.0209,95.7918,4.1873,4.63e-14
493,15,15,6063315.2466,4441.3220,3.134880,0.091064,3.516595,6.383989,0.0122,0.0825,99.9053,9.26e-14
494,15,15,6064531.5243,4441.3220,3.134967,0.119321,3.516571,6.384011,0.0224,99.8940,0.0836,6.52e-14
495,15,15,6076509.0247,4441.3220,3.135824,0.095540,3.516592,6.384907,0.0117,8.0784,91.9099,7.27e-14
496,15,15,6076685.1281,4441.3220,3.135837,0.087578,3.516590,6.384908,0.0127,91.9065,8.0808,7.22e-14
497,15,15,6080993.5626,4441.3220,3.136145,0.104065,3.516591,6.385258,0.0165,5.5287,94.4548,6.78e-14
498,15,15,6081228.9127,4441.3220,3.136162,0.041794,3.516602,6.385238,0.0076,94.4324,5.5600,7.39e-14
499,15,15,6081646.9497,4441.3220,3.136192,0.096932,3.516588,6.385335,0.0137,73.3927,26.5936,6.52e-14
500,15,15,6082578.3254,4441.3220,3.136258,0.046247,3.516607,6.385318,0.0063,26.6273,73.3664,9.61e-14
501,15,15,6105594.2706,4441.3220,3.137900,0.054404,3.516601,6.387027,0.0082,21.6639,78.3279,7.36e-14
502,15,15,6106475.8333,4441.3220,3.137962,0.058653,3.516602,6.387023,0.0064,78.3330,21.6606,5.23e-14
503,15,15,6110704.6806,4441.3220,3.138263,0.068127,3.516595,6.387376,0.0086,72.2580,27.7334,6.35e-14
504,15,15,6111075.8733,4441.3220,3.138290,0.080772,3.516599,6.387378,0.0093,27.7333,72.2574,1.10e-13
505,15,15,6120169.0020,4441.3220,3.138936,0.072751,3.516599,6.388054,0.0100,48.6565,51.3335,8.51e-14
506,15,15,6120851.0065,4441.3220,3.138984,0.069040,3.516596,6.388054,0.0094,51.3347,48.6559,7.60e-14
507,15,15,6127678.4705,4441.3220,3.139469,0.073816,3.516593,6.388580,0.0091,44.2342,55.7566,9.00e-14
508,15,15,6127911.0026,4441.3220,3.139485,0.071102,3.516594,6.388588,0.0101,56.1389,43.8510,7.08e-14
509,15,15,6128048.4793,4441.3220,3.139495,0.057439,3.516602,6.388611,0.0061,64.0013,35.9925,6.00e-14
510,15,15,6128743.5777,4441.3220,3.139544,0.039208,3.516607,6.388617,0.0064,35.6089,64.3847,1.05e-13
511,15,15,6130682.5090,4441.3220,3.139682,0.069063,3.516598,6.388792,0.0094,14.2488,85.7417,8.77e-14
512,15,15,6130823.8386,4441.3220,3.139692,0.072429,3.516598,6.388791,0.0100,85.7664,14.2236,9.75e-14
513,15,15,6133836.7210,4441.3220,3.139905,0.060534,3.516602,6.389020,0.0068,92.9142,7.0789,1.12e-13
514,15,15,6134017.9130,4441.3220,3.139918,0.081028,3.516584,6.389030,0.0110,7.0563,92.9327,6.80e-14
515,15,15,6141507.7661,4441.3220,3.140449,0.066536,3.516598,6.389567,0.0101,60.6258,39.3641,9.85e-14
516,15,15,6141976.4878,4441.3220,3.140482,0.083106,3.516588,6.389574,0.0130,39.3953,60.5917,9.03e-14
517,15,15,6142945.2263,4441.3220,3.140550,0.146571,3.516566,6.389633,0.0242,99.9285,0.0473,9.40e-14
518,15,15,6143811.2480,4441.3220,3.140612,0.143518,3.516559,6.389642,0.0255,0.0135,99.9610,7.61e-14
519,15,15,6145536.3457,4441.3220,3.140734,0.073068,3.516597,6.389865,0.0095,96.8885,3.1020,9.21e-14
520,15,15,6145992.2677,4441.3220,3.140766,0.102121,3.516593,6.389868,0.0133,3.6855,96.3012,7.71e-14
521,15,15,6147347.2485,4441.3220,3.140862,0.077520,3.516596,6.389989,0.0091,98.8241,1.1668,1.10e-13
522,15,15,6147608.7794,4441.3220,3.140880,0.069213,3.516595,6.389992,0.0117,0.6092,99.3792,8.37e-14
523,15,15,6148479.5165,4441.3220,3.140942,0.049505,3.516604,6.390069,0.0077,93.7409,6.2514,1.07e-13
524,15,15,6148593.5437,4441.3220,3.140950,0.087673,3.516594,6.390073,0.0111,6.2344,93.7545,6.66e-14
525,15,15,6158524.2115,4441.3220,3.141651,0.076095,3.516593,6.390790,0.0115,28.8665,71.1220,7.82e-14
526,15,15,6159117.6649,4441.3220,3.141693,0.069976,3.516592,6.390786,0.0098,71.1164,28.8738,8.88e-14
527,15,15,6161517.2802,4441.3220,3.141862,0.073414,3.516600,6.390969,0.0100,0.3797,99.6103,6.72e-14
528,15,15,6162109.3484,4441.3220,3.141904,0.077746,3.516599,6.390982,0.0098,97.4837,2.5065,9.65e-14
529,15,15,6162198.5714,4441.3220,3.141910,0.081246,3.516592,6.391025,0.0102,90.9461,9.0436,1.06e-13
530,15,15,6163481.9225,4441.3220,3.142001,0.173553,3.516552,6.391076,0.0279,11.1737,88.7985,7.13e-14
531,15,15,6170628.1116,4441.3220,3.142504,0.077235,3.516595,6.391628,0.0104,20.8022,79.1874,9.00e-14
532,15,15,6170895.1741,4441.3220,3.142523,0.088224,3.516591,6.391632,0.0124,79.1661,20.8215,6.91e-14
533,15,15,6172803.1303,4441.3220,3.142658,0.063620,3.516593,6.391781,0.0115,1.1317,98.8568,9.28e-14
534,15,15,6172953.1740,4441.3220,3.142668,0.092675,3.516592,6.391784,0.0123,98.8718,1.1159,7.49e-14
535,15,15,6184762.4254,4441.3220,3.143499,0.108955,3.516588,6.392613,0.0147,1.4194,98.5659,6.49e-14
536,15,15,6184986.3361,4441.3220,3.143515,0.067557,3.516604,6.392605,0.0115,98.5674,1.4211,1.04e-13
537,15,15,6189150.2830,4441.3220,3.143807,0.081452,3.516596,6.392925,0.0122,2.0538,97.9340,7.18e-14
538,15,15,6189411.3160,4441.3220,3.143825,0.078685,3.516593,6.392920,0.0104,97.9296,2.0600,7.49e-14
539,15,15,6192151.6067,4441.3220,3.144018,0.085832,3.516588,6.393155,0.0109,10.2910,89.6980,8.90e-14
540,15,15,6192277.9524,4441.3220,3.144027,0.095095,3.516593,6.393157,0.0119,89.6778,10.3103,6.09e-14
541,15,15,6196007.8467,4441.3220,3.144288,0.056828,3.516602,6.393421,0.0093,13.5200,86.4707,9.00e-14
542,15,15,6196151.6206,4441.3220,3.144298,0.093095,3.516591,6.393424,0.0095,84.6033,15.3871,9.89e-14
543,15,15,6197036.1279,4441.3220,3.144360,0.062784,3.516605,6.393488,0.0089,73.8548,26.1363,9.31e-14
544,15,15,6197516.4134,4441.3220,3.144394,0.089863,3.516590,6.393496,0.0127,28.0705,71.9169,6.22e-14
545,15,15,6200685.9792,4441.3220,3.144616,0.108755,3.516585,6.393746,0.0142,79.6317,20.3541,8.65e-14
546,15,15,6200923.6863,4441.3220,3.144633,0.083358,3.516592,6.393739,0.0093,20.4238,79.5669,1.02e-13
547,15,15,6203195.2286,4441.3220,3.144792,0.093739,3.516589,6.393927,0.0150,73.3368,26.6482,7.48e-14
548,15,15,6203345.1702,4441.3220,3.144803,0.063652,3.516597,6.393912,0.0090,26.5469,73.4441,1.12e-13
549,15,15,6204950.3993,4441.3220,3.144915,0.098117,3.516585,6.394057,0.0122,72.8807,27.1071,7.29e-14
550,15,15,6205307.8804,4441.3220,3.144940,0.083486,3.516590,6.394054,0.0108,27.1032,72.8860,1.03e-13
551,15,15,6209978.7668,4441.3220,3.145267,0.065030,3.516598,6.394386,0.0100,0.2013,99.7887,1.05e-13
552,15,15,6210226.2751,4441.3220,3.145284,0.097963,3.516590,6.394389,0.0114,99.7558,0.2328,6.90e-14
553,15,15,6211593.2259,4441.3220,3.145380,0.040953,3.516603,6.394522,0.0085,1.3018,98.6896,9.44e-14
554,15,15,6211960.1438,4441.3220,3.145406,0.076898,3.516590,6.394527,0.0107,98.7039,1.2854,5.83e-14
555,15,15,6216126.6203,4441.3220,3.145697,0.063482,3.516593,6.394815,0.0113,95.3176,4.6711,7.24e-14
556,15,15,6216252.4009,4441.3220,3.145706,0.128552,3.516575,6.394831,0.0184,4.5332,95.4484,1.00e-13
557,15,15,6223602.9833,4441.3220,3.146220,0.073299,3.516592,6.395346,0.0130,19.5155,80.4715,8.17e-14
558,15,15,6223947.9492,4441.3220,3.146244,0.108473,3.516591,6.395351,0.0132,80.8670,19.1197,7.91e-14
559,15,15,6224923.4668,4441.3220,3.146312,0.078536,3.516592,6.395439,0.0105,8.8504,91.1391,8.35e-14
560,15,15,6225180.3694,4441.3220,3.146330,0.076367,3.516593,6.395442,0.0099,91.0066,8.9835,8.79e-14
561,15,15,6225842.7994,4441.3220,3.146376,0.075472,3.516597,6.395502,0.0105,8.8547,91.1348,8.44e-14
562,15,15,6226276.2529,4441.3220,3.146406,0.090239,3.516590,6.395504,0.0135,91.0048,8.9817,8.87e-14
563,15,15,6230690.8774,4441.3220,3.146714,0.055221,3.516606,6.395854,0.0060,3.8744,96.1196,1.07e-13
564,15,15,6230875.3825,4441.3220,3.146727,0.062476,3.516603,6.395863,0.0107,96.1210,3.8683,8.22e-14
565,15,15,6234859.3273,4441.3220,3.147005,0.043024,3.516612,6.396150,0.0065,12.2006,87.7929,1.17e-13
566,15,15,6234926.6291,4441.3220,3.147010,0.065869,3.516602,6.396157,0.0104,50.2899,49.6997,9.28e-14
567,15,15,6235210.0156,4441.3220,3.147029,0.065371,3.516594,6.396156,0.0100,49.8793,50.1107,7.56e-14
568,15,15,6235640.4547,4441.3220,3.147059,0.082969,3.516588,6.396169,0.0125,87.4053,12.5822,9.72e-14
569,15,15,6237391.4485,4441.3220,3.147181,0.078732,3.516595,6.396331,0.0110,3.1866,96.8024,8.50e-14
570,15,15,6237712.5384,4441.3220,3.147204,0.113573,3.516578,6.396335,0.0141,96.9997,2.9862,7.24e-14
571,15,15,6242823.3923,4441.3220,3.147560,0.070247,3.516595,6.396683,0.0114,99.8569,0.1318,8.24e-14
572,15,15,6243685.9866,4441.3220,3.147620,0.083041,3.516588,6.396680,0.0104,0.2194,99.7702,8.82e-14
573,15,15,6247665.9771,4441.3220,3.147897,0.068032,3.516595,6.397011,0.0101,73.9457,26.0441,7.34e-14
574,15,15,6248178.7963,4441.3220,3.147932,0.077051,3.516591,6.397013,0.0103,25.9551,74.0346,9.15e-14
575,15,15,6253878.7673,4441.3220,3.148329,0.059176,3.516601,6.397459,0.0073,19.0126,80.9801,1.28e-13
576,15,15,6254399.8949,4441.3220,3.148365,0.070331,3.516594,6.397467,0.0111,80.9779,19.0110,7.52e-14
577,15,15,6259420.4213,4441.3220,3.148714,0.070588,3.516597,6.397839,0.0086,99.1704,0.8211,9.88e-14
578,15,15,6259698.4785,4441.3220,3.148733,0.088241,3.516590,6.397848,0.0139,1.3734,98.6127,9.13e-14
579,15,15,6260398.5716,4441.3220,3.148782,0.054888,3.516601,6.397903,0.0094,97.7974,2.1932,8.34e-14
580,15,15,6260664.9007,4441.3220,3.148800,0.099964,3.516587,6.397912,0.0129,1.6503,98.3368,1.01e-13
581,15,15,6267550.0290,4441.3220,3.149278,0.091078,3.516593,6.398417,0.0121,91.6942,8.2938,7.51e-14
582,15,15,6268390.8400,4441.3220,3.149336,0.134319,3.516568,6.398436,0.0221,8.2959,91.6820,7.63e-14
583,15,15,6269800.8023,4441.3220,3.149434,0.083712,3.516595,6.398561,0.0102,97.8088,2.1810,1.27e-13
584,15,15,6270164.4354,4441.3220,3.149459,0.066411,3.516590,6.398561,0.0100,2.1783,97.8117,1.01e-13
585,15,15,6271140.9804,4441.3220,3.149527,0.102538,3.516585,6.398659,0.0128,8.6618,91.3254,1.04e-13
586,15,15,6271787.9744,4441.3220,3.149571,0.130828,3.516568,6.398680,0.0227,91.3134,8.6639,1.05e-13
587,15,15,6274462.8514,4441.3220,3.149757,0.046572,3.516601,6.398913,0.0097,3.6240,96.3663,6.94e-14
588,15,15,6274895.1437,4441.3220,3.149787,0.090164,3.516588,6.398918,0.0113,96.3768,3.6119,5.82e-14
589,15,15,6283113.2254,4441.3220,3.150356,0.072162,3.516594,6.399488,0.0106,96.1884,3.8010,7.46e-14
590,15,15,6283171.7997,4441.3220,3.150360,0.092311,3.516583,6.399497,0.0148,3.7942,96.1910,6.99e-14
591,15,15,6284939.2745,4441.3220,3.150482,0.070927,3.516594,6.399615,0.0108,94.4452,5.5440,6.48e-14
592,15,15,6284980.3918,4441.3220,3.150485,0.110128,3.516577,6.399627,0.0163,5.5395,94.4442,8.65e-14
593,15,15,6289625.1079,4441.3220,3.150806,0.072584,3.516601,6.399960,0.0101,14.7858,85.2041,7.14e-14
594,15,15,6290045.3716,4441.3220,3.150835,0.066746,3.516592,6.399966,0.0120,28.0688,71.9192,8.93e-14
595,15,15,6290055.8115,4441.3220,3.150835,0.084121,3.516591,6.399970,0.0123,60.7705,39.2172,8.78e-14
596,15,15,6290812.7688,4441.3220,3.150888,0.091436,3.516590,6.399966,0.0130,96.3674,3.6196,7.61e-14
597,15,15,6302011.0237,4441.3220,3.151661,0.049891,3.516598,6.400801,0.0091,56.7674,43.2235,8.74e-14
598,15,15,6302689.6237,4441.3220,3.151708,0.102407,3.516586,6.400818,0.0129,43.3250,56.6621,8.01e-14
599,15,15,6304404.8803,4441.3220,3.151826,0.076354,3.516595,6.400964,0.0132,1.9959,97.9908,7.47e-14
600,15,15,6304648.4768,4441.3220,3.151843,0.074852,3.516588,6.400973,0.0120,96.1900,3.7981,8.23e-14
601,15,15,6305369.6854,4441.3220,3.151892,0.077653,3.516601,6.401051,0.0084,43.5234,56.4682,1.14e-13
602,15,15,6306013.2614,4441.3220,3.151937,0.095033,3.516583,6.401077,0.0131,58.5719,41.4150,7.70e-14
603,15,15,6306708.4444,4441.3220,3.151985,0.073864,3.516595,6.401123,0.0086,75.2919,24.6995,9.74e-14
604,15,15,6307146.7662,4441.3220,3.152015,0.110118,3.516589,6.401133,0.0139,24.5430,75.4430,8.67e-14
605,15,15,6308194.4555,4441.3220,3.152087,0.065736,3.516600,6.401188,0.0111,10.3498,89.6392,9.98e-14
606,15,15,6309888.7488,4441.3220,3.152204,0.122753,3.516572,6.401165,0.0204,89.3770,10.6026,8.58e-14
607,15,15,6316010.6835,4441.3220,3.152625,0.061324,3.516602,6.401778,0.0076,98.4634,1.5289,9.77e-14
608,15,15,6316268.6091,4441.3220,3.152643,0.068993,3.516595,6.401786,0.0087,1.8251,98.1661,9.15e-14
609,15,15,6316821.7574,4441.3220,3.152681,0.052864,3.516597,6.401841,0.0088,18.4617,81.5295,8.25e-14
610,15,15,6317176.8937,4441.3220,3.152705,0.066986,3.516595,6.401847,0.0094,81.3272,18.6634,8.17e-14
611,15,15,6318577.0416,4441.3220,3.152802,0.076249,3.516595,6.401958,0.0069,88.3680,11.6251,1.13e-13
612,15,15,6318964.8557,4441.3220,3.152828,0.057001,3.516593,6.401958,0.0061,11.7018,88.2921,1.20e-13
613,15,15,6320176.3687,4441.3220,3.152912,0.056230,3.516600,6.402060,0.0085,99.4433,0.5482,1.12e-13
614,15,15,6320376.0169,4441.3220,3.152925,0.065687,3.516599,6.402059,0.0090,0.5616,99.4294,8.95e-14
615,15,15,6321335.9733,4441.3220,3.152991,0.067451,3.516595,6.402158,0.0092,95.4145,4.5763,9.21e-14
616,15,15,6321812.8536,4441.3220,3.153024,0.100438,3.516583,6.402167,0.0125,4.3642,95.6233,9.38e-14
617,15,15,6323484.7799,4441.3220,3.153139,0.066107,3.516594,6.402272,0.0092,12.4151,87.5757,8.98e-14
618,15,15,6323744.7905,4441.3220,3.153157,0.066230,3.516599,6.402275,0.0105,87.6383,12.3511,6.88e-14
619,15,15,6328799.6910,4441.3220,3.153504,0.038499,3.516606,6.402690,0.0047,47.2464,52.7489,1.33e-13
620,15,15,6329707.3672,4441.3220,3.153567,0.058512,3.516604,6.402701,0.0096,52.7680,47.2224,8.66e-14
621,15,15,6331328.6580,4441.3220,3.153678,0.042845,3.516606,6.402852,0.0058,98.6900,1.3042,1.02e-13
622,15,15,6332194.3071,4441.3220,3.153737,0.077150,3.516597,6.402866,0.0109,3.1124,96.8767,1.09e-13
623,15,15,6332321.1584,4441.3220,3.153746,0.069105,3.516598,6.402913,0.0087,79.7384,20.2529,9.74e-14
624,15,15,6332876.7845,4441.3220,3.153784,0.076052,3.516595,6.402922,0.0119,20.0402,79.9478,8.68e-14
625,15,15,6333850.6261,4441.3220,3.153851,0.057245,3.516597,6.403000,0.0077,97.2892,2.7031,9.91e-14
626,15,15,6334190.9862,4441.3220,3.153874,0.048767,3.516608,6.403021,0.0074,98.3898,1.6029,9.46e-14
627,15,15,6334730.6074,4441.3220,3.153911,0.081139,3.516593,6.403011,0.0127,1.4213,98.5660,8.83e-14
628,15,15,6335088.6803,4441.3220,3.153936,0.111841,3.516587,6.403056,0.0148,1.6129,98.3723,9.73e-14
629,15,15,6336302.2383,4441.3220,3.154019,0.082591,3.516591,6.403200,0.0110,29.0318,70.9572,1.10e-13
630,15,15,6336571.1371,4441.3220,3.154038,0.086610,3.516592,6.403185,0.0110,38.1646,61.8244,7.69e-14
631,15,15,6336693.7555,4441.3220,3.154046,0.083191,3.516591,6.403200,0.0135,61.0704,38.9161,7.79e-14
632,15,15,6336870.7570,4441.3220,3.154058,0.088938,3.516597,6.403207,0.0141,71.1829,28.8030,8.08e-14
633,15,15,6337512.8238,4441.3220,3.154102,0.071381,3.516591,6.403269,0.0090,80.5449,19.4461,8.55e-14
634,15,15,6338275.0159,4441.3220,3.154154,0.075735,3.516593,6.403270,0.0118,19.6032,80.3850,8.27e-14
635,15,15,6346838.3366,4441.3220,3.154741,0.043621,3.516610,6.403928,0.0044,76.3406,23.6549,1.31e-13
636,15,15,6347847.5166,4441.3220,3.154810,0.104979,3.516584,6.403974,0.0126,2.8346,97.1527,9.15e-14
637,15,15,6348117.6523,4441.3220,3.154829,0.051451,3.516601,6.403939,0.0067,21.9501,78.0432,1.09e-13
638,15,15,6348682.2610,4441.3220,3.154867,0.092304,3.516591,6.403992,0.0111,98.4760,1.5129,9.49e-14
639,15,15,6349866.9265,4441.3220,3.154948,0.078229,3.516594,6.404088,0.0113,0.5770,99.4117,1.01e-13
640,15,15,6349943.0880,4441.3220,3.154954,0.097036,3.516588,6.404077,0.0132,98.8505,1.1363,7.71e-14
641,15,15,6350771.2551,4441.3220,3.155010,0.074067,3.516600,6.404172,0.0112,3.0780,96.9108,7.75e-14
642,15,15,6351423.7651,4441.3220,3.155055,0.064422,3.516600,6.404210,0.0091,97.7881,2.2028,1.03e-13
643,15,15,6351709.6538,4441.3220,3.155075,0.067554,3.516602,6.404214,0.0105,2.5043,97.4851,1.31e-13
644,15,15,6352621.5802,4441.3220,3.155137,0.173880,3.516553,6.404223,0.0312,97.4863,2.4825,8.34e-14
645,15,15,6353461.7412,4441.3220,3.155194,0.087523,3.516593,6.404346,0.0115,85.3294,14.6591,8.69e-14
646,15,15,6353527.9949,4441.3220,3.155199,0.077786,3.516591,6.404346,0.0099,14.6896,85.3005,1.04e-13
647,15,15,6354862.6673,4441.3220,3.155290,0.056017,3.516602,6.404459,0.0079,98.4811,1.5110,1.13e-13
648,15,15,6355239.2733,4441.3220,3.155316,0.082157,3.516586,6.404472,0.0113,1.5076,98.4811,7.96e-14
649,15,15,6362032.0136,4441.3220,3.155780,0.040502,3.516605,6.404934,0.0050,75.6288,24.3661,9.60e-14
650,15,15,6362320.8959,4441.3220,3.155800,0.052848,3.516604,6.404942,0.0067,27.6882,72.3050,1.20e-13
651,15,15,6362942.3593,4441.3220,3.155842,0.065724,3.516602,6.404994,0.0082,95.0720,4.9197,1.06e-13
652,15,15,6363342.7781,4441.3220,3.155870,0.077883,3.516596,6.405008,0.0092,3.7192,96.2716,1.17e-13
653,15,15,6364052.7572,4441.3220,3.155918,0.043539,3.516603,6.405089,0.0055,41.4819,58.5125,1.32e-13
654,15,15,6364651.4620,4441.3220,3.155959,0.055515,3.516606,6.405103,0.0085,56.9490,43.0425,1.02e-13
655,15,15,6367026.7049,4441.3220,3.156121,0.068070,3.516599,6.405279,0.0096,79.8667,20.1237,1.14e-13
656,15,15,6367641.5684,4441.3220,3.156163,0.088329,3.516594,6.405285,0.0116,19.6572,80.3312,9.93e-14
657,15,15,6370662.5067,4441.3220,3.156369,0.044127,3.516603,6.405541,0.0044,99.5721,0.4235,1.24e-13
658,15,15,6371319.2309,4441.3220,3.156414,0.062583,3.516600,6.405550,0.0087,2.3527,97.6385,1.17e-13
659,15,15,6371862.4030,4441.3220,3.156451,0.068607,3.516601,6.405605,0.0080,86.6303,13.3617,1.08e-13
660,15,15,6372135.3643,4441.3220,3.156470,0.071745,3.516588,6.405649,0.0090,16.8954,83.0956,9.72e-14
661,15,15,6372656.0099,4441.3220,3.156505,0.100462,3.516588,6.405672,0.0127,29.9541,70.0332,7.99e-14
662,15,15,6373356.7761,4441.3220,3.156553,0.069281,3.516599,6.405665,0.0085,91.0947,8.8969,1.20e-13
663,15,15,6373417.7545,4441.3220,3.156557,0.067533,3.516599,6.405715,0.0118,64.5752,35.4130,9.05e-14
664,15,15,6373583.5650,4441.3220,3.156569,0.147432,3.516560,6.405703,0.0265,8.7784,91.1951,8.46e-14
665,15,15,6374254.7509,4441.3220,3.156614,0.035594,3.516603,6.405792,0.0048,30.8151,69.1801,1.32e-13
666,15,15,6374919.0601,4441.3220,3.156660,0.045739,3.516604,6.405827,0.0061,84.2629,15.7311,1.12e-13
667,15,15,6375115.4300,4441.3220,3.156673,0.063376,3.516600,6.405826,0.0065,82.4884,17.5050,1.02e-13
668,15,15,6375698.8697,4441.3220,3.156713,0.066770,3.516598,6.405856,0.0057,2.4855,97.5088,1.11e-13
669,15,15,6377125.5727,4441.3220,3.156810,0.061114,3.516595,6.405987,0.0063,82.0480,17.9457,1.10e-13
670,15,15,6377479.8712,4441.3220,3.156834,0.079165,3.516591,6.405990,0.0080,17.8739,82.1180,9.61e-14
671,15,15,6379735.4859,4441.3220,3.156988,0.037529,3.516609,6.406173,0.0055,97.1404,2.8541,1.28e-13
672,15,15,6380130.4481,4441.3220,3.157015,0.046780,3.516601,6.406184,0.0052,46.6982,53.2965,1.34e-13
673,15,15,6380215.3053,4441.3220,3.157021,0.048332,3.516604,6.406188,0.0069,53.2077,46.7854,1.00e-13
674,15,15,6380692.8239,4441.3220,3.157053,0.034313,3.516604,6.406197,0.0051,3.1879,96.8070,1.21e-13
675,15,15,6383081.7704,4441.3220,3.157216,0.027777,3.516605,6.406384,0.0055,6.7629,93.2316,1.33e-13
676,15,15,6383212.9712,4441.3220,3.157225,0.057560,3.516596,6.406386,0.0073,92.9895,7.0032,1.28e-13
677,15,15,6385123.8934,4441.3220,3.157355,0.052883,3.516602,6.406540,0.0067,38.8439,61.1494,1.16e-13
678,15,15,6385496.9039,4441.3220,3.157380,0.056886,3.516602,6.406543,0.0063,61.8683,38.1254,1.17e-13
679,15,15,6386433.1144,4441.3220,3.157444,0.031533,3.516608,6.406630,0.0052,93.3509,6.6439,1.23e-13
680,15,15,6387148.8400,4441.3220,3.157493,0.069300,3.516602,6.406641,0.0083,19.2428,80.7489,1.04e-13
681,15,15,6387440.5751,4441.3220,3.157513,0.043450,3.516605,6.406656,0.0074,29.0845,70.9081,1.37e-13
682,15,15,6388010.4009,4441.3220,3.157551,0.088793,3.516597,6.406673,0.0138,57.5721,42.4142,1.09e-13
683,15,15,6389633.8326,4441.3220,3.157662,0.029515,3.516613,6.406835,0.0072,90.7744,9.2183,1.23e-13
684,15,15,6389789.9623,4441.3220,3.157672,0.055564,3.516595,6.406830,0.0061,9.1122,90.8817,1.25e-13
685,15,15,6392467.8739,4441.3220,3.157854,0.058426,3.516597,6.407029,0.0074,74.5774,25.4152,9.67e-14
686,15,15,6392494.7959,4441.3220,3.157856,0.034760,3.516614,6.407027,0.0062,25.4731,74.5207,1.08e-13
687,15,15,6393832.7761,4441.3220,3.157947,0.061999,3.516601,6.407124,0.0062,52.9845,47.0094,1.05e-13
688,15,15,6394028.8174,4441.3220,3.157961,0.049669,3.516606,6.407124,0.0068,47.1127,52.8805,1.14e-13
689,15,15,6395521.8840,4441.3220,3.158062,0.029360,3.516605,6.407235,0.0044,41.6138,58.3817,1.22e-13
690,15,15,6395738.7219,4441.3220,3.158077,0.051218,3.516599,6.407238,0.0063,58.7684,41.2253,1.10e-13
691,15,15,6397008.0953,4441.3220,3.158163,0.055442,3.516598,6.407331,0.0064,65.4264,34.5672,9.97e-14
692,15,15,6397117.1919,4441.3220,3.158170,0.063480,3.516601,6.407336,0.0076,67.5517,32.4407,1.43e-13
693,15,15,6397285.7979,4441.3220,3.158182,0.053899,3.516609,6.407341,0.0081,64.1828,35.8092,9.71e-14
694,15,15,6397717.7993,4441.3220,3.158211,0.071444,3.516590,6.407357,0.0139,2.4175,97.5686,9.15e-14
695,15,15,6399551.0597,4441.3220,3.158336,0.053090,3.516602,6.407516,0.0061,99.1388,0.8551,1.30e-13
696,15,15,6399770.2586,4441.3220,3.158351,0.042499,3.516599,6.407530,0.0061,57.3271,42.6668,1.06e-13
697,15,15,6399887.6467,4441.3220,3.158359,0.071468,3.516596,6.407530,0.0076,32.2118,67.7805,9.65e-14
698,15,15,6400262.8301,4441.3220,3.158384,0.039928,3.516613,6.407541,0.0072,11.3322,88.6606,9.84e-14
699,15,15,6401852.7974,4441.3220,3.158492,0.066762,3.516605,6.407674,0.0084,90.8470,9.1446,1.03e-13
700,15,15,6401989.9375,4441.3220,3.158501,0.068339,3.516596,6.407671,0.0095,9.1473,90.8433,1.00e-13
701,15,15,6404246.9057,4441.3220,3.158655,0.103980,3.516581,6.407834,0.0135,22.1827,77.8038,8.18e-14
702,15,15,6404582.8773,4441.3220,3.158677,0.083469,3.516590,6.407846,0.0105,80.3488,19.6407,1.03e-13
703,15,15,6405380.6764,4441.3220,3.158731,0.089299,3.516590,6.407904,0.0116,68.5285,31.4599,1.10e-13
704,15,15,6405547.9295,4441.3220,3.158743,0.075365,3.516591,6.407902,0.0096,30.3683,69.6222,1.36e-13
705,15,15,6406393.5995,4441.3220,3.158800,0.064495,3.516600,6.407981,0.0090,43.2476,56.7434,1.22e-13
706,15,15,6406664.2386,4441.3220,3.158819,0.112809,3.516578,6.407981,0.0128,55.4083,44.5789,9.84e-14
707,15,15,6407748.0493,4441.3220,3.158892,0.038490,3.516607,6.408077,0.0049,24.7138,75.2813,1.21e-13
708,15,15,6408197.0318,4441.3220,3.158922,0.040878,3.516610,6.408080,0.0067,74.6000,25.3933,7.06e-14
709,15,15,6408772.5581,4441.3220,3.158962,0.060278,3.516602,6.408147,0.0090,49.1744,50.8166,1.01e-13
710,15,15,6408826.6366,4441.3220,3.158965,0.057349,3.516598,6.408152,0.0072,45.8271,54.1656,1.25e-13
711,15,15,6409178.8613,4441.3220,3.158989,0.051062,3.516602,6.408150,0.0060,61.3395,38.6545,1.55e-13
712,15,15,6409300.2497,4441.3220,3.158997,0.064649,3.516596,6.408159,0.0120,44.8954,55.0925,1.14e-13
713,15,15,6409779.8992,4441.3220,3.159030,0.034025,3.516609,6.408215,0.0070,94.3839,5.6091,1.46e-13
714,15,15,6409984.8105,4441.3220,3.159044,0.061579,3.516593,6.408216,0.0063,4.1875,95.8062,1.17e-13
715,15,15,6410669.2142,4441.3220,3.159090,0.053646,3.516601,6.408286,0.0074,88.2678,11.7249,1.07e-13
716,15,15,6410722.9416,4441.3220,3.159094,0.028639,3.516611,6.408269,0.0050,13.4956,86.4994,1.05e-13
717,15,15,6410988.2463,4441.3220,3.159112,0.058226,3.516604,6.408279,0.0059,44.4164,55.5777,1.48e-13
718,15,15,6411007.2297,4441.3220,3.159113,0.041747,3.516600,6.408279,0.0057,54.3176,45.6767,1.19e-13
719,15,15,6413113.0880,4441.3220,3.159256,0.046257,3.516602,6.408443,0.0052,46.3898,53.6051,1.18e-13
720,15,15,6413332.1294,4441.3220,3.159271,0.037179,3.516605,6.408444,0.0058,53.8508,46.1433,1.10e-13
721,15,15,6414206.2191,4441.3220,3.159330,0.041217,3.516601,6.408526,0.0048,89.9971,9.9982,1.39e-13
722,15,15,6414487.1495,4441.3220,3.159349,0.053339,3.516596,6.408530,0.0065,10.1569,89.8365,1.06e-13
723,15,15,6415587.4754,4441.3220,3.159423,0.030462,3.516611,6.408602,0.0058,27.4192,72.5750,1.40e-13
724,15,15,6415777.0878,4441.3220,3.159436,0.057589,3.516601,6.408606,0.0059,69.7908,30.2033,9.48e-14
725,15,15,6415974.4970,4441.3220,3.159450,0.027804,3.516615,6.408636,0.0055,40.8295,59.1651,1.43e-13
726,15,15,6416354.7470,4441.3220,3.159475,0.028047,3.516620,6.408642,0.0062,54.6296,45.3642,1.22e-13
727,15,15,6416830.9528,4441.3220,3.159508,0.050653,3.516601,6.408689,0.0063,15.7435,84.2501,1.12e-13
728,15,15,6416977.1891,4441.3220,3.159518,0.064094,3.516596,6.408708,0.0074,68.2847,31.7079,1.43e-13
729,15,15,6417205.4610,4441.3220,3.159533,0.027481,3.516612,6.408725,0.0075,64.3399,35.6526,1.21e-13
730,15,15,6417453.8300,4441.3220,3.159550,0.047399,3.516606,6.408752,0.0046,9.3880,90.6074,1.44e-13
731,15,15,6417822.2220,4441.3220,3.159575,0.072450,3.516591,6.408748,0.0086,53.0750,46.9164,1.25e-13
732,15,15,6417960.6292,4441.3220,3.159584,0.050736,3.516610,6.408774,0.0063,56.3440,43.6497,1.17e-13
733,15,15,6418221.9029,4441.3220,3.159602,0.058585,3.516606,6.408771,0.0081,94.0418,5.9501,1.24e-13
734,15,15,6418541.9626,4441.3220,3.159624,0.077098,3.516597,6.408804,0.0137,46.6124,53.3739,9.38e-14
735,15,15,6419115.4739,4441.3220,3.159662,0.071165,3.516600,6.408831,0.0096,81.1517,18.8387,1.04e-13
736,15,15,6419525.2693,4441.3220,3.159690,0.090299,3.516588,6.408852,0.0102,17.5413,82.4485,7.98e-14
737,15,15,6419963.9353,4441.3220,3.159720,0.049121,3.516606,6.408906,0.0061,11.5153,88.4786,1.32e-13
738,15,15,6420219.6936,4441.3220,3.159737,0.080288,3.516590,6.408914,0.0077,86.4895,13.5028,1.11e-13
739,15,15,6420508.9359,4441.3220,3.159757,0.051689,3.516599,6.408936,0.0057,9.5233,90.4710,1.23e-13
740,15,15,6420921.4082,4441.3220,3.159785,0.073527,3.516604,6.408977,0.0074,39.7198,60.2728,1.10e-13
741,15,15,6420971.2658,4441.3220,3.159788,0.066860,3.516598,6.408954,0.0090,74.6331,25.3579,1.03e-13
742,15,15,6421425.5079,4441.3220,3.159819,0.041071,3.516610,6.408993,0.0077,83.5192,16.4731,1.19e-13
743,15,15,6421619.2649,4441.3220,3.159832,0.065355,3.516596,6.409010,0.0080,24.3113,75.6807,1.11e-13
744,15,15,6421734.1811,4441.3220,3.159840,0.060031,3.516601,6.409009,0.0110,71.6186,28.3704,1.00e-13
745,15,15,6422303.0408,4441.3220,3.159878,0.043943,3.516601,6.409068,0.0081,15.8657,84.1262,1.13e-13
746,15,15,6422653.4662,4441.3220,3.159902,0.061259,3.516593,6.409091,0.0087,75.3255,24.6658,1.18e-13
747,15,15,6423091.6418,4441.3220,3.159931,0.083649,3.516590,6.409102,0.0129,74.2666,25.7204,9.84e-14
748,15,15,6423284.8540,4441.3220,3.159945,0.083686,3.516592,6.409121,0.0124,33.3661,66.6215,9.61e-14
749,15,15,6423804.1030,4441.3220,3.159980,0.054467,3.516594,6.409167,0.0060,16.9433,83.0508,1.23e-13
750,15,15,6424063.0245,4441.3220,3.159997,0.048741,3.516601,6.409168,0.0077,83.0931,16.8992,1.16e-13
751,15,15,6424396.9712,4441.3220,3.160020,0.050968,3.516607,6.409203,0.0069,7.6273,92.3658,1.27e-13
752,15,15,6424530.5029,4441.3220,3.160029,0.053830,3.516603,6.409204,0.0086,92.4415,7.5500,1.18e-13
753,15,15,6425477.2853,4441.3220,3.160093,0.057464,3.516599,6.409288,0.0062,11.9690,88.0248,1.31e-13
754,15,15,6425641.3445,4441.3220,3.160104,0.073397,3.516588,6.409285,0.0066,59.0429,40.9505,1.23e-13
755,15,15,6425742.2747,4441.3220,3.160111,0.064836,3.516601,6.409292,0.0091,61.3787,38.6122,1.18e-13
756,15,15,6425878.1238,4441.3220,3.160120,0.083676,3.516597,6.409299,0.0110,67.5217,32.4673,1.05e-13
757,15,15,6426663.7198,4441.3220,3.160173,0.044130,3.516608,6.409376,0.0056,66.5884,33.4060,1.20e-13
758,15,15,6427156.5386,4441.3220,3.160206,0.073263,3.516599,6.409389,0.0095,35.9401,64.0504,1.22e-13
759,15,15,6427346.3169,4441.3220,3.160219,0.047855,3.516604,6.409421,0.0061,80.1819,19.8120,1.28e-13
760,15,15,6427679.5769,4441.3220,3.160242,0.051578,3.516605,6.409436,0.0081,51.7249,48.2671,1.32e-13
761,15,15,6427914.1899,4441.3220,3.160258,0.069495,3.516592,6.409444,0.0092,26.0630,73.9278,1.02e-13
762,15,15,6428104.6590,4441.3220,3.160271,0.059134,3.516601,6.409438,0.0095,39.8847,60.1058,9.85e-14
763,15,15,6428643.8511,4441.3220,3.160307,0.038918,3.516605,6.409504,0.0060,31.4255,68.5685,1.48e-13
764,15,15,6428731.5249,4441.3220,3.160313,0.052504,3.516604,6.409511,0.0068,61.1587,38.8344,1.29e-13
765,15,15,6429171.8343,4441.3220,3.160343,0.078452,3.516589,6.409520,0.0121,38.7235,61.2643,1.12e-13
766,15,15,6429585.5338,4441.3220,3.160371,0.099351,3.516585,6.409532,0.0143,68.5426,31.4432,9.38e-14
767,15,15,6430303.2515,4441.3220,3.160419,0.061175,3.516604,6.409626,0.0066,69.3011,30.6923,1.59e-13
768,15,15,6430873.1030,4441.3220,3.160458,0.074994,3.516590,6.409633,0.0078,30.1774,69.8148,1.15e-13
769,15,15,6431020.2640,4441.3220,3.160468,0.066954,3.516602,6.409659,0.0075,22.8437,77.1488,1.22e-13
770,15,15,6431280.0328,4441.3220,3.160485,0.059738,3.516601,6.409667,0.0089,77.7594,22.2318,1.41e-13
771,15,15,6431417.4815,4441.3220,3.160494,0.059279,3.516601,6.409696,0.0071,50.9937,48.9991,1.25e-13
772,15,15,6431777.2073,4441.3220,3.160519,0.068141,3.516594,6.409703,0.0077,38.7179,61.2744,1.20e-13
773,15,15,6431934.9512,4441.3220,3.160529,0.055009,3.516603,6.409728,0.0077,37.3606,62.6317,1.31e-13
774,15,15,6432393.7326,4441.3220,3.160560,0.068742,3.516602,6.409738,0.0087,68.9561,31.0352,1.15e-13
775,15,15,6432615.9925,4441.3220,3.160575,0.047700,3.516608,6.409773,0.0074,42.6444,57.3482,1.11e-13
776,15,15,6433040.0599,4441.3220,3.160604,0.068586,3.516600,6.409787,0.0088,56.8980,43.0932,1.13e-13
777,15,15,6433432.8739,4441.3220,3.160631,0.065232,3.516607,6.409808,0.0098,32.1327,67.8575,9.73e-14
778,15,15,6433779.7073,4441.3220,3.160654,0.080424,3.516595,6.409827,0.0121,72.1200,27.8678,1.05e-13
779,15,15,6434289.4068,4441.3220,3.160688,0.081286,3.516596,6.409879,0.0113,79.8837,20.1050,1.24e-13
780,15,15,6434626.6853,4441.3220,3.160711,0.099273,3.516585,6.409890,0.0145,22.9552,77.0303,1.11e-13
781,15,15,6435027.0119,4441.3220,3.160738,0.043580,3.516608,6.409943,0.0062,54.9451,45.0487,1.18e-13
782,15,15,6435177.0449,4441.3220,3.160748,0.048137,3.516604,6.409946,0.0059,78.8985,21.0955,1.52e-13
783,15,15,6435474.6344,4441.3220,3.160769,0.074930,3.516602,6.409953,0.0087,42.8199,57.1714,9.96e-14
784,15,15,6435660.6281,4441.3220,3.160781,0.062345,3.516594,6.409953,0.0068,21.1340,78.8592,1.23e-13
785,15,15,6436152.0794,4441.3220,3.160814,0.063523,3.516598,6.410009,0.0068,89.3790,10.6141,1.24e-13
786,15,15,6436456.3606,4441.3220,3.160835,0.064726,3.516601,6.410021,0.0074,15.0073,84.9853,1.23e-13
787,15,15,6436685.9922,4441.3220,3.160850,0.045056,3.516607,6.410041,0.0045,32.8282,67.1673,1.46e-13
788,15,15,6436833.4253,4441.3220,3.160860,0.059209,3.516599,6.410063,0.0087,67.8998,32.0915,1.39e-13
789,15,15,6437080.8596,4441.3220,3.160877,0.053082,3.516602,6.410078,0.0070,73.9718,26.0212,1.28e-13
790,15,15,6437325.5312,4441.3220,3.160893,0.077778,3.516588,6.410077,0.0098,39.0775,60.9127,1.13e-13
791,15,15,6437609.0341,4441.3220,3.160913,0.081728,3.516597,6.410094,0.0126,73.6164,26.3711,1.21e-13
792,15,15,6437836.5010,4441.3220,3.160928,0.063146,3.516599,6.410117,0.0084,88.8271,11.1644,1.00e-13
793,15,15,6437930.6467,4441.3220,3.160934,0.057186,3.516600,6.410110,0.0101,12.8736,87.1164,1.03e-13
794,15,15,6438081.4302,4441.3220,3.160945,0.075358,3.516595,6.410121,0.0098,7.1915,92.7988,1.08e-13
795,15,15,6438480.1400,4441.3220,3.160971,0.063958,3.516599,6.410169,0.0062,8.8129,91.1809,1.22e-13
796,15,15,6438730.1601,4441.3220,3.160988,0.046752,3.516605,6.410183,0.0071,79.2107,20.7822,1.23e-13
797,15,15,6438927.9848,4441.3220,3.161002,0.067491,3.516595,6.410194,0.0083,8.8908,91.1009,1.31e-13
798,15,15,6439126.6079,4441.3220,3.161015,0.066729,3.516598,6.410204,0.0086,90.6407,9.3507,1.02e-13
799,15,15,6439528.9156,4441.3220,3.161042,0.090787,3.516593,6.410211,0.0134,9.1702,90.8164,9.87e-14
800,15,15,6439742.4849,4441.3220,3.161057,0.050729,3.516608,6.410251,0.0067,7.1607,92.8326,1.34e-13
801,15,15,6440044.0881,4441.3220,3.161077,0.064171,3.516597,6.410247,0.0086,95.8318,4.1596,1.17e-13
802,15,15,6440333.1318,4441.3220,3.161096,0.073056,3.516594,6.410224,0.0099,96.5638,3.4263,1.15e-13
803,15,15,6441285.4007,4441.3220,3.161161,0.035952,3.516606,6.410364,0.0057,79.8132,20.1811,1.19e-13
804,15,15,6441437.9544,4441.3220,3.161171,0.039049,3.516611,6.410370,0.0063,93.4004,6.5932,1.10e-13
805,15,15,6441512.6699,4441.3220,3.161176,0.046997,3.516604,6.410364,0.0068,6.6460,93.3472,1.30e-13
806,15,15,6441682.8958,4441.3220,3.161188,0.059817,3.516598,6.410371,0.0064,23.2553,76.7383,1.15e-13
807,15,15,6442026.2276,4441.3220,3.161211,0.043872,3.516604,6.410407,0.0083,98.1612,1.8305,1.21e-13
808,15,15,6442216.1083,4441.3220,3.161224,0.071678,3.516594,6.410417,0.0080,1.2493,98.7427,1.07e-13
809,15,15,6442342.7451,4441.3220,3.161232,0.060390,3.516600,6.410434,0.0085,94.8108,5.1806,1.36e-13
810,15,15,6442783.5771,4441.3220,3.161262,0.045948,3.516604,6.410453,0.0073,57.1132,42.8795,1.30e-13
811,15,15,6442834.4477,4441.3220,3.161265,0.063773,3.516595,6.410452,0.0075,42.1937,57.7988,1.29e-13
812,15,15,6442926.5690,4441.3220,3.161271,0.062877,3.516596,6.410450,0.0072,4.0335,95.9593,1.17e-13
813,15,15,6443247.3110,4441.3220,3.161293,0.049911,3.516607,6.410479,0.0066,3.9874,96.0060,1.49e-13
814,15,15,6443416.6405,4441.3220,3.161305,0.070210,3.516595,6.410496,0.0092,90.6310,9.3597,1.21e-13
815,15,15,6443651.6204,4441.3220,3.161320,0.061076,3.516602,6.410497,0.0083,7.2873,92.7044,1.42e-13
816,15,15,6443721.5562,4441.3220,3.161325,0.054003,3.516601,6.410520,0.0081,6.1747,93.8173,1.24e-13
817,15,15,6443943.8053,4441.3220,3.161340,0.064498,3.516600,6.410525,0.0097,95.7278,4.2625,1.02e-13
818,15,15,6444238.6000,4441.3220,3.161360,0.093956,3.516590,6.410520,0.0099,95.7321,4.2580,1.06e-13
819,15,15,6444796.7745,4441.3220,3.161398,0.050402,3.516597,6.410601,0.0058,2.5495,97.4447,1.26e-13
820,15,15,6445224.3007,4441.3220,3.161426,0.041686,3.516602,6.410636,0.0050,21.7715,78.2235,1.55e-13
821,15,15,6445622.1880,4441.3220,3.161453,0.074482,3.516593,6.410634,0.0109,78.8676,21.1215,1.13e-13
822,15,15,6445712.1153,4441.3220,3.161459,0.074690,3.516593,6.410664,0.0078,73.9693,26.0229,1.06e-13
823,15,15,6445958.0782,4441.3220,3.161476,0.063004,3.516596,6.410679,0.0067,42.7356,57.2577,1.07e-13
824,15,15,6445976.0054,4441.3220,3.161477,0.040898,3.516605,6.410673,0.0085,46.7948,53.1967,1.14e-13
825,15,15,6446155.2773,4441.3220,3.161489,0.087317,3.516594,6.410650,0.0114,96.6563,3.3322,9.89e-14
826,15,15,6446233.5764,4441.3220,3.161494,0.051295,3.516612,6.410691,0.0074,38.1787,61.8139,1.11e-13
827,15,15,6446528.1513,4441.3220,3.161514,0.049900,3.516603,6.410714,0.0064,37.6110,62.3827,1.14e-13
828,15,15,6446705.7579,4441.3220,3.161526,0.068373,3.516598,6.410734,0.0084,23.4769,76.5147,1.14e-13
829,15,15,6446855.9553,4441.3220,3.161536,0.068902,3.516594,6.410725,0.0085,48.0150,51.9765,1.38e-13
830,15,15,6446929.8782,4441.3220,3.161541,0.066690,3.516603,6.410741,0.0094,88.7191,11.2715,1.10e-13
831,15,15,6447075.2720,4441.3220,3.161551,0.087561,3.516592,6.410748,0.0123,84.2069,15.7808,1.19e-13
832,15,15,6447149.0487,4441.3220,3.161556,0.104468,3.516585,6.410754,0.0134,22.6823,77.3043,1.11e-13
833,15,15,6447345.4474,4441.3220,3.161569,0.057771,3.516604,6.410792,0.0075,73.9043,26.0882,1.14e-13
834,15,15,6447632.5295,4441.3220,3.161589,0.042922,3.516605,6.410794,0.0057,4.0911,95.9031,1.15e-13
835,15,15,6447851.7183,4441.3220,3.161604,0.048599,3.516604,6.410808,0.0067,71.0892,28.9041,1.33e-13
836,15,15,6447889.8499,4441.3220,3.161606,0.068906,3.516601,6.410805,0.0077,43.4827,56.5095,1.29e-13
837,15,15,6448108.0607,4441.3220,3.161621,0.063919,3.516592,6.410803,0.0089,81.0551,18.9361,1.06e-13
838,15,15,6448366.2085,4441.3220,3.161638,0.064673,3.516598,6.410824,0.0091,22.5911,77.3998,1.18e-13
839,15,15,6448696.6524,4441.3220,3.161660,0.051052,3.516601,6.410869,0.0068,8.1620,91.8312,1.28e-13
840,15,15,6448873.5034,4441.3220,3.161672,0.063762,3.516591,6.410877,0.0089,89.3335,10.6576,1.11e-13
841,15,15,6449515.7590,4441.3220,3.161716,0.071032,3.516596,6.410914,0.0076,73.1823,26.8101,1.21e-13
842,15,15,6449595.7837,4441.3220,3.161721,0.062396,3.516595,6.410920,0.0077,31.7383,68.2540,1.07e-13
843,15,15,6449680.0963,4441.3220,3.161727,0.048764,3.516605,6.410937,0.0070,85.2212,14.7717,1.41e-13
844,15,15,6450046.0741,4441.3220,3.161751,0.065010,3.516601,6.410952,0.0073,15.5924,84.4003,1.08e-13
845,15,15,6450219.5071,4441.3220,3.161763,0.070522,3.516597,6.410968,0.0078,90.2445,9.7477,1.38e-13
846,15,15,6450401.7488,4441.3220,3.161775,0.066528,3.516592,6.410973,0.0087,5.1306,94.8608,1.10e-13
847,15,15,6450617.3288,4441.3220,3.161790,0.065092,3.516594,6.411012,0.0072,6.9566,93.0362,1.11e-13
848,15,15,6450897.6203,4441.3220,3.161809,0.048693,3.516599,6.411020,0.0066,98.0054,1.9881,1.12e-13
849,15,15,6451055.2886,4441.3220,3.161819,0.050115,3.516604,6.411017,0.0063,9.9468,90.0469,1.16e-13
850,15,15,6451136.5747,4441.3220,3.161825,0.075567,3.516595,6.411025,0.0082,87.7520,12.2398,1.18e-13
851,15,15,6451528.2998,4441.3220,3.161851,0.067297,3.516602,6.411051,0.0086,96.9282,3.0632,1.06e-13
852,15,15,6451874.3812,4441.3220,3.161875,0.051997,3.516602,6.411090,0.0062,42.7386,57.2552,1.25e-13
853,15,15,6452061.2534,4441.3220,3.161887,0.061459,3.516603,6.411080,0.0078,47.6420,52.3502,1.21e-13
854,15,15,6452109.4676,4441.3220,3.161890,0.039160,3.516614,6.411093,0.0069,28.7829,71.2103,1.01e-13
855,15,15,6452214.7538,4441.3220,3.161898,0.040331,3.516608,6.411098,0.0059,23.4018,76.5923,1.40e-13
856,15,15,6452357.6784,4441.3220,3.161907,0.044581,3.516609,6.411108,0.0075,51.7712,48.2213,8.69e-14
857,15,15,6452606.2451,4441.3220,3.161924,0.041871,3.516601,6.411122,0.0055,61.4930,38.5015,1.14e-13
858,15,15,6452682.0677,4441.3220,3.161929,0.050423,3.516612,6.411133,0.0065,44.6642,55.3293,1.09e-13
859,15,15,6453152.9576,4441.3220,3.161961,0.053316,3.516602,6.411161,0.0075,15.8238,84.1687,1.06e-13
860,15,15,6453271.6779,4441.3220,3.161969,0.055322,3.516600,6.411166,0.0069,88.5519,11.4412,1.59e-13
861,15,15,6453367.8769,4441.3220,3.161975,0.056868,3.516592,6.411180,0.0067,87.8980,12.0953,1.33e-13
862,15,15,6453664.4462,4441.3220,3.161995,0.049024,3.516595,6.411218,0.0060,3.6376,96.3564,1.23e-13
863,15,15,6453750.7221,4441.3220,3.162001,0.081654,3.516592,6.411199,0.0119,11.7373,88.2507,1.00e-13
864,15,15,6453919.7899,4441.3220,3.162012,0.047170,3.516601,6.411232,0.0055,87.1513,12.8432,1.32e-13
865,15,15,6454075.2079,4441.3220,3.162023,0.061639,3.516595,6.411232,0.0073,60.8754,39.1173,1.21e-13
866,15,15,6454118.7812,4441.3220,3.162026,0.042903,3.516606,6.411229,0.0074,48.6718,51.3208,1.19e-13
867,15,15,6454290.7305,4441.3220,3.162037,0.058252,3.516600,6.411249,0.0066,85.0430,14.9504,1.23e-13
868,15,15,6454380.0777,4441.3220,3.162043,0.059562,3.516602,6.411249,0.0078,13.2175,86.7748,1.03e-13
869,15,15,6454585.1624,4441.3220,3.162057,0.051970,3.516606,6.411274,0.0069,9.0437,90.9494,1.17e-13
870,15,15,6454867.3342,4441.3220,3.162076,0.051549,3.516603,6.411278,0.0058,84.2642,15.7300,1.35e-13
871,15,15,6454938.4187,4441.3220,3.162081,0.056086,3.516601,6.411307,0.0068,85.3177,14.6755,1.29e-13
872,15,15,6455061.9744,4441.3220,3.162089,0.041991,3.516606,6.411290,0.0062,83.7535,16.2403,1.44e-13
873,15,15,6455231.7337,4441.3220,3.162101,0.050333,3.516598,6.411312,0.0068,45.2209,54.7724,1.21e-13
874,15,15,6455304.7046,4441.3220,3.162106,0.054353,3.516603,6.411312,0.0082,44.2987,55.6931,1.18e-13
875,15,15,6455459.4385,4441.3220,3.162116,0.054781,3.516600,6.411318,0.0086,23.2390,76.7523,1.14e-13
876,15,15,6455534.2777,4441.3220,3.162121,0.052622,3.516600,6.411332,0.0075,13.5993,86.3932,1.36e-13
877,15,15,6455728.9608,4441.3220,3.162134,0.069202,3.516599,6.411339,0.0091,16.3114,83.6795,1.25e-13
878,15,15,6455951.7341,4441.3220,3.162149,0.046210,3.516604,6.411363,0.0068,74.1648,25.8283,1.16e-13
879,15,15,6456110.8235,4441.3220,3.162160,0.063494,3.516599,6.411372,0.0077,32.9411,67.0513,1.00e-13
880,15,15,6456239.4632,4441.3220,3.162169,0.095034,3.516588,6.411358,0.0133,55.4784,44.5082,8.85e-14
881,15,15,6456334.6521,4441.3220,3.162175,0.071052,3.516601,6.411373,0.0098,54.2965,45.6938,1.25e-13
882,15,15,6456431.3491,4441.3220,3.162181,0.049725,3.516607,6.411385,0.0072,67.6088,32.3840,1.17e-13
883,15,15,6456503.0464,4441.3220,3.162186,0.044731,3.516602,6.411404,0.0074,73.2979,26.6947,1.27e-13
884,15,15,6456596.5725,4441.3220,3.162193,0.038448,3.516606,6.411399,0.0068,41.8512,58.1420,1.26e-13
885,15,15,6456724.6256,4441.3220,3.162201,0.083553,3.516590,6.411400,0.0105,70.7172,29.2723,9.48e-14
886,15,15,6456901.0599,4441.3220,3.162213,0.075572,3.516593,6.411416,0.0093,26.3268,73.6640,1.04e-13
887,15,15,6457162.8348,4441.3220,3.162231,0.047887,3.516603,6.411455,0.0056,67.7676,32.2267,1.16e-13
888,15,15,6457268.6297,4441.3220,3.162238,0.053477,3.516601,6.411460,0.0065,42.9373,57.0562,1.22e-13
889,15,15,6457398.4017,4441.3220,3.162247,0.052620,3.516604,6.411456,0.0073,11.2524,88.7403,1.37e-13
890,15,15,6457597.6571,4441.3220,3.162260,0.047405,3.516604,6.411488,0.0054,56.6557,43.3389,1.69e-13
891,15,15,6457693.5509,4441.3220,3.162266,0.060031,3.516596,6.411472,0.0079,20.1283,79.8638,1.24e-13
892,15,15,6457781.3536,4441.3220,3.162272,0.050642,3.516606,6.411472,0.0064,61.3811,38.6126,1.15e-13
893,15,15,6457926.4431,4441.3220,3.162282,0.051091,3.516601,6.411480,0.0060,80.1498,19.8442,1.18e-13
894,15,15,6458031.4913,4441.3220,3.162289,0.024436,3.516617,6.411509,0.0062,22.9722,77.0216,1.39e-13
895,15,15,6458201.5373,4441.3220,3.162301,0.055729,3.516597,6.411517,0.0062,19.2258,80.7680,1.28e-13
896,15,15,6458278.4277,4441.3220,3.162306,0.049442,3.516602,6.411519,0.0081,79.3641,20.6277,1.06e-13
897,15,15,6458436.9133,4441.3220,3.162316,0.045319,3.516615,6.411521,0.0075,85.1113,14.8812,1.26e-13
898,15,15,6458634.4150,4441.3220,3.162330,0.034976,3.516607,6.411550,0.0053,16.7996,83.1951,1.20e-13
899,15,15,6458861.2094,4441.3220,3.162345,0.066114,3.516598,6.411554,0.0095,80.0459,19.9446,1.05e-13
900,15,15,6459050.0255,4441.3220,3.162358,0.096826,3.516584,6.411556,0.0128,34.6153,65.3719,1.16e-13
901,15,15,6459135.7775,4441.3220,3.162363,0.060825,3.516594,6.411585,0.0084,26.0836,73.9080,1.29e-13
902,15,15,6459395.5447,4441.3220,3.162381,0.057685,3.516601,6.411591,0.0069,77.5098,22.4832,1.07e-13
903,15,15,6459506.7195,4441.3220,3.162388,0.053310,3.516605,6.411603,0.0062,34.8851,65.1086,1.45e-13
904,15,15,6459637.9886,4441.3220,3.162397,0.051901,3.516607,6.411614,0.0072,77.3025,22.6903,1.21e-13
905,15,15,6459802.5867,4441.3220,3.162408,0.067083,3.516595,6.411632,0.0062,19.6559,80.3379,1.03e-13
906,15,15,6459895.9777,4441.3220,3.162415,0.076638,3.516591,6.411627,0.0074,86.0070,13.9856,1.10e-13
907,15,15,6459967.7133,4441.3220,3.162419,0.058935,3.516601,6.411640,0.0074,22.3085,77.6841,1.28e-13
908,15,15,6460099.3706,4441.3220,3.162428,0.043455,3.516607,6.411641,0.0068,75.4815,24.5117,1.14e-13
909,15,15,6460348.3589,4441.3220,3.162445,0.069662,3.516596,6.411659,0.0075,91.8694,8.1231,1.17e-13
910,15,15,6460397.9771,4441.3220,3.162448,0.068066,3.516598,6.411661,0.0076,6.8743,93.1182,1.12e-13
911,15,15,6460487.2721,4441.3220,3.162454,0.034440,3.516604,6.411671,0.0059,95.1637,4.8304,1.49e-13
912,15,15,6460667.8549,4441.3220,3.162467,0.037508,3.516601,6.411683,0.0067,7.5072,92.4861,1.35e-13
913,15,15,6460813.9393,4441.3220,3.162476,0.056365,3.516600,6.411696,0.0069,19.1321,80.8610,1.20e-13
914,15,15,6460926.9838,4441.3220,3.162484,0.060775,3.516602,6.411703,0.0080,65.0352,34.9568,9.58e-14
915,15,15,6461113.5178,4441.3220,3.162496,0.050548,3.516604,6.411718,0.0055,8.3007,91.6938,1.29e-13
916,15,15,6461285.7495,4441.3220,3.162508,0.042084,3.516607,6.411730,0.0067,17.7691,82.2242,1.19e-13
917,15,15,6461405.0811,4441.3220,3.162516,0.045808,3.516601,6.411740,0.0070,78.0036,21.9894,1.31e-13
918,15,15,6461454.8647,4441.3220,3.162519,0.059142,3.516598,6.411732,0.0071,37.0471,62.9458,1.32e-13
919,15,15,6461552.4718,4441.3220,3.162526,0.058622,3.516599,6.411743,0.0087,65.3943,34.5970,1.16e-13
920,15,15,6461586.7537,4441.3220,3.162528,0.069526,3.516592,6.411747,0.0082,69.3713,30.6205,1.11e-13
921,15,15,6461719.5334,4441.3220,3.162537,0.060656,3.516598,6.411762,0.0072,30.6101,69.3827,1.49e-13
922,15,15,6461874.8493,4441.3220,3.162548,0.080678,3.516593,6.411758,0.0103,90.4975,9.4923,1.31e-13
923,15,15,6461901.4931,4441.3220,3.162549,0.067312,3.516601,6.411742,0.0096,75.3688,24.6215,9.41e-14
924,15,15,6461986.7086,4441.3220,3.162555,0.051442,3.516599,6.411776,0.0058,90.5578,9.4363,1.50e-13
925,15,15,6462091.5221,4441.3220,3.162562,0.067683,3.516601,6.411769,0.0079,56.8240,43.1680,1.19e-13
926,15,15,6462230.6830,4441.3220,3.162572,0.061071,3.516602,6.411783,0.0083,86.3116,13.6802,1.12e-13
927,15,15,6462281.7649,4441.3220,3.162575,0.072083,3.516596,6.411780,0.0086,45.0480,54.9434,1.11e-13
928,15,15,6462319.3740,4441.3220,3.162578,0.062522,3.516602,6.411781,0.0088,17.0446,82.9466,1.25e-13
929,15,15,6462430.7047,4441.3220,3.162585,0.069400,3.516598,6.411788,0.0090,9.6351,90.3559,1.15e-13
930,15,15,6462518.4477,4441.3220,3.162591,0.062853,3.516603,6.411801,0.0088,41.6180,58.3732,1.15e-13
931,15,15,6462729.2599,4441.3220,3.162605,0.048403,3.516606,6.411822,0.0069,91.2145,8.7786,1.26e-13
932,15,15,6462852.4285,4441.3220,3.162613,0.050636,3.516609,6.411829,0.0072,6.3192,93.6735,1.04e-13
933,15,15,6462971.6130,4441.3220,3.162621,0.066969,3.516602,6.411843,0.0073,51.7499,48.2429,1.19e-13
934,15,15,6463133.3766,4441.3220,3.162632,0.058916,3.516597,6.411838,0.0082,53.7306,46.2612,1.02e-13
935,15,15,6463259.8052,4441.3220,3.162641,0.059698,3.516600,6.411868,0.0070,50.4226,49.5704,1.50e-13
936,15,15,6463298.8582,4441.3220,3.162643,0.052360,3.516597,6.411863,0.0069,53.0070,46.9862,1.12e-13
937,15,15,6463558.6476,4441.3220,3.162661,0.046564,3.516602,6.411884,0.0065,69.1978,30.7957,1.25e-13
938,15,15,6463679.1539,4441.3220,3.162669,0.049176,3.516598,6.411889,0.0073,71.2026,28.7901,1.10e-13
939,15,15,6463760.2007,4441.3220,3.162674,0.051143,3.516603,6.411886,0.0071,36.6079,63.3850,1.04e-13
940,15,15,6463921.3996,4441.3220,3.162685,0.054837,3.516597,6.411905,0.0078,44.6468,55.3454,1.20e-13
941,15,15,6463935.3605,4441.3220,3.162686,0.051016,3.516606,6.411900,0.0070,30.8111,69.1819,1.34e-13
942,15,15,6464047.9853,4441.3220,3.162694,0.072501,3.516590,6.411909,0.0074,47.4152,52.5774,1.25e-13
943,15,15,6464087.3657,4441.3220,3.162696,0.050084,3.516600,6.411904,0.0077,43.2655,56.7268,9.88e-14
944,15,15,6464154.5685,4441.3220,3.162701,0.041714,3.516611,6.411902,0.0073,20.1837,79.8089,1.61e-13
945,15,15,6464422.6389,4441.3220,3.162719,0.065426,3.516596,6.411931,0.0080,50.5242,49.4678,1.29e-13
946,15,15,6464515.4644,4441.3220,3.162725,0.037883,3.516606,6.411950,0.0056,21.7614,78.2330,1.15e-13
947,15,15,6464624.1881,4441.3220,3.162733,0.061071,3.516602,6.411944,0.0078,43.0368,56.9555,1.08e-13
948,15,15,6464766.4534,4441.3220,3.162742,0.059554,3.516599,6.411954,0.0081,75.5622,24.4297,1.11e-13
949,15,15,6464873.1817,4441.3220,3.162749,0.046105,3.516600,6.411962,0.0081,86.6866,13.3052,1.44e-13
950,15,15,6464953.5224,4441.3220,3.162755,0.079838,3.516589,6.411954,0.0099,39.1935,60.7966,1.10e-13
951,15,15,6465147.6540,4441.3220,3.162768,0.057727,3.516593,6.411979,0.0075,86.7367,13.2558,1.27e-13
952,15,15,6465280.4690,4441.3220,3.162777,0.063512,3.516597,6.412003,0.0068,7.4222,92.5710,1.54e-13
953,15,15,6465324.5242,4441.3220,3.162780,0.058339,3.516608,6.411988,0.0079,17.6210,82.3711,8.66e-14
954,15,15,6465514.6406,4441.3220,3.162792,0.042524,3.516608,6.412022,0.0059,41.6129,58.3811,1.31e-13
955,15,15,6465574.7767,4441.3220,3.162796,0.038837,3.516610,6.412022,0.0065,51.6771,48.3164,1.18e-13
956,15,15,6465709.9720,4441.3220,3.162806,0.050866,3.516602,6.412033,0.0069,6.6343,93.3589,9.96e-14
957,15,15,6465819.5914,4441.3220,3.162813,0.069193,3.516591,6.412026,0.0088,94.2227,5.7685,1.08e-13
958,15,15,6465978.8467,4441.3220,3.162824,0.072872,3.516596,6.412040,0.0082,89.5601,10.4317,1.18e-13
959,15,15,6466153.2978,4441.3220,3.162835,0.042985,3.516607,6.412067,0.0059,60.0476,39.9465,1.14e-13
960,15,15,6466221.5895,4441.3220,3.162840,0.049105,3.516604,6.412070,0.0067,37.5256,62.4676,1.13e-13
961,15,15,6466361.5856,4441.3220,3.162849,0.050535,3.516601,6.412082,0.0064,52.5528,47.4408,1.30e-13
962,15,15,6466430.3977,4441.3220,3.162854,0.053030,3.516603,6.412079,0.0077,53.8141,46.1782,1.09e-13
963,15,15,6466555.7729,4441.3220,3.162862,0.045347,3.516607,6.412083,0.0064,20.3338,79.6598,1.11e-13
964,15,15,6466623.6276,4441.3220,3.162867,0.062036,3.516600,6.412099,0.0078,10.5025,89.4897,9.83e-14
965,15,15,6466732.5393,4441.3220,3.162874,0.039092,3.516606,6.412099,0.0055,84.1739,15.8205,1.27e-13
966,15,15,6466880.6443,4441.3220,3.162884,0.045598,3.516599,6.412104,0.0068,85.4395,14.5537,1.15e-13
967,15,15,6467025.9147,4441.3220,3.162894,0.055815,3.516597,6.412117,0.0064,84.4227,15.5709,1.30e-13
968,15,15,6467080.0796,4441.3220,3.162898,0.047932,3.516601,6.412122,0.0073,11.1367,88.8560,1.24e-13
969,15,15,6467200.6725,4441.3220,3.162906,0.060607,3.516595,6.412130,0.0091,28.4053,71.5856,1.30e-13
970,15,15,6467239.6957,4441.3220,3.162908,0.059422,3.516595,6.412127,0.0074,74.8692,25.1234,1.08e-13
971,15,15,6467317.7910,4441.3220,3.162914,0.049587,3.516599,6.412131,0.0067,81.0930,18.9003,1.23e-13
972,15,15,6467430.8994,4441.3220,3.162921,0.035711,3.516609,6.412149,0.0062,15.9637,84.0300,1.04e-13
973,15,15,6467538.2586,4441.3220,3.162928,0.047683,3.516608,6.412153,0.0068,14.8594,85.1338,1.54e-13
974,15,15,6467583.8688,4441.3220,3.162931,0.057934,3.516601,6.412146,0.0075,45.9150,54.0775,1.01e-13
975,15,15,6467697.6342,4441.3220,3.162939,0.049840,3.516606,6.412149,0.0067,54.0946,45.8987,9.65e-14
976,15,15,6467751.4559,4441.3220,3.162943,0.047452,3.516603,6.412168,0.0074,44.7997,55.1929,1.32e-13
977,15,15,6467837.3155,4441.3220,3.162949,0.049396,3.516605,6.412164,0.0070,37.5491,62.4439,1.22e-13
978,15,15,6467878.2958,4441.3220,3.162951,0.068471,3.516593,6.412167,0.0091,26.6824,73.3086,1.37e-13
979,15,15,6467954.9946,4441.3220,3.162956,0.082028,3.516593,6.412172,0.0096,56.8522,43.1382,1.39e-13
980,15,15,6468018.6977,4441.3220,3.162961,0.051747,3.516604,6.412186,0.0073,14.6811,85.3116,1.32e-13
981,15,15,6468134.1958,4441.3220,3.162968,0.050801,3.516606,6.412184,0.0074,84.3788,15.6138,1.40e-13
982,15,15,6468173.1849,4441.3220,3.162971,0.056706,3.516602,6.412155,0.0081,40.7569,59.2351,1.41e-13
983,15,15,6468201.9492,4441.3220,3.162973,0.061397,3.516602,6.412190,0.0067,20.3358,79.6575,9.49e-14
984,15,15,6468374.9585,4441.3220,3.162985,0.051379,3.516599,6.412216,0.0077,27.8180,72.1743,1.23e-13
985,15,15,6468432.6755,4441.3220,3.162989,0.079491,3.516594,6.412203,0.0097,79.7546,20.2358,9.81e-14
986,15,15,6468611.8885,4441.3220,3.163001,0.068311,3.516596,6.412220,0.0081,86.0813,13.9106,1.09e-13
987,15,15,6468671.7388,4441.3220,3.163005,0.118141,3.516576,6.412210,0.0194,86.5737,13.4069,9.55e-14
988,15,15,6468914.4327,4441.3220,3.163021,0.048119,3.516607,6.412229,0.0095,75.6117,24.3788,1.09e-13
989,15,15,6468935.9037,4441.3220,3.163022,0.051274,3.516602,6.412255,0.0071,20.8291,79.1638,1.12e-13
990,15,15,6469002.8444,4441.3220,3.163027,0.053980,3.516599,6.412256,0.0065,17.4278,82.5657,1.27e-13
991,15,15,6469053.0173,4441.3220,3.163030,0.057470,3.516597,6.412266,0.0058,7.1508,92.8434,1.47e-13
992,15,15,6469105.9098,4441.3220,3.163034,0.047871,3.516605,6.412268,0.0068,79.4625,20.5307,1.21e-13
993,15,15,6469233.2118,4441.3220,3.163042,0.059804,3.516605,6.412263,0.0069,76.3441,23.6490,1.12e-13
994,15,15,6469349.6126,4441.3220,3.163050,0.044337,3.516601,6.412291,0.0060,20.3524,79.6417,1.35e-13
995,15,15,6469417.2184,4441.3220,3.163055,0.049253,3.516605,6.412289,0.0062,18.3687,81.6251,1.24e-13
996,15,15,6469499.2894,4441.3220,3.163060,0.063215,3.516599,6.412286,0.0096,90.0891,9.9013,1.03e-13
997,15,15,6469585.4974,4441.3220,3.163066,0.049861,3.516604,6.412303,0.0077,67.8207,32.1716,9.24e-14
998,15,15,6469668.9219,4441.3220,3.163072,0.050399,3.516604,6.412301,0.0061,27.3440,72.6499,1.30e-13
999,15,15,6469754.9287,4441.3220,3.163077,0.077560,3.516593,6.412313,0.0074,53.8045,46.1881,1.29e-13
1000,15,15,6469863.5539,4441.3220,3.163085,0.054080,3.516602,6.412322,0.0068,35.8878,64.1055,9.66e-14
1001,15,15,6469948.5251,4441.3220,3.163090,0.061159,3.516598,6.412322,0.0070,41.5926,58.4004,1.34e-13
1002,15,15,6469993.1665,4441.3220,3.163093,0.055492,3.516599,6.412328,0.0069,64.5845,35.4085,1.00e-13
1003,15,15,6470106.9761,4441.3220,3.163101,0.053462,3.516603,6.412329,0.0073,61.9502,38.0425,1.28e-13
1004,15,15,6470129.2135,4441.3220,3.163102,0.048190,3.516604,6.412338,0.0062,28.7638,71.2300,1.46e-13
1005,15,15,6470194.3959,4441.3220,3.163107,0.056290,3.516598,6.412330,0.0070,66.6793,33.3136,1.12e-13
1006,15,15,6470316.2224,4441.3220,3.163115,0.067431,3.516601,6.412343,0.0093,46.2574,53.7334,1.13e-13
1007,15,15,6470339.0523,4441.3220,3.163117,0.057023,3.516599,6.412349,0.0064,75.1880,24.8056,1.33e-13
1008,15,15,6470465.0742,4441.3220,3.163125,0.040958,3.516605,6.412356,0.0072,42.6714,57.3214,1.21e-13
1009,15,15,6470480.8546,4441.3220,3.163126,0.059355,3.516601,6.412357,0.0073,39.1643,60.8285,1.19e-13
1010,15,15,6470504.6679,4441.3220,3.163128,0.058016,3.516602,6.412356,0.0078,76.7305,23.2617,1.20e-13
1011,15,15,6470561.8460,4441.3220,3.163132,0.051795,3.516607,6.412360,0.0069,14.9783,85.0148,1.09e-13
1012,15,15,6470704.9180,4441.3220,3.163141,0.045801,3.516604,6.412372,0.0068,55.9530,44.0402,1.29e-13
1013,15,15,6470724.7703,4441.3220,3.163142,0.059023,3.516600,6.412374,0.0073,81.3473,18.6454,1.32e-13
1014,15,15,6470818.1047,4441.3220,3.163149,0.049513,3.516604,6.412379,0.0067,31.8492,68.1440,1.30e-13
1015,15,15,6470869.8431,4441.3220,3.163152,0.047072,3.516603,6.412372,0.0062,75.2072,24.7865,1.19e-13
1016,15,15,6470897.3718,4441.3220,3.163154,0.055740,3.516600,6.412364,0.0067,79.9577,20.0356,1.39e-13
1017,15,15,6470963.3423,4441.3220,3.163159,0.053694,3.516603,6.412393,0.0072,73.1133,26.8795,1.25e-13
1018,15,15,6470999.3789,4441.3220,3.163161,0.064337,3.516595,6.412393,0.0064,23.1011,76.8924,1.00e-13
1019,15,15,6471057.9232,4441.3220,3.163165,0.045295,3.516605,6.412388,0.0087,89.0500,10.9413,1.15e-13
1020,15,15,6471198.9463,4441.3220,3.163174,0.056227,3.516602,6.412407,0.0076,22.4846,77.5079,1.07e-13
1021,15,15,6471246.0673,4441.3220,3.163177,0.055397,3.516602,6.412411,0.0067,68.3870,31.6064,1.31e-13
1022,15,15,6471361.8535,4441.3220,3.163185,0.058537,3.516601,6.412414,0.0081,43.9749,56.0170,1.33e-13
1023,15,15,6471387.7698,4441.3220,3.163187,0.049954,3.516603,6.412415,0.0077,76.7194,23.2729,1.30e-13
1024,15,15,6471453.9766,4441.3220,3.163191,0.075796,3.516595,6.412415,0.0100,14.4062,85.5838,9.85e-14
1025,15,15,6471556.9997,4441.3220,3.163198,0.052136,3.516608,6.412426,0.0076,54.1977,45.7947,1.18e-13
1026,15,15,6471576.7392,4441.3220,3.163200,0.071950,3.516593,6.412430,0.0084,31.6544,68.3372,1.05e-13
1027,15,15,6471664.7394,4441.3220,3.163206,0.078208,3.516590,6.412429,0.0103,31.3743,68.6154,9.46e-14
1028,15,15,6471706.2643,4441.3220,3.163208,0.066592,3.516602,6.412437,0.0081,67.6735,32.3185,1.15e-13
1029,15,15,6471814.1386,4441.3220,3.163216,0.053029,3.516604,6.412454,0.0080,16.2709,83.7211,1.25e-13
1030,15,15,6471828.7806,4441.3220,3.163217,0.057819,3.516600,6.412451,0.0062,70.9624,29.0314,1.30e-13
1031,15,15,6471875.9320,4441.3220,3.163220,0.050366,3.516607,6.412458,0.0065,31.8832,68.1102,1.32e-13
1032,15,15,6472026.1106,4441.3220,3.163230,0.045481,3.516603,6.412471,0.0065,37.0269,62.9666,1.02e-13
1033,15,15,6472119.7856,4441.3220,3.163236,0.059594,3.516596,6.412464,0.0079,22.1590,77.8331,1.45e-13
1034,15,15,6472131.0117,4441.3220,3.163237,0.050173,3.516598,6.412475,0.0061,55.2518,44.7420,1.31e-13
1035,15,15,6472205.8851,4441.3220,3.163242,0.052876,3.516604,6.412476,0.0072,55.5984,44.3945,1.35e-13
1036,15,15,6472225.2648,4441.3220,3.163243,0.058143,3.516593,6.412480,0.0067,69.2684,30.7249,1.02e-13
1037,15,15,6472338.4103,4441.3220,3.163251,0.049585,3.516609,6.412495,0.0063,28.3021,71.6916,1.19e-13
1038,15,15,6472443.6172,4441.3220,3.163258,0.065754,3.516595,6.412487,0.0084,50.0391,49.9525,8.24e-14
1039,15,15,6472557.4751,4441.3220,3.163266,0.046979,3.516604,6.412505,0.0062,18.0742,81.9196,1.20e-13
1040,15,15,6472659.2910,4441.3220,3.163272,0.038706,3.516608,6.412515,0.0051,38.3117,61.6832,1.25e-13
1041,15,15,6472721.5867,4441.3220,3.163277,0.062468,3.516594,6.412507,0.0095,79.3575,20.6330,1.14e-13
1042,15,15,6472749.1980,4441.3220,3.163278,0.056515,3.516605,6.412511,0.0068,64.7022,35.2911,1.37e-13
1043,15,15,6472782.1648,4441.3220,3.163281,0.069034,3.516597,6.412520,0.0089,76.9563,23.0349,9.55e-14
1044,15,15,6472882.3109,4441.3220,3.163287,0.051226,3.516606,6.412528,0.0067,18.4502,81.5431,1.17e-13
1045,15,15,6472983.9470,4441.3220,3.163294,0.053787,3.516601,6.412535,0.0062,57.8139,42.1799,1.05e-13
1046,15,15,6473021.7481,4441.3220,3.163297,0.051686,3.516601,6.412544,0.0060,67.1650,32.8290,1.30e-13
1047,15,15,6473047.9785,4441.3220,3.163298,0.053469,3.516601,6.412537,0.0069,45.1955,54.7975,1.45e-13
1048,15,15,6473089.9633,4441.3220,3.163301,0.046021,3.516605,6.412545,0.0064,33.5055,66.4881,1.06e-13
1049,15,15,6473114.9250,4441.3220,3.163303,0.060980,3.516601,6.412539,0.0078,36.8073,63.1848,1.28e-13
1050,15,15,6473182.6519,4441.3220,3.163308,0.065920,3.516598,6.412546,0.0066,79.7710,20.2224,1.20e-13
1051,15,15,6473256.6320,4441.3220,3.163312,0.052084,3.516604,6.412557,0.0069,41.3018,58.6913,1.09e-13
1052,15,15,6473325.2844,4441.3220,3.163317,0.067603,3.516594,6.412559,0.0080,40.6286,59.3633,1.12e-13
1053,15,15,6473351.0985,4441.3220,3.163319,0.059005,3.516604,6.412551,0.0069,32.8142,67.1788,1.28e-13
1054,15,15,6473409.0762,4441.3220,3.163323,0.043404,3.516602,6.412563,0.0071,61.3573,38.6357,1.22e-13
1055,15,15,6473486.1706,4441.3220,3.163328,0.057449,3.516601,6.412556,0.0077,57.1221,42.8703,1.23e-13
1056,15,15,6473489.2999,4441.3220,3.163328,0.049903,3.516604,6.412558,0.0074,57.4469,42.5457,1.20e-13
1057,15,15,6473584.4073,4441.3220,3.163334,0.043915,3.516605,6.412578,0.0074,45.9881,54.0044,9.98e-14
1058,15,15,6473608.9946,4441.3220,3.163336,0.040634,3.516603,6.412584,0.0066,35.0514,64.9420,1.56e-13
1059,15,15,6473665.5223,4441.3220,3.163340,0.059399,3.516601,6.412568,0.0088,58.5796,41.4117,1.04e-13
1060,15,15,6473682.6483,4441.3220,3.163341,0.065431,3.516601,6.412580,0.0079,51.0876,48.9044,1.37e-13
1061,15,15,6473703.4906,4441.3220,3.163342,0.055619,3.516603,6.412580,0.0073,82.8200,17.1726,1.32e-13
1062,15,15,6473790.8824,4441.3220,3.163348,0.062860,3.516595,6.412596,0.0064,42.3338,57.6598,1.01e-13
1063,15,15,6473865.3005,4441.3220,3.163353,0.053241,3.516601,6.412590,0.0067,71.2276,28.7657,1.49e-13
1064,15,15,6473899.4061,4441.3220,3.163356,0.044987,3.516605,6.412598,0.0065,49.5070,50.4865,1.25e-13
1065,15,15,6473966.1815,4441.3220,3.163360,0.041043,3.516607,6.412598,0.0054,14.4572,85.5374,1.46e-13
1066,15,15,6473980.0275,4441.3220,3.163361,0.048454,3.516602,6.412588,0.0069,70.5679,29.4252,1.10e-13
1067,15,15,6474013.8010,4441.3220,3.163363,0.060450,3.516599,6.412604,0.0080,45.3111,54.6809,9.77e-14
1068,15,15,6474153.1566,4441.3220,3.163373,0.038714,3.516611,6.412622,0.0065,56.2283,43.7652,1.47e-13
1069,15,15,6474162.5700,4441.3220,3.163373,0.029405,3.516610,6.412625,0.0053,60.1687,39.8260,1.44e-13
1070,15,15,6474194.9809,4441.3220,3.163375,0.062187,3.516601,6.412623,0.0074,20.1129,79.8797,1.08e-13
1071,15,15,6474264.2158,4441.3220,3.163380,0.048040,3.516603,6.412628,0.0062,38.6033,61.3906,1.39e-13
1072,15,15,6474289.3878,4441.3220,3.163382,0.055772,3.516603,6.412629,0.0064,71.7320,28.2617,1.30e-13
1073,15,15,6474338.3711,4441.3220,3.163385,0.043726,3.516606,6.412635,0.0063,39.7407,60.2529,1.21e-13
1074,15,15,6474389.5571,4441.3220,3.163389,0.058344,3.516598,6.412622,0.0082,33.6496,66.3421,1.19e-13
1075,15,15,6474455.3149,4441.3220,3.163393,0.068472,3.516597,6.412633,0.0080,22.6787,77.3133,1.28e-13
1076,15,15,6474481.7871,4441.3220,3.163395,0.053626,3.516606,6.412638,0.0068,49.0914,50.9019,1.31e-13
1077,15,15,6474520.5208,4441.3220,3.163397,0.051919,3.516602,6.412637,0.0072,62.6190,37.3738,1.02e-13
1078,15,15,6474571.8526,4441.3220,3.163401,0.072530,3.516597,6.412641,0.0080,52.9812,47.0108,1.19e-13
1079,15,15,6474624.2249,4441.3220,3.163404,0.054860,3.516601,6.412640,0.0080,80.2009,19.7910,1.25e-13
1080,15,15,6474660.2246,4441.3220,3.163407,0.050831,3.516603,6.412632,0.0092,70.5538,29.4370,1.26e-13
1081,15,15,6474713.8944,4441.3220,3.163410,0.066477,3.516599,6.412648,0.0096,72.3834,27.6070,1.01e-13
1082,15,15,6474759.9036,4441.3220,3.163413,0.043813,3.516606,6.412662,0.0065,51.0398,48.9538,1.13e-13
1083,15,15,6474790.8334,4441.3220,3.163415,0.074618,3.516599,6.412659,0.0094,47.8354,52.1552,9.47e-14
1084,15,15,6474829.1618,4441.3220,3.163418,0.048287,3.516602,6.412653,0.0075,60.2125,39.7800,9.69e-14
1085,15,15,6474988.4817,4441.3220,3.163429,0.056768,3.516599,6.412676,0.0072,61.0429,38.9499,1.39e-13
1086,15,15,6474999.4762,4441.3220,3.163429,0.043068,3.516607,6.412684,0.0057,47.3306,52.6637,1.33e-13
1087,15,15,6475070.1662,4441.3220,3.163434,0.047892,3.516606,6.412687,0.0065,46.3927,53.6008,1.03e-13
1088,15,15,6475150.6689,4441.3220,3.163440,0.066007,3.516591,6.412686,0.0073,28.0582,71.9345,1.35e-13
1089,15,15,6475175.4341,4441.3220,3.163441,0.040128,3.516601,6.412691,0.0062,78.9985,20.9953,1.24e-13
1090,15,15,6475228.9808,4441.3220,3.163445,0.049420,3.516603,6.412693,0.0067,51.2102,48.7830,1.30e-13
1091,15,15,6475242.0025,4441.3220,3.163446,0.044582,3.516602,6.412697,0.0057,28.6072,71.3872,1.20e-13
1092,15,15,6475346.9731,4441.3220,3.163453,0.061806,3.516601,6.412697,0.0078,53.1380,46.8542,1.14e-13
1093,15,15,6475397.7419,4441.3220,3.163456,0.051343,3.516602,6.412704,0.0070,61.4378,38.5552,1.05e-13
1094,15,15,6475415.6454,4441.3220,3.163457,0.054955,3.516601,6.412707,0.0078,57.1454,42.8468,1.32e-13
1095,15,15,6475498.7689,4441.3220,3.163463,0.064273,3.516599,6.412712,0.0073,76.8133,23.1794,1.06e-13
1096,15,15,6475558.5971,4441.3220,3.163467,0.050932,3.516601,6.412720,0.0068,38.9685,61.0247,9.76e-14
1097,15,15,6475573.6781,4441.3220,3.163468,0.052503,3.516602,6.412721,0.0068,33.9877,66.0055,1.39e-13
1098,15,15,6475624.7177,4441.3220,3.163471,0.082850,3.516592,6.412721,0.0095,44.2177,55.7728,1.11e-13
1099,15,15,6475714.9698,4441.3220,3.163478,0.077146,3.516593,6.412729,0.0105,63.3274,36.6622,1.08e-13
1100,15,15,6475798.0846,4441.3220,3.163483,0.048773,3.516601,6.412736,0.0062,62.8280,37.1658,1.21e-13
1101,15,15,6475855.2580,4441.3220,3.163487,0.048708,3.516601,6.412740,0.0060,60.4748,39.5192,1.33e-13
1102,15,15,6475906.3400,4441.3220,3.163490,0.056146,3.516605,6.412739,0.0074,60.0983,39.8943,1.25e-13
1103,15,15,6475933.9432,4441.3220,3.163492,0.065239,3.516598,6.412743,0.0085,37.9655,62.0259,1.40e-13
1104,15,15,6475961.6350,4441.3220,3.163494,0.065394,3.516598,6.412740,0.0080,57.4562,42.5357,1.07e-13
1105,15,15,6475978.2345,4441.3220,3.163495,0.032158,3.516611,6.412754,0.0058,51.7865,48.2077,1.11e-13
1106,15,15,6476028.7482,4441.3220,3.163499,0.050941,3.516601,6.412753,0.0065,38.4659,61.5276,1.12e-13
1107,15,15,6476075.4875,4441.3220,3.163502,0.051950,3.516605,6.412755,0.0061,44.1911,55.8028,1.26e-13
1108,15,15,6476130.6629,4441.3220,3.163505,0.057686,3.516600,6.412747,0.0077,60.6481,39.3442,1.17e-13
1109,15,15,6476158.7946,4441.3220,3.163507,0.057444,3.516602,6.412765,0.0070,43.2720,56.7210,1.27e-13
1110,15,15,6476170.0636,4441.3220,3.163508,0.054126,3.516601,6.412760,0.0069,67.2346,32.7586,1.11e-13
1111,15,15,6476228.4541,4441.3220,3.163512,0.054213,3.516600,6.412760,0.0081,59.0367,40.9552,1.13e-13
1112,15,15,6476303.9914,4441.3220,3.163517,0.049335,3.516603,6.412767,0.0078,50.2694,49.7227,1.32e-13
1113,15,15,6476321.8237,4441.3220,3.163518,0.050618,3.516608,6.412772,0.0070,37.5935,62.3996,1.34e-13
1114,15,15,6476371.8267,4441.3220,3.163522,0.052316,3.516606,6.412765,0.0074,48.7680,51.2247,1.12e-13
1115,15,15,6476393.8581,4441.3220,3.163523,0.062720,3.516597,6.412777,0.0078,20.2405,79.7517,1.23e-13
1116,15,15,6476467.0763,4441.3220,3.163528,0.053184,3.516602,6.412776,0.0078,70.3901,29.6021,1.28e-13
1117,15,15,6476502.5336,4441.3220,3.163530,0.048169,3.516606,6.412778,0.0071,22.1218,77.8712,9.40e-14
1118,15,15,6476547.7786,4441.3220,3.163533,0.062757,3.516600,6.412774,0.0077,78.5399,21.4524,1.38e-13
1119,15,15,6476590.1065,4441.3220,3.163536,0.050247,3.516596,6.412789,0.0068,80.4539,19.5393,1.26e-13
1120,15,15,6476619.9093,4441.3220,3.163538,0.050765,3.516607,6.412787,0.0071,38.2775,61.7155,1.15e-13
1121,15,15,6476664.2363,4441.3220,3.163541,0.053529,3.516604,6.412780,0.0073,67.1649,32.8278,1.29e-13
1122,15,15,6476724.1119,4441.3220,3.163545,0.063522,3.516599,6.412785,0.0074,56.7248,43.2678,1.16e-13
1123,15,15,6476760.3322,4441.3220,3.163548,0.035011,3.516607,6.412802,0.0056,27.7294,72.2649,1.39e-13
1124,15,15,6476779.3286,4441.3220,3.163549,0.054969,3.516603,6.412803,0.0069,54.6970,45.2961,1.21e-13
1125,15,15,6476826.4242,4441.3220,3.163552,0.050306,3.516606,6.412806,0.0071,33.0844,66.9085,1.06e-13
1126,15,15,6476867.5359,4441.3220,3.163555,0.044989,3.516606,6.412812,0.0059,13.1083,86.8859,1.56e-13
1127,15,15,6476889.7225,4441.3220,3.163556,0.040085,3.516605,6.412819,0.0062,38.5612,61.4326,1.14e-13
1128,15,15,6476951.9123,4441.3220,3.163561,0.052820,3.516604,6.412815,0.0070,68.4094,31.5837,1.10e-13
1129,15,15,6476972.2452,4441.3220,3.163562,0.048059,3.516603,6.412815,0.0065,45.8991,54.0944,1.24e-13
1130,15,15,6477004.6293,4441.3220,3.163564,0.053070,3.516604,6.412829,0.0063,62.7814,37.2124,1.06e-13
1131,15,15,6477081.0831,4441.3220,3.163569,0.045956,3.516604,6.412833,0.0051,24.2175,75.7774,1.17e-13
1132,15,15,6477106.7835,4441.3220,3.163571,0.043171,3.516603,6.412829,0.0056,70.2188,29.7756,1.32e-13
1133,15,15,6477143.8494,4441.3220,3.163573,0.051494,3.516600,6.412835,0.0066,83.6914,16.3019,9.66e-14
1134,15,15,6477194.8645,4441.3220,3.163577,0.052718,3.516602,6.412842,0.0069,29.2364,70.7567,1.19e-13
1135,15,15,6477277.5905,4441.3220,3.163582,0.055610,3.516603,6.412837,0.0071,65.2719,34.7210,1.04e-13
1136,15,15,6477282.5863,4441.3220,3.163583,0.041515,3.516606,6.412848,0.0046,48.7373,51.2581,1.26e-13
1137,15,15,6477343.0754,4441.3220,3.163587,0.044411,3.516607,6.412862,0.0047,58.3621,41.6332,1.34e-13
1138,15,15,6477380.9750,4441.3220,3.163589,0.041294,3.516607,6.412857,0.0052,28.4132,71.5816,1.37e-13
1139,15,15,6477417.1803,4441.3220,3.163592,0.037293,3.516607,6.412848,0.0057,31.8677,68.1266,1.40e-13
1140,15,15,6477432.7742,4441.3220,3.163593,0.034732,3.516607,6.412854,0.0047,49.2985,50.6968,1.68e-13
1141,15,15,6477478.6413,4441.3220,3.163596,0.052019,3.516605,6.412851,0.0070,50.0820,49.9110,1.18e-13
1142,15,15,6477505.9899,4441.3220,3.163598,0.041521,3.516603,6.412864,0.0049,59.0920,40.9032,1.22e-13
1143,15,15,6477550.2003,4441.3220,3.163601,0.048715,3.516602,6.412859,0.0067,61.9862,38.0072,1.24e-13
1144,15,15,6477590.4222,4441.3220,3.163603,0.050884,3.516604,6.412860,0.0061,41.1407,58.8532,9.30e-14
1145,15,15,6477607.2213,4441.3220,3.163604,0.054696,3.516601,6.412866,0.0060,69.3624,30.6316,1.43e-13
1146,15,15,6477623.9489,4441.3220,3.163606,0.048639,3.516604,6.412860,0.0067,28.3123,71.6810,1.34e-13
1147,15,15,6477642.1376,4441.3220,3.163607,0.035361,3.516609,6.412866,0.0058,43.6886,56.3056,1.45e-13
1148,15,15,6477691.7596,4441.3220,3.163610,0.048210,3.516603,6.412871,0.0062,22.4349,77.5589,1.36e-13
1149,15,15,6477775.9414,4441.3220,3.163616,0.042552,3.516604,6.412884,0.0054,32.5177,67.4769,1.37e-13
1150,15,15,6477801.8036,4441.3220,3.163618,0.050471,3.516605,6.412880,0.0067,32.2038,67.7895,1.37e-13
1151,15,15,6477818.8630,4441.3220,3.163619,0.037172,3.516607,6.412886,0.0055,46.5152,53.4793,1.16e-13
1152,15,15,6477862.0164,4441.3220,3.163622,0.052447,3.516601,6.412884,0.0059,57.9462,42.0478,1.35e-13
1153,15,15,6477910.2989,4441.3220,3.163625,0.043814,3.516604,6.412890,0.0054,46.4087,53.5859,1.31e-13
1154,15,15,6477931.3960,4441.3220,3.163626,0.050648,3.516601,6.412893,0.0055,62.5907,37.4038,1.53e-13
1155,15,15,6477946.4448,4441.3220,3.163627,0.044777,3.516604,6.412879,0.0066,53.9566,46.0367,1.33e-13
1156,15,15,6477965.6975,4441.3220,3.163629,0.053502,3.516601,6.412893,0.0063,47.6228,52.3708,1.22e-13
1157,15,15,6477996.2840,4441.3220,3.163631,0.042581,3.516607,6.412898,0.0059,54.4935,45.5007,1.06e-13
1158,15,15,6478024.5800,4441.3220,3.163632,0.049147,3.516603,6.412893,0.0061,56.4601,43.5337,1.42e-13
1159,15,15,6478059.3324,4441.3220,3.163635,0.049358,3.516599,6.412901,0.0060,53.0136,46.9804,1.34e-13
1160,15,15,6478069.6503,4441.3220,3.163636,0.051013,3.516602,6.412894,0.0069,64.6535,35.3396,1.37e-13
1161,15,15,6478101.9464,4441.3220,3.163638,0.044096,3.516603,6.412907,0.0057,48.2027,51.7916,1.53e-13
1162,15,15,6478144.0469,4441.3220,3.163640,0.053354,3.516603,6.412911,0.0065,53.1074,46.8861,2.37e-13
1163,15,15,6478146.9595,4441.3220,3.163641,0.044217,3.516602,6.412910,0.0061,55.3204,44.6735,1.55e-13
1164,15,15,6478168.5052,4441.3220,3.163642,0.042809,3.516606,6.412911,0.0057,44.1829,55.8115,1.34e-13
1165,15,15,6478195.0790,4441.3220,3.163644,0.046690,3.516601,6.412911,0.0062,35.9369,64.0569,1.30e-13
1166,15,15,6478208.1767,4441.3220,3.163645,0.054544,3.516601,6.412906,0.0059,57.5830,42.4111,1.40e-13
1167,15,15,6478274.6219,4441.3220,3.163649,0.058037,3.516600,6.412912,0.0065,56.0659,43.9276,1.23e-13
1168,15,15,6478285.0000,4441.3220,3.163650,0.043923,3.516604,6.412926,0.0047,67.5916,32.4036,1.33e-13
1169,15,15,6478308.8753,4441.3220,3.163652,0.051790,3.516602,6.412918,0.0060,45.6919,54.3021,1.42e-13
1170,15,15,6478326.7033,4441.3220,3.163653,0.037329,3.516603,6.412927,0.0053,62.0392,37.9555,1.76e-13
1171,15,15,6478332.0557,4441.3220,3.163653,0.052624,3.516601,6.412920,0.0076,54.9488,45.0436,1.22e-13
1172,15,15,6478370.7566,4441.3220,3.163656,0.055044,3.516601,6.412907,0.0067,52.2605,47.7328,1.09e-13
1173,15,15,6478430.1738,4441.3220,3.163660,0.046034,3.516605,6.412919,0.0059,72.2242,27.7699,1.50e-13
1174,15,15,6478445.4916,4441.3220,3.163661,0.043348,3.516604,6.412919,0.0065,64.0046,35.9889,1.17e-13
1175,15,15,6478486.3996,4441.3220,3.163663,0.059077,3.516596,6.412933,0.0064,36.5392,63.4543,1.50e-13
1176,15,15,6478490.5094,4441.3220,3.163664,0.054713,3.516600,6.412935,0.0059,41.1930,58.8011,1.14e-13
1177,15,15,6478511.8194,4441.3220,3.163665,0.043771,3.516605,6.412932,0.0072,35.9517,64.0411,1.09e-13
1178,15,15,6478582.4355,4441.3220,3.163670,0.058607,3.516601,6.412936,0.0068,56.7885,43.2047,1.19e-13
1179,15,15,6478585.8864,4441.3220,3.163670,0.054711,3.516602,6.412936,0.0067,48.9027,51.0906,1.11e-13
1180,15,15,6478616.8311,4441.3220,3.163672,0.044056,3.516606,6.412943,0.0065,41.3390,58.6546,1.12e-13
1181,15,15,6478636.8261,4441.3220,3.163674,0.047892,3.516602,6.412940,0.0062,58.3838,41.6099,1.71e-13
1182,15,15,6478683.4963,4441.3220,3.163677,0.041246,3.516603,6.412942,0.0057,67.5078,32.4865,1.15e-13
1183,15,15,6478707.1083,4441.3220,3.163678,0.055568,3.516599,6.412948,0.0069,33.8937,66.0994,1.09e-13
1184,15,15,6478713.0556,4441.3220,3.163679,0.041230,3.516608,6.412950,0.0059,39.3385,60.6556,1.28e-13
1185,15,15,6478753.6333,4441.3220,3.163681,0.048503,3.516607,6.412948,0.0057,48.5779,51.4163,1.66e-13
1186,15,15,6478756.3437,4441.3220,3.163682,0.035114,3.516609,6.412954,0.0056,50.2184,49.7760,1.18e-13
1187,15,15,6478772.5879,4441.3220,3.163683,0.045667,3.516604,6.412950,0.0060,42.4172,57.5768,1.20e-13
1188,15,15,6478822.3551,4441.3220,3.163686,0.044653,3.516606,6.412953,0.0063,31.3680,68.6257,1.36e-13
1189,15,15,6478832.6612,4441.3220,3.163687,0.040381,3.516607,6.412959,0.0053,46.4280,53.5667,1.89e-13
1190,15,15,6478849.2627,4441.3220,3.163688,0.039828,3.516609,6.412958,0.0061,47.5520,52.4419,1.06e-13
1191,15,15,6478872.4731,4441.3220,3.163689,0.057716,3.516600,6.412964,0.0062,38.9807,61.0132,1.09e-13
1192,15,15,6478903.1199,4441.3220,3.163691,0.037775,3.516607,6.412965,0.0050,55.6938,44.3012,1.47e-13
1193,15,15,6478922.6290,4441.3220,3.163693,0.036012,3.516606,6.412971,0.0060,58.5221,41.4719,1.12e-13
1194,15,15,6478946.5359,4441.3220,3.163694,0.051733,3.516599,6.412960,0.0062,55.4017,44.5922,1.42e-13
1195,15,15,6478958.0602,4441.3220,3.163695,0.057815,3.516599,6.412967,0.0064,42.2174,57.7762,1.36e-13
1196,15,15,6478971.1448,4441.3220,3.163696,0.055319,3.516601,6.412963,0.0069,40.2091,59.7839,1.50e-13
1197,15,15,6479002.4975,4441.3220,3.163698,0.041233,3.516605,6.412966,0.0063,43.1505,56.8432,1.30e-13
1198,15,15,6479016.8339,4441.3220,3.163699,0.041066,3.516609,6.412969,0.0058,42.4763,57.5180,1.42e-13
1199,15,15,6479040.4798,4441.3220,3.163701,0.050656,3.516602,6.412971,0.0067,49.4284,50.5649,1.17e-13
1200,15,15,6479063.2574,4441.3220,3.163702,0.043951,3.516605,6.412970,0.0063,37.9176,62.0762,1.18e-13
1201,15,15,6479076.5498,4441.3220,3.163703,0.061763,3.516598,6.412968,0.0071,43.7601,56.2328,1.21e-13
1202,15,15,6479113.7913,4441.3220,3.163706,0.052989,3.516599,6.412977,0.0064,37.6382,62.3554,1.57e-13
1203,15,15,6479125.5984,4441.3220,3.163706,0.046320,3.516606,6.412974,0.0060,53.8260,46.1680,1.21e-13
1204,15,15,6479152.9395,4441.3220,3.163708,0.042880,3.516604,6.412986,0.0051,63.8598,36.1350,1.67e-13
1205,15,15,6479162.3295,4441.3220,3.163709,0.044405,3.516602,6.412978,0.0063,37.3142,62.6795,8.37e-14
1206,15,15,6479187.4617,4441.3220,3.163710,0.055786,3.516600,6.412978,0.0071,55.7560,44.2369,1.29e-13
1207,15,15,6479198.7040,4441.3220,3.163711,0.049849,3.516605,6.412979,0.0067,45.4960,54.4974,1.46e-13
1208,15,15,6479207.4747,4441.3220,3.163712,0.047286,3.516604,6.412987,0.0056,38.9191,61.0753,1.45e-13
1209,15,15,6479215.9146,4441.3220,3.163712,0.040803,3.516608,6.412991,0.0053,61.5539,38.4408,1.20e-13
1210,15,15,6479241.5783,4441.3220,3.163714,0.050395,3.516600,6.412991,0.0058,57.3153,42.6790,1.16e-13
1211,15,15,6479272.1259,4441.3220,3.163716,0.047252,3.516603,6.412990,0.0059,56.1929,43.8012,1.47e-13
1212,15,15,6479289.4397,4441.3220,3.163717,0.040907,3.516603,6.412993,0.0053,39.1659,60.8288,1.01e-13
1213,15,15,6479319.1639,4441.3220,3.163719,0.030202,3.516607,6.413003,0.0053,47.9918,52.0029,1.73e-13
1214,15,15,6479327.6852,4441.3220,3.163720,0.046583,3.516602,6.412997,0.0052,56.8276,43.1672,1.52e-13
1215,15,15,6479362.5034,4441.3220,3.163722,0.054929,3.516600,6.412990,0.0076,43.8343,56.1580,1.27e-13
1216,15,15,6479384.3190,4441.3220,3.163724,0.049678,3.516603,6.413000,0.0061,36.0090,63.9849,1.34e-13
1217,15,15,6479392.7721,4441.3220,3.163724,0.041088,3.516606,6.412994,0.0065,39.0286,60.9649,1.27e-13
1218,15,15,6479417.4477,4441.3220,3.163726,0.041160,3.516605,6.413008,0.0050,57.3478,42.6473,1.60e-13
1219,15,15,6479431.5537,4441.3220,3.163727,0.050739,3.516604,6.413005,0.0060,62.9606,37.0334,1.12e-13
1220,15,15,6479443.1808,4441.3220,3.163728,0.051731,3.516601,6.413005,0.0068,48.4402,51.5530,1.64e-13
1221,15,15,6479463.2605,4441.3220,3.163729,0.054332,3.516601,6.413002,0.0059,42.7854,57.2088,1.50e-13
1222,15,15,6479474.4018,4441.3220,3.163730,0.052287,3.516602,6.413002,0.0062,51.6824,48.3113,1.30e-13
1223,15,15,6479491.3489,4441.3220,3.163731,0.038990,3.516606,6.413013,0.0055,53.7647,46.2298,1.48e-13
1224,15,15,6479504.0473,4441.3220,3.163732,0.036786,3.516603,6.413017,0.0049,58.3718,41.6233,2.05e-13
1225,15,15,6479525.4928,4441.3220,3.163733,0.038212,3.516606,6.413018,0.0049,39.2305,60.7646,1.62e-13
1226,15,15,6479542.1801,4441.3220,3.163734,0.048828,3.516601,6.413010,0.0067,63.1848,36.8085,8.66e-14
1227,15,15,6479563.9644,4441.3220,3.163736,0.050949,3.516600,6.413010,0.0064,56.3564,43.6372,1.43e-13
1228,15,15,6479581.2003,4441.3220,3.163737,0.054702,3.516605,6.413013,0.0065,55.9490,44.0445,9.77e-14
1229,15,15,6479608.6307,4441.3220,3.163739,0.059165,3.516598,6.413012,0.0071,59.7218,40.2711,1.02e-13
1230,15,15,6479620.9614,4441.3220,3.163740,0.041073,3.516609,6.413026,0.0052,49.5961,50.3987,1.54e-13
1231,15,15,6479644.4561,4441.3220,3.163741,0.050606,3.516602,6.413024,0.0059,37.4680,62.5262,1.85e-13
1232,15,15,6479659.0725,4441.3220,3.163742,0.045866,3.516603,6.413028,0.0051,41.9407,58.0542,1.31e-13
1233,15,15,6479676.7770,4441.3220,3.163743,0.042376,3.516604,6.413024,0.0052,64.8436,35.1513,1.12e-13
1234,15,15,6479689.0401,4441.3220,3.163744,0.028945,3.516610,6.413025,0.0047,58.2425,41.7529,1.71e-13
1235,15,15,6479713.4400,4441.3220,3.163746,0.035961,3.516606,6.413028,0.0052,40.4958,59.4990,1.55e-13
1236,15,15,6479735.3678,4441.3220,3.163747,0.039090,3.516607,6.413028,0.0058,45.3721,54.6221,1.46e-13
1237,15,15,6479752.3158,4441.3220,3.163748,0.050271,3.516602,6.413031,0.0059,46.1860,53.8081,1.24e-13
1238,15,15,6479770.2161,4441.3220,3.163750,0.051072,3.516602,6.413029,0.0058,43.4761,56.5181,9.70e-14
1239,15,15,6479788.0307,4441.3220,3.163751,0.034637,3.516604,6.413042,0.0043,51.8215,48.1742,1.79e-13
1240,15,15,6479796.4780,4441.3220,3.163751,0.038148,3.516606,6.413032,0.0056,57.5016,42.4928,1.28e-13
1241,15,15,6479811.7181,4441.3220,3.163752,0.050337,3.516602,6.413032,0.0056,48.4936,51.5008,1.00e-13
1242,15,15,6479829.7339,4441.3220,3.163754,0.048818,3.516601,6.413031,0.0056,64.6119,35.3825,1.59e-13
1243,15,15,6479843.0861,4441.3220,3.163754,0.035878,3.516606,6.413041,0.0054,51.1723,48.8223,1.19e-13
1244,15,15,6479847.2415,4441.3220,3.163755,0.047309,3.516605,6.413031,0.0057,50.1988,49.7955,1.34e-13
1245,15,15,6479879.5354,4441.3220,3.163757,0.039054,3.516607,6.413042,0.0048,44.5813,55.4139,1.15e-13
1246,15,15,6479893.3865,4441.3220,3.163758,0.034213,3.516607,6.413048,0.0050,52.7033,47.2917,1.17e-13
1247,15,15,6479917.4362,4441.3220,3.163759,0.038080,3.516604,6.413050,0.0047,42.7150,57.2803,1.54e-13
1248,15,15,6479929.5598,4441.3220,3.163760,0.030516,3.516608,6.413048,0.0046,59.0723,40.9231,1.25e-13
1249,15,15,6479930.6538,4441.3220,3.163760,0.046822,3.516607,6.413039,0.0059,50.9616,49.0325,1.47e-13
1250,15,15,6479967.3485,4441.3220,3.163763,0.033993,3.516608,6.413041,0.0051,43.2912,56.7037,1.31e-13
1251,15,15,6479974.5190,4441.3220,3.163763,0.034706,3.516609,6.413055,0.0048,47.2420,52.7532,1.29e-13
1252,15,15,6479988.4259,4441.3220,3.163764,0.038863,3.516609,6.413049,0.0048,60.1594,39.8359,1.47e-13
1253,15,15,6480000.2827,4441.3220,3.163765,0.035128,3.516608,6.413048,0.0051,65.3622,34.6326,1.14e-13
1254,15,15,6480002.9811,4441.3220,3.163765,0.050867,3.516602,6.413045,0.0057,55.7078,44.2865,1.56e-13
1255,15,15,6480029.0351,4441.3220,3.163767,0.043978,3.516602,6.413053,0.0060,45.6530,54.3410,1.57e-13
1256,15,15,6480036.0188,4441.3220,3.163767,0.041085,3.516605,6.413056,0.0049,39.0462,60.9489,1.41e-13
1257,15,15,6480052.5112,4441.3220,3.163769,0.045300,3.516603,6.413054,0.0052,39.3655,60.6293,1.38e-13
1258,15,15,6480088.6234,4441.3220,3.163771,0.035227,3.516605,6.413056,0.0054,44.0634,55.9312,1.06e-13
1259,15,15,6480098.8878,4441.3220,3.163772,0.044040,3.516606,6.413060,0.0052,40.6719,59.3229,1.37e-13
1260,15,15,6480120.6605,4441.3220,3.163773,0.035240,3.516607,6.413061,0.0049,49.4293,50.5658,1.07e-13
1261,15,15,6480124.4941,4441.3220,3.163773,0.043948,3.516605,6.413064,0.0054,45.1950,54.7996,1.65e-13
1262,15,15,6480138.8278,4441.3220,3.163774,0.033088,3.516607,6.413067,0.0049,50.6160,49.3791,1.50e-13
1263,15,15,6480161.9099,4441.3220,3.163776,0.037276,3.516608,6.413068,0.0050,47.5605,52.4345,1.16e-13
1264,15,15,6480169.6665,4441.3220,3.163776,0.042024,3.516607,6.413064,0.0054,50.9692,49.0254,1.39e-13
1265,15,15,6480197.7761,4441.3220,3.163778,0.031229,3.516608,6.413073,0.0048,52.6593,47.3359,1.33e-13
1266,15,15,6480211.7709,4441.3220,3.163779,0.036118,3.516610,6.413065,0.0049,46.9970,52.9981,1.68e-13
1267,15,15,6480223.0449,4441.3220,3.163780,0.031485,3.516606,6.413076,0.0045,53.8418,46.1537,1.28e-13
1268,15,15,6480226.2532,4441.3220,3.163780,0.039621,3.516608,6.413074,0.0047,38.5194,61.4759,2.13e-13
1269,15,15,6480245.1144,4441.3220,3.163781,0.037789,3.516606,6.413076,0.0054,44.0211,55.9735,1.21e-13
1270,15,15,6480259.6099,4441.3220,3.163782,0.039233,3.516606,6.413081,0.0039,56.7989,43.1972,1.60e-13
1271,15,15,6480260.8047,4441.3220,3.163782,0.035176,3.516607,6.413075,0.0055,54.6645,45.3300,1.20e-13
1272,15,15,6480268.9944,4441.3220,3.163783,0.042448,3.516603,6.413069,0.0053,47.3216,52.6732,1.62e-13
1273,15,15,6480281.1301,4441.3220,3.163784,0.042146,3.516605,6.413080,0.0052,50.2758,49.7190,1.66e-13
1274,15,15,6480292.6255,4441.3220,3.163785,0.038918,3.516607,6.413075,0.0052,46.9730,53.0218,1.44e-13
1275,15,15,6480304.6143,4441.3220,3.163785,0.038243,3.516606,6.413079,0.0050,56.4905,43.5045,1.18e-13
1276,15,15,6480317.8944,4441.3220,3.163786,0.045669,3.516605,6.413079,0.0061,40.0404,59.9535,1.30e-13
1277,15,15,6480339.6424,4441.3220,3.163788,0.038801,3.516606,6.413078,0.0060,52.7441,47.2499,9.56e-14
1278,15,15,6480352.9016,4441.3220,3.163789,0.037412,3.516607,6.413081,0.0049,34.9866,65.0086,1.43e-13
1279,15,15,6480355.7553,4441.3220,3.163789,0.042055,3.516606,6.413069,0.0056,37.2690,62.7254,1.43e-13
1280,15,15,6480378.2768,4441.3220,3.163790,0.047615,3.516603,6.413075,0.0070,37.9086,62.0844,1.22e-13
1281,15,15,6480383.4583,4441.3220,3.163791,0.031478,3.516608,6.413091,0.0044,47.7858,52.2098,1.50e-13
1282,15,15,6480402.1031,4441.3220,3.163792,0.037598,3.516605,6.413093,0.0043,44.4858,55.5099,1.33e-13
1283,15,15,6480410.9270,4441.3220,3.163793,0.046868,3.516605,6.413080,0.0052,57.3008,42.6940,1.54e-13
1284,15,15,6480423.3465,4441.3220,3.163793,0.026514,3.516610,6.413093,0.0042,54.0464,45.9494,1.40e-13
1285,15,15,6480437.0266,4441.3220,3.163794,0.053215,3.516604,6.413079,0.0060,42.8859,57.1081,1.21e-13
1286,15,15,6480441.1446,4441.3220,3.163795,0.043791,3.516606,6.413087,0.0053,53.8930,46.1017,1.51e-13
1287,15,15,6480451.3435,4441.3220,3.163795,0.041183,3.516603,6.413078,0.0059,51.7099,48.2842,1.44e-13
1288,15,15,6480456.3290,4441.3220,3.163796,0.034193,3.516608,6.413089,0.0049,49.3738,50.6213,1.17e-13
1289,15,15,6480464.5705,4441.3220,3.163796,0.042878,3.516606,6.413087,0.0058,56.0050,43.9892,1.37e-13
1290,15,15,6480471.9349,4441.3220,3.163797,0.037575,3.516608,6.413085,0.0058,45.2305,54.7637,1.62e-13
1291,15,15,6480482.2271,4441.3220,3.163797,0.037208,3.516608,6.413100,0.0042,44.3803,55.6155,1.78e-13
1292,15,15,6480485.2230,4441.3220,3.163798,0.050683,3.516604,6.413093,0.0052,62.3917,37.6032,1.54e-13
1293,15,15,6480494.9958,4441.3220,3.163798,0.037006,3.516606,6.413090,0.0053,46.6985,53.2963,1.11e-13
1294,15,15,6480505.8808,4441.3220,3.163799,0.034693,3.516612,6.413098,0.0043,45.7682,54.2275,1.69e-13
1295,15,15,6480518.4413,4441.3220,3.163800,0.032442,3.516606,6.413100,0.0046,64.2914,35.7039,1.40e-13
1296,15,15,6480527.8899,4441.3220,3.163800,0.038007,3.516605,6.413103,0.0048,44.4791,55.5162,1.48e-13
1297,15,15,6480536.4870,4441.3220,3.163801,0.037709,3.516606,6.413105,0.0041,54.6731,45.3227,1.39e-13
1298,15,15,6480539.7772,4441.3220,3.163801,0.034321,3.516606,6.413100,0.0051,56.2121,43.7828,1.35e-13
1299,15,15,6480548.8451,4441.3220,3.163802,0.032889,3.516606,6.413110,0.0042,39.7325,60.2633,1.62e-13
1300,15,15,6480551.6343,4441.3220,3.163802,0.035407,3.516609,6.413110,0.0042,57.3079,42.6879,1.68e-13
1301,15,15,6480569.2075,4441.3220,3.163803,0.039744,3.516607,6.413102,0.0048,51.7245,48.2707,1.23e-13
1302,15,15,6480572.6264,4441.3220,3.163803,0.032629,3.516607,6.413100,0.0050,50.6759,49.3191,1.45e-13
1303,15,15,6480585.1715,4441.3220,3.163804,0.027421,3.516608,6.413109,0.0043,53.7494,46.2463,1.74e-13
1304,15,15,6480591.5698,4441.3220,3.163805,0.037111,3.516607,6.413109,0.0050,50.3487,49.6462,1.34e-13
1305,15,15,6480598.6527,4441.3220,3.163805,0.029594,3.516607,6.413116,0.0040,37.5627,62.4332,1.39e-13
1306,15,15,6480603.7384,4441.3220,3.163805,0.035949,3.516608,6.413112,0.0042,59.9427,40.0531,1.76e-13
1307,15,15,6480615.1598,4441.3220,3.163806,0.034651,3.516608,6.413115,0.0039,56.3449,43.6511,1.13e-13
1308,15,15,6480623.4513,4441.3220,3.163807,0.035662,3.516609,6.413118,0.0043,52.6627,47.3330,1.69e-13
1309,15,15,6480625.1294,4441.3220,3.163807,0.036241,3.516606,6.413117,0.0044,50.9824,49.0132,2.22e-13
1310,15,15,6480628.6265,4441.3220,3.163807,0.041645,3.516606,6.413114,0.0045,44.5078,55.4876,1.36e-13
1311,15,15,6480642.4135,4441.3220,3.163808,0.043785,3.516603,6.413092,0.0066,37.2651,62.7284,1.11e-13
1312,15,15,6480647.9856,4441.3220,3.163808,0.034276,3.516609,6.413114,0.0045,46.1901,53.8055,1.61e-13
1313,15,15,6480651.1417,4441.3220,3.163809,0.040303,3.516609,6.413114,0.0047,41.6284,58.3669,1.37e-13
1314,15,15,6480663.1249,4441.3220,3.163809,0.019463,3.516612,6.413130,0.0025,63.0397,36.9578,2.27e-13
1315,15,15,6480665.7891,4441.3220,3.163810,0.045731,3.516605,6.413107,0.0050,38.9777,61.0174,1.35e-13
1316,15,15,6480673.7960,4441.3220,3.163810,0.034123,3.516609,6.413119,0.0043,49.3498,50.6459,2.02e-13
1317,15,15,6480683.5141,4441.3220,3.163811,0.032348,3.516607,6.413123,0.0038,61.5335,38.4627,1.57e-13
1318,15,15,6480690.9776,4441.3220,3.163811,0.032725,3.516610,6.413127,0.0038,47.8809,52.1152,1.60e-13
1319,15,15,6480698.9086,4441.3220,3.163812,0.030950,3.516608,6.413132,0.0033,54.4993,45.4974,1.44e-13
1320,15,15,6480703.2888,4441.3220,3.163812,0.018313,3.516611,6.413130,0.0032,49.7020,50.2948,1.82e-13
1321,15,15,6480705.8683,4441.3220,3.163812,0.023477,3.516608,6.413133,0.0028,46.1960,53.8012,2.33e-13
1322,15,15,6480718.9471,4441.3220,3.163813,0.032300,3.516609,6.413132,0.0038,51.8044,48.1919,1.97e-13
1323,15,15,6480722.0036,4441.3220,3.163813,0.024003,3.516611,6.413138,0.0028,50.7735,49.2237,1.79e-13
1324,15,15,6480728.3298,4441.3220,3.163814,0.029956,3.516610,6.413132,0.0037,57.1433,42.8530,1.81e-13
1325,15,15,6480735.8028,4441.3220,3.163814,0.020836,3.516611,6.413138,0.0029,42.0266,57.9705,1.78e-13
1326,15,15,6480739.6679,4441.3220,3.163815,0.015043,3.516614,6.413145,0.0021,62.9849,37.0130,2.39e-13
1327,15,15,6480745.8675,4441.3220,3.163815,0.002518,3.516616,6.413168,0.0004,49.7877,50.2119,6.55e-13
1328,15,15,6480747.0347,4441.3220,3.163815,0.014151,3.516612,6.413150,0.0020,62.6803,37.3177,2.29e-13
1329,15,15,6480750.0511,4441.3220,3.163815,0.014048,3.516614,6.413152,0.0018,37.7379,62.2604,2.61e-13
1330,15,15,6480750.5630,4441.3220,3.163815,0.004388,3.516616,6.413169,0.0004,31.1822,68.8173,5.87e-13
1331,15,15,6480750.6768,4441.3220,3.163815,0.004225,3.516616,6.413169,0.0005,51.3697,48.6298,5.16e-13
1332,15,15,6480751.6191,4441.3220,3.163815,0.013423,3.516613,6.413154,0.0017,57.8260,42.1722,2.46e-13
1333,15,15,6480753.9372,4441.3220,3.163816,0.004178,3.516615,6.413169,0.0004,72.5720,27.4276,6.37e-13
1334,15,15,6480756.0578,4441.3220,3.163816,0.015555,3.516613,6.413153,0.0017,46.4115,53.5868,2.49e-13
1335,15,15,6480756.7024,4441.3220,3.163816,0.007823,3.516615,6.413160,0.0011,40.3735,59.6254,3.16e-13
1336,15,15,6480757.7066,4441.3220,3.163816,0.012714,3.516614,6.413155,0.0014,41.6399,58.3586,3.01e-13
1337,15,15,6480761.3882,4441.3220,3.163816,0.002885,3.516616,6.413167,0.0007,46.2403,53.7590,3.36e-13
1338,15,15,6480762.9294,4441.3220,3.163816,0.012398,3.516614,6.413150,0.0020,47.8236,52.1745,2.37e-13
1339,15,15,6480764.3267,4441.3220,3.163816,0.004829,3.516616,6.413164,0.0009,63.4230,36.5761,4.09e-13
1340,15,15,6480765.5146,4441.3220,3.163816,0.004454,3.516617,6.413166,0.0005,33.9316,66.0678,5.61e-13
1341,15,15,6480767.1284,4441.3220,3.163816,0.010221,3.516615,6.413157,0.0014,49.0267,50.9720,3.12e-13
1342,15,15,6480768.4279,4441.3220,3.163817,0.015338,3.516613,6.413157,0.0014,57.8640,42.1346,3.18e-13
1343,15,15,6480769.6020,4441.3220,3.163817,0.008050,3.516615,6.413163,0.0009,57.8328,42.1664,3.45e-13
1344,15,15,6480771.5215,4441.3220,3.163817,0.008335,3.516617,6.413156,0.0012,37.3512,62.6476,3.44e-13
1345,15,15,6480775.0406,4441.3220,3.163817,0.017244,3.516612,6.413149,0.0022,48.0098,51.9881,2.22e-13
1346,15,15,6480777.7916,4441.3220,3.163817,0.012140,3.516613,6.413160,0.0013,25.0113,74.9873,3.16e-13
1347,15,15,6480779.6946,4441.3220,3.163817,0.011400,3.516614,6.413158,0.0014,51.1783,48.8204,2.47e-13
1348,15,15,6480780.6942,4441.3220,3.163817,0.008200,3.516614,6.413168,0.0007,19.1336,80.8656,3.90e-13
1349,15,15,6480781.4375,4441.3220,3.163817,0.002986,3.516615,6.413164,0.0010,74.6396,25.3594,3.15e-13
1350,15,15,6480781.9765,4441.3220,3.163817,0.005206,3.516615,6.413164,0.0010,62.0653,37.9337,3.46e-13
1351,15,15,6480783.3505,4441.3220,3.163818,0.008024,3.516616,6.413157,0.0013,43.7553,56.2434,2.95e-13
1352,15,15,6480785.7881,4441.3220,3.163818,0.002849,3.516616,6.413161,0.0010,53.5430,46.4561,4.14e-13
1353,15,15,6480787.2740,4441.3220,3.163818,0.010091,3.516615,6.413162,0.0010,49.8424,50.1566,3.70e-13
1354,15,15,6480790.8963,4441.3220,3.163818,0.020703,3.516612,6.413152,0.0020,56.2559,43.7421,2.50e-13
1355,15,15,6480791.3306,4441.3220,3.163818,0.012215,3.516614,6.413167,0.0011,62.0824,37.9165,3.50e-13
1356,15,15,6480792.1504,4441.3220,3.163818,0.008609,3.516615,6.413165,0.0011,35.3690,64.6299,3.13e-13
1357,15,15,6480793.7552,4441.3220,3.163818,0.010780,3.516613,6.413159,0.0013,46.7144,53.2842,2.49e-13
1358,15,15,6480795.4896,4441.3220,3.163818,0.025576,3.516610,6.413152,0.0024,48.6091,51.3886,2.58e-13
1359,15,15,6480797.3376,4441.3220,3.163818,0.019331,3.516613,6.413151,0.0019,38.3057,61.6924,2.35e-13
1360,15,15,6480803.3174,4441.3220,3.163819,0.024847,3.516608,6.413140,0.0032,52.5919,47.4049,2.13e-13
1361,15,15,6480808.2542,4441.3220,3.163819,0.023531,3.516611,6.413149,0.0025,40.5562,59.4413,2.48e-13
1362,15,15,6480810.8512,4441.3220,3.163819,0.024217,3.516610,6.413147,0.0026,56.6981,43.2993,2.08e-13
1363,15,15,6480811.8660,4441.3220,3.163819,0.026585,3.516611,6.413142,0.0038,40.0764,59.9198,1.75e-13
1364,15,15,6480814.9111,4441.3220,3.163820,0.021558,3.516611,6.413144,0.0028,55.6980,44.2992,1.54e-13
1365,15,15,6480821.3506,4441.3220,3.163820,0.013598,3.516612,6.413159,0.0020,44.2402,55.7578,2.18e-13
1366,15,15,6480823.2717,4441.3220,3.163820,0.013775,3.516612,6.413158,0.0020,50.3939,49.6042,2.41e-13
1367,15,15,6480826.5325,4441.3220,3.163820,0.021115,3.516611,6.413152,0.0029,64.9999,34.9972,1.57e-13
1368,15,15,6480830.3298,4441.3220,3.163821,0.018221,3.516612,6.413158,0.0022,76.4217,23.5761,2.16e-13
1369,15,15,6480833.9354,4441.3220,3.163821,0.013025,3.516614,6.413162,0.0020,18.3069,81.6911,2.06e-13
1370,15,15,6480836.2126,4441.3220,3.163821,0.014996,3.516613,6.413164,0.0018,23.2322,76.7660,2.37e-13
1371,15,15,6480838.2537,4441.3220,3.163821,0.026809,3.516610,6.413151,0.0028,49.6491,50.3481,1.88e-13
1372,15,15,6480841.4050,4441.3220,3.163821,0.013817,3.516614,6.413167,0.0017,79.6355,20.3628,2.37e-13
1373,15,15,6480843.7436,4441.3220,3.163822,0.032799,3.516609,6.413141,0.0035,56.8393,43.1572,1.77e-13
1374,15,15,6480848.6692,4441.3220,3.163822,0.027986,3.516610,6.413146,0.0033,57.3014,42.6953,1.59e-13
1375,15,15,6480852.0281,4441.3220,3.163822,0.028680,3.516608,6.413140,0.0039,43.7645,56.2316,2.03e-13
1376,15,15,6480860.0495,4441.3220,3.163823,0.030091,3.516608,6.413139,0.0037,41.6004,58.3960,1.93e-13
1377,15,15,6480861.9231,4441.3220,3.163823,0.024994,3.516610,6.413155,0.0030,51.7081,48.2888,1.21e-13
1378,15,15,6480866.7173,4441.3220,3.163823,0.022396,3.516612,6.413153,0.0032,57.3323,42.6645,1.83e-13
1379,15,15,6480870.8864,4441.3220,3.163823,0.021000,3.516611,6.413152,0.0027,60.5613,39.4360,1.87e-13
1380,15,15,6480874.4647,4441.3220,3.163824,0.023346,3.516612,6.413151,0.0029,65.0020,34.9950,1.44e-13
1381,15,15,6480879.7779,4441.3220,3.163824,0.035184,3.516607,6.413141,0.0039,58.7286,41.2674,1.72e-13
1382,15,15,6480880.9210,4441.3220,3.163824,0.026840,3.516610,6.413148,0.0036,48.2161,51.7803,1.55e-13
1383,15,15,6480886.2533,4441.3220,3.163824,0.032223,3.516609,6.413144,0.0044,52.6937,47.3019,1.69e-13
1384,15,15,6480887.7054,4441.3220,3.163825,0.035336,3.516606,6.413146,0.0035,35.2311,64.7654,1.17e-13
1385,15,15,6480894.1194,4441.3220,3.163825,0.030021,3.516608,6.413151,0.0038,41.8059,58.1904,1.62e-13
1386,15,15,6480899.2489,4441.3220,3.163825,0.024653,3.516611,6.413152,0.0037,47.2160,52.7803,1.70e-13
1387,15,15,6480899.7147,4441.3220,3.163825,0.030040,3.516609,6.413154,0.0033,49.0303,50.9664,1.49e-13
1388,15,15,6480906.0322,4441.3220,3.163826,0.025101,3.516611,6.413160,0.0030,57.9441,42.0529,1.68e-13
1389,15,15,6480908.1576,4441.3220,3.163826,0.025447,3.516611,6.413156,0.0031,58.2947,41.7022,1.57e-13
1390,15,15,6480911.4334,4441.3220,3.163826,0.028572,3.516608,6.413149,0.0039,55.4038,44.5923,1.60e-13
1391,15,15,6480913.7120,4441.3220,3.163826,0.040279,3.516605,6.413146,0.0048,49.2310,50.7642,1.47e-13
1392,15,15,6480918.7484,4441.3220,3.163827,0.029057,3.516611,6.413151,0.0035,52.0970,47.8995,1.24e-13
1393,15,15,6480919.8623,4441.3220,3.163827,0.037782,3.516607,6.413145,0.0046,57.3021,42.6933,1.53e-13
1394,15,15,6480923.1427,4441.3220,3.163827,0.027934,3.516608,6.413159,0.0035,42.6172,57.3793,1.27e-13
1395,15,15,6480935.7912,4441.3220,3.163828,0.036627,3.516607,6.413151,0.0040,53.6991,46.2969,1.45e-13
1396,15,15,6480941.1617,4441.3220,3.163828,0.037113,3.516606,6.413147,0.0044,42.7723,57.2233,1.60e-13
1397,15,15,6480945.3425,4441.3220,3.163828,0.040212,3.516605,6.413144,0.0050,53.2074,46.7875,1.17e-13
1398,15,15,6480948.3390,4441.3220,3.163829,0.031908,3.516608,6.413152,0.0043,54.2077,45.7880,1.36e-13
1399,15,15,6480954.5953,4441.3220,3.163829,0.035543,3.516609,6.413143,0.0051,43.1290,56.8659,1.16e-13
1400,15,15,6480958.0317,4441.3220,3.163829,0.041512,3.516606,6.413150,0.0048,53.2310,46.7642,1.16e-13
1401,15,15,6480959.7391,4441.3220,3.163829,0.035660,3.516606,6.413154,0.0047,47.6443,52.3510,1.44e-13
1402,15,15,6480965.3483,4441.3220,3.163830,0.033430,3.516609,6.413152,0.0045,39.1353,60.8602,1.44e-13
1403,15,15,6480969.5192,4441.3220,3.163830,0.039955,3.516607,6.413154,0.0044,35.5700,64.4255,1.34e-13
1404,15,15,6480973.4151,4441.3220,3.163830,0.041960,3.516605,6.413146,0.0049,41.9914,58.0037,1.09e-13
1405,15,15,6480978.9529,4441.3220,3.163831,0.032203,3.516607,6.413157,0.0041,75.1408,24.8551,1.37e-13
1406,15,15,6480982.2612,4441.3220,3.163831,0.032874,3.516607,6.413157,0.0044,44.1070,55.8887,1.14e-13
1407,15,15,6480986.9601,4441.3220,3.163831,0.036531,3.516607,6.413155,0.0045,56.8669,43.1286,1.28e-13
1408,15,15,6480994.2043,4441.3220,3.163832,0.039376,3.516608,6.413146,0.0051,47.4650,52.5300,1.27e-13
1409,15,15,6480996.1239,4441.3220,3.163832,0.039300,3.516608,6.413152,0.0046,47.3816,52.6138,1.20e-13
1410,15,15,6481000.4379,4441.3220,3.163832,0.037360,3.516608,6.413142,0.0055,45.0242,54.9703,1.02e-13
1411,15,15,6481004.8790,4441.3220,3.163832,0.040248,3.516606,6.413143,0.0050,51.7358,48.2591,1.15e-13
1412,15,15,6481007.4283,4441.3220,3.163833,0.045766,3.516605,6.413151,0.0056,28.3884,71.6060,1.35e-13
1413,15,15,6481012.7575,4441.3220,3.163833,0.026008,3.516610,6.413154,0.0042,53.4227,46.5731,1.08e-13
1414,15,15,6481015.1354,4441.3220,3.163833,0.040558,3.516606,6.413151,0.0051,49.8481,50.1468,1.30e-13
1415,15,15,6481020.1214,4441.3220,3.163833,0.038841,3.516608,6.413158,0.0045,40.3812,59.6143,1.21e-13
1416,15,15,6481024.8489,4441.3220,3.163834,0.032485,3.516609,6.413162,0.0043,51.8334,48.1622,1.28e-13
1417,15,15,6481025.5267,4441.3220,3.163834,0.048008,3.516602,6.413144,0.0071,48.1740,51.8189,1.14e-13
1418,15,15,6481035.4316,4441.3220,3.163834,0.042981,3.516605,6.413149,0.0052,42.7148,57.2800,9.71e-14
1419,15,15,6481039.2772,4441.3220,3.163835,0.040672,3.516606,6.413153,0.0049,41.4680,58.5272,1.21e-13
1420,15,15,6481046.9559,4441.3220,3.163835,0.049309,3.516604,6.413155,0.0053,49.6099,50.3848,1.11e-13
1421,15,15,6481050.2933,4441.3220,3.163835,0.032621,3.516608,6.413149,0.0049,36.2449,63.7502,1.14e-13
1422,15,15,6481052.8054,4441.3220,3.163836,0.044413,3.516605,6.413146,0.0057,49.2516,50.7427,1.18e-13
1423,15,15,6481059.6634,4441.3220,3.163836,0.039560,3.516607,6.413155,0.0050,56.2268,43.7681,1.19e-13
1424,15,15,6481062.8602,4441.3220,3.163836,0.045802,3.516605,6.413148,0.0056,41.1661,58.8283,1.14e-13
1425,15,15,6481067.2445,4441.3220,3.163837,0.043403,3.516607,6.413152,0.0050,50.8674,49.1276,1.10e-13
1426,15,15,6481073.0046,4441.3220,3.163837,0.042753,3.516605,6.413151,0.0056,36.0509,63.9436,1.14e-13
1427,15,15,6481077.1907,4441.3220,3.163837,0.038704,3.516608,6.413151,0.0060,59.4027,40.5913,9.29e-14
1428,15,15,6481084.1031,4441.3220,3.163838,0.039084,3.516607,6.413153,0.0053,52.5648,47.4299,1.20e-13
1429,15,15,6481086.6707,4441.3220,3.163838,0.036073,3.516608,6.413152,0.0054,39.7804,60.2142,1.18e-13
1430,15,15,6481093.6204,4441.3220,3.163838,0.046161,3.516604,6.413154,0.0053,48.0996,51.8951,1.16e-13
1431,15,15,6481100.6119,4441.3220,3.163839,0.041558,3.516605,6.413158,0.0054,60.8603,39.1343,1.14e-13
1432,15,15,6481102.0972,4441.3220,3.163839,0.052568,3.516602,6.413141,0.0062,46.4626,53.5311,9.98e-14
1433,15,15,6481104.4816,4441.3220,3.163839,0.048170,3.516601,6.413147,0.0061,41.6757,58.3182,1.19e-13
1434,15,15,6481112.0375,4441.3220,3.163840,0.047537,3.516603,6.413151,0.0059,42.1400,57.8541,9.85e-14
1435,15,15,6481117.8957,4441.3220,3.163840,0.044044,3.516605,6.413150,0.0058,49.6756,50.3186,1.10e-13
1436,15,15,6481120.9889,4441.3220,3.163840,0.045642,3.516605,6.413148,0.0057,45.7351,54.2592,8.29e-14
1437,15,15,6481128.8541,4441.3220,3.163841,0.053627,3.516601,6.413145,0.0067,46.4233,53.5700,1.20e-13
1438,15,15,6481139.3890,4441.3220,3.163841,0.045318,3.516605,6.413156,0.0058,58.7559,41.2383,1.10e-13
1439,15,15,6481140.9791,4441.3220,3.163841,0.052341,3.516604,6.413140,0.0072,55.8488,44.1440,1.06e-13
1440,15,15,6481146.6580,4441.3220,3.163842,0.048976,3.516604,6.413155,0.0060,61.3865,38.6075,1.02e-13
1441,15,15,6481153.1244,4441.3220,3.163842,0.039291,3.516605,6.413151,0.0058,51.9545,48.0397,9.00e-14
1442,15,15,6481156.1505,4441.3220,3.163843,0.051084,3.516601,6.413153,0.0061,53.0718,46.9222,1.15e-13
1443,15,15,6481159.1833,4441.3220,3.163843,0.045342,3.516606,6.413155,0.0059,49.4412,50.5529,1.17e-13
1444,15,15,6481163.9694,4441.3220,3.163843,0.056388,3.516602,6.413145,0.0070,39.4104,60.5826,9.84e-14
1445,15,15,6481166.4688,4441.3220,3.163843,0.047733,3.516604,6.413150,0.0065,51.6824,48.3111,1.08e-13
1446,15,15,6481172.9705,4441.3220,3.163844,0.044506,3.516605,6.413156,0.0062,43.1343,56.8595,9.18e-14
1447,15,15,6481184.2948,4441.3220,3.163844,0.055128,3.516604,6.413141,0.0067,42.2030,57.7903,7.55e-14
1448,15,15,6481193.9973,4441.3220,3.163845,0.051582,3.516601,6.413145,0.0067,29.0787,70.9146,9.75e-14
1449,15,15,6481199.5280,4441.3220,3.163845,0.056307,3.516603,6.413147,0.0064,45.9530,54.0406,9.37e-14
1450,15,15,6481204.9381,4441.3220,3.163846,0.052310,3.516603,6.413151,0.0067,55.2451,44.7482,1.08e-13
1451,15,15,6481211.2997,4441.3220,3.163846,0.049098,3.516603,6.413149,0.0068,57.2533,42.7399,8.99e-14
1452,15,15,6481216.5872,4441.3220,3.163847,0.054869,3.516602,6.413145,0.0072,43.9540,56.0388,9.56e-14
1453,15,15,6481219.1723,4441.3220,3.163847,0.052727,3.516601,6.413140,0.0070,38.3449,61.6480,9.64e-14
1454,15,15,6481225.9047,4441.3220,3.163847,0.054480,3.516602,6.413152,0.0071,49.0436,50.9493,9.19e-14
1455,15,15,6481236.6379,4441.3220,3.163848,0.052190,3.516603,6.413151,0.0076,57.2984,42.6940,9.71e-14
1456,15,15,6481243.9023,4441.3220,3.163848,0.053638,3.516605,6.413148,0.0072,59.2505,40.7423,8.65e-14
1457,15,15,6481250.2314,4441.3220,3.163849,0.055830,3.516603,6.413147,0.0075,47.3480,52.6446,7.70e-14
1458,15,15,6481256.4576,4441.3220,3.163849,0.068353,3.516597,6.413152,0.0085,36.4319,63.5596,9.33e-14
1459,15,15,6481260.1082,4441.3220,3.163849,0.057778,3.516602,6.413150,0.0074,56.9835,43.0092,8.88e-14
1460,15,15,6481266.3860,4441.3220,3.163850,0.057021,3.516601,6.413156,0.0077,51.7420,48.2504,1.05e-13
1461,15,15,6481272.3420,4441.3220,3.163850,0.064468,3.516597,6.413152,0.0081,61.2005,38.7913,8.74e-14
1462,15,15,6481278.2246,4441.3220,3.163851,0.055247,3.516603,6.413153,0.0068,35.6535,64.3397,9.84e-14
1463,15,15,6481288.2381,4441.3220,3.163851,0.057237,3.516601,6.413157,0.0078,52.0912,47.9010,9.28e-14
1464,15,15,6481295.5198,4441.3220,3.163852,0.063313,3.516600,6.413148,0.0085,56.1732,43.8183,8.91e-14
1465,15,15,6481299.4949,4441.3220,3.163852,0.066429,3.516598,6.413149,0.0082,38.9428,61.0490,7.75e-14
1466,15,15,6481308.3417,4441.3220,3.163853,0.058168,3.516601,6.413152,0.0078,60.5258,39.4664,9.46e-14
1467,15,15,6481310.6746,4441.3220,3.163853,0.060023,3.516600,6.413150,0.0078,47.5182,52.4740,8.67e-14
1468,15,15,6481317.6897,4441.3220,3.163853,0.067901,3.516597,6.413149,0.0087,45.2581,54.7332,7.87e-14
1469,15,15,6481322.7030,4441.3220,3.163854,0.051004,3.516601,6.413155,0.0072,44.6460,55.3468,8.38e-14
1470,15,15,6481328.2104,4441.3220,3.163854,0.060003,3.516603,6.413150,0.0072,34.0710,65.9218,1.00e-13
1471,15,15,6481335.4420,4441.3220,3.163855,0.060376,3.516600,6.413144,0.0084,52.6511,47.3405,7.81e-14
1472,15,15,6481350.2288,4441.3220,3.163856,0.050796,3.516602,6.413150,0.0074,48.4480,51.5446,7.14e-14
1473,15,15,6481357.4871,4441.3220,3.163856,0.062883,3.516597,6.413140,0.0083,63.2080,36.7837,7.59e-14
1474,15,15,6481367.7489,4441.3220,3.163857,0.062713,3.516601,6.413140,0.0084,57.8265,42.1651,7.92e-14
1475,15,15,6481369.0393,4441.3220,3.163857,0.058699,3.516601,6.413137,0.0079,44.9726,55.0195,8.20e-14
1476,15,15,6481391.4283,4441.3220,3.163858,0.064722,3.516599,6.413139,0.0086,62.9506,37.0407,7.07e-14
1477,15,15,6481400.5984,4441.3220,3.163859,0.079647,3.516594,6.413148,0.0098,67.5462,32.4439,7.34e-14
1478,15,15,6481413.7061,4441.3220,3.163860,0.092903,3.516588,6.413147,0.0114,62.6715,37.3171,7.35e-14
1479,15,15,6481439.8469,4441.3220,3.163862,0.065356,3.516597,6.413135,0.0095,64.9901,35.0004,6.16e-14
1480,15,15,6481463.1296,4441.3220,3.163863,0.069091,3.516596,6.413143,0.0092,41.6381,58.3526,6.87e-14
1481,15,15,6481469.4486,4441.3220,3.163864,0.081148,3.516593,6.413152,0.0115,66.9880,33.0005,7.89e-14
1482,15,15,6481472.5704,4441.3220,3.163864,0.075284,3.516593,6.413150,0.0109,58.9507,41.0384,7.47e-14
1483,15,15,6481494.6510,4441.3220,3.163865,0.073748,3.516594,6.413144,0.0096,50.7200,49.2704,7.61e-14
1484,15,15,6481507.0919,4441.3220,3.163866,0.072539,3.516596,6.413155,0.0092,75.4157,24.5750,9.36e-14
1485,15,15,6481523.0276,4441.3220,3.163867,0.064784,3.516598,6.413150,0.0086,36.5221,63.4693,5.90e-14
1486,15,15,6481534.4496,4441.3220,3.163868,0.092220,3.516587,6.413140,0.0138,78.5189,21.4673,7.58e-14
1487,15,15,6481539.3047,4441.3220,3.163868,0.087415,3.516589,6.413147,0.0132,60.6749,39.3120,8.13e-14
1488,15,15,6481548.0228,4441.3220,3.163869,0.070773,3.516597,6.413148,0.0098,37.7057,62.2846,6.62e-14
1489,15,15,6481553.4797,4441.3220,3.163869,0.090235,3.516589,6.413150,0.0115,59.2824,40.7061,7.49e-14
1490,15,15,6481584.5773,4441.3220,3.163871,0.076887,3.516596,6.413150,0.0114,49.5066,50.4820,6.76e-14
1491,15,15,6481594.5143,4441.3220,3.163872,0.087917,3.516591,6.413152,0.0118,42.6532,57.3350,7.32e-14
1492,15,15,6481609.3382,4441.3220,3.163873,0.099666,3.516586,6.413171,0.0147,57.3443,42.6410,6.98e-14
1493,15,15,6481613.2179,4441.3220,3.163873,0.081034,3.516589,6.413160,0.0109,38.9259,61.0633,8.14e-14
1494,15,15,6481632.2245,4441.3220,3.163874,0.081609,3.516595,6.413139,0.0103,80.6260,19.3636,7.24e-14
1495,15,15,6481665.0665,4441.3220,3.163877,0.107821,3.516582,6.413162,0.0159,34.3311,65.6530,6.69e-14
1496,15,15,6481666.2610,4441.3220,3.163877,0.095397,3.516585,6.413164,0.0136,65.8494,34.1369,6.27e-14
1497,15,15,6481736.7620,4441.3220,3.163881,0.077397,3.516597,6.413152,0.0108,79.1026,20.8865,8.14e-14
1498,15,15,6481739.3327,4441.3220,3.163882,0.103562,3.516585,6.413143,0.0147,22.5405,77.4448,6.56e-14
1499,15,15,6481785.3309,4441.3220,3.163885,0.117588,3.516578,6.413160,0.0190,72.2398,27.7412,5.51e-14
1500,15,15,6481833.9827,4441.3220,3.163888,0.097756,3.516585,6.413175,0.0149,45.5331,54.4520,7.42e-14
1501,15,15,6481862.0449,4441.3220,3.163890,0.105227,3.516585,6.413153,0.0142,58.9894,40.9964,6.44e-14
1502,15,15,6481879.6836,4441.3220,3.163891,0.099240,3.516583,6.413141,0.0153,76.7595,23.2252,6.55e-14
1503,15,15,6481907.1949,4441.3220,3.163893,0.087195,3.516590,6.413149,0.0134,33.3359,66.6507,6.23e-14
1504,15,15,6481943.2753,4441.3220,3.163895,0.100176,3.516587,6.413152,0.0156,59.3663,40.6181,6.71e-14
1505,15,15,6481961.7614,4441.3220,3.163897,0.134882,3.516569,6.413163,0.0196,70.0178,29.9626,6.73e-14
1506,15,15,6481971.4719,4441.3220,3.163897,0.137071,3.516572,6.413168,0.0220,84.4160,15.5620,6.13e-14
1507,15,15,6482013.6389,4441.3220,3.163900,0.139051,3.516569,6.413175,0.0221,7.5275,92.4504,6.89e-14
1508,15,15,6482023.5734,4441.3220,3.163901,0.105650,3.516581,6.413158,0.0150,35.7484,64.2366,5.94e-14
1509,15,15,6482041.9595,4441.3220,3.163902,0.111792,3.516580,6.413175,0.0162,7.1970,92.7868,5.31e-14
1510,15,15,6482077.3973,4441.3220,3.163904,0.146079,3.516566,6.413174,0.0239,83.9129,16.0631,5.83e-14
1511,15,15,6482088.9931,4441.3220,3.163905,0.103589,3.516580,6.413121,0.0168,69.9988,29.9844,6.90e-14
1512,15,15,6482098.2203,4441.3220,3.163906,0.124009,3.516573,6.413164,0.0195,87.6120,12.3684,6.47e-14
1513,15,15,6482149.2699,4441.3220,3.163909,0.112184,3.516583,6.413150,0.0162,14.6589,85.3250,4.56e-14
1514,15,15,6482175.7174,4441.3220,3.163911,0.104844,3.516587,6.413139,0.0147,13.0464,86.9389,5.12e-14
1515,15,15,6482197.5557,4441.3220,3.163912,0.115199,3.516580,6.413154,0.0195,12.3525,87.6280,5.99e-14
1516,15,15,6482227.9316,4441.3220,3.163914,0.125559,3.516572,6.413169,0.0208,18.9579,81.0213,5.56e-14
1517,15,15,6482280.4336,4441.3220,3.163918,0.160445,3.516555,6.413168,0.0279,70.2402,29.7319,5.26e-14
1518,15,15,6482307.5333,4441.3220,3.163920,0.164759,3.516553,6.413179,0.0281,15.9905,83.9814,5.38e-14
1519,15,15,6482423.2058,4441.3220,3.163927,0.142334,3.516566,6.413155,0.0238,89.3239,10.6522,5.10e-14
1520,15,15,6482453.4534,4441.3220,3.163929,0.076504,3.516597,6.413134,0.0123,93.4866,6.5011,6.51e-14
1521,15,15,6482515.0812,4441.3220,3.163934,0.119061,3.516577,6.413145,0.0191,5.8667,94.1142,4.86e-14
1522,15,15,6482539.9720,4441.3220,3.163935,0.152681,3.516561,6.413164,0.0249,90.3426,9.6325,5.63e-14
1523,15,15,6482563.7464,4441.3220,3.163937,0.183289,3.516544,6.413170,0.0337,21.0517,78.9146,5.59e-14
1524,15,15,6482597.1741,4441.3220,3.163939,0.134059,3.516570,6.413170,0.0227,15.3041,84.6733,5.58e-14
1525,15,15,6482625.4513,4441.3220,3.163941,0.163182,3.516551,6.413171,0.0289,74.3437,25.6274,6.30e-14
1526,15,15,6482696.0661,4441.3220,3.163946,0.167657,3.516559,6.413182,0.0265,96.4380,3.5355,5.32e-14
1527,15,15,6482737.0185,4441.3220,3.163949,0.161442,3.516558,6.413180,0.0263,80.8630,19.1107,6.23e-14
1528,15,15,6482819.7848,4441.3220,3.163954,0.145056,3.516566,6.413161,0.0207,32.4444,67.5349,6.88e-14
1529,15,15,6482929.8423,4441.3220,3.163961,0.165321,3.516555,6.413184,0.0299,0.9160,99.0541,5.07e-14
1530,15,15,6483056.0540,4441.3220,3.163970,0.160376,3.516556,6.413175,0.0286,96.8959,3.0755,5.20e-14
1531,15,15,6483088.9283,4441.3220,3.163972,0.216909,3.516524,6.413156,0.0405,85.5192,14.4403,6.14e-14
1532,15,15,6483394.5925,4441.3220,3.163993,0.137641,3.516565,6.413180,0.0242,1.0926,98.8831,6.81e-14
1533,15,15,6483406.9752,4441.3220,3.163993,0.150326,3.516558,6.413176,0.0271,98.6580,1.3149,4.44e-14
1534,15,15,6483726.5147,4441.3220,3.164015,0.159764,3.516556,6.413146,0.0256,76.2969,23.6775,8.47e-14
1535,15,15,6483812.6734,4441.3220,3.164021,0.118061,3.516582,6.413150,0.0191,61.6876,38.2933,7.57e-14
1536,15,15,6483825.1438,4441.3220,3.164021,0.136798,3.516571,6.413149,0.0239,21.3421,78.6340,7.26e-14
