mode_rank,matched_m,matched_n,Omega_FEM,Omega_exact,log10_Error_Omega,log10_Error_L2_w,log10_Error_L2_phi,W_energy_pct,Phi1_energy_pct,Phi2_energy_pct,relative_residual
1,1,3,100.9581,98.6960,-1.639789,1.801189,1.567620,99.9997,0.0002,0.0001,1.13e-06
2,2,3,133.6603,128.3049,-1.379448,1.800716,1.648628,99.9995,0.0002,0.0003,7.39e-07
3,1,4,152.6289,167.7833,-1.044212,1.801168,1.615537,99.9994,0.0003,0.0003,5.58e-07
4,3,3,183.8773,177.6529,-1.455476,1.800617,1.693380,99.9991,0.0003,0.0006,3.66e-07
5,2,4,191.6931,197.3921,-1.539533,1.800994,1.674806,99.9991,0.0004,0.0005,3.80e-07
6,2,4,204.7794,197.3921,-1.426843,1.800584,1.696020,99.9990,0.0008,0.0002,3.42e-07
7,3,4,223.9083,246.7401,-1.033699,1.800548,1.694362,99.9987,0.0006,0.0007,2.76e-07
8,3,4,238.0538,246.7401,-1.453402,1.800539,1.704518,99.9987,0.0007,0.0006,2.62e-07
9,1,5,253.4722,256.6097,-1.912683,1.801197,1.717357,99.9985,0.0010,0.0005,2.32e-07
10,1,5,265.3131,256.6097,-1.469586,1.802118,1.738070,99.9984,0.0006,0.0010,2.29e-07
11,2,5,284.3223,286.2185,-2.178818,1.800101,1.711571,99.9984,0.0007,0.0009,2.08e-07
12,4,4,302.2163,315.8273,-1.365558,1.801306,1.724795,99.9982,0.0008,0.0011,1.66e-07
13,4,4,306.8201,315.8273,-1.544858,1.801144,1.720147,99.9982,0.0011,0.0008,1.44e-07
14,3,5,326.1200,335.5665,-1.550506,1.802210,1.736921,99.9979,0.0014,0.0006,1.74e-07
15,3,5,334.9659,335.5665,-2.747137,1.799908,1.749365,99.9978,0.0005,0.0017,1.32e-07
16,3,5,341.1757,335.5665,-1.776885,1.800965,1.744173,99.9978,0.0011,0.0010,1.44e-07
17,3,5,346.9471,335.5665,-1.469616,1.801274,1.748050,99.9978,0.0013,0.0009,1.12e-07
18,1,6,371.3989,365.1754,-1.768462,1.801000,1.740126,99.9977,0.0008,0.0015,1.29e-07
19,2,6,393.2264,394.7842,-2.403862,1.800307,1.736472,99.9975,0.0016,0.0009,1.24e-07
20,4,5,402.8632,404.6538,-2.354101,1.800095,1.731595,99.9975,0.0012,0.0013,1.14e-07
21,4,5,411.1366,404.6538,-1.795323,1.800680,1.678362,99.9981,0.0009,0.0010,1.27e-07
22,3,6,427.3427,444.1322,-1.422474,1.800964,1.674934,99.9979,0.0010,0.0010,1.16e-07
23,3,6,438.0913,444.1322,-1.866408,1.802460,1.734251,99.9973,0.0008,0.0019,8.10e-08
24,3,6,445.8463,444.1322,-2.413480,1.802207,1.730159,99.9973,0.0011,0.0015,9.62e-08
25,3,6,454.2201,444.1322,-1.643712,1.800952,1.718513,99.9975,0.0011,0.0014,8.22e-08
26,3,6,459.2882,444.1322,-1.466927,1.800344,1.711101,99.9975,0.0013,0.0011,9.09e-08
27,1,7,469.2665,493.4802,-1.309208,1.801270,1.676227,99.9977,0.0012,0.0011,1.00e-07
28,1,7,480.1670,493.4802,-1.568986,1.801427,1.713049,99.9973,0.0017,0.0010,8.54e-08
29,1,7,484.1848,493.4802,-1.725000,1.801874,1.691757,99.9975,0.0015,0.0010,8.49e-08
30,1,7,489.6363,493.4802,-2.108497,1.800149,1.701071,99.9974,0.0012,0.0014,9.53e-08
31,1,7,502.2946,493.4802,-1.748079,1.800038,1.726479,99.9971,0.0017,0.0013,8.48e-08
32,1,7,503.3211,493.4802,-1.700234,1.800192,1.695146,99.9975,0.0012,0.0014,5.93e-08
33,2,7,524.1510,523.0890,-2.692469,1.800954,1.653759,99.9978,0.0012,0.0010,8.42e-08
34,2,7,535.4898,523.0890,-1.625127,1.802036,1.698290,99.9973,0.0017,0.0010,6.46e-08
35,2,7,544.4909,523.0890,-1.388124,1.802418,1.717964,99.9971,0.0013,0.0016,7.07e-08
36,3,7,549.3650,572.4371,-1.394641,1.801612,1.677184,99.9973,0.0014,0.0012,7.42e-08
37,3,7,552.0678,572.4371,-1.448752,1.801449,1.700408,99.9970,0.0013,0.0017,7.31e-08
38,3,7,559.4624,572.4371,-1.644632,1.800540,1.736019,99.9965,0.0017,0.0018,5.62e-08
39,3,7,563.5566,572.4371,-1.809290,1.801738,1.694356,99.9971,0.0015,0.0014,6.97e-08
40,3,7,572.7082,572.4371,-3.324540,1.800827,1.658812,99.9975,0.0013,0.0012,7.19e-08
41,3,7,579.1101,572.4371,-1.933402,1.801663,1.745240,99.9963,0.0019,0.0018,5.45e-08
42,5,6,589.5919,602.0459,-1.684323,1.800784,1.687810,99.9970,0.0017,0.0012,7.45e-08
43,5,6,591.8292,602.0459,-1.770320,1.801372,1.705625,99.9968,0.0015,0.0017,6.04e-08
44,5,6,603.2921,602.0459,-2.684025,1.801323,1.712541,99.9967,0.0015,0.0018,5.64e-08
45,5,6,612.4149,602.0459,-1.763890,1.799519,1.698341,99.9968,0.0016,0.0016,5.63e-08
46,5,6,613.7330,602.0459,-1.711921,1.799712,1.643593,99.9975,0.0011,0.0013,6.20e-08
47,1,8,624.4804,641.5243,-1.575645,1.801287,1.683416,99.9969,0.0019,0.0012,6.08e-08
48,1,8,630.1825,641.5243,-1.752530,1.799523,1.711690,99.9964,0.0018,0.0018,5.44e-08
49,1,8,632.7684,641.5243,-1.864915,1.800856,1.698756,99.9967,0.0017,0.0016,6.57e-08
50,1,8,649.2197,641.5243,-1.920982,1.800146,1.695722,99.9967,0.0015,0.0018,5.11e-08
51,2,8,661.5081,671.1331,-1.843407,1.801995,1.704480,99.9964,0.0016,0.0020,5.45e-08
52,2,8,664.8336,671.1331,-2.027502,1.801380,1.711028,99.9963,0.0017,0.0020,4.50e-08
53,2,8,673.8339,671.1331,-2.395315,1.801207,1.689191,99.9967,0.0019,0.0014,4.98e-08
54,2,8,679.3033,671.1331,-1.914576,1.801401,1.709364,99.9963,0.0017,0.0020,4.77e-08
55,2,8,683.3497,671.1331,-1.739859,1.800607,1.729857,99.9960,0.0021,0.0020,4.69e-08
56,2,8,689.7656,671.1331,-1.556539,1.800852,1.730573,99.9960,0.0018,0.0022,4.48e-08
57,6,6,697.3568,710.6115,-1.729261,1.801630,1.713541,99.9961,0.0020,0.0019,4.72e-08
58,6,6,711.0978,710.6115,-3.164715,1.801122,1.702616,99.9962,0.0016,0.0022,4.43e-08
59,3,8,718.8136,720.4811,-2.635555,1.801444,1.679834,99.9966,0.0019,0.0015,4.88e-08
60,5,7,729.4185,730.3507,-2.894014,1.801334,1.691820,99.9963,0.0016,0.0020,4.67e-08
61,5,7,733.9135,730.3507,-2.311739,1.802277,1.718717,99.9959,0.0022,0.0020,4.51e-08
62,5,7,737.6148,730.3507,-2.002353,1.799490,1.730657,99.9956,0.0015,0.0029,4.12e-08
63,5,7,741.1830,730.3507,-1.828812,1.802848,1.749882,99.9952,0.0028,0.0019,3.82e-08
64,5,7,749.4667,730.3507,-1.582134,1.801201,1.725550,99.9957,0.0025,0.0018,3.98e-08
65,5,7,755.2091,730.3507,-1.468058,1.800408,1.708858,99.9960,0.0022,0.0018,4.42e-08
66,4,8,763.1734,789.5684,-1.475869,1.802049,1.697753,99.9959,0.0023,0.0018,3.97e-08
67,4,8,773.1264,789.5684,-1.681436,1.801895,1.704067,99.9958,0.0014,0.0028,3.86e-08
68,4,8,780.2882,789.5684,-1.929834,1.801292,1.672813,99.9964,0.0020,0.0016,4.85e-08
69,4,8,797.7330,789.5684,-1.985452,1.800222,1.726858,99.9953,0.0028,0.0019,3.28e-08
70,1,9,801.4811,809.3076,-2.014546,1.801668,1.731853,99.9951,0.0019,0.0030,3.13e-08
71,1,9,813.5617,809.3076,-2.279304,1.800595,1.721115,99.9953,0.0024,0.0023,3.77e-08
72,1,9,821.2756,809.3076,-1.830090,1.800718,1.695413,99.9958,0.0023,0.0018,2.85e-08
73,2,9,830.8125,838.9164,-2.015026,1.802517,1.725273,99.9951,0.0027,0.0022,3.94e-08
74,2,9,842.4813,838.9164,-2.371674,1.801650,1.706083,99.9955,0.0023,0.0022,3.60e-08
75,2,9,844.1105,838.9164,-2.208206,1.801147,1.720465,99.9952,0.0026,0.0022,3.42e-08
76,2,9,848.8347,838.9164,-1.927281,1.802262,1.708915,99.9955,0.0025,0.0021,3.82e-08
77,5,8,858.6908,878.3948,-1.649136,1.800722,1.723455,99.9949,0.0027,0.0024,3.19e-08
78,5,8,862.4292,878.3948,-1.740504,1.800688,1.696185,99.9955,0.0021,0.0024,3.05e-08
79,5,8,868.7490,878.3948,-1.959350,1.800389,1.702227,99.9953,0.0024,0.0023,3.58e-08
80,5,8,878.2012,878.3948,-3.656873,1.800481,1.707971,99.9952,0.0026,0.0022,3.39e-08
81,3,9,888.8917,888.2644,-3.151086,1.801907,1.716278,99.9950,0.0023,0.0027,3.07e-08
82,3,9,890.0627,888.2644,-2.693668,1.801119,1.712516,99.9951,0.0028,0.0022,3.19e-08
83,3,9,891.8465,888.2644,-2.394399,1.800781,1.708716,99.9951,0.0025,0.0024,2.58e-08
84,3,9,908.2484,888.2644,-1.647859,1.802137,1.721703,99.9949,0.0021,0.0030,3.08e-08
85,3,9,908.5882,888.2644,-1.640537,1.800309,1.714164,99.9950,0.0029,0.0021,2.97e-08
86,3,9,915.1891,888.2644,-1.518392,1.800097,1.725240,99.9947,0.0024,0.0029,2.64e-08
87,4,9,927.5729,957.3516,-1.507166,1.801310,1.726778,99.9943,0.0030,0.0027,2.91e-08
88,4,9,935.6341,957.3516,-1.644260,1.800909,1.717738,99.9945,0.0025,0.0030,2.91e-08
89,4,9,939.4176,957.3516,-1.727395,1.799768,1.692591,99.9951,0.0024,0.0025,3.30e-08
90,4,9,943.1869,957.3516,-1.829863,1.801398,1.726029,99.9943,0.0023,0.0033,2.50e-08
91,4,9,951.6446,957.3516,-2.224658,1.802263,1.731109,99.9942,0.0030,0.0027,2.55e-08
92,4,9,957.1113,957.3516,-3.600274,1.800289,1.716782,99.9945,0.0025,0.0029,2.39e-08
93,7,7,967.5504,967.2212,-3.468076,1.801361,1.731292,99.9942,0.0034,0.0024,2.49e-08
94,7,7,972.4454,967.2212,-2.267510,1.801300,1.709960,99.9947,0.0026,0.0027,2.23e-08
95,6,8,979.3106,986.9604,-2.110646,1.802314,1.738658,99.9939,0.0037,0.0024,2.70e-08
96,6,8,989.9031,986.9604,-2.525553,1.801941,1.713568,99.9945,0.0027,0.0028,2.78e-08
97,1,10,996.8816,996.8300,-4.286185,1.799709,1.739813,99.9937,0.0038,0.0025,2.33e-08
98,1,10,999.2540,996.8300,-2.614101,1.801883,1.724498,99.9942,0.0027,0.0031,2.49e-08
99,1,10,1006.5397,996.8300,-2.011416,1.801448,1.725095,99.9942,0.0025,0.0033,2.32e-08
100,1,10,1009.9718,996.8300,-1.879969,1.801634,1.736554,99.9939,0.0029,0.0032,2.46e-08
101,2,10,1016.7543,1026.4389,-2.025255,1.799472,1.721474,99.9940,0.0025,0.0035,2.61e-08
102,2,10,1024.1077,1026.4389,-2.643761,1.801532,1.731250,99.9938,0.0029,0.0033,2.14e-08
103,5,9,1040.6057,1046.1781,-2.273568,1.800819,1.737071,99.9935,0.0030,0.0035,2.24e-08
104,5,9,1042.0724,1046.1781,-2.406220,1.801478,1.734598,99.9936,0.0032,0.0032,2.28e-08
105,5,9,1046.2835,1046.1781,-3.996809,1.800854,1.729423,99.9937,0.0034,0.0029,2.25e-08
106,5,9,1049.7724,1046.1781,-2.463990,1.802250,1.740217,99.9935,0.0034,0.0031,2.24e-08
107,5,9,1056.3309,1046.1781,-2.013017,1.801035,1.741162,99.9934,0.0040,0.0026,2.36e-08
108,3,10,1061.1914,1075.7869,-1.867509,1.799571,1.729678,99.9935,0.0034,0.0031,2.17e-08
109,3,10,1066.2931,1075.7869,-2.054287,1.802712,1.729042,99.9936,0.0030,0.0034,2.23e-08
110,3,10,1078.2179,1075.7869,-2.645942,1.801785,1.738978,99.9933,0.0031,0.0036,2.16e-08
111,3,10,1093.8978,1075.7869,-1.773786,1.801663,1.729643,99.9936,0.0029,0.0035,2.18e-08
112,7,8,1099.0838,1115.2653,-1.838360,1.800096,1.737696,99.9930,0.0036,0.0034,2.02e-08
113,7,8,1103.8272,1115.2653,-1.989025,1.802067,1.709011,99.9940,0.0028,0.0033,2.09e-08
114,7,8,1111.8826,1115.2653,-2.518114,1.800579,1.717752,99.9936,0.0034,0.0030,2.31e-08
115,7,8,1118.3966,1115.2653,-2.551647,1.802652,1.729734,99.9934,0.0029,0.0037,2.37e-08
116,7,8,1125.8198,1115.2653,-2.023941,1.802279,1.733086,99.9933,0.0032,0.0036,2.14e-08
117,4,10,1137.2613,1144.8741,-2.177215,1.800524,1.737294,99.9929,0.0042,0.0029,1.89e-08
118,4,10,1141.5582,1144.8741,-2.538156,1.800664,1.726419,99.9932,0.0029,0.0039,2.03e-08
119,4,10,1147.1566,1144.8741,-2.700354,1.801436,1.707567,99.9938,0.0032,0.0030,2.19e-08
120,6,9,1155.0569,1154.7437,-3.566670,1.800641,1.734065,99.9929,0.0031,0.0040,1.99e-08
121,6,9,1161.2462,1154.7437,-2.249405,1.801024,1.735704,99.9929,0.0033,0.0039,1.64e-08
122,6,9,1172.2471,1154.7437,-1.819363,1.800501,1.733521,99.9929,0.0041,0.0030,2.35e-08
123,6,9,1176.7938,1154.7437,-1.719075,1.803124,1.747803,99.9925,0.0043,0.0031,1.87e-08
124,1,11,1179.9178,1204.0917,-1.697313,1.800433,1.725768,99.9928,0.0032,0.0039,1.79e-08
125,1,11,1191.1933,1204.0917,-1.970124,1.801911,1.732738,99.9927,0.0036,0.0037,1.69e-08
126,1,11,1195.8769,1204.0917,-2.166060,1.802102,1.726189,99.9929,0.0040,0.0031,1.73e-08
127,1,11,1198.9337,1204.0917,-2.368172,1.801460,1.725505,99.9929,0.0032,0.0039,1.79e-08
128,1,11,1208.4736,1204.0917,-2.438997,1.802474,1.729867,99.9928,0.0036,0.0036,1.75e-08
129,1,11,1213.1399,1204.0917,-2.124097,1.802674,1.719788,99.9931,0.0033,0.0036,1.75e-08
130,2,11,1221.7135,1233.7006,-2.012497,1.802405,1.740797,99.9922,0.0037,0.0041,1.87e-08
131,2,11,1227.3326,1233.7006,-2.287208,1.800065,1.725523,99.9927,0.0026,0.0048,1.80e-08
132,2,11,1232.3462,1233.7006,-2.959474,1.802352,1.732729,99.9925,0.0034,0.0041,1.85e-08
133,2,11,1240.6439,1233.7006,-2.249641,1.801032,1.719426,99.9929,0.0036,0.0035,1.79e-08
134,2,11,1243.9889,1233.7006,-2.078866,1.802767,1.729372,99.9926,0.0037,0.0036,1.55e-08
135,8,8,1252.7976,1263.3094,-2.079834,1.800572,1.724592,99.9926,0.0033,0.0041,1.64e-08
136,8,8,1257.2045,1263.3094,-2.315837,1.801501,1.739091,99.9921,0.0033,0.0045,1.61e-08
137,8,8,1262.5525,1263.3094,-3.222517,1.800529,1.738994,99.9921,0.0040,0.0039,1.73e-08
138,8,8,1263.6738,1263.3094,-3.539855,1.800127,1.736021,99.9922,0.0038,0.0040,1.66e-08
139,3,11,1282.9976,1283.0486,-4.401083,1.801121,1.733255,99.9921,0.0046,0.0033,1.64e-08
140,3,11,1284.1410,1283.0486,-3.069849,1.800849,1.733554,99.9921,0.0045,0.0034,1.69e-08
141,3,11,1292.3876,1283.0486,-2.137940,1.801891,1.746021,99.9917,0.0050,0.0033,1.49e-08
142,3,11,1299.1029,1283.0486,-1.902651,1.800045,1.728637,99.9922,0.0033,0.0045,1.53e-08
143,3,11,1307.7569,1283.0486,-1.715400,1.801923,1.738571,99.9920,0.0042,0.0039,1.45e-08
144,3,11,1311.7213,1283.0486,-1.650774,1.801831,1.731240,99.9922,0.0037,0.0040,1.56e-08
145,6,10,1321.3770,1342.2662,-1.807917,1.801466,1.740020,99.9916,0.0038,0.0046,1.36e-08
146,6,10,1325.8437,1342.2662,-1.912399,1.801442,1.737629,99.9917,0.0045,0.0038,1.59e-08
147,6,10,1330.1495,1342.2662,-2.044455,1.800793,1.728232,99.9920,0.0046,0.0034,1.57e-08
148,6,10,1342.2562,1342.2662,-5.129938,1.801623,1.734857,99.9918,0.0039,0.0043,1.83e-08
149,6,10,1344.2458,1342.2662,-2.831251,1.800619,1.737007,99.9917,0.0043,0.0040,1.61e-08
150,4,11,1353.9978,1352.1358,-2.861050,1.802757,1.743402,99.9914,0.0049,0.0037,1.69e-08
151,4,11,1363.4225,1352.1358,-2.078453,1.801325,1.745891,99.9912,0.0041,0.0047,1.63e-08
152,4,11,1373.1339,1352.1358,-1.808841,1.802491,1.744720,99.9914,0.0040,0.0046,1.53e-08
153,4,11,1377.3627,1352.1358,-1.729157,1.800813,1.751402,99.9910,0.0041,0.0049,1.11e-08
154,4,11,1390.9431,1352.1358,-1.542107,1.801848,1.746388,99.9913,0.0051,0.0037,1.40e-08
155,1,12,1395.1483,1431.0926,-1.600038,1.800475,1.737257,99.9911,0.0055,0.0034,1.50e-08
156,1,12,1405.3603,1431.0926,-1.745188,1.799843,1.746612,99.9907,0.0050,0.0043,1.37e-08
157,1,12,1410.6728,1431.0926,-1.845616,1.799787,1.737943,99.9910,0.0052,0.0038,1.42e-08
158,1,12,1418.8217,1431.0926,-2.066791,1.801709,1.748668,99.9907,0.0053,0.0040,1.20e-08
159,1,12,1424.4953,1431.0926,-2.336302,1.800309,1.741763,99.9909,0.0044,0.0047,1.34e-08
160,5,11,1438.6172,1440.9622,-2.788497,1.801026,1.730906,99.9913,0.0044,0.0044,1.35e-08
161,5,11,1441.9969,1440.9622,-3.143873,1.801765,1.740739,99.9909,0.0048,0.0043,1.58e-08
162,2,12,1451.2083,1460.7015,-2.187151,1.800670,1.733733,99.9910,0.0051,0.0039,1.33e-08
163,2,12,1454.8760,1460.7015,-2.399233,1.800729,1.735894,99.9909,0.0040,0.0051,1.02e-08
164,7,10,1466.6131,1470.5711,-2.570018,1.800364,1.734342,99.9909,0.0047,0.0044,1.46e-08
165,7,10,1468.0585,1470.5711,-2.767364,1.802021,1.748176,99.9904,0.0045,0.0050,1.32e-08
166,7,10,1471.2387,1470.5711,-3.342945,1.801819,1.744457,99.9906,0.0050,0.0044,1.32e-08
167,7,10,1482.9869,1470.5711,-2.073511,1.800730,1.738820,99.9908,0.0051,0.0042,1.34e-08
168,7,10,1487.5614,1470.5711,-1.937285,1.801287,1.736574,99.9909,0.0046,0.0045,1.41e-08
169,3,12,1494.2494,1510.0495,-1.980333,1.801212,1.735910,99.9907,0.0049,0.0043,1.36e-08
170,3,12,1506.4900,1510.0495,-2.627600,1.800908,1.741862,99.9905,0.0053,0.0043,1.21e-08
171,3,12,1513.3002,1510.0495,-2.667006,1.800922,1.740082,99.9905,0.0057,0.0038,1.34e-08
172,3,12,1517.5687,1510.0495,-2.302819,1.800331,1.734353,99.9908,0.0052,0.0041,1.27e-08
173,3,12,1524.4341,1510.0495,-2.021094,1.801340,1.747244,99.9903,0.0053,0.0044,1.18e-08
174,6,11,1538.1935,1549.5279,-2.135800,1.802072,1.737349,99.9904,0.0049,0.0047,1.35e-08
175,6,11,1548.3996,1549.5279,-3.137781,1.801599,1.737840,99.9904,0.0051,0.0046,1.37e-08
176,6,11,1557.9248,1549.5279,-2.266079,1.801494,1.738627,99.9903,0.0051,0.0046,1.08e-08
177,4,12,1568.5352,1579.1367,-2.173054,1.802172,1.749640,99.9897,0.0062,0.0041,1.23e-08
178,4,12,1571.5803,1579.1367,-2.320102,1.801373,1.744321,99.9899,0.0053,0.0048,1.17e-08
179,4,12,1582.0417,1579.1367,-2.735279,1.800179,1.748866,99.9896,0.0058,0.0045,1.27e-08
180,4,12,1586.5965,1579.1367,-2.325692,1.801147,1.750165,99.9896,0.0058,0.0046,1.08e-08
181,9,9,1592.8656,1598.8759,-2.424917,1.801897,1.747900,99.9895,0.0063,0.0042,1.30e-08
182,9,9,1598.3208,1598.8759,-3.459465,1.801421,1.747559,99.9895,0.0042,0.0063,1.19e-08
183,9,9,1605.9645,1598.8759,-2.353255,1.801249,1.746811,99.9895,0.0054,0.0050,1.06e-08
184,8,10,1613.4092,1618.6151,-2.492647,1.801839,1.741367,99.9897,0.0048,0.0055,1.08e-08
185,8,10,1622.0549,1618.6151,-2.672614,1.800859,1.740174,99.9898,0.0050,0.0053,1.13e-08
186,8,10,1624.7649,1618.6151,-2.420282,1.801377,1.746601,99.9895,0.0052,0.0054,1.02e-08
187,8,10,1630.7506,1618.6151,-2.125085,1.801499,1.756549,99.9890,0.0053,0.0057,1.02e-08
188,8,10,1641.6735,1618.6151,-1.846314,1.800989,1.745579,99.9895,0.0055,0.0050,1.16e-08
189,5,12,1651.2876,1667.9631,-2.000105,1.802309,1.748891,99.9891,0.0060,0.0049,1.19e-08
190,5,12,1663.1603,1667.9631,-2.540693,1.801339,1.750977,99.9889,0.0050,0.0061,9.61e-09
191,5,12,1666.3618,1667.9631,-3.017707,1.801658,1.746547,99.9891,0.0053,0.0056,1.08e-08
192,1,13,1682.0476,1677.8327,-2.599969,1.802628,1.746144,99.9891,0.0054,0.0055,1.18e-08
193,1,13,1684.3613,1677.8327,-2.409934,1.803267,1.748096,99.9891,0.0049,0.0060,9.43e-09
194,2,13,1694.3811,1707.4416,-2.116387,1.800681,1.749774,99.9887,0.0058,0.0056,1.01e-08
195,2,13,1700.9559,1707.4416,-2.420392,1.801617,1.750875,99.9887,0.0059,0.0054,1.03e-08
196,2,13,1704.5716,1707.4416,-2.774463,1.800679,1.753161,99.9885,0.0050,0.0065,8.76e-09
197,2,13,1712.2677,1707.4416,-2.548744,1.802076,1.751591,99.9887,0.0060,0.0054,1.14e-08
198,2,13,1717.4805,1707.4416,-2.230656,1.801986,1.748050,99.9888,0.0057,0.0055,1.13e-08
199,2,13,1727.3213,1707.4416,-1.933936,1.802477,1.755708,99.9885,0.0064,0.0051,9.55e-09
200,2,13,1730.8056,1707.4416,-1.863798,1.802106,1.752283,99.9886,0.0059,0.0054,1.12e-08
201,3,13,1733.6101,1756.7896,-1.879615,1.802591,1.748779,99.9885,0.0052,0.0063,1.01e-08
202,3,13,1742.6561,1756.7896,-2.094471,1.801037,1.749604,99.9884,0.0059,0.0058,9.95e-09
203,3,13,1751.5004,1756.7896,-2.521332,1.801766,1.755261,99.9881,0.0048,0.0071,1.04e-08
204,3,13,1755.9488,1756.7896,-3.320058,1.801351,1.751004,99.9883,0.0050,0.0067,1.13e-08
205,6,12,1768.2275,1776.5288,-2.330427,1.800872,1.748676,99.9884,0.0059,0.0056,9.07e-09
206,6,12,1772.7699,1776.5288,-2.674514,1.800920,1.755909,99.9880,0.0055,0.0065,1.02e-08
207,9,10,1784.7987,1786.3984,-3.047954,1.799984,1.758573,99.9878,0.0056,0.0066,1.03e-08
208,9,10,1789.3588,1786.3984,-2.780627,1.799311,1.759599,99.9877,0.0060,0.0063,8.05e-09
209,9,10,1803.4345,1786.3984,-2.020608,1.800909,1.753203,99.9882,0.0054,0.0064,9.46e-09
210,4,13,1807.7965,1825.8768,-2.004266,1.802904,1.741961,99.9884,0.0055,0.0061,9.89e-09
211,4,13,1816.0840,1825.8768,-2.270562,1.802929,1.746225,99.9882,0.0058,0.0061,1.04e-08
212,4,13,1825.9967,1825.8768,-4.182881,1.802159,1.742144,99.9883,0.0057,0.0060,8.54e-09
213,4,13,1837.7156,1825.8768,-2.188164,1.802861,1.751386,99.9879,0.0046,0.0075,9.76e-09
214,4,13,1838.6264,1825.8768,-2.155975,1.802856,1.755927,99.9876,0.0052,0.0071,8.49e-09
215,4,13,1851.6062,1825.8768,-1.851042,1.801625,1.753829,99.9876,0.0062,0.0062,8.01e-09
216,4,13,1855.3997,1825.8768,-1.791312,1.802380,1.761975,99.9872,0.0078,0.0050,7.80e-09
217,4,13,1864.0684,1825.8768,-1.679504,1.801934,1.754969,99.9876,0.0056,0.0068,9.76e-09
218,7,12,1885.1790,1904.8336,-1.986391,1.799445,1.752802,99.9873,0.0070,0.0057,9.46e-09
219,7,12,1895.0812,1904.8336,-2.290744,1.799799,1.755708,99.9872,0.0072,0.0056,9.05e-09
220,7,12,1902.5873,1904.8336,-2.928382,1.800261,1.757398,99.9871,0.0075,0.0053,7.75e-09
221,5,13,1913.4976,1914.7033,-3.200883,1.802216,1.752255,99.9873,0.0076,0.0052,1.08e-08
222,5,13,1916.7848,1914.7033,-2.963711,1.802520,1.752492,99.9873,0.0066,0.0061,9.60e-09
223,5,13,1923.8029,1914.7033,-2.323075,1.802620,1.757103,99.9870,0.0062,0.0068,7.07e-09
224,5,13,1925.1134,1914.7033,-2.264643,1.801935,1.749003,99.9874,0.0062,0.0064,9.24e-09
225,1,14,1936.7937,1944.3121,-2.412644,1.802698,1.756001,99.9867,0.0071,0.0061,8.08e-09
226,1,14,1956.8695,1944.3121,-2.189863,1.802758,1.756089,99.9867,0.0060,0.0072,9.48e-09
227,1,14,1959.0003,1944.3121,-2.121795,1.802248,1.753269,99.9869,0.0064,0.0067,7.56e-09
228,2,14,1965.2694,1973.9209,-2.358241,1.803292,1.742652,99.9874,0.0062,0.0064,9.93e-09
229,2,14,1981.7600,1973.9209,-2.401063,1.802563,1.761764,99.9862,0.0058,0.0081,7.45e-09
230,9,11,1993.8370,1993.6601,-4.051936,1.800180,1.762800,99.9861,0.0060,0.0080,7.43e-09
231,9,11,1996.4213,1993.6601,-2.858553,1.800940,1.765183,99.9860,0.0069,0.0071,7.49e-09
232,3,14,2013.0307,2023.2689,-2.295830,1.801400,1.759300,99.9860,0.0073,0.0067,9.74e-09
233,3,14,2015.5292,2023.2689,-2.417327,1.801736,1.753915,99.9864,0.0081,0.0055,8.36e-09
234,3,14,2028.4679,2023.2689,-2.590132,1.802889,1.759967,99.9861,0.0067,0.0072,6.47e-09
235,3,14,2033.8721,2023.2689,-2.280617,1.802572,1.753381,99.9865,0.0071,0.0064,8.53e-09
236,8,12,2041.7545,2052.8777,-2.266131,1.801631,1.760134,99.9858,0.0089,0.0053,7.49e-09
237,8,12,2056.2451,2052.8777,-2.785065,1.802269,1.763424,99.9856,0.0075,0.0070,8.23e-09
238,8,12,2064.4940,2052.8777,-2.247295,1.802141,1.766342,99.9854,0.0076,0.0070,6.28e-09
239,8,12,2065.2284,2052.8777,-2.220673,1.801912,1.763557,99.9856,0.0084,0.0061,7.62e-09
240,4,14,2076.4869,2092.3561,-2.120079,1.802067,1.757611,99.9857,0.0065,0.0078,9.20e-09
241,4,14,2101.7100,2092.3561,-2.349644,1.802021,1.757758,99.9857,0.0083,0.0060,7.25e-09
242,4,14,2111.0660,2092.3561,-2.048566,1.802307,1.765695,99.9852,0.0078,0.0070,7.81e-09
243,4,14,2112.5501,2092.3561,-2.015414,1.802037,1.759467,99.9856,0.0076,0.0069,7.10e-09
244,4,14,2118.1727,2092.3561,-1.908738,1.801382,1.762499,99.9853,0.0079,0.0068,7.56e-09
245,7,13,2131.1894,2151.5738,-2.023459,1.803163,1.755233,99.9854,0.0086,0.0059,8.40e-09
246,7,13,2141.2840,2151.5738,-2.320352,1.803205,1.765079,99.9848,0.0058,0.0094,9.47e-09
247,7,13,2150.4217,2151.5738,-3.271272,1.802896,1.771219,99.9843,0.0085,0.0072,6.49e-09
248,7,13,2164.5699,2151.5738,-2.218943,1.803047,1.767251,99.9846,0.0073,0.0080,6.71e-09
249,5,14,2170.1041,2181.1826,-2.294212,1.802060,1.765300,99.9846,0.0074,0.0080,7.25e-09
250,5,14,2184.4402,2181.1826,-2.825797,1.801498,1.770312,99.9842,0.0080,0.0078,7.44e-09
251,5,14,2191.2620,2181.1826,-2.335257,1.801502,1.772431,99.9841,0.0081,0.0079,5.66e-09
252,5,14,2200.5744,2181.1826,-2.051073,1.801620,1.768433,99.9844,0.0076,0.0081,7.01e-09
253,9,12,2202.7982,2220.6610,-2.094532,1.801934,1.771843,99.9839,0.0088,0.0073,6.32e-09
254,9,12,2209.9754,2220.6610,-2.317683,1.800973,1.768062,99.9841,0.0068,0.0091,7.46e-09
255,9,12,2219.6263,2220.6610,-3.331691,1.802309,1.772646,99.9839,0.0086,0.0075,7.19e-09
256,1,15,2226.4973,2230.5306,-2.742746,1.803749,1.767593,99.9838,0.0084,0.0078,6.07e-09
257,1,15,2228.9933,2230.5306,-3.161663,1.805564,1.761106,99.9844,0.0058,0.0098,6.62e-09
258,1,15,2239.5370,2230.5306,-2.393855,1.803788,1.771852,99.9835,0.0077,0.0088,6.02e-09
259,2,15,2251.8724,2260.1394,-2.436788,1.803798,1.767396,99.9837,0.0079,0.0085,6.68e-09
260,2,15,2256.6613,2260.1394,-2.812795,1.803887,1.768301,99.9836,0.0084,0.0080,8.00e-09
261,2,15,2271.1356,2260.1394,-2.312891,1.803683,1.765080,99.9838,0.0080,0.0082,6.88e-09
262,6,14,2281.6041,2289.7482,-2.448941,1.802061,1.766002,99.9837,0.0081,0.0082,6.34e-09
263,6,14,2291.0407,2289.7482,-3.248371,1.801803,1.781713,99.9825,0.0091,0.0084,6.43e-09
264,8,13,2295.8790,2299.6178,-2.788920,1.802580,1.767872,99.9834,0.0078,0.0088,6.21e-09
265,3,15,2322.3697,2309.4874,-2.253524,1.803446,1.768201,99.9832,0.0090,0.0078,5.80e-09
266,3,15,2328.4380,2309.4874,-2.085894,1.803073,1.764643,99.9835,0.0083,0.0083,5.16e-09
267,3,15,2334.5272,2309.4874,-1.964885,1.804389,1.776557,99.9826,0.0097,0.0076,5.42e-09
268,4,15,2347.6221,2378.5747,-1.885620,1.802439,1.772347,99.9826,0.0075,0.0099,6.73e-09
269,4,15,2353.3510,2378.5747,-1.974508,1.801580,1.760802,99.9834,0.0073,0.0092,5.72e-09
270,4,15,2364.7504,2378.5747,-2.235675,1.801431,1.768689,99.9828,0.0081,0.0091,6.89e-09
271,4,15,2367.9281,2378.5747,-2.349109,1.802553,1.769661,99.9828,0.0072,0.0099,6.03e-09
272,4,15,2375.5502,2378.5747,-2.895670,1.802235,1.769444,99.9828,0.0081,0.0091,6.43e-09
273,11,11,2386.1795,2388.4443,-3.023083,1.802480,1.760888,99.9834,0.0087,0.0079,5.36e-09
274,11,11,2396.8368,2388.4443,-2.454220,1.802139,1.767739,99.9828,0.0087,0.0085,5.29e-09
275,7,14,2415.4279,2418.0531,-2.964311,1.802462,1.769439,99.9825,0.0086,0.0090,4.70e-09
276,7,14,2420.8188,2418.0531,-2.941664,1.802615,1.776220,99.9819,0.0093,0.0088,5.78e-09
277,7,14,2427.8710,2418.0531,-2.391445,1.802867,1.769109,99.9825,0.0074,0.0101,5.11e-09
278,5,15,2448.6616,2467.4011,-2.119481,1.802892,1.768669,99.9821,0.0093,0.0085,4.82e-09
279,5,15,2460.4771,2467.4011,-2.551881,1.803132,1.775609,99.9816,0.0073,0.0112,5.08e-09
280,5,15,2467.3050,2467.4011,-4.409647,1.803527,1.776475,99.9815,0.0111,0.0074,5.16e-09
281,5,15,2483.0171,2467.4011,-2.198671,1.802873,1.782537,99.9810,0.0097,0.0093,4.68e-09
282,5,15,2491.7301,2467.4011,-2.006115,1.803086,1.775820,99.9816,0.0113,0.0072,4.51e-09
283,5,15,2503.7541,2467.4011,-1.831699,1.803653,1.779267,99.9813,0.0117,0.0070,4.81e-09
284,5,15,2512.9415,2467.4011,-1.733843,1.802755,1.749121,99.9837,0.0117,0.0046,5.09e-09
285,8,14,2522.9144,2566.0971,-1.773963,1.801478,1.766276,99.9817,0.0091,0.0091,5.06e-09
286,8,14,2533.6094,2566.0971,-1.897553,1.802570,1.779760,99.9806,0.0112,0.0082,4.82e-09
287,8,14,2542.1596,2566.0971,-2.030194,1.802412,1.752339,99.9829,0.0124,0.0047,6.02e-09
288,8,14,2546.7880,2566.0971,-2.123511,1.801999,1.773868,99.9811,0.0099,0.0090,4.60e-09
289,8,14,2561.6361,2566.0971,-2.759836,1.802421,1.769599,99.9815,0.0106,0.0079,4.01e-09
290,6,15,2574.0316,2575.9667,-3.124220,1.805043,1.774922,99.9807,0.0127,0.0065,4.36e-09
291,6,15,2591.0534,2575.9667,-2.232346,1.804833,1.773406,99.9808,0.0100,0.0091,4.52e-09
292,11,12,2599.0785,2615.4452,-2.203586,1.800993,1.766888,99.9813,0.0096,0.0091,4.72e-09
293,11,12,2602.4138,2615.4452,-2.302555,1.801489,1.762263,99.9818,0.0088,0.0094,4.33e-09
294,11,12,2616.3361,2615.4452,-3.467706,1.800849,1.786865,99.9795,0.0118,0.0087,3.95e-09
295,10,13,2639.2568,2654.9236,-2.229073,1.802536,1.769577,99.9808,0.0119,0.0073,4.61e-09
296,10,13,2648.3400,2654.9236,-2.605589,1.802978,1.776577,99.9802,0.0117,0.0082,4.48e-09
297,10,13,2668.2300,2654.9236,-2.299990,1.803338,1.762634,99.9815,0.0075,0.0110,5.38e-09
298,10,13,2670.5475,2654.9236,-2.230263,1.802363,1.779682,99.9798,0.0073,0.0129,5.57e-09
299,7,15,2703.1537,2704.2716,-3.383660,1.803883,1.781448,99.9792,0.0121,0.0087,3.82e-09
300,7,15,2709.1329,2704.2716,-2.745302,1.804341,1.770524,99.9802,0.0102,0.0095,4.06e-09
301,7,15,2715.0877,2704.2716,-2.397981,1.804320,1.771792,99.9801,0.0069,0.0130,3.67e-09
302,9,14,2722.9052,2733.8804,-2.396368,1.802551,1.769895,99.9802,0.0110,0.0089,3.82e-09
303,9,14,2726.2353,2733.8804,-2.553393,1.802962,1.784296,99.9789,0.0129,0.0082,4.05e-09
304,9,14,2741.0511,2733.8804,-2.581220,1.802926,1.781409,99.9791,0.0090,0.0118,4.04e-09
305,9,14,2769.5046,2733.8804,-1.885034,1.802269,1.780792,99.9791,0.0100,0.0108,3.90e-09
306,9,14,2780.8575,2733.8804,-1.764893,1.802619,1.779433,99.9793,0.0115,0.0092,3.46e-09
307,12,12,2798.8307,2842.4461,-1.814052,1.803861,1.767128,99.9794,0.0141,0.0064,4.39e-09
308,12,12,2819.9423,2842.4461,-2.101437,1.804766,1.778027,99.9785,0.0086,0.0129,4.15e-09
309,12,12,2837.4186,2842.4461,-2.752341,1.804851,1.763399,99.9799,0.0096,0.0106,3.76e-09
310,12,12,2842.7561,2842.4461,-3.962285,1.804612,1.777843,99.9785,0.0126,0.0090,3.85e-09
311,8,15,2850.5132,2852.3157,-3.199334,1.804149,1.776822,99.9786,0.0101,0.0113,3.52e-09
312,10,14,2893.9194,2921.4029,-2.026520,1.802550,1.766072,99.9793,0.0124,0.0083,4.17e-09
313,10,14,2908.1735,2921.4029,-2.344051,1.801985,1.789965,99.9769,0.0145,0.0086,3.33e-09
314,10,14,2965.7375,2921.4029,-1.818848,1.802230,1.786421,99.9773,0.0113,0.0114,3.07e-09
315,9,15,2971.6430,3020.0989,-1.794674,1.802534,1.755088,99.9797,0.0082,0.0121,3.54e-09
316,9,15,2986.5856,3020.0989,-1.954803,1.801955,1.767658,99.9784,0.0100,0.0115,3.54e-09
317,9,15,3002.6659,3020.0989,-2.238649,1.801880,1.786493,99.9765,0.0138,0.0098,2.83e-09
318,9,15,3047.2792,3020.0989,-2.045768,1.802515,1.792650,99.9759,0.0070,0.0172,3.22e-09
319,12,13,3090.9122,3089.1862,-3.252808,1.800971,1.789615,99.9754,0.0152,0.0094,2.24e-09
320,12,13,3105.8762,3089.1862,-2.267387,1.802047,1.806651,99.9735,0.0147,0.0118,2.97e-09
321,11,14,3137.5607,3128.6646,-2.546161,1.797796,1.785369,99.9760,0.0152,0.0088,3.08e-09
322,11,14,3148.5951,3128.6646,-2.195841,1.797812,1.782005,99.9764,0.0101,0.0136,3.40e-09
323,10,15,3168.3292,3207.6214,-1.911876,1.802021,1.799656,99.9736,0.0170,0.0094,2.94e-09
324,10,15,3200.8942,3207.6214,-2.678345,1.801694,1.796175,99.9740,0.0189,0.0071,2.61e-09
325,10,15,3204.6471,3207.6214,-3.032789,1.801528,1.781091,99.9757,0.0147,0.0095,2.90e-09
326,10,15,3214.1296,3207.6214,-2.692721,1.801720,1.759729,99.9781,0.0123,0.0096,3.53e-09
327,10,15,3227.9995,3207.6214,-2.197021,1.801268,1.800625,99.9735,0.0164,0.0101,2.68e-09
328,10,15,3237.2829,3207.6214,-2.033991,1.801425,1.812551,99.9720,0.0165,0.0115,2.35e-09
329,10,15,3257.2750,3207.6214,-1.810233,1.801863,1.790835,99.9747,0.0110,0.0143,2.70e-09
330,10,15,3266.0333,3207.6214,-1.739682,1.802193,1.798228,99.9738,0.0117,0.0144,3.00e-09
331,13,13,3287.2879,3335.9263,-1.836237,1.803002,1.779705,99.9749,0.0119,0.0132,3.51e-09
332,13,13,3304.6800,3335.9263,-2.028418,1.803099,1.773783,99.9756,0.0134,0.0110,3.26e-09
333,13,13,3344.7002,3335.9263,-2.580025,1.803787,1.780900,99.9748,0.0144,0.0108,2.40e-09
334,11,15,3436.5007,3414.8831,-2.198568,1.806991,1.780863,99.9736,0.0079,0.0184,2.26e-09
335,11,15,3480.8626,3414.8831,-1.713967,1.806073,1.790372,99.9723,0.0083,0.0194,1.75e-09
336,13,14,3519.4861,3602.4056,-1.637936,1.805439,1.752658,99.9757,0.0099,0.0143,3.74e-09
337,12,15,3655.1057,3641.8840,-2.440040,1.802318,1.774905,99.9730,0.0185,0.0085,2.03e-09
338,12,15,3670.6903,3641.8840,-2.101839,1.802871,1.804226,99.9691,0.0182,0.0127,1.85e-09
339,12,15,3707.1229,3641.8840,-1.746819,1.803267,1.827686,99.9657,0.0276,0.0067,1.94e-09
340,14,14,3865.5571,3868.8849,-3.065426,1.805202,1.759568,99.9733,0.0100,0.0167,1.83e-09
341,13,15,3918.2282,3888.6241,-2.118445,1.804181,1.771745,99.9718,0.0165,0.0117,1.65e-09
342,13,15,3935.4238,3888.6241,-1.919553,1.804862,1.808264,99.9667,0.0240,0.0093,1.90e-09
343,13,15,3954.8894,3888.6241,-1.768510,1.805096,1.804656,99.9673,0.0136,0.0192,1.83e-09
344,13,15,3965.2739,3888.6241,-1.705285,1.805081,1.825260,99.9640,0.0050,0.0310,1.48e-09
345,13,15,4014.0595,3888.6241,-1.491376,1.804968,1.812576,99.9660,0.0203,0.0137,1.44e-09
346,14,15,4298.1388,4155.1035,-1.463138,1.810356,1.792551,99.9662,0.0227,0.0112,1.06e-09
347,15,15,4353.4396,4441.3220,-1.703610,1.805860,1.800322,99.9630,0.0211,0.0160,1.11e-09
348,15,15,4365.3736,4441.3220,-1.766994,1.806842,1.690454,99.9777,0.0149,0.0073,1.50e-09
349,15,15,4380.9254,4441.3220,-1.866500,1.806395,1.809511,99.9614,0.0303,0.0083,1.63e-09
350,15,15,4677.5824,4441.3220,-1.274121,1.806115,1.696040,99.9771,0.0115,0.0113,1.01e-09
351,15,15,5660.6615,4441.3220,-0.561388,1.806923,1.782314,99.9660,0.0183,0.0156,1.01e-09
352,15,15,6508.0423,4441.3220,-0.332231,1.806823,1.807451,99.9618,0.0082,0.0299,1.29e-09
353,15,15,65747.3500,4441.3220,1.139991,1.806711,1.502929,99.9906,0.0067,0.0027,2.01e-12
354,15,15,68104.6510,4441.3220,1.156377,1.806472,1.721274,99.9743,0.0060,0.0197,2.61e-12
355,15,15,71287.8264,4441.3220,1.177566,1.806578,1.628451,99.9832,0.0044,0.0124,1.79e-12
356,15,15,73674.8780,4441.3220,1.192804,1.806235,1.682535,99.9785,0.0159,0.0056,3.41e-12
357,15,15,74935.5031,4441.3220,1.200641,1.805975,1.714037,99.9751,0.0185,0.0063,2.99e-12
358,15,15,74978.4472,4441.3220,1.200905,1.806643,1.800043,99.9631,0.0273,0.0097,2.00e-12
359,15,15,75622.4568,4441.3220,1.204853,1.805953,1.848411,99.9538,0.0369,0.0092,2.30e-12
360,15,15,77258.4244,4441.3220,1.214721,1.806690,1.734167,99.9727,0.0049,0.0224,2.24e-12
361,15,15,77554.2853,4441.3220,1.216482,1.805919,1.824066,99.9587,0.0082,0.0331,1.87e-12
362,15,15,78012.8682,4441.3220,1.219198,1.806551,1.814548,99.9605,0.0091,0.0305,2.13e-12
363,15,15,79298.8241,4441.3220,1.226723,1.806182,1.723978,99.9740,0.0219,0.0042,2.13e-12
364,15,15,80440.8830,4441.3220,1.233299,1.806134,1.866031,99.9499,0.0051,0.0449,2.85e-12
365,15,15,80977.3561,4441.3220,1.236354,1.806107,1.763256,99.9688,0.0216,0.0096,3.27e-12
366,15,15,81041.2292,4441.3220,1.236716,1.806166,1.774900,99.9671,0.0160,0.0169,2.02e-12
367,15,15,81369.9888,4441.3220,1.238576,1.805956,1.915443,99.9372,0.0523,0.0105,2.79e-12
368,15,15,81799.8316,4441.3220,1.240996,1.806307,1.801078,99.9629,0.0056,0.0314,2.26e-12
369,15,15,82105.2232,4441.3220,1.242707,1.806149,1.809776,99.9614,0.0331,0.0055,3.55e-12
370,15,15,82450.9446,4441.3220,1.244636,1.806261,1.663837,99.9803,0.0025,0.0172,2.70e-12
371,15,15,82474.7582,4441.3220,1.244768,1.806237,1.819291,99.9596,0.0199,0.0205,5.95e-12
372,15,15,82792.3667,4441.3220,1.246533,1.806278,1.790448,99.9647,0.0107,0.0246,1.98e-12
373,15,15,83222.1624,4441.3220,1.248908,1.806284,1.665218,99.9802,0.0013,0.0185,1.86e-12
374,15,15,83279.3327,4441.3220,1.249223,1.806130,1.752832,99.9703,0.0081,0.0216,1.86e-12
375,15,15,83490.5658,4441.3220,1.250385,1.806361,1.744498,99.9714,0.0090,0.0196,1.31e-12
376,15,15,83782.5251,4441.3220,1.251987,1.806165,1.833178,99.9570,0.0322,0.0108,1.85e-12
377,15,15,83854.5028,4441.3220,1.252380,1.806444,1.736635,99.9724,0.0029,0.0247,2.45e-12
378,15,15,84178.1991,4441.3220,1.254147,1.806135,1.772565,99.9675,0.0210,0.0115,4.14e-12
379,15,15,84285.9837,4441.3220,1.254734,1.806235,1.808088,99.9616,0.0071,0.0313,2.14e-12
380,15,15,84510.8295,4441.3220,1.255955,1.806310,1.709052,99.9757,0.0033,0.0210,2.88e-12
381,15,15,85352.4184,4441.3220,1.260496,1.806431,1.737240,99.9723,0.0028,0.0249,1.66e-12
382,15,15,85632.5255,4441.3220,1.261997,1.806282,1.742044,99.9717,0.0247,0.0037,3.49e-12
383,15,15,85660.7251,4441.3220,1.262148,1.806249,1.719849,99.9744,0.0017,0.0238,2.05e-12
384,15,15,86248.2617,4441.3220,1.265278,1.806188,1.759708,99.9694,0.0033,0.0273,2.70e-12
385,15,15,86279.6151,4441.3220,1.265444,1.806173,1.715660,99.9750,0.0175,0.0075,2.78e-12
386,15,15,86721.5083,4441.3220,1.267783,1.806486,1.788330,99.9650,0.0158,0.0192,2.11e-12
387,15,15,87091.6454,4441.3220,1.269732,1.806208,1.755746,99.9699,0.0029,0.0272,2.72e-12
388,15,15,87353.1410,4441.3220,1.271104,1.806154,1.779187,99.9665,0.0242,0.0093,1.64e-12
389,15,15,88147.3606,4441.3220,1.275245,1.806327,1.812264,99.9609,0.0336,0.0054,2.93e-12
390,15,15,88302.6840,4441.3220,1.276050,1.806224,1.779508,99.9664,0.0029,0.0307,2.07e-12
391,15,15,88376.8803,4441.3220,1.276434,1.806360,1.743356,99.9716,0.0023,0.0261,1.90e-12
392,15,15,88438.0044,4441.3220,1.276750,1.806177,1.785427,99.9655,0.0314,0.0032,1.94e-12
393,15,15,88724.6052,4441.3220,1.278229,1.806184,1.786891,99.9653,0.0059,0.0288,2.00e-12
394,15,15,89911.1132,4441.3220,1.284300,1.806064,1.875250,99.9478,0.0441,0.0081,2.43e-12
395,15,15,90596.4557,4441.3220,1.287769,1.806452,1.812213,99.9609,0.0037,0.0354,2.91e-12
396,15,15,90817.5721,4441.3220,1.288882,1.806361,1.909573,99.9388,0.0115,0.0497,1.71e-12
397,15,15,90826.4433,4441.3220,1.288927,1.806317,1.720903,99.9744,0.0228,0.0028,1.29e-12
398,15,15,92870.2596,4441.3220,1.299082,1.806357,1.818987,99.9596,0.0374,0.0030,2.43e-12
399,15,15,93133.8764,4441.3220,1.300375,1.806379,1.820639,99.9594,0.0372,0.0034,1.69e-12
400,15,15,93388.9064,4441.3220,1.301622,1.806406,1.792113,99.9644,0.0059,0.0298,1.91e-12
401,15,15,93580.2619,4441.3220,1.302555,1.806296,1.836177,99.9563,0.0038,0.0399,1.76e-12
402,15,15,93645.7684,4441.3220,1.302874,1.806238,1.770263,99.9678,0.0286,0.0036,1.66e-12
403,15,15,94383.0568,4441.3220,1.306449,1.806253,1.799729,99.9631,0.0348,0.0021,2.51e-12
404,15,15,94648.4065,4441.3220,1.307728,1.806220,1.866671,99.9498,0.0418,0.0083,1.36e-12
405,15,15,95319.4687,4441.3220,1.310947,1.806264,1.802555,99.9626,0.0068,0.0307,1.55e-12
406,15,15,96425.0974,4441.3220,1.316199,1.806348,1.856436,99.9520,0.0443,0.0036,2.17e-12
407,15,15,97184.2403,4441.3220,1.319768,1.806228,1.869326,99.9492,0.0281,0.0228,1.68e-12
408,15,15,98368.1130,4441.3220,1.325277,1.806260,1.816305,99.9602,0.0017,0.0381,1.71e-12
409,15,15,98497.3034,4441.3220,1.325874,1.806255,1.896263,99.9424,0.0405,0.0171,1.93e-12
410,15,15,98950.9295,4441.3220,1.327964,1.806244,1.938483,99.9300,0.0431,0.0269,1.82e-12
411,15,15,99669.2693,4441.3220,1.331252,1.806273,1.865367,99.9501,0.0262,0.0237,1.49e-12
412,15,15,100281.2648,4441.3220,1.334034,1.806201,1.837209,99.9561,0.0413,0.0025,9.95e-13
413,15,15,101281.2030,4441.3220,1.338542,1.806369,1.847788,99.9540,0.0442,0.0017,1.25e-12
414,15,15,101909.2921,4441.3220,1.341350,1.806224,1.762258,99.9689,0.0296,0.0015,1.69e-12
415,15,15,103207.8567,4441.3220,1.347098,1.806339,1.867356,99.9497,0.0024,0.0479,2.12e-12
416,15,15,106866.1658,4441.3220,1.362893,1.806205,1.979735,99.9154,0.0340,0.0505,1.28e-12
417,15,15,109899.3309,4441.3220,1.375567,1.806185,1.994425,99.9096,0.0412,0.0492,1.77e-12
418,15,15,110256.5280,4441.3220,1.377036,1.806167,2.002564,99.9061,0.0504,0.0435,1.55e-12
419,15,15,110982.3972,4441.3220,1.380005,1.806138,1.974265,99.9175,0.0418,0.0406,1.63e-12
420,15,15,113675.7899,4441.3220,1.390847,1.806191,1.947623,99.9270,0.0708,0.0022,2.11e-12
421,15,15,114220.5503,4441.3220,1.393008,1.806168,1.990496,99.9111,0.0449,0.0440,1.29e-12
422,15,15,115250.8919,4441.3220,1.397065,1.806211,1.863366,99.9505,0.0058,0.0437,1.45e-12
423,15,15,116390.0277,4441.3220,1.401507,1.806151,1.966284,99.9205,0.0775,0.0020,1.18e-12
424,15,15,117319.7363,4441.3220,1.405099,1.806237,1.989825,99.9114,0.0854,0.0032,9.54e-13
425,15,15,5538523.2922,4441.3220,3.095533,0.162035,3.516148,0.0239,0.2052,99.7710,4.68e-14
426,15,15,5540381.9218,4441.3220,3.095679,0.183875,3.516131,0.0335,99.7619,0.2046,3.71e-14
427,15,15,5591404.2768,4441.3220,3.099664,0.121860,3.516173,0.0150,92.1803,7.8046,5.15e-14
428,15,15,5591569.7925,4441.3220,3.099676,0.141634,3.516154,0.0201,7.8058,92.1740,4.14e-14
429,15,15,5627570.9725,4441.3220,3.102466,0.165985,3.516142,0.0333,99.4116,0.5551,2.63e-14
430,15,15,5628426.5532,4441.3220,3.102532,0.136014,3.516157,0.0211,0.5538,99.4251,3.51e-14
431,15,15,5660959.0689,4441.3220,3.105037,0.071765,3.516183,0.0090,24.0189,75.9721,5.81e-14
432,15,15,5661379.8347,4441.3220,3.105069,0.106190,3.516169,0.0169,75.9620,24.0211,4.03e-14
433,15,15,5745678.2780,4441.3220,3.111493,0.090033,3.516172,0.0145,0.0360,99.9495,4.48e-14
434,15,15,5746078.5193,4441.3220,3.111523,0.073505,3.516185,0.0086,99.9564,0.0350,6.66e-14
435,15,15,5780922.1481,4441.3220,3.114151,0.058680,3.516189,0.0070,25.3803,74.6127,5.22e-14
436,15,15,5782725.9080,4441.3220,3.114287,0.066008,3.516188,0.0106,74.6105,25.3790,4.94e-14
437,15,15,5803488.9968,4441.3220,3.115844,0.166316,3.516142,0.0264,99.4687,0.5049,5.92e-14
438,15,15,5806311.2837,4441.3220,3.116056,0.132441,3.516156,0.0230,0.5016,99.4754,5.19e-14
439,15,15,5817181.1869,4441.3220,3.116869,0.152397,3.516151,0.0261,94.1367,5.8372,5.65e-14
440,15,15,5817515.7767,4441.3220,3.116894,0.158212,3.516143,0.0316,5.8327,94.1357,4.39e-14
441,15,15,5834991.5221,4441.3220,3.118197,0.126271,3.516167,0.0177,93.3269,6.6553,6.29e-14
442,15,15,5835354.8782,4441.3220,3.118224,0.048320,3.516190,0.0092,6.6557,93.3351,8.07e-14
443,15,15,5862996.5181,4441.3220,3.120278,0.146881,3.516154,0.0233,83.0903,16.8865,4.39e-14
444,15,15,5863264.1195,4441.3220,3.120298,0.159994,3.516144,0.0283,16.8818,83.0899,5.69e-14
445,15,15,5866671.4819,4441.3220,3.120551,0.132405,3.516165,0.0198,76.4327,23.5475,6.91e-14
446,15,15,5867058.3114,4441.3220,3.120579,0.128491,3.516173,0.0167,23.5532,76.4301,5.17e-14
447,15,15,5897235.2949,4441.3220,3.122809,0.081804,3.516180,0.0133,58.7237,41.2631,5.51e-14
448,15,15,5897571.4950,4441.3220,3.122834,0.097978,3.516176,0.0137,41.2603,58.7260,4.40e-14
449,15,15,5904189.1330,4441.3220,3.123321,0.102460,3.516177,0.0135,30.5527,69.4338,5.10e-14
450,15,15,5904360.3993,4441.3220,3.123334,0.120324,3.516164,0.0212,69.2131,30.7657,4.61e-14
451,15,15,5904760.5875,4441.3220,3.123363,0.105523,3.516169,0.0182,4.4877,95.4941,5.78e-14
452,15,15,5905641.6623,4441.3220,3.123428,0.175094,3.516138,0.0308,95.6981,4.2712,4.62e-14
453,15,15,5921420.4908,4441.3220,3.124588,0.111029,3.516170,0.0172,26.1269,73.8559,5.20e-14
454,15,15,5921693.8622,4441.3220,3.124608,0.104897,3.516166,0.0145,73.8610,26.1245,6.61e-14
455,15,15,5929171.0451,4441.3220,3.125156,0.086900,3.516181,0.0151,6.4126,93.5723,8.62e-14
456,15,15,5929242.1797,4441.3220,3.125161,0.115329,3.516168,0.0176,93.5563,6.4261,4.63e-14
457,15,15,5931304.3229,4441.3220,3.125313,0.172585,3.516143,0.0254,63.5976,36.3770,6.52e-14
458,15,15,5931628.3530,4441.3220,3.125336,0.165305,3.516145,0.0266,36.3873,63.5861,6.43e-14
459,15,15,5945650.9220,4441.3220,3.126363,0.131936,3.516164,0.0202,28.1137,71.8661,4.93e-14
460,15,15,5945846.4208,4441.3220,3.126377,0.120646,3.516161,0.0193,71.6001,28.3807,4.88e-14
461,15,15,5947410.9506,4441.3220,3.126491,0.131632,3.516162,0.0198,14.8522,85.1281,4.94e-14
462,15,15,5947631.8821,4441.3220,3.126507,0.124413,3.516165,0.0203,85.3866,14.5931,5.24e-14
463,15,15,5952927.8671,4441.3220,3.126894,0.125686,3.516166,0.0172,49.8953,50.0875,7.86e-14
464,15,15,5953239.9955,4441.3220,3.126917,0.102036,3.516171,0.0149,50.0898,49.8953,4.73e-14
465,15,15,5962822.8528,4441.3220,3.127616,0.096432,3.516177,0.0138,39.3855,60.6007,7.18e-14
466,15,15,5963325.9116,4441.3220,3.127653,0.098845,3.516179,0.0174,60.5971,39.3855,4.85e-14
467,15,15,5971424.7167,4441.3220,3.128243,0.120856,3.516166,0.0177,76.5959,23.3864,6.97e-14
468,15,15,5971795.0479,4441.3220,3.128270,0.115759,3.516166,0.0161,23.3843,76.5996,5.48e-14
469,15,15,5985984.3098,4441.3220,3.129301,0.089548,3.516181,0.0138,94.9282,5.0581,7.91e-14
470,15,15,5986961.7009,4441.3220,3.129372,0.149621,3.516149,0.0238,5.0664,94.9098,5.83e-14
471,15,15,5989341.6903,4441.3220,3.129545,0.042183,3.516190,0.0081,62.1567,37.8351,8.65e-14
472,15,15,5989992.1721,4441.3220,3.129592,0.123365,3.516162,0.0153,37.8209,62.1638,5.52e-14
473,15,15,5997506.4261,4441.3220,3.130137,0.159486,3.516140,0.0282,54.9368,45.0351,5.72e-14
474,15,15,5997674.6356,4441.3220,3.130149,0.084862,3.516182,0.0121,45.0427,54.9452,5.73e-14
475,15,15,6007856.0865,4441.3220,3.130886,0.123177,3.516163,0.0172,97.1257,2.8571,7.76e-14
476,15,15,6008154.9518,4441.3220,3.130908,0.124622,3.516160,0.0193,2.8571,97.1237,5.82e-14
477,15,15,6013107.7763,4441.3220,3.131266,0.126663,3.516163,0.0224,47.0284,52.9492,5.99e-14
478,15,15,6013224.2481,4441.3220,3.131274,0.117167,3.516170,0.0134,52.9572,47.0294,6.52e-14
479,15,15,6015900.8431,4441.3220,3.131468,0.082506,3.516177,0.0122,99.5392,0.4485,5.28e-14
480,15,15,6017090.4595,4441.3220,3.131554,0.104037,3.516179,0.0154,0.4489,99.5357,5.44e-14
481,15,15,6023735.8213,4441.3220,3.132033,0.097747,3.516174,0.0149,65.9826,34.0025,5.33e-14
482,15,15,6024456.1964,4441.3220,3.132085,0.102015,3.516171,0.0143,34.0004,65.9853,4.74e-14
483,15,15,6042064.3827,4441.3220,3.133354,0.103876,3.516167,0.0150,1.6811,98.3039,5.30e-14
484,15,15,6042680.7154,4441.3220,3.133398,0.088389,3.516177,0.0117,98.3067,1.6816,8.85e-14
485,15,15,6057610.0750,4441.3220,3.134471,0.103843,3.516172,0.0142,46.4296,53.5562,5.62e-14
486,15,15,6058047.3838,4441.3220,3.134502,0.116030,3.516172,0.0152,53.5536,46.4312,4.95e-14
487,15,15,6070024.7414,4441.3220,3.135360,0.071074,3.516186,0.0079,14.5759,85.4162,7.28e-14
488,15,15,6070856.2949,4441.3220,3.135420,0.170833,3.516136,0.0276,85.3998,14.5726,6.56e-14
489,15,15,6086043.8987,4441.3220,3.136506,0.093161,3.516171,0.0137,99.6616,0.3247,8.75e-14
490,15,15,6086169.6411,4441.3220,3.136515,0.061605,3.516186,0.0091,0.3276,99.6633,5.98e-14
491,15,15,6089158.6795,4441.3220,3.136728,0.076559,3.516179,0.0096,26.4265,73.5639,7.21e-14
492,15,15,6089328.7075,4441.3220,3.136740,0.094505,3.516166,0.0127,73.5610,26.4262,5.69e-14
493,15,15,6107368.6053,4441.3220,3.138026,0.089007,3.516178,0.0132,91.5084,8.4784,6.01e-14
494,15,15,6107645.7583,4441.3220,3.138046,0.073710,3.516182,0.0088,8.4817,91.5095,5.86e-14
495,15,15,6121804.8793,4441.3220,3.139052,0.134240,3.516159,0.0227,74.7544,25.2229,5.29e-14
496,15,15,6122356.8017,4441.3220,3.139091,0.114977,3.516160,0.0168,25.2131,74.7700,6.52e-14
497,15,15,6131018.8925,4441.3220,3.139706,0.084743,3.516173,0.0126,71.3681,28.6193,6.57e-14
498,15,15,6131212.4715,4441.3220,3.139719,0.076886,3.516180,0.0100,28.6211,71.3689,5.01e-14
499,15,15,6136786.6796,4441.3220,3.140114,0.100238,3.516172,0.0157,17.9891,81.9953,6.29e-14
500,15,15,6137015.1469,4441.3220,3.140131,0.112554,3.516167,0.0177,81.9940,17.9883,7.06e-14
501,15,15,6139435.7096,4441.3220,3.140302,0.058372,3.516186,0.0084,11.7842,88.2074,7.00e-14
502,15,15,6139925.0158,4441.3220,3.140337,0.119526,3.516161,0.0166,88.1993,11.7842,6.07e-14
503,15,15,6145517.6010,4441.3220,3.140732,0.078542,3.516184,0.0090,70.9562,29.0347,8.00e-14
504,15,15,6145685.2983,4441.3220,3.140744,0.081264,3.516183,0.0124,29.0201,70.9676,4.00e-14
505,15,15,6147444.1027,4441.3220,3.140868,0.053101,3.516188,0.0072,50.4856,49.5072,9.00e-14
506,15,15,6148006.7193,4441.3220,3.140908,0.114170,3.516174,0.0156,49.5161,50.4683,8.53e-14
507,15,15,6153520.6924,4441.3220,3.141298,0.079404,3.516180,0.0100,60.2398,39.7502,9.12e-14
508,15,15,6153896.8993,4441.3220,3.141324,0.117379,3.516165,0.0198,39.7502,60.2300,4.03e-14
509,15,15,6165000.1499,4441.3220,3.142108,0.063947,3.516185,0.0083,86.3990,13.5927,7.07e-14
510,15,15,6165315.6941,4441.3220,3.142130,0.106992,3.516165,0.0145,13.5921,86.3934,5.74e-14
511,15,15,6175374.3907,4441.3220,3.142839,0.098487,3.516172,0.0136,5.3640,94.6223,6.31e-14
512,15,15,6175646.9551,4441.3220,3.142858,0.120566,3.516167,0.0167,94.5877,5.3956,6.84e-14
513,15,15,6179155.6524,4441.3220,3.143105,0.062432,3.516185,0.0090,7.1507,92.8403,1.04e-13
514,15,15,6179568.2852,4441.3220,3.143134,0.107390,3.516173,0.0149,91.7797,8.2053,7.04e-14
515,15,15,6179940.6971,4441.3220,3.143160,0.079680,3.516188,0.0102,5.7669,94.2229,9.75e-14
516,15,15,6180366.6529,4441.3220,3.143190,0.141215,3.516159,0.0190,95.2948,4.6862,5.90e-14
517,15,15,6185166.4380,4441.3220,3.143527,0.051420,3.516195,0.0065,64.5124,35.4811,8.28e-14
518,15,15,6185708.1303,4441.3220,3.143565,0.097958,3.516181,0.0151,35.4809,64.5040,6.71e-14
519,15,15,6189819.2363,4441.3220,3.143854,0.083249,3.516176,0.0112,39.0160,60.9728,8.51e-14
520,15,15,6190364.7232,4441.3220,3.143892,0.093636,3.516176,0.0146,60.9715,39.0138,6.47e-14
521,15,15,6194494.4523,4441.3220,3.144182,0.093011,3.516170,0.0169,75.2959,24.6871,5.79e-14
522,15,15,6195187.0900,4441.3220,3.144231,0.086615,3.516192,0.0147,24.6938,75.2915,8.49e-14
523,15,15,6211229.6941,4441.3220,3.145355,0.057320,3.516187,0.0072,99.6437,0.3490,1.06e-13
524,15,15,6212807.6809,4441.3220,3.145465,0.087815,3.516184,0.0105,11.2986,88.6909,5.36e-14
525,15,15,6213003.6438,4441.3220,3.145479,0.086781,3.516180,0.0108,88.2809,11.7083,7.44e-14
526,15,15,6213065.1315,4441.3220,3.145483,0.183630,3.516137,0.0309,0.5161,99.4530,4.20e-14
527,15,15,6214868.1908,4441.3220,3.145609,0.063178,3.516187,0.0098,16.6172,83.3731,6.05e-14
528,15,15,6215496.1433,4441.3220,3.145653,0.107912,3.516174,0.0140,83.6141,16.3719,6.01e-14
529,15,15,6231696.0728,4441.3220,3.146784,0.042590,3.516190,0.0066,41.8497,58.1437,1.25e-13
530,15,15,6232895.8783,4441.3220,3.146868,0.187443,3.516127,0.0354,58.1247,41.8399,5.96e-14
531,15,15,6237325.0811,4441.3220,3.147177,0.117213,3.516166,0.0147,0.2646,99.7207,7.04e-14
532,15,15,6237588.5746,4441.3220,3.147195,0.094979,3.516170,0.0152,99.7201,0.2646,7.49e-14
533,15,15,6246452.1381,4441.3220,3.147812,0.091723,3.516184,0.0118,1.8226,98.1656,7.02e-14
534,15,15,6247490.9585,4441.3220,3.147885,0.049575,3.516194,0.0058,9.7231,90.2712,7.58e-14
535,15,15,6247755.8347,4441.3220,3.147903,0.163103,3.516150,0.0259,98.1156,1.8585,5.48e-14
536,15,15,6247824.3277,4441.3220,3.147908,0.068394,3.516187,0.0084,90.3131,9.6785,7.90e-14
537,15,15,6251346.4546,4441.3220,3.148153,0.080066,3.516181,0.0111,27.3001,72.6888,6.29e-14
538,15,15,6251422.7266,4441.3220,3.148158,0.098331,3.516186,0.0111,72.6727,27.3162,8.38e-14
539,15,15,6262716.3688,4441.3220,3.148942,0.057453,3.516187,0.0084,28.5679,71.4236,6.59e-14
540,15,15,6262965.2881,4441.3220,3.148960,0.077455,3.516180,0.0109,71.3094,28.6797,6.06e-14
541,15,15,6264365.3876,4441.3220,3.149057,0.067903,3.516187,0.0071,5.9296,94.0633,9.06e-14
542,15,15,6265289.9772,4441.3220,3.149121,0.059264,3.516191,0.0093,94.1726,5.8181,7.40e-14
543,15,15,6268758.7305,4441.3220,3.149361,0.056956,3.516185,0.0122,1.6968,98.2909,9.32e-14
544,15,15,6269609.6341,4441.3220,3.149420,0.130784,3.516152,0.0219,98.2828,1.6954,6.61e-14
545,15,15,6275153.6872,4441.3220,3.149805,0.074342,3.516181,0.0110,0.7003,99.2887,6.27e-14
546,15,15,6275859.5003,4441.3220,3.149854,0.069393,3.516192,0.0103,95.2266,4.7631,7.89e-14
547,15,15,6275932.3865,4441.3220,3.149859,0.088907,3.516183,0.0120,4.6020,95.3860,8.56e-14
548,15,15,6276159.1668,4441.3220,3.149874,0.110414,3.516172,0.0140,99.3976,0.5883,8.72e-14
549,15,15,6277456.2136,4441.3220,3.149964,0.076521,3.516186,0.0092,2.9316,97.0592,7.87e-14
550,15,15,6277716.3039,4441.3220,3.149982,0.071813,3.516188,0.0085,96.9706,3.0209,9.68e-14
551,15,15,6278558.8169,4441.3220,3.150040,0.087037,3.516175,0.0100,0.3154,99.6746,7.27e-14
552,15,15,6279547.5174,4441.3220,3.150109,0.111638,3.516170,0.0153,99.8107,0.1740,5.85e-14
553,15,15,6294800.1480,4441.3220,3.151163,0.079610,3.516182,0.0103,86.5276,13.4621,6.45e-14
554,15,15,6295340.6244,4441.3220,3.151200,0.133510,3.516166,0.0215,13.4568,86.5217,7.29e-14
555,15,15,6299029.6096,4441.3220,3.151455,0.071438,3.516181,0.0083,0.5651,99.4266,9.35e-14
556,15,15,6299181.5860,4441.3220,3.151466,0.084041,3.516181,0.0105,99.4018,0.5877,7.14e-14
557,15,15,6301605.1396,4441.3220,3.151633,0.069416,3.516181,0.0087,23.1123,76.8790,9.59e-14
558,15,15,6302077.6367,4441.3220,3.151665,0.090445,3.516173,0.0109,76.8424,23.1467,8.03e-14
559,15,15,6302782.1034,4441.3220,3.151714,0.104553,3.516171,0.0161,99.6513,0.3326,8.88e-14
560,15,15,6303351.1092,4441.3220,3.151753,0.129877,3.516164,0.0161,0.6751,99.3089,6.63e-14
561,15,15,6304308.4614,4441.3220,3.151819,0.065348,3.516189,0.0103,92.4129,7.5768,8.39e-14
562,15,15,6304608.7707,4441.3220,3.151840,0.092941,3.516176,0.0127,7.1539,92.8334,6.48e-14
563,15,15,6306078.8657,4441.3220,3.151941,0.052935,3.516184,0.0091,23.0108,76.9801,8.34e-14
564,15,15,6306452.2337,4441.3220,3.151967,0.080873,3.516184,0.0095,77.1203,22.8702,8.69e-14
565,15,15,6312503.3973,4441.3220,3.152384,0.076067,3.516183,0.0096,95.5197,4.4707,7.20e-14
566,15,15,6312664.0423,4441.3220,3.152395,0.116227,3.516151,0.0181,4.5913,95.3906,6.71e-14
567,15,15,6314280.4193,4441.3220,3.152506,0.090724,3.516178,0.0105,96.4136,3.5759,8.65e-14
568,15,15,6314511.6969,4441.3220,3.152522,0.111012,3.516161,0.0166,3.4518,96.5316,5.60e-14
569,15,15,6323314.8900,4441.3220,3.153127,0.054186,3.516185,0.0087,50.4695,49.5217,8.00e-14
570,15,15,6323506.9536,4441.3220,3.153141,0.072447,3.516178,0.0092,49.5323,50.4585,8.39e-14
571,15,15,6327429.3262,4441.3220,3.153410,0.086223,3.516174,0.0110,50.0083,49.9807,7.80e-14
572,15,15,6327711.4052,4441.3220,3.153429,0.097403,3.516177,0.0105,49.8615,50.1279,1.12e-13
573,15,15,6328242.3842,4441.3220,3.153466,0.080031,3.516185,0.0106,1.4782,98.5112,8.44e-14
574,15,15,6328543.8749,4441.3220,3.153487,0.114733,3.516175,0.0162,98.6924,1.2914,7.28e-14
575,15,15,6329338.0908,4441.3220,3.153541,0.062592,3.516190,0.0079,98.9407,1.0513,9.75e-14
576,15,15,6329869.9906,4441.3220,3.153578,0.062091,3.516182,0.0085,0.9605,99.0310,8.50e-14
577,15,15,6333317.4786,4441.3220,3.153814,0.073305,3.516178,0.0103,24.1658,75.8239,7.44e-14
578,15,15,6333787.2348,4441.3220,3.153847,0.103247,3.516170,0.0149,75.8397,24.1454,9.80e-14
579,15,15,6337116.3193,4441.3220,3.154075,0.088068,3.516187,0.0118,36.7122,63.2759,9.08e-14
580,15,15,6337217.3283,4441.3220,3.154082,0.082620,3.516181,0.0104,63.3117,36.6779,9.41e-14
581,15,15,6338119.2537,4441.3220,3.154144,0.051639,3.516193,0.0074,36.8823,63.1103,1.09e-13
582,15,15,6338399.1649,4441.3220,3.154163,0.118546,3.516158,0.0184,62.9626,37.0190,6.77e-14
583,15,15,6339652.9669,4441.3220,3.154249,0.070222,3.516182,0.0106,77.8014,22.1880,9.63e-14
584,15,15,6340012.0798,4441.3220,3.154273,0.097610,3.516184,0.0133,22.3989,77.5877,8.98e-14
585,15,15,6341722.6550,4441.3220,3.154391,0.042723,3.516195,0.0065,20.7818,79.2117,1.08e-13
586,15,15,6341945.6064,4441.3220,3.154406,0.047343,3.516191,0.0077,79.1303,20.8620,9.65e-14
587,15,15,6344213.4733,4441.3220,3.154561,0.062748,3.516192,0.0083,37.4671,62.5246,1.02e-13
588,15,15,6344618.3337,4441.3220,3.154589,0.075653,3.516178,0.0107,62.5075,37.4818,8.58e-14
589,15,15,6347509.8830,4441.3220,3.154787,0.051921,3.516192,0.0072,15.7264,84.2664,8.49e-14
590,15,15,6347923.1105,4441.3220,3.154815,0.071515,3.516190,0.0125,84.2292,15.7583,8.77e-14
591,15,15,6349720.4940,4441.3220,3.154938,0.041773,3.516200,0.0075,5.3358,94.6567,1.13e-13
592,15,15,6350052.3725,4441.3220,3.154961,0.079928,3.516179,0.0096,94.6614,5.3291,9.77e-14
593,15,15,6351228.3199,4441.3220,3.155042,0.075263,3.516178,0.0090,77.4854,22.5056,9.04e-14
594,15,15,6351619.3510,4441.3220,3.155068,0.129864,3.516163,0.0176,22.5091,77.4733,8.24e-14
595,15,15,6357520.5319,4441.3220,3.155472,0.043073,3.516186,0.0060,52.5869,47.4071,1.19e-13
596,15,15,6357783.7496,4441.3220,3.155490,0.114670,3.516166,0.0174,47.3985,52.5841,6.77e-14
597,15,15,6362262.6017,4441.3220,3.155796,0.047736,3.516181,0.0075,9.0735,90.9191,7.79e-14
598,15,15,6362618.2168,4441.3220,3.155820,0.060044,3.516186,0.0079,90.8129,9.1792,9.64e-14
599,15,15,6363845.3548,4441.3220,3.155904,0.074702,3.516173,0.0115,98.2847,1.7038,1.01e-13
600,15,15,6364135.8924,4441.3220,3.155924,0.079613,3.516187,0.0092,1.8371,98.1537,9.41e-14
601,15,15,6365680.7394,4441.3220,3.156029,0.055272,3.516189,0.0086,96.0634,3.9280,9.64e-14
602,15,15,6365877.6583,4441.3220,3.156043,0.085382,3.516183,0.0127,3.4802,96.5071,8.01e-14
603,15,15,6366843.1293,4441.3220,3.156109,0.041050,3.516204,0.0070,1.5543,98.4387,1.04e-13
604,15,15,6367410.0837,4441.3220,3.156148,0.083499,3.516177,0.0107,98.8328,1.1565,8.64e-14
605,15,15,6368252.5049,4441.3220,3.156205,0.074239,3.516188,0.0090,77.3915,22.5995,9.40e-14
606,15,15,6368675.9734,4441.3220,3.156234,0.066978,3.516186,0.0101,22.7562,77.2337,1.11e-13
607,15,15,6369775.6351,4441.3220,3.156309,0.055569,3.516191,0.0080,78.3726,21.6193,1.21e-13
608,15,15,6370544.7808,4441.3220,3.156361,0.123274,3.516157,0.0192,21.4970,78.4838,1.07e-13
609,15,15,6372735.9935,4441.3220,3.156511,0.058361,3.516182,0.0090,47.1912,52.7998,9.24e-14
610,15,15,6372991.0532,4441.3220,3.156528,0.103897,3.516172,0.0112,52.7857,47.2031,1.01e-13
611,15,15,6380003.3806,4441.3220,3.157006,0.040650,3.516194,0.0053,50.0807,49.9140,9.73e-14
612,15,15,6380300.6961,4441.3220,3.157026,0.069273,3.516183,0.0083,50.1224,49.8694,9.95e-14
613,15,15,6380544.4083,4441.3220,3.157043,0.053093,3.516183,0.0067,54.5224,45.4709,1.26e-13
614,15,15,6381254.9563,4441.3220,3.157091,0.155384,3.516159,0.0237,41.2800,58.6963,9.91e-14
615,15,15,6381524.5926,4441.3220,3.157110,0.076833,3.516187,0.0110,46.2361,53.7529,7.65e-14
616,15,15,6381841.2731,4441.3220,3.157131,0.128734,3.516162,0.0179,57.5309,42.4512,8.89e-14
617,15,15,6382871.2185,4441.3220,3.157202,0.045796,3.516190,0.0066,15.6201,84.3734,1.08e-13
618,15,15,6383170.4209,4441.3220,3.157222,0.064229,3.516192,0.0072,90.4213,9.5715,9.63e-14
619,15,15,6383339.9643,4441.3220,3.157233,0.057243,3.516194,0.0076,19.6984,80.2940,1.01e-13
620,15,15,6383412.4220,4441.3220,3.157238,0.085303,3.516180,0.0114,74.0870,25.9016,1.01e-13
621,15,15,6384126.8198,4441.3220,3.157287,0.063186,3.516186,0.0079,1.1141,98.8780,9.53e-14
622,15,15,6384391.2075,4441.3220,3.157305,0.074376,3.516186,0.0113,99.1473,0.8414,9.92e-14
623,15,15,6385570.1125,4441.3220,3.157385,0.078595,3.516184,0.0106,77.6501,22.3393,1.27e-13
624,15,15,6385709.6235,4441.3220,3.157395,0.067518,3.516183,0.0084,22.9079,77.0836,1.24e-13
625,15,15,6386222.0562,4441.3220,3.157430,0.054184,3.516192,0.0091,97.3762,2.6147,1.16e-13
626,15,15,6386319.0925,4441.3220,3.157436,0.062261,3.516190,0.0081,2.1487,97.8432,9.00e-14
627,15,15,6388937.6754,4441.3220,3.157614,0.058443,3.516184,0.0068,17.6432,82.3500,1.16e-13
628,15,15,6389591.5359,4441.3220,3.157659,0.094772,3.516177,0.0131,82.5145,17.4724,8.31e-14
629,15,15,6389902.8419,4441.3220,3.157680,0.069837,3.516197,0.0079,84.8152,15.1769,9.28e-14
630,15,15,6390228.2645,4441.3220,3.157702,0.043082,3.516192,0.0078,16.6996,83.2926,1.13e-13
631,15,15,6390667.5736,4441.3220,3.157732,0.059563,3.516191,0.0082,98.0333,1.9584,1.13e-13
632,15,15,6391370.9511,4441.3220,3.157780,0.090096,3.516174,0.0125,0.6328,99.3548,9.11e-14
633,15,15,6391972.8669,4441.3220,3.157821,0.066874,3.516190,0.0103,90.7071,9.2826,7.38e-14
634,15,15,6392775.6726,4441.3220,3.157875,0.093701,3.516173,0.0141,8.9267,91.0592,7.45e-14
635,15,15,6395398.8143,4441.3220,3.158054,0.044943,3.516195,0.0067,96.1143,3.8791,1.09e-13
636,15,15,6395704.2353,4441.3220,3.158074,0.089648,3.516176,0.0110,3.9644,96.0246,9.52e-14
637,15,15,6397434.7274,4441.3220,3.158192,0.041049,3.516193,0.0057,48.3245,51.6698,1.21e-13
638,15,15,6397513.9496,4441.3220,3.158197,0.069965,3.516177,0.0076,71.7867,28.2057,1.03e-13
639,15,15,6397582.6267,4441.3220,3.158202,0.072874,3.516190,0.0090,73.2713,26.7197,1.08e-13
640,15,15,6397760.4212,4441.3220,3.158214,0.066285,3.516188,0.0084,6.7679,93.2237,9.32e-14
641,15,15,6398424.7038,4441.3220,3.158259,0.080748,3.516190,0.0109,2.1929,97.7962,1.09e-13
642,15,15,6398528.7274,4441.3220,3.158266,0.082627,3.516186,0.0102,97.3782,2.6116,8.94e-14
643,15,15,6398983.3342,4441.3220,3.158297,0.075136,3.516175,0.0093,59.7381,40.2526,9.44e-14
644,15,15,6399000.2189,4441.3220,3.158298,0.057182,3.516184,0.0079,40.9031,59.0890,1.22e-13
645,15,15,6399866.0000,4441.3220,3.158357,0.062760,3.516190,0.0080,2.0315,97.9605,1.05e-13
646,15,15,6399943.2307,4441.3220,3.158362,0.069313,3.516192,0.0092,97.4643,2.5265,8.38e-14
647,15,15,6403286.3369,4441.3220,3.158589,0.057097,3.516190,0.0063,99.5574,0.4364,1.06e-13
648,15,15,6403756.7105,4441.3220,3.158621,0.066321,3.516180,0.0091,0.4412,99.5497,8.16e-14
649,15,15,6405593.5744,4441.3220,3.158746,0.063007,3.516188,0.0068,94.5237,5.4695,1.02e-13
650,15,15,6405820.4932,4441.3220,3.158761,0.058621,3.516187,0.0071,5.5820,94.4109,9.92e-14
651,15,15,6406807.7258,4441.3220,3.158828,0.065084,3.516184,0.0064,96.5314,3.4623,1.20e-13
652,15,15,6407334.6622,4441.3220,3.158864,0.069708,3.516179,0.0116,3.3343,96.6541,1.00e-13
653,15,15,6410313.5803,4441.3220,3.159066,0.056845,3.516192,0.0071,26.2336,73.7593,1.10e-13
654,15,15,6410681.3977,4441.3220,3.159091,0.095305,3.516182,0.0119,76.9073,23.0807,8.14e-14
655,15,15,6410778.5763,4441.3220,3.159098,0.100129,3.516176,0.0125,79.5866,20.4009,9.23e-14
656,15,15,6411121.3490,4441.3220,3.159121,0.073151,3.516182,0.0116,17.2598,82.7286,1.10e-13
657,15,15,6414004.6034,4441.3220,3.159316,0.052897,3.516196,0.0086,72.4268,27.5646,9.38e-14
658,15,15,6414154.1763,4441.3220,3.159326,0.067097,3.516191,0.0075,34.3887,65.6039,1.12e-13
659,15,15,6414338.7691,4441.3220,3.159339,0.052644,3.516195,0.0062,35.9902,64.0036,1.20e-13
660,15,15,6414648.7022,4441.3220,3.159360,0.057641,3.516197,0.0076,57.2544,42.7380,9.13e-14
661,15,15,6415796.3156,4441.3220,3.159438,0.057612,3.516183,0.0060,2.0222,97.9718,1.11e-13
662,15,15,6416060.6571,4441.3220,3.159455,0.080253,3.516190,0.0102,97.7999,2.1900,1.10e-13
663,15,15,6417157.1606,4441.3220,3.159530,0.047382,3.516192,0.0074,8.9964,90.9962,1.06e-13
664,15,15,6417361.4688,4441.3220,3.159544,0.086023,3.516177,0.0116,90.8648,9.1236,9.90e-14
665,15,15,6418134.4838,4441.3220,3.159596,0.045234,3.516194,0.0074,58.1123,41.8803,1.11e-13
666,15,15,6418335.2044,4441.3220,3.159610,0.052517,3.516199,0.0074,39.8648,60.1278,1.53e-13
667,15,15,6418388.5914,4441.3220,3.159613,0.062105,3.516189,0.0066,3.7187,96.2747,1.10e-13
668,15,15,6418874.7618,4441.3220,3.159646,0.094695,3.516176,0.0134,98.1117,1.8750,8.68e-14
669,15,15,6419869.4115,4441.3220,3.159713,0.055756,3.516191,0.0078,96.6234,3.3688,1.16e-13
670,15,15,6420027.5446,4441.3220,3.159724,0.055830,3.516190,0.0077,15.9189,84.0735,1.07e-13
671,15,15,6420268.1243,4441.3220,3.159740,0.074005,3.516189,0.0098,84.2012,15.7891,9.38e-14
672,15,15,6420554.9506,4441.3220,3.159760,0.052317,3.516183,0.0104,4.1321,95.8575,1.01e-13
673,15,15,6421522.3158,4441.3220,3.159825,0.066776,3.516186,0.0070,85.2588,14.7342,1.05e-13
674,15,15,6421712.0443,4441.3220,3.159838,0.051132,3.516186,0.0068,14.4674,85.5258,9.30e-14
675,15,15,6422200.1747,4441.3220,3.159871,0.041142,3.516192,0.0060,79.5031,20.4909,9.61e-14
676,15,15,6422341.1203,4441.3220,3.159881,0.066078,3.516195,0.0087,20.1617,79.8296,1.03e-13
677,15,15,6425083.0266,4441.3220,3.160066,0.065834,3.516193,0.0073,95.4309,4.5618,1.01e-13
678,15,15,6425364.4755,4441.3220,3.160085,0.080373,3.516182,0.0112,5.4172,94.5715,9.00e-14
679,15,15,6425660.4274,4441.3220,3.160105,0.065178,3.516187,0.0089,65.6255,34.3657,1.09e-13
680,15,15,6425757.7881,4441.3220,3.160112,0.083553,3.516180,0.0116,33.5658,66.4226,9.77e-14
681,15,15,6427155.2736,4441.3220,3.160206,0.047714,3.516186,0.0067,37.7654,62.2279,1.38e-13
682,15,15,6427361.3812,4441.3220,3.160220,0.041167,3.516200,0.0079,55.3749,44.6172,1.12e-13
683,15,15,6427438.1607,4441.3220,3.160225,0.050624,3.516199,0.0081,8.4118,91.5801,1.08e-13
684,15,15,6427634.6907,4441.3220,3.160239,0.060684,3.516194,0.0090,98.3274,1.6636,9.98e-14
685,15,15,6429089.0680,4441.3220,3.160337,0.043327,3.516195,0.0056,6.8704,93.1241,1.19e-13
686,15,15,6429530.4040,4441.3220,3.160367,0.073936,3.516189,0.0088,93.1876,6.8036,1.36e-13
687,15,15,6429933.9966,4441.3220,3.160394,0.055102,3.516191,0.0074,32.8845,67.1081,1.14e-13
688,15,15,6430026.5572,4441.3220,3.160400,0.042258,3.516193,0.0071,27.4401,72.5528,1.12e-13
689,15,15,6430150.4071,4441.3220,3.160409,0.065343,3.516188,0.0071,96.4117,3.5811,1.10e-13
690,15,15,6430327.4941,4441.3220,3.160421,0.073770,3.516187,0.0088,43.2326,56.7586,7.95e-14
691,15,15,6431110.8192,4441.3220,3.160474,0.040435,3.516191,0.0056,12.2737,87.7207,1.01e-13
692,15,15,6431519.8608,4441.3220,3.160501,0.076683,3.516182,0.0098,87.7249,12.2653,9.12e-14
693,15,15,6432394.9831,4441.3220,3.160560,0.052376,3.516190,0.0064,2.8054,97.1882,8.97e-14
694,15,15,6433106.9587,4441.3220,3.160609,0.090284,3.516181,0.0121,96.9573,3.0306,1.39e-13
695,15,15,6434183.6629,4441.3220,3.160681,0.046761,3.516184,0.0077,72.6063,27.3860,1.23e-13
696,15,15,6434336.1557,4441.3220,3.160692,0.055255,3.516196,0.0080,27.6234,72.3685,8.79e-14
697,15,15,6434737.6080,4441.3220,3.160719,0.042695,3.516187,0.0068,98.2578,1.7354,1.20e-13
698,15,15,6435037.9597,4441.3220,3.160739,0.057818,3.516194,0.0074,2.4092,97.5835,1.05e-13
699,15,15,6435386.0442,4441.3220,3.160763,0.045999,3.516195,0.0066,10.7487,89.2447,1.13e-13
700,15,15,6435519.0850,4441.3220,3.160772,0.070812,3.516193,0.0085,88.4393,11.5522,8.37e-14
701,15,15,6435615.6363,4441.3220,3.160778,0.065287,3.516178,0.0085,1.2320,98.7595,1.04e-13
702,15,15,6436064.5705,4441.3220,3.160808,0.066597,3.516187,0.0083,98.7977,1.1940,1.04e-13
703,15,15,6436365.5331,4441.3220,3.160829,0.043943,3.516191,0.0058,1.6284,98.3658,1.19e-13
704,15,15,6436711.9550,4441.3220,3.160852,0.070740,3.516183,0.0092,98.8926,1.0982,1.04e-13
705,15,15,6437307.3166,4441.3220,3.160892,0.066250,3.516193,0.0087,84.3200,15.6713,9.62e-14
706,15,15,6437507.1153,4441.3220,3.160906,0.070797,3.516181,0.0091,14.9652,85.0257,1.04e-13
707,15,15,6438959.6901,4441.3220,3.161004,0.058054,3.516189,0.0071,6.6149,93.3780,1.02e-13
708,15,15,6439120.6049,4441.3220,3.161015,0.043806,3.516193,0.0051,6.6871,93.3078,1.26e-13
709,15,15,6439339.4495,4441.3220,3.161029,0.089570,3.516178,0.0142,90.4006,9.5852,9.55e-14
710,15,15,6439916.9640,4441.3220,3.161068,0.060655,3.516184,0.0076,39.5974,60.3951,9.19e-14
711,15,15,6439988.2048,4441.3220,3.161073,0.057094,3.516179,0.0088,60.3404,39.6508,9.80e-14
712,15,15,6440162.8026,4441.3220,3.161085,0.076705,3.516188,0.0093,97.7820,2.2087,1.45e-13
713,15,15,6440309.0962,4441.3220,3.161095,0.046054,3.516192,0.0072,2.2173,97.7755,1.22e-13
714,15,15,6440505.3226,4441.3220,3.161108,0.077983,3.516183,0.0123,96.0982,3.8895,1.12e-13
715,15,15,6441113.5232,4441.3220,3.161149,0.066086,3.516187,0.0082,9.8154,90.1764,1.05e-13
716,15,15,6441304.2743,4441.3220,3.161162,0.053844,3.516188,0.0083,89.7964,10.1953,1.05e-13
717,15,15,6441720.0396,4441.3220,3.161190,0.066205,3.516189,0.0087,2.6269,97.3644,1.15e-13
718,15,15,6441856.9620,4441.3220,3.161199,0.071072,3.516186,0.0094,88.8393,11.1512,1.16e-13
719,15,15,6442010.3187,4441.3220,3.161210,0.047259,3.516189,0.0057,19.5131,80.4813,1.10e-13
720,15,15,6442241.3948,4441.3220,3.161225,0.053832,3.516187,0.0070,1.5786,98.4144,1.13e-13
721,15,15,6442394.6761,4441.3220,3.161236,0.060889,3.516185,0.0076,88.1863,11.8060,1.26e-13
722,15,15,6442568.1626,4441.3220,3.161247,0.036712,3.516202,0.0057,6.9093,93.0850,1.11e-13
723,15,15,6442713.7804,4441.3220,3.161257,0.062484,3.516179,0.0090,93.9417,6.0493,1.03e-13
724,15,15,6442955.9325,4441.3220,3.161273,0.061934,3.516189,0.0070,92.5958,7.3972,1.07e-13
725,15,15,6443195.9412,4441.3220,3.161290,0.046903,3.516193,0.0061,9.4889,90.5050,1.04e-13
726,15,15,6443431.7369,4441.3220,3.161306,0.042699,3.516187,0.0054,3.2816,96.7130,1.26e-13
727,15,15,6443519.7840,4441.3220,3.161311,0.056219,3.516186,0.0072,94.4778,5.5150,1.06e-13
728,15,15,6444019.3397,4441.3220,3.161345,0.070816,3.516188,0.0099,97.3755,2.6146,9.00e-14
729,15,15,6444452.8439,4441.3220,3.161374,0.049724,3.516190,0.0058,21.4178,78.5764,1.09e-13
730,15,15,6444711.2192,4441.3220,3.161392,0.044348,3.516192,0.0056,79.8813,20.1130,1.21e-13
731,15,15,6445401.0909,4441.3220,3.161438,0.050000,3.516192,0.0057,6.7226,93.2717,9.77e-14
732,15,15,6445645.9861,4441.3220,3.161455,0.055322,3.516186,0.0063,93.3502,6.6435,1.33e-13
733,15,15,6445844.3598,4441.3220,3.161468,0.063959,3.516189,0.0079,1.4052,98.5869,1.10e-13
734,15,15,6446173.4371,4441.3220,3.161490,0.038041,3.516203,0.0056,98.8821,1.1123,1.18e-13
735,15,15,6446456.1660,4441.3220,3.161509,0.068755,3.516179,0.0086,1.9469,98.0445,8.39e-14
736,15,15,6446592.3668,4441.3220,3.161519,0.098681,3.516177,0.0126,97.1651,2.8223,1.03e-13
737,15,15,6446913.2625,4441.3220,3.161540,0.061300,3.516194,0.0080,15.2228,84.7692,1.08e-13
738,15,15,6446952.4904,4441.3220,3.161543,0.077950,3.516184,0.0098,84.2453,15.7449,9.60e-14
739,15,15,6447107.5073,4441.3220,3.161553,0.042316,3.516192,0.0044,24.4508,75.5448,1.31e-13
740,15,15,6447711.6453,4441.3220,3.161594,0.040678,3.516204,0.0060,20.5912,79.4027,1.06e-13
741,15,15,6447877.9336,4441.3220,3.161605,0.060665,3.516191,0.0088,56.8683,43.1229,9.72e-14
742,15,15,6448136.2987,4441.3220,3.161623,0.058578,3.516185,0.0073,99.6125,0.3802,1.06e-13
743,15,15,6449214.5269,4441.3220,3.161695,0.058966,3.516182,0.0059,38.7024,61.2917,9.74e-14
744,15,15,6449492.6238,4441.3220,3.161714,0.055256,3.516189,0.0064,61.3679,38.6257,1.06e-13
745,15,15,6449767.3026,4441.3220,3.161733,0.074768,3.516186,0.0081,5.9059,94.0859,1.16e-13
746,15,15,6449855.9861,4441.3220,3.161739,0.059290,3.516193,0.0069,93.0405,6.9526,1.15e-13
747,15,15,6450237.6544,4441.3220,3.161764,0.053626,3.516196,0.0059,1.6974,98.2967,1.14e-13
748,15,15,6450585.8198,4441.3220,3.161788,0.048968,3.516195,0.0070,98.5064,1.4865,1.20e-13
749,15,15,6450666.0894,4441.3220,3.161793,0.048101,3.516185,0.0059,56.1043,43.8898,1.28e-13
750,15,15,6450778.1982,4441.3220,3.161801,0.046861,3.516190,0.0067,44.8755,55.1178,1.16e-13
751,15,15,6451326.2823,4441.3220,3.161838,0.043366,3.516199,0.0056,13.1954,86.7989,1.02e-13
752,15,15,6451485.5614,4441.3220,3.161848,0.037482,3.516196,0.0057,10.2248,89.7695,1.28e-13
753,15,15,6451522.0313,4441.3220,3.161851,0.060779,3.516184,0.0071,83.5844,16.4085,1.32e-13
754,15,15,6451736.1330,4441.3220,3.161865,0.039384,3.516197,0.0059,19.8872,80.1069,1.18e-13
755,15,15,6451959.0905,4441.3220,3.161880,0.069257,3.516189,0.0086,89.4307,10.5606,1.08e-13
756,15,15,6452185.9350,4441.3220,3.161896,0.078071,3.516188,0.0095,80.7975,19.1929,9.77e-14
757,15,15,6452658.1056,4441.3220,3.161927,0.046163,3.516189,0.0061,93.5214,6.4725,1.28e-13
758,15,15,6452756.4966,4441.3220,3.161934,0.045990,3.516190,0.0065,7.6806,92.3129,9.24e-14
759,15,15,6453056.4830,4441.3220,3.161954,0.038000,3.516192,0.0058,40.6570,59.3372,1.25e-13
760,15,15,6453149.1663,4441.3220,3.161960,0.045552,3.516196,0.0053,36.7859,63.2088,1.16e-13
761,15,15,6453243.5203,4441.3220,3.161967,0.056261,3.516187,0.0066,37.8099,62.1835,1.18e-13
762,15,15,6453700.4597,4441.3220,3.161998,0.070901,3.516178,0.0094,66.9463,33.0443,1.12e-13
763,15,15,6453793.1804,4441.3220,3.162004,0.049027,3.516184,0.0059,21.2787,78.7153,1.23e-13
764,15,15,6454204.7458,4441.3220,3.162032,0.072805,3.516188,0.0099,95.1349,4.8552,9.70e-14
765,15,15,6454941.1443,4441.3220,3.162081,0.051818,3.516196,0.0059,4.9123,95.0818,1.24e-13
766,15,15,6455002.3379,4441.3220,3.162085,0.025012,3.516200,0.0043,2.6434,97.3523,1.36e-13
767,15,15,6455128.5418,4441.3220,3.162094,0.066540,3.516186,0.0083,96.5441,3.4476,9.77e-14
768,15,15,6455398.6523,4441.3220,3.162112,0.051964,3.516191,0.0062,93.0661,6.9278,1.14e-13
769,15,15,6455481.8408,4441.3220,3.162118,0.040366,3.516193,0.0050,21.9359,78.0591,1.32e-13
770,15,15,6455738.5311,4441.3220,3.162135,0.053913,3.516198,0.0068,70.3770,29.6162,1.07e-13
771,15,15,6455838.0839,4441.3220,3.162141,0.040113,3.516196,0.0058,39.4998,60.4944,1.30e-13
772,15,15,6456084.8181,4441.3220,3.162158,0.040898,3.516207,0.0066,72.2316,27.7618,1.18e-13
773,15,15,6456388.3537,4441.3220,3.162179,0.038583,3.516199,0.0054,13.2924,86.7021,1.10e-13
774,15,15,6456499.6930,4441.3220,3.162186,0.043757,3.516190,0.0057,35.8776,64.1168,1.31e-13
775,15,15,6456572.4581,4441.3220,3.162191,0.066543,3.516188,0.0073,67.5591,32.4336,1.21e-13
776,15,15,6456784.5873,4441.3220,3.162205,0.065570,3.516184,0.0079,80.5149,19.4772,1.02e-13
777,15,15,6457016.5030,4441.3220,3.162221,0.064697,3.516182,0.0076,92.4881,7.5043,1.40e-13
778,15,15,6457119.5905,4441.3220,3.162228,0.050089,3.516193,0.0073,12.0672,87.9256,1.19e-13
779,15,15,6457644.8138,4441.3220,3.162263,0.036271,3.516193,0.0052,21.3906,78.6042,1.48e-13
780,15,15,6457701.0088,4441.3220,3.162267,0.054321,3.516189,0.0067,81.5498,18.4436,9.49e-14
781,15,15,6457890.8702,4441.3220,3.162280,0.058357,3.516192,0.0071,26.8308,73.1621,9.86e-14
782,15,15,6457982.5695,4441.3220,3.162286,0.048484,3.516192,0.0068,85.5213,14.4719,1.16e-13
783,15,15,6458145.9793,4441.3220,3.162297,0.054861,3.516184,0.0070,70.9273,29.0657,1.06e-13
784,15,15,6458396.0902,4441.3220,3.162314,0.079857,3.516190,0.0091,20.5598,79.4310,1.02e-13
785,15,15,6458623.8583,4441.3220,3.162329,0.058841,3.516186,0.0081,35.2282,64.7637,1.06e-13
786,15,15,6458794.6094,4441.3220,3.162340,0.057711,3.516189,0.0068,59.1809,40.8123,1.09e-13
787,15,15,6459125.1677,4441.3220,3.162363,0.060853,3.516190,0.0081,57.2863,42.7056,1.20e-13
788,15,15,6459331.7011,4441.3220,3.162377,0.064128,3.516183,0.0084,30.2291,69.7625,9.67e-14
789,15,15,6459520.8628,4441.3220,3.162389,0.050518,3.516195,0.0080,80.5207,19.4712,1.09e-13
790,15,15,6459540.5674,4441.3220,3.162391,0.063775,3.516190,0.0090,30.4178,69.5732,1.01e-13
791,15,15,6460048.4845,4441.3220,3.162425,0.045048,3.516196,0.0053,97.2745,2.7202,1.41e-13
792,15,15,6460156.5464,4441.3220,3.162432,0.039540,3.516201,0.0063,5.7977,94.1960,1.12e-13
793,15,15,6460360.4838,4441.3220,3.162446,0.052021,3.516197,0.0051,21.2775,78.7174,1.34e-13
794,15,15,6460456.5397,4441.3220,3.162452,0.044728,3.516191,0.0054,73.9948,25.9997,1.46e-13
795,15,15,6460725.5260,4441.3220,3.162470,0.054016,3.516190,0.0067,2.6710,97.3223,1.46e-13
796,15,15,6460886.4330,4441.3220,3.162481,0.046477,3.516190,0.0064,12.1957,87.7979,1.20e-13
797,15,15,6460945.1484,4441.3220,3.162485,0.039199,3.516198,0.0063,63.9227,36.0710,1.12e-13
798,15,15,6461088.6908,4441.3220,3.162495,0.054876,3.516190,0.0054,44.6585,55.3362,1.34e-13
799,15,15,6461135.7738,4441.3220,3.162498,0.061579,3.516188,0.0077,84.7412,15.2510,1.27e-13
800,15,15,6461242.7438,4441.3220,3.162505,0.040078,3.516192,0.0052,25.4581,74.5367,1.11e-13
801,15,15,6461412.8370,4441.3220,3.162517,0.049280,3.516189,0.0073,67.9094,32.0833,1.18e-13
802,15,15,6461577.9217,4441.3220,3.162528,0.060654,3.516188,0.0076,91.1664,8.8260,1.08e-13
803,15,15,6461737.8484,4441.3220,3.162538,0.069098,3.516187,0.0089,39.3940,60.5971,1.11e-13
804,15,15,6461812.6612,4441.3220,3.162544,0.061892,3.516190,0.0077,69.5537,30.4386,9.92e-14
805,15,15,6461885.4882,4441.3220,3.162548,0.054248,3.516188,0.0078,23.7087,76.2836,1.24e-13
806,15,15,6461999.4001,4441.3220,3.162556,0.049965,3.516192,0.0057,10.7846,89.2097,1.45e-13
807,15,15,6462231.3727,4441.3220,3.162572,0.084903,3.516178,0.0097,69.0855,30.9047,1.18e-13
808,15,15,6462407.8887,4441.3220,3.162584,0.070907,3.516184,0.0100,87.9584,12.0316,1.08e-13
809,15,15,6462623.9652,4441.3220,3.162598,0.066301,3.516188,0.0079,21.3177,78.6744,1.25e-13
810,15,15,6462722.3616,4441.3220,3.162605,0.056938,3.516192,0.0063,85.0817,14.9121,1.01e-13
811,15,15,6463037.6151,4441.3220,3.162626,0.027545,3.516191,0.0056,2.9616,97.0327,1.33e-13
812,15,15,6463211.3180,4441.3220,3.162638,0.048744,3.516194,0.0069,80.6648,19.3284,1.13e-13
813,15,15,6463324.2977,4441.3220,3.162645,0.055825,3.516186,0.0076,20.7325,79.2599,1.18e-13
814,15,15,6463527.8037,4441.3220,3.162659,0.046813,3.516191,0.0054,97.5639,2.4307,1.10e-13
815,15,15,6463767.7707,4441.3220,3.162675,0.037233,3.516196,0.0054,2.8091,97.1854,1.19e-13
816,15,15,6463830.2898,4441.3220,3.162679,0.093782,3.516183,0.0125,95.9802,4.0073,8.47e-14
817,15,15,6464084.8840,4441.3220,3.162696,0.043812,3.516200,0.0053,5.0843,94.9104,1.27e-13
818,15,15,6464331.3112,4441.3220,3.162713,0.055485,3.516190,0.0074,95.3017,4.6909,1.22e-13
819,15,15,6464455.8293,4441.3220,3.162721,0.043811,3.516197,0.0048,9.3115,90.6837,1.07e-13
820,15,15,6464537.4126,4441.3220,3.162727,0.051827,3.516195,0.0066,86.5747,13.4187,1.17e-13
821,15,15,6464811.0709,4441.3220,3.162745,0.049193,3.516191,0.0065,65.9427,34.0508,1.13e-13
822,15,15,6464850.6941,4441.3220,3.162748,0.054439,3.516190,0.0064,33.3838,66.6098,1.27e-13
823,15,15,6465147.7900,4441.3220,3.162768,0.063123,3.516191,0.0067,16.1336,83.8596,1.12e-13
824,15,15,6465265.8853,4441.3220,3.162776,0.075753,3.516183,0.0110,84.9006,15.0885,1.18e-13
825,15,15,6465381.2900,4441.3220,3.162783,0.041845,3.516189,0.0046,11.7342,88.2612,1.38e-13
826,15,15,6465524.4037,4441.3220,3.162793,0.047435,3.516196,0.0055,80.2764,19.7181,1.21e-13
827,15,15,6465703.8943,4441.3220,3.162805,0.078775,3.516180,0.0093,77.6851,22.3056,1.09e-13
828,15,15,6465758.3439,4441.3220,3.162809,0.054117,3.516186,0.0078,32.8312,67.1610,1.51e-13
829,15,15,6465909.8667,4441.3220,3.162819,0.055383,3.516185,0.0063,92.9653,7.0283,1.24e-13
830,15,15,6465990.8453,4441.3220,3.162824,0.052488,3.516193,0.0056,11.6479,88.3465,1.29e-13
831,15,15,6466111.7710,4441.3220,3.162833,0.051279,3.516191,0.0060,56.3873,43.6067,1.25e-13
832,15,15,6466180.2843,4441.3220,3.162837,0.048078,3.516203,0.0063,51.1268,48.8669,1.42e-13
833,15,15,6466304.6823,4441.3220,3.162846,0.050057,3.516193,0.0073,48.9370,51.0557,1.23e-13
834,15,15,6466325.6912,4441.3220,3.162847,0.049626,3.516184,0.0058,19.0330,80.9612,1.28e-13
835,15,15,6466400.4719,4441.3220,3.162852,0.057660,3.516191,0.0065,40.5092,59.4843,1.46e-13
836,15,15,6466585.7627,4441.3220,3.162864,0.047244,3.516190,0.0072,89.9812,10.0116,1.15e-13
837,15,15,6466824.1470,4441.3220,3.162880,0.044683,3.516192,0.0073,76.5374,23.4553,9.69e-14
838,15,15,6466979.9761,4441.3220,3.162891,0.052572,3.516186,0.0077,14.9510,85.0413,1.05e-13
839,15,15,6467106.9300,4441.3220,3.162899,0.069319,3.516184,0.0073,33.1521,66.8407,1.36e-13
840,15,15,6467293.0886,4441.3220,3.162912,0.068229,3.516186,0.0085,64.4507,35.5408,1.23e-13
841,15,15,6467494.7965,4441.3220,3.162925,0.041894,3.516191,0.0054,42.3518,57.6428,1.13e-13
842,15,15,6467584.6633,4441.3220,3.162932,0.047677,3.516189,0.0064,26.5956,73.3979,1.11e-13
843,15,15,6467684.9021,4441.3220,3.162938,0.051941,3.516184,0.0071,56.2913,43.7016,1.02e-13
844,15,15,6467761.7331,4441.3220,3.162943,0.049131,3.516190,0.0064,49.0516,50.9421,1.10e-13
845,15,15,6467781.7104,4441.3220,3.162945,0.052756,3.516192,0.0066,44.9521,55.0414,1.22e-13
846,15,15,6468023.0125,4441.3220,3.162961,0.041717,3.516186,0.0057,34.9779,65.0164,1.21e-13
847,15,15,6468102.9514,4441.3220,3.162966,0.105180,3.516172,0.0167,88.8031,11.1802,9.96e-14
848,15,15,6468215.8277,4441.3220,3.162974,0.062285,3.516193,0.0080,58.3732,41.6188,9.29e-14
849,15,15,6468408.4803,4441.3220,3.162987,0.045892,3.516193,0.0054,18.5828,81.4118,1.51e-13
850,15,15,6468421.2895,4441.3220,3.162988,0.048127,3.516195,0.0055,37.7091,62.2854,1.33e-13
851,15,15,6468502.7045,4441.3220,3.162993,0.057207,3.516190,0.0073,73.0371,26.9556,1.03e-13
852,15,15,6468778.5514,4441.3220,3.163012,0.049182,3.516195,0.0070,74.6567,25.3363,1.11e-13
853,15,15,6468937.4591,4441.3220,3.163022,0.045067,3.516191,0.0062,45.1718,54.8220,1.20e-13
854,15,15,6469099.6402,4441.3220,3.163033,0.051417,3.516192,0.0071,24.0995,75.8934,1.06e-13
855,15,15,6469121.4384,4441.3220,3.163035,0.058399,3.516186,0.0071,37.2294,62.7635,1.23e-13
856,15,15,6469276.4412,4441.3220,3.163045,0.048346,3.516193,0.0064,15.6694,84.3243,1.14e-13
857,15,15,6469371.3883,4441.3220,3.163052,0.058852,3.516187,0.0084,85.3118,14.6798,1.13e-13
858,15,15,6469467.0761,4441.3220,3.163058,0.050091,3.516194,0.0066,62.7386,37.2549,1.40e-13
859,15,15,6469492.7078,4441.3220,3.163060,0.046328,3.516188,0.0069,86.9067,13.0864,1.59e-13
860,15,15,6469565.5505,4441.3220,3.163065,0.055946,3.516189,0.0067,29.7292,70.2642,1.24e-13
861,15,15,6469694.6025,4441.3220,3.163073,0.045347,3.516192,0.0062,79.0131,20.9808,1.33e-13
862,15,15,6469798.2919,4441.3220,3.163080,0.059237,3.516188,0.0082,33.1785,66.8133,9.90e-14
863,15,15,6470052.0743,4441.3220,3.163097,0.042033,3.516193,0.0049,40.3631,59.6319,1.15e-13
864,15,15,6470166.1373,4441.3220,3.163105,0.046330,3.516189,0.0064,95.6139,4.3798,1.42e-13
865,15,15,6470234.9610,4441.3220,3.163110,0.058089,3.516181,0.0067,24.2324,75.7610,1.26e-13
866,15,15,6470380.2935,4441.3220,3.163119,0.049943,3.516190,0.0059,77.5998,22.3943,1.21e-13
867,15,15,6470424.6619,4441.3220,3.163122,0.054094,3.516190,0.0081,50.2502,49.7417,1.51e-13
868,15,15,6470541.3005,4441.3220,3.163130,0.074571,3.516182,0.0093,28.0768,71.9139,1.31e-13
869,15,15,6470575.2569,4441.3220,3.163132,0.064342,3.516186,0.0079,49.0569,50.9352,1.14e-13
870,15,15,6470697.9058,4441.3220,3.163141,0.046455,3.516189,0.0072,65.6258,34.3670,1.25e-13
871,15,15,6470772.3340,4441.3220,3.163146,0.063205,3.516193,0.0082,7.6292,92.3626,1.11e-13
872,15,15,6470920.5691,4441.3220,3.163156,0.085252,3.516182,0.0109,59.9826,40.0065,1.05e-13
873,15,15,6471057.3331,4441.3220,3.163165,0.050305,3.516193,0.0056,88.2464,11.7480,1.18e-13
874,15,15,6471082.8728,4441.3220,3.163167,0.039779,3.516194,0.0044,11.8293,88.1662,1.51e-13
875,15,15,6471213.9984,4441.3220,3.163175,0.048028,3.516191,0.0061,8.9721,91.0217,1.15e-13
876,15,15,6471401.6739,4441.3220,3.163188,0.043268,3.516189,0.0055,85.9144,14.0801,1.29e-13
877,15,15,6471495.6765,4441.3220,3.163194,0.047397,3.516193,0.0060,89.7928,10.2012,9.65e-14
878,15,15,6471588.2079,4441.3220,3.163200,0.052762,3.516191,0.0066,14.9815,85.0120,1.39e-13
879,15,15,6471634.8017,4441.3220,3.163204,0.050371,3.516193,0.0060,89.0830,10.9110,1.58e-13
880,15,15,6471758.7212,4441.3220,3.163212,0.039110,3.516191,0.0042,46.9586,53.0371,1.28e-13
881,15,15,6471875.3368,4441.3220,3.163220,0.035058,3.516199,0.0045,58.2689,41.7266,1.46e-13
882,15,15,6471899.8936,4441.3220,3.163221,0.037435,3.516193,0.0059,27.2588,72.7353,1.13e-13
883,15,15,6472035.3392,4441.3220,3.163230,0.062977,3.516191,0.0070,7.9672,92.0259,1.17e-13
884,15,15,6472120.8977,4441.3220,3.163236,0.039942,3.516191,0.0046,27.3243,72.6710,1.27e-13
885,15,15,6472155.7164,4441.3220,3.163239,0.036896,3.516199,0.0049,69.8711,30.1240,1.41e-13
886,15,15,6472302.6959,4441.3220,3.163248,0.044293,3.516189,0.0057,66.9446,33.0498,1.35e-13
887,15,15,6472334.3767,4441.3220,3.163251,0.039398,3.516194,0.0046,40.9827,59.0128,1.27e-13
888,15,15,6472436.5218,4441.3220,3.163257,0.028475,3.516194,0.0041,14.5789,85.4169,1.41e-13
889,15,15,6472561.8368,4441.3220,3.163266,0.043680,3.516195,0.0054,57.8334,42.1612,1.44e-13
890,15,15,6472615.9416,4441.3220,3.163269,0.046282,3.516195,0.0055,78.7553,21.2392,1.12e-13
891,15,15,6472704.1332,4441.3220,3.163275,0.055339,3.516188,0.0057,25.2695,74.7248,1.28e-13
892,15,15,6472796.8404,4441.3220,3.163282,0.043867,3.516193,0.0064,73.2987,26.6948,1.11e-13
893,15,15,6472911.2876,4441.3220,3.163289,0.049448,3.516191,0.0052,18.4695,81.5254,1.15e-13
894,15,15,6473030.0033,4441.3220,3.163297,0.041255,3.516195,0.0052,80.5180,19.4767,1.02e-13
895,15,15,6473053.6115,4441.3220,3.163299,0.035737,3.516196,0.0046,29.9986,69.9969,1.40e-13
896,15,15,6473115.0336,4441.3220,3.163303,0.042393,3.516190,0.0053,50.3742,49.6205,1.43e-13
897,15,15,6473133.6362,4441.3220,3.163304,0.053576,3.516194,0.0068,83.6306,16.3626,1.24e-13
898,15,15,6473239.0117,4441.3220,3.163311,0.031044,3.516197,0.0055,35.3536,64.6408,1.32e-13
899,15,15,6473319.6431,4441.3220,3.163317,0.034989,3.516200,0.0044,43.0662,56.9294,1.30e-13
900,15,15,6473428.8152,4441.3220,3.163324,0.048323,3.516190,0.0052,20.1233,79.8715,1.57e-13
901,15,15,6473442.9047,4441.3220,3.163325,0.036651,3.516195,0.0049,9.7940,90.2011,1.57e-13
902,15,15,6473565.2433,4441.3220,3.163333,0.029098,3.516200,0.0044,88.4257,11.5699,1.29e-13
903,15,15,6473593.1753,4441.3220,3.163335,0.044678,3.516191,0.0053,70.2081,29.7866,1.48e-13
904,15,15,6473634.9653,4441.3220,3.163338,0.039422,3.516194,0.0051,46.2476,53.7473,1.28e-13
905,15,15,6473710.2149,4441.3220,3.163343,0.048451,3.516193,0.0059,64.2378,35.7564,9.95e-14
906,15,15,6473796.2782,4441.3220,3.163349,0.045598,3.516193,0.0058,52.1565,47.8377,1.03e-13
907,15,15,6473863.4948,4441.3220,3.163353,0.039424,3.516192,0.0058,43.1010,56.8932,1.13e-13
908,15,15,6473902.0590,4441.3220,3.163356,0.044498,3.516198,0.0053,54.9369,45.0578,1.22e-13
909,15,15,6473989.5454,4441.3220,3.163362,0.047783,3.516192,0.0055,28.2367,71.7578,1.01e-13
910,15,15,6474070.2666,4441.3220,3.163367,0.043936,3.516192,0.0054,24.5104,75.4842,1.27e-13
911,15,15,6474154.6957,4441.3220,3.163373,0.047395,3.516197,0.0056,74.1362,25.8582,1.23e-13
912,15,15,6474217.7331,4441.3220,3.163377,0.042728,3.516190,0.0054,68.2112,31.7835,1.23e-13
913,15,15,6474237.7991,4441.3220,3.163378,0.037387,3.516191,0.0048,15.9365,84.0587,1.54e-13
914,15,15,6474362.9426,4441.3220,3.163387,0.050258,3.516190,0.0053,26.4134,73.5813,1.14e-13
915,15,15,6474432.3242,4441.3220,3.163391,0.038924,3.516195,0.0048,31.2072,68.7879,1.60e-13
916,15,15,6474453.4285,4441.3220,3.163393,0.039357,3.516192,0.0059,65.2289,34.7651,1.15e-13
917,15,15,6474523.5734,4441.3220,3.163398,0.057044,3.516190,0.0063,75.3779,24.6157,1.12e-13
918,15,15,6474593.3285,4441.3220,3.163402,0.044156,3.516190,0.0057,32.7906,67.2036,1.31e-13
919,15,15,6474646.4004,4441.3220,3.163406,0.049849,3.516187,0.0068,60.1812,39.8119,1.16e-13
920,15,15,6474784.8386,4441.3220,3.163415,0.051878,3.516195,0.0067,64.1521,35.8412,1.23e-13
921,15,15,6474804.1699,4441.3220,3.163416,0.056788,3.516192,0.0070,23.2117,76.7814,1.33e-13
922,15,15,6474843.1594,4441.3220,3.163419,0.063688,3.516187,0.0087,56.1022,43.8891,1.15e-13
923,15,15,6474879.5551,4441.3220,3.163421,0.040501,3.516197,0.0056,50.2752,49.7192,1.36e-13
924,15,15,6474925.4150,4441.3220,3.163425,0.054118,3.516189,0.0068,56.9105,43.0827,1.28e-13
925,15,15,6474963.0613,4441.3220,3.163427,0.063626,3.516191,0.0093,88.6199,11.3709,1.06e-13
926,15,15,6475049.5875,4441.3220,3.163433,0.056534,3.516189,0.0066,74.9457,25.0477,1.02e-13
927,15,15,6475113.4268,4441.3220,3.163437,0.056102,3.516191,0.0070,61.6340,38.3590,9.34e-14
928,15,15,6475207.0747,4441.3220,3.163443,0.037914,3.516198,0.0050,21.1329,78.8621,1.26e-13
929,15,15,6475284.5965,4441.3220,3.163449,0.051008,3.516188,0.0061,52.6094,47.3845,1.12e-13
930,15,15,6475354.2410,4441.3220,3.163453,0.051031,3.516190,0.0062,66.0365,33.9573,1.32e-13
931,15,15,6475452.0475,4441.3220,3.163460,0.094960,3.516178,0.0128,87.5048,12.4824,1.22e-13
932,15,15,6475531.7678,4441.3220,3.163465,0.039426,3.516194,0.0047,49.9859,50.0094,1.22e-13
933,15,15,6475559.4147,4441.3220,3.163467,0.089704,3.516178,0.0122,25.8104,74.1774,1.16e-13
934,15,15,6475593.3314,4441.3220,3.163469,0.043550,3.516190,0.0057,40.8181,59.1763,1.30e-13
935,15,15,6475668.9335,4441.3220,3.163474,0.061263,3.516188,0.0078,82.4917,17.5005,1.26e-13
936,15,15,6475741.2611,4441.3220,3.163479,0.045838,3.516193,0.0054,21.1782,78.8163,1.12e-13
937,15,15,6475847.2171,4441.3220,3.163486,0.046045,3.516189,0.0059,42.9563,57.0378,1.41e-13
938,15,15,6475887.6032,4441.3220,3.163489,0.047436,3.516194,0.0053,85.4188,14.5759,1.06e-13
939,15,15,6475979.3844,4441.3220,3.163495,0.040984,3.516198,0.0049,80.8554,19.1397,1.06e-13
940,15,15,6476012.4357,4441.3220,3.163497,0.043198,3.516187,0.0060,41.4994,58.4947,1.31e-13
941,15,15,6476070.6382,4441.3220,3.163501,0.046851,3.516193,0.0052,77.9062,22.0886,1.34e-13
942,15,15,6476078.1554,4441.3220,3.163502,0.040530,3.516194,0.0051,28.4672,71.5277,1.21e-13
943,15,15,6476188.2190,4441.3220,3.163509,0.037104,3.516194,0.0051,73.6641,26.3308,1.42e-13
944,15,15,6476231.3346,4441.3220,3.163512,0.040387,3.516190,0.0057,36.1770,63.8173,1.08e-13
945,15,15,6476288.6068,4441.3220,3.163516,0.031286,3.516195,0.0050,22.8938,77.1011,1.07e-13
946,15,15,6476373.1737,4441.3220,3.163522,0.043782,3.516193,0.0056,44.8976,55.0968,1.47e-13
947,15,15,6476419.5493,4441.3220,3.163525,0.032295,3.516195,0.0044,79.5544,20.4412,1.21e-13
948,15,15,6476475.6345,4441.3220,3.163529,0.057927,3.516193,0.0076,14.2207,85.7718,9.22e-14
949,15,15,6476506.5499,4441.3220,3.163531,0.039048,3.516190,0.0061,31.9634,68.0305,1.38e-13
950,15,15,6476542.2335,4441.3220,3.163533,0.048471,3.516196,0.0055,43.9808,56.0136,1.37e-13
951,15,15,6476639.3173,4441.3220,3.163540,0.056710,3.516192,0.0065,57.6827,42.3108,1.24e-13
952,15,15,6476684.2350,4441.3220,3.163543,0.053620,3.516193,0.0063,52.7491,47.2446,1.22e-13
953,15,15,6476696.2209,4441.3220,3.163543,0.060738,3.516188,0.0082,25.3786,74.6131,1.35e-13
954,15,15,6476771.3421,4441.3220,3.163548,0.041636,3.516194,0.0052,40.4020,59.5928,1.45e-13
955,15,15,6476803.0189,4441.3220,3.163551,0.038957,3.516194,0.0048,65.7367,34.2585,1.34e-13
956,15,15,6476834.9231,4441.3220,3.163553,0.042341,3.516194,0.0058,33.0435,66.9508,1.40e-13
957,15,15,6476870.4693,4441.3220,3.163555,0.046127,3.516194,0.0057,49.1205,50.8738,1.26e-13
958,15,15,6476908.7971,4441.3220,3.163558,0.038687,3.516193,0.0045,46.8287,53.1668,1.58e-13
959,15,15,6476946.2386,4441.3220,3.163560,0.045921,3.516193,0.0058,52.5738,47.4204,1.34e-13
960,15,15,6476997.9474,4441.3220,3.163564,0.066128,3.516190,0.0081,23.7527,76.2393,1.35e-13
961,15,15,6477049.3370,4441.3220,3.163567,0.033277,3.516192,0.0046,68.3771,31.6183,1.09e-13
962,15,15,6477110.7121,4441.3220,3.163571,0.062604,3.516182,0.0084,24.4204,75.5713,1.29e-13
963,15,15,6477127.1898,4441.3220,3.163572,0.029576,3.516197,0.0043,12.4506,87.5451,1.35e-13
964,15,15,6477205.4957,4441.3220,3.163578,0.058881,3.516183,0.0069,64.1453,35.8478,1.25e-13
965,15,15,6477299.9835,4441.3220,3.163584,0.045719,3.516193,0.0051,41.8429,58.1519,1.42e-13
966,15,15,6477338.4129,4441.3220,3.163586,0.039293,3.516194,0.0053,17.7298,82.2649,1.28e-13
967,15,15,6477351.7298,4441.3220,3.163587,0.044553,3.516194,0.0064,80.9325,19.0611,1.17e-13
968,15,15,6477382.6710,4441.3220,3.163589,0.040889,3.516194,0.0055,46.0866,53.9079,1.04e-13
969,15,15,6477458.3564,4441.3220,3.163594,0.038990,3.516193,0.0041,36.9811,63.0148,1.53e-13
970,15,15,6477474.3121,4441.3220,3.163596,0.044427,3.516194,0.0053,48.0413,51.9534,1.20e-13
971,15,15,6477506.2963,4441.3220,3.163598,0.034424,3.516198,0.0049,44.6684,55.3267,1.39e-13
972,15,15,6477542.0983,4441.3220,3.163600,0.039635,3.516193,0.0053,44.7484,55.2464,1.49e-13
973,15,15,6477586.4179,4441.3220,3.163603,0.033624,3.516200,0.0056,60.6269,39.3675,1.27e-13
974,15,15,6477636.9003,4441.3220,3.163606,0.035488,3.516194,0.0049,71.5045,28.4906,1.23e-13
975,15,15,6477689.4010,4441.3220,3.163610,0.043627,3.516193,0.0049,72.7587,27.2364,1.54e-13
976,15,15,6477793.7872,4441.3220,3.163617,0.030249,3.516197,0.0037,63.8738,36.1225,1.49e-13
977,15,15,6477798.9579,4441.3220,3.163617,0.048272,3.516190,0.0054,40.5706,59.4240,1.27e-13
978,15,15,6477823.7865,4441.3220,3.163619,0.042142,3.516195,0.0046,36.0099,63.9855,1.65e-13
979,15,15,6477849.4618,4441.3220,3.163621,0.045606,3.516196,0.0055,67.2658,32.7288,1.19e-13
980,15,15,6477875.9652,4441.3220,3.163623,0.039906,3.516196,0.0052,39.1617,60.8332,1.39e-13
981,15,15,6477917.8495,4441.3220,3.163625,0.043358,3.516194,0.0052,69.6243,30.3705,1.13e-13
982,15,15,6477993.1155,4441.3220,3.163630,0.045016,3.516191,0.0051,39.9173,60.0776,9.76e-14
983,15,15,6478018.9558,4441.3220,3.163632,0.047392,3.516193,0.0060,62.7901,37.2039,9.11e-14
984,15,15,6478093.8515,4441.3220,3.163637,0.042064,3.516194,0.0051,56.6054,43.3895,1.18e-13
985,15,15,6478135.9453,4441.3220,3.163640,0.050100,3.516193,0.0058,39.5557,60.4385,1.04e-13
986,15,15,6478196.2475,4441.3220,3.163644,0.047148,3.516191,0.0055,30.2123,69.7822,1.45e-13
987,15,15,6478223.0715,4441.3220,3.163646,0.045237,3.516194,0.0058,47.0597,52.9345,1.21e-13
988,15,15,6478228.5201,4441.3220,3.163646,0.048743,3.516193,0.0057,57.4685,42.5257,1.41e-13
989,15,15,6478271.1849,4441.3220,3.163649,0.046077,3.516192,0.0057,44.5776,55.4167,1.20e-13
990,15,15,6478306.5919,4441.3220,3.163651,0.045348,3.516190,0.0054,49.3439,50.6507,1.27e-13
991,15,15,6478339.1704,4441.3220,3.163654,0.034912,3.516191,0.0046,24.6002,75.3951,1.34e-13
992,15,15,6478370.3892,4441.3220,3.163656,0.048047,3.516194,0.0059,68.2680,31.7262,1.06e-13
993,15,15,6478408.4151,4441.3220,3.163658,0.042274,3.516196,0.0050,57.2954,42.6996,1.36e-13
994,15,15,6478450.5176,4441.3220,3.163661,0.052958,3.516189,0.0060,48.7614,51.2326,1.20e-13
995,15,15,6478484.1281,4441.3220,3.163663,0.035532,3.516193,0.0055,57.5079,42.4866,1.25e-13
996,15,15,6478543.8232,4441.3220,3.163667,0.049584,3.516189,0.0061,70.1302,29.8637,1.38e-13
997,15,15,6478562.5218,4441.3220,3.163669,0.051466,3.516191,0.0057,57.7141,42.2802,1.13e-13
998,15,15,6478585.0137,4441.3220,3.163670,0.052506,3.516192,0.0055,51.6689,48.3256,1.30e-13
999,15,15,6478628.6304,4441.3220,3.163673,0.043212,3.516191,0.0047,64.5327,35.4626,1.28e-13
1000,15,15,6478630.6023,4441.3220,3.163673,0.058102,3.516190,0.0069,70.1211,29.8720,1.35e-13
1001,15,15,6478677.4674,4441.3220,3.163676,0.042238,3.516196,0.0053,41.4190,58.5756,1.24e-13
1002,15,15,6478718.4956,4441.3220,3.163679,0.045009,3.516194,0.0052,27.7696,72.2252,1.26e-13
1003,15,15,6478739.8559,4441.3220,3.163680,0.035710,3.516191,0.0046,46.7662,53.2291,1.57e-13
1004,15,15,6478760.7806,4441.3220,3.163682,0.046031,3.516191,0.0047,56.6744,43.3209,1.29e-13
1005,15,15,6478785.3718,4441.3220,3.163684,0.037745,3.516195,0.0044,34.7682,65.2274,1.42e-13
1006,15,15,6478817.4468,4441.3220,3.163686,0.048569,3.516192,0.0054,62.1674,37.8272,1.38e-13
1007,15,15,6478845.8986,4441.3220,3.163688,0.034864,3.516198,0.0049,43.1657,56.8294,1.24e-13
1008,15,15,6478876.9903,4441.3220,3.163690,0.048018,3.516188,0.0057,58.7053,41.2890,1.23e-13
1009,15,15,6478896.8775,4441.3220,3.163691,0.036972,3.516194,0.0045,48.5729,51.4226,1.80e-13
1010,15,15,6478915.1470,4441.3220,3.163692,0.047731,3.516186,0.0063,57.4329,42.5609,8.78e-14
1011,15,15,6478968.3767,4441.3220,3.163696,0.053747,3.516194,0.0059,63.0429,36.9513,1.65e-13
1012,15,15,6478987.6059,4441.3220,3.163697,0.041067,3.516197,0.0045,60.5272,39.4682,1.21e-13
1013,15,15,6479023.7225,4441.3220,3.163700,0.040666,3.516191,0.0046,32.1922,67.8032,1.46e-13
1014,15,15,6479052.5220,4441.3220,3.163701,0.038683,3.516201,0.0043,58.0766,41.9190,1.18e-13
1015,15,15,6479067.5229,4441.3220,3.163702,0.045467,3.516192,0.0047,55.9435,44.0518,1.41e-13
1016,15,15,6479090.3652,4441.3220,3.163704,0.058451,3.516190,0.0064,61.5170,38.4765,1.04e-13
1017,15,15,6479107.8851,4441.3220,3.163705,0.038428,3.516193,0.0040,44.7157,55.2803,1.37e-13
1018,15,15,6479141.1226,4441.3220,3.163707,0.032681,3.516196,0.0048,31.6843,68.3110,1.42e-13
1019,15,15,6479160.5365,4441.3220,3.163709,0.035587,3.516193,0.0042,28.8152,71.1806,1.34e-13
1020,15,15,6479211.3372,4441.3220,3.163712,0.035551,3.516192,0.0053,53.8758,46.1190,1.49e-13
1021,15,15,6479247.0464,4441.3220,3.163714,0.038481,3.516195,0.0047,68.2277,31.7676,1.19e-13
1022,15,15,6479263.3485,4441.3220,3.163716,0.035290,3.516197,0.0040,60.3139,39.6821,1.52e-13
1023,15,15,6479295.6174,4441.3220,3.163718,0.038271,3.516193,0.0048,37.6957,62.2995,1.08e-13
1024,15,15,6479326.3025,4441.3220,3.163720,0.037332,3.516193,0.0043,72.2915,27.7042,1.44e-13
1025,15,15,6479347.7214,4441.3220,3.163721,0.035534,3.516195,0.0048,57.2410,42.7542,1.26e-13
1026,15,15,6479378.6660,4441.3220,3.163723,0.034721,3.516195,0.0037,46.2607,53.7355,1.69e-13
1027,15,15,6479398.6414,4441.3220,3.163725,0.045636,3.516192,0.0050,59.4267,40.5683,1.13e-13
1028,15,15,6479415.1200,4441.3220,3.163726,0.037353,3.516201,0.0049,67.2951,32.7000,1.52e-13
1029,15,15,6479422.6263,4441.3220,3.163726,0.028822,3.516194,0.0035,76.0571,23.9393,1.64e-13
1030,15,15,6479449.1644,4441.3220,3.163728,0.037260,3.516197,0.0045,50.5838,49.4117,1.47e-13
1031,15,15,6479483.0010,4441.3220,3.163730,0.037481,3.516191,0.0042,34.3765,65.6193,1.07e-13
1032,15,15,6479508.1988,4441.3220,3.163732,0.034309,3.516196,0.0039,56.8275,43.1686,1.54e-13
1033,15,15,6479527.3198,4441.3220,3.163733,0.038940,3.516197,0.0049,55.9148,44.0803,1.30e-13
1034,15,15,6479566.9769,4441.3220,3.163736,0.043714,3.516192,0.0054,53.4193,46.5752,1.34e-13
1035,15,15,6479578.1433,4441.3220,3.163737,0.054474,3.516189,0.0069,44.3716,55.6215,1.51e-13
1036,15,15,6479588.0755,4441.3220,3.163737,0.035418,3.516199,0.0048,38.3052,61.6900,1.15e-13
1037,15,15,6479617.6647,4441.3220,3.163739,0.035751,3.516200,0.0042,40.1471,59.8487,1.12e-13
1038,15,15,6479628.6668,4441.3220,3.163740,0.042605,3.516194,0.0048,53.2812,46.7140,1.08e-13
1039,15,15,6479664.9069,4441.3220,3.163743,0.048349,3.516189,0.0054,40.0708,59.9238,1.58e-13
1040,15,15,6479679.8914,4441.3220,3.163744,0.036131,3.516196,0.0045,35.6427,64.3527,1.45e-13
1041,15,15,6479710.3779,4441.3220,3.163746,0.037718,3.516197,0.0047,55.6475,44.3479,1.33e-13
1042,15,15,6479735.3634,4441.3220,3.163747,0.033066,3.516196,0.0038,34.3249,65.6713,1.38e-13
1043,15,15,6479744.4652,4441.3220,3.163748,0.033309,3.516197,0.0044,49.9225,50.0731,1.57e-13
1044,15,15,6479786.8227,4441.3220,3.163751,0.037171,3.516195,0.0042,44.2798,55.7160,1.23e-13
1045,15,15,6479794.6883,4441.3220,3.163751,0.029255,3.516198,0.0040,33.8676,66.1284,1.71e-13
1046,15,15,6479819.0651,4441.3220,3.163753,0.039715,3.516195,0.0047,67.1952,32.8001,1.04e-13
1047,15,15,6479844.6538,4441.3220,3.163755,0.034721,3.516195,0.0046,45.9956,53.9998,1.43e-13
1048,15,15,6479858.2132,4441.3220,3.163755,0.037950,3.516192,0.0050,45.7545,54.2405,1.64e-13
1049,15,15,6479864.6848,4441.3220,3.163756,0.031352,3.516198,0.0036,52.0768,47.9196,1.42e-13
1050,15,15,6479885.8507,4441.3220,3.163757,0.031410,3.516196,0.0037,41.9205,58.0758,1.25e-13
1051,15,15,6479896.3344,4441.3220,3.163758,0.041416,3.516197,0.0051,41.4155,58.5794,1.51e-13
1052,15,15,6479933.7458,4441.3220,3.163761,0.031758,3.516196,0.0040,49.5137,50.4823,1.37e-13
1053,15,15,6479954.7311,4441.3220,3.163762,0.034419,3.516198,0.0041,50.2757,49.7202,1.55e-13
1054,15,15,6479970.5430,4441.3220,3.163763,0.032966,3.516195,0.0039,58.0117,41.9843,1.10e-13
1055,15,15,6479982.0992,4441.3220,3.163764,0.043076,3.516195,0.0054,62.9643,37.0303,1.41e-13
1056,15,15,6479987.4164,4441.3220,3.163764,0.027453,3.516197,0.0033,45.0193,54.9774,1.49e-13
1057,15,15,6480024.0879,4441.3220,3.163767,0.033787,3.516195,0.0040,30.9442,69.0518,1.40e-13
1058,15,15,6480036.2600,4441.3220,3.163767,0.032182,3.516194,0.0042,34.7065,65.2893,1.87e-13
1059,15,15,6480066.2229,4441.3220,3.163769,0.029276,3.516194,0.0036,51.2843,48.7121,1.39e-13
1060,15,15,6480072.8816,4441.3220,3.163770,0.035774,3.516201,0.0043,42.3011,57.6945,1.24e-13
1061,15,15,6480089.1415,4441.3220,3.163771,0.041553,3.516194,0.0048,38.6936,61.3016,1.17e-13
1062,15,15,6480109.3206,4441.3220,3.163772,0.040656,3.516196,0.0050,43.6927,56.3023,1.20e-13
1063,15,15,6480122.6622,4441.3220,3.163773,0.031833,3.516193,0.0042,46.9140,53.0818,1.48e-13
1064,15,15,6480152.3959,4441.3220,3.163775,0.033033,3.516196,0.0042,55.9208,44.0750,1.24e-13
1065,15,15,6480168.3321,4441.3220,3.163776,0.036889,3.516195,0.0042,29.4049,70.5908,1.21e-13
1066,15,15,6480181.2276,4441.3220,3.163777,0.029917,3.516195,0.0040,36.2067,63.7893,1.53e-13
1067,15,15,6480184.7935,4441.3220,3.163777,0.039290,3.516192,0.0046,35.3269,64.6685,1.23e-13
1068,15,15,6480188.4317,4441.3220,3.163778,0.035951,3.516197,0.0047,26.7244,73.2709,1.42e-13
1069,15,15,6480217.9558,4441.3220,3.163780,0.032477,3.516197,0.0038,43.3333,56.6629,1.20e-13
1070,15,15,6480224.2607,4441.3220,3.163780,0.026896,3.516199,0.0031,53.0044,46.9925,1.49e-13
1071,15,15,6480240.4896,4441.3220,3.163781,0.031610,3.516197,0.0044,51.8420,48.1536,1.13e-13
1072,15,15,6480253.2297,4441.3220,3.163782,0.037775,3.516190,0.0044,42.3098,57.6858,1.35e-13
1073,15,15,6480269.2985,4441.3220,3.163783,0.025451,3.516199,0.0039,48.4551,51.5411,1.37e-13
1074,15,15,6480288.2212,4441.3220,3.163784,0.025028,3.516199,0.0031,38.7219,61.2750,1.56e-13
1075,15,15,6480300.1827,4441.3220,3.163785,0.034612,3.516197,0.0039,50.0456,49.9505,1.63e-13
1076,15,15,6480304.5340,4441.3220,3.163785,0.032561,3.516199,0.0040,51.4048,48.5911,1.15e-13
1077,15,15,6480325.5238,4441.3220,3.163787,0.030301,3.516197,0.0038,48.3440,51.6523,1.64e-13
1078,15,15,6480338.5383,4441.3220,3.163788,0.029508,3.516198,0.0041,40.0618,59.9341,1.76e-13
1079,15,15,6480353.5004,4441.3220,3.163789,0.040915,3.516194,0.0044,58.0927,41.9029,1.35e-13
1080,15,15,6480359.1133,4441.3220,3.163789,0.028849,3.516199,0.0032,57.1046,42.8922,1.56e-13
1081,15,15,6480363.6939,4441.3220,3.163789,0.033159,3.516197,0.0033,38.6898,61.3069,1.70e-13
1082,15,15,6480397.5365,4441.3220,3.163792,0.036883,3.516193,0.0047,53.3483,46.6470,1.13e-13
1083,15,15,6480402.2440,4441.3220,3.163792,0.028393,3.516197,0.0040,43.8577,56.1383,1.66e-13
1084,15,15,6480413.7786,4441.3220,3.163793,0.027312,3.516198,0.0036,45.1206,54.8758,1.43e-13
1085,15,15,6480431.3696,4441.3220,3.163794,0.028764,3.516196,0.0040,48.3795,51.6165,1.49e-13
1086,15,15,6480444.3669,4441.3220,3.163795,0.031171,3.516195,0.0038,56.9413,43.0549,1.15e-13
1087,15,15,6480450.5656,4441.3220,3.163795,0.043241,3.516193,0.0052,50.0841,49.9107,1.38e-13
1088,15,15,6480459.2262,4441.3220,3.163796,0.030271,3.516197,0.0035,44.6583,55.3381,1.47e-13
1089,15,15,6480473.8123,4441.3220,3.163797,0.037931,3.516197,0.0044,55.0415,44.9541,1.48e-13
1090,15,15,6480479.1570,4441.3220,3.163797,0.042910,3.516193,0.0048,59.2478,40.7474,2.03e-13
1091,15,15,6480487.8812,4441.3220,3.163798,0.028705,3.516194,0.0038,41.2761,58.7202,1.51e-13
1092,15,15,6480491.7992,4441.3220,3.163798,0.046306,3.516193,0.0053,60.4709,39.5238,1.43e-13
1093,15,15,6480506.8995,4441.3220,3.163799,0.029769,3.516199,0.0032,38.5389,61.4579,1.31e-13
1094,15,15,6480520.6623,4441.3220,3.163800,0.040455,3.516196,0.0047,56.9855,43.0098,1.29e-13
1095,15,15,6480540.5578,4441.3220,3.163801,0.026868,3.516198,0.0033,51.6388,48.3579,1.63e-13
1096,15,15,6480548.4109,4441.3220,3.163802,0.027447,3.516200,0.0032,50.6180,49.3788,2.09e-13
1097,15,15,6480552.7045,4441.3220,3.163802,0.036057,3.516193,0.0048,51.1733,48.8219,1.51e-13
1098,15,15,6480557.9267,4441.3220,3.163802,0.027453,3.516199,0.0037,43.5128,56.4835,1.40e-13
1099,15,15,6480564.5703,4441.3220,3.163803,0.041771,3.516196,0.0042,58.1907,41.8051,1.73e-13
1100,15,15,6480568.1906,4441.3220,3.163803,0.036240,3.516193,0.0048,46.2774,53.7178,1.18e-13
1101,15,15,6480591.9800,4441.3220,3.163805,0.033373,3.516197,0.0038,54.5759,45.4203,1.24e-13
1102,15,15,6480598.2453,4441.3220,3.163805,0.030637,3.516196,0.0035,53.4107,46.5857,1.50e-13
1103,15,15,6480611.1002,4441.3220,3.163806,0.037586,3.516196,0.0042,41.1988,58.7970,1.29e-13
1104,15,15,6480621.9351,4441.3220,3.163807,0.038830,3.516196,0.0042,62.6867,37.3091,1.78e-13
1105,15,15,6480628.7231,4441.3220,3.163807,0.020067,3.516197,0.0034,56.8176,43.1790,1.72e-13
1106,15,15,6480632.3212,4441.3220,3.163807,0.027793,3.516199,0.0031,57.0669,42.9300,1.63e-13
1107,15,15,6480638.3086,4441.3220,3.163808,0.028090,3.516197,0.0035,48.9771,51.0194,1.63e-13
1108,15,15,6480644.1247,4441.3220,3.163808,0.027709,3.516196,0.0038,60.4043,39.5920,1.44e-13
1109,15,15,6480648.6507,4441.3220,3.163808,0.023034,3.516200,0.0027,47.0930,52.9042,2.23e-13
1110,15,15,6480650.7312,4441.3220,3.163809,0.022008,3.516199,0.0028,51.0664,48.9308,1.49e-13
1111,15,15,6480667.7365,4441.3220,3.163810,0.022586,3.516198,0.0030,50.3092,49.6878,1.40e-13
1112,15,15,6480676.4785,4441.3220,3.163810,0.019383,3.516200,0.0024,56.4846,43.5130,1.67e-13
1113,15,15,6480680.3216,4441.3220,3.163811,0.028405,3.516196,0.0034,43.2435,56.7532,1.46e-13
1114,15,15,6480685.0512,4441.3220,3.163811,0.014408,3.516200,0.0018,50.0070,49.9911,2.21e-13
1115,15,15,6480698.2043,4441.3220,3.163812,0.026260,3.516199,0.0030,50.1927,49.8043,1.38e-13
1116,15,15,6480707.5663,4441.3220,3.163812,0.021995,3.516197,0.0025,51.6235,48.3740,1.70e-13
1117,15,15,6480708.4267,4441.3220,3.163812,0.018953,3.516198,0.0025,43.8820,56.1155,2.20e-13
1118,15,15,6480712.9450,4441.3220,3.163813,0.021478,3.516200,0.0027,47.7736,52.2237,1.99e-13
1119,15,15,6480718.9547,4441.3220,3.163813,0.012330,3.516200,0.0014,53.3363,46.6623,3.11e-13
1120,15,15,6480722.8535,4441.3220,3.163813,0.017621,3.516199,0.0027,52.3070,47.6904,1.80e-13
1121,15,15,6480736.0164,4441.3220,3.163814,0.016248,3.516202,0.0020,47.1611,52.8369,2.36e-13
1122,15,15,6480737.2421,4441.3220,3.163814,0.016931,3.516202,0.0021,41.0686,58.9293,1.86e-13
1123,15,15,6480742.8206,4441.3220,3.163815,0.013691,3.516200,0.0019,40.2770,59.7211,2.49e-13
1124,15,15,6480746.2425,4441.3220,3.163815,0.000686,3.516205,0.0002,48.0389,51.9609,9.42e-13
1125,15,15,6480748.3358,4441.3220,3.163815,0.013071,3.516200,0.0017,41.0381,58.9602,2.96e-13
1126,15,15,6480750.8896,4441.3220,3.163815,0.001563,3.516205,0.0002,96.6301,3.3697,7.13e-13
1127,15,15,6480751.2375,4441.3220,3.163815,0.003022,3.516203,0.0005,12.3221,87.6775,4.62e-13
1128,15,15,6480751.9225,4441.3220,3.163815,0.004446,3.516204,0.0004,63.8342,36.1654,4.84e-13
1129,15,15,6480753.9958,4441.3220,3.163816,0.003804,3.516204,0.0005,43.0978,56.9017,4.38e-13
1130,15,15,6480754.6619,4441.3220,3.163816,0.008211,3.516202,0.0010,66.6730,33.3259,3.09e-13
1131,15,15,6480756.3237,4441.3220,3.163816,0.008182,3.516204,0.0007,47.0187,52.9806,4.30e-13
1132,15,15,6480757.6604,4441.3220,3.163816,0.006781,3.516203,0.0009,54.9276,45.0715,2.87e-13
1133,15,15,6480760.0866,4441.3220,3.163816,0.004315,3.516203,0.0005,45.6944,54.3051,4.85e-13
1134,15,15,6480761.7399,4441.3220,3.163816,0.004114,3.516204,0.0005,55.7115,44.2880,4.25e-13
1135,15,15,6480762.4883,4441.3220,3.163816,0.008685,3.516202,0.0009,63.0903,36.9087,3.50e-13
1136,15,15,6480767.0712,4441.3220,3.163816,0.011086,3.516200,0.0015,50.3212,49.6773,2.22e-13
1137,15,15,6480769.4267,4441.3220,3.163817,0.012272,3.516202,0.0014,49.0146,50.9840,2.65e-13
1138,15,15,6480771.5265,4441.3220,3.163817,0.009383,3.516203,0.0011,34.5962,65.4027,3.65e-13
1139,15,15,6480773.2245,4441.3220,3.163817,0.012629,3.516201,0.0015,49.2453,50.7533,2.13e-13
1140,15,15,6480778.8806,4441.3220,3.163817,0.010894,3.516201,0.0011,37.5349,62.4640,2.68e-13
1141,15,15,6480780.1707,4441.3220,3.163817,0.006398,3.516203,0.0008,20.3645,79.6347,3.25e-13
1142,15,15,6480780.9342,4441.3220,3.163817,0.004659,3.516204,0.0006,89.6709,10.3285,3.59e-13
1143,15,15,6480786.3546,4441.3220,3.163818,0.011821,3.516201,0.0015,44.4164,55.5821,2.76e-13
1144,15,15,6480788.7868,4441.3220,3.163818,0.011547,3.516202,0.0011,40.9520,59.0470,2.37e-13
1145,15,15,6480791.8244,4441.3220,3.163818,0.007226,3.516203,0.0010,62.4085,37.5905,3.32e-13
1146,15,15,6480792.3337,4441.3220,3.163818,0.010755,3.516202,0.0012,39.1657,60.8331,3.27e-13
1147,15,15,6480796.2834,4441.3220,3.163818,0.014965,3.516199,0.0020,48.1259,51.8721,1.87e-13
1148,15,15,6480800.8329,4441.3220,3.163819,0.016265,3.516200,0.0021,54.9867,45.0112,1.95e-13
1149,15,15,6480804.9463,4441.3220,3.163819,0.032245,3.516197,0.0033,46.8692,53.1275,1.76e-13
1150,15,15,6480806.9656,4441.3220,3.163819,0.018670,3.516201,0.0022,29.6711,70.3267,2.18e-13
1151,15,15,6480811.6293,4441.3220,3.163819,0.024585,3.516199,0.0028,50.2163,49.7809,1.59e-13
1152,15,15,6480819.1532,4441.3220,3.163820,0.020644,3.516200,0.0025,37.4472,62.5503,1.66e-13
1153,15,15,6480821.1126,4441.3220,3.163820,0.010872,3.516201,0.0013,49.5006,50.4980,2.40e-13
1154,15,15,6480826.5107,4441.3220,3.163820,0.016990,3.516199,0.0019,24.1697,75.8284,1.96e-13
1155,15,15,6480827.2055,4441.3220,3.163820,0.022899,3.516199,0.0023,50.5799,49.4179,1.79e-13
1156,15,15,6480830.3194,4441.3220,3.163821,0.021481,3.516200,0.0021,59.3373,40.6607,2.75e-13
1157,15,15,6480831.5584,4441.3220,3.163821,0.017472,3.516200,0.0018,66.7795,33.2187,2.08e-13
1158,15,15,6480835.6723,4441.3220,3.163821,0.019652,3.516199,0.0022,57.8918,42.1061,1.70e-13
1159,15,15,6480839.0946,4441.3220,3.163821,0.013716,3.516200,0.0016,30.2348,69.7635,2.04e-13
1160,15,15,6480844.7756,4441.3220,3.163822,0.021129,3.516200,0.0023,56.1836,43.8141,1.98e-13
1161,15,15,6480847.4964,4441.3220,3.163822,0.033191,3.516199,0.0034,49.1194,50.8772,1.44e-13
1162,15,15,6480851.9822,4441.3220,3.163822,0.028980,3.516199,0.0030,64.5154,35.4817,1.73e-13
1163,15,15,6480854.2443,4441.3220,3.163822,0.024619,3.516200,0.0029,47.5900,52.4072,1.77e-13
1164,15,15,6480856.5450,4441.3220,3.163822,0.027390,3.516197,0.0031,58.7751,41.2218,1.63e-13
1165,15,15,6480862.6651,4441.3220,3.163823,0.031348,3.516198,0.0038,52.4619,47.5343,1.45e-13
1166,15,15,6480865.6027,4441.3220,3.163823,0.026477,3.516196,0.0029,45.2376,54.7595,1.56e-13
1167,15,15,6480867.2402,4441.3220,3.163823,0.017778,3.516200,0.0021,55.6610,44.3369,1.56e-13
1168,15,15,6480869.4493,4441.3220,3.163823,0.030055,3.516199,0.0034,68.8482,31.1484,1.30e-13
1169,15,15,6480874.9199,4441.3220,3.163824,0.021009,3.516199,0.0025,53.4235,46.5740,1.44e-13
1170,15,15,6480882.8280,4441.3220,3.163824,0.021485,3.516200,0.0023,65.3659,34.6318,1.58e-13
1171,15,15,6480883.4315,4441.3220,3.163824,0.017734,3.516202,0.0020,48.9774,51.0206,1.66e-13
1172,15,15,6480888.7986,4441.3220,3.163825,0.032155,3.516194,0.0044,38.1343,61.8613,1.13e-13
1173,15,15,6480893.4675,4441.3220,3.163825,0.019556,3.516200,0.0027,52.9103,47.0871,1.71e-13
1174,15,15,6480897.8366,4441.3220,3.163825,0.020787,3.516200,0.0024,44.4469,55.5507,1.67e-13
1175,15,15,6480902.7521,4441.3220,3.163826,0.031181,3.516195,0.0038,68.8375,31.1587,1.28e-13
1176,15,15,6480906.2348,4441.3220,3.163826,0.023235,3.516199,0.0027,57.4944,42.5028,1.63e-13
1177,15,15,6480914.7724,4441.3220,3.163826,0.041305,3.516194,0.0049,46.7656,53.2296,1.43e-13
1178,15,15,6480915.8870,4441.3220,3.163826,0.026244,3.516199,0.0028,43.3246,56.6726,1.25e-13
1179,15,15,6480921.4259,4441.3220,3.163827,0.026729,3.516199,0.0033,58.4493,41.5474,1.50e-13
1180,15,15,6480922.9730,4441.3220,3.163827,0.033834,3.516196,0.0040,64.3952,35.6008,1.07e-13
1181,15,15,6480931.0776,4441.3220,3.163827,0.034633,3.516195,0.0042,52.6965,47.2993,1.40e-13
1182,15,15,6480937.2941,4441.3220,3.163828,0.030478,3.516197,0.0032,58.4452,41.5516,1.55e-13
1183,15,15,6480939.1401,4441.3220,3.163828,0.029347,3.516197,0.0035,52.4566,47.5399,1.62e-13
1184,15,15,6480940.4804,4441.3220,3.163828,0.029227,3.516198,0.0037,59.8481,40.1482,1.35e-13
1185,15,15,6480944.4121,4441.3220,3.163828,0.029781,3.516196,0.0035,38.2941,61.7024,1.21e-13
1186,15,15,6480950.0849,4441.3220,3.163829,0.027520,3.516199,0.0035,44.6266,55.3700,1.14e-13
1187,15,15,6480955.6959,4441.3220,3.163829,0.035615,3.516196,0.0040,47.3814,52.6146,1.31e-13
1188,15,15,6480961.1640,4441.3220,3.163829,0.033913,3.516196,0.0041,43.1845,56.8114,1.14e-13
1189,15,15,6480963.8111,4441.3220,3.163830,0.033114,3.516198,0.0039,52.5023,47.4938,1.09e-13
1190,15,15,6480965.6559,4441.3220,3.163830,0.030340,3.516199,0.0038,45.6359,54.3603,1.23e-13
1191,15,15,6480967.1875,4441.3220,3.163830,0.034560,3.516195,0.0037,55.1913,44.8049,1.48e-13
1192,15,15,6480970.1169,4441.3220,3.163830,0.034103,3.516193,0.0042,50.1744,49.8214,1.52e-13
1193,15,15,6480978.4639,4441.3220,3.163831,0.030252,3.516197,0.0038,57.6330,42.3632,1.07e-13
1194,15,15,6480983.7613,4441.3220,3.163831,0.029584,3.516196,0.0037,52.6010,47.3953,1.18e-13
1195,15,15,6480989.1166,4441.3220,3.163831,0.029196,3.516196,0.0039,40.3144,59.6817,1.25e-13
1196,15,15,6480992.8316,4441.3220,3.163832,0.035516,3.516195,0.0039,53.8671,46.1290,1.28e-13
1197,15,15,6480999.7277,4441.3220,3.163832,0.034746,3.516198,0.0042,43.0176,56.9782,1.18e-13
1198,15,15,6481004.3352,4441.3220,3.163832,0.032238,3.516197,0.0041,45.4702,54.5257,1.27e-13
1199,15,15,6481006.8885,4441.3220,3.163833,0.031606,3.516195,0.0041,45.1961,54.7998,1.00e-13
1200,15,15,6481014.1568,4441.3220,3.163833,0.033312,3.516196,0.0040,46.0257,53.9703,9.85e-14
1201,15,15,6481022.7642,4441.3220,3.163834,0.030198,3.516197,0.0040,56.3765,43.6195,1.16e-13
1202,15,15,6481025.5886,4441.3220,3.163834,0.039460,3.516196,0.0042,62.2381,37.7577,1.22e-13
1203,15,15,6481031.3990,4441.3220,3.163834,0.037644,3.516195,0.0046,54.5432,45.4522,1.11e-13
1204,15,15,6481039.3390,4441.3220,3.163835,0.042056,3.516192,0.0056,28.4282,71.5662,1.04e-13
1205,15,15,6481042.6818,4441.3220,3.163835,0.043002,3.516195,0.0054,37.6094,62.3853,1.14e-13
1206,15,15,6481051.0413,4441.3220,3.163835,0.035619,3.516193,0.0048,48.5959,51.3993,9.89e-14
1207,15,15,6481056.5183,4441.3220,3.163836,0.046331,3.516194,0.0055,30.8520,69.1425,1.24e-13
1208,15,15,6481060.0994,4441.3220,3.163836,0.042359,3.516192,0.0056,54.8024,45.1920,9.87e-14
1209,15,15,6481067.4971,4441.3220,3.163837,0.039600,3.516193,0.0052,55.2550,44.7398,9.55e-14
1210,15,15,6481082.9120,4441.3220,3.163838,0.038722,3.516195,0.0051,58.3442,41.6508,1.05e-13
1211,15,15,6481088.2850,4441.3220,3.163838,0.041196,3.516195,0.0052,44.3323,55.6625,9.93e-14
1212,15,15,6481099.7992,4441.3220,3.163839,0.041922,3.516194,0.0057,64.9168,35.0775,8.61e-14
1213,15,15,6481105.2376,4441.3220,3.163839,0.044749,3.516193,0.0055,53.7105,46.2840,1.03e-13
1214,15,15,6481118.0205,4441.3220,3.163840,0.043727,3.516192,0.0054,54.7380,45.2566,1.14e-13
1215,15,15,6481119.1242,4441.3220,3.163840,0.045483,3.516192,0.0059,56.2735,43.7206,9.63e-14
1216,15,15,6481121.5011,4441.3220,3.163840,0.050535,3.516192,0.0061,58.4203,41.5736,1.07e-13
1217,15,15,6481127.2995,4441.3220,3.163841,0.055483,3.516190,0.0068,52.1687,47.8245,7.90e-14
1218,15,15,6481141.5575,4441.3220,3.163842,0.048736,3.516193,0.0059,42.3735,57.6206,9.28e-14
1219,15,15,6481148.4659,4441.3220,3.163842,0.054336,3.516189,0.0064,51.8876,48.1060,6.78e-14
1220,15,15,6481162.1699,4441.3220,3.163843,0.043212,3.516189,0.0058,67.9634,32.0307,1.03e-13
1221,15,15,6481179.2218,4441.3220,3.163844,0.061628,3.516185,0.0081,55.3073,44.6846,8.45e-14
1222,15,15,6481188.3878,4441.3220,3.163845,0.051693,3.516188,0.0062,36.7879,63.2059,8.32e-14
1223,15,15,6481190.3151,4441.3220,3.163845,0.060336,3.516186,0.0081,68.9289,31.0631,8.29e-14
1224,15,15,6481212.7385,4441.3220,3.163846,0.063040,3.516189,0.0077,51.9584,48.0339,9.32e-14
1225,15,15,6481224.4391,4441.3220,3.163847,0.056503,3.516186,0.0078,63.7243,36.2679,7.83e-14
1226,15,15,6481241.6670,4441.3220,3.163848,0.057890,3.516193,0.0076,70.1187,29.8737,8.05e-14
1227,15,15,6481264.2099,4441.3220,3.163850,0.049923,3.516193,0.0056,79.6938,20.3007,8.11e-14
1228,15,15,6481269.5092,4441.3220,3.163850,0.058517,3.516189,0.0072,70.2162,29.7766,9.11e-14
1229,15,15,6481284.8437,4441.3220,3.163851,0.070878,3.516186,0.0091,71.0705,28.9204,8.17e-14
1230,15,15,6481301.9707,4441.3220,3.163852,0.072789,3.516183,0.0092,47.1166,52.8742,8.63e-14
1231,15,15,6481314.5518,4441.3220,3.163853,0.063864,3.516183,0.0095,67.0339,32.9565,9.71e-14
1232,15,15,6481341.5920,4441.3220,3.163855,0.059982,3.516183,0.0077,69.8751,30.1173,9.26e-14
1233,15,15,6481350.5017,4441.3220,3.163856,0.102366,3.516173,0.0139,48.0474,51.9386,7.89e-14
1234,15,15,6481360.0819,4441.3220,3.163856,0.058880,3.516186,0.0083,66.0244,33.9674,8.68e-14
1235,15,15,6481370.6142,4441.3220,3.163857,0.094999,3.516173,0.0148,42.3702,57.6149,7.95e-14
1236,15,15,6481386.0083,4441.3220,3.163858,0.048702,3.516190,0.0063,31.5499,68.4438,8.55e-14
1237,15,15,6481416.7713,4441.3220,3.163860,0.054140,3.516188,0.0067,28.1886,71.8047,7.73e-14
1238,15,15,6481443.9985,4441.3220,3.163862,0.078917,3.516178,0.0097,54.6727,45.3175,7.97e-14
1239,15,15,6481460.9030,4441.3220,3.163863,0.098817,3.516173,0.0143,60.6589,39.3269,6.54e-14
1240,15,15,6481510.8630,4441.3220,3.163866,0.090704,3.516177,0.0137,43.1875,56.7988,7.38e-14
1241,15,15,6481518.4099,4441.3220,3.163867,0.103051,3.516174,0.0147,49.4744,50.5109,6.67e-14
1242,15,15,6481531.3829,4441.3220,3.163868,0.112664,3.516168,0.0169,51.0828,48.9003,6.91e-14
1243,15,15,6481565.5998,4441.3220,3.163870,0.107512,3.516169,0.0169,14.1746,85.8085,6.71e-14
1244,15,15,6481583.4059,4441.3220,3.163871,0.126133,3.516164,0.0198,91.0486,8.9316,6.87e-14
1245,15,15,6481648.0756,4441.3220,3.163876,0.075495,3.516186,0.0086,74.0888,25.9026,7.77e-14
1246,15,15,6481672.4980,4441.3220,3.163877,0.103441,3.516173,0.0161,84.5793,15.4046,6.39e-14
1247,15,15,6481687.7232,4441.3220,3.163878,0.117793,3.516162,0.0179,52.3655,47.6166,6.89e-14
1248,15,15,6481705.5944,4441.3220,3.163879,0.120092,3.516166,0.0170,43.3542,56.6288,6.33e-14
1249,15,15,6481727.6222,4441.3220,3.163881,0.125063,3.516161,0.0203,24.7988,75.1810,5.62e-14
1250,15,15,6481834.0843,4441.3220,3.163888,0.114137,3.516173,0.0159,25.6426,74.3415,5.92e-14
1251,15,15,6481903.2125,4441.3220,3.163893,0.115168,3.516171,0.0174,19.4354,80.5472,6.62e-14
1252,15,15,6481912.0723,4441.3220,3.163893,0.157368,3.516148,0.0246,77.1094,22.8661,7.06e-14
1253,15,15,6481933.3453,4441.3220,3.163895,0.153534,3.516151,0.0239,23.2741,76.7020,5.06e-14
1254,15,15,6481993.9977,4441.3220,3.163899,0.163493,3.516148,0.0264,87.7651,12.2085,5.44e-14
1255,15,15,6482010.3661,4441.3220,3.163900,0.153773,3.516148,0.0261,68.5084,31.4655,5.93e-14
1256,15,15,6482020.8908,4441.3220,3.163900,0.154739,3.516146,0.0260,3.7911,96.1829,5.06e-14
1257,15,15,6482143.1551,4441.3220,3.163909,0.146758,3.516152,0.0232,5.4359,94.5409,4.71e-14
1258,15,15,6482153.4247,4441.3220,3.163909,0.126816,3.516160,0.0208,11.3062,88.6730,5.56e-14
1259,15,15,6482213.3221,4441.3220,3.163913,0.194115,3.516128,0.0358,97.1135,2.8507,4.53e-14
1260,15,15,6482282.6372,4441.3220,3.163918,0.167463,3.516142,0.0289,0.6274,99.3437,5.26e-14
1261,15,15,6482350.2516,4441.3220,3.163923,0.127457,3.516161,0.0193,92.6470,7.3337,5.49e-14
1262,15,15,6482398.9335,4441.3220,3.163926,0.145637,3.516157,0.0228,23.8451,76.1321,5.61e-14
1263,15,15,6482422.1235,4441.3220,3.163927,0.148810,3.516153,0.0237,56.2496,43.7267,6.08e-14
1264,15,15,6482447.6718,4441.3220,3.163929,0.158377,3.516153,0.0242,74.6197,25.3560,6.13e-14
1265,15,15,6482449.1827,4441.3220,3.163929,0.115100,3.516167,0.0164,10.9011,89.0826,6.19e-14
1266,15,15,6482490.3675,4441.3220,3.163932,0.173058,3.516138,0.0309,6.8267,93.1424,5.02e-14
1267,15,15,6482597.0073,4441.3220,3.163939,0.145008,3.516155,0.0221,48.2244,51.7535,6.50e-14
1268,15,15,6482660.0053,4441.3220,3.163943,0.180812,3.516137,0.0315,96.0668,3.9017,4.56e-14
1269,15,15,6483197.2933,4441.3220,3.163979,0.183449,3.516133,0.0301,17.4983,82.4716,5.83e-14
1270,15,15,6483468.5715,4441.3220,3.163998,0.168711,3.516141,0.0312,84.3941,15.5747,7.03e-14
1271,15,15,6483679.9013,4441.3220,3.164012,0.179310,3.516139,0.0330,83.0096,16.9574,7.68e-14
1272,15,15,6484075.2449,4441.3220,3.164038,0.207374,3.516124,0.0407,45.9308,54.0285,4.73e-14
