mode_rank,matched_m,matched_n,Omega_FEM,Omega_exact,log10_Error_Omega,log10_Error_L2_w,log10_Error_L2_phi,W_energy_pct,Phi1_energy_pct,Phi2_energy_pct,relative_residual
1,3,3,185.1172,177.6529,-1.376583,1.800804,1.486626,99.9997,0.0002,0.0002,3.02e-07
2,2,4,202.8593,197.3921,-1.557560,1.801221,1.608129,99.9993,0.0003,0.0003,3.21e-07
3,2,4,217.7632,197.3921,-0.986316,1.801072,1.593441,99.9994,0.0003,0.0003,2.57e-07
4,3,4,233.9576,246.7401,-1.285623,1.800599,1.596473,99.9992,0.0004,0.0004,2.40e-07
5,1,5,252.5048,256.6097,-1.795965,1.800737,1.634524,99.9990,0.0008,0.0002,2.02e-07
6,1,5,260.0750,256.6097,-1.869536,1.800748,1.668806,99.9988,0.0005,0.0007,2.28e-07
7,1,5,265.8235,256.6097,-1.444836,1.800768,1.651149,99.9989,0.0005,0.0006,1.82e-07
8,2,5,293.1408,286.2185,-1.616448,1.801486,1.679226,99.9986,0.0006,0.0007,1.72e-07
9,4,4,315.6762,315.8273,-3.320115,1.800305,1.697461,99.9984,0.0004,0.0012,1.45e-07
10,3,5,332.6590,335.5665,-2.062249,1.801279,1.696066,99.9983,0.0008,0.0010,1.44e-07
11,3,5,342.2395,335.5665,-1.701463,1.800393,1.686756,99.9983,0.0012,0.0004,1.23e-07
12,1,6,351.2273,365.1754,-1.417989,1.801426,1.689830,99.9982,0.0010,0.0009,1.21e-07
13,2,6,385.7281,394.7842,-1.639418,1.801356,1.699625,99.9979,0.0007,0.0014,9.88e-08
14,2,6,391.4483,394.7842,-2.073152,1.800772,1.721608,99.9977,0.0010,0.0013,1.07e-07
15,2,6,396.9909,394.7842,-2.252610,1.800995,1.712204,99.9978,0.0011,0.0010,9.56e-08
16,4,5,416.5877,404.6538,-1.530302,1.801635,1.721068,99.9977,0.0008,0.0015,7.57e-08
17,3,6,430.8095,444.1322,-1.522919,1.801366,1.716836,99.9975,0.0016,0.0009,9.25e-08
18,3,6,443.3594,444.1322,-2.759468,1.801389,1.717097,99.9975,0.0016,0.0009,7.93e-08
19,3,6,455.9857,444.1322,-1.573665,1.801409,1.720531,99.9975,0.0011,0.0015,8.03e-08
20,3,6,465.1122,444.1322,-1.325707,1.800392,1.738130,99.9972,0.0014,0.0014,7.43e-08
21,1,7,490.2571,493.4802,-2.184993,1.799898,1.721433,99.9971,0.0011,0.0018,5.89e-08
22,4,6,510.7869,513.2194,-2.324248,1.801387,1.736682,99.9968,0.0018,0.0013,6.17e-08
23,2,7,518.7294,523.0890,-2.079123,1.800794,1.726828,99.9969,0.0011,0.0020,5.55e-08
24,2,7,533.6304,523.0890,-1.695679,1.800864,1.739499,99.9967,0.0019,0.0014,6.06e-08
25,2,7,540.2785,523.0890,-1.483313,1.801166,1.749503,99.9966,0.0013,0.0021,6.22e-08
26,3,7,548.6970,572.4371,-1.382245,1.801695,1.719499,99.9967,0.0019,0.0014,5.52e-08
27,3,7,558.6690,572.4371,-1.618856,1.801241,1.724651,99.9966,0.0022,0.0011,5.57e-08
28,3,7,570.5228,572.4371,-2.475735,1.801243,1.730881,99.9966,0.0013,0.0021,4.91e-08
29,5,6,587.3602,602.0459,-1.612736,1.800446,1.718329,99.9966,0.0017,0.0017,5.22e-08
30,5,6,603.4562,602.0459,-2.630294,1.802136,1.732939,99.9964,0.0022,0.0015,4.15e-08
31,5,6,612.6271,602.0459,-1.755094,1.801239,1.755393,99.9959,0.0019,0.0022,4.79e-08
32,1,8,624.3041,641.5243,-1.571175,1.801320,1.707051,99.9965,0.0016,0.0018,4.54e-08
33,1,8,637.8412,641.5243,-2.241004,1.801729,1.741304,99.9960,0.0027,0.0014,5.23e-08
34,1,8,652.2832,641.5243,-1.775446,1.800919,1.740923,99.9959,0.0018,0.0023,4.61e-08
35,2,8,657.3275,671.1331,-1.686754,1.801378,1.704537,99.9964,0.0016,0.0020,3.90e-08
36,2,8,663.3241,671.1331,-1.934213,1.800916,1.710912,99.9963,0.0016,0.0021,5.35e-08
37,2,8,678.3914,671.1331,-1.965972,1.800996,1.735249,99.9959,0.0018,0.0023,3.69e-08
38,2,8,687.3070,671.1331,-1.617993,1.801407,1.675321,99.9969,0.0015,0.0016,4.94e-08
39,2,8,689.6842,671.1331,-1.558440,1.799852,1.702455,99.9964,0.0024,0.0012,4.71e-08
40,6,6,703.0535,710.6115,-1.973225,1.800670,1.727134,99.9958,0.0017,0.0025,4.19e-08
41,3,8,717.6475,720.4811,-2.405287,1.801461,1.741317,99.9955,0.0032,0.0014,3.99e-08
42,5,7,726.0529,730.3507,-2.230279,1.800250,1.656352,99.9969,0.0015,0.0017,3.99e-08
43,5,7,733.3118,730.3507,-2.392077,1.801106,1.735283,99.9955,0.0023,0.0022,3.59e-08
44,5,7,750.1250,730.3507,-1.567431,1.801043,1.685143,99.9964,0.0019,0.0016,3.41e-08
45,5,7,758.9426,730.3507,-1.407289,1.802139,1.720561,99.9958,0.0023,0.0019,4.11e-08
46,4,8,767.3161,789.5684,-1.550016,1.801025,1.713804,99.9956,0.0016,0.0028,3.36e-08
47,4,8,778.1104,789.5684,-1.838283,1.801033,1.708098,99.9957,0.0025,0.0018,3.51e-08
48,4,8,788.3582,789.5684,-2.814541,1.801004,1.723242,99.9954,0.0017,0.0029,3.22e-08
49,4,8,798.8377,789.5684,-1.930343,1.800351,1.689448,99.9960,0.0019,0.0020,3.49e-08
50,1,9,801.3520,809.3076,-2.007443,1.800633,1.709735,99.9956,0.0018,0.0026,3.72e-08
51,1,9,809.5431,809.3076,-3.536121,1.800462,1.729696,99.9951,0.0024,0.0025,3.08e-08
52,1,9,823.4466,809.3076,-1.757692,1.800466,1.709083,99.9956,0.0021,0.0024,3.27e-08
53,2,9,835.3877,838.9164,-2.376110,1.800601,1.701448,99.9956,0.0020,0.0024,3.57e-08
54,2,9,842.5549,838.9164,-2.362789,1.799526,1.697619,99.9956,0.0020,0.0024,3.34e-08
55,2,9,848.2925,838.9164,-1.951697,1.800666,1.717914,99.9952,0.0025,0.0022,3.27e-08
56,2,9,858.1224,838.9164,-1.640281,1.801994,1.696185,99.9957,0.0021,0.0022,2.18e-08
57,5,8,858.8052,878.3948,-1.651664,1.801357,1.672283,99.9960,0.0021,0.0019,3.28e-08
58,5,8,864.2758,878.3948,-1.793886,1.801335,1.717237,99.9950,0.0027,0.0023,2.76e-08
59,5,8,876.1341,878.3948,-2.589441,1.800916,1.696026,99.9955,0.0020,0.0025,3.02e-08
60,3,9,892.4461,888.2644,-2.327191,1.801191,1.698978,99.9954,0.0031,0.0015,3.08e-08
61,3,9,902.8537,888.2644,-1.784508,1.800895,1.727200,99.9947,0.0027,0.0026,2.95e-08
62,3,9,908.6527,888.2644,-1.639160,1.800102,1.730148,99.9946,0.0025,0.0029,2.44e-08
63,3,9,910.2895,888.2644,-1.605624,1.800598,1.709735,99.9951,0.0030,0.0018,2.67e-08
64,3,9,914.8261,888.2644,-1.524287,1.800787,1.694257,99.9955,0.0024,0.0022,2.82e-08
65,4,9,923.8623,957.3516,-1.456165,1.800926,1.701288,99.9950,0.0021,0.0029,2.75e-08
66,4,9,934.5611,957.3516,-1.623317,1.800497,1.706630,99.9948,0.0029,0.0023,2.38e-08
67,4,9,945.2309,957.3516,-1.897542,1.801235,1.686290,99.9953,0.0026,0.0021,2.75e-08
68,4,9,954.4589,957.3516,-2.519769,1.800476,1.717205,99.9946,0.0025,0.0030,2.65e-08
69,4,9,958.7203,957.3516,-2.844785,1.801575,1.693380,99.9952,0.0023,0.0025,2.31e-08
70,7,7,965.6950,967.2212,-2.801906,1.801863,1.721222,99.9944,0.0030,0.0025,2.21e-08
71,7,7,969.6777,967.2212,-2.595207,1.800188,1.658903,99.9958,0.0022,0.0020,2.90e-08
72,7,7,976.7764,967.2212,-2.005289,1.800951,1.708699,99.9947,0.0028,0.0025,2.44e-08
73,6,8,981.6620,986.9604,-2.270152,1.801828,1.671976,99.9955,0.0020,0.0025,2.58e-08
74,1,10,998.2881,996.8300,-2.834840,1.801008,1.706728,99.9946,0.0031,0.0023,1.84e-08
75,1,10,1003.9847,996.8300,-2.144030,1.800440,1.682760,99.9952,0.0026,0.0022,2.69e-08
76,1,10,1008.5688,996.8300,-1.929000,1.800551,1.692423,99.9949,0.0026,0.0025,2.41e-08
77,2,10,1019.2588,1026.4389,-2.155204,1.801518,1.678907,99.9951,0.0023,0.0026,2.45e-08
78,2,10,1026.3969,1026.4389,-4.389017,1.800667,1.670280,99.9953,0.0025,0.0022,2.56e-08
79,2,10,1029.0966,1026.4389,-2.586817,1.801215,1.713713,99.9943,0.0032,0.0026,2.27e-08
80,2,10,1034.4627,1026.4389,-2.106948,1.801404,1.712662,99.9943,0.0027,0.0030,2.27e-08
81,5,9,1041.5127,1046.1781,-2.350715,1.801667,1.705969,99.9944,0.0026,0.0030,2.21e-08
82,5,9,1044.9791,1046.1781,-2.940793,1.801057,1.690371,99.9948,0.0029,0.0023,2.12e-08
83,5,9,1055.7108,1046.1781,-2.040390,1.801381,1.682694,99.9950,0.0024,0.0026,2.40e-08
84,3,10,1070.3172,1075.7869,-2.293761,1.801352,1.694611,99.9945,0.0026,0.0029,2.23e-08
85,3,10,1078.7080,1075.7869,-2.566184,1.801933,1.714511,99.9940,0.0028,0.0032,2.16e-08
86,3,10,1088.9896,1075.7869,-1.911063,1.801325,1.679427,99.9949,0.0027,0.0024,1.94e-08
87,7,8,1095.7784,1115.2653,-1.757636,1.801168,1.702610,99.9941,0.0027,0.0032,2.18e-08
88,7,8,1110.3279,1115.2653,-2.353879,1.801144,1.714598,99.9938,0.0035,0.0027,1.84e-08
89,7,8,1111.4035,1115.2653,-2.460589,1.801011,1.709464,99.9939,0.0035,0.0026,2.01e-08
90,7,8,1113.1834,1115.2653,-2.728917,1.799913,1.668737,99.9949,0.0028,0.0023,2.25e-08
91,7,8,1115.6112,1115.2653,-3.508459,1.801359,1.710842,99.9939,0.0029,0.0032,1.83e-08
92,7,8,1119.9903,1115.2653,-2.372977,1.801576,1.669027,99.9950,0.0027,0.0023,2.02e-08
93,4,10,1132.6311,1144.8741,-1.970868,1.801119,1.696453,99.9941,0.0030,0.0029,2.15e-08
94,4,10,1139.7712,1144.8741,-2.350941,1.799261,1.725080,99.9932,0.0027,0.0041,1.80e-08
95,4,10,1145.3001,1144.8741,-3.429328,1.800639,1.681798,99.9945,0.0028,0.0027,1.96e-08
96,4,10,1147.4487,1144.8741,-2.648045,1.800825,1.702167,99.9939,0.0029,0.0031,1.72e-08
97,6,9,1151.3452,1154.7437,-2.531197,1.801812,1.689118,99.9943,0.0036,0.0021,1.88e-08
98,6,9,1163.2580,1154.7437,-2.132337,1.801393,1.711497,99.9936,0.0036,0.0028,2.06e-08
99,6,9,1179.0990,1154.7437,-1.675892,1.802029,1.701683,99.9940,0.0032,0.0029,1.83e-08
100,1,11,1180.5278,1204.0917,-1.708412,1.799918,1.698030,99.9937,0.0032,0.0031,1.72e-08
101,1,11,1188.9236,1204.0917,-1.899727,1.801762,1.698049,99.9938,0.0028,0.0034,1.79e-08
102,1,11,1195.1005,1204.0917,-2.126839,1.799919,1.709687,99.9934,0.0038,0.0028,1.51e-08
103,1,11,1196.3520,1204.0917,-2.191931,1.801051,1.692428,99.9939,0.0032,0.0029,1.60e-08
104,1,11,1211.9411,1204.0917,-2.185823,1.801602,1.707185,99.9935,0.0033,0.0032,1.66e-08
105,1,11,1213.7781,1204.0917,-2.094501,1.801109,1.690777,99.9940,0.0035,0.0025,1.85e-08
106,2,11,1220.8397,1233.7006,-1.981940,1.801644,1.699843,99.9936,0.0034,0.0031,1.69e-08
107,2,11,1224.3621,1233.7006,-2.120935,1.801247,1.702072,99.9935,0.0028,0.0037,1.43e-08
108,2,11,1240.0563,1233.7006,-2.288041,1.800721,1.703367,99.9934,0.0027,0.0038,1.42e-08
109,8,8,1248.9921,1263.3094,-1.945649,1.799583,1.706653,99.9931,0.0039,0.0030,1.62e-08
110,8,8,1254.9381,1263.3094,-2.178718,1.802043,1.717909,99.9929,0.0037,0.0034,1.59e-08
111,8,8,1258.8385,1263.3094,-2.451119,1.800694,1.710325,99.9931,0.0032,0.0038,1.27e-08
112,8,8,1265.7996,1263.3094,-2.705278,1.800888,1.721667,99.9927,0.0030,0.0043,1.44e-08
113,3,11,1277.3300,1283.0486,-2.350956,1.800076,1.711572,99.9929,0.0032,0.0040,1.44e-08
114,3,11,1283.1442,1283.0486,-4.127615,1.801549,1.689377,99.9936,0.0035,0.0028,1.70e-08
115,3,11,1292.8072,1283.0486,-2.118854,1.800144,1.692868,99.9935,0.0032,0.0033,1.52e-08
116,3,11,1298.5033,1283.0486,-1.919182,1.800185,1.703949,99.9931,0.0035,0.0034,1.38e-08
117,3,11,1306.2359,1283.0486,-1.742992,1.801849,1.720315,99.9927,0.0038,0.0035,1.13e-08
118,3,11,1312.4249,1283.0486,-1.640246,1.800269,1.703075,99.9932,0.0030,0.0038,1.73e-08
119,6,10,1323.4681,1342.2662,-1.853724,1.800109,1.704820,99.9928,0.0033,0.0040,1.49e-08
120,6,10,1325.7154,1342.2662,-1.909019,1.801256,1.710640,99.9926,0.0031,0.0043,1.51e-08
121,6,10,1328.9922,1342.2662,-2.004838,1.799486,1.720646,99.9922,0.0035,0.0043,1.44e-08
122,6,10,1339.5522,1342.2662,-2.694234,1.802335,1.708104,99.9928,0.0041,0.0031,1.41e-08
123,6,10,1343.1329,1342.2662,-3.189982,1.801421,1.709128,99.9927,0.0040,0.0033,1.19e-08
124,4,11,1347.9024,1352.1358,-2.504332,1.801286,1.719677,99.9923,0.0033,0.0045,1.36e-08
125,4,11,1358.5429,1352.1358,-2.324357,1.801149,1.704914,99.9928,0.0041,0.0031,1.38e-08
126,4,11,1362.3619,1352.1358,-2.121311,1.801067,1.707258,99.9927,0.0033,0.0040,1.39e-08
127,4,11,1368.7305,1352.1358,-1.911051,1.801091,1.716424,99.9924,0.0032,0.0044,1.34e-08
128,4,11,1380.3198,1352.1358,-1.681017,1.801884,1.700424,99.9930,0.0037,0.0034,1.45e-08
129,4,11,1381.9931,1352.1358,-1.655970,1.801550,1.686613,99.9934,0.0030,0.0036,1.42e-08
130,4,11,1384.5291,1352.1358,-1.620565,1.802164,1.711953,99.9926,0.0036,0.0038,1.44e-08
131,1,12,1393.4415,1431.0926,-1.579890,1.801425,1.699222,99.9926,0.0036,0.0039,1.43e-08
132,1,12,1402.9492,1431.0926,-1.706290,1.800998,1.716463,99.9919,0.0041,0.0040,1.23e-08
133,1,12,1412.0163,1431.0926,-1.875172,1.801559,1.718276,99.9919,0.0041,0.0040,1.29e-08
134,1,12,1420.6958,1431.0926,-2.138765,1.801681,1.697529,99.9926,0.0042,0.0032,1.48e-08
135,1,12,1424.7992,1431.0926,-2.356779,1.801603,1.710376,99.9922,0.0038,0.0040,1.27e-08
136,1,12,1427.2332,1431.0926,-2.569144,1.801382,1.699043,99.9926,0.0038,0.0037,1.31e-08
137,5,11,1440.0314,1440.9622,-3.189789,1.800474,1.697505,99.9925,0.0040,0.0034,1.14e-08
138,5,11,1445.1271,1440.9622,-2.539057,1.801068,1.690669,99.9928,0.0040,0.0032,1.33e-08
139,5,11,1448.8139,1440.9622,-2.263692,1.799889,1.703961,99.9923,0.0040,0.0038,1.07e-08
140,2,12,1459.0903,1460.7015,-2.957434,1.801587,1.717939,99.9917,0.0044,0.0039,1.14e-08
141,7,10,1472.6021,1470.5711,-2.859777,1.800245,1.702069,99.9922,0.0037,0.0041,1.06e-08
142,7,10,1474.6789,1470.5711,-2.553875,1.800065,1.713312,99.9918,0.0042,0.0041,1.15e-08
143,7,10,1476.6018,1470.5711,-2.387116,1.802228,1.718878,99.9917,0.0043,0.0040,1.29e-08
144,7,10,1480.2724,1470.5711,-2.180654,1.800930,1.715437,99.9917,0.0043,0.0040,1.25e-08
145,7,10,1488.4931,1470.5711,-1.914099,1.800976,1.699062,99.9923,0.0040,0.0036,1.16e-08
146,3,12,1493.9508,1510.0495,-1.972202,1.800182,1.715808,99.9914,0.0037,0.0049,1.05e-08
147,3,12,1499.0845,1510.0495,-2.138983,1.800892,1.708912,99.9918,0.0040,0.0042,1.09e-08
148,3,12,1506.0664,1510.0495,-2.578774,1.800029,1.713581,99.9915,0.0050,0.0035,1.21e-08
149,3,12,1517.4658,1510.0495,-2.308803,1.801356,1.702057,99.9920,0.0043,0.0036,1.26e-08
150,3,12,1523.4732,1510.0495,-2.051119,1.801402,1.697471,99.9922,0.0039,0.0039,1.20e-08
151,3,12,1528.2648,1510.0495,-1.918555,1.801567,1.711684,99.9917,0.0047,0.0037,1.07e-08
152,6,11,1540.9702,1549.5279,-2.257842,1.801615,1.704099,99.9918,0.0042,0.0040,1.25e-08
153,6,11,1543.2690,1549.5279,-2.393700,1.800514,1.715306,99.9913,0.0043,0.0044,9.04e-09
154,6,11,1553.7143,1549.5279,-2.568362,1.800878,1.718630,99.9912,0.0049,0.0039,9.96e-09
155,6,11,1557.7393,1549.5279,-2.275780,1.799740,1.714044,99.9913,0.0040,0.0048,9.61e-09
156,4,12,1572.2914,1579.1367,-2.363027,1.799679,1.728890,99.9905,0.0045,0.0050,1.05e-08
157,4,12,1575.0145,1579.1367,-2.583291,1.800945,1.719813,99.9909,0.0044,0.0046,1.14e-08
158,4,12,1582.6827,1579.1367,-2.648677,1.801837,1.707707,99.9915,0.0045,0.0040,1.03e-08
159,4,12,1587.1391,1579.1367,-2.295200,1.801335,1.723300,99.9908,0.0050,0.0042,9.90e-09
160,9,9,1593.7092,1598.8759,-2.490604,1.801483,1.721328,99.9908,0.0043,0.0049,1.01e-08
161,9,9,1595.1168,1598.8759,-2.628734,1.800896,1.715201,99.9910,0.0046,0.0043,9.59e-09
162,9,9,1602.7115,1598.8759,-2.619985,1.800393,1.708130,99.9913,0.0048,0.0039,1.11e-08
163,8,10,1614.8747,1618.6151,-2.636224,1.801114,1.711496,99.9911,0.0043,0.0047,1.10e-08
164,8,10,1616.8216,1618.6151,-2.955441,1.802329,1.726876,99.9905,0.0055,0.0040,9.25e-09
165,8,10,1619.1210,1618.6151,-3.505086,1.801280,1.720883,99.9907,0.0041,0.0052,1.05e-08
166,8,10,1630.9017,1618.6151,-2.119713,1.801404,1.722412,99.9906,0.0052,0.0042,1.03e-08
167,8,10,1634.4828,1618.6151,-2.008629,1.801548,1.721238,99.9907,0.0046,0.0047,8.63e-09
168,8,10,1642.2325,1618.6151,-1.835911,1.801861,1.726989,99.9905,0.0045,0.0051,1.08e-08
169,5,12,1654.9342,1667.9631,-2.107278,1.802233,1.723633,99.9903,0.0055,0.0041,9.78e-09
170,5,12,1658.2647,1667.9631,-2.235483,1.801527,1.726654,99.9901,0.0051,0.0047,7.63e-09
171,5,12,1664.4622,1667.9631,-2.678000,1.802026,1.715941,99.9907,0.0044,0.0050,1.02e-08
172,5,12,1670.0522,1667.9631,-2.902227,1.801188,1.718430,99.9905,0.0053,0.0042,9.16e-09
173,1,13,1676.2205,1677.8327,-3.017321,1.801377,1.703093,99.9911,0.0047,0.0042,9.85e-09
174,1,13,1685.5697,1677.8327,-2.336176,1.801668,1.705925,99.9910,0.0042,0.0048,8.57e-09
175,2,13,1693.2686,1707.4416,-2.080884,1.801516,1.709628,99.9907,0.0046,0.0047,8.70e-09
176,2,13,1701.1395,1707.4416,-2.432862,1.801943,1.715529,99.9905,0.0050,0.0046,1.00e-08
177,2,13,1705.6803,1707.4416,-2.986511,1.800921,1.713942,99.9905,0.0054,0.0041,9.33e-09
178,2,13,1711.9619,1707.4416,-2.577176,1.800591,1.714808,99.9904,0.0047,0.0049,9.01e-09
179,2,13,1720.9710,1707.4416,-2.101067,1.801049,1.726731,99.9899,0.0060,0.0041,9.15e-09
180,2,13,1723.9303,1707.4416,-2.015159,1.800856,1.725347,99.9899,0.0047,0.0054,8.96e-09
181,3,13,1732.5931,1756.7896,-1.860967,1.800148,1.717260,99.9900,0.0049,0.0051,9.33e-09
182,3,13,1737.0736,1756.7896,-1.949900,1.801189,1.719583,99.9900,0.0055,0.0046,8.80e-09
183,3,13,1737.9820,1756.7896,-1.970386,1.802019,1.712985,99.9903,0.0053,0.0044,7.62e-09
184,3,13,1746.0111,1756.7896,-2.212161,1.801604,1.720395,99.9899,0.0048,0.0053,8.78e-09
185,3,13,1755.0452,1756.7896,-3.003089,1.800579,1.726310,99.9896,0.0043,0.0061,8.68e-09
186,3,13,1763.6347,1756.7896,-2.409341,1.801985,1.715650,99.9902,0.0048,0.0050,8.09e-09
187,6,12,1775.5839,1776.5288,-3.274195,1.801378,1.711016,99.9902,0.0043,0.0055,8.31e-09
188,6,12,1778.0949,1776.5288,-3.054752,1.800417,1.709810,99.9902,0.0050,0.0048,7.95e-09
189,9,10,1784.9634,1786.3984,-3.095132,1.800512,1.721193,99.9897,0.0050,0.0054,8.78e-09
190,9,10,1795.5529,1786.3984,-2.290342,1.800602,1.714974,99.9900,0.0050,0.0050,8.57e-09
191,9,10,1800.7281,1786.3984,-2.095741,1.800817,1.735151,99.9890,0.0063,0.0047,7.47e-09
192,9,10,1805.2122,1786.3984,-1.977501,1.801185,1.723407,99.9896,0.0052,0.0052,9.81e-09
193,4,13,1812.6823,1825.8768,-2.141079,1.799661,1.710470,99.9899,0.0047,0.0054,9.27e-09
194,4,13,1820.4976,1825.8768,-2.530750,1.800389,1.712098,99.9898,0.0051,0.0050,6.81e-09
195,4,13,1828.5024,1825.8768,-2.842247,1.800566,1.725496,99.9892,0.0062,0.0046,8.59e-09
196,4,13,1830.9347,1825.8768,-2.557505,1.800674,1.725971,99.9892,0.0047,0.0061,8.26e-09
197,4,13,1838.9987,1825.8768,-2.143476,1.800807,1.709764,99.9900,0.0048,0.0052,8.65e-09
198,4,13,1843.5009,1825.8768,-2.015365,1.801509,1.725763,99.9893,0.0063,0.0044,8.88e-09
199,4,13,1853.8954,1825.8768,-1.814025,1.800602,1.733557,99.9888,0.0046,0.0066,7.36e-09
200,4,13,1854.8981,1825.8768,-1.798755,1.800103,1.729919,99.9890,0.0058,0.0052,7.78e-09
201,4,13,1857.3992,1825.8768,-1.762853,1.801131,1.719447,99.9895,0.0051,0.0054,7.81e-09
202,7,12,1866.2520,1904.8336,-1.693476,1.802639,1.727612,99.9888,0.0045,0.0068,7.84e-09
203,7,12,1871.2894,1904.8336,-1.754239,1.800910,1.716673,99.9892,0.0054,0.0054,7.95e-09
204,7,12,1875.8474,1904.8336,-1.817664,1.801768,1.716525,99.9893,0.0056,0.0051,7.37e-09
205,7,12,1881.5874,1904.8336,-1.913504,1.801764,1.704188,99.9899,0.0049,0.0052,7.94e-09
206,7,12,1893.0186,1904.8336,-2.207423,1.800624,1.712125,99.9894,0.0053,0.0053,6.54e-09
207,7,12,1897.2941,1904.8336,-2.402510,1.800188,1.728813,99.9885,0.0058,0.0056,7.58e-09
208,7,12,1908.2551,1904.8336,-2.745647,1.801170,1.711790,99.9895,0.0048,0.0057,7.71e-09
209,5,13,1917.1145,1914.7033,-2.899854,1.800831,1.711524,99.9894,0.0043,0.0063,8.27e-09
210,5,13,1923.6336,1914.7033,-2.331232,1.801291,1.715226,99.9892,0.0058,0.0050,6.99e-09
211,1,14,1932.4172,1944.3121,-2.213407,1.800575,1.714087,99.9891,0.0059,0.0050,8.92e-09
212,1,14,1940.6551,1944.3121,-2.725650,1.800154,1.720931,99.9888,0.0056,0.0056,7.05e-09
213,1,14,1942.0805,1944.3121,-2.940165,1.800934,1.715197,99.9891,0.0049,0.0060,7.46e-09
214,1,14,1949.6843,1944.3121,-2.558611,1.802269,1.734917,99.9882,0.0056,0.0063,6.95e-09
215,1,14,1957.9302,1944.3121,-2.154648,1.801235,1.724157,99.9887,0.0052,0.0061,7.29e-09
216,2,14,1965.8066,1973.9209,-2.386080,1.800447,1.701503,99.9896,0.0051,0.0053,8.03e-09
217,2,14,1971.3787,1973.9209,-2.890128,1.801320,1.715587,99.9889,0.0052,0.0058,6.50e-09
218,2,14,1983.5887,1973.9209,-2.309999,1.800483,1.708213,99.9892,0.0048,0.0060,7.41e-09
219,9,11,1991.0102,1993.6601,-2.876427,1.801112,1.720351,99.9885,0.0064,0.0051,7.20e-09
220,9,11,1995.3515,1993.6601,-3.071409,1.800811,1.712797,99.9889,0.0053,0.0058,7.28e-09
221,9,11,1999.6313,1993.6601,-2.523588,1.801106,1.708933,99.9891,0.0051,0.0058,7.23e-09
222,3,14,2009.4582,2023.2689,-2.165839,1.801587,1.720698,99.9884,0.0057,0.0059,6.92e-09
223,3,14,2011.7776,2023.2689,-2.245683,1.801436,1.707241,99.9891,0.0052,0.0058,7.32e-09
224,3,14,2017.6546,2023.2689,-2.556754,1.802047,1.733969,99.9877,0.0065,0.0058,6.28e-09
225,3,14,2022.8322,2023.2689,-3.665857,1.801750,1.720641,99.9884,0.0047,0.0069,7.26e-09
226,3,14,2028.3051,2023.2689,-2.603951,1.801585,1.722220,99.9883,0.0052,0.0065,7.41e-09
227,3,14,2034.1076,2023.2689,-2.271077,1.801575,1.716345,99.9886,0.0055,0.0059,7.11e-09
228,8,12,2042.7205,2052.8777,-2.305588,1.800761,1.738016,99.9872,0.0067,0.0061,6.30e-09
229,8,12,2052.8717,2052.8777,-5.531176,1.801176,1.734082,99.9874,0.0056,0.0069,6.15e-09
230,8,12,2059.3717,2052.8777,-2.499851,1.800634,1.733274,99.9874,0.0063,0.0062,6.19e-09
231,8,12,2064.6040,2052.8777,-2.243202,1.800430,1.719875,99.9882,0.0058,0.0060,6.67e-09
232,8,12,2069.8577,2052.8777,-2.082426,1.801137,1.726766,99.9878,0.0062,0.0060,6.29e-09
233,4,14,2077.2310,2092.3561,-2.140938,1.800261,1.719997,99.9879,0.0054,0.0067,6.96e-09
234,4,14,2089.4980,2092.3561,-2.864551,1.801265,1.716099,99.9882,0.0056,0.0062,6.45e-09
235,4,14,2095.6190,2092.3561,-2.807035,1.802182,1.728580,99.9876,0.0060,0.0064,6.54e-09
236,4,14,2106.8421,2092.3561,-2.159687,1.801672,1.715988,99.9882,0.0059,0.0059,6.81e-09
237,4,14,2108.6716,2092.3561,-2.108035,1.800910,1.735641,99.9871,0.0058,0.0071,6.83e-09
238,4,14,2112.3894,2092.3561,-2.018884,1.800934,1.729631,99.9874,0.0068,0.0058,5.50e-09
239,4,14,2117.3839,2092.3561,-1.922214,1.801240,1.731144,99.9873,0.0063,0.0064,7.30e-09
240,7,13,2127.3048,2151.5738,-1.947705,1.802126,1.732400,99.9870,0.0066,0.0064,6.57e-09
241,7,13,2133.7666,2151.5738,-2.082162,1.801967,1.732708,99.9870,0.0068,0.0062,5.70e-09
242,7,13,2141.2903,2151.5738,-2.320617,1.800526,1.714995,99.9879,0.0054,0.0067,6.23e-09
243,7,13,2146.8152,2151.5738,-2.655283,1.801151,1.728511,99.9872,0.0065,0.0063,6.70e-09
244,7,13,2151.2068,2151.5738,-3.768111,1.801335,1.729882,99.9871,0.0056,0.0073,5.42e-09
245,7,13,2160.0072,2151.5738,-2.406749,1.800355,1.729200,99.9871,0.0062,0.0067,6.39e-09
246,7,13,2163.0878,2151.5738,-2.271528,1.800985,1.734069,99.9868,0.0068,0.0063,6.22e-09
247,5,14,2167.7186,2181.1826,-2.209519,1.800695,1.718186,99.9876,0.0059,0.0065,6.29e-09
248,5,14,2179.1649,2181.1826,-3.033852,1.801193,1.729436,99.9870,0.0067,0.0064,6.25e-09
249,5,14,2179.6418,2181.1826,-3.150955,1.801348,1.732357,99.9868,0.0066,0.0066,6.32e-09
250,5,14,2183.2814,2181.1826,-3.016715,1.801287,1.733698,99.9867,0.0062,0.0071,6.07e-09
251,5,14,2194.7898,2181.1826,-2.204923,1.800618,1.717080,99.9876,0.0059,0.0065,6.64e-09
252,9,12,2201.3042,2220.6610,-2.059649,1.801669,1.731448,99.9866,0.0075,0.0059,5.63e-09
253,9,12,2203.6696,2220.6610,-2.116255,1.800787,1.736811,99.9862,0.0070,0.0068,5.50e-09
254,9,12,2206.7503,2220.6610,-2.203133,1.801889,1.725800,99.9870,0.0059,0.0071,5.28e-09
255,9,12,2214.5897,2220.6610,-2.563201,1.801912,1.729740,99.9867,0.0073,0.0060,5.93e-09
256,9,12,2217.6313,2220.6610,-2.865078,1.800036,1.722342,99.9870,0.0070,0.0060,6.46e-09
257,1,15,2230.7746,2230.5306,-3.960972,1.800895,1.731113,99.9865,0.0063,0.0073,4.59e-09
258,1,15,2239.4418,2230.5306,-2.398473,1.802269,1.731566,99.9865,0.0070,0.0064,5.94e-09
259,1,15,2244.9347,2230.5306,-2.189923,1.801750,1.732484,99.9864,0.0083,0.0053,5.50e-09
260,2,15,2248.9356,2260.1394,-2.304768,1.800237,1.733938,99.9861,0.0068,0.0072,5.65e-09
261,2,15,2253.3400,2260.1394,-2.521662,1.802648,1.729197,99.9865,0.0061,0.0074,6.05e-09
262,2,15,2260.5218,2260.1394,-3.771612,1.801308,1.732553,99.9862,0.0067,0.0071,5.56e-09
263,2,15,2265.3878,2260.1394,-2.634113,1.802277,1.723713,99.9869,0.0064,0.0067,5.06e-09
264,6,14,2276.8651,2289.7482,-2.249767,1.801001,1.730911,99.9862,0.0064,0.0074,5.84e-09
265,6,14,2281.2101,2289.7482,-2.428424,1.800881,1.734990,99.9859,0.0071,0.0070,5.81e-09
266,6,14,2291.6984,2289.7482,-3.069704,1.802350,1.731963,99.9862,0.0060,0.0077,6.43e-09
267,8,13,2300.3397,2299.6178,-3.503176,1.801094,1.732255,99.9860,0.0068,0.0072,5.14e-09
268,8,13,2303.4334,2299.6178,-2.780099,1.802076,1.734696,99.9859,0.0068,0.0073,5.59e-09
269,3,15,2309.4930,2309.4874,-5.614539,1.802036,1.732004,99.9860,0.0075,0.0065,5.00e-09
270,3,15,2312.9204,2309.4874,-2.827844,1.800396,1.730552,99.9860,0.0060,0.0080,6.05e-09
271,3,15,2326.5906,2309.4874,-2.130439,1.800793,1.738505,99.9855,0.0070,0.0075,5.99e-09
272,3,15,2334.2369,2309.4874,-1.969949,1.801693,1.733639,99.9859,0.0074,0.0067,5.10e-09
273,4,15,2346.0022,2378.5747,-1.863466,1.800710,1.726270,99.9859,0.0070,0.0071,5.98e-09
274,4,15,2350.5686,2378.5747,-1.929065,1.801243,1.735098,99.9853,0.0069,0.0078,4.81e-09
275,4,15,2357.9710,2378.5747,-2.062373,1.801416,1.731624,99.9856,0.0072,0.0072,5.57e-09
276,4,15,2360.1372,2378.5747,-2.110616,1.801190,1.731905,99.9855,0.0066,0.0079,5.72e-09
277,4,15,2372.3456,2378.5747,-2.581894,1.800562,1.727126,99.9858,0.0077,0.0065,4.81e-09
278,4,15,2379.2155,2378.5747,-3.569539,1.800779,1.734141,99.9853,0.0073,0.0074,4.92e-09
279,11,11,2396.7711,2388.4443,-2.457633,1.800224,1.741496,99.9848,0.0075,0.0076,4.18e-09
280,10,12,2398.4279,2408.1835,-2.392436,1.802214,1.737556,99.9851,0.0073,0.0076,5.63e-09
281,10,12,2405.2835,2408.1835,-2.919303,1.801392,1.739618,99.9849,0.0077,0.0075,5.00e-09
282,7,14,2413.5528,2418.0531,-2.730223,1.800725,1.735999,99.9851,0.0074,0.0075,5.31e-09
283,7,14,2421.0211,2418.0531,-2.911003,1.800772,1.731444,99.9854,0.0073,0.0073,5.25e-09
284,7,14,2424.6297,2418.0531,-2.565462,1.800432,1.737164,99.9849,0.0075,0.0076,5.49e-09
285,7,14,2427.1716,2418.0531,-2.423543,1.801897,1.734852,99.9852,0.0076,0.0072,4.74e-09
286,7,14,2433.1348,2418.0531,-2.205015,1.801268,1.740994,99.9848,0.0067,0.0086,5.07e-09
287,7,14,2436.3643,2418.0531,-2.120749,1.800583,1.738620,99.9849,0.0079,0.0073,5.63e-09
288,7,14,2441.0935,2418.0531,-2.020975,1.801893,1.730179,99.9855,0.0069,0.0075,4.62e-09
289,5,15,2450.0718,2467.4011,-2.153458,1.801093,1.723244,99.9855,0.0066,0.0078,5.61e-09
290,5,15,2454.2714,2467.4011,-2.273983,1.801254,1.733327,99.9849,0.0074,0.0077,4.96e-09
291,5,15,2461.8728,2467.4011,-2.649650,1.801445,1.728179,99.9852,0.0070,0.0077,4.13e-09
292,5,15,2465.2235,2467.4011,-3.054254,1.802307,1.744066,99.9842,0.0086,0.0072,5.21e-09
293,5,15,2472.9652,2467.4011,-2.646842,1.802216,1.739422,99.9845,0.0075,0.0080,4.63e-09
294,5,15,2484.2179,2467.4011,-2.166496,1.800640,1.730853,99.9850,0.0068,0.0083,5.03e-09
295,5,15,2486.8547,2467.4011,-2.103240,1.802066,1.734158,99.9849,0.0068,0.0083,5.14e-09
296,5,15,2500.1494,2467.4011,-1.877051,1.803037,1.747588,99.9840,0.0072,0.0088,4.10e-09
297,5,15,2504.3738,2467.4011,-1.824359,1.801352,1.741289,99.9843,0.0078,0.0079,4.73e-09
298,5,15,2511.5005,2467.4011,-1.747807,1.801670,1.741706,99.9843,0.0076,0.0081,4.74e-09
299,8,14,2518.6249,2566.0971,-1.732833,1.800758,1.727882,99.9848,0.0079,0.0073,4.86e-09
300,8,14,2521.5437,2566.0971,-1.760392,1.800382,1.734534,99.9843,0.0075,0.0082,5.43e-09
301,8,14,2525.9835,2566.0971,-1.805981,1.800649,1.737040,99.9841,0.0066,0.0093,4.24e-09
302,8,14,2530.3709,2566.0971,-1.856286,1.799930,1.733475,99.9843,0.0062,0.0095,4.76e-09
303,8,14,2539.8426,2566.0971,-1.990069,1.801361,1.732469,99.9845,0.0081,0.0074,4.74e-09
304,8,14,2544.1003,2566.0971,-2.066912,1.800472,1.734522,99.9843,0.0067,0.0090,4.84e-09
305,8,14,2550.6044,2566.0971,-2.219145,1.801335,1.735435,99.9843,0.0075,0.0082,4.40e-09
306,8,14,2559.1191,2566.0971,-2.565537,1.800180,1.745517,99.9834,0.0074,0.0091,4.86e-09
307,8,14,2565.4277,2566.0971,-3.583550,1.801715,1.748042,99.9834,0.0077,0.0089,4.41e-09
308,6,15,2574.3969,2575.9667,-3.215093,1.802514,1.737884,99.9840,0.0077,0.0083,4.82e-09
309,6,15,2583.3261,2575.9667,-2.544099,1.800304,1.738223,99.9838,0.0077,0.0085,4.60e-09
310,6,15,2591.4711,2575.9667,-2.220487,1.800875,1.738532,99.9838,0.0080,0.0082,4.06e-09
311,11,12,2598.5841,2615.4452,-2.190660,1.801930,1.737281,99.9839,0.0082,0.0080,4.80e-09
312,11,12,2599.8375,2615.4452,-2.224209,1.801638,1.738144,99.9838,0.0088,0.0075,4.69e-09
313,11,12,2608.0172,2615.4452,-2.546673,1.799828,1.733737,99.9839,0.0083,0.0077,4.56e-09
314,11,12,2612.8245,2615.4452,-2.999133,1.801128,1.740677,99.9835,0.0084,0.0081,4.18e-09
315,11,12,2621.9783,2615.4452,-2.602426,1.799852,1.734737,99.9839,0.0077,0.0084,4.91e-09
316,11,12,2627.5447,2615.4452,-2.334778,1.801624,1.742538,99.9834,0.0091,0.0075,3.90e-09
317,11,12,2631.4300,2615.4452,-2.213838,1.801917,1.748011,99.9830,0.0084,0.0085,4.21e-09
318,10,13,2645.4356,2654.9236,-2.446880,1.800695,1.735040,99.9837,0.0080,0.0083,4.55e-09
319,10,13,2652.7091,2654.9236,-3.078772,1.800776,1.741544,99.9832,0.0088,0.0080,3.88e-09
320,10,13,2653.8270,2654.9236,-3.384016,1.800616,1.730950,99.9840,0.0080,0.0081,5.04e-09
321,10,13,2655.4723,2654.9236,-3.684706,1.800847,1.741655,99.9832,0.0084,0.0084,4.12e-09
322,10,13,2666.1708,2654.9236,-2.373005,1.800791,1.732672,99.9838,0.0079,0.0083,4.68e-09
323,10,13,2674.6563,2654.9236,-2.128866,1.801537,1.747677,99.9828,0.0089,0.0084,4.83e-09
324,10,13,2678.5756,2654.9236,-2.050184,1.800760,1.736064,99.9836,0.0077,0.0087,3.91e-09
325,7,15,2681.9796,2704.2716,-2.083901,1.801772,1.737351,99.9832,0.0094,0.0074,4.52e-09
326,7,15,2701.9867,2704.2716,-3.073185,1.802495,1.734134,99.9835,0.0085,0.0081,4.54e-09
327,7,15,2706.6955,2704.2716,-3.047538,1.802262,1.734322,99.9834,0.0084,0.0082,4.57e-09
328,7,15,2711.0996,2704.2716,-2.597759,1.801605,1.736766,99.9832,0.0084,0.0084,4.34e-09
329,9,14,2720.1749,2733.8804,-2.299883,1.800412,1.735939,99.9831,0.0094,0.0075,4.40e-09
330,9,14,2721.6376,2733.8804,-2.348898,1.800599,1.735969,99.9831,0.0087,0.0082,4.33e-09
331,9,14,2726.5403,2733.8804,-2.571076,1.799879,1.734633,99.9832,0.0083,0.0085,3.57e-09
332,9,14,2735.6544,2733.8804,-3.187829,1.800440,1.740883,99.9827,0.0085,0.0088,4.67e-09
333,9,14,2738.7124,2733.8804,-2.752654,1.800675,1.737130,99.9830,0.0095,0.0075,4.53e-09
334,9,14,2742.4892,2733.8804,-2.501840,1.801478,1.742411,99.9827,0.0085,0.0089,4.17e-09
335,9,14,2745.3021,2733.8804,-2.379048,1.800454,1.739381,99.9828,0.0083,0.0089,4.05e-09
336,9,14,2753.5790,2733.8804,-2.142346,1.802012,1.745450,99.9825,0.0080,0.0095,3.91e-09
337,9,14,2757.9602,2733.8804,-2.055128,1.800723,1.743866,99.9825,0.0093,0.0082,4.43e-09
338,9,14,2762.4298,2733.8804,-1.981182,1.801362,1.734366,99.9833,0.0090,0.0077,3.84e-09
339,9,14,2776.9498,2733.8804,-1.802610,1.800455,1.750420,99.9819,0.0083,0.0098,3.89e-09
340,9,14,2781.3336,2733.8804,-1.760515,1.801161,1.746689,99.9823,0.0092,0.0085,4.53e-09
341,9,14,2782.3780,2733.8804,-1.751060,1.801893,1.747742,99.9823,0.0085,0.0092,4.34e-09
342,12,12,2794.8409,2842.4461,-1.776038,1.801326,1.734780,99.9825,0.0094,0.0081,3.87e-09
343,12,12,2802.8806,2842.4461,-1.856376,1.801675,1.733091,99.9827,0.0084,0.0089,4.57e-09
344,12,12,2814.3897,2842.4461,-2.005660,1.801621,1.735932,99.9825,0.0094,0.0082,3.12e-09
345,12,12,2820.3543,2842.4461,-2.109462,1.801210,1.734387,99.9826,0.0107,0.0068,3.96e-09
346,12,12,2830.1087,2842.4461,-2.362471,1.800902,1.746097,99.9815,0.0104,0.0080,4.03e-09
347,12,12,2836.4562,2842.4461,-2.676274,1.800909,1.740574,99.9820,0.0093,0.0087,3.29e-09
348,12,12,2842.4487,2842.4461,-6.035018,1.801297,1.741686,99.9819,0.0094,0.0087,4.04e-09
349,8,15,2849.0965,2852.3157,-2.947458,1.802053,1.742152,99.9819,0.0083,0.0098,4.70e-09
350,8,15,2852.4979,2852.3157,-4.194497,1.800657,1.737865,99.9821,0.0093,0.0085,3.82e-09
351,11,13,2861.4476,2862.1853,-3.588852,1.800018,1.734808,99.9824,0.0084,0.0092,4.20e-09
352,11,13,2868.3841,2862.1853,-2.664390,1.800974,1.740434,99.9820,0.0083,0.0097,3.55e-09
353,11,13,2872.5337,2862.1853,-2.441822,1.801581,1.744511,99.9817,0.0089,0.0094,4.25e-09
354,11,13,2884.2071,2862.1853,-2.113844,1.800871,1.741354,99.9819,0.0100,0.0081,3.79e-09
355,11,13,2888.1285,2862.1853,-2.042675,1.801155,1.744882,99.9817,0.0091,0.0093,3.85e-09
356,10,14,2897.6727,2921.4029,-2.090290,1.800789,1.740300,99.9815,0.0089,0.0096,3.29e-09
357,10,14,2912.2763,2921.4029,-2.505281,1.800785,1.745758,99.9811,0.0101,0.0088,3.17e-09
358,10,14,2916.2282,2921.4029,-2.751704,1.801645,1.740975,99.9815,0.0084,0.0101,4.04e-09
359,10,14,2919.5745,2921.4029,-3.203523,1.801463,1.748531,99.9809,0.0103,0.0088,4.04e-09
360,10,14,2925.3256,2921.4029,-2.872003,1.801499,1.745259,99.9812,0.0102,0.0086,4.04e-09
361,10,14,2931.4617,2921.4029,-2.463045,1.801167,1.750481,99.9807,0.0090,0.0103,3.64e-09
362,10,14,2939.4229,2921.4029,-2.209837,1.801567,1.743190,99.9813,0.0096,0.0091,3.29e-09
363,10,14,2944.9167,2921.4029,-2.094269,1.801137,1.746662,99.9810,0.0089,0.0101,3.96e-09
364,10,14,2955.4757,2921.4029,-1.933183,1.800808,1.744233,99.9812,0.0099,0.0090,4.02e-09
365,10,14,2958.1782,2921.4029,-1.900035,1.801632,1.754781,99.9803,0.0102,0.0094,3.04e-09
366,10,14,2964.1935,2921.4029,-1.834243,1.801349,1.745486,99.9811,0.0103,0.0086,3.89e-09
367,9,15,2972.6689,3020.0989,-1.803968,1.801847,1.746862,99.9804,0.0098,0.0098,3.22e-09
368,9,15,2981.4994,3020.0989,-1.893439,1.801274,1.735849,99.9813,0.0090,0.0097,3.50e-09
369,9,15,2992.4746,3020.0989,-2.038729,1.801638,1.737763,99.9812,0.0098,0.0090,3.79e-09
370,9,15,3001.7610,3020.0989,-2.216669,1.801755,1.741630,99.9809,0.0096,0.0095,3.94e-09
371,9,15,3002.6917,3020.0989,-2.239292,1.801155,1.741399,99.9808,0.0097,0.0094,4.01e-09
372,9,15,3011.5769,3020.0989,-2.549476,1.801719,1.745488,99.9805,0.0087,0.0107,3.77e-09
373,9,15,3020.5204,3020.0989,-3.855291,1.801638,1.746809,99.9804,0.0087,0.0109,3.83e-09
374,9,15,3023.2602,3020.0989,-2.980156,1.801966,1.747426,99.9804,0.0095,0.0102,3.54e-09
375,9,15,3027.2371,3020.0989,-2.626433,1.800986,1.750202,99.9800,0.0101,0.0099,2.88e-09
376,9,15,3035.1738,3020.0989,-2.301767,1.801011,1.742373,99.9807,0.0090,0.0103,3.69e-09
377,9,15,3041.2597,3020.0989,-2.154489,1.801853,1.754230,99.9797,0.0103,0.0100,3.16e-09
378,9,15,3052.7288,3020.0989,-1.966406,1.800865,1.750436,99.9800,0.0096,0.0105,3.55e-09
379,12,13,3055.3980,3089.1862,-1.961080,1.800732,1.746698,99.9799,0.0098,0.0104,3.45e-09
380,12,13,3062.1171,3089.1862,-2.057371,1.801321,1.747420,99.9799,0.0111,0.0090,3.86e-09
381,12,13,3067.3469,3089.1862,-2.150605,1.801057,1.742180,99.9803,0.0111,0.0086,3.77e-09
382,12,13,3068.4814,3089.1862,-2.173774,1.801161,1.747075,99.9799,0.0091,0.0110,3.66e-09
383,12,13,3077.4337,3089.1862,-2.419716,1.801999,1.748741,99.9798,0.0103,0.0099,3.56e-09
384,12,13,3085.6088,3089.1862,-2.936278,1.801476,1.749167,99.9797,0.0097,0.0106,3.30e-09
385,12,13,3088.2381,3089.1862,-3.513023,1.801561,1.748316,99.9798,0.0088,0.0114,3.35e-09
386,12,13,3093.3042,3089.1862,-2.875150,1.801164,1.751546,99.9795,0.0108,0.0097,3.61e-09
387,12,13,3105.0273,3089.1862,-2.290057,1.801541,1.749955,99.9796,0.0094,0.0110,3.56e-09
388,12,13,3107.9033,3089.1862,-2.217606,1.801441,1.755836,99.9791,0.0109,0.0100,3.70e-09
389,11,14,3112.6277,3128.6646,-2.290240,1.801027,1.745857,99.9798,0.0102,0.0100,3.84e-09
390,11,14,3122.3173,3128.6646,-2.692773,1.800923,1.745476,99.9798,0.0091,0.0111,3.26e-09
391,11,14,3131.1027,3128.6646,-3.108309,1.801324,1.750215,99.9794,0.0089,0.0117,3.60e-09
392,11,14,3136.5125,3128.6646,-2.600606,1.801313,1.747963,99.9796,0.0086,0.0117,2.70e-09
393,11,14,3142.6017,3128.6646,-2.351187,1.800717,1.749258,99.9794,0.0117,0.0088,3.37e-09
394,11,14,3154.7876,3128.6646,-2.078336,1.800898,1.743713,99.9800,0.0085,0.0115,3.92e-09
395,11,14,3158.9297,3128.6646,-2.014417,1.801034,1.751344,99.9793,0.0102,0.0105,3.58e-09
396,11,14,3162.0119,3128.6646,-1.972298,1.800573,1.749379,99.9794,0.0104,0.0102,3.44e-09
397,10,15,3177.3415,3207.6214,-2.025028,1.801867,1.743034,99.9796,0.0099,0.0104,2.81e-09
398,10,15,3185.3630,3207.6214,-2.158688,1.800903,1.747093,99.9791,0.0099,0.0110,3.63e-09
399,10,15,3193.7255,3207.6214,-2.363295,1.801300,1.744852,99.9794,0.0113,0.0093,3.36e-09
400,10,15,3201.5071,3207.6214,-2.719837,1.801249,1.750252,99.9789,0.0104,0.0107,3.31e-09
401,10,15,3205.3793,3207.6214,-3.155518,1.801036,1.753555,99.9785,0.0103,0.0112,3.59e-09
402,10,15,3217.9110,3207.6214,-2.493787,1.801162,1.747053,99.9792,0.0100,0.0108,3.26e-09
403,10,15,3223.4126,3207.6214,-2.307769,1.801041,1.743374,99.9795,0.0100,0.0105,3.48e-09
404,10,15,3226.9933,3207.6214,-2.219011,1.800928,1.750209,99.9788,0.0112,0.0099,3.10e-09
405,10,15,3237.2085,3207.6214,-2.035081,1.800525,1.745077,99.9793,0.0107,0.0100,3.33e-09
406,10,15,3245.5244,3207.6214,-1.927510,1.800871,1.754398,99.9784,0.0115,0.0101,2.47e-09
407,10,15,3250.2892,3207.6214,-1.876084,1.800902,1.751704,99.9787,0.0123,0.0090,3.47e-09
408,10,15,3260.3035,3207.6214,-1.784521,1.800901,1.750881,99.9788,0.0118,0.0094,3.68e-09
409,10,15,3268.1628,3207.6214,-1.724131,1.801445,1.754717,99.9785,0.0109,0.0106,3.35e-09
410,10,15,3268.6918,3207.6214,-1.720352,1.801152,1.754053,99.9785,0.0102,0.0113,3.50e-09
411,10,15,3270.8198,3207.6214,-1.705477,1.801036,1.756599,99.9782,0.0110,0.0108,3.73e-09
412,13,13,3274.6323,3335.9263,-1.735799,1.800458,1.738087,99.9791,0.0097,0.0111,3.11e-09
413,13,13,3284.4186,3335.9263,-1.811344,1.801027,1.746220,99.9784,0.0111,0.0105,3.24e-09
414,13,13,3293.2905,3335.9263,-1.893442,1.801210,1.748017,99.9782,0.0104,0.0113,3.42e-09
415,13,13,3294.6420,3335.9263,-1.907432,1.800839,1.743134,99.9787,0.0102,0.0111,3.25e-09
416,13,13,3304.2710,3335.9263,-2.022771,1.801583,1.753856,99.9777,0.0127,0.0097,3.37e-09
417,13,13,3309.8407,3335.9263,-2.106816,1.801817,1.751485,99.9780,0.0099,0.0122,2.87e-09
418,13,13,3314.0431,3335.9263,-2.183107,1.800475,1.743721,99.9786,0.0112,0.0102,2.71e-09
419,13,13,3326.2230,3335.9263,-2.536299,1.801219,1.754460,99.9776,0.0114,0.0110,3.78e-09
420,13,13,3327.7707,3335.9263,-2.611764,1.801042,1.749376,99.9781,0.0106,0.0113,3.37e-09
421,13,13,3342.2777,3335.9263,-2.720347,1.801224,1.746336,99.9784,0.0110,0.0106,3.60e-09
422,13,13,3343.7595,3335.9263,-2.629278,1.801244,1.748166,99.9782,0.0121,0.0096,2.59e-09
423,12,14,3349.7379,3355.6655,-2.752903,1.801190,1.746334,99.9783,0.0084,0.0134,2.72e-09
424,12,14,3360.8758,3355.6655,-2.808913,1.801219,1.745586,99.9784,0.0099,0.0118,2.84e-09
425,12,14,3373.2634,3355.6655,-2.280317,1.801271,1.753165,99.9776,0.0114,0.0110,2.93e-09
426,12,14,3379.9469,3355.6655,-2.140505,1.801369,1.760908,99.9768,0.0128,0.0104,2.54e-09
427,12,14,3381.3985,3355.6655,-2.115288,1.800766,1.755641,99.9773,0.0131,0.0097,3.81e-09
428,11,15,3397.7657,3414.8831,-2.299938,1.801086,1.746829,99.9778,0.0117,0.0105,2.83e-09
429,11,15,3403.0055,3414.8831,-2.458648,1.801032,1.750362,99.9774,0.0113,0.0112,2.48e-09
430,11,15,3414.9455,3414.8831,-4.738024,1.800944,1.751057,99.9774,0.0115,0.0112,3.09e-09
431,11,15,3417.8001,3414.8831,-3.068450,1.801510,1.757279,99.9767,0.0114,0.0119,2.70e-09
432,11,15,3429.9602,3414.8831,-2.355058,1.801172,1.753046,99.9772,0.0118,0.0111,3.54e-09
433,11,15,3441.7635,3414.8831,-2.103940,1.801491,1.750527,99.9775,0.0111,0.0114,2.99e-09
434,11,15,3445.1467,3414.8831,-2.052456,1.801981,1.751312,99.9775,0.0107,0.0118,3.29e-09
435,11,15,3458.0452,3414.8831,-1.898273,1.801815,1.755959,99.9769,0.0124,0.0107,2.56e-09
436,11,15,3460.5004,3414.8831,-1.874247,1.801460,1.751697,99.9773,0.0111,0.0115,2.96e-09
437,11,15,3470.6174,3414.8831,-1.787254,1.801363,1.761524,99.9763,0.0127,0.0110,2.93e-09
438,11,15,3472.8728,3414.8831,-1.770025,1.801435,1.753087,99.9772,0.0120,0.0108,3.09e-09
439,11,15,3475.9190,3414.8831,-1.747791,1.802432,1.761355,99.9764,0.0117,0.0119,2.83e-09
440,11,15,3501.6478,3414.8831,-1.595033,1.801254,1.766899,99.9757,0.0126,0.0117,2.07e-09
441,11,15,3508.2856,3414.8831,-1.563017,1.801942,1.759337,99.9766,0.0105,0.0130,2.92e-09
442,13,14,3514.1044,3602.4056,-1.610626,1.800636,1.751661,99.9761,0.0128,0.0111,3.15e-09
443,13,14,3516.9621,3602.4056,-1.624913,1.799974,1.749605,99.9763,0.0116,0.0121,2.65e-09
444,13,14,3528.5461,3602.4056,-1.688186,1.800693,1.746776,99.9767,0.0124,0.0110,3.14e-09
445,13,14,3538.2961,3602.4056,-1.749670,1.800241,1.756006,99.9756,0.0144,0.0100,2.37e-09
446,13,14,3541.7606,3602.4056,-1.773797,1.800282,1.759261,99.9753,0.0149,0.0098,2.85e-09
447,13,14,3557.7452,3602.4056,-1.906670,1.799602,1.766910,99.9743,0.0144,0.0113,2.34e-09
448,13,14,3571.3532,3602.4056,-2.064498,1.800757,1.751360,99.9762,0.0127,0.0111,2.39e-09
449,13,14,3576.7383,3602.4056,-2.147213,1.800640,1.747336,99.9766,0.0126,0.0107,3.19e-09
450,13,14,3578.9750,3602.4056,-2.186809,1.801111,1.746827,99.9767,0.0124,0.0109,2.86e-09
451,13,14,3588.5235,3602.4056,-2.414137,1.800971,1.758113,99.9755,0.0124,0.0121,2.76e-09
452,13,14,3596.6766,3602.4056,-2.798515,1.800251,1.755420,99.9757,0.0123,0.0121,2.66e-09
453,13,14,3604.7668,3602.4056,-3.183458,1.800289,1.753227,99.9759,0.0144,0.0097,2.60e-09
454,13,14,3608.2153,3602.4056,-2.792440,1.800872,1.756329,99.9757,0.0162,0.0081,2.97e-09
455,13,14,3610.6499,3602.4056,-2.640439,1.801119,1.754648,99.9759,0.0119,0.0123,3.08e-09
456,13,14,3616.0084,3602.4056,-2.422963,1.800999,1.751564,99.9762,0.0122,0.0116,2.90e-09
457,12,15,3622.9612,3641.8840,-2.284340,1.801362,1.757117,99.9752,0.0130,0.0118,2.34e-09
458,12,15,3631.7503,3641.8840,-2.555556,1.801507,1.756335,99.9753,0.0115,0.0132,2.33e-09
459,12,15,3645.2092,3641.8840,-3.039510,1.801169,1.754594,99.9755,0.0127,0.0119,2.97e-09
460,12,15,3650.4087,3641.8840,-2.630650,1.801622,1.756057,99.9754,0.0125,0.0121,2.67e-09
461,12,15,3651.8556,3641.8840,-2.562564,1.801188,1.762148,99.9746,0.0119,0.0134,2.78e-09
462,12,15,3657.5233,3641.8840,-2.367110,1.802159,1.748131,99.9763,0.0126,0.0110,3.71e-09
463,12,15,3660.7473,3641.8840,-2.285709,1.800827,1.752235,99.9757,0.0117,0.0126,2.99e-09
464,12,15,3678.8145,3641.8840,-1.993941,1.801455,1.765502,99.9742,0.0147,0.0110,2.15e-09
465,12,15,3685.3335,3641.8840,-1.923341,1.801313,1.763919,99.9744,0.0128,0.0127,2.38e-09
466,12,15,3691.8237,3641.8840,-1.862880,1.801510,1.757709,99.9752,0.0132,0.0116,2.59e-09
467,12,15,3696.0917,3641.8840,-1.827265,1.801792,1.765791,99.9743,0.0136,0.0121,2.45e-09
468,12,15,3712.8159,3641.8840,-1.710484,1.801052,1.762887,99.9745,0.0142,0.0113,2.04e-09
469,12,15,3721.9575,3641.8840,-1.657838,1.801226,1.755968,99.9753,0.0147,0.0099,2.19e-09
470,12,15,3734.8797,3641.8840,-1.592863,1.801748,1.770758,99.9736,0.0139,0.0125,2.70e-09
471,12,15,3743.1311,3641.8840,-1.555943,1.801123,1.768702,99.9738,0.0141,0.0120,2.20e-09
472,14,14,3763.4801,3868.8849,-1.564725,1.801940,1.758140,99.9736,0.0148,0.0117,2.36e-09
473,14,14,3770.6230,3868.8849,-1.595200,1.801809,1.758586,99.9735,0.0140,0.0125,2.31e-09
474,14,14,3773.1854,3868.8849,-1.606676,1.801081,1.756879,99.9736,0.0130,0.0134,2.62e-09
475,14,14,3786.7574,3868.8849,-1.673097,1.801094,1.761068,99.9731,0.0154,0.0115,2.33e-09
476,14,14,3793.5964,3868.8849,-1.710857,1.801823,1.762514,99.9730,0.0143,0.0127,2.06e-09
477,14,14,3807.7706,3868.8849,-1.801443,1.801333,1.758320,99.9735,0.0157,0.0108,2.57e-09
478,14,14,3813.6158,3868.8849,-1.845103,1.801383,1.765945,99.9725,0.0155,0.0119,2.22e-09
479,14,14,3820.1966,3868.8849,-1.900161,1.801451,1.762106,99.9730,0.0134,0.0135,2.21e-09
480,14,14,3831.8926,3868.8849,-2.019474,1.800741,1.761563,99.9730,0.0134,0.0136,2.38e-09
481,14,14,3832.7262,3868.8849,-2.029373,1.801258,1.765152,99.9726,0.0141,0.0133,2.40e-09
482,14,14,3847.5241,3868.8849,-2.257967,1.801545,1.770291,99.9720,0.0169,0.0111,2.01e-09
483,14,14,3866.0997,3868.8849,-3.142733,1.801084,1.765781,99.9725,0.0157,0.0118,2.29e-09
484,14,14,3869.4198,3868.8849,-3.859335,1.801544,1.764138,99.9728,0.0161,0.0112,2.06e-09
485,14,14,3873.0972,3868.8849,-2.963070,1.801350,1.765723,99.9726,0.0155,0.0120,2.48e-09
486,13,15,3881.0658,3888.6241,-2.711371,1.801321,1.764078,99.9728,0.0153,0.0119,2.66e-09
487,13,15,3883.3136,3888.6241,-2.864657,1.800793,1.767535,99.9723,0.0157,0.0120,1.97e-09
488,13,15,3895.0348,3888.6241,-2.782891,1.800504,1.756688,99.9736,0.0137,0.0127,2.49e-09
489,13,15,3921.2951,3888.6241,-2.075634,1.800977,1.768654,99.9721,0.0158,0.0121,2.22e-09
490,13,15,3927.2187,3888.6241,-2.003269,1.801056,1.767616,99.9723,0.0138,0.0139,2.44e-09
491,13,15,3932.0602,3888.6241,-1.951946,1.801541,1.763756,99.9729,0.0140,0.0132,1.62e-09
492,13,15,3936.8145,3888.6241,-1.906836,1.800928,1.771273,99.9718,0.0160,0.0122,2.29e-09
493,13,15,3940.5442,3888.6241,-1.874461,1.801499,1.771334,99.9719,0.0140,0.0141,2.29e-09
494,13,15,3949.2594,3888.6241,-1.807071,1.801640,1.767761,99.9724,0.0129,0.0147,2.12e-09
495,13,15,3963.0847,3888.6241,-1.717870,1.801095,1.775255,99.9713,0.0162,0.0125,2.07e-09
496,13,15,3973.9535,3888.6241,-1.658697,1.801028,1.763434,99.9728,0.0141,0.0130,2.12e-09
497,13,15,3982.4830,3888.6241,-1.617321,1.800335,1.760716,99.9731,0.0156,0.0113,2.05e-09
498,13,15,3996.8248,3888.6241,-1.555566,1.801106,1.773123,99.9716,0.0154,0.0130,1.95e-09
499,13,15,4005.0741,3888.6241,-1.523657,1.800577,1.773994,99.9714,0.0143,0.0143,2.20e-09
500,13,15,4019.6662,3888.6241,-1.472385,1.800645,1.781925,99.9704,0.0093,0.0203,2.07e-09
501,14,15,4025.0853,4155.1035,-1.504578,1.801832,1.759747,99.9713,0.0139,0.0148,1.95e-09
502,14,15,4030.4557,4155.1035,-1.522897,1.801607,1.758394,99.9715,0.0155,0.0130,2.21e-09
503,14,15,4032.9764,4155.1035,-1.531770,1.802158,1.753782,99.9722,0.0134,0.0144,1.91e-09
504,14,15,4039.8057,4155.1035,-1.556761,1.802063,1.768060,99.9703,0.0146,0.0152,2.02e-09
505,14,15,4051.7836,4155.1035,-1.604398,1.802080,1.762914,99.9710,0.0135,0.0156,2.00e-09
506,14,15,4062.9366,4155.1035,-1.654007,1.801514,1.761033,99.9711,0.0151,0.0138,1.84e-09
507,14,15,4072.0858,4155.1035,-1.699412,1.801588,1.767102,99.9703,0.0148,0.0149,2.12e-09
508,14,15,4075.4555,4155.1035,-1.717407,1.802049,1.761712,99.9711,0.0180,0.0109,2.09e-09
509,14,15,4094.7246,4155.1035,-1.837697,1.801788,1.756549,99.9718,0.0142,0.0141,1.94e-09
510,14,15,4104.1670,4155.1035,-1.911554,1.802564,1.765335,99.9707,0.0141,0.0152,2.16e-09
511,14,15,4117.0659,4155.1035,-2.038369,1.801847,1.764894,99.9707,0.0144,0.0150,2.10e-09
512,14,15,4121.0601,4155.1035,-2.086550,1.801908,1.764729,99.9707,0.0146,0.0147,2.19e-09
513,14,15,4133.2758,4155.1035,-2.279576,1.801850,1.763694,99.9708,0.0149,0.0142,1.78e-09
514,14,15,4145.8841,4155.1035,-2.653880,1.801475,1.766534,99.9704,0.0160,0.0136,1.97e-09
515,14,15,4162.2782,4155.1035,-2.762773,1.802373,1.770576,99.9700,0.0150,0.0150,1.78e-09
516,14,15,4169.0637,4155.1035,-2.473690,1.801881,1.769133,99.9701,0.0141,0.0158,1.93e-09
517,14,15,4182.2214,4155.1035,-2.185324,1.802209,1.770651,99.9699,0.0162,0.0139,2.03e-09
518,14,15,4197.5088,4155.1035,-1.991161,1.802020,1.774474,99.9694,0.0148,0.0159,1.79e-09
519,14,15,4204.3698,4155.1035,-1.926031,1.801835,1.772751,99.9696,0.0165,0.0139,2.04e-09
520,14,15,4211.2939,4155.1035,-1.868919,1.801574,1.770511,99.9699,0.0142,0.0159,2.14e-09
521,14,15,4216.5113,4155.1035,-1.830358,1.801891,1.772543,99.9696,0.0145,0.0158,1.84e-09
522,14,15,4225.4027,4155.1035,-1.771631,1.801477,1.773618,99.9694,0.0159,0.0147,2.13e-09
523,14,15,4232.2321,4155.1035,-1.731366,1.801592,1.775847,99.9691,0.0142,0.0167,1.90e-09
524,14,15,4236.5267,4155.1035,-1.707833,1.801560,1.777755,99.9688,0.0177,0.0135,2.01e-09
525,14,15,4241.7676,4155.1035,-1.680742,1.802007,1.773231,99.9696,0.0161,0.0144,2.02e-09
526,14,15,4256.3874,4155.1035,-1.613041,1.802125,1.768457,99.9702,0.0167,0.0131,1.99e-09
527,14,15,4265.7936,4155.1035,-1.574473,1.802162,1.771975,99.9697,0.0162,0.0141,1.73e-09
528,14,15,4273.0124,4155.1035,-1.547035,1.802238,1.776544,99.9691,0.0172,0.0137,2.06e-09
529,14,15,4281.0097,4155.1035,-1.518535,1.801853,1.778191,99.9688,0.0158,0.0154,1.71e-09
530,14,15,4291.3138,4155.1035,-1.484372,1.802335,1.777874,99.9689,0.0137,0.0174,2.05e-09
531,14,15,4296.4692,4155.1035,-1.468238,1.802129,1.777281,99.9690,0.0156,0.0154,2.04e-09
532,15,15,4314.3084,4441.3220,-1.543662,1.803087,1.760125,99.9693,0.0145,0.0162,2.05e-09
533,15,15,4319.1496,4441.3220,-1.560539,1.802080,1.767079,99.9682,0.0146,0.0172,2.10e-09
534,15,15,4328.0800,4441.3220,-1.593505,1.802188,1.757575,99.9696,0.0169,0.0135,1.83e-09
535,15,15,4330.0295,4441.3220,-1.601047,1.802932,1.766371,99.9684,0.0169,0.0147,2.42e-09
536,15,15,4342.0800,4441.3220,-1.650817,1.802190,1.768171,99.9681,0.0139,0.0181,2.08e-09
537,15,15,4343.5663,4441.3220,-1.657370,1.802327,1.759990,99.9692,0.0166,0.0141,1.79e-09
538,15,15,4354.2348,4441.3220,-1.707558,1.802335,1.768473,99.9680,0.0133,0.0187,1.82e-09
539,15,15,4366.6032,4441.3220,-1.774083,1.802402,1.765851,99.9684,0.0161,0.0154,1.65e-09
540,15,15,4374.3263,4441.3220,-1.821465,1.802789,1.763386,99.9688,0.0136,0.0176,2.03e-09
541,15,15,4375.3003,4441.3220,-1.827826,1.802936,1.765275,99.9686,0.0142,0.0172,1.62e-09
542,15,15,4392.7838,4441.3220,-1.961429,1.802641,1.768813,99.9680,0.0146,0.0174,1.89e-09
543,15,15,4397.8516,4441.3220,-2.009318,1.802377,1.769980,99.9678,0.0156,0.0166,2.11e-09
544,15,15,4416.0409,4441.3220,-2.244717,1.803316,1.770140,99.9679,0.0133,0.0188,1.83e-09
545,15,15,4428.2986,4441.3220,-2.532790,1.802584,1.772615,99.9675,0.0148,0.0177,1.90e-09
546,15,15,4437.3905,4441.3220,-3.052960,1.802384,1.775676,99.9670,0.0142,0.0188,1.43e-09
547,15,15,4441.1081,4441.3220,-4.317263,1.803074,1.762819,99.9690,0.0134,0.0176,1.80e-09
548,15,15,4447.1104,4441.3220,-2.884954,1.802682,1.770667,99.9678,0.0158,0.0164,1.77e-09
549,15,15,4452.3330,4441.3220,-2.605686,1.802370,1.773794,99.9672,0.0151,0.0177,1.54e-09
550,15,15,4483.9003,4441.3220,-2.018324,1.802614,1.774799,99.9671,0.0162,0.0167,1.57e-09
551,15,15,4500.1833,4441.3220,-1.877683,1.802456,1.772926,99.9674,0.0154,0.0172,1.63e-09
552,15,15,4506.4601,4441.3220,-1.833677,1.802731,1.776257,99.9669,0.0158,0.0173,1.69e-09
553,15,15,4520.7377,4441.3220,-1.747606,1.802272,1.764019,99.9686,0.0121,0.0192,1.95e-09
554,15,15,4532.6706,4441.3220,-1.686811,1.803163,1.780927,99.9663,0.0167,0.0170,1.87e-09
555,15,15,4542.8801,4441.3220,-1.640798,1.802815,1.776849,99.9668,0.0158,0.0173,2.00e-09
556,15,15,4554.3002,4441.3220,-1.594518,1.802852,1.773980,99.9673,0.0160,0.0168,1.46e-09
557,15,15,4565.4294,4441.3220,-1.553714,1.802248,1.776824,99.9667,0.0165,0.0168,1.94e-09
558,15,15,4574.3889,4441.3220,-1.523442,1.802634,1.778316,99.9666,0.0147,0.0187,1.86e-09
559,15,15,4580.0280,4441.3220,-1.505417,1.802421,1.782573,99.9659,0.0148,0.0193,2.06e-09
560,15,15,4586.7371,4441.3220,-1.484903,1.802953,1.783391,99.9658,0.0184,0.0158,1.73e-09
561,15,15,4596.4626,4441.3220,-1.456787,1.802494,1.786575,99.9653,0.0177,0.0171,1.74e-09
562,15,15,4608.2977,4441.3220,-1.424859,1.802764,1.782161,99.9660,0.0147,0.0193,1.60e-09
563,15,15,4615.1914,4441.3220,-1.407289,1.802629,1.786981,99.9652,0.0150,0.0197,1.72e-09
564,15,15,4629.3430,4441.3220,-1.373306,1.802650,1.774248,99.9672,0.0142,0.0186,1.71e-09
565,15,15,4644.4989,4441.3220,-1.339638,1.801967,1.781082,99.9660,0.0173,0.0166,1.43e-09
566,15,15,4650.9214,4441.3220,-1.326122,1.802272,1.783033,99.9658,0.0162,0.0180,1.66e-09
567,15,15,4651.6563,4441.3220,-1.324602,1.802437,1.786289,99.9653,0.0157,0.0190,1.84e-09
568,15,15,4662.9922,4441.3220,-1.301805,1.802273,1.782105,99.9659,0.0148,0.0193,1.72e-09
569,15,15,4670.3956,4441.3220,-1.287537,1.802309,1.781882,99.9660,0.0154,0.0186,1.75e-09
570,15,15,4681.5158,4441.3220,-1.266950,1.802777,1.785434,99.9655,0.0183,0.0162,1.56e-09
571,15,15,4700.8215,4441.3220,-1.233376,1.802369,1.786835,99.9652,0.0180,0.0168,1.76e-09
572,15,15,4708.8245,4441.3220,-1.220184,1.802489,1.791619,99.9644,0.0176,0.0180,1.59e-09
573,15,15,4728.9409,4441.3220,-1.188695,1.802381,1.789577,99.9648,0.0173,0.0179,1.72e-09
574,15,15,4742.2889,4441.3220,-1.168993,1.802428,1.793245,99.9642,0.0172,0.0187,1.48e-09
575,15,15,4744.6232,4441.3220,-1.165638,1.802413,1.793322,99.9642,0.0172,0.0187,1.43e-09
576,15,15,4749.2764,4441.3220,-1.159026,1.802786,1.796522,99.9637,0.0159,0.0204,1.58e-09
577,15,15,4775.9874,4441.3220,-1.122901,1.803064,1.800387,99.9631,0.0206,0.0163,1.47e-09
578,15,15,4787.9813,4441.3220,-1.107609,1.802526,1.796947,99.9636,0.0176,0.0189,1.50e-09
579,15,15,4805.9515,4441.3220,-1.085660,1.803303,1.790302,99.9648,0.0208,0.0144,1.38e-09
580,15,15,4818.6017,4441.3220,-1.070849,1.802622,1.793525,99.9642,0.0195,0.0163,1.38e-09
581,15,15,4836.2411,4441.3220,-1.051004,1.802707,1.800800,99.9630,0.0227,0.0143,1.42e-09
582,15,15,4845.7933,4441.3220,-1.040625,1.801993,1.803956,99.9623,0.0226,0.0151,1.38e-09
583,15,15,4857.5385,4441.3220,-1.028193,1.803081,1.805768,99.9622,0.0208,0.0170,1.09e-09
584,15,15,4864.2430,4441.3220,-1.021253,1.803018,1.802085,99.9628,0.0226,0.0147,1.50e-09
585,15,15,4873.6396,4441.3220,-1.011709,1.803552,1.805008,99.9623,0.0200,0.0176,1.63e-09
586,15,15,4902.2494,4441.3220,-0.983880,1.802305,1.809932,99.9613,0.0169,0.0218,1.46e-09
587,15,15,4906.8751,4441.3220,-0.979543,1.802160,1.789421,99.9648,0.0167,0.0186,1.79e-09
588,15,15,4922.5252,4441.3220,-0.965184,1.802774,1.795027,99.9639,0.0191,0.0170,1.02e-09
589,15,15,4929.9153,4441.3220,-0.958565,1.802203,1.817752,99.9599,0.0203,0.0198,1.27e-09
590,15,15,4958.5566,4441.3220,-0.933825,1.803191,1.809985,99.9614,0.0205,0.0181,1.38e-09
591,15,15,4959.9841,4441.3220,-0.932628,1.802316,1.812078,99.9609,0.0168,0.0223,1.57e-09
592,15,15,4980.6603,4441.3220,-0.915651,1.802271,1.806207,99.9620,0.0163,0.0217,1.32e-09
593,15,15,4995.7261,4441.3220,-0.903686,1.802798,1.792711,99.9643,0.0176,0.0181,1.40e-09
594,15,15,5029.1509,4441.3220,-0.878261,1.802701,1.814477,99.9605,0.0193,0.0202,1.49e-09
595,15,15,5036.2431,4441.3220,-0.873053,1.802374,1.808148,99.9616,0.0209,0.0175,1.16e-09
596,15,15,5055.9343,4441.3220,-0.858911,1.802763,1.810196,99.9613,0.0192,0.0195,1.20e-09
597,15,15,5069.5524,4441.3220,-0.849393,1.802412,1.795834,99.9637,0.0167,0.0196,1.30e-09
598,15,15,5098.8914,4441.3220,-0.829571,1.802454,1.816394,99.9602,0.0145,0.0254,1.82e-09
599,15,15,5106.2808,4441.3220,-0.824718,1.802361,1.818351,99.9598,0.0247,0.0155,9.89e-10
600,15,15,5127.0389,4441.3220,-0.811367,1.802606,1.822518,99.9590,0.0192,0.0218,1.52e-09
601,15,15,5132.0396,4441.3220,-0.808212,1.802688,1.819859,99.9595,0.0178,0.0226,1.20e-09
602,15,15,5140.2665,4441.3220,-0.803070,1.802750,1.817543,99.9600,0.0222,0.0178,1.54e-09
603,15,15,5147.7063,4441.3220,-0.798471,1.802711,1.813663,99.9607,0.0207,0.0186,1.48e-09
604,15,15,5167.5659,4441.3220,-0.786430,1.802459,1.815929,99.9602,0.0192,0.0206,1.43e-09
605,15,15,5180.7212,4441.3220,-0.778633,1.803012,1.818310,99.9599,0.0248,0.0153,1.33e-09
606,15,15,5191.5216,4441.3220,-0.772335,1.802459,1.817994,99.9598,0.0200,0.0201,1.30e-09
607,15,15,5203.4636,4441.3220,-0.765477,1.802404,1.813103,99.9607,0.0218,0.0175,1.38e-09
608,15,15,5207.1649,4441.3220,-0.763373,1.802486,1.818991,99.9597,0.0200,0.0203,1.38e-09
609,15,15,5224.4574,4441.3220,-0.753675,1.803164,1.825104,99.9586,0.0216,0.0197,1.15e-09
610,15,15,5244.3113,4441.3220,-0.742803,1.802590,1.811791,99.9610,0.0174,0.0216,1.15e-09
611,15,15,5250.8716,4441.3220,-0.739269,1.802547,1.809663,99.9614,0.0220,0.0166,1.47e-09
612,15,15,5265.3252,4441.3220,-0.731583,1.802520,1.826136,99.9583,0.0209,0.0208,1.17e-09
613,15,15,5293.7019,4441.3220,-0.716879,1.802663,1.821127,99.9593,0.0191,0.0216,1.36e-09
614,15,15,5321.8695,4441.3220,-0.702759,1.802722,1.822634,99.9590,0.0198,0.0212,1.02e-09
615,15,15,5340.8871,4441.3220,-0.693480,1.802455,1.820825,99.9593,0.0151,0.0255,1.26e-09
616,15,15,5348.0459,4441.3220,-0.690037,1.801810,1.830226,99.9575,0.0234,0.0191,8.35e-10
617,15,15,5360.2586,4441.3220,-0.684227,1.802257,1.825220,99.9584,0.0178,0.0237,1.08e-09
618,15,15,5392.9719,4441.3220,-0.669035,1.802476,1.826935,99.9582,0.0191,0.0227,1.22e-09
619,15,15,5433.6604,4441.3220,-0.650852,1.802756,1.827771,99.9580,0.0247,0.0173,9.58e-10
620,15,15,5456.2697,4441.3220,-0.641069,1.802375,1.831579,99.9573,0.0197,0.0230,1.17e-09
621,15,15,5481.6270,4441.3220,-0.630352,1.802838,1.831794,99.9573,0.0260,0.0168,1.36e-09
622,15,15,5494.1227,4441.3220,-0.625166,1.802822,1.822226,99.9591,0.0236,0.0173,1.44e-09
623,15,15,5502.5706,4441.3220,-0.621695,1.802659,1.838668,99.9559,0.0204,0.0237,1.21e-09
624,15,15,5511.4166,4441.3220,-0.618090,1.801858,1.827261,99.9580,0.0168,0.0252,1.29e-09
625,15,15,5529.4052,4441.3220,-0.610850,1.802491,1.834432,99.9567,0.0233,0.0200,1.21e-09
626,15,15,5535.0071,4441.3220,-0.608620,1.802502,1.837432,99.9561,0.0199,0.0240,8.44e-10
627,15,15,5553.3446,4441.3220,-0.601399,1.802242,1.835477,99.9564,0.0211,0.0225,1.16e-09
628,15,15,5588.8423,4441.3220,-0.587752,1.802685,1.814981,99.9604,0.0192,0.0203,1.07e-09
629,15,15,5594.6832,4441.3220,-0.585547,1.802006,1.837153,99.9561,0.0140,0.0299,1.00e-09
630,15,15,5612.5876,4441.3220,-0.578857,1.802279,1.818467,99.9597,0.0218,0.0185,9.89e-10
631,15,15,5624.6654,4441.3220,-0.574401,1.802417,1.855869,99.9522,0.0177,0.0301,7.60e-10
632,15,15,5638.1333,4441.3220,-0.569487,1.802438,1.811740,99.9610,0.0122,0.0268,1.22e-09
633,15,15,5664.4495,4441.3220,-0.560041,1.802791,1.845031,99.9546,0.0240,0.0214,8.94e-10
634,15,15,5683.6540,4441.3220,-0.553275,1.802064,1.847184,99.9540,0.0259,0.0201,1.53e-09
635,15,15,5687.9833,4441.3220,-0.551764,1.802534,1.830032,99.9576,0.0193,0.0231,1.11e-09
636,15,15,5730.9251,4441.3220,-0.537056,1.803255,1.847688,99.9541,0.0267,0.0193,9.94e-10
637,15,15,5756.0725,4441.3220,-0.528669,1.802888,1.843954,99.9548,0.0158,0.0294,1.01e-09
638,15,15,5756.6301,4441.3220,-0.528485,1.802487,1.843844,99.9548,0.0152,0.0300,9.86e-10
639,15,15,5774.8926,4441.3220,-0.522496,1.803116,1.841951,99.9553,0.0151,0.0296,1.25e-09
640,15,15,5805.4993,4441.3220,-0.512641,1.802585,1.869296,99.9492,0.0246,0.0263,8.54e-10
641,15,15,5821.6816,4441.3220,-0.507520,1.802464,1.855819,99.9522,0.0361,0.0117,8.90e-10
642,15,15,5825.4194,4441.3220,-0.506346,1.802508,1.842452,99.9551,0.0206,0.0243,1.22e-09
643,15,15,5834.0839,4441.3220,-0.503635,1.802662,1.821348,99.9593,0.0244,0.0163,1.21e-09
644,15,15,5866.7332,4441.3220,-0.493572,1.802176,1.856461,99.9520,0.0192,0.0288,8.26e-10
645,15,15,5889.1914,4441.3220,-0.486783,1.802991,1.861965,99.9509,0.0240,0.0251,9.23e-10
646,15,15,5899.0664,4441.3220,-0.483831,1.802076,1.856080,99.9521,0.0372,0.0107,9.73e-10
647,15,15,5917.2128,4441.3220,-0.478458,1.802605,1.855850,99.9522,0.0162,0.0315,1.03e-09
648,15,15,5977.2203,4441.3220,-0.461150,1.802910,1.875193,99.9478,0.0239,0.0283,7.62e-10
649,15,15,6008.9133,4441.3220,-0.452279,1.802273,1.860011,99.9513,0.0171,0.0316,8.19e-10
650,15,15,6029.1685,4441.3220,-0.446704,1.802493,1.861959,99.9508,0.0222,0.0269,8.03e-10
651,15,15,6039.9672,4441.3220,-0.443760,1.802600,1.861849,99.9509,0.0219,0.0273,7.90e-10
652,15,15,6065.0750,4441.3220,-0.436992,1.802600,1.861596,99.9510,0.0186,0.0304,9.86e-10
653,15,15,6085.9386,4441.3220,-0.431448,1.802679,1.867918,99.9495,0.0347,0.0158,7.88e-10
654,15,15,6164.0141,4441.3220,-0.411305,1.802228,1.853693,99.9527,0.0150,0.0324,7.94e-10
655,15,15,6202.0022,4441.3220,-0.401832,1.802509,1.883969,99.9456,0.0424,0.0120,5.57e-10
656,15,15,6211.5480,4441.3220,-0.399484,1.802541,1.873467,99.9482,0.0107,0.0411,7.85e-10
657,15,15,6226.0563,4441.3220,-0.395939,1.802155,1.853071,99.9528,0.0213,0.0260,8.88e-10
658,15,15,6303.9432,4441.3220,-0.377388,1.802316,1.891301,99.9437,0.0427,0.0136,6.26e-10
659,15,15,6322.8522,4441.3220,-0.373001,1.802125,1.882443,99.9459,0.0234,0.0306,7.32e-10
660,15,15,6360.9134,4441.3220,-0.364303,1.802472,1.848032,99.9539,0.0173,0.0288,1.16e-09
661,15,15,6407.4083,4441.3220,-0.353910,1.802423,1.877256,99.9473,0.0324,0.0203,7.45e-10
662,15,15,6423.9944,4441.3220,-0.350261,1.802456,1.906319,99.9397,0.0431,0.0172,5.68e-10
663,15,15,6468.9073,4441.3220,-0.340533,1.802256,1.886344,99.9450,0.0295,0.0255,6.26e-10
664,15,15,6488.4105,4441.3220,-0.336376,1.803081,1.881775,99.9462,0.0161,0.0376,5.78e-10
665,15,15,6491.6678,4441.3220,-0.335685,1.802313,1.881497,99.9462,0.0247,0.0291,7.62e-10
666,15,15,6515.8460,4441.3220,-0.330594,1.802057,1.897013,99.9422,0.0299,0.0279,6.43e-10
667,15,15,6562.9768,4441.3220,-0.320838,1.802775,1.884212,99.9456,0.0288,0.0256,5.65e-10
668,15,15,6674.0085,4441.3220,-0.298685,1.802577,1.904378,99.9403,0.0422,0.0175,6.60e-10
669,15,15,6719.5682,4441.3220,-0.289912,1.802087,1.893255,99.9432,0.0264,0.0304,5.16e-10
670,15,15,6756.1000,4441.3220,-0.283003,1.802087,1.907817,99.9393,0.0222,0.0385,5.46e-10
671,15,15,6952.4625,4441.3220,-0.247641,1.802626,1.900245,99.9414,0.0364,0.0222,5.22e-10
672,15,15,6998.5461,4441.3220,-0.239743,1.802246,1.938800,99.9300,0.0314,0.0386,5.64e-10
673,15,15,7092.9864,4441.3220,-0.223994,1.802373,1.916678,99.9367,0.0522,0.0111,5.84e-10
674,15,15,7116.7665,4441.3220,-0.220116,1.802517,1.924304,99.9345,0.0247,0.0407,3.28e-10
675,15,15,7473.3606,4441.3220,-0.165778,1.802353,1.929462,99.9329,0.0374,0.0297,3.89e-10
676,15,15,7541.7662,4441.3220,-0.156088,1.802654,1.937238,99.9305,0.0169,0.0526,2.81e-10
677,15,15,7688.5627,4441.3220,-0.135998,1.802707,1.854210,99.9526,0.0367,0.0107,7.33e-10
678,15,15,7712.3357,4441.3220,-0.132830,1.802707,1.935679,99.9310,0.0366,0.0324,3.67e-10
679,15,15,7829.1790,4441.3220,-0.117587,1.802403,1.945031,99.9279,0.0640,0.0081,5.14e-10
680,15,15,7915.4113,4441.3220,-0.106671,1.802367,1.926752,99.9337,0.0445,0.0217,3.73e-10
681,15,15,8190.4542,4441.3220,-0.073581,1.802859,1.882961,99.9459,0.0101,0.0440,2.20e-10
682,15,15,8526.2583,4441.3220,-0.036327,1.802444,1.993103,99.9101,0.0325,0.0573,2.62e-10
683,15,15,8639.0602,4441.3220,-0.024497,1.802118,1.923229,99.9348,0.0157,0.0495,2.94e-10
684,15,15,9674.4309,4441.3220,0.071248,1.802567,1.890698,99.9439,0.0218,0.0343,2.17e-10
685,15,15,9769.9697,4441.3220,0.079105,1.802353,1.921128,99.9354,0.0485,0.0161,1.29e-10
686,15,15,78222.2112,4441.3220,1.220432,1.802535,1.637915,99.9825,0.0132,0.0043,2.38e-12
687,15,15,83660.5423,4441.3220,1.251318,1.802447,1.856639,99.9521,0.0389,0.0090,3.85e-12
688,15,15,85577.5670,4441.3220,1.261703,1.802511,1.898879,99.9417,0.0105,0.0478,2.29e-12
689,15,15,86165.8012,4441.3220,1.264840,1.802535,1.915479,99.9371,0.0519,0.0110,1.71e-12
690,15,15,86529.9895,4441.3220,1.266771,1.802658,1.820070,99.9595,0.0343,0.0062,1.79e-12
691,15,15,87977.4517,4441.3220,1.274362,1.802734,1.855294,99.9523,0.0127,0.0349,1.72e-12
692,15,15,88146.5085,4441.3220,1.275240,1.802627,1.919350,99.9360,0.0043,0.0597,1.76e-12
693,15,15,88974.4608,4441.3220,1.279515,1.802695,1.758368,99.9695,0.0072,0.0233,2.08e-12
694,15,15,89165.0155,4441.3220,1.280493,1.802477,1.822444,99.9590,0.0358,0.0051,1.23e-12
695,15,15,89839.9845,4441.3220,1.283939,1.802466,1.799235,99.9632,0.0108,0.0260,1.21e-12
696,15,15,90047.2280,4441.3220,1.284991,1.802350,2.027107,99.8949,0.0810,0.0242,1.44e-12
697,15,15,92180.0931,4441.3220,1.295679,1.802506,1.979705,99.9154,0.0677,0.0168,1.34e-12
698,15,15,92442.6233,4441.3220,1.296977,1.802530,1.885573,99.9453,0.0432,0.0116,1.61e-12
699,15,15,92626.4217,4441.3220,1.297883,1.802560,1.779046,99.9665,0.0309,0.0026,1.10e-12
700,15,15,92925.8945,4441.3220,1.299355,1.802462,1.936417,99.9308,0.0341,0.0351,1.77e-12
701,15,15,93015.5558,4441.3220,1.299795,1.802566,1.890496,99.9439,0.0375,0.0186,1.66e-12
702,15,15,93244.2026,4441.3220,1.300915,1.802559,1.779799,99.9664,0.0311,0.0025,1.18e-12
703,15,15,93442.9297,4441.3220,1.301886,1.802490,1.856094,99.9522,0.0071,0.0407,1.60e-12
704,15,15,93559.5472,4441.3220,1.302454,1.802588,1.906396,99.9397,0.0165,0.0438,2.07e-12
705,15,15,93981.5165,4441.3220,1.304506,1.802493,1.967133,99.9202,0.0162,0.0636,2.03e-12
706,15,15,94185.4154,4441.3220,1.305494,1.802520,1.801642,99.9628,0.0052,0.0320,1.20e-12
707,15,15,94248.9853,4441.3220,1.305801,1.802508,1.851381,99.9532,0.0412,0.0056,1.37e-12
708,15,15,94445.4229,4441.3220,1.306750,1.802542,1.906576,99.9396,0.0388,0.0216,1.39e-12
709,15,15,94847.0754,4441.3220,1.308684,1.802504,1.997145,99.9084,0.0214,0.0702,1.85e-12
710,15,15,95083.5606,4441.3220,1.309818,1.802592,1.835320,99.9565,0.0389,0.0046,1.96e-12
711,15,15,95223.5605,4441.3220,1.310489,1.802567,1.915196,99.9372,0.0090,0.0539,2.32e-12
712,15,15,95345.8064,4441.3220,1.311073,1.802506,1.880649,99.9465,0.0223,0.0312,1.49e-12
713,15,15,95528.3313,4441.3220,1.311944,1.802486,1.974615,99.9174,0.0146,0.0679,1.78e-12
714,15,15,95736.9800,4441.3220,1.312938,1.802526,1.879472,99.9468,0.0081,0.0451,1.36e-12
715,15,15,95899.1302,4441.3220,1.313709,1.802446,1.953167,99.9252,0.0159,0.0589,2.03e-12
716,15,15,95965.9096,4441.3220,1.314026,1.802502,1.950381,99.9262,0.0092,0.0646,1.92e-12
717,15,15,96031.2937,4441.3220,1.314336,1.802465,1.893764,99.9431,0.0301,0.0268,1.78e-12
718,15,15,96122.3461,4441.3220,1.314767,1.802463,1.940776,99.9294,0.0093,0.0613,1.74e-12
719,15,15,96468.0461,4441.3220,1.316402,1.802613,1.827262,99.9581,0.0377,0.0042,1.21e-12
720,15,15,96753.7098,4441.3220,1.317748,1.802555,1.878327,99.9470,0.0110,0.0420,1.38e-12
721,15,15,96777.2241,4441.3220,1.317858,1.802547,1.828425,99.9579,0.0384,0.0037,1.53e-12
722,15,15,96959.2804,4441.3220,1.318714,1.802543,1.872052,99.9486,0.0073,0.0441,2.04e-12
723,15,15,97076.2550,4441.3220,1.319263,1.802550,1.820811,99.9593,0.0351,0.0056,2.37e-12
724,15,15,97507.5681,4441.3220,1.321280,1.802552,1.925368,99.9341,0.0489,0.0170,1.40e-12
725,15,15,97554.4206,4441.3220,1.321499,1.802541,1.908376,99.9391,0.0586,0.0023,1.24e-12
726,15,15,98669.9234,4441.3220,1.326670,1.802555,1.885254,99.9453,0.0087,0.0459,1.48e-12
727,15,15,99149.7526,4441.3220,1.328876,1.802486,1.929321,99.9330,0.0382,0.0287,2.54e-12
728,15,15,99154.9426,4441.3220,1.328900,1.802395,2.031438,99.8927,0.0958,0.0114,1.89e-12
729,15,15,99491.1695,4441.3220,1.330439,1.802507,1.932625,99.9319,0.0412,0.0268,1.66e-12
730,15,15,99603.8132,4441.3220,1.330954,1.802441,1.972498,99.9183,0.0684,0.0134,1.64e-12
731,15,15,100175.7130,4441.3220,1.333556,1.802541,1.891567,99.9437,0.0421,0.0142,1.41e-12
732,15,15,100779.0128,4441.3220,1.336284,1.802519,1.931653,99.9322,0.0129,0.0549,1.36e-12
733,15,15,101303.6688,4441.3220,1.338643,1.802539,1.840000,99.9556,0.0091,0.0353,1.44e-12
734,15,15,101412.6839,4441.3220,1.339131,1.802476,1.957426,99.9238,0.0662,0.0100,1.48e-12
735,15,15,102007.6645,4441.3220,1.341788,1.802512,1.914294,99.9375,0.0572,0.0053,2.06e-12
736,15,15,102051.2080,4441.3220,1.341982,1.802542,1.890671,99.9439,0.0488,0.0074,1.16e-12
737,15,15,102161.2657,4441.3220,1.342471,1.802443,2.012479,99.9017,0.0919,0.0065,1.49e-12
738,15,15,102800.7308,4441.3220,1.345304,1.802543,1.983916,99.9138,0.0071,0.0792,1.67e-12
739,15,15,102868.1121,4441.3220,1.345601,1.802578,1.885326,99.9452,0.0145,0.0403,7.67e-13
740,15,15,103296.8258,4441.3220,1.347489,1.802523,1.850586,99.9534,0.0125,0.0341,1.29e-12
741,15,15,103580.6070,4441.3220,1.348734,1.802494,1.931088,99.9324,0.0081,0.0595,1.70e-12
742,15,15,103631.3239,4441.3220,1.348956,1.802519,1.876714,99.9474,0.0050,0.0476,8.68e-13
743,15,15,103760.0476,4441.3220,1.349519,1.802497,1.980202,99.9153,0.0138,0.0709,1.33e-12
744,15,15,104063.9121,4441.3220,1.350846,1.802497,1.893828,99.9431,0.0490,0.0079,2.05e-12
745,15,15,105467.5685,4441.3220,1.356922,1.802544,1.881240,99.9462,0.0039,0.0498,1.20e-12
746,15,15,106016.6975,4441.3220,1.359276,1.802498,1.950090,99.9263,0.0051,0.0686,1.48e-12
747,15,15,106284.4821,4441.3220,1.360420,1.802512,1.929104,99.9330,0.0607,0.0063,1.21e-12
748,15,15,106974.0048,4441.3220,1.363350,1.802400,2.088553,99.8605,0.0108,0.1287,1.31e-12
749,15,15,107663.7154,4441.3220,1.366262,1.802503,1.951055,99.9259,0.0663,0.0077,1.26e-12
750,15,15,107765.5318,4441.3220,1.366690,1.802439,1.999254,99.9075,0.0805,0.0120,1.18e-12
751,15,15,108878.3490,4441.3220,1.371342,1.802504,1.967961,99.9199,0.0098,0.0703,9.73e-13
752,15,15,109065.5566,4441.3220,1.372120,1.802538,1.913676,99.9376,0.0552,0.0072,1.78e-12
753,15,15,109254.0680,4441.3220,1.372902,1.802546,1.929833,99.9328,0.0554,0.0119,7.96e-13
754,15,15,109900.9559,4441.3220,1.375574,1.802507,1.933078,99.9319,0.0636,0.0045,1.29e-12
755,15,15,110262.0044,4441.3220,1.377058,1.802494,1.913280,99.9377,0.0034,0.0589,1.44e-12
756,15,15,110409.5431,4441.3220,1.377663,1.802527,1.874800,99.9479,0.0465,0.0057,1.01e-12
757,15,15,111287.1649,4441.3220,1.381245,1.802506,1.943601,99.9285,0.0418,0.0297,1.27e-12
758,15,15,112393.4908,4441.3220,1.385719,1.802490,1.944631,99.9280,0.0072,0.0647,1.22e-12
759,15,15,112403.6736,4441.3220,1.385760,1.802452,2.025726,99.8955,0.0136,0.0909,1.40e-12
760,15,15,112499.1230,4441.3220,1.386144,1.802479,1.984258,99.9137,0.0075,0.0788,1.11e-12
761,15,15,113614.5362,4441.3220,1.390604,1.802466,1.978541,99.9159,0.0743,0.0098,1.57e-12
762,15,15,114228.9918,4441.3220,1.393041,1.802498,1.949096,99.9266,0.0704,0.0030,1.04e-12
763,15,15,114356.0749,4441.3220,1.393544,1.802531,1.901803,99.9409,0.0554,0.0037,1.84e-12
764,15,15,114492.8979,4441.3220,1.394084,1.802430,2.022220,99.8972,0.0062,0.0965,1.61e-12
765,15,15,115063.0944,4441.3220,1.396328,1.802478,1.965170,99.9209,0.0747,0.0044,1.02e-12
766,15,15,115408.5352,4441.3220,1.397682,1.802540,1.979396,99.9155,0.0481,0.0363,1.33e-12
767,15,15,115935.3333,4441.3220,1.399739,1.802467,1.981436,99.9148,0.0039,0.0813,1.16e-12
768,15,15,116292.6632,4441.3220,1.401129,1.802448,1.977329,99.9163,0.0782,0.0054,9.79e-13
769,15,15,116639.3493,4441.3220,1.402473,1.802480,1.940820,99.9293,0.0051,0.0655,1.54e-12
770,15,15,117496.0302,4441.3220,1.405776,1.802503,1.946178,99.9276,0.0025,0.0699,9.08e-13
771,15,15,117561.4534,4441.3220,1.406028,1.802423,1.982190,99.9145,0.0060,0.0796,1.15e-12
772,15,15,118418.8795,4441.3220,1.409307,1.802487,1.943113,99.9286,0.0060,0.0654,1.71e-12
773,15,15,118762.1168,4441.3220,1.410613,1.802502,1.915515,99.9371,0.0597,0.0032,1.21e-12
774,15,15,126245.5631,4441.3220,1.438150,1.802397,2.036707,99.8900,0.1054,0.0045,8.54e-13
775,15,15,126678.3533,4441.3220,1.439691,1.802297,2.122601,99.8368,0.0769,0.0863,1.72e-12
776,15,15,126729.7427,4441.3220,1.439873,1.802318,2.113992,99.8431,0.0780,0.0789,1.49e-12
777,15,15,127265.3264,4441.3220,1.441771,1.802301,2.118886,99.8396,0.0819,0.0785,1.10e-12
778,15,15,127612.3715,4441.3220,1.442996,1.802326,2.109438,99.8463,0.0747,0.0790,1.40e-12
779,15,15,134343.1537,4441.3220,1.466103,1.802417,2.059111,99.8782,0.0035,0.1183,8.14e-13
780,15,15,139677.1656,4441.3220,1.483580,1.802260,2.123496,99.8360,0.0049,0.1591,9.41e-13
781,15,15,141090.8905,4441.3220,1.488096,1.802285,2.136289,99.8261,0.1708,0.0030,8.50e-13
782,15,15,5456588.3127,4441.3220,3.089055,0.194490,3.516110,0.0379,96.5440,3.4181,3.72e-14
783,15,15,5460349.8598,4441.3220,3.089355,0.386151,3.515933,0.1178,3.4263,96.4559,1.64e-14
784,15,15,5475794.4298,4441.3220,3.090582,0.210293,3.516106,0.0389,98.6396,1.3215,4.13e-14
785,15,15,5479103.8413,4441.3220,3.090845,0.244689,3.516088,0.0481,1.3262,98.6257,3.41e-14
786,15,15,5490672.8197,4441.3220,3.091762,0.141392,3.516142,0.0223,8.5116,91.4662,7.77e-14
787,15,15,5494178.1235,4441.3220,3.092039,0.206952,3.516109,0.0375,91.4534,8.5091,2.52e-14
788,15,15,5623908.3245,4441.3220,3.102183,0.184564,3.516116,0.0348,82.3714,17.5938,3.33e-14
789,15,15,5624175.3478,4441.3220,3.102204,0.179223,3.516120,0.0339,16.6196,83.3465,3.08e-14
790,15,15,5624801.8403,4441.3220,3.102252,0.161182,3.516139,0.0236,89.4260,10.5504,3.34e-14
791,15,15,5625137.8073,4441.3220,3.102278,0.149838,3.516140,0.0233,11.5070,88.4697,3.89e-14
792,15,15,5627636.1318,4441.3220,3.102471,0.153846,3.516140,0.0245,35.3257,64.6498,4.64e-14
793,15,15,5627818.9343,4441.3220,3.102485,0.277535,3.516049,0.0658,64.6508,35.2834,2.32e-14
794,15,15,5652279.0496,4441.3220,3.104370,0.184937,3.516121,0.0324,92.6647,7.3029,7.01e-14
795,15,15,5655038.8248,4441.3220,3.104582,0.268907,3.516066,0.0574,7.2984,92.6442,6.05e-14
796,15,15,5698040.7060,4441.3220,3.107875,0.207582,3.516100,0.0432,19.0155,80.9413,2.33e-14
797,15,15,5698686.3943,4441.3220,3.107924,0.188656,3.516117,0.0348,80.9359,19.0293,2.51e-14
798,15,15,5756417.7688,4441.3220,3.112305,0.174923,3.516120,0.0333,94.7842,5.1826,3.45e-14
799,15,15,5757381.2681,4441.3220,3.112378,0.210175,3.516103,0.0413,5.1751,94.7837,3.89e-14
800,15,15,5763368.9243,4441.3220,3.112829,0.248187,3.516083,0.0502,9.9217,90.0281,1.96e-14
801,15,15,5763687.2826,4441.3220,3.112853,0.180750,3.516120,0.0326,90.0305,9.9369,3.95e-14
802,15,15,5784636.8794,4441.3220,3.114430,0.164099,3.516132,0.0269,2.3091,97.6640,4.55e-14
803,15,15,5786214.4104,4441.3220,3.114549,0.196183,3.516114,0.0353,97.6577,2.3071,2.59e-14
804,15,15,5810105.8611,4441.3220,3.116340,0.171344,3.516125,0.0309,50.0752,49.8939,3.12e-14
805,15,15,5811307.0950,4441.3220,3.116430,0.159171,3.516137,0.0260,49.9026,50.0714,4.99e-14
806,15,15,5828560.2940,4441.3220,3.117718,0.133274,3.516146,0.0213,93.9691,6.0096,5.02e-14
807,15,15,5830087.5295,4441.3220,3.117832,0.140187,3.516142,0.0231,95.4526,4.5243,5.89e-14
808,15,15,5830352.7705,4441.3220,3.117852,0.191336,3.516123,0.0313,6.2125,93.7562,5.53e-14
809,15,15,5831250.6320,4441.3220,3.117919,0.158826,3.516133,0.0274,4.3163,95.6563,5.12e-14
810,15,15,5834847.9188,4441.3220,3.118187,0.185271,3.516123,0.0316,0.1614,99.8070,3.84e-14
811,15,15,5835367.4799,4441.3220,3.118225,0.214400,3.516103,0.0404,99.7967,0.1629,4.78e-14
812,15,15,5838291.0561,4441.3220,3.118443,0.142517,3.516146,0.0203,0.7726,99.2071,6.35e-14
813,15,15,5840095.8318,4441.3220,3.118577,0.241862,3.516084,0.0495,99.1828,0.7677,3.63e-14
814,15,15,5845814.0962,4441.3220,3.119003,0.167543,3.516131,0.0285,96.8156,3.1559,5.50e-14
815,15,15,5847958.1525,4441.3220,3.119162,0.267113,3.516060,0.0598,3.1607,96.7795,4.22e-14
816,15,15,5851666.4721,4441.3220,3.119438,0.181109,3.516120,0.0331,0.6497,99.3172,3.45e-14
817,15,15,5852312.5457,4441.3220,3.119486,0.135140,3.516144,0.0222,99.3226,0.6552,4.49e-14
818,15,15,5865321.0308,4441.3220,3.120451,0.163387,3.516126,0.0306,83.9693,16.0001,4.49e-14
819,15,15,5865723.6849,4441.3220,3.120480,0.154761,3.516139,0.0250,16.0361,83.9389,5.13e-14
820,15,15,5870495.9929,4441.3220,3.120834,0.157179,3.516136,0.0261,22.9251,77.0488,5.87e-14
821,15,15,5870780.1435,4441.3220,3.120855,0.197274,3.516113,0.0364,76.9978,22.9657,4.55e-14
822,15,15,5875015.4197,4441.3220,3.121168,0.140029,3.516143,0.0230,99.2743,0.7027,4.76e-14
823,15,15,5875156.9456,4441.3220,3.121179,0.148502,3.516135,0.0266,0.7199,99.2535,3.79e-14
824,15,15,5884079.7375,4441.3220,3.121838,0.133793,3.516144,0.0223,91.3599,8.6178,4.80e-14
825,15,15,5885038.7286,4441.3220,3.121909,0.159670,3.516135,0.0263,8.6305,91.3432,6.09e-14
826,15,15,5888319.2099,4441.3220,3.122151,0.126119,3.516145,0.0221,98.7700,1.2079,6.12e-14
827,15,15,5888753.8852,4441.3220,3.122183,0.217825,3.516098,0.0430,1.1985,98.7585,4.65e-14
828,15,15,5898684.4673,4441.3220,3.122916,0.230134,3.516095,0.0446,3.1635,96.7919,4.01e-14
829,15,15,5899844.4034,4441.3220,3.123001,0.219378,3.516099,0.0415,96.7888,3.1696,5.06e-14
830,15,15,5904557.9685,4441.3220,3.123348,0.155155,3.516140,0.0226,1.7666,98.2108,3.84e-14
831,15,15,5905900.8116,4441.3220,3.123447,0.124894,3.516143,0.0239,98.2140,1.7622,4.15e-14
832,15,15,5911705.5605,4441.3220,3.123874,0.165201,3.516128,0.0287,66.6041,33.3671,5.86e-14
833,15,15,5912253.0083,4441.3220,3.123914,0.188749,3.516119,0.0326,32.7832,67.1843,4.64e-14
834,15,15,5913100.6177,4441.3220,3.123977,0.151708,3.516138,0.0253,67.8682,32.1065,6.53e-14
835,15,15,5913876.7099,4441.3220,3.124034,0.188753,3.516122,0.0325,32.6712,67.2963,3.96e-14
836,15,15,5927526.0067,4441.3220,3.125036,0.151985,3.516132,0.0278,89.9165,10.0557,4.91e-14
837,15,15,5928034.8207,4441.3220,3.125073,0.172134,3.516130,0.0274,10.0490,89.9236,3.75e-14
838,15,15,5936080.4502,4441.3220,3.125662,0.091408,3.516160,0.0155,99.7169,0.2676,7.41e-14
839,15,15,5937761.7278,4441.3220,3.125786,0.177088,3.516127,0.0295,0.2659,99.7046,6.30e-14
840,15,15,5943242.5885,4441.3220,3.126187,0.142629,3.516145,0.0211,50.8020,49.1769,6.11e-14
841,15,15,5943725.4559,4441.3220,3.126222,0.171712,3.516119,0.0343,49.1719,50.7937,3.20e-14
842,15,15,5945066.3331,4441.3220,3.126320,0.153084,3.516140,0.0240,4.8138,95.1622,5.80e-14
843,15,15,5945765.2895,4441.3220,3.126371,0.243613,3.516081,0.0511,95.1437,4.8052,4.72e-14
844,15,15,5947596.0223,4441.3220,3.126505,0.127420,3.516146,0.0219,76.8624,23.1157,6.42e-14
845,15,15,5947668.1797,4441.3220,3.126510,0.125946,3.516144,0.0222,38.2454,61.7324,7.02e-14
846,15,15,5948847.4952,4441.3220,3.126596,0.152089,3.516135,0.0266,14.8615,85.1119,4.14e-14
847,15,15,5949377.3866,4441.3220,3.126635,0.268247,3.516062,0.0599,69.9732,29.9669,4.18e-14
848,15,15,5953610.9966,4441.3220,3.126944,0.139533,3.516143,0.0218,67.3649,32.6133,7.27e-14
849,15,15,5954671.9868,4441.3220,3.127022,0.249707,3.516077,0.0531,32.5965,67.3503,3.74e-14
850,15,15,5958452.8454,4441.3220,3.127297,0.098173,3.516157,0.0167,88.5727,11.4106,6.51e-14
851,15,15,5959210.4816,4441.3220,3.127353,0.188082,3.516122,0.0315,11.4053,88.5631,5.87e-14
852,15,15,5960779.9098,4441.3220,3.127467,0.169905,3.516130,0.0295,99.9410,0.0296,4.84e-14
853,15,15,5962950.2920,4441.3220,3.127625,0.282733,3.516049,0.0647,0.0257,99.9096,4.72e-14
854,15,15,5972434.3225,4441.3220,3.128316,0.174436,3.516124,0.0319,61.4832,38.4848,2.88e-14
855,15,15,5972742.5730,4441.3220,3.128338,0.116685,3.516153,0.0188,38.5293,61.4518,6.24e-14
856,15,15,5977290.1012,4441.3220,3.128669,0.163557,3.516129,0.0293,29.1513,70.8194,4.48e-14
857,15,15,5977549.4744,4441.3220,3.128688,0.145957,3.516144,0.0211,70.7642,29.2148,6.01e-14
858,15,15,5983980.0780,4441.3220,3.129155,0.154595,3.516140,0.0230,58.3231,41.6539,5.65e-14
859,15,15,5984971.1880,4441.3220,3.129227,0.133261,3.516143,0.0239,41.8679,58.1081,4.91e-14
860,15,15,5987083.2309,4441.3220,3.129381,0.139149,3.516144,0.0215,7.8067,92.1718,4.64e-14
861,15,15,5989714.4540,4441.3220,3.129572,0.188592,3.516115,0.0354,91.9426,8.0220,4.47e-14
862,15,15,6000451.4251,4441.3220,3.130350,0.147749,3.516133,0.0273,32.6580,67.3147,5.22e-14
863,15,15,6001086.6298,4441.3220,3.130396,0.139922,3.516143,0.0238,67.4035,32.5727,5.58e-14
864,15,15,6003623.5624,4441.3220,3.130580,0.160383,3.516127,0.0294,64.4031,35.5675,4.60e-14
865,15,15,6003885.7627,4441.3220,3.130599,0.137665,3.516147,0.0193,35.4968,64.4840,6.24e-14
866,15,15,6007246.5608,4441.3220,3.130842,0.139072,3.516140,0.0247,1.0779,98.8974,5.07e-14
867,15,15,6008120.8330,4441.3220,3.130905,0.185769,3.516123,0.0307,98.8805,1.0888,5.87e-14
868,15,15,6013024.4665,4441.3220,3.131260,0.131654,3.516146,0.0204,72.6690,27.3106,6.77e-14
869,15,15,6014051.4996,4441.3220,3.131334,0.148157,3.516139,0.0240,27.3250,72.6510,6.01e-14
870,15,15,6022743.8532,4441.3220,3.131962,0.229538,3.516088,0.0473,92.4731,7.4796,4.64e-14
871,15,15,6023293.3357,4441.3220,3.132001,0.174048,3.516124,0.0314,7.5164,92.4522,6.41e-14
872,15,15,6027570.8662,4441.3220,3.132310,0.113445,3.516153,0.0186,93.5103,6.4711,5.55e-14
873,15,15,6028577.7274,4441.3220,3.132383,0.158266,3.516134,0.0271,6.6253,93.3476,5.11e-14
874,15,15,6030091.5746,4441.3220,3.132492,0.167621,3.516129,0.0286,99.2672,0.7041,6.69e-14
875,15,15,6030286.5365,4441.3220,3.132506,0.163602,3.516129,0.0291,0.5140,99.4569,7.16e-14
876,15,15,6033090.3345,4441.3220,3.132708,0.131699,3.516148,0.0204,90.8030,9.1766,5.15e-14
877,15,15,6033663.4410,4441.3220,3.132749,0.156359,3.516133,0.0277,9.1690,90.8033,5.66e-14
878,15,15,6039120.4694,4441.3220,3.133142,0.146624,3.516144,0.0212,2.2720,97.7068,3.80e-14
879,15,15,6040993.5948,4441.3220,3.133277,0.156221,3.516137,0.0250,97.6962,2.2789,4.60e-14
880,15,15,6044682.2104,4441.3220,3.133542,0.142942,3.516143,0.0224,2.1474,97.8302,4.75e-14
881,15,15,6046797.5470,4441.3220,3.133694,0.179040,3.516124,0.0324,97.8198,2.1479,3.92e-14
882,15,15,6056773.3902,4441.3220,3.134410,0.131384,3.516149,0.0196,42.0815,57.8989,6.12e-14
883,15,15,6056910.8733,4441.3220,3.134420,0.154304,3.516135,0.0267,57.8936,42.0797,5.49e-14
884,15,15,6058951.8628,4441.3220,3.134567,0.154393,3.516139,0.0235,98.3195,1.6570,5.48e-14
885,15,15,6059550.0620,4441.3220,3.134610,0.153475,3.516140,0.0241,99.3568,0.6191,8.23e-14
886,15,15,6059875.8383,4441.3220,3.134633,0.157069,3.516135,0.0260,0.6163,99.3577,5.80e-14
887,15,15,6060122.8439,4441.3220,3.134651,0.198434,3.516116,0.0328,1.6556,98.3116,6.22e-14
888,15,15,6063958.0653,4441.3220,3.134926,0.126486,3.516142,0.0241,87.3195,12.6564,4.78e-14
889,15,15,6065079.8938,4441.3220,3.135006,0.097755,3.516161,0.0133,12.6599,87.3269,7.20e-14
890,15,15,6070660.0783,4441.3220,3.135406,0.131697,3.516145,0.0221,10.9925,88.9854,4.04e-14
891,15,15,6071541.6648,4441.3220,3.135469,0.143674,3.516144,0.0214,88.9973,10.9813,4.90e-14
892,15,15,6078560.7528,4441.3220,3.135971,0.134017,3.516142,0.0226,99.8751,0.1023,6.23e-14
893,15,15,6080374.1816,4441.3220,3.136101,0.243407,3.516083,0.0493,0.1100,99.8407,4.80e-14
894,15,15,6080825.4715,4441.3220,3.136133,0.119876,3.516152,0.0161,90.0031,9.9807,6.60e-14
895,15,15,6081094.8646,4441.3220,3.136152,0.229821,3.516092,0.0457,9.9668,89.9875,4.74e-14
896,15,15,6085960.6948,4441.3220,3.136500,0.137063,3.516141,0.0237,99.7627,0.2136,5.64e-14
897,15,15,6086360.1980,4441.3220,3.136528,0.122398,3.516153,0.0175,0.2079,99.7747,5.91e-14
898,15,15,6092133.3255,4441.3220,3.136940,0.145148,3.516146,0.0196,86.8192,13.1612,5.59e-14
899,15,15,6092658.3098,4441.3220,3.136978,0.159905,3.516136,0.0250,13.1777,86.7973,4.86e-14
900,15,15,6096203.8264,4441.3220,3.137231,0.123328,3.516146,0.0224,99.7941,0.1836,7.37e-14
901,15,15,6097034.7148,4441.3220,3.137290,0.136921,3.516139,0.0259,0.1821,99.7920,7.41e-14
902,15,15,6098563.6257,4441.3220,3.137399,0.185438,3.516119,0.0339,93.0296,6.9365,3.43e-14
903,15,15,6099976.2251,4441.3220,3.137500,0.172375,3.516129,0.0295,6.9300,93.0405,5.69e-14
904,15,15,6102488.7254,4441.3220,3.137679,0.164779,3.516136,0.0249,96.1043,3.8708,4.59e-14
905,15,15,6102915.0293,4441.3220,3.137709,0.158192,3.516135,0.0257,3.8659,96.1084,5.05e-14
906,15,15,6108677.7304,4441.3220,3.138119,0.088068,3.516164,0.0137,25.1509,74.8353,7.52e-14
907,15,15,6109471.8056,4441.3220,3.138176,0.155044,3.516134,0.0281,74.8037,25.1682,5.92e-14
908,15,15,6114340.9043,4441.3220,3.138522,0.129547,3.516150,0.0191,1.8285,98.1523,6.78e-14
909,15,15,6114798.7169,4441.3220,3.138554,0.121301,3.516146,0.0212,97.8939,2.0849,4.10e-14
910,15,15,6116240.8859,4441.3220,3.138657,0.081473,3.516169,0.0111,17.2108,82.7782,8.79e-14
911,15,15,6117665.6452,4441.3220,3.138758,0.143166,3.516144,0.0228,83.0240,16.9532,6.20e-14
912,15,15,6121180.9889,4441.3220,3.139008,0.166613,3.516134,0.0257,0.6545,99.3198,5.59e-14
913,15,15,6123346.8763,4441.3220,3.139161,0.238224,3.516083,0.0501,99.2958,0.6541,4.52e-14
914,15,15,6124582.1358,4441.3220,3.139249,0.147052,3.516139,0.0237,99.1392,0.8372,3.51e-14
915,15,15,6125159.8393,4441.3220,3.139290,0.137384,3.516148,0.0195,0.8347,99.1457,5.20e-14
916,15,15,6130066.3582,4441.3220,3.139638,0.097584,3.516158,0.0153,0.2383,99.7464,6.87e-14
917,15,15,6130779.2814,4441.3220,3.139689,0.166155,3.516132,0.0274,99.7398,0.2328,3.93e-14
918,15,15,6132526.7665,4441.3220,3.139813,0.113239,3.516156,0.0154,99.2783,0.7063,7.58e-14
919,15,15,6133490.5255,4441.3220,3.139881,0.182998,3.516123,0.0323,0.7055,99.2622,5.25e-14
920,15,15,6138109.1280,4441.3220,3.140208,0.125134,3.516145,0.0209,14.3115,85.6675,5.48e-14
921,15,15,6139062.9807,4441.3220,3.140276,0.151032,3.516137,0.0255,85.6654,14.3091,5.17e-14
922,15,15,6158262.4704,4441.3220,3.141633,0.187973,3.516118,0.0337,19.1875,80.7788,7.26e-14
923,15,15,6158349.9242,4441.3220,3.141639,0.125527,3.516147,0.0212,20.0554,79.9234,4.71e-14
924,15,15,6158897.6252,4441.3220,3.141677,0.118674,3.516152,0.0192,79.7970,20.1839,5.18e-14
925,15,15,6159787.5891,4441.3220,3.141740,0.160279,3.516130,0.0297,80.8834,19.0869,7.13e-14
926,15,15,6162701.5523,4441.3220,3.141946,0.180035,3.516121,0.0326,50.3143,49.6532,6.36e-14
927,15,15,6163462.8203,4441.3220,3.141999,0.189905,3.516116,0.0340,48.8445,51.1215,5.02e-14
928,15,15,6164259.9892,4441.3220,3.142056,0.154089,3.516139,0.0244,1.3131,98.6625,5.33e-14
929,15,15,6165027.9658,4441.3220,3.142110,0.156527,3.516137,0.0265,99.5699,0.4037,5.78e-14
930,15,15,6165493.0362,4441.3220,3.142143,0.183269,3.516120,0.0336,99.5695,0.3968,5.62e-14
931,15,15,6166586.7220,4441.3220,3.142220,0.138447,3.516145,0.0217,0.3687,99.6096,5.99e-14
932,15,15,6173446.7945,4441.3220,3.142703,0.119075,3.516156,0.0164,98.8179,1.1658,5.32e-14
933,15,15,6173917.8489,4441.3220,3.142736,0.136928,3.516144,0.0210,1.1686,98.8104,5.03e-14
934,15,15,6175018.3964,4441.3220,3.142814,0.133919,3.516147,0.0207,28.6188,71.3605,5.57e-14
935,15,15,6175553.9507,4441.3220,3.142851,0.140042,3.516145,0.0207,71.3189,28.6603,6.98e-14
936,15,15,6181665.6771,4441.3220,3.143281,0.106466,3.516157,0.0167,98.3463,1.6369,8.08e-14
937,15,15,6182541.0517,4441.3220,3.143343,0.140471,3.516142,0.0239,99.7818,0.1943,7.56e-14
938,15,15,6183183.6330,4441.3220,3.143388,0.178087,3.516126,0.0320,1.6378,98.3302,8.13e-14
939,15,15,6184386.9495,4441.3220,3.143472,0.149428,3.516138,0.0245,0.1970,99.7786,5.39e-14
940,15,15,6188928.4336,4441.3220,3.143791,0.097482,3.516164,0.0138,16.6496,83.3366,4.25e-14
941,15,15,6188940.1102,4441.3220,3.143792,0.129558,3.516147,0.0213,83.5323,16.4464,5.73e-14
942,15,15,6189247.4047,4441.3220,3.143814,0.136996,3.516144,0.0206,89.8887,10.0907,6.08e-14
943,15,15,6189523.0739,4441.3220,3.143833,0.136620,3.516146,0.0201,9.8672,90.1127,7.76e-14
944,15,15,6192082.8035,4441.3220,3.144013,0.127637,3.516149,0.0197,60.2560,39.7243,3.92e-14
945,15,15,6192448.7704,4441.3220,3.144039,0.097874,3.516157,0.0166,39.7281,60.2552,7.49e-14
946,15,15,6193389.8157,4441.3220,3.144105,0.193088,3.516115,0.0355,48.4375,51.5271,7.36e-14
947,15,15,6194358.3629,4441.3220,3.144173,0.121628,3.516151,0.0169,51.5401,48.4430,8.04e-14
948,15,15,6200458.2347,4441.3220,3.144600,0.098048,3.516156,0.0171,41.5387,58.4442,5.43e-14
949,15,15,6200785.1206,4441.3220,3.144623,0.116289,3.516153,0.0189,58.4408,41.5402,5.05e-14
950,15,15,6207258.8155,4441.3220,3.145077,0.118604,3.516149,0.0196,95.0191,4.9613,4.70e-14
951,15,15,6207655.2874,4441.3220,3.145105,0.097010,3.516160,0.0160,5.7704,94.2135,6.13e-14
952,15,15,6208221.8987,4441.3220,3.145144,0.122023,3.516154,0.0174,10.3735,89.6091,5.62e-14
953,15,15,6209213.0645,4441.3220,3.145214,0.114283,3.516156,0.0178,89.2905,10.6917,6.08e-14
954,15,15,6209713.9543,4441.3220,3.145249,0.104146,3.516156,0.0176,95.7128,4.2696,5.10e-14
955,15,15,6210286.0256,4441.3220,3.145289,0.115901,3.516154,0.0169,3.7875,96.1955,4.46e-14
956,15,15,6217822.9972,4441.3220,3.145816,0.113703,3.516153,0.0183,61.5363,38.4454,5.46e-14
957,15,15,6218277.0008,4441.3220,3.145848,0.129278,3.516151,0.0183,38.4425,61.5392,5.67e-14
958,15,15,6219647.9906,4441.3220,3.145943,0.131775,3.516150,0.0203,67.1650,32.8147,5.90e-14
959,15,15,6220000.8447,4441.3220,3.145968,0.149010,3.516141,0.0243,32.7983,67.1774,6.94e-14
960,15,15,6221902.2699,4441.3220,3.146101,0.106730,3.516154,0.0156,18.6727,81.3117,4.48e-14
961,15,15,6222219.1597,4441.3220,3.146123,0.143335,3.516145,0.0209,81.6502,18.3289,6.75e-14
962,15,15,6223481.5257,4441.3220,3.146211,0.108898,3.516157,0.0178,90.4708,9.5114,6.13e-14
963,15,15,6224558.2974,4441.3220,3.146286,0.114955,3.516153,0.0184,9.1742,90.8075,5.80e-14
964,15,15,6234353.4784,4441.3220,3.146970,0.131806,3.516142,0.0230,3.2336,96.7434,5.91e-14
965,15,15,6235030.1873,4441.3220,3.147017,0.152333,3.516136,0.0258,96.7617,3.2126,5.95e-14
966,15,15,6236187.2468,4441.3220,3.147097,0.136641,3.516145,0.0202,99.6067,0.3731,6.80e-14
967,15,15,6237673.9776,4441.3220,3.147201,0.152587,3.516134,0.0253,0.3807,99.5941,6.88e-14
968,15,15,6239078.1497,4441.3220,3.147299,0.095754,3.516158,0.0146,4.4487,95.5367,8.65e-14
969,15,15,6239921.3973,4441.3220,3.147358,0.160606,3.516133,0.0291,94.8740,5.0969,3.41e-14
970,15,15,6240370.2561,4441.3220,3.147389,0.171446,3.516131,0.0281,28.5699,71.4019,5.67e-14
971,15,15,6240491.6337,4441.3220,3.147397,0.149685,3.516142,0.0240,72.3744,27.6016,6.11e-14
972,15,15,6241045.1896,4441.3220,3.147436,0.130837,3.516149,0.0194,3.4443,96.5363,6.01e-14
973,15,15,6241780.8625,4441.3220,3.147487,0.131260,3.516152,0.0185,97.3276,2.6540,6.28e-14
974,15,15,6242037.9776,4441.3220,3.147505,0.122746,3.516150,0.0188,98.3465,1.6347,7.24e-14
975,15,15,6243696.8106,4441.3220,3.147621,0.152146,3.516135,0.0261,2.0951,97.8788,6.97e-14
976,15,15,6244715.6132,4441.3220,3.147691,0.071806,3.516170,0.0114,4.7213,95.2673,6.66e-14
977,15,15,6245035.7730,4441.3220,3.147714,0.121046,3.516153,0.0168,93.6415,6.3417,4.79e-14
978,15,15,6250579.0891,4441.3220,3.148099,0.124734,3.516152,0.0180,98.4857,1.4963,5.44e-14
979,15,15,6252310.5002,4441.3220,3.148220,0.168416,3.516129,0.0294,1.5050,98.4656,5.47e-14
980,15,15,6260199.9465,4441.3220,3.148768,0.124261,3.516149,0.0195,2.5120,97.4685,7.40e-14
981,15,15,6260458.1868,4441.3220,3.148786,0.113485,3.516154,0.0169,98.3618,1.6213,6.14e-14
982,15,15,6261374.4342,4441.3220,3.148849,0.145643,3.516143,0.0216,97.3315,2.6470,6.35e-14
983,15,15,6261518.1690,4441.3220,3.148859,0.161001,3.516133,0.0277,14.2896,85.6828,6.56e-14
984,15,15,6262128.4904,4441.3220,3.148902,0.148259,3.516137,0.0276,2.8496,97.1228,6.91e-14
985,15,15,6262195.2061,4441.3220,3.148906,0.184864,3.516122,0.0342,84.6785,15.2873,6.40e-14
986,15,15,6265324.5900,4441.3220,3.149123,0.161593,3.516132,0.0266,0.9469,99.0265,5.55e-14
987,15,15,6265889.3640,4441.3220,3.149163,0.162683,3.516130,0.0269,95.6737,4.2994,7.74e-14
988,15,15,6266170.2622,4441.3220,3.149182,0.077298,3.516168,0.0131,7.0680,92.9188,8.10e-14
989,15,15,6266597.3066,4441.3220,3.149212,0.112201,3.516153,0.0193,87.1691,12.8116,6.64e-14
990,15,15,6267224.3416,4441.3220,3.149255,0.101164,3.516160,0.0144,84.5839,15.4017,7.91e-14
991,15,15,6267757.1502,4441.3220,3.149292,0.130290,3.516148,0.0210,24.1514,75.8276,5.16e-14
992,15,15,6269073.0360,4441.3220,3.149383,0.143341,3.516146,0.0200,43.2024,56.7776,7.68e-14
993,15,15,6269769.3388,4441.3220,3.149432,0.135967,3.516148,0.0187,55.2434,44.7379,5.75e-14
994,15,15,6270226.5578,4441.3220,3.149463,0.115296,3.516149,0.0189,8.5352,91.4459,6.92e-14
995,15,15,6270974.0400,4441.3220,3.149515,0.142960,3.516144,0.0198,93.2707,6.7095,6.90e-14
996,15,15,6272637.7912,4441.3220,3.149630,0.079563,3.516166,0.0113,98.1153,1.8734,7.41e-14
997,15,15,6274183.9735,4441.3220,3.149737,0.135141,3.516144,0.0193,1.8676,98.1130,6.60e-14
998,15,15,6274894.3793,4441.3220,3.149787,0.109077,3.516156,0.0181,99.7982,0.1837,7.65e-14
999,15,15,6275144.1940,4441.3220,3.149804,0.177100,3.516124,0.0306,96.3923,3.5770,4.70e-14
1000,15,15,6275590.7718,4441.3220,3.149835,0.166197,3.516127,0.0309,3.5658,96.4033,4.51e-14
1001,15,15,6275902.4546,4441.3220,3.149856,0.160969,3.516131,0.0271,0.2176,99.7554,8.66e-14
1002,15,15,6280310.3964,4441.3220,3.150162,0.093901,3.516163,0.0121,96.8353,3.1526,7.79e-14
1003,15,15,6280961.3356,4441.3220,3.150207,0.156874,3.516137,0.0245,3.0815,96.8939,5.99e-14
1004,15,15,6285415.0552,4441.3220,3.150515,0.110905,3.516156,0.0164,68.8839,31.0997,5.76e-14
1005,15,15,6285708.3749,4441.3220,3.150535,0.140260,3.516143,0.0224,31.0943,68.8832,6.57e-14
1006,15,15,6290700.1030,4441.3220,3.150880,0.075440,3.516168,0.0130,98.0041,1.9828,7.41e-14
1007,15,15,6291483.2380,4441.3220,3.150934,0.112213,3.516156,0.0166,7.5565,92.4269,6.10e-14
1008,15,15,6291806.0921,4441.3220,3.150956,0.129478,3.516150,0.0184,30.0730,69.9086,6.50e-14
1009,15,15,6292033.7779,4441.3220,3.150972,0.125566,3.516153,0.0154,75.3397,24.6449,5.93e-14
1010,15,15,6292764.8381,4441.3220,3.151023,0.105321,3.516161,0.0137,86.0589,13.9274,6.53e-14
1011,15,15,6292995.2632,4441.3220,3.151039,0.104626,3.516160,0.0153,97.2760,2.7087,9.14e-14
1012,15,15,6293155.9566,4441.3220,3.151050,0.101852,3.516157,0.0163,3.9584,96.0252,7.19e-14
1013,15,15,6294540.8580,4441.3220,3.151145,0.125387,3.516150,0.0200,1.8606,98.1193,8.45e-14
1014,15,15,6295423.5042,4441.3220,3.151206,0.104109,3.516157,0.0159,5.7134,94.2708,7.20e-14
1015,15,15,6295888.2310,4441.3220,3.151238,0.113042,3.516153,0.0155,94.2113,5.7733,6.79e-14
1016,15,15,6296565.4753,4441.3220,3.151285,0.083562,3.516168,0.0117,21.7469,78.2414,8.82e-14
1017,15,15,6297183.4517,4441.3220,3.151328,0.104147,3.516161,0.0153,78.2698,21.7150,6.20e-14
1018,15,15,6298786.3113,4441.3220,3.151438,0.103776,3.516159,0.0147,62.1268,37.8585,6.83e-14
1019,15,15,6299079.2301,4441.3220,3.151458,0.102873,3.516156,0.0170,38.4110,61.5720,8.03e-14
1020,15,15,6299853.4530,4441.3220,3.151512,0.120687,3.516154,0.0137,86.7925,13.1938,7.10e-14
1021,15,15,6300369.6128,4441.3220,3.151548,0.112111,3.516155,0.0171,12.5062,87.4767,6.44e-14
1022,15,15,6305351.9475,4441.3220,3.151891,0.069581,3.516169,0.0119,70.1303,29.8578,8.30e-14
1023,15,15,6305741.5625,4441.3220,3.151918,0.114865,3.516152,0.0169,29.7494,70.2338,6.24e-14
1024,15,15,6307380.3782,4441.3220,3.152031,0.157937,3.516130,0.0280,9.8221,90.1499,6.26e-14
1025,15,15,6308321.8147,4441.3220,3.152096,0.141314,3.516141,0.0222,90.1542,9.8236,5.30e-14
1026,15,15,6308436.4621,4441.3220,3.152104,0.112238,3.516153,0.0177,9.1624,90.8199,8.17e-14
1027,15,15,6309363.8704,4441.3220,3.152167,0.148995,3.516138,0.0261,90.1606,9.8134,5.25e-14
1028,15,15,6310193.0178,4441.3220,3.152225,0.126536,3.516152,0.0189,20.7228,79.2582,8.25e-14
1029,15,15,6311405.8047,4441.3220,3.152308,0.168767,3.516129,0.0297,79.4435,20.5268,6.38e-14
1030,15,15,6312225.5638,4441.3220,3.152365,0.088738,3.516167,0.0122,15.0988,84.8890,7.36e-14
1031,15,15,6312559.6673,4441.3220,3.152388,0.121832,3.516153,0.0159,85.2046,14.7795,7.47e-14
1032,15,15,6314750.4350,4441.3220,3.152538,0.111042,3.516157,0.0163,78.0381,21.9456,1.03e-13
1033,15,15,6315771.5358,4441.3220,3.152609,0.126736,3.516150,0.0194,22.7717,77.2089,6.65e-14
1034,15,15,6315950.4726,4441.3220,3.152621,0.084171,3.516168,0.0110,23.1427,76.8463,8.68e-14
1035,15,15,6316228.5499,4441.3220,3.152640,0.099881,3.516161,0.0144,76.9305,23.0551,9.21e-14
1036,15,15,6318379.8929,4441.3220,3.152788,0.100692,3.516161,0.0127,28.3659,71.6214,9.11e-14
1037,15,15,6319266.2579,4441.3220,3.152849,0.101391,3.516163,0.0143,1.5731,98.4126,7.82e-14
1038,15,15,6320100.4586,4441.3220,3.152906,0.110564,3.516156,0.0160,97.7424,2.2417,6.77e-14
1039,15,15,6320220.9270,4441.3220,3.152915,0.218610,3.516100,0.0436,71.5239,28.4325,6.35e-14
1040,15,15,6321141.8975,4441.3220,3.152978,0.080961,3.516163,0.0136,98.7770,1.2093,7.24e-14
1041,15,15,6321639.5145,4441.3220,3.153012,0.089443,3.516164,0.0137,1.3105,98.6758,7.42e-14
1042,15,15,6323808.1980,4441.3220,3.153161,0.091484,3.516166,0.0144,4.3146,95.6710,7.37e-14
1043,15,15,6324036.2896,4441.3220,3.153177,0.126355,3.516150,0.0177,62.1916,37.7906,5.98e-14
1044,15,15,6324324.5248,4441.3220,3.153197,0.085933,3.516161,0.0135,85.0519,14.9346,8.57e-14
1045,15,15,6324628.1828,4441.3220,3.153218,0.125337,3.516149,0.0178,52.2280,47.7542,8.30e-14
1046,15,15,6324813.7377,4441.3220,3.153230,0.121220,3.516152,0.0201,88.0395,11.9404,6.97e-14
1047,15,15,6325452.8141,4441.3220,3.153274,0.147631,3.516139,0.0235,8.3321,91.6445,6.20e-14
1048,15,15,6327615.3136,4441.3220,3.153423,0.130496,3.516149,0.0202,2.2250,97.7549,7.67e-14
1049,15,15,6328040.1350,4441.3220,3.153452,0.096660,3.516161,0.0133,97.7651,2.2216,8.46e-14
1050,15,15,6330016.4113,4441.3220,3.153588,0.097477,3.516163,0.0126,2.1471,97.8403,6.89e-14
1051,15,15,6330350.7588,4441.3220,3.153611,0.093983,3.516161,0.0157,97.8553,2.1290,6.41e-14
1052,15,15,6330880.2643,4441.3220,3.153647,0.112110,3.516154,0.0178,98.6895,1.2926,7.50e-14
1053,15,15,6332147.6919,4441.3220,3.153734,0.156213,3.516135,0.0278,1.0222,98.9500,6.70e-14
1054,15,15,6333559.1253,4441.3220,3.153831,0.110596,3.516158,0.0162,30.4471,69.5367,5.92e-14
1055,15,15,6334390.4741,4441.3220,3.153888,0.101593,3.516155,0.0181,69.5216,30.4603,7.18e-14
1056,15,15,6338168.7277,4441.3220,3.154147,0.083317,3.516165,0.0130,46.6054,53.3816,6.71e-14
1057,15,15,6338866.7906,4441.3220,3.154195,0.079847,3.516168,0.0115,54.1508,45.8376,8.49e-14
1058,15,15,6339660.2844,4441.3220,3.154249,0.079992,3.516168,0.0095,13.1266,86.8638,8.25e-14
1059,15,15,6339973.6919,4441.3220,3.154271,0.074810,3.516167,0.0096,48.5890,51.4014,9.21e-14
1060,15,15,6340247.7593,4441.3220,3.154290,0.093581,3.516165,0.0137,70.2072,29.7791,4.28e-14
1061,15,15,6340730.4985,4441.3220,3.154323,0.072819,3.516171,0.0124,67.2904,32.6972,9.15e-14
1062,15,15,6342278.4987,4441.3220,3.154429,0.124756,3.516153,0.0192,82.3928,17.5880,9.11e-14
1063,15,15,6342851.8002,4441.3220,3.154468,0.171397,3.516131,0.0296,17.6106,82.3599,6.97e-14
1064,15,15,6344541.4546,4441.3220,3.154584,0.083337,3.516164,0.0122,68.0027,31.9851,8.22e-14
1065,15,15,6344940.2019,4441.3220,3.154611,0.075417,3.516168,0.0120,32.1246,67.8634,8.74e-14
1066,15,15,6346500.6093,4441.3220,3.154718,0.103493,3.516159,0.0145,42.6050,57.3805,6.73e-14
1067,15,15,6347075.6167,4441.3220,3.154757,0.101039,3.516160,0.0124,57.5008,42.4868,8.71e-14
1068,15,15,6347800.1352,4441.3220,3.154807,0.089902,3.516163,0.0126,76.2877,23.6997,1.05e-13
1069,15,15,6348166.4844,4441.3220,3.154832,0.095184,3.516163,0.0122,4.3028,95.6850,8.91e-14
1070,15,15,6348508.3977,4441.3220,3.154856,0.105971,3.516156,0.0160,93.0099,6.9741,6.83e-14
1071,15,15,6348682.7676,4441.3220,3.154867,0.133701,3.516146,0.0221,26.6185,73.3595,7.21e-14
1072,15,15,6349198.1382,4441.3220,3.154903,0.079455,3.516167,0.0140,97.6996,2.2864,8.59e-14
1073,15,15,6349805.6060,4441.3220,3.154944,0.104808,3.516157,0.0154,1.9974,97.9872,8.27e-14
1074,15,15,6351896.8627,4441.3220,3.155087,0.096966,3.516162,0.0135,2.6206,97.3660,8.13e-14
1075,15,15,6352317.5322,4441.3220,3.155116,0.096854,3.516162,0.0141,31.3346,68.6513,7.89e-14
1076,15,15,6352334.8049,4441.3220,3.155117,0.099629,3.516161,0.0135,90.3383,9.6482,9.14e-14
1077,15,15,6352963.9542,4441.3220,3.155160,0.118763,3.516153,0.0174,71.8141,28.1684,7.89e-14
1078,15,15,6353329.5625,4441.3220,3.155185,0.102376,3.516164,0.0145,40.5962,59.3893,6.28e-14
1079,15,15,6353822.3707,4441.3220,3.155219,0.084012,3.516166,0.0129,63.0444,36.9427,8.07e-14
1080,15,15,6356201.9611,4441.3220,3.155382,0.078867,3.516165,0.0118,95.9894,3.9988,9.22e-14
1081,15,15,6356284.2672,4441.3220,3.155387,0.098673,3.516158,0.0151,24.9741,75.0108,8.11e-14
1082,15,15,6356398.7090,4441.3220,3.155395,0.121681,3.516148,0.0182,10.5983,89.3835,9.15e-14
1083,15,15,6356883.9541,4441.3220,3.155428,0.102279,3.516162,0.0149,68.4687,31.5164,7.91e-14
1084,15,15,6358433.2197,4441.3220,3.155534,0.101359,3.516155,0.0150,79.6753,20.3097,6.79e-14
1085,15,15,6358839.1166,4441.3220,3.155562,0.101360,3.516160,0.0132,20.3790,79.6078,9.08e-14
1086,15,15,6359318.9586,4441.3220,3.155595,0.142617,3.516135,0.0241,31.9749,68.0010,6.85e-14
1087,15,15,6359939.7873,4441.3220,3.155637,0.122403,3.516152,0.0178,67.8925,32.0897,8.68e-14
1088,15,15,6360538.7931,4441.3220,3.155678,0.133780,3.516145,0.0230,62.8850,37.0920,6.79e-14
1089,15,15,6360675.2635,4441.3220,3.155688,0.134640,3.516147,0.0227,37.3940,62.5833,8.14e-14
1090,15,15,6361860.6593,4441.3220,3.155769,0.099948,3.516165,0.0134,51.2761,48.7106,7.11e-14
1091,15,15,6362280.5870,4441.3220,3.155797,0.090017,3.516165,0.0128,48.7205,51.2667,7.72e-14
1092,15,15,6363918.6255,4441.3220,3.155909,0.087982,3.516167,0.0127,54.9514,45.0359,9.57e-14
1093,15,15,6363995.1681,4441.3220,3.155914,0.101131,3.516160,0.0135,46.4472,53.5393,6.83e-14
1094,15,15,6364505.9719,4441.3220,3.155949,0.088872,3.516162,0.0142,95.3245,4.6613,8.85e-14
1095,15,15,6364886.9752,4441.3220,3.155975,0.106550,3.516157,0.0158,3.0342,96.9500,8.93e-14
1096,15,15,6367288.9089,4441.3220,3.156139,0.085127,3.516166,0.0121,64.1113,35.8766,8.26e-14
1097,15,15,6367900.4946,4441.3220,3.156181,0.090782,3.516158,0.0137,35.5933,64.3930,6.76e-14
1098,15,15,6368637.5291,4441.3220,3.156231,0.094887,3.516160,0.0137,9.5172,90.4690,1.01e-13
1099,15,15,6369624.7907,4441.3220,3.156299,0.096207,3.516162,0.0124,90.0051,9.9825,8.14e-14
1100,15,15,6370826.5768,4441.3220,3.156381,0.142243,3.516139,0.0222,36.6723,63.3055,6.95e-14
1101,15,15,6371181.5681,4441.3220,3.156405,0.105064,3.516158,0.0165,31.5693,68.4143,6.61e-14
1102,15,15,6371355.9321,4441.3220,3.156417,0.140170,3.516144,0.0242,36.1521,63.8237,7.73e-14
1103,15,15,6371640.3315,4441.3220,3.156436,0.106806,3.516159,0.0166,76.0128,23.9706,8.68e-14
1104,15,15,6371898.8201,4441.3220,3.156454,0.098680,3.516161,0.0151,95.4046,4.5803,7.26e-14
1105,15,15,6372378.8404,4441.3220,3.156487,0.084964,3.516166,0.0122,25.8420,74.1458,7.28e-14
1106,15,15,6373239.0830,4441.3220,3.156545,0.088065,3.516163,0.0125,72.9573,27.0302,8.73e-14
1107,15,15,6373652.5572,4441.3220,3.156573,0.070450,3.516171,0.0108,23.7016,76.2875,6.65e-14
1108,15,15,6374236.7996,4441.3220,3.156613,0.087109,3.516164,0.0143,58.7697,41.2161,7.54e-14
1109,15,15,6374269.3217,4441.3220,3.156615,0.080883,3.516169,0.0122,56.6485,43.3393,8.57e-14
1110,15,15,6374606.1081,4441.3220,3.156638,0.088885,3.516165,0.0130,85.8528,14.1341,8.46e-14
1111,15,15,6375788.0832,4441.3220,3.156719,0.116255,3.516154,0.0171,2.3656,97.6173,1.04e-13
1112,15,15,6376600.3143,4441.3220,3.156774,0.091870,3.516164,0.0135,81.3644,18.6221,7.59e-14
1113,15,15,6376913.9845,4441.3220,3.156796,0.131303,3.516146,0.0217,66.4689,33.5095,8.25e-14
1114,15,15,6377202.5372,4441.3220,3.156815,0.089846,3.516163,0.0139,43.5177,56.4684,6.85e-14
1115,15,15,6377554.0701,4441.3220,3.156839,0.123585,3.516150,0.0188,7.7676,92.2136,6.25e-14
1116,15,15,6379598.5719,4441.3220,3.156979,0.122303,3.516152,0.0163,95.4229,4.5609,7.65e-14
1117,15,15,6379746.6994,4441.3220,3.156989,0.096274,3.516163,0.0144,4.4942,95.4914,8.19e-14
1118,15,15,6380039.7679,4441.3220,3.157009,0.087693,3.516162,0.0135,98.8036,1.1829,8.64e-14
1119,15,15,6380173.3556,4441.3220,3.157018,0.097784,3.516158,0.0142,0.8039,99.1819,7.63e-14
1120,15,15,6380875.8338,4441.3220,3.157066,0.093482,3.516158,0.0175,2.0817,97.9008,8.14e-14
1121,15,15,6381252.4176,4441.3220,3.157091,0.145605,3.516140,0.0249,97.1972,2.7780,6.20e-14
1122,15,15,6382276.5472,4441.3220,3.157161,0.076323,3.516167,0.0123,10.8061,89.1816,8.18e-14
1123,15,15,6382593.0187,4441.3220,3.157183,0.103244,3.516158,0.0153,90.5327,9.4520,6.93e-14
1124,15,15,6383909.7778,4441.3220,3.157272,0.090722,3.516165,0.0125,11.9185,88.0690,8.00e-14
1125,15,15,6384267.8698,4441.3220,3.157297,0.080552,3.516166,0.0128,83.8141,16.1730,8.30e-14
1126,15,15,6384541.9671,4441.3220,3.157315,0.088403,3.516166,0.0120,27.3716,72.6164,9.24e-14
1127,15,15,6384938.2538,4441.3220,3.157342,0.102827,3.516160,0.0144,57.8846,42.1010,9.21e-14
1128,15,15,6385233.7569,4441.3220,3.157362,0.096650,3.516161,0.0148,78.6672,21.3180,1.04e-13
1129,15,15,6385254.1109,4441.3220,3.157364,0.085984,3.516166,0.0117,58.4086,41.5797,9.62e-14
1130,15,15,6385549.0762,4441.3220,3.157384,0.097850,3.516163,0.0130,80.1732,19.8138,9.06e-14
1131,15,15,6385870.5643,4441.3220,3.157406,0.119933,3.516152,0.0176,4.1686,95.8138,7.34e-14
1132,15,15,6386471.4545,4441.3220,3.157447,0.074360,3.516167,0.0115,95.6291,4.3594,8.36e-14
1133,15,15,6386736.1044,4441.3220,3.157465,0.107339,3.516161,0.0166,2.0670,97.9164,7.97e-14
1134,15,15,6386945.7459,4441.3220,3.157479,0.083691,3.516169,0.0130,96.4268,3.5602,7.72e-14
1135,15,15,6387360.5702,4441.3220,3.157507,0.106844,3.516155,0.0142,3.4375,96.5483,7.91e-14
1136,15,15,6388045.1757,4441.3220,3.157554,0.114544,3.516154,0.0160,1.6652,98.3188,7.82e-14
1137,15,15,6388234.2189,4441.3220,3.157567,0.091046,3.516163,0.0134,97.4841,2.5025,7.49e-14
1138,15,15,6389738.4379,4441.3220,3.157669,0.084021,3.516167,0.0100,57.8841,42.1059,9.41e-14
1139,15,15,6390079.6955,4441.3220,3.157692,0.079696,3.516168,0.0096,43.9577,56.0327,9.38e-14
1140,15,15,6390791.6080,4441.3220,3.157740,0.101440,3.516163,0.0129,80.4668,19.5203,9.42e-14
1141,15,15,6390899.9803,4441.3220,3.157748,0.078481,3.516170,0.0126,17.8120,82.1754,6.92e-14
1142,15,15,6392428.1073,4441.3220,3.157852,0.112226,3.516160,0.0152,98.7300,1.2548,8.74e-14
1143,15,15,6392881.7621,4441.3220,3.157883,0.095659,3.516157,0.0142,1.4150,98.5708,8.25e-14
1144,15,15,6393649.1281,4441.3220,3.157935,0.087544,3.516169,0.0125,92.6798,7.3077,9.38e-14
1145,15,15,6393911.1858,4441.3220,3.157953,0.091967,3.516167,0.0120,7.1983,92.7897,9.18e-14
1146,15,15,6394570.5689,4441.3220,3.157997,0.099861,3.516160,0.0124,71.2023,28.7853,9.15e-14
1147,15,15,6394765.8102,4441.3220,3.158011,0.087170,3.516166,0.0126,28.4511,71.5363,8.19e-14
1148,15,15,6395742.2763,4441.3220,3.158077,0.091478,3.516164,0.0132,5.7356,94.2512,7.89e-14
1149,15,15,6396044.0225,4441.3220,3.158098,0.081458,3.516168,0.0106,95.2322,4.7572,9.70e-14
1150,15,15,6396649.8354,4441.3220,3.158139,0.100251,3.516161,0.0142,79.9517,20.0340,8.77e-14
1151,15,15,6396671.6246,4441.3220,3.158140,0.111271,3.516158,0.0160,25.4096,74.5744,8.41e-14
1152,15,15,6396848.0656,4441.3220,3.158152,0.094922,3.516163,0.0131,89.8954,10.0915,9.02e-14
1153,15,15,6397206.3534,4441.3220,3.158176,0.118980,3.516152,0.0169,18.2872,81.6958,8.03e-14
1154,15,15,6397325.9152,4441.3220,3.158185,0.069999,3.516170,0.0131,81.5679,18.4190,1.12e-13
1155,15,15,6398018.9731,4441.3220,3.158232,0.093896,3.516161,0.0157,3.4856,96.4987,6.24e-14
1156,15,15,6398303.2856,4441.3220,3.158251,0.088575,3.516163,0.0160,4.5195,95.4645,8.07e-14
1157,15,15,6398855.4480,4441.3220,3.158289,0.121451,3.516153,0.0187,96.7142,3.2672,7.26e-14
1158,15,15,6399236.4572,4441.3220,3.158314,0.119700,3.516154,0.0160,88.6124,11.3716,8.50e-14
1159,15,15,6399588.5675,4441.3220,3.158338,0.091293,3.516160,0.0136,28.0105,71.9759,8.25e-14
1160,15,15,6399712.3059,4441.3220,3.158347,0.076622,3.516169,0.0115,75.3745,24.6140,9.04e-14
1161,15,15,6400327.4082,4441.3220,3.158388,0.106806,3.516159,0.0152,7.0762,92.9086,9.46e-14
1162,15,15,6401582.6501,4441.3220,3.158474,0.108958,3.516157,0.0165,15.0606,84.9229,7.72e-14
1163,15,15,6402078.2929,4441.3220,3.158507,0.092991,3.516161,0.0144,78.1791,21.8065,8.06e-14
1164,15,15,6402154.6236,4441.3220,3.158513,0.115834,3.516159,0.0145,10.0181,89.9674,9.26e-14
1165,15,15,6403131.0509,4441.3220,3.158579,0.159612,3.516130,0.0313,93.1828,6.7859,5.90e-14
1166,15,15,6403341.9926,4441.3220,3.158593,0.110932,3.516156,0.0148,6.6344,93.3508,1.25e-13
1167,15,15,6403825.3783,4441.3220,3.158626,0.117859,3.516152,0.0160,95.5884,4.3956,7.98e-14
1168,15,15,6404104.1275,4441.3220,3.158645,0.085422,3.516170,0.0113,10.1138,89.8750,1.08e-13
1169,15,15,6404403.4298,4441.3220,3.158665,0.112509,3.516151,0.0183,53.5341,46.4475,8.40e-14
1170,15,15,6404801.7279,4441.3220,3.158692,0.107068,3.516157,0.0149,45.5463,54.4389,1.11e-13
1171,15,15,6405075.2756,4441.3220,3.158711,0.100846,3.516160,0.0152,89.5520,10.4328,8.08e-14
1172,15,15,6405438.6053,4441.3220,3.158735,0.093959,3.516164,0.0119,49.9449,50.0432,8.12e-14
1173,15,15,6405750.2703,4441.3220,3.158757,0.100236,3.516163,0.0136,52.2341,47.7523,8.59e-14
1174,15,15,6406108.8947,4441.3220,3.158781,0.109588,3.516159,0.0169,49.8576,50.1255,8.23e-14
1175,15,15,6406623.3646,4441.3220,3.158816,0.095175,3.516164,0.0129,34.0507,65.9363,9.27e-14
1176,15,15,6406790.9615,4441.3220,3.158827,0.126394,3.516150,0.0195,52.3970,47.5835,9.59e-14
1177,15,15,6407242.2034,4441.3220,3.158858,0.074798,3.516171,0.0124,27.7003,72.2874,1.10e-13
1178,15,15,6407304.1339,4441.3220,3.158862,0.111515,3.516156,0.0140,72.8434,27.1426,7.90e-14
1179,15,15,6407617.8853,4441.3220,3.158883,0.099418,3.516158,0.0152,60.7829,39.2019,8.61e-14
1180,15,15,6407824.9049,4441.3220,3.158897,0.105070,3.516155,0.0159,82.6175,17.3667,8.26e-14
1181,15,15,6408644.2012,4441.3220,3.158953,0.135546,3.516146,0.0181,20.5190,79.4629,9.66e-14
1182,15,15,6409204.8977,4441.3220,3.158991,0.089189,3.516168,0.0123,4.3919,95.5958,8.62e-14
1183,15,15,6409514.0821,4441.3220,3.159012,0.092144,3.516163,0.0148,95.4836,4.5016,7.75e-14
1184,15,15,6410167.1965,4441.3220,3.159056,0.095534,3.516158,0.0131,80.6096,19.3773,7.99e-14
1185,15,15,6410602.0056,4441.3220,3.159086,0.128216,3.516150,0.0194,23.6581,76.3225,7.45e-14
1186,15,15,6411132.5822,4441.3220,3.159122,0.100423,3.516158,0.0136,68.2714,31.7150,6.77e-14
1187,15,15,6411171.7492,4441.3220,3.159124,0.087573,3.516162,0.0112,45.7945,54.1943,1.07e-13
1188,15,15,6411422.2835,4441.3220,3.159141,0.083496,3.516165,0.0121,47.2074,52.7805,1.01e-13
1189,15,15,6411629.2334,4441.3220,3.159155,0.122761,3.516153,0.0184,45.1114,54.8701,8.73e-14
1190,15,15,6411742.0810,4441.3220,3.159163,0.108753,3.516156,0.0148,29.8522,70.1330,9.12e-14
1191,15,15,6411827.8266,4441.3220,3.159169,0.121722,3.516152,0.0149,87.6349,12.3502,9.19e-14
1192,15,15,6412203.0049,4441.3220,3.159194,0.111527,3.516157,0.0168,70.6858,29.2974,8.22e-14
1193,15,15,6412335.3801,4441.3220,3.159203,0.085189,3.516170,0.0143,8.8481,91.1376,8.51e-14
1194,15,15,6412756.9616,4441.3220,3.159232,0.096622,3.516164,0.0130,86.7778,13.2093,9.04e-14
1195,15,15,6412990.3049,4441.3220,3.159247,0.111120,3.516155,0.0154,28.1866,71.7980,7.50e-14
1196,15,15,6413065.2282,4441.3220,3.159253,0.089218,3.516164,0.0129,72.3618,27.6253,9.44e-14
1197,15,15,6413579.0806,4441.3220,3.159287,0.108822,3.516156,0.0161,5.1531,94.8308,9.47e-14
1198,15,15,6414786.2056,4441.3220,3.159369,0.089606,3.516166,0.0130,17.3169,82.6700,8.77e-14
1199,15,15,6415470.8323,4441.3220,3.159416,0.091712,3.516164,0.0140,81.5504,18.4357,9.94e-14
1200,15,15,6415943.0392,4441.3220,3.159448,0.087145,3.516165,0.0116,34.0328,65.9556,9.01e-14
1201,15,15,6416124.8947,4441.3220,3.159460,0.075268,3.516167,0.0098,13.9759,86.0144,8.09e-14
1202,15,15,6416320.1595,4441.3220,3.159473,0.091666,3.516162,0.0124,74.4880,25.4996,8.54e-14
1203,15,15,6416422.5948,4441.3220,3.159480,0.091275,3.516161,0.0142,75.6562,24.3296,8.96e-14
1204,15,15,6416691.5581,4441.3220,3.159498,0.088663,3.516167,0.0118,93.5058,6.4823,9.23e-14
1205,15,15,6416932.0908,4441.3220,3.159514,0.068705,3.516174,0.0086,61.4439,38.5474,1.17e-13
1206,15,15,6417551.5416,4441.3220,3.159556,0.077559,3.516173,0.0104,68.8629,31.1267,9.45e-14
1207,15,15,6417625.7746,4441.3220,3.159561,0.101896,3.516158,0.0141,25.8098,74.1762,7.96e-14
1208,15,15,6417856.1935,4441.3220,3.159577,0.091337,3.516166,0.0120,64.4676,35.5204,8.85e-14
1209,15,15,6417999.5156,4441.3220,3.159587,0.080534,3.516167,0.0098,93.7714,6.2188,1.03e-13
1210,15,15,6418224.2879,4441.3220,3.159602,0.073630,3.516168,0.0126,38.8455,61.1419,1.00e-13
1211,15,15,6418511.5137,4441.3220,3.159621,0.094272,3.516165,0.0134,18.4650,81.5216,8.41e-14
1212,15,15,6418819.7875,4441.3220,3.159642,0.131979,3.516150,0.0192,19.5301,80.4508,7.72e-14
1213,15,15,6419047.2130,4441.3220,3.159658,0.119916,3.516152,0.0149,32.6324,67.3527,9.38e-14
1214,15,15,6419443.5418,4441.3220,3.159685,0.165113,3.516129,0.0300,38.8703,61.0997,7.52e-14
1215,15,15,6419531.4960,4441.3220,3.159691,0.111661,3.516157,0.0145,47.4066,52.5789,7.56e-14
1216,15,15,6420774.4408,4441.3220,3.159775,0.083916,3.516167,0.0103,96.6060,3.3837,9.83e-14
1217,15,15,6421113.1199,4441.3220,3.159798,0.056187,3.516175,0.0106,30.8675,69.1219,8.79e-14
1218,15,15,6421264.7841,4441.3220,3.159808,0.097412,3.516162,0.0128,24.7228,75.2644,6.36e-14
1219,15,15,6421370.1137,4441.3220,3.159815,0.097435,3.516161,0.0133,46.6260,53.3606,8.48e-14
1220,15,15,6421950.8795,4441.3220,3.159854,0.092453,3.516161,0.0124,11.0501,88.9375,7.87e-14
1221,15,15,6422032.4085,4441.3220,3.159860,0.074661,3.516168,0.0125,90.6589,9.3287,9.00e-14
1222,15,15,6422548.4649,4441.3220,3.159895,0.064367,3.516173,0.0092,98.1365,1.8543,1.01e-13
1223,15,15,6423049.7140,4441.3220,3.159929,0.091003,3.516162,0.0135,4.2816,95.7049,7.85e-14
1224,15,15,6423393.0524,4441.3220,3.159952,0.087378,3.516163,0.0126,97.2805,2.7069,8.26e-14
1225,15,15,6423623.5741,4441.3220,3.159967,0.080347,3.516167,0.0136,48.6105,51.3759,9.15e-14
1226,15,15,6423675.2625,4441.3220,3.159971,0.090114,3.516161,0.0134,52.5495,47.4371,8.58e-14
1227,15,15,6423914.7831,4441.3220,3.159987,0.090023,3.516163,0.0144,82.0056,17.9800,8.35e-14
1228,15,15,6424071.2628,4441.3220,3.159998,0.125205,3.516148,0.0179,11.4502,88.5319,8.27e-14
1229,15,15,6424364.0657,4441.3220,3.160018,0.131643,3.516151,0.0176,8.5677,91.4147,7.41e-14
1230,15,15,6424629.6714,4441.3220,3.160036,0.089557,3.516167,0.0120,66.4378,33.5502,8.22e-14
1231,15,15,6424764.6212,4441.3220,3.160045,0.091289,3.516161,0.0134,30.7229,69.2637,8.28e-14
1232,15,15,6425416.4783,4441.3220,3.160089,0.093420,3.516165,0.0131,9.3708,90.6161,8.52e-14
1233,15,15,6425718.6984,4441.3220,3.160109,0.092173,3.516159,0.0109,79.1872,20.8019,8.06e-14
1234,15,15,6425921.5355,4441.3220,3.160123,0.079760,3.516170,0.0110,53.1278,46.8612,1.10e-13
1235,15,15,6426455.0249,4441.3220,3.160159,0.097990,3.516165,0.0154,55.0459,44.9387,8.68e-14
1236,15,15,6426551.8854,4441.3220,3.160166,0.116130,3.516156,0.0152,41.5785,58.4063,8.28e-14
1237,15,15,6426773.4526,4441.3220,3.160181,0.102829,3.516159,0.0168,68.6500,31.3332,9.53e-14
1238,15,15,6427045.5257,4441.3220,3.160199,0.098587,3.516158,0.0144,81.0806,18.9049,7.95e-14
1239,15,15,6427259.8242,4441.3220,3.160213,0.103194,3.516158,0.0144,14.2817,85.7039,8.22e-14
1240,15,15,6427574.0583,4441.3220,3.160235,0.075114,3.516170,0.0104,34.2664,65.7232,9.56e-14
1241,15,15,6427917.6475,4441.3220,3.160258,0.061734,3.516177,0.0116,63.6112,36.3772,9.65e-14
1242,15,15,6428108.8306,4441.3220,3.160271,0.101631,3.516158,0.0133,91.1177,8.8690,1.07e-13
1243,15,15,6428169.0971,4441.3220,3.160275,0.070015,3.516174,0.0128,66.0560,33.9313,8.01e-14
1244,15,15,6428313.2156,4441.3220,3.160285,0.090815,3.516165,0.0138,39.3674,60.6187,8.71e-14
1245,15,15,6428637.5002,4441.3220,3.160307,0.070905,3.516170,0.0097,87.8196,12.1707,1.13e-13
1246,15,15,6428874.4461,4441.3220,3.160323,0.138798,3.516143,0.0211,13.5842,86.3947,8.84e-14
1247,15,15,6429342.7676,4441.3220,3.160354,0.110092,3.516161,0.0147,3.2549,96.7304,7.72e-14
1248,15,15,6429650.4231,4441.3220,3.160375,0.084475,3.516167,0.0123,86.5758,13.4119,7.91e-14
1249,15,15,6429926.9423,4441.3220,3.160394,0.116611,3.516154,0.0137,13.9546,86.0316,8.56e-14
1250,15,15,6430153.6283,4441.3220,3.160409,0.095141,3.516162,0.0120,81.3372,18.6508,7.97e-14
1251,15,15,6430424.5968,4441.3220,3.160427,0.079691,3.516167,0.0128,65.9024,34.0848,8.91e-14
1252,15,15,6430562.1330,4441.3220,3.160437,0.099360,3.516161,0.0147,47.2174,52.7679,9.11e-14
1253,15,15,6430691.5141,4441.3220,3.160445,0.100867,3.516161,0.0142,3.6793,96.3064,8.40e-14
1254,15,15,6431217.7770,4441.3220,3.160481,0.111580,3.516157,0.0150,3.4145,96.5705,8.23e-14
1255,15,15,6431406.3831,4441.3220,3.160494,0.099932,3.516162,0.0136,73.5696,26.4168,8.69e-14
1256,15,15,6431550.4681,4441.3220,3.160503,0.103405,3.516159,0.0147,46.8727,53.1126,8.45e-14
1257,15,15,6431838.0914,4441.3220,3.160523,0.089105,3.516164,0.0115,77.0972,22.8914,1.02e-13
1258,15,15,6432043.2345,4441.3220,3.160537,0.096500,3.516162,0.0137,55.2044,44.7819,9.17e-14
1259,15,15,6432111.1519,4441.3220,3.160541,0.098991,3.516160,0.0130,62.3606,37.6264,7.51e-14
1260,15,15,6432406.2516,4441.3220,3.160561,0.083603,3.516168,0.0117,37.7668,62.2215,8.92e-14
1261,15,15,6432676.4201,4441.3220,3.160579,0.100580,3.516162,0.0155,57.9607,42.0238,7.80e-14
1262,15,15,6432746.7475,4441.3220,3.160584,0.099656,3.516158,0.0138,44.3541,55.6320,9.72e-14
1263,15,15,6432842.6831,4441.3220,3.160591,0.111860,3.516157,0.0166,42.4085,57.5749,8.03e-14
1264,15,15,6433168.0814,4441.3220,3.160613,0.093704,3.516162,0.0125,93.1090,6.8785,8.97e-14
1265,15,15,6433499.4447,4441.3220,3.160635,0.084503,3.516163,0.0136,5.9864,94.0000,8.40e-14
1266,15,15,6433910.9371,4441.3220,3.160663,0.088955,3.516164,0.0115,95.9141,4.0744,8.81e-14
1267,15,15,6434357.5498,4441.3220,3.160693,0.092615,3.516167,0.0127,33.6994,66.2878,9.17e-14
1268,15,15,6434470.8014,4441.3220,3.160701,0.087462,3.516166,0.0123,63.9214,36.0662,8.96e-14
1269,15,15,6434695.2511,4441.3220,3.160716,0.091589,3.516164,0.0106,7.2719,92.7174,9.98e-14
1270,15,15,6434943.0875,4441.3220,3.160733,0.081873,3.516169,0.0115,83.6685,16.3200,9.60e-14
1271,15,15,6435210.6095,4441.3220,3.160751,0.109180,3.516156,0.0141,21.0442,78.9417,9.77e-14
1272,15,15,6435301.3010,4441.3220,3.160757,0.082905,3.516165,0.0125,84.7217,15.2658,9.01e-14
1273,15,15,6435335.7355,4441.3220,3.160759,0.094785,3.516161,0.0131,48.7916,51.1953,8.54e-14
1274,15,15,6435523.2346,4441.3220,3.160772,0.081538,3.516168,0.0129,42.8806,57.1065,9.05e-14
1275,15,15,6435735.5047,4441.3220,3.160786,0.113424,3.516153,0.0162,12.9480,87.0358,8.90e-14
1276,15,15,6435869.7062,4441.3220,3.160795,0.104575,3.516157,0.0151,83.4024,16.5826,7.88e-14
1277,15,15,6436069.6877,4441.3220,3.160809,0.089011,3.516166,0.0122,21.3238,78.6640,9.90e-14
1278,15,15,6436209.2887,4441.3220,3.160818,0.070555,3.516171,0.0108,92.2595,7.7297,9.74e-14
1279,15,15,6436473.7465,4441.3220,3.160836,0.061883,3.516174,0.0101,8.5960,91.3940,9.89e-14
1280,15,15,6436620.7318,4441.3220,3.160846,0.074632,3.516167,0.0093,30.3607,69.6301,1.16e-13
1281,15,15,6436774.6771,4441.3220,3.160856,0.065114,3.516172,0.0093,67.9205,32.0702,9.90e-14
1282,15,15,6437243.6566,4441.3220,3.160888,0.080914,3.516167,0.0108,30.7887,69.2005,8.92e-14
1283,15,15,6437331.9664,4441.3220,3.160894,0.091428,3.516166,0.0113,80.9124,19.0763,8.92e-14
1284,15,15,6437421.0094,4441.3220,3.160900,0.096032,3.516161,0.0127,73.5459,26.4414,1.09e-13
1285,15,15,6437434.3690,4441.3220,3.160901,0.077714,3.516171,0.0129,47.9269,52.0602,1.06e-13
1286,15,15,6437517.0143,4441.3220,3.160906,0.085884,3.516165,0.0129,56.1630,43.8241,9.25e-14
1287,15,15,6437771.9911,4441.3220,3.160924,0.079080,3.516169,0.0099,89.4595,10.5305,9.83e-14
1288,15,15,6437906.2517,4441.3220,3.160933,0.075150,3.516173,0.0116,16.6813,83.3071,9.53e-14
1289,15,15,6437984.9903,4441.3220,3.160938,0.099266,3.516162,0.0153,19.9534,80.0313,1.08e-13
1290,15,15,6438267.5925,4441.3220,3.160957,0.086898,3.516168,0.0130,69.8724,30.1146,9.30e-14
1291,15,15,6438300.4848,4441.3220,3.160959,0.098298,3.516159,0.0151,15.3319,84.6530,8.85e-14
1292,15,15,6438603.3393,4441.3220,3.160980,0.105432,3.516156,0.0155,65.5580,34.4265,7.95e-14
1293,15,15,6438734.5981,4441.3220,3.160989,0.115060,3.516153,0.0164,30.6238,69.3598,8.81e-14
1294,15,15,6439118.4872,4441.3220,3.161015,0.085246,3.516169,0.0100,87.1873,12.8027,1.06e-13
1295,15,15,6439333.1745,4441.3220,3.161029,0.088840,3.516163,0.0139,17.1531,82.8330,8.57e-14
1296,15,15,6439411.0558,4441.3220,3.161034,0.074642,3.516173,0.0105,81.7247,18.2648,1.12e-13
1297,15,15,6439694.9771,4441.3220,3.161053,0.083315,3.516165,0.0122,15.2805,84.7073,8.22e-14
1298,15,15,6439824.9664,4441.3220,3.161062,0.126915,3.516151,0.0164,90.7435,9.2401,1.01e-13
1299,15,15,6439877.3262,4441.3220,3.161066,0.084037,3.516167,0.0135,10.8380,89.1485,8.60e-14
1300,15,15,6440129.6671,4441.3220,3.161083,0.089450,3.516162,0.0120,25.5547,74.4333,9.94e-14
1301,15,15,6440249.7128,4441.3220,3.161091,0.068340,3.516174,0.0111,86.8163,13.1726,9.71e-14
1302,15,15,6440396.1518,4441.3220,3.161101,0.079213,3.516172,0.0118,81.6901,18.2981,9.78e-14
1303,15,15,6440509.5821,4441.3220,3.161108,0.072549,3.516171,0.0124,10.5785,89.4091,8.73e-14
1304,15,15,6440737.8213,4441.3220,3.161124,0.105124,3.516160,0.0150,15.7429,84.2421,1.09e-13
1305,15,15,6440945.6309,4441.3220,3.161138,0.088408,3.516164,0.0133,48.6374,51.3492,9.51e-14
1306,15,15,6440996.7564,4441.3220,3.161141,0.077754,3.516168,0.0118,48.7888,51.1994,1.05e-13
1307,15,15,6441227.4324,4441.3220,3.161157,0.110097,3.516156,0.0162,61.1064,38.8774,9.58e-14
1308,15,15,6441266.1642,4441.3220,3.161159,0.121132,3.516152,0.0203,62.6215,37.3582,8.08e-14
1309,15,15,6441399.6612,4441.3220,3.161168,0.089773,3.516162,0.0131,58.8638,41.1230,1.01e-13
1310,15,15,6441586.6766,4441.3220,3.161181,0.098999,3.516161,0.0111,85.0899,14.8990,9.86e-14
1311,15,15,6441810.6465,4441.3220,3.161196,0.098844,3.516161,0.0133,13.3379,86.6488,9.73e-14
1312,15,15,6441911.6556,4441.3220,3.161203,0.086782,3.516166,0.0128,15.2218,84.7653,9.56e-14
1313,15,15,6442207.7344,4441.3220,3.161223,0.078068,3.516167,0.0116,86.5492,13.4391,1.02e-13
1314,15,15,6442456.2952,4441.3220,3.161240,0.080713,3.516170,0.0109,70.9866,29.0025,1.15e-13
1315,15,15,6442565.1722,4441.3220,3.161247,0.071154,3.516170,0.0111,54.9714,45.0175,1.07e-13
1316,15,15,6442630.4276,4441.3220,3.161251,0.071298,3.516172,0.0099,55.7063,44.2837,1.14e-13
1317,15,15,6442696.2354,4441.3220,3.161256,0.083825,3.516171,0.0116,24.5751,75.4133,9.31e-14
1318,15,15,6442968.0727,4441.3220,3.161274,0.113684,3.516152,0.0135,81.6027,18.3838,9.08e-14
1319,15,15,6443177.2789,4441.3220,3.161288,0.100393,3.516159,0.0120,15.3956,84.5924,9.97e-14
1320,15,15,6443217.5046,4441.3220,3.161291,0.096907,3.516163,0.0124,49.8903,50.0973,9.45e-14
1321,15,15,6443374.4398,4441.3220,3.161302,0.079391,3.516168,0.0122,52.2884,47.6993,1.00e-13
1322,15,15,6443667.3528,4441.3220,3.161321,0.086920,3.516164,0.0114,80.4071,19.5815,9.36e-14
1323,15,15,6443908.8415,4441.3220,3.161338,0.065263,3.516172,0.0096,25.0168,74.9736,1.02e-13
1324,15,15,6444112.2532,4441.3220,3.161351,0.064193,3.516170,0.0086,22.6575,77.3339,1.17e-13
1325,15,15,6444288.3579,4441.3220,3.161363,0.079420,3.516169,0.0093,84.2319,15.7587,1.05e-13
1326,15,15,6444357.4473,4441.3220,3.161368,0.072969,3.516172,0.0104,24.7103,75.2792,1.02e-13
1327,15,15,6444624.1045,4441.3220,3.161386,0.095787,3.516159,0.0134,23.8653,76.1213,1.02e-13
1328,15,15,6444747.2918,4441.3220,3.161394,0.086239,3.516165,0.0107,53.5140,46.4754,1.18e-13
1329,15,15,6444811.8931,4441.3220,3.161399,0.071640,3.516173,0.0104,57.6643,42.3253,1.04e-13
1330,15,15,6444937.0902,4441.3220,3.161407,0.115308,3.516151,0.0148,73.1474,26.8378,9.42e-14
1331,15,15,6444971.3326,4441.3220,3.161409,0.062296,3.516172,0.0090,76.1271,23.8639,1.21e-13
1332,15,15,6445377.6324,4441.3220,3.161437,0.089008,3.516162,0.0142,61.4883,38.4975,9.14e-14
1333,15,15,6445426.6645,4441.3220,3.161440,0.051280,3.516180,0.0095,14.9074,85.0830,1.04e-13
1334,15,15,6445547.0312,4441.3220,3.161448,0.065434,3.516170,0.0106,58.6495,41.3399,1.03e-13
1335,15,15,6445737.2270,4441.3220,3.161461,0.079661,3.516166,0.0121,37.2205,62.7673,1.02e-13
1336,15,15,6445914.3339,4441.3220,3.161473,0.088389,3.516160,0.0109,25.5595,74.4296,8.96e-14
1337,15,15,6446037.5894,4441.3220,3.161481,0.087137,3.516164,0.0103,29.1167,70.8730,9.55e-14
1338,15,15,6446181.2249,4441.3220,3.161491,0.097134,3.516163,0.0127,68.1242,31.8631,1.13e-13
1339,15,15,6446322.6679,4441.3220,3.161500,0.075534,3.516168,0.0101,51.9206,48.0693,9.62e-14
1340,15,15,6446525.9496,4441.3220,3.161514,0.082059,3.516168,0.0126,60.5610,39.4264,9.42e-14
1341,15,15,6446545.8832,4441.3220,3.161516,0.094881,3.516162,0.0125,62.8198,37.1677,1.15e-13
1342,15,15,6446843.0839,4441.3220,3.161536,0.103393,3.516158,0.0151,20.7475,79.2373,8.67e-14
1343,15,15,6447023.1529,4441.3220,3.161548,0.081033,3.516168,0.0106,15.3202,84.6691,1.01e-13
1344,15,15,6447188.6216,4441.3220,3.161559,0.088481,3.516163,0.0125,75.4581,24.5294,6.35e-14
1345,15,15,6447233.1364,4441.3220,3.161562,0.095973,3.516163,0.0135,35.4928,64.4937,1.08e-13
1346,15,15,6447289.8843,4441.3220,3.161566,0.132584,3.516147,0.0189,76.2100,23.7711,8.54e-14
1347,15,15,6447471.9979,4441.3220,3.161578,0.116639,3.516156,0.0160,75.9864,23.9976,8.84e-14
1348,15,15,6447903.7948,4441.3220,3.161607,0.083445,3.516164,0.0121,43.3982,56.5897,9.80e-14
1349,15,15,6448001.9976,4441.3220,3.161614,0.092544,3.516162,0.0113,52.3200,47.6688,9.02e-14
1350,15,15,6448172.0347,4441.3220,3.161625,0.085528,3.516162,0.0115,22.0369,77.9516,9.09e-14
1351,15,15,6448424.9492,4441.3220,3.161642,0.093665,3.516163,0.0135,82.9189,17.0676,1.00e-13
1352,15,15,6448594.1015,4441.3220,3.161654,0.079335,3.516167,0.0098,12.7003,87.2899,1.07e-13
1353,15,15,6448825.5413,4441.3220,3.161669,0.079033,3.516173,0.0127,89.4751,10.5122,8.42e-14
1354,15,15,6448991.2608,4441.3220,3.161680,0.071873,3.516168,0.0086,92.0215,7.9699,1.13e-13
1355,15,15,6449373.4719,4441.3220,3.161706,0.059574,3.516176,0.0102,4.6195,95.3702,9.47e-14
1356,15,15,6449589.9627,4441.3220,3.161721,0.063582,3.516177,0.0086,31.2338,68.7576,9.67e-14
1357,15,15,6449880.0632,4441.3220,3.161740,0.087181,3.516166,0.0119,43.1228,56.8653,8.22e-14
1358,15,15,6449953.5981,4441.3220,3.161745,0.082714,3.516166,0.0128,35.5755,64.4117,8.86e-14
1359,15,15,6450309.2905,4441.3220,3.161769,0.087791,3.516165,0.0119,82.4983,17.4898,8.54e-14
1360,15,15,6450460.4126,4441.3220,3.161779,0.062109,3.516173,0.0109,63.8772,36.1119,9.73e-14
1361,15,15,6450516.8983,4441.3220,3.161783,0.055803,3.516177,0.0094,75.7309,24.2596,1.03e-13
1362,15,15,6450579.2932,4441.3220,3.161787,0.088649,3.516164,0.0107,45.9541,54.0352,1.02e-13
1363,15,15,6450816.6467,4441.3220,3.161803,0.078917,3.516167,0.0111,30.1814,69.8075,9.29e-14
1364,15,15,6450972.0687,4441.3220,3.161814,0.074804,3.516168,0.0124,8.1474,91.8402,8.19e-14
1365,15,15,6451132.1498,4441.3220,3.161825,0.090942,3.516165,0.0116,24.6562,75.3322,8.97e-14
1366,15,15,6451150.8983,4441.3220,3.161826,0.082857,3.516167,0.0135,82.6183,17.3682,8.29e-14
1367,15,15,6451473.6856,4441.3220,3.161848,0.102745,3.516158,0.0128,80.2222,19.7650,7.84e-14
1368,15,15,6451719.0963,4441.3220,3.161864,0.088237,3.516163,0.0113,43.2760,56.7127,1.02e-13
1369,15,15,6451789.9680,4441.3220,3.161869,0.065506,3.516172,0.0095,47.1030,52.8875,1.20e-13
1370,15,15,6451877.3591,4441.3220,3.161875,0.101697,3.516161,0.0114,35.6407,64.3479,1.15e-13
1371,15,15,6451911.5338,4441.3220,3.161877,0.087090,3.516166,0.0100,5.8772,94.1128,9.83e-14
1372,15,15,6452177.3734,4441.3220,3.161895,0.083902,3.516164,0.0110,91.1796,8.8094,8.75e-14
1373,15,15,6452265.0613,4441.3220,3.161901,0.073632,3.516169,0.0103,69.7275,30.2622,1.11e-13
1374,15,15,6452402.7243,4441.3220,3.161910,0.072874,3.516170,0.0099,80.2208,19.7693,9.44e-14
1375,15,15,6452653.7779,4441.3220,3.161927,0.086786,3.516166,0.0114,60.8785,39.1101,7.78e-14
1376,15,15,6452779.1472,4441.3220,3.161936,0.077589,3.516169,0.0109,49.4984,50.4907,1.03e-13
1377,15,15,6452900.1124,4441.3220,3.161944,0.089954,3.516167,0.0125,68.0082,31.9792,9.74e-14
1378,15,15,6453069.7158,4441.3220,3.161955,0.080805,3.516165,0.0118,28.9135,71.0746,1.09e-13
1379,15,15,6453205.2286,4441.3220,3.161964,0.085542,3.516165,0.0144,24.2665,75.7190,8.93e-14
1380,15,15,6453322.5629,4441.3220,3.161972,0.078201,3.516164,0.0099,53.4781,46.5120,1.01e-13
1381,15,15,6453522.2951,4441.3220,3.161986,0.081997,3.516167,0.0100,76.9434,23.0466,1.09e-13
1382,15,15,6453566.3463,4441.3220,3.161989,0.073726,3.516170,0.0109,44.4688,55.5203,1.03e-13
1383,15,15,6453720.8206,4441.3220,3.161999,0.105331,3.516154,0.0153,48.2527,51.7320,8.85e-14
1384,15,15,6453765.1037,4441.3220,3.162002,0.084421,3.516166,0.0129,31.5733,68.4138,1.02e-13
1385,15,15,6453921.3516,4441.3220,3.162012,0.106351,3.516158,0.0141,22.2138,77.7722,1.06e-13
1386,15,15,6453959.5576,4441.3220,3.162015,0.110767,3.516155,0.0148,55.9353,44.0499,1.14e-13
1387,15,15,6454061.2756,4441.3220,3.162022,0.086887,3.516164,0.0106,36.0293,63.9601,9.97e-14
1388,15,15,6454263.1692,4441.3220,3.162035,0.058209,3.516177,0.0084,17.9745,82.0171,1.03e-13
1389,15,15,6454560.6530,4441.3220,3.162055,0.078720,3.516166,0.0108,37.4110,62.5782,9.29e-14
1390,15,15,6454614.2333,4441.3220,3.162059,0.079028,3.516167,0.0111,27.5532,72.4357,1.04e-13
1391,15,15,6454641.5957,4441.3220,3.162061,0.105247,3.516157,0.0127,33.9671,66.0202,9.39e-14
1392,15,15,6454790.3576,4441.3220,3.162071,0.076948,3.516171,0.0110,58.7154,41.2736,9.68e-14
1393,15,15,6454956.5073,4441.3220,3.162082,0.088774,3.516164,0.0109,83.5781,16.4109,1.04e-13
1394,15,15,6455056.3522,4441.3220,3.162089,0.077435,3.516169,0.0116,56.3233,43.6651,8.63e-14
1395,15,15,6455143.5659,4441.3220,3.162095,0.082711,3.516166,0.0100,48.1232,51.8667,1.00e-13
1396,15,15,6455264.8643,4441.3220,3.162103,0.066744,3.516173,0.0091,72.4696,27.5213,9.69e-14
1397,15,15,6455423.7781,4441.3220,3.162114,0.074986,3.516170,0.0104,68.7890,31.2005,7.92e-14
1398,15,15,6455507.4452,4441.3220,3.162119,0.053677,3.516174,0.0085,27.4049,72.5866,1.12e-13
1399,15,15,6455634.0122,4441.3220,3.162128,0.074228,3.516171,0.0099,60.2024,39.7877,7.82e-14
1400,15,15,6456004.5740,4441.3220,3.162153,0.073596,3.516166,0.0097,73.2517,26.7387,1.04e-13
1401,15,15,6456043.7285,4441.3220,3.162155,0.073516,3.516172,0.0112,40.7116,59.2773,1.01e-13
1402,15,15,6456159.9488,4441.3220,3.162163,0.081035,3.516168,0.0097,86.6112,13.3792,8.83e-14
1403,15,15,6456327.0580,4441.3220,3.162174,0.073383,3.516170,0.0106,44.5963,55.3931,1.01e-13
1404,15,15,6456357.7914,4441.3220,3.162176,0.097360,3.516159,0.0110,26.2932,73.6957,1.44e-13
1405,15,15,6456481.1439,4441.3220,3.162185,0.074025,3.516172,0.0118,63.7870,36.2012,9.70e-14
1406,15,15,6456555.4439,4441.3220,3.162190,0.091708,3.516164,0.0116,53.2975,46.6909,1.13e-13
1407,15,15,6456590.6643,4441.3220,3.162192,0.075781,3.516172,0.0128,66.2020,33.7852,9.77e-14
1408,15,15,6456741.4073,4441.3220,3.162202,0.070739,3.516171,0.0126,59.1913,40.7961,8.99e-14
1409,15,15,6457005.2591,4441.3220,3.162220,0.105694,3.516156,0.0133,15.0029,84.9838,9.22e-14
1410,15,15,6457056.3314,4441.3220,3.162223,0.085988,3.516161,0.0104,69.8043,30.1852,1.01e-13
1411,15,15,6457309.3490,4441.3220,3.162241,0.076009,3.516168,0.0099,78.2006,21.7895,9.37e-14
1412,15,15,6457416.0987,4441.3220,3.162248,0.074474,3.516168,0.0114,53.3482,46.6404,9.28e-14
1413,15,15,6457476.6936,4441.3220,3.162252,0.102255,3.516161,0.0169,10.7983,89.1847,9.06e-14
1414,15,15,6457570.0319,4441.3220,3.162258,0.088464,3.516166,0.0129,76.7883,23.1988,8.01e-14
1415,15,15,6457790.4494,4441.3220,3.162273,0.085519,3.516169,0.0135,63.4313,36.5552,8.73e-14
1416,15,15,6457875.3630,4441.3220,3.162279,0.096596,3.516158,0.0115,27.4321,72.5564,1.04e-13
1417,15,15,6457960.2824,4441.3220,3.162284,0.057968,3.516174,0.0099,51.8056,48.1845,1.05e-13
1418,15,15,6458079.0784,4441.3220,3.162292,0.084819,3.516166,0.0104,32.5390,67.4507,9.75e-14
1419,15,15,6458173.5637,4441.3220,3.162299,0.075094,3.516172,0.0110,36.2318,63.7572,8.70e-14
1420,15,15,6458201.4268,4441.3220,3.162301,0.074632,3.516169,0.0088,57.3344,42.6568,1.10e-13
1421,15,15,6458343.5040,4441.3220,3.162310,0.086245,3.516165,0.0113,44.4411,55.5476,9.59e-14
1422,15,15,6458456.9207,4441.3220,3.162318,0.099465,3.516161,0.0122,49.5671,50.4207,1.05e-13
1423,15,15,6458524.3647,4441.3220,3.162322,0.098679,3.516160,0.0137,53.6578,46.3285,9.37e-14
1424,15,15,6458677.1420,4441.3220,3.162333,0.063695,3.516172,0.0092,43.6407,56.3501,1.20e-13
1425,15,15,6458707.2127,4441.3220,3.162335,0.071306,3.516171,0.0094,42.7904,57.2002,9.21e-14
1426,15,15,6458815.4690,4441.3220,3.162342,0.076065,3.516169,0.0095,63.0344,36.9561,1.09e-13
1427,15,15,6459015.6828,4441.3220,3.162355,0.089662,3.516161,0.0090,30.7752,69.2158,9.00e-14
1428,15,15,6459111.6028,4441.3220,3.162362,0.068606,3.516172,0.0091,52.7649,47.2260,1.06e-13
1429,15,15,6459200.0545,4441.3220,3.162368,0.059472,3.516172,0.0103,45.9917,53.9980,8.98e-14
1430,15,15,6459250.6051,4441.3220,3.162371,0.094173,3.516162,0.0127,28.2298,71.7575,1.16e-13
1431,15,15,6459358.4651,4441.3220,3.162378,0.080640,3.516168,0.0106,34.1227,65.8667,1.02e-13
1432,15,15,6459510.9645,4441.3220,3.162389,0.075777,3.516171,0.0114,65.2689,34.7197,9.79e-14
1433,15,15,6459704.6819,4441.3220,3.162402,0.075359,3.516169,0.0101,77.7042,22.2857,1.12e-13
1434,15,15,6459796.5785,4441.3220,3.162408,0.070400,3.516174,0.0097,18.1251,81.8651,9.86e-14
1435,15,15,6459940.0744,4441.3220,3.162418,0.074746,3.516169,0.0106,70.4621,29.5273,1.13e-13
1436,15,15,6460077.6148,4441.3220,3.162427,0.071427,3.516173,0.0092,42.7899,57.2009,9.92e-14
1437,15,15,6460221.9924,4441.3220,3.162437,0.068329,3.516174,0.0104,47.2803,52.7093,9.27e-14
1438,15,15,6460422.5740,4441.3220,3.162450,0.068239,3.516173,0.0115,46.5613,53.4272,9.47e-14
1439,15,15,6460490.4119,4441.3220,3.162455,0.066235,3.516175,0.0098,67.5353,32.4549,1.02e-13
1440,15,15,6460549.7451,4441.3220,3.162459,0.068349,3.516172,0.0089,64.1568,35.8342,1.18e-13
1441,15,15,6460568.0667,4441.3220,3.162460,0.068163,3.516171,0.0110,42.3467,57.6423,1.09e-13
1442,15,15,6460705.6297,4441.3220,3.162469,0.095465,3.516158,0.0110,32.0238,67.9651,9.58e-14
1443,15,15,6460794.8921,4441.3220,3.162475,0.080345,3.516168,0.0111,34.7873,65.2016,9.24e-14
1444,15,15,6460831.3243,4441.3220,3.162477,0.082579,3.516168,0.0120,55.1380,44.8500,8.84e-14
1445,15,15,6461018.0625,4441.3220,3.162490,0.083594,3.516165,0.0107,60.5768,39.4125,1.03e-13
1446,15,15,6461195.0403,4441.3220,3.162502,0.081350,3.516169,0.0117,46.7117,53.2766,1.05e-13
1447,15,15,6461282.1610,4441.3220,3.162508,0.075602,3.516168,0.0088,72.2147,27.7765,1.03e-13
1448,15,15,6461302.7801,4441.3220,3.162509,0.059389,3.516176,0.0086,31.6132,68.3783,1.03e-13
1449,15,15,6461428.1091,4441.3220,3.162518,0.061676,3.516175,0.0100,21.8447,78.1453,9.99e-14
1450,15,15,6461551.1640,4441.3220,3.162526,0.075176,3.516170,0.0099,57.5683,42.4217,8.84e-14
1451,15,15,6461646.3351,4441.3220,3.162532,0.068228,3.516171,0.0095,82.5162,17.4743,1.19e-13
1452,15,15,6461703.4197,4441.3220,3.162536,0.070850,3.516170,0.0098,72.8141,27.1760,9.14e-14
1453,15,15,6461721.8621,4441.3220,3.162537,0.072873,3.516170,0.0101,38.4972,61.4927,1.08e-13
1454,15,15,6461816.1909,4441.3220,3.162544,0.059178,3.516175,0.0095,28.9372,71.0532,1.02e-13
1455,15,15,6461969.7223,4441.3220,3.162554,0.076237,3.516170,0.0108,53.6626,46.3266,1.10e-13
1456,15,15,6461987.2231,4441.3220,3.162555,0.079985,3.516168,0.0102,38.7979,61.1919,1.05e-13
1457,15,15,6462112.1516,4441.3220,3.162564,0.064830,3.516176,0.0089,40.3859,59.6052,1.06e-13
1458,15,15,6462288.0440,4441.3220,3.162575,0.077645,3.516171,0.0108,79.3423,20.6469,1.14e-13
1459,15,15,6462352.3508,4441.3220,3.162580,0.060341,3.516174,0.0112,60.2042,39.7846,1.07e-13
1460,15,15,6462384.3797,4441.3220,3.162582,0.057415,3.516175,0.0103,62.6640,37.3257,1.04e-13
1461,15,15,6462426.9178,4441.3220,3.162585,0.049121,3.516179,0.0092,29.5475,70.4433,1.15e-13
1462,15,15,6462501.0841,4441.3220,3.162590,0.068767,3.516172,0.0106,31.6315,68.3579,9.00e-14
1463,15,15,6462593.8083,4441.3220,3.162596,0.095292,3.516157,0.0114,54.9203,45.0683,9.68e-14
1464,15,15,6462637.0053,4441.3220,3.162599,0.086884,3.516166,0.0098,39.1168,60.8734,1.11e-13
1465,15,15,6462762.3227,4441.3220,3.162607,0.075201,3.516167,0.0108,25.8035,74.1857,1.05e-13
1466,15,15,6462801.5939,4441.3220,3.162610,0.080031,3.516169,0.0102,29.9030,70.0867,1.16e-13
1467,15,15,6462819.7285,4441.3220,3.162611,0.061180,3.516172,0.0091,25.7586,74.2323,9.68e-14
1468,15,15,6462882.8828,4441.3220,3.162615,0.080447,3.516167,0.0098,32.3178,67.6724,1.13e-13
1469,15,15,6462992.4645,4441.3220,3.162623,0.081860,3.516169,0.0118,71.2190,28.7692,9.23e-14
1470,15,15,6463067.4827,4441.3220,3.162628,0.062722,3.516173,0.0104,64.8310,35.1586,1.17e-13
1471,15,15,6463073.6578,4441.3220,3.162628,0.098123,3.516161,0.0143,54.8766,45.1091,9.67e-14
1472,15,15,6463170.4502,4441.3220,3.162635,0.106709,3.516156,0.0132,69.2611,30.7257,9.80e-14
1473,15,15,6463232.2964,4441.3220,3.162639,0.083479,3.516167,0.0118,74.2487,25.7395,9.59e-14
1474,15,15,6463421.9227,4441.3220,3.162652,0.076379,3.516168,0.0099,86.5065,13.4836,9.99e-14
1475,15,15,6463515.2775,4441.3220,3.162658,0.052600,3.516180,0.0104,18.3388,81.6509,9.37e-14
1476,15,15,6463622.5472,4441.3220,3.162665,0.079402,3.516172,0.0128,66.4483,33.5389,1.09e-13
1477,15,15,6463646.2367,4441.3220,3.162667,0.092247,3.516163,0.0119,63.9370,36.0511,1.03e-13
1478,15,15,6463703.4491,4441.3220,3.162671,0.082165,3.516169,0.0101,46.4474,53.5424,1.04e-13
1479,15,15,6463745.9487,4441.3220,3.162674,0.089168,3.516163,0.0111,17.2335,82.7554,8.47e-14
1480,15,15,6463861.7517,4441.3220,3.162681,0.090774,3.516164,0.0138,60.3918,39.5943,8.91e-14
1481,15,15,6463908.2932,4441.3220,3.162684,0.100044,3.516162,0.0135,69.0306,30.9559,9.29e-14
1482,15,15,6464063.3443,4441.3220,3.162695,0.090699,3.516164,0.0103,33.3762,66.6135,1.09e-13
1483,15,15,6464102.5603,4441.3220,3.162697,0.075585,3.516171,0.0108,32.7154,67.2738,9.78e-14
1484,15,15,6464165.4273,4441.3220,3.162702,0.079304,3.516168,0.0106,51.7515,48.2379,1.02e-13
1485,15,15,6464225.4366,4441.3220,3.162706,0.062244,3.516176,0.0096,41.6792,58.3112,1.25e-13
1486,15,15,6464351.4041,4441.3220,3.162714,0.073054,3.516172,0.0101,45.2910,54.6990,1.01e-13
1487,15,15,6464395.7035,4441.3220,3.162717,0.085748,3.516166,0.0109,48.7260,51.2632,1.06e-13
1488,15,15,6464493.0253,4441.3220,3.162724,0.089239,3.516167,0.0120,72.1575,27.8305,8.92e-14
1489,15,15,6464689.4714,4441.3220,3.162737,0.076206,3.516168,0.0098,74.9465,25.0436,1.10e-13
1490,15,15,6464712.5786,4441.3220,3.162738,0.082037,3.516165,0.0122,70.7808,29.2070,1.02e-13
1491,15,15,6464752.6404,4441.3220,3.162741,0.091230,3.516165,0.0134,58.4804,41.5062,7.79e-14
1492,15,15,6464856.7664,4441.3220,3.162748,0.090004,3.516164,0.0109,80.2025,19.7866,9.30e-14
1493,15,15,6464959.2315,4441.3220,3.162755,0.089692,3.516161,0.0101,18.7714,81.2185,1.05e-13
1494,15,15,6464968.8392,4441.3220,3.162756,0.068622,3.516174,0.0110,21.0870,78.9020,1.22e-13
1495,15,15,6465046.7623,4441.3220,3.162761,0.062809,3.516175,0.0079,51.0623,48.9298,1.06e-13
1496,15,15,6465117.5891,4441.3220,3.162766,0.082722,3.516164,0.0103,57.4786,42.5111,9.94e-14
1497,15,15,6465157.9576,4441.3220,3.162768,0.084896,3.516167,0.0116,73.9522,26.0362,9.93e-14
1498,15,15,6465268.7554,4441.3220,3.162776,0.066540,3.516175,0.0101,27.9603,72.0296,9.41e-14
1499,15,15,6465282.6129,4441.3220,3.162777,0.069884,3.516176,0.0108,42.4369,57.5523,1.27e-13
1500,15,15,6465303.9804,4441.3220,3.162778,0.083381,3.516166,0.0115,81.7208,18.2677,8.98e-14
1501,15,15,6465446.5467,4441.3220,3.162788,0.098289,3.516162,0.0139,40.6995,59.2866,1.02e-13
1502,15,15,6465481.3615,4441.3220,3.162790,0.077502,3.516167,0.0112,53.9230,46.0659,8.34e-14
1503,15,15,6465495.1098,4441.3220,3.162791,0.088000,3.516163,0.0126,23.8242,76.1632,1.11e-13
1504,15,15,6465561.2865,4441.3220,3.162796,0.092699,3.516163,0.0117,69.8765,30.1118,8.37e-14
1505,15,15,6465657.6194,4441.3220,3.162802,0.068460,3.516173,0.0101,32.6976,67.2923,1.03e-13
1506,15,15,6465766.2478,4441.3220,3.162809,0.085906,3.516164,0.0108,63.9036,36.0855,9.04e-14
1507,15,15,6465820.6686,4441.3220,3.162813,0.084157,3.516167,0.0105,55.9663,44.0232,1.04e-13
1508,15,15,6465845.4804,4441.3220,3.162815,0.069158,3.516176,0.0109,33.3856,66.6035,1.10e-13
1509,15,15,6465896.3320,4441.3220,3.162818,0.094673,3.516161,0.0109,46.4349,53.5542,9.81e-14
1510,15,15,6466085.0220,4441.3220,3.162831,0.073387,3.516170,0.0109,35.8731,64.1160,1.04e-13
1511,15,15,6466142.6464,4441.3220,3.162835,0.086938,3.516165,0.0110,31.0334,68.9556,9.36e-14
1512,15,15,6466186.1091,4441.3220,3.162838,0.056674,3.516179,0.0095,71.1375,28.8530,1.05e-13
1513,15,15,6466285.7512,4441.3220,3.162844,0.067106,3.516176,0.0103,62.1529,37.8368,9.68e-14
1514,15,15,6466328.8102,4441.3220,3.162847,0.065776,3.516175,0.0114,27.7581,72.2305,7.49e-14
1515,15,15,6466376.6261,4441.3220,3.162850,0.063353,3.516173,0.0102,72.4660,27.5238,1.03e-13
1516,15,15,6466497.9830,4441.3220,3.162859,0.103228,3.516155,0.0126,71.5470,28.4404,1.09e-13
1517,15,15,6466603.7379,4441.3220,3.162866,0.083475,3.516164,0.0103,66.1496,33.8401,1.05e-13
1518,15,15,6466658.2674,4441.3220,3.162869,0.082253,3.516171,0.0109,31.3679,68.6211,9.52e-14
1519,15,15,6466669.7078,4441.3220,3.162870,0.085791,3.516165,0.0111,59.4999,40.4890,1.08e-13
1520,15,15,6466777.5918,4441.3220,3.162877,0.085522,3.516161,0.0118,61.8248,38.1634,1.05e-13
1521,15,15,6466809.8897,4441.3220,3.162879,0.089164,3.516159,0.0106,48.7743,51.2151,1.00e-13
1522,15,15,6466883.6959,4441.3220,3.162884,0.091782,3.516159,0.0128,23.9211,76.0661,1.01e-13
1523,15,15,6466992.4976,4441.3220,3.162892,0.075279,3.516168,0.0118,43.4095,56.5787,9.66e-14
1524,15,15,6467030.0190,4441.3220,3.162894,0.080555,3.516169,0.0124,71.6947,28.2929,9.46e-14
1525,15,15,6467071.8685,4441.3220,3.162897,0.076398,3.516168,0.0108,58.5921,41.3972,1.21e-13
1526,15,15,6467150.2451,4441.3220,3.162902,0.077558,3.516169,0.0118,72.0491,27.9391,1.12e-13
1527,15,15,6467179.0629,4441.3220,3.162904,0.090616,3.516163,0.0131,43.0490,56.9379,9.52e-14
1528,15,15,6467287.3715,4441.3220,3.162912,0.072158,3.516173,0.0119,53.7938,46.1943,1.03e-13
1529,15,15,6467337.0600,4441.3220,3.162915,0.082141,3.516166,0.0108,54.1881,45.8011,1.11e-13
1530,15,15,6467349.9357,4441.3220,3.162916,0.092757,3.516162,0.0094,60.8606,39.1300,1.15e-13
1531,15,15,6467380.2270,4441.3220,3.162918,0.090559,3.516162,0.0125,50.8469,49.1406,7.92e-14
1532,15,15,6467572.7161,4441.3220,3.162931,0.062558,3.516178,0.0105,67.5713,32.4182,1.18e-13
1533,15,15,6467588.1485,4441.3220,3.162932,0.077658,3.516164,0.0109,40.2119,59.7772,9.16e-14
1534,15,15,6467641.5342,4441.3220,3.162935,0.099161,3.516158,0.0122,42.9900,56.9978,8.12e-14
1535,15,15,6467715.7719,4441.3220,3.162940,0.091395,3.516162,0.0119,28.7001,71.2880,1.12e-13
1536,15,15,6467789.5395,4441.3220,3.162945,0.092147,3.516160,0.0123,45.8097,54.1780,9.40e-14
1537,15,15,6467818.2785,4441.3220,3.162947,0.074575,3.516170,0.0118,58.4358,41.5524,1.14e-13
1538,15,15,6467872.0841,4441.3220,3.162951,0.068627,3.516171,0.0104,61.9026,38.0870,1.11e-13
1539,15,15,6467958.4788,4441.3220,3.162957,0.055035,3.516177,0.0086,75.0840,24.9074,1.14e-13
1540,15,15,6468046.0725,4441.3220,3.162963,0.085443,3.516166,0.0105,56.1468,43.8427,1.03e-13
1541,15,15,6468085.7926,4441.3220,3.162965,0.075366,3.516172,0.0094,48.7771,51.2135,1.19e-13
1542,15,15,6468127.4672,4441.3220,3.162968,0.072812,3.516169,0.0109,32.2984,67.6907,9.14e-14
1543,15,15,6468206.9275,4441.3220,3.162973,0.095390,3.516160,0.0115,69.6487,30.3398,9.86e-14
1544,15,15,6468280.4324,4441.3220,3.162978,0.058919,3.516179,0.0098,43.6163,56.3740,1.03e-13
1545,15,15,6468389.9552,4441.3220,3.162986,0.075562,3.516169,0.0096,36.1245,63.8659,9.55e-14
1546,15,15,6468483.4949,4441.3220,3.162992,0.066317,3.516173,0.0095,40.5621,59.4284,9.51e-14
1547,15,15,6468507.0745,4441.3220,3.162994,0.068570,3.516169,0.0093,68.5851,31.4057,1.16e-13
1548,15,15,6468587.5161,4441.3220,3.162999,0.070868,3.516174,0.0100,45.4512,54.5387,9.87e-14
1549,15,15,6468635.2682,4441.3220,3.163002,0.062274,3.516173,0.0086,26.9527,73.0387,1.06e-13
1550,15,15,6468652.5123,4441.3220,3.163003,0.071393,3.516170,0.0091,39.1988,60.7920,1.11e-13
1551,15,15,6468728.7641,4441.3220,3.163008,0.081863,3.516165,0.0107,41.1725,58.8168,9.63e-14
1552,15,15,6468789.8301,4441.3220,3.163013,0.075462,3.516169,0.0104,22.7607,77.2289,1.06e-13
1553,15,15,6468973.8348,4441.3220,3.163025,0.075958,3.516171,0.0096,77.6185,22.3719,9.42e-14
1554,15,15,6469030.3497,4441.3220,3.163029,0.077578,3.516169,0.0099,47.6387,52.3514,9.37e-14
1555,15,15,6469033.9363,4441.3220,3.163029,0.070615,3.516169,0.0082,17.5360,82.4557,1.23e-13
1556,15,15,6469053.9896,4441.3220,3.163030,0.084568,3.516164,0.0101,37.0593,62.9306,1.05e-13
1557,15,15,6469123.1533,4441.3220,3.163035,0.081474,3.516167,0.0105,54.7310,45.2585,1.00e-13
1558,15,15,6469203.7104,4441.3220,3.163040,0.071275,3.516171,0.0082,42.1280,57.8638,1.09e-13
1559,15,15,6469220.0619,4441.3220,3.163041,0.086147,3.516163,0.0100,56.0012,43.9889,9.96e-14
1560,15,15,6469305.1338,4441.3220,3.163047,0.095269,3.516158,0.0111,31.5328,68.4561,1.01e-13
1561,15,15,6469390.9928,4441.3220,3.163053,0.045203,3.516182,0.0078,42.9871,57.0052,1.10e-13
1562,15,15,6469438.2599,4441.3220,3.163056,0.048879,3.516177,0.0090,55.4710,44.5200,1.17e-13
1563,15,15,6469485.0784,4441.3220,3.163059,0.067807,3.516172,0.0108,75.5485,24.4407,1.04e-13
1564,15,15,6469523.0063,4441.3220,3.163062,0.075470,3.516170,0.0087,48.8253,51.1660,9.93e-14
1565,15,15,6469577.8584,4441.3220,3.163065,0.080310,3.516167,0.0110,44.8972,55.0918,1.07e-13
1566,15,15,6469635.8149,4441.3220,3.163069,0.108988,3.516153,0.0139,53.6428,46.3434,8.17e-14
1567,15,15,6469751.8015,4441.3220,3.163077,0.092118,3.516162,0.0142,49.8326,50.1532,9.46e-14
1568,15,15,6469829.8413,4441.3220,3.163082,0.090363,3.516163,0.0101,26.9871,73.0028,1.10e-13
1569,15,15,6469854.5363,4441.3220,3.163084,0.061910,3.516178,0.0083,40.1277,59.8640,8.61e-14
1570,15,15,6469929.9075,4441.3220,3.163089,0.107443,3.516157,0.0151,29.1939,70.7910,8.35e-14
1571,15,15,6469971.4727,4441.3220,3.163092,0.075804,3.516170,0.0104,62.1752,37.8143,9.86e-14
1572,15,15,6470072.7675,4441.3220,3.163099,0.083615,3.516165,0.0120,31.7499,68.2381,1.01e-13
1573,15,15,6470102.6770,4441.3220,3.163101,0.082845,3.516167,0.0123,44.7346,55.2531,1.07e-13
1574,15,15,6470164.1113,4441.3220,3.163105,0.076786,3.516170,0.0114,21.1126,78.8760,8.45e-14
1575,15,15,6470234.6971,4441.3220,3.163110,0.085520,3.516165,0.0098,66.0004,33.9898,1.01e-13
1576,15,15,6470323.9310,4441.3220,3.163116,0.082332,3.516166,0.0111,62.5761,37.4128,1.01e-13
1577,15,15,6470414.5250,4441.3220,3.163122,0.078269,3.516168,0.0108,54.4376,45.5515,9.96e-14
1578,15,15,6470442.8031,4441.3220,3.163124,0.073877,3.516168,0.0107,57.0148,42.9745,1.04e-13
1579,15,15,6470512.3837,4441.3220,3.163128,0.071494,3.516172,0.0104,44.9283,55.0612,1.07e-13
1580,15,15,6470529.0663,4441.3220,3.163129,0.073800,3.516168,0.0105,40.4789,59.5107,1.08e-13
1581,15,15,6470670.2269,4441.3220,3.163139,0.060644,3.516178,0.0076,51.4356,48.5569,1.09e-13
1582,15,15,6470684.8593,4441.3220,3.163140,0.078416,3.516170,0.0110,44.0279,55.9611,1.01e-13
1583,15,15,6470767.5030,4441.3220,3.163145,0.072035,3.516168,0.0104,65.5404,34.4492,7.66e-14
1584,15,15,6470826.4878,4441.3220,3.163149,0.090379,3.516163,0.0113,40.1735,59.8152,1.05e-13
1585,15,15,6470861.1631,4441.3220,3.163152,0.071252,3.516174,0.0113,52.9168,47.0719,9.72e-14
1586,15,15,6470934.4672,4441.3220,3.163157,0.051493,3.516180,0.0093,15.8716,84.1190,1.12e-13
1587,15,15,6470960.1013,4441.3220,3.163158,0.064067,3.516172,0.0088,41.8551,58.1362,9.20e-14
1588,15,15,6470982.8834,4441.3220,3.163160,0.080732,3.516166,0.0115,49.1774,50.8111,9.27e-14
1589,15,15,6471087.8314,4441.3220,3.163167,0.070473,3.516172,0.0099,52.0508,47.9393,1.15e-13
1590,15,15,6471098.7311,4441.3220,3.163168,0.063048,3.516174,0.0087,28.1762,71.8151,9.12e-14
1591,15,15,6471181.8668,4441.3220,3.163173,0.083483,3.516170,0.0102,51.2246,48.7652,9.53e-14
1592,15,15,6471254.5031,4441.3220,3.163178,0.084183,3.516166,0.0112,50.5083,49.4804,9.43e-14
1593,15,15,6471314.9443,4441.3220,3.163182,0.074651,3.516171,0.0108,57.4535,42.5356,1.01e-13
1594,15,15,6471384.2778,4441.3220,3.163187,0.075381,3.516168,0.0115,60.8666,39.1219,8.95e-14
1595,15,15,6471404.8251,4441.3220,3.163188,0.068065,3.516173,0.0105,59.4642,40.5253,1.07e-13
1596,15,15,6471449.6062,4441.3220,3.163191,0.057368,3.516179,0.0099,67.0879,32.9021,9.42e-14
1597,15,15,6471502.5421,4441.3220,3.163195,0.078432,3.516170,0.0108,44.2639,55.7254,1.14e-13
1598,15,15,6471578.3639,4441.3220,3.163200,0.073266,3.516171,0.0100,31.8557,68.1343,1.00e-13
1599,15,15,6471588.2394,4441.3220,3.163200,0.056172,3.516177,0.0091,70.7353,29.2556,1.13e-13
1600,15,15,6471630.4922,4441.3220,3.163203,0.069461,3.516171,0.0091,59.1011,40.8898,1.15e-13
1601,15,15,6471663.2155,4441.3220,3.163206,0.074813,3.516171,0.0104,50.5431,49.4465,1.21e-13
1602,15,15,6471704.0335,4441.3220,3.163208,0.077827,3.516168,0.0119,44.8748,55.1133,8.39e-14
1603,15,15,6471792.4330,4441.3220,3.163214,0.073858,3.516170,0.0093,59.6191,40.3716,9.00e-14
1604,15,15,6471806.7779,4441.3220,3.163215,0.063785,3.516174,0.0087,70.7517,29.2397,1.11e-13
1605,15,15,6471850.7750,4441.3220,3.163218,0.084622,3.516165,0.0106,52.1762,47.8132,9.74e-14
1606,15,15,6471913.8248,4441.3220,3.163222,0.067155,3.516176,0.0091,55.9682,44.0227,1.04e-13
1607,15,15,6471995.5286,4441.3220,3.163228,0.071087,3.516168,0.0095,44.9202,55.0703,8.45e-14
1608,15,15,6472021.8900,4441.3220,3.163230,0.071886,3.516171,0.0088,71.0953,28.8959,1.08e-13
1609,15,15,6472072.3692,4441.3220,3.163233,0.083832,3.516166,0.0121,44.6953,55.2926,1.13e-13
1610,15,15,6472091.0260,4441.3220,3.163234,0.082541,3.516166,0.0105,76.9377,23.0518,1.07e-13
1611,15,15,6472118.2719,4441.3220,3.163236,0.077284,3.516166,0.0086,75.8873,24.1042,1.10e-13
1612,15,15,6472231.6924,4441.3220,3.163244,0.065179,3.516175,0.0084,54.7697,45.2219,1.15e-13
1613,15,15,6472249.3191,4441.3220,3.163245,0.079610,3.516170,0.0110,68.6836,31.3055,8.60e-14
1614,15,15,6472291.2242,4441.3220,3.163248,0.078356,3.516167,0.0104,61.5471,38.4425,1.04e-13
1615,15,15,6472368.6797,4441.3220,3.163253,0.080622,3.516167,0.0105,53.3464,46.6431,1.17e-13
1616,15,15,6472420.1974,4441.3220,3.163256,0.070955,3.516171,0.0095,65.1225,34.8680,9.44e-14
1617,15,15,6472431.8211,4441.3220,3.163257,0.068252,3.516174,0.0097,55.4046,44.5858,1.07e-13
1618,15,15,6472507.6816,4441.3220,3.163262,0.065079,3.516175,0.0098,33.9476,66.0426,1.11e-13
1619,15,15,6472518.7180,4441.3220,3.163263,0.072238,3.516171,0.0096,41.8367,58.1537,9.21e-14
1620,15,15,6472558.9087,4441.3220,3.163266,0.070652,3.516173,0.0107,37.0232,62.9662,9.71e-14
1621,15,15,6472617.0422,4441.3220,3.163270,0.069681,3.516172,0.0091,48.1725,51.8184,1.25e-13
1622,15,15,6472673.0082,4441.3220,3.163273,0.068933,3.516172,0.0094,52.1413,47.8494,1.11e-13
1623,15,15,6472716.7515,4441.3220,3.163276,0.059771,3.516178,0.0096,44.7253,55.2651,1.10e-13
1624,15,15,6472766.8990,4441.3220,3.163280,0.068467,3.516170,0.0095,30.6879,69.3026,9.60e-14
1625,15,15,6472817.3905,4441.3220,3.163283,0.074860,3.516169,0.0088,59.6890,40.3022,1.21e-13
1626,15,15,6472960.6716,4441.3220,3.163293,0.062483,3.516177,0.0100,54.1301,45.8598,1.10e-13
1627,15,15,6473013.9615,4441.3220,3.163296,0.072678,3.516169,0.0089,57.6623,42.3289,9.58e-14
1628,15,15,6473020.1425,4441.3220,3.163297,0.081092,3.516166,0.0092,41.7255,58.2653,1.15e-13
1629,15,15,6473054.1190,4441.3220,3.163299,0.061401,3.516176,0.0095,51.0124,48.9782,9.67e-14
1630,15,15,6473092.9223,4441.3220,3.163302,0.083329,3.516165,0.0082,67.1783,32.8135,9.43e-14
1631,15,15,6473117.0666,4441.3220,3.163303,0.075335,3.516171,0.0099,62.0088,37.9813,1.21e-13
1632,15,15,6473167.9785,4441.3220,3.163307,0.054986,3.516177,0.0085,63.0276,36.9639,1.17e-13
1633,15,15,6473196.1086,4441.3220,3.163308,0.078446,3.516166,0.0101,44.6904,55.2996,1.08e-13
1634,15,15,6473250.5355,4441.3220,3.163312,0.078214,3.516167,0.0101,52.3865,47.6034,9.95e-14
1635,15,15,6473291.8961,4441.3220,3.163315,0.065071,3.516172,0.0094,69.4044,30.5863,9.31e-14
1636,15,15,6473348.7551,4441.3220,3.163319,0.067778,3.516173,0.0094,62.9046,37.0860,1.25e-13
1637,15,15,6473411.4983,4441.3220,3.163323,0.072639,3.516170,0.0089,52.3787,47.6124,8.85e-14
1638,15,15,6473428.2474,4441.3220,3.163324,0.074057,3.516169,0.0085,74.2850,25.7065,1.17e-13
1639,15,15,6473452.4947,4441.3220,3.163326,0.085381,3.516167,0.0099,44.7780,55.2121,9.72e-14
1640,15,15,6473555.7706,4441.3220,3.163333,0.082142,3.516164,0.0108,52.4328,47.5564,1.11e-13
1641,15,15,6473577.7624,4441.3220,3.163334,0.061490,3.516177,0.0098,45.5793,54.4108,1.13e-13
1642,15,15,6473616.8424,4441.3220,3.163337,0.069408,3.516174,0.0101,36.9302,63.0597,8.55e-14
1643,15,15,6473702.3680,4441.3220,3.163342,0.065039,3.516174,0.0095,62.3235,37.6670,1.07e-13
1644,15,15,6473741.2681,4441.3220,3.163345,0.078360,3.516168,0.0113,51.5287,48.4600,1.15e-13
1645,15,15,6473757.7901,4441.3220,3.163346,0.125358,3.516152,0.0198,34.0142,65.9660,1.01e-13
1646,15,15,6473784.1730,4441.3220,3.163348,0.073320,3.516166,0.0086,33.3504,66.6409,9.82e-14
1647,15,15,6473816.0948,4441.3220,3.163350,0.082809,3.516167,0.0116,25.1791,74.8092,9.96e-14
1648,15,15,6473858.0823,4441.3220,3.163353,0.074361,3.516169,0.0098,28.0785,71.9117,1.03e-13
1649,15,15,6473895.3222,4441.3220,3.163355,0.079629,3.516166,0.0095,63.8331,36.1574,1.45e-13
1650,15,15,6473910.7739,4441.3220,3.163356,0.083146,3.516166,0.0100,24.6840,75.3059,1.03e-13
1651,15,15,6473964.6159,4441.3220,3.163360,0.073860,3.516170,0.0113,44.0092,55.9796,1.03e-13
1652,15,15,6473982.6106,4441.3220,3.163361,0.072525,3.516172,0.0110,25.7598,74.2292,1.07e-13
1653,15,15,6474039.0279,4441.3220,3.163365,0.069705,3.516170,0.0098,36.0902,63.9001,1.27e-13
1654,15,15,6474050.1913,4441.3220,3.163366,0.057381,3.516176,0.0097,44.8362,55.1542,8.37e-14
1655,15,15,6474074.0024,4441.3220,3.163367,0.082743,3.516165,0.0089,42.5562,57.4349,1.23e-13
1656,15,15,6474120.6081,4441.3220,3.163370,0.078989,3.516169,0.0095,53.0895,46.9009,1.25e-13
1657,15,15,6474129.6625,4441.3220,3.163371,0.078412,3.516167,0.0097,38.6662,61.3241,9.50e-14
1658,15,15,6474239.3242,4441.3220,3.163378,0.057057,3.516175,0.0084,25.0219,74.9697,1.09e-13
1659,15,15,6474248.7939,4441.3220,3.163379,0.056728,3.516178,0.0086,39.0571,60.9343,1.21e-13
1660,15,15,6474309.7322,4441.3220,3.163383,0.069905,3.516173,0.0090,39.9352,60.0558,1.06e-13
1661,15,15,6474367.7101,4441.3220,3.163387,0.082720,3.516166,0.0101,43.9599,56.0300,1.02e-13
1662,15,15,6474396.2102,4441.3220,3.163389,0.079985,3.516168,0.0096,56.2576,43.7328,1.05e-13
1663,15,15,6474425.9690,4441.3220,3.163391,0.067803,3.516173,0.0091,48.6534,51.3375,1.16e-13
1664,15,15,6474487.6738,4441.3220,3.163395,0.076350,3.516170,0.0100,41.7834,58.2066,1.11e-13
1665,15,15,6474501.7779,4441.3220,3.163396,0.068132,3.516175,0.0121,49.4436,50.5443,8.73e-14
1666,15,15,6474506.5704,4441.3220,3.163396,0.058940,3.516176,0.0082,48.1562,51.8356,1.27e-13
1667,15,15,6474566.3704,4441.3220,3.163400,0.093301,3.516159,0.0103,44.5656,55.4240,8.56e-14
1668,15,15,6474623.1172,4441.3220,3.163404,0.083969,3.516165,0.0107,39.9375,60.0518,1.03e-13
1669,15,15,6474640.2604,4441.3220,3.163405,0.056814,3.516178,0.0088,32.2798,67.7114,9.79e-14
1670,15,15,6474704.1887,4441.3220,3.163410,0.077358,3.516170,0.0095,70.6117,29.3789,1.10e-13
1671,15,15,6474723.8185,4441.3220,3.163411,0.058136,3.516174,0.0089,54.8125,45.1786,1.13e-13
1672,15,15,6474770.1552,4441.3220,3.163414,0.055814,3.516177,0.0088,55.0455,44.9458,1.17e-13
1673,15,15,6474838.1506,4441.3220,3.163419,0.071130,3.516170,0.0101,68.3110,31.6789,1.08e-13
1674,15,15,6474885.3847,4441.3220,3.163422,0.074111,3.516170,0.0100,61.6390,38.3510,9.57e-14
1675,15,15,6474930.6563,4441.3220,3.163425,0.056641,3.516176,0.0088,65.5474,34.4438,1.15e-13
1676,15,15,6474940.6515,4441.3220,3.163426,0.066704,3.516174,0.0094,64.3368,35.6538,9.74e-14
1677,15,15,6474968.7275,4441.3220,3.163427,0.076785,3.516166,0.0095,33.2839,66.7066,9.90e-14
1678,15,15,6474989.2117,4441.3220,3.163429,0.068772,3.516171,0.0095,68.8603,31.1303,1.03e-13
1679,15,15,6475036.2289,4441.3220,3.163432,0.071153,3.516172,0.0102,56.5712,43.4186,1.06e-13
1680,15,15,6475055.1494,4441.3220,3.163433,0.075541,3.516168,0.0081,45.5091,54.4829,1.29e-13
1681,15,15,6475076.8831,4441.3220,3.163435,0.054230,3.516178,0.0093,55.2233,44.7674,1.05e-13
1682,15,15,6475120.9654,4441.3220,3.163438,0.062049,3.516176,0.0090,29.9761,70.0148,1.24e-13
1683,15,15,6475146.6926,4441.3220,3.163439,0.056843,3.516176,0.0093,42.8092,57.1816,1.13e-13
1684,15,15,6475198.5399,4441.3220,3.163443,0.067562,3.516171,0.0088,43.6136,56.3776,1.08e-13
1685,15,15,6475245.2629,4441.3220,3.163446,0.078949,3.516172,0.0111,45.2238,54.7651,7.97e-14
1686,15,15,6475316.3583,4441.3220,3.163451,0.067404,3.516176,0.0114,47.0445,52.9441,1.00e-13
1687,15,15,6475333.2172,4441.3220,3.163452,0.058771,3.516177,0.0093,31.9057,68.0849,1.10e-13
1688,15,15,6475410.4327,4441.3220,3.163457,0.079523,3.516166,0.0111,57.7666,42.2223,1.07e-13
1689,15,15,6475434.4476,4441.3220,3.163459,0.066705,3.516170,0.0101,36.6810,63.3089,1.12e-13
1690,15,15,6475499.5181,4441.3220,3.163463,0.098132,3.516161,0.0129,53.0968,46.8903,7.94e-14
1691,15,15,6475520.3781,4441.3220,3.163464,0.075913,3.516170,0.0097,38.1029,61.8874,1.18e-13
1692,15,15,6475549.2251,4441.3220,3.163466,0.067366,3.516173,0.0092,27.7513,72.2395,1.18e-13
1693,15,15,6475582.5699,4441.3220,3.163469,0.098794,3.516161,0.0117,60.1390,39.8493,1.21e-13
1694,15,15,6475601.4073,4441.3220,3.163470,0.064278,3.516174,0.0095,42.3328,57.6576,8.69e-14
1695,15,15,6475630.0027,4441.3220,3.163472,0.043167,3.516182,0.0072,37.8404,62.1524,1.14e-13
1696,15,15,6475655.2760,4441.3220,3.163473,0.051163,3.516175,0.0083,50.6810,49.3107,1.17e-13
1697,15,15,6475669.8565,4441.3220,3.163474,0.053238,3.516178,0.0090,66.3375,33.6535,1.15e-13
1698,15,15,6475700.5165,4441.3220,3.163477,0.041283,3.516186,0.0086,60.5136,39.4778,9.97e-14
1699,15,15,6475765.7977,4441.3220,3.163481,0.071557,3.516170,0.0091,42.1041,57.8868,1.05e-13
1700,15,15,6475778.7316,4441.3220,3.163482,0.077732,3.516167,0.0099,41.5689,58.4212,1.13e-13
1701,15,15,6475813.4041,4441.3220,3.163484,0.080510,3.516168,0.0103,51.9827,48.0070,1.01e-13
1702,15,15,6475830.9660,4441.3220,3.163485,0.078607,3.516169,0.0098,53.3482,46.6420,1.21e-13
1703,15,15,6475882.6181,4441.3220,3.163489,0.068641,3.516173,0.0101,44.7634,55.2265,9.46e-14
1704,15,15,6475919.4550,4441.3220,3.163491,0.069511,3.516173,0.0105,37.8508,62.1387,1.11e-13
1705,15,15,6475940.9695,4441.3220,3.163493,0.078346,3.516167,0.0112,56.3192,43.6697,1.08e-13
1706,15,15,6475974.4976,4441.3220,3.163495,0.074205,3.516169,0.0091,50.2663,49.7246,9.48e-14
1707,15,15,6475985.5383,4441.3220,3.163496,0.064376,3.516174,0.0077,58.0508,41.9415,1.25e-13
1708,15,15,6475998.6678,4441.3220,3.163497,0.080744,3.516167,0.0096,51.7061,48.2843,1.23e-13
1709,15,15,6476036.3028,4441.3220,3.163499,0.066980,3.516172,0.0098,48.0012,51.9890,9.89e-14
1710,15,15,6476071.8474,4441.3220,3.163501,0.055263,3.516178,0.0090,41.7686,58.2224,1.05e-13
1711,15,15,6476084.7088,4441.3220,3.163502,0.070286,3.516172,0.0094,55.0454,44.9452,1.13e-13
1712,15,15,6476109.5448,4441.3220,3.163504,0.072333,3.516171,0.0094,40.6335,59.3571,1.15e-13
1713,15,15,6476128.2955,4441.3220,3.163505,0.073863,3.516169,0.0084,61.3232,38.6683,1.27e-13
1714,15,15,6476180.1830,4441.3220,3.163509,0.083139,3.516167,0.0111,39.5587,60.4301,8.64e-14
1715,15,15,6476191.9276,4441.3220,3.163510,0.067186,3.516172,0.0096,48.1530,51.8374,9.93e-14
1716,15,15,6476286.1165,4441.3220,3.163516,0.064442,3.516175,0.0106,50.5163,49.4731,9.86e-14
1717,15,15,6476328.3431,4441.3220,3.163519,0.075745,3.516171,0.0101,51.3374,48.6525,8.35e-14
1718,15,15,6476343.9620,4441.3220,3.163520,0.065461,3.516172,0.0093,52.0443,47.9464,1.13e-13
1719,15,15,6476358.1173,4441.3220,3.163521,0.091103,3.516161,0.0102,48.2877,51.7021,1.09e-13
1720,15,15,6476383.8598,4441.3220,3.163522,0.080708,3.516165,0.0097,57.3945,42.5958,9.35e-14
1721,15,15,6476410.8987,4441.3220,3.163524,0.065679,3.516172,0.0086,50.2032,49.7882,1.10e-13
1722,15,15,6476439.8837,4441.3220,3.163526,0.067155,3.516173,0.0095,46.4681,53.5224,1.00e-13
1723,15,15,6476512.5388,4441.3220,3.163531,0.080874,3.516165,0.0102,49.7310,50.2588,9.30e-14
1724,15,15,6476535.2733,4441.3220,3.163533,0.055938,3.516178,0.0089,58.5307,41.4604,1.20e-13
1725,15,15,6476554.6082,4441.3220,3.163534,0.092516,3.516162,0.0104,35.8350,64.1546,1.01e-13
1726,15,15,6476584.8551,4441.3220,3.163536,0.075425,3.516168,0.0107,38.0455,61.9438,1.04e-13
1727,15,15,6476613.1820,4441.3220,3.163538,0.059718,3.516175,0.0090,59.8341,40.1569,1.06e-13
1728,15,15,6476618.8355,4441.3220,3.163538,0.074009,3.516172,0.0107,44.7365,55.2528,1.08e-13
1729,15,15,6476680.4523,4441.3220,3.163542,0.075542,3.516170,0.0106,61.0473,38.9421,9.65e-14
1730,15,15,6476748.9527,4441.3220,3.163547,0.074856,3.516170,0.0101,58.9017,41.0882,8.71e-14
1731,15,15,6476760.7322,4441.3220,3.163548,0.068061,3.516171,0.0099,49.9556,50.0345,1.17e-13
1732,15,15,6476797.4356,4441.3220,3.163550,0.076810,3.516169,0.0098,69.6526,30.3376,1.09e-13
1733,15,15,6476810.3082,4441.3220,3.163551,0.072777,3.516167,0.0087,57.3912,42.6002,1.12e-13
1734,15,15,6476822.0859,4441.3220,3.163552,0.069031,3.516174,0.0100,51.8164,48.1736,9.92e-14
1735,15,15,6476849.4779,4441.3220,3.163554,0.070001,3.516172,0.0110,61.7339,38.2552,1.32e-13
1736,15,15,6476857.2269,4441.3220,3.163554,0.058678,3.516179,0.0089,47.9900,52.0010,8.77e-14
1737,15,15,6476888.8938,4441.3220,3.163556,0.083215,3.516166,0.0107,56.3523,43.6370,9.96e-14
1738,15,15,6476947.3676,4441.3220,3.163560,0.079085,3.516168,0.0098,58.1346,41.8556,1.05e-13
1739,15,15,6476948.9123,4441.3220,3.163560,0.064798,3.516173,0.0090,50.1705,49.8205,1.13e-13
1740,15,15,6476973.1133,4441.3220,3.163562,0.066447,3.516173,0.0092,49.7819,50.2089,1.12e-13
1741,15,15,6476984.5499,4441.3220,3.163563,0.066788,3.516172,0.0094,43.2132,56.7773,1.05e-13
1742,15,15,6477019.6289,4441.3220,3.163565,0.077019,3.516165,0.0094,67.3330,32.6577,1.43e-13
1743,15,15,6477045.0031,4441.3220,3.163567,0.080311,3.516167,0.0111,52.3076,47.6813,9.50e-14
1744,15,15,6477064.0352,4441.3220,3.163568,0.063003,3.516174,0.0083,59.3848,40.6069,1.50e-13
1745,15,15,6477072.9538,4441.3220,3.163569,0.064468,3.516175,0.0096,57.6718,42.3186,1.05e-13
1746,15,15,6477110.2520,4441.3220,3.163571,0.087910,3.516165,0.0116,36.5081,63.4802,9.71e-14
1747,15,15,6477149.1836,4441.3220,3.163574,0.063885,3.516176,0.0101,53.2650,46.7249,1.03e-13
1748,15,15,6477157.5624,4441.3220,3.163574,0.063612,3.516175,0.0100,50.2019,49.7882,1.28e-13
1749,15,15,6477206.3770,4441.3220,3.163578,0.077084,3.516169,0.0108,41.8995,58.0897,9.52e-14
1750,15,15,6477236.6878,4441.3220,3.163580,0.074218,3.516171,0.0103,50.0019,49.9878,1.11e-13
1751,15,15,6477259.3421,4441.3220,3.163581,0.068828,3.516174,0.0095,59.7510,40.2394,9.77e-14
1752,15,15,6477310.7404,4441.3220,3.163585,0.079723,3.516166,0.0106,42.3495,57.6399,1.24e-13
1753,15,15,6477315.4400,4441.3220,3.163585,0.081615,3.516165,0.0090,76.7215,23.2694,1.12e-13
1754,15,15,6477335.2324,4441.3220,3.163586,0.068328,3.516172,0.0087,53.7960,46.1953,1.27e-13
1755,15,15,6477362.4069,4441.3220,3.163588,0.083277,3.516164,0.0106,49.3184,50.6710,8.22e-14
1756,15,15,6477402.0915,4441.3220,3.163591,0.061524,3.516173,0.0096,49.1137,50.8767,1.04e-13
1757,15,15,6477420.2579,4441.3220,3.163592,0.063801,3.516175,0.0093,46.1733,53.8174,1.02e-13
1758,15,15,6477441.9897,4441.3220,3.163593,0.067886,3.516173,0.0092,54.5798,45.4110,1.15e-13
1759,15,15,6477458.8254,4441.3220,3.163595,0.062859,3.516174,0.0102,55.5773,44.4125,9.78e-14
1760,15,15,6477489.1233,4441.3220,3.163597,0.059814,3.516174,0.0076,35.0729,64.9195,1.25e-13
1761,15,15,6477514.9661,4441.3220,3.163598,0.067479,3.516174,0.0113,43.6586,56.3301,1.15e-13
1762,15,15,6477523.8937,4441.3220,3.163599,0.069169,3.516170,0.0102,56.8320,43.1578,9.10e-14
1763,15,15,6477553.3452,4441.3220,3.163601,0.089827,3.516162,0.0095,32.6811,67.3094,8.90e-14
1764,15,15,6477582.5819,4441.3220,3.163603,0.086311,3.516166,0.0107,50.5119,49.4774,1.19e-13
1765,15,15,6477603.4985,4441.3220,3.163604,0.066064,3.516173,0.0099,50.3913,49.5988,8.66e-14
1766,15,15,6477613.5287,4441.3220,3.163605,0.060185,3.516175,0.0092,59.9925,39.9983,1.13e-13
1767,15,15,6477650.8001,4441.3220,3.163607,0.073483,3.516169,0.0094,40.7810,59.2096,1.10e-13
1768,15,15,6477681.4425,4441.3220,3.163609,0.079718,3.516165,0.0097,58.3164,41.6739,9.14e-14
1769,15,15,6477698.9386,4441.3220,3.163611,0.066061,3.516171,0.0090,48.9802,51.0108,1.36e-13
1770,15,15,6477710.5030,4441.3220,3.163611,0.085884,3.516165,0.0104,45.6054,54.3843,9.45e-14
1771,15,15,6477736.5117,4441.3220,3.163613,0.057663,3.516174,0.0084,56.0084,43.9832,1.21e-13
1772,15,15,6477741.1993,4441.3220,3.163613,0.073890,3.516171,0.0088,46.9093,53.0819,1.12e-13
1773,15,15,6477771.1019,4441.3220,3.163615,0.080524,3.516166,0.0100,46.2103,53.7796,1.19e-13
1774,15,15,6477778.2051,4441.3220,3.163616,0.071017,3.516168,0.0088,41.7571,58.2341,1.20e-13
1775,15,15,6477794.7095,4441.3220,3.163617,0.073174,3.516168,0.0097,40.8476,59.1427,1.26e-13
1776,15,15,6477812.3695,4441.3220,3.163618,0.057627,3.516177,0.0084,49.3737,50.6179,1.18e-13
1777,15,15,6477842.5753,4441.3220,3.163620,0.071866,3.516171,0.0091,41.5646,58.4263,9.36e-14
1778,15,15,6477879.3232,4441.3220,3.163623,0.081163,3.516165,0.0096,45.6002,54.3902,1.17e-13
1779,15,15,6477901.3056,4441.3220,3.163624,0.059920,3.516175,0.0092,47.3763,52.6145,1.03e-13
1780,15,15,6477911.0658,4441.3220,3.163625,0.061612,3.516175,0.0088,58.2973,41.6939,1.15e-13
1781,15,15,6477931.7904,4441.3220,3.163626,0.065555,3.516171,0.0095,58.7276,41.2629,1.31e-13
1782,15,15,6477935.8972,4441.3220,3.163627,0.046435,3.516182,0.0084,68.3507,31.6409,1.08e-13
1783,15,15,6477951.9852,4441.3220,3.163628,0.051988,3.516179,0.0088,56.9585,43.0326,1.23e-13
1784,15,15,6477976.6411,4441.3220,3.163629,0.073801,3.516169,0.0097,56.2442,43.7461,1.00e-13
1785,15,15,6478014.2760,4441.3220,3.163632,0.061673,3.516175,0.0090,50.4418,49.5492,1.04e-13
1786,15,15,6478023.2624,4441.3220,3.163632,0.072043,3.516171,0.0100,62.2878,37.7022,8.88e-14
1787,15,15,6478061.8158,4441.3220,3.163635,0.054386,3.516176,0.0077,40.5950,59.3973,1.03e-13
1788,15,15,6478074.0917,4441.3220,3.163636,0.047546,3.516181,0.0090,62.4214,37.5696,1.19e-13
1789,15,15,6478088.9264,4441.3220,3.163637,0.075632,3.516168,0.0086,48.9696,51.0218,7.52e-14
1790,15,15,6478142.8725,4441.3220,3.163640,0.067933,3.516175,0.0102,51.6741,48.3156,1.02e-13
1791,15,15,6478171.4695,4441.3220,3.163642,0.067954,3.516172,0.0085,45.5262,54.4653,1.12e-13
1792,15,15,6478183.8207,4441.3220,3.163643,0.066377,3.516172,0.0091,73.4409,26.5499,1.02e-13
1793,15,15,6478213.2653,4441.3220,3.163645,0.076785,3.516166,0.0083,48.4750,51.5167,1.09e-13
1794,15,15,6478236.5155,4441.3220,3.163647,0.073700,3.516165,0.0091,34.3161,65.6748,1.17e-13
1795,15,15,6478259.2218,4441.3220,3.163648,0.083714,3.516164,0.0082,55.0621,44.9297,1.16e-13
1796,15,15,6478278.2013,4441.3220,3.163649,0.056577,3.516177,0.0081,47.9159,52.0760,1.08e-13
1797,15,15,6478292.5185,4441.3220,3.163650,0.054357,3.516176,0.0072,53.3749,46.6179,1.33e-13
1798,15,15,6478335.3969,4441.3220,3.163653,0.054769,3.516175,0.0077,64.8381,35.1541,1.05e-13
1799,15,15,6478344.9591,4441.3220,3.163654,0.051981,3.516179,0.0074,67.1576,32.8350,1.00e-13
1800,15,15,6478372.0612,4441.3220,3.163656,0.063000,3.516175,0.0084,55.9185,44.0731,1.12e-13
1801,15,15,6478383.2096,4441.3220,3.163657,0.057973,3.516178,0.0080,47.2122,52.7797,1.49e-13
1802,15,15,6478412.3426,4441.3220,3.163658,0.087456,3.516163,0.0104,60.0747,39.9149,1.17e-13
1803,15,15,6478425.6772,4441.3220,3.163659,0.062439,3.516175,0.0100,63.4928,36.4972,1.19e-13
1804,15,15,6478430.6206,4441.3220,3.163660,0.065655,3.516173,0.0082,62.9892,37.0026,9.44e-14
1805,15,15,6478458.4990,4441.3220,3.163662,0.069509,3.516170,0.0086,62.6445,37.3469,9.71e-14
1806,15,15,6478494.1498,4441.3220,3.163664,0.068212,3.516172,0.0089,49.1705,50.8206,1.06e-13
1807,15,15,6478530.1524,4441.3220,3.163666,0.059870,3.516178,0.0092,59.6446,40.3462,1.04e-13
1808,15,15,6478533.5755,4441.3220,3.163667,0.057942,3.516177,0.0082,51.0042,48.9876,1.38e-13
1809,15,15,6478550.1157,4441.3220,3.163668,0.068616,3.516171,0.0080,42.9372,57.0548,9.47e-14
1810,15,15,6478562.8595,4441.3220,3.163669,0.064836,3.516173,0.0073,61.0309,38.9618,1.26e-13
1811,15,15,6478572.3139,4441.3220,3.163669,0.072841,3.516170,0.0092,46.6559,53.3350,9.52e-14
1812,15,15,6478612.5899,4441.3220,3.163672,0.064809,3.516172,0.0081,51.9804,48.0115,9.42e-14
1813,15,15,6478631.2475,4441.3220,3.163673,0.069412,3.516171,0.0087,38.7144,61.2769,9.50e-14
1814,15,15,6478663.1974,4441.3220,3.163675,0.045963,3.516183,0.0078,51.2754,48.7168,1.14e-13
1815,15,15,6478672.1397,4441.3220,3.163676,0.057003,3.516177,0.0091,52.6306,47.3603,9.74e-14
1816,15,15,6478706.6261,4441.3220,3.163678,0.069105,3.516170,0.0086,48.3177,51.6737,1.13e-13
1817,15,15,6478712.5034,4441.3220,3.163679,0.062730,3.516175,0.0089,50.9074,49.0837,9.83e-14
1818,15,15,6478732.2082,4441.3220,3.163680,0.058870,3.516175,0.0084,49.7828,50.2087,1.15e-13
1819,15,15,6478740.9860,4441.3220,3.163681,0.069003,3.516172,0.0082,51.0419,48.9500,9.93e-14
1820,15,15,6478772.1852,4441.3220,3.163683,0.062698,3.516172,0.0085,41.4976,58.4939,9.25e-14
1821,15,15,6478781.6573,4441.3220,3.163683,0.053033,3.516177,0.0080,45.4728,54.5192,1.15e-13
1822,15,15,6478806.6506,4441.3220,3.163685,0.057469,3.516177,0.0095,59.9833,40.0072,1.05e-13
1823,15,15,6478826.3244,4441.3220,3.163686,0.078064,3.516167,0.0087,49.3080,50.6833,9.95e-14
1824,15,15,6478860.3525,4441.3220,3.163689,0.077095,3.516169,0.0096,58.9371,41.0533,9.60e-14
1825,15,15,6478866.9008,4441.3220,3.163689,0.066516,3.516173,0.0089,50.9814,49.0097,1.21e-13
1826,15,15,6478893.8632,4441.3220,3.163691,0.054990,3.516179,0.0090,57.8131,42.1779,9.51e-14
1827,15,15,6478916.3645,4441.3220,3.163692,0.067421,3.516172,0.0081,47.1777,52.8142,1.30e-13
1828,15,15,6478920.8384,4441.3220,3.163693,0.053566,3.516181,0.0077,57.3496,42.6427,1.14e-13
1829,15,15,6478953.2819,4441.3220,3.163695,0.071888,3.516170,0.0095,57.9678,42.0227,1.26e-13
1830,15,15,6478972.2195,4441.3220,3.163696,0.074553,3.516169,0.0093,47.6902,52.3005,9.03e-14
1831,15,15,6478977.0679,4441.3220,3.163696,0.051838,3.516178,0.0084,49.2197,50.7719,1.17e-13
1832,15,15,6479004.8398,4441.3220,3.163698,0.068059,3.516172,0.0095,57.0176,42.9729,8.96e-14
1833,15,15,6479023.5747,4441.3220,3.163699,0.062173,3.516173,0.0085,52.8425,47.1490,1.10e-13
1834,15,15,6479034.4234,4441.3220,3.163700,0.076720,3.516169,0.0097,51.7257,48.2646,1.06e-13
1835,15,15,6479061.9496,4441.3220,3.163702,0.070331,3.516171,0.0083,55.1555,44.8362,1.06e-13
1836,15,15,6479069.5960,4441.3220,3.163703,0.063745,3.516175,0.0090,45.4326,54.5584,1.17e-13
1837,15,15,6479085.5677,4441.3220,3.163704,0.051915,3.516180,0.0083,64.2213,35.7705,1.09e-13
1838,15,15,6479103.6590,4441.3220,3.163705,0.062095,3.516174,0.0078,43.4533,56.5389,1.17e-13
1839,15,15,6479127.1644,4441.3220,3.163706,0.066960,3.516174,0.0095,43.5996,56.3909,8.57e-14
1840,15,15,6479140.6628,4441.3220,3.163707,0.054484,3.516179,0.0081,55.5437,44.4482,1.20e-13
1841,15,15,6479172.8327,4441.3220,3.163710,0.060632,3.516175,0.0085,47.7964,52.1951,1.41e-13
1842,15,15,6479186.7024,4441.3220,3.163710,0.051876,3.516179,0.0072,46.1552,53.8376,1.00e-13
1843,15,15,6479197.8158,4441.3220,3.163711,0.067240,3.516170,0.0084,46.6967,53.2949,1.02e-13
1844,15,15,6479220.4076,4441.3220,3.163713,0.063816,3.516175,0.0088,39.0102,60.9810,1.17e-13
1845,15,15,6479239.0393,4441.3220,3.163714,0.063286,3.516175,0.0081,47.5575,52.4344,9.37e-14
1846,15,15,6479273.4264,4441.3220,3.163716,0.060452,3.516174,0.0084,44.7085,55.2831,9.42e-14
1847,15,15,6479276.4247,4441.3220,3.163716,0.054752,3.516176,0.0081,54.2927,45.6992,1.51e-13
1848,15,15,6479280.3086,4441.3220,3.163717,0.055401,3.516175,0.0070,49.0948,50.8982,1.32e-13
1849,15,15,6479315.4367,4441.3220,3.163719,0.075766,3.516166,0.0082,43.9167,56.0752,1.15e-13
1850,15,15,6479327.9939,4441.3220,3.163720,0.059761,3.516176,0.0090,48.6451,51.3458,1.15e-13
1851,15,15,6479339.1017,4441.3220,3.163721,0.055869,3.516178,0.0062,49.7018,50.2921,1.07e-13
1852,15,15,6479352.5517,4441.3220,3.163722,0.056734,3.516179,0.0081,53.8901,46.1018,1.33e-13
1853,15,15,6479365.8859,4441.3220,3.163722,0.065642,3.516173,0.0082,48.6400,51.3518,1.26e-13
1854,15,15,6479375.2187,4441.3220,3.163723,0.054479,3.516176,0.0070,42.5597,57.4332,1.19e-13
1855,15,15,6479392.2535,4441.3220,3.163724,0.075809,3.516169,0.0089,50.0334,49.9577,1.13e-13
1856,15,15,6479406.2449,4441.3220,3.163725,0.066627,3.516174,0.0087,47.3820,52.6093,1.06e-13
1857,15,15,6479413.6554,4441.3220,3.163726,0.078328,3.516168,0.0101,54.0154,45.9745,1.16e-13
1858,15,15,6479436.6670,4441.3220,3.163727,0.081240,3.516169,0.0121,37.4291,62.5588,1.20e-13
1859,15,15,6479446.8984,4441.3220,3.163728,0.063359,3.516173,0.0084,35.2087,64.7829,1.25e-13
1860,15,15,6479467.3148,4441.3220,3.163729,0.062749,3.516173,0.0085,52.4606,47.5310,1.02e-13
1861,15,15,6479482.2330,4441.3220,3.163730,0.059872,3.516175,0.0074,55.3722,44.6204,1.11e-13
1862,15,15,6479494.1429,4441.3220,3.163731,0.042908,3.516182,0.0073,49.6816,50.3111,1.27e-13
1863,15,15,6479516.4364,4441.3220,3.163733,0.073407,3.516169,0.0093,43.5164,56.4743,1.17e-13
1864,15,15,6479530.5644,4441.3220,3.163733,0.053952,3.516176,0.0075,45.5161,54.4764,1.38e-13
1865,15,15,6479540.7008,4441.3220,3.163734,0.060280,3.516175,0.0074,45.0416,54.9510,1.22e-13
1866,15,15,6479550.1293,4441.3220,3.163735,0.042810,3.516183,0.0073,49.2136,50.7791,1.28e-13
1867,15,15,6479568.1883,4441.3220,3.163736,0.053783,3.516177,0.0072,44.6398,55.3530,8.72e-14
1868,15,15,6479587.0434,4441.3220,3.163737,0.055347,3.516176,0.0068,42.2423,57.7509,1.05e-13
1869,15,15,6479604.4678,4441.3220,3.163738,0.062704,3.516174,0.0076,55.3086,44.6838,1.32e-13
1870,15,15,6479614.3730,4441.3220,3.163739,0.064939,3.516172,0.0083,54.3076,45.6840,1.08e-13
1871,15,15,6479629.3907,4441.3220,3.163740,0.058632,3.516176,0.0088,52.1043,47.8868,1.20e-13
1872,15,15,6479654.3762,4441.3220,3.163742,0.057062,3.516175,0.0078,52.6242,47.3680,1.02e-13
1873,15,15,6479675.0674,4441.3220,3.163743,0.048439,3.516180,0.0081,44.4848,55.5071,1.22e-13
1874,15,15,6479689.6148,4441.3220,3.163744,0.053211,3.516176,0.0070,50.7697,49.2233,1.25e-13
1875,15,15,6479698.2884,4441.3220,3.163745,0.064302,3.516171,0.0076,43.2084,56.7840,1.29e-13
1876,15,15,6479717.6053,4441.3220,3.163746,0.057545,3.516173,0.0071,44.1243,55.8686,9.54e-14
1877,15,15,6479724.8670,4441.3220,3.163747,0.069963,3.516171,0.0083,47.1718,52.8198,1.33e-13
1878,15,15,6479740.5778,4441.3220,3.163748,0.044145,3.516182,0.0076,47.6589,52.3336,1.08e-13
1879,15,15,6479748.6364,4441.3220,3.163748,0.048471,3.516180,0.0083,49.3542,50.6375,1.25e-13
1880,15,15,6479772.0043,4441.3220,3.163750,0.060691,3.516174,0.0070,43.7746,56.2184,1.06e-13
1881,15,15,6479783.7191,4441.3220,3.163750,0.052146,3.516178,0.0069,53.0991,46.8940,1.44e-13
1882,15,15,6479798.4651,4441.3220,3.163751,0.061702,3.516173,0.0078,57.9572,42.0350,1.42e-13
1883,15,15,6479800.0080,4441.3220,3.163752,0.052836,3.516178,0.0077,50.2029,49.7895,1.09e-13
1884,15,15,6479812.9888,4441.3220,3.163752,0.056216,3.516176,0.0066,57.3590,42.6344,1.16e-13
1885,15,15,6479829.8976,4441.3220,3.163754,0.074263,3.516167,0.0084,47.3400,52.6517,1.14e-13
1886,15,15,6479837.2638,4441.3220,3.163754,0.041722,3.516182,0.0065,60.5024,39.4910,1.28e-13
1887,15,15,6479854.3677,4441.3220,3.163755,0.050038,3.516178,0.0069,61.7682,38.2249,1.10e-13
1888,15,15,6479866.7787,4441.3220,3.163756,0.041747,3.516182,0.0069,35.0805,64.9127,1.19e-13
1889,15,15,6479888.4706,4441.3220,3.163758,0.052998,3.516178,0.0077,42.1864,57.8059,9.85e-14
1890,15,15,6479898.2742,4441.3220,3.163758,0.062483,3.516175,0.0083,53.4281,46.5636,1.38e-13
1891,15,15,6479905.9257,4441.3220,3.163759,0.072223,3.516169,0.0081,47.3305,52.6615,1.24e-13
1892,15,15,6479916.7121,4441.3220,3.163759,0.062955,3.516173,0.0074,45.8879,54.1046,1.04e-13
1893,15,15,6479929.0135,4441.3220,3.163760,0.062382,3.516173,0.0081,53.3440,46.6478,1.17e-13
1894,15,15,6479937.9015,4441.3220,3.163761,0.071999,3.516170,0.0092,49.3150,50.6758,9.94e-14
1895,15,15,6479947.4754,4441.3220,3.163761,0.053731,3.516178,0.0077,56.4866,43.5058,1.41e-13
1896,15,15,6479957.6061,4441.3220,3.163762,0.060359,3.516174,0.0078,45.7960,54.1962,1.26e-13
1897,15,15,6479973.3815,4441.3220,3.163763,0.074188,3.516169,0.0084,39.3410,60.6506,1.02e-13
1898,15,15,6479993.7630,4441.3220,3.163765,0.058140,3.516177,0.0082,59.3406,40.6512,1.14e-13
1899,15,15,6479998.1241,4441.3220,3.163765,0.054430,3.516179,0.0078,48.8871,51.1051,1.24e-13
1900,15,15,6480005.8877,4441.3220,3.163765,0.053057,3.516176,0.0070,44.5639,55.4291,1.06e-13
1901,15,15,6480027.5395,4441.3220,3.163767,0.050441,3.516177,0.0062,50.3634,49.6303,1.41e-13
1902,15,15,6480037.9252,4441.3220,3.163768,0.041919,3.516182,0.0066,43.6268,56.3667,1.11e-13
1903,15,15,6480056.1039,4441.3220,3.163769,0.063788,3.516174,0.0081,52.4425,47.5494,1.27e-13
1904,15,15,6480062.7583,4441.3220,3.163769,0.040495,3.516181,0.0065,49.6894,50.3041,1.04e-13
1905,15,15,6480083.7440,4441.3220,3.163771,0.045792,3.516180,0.0070,49.7176,50.2754,1.39e-13
1906,15,15,6480088.6353,4441.3220,3.163771,0.054348,3.516176,0.0070,46.3717,53.6213,1.30e-13
1907,15,15,6480094.9537,4441.3220,3.163771,0.050664,3.516177,0.0069,50.7553,49.2379,1.39e-13
1908,15,15,6480096.0147,4441.3220,3.163771,0.072321,3.516170,0.0077,47.9761,52.0163,1.02e-13
1909,15,15,6480111.1464,4441.3220,3.163772,0.075043,3.516166,0.0075,43.2514,56.7411,1.24e-13
1910,15,15,6480131.4456,4441.3220,3.163774,0.058548,3.516173,0.0066,46.0672,53.9262,1.26e-13
1911,15,15,6480142.1923,4441.3220,3.163775,0.045893,3.516181,0.0067,49.5186,50.4747,1.29e-13
1912,15,15,6480144.6346,4441.3220,3.163775,0.058689,3.516175,0.0077,50.1930,49.7993,1.21e-13
1913,15,15,6480153.3743,4441.3220,3.163775,0.060116,3.516174,0.0072,46.8878,53.1051,9.38e-14
1914,15,15,6480164.9335,4441.3220,3.163776,0.061371,3.516174,0.0077,51.4417,48.5506,1.22e-13
1915,15,15,6480173.6436,4441.3220,3.163777,0.053784,3.516178,0.0071,49.5270,50.4659,9.59e-14
1916,15,15,6480193.9978,4441.3220,3.163778,0.059118,3.516175,0.0086,43.9970,55.9944,1.22e-13
1917,15,15,6480204.2431,4441.3220,3.163779,0.057104,3.516176,0.0072,43.8823,56.1105,1.11e-13
1918,15,15,6480220.2040,4441.3220,3.163780,0.070065,3.516171,0.0084,46.3267,53.6648,1.17e-13
1919,15,15,6480220.9233,4441.3220,3.163780,0.049192,3.516178,0.0071,46.5449,53.4480,1.09e-13
1920,15,15,6480227.1815,4441.3220,3.163780,0.054926,3.516177,0.0077,51.3511,48.6412,1.24e-13
1921,15,15,6480236.5554,4441.3220,3.163781,0.060488,3.516174,0.0084,46.5345,53.4571,1.30e-13
1922,15,15,6480245.4764,4441.3220,3.163781,0.053810,3.516177,0.0071,54.6642,45.3287,1.07e-13
1923,15,15,6480256.0465,4441.3220,3.163782,0.058183,3.516174,0.0067,49.3055,50.6877,1.18e-13
1924,15,15,6480269.0971,4441.3220,3.163783,0.061768,3.516173,0.0078,54.2562,45.7360,1.04e-13
1925,15,15,6480283.4609,4441.3220,3.163784,0.058432,3.516176,0.0063,58.3196,41.6740,1.24e-13
1926,15,15,6480289.2927,4441.3220,3.163784,0.066182,3.516173,0.0078,43.1502,56.8420,1.53e-13
1927,15,15,6480298.0588,4441.3220,3.163785,0.061344,3.516172,0.0067,48.4272,51.5661,1.10e-13
1928,15,15,6480308.7410,4441.3220,3.163786,0.051393,3.516177,0.0067,39.6616,60.3317,1.20e-13
1929,15,15,6480314.0043,4441.3220,3.163786,0.054377,3.516177,0.0066,44.0563,55.9371,1.13e-13
1930,15,15,6480324.7510,4441.3220,3.163787,0.037504,3.516184,0.0062,46.0420,53.9518,1.33e-13
1931,15,15,6480334.9913,4441.3220,3.163787,0.052451,3.516177,0.0066,52.4887,47.5047,1.04e-13
1932,15,15,6480338.7461,4441.3220,3.163788,0.045728,3.516180,0.0061,50.0095,49.9844,1.50e-13
1933,15,15,6480353.3866,4441.3220,3.163789,0.042343,3.516180,0.0061,60.3750,39.6190,1.26e-13
1934,15,15,6480368.8456,4441.3220,3.163790,0.045718,3.516180,0.0057,45.3490,54.6453,1.15e-13
1935,15,15,6480374.3334,4441.3220,3.163790,0.046273,3.516181,0.0064,48.1236,51.8700,1.32e-13
1936,15,15,6480382.2830,4441.3220,3.163791,0.042474,3.516181,0.0061,50.0350,49.9590,1.09e-13
1937,15,15,6480401.7942,4441.3220,3.163792,0.042184,3.516183,0.0064,46.1128,53.8808,1.39e-13
1938,15,15,6480405.0133,4441.3220,3.163792,0.041978,3.516181,0.0053,55.1385,44.8563,1.19e-13
1939,15,15,6480412.9604,4441.3220,3.163793,0.037478,3.516183,0.0055,56.8384,43.1560,1.21e-13
1940,15,15,6480421.8997,4441.3220,3.163793,0.037695,3.516182,0.0053,52.6187,47.3759,1.26e-13
1941,15,15,6480424.9373,4441.3220,3.163793,0.055896,3.516175,0.0059,43.5943,56.3997,1.49e-13
1942,15,15,6480438.5900,4441.3220,3.163794,0.047551,3.516179,0.0068,40.9625,59.0306,1.39e-13
1943,15,15,6480440.2755,4441.3220,3.163795,0.046268,3.516178,0.0059,54.1458,45.8483,1.47e-13
1944,15,15,6480453.5659,4441.3220,3.163795,0.051189,3.516178,0.0073,42.1196,57.8731,1.27e-13
1945,15,15,6480461.4720,4441.3220,3.163796,0.048043,3.516178,0.0060,52.3406,47.6534,1.21e-13
1946,15,15,6480466.9164,4441.3220,3.163796,0.046698,3.516180,0.0058,49.6560,50.3382,1.46e-13
1947,15,15,6480472.3876,4441.3220,3.163797,0.047674,3.516178,0.0058,41.1445,58.8497,1.06e-13
1948,15,15,6480488.9024,4441.3220,3.163798,0.045495,3.516180,0.0056,38.6462,61.3481,1.16e-13
1949,15,15,6480494.9069,4441.3220,3.163798,0.040657,3.516180,0.0048,52.8890,47.1062,1.27e-13
1950,15,15,6480508.4914,4441.3220,3.163799,0.037987,3.516182,0.0051,47.4610,52.5339,1.50e-13
1951,15,15,6480514.6944,4441.3220,3.163800,0.043508,3.516180,0.0053,55.5376,44.4571,1.46e-13
1952,15,15,6480520.5482,4441.3220,3.163800,0.040636,3.516180,0.0048,59.2841,40.7111,1.47e-13
1953,15,15,6480524.2964,4441.3220,3.163800,0.033986,3.516183,0.0048,51.3230,48.6722,1.07e-13
1954,15,15,6480539.5924,4441.3220,3.163801,0.038876,3.516182,0.0054,49.3366,50.6580,1.25e-13
1955,15,15,6480539.9381,4441.3220,3.163801,0.026890,3.516186,0.0048,59.3076,40.6875,1.76e-13
1956,15,15,6480548.4472,4441.3220,3.163802,0.046558,3.516179,0.0057,57.4700,42.5243,1.38e-13
1957,15,15,6480558.9099,4441.3220,3.163802,0.052177,3.516178,0.0064,54.3303,45.6634,1.36e-13
1958,15,15,6480572.9520,4441.3220,3.163803,0.048162,3.516177,0.0057,40.9261,59.0683,1.11e-13
1959,15,15,6480581.2954,4441.3220,3.163804,0.047412,3.516178,0.0057,45.7107,54.2836,1.32e-13
1960,15,15,6480584.6813,4441.3220,3.163804,0.044517,3.516180,0.0057,45.0419,54.9524,1.38e-13
1961,15,15,6480588.6297,4441.3220,3.163804,0.043585,3.516180,0.0047,41.5088,58.4865,1.46e-13
1962,15,15,6480596.7761,4441.3220,3.163805,0.053848,3.516175,0.0059,42.2686,57.7255,1.38e-13
1963,15,15,6480602.7808,4441.3220,3.163805,0.032363,3.516184,0.0041,44.6872,55.3087,1.87e-13
1964,15,15,6480608.7629,4441.3220,3.163806,0.040563,3.516180,0.0053,58.5453,41.4494,1.37e-13
1965,15,15,6480612.2495,4441.3220,3.163806,0.040154,3.516181,0.0052,43.9528,56.0420,1.65e-13
1966,15,15,6480614.3116,4441.3220,3.163806,0.034934,3.516184,0.0047,38.0380,61.9573,1.28e-13
1967,15,15,6480624.7123,4441.3220,3.163807,0.042405,3.516181,0.0049,45.0460,54.9490,1.74e-13
1968,15,15,6480626.7202,4441.3220,3.163807,0.038046,3.516183,0.0062,50.6532,49.3406,1.21e-13
1969,15,15,6480633.1243,4441.3220,3.163807,0.037348,3.516181,0.0044,53.0845,46.9111,1.34e-13
1970,15,15,6480640.0230,4441.3220,3.163808,0.037033,3.516181,0.0047,56.9716,43.0237,1.63e-13
1971,15,15,6480646.6635,4441.3220,3.163808,0.034081,3.516183,0.0044,36.0311,63.9645,1.25e-13
1972,15,15,6480656.5276,4441.3220,3.163809,0.024660,3.516187,0.0046,43.1322,56.8632,1.53e-13
1973,15,15,6480663.2042,4441.3220,3.163809,0.032802,3.516184,0.0044,47.9985,51.9971,1.46e-13
1974,15,15,6480669.9445,4441.3220,3.163810,0.031816,3.516185,0.0043,40.7449,59.2508,1.40e-13
1975,15,15,6480680.2116,4441.3220,3.163811,0.034011,3.516183,0.0047,51.9013,48.0941,1.33e-13
1976,15,15,6480684.2062,4441.3220,3.163811,0.049655,3.516177,0.0055,53.0581,46.9364,1.59e-13
1977,15,15,6480691.3536,4441.3220,3.163811,0.030345,3.516184,0.0037,52.3218,47.6745,1.64e-13
1978,15,15,6480700.1927,4441.3220,3.163812,0.023311,3.516186,0.0036,47.8739,52.1225,1.47e-13
1979,15,15,6480702.8859,4441.3220,3.163812,0.034241,3.516182,0.0040,44.8997,55.0962,1.63e-13
1980,15,15,6480707.6842,4441.3220,3.163812,0.034724,3.516182,0.0041,48.2692,51.7267,1.68e-13
1981,15,15,6480718.0439,4441.3220,3.163813,0.031954,3.516184,0.0041,55.9739,44.0220,1.52e-13
1982,15,15,6480720.4572,4441.3220,3.163813,0.032355,3.516185,0.0046,45.8998,54.0957,1.71e-13
1983,15,15,6480725.6695,4441.3220,3.163814,0.028030,3.516184,0.0033,55.1492,44.8475,1.84e-13
1984,15,15,6480732.4795,4441.3220,3.163814,0.034579,3.516182,0.0044,50.7769,49.2187,1.52e-13
1985,15,15,6480736.1336,4441.3220,3.163814,0.034350,3.516181,0.0034,40.0191,59.9775,1.73e-13
1986,15,15,6480738.2769,4441.3220,3.163814,0.036565,3.516182,0.0045,49.3450,50.6505,1.72e-13
1987,15,15,6480743.8555,4441.3220,3.163815,0.022025,3.516188,0.0037,47.9692,52.0271,1.72e-13
1988,15,15,6480746.3542,4441.3220,3.163815,0.001776,3.516191,0.0001,49.9390,50.0609,1.02e-12
1989,15,15,6480748.8609,4441.3220,3.163815,0.038331,3.516180,0.0041,50.3277,49.6682,1.62e-13
1990,15,15,6480751.0843,4441.3220,3.163815,0.001674,3.516192,0.0004,47.6350,52.3647,5.30e-13
1991,15,15,6480751.3421,4441.3220,3.163815,0.001676,3.516191,0.0002,50.5686,49.4312,6.58e-13
1992,15,15,6480753.7375,4441.3220,3.163816,0.020610,3.516187,0.0030,52.7942,47.2028,1.67e-13
1993,15,15,6480754.9509,4441.3220,3.163816,0.002101,3.516192,0.0005,48.7758,51.2238,5.03e-13
1994,15,15,6480755.2275,4441.3220,3.163816,0.003139,3.516191,0.0003,48.4412,51.5585,6.32e-13
1995,15,15,6480758.5323,4441.3220,3.163816,0.013901,3.516189,0.0020,49.3956,50.6024,2.72e-13
1996,15,15,6480761.8112,4441.3220,3.163816,0.015545,3.516188,0.0018,54.4883,45.5100,2.80e-13
1997,15,15,6480762.0381,4441.3220,3.163816,0.010055,3.516189,0.0011,51.1128,48.8861,3.51e-13
1998,15,15,6480762.4364,4441.3220,3.163816,0.014873,3.516188,0.0017,46.6708,53.3275,2.79e-13
1999,15,15,6480765.3937,4441.3220,3.163816,0.012455,3.516188,0.0017,55.7457,44.2527,2.41e-13
2000,15,15,6480766.4439,4441.3220,3.163816,0.016799,3.516188,0.0019,52.8843,47.1137,2.79e-13
2001,15,15,6480769.3304,4441.3220,3.163817,0.003600,3.516191,0.0007,42.1229,57.8764,4.73e-13
2002,15,15,6480771.2647,4441.3220,3.163817,0.019614,3.516186,0.0020,41.9243,58.0737,2.42e-13
2003,15,15,6480772.6437,4441.3220,3.163817,0.011103,3.516189,0.0014,65.3966,34.6020,3.29e-13
2004,15,15,6480775.3515,4441.3220,3.163817,0.004326,3.516191,0.0007,42.0295,57.9697,4.64e-13
2005,15,15,6480776.3869,4441.3220,3.163817,0.009370,3.516190,0.0010,59.5509,40.4481,3.71e-13
2006,15,15,6480777.8749,4441.3220,3.163817,0.011398,3.516189,0.0015,46.3933,53.6052,2.79e-13
2007,15,15,6480779.9329,4441.3220,3.163817,0.016440,3.516188,0.0018,59.1260,40.8722,2.58e-13
2008,15,15,6480782.6273,4441.3220,3.163817,0.008268,3.516190,0.0009,30.0448,69.9543,3.42e-13
2009,15,15,6480782.7815,4441.3220,3.163817,0.008217,3.516190,0.0008,34.5390,65.4602,4.24e-13
2010,15,15,6480782.9538,4441.3220,3.163817,0.008995,3.516190,0.0009,82.5985,17.4006,3.71e-13
2011,15,15,6480784.4930,4441.3220,3.163818,0.015664,3.516188,0.0016,48.5904,51.4081,2.79e-13
2012,15,15,6480785.7569,4441.3220,3.163818,0.007798,3.516190,0.0009,47.1795,52.8196,3.47e-13
2013,15,15,6480787.4166,4441.3220,3.163818,0.006610,3.516190,0.0006,31.5755,68.4239,4.60e-13
2014,15,15,6480790.1253,4441.3220,3.163818,0.008725,3.516190,0.0011,54.7624,45.2365,3.93e-13
2015,15,15,6480791.3215,4441.3220,3.163818,0.007228,3.516190,0.0007,66.7583,33.2410,3.92e-13
2016,15,15,6480792.5914,4441.3220,3.163818,0.006706,3.516190,0.0008,49.7024,50.2968,3.53e-13
2017,15,15,6480794.0716,4441.3220,3.163818,0.005006,3.516191,0.0006,42.4398,57.5596,3.57e-13
2018,15,15,6480794.5801,4441.3220,3.163818,0.006374,3.516190,0.0008,46.8999,53.0993,3.87e-13
2019,15,15,6480797.0563,4441.3220,3.163818,0.006945,3.516190,0.0009,57.5650,42.4341,3.46e-13
2020,15,15,6480798.0490,4441.3220,3.163819,0.007902,3.516191,0.0011,48.1042,51.8947,3.82e-13
2021,15,15,6480800.3408,4441.3220,3.163819,0.011443,3.516189,0.0015,54.2998,45.6987,2.68e-13
2022,15,15,6480801.1669,4441.3220,3.163819,0.008275,3.516189,0.0009,38.9042,61.0949,4.29e-13
2023,15,15,6480804.7573,4441.3220,3.163819,0.009143,3.516190,0.0012,53.8306,46.1682,3.22e-13
2024,15,15,6480806.1611,4441.3220,3.163819,0.013087,3.516188,0.0012,32.3482,67.6506,3.07e-13
2025,15,15,6480807.5523,4441.3220,3.163819,0.005133,3.516191,0.0012,59.2796,40.7192,3.64e-13
2026,15,15,6480809.1046,4441.3220,3.163819,0.009015,3.516189,0.0009,55.6161,44.3830,3.95e-13
2027,15,15,6480811.1349,4441.3220,3.163819,0.017453,3.516187,0.0020,41.8203,58.1778,2.73e-13
2028,15,15,6480814.5670,4441.3220,3.163820,0.010563,3.516189,0.0017,46.8411,53.1572,2.85e-13
2029,15,15,6480815.6704,4441.3220,3.163820,0.011905,3.516189,0.0014,51.8516,48.1470,2.83e-13
2030,15,15,6480818.2262,4441.3220,3.163820,0.015005,3.516188,0.0014,37.6274,62.3711,3.30e-13
2031,15,15,6480819.6946,4441.3220,3.163820,0.009678,3.516190,0.0012,62.0016,37.9971,3.02e-13
2032,15,15,6480820.7782,4441.3220,3.163820,0.014100,3.516187,0.0013,62.2071,37.7916,3.23e-13
2033,15,15,6480823.8526,4441.3220,3.163820,0.010545,3.516189,0.0016,54.2666,45.7318,2.35e-13
2034,15,15,6480824.6235,4441.3220,3.163820,0.008043,3.516190,0.0011,45.3088,54.6901,2.99e-13
2035,15,15,6480828.8273,4441.3220,3.163821,0.011772,3.516189,0.0014,52.6094,47.3892,2.90e-13
2036,15,15,6480831.0568,4441.3220,3.163821,0.020385,3.516186,0.0019,57.9293,42.0687,2.72e-13
2037,15,15,6480831.4124,4441.3220,3.163821,0.017920,3.516187,0.0022,66.8713,33.1265,1.96e-13
2038,15,15,6480834.3926,4441.3220,3.163821,0.011872,3.516189,0.0016,52.0948,47.9035,2.34e-13
2039,15,15,6480836.7026,4441.3220,3.163821,0.016636,3.516187,0.0018,38.7334,61.2648,2.20e-13
2040,15,15,6480838.1340,4441.3220,3.163821,0.019614,3.516187,0.0023,62.0173,37.9804,2.44e-13
2041,15,15,6480838.8991,4441.3220,3.163821,0.015306,3.516189,0.0024,44.9223,55.0753,2.60e-13
2042,15,15,6480841.6451,4441.3220,3.163821,0.016670,3.516187,0.0018,61.1965,38.8017,2.37e-13
2043,15,15,6480843.9097,4441.3220,3.163822,0.016136,3.516187,0.0014,32.8723,67.1263,2.57e-13
2044,15,15,6480845.8639,4441.3220,3.163822,0.012024,3.516189,0.0014,67.7855,32.2131,2.22e-13
2045,15,15,6480847.5975,4441.3220,3.163822,0.019147,3.516186,0.0021,43.0960,56.9019,1.87e-13
2046,15,15,6480848.4570,4441.3220,3.163822,0.020279,3.516187,0.0024,55.8966,44.1010,2.44e-13
2047,15,15,6480850.9575,4441.3220,3.163822,0.018291,3.516188,0.0021,68.2527,31.7451,2.55e-13
2048,15,15,6480852.8122,4441.3220,3.163822,0.013049,3.516190,0.0023,53.5711,46.4266,2.17e-13
2049,15,15,6480860.5226,4441.3220,3.163823,0.040875,3.516179,0.0037,51.0972,48.8990,1.31e-13
2050,15,15,6480862.2815,4441.3220,3.163823,0.041789,3.516179,0.0044,46.5050,53.4905,1.73e-13
2051,15,15,6480866.1149,4441.3220,3.163823,0.037157,3.516180,0.0036,51.5648,48.4316,1.35e-13
2052,15,15,6480871.7173,4441.3220,3.163823,0.023530,3.516186,0.0030,54.8858,45.1112,1.98e-13
2053,15,15,6480875.6693,4441.3220,3.163824,0.015459,3.516188,0.0019,48.5248,51.4733,1.66e-13
2054,15,15,6480879.4584,4441.3220,3.163824,0.019672,3.516187,0.0027,51.8380,48.1592,1.91e-13
2055,15,15,6480883.4923,4441.3220,3.163824,0.016667,3.516187,0.0026,48.3307,51.6667,2.14e-13
2056,15,15,6480886.2540,4441.3220,3.163824,0.022995,3.516187,0.0034,56.8231,43.1735,1.72e-13
2057,15,15,6480893.2091,4441.3220,3.163825,0.025985,3.516185,0.0030,55.1241,44.8729,1.78e-13
2058,15,15,6480893.7435,4441.3220,3.163825,0.038428,3.516182,0.0049,43.3226,56.6725,1.41e-13
2059,15,15,6480896.0366,4441.3220,3.163825,0.024471,3.516187,0.0039,42.3403,57.6559,1.35e-13
2060,15,15,6480902.6316,4441.3220,3.163826,0.026286,3.516184,0.0028,61.7015,38.2956,2.10e-13
2061,15,15,6480907.1273,4441.3220,3.163826,0.028986,3.516184,0.0040,31.7887,68.2072,1.66e-13
2062,15,15,6480909.6032,4441.3220,3.163826,0.035919,3.516182,0.0042,58.1399,41.8559,1.45e-13
2063,15,15,6480910.5665,4441.3220,3.163826,0.028393,3.516184,0.0034,54.0618,45.9348,1.75e-13
2064,15,15,6480913.6211,4441.3220,3.163826,0.018234,3.516187,0.0024,58.9926,41.0050,1.74e-13
2065,15,15,6480916.5301,4441.3220,3.163826,0.027953,3.516184,0.0033,46.5646,53.4321,1.36e-13
2066,15,15,6480920.5639,4441.3220,3.163827,0.024605,3.516186,0.0033,50.5603,49.4364,1.97e-13
2067,15,15,6480924.1133,4441.3220,3.163827,0.037009,3.516182,0.0045,52.3883,47.6072,1.32e-13
2068,15,15,6480928.1271,4441.3220,3.163827,0.040313,3.516180,0.0043,51.3686,48.6271,1.53e-13
2069,15,15,6480929.8491,4441.3220,3.163827,0.039114,3.516181,0.0045,45.2676,54.7278,1.51e-13
2070,15,15,6480932.7622,4441.3220,3.163828,0.034014,3.516183,0.0038,54.5155,45.4806,1.62e-13
2071,15,15,6480939.9791,4441.3220,3.163828,0.038796,3.516181,0.0046,47.8578,52.1376,1.35e-13
2072,15,15,6480945.4046,4441.3220,3.163828,0.035910,3.516182,0.0044,49.5988,50.3967,1.74e-13
2073,15,15,6480947.5466,4441.3220,3.163829,0.026902,3.516184,0.0032,53.6319,46.3649,1.65e-13
2074,15,15,6480952.3390,4441.3220,3.163829,0.042713,3.516179,0.0049,46.0503,53.9449,1.27e-13
2075,15,15,6480954.4023,4441.3220,3.163829,0.029014,3.516184,0.0038,35.6682,64.3280,1.53e-13
2076,15,15,6480960.7841,4441.3220,3.163829,0.037309,3.516182,0.0056,48.8819,51.1125,1.17e-13
2077,15,15,6480966.2392,4441.3220,3.163830,0.054796,3.516176,0.0063,41.5096,58.4841,1.12e-13
2078,15,15,6480973.8172,4441.3220,3.163830,0.047597,3.516178,0.0061,48.2153,51.7786,1.10e-13
2079,15,15,6480979.1790,4441.3220,3.163831,0.047591,3.516179,0.0061,54.9046,45.0893,1.14e-13
2080,15,15,6480988.8724,4441.3220,3.163831,0.038884,3.516181,0.0049,46.3965,53.5985,1.56e-13
2081,15,15,6480994.5325,4441.3220,3.163832,0.043261,3.516180,0.0052,50.4050,49.5899,1.19e-13
2082,15,15,6480997.3882,4441.3220,3.163832,0.029381,3.516184,0.0036,49.0856,50.9108,1.52e-13
2083,15,15,6480998.7088,4441.3220,3.163832,0.038109,3.516181,0.0044,24.6340,75.3616,1.45e-13
2084,15,15,6481001.4574,4441.3220,3.163832,0.035140,3.516182,0.0042,45.6674,54.3284,1.47e-13
2085,15,15,6481002.9397,4441.3220,3.163832,0.031284,3.516184,0.0044,62.7283,37.2672,1.43e-13
2086,15,15,6481007.9380,4441.3220,3.163833,0.034633,3.516182,0.0043,56.4381,43.5577,1.45e-13
2087,15,15,6481009.3019,4441.3220,3.163833,0.036536,3.516182,0.0043,39.3281,60.6676,1.50e-13
2088,15,15,6481010.7971,4441.3220,3.163833,0.037317,3.516181,0.0049,44.7565,55.2386,1.03e-13
2089,15,15,6481014.9752,4441.3220,3.163833,0.048219,3.516178,0.0056,59.3465,40.6479,1.27e-13
2090,15,15,6481025.0124,4441.3220,3.163834,0.050455,3.516178,0.0069,37.4966,62.4965,1.25e-13
2091,15,15,6481026.4072,4441.3220,3.163834,0.033806,3.516183,0.0054,38.2271,61.7675,1.28e-13
2092,15,15,6481039.2648,4441.3220,3.163835,0.044560,3.516179,0.0060,49.9648,50.0292,1.17e-13
2093,15,15,6481043.7939,4441.3220,3.163835,0.046169,3.516179,0.0057,47.3888,52.6055,1.33e-13
2094,15,15,6481045.1233,4441.3220,3.163835,0.046682,3.516178,0.0054,58.5726,41.4221,1.18e-13
2095,15,15,6481050.1510,4441.3220,3.163835,0.050379,3.516177,0.0060,44.4668,55.5272,1.43e-13
2096,15,15,6481050.7084,4441.3220,3.163835,0.042201,3.516181,0.0057,48.3086,51.6857,9.94e-14
2097,15,15,6481057.6329,4441.3220,3.163836,0.048458,3.516179,0.0057,53.1094,46.8849,1.42e-13
2098,15,15,6481059.7944,4441.3220,3.163836,0.047293,3.516179,0.0069,45.3283,54.6648,1.22e-13
2099,15,15,6481067.5426,4441.3220,3.163837,0.044824,3.516178,0.0046,44.0675,55.9279,1.02e-13
2100,15,15,6481069.5958,4441.3220,3.163837,0.055426,3.516175,0.0065,49.1245,50.8690,1.27e-13
2101,15,15,6481077.6265,4441.3220,3.163837,0.042981,3.516180,0.0058,45.6576,54.3365,9.90e-14
2102,15,15,6481078.6114,4441.3220,3.163837,0.045430,3.516179,0.0052,48.0136,51.9812,1.34e-13
2103,15,15,6481086.5308,4441.3220,3.163838,0.032046,3.516184,0.0050,56.3034,43.6916,1.28e-13
2104,15,15,6481090.7415,4441.3220,3.163838,0.049212,3.516178,0.0067,48.4449,51.5483,1.03e-13
2105,15,15,6481095.8903,4441.3220,3.163838,0.044617,3.516181,0.0059,53.7555,46.2386,8.78e-14
2106,15,15,6481102.8363,4441.3220,3.163839,0.037690,3.516182,0.0050,48.4957,51.4993,1.26e-13
2107,15,15,6481107.0340,4441.3220,3.163839,0.045879,3.516180,0.0056,41.4064,58.5880,1.22e-13
2108,15,15,6481109.3852,4441.3220,3.163839,0.037992,3.516182,0.0055,55.9642,44.0303,9.59e-14
2109,15,15,6481113.5377,4441.3220,3.163840,0.047405,3.516178,0.0061,48.5688,51.4251,1.31e-13
2110,15,15,6481119.2189,4441.3220,3.163840,0.041296,3.516181,0.0054,36.0196,63.9750,1.15e-13
2111,15,15,6481124.0302,4441.3220,3.163840,0.046581,3.516179,0.0061,43.0226,56.9713,1.19e-13
2112,15,15,6481126.5820,4441.3220,3.163841,0.047518,3.516178,0.0066,52.7462,47.2473,1.00e-13
2113,15,15,6481134.5195,4441.3220,3.163841,0.049109,3.516179,0.0063,46.4641,53.5296,9.87e-14
2114,15,15,6481137.4576,4441.3220,3.163841,0.049476,3.516178,0.0070,36.6953,63.2977,1.16e-13
2115,15,15,6481145.2524,4441.3220,3.163842,0.046061,3.516180,0.0058,42.3868,57.6074,8.89e-14
2116,15,15,6481151.2987,4441.3220,3.163842,0.043832,3.516181,0.0062,41.0129,58.9809,1.08e-13
2117,15,15,6481154.3827,4441.3220,3.163842,0.056382,3.516175,0.0071,48.9956,50.9972,9.90e-14
2118,15,15,6481155.6800,4441.3220,3.163842,0.052004,3.516176,0.0067,36.4563,63.5370,1.48e-13
2119,15,15,6481161.2172,4441.3220,3.163843,0.051653,3.516177,0.0064,53.7146,46.2790,9.63e-14
2120,15,15,6481166.3271,4441.3220,3.163843,0.058136,3.516176,0.0077,45.5841,54.4081,9.69e-14
2121,15,15,6481175.1789,4441.3220,3.163844,0.053305,3.516175,0.0065,56.3523,43.6411,1.10e-13
2122,15,15,6481176.9311,4441.3220,3.163844,0.052855,3.516177,0.0072,52.8488,47.1440,8.40e-14
2123,15,15,6481180.3497,4441.3220,3.163844,0.057846,3.516176,0.0077,50.4696,49.5226,9.74e-14
2124,15,15,6481188.5593,4441.3220,3.163845,0.048189,3.516177,0.0068,63.4853,36.5079,1.02e-13
2125,15,15,6481189.3970,4441.3220,3.163845,0.050823,3.516177,0.0061,49.0237,50.9702,1.13e-13
2126,15,15,6481194.4659,4441.3220,3.163845,0.057615,3.516177,0.0078,47.5731,52.4191,9.89e-14
2127,15,15,6481198.6408,4441.3220,3.163845,0.066632,3.516171,0.0072,51.0377,48.9551,1.10e-13
2128,15,15,6481199.5258,4441.3220,3.163845,0.046896,3.516180,0.0065,45.9337,54.0597,1.16e-13
2129,15,15,6481201.6763,4441.3220,3.163846,0.049601,3.516178,0.0067,53.6028,46.3904,9.87e-14
2130,15,15,6481209.2448,4441.3220,3.163846,0.058100,3.516176,0.0073,46.2907,53.7020,8.32e-14
2131,15,15,6481214.3121,4441.3220,3.163846,0.054391,3.516178,0.0073,49.7950,50.1977,1.10e-13
2132,15,15,6481216.4900,4441.3220,3.163847,0.054730,3.516177,0.0067,44.3762,55.6171,1.10e-13
2133,15,15,6481222.6333,4441.3220,3.163847,0.049929,3.516178,0.0062,35.6643,64.3294,9.03e-14
2134,15,15,6481230.8081,4441.3220,3.163848,0.042755,3.516180,0.0061,49.2787,50.7151,1.00e-13
2135,15,15,6481234.7852,4441.3220,3.163848,0.059285,3.516173,0.0065,44.5761,55.4174,1.24e-13
2136,15,15,6481238.9669,4441.3220,3.163848,0.051154,3.516178,0.0072,46.6350,53.3578,8.57e-14
2137,15,15,6481244.0961,4441.3220,3.163848,0.051502,3.516178,0.0070,54.8303,45.1628,1.07e-13
2138,15,15,6481246.0215,4441.3220,3.163849,0.050961,3.516177,0.0073,57.6402,42.3525,1.12e-13
2139,15,15,6481247.7092,4441.3220,3.163849,0.057815,3.516176,0.0077,32.7162,67.2762,8.05e-14
2140,15,15,6481253.6513,4441.3220,3.163849,0.058691,3.516174,0.0077,50.3819,49.6104,1.10e-13
2141,15,15,6481257.8533,4441.3220,3.163849,0.069305,3.516171,0.0089,40.3616,59.6295,9.80e-14
2142,15,15,6481263.5255,4441.3220,3.163850,0.061265,3.516173,0.0076,43.9600,56.0323,9.02e-14
2143,15,15,6481266.7909,4441.3220,3.163850,0.073410,3.516169,0.0086,47.3095,52.6819,8.84e-14
2144,15,15,6481274.1782,4441.3220,3.163850,0.064443,3.516173,0.0079,58.3513,41.6408,1.08e-13
2145,15,15,6481275.6849,4441.3220,3.163851,0.050897,3.516179,0.0081,57.4120,42.5799,8.78e-14
2146,15,15,6481279.5998,4441.3220,3.163851,0.049395,3.516180,0.0074,49.4661,50.5265,8.73e-14
2147,15,15,6481288.3600,4441.3220,3.163851,0.060975,3.516173,0.0075,51.6106,48.3819,1.07e-13
2148,15,15,6481290.6744,4441.3220,3.163852,0.051995,3.516178,0.0070,63.3021,36.6909,9.36e-14
2149,15,15,6481295.8498,4441.3220,3.163852,0.060293,3.516175,0.0085,45.3505,54.6410,8.34e-14
2150,15,15,6481301.3834,4441.3220,3.163852,0.066103,3.516172,0.0084,42.6496,57.3420,1.15e-13
2151,15,15,6481304.7250,4441.3220,3.163852,0.062383,3.516173,0.0079,53.7843,46.2078,1.22e-13
2152,15,15,6481305.2115,4441.3220,3.163853,0.053295,3.516178,0.0074,51.0072,48.9855,8.99e-14
2153,15,15,6481313.7162,4441.3220,3.163853,0.071403,3.516170,0.0085,44.5662,55.4253,7.32e-14
2154,15,15,6481323.5435,4441.3220,3.163854,0.048163,3.516181,0.0081,50.2344,49.7575,1.11e-13
2155,15,15,6481324.6731,4441.3220,3.163854,0.067507,3.516172,0.0086,62.5351,37.4563,8.33e-14
2156,15,15,6481329.5739,4441.3220,3.163854,0.061434,3.516174,0.0078,39.0025,60.9898,8.07e-14
2157,15,15,6481334.9169,4441.3220,3.163855,0.061138,3.516174,0.0080,43.0956,56.8965,8.62e-14
2158,15,15,6481342.8039,4441.3220,3.163855,0.065275,3.516173,0.0083,50.8474,49.1443,9.54e-14
2159,15,15,6481343.6400,4441.3220,3.163855,0.062911,3.516173,0.0079,56.0995,43.8926,8.85e-14
2160,15,15,6481351.4190,4441.3220,3.163856,0.061774,3.516174,0.0075,39.5594,60.4331,8.04e-14
2161,15,15,6481357.7956,4441.3220,3.163856,0.064198,3.516173,0.0086,46.8240,53.1675,8.27e-14
2162,15,15,6481362.1391,4441.3220,3.163856,0.061715,3.516174,0.0089,58.2871,41.7040,8.16e-14
2163,15,15,6481367.2499,4441.3220,3.163857,0.058660,3.516176,0.0082,54.1955,45.7963,8.67e-14
2164,15,15,6481370.0160,4441.3220,3.163857,0.073429,3.516169,0.0082,49.0438,50.9479,9.05e-14
2165,15,15,6481375.0393,4441.3220,3.163857,0.066712,3.516173,0.0088,44.3173,55.6738,9.69e-14
2166,15,15,6481375.7566,4441.3220,3.163857,0.066020,3.516172,0.0089,57.0411,42.9500,9.02e-14
2167,15,15,6481379.9664,4441.3220,3.163858,0.060825,3.516174,0.0084,53.8306,46.1611,9.44e-14
2168,15,15,6481383.7041,4441.3220,3.163858,0.068833,3.516171,0.0091,57.9416,42.0493,8.14e-14
2169,15,15,6481387.3777,4441.3220,3.163858,0.057553,3.516175,0.0076,52.5467,47.4457,9.16e-14
2170,15,15,6481393.8473,4441.3220,3.163858,0.058108,3.516176,0.0080,48.6292,51.3628,9.40e-14
2171,15,15,6481400.1757,4441.3220,3.163859,0.066811,3.516172,0.0096,51.3894,48.6011,8.59e-14
2172,15,15,6481409.6201,4441.3220,3.163860,0.053752,3.516179,0.0081,42.4526,57.5393,7.53e-14
2173,15,15,6481411.6017,4441.3220,3.163860,0.069278,3.516171,0.0085,54.7868,45.2047,9.49e-14
2174,15,15,6481414.6361,4441.3220,3.163860,0.068909,3.516170,0.0088,46.2709,53.7202,7.82e-14
2175,15,15,6481419.7677,4441.3220,3.163860,0.066831,3.516171,0.0080,38.0926,61.8994,8.82e-14
2176,15,15,6481421.4818,4441.3220,3.163860,0.069034,3.516172,0.0087,49.4867,50.5045,8.64e-14
2177,15,15,6481427.6793,4441.3220,3.163861,0.069937,3.516172,0.0095,55.9577,44.0328,8.96e-14
2178,15,15,6481433.2803,4441.3220,3.163861,0.067379,3.516174,0.0093,43.3251,56.6656,8.29e-14
2179,15,15,6481435.6563,4441.3220,3.163861,0.076159,3.516168,0.0093,50.9007,49.0901,7.40e-14
2180,15,15,6481446.2639,4441.3220,3.163862,0.067345,3.516174,0.0098,59.0683,40.9219,9.28e-14
2181,15,15,6481454.1388,4441.3220,3.163862,0.063562,3.516174,0.0090,50.4619,49.5292,7.53e-14
2182,15,15,6481457.1259,4441.3220,3.163863,0.072649,3.516170,0.0091,54.5013,45.4896,7.91e-14
2183,15,15,6481464.3363,4441.3220,3.163863,0.068173,3.516172,0.0093,48.3147,51.6759,7.77e-14
2184,15,15,6481472.5122,4441.3220,3.163864,0.064233,3.516174,0.0092,41.7601,58.2307,6.36e-14
2185,15,15,6481474.8571,4441.3220,3.163864,0.070362,3.516172,0.0108,45.2938,54.6954,9.77e-14
2186,15,15,6481487.2643,4441.3220,3.163865,0.068977,3.516172,0.0102,47.4909,52.4990,7.17e-14
2187,15,15,6481490.4363,4441.3220,3.163865,0.070747,3.516171,0.0110,55.7530,44.2360,7.99e-14
2188,15,15,6481495.9153,4441.3220,3.163865,0.073219,3.516170,0.0101,43.7671,56.2229,8.43e-14
2189,15,15,6481499.2019,4441.3220,3.163866,0.071280,3.516171,0.0099,45.9510,54.0391,8.77e-14
2190,15,15,6481503.2276,4441.3220,3.163866,0.075356,3.516170,0.0102,47.2421,52.7477,7.65e-14
2191,15,15,6481507.2662,4441.3220,3.163866,0.068870,3.516173,0.0106,49.8933,50.0960,7.38e-14
2192,15,15,6481508.7786,4441.3220,3.163866,0.076920,3.516168,0.0103,50.0628,49.9269,7.30e-14
2193,15,15,6481517.9963,4441.3220,3.163867,0.066295,3.516173,0.0099,50.8843,49.1059,7.85e-14
2194,15,15,6481525.3609,4441.3220,3.163867,0.069026,3.516172,0.0093,53.2971,46.6936,8.37e-14
2195,15,15,6481528.1753,4441.3220,3.163867,0.067726,3.516173,0.0097,53.2615,46.7288,7.10e-14
2196,15,15,6481532.8662,4441.3220,3.163868,0.078112,3.516168,0.0094,48.6688,51.3219,8.93e-14
2197,15,15,6481541.8148,4441.3220,3.163868,0.081875,3.516165,0.0098,54.4453,45.5450,8.13e-14
2198,15,15,6481546.2297,4441.3220,3.163869,0.069888,3.516172,0.0100,42.9242,57.0657,8.61e-14
2199,15,15,6481548.1388,4441.3220,3.163869,0.067043,3.516173,0.0097,46.4604,53.5299,9.63e-14
2200,15,15,6481555.9633,4441.3220,3.163869,0.075244,3.516169,0.0103,49.5017,50.4880,6.55e-14
2201,15,15,6481559.3129,4441.3220,3.163870,0.077873,3.516169,0.0109,41.4104,58.5788,6.88e-14
2202,15,15,6481562.3973,4441.3220,3.163870,0.085436,3.516165,0.0112,48.5990,51.3898,8.43e-14
2203,15,15,6481565.6116,4441.3220,3.163870,0.082313,3.516166,0.0107,51.5416,48.4477,7.74e-14
2204,15,15,6481573.7026,4441.3220,3.163871,0.066671,3.516173,0.0099,46.2830,53.7070,7.67e-14
2205,15,15,6481580.6968,4441.3220,3.163871,0.091522,3.516163,0.0122,55.4115,44.5763,7.84e-14
2206,15,15,6481583.3741,4441.3220,3.163871,0.076266,3.516171,0.0112,53.3107,46.6782,7.72e-14
2207,15,15,6481596.2493,4441.3220,3.163872,0.079506,3.516166,0.0097,51.7848,48.2055,6.42e-14
2208,15,15,6481605.2095,4441.3220,3.163873,0.082277,3.516167,0.0100,47.8155,52.1746,8.42e-14
2209,15,15,6481613.1585,4441.3220,3.163873,0.081236,3.516167,0.0114,48.9562,51.0323,7.69e-14
2210,15,15,6481615.3560,4441.3220,3.163873,0.080929,3.516168,0.0112,49.4185,50.5703,6.70e-14
2211,15,15,6481620.9372,4441.3220,3.163874,0.084292,3.516165,0.0109,53.7949,46.1942,8.49e-14
2212,15,15,6481630.1440,4441.3220,3.163874,0.083044,3.516166,0.0107,60.2607,39.7286,8.20e-14
2213,15,15,6481633.2830,4441.3220,3.163875,0.069522,3.516173,0.0112,61.5094,38.4794,6.96e-14
2214,15,15,6481637.7816,4441.3220,3.163875,0.085159,3.516164,0.0107,48.1965,51.7929,8.62e-14
2215,15,15,6481647.8192,4441.3220,3.163875,0.079166,3.516168,0.0115,46.7608,53.2277,7.30e-14
2216,15,15,6481656.7908,4441.3220,3.163876,0.078207,3.516170,0.0117,55.2846,44.7037,6.97e-14
2217,15,15,6481660.0963,4441.3220,3.163876,0.084793,3.516166,0.0114,44.6251,55.3635,7.87e-14
2218,15,15,6481668.0293,4441.3220,3.163877,0.088812,3.516163,0.0108,62.0752,37.9139,6.81e-14
2219,15,15,6481677.3445,4441.3220,3.163877,0.086961,3.516164,0.0117,40.5187,59.4696,7.63e-14
2220,15,15,6481681.2516,4441.3220,3.163878,0.080547,3.516168,0.0107,51.9704,48.0189,8.42e-14
2221,15,15,6481686.5671,4441.3220,3.163878,0.078414,3.516169,0.0113,54.9962,44.9926,7.93e-14
2222,15,15,6481694.2905,4441.3220,3.163879,0.073918,3.516172,0.0109,52.3080,47.6811,8.81e-14
2223,15,15,6481703.1466,4441.3220,3.163879,0.079467,3.516169,0.0112,52.5052,47.4836,8.91e-14
2224,15,15,6481707.4070,4441.3220,3.163879,0.082448,3.516166,0.0118,55.1470,44.8412,7.85e-14
2225,15,15,6481709.8214,4441.3220,3.163880,0.085166,3.516166,0.0122,46.6834,53.3044,8.36e-14
2226,15,15,6481719.0811,4441.3220,3.163880,0.088002,3.516163,0.0117,46.4735,53.5148,8.62e-14
2227,15,15,6481723.9983,4441.3220,3.163881,0.090643,3.516163,0.0120,45.1017,54.8863,6.37e-14
2228,15,15,6481732.0317,4441.3220,3.163881,0.080192,3.516167,0.0107,42.4948,57.4945,7.44e-14
2229,15,15,6481740.0594,4441.3220,3.163882,0.079766,3.516167,0.0103,43.5348,56.4548,6.04e-14
2230,15,15,6481751.7806,4441.3220,3.163882,0.079485,3.516169,0.0109,37.5714,62.4177,6.18e-14
2231,15,15,6481760.7195,4441.3220,3.163883,0.093142,3.516163,0.0137,47.8265,52.1598,7.58e-14
2232,15,15,6481773.3351,4441.3220,3.163884,0.080172,3.516167,0.0115,38.2306,61.7579,6.24e-14
2233,15,15,6481781.7927,4441.3220,3.163884,0.097422,3.516162,0.0140,48.7846,51.2014,7.36e-14
2234,15,15,6481796.2726,4441.3220,3.163885,0.096080,3.516162,0.0136,30.8110,69.1754,8.01e-14
2235,15,15,6481809.4278,4441.3220,3.163886,0.082816,3.516166,0.0111,57.2625,42.7264,6.58e-14
2236,15,15,6481819.2662,4441.3220,3.163887,0.099838,3.516160,0.0138,63.1111,36.8752,7.72e-14
2237,15,15,6481827.9501,4441.3220,3.163888,0.079095,3.516170,0.0129,64.6720,35.3152,8.40e-14
2238,15,15,6481830.4671,4441.3220,3.163888,0.079631,3.516169,0.0113,63.9871,36.0016,6.26e-14
2239,15,15,6481840.9570,4441.3220,3.163888,0.081070,3.516170,0.0117,46.8671,53.1212,7.22e-14
2240,15,15,6481850.5087,4441.3220,3.163889,0.097779,3.516162,0.0138,62.1772,37.8090,6.91e-14
2241,15,15,6481863.6969,4441.3220,3.163890,0.083837,3.516167,0.0121,55.6564,44.3315,7.00e-14
2242,15,15,6481872.0205,4441.3220,3.163891,0.100976,3.516159,0.0131,50.1390,49.8478,6.62e-14
2243,15,15,6481876.1138,4441.3220,3.163891,0.084957,3.516165,0.0119,53.5001,46.4880,7.09e-14
2244,15,15,6481880.3929,4441.3220,3.163891,0.093039,3.516163,0.0129,54.8122,45.1749,5.93e-14
2245,15,15,6481895.3246,4441.3220,3.163892,0.095459,3.516160,0.0128,44.6391,55.3481,7.02e-14
2246,15,15,6481901.2704,4441.3220,3.163892,0.083167,3.516166,0.0120,47.6786,52.3094,6.28e-14
2247,15,15,6481904.9607,4441.3220,3.163893,0.093639,3.516162,0.0132,51.4985,48.4883,7.14e-14
2248,15,15,6481917.3452,4441.3220,3.163894,0.098163,3.516160,0.0131,47.4202,52.5668,6.24e-14
2249,15,15,6481925.3963,4441.3220,3.163894,0.078727,3.516169,0.0116,62.9472,37.0412,7.34e-14
2250,15,15,6481930.8126,4441.3220,3.163894,0.092013,3.516163,0.0123,59.6663,40.3215,6.98e-14
2251,15,15,6481948.2612,4441.3220,3.163896,0.082238,3.516169,0.0124,57.0695,42.9181,6.11e-14
2252,15,15,6481956.7803,4441.3220,3.163896,0.111291,3.516154,0.0160,43.0670,56.9169,7.43e-14
2253,15,15,6481965.2849,4441.3220,3.163897,0.108499,3.516156,0.0156,54.0476,45.9367,7.19e-14
2254,15,15,6481973.1750,4441.3220,3.163897,0.091950,3.516163,0.0133,69.6647,30.3221,6.48e-14
2255,15,15,6481991.2089,4441.3220,3.163899,0.100964,3.516157,0.0136,49.4252,50.5612,7.42e-14
2256,15,15,6481998.0660,4441.3220,3.163899,0.093723,3.516162,0.0134,56.1782,43.8084,7.58e-14
2257,15,15,6482001.2580,4441.3220,3.163899,0.104891,3.516159,0.0169,52.1600,47.8231,5.88e-14
2258,15,15,6482030.6144,4441.3220,3.163901,0.085579,3.516167,0.0127,67.5174,32.4698,6.26e-14
2259,15,15,6482051.0840,4441.3220,3.163903,0.104221,3.516160,0.0159,69.8085,30.1756,5.28e-14
2260,15,15,6482062.7471,4441.3220,3.163903,0.094191,3.516161,0.0135,60.8613,39.1252,6.58e-14
2261,15,15,6482067.5290,4441.3220,3.163904,0.110554,3.516156,0.0161,60.3609,39.6230,7.55e-14
2262,15,15,6482071.8677,4441.3220,3.163904,0.096534,3.516163,0.0151,68.4343,31.5506,6.13e-14
2263,15,15,6482079.5345,4441.3220,3.163904,0.111723,3.516156,0.0168,53.6900,46.2932,6.31e-14
2264,15,15,6482092.0783,4441.3220,3.163905,0.081852,3.516167,0.0117,66.3347,33.6536,7.41e-14
2265,15,15,6482102.3143,4441.3220,3.163906,0.104342,3.516159,0.0156,58.6853,41.2992,5.94e-14
2266,15,15,6482110.5663,4441.3220,3.163907,0.111450,3.516153,0.0155,49.2551,50.7294,5.73e-14
2267,15,15,6482142.4581,4441.3220,3.163909,0.099257,3.516160,0.0145,44.0754,55.9101,6.25e-14
2268,15,15,6482195.6385,4441.3220,3.163912,0.099929,3.516160,0.0141,54.5107,45.4752,6.18e-14
2269,15,15,6482201.5300,4441.3220,3.163913,0.118893,3.516152,0.0173,59.8886,40.0940,6.47e-14
2270,15,15,6482228.1957,4441.3220,3.163914,0.096976,3.516162,0.0149,47.4134,52.5718,6.51e-14
2271,15,15,6482230.1759,4441.3220,3.163915,0.099545,3.516162,0.0154,70.2761,29.7085,6.09e-14
2272,15,15,6482240.5490,4441.3220,3.163915,0.102607,3.516157,0.0144,37.7073,62.2782,6.26e-14
2273,15,15,6482266.3579,4441.3220,3.163917,0.098822,3.516163,0.0146,31.8828,68.1026,5.39e-14
2274,15,15,6482272.4192,4441.3220,3.163917,0.115866,3.516151,0.0154,23.4605,76.5241,6.02e-14
2275,15,15,6482300.1944,4441.3220,3.163919,0.134601,3.516146,0.0205,42.2555,57.7240,7.24e-14
2276,15,15,6482305.1448,4441.3220,3.163920,0.131026,3.516149,0.0222,41.9868,57.9910,6.26e-14
2277,15,15,6482319.0679,4441.3220,3.163920,0.114723,3.516151,0.0160,61.6122,38.3718,6.07e-14
2278,15,15,6482321.8011,4441.3220,3.163921,0.098201,3.516163,0.0149,65.8623,34.1228,6.36e-14
2279,15,15,6482336.6731,4441.3220,3.163922,0.092338,3.516164,0.0131,82.7982,17.1887,6.45e-14
2280,15,15,6482356.9160,4441.3220,3.163923,0.119088,3.516151,0.0157,45.6325,54.3518,5.64e-14
2281,15,15,6482372.5359,4441.3220,3.163924,0.147333,3.516138,0.0247,24.6267,75.3486,5.34e-14
2282,15,15,6482392.0639,4441.3220,3.163925,0.132025,3.516144,0.0173,45.2682,54.7145,6.25e-14
2283,15,15,6482405.0366,4441.3220,3.163926,0.132659,3.516148,0.0209,63.1625,36.8166,6.53e-14
2284,15,15,6482418.0213,4441.3220,3.163927,0.121156,3.516152,0.0192,31.0440,68.9368,5.73e-14
2285,15,15,6482452.9710,4441.3220,3.163929,0.121218,3.516152,0.0180,54.4942,45.4877,5.64e-14
2286,15,15,6482477.3036,4441.3220,3.163931,0.134391,3.516147,0.0218,54.8805,45.0977,6.23e-14
2287,15,15,6482486.2915,4441.3220,3.163932,0.164939,3.516131,0.0276,42.5330,57.4393,5.68e-14
2288,15,15,6482492.9304,4441.3220,3.163932,0.073029,3.516170,0.0102,9.5236,90.4663,6.11e-14
2289,15,15,6482523.7421,4441.3220,3.163934,0.131244,3.516146,0.0201,76.4491,23.5308,5.73e-14
2290,15,15,6482542.3345,4441.3220,3.163935,0.149515,3.516141,0.0268,57.1358,42.8374,5.19e-14
2291,15,15,6482546.9733,4441.3220,3.163936,0.117426,3.516154,0.0159,49.5362,50.4478,6.84e-14
2292,15,15,6482567.8710,4441.3220,3.163937,0.098201,3.516162,0.0152,38.5220,61.4629,5.86e-14
2293,15,15,6482617.1832,4441.3220,3.163940,0.124588,3.516153,0.0196,46.1009,53.8795,5.08e-14
2294,15,15,6482651.8640,4441.3220,3.163943,0.143250,3.516145,0.0257,47.5158,52.4585,5.38e-14
2295,15,15,6482666.2517,4441.3220,3.163944,0.135595,3.516148,0.0220,37.9574,62.0206,5.75e-14
2296,15,15,6482706.8918,4441.3220,3.163946,0.117996,3.516150,0.0176,29.0531,70.9292,7.26e-14
2297,15,15,6482733.3871,4441.3220,3.163948,0.096757,3.516161,0.0137,88.4138,11.5725,6.31e-14
2298,15,15,6482736.5311,4441.3220,3.163948,0.109236,3.516157,0.0181,75.7540,24.2278,6.19e-14
2299,15,15,6482788.7341,4441.3220,3.163952,0.163537,3.516132,0.0293,57.7203,42.2504,5.13e-14
2300,15,15,6482790.4815,4441.3220,3.163952,0.096753,3.516165,0.0144,36.4405,63.5451,5.81e-14
2301,15,15,6482834.8947,4441.3220,3.163955,0.152072,3.516138,0.0274,56.4615,43.5112,5.73e-14
2302,15,15,6482894.1861,4441.3220,3.163959,0.117867,3.516148,0.0165,48.6321,51.3515,6.15e-14
2303,15,15,6482928.1831,4441.3220,3.163961,0.193888,3.516114,0.0336,10.5567,89.4097,4.74e-14
2304,15,15,6482986.9025,4441.3220,3.163965,0.144577,3.516144,0.0255,59.9930,39.9815,6.52e-14
2305,15,15,6482992.5173,4441.3220,3.163966,0.214485,3.516100,0.0418,18.1891,81.7691,4.90e-14
2306,15,15,6482997.7756,4441.3220,3.163966,0.184910,3.516119,0.0313,63.3747,36.5940,5.86e-14
2307,15,15,6483099.8762,4441.3220,3.163973,0.173332,3.516128,0.0320,40.5311,59.4369,5.03e-14
2308,15,15,6483198.3388,4441.3220,3.163979,0.210821,3.516104,0.0415,24.5429,75.4155,4.58e-14
2309,15,15,6483301.0075,4441.3220,3.163986,0.198411,3.516114,0.0374,3.6862,96.2764,4.98e-14
2310,15,15,6483334.3888,4441.3220,3.163989,0.152726,3.516137,0.0256,82.1351,17.8393,4.48e-14
2311,15,15,6483392.0950,4441.3220,3.163992,0.143477,3.516142,0.0236,39.9253,60.0511,5.60e-14
2312,15,15,6483407.2880,4441.3220,3.163993,0.177717,3.516123,0.0316,74.4268,25.5416,4.85e-14
2313,15,15,6483476.1027,4441.3220,3.163998,0.203206,3.516107,0.0386,61.0647,38.8966,4.63e-14
2314,15,15,6483624.1685,4441.3220,3.164008,0.107159,3.516158,0.0165,17.2007,82.7828,5.69e-14
2315,15,15,6483680.7193,4441.3220,3.164012,0.161827,3.516130,0.0274,59.6079,40.3646,6.26e-14
2316,15,15,6483743.4680,4441.3220,3.164016,0.183620,3.516123,0.0331,6.8567,93.1101,4.29e-14
2317,15,15,6483779.7564,4441.3220,3.164018,0.176230,3.516124,0.0306,70.4896,29.4798,5.84e-14
2318,15,15,6483827.8679,4441.3220,3.164022,0.212341,3.516103,0.0402,89.5899,10.3699,6.13e-14
2319,15,15,6483887.2102,4441.3220,3.164026,0.201059,3.516111,0.0379,84.0180,15.9441,4.56e-14
2320,15,15,6484077.2168,4441.3220,3.164038,0.201140,3.516110,0.0367,3.3982,96.5651,4.93e-14
2321,15,15,6484112.8250,4441.3220,3.164041,0.219384,3.516102,0.0450,92.1289,7.8261,5.59e-14
2322,15,15,6484268.8151,4441.3220,3.164051,0.160653,3.516135,0.0282,83.7997,16.1721,6.17e-14
2323,15,15,6484353.8733,4441.3220,3.164057,0.233699,3.516088,0.0489,92.3975,7.5535,4.39e-14
2324,15,15,6484373.0204,4441.3220,3.164058,0.243698,3.516080,0.0501,96.9609,2.9890,4.48e-14
2325,15,15,6484388.3459,4441.3220,3.164059,0.252135,3.516072,0.0548,96.8167,3.1284,4.16e-14
2326,15,15,6484434.4560,4441.3220,3.164062,0.242125,3.516082,0.0524,4.0918,95.8558,4.88e-14
2327,15,15,6484464.6906,4441.3220,3.164064,0.248628,3.516078,0.0530,3.8948,96.0522,4.39e-14
2328,15,15,6484466.5419,4441.3220,3.164064,0.215672,3.516098,0.0417,97.5633,2.3950,3.36e-14
2329,15,15,6484520.7819,4441.3220,3.164068,0.188756,3.516119,0.0349,2.5831,97.3820,5.62e-14
2330,15,15,6484635.2015,4441.3220,3.164076,0.218034,3.516099,0.0435,6.3136,93.6429,5.31e-14
2331,15,15,6484710.5801,4441.3220,3.164081,0.253735,3.516072,0.0574,52.4595,47.4830,5.57e-14
2332,15,15,6484739.5766,4441.3220,3.164083,0.236143,3.516085,0.0493,61.3722,38.5785,5.33e-14
2333,15,15,6484793.8380,4441.3220,3.164086,0.259308,3.516069,0.0566,75.6718,24.2716,4.50e-14
2334,15,15,6484820.5726,4441.3220,3.164088,0.219837,3.516095,0.0426,20.5239,79.4335,4.21e-14
2335,15,15,6484824.6143,4441.3220,3.164088,0.209345,3.516104,0.0398,98.9226,1.0375,4.34e-14
2336,15,15,6484854.6420,4441.3220,3.164090,0.317948,3.516016,0.0808,0.9150,99.0042,3.78e-14
2337,15,15,6484921.2784,4441.3220,3.164095,0.281916,3.516049,0.0669,0.6099,99.3232,3.92e-14
2338,15,15,6485095.9800,4441.3220,3.164107,0.298609,3.516034,0.0727,99.5121,0.4152,3.32e-14
2339,15,15,6485273.5897,4441.3220,3.164119,0.290486,3.516042,0.0720,98.9475,0.9805,4.05e-14
2340,15,15,6485822.9820,4441.3220,3.164155,0.269726,3.516056,0.0623,0.2547,99.6830,3.82e-14
2341,15,15,6486448.8163,4441.3220,3.164197,0.200461,3.516109,0.0396,79.8588,20.1015,5.66e-14
2342,15,15,6486606.9863,4441.3220,3.164208,0.288419,3.516044,0.0668,48.4781,51.4551,3.56e-14
2343,15,15,6486784.5961,4441.3220,3.164220,0.300312,3.516034,0.0722,50.5091,49.4187,3.82e-14
