mode_rank,matched_m,matched_n,Omega_FEM,Omega_exact,log10_Error_Omega,log10_Error_L2_w,log10_Error_L2_phi,W_energy_pct,Phi1_energy_pct,Phi2_energy_pct,relative_residual
1,1,3,102.0283,98.6960,-1.471559,1.800984,1.565122,99.9997,0.0002,0.0001,1.34e-06
2,2,3,134.5065,128.3049,-1.315737,1.801405,1.649824,99.9995,0.0002,0.0003,7.32e-07
3,1,4,153.0457,167.7833,-1.056322,1.800998,1.612528,99.9994,0.0003,0.0002,5.82e-07
4,3,3,184.9529,177.6529,-1.386251,1.801628,1.695221,99.9991,0.0003,0.0007,3.71e-07
5,2,4,192.9154,197.3921,-1.644374,1.801213,1.673984,99.9991,0.0004,0.0005,4.28e-07
6,2,4,205.5598,197.3921,-1.383228,1.800606,1.694631,99.9990,0.0008,0.0002,3.87e-07
7,3,4,226.0127,246.7401,-1.075694,1.801644,1.695776,99.9987,0.0006,0.0007,2.86e-07
8,3,4,239.2018,246.7401,-1.514968,1.801597,1.705278,99.9987,0.0007,0.0006,2.62e-07
9,1,5,254.1944,256.6097,-2.026307,1.801005,1.715477,99.9986,0.0010,0.0005,2.24e-07
10,1,5,266.0891,256.6097,-1.432494,1.802128,1.737062,99.9984,0.0006,0.0010,2.19e-07
11,2,5,286.4861,286.2185,-3.029272,1.800166,1.709259,99.9984,0.0007,0.0009,2.48e-07
12,4,4,303.8367,315.8273,-1.420608,1.800842,1.722567,99.9982,0.0008,0.0011,1.68e-07
13,4,4,308.7419,315.8273,-1.649081,1.800961,1.719297,99.9982,0.0010,0.0008,1.57e-07
14,3,5,326.5047,335.5665,-1.568560,1.802255,1.735435,99.9979,0.0015,0.0005,1.77e-07
15,3,5,335.8922,335.5665,-3.012988,1.802266,1.750232,99.9978,0.0006,0.0016,1.56e-07
16,3,5,343.9989,335.5665,-1.599830,1.800956,1.742998,99.9979,0.0010,0.0011,1.64e-07
17,3,5,348.8586,335.5665,-1.402188,1.800806,1.746500,99.9978,0.0013,0.0009,1.15e-07
18,1,6,373.2676,365.1754,-1.654430,1.801166,1.738178,99.9977,0.0008,0.0015,1.23e-07
19,2,6,393.8270,394.7842,-2.615363,1.800270,1.730846,99.9976,0.0016,0.0008,1.38e-07
20,4,5,403.6764,404.6538,-2.617020,1.802333,1.717043,99.9977,0.0011,0.0012,1.11e-07
21,4,5,410.8817,404.6538,-1.812742,1.801338,1.689285,99.9980,0.0010,0.0010,1.43e-07
22,3,6,428.4342,444.1322,-1.451667,1.801342,1.680779,99.9979,0.0011,0.0011,1.19e-07
23,3,6,440.2387,444.1322,-2.057172,1.799765,1.724614,99.9974,0.0008,0.0018,1.10e-07
24,3,6,445.5089,444.1322,-2.508679,1.800034,1.697665,99.9977,0.0009,0.0014,1.14e-07
25,3,6,450.3939,444.1322,-1.850816,1.801436,1.708292,99.9976,0.0011,0.0013,1.05e-07
26,3,6,459.4855,444.1322,-1.461311,1.800569,1.725956,99.9974,0.0014,0.0012,1.06e-07
27,1,7,469.1117,493.4802,-1.306441,1.800737,1.654487,99.9979,0.0012,0.0009,1.02e-07
28,1,7,479.5031,493.4802,-1.547853,1.800900,1.721918,99.9971,0.0019,0.0009,8.86e-08
29,1,7,482.9241,493.4802,-1.669765,1.799805,1.672202,99.9977,0.0013,0.0010,1.15e-07
30,1,7,489.0010,493.4802,-2.042065,1.801253,1.691817,99.9975,0.0011,0.0014,8.75e-08
31,1,7,501.1534,493.4802,-1.808297,1.802422,1.716977,99.9972,0.0015,0.0013,8.63e-08
32,4,6,504.9189,513.2194,-1.791198,1.802019,1.694162,99.9974,0.0014,0.0012,7.07e-08
33,2,7,518.5018,523.0890,-2.057024,1.801184,1.657464,99.9977,0.0012,0.0011,9.08e-08
34,2,7,535.9532,523.0890,-1.609193,1.800077,1.680142,99.9975,0.0015,0.0010,8.20e-08
35,2,7,544.7000,523.0890,-1.383902,1.799377,1.700186,99.9972,0.0012,0.0015,7.70e-08
36,3,7,548.8824,572.4371,-1.385651,1.800428,1.641462,99.9977,0.0012,0.0011,7.68e-08
37,3,7,550.8971,572.4371,-1.424484,1.801282,1.705495,99.9969,0.0015,0.0016,7.62e-08
38,3,7,558.7165,572.4371,-1.620355,1.801479,1.707147,99.9969,0.0015,0.0016,6.92e-08
39,3,7,563.7800,572.4371,-1.820357,1.801868,1.678141,99.9973,0.0013,0.0013,7.88e-08
40,3,7,571.3299,572.4371,-2.713513,1.801284,1.691916,99.9971,0.0015,0.0014,7.29e-08
41,3,7,580.5510,572.4371,-1.848496,1.800461,1.743825,99.9963,0.0020,0.0016,5.19e-08
42,3,7,585.3767,572.4371,-1.645805,1.801537,1.694852,99.9971,0.0018,0.0011,7.68e-08
43,5,6,595.3720,602.0459,-1.955251,1.800688,1.691550,99.9970,0.0015,0.0015,7.24e-08
44,5,6,602.1745,602.0459,-3.670414,1.801622,1.718736,99.9966,0.0015,0.0020,5.46e-08
45,5,6,606.7329,602.0459,-2.108730,1.801417,1.656946,99.9974,0.0011,0.0014,6.47e-08
46,5,6,613.6847,602.0459,-1.713720,1.803219,1.713098,99.9967,0.0014,0.0019,6.12e-08
47,5,6,619.3740,602.0459,-1.540878,1.801985,1.673398,99.9972,0.0016,0.0011,6.64e-08
48,1,8,632.5684,641.5243,-1.855103,1.800969,1.702981,99.9966,0.0019,0.0015,5.87e-08
49,1,8,634.1062,641.5243,-1.936920,1.799769,1.717873,99.9963,0.0020,0.0017,5.52e-08
50,1,8,649.0177,641.5243,-1.932534,1.800331,1.695272,99.9967,0.0014,0.0019,5.37e-08
51,1,8,654.0233,641.5243,-1.710337,1.800639,1.686933,99.9968,0.0020,0.0012,5.87e-08
52,2,8,665.1538,671.1331,-2.050161,1.801270,1.714040,99.9963,0.0014,0.0023,4.53e-08
53,2,8,673.1568,671.1331,-2.520672,1.801088,1.699616,99.9965,0.0017,0.0018,5.09e-08
54,2,8,679.6052,671.1331,-1.898818,1.801293,1.705914,99.9964,0.0018,0.0018,4.75e-08
55,2,8,685.0527,671.1331,-1.683181,1.801840,1.723784,99.9961,0.0020,0.0019,4.97e-08
56,6,6,693.6555,710.6115,-1.622307,1.800636,1.713890,99.9960,0.0015,0.0024,4.91e-08
57,6,6,697.7483,710.6115,-1.742282,1.800909,1.694511,99.9964,0.0022,0.0014,4.87e-08
58,6,6,708.4124,710.6115,-2.509390,1.800763,1.689532,99.9965,0.0014,0.0021,4.53e-08
59,3,8,723.6943,720.4811,-2.350681,1.801974,1.689047,99.9964,0.0017,0.0018,4.76e-08
60,5,7,729.1779,730.3507,-2.794289,1.801019,1.682020,99.9965,0.0016,0.0019,4.50e-08
61,5,7,732.8007,730.3507,-2.474368,1.802421,1.716274,99.9959,0.0021,0.0020,4.72e-08
62,5,7,737.8269,730.3507,-1.989849,1.802210,1.720400,99.9958,0.0018,0.0024,4.34e-08
63,5,7,742.9904,730.3507,-1.761796,1.799128,1.746555,99.9952,0.0026,0.0022,3.97e-08
64,5,7,749.1816,730.3507,-1.588661,1.800646,1.722142,99.9958,0.0023,0.0019,4.53e-08
65,5,7,758.5534,730.3507,-1.413241,1.800994,1.698466,99.9962,0.0019,0.0018,4.33e-08
66,4,8,763.6174,789.5684,-1.483237,1.799925,1.695155,99.9959,0.0024,0.0017,3.89e-08
67,4,8,768.1066,789.5684,-1.565724,1.800373,1.692491,99.9960,0.0015,0.0025,3.77e-08
68,4,8,780.4484,789.5684,-1.937395,1.800679,1.678454,99.9963,0.0020,0.0017,4.54e-08
69,4,8,798.3757,789.5684,-1.952544,1.801597,1.719263,99.9955,0.0019,0.0026,3.74e-08
70,1,9,799.9458,809.3076,-1.936758,1.801144,1.714832,99.9955,0.0026,0.0019,3.24e-08
71,1,9,812.0289,809.3076,-2.473331,1.802381,1.716258,99.9955,0.0020,0.0025,3.94e-08
72,1,9,816.1661,809.3076,-2.071883,1.801832,1.703508,99.9957,0.0025,0.0018,2.67e-08
73,2,9,828.8791,838.9164,-1.922104,1.802270,1.715373,99.9953,0.0024,0.0023,3.71e-08
74,2,9,835.8885,838.9164,-2.442579,1.801419,1.695940,99.9957,0.0023,0.0020,4.24e-08
75,2,9,839.4741,838.9164,-3.177312,1.800695,1.708582,99.9954,0.0025,0.0021,3.66e-08
76,2,9,849.8129,838.9164,-1.886431,1.802378,1.715674,99.9953,0.0027,0.0020,3.57e-08
77,2,9,857.3853,838.9164,-1.657277,1.800644,1.700421,99.9956,0.0021,0.0024,3.36e-08
78,5,8,859.5559,878.3948,-1.668635,1.799973,1.701526,99.9953,0.0024,0.0023,3.40e-08
79,5,8,865.4997,878.3948,-1.833266,1.801626,1.690164,99.9956,0.0021,0.0023,3.37e-08
80,5,8,873.3078,878.3948,-2.237226,1.802063,1.710258,99.9952,0.0026,0.0022,3.32e-08
81,5,8,880.7719,878.3948,-2.567633,1.800662,1.687863,99.9956,0.0020,0.0023,3.17e-08
82,3,9,888.8887,888.2644,-3.153116,1.800548,1.715212,99.9950,0.0027,0.0023,3.16e-08
83,3,9,890.5609,888.2644,-2.587469,1.801076,1.698883,99.9954,0.0025,0.0021,3.61e-08
84,3,9,904.5755,888.2644,-1.736058,1.802008,1.706891,99.9952,0.0020,0.0027,3.10e-08
85,3,9,906.0506,888.2644,-1.698458,1.800142,1.706667,99.9952,0.0025,0.0024,2.88e-08
86,3,9,917.7242,888.2644,-1.479313,1.800405,1.734466,99.9945,0.0029,0.0026,2.79e-08
87,4,9,927.0637,957.3516,-1.499802,1.801933,1.697853,99.9951,0.0024,0.0025,3.50e-08
88,4,9,929.1711,957.3516,-1.531122,1.800731,1.701503,99.9949,0.0027,0.0023,3.09e-08
89,4,9,938.9929,957.3516,-1.717229,1.802780,1.725861,99.9944,0.0023,0.0033,2.92e-08
90,4,9,941.9896,957.3516,-1.794622,1.801764,1.709033,99.9948,0.0024,0.0029,2.84e-08
91,4,9,951.1584,957.3516,-2.189156,1.800984,1.716925,99.9946,0.0031,0.0023,2.78e-08
92,4,9,955.7173,957.3516,-2.767726,1.800061,1.718582,99.9945,0.0024,0.0031,2.75e-08
93,7,7,964.1483,967.2212,-2.497969,1.800774,1.708104,99.9947,0.0026,0.0027,2.83e-08
94,7,7,966.4827,967.2212,-3.117139,1.801282,1.708938,99.9947,0.0027,0.0026,2.41e-08
95,7,7,974.6277,967.2212,-2.115917,1.802148,1.742145,99.9939,0.0039,0.0023,2.65e-08
96,6,8,984.0308,986.9604,-2.527480,1.799712,1.716624,99.9944,0.0032,0.0024,2.91e-08
97,1,10,992.5789,996.8300,-2.370120,1.799163,1.708364,99.9945,0.0026,0.0029,2.64e-08
98,1,10,998.0147,996.8300,-2.925032,1.801626,1.735788,99.9939,0.0034,0.0027,2.52e-08
99,1,10,1005.3146,996.8300,-2.069992,1.800537,1.714973,99.9944,0.0028,0.0028,2.63e-08
100,1,10,1010.8267,996.8300,-1.852597,1.801528,1.728699,99.9941,0.0029,0.0030,2.33e-08
101,2,10,1015.6301,1026.4389,-1.977556,1.801658,1.719180,99.9942,0.0024,0.0035,2.65e-08
102,2,10,1019.8448,1026.4389,-2.192184,1.801684,1.721763,99.9941,0.0026,0.0033,2.60e-08
103,2,10,1034.6972,1026.4389,-2.094441,1.802626,1.724482,99.9941,0.0027,0.0032,2.40e-08
104,5,9,1037.1872,1046.1781,-2.065804,1.801491,1.714553,99.9942,0.0034,0.0025,2.36e-08
105,5,9,1041.9433,1046.1781,-2.392771,1.800769,1.738212,99.9935,0.0031,0.0034,2.19e-08
106,5,9,1050.3743,1046.1781,-2.396744,1.799946,1.728899,99.9937,0.0035,0.0028,2.08e-08
107,5,9,1053.7794,1046.1781,-2.138713,1.801235,1.735121,99.9936,0.0033,0.0031,2.02e-08
108,5,9,1058.8005,1046.1781,-1.918463,1.801546,1.737746,99.9935,0.0037,0.0028,2.22e-08
109,3,10,1063.7322,1075.7869,-1.950570,1.798882,1.729147,99.9935,0.0029,0.0036,2.34e-08
110,3,10,1077.6026,1075.7869,-2.772678,1.801782,1.727883,99.9936,0.0033,0.0031,2.24e-08
111,3,10,1085.7234,1075.7869,-2.034493,1.801991,1.730028,99.9936,0.0029,0.0036,2.46e-08
112,7,8,1096.4980,1115.2653,-1.773976,1.802584,1.703547,99.9941,0.0028,0.0031,2.08e-08
113,7,8,1098.5563,1115.2653,-1.824428,1.800825,1.727426,99.9934,0.0035,0.0031,2.40e-08
114,7,8,1106.1595,1115.2653,-2.088060,1.800490,1.721627,99.9935,0.0026,0.0038,2.13e-08
115,7,8,1113.4857,1115.2653,-2.797067,1.801700,1.716026,99.9937,0.0028,0.0034,2.44e-08
116,7,8,1115.6746,1115.2653,-3.435284,1.799301,1.718723,99.9936,0.0033,0.0031,1.87e-08
117,4,10,1131.3675,1144.8741,-1.928210,1.800947,1.721836,99.9934,0.0039,0.0027,1.98e-08
118,4,10,1135.3848,1144.8741,-2.081522,1.801046,1.706639,99.9938,0.0029,0.0032,2.12e-08
119,4,10,1141.5639,1144.8741,-2.538906,1.800819,1.717585,99.9935,0.0032,0.0032,2.17e-08
120,4,10,1147.4240,1144.8741,-2.652232,1.800716,1.725523,99.9933,0.0030,0.0037,2.08e-08
121,6,9,1157.2871,1154.7437,-2.657076,1.800946,1.729533,99.9931,0.0030,0.0039,2.15e-08
122,6,9,1165.3869,1154.7437,-2.035413,1.801953,1.722986,99.9933,0.0040,0.0027,2.07e-08
123,6,9,1169.0924,1154.7437,-1.905675,1.800787,1.735015,99.9929,0.0033,0.0038,1.98e-08
124,1,11,1182.7179,1204.0917,-1.750778,1.800792,1.726377,99.9928,0.0043,0.0029,1.80e-08
125,1,11,1183.9303,1204.0917,-1.776137,1.802200,1.718934,99.9931,0.0034,0.0035,1.89e-08
126,1,11,1187.4468,1204.0917,-1.859376,1.801056,1.718460,99.9931,0.0036,0.0033,1.95e-08
127,1,11,1191.6479,1204.0917,-1.985706,1.801856,1.729794,99.9928,0.0033,0.0039,1.58e-08
128,1,11,1202.0597,1204.0917,-2.772731,1.801170,1.713824,99.9932,0.0031,0.0036,2.14e-08
129,1,11,1211.0450,1204.0917,-2.238473,1.802921,1.713603,99.9933,0.0034,0.0033,1.91e-08
130,1,11,1216.3401,1204.0917,-1.992582,1.801493,1.726368,99.9929,0.0033,0.0038,1.87e-08
131,2,11,1221.2746,1233.7006,-1.996880,1.799948,1.717715,99.9929,0.0029,0.0042,1.94e-08
132,2,11,1226.3748,1233.7006,-2.226357,1.801749,1.726378,99.9927,0.0035,0.0038,1.96e-08
133,2,11,1231.7909,1233.7006,-2.810264,1.801688,1.729768,99.9926,0.0034,0.0040,1.69e-08
134,2,11,1237.8004,1233.7006,-2.478437,1.800231,1.716860,99.9930,0.0039,0.0031,1.71e-08
135,2,11,1241.6030,1233.7006,-2.193445,1.801578,1.725273,99.9927,0.0031,0.0042,1.72e-08
136,8,8,1252.1582,1263.3094,-2.054191,1.800285,1.725521,99.9926,0.0032,0.0042,1.71e-08
137,8,8,1254.3272,1263.3094,-2.148129,1.801045,1.728492,99.9925,0.0041,0.0034,1.68e-08
138,8,8,1258.7850,1263.3094,-2.445952,1.801497,1.729057,99.9925,0.0036,0.0039,1.82e-08
139,8,8,1271.9143,1263.3094,-2.166763,1.800717,1.738609,99.9921,0.0039,0.0040,1.87e-08
140,3,11,1275.2635,1283.0486,-2.216979,1.800679,1.724174,99.9924,0.0039,0.0037,1.73e-08
141,3,11,1285.0449,1283.0486,-2.808018,1.801777,1.739048,99.9919,0.0049,0.0032,1.56e-08
142,3,11,1293.2343,1283.0486,-2.100252,1.800387,1.725016,99.9924,0.0030,0.0046,1.73e-08
143,3,11,1298.0285,1283.0486,-1.932734,1.801065,1.726205,99.9924,0.0040,0.0036,1.56e-08
144,3,11,1302.9295,1283.0486,-1.809806,1.802064,1.726217,99.9924,0.0036,0.0040,1.45e-08
145,3,11,1306.0702,1283.0486,-1.746107,1.801869,1.728159,99.9923,0.0042,0.0034,1.43e-08
146,6,10,1315.6607,1342.2662,-1.702867,1.801196,1.726337,99.9921,0.0042,0.0037,1.61e-08
147,6,10,1318.3689,1342.2662,-1.749489,1.800887,1.728200,99.9920,0.0043,0.0037,1.24e-08
148,6,10,1325.8187,1342.2662,-1.911739,1.801541,1.721248,99.9923,0.0040,0.0037,1.46e-08
149,6,10,1333.1495,1342.2662,-2.168002,1.801230,1.735416,99.9917,0.0042,0.0041,1.48e-08
150,6,10,1346.4762,1342.2662,-2.503558,1.802856,1.741464,99.9916,0.0044,0.0040,1.36e-08
151,4,11,1353.9600,1352.1358,-2.869960,1.800741,1.740407,99.9914,0.0048,0.0037,1.62e-08
152,4,11,1364.5709,1352.1358,-2.036370,1.802361,1.740002,99.9915,0.0038,0.0047,1.58e-08
153,4,11,1375.2347,1352.1358,-1.767429,1.801912,1.732142,99.9918,0.0046,0.0036,1.46e-08
154,4,11,1379.4621,1352.1358,-1.694439,1.802041,1.750295,99.9911,0.0038,0.0051,1.16e-08
155,4,11,1383.2331,1352.1358,-1.638297,1.801654,1.743263,99.9914,0.0053,0.0033,1.69e-08
156,1,12,1403.8642,1431.0926,-1.720645,1.800452,1.742151,99.9909,0.0056,0.0035,1.41e-08
157,1,12,1405.6355,1431.0926,-1.749857,1.802661,1.731996,99.9914,0.0043,0.0043,1.44e-08
158,1,12,1410.7644,1431.0926,-1.847568,1.800644,1.734011,99.9912,0.0055,0.0032,1.30e-08
159,1,12,1416.1300,1431.0926,-1.980660,1.800566,1.727027,99.9915,0.0037,0.0048,1.44e-08
160,1,12,1426.2793,1431.0926,-2.473218,1.801803,1.734986,99.9913,0.0039,0.0049,1.30e-08
161,1,12,1434.5980,1431.0926,-2.610935,1.800574,1.725706,99.9916,0.0043,0.0042,1.44e-08
162,5,11,1439.0085,1440.9622,-2.867785,1.801514,1.735361,99.9911,0.0053,0.0036,1.40e-08
163,5,11,1446.9643,1440.9622,-2.380352,1.800821,1.732879,99.9912,0.0047,0.0042,1.62e-08
164,2,12,1451.2040,1460.7015,-2.186956,1.803632,1.739956,99.9909,0.0041,0.0050,1.32e-08
165,2,12,1456.1341,1460.7015,-2.504897,1.801882,1.733345,99.9911,0.0044,0.0045,1.53e-08
166,2,12,1461.0229,1460.7015,-3.657486,1.802190,1.744237,99.9906,0.0053,0.0041,1.19e-08
167,7,10,1475.4889,1470.5711,-2.475715,1.802192,1.730200,99.9912,0.0046,0.0042,1.29e-08
168,7,10,1476.4159,1470.5711,-2.400714,1.801600,1.727955,99.9912,0.0042,0.0046,1.50e-08
169,7,10,1478.1420,1470.5711,-2.288334,1.800848,1.725871,99.9913,0.0047,0.0040,1.37e-08
170,3,12,1492.5724,1510.0495,-1.936524,1.799716,1.731798,99.9908,0.0050,0.0041,1.35e-08
171,3,12,1496.3372,1510.0495,-2.041883,1.800180,1.723931,99.9912,0.0052,0.0036,1.24e-08
172,3,12,1504.0422,1510.0495,-2.400313,1.801065,1.733538,99.9908,0.0051,0.0041,1.30e-08
173,3,12,1514.3784,1510.0495,-2.542611,1.800974,1.746187,99.9903,0.0055,0.0042,1.20e-08
174,3,12,1520.2390,1510.0495,-2.170837,1.799875,1.730466,99.9909,0.0050,0.0041,1.40e-08
175,6,11,1537.9449,1549.5279,-2.126380,1.801690,1.725691,99.9909,0.0045,0.0046,1.17e-08
176,6,11,1542.2986,1549.5279,-2.331103,1.801148,1.740061,99.9902,0.0052,0.0046,1.16e-08
177,6,11,1558.8209,1549.5279,-2.222042,1.801904,1.743872,99.9901,0.0058,0.0041,1.31e-08
178,6,11,1561.3925,1549.5279,-2.115946,1.801750,1.738603,99.9903,0.0051,0.0046,1.27e-08
179,4,12,1576.0291,1579.1367,-2.705989,1.799924,1.735198,99.9902,0.0059,0.0038,1.26e-08
180,4,12,1576.4447,1579.1367,-2.768351,1.800583,1.741561,99.9900,0.0049,0.0051,1.17e-08
181,4,12,1582.7760,1579.1367,-2.637400,1.800898,1.738371,99.9902,0.0055,0.0044,1.38e-08
182,9,9,1589.3059,1598.8759,-2.222900,1.801560,1.741521,99.9898,0.0043,0.0059,1.21e-08
183,9,9,1594.9581,1598.8759,-2.610776,1.801453,1.736894,99.9900,0.0054,0.0046,1.16e-08
184,9,9,1605.7848,1598.8759,-2.364404,1.801659,1.739377,99.9899,0.0047,0.0053,1.31e-08
185,8,10,1611.5770,1618.6151,-2.361690,1.801319,1.732404,99.9901,0.0043,0.0055,9.19e-09
186,8,10,1623.3160,1618.6151,-2.536962,1.800663,1.736280,99.9899,0.0054,0.0046,1.25e-08
187,8,10,1627.1807,1618.6151,-2.276389,1.801548,1.745331,99.9896,0.0055,0.0049,1.03e-08
188,8,10,1636.0624,1618.6151,-1.967416,1.801397,1.750629,99.9893,0.0048,0.0059,1.05e-08
189,8,10,1642.6995,1618.6151,-1.827408,1.801461,1.745673,99.9895,0.0052,0.0052,1.20e-08
190,5,12,1648.5368,1667.9631,-1.933794,1.801247,1.736680,99.9896,0.0053,0.0051,1.07e-08
191,5,12,1654.9221,1667.9631,-2.106875,1.801450,1.742573,99.9893,0.0060,0.0047,1.22e-08
192,5,12,1666.5951,1667.9631,-3.086092,1.801247,1.745682,99.9892,0.0046,0.0063,1.12e-08
193,5,12,1671.0940,1667.9631,-2.726519,1.801764,1.744739,99.9892,0.0054,0.0053,1.16e-08
194,1,13,1683.6835,1677.8327,-2.457534,1.801782,1.743769,99.9892,0.0058,0.0050,1.05e-08
195,1,13,1685.2725,1677.8327,-2.353192,1.801828,1.741897,99.9893,0.0057,0.0050,9.69e-09
196,1,13,1688.9878,1677.8327,-2.177278,1.802168,1.744851,99.9892,0.0056,0.0053,1.12e-08
197,2,13,1696.9804,1707.4416,-2.212765,1.801377,1.742391,99.9891,0.0051,0.0059,9.78e-09
198,2,13,1706.8413,1707.4416,-3.454019,1.801721,1.745542,99.9890,0.0058,0.0052,1.00e-08
199,2,13,1710.3502,1707.4416,-2.768656,1.801087,1.740680,99.9892,0.0058,0.0050,1.12e-08
200,2,13,1717.9210,1707.4416,-2.212009,1.801488,1.746662,99.9889,0.0053,0.0059,1.09e-08
201,2,13,1722.0740,1707.4416,-2.067029,1.800008,1.743107,99.9890,0.0052,0.0058,1.22e-08
202,3,13,1733.1964,1756.7896,-1.871932,1.802303,1.740408,99.9889,0.0051,0.0060,9.18e-09
203,3,13,1739.0715,1756.7896,-1.996303,1.802079,1.746217,99.9886,0.0046,0.0068,9.48e-09
204,3,13,1747.6305,1756.7896,-2.282868,1.800788,1.741462,99.9888,0.0040,0.0072,1.07e-08
205,3,13,1750.6634,1756.7896,-2.457532,1.802665,1.746730,99.9886,0.0056,0.0058,9.70e-09
206,3,13,1757.9184,1756.7896,-3.192101,1.800994,1.750766,99.9883,0.0064,0.0054,1.07e-08
207,6,12,1768.5626,1776.5288,-2.348323,1.800967,1.743228,99.9887,0.0053,0.0060,1.01e-08
208,6,12,1770.9617,1776.5288,-2.503941,1.800385,1.754605,99.9881,0.0063,0.0056,7.96e-09
209,6,12,1780.7368,1776.5288,-2.625497,1.800373,1.747889,99.9884,0.0057,0.0059,1.10e-08
210,9,10,1783.8124,1786.3984,-2.839357,1.799819,1.746136,99.9885,0.0059,0.0056,1.04e-08
211,9,10,1797.1373,1786.3984,-2.221018,1.800024,1.742428,99.9887,0.0047,0.0066,8.41e-09
212,9,10,1800.6167,1786.3984,-2.099132,1.800290,1.736586,99.9890,0.0051,0.0059,1.01e-08
213,4,13,1813.5973,1825.8768,-2.172290,1.802643,1.737113,99.9886,0.0054,0.0060,1.07e-08
214,4,13,1825.1710,1825.8768,-3.412797,1.802207,1.739024,99.9885,0.0043,0.0072,9.11e-09
215,4,13,1832.5297,1825.8768,-2.438464,1.803208,1.756806,99.9876,0.0062,0.0063,8.33e-09
216,4,13,1834.5540,1825.8768,-2.323092,1.802302,1.747111,99.9881,0.0072,0.0048,9.43e-09
217,4,13,1847.8357,1825.8768,-1.919861,1.802232,1.750268,99.9879,0.0058,0.0063,1.17e-08
218,4,13,1857.5911,1825.8768,-1.760217,1.802312,1.746651,99.9881,0.0071,0.0048,8.61e-09
219,7,12,1872.6442,1904.8336,-1.772143,1.799440,1.741741,99.9880,0.0064,0.0056,7.97e-09
220,7,12,1883.4900,1904.8336,-1.950589,1.798940,1.747228,99.9876,0.0060,0.0063,8.15e-09
221,7,12,1887.3203,1904.8336,-2.036487,1.800178,1.758027,99.9871,0.0069,0.0060,9.22e-09
222,7,12,1895.7656,1904.8336,-2.322341,1.799753,1.747896,99.9876,0.0066,0.0058,1.07e-08
223,7,12,1899.5353,1904.8336,-2.555720,1.800302,1.749691,99.9876,0.0064,0.0060,8.59e-09
224,5,13,1913.0256,1914.7033,-3.057386,1.802633,1.748840,99.9875,0.0062,0.0063,8.28e-09
225,5,13,1922.3387,1914.7033,-2.399266,1.801665,1.746612,99.9876,0.0072,0.0052,1.06e-08
226,1,14,1933.9232,1944.3121,-2.272200,1.802500,1.745199,99.9874,0.0070,0.0056,8.49e-09
227,1,14,1944.6693,1944.3121,-3.735760,1.802745,1.745834,99.9874,0.0056,0.0071,1.17e-08
228,1,14,1953.1030,1944.3121,-2.344733,1.802227,1.754497,99.9868,0.0059,0.0073,8.87e-09
229,2,14,1967.0982,1973.9209,-2.461373,1.802118,1.751451,99.9868,0.0059,0.0074,7.51e-09
230,2,14,1972.8858,1973.9209,-3.280337,1.803076,1.750105,99.9869,0.0062,0.0069,8.03e-09
231,9,11,1986.7277,1993.6601,-2.458768,1.800785,1.755601,99.9866,0.0071,0.0063,7.09e-09
232,9,11,1993.0534,1993.6601,-3.516702,1.800367,1.758819,99.9863,0.0069,0.0068,7.77e-09
233,9,11,1998.1481,1993.6601,-2.647601,1.800431,1.757867,99.9864,0.0079,0.0057,1.06e-08
234,3,14,2016.5454,2023.2689,-2.478456,1.803313,1.755079,99.9864,0.0068,0.0068,6.31e-09
235,3,14,2022.6729,2023.2689,-3.530827,1.801554,1.752822,99.9864,0.0068,0.0068,8.89e-09
236,3,14,2023.8484,2023.2689,-3.543021,1.800979,1.748181,99.9867,0.0068,0.0065,8.31e-09
237,3,14,2031.8765,2023.2689,-2.371171,1.801812,1.759265,99.9860,0.0068,0.0072,9.00e-09
238,8,12,2047.0114,2052.8777,-2.543996,1.802351,1.755815,99.9861,0.0067,0.0072,7.84e-09
239,8,12,2052.7873,2052.8777,-4.356356,1.801891,1.750922,99.9864,0.0065,0.0071,6.08e-09
240,8,12,2059.6200,2052.8777,-2.483557,1.802134,1.758486,99.9859,0.0071,0.0070,7.52e-09
241,4,14,2075.9476,2092.3561,-2.105565,1.801608,1.751612,99.9861,0.0084,0.0056,6.59e-09
242,4,14,2081.9218,2092.3561,-2.302169,1.801775,1.754552,99.9859,0.0084,0.0057,8.49e-09
243,4,14,2090.6703,2092.3561,-3.093824,1.801607,1.756812,99.9857,0.0075,0.0068,6.95e-09
244,4,14,2095.8143,2092.3561,-2.781788,1.802092,1.750307,99.9862,0.0075,0.0063,8.55e-09
245,4,14,2102.7338,2092.3561,-2.304534,1.801817,1.760699,99.9855,0.0084,0.0061,6.27e-09
246,7,13,2133.8542,2151.5738,-2.084303,1.802256,1.762333,99.9849,0.0074,0.0077,6.75e-09
247,7,13,2142.1218,2151.5738,-2.357234,1.803113,1.760372,99.9851,0.0072,0.0077,6.58e-09
248,7,13,2152.1645,2151.5738,-3.561392,1.803415,1.754061,99.9856,0.0060,0.0084,8.25e-09
249,7,13,2153.2587,2151.5738,-3.106173,1.802489,1.755055,99.9854,0.0065,0.0081,6.16e-09
250,5,14,2168.9212,2181.1826,-2.250153,1.801476,1.760467,99.9849,0.0072,0.0079,6.70e-09
251,5,14,2177.0472,2181.1826,-2.722182,1.801363,1.761528,99.9848,0.0064,0.0088,6.34e-09
252,5,14,2185.1346,2181.1826,-2.741871,1.801692,1.763907,99.9847,0.0089,0.0064,5.78e-09
253,5,14,2190.9100,2181.1826,-2.350694,1.801658,1.769099,99.9843,0.0091,0.0066,8.12e-09
254,5,14,2199.4560,2181.1826,-2.076871,1.802199,1.761930,99.9849,0.0069,0.0083,7.29e-09
255,9,12,2204.6678,2220.6610,-2.142548,1.802474,1.765580,99.9844,0.0072,0.0084,6.23e-09
256,9,12,2211.5376,2220.6610,-2.386327,1.801511,1.762273,99.9845,0.0075,0.0079,6.31e-09
257,9,12,2215.7180,2220.6610,-2.652496,1.801000,1.761686,99.9845,0.0066,0.0088,7.03e-09
258,1,15,2227.6035,2230.5306,-2.881975,1.804243,1.759374,99.9845,0.0081,0.0074,7.49e-09
259,1,15,2228.2149,2230.5306,-2.983732,1.803618,1.765278,99.9840,0.0074,0.0086,7.40e-09
260,1,15,2243.5904,2230.5306,-2.232473,1.804038,1.762294,99.9842,0.0079,0.0079,7.01e-09
261,2,15,2251.0847,2260.1394,-2.397260,1.803299,1.762641,99.9840,0.0082,0.0079,5.35e-09
262,2,15,2260.9291,2260.1394,-3.456683,1.804667,1.760816,99.9842,0.0078,0.0080,6.65e-09
263,2,15,2274.5869,2260.1394,-2.194342,1.803773,1.763879,99.9839,0.0085,0.0075,5.29e-09
264,6,14,2278.5518,2289.7482,-2.310710,1.802278,1.767962,99.9836,0.0077,0.0087,5.67e-09
265,8,13,2302.4768,2299.6178,-2.905448,1.801906,1.764071,99.9837,0.0094,0.0070,5.97e-09
266,3,15,2314.0643,2309.4874,-2.702943,1.804038,1.752928,99.9844,0.0085,0.0071,6.55e-09
267,3,15,2318.0788,2309.4874,-2.429455,1.803035,1.750242,99.9845,0.0089,0.0066,6.85e-09
268,3,15,2324.7174,2309.4874,-2.180818,1.804703,1.770256,99.9832,0.0078,0.0090,5.64e-09
269,3,15,2327.3343,2309.4874,-2.111955,1.803725,1.761894,99.9837,0.0089,0.0074,6.55e-09
270,3,15,2338.0110,2309.4874,-1.908312,1.804201,1.760924,99.9838,0.0077,0.0085,5.01e-09
271,3,15,2340.4229,2309.4874,-1.873060,1.803959,1.762405,99.9837,0.0077,0.0086,6.08e-09
272,4,15,2349.0294,2378.5747,-1.905829,1.802810,1.768391,99.9829,0.0078,0.0093,5.89e-09
273,4,15,2363.7018,2378.5747,-2.203923,1.802002,1.763268,99.9833,0.0068,0.0099,5.24e-09
274,4,15,2366.4301,2378.5747,-2.291934,1.801477,1.765456,99.9831,0.0089,0.0080,4.98e-09
275,11,11,2389.2225,2388.4443,-3.486997,1.802924,1.762974,99.9833,0.0093,0.0074,4.75e-09
276,11,11,2396.6876,2388.4443,-2.462012,1.801851,1.768499,99.9827,0.0084,0.0089,5.07e-09
277,10,12,2400.5899,2408.1835,-2.501243,1.802060,1.765181,99.9829,0.0069,0.0102,5.35e-09
278,7,14,2419.2457,2418.0531,-3.306973,1.802694,1.756982,99.9834,0.0106,0.0059,5.37e-09
279,7,14,2426.0760,2418.0531,-2.479132,1.802992,1.757298,99.9834,0.0090,0.0075,4.57e-09
280,7,14,2439.0550,2418.0531,-2.061207,1.802708,1.769405,99.9825,0.0095,0.0081,6.31e-09
281,5,15,2449.4413,2467.4011,-2.137937,1.803743,1.763398,99.9826,0.0098,0.0076,5.17e-09
282,5,15,2456.2591,2467.4011,-2.345277,1.803198,1.757636,99.9831,0.0102,0.0068,5.14e-09
283,5,15,2479.0364,2467.4011,-2.326460,1.803507,1.768790,99.9822,0.0097,0.0081,5.40e-09
284,5,15,2481.5488,2467.4011,-2.241554,1.803240,1.770030,99.9820,0.0104,0.0075,4.35e-09
285,5,15,2496.8212,2467.4011,-1.923595,1.803837,1.773000,99.9819,0.0111,0.0070,4.93e-09
286,5,15,2503.7320,2467.4011,-1.831963,1.802908,1.764749,99.9825,0.0087,0.0088,4.95e-09
287,8,14,2517.2989,2566.0971,-1.720869,1.801377,1.769992,99.9814,0.0100,0.0086,4.22e-09
288,8,14,2534.3198,2566.0971,-1.907155,1.801596,1.759010,99.9823,0.0096,0.0080,4.44e-09
289,8,14,2550.2334,2566.0971,-2.208866,1.802759,1.767296,99.9817,0.0101,0.0082,5.06e-09
290,8,14,2558.0244,2566.0971,-2.502254,1.802555,1.772317,99.9813,0.0102,0.0085,4.27e-09
291,6,15,2575.6511,2575.9667,-3.911669,1.804482,1.764563,99.9816,0.0116,0.0069,4.04e-09
292,6,15,2588.7959,2575.9667,-2.302741,1.804168,1.750979,99.9827,0.0091,0.0082,5.04e-09
293,6,15,2594.3460,2575.9667,-2.146612,1.805578,1.779481,99.9804,0.0106,0.0091,3.74e-09
294,11,12,2601.8312,2615.4452,-2.283560,1.800875,1.769499,99.9811,0.0104,0.0085,4.47e-09
295,11,12,2626.6119,2615.4452,-2.369620,1.801633,1.782805,99.9800,0.0112,0.0088,4.07e-09
296,10,13,2650.7139,2654.9236,-2.799806,1.802522,1.761614,99.9815,0.0119,0.0066,4.17e-09
297,10,13,2653.8154,2654.9236,-3.379438,1.802922,1.763238,99.9814,0.0099,0.0087,4.71e-09
298,10,13,2674.5683,2654.9236,-2.130807,1.802700,1.768892,99.9809,0.0079,0.0112,4.20e-09
299,7,15,2686.1889,2704.2716,-2.174787,1.804172,1.777717,99.9796,0.0125,0.0080,3.82e-09
300,7,15,2695.9506,2704.2716,-2.511876,1.803661,1.766780,99.9805,0.0101,0.0094,3.80e-09
301,9,14,2721.6256,2733.8804,-2.348472,1.802190,1.763160,99.9808,0.0068,0.0125,3.80e-09
302,9,14,2726.5465,2733.8804,-2.571446,1.802312,1.763402,99.9808,0.0096,0.0096,4.18e-09
303,9,14,2730.8154,2733.8804,-2.950349,1.802800,1.783868,99.9789,0.0138,0.0073,3.30e-09
304,9,14,2740.8938,2733.8804,-2.590850,1.802970,1.779894,99.9793,0.0107,0.0100,4.15e-09
305,9,14,2743.5743,2733.8804,-2.450281,1.802836,1.752057,99.9818,0.0077,0.0105,4.25e-09
306,9,14,2754.0482,2733.8804,-2.132121,1.802668,1.766547,99.9805,0.0091,0.0104,3.70e-09
307,9,14,2784.3408,2733.8804,-1.733829,1.802296,1.775853,99.9796,0.0107,0.0097,3.87e-09
308,12,12,2804.7691,2842.4461,-1.877616,1.804214,1.761175,99.9800,0.0098,0.0102,3.93e-09
309,12,12,2829.6822,2842.4461,-2.347710,1.803677,1.765014,99.9796,0.0142,0.0062,3.93e-09
310,12,12,2838.1997,2842.4461,-2.825676,1.803850,1.763660,99.9797,0.0092,0.0111,3.89e-09
311,12,12,2847.1673,2842.4461,-2.779635,1.803841,1.752187,99.9808,0.0085,0.0108,3.98e-09
312,11,13,2863.3403,2862.1853,-3.394102,1.799949,1.764002,99.9800,0.0088,0.0112,3.38e-09
313,11,13,2882.2789,2862.1853,-2.153639,1.800444,1.787134,99.9778,0.0135,0.0087,3.39e-09
314,10,14,2897.4293,2921.4029,-2.085858,1.801562,1.774737,99.9784,0.0111,0.0105,3.41e-09
315,10,14,2953.4808,2921.4029,-1.959385,1.802426,1.773718,99.9786,0.0104,0.0110,3.97e-09
316,9,15,2974.8380,3020.0989,-1.824297,1.802291,1.767674,99.9785,0.0086,0.0129,3.63e-09
317,9,15,2981.5055,3020.0989,-1.893508,1.802608,1.774482,99.9778,0.0093,0.0129,3.22e-09
318,9,15,2989.9101,3020.0989,-2.000174,1.802049,1.779535,99.9772,0.0108,0.0120,3.55e-09
319,12,13,3066.9502,3089.1862,-2.142789,1.803011,1.786365,99.9760,0.0147,0.0094,2.11e-09
320,12,13,3099.3603,3089.1862,-2.482346,1.801566,1.787170,99.9758,0.0105,0.0137,3.16e-09
321,12,13,3105.4779,3089.1862,-2.277877,1.802226,1.780131,99.9766,0.0161,0.0074,3.08e-09
322,11,14,3117.9477,3128.6646,-2.465291,1.798065,1.791923,99.9753,0.0117,0.0130,3.17e-09
323,11,14,3166.6008,3128.6646,-1.916305,1.798406,1.798230,99.9746,0.0176,0.0078,3.53e-09
324,10,15,3175.6141,3207.6214,-2.000934,1.801762,1.796570,99.9740,0.0189,0.0071,3.02e-09
325,10,15,3203.6018,3207.6214,-2.901992,1.801874,1.756877,99.9783,0.0127,0.0090,3.23e-09
326,10,15,3206.7045,3207.6214,-3.543841,1.801830,1.776590,99.9763,0.0099,0.0139,2.96e-09
327,10,15,3211.8969,3207.6214,-2.875195,1.801221,1.804036,99.9730,0.0169,0.0101,3.49e-09
328,10,15,3234.3098,3207.6214,-2.079861,1.801300,1.788579,99.9749,0.0165,0.0086,2.82e-09
329,10,15,3256.0882,3207.6214,-1.820739,1.800977,1.772389,99.9767,0.0136,0.0097,3.08e-09
330,10,15,3262.5956,3207.6214,-1.766025,1.801166,1.795893,99.9740,0.0118,0.0142,2.44e-09
331,10,15,3262.9968,3207.6214,-1.762866,1.801579,1.785715,99.9753,0.0120,0.0128,2.50e-09
332,13,13,3289.1837,3335.9263,-1.853503,1.802118,1.765981,99.9763,0.0136,0.0101,3.46e-09
333,13,13,3305.3234,3335.9263,-2.037455,1.802306,1.772461,99.9757,0.0128,0.0115,3.60e-09
334,11,15,3389.6623,3414.8831,-2.131616,1.806181,1.770016,99.9748,0.0072,0.0180,1.83e-09
335,11,15,3437.7646,3414.8831,-2.173892,1.806971,1.791928,99.9723,0.0088,0.0189,2.39e-09
336,11,15,3476.4923,3414.8831,-1.743730,1.806237,1.748657,99.9772,0.0101,0.0128,2.95e-09
337,13,14,3592.2486,3602.4056,-2.549826,1.805010,1.773803,99.9732,0.0194,0.0074,2.58e-09
338,12,15,3650.2508,3641.8840,-2.638768,1.803126,1.796009,99.9704,0.0176,0.0120,2.61e-09
339,12,15,3686.7438,3641.8840,-1.909469,1.802663,1.819158,99.9669,0.0265,0.0066,1.73e-09
340,12,15,3739.9473,3641.8840,-1.569820,1.803191,1.780088,99.9724,0.0147,0.0129,1.87e-09
341,12,15,3754.7259,3641.8840,-1.508856,1.803214,1.773141,99.9733,0.0077,0.0190,2.05e-09
342,13,15,3883.8720,3888.6241,-2.912907,1.803816,1.796474,99.9684,0.0129,0.0187,2.06e-09
343,13,15,3931.4634,3888.6241,-1.957954,1.803834,1.818197,99.9651,0.0045,0.0304,1.42e-09
344,13,15,3957.0723,3888.6241,-1.754434,1.803785,1.808949,99.9665,0.0223,0.0112,1.48e-09
345,14,15,4032.8918,4155.1035,-1.531469,1.810060,1.777874,99.9683,0.0200,0.0117,1.08e-09
346,14,15,4165.6824,4155.1035,-2.594138,1.809615,1.745569,99.9726,0.0190,0.0083,1.19e-09
347,14,15,4292.8035,4155.1035,-1.479648,1.810454,1.825604,99.9606,0.0209,0.0185,9.28e-10
348,15,15,4304.2208,4441.3220,-1.510471,1.806728,1.698080,99.9769,0.0154,0.0076,1.43e-09
349,15,15,4307.7061,4441.3220,-1.521654,1.805882,1.775610,99.9670,0.0251,0.0079,1.50e-09
350,15,15,4429.9920,4441.3220,-2.593282,1.806117,1.717353,99.9747,0.0135,0.0118,1.15e-09
351,15,15,5427.2960,4441.3220,-0.653647,1.805683,1.763414,99.9687,0.0180,0.0133,8.55e-10
352,15,15,6402.0640,4441.3220,-0.355092,1.805807,1.791809,99.9644,0.0079,0.0277,9.37e-10
353,15,15,63880.2060,4441.3220,1.126558,1.806008,1.494967,99.9909,0.0062,0.0028,2.17e-12
354,15,15,67175.7770,4441.3220,1.149994,1.806198,1.721180,99.9744,0.0059,0.0197,2.09e-12
355,15,15,70113.3606,4441.3220,1.169868,1.806080,1.627919,99.9833,0.0046,0.0121,4.54e-12
356,15,15,72770.2555,4441.3220,1.187092,1.806233,1.680822,99.9787,0.0156,0.0057,3.38e-12
357,15,15,73604.0771,4441.3220,1.192360,1.806672,1.712020,99.9754,0.0182,0.0064,2.48e-12
358,15,15,74041.9917,4441.3220,1.195101,1.806083,1.838806,99.9558,0.0342,0.0100,2.78e-12
359,15,15,74474.6269,4441.3220,1.197792,1.806712,1.803043,99.9625,0.0288,0.0087,2.38e-12
360,15,15,76692.5312,4441.3220,1.211333,1.806666,1.823185,99.9589,0.0083,0.0328,2.40e-12
361,15,15,76847.9060,4441.3220,1.212266,1.806684,1.735258,99.9726,0.0050,0.0224,1.24e-12
362,15,15,76852.8201,4441.3220,1.212295,1.806027,1.805299,99.9622,0.0088,0.0290,2.47e-12
363,15,15,78968.3375,4441.3220,1.224801,1.806136,1.857900,99.9518,0.0052,0.0430,2.30e-12
364,15,15,79344.4652,4441.3220,1.226988,1.806087,1.758624,99.9695,0.0255,0.0050,2.44e-12
365,15,15,79919.4915,4441.3220,1.230309,1.806059,1.915243,99.9372,0.0525,0.0102,2.74e-12
366,15,15,80212.6082,4441.3220,1.231992,1.806081,1.746546,99.9711,0.0238,0.0051,3.80e-12
367,15,15,80345.5940,4441.3220,1.232754,1.806375,1.772845,99.9674,0.0117,0.0209,1.93e-12
368,15,15,80821.8831,4441.3220,1.235471,1.806304,1.802955,99.9626,0.0060,0.0314,2.90e-12
369,15,15,80915.4533,4441.3220,1.236002,1.806124,1.758308,99.9695,0.0259,0.0046,5.08e-12
370,15,15,81550.4005,4441.3220,1.239593,1.806236,1.814306,99.9605,0.0188,0.0207,2.35e-12
371,15,15,81561.4263,4441.3220,1.239655,1.806285,1.787779,99.9651,0.0119,0.0230,3.04e-12
372,15,15,81630.6601,4441.3220,1.240045,1.806270,1.655270,99.9811,0.0026,0.0164,4.13e-12
373,15,15,82123.2505,4441.3220,1.242808,1.806514,1.745238,99.9713,0.0100,0.0187,2.85e-12
374,15,15,82330.8642,4441.3220,1.243967,1.806388,1.665325,99.9801,0.0017,0.0181,1.87e-12
375,15,15,82387.4799,4441.3220,1.244282,1.806323,1.732228,99.9730,0.0055,0.0215,1.88e-12
376,15,15,82406.6795,4441.3220,1.244389,1.806435,1.824343,99.9587,0.0318,0.0095,2.97e-12
377,15,15,82658.6418,4441.3220,1.245791,1.806510,1.756909,99.9697,0.0211,0.0092,2.23e-12
378,15,15,82841.8145,4441.3220,1.246807,1.806296,1.697908,99.9769,0.0032,0.0199,3.00e-12
379,15,15,82887.1337,4441.3220,1.247058,1.806320,1.812421,99.9609,0.0056,0.0335,3.08e-12
380,15,15,82932.3675,4441.3220,1.247308,1.806446,1.726418,99.9737,0.0028,0.0235,2.13e-12
381,15,15,84182.9981,4441.3220,1.254173,1.806365,1.749540,99.9707,0.0252,0.0040,1.68e-12
382,15,15,84363.7797,4441.3220,1.255157,1.806195,1.733238,99.9729,0.0029,0.0243,1.80e-12
383,15,15,84571.0696,4441.3220,1.256282,1.806398,1.714900,99.9751,0.0018,0.0232,2.26e-12
384,15,15,84993.9898,4441.3220,1.258568,1.806125,1.775518,99.9670,0.0128,0.0202,2.23e-12
385,15,15,85121.9009,4441.3220,1.259257,1.806171,1.712946,99.9753,0.0175,0.0072,4.15e-12
386,15,15,85163.5320,4441.3220,1.259481,1.806450,1.741916,99.9717,0.0031,0.0252,2.75e-12
387,15,15,86002.9259,4441.3220,1.263973,1.806431,1.777948,99.9666,0.0273,0.0061,2.29e-12
388,15,15,86071.1618,4441.3220,1.264337,1.806181,1.757633,99.9697,0.0032,0.0271,2.30e-12
389,15,15,86598.7053,4441.3220,1.267134,1.806326,1.716094,99.9749,0.0018,0.0233,1.62e-12
390,15,15,86681.0879,4441.3220,1.267570,1.806410,1.800332,99.9630,0.0302,0.0068,2.85e-12
391,15,15,87002.8384,4441.3220,1.269265,1.806444,1.774117,99.9672,0.0297,0.0031,2.32e-12
392,15,15,87076.1283,4441.3220,1.269651,1.806215,1.777355,99.9668,0.0053,0.0280,1.85e-12
393,15,15,87115.8870,4441.3220,1.269860,1.806437,1.780737,99.9661,0.0033,0.0306,2.01e-12
394,15,15,88254.6690,4441.3220,1.275801,1.806489,1.870831,99.9488,0.0429,0.0083,2.18e-12
395,15,15,88282.7512,4441.3220,1.275946,1.806351,1.704003,99.9763,0.0211,0.0027,1.59e-12
396,15,15,88968.3717,4441.3220,1.279483,1.806445,1.894741,99.9428,0.0112,0.0460,1.92e-12
397,15,15,89007.6624,4441.3220,1.279685,1.806235,1.810349,99.9612,0.0036,0.0351,2.61e-12
398,15,15,90686.1506,4441.3220,1.288221,1.806201,1.806676,99.9619,0.0350,0.0031,2.79e-12
399,15,15,91057.3317,4441.3220,1.290086,1.806213,1.804645,99.9622,0.0344,0.0034,1.90e-12
400,15,15,91766.3697,4441.3220,1.293627,1.806312,1.829129,99.9577,0.0041,0.0382,1.50e-12
401,15,15,91806.1665,4441.3220,1.293824,1.806194,1.792991,99.9642,0.0051,0.0307,1.67e-12
402,15,15,91829.2450,4441.3220,1.293939,1.806371,1.770331,99.9678,0.0268,0.0054,1.83e-12
403,15,15,91909.9775,4441.3220,1.294340,1.806349,1.786967,99.9653,0.0325,0.0023,2.89e-12
404,15,15,92301.9346,4441.3220,1.296282,1.806322,1.845721,99.9544,0.0341,0.0115,1.98e-12
405,15,15,93000.5970,4441.3220,1.299722,1.806286,1.804030,99.9624,0.0119,0.0257,1.77e-12
406,15,15,94681.3563,4441.3220,1.307887,1.806204,1.845430,99.9545,0.0419,0.0036,1.50e-12
407,15,15,95037.2283,4441.3220,1.309596,1.806225,1.853866,99.9527,0.0182,0.0291,2.11e-12
408,15,15,95290.1926,4441.3220,1.310807,1.806244,1.870600,99.9489,0.0373,0.0138,1.57e-12
409,15,15,95376.9502,4441.3220,1.311222,1.806260,1.793137,99.9642,0.0015,0.0343,2.52e-12
410,15,15,96555.4872,4441.3220,1.316814,1.806269,1.920943,99.9354,0.0501,0.0145,1.88e-12
411,15,15,97118.3607,4441.3220,1.319460,1.806284,1.842337,99.9551,0.0255,0.0194,2.69e-12
412,15,15,98405.5490,4441.3220,1.325450,1.806211,1.826918,99.9581,0.0401,0.0017,1.77e-12
413,15,15,98656.3480,4441.3220,1.326608,1.806383,1.741055,99.9719,0.0269,0.0012,1.59e-12
414,15,15,98866.7960,4441.3220,1.327577,1.806200,1.829808,99.9576,0.0398,0.0026,1.55e-12
415,15,15,101988.0301,4441.3220,1.341700,1.806346,1.860390,99.9513,0.0026,0.0462,2.50e-12
416,15,15,104156.8489,4441.3220,1.351251,1.806218,1.973420,99.9178,0.0321,0.0500,1.78e-12
417,15,15,108748.9523,4441.3220,1.370804,1.806203,1.980987,99.9150,0.0378,0.0472,1.20e-12
418,15,15,109072.8872,4441.3220,1.372150,1.806200,1.999549,99.9074,0.0492,0.0434,1.38e-12
419,15,15,110345.4843,4441.3220,1.377401,1.806136,1.969624,99.9193,0.0409,0.0398,1.53e-12
420,15,15,110656.9411,4441.3220,1.378676,1.806227,1.853799,99.9526,0.0079,0.0395,1.19e-12
421,15,15,111500.0623,4441.3220,1.382110,1.806253,1.935814,99.9310,0.0667,0.0023,2.94e-12
422,15,15,112085.9964,4441.3220,1.384480,1.806200,1.979671,99.9155,0.0431,0.0414,1.35e-12
423,15,15,114504.7650,4441.3220,1.394131,1.806170,1.955241,99.9244,0.0736,0.0020,1.39e-12
424,15,15,114735.7570,4441.3220,1.395041,1.806257,1.973441,99.9179,0.0790,0.0031,1.75e-12
425,15,15,5540147.9106,4441.3220,3.095661,0.148690,3.516154,0.0210,0.9526,99.0264,4.62e-14
426,15,15,5541835.7337,4441.3220,3.095793,0.178849,3.516133,0.0327,99.0160,0.9514,4.38e-14
427,15,15,5688578.3056,4441.3220,3.107152,0.091089,3.516169,0.0161,83.4556,16.5283,7.38e-14
428,15,15,5688924.9915,4441.3220,3.107179,0.117120,3.516170,0.0193,16.5303,83.4504,3.85e-14
429,15,15,5729103.7222,4441.3220,3.110238,0.078692,3.516185,0.0104,51.9564,48.0332,5.84e-14
430,15,15,5729486.9695,4441.3220,3.110267,0.098421,3.516177,0.0126,48.0271,51.9603,4.54e-14
431,15,15,5753226.2582,4441.3220,3.112064,0.219746,3.516113,0.0384,97.7052,2.2564,4.50e-14
432,15,15,5754133.7547,4441.3220,3.112132,0.131709,3.516163,0.0184,2.2584,97.7231,5.08e-14
433,15,15,5809622.5489,4441.3220,3.116304,0.091505,3.516173,0.0142,0.1878,99.7981,5.27e-14
434,15,15,5810311.4076,4441.3220,3.116355,0.053976,3.516188,0.0083,99.8041,0.1876,5.80e-14
435,15,15,5863983.8192,4441.3220,3.120351,0.066299,3.516183,0.0103,15.6908,84.2989,4.11e-14
436,15,15,5864971.4975,4441.3220,3.120425,0.123022,3.516162,0.0173,84.2964,15.6863,5.21e-14
437,15,15,5885305.7578,4441.3220,3.121929,0.114942,3.516164,0.0183,93.9818,5.9999,5.90e-14
438,15,15,5885675.4662,4441.3220,3.121956,0.087446,3.516178,0.0118,6.0099,93.9784,7.39e-14
439,15,15,5888977.1935,4441.3220,3.122200,0.168808,3.516140,0.0272,99.3789,0.5940,4.81e-14
440,15,15,5891427.0434,4441.3220,3.122381,0.166952,3.516145,0.0263,0.5890,99.3847,6.53e-14
441,15,15,5893908.3970,4441.3220,3.122564,0.109294,3.516178,0.0126,31.0264,68.9610,6.42e-14
442,15,15,5894495.9280,4441.3220,3.122607,0.125250,3.516162,0.0183,68.9536,31.0281,5.15e-14
443,15,15,5899649.2956,4441.3220,3.122987,0.095194,3.516174,0.0132,53.7384,46.2485,8.63e-14
444,15,15,5900336.0991,4441.3220,3.123037,0.250998,3.516095,0.0464,46.2309,53.7226,5.07e-14
445,15,15,5924386.5600,4441.3220,3.124805,0.163152,3.516145,0.0278,92.7125,7.2597,4.24e-14
446,15,15,5924792.4527,4441.3220,3.124835,0.125491,3.516166,0.0187,7.2566,92.7247,6.45e-14
447,15,15,5970829.1048,4441.3220,3.128199,0.103722,3.516175,0.0124,86.0661,13.9214,6.80e-14
448,15,15,5971257.9791,4441.3220,3.128230,0.086117,3.516181,0.0117,13.9172,86.0711,5.29e-14
449,15,15,5975624.0673,4441.3220,3.128548,0.096422,3.516173,0.0156,23.5756,76.4087,5.12e-14
450,15,15,5976033.0904,4441.3220,3.128578,0.150378,3.516155,0.0234,76.3983,23.5783,5.07e-14
451,15,15,5985113.4479,4441.3220,3.129238,0.135991,3.516161,0.0194,0.1807,99.7999,4.07e-14
452,15,15,5985602.4010,4441.3220,3.129273,0.169870,3.516144,0.0296,98.5638,1.4066,4.15e-14
453,15,15,5985982.1248,4441.3220,3.129301,0.119571,3.516167,0.0198,1.5206,98.4596,7.08e-14
454,15,15,5986487.5285,4441.3220,3.129338,0.156057,3.516154,0.0223,99.4629,0.5148,5.25e-14
455,15,15,5987915.2235,4441.3220,3.129441,0.152379,3.516149,0.0231,57.3498,42.6271,5.87e-14
456,15,15,5988051.5180,4441.3220,3.129451,0.161250,3.516146,0.0247,42.8516,57.1238,7.32e-14
457,15,15,5996235.6821,4441.3220,3.130045,0.095803,3.516172,0.0142,72.6327,27.3531,5.22e-14
458,15,15,5996443.2960,4441.3220,3.130060,0.087410,3.516185,0.0127,27.3511,72.6362,7.09e-14
459,15,15,6004269.9971,4441.3220,3.130627,0.107028,3.516170,0.0183,0.8336,99.1481,5.49e-14
460,15,15,6005109.9251,4441.3220,3.130687,0.172844,3.516140,0.0303,99.1378,0.8319,4.74e-14
461,15,15,6011668.7340,4441.3220,3.131162,0.118652,3.516170,0.0170,82.1935,17.7895,5.28e-14
462,15,15,6012243.4901,4441.3220,3.131203,0.111461,3.516172,0.0171,17.7882,82.1947,5.61e-14
463,15,15,6020763.9592,4441.3220,3.131819,0.101306,3.516175,0.0121,65.6661,34.3219,9.15e-14
464,15,15,6021320.9720,4441.3220,3.131859,0.091286,3.516173,0.0150,34.3242,65.6608,5.46e-14
465,15,15,6023644.0344,4441.3220,3.132027,0.085932,3.516176,0.0136,99.2281,0.7583,8.35e-14
466,15,15,6024736.5364,4441.3220,3.132106,0.101212,3.516169,0.0145,0.7596,99.2259,8.91e-14
467,15,15,6026877.7963,4441.3220,3.132260,0.115045,3.516168,0.0161,69.6486,30.3353,7.81e-14
468,15,15,6027315.9721,4441.3220,3.132292,0.111830,3.516173,0.0173,30.3315,69.6512,6.74e-14
469,15,15,6034160.3753,4441.3220,3.132785,0.088467,3.516177,0.0120,55.4564,44.5316,8.46e-14
470,15,15,6034684.6701,4441.3220,3.132823,0.097442,3.516182,0.0159,44.5307,55.4534,4.51e-14
471,15,15,6040808.0120,4441.3220,3.133263,0.089771,3.516175,0.0125,2.1986,97.7889,6.19e-14
472,15,15,6041147.7357,4441.3220,3.133288,0.067610,3.516186,0.0111,97.7874,2.2014,7.35e-14
473,15,15,6049721.8639,4441.3220,3.133904,0.098426,3.516170,0.0130,93.8580,6.1290,9.30e-14
474,15,15,6050595.5493,4441.3220,3.133967,0.141437,3.516160,0.0228,6.1270,93.8501,5.59e-14
475,15,15,6057491.2639,4441.3220,3.134462,0.195633,3.516134,0.0320,24.7816,75.1864,5.51e-14
476,15,15,6057916.3565,4441.3220,3.134492,0.108984,3.516174,0.0138,75.1965,24.7897,6.28e-14
477,15,15,6067829.5102,4441.3220,3.135203,0.122051,3.516166,0.0201,95.2822,4.6977,6.76e-14
478,15,15,6068165.6329,4441.3220,3.135227,0.119229,3.516160,0.0192,4.6974,95.2835,4.62e-14
479,15,15,6081971.2217,4441.3220,3.136215,0.035787,3.516192,0.0070,65.8869,34.1061,8.93e-14
480,15,15,6082421.3682,4441.3220,3.136247,0.105609,3.516167,0.0127,34.1037,65.8835,6.02e-14
481,15,15,6085545.0319,4441.3220,3.136470,0.102665,3.516172,0.0152,79.0477,20.9371,6.32e-14
482,15,15,6086129.9798,4441.3220,3.136512,0.082178,3.516177,0.0114,20.9414,79.0472,5.37e-14
483,15,15,6090152.0226,4441.3220,3.136799,0.066904,3.516185,0.0112,65.3904,34.5984,6.62e-14
484,15,15,6090295.3936,4441.3220,3.136809,0.074428,3.516190,0.0123,34.5973,65.3904,6.05e-14
485,15,15,6098228.8681,4441.3220,3.137375,0.055407,3.516187,0.0091,15.3030,84.6880,6.74e-14
486,15,15,6098792.1181,4441.3220,3.137415,0.145045,3.516161,0.0243,84.6738,15.3019,5.21e-14
487,15,15,6116913.9062,4441.3220,3.138705,0.098786,3.516175,0.0149,46.8805,53.1046,5.86e-14
488,15,15,6117239.2492,4441.3220,3.138728,0.121928,3.516170,0.0163,53.1017,46.8820,5.45e-14
489,15,15,6122617.5967,4441.3220,3.139110,0.091093,3.516169,0.0130,99.1253,0.8618,5.25e-14
490,15,15,6122810.7356,4441.3220,3.139123,0.062878,3.516185,0.0091,0.8623,99.1286,5.49e-14
491,15,15,6140743.8621,4441.3220,3.140395,0.117470,3.516165,0.0154,99.9389,0.0456,6.35e-14
492,15,15,6141052.9666,4441.3220,3.140416,0.070862,3.516181,0.0113,0.0847,99.9040,6.72e-14
493,15,15,6146152.9146,4441.3220,3.140777,0.113066,3.516166,0.0176,59.2759,40.7065,7.17e-14
494,15,15,6146241.8983,4441.3220,3.140783,0.105008,3.516179,0.0143,40.6706,59.3150,5.56e-14
495,15,15,6148619.0378,4441.3220,3.140952,0.095852,3.516169,0.0118,77.7860,22.2022,8.43e-14
496,15,15,6148624.9860,4441.3220,3.140952,0.094459,3.516176,0.0133,22.1954,77.7913,6.28e-14
497,15,15,6159814.2138,4441.3220,3.141742,0.081925,3.516186,0.0107,40.3613,59.6281,7.44e-14
498,15,15,6160136.6917,4441.3220,3.141765,0.105817,3.516177,0.0152,59.6233,40.3615,5.85e-14
499,15,15,6164625.0146,4441.3220,3.142081,0.099586,3.516175,0.0135,4.0688,95.9178,6.75e-14
500,15,15,6164911.4713,4441.3220,3.142102,0.135531,3.516163,0.0199,95.9080,4.0721,6.80e-14
501,15,15,6169547.8486,4441.3220,3.142428,0.081319,3.516184,0.0124,98.7147,1.2728,6.49e-14
502,15,15,6169658.9123,4441.3220,3.142436,0.116311,3.516161,0.0156,1.2916,98.6928,7.86e-14
503,15,15,6172079.9236,4441.3220,3.142607,0.078155,3.516181,0.0121,98.7210,1.2669,6.90e-14
504,15,15,6172121.1491,4441.3220,3.142610,0.062758,3.516182,0.0101,1.2628,98.7271,6.40e-14
505,15,15,6173847.4578,4441.3220,3.142731,0.071854,3.516188,0.0098,49.4723,50.5179,1.05e-13
506,15,15,6174047.0008,4441.3220,3.142745,0.100686,3.516174,0.0149,50.5119,49.4732,7.26e-14
507,15,15,6177489.5774,4441.3220,3.142987,0.099347,3.516176,0.0114,98.9383,1.0502,9.47e-14
508,15,15,6177883.6721,4441.3220,3.143015,0.135644,3.516147,0.0211,1.0428,98.9361,5.71e-14
509,15,15,6192010.9736,4441.3220,3.144008,0.086506,3.516180,0.0093,99.4833,0.5074,7.00e-14
510,15,15,6192159.1667,4441.3220,3.144018,0.096811,3.516170,0.0139,0.5075,99.4786,5.71e-14
511,15,15,6197836.4700,4441.3220,3.144417,0.064005,3.516188,0.0100,5.2228,94.7672,8.75e-14
512,15,15,6198338.8045,4441.3220,3.144452,0.127855,3.516166,0.0180,94.7404,5.2416,7.57e-14
513,15,15,6200290.7646,4441.3220,3.144589,0.075120,3.516190,0.0094,1.5434,98.4472,9.14e-14
514,15,15,6200545.6947,4441.3220,3.144606,0.107815,3.516169,0.0164,98.4620,1.5216,6.26e-14
515,15,15,6203683.3102,4441.3220,3.144826,0.072840,3.516177,0.0092,33.3140,66.6769,8.27e-14
516,15,15,6203805.8420,4441.3220,3.144835,0.083823,3.516184,0.0123,66.6701,33.3176,6.31e-14
517,15,15,6208695.2212,4441.3220,3.145177,0.064582,3.516185,0.0080,44.8972,55.0948,8.80e-14
518,15,15,6209148.0438,4441.3220,3.145209,0.123090,3.516166,0.0169,55.0918,44.8914,5.38e-14
519,15,15,6223217.4141,4441.3220,3.146193,0.057937,3.516193,0.0073,99.5013,0.4914,5.18e-14
520,15,15,6225092.5745,4441.3220,3.146324,0.200586,3.516127,0.0348,0.4910,99.4742,5.33e-14
521,15,15,6226196.7500,4441.3220,3.146401,0.068263,3.516187,0.0090,98.9004,1.0906,7.13e-14
522,15,15,6226494.7124,4441.3220,3.146421,0.080978,3.516171,0.0104,1.0914,98.8982,6.57e-14
523,15,15,6232652.9367,4441.3220,3.146851,0.097702,3.516176,0.0142,23.8547,76.1311,6.81e-14
524,15,15,6233097.3378,4441.3220,3.146882,0.098414,3.516175,0.0151,76.1444,23.8405,6.33e-14
525,15,15,6235625.3376,4441.3220,3.147058,0.073989,3.516183,0.0087,48.4651,51.5262,7.33e-14
526,15,15,6236031.5009,4441.3220,3.147087,0.128444,3.516168,0.0159,51.5110,48.4731,5.67e-14
527,15,15,6242474.2702,4441.3220,3.147535,0.063017,3.516186,0.0105,52.2331,47.7564,6.88e-14
528,15,15,6242829.9186,4441.3220,3.147560,0.080927,3.516182,0.0090,47.7613,52.2297,6.36e-14
529,15,15,6253448.4801,4441.3220,3.148299,0.087899,3.516186,0.0111,1.9085,98.0804,7.15e-14
530,15,15,6254022.5763,4441.3220,3.148339,0.057815,3.516185,0.0090,51.4314,48.5596,1.13e-13
531,15,15,6254584.9317,4441.3220,3.148378,0.161468,3.516152,0.0245,97.1554,2.8201,6.30e-14
532,15,15,6254850.3786,4441.3220,3.148396,0.124924,3.516173,0.0185,41.7193,58.2622,7.65e-14
533,15,15,6255174.0500,4441.3220,3.148419,0.123196,3.516165,0.0169,50.5742,49.4089,7.36e-14
534,15,15,6255672.0593,4441.3220,3.148453,0.125827,3.516165,0.0202,57.1386,42.8412,6.69e-14
535,15,15,6263918.6678,4441.3220,3.149026,0.053147,3.516194,0.0059,5.5404,94.4537,9.53e-14
536,15,15,6264183.8131,4441.3220,3.149044,0.051325,3.516187,0.0077,94.4552,5.5371,7.61e-14
537,15,15,6267574.1902,4441.3220,3.149279,0.085204,3.516178,0.0106,0.8015,99.1879,8.64e-14
538,15,15,6268582.9912,4441.3220,3.149349,0.148062,3.516152,0.0245,99.1757,0.7999,6.59e-14
539,15,15,6280217.7391,4441.3220,3.150155,0.067523,3.516186,0.0086,14.3534,85.6380,4.73e-14
540,15,15,6280658.8250,4441.3220,3.150186,0.073764,3.516181,0.0111,85.6337,14.3552,7.04e-14
541,15,15,6290664.4133,4441.3220,3.150878,0.027876,3.516195,0.0054,20.4593,79.5353,9.98e-14
542,15,15,6291473.4803,4441.3220,3.150933,0.070442,3.516183,0.0095,79.2978,20.6928,8.21e-14
543,15,15,6292260.1843,4441.3220,3.150988,0.087251,3.516178,0.0137,20.1395,79.8469,5.70e-14
544,15,15,6292558.1664,4441.3220,3.151008,0.057676,3.516190,0.0106,79.9621,20.0273,9.04e-14
545,15,15,6293121.7351,4441.3220,3.151047,0.076477,3.516187,0.0108,29.7895,70.1997,6.07e-14
546,15,15,6293372.3744,4441.3220,3.151065,0.066423,3.516172,0.0113,70.2913,29.6973,7.87e-14
547,15,15,6296248.2589,4441.3220,3.151263,0.075421,3.516180,0.0099,0.3646,99.6255,6.31e-14
548,15,15,6296962.7696,4441.3220,3.151312,0.100431,3.516175,0.0131,99.6532,0.3336,6.63e-14
549,15,15,6302148.9933,4441.3220,3.151670,0.065952,3.516190,0.0082,1.0251,98.9667,7.21e-14
550,15,15,6302579.2058,4441.3220,3.151700,0.071074,3.516177,0.0092,98.9213,1.0695,7.38e-14
551,15,15,6304934.0320,4441.3220,3.151862,0.060552,3.516190,0.0090,58.4898,41.5012,6.75e-14
552,15,15,6304980.0980,4441.3220,3.151865,0.075066,3.516189,0.0100,41.5475,58.4424,6.96e-14
553,15,15,6309304.7712,4441.3220,3.152163,0.121061,3.516155,0.0204,86.0809,13.8987,7.83e-14
554,15,15,6309462.6537,4441.3220,3.152174,0.119882,3.516179,0.0188,13.9030,86.0782,1.07e-13
555,15,15,6312028.9637,4441.3220,3.152351,0.098189,3.516169,0.0137,9.5910,90.3953,7.94e-14
556,15,15,6312365.9627,4441.3220,3.152374,0.112638,3.516168,0.0151,90.3983,9.5866,7.40e-14
557,15,15,6314078.6038,4441.3220,3.152492,0.108998,3.516171,0.0127,21.4330,78.5542,8.01e-14
558,15,15,6314174.8697,4441.3220,3.152499,0.086616,3.516185,0.0104,78.5560,21.4337,1.07e-13
559,15,15,6319510.1790,4441.3220,3.152866,0.069831,3.516192,0.0077,13.5576,86.4347,9.39e-14
560,15,15,6320098.7376,4441.3220,3.152906,0.091278,3.516181,0.0124,86.4254,13.5622,6.47e-14
561,15,15,6323742.9024,4441.3220,3.153157,0.129497,3.516161,0.0207,81.6171,18.3622,7.66e-14
562,15,15,6323839.2616,4441.3220,3.153163,0.064214,3.516190,0.0117,18.3611,81.6272,8.41e-14
563,15,15,6325757.2880,4441.3220,3.153295,0.057297,3.516186,0.0078,4.5028,95.4894,8.00e-14
564,15,15,6326145.2678,4441.3220,3.153322,0.101049,3.516177,0.0119,95.4866,4.5015,9.16e-14
565,15,15,6327588.7003,4441.3220,3.153421,0.040420,3.516192,0.0059,45.3899,54.6042,8.74e-14
566,15,15,6327920.4110,4441.3220,3.153444,0.075234,3.516179,0.0089,54.6516,45.3395,9.21e-14
567,15,15,6329332.1192,4441.3220,3.153541,0.083277,3.516182,0.0120,22.7739,77.2141,7.69e-14
568,15,15,6329686.1059,4441.3220,3.153565,0.104982,3.516176,0.0148,77.1386,22.8466,9.68e-14
569,15,15,6332866.3209,4441.3220,3.153783,0.065230,3.516186,0.0081,0.1066,99.8853,8.11e-14
570,15,15,6332996.9833,4441.3220,3.153792,0.077290,3.516186,0.0089,99.9022,0.0889,7.88e-14
571,15,15,6337250.4108,4441.3220,3.154084,0.087539,3.516186,0.0094,15.4981,84.4925,8.16e-14
572,15,15,6337370.7048,4441.3220,3.154092,0.057058,3.516187,0.0088,84.4805,15.5108,8.08e-14
573,15,15,6338145.5196,4441.3220,3.154146,0.066871,3.516183,0.0104,28.7616,71.2281,8.87e-14
574,15,15,6338637.2294,4441.3220,3.154179,0.081799,3.516184,0.0134,71.2560,28.7305,8.56e-14
575,15,15,6340215.5508,4441.3220,3.154287,0.061512,3.516186,0.0100,94.9836,5.0064,9.72e-14
576,15,15,6340463.8239,4441.3220,3.154304,0.128668,3.516164,0.0209,4.9892,94.9900,7.51e-14
577,15,15,6345085.9178,4441.3220,3.154621,0.077880,3.516185,0.0094,0.1050,99.8855,8.75e-14
578,15,15,6345473.5105,4441.3220,3.154648,0.090965,3.516177,0.0130,99.8524,0.1346,9.87e-14
579,15,15,6347308.9316,4441.3220,3.154773,0.068515,3.516189,0.0080,34.5350,65.4570,9.62e-14
580,15,15,6347541.2340,4441.3220,3.154789,0.083289,3.516189,0.0102,65.1517,34.8381,7.69e-14
581,15,15,6349361.2395,4441.3220,3.154914,0.070206,3.516186,0.0093,1.1964,98.7943,8.08e-14
582,15,15,6350048.5753,4441.3220,3.154961,0.096935,3.516169,0.0148,97.9453,2.0399,8.59e-14
583,15,15,6350375.5463,4441.3220,3.154983,0.107463,3.516167,0.0183,76.2796,23.7021,8.39e-14
584,15,15,6350401.1778,4441.3220,3.154985,0.101212,3.516162,0.0157,24.8689,75.1153,9.21e-14
585,15,15,6353406.3713,4441.3220,3.155191,0.064005,3.516190,0.0084,47.4812,52.5105,9.85e-14
586,15,15,6354043.8054,4441.3220,3.155234,0.070752,3.516198,0.0104,52.4906,47.4990,9.14e-14
587,15,15,6357659.8950,4441.3220,3.155482,0.064288,3.516184,0.0086,30.9837,69.0077,9.03e-14
588,15,15,6357929.1641,4441.3220,3.155500,0.113350,3.516166,0.0180,69.0109,30.9712,8.38e-14
589,15,15,6359582.0461,4441.3220,3.155613,0.060015,3.516184,0.0071,56.1233,43.8696,9.25e-14
590,15,15,6359900.4339,4441.3220,3.155635,0.067057,3.516183,0.0077,43.8929,56.0994,9.01e-14
591,15,15,6362835.7430,4441.3220,3.155835,0.041177,3.516200,0.0060,16.2130,83.7810,1.18e-13
592,15,15,6363259.2605,4441.3220,3.155864,0.086086,3.516178,0.0102,83.7309,16.2589,8.60e-14
593,15,15,6365297.2188,4441.3220,3.156003,0.054412,3.516186,0.0072,13.8314,86.1614,1.28e-13
594,15,15,6365410.3821,4441.3220,3.156011,0.058032,3.516191,0.0065,86.0077,13.9858,9.36e-14
595,15,15,6367350.8800,4441.3220,3.156143,0.051599,3.516201,0.0074,3.9326,96.0600,8.65e-14
596,15,15,6367686.9624,4441.3220,3.156166,0.063073,3.516187,0.0090,95.5518,4.4392,9.92e-14
597,15,15,6368106.3446,4441.3220,3.156195,0.059899,3.516180,0.0090,62.9847,37.0064,1.08e-13
598,15,15,6368181.1013,4441.3220,3.156200,0.066136,3.516179,0.0087,37.7071,62.2843,9.63e-14
599,15,15,6372214.5781,4441.3220,3.156475,0.076983,3.516188,0.0090,3.5845,96.4065,7.97e-14
600,15,15,6372535.3998,4441.3220,3.156497,0.115246,3.516174,0.0132,96.3309,3.6558,9.85e-14
601,15,15,6373675.0715,4441.3220,3.156575,0.084104,3.516189,0.0105,95.4618,4.5278,1.05e-13
602,15,15,6373953.6694,4441.3220,3.156594,0.095602,3.516169,0.0141,4.5749,95.4110,8.01e-14
603,15,15,6375350.2256,4441.3220,3.156689,0.079329,3.516184,0.0100,2.6291,97.3609,8.17e-14
604,15,15,6375788.9367,4441.3220,3.156719,0.109950,3.516169,0.0127,97.2957,2.6916,7.63e-14
605,15,15,6376641.7895,4441.3220,3.156777,0.056312,3.516195,0.0081,99.6094,0.3825,9.54e-14
606,15,15,6377036.0101,4441.3220,3.156804,0.071829,3.516186,0.0090,0.5085,99.4824,8.42e-14
607,15,15,6378490.0718,4441.3220,3.156903,0.055064,3.516187,0.0067,58.1135,41.8798,9.76e-14
608,15,15,6378786.7534,4441.3220,3.156923,0.084343,3.516179,0.0098,41.9612,58.0289,8.46e-14
609,15,15,6381009.9899,4441.3220,3.157075,0.056995,3.516190,0.0073,89.0338,10.9590,1.10e-13
610,15,15,6381791.5638,4441.3220,3.157128,0.130268,3.516167,0.0190,10.8532,89.1278,8.73e-14
611,15,15,6384070.4709,4441.3220,3.157283,0.030260,3.516197,0.0045,97.0527,2.9429,1.20e-13
612,15,15,6384638.9939,4441.3220,3.157322,0.051259,3.516193,0.0069,2.9547,97.0384,1.01e-13
613,15,15,6384834.2087,4441.3220,3.157335,0.057180,3.516186,0.0069,71.5773,28.4159,1.13e-13
614,15,15,6385171.0133,4441.3220,3.157358,0.118531,3.516172,0.0179,28.6692,71.3129,8.20e-14
615,15,15,6387220.2386,4441.3220,3.157498,0.083106,3.516179,0.0093,94.7991,5.1915,8.89e-14
616,15,15,6387818.1204,4441.3220,3.157538,0.122985,3.516162,0.0160,5.5649,94.4190,9.79e-14
617,15,15,6388750.0378,4441.3220,3.157602,0.029828,3.516194,0.0050,83.1238,16.8712,1.09e-13
618,15,15,6388983.7275,4441.3220,3.157618,0.052953,3.516194,0.0068,16.6305,83.3627,1.04e-13
619,15,15,6389867.9235,4441.3220,3.157678,0.055542,3.516183,0.0073,69.3164,30.6763,1.21e-13
620,15,15,6390404.1763,4441.3220,3.157714,0.059224,3.516179,0.0082,30.3683,69.6235,9.77e-14
621,15,15,6392351.0202,4441.3220,3.157847,0.066937,3.516179,0.0086,97.2386,2.7528,8.04e-14
622,15,15,6393009.4044,4441.3220,3.157891,0.085789,3.516171,0.0130,2.7698,97.2173,7.37e-14
623,15,15,6394427.5529,4441.3220,3.157988,0.050780,3.516190,0.0056,98.0250,1.9694,1.27e-13
624,15,15,6394841.0604,4441.3220,3.158016,0.076634,3.516180,0.0100,2.1163,97.8737,8.22e-14
625,15,15,6396032.1166,4441.3220,3.158097,0.058301,3.516190,0.0060,69.6503,30.3437,1.48e-13
626,15,15,6396783.8421,4441.3220,3.158148,0.108916,3.516157,0.0152,30.1048,69.8799,8.32e-14
627,15,15,6398715.8117,4441.3220,3.158279,0.061057,3.516187,0.0076,94.7056,5.2867,8.94e-14
628,15,15,6399491.8154,4441.3220,3.158332,0.094300,3.516173,0.0123,5.3518,94.6360,1.01e-13
629,15,15,6400872.3829,4441.3220,3.158425,0.040099,3.516191,0.0065,96.2953,3.6981,9.78e-14
630,15,15,6401308.6681,4441.3220,3.158455,0.066916,3.516191,0.0079,6.9517,93.0404,9.34e-14
631,15,15,6401711.2698,4441.3220,3.158482,0.061137,3.516178,0.0068,95.6116,4.3816,1.07e-13
632,15,15,6402069.2482,4441.3220,3.158507,0.083868,3.516188,0.0095,1.0982,98.8923,9.45e-14
633,15,15,6403402.7046,4441.3220,3.158597,0.059863,3.516192,0.0069,97.2630,2.7301,1.17e-13
634,15,15,6404414.6230,4441.3220,3.158666,0.087818,3.516182,0.0119,2.7712,97.2169,9.14e-14
635,15,15,6405346.1646,4441.3220,3.158729,0.023544,3.516201,0.0040,63.4846,36.5115,1.42e-13
636,15,15,6406004.0969,4441.3220,3.158774,0.060906,3.516198,0.0079,32.6964,67.2957,8.92e-14
637,15,15,6406196.7582,4441.3220,3.158787,0.083525,3.516180,0.0122,14.3557,85.6321,9.45e-14
638,15,15,6406875.4603,4441.3220,3.158833,0.061073,3.516194,0.0070,41.6508,58.3422,1.02e-13
639,15,15,6407083.3543,4441.3220,3.158847,0.051774,3.516192,0.0066,59.5150,40.4785,1.16e-13
640,15,15,6407319.2716,4441.3220,3.158863,0.041112,3.516198,0.0053,88.1748,11.8199,1.25e-13
641,15,15,6407467.6828,4441.3220,3.158873,0.085977,3.516176,0.0093,39.3345,60.6562,8.71e-14
642,15,15,6407484.3723,4441.3220,3.158874,0.079114,3.516184,0.0118,60.6956,39.2926,1.02e-13
643,15,15,6410320.0683,4441.3220,3.159066,0.037619,3.516199,0.0068,98.1694,1.8238,9.48e-14
644,15,15,6410401.6031,4441.3220,3.159072,0.050447,3.516191,0.0065,1.7591,98.2344,1.08e-13
645,15,15,6411969.7372,4441.3220,3.159178,0.044999,3.516190,0.0065,39.2852,60.7083,1.08e-13
646,15,15,6412109.4091,4441.3220,3.159188,0.070648,3.516182,0.0088,60.7252,39.2660,8.86e-14
647,15,15,6413593.5396,4441.3220,3.159288,0.055990,3.516188,0.0064,60.0568,39.9368,1.05e-13
648,15,15,6413788.6043,4441.3220,3.159302,0.049501,3.516191,0.0072,42.1238,57.8690,8.87e-14
649,15,15,6414217.8408,4441.3220,3.159331,0.053959,3.516184,0.0069,94.4708,5.5223,1.10e-13
650,15,15,6414329.1000,4441.3220,3.159338,0.055541,3.516193,0.0065,3.7247,96.2688,8.81e-14
651,15,15,6416102.7748,4441.3220,3.159458,0.094159,3.516171,0.0121,93.4793,6.5086,1.06e-13
652,15,15,6416521.9462,4441.3220,3.159487,0.058516,3.516185,0.0111,6.2548,93.7341,1.16e-13
653,15,15,6417000.7981,4441.3220,3.159519,0.061820,3.516181,0.0102,47.0880,52.9017,8.77e-14
654,15,15,6417626.4456,4441.3220,3.159562,0.073251,3.516192,0.0085,52.8604,47.1311,7.54e-14
655,15,15,6417864.1704,4441.3220,3.159578,0.042524,3.516194,0.0050,94.0525,5.9425,1.19e-13
656,15,15,6418354.3717,4441.3220,3.159611,0.051140,3.516200,0.0067,6.1954,93.7979,9.06e-14
657,15,15,6418583.8149,4441.3220,3.159626,0.062826,3.516195,0.0084,17.9003,82.0913,8.49e-14
658,15,15,6418662.9457,4441.3220,3.159632,0.051882,3.516194,0.0089,81.8294,18.1618,8.20e-14
659,15,15,6421464.4416,4441.3220,3.159821,0.038023,3.516195,0.0068,15.4525,84.5407,1.01e-13
660,15,15,6422051.4249,4441.3220,3.159861,0.057872,3.516186,0.0085,49.8476,50.1439,9.56e-14
661,15,15,6422116.1189,4441.3220,3.159865,0.070224,3.516194,0.0094,52.2723,47.7182,1.14e-13
662,15,15,6422334.2043,4441.3220,3.159880,0.088307,3.516175,0.0131,81.6264,18.3605,8.28e-14
663,15,15,6422881.1141,4441.3220,3.159917,0.040467,3.516190,0.0066,16.2609,83.7326,1.01e-13
664,15,15,6423497.8703,4441.3220,3.159959,0.073179,3.516177,0.0106,84.3787,15.6107,7.99e-14
665,15,15,6424340.9136,4441.3220,3.160016,0.035517,3.516196,0.0061,66.5344,33.4595,1.31e-13
666,15,15,6424860.0530,4441.3220,3.160051,0.071604,3.516176,0.0087,34.2068,65.7845,9.44e-14
667,15,15,6425598.5108,4441.3220,3.160101,0.049579,3.516192,0.0060,6.0685,93.9255,1.15e-13
668,15,15,6425744.9592,4441.3220,3.160111,0.065206,3.516181,0.0085,96.0907,3.9008,1.06e-13
669,15,15,6425984.6550,4441.3220,3.160127,0.038529,3.516200,0.0051,94.7679,5.2270,1.17e-13
670,15,15,6426487.0465,4441.3220,3.160161,0.040265,3.516187,0.0063,8.0562,91.9375,1.02e-13
671,15,15,6426883.8857,4441.3220,3.160188,0.058126,3.516191,0.0066,20.7706,79.2229,1.01e-13
672,15,15,6427247.5409,4441.3220,3.160213,0.054776,3.516192,0.0074,82.6201,17.3725,9.25e-14
673,15,15,6427395.8689,4441.3220,3.160223,0.064676,3.516188,0.0074,79.7361,20.2565,1.00e-13
674,15,15,6427492.2601,4441.3220,3.160229,0.051475,3.516191,0.0073,11.6095,88.3832,1.10e-13
675,15,15,6428259.4469,4441.3220,3.160281,0.051836,3.516184,0.0071,91.9735,8.0194,9.59e-14
676,15,15,6428475.3370,4441.3220,3.160296,0.066229,3.516184,0.0077,8.1613,91.8310,1.04e-13
677,15,15,6429123.4734,4441.3220,3.160339,0.044477,3.516197,0.0064,42.0286,57.9650,1.02e-13
678,15,15,6429370.0734,4441.3220,3.160356,0.063447,3.516187,0.0072,57.2657,42.7271,1.12e-13
679,15,15,6430725.1192,4441.3220,3.160448,0.031155,3.516198,0.0053,2.4297,97.5651,1.02e-13
680,15,15,6431003.5666,4441.3220,3.160466,0.070726,3.516186,0.0080,97.5354,2.4567,9.87e-14
681,15,15,6432251.8832,4441.3220,3.160551,0.045962,3.516187,0.0051,0.9667,99.0282,1.11e-13
682,15,15,6432757.8667,4441.3220,3.160585,0.050734,3.516187,0.0078,79.0005,20.9917,1.15e-13
683,15,15,6432893.6984,4441.3220,3.160594,0.066135,3.516182,0.0079,27.3590,72.6331,9.22e-14
684,15,15,6433456.1074,4441.3220,3.160632,0.072402,3.516184,0.0101,91.1968,8.7931,1.02e-13
685,15,15,6434388.7465,4441.3220,3.160695,0.036030,3.516196,0.0056,4.1021,95.8923,1.09e-13
686,15,15,6434820.2190,4441.3220,3.160724,0.055706,3.516187,0.0081,97.2679,2.7240,8.75e-14
687,15,15,6434954.6927,4441.3220,3.160733,0.042452,3.516190,0.0061,16.2259,83.7680,1.04e-13
688,15,15,6435128.4011,4441.3220,3.160745,0.057104,3.516197,0.0072,83.7948,16.1980,9.01e-14
689,15,15,6436034.5521,4441.3220,3.160806,0.056984,3.516195,0.0064,60.0949,39.8987,1.16e-13
690,15,15,6436333.5435,4441.3220,3.160826,0.059264,3.516195,0.0092,40.4419,59.5490,1.23e-13
691,15,15,6436657.7261,4441.3220,3.160848,0.041399,3.516191,0.0059,14.2389,85.7552,1.03e-13
692,15,15,6437080.7537,4441.3220,3.160877,0.099983,3.516174,0.0112,85.2113,14.7775,9.03e-14
693,15,15,6437511.6183,4441.3220,3.160906,0.045324,3.516183,0.0067,12.0038,87.9896,1.01e-13
694,15,15,6437996.8689,4441.3220,3.160939,0.086563,3.516180,0.0108,83.0956,16.8936,7.44e-14
695,15,15,6438188.1476,4441.3220,3.160952,0.048597,3.516191,0.0063,21.6627,78.3311,1.20e-13
696,15,15,6438420.7013,4441.3220,3.160967,0.061637,3.516178,0.0077,82.5132,17.4791,9.71e-14
697,15,15,6438790.4961,4441.3220,3.160992,0.055706,3.516191,0.0058,15.8560,84.1382,1.39e-13
698,15,15,6439190.9105,4441.3220,3.161019,0.049111,3.516198,0.0088,85.1150,14.8762,9.68e-14
699,15,15,6439782.4359,4441.3220,3.161059,0.040925,3.516193,0.0054,98.4512,1.5434,1.17e-13
700,15,15,6440332.5370,4441.3220,3.161096,0.065261,3.516189,0.0092,1.5200,98.4708,9.34e-14
701,15,15,6440966.2154,4441.3220,3.161139,0.061696,3.516186,0.0078,19.4397,80.5526,1.21e-13
702,15,15,6441013.4646,4441.3220,3.161142,0.061287,3.516194,0.0068,80.4553,19.5379,9.88e-14
703,15,15,6442297.0787,4441.3220,3.161229,0.053809,3.516190,0.0059,97.1039,2.8902,9.87e-14
704,15,15,6442368.3352,4441.3220,3.161234,0.060728,3.516181,0.0080,3.0098,96.9822,8.47e-14
705,15,15,6442938.2239,4441.3220,3.161272,0.046646,3.516191,0.0067,13.1475,86.8457,1.07e-13
706,15,15,6442990.4490,4441.3220,3.161276,0.059940,3.516185,0.0073,65.7879,34.2048,1.18e-13
707,15,15,6443228.0004,4441.3220,3.161292,0.059102,3.516192,0.0076,32.7456,67.2468,9.02e-14
708,15,15,6443281.3990,4441.3220,3.161295,0.064705,3.516187,0.0082,86.9294,13.0624,1.16e-13
709,15,15,6443674.9289,4441.3220,3.161322,0.053965,3.516193,0.0065,1.4088,98.5847,9.50e-14
710,15,15,6443965.2632,4441.3220,3.161342,0.047151,3.516196,0.0065,98.8168,1.1766,1.06e-13
711,15,15,6444383.4768,4441.3220,3.161370,0.069533,3.516188,0.0081,11.0913,88.9007,9.62e-14
712,15,15,6444434.6830,4441.3220,3.161373,0.074931,3.516185,0.0079,89.1123,10.8798,9.90e-14
713,15,15,6444743.3379,4441.3220,3.161394,0.065603,3.516196,0.0085,3.6756,96.3160,1.14e-13
714,15,15,6445009.3837,4441.3220,3.161412,0.055075,3.516185,0.0075,90.6267,9.3657,1.08e-13
715,15,15,6445127.7082,4441.3220,3.161420,0.061954,3.516194,0.0075,7.3482,92.6443,1.13e-13
716,15,15,6445587.8574,4441.3220,3.161451,0.076787,3.516186,0.0109,98.5390,1.4502,9.67e-14
717,15,15,6445968.8792,4441.3220,3.161477,0.046043,3.516194,0.0069,51.5703,48.4228,1.38e-13
718,15,15,6446241.3196,4441.3220,3.161495,0.051747,3.516191,0.0061,5.8695,94.1244,8.84e-14
719,15,15,6446414.3677,4441.3220,3.161507,0.074463,3.516186,0.0097,45.0861,54.9042,1.20e-13
720,15,15,6446763.6786,4441.3220,3.161530,0.068160,3.516183,0.0093,98.0108,1.9799,9.00e-14
721,15,15,6447798.6065,4441.3220,3.161600,0.039926,3.516193,0.0053,1.0941,98.9006,1.19e-13
722,15,15,6448123.6568,4441.3220,3.161622,0.057746,3.516193,0.0073,98.3491,1.6436,1.07e-13
723,15,15,6448496.3586,4441.3220,3.161647,0.046934,3.516190,0.0054,41.9213,58.0732,1.22e-13
724,15,15,6448626.9445,4441.3220,3.161656,0.049686,3.516192,0.0061,58.1146,41.8793,1.14e-13
725,15,15,6449033.5127,4441.3220,3.161683,0.052474,3.516188,0.0062,1.5215,98.4723,1.22e-13
726,15,15,6449358.4151,4441.3220,3.161705,0.054382,3.516181,0.0064,91.0252,8.9684,1.20e-13
727,15,15,6449516.4878,4441.3220,3.161716,0.051780,3.516188,0.0075,81.5611,18.4314,1.10e-13
728,15,15,6449578.3868,4441.3220,3.161720,0.047050,3.516190,0.0062,22.5180,77.4758,1.02e-13
729,15,15,6449625.6026,4441.3220,3.161723,0.060831,3.516195,0.0078,5.7051,94.2871,1.17e-13
730,15,15,6449798.9355,4441.3220,3.161735,0.048189,3.516185,0.0069,98.1390,1.8541,1.13e-13
731,15,15,6450127.9336,4441.3220,3.161757,0.058354,3.516189,0.0062,2.9973,96.9965,1.06e-13
732,15,15,6450339.7945,4441.3220,3.161771,0.065513,3.516187,0.0067,96.5161,3.4771,1.17e-13
733,15,15,6450791.3482,4441.3220,3.161802,0.052058,3.516190,0.0068,1.2110,98.7822,1.10e-13
734,15,15,6451111.0360,4441.3220,3.161823,0.067605,3.516180,0.0085,98.8314,1.1601,9.84e-14
735,15,15,6452260.9326,4441.3220,3.161901,0.049470,3.516184,0.0053,1.6668,98.3280,1.24e-13
736,15,15,6452319.3113,4441.3220,3.161905,0.048561,3.516188,0.0051,99.1713,0.8236,1.33e-13
737,15,15,6452850.8083,4441.3220,3.161940,0.032662,3.516197,0.0048,22.8346,77.1607,1.14e-13
738,15,15,6453273.1166,4441.3220,3.161969,0.042486,3.516197,0.0057,34.4495,65.5447,1.23e-13
739,15,15,6453356.4481,4441.3220,3.161974,0.056856,3.516196,0.0079,52.7362,47.2560,1.09e-13
740,15,15,6453568.3196,4441.3220,3.161989,0.041792,3.516194,0.0053,24.6459,75.3489,8.71e-14
741,15,15,6453769.9347,4441.3220,3.162002,0.055567,3.516193,0.0068,69.2472,30.7460,1.18e-13
742,15,15,6453941.9093,4441.3220,3.162014,0.060329,3.516184,0.0069,31.0023,68.9907,1.12e-13
743,15,15,6454149.5938,4441.3220,3.162028,0.070450,3.516187,0.0079,17.0753,82.9168,1.25e-13
744,15,15,6454277.3137,4441.3220,3.162036,0.065459,3.516181,0.0086,74.5303,25.4611,1.00e-13
745,15,15,6454286.7389,4441.3220,3.162037,0.072317,3.516194,0.0097,82.7860,17.2043,9.31e-14
746,15,15,6454506.6373,4441.3220,3.162052,0.080594,3.516176,0.0095,83.5138,16.4767,1.22e-13
747,15,15,6454611.8410,4441.3220,3.162059,0.042330,3.516194,0.0068,31.7021,68.2911,1.02e-13
748,15,15,6454917.0122,4441.3220,3.162079,0.073667,3.516182,0.0096,73.8973,26.0930,1.05e-13
749,15,15,6455483.8201,4441.3220,3.162118,0.034709,3.516194,0.0048,76.5857,23.4095,1.28e-13
750,15,15,6455723.3055,4441.3220,3.162134,0.049347,3.516198,0.0069,26.1066,73.8865,1.01e-13
751,15,15,6455929.4043,4441.3220,3.162148,0.048355,3.516190,0.0053,11.0652,88.9295,1.29e-13
752,15,15,6456200.0203,4441.3220,3.162166,0.049744,3.516193,0.0068,68.5498,31.4434,9.71e-14
753,15,15,6456289.1914,4441.3220,3.162172,0.047030,3.516189,0.0058,95.4558,4.5384,1.33e-13
754,15,15,6456327.6541,4441.3220,3.162174,0.058598,3.516192,0.0067,16.7667,83.2265,1.07e-13
755,15,15,6456611.7883,4441.3220,3.162194,0.056807,3.516186,0.0068,10.8988,89.0944,1.05e-13
756,15,15,6456786.7915,4441.3220,3.162205,0.066342,3.516194,0.0072,23.0068,76.9859,1.10e-13
757,15,15,6456898.9056,4441.3220,3.162213,0.061993,3.516195,0.0074,79.2437,20.7489,1.16e-13
758,15,15,6457074.9616,4441.3220,3.162225,0.054797,3.516192,0.0070,91.0461,8.9469,1.08e-13
759,15,15,6457366.3083,4441.3220,3.162244,0.034010,3.516194,0.0038,11.1780,88.8181,1.23e-13
760,15,15,6457535.8488,4441.3220,3.162256,0.030404,3.516200,0.0041,16.7569,83.2391,1.31e-13
761,15,15,6457761.9423,4441.3220,3.162271,0.041756,3.516197,0.0047,95.1898,4.8054,1.48e-13
762,15,15,6457958.7787,4441.3220,3.162284,0.050717,3.516190,0.0073,67.1310,32.8617,1.09e-13
763,15,15,6458087.2461,4441.3220,3.162293,0.047191,3.516190,0.0058,29.3630,70.6311,1.28e-13
764,15,15,6458193.5667,4441.3220,3.162300,0.058273,3.516190,0.0064,67.9534,32.0402,9.84e-14
765,15,15,6458436.4166,4441.3220,3.162316,0.053800,3.516198,0.0073,22.6695,77.3233,1.14e-13
766,15,15,6458536.8246,4441.3220,3.162323,0.048789,3.516199,0.0059,91.2335,8.7605,1.03e-13
767,15,15,6458764.0788,4441.3220,3.162338,0.032742,3.516204,0.0042,8.2458,91.7500,1.25e-13
768,15,15,6458959.8628,4441.3220,3.162352,0.042446,3.516194,0.0057,69.6285,30.3658,1.15e-13
769,15,15,6459108.5109,4441.3220,3.162362,0.043671,3.516197,0.0057,26.4237,73.5706,1.00e-13
770,15,15,6459398.9199,4441.3220,3.162381,0.048711,3.516190,0.0056,23.4692,76.5252,1.22e-13
771,15,15,6459441.6365,4441.3220,3.162384,0.046619,3.516187,0.0063,75.9882,24.0055,1.14e-13
772,15,15,6459647.9830,4441.3220,3.162398,0.049783,3.516191,0.0056,19.0905,80.9039,1.13e-13
773,15,15,6459861.5228,4441.3220,3.162412,0.092287,3.516178,0.0110,85.5953,14.3937,9.98e-14
774,15,15,6460015.6147,4441.3220,3.162423,0.060732,3.516183,0.0082,90.6341,9.3577,1.04e-13
775,15,15,6460714.0693,4441.3220,3.162470,0.052897,3.516198,0.0075,74.6852,25.3073,1.10e-13
776,15,15,6460920.3610,4441.3220,3.162483,0.034541,3.516202,0.0042,79.4725,20.5233,1.37e-13
777,15,15,6460928.4072,4441.3220,3.162484,0.050077,3.516191,0.0057,23.2092,76.7852,1.22e-13
778,15,15,6461127.8652,4441.3220,3.162497,0.048808,3.516183,0.0056,23.8538,76.1406,1.43e-13
779,15,15,6461296.3522,4441.3220,3.162509,0.055529,3.516191,0.0059,26.9475,73.0466,1.09e-13
780,15,15,6461482.8900,4441.3220,3.162521,0.056525,3.516191,0.0073,73.4572,26.5355,1.11e-13
781,15,15,6461716.6898,4441.3220,3.162537,0.045821,3.516185,0.0064,7.0080,92.9856,1.15e-13
782,15,15,6461724.4653,4441.3220,3.162538,0.059733,3.516189,0.0079,92.3364,7.6558,1.02e-13
783,15,15,6461914.2112,4441.3220,3.162550,0.038883,3.516197,0.0051,7.1147,92.8802,1.32e-13
784,15,15,6462055.0411,4441.3220,3.162560,0.056076,3.516193,0.0064,78.4479,21.5457,1.19e-13
785,15,15,6462168.8522,4441.3220,3.162567,0.042119,3.516202,0.0053,43.4460,56.5487,1.28e-13
786,15,15,6462378.5110,4441.3220,3.162582,0.045068,3.516195,0.0060,68.3314,31.6626,1.26e-13
787,15,15,6462513.2907,4441.3220,3.162591,0.041563,3.516197,0.0053,75.0103,24.9844,1.37e-13
788,15,15,6462591.1486,4441.3220,3.162596,0.055397,3.516185,0.0060,28.3530,71.6410,1.23e-13
789,15,15,6462884.2432,4441.3220,3.162616,0.031545,3.516197,0.0047,7.1096,92.8857,1.30e-13
790,15,15,6463009.7136,4441.3220,3.162624,0.049921,3.516194,0.0065,35.8632,64.1303,1.08e-13
791,15,15,6463105.8158,4441.3220,3.162630,0.046530,3.516193,0.0063,58.0918,41.9019,1.29e-13
792,15,15,6463146.7872,4441.3220,3.162633,0.049716,3.516193,0.0065,14.5340,85.4595,1.13e-13
793,15,15,6463380.9649,4441.3220,3.162649,0.064579,3.516186,0.0070,85.3193,14.6737,9.93e-14
794,15,15,6463623.1135,4441.3220,3.162665,0.096630,3.516174,0.0125,95.7269,4.2606,9.19e-14
795,15,15,6463853.5159,4441.3220,3.162681,0.047978,3.516189,0.0060,14.2951,85.6989,1.20e-13
796,15,15,6463862.7183,4441.3220,3.162681,0.052055,3.516190,0.0065,86.9965,12.9971,1.19e-13
797,15,15,6464108.5374,4441.3220,3.162698,0.049622,3.516182,0.0059,79.8714,20.1227,1.20e-13
798,15,15,6464228.0011,4441.3220,3.162706,0.052397,3.516187,0.0065,25.1613,74.8322,1.23e-13
799,15,15,6464448.8414,4441.3220,3.162721,0.030322,3.516191,0.0047,50.8540,49.1413,1.09e-13
800,15,15,6464499.1953,4441.3220,3.162724,0.059593,3.516192,0.0073,45.0320,54.9607,1.15e-13
801,15,15,6464783.7951,4441.3220,3.162743,0.045666,3.516189,0.0048,11.7950,88.2003,1.18e-13
802,15,15,6464961.6372,4441.3220,3.162755,0.032306,3.516195,0.0046,49.1023,50.8930,1.38e-13
803,15,15,6465077.4821,4441.3220,3.162763,0.055332,3.516189,0.0056,80.6874,19.3069,1.35e-13
804,15,15,6465183.0076,4441.3220,3.162770,0.056374,3.516189,0.0068,54.4577,45.5355,1.14e-13
805,15,15,6465249.7784,4441.3220,3.162775,0.036945,3.516196,0.0060,71.1662,28.8278,1.33e-13
806,15,15,6465571.3053,4441.3220,3.162796,0.055843,3.516189,0.0076,32.3196,67.6728,1.11e-13
807,15,15,6465673.2384,4441.3220,3.162803,0.050128,3.516192,0.0053,9.5552,90.4395,1.49e-13
808,15,15,6465878.5754,4441.3220,3.162817,0.041424,3.516190,0.0049,47.4575,52.5376,1.11e-13
809,15,15,6465942.0664,4441.3220,3.162821,0.060974,3.516188,0.0077,65.4938,34.4985,1.19e-13
810,15,15,6466040.3827,4441.3220,3.162828,0.073832,3.516184,0.0102,62.6657,37.3241,1.07e-13
811,15,15,6466116.4626,4441.3220,3.162833,0.063323,3.516190,0.0067,20.4019,79.5914,1.09e-13
812,15,15,6466268.3643,4441.3220,3.162843,0.061327,3.516186,0.0074,70.5175,29.4751,9.20e-14
813,15,15,6466314.2112,4441.3220,3.162846,0.045858,3.516194,0.0062,29.3447,70.6491,1.23e-13
814,15,15,6466514.4646,4441.3220,3.162860,0.041882,3.516193,0.0060,46.2736,53.7204,1.25e-13
815,15,15,6466581.8808,4441.3220,3.162864,0.058202,3.516192,0.0067,70.7067,29.2866,1.41e-13
816,15,15,6466651.7234,4441.3220,3.162869,0.052581,3.516192,0.0070,44.1770,55.8160,1.02e-13
817,15,15,6466705.2736,4441.3220,3.162872,0.047477,3.516200,0.0067,44.9002,55.0930,1.23e-13
818,15,15,6466950.1783,4441.3220,3.162889,0.053700,3.516185,0.0065,90.5127,9.4808,1.04e-13
819,15,15,6467129.6972,4441.3220,3.162901,0.043751,3.516186,0.0068,5.8647,94.1285,1.10e-13
820,15,15,6467321.9844,4441.3220,3.162914,0.068825,3.516188,0.0083,86.8360,13.1557,1.11e-13
821,15,15,6467425.2578,4441.3220,3.162921,0.058104,3.516189,0.0067,39.0900,60.9033,1.22e-13
822,15,15,6467446.3284,4441.3220,3.162922,0.055492,3.516187,0.0068,62.1370,37.8562,1.17e-13
823,15,15,6467613.6573,4441.3220,3.162933,0.037878,3.516191,0.0048,7.0963,92.8989,1.13e-13
824,15,15,6467701.1929,4441.3220,3.162939,0.044653,3.516193,0.0072,80.0631,19.9297,1.41e-13
825,15,15,6467745.6126,4441.3220,3.162942,0.061506,3.516189,0.0073,88.1297,11.8630,1.28e-13
826,15,15,6467993.8261,4441.3220,3.162959,0.061988,3.516186,0.0086,29.8613,70.1301,1.05e-13
827,15,15,6468040.5501,4441.3220,3.162962,0.058577,3.516193,0.0071,20.0884,79.9045,1.15e-13
828,15,15,6468221.7859,4441.3220,3.162974,0.052529,3.516198,0.0070,73.9705,26.0225,1.11e-13
829,15,15,6468337.1894,4441.3220,3.162982,0.051195,3.516194,0.0048,13.4776,86.5176,1.26e-13
830,15,15,6468598.9595,4441.3220,3.163000,0.052647,3.516203,0.0076,79.7347,20.2576,1.08e-13
831,15,15,6468801.4490,4441.3220,3.163013,0.025717,3.516196,0.0050,44.1186,55.8764,1.26e-13
832,15,15,6468826.1115,4441.3220,3.163015,0.036125,3.516194,0.0046,87.2819,12.7135,1.48e-13
833,15,15,6468895.1117,4441.3220,3.163020,0.047103,3.516195,0.0065,26.7262,73.2673,1.27e-13
834,15,15,6468990.4372,4441.3220,3.163026,0.037466,3.516194,0.0055,62.2172,37.7772,1.31e-13
835,15,15,6469033.5861,4441.3220,3.163029,0.051776,3.516190,0.0057,52.6500,47.3443,1.22e-13
836,15,15,6469213.7223,4441.3220,3.163041,0.046732,3.516196,0.0054,48.8371,51.1575,1.07e-13
837,15,15,6469438.2123,4441.3220,3.163056,0.052124,3.516195,0.0069,64.0927,35.9003,9.81e-14
838,15,15,6469605.8754,4441.3220,3.163067,0.046363,3.516196,0.0060,30.6746,69.3194,1.17e-13
839,15,15,6469695.8912,4441.3220,3.163073,0.042601,3.516190,0.0051,85.4272,14.5677,1.45e-13
840,15,15,6469723.6063,4441.3220,3.163075,0.048693,3.516192,0.0055,77.9734,22.0210,1.10e-13
841,15,15,6469788.1640,4441.3220,3.163080,0.048222,3.516187,0.0070,29.5865,70.4064,1.15e-13
842,15,15,6470087.4441,4441.3220,3.163100,0.038988,3.516188,0.0048,6.6411,93.3541,1.28e-13
843,15,15,6470120.0602,4441.3220,3.163102,0.051256,3.516193,0.0058,18.7417,81.2525,1.45e-13
844,15,15,6470202.9844,4441.3220,3.163107,0.042596,3.516195,0.0065,34.1978,65.7957,1.25e-13
845,15,15,6470259.0315,4441.3220,3.163111,0.049866,3.516193,0.0068,55.3643,44.6289,1.29e-13
846,15,15,6470365.4139,4441.3220,3.163118,0.050810,3.516190,0.0057,69.1741,30.8202,1.09e-13
847,15,15,6470453.9977,4441.3220,3.163124,0.055336,3.516188,0.0067,33.8446,66.1487,1.12e-13
848,15,15,6470568.8937,4441.3220,3.163132,0.038759,3.516192,0.0044,18.1756,81.8200,1.34e-13
849,15,15,6470664.5750,4441.3220,3.163138,0.036749,3.516196,0.0055,73.9482,26.0463,1.29e-13
850,15,15,6470750.5570,4441.3220,3.163144,0.061065,3.516189,0.0061,21.5176,78.4763,1.39e-13
851,15,15,6470822.6914,4441.3220,3.163149,0.042137,3.516190,0.0065,83.5644,16.4290,1.01e-13
852,15,15,6470968.4145,4441.3220,3.163159,0.112916,3.516170,0.0159,83.8787,16.1054,1.08e-13
853,15,15,6471050.1083,4441.3220,3.163164,0.053174,3.516190,0.0058,80.2603,19.7339,1.25e-13
854,15,15,6471132.6652,4441.3220,3.163170,0.033770,3.516193,0.0049,28.6571,71.3380,1.24e-13
855,15,15,6471157.9124,4441.3220,3.163172,0.045321,3.516194,0.0058,69.4786,30.5156,1.26e-13
856,15,15,6471211.5659,4441.3220,3.163175,0.049795,3.516189,0.0060,11.3573,88.6367,1.44e-13
857,15,15,6471284.3964,4441.3220,3.163180,0.062378,3.516193,0.0080,20.9236,79.0684,1.06e-13
858,15,15,6471397.8553,4441.3220,3.163188,0.046840,3.516193,0.0063,90.9260,9.0677,1.39e-13
859,15,15,6471462.3570,4441.3220,3.163192,0.045706,3.516195,0.0055,9.9013,90.0932,1.22e-13
860,15,15,6471618.4357,4441.3220,3.163202,0.036014,3.516194,0.0044,18.4975,81.4981,1.47e-13
861,15,15,6471714.9415,4441.3220,3.163209,0.045849,3.516190,0.0065,77.6654,22.3281,1.11e-13
862,15,15,6471812.1721,4441.3220,3.163216,0.051805,3.516193,0.0059,84.9806,15.0135,1.12e-13
863,15,15,6471836.1864,4441.3220,3.163217,0.053998,3.516184,0.0063,28.6138,71.3799,1.19e-13
864,15,15,6471925.8267,4441.3220,3.163223,0.055328,3.516190,0.0076,75.1518,24.8407,9.83e-14
865,15,15,6472214.9978,4441.3220,3.163243,0.033201,3.516195,0.0048,26.7969,73.1983,1.30e-13
866,15,15,6472296.8892,4441.3220,3.163248,0.048781,3.516192,0.0066,13.5824,86.4110,1.28e-13
867,15,15,6472375.1607,4441.3220,3.163253,0.045219,3.516191,0.0056,89.6605,10.3339,1.17e-13
868,15,15,6472462.2506,4441.3220,3.163259,0.047217,3.516192,0.0058,78.0864,21.9078,1.25e-13
869,15,15,6472574.9568,4441.3220,3.163267,0.047626,3.516187,0.0063,22.6044,77.3893,9.41e-14
870,15,15,6472646.0593,4441.3220,3.163271,0.064068,3.516191,0.0077,67.2249,32.7674,1.30e-13
871,15,15,6472754.1195,4441.3220,3.163279,0.062755,3.516186,0.0074,10.8679,89.1247,1.04e-13
872,15,15,6472844.5858,4441.3220,3.163285,0.052608,3.516188,0.0062,50.3957,49.5982,1.33e-13
873,15,15,6472927.8101,4441.3220,3.163290,0.066754,3.516184,0.0076,59.6017,40.3907,1.27e-13
874,15,15,6473012.0847,4441.3220,3.163296,0.038841,3.516197,0.0048,37.2565,62.7388,1.10e-13
875,15,15,6473121.6924,4441.3220,3.163303,0.040786,3.516193,0.0050,45.8050,54.1900,9.95e-14
876,15,15,6473132.3059,4441.3220,3.163304,0.038506,3.516197,0.0053,70.5078,29.4869,1.52e-13
877,15,15,6473149.9323,4441.3220,3.163305,0.035785,3.516196,0.0047,54.8925,45.1027,1.41e-13
878,15,15,6473327.8362,4441.3220,3.163317,0.042579,3.516196,0.0054,91.0181,8.9765,1.21e-13
879,15,15,6473431.7965,4441.3220,3.163324,0.043450,3.516193,0.0058,74.7366,25.2576,1.13e-13
880,15,15,6473561.5733,4441.3220,3.163333,0.036418,3.516193,0.0059,83.6709,16.3232,1.34e-13
881,15,15,6473596.1759,4441.3220,3.163335,0.043378,3.516189,0.0060,22.3124,77.6815,1.06e-13
882,15,15,6473704.3481,4441.3220,3.163343,0.036605,3.516192,0.0057,44.6968,55.2976,1.20e-13
883,15,15,6473787.0635,4441.3220,3.163348,0.055524,3.516188,0.0067,25.1114,74.8819,1.22e-13
884,15,15,6473809.9360,4441.3220,3.163350,0.037440,3.516190,0.0055,36.5961,63.3984,1.24e-13
885,15,15,6473871.7561,4441.3220,3.163354,0.052097,3.516187,0.0061,78.6453,21.3486,9.42e-14
886,15,15,6473898.9534,4441.3220,3.163356,0.047391,3.516193,0.0075,18.2426,81.7499,1.16e-13
887,15,15,6474048.0240,4441.3220,3.163366,0.037019,3.516196,0.0043,21.4237,78.5720,1.19e-13
888,15,15,6474179.6591,4441.3220,3.163374,0.044422,3.516197,0.0063,92.8912,7.1025,9.65e-14
889,15,15,6474287.3879,4441.3220,3.163382,0.041668,3.516194,0.0061,15.6000,84.3940,1.51e-13
890,15,15,6474313.3391,4441.3220,3.163383,0.055057,3.516191,0.0066,64.2991,35.6943,1.34e-13
891,15,15,6474361.0133,4441.3220,3.163387,0.039061,3.516199,0.0046,16.9170,83.0784,1.21e-13
892,15,15,6474523.2093,4441.3220,3.163398,0.038804,3.516200,0.0054,83.5659,16.4287,1.27e-13
893,15,15,6474614.8047,4441.3220,3.163404,0.040849,3.516196,0.0052,41.7460,58.2487,1.11e-13
894,15,15,6474677.3962,4441.3220,3.163408,0.049059,3.516189,0.0054,55.0704,44.9242,1.34e-13
895,15,15,6474817.7785,4441.3220,3.163417,0.047310,3.516193,0.0051,24.9777,75.0172,1.35e-13
896,15,15,6474860.7265,4441.3220,3.163420,0.048462,3.516192,0.0053,71.6691,28.3257,1.15e-13
897,15,15,6474931.8649,4441.3220,3.163425,0.036407,3.516198,0.0045,43.3992,56.5963,1.45e-13
898,15,15,6474964.3972,4441.3220,3.163427,0.049376,3.516191,0.0051,17.1928,82.8021,1.04e-13
899,15,15,6475076.2522,4441.3220,3.163435,0.041489,3.516192,0.0055,69.8744,30.1201,1.38e-13
900,15,15,6475123.9795,4441.3220,3.163438,0.036244,3.516194,0.0045,14.7151,85.2805,1.29e-13
901,15,15,6475208.5705,4441.3220,3.163444,0.039669,3.516198,0.0047,82.7836,17.2116,1.20e-13
902,15,15,6475306.7576,4441.3220,3.163450,0.045916,3.516193,0.0053,24.7438,75.2509,1.06e-13
903,15,15,6475391.8603,4441.3220,3.163456,0.044205,3.516192,0.0052,62.8894,37.1053,1.23e-13
904,15,15,6475399.4235,4441.3220,3.163456,0.039364,3.516195,0.0044,58.8145,41.1811,1.25e-13
905,15,15,6475446.0444,4441.3220,3.163459,0.039792,3.516194,0.0056,36.5694,63.4250,1.47e-13
906,15,15,6475593.2234,4441.3220,3.163469,0.047288,3.516191,0.0064,68.6882,31.3054,1.18e-13
907,15,15,6475627.4703,4441.3220,3.163472,0.052549,3.516194,0.0066,67.2213,32.7721,1.23e-13
908,15,15,6475655.5065,4441.3220,3.163474,0.056518,3.516190,0.0072,70.6994,29.2934,1.20e-13
909,15,15,6475700.1653,4441.3220,3.163477,0.033390,3.516195,0.0045,42.2109,57.7846,1.24e-13
910,15,15,6475707.9446,4441.3220,3.163477,0.038387,3.516194,0.0057,35.2520,64.7423,1.13e-13
911,15,15,6475744.6256,4441.3220,3.163479,0.054735,3.516185,0.0071,51.9240,48.0690,1.16e-13
912,15,15,6475776.8759,4441.3220,3.163482,0.039142,3.516195,0.0044,62.1730,37.8226,1.60e-13
913,15,15,6475832.2447,4441.3220,3.163485,0.053789,3.516193,0.0057,50.7678,49.2265,1.07e-13
914,15,15,6475897.4232,4441.3220,3.163490,0.044151,3.516190,0.0047,41.2535,58.7418,1.40e-13
915,15,15,6475913.9563,4441.3220,3.163491,0.042584,3.516194,0.0060,55.2092,44.7848,1.20e-13
916,15,15,6475949.3137,4441.3220,3.163493,0.050102,3.516196,0.0058,38.7840,61.2101,1.22e-13
917,15,15,6476003.5082,4441.3220,3.163497,0.046992,3.516192,0.0056,53.4176,46.5769,1.32e-13
918,15,15,6476062.5632,4441.3220,3.163501,0.039088,3.516197,0.0049,53.6198,46.3753,1.56e-13
919,15,15,6476113.6756,4441.3220,3.163504,0.034170,3.516195,0.0048,31.4181,68.5771,1.46e-13
920,15,15,6476145.0516,4441.3220,3.163506,0.049844,3.516189,0.0069,48.4832,51.5099,1.25e-13
921,15,15,6476219.7881,4441.3220,3.163511,0.047639,3.516193,0.0056,49.6929,50.3015,1.35e-13
922,15,15,6476242.1280,4441.3220,3.163513,0.057415,3.516191,0.0075,80.5081,19.4845,1.03e-13
923,15,15,6476291.8951,4441.3220,3.163516,0.037359,3.516194,0.0043,17.6422,82.3535,1.47e-13
924,15,15,6476314.0584,4441.3220,3.163518,0.042730,3.516191,0.0050,32.5797,67.4153,1.21e-13
925,15,15,6476351.5573,4441.3220,3.163520,0.059096,3.516189,0.0071,79.3705,20.6224,9.91e-14
926,15,15,6476404.9554,4441.3220,3.163524,0.043951,3.516193,0.0058,32.8847,67.1094,1.43e-13
927,15,15,6476443.0949,4441.3220,3.163526,0.041894,3.516189,0.0051,43.9219,56.0729,1.19e-13
928,15,15,6476473.4410,4441.3220,3.163528,0.042786,3.516193,0.0052,27.9700,72.0248,1.35e-13
929,15,15,6476522.7036,4441.3220,3.163532,0.049684,3.516189,0.0059,32.5846,67.4095,1.36e-13
930,15,15,6476558.1906,4441.3220,3.163534,0.051438,3.516193,0.0060,85.1479,14.8462,1.38e-13
931,15,15,6476608.5628,4441.3220,3.163537,0.059141,3.516189,0.0067,64.6184,35.3749,9.41e-14
932,15,15,6476646.0206,4441.3220,3.163540,0.054587,3.516190,0.0072,52.2123,47.7805,1.33e-13
933,15,15,6476741.2064,4441.3220,3.163546,0.036084,3.516196,0.0043,72.3612,27.6345,1.35e-13
934,15,15,6476776.1736,4441.3220,3.163549,0.052372,3.516197,0.0072,44.3027,55.6901,1.30e-13
935,15,15,6476813.2808,4441.3220,3.163551,0.045703,3.516198,0.0055,63.7533,36.2411,1.18e-13
936,15,15,6476894.7433,4441.3220,3.163557,0.055567,3.516188,0.0073,66.1728,33.8199,1.18e-13
937,15,15,6476939.6305,4441.3220,3.163560,0.043307,3.516196,0.0052,68.2902,31.7046,1.36e-13
938,15,15,6477027.1306,4441.3220,3.163566,0.055457,3.516190,0.0072,72.9579,27.0349,1.26e-13
939,15,15,6477039.7439,4441.3220,3.163566,0.037786,3.516194,0.0053,28.7270,71.2677,1.29e-13
940,15,15,6477088.4504,4441.3220,3.163570,0.064666,3.516191,0.0085,23.9855,76.0060,1.25e-13
941,15,15,6477106.4412,4441.3220,3.163571,0.048900,3.516194,0.0058,35.0837,64.9104,9.74e-14
942,15,15,6477174.7278,4441.3220,3.163575,0.062006,3.516184,0.0078,13.9380,86.0542,1.11e-13
943,15,15,6477211.1962,4441.3220,3.163578,0.048464,3.516193,0.0059,30.5080,69.4861,1.55e-13
944,15,15,6477272.7087,4441.3220,3.163582,0.036600,3.516194,0.0051,35.2938,64.7011,1.29e-13
945,15,15,6477333.3066,4441.3220,3.163586,0.053556,3.516193,0.0061,62.4849,37.5091,9.74e-14
946,15,15,6477341.8215,4441.3220,3.163587,0.051723,3.516192,0.0055,63.2684,36.7261,1.27e-13
947,15,15,6477416.7061,4441.3220,3.163592,0.035553,3.516193,0.0051,65.6419,34.3530,1.26e-13
948,15,15,6477432.9719,4441.3220,3.163593,0.046227,3.516193,0.0051,48.1342,51.8608,1.14e-13
949,15,15,6477492.3750,4441.3220,3.163597,0.033924,3.516192,0.0046,31.9973,67.9981,1.12e-13
950,15,15,6477568.2576,4441.3220,3.163602,0.045224,3.516193,0.0055,29.3293,70.6652,1.09e-13
951,15,15,6477605.8381,4441.3220,3.163604,0.033082,3.516198,0.0054,22.5801,77.4145,1.33e-13
952,15,15,6477616.6726,4441.3220,3.163605,0.056991,3.516190,0.0067,31.6281,68.3652,1.17e-13
953,15,15,6477663.2166,4441.3220,3.163608,0.047013,3.516190,0.0060,53.9530,46.0410,1.10e-13
954,15,15,6477672.4741,4441.3220,3.163609,0.032827,3.516197,0.0049,53.4344,46.5607,1.46e-13
955,15,15,6477690.7420,4441.3220,3.163610,0.044531,3.516190,0.0057,46.8985,53.0958,1.17e-13
956,15,15,6477759.3098,4441.3220,3.163615,0.036320,3.516197,0.0040,19.0938,80.9022,1.43e-13
957,15,15,6477774.1476,4441.3220,3.163616,0.042404,3.516194,0.0048,41.9024,58.0928,1.37e-13
958,15,15,6477780.3042,4441.3220,3.163616,0.041208,3.516194,0.0052,59.7195,40.2753,1.32e-13
959,15,15,6477832.5232,4441.3220,3.163620,0.042418,3.516196,0.0057,70.8628,29.1315,1.46e-13
960,15,15,6477859.5699,4441.3220,3.163621,0.047750,3.516189,0.0062,66.4220,33.5718,1.03e-13
961,15,15,6477870.4772,4441.3220,3.163622,0.044000,3.516193,0.0053,25.6778,74.3169,1.58e-13
962,15,15,6477949.4731,4441.3220,3.163627,0.041986,3.516199,0.0046,56.7068,43.2886,1.25e-13
963,15,15,6477965.0868,4441.3220,3.163628,0.050064,3.516192,0.0059,23.9484,76.0457,1.10e-13
964,15,15,6477990.9314,4441.3220,3.163630,0.043992,3.516190,0.0059,44.3163,55.6778,1.22e-13
965,15,15,6478020.0717,4441.3220,3.163632,0.056130,3.516190,0.0065,58.7405,41.2530,1.14e-13
966,15,15,6478117.8544,4441.3220,3.163639,0.050329,3.516191,0.0062,63.7024,36.2914,1.21e-13
967,15,15,6478169.6141,4441.3220,3.163642,0.034646,3.516192,0.0056,60.9262,39.0683,1.28e-13
968,15,15,6478191.6870,4441.3220,3.163644,0.035624,3.516194,0.0052,63.9976,35.9972,1.54e-13
969,15,15,6478200.7106,4441.3220,3.163644,0.052377,3.516191,0.0065,44.2092,55.7844,1.11e-13
970,15,15,6478247.6437,4441.3220,3.163647,0.047254,3.516196,0.0057,68.5401,31.4542,1.68e-13
971,15,15,6478259.8356,4441.3220,3.163648,0.046196,3.516195,0.0056,62.0650,37.9295,1.42e-13
972,15,15,6478295.8931,4441.3220,3.163651,0.042357,3.516191,0.0056,65.1314,34.8630,1.05e-13
973,15,15,6478351.1344,4441.3220,3.163654,0.041882,3.516193,0.0049,44.5266,55.4685,1.18e-13
974,15,15,6478360.1818,4441.3220,3.163655,0.051678,3.516188,0.0063,28.6778,71.3159,1.31e-13
975,15,15,6478444.9351,4441.3220,3.163661,0.045565,3.516194,0.0055,39.1015,60.8930,8.80e-14
976,15,15,6478509.0141,4441.3220,3.163665,0.042127,3.516197,0.0052,67.4896,32.5053,1.25e-13
977,15,15,6478540.2720,4441.3220,3.163667,0.052516,3.516195,0.0066,77.6047,22.3888,1.21e-13
978,15,15,6478599.6551,4441.3220,3.163671,0.031417,3.516200,0.0042,38.8103,61.1855,1.12e-13
979,15,15,6478636.7179,4441.3220,3.163674,0.029793,3.516198,0.0044,56.7671,43.2285,1.31e-13
980,15,15,6478666.3397,4441.3220,3.163676,0.047863,3.516195,0.0056,59.2152,40.7793,1.18e-13
981,15,15,6478672.8323,4441.3220,3.163676,0.025283,3.516198,0.0048,57.6317,42.3635,1.47e-13
982,15,15,6478711.2049,4441.3220,3.163679,0.039115,3.516197,0.0052,42.1061,57.8887,1.03e-13
983,15,15,6478752.2526,4441.3220,3.163681,0.035004,3.516192,0.0049,50.5706,49.4245,1.26e-13
984,15,15,6478761.2465,4441.3220,3.163682,0.042119,3.516188,0.0057,59.3236,40.6707,1.45e-13
985,15,15,6478772.4034,4441.3220,3.163683,0.032651,3.516195,0.0045,54.1799,45.8155,1.49e-13
986,15,15,6478825.3505,4441.3220,3.163686,0.027340,3.516198,0.0039,56.4473,43.5489,1.46e-13
987,15,15,6478833.0737,4441.3220,3.163687,0.030634,3.516197,0.0042,61.3036,38.6922,1.50e-13
988,15,15,6478869.1578,4441.3220,3.163689,0.030695,3.516198,0.0039,31.8201,68.1759,1.28e-13
989,15,15,6478919.0111,4441.3220,3.163692,0.064247,3.516187,0.0078,67.5421,32.4502,1.29e-13
990,15,15,6478920.0405,4441.3220,3.163693,0.043517,3.516197,0.0054,51.6819,48.3127,1.19e-13
991,15,15,6478939.1604,4441.3220,3.163694,0.039865,3.516196,0.0052,71.0622,28.9326,1.47e-13
992,15,15,6478967.8104,4441.3220,3.163696,0.049526,3.516194,0.0053,41.2349,58.7598,1.02e-13
993,15,15,6479018.1497,4441.3220,3.163699,0.034077,3.516195,0.0039,61.8988,38.0973,1.55e-13
994,15,15,6479038.7554,4441.3220,3.163701,0.028894,3.516200,0.0038,14.4118,85.5844,1.60e-13
995,15,15,6479070.2235,4441.3220,3.163703,0.047218,3.516193,0.0059,16.2030,83.7912,1.12e-13
996,15,15,6479090.5340,4441.3220,3.163704,0.038726,3.516200,0.0042,52.2523,47.7435,1.28e-13
997,15,15,6479118.3463,4441.3220,3.163706,0.039250,3.516195,0.0052,68.0838,31.9110,1.27e-13
998,15,15,6479139.4292,4441.3220,3.163707,0.026289,3.516195,0.0036,72.3256,27.6708,1.57e-13
999,15,15,6479161.1643,4441.3220,3.163709,0.050801,3.516190,0.0056,63.8296,36.1648,1.41e-13
1000,15,15,6479186.0112,4441.3220,3.163710,0.049440,3.516190,0.0056,72.9484,27.0460,1.41e-13
1001,15,15,6479203.7206,4441.3220,3.163712,0.044978,3.516193,0.0051,39.0024,60.9926,1.28e-13
1002,15,15,6479239.8877,4441.3220,3.163714,0.035008,3.516191,0.0046,50.6305,49.3650,1.06e-13
1003,15,15,6479257.1987,4441.3220,3.163715,0.043204,3.516195,0.0055,60.3968,39.5977,1.39e-13
1004,15,15,6479297.0306,4441.3220,3.163718,0.030397,3.516198,0.0056,53.9137,46.0807,1.34e-13
1005,15,15,6479315.1563,4441.3220,3.163719,0.047704,3.516190,0.0056,40.2863,59.7081,1.27e-13
1006,15,15,6479356.9951,4441.3220,3.163722,0.044684,3.516196,0.0060,53.7434,46.2505,1.46e-13
1007,15,15,6479357.4532,4441.3220,3.163722,0.040642,3.516193,0.0042,50.9445,49.0513,1.55e-13
1008,15,15,6479389.3068,4441.3220,3.163724,0.040483,3.516195,0.0048,39.7406,60.2546,1.21e-13
1009,15,15,6479391.4216,4441.3220,3.163724,0.041585,3.516198,0.0047,47.3454,52.6499,1.11e-13
1010,15,15,6479427.2575,4441.3220,3.163727,0.059847,3.516188,0.0077,57.0266,42.9657,1.26e-13
1011,15,15,6479441.5586,4441.3220,3.163728,0.051547,3.516189,0.0057,52.6935,47.3008,1.38e-13
1012,15,15,6479476.1969,4441.3220,3.163730,0.033816,3.516194,0.0051,44.2484,55.7465,1.16e-13
1013,15,15,6479490.6304,4441.3220,3.163731,0.028066,3.516195,0.0042,26.4988,73.4970,1.30e-13
1014,15,15,6479507.0559,4441.3220,3.163732,0.041297,3.516197,0.0050,56.4135,43.5815,1.36e-13
1015,15,15,6479525.4839,4441.3220,3.163733,0.034502,3.516197,0.0042,44.5204,55.4754,1.20e-13
1016,15,15,6479588.8890,4441.3220,3.163737,0.034861,3.516197,0.0046,47.9145,52.0809,1.37e-13
1017,15,15,6479604.9855,4441.3220,3.163738,0.029737,3.516195,0.0037,47.9784,52.0179,1.55e-13
1018,15,15,6479614.8683,4441.3220,3.163739,0.025853,3.516200,0.0031,42.7582,57.2387,1.61e-13
1019,15,15,6479629.0098,4441.3220,3.163740,0.041454,3.516199,0.0045,41.1618,58.8337,1.21e-13
1020,15,15,6479649.3396,4441.3220,3.163741,0.043076,3.516188,0.0053,47.7819,52.2128,1.50e-13
1021,15,15,6479667.1660,4441.3220,3.163743,0.041949,3.516193,0.0047,53.8490,46.1463,1.14e-13
1022,15,15,6479695.9675,4441.3220,3.163745,0.038031,3.516194,0.0048,47.6815,52.3137,1.21e-13
1023,15,15,6479710.3896,4441.3220,3.163746,0.034277,3.516194,0.0043,31.6496,68.3461,1.45e-13
1024,15,15,6479722.5699,4441.3220,3.163746,0.040203,3.516194,0.0048,61.7680,38.2272,1.09e-13
1025,15,15,6479747.7319,4441.3220,3.163748,0.040306,3.516194,0.0047,41.7478,58.2474,1.17e-13
1026,15,15,6479755.5154,4441.3220,3.163749,0.052983,3.516188,0.0057,48.8220,51.1723,1.26e-13
1027,15,15,6479799.6293,4441.3220,3.163752,0.027724,3.516196,0.0036,65.6749,34.3215,1.22e-13
1028,15,15,6479830.6834,4441.3220,3.163754,0.037437,3.516193,0.0040,54.8409,45.1551,1.58e-13
1029,15,15,6479847.7425,4441.3220,3.163755,0.033198,3.516193,0.0045,47.3903,52.6052,1.24e-13
1030,15,15,6479858.1462,4441.3220,3.163755,0.032485,3.516199,0.0039,55.8020,44.1940,1.31e-13
1031,15,15,6479893.6259,4441.3220,3.163758,0.028741,3.516200,0.0035,41.2718,58.7247,1.80e-13
1032,15,15,6479903.5172,4441.3220,3.163759,0.033342,3.516196,0.0038,59.2827,40.7135,1.37e-13
1033,15,15,6479915.8419,4441.3220,3.163759,0.028003,3.516199,0.0039,53.8893,46.1068,1.31e-13
1034,15,15,6479928.3283,4441.3220,3.163760,0.032136,3.516200,0.0035,44.7657,55.2308,1.26e-13
1035,15,15,6479937.3410,4441.3220,3.163761,0.029028,3.516194,0.0037,49.3788,50.6175,1.68e-13
1036,15,15,6479960.3277,4441.3220,3.163762,0.027679,3.516197,0.0041,52.5173,47.4786,1.38e-13
1037,15,15,6479992.7998,4441.3220,3.163765,0.037721,3.516193,0.0042,59.7598,40.2360,1.27e-13
1038,15,15,6480009.5561,4441.3220,3.163766,0.030060,3.516198,0.0039,43.6538,56.3423,1.03e-13
1039,15,15,6480025.6283,4441.3220,3.163767,0.047808,3.516193,0.0059,57.9930,42.0011,1.37e-13
1040,15,15,6480069.5857,4441.3220,3.163770,0.029429,3.516198,0.0031,56.2963,43.7006,1.10e-13
1041,15,15,6480078.1103,4441.3220,3.163770,0.030236,3.516200,0.0037,41.2344,58.7619,1.32e-13
1042,15,15,6480099.4249,4441.3220,3.163772,0.026610,3.516197,0.0035,70.4193,29.5772,1.41e-13
1043,15,15,6480114.0866,4441.3220,3.163773,0.029812,3.516197,0.0038,49.7912,50.2050,1.39e-13
1044,15,15,6480120.7001,4441.3220,3.163773,0.038643,3.516195,0.0047,55.5473,44.4481,1.40e-13
1045,15,15,6480140.9194,4441.3220,3.163774,0.038812,3.516196,0.0048,46.7276,53.2676,1.25e-13
1046,15,15,6480158.3776,4441.3220,3.163776,0.027645,3.516199,0.0035,39.7076,60.2890,1.61e-13
1047,15,15,6480179.8241,4441.3220,3.163777,0.033032,3.516196,0.0038,42.0397,57.9564,1.36e-13
1048,15,15,6480198.9079,4441.3220,3.163778,0.033354,3.516197,0.0039,41.1256,58.8705,1.06e-13
1049,15,15,6480216.4215,4441.3220,3.163779,0.039939,3.516192,0.0046,38.9264,61.0689,1.23e-13
1050,15,15,6480252.4084,4441.3220,3.163782,0.031045,3.516196,0.0037,55.0205,44.9758,1.27e-13
1051,15,15,6480262.1365,4441.3220,3.163783,0.039642,3.516195,0.0048,62.8116,37.1836,1.31e-13
1052,15,15,6480276.2413,4441.3220,3.163784,0.025195,3.516197,0.0036,51.2264,48.7700,1.50e-13
1053,15,15,6480281.3617,4441.3220,3.163784,0.031606,3.516196,0.0037,62.9547,37.0416,1.31e-13
1054,15,15,6480289.7430,4441.3220,3.163784,0.026071,3.516196,0.0035,46.2968,53.6997,1.40e-13
1055,15,15,6480320.5286,4441.3220,3.163786,0.033381,3.516197,0.0035,38.5443,61.4522,9.37e-14
1056,15,15,6480332.4104,4441.3220,3.163787,0.029825,3.516195,0.0042,39.2781,60.7176,1.46e-13
1057,15,15,6480342.0889,4441.3220,3.163788,0.034391,3.516199,0.0036,54.6877,45.3087,1.61e-13
1058,15,15,6480352.3073,4441.3220,3.163789,0.028638,3.516194,0.0039,57.2424,42.7537,1.25e-13
1059,15,15,6480364.8843,4441.3220,3.163789,0.035685,3.516194,0.0038,45.3508,54.6454,1.30e-13
1060,15,15,6480373.8408,4441.3220,3.163790,0.030911,3.516199,0.0039,50.2994,49.6967,1.51e-13
1061,15,15,6480387.2665,4441.3220,3.163791,0.026949,3.516200,0.0034,44.8702,55.1263,1.54e-13
1062,15,15,6480392.1027,4441.3220,3.163791,0.034297,3.516193,0.0042,54.5680,45.4278,1.34e-13
1063,15,15,6480410.5434,4441.3220,3.163793,0.024015,3.516197,0.0032,38.3337,61.6631,1.59e-13
1064,15,15,6480418.3435,4441.3220,3.163793,0.026732,3.516197,0.0032,50.4514,49.5454,1.26e-13
1065,15,15,6480433.3866,4441.3220,3.163794,0.031540,3.516198,0.0037,46.5098,53.4865,1.54e-13
1066,15,15,6480447.3811,4441.3220,3.163795,0.026437,3.516199,0.0033,43.3687,56.6280,1.72e-13
1067,15,15,6480457.4966,4441.3220,3.163796,0.024053,3.516202,0.0029,42.0397,57.9574,1.61e-13
1068,15,15,6480472.3895,4441.3220,3.163797,0.027435,3.516201,0.0035,49.1276,50.8689,1.91e-13
1069,15,15,6480481.8371,4441.3220,3.163797,0.028335,3.516195,0.0035,37.2774,62.7192,1.65e-13
1070,15,15,6480489.2068,4441.3220,3.163798,0.027174,3.516196,0.0030,45.2606,54.7364,1.44e-13
1071,15,15,6480514.1328,4441.3220,3.163799,0.023147,3.516197,0.0026,48.9960,51.0013,1.73e-13
1072,15,15,6480520.7479,4441.3220,3.163800,0.032946,3.516196,0.0037,52.1520,47.8444,1.69e-13
1073,15,15,6480527.9270,4441.3220,3.163800,0.027118,3.516196,0.0038,52.4445,47.5517,1.37e-13
1074,15,15,6480536.1251,4441.3220,3.163801,0.022723,3.516198,0.0026,59.0114,40.9860,2.06e-13
1075,15,15,6480545.9260,4441.3220,3.163802,0.034499,3.516196,0.0041,62.3413,37.6546,1.51e-13
1076,15,15,6480564.5966,4441.3220,3.163803,0.022810,3.516200,0.0022,55.2879,44.7099,1.59e-13
1077,15,15,6480578.3083,4441.3220,3.163804,0.025400,3.516198,0.0027,55.5130,44.4842,1.53e-13
1078,15,15,6480580.0546,4441.3220,3.163804,0.035164,3.516196,0.0043,61.5842,38.4114,1.61e-13
1079,15,15,6480593.9746,4441.3220,3.163805,0.024178,3.516200,0.0031,50.9353,49.0616,2.22e-13
1080,15,15,6480598.3666,4441.3220,3.163805,0.022122,3.516198,0.0029,41.7649,58.2322,1.61e-13
1081,15,15,6480608.3010,4441.3220,3.163806,0.019777,3.516197,0.0028,47.2572,52.7400,2.02e-13
1082,15,15,6480620.1142,4441.3220,3.163807,0.023019,3.516200,0.0031,46.8987,53.0982,1.51e-13
1083,15,15,6480626.1059,4441.3220,3.163807,0.028147,3.516196,0.0032,50.0775,49.9193,1.27e-13
1084,15,15,6480639.7461,4441.3220,3.163808,0.020081,3.516198,0.0027,45.2131,54.7842,2.07e-13
1085,15,15,6480641.6420,4441.3220,3.163808,0.017871,3.516198,0.0032,60.7593,39.2375,1.68e-13
1086,15,15,6480646.8298,4441.3220,3.163808,0.022305,3.516200,0.0025,40.5166,59.4809,1.68e-13
1087,15,15,6480651.3480,4441.3220,3.163809,0.026193,3.516197,0.0035,49.3472,50.6494,2.02e-13
1088,15,15,6480664.2569,4441.3220,3.163810,0.031948,3.516195,0.0038,53.5519,46.4443,1.39e-13
1089,15,15,6480676.4076,4441.3220,3.163810,0.024466,3.516198,0.0029,42.0664,57.9307,1.92e-13
1090,15,15,6480677.7438,4441.3220,3.163810,0.023517,3.516197,0.0032,59.2771,40.7197,1.84e-13
1091,15,15,6480685.6856,4441.3220,3.163811,0.019642,3.516199,0.0029,29.8135,70.1835,1.77e-13
1092,15,15,6480688.5168,4441.3220,3.163811,0.023415,3.516200,0.0025,47.2581,52.7394,2.20e-13
1093,15,15,6480697.0776,4441.3220,3.163812,0.022265,3.516200,0.0030,45.8107,54.1863,1.60e-13
1094,15,15,6480708.3188,4441.3220,3.163812,0.021603,3.516198,0.0027,47.1499,52.8474,1.91e-13
1095,15,15,6480709.4305,4441.3220,3.163813,0.017830,3.516200,0.0021,57.9780,42.0200,2.27e-13
1096,15,15,6480711.4043,4441.3220,3.163813,0.022456,3.516198,0.0025,46.5652,53.4323,2.21e-13
1097,15,15,6480719.7516,4441.3220,3.163813,0.016516,3.516201,0.0019,37.9684,62.0297,2.06e-13
1098,15,15,6480722.0082,4441.3220,3.163813,0.026270,3.516196,0.0033,43.0616,56.9352,1.53e-13
1099,15,15,6480731.0505,4441.3220,3.163814,0.015674,3.516203,0.0016,51.4400,48.5584,2.16e-13
1100,15,15,6480737.4929,4441.3220,3.163814,0.018600,3.516201,0.0021,53.1729,46.8250,2.16e-13
1101,15,15,6480743.7043,4441.3220,3.163815,0.010071,3.516203,0.0012,53.1103,46.8886,3.20e-13
1102,15,15,6480747.1227,4441.3220,3.163815,0.004936,3.516204,0.0005,54.4731,45.5264,5.34e-13
1103,15,15,6480750.4502,4441.3220,3.163815,0.003215,3.516204,0.0003,17.4897,82.5099,6.11e-13
1104,15,15,6480750.8958,4441.3220,3.163815,0.002232,3.516204,0.0002,80.7731,19.2267,6.92e-13
1105,15,15,6480751.8589,4441.3220,3.163815,0.005553,3.516203,0.0006,65.5540,34.4454,4.08e-13
1106,15,15,6480752.9547,4441.3220,3.163815,0.005133,3.516204,0.0006,45.6573,54.3421,4.41e-13
1107,15,15,6480755.3183,4441.3220,3.163816,0.005528,3.516203,0.0005,46.4267,53.5728,4.37e-13
1108,15,15,6480757.2842,4441.3220,3.163816,0.009901,3.516202,0.0012,60.5988,39.4000,2.82e-13
1109,15,15,6480758.4994,4441.3220,3.163816,0.008321,3.516201,0.0009,55.0782,44.9209,3.54e-13
1110,15,15,6480760.4934,4441.3220,3.163816,0.009959,3.516203,0.0010,60.1619,39.8372,3.94e-13
1111,15,15,6480762.2955,4441.3220,3.163816,0.007368,3.516202,0.0008,52.3949,47.6043,3.91e-13
1112,15,15,6480762.6548,4441.3220,3.163816,0.006945,3.516201,0.0007,54.0487,45.9507,3.19e-13
1113,15,15,6480767.8844,4441.3220,3.163816,0.009827,3.516202,0.0013,54.4103,45.5884,2.34e-13
1114,15,15,6480769.0886,4441.3220,3.163817,0.006649,3.516202,0.0008,48.7701,51.2291,3.55e-13
1115,15,15,6480770.1497,4441.3220,3.163817,0.004622,3.516204,0.0005,44.3539,55.6456,4.53e-13
1116,15,15,6480772.6215,4441.3220,3.163817,0.007181,3.516204,0.0009,53.8361,46.1630,2.93e-13
1117,15,15,6480774.3591,4441.3220,3.163817,0.009478,3.516203,0.0009,30.3404,69.6587,4.30e-13
1118,15,15,6480777.2870,4441.3220,3.163817,0.011122,3.516200,0.0013,48.0288,51.9699,3.30e-13
1119,15,15,6480778.5170,4441.3220,3.163817,0.009770,3.516202,0.0010,48.1438,51.8552,3.00e-13
1120,15,15,6480779.9363,4441.3220,3.163817,0.009011,3.516204,0.0011,66.9196,33.0793,2.92e-13
1121,15,15,6480781.5190,4441.3220,3.163817,0.005856,3.516204,0.0009,24.9154,75.0837,3.37e-13
1122,15,15,6480782.3990,4441.3220,3.163817,0.011413,3.516205,0.0012,48.4910,51.5078,2.51e-13
1123,15,15,6480785.1885,4441.3220,3.163818,0.012241,3.516202,0.0014,56.6351,43.3635,2.81e-13
1124,15,15,6480787.8818,4441.3220,3.163818,0.012898,3.516202,0.0014,43.2009,56.7977,2.64e-13
1125,15,15,6480789.5470,4441.3220,3.163818,0.014946,3.516203,0.0018,50.3429,49.6553,2.15e-13
1126,15,15,6480790.1734,4441.3220,3.163818,0.012907,3.516203,0.0013,55.3673,44.6315,3.06e-13
1127,15,15,6480794.3479,4441.3220,3.163818,0.012869,3.516202,0.0014,39.5091,60.4895,1.95e-13
1128,15,15,6480795.5076,4441.3220,3.163818,0.006547,3.516203,0.0010,54.9052,45.0938,3.18e-13
1129,15,15,6480797.7489,4441.3220,3.163818,0.012298,3.516202,0.0014,45.6869,54.3117,2.55e-13
1130,15,15,6480801.5393,4441.3220,3.163819,0.019615,3.516201,0.0021,59.3509,40.6471,1.98e-13
1131,15,15,6480805.9316,4441.3220,3.163819,0.023291,3.516201,0.0030,47.9898,52.0071,1.76e-13
1132,15,15,6480808.2730,4441.3220,3.163819,0.019867,3.516201,0.0023,40.2424,59.7553,2.22e-13
1133,15,15,6480817.9989,4441.3220,3.163820,0.019667,3.516201,0.0027,62.3089,37.6885,1.83e-13
1134,15,15,6480820.1000,4441.3220,3.163820,0.011693,3.516202,0.0015,54.0215,45.9770,2.03e-13
1135,15,15,6480827.3808,4441.3220,3.163820,0.013381,3.516202,0.0016,18.7874,81.2111,2.21e-13
1136,15,15,6480828.2097,4441.3220,3.163821,0.018062,3.516199,0.0023,44.4038,55.5939,1.77e-13
1137,15,15,6480829.3187,4441.3220,3.163821,0.012779,3.516202,0.0015,85.9294,14.0691,2.58e-13
1138,15,15,6480833.3326,4441.3220,3.163821,0.022237,3.516200,0.0024,43.0138,56.9839,2.20e-13
1139,15,15,6480838.6888,4441.3220,3.163821,0.017515,3.516199,0.0024,43.0911,56.9065,1.78e-13
1140,15,15,6480842.0359,4441.3220,3.163821,0.018806,3.516199,0.0023,35.5037,64.4940,1.35e-13
1141,15,15,6480845.4725,4441.3220,3.163822,0.013527,3.516202,0.0020,61.2135,38.7845,2.11e-13
1142,15,15,6480852.5986,4441.3220,3.163822,0.023376,3.516200,0.0032,53.2997,46.6971,1.69e-13
1143,15,15,6480854.6214,4441.3220,3.163822,0.025990,3.516197,0.0032,64.9620,35.0348,1.61e-13
1144,15,15,6480857.0095,4441.3220,3.163822,0.029069,3.516197,0.0033,50.4220,49.5746,1.73e-13
1145,15,15,6480859.9350,4441.3220,3.163823,0.024335,3.516199,0.0032,48.2800,51.7169,1.99e-13
1146,15,15,6480864.7704,4441.3220,3.163823,0.032725,3.516197,0.0037,48.2655,51.7308,1.28e-13
1147,15,15,6480872.1617,4441.3220,3.163823,0.032635,3.516197,0.0034,56.1965,43.8001,1.46e-13
1148,15,15,6480874.2216,4441.3220,3.163824,0.024228,3.516198,0.0029,53.9669,46.0302,1.63e-13
1149,15,15,6480876.4546,4441.3220,3.163824,0.020790,3.516198,0.0027,52.8533,47.1440,1.70e-13
1150,15,15,6480882.7134,4441.3220,3.163824,0.024695,3.516199,0.0029,42.5777,57.4193,1.89e-13
1151,15,15,6480885.1281,4441.3220,3.163824,0.029158,3.516198,0.0035,40.3982,59.5983,1.63e-13
1152,15,15,6480888.6150,4441.3220,3.163825,0.023034,3.516199,0.0027,55.4587,44.5386,1.51e-13
1153,15,15,6480891.8501,4441.3220,3.163825,0.027797,3.516198,0.0033,46.3181,53.6786,1.70e-13
1154,15,15,6480893.7285,4441.3220,3.163825,0.021117,3.516199,0.0027,66.2782,33.7191,1.70e-13
1155,15,15,6480898.9363,4441.3220,3.163825,0.025151,3.516196,0.0036,45.4773,54.5191,1.24e-13
1156,15,15,6480905.2409,4441.3220,3.163826,0.022564,3.516198,0.0026,37.4662,62.5312,1.65e-13
1157,15,15,6480907.6493,4441.3220,3.163826,0.025568,3.516197,0.0032,48.5381,51.4586,1.30e-13
1158,15,15,6480912.5419,4441.3220,3.163826,0.025780,3.516198,0.0033,57.8937,42.1030,1.55e-13
1159,15,15,6480917.5886,4441.3220,3.163827,0.029723,3.516196,0.0037,50.5613,49.4351,1.45e-13
1160,15,15,6480923.8660,4441.3220,3.163827,0.030275,3.516198,0.0041,54.6636,45.3323,1.37e-13
1161,15,15,6480925.5874,4441.3220,3.163827,0.029006,3.516195,0.0042,39.3111,60.6847,1.42e-13
1162,15,15,6480926.8771,4441.3220,3.163827,0.028355,3.516197,0.0033,61.7369,38.2598,1.34e-13
1163,15,15,6480936.2036,4441.3220,3.163828,0.031887,3.516196,0.0042,48.5652,51.4306,1.12e-13
1164,15,15,6480942.1530,4441.3220,3.163828,0.028096,3.516197,0.0035,49.2268,50.7697,1.51e-13
1165,15,15,6480944.7502,4441.3220,3.163828,0.031629,3.516195,0.0037,47.2034,52.7929,1.38e-13
1166,15,15,6480951.6312,4441.3220,3.163829,0.028003,3.516198,0.0035,52.0065,47.9901,1.33e-13
1167,15,15,6480954.0583,4441.3220,3.163829,0.030311,3.516196,0.0040,55.7683,44.2277,1.42e-13
1168,15,15,6480955.7405,4441.3220,3.163829,0.034827,3.516196,0.0037,56.2491,43.7471,1.49e-13
1169,15,15,6480959.9825,4441.3220,3.163829,0.035420,3.516195,0.0040,47.7673,52.2286,1.07e-13
1170,15,15,6480966.6570,4441.3220,3.163830,0.029628,3.516198,0.0037,37.3609,62.6354,1.28e-13
1171,15,15,6480968.7931,4441.3220,3.163830,0.026591,3.516197,0.0033,44.9498,55.0469,1.48e-13
1172,15,15,6480973.5614,4441.3220,3.163830,0.030904,3.516197,0.0038,53.6218,46.3744,1.44e-13
1173,15,15,6480977.8984,4441.3220,3.163831,0.028549,3.516196,0.0035,53.2352,46.7613,1.47e-13
1174,15,15,6480981.1076,4441.3220,3.163831,0.032212,3.516196,0.0040,41.4824,58.5136,1.33e-13
1175,15,15,6480987.8768,4441.3220,3.163831,0.035751,3.516195,0.0041,48.8959,51.1000,1.33e-13
1176,15,15,6480990.5381,4441.3220,3.163831,0.032868,3.516197,0.0040,47.4326,52.5634,1.07e-13
1177,15,15,6480998.1059,4441.3220,3.163832,0.039606,3.516194,0.0045,41.4158,58.5796,1.52e-13
1178,15,15,6481002.7912,4441.3220,3.163832,0.030816,3.516197,0.0037,61.6026,38.3937,1.23e-13
1179,15,15,6481010.7626,4441.3220,3.163833,0.034344,3.516195,0.0041,59.0427,40.9532,1.28e-13
1180,15,15,6481015.6885,4441.3220,3.163833,0.033505,3.516193,0.0045,46.2201,53.7754,1.35e-13
1181,15,15,6481021.9949,4441.3220,3.163834,0.033656,3.516195,0.0041,53.2964,46.6995,1.41e-13
1182,15,15,6481025.8210,4441.3220,3.163834,0.044737,3.516192,0.0051,45.7840,54.2109,1.17e-13
1183,15,15,6481029.7667,4441.3220,3.163834,0.031860,3.516197,0.0043,39.6645,60.3312,9.41e-14
1184,15,15,6481038.2041,4441.3220,3.163835,0.039513,3.516194,0.0046,41.4021,58.5934,1.30e-13
1185,15,15,6481048.7235,4441.3220,3.163835,0.050108,3.516189,0.0074,49.4433,50.5493,1.04e-13
1186,15,15,6481056.0452,4441.3220,3.163836,0.042175,3.516193,0.0053,53.1255,46.8692,1.38e-13
1187,15,15,6481061.0337,4441.3220,3.163836,0.041986,3.516194,0.0049,40.9626,59.0325,1.14e-13
1188,15,15,6481065.5981,4441.3220,3.163836,0.031468,3.516197,0.0041,52.9753,47.0206,1.47e-13
1189,15,15,6481069.4933,4441.3220,3.163837,0.035504,3.516195,0.0048,53.3389,46.6563,9.88e-14
1190,15,15,6481077.4359,4441.3220,3.163837,0.039146,3.516193,0.0049,52.0033,47.9918,1.20e-13
1191,15,15,6481080.7215,4441.3220,3.163837,0.042121,3.516193,0.0052,50.9777,49.0171,1.20e-13
1192,15,15,6481082.3621,4441.3220,3.163838,0.037374,3.516192,0.0046,62.6886,37.3068,1.10e-13
1193,15,15,6481096.3143,4441.3220,3.163839,0.044704,3.516195,0.0050,51.3823,48.6127,1.45e-13
1194,15,15,6481098.1387,4441.3220,3.163839,0.046441,3.516194,0.0054,46.1720,53.8225,1.09e-13
1195,15,15,6481105.7925,4441.3220,3.163839,0.041174,3.516194,0.0049,49.1989,50.7962,9.16e-14
1196,15,15,6481111.7484,4441.3220,3.163840,0.044242,3.516194,0.0052,44.8665,55.1283,1.17e-13
1197,15,15,6481124.1584,4441.3220,3.163840,0.041505,3.516195,0.0051,42.2978,57.6971,1.22e-13
1198,15,15,6481127.4589,4441.3220,3.163841,0.040088,3.516193,0.0048,36.0200,63.9752,9.90e-14
1199,15,15,6481134.3057,4441.3220,3.163841,0.051307,3.516192,0.0063,48.2857,51.7081,9.44e-14
1200,15,15,6481139.4123,4441.3220,3.163841,0.044593,3.516192,0.0058,46.3577,53.6365,1.17e-13
1201,15,15,6481143.6135,4441.3220,3.163842,0.050974,3.516193,0.0061,56.5115,43.4825,9.89e-14
1202,15,15,6481153.2570,4441.3220,3.163842,0.041600,3.516194,0.0053,73.8837,26.1110,8.88e-14
1203,15,15,6481157.7412,4441.3220,3.163843,0.040956,3.516193,0.0053,35.0803,64.9144,9.92e-14
1204,15,15,6481160.0107,4441.3220,3.163843,0.044980,3.516191,0.0056,64.6217,35.3727,8.69e-14
1205,15,15,6481168.9018,4441.3220,3.163843,0.051281,3.516189,0.0063,60.4160,39.5777,9.50e-14
1206,15,15,6481178.3326,4441.3220,3.163844,0.048632,3.516193,0.0062,56.7388,43.2550,9.22e-14
1207,15,15,6481191.5082,4441.3220,3.163845,0.070757,3.516182,0.0099,69.1300,30.8602,9.04e-14
1208,15,15,6481199.1538,4441.3220,3.163845,0.055545,3.516187,0.0068,38.2334,61.7598,9.73e-14
1209,15,15,6481207.8800,4441.3220,3.163846,0.048933,3.516190,0.0061,38.1344,61.8595,9.15e-14
1210,15,15,6481218.6108,4441.3220,3.163847,0.061524,3.516186,0.0077,36.6077,63.3846,9.03e-14
1211,15,15,6481223.5926,4441.3220,3.163847,0.059032,3.516191,0.0071,37.2069,62.7860,9.64e-14
1212,15,15,6481233.4171,4441.3220,3.163848,0.067399,3.516187,0.0087,30.6532,69.3381,1.04e-13
1213,15,15,6481242.1959,4441.3220,3.163848,0.052634,3.516192,0.0074,45.4247,54.5679,9.56e-14
1214,15,15,6481250.4464,4441.3220,3.163849,0.061821,3.516189,0.0076,32.6212,67.3712,1.04e-13
1215,15,15,6481254.4007,4441.3220,3.163849,0.057181,3.516186,0.0077,39.3950,60.5974,1.05e-13
1216,15,15,6481257.0823,4441.3220,3.163849,0.066732,3.516184,0.0089,53.6591,46.3320,7.88e-14
1217,15,15,6481281.0629,4441.3220,3.163851,0.055531,3.516190,0.0069,75.3753,24.6178,8.35e-14
1218,15,15,6481295.1268,4441.3220,3.163852,0.056001,3.516188,0.0077,67.4738,32.5185,9.52e-14
1219,15,15,6481309.0435,4441.3220,3.163853,0.058819,3.516186,0.0076,71.2394,28.7530,8.57e-14
1220,15,15,6481316.1701,4441.3220,3.163853,0.080086,3.516182,0.0107,64.6020,35.3873,1.00e-13
1221,15,15,6481318.0041,4441.3220,3.163853,0.055889,3.516189,0.0075,61.6110,38.3814,9.19e-14
1222,15,15,6481322.5264,4441.3220,3.163854,0.067964,3.516188,0.0089,55.4335,44.5576,9.34e-14
1223,15,15,6481366.6985,4441.3220,3.163857,0.089782,3.516178,0.0126,47.6741,52.3132,7.78e-14
1224,15,15,6481390.0223,4441.3220,3.163858,0.059662,3.516185,0.0079,51.6922,48.2999,7.86e-14
1225,15,15,6481395.8244,4441.3220,3.163859,0.063036,3.516186,0.0081,50.1760,49.8159,7.83e-14
1226,15,15,6481403.7880,4441.3220,3.163859,0.086774,3.516178,0.0130,72.2456,27.7415,8.30e-14
1227,15,15,6481419.8569,4441.3220,3.163860,0.057879,3.516192,0.0073,37.9864,62.0063,8.35e-14
1228,15,15,6481428.6847,4441.3220,3.163861,0.072044,3.516189,0.0091,56.4449,43.5460,8.42e-14
1229,15,15,6481437.3776,4441.3220,3.163861,0.086322,3.516182,0.0110,51.0545,48.9345,8.77e-14
1230,15,15,6481477.7088,4441.3220,3.163864,0.055564,3.516189,0.0080,40.5474,59.4446,8.28e-14
1231,15,15,6481483.6991,4441.3220,3.163864,0.092649,3.516180,0.0117,35.5956,64.3927,8.68e-14
1232,15,15,6481491.3553,4441.3220,3.163865,0.068713,3.516191,0.0086,68.1711,31.8203,8.48e-14
1233,15,15,6481507.0899,4441.3220,3.163866,0.078418,3.516180,0.0100,42.4167,57.5733,9.63e-14
1234,15,15,6481511.2125,4441.3220,3.163866,0.122268,3.516163,0.0182,69.0956,30.8861,6.64e-14
1235,15,15,6481524.5711,4441.3220,3.163867,0.049317,3.516192,0.0067,62.4074,37.5859,8.04e-14
1236,15,15,6481558.7593,4441.3220,3.163870,0.074509,3.516182,0.0106,52.4894,47.5000,6.50e-14
1237,15,15,6481599.7528,4441.3220,3.163872,0.063172,3.516190,0.0086,77.5196,22.4718,8.70e-14
1238,15,15,6481609.8856,4441.3220,3.163873,0.117691,3.516166,0.0175,73.6293,26.3532,6.82e-14
1239,15,15,6481618.5892,4441.3220,3.163874,0.086494,3.516179,0.0119,46.4866,53.5016,6.58e-14
1240,15,15,6481627.6407,4441.3220,3.163874,0.098348,3.516177,0.0138,43.4064,56.5798,6.81e-14
1241,15,15,6481696.2090,4441.3220,3.163879,0.090195,3.516176,0.0113,63.0563,36.9324,7.41e-14
1242,15,15,6481698.5238,4441.3220,3.163879,0.085093,3.516182,0.0111,50.9373,49.0516,7.49e-14
1243,15,15,6481722.7516,4441.3220,3.163881,0.112496,3.516172,0.0148,33.5152,66.4700,7.04e-14
1244,15,15,6481725.0447,4441.3220,3.163881,0.095591,3.516170,0.0141,55.2494,44.7364,7.47e-14
1245,15,15,6481761.0148,4441.3220,3.163883,0.115028,3.516169,0.0178,18.9272,81.0550,7.04e-14
1246,15,15,6481777.4604,4441.3220,3.163884,0.117913,3.516166,0.0185,61.7104,38.2712,6.63e-14
1247,15,15,6481858.4661,4441.3220,3.163890,0.122888,3.516164,0.0177,83.7659,16.2165,6.11e-14
1248,15,15,6481884.8640,4441.3220,3.163891,0.097853,3.516174,0.0128,38.9014,61.0858,5.96e-14
1249,15,15,6481891.0221,4441.3220,3.163892,0.123175,3.516164,0.0199,25.2220,74.7581,5.71e-14
1250,15,15,6481942.2329,4441.3220,3.163895,0.106916,3.516173,0.0141,56.9888,42.9971,5.47e-14
1251,15,15,6481963.8148,4441.3220,3.163897,0.132248,3.516159,0.0210,59.5223,40.4567,5.83e-14
1252,15,15,6481974.1067,4441.3220,3.163897,0.116904,3.516166,0.0173,46.9861,52.9967,5.68e-14
1253,15,15,6482003.3732,4441.3220,3.163899,0.077243,3.516184,0.0114,55.8627,44.1259,6.06e-14
1254,15,15,6482079.8465,4441.3220,3.163904,0.162631,3.516148,0.0256,92.1579,7.8165,6.19e-14
1255,15,15,6482105.9590,4441.3220,3.163906,0.140614,3.516154,0.0225,12.2311,87.7464,6.03e-14
1256,15,15,6482137.6234,4441.3220,3.163908,0.182236,3.516135,0.0326,96.6560,3.3115,4.54e-14
1257,15,15,6482224.5470,4441.3220,3.163914,0.154143,3.516149,0.0259,5.4825,94.4916,5.21e-14
1258,15,15,6482302.9735,4441.3220,3.163919,0.132398,3.516162,0.0193,71.2754,28.7053,6.21e-14
1259,15,15,6482337.6185,4441.3220,3.163922,0.126332,3.516160,0.0211,6.0974,93.8815,5.41e-14
1260,15,15,6482358.7177,4441.3220,3.163923,0.068394,3.516182,0.0098,64.6613,35.3289,6.76e-14
1261,15,15,6482404.9958,4441.3220,3.163926,0.137173,3.516154,0.0236,92.4671,7.5093,5.01e-14
1262,15,15,6482550.0006,4441.3220,3.163936,0.127527,3.516165,0.0193,58.3640,41.6166,5.74e-14
1263,15,15,6482563.5225,4441.3220,3.163937,0.122542,3.516166,0.0190,52.2774,47.7036,5.07e-14
1264,15,15,6482610.1249,4441.3220,3.163940,0.169307,3.516143,0.0280,0.7773,99.1947,5.26e-14
1265,15,15,6482727.4099,4441.3220,3.163948,0.120603,3.516164,0.0178,40.3155,59.6667,5.76e-14
1266,15,15,6482748.6215,4441.3220,3.163949,0.130204,3.516159,0.0201,45.2100,54.7699,5.58e-14
1267,15,15,6482750.4330,4441.3220,3.163949,0.122885,3.516166,0.0183,35.7152,64.2664,5.97e-14
1268,15,15,6482984.7391,4441.3220,3.163965,0.154049,3.516141,0.0258,4.3589,95.6153,6.35e-14
1269,15,15,6483057.3015,4441.3220,3.163970,0.169267,3.516140,0.0269,19.2558,80.7173,6.36e-14
1270,15,15,6483367.5215,4441.3220,3.163991,0.172111,3.516144,0.0309,79.2069,20.7621,7.59e-14
1271,15,15,6483398.6881,4441.3220,3.163993,0.150099,3.516151,0.0267,85.0660,14.9072,6.84e-14
1272,15,15,6484270.5089,4441.3220,3.164051,0.221707,3.516107,0.0417,48.0628,51.8955,4.19e-14
