mode_rank,matched_m,matched_n,Omega_FEM,Omega_exact,log10_Error_Omega,log10_Error_L2_w,log10_Error_L2_phi,W_energy_pct,Phi1_energy_pct,Phi2_energy_pct,relative_residual
1,1,4,157.9632,167.7833,-1.232635,1.801464,1.484115,99.9997,0.0002,0.0002,5.28e-07
2,2,4,190.0308,197.3921,-1.428377,1.801560,1.586908,99.9994,0.0003,0.0003,3.82e-07
3,2,4,204.6146,197.3921,-1.436642,1.800574,1.587976,99.9994,0.0003,0.0003,2.69e-07
4,3,4,228.0822,246.7401,-1.121378,1.800762,1.622998,99.9991,0.0004,0.0005,2.53e-07
5,3,4,234.2780,246.7401,-1.296648,1.801266,1.650371,99.9990,0.0002,0.0008,2.34e-07
6,3,4,239.8051,246.7401,-1.551195,1.801371,1.657486,99.9989,0.0008,0.0002,2.74e-07
7,1,5,269.6144,256.6097,-1.295173,1.800923,1.701083,99.9986,0.0008,0.0005,1.83e-07
8,2,5,277.6890,286.2185,-1.525775,1.800485,1.674340,99.9987,0.0005,0.0009,1.84e-07
9,2,5,299.1200,286.2185,-1.346058,1.800832,1.710657,99.9984,0.0012,0.0004,1.47e-07
10,4,4,313.7259,315.8273,-2.176934,1.801145,1.700022,99.9983,0.0006,0.0010,1.34e-07
11,3,5,333.4774,335.5665,-2.205801,1.800739,1.695105,99.9983,0.0007,0.0011,1.20e-07
12,3,5,340.0655,335.5665,-1.872665,1.801756,1.726297,99.9980,0.0007,0.0013,1.22e-07
13,1,6,356.6499,365.1754,-1.631783,1.801300,1.704283,99.9981,0.0011,0.0008,1.19e-07
14,1,6,372.2613,365.1754,-1.712103,1.800401,1.728969,99.9978,0.0007,0.0015,8.76e-08
15,2,6,387.3493,394.7842,-1.725086,1.800847,1.723869,99.9977,0.0009,0.0014,1.21e-07
16,2,6,391.0264,394.7842,-2.021431,1.801002,1.729588,99.9976,0.0014,0.0010,9.99e-08
17,2,6,398.9754,394.7842,-1.974022,1.800890,1.718912,99.9977,0.0017,0.0006,1.06e-07
18,4,5,414.5938,404.6538,-1.609698,1.801585,1.739966,99.9975,0.0008,0.0018,7.16e-08
19,4,5,419.6468,404.6538,-1.431195,1.800380,1.745540,99.9974,0.0018,0.0008,8.86e-08
20,3,6,445.6842,444.1322,-2.456621,1.800605,1.703881,99.9976,0.0012,0.0012,8.33e-08
21,3,6,461.4303,444.1322,-1.409513,1.802541,1.751654,99.9971,0.0008,0.0021,6.83e-08
22,1,7,470.5734,493.4802,-1.333305,1.800116,1.716605,99.9972,0.0014,0.0014,7.27e-08
23,1,7,485.1778,493.4802,-1.774067,1.800984,1.694217,99.9975,0.0011,0.0014,6.52e-08
24,1,7,491.5913,493.4802,-2.417068,1.801203,1.723950,99.9971,0.0015,0.0013,9.61e-08
25,1,7,502.0630,493.4802,-1.759642,1.801054,1.727209,99.9971,0.0017,0.0013,5.55e-08
26,4,6,511.5065,513.2194,-2.476562,1.800082,1.729617,99.9969,0.0017,0.0014,7.09e-08
27,2,7,518.2688,523.0890,-2.035509,1.799839,1.707189,99.9971,0.0014,0.0014,7.51e-08
28,2,7,524.3622,523.0890,-2.613702,1.801939,1.711131,99.9971,0.0017,0.0012,5.72e-08
29,2,7,543.3455,523.0890,-1.412012,1.801035,1.735048,99.9968,0.0016,0.0017,7.25e-08
30,3,7,553.2664,572.4371,-1.475091,1.800298,1.695629,99.9970,0.0013,0.0017,5.47e-08
31,3,7,558.0490,572.4371,-1.599727,1.800946,1.733067,99.9965,0.0023,0.0012,6.18e-08
32,3,7,575.8416,572.4371,-2.225667,1.801063,1.732448,99.9965,0.0018,0.0016,5.50e-08
33,3,7,579.1064,572.4371,-1.933645,1.800297,1.691636,99.9971,0.0013,0.0016,6.43e-08
34,3,7,583.5766,572.4371,-1.710859,1.800279,1.723431,99.9966,0.0020,0.0014,6.26e-08
35,5,6,588.9960,602.0459,-1.664025,1.800446,1.680148,99.9971,0.0014,0.0015,6.09e-08
36,5,6,597.7318,602.0459,-2.144745,1.801462,1.715453,99.9966,0.0014,0.0020,4.79e-08
37,5,6,615.0976,602.0459,-1.663961,1.803122,1.684553,99.9971,0.0015,0.0014,6.79e-08
38,1,8,622.7136,641.5243,-1.532809,1.800204,1.723381,99.9962,0.0020,0.0017,4.23e-08
39,1,8,640.3733,641.5243,-2.746153,1.800615,1.714902,99.9964,0.0025,0.0011,5.87e-08
40,1,8,646.1382,641.5243,-2.143146,1.801762,1.687821,99.9968,0.0013,0.0018,4.87e-08
41,1,8,650.8018,641.5243,-1.839782,1.800065,1.711920,99.9964,0.0017,0.0018,4.22e-08
42,2,8,656.5998,671.1331,-1.664443,1.799955,1.689238,99.9966,0.0017,0.0017,5.16e-08
43,2,8,665.2724,671.1331,-2.058857,1.801610,1.715557,99.9962,0.0018,0.0020,4.35e-08
44,2,8,673.7764,671.1331,-2.404658,1.800410,1.704209,99.9964,0.0018,0.0018,3.91e-08
45,2,8,685.7334,671.1331,-1.662447,1.801097,1.701723,99.9965,0.0019,0.0017,4.48e-08
46,6,6,691.8124,710.6115,-1.577495,1.801621,1.723241,99.9959,0.0016,0.0026,4.14e-08
47,6,6,699.8206,710.6115,-1.818573,1.800899,1.714747,99.9960,0.0016,0.0024,4.19e-08
48,6,6,711.6310,710.6115,-2.843270,1.802277,1.692352,99.9964,0.0022,0.0014,3.76e-08
49,6,6,712.2736,710.6115,-2.630992,1.801076,1.711556,99.9961,0.0020,0.0020,4.34e-08
50,5,7,727.6579,730.3507,-2.433331,1.801056,1.707599,99.9960,0.0024,0.0015,4.15e-08
51,5,7,729.2859,730.3507,-2.836250,1.801506,1.706943,99.9961,0.0021,0.0018,3.96e-08
52,5,7,736.0615,730.3507,-2.106838,1.800496,1.735487,99.9955,0.0023,0.0022,3.19e-08
53,5,7,747.9088,730.3507,-1.619055,1.801120,1.729522,99.9956,0.0020,0.0023,3.58e-08
54,5,7,755.7537,730.3507,-1.458647,1.800597,1.730510,99.9956,0.0016,0.0028,4.05e-08
55,4,8,769.8388,789.5684,-1.602272,1.801192,1.711825,99.9956,0.0026,0.0018,3.31e-08
56,4,8,777.6255,789.5684,-1.820283,1.799908,1.696486,99.9959,0.0020,0.0021,3.21e-08
57,4,8,784.3480,789.5684,-2.179691,1.801165,1.692594,99.9960,0.0021,0.0019,3.47e-08
58,4,8,794.0955,789.5684,-2.241563,1.800722,1.695495,99.9959,0.0021,0.0020,3.14e-08
59,1,9,799.9160,809.3076,-1.935376,1.800764,1.680329,99.9961,0.0020,0.0019,3.81e-08
60,1,9,809.6531,809.3076,-3.369595,1.801523,1.721338,99.9953,0.0023,0.0023,2.96e-08
61,1,9,822.1654,809.3076,-1.798946,1.800417,1.692530,99.9959,0.0024,0.0017,3.60e-08
62,2,9,831.7516,838.9164,-2.068518,1.800956,1.709500,99.9954,0.0026,0.0020,3.44e-08
63,2,9,835.3814,838.9164,-2.375331,1.801164,1.690369,99.9958,0.0020,0.0022,3.21e-08
64,2,9,844.4044,838.9164,-2.184304,1.801811,1.734675,99.9949,0.0018,0.0033,2.83e-08
65,2,9,847.8108,838.9164,-1.974601,1.801146,1.713300,99.9953,0.0024,0.0023,3.08e-08
66,2,9,857.2420,838.9164,-1.660660,1.800089,1.695646,99.9957,0.0024,0.0020,3.25e-08
67,2,9,858.1186,838.9164,-1.640367,1.798378,1.726343,99.9950,0.0020,0.0031,3.17e-08
68,5,8,873.1289,878.3948,-2.222219,1.800745,1.701304,99.9954,0.0024,0.0022,2.58e-08
69,5,8,878.2152,878.3948,-3.689393,1.802378,1.717449,99.9951,0.0022,0.0027,2.94e-08
70,3,9,887.2609,888.2644,-2.947045,1.800563,1.726876,99.9947,0.0021,0.0032,3.10e-08
71,3,9,895.1316,888.2644,-2.111763,1.801134,1.726858,99.9947,0.0024,0.0028,2.62e-08
72,3,9,898.1090,888.2644,-1.955345,1.802651,1.712638,99.9951,0.0023,0.0026,3.14e-08
73,3,9,906.1130,888.2644,-1.696937,1.801407,1.712407,99.9951,0.0029,0.0020,2.57e-08
74,3,9,918.6491,888.2644,-1.465888,1.800779,1.723433,99.9948,0.0033,0.0019,2.77e-08
75,4,9,923.3045,957.3516,-1.448991,1.801300,1.704565,99.9949,0.0021,0.0030,2.38e-08
76,4,9,930.5619,957.3516,-1.553104,1.801196,1.707428,99.9948,0.0032,0.0020,2.75e-08
77,4,9,942.1506,957.3516,-1.799199,1.800377,1.696200,99.9951,0.0026,0.0023,2.84e-08
78,4,9,947.5776,957.3516,-1.991000,1.801241,1.711312,99.9947,0.0030,0.0023,2.13e-08
79,4,9,949.7040,957.3516,-2.097548,1.801241,1.717381,99.9946,0.0028,0.0026,2.45e-08
80,4,9,960.5717,957.3516,-2.473202,1.800971,1.719331,99.9945,0.0026,0.0029,2.70e-08
81,7,7,963.6404,967.2212,-2.431543,1.801168,1.725444,99.9943,0.0030,0.0027,2.71e-08
82,7,7,969.4505,967.2212,-2.637358,1.801056,1.710580,99.9947,0.0028,0.0026,2.39e-08
83,6,8,979.6753,986.9604,-2.131860,1.800460,1.709717,99.9946,0.0029,0.0025,2.31e-08
84,6,8,987.1380,986.9604,-3.745026,1.802537,1.725502,99.9942,0.0027,0.0030,2.02e-08
85,1,10,997.1397,996.8300,-3.507709,1.799561,1.705190,99.9946,0.0032,0.0022,2.33e-08
86,1,10,1002.2969,996.8300,-2.260880,1.799863,1.716687,99.9943,0.0027,0.0029,2.04e-08
87,1,10,1009.4026,996.8300,-1.899197,1.800383,1.720641,99.9943,0.0030,0.0028,2.38e-08
88,2,10,1015.2818,1026.4389,-1.963785,1.801068,1.718674,99.9942,0.0034,0.0025,2.20e-08
89,2,10,1026.8651,1026.4389,-3.381655,1.801695,1.735182,99.9937,0.0022,0.0041,2.26e-08
90,2,10,1031.6610,1026.4389,-2.293487,1.800528,1.719319,99.9941,0.0026,0.0033,1.76e-08
91,2,10,1033.1937,1026.4389,-2.181720,1.798270,1.728258,99.9938,0.0024,0.0038,2.07e-08
92,5,9,1040.4930,1046.1781,-2.264867,1.801214,1.732030,99.9937,0.0039,0.0024,2.14e-08
93,5,9,1048.7263,1046.1781,-2.613360,1.799438,1.732185,99.9936,0.0036,0.0028,1.96e-08
94,5,9,1058.4484,1046.1781,-1.930748,1.799871,1.695868,99.9946,0.0028,0.0026,2.41e-08
95,3,10,1065.7277,1075.7869,-2.029162,1.800661,1.718734,99.9939,0.0036,0.0026,1.90e-08
96,3,10,1074.0125,1075.7869,-2.782668,1.800866,1.718414,99.9939,0.0032,0.0029,1.78e-08
97,3,10,1081.7160,1075.7869,-2.258739,1.801730,1.718187,99.9939,0.0034,0.0027,2.20e-08
98,3,10,1087.4703,1075.7869,-1.964155,1.801350,1.717599,99.9939,0.0036,0.0025,2.05e-08
99,3,10,1095.2454,1075.7869,-1.742616,1.800031,1.726573,99.9936,0.0040,0.0024,1.93e-08
100,7,8,1100.3717,1115.2653,-1.874378,1.801344,1.703006,99.9941,0.0027,0.0032,2.06e-08
101,7,8,1112.2912,1115.2653,-2.574017,1.801735,1.733382,99.9932,0.0037,0.0031,1.52e-08
102,7,8,1116.1145,1115.2653,-3.118390,1.801369,1.708838,99.9939,0.0026,0.0035,2.03e-08
103,7,8,1126.9388,1115.2653,-1.980176,1.802262,1.725037,99.9935,0.0032,0.0033,1.63e-08
104,4,10,1132.3321,1144.8741,-1.960389,1.800948,1.688192,99.9943,0.0030,0.0027,2.20e-08
105,4,10,1135.2887,1144.8741,-2.077147,1.800803,1.736917,99.9929,0.0027,0.0045,1.94e-08
106,4,10,1145.5580,1144.8741,-3.223760,1.800163,1.729779,99.9931,0.0035,0.0034,1.73e-08
107,4,10,1149.4733,1144.8741,-2.396074,1.801353,1.692316,99.9942,0.0034,0.0024,1.89e-08
108,6,9,1155.4159,1154.7437,-3.234965,1.800537,1.697688,99.9940,0.0031,0.0029,1.87e-08
109,6,9,1158.5107,1154.7437,-2.486490,1.801619,1.703536,99.9939,0.0027,0.0034,2.07e-08
110,6,9,1175.0224,1154.7437,-1.755445,1.799328,1.729452,99.9930,0.0034,0.0036,1.65e-08
111,6,9,1176.0292,1154.7437,-1.734402,1.801265,1.704938,99.9938,0.0036,0.0026,1.76e-08
112,6,9,1177.8698,1154.7437,-1.698384,1.800508,1.719636,99.9934,0.0035,0.0031,1.65e-08
113,1,11,1186.8136,1204.0917,-1.843162,1.800212,1.714103,99.9932,0.0041,0.0027,1.84e-08
114,1,11,1193.7669,1204.0917,-2.066778,1.801700,1.714598,99.9933,0.0033,0.0034,1.82e-08
115,1,11,1195.4183,1204.0917,-2.142470,1.802066,1.703039,99.9937,0.0033,0.0031,1.60e-08
116,1,11,1204.2351,1204.0917,-3.924120,1.800392,1.729842,99.9927,0.0034,0.0039,1.63e-08
117,1,11,1208.2409,1204.0917,-2.462694,1.801023,1.735132,99.9926,0.0038,0.0036,1.54e-08
118,2,11,1219.6216,1233.7006,-1.942639,1.799860,1.704842,99.9933,0.0028,0.0039,1.83e-08
119,2,11,1223.0825,1233.7006,-2.065164,1.800905,1.712616,99.9931,0.0033,0.0035,1.65e-08
120,2,11,1230.0702,1233.7006,-2.531262,1.801783,1.724384,99.9928,0.0039,0.0033,1.62e-08
121,2,11,1233.7153,1233.7006,-4.923341,1.801153,1.715057,99.9931,0.0034,0.0035,1.58e-08
122,2,11,1245.5421,1233.7006,-2.017801,1.802755,1.725856,99.9928,0.0030,0.0042,1.64e-08
123,8,8,1250.5193,1263.3094,-1.994637,1.799749,1.704510,99.9932,0.0034,0.0034,1.39e-08
124,8,8,1256.7741,1263.3094,-2.286247,1.801758,1.697058,99.9935,0.0031,0.0033,1.80e-08
125,8,8,1261.9351,1263.3094,-2.963454,1.799564,1.700899,99.9933,0.0031,0.0036,1.75e-08
126,8,8,1264.9498,1263.3094,-2.886545,1.801393,1.721648,99.9927,0.0036,0.0037,1.58e-08
127,8,8,1270.3711,1263.3094,-2.252599,1.801593,1.705450,99.9932,0.0034,0.0033,1.67e-08
128,3,11,1285.8288,1283.0486,-2.664155,1.801640,1.713516,99.9929,0.0031,0.0040,1.69e-08
129,3,11,1298.6307,1283.0486,-1.915617,1.799976,1.733630,99.9921,0.0031,0.0048,1.48e-08
130,3,11,1300.7738,1283.0486,-1.859651,1.802042,1.719704,99.9927,0.0032,0.0041,1.34e-08
131,3,11,1307.9365,1283.0486,-1.712254,1.800176,1.730510,99.9922,0.0039,0.0039,1.44e-08
132,6,10,1313.1262,1342.2662,-1.663348,1.800988,1.719239,99.9923,0.0039,0.0038,1.39e-08
133,6,10,1315.7243,1342.2662,-1.703907,1.801415,1.714973,99.9925,0.0040,0.0035,1.47e-08
134,6,10,1324.4277,1342.2662,-1.876480,1.802519,1.715389,99.9925,0.0038,0.0036,1.48e-08
135,6,10,1333.0786,1342.2662,-2.164636,1.800567,1.724606,99.9921,0.0037,0.0042,1.29e-08
136,6,10,1338.9293,1342.2662,-2.604501,1.801042,1.718052,99.9924,0.0040,0.0036,1.52e-08
137,6,10,1344.6469,1342.2662,-2.751134,1.800808,1.699011,99.9930,0.0037,0.0033,1.61e-08
138,4,11,1347.2343,1352.1358,-2.440692,1.801098,1.727770,99.9920,0.0038,0.0043,1.34e-08
139,4,11,1356.8381,1352.1358,-2.458713,1.800806,1.724268,99.9921,0.0037,0.0042,1.32e-08
140,4,11,1363.7034,1352.1358,-2.067776,1.800688,1.714527,99.9924,0.0037,0.0039,1.29e-08
141,4,11,1370.0816,1352.1358,-1.877057,1.799385,1.729769,99.9918,0.0034,0.0048,1.43e-08
142,4,11,1382.8152,1352.1358,-1.644174,1.800344,1.733774,99.9917,0.0034,0.0049,1.24e-08
143,4,11,1384.8356,1352.1358,-1.616476,1.801657,1.739863,99.9915,0.0047,0.0038,1.41e-08
144,4,11,1390.4595,1352.1358,-1.547553,1.801529,1.722217,99.9922,0.0041,0.0037,1.40e-08
145,1,12,1400.8170,1431.0926,-1.674575,1.801580,1.716915,99.9919,0.0041,0.0040,1.44e-08
146,1,12,1403.2427,1431.0926,-1.710844,1.801557,1.713339,99.9921,0.0039,0.0040,1.12e-08
147,1,12,1412.7337,1431.0926,-1.891820,1.801395,1.727001,99.9915,0.0042,0.0043,1.32e-08
148,1,12,1416.3258,1431.0926,-1.986379,1.801026,1.722348,99.9917,0.0040,0.0043,1.07e-08
149,1,12,1430.4944,1431.0926,-3.378802,1.801649,1.736886,99.9911,0.0040,0.0048,1.31e-08
150,5,11,1436.2589,1440.9622,-2.486248,1.800954,1.728576,99.9914,0.0042,0.0044,1.23e-08
151,5,11,1441.6561,1440.9622,-3.317412,1.800966,1.730177,99.9913,0.0047,0.0040,1.13e-08
152,5,11,1447.4107,1440.9622,-2.349195,1.801813,1.730922,99.9913,0.0042,0.0045,1.11e-08
153,2,12,1453.6053,1460.7015,-2.313539,1.801643,1.728261,99.9913,0.0037,0.0051,1.32e-08
154,2,12,1464.4500,1460.7015,-2.590699,1.801315,1.732042,99.9911,0.0051,0.0038,1.13e-08
155,7,10,1472.8120,1470.5711,-2.817047,1.801087,1.728191,99.9912,0.0052,0.0036,1.21e-08
156,7,10,1475.6675,1470.5711,-2.460217,1.800463,1.733694,99.9910,0.0051,0.0040,1.24e-08
157,7,10,1486.9192,1470.5711,-1.954017,1.802039,1.733821,99.9910,0.0044,0.0045,1.16e-08
158,3,12,1492.3897,1510.0495,-1.932006,1.800877,1.718140,99.9914,0.0047,0.0039,1.29e-08
159,3,12,1497.7102,1510.0495,-2.087703,1.801621,1.734384,99.9908,0.0051,0.0041,1.07e-08
160,3,12,1505.6936,1510.0495,-2.539921,1.801457,1.736277,99.9907,0.0044,0.0049,1.04e-08
161,3,12,1511.2367,1510.0495,-3.104457,1.801649,1.733665,99.9908,0.0045,0.0047,1.04e-08
162,3,12,1521.4055,1510.0495,-2.123764,1.801451,1.735993,99.9907,0.0047,0.0045,1.03e-08
163,3,12,1524.2904,1510.0495,-2.025453,1.799529,1.726489,99.9910,0.0046,0.0043,1.19e-08
164,6,11,1532.5599,1549.5279,-1.960570,1.800644,1.736764,99.9904,0.0057,0.0039,1.14e-08
165,6,11,1540.9238,1549.5279,-2.255492,1.800596,1.723524,99.9909,0.0045,0.0046,1.17e-08
166,6,11,1546.7925,1549.5279,-2.753172,1.801871,1.744686,99.9901,0.0042,0.0057,1.02e-08
167,6,11,1553.9120,1549.5279,-2.548323,1.799943,1.737396,99.9903,0.0045,0.0052,1.15e-08
168,6,11,1556.8510,1549.5279,-2.325501,1.799942,1.745015,99.9900,0.0052,0.0048,1.04e-08
169,6,11,1558.9733,1549.5279,-2.214980,1.799960,1.727109,99.9908,0.0045,0.0048,1.04e-08
170,4,12,1572.6780,1579.1367,-2.388278,1.800118,1.737604,99.9901,0.0054,0.0046,9.76e-09
171,4,12,1578.2710,1579.1367,-3.261036,1.802481,1.734943,99.9903,0.0041,0.0056,1.12e-08
172,4,12,1585.4091,1579.1367,-2.400983,1.802570,1.743192,99.9900,0.0056,0.0044,9.65e-09
173,9,9,1594.2934,1598.8759,-2.542715,1.800375,1.751130,99.9894,0.0051,0.0055,9.66e-09
174,9,9,1597.8016,1598.8759,-3.172690,1.800937,1.735941,99.9901,0.0047,0.0052,1.02e-08
175,8,10,1609.5112,1618.6151,-2.249915,1.800400,1.739346,99.9898,0.0050,0.0051,8.93e-09
176,8,10,1618.9089,1618.6151,-3.741055,1.800130,1.729663,99.9903,0.0052,0.0046,1.08e-08
177,8,10,1623.3542,1618.6151,-2.533454,1.801853,1.750898,99.9894,0.0055,0.0051,1.01e-08
178,8,10,1633.9511,1618.6151,-2.023433,1.801168,1.731681,99.9902,0.0041,0.0056,8.83e-09
179,8,10,1642.5113,1618.6151,-1.830815,1.801574,1.740844,99.9898,0.0051,0.0051,1.07e-08
180,5,12,1646.9675,1667.9631,-1.900058,1.801389,1.740691,99.9895,0.0060,0.0045,9.65e-09
181,5,12,1654.7640,1667.9631,-2.101640,1.802206,1.741333,99.9895,0.0052,0.0053,9.24e-09
182,5,12,1660.3850,1667.9631,-2.342621,1.801772,1.730039,99.9900,0.0054,0.0046,1.05e-08
183,5,12,1663.9015,1667.9631,-2.613488,1.802440,1.737024,99.9897,0.0052,0.0051,9.47e-09
184,5,12,1668.3535,1667.9631,-3.630725,1.800421,1.746654,99.9891,0.0061,0.0048,9.50e-09
185,5,12,1672.6141,1667.9631,-2.554640,1.800541,1.741521,99.9894,0.0052,0.0054,8.75e-09
186,1,13,1685.9278,1677.8327,-2.316528,1.802279,1.734135,99.9897,0.0060,0.0043,1.04e-08
187,1,13,1689.7583,1677.8327,-2.148270,1.801772,1.727841,99.9900,0.0051,0.0049,8.90e-09
188,1,13,1690.7017,1677.8327,-2.115206,1.801064,1.740957,99.9893,0.0054,0.0052,9.99e-09
189,2,13,1702.0074,1707.4416,-2.497214,1.801660,1.732000,99.9896,0.0055,0.0049,9.20e-09
190,2,13,1706.6306,1707.4416,-3.323336,1.802084,1.745274,99.9890,0.0051,0.0059,9.17e-09
191,2,13,1711.5715,1707.4416,-2.616403,1.801923,1.735019,99.9895,0.0050,0.0055,9.39e-09
192,2,13,1714.5027,1707.4416,-2.383471,1.800938,1.736728,99.9894,0.0050,0.0056,9.60e-09
193,2,13,1727.1465,1707.4416,-1.937771,1.802466,1.741948,99.9892,0.0056,0.0052,8.06e-09
194,2,13,1729.2094,1707.4416,-1.894530,1.801193,1.739811,99.9892,0.0051,0.0056,9.10e-09
195,3,13,1737.2649,1756.7896,-1.954137,1.800831,1.736053,99.9891,0.0062,0.0047,9.38e-09
196,3,13,1748.5581,1756.7896,-2.329242,1.801556,1.737536,99.9891,0.0060,0.0049,9.12e-09
197,3,13,1754.2220,1756.7896,-2.835194,1.803056,1.735280,99.9893,0.0045,0.0062,8.30e-09
198,3,13,1763.0646,1756.7896,-2.447104,1.802102,1.744355,99.9888,0.0046,0.0067,7.87e-09
199,3,13,1765.1037,1756.7896,-2.324905,1.800788,1.738832,99.9890,0.0061,0.0049,9.26e-09
200,6,12,1778.6380,1776.5288,-2.925454,1.801386,1.738993,99.9889,0.0058,0.0054,9.30e-09
201,9,10,1782.8489,1786.3984,-2.701814,1.802218,1.737028,99.9890,0.0055,0.0055,9.65e-09
202,9,10,1789.6793,1786.3984,-2.735983,1.802729,1.746132,99.9885,0.0056,0.0058,8.49e-09
203,9,10,1792.8257,1786.3984,-2.443949,1.800195,1.741646,99.9886,0.0059,0.0055,9.24e-09
204,9,10,1797.2484,1786.3984,-2.216549,1.801037,1.749550,99.9883,0.0062,0.0055,7.98e-09
205,9,10,1804.8765,1786.3984,-1.985320,1.801517,1.740031,99.9888,0.0052,0.0060,9.10e-09
206,4,13,1813.7742,1825.8768,-2.178591,1.801159,1.728123,99.9891,0.0050,0.0059,9.51e-09
207,4,13,1818.4456,1825.8768,-2.390413,1.802021,1.738974,99.9886,0.0052,0.0062,7.64e-09
208,4,13,1829.8279,1825.8768,-2.664756,1.802484,1.747926,99.9882,0.0061,0.0058,7.96e-09
209,4,13,1836.1408,1825.8768,-2.250153,1.801519,1.739097,99.9886,0.0060,0.0055,7.74e-09
210,4,13,1846.6376,1825.8768,-1.944227,1.802427,1.757404,99.9876,0.0055,0.0068,7.81e-09
211,4,13,1849.9359,1825.8768,-1.880192,1.801719,1.750204,99.9880,0.0052,0.0068,8.37e-09
212,4,13,1852.6009,1825.8768,-1.834569,1.801367,1.741169,99.9885,0.0057,0.0058,8.70e-09
213,4,13,1857.2242,1825.8768,-1.765271,1.801739,1.741322,99.9885,0.0058,0.0057,7.15e-09
214,4,13,1863.6203,1825.8768,-1.684630,1.801698,1.742703,99.9884,0.0056,0.0060,8.71e-09
215,7,12,1873.8196,1904.8336,-1.788299,1.801578,1.742002,99.9879,0.0057,0.0064,7.27e-09
216,7,12,1881.5960,1904.8336,-1.913665,1.801385,1.740594,99.9880,0.0061,0.0059,8.11e-09
217,7,12,1888.7594,1904.8336,-2.073727,1.800448,1.746937,99.9876,0.0061,0.0063,6.48e-09
218,7,12,1905.0362,1904.8336,-3.973396,1.802219,1.742460,99.9880,0.0057,0.0063,7.63e-09
219,5,13,1909.9616,1914.7033,-2.606171,1.801698,1.735969,99.9881,0.0060,0.0059,8.46e-09
220,5,13,1920.9699,1914.7033,-2.485068,1.802344,1.736462,99.9881,0.0052,0.0067,8.79e-09
221,5,13,1925.6234,1914.7033,-2.243874,1.802188,1.735809,99.9881,0.0065,0.0054,7.40e-09
222,5,13,1929.4533,1914.7033,-2.113309,1.802214,1.748076,99.9874,0.0053,0.0073,7.98e-09
223,1,14,1935.7769,1944.3121,-2.357553,1.800204,1.730657,99.9883,0.0054,0.0063,7.35e-09
224,1,14,1940.2816,1944.3121,-2.683409,1.801616,1.754014,99.9870,0.0063,0.0066,7.33e-09
225,1,14,1949.9522,1944.3121,-2.537476,1.801440,1.745990,99.9875,0.0070,0.0055,8.10e-09
226,2,14,1961.8168,1973.9209,-2.212397,1.800478,1.734755,99.9879,0.0055,0.0066,7.78e-09
227,2,14,1969.4945,1973.9209,-2.649279,1.801001,1.736997,99.9878,0.0065,0.0058,7.45e-09
228,2,14,1971.9279,1973.9209,-2.995826,1.802386,1.746422,99.9873,0.0056,0.0071,6.47e-09
229,9,11,1984.5745,1993.6601,-2.341299,1.800096,1.737319,99.9876,0.0054,0.0070,8.27e-09
230,9,11,1988.9997,1993.6601,-2.631233,1.800862,1.744326,99.9872,0.0058,0.0070,7.31e-09
231,9,11,1994.3475,1993.6601,-3.462441,1.800681,1.747472,99.9870,0.0062,0.0068,7.97e-09
232,9,11,2001.5797,1993.6601,-2.400947,1.800633,1.749218,99.9869,0.0068,0.0063,6.03e-09
233,3,14,2008.9843,2023.2689,-2.151185,1.800364,1.736797,99.9874,0.0059,0.0067,8.13e-09
234,3,14,2014.5743,2023.2689,-2.366803,1.801475,1.736503,99.9875,0.0064,0.0061,8.24e-09
235,3,14,2022.1234,2023.2689,-3.247074,1.802096,1.748523,99.9868,0.0072,0.0060,6.65e-09
236,3,14,2027.3332,2023.2689,-2.697065,1.800790,1.742770,99.9871,0.0066,0.0063,8.22e-09
237,3,14,2035.9294,2023.2689,-2.203604,1.800141,1.743989,99.9869,0.0064,0.0067,6.12e-09
238,8,12,2043.9213,2052.8777,-2.360229,1.801662,1.748596,99.9866,0.0058,0.0076,7.75e-09
239,8,12,2048.2988,2052.8777,-2.651605,1.801577,1.749991,99.9865,0.0060,0.0075,6.95e-09
240,8,12,2051.1797,2052.8777,-3.082424,1.801064,1.755560,99.9861,0.0071,0.0068,6.19e-09
241,8,12,2064.2083,2052.8777,-2.258112,1.801149,1.750380,99.9864,0.0076,0.0060,6.76e-09
242,8,12,2065.2962,2052.8777,-2.218294,1.801216,1.749323,99.9865,0.0074,0.0062,6.44e-09
243,4,14,2074.8065,2092.3561,-2.076367,1.801175,1.740191,99.9868,0.0065,0.0067,6.88e-09
244,4,14,2080.9615,2092.3561,-2.263936,1.801939,1.753848,99.9860,0.0073,0.0067,6.85e-09
245,4,14,2089.9647,2092.3561,-2.941969,1.801957,1.744329,99.9866,0.0068,0.0066,6.42e-09
246,4,14,2099.2236,2092.3561,-2.483842,1.801535,1.744201,99.9866,0.0066,0.0068,7.06e-09
247,4,14,2106.6231,2092.3561,-2.166303,1.801408,1.755077,99.9859,0.0078,0.0063,6.02e-09
248,4,14,2110.4115,2092.3561,-2.064029,1.801013,1.755757,99.9858,0.0078,0.0064,6.79e-09
249,4,14,2121.0198,2092.3561,-1.863304,1.801132,1.750625,99.9862,0.0075,0.0063,7.46e-09
250,7,13,2128.1792,2151.5738,-1.963642,1.801589,1.753564,99.9856,0.0083,0.0061,6.93e-09
251,7,13,2129.1290,2151.5738,-1.981641,1.800487,1.744479,99.9862,0.0076,0.0063,6.87e-09
252,7,13,2143.4868,2151.5738,-2.424971,1.801286,1.750011,99.9859,0.0084,0.0057,6.63e-09
253,7,13,2145.9768,2151.5738,-2.584801,1.801473,1.753744,99.9856,0.0071,0.0073,5.79e-09
254,7,13,2149.6924,2151.5738,-3.058294,1.801671,1.743994,99.9863,0.0075,0.0062,6.64e-09
255,7,13,2154.4949,2151.5738,-2.867199,1.801829,1.749138,99.9860,0.0076,0.0065,5.94e-09
256,7,13,2160.6333,2151.5738,-2.375649,1.801658,1.752119,99.9857,0.0071,0.0071,7.03e-09
257,7,13,2164.3885,2151.5738,-2.225047,1.801099,1.755990,99.9854,0.0072,0.0073,6.64e-09
258,5,14,2168.9550,2181.1826,-2.251353,1.801265,1.747188,99.9858,0.0063,0.0079,7.12e-09
259,5,14,2176.7060,2181.1826,-2.687744,1.800621,1.751857,99.9855,0.0067,0.0078,5.93e-09
260,5,14,2181.3526,2181.1826,-4.108200,1.800452,1.755641,99.9852,0.0073,0.0075,6.25e-09
261,5,14,2187.3748,2181.1826,-2.546847,1.801485,1.749331,99.9857,0.0078,0.0065,5.77e-09
262,5,14,2194.7781,2181.1826,-2.205296,1.800295,1.751881,99.9854,0.0068,0.0077,6.11e-09
263,9,12,2204.9752,2220.6610,-2.150977,1.802724,1.749853,99.9854,0.0074,0.0073,7.06e-09
264,9,12,2213.3808,2220.6610,-2.484341,1.802610,1.755655,99.9850,0.0078,0.0072,6.17e-09
265,9,12,2214.6258,2220.6610,-2.565789,1.801796,1.753841,99.9850,0.0078,0.0071,6.79e-09
266,9,12,2220.8942,2220.6610,-3.978705,1.802012,1.748875,99.9854,0.0076,0.0070,6.66e-09
267,9,12,2224.4976,2220.6610,-2.762537,1.802804,1.755195,99.9850,0.0072,0.0078,4.77e-09
268,1,15,2229.3709,2230.5306,-3.284046,1.801002,1.752309,99.9852,0.0074,0.0073,7.12e-09
269,2,15,2250.3426,2260.1394,-2.363049,1.801501,1.753841,99.9849,0.0080,0.0071,6.44e-09
270,2,15,2257.4656,2260.1394,-2.927002,1.800267,1.753906,99.9848,0.0070,0.0082,5.96e-09
271,2,15,2261.3516,2260.1394,-3.270570,1.801050,1.754611,99.9848,0.0079,0.0073,6.04e-09
272,2,15,2266.1269,2260.1394,-2.576890,1.801468,1.761664,99.9843,0.0078,0.0079,5.51e-09
273,2,15,2272.5160,2260.1394,-2.261533,1.799830,1.751896,99.9849,0.0070,0.0082,6.29e-09
274,6,14,2276.7457,2289.7482,-2.245761,1.802163,1.751175,99.9848,0.0081,0.0070,5.86e-09
275,6,14,2283.1746,2289.7482,-2.541980,1.802120,1.757885,99.9844,0.0080,0.0076,5.65e-09
276,8,13,2301.7815,2299.6178,-3.026461,1.801264,1.759350,99.9841,0.0077,0.0081,5.49e-09
277,3,15,2307.7003,2309.4874,-3.111348,1.803128,1.758975,99.9841,0.0080,0.0079,5.89e-09
278,3,15,2311.0675,2309.4874,-3.164833,1.801827,1.759186,99.9840,0.0074,0.0086,6.08e-09
279,3,15,2314.1946,2309.4874,-2.690753,1.801297,1.754159,99.9843,0.0068,0.0089,5.90e-09
280,3,15,2320.3994,2309.4874,-2.325613,1.801691,1.751659,99.9845,0.0073,0.0081,5.79e-09
281,3,15,2334.3839,2309.4874,-1.967378,1.802284,1.753964,99.9844,0.0084,0.0072,5.46e-09
282,4,15,2344.1745,2378.5747,-1.839757,1.800967,1.755344,99.9840,0.0067,0.0093,6.05e-09
283,4,15,2357.6314,2378.5747,-2.055272,1.800339,1.753361,99.9841,0.0078,0.0081,5.59e-09
284,4,15,2370.7260,2378.5747,-2.481519,1.801753,1.755107,99.9840,0.0082,0.0077,6.28e-09
285,4,15,2372.9896,2378.5747,-2.629290,1.801096,1.763337,99.9834,0.0090,0.0077,6.15e-09
286,4,15,2374.8424,2378.5747,-2.804348,1.800898,1.751833,99.9842,0.0095,0.0063,4.92e-09
287,11,11,2385.0079,2388.4443,-2.842020,1.799965,1.759677,99.9836,0.0076,0.0088,5.80e-09
288,11,11,2388.1832,2388.4443,-3.961284,1.800923,1.749567,99.9844,0.0078,0.0078,5.81e-09
289,11,11,2396.7194,2388.4443,-2.460341,1.800900,1.759619,99.9836,0.0091,0.0072,5.17e-09
290,10,12,2409.0703,2408.1835,-3.433867,1.799202,1.751991,99.9839,0.0077,0.0084,6.16e-09
291,7,14,2419.8286,2418.0531,-3.134150,1.799526,1.753869,99.9837,0.0079,0.0084,5.23e-09
292,7,14,2425.5257,2418.0531,-2.509994,1.800331,1.757524,99.9835,0.0091,0.0074,6.27e-09
293,7,14,2432.3483,2418.0531,-2.228274,1.800977,1.751824,99.9840,0.0067,0.0093,4.70e-09
294,7,14,2438.5378,2418.0531,-2.072036,1.801534,1.762018,99.9833,0.0082,0.0085,5.30e-09
295,7,14,2441.9428,2418.0531,-2.005255,1.800606,1.754747,99.9837,0.0091,0.0072,5.79e-09
296,5,15,2456.1070,2467.4011,-2.339388,1.801704,1.755670,99.9834,0.0088,0.0079,5.48e-09
297,5,15,2458.3765,2467.4011,-2.436811,1.801355,1.756875,99.9832,0.0086,0.0082,4.87e-09
298,5,15,2462.7859,2467.4011,-2.728053,1.800877,1.761166,99.9829,0.0093,0.0078,5.14e-09
299,5,15,2474.6932,2467.4011,-2.529389,1.800813,1.754089,99.9834,0.0083,0.0083,3.97e-09
300,5,15,2480.1671,2467.4011,-2.286186,1.800752,1.766877,99.9824,0.0088,0.0088,5.72e-09
301,5,15,2494.4294,2467.4011,-1.960422,1.801544,1.758278,99.9832,0.0099,0.0070,4.43e-09
302,5,15,2500.1904,2467.4011,-1.876508,1.800582,1.763179,99.9827,0.0087,0.0087,5.59e-09
303,5,15,2502.6704,2467.4011,-1.844843,1.801274,1.764932,99.9826,0.0088,0.0086,5.28e-09
304,5,15,2510.4236,2467.4011,-1.758544,1.800887,1.763355,99.9827,0.0092,0.0081,5.64e-09
305,8,14,2520.8468,2566.0971,-1.753651,1.800254,1.756345,99.9826,0.0096,0.0077,4.76e-09
306,8,14,2521.4371,2566.0971,-1.759354,1.801054,1.756075,99.9827,0.0084,0.0089,5.72e-09
307,8,14,2530.2013,2566.0971,-1.854229,1.800268,1.758331,99.9825,0.0086,0.0089,5.23e-09
308,8,14,2533.0207,2566.0971,-1.889755,1.801055,1.758522,99.9825,0.0096,0.0078,4.72e-09
309,8,14,2546.8297,2566.0971,-2.124449,1.800382,1.757341,99.9826,0.0095,0.0079,4.65e-09
310,8,14,2547.6880,2566.0971,-2.144240,1.799584,1.762883,99.9821,0.0099,0.0081,4.96e-09
311,8,14,2554.4536,2566.0971,-2.343189,1.800620,1.766432,99.9818,0.0085,0.0096,4.77e-09
312,8,14,2566.0425,2566.0971,-4.671537,1.799356,1.764740,99.9819,0.0087,0.0094,5.13e-09
313,6,15,2574.5150,2575.9667,-3.249048,1.801438,1.757732,99.9824,0.0094,0.0082,5.31e-09
314,6,15,2579.1569,2575.9667,-2.907131,1.801793,1.763159,99.9819,0.0094,0.0086,5.31e-09
315,6,15,2590.1836,2575.9667,-2.258136,1.801439,1.759954,99.9822,0.0101,0.0077,4.70e-09
316,11,12,2600.3007,2615.4452,-2.237291,1.801183,1.761954,99.9818,0.0092,0.0089,3.89e-09
317,11,12,2604.7105,2615.4452,-2.386757,1.801347,1.770421,99.9811,0.0088,0.0101,5.25e-09
318,11,12,2619.6304,2615.4452,-2.795824,1.801647,1.771171,99.9811,0.0098,0.0091,4.72e-09
319,11,12,2626.7966,2615.4452,-2.362496,1.800716,1.768318,99.9813,0.0106,0.0082,4.63e-09
320,10,13,2636.0471,2654.9236,-2.148132,1.802242,1.766970,99.9812,0.0088,0.0100,4.26e-09
321,10,13,2638.5256,2654.9236,-2.209261,1.801200,1.769245,99.9809,0.0094,0.0097,5.10e-09
322,10,13,2646.4982,2654.9236,-2.498462,1.802266,1.768375,99.9811,0.0097,0.0092,4.52e-09
323,10,13,2654.5506,2654.9236,-3.852397,1.801292,1.767798,99.9810,0.0097,0.0093,4.26e-09
324,10,13,2661.7623,2654.9236,-2.589080,1.801121,1.768826,99.9809,0.0110,0.0081,4.40e-09
325,10,13,2672.9172,2654.9236,-2.168935,1.800978,1.767397,99.9810,0.0100,0.0090,4.37e-09
326,7,15,2684.6284,2704.2716,-2.138837,1.801674,1.763848,99.9810,0.0108,0.0082,4.57e-09
327,7,15,2689.1064,2704.2716,-2.251202,1.801292,1.765509,99.9808,0.0094,0.0098,4.57e-09
328,7,15,2700.0322,2704.2716,-2.804748,1.801543,1.768459,99.9806,0.0101,0.0093,4.49e-09
329,7,15,2709.0638,2704.2716,-2.751513,1.801192,1.765524,99.9808,0.0096,0.0096,4.43e-09
330,9,14,2720.4550,2733.8804,-2.308851,1.800737,1.761274,99.9811,0.0097,0.0092,4.33e-09
331,9,14,2724.7917,2733.8804,-2.478277,1.800142,1.761179,99.9810,0.0099,0.0090,4.00e-09
332,9,14,2732.7176,2733.8804,-3.371275,1.800724,1.763865,99.9808,0.0113,0.0079,3.96e-09
333,9,14,2748.8490,2733.8804,-2.261599,1.800629,1.773318,99.9800,0.0097,0.0103,4.11e-09
334,9,14,2758.5449,2733.8804,-2.044708,1.801018,1.769562,99.9804,0.0087,0.0109,3.98e-09
335,9,14,2762.8376,2733.8804,-1.975024,1.800626,1.765066,99.9807,0.0086,0.0106,4.86e-09
336,9,14,2767.8612,2733.8804,-1.905546,1.800535,1.764827,99.9807,0.0115,0.0077,4.83e-09
337,12,12,2791.3830,2842.4461,-1.745585,1.801115,1.761174,99.9804,0.0095,0.0102,4.47e-09
338,12,12,2794.1989,2842.4461,-1.770220,1.800238,1.761520,99.9803,0.0101,0.0096,3.49e-09
339,12,12,2803.4981,2842.4461,-1.863207,1.800508,1.767203,99.9798,0.0106,0.0096,4.26e-09
340,12,12,2806.2126,2842.4461,-1.894583,1.800498,1.756600,99.9807,0.0100,0.0093,4.35e-09
341,12,12,2820.7280,2842.4461,-2.116871,1.800451,1.765471,99.9799,0.0103,0.0098,3.44e-09
342,12,12,2828.9343,2842.4461,-2.322980,1.800906,1.765717,99.9799,0.0090,0.0111,3.94e-09
343,12,12,2837.4744,2842.4461,-2.757193,1.800907,1.770392,99.9795,0.0096,0.0109,3.65e-09
344,8,15,2856.5661,2852.3157,-2.826765,1.801448,1.771600,99.9791,0.0094,0.0115,3.96e-09
345,11,13,2862.4731,2862.1853,-3.997611,1.802110,1.764046,99.9799,0.0116,0.0085,3.31e-09
346,11,13,2870.8873,2862.1853,-2.517077,1.801339,1.775121,99.9788,0.0100,0.0112,3.88e-09
347,11,13,2888.9189,2862.1853,-2.029640,1.801546,1.777503,99.9786,0.0097,0.0116,4.08e-09
348,10,14,2895.6193,2921.4029,-2.054247,1.800733,1.768804,99.9789,0.0084,0.0127,3.72e-09
349,10,14,2901.7420,2921.4029,-2.171988,1.801568,1.766807,99.9792,0.0110,0.0098,3.26e-09
350,10,14,2910.0781,2921.4029,-2.411562,1.801914,1.773414,99.9786,0.0108,0.0106,3.96e-09
351,10,14,2926.5340,2921.4029,-2.755380,1.800835,1.777084,99.9781,0.0126,0.0093,4.21e-09
352,10,14,2941.0189,2921.4029,-2.172981,1.801987,1.770271,99.9789,0.0110,0.0101,2.83e-09
353,10,14,2945.0542,2921.4029,-2.091737,1.801246,1.776788,99.9782,0.0102,0.0116,4.07e-09
354,10,14,2956.5558,2921.4029,-1.919630,1.801062,1.772190,99.9786,0.0129,0.0084,3.55e-09
355,10,14,2960.4955,2921.4029,-1.873497,1.800143,1.773411,99.9784,0.0107,0.0109,3.49e-09
356,10,14,2967.6004,2921.4029,-1.800973,1.801398,1.778366,99.9781,0.0109,0.0110,3.50e-09
357,9,15,2972.4891,3020.0989,-1.802324,1.801238,1.771301,99.9781,0.0100,0.0120,4.11e-09
358,9,15,2990.9009,3020.0989,-2.014668,1.801127,1.771506,99.9780,0.0114,0.0106,3.20e-09
359,9,15,2998.7268,3020.0989,-2.150174,1.801537,1.773126,99.9779,0.0121,0.0100,3.70e-09
360,9,15,3008.8058,3020.0989,-2.427206,1.800958,1.773975,99.9778,0.0099,0.0123,3.66e-09
361,9,15,3017.1442,3020.0989,-3.009500,1.801524,1.775232,99.9777,0.0096,0.0127,3.66e-09
362,9,15,3028.3962,3020.0989,-2.561087,1.800803,1.774192,99.9777,0.0117,0.0106,3.74e-09
363,9,15,3036.0846,3020.0989,-2.276290,1.801854,1.775232,99.9777,0.0116,0.0107,3.58e-09
364,9,15,3050.2608,3020.0989,-2.000563,1.801805,1.778692,99.9773,0.0123,0.0104,3.01e-09
365,12,13,3055.5917,3089.1862,-1.963577,1.801878,1.775616,99.9770,0.0117,0.0113,3.42e-09
366,12,13,3069.1828,3089.1862,-2.188740,1.801988,1.776260,99.9770,0.0138,0.0092,2.81e-09
367,12,13,3072.6763,3089.1862,-2.272101,1.802660,1.771002,99.9776,0.0104,0.0120,3.47e-09
368,12,13,3084.3612,3089.1862,-2.806347,1.802130,1.766126,99.9780,0.0089,0.0131,3.68e-09
369,12,13,3092.0864,3089.1862,-3.027414,1.801727,1.774470,99.9771,0.0116,0.0113,3.56e-09
370,12,13,3099.3757,3089.1862,-2.481688,1.801988,1.779189,99.9766,0.0128,0.0105,3.23e-09
371,12,13,3104.7450,3089.1862,-2.297868,1.802126,1.782824,99.9763,0.0111,0.0126,3.56e-09
372,11,14,3114.0272,3128.6646,-2.329894,1.802347,1.780931,99.9762,0.0144,0.0094,3.46e-09
373,11,14,3126.9963,3128.6646,-3.273074,1.801755,1.773463,99.9770,0.0111,0.0120,3.88e-09
374,11,14,3133.6899,3128.6646,-2.794193,1.802377,1.777675,99.9766,0.0118,0.0116,3.65e-09
375,11,14,3135.9086,3128.6646,-2.635378,1.801880,1.778386,99.9765,0.0105,0.0131,3.54e-09
376,11,14,3140.4686,3128.6646,-2.423331,1.802041,1.781187,99.9762,0.0118,0.0120,2.91e-09
377,11,14,3149.4712,3128.6646,-2.177157,1.802404,1.782060,99.9761,0.0129,0.0110,3.62e-09
378,11,14,3165.1326,3128.6646,-1.933447,1.802106,1.781032,99.9762,0.0114,0.0124,3.41e-09
379,10,15,3169.7991,3207.6214,-1.928435,1.802779,1.771671,99.9765,0.0105,0.0130,3.42e-09
380,10,15,3177.5620,3207.6214,-2.028203,1.802996,1.771632,99.9765,0.0120,0.0115,3.67e-09
381,10,15,3189.6924,3207.6214,-2.252625,1.803170,1.764955,99.9772,0.0118,0.0110,4.10e-09
382,10,15,3195.3310,3207.6214,-2.416615,1.802452,1.776183,99.9759,0.0123,0.0117,3.39e-09
383,10,15,3215.2498,3207.6214,-2.623754,1.803505,1.763372,99.9774,0.0131,0.0095,3.92e-09
384,10,15,3227.5662,3207.6214,-2.206353,1.803177,1.778472,99.9758,0.0134,0.0108,3.51e-09
385,10,15,3233.1001,3207.6214,-2.100007,1.803123,1.780865,99.9755,0.0113,0.0132,3.53e-09
386,10,15,3243.7804,3207.6214,-1.947967,1.803252,1.776489,99.9760,0.0114,0.0126,3.80e-09
387,10,15,3246.0472,3207.6214,-1.921560,1.802534,1.776249,99.9760,0.0131,0.0110,3.58e-09
388,10,15,3254.7901,3207.6214,-1.832530,1.803001,1.783925,99.9751,0.0114,0.0134,3.32e-09
389,10,15,3263.7605,3207.6214,-1.756918,1.802463,1.778655,99.9757,0.0108,0.0135,2.93e-09
390,13,13,3286.4117,3335.9263,-1.828484,1.803226,1.773301,99.9753,0.0127,0.0120,2.64e-09
391,13,13,3298.3511,3335.9263,-1.948316,1.803019,1.787139,99.9737,0.0153,0.0110,2.37e-09
392,13,13,3303.6769,3335.9263,-2.014695,1.803419,1.775947,99.9750,0.0123,0.0127,3.05e-09
393,13,13,3336.6738,3335.9263,-3.649622,1.803895,1.780853,99.9745,0.0117,0.0138,3.03e-09
394,12,14,3353.8125,3355.6655,-3.257908,1.801285,1.782327,99.9744,0.0115,0.0141,2.57e-09
395,12,14,3364.5009,3355.6655,-2.579551,1.800441,1.777267,99.9749,0.0116,0.0135,3.10e-09
396,12,14,3384.4368,3355.6655,-2.066819,1.800755,1.784978,99.9740,0.0129,0.0130,2.54e-09
397,11,15,3388.6868,3414.8831,-2.115136,1.802996,1.774046,99.9748,0.0119,0.0133,2.97e-09
398,11,15,3401.2886,3414.8831,-2.400013,1.801989,1.781490,99.9738,0.0138,0.0124,2.56e-09
399,11,15,3412.6402,3414.8831,-3.182555,1.802415,1.776977,99.9744,0.0129,0.0126,2.88e-09
400,11,15,3441.5422,3414.8831,-2.107530,1.802444,1.791717,99.9726,0.0148,0.0126,2.02e-09
401,11,15,3446.0849,3414.8831,-2.039196,1.802988,1.792194,99.9726,0.0165,0.0109,2.18e-09
402,11,15,3455.3971,3414.8831,-1.925771,1.803569,1.792885,99.9726,0.0136,0.0139,3.03e-09
403,11,15,3468.3601,3414.8831,-1.805209,1.803558,1.792376,99.9726,0.0135,0.0139,2.12e-09
404,11,15,3508.5975,3414.8831,-1.561570,1.802266,1.773950,99.9747,0.0157,0.0095,2.76e-09
405,13,14,3526.2274,3602.4056,-1.674762,1.800079,1.766344,99.9744,0.0167,0.0089,2.73e-09
406,13,14,3568.4240,3602.4056,-2.025349,1.800974,1.777880,99.9731,0.0130,0.0139,2.41e-09
407,13,14,3579.7497,3602.4056,-2.201412,1.800162,1.779921,99.9728,0.0136,0.0136,2.15e-09
408,13,14,3593.9051,3602.4056,-2.627148,1.800264,1.784817,99.9722,0.0168,0.0110,1.92e-09
409,13,14,3605.0514,3602.4056,-3.134030,1.800767,1.780158,99.9728,0.0102,0.0170,2.58e-09
410,12,15,3633.0016,3641.8840,-2.612794,1.802727,1.798710,99.9699,0.0122,0.0179,2.25e-09
411,12,15,3676.8923,3641.8840,-2.017156,1.802867,1.788777,99.9712,0.0141,0.0147,2.09e-09
412,12,15,3698.0410,3641.8840,-1.811922,1.802596,1.786996,99.9714,0.0141,0.0144,1.92e-09
413,12,15,3704.8489,3641.8840,-1.762228,1.801856,1.786012,99.9715,0.0126,0.0159,2.26e-09
414,12,15,3724.1384,3641.8840,-1.646167,1.801909,1.798517,99.9698,0.0121,0.0181,2.19e-09
415,12,15,3728.8666,3641.8840,-1.621894,1.803312,1.794316,99.9705,0.0140,0.0155,2.60e-09
416,12,15,3735.6826,3641.8840,-1.589130,1.802779,1.789911,99.9711,0.0128,0.0161,2.13e-09
417,12,15,3747.8176,3641.8840,-1.536292,1.802245,1.799544,99.9697,0.0114,0.0189,2.30e-09
418,14,14,3755.8011,3868.8849,-1.534185,1.798894,1.788541,99.9698,0.0117,0.0185,1.99e-09
419,14,14,3766.7216,3868.8849,-1.578291,1.798599,1.789259,99.9697,0.0117,0.0186,2.07e-09
420,14,14,3795.5780,3868.8849,-1.722441,1.799102,1.790965,99.9696,0.0145,0.0159,1.97e-09
421,14,14,3803.2991,3868.8849,-1.770776,1.798120,1.799254,99.9682,0.0182,0.0135,2.05e-09
422,14,14,3808.5035,3868.8849,-1.806682,1.798435,1.777791,99.9713,0.0174,0.0113,1.76e-09
423,14,14,3831.0421,3868.8849,-2.009602,1.798300,1.776802,99.9714,0.0121,0.0165,2.01e-09
424,14,14,3833.8189,3868.8849,-2.042700,1.799191,1.793892,99.9692,0.0124,0.0184,1.90e-09
425,14,14,3865.7982,3868.8849,-3.098084,1.798829,1.800803,99.9681,0.0132,0.0187,1.99e-09
426,13,15,3890.0285,3888.6241,-3.442321,1.800858,1.795598,99.9687,0.0142,0.0171,2.05e-09
427,13,15,3898.7128,3888.6241,-2.585960,1.799733,1.799190,99.9681,0.0144,0.0176,2.05e-09
428,13,15,3906.8679,3888.6241,-2.328682,1.800258,1.781046,99.9707,0.0123,0.0171,1.98e-09
429,13,15,3913.4096,3888.6241,-2.195600,1.801229,1.769907,99.9723,0.0128,0.0149,2.14e-09
430,13,15,3945.7450,3888.6241,-1.833001,1.800177,1.816542,99.9654,0.0209,0.0136,1.68e-09
431,13,15,3953.8753,3888.6241,-1.775208,1.800932,1.796700,99.9686,0.0154,0.0161,1.25e-09
432,13,15,3980.4530,3888.6241,-1.626817,1.800131,1.788844,99.9696,0.0174,0.0130,1.61e-09
433,13,15,4000.5025,3888.6241,-1.541050,1.799917,1.822520,99.9645,0.0250,0.0105,1.69e-09
434,13,15,4012.0503,3888.6241,-1.498389,1.799555,1.804896,99.9672,0.0147,0.0181,1.64e-09
435,14,15,4031.1459,4155.1035,-1.525309,1.801653,1.791230,99.9667,0.0176,0.0156,1.84e-09
436,14,15,4042.5037,4155.1035,-1.567044,1.802669,1.793568,99.9665,0.0153,0.0182,1.64e-09
437,14,15,4057.8540,4155.1035,-1.630695,1.802222,1.750043,99.9726,0.0101,0.0173,1.75e-09
438,14,15,4061.6909,4155.1035,-1.648177,1.801422,1.785662,99.9676,0.0155,0.0170,1.75e-09
439,14,15,4116.8058,4155.1035,-2.035409,1.802140,1.804816,99.9647,0.0193,0.0161,1.64e-09
440,14,15,4136.6144,4155.1035,-2.351668,1.801472,1.808038,99.9640,0.0208,0.0152,1.95e-09
441,14,15,4159.1465,4155.1035,-3.011874,1.801580,1.800181,99.9653,0.0181,0.0166,1.63e-09
442,14,15,4169.8920,4155.1035,-2.448657,1.802675,1.796324,99.9661,0.0198,0.0141,1.61e-09
443,14,15,4171.7791,4155.1035,-2.396500,1.803135,1.797219,99.9660,0.0164,0.0176,1.72e-09
444,14,15,4181.8383,4155.1035,-2.191504,1.802230,1.799365,99.9655,0.0168,0.0177,1.42e-09
445,14,15,4250.2722,4155.1035,-1.640087,1.802106,1.815644,99.9629,0.0114,0.0257,1.48e-09
446,15,15,4340.3253,4441.3220,-1.643205,1.801909,1.804749,99.9624,0.0211,0.0165,1.40e-09
447,15,15,4371.7400,4441.3220,-1.805016,1.801562,1.805276,99.9622,0.0130,0.0248,1.35e-09
448,15,15,4403.0217,4441.3220,-2.064311,1.802048,1.803137,99.9627,0.0259,0.0114,1.49e-09
449,15,15,4411.9847,4441.3220,-2.180092,1.801140,1.803210,99.9625,0.0220,0.0154,1.77e-09
450,15,15,4447.6998,4441.3220,-2.842837,1.801439,1.806932,99.9619,0.0243,0.0138,1.45e-09
451,15,15,4465.7317,4441.3220,-2.259950,1.801079,1.740321,99.9719,0.0084,0.0197,1.29e-09
452,15,15,4528.4513,4441.3220,-1.707348,1.801647,1.805394,99.9622,0.0145,0.0233,1.76e-09
453,15,15,4554.0595,4441.3220,-1.595444,1.801074,1.798590,99.9633,0.0210,0.0157,1.31e-09
454,15,15,4573.2207,4441.3220,-1.527272,1.802255,1.824741,99.9588,0.0262,0.0150,1.05e-09
455,15,15,4595.0791,4441.3220,-1.460677,1.801643,1.812059,99.9610,0.0195,0.0195,1.11e-09
456,15,15,4637.3174,4441.3220,-1.355266,1.801979,1.735221,99.9727,0.0212,0.0061,1.10e-09
457,15,15,4657.5618,4441.3220,-1.312577,1.801871,1.812171,99.9610,0.0343,0.0046,1.53e-09
458,15,15,4701.5841,4441.3220,-1.232101,1.802247,1.766473,99.9685,0.0248,0.0067,1.20e-09
459,15,15,4732.6741,4441.3220,-1.183094,1.802227,1.786594,99.9654,0.0142,0.0204,1.29e-09
460,15,15,4834.8843,4441.3220,-1.052499,1.801851,1.763303,99.9689,0.0211,0.0100,1.11e-09
461,15,15,4844.2008,4441.3220,-1.042338,1.801190,1.793336,99.9642,0.0225,0.0133,1.05e-09
462,15,15,4850.6469,4441.3220,-1.035444,1.801959,1.837627,99.9562,0.0219,0.0218,7.31e-10
463,15,15,4892.3515,4441.3220,-0.993307,1.801814,1.838782,99.9559,0.0193,0.0247,7.01e-10
464,15,15,5057.9626,4441.3220,-0.857480,1.801423,1.832470,99.9572,0.0231,0.0197,1.03e-09
465,15,15,5094.6257,4441.3220,-0.832397,1.801670,1.850946,99.9534,0.0282,0.0185,1.42e-09
466,15,15,5295.8008,4441.3220,-0.715811,1.801027,1.777290,99.9667,0.0213,0.0120,1.54e-09
467,15,15,5300.2218,4441.3220,-0.713570,1.801436,1.878189,99.9471,0.0374,0.0155,6.42e-10
468,15,15,5377.3377,4441.3220,-0.676229,1.802187,1.783517,99.9659,0.0125,0.0215,1.11e-09
469,15,15,5403.0045,4441.3220,-0.664481,1.801954,1.802769,99.9627,0.0134,0.0239,9.96e-10
470,15,15,5737.0479,4441.3220,-0.534999,1.802332,1.923139,99.9351,0.0345,0.0304,6.36e-10
471,15,15,5782.1319,4441.3220,-0.520145,1.801114,1.855872,99.9522,0.0350,0.0127,8.59e-10
472,15,15,5832.5456,4441.3220,-0.504115,1.801166,1.852064,99.9531,0.0120,0.0349,8.32e-10
473,15,15,5863.1426,4441.3220,-0.494667,1.802064,1.843022,99.9551,0.0387,0.0062,7.51e-10
474,15,15,6766.1633,4441.3220,-0.281119,1.801557,1.828498,99.9580,0.0355,0.0065,3.83e-10
475,15,15,6880.2469,4441.3220,-0.260314,1.801619,1.837976,99.9561,0.0197,0.0242,3.06e-10
476,15,15,6942.9818,4441.3220,-0.249284,1.801569,1.839269,99.9558,0.0243,0.0199,3.40e-10
477,15,15,73931.1709,4441.3220,1.194409,1.801886,1.779128,99.9665,0.0073,0.0262,1.86e-12
478,15,15,76233.2911,4441.3220,1.208564,1.801332,1.817227,99.9601,0.0082,0.0317,2.23e-12
479,15,15,76980.6045,4441.3220,1.213061,1.801867,1.819242,99.9597,0.0321,0.0082,2.01e-12
480,15,15,77272.8194,4441.3220,1.214807,1.801520,1.758144,99.9696,0.0242,0.0062,2.27e-12
481,15,15,79523.3848,4441.3220,1.228024,1.801861,1.796829,99.9637,0.0066,0.0298,3.06e-12
482,15,15,80565.9287,4441.3220,1.234013,1.801910,1.753261,99.9703,0.0073,0.0224,2.44e-12
483,15,15,80853.6486,4441.3220,1.235651,1.801909,1.755176,99.9700,0.0228,0.0072,1.65e-12
484,15,15,80902.3663,4441.3220,1.235928,1.801533,1.792480,99.9644,0.0091,0.0265,1.14e-12
485,15,15,81334.1581,4441.3220,1.238374,1.801720,1.852123,99.9532,0.0102,0.0366,2.24e-12
486,15,15,81349.0351,4441.3220,1.238458,1.801440,1.828592,99.9579,0.0335,0.0086,2.32e-12
487,15,15,82159.0064,4441.3220,1.243008,1.801549,1.768220,99.9682,0.0255,0.0063,1.29e-12
488,15,15,82393.6787,4441.3220,1.244317,1.801492,1.746803,99.9712,0.0043,0.0245,1.65e-12
489,15,15,82744.3885,4441.3220,1.246267,1.801567,1.757770,99.9697,0.0039,0.0264,1.73e-12
490,15,15,82828.3409,4441.3220,1.246732,1.801405,1.815426,99.9604,0.0331,0.0065,3.30e-12
491,15,15,83407.1445,4441.3220,1.249927,1.801570,1.772920,99.9675,0.0085,0.0241,1.51e-12
492,15,15,83864.6549,4441.3220,1.252436,1.801421,1.761060,99.9692,0.0247,0.0061,1.61e-12
493,15,15,84163.7553,4441.3220,1.254068,1.801526,1.819265,99.9597,0.0345,0.0058,2.13e-12
494,15,15,84752.6360,4441.3220,1.257264,1.801718,1.755339,99.9699,0.0263,0.0038,1.97e-12
495,15,15,85173.5462,4441.3220,1.259535,1.801657,1.773400,99.9674,0.0037,0.0289,1.70e-12
496,15,15,85306.9695,4441.3220,1.260252,1.801492,1.801552,99.9629,0.0086,0.0285,1.33e-12
497,15,15,85403.6240,4441.3220,1.260771,1.801405,1.864360,99.9504,0.0389,0.0107,2.51e-12
498,15,15,85690.2059,4441.3220,1.262305,1.801595,1.776956,99.9668,0.0293,0.0038,1.58e-12
499,15,15,85709.2717,4441.3220,1.262407,1.801548,1.771793,99.9677,0.0040,0.0283,1.32e-12
500,15,15,86652.4168,4441.3220,1.267418,1.801530,1.955159,99.9247,0.0640,0.0113,1.87e-12
501,15,15,86930.4282,4441.3220,1.268884,1.801731,1.784520,99.9656,0.0305,0.0038,1.76e-12
502,15,15,87027.8225,4441.3220,1.269397,1.801519,1.955392,99.9246,0.0098,0.0656,1.51e-12
503,15,15,87175.6954,4441.3220,1.270174,1.801628,1.763097,99.9689,0.0276,0.0035,1.48e-12
504,15,15,87313.5123,4441.3220,1.270897,1.801668,1.868184,99.9495,0.0230,0.0275,1.29e-12
505,15,15,87326.7749,4441.3220,1.270966,1.801407,1.942368,99.9290,0.0115,0.0595,1.97e-12
506,15,15,87511.0851,4441.3220,1.271931,1.801647,1.874098,99.9481,0.0268,0.0251,2.32e-12
507,15,15,88794.9356,4441.3220,1.278591,1.801604,1.760438,99.9693,0.0033,0.0274,1.23e-12
508,15,15,89146.0460,4441.3220,1.280395,1.801507,1.980930,99.9152,0.0742,0.0106,2.66e-12
509,15,15,89714.1578,4441.3220,1.283298,1.801597,1.799231,99.9633,0.0332,0.0035,2.23e-12
510,15,15,89743.0644,4441.3220,1.283446,1.801472,1.939517,99.9299,0.0086,0.0615,1.52e-12
511,15,15,89975.5018,4441.3220,1.284627,1.801593,1.806218,99.9621,0.0054,0.0325,1.20e-12
512,15,15,90110.3096,4441.3220,1.285311,1.801566,1.797982,99.9635,0.0314,0.0052,1.36e-12
513,15,15,90207.2778,4441.3220,1.285803,1.801649,1.796070,99.9638,0.0327,0.0035,1.64e-12
514,15,15,91511.6226,4441.3220,1.292358,1.801629,1.831504,99.9573,0.0035,0.0391,1.99e-12
515,15,15,91763.4652,4441.3220,1.293612,1.801649,1.823675,99.9589,0.0039,0.0372,1.24e-12
516,15,15,91837.4417,4441.3220,1.293980,1.801668,1.738327,99.9723,0.0026,0.0252,2.49e-12
517,15,15,92240.7594,4441.3220,1.295979,1.801727,1.832898,99.9571,0.0140,0.0289,1.94e-12
518,15,15,92277.0475,4441.3220,1.296159,1.801481,1.815252,99.9605,0.0269,0.0126,1.65e-12
519,15,15,93026.9634,4441.3220,1.299851,1.801683,1.885114,99.9454,0.0463,0.0083,1.55e-12
520,15,15,93120.2296,4441.3220,1.300308,1.801561,1.873405,99.9483,0.0090,0.0427,2.10e-12
521,15,15,93233.6400,4441.3220,1.300863,1.801595,1.795216,99.9639,0.0338,0.0023,2.07e-12
522,15,15,93527.3010,4441.3220,1.302297,1.801666,1.787913,99.9651,0.0326,0.0022,1.82e-12
523,15,15,93756.2269,4441.3220,1.303412,1.801599,1.861455,99.9511,0.0437,0.0053,1.78e-12
524,15,15,93938.4808,4441.3220,1.304297,1.801556,1.842102,99.9553,0.0073,0.0374,1.84e-12
525,15,15,94005.4586,4441.3220,1.304622,1.801601,1.957841,99.9237,0.0108,0.0655,1.25e-12
526,15,15,94526.6920,4441.3220,1.307142,1.801678,1.777398,99.9668,0.0018,0.0314,8.77e-13
527,15,15,95067.5287,4441.3220,1.309742,1.801582,1.851568,99.9533,0.0286,0.0181,1.01e-12
528,15,15,95459.5323,4441.3220,1.311616,1.801600,1.945696,99.9278,0.0140,0.0581,1.50e-12
529,15,15,95670.8990,4441.3220,1.312623,1.801480,1.948804,99.9269,0.0587,0.0144,1.83e-12
530,15,15,96566.2669,4441.3220,1.316865,1.801608,1.836144,99.9565,0.0401,0.0034,1.16e-12
531,15,15,97762.3225,4441.3220,1.322467,1.801635,1.803080,99.9626,0.0013,0.0361,1.28e-12
532,15,15,98879.7221,4441.3220,1.327636,1.801675,1.851428,99.9532,0.0387,0.0081,1.42e-12
533,15,15,98972.4608,4441.3220,1.328063,1.801593,1.835400,99.9566,0.0071,0.0363,2.31e-12
534,15,15,99230.4526,4441.3220,1.329246,1.801662,1.806763,99.9619,0.0088,0.0292,1.25e-12
535,15,15,99247.5176,4441.3220,1.329324,1.801616,1.837124,99.9563,0.0368,0.0069,1.99e-12
536,15,15,103631.3342,4441.3220,1.348956,1.801503,1.946316,99.9277,0.0506,0.0216,1.13e-12
537,15,15,103834.5767,4441.3220,1.349845,1.801502,1.951594,99.9260,0.0219,0.0521,1.17e-12
538,15,15,103882.3221,4441.3220,1.350053,1.801630,1.875000,99.9480,0.0498,0.0023,1.15e-12
539,15,15,106093.2928,4441.3220,1.359604,1.801649,1.806450,99.9620,0.0015,0.0364,1.91e-12
540,15,15,107405.2855,4441.3220,1.365173,1.801651,1.896449,99.9426,0.0025,0.0550,1.15e-12
541,15,15,108640.6580,4441.3220,1.370353,1.801607,1.825995,99.9584,0.0401,0.0015,1.10e-12
542,15,15,108982.0047,4441.3220,1.371773,1.801484,1.903298,99.9406,0.0033,0.0561,1.13e-12
543,15,15,113021.9807,4441.3220,1.388240,1.801422,1.956040,99.9242,0.0717,0.0040,1.59e-12
544,15,15,113135.2060,4441.3220,1.388693,1.801640,1.945521,99.9280,0.0678,0.0042,1.02e-12
545,15,15,113425.3400,4441.3220,1.389851,1.801436,1.947448,99.9272,0.0038,0.0690,1.63e-12
546,15,15,113549.6168,4441.3220,1.390346,1.801489,1.937589,99.9305,0.0020,0.0676,6.26e-13
547,15,15,115238.1795,4441.3220,1.397015,1.801549,1.944529,99.9283,0.0706,0.0011,9.38e-13
548,15,15,115630.2544,4441.3220,1.398549,1.801351,2.113082,99.8440,0.0929,0.0630,1.20e-12
549,15,15,115857.0982,4441.3220,1.399434,1.801465,2.041692,99.8878,0.0508,0.0614,8.81e-13
550,15,15,115876.6692,4441.3220,1.399511,1.801468,2.033648,99.8919,0.0542,0.0539,1.04e-12
551,15,15,115933.2357,4441.3220,1.399731,1.801437,2.042626,99.8873,0.0617,0.0510,1.43e-12
552,15,15,116393.1036,4441.3220,1.401519,1.801547,1.950364,99.9263,0.0726,0.0011,7.70e-13
553,15,15,119391.1500,4441.3220,1.412996,1.801475,1.972829,99.9182,0.0016,0.0802,1.51e-12
554,15,15,121700.2414,4441.3220,1.421634,1.801600,1.912508,99.9381,0.0073,0.0546,6.72e-13
555,15,15,122501.0174,4441.3220,1.424589,1.801603,1.917221,99.9368,0.0559,0.0073,8.37e-13
556,15,15,132707.0954,4441.3220,1.460599,1.801523,1.996744,99.9088,0.0845,0.0067,8.07e-13
557,15,15,5395312.8328,4441.3220,3.084147,0.147391,3.516574,0.0193,80.0835,19.8972,2.67e-14
558,15,15,5396497.1918,4441.3220,3.084242,0.230483,3.516522,0.0426,19.8892,80.0682,9.62e-15
559,15,15,5658217.2251,4441.3220,3.104826,0.155846,3.516556,0.0281,97.1275,2.8444,2.15e-14
560,15,15,5658700.9608,4441.3220,3.104863,0.117331,3.516578,0.0190,2.8450,97.1361,2.94e-14
561,15,15,5669538.3802,4441.3220,3.105695,0.194293,3.516536,0.0365,47.4985,52.4649,2.67e-14
562,15,15,5669911.5201,4441.3220,3.105724,0.141337,3.516570,0.0206,52.4704,47.5090,3.17e-14
563,15,15,5692188.5431,4441.3220,3.107428,0.129532,3.516569,0.0220,45.5661,54.4119,3.51e-14
564,15,15,5692700.5508,4441.3220,3.107467,0.145395,3.516566,0.0214,54.4092,45.5695,4.26e-14
565,15,15,5708488.7249,4441.3220,3.108671,0.133836,3.516573,0.0207,54.3496,45.6297,4.35e-14
566,15,15,5709305.1479,4441.3220,3.108733,0.121636,3.516572,0.0247,45.6271,54.3482,3.25e-14
567,15,15,5734186.6786,4441.3220,3.110623,0.179104,3.516556,0.0267,97.1022,2.8711,2.92e-14
568,15,15,5735465.6689,4441.3220,3.110720,0.212489,3.516528,0.0403,2.8775,97.0822,3.56e-14
569,15,15,5758317.0780,4441.3220,3.112448,0.168975,3.516547,0.0333,98.9787,0.9881,4.08e-14
570,15,15,5760886.5998,4441.3220,3.112642,0.212887,3.516529,0.0381,0.9895,98.9724,3.32e-14
571,15,15,5761829.3085,4441.3220,3.112713,0.205483,3.516540,0.0338,2.0836,97.8825,3.87e-14
572,15,15,5764825.4591,4441.3220,3.112939,0.219872,3.516526,0.0393,97.8729,2.0878,4.09e-14
573,15,15,5766860.6585,4441.3220,3.113093,0.164969,3.516564,0.0232,95.6893,4.2875,6.33e-14
574,15,15,5767586.8829,4441.3220,3.113147,0.124975,3.516581,0.0181,4.2875,95.6944,3.96e-14
575,15,15,5779756.5891,4441.3220,3.114063,0.133127,3.516573,0.0206,59.2765,40.7028,4.38e-14
576,15,15,5780414.0374,4441.3220,3.114113,0.134852,3.516568,0.0235,40.6936,59.2829,4.10e-14
577,15,15,5788520.0427,4441.3220,3.114722,0.114508,3.516577,0.0179,10.5535,89.4286,4.50e-14
578,15,15,5789317.5942,4441.3220,3.114782,0.139895,3.516567,0.0224,89.4295,10.5481,5.73e-14
579,15,15,5797162.7282,4441.3220,3.115370,0.131004,3.516573,0.0202,88.1554,11.8244,5.70e-14
580,15,15,5797626.5988,4441.3220,3.115405,0.138490,3.516571,0.0224,11.8224,88.1551,5.57e-14
581,15,15,5810535.9286,4441.3220,3.116372,0.164527,3.516551,0.0317,47.8777,52.0906,4.30e-14
582,15,15,5810886.8041,4441.3220,3.116398,0.122235,3.516573,0.0213,52.0972,47.8815,5.49e-14
583,15,15,5829614.1046,4441.3220,3.117797,0.135446,3.516573,0.0183,66.6963,33.2854,3.31e-14
584,15,15,5830022.5719,4441.3220,3.117827,0.122025,3.516574,0.0190,33.2857,66.6952,3.56e-14
585,15,15,5833699.4361,4441.3220,3.118101,0.119917,3.516578,0.0175,65.3874,34.5951,4.38e-14
586,15,15,5834232.4709,4441.3220,3.118141,0.132136,3.516566,0.0187,34.5901,65.3911,4.02e-14
587,15,15,5854571.3778,4441.3220,3.119653,0.105767,3.516579,0.0187,8.0839,91.8975,4.63e-14
588,15,15,5854874.5276,4441.3220,3.119676,0.112672,3.516579,0.0185,91.8962,8.0853,6.46e-14
589,15,15,5860984.3879,4441.3220,3.120129,0.138564,3.516571,0.0229,89.8301,10.1470,3.68e-14
590,15,15,5861413.9974,4441.3220,3.120161,0.078747,3.516597,0.0122,10.1477,89.8400,4.39e-14
591,15,15,5877908.9340,4441.3220,3.121382,0.164890,3.516561,0.0288,20.3200,79.6512,5.32e-14
592,15,15,5878024.1332,4441.3220,3.121391,0.191919,3.516544,0.0334,79.6502,20.3164,5.52e-14
593,15,15,5883609.6749,4441.3220,3.121804,0.174509,3.516550,0.0336,99.8461,0.1204,4.47e-14
594,15,15,5883718.1704,4441.3220,3.121812,0.178014,3.516547,0.0297,0.1191,99.8512,4.16e-14
595,15,15,5892178.4477,4441.3220,3.122436,0.112226,3.516584,0.0162,31.2792,68.7047,5.31e-14
596,15,15,5892562.0862,4441.3220,3.122464,0.136228,3.516568,0.0228,68.6995,31.2776,4.02e-14
597,15,15,5907140.7849,4441.3220,3.123538,0.108874,3.516585,0.0143,34.1016,65.8841,5.37e-14
598,15,15,5907776.6983,4441.3220,3.123585,0.132163,3.516573,0.0188,65.8804,34.1007,4.44e-14
599,15,15,5914240.3189,4441.3220,3.124060,0.106670,3.516581,0.0164,34.5624,65.4211,5.64e-14
600,15,15,5914729.8460,4441.3220,3.124096,0.148363,3.516562,0.0275,65.4152,34.5573,6.71e-14
601,15,15,5916861.7116,4441.3220,3.124253,0.119561,3.516576,0.0181,28.5293,71.4525,5.23e-14
602,15,15,5917114.1931,4441.3220,3.124272,0.139855,3.516566,0.0227,71.4457,28.5316,5.07e-14
603,15,15,5923061.4717,4441.3220,3.124708,0.077112,3.516585,0.0150,0.3152,99.6698,5.60e-14
604,15,15,5923804.2373,4441.3220,3.124763,0.146905,3.516562,0.0248,99.6476,0.3276,6.09e-14
605,15,15,5927352.3009,4441.3220,3.125023,0.084657,3.516589,0.0134,0.9125,99.0741,6.52e-14
606,15,15,5928449.8269,4441.3220,3.125103,0.162252,3.516556,0.0284,99.0292,0.9424,4.37e-14
607,15,15,5931824.1810,4441.3220,3.125351,0.078593,3.516590,0.0146,11.7479,88.2375,4.83e-14
608,15,15,5931992.7239,4441.3220,3.125363,0.112989,3.516576,0.0198,88.2775,11.7026,6.64e-14
609,15,15,5938977.3176,4441.3220,3.125875,0.105499,3.516578,0.0176,98.2042,1.7781,5.42e-14
610,15,15,5940102.5679,4441.3220,3.125957,0.216277,3.516530,0.0369,1.7744,98.1887,3.58e-14
611,15,15,5944560.9502,4441.3220,3.126283,0.106051,3.516585,0.0150,96.7930,3.1920,7.28e-14
612,15,15,5947454.6588,4441.3220,3.126494,0.166461,3.516553,0.0304,3.1867,96.7829,6.14e-14
613,15,15,5959511.7098,4441.3220,3.127375,0.108207,3.516581,0.0179,99.8936,0.0886,5.69e-14
614,15,15,5960012.6497,4441.3220,3.127411,0.133503,3.516574,0.0188,0.0883,99.8929,3.85e-14
615,15,15,5967589.3481,4441.3220,3.127963,0.132700,3.516573,0.0188,4.0813,95.8999,5.77e-14
616,15,15,5969132.0191,4441.3220,3.128076,0.175425,3.516550,0.0317,95.8771,4.0912,4.13e-14
617,15,15,5974654.6466,4441.3220,3.128478,0.145668,3.516571,0.0200,2.4069,97.5731,4.76e-14
618,15,15,5975071.2685,4441.3220,3.128508,0.149441,3.516567,0.0219,97.5852,2.3929,4.01e-14
619,15,15,5987642.7335,4441.3220,3.129421,0.142157,3.516570,0.0209,17.4902,82.4890,6.57e-14
620,15,15,5987873.4092,4441.3220,3.129438,0.147498,3.516564,0.0232,81.0947,18.8820,6.27e-14
621,15,15,5988119.9689,4441.3220,3.129456,0.117646,3.516579,0.0170,2.5620,97.4210,6.11e-14
622,15,15,5988795.6227,4441.3220,3.129505,0.195383,3.516534,0.0393,98.7893,1.1714,3.97e-14
623,15,15,6002005.5177,4441.3220,3.130463,0.139225,3.516578,0.0205,2.5106,97.4689,4.38e-14
624,15,15,6002072.5423,4441.3220,3.130467,0.122846,3.516576,0.0192,2.4660,97.5148,7.08e-14
625,15,15,6002367.5700,4441.3220,3.130489,0.152299,3.516561,0.0259,95.1443,4.8299,3.99e-14
626,15,15,6003305.0824,4441.3220,3.130557,0.155839,3.516557,0.0291,99.8219,0.1490,4.44e-14
627,15,15,6012238.4680,4441.3220,3.131203,0.116532,3.516582,0.0161,9.6190,90.3649,4.67e-14
628,15,15,6012782.8825,4441.3220,3.131242,0.144460,3.516564,0.0249,90.3627,9.6124,4.86e-14
629,15,15,6038769.0391,4441.3220,3.133117,0.126449,3.516574,0.0202,38.2739,61.7059,6.25e-14
630,15,15,6039448.9720,4441.3220,3.133166,0.121880,3.516575,0.0192,61.8550,38.1258,6.03e-14
631,15,15,6040133.8056,4441.3220,3.133215,0.087336,3.516586,0.0154,64.8817,35.1030,5.80e-14
632,15,15,6041073.0840,4441.3220,3.133282,0.132319,3.516571,0.0183,35.0202,64.9616,5.42e-14
633,15,15,6045061.1421,4441.3220,3.133569,0.136727,3.516567,0.0196,27.5372,72.4432,4.85e-14
634,15,15,6045406.6501,4441.3220,3.133594,0.125464,3.516573,0.0198,72.2929,27.6873,5.86e-14
635,15,15,6047488.0591,4441.3220,3.133744,0.112900,3.516577,0.0177,69.2605,30.7218,7.39e-14
636,15,15,6047705.3079,4441.3220,3.133759,0.107677,3.516583,0.0176,30.8154,69.1670,5.26e-14
637,15,15,6053201.1158,4441.3220,3.134154,0.110140,3.516582,0.0171,40.2432,59.7397,4.81e-14
638,15,15,6053884.3471,4441.3220,3.134203,0.110081,3.516578,0.0179,59.7866,40.1954,5.10e-14
639,15,15,6054192.6557,4441.3220,3.134225,0.136496,3.516567,0.0234,86.8089,13.1677,4.69e-14
640,15,15,6054525.0215,4441.3220,3.134249,0.080974,3.516590,0.0145,13.1136,86.8720,5.83e-14
641,15,15,6074042.5504,4441.3220,3.135648,0.100839,3.516585,0.0144,1.6307,98.3549,6.55e-14
642,15,15,6074233.4206,4441.3220,3.135662,0.096952,3.516590,0.0145,97.3404,2.6451,4.72e-14
643,15,15,6074803.1845,4441.3220,3.135702,0.070551,3.516598,0.0102,23.9494,76.0404,6.85e-14
644,15,15,6075543.7250,4441.3220,3.135755,0.096311,3.516584,0.0168,77.0496,22.9336,4.93e-14
645,15,15,6089508.6324,4441.3220,3.136753,0.100417,3.516586,0.0142,93.1112,6.8746,5.43e-14
646,15,15,6090062.2078,4441.3220,3.136793,0.120976,3.516580,0.0192,8.0649,91.9159,6.11e-14
647,15,15,6091278.3724,4441.3220,3.136879,0.113420,3.516578,0.0156,92.9016,7.0828,5.52e-14
648,15,15,6091761.7100,4441.3220,3.136914,0.119211,3.516580,0.0187,5.8921,94.0893,5.98e-14
649,15,15,6102387.6946,4441.3220,3.137671,0.132737,3.516573,0.0208,99.7061,0.2731,7.19e-14
650,15,15,6103381.5557,4441.3220,3.137742,0.169670,3.516554,0.0274,0.2764,99.6962,4.02e-14
651,15,15,6114492.6362,4441.3220,3.138533,0.098851,3.516586,0.0126,99.6715,0.3159,6.25e-14
652,15,15,6114888.2259,4441.3220,3.138561,0.125270,3.516581,0.0175,0.4451,99.5374,5.08e-14
653,15,15,6118550.2684,4441.3220,3.138821,0.090653,3.516591,0.0118,92.1034,7.8848,8.12e-14
654,15,15,6118818.7830,4441.3220,3.138840,0.092659,3.516586,0.0141,7.7565,92.2293,5.09e-14
655,15,15,6121409.1909,4441.3220,3.139024,0.148280,3.516563,0.0250,91.2421,8.7329,7.45e-14
656,15,15,6122688.2129,4441.3220,3.139115,0.212342,3.516528,0.0401,8.7220,91.2379,4.31e-14
657,15,15,6129527.5538,4441.3220,3.139600,0.134848,3.516570,0.0232,68.7304,31.2465,4.78e-14
658,15,15,6129755.2926,4441.3220,3.139616,0.108286,3.516583,0.0168,31.2512,68.7320,5.11e-14
659,15,15,6135229.1595,4441.3220,3.140004,0.094486,3.516588,0.0139,98.0559,1.9302,6.22e-14
660,15,15,6135396.5209,4441.3220,3.140016,0.115803,3.516578,0.0176,1.9217,98.0607,6.15e-14
661,15,15,6137899.8476,4441.3220,3.140193,0.112453,3.516584,0.0178,0.0612,99.9209,5.61e-14
662,15,15,6138272.6193,4441.3220,3.140220,0.131710,3.516572,0.0228,99.9000,0.0771,5.84e-14
663,15,15,6139948.9899,4441.3220,3.140338,0.105664,3.516580,0.0162,0.6461,99.3377,5.92e-14
664,15,15,6140830.8592,4441.3220,3.140401,0.159609,3.516555,0.0261,99.3347,0.6392,5.68e-14
665,15,15,6145850.7053,4441.3220,3.140756,0.074122,3.516594,0.0093,2.3766,97.6141,6.13e-14
666,15,15,6146898.7067,4441.3220,3.140830,0.149809,3.516564,0.0209,97.5816,2.3975,4.80e-14
667,15,15,6147956.2314,4441.3220,3.140905,0.097946,3.516582,0.0171,38.2316,61.7514,6.08e-14
668,15,15,6148152.5158,4441.3220,3.140919,0.113825,3.516580,0.0168,61.7862,38.1970,5.88e-14
669,15,15,6152619.8970,4441.3220,3.141234,0.108982,3.516577,0.0177,0.3328,99.6494,5.01e-14
670,15,15,6153131.7419,4441.3220,3.141270,0.116437,3.516578,0.0197,99.6472,0.3331,6.52e-14
671,15,15,6156358.0809,4441.3220,3.141498,0.148643,3.516566,0.0221,74.8014,25.1764,6.33e-14
672,15,15,6156573.3999,4441.3220,3.141513,0.084844,3.516593,0.0127,25.1809,74.8064,7.13e-14
673,15,15,6157878.8372,4441.3220,3.141606,0.120954,3.516576,0.0162,23.5179,76.4658,5.66e-14
674,15,15,6158171.4746,4441.3220,3.141626,0.113851,3.516578,0.0152,76.4721,23.5127,6.92e-14
675,15,15,6166077.0523,4441.3220,3.142184,0.086296,3.516583,0.0136,36.9255,63.0610,5.58e-14
676,15,15,6166117.5165,4441.3220,3.142187,0.116677,3.516576,0.0148,63.0569,36.9283,6.16e-14
677,15,15,6171231.0854,4441.3220,3.142547,0.075310,3.516599,0.0109,39.3197,60.6694,8.58e-14
678,15,15,6171546.2355,4441.3220,3.142569,0.127017,3.516573,0.0229,60.6618,39.3153,5.56e-14
679,15,15,6177137.8070,4441.3220,3.142963,0.072354,3.516591,0.0124,47.9972,51.9903,7.24e-14
680,15,15,6177559.7003,4441.3220,3.142992,0.158350,3.516559,0.0284,51.9435,48.0281,4.80e-14
681,15,15,6181113.2289,4441.3220,3.143242,0.057611,3.516595,0.0118,81.2722,18.7160,6.87e-14
682,15,15,6181751.1406,4441.3220,3.143287,0.151975,3.516565,0.0252,18.6913,81.2835,4.82e-14
683,15,15,6185794.9241,4441.3220,3.143571,0.094889,3.516589,0.0142,2.6533,97.3326,5.20e-14
684,15,15,6186071.6950,4441.3220,3.143591,0.105742,3.516580,0.0151,96.2967,3.6882,7.60e-14
685,15,15,6187004.5741,4441.3220,3.143656,0.098569,3.516583,0.0144,2.7928,97.1927,6.87e-14
686,15,15,6187880.5827,4441.3220,3.143718,0.124479,3.516573,0.0202,97.9287,2.0511,7.54e-14
687,15,15,6191109.9942,4441.3220,3.143945,0.114833,3.516580,0.0176,35.4668,64.5157,6.50e-14
688,15,15,6191262.5304,4441.3220,3.143955,0.064303,3.516601,0.0125,64.4994,35.4881,1.06e-13
689,15,15,6193568.4106,4441.3220,3.144117,0.106651,3.516584,0.0173,1.4968,98.4859,5.19e-14
690,15,15,6193826.1557,4441.3220,3.144135,0.114792,3.516575,0.0204,98.2759,1.7038,6.98e-14
691,15,15,6194586.4629,4441.3220,3.144189,0.111556,3.516577,0.0186,0.7201,99.2613,6.46e-14
692,15,15,6194825.5119,4441.3220,3.144205,0.139150,3.516570,0.0221,99.8263,0.1516,8.60e-14
693,15,15,6205942.6920,4441.3220,3.144985,0.087684,3.516590,0.0121,2.1131,97.8749,5.05e-14
694,15,15,6206151.1749,4441.3220,3.144999,0.076782,3.516594,0.0110,97.8916,2.0974,6.12e-14
695,15,15,6208625.0639,4441.3220,3.145172,0.083663,3.516588,0.0120,53.5638,46.4242,1.01e-13
696,15,15,6208677.3859,4441.3220,3.145176,0.103802,3.516587,0.0166,46.4277,53.5557,4.97e-14
697,15,15,6212152.5820,4441.3220,3.145419,0.096653,3.516587,0.0142,40.7103,59.2755,6.72e-14
698,15,15,6212627.9732,4441.3220,3.145453,0.107452,3.516580,0.0146,59.2761,40.7093,7.36e-14
699,15,15,6217260.1056,4441.3220,3.145776,0.119503,3.516579,0.0140,16.0444,83.9416,8.05e-14
700,15,15,6217445.9202,4441.3220,3.145789,0.102234,3.516585,0.0128,83.9272,16.0600,8.11e-14
701,15,15,6219026.8127,4441.3220,3.145900,0.102568,3.516583,0.0151,0.1891,99.7958,8.16e-14
702,15,15,6219578.3503,4441.3220,3.145938,0.113070,3.516578,0.0162,99.7877,0.1961,6.63e-14
703,15,15,6224642.3660,4441.3220,3.146292,0.094064,3.516595,0.0120,0.2191,99.7690,6.46e-14
704,15,15,6224950.4123,4441.3220,3.146314,0.122362,3.516576,0.0201,99.7587,0.2213,5.29e-14
705,15,15,6228072.2912,4441.3220,3.146532,0.105413,3.516584,0.0151,97.5148,2.4701,5.87e-14
706,15,15,6228494.4104,4441.3220,3.146561,0.121640,3.516573,0.0153,2.5086,97.4760,6.00e-14
707,15,15,6229749.2608,4441.3220,3.146649,0.109321,3.516582,0.0169,97.4326,2.5505,6.50e-14
708,15,15,6230347.6957,4441.3220,3.146690,0.100065,3.516581,0.0155,2.5252,97.4594,7.71e-14
709,15,15,6239347.0822,4441.3220,3.147318,0.084547,3.516588,0.0113,99.8113,0.1774,7.66e-14
710,15,15,6239775.5254,4441.3220,3.147347,0.094246,3.516589,0.0140,0.1789,99.8072,6.38e-14
711,15,15,6244447.5056,4441.3220,3.147673,0.089014,3.516589,0.0128,6.4695,93.5177,6.00e-14
712,15,15,6244890.5242,4441.3220,3.147704,0.153820,3.516563,0.0233,93.5080,6.4687,4.20e-14
713,15,15,6251253.6820,4441.3220,3.148146,0.083610,3.516592,0.0123,2.1554,97.8323,7.42e-14
714,15,15,6251461.6982,4441.3220,3.148161,0.142823,3.516567,0.0221,97.8153,2.1626,6.55e-14
715,15,15,6255043.6053,4441.3220,3.148410,0.092669,3.516587,0.0137,98.8636,1.1226,6.87e-14
716,15,15,6255126.4967,4441.3220,3.148415,0.098036,3.516587,0.0128,1.2906,98.6966,6.92e-14
717,15,15,6255708.1508,4441.3220,3.148456,0.115448,3.516580,0.0141,6.7647,93.2212,6.28e-14
718,15,15,6256391.4818,4441.3220,3.148503,0.101431,3.516584,0.0160,92.9787,7.0053,1.03e-13
719,15,15,6257586.3449,4441.3220,3.148586,0.113321,3.516583,0.0136,7.6781,92.3083,6.77e-14
720,15,15,6257760.1412,4441.3220,3.148598,0.107417,3.516580,0.0173,92.4360,7.5467,5.69e-14
721,15,15,6259837.8592,4441.3220,3.148743,0.117639,3.516575,0.0185,94.6483,5.3332,7.31e-14
722,15,15,6260111.5925,4441.3220,3.148762,0.122134,3.516575,0.0179,5.3223,94.6599,5.49e-14
723,15,15,6261042.3291,4441.3220,3.148826,0.123485,3.516577,0.0171,89.4810,10.5019,5.23e-14
724,15,15,6261228.9303,4441.3220,3.148839,0.124135,3.516569,0.0193,10.4774,89.5033,5.93e-14
725,15,15,6267692.3905,4441.3220,3.149288,0.092963,3.516591,0.0140,2.7798,97.2062,6.96e-14
726,15,15,6268717.0692,4441.3220,3.149359,0.144539,3.516563,0.0248,97.0476,2.9276,7.04e-14
727,15,15,6270771.2882,4441.3220,3.149501,0.061257,3.516600,0.0089,38.9082,61.0828,6.78e-14
728,15,15,6271245.0514,4441.3220,3.149534,0.088094,3.516585,0.0125,61.9330,38.0545,8.25e-14
729,15,15,6272805.3176,4441.3220,3.149642,0.115002,3.516577,0.0142,94.6255,5.3603,7.78e-14
730,15,15,6273305.0010,4441.3220,3.149677,0.125272,3.516569,0.0185,4.8855,95.0959,6.42e-14
731,15,15,6275632.1624,4441.3220,3.149838,0.076203,3.516595,0.0100,81.0790,18.9110,7.87e-14
732,15,15,6276485.1919,4441.3220,3.149897,0.092942,3.516587,0.0118,18.7403,81.2478,1.02e-13
733,15,15,6279975.0006,4441.3220,3.150138,0.089875,3.516591,0.0153,32.8417,67.1430,8.90e-14
734,15,15,6281106.9535,4441.3220,3.150217,0.165129,3.516559,0.0277,67.8002,32.1721,6.64e-14
735,15,15,6282269.1323,4441.3220,3.150297,0.092074,3.516587,0.0126,34.1650,65.8224,8.24e-14
736,15,15,6282514.9349,4441.3220,3.150314,0.134247,3.516574,0.0193,65.8786,34.1021,6.79e-14
737,15,15,6282801.8083,4441.3220,3.150334,0.093526,3.516587,0.0137,64.1066,35.8797,5.82e-14
738,15,15,6283153.6836,4441.3220,3.150358,0.140256,3.516572,0.0188,35.1055,64.8756,6.26e-14
739,15,15,6286298.9947,4441.3220,3.150576,0.089568,3.516591,0.0143,76.4263,23.5593,8.01e-14
740,15,15,6287048.8046,4441.3220,3.150628,0.110965,3.516582,0.0168,23.5350,76.4482,6.92e-14
741,15,15,6293245.8246,4441.3220,3.151056,0.089753,3.516591,0.0111,83.3054,16.6835,6.28e-14
742,15,15,6293728.0394,4441.3220,3.151089,0.083047,3.516592,0.0123,13.6199,86.3678,9.44e-14
743,15,15,6294037.2835,4441.3220,3.151110,0.090927,3.516590,0.0120,5.6708,94.3172,7.86e-14
744,15,15,6294704.8444,4441.3220,3.151157,0.112967,3.516581,0.0163,97.4230,2.5607,6.77e-14
745,15,15,6295861.1251,4441.3220,3.151236,0.094638,3.516587,0.0137,97.5666,2.4197,6.69e-14
746,15,15,6296156.7609,4441.3220,3.151257,0.108844,3.516586,0.0157,2.3943,97.5900,7.27e-14
747,15,15,6301475.4793,4441.3220,3.151624,0.071843,3.516597,0.0100,97.2718,2.7182,7.48e-14
748,15,15,6302421.0178,4441.3220,3.151689,0.084199,3.516590,0.0121,2.7831,97.2049,4.91e-14
749,15,15,6302928.1534,4441.3220,3.151724,0.096793,3.516590,0.0121,79.0084,20.9794,9.05e-14
750,15,15,6303155.8501,4441.3220,3.151740,0.076839,3.516595,0.0120,20.9448,79.0432,7.95e-14
751,15,15,6305826.0130,4441.3220,3.151924,0.074836,3.516593,0.0092,73.5854,26.4054,7.31e-14
752,15,15,6306113.3471,4441.3220,3.151944,0.070068,3.516593,0.0102,49.7227,50.2671,1.00e-13
753,15,15,6306794.8069,4441.3220,3.151990,0.055248,3.516599,0.0100,41.5133,58.4766,9.97e-14
754,15,15,6306911.0178,4441.3220,3.151999,0.122968,3.516575,0.0150,35.1763,64.8087,6.22e-14
755,15,15,6310188.8696,4441.3220,3.152224,0.067135,3.516592,0.0109,97.0545,2.9345,9.69e-14
756,15,15,6310661.4742,4441.3220,3.152257,0.093075,3.516592,0.0134,2.8124,97.1742,4.99e-14
757,15,15,6311025.4707,4441.3220,3.152282,0.089777,3.516591,0.0142,79.8720,20.1137,6.78e-14
758,15,15,6311269.1435,4441.3220,3.152299,0.090710,3.516586,0.0133,20.1992,79.7874,6.63e-14
759,15,15,6316831.3843,4441.3220,3.152682,0.073874,3.516596,0.0108,69.9643,30.0249,7.91e-14
760,15,15,6317272.8363,4441.3220,3.152712,0.080325,3.516590,0.0115,30.0389,69.9495,6.57e-14
761,15,15,6320931.0768,4441.3220,3.152964,0.060583,3.516604,0.0103,98.6984,1.2913,7.62e-14
762,15,15,6321356.5944,4441.3220,3.152993,0.097831,3.516584,0.0130,2.1734,97.8136,6.91e-14
763,15,15,6321966.3352,4441.3220,3.153035,0.085847,3.516593,0.0112,94.7297,5.2591,7.11e-14
764,15,15,6322425.2610,4441.3220,3.153066,0.085810,3.516591,0.0123,4.4222,95.5654,7.37e-14
765,15,15,6324524.2066,4441.3220,3.153211,0.087439,3.516589,0.0112,98.3695,1.6193,8.07e-14
766,15,15,6324921.1855,4441.3220,3.153238,0.093084,3.516583,0.0132,1.5613,98.4255,7.71e-14
767,15,15,6328116.5143,4441.3220,3.153457,0.103901,3.516578,0.0161,40.3504,59.6335,6.62e-14
768,15,15,6328661.7699,4441.3220,3.153495,0.128108,3.516569,0.0170,59.6458,40.3372,5.47e-14
769,15,15,6332524.5742,4441.3220,3.153760,0.097052,3.516586,0.0112,1.1792,98.8096,7.75e-14
770,15,15,6332691.9215,4441.3220,3.153771,0.082969,3.516592,0.0103,98.7292,1.2605,7.62e-14
771,15,15,6332838.4126,4441.3220,3.153781,0.071183,3.516597,0.0104,0.3873,99.6024,8.97e-14
772,15,15,6334162.0824,4441.3220,3.153872,0.134699,3.516569,0.0198,99.5120,0.4682,6.98e-14
773,15,15,6336779.1240,4441.3220,3.154052,0.091404,3.516596,0.0105,37.5173,62.4722,8.02e-14
774,15,15,6337047.2573,4441.3220,3.154070,0.108636,3.516583,0.0182,64.0178,35.9641,5.18e-14
775,15,15,6337162.9301,4441.3220,3.154078,0.068100,3.516597,0.0100,98.2200,1.7700,8.81e-14
776,15,15,6337484.9958,4441.3220,3.154100,0.067701,3.516597,0.0110,0.3790,99.6100,7.76e-14
777,15,15,6341108.0811,4441.3220,3.154349,0.047998,3.516603,0.0081,96.5237,3.4682,8.68e-14
778,15,15,6341603.2012,4441.3220,3.154383,0.088966,3.516589,0.0113,13.2116,86.7771,8.17e-14
779,15,15,6341792.1489,4441.3220,3.154395,0.090041,3.516593,0.0113,40.3762,59.6125,7.34e-14
780,15,15,6341844.5387,4441.3220,3.154399,0.071978,3.516592,0.0101,49.9268,50.0631,9.83e-14
781,15,15,6343752.1555,4441.3220,3.154530,0.100890,3.516588,0.0145,99.1669,0.8186,4.71e-14
782,15,15,6344133.8478,4441.3220,3.154556,0.122007,3.516570,0.0188,0.8485,99.1327,6.88e-14
783,15,15,6345566.5626,4441.3220,3.154654,0.097638,3.516587,0.0165,13.9294,86.0541,6.46e-14
784,15,15,6345986.9377,4441.3220,3.154683,0.095939,3.516583,0.0143,85.9675,14.0182,6.64e-14
785,15,15,6347887.2258,4441.3220,3.154813,0.062839,3.516599,0.0076,99.5612,0.4312,9.22e-14
786,15,15,6348850.7996,4441.3220,3.154879,0.088811,3.516585,0.0129,2.8264,97.1607,7.68e-14
787,15,15,6349121.9003,4441.3220,3.154898,0.063259,3.516600,0.0081,93.7322,6.2597,8.99e-14
788,15,15,6349714.7500,4441.3220,3.154938,0.088947,3.516587,0.0128,46.9639,53.0233,7.91e-14
789,15,15,6349968.8015,4441.3220,3.154955,0.078507,3.516590,0.0123,39.9174,60.0703,8.85e-14
790,15,15,6350324.1549,4441.3220,3.154980,0.105454,3.516584,0.0124,16.9958,82.9918,7.91e-14
791,15,15,6352381.2112,4441.3220,3.155121,0.101818,3.516584,0.0158,33.3507,66.6334,7.39e-14
792,15,15,6352616.1695,4441.3220,3.155137,0.090620,3.516590,0.0133,66.5809,33.4058,7.87e-14
793,15,15,6355530.2512,4441.3220,3.155336,0.092046,3.516593,0.0116,99.8537,0.1347,9.30e-14
794,15,15,6356032.5694,4441.3220,3.155370,0.136299,3.516566,0.0188,0.1712,99.8100,7.77e-14
795,15,15,6358094.8524,4441.3220,3.155511,0.056937,3.516603,0.0081,21.2329,78.7590,9.32e-14
796,15,15,6358379.9730,4441.3220,3.155531,0.079017,3.516594,0.0099,78.7320,21.2581,8.79e-14
797,15,15,6360215.5957,4441.3220,3.155656,0.054213,3.516608,0.0089,19.8364,80.1547,9.07e-14
798,15,15,6360350.0539,4441.3220,3.155665,0.064212,3.516593,0.0099,66.0343,33.9559,6.63e-14
799,15,15,6360947.5404,4441.3220,3.155706,0.068479,3.516593,0.0110,34.8849,65.1041,7.86e-14
800,15,15,6360961.1030,4441.3220,3.155707,0.064439,3.516599,0.0102,79.2817,20.7080,8.41e-14
801,15,15,6362074.9230,4441.3220,3.155783,0.110074,3.516580,0.0156,97.5548,2.4296,9.20e-14
802,15,15,6362528.4575,4441.3220,3.155814,0.127572,3.516563,0.0191,2.3810,97.5999,7.25e-14
803,15,15,6364241.7110,4441.3220,3.155931,0.080680,3.516592,0.0110,98.2131,1.7759,5.85e-14
804,15,15,6364515.8211,4441.3220,3.155950,0.109909,3.516581,0.0168,3.1166,96.8666,7.82e-14
805,15,15,6365152.9868,4441.3220,3.155993,0.106960,3.516583,0.0182,86.7256,13.2562,7.49e-14
806,15,15,6365344.2782,4441.3220,3.156007,0.112589,3.516583,0.0172,10.5677,89.4151,6.03e-14
807,15,15,6366695.4202,4441.3220,3.156099,0.132795,3.516567,0.0223,86.3936,13.5841,8.41e-14
808,15,15,6366966.6788,4441.3220,3.156117,0.110803,3.516583,0.0170,14.9386,85.0444,8.33e-14
809,15,15,6369637.2983,4441.3220,3.156300,0.063705,3.516604,0.0099,63.7132,36.2768,8.26e-14
810,15,15,6370003.3751,4441.3220,3.156324,0.071291,3.516599,0.0098,36.5090,63.4813,8.37e-14
811,15,15,6371432.1459,4441.3220,3.156422,0.090912,3.516586,0.0098,69.3761,30.6142,8.35e-14
812,15,15,6371629.5414,4441.3220,3.156435,0.120057,3.516580,0.0161,30.3700,69.6139,7.12e-14
813,15,15,6373357.7528,4441.3220,3.156553,0.063743,3.516601,0.0081,14.0434,85.9485,1.04e-13
814,15,15,6373843.6429,4441.3220,3.156586,0.081255,3.516591,0.0120,85.8428,14.1452,7.20e-14
815,15,15,6374906.7550,4441.3220,3.156659,0.060030,3.516599,0.0086,78.8924,21.0991,1.01e-13
816,15,15,6375388.7433,4441.3220,3.156692,0.044125,3.516610,0.0097,39.8842,60.1061,8.51e-14
817,15,15,6375500.6178,4441.3220,3.156699,0.085644,3.516597,0.0123,72.2879,27.6997,7.15e-14
818,15,15,6375654.3542,4441.3220,3.156710,0.074347,3.516588,0.0099,11.0447,88.9454,9.37e-14
819,15,15,6376254.9330,4441.3220,3.156751,0.077603,3.516593,0.0093,77.3136,22.6772,8.84e-14
820,15,15,6376664.6854,4441.3220,3.156779,0.074952,3.516599,0.0105,20.5891,79.4005,8.71e-14
821,15,15,6378132.1628,4441.3220,3.156879,0.058108,3.516598,0.0075,90.2106,9.7819,9.47e-14
822,15,15,6378279.7398,4441.3220,3.156889,0.078789,3.516594,0.0098,31.1881,68.8021,1.20e-13
823,15,15,6378863.5062,4441.3220,3.156929,0.063975,3.516601,0.0099,14.9798,85.0103,9.72e-14
824,15,15,6379699.4386,4441.3220,3.156986,0.211580,3.516531,0.0374,63.6421,36.3205,5.68e-14
825,15,15,6381742.2501,4441.3220,3.157125,0.050617,3.516606,0.0080,97.5978,2.3942,8.56e-14
826,15,15,6382053.4246,4441.3220,3.157146,0.071967,3.516599,0.0099,2.4784,97.5117,9.03e-14
827,15,15,6383785.8028,4441.3220,3.157264,0.065398,3.516601,0.0102,96.3433,3.6465,8.00e-14
828,15,15,6383929.2137,4441.3220,3.157274,0.052878,3.516605,0.0090,3.6030,96.3880,8.91e-14
829,15,15,6385067.8599,4441.3220,3.157351,0.041888,3.516609,0.0086,66.5374,33.4539,8.93e-14
830,15,15,6385116.3556,4441.3220,3.157354,0.073707,3.516595,0.0095,33.4763,66.5141,7.81e-14
831,15,15,6386516.9645,4441.3220,3.157450,0.035119,3.516608,0.0075,97.2509,2.7417,8.27e-14
832,15,15,6386892.4059,4441.3220,3.157475,0.058395,3.516601,0.0077,2.6979,97.2945,9.07e-14
833,15,15,6388239.4263,4441.3220,3.157567,0.059306,3.516600,0.0077,39.9591,60.0332,9.75e-14
834,15,15,6388318.4405,4441.3220,3.157572,0.041986,3.516606,0.0070,59.9783,40.0147,1.08e-13
835,15,15,6389420.1046,4441.3220,3.157647,0.047475,3.516606,0.0068,94.1479,5.8453,8.58e-14
836,15,15,6390148.2784,4441.3220,3.157697,0.037898,3.516610,0.0082,6.1591,93.8327,9.90e-14
837,15,15,6390995.5224,4441.3220,3.157754,0.081576,3.516591,0.0095,83.5738,16.4167,9.56e-14
838,15,15,6391629.3454,4441.3220,3.157797,0.124294,3.516566,0.0194,16.0401,83.9405,6.81e-14
839,15,15,6391920.3894,4441.3220,3.157817,0.067975,3.516600,0.0085,89.8698,10.1217,9.31e-14
840,15,15,6392364.9626,4441.3220,3.157847,0.116722,3.516576,0.0133,14.1556,85.8311,6.85e-14
841,15,15,6392894.2200,4441.3220,3.157883,0.091533,3.516593,0.0118,75.2030,24.7852,8.48e-14
842,15,15,6393552.5798,4441.3220,3.157928,0.046195,3.516609,0.0102,20.9674,79.0224,8.98e-14
843,15,15,6394944.9052,4441.3220,3.158023,0.031789,3.516604,0.0065,29.8919,70.1016,1.06e-13
844,15,15,6395696.8166,4441.3220,3.158074,0.106916,3.516583,0.0132,58.5189,41.4679,9.74e-14
845,15,15,6395962.1867,4441.3220,3.158092,0.060883,3.516603,0.0110,70.5041,29.4849,1.01e-13
846,15,15,6396029.6534,4441.3220,3.158097,0.094829,3.516586,0.0124,41.1760,58.8116,6.86e-14
847,15,15,6397163.9584,4441.3220,3.158174,0.097323,3.516584,0.0114,83.4681,16.5205,9.26e-14
848,15,15,6397308.3027,4441.3220,3.158183,0.078550,3.516597,0.0116,16.3101,83.6784,8.12e-14
849,15,15,6398030.0464,4441.3220,3.158232,0.062512,3.516602,0.0081,38.1180,61.8739,1.08e-13
850,15,15,6398572.2881,4441.3220,3.158269,0.080283,3.516594,0.0095,59.8867,40.1038,1.02e-13
851,15,15,6399207.9870,4441.3220,3.158312,0.069009,3.516593,0.0084,26.9794,73.0122,1.01e-13
852,15,15,6399523.8670,4441.3220,3.158334,0.051980,3.516605,0.0091,46.6036,53.3873,9.98e-14
853,15,15,6399758.9103,4441.3220,3.158350,0.097310,3.516586,0.0102,79.2086,20.7812,1.04e-13
854,15,15,6400009.8495,4441.3220,3.158367,0.079651,3.516596,0.0140,48.9806,51.0053,7.90e-14
855,15,15,6401277.1535,4441.3220,3.158453,0.078323,3.516587,0.0078,92.8115,7.1807,1.07e-13
856,15,15,6401351.7401,4441.3220,3.158458,0.050132,3.516605,0.0077,2.7912,97.2011,1.16e-13
857,15,15,6401630.7590,4441.3220,3.158477,0.055074,3.516601,0.0071,78.8700,21.1229,9.66e-14
858,15,15,6401933.6181,4441.3220,3.158498,0.087573,3.516586,0.0123,25.3723,74.6154,8.12e-14
859,15,15,6402592.1638,4441.3220,3.158542,0.063882,3.516597,0.0067,29.7397,70.2536,1.15e-13
860,15,15,6403148.6236,4441.3220,3.158580,0.068550,3.516597,0.0088,68.0583,31.9329,9.29e-14
861,15,15,6404316.6541,4441.3220,3.158659,0.059994,3.516595,0.0082,3.9675,96.0244,1.06e-13
862,15,15,6404920.2888,4441.3220,3.158700,0.055965,3.516604,0.0090,97.7210,2.2699,9.39e-14
863,15,15,6405756.5037,4441.3220,3.158757,0.053634,3.516603,0.0060,8.3509,91.6432,1.12e-13
864,15,15,6406539.7229,4441.3220,3.158810,0.061692,3.516597,0.0086,82.3137,17.6777,9.72e-14
865,15,15,6406858.8503,4441.3220,3.158832,0.050722,3.516606,0.0073,63.3364,36.6563,1.07e-13
866,15,15,6407591.0956,4441.3220,3.158881,0.100718,3.516580,0.0098,46.6502,53.3400,8.00e-14
867,15,15,6410104.1675,4441.3220,3.159052,0.054915,3.516601,0.0074,17.6258,82.3668,1.18e-13
868,15,15,6410284.8489,4441.3220,3.159064,0.061602,3.516598,0.0077,81.6211,18.3711,9.92e-14
869,15,15,6410460.8988,4441.3220,3.159076,0.082939,3.516593,0.0085,71.7975,28.1939,9.95e-14
870,15,15,6410789.0049,4441.3220,3.159098,0.083270,3.516590,0.0108,46.2084,53.7807,9.58e-14
871,15,15,6411030.1676,4441.3220,3.159115,0.055744,3.516596,0.0073,92.6938,7.2990,1.03e-13
872,15,15,6411148.8536,4441.3220,3.159123,0.075409,3.516591,0.0086,12.7863,87.2052,1.01e-13
873,15,15,6411316.8416,4441.3220,3.159134,0.070857,3.516591,0.0091,21.9425,78.0484,9.64e-14
874,15,15,6411742.5638,4441.3220,3.159163,0.123424,3.516578,0.0184,54.7551,45.2265,5.84e-14
875,15,15,6412355.9571,4441.3220,3.159204,0.053820,3.516603,0.0064,13.2339,86.7597,1.08e-13
876,15,15,6412825.1134,4441.3220,3.159236,0.078223,3.516593,0.0093,7.1963,92.7944,9.11e-14
877,15,15,6412942.1243,4441.3220,3.159244,0.086602,3.516591,0.0106,92.1203,7.8691,7.32e-14
878,15,15,6413122.6787,4441.3220,3.159256,0.059044,3.516601,0.0088,88.3077,11.6835,9.83e-14
879,15,15,6414133.5112,4441.3220,3.159325,0.047914,3.516609,0.0068,96.1230,3.8702,1.08e-13
880,15,15,6414582.8010,4441.3220,3.159355,0.065802,3.516597,0.0089,4.6875,95.3036,9.22e-14
881,15,15,6415185.1101,4441.3220,3.159396,0.036367,3.516606,0.0075,93.5901,6.4024,9.24e-14
882,15,15,6415725.4696,4441.3220,3.159433,0.072949,3.516596,0.0106,5.6320,94.3574,1.03e-13
883,15,15,6416440.4989,4441.3220,3.159481,0.067079,3.516603,0.0071,26.9997,72.9932,1.06e-13
884,15,15,6416669.9780,4441.3220,3.159497,0.077516,3.516589,0.0096,75.6825,24.3080,8.99e-14
885,15,15,6416791.4919,4441.3220,3.159505,0.067980,3.516597,0.0073,8.4538,91.5389,1.13e-13
886,15,15,6417171.0860,4441.3220,3.159531,0.064561,3.516600,0.0087,80.6666,19.3247,1.02e-13
887,15,15,6417635.5380,4441.3220,3.159562,0.057066,3.516601,0.0082,12.5190,87.4728,9.57e-14
888,15,15,6417966.9473,4441.3220,3.159585,0.054263,3.516605,0.0086,7.8985,92.0930,1.01e-13
889,15,15,6418048.5440,4441.3220,3.159590,0.063349,3.516598,0.0102,95.4253,4.5644,7.63e-14
890,15,15,6418613.4946,4441.3220,3.159628,0.112479,3.516580,0.0191,92.0749,7.9060,8.27e-14
891,15,15,6419058.4495,4441.3220,3.159658,0.058907,3.516603,0.0078,64.4304,35.5617,1.15e-13
892,15,15,6419136.9705,4441.3220,3.159664,0.063859,3.516595,0.0094,37.6927,62.2979,9.34e-14
893,15,15,6419297.4680,4441.3220,3.159675,0.069249,3.516598,0.0090,25.1413,74.8497,9.18e-14
894,15,15,6419353.4788,4441.3220,3.159678,0.069439,3.516602,0.0107,72.4094,27.5799,8.52e-14
895,15,15,6419864.9621,4441.3220,3.159713,0.048757,3.516609,0.0082,2.3946,97.5972,9.56e-14
896,15,15,6420431.5779,4441.3220,3.159751,0.083036,3.516598,0.0121,97.3395,2.6484,8.10e-14
897,15,15,6420935.7318,4441.3220,3.159786,0.081466,3.516593,0.0102,53.0143,46.9755,8.31e-14
898,15,15,6421319.5998,4441.3220,3.159812,0.089900,3.516586,0.0116,48.7449,51.2435,8.39e-14
899,15,15,6422026.9841,4441.3220,3.159859,0.059215,3.516601,0.0082,95.1094,4.8824,9.81e-14
900,15,15,6422172.4715,4441.3220,3.159869,0.079120,3.516594,0.0120,82.9479,17.0401,1.05e-13
901,15,15,6422334.8117,4441.3220,3.159880,0.097407,3.516585,0.0116,17.6426,82.3458,1.10e-13
902,15,15,6422504.0101,4441.3220,3.159892,0.075705,3.516594,0.0109,5.1345,94.8546,8.93e-14
903,15,15,6422793.4290,4441.3220,3.159911,0.065259,3.516599,0.0079,96.0336,3.9584,1.12e-13
904,15,15,6423193.5718,4441.3220,3.159938,0.072486,3.516591,0.0101,3.4347,96.5553,9.07e-14
905,15,15,6423501.8559,4441.3220,3.159959,0.085997,3.516585,0.0097,38.6263,61.3641,9.89e-14
906,15,15,6423649.9985,4441.3220,3.159969,0.068646,3.516600,0.0098,61.2066,38.7836,6.64e-14
907,15,15,6424299.8398,4441.3220,3.160013,0.062753,3.516599,0.0097,4.6404,95.3500,1.08e-13
908,15,15,6424600.0633,4441.3220,3.160034,0.050205,3.516601,0.0086,87.0137,12.9778,9.61e-14
909,15,15,6425030.0683,4441.3220,3.160063,0.091968,3.516589,0.0124,77.6365,22.3511,1.11e-13
910,15,15,6425063.1188,4441.3220,3.160065,0.078679,3.516589,0.0089,15.0201,84.9710,1.04e-13
911,15,15,6425643.3383,4441.3220,3.160104,0.086471,3.516590,0.0111,48.8467,51.1421,9.00e-14
912,15,15,6425664.8290,4441.3220,3.160106,0.096581,3.516584,0.0130,93.2267,6.7604,9.41e-14
913,15,15,6425968.1330,4441.3220,3.160126,0.069489,3.516596,0.0113,65.1009,34.8879,8.37e-14
914,15,15,6426284.9420,4441.3220,3.160147,0.092262,3.516587,0.0121,6.7327,93.2552,8.41e-14
915,15,15,6426916.0437,4441.3220,3.160190,0.065560,3.516599,0.0088,5.0132,94.9780,9.87e-14
916,15,15,6427162.6682,4441.3220,3.160207,0.055307,3.516603,0.0080,84.8247,15.1672,1.04e-13
917,15,15,6427272.7669,4441.3220,3.160214,0.073424,3.516595,0.0094,81.1222,18.8684,1.23e-13
918,15,15,6427595.1261,4441.3220,3.160236,0.075371,3.516591,0.0120,20.7447,79.2433,9.68e-14
919,15,15,6427769.1589,4441.3220,3.160248,0.087617,3.516586,0.0127,10.8732,89.1141,9.52e-14
920,15,15,6428100.9232,4441.3220,3.160270,0.061281,3.516596,0.0071,18.5018,81.4911,1.14e-13
921,15,15,6428284.4876,4441.3220,3.160283,0.089889,3.516585,0.0132,96.9857,3.0011,9.06e-14
922,15,15,6428593.1849,4441.3220,3.160304,0.076849,3.516596,0.0102,68.5666,31.4232,1.14e-13
923,15,15,6428807.3068,4441.3220,3.160318,0.060798,3.516598,0.0082,40.7197,59.2721,1.03e-13
924,15,15,6429052.5068,4441.3220,3.160335,0.069515,3.516596,0.0091,72.9556,27.0354,9.63e-14
925,15,15,6429663.4654,4441.3220,3.160376,0.065682,3.516597,0.0086,86.2476,13.7438,1.20e-13
926,15,15,6430384.2301,4441.3220,3.160425,0.080798,3.516590,0.0096,14.7059,85.2845,1.03e-13
927,15,15,6430576.4000,4441.3220,3.160438,0.077562,3.516594,0.0104,25.6560,74.3336,9.66e-14
928,15,15,6430702.1526,4441.3220,3.160446,0.090344,3.516588,0.0130,73.5398,26.4472,1.06e-13
929,15,15,6431089.3813,4441.3220,3.160472,0.052826,3.516598,0.0071,22.8502,77.1427,1.19e-13
930,15,15,6431360.7802,4441.3220,3.160491,0.072245,3.516601,0.0106,77.4497,22.5397,8.51e-14
931,15,15,6431601.4162,4441.3220,3.160507,0.057016,3.516601,0.0072,98.0572,1.9356,1.14e-13
932,15,15,6432546.0872,4441.3220,3.160571,0.063939,3.516598,0.0088,4.8825,95.1087,1.05e-13
933,15,15,6432696.2759,4441.3220,3.160581,0.072849,3.516598,0.0093,53.9070,46.0837,1.06e-13
934,15,15,6432794.4409,4441.3220,3.160587,0.084816,3.516586,0.0133,56.9703,43.0163,1.02e-13
935,15,15,6432960.6712,4441.3220,3.160599,0.092749,3.516582,0.0136,51.0294,48.9570,1.07e-13
936,15,15,6433003.1510,4441.3220,3.160602,0.114986,3.516584,0.0173,57.0624,42.9203,9.73e-14
937,15,15,6433138.6889,4441.3220,3.160611,0.084252,3.516590,0.0118,64.1675,35.8206,1.16e-13
938,15,15,6433395.1459,4441.3220,3.160628,0.101669,3.516577,0.0134,28.8651,71.1215,9.61e-14
939,15,15,6433504.9933,4441.3220,3.160635,0.086336,3.516596,0.0118,23.2697,76.7184,1.00e-13
940,15,15,6433622.3468,4441.3220,3.160643,0.083594,3.516596,0.0129,61.4536,38.5335,7.28e-14
941,15,15,6434880.5662,4441.3220,3.160728,0.038718,3.516608,0.0069,83.9756,16.0175,1.14e-13
942,15,15,6435245.7282,4441.3220,3.160753,0.075422,3.516593,0.0100,14.3444,85.6456,1.02e-13
943,15,15,6435651.9396,4441.3220,3.160780,0.077640,3.516592,0.0078,95.7556,4.2365,1.01e-13
944,15,15,6435836.5023,4441.3220,3.160793,0.060764,3.516602,0.0074,54.3279,45.6647,1.08e-13
945,15,15,6436018.7403,4441.3220,3.160805,0.056924,3.516598,0.0096,26.6461,73.3443,9.55e-14
946,15,15,6436423.2649,4441.3220,3.160833,0.082442,3.516595,0.0098,28.0671,71.9231,9.08e-14
947,15,15,6436573.9049,4441.3220,3.160843,0.057412,3.516604,0.0084,92.9451,7.0465,9.12e-14
948,15,15,6436937.8802,4441.3220,3.160867,0.093106,3.516594,0.0124,3.1464,96.8412,9.52e-14
949,15,15,6437265.0936,4441.3220,3.160889,0.064323,3.516601,0.0092,35.7056,64.2852,1.07e-13
950,15,15,6437405.9469,4441.3220,3.160899,0.070273,3.516595,0.0093,64.8615,35.1292,9.17e-14
951,15,15,6437840.1745,4441.3220,3.160928,0.070007,3.516591,0.0100,10.5505,89.4396,1.13e-13
952,15,15,6438007.3313,4441.3220,3.160940,0.081900,3.516588,0.0085,84.1390,15.8525,1.01e-13
953,15,15,6438127.0893,4441.3220,3.160948,0.078567,3.516596,0.0102,77.0436,22.9462,9.61e-14
954,15,15,6438280.8426,4441.3220,3.160958,0.069956,3.516598,0.0105,29.7995,70.1899,9.62e-14
955,15,15,6438536.9571,4441.3220,3.160975,0.084900,3.516587,0.0086,21.7432,78.2483,1.54e-13
956,15,15,6438696.8105,4441.3220,3.160986,0.067964,3.516591,0.0095,81.4455,18.5450,9.66e-14
957,15,15,6438818.7680,4441.3220,3.160994,0.054873,3.516603,0.0093,75.1513,24.8394,9.20e-14
958,15,15,6438934.0427,4441.3220,3.161002,0.074231,3.516596,0.0092,19.2468,80.7440,9.39e-14
959,15,15,6439491.3086,4441.3220,3.161040,0.080271,3.516589,0.0088,6.6567,93.3344,1.07e-13
960,15,15,6439749.9651,4441.3220,3.161057,0.068640,3.516600,0.0098,91.5035,8.4868,1.19e-13
961,15,15,6439874.6948,4441.3220,3.161066,0.074503,3.516594,0.0099,13.6341,86.3560,9.99e-14
962,15,15,6439988.9467,4441.3220,3.161073,0.061916,3.516599,0.0086,89.2091,10.7823,9.70e-14
963,15,15,6440234.7510,4441.3220,3.161090,0.089306,3.516591,0.0111,77.6710,22.3179,8.91e-14
964,15,15,6440309.3814,4441.3220,3.161095,0.097286,3.516582,0.0119,21.6756,78.3125,1.00e-13
965,15,15,6440824.5170,4441.3220,3.161130,0.062786,3.516595,0.0096,1.3739,98.6166,1.03e-13
966,15,15,6441172.7006,4441.3220,3.161153,0.084921,3.516595,0.0107,98.7080,1.2813,9.48e-14
967,15,15,6441417.0353,4441.3220,3.161170,0.097417,3.516585,0.0141,89.1494,10.8364,9.41e-14
968,15,15,6441455.2032,4441.3220,3.161172,0.078508,3.516593,0.0119,9.5532,90.4349,8.75e-14
969,15,15,6441836.0299,4441.3220,3.161198,0.091466,3.516588,0.0111,1.9129,98.0760,1.05e-13
970,15,15,6442097.3492,4441.3220,3.161216,0.097131,3.516585,0.0147,98.0196,1.9657,8.75e-14
971,15,15,6442534.4587,4441.3220,3.161245,0.064340,3.516598,0.0064,3.1544,96.8393,1.11e-13
972,15,15,6442795.7853,4441.3220,3.161263,0.074895,3.516602,0.0110,96.4260,3.5629,9.30e-14
973,15,15,6442900.4693,4441.3220,3.161270,0.055942,3.516601,0.0094,38.3337,61.6568,1.18e-13
974,15,15,6443170.9174,4441.3220,3.161288,0.064229,3.516594,0.0086,52.3594,47.6320,1.08e-13
975,15,15,6443515.9117,4441.3220,3.161311,0.056625,3.516600,0.0073,15.5589,84.4338,1.08e-13
976,15,15,6443832.0722,4441.3220,3.161333,0.068071,3.516592,0.0076,16.4000,83.5925,1.13e-13
977,15,15,6443977.6571,4441.3220,3.161342,0.059902,3.516600,0.0091,70.6003,29.3905,1.11e-13
978,15,15,6444321.5586,4441.3220,3.161366,0.076958,3.516598,0.0093,32.5634,67.4273,1.05e-13
979,15,15,6444464.6429,4441.3220,3.161375,0.063199,3.516602,0.0091,36.9619,63.0290,1.04e-13
980,15,15,6444513.7571,4441.3220,3.161378,0.075877,3.516593,0.0104,54.7387,45.2508,9.40e-14
981,15,15,6444886.9644,4441.3220,3.161404,0.065398,3.516601,0.0094,85.2210,14.7696,8.39e-14
982,15,15,6445180.7885,4441.3220,3.161423,0.086956,3.516588,0.0117,94.5930,5.3953,1.00e-13
983,15,15,6445409.6891,4441.3220,3.161439,0.058498,3.516607,0.0083,7.0871,92.9046,9.91e-14
984,15,15,6445590.1174,4441.3220,3.161451,0.049320,3.516605,0.0087,97.1750,2.8163,1.04e-13
985,15,15,6446024.3235,4441.3220,3.161480,0.064947,3.516594,0.0086,92.2815,7.7099,1.05e-13
986,15,15,6446200.4304,4441.3220,3.161492,0.068377,3.516588,0.0082,9.1892,90.8026,1.14e-13
987,15,15,6446410.0910,4441.3220,3.161506,0.059056,3.516604,0.0081,50.4864,49.5054,9.52e-14
988,15,15,6446491.9809,4441.3220,3.161512,0.054736,3.516602,0.0084,60.1520,39.8396,1.17e-13
989,15,15,6446620.4274,4441.3220,3.161521,0.062777,3.516598,0.0077,38.0192,61.9731,1.19e-13
990,15,15,6446901.5785,4441.3220,3.161539,0.078987,3.516591,0.0093,49.9777,50.0130,8.77e-14
991,15,15,6447465.2191,4441.3220,3.161577,0.043602,3.516605,0.0064,6.9048,93.0888,1.16e-13
992,15,15,6447682.8263,4441.3220,3.161592,0.073146,3.516589,0.0080,91.1378,8.8543,1.10e-13
993,15,15,6448030.4820,4441.3220,3.161616,0.047080,3.516606,0.0074,80.2748,19.7178,1.15e-13
994,15,15,6448170.9007,4441.3220,3.161625,0.070932,3.516592,0.0085,23.6354,76.3560,1.02e-13
995,15,15,6448216.8993,4441.3220,3.161628,0.081618,3.516595,0.0104,81.2826,18.7069,9.71e-14
996,15,15,6448361.5703,4441.3220,3.161638,0.083998,3.516590,0.0087,25.5173,74.4739,1.09e-13
997,15,15,6448813.5273,4441.3220,3.161668,0.044892,3.516607,0.0073,76.6974,23.2953,1.10e-13
998,15,15,6448936.3088,4441.3220,3.161677,0.063062,3.516597,0.0079,17.8077,82.1843,1.08e-13
999,15,15,6449201.6184,4441.3220,3.161695,0.063826,3.516601,0.0090,72.9266,27.0644,1.23e-13
1000,15,15,6449285.5370,4441.3220,3.161700,0.056226,3.516604,0.0073,94.0467,5.9460,1.01e-13
1001,15,15,6449388.6969,4441.3220,3.161707,0.055813,3.516598,0.0079,20.7401,79.2521,1.10e-13
1002,15,15,6449503.4859,4441.3220,3.161715,0.067854,3.516592,0.0079,43.4268,56.5653,1.12e-13
1003,15,15,6449549.6072,4441.3220,3.161718,0.054685,3.516602,0.0070,23.0540,76.9390,1.14e-13
1004,15,15,6449743.1907,4441.3220,3.161731,0.073061,3.516592,0.0096,53.7643,46.2261,1.11e-13
1005,15,15,6449889.4739,4441.3220,3.161741,0.071705,3.516600,0.0098,46.4130,53.5772,9.92e-14
1006,15,15,6450058.6089,4441.3220,3.161752,0.063051,3.516604,0.0069,93.7535,6.2396,1.00e-13
1007,15,15,6450135.8469,4441.3220,3.161757,0.066640,3.516600,0.0091,45.2961,54.6948,9.59e-14
1008,15,15,6450402.4877,4441.3220,3.161775,0.066282,3.516595,0.0071,8.0694,91.9235,1.24e-13
1009,15,15,6450477.9996,4441.3220,3.161781,0.069874,3.516597,0.0081,90.3862,9.6057,1.02e-13
1010,15,15,6450577.8472,4441.3220,3.161787,0.075900,3.516599,0.0113,16.8515,83.1372,9.44e-14
1011,15,15,6450671.8492,4441.3220,3.161794,0.054312,3.516602,0.0086,26.6845,73.3069,1.16e-13
1012,15,15,6450740.7368,4441.3220,3.161798,0.046364,3.516601,0.0068,54.0343,45.9589,1.10e-13
1013,15,15,6450931.6514,4441.3220,3.161811,0.062141,3.516605,0.0075,75.6085,24.3839,1.14e-13
1014,15,15,6451076.9378,4441.3220,3.161821,0.059864,3.516598,0.0089,25.7166,74.2745,1.06e-13
1015,15,15,6451350.9127,4441.3220,3.161839,0.081849,3.516593,0.0090,77.8193,22.1717,1.08e-13
1016,15,15,6451502.9457,4441.3220,3.161850,0.060665,3.516600,0.0102,22.4245,77.5653,9.15e-14
1017,15,15,6451562.6428,4441.3220,3.161854,0.082174,3.516590,0.0102,50.2121,49.7777,1.25e-13
1018,15,15,6451654.2188,4441.3220,3.161860,0.064716,3.516601,0.0090,62.5899,37.4011,1.17e-13
1019,15,15,6451749.4914,4441.3220,3.161866,0.088044,3.516586,0.0118,26.9102,73.0779,1.00e-13
1020,15,15,6451960.2507,4441.3220,3.161880,0.059533,3.516600,0.0078,66.2142,33.7780,1.06e-13
1021,15,15,6452009.9507,4441.3220,3.161884,0.059148,3.516604,0.0098,52.6116,47.3785,1.11e-13
1022,15,15,6452122.0373,4441.3220,3.161891,0.042764,3.516608,0.0074,71.9472,28.0454,1.08e-13
1023,15,15,6452280.4580,4441.3220,3.161902,0.066980,3.516597,0.0082,62.0923,37.8996,9.86e-14
1024,15,15,6452371.4526,4441.3220,3.161908,0.049414,3.516601,0.0072,15.3125,84.6803,1.14e-13
1025,15,15,6452478.7465,4441.3220,3.161915,0.052951,3.516604,0.0077,15.9966,83.9957,1.31e-13
1026,15,15,6452597.8108,4441.3220,3.161923,0.066407,3.516597,0.0085,28.1975,71.7940,9.41e-14
1027,15,15,6452841.6231,4441.3220,3.161940,0.081113,3.516594,0.0113,68.2352,31.7535,9.49e-14
1028,15,15,6452910.5481,4441.3220,3.161944,0.092575,3.516591,0.0143,69.0636,30.9221,9.92e-14
1029,15,15,6452972.1421,4441.3220,3.161949,0.047243,3.516608,0.0073,29.1423,70.8504,1.20e-13
1030,15,15,6453248.9892,4441.3220,3.161967,0.074965,3.516592,0.0099,87.2973,12.6928,9.24e-14
1031,15,15,6453811.8054,4441.3220,3.162005,0.042612,3.516604,0.0057,6.8869,93.1074,1.14e-13
1032,15,15,6454044.3243,4441.3220,3.162021,0.048793,3.516605,0.0069,63.9238,36.0693,1.22e-13
1033,15,15,6454126.3088,4441.3220,3.162026,0.059029,3.516593,0.0078,40.2444,59.7479,1.26e-13
1034,15,15,6454267.4892,4441.3220,3.162036,0.066909,3.516596,0.0081,86.4347,13.5573,1.20e-13
1035,15,15,6454298.9576,4441.3220,3.162038,0.051818,3.516601,0.0066,51.6508,48.3426,1.33e-13
1036,15,15,6454405.6905,4441.3220,3.162045,0.039666,3.516601,0.0075,47.9397,52.0528,1.34e-13
1037,15,15,6454559.7557,4441.3220,3.162055,0.057442,3.516602,0.0064,24.9368,75.0568,1.22e-13
1038,15,15,6454671.3427,4441.3220,3.162063,0.051627,3.516599,0.0075,83.0009,16.9916,1.08e-13
1039,15,15,6454787.1627,4441.3220,3.162071,0.076836,3.516594,0.0110,83.8312,16.1579,1.05e-13
1040,15,15,6454913.7536,4441.3220,3.162079,0.078277,3.516598,0.0120,70.5343,29.4537,8.99e-14
1041,15,15,6455046.5025,4441.3220,3.162088,0.069476,3.516592,0.0083,33.2174,66.7744,1.15e-13
1042,15,15,6455137.8998,4441.3220,3.162094,0.094583,3.516589,0.0150,22.6542,77.3309,8.58e-14
1043,15,15,6455338.1854,4441.3220,3.162108,0.070245,3.516602,0.0104,67.1046,32.8851,9.52e-14
1044,15,15,6455384.6660,4441.3220,3.162111,0.053999,3.516600,0.0074,12.5331,87.4594,1.22e-13
1045,15,15,6455624.6466,4441.3220,3.162127,0.074753,3.516593,0.0109,71.8133,28.1758,1.13e-13
1046,15,15,6455653.8173,4441.3220,3.162129,0.103993,3.516578,0.0147,29.3627,70.6226,9.64e-14
1047,15,15,6455704.3203,4441.3220,3.162132,0.067420,3.516601,0.0095,16.9724,83.0181,9.96e-14
1048,15,15,6456015.0709,4441.3220,3.162153,0.056423,3.516603,0.0108,80.6435,19.3457,1.10e-13
1049,15,15,6456135.2416,4441.3220,3.162161,0.052511,3.516604,0.0078,24.9074,75.0848,9.32e-14
1050,15,15,6456275.3204,4441.3220,3.162171,0.050823,3.516602,0.0072,91.0319,8.9609,9.08e-14
1051,15,15,6456453.1493,4441.3220,3.162183,0.069102,3.516592,0.0109,15.2035,84.7856,1.12e-13
1052,15,15,6456555.1395,4441.3220,3.162190,0.056418,3.516601,0.0091,74.9157,25.0752,1.16e-13
1053,15,15,6457211.7780,4441.3220,3.162234,0.061498,3.516602,0.0075,19.1336,80.8589,1.08e-13
1054,15,15,6457278.5391,4441.3220,3.162238,0.051424,3.516601,0.0070,80.9682,19.0248,1.05e-13
1055,15,15,6457451.8261,4441.3220,3.162250,0.034972,3.516606,0.0065,81.5626,18.4309,1.21e-13
1056,15,15,6457529.9562,4441.3220,3.162255,0.056265,3.516600,0.0089,79.6870,20.3041,1.13e-13
1057,15,15,6457600.2349,4441.3220,3.162260,0.053220,3.516605,0.0076,32.9016,67.0907,1.35e-13
1058,15,15,6457623.2731,4441.3220,3.162262,0.060346,3.516600,0.0098,29.9916,69.9986,1.12e-13
1059,15,15,6457673.5754,4441.3220,3.162265,0.081941,3.516595,0.0091,25.2423,74.7486,1.17e-13
1060,15,15,6457917.9388,4441.3220,3.162281,0.055180,3.516601,0.0085,67.7604,32.2312,9.35e-14
1061,15,15,6457958.9130,4441.3220,3.162284,0.054905,3.516597,0.0063,14.4963,85.4974,1.16e-13
1062,15,15,6458161.3731,4441.3220,3.162298,0.042607,3.516610,0.0065,23.0014,76.9921,1.24e-13
1063,15,15,6458218.2760,4441.3220,3.162302,0.065272,3.516595,0.0087,47.9188,52.0725,1.15e-13
1064,15,15,6458486.1032,4441.3220,3.162320,0.065098,3.516594,0.0076,66.6771,33.3153,1.15e-13
1065,15,15,6458598.7834,4441.3220,3.162327,0.077544,3.516594,0.0089,64.4450,35.5460,9.14e-14
1066,15,15,6458646.7560,4441.3220,3.162331,0.060265,3.516600,0.0087,50.7205,49.2708,1.09e-13
1067,15,15,6458979.4869,4441.3220,3.162353,0.083051,3.516597,0.0110,53.2819,46.7071,8.83e-14
1068,15,15,6459058.9096,4441.3220,3.162358,0.109161,3.516579,0.0163,48.4120,51.5716,9.40e-14
1069,15,15,6459249.6963,4441.3220,3.162371,0.073893,3.516597,0.0095,23.6357,76.3548,1.16e-13
1070,15,15,6459447.8446,4441.3220,3.162384,0.079340,3.516588,0.0075,41.0969,58.8956,1.14e-13
1071,15,15,6459564.4555,4441.3220,3.162392,0.057711,3.516599,0.0083,67.1993,32.7924,1.05e-13
1072,15,15,6459690.4594,4441.3220,3.162401,0.082564,3.516586,0.0095,53.3637,46.6267,1.18e-13
1073,15,15,6459814.9265,4441.3220,3.162409,0.053739,3.516597,0.0082,37.6554,62.3364,1.03e-13
1074,15,15,6459947.2910,4441.3220,3.162418,0.063685,3.516601,0.0088,73.2309,26.7603,1.12e-13
1075,15,15,6460043.0172,4441.3220,3.162424,0.055469,3.516604,0.0082,21.9004,78.0913,1.13e-13
1076,15,15,6460291.9521,4441.3220,3.162441,0.060542,3.516598,0.0082,80.9528,19.0389,1.14e-13
1077,15,15,6460382.2153,4441.3220,3.162447,0.079533,3.516591,0.0113,81.2240,18.7647,1.09e-13
1078,15,15,6460411.8574,4441.3220,3.162449,0.077774,3.516593,0.0097,9.5077,90.4826,1.05e-13
1079,15,15,6460548.3614,4441.3220,3.162458,0.054018,3.516608,0.0081,20.3289,79.6630,1.17e-13
1080,15,15,6460774.7355,4441.3220,3.162474,0.071624,3.516590,0.0097,96.1091,3.8812,9.73e-14
1081,15,15,6461238.7870,4441.3220,3.162505,0.054211,3.516598,0.0067,13.9655,86.0278,1.04e-13
1082,15,15,6461295.4148,4441.3220,3.162509,0.046170,3.516602,0.0068,9.4150,90.5782,1.03e-13
1083,15,15,6461508.9119,4441.3220,3.162523,0.046677,3.516605,0.0070,84.6684,15.3247,1.13e-13
1084,15,15,6461618.9302,4441.3220,3.162530,0.080983,3.516585,0.0096,94.0438,5.9465,1.37e-13
1085,15,15,6461752.4101,4441.3220,3.162539,0.061641,3.516598,0.0093,91.8855,8.1052,9.92e-14
1086,15,15,6461855.7773,4441.3220,3.162546,0.059755,3.516602,0.0071,6.9382,93.0547,8.79e-14
1087,15,15,6462063.1827,4441.3220,3.162560,0.041217,3.516607,0.0069,30.3386,69.6545,1.28e-13
1088,15,15,6462082.1794,4441.3220,3.162562,0.049242,3.516605,0.0080,87.5200,12.4719,9.32e-14
1089,15,15,6462254.1500,4441.3220,3.162573,0.056013,3.516603,0.0081,16.3122,83.6797,9.87e-14
1090,15,15,6462296.5959,4441.3220,3.162576,0.050217,3.516603,0.0072,64.8592,35.1336,1.02e-13
1091,15,15,6462583.6161,4441.3220,3.162595,0.041724,3.516604,0.0050,12.3424,87.6526,1.21e-13
1092,15,15,6462776.8481,4441.3220,3.162608,0.059054,3.516601,0.0073,9.2141,90.7786,1.08e-13
1093,15,15,6462934.9726,4441.3220,3.162619,0.053732,3.516603,0.0074,84.0710,15.9216,1.16e-13
1094,15,15,6463016.1451,4441.3220,3.162624,0.054567,3.516601,0.0069,13.7213,86.2718,1.09e-13
1095,15,15,6463155.6344,4441.3220,3.162634,0.060039,3.516601,0.0075,90.5566,9.4359,1.15e-13
1096,15,15,6463254.1387,4441.3220,3.162640,0.050160,3.516604,0.0070,79.8081,20.1849,1.09e-13
1097,15,15,6463289.1737,4441.3220,3.162643,0.034980,3.516607,0.0064,38.0869,61.9067,1.29e-13
1098,15,15,6463399.6940,4441.3220,3.162650,0.052650,3.516601,0.0070,77.2719,22.7210,9.34e-14
1099,15,15,6463445.3770,4441.3220,3.162653,0.069383,3.516599,0.0072,8.3536,91.6393,1.38e-13
1100,15,15,6463622.9503,4441.3220,3.162665,0.061850,3.516599,0.0086,46.4472,53.5443,1.13e-13
1101,15,15,6463665.9639,4441.3220,3.162668,0.058914,3.516598,0.0077,43.3205,56.6718,1.17e-13
1102,15,15,6463761.7893,4441.3220,3.162675,0.073288,3.516595,0.0081,45.8172,54.1747,1.34e-13
1103,15,15,6463830.0933,4441.3220,3.162679,0.060164,3.516599,0.0075,50.7271,49.2654,9.94e-14
1104,15,15,6463954.8303,4441.3220,3.162688,0.049332,3.516607,0.0070,27.8238,72.1691,1.10e-13
1105,15,15,6464109.9995,4441.3220,3.162698,0.074060,3.516589,0.0092,79.2853,20.7055,1.31e-13
1106,15,15,6464110.6932,4441.3220,3.162698,0.059330,3.516594,0.0077,94.6224,5.3699,9.62e-14
1107,15,15,6464339.0718,4441.3220,3.162713,0.056305,3.516597,0.0076,4.8509,95.1416,1.16e-13
1108,15,15,6464564.0662,4441.3220,3.162729,0.058721,3.516601,0.0067,49.7518,50.2415,1.25e-13
1109,15,15,6464595.8449,4441.3220,3.162731,0.037366,3.516609,0.0067,8.9216,91.0716,1.28e-13
1110,15,15,6464670.9181,4441.3220,3.162736,0.053396,3.516600,0.0071,45.8436,54.1493,1.18e-13
1111,15,15,6464700.3988,4441.3220,3.162738,0.067419,3.516595,0.0082,91.3227,8.6690,9.58e-14
1112,15,15,6464874.6510,4441.3220,3.162749,0.054250,3.516599,0.0085,72.9469,27.0446,1.05e-13
1113,15,15,6464898.5583,4441.3220,3.162751,0.071842,3.516595,0.0098,47.2397,52.7505,9.40e-14
1114,15,15,6464959.9542,4441.3220,3.162755,0.072356,3.516597,0.0105,62.4623,37.5273,1.29e-13
1115,15,15,6465049.0868,4441.3220,3.162761,0.068870,3.516592,0.0089,26.7080,73.2832,1.14e-13
1116,15,15,6465113.5450,4441.3220,3.162765,0.049550,3.516602,0.0071,79.4042,20.5887,1.04e-13
1117,15,15,6465201.0946,4441.3220,3.162771,0.071395,3.516594,0.0100,82.3438,17.6462,1.18e-13
1118,15,15,6465312.3353,4441.3220,3.162779,0.066744,3.516595,0.0083,12.1371,87.8547,9.46e-14
1119,15,15,6465391.4605,4441.3220,3.162784,0.065660,3.516601,0.0087,41.3972,58.5942,1.00e-13
1120,15,15,6465448.4190,4441.3220,3.162788,0.079019,3.516593,0.0092,5.8682,94.1226,1.14e-13
1121,15,15,6465571.5026,4441.3220,3.162796,0.077618,3.516597,0.0096,78.6143,21.3761,9.86e-14
1122,15,15,6465589.1289,4441.3220,3.162797,0.047176,3.516608,0.0072,19.1024,80.8904,1.21e-13
1123,15,15,6465662.5528,4441.3220,3.162802,0.068029,3.516597,0.0091,89.1664,10.8245,1.19e-13
1124,15,15,6465847.1359,4441.3220,3.162815,0.044735,3.516605,0.0064,79.6334,20.3601,1.18e-13
1125,15,15,6465919.9057,4441.3220,3.162820,0.057056,3.516600,0.0084,84.7349,15.2567,1.15e-13
1126,15,15,6465954.7071,4441.3220,3.162822,0.045087,3.516609,0.0066,13.2360,86.7574,1.26e-13
1127,15,15,6466114.1144,4441.3220,3.162833,0.064620,3.516598,0.0087,62.5841,37.4072,9.85e-14
1128,15,15,6466260.2015,4441.3220,3.162843,0.049228,3.516604,0.0080,46.2511,53.7410,1.04e-13
1129,15,15,6466295.7234,4441.3220,3.162845,0.055546,3.516606,0.0073,60.4172,39.5755,1.16e-13
1130,15,15,6466384.3437,4441.3220,3.162851,0.063341,3.516600,0.0078,38.9141,61.0781,8.37e-14
1131,15,15,6466528.0133,4441.3220,3.162861,0.063358,3.516598,0.0080,70.0355,29.9565,1.03e-13
1132,15,15,6466589.7099,4441.3220,3.162865,0.058414,3.516601,0.0077,22.7662,77.2261,1.18e-13
1133,15,15,6466632.4580,4441.3220,3.162868,0.067456,3.516599,0.0087,47.9930,51.9983,1.17e-13
1134,15,15,6466702.4405,4441.3220,3.162872,0.070926,3.516591,0.0080,55.1323,44.8597,8.65e-14
1135,15,15,6466891.1269,4441.3220,3.162885,0.096333,3.516588,0.0133,48.0700,51.9167,1.31e-13
1136,15,15,6466943.6258,4441.3220,3.162888,0.097628,3.516587,0.0138,44.6584,55.3278,1.10e-13
1137,15,15,6467081.1677,4441.3220,3.162898,0.057770,3.516600,0.0071,11.9752,88.0176,1.11e-13
1138,15,15,6467235.4186,4441.3220,3.162908,0.040525,3.516609,0.0065,69.0777,30.9158,1.06e-13
1139,15,15,6467332.8747,4441.3220,3.162915,0.053165,3.516599,0.0069,22.9312,77.0620,1.00e-13
1140,15,15,6467394.7838,4441.3220,3.162919,0.062135,3.516598,0.0082,30.8346,69.1573,1.21e-13
1141,15,15,6467481.3406,4441.3220,3.162925,0.068126,3.516596,0.0060,62.7747,37.2193,1.21e-13
1142,15,15,6467563.6381,4441.3220,3.162930,0.066871,3.516600,0.0110,27.2961,72.6928,1.14e-13
1143,15,15,6467584.5416,4441.3220,3.162932,0.062395,3.516597,0.0085,85.8761,14.1154,1.12e-13
1144,15,15,6467701.0891,4441.3220,3.162939,0.066538,3.516595,0.0081,27.6595,72.3324,1.17e-13
1145,15,15,6467755.3609,4441.3220,3.162943,0.082120,3.516593,0.0112,76.8784,23.1104,9.99e-14
1146,15,15,6467830.7819,4441.3220,3.162948,0.064246,3.516600,0.0081,31.7892,68.2027,1.19e-13
1147,15,15,6467951.9278,4441.3220,3.162956,0.067284,3.516600,0.0091,72.8081,27.1828,1.11e-13
1148,15,15,6468038.2645,4441.3220,3.162962,0.069421,3.516599,0.0089,74.3341,25.6570,1.16e-13
1149,15,15,6468072.9478,4441.3220,3.162964,0.046753,3.516607,0.0070,16.6034,83.3896,9.42e-14
1150,15,15,6468216.4988,4441.3220,3.162974,0.052573,3.516599,0.0066,12.2245,87.7689,1.14e-13
1151,15,15,6468335.1478,4441.3220,3.162982,0.073231,3.516595,0.0100,48.5920,51.3980,1.16e-13
1152,15,15,6468515.2297,4441.3220,3.162994,0.057476,3.516602,0.0082,58.2630,41.7288,9.70e-14
1153,15,15,6468605.1138,4441.3220,3.163000,0.055567,3.516604,0.0066,12.7545,87.2389,1.25e-13
1154,15,15,6468666.4819,4441.3220,3.163004,0.068693,3.516596,0.0094,83.2924,16.6981,9.74e-14
1155,15,15,6468843.8508,4441.3220,3.163016,0.089459,3.516586,0.0116,89.5676,10.4207,1.05e-13
1156,15,15,6468960.6306,4441.3220,3.163024,0.055566,3.516601,0.0074,83.6013,16.3913,1.20e-13
1157,15,15,6469038.0893,4441.3220,3.163029,0.075211,3.516595,0.0086,37.6549,62.3365,1.19e-13
1158,15,15,6469100.3140,4441.3220,3.163033,0.060206,3.516598,0.0073,39.4280,60.5647,1.17e-13
1159,15,15,6469159.6534,4441.3220,3.163037,0.070595,3.516594,0.0091,56.7675,43.2234,8.38e-14
1160,15,15,6469231.6991,4441.3220,3.163042,0.072295,3.516597,0.0103,30.1336,69.8561,1.25e-13
1161,15,15,6469294.4403,4441.3220,3.163046,0.058258,3.516603,0.0092,76.0756,23.9152,1.06e-13
1162,15,15,6469415.8991,4441.3220,3.163055,0.069237,3.516600,0.0100,52.0333,47.9567,1.19e-13
1163,15,15,6469475.8029,4441.3220,3.163059,0.056409,3.516600,0.0083,39.1173,60.8744,9.96e-14
1164,15,15,6469591.7150,4441.3220,3.163066,0.053301,3.516604,0.0074,76.0979,23.8947,1.19e-13
1165,15,15,6469634.1873,4441.3220,3.163069,0.062413,3.516597,0.0083,26.7278,73.2639,1.13e-13
1166,15,15,6469707.2789,4441.3220,3.163074,0.072550,3.516593,0.0085,81.0978,18.8938,1.17e-13
1167,15,15,6469892.3104,4441.3220,3.163087,0.057634,3.516595,0.0065,34.6317,65.3618,1.08e-13
1168,15,15,6469916.5897,4441.3220,3.163088,0.049218,3.516605,0.0067,60.6539,39.3394,1.17e-13
1169,15,15,6470018.2346,4441.3220,3.163095,0.044874,3.516604,0.0066,72.6316,27.3618,1.14e-13
1170,15,15,6470187.6246,4441.3220,3.163106,0.055411,3.516604,0.0076,27.5728,72.4196,1.35e-13
1171,15,15,6470213.5335,4441.3220,3.163108,0.052563,3.516604,0.0077,77.5743,22.4180,8.38e-14
1172,15,15,6470321.1257,4441.3220,3.163115,0.070829,3.516594,0.0081,23.8879,76.1041,1.05e-13
1173,15,15,6470428.7723,4441.3220,3.163123,0.050723,3.516603,0.0062,70.6446,29.3491,1.10e-13
1174,15,15,6470491.2932,4441.3220,3.163127,0.062574,3.516597,0.0079,24.0292,75.9629,1.22e-13
1175,15,15,6470572.3810,4441.3220,3.163132,0.051754,3.516602,0.0061,76.6814,23.3125,1.24e-13
1176,15,15,6470607.1399,4441.3220,3.163135,0.055000,3.516600,0.0068,32.2613,67.7319,1.17e-13
1177,15,15,6470652.9016,4441.3220,3.163138,0.050032,3.516605,0.0064,16.3553,83.6384,1.02e-13
1178,15,15,6470802.3906,4441.3220,3.163148,0.064728,3.516594,0.0075,75.9842,24.0083,1.19e-13
1179,15,15,6470870.5486,4441.3220,3.163152,0.044062,3.516602,0.0060,71.9625,28.0315,1.20e-13
1180,15,15,6470936.3133,4441.3220,3.163157,0.066558,3.516594,0.0069,62.3759,37.6172,9.26e-14
1181,15,15,6470958.8951,4441.3220,3.163158,0.052486,3.516603,0.0069,28.4200,71.5731,1.27e-13
1182,15,15,6471092.1259,4441.3220,3.163167,0.046010,3.516602,0.0073,42.1065,57.8862,8.54e-14
1183,15,15,6471131.7680,4441.3220,3.163170,0.055626,3.516600,0.0071,52.1931,47.7998,1.34e-13
1184,15,15,6471179.7365,4441.3220,3.163173,0.043116,3.516608,0.0070,30.0796,69.9134,1.07e-13
1185,15,15,6471213.4635,4441.3220,3.163175,0.065630,3.516600,0.0092,43.0815,56.9092,1.20e-13
1186,15,15,6471310.4279,4441.3220,3.163182,0.055223,3.516603,0.0079,19.6640,80.3281,1.08e-13
1187,15,15,6471329.6204,4441.3220,3.163183,0.064746,3.516599,0.0082,69.4509,30.5409,8.88e-14
1188,15,15,6471415.5548,4441.3220,3.163189,0.056683,3.516595,0.0071,34.5504,65.4424,1.12e-13
1189,15,15,6471478.8935,4441.3220,3.163193,0.059758,3.516600,0.0080,71.3903,28.6017,1.02e-13
1190,15,15,6471578.4366,4441.3220,3.163200,0.054059,3.516599,0.0062,80.0780,19.9157,1.08e-13
1191,15,15,6471600.3628,4441.3220,3.163201,0.057357,3.516599,0.0069,28.9836,71.0095,1.22e-13
1192,15,15,6471645.6362,4441.3220,3.163204,0.045753,3.516605,0.0062,70.0327,29.9610,1.05e-13
1193,15,15,6471875.9549,4441.3220,3.163220,0.053566,3.516602,0.0071,87.0493,12.9436,1.12e-13
1194,15,15,6471912.8625,4441.3220,3.163222,0.045985,3.516606,0.0064,57.2688,42.7248,1.13e-13
1195,15,15,6472009.0064,4441.3220,3.163229,0.068207,3.516597,0.0078,42.8298,57.1623,1.09e-13
1196,15,15,6472024.8488,4441.3220,3.163230,0.055536,3.516603,0.0087,43.7770,56.2142,1.10e-13
1197,15,15,6472074.8130,4441.3220,3.163233,0.050406,3.516606,0.0065,24.0795,75.9140,1.36e-13
1198,15,15,6472178.3505,4441.3220,3.163240,0.046483,3.516603,0.0068,57.8888,42.1043,1.21e-13
1199,15,15,6472220.8191,4441.3220,3.163243,0.055392,3.516600,0.0078,50.3358,49.6564,8.23e-14
1200,15,15,6472269.1824,4441.3220,3.163246,0.060974,3.516600,0.0084,57.1470,42.8446,1.27e-13
1201,15,15,6472319.9005,4441.3220,3.163250,0.064391,3.516599,0.0075,65.9205,34.0720,1.14e-13
1202,15,15,6472392.4224,4441.3220,3.163254,0.049179,3.516606,0.0077,49.3300,50.6623,1.23e-13
1203,15,15,6472456.7920,4441.3220,3.163259,0.057987,3.516599,0.0078,65.5657,34.4264,9.05e-14
1204,15,15,6472557.3214,4441.3220,3.163266,0.055621,3.516601,0.0069,53.3564,46.6366,1.45e-13
1205,15,15,6472605.5921,4441.3220,3.163269,0.054232,3.516601,0.0068,50.7469,49.2463,1.02e-13
1206,15,15,6472648.8580,4441.3220,3.163272,0.051774,3.516603,0.0083,50.2706,49.7211,8.91e-14
1207,15,15,6472677.1387,4441.3220,3.163274,0.060251,3.516597,0.0075,53.9148,46.0777,1.41e-13
1208,15,15,6472705.2408,4441.3220,3.163275,0.053156,3.516603,0.0075,54.3867,45.6059,1.18e-13
1209,15,15,6472830.8601,4441.3220,3.163284,0.055489,3.516602,0.0078,52.5731,47.4191,1.24e-13
1210,15,15,6472853.7312,4441.3220,3.163285,0.055658,3.516600,0.0083,25.7872,74.2045,9.92e-14
1211,15,15,6472891.7402,4441.3220,3.163288,0.057053,3.516599,0.0080,48.1440,51.8480,1.26e-13
1212,15,15,6472930.8902,4441.3220,3.163291,0.064375,3.516603,0.0093,30.1557,69.8350,1.01e-13
1213,15,15,6473005.7385,4441.3220,3.163296,0.056549,3.516597,0.0074,58.9782,41.0144,9.86e-14
1214,15,15,6473060.9700,4441.3220,3.163299,0.053529,3.516604,0.0076,21.5937,78.3987,1.36e-13
1215,15,15,6473095.6795,4441.3220,3.163302,0.052075,3.516602,0.0074,49.3703,50.6222,1.25e-13
1216,15,15,6473145.4958,4441.3220,3.163305,0.063808,3.516599,0.0084,73.7952,26.1964,9.78e-14
1217,15,15,6473240.5728,4441.3220,3.163311,0.065900,3.516596,0.0079,37.5706,62.4215,1.00e-13
1218,15,15,6473347.1905,4441.3220,3.163319,0.059812,3.516603,0.0077,29.2138,70.7786,1.29e-13
1219,15,15,6473373.5633,4441.3220,3.163320,0.057496,3.516602,0.0091,66.9056,33.0853,1.03e-13
1220,15,15,6473402.5074,4441.3220,3.163322,0.060641,3.516602,0.0076,36.5034,63.4890,1.23e-13
1221,15,15,6473443.1383,4441.3220,3.163325,0.064025,3.516597,0.0072,36.8826,63.1102,1.21e-13
1222,15,15,6473551.2144,4441.3220,3.163332,0.055283,3.516602,0.0081,31.7523,68.2396,1.07e-13
1223,15,15,6473587.8656,4441.3220,3.163335,0.052952,3.516603,0.0084,49.7644,50.2272,1.05e-13
1224,15,15,6473667.6206,4441.3220,3.163340,0.061690,3.516601,0.0081,86.7398,13.2521,1.16e-13
1225,15,15,6473734.1116,4441.3220,3.163345,0.067835,3.516599,0.0089,57.5398,42.4513,1.26e-13
1226,15,15,6473747.6716,4441.3220,3.163345,0.054520,3.516603,0.0077,25.1171,74.8752,9.08e-14
1227,15,15,6473837.9822,4441.3220,3.163352,0.070886,3.516594,0.0094,38.7490,61.2415,8.89e-14
1228,15,15,6473857.4893,4441.3220,3.163353,0.072550,3.516596,0.0086,46.6422,53.3491,1.42e-13
1229,15,15,6473945.3149,4441.3220,3.163359,0.059381,3.516601,0.0077,67.1955,32.7968,1.05e-13
1230,15,15,6474010.0224,4441.3220,3.163363,0.051828,3.516603,0.0071,51.2530,48.7399,8.88e-14
1231,15,15,6474049.0817,4441.3220,3.163366,0.057648,3.516601,0.0094,33.5506,66.4401,1.11e-13
1232,15,15,6474099.8444,4441.3220,3.163369,0.057274,3.516598,0.0080,66.5106,33.4814,1.21e-13
1233,15,15,6474239.0164,4441.3220,3.163378,0.055916,3.516600,0.0069,55.7162,44.2769,1.22e-13
1234,15,15,6474252.6745,4441.3220,3.163379,0.051033,3.516602,0.0075,23.8411,76.1514,1.06e-13
1235,15,15,6474291.9296,4441.3220,3.163382,0.057909,3.516605,0.0080,46.0810,53.9110,8.51e-14
1236,15,15,6474404.8620,4441.3220,3.163390,0.070730,3.516598,0.0081,46.5006,53.4913,1.18e-13
1237,15,15,6474450.2955,4441.3220,3.163393,0.052374,3.516602,0.0063,60.1525,39.8412,1.27e-13
1238,15,15,6474546.6654,4441.3220,3.163399,0.052547,3.516607,0.0068,45.5223,54.4709,1.02e-13
1239,15,15,6474595.9036,4441.3220,3.163402,0.071518,3.516598,0.0093,12.0932,87.8975,1.04e-13
1240,15,15,6474665.0614,4441.3220,3.163407,0.059130,3.516599,0.0079,56.0049,43.9872,9.97e-14
1241,15,15,6474733.2111,4441.3220,3.163412,0.075172,3.516594,0.0100,61.0930,38.8970,9.04e-14
1242,15,15,6474767.8605,4441.3220,3.163414,0.057540,3.516600,0.0079,55.2925,44.6997,1.30e-13
1243,15,15,6474800.7268,4441.3220,3.163416,0.066893,3.516598,0.0085,25.5970,74.3945,1.06e-13
1244,15,15,6474840.1014,4441.3220,3.163419,0.050226,3.516604,0.0071,40.5598,59.4331,1.09e-13
1245,15,15,6474932.5356,4441.3220,3.163425,0.050437,3.516603,0.0061,59.0849,40.9090,1.05e-13
1246,15,15,6474977.9008,4441.3220,3.163428,0.048339,3.516605,0.0060,29.4080,70.5860,1.36e-13
1247,15,15,6475023.6137,4441.3220,3.163431,0.048869,3.516606,0.0087,57.8484,42.1429,8.28e-14
1248,15,15,6475030.7856,4441.3220,3.163432,0.067803,3.516602,0.0083,47.9642,52.0275,1.31e-13
1249,15,15,6475106.2686,4441.3220,3.163437,0.066790,3.516599,0.0087,61.8139,38.1773,1.02e-13
1250,15,15,6475169.1067,4441.3220,3.163441,0.048477,3.516606,0.0068,41.9873,58.0058,1.22e-13
1251,15,15,6475193.8552,4441.3220,3.163443,0.059560,3.516597,0.0075,54.9363,45.0562,1.25e-13
1252,15,15,6475213.7638,4441.3220,3.163444,0.052976,3.516605,0.0072,63.4962,36.4966,1.31e-13
1253,15,15,6475270.8270,4441.3220,3.163448,0.045098,3.516605,0.0066,47.2317,52.7617,1.10e-13
1254,15,15,6475317.1581,4441.3220,3.163451,0.063940,3.516597,0.0088,34.5557,65.4355,8.57e-14
1255,15,15,6475368.6575,4441.3220,3.163454,0.073176,3.516594,0.0102,38.2156,61.7743,1.13e-13
1256,15,15,6475438.6500,4441.3220,3.163459,0.056553,3.516604,0.0061,28.8091,71.1848,1.09e-13
1257,15,15,6475444.6291,4441.3220,3.163459,0.055468,3.516598,0.0069,68.0763,31.9168,1.33e-13
1258,15,15,6475499.4153,4441.3220,3.163463,0.072775,3.516594,0.0075,64.4823,35.5102,1.05e-13
1259,15,15,6475565.5703,4441.3220,3.163467,0.047982,3.516603,0.0071,67.7732,32.2197,1.36e-13
1260,15,15,6475567.4039,4441.3220,3.163468,0.059202,3.516599,0.0075,80.1915,19.8009,1.17e-13
1261,15,15,6475642.6269,4441.3220,3.163473,0.049044,3.516605,0.0066,45.8051,54.1883,8.16e-14
1262,15,15,6475697.7402,4441.3220,3.163476,0.065333,3.516598,0.0083,27.0355,72.9562,1.32e-13
1263,15,15,6475799.4998,4441.3220,3.163483,0.052949,3.516601,0.0068,37.5565,62.4367,1.08e-13
1264,15,15,6475861.1811,4441.3220,3.163487,0.062326,3.516601,0.0076,60.2850,39.7075,1.27e-13
1265,15,15,6475901.6244,4441.3220,3.163490,0.064388,3.516602,0.0094,57.8651,42.1255,9.31e-14
1266,15,15,6475932.8968,4441.3220,3.163492,0.090505,3.516591,0.0126,58.9611,41.0263,1.07e-13
1267,15,15,6475955.8982,4441.3220,3.163494,0.063427,3.516601,0.0078,18.1502,81.8420,1.32e-13
1268,15,15,6476023.8552,4441.3220,3.163498,0.090311,3.516589,0.0112,79.2148,20.7741,9.98e-14
1269,15,15,6476052.2087,4441.3220,3.163500,0.061757,3.516601,0.0078,45.6003,54.3918,1.36e-13
1270,15,15,6476100.2825,4441.3220,3.163503,0.071982,3.516593,0.0092,27.8859,72.1049,1.01e-13
1271,15,15,6476135.7724,4441.3220,3.163506,0.042346,3.516606,0.0070,63.3553,36.6376,9.76e-14
1272,15,15,6476153.6971,4441.3220,3.163507,0.054155,3.516603,0.0076,35.9463,64.0461,1.30e-13
1273,15,15,6476187.1045,4441.3220,3.163509,0.046218,3.516606,0.0069,50.1542,49.8389,1.31e-13
1274,15,15,6476225.9074,4441.3220,3.163512,0.065109,3.516595,0.0086,43.7840,56.2074,1.14e-13
1275,15,15,6476292.2793,4441.3220,3.163516,0.047351,3.516604,0.0065,70.0654,29.9280,8.65e-14
1276,15,15,6476330.7220,4441.3220,3.163519,0.056169,3.516605,0.0079,29.9931,69.9990,1.40e-13
1277,15,15,6476363.1103,4441.3220,3.163521,0.055989,3.516599,0.0068,58.5536,41.4396,1.15e-13
1278,15,15,6476389.9355,4441.3220,3.163523,0.043476,3.516607,0.0063,36.0986,63.8951,1.10e-13
1279,15,15,6476460.0720,4441.3220,3.163528,0.055442,3.516601,0.0069,62.0343,37.9588,1.35e-13
1280,15,15,6476465.1550,4441.3220,3.163528,0.050640,3.516603,0.0064,64.6573,35.3363,1.27e-13
1281,15,15,6476503.6184,4441.3220,3.163530,0.058008,3.516599,0.0074,49.7076,50.2850,1.36e-13
1282,15,15,6476576.9227,4441.3220,3.163535,0.043872,3.516603,0.0060,69.1447,30.8492,9.17e-14
1283,15,15,6476624.8736,4441.3220,3.163539,0.044697,3.516604,0.0054,58.1056,41.8891,1.40e-13
1284,15,15,6476662.7063,4441.3220,3.163541,0.043825,3.516605,0.0057,25.2563,74.7380,1.09e-13
1285,15,15,6476676.3829,4441.3220,3.163542,0.059669,3.516597,0.0073,36.4902,63.5025,1.20e-13
1286,15,15,6476691.0839,4441.3220,3.163543,0.053156,3.516601,0.0063,37.6457,62.3480,1.13e-13
1287,15,15,6476734.3858,4441.3220,3.163546,0.056317,3.516600,0.0061,44.0306,55.9633,1.33e-13
1288,15,15,6476775.2086,4441.3220,3.163549,0.051547,3.516601,0.0064,45.4434,54.5502,1.10e-13
1289,15,15,6476793.4432,4441.3220,3.163550,0.057907,3.516599,0.0077,83.9197,16.0726,1.13e-13
1290,15,15,6476813.5110,4441.3220,3.163551,0.051504,3.516603,0.0066,74.5444,25.4489,1.32e-13
1291,15,15,6476882.0639,4441.3220,3.163556,0.043004,3.516602,0.0055,73.3371,26.6574,1.14e-13
1292,15,15,6476892.8919,4441.3220,3.163557,0.048589,3.516605,0.0063,23.6418,76.3518,1.04e-13
1293,15,15,6476933.9554,4441.3220,3.163559,0.047011,3.516607,0.0057,52.2215,47.7729,1.47e-13
1294,15,15,6476970.5779,4441.3220,3.163562,0.055945,3.516603,0.0074,25.0861,74.9065,8.97e-14
1295,15,15,6476996.7257,4441.3220,3.163564,0.049965,3.516600,0.0062,55.6397,44.3541,1.32e-13
1296,15,15,6477022.5693,4441.3220,3.163565,0.048039,3.516604,0.0063,64.6423,35.3515,1.28e-13
1297,15,15,6477027.3760,4441.3220,3.163566,0.039879,3.516605,0.0063,54.8406,45.1531,1.37e-13
1298,15,15,6477054.7458,4441.3220,3.163567,0.041689,3.516608,0.0055,67.0267,32.9677,1.02e-13
1299,15,15,6477099.6833,4441.3220,3.163570,0.064020,3.516596,0.0075,81.9073,18.0852,1.11e-13
1300,15,15,6477116.4772,4441.3220,3.163572,0.054005,3.516601,0.0072,43.8607,56.1321,1.25e-13
1301,15,15,6477167.6643,4441.3220,3.163575,0.050742,3.516602,0.0069,66.4993,33.4938,1.23e-13
1302,15,15,6477214.6939,4441.3220,3.163578,0.065053,3.516594,0.0062,43.2840,56.7098,1.47e-13
1303,15,15,6477269.3193,4441.3220,3.163582,0.048342,3.516604,0.0058,50.6956,49.2987,8.89e-14
1304,15,15,6477280.8212,4441.3220,3.163583,0.044549,3.516606,0.0066,60.7645,39.2290,1.13e-13
1305,15,15,6477322.1202,4441.3220,3.163585,0.059560,3.516598,0.0067,31.7311,68.2622,1.16e-13
1306,15,15,6477330.5387,4441.3220,3.163586,0.050105,3.516600,0.0062,24.5296,75.4642,1.08e-13
1307,15,15,6477405.9678,4441.3220,3.163591,0.037022,3.516606,0.0048,36.4043,63.5909,1.15e-13
1308,15,15,6477466.9192,4441.3220,3.163595,0.037826,3.516608,0.0057,68.5265,31.4678,1.06e-13
1309,15,15,6477478.4607,4441.3220,3.163596,0.044510,3.516606,0.0059,61.9439,38.0502,1.27e-13
1310,15,15,6477514.4327,4441.3220,3.163598,0.051135,3.516605,0.0072,66.2176,33.7752,1.20e-13
1311,15,15,6477534.3280,4441.3220,3.163600,0.056054,3.516604,0.0074,65.1675,34.8251,9.78e-14
1312,15,15,6477602.5960,4441.3220,3.163604,0.064456,3.516596,0.0077,36.0280,63.9643,8.49e-14
1313,15,15,6477653.1389,4441.3220,3.163608,0.047680,3.516604,0.0064,59.7536,40.2399,1.11e-13
1314,15,15,6477682.4967,4441.3220,3.163610,0.042830,3.516605,0.0062,49.4437,50.5501,1.23e-13
1315,15,15,6477694.4966,4441.3220,3.163610,0.042332,3.516603,0.0059,44.1444,55.8497,1.47e-13
1316,15,15,6477740.2216,4441.3220,3.163613,0.037778,3.516607,0.0052,58.0462,41.9486,9.83e-14
1317,15,15,6477791.3650,4441.3220,3.163617,0.048336,3.516604,0.0064,33.2048,66.7888,1.28e-13
1318,15,15,6477823.2777,4441.3220,3.163619,0.048339,3.516605,0.0063,70.7036,29.2901,9.60e-14
1319,15,15,6477837.3049,4441.3220,3.163620,0.055785,3.516605,0.0087,46.9614,53.0299,9.43e-14
1320,15,15,6477866.5002,4441.3220,3.163622,0.052392,3.516602,0.0067,43.5746,56.4188,1.19e-13
1321,15,15,6477905.4381,4441.3220,3.163624,0.056235,3.516604,0.0065,31.1028,68.8908,1.18e-13
1322,15,15,6477912.8670,4441.3220,3.163625,0.063262,3.516598,0.0083,44.4408,55.5508,9.03e-14
1323,15,15,6477950.2344,4441.3220,3.163627,0.048548,3.516603,0.0070,42.6073,57.3857,1.12e-13
1324,15,15,6477971.6491,4441.3220,3.163629,0.059116,3.516596,0.0061,36.1654,63.8285,1.20e-13
1325,15,15,6478008.7632,4441.3220,3.163631,0.048795,3.516601,0.0064,37.7464,62.2472,1.20e-13
1326,15,15,6478034.9632,4441.3220,3.163633,0.042579,3.516605,0.0066,29.7867,70.2067,1.47e-13
1327,15,15,6478097.5081,4441.3220,3.163637,0.058928,3.516598,0.0073,71.8141,28.1786,9.76e-14
1328,15,15,6478127.9742,4441.3220,3.163639,0.055611,3.516601,0.0059,45.4573,54.5368,1.19e-13
1329,15,15,6478168.1877,4441.3220,3.163642,0.050392,3.516604,0.0066,38.1673,61.8261,1.04e-13
1330,15,15,6478186.9267,4441.3220,3.163643,0.048837,3.516604,0.0059,42.1184,57.8756,1.15e-13
1331,15,15,6478201.1874,4441.3220,3.163644,0.049094,3.516602,0.0064,49.1580,50.8355,1.25e-13
1332,15,15,6478223.2504,4441.3220,3.163646,0.048761,3.516610,0.0067,35.6475,64.3457,1.13e-13
1333,15,15,6478235.1016,4441.3220,3.163647,0.039964,3.516607,0.0056,51.4956,48.4989,1.33e-13
1334,15,15,6478277.9153,4441.3220,3.163649,0.049572,3.516603,0.0059,53.2452,46.7490,1.15e-13
1335,15,15,6478297.6890,4441.3220,3.163651,0.042462,3.516607,0.0058,56.6813,43.3129,9.98e-14
1336,15,15,6478334.4029,4441.3220,3.163653,0.039097,3.516605,0.0053,62.3146,37.6802,1.23e-13
1337,15,15,6478364.5046,4441.3220,3.163655,0.052935,3.516602,0.0068,42.9784,57.0147,1.31e-13
1338,15,15,6478384.2370,4441.3220,3.163657,0.046150,3.516603,0.0058,41.5824,58.4118,1.42e-13
1339,15,15,6478421.4367,4441.3220,3.163659,0.058203,3.516598,0.0070,57.1710,42.8221,1.05e-13
1340,15,15,6478439.6681,4441.3220,3.163660,0.052114,3.516602,0.0070,67.9880,32.0050,9.25e-14
1341,15,15,6478471.4688,4441.3220,3.163662,0.058918,3.516601,0.0080,46.2716,53.7204,1.15e-13
1342,15,15,6478487.1491,4441.3220,3.163664,0.046161,3.516606,0.0069,57.4561,42.5370,1.42e-13
1343,15,15,6478496.8453,4441.3220,3.163664,0.047635,3.516601,0.0057,22.9190,77.0753,1.18e-13
1344,15,15,6478550.7487,4441.3220,3.163668,0.047072,3.516607,0.0063,57.1905,42.8031,1.12e-13
1345,15,15,6478569.8729,4441.3220,3.163669,0.039893,3.516604,0.0056,55.0744,44.9200,1.25e-13
1346,15,15,6478597.6735,4441.3220,3.163671,0.045627,3.516607,0.0063,56.8069,43.1868,1.02e-13
1347,15,15,6478617.4838,4441.3220,3.163672,0.049286,3.516605,0.0069,43.3720,56.6212,1.12e-13
1348,15,15,6478634.5022,4441.3220,3.163673,0.049146,3.516600,0.0062,63.2471,36.7467,1.24e-13
1349,15,15,6478655.7848,4441.3220,3.163675,0.049376,3.516604,0.0064,54.5864,45.4072,9.83e-14
1350,15,15,6478664.6955,4441.3220,3.163675,0.033474,3.516609,0.0052,50.0763,49.9185,1.41e-13
1351,15,15,6478691.0603,4441.3220,3.163677,0.052989,3.516605,0.0075,57.1260,42.8666,1.01e-13
1352,15,15,6478706.3112,4441.3220,3.163678,0.038372,3.516606,0.0066,60.8726,39.1208,1.08e-13
1353,15,15,6478727.1740,4441.3220,3.163680,0.055744,3.516601,0.0071,54.6842,45.3087,1.08e-13
1354,15,15,6478778.6502,4441.3220,3.163683,0.039369,3.516607,0.0058,70.6121,29.3822,9.10e-14
1355,15,15,6478809.4722,4441.3220,3.163685,0.047830,3.516605,0.0062,53.5226,46.4712,1.18e-13
1356,15,15,6478826.4232,4441.3220,3.163686,0.061083,3.516600,0.0077,59.7744,40.2179,1.11e-13
1357,15,15,6478872.6833,4441.3220,3.163689,0.062232,3.516598,0.0080,36.6034,63.3886,8.86e-14
1358,15,15,6478890.0741,4441.3220,3.163691,0.043087,3.516606,0.0055,33.9450,66.0495,1.47e-13
1359,15,15,6478939.0475,4441.3220,3.163694,0.045585,3.516604,0.0058,63.3556,36.6385,1.25e-13
1360,15,15,6478961.5069,4441.3220,3.163695,0.061441,3.516600,0.0073,51.2459,48.7468,9.51e-14
1361,15,15,6478981.6129,4441.3220,3.163697,0.057784,3.516601,0.0065,68.1121,31.8815,1.22e-13
1362,15,15,6478986.6780,4441.3220,3.163697,0.052937,3.516600,0.0070,39.2613,60.7317,1.24e-13
1363,15,15,6479022.7999,4441.3220,3.163699,0.049466,3.516603,0.0071,42.2923,57.7007,1.13e-13
1364,15,15,6479043.6340,4441.3220,3.163701,0.055631,3.516602,0.0068,35.3339,64.6593,1.22e-13
1365,15,15,6479055.3884,4441.3220,3.163702,0.050253,3.516602,0.0065,47.7447,52.2488,9.45e-14
1366,15,15,6479071.8639,4441.3220,3.163703,0.047171,3.516604,0.0067,41.0860,58.9073,1.11e-13
1367,15,15,6479098.7040,4441.3220,3.163705,0.043281,3.516607,0.0056,48.1387,51.8557,1.54e-13
1368,15,15,6479131.2026,4441.3220,3.163707,0.042044,3.516605,0.0056,50.9752,49.0192,1.03e-13
1369,15,15,6479155.4882,4441.3220,3.163708,0.043267,3.516606,0.0063,75.2308,24.7630,1.05e-13
1370,15,15,6479187.6540,4441.3220,3.163710,0.042954,3.516605,0.0060,35.4951,64.4989,1.16e-13
1371,15,15,6479219.3412,4441.3220,3.163713,0.036747,3.516608,0.0057,53.8226,46.1717,1.11e-13
1372,15,15,6479224.7873,4441.3220,3.163713,0.046843,3.516605,0.0051,47.6754,52.3195,1.24e-13
1373,15,15,6479258.1359,4441.3220,3.163715,0.062387,3.516599,0.0074,57.4347,42.5579,1.30e-13
1374,15,15,6479285.7940,4441.3220,3.163717,0.057318,3.516602,0.0076,40.6164,59.3761,1.20e-13
1375,15,15,6479305.9792,4441.3220,3.163718,0.045354,3.516604,0.0052,68.2872,31.7076,1.19e-13
1376,15,15,6479312.4497,4441.3220,3.163719,0.045628,3.516602,0.0062,48.6181,51.3757,1.38e-13
1377,15,15,6479333.6312,4441.3220,3.163720,0.048319,3.516605,0.0059,57.2111,42.7831,1.13e-13
1378,15,15,6479343.4553,4441.3220,3.163721,0.047285,3.516605,0.0065,40.0198,59.9737,1.34e-13
1379,15,15,6479368.1638,4441.3220,3.163723,0.049117,3.516603,0.0064,34.6570,65.3366,1.34e-13
1380,15,15,6479374.7785,4441.3220,3.163723,0.043503,3.516601,0.0054,73.0601,26.9346,1.11e-13
1381,15,15,6479402.4793,4441.3220,3.163725,0.046485,3.516605,0.0067,35.5188,64.4745,1.06e-13
1382,15,15,6479428.4103,4441.3220,3.163727,0.039267,3.516606,0.0054,61.3620,38.6326,1.30e-13
1383,15,15,6479436.7225,4441.3220,3.163727,0.039534,3.516609,0.0056,52.0653,47.9291,1.17e-13
1384,15,15,6479444.0256,4441.3220,3.163728,0.044131,3.516605,0.0052,41.0040,58.9908,1.28e-13
1385,15,15,6479472.8972,4441.3220,3.163730,0.040927,3.516607,0.0047,54.5628,45.4325,1.35e-13
1386,15,15,6479496.8673,4441.3220,3.163731,0.039822,3.516606,0.0058,36.7843,63.2099,1.20e-13
1387,15,15,6479527.8131,4441.3220,3.163733,0.047720,3.516600,0.0053,56.9052,43.0894,1.36e-13
1388,15,15,6479541.9606,4441.3220,3.163734,0.032354,3.516610,0.0048,43.0718,56.9235,1.39e-13
1389,15,15,6479558.9214,4441.3220,3.163735,0.043097,3.516603,0.0057,44.8579,55.1364,1.18e-13
1390,15,15,6479568.8343,4441.3220,3.163736,0.057361,3.516597,0.0069,38.3683,61.6248,1.01e-13
1391,15,15,6479583.8257,4441.3220,3.163737,0.048203,3.516606,0.0060,46.4313,53.5627,1.33e-13
1392,15,15,6479601.1658,4441.3220,3.163738,0.045865,3.516605,0.0058,54.8192,45.1749,1.23e-13
1393,15,15,6479634.3219,4441.3220,3.163740,0.043320,3.516604,0.0055,43.1600,56.8345,1.20e-13
1394,15,15,6479650.4698,4441.3220,3.163742,0.038724,3.516608,0.0054,29.7867,70.2079,1.18e-13
1395,15,15,6479700.4824,4441.3220,3.163745,0.049361,3.516602,0.0065,45.2221,54.7713,1.01e-13
1396,15,15,6479704.5876,4441.3220,3.163745,0.043567,3.516603,0.0054,63.3916,36.6029,1.35e-13
1397,15,15,6479716.3258,4441.3220,3.163746,0.045765,3.516604,0.0051,68.9703,31.0246,1.19e-13
1398,15,15,6479724.4527,4441.3220,3.163747,0.054698,3.516600,0.0063,52.4149,47.5788,1.23e-13
1399,15,15,6479731.6979,4441.3220,3.163747,0.040039,3.516606,0.0048,43.1252,56.8701,1.21e-13
1400,15,15,6479770.1603,4441.3220,3.163750,0.044014,3.516604,0.0056,52.9925,47.0019,1.28e-13
1401,15,15,6479773.4950,4441.3220,3.163750,0.045408,3.516605,0.0051,58.4556,41.5394,1.46e-13
1402,15,15,6479793.8871,4441.3220,3.163751,0.041819,3.516606,0.0048,51.4798,48.5154,1.27e-13
1403,15,15,6479810.3341,4441.3220,3.163752,0.049100,3.516605,0.0061,53.1816,46.8123,9.95e-14
1404,15,15,6479819.8703,4441.3220,3.163753,0.041775,3.516606,0.0049,50.2649,49.7301,1.23e-13
1405,15,15,6479839.9336,4441.3220,3.163754,0.037846,3.516605,0.0046,40.7438,59.2516,1.28e-13
1406,15,15,6479878.5021,4441.3220,3.163757,0.037689,3.516609,0.0050,58.1383,41.8567,1.27e-13
1407,15,15,6479879.5522,4441.3220,3.163757,0.043104,3.516606,0.0058,55.4942,44.5000,1.03e-13
1408,15,15,6479884.3809,4441.3220,3.163757,0.050064,3.516602,0.0059,40.3476,59.6465,1.32e-13
1409,15,15,6479911.3985,4441.3220,3.163759,0.052097,3.516603,0.0061,51.2422,48.7518,1.34e-13
1410,15,15,6479923.5512,4441.3220,3.163760,0.048607,3.516602,0.0060,61.3781,38.6160,1.05e-13
1411,15,15,6479950.3775,4441.3220,3.163762,0.043229,3.516606,0.0059,41.8492,58.1449,1.24e-13
1412,15,15,6479972.3186,4441.3220,3.163763,0.045803,3.516605,0.0063,53.9809,46.0128,9.92e-14
1413,15,15,6479981.8988,4441.3220,3.163764,0.039725,3.516606,0.0051,48.8760,51.1189,1.13e-13
1414,15,15,6480003.1021,4441.3220,3.163765,0.040039,3.516606,0.0049,40.7259,59.2692,1.31e-13
1415,15,15,6480021.6844,4441.3220,3.163766,0.050336,3.516599,0.0057,48.7500,51.2443,1.04e-13
1416,15,15,6480043.4741,4441.3220,3.163768,0.045158,3.516603,0.0053,53.1432,46.8514,9.24e-14
1417,15,15,6480058.3492,4441.3220,3.163769,0.046660,3.516605,0.0061,54.8095,45.1844,1.20e-13
1418,15,15,6480072.6619,4441.3220,3.163770,0.042487,3.516605,0.0048,53.3976,46.5976,1.33e-13
1419,15,15,6480100.0248,4441.3220,3.163772,0.037602,3.516606,0.0048,56.1390,43.8562,1.09e-13
1420,15,15,6480116.5144,4441.3220,3.163773,0.041508,3.516605,0.0050,40.8211,59.1740,1.50e-13
1421,15,15,6480133.1348,4441.3220,3.163774,0.047186,3.516605,0.0064,37.9649,62.0287,1.24e-13
1422,15,15,6480142.3303,4441.3220,3.163775,0.044171,3.516605,0.0057,41.2774,58.7169,1.07e-13
1423,15,15,6480153.0136,4441.3220,3.163775,0.043311,3.516606,0.0049,37.1404,62.8547,1.09e-13
1424,15,15,6480156.2411,4441.3220,3.163775,0.034223,3.516607,0.0048,70.8504,29.1448,1.38e-13
1425,15,15,6480172.4830,4441.3220,3.163777,0.042865,3.516606,0.0055,56.8431,43.1515,1.24e-13
1426,15,15,6480199.8061,4441.3220,3.163778,0.040426,3.516606,0.0048,65.5995,34.3956,1.11e-13
1427,15,15,6480208.7070,4441.3220,3.163779,0.051490,3.516601,0.0058,37.0619,62.9323,1.38e-13
1428,15,15,6480219.6393,4441.3220,3.163780,0.040746,3.516606,0.0054,32.1016,67.8930,1.19e-13
1429,15,15,6480230.5182,4441.3220,3.163780,0.035407,3.516608,0.0047,49.9793,50.0160,1.29e-13
1430,15,15,6480243.0175,4441.3220,3.163781,0.036969,3.516607,0.0050,49.2938,50.7012,1.51e-13
1431,15,15,6480254.4904,4441.3220,3.163782,0.040429,3.516606,0.0053,46.6408,53.3539,1.29e-13
1432,15,15,6480256.2262,4441.3220,3.163782,0.045625,3.516607,0.0055,47.6187,52.3758,1.09e-13
1433,15,15,6480270.4140,4441.3220,3.163783,0.039280,3.516606,0.0049,43.2892,56.7059,1.21e-13
1434,15,15,6480283.5262,4441.3220,3.163784,0.041708,3.516604,0.0059,54.3345,45.6596,1.22e-13
1435,15,15,6480303.7560,4441.3220,3.163785,0.045108,3.516603,0.0056,57.4264,42.5680,1.13e-13
1436,15,15,6480311.9519,4441.3220,3.163786,0.048584,3.516601,0.0053,65.3627,34.6320,1.14e-13
1437,15,15,6480323.5462,4441.3220,3.163787,0.038858,3.516605,0.0059,42.1204,57.8737,1.19e-13
1438,15,15,6480342.8725,4441.3220,3.163788,0.041362,3.516605,0.0060,53.6736,46.3204,1.17e-13
1439,15,15,6480346.8178,4441.3220,3.163788,0.037848,3.516606,0.0052,41.6200,58.3747,1.17e-13
1440,15,15,6480368.4726,4441.3220,3.163790,0.051480,3.516601,0.0059,57.4200,42.5741,1.12e-13
1441,15,15,6480377.6977,4441.3220,3.163790,0.036867,3.516607,0.0043,55.9863,44.0095,1.41e-13
1442,15,15,6480385.7399,4441.3220,3.163791,0.036105,3.516606,0.0044,62.5120,37.4835,1.32e-13
1443,15,15,6480392.8563,4441.3220,3.163791,0.036151,3.516609,0.0047,55.6881,44.3072,1.35e-13
1444,15,15,6480402.8145,4441.3220,3.163792,0.036246,3.516606,0.0039,57.9503,42.0458,1.60e-13
1445,15,15,6480412.2372,4441.3220,3.163793,0.040424,3.516605,0.0047,48.4037,51.5916,9.23e-14
1446,15,15,6480423.5434,4441.3220,3.163793,0.037040,3.516606,0.0047,38.9231,61.0722,1.35e-13
1447,15,15,6480445.0555,4441.3220,3.163795,0.029055,3.516608,0.0042,63.9253,36.0705,1.24e-13
1448,15,15,6480448.3242,4441.3220,3.163795,0.043048,3.516605,0.0049,47.8233,52.1718,1.24e-13
1449,15,15,6480453.1737,4441.3220,3.163795,0.030980,3.516610,0.0044,61.5878,38.4078,1.29e-13
1450,15,15,6480476.5578,4441.3220,3.163797,0.045592,3.516603,0.0058,52.2008,47.7934,1.21e-13
1451,15,15,6480482.2651,4441.3220,3.163797,0.035385,3.516608,0.0048,39.9450,60.0502,1.19e-13
1452,15,15,6480485.9000,4441.3220,3.163798,0.042313,3.516606,0.0046,49.3059,50.6895,1.25e-13
1453,15,15,6480498.9463,4441.3220,3.163798,0.035903,3.516606,0.0043,57.3982,42.5974,1.22e-13
1454,15,15,6480514.1639,4441.3220,3.163799,0.031168,3.516609,0.0040,39.9906,60.0054,1.25e-13
1455,15,15,6480523.0317,4441.3220,3.163800,0.035341,3.516607,0.0045,45.7962,54.1993,1.26e-13
1456,15,15,6480529.7071,4441.3220,3.163801,0.035745,3.516606,0.0043,45.0982,54.8975,1.23e-13
1457,15,15,6480542.7515,4441.3220,3.163801,0.042307,3.516604,0.0049,37.9244,62.0707,1.15e-13
1458,15,15,6480557.1795,4441.3220,3.163802,0.033954,3.516610,0.0046,48.8319,51.1635,1.15e-13
1459,15,15,6480571.8675,4441.3220,3.163803,0.032114,3.516609,0.0052,31.9617,68.0331,1.32e-13
1460,15,15,6480583.8492,4441.3220,3.163804,0.031095,3.516610,0.0036,64.1812,35.8152,1.44e-13
1461,15,15,6480586.3613,4441.3220,3.163804,0.032369,3.516607,0.0040,37.0365,62.9594,1.53e-13
1462,15,15,6480595.7479,4441.3220,3.163805,0.031486,3.516608,0.0037,60.4672,39.5292,1.10e-13
1463,15,15,6480599.0572,4441.3220,3.163805,0.040493,3.516605,0.0042,46.1863,53.8095,1.47e-13
1464,15,15,6480604.8626,4441.3220,3.163806,0.028342,3.516608,0.0036,44.4827,55.5137,1.75e-13
1465,15,15,6480619.5517,4441.3220,3.163807,0.030281,3.516612,0.0047,50.3677,49.6276,9.64e-14
1466,15,15,6480621.8049,4441.3220,3.163807,0.023109,3.516613,0.0032,61.5122,38.4846,1.75e-13
1467,15,15,6480629.6629,4441.3220,3.163807,0.031876,3.516608,0.0037,64.8232,35.1731,1.57e-13
1468,15,15,6480644.9992,4441.3220,3.163808,0.024713,3.516611,0.0035,45.9835,54.0130,1.45e-13
1469,15,15,6480647.7896,4441.3220,3.163808,0.027023,3.516611,0.0037,46.0236,53.9727,1.60e-13
1470,15,15,6480650.3444,4441.3220,3.163809,0.031643,3.516608,0.0038,37.4386,62.5576,1.45e-13
1471,15,15,6480654.6328,4441.3220,3.163809,0.033257,3.516607,0.0039,44.5093,55.4868,1.67e-13
1472,15,15,6480665.1257,4441.3220,3.163810,0.018471,3.516614,0.0031,61.1710,38.8259,1.47e-13
1473,15,15,6480667.4204,4441.3220,3.163810,0.029887,3.516608,0.0031,62.0825,37.9145,1.80e-13
1474,15,15,6480676.6627,4441.3220,3.163810,0.025198,3.516609,0.0032,55.1291,44.8677,1.89e-13
1475,15,15,6480684.2604,4441.3220,3.163811,0.020743,3.516613,0.0027,47.7809,52.2165,1.38e-13
1476,15,15,6480695.1279,4441.3220,3.163812,0.036073,3.516607,0.0036,53.4911,46.5052,1.66e-13
1477,15,15,6480696.7156,4441.3220,3.163812,0.036936,3.516607,0.0041,54.8969,45.0990,1.64e-13
1478,15,15,6480698.9736,4441.3220,3.163812,0.027665,3.516608,0.0036,43.9378,56.0586,1.39e-13
1479,15,15,6480712.0372,4441.3220,3.163813,0.022641,3.516611,0.0025,31.3730,68.6244,1.46e-13
1480,15,15,6480720.0664,4441.3220,3.163813,0.029809,3.516609,0.0034,55.0115,44.9851,1.92e-13
1481,15,15,6480728.0250,4441.3220,3.163814,0.017444,3.516612,0.0018,49.0558,50.9424,2.02e-13
1482,15,15,6480729.4592,4441.3220,3.163814,0.020442,3.516610,0.0025,53.7095,46.2880,2.03e-13
1483,15,15,6480734.3954,4441.3220,3.163814,0.021695,3.516611,0.0023,54.0152,45.9825,2.24e-13
1484,15,15,6480739.5267,4441.3220,3.163815,0.018761,3.516611,0.0021,44.4705,55.5275,2.02e-13
1485,15,15,6480745.0810,4441.3220,3.163815,0.012654,3.516614,0.0017,42.3663,57.6320,1.81e-13
1486,15,15,6480746.4366,4441.3220,3.163815,0.001203,3.516617,0.0002,49.2490,50.7507,6.11e-13
1487,15,15,6480749.4058,4441.3220,3.163815,0.011598,3.516614,0.0013,41.2433,58.7554,2.62e-13
1488,15,15,6480751.1338,4441.3220,3.163815,0.001808,3.516616,0.0002,25.0235,74.9763,6.25e-13
1489,15,15,6480751.2014,4441.3220,3.163815,0.002884,3.516616,0.0003,78.7031,21.2966,5.07e-13
1490,15,15,6480751.8880,4441.3220,3.163815,0.006557,3.516615,0.0009,44.2690,55.7300,3.75e-13
1491,15,15,6480753.4601,4441.3220,3.163816,0.008146,3.516615,0.0008,66.5036,33.4956,3.57e-13
1492,15,15,6480755.3683,4441.3220,3.163816,0.012086,3.516613,0.0013,57.0383,42.9604,2.73e-13
1493,15,15,6480757.4398,4441.3220,3.163816,0.009973,3.516614,0.0012,47.3116,52.6872,2.72e-13
1494,15,15,6480758.2264,4441.3220,3.163816,0.013740,3.516613,0.0014,60.7181,39.2805,2.74e-13
1495,15,15,6480760.1029,4441.3220,3.163816,0.005908,3.516615,0.0009,47.8976,52.1015,2.94e-13
1496,15,15,6480761.4836,4441.3220,3.163816,0.004230,3.516616,0.0006,47.2666,52.7328,4.06e-13
1497,15,15,6480762.7765,4441.3220,3.163816,0.013704,3.516613,0.0013,41.1731,58.8255,2.65e-13
1498,15,15,6480765.0258,4441.3220,3.163816,0.009526,3.516615,0.0011,45.4804,54.5185,2.94e-13
1499,15,15,6480766.6028,4441.3220,3.163816,0.003580,3.516616,0.0004,34.9032,65.0964,5.58e-13
1500,15,15,6480767.6777,4441.3220,3.163816,0.003744,3.516616,0.0005,65.9804,34.0191,3.90e-13
1501,15,15,6480769.8916,4441.3220,3.163817,0.006575,3.516616,0.0007,33.0185,66.9808,3.98e-13
1502,15,15,6480770.7005,4441.3220,3.163817,0.002004,3.516617,0.0006,40.3378,59.6617,4.26e-13
1503,15,15,6480772.3183,4441.3220,3.163817,0.013832,3.516614,0.0015,59.3156,40.6829,2.58e-13
1504,15,15,6480773.1798,4441.3220,3.163817,0.010198,3.516615,0.0012,58.0451,41.9537,3.07e-13
1505,15,15,6480777.9431,4441.3220,3.163817,0.007855,3.516615,0.0011,42.9661,57.0327,3.08e-13
1506,15,15,6480780.2476,4441.3220,3.163817,0.010927,3.516614,0.0012,38.9503,61.0486,2.80e-13
1507,15,15,6480781.1126,4441.3220,3.163817,0.012454,3.516614,0.0011,37.8189,62.1800,3.24e-13
1508,15,15,6480782.5191,4441.3220,3.163817,0.005284,3.516616,0.0006,68.3168,31.6825,3.37e-13
1509,15,15,6480783.2840,4441.3220,3.163818,0.011227,3.516614,0.0012,38.1585,61.8403,2.87e-13
1510,15,15,6480785.9388,4441.3220,3.163818,0.005821,3.516616,0.0011,55.9047,44.0942,2.76e-13
1511,15,15,6480788.8348,4441.3220,3.163818,0.011102,3.516614,0.0012,48.6761,51.3226,2.68e-13
1512,15,15,6480791.2223,4441.3220,3.163818,0.007410,3.516615,0.0010,50.3336,49.6654,2.52e-13
1513,15,15,6480793.8690,4441.3220,3.163818,0.010184,3.516614,0.0012,47.8717,52.1271,2.76e-13
1514,15,15,6480794.8635,4441.3220,3.163818,0.021307,3.516610,0.0027,42.0653,57.9320,1.82e-13
1515,15,15,6480799.1144,4441.3220,3.163819,0.018675,3.516612,0.0023,54.7960,45.2017,2.04e-13
1516,15,15,6480800.7878,4441.3220,3.163819,0.022056,3.516612,0.0025,41.5217,58.4757,1.41e-13
1517,15,15,6480811.2849,4441.3220,3.163819,0.036056,3.516608,0.0046,59.0066,40.9888,1.36e-13
1518,15,15,6480816.9584,4441.3220,3.163820,0.033775,3.516607,0.0038,50.3242,49.6719,1.23e-13
1519,15,15,6480821.8666,4441.3220,3.163820,0.015494,3.516614,0.0022,48.2456,51.7522,2.03e-13
1520,15,15,6480824.6670,4441.3220,3.163820,0.020974,3.516611,0.0028,28.2872,71.7101,1.53e-13
1521,15,15,6480825.6083,4441.3220,3.163820,0.018476,3.516612,0.0022,46.7769,53.2209,1.98e-13
1522,15,15,6480830.0756,4441.3220,3.163821,0.017060,3.516612,0.0019,81.3167,18.6815,1.89e-13
1523,15,15,6480832.1327,4441.3220,3.163821,0.018430,3.516612,0.0023,35.0974,64.9003,1.83e-13
1524,15,15,6480837.4785,4441.3220,3.163821,0.020064,3.516611,0.0024,33.0858,66.9117,2.10e-13
1525,15,15,6480842.1357,4441.3220,3.163821,0.027678,3.516610,0.0030,52.1524,47.8446,1.80e-13
1526,15,15,6480843.3911,4441.3220,3.163822,0.018828,3.516612,0.0022,34.2489,65.7488,1.90e-13
1527,15,15,6480845.8110,4441.3220,3.163822,0.019724,3.516611,0.0020,64.1842,35.8138,1.81e-13
1528,15,15,6480848.3733,4441.3220,3.163822,0.025241,3.516609,0.0029,56.6307,43.3664,1.46e-13
1529,15,15,6480850.9612,4441.3220,3.163822,0.030915,3.516609,0.0040,47.2643,52.7317,1.16e-13
1530,15,15,6480860.4775,4441.3220,3.163823,0.021013,3.516611,0.0024,43.7013,56.2962,1.53e-13
1531,15,15,6480864.7133,4441.3220,3.163823,0.034047,3.516608,0.0038,41.1081,58.8881,1.44e-13
1532,15,15,6480869.7409,4441.3220,3.163823,0.018276,3.516612,0.0023,60.4484,39.5493,1.86e-13
1533,15,15,6480871.6061,4441.3220,3.163823,0.029880,3.516608,0.0036,54.6360,45.3604,1.36e-13
1534,15,15,6480879.5020,4441.3220,3.163824,0.035540,3.516607,0.0043,44.2633,55.7324,1.44e-13
1535,15,15,6480884.8520,4441.3220,3.163824,0.030407,3.516609,0.0036,48.2334,51.7631,1.42e-13
1536,15,15,6480887.4876,4441.3220,3.163825,0.020761,3.516612,0.0025,52.5686,47.4289,1.75e-13
1537,15,15,6480891.2335,4441.3220,3.163825,0.035496,3.516609,0.0042,53.3603,46.6356,1.46e-13
1538,15,15,6480892.2001,4441.3220,3.163825,0.033332,3.516610,0.0040,36.9608,63.0352,1.06e-13
1539,15,15,6480895.1031,4441.3220,3.163825,0.023760,3.516611,0.0031,30.6327,69.3643,1.52e-13
1540,15,15,6480900.1639,4441.3220,3.163825,0.027973,3.516610,0.0030,37.0167,62.9803,1.69e-13
1541,15,15,6480906.5463,4441.3220,3.163826,0.026109,3.516610,0.0030,41.1557,58.8413,1.54e-13
1542,15,15,6480911.1439,4441.3220,3.163826,0.032200,3.516609,0.0038,53.4988,46.4974,1.23e-13
1543,15,15,6480914.3879,4441.3220,3.163826,0.026159,3.516610,0.0037,57.8310,42.1653,1.29e-13
1544,15,15,6480917.3496,4441.3220,3.163827,0.024255,3.516610,0.0032,56.5740,43.4228,1.25e-13
1545,15,15,6480921.8588,4441.3220,3.163827,0.035445,3.516606,0.0043,48.8004,51.1953,1.29e-13
1546,15,15,6480923.7466,4441.3220,3.163827,0.029814,3.516609,0.0035,41.5097,58.4869,1.37e-13
1547,15,15,6480927.6168,4441.3220,3.163827,0.037814,3.516606,0.0045,46.6206,53.3749,1.45e-13
1548,15,15,6480933.2737,4441.3220,3.163828,0.044081,3.516604,0.0050,58.0836,41.9113,1.36e-13
1549,15,15,6480940.4595,4441.3220,3.163828,0.037871,3.516607,0.0045,40.8526,59.1429,1.11e-13
1550,15,15,6480941.9329,4441.3220,3.163828,0.026826,3.516610,0.0030,48.8109,51.1862,1.60e-13
1551,15,15,6480947.7736,4441.3220,3.163829,0.035053,3.516607,0.0041,51.0939,48.9020,1.35e-13
1552,15,15,6480951.3880,4441.3220,3.163829,0.032804,3.516609,0.0039,30.1942,69.8019,1.39e-13
1553,15,15,6480953.7484,4441.3220,3.163829,0.034104,3.516607,0.0043,48.8454,51.1503,1.11e-13
1554,15,15,6480957.6932,4441.3220,3.163829,0.036163,3.516606,0.0040,67.5321,32.4639,1.27e-13
1555,15,15,6480965.4161,4441.3220,3.163830,0.026157,3.516611,0.0037,47.2588,52.7374,1.29e-13
1556,15,15,6480966.6491,4441.3220,3.163830,0.030635,3.516610,0.0041,52.3884,47.6075,1.08e-13
1557,15,15,6480970.6207,4441.3220,3.163830,0.040201,3.516607,0.0050,56.5925,43.4024,1.37e-13
1558,15,15,6480977.0787,4441.3220,3.163831,0.037625,3.516606,0.0044,50.0758,49.9198,1.22e-13
1559,15,15,6480978.5830,4441.3220,3.163831,0.028364,3.516609,0.0039,32.6882,67.3079,1.37e-13
1560,15,15,6480981.2821,4441.3220,3.163831,0.036485,3.516608,0.0045,42.2883,57.7072,1.19e-13
1561,15,15,6480986.3636,4441.3220,3.163831,0.034000,3.516609,0.0041,40.4803,59.5156,1.06e-13
1562,15,15,6480989.1199,4441.3220,3.163831,0.036571,3.516606,0.0044,65.6579,34.3377,1.32e-13
1563,15,15,6480992.6086,4441.3220,3.163832,0.030025,3.516609,0.0038,49.8379,50.1582,1.11e-13
1564,15,15,6480997.5655,4441.3220,3.163832,0.032853,3.516609,0.0037,43.9200,56.0763,1.14e-13
1565,15,15,6480998.1926,4441.3220,3.163832,0.033175,3.516609,0.0041,63.9756,36.0203,1.34e-13
1566,15,15,6481006.9055,4441.3220,3.163833,0.035654,3.516608,0.0043,53.3294,46.6663,1.08e-13
1567,15,15,6481008.2863,4441.3220,3.163833,0.035998,3.516607,0.0044,48.9511,51.0445,1.14e-13
1568,15,15,6481016.7114,4441.3220,3.163833,0.035223,3.516609,0.0048,42.0224,57.9729,9.67e-14
1569,15,15,6481018.0683,4441.3220,3.163833,0.045906,3.516604,0.0056,42.5346,57.4598,1.17e-13
1570,15,15,6481022.9849,4441.3220,3.163834,0.032710,3.516607,0.0046,42.7298,57.2656,1.05e-13
1571,15,15,6481032.8853,4441.3220,3.163834,0.046201,3.516603,0.0054,53.3905,46.6041,1.04e-13
1572,15,15,6481034.7924,4441.3220,3.163834,0.041162,3.516604,0.0050,47.8359,52.1591,1.08e-13
1573,15,15,6481041.1376,4441.3220,3.163835,0.031432,3.516610,0.0043,33.2434,66.7524,1.12e-13
1574,15,15,6481045.8284,4441.3220,3.163835,0.038005,3.516606,0.0047,48.4586,51.5367,8.43e-14
1575,15,15,6481056.2811,4441.3220,3.163836,0.035535,3.516606,0.0047,49.3076,50.6877,1.06e-13
1576,15,15,6481057.4254,4441.3220,3.163836,0.038369,3.516606,0.0047,68.3953,31.6000,1.15e-13
1577,15,15,6481060.1954,4441.3220,3.163836,0.040937,3.516605,0.0052,41.7098,58.2850,9.90e-14
1578,15,15,6481066.1549,4441.3220,3.163836,0.045649,3.516603,0.0061,42.4707,57.5232,8.53e-14
1579,15,15,6481071.7131,4441.3220,3.163837,0.034927,3.516607,0.0045,48.3468,51.6486,1.05e-13
1580,15,15,6481075.4592,4441.3220,3.163837,0.036615,3.516607,0.0047,65.0616,34.9337,1.04e-13
1581,15,15,6481080.3236,4441.3220,3.163837,0.044699,3.516604,0.0058,40.3064,59.6878,8.73e-14
1582,15,15,6481086.6277,4441.3220,3.163838,0.041878,3.516605,0.0054,50.9205,49.0741,1.10e-13
1583,15,15,6481091.1862,4441.3220,3.163838,0.042336,3.516604,0.0052,44.1497,55.8451,1.03e-13
1584,15,15,6481098.5034,4441.3220,3.163839,0.039238,3.516608,0.0051,52.6716,47.3233,9.26e-14
1585,15,15,6481102.6687,4441.3220,3.163839,0.043751,3.516605,0.0054,41.5602,58.4344,9.90e-14
1586,15,15,6481108.2901,4441.3220,3.163839,0.041954,3.516605,0.0055,41.6828,58.3117,9.70e-14
1587,15,15,6481113.6640,4441.3220,3.163840,0.044319,3.516604,0.0053,48.5688,51.4259,7.91e-14
1588,15,15,6481118.8615,4441.3220,3.163840,0.037817,3.516606,0.0051,44.6430,55.3519,1.02e-13
1589,15,15,6481125.2019,4441.3220,3.163840,0.041484,3.516607,0.0058,45.0828,54.9115,1.11e-13
1590,15,15,6481131.2551,4441.3220,3.163841,0.052052,3.516603,0.0062,65.2547,34.7391,8.34e-14
1591,15,15,6481134.3602,4441.3220,3.163841,0.044647,3.516603,0.0054,66.5360,33.4586,8.94e-14
1592,15,15,6481138.3319,4441.3220,3.163841,0.048906,3.516602,0.0057,43.5759,56.4184,1.10e-13
1593,15,15,6481142.6185,4441.3220,3.163842,0.051922,3.516602,0.0067,48.4480,51.5452,8.31e-14
1594,15,15,6481156.3736,4441.3220,3.163843,0.057054,3.516600,0.0068,57.7430,42.2501,9.01e-14
1595,15,15,6481162.2585,4441.3220,3.163843,0.058867,3.516600,0.0078,58.6769,41.3153,7.33e-14
1596,15,15,6481170.0311,4441.3220,3.163843,0.051060,3.516603,0.0062,42.0565,57.9374,1.10e-13
1597,15,15,6481172.3355,4441.3220,3.163844,0.051104,3.516602,0.0066,48.6698,51.3236,9.54e-14
1598,15,15,6481174.1859,4441.3220,3.163844,0.061081,3.516600,0.0072,54.3831,45.6097,8.49e-14
1599,15,15,6481182.8996,4441.3220,3.163844,0.050965,3.516602,0.0064,40.1722,59.8214,8.76e-14
1600,15,15,6481190.4736,4441.3220,3.163845,0.054744,3.516601,0.0071,51.1959,48.7970,7.69e-14
1601,15,15,6481195.9031,4441.3220,3.163845,0.056044,3.516602,0.0067,57.1538,42.8395,9.99e-14
1602,15,15,6481197.4334,4441.3220,3.163845,0.055456,3.516601,0.0063,69.8370,30.1567,9.80e-14
1603,15,15,6481203.4542,4441.3220,3.163846,0.052702,3.516601,0.0065,55.5950,44.3984,8.04e-14
1604,15,15,6481207.0895,4441.3220,3.163846,0.060648,3.516599,0.0084,54.4765,45.5151,8.10e-14
1605,15,15,6481211.5809,4441.3220,3.163846,0.064178,3.516599,0.0086,54.7962,45.1952,6.92e-14
1606,15,15,6481217.2074,4441.3220,3.163847,0.051231,3.516602,0.0069,64.9706,35.0225,7.67e-14
1607,15,15,6481219.7695,4441.3220,3.163847,0.053159,3.516602,0.0071,49.4239,50.5690,9.04e-14
1608,15,15,6481242.3985,4441.3220,3.163848,0.058297,3.516600,0.0079,56.7441,43.2480,7.62e-14
1609,15,15,6481249.1871,4441.3220,3.163849,0.066582,3.516598,0.0085,40.6594,59.3321,7.08e-14
1610,15,15,6481250.5014,4441.3220,3.163849,0.057925,3.516600,0.0074,62.9726,37.0200,8.16e-14
1611,15,15,6481266.0341,4441.3220,3.163850,0.064486,3.516600,0.0086,46.4278,53.5636,6.12e-14
1612,15,15,6481272.0119,4441.3220,3.163850,0.082430,3.516595,0.0108,62.9261,37.0631,8.97e-14
1613,15,15,6481292.5313,4441.3220,3.163852,0.062515,3.516600,0.0086,54.5270,45.4644,7.74e-14
1614,15,15,6481301.4757,4441.3220,3.163852,0.060512,3.516599,0.0085,46.8245,53.1670,8.68e-14
1615,15,15,6481301.9567,4441.3220,3.163852,0.073253,3.516597,0.0090,53.1986,46.7925,7.63e-14
1616,15,15,6481318.8883,4441.3220,3.163853,0.066492,3.516597,0.0086,24.4838,75.5076,6.90e-14
1617,15,15,6481352.2885,4441.3220,3.163856,0.087828,3.516590,0.0121,42.0447,57.9432,8.67e-14
1618,15,15,6481370.4100,4441.3220,3.163857,0.072783,3.516597,0.0099,56.1196,43.8705,8.21e-14
1619,15,15,6481378.5623,4441.3220,3.163857,0.076810,3.516596,0.0102,60.3678,39.6220,6.58e-14
1620,15,15,6481386.3852,4441.3220,3.163858,0.078887,3.516593,0.0106,46.2406,53.7487,9.16e-14
1621,15,15,6481400.4125,4441.3220,3.163859,0.069552,3.516596,0.0102,53.0136,46.9762,6.15e-14
1622,15,15,6481401.6439,4441.3220,3.163859,0.080093,3.516593,0.0102,58.6280,41.3618,8.50e-14
1623,15,15,6481452.3425,4441.3220,3.163862,0.071340,3.516598,0.0099,57.5762,42.4139,6.92e-14
1624,15,15,6481453.2491,4441.3220,3.163862,0.065863,3.516600,0.0101,54.0115,45.9783,7.84e-14
1625,15,15,6481465.3465,4441.3220,3.163863,0.062825,3.516600,0.0081,13.0209,86.9710,8.56e-14
1626,15,15,6481479.5057,4441.3220,3.163864,0.086953,3.516590,0.0130,31.5961,68.3909,7.45e-14
1627,15,15,6481494.8268,4441.3220,3.163865,0.068525,3.516599,0.0110,59.5488,40.4402,6.67e-14
1628,15,15,6481507.7418,4441.3220,3.163866,0.079791,3.516590,0.0116,62.4080,37.5804,6.40e-14
1629,15,15,6481541.7382,4441.3220,3.163868,0.095583,3.516586,0.0143,38.6195,61.3662,5.86e-14
1630,15,15,6481559.7125,4441.3220,3.163870,0.081869,3.516590,0.0117,56.6748,43.3136,6.07e-14
1631,15,15,6481582.6251,4441.3220,3.163871,0.091165,3.516590,0.0131,44.9426,55.0443,5.96e-14
1632,15,15,6481622.6046,4441.3220,3.163874,0.060373,3.516602,0.0080,33.4107,66.5813,8.53e-14
1633,15,15,6481634.5785,4441.3220,3.163875,0.109878,3.516582,0.0159,44.0736,55.9105,6.20e-14
1634,15,15,6481640.8053,4441.3220,3.163875,0.080405,3.516594,0.0118,32.1223,67.8659,5.90e-14
1635,15,15,6481720.8288,4441.3220,3.163880,0.114814,3.516579,0.0160,67.6322,32.3518,6.58e-14
1636,15,15,6481735.5170,4441.3220,3.163881,0.095328,3.516589,0.0139,91.3724,8.6137,5.09e-14
1637,15,15,6481782.0485,4441.3220,3.163884,0.115217,3.516581,0.0191,70.9946,28.9863,5.99e-14
1638,15,15,6481794.6312,4441.3220,3.163885,0.097144,3.516585,0.0134,74.5000,25.4867,7.13e-14
1639,15,15,6481826.1869,4441.3220,3.163887,0.135335,3.516569,0.0223,89.2522,10.7255,5.64e-14
1640,15,15,6481855.9784,4441.3220,3.163889,0.132792,3.516572,0.0219,59.1311,40.8470,5.26e-14
1641,15,15,6481899.2491,4441.3220,3.163892,0.140418,3.516566,0.0231,56.2765,43.7005,4.89e-14
1642,15,15,6481953.0923,4441.3220,3.163896,0.135639,3.516571,0.0218,89.0808,10.8974,5.57e-14
1643,15,15,6481998.6978,4441.3220,3.163899,0.148759,3.516562,0.0247,25.9998,73.9756,5.09e-14
1644,15,15,6482017.8920,4441.3220,3.163900,0.082344,3.516592,0.0133,30.6092,69.3775,6.30e-14
1645,15,15,6482084.4658,4441.3220,3.163905,0.148434,3.516566,0.0251,9.7526,90.2222,5.60e-14
1646,15,15,6482112.1156,4441.3220,3.163907,0.125746,3.516572,0.0200,6.7497,93.2303,4.46e-14
1647,15,15,6482218.0413,4441.3220,3.163914,0.168548,3.516556,0.0288,67.7189,32.2523,4.10e-14
1648,15,15,6482225.9500,4441.3220,3.163914,0.152736,3.516562,0.0254,27.3601,72.6145,3.66e-14
1649,15,15,6482280.2886,4441.3220,3.163918,0.123700,3.516573,0.0189,77.2031,22.7780,6.22e-14
1650,15,15,6482364.7057,4441.3220,3.163924,0.166901,3.516554,0.0284,84.6682,15.3034,4.21e-14
1651,15,15,6482392.1007,4441.3220,3.163925,0.164964,3.516554,0.0278,14.2028,85.7694,4.70e-14
1652,15,15,6482510.9882,4441.3220,3.163933,0.185716,3.516542,0.0344,3.4465,96.5191,4.89e-14
1653,15,15,6482627.0734,4441.3220,3.163941,0.184042,3.516548,0.0323,94.9149,5.0528,4.87e-14
1654,15,15,6482687.0400,4441.3220,3.163945,0.222978,3.516521,0.0439,91.1434,8.8127,4.61e-14
1655,15,15,6482703.9450,4441.3220,3.163946,0.217201,3.516522,0.0440,5.6109,94.3451,4.52e-14
1656,15,15,6482780.7266,4441.3220,3.163951,0.161925,3.516556,0.0286,11.9317,88.0396,3.87e-14
1657,15,15,6482804.8594,4441.3220,3.163953,0.174580,3.516550,0.0311,56.7478,43.2211,6.18e-14
1658,15,15,6482821.2855,4441.3220,3.163954,0.102956,3.516583,0.0160,98.6122,1.3718,4.43e-14
1659,15,15,6482881.8235,4441.3220,3.163958,0.136501,3.516569,0.0219,97.8533,2.1248,4.33e-14
1660,15,15,6482921.4099,4441.3220,3.163961,0.112936,3.516580,0.0165,4.4474,95.5361,4.11e-14
1661,15,15,6483171.4074,4441.3220,3.163978,0.241657,3.516507,0.0508,0.7757,99.1735,2.64e-14
1662,15,15,6483235.5683,4441.3220,3.163982,0.243103,3.516506,0.0516,99.4310,0.5173,4.33e-14
1663,15,15,6483398.1541,4441.3220,3.163993,0.248030,3.516501,0.0533,99.5437,0.4030,3.58e-14
1664,15,15,6483502.5391,4441.3220,3.164000,0.255004,3.516495,0.0555,0.4095,99.5350,4.54e-14
1665,15,15,6484360.1290,4441.3220,3.164057,0.331514,3.516422,0.0876,96.6586,3.2538,4.73e-14
1666,15,15,6484394.5801,4441.3220,3.164060,0.158462,3.516559,0.0297,69.5941,30.3763,5.67e-14
1667,15,15,6484455.3155,4441.3220,3.164064,0.222288,3.516520,0.0421,79.9534,20.0045,5.09e-14
1668,15,15,6484574.7489,4441.3220,3.164072,0.204428,3.516533,0.0412,18.2733,81.6855,5.64e-14
