mode_rank,matched_m,matched_n,Omega_FEM,Omega_exact,log10_Error_Omega,log10_Error_L2_w,log10_Error_L2_phi,W_energy_pct,Phi1_energy_pct,Phi2_energy_pct,relative_residual
1,3,3,185.8015,177.6529,-1.338489,1.801347,1.487851,99.9997,0.0002,0.0002,3.16e-07
2,2,4,203.5489,197.3921,-1.505975,1.800932,1.606812,99.9993,0.0003,0.0003,3.38e-07
3,2,4,218.7394,197.3921,-0.965986,1.801076,1.593089,99.9994,0.0003,0.0003,2.62e-07
4,3,4,234.9579,246.7401,-1.321014,1.800609,1.597185,99.9992,0.0004,0.0004,2.54e-07
5,1,5,253.2604,256.6097,-1.884318,1.801378,1.634379,99.9990,0.0008,0.0002,1.98e-07
6,1,5,261.1377,256.6097,-1.753364,1.800706,1.668816,99.9988,0.0005,0.0007,2.32e-07
7,1,5,266.8421,256.6097,-1.399298,1.801359,1.651458,99.9989,0.0004,0.0006,1.89e-07
8,2,5,294.3514,286.2185,-1.546456,1.800717,1.678451,99.9986,0.0006,0.0007,1.57e-07
9,4,4,317.1488,315.8273,-2.378384,1.800289,1.696338,99.9984,0.0004,0.0012,1.54e-07
10,3,5,335.0855,335.5665,-2.843562,1.800838,1.695996,99.9983,0.0007,0.0010,1.38e-07
11,3,5,344.4154,335.5665,-1.578890,1.801704,1.686420,99.9984,0.0012,0.0004,1.31e-07
12,1,6,352.7039,365.1754,-1.466583,1.801434,1.690529,99.9982,0.0009,0.0009,1.27e-07
13,2,6,387.6441,394.7842,-1.742655,1.800789,1.698040,99.9979,0.0007,0.0014,9.25e-08
14,2,6,392.7901,394.7842,-2.296608,1.801374,1.721437,99.9977,0.0010,0.0013,1.09e-07
15,2,6,399.1840,394.7842,-1.952927,1.801043,1.712984,99.9978,0.0011,0.0011,1.02e-07
16,4,5,418.2081,404.6538,-1.475006,1.800525,1.717916,99.9977,0.0008,0.0015,8.40e-08
17,3,6,433.2325,444.1322,-1.610099,1.800800,1.716598,99.9975,0.0016,0.0009,8.97e-08
18,3,6,444.3390,444.1322,-3.331988,1.801370,1.716373,99.9975,0.0016,0.0009,7.96e-08
19,3,6,458.3154,444.1322,-1.495739,1.800780,1.718858,99.9975,0.0011,0.0015,6.97e-08
20,3,6,468.0905,444.1322,-1.268056,1.801798,1.740110,99.9972,0.0014,0.0014,7.44e-08
21,1,7,491.5350,493.4802,-2.404306,1.802253,1.724047,99.9971,0.0011,0.0018,6.14e-08
22,4,6,513.3144,513.2194,-3.732613,1.800785,1.734917,99.9968,0.0018,0.0013,6.47e-08
23,2,7,521.7023,523.0890,-2.576595,1.801343,1.727166,99.9969,0.0011,0.0020,5.57e-08
24,2,7,535.1449,523.0890,-1.637377,1.800859,1.737215,99.9967,0.0018,0.0014,6.40e-08
25,2,7,542.2654,523.0890,-1.435810,1.801217,1.748299,99.9966,0.0013,0.0021,6.34e-08
26,3,7,550.4096,572.4371,-1.414763,1.801690,1.714954,99.9968,0.0018,0.0013,5.35e-08
27,3,7,560.2819,572.4371,-1.672968,1.800857,1.723993,99.9967,0.0022,0.0011,5.39e-08
28,3,7,572.6555,572.4371,-3.418482,1.801228,1.730082,99.9966,0.0013,0.0022,4.80e-08
29,5,6,587.5549,602.0459,-1.618533,1.800450,1.713839,99.9966,0.0016,0.0017,5.65e-08
30,5,6,604.1217,602.0459,-2.462429,1.800024,1.724892,99.9964,0.0021,0.0015,4.35e-08
31,5,6,613.1734,602.0459,-1.733229,1.800826,1.751698,99.9960,0.0019,0.0021,5.02e-08
32,1,8,624.5864,641.5243,-1.578354,1.801328,1.697417,99.9967,0.0017,0.0017,5.28e-08
33,1,8,639.5760,641.5243,-2.517570,1.801757,1.739115,99.9960,0.0026,0.0014,4.98e-08
34,1,8,652.8589,641.5243,-1.752807,1.801325,1.738389,99.9960,0.0018,0.0022,5.05e-08
35,2,8,656.4044,671.1331,-1.658645,1.800845,1.677840,99.9968,0.0016,0.0016,4.42e-08
36,2,8,662.0261,671.1331,-1.867433,1.801186,1.722505,99.9961,0.0012,0.0027,5.09e-08
37,2,8,680.6748,671.1331,-1.847182,1.800785,1.729413,99.9960,0.0018,0.0022,3.87e-08
38,2,8,686.3474,671.1331,-1.644556,1.799917,1.694110,99.9966,0.0022,0.0012,5.33e-08
39,2,8,688.5164,671.1331,-1.586676,1.801014,1.695338,99.9966,0.0019,0.0015,4.16e-08
40,6,6,704.8595,710.6115,-2.091809,1.801514,1.729422,99.9958,0.0016,0.0026,3.64e-08
41,3,8,718.5548,720.4811,-2.572891,1.800661,1.740972,99.9954,0.0033,0.0013,4.13e-08
42,3,8,721.5761,720.4811,-2.818222,1.800501,1.639962,99.9971,0.0013,0.0015,4.70e-08
43,5,7,734.1303,730.3507,-2.286088,1.800936,1.734191,99.9955,0.0022,0.0023,3.57e-08
44,5,7,748.1982,730.3507,-1.611955,1.801085,1.673594,99.9966,0.0018,0.0015,3.22e-08
45,5,7,756.0615,730.3507,-1.453417,1.800248,1.715966,99.9959,0.0023,0.0018,4.01e-08
46,4,8,766.2108,789.5684,-1.528962,1.800992,1.707486,99.9957,0.0016,0.0027,3.37e-08
47,4,8,779.7451,789.5684,-1.905136,1.800954,1.708836,99.9957,0.0025,0.0018,3.39e-08
48,4,8,789.2410,789.5684,-3.382426,1.800957,1.718218,99.9955,0.0016,0.0029,3.50e-08
49,4,8,798.2533,789.5684,-1.958623,1.801539,1.686972,99.9961,0.0017,0.0021,3.78e-08
50,1,9,801.3529,809.3076,-2.007491,1.801385,1.714082,99.9955,0.0020,0.0025,3.64e-08
51,1,9,809.1336,809.3076,-3.667667,1.801753,1.729565,99.9952,0.0023,0.0025,3.01e-08
52,2,9,824.5926,838.9164,-1.767661,1.801328,1.690002,99.9958,0.0020,0.0022,3.29e-08
53,2,9,835.9748,838.9164,-2.455135,1.800292,1.703817,99.9955,0.0021,0.0023,3.29e-08
54,2,9,841.6971,838.9164,-2.479557,1.799484,1.695360,99.9957,0.0020,0.0024,3.33e-08
55,2,9,848.3768,838.9164,-1.947808,1.801449,1.717177,99.9953,0.0025,0.0022,3.30e-08
56,2,9,852.2905,838.9164,-1.797452,1.800240,1.688774,99.9958,0.0019,0.0023,2.15e-08
57,2,9,858.4316,838.9164,-1.633346,1.801459,1.674860,99.9961,0.0021,0.0018,3.39e-08
58,5,8,865.8033,878.3948,-1.843611,1.801178,1.713529,99.9951,0.0028,0.0021,2.72e-08
59,5,8,877.0581,878.3948,-2.817671,1.801006,1.694133,99.9955,0.0020,0.0025,3.08e-08
60,3,9,888.4551,888.2644,-3.668187,1.800772,1.685876,99.9956,0.0029,0.0015,3.43e-08
61,3,9,899.4633,888.2644,-1.899367,1.801282,1.715512,99.9950,0.0025,0.0024,2.91e-08
62,3,9,907.6834,888.2644,-1.660315,1.800829,1.704863,99.9952,0.0026,0.0022,2.91e-08
63,3,9,908.7628,888.2644,-1.636821,1.802223,1.734092,99.9946,0.0029,0.0025,2.44e-08
64,3,9,912.1872,888.2644,-1.569730,1.800835,1.682729,99.9957,0.0022,0.0021,3.25e-08
65,4,9,924.9216,957.3516,-1.470124,1.800956,1.691997,99.9952,0.0020,0.0028,2.74e-08
66,4,9,930.1983,957.3516,-1.547249,1.800627,1.701963,99.9949,0.0031,0.0019,2.85e-08
67,4,9,940.2591,957.3516,-1.748265,1.801148,1.680817,99.9954,0.0024,0.0022,2.69e-08
68,4,9,951.2032,957.3516,-2.192306,1.800301,1.708084,99.9948,0.0023,0.0029,2.95e-08
69,4,9,955.8323,957.3516,-2.799415,1.800896,1.685146,99.9953,0.0024,0.0023,2.56e-08
70,7,7,963.0960,967.2212,-2.370074,1.800833,1.678408,99.9954,0.0027,0.0019,2.52e-08
71,7,7,965.1455,967.2212,-2.668363,1.802274,1.714764,99.9946,0.0028,0.0026,2.67e-08
72,7,7,971.3646,967.2212,-2.368176,1.801088,1.689823,99.9952,0.0026,0.0022,2.61e-08
73,6,8,977.1412,986.9604,-2.002220,1.801850,1.674062,99.9954,0.0021,0.0025,2.75e-08
74,1,10,997.6849,996.8300,-3.066716,1.801027,1.695091,99.9949,0.0029,0.0022,2.02e-08
75,1,10,999.0689,996.8300,-2.648604,1.801580,1.688567,99.9951,0.0028,0.0021,2.64e-08
76,1,10,1008.1667,996.8300,-1.944137,1.800261,1.688552,99.9950,0.0025,0.0024,2.46e-08
77,2,10,1014.4530,1026.4389,-1.932663,1.801317,1.664831,99.9954,0.0021,0.0024,2.56e-08
78,2,10,1019.2350,1026.4389,-2.153771,1.800424,1.680848,99.9951,0.0026,0.0024,2.65e-08
79,2,10,1024.0995,1026.4389,-2.642231,1.801297,1.687358,99.9949,0.0028,0.0023,2.51e-08
80,2,10,1032.4972,1026.4389,-2.228977,1.800813,1.703500,99.9945,0.0030,0.0024,2.34e-08
81,5,9,1037.3657,1046.1781,-2.074515,1.801531,1.688134,99.9948,0.0025,0.0027,2.34e-08
82,5,9,1041.8489,1046.1781,-2.383203,1.800635,1.707418,99.9943,0.0025,0.0032,1.92e-08
83,5,9,1049.8884,1046.1781,-2.450195,1.800891,1.674880,99.9951,0.0024,0.0025,2.49e-08
84,3,10,1066.4204,1075.7869,-2.060152,1.801194,1.692466,99.9946,0.0026,0.0029,2.11e-08
85,3,10,1077.0363,1075.7869,-2.935021,1.802001,1.704713,99.9943,0.0028,0.0030,2.31e-08
86,3,10,1082.2192,1075.7869,-2.223357,1.801458,1.669944,99.9951,0.0023,0.0026,2.34e-08
87,3,10,1093.7831,1075.7869,-1.776544,1.802002,1.701587,99.9944,0.0028,0.0029,2.23e-08
88,7,8,1101.9937,1115.2653,-1.924454,1.800618,1.686860,99.9945,0.0030,0.0026,2.11e-08
89,7,8,1104.7083,1115.2653,-2.023839,1.801981,1.656945,99.9953,0.0026,0.0022,2.22e-08
90,7,8,1108.7693,1115.2653,-2.234731,1.800819,1.678557,99.9947,0.0030,0.0023,2.16e-08
91,7,8,1112.3824,1115.2653,-2.587550,1.800996,1.708280,99.9939,0.0034,0.0027,1.95e-08
92,7,8,1113.9898,1115.2653,-2.941691,1.800663,1.708361,99.9939,0.0029,0.0032,1.74e-08
93,7,8,1129.4114,1115.2653,-1.896742,1.799980,1.688163,99.9944,0.0028,0.0028,2.08e-08
94,4,10,1136.0811,1144.8741,-2.114620,1.801420,1.686127,99.9944,0.0028,0.0028,2.07e-08
95,4,10,1139.1376,1144.8741,-2.300110,1.799740,1.703838,99.9938,0.0027,0.0035,2.01e-08
96,4,10,1142.9360,1144.8741,-2.771387,1.800607,1.700334,99.9940,0.0034,0.0026,1.93e-08
97,4,10,1146.0425,1144.8741,-2.991155,1.801382,1.700723,99.9940,0.0033,0.0027,1.56e-08
98,6,9,1161.4463,1154.7437,-2.236244,1.801520,1.713464,99.9936,0.0037,0.0027,1.75e-08
99,6,9,1171.3426,1154.7437,-1.842408,1.802236,1.696682,99.9941,0.0032,0.0027,1.95e-08
100,6,9,1175.1606,1154.7437,-1.752496,1.800608,1.689353,99.9942,0.0027,0.0031,1.82e-08
101,1,11,1182.3977,1204.0917,-1.744319,1.801127,1.698325,99.9938,0.0029,0.0034,1.53e-08
102,1,11,1187.1378,1204.0917,-1.851390,1.800803,1.689248,99.9940,0.0035,0.0025,1.80e-08
103,1,11,1192.8539,1204.0917,-2.029978,1.802052,1.718766,99.9932,0.0039,0.0030,1.76e-08
104,1,11,1206.9562,1204.0917,-2.623614,1.800325,1.691774,99.9939,0.0030,0.0031,1.85e-08
105,1,11,1210.4205,1204.0917,-2.279344,1.801232,1.677772,99.9943,0.0032,0.0025,1.95e-08
106,1,11,1216.4441,1204.0917,-1.988910,1.801117,1.708253,99.9935,0.0036,0.0030,1.71e-08
107,2,11,1220.5273,1233.7006,-1.971516,1.800993,1.701062,99.9935,0.0026,0.0039,1.27e-08
108,2,11,1236.3826,1233.7006,-2.662741,1.800367,1.701130,99.9935,0.0029,0.0036,1.41e-08
109,2,11,1243.0426,1233.7006,-2.120769,1.800685,1.706801,99.9933,0.0035,0.0032,1.64e-08
110,8,8,1250.7439,1263.3094,-2.002330,1.801537,1.698896,99.9935,0.0033,0.0032,1.80e-08
111,8,8,1255.2925,1263.3094,-2.197505,1.801184,1.719030,99.9928,0.0033,0.0039,1.50e-08
112,8,8,1260.9059,1263.3094,-2.720679,1.801003,1.727644,99.9925,0.0033,0.0042,1.29e-08
113,8,8,1270.8602,1263.3094,-2.223513,1.800419,1.700614,99.9933,0.0031,0.0035,1.60e-08
114,3,11,1276.2655,1283.0486,-2.276818,1.801155,1.675956,99.9940,0.0033,0.0027,1.72e-08
115,3,11,1284.7721,1283.0486,-2.871829,1.800967,1.680824,99.9939,0.0034,0.0027,1.74e-08
116,3,11,1286.2635,1283.0486,-2.601069,1.800163,1.675759,99.9940,0.0029,0.0032,1.53e-08
117,3,11,1300.8879,1283.0486,-1.856866,1.800031,1.727379,99.9923,0.0036,0.0041,1.22e-08
118,3,11,1305.0100,1283.0486,-1.766582,1.800668,1.694075,99.9935,0.0029,0.0037,1.73e-08
119,6,10,1317.3019,1342.2662,-1.730519,1.800623,1.687227,99.9933,0.0030,0.0037,1.46e-08
120,6,10,1321.1053,1342.2662,-1.802305,1.800212,1.708745,99.9926,0.0031,0.0043,1.60e-08
121,6,10,1325.4285,1342.2662,-1.901555,1.799176,1.712015,99.9925,0.0034,0.0041,1.43e-08
122,6,10,1329.5123,1342.2662,-2.022197,1.800953,1.702349,99.9929,0.0041,0.0030,1.54e-08
123,6,10,1336.1003,1342.2662,-2.337845,1.801634,1.693062,99.9932,0.0035,0.0033,1.35e-08
124,6,10,1341.1005,1342.2662,-3.061261,1.802597,1.720713,99.9923,0.0037,0.0040,1.35e-08
125,4,11,1349.2488,1352.1358,-2.670568,1.801090,1.694608,99.9931,0.0033,0.0036,1.49e-08
126,4,11,1352.7504,1352.1358,-3.342439,1.801132,1.715390,99.9924,0.0041,0.0035,1.34e-08
127,4,11,1360.8237,1352.1358,-2.192106,1.801194,1.709546,99.9926,0.0033,0.0041,1.43e-08
128,4,11,1367.5071,1352.1358,-1.944310,1.801373,1.682653,99.9935,0.0028,0.0037,1.41e-08
129,4,11,1372.7976,1352.1358,-1.815853,1.801574,1.696576,99.9931,0.0035,0.0034,1.54e-08
130,4,11,1377.5624,1352.1358,-1.725732,1.802031,1.705839,99.9928,0.0035,0.0037,1.31e-08
131,4,11,1385.1152,1352.1358,-1.612778,1.800201,1.696962,99.9930,0.0035,0.0035,1.58e-08
132,1,12,1399.1606,1431.0926,-1.651441,1.801265,1.722420,99.9917,0.0040,0.0043,1.18e-08
133,1,12,1405.9445,1431.0926,-1.755162,1.801485,1.708691,99.9922,0.0039,0.0039,1.37e-08
134,1,12,1411.0009,1431.0926,-1.852651,1.801635,1.694203,99.9927,0.0037,0.0036,1.30e-08
135,1,12,1413.9245,1431.0926,-1.920945,1.801353,1.683643,99.9931,0.0034,0.0036,1.31e-08
136,1,12,1417.7790,1431.0926,-2.031370,1.801506,1.722866,99.9917,0.0044,0.0039,1.38e-08
137,1,12,1426.3142,1431.0926,-2.476378,1.801993,1.678964,99.9932,0.0032,0.0035,1.49e-08
138,1,12,1432.4327,1431.0926,-3.028547,1.801962,1.698343,99.9926,0.0043,0.0031,1.30e-08
139,5,11,1437.9036,1440.9622,-2.673118,1.802102,1.712641,99.9921,0.0044,0.0036,1.18e-08
140,2,12,1453.8504,1460.7015,-2.328805,1.801393,1.712745,99.9919,0.0043,0.0038,1.21e-08
141,2,12,1462.6783,1460.7015,-2.868590,1.801659,1.716404,99.9918,0.0046,0.0036,1.09e-08
142,2,12,1462.9331,1460.7015,-2.815931,1.800510,1.683562,99.9929,0.0035,0.0036,1.39e-08
143,7,10,1465.8783,1470.5711,-2.496061,1.802080,1.701695,99.9923,0.0040,0.0037,1.18e-08
144,7,10,1471.2353,1470.5711,-3.345164,1.801394,1.713086,99.9918,0.0043,0.0039,1.27e-08
145,7,10,1474.8491,1470.5711,-2.536240,1.801668,1.694743,99.9925,0.0037,0.0038,1.15e-08
146,7,10,1489.2931,1470.5711,-1.895133,1.800178,1.716248,99.9917,0.0036,0.0047,1.02e-08
147,3,12,1491.2128,1510.0495,-1.903986,1.801060,1.710154,99.9917,0.0041,0.0042,1.12e-08
148,3,12,1498.3739,1510.0495,-2.111712,1.800039,1.703610,99.9919,0.0048,0.0033,1.20e-08
149,3,12,1506.4237,1510.0495,-2.619588,1.801543,1.696466,99.9922,0.0039,0.0039,1.25e-08
150,3,12,1510.2550,1510.0495,-3.866097,1.800972,1.688469,99.9925,0.0040,0.0035,1.23e-08
151,3,12,1518.4996,1510.0495,-2.252129,1.801208,1.697424,99.9922,0.0044,0.0034,1.20e-08
152,6,11,1532.2945,1549.5279,-1.953829,1.800806,1.707145,99.9916,0.0038,0.0046,1.13e-08
153,6,11,1536.8618,1549.5279,-2.087557,1.800736,1.711572,99.9914,0.0041,0.0045,8.71e-09
154,6,11,1546.6145,1549.5279,-2.725800,1.800809,1.710121,99.9915,0.0044,0.0041,1.06e-08
155,6,11,1551.5472,1549.5279,-2.885000,1.799745,1.717267,99.9912,0.0043,0.0045,1.03e-08
156,6,11,1562.3550,1549.5279,-2.082070,1.801253,1.718608,99.9912,0.0037,0.0051,1.14e-08
157,4,12,1566.2464,1579.1367,-2.088156,1.802310,1.723699,99.9908,0.0044,0.0048,1.16e-08
158,4,12,1575.4045,1579.1367,-2.626453,1.802183,1.705331,99.9916,0.0043,0.0041,1.06e-08
159,4,12,1576.9563,1579.1367,-2.859892,1.801033,1.715730,99.9911,0.0050,0.0039,1.06e-08
160,4,12,1582.8848,1579.1367,-2.624610,1.800542,1.701687,99.9916,0.0044,0.0039,1.07e-08
161,4,12,1587.9514,1579.1367,-2.253213,1.800574,1.704834,99.9915,0.0046,0.0039,1.04e-08
162,9,9,1593.9299,1598.8759,-2.509555,1.801239,1.719496,99.9909,0.0046,0.0046,1.10e-08
163,9,9,1604.9032,1598.8759,-2.423692,1.801139,1.717141,99.9910,0.0044,0.0047,1.12e-08
164,9,9,1605.1249,1598.8759,-2.408008,1.801645,1.722984,99.9907,0.0054,0.0039,8.95e-09
165,8,10,1613.0335,1618.6151,-2.462386,1.801299,1.714610,99.9910,0.0041,0.0049,1.09e-08
166,8,10,1621.6330,1618.6151,-2.729436,1.801285,1.713939,99.9910,0.0046,0.0044,1.12e-08
167,8,10,1625.9151,1618.6151,-2.345822,1.801132,1.713837,99.9910,0.0044,0.0046,8.87e-09
168,8,10,1631.3997,1618.6151,-2.102457,1.801798,1.721138,99.9907,0.0044,0.0049,1.07e-08
169,5,12,1645.3243,1667.9631,-1.867332,1.800351,1.713151,99.9907,0.0053,0.0041,1.02e-08
170,5,12,1648.3688,1667.9631,-1.930056,1.801776,1.724414,99.9903,0.0052,0.0045,7.56e-09
171,5,12,1655.0709,1667.9631,-2.111858,1.802235,1.708839,99.9910,0.0043,0.0048,1.01e-08
172,5,12,1659.4707,1667.9631,-2.293154,1.801004,1.699499,99.9913,0.0047,0.0040,1.12e-08
173,5,12,1664.5080,1667.9631,-2.683719,1.801040,1.705807,99.9910,0.0050,0.0040,9.66e-09
174,1,13,1674.0914,1677.8327,-2.651716,1.801658,1.694104,99.9915,0.0042,0.0043,8.57e-09
175,1,13,1682.6614,1677.8327,-2.540919,1.801268,1.710152,99.9908,0.0047,0.0045,8.52e-09
176,2,13,1693.0054,1707.4416,-2.072896,1.801428,1.707124,99.9908,0.0050,0.0043,1.05e-08
177,2,13,1699.0587,1707.4416,-2.308953,1.801646,1.712307,99.9906,0.0051,0.0043,9.66e-09
178,2,13,1703.3390,1707.4416,-2.619289,1.800859,1.712633,99.9905,0.0045,0.0050,9.48e-09
179,2,13,1709.8495,1707.4416,-2.850705,1.800934,1.724901,99.9900,0.0062,0.0038,9.12e-09
180,2,13,1714.0103,1707.4416,-2.414866,1.800979,1.714455,99.9904,0.0044,0.0052,9.74e-09
181,2,13,1719.1924,1707.4416,-2.162277,1.801420,1.713459,99.9905,0.0048,0.0047,1.10e-08
182,2,13,1722.1774,1707.4416,-2.063971,1.800579,1.715556,99.9904,0.0055,0.0042,8.99e-09
183,2,13,1730.5597,1707.4416,-1.868393,1.801379,1.719157,99.9903,0.0052,0.0045,8.46e-09
184,3,13,1736.0100,1756.7896,-1.927084,1.801708,1.723568,99.9898,0.0045,0.0057,8.44e-09
185,3,13,1744.8280,1756.7896,-2.166930,1.800875,1.718151,99.9900,0.0048,0.0052,8.26e-09
186,3,13,1753.4183,1756.7896,-2.716930,1.802001,1.706536,99.9906,0.0044,0.0050,8.66e-09
187,3,13,1763.8278,1756.7896,-2.397259,1.801944,1.710442,99.9904,0.0046,0.0049,8.41e-09
188,6,12,1767.0712,1776.5288,-2.273792,1.802089,1.712558,99.9902,0.0046,0.0052,9.16e-09
189,6,12,1775.0580,1776.5288,-3.082023,1.801209,1.714797,99.9900,0.0049,0.0051,8.75e-09
190,9,10,1783.9318,1786.3984,-2.859885,1.800728,1.712050,99.9901,0.0050,0.0049,7.53e-09
191,9,10,1791.1585,1786.3984,-2.574361,1.801468,1.719787,99.9898,0.0058,0.0044,8.98e-09
192,9,10,1794.8317,1786.3984,-2.325982,1.801656,1.718653,99.9898,0.0050,0.0051,8.84e-09
193,9,10,1798.3224,1786.3984,-2.175556,1.801269,1.705137,99.9904,0.0044,0.0052,9.43e-09
194,4,13,1808.5481,1825.8768,-2.022704,1.800422,1.710522,99.9899,0.0051,0.0050,6.59e-09
195,4,13,1814.3526,1825.8768,-2.199861,1.800193,1.712392,99.9898,0.0054,0.0048,7.78e-09
196,4,13,1820.3411,1825.8768,-2.518301,1.801820,1.720109,99.9896,0.0047,0.0057,8.77e-09
197,4,13,1830.0447,1825.8768,-2.641550,1.801235,1.707553,99.9901,0.0051,0.0048,7.90e-09
198,4,13,1833.4852,1825.8768,-2.380181,1.800546,1.715728,99.9897,0.0058,0.0045,8.10e-09
199,4,13,1840.6216,1825.8768,-2.092832,1.801079,1.711264,99.9899,0.0051,0.0050,7.79e-09
200,4,13,1844.8745,1825.8768,-1.982770,1.801656,1.723182,99.9894,0.0048,0.0058,7.88e-09
201,4,13,1848.6343,1825.8768,-1.904347,1.800271,1.715561,99.9897,0.0043,0.0060,8.32e-09
202,4,13,1855.2528,1825.8768,-1.793479,1.800197,1.706591,99.9901,0.0047,0.0052,7.90e-09
203,4,13,1857.6943,1825.8768,-1.758806,1.801040,1.742265,99.9884,0.0057,0.0059,7.92e-09
204,4,13,1863.5849,1825.8768,-1.685037,1.801428,1.722441,99.9894,0.0051,0.0055,7.70e-09
205,7,12,1868.4262,1904.8336,-1.718667,1.800894,1.716384,99.9892,0.0053,0.0054,7.57e-09
206,7,12,1876.5417,1904.8336,-1.828195,1.800532,1.702955,99.9898,0.0056,0.0046,7.36e-09
207,7,12,1889.2483,1904.8336,-2.087140,1.800241,1.720833,99.9890,0.0055,0.0056,8.54e-09
208,7,12,1892.2594,1904.8336,-2.180376,1.800961,1.708855,99.9896,0.0046,0.0058,8.02e-09
209,7,12,1902.4336,1904.8336,-2.899637,1.801143,1.701485,99.9900,0.0046,0.0055,7.73e-09
210,7,12,1909.1102,1904.8336,-2.648761,1.801963,1.712210,99.9895,0.0056,0.0049,6.81e-09
211,5,13,1914.1919,1914.7033,-3.573365,1.801358,1.713188,99.9893,0.0056,0.0051,7.77e-09
212,5,13,1921.3730,1914.7033,-2.457993,1.801473,1.708803,99.9896,0.0048,0.0056,7.12e-09
213,1,14,1929.6259,1944.3121,-2.121858,1.801547,1.720119,99.9889,0.0056,0.0056,6.19e-09
214,1,14,1934.1419,1944.3121,-2.281436,1.802141,1.715301,99.9892,0.0053,0.0055,8.55e-09
215,1,14,1939.7757,1944.3121,-2.632061,1.801231,1.694457,99.9901,0.0049,0.0050,8.50e-09
216,1,14,1947.9984,1944.3121,-2.722176,1.801475,1.730238,99.9884,0.0054,0.0063,6.48e-09
217,1,14,1953.0939,1944.3121,-2.345179,1.800411,1.716219,99.9890,0.0048,0.0062,7.75e-09
218,2,14,1962.6749,1973.9209,-2.244331,1.800201,1.700537,99.9896,0.0049,0.0055,7.82e-09
219,2,14,1968.0150,1973.9209,-2.524044,1.800893,1.714167,99.9890,0.0056,0.0054,5.94e-09
220,2,14,1976.3634,1973.9209,-2.907490,1.801320,1.701172,99.9896,0.0049,0.0054,8.17e-09
221,2,14,1982.3102,1973.9209,-2.371605,1.801416,1.723187,99.9886,0.0059,0.0056,7.31e-09
222,9,11,1988.6861,1993.6601,-2.602947,1.802630,1.717164,99.9888,0.0050,0.0062,6.81e-09
223,9,11,1996.3590,1993.6601,-2.868467,1.801679,1.706982,99.9893,0.0050,0.0058,7.43e-09
224,9,11,2005.0559,1993.6601,-2.242904,1.801047,1.719601,99.9886,0.0050,0.0064,6.78e-09
225,9,11,2007.4888,1993.6601,-2.158871,1.800445,1.722670,99.9884,0.0059,0.0057,7.93e-09
226,3,14,2016.9104,2023.2689,-2.502698,1.801030,1.722246,99.9883,0.0054,0.0063,7.05e-09
227,3,14,2020.1469,2023.2689,-2.811625,1.800774,1.715220,99.9886,0.0055,0.0059,7.21e-09
228,3,14,2030.6541,2023.2689,-2.437692,1.801032,1.737669,99.9874,0.0068,0.0058,6.56e-09
229,8,12,2044.8643,2052.8777,-2.408546,1.801321,1.724547,99.9880,0.0055,0.0065,7.70e-09
230,8,12,2049.8244,2052.8777,-2.827597,1.800586,1.727344,99.9878,0.0067,0.0055,6.42e-09
231,8,12,2052.2645,2052.8777,-3.524732,1.801495,1.716656,99.9884,0.0054,0.0062,7.11e-09
232,8,12,2055.1791,2052.8777,-2.950373,1.801155,1.720598,99.9882,0.0059,0.0060,6.55e-09
233,8,12,2065.3946,2052.8777,-2.214866,1.800616,1.722942,99.9880,0.0053,0.0067,6.56e-09
234,4,14,2074.1883,2092.3561,-2.061332,1.800737,1.712417,99.9884,0.0055,0.0061,7.51e-09
235,4,14,2080.5762,2092.3561,-2.249491,1.800782,1.716001,99.9882,0.0059,0.0059,5.84e-09
236,4,14,2089.4962,2092.3561,-2.864281,1.802153,1.716904,99.9882,0.0058,0.0060,6.86e-09
237,4,14,2096.0772,2092.3561,-2.749963,1.801661,1.725577,99.9877,0.0060,0.0062,6.74e-09
238,4,14,2097.6790,2092.3561,-2.594486,1.800729,1.727129,99.9875,0.0064,0.0060,5.27e-09
239,4,14,2104.6908,2092.3561,-2.229509,1.801332,1.726924,99.9876,0.0062,0.0062,7.13e-09
240,4,14,2114.3449,2092.3561,-1.978434,1.799704,1.726923,99.9875,0.0063,0.0062,6.24e-09
241,4,14,2117.6976,2092.3561,-1.916804,1.800696,1.718291,99.9880,0.0052,0.0068,6.73e-09
242,7,13,2125.6694,2151.5738,-1.919383,1.800809,1.722115,99.9875,0.0064,0.0061,5.36e-09
243,7,13,2132.0231,2151.5738,-2.041596,1.800684,1.719913,99.9876,0.0060,0.0063,6.61e-09
244,7,13,2138.5590,2151.5738,-2.218319,1.801231,1.727776,99.9872,0.0054,0.0074,5.57e-09
245,7,13,2142.6998,2151.5738,-2.384639,1.801874,1.723574,99.9875,0.0055,0.0069,6.75e-09
246,7,13,2151.4782,2151.5738,-4.352617,1.800587,1.730146,99.9870,0.0069,0.0061,5.29e-09
247,7,13,2154.6500,2151.5738,-2.844739,1.800690,1.721334,99.9876,0.0061,0.0063,6.41e-09
248,7,13,2164.5058,2151.5738,-2.221090,1.801881,1.720408,99.9877,0.0060,0.0063,6.38e-09
249,5,14,2168.6027,2181.1826,-2.239017,1.801581,1.726682,99.9872,0.0061,0.0067,5.57e-09
250,5,14,2172.7880,2181.1826,-2.414691,1.800817,1.725075,99.9872,0.0062,0.0066,6.05e-09
251,5,14,2178.0891,2181.1826,-2.848246,1.800936,1.717679,99.9876,0.0064,0.0060,6.63e-09
252,5,14,2188.3254,2181.1826,-2.484822,1.800746,1.729694,99.9869,0.0069,0.0062,6.25e-09
253,5,14,2189.9104,2181.1826,-2.397788,1.800951,1.723917,99.9873,0.0064,0.0063,4.98e-09
254,5,14,2195.1332,2181.1826,-2.194098,1.800718,1.731531,99.9868,0.0062,0.0069,6.75e-09
255,5,14,2200.8551,2181.1826,-2.044832,1.800514,1.727795,99.9870,0.0071,0.0059,6.06e-09
256,9,12,2203.5628,2220.6610,-2.113533,1.802159,1.723522,99.9871,0.0066,0.0062,6.52e-09
257,9,12,2218.6863,2220.6610,-3.050974,1.802276,1.730996,99.9867,0.0064,0.0069,4.79e-09
258,9,12,2223.9132,2220.6610,-2.834307,1.801096,1.728386,99.9868,0.0063,0.0069,6.51e-09
259,1,15,2231.6653,2230.5306,-3.293509,1.801415,1.722538,99.9870,0.0077,0.0053,6.62e-09
260,1,15,2236.1965,2230.5306,-2.595137,1.801702,1.723726,99.9870,0.0062,0.0068,5.24e-09
261,1,15,2239.9950,2230.5306,-2.372315,1.802002,1.721194,99.9871,0.0061,0.0067,6.37e-09
262,2,15,2245.9245,2260.1394,-2.201390,1.799801,1.728459,99.9864,0.0066,0.0070,5.84e-09
263,2,15,2248.0838,2260.1394,-2.272945,1.801985,1.727052,99.9866,0.0071,0.0063,5.29e-09
264,2,15,2261.3450,2260.1394,-3.272943,1.802010,1.726499,99.9867,0.0066,0.0068,5.80e-09
265,2,15,2268.2487,2260.1394,-2.445151,1.800462,1.728945,99.9864,0.0065,0.0071,6.22e-09
266,6,14,2276.5680,2289.7482,-2.239866,1.800334,1.722735,99.9866,0.0061,0.0072,6.22e-09
267,6,14,2279.6642,2289.7482,-2.356153,1.799644,1.730735,99.9861,0.0072,0.0067,5.24e-09
268,6,14,2288.4856,2289.7482,-3.258520,1.800724,1.728958,99.9863,0.0064,0.0073,5.64e-09
269,6,14,2293.3450,2289.7482,-2.803868,1.800080,1.726067,99.9864,0.0057,0.0079,5.60e-09
270,8,13,2295.4002,2299.6178,-2.736583,1.801612,1.722738,99.9866,0.0072,0.0062,5.05e-09
271,3,15,2315.5154,2309.4874,-2.583344,1.802380,1.736931,99.9857,0.0073,0.0070,6.21e-09
272,3,15,2317.5588,2309.4874,-2.456569,1.801398,1.728170,99.9862,0.0075,0.0063,5.26e-09
273,3,15,2330.5753,2309.4874,-2.039484,1.801778,1.725850,99.9864,0.0075,0.0062,6.01e-09
274,3,15,2335.1605,2309.4874,-1.954037,1.801772,1.739457,99.9855,0.0070,0.0075,4.72e-09
275,3,15,2339.1952,2309.4874,-1.890645,1.800287,1.725960,99.9862,0.0061,0.0077,6.28e-09
276,3,15,2343.4822,2309.4874,-1.832104,1.801069,1.736775,99.9856,0.0066,0.0078,5.00e-09
277,4,15,2354.1040,2378.5747,-1.987670,1.802418,1.723911,99.9862,0.0073,0.0065,5.32e-09
278,4,15,2363.5451,2378.5747,-2.199372,1.802228,1.730726,99.9857,0.0069,0.0074,4.71e-09
279,4,15,2379.8492,2378.5747,-3.270979,1.801282,1.728670,99.9857,0.0070,0.0072,4.61e-09
280,11,11,2383.7252,2388.4443,-2.704263,1.800266,1.735960,99.9852,0.0072,0.0076,5.42e-09
281,11,11,2388.9365,2388.4443,-3.685948,1.800754,1.733338,99.9854,0.0068,0.0078,5.18e-09
282,11,11,2394.0211,2388.4443,-2.631727,1.800352,1.734950,99.9853,0.0075,0.0072,4.92e-09
283,10,12,2402.8617,2408.1835,-2.655630,1.801295,1.722364,99.9860,0.0071,0.0069,5.34e-09
284,10,12,2407.4134,2408.1835,-3.495169,1.801566,1.725198,99.9859,0.0077,0.0064,5.54e-09
285,7,14,2413.6816,2418.0531,-2.742838,1.801009,1.729589,99.9855,0.0069,0.0076,5.01e-09
286,7,14,2415.4462,2418.0531,-2.967351,1.801121,1.727211,99.9857,0.0070,0.0073,5.00e-09
287,7,14,2422.3915,2418.0531,-2.746137,1.800703,1.737978,99.9849,0.0071,0.0080,5.44e-09
288,7,14,2423.3778,2418.0531,-2.657170,1.800119,1.729255,99.9855,0.0067,0.0078,4.38e-09
289,7,14,2433.2134,2418.0531,-2.202758,1.800291,1.732158,99.9853,0.0070,0.0077,5.39e-09
290,7,14,2437.3800,2418.0531,-2.097303,1.800839,1.729475,99.9855,0.0069,0.0076,5.31e-09
291,5,15,2446.5996,2467.4011,-2.074145,1.802060,1.721880,99.9857,0.0066,0.0077,4.56e-09
292,5,15,2450.0716,2467.4011,-2.153453,1.802108,1.732253,99.9850,0.0078,0.0072,4.75e-09
293,5,15,2459.1561,2467.4011,-2.476051,1.801640,1.730334,99.9851,0.0060,0.0089,5.37e-09
294,5,15,2462.4154,2467.4011,-2.694509,1.801344,1.730799,99.9850,0.0081,0.0068,4.80e-09
295,5,15,2470.7312,2467.4011,-2.869782,1.800639,1.720872,99.9856,0.0064,0.0080,5.26e-09
296,5,15,2483.6168,2467.4011,-2.182304,1.803088,1.739508,99.9846,0.0067,0.0087,4.78e-09
297,5,15,2489.3104,2467.4011,-2.051612,1.801642,1.733666,99.9849,0.0081,0.0070,4.23e-09
298,5,15,2495.6671,2467.4011,-1.940975,1.801834,1.737012,99.9846,0.0078,0.0075,4.65e-09
299,5,15,2498.4135,2467.4011,-1.900704,1.802128,1.733265,99.9849,0.0078,0.0073,4.91e-09
300,5,15,2500.5726,2467.4011,-1.871475,1.801384,1.728755,99.9852,0.0069,0.0079,4.83e-09
301,5,15,2512.8645,2467.4011,-1.734578,1.801649,1.735163,99.9848,0.0066,0.0086,4.57e-09
302,5,15,2514.6343,2467.4011,-1.717992,1.801593,1.737115,99.9846,0.0061,0.0092,4.56e-09
303,8,14,2516.7738,2566.0971,-1.716221,1.801682,1.728145,99.9848,0.0073,0.0078,5.37e-09
304,8,14,2529.0676,2566.0971,-1.840725,1.800581,1.729068,99.9847,0.0070,0.0083,5.02e-09
305,8,14,2537.1085,2566.0971,-1.947045,1.800595,1.733772,99.9843,0.0077,0.0079,4.81e-09
306,8,14,2550.2493,2566.0971,-2.209303,1.799741,1.740798,99.9837,0.0072,0.0090,4.68e-09
307,8,14,2556.2869,2566.0971,-2.417594,1.799603,1.741780,99.9837,0.0077,0.0087,4.63e-09
308,8,14,2558.3783,2566.0971,-2.521720,1.800857,1.732361,99.9845,0.0075,0.0080,4.75e-09
309,8,14,2565.7849,2566.0971,-3.914754,1.800688,1.729643,99.9846,0.0078,0.0076,4.71e-09
310,6,15,2576.4499,2575.9667,-3.726826,1.800363,1.734096,99.9841,0.0082,0.0077,4.17e-09
311,6,15,2581.8120,2575.9667,-2.644136,1.801230,1.730192,99.9844,0.0082,0.0074,4.32e-09
312,6,15,2583.5287,2575.9667,-2.532307,1.801849,1.735442,99.9841,0.0081,0.0078,4.78e-09
313,6,15,2592.0186,2575.9667,-2.205414,1.800618,1.729239,99.9844,0.0078,0.0077,4.77e-09
314,6,15,2593.0258,2575.9667,-2.178985,1.802153,1.736197,99.9841,0.0080,0.0080,4.30e-09
315,11,12,2606.9980,2615.4452,-2.490832,1.800512,1.737069,99.9837,0.0078,0.0084,4.13e-09
316,11,12,2608.3163,2615.4452,-2.564523,1.801039,1.734241,99.9840,0.0083,0.0077,5.02e-09
317,11,12,2613.5637,2615.4452,-3.143043,1.799879,1.737882,99.9836,0.0081,0.0082,4.66e-09
318,11,12,2623.2343,2615.4452,-2.526058,1.800147,1.735123,99.9839,0.0085,0.0076,4.03e-09
319,11,12,2631.8134,2615.4452,-2.203543,1.801621,1.730470,99.9843,0.0076,0.0081,4.29e-09
320,11,12,2634.4307,2615.4452,-2.139123,1.801022,1.728453,99.9844,0.0079,0.0077,4.99e-09
321,10,13,2637.6724,2654.9236,-2.187234,1.801155,1.733448,99.9838,0.0088,0.0073,4.51e-09
322,10,13,2649.6177,2654.9236,-2.699297,1.800626,1.734175,99.9837,0.0082,0.0081,4.23e-09
323,10,13,2656.3198,2654.9236,-3.279099,1.801079,1.741282,99.9832,0.0080,0.0087,3.81e-09
324,10,13,2661.7200,2654.9236,-2.591772,1.800812,1.730697,99.9840,0.0073,0.0088,4.06e-09
325,10,13,2666.0817,2654.9236,-2.376461,1.801347,1.731554,99.9840,0.0087,0.0073,4.42e-09
326,10,13,2674.8809,2654.9236,-2.123949,1.801276,1.732217,99.9839,0.0085,0.0076,4.62e-09
327,7,15,2685.3653,2704.2716,-2.155444,1.801728,1.726715,99.9840,0.0079,0.0081,4.57e-09
328,7,15,2687.7446,2704.2716,-2.213855,1.801478,1.727323,99.9839,0.0090,0.0071,4.67e-09
329,7,15,2695.4005,2704.2716,-2.484072,1.801380,1.726970,99.9839,0.0082,0.0079,4.81e-09
330,7,15,2700.7345,2704.2716,-2.883399,1.802011,1.735485,99.9833,0.0087,0.0079,4.24e-09
331,7,15,2703.8133,2704.2716,-3.770885,1.802655,1.733705,99.9835,0.0086,0.0079,4.78e-09
332,7,15,2716.1164,2704.2716,-2.358524,1.801707,1.734916,99.9833,0.0087,0.0080,3.92e-09
333,7,15,2717.7695,2704.2716,-2.301783,1.801142,1.734210,99.9833,0.0079,0.0088,4.23e-09
334,9,14,2724.1435,2733.8804,-2.448357,1.800465,1.737646,99.9830,0.0084,0.0086,4.71e-09
335,9,14,2732.5477,2733.8804,-3.312039,1.801476,1.738930,99.9830,0.0084,0.0087,4.04e-09
336,9,14,2737.7696,2733.8804,-2.846919,1.800237,1.727108,99.9838,0.0080,0.0083,3.79e-09
337,9,14,2741.2291,2733.8804,-2.570567,1.799671,1.738796,99.9828,0.0081,0.0091,4.45e-09
338,9,14,2745.6814,2733.8804,-2.364862,1.800295,1.746660,99.9822,0.0094,0.0084,4.32e-09
339,9,14,2755.2257,2733.8804,-2.107477,1.801487,1.738804,99.9830,0.0076,0.0094,4.25e-09
340,9,14,2760.4095,2733.8804,-2.013057,1.801686,1.743755,99.9826,0.0088,0.0086,4.06e-09
341,9,14,2765.2815,2733.8804,-1.939835,1.801685,1.741140,99.9828,0.0089,0.0083,3.65e-09
342,9,14,2773.6780,2733.8804,-1.836923,1.801182,1.733788,99.9833,0.0082,0.0085,4.14e-09
343,9,14,2782.0754,2733.8804,-1.753778,1.801478,1.743157,99.9826,0.0090,0.0083,3.66e-09
344,12,12,2794.0025,2842.4461,-1.768456,1.800760,1.733722,99.9826,0.0080,0.0094,3.55e-09
345,12,12,2799.7879,2842.4461,-1.823690,1.801429,1.727131,99.9831,0.0105,0.0064,4.13e-09
346,12,12,2811.3373,2842.4461,-1.960810,1.801664,1.736429,99.9824,0.0085,0.0091,4.02e-09
347,12,12,2814.9089,2842.4461,-2.013773,1.801648,1.734923,99.9825,0.0098,0.0077,3.73e-09
348,12,12,2823.9440,2842.4461,-2.186472,1.802030,1.737418,99.9824,0.0101,0.0076,3.78e-09
349,12,12,2828.0436,2842.4461,-2.295254,1.801016,1.735103,99.9825,0.0078,0.0098,3.74e-09
350,12,12,2830.2264,2842.4461,-2.366631,1.801202,1.731386,99.9828,0.0088,0.0084,3.90e-09
351,12,12,2836.1409,2842.4461,-2.653996,1.800603,1.734664,99.9825,0.0082,0.0093,4.25e-09
352,12,12,2842.7403,2842.4461,-3.985053,1.801343,1.730543,99.9829,0.0080,0.0092,3.32e-09
353,8,15,2851.3828,2852.3157,-3.485359,1.801167,1.737399,99.9822,0.0092,0.0086,3.50e-09
354,8,15,2855.0906,2852.3157,-3.011951,1.801281,1.735953,99.9824,0.0091,0.0086,4.07e-09
355,11,13,2869.1915,2862.1853,-2.611216,1.801222,1.737037,99.9823,0.0086,0.0091,3.98e-09
356,11,13,2878.6908,2862.1853,-2.239069,1.801306,1.738831,99.9822,0.0083,0.0096,3.50e-09
357,11,13,2887.9628,2862.1853,-2.045457,1.799958,1.744249,99.9816,0.0088,0.0096,3.74e-09
358,11,13,2889.3923,2862.1853,-2.022016,1.800581,1.738338,99.9821,0.0092,0.0086,3.21e-09
359,10,14,2902.8475,2921.4029,-2.197120,1.801412,1.737331,99.9818,0.0086,0.0096,3.52e-09
360,10,14,2904.8916,2921.4029,-2.247810,1.801293,1.737039,99.9818,0.0099,0.0082,4.40e-09
361,10,14,2906.7141,2921.4029,-2.298606,1.801611,1.741369,99.9815,0.0096,0.0089,3.79e-09
362,10,14,2913.4706,2921.4029,-2.566190,1.801701,1.739024,99.9817,0.0088,0.0095,3.66e-09
363,10,14,2922.9629,2921.4029,-3.272471,1.800851,1.739910,99.9816,0.0089,0.0096,4.05e-09
364,10,14,2931.7881,2921.4029,-2.449176,1.801216,1.734127,99.9821,0.0096,0.0084,4.25e-09
365,10,14,2939.1877,2921.4029,-2.215542,1.801299,1.738445,99.9817,0.0086,0.0097,3.08e-09
366,10,14,2947.4766,2921.4029,-2.049388,1.801544,1.743615,99.9813,0.0093,0.0094,3.31e-09
367,10,14,2948.0554,2921.4029,-2.039853,1.800995,1.742997,99.9813,0.0103,0.0084,3.73e-09
368,10,14,2953.9926,2921.4029,-1.952512,1.800925,1.745330,99.9811,0.0091,0.0098,3.08e-09
369,10,14,2954.8426,2921.4029,-1.941329,1.801089,1.737810,99.9818,0.0086,0.0096,4.22e-09
370,10,14,2959.8313,2921.4029,-1.880939,1.801430,1.740144,99.9816,0.0095,0.0089,3.94e-09
371,9,15,2974.0049,3020.0989,-1.816377,1.801273,1.738836,99.9811,0.0095,0.0094,3.40e-09
372,9,15,2987.7157,3020.0989,-1.969701,1.801303,1.744193,99.9806,0.0096,0.0098,3.82e-09
373,9,15,2991.5080,3020.0989,-2.023792,1.801230,1.732645,99.9816,0.0085,0.0099,3.78e-09
374,9,15,2997.1918,3020.0989,-2.120051,1.801984,1.737273,99.9813,0.0095,0.0093,3.62e-09
375,9,15,3004.8905,3020.0989,-2.297936,1.801354,1.742935,99.9807,0.0094,0.0098,3.68e-09
376,9,15,3011.4776,3020.0989,-2.544445,1.802045,1.746755,99.9804,0.0095,0.0100,2.63e-09
377,9,15,3017.7188,3020.0989,-3.103414,1.801249,1.748256,99.9802,0.0096,0.0102,3.41e-09
378,9,15,3029.8877,3020.0989,-2.489292,1.801906,1.739647,99.9811,0.0102,0.0088,3.84e-09
379,9,15,3034.6928,3020.0989,-2.315853,1.800789,1.745047,99.9805,0.0086,0.0110,4.10e-09
380,9,15,3038.9625,3020.0989,-2.204397,1.801398,1.748232,99.9802,0.0095,0.0103,3.40e-09
381,9,15,3043.0193,3020.0989,-2.119800,1.802205,1.743864,99.9807,0.0109,0.0084,3.76e-09
382,9,15,3049.3573,3020.0989,-2.013772,1.801315,1.746574,99.9804,0.0102,0.0094,3.85e-09
383,9,15,3051.5840,3020.0989,-1.981916,1.801154,1.750690,99.9800,0.0097,0.0103,3.28e-09
384,12,13,3063.6894,3089.1862,-2.083358,1.801320,1.740625,99.9805,0.0112,0.0083,3.44e-09
385,12,13,3067.1903,3089.1862,-2.147503,1.801138,1.742930,99.9803,0.0101,0.0096,3.72e-09
386,12,13,3073.7656,3089.1862,-2.301744,1.801248,1.741432,99.9804,0.0101,0.0095,3.72e-09
387,12,13,3075.2910,3089.1862,-2.346979,1.801539,1.736444,99.9809,0.0087,0.0104,3.66e-09
388,12,13,3080.7788,3089.1862,-2.565182,1.800843,1.743895,99.9801,0.0103,0.0096,3.36e-09
389,12,13,3087.3216,3089.1862,-3.219261,1.801476,1.743081,99.9803,0.0095,0.0103,3.46e-09
390,12,13,3096.1139,3089.1862,-2.649256,1.801968,1.748345,99.9798,0.0095,0.0107,3.34e-09
391,12,13,3106.7574,3089.1862,-2.245043,1.800855,1.745982,99.9799,0.0105,0.0096,3.54e-09
392,11,14,3110.2511,3128.6646,-2.230222,1.801268,1.743579,99.9800,0.0108,0.0091,3.91e-09
393,11,14,3117.1909,3128.6646,-2.435656,1.800519,1.746038,99.9797,0.0104,0.0099,3.19e-09
394,11,14,3124.9294,3128.6646,-2.923051,1.800900,1.741747,99.9801,0.0090,0.0108,3.22e-09
395,11,14,3130.6659,3128.6646,-3.194052,1.801074,1.736897,99.9806,0.0081,0.0113,3.25e-09
396,11,14,3134.2649,3128.6646,-2.747146,1.800461,1.742510,99.9800,0.0097,0.0103,3.39e-09
397,11,14,3144.5110,3128.6646,-2.295428,1.800979,1.738189,99.9805,0.0084,0.0111,2.89e-09
398,11,14,3158.5530,3128.6646,-2.019857,1.801070,1.742959,99.9801,0.0113,0.0086,3.93e-09
399,11,14,3164.3851,3128.6646,-1.942442,1.801068,1.748471,99.9796,0.0100,0.0105,3.30e-09
400,10,15,3172.9484,3207.6214,-1.966191,1.801098,1.744011,99.9794,0.0109,0.0097,2.91e-09
401,10,15,3187.8591,3207.6214,-2.210344,1.801424,1.742808,99.9796,0.0104,0.0100,2.95e-09
402,10,15,3192.1834,3207.6214,-2.317592,1.801266,1.741736,99.9797,0.0105,0.0098,3.88e-09
403,10,15,3194.6860,3207.6214,-2.394401,1.801344,1.743345,99.9796,0.0095,0.0109,3.76e-09
404,10,15,3200.7491,3207.6214,-2.669077,1.801390,1.748951,99.9790,0.0124,0.0086,3.36e-09
405,10,15,3201.7361,3207.6214,-2.736415,1.800570,1.738258,99.9799,0.0100,0.0101,3.76e-09
406,10,15,3216.6458,3207.6214,-2.550765,1.801526,1.745702,99.9793,0.0110,0.0097,2.85e-09
407,10,15,3223.0104,3207.6214,-2.318973,1.801131,1.744011,99.9795,0.0108,0.0098,3.74e-09
408,10,15,3226.2471,3207.6214,-2.236071,1.801537,1.745670,99.9793,0.0106,0.0101,3.49e-09
409,10,15,3235.1317,3207.6214,-2.066689,1.801301,1.745006,99.9794,0.0109,0.0097,3.36e-09
410,10,15,3239.8012,3207.6214,-1.998600,1.800946,1.739529,99.9799,0.0106,0.0096,2.53e-09
411,10,15,3247.2251,3207.6214,-1.908448,1.801529,1.748956,99.9790,0.0095,0.0114,3.56e-09
412,10,15,3250.2691,3207.6214,-1.876288,1.801115,1.748602,99.9790,0.0097,0.0113,3.52e-09
413,10,15,3257.1385,3207.6214,-1.811428,1.801332,1.739078,99.9799,0.0097,0.0104,3.67e-09
414,10,15,3261.4874,3207.6214,-1.774868,1.800947,1.749714,99.9789,0.0092,0.0119,3.06e-09
415,10,15,3268.2106,3207.6214,-1.723788,1.801009,1.748399,99.9790,0.0097,0.0113,3.11e-09
416,13,13,3280.1660,3335.9263,-1.776891,1.800671,1.744264,99.9786,0.0117,0.0097,3.39e-09
417,13,13,3283.3318,3335.9263,-1.802276,1.800310,1.743893,99.9785,0.0097,0.0117,3.60e-09
418,13,13,3287.4314,3335.9263,-1.837521,1.800490,1.732242,99.9797,0.0097,0.0106,2.77e-09
419,13,13,3294.2740,3335.9263,-1.903578,1.801231,1.740420,99.9790,0.0103,0.0107,3.66e-09
420,13,13,3298.8670,3335.9263,-1.954319,1.801260,1.742708,99.9788,0.0108,0.0104,3.64e-09
421,13,13,3302.7332,3335.9263,-2.002169,1.801181,1.747095,99.9783,0.0117,0.0100,2.99e-09
422,13,13,3317.5095,3335.9263,-2.258002,1.801187,1.744215,99.9786,0.0110,0.0104,2.68e-09
423,13,13,3329.5504,3335.9263,-2.718675,1.801338,1.750663,99.9780,0.0101,0.0119,2.04e-09
424,13,13,3333.1790,3335.9263,-3.084316,1.800977,1.746905,99.9783,0.0108,0.0109,3.28e-09
425,13,13,3344.3864,3335.9263,-2.595838,1.801335,1.748805,99.9782,0.0106,0.0112,2.94e-09
426,12,14,3350.3383,3355.6655,-2.799277,1.801483,1.749507,99.9780,0.0127,0.0093,3.48e-09
427,12,14,3356.7548,3355.6655,-3.488622,1.801361,1.751435,99.9778,0.0124,0.0098,3.27e-09
428,12,14,3362.0673,3355.6655,-2.719478,1.800822,1.746171,99.9782,0.0111,0.0106,2.43e-09
429,12,14,3367.7372,3355.6655,-2.444012,1.801001,1.744752,99.9784,0.0107,0.0109,2.27e-09
430,12,14,3382.8465,3355.6655,-2.091513,1.800393,1.750129,99.9778,0.0120,0.0102,2.47e-09
431,11,15,3394.4643,3414.8831,-2.223346,1.801405,1.744753,99.9780,0.0115,0.0104,2.52e-09
432,11,15,3404.0870,3414.8831,-2.500108,1.800845,1.747000,99.9777,0.0108,0.0115,3.47e-09
433,11,15,3408.8408,3414.8831,-2.752170,1.801203,1.750226,99.9775,0.0109,0.0116,2.70e-09
434,11,15,3422.3395,3414.8831,-2.660846,1.800935,1.749209,99.9775,0.0121,0.0103,2.45e-09
435,11,15,3425.7555,3414.8831,-2.497050,1.802040,1.749965,99.9776,0.0104,0.0120,3.75e-09
436,11,15,3433.1413,3414.8831,-2.271918,1.801299,1.747884,99.9777,0.0111,0.0112,2.91e-09
437,11,15,3437.0632,3414.8831,-2.187412,1.801465,1.749567,99.9776,0.0114,0.0110,3.20e-09
438,11,15,3446.6112,3414.8831,-2.031932,1.801425,1.757037,99.9768,0.0117,0.0115,2.70e-09
439,11,15,3453.8716,3414.8831,-1.942440,1.800528,1.753502,99.9770,0.0116,0.0113,2.60e-09
440,11,15,3470.4173,3414.8831,-1.788816,1.801703,1.754669,99.9770,0.0118,0.0111,2.56e-09
441,11,15,3480.1538,3414.8831,-1.718658,1.801281,1.755664,99.9769,0.0103,0.0128,2.61e-09
442,11,15,3482.6964,3414.8831,-1.702061,1.801449,1.750792,99.9774,0.0124,0.0102,2.90e-09
443,11,15,3491.8121,3414.8831,-1.647286,1.801997,1.752361,99.9773,0.0114,0.0113,3.06e-09
444,11,15,3493.5892,3414.8831,-1.637367,1.801561,1.758689,99.9766,0.0134,0.0100,2.44e-09
445,11,15,3503.0216,3414.8831,-1.588210,1.801851,1.751024,99.9775,0.0130,0.0095,3.23e-09
446,13,14,3524.4421,3602.4056,-1.664701,1.801169,1.739601,99.9775,0.0111,0.0114,2.54e-09
447,13,14,3527.0409,3602.4056,-1.679425,1.801335,1.747847,99.9766,0.0126,0.0107,2.36e-09
448,13,14,3539.1530,3602.4056,-1.755514,1.801052,1.747502,99.9767,0.0125,0.0108,2.35e-09
449,13,14,3542.3110,3602.4056,-1.777757,1.800804,1.743531,99.9771,0.0138,0.0091,2.81e-09
450,13,14,3546.5201,3602.4056,-1.809294,1.800887,1.752222,99.9761,0.0127,0.0112,2.89e-09
451,13,14,3552.1811,3602.4056,-1.855677,1.800470,1.747698,99.9766,0.0132,0.0102,3.22e-09
452,13,14,3557.3982,3602.4056,-1.903308,1.800416,1.747011,99.9766,0.0127,0.0107,3.13e-09
453,13,14,3558.5385,3602.4056,-1.914454,1.801108,1.748530,99.9765,0.0124,0.0111,2.68e-09
454,13,14,3573.2114,3602.4056,-2.091296,1.801277,1.751774,99.9762,0.0132,0.0106,2.71e-09
455,13,14,3576.0976,3602.4056,-2.136504,1.800425,1.754579,99.9758,0.0141,0.0101,2.58e-09
456,13,14,3583.8838,3602.4056,-2.288909,1.800190,1.747825,99.9765,0.0123,0.0112,2.71e-09
457,13,14,3595.8825,3602.4056,-2.742137,1.800598,1.748549,99.9765,0.0138,0.0097,2.47e-09
458,13,14,3597.4060,3602.4056,-2.857655,1.800774,1.751919,99.9761,0.0127,0.0111,2.89e-09
459,13,14,3605.1735,3602.4056,-3.114443,1.801547,1.751449,99.9763,0.0115,0.0122,2.31e-09
460,13,14,3613.3118,3602.4056,-2.518920,1.800668,1.756345,99.9756,0.0132,0.0112,2.75e-09
461,13,14,3617.4313,3602.4056,-2.379757,1.800812,1.748633,99.9765,0.0131,0.0104,2.43e-09
462,13,14,3618.8245,3602.4056,-2.341248,1.801004,1.750145,99.9764,0.0121,0.0116,2.88e-09
463,12,15,3627.7843,3641.8840,-2.412114,1.801194,1.758627,99.9750,0.0121,0.0129,2.44e-09
464,12,15,3642.3726,3641.8840,-3.872355,1.801330,1.754761,99.9755,0.0147,0.0098,2.20e-09
465,12,15,3652.6373,3641.8840,-2.529787,1.801666,1.761989,99.9747,0.0127,0.0126,2.33e-09
466,12,15,3659.2328,3641.8840,-2.322057,1.801795,1.755942,99.9754,0.0127,0.0119,2.42e-09
467,12,15,3670.1968,3641.8840,-2.109343,1.801974,1.755487,99.9755,0.0130,0.0115,1.89e-09
468,12,15,3675.4308,3641.8840,-2.035675,1.801356,1.759204,99.9750,0.0141,0.0109,2.24e-09
469,12,15,3685.7923,3641.8840,-1.918779,1.801231,1.759569,99.9749,0.0134,0.0117,2.72e-09
470,12,15,3703.6836,3641.8840,-1.770341,1.801212,1.766054,99.9742,0.0123,0.0135,2.56e-09
471,12,15,3706.7904,3641.8840,-1.749039,1.801904,1.764438,99.9744,0.0126,0.0130,2.20e-09
472,12,15,3735.0499,3641.8840,-1.592069,1.800942,1.758632,99.9750,0.0137,0.0113,2.26e-09
473,12,15,3742.0224,3641.8840,-1.560725,1.801887,1.767895,99.9740,0.0146,0.0114,2.63e-09
474,12,15,3747.4471,3641.8840,-1.537814,1.801248,1.767306,99.9740,0.0136,0.0124,2.31e-09
475,14,14,3757.0534,3868.8849,-1.539021,1.801021,1.750544,99.9744,0.0145,0.0111,2.49e-09
476,14,14,3764.3746,3868.8849,-1.568426,1.801472,1.757115,99.9736,0.0147,0.0117,1.93e-09
477,14,14,3775.9626,3868.8849,-1.619466,1.801683,1.758998,99.9734,0.0144,0.0122,2.23e-09
478,14,14,3783.8633,3868.8849,-1.658056,1.801760,1.758785,99.9735,0.0140,0.0125,2.51e-09
479,14,14,3787.3857,3868.8849,-1.676432,1.801460,1.754020,99.9740,0.0114,0.0146,2.20e-09
480,14,14,3797.3699,3868.8849,-1.733189,1.802308,1.756741,99.9738,0.0125,0.0137,2.17e-09
481,14,14,3812.2225,3868.8849,-1.834291,1.801577,1.762238,99.9730,0.0153,0.0117,2.32e-09
482,14,14,3823.1744,3868.8849,-1.927570,1.801374,1.762725,99.9729,0.0159,0.0112,1.96e-09
483,14,14,3838.2274,3868.8849,-2.101048,1.801799,1.751345,99.9744,0.0134,0.0123,2.32e-09
484,14,14,3839.6256,3868.8849,-2.121321,1.800934,1.757223,99.9735,0.0140,0.0124,2.43e-09
485,14,14,3844.6855,3868.8849,-2.203780,1.801847,1.757129,99.9737,0.0143,0.0120,2.15e-09
486,14,14,3846.7167,3868.8849,-2.241854,1.801286,1.758790,99.9734,0.0146,0.0120,2.32e-09
487,14,14,3851.6669,3868.8849,-2.351602,1.801460,1.757341,99.9736,0.0146,0.0118,2.28e-09
488,14,14,3866.3121,3868.8849,-3.177179,1.801661,1.766470,99.9725,0.0167,0.0108,1.85e-09
489,13,15,3886.8989,3888.6241,-3.352950,1.800646,1.751059,99.9743,0.0121,0.0136,1.72e-09
490,13,15,3889.9150,3888.6241,-3.478908,1.800994,1.763497,99.9728,0.0154,0.0118,2.46e-09
491,13,15,3897.7525,3888.6241,-2.629404,1.801002,1.763971,99.9727,0.0140,0.0133,2.23e-09
492,13,15,3905.5546,3888.6241,-2.361128,1.801528,1.764745,99.9727,0.0143,0.0130,2.15e-09
493,13,15,3914.0533,3888.6241,-2.184464,1.801361,1.764185,99.9728,0.0149,0.0123,2.22e-09
494,13,15,3918.4944,3888.6241,-2.114557,1.800416,1.762720,99.9728,0.0141,0.0131,2.05e-09
495,13,15,3939.2285,3888.6241,-1.885608,1.800661,1.767635,99.9722,0.0154,0.0124,2.16e-09
496,13,15,3942.8516,3888.6241,-1.855577,1.800954,1.760430,99.9732,0.0137,0.0131,2.04e-09
497,13,15,3965.6035,3888.6241,-1.703421,1.801127,1.768907,99.9721,0.0148,0.0130,1.82e-09
498,13,15,3981.7176,3888.6241,-1.620877,1.801389,1.764630,99.9727,0.0146,0.0127,2.07e-09
499,13,15,3986.7206,3888.6241,-1.598143,1.801214,1.768015,99.9723,0.0146,0.0131,1.92e-09
500,13,15,3989.1029,3888.6241,-1.587722,1.800495,1.769254,99.9720,0.0094,0.0186,2.22e-09
501,13,15,3994.2535,3888.6241,-1.566011,1.801321,1.760197,99.9733,0.0137,0.0130,2.01e-09
502,13,15,4001.4937,3888.6241,-1.537219,1.801662,1.769613,99.9721,0.0142,0.0137,1.96e-09
503,13,15,4005.0616,3888.6241,-1.523703,1.801265,1.766046,99.9725,0.0132,0.0143,1.88e-09
504,13,15,4011.4010,3888.6241,-1.500679,1.800561,1.773080,99.9715,0.0149,0.0135,2.25e-09
505,14,15,4022.9308,4155.1035,-1.497440,1.802033,1.748650,99.9728,0.0131,0.0141,1.90e-09
506,14,15,4026.1445,4155.1035,-1.508130,1.801859,1.753905,99.9721,0.0135,0.0144,2.16e-09
507,14,15,4029.8936,4155.1035,-1.520943,1.801593,1.759214,99.9714,0.0154,0.0132,2.23e-09
508,14,15,4042.9117,4155.1035,-1.568621,1.802115,1.758397,99.9716,0.0144,0.0140,1.94e-09
509,14,15,4049.5956,4155.1035,-1.595297,1.802075,1.757494,99.9717,0.0186,0.0097,2.02e-09
510,14,15,4069.1002,4155.1035,-1.684067,1.801641,1.757718,99.9716,0.0151,0.0133,2.18e-09
511,14,15,4075.7783,4155.1035,-1.719171,1.802417,1.757899,99.9717,0.0122,0.0161,2.37e-09
512,14,15,4082.7132,4155.1035,-1.758902,1.801825,1.758766,99.9715,0.0134,0.0151,1.93e-09
513,14,15,4091.8422,4155.1035,-1.817444,1.802392,1.761482,99.9712,0.0159,0.0129,2.00e-09
514,14,15,4109.7607,4155.1035,-1.962074,1.802011,1.763660,99.9708,0.0145,0.0146,1.89e-09
515,14,15,4115.9311,4155.1035,-2.025602,1.801389,1.757613,99.9716,0.0143,0.0141,1.87e-09
516,14,15,4136.7242,4155.1035,-2.354254,1.801808,1.763630,99.9709,0.0154,0.0137,1.96e-09
517,14,15,4139.7510,4155.1035,-2.432404,1.802156,1.765215,99.9707,0.0141,0.0152,1.95e-09
518,14,15,4143.4545,4155.1035,-2.552293,1.802014,1.764015,99.9708,0.0142,0.0150,1.90e-09
519,14,15,4160.1963,4155.1035,-2.911618,1.802079,1.764691,99.9707,0.0147,0.0146,2.04e-09
520,14,15,4169.1000,4155.1035,-2.472561,1.801515,1.767441,99.9703,0.0156,0.0141,2.03e-09
521,14,15,4173.6809,4155.1035,-2.349596,1.801783,1.766452,99.9705,0.0139,0.0156,1.75e-09
522,14,15,4180.4441,4155.1035,-2.214765,1.802273,1.763610,99.9709,0.0158,0.0133,2.01e-09
523,14,15,4193.8499,4155.1035,-2.030350,1.802078,1.767102,99.9704,0.0163,0.0133,1.77e-09
524,14,15,4196.4185,4155.1035,-2.002473,1.801647,1.765621,99.9705,0.0159,0.0135,2.22e-09
525,14,15,4201.9782,4155.1035,-1.947643,1.802211,1.768331,99.9703,0.0133,0.0164,1.97e-09
526,14,15,4216.8361,4155.1035,-1.828067,1.802243,1.767614,99.9704,0.0146,0.0151,1.74e-09
527,14,15,4228.3911,4155.1035,-1.753551,1.801672,1.766335,99.9705,0.0159,0.0137,1.72e-09
528,14,15,4234.7273,4155.1035,-1.717539,1.802360,1.767026,99.9705,0.0134,0.0161,2.04e-09
529,14,15,4243.5237,4155.1035,-1.672030,1.801758,1.768795,99.9701,0.0138,0.0161,1.83e-09
530,14,15,4250.5477,4155.1035,-1.638832,1.801943,1.774932,99.9693,0.0154,0.0153,1.71e-09
531,14,15,4254.4258,4155.1035,-1.621535,1.802214,1.766886,99.9704,0.0166,0.0130,2.10e-09
532,14,15,4267.3330,4155.1035,-1.568475,1.801942,1.756524,99.9718,0.0173,0.0109,1.68e-09
533,14,15,4274.3836,4155.1035,-1.542014,1.801724,1.765977,99.9705,0.0147,0.0148,1.71e-09
534,14,15,4285.9216,4155.1035,-1.501914,1.802317,1.776767,99.9691,0.0160,0.0149,1.80e-09
535,14,15,4291.1914,4155.1035,-1.484762,1.801763,1.769412,99.9701,0.0129,0.0171,2.21e-09
536,15,15,4300.0394,4441.3220,-1.497424,1.802320,1.761664,99.9690,0.0137,0.0173,1.99e-09
537,15,15,4302.0721,4441.3220,-1.503718,1.802689,1.756976,99.9697,0.0140,0.0163,1.90e-09
538,15,15,4311.4401,4441.3220,-1.533964,1.802499,1.757744,99.9696,0.0170,0.0134,1.69e-09
539,15,15,4319.2268,4441.3220,-1.560814,1.802263,1.760075,99.9692,0.0146,0.0162,1.81e-09
540,15,15,4328.0260,4441.3220,-1.593298,1.802883,1.757749,99.9696,0.0158,0.0145,1.77e-09
541,15,15,4330.1623,4441.3220,-1.601565,1.802446,1.763329,99.9688,0.0153,0.0159,1.83e-09
542,15,15,4345.5661,4441.3220,-1.666347,1.802794,1.765068,99.9686,0.0152,0.0163,1.49e-09
543,15,15,4358.9167,4441.3220,-1.731557,1.802722,1.761357,99.9691,0.0132,0.0177,1.72e-09
544,15,15,4378.6844,4441.3220,-1.850677,1.801910,1.766742,99.9682,0.0135,0.0183,1.72e-09
545,15,15,4388.6823,4441.3220,-1.926199,1.802303,1.759508,99.9693,0.0132,0.0175,1.84e-09
546,15,15,4389.6564,4441.3220,-1.934311,1.802873,1.757703,99.9697,0.0125,0.0179,1.76e-09
547,15,15,4398.6485,4441.3220,-2.017354,1.803078,1.765029,99.9686,0.0168,0.0146,1.71e-09
548,15,15,4401.9430,4441.3220,-2.052248,1.802991,1.768768,99.9681,0.0126,0.0193,1.56e-09
549,15,15,4423.4904,4441.3220,-2.396322,1.802504,1.763133,99.9688,0.0129,0.0183,1.65e-09
550,15,15,4455.9003,4441.3220,-2.483806,1.802593,1.767266,99.9682,0.0145,0.0173,1.69e-09
551,15,15,4458.5158,4441.3220,-2.412141,1.802282,1.770602,99.9677,0.0138,0.0185,1.72e-09
552,15,15,4469.2104,4441.3220,-2.202089,1.802842,1.759729,99.9694,0.0140,0.0167,1.56e-09
553,15,15,4482.0449,4441.3220,-2.037673,1.802579,1.772294,99.9675,0.0132,0.0193,1.57e-09
554,15,15,4493.3805,4441.3220,-1.931020,1.802188,1.775418,99.9670,0.0180,0.0150,1.74e-09
555,15,15,4497.0621,4441.3220,-1.901344,1.802222,1.771166,99.9676,0.0140,0.0184,1.66e-09
556,15,15,4498.9532,4441.3220,-1.886855,1.802673,1.768643,99.9680,0.0156,0.0164,1.56e-09
557,15,15,4510.5406,4441.3220,-1.807289,1.803062,1.772445,99.9675,0.0152,0.0173,1.65e-09
558,15,15,4525.8417,4441.3220,-1.720554,1.803139,1.777079,99.9669,0.0174,0.0157,1.59e-09
559,15,15,4535.0810,4441.3220,-1.675499,1.802887,1.771416,99.9677,0.0161,0.0162,1.65e-09
560,15,15,4542.5439,4441.3220,-1.642238,1.802874,1.774616,99.9672,0.0160,0.0168,1.71e-09
561,15,15,4553.7802,4441.3220,-1.596521,1.802541,1.777902,99.9666,0.0171,0.0163,1.67e-09
562,15,15,4561.3933,4441.3220,-1.568073,1.802636,1.773185,99.9674,0.0153,0.0173,1.55e-09
563,15,15,4563.6243,4441.3220,-1.560078,1.802817,1.782573,99.9659,0.0161,0.0180,1.85e-09
564,15,15,4577.1877,4441.3220,-1.514402,1.802593,1.777454,99.9667,0.0141,0.0192,1.61e-09
565,15,15,4588.5693,4441.3220,-1.479465,1.802046,1.770582,99.9677,0.0133,0.0191,1.53e-09
566,15,15,4605.4297,4441.3220,-1.432383,1.802990,1.782354,99.9660,0.0167,0.0173,1.39e-09
567,15,15,4613.8631,4441.3220,-1.410620,1.802563,1.781587,99.9661,0.0140,0.0199,1.62e-09
568,15,15,4619.4392,4441.3220,-1.396806,1.802887,1.781838,99.9661,0.0145,0.0195,1.63e-09
569,15,15,4641.0220,4441.3220,-1.347134,1.802805,1.777554,99.9667,0.0167,0.0166,1.86e-09
570,15,15,4653.0828,4441.3220,-1.321667,1.802376,1.780360,99.9662,0.0174,0.0164,1.63e-09
571,15,15,4662.4562,4441.3220,-1.302856,1.802584,1.781664,99.9661,0.0177,0.0162,1.52e-09
572,15,15,4679.4913,4441.3220,-1.270626,1.802615,1.786117,99.9653,0.0179,0.0167,1.41e-09
573,15,15,4689.5454,4441.3220,-1.252669,1.802656,1.783799,99.9657,0.0162,0.0181,1.56e-09
574,15,15,4703.0449,4441.3220,-1.229671,1.802430,1.784310,99.9656,0.0176,0.0168,1.21e-09
575,15,15,4708.3044,4441.3220,-1.221030,1.802610,1.783734,99.9657,0.0153,0.0189,1.74e-09
576,15,15,4713.4137,4441.3220,-1.212797,1.802338,1.784118,99.9656,0.0170,0.0174,1.44e-09
577,15,15,4736.4881,4441.3220,-1.177446,1.802952,1.790959,99.9646,0.0193,0.0160,1.47e-09
578,15,15,4745.6576,4441.3220,-1.164159,1.802523,1.784346,99.9656,0.0170,0.0173,1.46e-09
579,15,15,4755.1384,4441.3220,-1.150837,1.802793,1.781662,99.9661,0.0169,0.0170,1.53e-09
580,15,15,4771.2065,4441.3220,-1.129150,1.802055,1.783995,99.9656,0.0195,0.0149,1.52e-09
581,15,15,4798.7244,4441.3220,-1.094355,1.802762,1.782468,99.9659,0.0192,0.0148,1.37e-09
582,15,15,4820.5409,4441.3220,-1.068622,1.801726,1.780685,99.9661,0.0195,0.0145,1.31e-09
583,15,15,4826.9948,4441.3220,-1.061293,1.802820,1.800590,99.9630,0.0234,0.0136,1.29e-09
584,15,15,4832.1529,4441.3220,-1.055523,1.801948,1.800351,99.9629,0.0211,0.0160,1.55e-09
585,15,15,4836.3546,4441.3220,-1.050879,1.803640,1.796792,99.9638,0.0193,0.0169,1.45e-09
586,15,15,4845.5422,4441.3220,-1.040894,1.802732,1.801376,99.9628,0.0214,0.0158,1.30e-09
587,15,15,4860.6780,4441.3220,-1.024929,1.802583,1.799879,99.9631,0.0221,0.0148,9.38e-10
588,15,15,4872.5418,4441.3220,-1.012814,1.802563,1.804827,99.9622,0.0173,0.0205,1.33e-09
589,15,15,4893.8000,4441.3220,-0.991915,1.802113,1.800731,99.9629,0.0199,0.0172,1.62e-09
590,15,15,4911.9157,4441.3220,-0.974866,1.803018,1.811900,99.9610,0.0195,0.0195,1.21e-09
591,15,15,4913.0285,4441.3220,-0.973840,1.802743,1.792063,99.9644,0.0156,0.0200,1.32e-09
592,15,15,4928.6215,4441.3220,-0.959716,1.802352,1.805678,99.9620,0.0170,0.0210,1.33e-09
593,15,15,4936.6459,4441.3220,-0.952623,1.803105,1.806294,99.9620,0.0146,0.0233,1.43e-09
594,15,15,4982.3960,4441.3220,-0.914256,1.802768,1.801662,99.9628,0.0187,0.0185,1.55e-09
595,15,15,4988.9288,4441.3220,-0.909043,1.802353,1.807165,99.9618,0.0193,0.0189,1.50e-09
596,15,15,4994.8836,4441.3220,-0.904346,1.802691,1.804464,99.9623,0.0188,0.0189,1.35e-09
597,15,15,5005.4632,4441.3220,-0.896124,1.802342,1.809579,99.9614,0.0181,0.0205,1.12e-09
598,15,15,5042.1869,4441.3220,-0.868735,1.802613,1.811863,99.9610,0.0128,0.0262,1.31e-09
599,15,15,5069.3696,4441.3220,-0.849520,1.802602,1.815935,99.9603,0.0182,0.0216,1.44e-09
600,15,15,5077.2028,4441.3220,-0.844137,1.802749,1.814157,99.9606,0.0225,0.0169,8.94e-10
601,15,15,5085.9252,4441.3220,-0.838220,1.802776,1.813937,99.9607,0.0221,0.0172,1.31e-09
602,15,15,5092.2007,4441.3220,-0.834012,1.802579,1.816194,99.9602,0.0168,0.0230,1.42e-09
603,15,15,5100.3925,4441.3220,-0.828580,1.802720,1.807666,99.9618,0.0207,0.0175,1.45e-09
604,15,15,5121.1298,4441.3220,-0.815126,1.802350,1.808680,99.9615,0.0219,0.0166,1.34e-09
605,15,15,5132.4179,4441.3220,-0.807974,1.802856,1.805862,99.9621,0.0225,0.0154,1.52e-09
606,15,15,5137.5864,4441.3220,-0.804738,1.802934,1.810219,99.9613,0.0218,0.0168,1.34e-09
607,15,15,5151.7116,4441.3220,-0.796016,1.802767,1.810189,99.9613,0.0183,0.0203,1.15e-09
608,15,15,5164.4919,4441.3220,-0.788272,1.802717,1.812906,99.9608,0.0206,0.0185,1.29e-09
609,15,15,5179.0115,4441.3220,-0.779639,1.802785,1.808988,99.9615,0.0193,0.0192,1.40e-09
610,15,15,5193.2236,4441.3220,-0.771351,1.802253,1.813903,99.9606,0.0195,0.0199,1.15e-09
611,15,15,5205.9017,4441.3220,-0.764089,1.802608,1.801580,99.9628,0.0161,0.0211,1.27e-09
612,15,15,5227.6703,4441.3220,-0.751897,1.802834,1.822497,99.9591,0.0211,0.0199,9.95e-10
613,15,15,5237.3995,4441.3220,-0.746557,1.802378,1.809348,99.9614,0.0155,0.0231,1.30e-09
614,15,15,5264.0240,4441.3220,-0.732270,1.802338,1.813112,99.9607,0.0188,0.0205,1.21e-09
615,15,15,5303.2000,4441.3220,-0.712066,1.802728,1.811827,99.9610,0.0168,0.0221,1.26e-09
616,15,15,5329.0554,4441.3220,-0.699230,1.802785,1.820520,99.9594,0.0205,0.0201,8.84e-10
617,15,15,5338.0689,4441.3220,-0.694842,1.801857,1.821468,99.9591,0.0195,0.0214,1.15e-09
618,15,15,5361.6736,4441.3220,-0.683558,1.802657,1.822741,99.9590,0.0210,0.0201,1.04e-09
619,15,15,5369.8235,4441.3220,-0.679730,1.802348,1.821569,99.9592,0.0240,0.0169,1.00e-09
620,15,15,5399.0190,4441.3220,-0.666284,1.802594,1.821232,99.9593,0.0224,0.0183,1.18e-09
621,15,15,5411.9216,4441.3220,-0.660472,1.802892,1.824944,99.9586,0.0213,0.0201,1.18e-09
622,15,15,5433.6743,4441.3220,-0.650846,1.802695,1.820738,99.9594,0.0179,0.0228,1.19e-09
623,15,15,5438.7075,4441.3220,-0.648649,1.802658,1.815069,99.9604,0.0160,0.0236,1.19e-09
624,15,15,5457.7162,4441.3220,-0.640450,1.802294,1.822487,99.9590,0.0219,0.0192,1.00e-09
625,15,15,5496.5238,4441.3220,-0.624177,1.802169,1.822146,99.9590,0.0201,0.0209,1.19e-09
626,15,15,5503.0718,4441.3220,-0.621490,1.803058,1.829084,99.9578,0.0221,0.0200,1.10e-09
627,15,15,5521.8365,4441.3220,-0.613882,1.802603,1.791021,99.9646,0.0167,0.0187,1.08e-09
628,15,15,5530.4797,4441.3220,-0.610421,1.802841,1.836187,99.9564,0.0242,0.0194,1.04e-09
629,15,15,5532.3062,4441.3220,-0.609694,1.802901,1.818262,99.9599,0.0118,0.0284,9.75e-10
630,15,15,5567.6762,4441.3220,-0.595837,1.802387,1.834617,99.9567,0.0232,0.0202,9.90e-10
631,15,15,5580.0802,4441.3220,-0.591081,1.801902,1.842017,99.9551,0.0157,0.0292,8.36e-10
632,15,15,5609.2711,4441.3220,-0.580088,1.802679,1.844187,99.9548,0.0158,0.0294,8.32e-10
633,15,15,5619.9178,4441.3220,-0.576147,1.802192,1.839322,99.9557,0.0258,0.0186,1.11e-09
634,15,15,5630.8557,4441.3220,-0.572136,1.802289,1.841763,99.9552,0.0189,0.0260,9.59e-10
635,15,15,5633.6034,4441.3220,-0.571133,1.802925,1.838472,99.9559,0.0193,0.0247,9.16e-10
636,15,15,5693.6903,4441.3220,-0.549780,1.801845,1.843794,99.9547,0.0276,0.0177,1.02e-09
637,15,15,5697.4736,4441.3220,-0.548470,1.802188,1.844577,99.9546,0.0195,0.0259,1.10e-09
638,15,15,5721.0608,4441.3220,-0.540391,1.802200,1.797000,99.9635,0.0144,0.0221,1.06e-09
639,15,15,5739.8443,4441.3220,-0.534063,1.802914,1.861589,99.9510,0.0188,0.0302,7.07e-10
640,15,15,5755.6580,4441.3220,-0.528806,1.802558,1.854665,99.9525,0.0172,0.0303,1.06e-09
641,15,15,5767.8364,4441.3220,-0.524800,1.802391,1.850179,99.9534,0.0348,0.0118,9.79e-10
642,15,15,5813.1631,4441.3220,-0.510208,1.802546,1.862610,99.9507,0.0240,0.0253,8.57e-10
643,15,15,5839.3465,4441.3220,-0.501997,1.802775,1.850091,99.9535,0.0183,0.0282,1.08e-09
644,15,15,5854.7960,4441.3220,-0.497224,1.802516,1.850243,99.9534,0.0250,0.0216,8.81e-10
645,15,15,5858.8721,4441.3220,-0.495974,1.802151,1.850465,99.9533,0.0265,0.0202,1.00e-09
646,15,15,5874.3981,4441.3220,-0.491243,1.801974,1.854018,99.9526,0.0223,0.0251,6.34e-10
647,15,15,5924.1071,4441.3220,-0.476434,1.802717,1.800249,99.9630,0.0242,0.0127,1.10e-09
648,15,15,5950.4223,4441.3220,-0.468794,1.802243,1.851900,99.9530,0.0212,0.0258,8.38e-10
649,15,15,5965.9135,4441.3220,-0.464359,1.802814,1.844081,99.9548,0.0268,0.0184,8.68e-10
650,15,15,5982.4308,4441.3220,-0.459679,1.802570,1.862071,99.9508,0.0237,0.0255,7.96e-10
651,15,15,6006.6365,4441.3220,-0.452911,1.802304,1.863353,99.9505,0.0244,0.0251,1.05e-09
652,15,15,6026.8631,4441.3220,-0.447335,1.802408,1.860701,99.9511,0.0202,0.0287,8.45e-10
653,15,15,6040.0251,4441.3220,-0.443744,1.802550,1.864140,99.9504,0.0222,0.0275,7.78e-10
654,15,15,6147.4887,4441.3220,-0.415491,1.802817,1.863932,99.9504,0.0289,0.0207,7.72e-10
655,15,15,6153.7376,4441.3220,-0.413903,1.802361,1.859178,99.9515,0.0237,0.0248,8.12e-10
656,15,15,6189.5655,4441.3220,-0.404910,1.802153,1.849502,99.9535,0.0184,0.0281,1.18e-09
657,15,15,6212.4680,4441.3220,-0.399258,1.802587,1.875299,99.9477,0.0111,0.0411,8.82e-10
658,15,15,6257.0705,4441.3220,-0.388457,1.803021,1.877903,99.9472,0.0235,0.0293,7.64e-10
659,15,15,6266.5312,4441.3220,-0.386200,1.802683,1.888401,99.9445,0.0430,0.0125,5.80e-10
660,15,15,6353.5103,4441.3220,-0.365982,1.802470,1.866925,99.9497,0.0308,0.0195,7.34e-10
661,15,15,6372.9707,4441.3220,-0.361584,1.802596,1.895797,99.9426,0.0393,0.0181,7.94e-10
662,15,15,6378.6067,4441.3220,-0.360319,1.802647,1.867309,99.9496,0.0230,0.0274,9.27e-10
663,15,15,6385.1214,4441.3220,-0.358861,1.802956,1.870957,99.9488,0.0283,0.0229,7.11e-10
664,15,15,6390.5178,4441.3220,-0.357657,1.802709,1.848706,99.9538,0.0171,0.0291,1.07e-09
665,15,15,6390.8345,4441.3220,-0.357586,1.801993,1.871342,99.9486,0.0158,0.0356,5.89e-10
666,15,15,6455.3820,4441.3220,-0.343440,1.802127,1.890987,99.9438,0.0327,0.0235,6.47e-10
667,15,15,6498.9107,4441.3220,-0.334154,1.802201,1.884087,99.9456,0.0213,0.0332,5.68e-10
668,15,15,6633.7639,4441.3220,-0.306584,1.802507,1.898686,99.9418,0.0411,0.0171,6.20e-10
669,15,15,6644.9377,4441.3220,-0.304376,1.802981,1.887654,99.9447,0.0245,0.0308,6.44e-10
670,15,15,6728.7753,4441.3220,-0.288160,1.802946,1.900400,99.9414,0.0222,0.0364,5.29e-10
671,15,15,6809.3949,4441.3220,-0.273117,1.802504,1.890931,99.9438,0.0388,0.0173,6.21e-10
672,15,15,6953.5314,4441.3220,-0.247456,1.802778,1.934499,99.9314,0.0306,0.0380,4.43e-10
673,15,15,7016.2312,4441.3220,-0.236750,1.802566,1.919608,99.9359,0.0212,0.0429,3.98e-10
674,15,15,7044.4105,4441.3220,-0.232023,1.802609,1.911294,99.9383,0.0505,0.0111,4.47e-10
675,15,15,7298.1872,4441.3220,-0.191623,1.802725,1.845134,99.9545,0.0340,0.0114,5.05e-10
676,15,15,7431.5537,4441.3220,-0.171807,1.802377,1.922803,99.9349,0.0382,0.0269,2.81e-10
677,15,15,7488.2490,4441.3220,-0.163650,1.802657,1.931267,99.9324,0.0163,0.0513,4.08e-10
678,15,15,7655.6426,4441.3220,-0.140423,1.802301,1.927619,99.9335,0.0359,0.0307,3.51e-10
679,15,15,7723.7268,4441.3220,-0.131320,1.802510,1.931484,99.9323,0.0562,0.0115,3.65e-10
680,15,15,7749.5532,4441.3220,-0.127916,1.802779,1.920607,99.9357,0.0437,0.0207,5.11e-10
681,15,15,7882.3955,4441.3220,-0.110818,1.802198,1.874485,99.9479,0.0105,0.0416,2.39e-10
682,15,15,8288.2075,4441.3220,-0.062403,1.802132,1.923212,99.9348,0.0212,0.0441,3.26e-10
683,15,15,8431.6834,4441.3220,-0.046500,1.802445,1.984387,99.9136,0.0312,0.0552,1.93e-10
684,15,15,9504.9939,4441.3220,0.056953,1.802557,1.885285,99.9453,0.0222,0.0325,1.75e-10
685,15,15,9687.0788,4441.3220,0.072296,1.802359,1.920997,99.9355,0.0481,0.0165,2.13e-10
686,15,15,76733.1124,4441.3220,1.211577,1.802700,1.626233,99.9834,0.0124,0.0042,2.19e-12
687,15,15,82915.9734,4441.3220,1.247217,1.802453,1.872946,99.9483,0.0416,0.0101,2.46e-12
688,15,15,84240.0374,4441.3220,1.254484,1.802548,1.897832,99.9420,0.0107,0.0473,2.00e-12
689,15,15,84991.2388,4441.3220,1.258553,1.802506,1.911597,99.9383,0.0507,0.0110,1.81e-12
690,15,15,85640.6821,4441.3220,1.262040,1.802466,1.793363,99.9642,0.0306,0.0052,1.22e-12
691,15,15,87046.0123,4441.3220,1.269492,1.802403,1.912140,99.9381,0.0042,0.0576,1.97e-12
692,15,15,87311.5122,4441.3220,1.270886,1.802478,1.744604,99.9714,0.0071,0.0215,2.07e-12
693,15,15,87384.0827,4441.3220,1.271266,1.802745,1.852515,99.9529,0.0122,0.0348,2.18e-12
694,15,15,88464.5847,4441.3220,1.276887,1.802469,1.824944,99.9586,0.0362,0.0053,1.30e-12
695,15,15,88939.0247,4441.3220,1.279333,1.802513,2.021520,99.8975,0.0788,0.0237,1.80e-12
696,15,15,88951.0669,4441.3220,1.279395,1.802695,1.784421,99.9656,0.0097,0.0247,1.33e-12
697,15,15,91232.6667,4441.3220,1.290964,1.802504,1.979560,99.9155,0.0673,0.0172,3.03e-12
698,15,15,91726.9061,4441.3220,1.293430,1.802521,1.871416,99.9487,0.0378,0.0135,1.63e-12
699,15,15,91987.6958,4441.3220,1.294726,1.802563,1.773517,99.9673,0.0301,0.0026,1.35e-12
700,15,15,92336.6428,4441.3220,1.296453,1.802552,1.893528,99.9432,0.0409,0.0159,1.77e-12
701,15,15,92386.0358,4441.3220,1.296697,1.802539,1.937270,99.9305,0.0290,0.0405,2.24e-12
702,15,15,92575.8308,4441.3220,1.297634,1.802480,1.865593,99.9501,0.0092,0.0408,1.69e-12
703,15,15,92596.0616,4441.3220,1.297733,1.802561,1.770899,99.9677,0.0299,0.0024,3.12e-12
704,15,15,92905.9265,4441.3220,1.299257,1.802594,1.911162,99.9384,0.0214,0.0403,1.99e-12
705,15,15,93326.4885,4441.3220,1.301317,1.802493,1.967078,99.9203,0.0161,0.0637,2.21e-12
706,15,15,93523.8264,4441.3220,1.302280,1.802486,1.871341,99.9487,0.0443,0.0069,2.23e-12
707,15,15,93643.6448,4441.3220,1.302864,1.802516,1.800875,99.9629,0.0053,0.0318,1.47e-12
708,15,15,93722.9040,4441.3220,1.303250,1.802522,1.902122,99.9409,0.0306,0.0286,1.33e-12
709,15,15,94169.3962,4441.3220,1.305416,1.802509,1.999822,99.9073,0.0198,0.0730,1.59e-12
710,15,15,94283.6123,4441.3220,1.305969,1.802595,1.813956,99.9606,0.0357,0.0037,1.87e-12
711,15,15,94348.8569,4441.3220,1.306284,1.802470,1.896893,99.9423,0.0286,0.0291,1.48e-12
712,15,15,94461.2009,4441.3220,1.306826,1.802569,1.923715,99.9347,0.0095,0.0558,2.44e-12
713,15,15,94804.0738,4441.3220,1.308477,1.802473,1.969530,99.9194,0.0173,0.0634,2.69e-12
714,15,15,94810.6921,4441.3220,1.308509,1.802526,1.862676,99.9507,0.0072,0.0420,1.70e-12
715,15,15,94871.6837,4441.3220,1.308802,1.802546,1.965298,99.9209,0.0117,0.0674,1.48e-12
716,15,15,95213.7551,4441.3220,1.310442,1.802517,1.839411,99.9557,0.0348,0.0095,1.71e-12
717,15,15,95312.5509,4441.3220,1.310914,1.802487,1.930435,99.9327,0.0063,0.0610,2.23e-12
718,15,15,95586.2603,4441.3220,1.312220,1.802523,1.945420,99.9278,0.0118,0.0604,2.02e-12
719,15,15,95630.0178,4441.3220,1.312429,1.802618,1.815201,99.9604,0.0359,0.0037,1.69e-12
720,15,15,95826.1065,4441.3220,1.313362,1.802531,1.886507,99.9450,0.0183,0.0367,1.86e-12
721,15,15,96115.2642,4441.3220,1.314734,1.802551,1.868946,99.9492,0.0075,0.0433,1.88e-12
722,15,15,96157.6257,4441.3220,1.314934,1.802588,1.810399,99.9613,0.0338,0.0049,1.57e-12
723,15,15,96243.2858,4441.3220,1.315340,1.802582,1.822914,99.9589,0.0373,0.0037,3.69e-12
724,15,15,96288.0903,4441.3220,1.315552,1.802473,1.909986,99.9387,0.0398,0.0214,1.51e-12
725,15,15,96960.8711,4441.3220,1.318721,1.802548,1.900146,99.9414,0.0564,0.0022,2.06e-12
726,15,15,97676.4559,4441.3220,1.322067,1.802524,1.878348,99.9470,0.0085,0.0445,1.72e-12
727,15,15,97942.8500,4441.3220,1.323306,1.802469,1.946318,99.9276,0.0466,0.0258,3.00e-12
728,15,15,98203.3794,4441.3220,1.324515,1.802457,2.024791,99.8960,0.0926,0.0114,2.04e-12
729,15,15,98229.3496,4441.3220,1.324635,1.802525,1.907286,99.9395,0.0323,0.0283,2.00e-12
730,15,15,98441.8926,4441.3220,1.325618,1.802524,1.895088,99.9428,0.0382,0.0190,1.28e-12
731,15,15,98743.9562,4441.3220,1.327012,1.802440,1.968401,99.9198,0.0667,0.0135,2.40e-12
732,15,15,99202.9367,4441.3220,1.329120,1.802499,1.916308,99.9369,0.0120,0.0511,2.04e-12
733,15,15,100280.3699,4441.3220,1.334030,1.802578,1.841414,99.9553,0.0114,0.0333,1.33e-12
734,15,15,100628.4768,4441.3220,1.335605,1.802508,1.953221,99.9251,0.0658,0.0090,1.48e-12
735,15,15,100994.6495,4441.3220,1.337255,1.802523,1.881494,99.9463,0.0451,0.0086,9.60e-13
736,15,15,101093.9111,4441.3220,1.337701,1.802529,1.911115,99.9383,0.0563,0.0053,1.23e-12
737,15,15,101313.3094,4441.3220,1.338686,1.802447,2.008764,99.9034,0.0891,0.0075,1.77e-12
738,15,15,101523.7403,4441.3220,1.339628,1.802558,1.975778,99.9169,0.0070,0.0760,1.95e-12
739,15,15,101663.6798,4441.3220,1.340254,1.802485,1.886693,99.9450,0.0148,0.0403,1.12e-12
740,15,15,101892.3596,4441.3220,1.341274,1.802564,1.862993,99.9507,0.0051,0.0443,1.32e-12
741,15,15,101920.1212,4441.3220,1.341398,1.802591,1.846799,99.9541,0.0155,0.0304,1.83e-12
742,15,15,101981.4887,4441.3220,1.341671,1.802451,1.967257,99.9202,0.0126,0.0672,1.68e-12
743,15,15,102183.3548,4441.3220,1.342569,1.802572,1.882799,99.9459,0.0461,0.0080,1.51e-12
744,15,15,102541.5317,4441.3220,1.344158,1.802524,1.920747,99.9356,0.0080,0.0564,2.03e-12
745,15,15,103910.7428,4441.3220,1.350177,1.802535,1.867867,99.9495,0.0033,0.0471,1.36e-12
746,15,15,104145.8664,4441.3220,1.351203,1.802505,1.937845,99.9303,0.0052,0.0645,1.96e-12
747,15,15,104968.2109,4441.3220,1.354770,1.802505,1.927933,99.9334,0.0598,0.0068,1.66e-12
748,15,15,105724.0102,4441.3220,1.358023,1.802407,2.082531,99.8643,0.0110,0.1248,1.67e-12
749,15,15,105750.0110,4441.3220,1.358134,1.802439,1.991330,99.9108,0.0779,0.0113,1.46e-12
750,15,15,105960.7909,4441.3220,1.359037,1.802528,1.932425,99.9320,0.0582,0.0098,1.70e-12
751,15,15,106660.1326,4441.3220,1.362019,1.802509,1.909951,99.9387,0.0560,0.0053,1.57e-12
752,15,15,106928.2037,4441.3220,1.363156,1.802460,1.957612,99.9237,0.0096,0.0667,1.82e-12
753,15,15,107188.0617,4441.3220,1.364256,1.802475,1.918483,99.9363,0.0524,0.0113,1.46e-12
754,15,15,108302.8428,4441.3220,1.368942,1.802511,1.927322,99.9336,0.0616,0.0049,1.41e-12
755,15,15,108481.6139,4441.3220,1.369689,1.802506,1.900369,99.9413,0.0032,0.0555,1.79e-12
756,15,15,108787.8587,4441.3220,1.370966,1.802523,1.884639,99.9455,0.0523,0.0022,1.21e-12
757,15,15,109830.8906,4441.3220,1.375285,1.802489,1.951997,99.9257,0.0439,0.0304,1.43e-12
758,15,15,110407.4394,4441.3220,1.377655,1.802512,1.916937,99.9367,0.0062,0.0570,1.58e-12
759,15,15,111039.3764,4441.3220,1.380237,1.802479,1.983484,99.9140,0.0080,0.0780,1.24e-12
760,15,15,111143.6659,4441.3220,1.380662,1.802397,2.030535,99.8932,0.0148,0.0920,1.53e-12
761,15,15,111727.0667,4441.3220,1.383030,1.802474,1.973263,99.9179,0.0720,0.0101,7.71e-13
762,15,15,111891.4201,4441.3220,1.383695,1.802512,1.934414,99.9314,0.0657,0.0029,1.66e-12
763,15,15,112095.0387,4441.3220,1.384517,1.802448,2.009559,99.9030,0.0064,0.0906,2.49e-12
764,15,15,112105.3895,4441.3220,1.384559,1.802523,1.890958,99.9439,0.0526,0.0035,1.75e-12
765,15,15,112982.7593,4441.3220,1.388083,1.802484,1.959355,99.9230,0.0722,0.0048,1.51e-12
766,15,15,113342.0406,4441.3220,1.389518,1.802480,1.967716,99.9200,0.0040,0.0760,9.79e-13
767,15,15,113584.0895,4441.3220,1.390483,1.802428,1.939653,99.9298,0.0315,0.0387,1.88e-12
768,15,15,114450.1705,4441.3220,1.393915,1.802501,1.967785,99.9200,0.0745,0.0055,1.49e-12
769,15,15,114520.0424,4441.3220,1.394191,1.802495,1.928377,99.9333,0.0055,0.0612,1.18e-12
770,15,15,114616.6854,4441.3220,1.394572,1.802490,1.930259,99.9327,0.0051,0.0623,1.59e-12
771,15,15,115045.4370,4441.3220,1.396259,1.802502,1.928008,99.9333,0.0020,0.0647,1.06e-12
772,15,15,115948.1936,4441.3220,1.399789,1.802423,1.987252,99.9124,0.0070,0.0805,1.74e-12
773,15,15,116563.9602,4441.3220,1.402181,1.802538,1.902871,99.9407,0.0563,0.0030,1.13e-12
774,15,15,123343.9110,4441.3220,1.427679,1.802443,2.025527,99.8957,0.0996,0.0048,1.15e-12
775,15,15,125734.8163,4441.3220,1.436325,1.802303,2.120154,99.8386,0.0772,0.0842,1.09e-12
776,15,15,126115.7080,4441.3220,1.437687,1.802314,2.110705,99.8455,0.0769,0.0776,1.64e-12
777,15,15,126421.5263,4441.3220,1.438777,1.802311,2.112385,99.8443,0.0792,0.0765,1.30e-12
778,15,15,126968.0131,4441.3220,1.440718,1.802322,2.105076,99.8495,0.0734,0.0772,7.26e-13
779,15,15,131814.1053,4441.3220,1.457564,1.802382,2.042575,99.8870,0.0034,0.1095,9.92e-13
780,15,15,137485.3960,4441.3220,1.476483,1.802351,2.113840,99.8433,0.0050,0.1517,1.48e-12
781,15,15,139590.1970,4441.3220,1.483300,1.802277,2.131395,99.8300,0.1666,0.0034,6.59e-13
782,15,15,5460650.8732,4441.3220,3.089379,0.184576,3.516117,0.0351,99.5462,0.4187,2.54e-14
783,15,15,5464230.6683,4441.3220,3.089664,0.226402,3.516086,0.0486,0.4218,99.5296,3.15e-14
784,15,15,5491835.8319,4441.3220,3.091854,0.213098,3.516105,0.0396,96.3430,3.6174,2.13e-14
785,15,15,5495479.1059,4441.3220,3.092142,0.389075,3.515929,0.1200,3.6272,96.2529,1.82e-14
786,15,15,5530502.3748,4441.3220,3.094903,0.141560,3.516143,0.0219,7.5510,92.4271,3.82e-14
787,15,15,5533947.8116,4441.3220,3.095174,0.195111,3.516116,0.0341,92.4167,7.5492,3.80e-14
788,15,15,5724739.9862,4441.3220,3.109906,0.251415,3.516068,0.0568,87.1555,12.7877,2.95e-14
789,15,15,5724860.6408,4441.3220,3.109916,0.200262,3.516114,0.0362,12.8077,87.1561,4.79e-14
790,15,15,5734893.2247,4441.3220,3.110677,0.186189,3.516116,0.0352,98.4332,1.5316,2.09e-14
791,15,15,5736161.1897,4441.3220,3.110773,0.138483,3.516148,0.0197,1.5305,98.4498,4.38e-14
792,15,15,5742333.0263,4441.3220,3.111240,0.179795,3.516123,0.0323,9.1804,90.7873,4.99e-14
793,15,15,5742951.0516,4441.3220,3.111287,0.145603,3.516145,0.0209,90.7967,9.1824,4.64e-14
794,15,15,5752678.5748,4441.3220,3.112022,0.182253,3.516122,0.0319,92.6407,7.3274,4.76e-14
795,15,15,5755379.6468,4441.3220,3.112226,0.267151,3.516067,0.0570,7.3231,92.6200,2.74e-14
796,15,15,5791801.0034,4441.3220,3.114968,0.226290,3.516099,0.0419,19.3945,80.5636,2.76e-14
797,15,15,5792308.7520,4441.3220,3.115006,0.200163,3.516111,0.0372,80.5542,19.4086,5.54e-14
798,15,15,5821646.1295,4441.3220,3.117202,0.281525,3.516042,0.0689,39.4172,60.5140,2.44e-14
799,15,15,5821954.6060,4441.3220,3.117225,0.124029,3.516154,0.0180,60.5318,39.4502,4.36e-14
800,15,15,5847873.8400,4441.3220,3.119156,0.190049,3.516120,0.0337,64.3829,35.5835,3.01e-14
801,15,15,5849048.0633,4441.3220,3.119243,0.171780,3.516131,0.0294,35.6060,64.3647,4.33e-14
802,15,15,5850876.8774,4441.3220,3.119379,0.200542,3.516116,0.0351,1.4578,98.5071,3.69e-14
803,15,15,5851720.3759,4441.3220,3.119442,0.222629,3.516098,0.0428,98.4946,1.4625,5.08e-14
804,15,15,5857058.5576,4441.3220,3.119838,0.195845,3.516118,0.0336,97.4945,2.4719,5.51e-14
805,15,15,5857891.4150,4441.3220,3.119900,0.200898,3.516111,0.0370,2.4677,97.4953,5.88e-14
806,15,15,5864623.6046,4441.3220,3.120399,0.194990,3.516115,0.0358,91.0918,8.8724,3.24e-14
807,15,15,5866208.4940,4441.3220,3.120516,0.239125,3.516084,0.0501,8.8730,91.0769,3.24e-14
808,15,15,5885574.5547,4441.3220,3.121949,0.169452,3.516129,0.0281,2.9222,97.0497,5.63e-14
809,15,15,5886661.6416,4441.3220,3.122029,0.179437,3.516122,0.0327,97.0460,2.9213,3.99e-14
810,15,15,5913418.6899,4441.3220,3.124000,0.191601,3.516121,0.0322,4.4788,95.4890,4.33e-14
811,15,15,5914534.6427,4441.3220,3.124082,0.218040,3.516101,0.0420,95.4772,4.4809,4.31e-14
812,15,15,5920757.1114,4441.3220,3.124539,0.153237,3.516138,0.0247,97.7243,2.2510,5.14e-14
813,15,15,5921851.5783,4441.3220,3.124619,0.138265,3.516139,0.0247,2.2532,97.7221,5.06e-14
814,15,15,5929561.6622,4441.3220,3.125185,0.152650,3.516136,0.0258,4.9911,94.9832,3.02e-14
815,15,15,5930403.2594,4441.3220,3.125247,0.150217,3.516139,0.0241,94.9811,4.9948,3.22e-14
816,15,15,5935173.3009,4441.3220,3.125596,0.142784,3.516144,0.0223,58.4129,41.5647,5.57e-14
817,15,15,5935402.8214,4441.3220,3.125613,0.244498,3.516077,0.0529,41.5555,58.3916,3.66e-14
818,15,15,5936627.7822,4441.3220,3.125703,0.159232,3.516134,0.0275,0.0489,99.9236,6.72e-14
819,15,15,5937372.3723,4441.3220,3.125757,0.206729,3.516104,0.0406,99.8781,0.0813,4.53e-14
820,15,15,5942100.0743,4441.3220,3.126103,0.146325,3.516140,0.0235,91.7213,8.2551,6.21e-14
821,15,15,5943507.1917,4441.3220,3.126206,0.177084,3.516128,0.0297,8.2484,91.7219,5.02e-14
822,15,15,5945482.1856,4441.3220,3.126350,0.151213,3.516140,0.0238,92.6215,7.3548,5.08e-14
823,15,15,5946257.9964,4441.3220,3.126407,0.145668,3.516136,0.0255,7.4103,92.5642,6.18e-14
824,15,15,5950880.9199,4441.3220,3.126745,0.170037,3.516131,0.0274,8.7171,91.2555,3.90e-14
825,15,15,5951159.5091,4441.3220,3.126765,0.122335,3.516147,0.0205,91.2678,8.7118,3.63e-14
826,15,15,5958403.5809,4441.3220,3.127294,0.146127,3.516137,0.0249,77.2481,22.7270,6.00e-14
827,15,15,5959460.6945,4441.3220,3.127371,0.203626,3.516111,0.0381,22.7060,77.2559,4.48e-14
828,15,15,5963524.9891,4441.3220,3.127667,0.139838,3.516144,0.0219,70.4529,29.5252,4.43e-14
829,15,15,5964231.3552,4441.3220,3.127719,0.115383,3.516151,0.0200,29.4309,70.5491,6.60e-14
830,15,15,5968726.1286,4441.3220,3.128046,0.222761,3.516093,0.0459,95.6415,4.3126,4.10e-14
831,15,15,5968775.0459,4441.3220,3.128050,0.144060,3.516138,0.0260,0.4683,99.5057,4.65e-14
832,15,15,5969391.4232,4441.3220,3.128095,0.144045,3.516139,0.0246,4.3115,95.6639,4.12e-14
833,15,15,5969704.6614,4441.3220,3.128117,0.151217,3.516145,0.0204,99.5430,0.4367,4.24e-14
834,15,15,5971867.6298,4441.3220,3.128275,0.200577,3.516107,0.0391,0.1531,99.8078,5.62e-14
835,15,15,5974516.7791,4441.3220,3.128468,0.220852,3.516096,0.0454,99.8708,0.0838,4.28e-14
836,15,15,5978275.8709,4441.3220,3.128741,0.105047,3.516162,0.0131,99.5415,0.4454,7.89e-14
837,15,15,5980094.3794,4441.3220,3.128873,0.158700,3.516129,0.0294,0.4401,99.5305,5.60e-14
838,15,15,5985822.7557,4441.3220,3.129289,0.187389,3.516119,0.0323,99.8157,0.1520,4.30e-14
839,15,15,5988160.9363,4441.3220,3.129459,0.264685,3.516061,0.0614,0.3062,99.6325,4.69e-14
840,15,15,5990081.6254,4441.3220,3.129598,0.191668,3.516120,0.0318,96.9644,3.0038,4.50e-14
841,15,15,5990897.5101,4441.3220,3.129658,0.170336,3.516123,0.0318,2.8522,97.1161,4.33e-14
842,15,15,5993413.6794,4441.3220,3.129840,0.159221,3.516134,0.0259,76.4881,23.4861,6.37e-14
843,15,15,5994373.3298,4441.3220,3.129910,0.163077,3.516127,0.0297,99.8728,0.0975,4.76e-14
844,15,15,5994579.3597,4441.3220,3.129925,0.245592,3.516079,0.0521,23.4975,76.4504,4.47e-14
845,15,15,5994979.0461,4441.3220,3.129954,0.129125,3.516146,0.0209,0.1032,99.8759,6.62e-14
846,15,15,5995930.5062,4441.3220,3.130023,0.148055,3.516137,0.0247,23.1531,76.8222,6.90e-14
847,15,15,5997325.6178,4441.3220,3.130124,0.251310,3.516074,0.0543,76.7903,23.1554,4.46e-14
848,15,15,5998627.4339,4441.3220,3.130218,0.094539,3.516161,0.0140,18.6760,81.3099,7.64e-14
849,15,15,5999892.6645,4441.3220,3.130310,0.202552,3.516114,0.0354,81.2808,18.6839,4.77e-14
850,15,15,6017668.4632,4441.3220,3.131595,0.127190,3.516147,0.0213,82.4916,17.4871,5.71e-14
851,15,15,6018514.2733,4441.3220,3.131656,0.170219,3.516127,0.0302,17.4924,82.4774,3.26e-14
852,15,15,6023444.7680,4441.3220,3.132012,0.134273,3.516146,0.0207,90.5386,9.4408,4.93e-14
853,15,15,6023779.4532,4441.3220,3.132036,0.199141,3.516121,0.0314,9.4289,90.5397,3.36e-14
854,15,15,6033411.2961,4441.3220,3.132731,0.160688,3.516135,0.0260,5.7176,94.2564,4.89e-14
855,15,15,6035743.8786,4441.3220,3.132899,0.181210,3.516121,0.0321,94.4086,5.5592,5.02e-14
856,15,15,6040019.5290,4441.3220,3.133207,0.192603,3.516118,0.0330,76.2306,23.7365,4.64e-14
857,15,15,6040581.1961,4441.3220,3.133247,0.125013,3.516150,0.0196,23.5779,76.4025,5.42e-14
858,15,15,6046010.6225,4441.3220,3.133638,0.153137,3.516137,0.0248,9.1498,90.8254,4.80e-14
859,15,15,6046450.3711,4441.3220,3.133669,0.154585,3.516139,0.0235,90.7931,9.1834,5.70e-14
860,15,15,6050203.0887,4441.3220,3.133939,0.137304,3.516141,0.0238,33.6861,66.2901,4.57e-14
861,15,15,6050781.8865,4441.3220,3.133980,0.125820,3.516148,0.0212,66.3278,33.6509,5.21e-14
862,15,15,6059007.8433,4441.3220,3.134571,0.118416,3.516146,0.0217,53.2371,46.7413,4.91e-14
863,15,15,6060009.4498,4441.3220,3.134643,0.162393,3.516137,0.0232,46.7462,53.2306,4.25e-14
864,15,15,6065974.4817,4441.3220,3.135070,0.146792,3.516139,0.0251,97.0030,2.9719,5.71e-14
865,15,15,6066335.5171,4441.3220,3.135096,0.139135,3.516141,0.0234,5.5994,94.3772,5.31e-14
866,15,15,6066885.4370,4441.3220,3.135135,0.135513,3.516141,0.0238,78.1808,21.7954,6.95e-14
867,15,15,6067479.0612,4441.3220,3.135178,0.142571,3.516142,0.0219,20.3250,79.6531,5.37e-14
868,15,15,6068215.5941,4441.3220,3.135231,0.168955,3.516129,0.0287,0.3508,99.6205,4.88e-14
869,15,15,6068607.0730,4441.3220,3.135259,0.189649,3.516119,0.0341,97.5616,2.4044,5.91e-14
870,15,15,6070009.4712,4441.3220,3.135359,0.173002,3.516127,0.0298,2.8932,97.0770,6.30e-14
871,15,15,6070540.1578,4441.3220,3.135397,0.161818,3.516133,0.0263,97.9350,2.0388,5.68e-14
872,15,15,6072300.3838,4441.3220,3.135523,0.114486,3.516152,0.0190,1.3419,98.6391,4.38e-14
873,15,15,6073207.8190,4441.3220,3.135588,0.165212,3.516129,0.0288,62.6747,37.2964,5.55e-14
874,15,15,6073422.8562,4441.3220,3.135604,0.149767,3.516138,0.0250,37.3085,62.6664,5.58e-14
875,15,15,6073890.2419,4441.3220,3.135637,0.183601,3.516120,0.0321,98.6409,1.3269,4.57e-14
876,15,15,6084926.9718,4441.3220,3.136426,0.142777,3.516145,0.0219,99.8130,0.1651,5.66e-14
877,15,15,6086540.4788,4441.3220,3.136541,0.233831,3.516090,0.0463,0.1672,99.7865,4.16e-14
878,15,15,6090363.0549,4441.3220,3.136814,0.141341,3.516145,0.0212,99.4462,0.5326,5.20e-14
879,15,15,6090981.6931,4441.3220,3.136858,0.143044,3.516139,0.0251,1.6955,98.2795,5.26e-14
880,15,15,6092211.4145,4441.3220,3.136946,0.147120,3.516139,0.0242,97.6230,2.3528,4.74e-14
881,15,15,6092805.4659,4441.3220,3.136988,0.149155,3.516141,0.0233,1.2152,98.7614,5.92e-14
882,15,15,6099201.0921,4441.3220,3.137444,0.139669,3.516147,0.0213,99.8578,0.1210,5.53e-14
883,15,15,6100025.9897,4441.3220,3.137503,0.172638,3.516128,0.0287,1.3405,98.6308,5.14e-14
884,15,15,6100720.5726,4441.3220,3.137553,0.146978,3.516140,0.0238,49.1368,50.8395,4.77e-14
885,15,15,6101686.5402,4441.3220,3.137621,0.109207,3.516157,0.0165,50.0564,49.9271,4.73e-14
886,15,15,6101945.9331,4441.3220,3.137640,0.118117,3.516146,0.0223,81.8920,18.0857,4.61e-14
887,15,15,6102952.7604,4441.3220,3.137712,0.087087,3.516165,0.0134,17.6386,82.3480,7.05e-14
888,15,15,6105029.6623,4441.3220,3.137859,0.152726,3.516141,0.0229,97.9996,1.9775,5.29e-14
889,15,15,6105833.4693,4441.3220,3.137917,0.181352,3.516125,0.0287,1.9825,97.9888,5.73e-14
890,15,15,6110305.7777,4441.3220,3.138235,0.123505,3.516151,0.0203,97.6297,2.3500,6.66e-14
891,15,15,6110598.5637,4441.3220,3.138256,0.177600,3.516119,0.0338,2.3394,97.6267,4.96e-14
892,15,15,6114110.3679,4441.3220,3.138505,0.184402,3.516115,0.0351,74.1657,25.7993,6.25e-14
893,15,15,6114448.3936,4441.3220,3.138529,0.128778,3.516146,0.0203,25.8091,74.1706,7.27e-14
894,15,15,6121752.8538,4441.3220,3.139048,0.116760,3.516152,0.0184,57.6592,42.3225,4.81e-14
895,15,15,6122103.3182,4441.3220,3.139073,0.139030,3.516142,0.0234,42.3140,57.6625,5.00e-14
896,15,15,6139773.8184,4441.3220,3.140326,0.170903,3.516127,0.0286,94.4565,5.5149,4.86e-14
897,15,15,6140381.7289,4441.3220,3.140369,0.123772,3.516148,0.0208,6.9928,92.9864,5.51e-14
898,15,15,6141210.1779,4441.3220,3.140428,0.161312,3.516134,0.0261,93.6568,6.3171,4.69e-14
899,15,15,6141988.3635,4441.3220,3.140483,0.145414,3.516136,0.0255,4.8569,95.1176,6.03e-14
900,15,15,6145249.9436,4441.3220,3.140713,0.169111,3.516136,0.0243,92.1922,7.7836,4.59e-14
901,15,15,6145552.3378,4441.3220,3.140735,0.145917,3.516142,0.0228,7.8492,92.1280,6.28e-14
902,15,15,6146225.0385,4441.3220,3.140782,0.159159,3.516137,0.0242,0.3057,99.6701,4.36e-14
903,15,15,6146398.6614,4441.3220,3.140795,0.149415,3.516144,0.0210,99.8322,0.1468,6.29e-14
904,15,15,6147321.9189,4441.3220,3.140860,0.168648,3.516134,0.0256,0.1150,99.8594,6.55e-14
905,15,15,6148186.1362,4441.3220,3.140921,0.241282,3.516080,0.0519,99.6481,0.3000,4.29e-14
906,15,15,6151214.1199,4441.3220,3.141135,0.133314,3.516144,0.0222,98.4170,1.5609,4.53e-14
907,15,15,6151764.9130,4441.3220,3.141174,0.139605,3.516143,0.0232,1.5098,98.4670,5.05e-14
908,15,15,6158621.4068,4441.3220,3.141658,0.142092,3.516145,0.0218,99.4315,0.5468,3.43e-14
909,15,15,6159301.8124,4441.3220,3.141706,0.097419,3.516157,0.0168,6.1911,93.7922,5.85e-14
910,15,15,6159611.3463,4441.3220,3.141728,0.118083,3.516152,0.0176,22.6584,77.3240,5.42e-14
911,15,15,6160159.8148,4441.3220,3.141766,0.139815,3.516140,0.0251,71.6829,28.2921,5.15e-14
912,15,15,6161340.4947,4441.3220,3.141850,0.099954,3.516161,0.0144,99.2040,0.7817,7.27e-14
913,15,15,6162379.3676,4441.3220,3.141923,0.169696,3.516126,0.0305,2.1548,97.8147,4.94e-14
914,15,15,6163025.9127,4441.3220,3.141969,0.184288,3.516124,0.0313,1.1294,98.8393,5.25e-14
915,15,15,6163457.5510,4441.3220,3.141999,0.213732,3.516099,0.0420,97.4147,2.5433,4.94e-14
916,15,15,6167391.4365,4441.3220,3.142276,0.088550,3.516164,0.0122,21.9295,78.0583,8.54e-14
917,15,15,6168368.7591,4441.3220,3.142345,0.141305,3.516142,0.0220,78.0400,21.9380,5.66e-14
918,15,15,6171616.5256,4441.3220,3.142574,0.159671,3.516133,0.0278,13.2641,86.7081,5.36e-14
919,15,15,6172373.7855,4441.3220,3.142627,0.143631,3.516141,0.0235,53.0048,46.9717,7.92e-14
920,15,15,6172632.4934,4441.3220,3.142646,0.138134,3.516146,0.0213,46.2387,53.7400,4.84e-14
921,15,15,6173421.6958,4441.3220,3.142701,0.140720,3.516138,0.0262,87.4479,12.5259,6.88e-14
922,15,15,6176201.2258,4441.3220,3.142897,0.091210,3.516159,0.0148,0.2460,99.7392,7.23e-14
923,15,15,6176827.6305,4441.3220,3.142941,0.155751,3.516138,0.0250,99.7366,0.2383,3.72e-14
924,15,15,6193258.9564,4441.3220,3.144095,0.190268,3.516120,0.0334,40.5266,59.4400,5.74e-14
925,15,15,6194305.3879,4441.3220,3.144169,0.188172,3.516116,0.0359,59.3314,40.6327,5.01e-14
926,15,15,6194763.9467,4441.3220,3.144201,0.141888,3.516146,0.0212,21.0993,78.8794,4.92e-14
927,15,15,6195655.4789,4441.3220,3.144264,0.151364,3.516139,0.0246,78.9428,21.0326,5.29e-14
928,15,15,6197849.8102,4441.3220,3.144417,0.117345,3.516154,0.0171,2.6218,97.3611,6.14e-14
929,15,15,6198553.7537,4441.3220,3.144467,0.128735,3.516149,0.0206,97.3820,2.5973,5.56e-14
930,15,15,6200393.1377,4441.3220,3.144596,0.107961,3.516159,0.0161,95.5209,4.4629,6.41e-14
931,15,15,6201239.4116,4441.3220,3.144655,0.128484,3.516146,0.0210,4.4681,95.5109,5.59e-14
932,15,15,6209002.5332,4441.3220,3.145199,0.125927,3.516148,0.0205,42.0117,57.9678,5.42e-14
933,15,15,6209707.4056,4441.3220,3.145248,0.129900,3.516149,0.0185,58.0804,41.9011,6.49e-14
934,15,15,6210819.6284,4441.3220,3.145326,0.104231,3.516159,0.0162,2.9144,97.0693,4.15e-14
935,15,15,6211206.7680,4441.3220,3.145353,0.117007,3.516153,0.0188,96.9927,2.9885,7.21e-14
936,15,15,6211430.0614,4441.3220,3.145369,0.107131,3.516156,0.0174,98.0391,1.9435,6.91e-14
937,15,15,6212664.8679,4441.3220,3.145455,0.201609,3.516112,0.0382,1.9550,98.0067,5.84e-14
938,15,15,6215944.0911,4441.3220,3.145684,0.148953,3.516139,0.0227,21.5262,78.4511,5.78e-14
939,15,15,6216460.7503,4441.3220,3.145721,0.116105,3.516154,0.0186,78.4728,21.5086,5.25e-14
940,15,15,6217187.6631,4441.3220,3.145771,0.184156,3.516119,0.0327,79.3709,20.5965,6.53e-14
941,15,15,6217913.1096,4441.3220,3.145822,0.106523,3.516154,0.0159,97.6972,2.2869,5.67e-14
942,15,15,6218076.1732,4441.3220,3.145833,0.134084,3.516146,0.0227,21.7730,78.2042,8.28e-14
943,15,15,6218281.4352,4441.3220,3.145848,0.125958,3.516152,0.0185,1.0677,98.9138,6.62e-14
944,15,15,6221713.3394,4441.3220,3.146088,0.136934,3.516144,0.0218,81.7257,18.2525,5.74e-14
945,15,15,6222347.5255,4441.3220,3.146132,0.123102,3.516153,0.0168,18.2664,81.7168,7.41e-14
946,15,15,6225755.3164,4441.3220,3.146370,0.144847,3.516140,0.0236,56.2667,43.7097,6.84e-14
947,15,15,6226422.3165,4441.3220,3.146416,0.189858,3.516122,0.0337,44.2785,55.6878,5.95e-14
948,15,15,6227136.0863,4441.3220,3.146466,0.128175,3.516151,0.0186,91.0735,8.9080,4.70e-14
949,15,15,6227733.3855,4441.3220,3.146508,0.106488,3.516155,0.0165,8.4461,91.5374,5.54e-14
950,15,15,6230266.9705,4441.3220,3.146685,0.136577,3.516148,0.0192,78.3448,21.6360,4.69e-14
951,15,15,6230825.3269,4441.3220,3.146724,0.094439,3.516158,0.0159,21.6451,78.3390,6.08e-14
952,15,15,6233332.2910,4441.3220,3.146898,0.120587,3.516150,0.0182,96.3929,3.5889,5.15e-14
953,15,15,6234277.6592,4441.3220,3.146964,0.121901,3.516149,0.0186,3.4679,96.5134,5.18e-14
954,15,15,6238286.7192,4441.3220,3.147244,0.141991,3.516139,0.0239,96.4816,3.4945,5.89e-14
955,15,15,6240108.3365,4441.3220,3.147371,0.145591,3.516143,0.0220,3.4711,96.5069,5.75e-14
956,15,15,6242051.8006,4441.3220,3.147506,0.155397,3.516139,0.0236,81.1022,18.8742,6.54e-14
957,15,15,6242378.0711,4441.3220,3.147529,0.157766,3.516138,0.0248,3.8916,96.0836,6.28e-14
958,15,15,6242734.7886,4441.3220,3.147554,0.130122,3.516148,0.0200,16.0042,83.9758,5.38e-14
959,15,15,6243630.3774,4441.3220,3.147616,0.205350,3.516110,0.0382,98.0666,1.8952,6.02e-14
960,15,15,6244159.9936,4441.3220,3.147653,0.146762,3.516142,0.0221,86.0486,13.9293,6.09e-14
961,15,15,6244851.0883,4441.3220,3.147701,0.152144,3.516137,0.0246,14.8125,85.1628,5.02e-14
962,15,15,6247355.7920,4441.3220,3.147875,0.189945,3.516111,0.0357,71.5444,28.4199,5.26e-14
963,15,15,6247981.2841,4441.3220,3.147919,0.134374,3.516145,0.0223,28.4156,71.5621,5.89e-14
964,15,15,6251438.1815,4441.3220,3.148159,0.122959,3.516153,0.0173,82.3394,17.6433,4.70e-14
965,15,15,6251802.4202,4441.3220,3.148184,0.118018,3.516153,0.0173,17.6372,82.3455,6.13e-14
966,15,15,6255392.6093,4441.3220,3.148434,0.117607,3.516154,0.0162,88.5312,11.4526,5.54e-14
967,15,15,6256029.3053,4441.3220,3.148478,0.117345,3.516157,0.0174,11.4637,88.5189,6.73e-14
968,15,15,6258731.4963,4441.3220,3.148666,0.119928,3.516153,0.0185,21.9542,78.0273,6.22e-14
969,15,15,6258893.7441,4441.3220,3.148677,0.110674,3.516152,0.0173,78.0495,21.9332,5.89e-14
970,15,15,6260069.0322,4441.3220,3.148759,0.137595,3.516149,0.0187,97.8896,2.0917,6.30e-14
971,15,15,6260512.2782,4441.3220,3.148789,0.112137,3.516151,0.0182,2.1243,97.8576,5.08e-14
972,15,15,6264607.9913,4441.3220,3.149074,0.109758,3.516156,0.0159,97.5516,2.4325,5.00e-14
973,15,15,6265370.1890,4441.3220,3.149127,0.092901,3.516162,0.0140,2.4807,97.5053,8.64e-14
974,15,15,6266380.7859,4441.3220,3.149197,0.111085,3.516159,0.0156,1.0640,98.9204,8.78e-14
975,15,15,6267210.1585,4441.3220,3.149254,0.168940,3.516129,0.0274,98.6455,1.3271,3.05e-14
976,15,15,6267419.0270,4441.3220,3.149269,0.132457,3.516147,0.0205,52.3980,47.5816,6.32e-14
977,15,15,6267611.0056,4441.3220,3.149282,0.160755,3.516135,0.0281,47.7226,52.2493,5.98e-14
978,15,15,6269150.2520,4441.3220,3.149389,0.098811,3.516163,0.0126,99.7342,0.2532,6.41e-14
979,15,15,6271224.5093,4441.3220,3.149532,0.144157,3.516142,0.0237,0.2188,99.7575,5.89e-14
980,15,15,6272703.1278,4441.3220,3.149635,0.105396,3.516153,0.0171,99.7037,0.2792,6.28e-14
981,15,15,6274189.4459,4441.3220,3.149738,0.138609,3.516142,0.0237,0.3581,99.6183,7.12e-14
982,15,15,6275029.8452,4441.3220,3.149796,0.114692,3.516156,0.0168,92.9864,6.9968,6.30e-14
983,15,15,6275318.9226,4441.3220,3.149816,0.184871,3.516122,0.0311,6.9625,93.0065,5.47e-14
984,15,15,6278888.5705,4441.3220,3.150063,0.161342,3.516131,0.0268,0.5618,99.4114,6.91e-14
985,15,15,6279039.9085,4441.3220,3.150074,0.131555,3.516146,0.0204,79.3744,20.6052,6.28e-14
986,15,15,6279437.7384,4441.3220,3.150101,0.161343,3.516132,0.0281,20.1497,79.8222,7.70e-14
987,15,15,6279886.5690,4441.3220,3.150132,0.201113,3.516112,0.0368,99.8985,0.0647,4.49e-14
988,15,15,6281374.8130,4441.3220,3.150235,0.168932,3.516126,0.0288,10.8788,89.0924,8.35e-14
989,15,15,6281588.7802,4441.3220,3.150250,0.088512,3.516165,0.0130,53.4443,46.5426,7.37e-14
990,15,15,6281696.7085,4441.3220,3.150258,0.105795,3.516160,0.0123,36.5408,63.4468,8.05e-14
991,15,15,6282368.6459,4441.3220,3.150304,0.096297,3.516162,0.0121,98.5669,1.4210,7.05e-14
992,15,15,6286670.5157,4441.3220,3.150602,0.119618,3.516153,0.0158,51.5239,48.4603,5.89e-14
993,15,15,6286787.3757,4441.3220,3.150610,0.099433,3.516159,0.0133,48.9228,51.0639,6.94e-14
994,15,15,6289162.3435,4441.3220,3.150774,0.114777,3.516152,0.0189,4.0624,95.9187,5.75e-14
995,15,15,6289820.2274,4441.3220,3.150819,0.142151,3.516144,0.0204,95.9278,4.0518,5.56e-14
996,15,15,6298750.1904,4441.3220,3.151436,0.131992,3.516143,0.0218,1.4541,98.5241,6.31e-14
997,15,15,6298904.9950,4441.3220,3.151446,0.113286,3.516156,0.0173,7.9241,92.0586,8.92e-14
998,15,15,6299773.9455,4441.3220,3.151506,0.147958,3.516141,0.0219,91.9976,7.9805,7.24e-14
999,15,15,6299941.3471,4441.3220,3.151518,0.147242,3.516139,0.0221,97.4792,2.4986,6.06e-14
1000,15,15,6300856.9067,4441.3220,3.151581,0.119351,3.516155,0.0158,38.5497,61.4345,8.28e-14
1001,15,15,6301869.7108,4441.3220,3.151651,0.139360,3.516148,0.0183,62.3608,37.6209,6.29e-14
1002,15,15,6304740.9953,4441.3220,3.151849,0.126773,3.516145,0.0213,4.6262,95.3525,5.40e-14
1003,15,15,6305121.8892,4441.3220,3.151875,0.161389,3.516131,0.0271,93.3441,6.6288,5.12e-14
1004,15,15,6306414.2197,4441.3220,3.151964,0.121531,3.516150,0.0201,52.6907,47.2892,7.19e-14
1005,15,15,6306474.6907,4441.3220,3.151968,0.130403,3.516148,0.0180,50.4516,49.5304,4.88e-14
1006,15,15,6307076.6292,4441.3220,3.152010,0.067820,3.516171,0.0095,98.6054,1.3851,1.04e-13
1007,15,15,6307759.4285,4441.3220,3.152057,0.091317,3.516162,0.0142,1.7306,98.2552,7.20e-14
1008,15,15,6307929.0568,4441.3220,3.152069,0.116862,3.516154,0.0169,95.4667,4.5165,7.53e-14
1009,15,15,6308213.9417,4441.3220,3.152088,0.111250,3.516156,0.0165,3.2089,96.7746,6.22e-14
1010,15,15,6310920.1836,4441.3220,3.152275,0.062148,3.516177,0.0086,36.5491,63.4422,6.98e-14
1011,15,15,6311703.8829,4441.3220,3.152329,0.083724,3.516165,0.0141,63.4188,36.5671,6.41e-14
1012,15,15,6317122.0354,4441.3220,3.152702,0.111916,3.516154,0.0172,3.4358,96.5470,6.30e-14
1013,15,15,6317342.1902,4441.3220,3.152717,0.095105,3.516164,0.0143,96.5820,3.4037,7.79e-14
1014,15,15,6318516.1905,4441.3220,3.152797,0.084303,3.516166,0.0129,97.2774,2.7097,7.47e-14
1015,15,15,6319332.6979,4441.3220,3.152854,0.094439,3.516162,0.0137,3.2633,96.7230,7.47e-14
1016,15,15,6321297.2351,4441.3220,3.152989,0.127628,3.516154,0.0142,97.0965,2.8893,7.13e-14
1017,15,15,6321689.8263,4441.3220,3.153016,0.124039,3.516153,0.0167,4.1613,95.8220,6.51e-14
1018,15,15,6322100.1710,4441.3220,3.153044,0.100335,3.516157,0.0166,35.5780,64.4054,6.26e-14
1019,15,15,6322476.4022,4441.3220,3.153070,0.158558,3.516134,0.0253,63.2635,36.7112,6.22e-14
1020,15,15,6322893.0406,4441.3220,3.153098,0.109782,3.516158,0.0151,97.7851,2.1997,6.75e-14
1021,15,15,6324057.3571,4441.3220,3.153178,0.139751,3.516141,0.0224,98.2742,1.7034,7.85e-14
1022,15,15,6324625.1189,4441.3220,3.153217,0.093393,3.516163,0.0137,92.6460,7.3404,7.72e-14
1023,15,15,6324653.1033,4441.3220,3.153219,0.159611,3.516132,0.0273,7.8239,92.1489,5.99e-14
1024,15,15,6324883.7119,4441.3220,3.153235,0.126381,3.516149,0.0203,3.0021,96.9776,8.76e-14
1025,15,15,6325413.9143,4441.3220,3.153272,0.096770,3.516160,0.0158,0.7540,99.2302,7.64e-14
1026,15,15,6327053.2128,4441.3220,3.153384,0.072905,3.516168,0.0108,89.1662,10.8230,8.99e-14
1027,15,15,6327262.2974,4441.3220,3.153399,0.096852,3.516160,0.0146,45.7593,54.2261,1.12e-13
1028,15,15,6327611.3047,4441.3220,3.153423,0.103288,3.516160,0.0166,10.6461,89.3373,5.62e-14
1029,15,15,6328962.0605,4441.3220,3.153515,0.217737,3.516097,0.0432,54.1466,45.8102,6.11e-14
1030,15,15,6330505.1489,4441.3220,3.153621,0.083078,3.516167,0.0124,11.5615,88.4261,7.62e-14
1031,15,15,6330633.4885,4441.3220,3.153630,0.103653,3.516159,0.0145,88.2213,11.7642,7.03e-14
1032,15,15,6331516.6280,4441.3220,3.153691,0.086419,3.516168,0.0120,23.7882,76.1998,7.41e-14
1033,15,15,6331715.2629,4441.3220,3.153704,0.113465,3.516158,0.0171,84.6104,15.3725,6.99e-14
1034,15,15,6332623.1340,4441.3220,3.153767,0.106801,3.516157,0.0147,81.4018,18.5834,5.98e-14
1035,15,15,6332882.7767,4441.3220,3.153785,0.110975,3.516151,0.0182,9.5711,90.4107,7.39e-14
1036,15,15,6335269.4677,4441.3220,3.153948,0.072014,3.516171,0.0111,1.4932,98.4957,6.84e-14
1037,15,15,6335775.4235,4441.3220,3.153983,0.116239,3.516155,0.0155,98.4777,1.5067,6.13e-14
1038,15,15,6339264.2704,4441.3220,3.154222,0.083429,3.516163,0.0124,80.8242,19.1635,7.93e-14
1039,15,15,6339596.5810,4441.3220,3.154245,0.095532,3.516163,0.0139,19.3002,80.6859,7.89e-14
1040,15,15,6340839.5472,4441.3220,3.154330,0.108010,3.516163,0.0121,99.2337,0.7542,6.98e-14
1041,15,15,6341238.6937,4441.3220,3.154358,0.098226,3.516164,0.0130,0.8418,99.1452,6.71e-14
1042,15,15,6341844.1766,4441.3220,3.154399,0.091846,3.516167,0.0141,0.7078,99.2780,7.82e-14
1043,15,15,6342502.5825,4441.3220,3.154444,0.106938,3.516158,0.0166,48.2972,51.6862,8.53e-14
1044,15,15,6342719.0670,4441.3220,3.154459,0.120725,3.516149,0.0187,51.8238,48.1575,8.72e-14
1045,15,15,6343011.9607,4441.3220,3.154479,0.097893,3.516163,0.0142,92.9288,7.0570,7.33e-14
1046,15,15,6343432.9526,4441.3220,3.154508,0.132030,3.516149,0.0194,97.3257,2.6549,7.35e-14
1047,15,15,6343610.6593,4441.3220,3.154520,0.129116,3.516148,0.0188,9.8634,90.1178,7.60e-14
1048,15,15,6343782.6425,4441.3220,3.154532,0.130932,3.516147,0.0192,6.9869,92.9939,7.06e-14
1049,15,15,6344042.2368,4441.3220,3.154550,0.118523,3.516154,0.0155,91.7826,8.2019,6.51e-14
1050,15,15,6344795.7436,4441.3220,3.154601,0.105748,3.516158,0.0137,5.2761,94.7102,5.87e-14
1051,15,15,6345014.1646,4441.3220,3.154616,0.097891,3.516160,0.0151,95.0326,4.9524,8.99e-14
1052,15,15,6346692.1695,4441.3220,3.154731,0.095564,3.516163,0.0115,32.5329,67.4556,7.99e-14
1053,15,15,6346930.7092,4441.3220,3.154747,0.106503,3.516158,0.0134,67.4516,32.5350,4.96e-14
1054,15,15,6349193.8489,4441.3220,3.154902,0.103483,3.516157,0.0162,95.1807,4.8031,8.14e-14
1055,15,15,6350280.4156,4441.3220,3.154977,0.170312,3.516128,0.0301,5.3644,94.6055,6.43e-14
1056,15,15,6350654.3934,4441.3220,3.155002,0.111252,3.516155,0.0162,59.9498,40.0340,8.52e-14
1057,15,15,6350894.6622,4441.3220,3.155019,0.135915,3.516146,0.0187,39.1043,60.8770,7.88e-14
1058,15,15,6352002.2501,4441.3220,3.155095,0.086355,3.516166,0.0118,4.6018,95.3864,6.73e-14
1059,15,15,6352718.9678,4441.3220,3.155144,0.094368,3.516158,0.0146,95.3542,4.6312,5.96e-14
1060,15,15,6353929.0625,4441.3220,3.155226,0.103990,3.516159,0.0152,4.8332,95.1516,8.62e-14
1061,15,15,6355003.4327,4441.3220,3.155300,0.103623,3.516156,0.0155,95.1819,4.8026,7.70e-14
1062,15,15,6356000.5492,4441.3220,3.155368,0.096136,3.516160,0.0137,21.7659,78.2205,7.48e-14
1063,15,15,6356766.9974,4441.3220,3.155420,0.090049,3.516164,0.0126,78.1045,21.8829,7.19e-14
1064,15,15,6358682.6213,4441.3220,3.155551,0.083061,3.516166,0.0118,36.3041,63.6841,7.60e-14
1065,15,15,6359337.8822,4441.3220,3.155596,0.063817,3.516173,0.0115,63.8126,36.1759,7.84e-14
1066,15,15,6363326.0970,4441.3220,3.155869,0.080796,3.516166,0.0107,95.0639,4.9254,8.87e-14
1067,15,15,6363869.1494,4441.3220,3.155906,0.092218,3.516164,0.0128,29.3625,70.6247,7.72e-14
1068,15,15,6364383.5840,4441.3220,3.155941,0.101511,3.516161,0.0139,63.6401,36.3460,7.97e-14
1069,15,15,6364663.8938,4441.3220,3.155960,0.120768,3.516155,0.0175,11.0071,88.9753,7.22e-14
1070,15,15,6365326.5869,4441.3220,3.156005,0.102724,3.516156,0.0153,24.1263,75.8584,7.02e-14
1071,15,15,6365903.7148,4441.3220,3.156045,0.114451,3.516156,0.0168,57.3082,42.6750,8.19e-14
1072,15,15,6366154.4510,4441.3220,3.156062,0.098816,3.516158,0.0143,55.0482,44.9375,7.55e-14
1073,15,15,6366467.0457,4441.3220,3.156083,0.121060,3.516151,0.0165,64.3977,35.5858,7.51e-14
1074,15,15,6367652.0064,4441.3220,3.156164,0.108218,3.516159,0.0159,3.5010,96.4832,7.20e-14
1075,15,15,6368114.1997,4441.3220,3.156196,0.102108,3.516158,0.0159,52.5636,47.4206,9.22e-14
1076,15,15,6368347.9506,4441.3220,3.156212,0.105418,3.516153,0.0155,71.3920,28.5925,9.16e-14
1077,15,15,6368592.7037,4441.3220,3.156228,0.148263,3.516143,0.0235,40.0035,59.9730,5.97e-14
1078,15,15,6368684.7669,4441.3220,3.156235,0.144291,3.516141,0.0212,47.7084,52.2704,7.27e-14
1079,15,15,6368804.0122,4441.3220,3.156243,0.123281,3.516150,0.0196,51.4445,48.5359,7.28e-14
1080,15,15,6368867.2405,4441.3220,3.156247,0.125036,3.516145,0.0199,37.5785,62.4016,7.33e-14
1081,15,15,6370093.1458,4441.3220,3.156331,0.133642,3.516148,0.0189,95.7286,4.2525,7.36e-14
1082,15,15,6371506.5016,4441.3220,3.156427,0.087849,3.516164,0.0120,82.4652,17.5228,7.98e-14
1083,15,15,6371913.8542,4441.3220,3.156455,0.110483,3.516160,0.0166,17.6689,82.3146,8.56e-14
1084,15,15,6372261.3974,4441.3220,3.156479,0.091578,3.516163,0.0118,76.5542,23.4340,5.87e-14
1085,15,15,6373079.5816,4441.3220,3.156534,0.094215,3.516163,0.0124,23.3280,76.6596,8.50e-14
1086,15,15,6373509.2065,4441.3220,3.156564,0.094981,3.516161,0.0157,92.3176,7.6668,7.18e-14
1087,15,15,6373927.4505,4441.3220,3.156592,0.140884,3.516141,0.0224,7.8125,92.1651,8.08e-14
1088,15,15,6374378.9749,4441.3220,3.156623,0.143407,3.516144,0.0207,35.8368,64.1425,6.17e-14
1089,15,15,6374759.0386,4441.3220,3.156649,0.127487,3.516151,0.0209,64.3264,35.6527,7.05e-14
1090,15,15,6377296.3761,4441.3220,3.156822,0.088792,3.516166,0.0114,78.1899,21.7987,5.84e-14
1091,15,15,6378241.0142,4441.3220,3.156886,0.090380,3.516166,0.0138,21.9198,78.0664,6.80e-14
1092,15,15,6378800.7351,4441.3220,3.156924,0.088265,3.516166,0.0127,3.1075,96.8798,8.03e-14
1093,15,15,6379072.9143,4441.3220,3.156943,0.114092,3.516157,0.0161,96.7828,3.2010,7.39e-14
1094,15,15,6379596.7073,4441.3220,3.156979,0.115360,3.516153,0.0178,0.9200,99.0622,8.93e-14
1095,15,15,6379768.6594,4441.3220,3.156990,0.105466,3.516159,0.0151,98.8522,1.1327,9.10e-14
1096,15,15,6381487.2235,4441.3220,3.157107,0.080090,3.516171,0.0105,4.2424,95.7470,8.75e-14
1097,15,15,6381667.1486,4441.3220,3.157120,0.096108,3.516163,0.0126,95.8203,4.1672,6.67e-14
1098,15,15,6381780.1301,4441.3220,3.157127,0.128141,3.516150,0.0208,75.9980,23.9812,6.52e-14
1099,15,15,6382645.2557,4441.3220,3.157186,0.122455,3.516151,0.0178,24.3534,75.6289,6.00e-14
1100,15,15,6383275.9111,4441.3220,3.157229,0.100835,3.516162,0.0162,81.2919,18.6919,6.84e-14
1101,15,15,6383351.3535,4441.3220,3.157234,0.109026,3.516160,0.0170,29.4378,70.5453,7.92e-14
1102,15,15,6383723.8203,4441.3220,3.157260,0.101464,3.516160,0.0158,47.8457,52.1385,8.24e-14
1103,15,15,6383988.1793,4441.3220,3.157278,0.091520,3.516161,0.0135,40.8617,59.1248,7.54e-14
1104,15,15,6385528.6303,4441.3220,3.157382,0.076295,3.516173,0.0101,2.1845,97.8054,9.87e-14
1105,15,15,6386435.7715,4441.3220,3.157444,0.075480,3.516168,0.0115,97.5026,2.4859,6.46e-14
1106,15,15,6387047.6666,4441.3220,3.157486,0.104569,3.516162,0.0140,2.9081,97.0779,8.29e-14
1107,15,15,6387403.2317,4441.3220,3.157510,0.087779,3.516166,0.0130,92.8144,7.1726,9.83e-14
1108,15,15,6387794.5113,4441.3220,3.157537,0.096733,3.516159,0.0155,7.9318,92.0527,8.60e-14
1109,15,15,6388432.7810,4441.3220,3.157580,0.139010,3.516144,0.0235,97.1114,2.8652,7.60e-14
1110,15,15,6389069.1097,4441.3220,3.157623,0.074717,3.516170,0.0102,87.7041,12.2856,8.63e-14
1111,15,15,6389949.2217,4441.3220,3.157683,0.085278,3.516166,0.0110,71.9609,28.0282,5.89e-14
1112,15,15,6390334.9593,4441.3220,3.157709,0.101613,3.516161,0.0146,19.7713,80.2141,7.15e-14
1113,15,15,6390707.9700,4441.3220,3.157735,0.082126,3.516168,0.0107,92.1050,7.8843,8.71e-14
1114,15,15,6390768.1605,4441.3220,3.157739,0.096430,3.516162,0.0147,22.9783,77.0070,6.61e-14
1115,15,15,6391343.2148,4441.3220,3.157778,0.118944,3.516153,0.0157,5.2990,94.6853,7.76e-14
1116,15,15,6391687.5584,4441.3220,3.157801,0.107043,3.516159,0.0139,46.5647,53.4215,8.00e-14
1117,15,15,6392041.7540,4441.3220,3.157825,0.094063,3.516163,0.0133,53.5765,46.4101,9.28e-14
1118,15,15,6393503.7045,4441.3220,3.157925,0.087268,3.516167,0.0118,98.6229,1.3652,7.05e-14
1119,15,15,6393684.0758,4441.3220,3.157937,0.116176,3.516150,0.0172,8.9316,91.0512,7.44e-14
1120,15,15,6393848.4416,4441.3220,3.157948,0.070647,3.516169,0.0116,90.7924,9.1960,9.09e-14
1121,15,15,6394238.3325,4441.3220,3.157975,0.054785,3.516177,0.0101,82.4680,17.5219,9.39e-14
1122,15,15,6394469.6195,4441.3220,3.157991,0.101693,3.516162,0.0143,27.9550,72.0307,8.08e-14
1123,15,15,6394643.1005,4441.3220,3.158002,0.094365,3.516164,0.0116,40.2455,59.7429,7.73e-14
1124,15,15,6394786.5047,4441.3220,3.158012,0.103632,3.516160,0.0138,49.2302,50.7560,5.97e-14
1125,15,15,6394907.7845,4441.3220,3.158020,0.073169,3.516168,0.0118,90.9168,9.0714,8.87e-14
1126,15,15,6395122.7153,4441.3220,3.158035,0.104815,3.516160,0.0148,8.3726,91.6127,7.40e-14
1127,15,15,6396195.2487,4441.3220,3.158108,0.130032,3.516148,0.0218,2.1946,97.7837,7.54e-14
1128,15,15,6397108.5547,4441.3220,3.158170,0.067820,3.516171,0.0120,22.6996,77.2885,6.52e-14
1129,15,15,6398016.4084,4441.3220,3.158232,0.115139,3.516153,0.0157,79.1868,20.7975,7.02e-14
1130,15,15,6398338.5491,4441.3220,3.158253,0.074038,3.516166,0.0123,93.6902,6.2975,8.03e-14
1131,15,15,6398534.4451,4441.3220,3.158267,0.084365,3.516165,0.0113,23.4502,76.5385,8.88e-14
1132,15,15,6398805.6936,4441.3220,3.158285,0.119151,3.516151,0.0193,78.2124,21.7683,7.86e-14
1133,15,15,6398940.0482,4441.3220,3.158294,0.097377,3.516164,0.0122,1.9919,97.9959,8.08e-14
1134,15,15,6399569.5645,4441.3220,3.158337,0.074824,3.516173,0.0115,92.0864,7.9021,7.81e-14
1135,15,15,6399848.4445,4441.3220,3.158356,0.089309,3.516165,0.0123,7.9605,92.0272,7.92e-14
1136,15,15,6401835.3963,4441.3220,3.158491,0.082058,3.516163,0.0137,90.2337,9.7526,7.36e-14
1137,15,15,6402087.2634,4441.3220,3.158508,0.079041,3.516169,0.0116,10.3453,89.6431,8.79e-14
1138,15,15,6402255.3574,4441.3220,3.158519,0.082865,3.516169,0.0100,4.2299,95.7600,6.59e-14
1139,15,15,6402608.2139,4441.3220,3.158543,0.069196,3.516170,0.0113,59.6278,40.3610,8.88e-14
1140,15,15,6402869.9544,4441.3220,3.158561,0.094662,3.516165,0.0122,40.2135,59.7744,1.08e-13
1141,15,15,6403099.7974,4441.3220,3.158577,0.097516,3.516160,0.0143,70.8335,29.1522,8.47e-14
1142,15,15,6403552.3990,4441.3220,3.158607,0.132887,3.516148,0.0195,35.1864,64.7941,8.39e-14
1143,15,15,6403772.0095,4441.3220,3.158622,0.094448,3.516163,0.0145,41.3791,58.6064,1.02e-13
1144,15,15,6403963.1521,4441.3220,3.158635,0.102220,3.516163,0.0140,15.6878,84.2983,7.25e-14
1145,15,15,6404105.0651,4441.3220,3.158645,0.169601,3.516129,0.0299,66.6099,33.3602,7.63e-14
1146,15,15,6405088.1414,4441.3220,3.158712,0.097089,3.516163,0.0140,87.5996,12.3864,9.14e-14
1147,15,15,6405374.5536,4441.3220,3.158731,0.098190,3.516158,0.0138,10.3428,89.6434,7.78e-14
1148,15,15,6405492.9120,4441.3220,3.158739,0.217687,3.516105,0.0402,77.1833,22.7766,6.16e-14
1149,15,15,6405657.2227,4441.3220,3.158750,0.133940,3.516143,0.0215,90.0171,9.9615,6.93e-14
1150,15,15,6406535.1722,4441.3220,3.158810,0.069922,3.516176,0.0096,25.3890,74.6014,1.01e-13
1151,15,15,6406770.3226,4441.3220,3.158826,0.077150,3.516169,0.0122,79.4204,20.5674,8.47e-14
1152,15,15,6406911.7560,4441.3220,3.158835,0.096648,3.516162,0.0124,21.4996,78.4880,8.07e-14
1153,15,15,6407151.1620,4441.3220,3.158852,0.072462,3.516168,0.0124,38.2778,61.7098,9.18e-14
1154,15,15,6407289.8089,4441.3220,3.158861,0.089874,3.516167,0.0129,49.1778,50.8093,8.49e-14
1155,15,15,6407378.3400,4441.3220,3.158867,0.099838,3.516163,0.0140,87.3461,12.6400,7.19e-14
1156,15,15,6407859.5074,4441.3220,3.158900,0.107430,3.516161,0.0124,98.5315,1.4561,8.41e-14
1157,15,15,6408248.7122,4441.3220,3.158926,0.109032,3.516159,0.0171,8.5239,91.4591,8.86e-14
1158,15,15,6408527.5981,4441.3220,3.158945,0.107378,3.516158,0.0160,40.8639,59.1201,8.85e-14
1159,15,15,6408627.1620,4441.3220,3.158952,0.091085,3.516165,0.0126,89.8440,10.1434,8.74e-14
1160,15,15,6408771.4381,4441.3220,3.158961,0.096298,3.516160,0.0166,2.7838,97.1997,8.43e-14
1161,15,15,6409134.2662,4441.3220,3.158986,0.112576,3.516155,0.0158,59.3305,40.6538,6.71e-14
1162,15,15,6410155.4331,4441.3220,3.159055,0.085816,3.516166,0.0116,97.4849,2.5035,8.80e-14
1163,15,15,6410590.2009,4441.3220,3.159085,0.131455,3.516152,0.0192,2.0918,97.8890,8.00e-14
1164,15,15,6411214.7033,4441.3220,3.159127,0.127955,3.516149,0.0187,43.7772,56.2040,7.58e-14
1165,15,15,6411282.2631,4441.3220,3.159132,0.119281,3.516150,0.0175,56.9304,43.0521,8.19e-14
1166,15,15,6412058.5437,4441.3220,3.159184,0.060754,3.516175,0.0096,14.4661,85.5243,9.27e-14
1167,15,15,6412407.4479,4441.3220,3.159208,0.093265,3.516160,0.0122,85.4715,14.5163,9.12e-14
1168,15,15,6413464.1197,4441.3220,3.159280,0.105230,3.516160,0.0156,64.3634,35.6210,8.18e-14
1169,15,15,6413939.8876,4441.3220,3.159312,0.087964,3.516166,0.0141,36.4885,63.4974,7.62e-14
1170,15,15,6414681.9923,4441.3220,3.159362,0.095500,3.516162,0.0128,88.5735,11.4137,7.74e-14
1171,15,15,6415032.7072,4441.3220,3.159386,0.085322,3.516166,0.0154,10.6211,89.3635,8.42e-14
1172,15,15,6415761.5092,4441.3220,3.159435,0.060986,3.516174,0.0112,90.7691,9.2198,8.76e-14
1173,15,15,6415783.4595,4441.3220,3.159437,0.107188,3.516162,0.0146,8.3504,91.6350,8.54e-14
1174,15,15,6416249.1666,4441.3220,3.159468,0.090190,3.516166,0.0133,49.0413,50.9454,9.64e-14
1175,15,15,6416430.4288,4441.3220,3.159481,0.078722,3.516171,0.0119,44.0990,55.8891,8.02e-14
1176,15,15,6416601.6375,4441.3220,3.159492,0.082087,3.516168,0.0111,23.2954,76.6935,8.66e-14
1177,15,15,6416951.9452,4441.3220,3.159516,0.086442,3.516167,0.0123,69.1664,30.8213,7.56e-14
1178,15,15,6417121.7618,4441.3220,3.159527,0.088595,3.516165,0.0116,45.3980,54.5904,8.91e-14
1179,15,15,6417317.0938,4441.3220,3.159541,0.057740,3.516175,0.0105,63.9404,36.0491,1.06e-13
1180,15,15,6417487.5127,4441.3220,3.159552,0.109233,3.516158,0.0151,51.4476,48.5373,8.59e-14
1181,15,15,6417824.5224,4441.3220,3.159575,0.091314,3.516165,0.0125,45.9656,54.0219,8.94e-14
1182,15,15,6418125.8413,4441.3220,3.159595,0.114949,3.516158,0.0168,58.5214,41.4619,8.34e-14
1183,15,15,6418299.9053,4441.3220,3.159607,0.104660,3.516158,0.0154,52.0467,47.9379,7.83e-14
1184,15,15,6418816.3375,4441.3220,3.159642,0.073480,3.516168,0.0111,93.7179,6.2709,9.22e-14
1185,15,15,6419408.4683,4441.3220,3.159682,0.102878,3.516158,0.0161,10.4794,89.5045,7.22e-14
1186,15,15,6419480.6033,4441.3220,3.159687,0.097216,3.516163,0.0142,73.1098,26.8760,7.67e-14
1187,15,15,6419730.9387,4441.3220,3.159704,0.069519,3.516170,0.0117,90.1792,9.8091,8.75e-14
1188,15,15,6420093.8054,4441.3220,3.159729,0.135746,3.516144,0.0196,6.3193,93.6611,7.08e-14
1189,15,15,6420250.8307,4441.3220,3.159739,0.104339,3.516158,0.0179,23.3403,76.6418,8.12e-14
1190,15,15,6421190.8998,4441.3220,3.159803,0.063089,3.516178,0.0074,1.7164,98.2763,1.13e-13
1191,15,15,6421610.0125,4441.3220,3.159831,0.084973,3.516169,0.0122,96.1190,3.8688,8.22e-14
1192,15,15,6421731.1341,4441.3220,3.159839,0.071696,3.516170,0.0094,7.0654,92.9252,9.77e-14
1193,15,15,6422083.6500,4441.3220,3.159863,0.090207,3.516167,0.0108,90.0329,9.9563,8.05e-14
1194,15,15,6422163.1272,4441.3220,3.159869,0.080586,3.516166,0.0119,11.2004,88.7877,8.73e-14
1195,15,15,6422777.7017,4441.3220,3.159910,0.081054,3.516171,0.0110,80.3662,19.6228,8.87e-14
1196,15,15,6423186.8930,4441.3220,3.159938,0.080810,3.516166,0.0130,58.8813,41.1058,1.11e-13
1197,15,15,6423298.2393,4441.3220,3.159945,0.086546,3.516165,0.0108,52.6092,47.3801,7.42e-14
1198,15,15,6424014.8569,4441.3220,3.159994,0.090013,3.516166,0.0138,20.3800,79.6062,8.82e-14
1199,15,15,6424311.5733,4441.3220,3.160014,0.080879,3.516167,0.0137,82.0445,17.9418,7.53e-14
1200,15,15,6425110.8747,4441.3220,3.160068,0.080003,3.516167,0.0131,87.9754,12.0115,9.05e-14
1201,15,15,6425430.4669,4441.3220,3.160090,0.075983,3.516166,0.0101,46.6995,53.2904,1.03e-13
1202,15,15,6425499.4323,4441.3220,3.160094,0.081092,3.516165,0.0120,33.2778,66.7102,6.77e-14
1203,15,15,6425605.7953,4441.3220,3.160102,0.080938,3.516169,0.0114,25.4536,74.5350,7.57e-14
1204,15,15,6425893.3356,4441.3220,3.160121,0.082856,3.516166,0.0128,31.3653,68.6219,8.87e-14
1205,15,15,6426217.6486,4441.3220,3.160143,0.099437,3.516163,0.0135,76.9161,23.0704,8.83e-14
1206,15,15,6426391.4854,4441.3220,3.160155,0.106802,3.516161,0.0159,51.3060,48.6781,7.65e-14
1207,15,15,6426464.9852,4441.3220,3.160160,0.107712,3.516158,0.0129,54.0157,45.9714,8.98e-14
1208,15,15,6426745.1366,4441.3220,3.160179,0.102646,3.516159,0.0145,48.4761,51.5094,8.97e-14
1209,15,15,6427085.3883,4441.3220,3.160202,0.082236,3.516167,0.0114,90.6685,9.3200,9.11e-14
1210,15,15,6427451.6120,4441.3220,3.160226,0.117860,3.516159,0.0171,54.2016,45.7813,8.77e-14
1211,15,15,6427701.0285,4441.3220,3.160243,0.086535,3.516164,0.0140,45.6771,54.3089,8.00e-14
1212,15,15,6427863.2389,4441.3220,3.160254,0.098359,3.516160,0.0138,13.7084,86.2778,8.41e-14
1213,15,15,6427928.6274,4441.3220,3.160259,0.111439,3.516154,0.0157,40.4776,59.5067,8.40e-14
1214,15,15,6428052.5389,4441.3220,3.160267,0.084834,3.516164,0.0137,81.1692,18.8170,9.20e-14
1215,15,15,6428310.7315,4441.3220,3.160284,0.113674,3.516156,0.0182,17.3970,82.5848,7.69e-14
1216,15,15,6428405.5718,4441.3220,3.160291,0.083853,3.516169,0.0125,79.2621,20.7254,8.62e-14
1217,15,15,6428571.1766,4441.3220,3.160302,0.067884,3.516171,0.0117,26.1564,73.8319,8.20e-14
1218,15,15,6428648.4990,4441.3220,3.160307,0.081592,3.516169,0.0111,88.8109,11.1779,1.02e-13
1219,15,15,6429119.8254,4441.3220,3.160339,0.092736,3.516164,0.0121,27.4330,72.5549,9.69e-14
1220,15,15,6429374.3833,4441.3220,3.160356,0.091515,3.516164,0.0121,79.4514,20.5365,9.31e-14
1221,15,15,6429647.1267,4441.3220,3.160375,0.081736,3.516171,0.0132,9.9381,90.0487,8.01e-14
1222,15,15,6430079.3434,4441.3220,3.160404,0.074514,3.516172,0.0116,85.4379,14.5505,8.85e-14
1223,15,15,6430291.0776,4441.3220,3.160418,0.066367,3.516176,0.0086,89.1217,10.8697,1.09e-13
1224,15,15,6430332.7001,4441.3220,3.160421,0.083326,3.516165,0.0130,18.0608,81.9262,8.22e-14
1225,15,15,6430579.6014,4441.3220,3.160438,0.101061,3.516159,0.0153,45.4124,54.5722,1.01e-13
1226,15,15,6430779.9934,4441.3220,3.160451,0.088978,3.516165,0.0102,69.7494,30.2405,8.74e-14
1227,15,15,6430881.6808,4441.3220,3.160458,0.084569,3.516168,0.0138,60.0887,39.8975,8.95e-14
1228,15,15,6431435.2588,4441.3220,3.160496,0.103858,3.516158,0.0140,5.9541,94.0319,7.85e-14
1229,15,15,6431555.7098,4441.3220,3.160504,0.108921,3.516161,0.0119,19.7114,80.2767,8.80e-14
1230,15,15,6431570.5028,4441.3220,3.160505,0.143343,3.516142,0.0201,19.6127,80.3672,8.26e-14
1231,15,15,6431877.5896,4441.3220,3.160526,0.075198,3.516171,0.0117,85.2101,14.7782,1.16e-13
1232,15,15,6431983.9873,4441.3220,3.160533,0.072587,3.516170,0.0099,48.4392,51.5509,1.06e-13
1233,15,15,6432228.5607,4441.3220,3.160549,0.085056,3.516162,0.0105,48.4002,51.5894,9.04e-14
1234,15,15,6432548.1744,4441.3220,3.160571,0.089151,3.516162,0.0119,9.9320,90.0561,7.56e-14
1235,15,15,6432690.4517,4441.3220,3.160580,0.094905,3.516161,0.0111,30.2464,69.7426,1.00e-13
1236,15,15,6432989.2573,4441.3220,3.160601,0.072063,3.516172,0.0118,74.7081,25.2801,9.86e-14
1237,15,15,6433270.9444,4441.3220,3.160620,0.088631,3.516163,0.0147,85.2858,14.6995,7.77e-14
1238,15,15,6433329.1398,4441.3220,3.160624,0.127372,3.516146,0.0195,87.2929,12.6876,8.85e-14
1239,15,15,6433576.9862,4441.3220,3.160640,0.079104,3.516167,0.0130,26.6458,73.3412,1.01e-13
1240,15,15,6433933.4065,4441.3220,3.160664,0.084251,3.516167,0.0129,74.7524,25.2347,7.69e-14
1241,15,15,6434226.7182,4441.3220,3.160684,0.099362,3.516159,0.0150,5.9648,94.0201,7.80e-14
1242,15,15,6435299.6475,4441.3220,3.160757,0.091287,3.516164,0.0127,46.7685,53.2188,7.81e-14
1243,15,15,6435321.7581,4441.3220,3.160758,0.074054,3.516168,0.0114,61.0019,38.9866,9.90e-14
1244,15,15,6435703.0810,4441.3220,3.160784,0.072479,3.516171,0.0118,51.6803,48.3079,8.39e-14
1245,15,15,6435927.7125,4441.3220,3.160799,0.056417,3.516176,0.0097,90.0109,9.9793,1.01e-13
1246,15,15,6436256.9635,4441.3220,3.160821,0.093126,3.516164,0.0143,51.5289,48.4569,7.86e-14
1247,15,15,6436512.2496,4441.3220,3.160839,0.105900,3.516158,0.0159,4.7696,95.2145,9.15e-14
1248,15,15,6436679.5910,4441.3220,3.160850,0.073556,3.516171,0.0122,54.9163,45.0715,1.05e-13
1249,15,15,6436976.9391,4441.3220,3.160870,0.059579,3.516177,0.0086,27.5724,72.4190,1.09e-13
1250,15,15,6437036.0422,4441.3220,3.160874,0.104175,3.516158,0.0151,37.4671,62.5177,9.06e-14
1251,15,15,6437124.3813,4441.3220,3.160880,0.073248,3.516171,0.0111,66.8028,33.1861,8.78e-14
1252,15,15,6437248.4190,4441.3220,3.160888,0.074285,3.516172,0.0094,43.2316,56.7590,1.01e-13
1253,15,15,6437410.5303,4441.3220,3.160899,0.096336,3.516166,0.0118,39.2130,60.7752,8.62e-14
1254,15,15,6437444.1673,4441.3220,3.160901,0.084659,3.516166,0.0117,75.8198,24.1685,1.05e-13
1255,15,15,6437514.2187,4441.3220,3.160906,0.078563,3.516168,0.0121,79.4765,20.5113,9.29e-14
1256,15,15,6437729.0159,4441.3220,3.160921,0.070133,3.516172,0.0109,53.4683,46.5208,8.98e-14
1257,15,15,6437956.1492,4441.3220,3.160936,0.093214,3.516163,0.0126,16.8292,83.1582,8.15e-14
1258,15,15,6438801.0723,4441.3220,3.160993,0.080288,3.516167,0.0111,80.5458,19.4431,9.48e-14
1259,15,15,6438880.9968,4441.3220,3.160998,0.082529,3.516169,0.0102,76.9850,23.0047,8.74e-14
1260,15,15,6438991.1738,4441.3220,3.161006,0.070973,3.516173,0.0102,18.1860,81.8038,9.81e-14
1261,15,15,6439107.1003,4441.3220,3.161014,0.081724,3.516166,0.0104,81.7446,18.2450,9.66e-14
1262,15,15,6439219.2068,4441.3220,3.161021,0.083888,3.516168,0.0128,31.1611,68.8261,9.39e-14
1263,15,15,6439346.4734,4441.3220,3.161030,0.070756,3.516168,0.0113,18.2415,81.7473,8.98e-14
1264,15,15,6439448.3094,4441.3220,3.161037,0.092558,3.516166,0.0116,83.9966,15.9918,9.90e-14
1265,15,15,6439793.7604,4441.3220,3.161060,0.091125,3.516163,0.0126,51.2564,48.7310,7.48e-14
1266,15,15,6439954.0217,4441.3220,3.161071,0.103281,3.516158,0.0134,53.8267,46.1600,8.35e-14
1267,15,15,6440163.0510,4441.3220,3.161085,0.078560,3.516169,0.0102,6.6877,93.3021,1.07e-13
1268,15,15,6440327.0772,4441.3220,3.161096,0.077880,3.516171,0.0110,88.0468,11.9422,9.52e-14
1269,15,15,6440616.2187,4441.3220,3.161116,0.098062,3.516163,0.0156,6.1414,93.8430,8.50e-14
1270,15,15,6440709.6004,4441.3220,3.161122,0.089491,3.516165,0.0114,8.7365,91.2521,9.61e-14
1271,15,15,6440886.8119,4441.3220,3.161134,0.070619,3.516171,0.0095,92.8528,7.1378,9.80e-14
1272,15,15,6441226.9119,4441.3220,3.161157,0.086952,3.516164,0.0139,76.4903,23.4958,9.25e-14
1273,15,15,6441593.7878,4441.3220,3.161182,0.086244,3.516166,0.0131,30.1435,69.8434,8.75e-14
1274,15,15,6441761.7782,4441.3220,3.161193,0.101459,3.516159,0.0137,13.4302,86.5561,8.21e-14
1275,15,15,6441978.2481,4441.3220,3.161207,0.089378,3.516164,0.0117,85.8451,14.1433,8.44e-14
1276,15,15,6442113.0178,4441.3220,3.161217,0.081484,3.516170,0.0123,67.1482,32.8395,9.84e-14
1277,15,15,6442140.0328,4441.3220,3.161218,0.100135,3.516160,0.0159,75.3704,24.6137,8.36e-14
1278,15,15,6442328.8458,4441.3220,3.161231,0.065472,3.516175,0.0113,40.4248,59.5639,1.19e-13
1279,15,15,6442383.6015,4441.3220,3.161235,0.076932,3.516170,0.0102,55.1301,44.8597,9.96e-14
1280,15,15,6442521.6771,4441.3220,3.161244,0.093881,3.516163,0.0142,57.4922,42.4936,9.83e-14
1281,15,15,6442675.2499,4441.3220,3.161254,0.074074,3.516172,0.0118,74.2590,25.7292,9.69e-14
1282,15,15,6442793.4513,4441.3220,3.161262,0.083813,3.516164,0.0127,24.4820,75.5052,8.53e-14
1283,15,15,6442869.2558,4441.3220,3.161268,0.107590,3.516156,0.0149,51.2819,48.7032,9.57e-14
1284,15,15,6443055.0501,4441.3220,3.161280,0.085194,3.516166,0.0116,30.1108,69.8776,9.47e-14
1285,15,15,6443200.7853,4441.3220,3.161290,0.086890,3.516162,0.0116,28.1388,71.8496,8.72e-14
1286,15,15,6443485.7907,4441.3220,3.161309,0.057938,3.516175,0.0096,62.7314,37.2590,9.67e-14
1287,15,15,6443565.1164,4441.3220,3.161315,0.064306,3.516176,0.0102,93.4298,6.5600,1.05e-13
1288,15,15,6443829.2860,4441.3220,3.161332,0.074502,3.516169,0.0094,56.4405,43.5502,1.16e-13
1289,15,15,6443887.9812,4441.3220,3.161336,0.074424,3.516174,0.0091,68.6852,31.3057,1.13e-13
1290,15,15,6444185.0205,4441.3220,3.161356,0.071328,3.516167,0.0103,47.4431,52.5466,1.02e-13
1291,15,15,6444327.5253,4441.3220,3.161366,0.092219,3.516163,0.0145,7.6678,92.3177,8.49e-14
1292,15,15,6444659.3703,4441.3220,3.161388,0.075082,3.516172,0.0113,52.8303,47.1583,9.06e-14
1293,15,15,6444716.4629,4441.3220,3.161392,0.093469,3.516161,0.0132,31.0111,68.9757,8.59e-14
1294,15,15,6444887.6094,4441.3220,3.161404,0.082327,3.516165,0.0107,69.1326,30.8567,1.04e-13
1295,15,15,6445033.3883,4441.3220,3.161414,0.076369,3.516171,0.0103,79.8213,20.1684,9.39e-14
1296,15,15,6445130.2297,4441.3220,3.161420,0.058641,3.516174,0.0086,65.0127,34.9786,1.12e-13
1297,15,15,6445275.0912,4441.3220,3.161430,0.077323,3.516168,0.0096,38.1712,61.8192,9.65e-14
1298,15,15,6445462.6264,4441.3220,3.161442,0.082421,3.516167,0.0131,18.8341,81.1527,9.38e-14
1299,15,15,6445672.8990,4441.3220,3.161457,0.070767,3.516169,0.0116,63.1667,36.8217,9.08e-14
1300,15,15,6445738.9453,4441.3220,3.161461,0.087108,3.516167,0.0118,12.4437,87.5445,9.09e-14
1301,15,15,6446158.3034,4441.3220,3.161489,0.085555,3.516167,0.0125,48.1308,51.8567,1.03e-13
1302,15,15,6446363.8934,4441.3220,3.161503,0.089212,3.516166,0.0128,37.2680,62.7193,1.01e-13
1303,15,15,6446472.1708,4441.3220,3.161511,0.096187,3.516159,0.0132,68.1394,31.8474,8.81e-14
1304,15,15,6446642.7217,4441.3220,3.161522,0.079221,3.516169,0.0110,15.9343,84.0547,1.02e-13
1305,15,15,6446893.3580,4441.3220,3.161539,0.072063,3.516171,0.0092,38.8834,61.1075,8.47e-14
1306,15,15,6446991.7289,4441.3220,3.161546,0.057675,3.516177,0.0088,80.6584,19.3328,1.30e-13
1307,15,15,6447157.0853,4441.3220,3.161557,0.067992,3.516168,0.0115,19.9360,80.0525,9.11e-14
1308,15,15,6447319.0168,4441.3220,3.161568,0.144846,3.516139,0.0241,53.8811,46.0948,8.14e-14
1309,15,15,6447643.0718,4441.3220,3.161589,0.089016,3.516163,0.0120,60.9033,39.0847,9.38e-14
1310,15,15,6447832.3302,4441.3220,3.161602,0.065892,3.516172,0.0084,6.0543,93.9372,9.89e-14
1311,15,15,6447943.3049,4441.3220,3.161610,0.085683,3.516165,0.0112,59.9102,40.0786,8.76e-14
1312,15,15,6448034.8815,4441.3220,3.161616,0.066392,3.516172,0.0094,70.9550,29.0355,1.19e-13
1313,15,15,6448215.8287,4441.3220,3.161628,0.094855,3.516157,0.0125,56.8034,43.1840,8.06e-14
1314,15,15,6448296.8566,4441.3220,3.161634,0.087734,3.516166,0.0128,54.6699,45.3173,9.01e-14
1315,15,15,6448457.9299,4441.3220,3.161644,0.073535,3.516166,0.0108,41.6646,58.3246,9.55e-14
1316,15,15,6448562.9933,4441.3220,3.161651,0.082596,3.516171,0.0123,20.2785,79.7092,9.24e-14
1317,15,15,6448705.3069,4441.3220,3.161661,0.093565,3.516164,0.0107,89.0693,10.9200,8.97e-14
1318,15,15,6448866.3090,4441.3220,3.161672,0.084478,3.516167,0.0109,89.7564,10.2327,8.98e-14
1319,15,15,6449017.5843,4441.3220,3.161682,0.071753,3.516174,0.0097,30.6696,69.3207,1.11e-13
1320,15,15,6449282.6015,4441.3220,3.161700,0.084776,3.516165,0.0109,26.5270,73.4621,1.08e-13
1321,15,15,6449438.8572,4441.3220,3.161710,0.048863,3.516179,0.0087,63.1913,36.7999,1.20e-13
1322,15,15,6449495.6947,4441.3220,3.161714,0.068179,3.516171,0.0103,54.3212,45.6685,1.09e-13
1323,15,15,6449537.9871,4441.3220,3.161717,0.068976,3.516170,0.0107,55.9716,44.0177,9.43e-14
1324,15,15,6449799.7850,4441.3220,3.161735,0.067787,3.516170,0.0097,73.3936,26.5967,8.61e-14
1325,15,15,6449991.1091,4441.3220,3.161748,0.053244,3.516177,0.0094,32.5038,67.4868,1.15e-13
1326,15,15,6450173.1796,4441.3220,3.161760,0.074311,3.516171,0.0098,45.8063,54.1839,9.96e-14
1327,15,15,6450249.9101,4441.3220,3.161765,0.074663,3.516172,0.0097,26.4747,73.5155,1.13e-13
1328,15,15,6450471.0353,4441.3220,3.161780,0.073908,3.516172,0.0114,36.8406,63.1480,9.59e-14
1329,15,15,6450580.6402,4441.3220,3.161787,0.077905,3.516170,0.0103,62.0207,37.9690,1.02e-13
1330,15,15,6450735.2019,4441.3220,3.161798,0.050691,3.516178,0.0086,28.4343,71.5571,1.17e-13
1331,15,15,6450778.6469,4441.3220,3.161801,0.094743,3.516162,0.0105,87.9356,12.0539,9.89e-14
1332,15,15,6450825.3748,4441.3220,3.161804,0.060931,3.516177,0.0083,73.1626,26.8292,1.30e-13
1333,15,15,6450942.2250,4441.3220,3.161812,0.072923,3.516170,0.0099,20.9796,79.0105,9.47e-14
1334,15,15,6451123.2428,4441.3220,3.161824,0.075731,3.516168,0.0097,40.2660,59.7243,9.98e-14
1335,15,15,6451261.7207,4441.3220,3.161833,0.073260,3.516171,0.0103,46.3126,53.6772,1.06e-13
1336,15,15,6451547.2759,4441.3220,3.161853,0.056572,3.516180,0.0100,25.2598,74.7301,9.06e-14
1337,15,15,6451755.0772,4441.3220,3.161867,0.089113,3.516164,0.0118,74.5026,25.4855,1.03e-13
1338,15,15,6451862.3299,4441.3220,3.161874,0.076668,3.516171,0.0107,31.8859,68.1035,1.02e-13
1339,15,15,6451916.3505,4441.3220,3.161877,0.085213,3.516170,0.0121,91.6635,8.3244,1.02e-13
1340,15,15,6452166.4785,4441.3220,3.161894,0.079798,3.516166,0.0114,39.0494,60.9392,8.58e-14
1341,15,15,6452289.4577,4441.3220,3.161903,0.088092,3.516166,0.0109,44.3511,55.6380,9.74e-14
1342,15,15,6452487.7758,4441.3220,3.161916,0.074298,3.516167,0.0102,77.7613,22.2285,9.57e-14
1343,15,15,6452610.0929,4441.3220,3.161924,0.074454,3.516171,0.0085,71.8685,28.1230,1.25e-13
1344,15,15,6452844.5323,4441.3220,3.161940,0.092102,3.516166,0.0115,12.4694,87.5191,8.41e-14
1345,15,15,6453064.9372,4441.3220,3.161955,0.080428,3.516171,0.0116,46.2595,53.7290,8.87e-14
1346,15,15,6453330.8395,4441.3220,3.161973,0.078913,3.516168,0.0088,12.3050,87.6862,9.06e-14
1347,15,15,6453504.7821,4441.3220,3.161984,0.086406,3.516169,0.0109,44.1989,55.7902,9.38e-14
1348,15,15,6453556.4223,4441.3220,3.161988,0.080645,3.516167,0.0120,79.3729,20.6151,9.37e-14
1349,15,15,6453619.8467,4441.3220,3.161992,0.091919,3.516164,0.0121,41.7326,58.2554,1.35e-13
1350,15,15,6453647.8724,4441.3220,3.161994,0.089558,3.516165,0.0122,39.2478,60.7400,8.67e-14
1351,15,15,6453782.8389,4441.3220,3.162003,0.076086,3.516169,0.0100,70.6993,29.2907,1.11e-13
1352,15,15,6453949.3250,4441.3220,3.162014,0.078735,3.516168,0.0093,24.9575,75.0332,1.18e-13
1353,15,15,6454075.2395,4441.3220,3.162023,0.070150,3.516172,0.0082,36.2683,63.7235,1.15e-13
1354,15,15,6454167.9971,4441.3220,3.162029,0.052026,3.516178,0.0103,83.1385,16.8512,1.15e-13
1355,15,15,6454318.5625,4441.3220,3.162039,0.092140,3.516165,0.0107,84.1097,15.8796,9.85e-14
1356,15,15,6454518.6939,4441.3220,3.162053,0.076471,3.516170,0.0130,76.4152,23.5719,9.51e-14
1357,15,15,6454752.6112,4441.3220,3.162068,0.089133,3.516166,0.0135,9.8435,90.1430,7.59e-14
1358,15,15,6454760.3992,4441.3220,3.162069,0.089421,3.516163,0.0112,16.2778,83.7110,1.02e-13
1359,15,15,6455048.7591,4441.3220,3.162088,0.101179,3.516162,0.0110,92.5864,7.4026,1.00e-13
1360,15,15,6455238.0509,4441.3220,3.162101,0.077492,3.516166,0.0088,41.4556,58.5357,1.02e-13
1361,15,15,6455385.1127,4441.3220,3.162111,0.074056,3.516170,0.0105,58.9145,41.0750,1.03e-13
1362,15,15,6455438.8316,4441.3220,3.162115,0.068850,3.516173,0.0116,53.5121,46.4762,8.77e-14
1363,15,15,6455601.5669,4441.3220,3.162126,0.099364,3.516160,0.0125,35.7989,64.1886,9.03e-14
1364,15,15,6455748.0199,4441.3220,3.162135,0.101229,3.516158,0.0125,45.9891,53.9984,9.38e-14
1365,15,15,6455809.1906,4441.3220,3.162140,0.081822,3.516167,0.0119,43.1457,56.8424,9.95e-14
1366,15,15,6455933.3830,4441.3220,3.162148,0.077352,3.516166,0.0099,80.0356,19.9545,1.01e-13
1367,15,15,6456055.3048,4441.3220,3.162156,0.076509,3.516170,0.0120,34.0143,65.9737,1.11e-13
1368,15,15,6456109.2918,4441.3220,3.162160,0.080368,3.516166,0.0102,59.0064,40.9835,1.03e-13
1369,15,15,6456219.6124,4441.3220,3.162167,0.069760,3.516171,0.0095,59.4894,40.5010,1.10e-13
1370,15,15,6456343.4443,4441.3220,3.162176,0.077125,3.516173,0.0113,46.0398,53.9489,1.01e-13
1371,15,15,6456437.2257,4441.3220,3.162182,0.101228,3.516157,0.0117,32.0069,67.9814,1.00e-13
1372,15,15,6456481.1466,4441.3220,3.162185,0.091259,3.516160,0.0135,31.3693,68.6172,9.84e-14
1373,15,15,6456653.3565,4441.3220,3.162196,0.094949,3.516161,0.0118,44.3313,55.6568,8.52e-14
1374,15,15,6456726.2782,4441.3220,3.162201,0.062897,3.516174,0.0099,22.2843,77.7058,9.33e-14
1375,15,15,6456892.6356,4441.3220,3.162212,0.083014,3.516168,0.0114,72.5133,27.4753,1.00e-13
1376,15,15,6456991.0622,4441.3220,3.162219,0.064726,3.516173,0.0109,29.5509,70.4382,9.31e-14
1377,15,15,6457133.8677,4441.3220,3.162229,0.092863,3.516164,0.0126,65.7108,34.2765,8.86e-14
1378,15,15,6457424.8173,4441.3220,3.162248,0.069346,3.516173,0.0101,77.8181,22.1719,1.00e-13
1379,15,15,6457517.6755,4441.3220,3.162255,0.081316,3.516166,0.0106,32.2130,67.7764,8.88e-14
1380,15,15,6457522.4221,4441.3220,3.162255,0.068916,3.516170,0.0105,69.5021,30.4874,8.88e-14
1381,15,15,6457688.8365,4441.3220,3.162266,0.080274,3.516164,0.0101,42.1631,57.8268,1.04e-13
1382,15,15,6457754.8880,4441.3220,3.162271,0.077863,3.516170,0.0097,29.2046,70.7857,1.04e-13
1383,15,15,6457907.4480,4441.3220,3.162281,0.079022,3.516173,0.0101,84.1945,15.7954,1.03e-13
1384,15,15,6457964.9940,4441.3220,3.162285,0.073311,3.516170,0.0099,44.6573,55.3327,9.87e-14
1385,15,15,6458109.0214,4441.3220,3.162294,0.058711,3.516176,0.0099,66.4453,33.5449,1.09e-13
1386,15,15,6458221.6751,4441.3220,3.162302,0.084913,3.516168,0.0108,53.8921,46.0971,1.06e-13
1387,15,15,6458395.2951,4441.3220,3.162314,0.073530,3.516170,0.0100,34.4900,65.5000,1.02e-13
1388,15,15,6458495.5663,4441.3220,3.162320,0.065636,3.516172,0.0095,47.4932,52.4973,9.63e-14
1389,15,15,6458570.0855,4441.3220,3.162325,0.073771,3.516171,0.0105,28.3987,71.5908,1.13e-13
1390,15,15,6458751.1963,4441.3220,3.162338,0.065273,3.516171,0.0091,23.5714,76.4195,1.09e-13
1391,15,15,6458807.8523,4441.3220,3.162341,0.057208,3.516177,0.0096,26.5413,73.4491,9.49e-14
1392,15,15,6458957.4163,4441.3220,3.162351,0.065941,3.516173,0.0102,69.2420,30.7478,1.03e-13
1393,15,15,6459076.4151,4441.3220,3.162359,0.068492,3.516170,0.0088,41.1851,58.8060,1.11e-13
1394,15,15,6459212.0704,4441.3220,3.162369,0.080950,3.516170,0.0125,68.8762,31.1113,8.79e-14
1395,15,15,6459264.5364,4441.3220,3.162372,0.076684,3.516169,0.0117,73.0536,26.9347,7.12e-14
1396,15,15,6459457.8550,4441.3220,3.162385,0.082032,3.516168,0.0099,38.6268,61.3633,1.07e-13
1397,15,15,6459539.7942,4441.3220,3.162391,0.065018,3.516173,0.0095,78.0912,21.8993,9.29e-14
1398,15,15,6459613.3341,4441.3220,3.162396,0.069816,3.516175,0.0120,52.2509,47.7371,1.07e-13
1399,15,15,6459711.0258,4441.3220,3.162402,0.074934,3.516174,0.0133,39.6487,60.3380,9.48e-14
1400,15,15,6459882.2986,4441.3220,3.162414,0.070449,3.516173,0.0107,30.6688,69.3204,1.02e-13
1401,15,15,6460011.1092,4441.3220,3.162422,0.066961,3.516172,0.0089,41.9876,58.0035,1.03e-13
1402,15,15,6460183.7066,4441.3220,3.162434,0.056424,3.516176,0.0114,49.5178,50.4708,9.20e-14
1403,15,15,6460306.4477,4441.3220,3.162442,0.068895,3.516172,0.0102,69.7498,30.2400,9.01e-14
1404,15,15,6460419.2040,4441.3220,3.162450,0.061851,3.516177,0.0099,41.0263,58.9638,9.08e-14
1405,15,15,6460562.4164,4441.3220,3.162459,0.074482,3.516170,0.0106,73.7016,26.2878,9.92e-14
1406,15,15,6460589.4745,4441.3220,3.162461,0.077154,3.516167,0.0100,58.8697,41.1203,1.01e-13
1407,15,15,6460730.2001,4441.3220,3.162471,0.082329,3.516167,0.0095,33.5888,66.4017,9.90e-14
1408,15,15,6460839.6413,4441.3220,3.162478,0.096713,3.516164,0.0111,65.1113,34.8776,8.12e-14
1409,15,15,6460988.3414,4441.3220,3.162488,0.065886,3.516175,0.0108,40.3447,59.6445,9.73e-14
1410,15,15,6461055.2791,4441.3220,3.162493,0.087989,3.516166,0.0114,46.4193,53.5693,9.54e-14
1411,15,15,6461122.4757,4441.3220,3.162497,0.056797,3.516176,0.0094,70.7257,29.2650,1.03e-13
1412,15,15,6461160.7099,4441.3220,3.162500,0.075411,3.516166,0.0107,37.2398,62.7495,9.32e-14
1413,15,15,6461254.2560,4441.3220,3.162506,0.088127,3.516167,0.0123,55.1695,44.8182,9.13e-14
1414,15,15,6461446.3992,4441.3220,3.162519,0.063450,3.516176,0.0105,84.7841,15.2054,1.03e-13
1415,15,15,6461665.3986,4441.3220,3.162534,0.083075,3.516164,0.0099,56.4627,43.5274,9.04e-14
1416,15,15,6461738.8090,4441.3220,3.162539,0.062953,3.516173,0.0087,63.4133,36.5780,1.13e-13
1417,15,15,6461796.4368,4441.3220,3.162542,0.070457,3.516172,0.0104,25.0982,74.8914,9.88e-14
1418,15,15,6461918.5499,4441.3220,3.162551,0.076704,3.516170,0.0105,17.4232,82.5663,9.93e-14
1419,15,15,6461981.5690,4441.3220,3.162555,0.093971,3.516161,0.0121,26.5043,73.4836,8.34e-14
1420,15,15,6462056.6466,4441.3220,3.162560,0.062596,3.516173,0.0088,16.0251,83.9661,9.94e-14
1421,15,15,6462231.1065,4441.3220,3.162572,0.058582,3.516175,0.0102,35.6359,64.3539,9.81e-14
1422,15,15,6462265.7091,4441.3220,3.162574,0.062256,3.516178,0.0102,71.1865,28.8033,9.64e-14
1423,15,15,6462449.3448,4441.3220,3.162586,0.063584,3.516172,0.0094,90.3628,9.6278,9.40e-14
1424,15,15,6462662.9441,4441.3220,3.162601,0.075142,3.516170,0.0092,58.3691,41.6216,1.10e-13
1425,15,15,6462706.1802,4441.3220,3.162604,0.064705,3.516175,0.0098,31.6555,68.3346,9.76e-14
1426,15,15,6462826.8123,4441.3220,3.162612,0.069819,3.516168,0.0097,9.9679,90.0224,1.08e-13
1427,15,15,6462881.1606,4441.3220,3.162615,0.079262,3.516170,0.0087,12.0012,87.9901,1.09e-13
1428,15,15,6463093.4293,4441.3220,3.162630,0.086735,3.516164,0.0102,26.2717,73.7181,9.51e-14
1429,15,15,6463162.1592,4441.3220,3.162634,0.073446,3.516171,0.0095,90.1218,9.8686,1.02e-13
1430,15,15,6463171.2444,4441.3220,3.162635,0.069347,3.516172,0.0093,85.4365,14.5542,1.05e-13
1431,15,15,6463346.1594,4441.3220,3.162647,0.089536,3.516162,0.0108,82.7029,17.2863,9.44e-14
1432,15,15,6463405.4295,4441.3220,3.162651,0.059140,3.516174,0.0088,84.8601,15.1310,1.01e-13
1433,15,15,6463481.4058,4441.3220,3.162656,0.065287,3.516178,0.0101,22.3841,77.6057,1.05e-13
1434,15,15,6463557.0162,4441.3220,3.162661,0.063957,3.516175,0.0092,13.9213,86.0695,1.07e-13
1435,15,15,6463754.3246,4441.3220,3.162674,0.062849,3.516177,0.0094,77.7209,22.2697,8.38e-14
1436,15,15,6463831.5418,4441.3220,3.162679,0.060075,3.516176,0.0089,51.0577,48.9334,1.23e-13
1437,15,15,6463938.4621,4441.3220,3.162686,0.065422,3.516173,0.0085,46.9445,53.0470,1.13e-13
1438,15,15,6464042.3302,4441.3220,3.162693,0.052057,3.516182,0.0081,66.3861,33.6057,1.03e-13
1439,15,15,6464165.4727,4441.3220,3.162702,0.068616,3.516173,0.0096,57.0900,42.9004,9.90e-14
1440,15,15,6464269.4597,4441.3220,3.162709,0.083705,3.516167,0.0096,43.1219,56.8685,1.09e-13
1441,15,15,6464299.0103,4441.3220,3.162711,0.085033,3.516165,0.0091,13.3367,86.6542,1.02e-13
1442,15,15,6464372.4778,4441.3220,3.162716,0.046366,3.516179,0.0088,64.6703,35.3210,1.16e-13
1443,15,15,6464491.8355,4441.3220,3.162724,0.059360,3.516172,0.0086,28.4896,71.5018,1.12e-13
1444,15,15,6464508.7310,4441.3220,3.162725,0.065915,3.516175,0.0101,31.4280,68.5619,1.12e-13
1445,15,15,6464636.0621,4441.3220,3.162733,0.064881,3.516175,0.0104,29.6839,70.3057,1.04e-13
1446,15,15,6464679.8918,4441.3220,3.162736,0.067588,3.516170,0.0099,66.6217,33.3684,1.05e-13
1447,15,15,6464786.7168,4441.3220,3.162743,0.083739,3.516164,0.0105,69.7895,30.1999,1.00e-13
1448,15,15,6464833.8254,4441.3220,3.162747,0.068798,3.516175,0.0104,40.7210,59.2686,1.01e-13
1449,15,15,6464856.4966,4441.3220,3.162748,0.069283,3.516173,0.0104,65.9930,33.9966,1.02e-13
1450,15,15,6464945.8044,4441.3220,3.162754,0.070646,3.516172,0.0114,32.9436,67.0450,9.77e-14
1451,15,15,6465029.4874,4441.3220,3.162760,0.073360,3.516172,0.0114,70.8940,29.0945,1.04e-13
1452,15,15,6465082.1740,4441.3220,3.162763,0.085717,3.516166,0.0115,49.5050,50.4836,9.46e-14
1453,15,15,6465120.8030,4441.3220,3.162766,0.075544,3.516166,0.0105,38.1464,61.8430,1.07e-13
1454,15,15,6465226.7865,4441.3220,3.162773,0.094828,3.516162,0.0121,71.3222,28.6657,1.01e-13
1455,15,15,6465275.4045,4441.3220,3.162776,0.081736,3.516166,0.0099,49.2854,50.7047,9.66e-14
1456,15,15,6465317.1789,4441.3220,3.162779,0.102489,3.516158,0.0122,74.7538,25.2340,9.72e-14
1457,15,15,6465372.1401,4441.3220,3.162783,0.073278,3.516172,0.0101,54.9083,45.0817,1.09e-13
1458,15,15,6465420.1452,4441.3220,3.162786,0.056205,3.516179,0.0099,51.0220,48.9680,1.06e-13
1459,15,15,6465456.3897,4441.3220,3.162788,0.082390,3.516165,0.0088,43.5332,56.4580,1.05e-13
1460,15,15,6465605.4168,4441.3220,3.162799,0.059282,3.516176,0.0084,42.3650,57.6266,1.19e-13
1461,15,15,6465683.3352,4441.3220,3.162804,0.060143,3.516172,0.0081,28.6351,71.3568,1.13e-13
1462,15,15,6465726.0836,4441.3220,3.162807,0.076784,3.516169,0.0097,57.2047,42.7856,1.10e-13
1463,15,15,6465769.1375,4441.3220,3.162810,0.056173,3.516177,0.0087,43.3442,56.6471,9.08e-14
1464,15,15,6465871.5417,4441.3220,3.162816,0.084725,3.516165,0.0100,28.8718,71.1182,1.08e-13
1465,15,15,6465914.5889,4441.3220,3.162819,0.054722,3.516180,0.0093,19.5570,80.4337,1.05e-13
1466,15,15,6465997.2584,4441.3220,3.162825,0.065256,3.516174,0.0104,54.0695,45.9201,8.87e-14
1467,15,15,6466017.0677,4441.3220,3.162826,0.078895,3.516170,0.0107,56.9532,43.0361,1.05e-13
1468,15,15,6466072.6365,4441.3220,3.162830,0.077724,3.516171,0.0107,48.7605,51.2288,1.01e-13
1469,15,15,6466134.7666,4441.3220,3.162834,0.094547,3.516166,0.0122,53.9131,46.0747,1.11e-13
1470,15,15,6466279.1285,4441.3220,3.162844,0.090301,3.516161,0.0118,68.7441,31.2441,9.25e-14
1471,15,15,6466384.8338,4441.3220,3.162851,0.056750,3.516178,0.0093,74.3383,25.6524,9.68e-14
1472,15,15,6466417.9151,4441.3220,3.162853,0.084623,3.516164,0.0105,29.5775,70.4120,1.07e-13
1473,15,15,6466445.0113,4441.3220,3.162855,0.059439,3.516176,0.0108,74.9062,25.0831,1.11e-13
1474,15,15,6466529.3314,4441.3220,3.162861,0.070310,3.516172,0.0104,64.9191,35.0705,9.57e-14
1475,15,15,6466586.2807,4441.3220,3.162864,0.074322,3.516169,0.0110,65.6368,34.3522,1.08e-13
1476,15,15,6466727.2374,4441.3220,3.162874,0.075872,3.516170,0.0109,46.8387,53.1504,1.07e-13
1477,15,15,6466728.2664,4441.3220,3.162874,0.087177,3.516165,0.0112,48.1581,51.8307,8.95e-14
1478,15,15,6466764.6715,4441.3220,3.162876,0.088302,3.516166,0.0120,41.0713,58.9167,9.31e-14
1479,15,15,6466898.0425,4441.3220,3.162885,0.092750,3.516162,0.0108,53.1063,46.8829,1.06e-13
1480,15,15,6466927.0389,4441.3220,3.162887,0.094518,3.516162,0.0106,37.3830,62.6064,1.03e-13
1481,15,15,6466969.8027,4441.3220,3.162890,0.074289,3.516168,0.0097,43.7632,56.2272,1.05e-13
1482,15,15,6467069.5943,4441.3220,3.162897,0.082691,3.516168,0.0105,61.8291,38.1604,9.88e-14
1483,15,15,6467131.3822,4441.3220,3.162901,0.077003,3.516168,0.0110,55.6215,44.3675,1.11e-13
1484,15,15,6467181.5124,4441.3220,3.162904,0.066958,3.516171,0.0103,66.4394,33.5502,8.82e-14
1485,15,15,6467209.7263,4441.3220,3.162906,0.075735,3.516169,0.0119,31.2238,68.7643,1.03e-13
1486,15,15,6467313.1024,4441.3220,3.162913,0.078126,3.516169,0.0109,24.0122,75.9769,1.04e-13
1487,15,15,6467368.7995,4441.3220,3.162917,0.083216,3.516163,0.0115,69.1055,30.8829,9.31e-14
1488,15,15,6467472.4630,4441.3220,3.162924,0.074976,3.516171,0.0106,70.2294,29.7600,1.13e-13
1489,15,15,6467539.6121,4441.3220,3.162929,0.066434,3.516175,0.0097,22.5039,77.4864,8.78e-14
1490,15,15,6467593.9399,4441.3220,3.162932,0.076353,3.516172,0.0102,32.6033,67.3865,9.46e-14
1491,15,15,6467647.5740,4441.3220,3.162936,0.076776,3.516169,0.0121,73.3682,26.6197,8.78e-14
1492,15,15,6467731.6860,4441.3220,3.162941,0.073243,3.516172,0.0110,79.7128,20.2762,1.05e-13
1493,15,15,6467802.9575,4441.3220,3.162946,0.080534,3.516165,0.0097,65.7709,34.2194,1.02e-13
1494,15,15,6467887.3062,4441.3220,3.162952,0.071297,3.516170,0.0084,45.6714,54.3202,9.94e-14
1495,15,15,6467931.1508,4441.3220,3.162955,0.088502,3.516163,0.0119,39.8189,60.1693,1.01e-13
1496,15,15,6467985.0807,4441.3220,3.162958,0.078860,3.516169,0.0097,33.0688,66.9215,1.08e-13
1497,15,15,6468009.5454,4441.3220,3.162960,0.059515,3.516174,0.0093,61.3579,38.6328,9.48e-14
1498,15,15,6468039.9777,4441.3220,3.162962,0.080225,3.516167,0.0094,66.2998,33.6908,1.07e-13
1499,15,15,6468164.1603,4441.3220,3.162970,0.079247,3.516167,0.0101,74.5574,25.4325,1.03e-13
1500,15,15,6468203.5668,4441.3220,3.162973,0.084978,3.516164,0.0104,50.9831,49.0066,1.04e-13
1501,15,15,6468218.2495,4441.3220,3.162974,0.071546,3.516172,0.0114,63.7574,36.2312,1.13e-13
1502,15,15,6468285.1187,4441.3220,3.162979,0.071065,3.516170,0.0095,38.5948,61.3957,1.13e-13
1503,15,15,6468356.6005,4441.3220,3.162983,0.070432,3.516171,0.0097,69.9812,30.0091,9.39e-14
1504,15,15,6468446.2142,4441.3220,3.162989,0.071392,3.516169,0.0084,25.9097,74.0819,1.08e-13
1505,15,15,6468471.8997,4441.3220,3.162991,0.082738,3.516164,0.0103,34.5967,65.3929,8.71e-14
1506,15,15,6468547.7770,4441.3220,3.162996,0.056294,3.516177,0.0089,25.5387,74.4524,1.07e-13
1507,15,15,6468595.0652,4441.3220,3.162999,0.060024,3.516175,0.0086,33.7539,66.2375,1.11e-13
1508,15,15,6468688.7398,4441.3220,3.163006,0.053489,3.516178,0.0090,40.9837,59.0073,1.05e-13
1509,15,15,6468735.4222,4441.3220,3.163009,0.077757,3.516167,0.0101,46.5337,53.4561,1.15e-13
1510,15,15,6468806.3367,4441.3220,3.163014,0.085996,3.516168,0.0133,12.9424,87.0444,9.06e-14
1511,15,15,6468859.6755,4441.3220,3.163017,0.079376,3.516163,0.0096,52.2761,47.7143,1.30e-13
1512,15,15,6468902.3466,4441.3220,3.163020,0.088189,3.516159,0.0120,27.1909,72.7972,1.14e-13
1513,15,15,6468936.8635,4441.3220,3.163022,0.080100,3.516166,0.0108,27.9257,72.0635,1.11e-13
1514,15,15,6469014.8086,4441.3220,3.163028,0.076479,3.516167,0.0095,54.6786,45.3119,1.03e-13
1515,15,15,6469052.7562,4441.3220,3.163030,0.097705,3.516165,0.0130,17.2251,82.7619,8.87e-14
1516,15,15,6469150.6717,4441.3220,3.163037,0.083159,3.516167,0.0103,57.9240,42.0657,1.03e-13
1517,15,15,6469188.4362,4441.3220,3.163039,0.075757,3.516167,0.0107,39.2320,60.7572,1.03e-13
1518,15,15,6469227.6919,4441.3220,3.163042,0.077110,3.516170,0.0111,45.7315,54.2574,1.25e-13
1519,15,15,6469277.3519,4441.3220,3.163045,0.113636,3.516149,0.0144,26.2764,73.7092,9.53e-14
1520,15,15,6469318.6190,4441.3220,3.163048,0.087780,3.516162,0.0103,27.2656,72.7242,8.98e-14
1521,15,15,6469380.5524,4441.3220,3.163052,0.092904,3.516161,0.0107,79.1502,20.8391,8.58e-14
1522,15,15,6469509.7728,4441.3220,3.163061,0.073009,3.516174,0.0118,51.4743,48.5139,8.89e-14
1523,15,15,6469635.3075,4441.3220,3.163069,0.085872,3.516165,0.0119,74.8253,25.1628,1.02e-13
1524,15,15,6469667.8691,4441.3220,3.163071,0.065636,3.516175,0.0108,54.5136,45.4756,9.47e-14
1525,15,15,6469840.6288,4441.3220,3.163083,0.061192,3.516175,0.0085,85.7104,14.2811,1.06e-13
1526,15,15,6469884.7584,4441.3220,3.163086,0.098174,3.516160,0.0125,49.3746,50.6129,1.02e-13
1527,15,15,6469928.1251,4441.3220,3.163089,0.069323,3.516173,0.0103,49.8959,50.0938,9.33e-14
1528,15,15,6470031.6539,4441.3220,3.163096,0.073803,3.516169,0.0108,75.7629,24.2262,9.59e-14
1529,15,15,6470073.1829,4441.3220,3.163099,0.081350,3.516164,0.0087,55.9147,44.0766,1.08e-13
1530,15,15,6470116.1738,4441.3220,3.163102,0.043394,3.516180,0.0078,48.9626,51.0296,1.18e-13
1531,15,15,6470157.1892,4441.3220,3.163104,0.084724,3.516164,0.0102,69.3295,30.6603,9.97e-14
1532,15,15,6470225.5343,4441.3220,3.163109,0.070965,3.516169,0.0101,43.0867,56.9032,1.04e-13
1533,15,15,6470260.6457,4441.3220,3.163111,0.083241,3.516168,0.0097,56.1958,43.7946,1.02e-13
1534,15,15,6470323.2984,4441.3220,3.163116,0.069539,3.516170,0.0083,62.6510,37.3406,1.19e-13
1535,15,15,6470359.8516,4441.3220,3.163118,0.070489,3.516170,0.0084,43.6162,56.3754,1.04e-13
1536,15,15,6470436.1743,4441.3220,3.163123,0.070072,3.516172,0.0103,41.5468,58.4429,9.28e-14
1537,15,15,6470575.8199,4441.3220,3.163132,0.072889,3.516169,0.0097,44.0143,55.9761,9.89e-14
1538,15,15,6470611.6046,4441.3220,3.163135,0.073766,3.516172,0.0099,44.0690,55.9211,9.87e-14
1539,15,15,6470627.6101,4441.3220,3.163136,0.064998,3.516173,0.0090,26.3606,73.6304,1.11e-13
1540,15,15,6470717.4472,4441.3220,3.163142,0.092265,3.516161,0.0111,43.3878,56.6011,1.01e-13
1541,15,15,6470747.3699,4441.3220,3.163144,0.050956,3.516178,0.0093,67.5097,32.4810,1.11e-13
1542,15,15,6470756.5082,4441.3220,3.163145,0.065182,3.516175,0.0099,40.7141,59.2759,1.15e-13
1543,15,15,6470804.3985,4441.3220,3.163148,0.073822,3.516172,0.0095,64.8389,35.1516,9.65e-14
1544,15,15,6470866.6359,4441.3220,3.163152,0.058582,3.516176,0.0091,40.8534,59.1375,1.14e-13
1545,15,15,6470882.6598,4441.3220,3.163153,0.045772,3.516179,0.0087,60.9895,39.0018,1.12e-13
1546,15,15,6470942.4990,4441.3220,3.163157,0.069088,3.516176,0.0088,48.0622,51.9290,9.16e-14
1547,15,15,6471008.9556,4441.3220,3.163162,0.071468,3.516174,0.0094,71.3201,28.6705,9.58e-14
1548,15,15,6471120.6013,4441.3220,3.163169,0.067057,3.516174,0.0095,37.6334,62.3570,8.20e-14
1549,15,15,6471182.4863,4441.3220,3.163173,0.079743,3.516167,0.0091,55.8428,44.1481,8.98e-14
1550,15,15,6471255.4322,4441.3220,3.163178,0.067025,3.516172,0.0104,39.8032,60.1864,1.02e-13
1551,15,15,6471296.9205,4441.3220,3.163181,0.071977,3.516169,0.0105,69.5670,30.4225,1.14e-13
1552,15,15,6471314.8562,4441.3220,3.163182,0.084648,3.516168,0.0107,40.0415,59.9478,1.16e-13
1553,15,15,6471347.4421,4441.3220,3.163184,0.065627,3.516174,0.0087,61.8747,38.1166,9.80e-14
1554,15,15,6471391.2006,4441.3220,3.163187,0.055591,3.516177,0.0081,43.5344,56.4575,9.83e-14
1555,15,15,6471433.4147,4441.3220,3.163190,0.067892,3.516171,0.0105,42.6634,57.3261,1.00e-13
1556,15,15,6471502.6500,4441.3220,3.163195,0.059487,3.516173,0.0082,69.3201,30.6716,1.06e-13
1557,15,15,6471586.2280,4441.3220,3.163200,0.058004,3.516175,0.0076,38.7914,61.2010,1.06e-13
1558,15,15,6471611.7921,4441.3220,3.163202,0.075223,3.516164,0.0087,42.4662,57.5251,1.11e-13
1559,15,15,6471724.9076,4441.3220,3.163210,0.072368,3.516171,0.0110,28.2110,71.7780,1.09e-13
1560,15,15,6471746.5243,4441.3220,3.163211,0.087612,3.516167,0.0120,29.0259,70.9621,1.12e-13
1561,15,15,6471770.9967,4441.3220,3.163213,0.070582,3.516170,0.0087,25.2185,74.7727,1.07e-13
1562,15,15,6471885.7383,4441.3220,3.163220,0.080219,3.516165,0.0096,51.6496,48.3408,1.01e-13
1563,15,15,6471923.2725,4441.3220,3.163223,0.079148,3.516168,0.0113,67.0054,32.9833,1.06e-13
1564,15,15,6471939.1789,4441.3220,3.163224,0.056865,3.516180,0.0096,58.3039,41.6865,1.11e-13
1565,15,15,6471992.4962,4441.3220,3.163228,0.083279,3.516165,0.0098,33.0298,66.9604,1.03e-13
1566,15,15,6472020.2491,4441.3220,3.163229,0.075321,3.516167,0.0104,53.7758,46.2138,1.05e-13
1567,15,15,6472079.3203,4441.3220,3.163233,0.062092,3.516173,0.0088,41.2892,58.7020,1.19e-13
1568,15,15,6472098.5417,4441.3220,3.163235,0.059214,3.516175,0.0076,34.7066,65.2859,8.71e-14
1569,15,15,6472200.1707,4441.3220,3.163242,0.068459,3.516172,0.0092,63.1649,36.8259,1.04e-13
1570,15,15,6472251.7814,4441.3220,3.163245,0.078261,3.516165,0.0083,57.6352,42.3565,1.05e-13
1571,15,15,6472276.6176,4441.3220,3.163247,0.073022,3.516170,0.0094,63.8645,36.1261,1.00e-13
1572,15,15,6472307.1130,4441.3220,3.163249,0.084585,3.516165,0.0110,43.6735,56.3156,9.24e-14
1573,15,15,6472386.1382,4441.3220,3.163254,0.072886,3.516172,0.0112,53.7550,46.2338,9.01e-14
1574,15,15,6472478.2361,4441.3220,3.163260,0.095567,3.516160,0.0120,36.7880,63.1999,9.56e-14
1575,15,15,6472530.8979,4441.3220,3.163264,0.075144,3.516171,0.0094,52.0353,47.9553,1.10e-13
1576,15,15,6472628.3485,4441.3220,3.163270,0.071435,3.516171,0.0091,36.9292,63.0617,1.04e-13
1577,15,15,6472659.4108,4441.3220,3.163272,0.061141,3.516176,0.0088,57.8695,42.1217,1.07e-13
1578,15,15,6472678.2445,4441.3220,3.163274,0.085187,3.516167,0.0105,45.4879,54.5016,9.42e-14
1579,15,15,6472786.6373,4441.3220,3.163281,0.057042,3.516178,0.0089,67.0187,32.9724,9.26e-14
1580,15,15,6472789.8186,4441.3220,3.163281,0.070820,3.516174,0.0088,54.3722,45.6190,1.13e-13
1581,15,15,6472842.2492,4441.3220,3.163285,0.060165,3.516174,0.0079,67.0388,32.9533,1.05e-13
1582,15,15,6472863.7748,4441.3220,3.163286,0.064961,3.516170,0.0083,71.2773,28.7143,9.38e-14
1583,15,15,6472899.6455,4441.3220,3.163289,0.064099,3.516174,0.0097,52.5656,47.4247,1.02e-13
1584,15,15,6472982.3442,4441.3220,3.163294,0.074741,3.516170,0.0113,60.1630,39.8257,1.01e-13
1585,15,15,6473011.7959,4441.3220,3.163296,0.076155,3.516173,0.0107,68.8098,31.1796,1.03e-13
1586,15,15,6473032.3604,4441.3220,3.163297,0.064408,3.516174,0.0102,58.7708,41.2189,1.09e-13
1587,15,15,6473054.7140,4441.3220,3.163299,0.097601,3.516158,0.0130,49.3646,50.6224,9.36e-14
1588,15,15,6473140.7434,4441.3220,3.163305,0.086187,3.516166,0.0118,49.8574,50.1308,1.05e-13
1589,15,15,6473149.9463,4441.3220,3.163305,0.080880,3.516167,0.0115,61.6741,38.3144,8.25e-14
1590,15,15,6473167.8316,4441.3220,3.163307,0.057594,3.516178,0.0094,32.6183,67.3723,1.22e-13
1591,15,15,6473208.0267,4441.3220,3.163309,0.081643,3.516165,0.0094,54.6497,45.3409,9.91e-14
1592,15,15,6473303.8539,4441.3220,3.163316,0.077992,3.516167,0.0099,28.0205,71.9695,1.09e-13
1593,15,15,6473313.8947,4441.3220,3.163316,0.072618,3.516171,0.0089,71.8749,28.1162,1.05e-13
1594,15,15,6473442.6151,4441.3220,3.163325,0.066692,3.516174,0.0091,57.3503,42.6406,1.10e-13
1595,15,15,6473463.0693,4441.3220,3.163326,0.069364,3.516170,0.0085,27.0559,72.9356,9.69e-14
1596,15,15,6473522.3613,4441.3220,3.163330,0.076101,3.516168,0.0090,55.1622,44.8288,9.34e-14
1597,15,15,6473540.7984,4441.3220,3.163332,0.074331,3.516171,0.0095,56.6089,43.3816,1.15e-13
1598,15,15,6473566.6348,4441.3220,3.163333,0.075392,3.516169,0.0106,67.8039,32.1855,9.01e-14
1599,15,15,6473614.4438,4441.3220,3.163337,0.058893,3.516174,0.0082,31.2879,68.7040,1.19e-13
1600,15,15,6473639.2259,4441.3220,3.163338,0.071351,3.516171,0.0091,71.2110,28.7799,1.10e-13
1601,15,15,6473692.6925,4441.3220,3.163342,0.076150,3.516168,0.0102,56.0618,43.9280,9.37e-14
1602,15,15,6473753.0290,4441.3220,3.163346,0.057520,3.516177,0.0084,49.0674,50.9242,1.05e-13
1603,15,15,6473805.8205,4441.3220,3.163349,0.057276,3.516177,0.0094,31.4547,68.5359,1.09e-13
1604,15,15,6473831.0035,4441.3220,3.163351,0.062081,3.516175,0.0089,41.6925,58.2986,1.12e-13
1605,15,15,6473863.2160,4441.3220,3.163353,0.063030,3.516171,0.0074,58.9732,41.0194,1.09e-13
1606,15,15,6473916.0838,4441.3220,3.163357,0.069217,3.516174,0.0090,60.8161,39.1749,1.04e-13
1607,15,15,6473970.1984,4441.3220,3.163360,0.063408,3.516172,0.0090,51.9453,48.0457,1.02e-13
1608,15,15,6474040.0382,4441.3220,3.163365,0.080591,3.516168,0.0105,53.3199,46.6695,1.16e-13
1609,15,15,6474057.3365,4441.3220,3.163366,0.051596,3.516177,0.0078,38.4067,61.5855,9.45e-14
1610,15,15,6474124.8473,4441.3220,3.163371,0.081087,3.516169,0.0112,48.7202,51.2686,1.04e-13
1611,15,15,6474175.9912,4441.3220,3.163374,0.056126,3.516177,0.0094,56.6282,43.3624,1.31e-13
1612,15,15,6474195.0468,4441.3220,3.163375,0.080882,3.516169,0.0109,37.4852,62.5039,1.17e-13
1613,15,15,6474202.5638,4441.3220,3.163376,0.069728,3.516171,0.0090,67.7723,32.2187,9.22e-14
1614,15,15,6474251.1618,4441.3220,3.163379,0.081664,3.516166,0.0097,54.6593,45.3310,1.01e-13
1615,15,15,6474282.4227,4441.3220,3.163381,0.070791,3.516172,0.0092,46.5220,53.4688,1.08e-13
1616,15,15,6474316.1024,4441.3220,3.163384,0.067977,3.516172,0.0085,65.1003,34.8913,1.02e-13
1617,15,15,6474340.2598,4441.3220,3.163385,0.063938,3.516173,0.0099,72.5865,27.4036,1.07e-13
1618,15,15,6474386.7536,4441.3220,3.163388,0.084833,3.516166,0.0117,46.7132,53.2751,9.54e-14
1619,15,15,6474416.3252,4441.3220,3.163390,0.063763,3.516173,0.0081,64.8626,35.1293,1.12e-13
1620,15,15,6474492.2359,4441.3220,3.163395,0.068846,3.516170,0.0084,29.7825,70.2092,1.05e-13
1621,15,15,6474511.7022,4441.3220,3.163397,0.068682,3.516174,0.0108,42.6139,57.3753,1.21e-13
1622,15,15,6474545.2839,4441.3220,3.163399,0.060816,3.516176,0.0095,50.0550,49.9355,1.27e-13
1623,15,15,6474567.9559,4441.3220,3.163401,0.066668,3.516174,0.0092,46.9837,53.0070,1.09e-13
1624,15,15,6474617.1515,4441.3220,3.163404,0.071393,3.516173,0.0104,45.1308,54.8588,8.91e-14
1625,15,15,6474646.5009,4441.3220,3.163406,0.063975,3.516174,0.0094,42.5036,57.4870,1.14e-13
1626,15,15,6474698.2046,4441.3220,3.163409,0.053930,3.516174,0.0079,48.2540,51.7381,1.04e-13
1627,15,15,6474723.0336,4441.3220,3.163411,0.073553,3.516173,0.0114,33.4471,66.5415,1.14e-13
1628,15,15,6474732.6171,4441.3220,3.163412,0.091119,3.516160,0.0113,61.1540,38.8347,1.02e-13
1629,15,15,6474786.3309,4441.3220,3.163415,0.094740,3.516161,0.0113,53.7697,46.2190,1.20e-13
1630,15,15,6474823.3972,4441.3220,3.163418,0.060269,3.516174,0.0071,48.9806,51.0124,1.08e-13
1631,15,15,6474908.6111,4441.3220,3.163423,0.068236,3.516169,0.0095,35.4946,64.4960,1.14e-13
1632,15,15,6474931.6757,4441.3220,3.163425,0.057643,3.516176,0.0086,54.7015,45.2900,1.23e-13
1633,15,15,6474949.9857,4441.3220,3.163426,0.054242,3.516179,0.0086,50.6665,49.3249,1.10e-13
1634,15,15,6474990.6729,4441.3220,3.163429,0.062284,3.516175,0.0099,51.1775,48.8126,1.03e-13
1635,15,15,6475015.2684,4441.3220,3.163431,0.067489,3.516173,0.0096,42.1114,57.8790,1.09e-13
1636,15,15,6475040.9533,4441.3220,3.163432,0.085495,3.516163,0.0096,56.0686,43.9218,1.18e-13
1637,15,15,6475059.0143,4441.3220,3.163433,0.077548,3.516166,0.0085,36.7206,63.2710,1.03e-13
1638,15,15,6475092.9495,4441.3220,3.163436,0.055611,3.516177,0.0088,58.1471,41.8441,1.15e-13
1639,15,15,6475138.8955,4441.3220,3.163439,0.061156,3.516175,0.0070,57.2849,42.7081,1.31e-13
1640,15,15,6475150.5750,4441.3220,3.163440,0.069583,3.516168,0.0073,54.1280,45.8646,1.05e-13
1641,15,15,6475212.5742,4441.3220,3.163444,0.071593,3.516170,0.0082,45.7269,54.2649,1.06e-13
1642,15,15,6475227.1756,4441.3220,3.163445,0.069243,3.516171,0.0106,50.4606,49.5288,1.20e-13
1643,15,15,6475259.2400,4441.3220,3.163447,0.055048,3.516178,0.0088,39.0998,60.8914,1.14e-13
1644,15,15,6475290.6757,4441.3220,3.163449,0.079418,3.516165,0.0090,67.2090,32.7820,1.15e-13
1645,15,15,6475311.6419,4441.3220,3.163450,0.068373,3.516171,0.0085,45.4060,54.5855,9.99e-14
1646,15,15,6475381.3275,4441.3220,3.163455,0.067819,3.516173,0.0085,53.9717,46.0198,1.10e-13
1647,15,15,6475397.4689,4441.3220,3.163456,0.079189,3.516168,0.0094,49.4607,50.5299,8.80e-14
1648,15,15,6475430.8720,4441.3220,3.163458,0.066341,3.516170,0.0081,56.6479,43.3440,1.24e-13
1649,15,15,6475477.2265,4441.3220,3.163462,0.079538,3.516170,0.0093,51.5391,48.4516,1.06e-13
1650,15,15,6475499.0309,4441.3220,3.163463,0.047622,3.516180,0.0078,41.6172,58.3750,1.00e-13
1651,15,15,6475524.4753,4441.3220,3.163465,0.069253,3.516173,0.0097,51.3108,48.6794,1.10e-13
1652,15,15,6475571.4042,4441.3220,3.163468,0.058564,3.516174,0.0073,44.3552,55.6375,1.20e-13
1653,15,15,6475620.0083,4441.3220,3.163471,0.069585,3.516173,0.0102,27.5960,72.3938,7.43e-14
1654,15,15,6475634.3293,4441.3220,3.163472,0.042686,3.516181,0.0077,64.8086,35.1836,1.08e-13
1655,15,15,6475659.9517,4441.3220,3.163474,0.055195,3.516175,0.0079,54.0994,45.8928,1.23e-13
1656,15,15,6475690.2106,4441.3220,3.163476,0.062830,3.516175,0.0082,59.5751,40.4167,1.08e-13
1657,15,15,6475706.0154,4441.3220,3.163477,0.058095,3.516175,0.0088,36.0566,63.9346,9.81e-14
1658,15,15,6475753.4562,4441.3220,3.163480,0.075166,3.516170,0.0102,52.7118,47.2780,9.10e-14
1659,15,15,6475799.1287,4441.3220,3.163483,0.064720,3.516173,0.0090,44.2467,55.7443,1.21e-13
1660,15,15,6475812.6003,4441.3220,3.163484,0.080760,3.516166,0.0106,38.5189,61.4705,8.42e-14
1661,15,15,6475826.7157,4441.3220,3.163485,0.064727,3.516174,0.0099,62.7403,37.2498,1.12e-13
1662,15,15,6475908.0606,4441.3220,3.163490,0.072473,3.516170,0.0097,43.3481,56.6422,1.10e-13
1663,15,15,6475956.1841,4441.3220,3.163494,0.075798,3.516168,0.0077,60.4876,39.5047,1.31e-13
1664,15,15,6475988.6564,4441.3220,3.163496,0.068935,3.516175,0.0104,30.8976,69.0921,8.77e-14
1665,15,15,6476029.0166,4441.3220,3.163499,0.083085,3.516166,0.0102,54.8151,45.1747,9.22e-14
1666,15,15,6476064.3674,4441.3220,3.163501,0.052429,3.516179,0.0079,46.2312,53.7609,1.02e-13
1667,15,15,6476087.7508,4441.3220,3.163503,0.067225,3.516173,0.0096,54.3164,45.6740,1.17e-13
1668,15,15,6476113.1956,4441.3220,3.163504,0.066988,3.516174,0.0091,43.6094,56.3815,1.10e-13
1669,15,15,6476159.2925,4441.3220,3.163507,0.064381,3.516174,0.0087,48.2494,51.7419,8.99e-14
1670,15,15,6476185.8141,4441.3220,3.163509,0.059942,3.516177,0.0106,43.8199,56.1695,1.04e-13
1671,15,15,6476211.2178,4441.3220,3.163511,0.068503,3.516173,0.0079,57.3868,42.6053,9.85e-14
1672,15,15,6476251.8699,4441.3220,3.163514,0.087616,3.516163,0.0108,42.4329,57.5563,9.49e-14
1673,15,15,6476285.9016,4441.3220,3.163516,0.061178,3.516175,0.0097,34.9937,64.9966,1.10e-13
1674,15,15,6476310.7279,4441.3220,3.163517,0.063097,3.516176,0.0091,30.3270,69.6639,1.06e-13
1675,15,15,6476314.8903,4441.3220,3.163518,0.074844,3.516166,0.0093,56.6103,43.3803,1.06e-13
1676,15,15,6476360.6053,4441.3220,3.163521,0.081494,3.516166,0.0096,66.9653,33.0251,1.17e-13
1677,15,15,6476381.8282,4441.3220,3.163522,0.082267,3.516167,0.0094,38.2833,61.7072,9.88e-14
1678,15,15,6476402.3940,4441.3220,3.163524,0.063779,3.516176,0.0086,62.6911,37.3002,1.02e-13
1679,15,15,6476435.9822,4441.3220,3.163526,0.056168,3.516177,0.0079,37.9785,62.0136,1.19e-13
1680,15,15,6476469.1705,4441.3220,3.163528,0.087522,3.516163,0.0124,49.0514,50.9362,9.58e-14
1681,15,15,6476548.3651,4441.3220,3.163533,0.081445,3.516164,0.0086,44.4933,55.4981,9.77e-14
1682,15,15,6476601.0116,4441.3220,3.163537,0.062150,3.516175,0.0092,44.4345,55.5562,9.54e-14
1683,15,15,6476620.5311,4441.3220,3.163538,0.051641,3.516180,0.0086,41.9665,58.0249,1.02e-13
1684,15,15,6476642.2839,4441.3220,3.163540,0.069284,3.516170,0.0083,47.5072,52.4846,1.17e-13
1685,15,15,6476664.1632,4441.3220,3.163541,0.062046,3.516174,0.0087,54.3714,45.6199,1.06e-13
1686,15,15,6476695.9639,4441.3220,3.163543,0.058972,3.516175,0.0080,52.9698,47.0221,1.22e-13
1687,15,15,6476709.4272,4441.3220,3.163544,0.072923,3.516169,0.0083,42.4069,57.5848,1.13e-13
1688,15,15,6476762.1309,4441.3220,3.163548,0.064812,3.516173,0.0087,47.5172,52.4741,1.08e-13
1689,15,15,6476803.2208,4441.3220,3.163551,0.061431,3.516176,0.0090,44.3383,55.6527,1.20e-13
1690,15,15,6476819.7181,4441.3220,3.163552,0.079434,3.516167,0.0094,66.5077,33.4829,1.18e-13
1691,15,15,6476828.7006,4441.3220,3.163552,0.068317,3.516172,0.0092,46.6810,53.3098,9.98e-14
1692,15,15,6476873.0800,4441.3220,3.163555,0.068568,3.516174,0.0097,41.9262,58.0641,1.12e-13
1693,15,15,6476889.3298,4441.3220,3.163556,0.070782,3.516172,0.0095,57.9515,42.0390,8.44e-14
1694,15,15,6476918.0382,4441.3220,3.163558,0.082752,3.516165,0.0083,41.1262,58.8655,1.37e-13
1695,15,15,6476935.0819,4441.3220,3.163559,0.056475,3.516174,0.0075,38.8292,61.1633,1.10e-13
1696,15,15,6476946.8359,4441.3220,3.163560,0.059384,3.516175,0.0099,46.1682,53.8218,9.03e-14
1697,15,15,6477001.2298,4441.3220,3.163564,0.045268,3.516178,0.0072,49.5585,50.4344,1.01e-13
1698,15,15,6477010.4673,4441.3220,3.163564,0.059832,3.516172,0.0072,25.4496,74.5433,1.28e-13
1699,15,15,6477017.2851,4441.3220,3.163565,0.089514,3.516162,0.0114,53.0253,46.9633,9.75e-14
1700,15,15,6477042.8691,4441.3220,3.163567,0.064600,3.516171,0.0087,31.5180,68.4734,9.89e-14
1701,15,15,6477059.9524,4441.3220,3.163568,0.074268,3.516170,0.0086,32.9275,67.0639,1.08e-13
1702,15,15,6477079.7508,4441.3220,3.163569,0.060726,3.516178,0.0095,42.3731,57.6175,1.23e-13
1703,15,15,6477086.0294,4441.3220,3.163570,0.050639,3.516180,0.0090,34.5061,65.4849,1.14e-13
1704,15,15,6477124.4222,4441.3220,3.163572,0.076990,3.516166,0.0090,41.4145,58.5765,1.03e-13
1705,15,15,6477141.3779,4441.3220,3.163573,0.055554,3.516178,0.0096,63.3980,36.5924,8.68e-14
1706,15,15,6477165.9123,4441.3220,3.163575,0.069682,3.516171,0.0094,50.7291,49.2615,8.90e-14
1707,15,15,6477192.7397,4441.3220,3.163577,0.077619,3.516166,0.0111,41.2804,58.7085,1.04e-13
1708,15,15,6477240.8924,4441.3220,3.163580,0.067008,3.516173,0.0088,54.4526,45.5385,1.23e-13
1709,15,15,6477268.0721,4441.3220,3.163582,0.064402,3.516174,0.0085,64.7977,35.1937,1.29e-13
1710,15,15,6477275.8779,4441.3220,3.163582,0.061666,3.516175,0.0082,39.2027,60.7891,8.54e-14
1711,15,15,6477334.4760,4441.3220,3.163586,0.068319,3.516171,0.0095,56.3951,43.5953,9.42e-14
1712,15,15,6477356.7153,4441.3220,3.163588,0.066613,3.516170,0.0073,48.3841,51.6086,1.19e-13
1713,15,15,6477400.2496,4441.3220,3.163591,0.060563,3.516175,0.0083,56.8892,43.1025,9.46e-14
1714,15,15,6477423.3709,4441.3220,3.163592,0.067685,3.516174,0.0083,46.0802,53.9115,1.13e-13
1715,15,15,6477440.4138,4441.3220,3.163593,0.059129,3.516173,0.0076,47.1745,52.8179,1.15e-13
1716,15,15,6477507.0047,4441.3220,3.163598,0.062571,3.516176,0.0089,60.7539,39.2372,9.21e-14
1717,15,15,6477537.6335,4441.3220,3.163600,0.070130,3.516171,0.0105,57.6648,42.3247,1.15e-13
1718,15,15,6477542.9082,4441.3220,3.163600,0.059760,3.516177,0.0092,58.3396,41.6512,1.19e-13
1719,15,15,6477558.1321,4441.3220,3.163601,0.054740,3.516178,0.0080,59.4359,40.5561,9.82e-14
1720,15,15,6477570.1679,4441.3220,3.163602,0.060283,3.516176,0.0085,43.6885,56.3030,1.21e-13
1721,15,15,6477593.9621,4441.3220,3.163604,0.049637,3.516180,0.0083,63.3976,36.5941,1.22e-13
1722,15,15,6477615.7827,4441.3220,3.163605,0.079257,3.516168,0.0102,52.7413,47.2485,1.05e-13
1723,15,15,6477641.1968,4441.3220,3.163607,0.060849,3.516178,0.0096,50.5654,49.4250,1.20e-13
1724,15,15,6477654.2037,4441.3220,3.163608,0.079079,3.516168,0.0096,55.2920,44.6984,1.03e-13
1725,15,15,6477679.3755,4441.3220,3.163609,0.077647,3.516168,0.0092,62.0027,37.9881,1.21e-13
1726,15,15,6477703.7485,4441.3220,3.163611,0.067363,3.516172,0.0098,57.3824,42.6079,1.10e-13
1727,15,15,6477719.8052,4441.3220,3.163612,0.052223,3.516176,0.0084,62.6451,37.3465,1.06e-13
1728,15,15,6477737.1661,4441.3220,3.163613,0.077567,3.516165,0.0095,51.4288,48.5617,1.10e-13
1729,15,15,6477776.5501,4441.3220,3.163616,0.078742,3.516168,0.0097,56.9556,43.0347,1.16e-13
1730,15,15,6477791.6199,4441.3220,3.163617,0.057399,3.516175,0.0082,37.3547,62.6371,1.03e-13
1731,15,15,6477826.1534,4441.3220,3.163619,0.066569,3.516173,0.0081,38.5924,61.3995,1.01e-13
1732,15,15,6477839.3144,4441.3220,3.163620,0.060117,3.516180,0.0102,52.0609,47.9289,1.03e-13
1733,15,15,6477848.5921,4441.3220,3.163621,0.084193,3.516163,0.0102,51.9456,48.0442,1.22e-13
1734,15,15,6477890.1459,4441.3220,3.163623,0.072080,3.516170,0.0093,51.9453,48.0455,9.75e-14
1735,15,15,6477936.0773,4441.3220,3.163627,0.071593,3.516171,0.0099,47.7014,52.2888,1.14e-13
1736,15,15,6477958.5556,4441.3220,3.163628,0.085678,3.516163,0.0099,50.6850,49.3051,9.71e-14
1737,15,15,6477986.1736,4441.3220,3.163630,0.061977,3.516173,0.0085,60.8353,39.1561,1.16e-13
1738,15,15,6478004.1896,4441.3220,3.163631,0.081884,3.516164,0.0089,50.4478,49.5433,1.04e-13
1739,15,15,6478019.5353,4441.3220,3.163632,0.051734,3.516179,0.0073,46.5328,53.4598,1.17e-13
1740,15,15,6478046.3944,4441.3220,3.163634,0.053597,3.516177,0.0082,47.0196,52.9723,1.00e-13
1741,15,15,6478077.3446,4441.3220,3.163636,0.068831,3.516172,0.0091,49.8816,50.1093,1.29e-13
1742,15,15,6478085.1335,4441.3220,3.163637,0.082556,3.516164,0.0092,46.7241,53.2667,1.13e-13
1743,15,15,6478094.0585,4441.3220,3.163637,0.068596,3.516172,0.0083,54.4353,45.5565,1.07e-13
1744,15,15,6478124.3378,4441.3220,3.163639,0.080701,3.516166,0.0105,45.8672,54.1223,9.41e-14
1745,15,15,6478150.0094,4441.3220,3.163641,0.048789,3.516181,0.0088,48.4946,51.4966,1.30e-13
1746,15,15,6478166.8537,4441.3220,3.163642,0.065209,3.516173,0.0086,46.3028,53.6886,1.10e-13
1747,15,15,6478188.2626,4441.3220,3.163643,0.050876,3.516177,0.0078,56.7459,43.2463,1.08e-13
1748,15,15,6478212.5964,4441.3220,3.163645,0.065789,3.516174,0.0082,51.2586,48.7333,1.03e-13
1749,15,15,6478262.0877,4441.3220,3.163648,0.067385,3.516171,0.0076,52.6830,47.3094,1.15e-13
1750,15,15,6478287.6050,4441.3220,3.163650,0.071301,3.516171,0.0094,55.3032,44.6874,1.22e-13
1751,15,15,6478329.3051,4441.3220,3.163653,0.079876,3.516166,0.0097,48.8986,51.0917,9.95e-14
1752,15,15,6478342.2797,4441.3220,3.163654,0.069323,3.516172,0.0093,45.7463,54.2444,1.12e-13
1753,15,15,6478354.9015,4441.3220,3.163655,0.075028,3.516170,0.0102,33.3942,66.5956,1.14e-13
1754,15,15,6478374.6107,4441.3220,3.163656,0.082068,3.516165,0.0098,52.1214,47.8688,1.25e-13
1755,15,15,6478397.9769,4441.3220,3.163658,0.065199,3.516174,0.0088,58.3346,41.6566,9.51e-14
1756,15,15,6478429.3067,4441.3220,3.163660,0.058381,3.516177,0.0077,50.0484,49.9439,1.23e-13
1757,15,15,6478441.1202,4441.3220,3.163660,0.066316,3.516174,0.0085,73.0597,26.9318,9.57e-14
1758,15,15,6478455.5026,4441.3220,3.163661,0.074118,3.516169,0.0098,59.4346,40.5555,1.21e-13
1759,15,15,6478486.5336,4441.3220,3.163663,0.060660,3.516174,0.0090,58.7853,41.2057,1.12e-13
1760,15,15,6478494.7405,4441.3220,3.163664,0.078734,3.516165,0.0096,58.5494,41.4410,1.04e-13
1761,15,15,6478508.6131,4441.3220,3.163665,0.069242,3.516169,0.0090,47.8717,52.1193,1.21e-13
1762,15,15,6478525.2683,4441.3220,3.163666,0.072915,3.516170,0.0104,45.8313,54.1583,8.29e-14
1763,15,15,6478554.4605,4441.3220,3.163668,0.077679,3.516168,0.0098,52.8463,47.1439,1.12e-13
1764,15,15,6478591.1835,4441.3220,3.163670,0.057745,3.516177,0.0087,43.6704,56.3209,1.07e-13
1765,15,15,6478607.4525,4441.3220,3.163672,0.076731,3.516168,0.0094,54.2471,45.7435,1.18e-13
1766,15,15,6478624.9745,4441.3220,3.163673,0.056252,3.516176,0.0088,55.6844,44.3068,1.30e-13
1767,15,15,6478631.2552,4441.3220,3.163673,0.083834,3.516168,0.0112,59.0743,40.9145,1.18e-13
1768,15,15,6478652.1177,4441.3220,3.163675,0.061013,3.516174,0.0075,51.8114,48.1811,9.57e-14
1769,15,15,6478666.0086,4441.3220,3.163676,0.055857,3.516179,0.0087,46.9053,53.0860,1.30e-13
1770,15,15,6478694.7581,4441.3220,3.163677,0.065950,3.516171,0.0089,55.4500,44.5411,1.14e-13
1771,15,15,6478703.9022,4441.3220,3.163678,0.063170,3.516176,0.0092,55.2624,44.7284,9.86e-14
1772,15,15,6478726.2690,4441.3220,3.163680,0.058171,3.516175,0.0084,55.7950,44.1966,1.30e-13
1773,15,15,6478749.5253,4441.3220,3.163681,0.072874,3.516171,0.0084,40.9875,59.0040,1.27e-13
1774,15,15,6478759.4988,4441.3220,3.163682,0.045562,3.516182,0.0076,38.3119,61.6805,9.43e-14
1775,15,15,6478780.7441,4441.3220,3.163683,0.068533,3.516173,0.0099,52.6202,47.3699,1.01e-13
1776,15,15,6478808.9899,4441.3220,3.163685,0.064511,3.516175,0.0098,58.5435,41.4468,1.18e-13
1777,15,15,6478817.3814,4441.3220,3.163686,0.069698,3.516172,0.0090,58.8736,41.1174,1.11e-13
1778,15,15,6478833.0292,4441.3220,3.163687,0.069518,3.516171,0.0090,55.1934,44.7976,1.13e-13
1779,15,15,6478836.3170,4441.3220,3.163687,0.071757,3.516171,0.0101,53.1835,46.8064,1.22e-13
1780,15,15,6478847.4899,4441.3220,3.163688,0.060170,3.516177,0.0092,56.1971,43.7937,1.07e-13
1781,15,15,6478863.4974,4441.3220,3.163689,0.063769,3.516173,0.0094,57.3878,42.6028,1.03e-13
1782,15,15,6478900.4546,4441.3220,3.163691,0.063705,3.516174,0.0102,42.6750,57.3147,1.02e-13
1783,15,15,6478905.9235,4441.3220,3.163692,0.061251,3.516173,0.0082,51.0466,48.9453,1.14e-13
1784,15,15,6478914.3846,4441.3220,3.163692,0.062204,3.516173,0.0079,64.9335,35.0586,1.16e-13
1785,15,15,6478940.1113,4441.3220,3.163694,0.048684,3.516180,0.0089,46.4084,53.5828,1.01e-13
1786,15,15,6478959.9208,4441.3220,3.163695,0.066730,3.516171,0.0097,50.8880,49.1023,1.00e-13
1787,15,15,6478967.0190,4441.3220,3.163696,0.062669,3.516173,0.0084,47.3579,52.6337,1.22e-13
1788,15,15,6478980.4535,4441.3220,3.163697,0.051709,3.516177,0.0073,52.8587,47.1340,1.06e-13
1789,15,15,6479005.1194,4441.3220,3.163698,0.067527,3.516171,0.0072,55.1424,44.8504,1.16e-13
1790,15,15,6479010.8280,4441.3220,3.163699,0.061872,3.516174,0.0079,61.8928,38.0993,1.17e-13
1791,15,15,6479042.8359,4441.3220,3.163701,0.065225,3.516171,0.0076,54.2218,45.7706,1.09e-13
1792,15,15,6479060.6704,4441.3220,3.163702,0.078639,3.516167,0.0086,53.6346,46.3569,1.23e-13
1793,15,15,6479080.7107,4441.3220,3.163703,0.077374,3.516166,0.0070,45.0044,54.9886,9.71e-14
1794,15,15,6479096.2076,4441.3220,3.163704,0.043466,3.516183,0.0080,46.8665,53.1254,1.15e-13
1795,15,15,6479114.6729,4441.3220,3.163706,0.083781,3.516163,0.0100,40.1331,59.8569,9.78e-14
1796,15,15,6479125.3182,4441.3220,3.163706,0.057308,3.516177,0.0075,57.1900,42.8025,1.27e-13
1797,15,15,6479134.4723,4441.3220,3.163707,0.051367,3.516180,0.0080,55.4869,44.5050,1.01e-13
1798,15,15,6479148.1990,4441.3220,3.163708,0.070187,3.516168,0.0083,45.6252,54.3665,1.19e-13
1799,15,15,6479169.1090,4441.3220,3.163709,0.060538,3.516171,0.0072,49.8937,50.0990,1.22e-13
1800,15,15,6479185.4436,4441.3220,3.163710,0.072398,3.516170,0.0081,37.5518,62.4401,1.24e-13
1801,15,15,6479203.1173,4441.3220,3.163712,0.070620,3.516172,0.0092,59.9312,40.0596,1.09e-13
1802,15,15,6479222.2006,4441.3220,3.163713,0.043522,3.516181,0.0085,46.2244,53.7670,9.75e-14
1803,15,15,6479225.3380,4441.3220,3.163713,0.064632,3.516172,0.0072,58.2643,41.7285,1.35e-13
1804,15,15,6479236.8175,4441.3220,3.163714,0.053437,3.516178,0.0074,48.6634,51.3292,1.25e-13
1805,15,15,6479266.6939,4441.3220,3.163716,0.063398,3.516174,0.0087,50.0871,49.9042,9.65e-14
1806,15,15,6479292.1370,4441.3220,3.163718,0.080038,3.516168,0.0091,46.2280,53.7629,1.02e-13
1807,15,15,6479300.6789,4441.3220,3.163718,0.053903,3.516178,0.0086,59.9833,40.0081,1.18e-13
1808,15,15,6479303.9663,4441.3220,3.163718,0.056604,3.516177,0.0089,65.0067,34.9844,1.33e-13
1809,15,15,6479317.0815,4441.3220,3.163719,0.057599,3.516178,0.0078,56.9318,43.0604,1.07e-13
1810,15,15,6479346.1835,4441.3220,3.163721,0.061809,3.516174,0.0078,51.8014,48.1908,1.11e-13
1811,15,15,6479360.0429,4441.3220,3.163722,0.056100,3.516178,0.0081,40.5199,59.4720,9.69e-14
1812,15,15,6479368.0288,4441.3220,3.163723,0.070983,3.516169,0.0079,49.8576,50.1344,1.20e-13
1813,15,15,6479381.4312,4441.3220,3.163723,0.047120,3.516180,0.0082,51.4764,48.5154,1.30e-13
1814,15,15,6479407.5029,4441.3220,3.163725,0.063789,3.516174,0.0088,53.6965,46.2947,1.15e-13
1815,15,15,6479409.1819,4441.3220,3.163725,0.059277,3.516173,0.0071,48.5545,51.4384,9.94e-14
1816,15,15,6479431.1074,4441.3220,3.163727,0.062262,3.516173,0.0070,42.7077,57.2853,9.79e-14
1817,15,15,6479451.6818,4441.3220,3.163728,0.057103,3.516174,0.0076,51.7322,48.2602,1.26e-13
1818,15,15,6479460.4626,4441.3220,3.163729,0.048928,3.516180,0.0082,56.6295,43.3624,1.15e-13
1819,15,15,6479478.3743,4441.3220,3.163730,0.080498,3.516166,0.0089,46.4683,53.5228,1.14e-13
1820,15,15,6479495.7097,4441.3220,3.163731,0.045375,3.516180,0.0074,56.3250,43.6676,1.20e-13
1821,15,15,6479512.8744,4441.3220,3.163732,0.055750,3.516176,0.0072,42.4710,57.5219,1.07e-13
1822,15,15,6479540.4440,4441.3220,3.163734,0.064053,3.516172,0.0080,53.8805,46.1116,1.13e-13
1823,15,15,6479550.9043,4441.3220,3.163735,0.062919,3.516175,0.0087,51.0041,48.9872,1.21e-13
1824,15,15,6479565.6364,4441.3220,3.163736,0.054965,3.516178,0.0070,54.0766,45.9164,1.08e-13
1825,15,15,6479590.0039,4441.3220,3.163737,0.057498,3.516177,0.0085,49.9228,50.0687,1.26e-13
1826,15,15,6479604.0948,4441.3220,3.163738,0.067410,3.516172,0.0091,52.4676,47.5233,1.10e-13
1827,15,15,6479614.0740,4441.3220,3.163739,0.052425,3.516176,0.0072,49.3023,50.6905,1.36e-13
1828,15,15,6479622.6624,4441.3220,3.163740,0.058708,3.516177,0.0091,36.7918,63.1991,8.66e-14
1829,15,15,6479642.0467,4441.3220,3.163741,0.054889,3.516176,0.0070,46.0506,53.9424,1.10e-13
1830,15,15,6479653.9617,4441.3220,3.163742,0.057386,3.516175,0.0074,51.0005,48.9921,1.26e-13
1831,15,15,6479678.6805,4441.3220,3.163743,0.057214,3.516172,0.0074,51.2006,48.7920,1.09e-13
1832,15,15,6479685.5882,4441.3220,3.163744,0.046147,3.516180,0.0063,61.7634,38.2302,1.24e-13
1833,15,15,6479714.4749,4441.3220,3.163746,0.063089,3.516173,0.0078,50.0148,49.9774,1.28e-13
1834,15,15,6479720.2549,4441.3220,3.163746,0.050253,3.516178,0.0076,51.1563,48.8361,1.02e-13
1835,15,15,6479730.9211,4441.3220,3.163747,0.063759,3.516173,0.0077,41.3841,58.6082,1.23e-13
1836,15,15,6479742.9473,4441.3220,3.163748,0.060972,3.516174,0.0080,54.0814,45.9106,1.29e-13
1837,15,15,6479757.2216,4441.3220,3.163749,0.055411,3.516177,0.0075,54.3038,45.6886,1.30e-13
1838,15,15,6479766.0507,4441.3220,3.163749,0.041101,3.516182,0.0065,44.2692,55.7244,1.06e-13
1839,15,15,6479781.5023,4441.3220,3.163750,0.052018,3.516176,0.0066,48.9176,51.0758,1.43e-13
1840,15,15,6479787.6678,4441.3220,3.163751,0.060369,3.516173,0.0074,50.2587,49.7339,1.08e-13
1841,15,15,6479800.8906,4441.3220,3.163752,0.061001,3.516175,0.0071,52.4023,47.5905,1.35e-13
1842,15,15,6479812.6167,4441.3220,3.163752,0.042809,3.516180,0.0065,44.4456,55.5479,1.36e-13
1843,15,15,6479822.0794,4441.3220,3.163753,0.063280,3.516173,0.0081,52.9160,47.0760,1.58e-13
1844,15,15,6479834.8610,4441.3220,3.163754,0.058188,3.516175,0.0082,55.9606,44.0311,1.11e-13
1845,15,15,6479848.0901,4441.3220,3.163755,0.057825,3.516177,0.0083,39.1466,60.8451,1.23e-13
1846,15,15,6479857.2830,4441.3220,3.163755,0.045889,3.516181,0.0067,41.3727,58.6206,1.16e-13
1847,15,15,6479873.4463,4441.3220,3.163756,0.053628,3.516178,0.0075,50.7754,49.2171,9.43e-14
1848,15,15,6479883.2382,4441.3220,3.163757,0.049862,3.516178,0.0071,60.5135,39.4794,1.21e-13
1849,15,15,6479893.9829,4441.3220,3.163758,0.053347,3.516179,0.0066,53.6236,46.3698,1.22e-13
1850,15,15,6479909.9262,4441.3220,3.163759,0.054677,3.516177,0.0073,54.8997,45.0930,1.08e-13
1851,15,15,6479927.1986,4441.3220,3.163760,0.066503,3.516172,0.0081,65.6329,34.3590,1.17e-13
1852,15,15,6479936.1703,4441.3220,3.163761,0.046425,3.516179,0.0073,56.9628,43.0299,1.38e-13
1853,15,15,6479944.8827,4441.3220,3.163761,0.051701,3.516179,0.0077,58.8460,41.1462,1.34e-13
1854,15,15,6479955.3078,4441.3220,3.163762,0.059716,3.516175,0.0079,49.6864,50.3057,1.10e-13
1855,15,15,6479973.9026,4441.3220,3.163763,0.044238,3.516180,0.0070,44.8075,55.1855,1.33e-13
1856,15,15,6479988.0467,4441.3220,3.163764,0.045681,3.516179,0.0075,51.4146,48.5779,1.24e-13
1857,15,15,6479992.3464,4441.3220,3.163764,0.049403,3.516177,0.0070,54.6658,45.3272,1.10e-13
1858,15,15,6480007.7298,4441.3220,3.163766,0.041085,3.516184,0.0075,41.5309,58.4616,1.01e-13
1859,15,15,6480019.6054,4441.3220,3.163766,0.061294,3.516172,0.0077,45.4857,54.5066,1.20e-13
1860,15,15,6480039.3686,4441.3220,3.163768,0.051154,3.516178,0.0068,48.4960,51.4972,1.10e-13
1861,15,15,6480047.0577,4441.3220,3.163768,0.066600,3.516171,0.0072,37.0409,62.9519,1.29e-13
1862,15,15,6480051.7088,4441.3220,3.163768,0.040937,3.516181,0.0057,60.1848,39.8096,1.38e-13
1863,15,15,6480062.7731,4441.3220,3.163769,0.047820,3.516179,0.0065,50.9610,49.0326,1.34e-13
1864,15,15,6480069.5653,4441.3220,3.163770,0.048838,3.516179,0.0066,40.8761,59.1173,1.05e-13
1865,15,15,6480082.7768,4441.3220,3.163771,0.055814,3.516175,0.0068,55.7004,44.2928,1.30e-13
1866,15,15,6480095.3118,4441.3220,3.163771,0.055962,3.516175,0.0064,54.0987,45.8948,1.12e-13
1867,15,15,6480114.2809,4441.3220,3.163773,0.040665,3.516182,0.0071,45.2396,54.7533,1.34e-13
1868,15,15,6480127.7742,4441.3220,3.163774,0.053438,3.516175,0.0068,53.0737,46.9195,1.03e-13
1869,15,15,6480150.9246,4441.3220,3.163775,0.044642,3.516182,0.0068,50.1427,49.8504,1.12e-13
1870,15,15,6480153.8271,4441.3220,3.163775,0.049899,3.516178,0.0065,44.1976,55.7960,1.20e-13
1871,15,15,6480164.3181,4441.3220,3.163776,0.049906,3.516180,0.0077,50.9715,49.0209,1.18e-13
1872,15,15,6480170.7899,4441.3220,3.163776,0.067457,3.516171,0.0085,58.7187,41.2728,1.28e-13
1873,15,15,6480179.4958,4441.3220,3.163777,0.044402,3.516181,0.0058,51.4231,48.5710,1.18e-13
1874,15,15,6480201.6452,4441.3220,3.163779,0.054268,3.516175,0.0065,47.2013,52.7922,1.30e-13
1875,15,15,6480210.4711,4441.3220,3.163779,0.049014,3.516177,0.0065,49.3840,50.6095,1.14e-13
1876,15,15,6480219.0951,4441.3220,3.163780,0.057267,3.516176,0.0084,55.6468,44.3448,1.17e-13
1877,15,15,6480230.8099,4441.3220,3.163780,0.042738,3.516184,0.0071,49.5455,50.4474,1.42e-13
1878,15,15,6480232.5187,4441.3220,3.163781,0.048154,3.516178,0.0061,45.9032,54.0907,1.40e-13
1879,15,15,6480240.8302,4441.3220,3.163781,0.051723,3.516177,0.0069,44.7736,55.2195,1.10e-13
1880,15,15,6480249.9793,4441.3220,3.163782,0.065326,3.516172,0.0077,55.7770,44.2152,1.07e-13
1881,15,15,6480269.1961,4441.3220,3.163783,0.051074,3.516179,0.0074,47.7258,52.2667,1.21e-13
1882,15,15,6480283.0164,4441.3220,3.163784,0.036249,3.516184,0.0064,52.4545,47.5391,1.31e-13
1883,15,15,6480285.3458,4441.3220,3.163784,0.031383,3.516186,0.0059,51.0817,48.9124,1.34e-13
1884,15,15,6480302.7417,4441.3220,3.163785,0.049269,3.516179,0.0067,46.6066,53.3867,1.38e-13
1885,15,15,6480306.7398,4441.3220,3.163786,0.042099,3.516181,0.0059,44.4016,55.5926,1.48e-13
1886,15,15,6480319.1544,4441.3220,3.163786,0.050423,3.516179,0.0064,56.2710,43.7227,1.19e-13
1887,15,15,6480329.9895,4441.3220,3.163787,0.058834,3.516173,0.0063,50.2647,49.7290,1.41e-13
1888,15,15,6480342.5324,4441.3220,3.163788,0.053179,3.516175,0.0067,40.0524,59.9409,1.39e-13
1889,15,15,6480353.7066,4441.3220,3.163789,0.039560,3.516182,0.0049,55.7237,44.2714,1.25e-13
1890,15,15,6480364.3796,4441.3220,3.163789,0.051299,3.516177,0.0072,49.8005,50.1923,1.28e-13
1891,15,15,6480369.9647,4441.3220,3.163790,0.043103,3.516180,0.0055,60.4591,39.5354,1.61e-13
1892,15,15,6480370.4294,4441.3220,3.163790,0.052702,3.516175,0.0060,47.9697,52.0243,1.35e-13
1893,15,15,6480379.3027,4441.3220,3.163790,0.056294,3.516177,0.0070,44.7007,55.2922,1.40e-13
1894,15,15,6480385.5854,4441.3220,3.163791,0.044665,3.516181,0.0071,45.9872,54.0057,1.30e-13
1895,15,15,6480405.4633,4441.3220,3.163792,0.043594,3.516181,0.0059,45.8243,54.1697,1.18e-13
1896,15,15,6480408.6108,4441.3220,3.163792,0.043245,3.516181,0.0063,49.4105,50.5832,1.37e-13
1897,15,15,6480416.2045,4441.3220,3.163793,0.046860,3.516177,0.0058,52.8637,47.1305,1.40e-13
1898,15,15,6480430.0307,4441.3220,3.163794,0.034766,3.516184,0.0052,51.7176,48.2772,1.68e-13
1899,15,15,6480437.0821,4441.3220,3.163794,0.065228,3.516173,0.0070,46.1642,53.8288,1.02e-13
1900,15,15,6480441.8726,4441.3220,3.163795,0.057500,3.516174,0.0059,46.8831,53.1110,1.41e-13
1901,15,15,6480452.2798,4441.3220,3.163795,0.043080,3.516182,0.0067,47.1121,52.8812,1.36e-13
1902,15,15,6480459.9713,4441.3220,3.163796,0.051962,3.516178,0.0062,44.5294,55.4644,1.42e-13
1903,15,15,6480468.8535,4441.3220,3.163796,0.049078,3.516177,0.0055,47.0760,52.9185,1.36e-13
1904,15,15,6480477.7333,4441.3220,3.163797,0.045161,3.516180,0.0055,48.4275,51.5671,1.35e-13
1905,15,15,6480479.5872,4441.3220,3.163797,0.037764,3.516183,0.0057,43.8227,56.1717,1.12e-13
1906,15,15,6480496.6235,4441.3220,3.163798,0.050206,3.516178,0.0059,47.7849,52.2092,1.44e-13
1907,15,15,6480499.8791,4441.3220,3.163799,0.041125,3.516180,0.0067,50.8544,49.1389,9.99e-14
1908,15,15,6480509.4899,4441.3220,3.163799,0.042369,3.516181,0.0057,45.4320,54.5623,1.40e-13
1909,15,15,6480512.3493,4441.3220,3.163799,0.041661,3.516180,0.0053,49.2262,50.7685,1.41e-13
1910,15,15,6480518.4435,4441.3220,3.163800,0.045146,3.516179,0.0050,45.4768,54.5182,1.44e-13
1911,15,15,6480538.1358,4441.3220,3.163801,0.047335,3.516178,0.0057,53.8242,46.1702,1.20e-13
1912,15,15,6480544.2807,4441.3220,3.163801,0.042434,3.516179,0.0050,43.7818,56.2133,1.38e-13
1913,15,15,6480551.5915,4441.3220,3.163802,0.047216,3.516179,0.0057,49.2096,50.7847,1.31e-13
1914,15,15,6480559.8578,4441.3220,3.163803,0.040885,3.516183,0.0061,42.8721,57.1217,1.28e-13
1915,15,15,6480564.4764,4441.3220,3.163803,0.036962,3.516181,0.0051,54.2793,45.7155,1.58e-13
1916,15,15,6480577.4331,4441.3220,3.163804,0.043438,3.516180,0.0051,42.2919,57.7030,1.20e-13
1917,15,15,6480588.2412,4441.3220,3.163804,0.047901,3.516178,0.0054,39.0279,60.9667,1.41e-13
1918,15,15,6480590.4233,4441.3220,3.163805,0.043246,3.516179,0.0058,45.6656,54.3286,1.55e-13
1919,15,15,6480599.8192,4441.3220,3.163805,0.045025,3.516180,0.0058,43.3110,56.6833,1.39e-13
1920,15,15,6480605.4552,4441.3220,3.163806,0.034727,3.516183,0.0051,46.0780,53.9169,1.20e-13
1921,15,15,6480606.4435,4441.3220,3.163806,0.046111,3.516178,0.0058,43.0767,56.9175,1.55e-13
1922,15,15,6480611.3011,4441.3220,3.163806,0.035928,3.516183,0.0049,49.9154,50.0797,1.62e-13
1923,15,15,6480620.2441,4441.3220,3.163807,0.037713,3.516182,0.0048,46.0225,53.9726,1.63e-13
1924,15,15,6480629.3621,4441.3220,3.163807,0.048919,3.516177,0.0054,42.9376,57.0569,1.80e-13
1925,15,15,6480632.4940,4441.3220,3.163807,0.038561,3.516180,0.0045,51.9537,48.0418,1.25e-13
1926,15,15,6480640.2648,4441.3220,3.163808,0.034493,3.516183,0.0051,54.5122,45.4827,1.53e-13
1927,15,15,6480643.2457,4441.3220,3.163808,0.031895,3.516184,0.0042,54.4469,45.5489,1.41e-13
1928,15,15,6480648.6355,4441.3220,3.163808,0.041682,3.516180,0.0049,50.1092,49.8860,1.75e-13
1929,15,15,6480652.3839,4441.3220,3.163809,0.052957,3.516177,0.0070,36.3864,63.6066,1.17e-13
1930,15,15,6480664.1655,4441.3220,3.163810,0.045653,3.516178,0.0052,45.5064,54.4884,1.55e-13
1931,15,15,6480666.9731,4441.3220,3.163810,0.044157,3.516179,0.0049,51.8261,48.1690,1.34e-13
1932,15,15,6480673.3140,4441.3220,3.163810,0.023907,3.516186,0.0040,52.6139,47.3821,2.04e-13
1933,15,15,6480676.4612,4441.3220,3.163810,0.035601,3.516182,0.0042,44.6995,55.2962,1.63e-13
1934,15,15,6480688.8722,4441.3220,3.163811,0.034425,3.516184,0.0046,46.1941,53.8013,1.36e-13
1935,15,15,6480692.7527,4441.3220,3.163811,0.032780,3.516183,0.0039,47.0526,52.9435,2.03e-13
1936,15,15,6480697.9160,4441.3220,3.163812,0.036590,3.516182,0.0047,46.1755,53.8199,1.69e-13
1937,15,15,6480702.4438,4441.3220,3.163812,0.039461,3.516181,0.0047,51.6975,48.2978,1.42e-13
1938,15,15,6480707.4123,4441.3220,3.163812,0.042464,3.516179,0.0043,47.2775,52.7181,1.65e-13
1939,15,15,6480710.3361,4441.3220,3.163813,0.039374,3.516181,0.0044,41.0475,58.9482,1.42e-13
1940,15,15,6480716.6358,4441.3220,3.163813,0.030880,3.516182,0.0037,42.8628,57.1334,1.85e-13
1941,15,15,6480722.6061,4441.3220,3.163813,0.027396,3.516186,0.0044,43.2582,56.7374,1.65e-13
1942,15,15,6480725.8436,4441.3220,3.163814,0.026174,3.516186,0.0031,47.2043,52.7926,2.11e-13
1943,15,15,6480730.9749,4441.3220,3.163814,0.032281,3.516182,0.0030,58.7299,41.2671,2.28e-13
1944,15,15,6480735.2126,4441.3220,3.163814,0.037874,3.516181,0.0041,46.5486,53.4473,1.55e-13
1945,15,15,6480737.7354,4441.3220,3.163814,0.027352,3.516185,0.0036,54.4921,45.5042,1.77e-13
1946,15,15,6480744.7886,4441.3220,3.163815,0.031835,3.516182,0.0033,58.1333,41.8634,1.56e-13
1947,15,15,6480746.3593,4441.3220,3.163815,0.001118,3.516192,0.0001,49.9502,50.0497,1.03e-12
1948,15,15,6480749.9720,4441.3220,3.163815,0.018623,3.516187,0.0028,59.4464,40.5508,2.23e-13
1949,15,15,6480751.1866,4441.3220,3.163815,0.001633,3.516191,0.0002,37.7020,62.2978,6.10e-13
1950,15,15,6480751.2604,4441.3220,3.163815,0.009135,3.516189,0.0008,57.5807,42.4185,4.42e-13
1951,15,15,6480753.9004,4441.3220,3.163816,0.015895,3.516188,0.0023,42.9179,57.0797,2.53e-13
1952,15,15,6480754.7633,4441.3220,3.163816,0.006987,3.516190,0.0010,57.5937,42.4054,3.83e-13
1953,15,15,6480755.3532,4441.3220,3.163816,0.002118,3.516192,0.0004,49.1198,50.8798,6.49e-13
1954,15,15,6480756.6550,4441.3220,3.163816,0.020622,3.516187,0.0026,45.9171,54.0803,2.11e-13
1955,15,15,6480758.7543,4441.3220,3.163816,0.021745,3.516185,0.0023,48.5320,51.4656,2.20e-13
1956,15,15,6480762.0892,4441.3220,3.163816,0.002946,3.516191,0.0006,48.7649,51.2346,4.30e-13
1957,15,15,6480763.0631,4441.3220,3.163816,0.006061,3.516191,0.0010,51.1207,48.8784,4.00e-13
1958,15,15,6480765.0444,4441.3220,3.163816,0.020745,3.516186,0.0025,50.8331,49.1645,2.62e-13
1959,15,15,6480767.9710,4441.3220,3.163816,0.008004,3.516190,0.0012,67.6896,32.3093,3.62e-13
1960,15,15,6480769.1995,4441.3220,3.163817,0.009205,3.516190,0.0012,37.7590,62.2398,3.49e-13
1961,15,15,6480770.7405,4441.3220,3.163817,0.013664,3.516189,0.0017,38.8487,61.1496,2.65e-13
1962,15,15,6480772.4479,4441.3220,3.163817,0.017067,3.516187,0.0019,45.7073,54.2907,2.87e-13
1963,15,15,6480774.0225,4441.3220,3.163817,0.018108,3.516187,0.0024,57.2582,42.7394,2.13e-13
1964,15,15,6480775.4310,4441.3220,3.163817,0.005703,3.516191,0.0011,41.8874,58.1115,3.85e-13
1965,15,15,6480777.0903,4441.3220,3.163817,0.013915,3.516188,0.0019,41.2762,58.7219,2.86e-13
1966,15,15,6480781.1250,4441.3220,3.163817,0.012451,3.516188,0.0013,69.4687,30.5300,3.33e-13
1967,15,15,6480781.9947,4441.3220,3.163817,0.013644,3.516189,0.0013,26.5466,73.4521,3.31e-13
1968,15,15,6480782.9797,4441.3220,3.163817,0.009924,3.516188,0.0010,60.0879,39.9111,3.07e-13
1969,15,15,6480784.7683,4441.3220,3.163818,0.015358,3.516188,0.0016,49.0540,50.9445,3.46e-13
1970,15,15,6480786.7099,4441.3220,3.163818,0.008426,3.516190,0.0015,46.3362,53.6623,2.93e-13
1971,15,15,6480788.2468,4441.3220,3.163818,0.015632,3.516187,0.0016,37.1093,62.8891,3.25e-13
1972,15,15,6480789.0531,4441.3220,3.163818,0.009686,3.516189,0.0016,37.1639,62.8346,3.03e-13
1973,15,15,6480789.8228,4441.3220,3.163818,0.007504,3.516190,0.0011,63.8193,36.1796,3.43e-13
1974,15,15,6480792.0801,4441.3220,3.163818,0.011632,3.516188,0.0011,50.2421,49.7569,3.54e-13
1975,15,15,6480792.5556,4441.3220,3.163818,0.004056,3.516192,0.0014,58.8958,41.1029,2.70e-13
1976,15,15,6480793.2517,4441.3220,3.163818,0.003129,3.516191,0.0008,58.9430,41.0563,3.81e-13
1977,15,15,6480795.1774,4441.3220,3.163818,0.006097,3.516190,0.0010,52.7527,47.2463,3.14e-13
1978,15,15,6480796.1240,4441.3220,3.163818,0.015591,3.516187,0.0015,49.1379,50.8606,2.97e-13
1979,15,15,6480796.7522,4441.3220,3.163818,0.011637,3.516188,0.0014,42.0562,57.9424,3.37e-13
1980,15,15,6480799.4587,4441.3220,3.163819,0.007358,3.516190,0.0015,44.2580,55.7405,2.84e-13
1981,15,15,6480802.1368,4441.3220,3.163819,0.007705,3.516190,0.0011,49.8936,50.1053,3.62e-13
1982,15,15,6480802.2975,4441.3220,3.163819,0.009298,3.516190,0.0017,45.7116,54.2867,3.08e-13
1983,15,15,6480804.2647,4441.3220,3.163819,0.005627,3.516191,0.0012,55.4989,44.4999,3.77e-13
1984,15,15,6480805.4620,4441.3220,3.163819,0.022263,3.516185,0.0020,48.0975,51.9005,2.80e-13
1985,15,15,6480807.0724,4441.3220,3.163819,0.018199,3.516187,0.0019,43.1537,56.8443,3.11e-13
1986,15,15,6480810.3980,4441.3220,3.163819,0.018156,3.516188,0.0018,43.1747,56.8235,2.64e-13
1987,15,15,6480811.8681,4441.3220,3.163819,0.012724,3.516189,0.0015,52.8363,47.1622,3.05e-13
1988,15,15,6480814.7168,4441.3220,3.163820,0.024003,3.516185,0.0027,48.4705,51.5268,2.49e-13
1989,15,15,6480816.4649,4441.3220,3.163820,0.012242,3.516190,0.0018,43.3891,56.6091,2.78e-13
1990,15,15,6480817.3145,4441.3220,3.163820,0.011066,3.516189,0.0014,53.3111,46.6876,3.38e-13
1991,15,15,6480818.4840,4441.3220,3.163820,0.015110,3.516188,0.0017,44.6667,55.3317,3.08e-13
1992,15,15,6480821.6451,4441.3220,3.163820,0.015473,3.516188,0.0017,45.2535,54.7447,2.31e-13
1993,15,15,6480825.0176,4441.3220,3.163820,0.014318,3.516188,0.0012,49.1802,50.8186,3.21e-13
1994,15,15,6480826.1847,4441.3220,3.163820,0.012525,3.516189,0.0016,47.7988,52.1995,2.69e-13
1995,15,15,6480826.9375,4441.3220,3.163820,0.014181,3.516189,0.0016,52.1080,47.8904,3.20e-13
1996,15,15,6480828.2461,4441.3220,3.163821,0.014454,3.516189,0.0018,41.1413,58.8568,2.46e-13
1997,15,15,6480830.0253,4441.3220,3.163821,0.017007,3.516187,0.0017,46.8045,53.1937,2.76e-13
1998,15,15,6480831.2263,4441.3220,3.163821,0.009962,3.516190,0.0016,46.4327,53.5656,3.14e-13
1999,15,15,6480831.9728,4441.3220,3.163821,0.007123,3.516191,0.0012,37.5146,62.4842,2.95e-13
2000,15,15,6480833.3041,4441.3220,3.163821,0.008995,3.516190,0.0015,80.8078,19.1907,2.76e-13
2001,15,15,6480835.2008,4441.3220,3.163821,0.017785,3.516188,0.0018,50.1009,49.8973,2.49e-13
2002,15,15,6480837.3015,4441.3220,3.163821,0.019296,3.516187,0.0023,47.8300,52.1677,2.20e-13
2003,15,15,6480837.4035,4441.3220,3.163821,0.018397,3.516187,0.0017,60.9128,39.0854,2.95e-13
2004,15,15,6480839.4453,4441.3220,3.163821,0.015634,3.516188,0.0014,40.3857,59.6129,2.55e-13
2005,15,15,6480845.7413,4441.3220,3.163822,0.014312,3.516188,0.0016,68.3572,31.6412,2.71e-13
2006,15,15,6480846.0100,4441.3220,3.163822,0.012592,3.516190,0.0018,41.8654,58.1328,2.38e-13
2007,15,15,6480847.9959,4441.3220,3.163822,0.014716,3.516189,0.0021,48.5460,51.4519,2.89e-13
2008,15,15,6480848.2928,4441.3220,3.163822,0.024836,3.516186,0.0027,56.8712,43.1260,1.68e-13
2009,15,15,6480850.6752,4441.3220,3.163822,0.014795,3.516189,0.0025,46.3184,53.6791,2.80e-13
2010,15,15,6480854.8407,4441.3220,3.163822,0.014193,3.516189,0.0022,50.0744,49.9234,2.47e-13
2011,15,15,6480857.7465,4441.3220,3.163823,0.020698,3.516187,0.0029,56.6269,43.3702,2.09e-13
2012,15,15,6480859.5675,4441.3220,3.163823,0.025689,3.516185,0.0030,60.5208,39.4763,1.96e-13
2013,15,15,6480863.3821,4441.3220,3.163823,0.027407,3.516185,0.0030,43.4176,56.5794,1.90e-13
2014,15,15,6480865.6685,4441.3220,3.163823,0.029465,3.516183,0.0029,54.5150,45.4821,2.06e-13
2015,15,15,6480868.3187,4441.3220,3.163823,0.026331,3.516185,0.0032,54.9361,45.0607,2.26e-13
2016,15,15,6480874.8874,4441.3220,3.163824,0.028504,3.516185,0.0039,57.2402,42.7560,1.67e-13
2017,15,15,6480876.0857,4441.3220,3.163824,0.029762,3.516183,0.0032,58.9117,41.0851,1.81e-13
2018,15,15,6480879.9233,4441.3220,3.163824,0.021992,3.516187,0.0030,61.4202,38.5768,1.94e-13
2019,15,15,6480881.8538,4441.3220,3.163824,0.024694,3.516185,0.0029,57.1233,42.8738,2.12e-13
2020,15,15,6480883.3051,4441.3220,3.163824,0.025122,3.516185,0.0033,51.5074,48.4893,1.83e-13
2021,15,15,6480883.5513,4441.3220,3.163824,0.027071,3.516184,0.0028,47.1543,52.8429,2.23e-13
2022,15,15,6480890.1380,4441.3220,3.163825,0.014301,3.516191,0.0034,50.8107,49.1859,1.61e-13
2023,15,15,6480892.9072,4441.3220,3.163825,0.025336,3.516185,0.0035,59.5949,40.4016,1.82e-13
2024,15,15,6480893.9502,4441.3220,3.163825,0.026753,3.516185,0.0035,46.1015,53.8950,1.73e-13
2025,15,15,6480898.6446,4441.3220,3.163825,0.027394,3.516185,0.0035,51.8001,48.1964,2.08e-13
2026,15,15,6480902.2550,4441.3220,3.163825,0.023519,3.516187,0.0030,69.8411,30.1559,1.78e-13
2027,15,15,6480904.0566,4441.3220,3.163826,0.021341,3.516187,0.0029,49.9987,49.9984,1.55e-13
2028,15,15,6480909.2141,4441.3220,3.163826,0.022286,3.516187,0.0035,64.4560,35.5405,1.88e-13
2029,15,15,6480910.6127,4441.3220,3.163826,0.030247,3.516184,0.0033,32.1889,67.8078,1.46e-13
2030,15,15,6480913.1258,4441.3220,3.163826,0.031991,3.516182,0.0033,41.2870,58.7097,2.07e-13
2031,15,15,6480916.1567,4441.3220,3.163826,0.023429,3.516186,0.0028,59.8358,40.1614,1.79e-13
2032,15,15,6480920.0290,4441.3220,3.163827,0.022484,3.516186,0.0038,47.8211,52.1751,1.68e-13
2033,15,15,6480926.8891,4441.3220,3.163827,0.024467,3.516185,0.0029,50.3785,49.6186,1.48e-13
2034,15,15,6480929.9679,4441.3220,3.163827,0.030818,3.516184,0.0040,44.7882,55.2078,1.82e-13
2035,15,15,6480934.9146,4441.3220,3.163828,0.043197,3.516180,0.0051,56.4252,43.5697,1.81e-13
2036,15,15,6480935.7605,4441.3220,3.163828,0.037349,3.516182,0.0046,53.9044,46.0910,1.41e-13
2037,15,15,6480939.5252,4441.3220,3.163828,0.044491,3.516179,0.0044,48.5561,51.4394,1.71e-13
2038,15,15,6480942.7368,4441.3220,3.163828,0.036572,3.516182,0.0052,58.3149,41.6799,1.45e-13
2039,15,15,6480945.1581,4441.3220,3.163828,0.018563,3.516188,0.0033,46.9348,53.0619,1.53e-13
2040,15,15,6480950.6439,4441.3220,3.163829,0.035235,3.516182,0.0037,56.2337,43.7626,1.38e-13
2041,15,15,6480958.2698,4441.3220,3.163829,0.045248,3.516178,0.0052,45.1592,54.8356,1.24e-13
2042,15,15,6480959.8315,4441.3220,3.163829,0.039979,3.516182,0.0053,53.8947,46.1000,1.64e-13
2043,15,15,6480970.3508,4441.3220,3.163830,0.041360,3.516181,0.0057,45.6859,54.3084,1.38e-13
2044,15,15,6480972.0069,4441.3220,3.163830,0.044268,3.516179,0.0048,51.3143,48.6809,1.48e-13
2045,15,15,6480976.1586,4441.3220,3.163830,0.040066,3.516183,0.0054,54.7307,45.2639,1.24e-13
2046,15,15,6480983.3220,4441.3220,3.163831,0.039148,3.516180,0.0046,52.2264,47.7690,1.22e-13
2047,15,15,6480989.2582,4441.3220,3.163831,0.030830,3.516184,0.0041,41.4470,58.5489,1.55e-13
2048,15,15,6480990.8545,4441.3220,3.163831,0.030076,3.516186,0.0045,46.2756,53.7200,1.27e-13
2049,15,15,6480992.6063,4441.3220,3.163832,0.028679,3.516185,0.0038,47.3671,52.6291,1.42e-13
2050,15,15,6480995.8892,4441.3220,3.163832,0.027201,3.516186,0.0040,62.8644,37.1317,1.43e-13
2051,15,15,6480997.3802,4441.3220,3.163832,0.040198,3.516180,0.0043,47.6369,52.3588,1.49e-13
2052,15,15,6481001.2785,4441.3220,3.163832,0.036408,3.516182,0.0043,56.9223,43.0734,1.24e-13
2053,15,15,6481009.2978,4441.3220,3.163833,0.050162,3.516177,0.0059,38.2435,61.7506,1.47e-13
2054,15,15,6481012.5066,4441.3220,3.163833,0.044436,3.516180,0.0053,51.4011,48.5936,9.43e-14
2055,15,15,6481015.9863,4441.3220,3.163833,0.046813,3.516178,0.0057,42.0388,57.9555,1.52e-13
2056,15,15,6481021.0034,4441.3220,3.163833,0.041523,3.516181,0.0054,44.5250,55.4696,1.30e-13
2057,15,15,6481022.0473,4441.3220,3.163834,0.045607,3.516178,0.0048,35.2786,64.7165,1.26e-13
2058,15,15,6481031.4041,4441.3220,3.163834,0.032267,3.516185,0.0051,49.1278,50.8671,1.36e-13
2059,15,15,6481035.9782,4441.3220,3.163834,0.047203,3.516178,0.0055,62.0996,37.8949,1.12e-13
2060,15,15,6481041.1858,4441.3220,3.163835,0.040573,3.516181,0.0054,40.9390,59.0556,1.37e-13
2061,15,15,6481043.8762,4441.3220,3.163835,0.037007,3.516184,0.0056,39.1276,60.8667,1.02e-13
2062,15,15,6481046.3579,4441.3220,3.163835,0.047603,3.516178,0.0056,46.7596,53.2348,1.43e-13
2063,15,15,6481055.0143,4441.3220,3.163836,0.051912,3.516176,0.0058,47.6718,52.3224,1.15e-13
2064,15,15,6481062.2146,4441.3220,3.163836,0.051089,3.516177,0.0069,43.8134,56.1797,1.07e-13
2065,15,15,6481067.1103,4441.3220,3.163837,0.045332,3.516180,0.0058,41.2675,58.7268,1.15e-13
2066,15,15,6481071.8644,4441.3220,3.163837,0.050082,3.516177,0.0053,53.6994,46.2954,1.18e-13
2067,15,15,6481074.4705,4441.3220,3.163837,0.058620,3.516173,0.0065,52.7793,47.2142,1.39e-13
2068,15,15,6481077.5109,4441.3220,3.163837,0.036118,3.516182,0.0054,43.5894,56.4051,1.38e-13
2069,15,15,6481079.6685,4441.3220,3.163837,0.033600,3.516183,0.0049,47.9004,52.0947,1.18e-13
2070,15,15,6481092.1109,4441.3220,3.163838,0.046479,3.516179,0.0059,48.6736,51.3205,1.32e-13
2071,15,15,6481094.2893,4441.3220,3.163838,0.045289,3.516179,0.0054,57.4447,42.5499,9.63e-14
2072,15,15,6481096.2747,4441.3220,3.163839,0.052202,3.516177,0.0065,47.1275,52.8660,1.16e-13
2073,15,15,6481104.4750,4441.3220,3.163839,0.038699,3.516182,0.0056,57.5164,42.4779,1.36e-13
2074,15,15,6481106.4696,4441.3220,3.163839,0.044619,3.516180,0.0061,51.6278,48.3661,1.15e-13
2075,15,15,6481108.7685,4441.3220,3.163839,0.052395,3.516177,0.0066,59.2881,40.7053,1.23e-13
2076,15,15,6481112.5488,4441.3220,3.163840,0.050718,3.516178,0.0057,58.2693,41.7250,1.07e-13
2077,15,15,6481118.8620,4441.3220,3.163840,0.057879,3.516174,0.0068,45.2292,54.7640,1.05e-13
2078,15,15,6481122.6210,4441.3220,3.163840,0.044553,3.516180,0.0061,43.3554,56.6385,1.09e-13
2079,15,15,6481125.1648,4441.3220,3.163840,0.049455,3.516178,0.0062,52.3938,47.6000,1.16e-13
2080,15,15,6481132.9112,4441.3220,3.163841,0.043483,3.516180,0.0061,44.0311,55.9628,1.28e-13
2081,15,15,6481141.0020,4441.3220,3.163842,0.055335,3.516175,0.0065,49.5311,50.4624,1.03e-13
2082,15,15,6481142.7910,4441.3220,3.163842,0.047534,3.516179,0.0060,47.1253,52.8687,1.28e-13
2083,15,15,6481147.4636,4441.3220,3.163842,0.067074,3.516172,0.0078,55.2030,44.7892,1.08e-13
2084,15,15,6481148.8044,4441.3220,3.163842,0.058390,3.516175,0.0078,53.0600,46.9323,1.09e-13
2085,15,15,6481154.3265,4441.3220,3.163842,0.053852,3.516177,0.0069,43.2812,56.7119,1.34e-13
2086,15,15,6481156.3606,4441.3220,3.163843,0.052436,3.516177,0.0075,43.1535,56.8390,9.41e-14
2087,15,15,6481163.0573,4441.3220,3.163843,0.048475,3.516180,0.0074,48.8145,51.1781,1.02e-13
2088,15,15,6481169.1337,4441.3220,3.163843,0.056656,3.516175,0.0075,43.7056,56.2869,1.08e-13
2089,15,15,6481173.3229,4441.3220,3.163844,0.057424,3.516174,0.0070,46.0535,53.9395,8.30e-14
2090,15,15,6481178.8174,4441.3220,3.163844,0.059067,3.516175,0.0072,40.0111,59.9818,1.30e-13
2091,15,15,6481181.0183,4441.3220,3.163844,0.052320,3.516178,0.0074,37.5855,62.4071,1.26e-13
2092,15,15,6481184.5284,4441.3220,3.163844,0.042506,3.516182,0.0072,52.1439,47.8488,1.06e-13
2093,15,15,6481187.0888,4441.3220,3.163845,0.044502,3.516181,0.0067,52.5211,47.4721,1.27e-13
2094,15,15,6481191.4971,4441.3220,3.163845,0.055231,3.516177,0.0074,44.3610,55.6316,9.75e-14
2095,15,15,6481197.0184,4441.3220,3.163845,0.055279,3.516176,0.0073,41.6091,58.3836,9.21e-14
2096,15,15,6481198.8914,4441.3220,3.163845,0.059814,3.516176,0.0081,55.6725,44.3194,1.13e-13
2097,15,15,6481203.4777,4441.3220,3.163846,0.066079,3.516172,0.0078,47.8950,52.0972,1.22e-13
2098,15,15,6481204.3804,4441.3220,3.163846,0.054517,3.516177,0.0068,58.4167,41.5765,1.26e-13
2099,15,15,6481204.5692,4441.3220,3.163846,0.059415,3.516174,0.0073,46.1292,53.8635,1.06e-13
2100,15,15,6481214.5292,4441.3220,3.163846,0.054678,3.516176,0.0066,49.9005,50.0929,1.04e-13
2101,15,15,6481217.5569,4441.3220,3.163847,0.056860,3.516175,0.0071,40.4898,59.5031,9.49e-14
2102,15,15,6481219.8517,4441.3220,3.163847,0.062776,3.516173,0.0074,39.9633,60.0293,1.14e-13
2103,15,15,6481220.2071,4441.3220,3.163847,0.061283,3.516175,0.0080,43.8347,56.1572,1.04e-13
2104,15,15,6481233.2977,4441.3220,3.163848,0.055933,3.516176,0.0075,50.5643,49.4282,1.13e-13
2105,15,15,6481238.9753,4441.3220,3.163848,0.052387,3.516177,0.0069,49.9327,50.0603,9.66e-14
2106,15,15,6481244.5185,4441.3220,3.163848,0.048922,3.516179,0.0070,40.2196,59.7734,1.14e-13
2107,15,15,6481251.3759,4441.3220,3.163849,0.063085,3.516173,0.0078,51.5553,48.4368,1.04e-13
2108,15,15,6481254.0610,4441.3220,3.163849,0.052962,3.516178,0.0073,47.2797,52.7130,8.10e-14
2109,15,15,6481259.2047,4441.3220,3.163849,0.065577,3.516172,0.0082,44.5320,55.4598,1.06e-13
2110,15,15,6481268.9782,4441.3220,3.163850,0.055798,3.516176,0.0069,49.7941,50.1990,1.02e-13
2111,15,15,6481269.5102,4441.3220,3.163850,0.049154,3.516179,0.0072,48.3245,51.6683,1.03e-13
2112,15,15,6481274.3753,4441.3220,3.163850,0.063456,3.516173,0.0081,51.7027,48.2892,1.08e-13
2113,15,15,6481277.9358,4441.3220,3.163851,0.058101,3.516175,0.0088,49.2298,50.7614,8.76e-14
2114,15,15,6481281.0507,4441.3220,3.163851,0.049249,3.516180,0.0075,42.2195,57.7730,9.28e-14
2115,15,15,6481287.3309,4441.3220,3.163851,0.050261,3.516180,0.0080,58.0234,41.9687,1.03e-13
2116,15,15,6481292.7716,4441.3220,3.163852,0.059761,3.516173,0.0075,50.7393,49.2533,1.12e-13
2117,15,15,6481298.9140,4441.3220,3.163852,0.067240,3.516171,0.0079,49.2673,50.7248,9.23e-14
2118,15,15,6481303.7098,4441.3220,3.163852,0.055471,3.516177,0.0072,47.4286,52.5642,1.13e-13
2119,15,15,6481309.4144,4441.3220,3.163853,0.053167,3.516178,0.0073,49.3075,50.6852,8.13e-14
2120,15,15,6481313.3388,4441.3220,3.163853,0.056629,3.516175,0.0071,51.3972,48.5957,9.94e-14
2121,15,15,6481315.6143,4441.3220,3.163853,0.058553,3.516175,0.0071,51.1246,48.8683,8.14e-14
2122,15,15,6481322.3017,4441.3220,3.163854,0.069999,3.516170,0.0082,50.7632,49.2287,8.26e-14
2123,15,15,6481325.0137,4441.3220,3.163854,0.054213,3.516178,0.0075,56.5312,43.4613,8.89e-14
2124,15,15,6481333.8728,4441.3220,3.163854,0.049447,3.516179,0.0076,57.9695,42.0228,1.06e-13
2125,15,15,6481337.3857,4441.3220,3.163855,0.063313,3.516174,0.0086,47.0509,52.9405,9.67e-14
2126,15,15,6481342.0379,4441.3220,3.163855,0.062924,3.516173,0.0082,48.2014,51.7905,9.73e-14
2127,15,15,6481347.8899,4441.3220,3.163855,0.059190,3.516175,0.0077,38.3838,61.6084,1.03e-13
2128,15,15,6481353.7276,4441.3220,3.163856,0.056820,3.516177,0.0082,56.8188,43.1730,9.39e-14
2129,15,15,6481356.8189,4441.3220,3.163856,0.061917,3.516174,0.0078,53.0867,46.9055,8.66e-14
2130,15,15,6481363.4150,4441.3220,3.163856,0.058940,3.516176,0.0078,58.1440,41.8482,7.84e-14
2131,15,15,6481372.7858,4441.3220,3.163857,0.060144,3.516175,0.0078,49.7346,50.2576,1.11e-13
2132,15,15,6481376.3746,4441.3220,3.163857,0.057276,3.516176,0.0076,59.9011,40.0913,9.63e-14
2133,15,15,6481377.8996,4441.3220,3.163857,0.069754,3.516171,0.0087,49.1676,50.8237,9.42e-14
2134,15,15,6481382.7095,4441.3220,3.163858,0.062479,3.516174,0.0083,41.4196,58.5721,8.22e-14
2135,15,15,6481386.6275,4441.3220,3.163858,0.060489,3.516175,0.0084,55.7041,44.2875,9.78e-14
2136,15,15,6481389.9237,4441.3220,3.163858,0.066638,3.516172,0.0088,43.7852,56.2060,9.90e-14
2137,15,15,6481392.7286,4441.3220,3.163858,0.071976,3.516170,0.0089,49.8051,50.1860,9.29e-14
2138,15,15,6481395.4225,4441.3220,3.163859,0.060212,3.516175,0.0087,43.2978,56.6936,8.37e-14
2139,15,15,6481398.3384,4441.3220,3.163859,0.069897,3.516171,0.0089,49.5697,50.4214,8.00e-14
2140,15,15,6481410.3074,4441.3220,3.163860,0.071402,3.516169,0.0087,45.8863,54.1050,9.02e-14
2141,15,15,6481410.8314,4441.3220,3.163860,0.064686,3.516174,0.0090,50.0566,49.9345,1.02e-13
2142,15,15,6481412.5045,4441.3220,3.163860,0.058978,3.516176,0.0090,57.2794,42.7116,9.54e-14
2143,15,15,6481416.3100,4441.3220,3.163860,0.054399,3.516177,0.0083,46.3577,53.6340,8.49e-14
2144,15,15,6481419.3202,4441.3220,3.163860,0.063040,3.516174,0.0087,48.7739,51.2174,9.40e-14
2145,15,15,6481421.1196,4441.3220,3.163860,0.061554,3.516176,0.0094,43.0696,56.9211,9.48e-14
2146,15,15,6481427.4122,4441.3220,3.163861,0.061637,3.516174,0.0086,53.2871,46.7043,8.15e-14
2147,15,15,6481431.0490,4441.3220,3.163861,0.069509,3.516171,0.0089,40.4135,59.5777,8.39e-14
2148,15,15,6481438.1493,4441.3220,3.163861,0.063341,3.516173,0.0085,39.5924,60.3991,9.59e-14
2149,15,15,6481443.0045,4441.3220,3.163862,0.056146,3.516177,0.0087,44.4094,55.5819,9.17e-14
2150,15,15,6481451.3992,4441.3220,3.163862,0.074507,3.516168,0.0095,49.2682,50.7223,7.07e-14
2151,15,15,6481458.2663,4441.3220,3.163863,0.069904,3.516171,0.0087,58.2946,41.6967,8.40e-14
2152,15,15,6481461.4551,4441.3220,3.163863,0.065172,3.516174,0.0095,45.8348,54.1556,9.15e-14
2153,15,15,6481465.4552,4441.3220,3.163863,0.067711,3.516172,0.0087,48.0112,51.9801,1.02e-13
2154,15,15,6481472.4298,4441.3220,3.163864,0.075571,3.516169,0.0096,54.7816,45.2088,8.34e-14
2155,15,15,6481474.6367,4441.3220,3.163864,0.057210,3.516176,0.0081,52.1307,47.8613,9.11e-14
2156,15,15,6481478.6163,4441.3220,3.163864,0.065874,3.516173,0.0090,51.6226,48.3684,7.80e-14
2157,15,15,6481486.4810,4441.3220,3.163865,0.064452,3.516174,0.0091,51.6860,48.3049,8.35e-14
2158,15,15,6481494.0029,4441.3220,3.163865,0.072324,3.516170,0.0094,47.1028,52.8878,8.22e-14
2159,15,15,6481499.6240,4441.3220,3.163866,0.063792,3.516174,0.0089,48.1813,51.8098,8.81e-14
2160,15,15,6481501.9640,4441.3220,3.163866,0.076324,3.516167,0.0093,54.0229,45.9678,7.73e-14
2161,15,15,6481506.3864,4441.3220,3.163866,0.073840,3.516170,0.0098,42.9166,57.0736,8.98e-14
2162,15,15,6481509.0255,4441.3220,3.163866,0.073999,3.516170,0.0097,51.7823,48.2079,6.99e-14
2163,15,15,6481519.4324,4441.3220,3.163867,0.064228,3.516174,0.0087,50.4425,49.5488,7.94e-14
2164,15,15,6481523.0954,4441.3220,3.163867,0.068504,3.516172,0.0091,43.4109,56.5799,8.78e-14
2165,15,15,6481528.5908,4441.3220,3.163867,0.070539,3.516170,0.0090,44.9082,55.0828,9.13e-14
2166,15,15,6481532.6514,4441.3220,3.163868,0.075083,3.516170,0.0095,49.5105,50.4800,6.63e-14
2167,15,15,6481545.8271,4441.3220,3.163869,0.080003,3.516167,0.0112,44.6833,55.3054,8.62e-14
2168,15,15,6481552.2332,4441.3220,3.163869,0.071301,3.516170,0.0090,41.4704,58.5205,9.94e-14
2169,15,15,6481555.5266,4441.3220,3.163869,0.068083,3.516172,0.0097,56.6535,43.3368,7.75e-14
2170,15,15,6481564.1678,4441.3220,3.163870,0.069389,3.516173,0.0106,44.3592,55.6302,8.32e-14
2171,15,15,6481569.7454,4441.3220,3.163870,0.080982,3.516168,0.0107,47.8943,52.0950,8.08e-14
2172,15,15,6481572.4454,4441.3220,3.163870,0.082599,3.516167,0.0113,51.8606,48.1281,6.88e-14
2173,15,15,6481575.3505,4441.3220,3.163871,0.074366,3.516169,0.0102,47.0504,52.9394,8.18e-14
2174,15,15,6481579.5892,4441.3220,3.163871,0.072731,3.516171,0.0100,51.3268,48.6632,8.64e-14
2175,15,15,6481589.0016,4441.3220,3.163872,0.073034,3.516170,0.0098,49.6576,50.3326,8.56e-14
2176,15,15,6481591.5993,4441.3220,3.163872,0.070485,3.516173,0.0104,39.9437,60.0459,8.11e-14
2177,15,15,6481597.8647,4441.3220,3.163872,0.067962,3.516174,0.0096,45.9250,54.0653,8.40e-14
2178,15,15,6481603.2964,4441.3220,3.163872,0.081244,3.516166,0.0109,48.6089,51.3802,6.82e-14
2179,15,15,6481606.3465,4441.3220,3.163873,0.076404,3.516171,0.0110,52.9098,47.0792,9.55e-14
2180,15,15,6481612.9298,4441.3220,3.163873,0.075515,3.516170,0.0100,54.1186,45.8714,8.17e-14
2181,15,15,6481618.1045,4441.3220,3.163873,0.078743,3.516170,0.0118,41.3314,58.6568,6.83e-14
2182,15,15,6481628.0055,4441.3220,3.163874,0.074246,3.516171,0.0106,51.4481,48.5413,7.77e-14
2183,15,15,6481631.0253,4441.3220,3.163874,0.086575,3.516166,0.0119,53.4862,46.5019,8.13e-14
2184,15,15,6481642.7632,4441.3220,3.163875,0.079442,3.516168,0.0117,51.5102,48.4781,7.45e-14
2185,15,15,6481650.1025,4441.3220,3.163876,0.081725,3.516168,0.0116,41.0674,58.9210,6.70e-14
2186,15,15,6481658.9910,4441.3220,3.163876,0.084993,3.516166,0.0107,52.1652,47.8241,7.38e-14
2187,15,15,6481663.0441,4441.3220,3.163877,0.088098,3.516164,0.0113,51.9775,48.0112,7.35e-14
2188,15,15,6481668.5184,4441.3220,3.163877,0.087628,3.516166,0.0127,53.1032,46.8841,8.73e-14
2189,15,15,6481672.0790,4441.3220,3.163877,0.078024,3.516167,0.0100,49.5294,50.4607,7.29e-14
2190,15,15,6481675.3558,4441.3220,3.163877,0.090362,3.516163,0.0122,56.0676,43.9202,8.09e-14
2191,15,15,6481677.8066,4441.3220,3.163877,0.082359,3.516166,0.0117,37.4923,62.4960,7.56e-14
2192,15,15,6481691.0602,4441.3220,3.163878,0.076824,3.516169,0.0120,47.9122,52.0759,8.11e-14
2193,15,15,6481700.6342,4441.3220,3.163879,0.083054,3.516166,0.0119,42.5283,57.4597,6.80e-14
2194,15,15,6481704.8631,4441.3220,3.163879,0.070738,3.516169,0.0096,46.8178,53.1727,9.21e-14
2195,15,15,6481708.6923,4441.3220,3.163880,0.090419,3.516164,0.0120,44.9843,55.0038,7.08e-14
2196,15,15,6481720.2771,4441.3220,3.163880,0.089756,3.516163,0.0118,48.8100,51.1782,6.57e-14
2197,15,15,6481722.8347,4441.3220,3.163881,0.087521,3.516165,0.0120,45.7768,54.2112,7.66e-14
2198,15,15,6481728.1404,4441.3220,3.163881,0.091907,3.516164,0.0130,55.9951,43.9920,7.92e-14
2199,15,15,6481733.6785,4441.3220,3.163881,0.070758,3.516172,0.0098,53.4214,46.5688,8.84e-14
2200,15,15,6481735.3988,4441.3220,3.163881,0.077969,3.516170,0.0112,54.3937,45.5951,6.72e-14
2201,15,15,6481741.9256,4441.3220,3.163882,0.082286,3.516167,0.0113,51.4991,48.4895,6.39e-14
2202,15,15,6481752.6268,4441.3220,3.163883,0.081355,3.516168,0.0111,49.1607,50.8282,8.23e-14
2203,15,15,6481757.7380,4441.3220,3.163883,0.079280,3.516171,0.0118,50.2783,49.7099,7.13e-14
2204,15,15,6481767.5552,4441.3220,3.163884,0.077619,3.516169,0.0117,53.9052,46.0831,8.59e-14
2205,15,15,6481769.8349,4441.3220,3.163884,0.088739,3.516163,0.0114,54.7967,45.1919,6.49e-14
2206,15,15,6481783.9145,4441.3220,3.163885,0.091707,3.516165,0.0130,49.2052,50.7819,7.74e-14
2207,15,15,6481792.7254,4441.3220,3.163885,0.084252,3.516167,0.0125,47.5827,52.4048,7.83e-14
2208,15,15,6481802.0878,4441.3220,3.163886,0.084179,3.516168,0.0127,54.1383,45.8490,8.22e-14
2209,15,15,6481813.9641,4441.3220,3.163887,0.094083,3.516162,0.0132,53.3143,46.6724,7.51e-14
2210,15,15,6481820.8073,4441.3220,3.163887,0.087014,3.516166,0.0128,54.5779,45.4093,8.43e-14
2211,15,15,6481825.2436,4441.3220,3.163887,0.065047,3.516175,0.0100,66.8092,33.1808,7.87e-14
2212,15,15,6481840.2263,4441.3220,3.163888,0.083109,3.516167,0.0123,51.7655,48.2222,6.63e-14
2213,15,15,6481844.1319,4441.3220,3.163889,0.093553,3.516161,0.0126,45.4999,54.4876,7.66e-14
2214,15,15,6481853.8119,4441.3220,3.163889,0.080953,3.516168,0.0117,44.2471,55.7412,6.71e-14
2215,15,15,6481859.6717,4441.3220,3.163890,0.091288,3.516164,0.0130,55.4058,44.5812,7.23e-14
2216,15,15,6481863.1863,4441.3220,3.163890,0.107965,3.516155,0.0141,49.8908,50.0952,7.28e-14
2217,15,15,6481869.1008,4441.3220,3.163890,0.087744,3.516167,0.0134,49.3204,50.6662,8.18e-14
2218,15,15,6481874.2812,4441.3220,3.163891,0.088317,3.516163,0.0116,48.2309,51.7574,6.33e-14
2219,15,15,6481878.3317,4441.3220,3.163891,0.097398,3.516164,0.0147,47.3412,52.6441,7.65e-14
2220,15,15,6481888.5128,4441.3220,3.163892,0.101334,3.516158,0.0129,39.6879,60.2992,7.63e-14
2221,15,15,6481911.1769,4441.3220,3.163893,0.094184,3.516161,0.0131,40.4203,59.5665,5.89e-14
2222,15,15,6481915.8988,4441.3220,3.163893,0.095430,3.516162,0.0135,54.6816,45.3049,6.75e-14
2223,15,15,6481927.4618,4441.3220,3.163894,0.097441,3.516163,0.0132,37.7156,62.2712,6.93e-14
2224,15,15,6481933.6137,4441.3220,3.163895,0.092029,3.516162,0.0131,46.3903,53.5966,5.94e-14
2225,15,15,6481947.7747,4441.3220,3.163896,0.087265,3.516166,0.0120,56.7128,43.2751,6.89e-14
2226,15,15,6481953.6573,4441.3220,3.163896,0.076166,3.516172,0.0127,54.0990,45.8882,6.75e-14
2227,15,15,6481964.7512,4441.3220,3.163897,0.093140,3.516163,0.0126,59.1510,40.8364,6.75e-14
2228,15,15,6481966.8433,4441.3220,3.163897,0.089154,3.516164,0.0125,61.8616,38.1258,7.51e-14
2229,15,15,6481972.5145,4441.3220,3.163897,0.091852,3.516162,0.0122,51.9526,48.0351,7.66e-14
2230,15,15,6481980.0147,4441.3220,3.163898,0.090104,3.516163,0.0130,58.3733,41.6136,7.04e-14
2231,15,15,6481997.1916,4441.3220,3.163899,0.098016,3.516160,0.0122,53.4261,46.5616,6.45e-14
2232,15,15,6482005.5676,4441.3220,3.163899,0.096312,3.516160,0.0136,65.3730,34.6134,6.94e-14
2233,15,15,6482020.0193,4441.3220,3.163900,0.088654,3.516166,0.0139,44.7924,55.1937,7.18e-14
2234,15,15,6482028.3869,4441.3220,3.163901,0.108810,3.516156,0.0151,38.2020,61.7829,7.27e-14
2235,15,15,6482032.5271,4441.3220,3.163901,0.106498,3.516159,0.0162,36.4072,63.5766,6.41e-14
2236,15,15,6482038.3421,4441.3220,3.163902,0.113976,3.516152,0.0164,50.7154,49.2682,7.12e-14
2237,15,15,6482049.0833,4441.3220,3.163902,0.101021,3.516159,0.0157,53.3997,46.5847,6.42e-14
2238,15,15,6482065.2959,4441.3220,3.163903,0.096559,3.516162,0.0131,60.7979,39.1889,7.16e-14
2239,15,15,6482073.1973,4441.3220,3.163904,0.093085,3.516163,0.0131,52.9266,47.0603,6.61e-14
2240,15,15,6482101.5412,4441.3220,3.163906,0.082783,3.516168,0.0128,41.6248,58.3624,6.59e-14
2241,15,15,6482109.4204,4441.3220,3.163906,0.097448,3.516161,0.0137,40.3507,59.6357,6.24e-14
2242,15,15,6482117.7037,4441.3220,3.163907,0.090958,3.516165,0.0131,40.1128,59.8741,7.35e-14
2243,15,15,6482121.3758,4441.3220,3.163907,0.094874,3.516164,0.0137,64.6325,35.3538,6.79e-14
2244,15,15,6482133.5198,4441.3220,3.163908,0.099711,3.516159,0.0142,54.5093,45.4765,5.73e-14
2245,15,15,6482155.6904,4441.3220,3.163910,0.091113,3.516166,0.0128,38.7480,61.2392,6.78e-14
2246,15,15,6482171.0765,4441.3220,3.163911,0.089645,3.516163,0.0120,66.0516,33.9364,6.92e-14
2247,15,15,6482184.7856,4441.3220,3.163911,0.094001,3.516165,0.0148,45.0684,54.9169,6.33e-14
2248,15,15,6482188.0481,4441.3220,3.163912,0.090081,3.516164,0.0131,65.1718,34.8151,6.28e-14
2249,15,15,6482193.6023,4441.3220,3.163912,0.104763,3.516161,0.0168,48.1958,51.7874,6.55e-14
2250,15,15,6482204.9716,4441.3220,3.163913,0.097355,3.516162,0.0151,49.7182,50.2667,6.21e-14
2251,15,15,6482213.6638,4441.3220,3.163913,0.112736,3.516154,0.0160,59.7608,40.2232,6.11e-14
2252,15,15,6482217.5453,4441.3220,3.163914,0.104112,3.516158,0.0153,54.9514,45.0334,5.98e-14
2253,15,15,6482223.8340,4441.3220,3.163914,0.109859,3.516154,0.0153,53.8416,46.1431,6.84e-14
2254,15,15,6482248.2557,4441.3220,3.163916,0.118874,3.516152,0.0176,54.1335,45.8489,6.01e-14
2255,15,15,6482270.9775,4441.3220,3.163917,0.106619,3.516159,0.0159,64.8761,35.1081,7.25e-14
2256,15,15,6482275.6932,4441.3220,3.163918,0.106975,3.516155,0.0139,46.9847,53.0014,6.52e-14
2257,15,15,6482281.8518,4441.3220,3.163918,0.107381,3.516159,0.0168,58.3327,41.6505,6.49e-14
2258,15,15,6482292.9977,4441.3220,3.163919,0.111311,3.516156,0.0169,48.2400,51.7431,6.14e-14
2259,15,15,6482301.8399,4441.3220,3.163919,0.134627,3.516146,0.0208,39.9601,60.0191,6.53e-14
2260,15,15,6482327.8855,4441.3220,3.163921,0.132323,3.516148,0.0216,64.7791,35.1993,6.05e-14
2261,15,15,6482334.1802,4441.3220,3.163922,0.100002,3.516162,0.0149,52.1046,47.8805,7.39e-14
2262,15,15,6482341.3595,4441.3220,3.163922,0.090977,3.516163,0.0134,46.2480,53.7386,6.12e-14
2263,15,15,6482357.0041,4441.3220,3.163923,0.097142,3.516163,0.0146,63.9387,36.0467,7.37e-14
2264,15,15,6482363.5333,4441.3220,3.163923,0.119724,3.516151,0.0170,45.4589,54.5241,5.93e-14
2265,15,15,6482380.8935,4441.3220,3.163925,0.109786,3.516156,0.0178,53.4333,46.5490,6.26e-14
2266,15,15,6482392.7449,4441.3220,3.163925,0.104696,3.516158,0.0152,38.8157,61.1691,6.82e-14
2267,15,15,6482403.8470,4441.3220,3.163926,0.095678,3.516160,0.0127,31.7550,68.2323,5.48e-14
2268,15,15,6482425.2891,4441.3220,3.163928,0.110059,3.516155,0.0166,55.0773,44.9062,5.97e-14
2269,15,15,6482449.7389,4441.3220,3.163929,0.104947,3.516159,0.0165,69.4372,30.5463,7.11e-14
2270,15,15,6482460.9975,4441.3220,3.163930,0.126901,3.516147,0.0175,72.1327,27.8498,6.33e-14
2271,15,15,6482478.4135,4441.3220,3.163931,0.141828,3.516142,0.0221,39.4943,60.4836,5.85e-14
2272,15,15,6482497.3325,4441.3220,3.163932,0.142876,3.516141,0.0242,41.5588,58.4170,5.94e-14
2273,15,15,6482499.4266,4441.3220,3.163933,0.125223,3.516148,0.0190,75.1698,24.8112,5.53e-14
2274,15,15,6482507.9409,4441.3220,3.163933,0.135414,3.516145,0.0214,39.3647,60.6139,5.80e-14
2275,15,15,6482532.7887,4441.3220,3.163935,0.121198,3.516153,0.0191,47.9044,52.0765,5.59e-14
2276,15,15,6482561.1514,4441.3220,3.163937,0.107202,3.516159,0.0176,58.1908,41.7916,6.68e-14
2277,15,15,6482568.4010,4441.3220,3.163937,0.141956,3.516142,0.0240,48.2328,51.7432,5.91e-14
2278,15,15,6482586.1598,4441.3220,3.163938,0.136769,3.516147,0.0223,64.0952,35.8826,6.13e-14
2279,15,15,6482592.5969,4441.3220,3.163939,0.095362,3.516165,0.0165,60.5119,39.4716,5.32e-14
2280,15,15,6482618.4230,4441.3220,3.163941,0.113905,3.516155,0.0183,58.7055,41.2762,5.75e-14
2281,15,15,6482628.5241,4441.3220,3.163941,0.112655,3.516157,0.0164,38.1352,61.8483,6.13e-14
2282,15,15,6482660.0239,4441.3220,3.163943,0.112679,3.516155,0.0163,67.8867,32.0970,6.60e-14
2283,15,15,6482708.9865,4441.3220,3.163947,0.086227,3.516165,0.0125,93.6073,6.3802,5.27e-14
2284,15,15,6482730.9887,4441.3220,3.163948,0.137804,3.516147,0.0230,54.8596,45.1173,6.29e-14
2285,15,15,6482739.7535,4441.3220,3.163949,0.159144,3.516136,0.0262,54.5605,45.4134,5.55e-14
2286,15,15,6482750.3166,4441.3220,3.163949,0.111677,3.516154,0.0152,43.1556,56.8293,6.94e-14
2287,15,15,6482777.0933,4441.3220,3.163951,0.105764,3.516157,0.0145,18.4331,81.5524,5.57e-14
2288,15,15,6482791.9471,4441.3220,3.163952,0.111180,3.516153,0.0159,24.6490,75.3351,5.13e-14
2289,15,15,6482814.3553,4441.3220,3.163954,0.085214,3.516165,0.0126,28.7621,71.2253,7.43e-14
2290,15,15,6482848.0572,4441.3220,3.163956,0.105440,3.516160,0.0145,59.3604,40.6250,6.91e-14
2291,15,15,6482848.9990,4441.3220,3.163956,0.088455,3.516167,0.0160,37.5702,62.4138,6.30e-14
2292,15,15,6482856.9298,4441.3220,3.163957,0.159909,3.516133,0.0262,30.4811,69.4927,5.85e-14
2293,15,15,6482887.7970,4441.3220,3.163959,0.142878,3.516143,0.0234,65.4627,34.5139,6.44e-14
2294,15,15,6482914.5756,4441.3220,3.163960,0.118499,3.516157,0.0201,22.9482,77.0316,7.21e-14
2295,15,15,6482979.2034,4441.3220,3.163965,0.171105,3.516127,0.0285,52.2643,47.7072,5.83e-14
2296,15,15,6482996.0552,4441.3220,3.163966,0.161488,3.516132,0.0276,71.5118,28.4606,6.08e-14
2297,15,15,6483015.7771,4441.3220,3.163967,0.135695,3.516145,0.0232,52.0627,47.9141,6.04e-14
2298,15,15,6483023.7543,4441.3220,3.163968,0.092252,3.516169,0.0164,57.4582,42.5254,5.95e-14
2299,15,15,6483048.8532,4441.3220,3.163969,0.096655,3.516161,0.0133,63.0938,36.8929,6.45e-14
2300,15,15,6483064.2983,4441.3220,3.163970,0.088637,3.516164,0.0105,94.7899,5.1996,7.02e-14
2301,15,15,6483083.2398,4441.3220,3.163972,0.112500,3.516155,0.0153,75.2011,24.7835,5.78e-14
2302,15,15,6483084.2073,4441.3220,3.163972,0.094882,3.516158,0.0122,52.4378,47.5501,6.52e-14
2303,15,15,6483109.6499,4441.3220,3.163973,0.129513,3.516146,0.0158,29.3544,70.6298,5.39e-14
2304,15,15,6483125.3764,4441.3220,3.163975,0.185421,3.516118,0.0322,65.8206,34.1472,5.03e-14
2305,15,15,6483158.2399,4441.3220,3.163977,0.204040,3.516108,0.0379,21.3819,78.5803,5.88e-14
2306,15,15,6483210.5837,4441.3220,3.163980,0.193134,3.516113,0.0348,22.0311,77.9342,5.33e-14
2307,15,15,6483240.8817,4441.3220,3.163982,0.221476,3.516097,0.0459,11.9995,87.9546,5.15e-14
2308,15,15,6483268.3315,4441.3220,3.163984,0.191569,3.516112,0.0347,6.7400,93.2253,4.96e-14
2309,15,15,6483331.0361,4441.3220,3.163988,0.145447,3.516139,0.0233,75.5300,24.4467,5.32e-14
2310,15,15,6483382.8067,4441.3220,3.163992,0.188021,3.516117,0.0339,74.0130,25.9531,4.74e-14
2311,15,15,6483468.4261,4441.3220,3.163998,0.121936,3.516149,0.0173,32.8167,67.1660,5.34e-14
2312,15,15,6483548.5112,4441.3220,3.164003,0.175731,3.516128,0.0311,14.7627,85.2062,4.25e-14
2313,15,15,6483582.0879,4441.3220,3.164005,0.194257,3.516114,0.0354,70.2320,29.7326,5.21e-14
2314,15,15,6483645.7152,4441.3220,3.164009,0.175402,3.516124,0.0313,69.6099,30.3588,6.37e-14
2315,15,15,6483819.4917,4441.3220,3.164021,0.152790,3.516136,0.0258,60.4220,39.5523,6.21e-14
2316,15,15,6483838.3364,4441.3220,3.164022,0.168864,3.516130,0.0301,77.1417,22.8282,4.40e-14
2317,15,15,6483897.0144,4441.3220,3.164026,0.187932,3.516116,0.0346,88.4626,11.5027,5.68e-14
2318,15,15,6483991.0010,4441.3220,3.164033,0.125209,3.516151,0.0193,23.5352,76.4455,6.12e-14
2319,15,15,6484117.3607,4441.3220,3.164041,0.195138,3.516113,0.0371,9.2791,90.6839,5.49e-14
2320,15,15,6484141.3272,4441.3220,3.164043,0.128512,3.516148,0.0194,21.7435,78.2372,5.86e-14
2321,15,15,6484358.7708,4441.3220,3.164057,0.202764,3.516109,0.0393,87.8853,12.0755,5.16e-14
2322,15,15,6484376.1578,4441.3220,3.164058,0.223409,3.516095,0.0450,98.3005,1.6545,4.84e-14
2323,15,15,6484404.8226,4441.3220,3.164060,0.199368,3.516108,0.0371,90.3668,9.5961,5.33e-14
2324,15,15,6484503.5489,4441.3220,3.164067,0.247532,3.516076,0.0546,2.4942,97.4512,4.07e-14
2325,15,15,6484547.8169,4441.3220,3.164070,0.206375,3.516110,0.0411,91.5610,8.3979,5.79e-14
2326,15,15,6484620.0909,4441.3220,3.164075,0.260966,3.516066,0.0601,47.9107,52.0292,5.94e-14
2327,15,15,6484636.0151,4441.3220,3.164076,0.251625,3.516073,0.0533,91.8687,8.0780,4.04e-14
2328,15,15,6484636.9063,4441.3220,3.164076,0.183096,3.516123,0.0331,1.9187,98.0482,5.99e-14
2329,15,15,6484679.1904,4441.3220,3.164079,0.248417,3.516076,0.0516,2.1099,97.8385,4.68e-14
2330,15,15,6484755.3244,4441.3220,3.164084,0.218935,3.516096,0.0433,72.7198,27.2369,4.87e-14
2331,15,15,6484816.0088,4441.3220,3.164088,0.309697,3.516019,0.0805,0.4697,99.4498,4.11e-14
2332,15,15,6484836.9121,4441.3220,3.164089,0.199913,3.516111,0.0377,1.6746,98.2877,5.27e-14
2333,15,15,6484952.6154,4441.3220,3.164097,0.245758,3.516078,0.0531,94.8128,5.1342,5.12e-14
2334,15,15,6484957.1966,4441.3220,3.164097,0.260670,3.516066,0.0575,0.3740,99.5686,3.37e-14
2335,15,15,6485052.9643,4441.3220,3.164104,0.202806,3.516112,0.0394,97.4794,2.4812,3.91e-14
2336,15,15,6485134.7590,4441.3220,3.164109,0.160343,3.516131,0.0267,0.4609,99.5124,4.99e-14
2337,15,15,6485282.9409,4441.3220,3.164119,0.259102,3.516069,0.0561,99.5402,0.4037,4.49e-14
2338,15,15,6485444.0392,4441.3220,3.164130,0.238337,3.516083,0.0488,98.9326,1.0186,3.60e-14
2339,15,15,6485637.0579,4441.3220,3.164143,0.233109,3.516091,0.0469,0.2519,99.7012,3.77e-14
2340,15,15,6486166.9035,4441.3220,3.164178,0.316773,3.516012,0.0793,98.8523,1.0684,3.25e-14
2341,15,15,6486294.2888,4441.3220,3.164187,0.203105,3.516107,0.0403,75.0871,24.8726,4.59e-14
2342,15,15,6486748.9439,4441.3220,3.164217,0.291242,3.516042,0.0682,48.7625,51.1693,4.18e-14
2343,15,15,6486967.1448,4441.3220,3.164232,0.299162,3.516035,0.0716,51.2422,48.6862,4.10e-14
