mode_rank,matched_m,matched_n,Omega_FEM,Omega_exact,log10_Error_Omega,log10_Error_L2_w,log10_Error_L2_phi,W_energy_pct,Phi1_energy_pct,Phi2_energy_pct,relative_residual
1,1,4,157.9524,167.7833,-1.232156,1.800713,1.478893,99.9997,0.0002,0.0002,4.21e-07
2,2,4,190.9444,197.3921,-1.485924,1.800584,1.584258,99.9994,0.0003,0.0003,3.59e-07
3,2,4,203.8252,197.3921,-1.486908,1.801612,1.588470,99.9994,0.0003,0.0003,2.60e-07
4,3,4,228.6966,246.7401,-1.135918,1.801372,1.622750,99.9991,0.0004,0.0005,2.84e-07
5,3,4,234.4875,246.7401,-1.304011,1.800845,1.648586,99.9990,0.0003,0.0008,2.19e-07
6,3,4,239.5352,246.7401,-1.534609,1.800810,1.656370,99.9989,0.0008,0.0002,3.44e-07
7,1,5,269.3409,256.6097,-1.304405,1.801190,1.698979,99.9987,0.0008,0.0005,1.91e-07
8,2,5,279.1055,286.2185,-1.604645,1.801680,1.675682,99.9987,0.0005,0.0009,1.78e-07
9,2,5,298.7183,286.2185,-1.359796,1.800799,1.708058,99.9984,0.0012,0.0004,1.44e-07
10,4,4,314.3050,315.8273,-2.316936,1.801012,1.699327,99.9984,0.0006,0.0010,1.54e-07
11,3,5,333.6764,335.5665,-2.249273,1.801449,1.695243,99.9983,0.0007,0.0010,1.15e-07
12,3,5,341.2044,335.5665,-1.774665,1.800408,1.723063,99.9980,0.0007,0.0013,1.32e-07
13,1,6,357.2076,365.1754,-1.661163,1.801275,1.702852,99.9981,0.0011,0.0008,1.27e-07
14,1,6,372.7056,365.1754,-1.685693,1.801697,1.727713,99.9978,0.0006,0.0015,8.69e-08
15,2,6,387.8123,394.7842,-1.753009,1.800824,1.721650,99.9977,0.0010,0.0013,1.23e-07
16,2,6,391.0417,394.7842,-2.023200,1.801130,1.727985,99.9977,0.0013,0.0011,9.98e-08
17,2,6,398.3937,394.7842,-2.038912,1.800912,1.717792,99.9978,0.0017,0.0005,1.13e-07
18,4,5,414.4321,404.6538,-1.616819,1.800889,1.731759,99.9975,0.0010,0.0015,7.24e-08
19,4,5,420.0380,404.6538,-1.420007,1.801892,1.748603,99.9974,0.0016,0.0010,1.07e-07
20,3,6,441.6425,444.1322,-2.251368,1.801502,1.674772,99.9979,0.0009,0.0011,9.52e-08
21,3,6,459.3177,444.1322,-1.466082,1.802515,1.748890,99.9971,0.0009,0.0020,7.88e-08
22,3,6,468.7210,444.1322,-1.256774,1.802298,1.717110,99.9975,0.0013,0.0012,7.63e-08
23,1,7,480.5853,493.4802,-1.582852,1.801471,1.687230,99.9976,0.0010,0.0014,8.08e-08
24,1,7,488.6608,493.4802,-2.010278,1.801123,1.731537,99.9970,0.0015,0.0015,7.50e-08
25,1,7,500.8721,493.4802,-1.824517,1.801030,1.719974,99.9972,0.0015,0.0013,5.98e-08
26,4,6,508.7411,513.2194,-2.059184,1.801919,1.723876,99.9970,0.0018,0.0012,8.09e-08
27,2,7,518.4601,523.0890,-2.053099,1.799906,1.697334,99.9973,0.0015,0.0012,6.73e-08
28,2,7,519.0285,523.0890,-2.109994,1.801842,1.722111,99.9970,0.0015,0.0015,6.53e-08
29,2,7,542.0932,523.0890,-1.439727,1.801199,1.733657,99.9968,0.0016,0.0016,6.53e-08
30,3,7,549.4103,572.4371,-1.395495,1.801701,1.696241,99.9971,0.0013,0.0016,6.08e-08
31,3,7,557.7523,572.4371,-1.590860,1.801228,1.728260,99.9966,0.0023,0.0011,6.42e-08
32,3,7,570.3136,572.4371,-2.430693,1.800289,1.658075,99.9975,0.0011,0.0014,6.12e-08
33,3,7,574.5971,572.4371,-2.423264,1.801115,1.716192,99.9968,0.0016,0.0016,5.81e-08
34,3,7,579.5662,572.4371,-1.904689,1.800538,1.714388,99.9968,0.0020,0.0012,6.42e-08
35,3,7,583.2735,572.4371,-1.722842,1.800214,1.689556,99.9971,0.0013,0.0015,5.79e-08
36,5,6,593.5480,602.0459,-1.850319,1.800701,1.711291,99.9967,0.0013,0.0020,5.12e-08
37,5,6,604.4529,602.0459,-2.398155,1.799071,1.677836,99.9971,0.0014,0.0015,6.23e-08
38,5,6,619.1218,602.0459,-1.547245,1.801535,1.718811,99.9966,0.0018,0.0017,4.64e-08
39,1,8,633.8809,641.5243,-1.923925,1.801144,1.681130,99.9969,0.0019,0.0012,5.76e-08
40,1,8,637.2588,641.5243,-2.177246,1.801775,1.682264,99.9969,0.0017,0.0014,5.35e-08
41,1,8,644.0016,641.5243,-2.413227,1.802256,1.704803,99.9966,0.0019,0.0015,5.28e-08
42,1,8,651.8898,641.5243,-1.791624,1.801658,1.722235,99.9963,0.0016,0.0021,4.66e-08
43,2,8,660.5208,671.1331,-1.800999,1.801508,1.718455,99.9962,0.0018,0.0020,4.72e-08
44,2,8,667.5456,671.1331,-2.272014,1.800709,1.689432,99.9966,0.0018,0.0016,4.02e-08
45,2,8,680.1129,671.1331,-1.873544,1.801073,1.693082,99.9966,0.0017,0.0017,5.54e-08
46,2,8,687.1352,671.1331,-1.622631,1.801526,1.720360,99.9962,0.0015,0.0024,3.94e-08
47,6,6,695.8884,710.6115,-1.683633,1.801283,1.715119,99.9960,0.0015,0.0025,4.53e-08
48,6,6,702.6735,710.6115,-1.951921,1.800650,1.693669,99.9964,0.0019,0.0018,4.23e-08
49,6,6,707.1160,710.6115,-2.308126,1.800387,1.701504,99.9962,0.0024,0.0014,4.80e-08
50,3,8,719.0185,720.4811,-2.692493,1.800151,1.671490,99.9967,0.0018,0.0015,4.43e-08
51,5,7,726.4597,730.3507,-2.273472,1.801334,1.732910,99.9956,0.0029,0.0015,3.57e-08
52,5,7,730.5521,730.3507,-3.559494,1.800274,1.730041,99.9956,0.0020,0.0024,3.53e-08
53,5,7,742.8842,730.3507,-1.765461,1.801469,1.710101,99.9960,0.0020,0.0020,4.32e-08
54,5,7,754.8747,730.3507,-1.473941,1.800429,1.724993,99.9957,0.0016,0.0027,3.43e-08
55,4,8,761.4149,789.5684,-1.447858,1.801998,1.669626,99.9964,0.0015,0.0021,4.02e-08
56,4,8,767.5075,789.5684,-1.553767,1.800535,1.694026,99.9960,0.0021,0.0020,3.36e-08
57,4,8,774.0122,789.5684,-1.705488,1.801313,1.701543,99.9958,0.0027,0.0014,3.54e-08
58,4,8,779.9281,789.5684,-1.913301,1.800283,1.681051,99.9962,0.0016,0.0022,3.80e-08
59,4,8,788.2598,789.5684,-2.780588,1.800864,1.678044,99.9963,0.0021,0.0017,3.84e-08
60,1,9,804.2117,809.3076,-2.200896,1.800562,1.715895,99.9954,0.0021,0.0024,3.17e-08
61,1,9,814.8179,809.3076,-2.166937,1.801902,1.701767,99.9958,0.0024,0.0018,3.71e-08
62,1,9,823.4201,809.3076,-1.758509,1.800910,1.726601,99.9952,0.0028,0.0020,2.87e-08
63,2,9,825.3473,838.9164,-1.791170,1.801337,1.661988,99.9963,0.0019,0.0018,3.93e-08
64,2,9,837.6087,838.9164,-2.807222,1.801104,1.696024,99.9957,0.0022,0.0021,3.37e-08
65,2,9,841.1258,838.9164,-2.579445,1.801720,1.734770,99.9949,0.0018,0.0033,2.73e-08
66,2,9,846.6856,838.9164,-2.033342,1.801815,1.705241,99.9955,0.0025,0.0020,3.42e-08
67,2,9,850.8096,838.9164,-1.848417,1.803295,1.717769,99.9953,0.0018,0.0029,3.19e-08
68,5,8,861.0588,878.3948,-1.704740,1.801011,1.685226,99.9957,0.0023,0.0020,2.73e-08
69,5,8,871.6080,878.3948,-2.112023,1.802130,1.722365,99.9949,0.0024,0.0027,2.82e-08
70,5,8,874.8424,878.3948,-2.393174,1.800189,1.707326,99.9952,0.0017,0.0030,2.69e-08
71,3,9,888.3021,888.2644,-4.372074,1.800586,1.731358,99.9946,0.0032,0.0022,2.63e-08
72,3,9,892.1793,888.2644,-2.355823,1.802299,1.705182,99.9953,0.0019,0.0028,2.91e-08
73,3,9,896.8373,888.2644,-2.015415,1.801437,1.712074,99.9951,0.0027,0.0022,2.78e-08
74,3,9,908.7848,888.2644,-1.636356,1.800521,1.706012,99.9952,0.0027,0.0021,2.63e-08
75,3,9,916.0863,888.2644,-1.504156,1.800549,1.711745,99.9951,0.0023,0.0026,2.83e-08
76,3,9,922.2148,888.2644,-1.417697,1.801770,1.732344,99.9946,0.0031,0.0023,2.58e-08
77,4,9,926.9904,957.3516,-1.498753,1.801354,1.679584,99.9955,0.0027,0.0018,2.84e-08
78,4,9,938.5191,957.3516,-1.706163,1.801253,1.701559,99.9950,0.0030,0.0021,2.54e-08
79,4,9,942.7944,957.3516,-1.817992,1.801465,1.712733,99.9947,0.0027,0.0026,2.53e-08
80,4,9,946.4066,957.3516,-1.941856,1.800403,1.682236,99.9954,0.0022,0.0025,3.05e-08
81,4,9,956.0482,957.3516,-2.865993,1.801646,1.724462,99.9944,0.0027,0.0029,2.49e-08
82,4,9,961.1092,957.3516,-2.406167,1.800254,1.730310,99.9942,0.0028,0.0030,2.36e-08
83,7,7,971.1341,967.2212,-2.393029,1.801524,1.722566,99.9944,0.0030,0.0026,2.48e-08
84,6,8,979.3757,986.9604,-2.114359,1.800206,1.704623,99.9947,0.0027,0.0026,2.31e-08
85,6,8,985.5939,986.9604,-2.858662,1.799882,1.695229,99.9949,0.0031,0.0020,2.31e-08
86,1,10,995.9579,996.8300,-3.058057,1.799649,1.707180,99.9946,0.0029,0.0026,2.28e-08
87,1,10,1001.9819,996.8300,-2.286655,1.800735,1.706237,99.9946,0.0028,0.0026,2.43e-08
88,1,10,1010.8786,996.8300,-1.850990,1.801032,1.719196,99.9943,0.0027,0.0029,2.30e-08
89,2,10,1018.1927,1026.4389,-2.095079,1.802183,1.715657,99.9943,0.0025,0.0032,2.18e-08
90,2,10,1025.3308,1026.4389,-2.966765,1.801083,1.728235,99.9939,0.0023,0.0038,2.06e-08
91,2,10,1029.7781,1026.4389,-2.487680,1.799558,1.716705,99.9942,0.0027,0.0032,2.14e-08
92,5,9,1036.6452,1046.1781,-2.040384,1.800628,1.698617,99.9946,0.0031,0.0024,2.24e-08
93,5,9,1040.9588,1046.1781,-2.301995,1.802150,1.741297,99.9934,0.0038,0.0028,1.61e-08
94,5,9,1047.6101,1046.1781,-2.863643,1.802196,1.718969,99.9941,0.0028,0.0031,2.21e-08
95,5,9,1057.5747,1046.1781,-1.962830,1.801513,1.715883,99.9941,0.0034,0.0025,2.18e-08
96,3,10,1061.4827,1075.7869,-1.876263,1.800632,1.690916,99.9946,0.0022,0.0032,1.95e-08
97,3,10,1069.5867,1075.7869,-2.239324,1.801510,1.706836,99.9942,0.0032,0.0026,2.27e-08
98,3,10,1074.0752,1075.7869,-2.798299,1.800634,1.716180,99.9939,0.0038,0.0022,2.15e-08
99,3,10,1080.7440,1075.7869,-2.336498,1.799994,1.696249,99.9944,0.0025,0.0030,2.18e-08
100,3,10,1088.6291,1075.7869,-1.923087,1.800355,1.716069,99.9939,0.0039,0.0021,2.00e-08
101,7,8,1102.8359,1115.2653,-1.952929,1.800332,1.722932,99.9935,0.0035,0.0030,1.73e-08
102,7,8,1105.7631,1115.2653,-2.069555,1.800670,1.698852,99.9942,0.0026,0.0032,1.94e-08
103,7,8,1109.3216,1115.2653,-2.273318,1.800655,1.675803,99.9948,0.0027,0.0025,2.49e-08
104,7,8,1122.7921,1115.2653,-2.170766,1.801850,1.728924,99.9934,0.0031,0.0035,1.73e-08
105,7,8,1126.3542,1115.2653,-2.002489,1.800569,1.724749,99.9934,0.0026,0.0039,2.01e-08
106,4,10,1131.8685,1144.8741,-1.944627,1.801186,1.692040,99.9942,0.0033,0.0025,2.01e-08
107,4,10,1138.0176,1144.8741,-2.222654,1.800262,1.718040,99.9935,0.0033,0.0032,1.84e-08
108,4,10,1140.2082,1144.8741,-2.389826,1.800668,1.708438,99.9938,0.0031,0.0031,1.80e-08
109,4,10,1143.6758,1144.8741,-2.980205,1.799870,1.688253,99.9943,0.0026,0.0031,2.16e-08
110,6,9,1153.8524,1154.7437,-3.112439,1.801087,1.700168,99.9940,0.0033,0.0028,1.88e-08
111,6,9,1160.9140,1154.7437,-2.272184,1.800708,1.691048,99.9942,0.0034,0.0024,1.93e-08
112,6,9,1168.2648,1154.7437,-1.931473,1.802201,1.735358,99.9929,0.0038,0.0033,1.61e-08
113,6,9,1170.9244,1154.7437,-1.853489,1.801136,1.699452,99.9940,0.0032,0.0028,2.02e-08
114,6,9,1174.2306,1154.7437,-1.772742,1.799498,1.713953,99.9935,0.0034,0.0032,1.83e-08
115,1,11,1182.2748,1204.0917,-1.741866,1.801907,1.700149,99.9937,0.0037,0.0026,1.58e-08
116,1,11,1193.9799,1204.0917,-2.075831,1.801312,1.716862,99.9932,0.0030,0.0038,1.77e-08
117,1,11,1197.3211,1204.0917,-2.250033,1.801325,1.722053,99.9930,0.0039,0.0030,1.63e-08
118,1,11,1201.4600,1204.0917,-2.660425,1.799785,1.696652,99.9937,0.0028,0.0035,1.91e-08
119,1,11,1206.3199,1204.0917,-2.732718,1.801768,1.710466,99.9934,0.0030,0.0036,1.59e-08
120,1,11,1211.9571,1204.0917,-2.184941,1.801680,1.716095,99.9932,0.0036,0.0032,1.76e-08
121,2,11,1222.6806,1233.7006,-2.049031,1.801147,1.711011,99.9932,0.0036,0.0032,1.71e-08
122,2,11,1224.9151,1233.7006,-2.147447,1.799767,1.712309,99.9931,0.0035,0.0034,1.60e-08
123,2,11,1235.6490,1233.7006,-2.801525,1.801784,1.717412,99.9930,0.0028,0.0042,1.46e-08
124,2,11,1240.3025,1233.7006,-2.271536,1.802613,1.694721,99.9938,0.0031,0.0031,1.74e-08
125,2,11,1244.6126,1233.7006,-2.053305,1.801923,1.714823,99.9931,0.0030,0.0039,1.61e-08
126,8,8,1252.5171,1263.3094,-2.068398,1.800122,1.710810,99.9930,0.0037,0.0033,1.92e-08
127,8,8,1256.7386,1263.3094,-2.283895,1.800524,1.698875,99.9934,0.0034,0.0032,1.71e-08
128,8,8,1271.3389,1263.3094,-2.196817,1.800279,1.708695,99.9931,0.0031,0.0038,1.87e-08
129,3,11,1281.5413,1283.0486,-2.930046,1.800834,1.711762,99.9929,0.0029,0.0042,1.35e-08
130,3,11,1287.6263,1283.0486,-2.447593,1.799895,1.730310,99.9922,0.0036,0.0041,1.48e-08
131,3,11,1296.5840,1283.0486,-1.976771,1.802355,1.713474,99.9929,0.0035,0.0036,1.67e-08
132,3,11,1298.0200,1283.0486,-1.932979,1.801387,1.723819,99.9925,0.0037,0.0038,1.32e-08
133,3,11,1300.9112,1283.0486,-1.856299,1.801632,1.712548,99.9929,0.0039,0.0032,1.61e-08
134,3,11,1304.8899,1283.0486,-1.768964,1.802332,1.729994,99.9923,0.0040,0.0037,1.33e-08
135,6,10,1313.4618,1342.2662,-1.668380,1.801859,1.710605,99.9927,0.0034,0.0040,1.60e-08
136,6,10,1320.3025,1342.2662,-1.786133,1.800998,1.715493,99.9925,0.0039,0.0036,1.71e-08
137,6,10,1329.6008,1342.2662,-2.025219,1.801728,1.697461,99.9931,0.0036,0.0033,1.60e-08
138,6,10,1332.0145,1342.2662,-2.117043,1.800073,1.722555,99.9922,0.0035,0.0043,1.42e-08
139,6,10,1338.0926,1342.2662,-2.507329,1.800954,1.712334,99.9926,0.0036,0.0038,1.24e-08
140,6,10,1344.8366,1342.2662,-2.717837,1.800846,1.719547,99.9923,0.0038,0.0039,1.59e-08
141,4,11,1348.7130,1352.1358,-2.596635,1.799892,1.718281,99.9922,0.0029,0.0049,1.45e-08
142,4,11,1360.4128,1352.1358,-2.213150,1.802421,1.713091,99.9925,0.0037,0.0037,1.50e-08
143,4,11,1368.3129,1352.1358,-1.922120,1.801407,1.732879,99.9918,0.0041,0.0041,1.31e-08
144,4,11,1369.7608,1352.1358,-1.884892,1.801516,1.708495,99.9927,0.0033,0.0041,1.43e-08
145,4,11,1373.2831,1352.1358,-1.805765,1.800974,1.733510,99.9917,0.0043,0.0039,1.26e-08
146,4,11,1385.4786,1352.1358,-1.608018,1.800678,1.727355,99.9919,0.0042,0.0038,1.36e-08
147,1,12,1395.2985,1431.0926,-1.601856,1.801456,1.717286,99.9919,0.0040,0.0041,1.35e-08
148,1,12,1399.0881,1431.0926,-1.650456,1.800897,1.715101,99.9920,0.0035,0.0046,1.17e-08
149,1,12,1411.8754,1431.0926,-1.871977,1.800553,1.725318,99.9915,0.0038,0.0046,1.35e-08
150,1,12,1418.4173,1431.0926,-2.052708,1.801120,1.724574,99.9916,0.0040,0.0044,1.36e-08
151,1,12,1422.6789,1431.0926,-2.230677,1.802080,1.719188,99.9919,0.0039,0.0042,9.87e-09
152,1,12,1433.6735,1431.0926,-2.743905,1.802162,1.734601,99.9913,0.0044,0.0044,1.08e-08
153,1,12,1435.5204,1431.0926,-2.509480,1.801621,1.721950,99.9917,0.0042,0.0041,1.23e-08
154,5,11,1450.3310,1440.9622,-2.186971,1.800089,1.729885,99.9913,0.0049,0.0038,1.11e-08
155,2,12,1454.8962,1460.7015,-2.400738,1.801148,1.717820,99.9917,0.0043,0.0041,1.30e-08
156,2,12,1465.0755,1460.7015,-2.523676,1.800795,1.727550,99.9913,0.0048,0.0040,1.30e-08
157,7,10,1471.3919,1470.5711,-3.253199,1.801518,1.728236,99.9912,0.0050,0.0038,1.17e-08
158,7,10,1475.7437,1470.5711,-2.453771,1.801873,1.714427,99.9918,0.0045,0.0038,1.28e-08
159,7,10,1482.9166,1470.5711,-2.075975,1.801062,1.732068,99.9911,0.0048,0.0042,1.21e-08
160,3,12,1491.1486,1510.0495,-1.902509,1.800865,1.728334,99.9910,0.0046,0.0045,1.24e-08
161,3,12,1491.8673,1510.0495,-1.919346,1.801597,1.727632,99.9911,0.0039,0.0051,1.11e-08
162,3,12,1502.7753,1510.0495,-2.317209,1.802021,1.726393,99.9911,0.0042,0.0046,1.12e-08
163,3,12,1506.5566,1510.0495,-2.635809,1.800563,1.731767,99.9908,0.0047,0.0045,1.08e-08
164,3,12,1517.1004,1510.0495,-2.330747,1.800186,1.717453,99.9914,0.0043,0.0043,1.05e-08
165,3,12,1523.7325,1510.0495,-2.042808,1.800407,1.735354,99.9907,0.0053,0.0040,1.02e-08
166,6,11,1532.6411,1549.5279,-1.962652,1.801190,1.729928,99.9907,0.0044,0.0049,1.25e-08
167,6,11,1537.5800,1549.5279,-2.112907,1.801582,1.732455,99.9906,0.0045,0.0049,1.16e-08
168,6,11,1541.9523,1549.5279,-2.310784,1.799652,1.735272,99.9904,0.0043,0.0053,1.05e-08
169,6,11,1544.8366,1549.5279,-2.518906,1.801309,1.736102,99.9905,0.0052,0.0044,1.04e-08
170,6,11,1550.9488,1549.5279,-3.037627,1.801642,1.723940,99.9910,0.0040,0.0050,1.19e-08
171,4,12,1567.5534,1579.1367,-2.134589,1.800160,1.736061,99.9902,0.0049,0.0049,9.73e-09
172,4,12,1572.6134,1579.1367,-2.383955,1.802470,1.740311,99.9901,0.0052,0.0048,1.02e-08
173,4,12,1580.7996,1579.1367,-2.977542,1.801708,1.739099,99.9901,0.0046,0.0053,1.02e-08
174,4,12,1583.1471,1579.1367,-2.595227,1.801395,1.735850,99.9902,0.0046,0.0052,1.12e-08
175,9,9,1592.3976,1598.8759,-2.392350,1.801036,1.732893,99.9903,0.0052,0.0046,8.67e-09
176,9,9,1598.4385,1598.8759,-3.562907,1.799891,1.730967,99.9903,0.0053,0.0044,1.16e-08
177,9,9,1607.2163,1598.8759,-2.282629,1.801251,1.720469,99.9908,0.0044,0.0048,1.09e-08
178,8,10,1612.7834,1618.6151,-2.443350,1.800188,1.731380,99.9902,0.0058,0.0040,9.64e-09
179,8,10,1618.5258,1618.6151,-4.258197,1.801497,1.737386,99.9900,0.0051,0.0049,8.87e-09
180,8,10,1626.8854,1618.6151,-2.291622,1.802062,1.730733,99.9903,0.0045,0.0051,9.99e-09
181,8,10,1635.4920,1618.6151,-1.981851,1.801129,1.741246,99.9898,0.0051,0.0052,9.99e-09
182,5,12,1644.2079,1667.9631,-1.846427,1.800454,1.722542,99.9903,0.0051,0.0046,1.02e-08
183,5,12,1647.7811,1667.9631,-1.917222,1.801426,1.732871,99.9898,0.0059,0.0042,9.57e-09
184,5,12,1649.1547,1667.9631,-1.947834,1.800627,1.728283,99.9900,0.0047,0.0053,1.06e-08
185,5,12,1653.6764,1667.9631,-2.067254,1.802542,1.730860,99.9900,0.0050,0.0050,8.45e-09
186,5,12,1659.2621,1667.9631,-2.282613,1.800814,1.733314,99.9898,0.0059,0.0043,1.04e-08
187,5,12,1663.2053,1667.9631,-2.544779,1.801231,1.720349,99.9904,0.0050,0.0046,1.17e-08
188,1,13,1673.6268,1677.8327,-2.600886,1.802387,1.737097,99.9896,0.0053,0.0051,9.61e-09
189,1,13,1682.1485,1677.8327,-2.589694,1.801917,1.736852,99.9896,0.0051,0.0053,8.90e-09
190,1,13,1686.8438,1677.8327,-2.269972,1.802372,1.737402,99.9896,0.0050,0.0054,9.08e-09
191,1,13,1689.7531,1677.8327,-2.148459,1.801707,1.741061,99.9894,0.0055,0.0051,1.08e-08
192,1,13,1691.8266,1677.8327,-2.078811,1.801868,1.738383,99.9895,0.0053,0.0051,1.02e-08
193,2,13,1699.8703,1707.4416,-2.353177,1.801880,1.732850,99.9896,0.0053,0.0051,9.01e-09
194,2,13,1708.6003,1707.4416,-3.168365,1.801922,1.733035,99.9896,0.0055,0.0049,9.64e-09
195,2,13,1723.3543,1707.4416,-2.030601,1.801127,1.739115,99.9893,0.0062,0.0045,8.90e-09
196,2,13,1727.2530,1707.4416,-1.935430,1.800575,1.744080,99.9890,0.0054,0.0056,9.14e-09
197,2,13,1730.9620,1707.4416,-1.860900,1.801943,1.729239,99.9898,0.0043,0.0059,7.26e-09
198,3,13,1741.0429,1756.7896,-2.047529,1.801389,1.731399,99.9894,0.0051,0.0055,9.53e-09
199,3,13,1746.0230,1756.7896,-2.212642,1.801534,1.733111,99.9893,0.0052,0.0055,8.54e-09
200,3,13,1748.9014,1756.7896,-2.347745,1.800532,1.731563,99.9893,0.0048,0.0059,9.17e-09
201,3,13,1759.3350,1756.7896,-2.838960,1.801003,1.728371,99.9895,0.0053,0.0052,1.01e-08
202,6,12,1767.8074,1776.5288,-2.308986,1.801936,1.725032,99.9896,0.0053,0.0051,8.81e-09
203,6,12,1770.9441,1776.5288,-2.502571,1.801756,1.736139,99.9890,0.0059,0.0051,9.02e-09
204,6,12,1777.4086,1776.5288,-3.305199,1.801081,1.733914,99.9891,0.0049,0.0060,9.08e-09
205,9,10,1782.3127,1786.3984,-2.640711,1.801400,1.740365,99.9888,0.0060,0.0053,8.86e-09
206,9,10,1789.4434,1786.3984,-2.768394,1.801739,1.738498,99.9889,0.0056,0.0055,8.20e-09
207,9,10,1795.3244,1786.3984,-2.301320,1.801099,1.738688,99.9888,0.0052,0.0060,9.47e-09
208,4,13,1806.5743,1825.8768,-1.975859,1.802228,1.728780,99.9891,0.0052,0.0057,7.92e-09
209,4,13,1811.2723,1825.8768,-2.096985,1.802221,1.736845,99.9887,0.0057,0.0055,1.03e-08
210,4,13,1822.9430,1825.8768,-2.794038,1.801028,1.731258,99.9889,0.0052,0.0059,8.46e-09
211,4,13,1826.7800,1825.8768,-3.305699,1.801042,1.737839,99.9886,0.0058,0.0056,9.46e-09
212,4,13,1835.0823,1825.8768,-2.297423,1.800115,1.734912,99.9887,0.0052,0.0061,6.65e-09
213,4,13,1842.4724,1825.8768,-2.041478,1.802170,1.747966,99.9881,0.0061,0.0058,7.46e-09
214,4,13,1844.0474,1825.8768,-2.002103,1.801844,1.744866,99.9883,0.0058,0.0059,7.52e-09
215,4,13,1850.3561,1825.8768,-1.872673,1.801325,1.733768,99.9888,0.0057,0.0055,9.01e-09
216,4,13,1858.5463,1825.8768,-1.747330,1.801309,1.742392,99.9884,0.0056,0.0060,8.98e-09
217,7,12,1867.1288,1904.8336,-1.703460,1.800745,1.742608,99.9878,0.0058,0.0064,6.91e-09
218,7,12,1880.9086,1904.8336,-1.901004,1.801445,1.725107,99.9888,0.0060,0.0052,8.36e-09
219,7,12,1885.1246,1904.8336,-1.985191,1.801503,1.730546,99.9886,0.0055,0.0060,8.15e-09
220,7,12,1888.5472,1904.8336,-2.068031,1.800018,1.726378,99.9887,0.0052,0.0062,7.36e-09
221,7,12,1896.5344,1904.8336,-2.360820,1.801518,1.732031,99.9885,0.0059,0.0057,7.92e-09
222,7,12,1902.3977,1904.8336,-2.893190,1.801650,1.744479,99.9878,0.0052,0.0070,6.93e-09
223,5,13,1910.8927,1914.7033,-2.701119,1.801921,1.742011,99.9878,0.0054,0.0069,8.36e-09
224,5,13,1918.5929,1914.7033,-2.692190,1.802577,1.741726,99.9878,0.0061,0.0060,6.89e-09
225,5,13,1927.7388,1914.7033,-2.166974,1.801968,1.734617,99.9882,0.0056,0.0063,7.36e-09
226,1,14,1931.8713,1944.3121,-2.193918,1.801250,1.734543,99.9881,0.0065,0.0054,7.22e-09
227,1,14,1940.3567,1944.3121,-2.691578,1.801330,1.735636,99.9881,0.0061,0.0058,8.07e-09
228,1,14,1941.6113,1944.3121,-2.857276,1.800927,1.734711,99.9881,0.0051,0.0068,7.40e-09
229,1,14,1950.8475,1944.3121,-2.473492,1.800648,1.738274,99.9879,0.0053,0.0069,7.60e-09
230,2,14,1964.0028,1973.9209,-2.298901,1.801895,1.737874,99.9878,0.0057,0.0065,8.00e-09
231,2,14,1970.6964,1973.9209,-2.786870,1.800143,1.731112,99.9880,0.0057,0.0062,6.32e-09
232,2,14,1973.0138,1973.9209,-3.337679,1.801509,1.735716,99.9879,0.0067,0.0055,7.28e-09
233,2,14,1978.1462,1973.9209,-2.669468,1.801214,1.741230,99.9875,0.0062,0.0063,7.57e-09
234,2,14,1981.2340,1973.9209,-2.431224,1.799375,1.740802,99.9874,0.0057,0.0068,7.34e-09
235,9,11,1990.8928,1993.6601,-2.857592,1.800866,1.732420,99.9879,0.0060,0.0061,8.07e-09
236,9,11,2002.9703,1993.6601,-2.330692,1.801569,1.741021,99.9875,0.0063,0.0063,6.17e-09
237,9,11,2006.1405,1993.6601,-2.203423,1.800486,1.743704,99.9872,0.0063,0.0064,6.37e-09
238,3,14,2018.5175,2023.2689,-2.629231,1.803287,1.745447,99.9871,0.0059,0.0070,6.98e-09
239,3,14,2026.8022,2023.2689,-2.757869,1.801774,1.744418,99.9870,0.0062,0.0067,6.69e-09
240,3,14,2030.8458,2023.2689,-2.426562,1.801607,1.752225,99.9866,0.0064,0.0071,6.96e-09
241,3,14,2036.3629,2023.2689,-2.188981,1.800868,1.740672,99.9872,0.0064,0.0065,6.36e-09
242,8,12,2042.5019,2052.8777,-2.296341,1.801422,1.745187,99.9868,0.0069,0.0064,7.06e-09
243,8,12,2043.6543,2052.8777,-2.347473,1.800935,1.748166,99.9865,0.0069,0.0066,7.31e-09
244,8,12,2058.7965,2052.8777,-2.540128,1.801621,1.742454,99.9869,0.0071,0.0059,6.35e-09
245,8,12,2061.2364,2052.8777,-2.390227,1.802252,1.739682,99.9871,0.0062,0.0067,6.80e-09
246,8,12,2065.7268,2052.8777,-2.203492,1.801024,1.745369,99.9867,0.0074,0.0059,7.59e-09
247,4,14,2079.9247,2092.3561,-2.226115,1.801365,1.747664,99.9864,0.0078,0.0059,5.25e-09
248,4,14,2084.7705,2092.3561,-2.440642,1.801385,1.743757,99.9866,0.0081,0.0053,6.26e-09
249,4,14,2089.5847,2092.3561,-2.877923,1.801474,1.741320,99.9868,0.0074,0.0059,7.19e-09
250,4,14,2101.2470,2092.3561,-2.371694,1.801431,1.749834,99.9862,0.0076,0.0062,7.35e-09
251,4,14,2105.1878,2092.3561,-2.212352,1.801728,1.741231,99.9868,0.0077,0.0055,6.70e-09
252,4,14,2114.5318,2092.3561,-1.974759,1.801299,1.746979,99.9864,0.0067,0.0069,7.60e-09
253,4,14,2118.9401,2092.3561,-1.896016,1.801550,1.753703,99.9860,0.0066,0.0074,6.79e-09
254,4,14,2121.9523,2092.3561,-1.849401,1.801539,1.745058,99.9865,0.0080,0.0055,6.37e-09
255,7,13,2125.4216,2151.5738,-1.915249,1.801093,1.739451,99.9865,0.0073,0.0062,7.24e-09
256,7,13,2128.0937,2151.5738,-1.962058,1.801136,1.741837,99.9864,0.0072,0.0064,6.30e-09
257,7,13,2136.7948,2151.5738,-2.163113,1.800810,1.743203,99.9863,0.0062,0.0076,7.08e-09
258,7,13,2138.6420,2151.5738,-2.221097,1.801189,1.744920,99.9862,0.0071,0.0068,6.62e-09
259,7,13,2147.1547,2151.5738,-2.687428,1.801456,1.745497,99.9862,0.0065,0.0073,5.75e-09
260,7,13,2154.7267,2151.5738,-2.834041,1.801531,1.752347,99.9857,0.0077,0.0066,6.52e-09
261,7,13,2160.9215,2151.5738,-2.362049,1.801022,1.742111,99.9863,0.0066,0.0070,6.78e-09
262,7,13,2165.2307,2151.5738,-2.197404,1.800859,1.744527,99.9862,0.0067,0.0072,6.22e-09
263,5,14,2175.3867,2181.1826,-2.575573,1.800451,1.749731,99.9856,0.0066,0.0078,6.91e-09
264,5,14,2180.5102,2181.1826,-3.511108,1.801850,1.748153,99.9858,0.0069,0.0073,7.01e-09
265,5,14,2187.2862,2181.1826,-2.553107,1.800175,1.741667,99.9861,0.0071,0.0068,6.52e-09
266,5,14,2190.3549,2181.1826,-2.376213,1.801604,1.749820,99.9857,0.0065,0.0078,5.26e-09
267,5,14,2196.3849,2181.1826,-2.156781,1.801874,1.755858,99.9853,0.0077,0.0070,6.48e-09
268,9,12,2202.5355,2220.6610,-2.088191,1.801478,1.746720,99.9855,0.0078,0.0067,4.65e-09
269,9,12,2220.3521,2220.6610,-3.856646,1.801504,1.753228,99.9850,0.0076,0.0073,7.11e-09
270,9,12,2225.3074,2220.6610,-2.679368,1.802426,1.749874,99.9853,0.0066,0.0081,6.19e-09
271,1,15,2230.4293,2230.5306,-4.342923,1.801390,1.747306,99.9856,0.0075,0.0069,4.83e-09
272,1,15,2236.7235,2230.5306,-2.556516,1.799822,1.749287,99.9853,0.0065,0.0082,5.80e-09
273,2,15,2245.5901,2260.1394,-2.191294,1.800631,1.747461,99.9852,0.0081,0.0067,5.15e-09
274,2,15,2249.2633,2260.1394,-2.317664,1.800280,1.756098,99.9846,0.0077,0.0077,6.17e-09
275,2,15,2254.1054,2260.1394,-2.573530,1.801348,1.752765,99.9849,0.0076,0.0074,5.50e-09
276,2,15,2266.9126,2260.1394,-2.523341,1.800889,1.755451,99.9847,0.0075,0.0078,5.46e-09
277,6,14,2279.9397,2289.7482,-2.368183,1.802353,1.751871,99.9848,0.0081,0.0070,5.33e-09
278,6,14,2281.5181,2289.7482,-2.444379,1.802045,1.750510,99.9849,0.0068,0.0083,6.11e-09
279,6,14,2283.0528,2289.7482,-2.534007,1.801429,1.751120,99.9848,0.0066,0.0086,5.46e-09
280,8,13,2296.7600,2299.6178,-2.905622,1.801327,1.753595,99.9846,0.0075,0.0079,4.98e-09
281,8,13,2303.0809,2299.6178,-2.822193,1.801195,1.747566,99.9850,0.0084,0.0067,5.20e-09
282,3,15,2322.0825,2309.4874,-2.263316,1.802460,1.750224,99.9847,0.0073,0.0080,6.62e-09
283,3,15,2324.0774,2309.4874,-2.199462,1.802523,1.746664,99.9850,0.0075,0.0076,5.74e-09
284,3,15,2336.1249,2309.4874,-1.938023,1.802392,1.748681,99.9848,0.0082,0.0070,4.71e-09
285,3,15,2339.5849,2309.4874,-1.884986,1.803496,1.757799,99.9842,0.0085,0.0072,5.84e-09
286,3,15,2343.3593,2309.4874,-1.833677,1.801967,1.752613,99.9845,0.0076,0.0079,6.04e-09
287,4,15,2347.7161,2378.5747,-1.886941,1.800913,1.749686,99.9844,0.0073,0.0083,5.79e-09
288,4,15,2357.5459,2378.5747,-2.053502,1.800443,1.752962,99.9841,0.0073,0.0086,5.71e-09
289,4,15,2364.2151,2378.5747,-2.219175,1.800155,1.750221,99.9843,0.0079,0.0078,4.98e-09
290,4,15,2379.2433,2378.5747,-3.551100,1.800925,1.749166,99.9844,0.0075,0.0081,5.58e-09
291,11,11,2383.6332,2388.4443,-2.695871,1.800082,1.750332,99.9843,0.0077,0.0080,5.83e-09
292,11,11,2388.9610,2388.4443,-3.664854,1.799739,1.753836,99.9840,0.0085,0.0075,5.23e-09
293,11,11,2392.8559,2388.4443,-2.733514,1.800696,1.740920,99.9850,0.0064,0.0086,4.58e-09
294,10,12,2399.7930,2408.1835,-2.457904,1.801481,1.753876,99.9840,0.0083,0.0077,5.88e-09
295,7,14,2416.4509,2418.0531,-3.178758,1.800511,1.747952,99.9842,0.0087,0.0070,4.56e-09
296,7,14,2423.9050,2418.0531,-2.616165,1.801061,1.751796,99.9840,0.0079,0.0081,4.75e-09
297,7,14,2435.5460,2418.0531,-2.140602,1.800106,1.746994,99.9843,0.0081,0.0076,5.11e-09
298,7,14,2437.8505,2418.0531,-2.086858,1.800591,1.757975,99.9835,0.0091,0.0074,5.28e-09
299,7,14,2441.8554,2418.0531,-2.006847,1.801226,1.752335,99.9840,0.0081,0.0080,4.91e-09
300,5,15,2451.1547,2467.4011,-2.181483,1.801500,1.758211,99.9831,0.0089,0.0080,5.76e-09
301,5,15,2463.5379,2467.4011,-2.805290,1.801161,1.753532,99.9835,0.0089,0.0076,5.16e-09
302,5,15,2470.8586,2467.4011,-2.853478,1.801193,1.756000,99.9833,0.0092,0.0075,5.34e-09
303,5,15,2476.1341,2467.4011,-2.451077,1.800527,1.753485,99.9834,0.0083,0.0082,4.66e-09
304,5,15,2477.7401,2467.4011,-2.377761,1.800685,1.755019,99.9833,0.0086,0.0080,4.95e-09
305,5,15,2482.4312,2467.4011,-2.215277,1.801396,1.755940,99.9833,0.0091,0.0075,4.78e-09
306,5,15,2490.0158,2467.4011,-2.037848,1.800881,1.753180,99.9835,0.0087,0.0078,4.76e-09
307,5,15,2493.7148,2467.4011,-1.972057,1.800860,1.759846,99.9830,0.0083,0.0088,5.78e-09
308,5,15,2501.3517,2467.4011,-1.861393,1.800642,1.758645,99.9831,0.0088,0.0081,4.92e-09
309,5,15,2515.5889,2467.4011,-1.709303,1.801819,1.761236,99.9829,0.0080,0.0091,5.56e-09
310,8,14,2522.9005,2566.0971,-1.773823,1.799711,1.749539,99.9831,0.0094,0.0075,4.26e-09
311,8,14,2530.9453,2566.0971,-1.863326,1.800947,1.762935,99.9822,0.0103,0.0075,4.14e-09
312,8,14,2541.5512,2566.0971,-2.019293,1.801202,1.757877,99.9826,0.0082,0.0092,5.50e-09
313,8,14,2549.9374,2566.0971,-2.200837,1.800174,1.753249,99.9829,0.0096,0.0075,4.98e-09
314,8,14,2552.7001,2566.0971,-2.282263,1.801184,1.758062,99.9826,0.0092,0.0082,5.05e-09
315,8,14,2556.5969,2566.0971,-2.431539,1.800292,1.745891,99.9835,0.0085,0.0080,4.81e-09
316,6,15,2571.4314,2575.9667,-2.754326,1.802022,1.758561,99.9824,0.0083,0.0093,4.18e-09
317,6,15,2579.9211,2575.9667,-2.813869,1.801097,1.758459,99.9823,0.0102,0.0075,4.33e-09
318,11,12,2598.3814,2615.4452,-2.185472,1.801842,1.759267,99.9821,0.0088,0.0091,4.34e-09
319,11,12,2606.6698,2615.4452,-2.474278,1.800770,1.766593,99.9814,0.0106,0.0080,3.86e-09
320,11,12,2612.0589,2615.4452,-2.887819,1.801359,1.761603,99.9819,0.0079,0.0102,4.14e-09
321,11,12,2620.7096,2615.4452,-2.696195,1.801385,1.765243,99.9816,0.0109,0.0075,4.91e-09
322,11,12,2623.6793,2615.4452,-2.501926,1.801832,1.764350,99.9817,0.0090,0.0092,4.49e-09
323,11,12,2634.5956,2615.4452,-2.135367,1.801442,1.761402,99.9819,0.0088,0.0093,4.79e-09
324,10,13,2635.8308,2654.9236,-2.143182,1.801809,1.759835,99.9817,0.0096,0.0086,4.34e-09
325,10,13,2642.7568,2654.9236,-2.338877,1.801330,1.763734,99.9814,0.0085,0.0101,4.69e-09
326,10,13,2659.5590,2654.9236,-2.757962,1.801179,1.759234,99.9817,0.0098,0.0085,5.04e-09
327,10,13,2661.1758,2654.9236,-2.628020,1.801130,1.760661,99.9816,0.0113,0.0071,4.74e-09
328,10,13,2664.8334,2654.9236,-2.427986,1.800378,1.764786,99.9812,0.0096,0.0092,4.05e-09
329,10,13,2675.2738,2654.9236,-2.115484,1.802017,1.765615,99.9813,0.0105,0.0082,5.31e-09
330,7,15,2682.6257,2704.2716,-2.096675,1.800868,1.755078,99.9817,0.0096,0.0087,3.89e-09
331,7,15,2689.6495,2704.2716,-2.267041,1.801196,1.754880,99.9817,0.0108,0.0074,3.59e-09
332,7,15,2691.7898,2704.2716,-2.335774,1.801275,1.756783,99.9816,0.0096,0.0088,4.32e-09
333,7,15,2712.6140,2704.2716,-2.510758,1.800747,1.752163,99.9819,0.0109,0.0072,4.84e-09
334,7,15,2716.2371,2704.2716,-2.354120,1.801638,1.764816,99.9809,0.0109,0.0082,5.07e-09
335,9,14,2724.7467,2733.8804,-2.476132,1.800660,1.759224,99.9813,0.0084,0.0104,4.08e-09
336,9,14,2727.5915,2733.8804,-2.638203,1.800166,1.765369,99.9807,0.0091,0.0102,4.84e-09
337,9,14,2737.6779,2733.8804,-2.857289,1.800263,1.751826,99.9818,0.0089,0.0092,3.72e-09
338,9,14,2750.6436,2733.8804,-2.212423,1.800818,1.762656,99.9810,0.0095,0.0095,4.40e-09
339,9,14,2758.8850,2733.8804,-2.038760,1.801269,1.764714,99.9808,0.0098,0.0093,4.60e-09
340,9,14,2769.1642,2733.8804,-1.889204,1.800536,1.769246,99.9804,0.0097,0.0100,4.08e-09
341,9,14,2774.3284,2733.8804,-1.829882,1.800520,1.763962,99.9808,0.0102,0.0089,3.29e-09
342,12,12,2796.5850,2842.4461,-1.792248,1.801028,1.763004,99.9802,0.0083,0.0116,3.65e-09
343,12,12,2804.2137,2842.4461,-1.871261,1.801112,1.763024,99.9802,0.0099,0.0099,3.85e-09
344,12,12,2819.9620,2842.4461,-2.101817,1.801314,1.761097,99.9804,0.0112,0.0085,3.45e-09
345,12,12,2822.6786,2842.4461,-2.157741,1.800537,1.767178,99.9798,0.0090,0.0112,3.90e-09
346,12,12,2836.3852,2842.4461,-2.671158,1.800957,1.768471,99.9797,0.0083,0.0121,3.79e-09
347,12,12,2846.8858,2842.4461,-2.806333,1.800902,1.769597,99.9796,0.0092,0.0113,4.21e-09
348,8,15,2849.5811,2852.3157,-3.018308,1.801822,1.766144,99.9797,0.0085,0.0118,3.40e-09
349,11,13,2860.7091,2862.1853,-3.287550,1.802020,1.771251,99.9792,0.0114,0.0093,3.75e-09
350,11,13,2885.2740,2862.1853,-2.093297,1.802086,1.772798,99.9791,0.0112,0.0096,3.51e-09
351,11,13,2888.7715,2862.1853,-2.032041,1.801870,1.767162,99.9796,0.0094,0.0110,4.35e-09
352,10,14,2901.7561,2921.4029,-2.172300,1.800939,1.764110,99.9794,0.0087,0.0119,3.37e-09
353,10,14,2912.2469,2921.4029,-2.503885,1.800148,1.767181,99.9790,0.0101,0.0109,4.19e-09
354,10,14,2918.9929,2921.4029,-3.083570,1.801079,1.764626,99.9794,0.0098,0.0109,2.75e-09
355,10,14,2928.2094,2921.4029,-2.632666,1.801569,1.771270,99.9788,0.0099,0.0113,3.69e-09
356,10,14,2932.4159,2921.4029,-2.423685,1.800808,1.763773,99.9794,0.0107,0.0099,2.87e-09
357,10,14,2945.0624,2921.4029,-2.091586,1.801927,1.768113,99.9791,0.0124,0.0085,3.13e-09
358,10,14,2959.9794,2921.4029,-1.879269,1.801144,1.772757,99.9786,0.0120,0.0094,3.69e-09
359,10,14,2961.3995,2921.4029,-1.863569,1.800955,1.769379,99.9789,0.0112,0.0099,3.58e-09
360,9,15,2972.2515,3020.0989,-1.800163,1.801344,1.769996,99.9782,0.0104,0.0114,3.23e-09
361,9,15,2987.3310,3020.0989,-1.964572,1.800669,1.766314,99.9785,0.0100,0.0115,3.17e-09
362,9,15,2999.3902,3020.0989,-2.163867,1.801533,1.771750,99.9780,0.0122,0.0098,3.60e-09
363,9,15,3009.4716,3020.0989,-2.453596,1.801408,1.770896,99.9781,0.0119,0.0099,3.28e-09
364,9,15,3017.9018,3020.0989,-3.138159,1.801620,1.766917,99.9785,0.0109,0.0105,3.29e-09
365,9,15,3026.2617,3020.0989,-2.690249,1.802067,1.769750,99.9783,0.0107,0.0110,3.60e-09
366,9,15,3027.7305,3020.0989,-2.597407,1.800768,1.766616,99.9785,0.0118,0.0097,2.95e-09
367,9,15,3036.6814,3020.0989,-2.260374,1.801629,1.774553,99.9778,0.0103,0.0119,3.70e-09
368,9,15,3049.7534,3020.0989,-2.007932,1.801557,1.764989,99.9787,0.0103,0.0110,3.40e-09
369,12,13,3055.5562,3089.1862,-1.963118,1.802174,1.769376,99.9777,0.0112,0.0111,3.15e-09
370,12,13,3060.4239,3089.1862,-2.031020,1.801655,1.767853,99.9778,0.0123,0.0099,3.40e-09
371,12,13,3072.4612,3089.1862,-2.266479,1.801834,1.762214,99.9784,0.0101,0.0115,3.17e-09
372,12,13,3082.2028,3089.1862,-2.645778,1.801943,1.768013,99.9778,0.0107,0.0115,3.50e-09
373,12,13,3082.5150,3089.1862,-2.665639,1.802029,1.774076,99.9772,0.0135,0.0093,3.46e-09
374,12,13,3091.5875,3089.1862,-3.109389,1.801833,1.770033,99.9776,0.0116,0.0108,2.69e-09
375,12,13,3097.8957,3089.1862,-2.549849,1.802177,1.771089,99.9775,0.0105,0.0120,3.46e-09
376,12,13,3107.7445,3089.1862,-2.221306,1.802348,1.778989,99.9767,0.0126,0.0107,2.88e-09
377,11,14,3109.2257,3128.6646,-2.206688,1.801147,1.771301,99.9771,0.0105,0.0124,4.07e-09
378,11,14,3129.7914,3128.6646,-3.443505,1.801770,1.774250,99.9769,0.0133,0.0098,3.31e-09
379,11,14,3137.4500,3128.6646,-2.551598,1.801670,1.774165,99.9769,0.0117,0.0114,3.07e-09
380,11,14,3144.8333,3128.6646,-2.286683,1.802165,1.772178,99.9772,0.0122,0.0106,3.13e-09
381,11,14,3149.6849,3128.6646,-2.172719,1.801731,1.771091,99.9772,0.0104,0.0124,3.34e-09
382,11,14,3155.1900,3128.6646,-2.071697,1.801044,1.773151,99.9769,0.0110,0.0120,3.39e-09
383,11,14,3161.5835,3128.6646,-1.977914,1.801277,1.776770,99.9766,0.0102,0.0132,3.17e-09
384,10,15,3179.0421,3207.6214,-2.050131,1.803093,1.767203,99.9770,0.0114,0.0116,3.69e-09
385,10,15,3184.9235,3207.6214,-2.150196,1.802734,1.768809,99.9768,0.0122,0.0111,3.60e-09
386,10,15,3193.4906,3207.6214,-2.356016,1.802504,1.775053,99.9761,0.0121,0.0118,2.91e-09
387,10,15,3200.4277,3207.6214,-2.649229,1.802761,1.772704,99.9764,0.0112,0.0124,3.06e-09
388,10,15,3221.7109,3207.6214,-2.357287,1.803218,1.769272,99.9768,0.0113,0.0120,2.22e-09
389,10,15,3235.1477,3207.6214,-2.066435,1.802592,1.775563,99.9760,0.0105,0.0135,3.06e-09
390,10,15,3249.7173,3207.6214,-1.881943,1.803067,1.778331,99.9758,0.0102,0.0141,3.26e-09
391,10,15,3263.7685,3207.6214,-1.756856,1.802189,1.760974,99.9775,0.0135,0.0090,3.02e-09
392,10,15,3268.7792,3207.6214,-1.719732,1.803263,1.787278,99.9748,0.0149,0.0103,2.39e-09
393,13,13,3285.9042,3335.9263,-1.824055,1.803640,1.770389,99.9757,0.0106,0.0137,3.26e-09
394,13,13,3309.8023,3335.9263,-2.106176,1.803204,1.779230,99.9746,0.0119,0.0135,2.64e-09
395,13,13,3322.5842,3335.9263,-2.397994,1.803856,1.766901,99.9761,0.0118,0.0122,3.09e-09
396,13,13,3327.8888,3335.9263,-2.618098,1.804194,1.773610,99.9754,0.0124,0.0123,2.67e-09
397,13,13,3337.0624,3335.9263,-3.467787,1.803566,1.773306,99.9753,0.0117,0.0130,3.56e-09
398,13,13,3342.4605,3335.9263,-2.708023,1.803370,1.773823,99.9753,0.0138,0.0109,3.03e-09
399,12,14,3365.2229,3355.6655,-2.545439,1.801108,1.764063,99.9764,0.0115,0.0121,2.91e-09
400,11,15,3389.2851,3414.8831,-2.125169,1.802530,1.773066,99.9749,0.0131,0.0121,2.11e-09
401,11,15,3420.8445,3414.8831,-2.758028,1.802285,1.780279,99.9740,0.0145,0.0115,2.76e-09
402,11,15,3426.7038,3414.8831,-2.460734,1.802192,1.787130,99.9731,0.0180,0.0088,2.39e-09
403,11,15,3428.0807,3414.8831,-2.412881,1.803067,1.780826,99.9740,0.0163,0.0097,2.42e-09
404,11,15,3451.9770,3414.8831,-1.964073,1.802420,1.766861,99.9755,0.0150,0.0095,2.44e-09
405,11,15,3456.5134,3414.8831,-1.913967,1.803826,1.783670,99.9737,0.0111,0.0152,2.25e-09
406,11,15,3504.1670,3414.8831,-1.582603,1.802664,1.781308,99.9739,0.0128,0.0133,2.26e-09
407,13,14,3517.1636,3602.4056,-1.625939,1.799983,1.771973,99.9737,0.0131,0.0131,2.46e-09
408,13,14,3522.4590,3602.4056,-1.653793,1.801151,1.775273,99.9735,0.0150,0.0115,1.82e-09
409,13,14,3537.2153,3602.4056,-1.742409,1.800858,1.771408,99.9739,0.0108,0.0153,2.62e-09
410,13,14,3571.9463,3602.4056,-2.072873,1.800794,1.790836,99.9715,0.0112,0.0174,2.04e-09
411,13,14,3615.6367,3602.4056,-2.434995,1.800448,1.788942,99.9717,0.0148,0.0135,1.97e-09
412,12,15,3645.6278,3641.8840,-2.988021,1.802531,1.781963,99.9721,0.0118,0.0161,1.84e-09
413,12,15,3659.1301,3641.8840,-2.324636,1.801817,1.777605,99.9725,0.0136,0.0139,2.17e-09
414,12,15,3670.3748,3641.8840,-2.106622,1.801545,1.780210,99.9722,0.0141,0.0137,2.19e-09
415,12,15,3679.6219,3641.8840,-1.984549,1.802807,1.782152,99.9721,0.0099,0.0180,2.33e-09
416,12,15,3684.2032,3641.8840,-1.934789,1.802183,1.781602,99.9721,0.0103,0.0176,2.44e-09
417,12,15,3705.2262,3641.8840,-1.759633,1.803024,1.785790,99.9716,0.0120,0.0164,2.34e-09
418,12,15,3707.8946,3641.8840,-1.741712,1.802447,1.781156,99.9722,0.0142,0.0137,2.24e-09
419,12,15,3717.8301,3641.8840,-1.680821,1.802326,1.785631,99.9716,0.0146,0.0138,1.87e-09
420,12,15,3733.3675,3641.8840,-1.599983,1.802373,1.770121,99.9735,0.0126,0.0139,2.10e-09
421,12,15,3737.2433,3641.8840,-1.581963,1.802222,1.791074,99.9708,0.0151,0.0140,1.98e-09
422,12,15,3752.2193,3641.8840,-1.518612,1.802329,1.793254,99.9706,0.0121,0.0173,1.76e-09
423,14,14,3757.6854,3868.8849,-1.541483,1.798516,1.787453,99.9700,0.0113,0.0188,1.99e-09
424,14,14,3791.7302,3868.8849,-1.700223,1.799394,1.796753,99.9688,0.0116,0.0196,1.81e-09
425,14,14,3815.9081,3868.8849,-1.863500,1.798702,1.792756,99.9692,0.0139,0.0169,2.09e-09
426,14,14,3826.6213,3868.8849,-1.961619,1.798694,1.794409,99.9690,0.0136,0.0174,2.03e-09
427,14,14,3838.1477,3868.8849,-2.099921,1.798069,1.793050,99.9691,0.0123,0.0186,1.90e-09
428,14,14,3869.5190,3868.8849,-3.785458,1.798355,1.739354,99.9759,0.0066,0.0175,1.99e-09
429,14,14,3873.9861,3868.8849,-2.879916,1.798582,1.782842,99.9706,0.0133,0.0161,1.42e-09
430,13,15,3882.6193,3888.6241,-2.811298,1.800048,1.801528,99.9677,0.0192,0.0131,1.55e-09
431,13,15,3937.6176,3888.6241,-1.899658,1.799936,1.771624,99.9719,0.0144,0.0138,2.07e-09
432,13,15,3945.8079,3888.6241,-1.832523,1.800525,1.799113,99.9682,0.0153,0.0165,1.60e-09
433,13,15,3958.5232,3888.6241,-1.745324,1.800032,1.795184,99.9687,0.0165,0.0148,1.71e-09
434,13,15,3966.7021,3888.6241,-1.697267,1.799742,1.800668,99.9678,0.0152,0.0170,1.83e-09
435,13,15,3985.4923,3888.6241,-1.603615,1.799977,1.781954,99.9705,0.0152,0.0143,1.94e-09
436,13,15,3988.9694,3888.6241,-1.588299,1.799627,1.800346,99.9679,0.0185,0.0137,1.57e-09
437,13,15,4003.9718,3888.6241,-1.527787,1.800463,1.802262,99.9677,0.0179,0.0144,1.63e-09
438,13,15,4018.6631,3888.6241,-1.475723,1.800295,1.815475,99.9656,0.0237,0.0107,1.80e-09
439,14,15,4057.7731,4155.1035,-1.630334,1.802079,1.792454,99.9666,0.0222,0.0112,1.63e-09
440,14,15,4079.5353,4155.1035,-1.740243,1.802444,1.799802,99.9655,0.0204,0.0141,1.55e-09
441,14,15,4096.6030,4155.1035,-1.851423,1.802515,1.796715,99.9660,0.0128,0.0212,1.80e-09
442,14,15,4104.6300,4155.1035,-1.915519,1.801121,1.790255,99.9668,0.0195,0.0136,1.52e-09
443,14,15,4107.9896,4155.1035,-1.945433,1.801213,1.798631,99.9655,0.0225,0.0120,1.59e-09
444,14,15,4135.6371,4155.1035,-2.329297,1.801314,1.780230,99.9684,0.0090,0.0226,1.43e-09
445,14,15,4196.7703,4155.1035,-1.998791,1.801890,1.806779,99.9643,0.0114,0.0243,1.48e-09
446,14,15,4257.9154,4155.1035,-1.606538,1.801951,1.812072,99.9635,0.0208,0.0158,1.23e-09
447,15,15,4316.9996,4441.3220,-1.552963,1.801531,1.797033,99.9636,0.0129,0.0235,1.15e-09
448,15,15,4329.2584,4441.3220,-1.598048,1.801058,1.793357,99.9642,0.0249,0.0109,1.49e-09
449,15,15,4346.4115,4441.3220,-1.670198,1.801965,1.794445,99.9641,0.0203,0.0155,1.63e-09
450,15,15,4361.7501,4441.3220,-1.746753,1.801158,1.733157,99.9729,0.0078,0.0193,1.05e-09
451,15,15,4421.4861,4441.3220,-2.350060,1.801941,1.794511,99.9641,0.0250,0.0109,1.16e-09
452,15,15,4446.7667,4441.3220,-2.911535,1.801190,1.777371,99.9667,0.0220,0.0113,1.25e-09
453,15,15,4469.5263,4441.3220,-2.197197,1.801802,1.793134,99.9643,0.0151,0.0206,1.64e-09
454,15,15,4471.1578,4441.3220,-2.172774,1.801875,1.735934,99.9726,0.0202,0.0072,1.32e-09
455,15,15,4519.8553,4441.3220,-1.752458,1.801471,1.801567,99.9629,0.0190,0.0181,1.04e-09
456,15,15,4543.9571,4441.3220,-1.636216,1.802198,1.817873,99.9600,0.0250,0.0150,1.00e-09
457,15,15,4580.7248,4441.3220,-1.503241,1.802197,1.795469,99.9640,0.0296,0.0065,1.14e-09
458,15,15,4587.1540,4441.3220,-1.483659,1.802143,1.781419,99.9662,0.0246,0.0092,1.26e-09
459,15,15,4678.7207,4441.3220,-1.272034,1.802232,1.781620,99.9662,0.0135,0.0203,1.12e-09
460,15,15,4698.0144,4441.3220,-1.238099,1.801276,1.757042,99.9697,0.0200,0.0103,1.05e-09
461,15,15,4749.4560,4441.3220,-1.158773,1.801992,1.829434,99.9578,0.0212,0.0210,9.14e-10
462,15,15,4772.6939,4441.3220,-1.127197,1.802206,1.786728,99.9654,0.0207,0.0139,9.13e-10
463,15,15,4789.5949,4441.3220,-1.105593,1.801842,1.828694,99.9579,0.0190,0.0231,8.64e-10
464,15,15,4960.4658,4441.3220,-0.932225,1.801613,1.808656,99.9616,0.0182,0.0202,1.17e-09
465,15,15,5024.9964,4441.3220,-0.881342,1.801681,1.843106,99.9550,0.0267,0.0182,1.11e-09
466,15,15,5208.3882,4441.3220,-0.762679,1.801996,1.746895,99.9712,0.0161,0.0127,1.09e-09
467,15,15,5223.8557,4441.3220,-0.754009,1.801441,1.869330,99.9493,0.0354,0.0154,4.44e-10
468,15,15,5228.2519,4441.3220,-0.751576,1.802132,1.811804,99.9611,0.0178,0.0211,7.78e-10
469,15,15,5281.7771,4441.3220,-0.722998,1.802046,1.745137,99.9714,0.0128,0.0158,9.34e-10
470,15,15,5543.8315,4441.3220,-0.605130,1.802216,1.833591,99.9570,0.0364,0.0066,8.14e-10
471,15,15,5563.0934,4441.3220,-0.597608,1.801124,1.866248,99.9499,0.0377,0.0124,6.78e-10
472,15,15,5603.3309,4441.3220,-0.582303,1.802131,1.867075,99.9499,0.0119,0.0383,7.10e-10
473,15,15,5606.6584,4441.3220,-0.581061,1.802341,1.910469,99.9388,0.0327,0.0285,5.89e-10
474,15,15,6569.4981,4441.3220,-0.319505,1.801591,1.824595,99.9587,0.0200,0.0213,4.15e-10
475,15,15,6578.0110,4441.3220,-0.317771,1.801618,1.821963,99.9592,0.0343,0.0065,3.13e-10
476,15,15,6630.0399,4441.3220,-0.307322,1.801574,1.825550,99.9585,0.0213,0.0201,3.63e-10
477,15,15,72976.7377,4441.3220,1.188403,1.801891,1.778071,99.9667,0.0072,0.0262,1.56e-12
478,15,15,74735.6598,4441.3220,1.199408,1.801328,1.816101,99.9603,0.0084,0.0313,2.01e-12
479,15,15,75499.8501,4441.3220,1.204104,1.801873,1.817812,99.9600,0.0318,0.0083,1.63e-12
480,15,15,76224.9108,4441.3220,1.208513,1.801752,1.751331,99.9705,0.0235,0.0060,1.78e-12
481,15,15,78612.7486,4441.3220,1.222724,1.801858,1.790214,99.9647,0.0063,0.0289,3.05e-12
482,15,15,79348.1668,4441.3220,1.227009,1.801921,1.750651,99.9706,0.0075,0.0219,1.81e-12
483,15,15,79602.3904,4441.3220,1.228481,1.801910,1.752973,99.9703,0.0224,0.0073,2.85e-12
484,15,15,79969.6157,4441.3220,1.230597,1.801701,1.792225,99.9644,0.0093,0.0263,1.59e-12
485,15,15,80448.9979,4441.3220,1.233345,1.801470,1.839441,99.9558,0.0097,0.0346,1.80e-12
486,15,15,80673.8625,4441.3220,1.234628,1.801689,1.850575,99.9535,0.0356,0.0109,2.27e-12
487,15,15,81420.2264,4441.3220,1.238859,1.801471,1.728656,99.9735,0.0218,0.0047,2.36e-12
488,15,15,81517.2461,4441.3220,1.239406,1.801865,1.800254,99.9631,0.0308,0.0062,3.48e-12
489,15,15,81819.2094,4441.3220,1.241105,1.801488,1.775177,99.9671,0.0059,0.0270,1.68e-12
490,15,15,82205.4185,4441.3220,1.243267,1.801810,1.756241,99.9699,0.0250,0.0052,2.13e-12
491,15,15,82301.7130,4441.3220,1.243804,1.801680,1.757606,99.9696,0.0040,0.0264,2.15e-12
492,15,15,82611.9543,4441.3220,1.245531,1.801727,1.756455,99.9698,0.0070,0.0232,1.54e-12
493,15,15,83211.3755,4441.3220,1.248849,1.801554,1.850777,99.9534,0.0387,0.0079,2.68e-12
494,15,15,84151.2438,4441.3220,1.254000,1.801380,1.870624,99.9490,0.0409,0.0101,2.57e-12
495,15,15,84201.8320,4441.3220,1.254276,1.801707,1.749146,99.9708,0.0255,0.0037,2.16e-12
496,15,15,84234.9264,4441.3220,1.254456,1.801660,1.767242,99.9683,0.0036,0.0281,1.95e-12
497,15,15,84373.1586,4441.3220,1.255208,1.801762,1.793245,99.9642,0.0081,0.0277,1.70e-12
498,15,15,84715.7537,4441.3220,1.257065,1.801658,1.770712,99.9678,0.0285,0.0037,1.71e-12
499,15,15,85008.7388,4441.3220,1.258647,1.801496,1.925577,99.9343,0.0554,0.0103,2.98e-12
500,15,15,85074.5944,4441.3220,1.259002,1.801563,1.761322,99.9692,0.0038,0.0270,1.29e-12
501,15,15,85630.0506,4441.3220,1.261983,1.801523,1.948593,99.9269,0.0096,0.0635,1.43e-12
502,15,15,85678.1972,4441.3220,1.262241,1.801703,1.936614,99.9308,0.0112,0.0580,2.10e-12
503,15,15,85909.2704,4441.3220,1.263475,1.801653,1.750433,99.9706,0.0260,0.0034,1.30e-12
504,15,15,86074.5731,4441.3220,1.264355,1.801737,1.775650,99.9670,0.0294,0.0036,2.26e-12
505,15,15,86442.2453,4441.3220,1.266306,1.801513,1.864437,99.9504,0.0220,0.0276,2.81e-12
506,15,15,86599.2604,4441.3220,1.267137,1.801660,1.870727,99.9489,0.0275,0.0236,1.84e-12
507,15,15,87416.5700,4441.3220,1.271436,1.801522,1.972517,99.9184,0.0711,0.0105,1.90e-12
508,15,15,87537.7239,4441.3220,1.272070,1.801660,1.747390,99.9711,0.0033,0.0256,1.43e-12
509,15,15,87981.8016,4441.3220,1.274385,1.801458,1.942003,99.9291,0.0089,0.0620,1.85e-12
510,15,15,88526.0961,4441.3220,1.277205,1.801651,1.793889,99.9642,0.0052,0.0306,1.14e-12
511,15,15,88630.2578,4441.3220,1.277743,1.801641,1.788503,99.9650,0.0316,0.0034,1.92e-12
512,15,15,88672.1446,4441.3220,1.277959,1.801559,1.783854,99.9658,0.0294,0.0049,1.12e-12
513,15,15,89255.9494,4441.3220,1.280958,1.801653,1.788701,99.9650,0.0315,0.0035,1.84e-12
514,15,15,89804.1414,4441.3220,1.283756,1.801621,1.796321,99.9637,0.0030,0.0333,1.70e-12
515,15,15,90575.3565,4441.3220,1.287663,1.801655,1.817206,99.9601,0.0040,0.0359,1.74e-12
516,15,15,90616.4775,4441.3220,1.287870,1.801686,1.740031,99.9720,0.0035,0.0245,1.31e-12
517,15,15,91002.5943,4441.3220,1.289811,1.801476,1.827624,99.9582,0.0117,0.0301,1.59e-12
518,15,15,91186.7357,4441.3220,1.290734,1.801756,1.807574,99.9618,0.0282,0.0100,1.48e-12
519,15,15,91476.4399,4441.3220,1.292182,1.801614,1.780897,99.9662,0.0315,0.0023,1.54e-12
520,15,15,91667.8267,4441.3220,1.293136,1.801682,1.888578,99.9446,0.0464,0.0091,2.16e-12
521,15,15,91723.6242,4441.3220,1.293414,1.801547,1.882061,99.9462,0.0098,0.0440,2.04e-12
522,15,15,91849.3501,4441.3220,1.294039,1.801610,1.851568,99.9532,0.0414,0.0054,2.61e-12
523,15,15,91997.0476,4441.3220,1.294772,1.801558,1.784213,99.9657,0.0318,0.0025,3.53e-12
524,15,15,92421.7263,4441.3220,1.296874,1.801632,1.899366,99.9417,0.0202,0.0381,1.48e-12
525,15,15,92546.7742,4441.3220,1.297491,1.801693,1.766235,99.9684,0.0019,0.0296,1.81e-12
526,15,15,92787.2250,4441.3220,1.298674,1.801665,1.835939,99.9565,0.0076,0.0359,1.61e-12
527,15,15,93120.2170,4441.3220,1.300308,1.801614,1.899858,99.9416,0.0178,0.0407,1.63e-12
528,15,15,93859.5507,4441.3220,1.303914,1.801485,1.937792,99.9305,0.0135,0.0560,1.81e-12
529,15,15,94051.6317,4441.3220,1.304846,1.801599,1.940179,99.9297,0.0564,0.0139,1.44e-12
530,15,15,94783.9297,4441.3220,1.308380,1.801606,1.823391,99.9590,0.0376,0.0034,1.22e-12
531,15,15,95674.6141,4441.3220,1.312641,1.801589,1.789429,99.9649,0.0014,0.0338,1.28e-12
532,15,15,96750.2502,4441.3220,1.317731,1.801686,1.839293,99.9557,0.0367,0.0075,1.41e-12
533,15,15,97124.3097,4441.3220,1.319488,1.801668,1.787113,99.9652,0.0072,0.0275,1.05e-12
534,15,15,97384.0161,4441.3220,1.320703,1.801592,1.836489,99.9564,0.0062,0.0374,9.67e-13
535,15,15,97668.6294,4441.3220,1.322031,1.801586,1.838640,99.9559,0.0378,0.0062,1.04e-12
536,15,15,100577.4704,4441.3220,1.335374,1.801606,1.921498,99.9354,0.0467,0.0179,1.71e-12
537,15,15,100805.4932,4441.3220,1.336403,1.801600,1.926148,99.9340,0.0184,0.0476,2.34e-12
538,15,15,101480.7020,4441.3220,1.339436,1.801556,1.856225,99.9522,0.0457,0.0022,1.10e-12
539,15,15,103467.0071,4441.3220,1.348236,1.801583,1.791530,99.9645,0.0014,0.0341,1.35e-12
540,15,15,104732.7344,4441.3220,1.353751,1.801512,1.876936,99.9474,0.0021,0.0505,1.21e-12
541,15,15,104839.7644,4441.3220,1.354215,1.801626,1.803968,99.9625,0.0362,0.0013,1.50e-12
542,15,15,107836.3267,4441.3220,1.366987,1.801502,1.896323,99.9425,0.0032,0.0543,9.69e-13
543,15,15,111364.6800,4441.3220,1.381560,1.801631,1.948185,99.9271,0.0689,0.0039,1.25e-12
544,15,15,111849.9068,4441.3220,1.383527,1.801452,1.938088,99.9303,0.0654,0.0044,1.44e-12
545,15,15,112130.6263,4441.3220,1.384660,1.801634,1.940899,99.9295,0.0040,0.0664,1.21e-12
546,15,15,112215.3895,4441.3220,1.385002,1.801600,1.932113,99.9323,0.0023,0.0654,6.52e-13
547,15,15,113428.7198,4441.3220,1.389864,1.801521,1.935751,99.9311,0.0675,0.0015,9.93e-13
548,15,15,114244.6048,4441.3220,1.393103,1.801552,1.937470,99.9306,0.0683,0.0011,1.05e-12
549,15,15,114543.5118,4441.3220,1.394284,1.801355,2.111326,99.8453,0.0936,0.0611,1.34e-12
550,15,15,114753.4628,4441.3220,1.395111,1.801451,2.032396,99.8925,0.0482,0.0593,1.22e-12
551,15,15,114808.2382,4441.3220,1.395327,1.801447,2.036371,99.8905,0.0600,0.0495,6.75e-13
552,15,15,115214.2300,4441.3220,1.396921,1.801454,2.029097,99.8941,0.0531,0.0528,1.17e-12
553,15,15,116511.8540,4441.3220,1.401979,1.801565,1.957440,99.9239,0.0016,0.0745,1.06e-12
554,15,15,117205.1483,4441.3220,1.404658,1.801603,1.897768,99.9422,0.0084,0.0494,1.04e-12
555,15,15,117857.9247,4441.3220,1.407164,1.801531,1.895840,99.9426,0.0501,0.0072,1.07e-12
556,15,15,130157.7419,4441.3220,1.451880,1.801537,1.979637,99.9157,0.0774,0.0068,8.05e-13
557,15,15,5538572.0319,4441.3220,3.095537,0.137303,3.516578,0.0174,81.1905,18.7922,2.60e-14
558,15,15,5539654.5449,4441.3220,3.095622,0.213591,3.516534,0.0377,18.7856,81.1767,1.96e-14
559,15,15,5772742.3230,4441.3220,3.113536,0.165090,3.516560,0.0262,99.6520,0.3218,2.32e-14
560,15,15,5773117.7849,4441.3220,3.113564,0.121405,3.516576,0.0174,0.3226,99.6601,2.90e-14
561,15,15,5783999.8619,4441.3220,3.114382,0.189756,3.516545,0.0338,50.0159,49.9503,2.50e-14
562,15,15,5784494.2780,4441.3220,3.114420,0.113106,3.516578,0.0191,49.9564,50.0245,3.53e-14
563,15,15,5787024.9920,4441.3220,3.114610,0.139099,3.516561,0.0286,92.7166,7.2548,5.01e-14
564,15,15,5788278.8599,4441.3220,3.114704,0.207525,3.516531,0.0390,7.2605,92.7005,2.98e-14
565,15,15,5796471.1907,4441.3220,3.115319,0.132814,3.516574,0.0197,61.5485,38.4318,3.38e-14
566,15,15,5796910.4919,4441.3220,3.115351,0.141541,3.516569,0.0220,38.4275,61.5505,3.12e-14
567,15,15,5822888.2521,4441.3220,3.117295,0.127291,3.516570,0.0204,61.4503,38.5293,2.98e-14
568,15,15,5823523.1447,4441.3220,3.117342,0.153863,3.516564,0.0205,38.5272,61.4523,3.20e-14
569,15,15,5832902.9659,4441.3220,3.118042,0.160589,3.516551,0.0309,97.5072,2.4619,4.08e-14
570,15,15,5835168.0461,4441.3220,3.118210,0.197426,3.516541,0.0359,2.8361,97.1280,3.56e-14
571,15,15,5835529.5577,4441.3220,3.118237,0.217933,3.516530,0.0371,2.8343,97.1287,3.52e-14
572,15,15,5838056.5667,4441.3220,3.118426,0.201762,3.516530,0.0429,96.7492,3.2079,3.37e-14
573,15,15,5871165.2876,4441.3220,3.120883,0.119887,3.516570,0.0227,99.7912,0.1862,3.15e-14
574,15,15,5871749.3588,4441.3220,3.120927,0.101015,3.516577,0.0176,0.1854,99.7970,4.98e-14
575,15,15,5879093.2494,4441.3220,3.121470,0.127595,3.516577,0.0186,9.0831,90.8983,4.20e-14
576,15,15,5879835.6601,4441.3220,3.121525,0.126619,3.516573,0.0201,90.8958,9.0841,5.74e-14
577,15,15,5902654.4535,4441.3220,3.123208,0.123079,3.516577,0.0203,73.0680,26.9117,4.55e-14
578,15,15,5902980.5945,4441.3220,3.123232,0.131238,3.516571,0.0195,26.9272,73.0533,4.88e-14
579,15,15,5908133.8556,4441.3220,3.123611,0.143822,3.516566,0.0236,98.6816,1.2948,6.76e-14
580,15,15,5908267.3837,4441.3220,3.123621,0.133216,3.516577,0.0211,1.2826,98.6962,4.23e-14
581,15,15,5912603.1147,4441.3220,3.123940,0.139726,3.516568,0.0238,81.1297,18.8466,5.35e-14
582,15,15,5912777.7260,4441.3220,3.123953,0.156509,3.516559,0.0255,18.8707,81.1037,4.74e-14
583,15,15,5914287.0743,4441.3220,3.124064,0.130737,3.516572,0.0230,81.6852,18.2919,4.16e-14
584,15,15,5914594.0280,4441.3220,3.124086,0.113679,3.516583,0.0180,18.4800,81.5020,3.80e-14
585,15,15,5915827.2280,4441.3220,3.124177,0.140831,3.516563,0.0223,83.5759,16.4018,5.33e-14
586,15,15,5916145.9895,4441.3220,3.124200,0.125887,3.516575,0.0203,16.1799,83.7998,4.06e-14
587,15,15,5928010.9011,4441.3220,3.125071,0.154121,3.516552,0.0293,70.8027,29.1681,3.81e-14
588,15,15,5928265.6386,4441.3220,3.125090,0.141773,3.516566,0.0247,29.1724,70.8029,7.87e-14
589,15,15,5935716.5827,4441.3220,3.125636,0.169088,3.516548,0.0301,63.3658,36.6041,5.58e-14
590,15,15,5936137.2374,4441.3220,3.125667,0.177303,3.516551,0.0304,36.6035,63.3661,5.68e-14
591,15,15,5948257.0654,4441.3220,3.126553,0.113386,3.516577,0.0203,80.2530,19.7267,4.89e-14
592,15,15,5948489.2866,4441.3220,3.126570,0.123669,3.516575,0.0180,19.7273,80.2547,5.16e-14
593,15,15,5951205.0818,4441.3220,3.126768,0.141891,3.516565,0.0210,98.9521,1.0269,6.00e-14
594,15,15,5951701.8368,4441.3220,3.126805,0.125913,3.516573,0.0200,1.0262,98.9539,3.23e-14
595,15,15,5980546.3022,4441.3220,3.128906,0.095179,3.516588,0.0135,1.2728,98.7137,5.93e-14
596,15,15,5981358.8990,4441.3220,3.128965,0.196913,3.516537,0.0360,98.5375,1.4265,3.43e-14
597,15,15,5984069.1405,4441.3220,3.129162,0.097950,3.516586,0.0156,4.7889,95.1955,5.19e-14
598,15,15,5984711.8143,4441.3220,3.129209,0.202737,3.516537,0.0358,95.3255,4.6387,4.56e-14
599,15,15,5988302.1425,4441.3220,3.129469,0.109307,3.516575,0.0195,79.6989,20.2816,4.87e-14
600,15,15,5988654.3029,4441.3220,3.129495,0.109698,3.516577,0.0185,20.3513,79.6302,4.12e-14
601,15,15,5992797.1835,4441.3220,3.129795,0.128802,3.516570,0.0210,99.1340,0.8450,6.89e-14
602,15,15,5993542.4863,4441.3220,3.129849,0.152150,3.516561,0.0285,0.7890,99.1825,4.40e-14
603,15,15,5995597.3173,4441.3220,3.129998,0.208843,3.516535,0.0388,34.2477,65.7136,4.04e-14
604,15,15,5995766.5321,4441.3220,3.130011,0.120310,3.516574,0.0172,65.7317,34.2511,4.47e-14
605,15,15,5998971.0184,4441.3220,3.130243,0.102092,3.516580,0.0185,49.4237,50.5578,5.15e-14
606,15,15,5999125.5212,4441.3220,3.130254,0.125914,3.516574,0.0192,50.5511,49.4297,5.31e-14
607,15,15,6013378.4941,4441.3220,3.131285,0.113285,3.516575,0.0198,97.2091,2.7712,6.64e-14
608,15,15,6013811.9805,4441.3220,3.131317,0.102177,3.516579,0.0188,2.9478,97.0334,6.32e-14
609,15,15,6015684.6700,4441.3220,3.131452,0.125302,3.516572,0.0206,81.5097,18.4697,6.18e-14
610,15,15,6016145.3044,4441.3220,3.131485,0.154564,3.516568,0.0220,17.9111,82.0669,4.17e-14
611,15,15,6017495.7221,4441.3220,3.131583,0.097289,3.516584,0.0173,94.5891,5.3936,6.14e-14
612,15,15,6018617.4078,4441.3220,3.131664,0.163868,3.516556,0.0261,5.7717,94.2021,4.24e-14
613,15,15,6024866.3776,4441.3220,3.132115,0.137241,3.516569,0.0228,93.6605,6.3167,6.20e-14
614,15,15,6025091.2291,4441.3220,3.132131,0.110388,3.516576,0.0204,6.3166,93.6630,5.05e-14
615,15,15,6029953.3660,4441.3220,3.132482,0.110045,3.516582,0.0158,23.1273,76.8569,7.65e-14
616,15,15,6030269.6486,4441.3220,3.132504,0.148243,3.516565,0.0237,76.8387,23.1376,4.63e-14
617,15,15,6034299.8365,4441.3220,3.132795,0.107073,3.516588,0.0136,3.3403,96.6461,7.73e-14
618,15,15,6034983.3840,4441.3220,3.132844,0.165810,3.516557,0.0279,96.6372,3.3348,6.29e-14
619,15,15,6042609.1191,4441.3220,3.133393,0.147696,3.516567,0.0216,98.9056,1.0729,4.68e-14
620,15,15,6042814.8270,4441.3220,3.133408,0.138152,3.516574,0.0201,1.0724,98.9075,7.04e-14
621,15,15,6046488.0699,4441.3220,3.133672,0.090980,3.516587,0.0143,37.0387,62.9470,6.89e-14
622,15,15,6046772.1740,4441.3220,3.133692,0.126457,3.516573,0.0222,62.9501,37.0277,4.41e-14
623,15,15,6053137.3235,4441.3220,3.134149,0.099837,3.516586,0.0159,3.8210,96.1631,6.17e-14
624,15,15,6054268.5222,4441.3220,3.134231,0.136414,3.516565,0.0244,96.1499,3.8258,4.95e-14
625,15,15,6063538.1556,4441.3220,3.134896,0.123565,3.516581,0.0188,0.6418,99.3394,6.48e-14
626,15,15,6064666.8588,4441.3220,3.134977,0.172738,3.516554,0.0276,99.3313,0.6411,4.59e-14
627,15,15,6076651.9563,4441.3220,3.135835,0.109512,3.516582,0.0163,8.0235,91.9601,6.14e-14
628,15,15,6076921.6703,4441.3220,3.135854,0.128117,3.516573,0.0205,91.9568,8.0228,4.33e-14
629,15,15,6081333.8030,4441.3220,3.136169,0.148146,3.516567,0.0273,0.6193,99.3535,4.75e-14
630,15,15,6081426.3437,4441.3220,3.136176,0.086270,3.516586,0.0145,99.0736,0.9119,5.68e-14
631,15,15,6081632.8175,4441.3220,3.136191,0.099285,3.516589,0.0130,66.1284,33.8587,5.91e-14
632,15,15,6083001.5942,4441.3220,3.136288,0.142656,3.516569,0.0204,34.1464,65.8332,4.54e-14
633,15,15,6105835.6451,4441.3220,3.137917,0.111159,3.516581,0.0155,6.5914,93.3932,5.53e-14
634,15,15,6106835.9806,4441.3220,3.137988,0.132498,3.516575,0.0188,93.3875,6.5937,5.36e-14
635,15,15,6110906.9105,4441.3220,3.138278,0.102891,3.516581,0.0151,82.1449,17.8400,4.74e-14
636,15,15,6111275.3294,4441.3220,3.138304,0.112036,3.516580,0.0160,17.8410,82.1430,3.94e-14
637,15,15,6120331.5956,4441.3220,3.138947,0.106551,3.516580,0.0154,53.5762,46.4084,5.31e-14
638,15,15,6121024.8021,4441.3220,3.138997,0.095728,3.516585,0.0150,46.4084,53.5765,4.83e-14
639,15,15,6127913.9636,4441.3220,3.139486,0.106919,3.516587,0.0161,68.1436,31.8403,5.27e-14
640,15,15,6128102.5057,4441.3220,3.139499,0.119046,3.516578,0.0177,31.8210,68.1612,6.36e-14
641,15,15,6128607.2405,4441.3220,3.139535,0.133051,3.516570,0.0227,83.8724,16.1049,5.79e-14
642,15,15,6128922.8683,4441.3220,3.139557,0.076585,3.516592,0.0132,16.1034,83.8835,9.90e-14
643,15,15,6130816.8661,4441.3220,3.139691,0.098184,3.516587,0.0138,3.8852,96.1010,5.82e-14
644,15,15,6130950.6548,4441.3220,3.139701,0.102403,3.516584,0.0141,96.1596,3.8263,7.40e-14
645,15,15,6134018.5275,4441.3220,3.139918,0.092709,3.516595,0.0126,93.8653,6.1221,7.60e-14
646,15,15,6134104.4349,4441.3220,3.139924,0.112215,3.516578,0.0140,6.0851,93.9009,6.15e-14
647,15,15,6141735.2579,4441.3220,3.140465,0.105517,3.516581,0.0177,72.9674,27.0149,6.40e-14
648,15,15,6141996.6218,4441.3220,3.140483,0.095615,3.516588,0.0134,27.0138,72.9728,7.28e-14
649,15,15,6143314.6212,4441.3220,3.140576,0.186755,3.516542,0.0339,99.5441,0.4220,7.20e-14
650,15,15,6144062.7499,4441.3220,3.140629,0.188289,3.516539,0.0350,0.4075,99.5575,4.42e-14
651,15,15,6146016.4545,4441.3220,3.140768,0.114031,3.516576,0.0173,81.1259,18.8568,5.67e-14
652,15,15,6146204.0383,4441.3220,3.140781,0.158655,3.516564,0.0261,18.8767,81.0973,5.56e-14
653,15,15,6147597.6966,4441.3220,3.140879,0.091724,3.516587,0.0153,69.2528,30.7318,7.25e-14
654,15,15,6147777.8607,4441.3220,3.140892,0.122514,3.516573,0.0208,30.7185,69.2608,5.46e-14
655,15,15,6148723.1763,4441.3220,3.140959,0.098360,3.516583,0.0148,16.9821,83.0031,6.46e-14
656,15,15,6148782.2026,4441.3220,3.140963,0.134173,3.516573,0.0186,83.0043,16.9771,6.25e-14
657,15,15,6159041.1289,4441.3220,3.141688,0.163088,3.516559,0.0275,14.0705,85.9020,6.03e-14
658,15,15,6159230.3911,4441.3220,3.141701,0.096972,3.516583,0.0142,85.9120,14.0738,6.84e-14
659,15,15,6161687.4992,4441.3220,3.141874,0.114477,3.516580,0.0152,1.6732,98.3116,6.52e-14
660,15,15,6162436.1289,4441.3220,3.141927,0.118942,3.516576,0.0192,87.1626,12.8181,8.67e-14
661,15,15,6162609.9012,4441.3220,3.141939,0.151103,3.516559,0.0248,97.1662,2.8090,6.12e-14
662,15,15,6163581.5852,4441.3220,3.142008,0.167402,3.516553,0.0318,13.9518,86.0165,4.34e-14
663,15,15,6170788.0240,4441.3220,3.142516,0.107221,3.516584,0.0156,22.6522,77.3322,5.63e-14
664,15,15,6171009.5936,4441.3220,3.142531,0.103234,3.516581,0.0161,77.3795,22.6044,6.12e-14
665,15,15,6172859.8526,4441.3220,3.142662,0.111660,3.516588,0.0130,20.4483,79.5387,6.50e-14
666,15,15,6173151.0896,4441.3220,3.142682,0.125506,3.516577,0.0191,79.4834,20.4976,5.23e-14
667,15,15,6184811.4494,4441.3220,3.143502,0.107452,3.516587,0.0161,6.0273,93.9566,6.77e-14
668,15,15,6185221.2285,4441.3220,3.143531,0.101739,3.516586,0.0192,93.9536,6.0271,5.72e-14
669,15,15,6189262.4526,4441.3220,3.143815,0.094225,3.516588,0.0158,0.0798,99.9044,5.36e-14
670,15,15,6189586.9234,4441.3220,3.143838,0.096569,3.516584,0.0160,99.9075,0.0766,6.34e-14
671,15,15,6192217.4434,4441.3220,3.144022,0.087933,3.516592,0.0136,2.6524,97.3340,5.75e-14
672,15,15,6192585.8948,4441.3220,3.144048,0.135332,3.516570,0.0214,97.3151,2.6635,6.93e-14
673,15,15,6196103.5758,4441.3220,3.144295,0.102915,3.516585,0.0121,24.4519,75.5360,5.82e-14
674,15,15,6196323.5482,4441.3220,3.144310,0.112815,3.516580,0.0149,72.4671,27.5179,6.31e-14
675,15,15,6197138.9462,4441.3220,3.144368,0.081356,3.516597,0.0126,74.7571,25.2303,6.58e-14
676,15,15,6197759.8493,4441.3220,3.144411,0.127765,3.516572,0.0206,28.2732,71.7062,4.63e-14
677,15,15,6200897.3257,4441.3220,3.144631,0.136184,3.516572,0.0194,92.9423,7.0383,6.06e-14
678,15,15,6201011.8576,4441.3220,3.144639,0.106954,3.516583,0.0134,7.1063,92.8803,6.37e-14
679,15,15,6203313.2891,4441.3220,3.144800,0.106192,3.516582,0.0179,92.8014,7.1806,6.11e-14
680,15,15,6203446.1648,4441.3220,3.144810,0.087218,3.516589,0.0134,7.1857,92.8009,8.10e-14
681,15,15,6205011.1460,4441.3220,3.144919,0.106869,3.516581,0.0142,74.6178,25.3680,8.68e-14
682,15,15,6205413.1034,4441.3220,3.144947,0.098001,3.516589,0.0142,25.3327,74.6530,6.43e-14
683,15,15,6210071.2959,4441.3220,3.145274,0.097500,3.516586,0.0132,0.6272,99.3596,6.93e-14
684,15,15,6210311.3879,4441.3220,3.145290,0.076868,3.516589,0.0139,99.3333,0.6528,4.63e-14
685,15,15,6211716.1011,4441.3220,3.145389,0.094778,3.516585,0.0124,1.6866,98.3010,7.01e-14
686,15,15,6212067.3965,4441.3220,3.145413,0.099288,3.516582,0.0142,98.3111,1.6747,4.97e-14
687,15,15,6216108.8293,4441.3220,3.145696,0.102117,3.516584,0.0145,0.9763,99.0092,6.08e-14
688,15,15,6216362.7573,4441.3220,3.145714,0.112860,3.516579,0.0180,98.7517,1.2303,6.09e-14
689,15,15,6223780.2849,4441.3220,3.146232,0.128153,3.516576,0.0178,9.2227,90.7595,4.91e-14
690,15,15,6224019.5060,4441.3220,3.146249,0.106814,3.516578,0.0167,90.2469,9.7363,7.63e-14
691,15,15,6225163.8931,4441.3220,3.146329,0.106704,3.516582,0.0173,2.2501,97.7326,6.73e-14
692,15,15,6225302.5274,4441.3220,3.146338,0.105893,3.516584,0.0145,98.4668,1.5186,7.51e-14
693,15,15,6226086.4904,4441.3220,3.146393,0.114947,3.516581,0.0177,3.8836,96.0987,7.07e-14
694,15,15,6226372.0924,4441.3220,3.146413,0.103079,3.516582,0.0170,96.1484,3.8346,5.48e-14
695,15,15,6230862.9788,4441.3220,3.146726,0.078726,3.516594,0.0115,3.8290,96.1595,6.92e-14
696,15,15,6230998.2050,4441.3220,3.146736,0.114736,3.516576,0.0146,96.1680,3.8174,5.35e-14
697,15,15,6235024.7878,4441.3220,3.147016,0.114043,3.516578,0.0136,50.1186,49.8679,7.13e-14
698,15,15,6235173.9047,4441.3220,3.147027,0.092209,3.516595,0.0138,2.8365,97.1497,6.82e-14
699,15,15,6235319.2474,4441.3220,3.147037,0.091282,3.516589,0.0136,47.1154,52.8710,7.14e-14
700,15,15,6235868.8780,4441.3220,3.147075,0.135024,3.516572,0.0218,99.6555,0.3227,5.53e-14
701,15,15,6237445.5905,4441.3220,3.147185,0.081715,3.516589,0.0130,10.2867,89.7003,6.89e-14
702,15,15,6237788.7700,4441.3220,3.147209,0.094044,3.516589,0.0167,89.9222,10.0611,5.66e-14
703,15,15,6242979.1675,4441.3220,3.147571,0.106177,3.516584,0.0163,99.8643,0.1194,6.90e-14
704,15,15,6243957.8708,4441.3220,3.147639,0.106240,3.516582,0.0191,0.2282,99.7526,5.84e-14
705,15,15,6247792.3403,4441.3220,3.147905,0.103645,3.516586,0.0142,79.3369,20.6488,6.51e-14
706,15,15,6248334.1435,4441.3220,3.147943,0.099103,3.516581,0.0151,20.5408,79.4442,7.41e-14
707,15,15,6254159.2129,4441.3220,3.148348,0.111154,3.516581,0.0161,3.7316,96.2522,7.82e-14
708,15,15,6254694.8644,4441.3220,3.148385,0.130359,3.516572,0.0209,96.2361,3.7430,5.80e-14
709,15,15,6259562.2022,4441.3220,3.148723,0.089851,3.516592,0.0127,99.3715,0.6158,7.02e-14
710,15,15,6259656.1683,4441.3220,3.148730,0.075389,3.516593,0.0126,0.7492,99.2381,7.04e-14
711,15,15,6260537.4447,4441.3220,3.148791,0.105960,3.516581,0.0142,99.4518,0.5340,6.08e-14
712,15,15,6260710.3700,4441.3220,3.148803,0.094476,3.516584,0.0144,0.4025,99.5831,6.35e-14
713,15,15,6267778.3475,4441.3220,3.149294,0.114765,3.516575,0.0183,94.8650,5.1167,6.45e-14
714,15,15,6268485.4534,4441.3220,3.149343,0.152445,3.516558,0.0263,5.1147,94.8590,6.35e-14
715,15,15,6269898.8114,4441.3220,3.149441,0.083120,3.516589,0.0133,98.6742,1.3125,4.24e-14
716,15,15,6270450.4749,4441.3220,3.149479,0.128346,3.516570,0.0191,1.3134,98.6675,6.32e-14
717,15,15,6271309.3868,4441.3220,3.149538,0.094590,3.516588,0.0154,1.6304,98.3542,7.84e-14
718,15,15,6271812.4958,4441.3220,3.149573,0.164314,3.516557,0.0263,98.3408,1.6328,6.86e-14
719,15,15,6274545.1679,4441.3220,3.149762,0.104950,3.516586,0.0121,6.1524,93.8355,7.88e-14
720,15,15,6275027.8769,4441.3220,3.149796,0.115061,3.516578,0.0156,93.8397,6.1447,5.52e-14
721,15,15,6283177.3514,4441.3220,3.150360,0.097834,3.516589,0.0139,36.6015,63.3846,5.74e-14
722,15,15,6283238.5657,4441.3220,3.150364,0.092473,3.516583,0.0155,63.4182,36.5664,6.02e-14
723,15,15,6285003.0644,4441.3220,3.150486,0.108869,3.516579,0.0155,34.2047,65.7798,4.99e-14
724,15,15,6285081.8862,4441.3220,3.150492,0.122105,3.516581,0.0172,65.7472,34.2357,6.35e-14
725,15,15,6289711.6980,4441.3220,3.150812,0.082311,3.516595,0.0129,10.0769,89.9102,6.06e-14
726,15,15,6290044.7176,4441.3220,3.150835,0.075397,3.516592,0.0122,84.3357,15.6521,6.82e-14
727,15,15,6290055.0530,4441.3220,3.150835,0.080716,3.516591,0.0121,7.7105,92.2774,6.79e-14
728,15,15,6291045.4060,4441.3220,3.150904,0.123705,3.516572,0.0203,97.8652,2.1145,6.20e-14
729,15,15,6302128.0724,4441.3220,3.151669,0.092987,3.516590,0.0125,65.7157,34.2718,5.30e-14
730,15,15,6302734.8776,4441.3220,3.151711,0.091575,3.516588,0.0148,34.2275,65.7576,7.14e-14
731,15,15,6304492.4092,4441.3220,3.151832,0.096893,3.516590,0.0158,3.0669,96.9173,7.47e-14
732,15,15,6304814.0561,4441.3220,3.151854,0.117184,3.516577,0.0171,94.3943,5.5885,6.87e-14
733,15,15,6305493.7761,4441.3220,3.151901,0.081337,3.516587,0.0125,40.6298,59.3577,8.77e-14
734,15,15,6306108.8417,4441.3220,3.151943,0.103687,3.516588,0.0160,62.0815,37.9025,6.45e-14
735,15,15,6306773.6895,4441.3220,3.151989,0.089287,3.516591,0.0106,68.0302,31.9592,6.45e-14
736,15,15,6307359.2042,4441.3220,3.152029,0.133097,3.516574,0.0206,31.8945,68.0849,6.83e-14
737,15,15,6308345.3838,4441.3220,3.152097,0.123025,3.516575,0.0161,9.1106,90.8733,6.71e-14
738,15,15,6310022.5770,4441.3220,3.152213,0.154984,3.516565,0.0243,90.7655,9.2102,6.31e-14
739,15,15,6316120.3251,4441.3220,3.152633,0.071239,3.516594,0.0111,99.0227,0.9662,7.96e-14
740,15,15,6316338.2059,4441.3220,3.152648,0.078694,3.516590,0.0107,1.1219,98.8673,6.78e-14
741,15,15,6316907.7132,4441.3220,3.152687,0.081220,3.516591,0.0118,18.4144,81.5739,6.44e-14
742,15,15,6317262.5267,4441.3220,3.152711,0.088939,3.516592,0.0122,81.4593,18.5285,7.46e-14
743,15,15,6318679.2389,4441.3220,3.152809,0.052040,3.516601,0.0102,86.6758,13.3140,7.47e-14
744,15,15,6319026.9020,4441.3220,3.152833,0.078758,3.516589,0.0081,13.3530,86.6389,8.11e-14
745,15,15,6320254.3393,4441.3220,3.152917,0.076881,3.516591,0.0110,99.3002,0.6889,1.01e-13
746,15,15,6320408.4211,4441.3220,3.152928,0.068351,3.516593,0.0101,0.8437,99.1462,7.08e-14
747,15,15,6321383.6003,4441.3220,3.152995,0.069996,3.516593,0.0108,99.1255,0.8637,7.26e-14
748,15,15,6321841.8623,4441.3220,3.153026,0.073947,3.516595,0.0133,0.6093,99.3774,6.03e-14
749,15,15,6323553.3376,4441.3220,3.153144,0.083687,3.516595,0.0115,5.5822,94.4063,6.75e-14
750,15,15,6323855.5886,4441.3220,3.153165,0.107569,3.516582,0.0139,94.4461,5.5401,6.28e-14
751,15,15,6328869.8293,4441.3220,3.153509,0.054382,3.516603,0.0069,46.8109,53.1822,7.41e-14
752,15,15,6329865.4310,4441.3220,3.153577,0.080989,3.516593,0.0146,53.2070,46.7784,7.31e-14
753,15,15,6331434.6070,4441.3220,3.153685,0.064884,3.516599,0.0090,98.1461,1.8449,8.93e-14
754,15,15,6332331.0615,4441.3220,3.153747,0.086101,3.516590,0.0115,44.6411,55.3474,7.94e-14
755,15,15,6332355.3736,4441.3220,3.153748,0.097684,3.516590,0.0136,30.1518,69.8346,5.81e-14
756,15,15,6332874.7864,4441.3220,3.153784,0.075879,3.516595,0.0120,28.2132,71.7748,6.95e-14
757,15,15,6333939.1131,4441.3220,3.153857,0.086294,3.516590,0.0105,98.7084,1.2812,8.62e-14
758,15,15,6334295.2489,4441.3220,3.153881,0.077238,3.516601,0.0105,98.8378,1.1517,9.17e-14
759,15,15,6334832.5791,4441.3220,3.153918,0.118551,3.516579,0.0158,0.7439,99.2403,6.41e-14
760,15,15,6335205.7916,4441.3220,3.153944,0.113445,3.516575,0.0190,0.6903,99.2907,5.31e-14
761,15,15,6336436.4025,4441.3220,3.154028,0.100807,3.516581,0.0147,46.0089,53.9763,6.86e-14
762,15,15,6336645.0123,4441.3220,3.154043,0.097657,3.516588,0.0132,32.2563,67.7305,6.04e-14
763,15,15,6336728.8390,4441.3220,3.154048,0.106524,3.516579,0.0151,53.5956,46.3893,6.79e-14
764,15,15,6336910.1323,4441.3220,3.154061,0.113880,3.516574,0.0154,67.7130,32.2716,7.24e-14
765,15,15,6337606.4213,4441.3220,3.154109,0.087330,3.516585,0.0120,80.9076,19.0804,7.14e-14
766,15,15,6338322.9780,4441.3220,3.154158,0.085402,3.516590,0.0133,19.2500,80.7367,7.03e-14
767,15,15,6346892.5516,4441.3220,3.154745,0.048485,3.516602,0.0062,80.5648,19.4290,1.07e-13
768,15,15,6347812.2626,4441.3220,3.154808,0.093805,3.516587,0.0117,1.2876,98.7007,7.84e-14
769,15,15,6348227.1732,4441.3220,3.154836,0.066892,3.516598,0.0098,18.9474,81.0428,9.64e-14
770,15,15,6348822.7760,4441.3220,3.154877,0.112926,3.516581,0.0156,99.1362,0.8482,5.14e-14
771,15,15,6349960.2668,4441.3220,3.154955,0.094090,3.516587,0.0145,12.0344,87.9511,6.64e-14
772,15,15,6350057.1869,4441.3220,3.154962,0.102998,3.516580,0.0173,87.0675,12.9151,7.52e-14
773,15,15,6350913.2270,4441.3220,3.155020,0.119387,3.516574,0.0163,4.8783,95.1054,5.59e-14
774,15,15,6351432.6986,4441.3220,3.155056,0.076680,3.516594,0.0093,97.4353,2.5553,1.02e-13
775,15,15,6351919.9549,4441.3220,3.155089,0.115228,3.516572,0.0171,3.4372,96.5457,8.41e-14
776,15,15,6352262.7320,4441.3220,3.155112,0.133891,3.516565,0.0222,95.2183,4.7594,6.85e-14
777,15,15,6353537.2156,4441.3220,3.155200,0.079154,3.516593,0.0117,99.3239,0.6644,1.57e-13
778,15,15,6353598.7318,4441.3220,3.155204,0.080852,3.516597,0.0114,0.6295,99.3591,9.31e-14
779,15,15,6354915.9544,4441.3220,3.155294,0.079948,3.516593,0.0092,88.0438,11.9471,7.97e-14
780,15,15,6355235.3744,4441.3220,3.155316,0.077239,3.516599,0.0110,11.9082,88.0808,7.45e-14
781,15,15,6362173.9834,4441.3220,3.155790,0.071056,3.516595,0.0094,82.4937,17.4969,7.89e-14
782,15,15,6362424.0627,4441.3220,3.155807,0.069853,3.516598,0.0097,21.9030,78.0874,7.81e-14
783,15,15,6363081.7495,4441.3220,3.155852,0.086154,3.516595,0.0114,89.6963,10.2923,1.12e-13
784,15,15,6363509.5268,4441.3220,3.155881,0.091558,3.516587,0.0151,7.7278,92.2571,7.00e-14
785,15,15,6364092.5866,4441.3220,3.155921,0.050924,3.516600,0.0069,41.2632,58.7298,7.08e-14
786,15,15,6364777.5513,4441.3220,3.155968,0.078039,3.516597,0.0125,56.9392,43.0484,7.78e-14
787,15,15,6367381.4005,4441.3220,3.156146,0.123025,3.516575,0.0205,95.3147,4.6649,6.17e-14
788,15,15,6367582.4408,4441.3220,3.156159,0.076145,3.516597,0.0105,4.6298,95.3597,8.53e-14
789,15,15,6370768.3546,4441.3220,3.156377,0.041709,3.516605,0.0076,99.4174,0.5750,9.01e-14
790,15,15,6371393.3627,4441.3220,3.156419,0.067190,3.516594,0.0111,2.1283,97.8606,9.58e-14
791,15,15,6372013.9259,4441.3220,3.156462,0.083535,3.516592,0.0119,82.4261,17.5620,9.96e-14
792,15,15,6372246.6836,4441.3220,3.156478,0.090587,3.516600,0.0125,19.3823,80.6052,6.60e-14
793,15,15,6372818.6376,4441.3220,3.156517,0.124849,3.516576,0.0183,27.1090,72.8727,6.78e-14
794,15,15,6373467.2340,4441.3220,3.156561,0.077172,3.516596,0.0107,78.8319,21.1574,1.08e-13
795,15,15,6373479.7640,4441.3220,3.156562,0.071267,3.516595,0.0134,70.4188,29.5678,9.27e-14
796,15,15,6373841.2201,4441.3220,3.156586,0.187450,3.516539,0.0360,20.2288,79.7353,6.22e-14
797,15,15,6374381.8963,4441.3220,3.156623,0.058835,3.516602,0.0088,44.3225,55.6687,1.08e-13
798,15,15,6375030.2720,4441.3220,3.156667,0.063369,3.516601,0.0079,91.4267,8.5654,9.88e-14
799,15,15,6375354.3384,4441.3220,3.156689,0.094810,3.516586,0.0156,60.7785,39.2058,6.07e-14
800,15,15,6375910.5428,4441.3220,3.156727,0.082663,3.516597,0.0124,3.4631,96.5245,7.42e-14
801,15,15,6377246.2052,4441.3220,3.156818,0.059328,3.516602,0.0102,88.1228,11.8670,7.80e-14
802,15,15,6377454.4094,4441.3220,3.156833,0.031675,3.516610,0.0074,11.8283,88.1643,8.77e-14
803,15,15,6379798.7682,4441.3220,3.156992,0.038767,3.516604,0.0073,96.0666,3.9260,9.01e-14
804,15,15,6380268.9798,4441.3220,3.157024,0.091994,3.516590,0.0102,73.2409,26.7489,9.57e-14
805,15,15,6380339.7150,4441.3220,3.157029,0.084169,3.516591,0.0104,26.7468,73.2428,8.49e-14
806,15,15,6380873.4356,4441.3220,3.157065,0.074684,3.516591,0.0107,4.2923,95.6970,8.27e-14
807,15,15,6383188.9554,4441.3220,3.157223,0.052102,3.516607,0.0067,80.2973,19.6961,8.92e-14
808,15,15,6383236.9544,4441.3220,3.157226,0.074717,3.516596,0.0103,19.3353,80.6544,9.41e-14
809,15,15,6385140.6694,4441.3220,3.157356,0.054446,3.516602,0.0073,42.4672,57.5255,9.00e-14
810,15,15,6385604.3399,4441.3220,3.157388,0.078046,3.516595,0.0095,58.6976,41.2929,8.13e-14
811,15,15,6386485.5073,4441.3220,3.157448,0.039243,3.516605,0.0068,92.9462,7.0469,6.72e-14
812,15,15,6387219.4591,4441.3220,3.157497,0.077988,3.516593,0.0098,28.1195,71.8707,9.96e-14
813,15,15,6387531.3686,4441.3220,3.157519,0.073807,3.516598,0.0106,20.7341,79.2553,8.29e-14
814,15,15,6388303.3673,4441.3220,3.157571,0.149733,3.516556,0.0234,57.0081,42.9685,6.72e-14
815,15,15,6389641.1487,4441.3220,3.157662,0.042117,3.516610,0.0076,76.7213,23.2711,8.31e-14
816,15,15,6389902.3719,4441.3220,3.157680,0.088083,3.516585,0.0096,23.4425,76.5479,9.07e-14
817,15,15,6392527.9820,4441.3220,3.157859,0.072203,3.516595,0.0095,98.4881,1.5023,7.24e-14
818,15,15,6392580.1134,4441.3220,3.157862,0.073104,3.516587,0.0087,1.3311,98.6603,8.83e-14
819,15,15,6393880.8069,4441.3220,3.157951,0.049543,3.516603,0.0076,74.1264,25.8660,8.48e-14
820,15,15,6394079.9192,4441.3220,3.157964,0.056480,3.516603,0.0085,25.8264,74.1651,8.59e-14
821,15,15,6395629.2775,4441.3220,3.158069,0.056266,3.516603,0.0077,38.8338,61.1585,9.71e-14
822,15,15,6395792.6770,4441.3220,3.158080,0.047843,3.516604,0.0080,61.5938,38.3982,9.48e-14
823,15,15,6397114.6136,4441.3220,3.158170,0.051313,3.516603,0.0090,57.2359,42.7551,1.03e-13
824,15,15,6397206.5685,4441.3220,3.158176,0.067485,3.516597,0.0104,71.3269,28.6627,1.01e-13
825,15,15,6397355.2227,4441.3220,3.158187,0.066327,3.516605,0.0102,65.6600,34.3298,8.86e-14
826,15,15,6397863.7585,4441.3220,3.158221,0.103896,3.516579,0.0187,5.3686,94.6127,7.14e-14
827,15,15,6399572.3461,4441.3220,3.158337,0.057774,3.516601,0.0067,99.6760,0.3173,1.09e-13
828,15,15,6399850.4146,4441.3220,3.158356,0.067459,3.516591,0.0090,37.5936,62.3974,7.40e-14
829,15,15,6399904.0243,4441.3220,3.158360,0.052317,3.516603,0.0079,54.1104,45.8817,1.16e-13
830,15,15,6400326.4714,4441.3220,3.158388,0.051384,3.516608,0.0092,8.6709,91.3199,7.29e-14
831,15,15,6401901.7897,4441.3220,3.158495,0.072172,3.516601,0.0102,89.9355,10.0543,8.81e-14
832,15,15,6402016.7551,4441.3220,3.158503,0.070240,3.516594,0.0104,9.9597,90.0299,8.29e-14
833,15,15,6404309.0144,4441.3220,3.158659,0.086670,3.516592,0.0149,18.7887,81.1964,8.30e-14
834,15,15,6404597.0654,4441.3220,3.158678,0.093508,3.516588,0.0113,82.8555,17.1333,7.69e-14
835,15,15,6405402.7184,4441.3220,3.158733,0.084461,3.516592,0.0126,79.5673,20.4200,9.16e-14
836,15,15,6405583.6156,4441.3220,3.158745,0.062108,3.516600,0.0104,19.5877,80.4018,9.11e-14
837,15,15,6406434.5410,4441.3220,3.158803,0.070969,3.516594,0.0099,30.4280,69.5621,8.20e-14
838,15,15,6406689.0601,4441.3220,3.158820,0.109560,3.516575,0.0140,68.8427,31.1433,8.52e-14
839,15,15,6407819.0750,4441.3220,3.158897,0.061178,3.516602,0.0070,15.6923,84.3007,8.71e-14
840,15,15,6408270.4726,4441.3220,3.158927,0.052141,3.516605,0.0091,83.1966,16.7944,6.96e-14
841,15,15,6408807.9637,4441.3220,3.158964,0.065759,3.516601,0.0100,64.2068,35.7833,1.14e-13
842,15,15,6408877.2379,4441.3220,3.158969,0.055780,3.516601,0.0087,51.1690,48.8223,9.16e-14
843,15,15,6409255.6190,4441.3220,3.158994,0.073730,3.516597,0.0087,52.6297,47.3616,9.85e-14
844,15,15,6409343.4834,4441.3220,3.159000,0.104742,3.516583,0.0135,34.2878,65.6986,1.06e-13
845,15,15,6409800.1671,4441.3220,3.159031,0.030687,3.516608,0.0076,96.2740,3.7184,9.06e-14
846,15,15,6410035.3291,4441.3220,3.159047,0.045517,3.516609,0.0079,1.9244,98.0677,9.41e-14
847,15,15,6410676.8066,4441.3220,3.159091,0.057263,3.516600,0.0077,94.4345,5.5578,8.60e-14
848,15,15,6410795.4095,4441.3220,3.159099,0.044386,3.516607,0.0071,11.6340,88.3589,9.15e-14
849,15,15,6411036.8962,4441.3220,3.159115,0.062788,3.516597,0.0082,5.7561,94.2357,9.58e-14
850,15,15,6411114.9594,4441.3220,3.159120,0.071270,3.516596,0.0083,88.6269,11.3647,9.66e-14
851,15,15,6413155.0801,4441.3220,3.159259,0.045586,3.516607,0.0065,53.8319,46.1616,9.01e-14
852,15,15,6413373.2683,4441.3220,3.159273,0.056208,3.516601,0.0071,46.2860,53.7069,9.00e-14
853,15,15,6414251.2586,4441.3220,3.159333,0.048994,3.516598,0.0062,91.5304,8.4633,1.02e-13
854,15,15,6414552.6516,4441.3220,3.159353,0.075013,3.516592,0.0086,8.5443,91.4471,1.12e-13
855,15,15,6415634.0532,4441.3220,3.159427,0.066570,3.516594,0.0073,24.6234,75.3693,9.32e-14
856,15,15,6415819.3839,4441.3220,3.159439,0.066503,3.516595,0.0074,74.8614,25.1312,1.08e-13
857,15,15,6416018.3360,4441.3220,3.159453,0.042186,3.516611,0.0066,38.5920,61.4014,1.17e-13
858,15,15,6416429.4592,4441.3220,3.159480,0.093099,3.516583,0.0085,54.0229,45.9687,9.17e-14
859,15,15,6416904.8338,4441.3220,3.159513,0.076592,3.516596,0.0087,13.7067,86.2846,1.02e-13
860,15,15,6417021.2949,4441.3220,3.159521,0.048990,3.516605,0.0093,82.5570,17.4337,9.19e-14
861,15,15,6417263.3916,4441.3220,3.159537,0.086773,3.516588,0.0088,51.5608,48.4304,1.05e-13
862,15,15,6417508.7122,4441.3220,3.159554,0.066858,3.516602,0.0063,10.0658,89.9278,9.85e-14
863,15,15,6417818.8229,4441.3220,3.159575,0.079298,3.516590,0.0091,54.2668,45.7241,9.06e-14
864,15,15,6418009.9739,4441.3220,3.159587,0.060541,3.516606,0.0078,58.0753,41.9169,9.86e-14
865,15,15,6418249.3177,4441.3220,3.159604,0.066160,3.516591,0.0091,93.7124,6.2785,8.66e-14
866,15,15,6418525.0820,4441.3220,3.159622,0.104401,3.516578,0.0131,44.9897,54.9972,8.70e-14
867,15,15,6419102.2683,4441.3220,3.159661,0.065209,3.516601,0.0090,77.5089,22.4821,9.79e-14
868,15,15,6419529.9024,4441.3220,3.159690,0.068685,3.516601,0.0103,20.7000,79.2896,8.15e-14
869,15,15,6419985.1854,4441.3220,3.159721,0.054389,3.516599,0.0069,8.4846,91.5085,1.05e-13
870,15,15,6420303.5622,4441.3220,3.159743,0.093141,3.516584,0.0102,90.9880,9.0017,9.06e-14
871,15,15,6420546.8144,4441.3220,3.159759,0.058632,3.516597,0.0067,7.3737,92.6196,9.77e-14
872,15,15,6421004.4913,4441.3220,3.159790,0.076879,3.516600,0.0094,14.6965,85.2942,8.80e-14
873,15,15,6421038.5683,4441.3220,3.159793,0.086969,3.516593,0.0116,90.6021,9.3863,6.90e-14
874,15,15,6421449.4461,4441.3220,3.159820,0.079103,3.516588,0.0088,90.0655,9.9258,8.36e-14
875,15,15,6421696.6593,4441.3220,3.159837,0.084760,3.516588,0.0110,58.6294,41.3596,9.90e-14
876,15,15,6421781.6899,4441.3220,3.159843,0.088604,3.516587,0.0114,40.6545,59.3341,8.85e-14
877,15,15,6422397.1465,4441.3220,3.159884,0.083415,3.516590,0.0112,10.5045,89.4843,8.89e-14
878,15,15,6422719.4071,4441.3220,3.159906,0.075163,3.516588,0.0110,80.6182,19.3708,9.70e-14
879,15,15,6423111.4197,4441.3220,3.159933,0.097134,3.516588,0.0131,76.3905,23.5965,8.08e-14
880,15,15,6423247.5507,4441.3220,3.159942,0.083392,3.516591,0.0112,30.8274,69.1614,8.01e-14
881,15,15,6423851.2333,4441.3220,3.159983,0.032752,3.516610,0.0072,11.7682,88.2246,9.79e-14
882,15,15,6424116.6437,4441.3220,3.160001,0.073044,3.516596,0.0092,88.4752,11.5156,1.05e-13
883,15,15,6424440.4324,4441.3220,3.160023,0.047936,3.516603,0.0083,10.2689,89.7228,1.02e-13
884,15,15,6424553.0126,4441.3220,3.160030,0.088918,3.516589,0.0099,90.0352,9.9549,7.67e-14
885,15,15,6425519.2564,4441.3220,3.160096,0.066012,3.516594,0.0086,37.2626,62.7289,1.00e-13
886,15,15,6425689.3647,4441.3220,3.160107,0.082598,3.516586,0.0085,86.6429,13.3486,9.07e-14
887,15,15,6425736.2731,4441.3220,3.160110,0.065633,3.516601,0.0106,39.0860,60.9034,1.01e-13
888,15,15,6425892.2910,4441.3220,3.160121,0.052891,3.516604,0.0089,37.2173,62.7739,8.48e-14
889,15,15,6426762.1401,4441.3220,3.160180,0.060596,3.516601,0.0085,68.5294,31.4621,1.10e-13
890,15,15,6427121.9693,4441.3220,3.160204,0.067271,3.516601,0.0084,34.5937,65.3978,1.05e-13
891,15,15,6427342.7648,4441.3220,3.160219,0.040825,3.516604,0.0059,79.6462,20.3479,1.17e-13
892,15,15,6427759.8822,4441.3220,3.160247,0.059572,3.516600,0.0096,63.1847,36.8057,9.00e-14
893,15,15,6428018.2436,4441.3220,3.160265,0.097558,3.516582,0.0132,7.7889,92.1979,8.32e-14
894,15,15,6428146.9023,4441.3220,3.160273,0.086137,3.516588,0.0110,47.1998,52.7892,1.01e-13
895,15,15,6428659.0659,4441.3220,3.160308,0.047156,3.516601,0.0067,64.8501,35.1432,1.08e-13
896,15,15,6428753.2360,4441.3220,3.160314,0.048168,3.516602,0.0073,25.4964,74.4963,9.80e-14
897,15,15,6429269.5418,4441.3220,3.160349,0.102971,3.516587,0.0150,37.9407,62.0443,8.74e-14
898,15,15,6429605.4471,4441.3220,3.160372,0.095164,3.516584,0.0147,70.6875,29.2978,1.01e-13
899,15,15,6430379.8852,4441.3220,3.160424,0.074126,3.516598,0.0089,76.8278,23.1632,1.03e-13
900,15,15,6430955.2641,4441.3220,3.160463,0.053671,3.516606,0.0091,23.0613,76.9296,9.55e-14
901,15,15,6431063.0946,4441.3220,3.160470,0.079661,3.516589,0.0102,27.7881,72.2017,1.09e-13
902,15,15,6431295.5833,4441.3220,3.160486,0.053697,3.516601,0.0091,72.5736,27.4173,9.94e-14
903,15,15,6431452.5744,4441.3220,3.160497,0.060034,3.516600,0.0083,56.8281,43.1636,1.09e-13
904,15,15,6431809.5085,4441.3220,3.160521,0.079079,3.516591,0.0089,37.3256,62.6655,9.07e-14
905,15,15,6431944.4349,4441.3220,3.160530,0.057110,3.516602,0.0079,36.0361,63.9560,9.66e-14
906,15,15,6432413.6358,4441.3220,3.160562,0.071572,3.516593,0.0092,67.3604,32.6304,8.03e-14
907,15,15,6432665.3381,4441.3220,3.160579,0.067855,3.516591,0.0090,46.4942,53.4969,9.83e-14
908,15,15,6433053.3364,4441.3220,3.160605,0.055113,3.516595,0.0092,51.9892,48.0016,9.85e-14
909,15,15,6433498.1189,4441.3220,3.160635,0.079075,3.516604,0.0110,42.6878,57.3012,7.49e-14
910,15,15,6433816.3055,4441.3220,3.160656,0.103387,3.516581,0.0139,61.1666,38.8195,8.38e-14
911,15,15,6434446.5945,4441.3220,3.160699,0.120870,3.516573,0.0189,98.9309,1.0502,9.30e-14
912,15,15,6434678.0147,4441.3220,3.160715,0.095630,3.516589,0.0137,2.9616,97.0247,1.02e-13
913,15,15,6435066.2000,4441.3220,3.160741,0.055796,3.516597,0.0070,55.6940,44.2990,1.03e-13
914,15,15,6435238.3019,4441.3220,3.160753,0.059056,3.516600,0.0078,81.1009,18.8913,1.22e-13
915,15,15,6435562.9220,4441.3220,3.160774,0.088913,3.516596,0.0110,36.2528,63.7362,1.00e-13
916,15,15,6435743.4237,4441.3220,3.160787,0.051925,3.516605,0.0094,26.2091,73.7815,8.63e-14
917,15,15,6436176.2807,4441.3220,3.160816,0.060133,3.516605,0.0077,91.9459,8.0465,1.11e-13
918,15,15,6436542.2245,4441.3220,3.160841,0.075096,3.516596,0.0097,13.9702,86.0201,9.32e-14
919,15,15,6436743.4568,4441.3220,3.160854,0.059316,3.516603,0.0064,30.1682,69.8253,1.17e-13
920,15,15,6436847.7921,4441.3220,3.160861,0.076488,3.516596,0.0094,75.1133,24.8772,9.79e-14
921,15,15,6437135.7622,4441.3220,3.160881,0.055607,3.516599,0.0086,68.4162,31.5752,1.04e-13
922,15,15,6437396.4913,4441.3220,3.160898,0.085095,3.516582,0.0117,40.1487,59.8396,9.50e-14
923,15,15,6437592.5576,4441.3220,3.160912,0.089668,3.516587,0.0117,79.6054,20.3829,1.07e-13
924,15,15,6437857.2976,4441.3220,3.160929,0.067562,3.516598,0.0090,86.3406,13.6504,9.96e-14
925,15,15,6437970.2211,4441.3220,3.160937,0.071916,3.516598,0.0110,10.9310,89.0580,7.80e-14
926,15,15,6438158.9642,4441.3220,3.160950,0.081029,3.516593,0.0121,3.8619,96.1260,1.08e-13
927,15,15,6438501.1885,4441.3220,3.160973,0.067888,3.516598,0.0069,8.0418,91.9513,1.25e-13
928,15,15,6438772.8973,4441.3220,3.160991,0.069202,3.516596,0.0081,75.7747,24.2172,1.17e-13
929,15,15,6438967.2944,4441.3220,3.161004,0.076909,3.516593,0.0096,20.1576,79.8328,9.01e-14
930,15,15,6439117.8132,4441.3220,3.161014,0.068200,3.516596,0.0085,77.3731,22.6184,1.05e-13
931,15,15,6439580.0676,4441.3220,3.161046,0.107369,3.516586,0.0165,15.5309,84.4525,8.98e-14
932,15,15,6439780.7160,4441.3220,3.161059,0.058626,3.516605,0.0077,12.8233,87.1690,8.57e-14
933,15,15,6440060.7280,4441.3220,3.161078,0.068956,3.516598,0.0092,90.4577,9.5331,1.04e-13
934,15,15,6440339.3004,4441.3220,3.161097,0.074667,3.516593,0.0103,96.0134,3.9763,1.03e-13
935,15,15,6441319.1358,4441.3220,3.161163,0.056601,3.516601,0.0066,77.6949,22.2984,1.09e-13
936,15,15,6441480.2751,4441.3220,3.161174,0.069664,3.516592,0.0076,91.5570,8.4354,1.18e-13
937,15,15,6441586.3563,4441.3220,3.161181,0.067702,3.516599,0.0092,10.8452,89.1456,1.07e-13
938,15,15,6441751.4866,4441.3220,3.161192,0.067946,3.516594,0.0086,22.7712,77.2202,8.49e-14
939,15,15,6442009.1769,4441.3220,3.161210,0.066783,3.516595,0.0077,98.3970,1.5953,9.33e-14
940,15,15,6442255.9807,4441.3220,3.161226,0.076943,3.516591,0.0091,1.0958,98.8951,1.15e-13
941,15,15,6442308.7440,4441.3220,3.161230,0.047684,3.516600,0.0077,97.4490,2.5433,8.58e-14
942,15,15,6442799.5397,4441.3220,3.161263,0.049582,3.516603,0.0075,65.7590,34.2335,1.09e-13
943,15,15,6442880.2121,4441.3220,3.161268,0.064223,3.516604,0.0089,32.6975,67.2937,1.10e-13
944,15,15,6442977.3080,4441.3220,3.161275,0.058730,3.516604,0.0084,2.4183,97.5733,1.01e-13
945,15,15,6443297.2753,4441.3220,3.161296,0.061143,3.516604,0.0081,13.3985,86.5935,9.60e-14
946,15,15,6443380.1379,4441.3220,3.161302,0.058651,3.516596,0.0082,83.3024,16.6895,1.12e-13
947,15,15,6443688.1059,4441.3220,3.161323,0.063771,3.516597,0.0076,4.8407,95.1517,1.14e-13
948,15,15,6443816.8695,4441.3220,3.161331,0.099083,3.516590,0.0130,14.5897,85.3973,9.58e-14
949,15,15,6443999.4988,4441.3220,3.161344,0.085787,3.516587,0.0119,85.5787,14.4094,8.65e-14
950,15,15,6444436.0750,4441.3220,3.161373,0.112604,3.516578,0.0148,97.1900,2.7951,8.17e-14
951,15,15,6444823.1700,4441.3220,3.161399,0.071806,3.516595,0.0068,2.5565,97.4366,1.19e-13
952,15,15,6445254.2118,4441.3220,3.161428,0.027122,3.516608,0.0058,21.0204,78.9739,1.11e-13
953,15,15,6445624.0893,4441.3220,3.161453,0.074187,3.516597,0.0107,80.0015,19.9879,1.05e-13
954,15,15,6445758.7180,4441.3220,3.161462,0.043058,3.516606,0.0080,72.9345,27.0576,9.95e-14
955,15,15,6445969.9645,4441.3220,3.161477,0.047150,3.516609,0.0079,23.9479,76.0442,1.13e-13
956,15,15,6446039.1612,4441.3220,3.161481,0.082073,3.516594,0.0090,60.4399,39.5512,9.76e-14
957,15,15,6446246.1973,4441.3220,3.161495,0.050117,3.516611,0.0079,42.6493,57.3428,1.15e-13
958,15,15,6446334.9139,4441.3220,3.161501,0.095007,3.516589,0.0135,90.7730,9.2135,8.92e-14
959,15,15,6446611.3078,4441.3220,3.161520,0.064598,3.516597,0.0087,12.1117,87.8795,9.68e-14
960,15,15,6446736.8890,4441.3220,3.161528,0.072564,3.516595,0.0100,18.6448,81.3452,1.14e-13
961,15,15,6446909.2049,4441.3220,3.161540,0.072214,3.516602,0.0108,91.0987,8.8905,9.60e-14
962,15,15,6446984.5960,4441.3220,3.161545,0.101311,3.516581,0.0161,82.9673,17.0166,9.52e-14
963,15,15,6447079.6076,4441.3220,3.161551,0.091269,3.516588,0.0120,69.9869,30.0011,1.04e-13
964,15,15,6447171.9768,4441.3220,3.161558,0.106960,3.516584,0.0141,37.5216,62.4643,9.46e-14
965,15,15,6447363.1438,4441.3220,3.161571,0.065144,3.516595,0.0084,75.1596,24.8319,9.64e-14
966,15,15,6447645.6759,4441.3220,3.161590,0.043313,3.516604,0.0062,3.1736,96.8202,1.10e-13
967,15,15,6447880.3623,4441.3220,3.161605,0.053016,3.516603,0.0071,85.3379,14.6550,1.12e-13
968,15,15,6447892.7458,4441.3220,3.161606,0.063106,3.516599,0.0083,29.9308,70.0609,1.03e-13
969,15,15,6448122.9742,4441.3220,3.161622,0.061413,3.516602,0.0093,81.4757,18.5150,1.08e-13
970,15,15,6448366.1138,4441.3220,3.161638,0.065855,3.516599,0.0092,20.7157,79.2751,9.27e-14
971,15,15,6448705.2697,4441.3220,3.161661,0.049992,3.516604,0.0073,7.3357,92.6570,1.07e-13
972,15,15,6448895.1586,4441.3220,3.161674,0.066136,3.516589,0.0096,90.9174,9.0730,9.82e-14
973,15,15,6449535.3125,4441.3220,3.161717,0.063535,3.516594,0.0084,77.6210,22.3706,1.11e-13
974,15,15,6449645.1591,4441.3220,3.161724,0.075454,3.516592,0.0094,29.2830,70.7076,8.93e-14
975,15,15,6449686.1614,4441.3220,3.161727,0.060118,3.516598,0.0070,84.6885,15.3045,1.10e-13
976,15,15,6450124.6350,4441.3220,3.161757,0.062293,3.516597,0.0094,18.4109,81.5797,1.04e-13
977,15,15,6450223.6408,4441.3220,3.161763,0.046400,3.516603,0.0080,86.8425,13.1494,1.02e-13
978,15,15,6450493.4556,4441.3220,3.161782,0.091833,3.516586,0.0112,4.8175,95.1713,9.72e-14
979,15,15,6450631.3990,4441.3220,3.161791,0.067151,3.516594,0.0077,7.4913,92.5010,9.15e-14
980,15,15,6450901.9442,4441.3220,3.161809,0.057754,3.516606,0.0070,95.6682,4.3247,1.15e-13
981,15,15,6451139.1339,4441.3220,3.161825,0.059060,3.516600,0.0093,85.4126,14.5781,8.55e-14
982,15,15,6451178.6766,4441.3220,3.161828,0.067609,3.516594,0.0094,13.4056,86.5850,1.11e-13
983,15,15,6451563.1018,4441.3220,3.161854,0.061453,3.516601,0.0093,96.8342,3.1564,8.67e-14
984,15,15,6451894.3053,4441.3220,3.161876,0.049892,3.516605,0.0062,49.2022,50.7916,1.18e-13
985,15,15,6452127.2786,4441.3220,3.161892,0.035377,3.516610,0.0069,40.2329,59.7602,1.17e-13
986,15,15,6452148.4960,4441.3220,3.161893,0.074152,3.516588,0.0091,41.2519,58.7390,1.06e-13
987,15,15,6452279.0949,4441.3220,3.161902,0.070278,3.516596,0.0090,17.9672,82.0238,1.02e-13
988,15,15,6452406.5066,4441.3220,3.161910,0.083887,3.516589,0.0097,46.3728,53.6175,9.84e-14
989,15,15,6452666.8498,4441.3220,3.161928,0.056492,3.516608,0.0074,81.5727,18.4199,1.11e-13
990,15,15,6452746.8656,4441.3220,3.161933,0.067513,3.516590,0.0083,24.0031,75.9886,1.16e-13
991,15,15,6453179.5770,4441.3220,3.161962,0.064155,3.516598,0.0084,14.4095,85.5822,1.12e-13
992,15,15,6453269.3774,4441.3220,3.161969,0.049364,3.516603,0.0068,88.6811,11.3121,1.42e-13
993,15,15,6453395.8462,4441.3220,3.161977,0.073204,3.516590,0.0076,93.4322,6.5603,1.03e-13
994,15,15,6453707.0771,4441.3220,3.161998,0.073046,3.516592,0.0073,5.5024,94.4903,1.31e-13
995,15,15,6453795.3436,4441.3220,3.162004,0.090040,3.516588,0.0127,8.0435,91.9437,8.01e-14
996,15,15,6453936.9408,4441.3220,3.162013,0.048482,3.516600,0.0062,89.0074,10.9864,1.38e-13
997,15,15,6454098.1590,4441.3220,3.162024,0.040221,3.516607,0.0082,74.0619,25.9299,1.06e-13
998,15,15,6454157.3415,4441.3220,3.162028,0.062041,3.516601,0.0090,33.0290,66.9619,1.14e-13
999,15,15,6454291.5426,4441.3220,3.162037,0.042879,3.516605,0.0068,79.6741,20.3191,1.16e-13
1000,15,15,6454398.1517,4441.3220,3.162045,0.052363,3.516601,0.0084,16.6556,83.3360,1.03e-13
1001,15,15,6454593.7107,4441.3220,3.162058,0.059450,3.516598,0.0071,9.2277,90.7652,1.11e-13
1002,15,15,6454910.8237,4441.3220,3.162079,0.049193,3.516600,0.0073,88.0723,11.9204,1.21e-13
1003,15,15,6454958.3746,4441.3220,3.162082,0.057526,3.516602,0.0075,87.7641,12.2284,9.07e-14
1004,15,15,6455102.4202,4441.3220,3.162092,0.048870,3.516605,0.0068,84.9083,15.0849,1.35e-13
1005,15,15,6455246.8723,4441.3220,3.162102,0.055484,3.516606,0.0072,66.8165,33.1764,1.19e-13
1006,15,15,6455332.4326,4441.3220,3.162107,0.075394,3.516598,0.0103,22.9795,77.0102,1.03e-13
1007,15,15,6455459.0264,4441.3220,3.162116,0.067413,3.516597,0.0087,23.3090,76.6822,1.04e-13
1008,15,15,6455541.5645,4441.3220,3.162122,0.058112,3.516599,0.0079,8.6088,91.3833,1.25e-13
1009,15,15,6455709.9693,4441.3220,3.162133,0.072751,3.516599,0.0093,13.5945,86.3963,1.03e-13
1010,15,15,6455939.8280,4441.3220,3.162148,0.051637,3.516600,0.0069,84.7712,15.2219,1.25e-13
1011,15,15,6456117.9561,4441.3220,3.162160,0.055670,3.516598,0.0077,19.3215,80.6708,1.16e-13
1012,15,15,6456230.0785,4441.3220,3.162168,0.092154,3.516588,0.0130,69.4261,30.5609,8.61e-14
1013,15,15,6456356.1050,4441.3220,3.162176,0.071096,3.516600,0.0104,27.2929,72.6967,1.02e-13
1014,15,15,6456438.6982,4441.3220,3.162182,0.050718,3.516606,0.0067,85.9524,14.0409,9.51e-14
1015,15,15,6456515.3761,4441.3220,3.162187,0.062163,3.516599,0.0072,77.8636,22.1291,1.16e-13
1016,15,15,6456625.9477,4441.3220,3.162195,0.067126,3.516596,0.0076,30.6072,69.3852,1.10e-13
1017,15,15,6456764.1921,4441.3220,3.162204,0.086272,3.516588,0.0114,69.7285,30.2601,9.39e-14
1018,15,15,6456926.3919,4441.3220,3.162215,0.073225,3.516591,0.0103,32.9035,67.0863,9.45e-14
1019,15,15,6457167.3077,4441.3220,3.162231,0.049807,3.516603,0.0059,69.0418,30.9523,1.09e-13
1020,15,15,6457248.7676,4441.3220,3.162236,0.046862,3.516606,0.0059,41.0991,58.8950,1.27e-13
1021,15,15,6457388.6340,4441.3220,3.162246,0.056119,3.516605,0.0066,10.9823,89.0110,1.20e-13
1022,15,15,6457609.7470,4441.3220,3.162261,0.046800,3.516603,0.0057,53.8438,46.1506,1.60e-13
1023,15,15,6457687.7990,4441.3220,3.162266,0.059755,3.516606,0.0074,13.4796,86.5130,1.17e-13
1024,15,15,6457810.1400,4441.3220,3.162274,0.067841,3.516597,0.0073,65.7404,34.2523,9.89e-14
1025,15,15,6458010.9113,4441.3220,3.162288,0.066340,3.516596,0.0089,87.4237,12.5674,9.20e-14
1026,15,15,6458026.7415,4441.3220,3.162289,0.027397,3.516618,0.0059,15.1933,84.8009,1.51e-13
1027,15,15,6458231.6574,4441.3220,3.162303,0.047738,3.516609,0.0069,25.0326,74.9604,1.08e-13
1028,15,15,6458277.6282,4441.3220,3.162306,0.069228,3.516597,0.0084,71.0019,28.9897,1.13e-13
1029,15,15,6458483.7943,4441.3220,3.162320,0.079604,3.516585,0.0089,88.9339,11.0572,9.95e-14
1030,15,15,6458663.5438,4441.3220,3.162332,0.047948,3.516604,0.0063,8.1392,91.8545,1.11e-13
1031,15,15,6458885.1095,4441.3220,3.162347,0.076598,3.516596,0.0101,90.2132,9.7766,1.05e-13
1032,15,15,6459108.9406,4441.3220,3.162362,0.064409,3.516593,0.0078,13.1452,86.8470,1.15e-13
1033,15,15,6459233.7031,4441.3220,3.162370,0.121129,3.516577,0.0185,50.7038,49.2776,1.02e-13
1034,15,15,6459416.3378,4441.3220,3.162382,0.065138,3.516599,0.0075,77.5205,22.4720,1.19e-13
1035,15,15,6459530.0197,4441.3220,3.162390,0.053688,3.516601,0.0071,28.3106,71.6823,1.17e-13
1036,15,15,6459639.6869,4441.3220,3.162397,0.048001,3.516608,0.0070,80.5839,19.4091,9.50e-14
1037,15,15,6459826.4978,4441.3220,3.162410,0.031643,3.516610,0.0069,20.5814,79.4117,1.09e-13
1038,15,15,6459920.7437,4441.3220,3.162416,0.079766,3.516590,0.0081,89.0833,10.9086,1.28e-13
1039,15,15,6459964.7205,4441.3220,3.162419,0.047539,3.516603,0.0072,20.5034,79.4893,1.11e-13
1040,15,15,6460147.1051,4441.3220,3.162431,0.051870,3.516603,0.0084,74.3193,25.6723,1.10e-13
1041,15,15,6460368.1465,4441.3220,3.162446,0.051081,3.516604,0.0082,90.7987,9.1931,9.11e-14
1042,15,15,6460403.6669,4441.3220,3.162449,0.067347,3.516597,0.0079,8.3083,91.6839,1.17e-13
1043,15,15,6460499.3857,4441.3220,3.162455,0.040496,3.516603,0.0062,94.7812,5.2126,1.07e-13
1044,15,15,6460694.5574,4441.3220,3.162468,0.047995,3.516600,0.0074,6.2443,93.7483,1.12e-13
1045,15,15,6460825.8820,4441.3220,3.162477,0.051291,3.516599,0.0072,14.8332,85.1595,1.10e-13
1046,15,15,6460954.8230,4441.3220,3.162486,0.072431,3.516596,0.0090,70.5369,29.4542,1.05e-13
1047,15,15,6461126.8609,4441.3220,3.162497,0.036520,3.516606,0.0061,8.8511,91.1429,1.25e-13
1048,15,15,6461296.7093,4441.3220,3.162509,0.046856,3.516606,0.0069,15.6625,84.3306,1.14e-13
1049,15,15,6461439.7816,4441.3220,3.162518,0.046694,3.516601,0.0077,59.9671,40.0252,1.22e-13
1050,15,15,6461465.1249,4441.3220,3.162520,0.063984,3.516597,0.0070,46.8322,53.1608,1.04e-13
1051,15,15,6461572.7356,4441.3220,3.162527,0.074564,3.516598,0.0093,64.8659,35.1248,1.15e-13
1052,15,15,6461615.3712,4441.3220,3.162530,0.082457,3.516589,0.0105,74.5609,25.4286,1.05e-13
1053,15,15,6461709.9687,4441.3220,3.162537,0.059213,3.516597,0.0073,28.5152,71.4775,9.48e-14
1054,15,15,6461881.9333,4441.3220,3.162548,0.061122,3.516597,0.0098,81.1342,18.8560,1.16e-13
1055,15,15,6461999.5281,4441.3220,3.162556,0.052205,3.516597,0.0065,89.1288,10.8647,9.82e-14
1056,15,15,6462060.0561,4441.3220,3.162560,0.084585,3.516587,0.0120,66.0640,33.9239,1.19e-13
1057,15,15,6462092.3729,4441.3220,3.162562,0.068819,3.516596,0.0100,77.0737,22.9163,1.14e-13
1058,15,15,6462245.2379,4441.3220,3.162573,0.070549,3.516595,0.0082,65.8575,34.1343,1.06e-13
1059,15,15,6462297.9149,4441.3220,3.162576,0.063468,3.516596,0.0096,39.9347,60.0557,1.20e-13
1060,15,15,6462359.0161,4441.3220,3.162580,0.066028,3.516598,0.0104,41.9942,57.9955,9.51e-14
1061,15,15,6462462.8224,4441.3220,3.162587,0.071653,3.516594,0.0101,8.3139,91.6761,9.99e-14
1062,15,15,6462510.7625,4441.3220,3.162590,0.063247,3.516602,0.0092,49.0863,50.9044,1.02e-13
1063,15,15,6462725.6832,4441.3220,3.162605,0.058925,3.516598,0.0067,92.2094,7.7838,1.16e-13
1064,15,15,6462842.2043,4441.3220,3.162613,0.065615,3.516594,0.0071,7.5700,92.4229,1.20e-13
1065,15,15,6462958.2114,4441.3220,3.162621,0.053243,3.516605,0.0066,36.9489,63.0445,1.12e-13
1066,15,15,6463150.9431,4441.3220,3.162634,0.065132,3.516594,0.0093,62.7176,37.2731,9.94e-14
1067,15,15,6463241.1011,4441.3220,3.162640,0.045751,3.516603,0.0061,32.8434,67.1505,1.39e-13
1068,15,15,6463312.9562,4441.3220,3.162644,0.069908,3.516596,0.0077,77.9341,22.0582,1.13e-13
1069,15,15,6463572.8321,4441.3220,3.162662,0.050618,3.516602,0.0070,61.9475,38.0455,1.16e-13
1070,15,15,6463682.0045,4441.3220,3.162669,0.054719,3.516599,0.0072,73.4409,26.5520,1.31e-13
1071,15,15,6463767.3054,4441.3220,3.162675,0.061928,3.516598,0.0077,30.1095,69.8828,1.02e-13
1072,15,15,6463914.6413,4441.3220,3.162685,0.057537,3.516602,0.0076,46.2033,53.7891,1.13e-13
1073,15,15,6463957.0744,4441.3220,3.162688,0.052040,3.516599,0.0079,13.6083,86.3838,1.15e-13
1074,15,15,6463983.7963,4441.3220,3.162689,0.039787,3.516610,0.0069,68.5739,31.4192,1.15e-13
1075,15,15,6464083.3434,4441.3220,3.162696,0.048724,3.516599,0.0058,30.5720,69.4222,1.36e-13
1076,15,15,6464167.2599,4441.3220,3.162702,0.074587,3.516589,0.0075,28.9538,71.0387,1.11e-13
1077,15,15,6464413.3640,4441.3220,3.162718,0.046331,3.516606,0.0076,56.6537,43.3387,1.03e-13
1078,15,15,6464540.9558,4441.3220,3.162727,0.057058,3.516602,0.0065,12.7418,87.2517,1.41e-13
1079,15,15,6464622.2209,4441.3220,3.162732,0.062585,3.516602,0.0079,61.4987,38.4933,1.16e-13
1080,15,15,6464783.2170,4441.3220,3.162743,0.073763,3.516599,0.0090,85.0011,14.9900,9.47e-14
1081,15,15,6464846.8360,4441.3220,3.162748,0.061851,3.516601,0.0074,82.5192,17.4735,1.28e-13
1082,15,15,6464940.0197,4441.3220,3.162754,0.058075,3.516601,0.0089,26.3588,73.6323,1.17e-13
1083,15,15,6465123.4667,4441.3220,3.162766,0.038703,3.516612,0.0066,89.3334,10.6601,1.12e-13
1084,15,15,6465315.7073,4441.3220,3.162779,0.063700,3.516594,0.0079,14.2392,85.7530,1.12e-13
1085,15,15,6465321.7470,4441.3220,3.162779,0.071777,3.516591,0.0081,7.8739,92.1179,1.17e-13
1086,15,15,6465521.7664,4441.3220,3.162793,0.050923,3.516607,0.0061,49.6700,50.3239,1.23e-13
1087,15,15,6465570.9100,4441.3220,3.162796,0.056595,3.516595,0.0065,45.4565,54.5370,1.15e-13
1088,15,15,6465715.8046,4441.3220,3.162806,0.058030,3.516602,0.0071,7.8257,92.1671,1.05e-13
1089,15,15,6465824.4785,4441.3220,3.162813,0.051111,3.516604,0.0087,91.0298,8.9615,8.57e-14
1090,15,15,6465990.2127,4441.3220,3.162824,0.072290,3.516595,0.0086,90.5341,9.4573,1.04e-13
1091,15,15,6466156.5839,4441.3220,3.162836,0.043242,3.516606,0.0065,39.1220,60.8715,1.14e-13
1092,15,15,6466215.1763,4441.3220,3.162839,0.052012,3.516603,0.0061,61.2783,38.7156,1.16e-13
1093,15,15,6466374.9111,4441.3220,3.162850,0.054887,3.516601,0.0066,40.3776,59.6158,1.11e-13
1094,15,15,6466434.0230,4441.3220,3.162854,0.065618,3.516597,0.0081,64.3237,35.6683,9.57e-14
1095,15,15,6466558.6154,4441.3220,3.162863,0.050249,3.516606,0.0067,19.8550,80.1383,1.28e-13
1096,15,15,6466596.5133,4441.3220,3.162865,0.051906,3.516602,0.0069,12.1347,87.8584,1.09e-13
1097,15,15,6466760.8336,4441.3220,3.162876,0.052567,3.516603,0.0064,81.6018,18.3918,9.65e-14
1098,15,15,6466878.8821,4441.3220,3.162884,0.049357,3.516605,0.0071,84.6591,15.3338,1.08e-13
1099,15,15,6467038.0839,4441.3220,3.162895,0.062174,3.516596,0.0067,81.3661,18.6272,1.24e-13
1100,15,15,6467062.8389,4441.3220,3.162896,0.057776,3.516603,0.0069,17.1432,82.8500,1.24e-13
1101,15,15,6467178.9594,4441.3220,3.162904,0.057839,3.516598,0.0081,47.6347,52.3572,1.16e-13
1102,15,15,6467244.5956,4441.3220,3.162909,0.053433,3.516607,0.0076,71.1924,28.8000,1.26e-13
1103,15,15,6467333.1377,4441.3220,3.162915,0.049193,3.516604,0.0070,66.0334,33.9596,1.06e-13
1104,15,15,6467447.0853,4441.3220,3.162922,0.043240,3.516609,0.0070,14.3907,85.6023,9.99e-14
1105,15,15,6467553.4685,4441.3220,3.162929,0.047566,3.516607,0.0069,35.2376,64.7555,1.36e-13
1106,15,15,6467573.7357,4441.3220,3.162931,0.053314,3.516602,0.0075,39.6025,60.3901,1.10e-13
1107,15,15,6467715.3638,4441.3220,3.162940,0.056875,3.516599,0.0074,52.8761,47.1165,1.25e-13
1108,15,15,6467733.5939,4441.3220,3.162942,0.040262,3.516606,0.0065,53.9572,46.0363,1.08e-13
1109,15,15,6467834.3210,4441.3220,3.162948,0.064848,3.516599,0.0069,24.2252,75.7678,1.27e-13
1110,15,15,6467869.7452,4441.3220,3.162951,0.047622,3.516606,0.0067,42.5284,57.4648,1.41e-13
1111,15,15,6467945.6872,4441.3220,3.162956,0.074972,3.516596,0.0080,53.3600,46.6320,1.05e-13
1112,15,15,6468031.0360,4441.3220,3.162962,0.063495,3.516599,0.0074,13.2481,86.7444,1.00e-13
1113,15,15,6468178.0388,4441.3220,3.162971,0.073529,3.516592,0.0089,85.5183,14.4728,1.17e-13
1114,15,15,6468228.4193,4441.3220,3.162975,0.052853,3.516602,0.0073,19.1518,80.8409,1.16e-13
1115,15,15,6468355.9405,4441.3220,3.162983,0.059403,3.516601,0.0075,25.3669,74.6256,1.18e-13
1116,15,15,6468402.6379,4441.3220,3.162986,0.071453,3.516597,0.0085,70.1468,29.8447,1.06e-13
1117,15,15,6468519.0640,4441.3220,3.162994,0.125766,3.516574,0.0213,21.6207,78.3581,1.03e-13
1118,15,15,6468563.0131,4441.3220,3.162997,0.117139,3.516579,0.0173,89.3032,10.6794,9.25e-14
1119,15,15,6468648.7740,4441.3220,3.163003,0.079751,3.516591,0.0098,88.9166,11.0735,1.07e-13
1120,15,15,6468862.7112,4441.3220,3.163017,0.075861,3.516590,0.0084,87.9920,11.9996,9.05e-14
1121,15,15,6468926.4006,4441.3220,3.163022,0.060075,3.516600,0.0067,13.6908,86.3025,1.11e-13
1122,15,15,6468999.1952,4441.3220,3.163027,0.049239,3.516606,0.0065,19.1142,80.8793,1.14e-13
1123,15,15,6469059.9091,4441.3220,3.163031,0.057370,3.516595,0.0057,8.6626,91.3317,1.28e-13
1124,15,15,6469103.8418,4441.3220,3.163034,0.049202,3.516605,0.0065,78.3284,21.6650,9.36e-14
1125,15,15,6469237.4012,4441.3220,3.163043,0.055053,3.516599,0.0068,71.5300,28.4632,1.06e-13
1126,15,15,6469355.1261,4441.3220,3.163050,0.044678,3.516606,0.0061,23.5464,76.4475,1.17e-13
1127,15,15,6469425.8461,4441.3220,3.163055,0.051928,3.516602,0.0065,26.2731,73.7204,9.10e-14
1128,15,15,6469490.7433,4441.3220,3.163060,0.064908,3.516601,0.0087,79.8611,20.1302,1.14e-13
1129,15,15,6469583.0893,4441.3220,3.163066,0.068649,3.516596,0.0075,73.1234,26.8692,1.14e-13
1130,15,15,6469714.4167,4441.3220,3.163075,0.062891,3.516599,0.0077,23.1611,76.8313,8.71e-14
1131,15,15,6469765.6537,4441.3220,3.163078,0.037306,3.516609,0.0074,63.1473,36.8453,1.10e-13
1132,15,15,6469856.2317,4441.3220,3.163084,0.053515,3.516603,0.0064,28.8749,71.1187,1.17e-13
1133,15,15,6469958.3918,4441.3220,3.163091,0.055969,3.516602,0.0075,35.6722,64.3202,1.14e-13
1134,15,15,6470002.7313,4441.3220,3.163094,0.048211,3.516605,0.0071,71.4067,28.5862,1.18e-13
1135,15,15,6470100.9132,4441.3220,3.163101,0.048450,3.516603,0.0064,60.2269,39.7667,1.12e-13
1136,15,15,6470130.0693,4441.3220,3.163103,0.054416,3.516602,0.0070,33.5087,66.4844,1.23e-13
1137,15,15,6470192.9026,4441.3220,3.163107,0.048765,3.516605,0.0074,75.0128,24.9798,1.07e-13
1138,15,15,6470320.5407,4441.3220,3.163115,0.055789,3.516604,0.0085,41.4436,58.5479,1.01e-13
1139,15,15,6470355.4510,4441.3220,3.163118,0.054201,3.516599,0.0069,59.2764,40.7167,1.22e-13
1140,15,15,6470463.7406,4441.3220,3.163125,0.048419,3.516602,0.0072,43.0931,56.8997,1.24e-13
1141,15,15,6470477.1293,4441.3220,3.163126,0.069071,3.516594,0.0082,65.7477,34.2441,1.02e-13
1142,15,15,6470490.5921,4441.3220,3.163127,0.049525,3.516601,0.0072,54.8472,45.1456,1.17e-13
1143,15,15,6470533.9487,4441.3220,3.163130,0.049778,3.516599,0.0062,13.0299,86.9639,1.00e-13
1144,15,15,6470728.3940,4441.3220,3.163143,0.058521,3.516601,0.0074,71.7516,28.2410,1.11e-13
1145,15,15,6470731.6700,4441.3220,3.163143,0.058907,3.516601,0.0077,58.7282,41.2641,1.23e-13
1146,15,15,6470817.8906,4441.3220,3.163149,0.053459,3.516601,0.0069,42.2990,57.6941,1.08e-13
1147,15,15,6470910.0085,4441.3220,3.163155,0.049484,3.516606,0.0065,60.4102,39.5833,1.25e-13
1148,15,15,6470951.3658,4441.3220,3.163158,0.059520,3.516599,0.0077,81.2541,18.7382,1.08e-13
1149,15,15,6470957.5794,4441.3220,3.163158,0.056472,3.516603,0.0069,72.4516,27.5415,1.17e-13
1150,15,15,6471010.9002,4441.3220,3.163162,0.068267,3.516593,0.0068,33.4829,66.5103,1.16e-13
1151,15,15,6471118.1077,4441.3220,3.163169,0.080140,3.516593,0.0102,91.2798,8.7100,1.08e-13
1152,15,15,6471191.9313,4441.3220,3.163174,0.052371,3.516604,0.0064,27.5565,72.4371,1.21e-13
1153,15,15,6471255.2216,4441.3220,3.163178,0.056909,3.516601,0.0070,65.5814,34.4115,1.19e-13
1154,15,15,6471358.4696,4441.3220,3.163185,0.048880,3.516603,0.0075,32.9683,67.0242,1.19e-13
1155,15,15,6471403.4405,4441.3220,3.163188,0.055707,3.516601,0.0084,86.9437,13.0479,1.23e-13
1156,15,15,6471517.7186,4441.3220,3.163196,0.078949,3.516596,0.0113,27.7530,72.2357,1.05e-13
1157,15,15,6471555.4504,4441.3220,3.163198,0.074076,3.516591,0.0083,52.5282,47.4635,1.10e-13
1158,15,15,6471594.4676,4441.3220,3.163201,0.063738,3.516601,0.0095,26.2944,73.6961,8.93e-14
1159,15,15,6471668.9937,4441.3220,3.163206,0.084726,3.516589,0.0105,15.4774,84.5121,8.84e-14
1160,15,15,6471739.5274,4441.3220,3.163211,0.063447,3.516600,0.0083,78.7528,21.2389,1.21e-13
1161,15,15,6471845.0362,4441.3220,3.163218,0.066045,3.516596,0.0085,16.1861,83.8054,9.48e-14
1162,15,15,6471848.7028,4441.3220,3.163218,0.051450,3.516605,0.0070,52.4938,47.4993,1.19e-13
1163,15,15,6471878.5346,4441.3220,3.163220,0.053562,3.516606,0.0071,48.0959,51.8971,1.27e-13
1164,15,15,6472033.7361,4441.3220,3.163230,0.051596,3.516602,0.0069,41.2351,58.7580,1.06e-13
1165,15,15,6472132.1034,4441.3220,3.163237,0.041134,3.516611,0.0064,56.7351,43.2585,1.06e-13
1166,15,15,6472145.1418,4441.3220,3.163238,0.058704,3.516601,0.0080,14.3779,85.6142,1.36e-13
1167,15,15,6472197.1033,4441.3220,3.163241,0.049259,3.516607,0.0069,65.3275,34.6656,1.08e-13
1168,15,15,6472277.5620,4441.3220,3.163247,0.044095,3.516607,0.0075,70.4488,29.5437,9.63e-14
1169,15,15,6472351.4932,4441.3220,3.163252,0.048251,3.516607,0.0067,21.0270,78.9663,1.11e-13
1170,15,15,6472463.0160,4441.3220,3.163259,0.045000,3.516606,0.0073,42.3347,57.6579,8.63e-14
1171,15,15,6472571.6820,4441.3220,3.163267,0.057472,3.516603,0.0072,21.4725,78.5203,1.08e-13
1172,15,15,6472680.1007,4441.3220,3.163274,0.042188,3.516603,0.0053,35.2387,64.7559,1.11e-13
1173,15,15,6472751.7275,4441.3220,3.163279,0.048274,3.516606,0.0065,51.7073,48.2862,1.33e-13
1174,15,15,6472854.6119,4441.3220,3.163286,0.056500,3.516601,0.0057,26.3929,73.6014,1.14e-13
1175,15,15,6472907.4079,4441.3220,3.163289,0.064125,3.516598,0.0083,54.1998,45.7919,1.24e-13
1176,15,15,6472924.4877,4441.3220,3.163290,0.059312,3.516600,0.0080,84.5418,15.4502,9.71e-14
1177,15,15,6473019.5116,4441.3220,3.163297,0.065192,3.516596,0.0073,61.7427,38.2499,1.23e-13
1178,15,15,6473047.5500,4441.3220,3.163298,0.057125,3.516600,0.0082,53.7535,46.2384,1.10e-13
1179,15,15,6473092.3833,4441.3220,3.163301,0.052724,3.516601,0.0062,35.2952,64.6986,1.24e-13
1180,15,15,6473117.9633,4441.3220,3.163303,0.068021,3.516600,0.0086,42.3521,57.6393,1.22e-13
1181,15,15,6473183.2789,4441.3220,3.163308,0.075630,3.516594,0.0116,73.8083,26.1800,1.21e-13
1182,15,15,6473250.3842,4441.3220,3.163312,0.048105,3.516601,0.0068,45.4624,54.5309,1.18e-13
1183,15,15,6473335.3687,4441.3220,3.163318,0.059176,3.516600,0.0079,46.8579,53.1343,1.15e-13
1184,15,15,6473342.6367,4441.3220,3.163318,0.067801,3.516594,0.0084,49.5462,50.4453,1.13e-13
1185,15,15,6473377.7411,4441.3220,3.163321,0.082817,3.516595,0.0122,64.1022,35.8857,8.72e-14
1186,15,15,6473401.6734,4441.3220,3.163322,0.066139,3.516599,0.0106,55.1775,44.8119,1.30e-13
1187,15,15,6473476.0709,4441.3220,3.163327,0.057894,3.516601,0.0081,56.6504,43.3415,9.29e-14
1188,15,15,6473505.6115,4441.3220,3.163329,0.053649,3.516601,0.0082,55.1279,44.8638,1.14e-13
1189,15,15,6473581.7357,4441.3220,3.163334,0.066554,3.516594,0.0078,69.6231,30.3691,1.10e-13
1190,15,15,6473628.0191,4441.3220,3.163337,0.074505,3.516594,0.0097,75.3395,24.6508,1.16e-13
1191,15,15,6473668.2726,4441.3220,3.163340,0.051959,3.516603,0.0067,42.9937,56.9996,1.35e-13
1192,15,15,6473686.5224,4441.3220,3.163341,0.051091,3.516603,0.0080,18.5657,81.4262,1.39e-13
1193,15,15,6473693.2046,4441.3220,3.163342,0.069375,3.516600,0.0084,72.7974,27.1942,8.93e-14
1194,15,15,6473782.6674,4441.3220,3.163348,0.034754,3.516611,0.0061,36.9496,63.0444,1.15e-13
1195,15,15,6473881.3017,4441.3220,3.163354,0.054512,3.516602,0.0075,77.9443,22.0482,1.10e-13
1196,15,15,6473894.1175,4441.3220,3.163355,0.049991,3.516601,0.0060,42.1826,57.8113,1.33e-13
1197,15,15,6473961.6146,4441.3220,3.163360,0.048626,3.516605,0.0059,50.8669,49.1272,1.25e-13
1198,15,15,6474035.7466,4441.3220,3.163365,0.061572,3.516601,0.0088,19.6011,80.3901,9.27e-14
1199,15,15,6474095.6979,4441.3220,3.163369,0.086675,3.516591,0.0106,61.2818,38.7075,8.44e-14
1200,15,15,6474149.1774,4441.3220,3.163372,0.067815,3.516592,0.0073,36.9713,63.0214,1.39e-13
1201,15,15,6474172.9681,4441.3220,3.163374,0.046580,3.516603,0.0056,80.0032,19.9912,1.23e-13
1202,15,15,6474228.8040,4441.3220,3.163378,0.064793,3.516600,0.0082,30.2706,69.7212,9.99e-14
1203,15,15,6474302.7006,4441.3220,3.163383,0.056759,3.516601,0.0069,70.1934,29.7997,1.18e-13
1204,15,15,6474312.4676,4441.3220,3.163383,0.057694,3.516600,0.0076,40.7911,59.2013,1.36e-13
1205,15,15,6474350.9438,4441.3220,3.163386,0.048872,3.516604,0.0073,42.1525,57.8402,1.20e-13
1206,15,15,6474417.8761,4441.3220,3.163390,0.056755,3.516600,0.0076,39.8272,60.1652,1.05e-13
1207,15,15,6474486.5179,4441.3220,3.163395,0.056561,3.516602,0.0078,55.1102,44.8821,1.06e-13
1208,15,15,6474503.8486,4441.3220,3.163396,0.065367,3.516596,0.0077,54.5711,45.4211,1.21e-13
1209,15,15,6474523.9268,4441.3220,3.163398,0.054138,3.516602,0.0074,48.2775,51.7150,1.03e-13
1210,15,15,6474569.9336,4441.3220,3.163401,0.059522,3.516600,0.0080,37.4354,62.5566,1.10e-13
1211,15,15,6474637.1086,4441.3220,3.163405,0.061378,3.516598,0.0085,73.7773,26.2142,9.82e-14
1212,15,15,6474703.3623,4441.3220,3.163410,0.076944,3.516597,0.0091,65.3919,34.5990,1.26e-13
1213,15,15,6474708.4134,4441.3220,3.163410,0.087437,3.516588,0.0103,63.8175,36.1722,9.80e-14
1214,15,15,6474758.0233,4441.3220,3.163413,0.055949,3.516597,0.0068,42.9865,57.0067,1.05e-13
1215,15,15,6474768.9090,4441.3220,3.163414,0.066916,3.516599,0.0087,53.4650,46.5263,1.05e-13
1216,15,15,6474820.4170,4441.3220,3.163417,0.048298,3.516602,0.0076,54.5555,45.4369,1.07e-13
1217,15,15,6474988.0115,4441.3220,3.163429,0.056785,3.516600,0.0071,51.1743,48.8186,1.29e-13
1218,15,15,6475003.2233,4441.3220,3.163430,0.046881,3.516603,0.0058,66.6666,33.3277,1.01e-13
1219,15,15,6475060.6905,4441.3220,3.163434,0.048918,3.516607,0.0067,39.0202,60.9731,1.17e-13
1220,15,15,6475149.3698,4441.3220,3.163440,0.040654,3.516610,0.0071,33.6129,66.3800,1.03e-13
1221,15,15,6475173.7447,4441.3220,3.163441,0.059425,3.516598,0.0065,63.9605,36.0331,1.07e-13
1222,15,15,6475251.4588,4441.3220,3.163446,0.061677,3.516599,0.0072,35.0332,64.9596,1.16e-13
1223,15,15,6475257.2736,4441.3220,3.163447,0.054210,3.516604,0.0068,57.6188,42.3744,1.20e-13
1224,15,15,6475350.7536,4441.3220,3.163453,0.058697,3.516601,0.0078,52.5768,47.4154,1.18e-13
1225,15,15,6475390.2857,4441.3220,3.163456,0.062824,3.516601,0.0069,52.7770,47.2161,9.91e-14
1226,15,15,6475419.5095,4441.3220,3.163458,0.061372,3.516601,0.0076,62.4768,37.5156,1.09e-13
1227,15,15,6475510.8254,4441.3220,3.163464,0.049903,3.516602,0.0075,76.3953,23.5972,8.80e-14
1228,15,15,6475555.0432,4441.3220,3.163467,0.051093,3.516602,0.0060,46.3384,53.6556,1.16e-13
1229,15,15,6475568.3953,4441.3220,3.163468,0.048015,3.516603,0.0063,21.3837,78.6100,1.19e-13
1230,15,15,6475643.0918,4441.3220,3.163473,0.060234,3.516602,0.0086,27.3590,72.6324,8.87e-14
1231,15,15,6475764.4628,4441.3220,3.163481,0.059569,3.516599,0.0088,55.3352,44.6560,1.01e-13
1232,15,15,6475803.2905,4441.3220,3.163483,0.045517,3.516606,0.0062,76.9724,23.0214,1.14e-13
1233,15,15,6475861.0069,4441.3220,3.163487,0.044141,3.516601,0.0055,61.4792,38.5153,1.08e-13
1234,15,15,6475913.3655,4441.3220,3.163491,0.062906,3.516597,0.0069,53.8007,46.1924,1.22e-13
1235,15,15,6475953.3293,4441.3220,3.163494,0.057848,3.516597,0.0087,47.1671,52.8242,1.15e-13
1236,15,15,6475970.0571,4441.3220,3.163495,0.048488,3.516599,0.0055,63.3885,36.6060,1.24e-13
1237,15,15,6475996.3285,4441.3220,3.163496,0.071787,3.516595,0.0109,49.4245,50.5646,1.08e-13
1238,15,15,6476020.3805,4441.3220,3.163498,0.047403,3.516603,0.0060,35.3721,64.6219,1.08e-13
1239,15,15,6476086.1492,4441.3220,3.163502,0.053479,3.516600,0.0074,53.6339,46.3588,1.18e-13
1240,15,15,6476158.6957,4441.3220,3.163507,0.061721,3.516598,0.0089,53.8821,46.1090,9.44e-14
1241,15,15,6476167.9002,4441.3220,3.163508,0.068265,3.516597,0.0098,71.5201,28.4701,1.13e-13
1242,15,15,6476190.0765,4441.3220,3.163509,0.058500,3.516601,0.0080,64.9858,35.0062,1.26e-13
1243,15,15,6476233.1562,4441.3220,3.163512,0.064322,3.516596,0.0085,57.4026,42.5889,9.57e-14
1244,15,15,6476305.0714,4441.3220,3.163517,0.068210,3.516595,0.0086,48.4059,51.5855,1.18e-13
1245,15,15,6476328.4089,4441.3220,3.163519,0.042920,3.516608,0.0070,36.5976,63.3954,1.27e-13
1246,15,15,6476373.3804,4441.3220,3.163522,0.061244,3.516597,0.0070,47.3330,52.6600,1.07e-13
1247,15,15,6476418.4140,4441.3220,3.163525,0.062923,3.516598,0.0085,21.7398,78.2517,1.07e-13
1248,15,15,6476460.7460,4441.3220,3.163528,0.061715,3.516600,0.0078,64.9046,35.0876,9.55e-14
1249,15,15,6476515.3365,4441.3220,3.163531,0.044763,3.516604,0.0074,63.2220,36.7706,9.80e-14
1250,15,15,6476535.7928,4441.3220,3.163533,0.066275,3.516596,0.0082,43.4520,56.5398,1.61e-13
1251,15,15,6476599.6991,4441.3220,3.163537,0.058940,3.516603,0.0076,59.4504,40.5420,1.18e-13
1252,15,15,6476620.0049,4441.3220,3.163538,0.044869,3.516608,0.0071,67.9522,32.0407,1.37e-13
1253,15,15,6476653.0908,4441.3220,3.163540,0.057889,3.516596,0.0069,40.3300,59.6630,9.84e-14
1254,15,15,6476717.7249,4441.3220,3.163545,0.053330,3.516601,0.0070,47.0256,52.9674,1.24e-13
1255,15,15,6476774.4985,4441.3220,3.163549,0.046710,3.516604,0.0060,37.9757,62.0183,1.31e-13
1256,15,15,6476787.9534,4441.3220,3.163550,0.058855,3.516597,0.0073,25.3788,74.6139,9.42e-14
1257,15,15,6476822.2054,4441.3220,3.163552,0.055605,3.516601,0.0069,56.7522,43.2409,1.31e-13
1258,15,15,6476854.0853,4441.3220,3.163554,0.045511,3.516602,0.0055,13.0492,86.9453,1.14e-13
1259,15,15,6476915.6417,4441.3220,3.163558,0.054326,3.516601,0.0069,53.3372,46.6558,1.05e-13
1260,15,15,6476975.5212,4441.3220,3.163562,0.057625,3.516601,0.0079,81.0215,18.9707,9.29e-14
1261,15,15,6477001.1538,4441.3220,3.163564,0.050473,3.516604,0.0063,65.0252,34.9685,1.04e-13
1262,15,15,6477080.5522,4441.3220,3.163569,0.053508,3.516603,0.0076,40.2151,59.7773,1.62e-13
1263,15,15,6477084.2911,4441.3220,3.163569,0.050668,3.516603,0.0059,32.6092,67.3849,1.05e-13
1264,15,15,6477141.7857,4441.3220,3.163573,0.059038,3.516600,0.0073,61.2636,38.7291,9.81e-14
1265,15,15,6477164.8361,4441.3220,3.163575,0.067527,3.516597,0.0079,71.1796,28.8125,1.22e-13
1266,15,15,6477209.2678,4441.3220,3.163578,0.048310,3.516604,0.0065,30.0578,69.9357,1.28e-13
1267,15,15,6477262.4547,4441.3220,3.163581,0.050189,3.516604,0.0066,65.6076,34.3858,1.14e-13
1268,15,15,6477301.3995,4441.3220,3.163584,0.045289,3.516606,0.0059,48.8943,51.0998,1.28e-13
1269,15,15,6477348.9982,4441.3220,3.163587,0.036915,3.516608,0.0046,53.8464,46.1491,1.12e-13
1270,15,15,6477391.6891,4441.3220,3.163590,0.046733,3.516603,0.0056,28.9943,71.0000,1.20e-13
1271,15,15,6477448.3118,4441.3220,3.163594,0.050638,3.516604,0.0070,33.6157,66.3772,1.39e-13
1272,15,15,6477460.7741,4441.3220,3.163595,0.042326,3.516605,0.0059,58.7575,41.2366,1.21e-13
1273,15,15,6477482.2370,4441.3220,3.163596,0.050640,3.516606,0.0069,49.6177,50.3753,1.07e-13
1274,15,15,6477497.0398,4441.3220,3.163597,0.039709,3.516603,0.0052,62.6066,37.3882,1.42e-13
1275,15,15,6477539.8300,4441.3220,3.163600,0.048993,3.516601,0.0058,54.6220,45.3722,1.10e-13
1276,15,15,6477590.3278,4441.3220,3.163603,0.046423,3.516602,0.0058,74.4899,25.5044,1.29e-13
1277,15,15,6477592.7501,4441.3220,3.163604,0.047220,3.516606,0.0062,31.6447,68.3491,1.16e-13
1278,15,15,6477636.1813,4441.3220,3.163606,0.051791,3.516602,0.0070,29.5259,70.4670,1.18e-13
1279,15,15,6477661.0186,4441.3220,3.163608,0.044486,3.516605,0.0066,30.9617,69.0317,1.01e-13
1280,15,15,6477682.5356,4441.3220,3.163610,0.048914,3.516601,0.0061,39.2382,60.7557,1.20e-13
1281,15,15,6477761.7629,4441.3220,3.163615,0.043157,3.516606,0.0053,35.2735,64.7212,9.76e-14
1282,15,15,6477796.5433,4441.3220,3.163617,0.043690,3.516605,0.0053,32.5813,67.4135,1.56e-13
1283,15,15,6477821.7966,4441.3220,3.163619,0.045346,3.516606,0.0064,46.1518,53.8418,1.39e-13
1284,15,15,6477866.1028,4441.3220,3.163622,0.051755,3.516605,0.0067,53.6175,46.3757,1.19e-13
1285,15,15,6477909.4627,4441.3220,3.163625,0.044532,3.516603,0.0051,35.1682,64.8267,1.15e-13
1286,15,15,6477932.2799,4441.3220,3.163626,0.058524,3.516598,0.0066,46.4601,53.5333,1.11e-13
1287,15,15,6477942.0423,4441.3220,3.163627,0.046952,3.516606,0.0057,52.8930,47.1013,1.21e-13
1288,15,15,6477978.4897,4441.3220,3.163629,0.053399,3.516601,0.0068,65.3184,34.6748,1.23e-13
1289,15,15,6477987.8213,4441.3220,3.163630,0.046991,3.516603,0.0058,63.6005,36.3937,1.40e-13
1290,15,15,6478035.4937,4441.3220,3.163633,0.053593,3.516601,0.0061,51.7975,48.1964,1.19e-13
1291,15,15,6478047.3272,4441.3220,3.163634,0.044491,3.516601,0.0063,68.0513,31.9424,1.36e-13
1292,15,15,6478054.0302,4441.3220,3.163634,0.045887,3.516608,0.0065,56.1343,43.8592,1.13e-13
1293,15,15,6478091.0830,4441.3220,3.163637,0.045701,3.516604,0.0055,49.7175,50.2771,1.08e-13
1294,15,15,6478129.5601,4441.3220,3.163640,0.042909,3.516604,0.0053,61.4143,38.5803,1.37e-13
1295,15,15,6478141.2630,4441.3220,3.163640,0.050753,3.516603,0.0065,58.8136,41.1799,1.16e-13
1296,15,15,6478156.6991,4441.3220,3.163641,0.037241,3.516607,0.0050,41.9643,58.0307,1.35e-13
1297,15,15,6478183.7642,4441.3220,3.163643,0.053973,3.516600,0.0062,50.4452,49.5486,1.26e-13
1298,15,15,6478192.1858,4441.3220,3.163644,0.040120,3.516606,0.0052,33.2660,66.7288,1.03e-13
1299,15,15,6478264.0633,4441.3220,3.163649,0.049463,3.516606,0.0055,52.0164,47.9781,1.22e-13
1300,15,15,6478291.0993,4441.3220,3.163650,0.037783,3.516607,0.0051,41.5547,58.4402,1.42e-13
1301,15,15,6478297.2350,4441.3220,3.163651,0.037515,3.516607,0.0057,69.7444,30.2499,1.13e-13
1302,15,15,6478319.6149,4441.3220,3.163652,0.047171,3.516602,0.0057,64.0605,35.9339,1.49e-13
1303,15,15,6478325.5551,4441.3220,3.163653,0.063317,3.516598,0.0079,31.8542,68.1379,1.04e-13
1304,15,15,6478367.8078,4441.3220,3.163656,0.053019,3.516602,0.0064,51.6789,48.3147,1.21e-13
1305,15,15,6478424.8563,4441.3220,3.163659,0.042987,3.516607,0.0063,60.4921,39.5016,9.72e-14
1306,15,15,6478444.2614,4441.3220,3.163661,0.045675,3.516608,0.0068,68.9889,31.0042,1.09e-13
1307,15,15,6478482.1106,4441.3220,3.163663,0.042518,3.516604,0.0051,45.1032,54.8917,1.10e-13
1308,15,15,6478493.4434,4441.3220,3.163664,0.047033,3.516607,0.0070,48.3622,51.6307,1.13e-13
1309,15,15,6478504.3643,4441.3220,3.163665,0.060179,3.516597,0.0069,38.0638,61.9293,9.35e-14
1310,15,15,6478552.4295,4441.3220,3.163668,0.049166,3.516605,0.0062,65.3017,34.6920,1.16e-13
1311,15,15,6478576.3393,4441.3220,3.163669,0.054200,3.516602,0.0071,39.7518,60.2411,8.93e-14
1312,15,15,6478593.3788,4441.3220,3.163671,0.045396,3.516603,0.0061,44.7573,55.2366,1.14e-13
1313,15,15,6478618.7123,4441.3220,3.163672,0.048198,3.516606,0.0057,62.7985,37.1959,1.39e-13
1314,15,15,6478679.1391,4441.3220,3.163676,0.047693,3.516604,0.0065,45.4134,54.5801,1.18e-13
1315,15,15,6478687.8705,4441.3220,3.163677,0.049960,3.516606,0.0061,58.9354,41.0584,1.01e-13
1316,15,15,6478710.8861,4441.3220,3.163679,0.046551,3.516603,0.0056,32.5205,67.4739,1.06e-13
1317,15,15,6478742.6676,4441.3220,3.163681,0.053546,3.516600,0.0063,56.5338,43.4599,9.03e-14
1318,15,15,6478758.7243,4441.3220,3.163682,0.038854,3.516606,0.0052,30.9697,69.0251,1.13e-13
1319,15,15,6478759.4306,4441.3220,3.163682,0.043402,3.516609,0.0056,51.1686,48.8258,1.35e-13
1320,15,15,6478808.1142,4441.3220,3.163685,0.042425,3.516607,0.0063,29.2876,70.7062,1.11e-13
1321,15,15,6478824.7037,4441.3220,3.163686,0.031514,3.516611,0.0050,49.6630,50.3321,1.33e-13
1322,15,15,6478838.5698,4441.3220,3.163687,0.036990,3.516610,0.0055,53.8859,46.1086,9.39e-14
1323,15,15,6478874.0094,4441.3220,3.163689,0.045687,3.516604,0.0066,32.3922,67.6012,1.18e-13
1324,15,15,6478886.8820,4441.3220,3.163690,0.039462,3.516607,0.0047,60.3508,39.6444,1.47e-13
1325,15,15,6478902.4878,4441.3220,3.163691,0.054364,3.516602,0.0058,58.1965,41.7977,1.19e-13
1326,15,15,6478931.0843,4441.3220,3.163693,0.041664,3.516605,0.0059,30.8999,69.0941,1.26e-13
1327,15,15,6478933.0171,4441.3220,3.163693,0.042348,3.516610,0.0059,50.8667,49.1274,1.18e-13
1328,15,15,6478953.6902,4441.3220,3.163695,0.045592,3.516605,0.0065,48.5202,51.4733,9.81e-14
1329,15,15,6478986.2303,4441.3220,3.163697,0.045836,3.516603,0.0054,36.9313,63.0633,1.10e-13
1330,15,15,6479015.1114,4441.3220,3.163699,0.045615,3.516601,0.0057,55.3305,44.6638,9.80e-14
1331,15,15,6479038.6561,4441.3220,3.163701,0.049907,3.516601,0.0068,33.5984,66.3949,9.56e-14
1332,15,15,6479054.7998,4441.3220,3.163702,0.049811,3.516603,0.0064,42.4181,57.5755,1.37e-13
1333,15,15,6479078.2540,4441.3220,3.163703,0.047087,3.516605,0.0072,42.7718,57.2211,1.12e-13
1334,15,15,6479094.9961,4441.3220,3.163704,0.046698,3.516601,0.0056,49.2594,50.7349,1.30e-13
1335,15,15,6479108.6032,4441.3220,3.163705,0.045077,3.516606,0.0054,59.3485,40.6460,1.04e-13
1336,15,15,6479143.5112,4441.3220,3.163708,0.045522,3.516606,0.0058,64.0292,35.9650,1.07e-13
1337,15,15,6479154.3538,4441.3220,3.163708,0.040438,3.516607,0.0053,66.8049,33.1898,1.62e-13
1338,15,15,6479161.0039,4441.3220,3.163709,0.041730,3.516607,0.0055,40.4886,59.5060,1.12e-13
1339,15,15,6479184.6873,4441.3220,3.163710,0.051788,3.516601,0.0061,38.3086,61.6853,1.19e-13
1340,15,15,6479200.1817,4441.3220,3.163711,0.048022,3.516602,0.0059,51.7273,48.2669,1.14e-13
1341,15,15,6479211.1741,4441.3220,3.163712,0.037983,3.516605,0.0051,50.6142,49.3807,1.30e-13
1342,15,15,6479234.3598,4441.3220,3.163714,0.036948,3.516610,0.0055,59.4971,40.4975,1.03e-13
1343,15,15,6479269.3043,4441.3220,3.163716,0.037848,3.516609,0.0054,49.4220,50.5726,1.31e-13
1344,15,15,6479295.0357,4441.3220,3.163718,0.044034,3.516604,0.0055,46.8923,53.1022,1.32e-13
1345,15,15,6479310.5848,4441.3220,3.163719,0.043961,3.516603,0.0047,53.0567,46.9386,1.23e-13
1346,15,15,6479320.9044,4441.3220,3.163719,0.039390,3.516607,0.0054,56.3032,43.6914,1.21e-13
1347,15,15,6479363.7292,4441.3220,3.163722,0.048031,3.516606,0.0059,50.7175,49.2766,1.12e-13
1348,15,15,6479384.8987,4441.3220,3.163724,0.037777,3.516608,0.0060,41.2727,58.7212,1.24e-13
1349,15,15,6479390.0184,4441.3220,3.163724,0.046643,3.516603,0.0058,46.3122,53.6820,1.12e-13
1350,15,15,6479411.1072,4441.3220,3.163725,0.039209,3.516605,0.0053,50.8443,49.1504,1.23e-13
1351,15,15,6479435.8058,4441.3220,3.163727,0.041534,3.516608,0.0054,39.6088,60.3857,1.06e-13
1352,15,15,6479439.1795,4441.3220,3.163727,0.042959,3.516605,0.0050,51.0300,48.9650,1.60e-13
1353,15,15,6479464.4759,4441.3220,3.163729,0.049338,3.516604,0.0062,52.7765,47.2173,1.19e-13
1354,15,15,6479467.4595,4441.3220,3.163729,0.041594,3.516607,0.0057,48.1276,51.8668,1.44e-13
1355,15,15,6479485.6865,4441.3220,3.163730,0.050697,3.516601,0.0060,49.9331,50.0609,1.40e-13
1356,15,15,6479494.6083,4441.3220,3.163731,0.037436,3.516605,0.0053,54.6779,45.3168,1.40e-13
1357,15,15,6479521.0943,4441.3220,3.163733,0.044882,3.516606,0.0059,67.2805,32.7136,9.32e-14
1358,15,15,6479536.6275,4441.3220,3.163734,0.046252,3.516607,0.0056,45.4446,54.5498,1.46e-13
1359,15,15,6479557.0986,4441.3220,3.163735,0.042794,3.516603,0.0064,55.5052,44.4884,8.76e-14
1360,15,15,6479569.8115,4441.3220,3.163736,0.058609,3.516598,0.0066,52.9311,47.0623,1.23e-13
1361,15,15,6479596.4936,4441.3220,3.163738,0.052635,3.516599,0.0064,57.7331,42.2605,1.06e-13
1362,15,15,6479624.7221,4441.3220,3.163740,0.046273,3.516603,0.0053,41.9982,57.9965,1.08e-13
1363,15,15,6479631.0607,4441.3220,3.163740,0.049736,3.516602,0.0057,46.7952,53.1991,1.43e-13
1364,15,15,6479642.1062,4441.3220,3.163741,0.037804,3.516609,0.0053,43.7018,56.2928,1.36e-13
1365,15,15,6479664.0518,4441.3220,3.163742,0.040001,3.516609,0.0051,62.9507,37.0442,1.04e-13
1366,15,15,6479693.6143,4441.3220,3.163744,0.031227,3.516608,0.0041,55.5502,44.4458,1.59e-13
1367,15,15,6479705.8615,4441.3220,3.163745,0.037220,3.516606,0.0053,36.0365,63.9582,1.15e-13
1368,15,15,6479720.0786,4441.3220,3.163746,0.041586,3.516608,0.0058,46.3423,53.6519,1.01e-13
1369,15,15,6479724.6116,4441.3220,3.163747,0.048840,3.516604,0.0050,38.1071,61.8878,1.61e-13
1370,15,15,6479742.0023,4441.3220,3.163748,0.044476,3.516605,0.0060,55.7012,44.2928,1.10e-13
1371,15,15,6479781.5531,4441.3220,3.163750,0.038474,3.516608,0.0048,60.0925,39.9026,1.08e-13
1372,15,15,6479787.6621,4441.3220,3.163751,0.037944,3.516606,0.0042,51.4944,48.5014,1.49e-13
1373,15,15,6479812.2568,4441.3220,3.163752,0.047928,3.516601,0.0053,48.8640,51.1307,1.13e-13
1374,15,15,6479826.5833,4441.3220,3.163753,0.041229,3.516607,0.0056,64.4274,35.5670,1.41e-13
1375,15,15,6479842.9384,4441.3220,3.163754,0.038778,3.516604,0.0056,61.8898,38.1046,9.11e-14
1376,15,15,6479849.4267,4441.3220,3.163755,0.038136,3.516607,0.0052,43.5820,56.4128,1.30e-13
1377,15,15,6479878.4853,4441.3220,3.163757,0.038012,3.516607,0.0050,36.4435,63.5515,1.25e-13
1378,15,15,6479892.2586,4441.3220,3.163758,0.035560,3.516608,0.0046,55.6204,44.3750,1.21e-13
1379,15,15,6479907.8479,4441.3220,3.163759,0.035695,3.516605,0.0045,48.6356,51.3599,1.38e-13
1380,15,15,6479923.1870,4441.3220,3.163760,0.037281,3.516608,0.0049,43.9060,56.0891,1.23e-13
1381,15,15,6479939.3207,4441.3220,3.163761,0.036684,3.516605,0.0052,54.3622,45.6326,1.13e-13
1382,15,15,6479962.4096,4441.3220,3.163762,0.038954,3.516605,0.0048,52.7072,47.2881,1.27e-13
1383,15,15,6479968.9747,4441.3220,3.163763,0.037942,3.516608,0.0048,41.1882,58.8071,1.30e-13
1384,15,15,6479985.1670,4441.3220,3.163764,0.030300,3.516611,0.0048,57.4055,42.5898,1.27e-13
1385,15,15,6479988.9735,4441.3220,3.163764,0.040905,3.516606,0.0047,51.1677,48.8276,1.44e-13
1386,15,15,6480009.9500,4441.3220,3.163766,0.042198,3.516604,0.0047,52.7758,47.2196,1.39e-13
1387,15,15,6480022.1656,4441.3220,3.163766,0.043305,3.516606,0.0057,42.9689,57.0255,1.23e-13
1388,15,15,6480034.2163,4441.3220,3.163767,0.038599,3.516605,0.0048,48.0411,51.9541,1.54e-13
1389,15,15,6480041.0627,4441.3220,3.163768,0.037888,3.516605,0.0053,41.5448,58.4499,1.02e-13
1390,15,15,6480081.4600,4441.3220,3.163770,0.039734,3.516605,0.0049,48.8943,51.1007,1.18e-13
1391,15,15,6480093.1053,4441.3220,3.163771,0.043638,3.516606,0.0054,43.4127,56.5819,1.20e-13
1392,15,15,6480112.7145,4441.3220,3.163773,0.027682,3.516609,0.0042,52.4910,47.5048,1.32e-13
1393,15,15,6480123.8130,4441.3220,3.163773,0.034576,3.516607,0.0045,51.2125,48.7830,1.67e-13
1394,15,15,6480133.1948,4441.3220,3.163774,0.039951,3.516606,0.0053,44.8136,55.1812,9.18e-14
1395,15,15,6480151.9921,4441.3220,3.163775,0.037029,3.516607,0.0051,45.8328,54.1621,1.22e-13
1396,15,15,6480167.4059,4441.3220,3.163776,0.042549,3.516604,0.0051,47.9905,52.0044,1.29e-13
1397,15,15,6480188.4053,4441.3220,3.163778,0.037836,3.516608,0.0046,50.5748,49.4207,1.19e-13
1398,15,15,6480212.7244,4441.3220,3.163779,0.045611,3.516603,0.0048,42.3491,57.6461,1.22e-13
1399,15,15,6480222.9137,4441.3220,3.163780,0.039955,3.516604,0.0048,44.9413,55.0539,1.55e-13
1400,15,15,6480229.1789,4441.3220,3.163780,0.035498,3.516609,0.0042,38.3449,61.6509,1.10e-13
1401,15,15,6480245.2533,4441.3220,3.163781,0.042386,3.516606,0.0052,45.9511,54.0437,1.30e-13
1402,15,15,6480252.1864,4441.3220,3.163782,0.030652,3.516610,0.0043,54.6331,45.3626,1.26e-13
1403,15,15,6480259.0365,4441.3220,3.163782,0.036488,3.516609,0.0055,55.6523,44.3422,1.39e-13
1404,15,15,6480271.9908,4441.3220,3.163783,0.035514,3.516608,0.0039,53.9911,46.0050,1.73e-13
1405,15,15,6480274.5497,4441.3220,3.163783,0.025582,3.516610,0.0042,47.7091,52.2867,1.50e-13
1406,15,15,6480292.5492,4441.3220,3.163785,0.033594,3.516608,0.0046,53.8453,46.1501,9.66e-14
1407,15,15,6480300.7622,4441.3220,3.163785,0.040147,3.516605,0.0055,54.2844,45.7101,1.55e-13
1408,15,15,6480317.7922,4441.3220,3.163786,0.045594,3.516603,0.0053,50.4317,49.5630,1.31e-13
1409,15,15,6480335.7342,4441.3220,3.163787,0.045921,3.516606,0.0056,46.9972,52.9972,1.03e-13
1410,15,15,6480339.7461,4441.3220,3.163788,0.044647,3.516604,0.0057,36.7110,63.2833,1.27e-13
1411,15,15,6480352.0031,4441.3220,3.163789,0.038087,3.516607,0.0051,40.0192,59.9757,1.49e-13
1412,15,15,6480370.3200,4441.3220,3.163790,0.052357,3.516604,0.0065,34.1497,65.8438,1.21e-13
1413,15,15,6480376.6744,4441.3220,3.163790,0.041059,3.516606,0.0051,50.9579,49.0370,1.05e-13
1414,15,15,6480393.3841,4441.3220,3.163791,0.028864,3.516611,0.0037,37.4512,62.5451,1.35e-13
1415,15,15,6480396.9273,4441.3220,3.163792,0.035417,3.516609,0.0048,55.9597,44.0355,1.33e-13
1416,15,15,6480414.7203,4441.3220,3.163793,0.031835,3.516610,0.0045,49.9163,50.0792,1.26e-13
1417,15,15,6480428.6533,4441.3220,3.163794,0.041919,3.516605,0.0053,52.7845,47.2102,1.24e-13
1418,15,15,6480431.8111,4441.3220,3.163794,0.038887,3.516608,0.0045,51.3695,48.6260,1.56e-13
1419,15,15,6480446.7878,4441.3220,3.163795,0.054598,3.516602,0.0058,50.2265,49.7676,1.10e-13
1420,15,15,6480456.3835,4441.3220,3.163796,0.042867,3.516603,0.0049,57.5448,42.4503,1.16e-13
1421,15,15,6480467.7415,4441.3220,3.163796,0.043225,3.516606,0.0046,44.5218,55.4736,1.19e-13
1422,15,15,6480472.3584,4441.3220,3.163797,0.036366,3.516607,0.0050,65.1245,34.8704,1.33e-13
1423,15,15,6480480.2203,4441.3220,3.163797,0.036839,3.516606,0.0049,51.5913,48.4037,1.31e-13
1424,15,15,6480491.4259,4441.3220,3.163798,0.037446,3.516606,0.0051,47.3763,52.6186,1.19e-13
1425,15,15,6480500.5993,4441.3220,3.163799,0.036455,3.516609,0.0047,43.3551,56.6402,1.48e-13
1426,15,15,6480510.8550,4441.3220,3.163799,0.036898,3.516607,0.0050,62.8683,37.1267,1.31e-13
1427,15,15,6480522.4512,4441.3220,3.163800,0.054406,3.516600,0.0066,48.0433,51.9501,1.05e-13
1428,15,15,6480526.2750,4441.3220,3.163800,0.035642,3.516609,0.0047,46.2936,53.7017,1.50e-13
1429,15,15,6480531.9437,4441.3220,3.163801,0.034801,3.516607,0.0048,47.0797,52.9155,1.40e-13
1430,15,15,6480535.6476,4441.3220,3.163801,0.035809,3.516606,0.0044,53.1065,46.8892,1.34e-13
1431,15,15,6480542.9353,4441.3220,3.163801,0.033269,3.516610,0.0049,52.5713,47.4238,1.63e-13
1432,15,15,6480551.3038,4441.3220,3.163802,0.040562,3.516606,0.0052,52.5908,47.4039,1.49e-13
1433,15,15,6480560.2011,4441.3220,3.163803,0.039080,3.516606,0.0049,53.7979,46.1972,1.01e-13
1434,15,15,6480569.3757,4441.3220,3.163803,0.038602,3.516606,0.0047,56.8067,43.1886,1.12e-13
1435,15,15,6480576.9794,4441.3220,3.163804,0.034290,3.516609,0.0042,54.4595,45.5363,1.53e-13
1436,15,15,6480586.9148,4441.3220,3.163804,0.041601,3.516606,0.0049,39.3235,60.6716,1.35e-13
1437,15,15,6480591.4652,4441.3220,3.163805,0.036820,3.516609,0.0043,44.2076,55.7880,1.38e-13
1438,15,15,6480600.2795,4441.3220,3.163805,0.033761,3.516610,0.0043,49.8261,50.1696,1.42e-13
1439,15,15,6480604.7747,4441.3220,3.163806,0.044370,3.516605,0.0061,37.4948,62.4991,1.57e-13
1440,15,15,6480616.0110,4441.3220,3.163806,0.026253,3.516611,0.0037,51.4967,48.4996,1.63e-13
1441,15,15,6480620.2624,4441.3220,3.163807,0.029609,3.516609,0.0038,45.1343,54.8619,1.44e-13
1442,15,15,6480626.3515,4441.3220,3.163807,0.036561,3.516607,0.0040,57.4123,42.5837,1.63e-13
1443,15,15,6480640.5671,4441.3220,3.163808,0.034696,3.516606,0.0042,41.2492,58.7466,1.16e-13
1444,15,15,6480644.2512,4441.3220,3.163808,0.035037,3.516607,0.0043,40.3343,59.6614,1.34e-13
1445,15,15,6480650.9592,4441.3220,3.163809,0.028966,3.516609,0.0038,60.7730,39.2232,1.86e-13
1446,15,15,6480655.6443,4441.3220,3.163809,0.027367,3.516609,0.0037,49.0050,50.9912,1.48e-13
1447,15,15,6480662.6516,4441.3220,3.163809,0.028499,3.516611,0.0032,53.7053,46.2916,1.59e-13
1448,15,15,6480670.0481,4441.3220,3.163810,0.037296,3.516605,0.0043,47.6805,52.3152,1.62e-13
1449,15,15,6480675.5488,4441.3220,3.163810,0.032107,3.516611,0.0040,52.9447,47.0513,1.35e-13
1450,15,15,6480683.9827,4441.3220,3.163811,0.023172,3.516612,0.0032,52.4070,47.5898,1.58e-13
1451,15,15,6480691.8700,4441.3220,3.163811,0.023405,3.516610,0.0030,48.7947,51.2023,1.92e-13
1452,15,15,6480700.0259,4441.3220,3.163812,0.032052,3.516606,0.0037,52.8761,47.1202,1.51e-13
1453,15,15,6480706.3926,4441.3220,3.163812,0.022054,3.516612,0.0026,46.4928,53.5046,1.58e-13
1454,15,15,6480710.3080,4441.3220,3.163813,0.034770,3.516608,0.0036,49.1492,50.8471,1.66e-13
1455,15,15,6480717.7953,4441.3220,3.163813,0.025131,3.516610,0.0031,48.7628,51.2341,1.63e-13
1456,15,15,6480725.6977,4441.3220,3.163814,0.030836,3.516609,0.0032,61.3460,38.6508,1.76e-13
1457,15,15,6480728.6233,4441.3220,3.163814,0.028543,3.516609,0.0034,41.9379,58.0587,1.92e-13
1458,15,15,6480736.1873,4441.3220,3.163814,0.015087,3.516614,0.0021,64.2103,35.7875,1.51e-13
1459,15,15,6480742.2962,4441.3220,3.163815,0.011071,3.516615,0.0019,50.1019,49.8962,2.05e-13
1460,15,15,6480745.9360,4441.3220,3.163815,0.003869,3.516616,0.0003,49.4885,50.5111,5.59e-13
1461,15,15,6480748.1134,4441.3220,3.163815,0.015018,3.516615,0.0023,60.1471,39.8505,2.29e-13
1462,15,15,6480748.9686,4441.3220,3.163815,0.018148,3.516612,0.0022,27.9490,72.0488,2.30e-13
1463,15,15,6480750.7121,4441.3220,3.163815,0.002722,3.516616,0.0003,18.9927,81.0070,5.45e-13
1464,15,15,6480751.0115,4441.3220,3.163815,0.001455,3.516617,0.0002,84.5090,15.4908,5.80e-13
1465,15,15,6480751.4234,4441.3220,3.163815,0.012301,3.516615,0.0015,49.5950,50.4034,2.84e-13
1466,15,15,6480753.5962,4441.3220,3.163816,0.003862,3.516616,0.0002,68.1265,31.8733,9.41e-13
1467,15,15,6480755.6489,4441.3220,3.163816,0.007186,3.516616,0.0009,42.8171,57.1821,2.87e-13
1468,15,15,6480757.7321,4441.3220,3.163816,0.011711,3.516614,0.0014,41.5357,58.4629,2.81e-13
1469,15,15,6480760.5218,4441.3220,3.163816,0.011710,3.516614,0.0013,51.3462,48.6525,3.11e-13
1470,15,15,6480761.6456,4441.3220,3.163816,0.005857,3.516615,0.0005,44.9172,55.0823,4.33e-13
1471,15,15,6480764.7492,4441.3220,3.163816,0.011905,3.516613,0.0015,52.9385,47.0600,2.57e-13
1472,15,15,6480765.2159,4441.3220,3.163816,0.003067,3.516616,0.0005,50.7788,49.2206,4.38e-13
1473,15,15,6480765.6023,4441.3220,3.163816,0.003917,3.516616,0.0004,52.5662,47.4333,5.61e-13
1474,15,15,6480767.1357,4441.3220,3.163816,0.022165,3.516611,0.0023,43.2891,56.7085,1.50e-13
1475,15,15,6480770.0876,4441.3220,3.163817,0.006973,3.516615,0.0009,61.4354,38.5637,3.55e-13
1476,15,15,6480770.5485,4441.3220,3.163817,0.011788,3.516613,0.0012,41.2318,58.7670,3.81e-13
1477,15,15,6480773.7462,4441.3220,3.163817,0.016152,3.516612,0.0015,61.9906,38.0079,2.64e-13
1478,15,15,6480776.6162,4441.3220,3.163817,0.016095,3.516612,0.0014,47.1884,52.8102,2.90e-13
1479,15,15,6480777.8341,4441.3220,3.163817,0.006853,3.516615,0.0009,34.5718,65.4273,3.57e-13
1480,15,15,6480779.8720,4441.3220,3.163817,0.007126,3.516616,0.0010,51.6264,48.3726,2.51e-13
1481,15,15,6480780.8969,4441.3220,3.163817,0.006921,3.516615,0.0008,63.0097,36.9895,3.73e-13
1482,15,15,6480782.0381,4441.3220,3.163817,0.014494,3.516613,0.0013,46.1660,53.8327,2.85e-13
1483,15,15,6480783.3897,4441.3220,3.163818,0.009203,3.516615,0.0010,51.4752,48.5238,3.67e-13
1484,15,15,6480785.5088,4441.3220,3.163818,0.019502,3.516612,0.0019,42.4324,57.5656,2.59e-13
1485,15,15,6480787.2149,4441.3220,3.163818,0.008113,3.516615,0.0011,42.0297,57.9693,3.33e-13
1486,15,15,6480788.9818,4441.3220,3.163818,0.013420,3.516613,0.0019,43.4202,56.5779,2.32e-13
1487,15,15,6480790.4948,4441.3220,3.163818,0.017368,3.516612,0.0020,43.2972,56.7008,2.37e-13
1488,15,15,6480791.4564,4441.3220,3.163818,0.012838,3.516613,0.0013,44.5706,55.4282,2.40e-13
1489,15,15,6480792.7222,4441.3220,3.163818,0.010439,3.516614,0.0013,66.0400,33.9588,3.21e-13
1490,15,15,6480793.4816,4441.3220,3.163818,0.009770,3.516614,0.0011,43.4312,56.5677,2.58e-13
1491,15,15,6480795.8507,4441.3220,3.163818,0.018730,3.516611,0.0020,51.2164,48.7815,2.41e-13
1492,15,15,6480797.9366,4441.3220,3.163818,0.026534,3.516610,0.0031,53.4505,46.5464,2.29e-13
1493,15,15,6480803.3777,4441.3220,3.163819,0.013394,3.516613,0.0017,54.7649,45.2334,1.81e-13
1494,15,15,6480807.8277,4441.3220,3.163819,0.018175,3.516613,0.0031,38.7465,61.2504,1.82e-13
1495,15,15,6480811.4606,4441.3220,3.163819,0.028010,3.516610,0.0030,48.8919,51.1051,1.94e-13
1496,15,15,6480815.2089,4441.3220,3.163820,0.023646,3.516612,0.0027,58.1749,41.8224,1.72e-13
1497,15,15,6480817.8260,4441.3220,3.163820,0.019159,3.516613,0.0027,44.5518,55.4455,1.95e-13
1498,15,15,6480821.4177,4441.3220,3.163820,0.025077,3.516612,0.0031,59.4114,40.5855,1.58e-13
1499,15,15,6480822.6632,4441.3220,3.163820,0.018923,3.516612,0.0023,44.5977,55.4000,2.04e-13
1500,15,15,6480826.2872,4441.3220,3.163820,0.016705,3.516613,0.0022,47.0969,52.9009,1.83e-13
1501,15,15,6480830.4767,4441.3220,3.163821,0.012705,3.516614,0.0013,85.7554,14.2432,2.26e-13
1502,15,15,6480834.5272,4441.3220,3.163821,0.018323,3.516612,0.0021,23.0171,76.9808,2.08e-13
1503,15,15,6480836.3080,4441.3220,3.163821,0.018785,3.516612,0.0022,24.9824,75.0154,1.96e-13
1504,15,15,6480838.5595,4441.3220,3.163821,0.022280,3.516611,0.0025,37.6557,62.3418,2.03e-13
1505,15,15,6480841.9595,4441.3220,3.163821,0.021933,3.516611,0.0026,67.7122,32.2852,1.72e-13
1506,15,15,6480842.9201,4441.3220,3.163822,0.016610,3.516612,0.0019,71.6382,28.3599,2.35e-13
1507,15,15,6480847.3041,4441.3220,3.163822,0.028999,3.516609,0.0039,37.0997,62.8964,1.83e-13
1508,15,15,6480854.2527,4441.3220,3.163822,0.032314,3.516609,0.0038,50.4295,49.5667,1.30e-13
1509,15,15,6480856.1230,4441.3220,3.163822,0.026792,3.516611,0.0030,54.5802,45.4168,1.60e-13
1510,15,15,6480863.5546,4441.3220,3.163823,0.032359,3.516606,0.0042,48.4276,51.5682,1.63e-13
1511,15,15,6480869.8300,4441.3220,3.163823,0.023717,3.516611,0.0028,54.3648,45.6324,1.62e-13
1512,15,15,6480871.7197,4441.3220,3.163823,0.019301,3.516613,0.0025,60.4704,39.5271,1.42e-13
1513,15,15,6480875.9723,4441.3220,3.163824,0.029413,3.516610,0.0031,45.0423,54.9547,1.76e-13
1514,15,15,6480879.7239,4441.3220,3.163824,0.026073,3.516611,0.0035,65.5290,34.4676,1.45e-13
1515,15,15,6480884.8111,4441.3220,3.163824,0.024744,3.516610,0.0032,56.4913,43.5054,1.62e-13
1516,15,15,6480889.4289,4441.3220,3.163825,0.037669,3.516605,0.0041,41.2667,58.7292,1.52e-13
1517,15,15,6480894.8149,4441.3220,3.163825,0.023853,3.516611,0.0030,35.3281,64.6689,1.61e-13
1518,15,15,6480900.3038,4441.3220,3.163825,0.027047,3.516611,0.0031,37.7362,62.2607,1.67e-13
1519,15,15,6480901.2116,4441.3220,3.163825,0.032422,3.516608,0.0035,48.2636,51.7329,1.18e-13
1520,15,15,6480905.2353,4441.3220,3.163826,0.024805,3.516610,0.0029,56.9409,43.0563,1.94e-13
1521,15,15,6480906.6885,4441.3220,3.163826,0.025429,3.516611,0.0034,58.5753,41.4213,1.62e-13
1522,15,15,6480909.2855,4441.3220,3.163826,0.027681,3.516612,0.0038,62.4385,37.5577,1.44e-13
1523,15,15,6480912.2254,4441.3220,3.163826,0.032127,3.516608,0.0034,61.7413,38.2553,1.83e-13
1524,15,15,6480917.2653,4441.3220,3.163826,0.029656,3.516609,0.0032,48.1701,51.8266,1.28e-13
1525,15,15,6480919.6930,4441.3220,3.163827,0.028599,3.516609,0.0037,52.0468,47.9495,1.51e-13
1526,15,15,6480924.7502,4441.3220,3.163827,0.039990,3.516607,0.0051,53.1207,46.8742,1.13e-13
1527,15,15,6480930.4558,4441.3220,3.163827,0.031360,3.516607,0.0038,42.6072,57.3890,1.61e-13
1528,15,15,6480934.1369,4441.3220,3.163828,0.033456,3.516608,0.0043,44.5878,55.4079,1.03e-13
1529,15,15,6480941.6020,4441.3220,3.163828,0.029343,3.516611,0.0043,38.9419,61.0537,1.31e-13
1530,15,15,6480947.8090,4441.3220,3.163829,0.035552,3.516607,0.0042,55.4871,44.5086,1.28e-13
1531,15,15,6480950.1384,4441.3220,3.163829,0.029950,3.516609,0.0038,47.1519,52.8443,1.56e-13
1532,15,15,6480957.5653,4441.3220,3.163829,0.038050,3.516607,0.0045,47.2143,52.7812,1.09e-13
1533,15,15,6480958.6821,4441.3220,3.163829,0.040254,3.516605,0.0051,48.3222,51.6728,1.31e-13
1534,15,15,6480962.5613,4441.3220,3.163830,0.035763,3.516609,0.0050,55.0417,44.9532,9.18e-14
1535,15,15,6480967.4318,4441.3220,3.163830,0.035215,3.516609,0.0042,33.3655,66.6303,1.37e-13
1536,15,15,6480969.8230,4441.3220,3.163830,0.035577,3.516608,0.0047,42.8863,57.1090,1.11e-13
1537,15,15,6480977.1219,4441.3220,3.163831,0.032635,3.516607,0.0038,63.7805,36.2157,1.42e-13
1538,15,15,6480978.8451,4441.3220,3.163831,0.036872,3.516607,0.0046,44.7365,55.2589,1.08e-13
1539,15,15,6480982.7170,4441.3220,3.163831,0.030586,3.516608,0.0039,57.1181,42.8781,1.41e-13
1540,15,15,6480989.6925,4441.3220,3.163831,0.038244,3.516604,0.0046,42.3666,57.6288,1.27e-13
1541,15,15,6480994.0872,4441.3220,3.163832,0.030574,3.516609,0.0037,54.5764,45.4199,1.21e-13
1542,15,15,6480998.1510,4441.3220,3.163832,0.036962,3.516606,0.0046,51.3775,48.6180,1.22e-13
1543,15,15,6481001.2779,4441.3220,3.163832,0.037533,3.516607,0.0045,38.7958,61.1997,1.24e-13
1544,15,15,6481005.5185,4441.3220,3.163832,0.040145,3.516607,0.0051,35.6454,64.3495,9.84e-14
1545,15,15,6481008.6200,4441.3220,3.163833,0.036974,3.516608,0.0052,53.5044,46.4904,1.17e-13
1546,15,15,6481009.6124,4441.3220,3.163833,0.033528,3.516609,0.0042,53.6083,46.3874,1.36e-13
1547,15,15,6481015.0739,4441.3220,3.163833,0.040832,3.516606,0.0050,46.0374,53.9576,9.98e-14
1548,15,15,6481017.9917,4441.3220,3.163833,0.037336,3.516606,0.0047,37.3275,62.6678,1.18e-13
1549,15,15,6481027.2988,4441.3220,3.163834,0.038496,3.516607,0.0048,46.2210,53.7742,1.12e-13
1550,15,15,6481030.1339,4441.3220,3.163834,0.038637,3.516605,0.0045,53.3181,46.6774,9.86e-14
1551,15,15,6481038.1726,4441.3220,3.163835,0.047517,3.516603,0.0059,37.7167,62.2774,1.12e-13
1552,15,15,6481042.8237,4441.3220,3.163835,0.036543,3.516607,0.0043,49.4916,50.5041,1.03e-13
1553,15,15,6481048.0653,4441.3220,3.163835,0.042406,3.516605,0.0057,43.3814,56.6129,1.11e-13
1554,15,15,6481055.6045,4441.3220,3.163836,0.041263,3.516605,0.0057,41.7592,58.2352,8.84e-14
1555,15,15,6481057.4690,4441.3220,3.163836,0.039339,3.516605,0.0049,48.0526,51.9425,1.19e-13
1556,15,15,6481061.7435,4441.3220,3.163836,0.034012,3.516609,0.0048,47.7698,52.2254,1.29e-13
1557,15,15,6481062.3267,4441.3220,3.163836,0.043707,3.516604,0.0053,59.1236,40.8712,1.10e-13
1558,15,15,6481066.8808,4441.3220,3.163837,0.044667,3.516606,0.0058,37.0502,62.9440,1.15e-13
1559,15,15,6481076.1174,4441.3220,3.163837,0.035540,3.516607,0.0047,56.2609,43.7344,1.05e-13
1560,15,15,6481078.0023,4441.3220,3.163837,0.040576,3.516605,0.0051,46.1198,53.8751,1.01e-13
1561,15,15,6481081.5430,4441.3220,3.163838,0.040100,3.516606,0.0055,51.0409,48.9536,1.04e-13
1562,15,15,6481088.4207,4441.3220,3.163838,0.045148,3.516606,0.0058,46.4689,53.5253,1.07e-13
1563,15,15,6481096.4308,4441.3220,3.163839,0.046410,3.516604,0.0063,43.0007,56.9929,1.18e-13
1564,15,15,6481100.0602,4441.3220,3.163839,0.039546,3.516607,0.0059,41.7463,58.2478,8.98e-14
1565,15,15,6481101.4682,4441.3220,3.163839,0.044997,3.516606,0.0056,60.6383,39.3561,1.19e-13
1566,15,15,6481104.5815,4441.3220,3.163839,0.039577,3.516606,0.0059,52.8987,47.0953,1.07e-13
1567,15,15,6481109.3293,4441.3220,3.163839,0.042116,3.516607,0.0051,44.9247,55.0701,1.12e-13
1568,15,15,6481115.9054,4441.3220,3.163840,0.044538,3.516606,0.0057,53.9075,46.0868,8.99e-14
1569,15,15,6481126.0570,4441.3220,3.163840,0.048369,3.516602,0.0060,56.8646,43.1294,1.10e-13
1570,15,15,6481129.0561,4441.3220,3.163841,0.051705,3.516601,0.0060,52.7739,47.2201,9.30e-14
1571,15,15,6481134.5484,4441.3220,3.163841,0.046583,3.516604,0.0056,46.2658,53.7286,1.12e-13
1572,15,15,6481141.3131,4441.3220,3.163842,0.040636,3.516609,0.0056,61.9759,38.0185,8.77e-14
1573,15,15,6481149.1208,4441.3220,3.163842,0.043657,3.516606,0.0055,56.9224,43.0720,9.94e-14
1574,15,15,6481150.9831,4441.3220,3.163842,0.040525,3.516606,0.0054,59.1661,40.8285,1.05e-13
1575,15,15,6481157.6793,4441.3220,3.163843,0.045812,3.516602,0.0057,61.9477,38.0467,8.15e-14
1576,15,15,6481162.5382,4441.3220,3.163843,0.050838,3.516602,0.0064,54.2416,45.7519,9.27e-14
1577,15,15,6481168.0407,4441.3220,3.163843,0.045080,3.516604,0.0060,42.3171,57.6769,9.56e-14
1578,15,15,6481176.7536,4441.3220,3.163844,0.051246,3.516602,0.0066,38.2868,61.7066,8.10e-14
1579,15,15,6481183.8668,4441.3220,3.163844,0.053684,3.516601,0.0065,47.8709,52.1226,1.13e-13
1580,15,15,6481191.2224,4441.3220,3.163845,0.044935,3.516605,0.0061,38.3042,61.6896,8.76e-14
1581,15,15,6481198.0472,4441.3220,3.163845,0.041872,3.516607,0.0061,65.0541,34.9399,1.07e-13
1582,15,15,6481201.7298,4441.3220,3.163846,0.048253,3.516604,0.0066,51.0962,48.8972,8.32e-14
1583,15,15,6481202.2742,4441.3220,3.163846,0.056590,3.516601,0.0073,57.9182,42.0745,7.35e-14
1584,15,15,6481217.5169,4441.3220,3.163847,0.050120,3.516603,0.0065,40.1900,59.8035,8.67e-14
1585,15,15,6481224.5570,4441.3220,3.163847,0.047385,3.516604,0.0067,50.2933,49.7000,1.09e-13
1586,15,15,6481227.7750,4441.3220,3.163847,0.057349,3.516600,0.0069,44.5233,55.4698,1.08e-13
1587,15,15,6481233.8711,4441.3220,3.163848,0.052129,3.516602,0.0069,43.1083,56.8848,8.33e-14
1588,15,15,6481239.0768,4441.3220,3.163848,0.051187,3.516604,0.0068,49.6072,50.3861,7.99e-14
1589,15,15,6481247.4561,4441.3220,3.163849,0.057919,3.516600,0.0073,49.7277,50.2650,9.29e-14
1590,15,15,6481255.4012,4441.3220,3.163849,0.059492,3.516599,0.0075,51.2601,48.7323,9.76e-14
1591,15,15,6481262.6939,4441.3220,3.163850,0.059901,3.516601,0.0073,41.8099,58.1828,9.47e-14
1592,15,15,6481267.5139,4441.3220,3.163850,0.052051,3.516603,0.0074,43.0791,56.9136,8.85e-14
1593,15,15,6481273.9746,4441.3220,3.163850,0.050684,3.516602,0.0071,47.6449,52.3481,8.42e-14
1594,15,15,6481283.1755,4441.3220,3.163851,0.057019,3.516601,0.0077,45.3310,54.6613,8.74e-14
1595,15,15,6481291.5375,4441.3220,3.163852,0.060132,3.516600,0.0080,52.5473,47.4447,8.48e-14
1596,15,15,6481294.1071,4441.3220,3.163852,0.053312,3.516600,0.0065,39.3400,60.6535,6.56e-14
1597,15,15,6481296.1438,4441.3220,3.163852,0.056578,3.516602,0.0077,71.5594,28.4329,8.82e-14
1598,15,15,6481307.5158,4441.3220,3.163853,0.060107,3.516602,0.0082,40.8774,59.1144,9.80e-14
1599,15,15,6481308.6159,4441.3220,3.163853,0.063915,3.516598,0.0082,48.1546,51.8372,9.17e-14
1600,15,15,6481312.9601,4441.3220,3.163853,0.065017,3.516598,0.0085,46.9274,53.0641,9.02e-14
1601,15,15,6481319.1460,4441.3220,3.163853,0.058136,3.516599,0.0081,45.1446,54.8473,8.12e-14
1602,15,15,6481325.0123,4441.3220,3.163854,0.062870,3.516600,0.0086,37.0938,62.8976,8.24e-14
1603,15,15,6481330.4320,4441.3220,3.163854,0.060920,3.516599,0.0074,52.6451,47.3475,8.01e-14
1604,15,15,6481339.5715,4441.3220,3.163855,0.057052,3.516599,0.0073,47.2902,52.7025,8.82e-14
1605,15,15,6481347.3335,4441.3220,3.163855,0.070832,3.516596,0.0099,61.9179,38.0722,8.67e-14
1606,15,15,6481351.0272,4441.3220,3.163856,0.063224,3.516599,0.0080,41.1815,58.8105,6.74e-14
1607,15,15,6481367.7500,4441.3220,3.163857,0.060691,3.516599,0.0081,64.4338,35.5581,6.90e-14
1608,15,15,6481378.7531,4441.3220,3.163857,0.066020,3.516600,0.0087,58.4154,41.5760,7.01e-14
1609,15,15,6481382.5517,4441.3220,3.163858,0.063194,3.516598,0.0082,47.7783,52.2135,7.98e-14
1610,15,15,6481405.6972,4441.3220,3.163859,0.073721,3.516594,0.0104,67.8198,32.1698,7.45e-14
1611,15,15,6481414.3846,4441.3220,3.163860,0.076043,3.516595,0.0110,71.4730,28.5161,6.57e-14
1612,15,15,6481430.0290,4441.3220,3.163861,0.082171,3.516592,0.0115,66.4791,33.5093,8.02e-14
1613,15,15,6481460.9875,4441.3220,3.163863,0.064485,3.516597,0.0098,61.1008,38.8894,7.28e-14
1614,15,15,6481469.5129,4441.3220,3.163864,0.065440,3.516598,0.0087,50.5906,49.4006,7.26e-14
1615,15,15,6481477.3713,4441.3220,3.163864,0.068677,3.516595,0.0104,61.2409,38.7487,8.58e-14
1616,15,15,6481490.0409,4441.3220,3.163865,0.067288,3.516598,0.0086,58.3223,41.6691,6.88e-14
1617,15,15,6481508.7394,4441.3220,3.163866,0.066293,3.516596,0.0084,83.0660,16.9256,7.73e-14
1618,15,15,6481523.9540,4441.3220,3.163867,0.073271,3.516596,0.0098,35.2304,64.7599,5.67e-14
1619,15,15,6481538.6865,4441.3220,3.163868,0.088264,3.516591,0.0116,35.5653,64.4230,6.65e-14
1620,15,15,6481555.4888,4441.3220,3.163869,0.093790,3.516587,0.0126,33.4559,66.5315,7.04e-14
1621,15,15,6481564.0803,4441.3220,3.163870,0.075522,3.516595,0.0108,35.1012,64.8879,6.73e-14
1622,15,15,6481576.2801,4441.3220,3.163871,0.087315,3.516592,0.0126,59.2754,40.7120,7.26e-14
1623,15,15,6481598.8067,4441.3220,3.163872,0.078140,3.516592,0.0108,52.1583,47.8308,6.48e-14
1624,15,15,6481607.2837,4441.3220,3.163873,0.074337,3.516597,0.0107,39.6138,60.3756,7.10e-14
1625,15,15,6481614.5940,4441.3220,3.163873,0.077603,3.516594,0.0104,78.1740,21.8156,8.12e-14
1626,15,15,6481625.4070,4441.3220,3.163874,0.093696,3.516588,0.0122,48.2497,51.7381,6.20e-14
1627,15,15,6481659.5912,4441.3220,3.163876,0.109857,3.516582,0.0163,50.7651,49.2186,5.72e-14
1628,15,15,6481717.2345,4441.3220,3.163880,0.099682,3.516588,0.0142,57.3341,42.6517,6.65e-14
1629,15,15,6481729.9163,4441.3220,3.163881,0.082728,3.516593,0.0128,88.6720,11.3153,8.02e-14
1630,15,15,6481741.8097,4441.3220,3.163882,0.094049,3.516586,0.0146,10.6421,89.3433,6.29e-14
1631,15,15,6481791.6110,4441.3220,3.163885,0.137876,3.516567,0.0215,81.6014,18.3772,5.01e-14
1632,15,15,6481851.5927,4441.3220,3.163889,0.078728,3.516596,0.0109,77.6332,22.3559,6.74e-14
1633,15,15,6481866.2318,4441.3220,3.163890,0.091689,3.516588,0.0146,53.4865,46.4989,7.51e-14
1634,15,15,6481881.6296,4441.3220,3.163891,0.091770,3.516584,0.0129,43.6388,56.3483,6.49e-14
1635,15,15,6481926.9227,4441.3220,3.163894,0.099665,3.516588,0.0148,59.4602,40.5249,5.76e-14
1636,15,15,6481939.8413,4441.3220,3.163895,0.132318,3.516572,0.0215,34.3297,65.6488,5.86e-14
1637,15,15,6481952.5425,4441.3220,3.163896,0.090371,3.516588,0.0120,10.8247,89.1633,6.11e-14
1638,15,15,6481962.5662,4441.3220,3.163897,0.128801,3.516573,0.0207,84.1439,15.8354,5.74e-14
1639,15,15,6481993.9184,4441.3220,3.163899,0.077503,3.516595,0.0099,15.8837,84.1064,7.60e-14
1640,15,15,6482000.4173,4441.3220,3.163899,0.115253,3.516579,0.0182,12.5225,87.4593,5.45e-14
1641,15,15,6482017.7993,4441.3220,3.163900,0.095032,3.516585,0.0138,89.7048,10.2815,5.74e-14
1642,15,15,6482032.9392,4441.3220,3.163901,0.142107,3.516567,0.0223,84.6461,15.3317,6.27e-14
1643,15,15,6482124.6047,4441.3220,3.163907,0.141323,3.516567,0.0214,15.3517,84.6269,4.93e-14
1644,15,15,6482162.6395,4441.3220,3.163910,0.131710,3.516572,0.0195,34.6900,65.2905,5.05e-14
1645,15,15,6482169.5160,4441.3220,3.163910,0.157753,3.516561,0.0264,76.1025,23.8711,4.88e-14
1646,15,15,6482198.6328,4441.3220,3.163912,0.135849,3.516572,0.0207,73.0298,26.9495,5.29e-14
1647,15,15,6482235.0492,4441.3220,3.163915,0.144778,3.516565,0.0232,24.3984,75.5784,4.96e-14
1648,15,15,6482287.9213,4441.3220,3.163918,0.068905,3.516601,0.0106,70.4933,29.4961,6.89e-14
1649,15,15,6482338.8492,4441.3220,3.163922,0.158695,3.516560,0.0261,73.0114,26.9625,6.00e-14
1650,15,15,6482340.4687,4441.3220,3.163922,0.157760,3.516557,0.0261,16.3937,83.5802,4.93e-14
1651,15,15,6482539.4105,4441.3220,3.163935,0.055364,3.516604,0.0087,9.2789,90.7124,8.21e-14
1652,15,15,6482542.3960,4441.3220,3.163935,0.170413,3.516552,0.0293,78.7761,21.1945,4.01e-14
1653,15,15,6482591.7889,4441.3220,3.163939,0.193378,3.516537,0.0362,46.4192,53.5446,4.64e-14
1654,15,15,6482603.9637,4441.3220,3.163940,0.199985,3.516537,0.0375,24.1536,75.8089,4.45e-14
1655,15,15,6482609.0494,4441.3220,3.163940,0.210366,3.516529,0.0396,40.5128,59.4475,4.54e-14
1656,15,15,6482740.7777,4441.3220,3.163949,0.168619,3.516551,0.0297,84.5361,15.4342,5.21e-14
1657,15,15,6482759.5541,4441.3220,3.163950,0.154845,3.516560,0.0270,10.0388,89.9342,4.60e-14
1658,15,15,6482904.7943,4441.3220,3.163960,0.133471,3.516570,0.0212,97.6168,2.3620,5.09e-14
1659,15,15,6483011.0994,4441.3220,3.163967,0.100391,3.516586,0.0137,98.9116,1.0747,6.27e-14
1660,15,15,6483103.3711,4441.3220,3.163973,0.091825,3.516588,0.0138,0.4571,99.5291,4.38e-14
1661,15,15,6483248.3464,4441.3220,3.163983,0.223364,3.516520,0.0452,99.4022,0.5526,3.86e-14
1662,15,15,6483330.1970,4441.3220,3.163988,0.224900,3.516518,0.0452,0.6954,99.2594,3.53e-14
1663,15,15,6483445.4702,4441.3220,3.163996,0.237518,3.516509,0.0491,0.4674,99.4836,4.36e-14
1664,15,15,6483510.2729,4441.3220,3.164000,0.239529,3.516508,0.0503,99.4687,0.4810,3.87e-14
1665,15,15,6484177.8491,4441.3220,3.164045,0.215355,3.516525,0.0399,76.0608,23.8992,5.77e-14
1666,15,15,6484230.9750,4441.3220,3.164049,0.188566,3.516542,0.0318,64.1954,35.7728,5.11e-14
1667,15,15,6484274.1470,4441.3220,3.164052,0.196652,3.516538,0.0389,22.2705,77.6906,6.06e-14
1668,15,15,6484325.2545,4441.3220,3.164055,0.310876,3.516444,0.0818,96.4679,3.4504,4.78e-14
