mode_rank,omega_num,freq_num_hz,m,n,omega_exact,freq_exact_hz,Omega_num,Omega_exact,rel_error_percent,abs_rel_error_percent,relative_residual,residual_within_tolerance,vector_norm,w_norm
1,5997.637539819355,954.5536613357647,1,1,5769.321520089672,918.2160382087188,19.81944712056393,19.064967169121854,3.9574154245807027,3.9574154245807027,2.852273849440822e-05,0,37.1073389488836,8.063638273734973
2,14326.399253367925,2280.117257881544,1,2,13763.685069037629,2190.5585138974534,47.342192745906466,45.48267990501187,4.088397703869006,4.088397703869006,6.144295584170612e-06,0,49.597354758429965,7.419348375953285
3,14718.62673272815,2342.542200038198,2,1,13763.685069037629,2190.5585138974534,48.638325053802845,45.48267990501187,6.938124920038505,6.938124920038505,4.634546120631272e-06,0,49.21528665456392,7.366303100119622
4,22181.067206912765,3530.226489033707,2,2,21120.735623820692,3361.469476268149,73.2982754736998,69.79436487526272,5.0203345280085525,5.0203345280085525,2.040776488563664e-06,0,60.98209573142418,7.657215907827664
5,27641.32750917736,4399.253906707564,3,1,25733.673489295496,4095.6413397342403,91.34193676646059,85.03801330987261,7.413065300122808,7.413065300122808,1.7386851539775211e-06,0,62.04672705346554,7.36623884373179
6,27737.35292225161,4414.536825860772,1,3,25733.67348929564,4095.6413397342635,91.65925680856382,85.0380133098731,7.786216117918163,7.786216117918163,1.6670908356240422e-06,0,48.28176667949863,5.74006182747388
7,33828.28195754897,5383.938289850296,2,3,32283.93410886528,5138.147695878953,111.78698962481191,106.68362678910695,4.783642053895791,4.783642053895791,1.0757793646754449e-06,0,57.1845692354891,6.210334519326277
8,34984.66890155993,5567.9829881165715,3,2,32283.93410886528,5138.147695878953,115.6083192292725,106.68362678910695,8.365569027577163,8.365569027577163,2.899717081021541e-06,0,58.00566634740825,6.336052181466421
9,44345.42136531288,7057.7930137824915,1,4,40435.63918572103,6435.531853487844,146.54132197115342,133.62128126397894,9.669148944657971,9.669148944657971,1.549138445059286e-06,0,60.199264000232745,6.2947455472807246
10,44416.81162063436,7069.155125805498,4,1,40435.63918572103,6435.531853487844,146.7772340916965,133.62128126397894,9.84570174995327,9.84570174995327,6.083477585833893e-07,1,57.71549538126227,6.040676723929473
11,45116.10365959452,7180.450910470817,3,3,42383.20988535649,6745.497357355768,149.08807423433367,140.05711107842072,6.448057571926029,6.448057571926029,1.0416978128423074e-06,0,71.99426522469136,7.206737904749936
12,50134.49818430949,7979.153205464507,2,4,46181.48317046337,7350.01132589442,165.67157136172287,152.60866592377968,8.5597402735094,8.5597402735094,4.219133496863858e-07,1,76.39276821889705,7.606035202493399
13,50514.433041804,8039.621716087673,4,2,46181.48317046337,7350.01132589442,166.92708218033732,152.60866592377968,9.382439830585351,9.382439830585351,4.63343936672615e-07,1,66.28871648656369,6.643524510099755
14,58687.24436729966,9340.365037497733,4,3,55173.682376701785,8781.164278834282,193.93448314723304,182.32376882594457,6.368184683793281,6.368184683793281,4.4353329029881684e-07,1,62.25155982524336,5.875062028003249
15,60789.68015642576,9674.978085870462,3,4,55173.68237670185,8781.164278834292,200.88207120508372,182.3237688259448,10.178761934685317,10.178761934685317,3.584230588781777e-07,1,69.10387824708515,6.611470072645592
16,63809.891620712566,10155.659669594517,1,5,56894.84205927859,9055.095350166857,210.86248782945282,188.01141385090637,12.154088685630239,12.154088685630239,3.08840523053258e-07,1,63.94046140724283,6.30379955218482
17,63851.65973024029,10162.307270689458,5,1,56894.84205927866,9055.095350166868,211.00051231536324,188.0114138509066,12.227501508332384,12.227501508332384,2.953089993325484e-07,1,57.945474027657696,5.720940343075735
18,68843.46527753446,10956.77779849487,2,5,61920.728574696885,9854.99003251458,227.4961450413973,204.61966857869848,11.179998785845138,11.179998785845138,2.3373131795718826e-07,1,66.93793275628498,6.409769836349692
19,69074.4129891585,10993.534268395599,5,2,61920.728574696885,9854.99003251458,228.25932153009953,204.61966857869848,11.552971967750517,11.552971967750517,3.031751772548292e-07,1,66.77738397487109,6.417968214944242
20,72175.70570697496,11487.120334410985,4,4,66756.69035149952,10624.657253896185,238.5076745887948,220.60030896853021,8.117561441321083,8.117561441321083,2.342841596442131e-07,1,66.04541413623201,6.045228027138832
21,77086.29702687595,12268.665216477384,3,5,69884.34945913962,11122.439661183493,254.73493146274208,230.93579087844404,10.30552280084858,10.30552280084858,2.7291653083279416e-07,1,66.82123309618451,6.188824052022061
22,77948.8438994576,12405.943814897208,5,3,69884.34945913962,11122.439661183493,257.58525411339275,230.93579087844404,11.539771784000338,11.539771784000338,2.115436630352696e-07,1,60.740629751476,5.711740726495845
23,85510.82066442333,13609.469796587564,6,1,74443.24920110803,11848.011090178132,282.574126419385,246.0008680465813,14.867125739523154,14.867125739523154,1.7884452018202486e-07,1,68.09632060753185,6.632389737676267
24,85549.62881319455,13615.646305296748,1,6,74443.24920110813,11848.011090178148,282.70236958968525,246.00086804658164,14.919256925611323,14.919256925611323,1.547881560544072e-07,1,62.87879882899675,6.136244375931135
25,87006.1789465919,13847.463458888096,2,6,78855.43433539786,12550.232164136936,287.51560115889214,260.58112058345426,10.336313127800747,10.336313127800747,1.729232392230065e-07,1,67.32919657051308,6.065796049390972
26,89893.68706109957,14307.02464852995,6,2,78855.43433539795,12550.23216413695,297.0574939467994,260.58112058345455,13.99808753668431,13.99808753668431,1.827191899707324e-07,1,78.40051185073398,7.474101293818903
27,90033.88929369494,14329.338526880023,5,4,80295.71783734502,12779.460402925532,297.520798158943,265.340598380494,12.127883925362665,12.127883925362665,1.803740613954379e-07,1,56.92905344721565,5.463347748024949
28,90104.68987456808,14340.606789299762,4,5,80295.71783734512,12779.460402925548,297.7547616753116,265.3405983804943,12.216058715725014,12.216058715725014,1.7115401093241798e-07,1,79.75268212424191,7.3521514650430975
29,97161.16555087856,15463.6797739923,3,6,85915.4831162536,13673.873826080036,321.07318423680465,283.91135062016076,13.089238431457414,13.089238431457414,1.716931022273515e-07,1,75.56462014709979,7.066147152090264
30,97623.3730827518,15537.24238742423,6,3,85915.4831162536,13673.873826080036,322.60056859037195,283.91135062016076,13.627217751491983,13.627217751491983,1.9139857898759106e-07,1,72.29484709011193,6.820173848448787
31,101936.41961722691,16223.685063171313,1,7,92648.6154110613,14745.485113290359,336.85321342778167,306.16127129087903,10.024763095441521,10.024763095441521,1.527480570214249e-07,1,76.9710670946232,6.915848100213579
32,107033.40839785618,17034.896022492394,5,5,92648.6154110613,14745.485113290359,353.6964286006065,306.16127129087903,15.526182364380462,15.526182364380462,1.317991418002947e-07,1,83.37848242251498,7.656420800130655
33,108425.79784109232,17256.501685092397,7,1,92648.6154110613,14745.485113290359,358.2976384533582,306.16127129087903,17.02905365615145,17.02905365615145,1.1691023947209987e-07,1,71.50492958558256,6.78616980542621
34,109240.08463377626,17386.099453242492,6,4,95259.16266436674,15160.96661282889,360.9884836272163,314.78793518964125,14.676721460033695,14.676721460033695,1.5683513260266425e-07,1,61.68580737334727,6.158575734295289
35,109374.94525896774,17407.56318837018,4,6,95259.16266436681,15160.9666128289,361.4341362715922,314.7879351896415,14.818293799554006,14.818293799554006,1.581397084287355e-07,1,54.78971553208738,5.458899973970598
36,112971.49109689685,17979.97123653318,7,2,96547.8184360837,15366.062548841546,373.31907422895785,319.04635273398037,17.010920522959204,17.010920522959204,1.0662651329440546e-07,1,77.02278414009193,7.547933844942926
37,113068.68382724644,17995.439940000913,2,7,96547.81843608378,15366.062548841557,373.64025172040806,319.04635273398065,17.111588494461664,17.111588494461664,1.0492148771443053e-07,1,69.85821747172561,6.8750776081162055
38,117736.14204615414,18738.288987214968,7,3,102834.68041805105,16366.64770980816,389.0640649706948,339.8215542660221,14.49069668668641,14.49069668668641,1.1456943374359353e-07,1,73.22616797707884,6.621795938958549
39,119332.5196792388,18992.360378561734,3,7,102834.68041805121,16366.647709808185,394.3393624312888,339.8215542660226,16.04306951129652,16.04306951129652,1.0134502389419469e-07,1,66.07343525676123,6.33683441999865
40,119595.49176671804,19034.21368617925,6,5,106489.6197884536,16948.349377308903,395.2083648255442,351.8994561231493,12.307182619582873,12.307182619582873,1.2515709790703197e-07,1,58.375196293383134,5.69219128688738
41,121791.64082264555,19383.74166419671,5,6,106489.61978845367,16948.349377308914,402.46563234027013,351.89945612314955,14.369495416163591,14.369495416163591,1.1017927562586673e-07,1,77.31802394921388,7.244896164786978
42,128213.3627191351,20405.79044718448,1,8,111237.22265879717,17703.953841961353,423.68648416825096,367.58811076649846,15.26120452720182,15.26120452720182,9.435863807307103e-08,1,69.0455325244362,6.594465821615074
43,128968.07230837896,20525.906208911496,4,7,111237.22265879717,17703.953841961353,426.1804539515353,367.58811076649846,15.939673093033257,15.939673093033257,3.660364988499775e-07,1,62.14882567854124,6.038638345190528
44,133760.82470116808,21288.696443239394,7,4,111237.22265879724,17703.953841961367,442.01830710291154,367.5881107664987,20.248259983493536,20.248259983493536,3.678536410390693e-07,1,63.56472741389128,5.838979807400219
45,134691.18092065162,21436.76723440649,8,1,111237.22265879724,17703.953841961367,445.0927086106587,367.5881107664987,21.084631296302426,21.084631296302426,4.850737166425452e-07,1,54.92426131166724,5.7911732795222415
46,134722.8700549847,21441.8107167779,2,8,114709.78150400179,18256.628747353152,445.1974266964118,379.0633284582385,17.446714908339995,17.446714908339995,3.593250176091445e-07,1,55.259039827622985,5.845161731107891
47,137798.05049899648,21931.240885341907,8,2,114709.78150400179,18256.628747353152,455.35949064102954,379.0633284582385,20.12755032071022,20.12755032071022,3.191001414451042e-07,1,56.481771454404594,5.740347995519663
48,137947.6216266457,21955.04586965111,6,6,119230.33221895191,18976.096739135068,455.85375476344865,394.00167964334196,15.698429300122882,15.698429300122882,3.499335207371782e-07,1,53.76304569273661,5.585216506128009
49,139366.3958547927,22180.850801192093,3,8,120341.85801586579,19153.00156408807,460.54215425476326,397.6747636883209,15.808745313221559,15.808745313221559,2.659688595563231e-07,1,71.74141867314549,6.827544009202676
50,141494.72096914955,22519.58426364861,8,3,120341.85801586584,19153.001564088077,467.57529468369194,397.67476368832115,17.577311254821176,17.577311254821176,7.024700648064494e-08,1,59.11391092858179,5.877214908862033
51,143408.29371502725,22824.138825120976,5,7,121446.20454378017,19328.763772892016,473.89877682086313,401.3241235350043,18.08380035732608,18.08380035732608,9.746326228709472e-08,1,57.33331576973048,5.77915480037412
52,143582.03442013334,22851.79051715488,7,5,121446.20454378023,19328.763772892024,474.47291033504735,401.3241235350045,18.22686016373063,18.22686016373063,2.4237147776096654e-07,1,55.28776004720834,5.6301123239698985
53,150442.81528561577,23943.7177053667,4,8,127928.34042864678,20360.427740761894,497.1446511107164,422.7446159448029,17.599286273495153,17.599286273495153,6.162024530150833e-08,1,58.23083241112509,5.456032028359182
54,151256.1958426158,24073.171241628093,8,4,127928.34042864678,20360.427740761894,499.8325015903975,422.7446159448029,18.235095785503713,18.235095785503713,8.539104311912973e-08,1,63.30074321651493,6.268364609276003
55,151656.31578559044,24136.852308382156,9,1,130036.94439953807,20696.02248575244,501.1547148783829,429.71258702038574,16.625560901851802,16.625560901851802,6.466687165894723e-08,1,62.112350213214064,6.366678923325482
56,155294.7062082578,24715.920129047874,1,9,130036.94439953813,20696.022485752448,513.1779300372292,429.7125870203859,19.423527617747823,19.423527617747823,7.656928644834414e-08,1,72.49234468427642,7.119280389433299
57,161313.74930673465,25673.880590853623,2,9,133153.88030371806,21192.098242203294,533.0681127324393,440.0126336505699,21.148365288931263,21.148365288931263,8.325327756051513e-08,1,62.33106820220678,6.270632384746103
58,161686.94612960526,25733.276709959675,6,7,133153.88030371806,21192.098242203294,534.3013574304291,440.0126336505699,21.428640127350825,21.428640127350825,1.1732357569958519e-07,1,54.5648442218551,6.17675162283697
59,161735.4347156289,25740.99390810887,7,6,133153.88030371806,21192.098242203294,534.4615900153871,440.0126336505699,21.465055578341076,21.465055578341076,1.1774292238447066e-07,1,49.417208748284175,5.675030509480071
60,162311.34862242208,25832.653453170373,9,2,133153.88030371812,21192.0982422033,536.364721897883,440.0126336505701,21.897573132827265,21.897573132827265,8.011132849446543e-08,1,55.93452373217716,5.774282276336501
61,164524.89652942697,26184.950544340918,8,5,137227.97021242074,21840.509789774133,543.6794846524592,453.4756362034697,19.891663685436896,19.891663685436896,6.592649765452018e-08,1,66.82785938176664,7.270349041636265
62,164705.17448125643,26213.64267150506,5,8,137227.9702124208,21840.50978977414,544.2752207751518,453.47563620346995,20.023034827595666,20.023034827595666,5.6470945133731873e-08,1,66.39234317805813,7.378228678375577
63,167361.77004863298,26636.452987849058,3,9,138232.47483721378,22000.381666168614,553.0540532769121,456.7950642551434,21.072685883489125,21.072685883489125,5.7986942693512126e-08,1,50.1187920411873,4.825015805075648
64,169104.63621412442,26913.838753234635,9,3,138232.47483721378,22000.381666168614,558.8134282934653,456.7950642551434,22.333508398273636,22.333508398273636,5.0988802022263166e-08,1,73.91542320118089,7.651313910214169
65,169372.7871513883,26956.51630039491,9,4,145116.1058334765,23095.945565644415,559.6995444160464,479.54231425518475,16.71536124718424,16.71536124718424,5.561211213281344e-08,1,46.67449790692448,5.098785679332265
66,173331.47374491984,27586.56083990707,4,9,145116.10583347655,23095.945565644422,572.7811918291288,479.542314255185,19.44330558581895,19.44330558581895,1.0330585425609869e-07,1,56.60831095266144,5.637139708747484
67,176035.7215684265,28016.95524836365,7,7,146079.25477793632,23249.235481088937,581.7174932283135,482.72508071067875,20.50699590166227,20.50699590166227,5.491648226848296e-08,1,59.69407016050763,6.2205806505305095
68,176059.52047711692,28020.742962321925,6,8,147991.08738764893,23553.513091288976,581.79613772945,489.0428124942353,18.966299650157538,18.966299650157538,5.959093652696792e-08,1,53.68275800579292,5.753779227595508
69,176276.8600345921,28055.333627223506,8,6,147991.08738764893,23553.513091288976,582.5143454967563,489.0428124942353,19.113159546460523,19.113159546460523,5.0019285465224324e-08,1,57.79043952925677,6.115466161764054
70,184894.33100539588,29426.846729177843,1,10,148939.90339629748,23704.521849150115,610.9911430832915,492.1782151566511,24.140224875419253,24.140224875419253,1.208326323904744e-07,1,49.79618463939757,4.909358872292379
71,185016.50381610144,29446.291135913063,10,1,148939.90339629748,23704.521849150115,611.3948683076441,492.1782151566511,24.222253135086145,24.222253135086145,1.1332255212222309e-07,1,66.62461506630281,6.804520728129148
72,185558.585076549,29532.566048070777,10,2,151758.71409850894,24153.149506047404,613.1861987782102,501.4930944377759,22.272112134595485,22.272112134595485,4.7402923682797676e-08,1,52.49412939874463,5.740018877357933
73,189857.84127198716,30216.813923193215,2,10,151758.714098509,24153.149506047415,627.3932728565496,501.4930944377761,25.105067211328247,25.105067211328247,4.4703945784493865e-08,1,55.573159351063545,6.378768498055613
74,189891.6299261627,30222.191554525678,5,9,153615.49945040984,24448.666073063057,627.5049288944915,507.6289202278329,23.61488951670762,23.61488951670762,4.8943966784526807e-08,1,52.233888579865386,6.145473131620093
75,190299.7225364687,30287.14151069515,9,5,153615.49945040984,24448.666073063057,628.8534881991433,507.6289202278329,23.880548002840857,23.880548002840857,5.709942981122505e-08,1,67.09288426727792,6.984879322990425
76,192066.9682050999,30568.407394515547,3,10,156368.20607297999,24886.772938926893,634.6934263157666,516.725355779705,22.82993648687038,22.82993648687038,4.261927985175056e-08,1,77.71701676478939,7.372569711853876
77,192369.39046310427,30616.539391777955,10,3,156368.20607297999,24886.772938926893,635.6927934683837,516.725355779705,23.023340418270088,23.023340418270088,4.47050693560878e-08,1,49.378234226578,5.7017446757487775
78,195601.21861398756,31130.90081721457,7,8,159980.15804507784,25461.632949496787,646.3725063910007,528.6612039595478,22.26592410220817,22.26592410220817,4.3982194723781056e-08,1,63.26032671741192,6.532654489041958
79,195912.27846033525,31180.40752935821,8,7,159980.15804507784,25461.632949496787,647.4004168199134,528.6612039595478,22.460360618679193,22.460360618679193,4.385727757054075e-08,1,70.58229240780528,6.902512298915013
80,196116.13507585207,31212.852317399695,10,4,162647.17366624242,25886.10166890843,648.0740696348073,537.4744699701146,20.57764709658534,20.57764709658534,6.279803425613777e-08,1,1871275279.7120771,6.490233022698572
81,196116.13507924555,31212.852317939785,4,10,162647.17366624248,25886.10166890844,648.0740696460213,537.4744699701148,20.577647098671704,20.577647098671704,8.22171412986251e-08,1,1123679712.8560612,6.776530348804522
82,196116.13508422868,31212.852318732876,6,9,163528.447345442,26026.360731169825,648.0740696624882,540.3866761459094,19.927840242956364,19.927840242956364,1.5192994108504466e-07,1,2473330362.817162,5.664422811214952
83,196737.03243640283,31311.67120148406,9,6,163528.447345442,26026.360731169825,650.1258512443216,540.3866761459094,20.30752791336061,20.30752791336061,3.70160733057706e-08,1,52.95646408022007,5.190250901967469
84,197649.73702904748,31456.93264898613,11,1,167878.8765471823,26718.75304319812,653.141922204015,554.7628535896444,17.733535686068347,17.733535686068347,2.3619802473187958e-07,1,4356.388536550163,5.70991362757032
85,197954.9105949452,31505.502530499733,1,11,167878.87654718236,26718.753043198132,654.1503811700242,554.7628535896446,17.91531767804628,17.91531767804628,3.834079133840143e-08,1,46.05911629128669,4.490762322825299
86,198036.2341889577,31518.44558247682,11,2,170445.9290566148,27127.31213925076,654.4191184287338,563.2457872662168,16.187130596224797,16.187130596224797,4.3300855275887176e-08,1,811.7367612562139,5.439352439467424
87,198041.4610723389,31519.277466803902,10,5,170445.9290566149,27127.312139250775,654.4363908861123,563.2457872662171,16.19019718948988,16.19019718948988,1.341940673943877e-07,1,1512.575755024106,5.115804189115971
88,198054.01029621865,31521.274737816333,2,11,170445.92905661493,27127.31213925078,654.4778603276112,563.2457872662172,16.197559773007814,16.197559773007814,5.005200298934077e-08,1,179357.63854668217,6.922861937445414
89,198861.67623558687,31649.818764433745,5,10,170445.92905661496,27127.312139250786,657.1468266114376,563.2457872662173,16.671414410568524,16.671414410568524,8.886647096576254e-08,1,3215.6396891236345,7.1408392951666055
90,200113.9766703992,31849.128568870256,8,8,172981.9177757457,27530.927279525727,661.2851064061132,571.6260693328579,15.684910448170411,15.684910448170411,7.911513958714302e-08,1,5046.079654100667,6.066101840532303
91,200119.75287653407,31850.04788062894,3,11,174655.82908822704,27797.338539204575,661.3041941237832,577.1575801188926,14.579486937961839,14.579486937961839,2.591469946522734e-07,1,3628.122662022366,6.556138158036501
92,200526.33651007907,31914.757675687888,11,3,174655.82908822704,27797.338539204575,662.6477669508558,577.1575801188926,14.812278271447552,14.812278271447552,8.52616423660425e-08,1,2152.1534791864824,6.420632267566859
93,201785.2099933732,32115.11361328146,7,9,174655.82908822712,27797.338539204586,666.807767662466,577.157580118893,15.533052086937035,15.533052086937035,1.0394597419349603e-07,1,344.9823801051687,6.612390187054682
94,202002.89721218083,32149.759610202625,9,7,174655.82908822712,27797.338539204586,667.5271242913614,577.157580118893,15.657689907469036,15.657689907469036,5.144007713105963e-08,1,158.53620579749156,7.269407212959178
95,202097.6535677632,32164.84055258293,6,10,179600.33427219873,28584.28098037717,667.8402506792654,593.4969067921802,12.526323732487016,12.526323732487016,4.2925415560534216e-08,1,54.236995772468646,4.899883046185659
96,202879.50090883108,32289.275421657137,10,6,179600.33427219873,28584.28098037717,670.4238983121492,593.4969067921802,12.961649949576879,12.961649949576879,4.246323539608981e-08,1,59.892206745912205,5.52999863773647
97,203514.1947981712,32390.29009149584,4,11,180413.51370560334,28713.702506824182,672.5212711350324,596.184092650427,12.804296428849158,12.804296428849158,2.523847478970556e-07,1,1627.9116942357457,6.1342863238487135
98,203546.439179194,32395.42194412256,11,4,180413.51370560334,28713.702506824182,672.6278240569744,596.184092650427,12.822168915427643,12.822168915427643,1.3752270610789418e-07,1,1429.437299408548,6.596929291753114
99,203849.21136745316,32443.609634514753,8,9,186812.49085383755,29732.131350697735,673.6283475689305,617.3297834950499,9.11969024969812,9.11969024969812,4.7196819417893936e-08,1,1263.405374877107,5.414628745942766
100,203898.91773401535,32451.520648456262,12,1,186812.49085383755,29732.131350697735,673.7926043612248,617.3297834950499,9.146297874453293,9.146297874453293,8.422924253348926e-08,1,27090.257042064997,7.562467700499102
101,204504.60409700443,32547.918627089326,1,12,186812.49085383763,29732.131350697746,675.7941205854397,617.3297834950502,9.470519429564884,9.470519429564884,7.437106563456038e-08,1,741.4462253909746,6.477813983678196
102,207119.53403887147,32964.09765317647,9,8,186812.49085383763,29732.131350697746,684.4352672640657,617.3297834950502,10.870281260219421,10.870281260219421,4.6293177891424213e-08,1,1385.3606369629515,6.492399263290205
103,207248.46864521265,32984.61823311127,5,11,187599.50025331968,29857.3877868851,684.8613371283121,619.930489368465,10.473891649690174,10.473891649690174,3.5450823455569846e-08,1,1427.31874388108,4.9544185568731125
104,207273.39856026444,32988.58595232263,11,5,187599.50025331974,29857.38778688511,684.9437190878435,619.9304893684651,10.487180552388798,10.487180552388798,2.857071818138705e-07,1,2272.848403928352,7.091530132882529
105,208780.538647409,33228.45474712364,2,12,189165.25426218673,30106.58527706224,689.9241273005985,625.1045897665838,10.369390753988625,10.369390753988625,4.856671930675024e-08,1,55.3304924873415,5.673607749196163
106,209208.01418062104,33296.48959128518,12,2,189165.25426218673,30106.58527706224,691.3367382944409,625.1045897665838,10.595370696700284,10.595370696700284,4.777001937927979e-08,1,304.3298686157034,6.32849351763341
107,209495.16855009552,33342.191628617475,7,10,189944.05262311056,30230.534885875135,692.2856520631461,627.678161915523,10.293091916796437,10.293091916796437,4.2401213135676674e-08,1,821.6566569327695,4.829849315724403
108,209909.7208764093,33408.16968052056,10,7,189944.05262311062,30230.534885875146,693.655557772775,627.6781619155232,10.5113416174787,10.5113416174787,1.3492910203178592e-07,1,1647.39903274583,6.687322767586666
109,210214.53947949255,33456.683067947626,12,3,193032.66279493005,30722.102462004113,694.6628437491387,637.8846049641398,8.901020395090233,8.901020395090233,3.749362354680493e-08,1,77.21520947525559,5.873786940431124
110,210370.3944246005,33481.48815286687,3,12,193032.66279493013,30722.102462004128,695.177873012334,637.8846049641401,8.981760588408426,8.981760588408426,4.0944814441093546e-08,1,131.96047076166454,6.174952080418367
111,210818.72521030897,33552.84221355265,6,11,196079.93766278832,31207.09132018346,696.6594010708197,647.9544537511606,7.516723905159499,7.516723905159499,2.1804383822296389e-07,1,1313.2589970149722,6.30483670351867
112,211326.32271800228,33633.628866003164,11,6,196079.9376627884,31207.091320183474,698.3367785207682,647.9544537511609,7.775596645401873,7.775596645401873,2.206739233543536e-08,1,1017.724049800019,4.509010552491814
113,211366.7933482343,33640.06996685463,4,12,198339.1853478956,31566.661756937207,698.4705154314258,655.4202333568733,6.5683480435233825,6.5683480435233825,3.904525896024314e-08,1,961.4464988483556,7.2914508071515
114,211866.99387646548,33719.679353459804,12,4,198339.1853478956,31566.661756937207,700.1234492496396,655.4202333568733,6.8205425492907645,6.8205425492907645,5.134150123565433e-08,1,62.487885644538856,6.145364607911167
115,212697.77526356457,33851.902317845364,9,9,199833.21072301012,31804.443280491407,702.8688015089319,660.3573034486006,6.437650925994522,6.437650925994522,1.0269639961538317e-07,1,692.8239274880254,5.369209827956278
116,213739.7155185163,34017.73225982736,8,10,201317.7276782713,32040.71149202495,706.3119371850543,665.2629525644466,6.170339782543526,6.170339782543526,4.843180502923896e-08,1,16506.7739149903,5.488707796754107
117,214520.47576727695,34141.99411278727,10,8,201317.7276782714,32040.711492024966,708.8919924753937,665.2629525644469,6.5581646689878355,6.5581646689878355,9.307211755828807e-08,1,920.4853339109824,6.053727904156077
118,214610.4051412645,34156.30681718655,5,12,204988.51600981434,32624.935600034078,709.1891678982996,677.3932279845234,4.6938674023033915,4.6938674023033915,3.7831433918932974e-08,1,573.4922573310115,4.640325463902075
119,215113.46227682225,34236.37084696822,12,5,204988.51600981434,32624.935600034078,710.8515414963396,677.3932279845234,4.939274874560839,4.939274874560839,8.159269317495049e-08,1,1017.968196632948,6.281813421334912
120,218072.1755831017,34707.264694854355,1,13,205715.8911486052,32740.7009488548,720.6287348544565,679.796869919263,6.006480279916991,6.006480279916991,3.1231561718027454e-08,1,584.9939206193842,4.108188200133524
121,218777.23501452972,34819.47838853969,7,11,205715.8911486052,32740.7009488548,722.9586335896281,679.796869919263,6.349214828760721,6.349214828760721,4.150060986305075e-08,1,73.75419961896638,7.813810129552729
122,218841.5267372385,34829.71073400869,11,7,205715.8911486052,32740.7009488548,723.1710883086832,679.796869919263,6.380467505619966,6.380467505619966,4.0054986014986077e-08,1,45.55976321131511,6.016064054715975
123,219063.87764286544,34865.09897974017,13,1,205715.8911486053,32740.700948854814,723.9058562880791,679.7968699192633,6.488553907883469,6.488553907883469,3.67774557456666e-08,1,931.633744804686,6.482476314267873
124,219211.5729561553,34888.60541892176,13,2,207884.79999935543,33085.893513567455,724.3939217025476,686.964121022947,5.448581597516983,5.448581597516983,1.0581875959118217e-07,1,996.5318613192368,4.737747265708581
125,219662.73613306796,34960.41026866846,2,13,207884.79999935548,33085.89351356747,725.8848095176581,686.9641210229472,5.665607169811833,5.665607169811833,3.903327702975607e-08,1,92.21157879325412,5.729841362950418
126,219697.61921143616,34965.96208302102,3,13,211456.69938539484,33654.37895708254,726.0000821266698,698.767613736799,3.897213874043145,3.897213874043145,3.9040101710554135e-08,1,224.7858932466258,5.675073539947865
127,219915.76931098543,35000.68174970027,13,3,211456.69938539484,33654.37895708254,726.7209683645688,698.767613736799,4.000379250303773,4.000379250303773,3.3379474557189115e-08,1,525.8386348363682,6.0208067574598845
128,219930.5776534411,35003.03857060109,6,12,212870.8415647708,33879.44667516497,726.7699031590266,703.4407064268826,3.3164411042750697,3.3164411042750697,4.523888917778211e-08,1,1289.056320928829,6.632774082145158
129,220802.6642545405,35141.83546397027,12,6,212870.8415647708,33879.44667516497,729.6517502463653,703.4407064268826,3.7261198534587723,3.7261198534587723,3.696215113127588e-08,1,51.061074857480335,4.602710754035694
130,220979.9615497717,35170.05320490313,9,10,213574.84877226342,33991.492902209735,730.2376366631626,705.7671280435206,3.467221360603375,3.467221360603375,3.7756560036993016e-08,1,135.7942448241606,5.525791653539664
131,221184.7546471409,35202.64703866054,10,9,213574.84877226342,33991.492902209735,730.9143841219775,705.7671280435206,3.5631095696066706,3.5631095696066706,3.2234524300579016e-08,1,55.995798747429966,5.405698258600898
132,221280.8862887029,35217.94686460267,4,13,216370.83541229588,34436.4879967898,731.2320552006149,715.0065842450696,2.2692757399817234,2.2692757399817234,3.0975053961795315e-08,1,82.6389379112244,6.576135108899633
133,221328.7016952348,35225.556922908174,8,11,216370.83541229588,34436.4879967898,731.390063235448,715.0065842450696,2.291374562330318,2.291374562330318,3.2094620427954074e-08,1,240.8803637375726,6.0851628635180965
134,222885.2936451123,35473.296226108236,11,8,216370.83541229588,34436.4879967898,736.5338872218208,715.0065842450696,3.0107838796310604,3.0107838796310604,3.2879089878469653e-08,1,2136.6429375176394,6.602705623270078
135,223028.9604189251,35496.1615033186,13,4,216370.83541229588,34436.4879967898,737.0086401570657,715.0065842450696,3.0771822801081847,3.0771822801081847,3.9799122979554697e-08,1,157.19079222046489,4.919991930627555
136,224519.4864204312,35733.386084265294,7,12,221869.86446925838,35311.68565341135,741.9341464205812,733.1783585287479,1.194223450539827,1.194223450539827,3.6252419670890676e-08,1,781.2852373476762,6.622812657317432
137,225813.3342283003,35939.30835849627,12,7,221869.86446925838,35311.68565341135,746.2097212681555,733.1783585287479,1.777379622273259,1.777379622273259,3.131963652886846e-08,1,127.5479481876996,6.422575730658752
138,225832.9721016528,35942.43382311214,5,13,222548.8216497329,35419.74504483161,746.274615451888,735.4220012707779,1.4756988725326878,1.4756988725326878,3.7107549985205616e-08,1,133.67718362715766,5.15634202275725
139,226453.02322846893,36041.11802491463,13,5,222548.8216497329,35419.74504483161,748.3236006462065,735.4220012707779,1.7543124020134335,1.7543124020134335,3.713809632576031e-08,1,66.40496554365662,6.731358915962904
140,226559.0481028546,36057.992407763806,1,14,224574.80630787413,35742.19051780312,748.6739643314743,742.116953330237,0.8835549399340318,0.8835549399340318,2.83453411213342e-08,1,844.2109353274234,6.062529793507127
141,226690.9822975488,36078.99038701223,14,1,224574.80630787413,35742.19051780312,749.1099464624008,742.116953330237,0.9423033796469426,0.9423033796469426,9.111791475108553e-08,1,626.6199164582536,6.303011835441365
142,226743.9230859263,36087.4161751737,10,10,226584.74601249184,36062.0823571097,749.2848915384917,748.7588841616212,0.07025056904126331,0.07025056904126331,3.2919052945809445e-08,1,739.4311648629897,6.017333161080692
143,227745.45640140583,36246.815153003474,2,14,226584.7460124919,36062.082357109706,752.5945007727681,748.7588841616214,0.5122632522005335,0.5122632522005335,7.2579911842063e-08,1,5224.582175723564,5.688578653405943
144,228100.1633503633,36303.2685172791,14,2,226584.7460124919,36062.082357109706,753.7666448997657,748.7588841616214,0.6688081896686161,0.6688081896686161,6.719831447186423e-08,1,989.2588757593404,5.845501678353704
145,228672.01569909093,36394.281645297815,9,11,227915.96824038084,36273.95295503204,755.6563551917149,753.1579643621495,0.3317220221764785,0.3317220221764785,3.090636632470815e-08,1,904.4856879374106,5.514368003488729
146,228784.1385681421,36412.12655414095,11,9,227915.96824038084,36273.95295503204,756.026869958473,753.1579643621495,0.3809168503918178,0.3809168503918178,2.9714937273496872e-08,1,227.68388803018752,6.577400223474973
147,228871.3177305177,36426.00154876764,6,13,229899.95102021933,36589.71362145254,756.3149571906952,759.7141194368863,-0.44742649362771975,0.44742649362771975,5.719571214918122e-08,1,174.36194655489646,5.0552247326390045
148,229670.3260810056,36553.16767731949,13,6,229899.95102021933,36589.71362145254,758.9553141056048,759.7141194368863,-0.09988037761414842,0.09988037761414842,3.804778157292514e-08,1,166.70605578332794,5.947226944901975
149,229712.2487359975,36559.83987508899,14,3,229899.95102021933,36589.71362145254,759.0938492935433,759.7141194368863,-0.08164520409372315,0.08164520409372315,5.7152403718443645e-08,1,159.38458647780675,5.576741279466169
150,232222.0549749812,36959.287944226126,3,14,229899.95102021942,36589.713621452545,767.3876102462762,759.7141194368867,1.0100497822887906,1.0100497822887906,4.062228116476763e-08,1,90.65680683109052,6.555441341412867
151,232765.92650990904,37045.84778741687,12,8,231868.8101979643,36903.06729184249,769.1848567546417,766.2202979283477,0.38690685098128935,0.38690685098128935,5.5546724446560136e-08,1,758.5884322490764,4.145974517286513
152,232988.8723303945,37081.330716788805,8,12,231868.81019796437,36903.067291842504,769.9215906553694,766.2202979283478,0.48305855861935565,0.48305855861935565,2.862089400610906e-08,1,1069.8888900164895,5.077090639166225
153,233089.924141506,37097.41361203559,4,14,234470.98782993507,37317.2167247738,770.255520642546,774.8193040591369,-0.5890126114156028,0.5890126114156028,1.239228984529716e-07,1,539.6039288809403,6.185646772744233
154,233580.661328536,37175.51686111042,14,4,234470.98782993507,37317.2167247738,771.8771824491927,774.8193040591369,-0.3797171281782751,0.3797171281782751,4.684243320802426e-08,1,59.257376637251824,4.712460421316394
155,235653.19429552837,37505.37072752818,13,7,238326.5207161382,37930.84384186639,778.7259553655647,787.5600756800242,-1.1217074845790782,1.1217074845790782,3.3343826290791415e-08,1,1080.2213685130528,8.065210247024385
156,235715.1577154013,37515.232512091825,7,13,238326.52071613833,37930.843841866415,778.9307161093454,787.5600756800246,-1.0957081036933087,1.0957081036933087,6.013088786711791e-08,1,722.1451800646602,6.122154960437942
157,235890.7586382068,37543.18026696782,10,11,240233.4449239451,38234.340255640454,779.5109967916574,793.8615874417186,-1.8076942979829953,1.8076942979829953,4.96962351739751e-08,1,386.48851441071366,5.530032137668802
158,236541.76473307447,37646.79110494896,11,10,240233.4449239451,38234.340255640454,781.6622739881755,793.8615874417186,-1.5367053459352262,1.5367053459352262,3.0281323825212074e-08,1,67.05891719563587,5.658935530619633
159,236611.9064431901,37657.954504830785,5,14,240233.44492394515,38234.34025564046,781.894060238237,793.8615874417188,-1.507508033238909,1.507508033238909,3.6023947678798034e-08,1,116.54872651124572,6.24673507367945
160,237784.99691176627,37844.65765159867,14,5,240233.44492394515,38234.34025564046,785.7705873466563,793.8615874417188,-1.0191953135226552,1.0191953135226552,3.0559706192927135e-08,1,545.3779990912109,5.572055803204727
161,237811.43462297015,37848.8653440208,9,12,242755.02712141778,38635.662526780754,785.8579518823948,802.1942625477355,-2.0364531919559385,2.0364531919559385,2.739621182932009e-08,1,707.4626928023151,5.730249068863039
162,238145.529628044,37902.03821554062,12,9,242755.02712141778,38635.662526780754,786.9619829683588,802.1942625477355,-1.8988267917797914,1.8988267917797914,4.8545986008955467e-08,1,325.6270919068261,5.404680472226644
163,239421.26971132032,38105.07855589451,1,15,243381.74231518919,38735.407347780274,791.1777200735459,804.2652694333868,-1.6272677507336963,1.6272677507336963,3.3581904432704755e-08,1,79.15020040689986,5.52452575830689
164,240362.17479927884,38254.828251623425,15,1,243381.74231518927,38735.40734778029,794.286980763685,804.2652694333871,-1.2406713368005826,1.2406713368005826,3.2315976776014345e-08,1,730.4799385884374,5.558950907795659
165,241298.69413108053,38403.879932580785,2,15,245253.210368001,39033.260739223835,797.381748536962,810.4496148300988,-1.6124218031587616,1.6124218031587616,3.8423308997642564e-08,1,617.116558873729,6.3353175831376936
166,241341.1835103557,38410.64232732134,15,2,245253.2103680011,39033.26073922385,797.5221564892831,810.4496148300991,-1.5950971046517257,1.5950971046517257,4.2928934536934826e-08,1,507.4026969733934,5.574760445229665
167,241801.6123159339,38483.921847671,14,6,247111.8600592075,39329.074025055575,799.0436629665178,816.5916014083056,-2.148924678079514,2.148924678079514,3.6562250845136216e-08,1,666.013686549564,5.872187519160847
168,242238.45775321283,38553.44795838108,6,14,247111.86005920757,39329.07402505558,800.4872372049621,816.5916014083058,-1.972144236552262,1.972144236552262,3.8902330284769975e-08,1,822.8674468032511,5.9900314287106085
169,245082.42584470144,39006.07953813712,13,8,247728.60449074177,39427.23194995865,809.8852501438246,818.629659488098,-1.0681764633034982,1.0681764633034982,3.24242557785089e-08,1,87.25123221190509,6.65334979281835
170,245625.16077200076,39092.45848460543,8,13,247728.60449074183,39427.23194995867,811.6787406841709,818.6296594880982,-0.849091982359141,0.849091982359141,3.448198481097957e-08,1,83.18132466434206,6.780535743299253
171,245693.5343563802,39103.340478536324,3,15,248343.9612458976,39525.1690193067,811.9046840878952,820.66313193256,-1.0672403211339172,1.0672403211339172,3.9100573266007236e-08,1,927.2759563035344,5.406392366889558
172,245795.451274764,39119.561059881795,15,3,248343.9612458976,39525.1690193067,812.2414728586717,820.66313193256,-1.026201707642973,1.026201707642973,4.490802362337108e-08,1,233.70706901704625,6.952327590015769
173,245935.60171023972,39141.86669446424,15,4,252613.33912879034,40204.66161329629,812.7046059050409,834.7714718623928,-2.6434619175617278,2.6434619175617278,2.4783068069838253e-08,1,772.0822692805095,6.48764421915687
174,246020.31332611764,39155.348966868514,4,15,252613.33912879042,40204.661613296295,812.9845390254143,834.771471862393,-2.6099278151386294,2.6099278151386294,3.5732521829398266e-08,1,141.57163253968363,6.427618580212778
175,246051.6076044766,39160.329605959836,11,11,253217.9070290371,40300.88158305525,813.0879522928873,836.769292079133,-2.830091879615274,2.830091879615274,1.0063762701420098e-07,1,730.4937282696238,5.937823676470265
176,246164.6842553937,39178.32631390157,10,12,254423.11837739593,40492.696926617005,813.4616188721933,840.7519639944186,-3.24594485543259,3.24594485543259,6.651718936468123e-08,1,1255.4201217965108,6.262833529360405
177,246947.76115854515,39302.95687385921,12,10,254423.11837739593,40492.696926617005,816.0493296450276,840.7519639944186,-2.9381595770563087,2.9381595770563087,9.107701632937647e-08,1,397.0868881469704,6.001962475897086
178,247184.78608272804,39340.6805621789,7,14,255023.77796097661,40588.29486845939,816.832588539869,842.7368690133031,-3.0738278371235266,3.0738278371235266,3.4548990868975743e-08,1,36.46270472367945,6.077379937340683
179,247220.02095355763,39346.28836604064,14,7,255023.77796097661,40588.29486845939,816.94902366196,842.7368690133031,-3.060011529047748,3.060011529047748,2.899862781919508e-08,1,42.02772754343401,6.53540801861172
180,248411.87779137967,39535.97827323789,5,15,258007.9305146572,41063.237498317954,820.8875650319022,852.598127441259,-3.7192859553332145,3.7192859553332145,3.6866744839736625e-08,1,83.03908144416873,6.226686288986595
181,249267.96688233345,39672.22908379023,15,5,258007.93051465726,41063.23749831796,823.7165476698162,852.5981274412592,-3.3874786774537897,3.3874786774537897,2.744461675382352e-08,1,66.54644905920232,7.493766232519902
182,249362.11562484308,39687.21332154653,9,13,258007.93051465732,41063.237498317976,824.0276661746022,852.5981274412593,-3.350988038456071,3.350988038456071,3.982364258391166e-08,1,82.43926914066822,6.885043713028658
183,249850.93381842345,39765.011153328094,13,9,258007.93051465732,41063.237498317976,825.6429865861668,852.5981274412593,-3.1615294459991192,3.1615294459991192,3.105944924733145e-08,1,279.8790598819449,4.577827721488076
184,250005.18711732185,39789.56132833601,16,1,262133.52074712238,41719.84557698643,826.1527231416675,866.2313149939569,-4.626777069652461,4.626777069652461,2.8641760571712172e-08,1,271.95256189335294,4.899119751617039
185,250670.22715587757,39895.40573782617,1,16,262133.52074712244,41719.84557698644,828.3503760991367,866.2313149939571,-4.373074286177777,4.373074286177777,4.0721835468542994e-08,1,394.7229455361592,5.8670424371584975
186,250869.92842891184,39927.18918257132,2,16,263883.5280604063,41998.367891342525,829.0102974089082,872.0142882356635,-4.931569517486321,4.931569517486321,4.13801120355946e-08,1,426.9610109083571,6.097854225365935
187,252057.4617775076,40116.1909850868,16,2,263883.5280604063,41998.367891342525,832.9345516256958,872.0142882356635,-4.481547738057967,4.481547738057967,5.328071057383647e-08,1,309.17560253889746,7.355100851454319
188,252340.83957477543,40161.29196228448,8,14,263883.52806040633,41998.36789134254,833.8709855516881,872.0142882356636,-4.374160285968517,4.374160285968517,2.4944150380194996e-08,1,482.7385868809431,5.278752637779283
189,252508.5293435692,40187.98061789394,14,8,263883.52806040633,41998.36789134254,834.4251234907019,872.0142882356636,-4.310613398435863,4.310613398435863,2.5547977736225296e-08,1,400.402973830476,4.883242147206856
190,252942.6018828748,40257.06540818488,6,15,264464.50171309366,42090.83271997388,835.859534570421,873.9341402626376,-4.3566905031052165,4.3566905031052165,2.8502408213861354e-08,1,125.92039287334916,6.1651450979410125
191,253403.3383798848,40330.39389914687,15,6,264464.50171309366,42090.83271997388,837.3820578270164,873.9341402626376,-4.1824756296437196,4.1824756296437196,3.185981977445426e-08,1,227.0426530821208,6.950330543780113
192,253518.54558623387,40348.729695517126,3,16,266776.7667377917,42458.841128393076,837.7627649169303,881.5751179111656,-4.969781032164996,4.969781032164996,3.6219882416933894e-08,1,302.61864361502643,4.210715444019739
193,255258.88010773103,40625.712537246865,11,12,266776.7667377917,42458.841128393076,843.5137740087441,881.5751179111656,-4.317424928303941,4.317424928303941,3.9893976090522595e-08,1,488.9357115719973,4.570290655949737
194,255381.7932558049,40645.27477233381,12,11,266776.7667377917,42458.841128393076,843.9199457092676,881.5751179111656,-4.271351520346842,4.271351520346842,3.490621658867947e-08,1,412.5649382663319,4.9119355167540535
195,256340.5723869829,40797.86921039414,16,3,266776.7667377917,42458.841128393076,847.0882719318048,881.5751179111656,-3.911957730961732,3.911957730961732,3.867654008344653e-08,1,74.37857476345079,6.023968741728386
196,256451.2624072084,40815.48607426397,10,13,269070.7412175084,42823.93850616665,847.4540517889683,889.1556536795938,-4.690022688159461,4.690022688159461,3.242980043485706e-08,1,67.31331791709115,6.0025488871665535
197,257330.8695547592,40955.479899775644,13,10,269070.7412175084,42823.93850616665,850.360750840388,889.1556536795938,-4.363117152622351,4.363117152622351,3.1230083712293126e-08,1,217.05450190592708,5.64372873302326
198,257355.55970844367,40959.409459780225,4,16,270779.46604138677,43095.89050827072,850.4423404983324,894.8022071876393,-4.9575052825059265,4.9575052825059265,2.8747101616682117e-08,1,69.7751744838931,5.13348423656
199,257481.0793280152,40979.386527690054,16,4,270779.46604138677,43095.89050827072,850.8571253942476,894.8022071876393,-4.9111503570728665,4.9111503570728665,4.034164563033343e-08,1,84.09218946809001,6.232557650364754
200,257744.1425844918,41021.25434530415,7,15,271913.11126289336,43276.315748986,851.7264290603139,898.5483858074641,-5.210844233510535,5.210844233510535,4.3625852789567184e-08,1,1206.4769487245728,6.59103124491155
201,258985.75132791308,41218.862514205764,15,7,271913.11126289336,43276.315748986,855.8293777082258,898.5483858074641,-4.754224566421055,4.754224566421055,3.1691941614607267e-08,1,108.77221675128358,4.687926860604049
202,259691.8825615868,41331.24679051652,9,14,273605.44335438,43545.65876669915,858.1628182592859,904.1407688374435,-5.0852646139689766,5.0852646139689766,7.565212225160743e-08,1,603.7339807946269,6.234354708642171
203,262175.9096019007,41726.59197275641,14,9,273605.4433543801,43545.658766699155,866.371390758823,904.1407688374437,-4.177378056647642,4.177378056647642,6.423698373080499e-08,1,451.90728631341887,6.811693850219847
204,262335.4697522961,41751.98675941232,5,16,275846.9472920275,43902.405198335684,866.898664029726,911.5479134786112,-4.898179107063791,4.898179107063791,3.166952957788062e-08,1,257.4933234755415,6.174745802752499
205,262636.0956907543,41799.83286353958,16,5,275846.9472920275,43902.405198335684,867.8920951683675,911.5479134786112,-4.7891962303600915,4.7891962303600915,2.7351906361211465e-08,1,138.6047927783467,5.629543733616771
206,262760.9669159916,41819.70673628604,12,12,279729.5208422188,44520.33597076648,868.3047374177598,924.3780421182346,-6.06605762421416,6.06605762421416,3.0218811174079846e-08,1,388.9650251894864,4.829393271050863
207,262767.9112921572,41820.811968079484,8,15,280280.1004985678,44607.96344464026,868.3276854027431,926.1974558977803,-6.248102942470616,6.248102942470616,3.1229622021082955e-08,1,81.15122005141639,5.956120517101745
208,263154.0523996103,41882.26823406162,15,8,280280.10049856786,44607.96344464028,869.6037050370462,926.1974558977805,-6.110333223262519,6.110333223262519,3.200897261325958e-08,1,639.3725174743685,7.083055474202261
209,263387.4931615707,41919.421485246756,1,17,280829.6778039284,44695.43138939953,870.3751199161117,928.0135573660568,-6.210947781144276,6.210947781144276,3.1945154767525434e-08,1,102.70240302453932,6.420512283393865
210,264713.71847812657,42130.49680003024,11,13,280829.6778039284,44695.43138939953,874.7576876116287,928.0135573660568,-5.73869523044276,5.73869523044276,2.4701487328500507e-08,1,905.372347045466,6.745080951992144
211,265248.8121177612,42215.65959779512,17,1,280829.6778039284,44695.43138939953,876.5259271934437,928.0135573660568,-5.548154955704346,5.548154955704346,4.836510016240375e-08,1,808.5421898701632,6.893132899495276
212,265274.4011065746,42219.732211853494,13,11,280829.67780392844,44695.431389399535,876.6104870901178,928.013557366057,-5.539043030991316,5.539043030991316,2.027380751128077e-08,1,578.0614403055572,6.265436240943115
213,266233.9190334653,42372.44423290344,6,16,281925.84629455494,44869.892023144326,879.7812546943597,931.6358925423596,-5.565976822392777,5.565976822392777,2.6437635478012444e-08,1,1347.3338817248152,6.50898117675901
214,266263.10804633494,42377.08980858562,16,6,281925.84629455494,44869.892023144326,879.8777110229107,931.6358925423596,-5.555623386106875,5.555623386106875,6.805347961015027e-08,1,601.8652693273197,4.068931174778876
215,268199.28805329214,42685.24242740856,2,17,282472.44783541537,44956.88636027391,886.2758998112478,933.4421604708859,-5.052938752610509,5.052938752610509,3.0510699950088714e-08,1,99.93625236743532,5.627780237761951
216,268513.3412285036,42735.22554263717,17,2,282472.44783541537,44956.88636027391,887.3137018220935,933.4421604708859,-4.941758643676684,4.941758643676684,2.3869872622839973e-08,1,407.6218506779652,6.719460201783641
217,270062.1205642877,42981.721429685786,10,14,284106.382859961,45216.935196121325,892.4317086944994,938.841567921306,-4.943311077455049,4.943311077455049,3.1497729180420054e-08,1,420.2298551091005,6.8403613417226286
218,270140.20602028875,42994.14911599194,14,10,284106.382859961,45216.935196121325,892.6897453890851,938.841567921306,-4.915826493963818,4.915826493963818,2.7098838909108145e-08,1,144.90458761643524,6.102609344761138
219,270616.7604291949,43069.99510582159,3,17,285190.8317088891,45389.530590958544,894.2645396050876,942.4251750455429,-5.110287449412406,5.110287449412406,3.3438751880577784e-08,1,63.00800317919275,5.782030514325016
220,271024.5058617187,43134.88980693089,17,3,285190.8317088891,45389.530590958544,895.6119516460626,942.4251750455429,-4.9673146090582785,4.9673146090582785,3.3653378685045035e-08,1,223.11512598333167,6.351186883367294
221,271262.92132563563,43172.83480652282,7,16,288956.5185383444,45988.85826400241,896.3998056383145,954.8690465688696,-6.123273253086649,6.123273253086649,8.206809962227747e-08,1,495.62943993906873,5.884731730862179
222,271416.31412386725,43197.248028596085,16,7,288956.5185383444,45988.85826400241,896.9066986329384,954.8690465688696,-6.070188173363385,6.070188173363385,2.5862917427036863e-08,1,190.4112581913516,6.766615412437268
223,271506.1520287052,43211.54617522807,17,4,288956.5185383444,45988.85826400241,897.2035717921676,954.8690465688696,-6.039097715431381,6.039097715431381,6.551314311736969e-08,1,571.1948147657962,6.869033957912603
224,271518.78948001435,43213.557488071994,4,17,288956.51853834454,45988.858264002425,897.2453327849414,954.86904656887,-6.034724236898013,6.034724236898013,5.0013019196640276e-08,1,955.7121740399036,6.497472959617887
225,271732.51797916583,43247.57343519157,9,15,289490.74236246047,46073.88262632793,897.9516076571668,956.6344118084857,-6.134297849518178,6.134297849518178,5.305260976048056e-08,1,357.53485431228626,5.51450323889694
226,272606.28122841986,43386.63717540238,15,9,289490.74236246047,46073.88262632793,900.8389952993023,956.6344118084857,-5.832470149563615,5.832470149563615,4.898932136817964e-08,1,337.3877514612508,4.453271414344835
227,272627.70677602495,43390.04715721218,12,13,293204.8318318729,46664.99832447048,900.9097969282719,968.9077776715186,-7.01800339622204,7.01800339622204,3.390504558320066e-08,1,385.7498561896306,5.1023773623750985
228,273250.2268739462,43489.1243079704,13,12,293204.8318318729,46664.99832447048,902.9669409421148,968.9077776715186,-6.8056876256967405,6.8056876256967405,2.9131040046962965e-08,1,28.508532411409973,6.256758294605745
229,273251.1805932636,43489.27609711408,17,5,293731.82976501697,46748.87265052956,902.9700925479684,970.6492646485575,-6.972567184202591,6.972567184202591,2.4943309213409947e-08,1,24.46892558580001,5.574840351472269
230,274953.0393943808,43760.135337756336,5,17,293731.8297650171,46748.872650529585,908.5939569931721,970.6492646485578,-6.393175157646056,6.393175157646056,4.54464254885033e-08,1,26.986037690343824,5.693376353858039
231,274957.7800629445,43760.88983859181,11,14,295307.53961959237,46999.65466276385,908.6096227331057,975.8562645602342,-6.891039620208103,6.891039620208103,3.022850453406368e-08,1,33.472518383344934,6.518077945714636
232,276856.6513964923,44063.104597621445,14,11,295307.5396195925,46999.65466276387,914.8845234309459,975.8562645602346,-6.248024769996775,6.248024769996775,1.1561467131240853e-07,1,181.637597226434,5.223256266671765
233,277700.80441376055,44197.45572304562,16,8,296875.4121931016,47249.18933297606,917.6740628081315,981.0373658448884,-6.45880628432407,6.45880628432407,4.724357622452954e-08,1,104.6828661210192,5.4709494384659
234,277897.4536423075,44228.753419824076,8,16,296875.41219310166,47249.189332976064,918.3238985077064,981.0373658448887,-6.392566636151741,6.392566636151741,3.69745302068043e-08,1,32.91180691345834,5.746303353361733
235,277984.8409450431,44242.66154101791,1,18,299471.41932786076,47662.356700774806,918.6126735485584,989.615981306455,-7.1748343902207985,7.1748343902207985,3.2936430252819584e-08,1,57.82806936473391,4.685139876967532
236,278720.1701429396,44359.69281766294,6,17,299471.41932786076,47662.356700774806,921.042600008295,989.615981306455,-6.92929202776534,6.92929202776534,3.2921047255297285e-08,1,427.7542640043013,5.892963219543084
237,279042.50654526666,44410.99424943175,10,15,299471.41932786076,47662.356700774806,922.1077742937599,989.615981306455,-6.821656914187376,6.821656914187376,3.645877608809397e-08,1,517.4725069038263,6.807675098116927
238,279505.2162641963,44484.636788416065,15,10,299471.41932786076,47662.356700774806,923.6368181457119,989.615981306455,-6.667148106646353,6.667148106646353,5.230816911083488e-08,1,1210.8969966214058,7.632340920691468
239,279906.94160625985,44548.57336237076,17,6,299471.4193278609,47662.35670077482,924.9643365429404,989.6159813064553,-6.533003304793457,6.533003304793457,3.2998488044805646e-08,1,72.51996490142709,6.633512422722589
240,279938.0157924952,44553.51897271268,18,1,299471.4193278609,47662.35670077482,925.0670225066749,989.6159813064553,-6.522626960264444,6.522626960264444,2.5953027317720837e-08,1,408.4765599461852,4.674508291618188
241,279950.70699670044,44555.53884059573,2,18,301018.931875367,47908.65097220716,925.1089611281691,994.7298020233757,-6.9989700473024055,6.9989700473024055,2.8805831120468952e-08,1,166.955208733754,6.251926200977215
242,280209.56270131253,44596.737005532275,18,2,301018.931875367,47908.65097220716,925.9643607610002,994.7298020233757,-6.912976883018884,6.912976883018884,2.17721937014154e-08,1,921.5348147648168,4.60763787248397
243,280275.3760869142,44607.2115311724,3,18,303581.6371686237,48316.518187316724,926.1818438794944,1003.1983701400844,-7.677098423698156,7.677098423698156,2.892691196001621e-08,1,444.0498318037976,5.983879425161268
244,280678.95029142214,44671.44236072421,18,3,303581.6371686237,48316.518187316724,927.5154719209297,1003.1983701400844,-7.544160803270296,7.544160803270296,2.779533266029995e-08,1,192.0449611824058,6.089187444728547
245,281602.614009481,44818.44800720792,9,16,305617.23865403363,48640.49422588492,930.5677577744364,1009.9251014123178,-7.8577454433903124,7.8577454433903124,3.1732855896503874e-08,1,429.6626054108091,4.611494372893601
246,282065.7278060462,44892.154857145324,16,9,305617.23865403363,48640.49422588492,932.098136918039,1009.9251014123178,-7.706211518600988,7.706211518600988,5.018184223380279e-08,1,496.5409177490964,4.723454037199484
247,282332.0679271643,44934.544203964964,17,7,306124.1470653684,48721.171205243714,932.9782691220174,1011.6002017141813,-7.772036073039235,7.772036073039235,4.4953083760395415e-08,1,743.860919361004,5.990798362578927
248,282379.74285905267,44942.13190503657,7,17,306124.14706536854,48721.17120524373,933.1358129524448,1011.6002017141816,-7.7564623483444315,7.7564623483444315,2.4968228770839917e-08,1,687.6457419270855,6.259308955893111
249,282397.46432270587,44944.9523635758,13,13,306124.14706536854,48721.17120524373,933.1943742792074,1011.6002017141816,-7.750673368996326,7.750673368996326,2.846082617902207e-08,1,99.62935787404189,6.502739972076943
250,282490.7687431368,44959.8022232997,14,12,307135.5987077057,48882.148733820104,933.5027026859456,1014.9425864793858,-8.024087754159318,8.024087754159318,1.9732847599699267e-08,1,60.10053704812952,5.822849488075146
251,282597.62581668264,44976.80905475886,4,18,307135.5987077058,48882.14873382012,933.8558164085638,1014.9425864793861,-7.989296256854747,7.989296256854747,3.0567743480422695e-08,1,88.5048972135761,6.333938817114009
252,286054.0262953855,45526.91227624961,12,14,307135.5987077058,48882.14873382012,945.2776380942414,1014.9425864793861,-6.863929971329433,6.863929971329433,3.0848783902086404e-08,1,58.08562749891262,6.480173363541049
253,286261.9683436704,45560.00728111081,18,4,307135.5987077058,48882.14873382012,945.9647913946472,1014.9425864793861,-6.796226309116438,6.796226309116438,7.554205819201738e-08,1,1272.7439726324876,5.433945485755984
254,286495.44214083755,45597.1657900124,11,15,310151.2849864509,49362.11011189681,946.7363154399517,1024.908049436589,-7.62719485319778,7.62719485319778,5.2054465564510657e-08,1,787.9547149558099,4.835135434726542
255,287209.62749888195,45710.83192002901,15,11,310151.28498645104,49362.11011189683,949.0963711859127,1024.9080494365894,-7.396924855098145,7.396924855098145,2.3350741229985276e-08,1,125.15825430783816,7.856129297593472
256,287335.54641780985,45730.87253840518,5,18,311648.797050599,49600.44655924573,949.5124755834528,1029.8566414398135,-7.801490287428145,7.801490287428145,4.807713012338801e-08,1,52.39487669373534,5.223664229729883
257,288054.7467611,45845.3368281132,18,5,311648.797050599,49600.44655924573,951.8891035604346,1029.8566414398135,-7.570717587486227,7.570717587486227,1.12624538866699e-07,1,303.6807318414106,6.307022017089314
258,291093.5341514636,46328.97486229488,8,17,313634.9689197998,49916.5556300591,961.930905118813,1036.4200304530086,-7.187156089759974,7.187156089759974,2.154857091472813e-08,1,312.4376475565565,6.738196872710536
259,291418.5888046862,46380.70891713028,17,8,313634.9689197998,49916.5556300591,963.0050619794214,1036.4200304530086,-7.083515014805175,7.083515014805175,9.235922852248267e-08,1,329.83327053112305,6.093137864744508
260,292134.27154789027,46494.61336339678,10,16,315116.8283642469,50152.40088561027,965.3700658980243,1041.3168977118814,-7.293344800294461,7.293344800294461,5.3631718697329723e-08,1,174.0110590915817,6.669923262026812
261,292649.2223947663,46576.57033612645,16,10,315116.82836424705,50152.40088561029,967.071742768557,1041.316897711882,-7.129928949243607,7.129928949243607,4.12477437352035e-08,1,81.0204196280991,6.14121610104636
262,292786.19813612994,46598.370702448155,6,18,317082.44436441804,50465.238388258025,967.5243849038533,1047.8123589857717,-7.662438163988923,7.662438163988923,5.2765069531123515e-08,1,353.7000799014581,6.741672285626116
263,293063.94107709744,46642.57486441201,18,6,317082.44436441816,50465.23838825804,968.4421982086867,1047.8123589857719,-7.574844875270548,7.574844875270548,3.982588832838497e-08,1,163.72392688488037,6.8505874000722855
264,293553.15511838684,46720.43569731319,1,19,318060.93815289665,50620.97051147911,970.0588267157614,1051.0458331278478,-7.705373434674496,7.705373434674496,2.2664518348707397e-08,1,144.08656481170058,6.76871053394834
265,293568.8584121417,46722.93495413709,19,1,318060.93815289665,50620.97051147911,970.1107189146691,1051.0458331278478,-7.700436238096374,7.700436238096374,9.025175872795876e-08,1,352.62270159693134,3.4085334563238456
266,293604.5443544683,46728.61454825726,2,19,319523.35432539636,50853.72127418997,970.2286446216152,1055.8784492715683,-8.111710652778395,8.111710652778395,1.901479276006393e-08,1,399.98316669230286,6.975252418023541
267,294153.97525331,46816.05919169534,13,14,319523.35432539636,50853.72127418997,972.0442622833529,1055.8784492715683,-7.939757369425543,7.939757369425543,4.468749954890111e-08,1,302.28409666762127,6.023877736077342
268,294781.74845966464,46915.97240062733,14,13,319523.35432539636,50853.72127418997,974.1187654163695,1055.8784492715683,-7.743285594246519,7.743285594246519,1.9229817958954748e-08,1,24.82895334477679,7.352977851083336
269,294785.9040538689,46916.63378398643,19,2,319523.35432539636,50853.72127418997,974.1324977533169,1055.8784492715683,-7.74198503384992,7.74198503384992,2.4970162417002148e-08,1,32.66574117750382,7.286634119351047
270,295833.0877875524,47083.29825152758,12,15,321463.42805077875,51162.49359754728,977.5929607268563,1062.2895050172563,-7.973019020744644,7.973019020744644,3.0720099204963605e-08,1,764.5717837004954,6.799452390911431
271,295881.9390744048,47091.07317530655,15,12,321463.4280507789,51162.49359754731,977.7543918720556,1062.2895050172567,-7.957822490567468,7.957822490567468,7.020501833995483e-08,1,816.0070999054294,6.147259350348801
272,296208.5280029601,47143.0514176452,3,19,321946.7133307153,51239.41083877274,978.833618810444,1063.8865416814856,-7.994548247279678,7.994548247279678,1.933258541636797e-08,1,589.5490120963653,6.117895688331305
273,296286.88412936457,47155.522182484005,9,17,321946.7133307153,51239.41083877274,979.0925499468349,1063.8865416814856,-7.970210018883478,7.970210018883478,2.1171612689168205e-08,1,18.881018343948057,5.722993979434298
274,296290.6659515273,47156.124078175104,17,9,321946.7133307153,51239.41083877274,979.10504713825,1063.8865416814856,-7.969035345558313,7.969035345558313,3.554476396857024e-08,1,26.37645480768632,6.002145757692752
275,296551.61975548905,47197.656165994245,19,3,321946.7133307153,51239.41083877274,979.9673800291912,1063.8865416814856,-7.887980378025945,7.887980378025945,2.8679713037518445e-08,1,66.24242101284408,6.011716440920396
276,297172.1739048305,47296.42042631812,7,18,323392.45539428794,51469.5078346262,982.0180274827366,1068.6640575264687,-8.107882868661566,8.107882868661566,4.8019307417997984e-08,1,489.55291782939753,7.522183413667102
277,297305.2097372698,47317.59373665918,18,7,323392.45539428794,51469.5078346262,982.4576500222224,1068.6640575264687,-8.066745287923291,8.066745287923291,2.398720463164076e-08,1,345.03461049935737,6.333876544747444
278,297889.3290882303,47410.559218720184,19,4,325310.6173618942,51774.79279342161,984.3878971422926,1075.0027049410965,-8.42926323648358,8.42926323648358,2.3511081619229538e-08,1,1592.0314432724497,6.334593913726008
279,298880.9655631108,47568.383065447626,4,19,325310.61736189434,51774.792793421635,987.6648018478922,1075.0027049410967,-8.124435658791203,8.124435658791203,2.8168874713373744e-08,1,28.09559069559492,6.507729227620442
280,298894.8937473085,47570.59980481099,11,16,325310.6173618944,51774.79279342164,987.710828122131,1075.002704941097,-8.120154155681766,8.120154155681766,2.1702405693275733e-08,1,26.59941961482519,6.353916847845976
281,299121.8546305326,47606.72175126461,16,11,325310.61736189446,51774.79279342166,988.4608299676297,1075.0027049410971,-8.050386717697547,8.050386717697547,3.215471115417508e-08,1,654.5730547272874,5.045338655722786
282,299575.6317480589,47678.94262258091,19,5,329587.66048426705,52455.50534816444,989.9603556601418,1089.1363749792483,-9.105932149313826,9.105932149313826,1.8967654902126485e-08,1,560.4418218348213,5.631923001033559
283,300071.74903970526,47757.902141899795,5,19,329587.66048426717,52455.505348164465,991.5997962502242,1089.1363749792486,-8.955405490968262,8.955405490968262,3.4635664130953066e-08,1,531.5214890364113,6.173196438040429
284,300315.2127492234,47796.650594733095,8,18,330530.96031559265,52605.63617913766,992.4043323837493,1092.2535492002096,-9.141578609616214,9.141578609616214,1.0282116577190522e-07,1,940.4745314962588,5.357138853990491
285,301624.17215757846,48004.97795487945,18,8,330530.96031559265,52605.63617913766,996.729844154779,1092.2535492002096,-8.745561423478708,8.745561423478708,2.627590513035029e-08,1,144.9692716225736,7.462356927327588
286,302159.9888452322,48090.255829310656,10,17,331001.6501238245,52680.54878878074,998.5004730793786,1093.8089635950448,-8.713449394528073,8.713449394528073,2.358288683413005e-08,1,47.327318697022086,7.236569284385912
287,302281.7626509371,48109.6367324277,17,10,331001.6501238245,52680.54878878074,998.9028797748173,1093.8089635950448,-8.676659908536289,8.676659908536289,2.6276231618799705e-08,1,75.64629717308017,5.309832414996318
288,302392.8847314742,48127.322360831844,14,14,332409.909301907,52904.6801981271,999.270087393569,1098.4626156583363,-9.03012326963159,9.03012326963159,5.8262254267505225e-08,1,382.8330091752979,4.210377870444726
289,302530.03753512714,48149.15090749212,13,15,333345.5983793118,53053.599739993166,999.723314638695,1101.5546398208155,-9.24432810692758,9.24432810692758,1.8645240972773906e-08,1,784.0849780535295,6.3656933868401575
290,302597.88809465856,48159.9496594331,15,13,333345.5983793118,53053.599739993166,999.9475296846703,1101.5546398208155,-9.223973688011807,9.223973688011807,2.099955551700109e-08,1,284.69176341302955,6.307901038575461
291,302625.8814880772,48164.40494636959,6,19,334744.45538525487,53276.234747167735,1000.040035038137,1106.1772220082937,-9.594953218930131,9.594953218930131,3.646031349639559e-08,1,392.4807234757158,6.547284789577354
292,303130.9636728337,48244.79127274124,19,6,334744.45538525487,53276.234747167735,1001.7091004969711,1106.1772220082937,-9.444067318766333,9.444067318766333,2.532016536737325e-08,1,48.42363064673077,6.7118527676245545
293,303202.9125971143,48256.24229969064,16,12,336137.7581817748,53497.98577445765,1001.9468587627372,1110.7814500756324,-9.798020241109063,9.798020241109063,3.3782423967722195e-08,1,37.51642422131391,5.812240943499559
294,305164.3439875072,48568.413801007286,12,16,336137.758181775,53497.98577445767,1008.4284918164875,1110.781450075633,-9.214500138814557,9.214500138814557,2.814344780937428e-08,1,58.73700336455614,6.840798162844271
295,305636.0121344248,48643.48211808821,20,1,336600.969243601,53571.70810464214,1009.9871391729214,1112.312150636407,-9.199307173345238,9.199307173345238,1.9309405411543145e-08,1,1317.335112077957,5.952376030566921
296,306421.68022334954,48768.525078070146,1,20,336600.9692436011,53571.708104642144,1012.5834126288239,1112.3121506364073,-8.96589486598018,8.96589486598018,2.0238439117328985e-08,1,79.69659302149962,6.886272630765835
297,307028.1849336816,48865.05330072802,2,20,337986.965494944,53792.29625915021,1014.5876331164732,1116.8922339159344,-9.159755766299064,9.159755766299064,2.1858092362017116e-08,1,89.97411231935905,6.275410200991115
298,307078.2108386042,48873.01517077909,20,2,337986.965494944,53792.29625915021,1014.7529458368049,1116.8922339159344,-9.14495463192712,9.14495463192712,2.9703886734494296e-08,1,96.61919462617276,6.638689333808434
299,308483.8825714359,49096.7347754238,9,18,338447.75961736834,53865.633921481734,1019.3980475777427,1118.4149475981505,-8.853324093445943,8.853324093445943,5.822845064789341e-08,1,808.7812198222541,5.998438584064518
300,308715.8907592741,49133.66002535605,18,9,338447.75961736834,53865.633921481734,1020.1647284549828,1118.4149475981505,-8.784773429053754,8.784773429053754,3.828681774121254e-08,1,223.64737793945207,5.229810913429889
301,308934.0410800001,49168.37972723668,3,20,340284.9735799135,54158.03560513824,1020.8856154237699,1124.4860989036565,-9.213140436408622,9.213140436408622,2.7348770309442783e-08,1,349.0853902231507,6.182623965839447
302,309153.5647635823,49203.318006604524,20,3,340284.9735799135,54158.03560513824,1021.6110407282473,1124.4860989036565,-9.148628718105952,9.148628718105952,2.4560662590175922e-08,1,10.988058354226933,5.6699335470447805
303,309153.8032995562,49203.35597078387,7,19,340742.7976463153,54230.90056837252,1021.6118289804698,1125.9989979100285,-9.270627160709038,9.270627160709038,1.9435785368975788e-08,1,10.723972615113242,5.780667730540695
304,309381.0204318942,49239.51870055064,11,17,340742.7976463153,54230.90056837252,1022.3626776120121,1125.9989979100285,-9.203944274406654,9.203944274406654,5.3458668036599945e-08,1,1166.1678457585076,6.703192348280067
305,310550.4798469063,49425.64394719517,17,11,340742.7976463153,54230.90056837252,1026.2272057502323,1125.9989979100285,-8.86073543093582,8.86073543093582,1.8801692503130016e-08,1,14.299506110717008,6.807745829175383
306,310557.1272879221,49426.701920291736,19,7,340742.7976463153,54230.90056837252,1026.2491725004443,1125.9989979100285,-8.85878456328383,8.85878456328383,1.8715470521345454e-08,1,19.529263919738263,7.173348844773355
307,311382.3565339778,49558.0412339855,4,20,343477.48432755336,54666.13947149913,1028.9761774746455,1135.0358858030138,-9.34417225525282,9.34417225525282,2.5855311729625696e-08,1,568.3483650881365,5.872442632968335
308,311944.86383823195,49647.56705198285,20,4,343477.48432755336,54666.13947149913,1030.8350066715716,1135.0358858030138,-9.180403935662554,9.180403935662554,1.9922389235650435e-08,1,451.76733580161294,5.692073926831772
309,312456.2591090031,49728.958137199894,15,14,345740.57435898494,55026.32143666346,1032.5249339903642,1142.5143626047955,-9.626962444801885,9.626962444801885,2.1830292028727613e-08,1,481.21284577375496,5.991344503575518
310,312646.79181547626,49759.282359255776,14,15,345740.57435898506,55026.32143666348,1033.154557383844,1142.514362604796,-9.571853869007366,9.571853869007366,2.3993585413061542e-08,1,113.55522642806632,5.662175052486987
311,312657.8585527978,49761.0436852044,10,18,347091.64462350874,55241.350947726896,1033.19112788576,1146.9790314825186,-9.920661186777153,9.920661186777153,2.416386061389345e-08,1,199.7606885461432,5.671227062200781
312,312744.7881034453,49774.87895289071,18,10,347091.64462350874,55241.350947726896,1033.4783902654608,1146.9790314825186,-9.895616057632148,9.895616057632148,2.2422381095804627e-08,1,336.50896024268354,5.893149031263718
313,312833.6129796138,49789.01587100245,16,13,347540.8830683206,55312.84946684561,1033.771915828572,1148.463558938931,-9.986528716359365,9.986528716359365,2.063904219034617e-08,1,24.577486532555465,6.519164556371188
314,313061.07837352913,49825.21811282642,5,20,347540.8830683207,55312.84946684563,1034.523584851005,1148.4635589389316,-9.921078749176516,9.921078749176516,3.3689842888801825e-08,1,87.55513190201586,6.395533018924962
315,313552.3314733264,49903.40347196837,8,19,347540.8830683207,55312.84946684563,1036.146951513229,1148.4635589389316,-9.779727580513937,9.779727580513937,2.7542787142711978e-08,1,160.76632057067334,6.275611448401038
316,313674.18709400954,49922.79739634362,13,16,347540.8830683207,55312.84946684563,1036.549628569726,1148.4635589389316,-9.744665339891412,9.744665339891412,3.0510688334196294e-08,1,81.75282031191982,6.94094225861391
317,313739.1269861335,49933.13290117901,19,8,347540.8830683207,55312.84946684563,1036.7642251920497,1148.4635589389316,-9.725979799488035,9.725979799488035,4.642548391847087e-08,1,93.40322030267146,5.949497987737456
318,314935.9668179489,50123.615876501695,20,5,347540.8830683207,55312.84946684563,1040.719233076565,1148.4635589389316,-9.38160597467384,9.38160597467384,2.928761012343436e-08,1,147.90874240368026,6.109617741989941
319,315583.71338443644,50226.70794442899,12,17,351114.94926074974,55881.67976830834,1042.8597390235805,1160.2742119562154,-10.119545166368459,10.119545166368459,4.0167420271057716e-08,1,72.89687717134883,5.757230430569662
320,315950.1406807416,50285.02665991976,17,12,351114.9492607498,55881.67976830836,1044.0706135344915,1160.2742119562156,-10.015184102541202,10.015184102541202,7.459137506426678e-08,1,285.12869244616536,6.062152856528569
321,316061.21297903074,50302.704365233054,20,6,352446.25934024854,56093.56434824864,1044.4376566456976,1164.673582466107,-10.323572855994472,10.323572855994472,3.0480573895750265e-08,1,295.87534217311514,5.704419671275196
322,316193.58029761934,50323.771278290245,6,20,352446.2593402486,56093.564348248656,1044.8750700528667,1164.6735824661073,-10.286016117887417,10.286016117887417,2.0597714296077857e-08,1,380.2235269557356,5.98372780937664
323,316369.0578528881,50351.699398612946,9,19,355094.50172016415,56515.04521351766,1045.4549430619313,1173.424811506326,-10.905672625084492,10.905672625084492,2.6017487210396e-08,1,99.44365813928364,6.623794068841985
324,316413.84165120113,50358.8269614849,1,21,355094.50172016426,56515.045213517675,1045.6029330190822,1173.4248115063263,-10.893060827916106,10.893060827916106,1.9323313963460727e-08,1,108.74930781803978,5.797175385722658
325,319507.7563779892,50851.23878375803,19,9,355094.50172016426,56515.045213517675,1055.8269051941259,1173.4248115063263,-10.021767492817872,10.021767492817872,6.100349431039424e-08,1,612.7807198972054,4.992417918965471
326,319880.1598268571,50910.50863346983,21,1,355094.50172016426,56515.045213517675,1057.0575281541414,1173.4248115063263,-9.916893030649664,9.916893030649664,3.6117909473047315e-08,1,80.29654073955055,6.5565650816306045
327,320151.61890683224,50953.71268789505,18,11,356411.5340709861,56724.65742236291,1057.95457617434,1177.777000657452,-10.173608791496639,10.173608791496639,2.533212090618013e-08,1,746.8523237796259,6.04008130054945
328,320311.0330722129,50979.084240314245,21,2,356411.5340709861,56724.65742236291,1058.4813670315823,1177.777000657452,-10.12888123636963,10.12888123636963,2.3167943840141425e-08,1,888.3724291514679,5.937313160198191
329,320683.5991869329,51038.37997910048,2,21,356411.53407098615,56724.65742236292,1059.7125275277917,1177.7770006574522,-10.024348672435881,10.024348672435881,2.1074299598437678e-08,1,110.152213311695,6.738255508129152
330,320916.6688736692,51075.47417182944,11,18,356411.53407098615,56724.65742236292,1060.482716173072,1177.7770006574522,-9.958955253745382,9.958955253745382,1.9690458294332385e-08,1,17.754729755271033,5.646779280440537
331,321418.9274208142,51155.41110231772,20,7,358160.33567779564,57002.9878425737,1062.142450801899,1183.5559895910783,-10.258368835692172,10.258368835692172,2.580277735244004e-08,1,647.8497855757769,6.816049418957264
332,321442.18579485005,51159.11278751381,7,20,358160.3356777957,57002.987842573704,1062.2193090833898,1183.5559895910785,-10.251874991533844,10.251874991533844,2.3943346193687374e-08,1,57.1451391469428,6.907458769899543
333,321537.7973707281,51174.32984243161,3,21,358596.25478434487,57072.366523169214,1062.535261582961,1184.9965027304163,-10.33431245284568,10.33431245284568,2.9702753198697785e-08,1,50.32626571857014,6.143579657623753
334,321722.9362701484,51203.795613432936,15,15,358596.25478434487,57072.366523169214,1063.1470609127236,1184.9965027304163,-10.282683665051549,10.282683665051549,3.678723758534376e-08,1,322.3756442623303,5.903415062524714
335,322021.9276033163,51251.38156204825,21,3,358596.25478434487,57072.366523169214,1064.1350904289932,1184.9965027304163,-10.199305400728155,10.199305400728155,2.4443291509129028e-08,1,56.72680205442672,6.9572402905371415
336,323873.62660154013,51546.08861073388,14,16,359466.56769580126,57210.881125064196,1070.2541081480272,1187.8724885852523,-9.901599840678841,9.901599840678841,3.423153990204164e-08,1,657.9604917406517,5.8610804757065775
337,324288.4814909272,51612.11481704568,16,14,359466.56769580126,57210.881125064196,1071.6250136901388,1187.8724885852523,-9.786191364155885,9.786191364155885,2.0083238247264063e-08,1,519.707263165016,4.581673837898167
338,324679.9285277541,51674.41554791535,4,21,361633.5327053977,57555.76431784864,1072.918566992649,1195.033316183564,-10.218522574826485,10.218522574826485,3.2280299247728e-08,1,605.063670048884,4.586837532266927
339,325597.8993097501,51820.51513548395,21,4,361633.5327053977,57555.76431784864,1075.9520402979633,1195.033316183564,-9.964682513278913,9.964682513278913,2.056002226282498e-08,1,63.94339099720455,7.504820955354623
340,326066.8216681701,51895.1464467528,13,17,362065.42777394236,57624.50255290454,1077.501614080082,1196.4605317189848,-9.942569310497158,9.942569310497158,2.7766082090104518e-08,1,32.35980141559192,5.92602555406263
341,326685.2093839745,51993.56590847037,17,13,362065.42777394236,57624.50255290454,1079.5451024623026,1196.4605317189848,-9.771774843981435,9.771774843981435,2.2988819132004675e-08,1,81.41625923484892,6.129989061853306
342,326783.8548879668,52009.26582804455,10,19,363358.1472467727,57830.24524703664,1079.871080705749,1200.732377935663,-10.065631563771321,10.065631563771321,2.8607366743579424e-08,1,50.01874227046944,6.324217061490322
343,327457.5435318218,52116.48670581894,19,10,363358.1472467727,57830.24524703664,1082.0973133455109,1200.732377935663,-9.880225333318089,9.880225333318089,2.096021886212214e-08,1,855.6195779326841,6.672932281470999
344,327611.4120476525,52140.97564069962,8,20,364646.45270038466,58035.28542819123,1082.6057783690771,1204.9896378389958,-10.15642422364722,10.15642422364722,4.109674798367744e-08,1,407.4699410408238,6.15840385966515
345,327990.7394659235,52201.34747436773,20,8,364646.4527003848,58035.285428191244,1083.8592818790657,1204.9896378389963,-10.052398141544455,10.052398141544455,6.410624848168776e-08,1,798.363544300012,5.207259581662897
346,328144.3917695953,52225.801998014555,5,21,365502.8924568045,58171.59204888587,1084.367032420401,1207.8197792657854,-10.221123131501402,10.221123131501402,1.4659635783222496e-08,1,1196.2662185734896,6.034485702443438
347,328429.12434327364,52271.118594574735,21,5,365502.8924568045,58171.59204888587,1085.3079432623872,1207.8197792657854,-10.143221539050407,10.143221539050407,2.984928736658516e-08,1,878.4882177457052,5.688240194914818
348,328627.3913522724,52302.67376910894,12,18,366357.40275177814,58307.59158625383,1085.9631249859433,1210.643544705555,-10.298689508143848,10.298689508143848,3.1557526069943803e-08,1,1019.5539974733208,7.321498410516845
349,329426.86070643127,52429.9132686738,18,12,366357.40275177814,58307.59158625383,1088.605005306997,1210.643544705555,-10.080468353568053,10.080468353568053,1.586074201243826e-08,1,532.755997955258,4.959397615220589
350,329525.6516977088,52445.636343268576,6,21,370179.15881494916,58915.84295499892,1088.9314643193356,1223.272699385015,-10.982116672203805,10.982116672203805,2.3072208895651632e-08,1,556.855273545249,4.880720734153306
351,330764.7688316089,52642.847960198626,21,6,370179.15881494916,58915.84295499892,1093.026179338119,1223.272699385015,-10.647382232299943,10.647382232299943,2.2762726690469745e-08,1,109.8782209072395,6.623409481991587
352,331212.1972286533,52714.05840126793,15,16,371865.5520253193,59184.24077042594,1094.5047254150677,1228.8454571309617,-10.932272315962747,10.932272315962747,2.2501576752220667e-08,1,33.49030065841713,6.07734893490019
353,331334.07624306536,52733.45604887078,16,15,371865.5520253193,59184.24077042594,1094.9074797771325,1228.8454571309617,-10.899497294520659,10.899497294520659,3.104800534943386e-08,1,802.7188249950212,5.100375116254631
354,331803.1412565668,52808.110064401,20,9,371865.5520253193,59184.24077042594,1096.4575249690063,1228.8454571309617,-10.7733589601289,10.7733589601289,3.7365712571523165e-08,1,619.0909588573046,4.894609149346684
355,331940.1352027422,52829.91332810848,9,20,371865.5520253195,59184.24077042597,1096.9102272628736,1228.8454571309621,-10.736519315953963,10.736519315953963,2.3715143426679665e-08,1,283.1827464805428,6.02820688675106
356,333816.1471356348,53128.48990052772,11,19,372285.99814269756,59251.156848310486,1103.1095881036474,1230.2348391226376,-10.33341334323223,10.33341334323223,4.6808879244368625e-08,1,1121.2661289152536,5.73089644539406
357,333820.78512727615,53129.22805982346,19,11,372285.99814269756,59251.156848310486,1103.124914543345,1230.2348391226376,-10.332167529082744,10.332167529082744,2.3403127441944773e-08,1,93.81907143197172,5.056777214076162
358,334397.35191461013,53220.99151405028,1,22,373544.5947566759,59451.46872078386,1105.0302038972234,1234.3939249078742,-10.479938243401962,10.479938243401962,2.0765334737737138e-08,1,39.91138127712513,6.273106727829625
359,334414.93241157563,53223.789537044344,22,1,373544.5947566759,59451.46872078386,1105.0882993935998,1234.3939249078742,-10.475231844965926,10.475231844965926,2.5000992161170962e-08,1,24.004246395058185,5.524049589900872
360,335195.1207716161,53347.96037108755,14,17,373544.59475667594,59451.468720783865,1107.6664648534563,1234.3939249078744,-10.26637100987645,10.26637100987645,2.0953476052098563e-08,1,676.5205336343508,6.294485107920583
361,335344.5921208697,53371.74947517188,17,14,373544.59475667594,59451.468720783865,1108.1603992539438,1234.3939249078744,-10.226356684585252,10.226356684585252,2.0973854986298742e-08,1,914.999862400896,6.193865654024378
362,335583.6620777151,53409.798640548586,2,22,374799.1091742506,59651.13089152093,1108.9504160457811,1238.5395209023025,-10.46305771188576,10.46305771188576,3.0996293026460296e-08,1,194.1188706328205,4.853830385510343
363,337505.4004021104,53715.652794205234,22,2,374799.1091742506,59651.13089152093,1115.3008816827996,1238.5395209023025,-9.9503194802957,9.9503194802957,1.520174935872188e-08,1,1086.4308404579142,4.681928787331072
364,337567.3558071341,53725.513303166015,7,21,375633.20331591886,59783.88109717142,1115.5056159411718,1241.295820299292,-10.133781351796598,10.133781351796598,2.310280969859201e-08,1,51.43268699051645,6.5715545368964055
365,337945.56825770746,53785.70768421367,21,7,375633.20331591886,59783.88109717142,1116.7554349932086,1241.295820299292,-10.03309471194829,10.03309471194829,7.30367129446939e-08,1,1030.9278958921236,5.7799184808578525
366,338091.98720178235,53809.01098292548,3,22,376880.9995432537,59982.47403472317,1117.2392825915795,1245.4192157497023,-10.292111406114978,10.292111406114978,1.4575238429312424e-08,1,1267.0537236594707,6.050389989232632
367,339327.97797884454,54005.72502471092,13,18,376880.9995432537,59982.47403472317,1121.3236664318586,1245.4192157497023,-9.964158875061376,9.964158875061376,2.5969531517280966e-08,1,64.14533194765302,6.195681506818652
368,340256.3966279006,54153.48744196689,18,13,376880.9995432537,59982.47403472317,1124.391665156114,1245.4192157497023,-9.717816223088677,9.717816223088677,1.874730765118227e-08,1,256.273380567812,7.47698655732142
369,340822.2230902943,54243.541520389044,22,3,376880.9995432537,59982.47403472317,1126.2614626516067,1245.4192157497023,-9.567682238335019,9.567682238335019,2.1319790179250076e-08,1,145.48170623877616,7.154845625390829
370,340885.3138970657,54253.582734150375,4,22,379777.10791110276,60443.403997196154,1126.469948893114,1254.989528438811,-10.240689394880736,10.240689394880736,4.08929558504629e-08,1,343.8154349879145,5.539789838829891
371,341811.71319808107,54401.023762183846,20,10,379777.10791110276,60443.403997196154,1129.531274596293,1254.989528438811,-9.996757024625232,9.996757024625232,3.1543613617454554e-08,1,1190.832833190895,3.6775682341873113
372,342184.91117095,54460.420064317805,22,4,379777.10791110276,60443.403997196154,1130.7645230945009,1254.989528438811,-9.898489392086345,9.898489392086345,2.39892186329808e-08,1,49.76934788906645,5.621509587596837
373,342249.8310971979,54470.75239148532,10,20,379777.1079111028,60443.40399719617,1130.9790537387419,1254.9895284388112,-9.881395174216044,9.881395174216044,1.575281843597875e-07,1,866.5189551229388,5.994838091473183
374,342373.8743847346,54490.49449385416,19,12,381832.7460490752,60770.56896806269,1131.3889600329574,1261.782471677556,-10.33407220114881,10.33407220114881,2.985682986205857e-08,1,42.44821152756883,6.393353703406139
375,342662.2703875514,54536.394143270394,12,19,381832.7460490753,60770.568968062704,1132.3419768315987,1261.7824716775563,-10.258542795721734,10.258542795721734,5.129585273363254e-08,1,552.4219096115039,5.550505618400118
376,342979.43106934935,54586.87183353294,8,21,381832.74604907533,60770.56896806271,1133.390047729495,1261.7824716775565,-10.175480071248884,10.175480071248884,7.348823050488295e-08,1,1824.029520286202,6.625309158051414
377,344058.37301137287,54758.590776915145,21,8,381832.7460490754,60770.56896806272,1136.9554570467674,1261.7824716775567,-9.892910817252847,9.892910817252847,2.5580216609577826e-08,1,56.86600055855374,6.246153814847648
378,344237.0000569254,54787.020154184735,5,22,383469.5770711912,61031.07871623861,1137.5457376797879,1267.1914490745303,-10.230949040054425,10.230949040054425,2.207924990729835e-08,1,27.759720919353235,5.701026602526267
379,345403.4324938416,54972.66364230268,22,5,383469.5770711912,61031.07871623861,1141.400263040763,1267.1914490745303,-9.926770428070395,9.926770428070395,1.4837878915954418e-08,1,1039.884631017701,5.8438762119296666
380,345974.942504003,55063.62228544636,16,16,384692.7748564753,61225.75669014563,1143.2888420604295,1271.233557931972,-10.06461126464294,10.06461126464294,6.481450399255682e-08,1,651.7355423072534,5.806256826446719
381,348395.73719793995,55448.90372719706,15,17,385506.15170378325,61355.209635991196,1151.2884605948416,1273.9213961528185,-9.626413052510342,9.626413052510342,1.6296035243880784e-08,1,2667.9877160447927,6.611670008625687
382,348569.45195676334,55476.55128975182,17,15,385506.15170378325,61355.209635991196,1151.8625083684365,1273.9213961528185,-9.581351577341742,9.581351577341742,1.7674103869771265e-08,1,1043.7469554918123,5.126839362005555
383,348583.7984977074,55478.83461265934,6,22,387936.3677879581,61741.99053856906,1151.9099171202517,1281.9521480700641,-10.144078399929873,10.144078399929873,4.842306494836172e-08,1,972.4601795095048,5.327034698194172
384,349750.9484199401,55664.592292111985,14,18,387936.3677879581,61741.99053856906,1155.7668134418254,1281.9521480700641,-9.843217222905434,9.843217222905434,1.611690534028151e-08,1,1070.364114359486,5.330437420772366
385,350117.38239739026,55722.91207094001,18,14,387936.3677879581,61741.99053856906,1156.9777100308631,1281.9521480700641,-9.748759985101302,9.748759985101302,4.660730462114416e-08,1,1099.243894706368,6.837099981708662
386,350423.80765154224,55771.681164826485,22,6,387936.3677879581,61741.99053856906,1157.9903052536904,1281.9521480700641,-9.66977144997137,9.66977144997137,1.2468772855146192e-08,1,1930.873491193195,6.646335022515487
387,350596.1067788665,55799.10342263056,11,20,388339.9708279963,61806.22595743805,1158.5596750130749,1283.2858713997298,-9.719283845197424,9.719283845197424,2.096256427648638e-08,1,1946.6956582187693,7.258916225269466
388,352250.884261522,56062.469438712345,20,11,388339.9708279963,61806.22595743805,1164.0279572485463,1283.2858713997298,-9.29316817157071,9.29316817157071,2.6672524559981423e-08,1,701.6772210846931,6.739115164499266
389,352359.1434490359,56079.699423540296,9,21,388743.1676793288,61870.39672936671,1164.385704316121,1284.6182524616243,-9.359399021079605,9.359399021079605,2.1529622722646113e-08,1,33.21999283737121,4.698773433406735
390,353316.49200358574,56232.066178258785,21,9,388743.1676793288,61870.39672936671,1167.5493031376366,1284.6182524616243,-9.113131399126287,9.113131399126287,3.092276042768097e-08,1,50.77621611253237,6.421938367474567
391,353719.0025746405,56296.12772528889,1,23,391954.26235910045,62381.45832038845,1168.879416357304,1295.2294507513386,-9.755030996302718,9.755030996302718,1.9070071423968218e-08,1,32.62050559873322,6.65262901672014
392,353994.4278058519,56339.96301228841,13,19,391954.26235910045,62381.45832038845,1169.7895706921436,1295.2294507513386,-9.684761258820181,9.684761258820181,2.116791684526336e-08,1,265.75359743466663,5.392779180671927
393,354745.8291195714,56459.55224561262,19,13,391954.26235910045,62381.45832038845,1172.272608138924,1295.2294507513386,-9.49305488236773,9.49305488236773,1.2957049564898873e-08,1,1358.5124236370689,4.966778434115007
394,354840.52170577785,56474.62303878153,23,1,391954.26235910045,62381.45832038845,1172.585523798226,1295.2294507513386,-9.46889579155023,9.46889579155023,3.3491709485545315e-08,1,1272.9300439125357,4.287431076615892
395,354897.30728838977,56483.66074495057,2,23,393151.8633832651,62572.062443236166,1172.7731741596083,1299.1869740281918,-9.730223778078026,9.730223778078026,2.117337048160213e-08,1,74.58446511815696,6.50710369021206
396,355670.2064629742,56606.671469097324,7,22,393151.8633832651,62572.062443236166,1175.327252197586,1299.1869740281918,-9.533633288099619,9.533633288099619,2.2094430093759626e-08,1,73.8950953654429,6.056484269670947
397,356949.2031275469,56810.230110462115,22,7,393151.8633832651,62572.062443236166,1179.5537508135126,1299.1869740281918,-9.20831455412077,9.20831455412077,4.3576986169946966e-08,1,263.06299422302925,5.161759113053939
398,357222.92971474974,56853.79504987112,23,2,393151.8633832651,62572.062443236166,1180.4582919073252,1299.1869740281918,-9.13869092704513,9.13869092704513,1.981121752223639e-08,1,46.52503820851014,5.7396922047394
399,358182.0212906807,57006.43921505833,3,23,395140.03653199406,62888.49002757896,1183.6276506167737,1305.7569763542988,-9.35314365147125,9.35314365147125,3.32068450226547e-08,1,32.81665306838919,4.697435282451566
400,358367.3217811257,57035.93070407,23,3,395140.03653199406,62888.49002757896,1184.239983930917,1305.7569763542988,-9.30624876021415,9.30624876021415,1.3028743210132552e-08,1,2694.9101631389885,6.330759498293096
401,358538.7760582617,57063.21849979045,10,21,396328.2926175033,63077.606857246785,1184.8065618470935,1309.6836188858092,-9.534902570206441,9.534902570206441,1.493582774755084e-08,1,1457.4344413809715,6.086401201343162
402,358955.5207195064,57129.5454726347,21,10,396328.2926175033,63077.606857246785,1186.1837122202996,1309.6836188858092,-9.429751192167693,9.429751192167693,3.3714960891798184e-08,1,539.6596553554168,5.819847039734042
403,359741.6830536274,57254.66709418272,12,20,397513.09924255614,63266.17468823197,1188.7816189303737,1313.5988625292316,-9.501929939139265,9.501929939139265,1.4581397267309522e-08,1,850.7896645776541,5.714303641937272
404,360931.1032262246,57443.96919406478,20,12,397513.09924255614,63266.17468823197,1192.7121082369404,1313.5988625292316,-9.202714598848942,9.202714598848942,1.0213539440952604e-08,1,960.64879470665,5.818548395173047
405,360933.18881571526,57444.30112594148,4,23,397907.2733118278,63328.9094397952,1192.719000155692,1314.9014274258861,-9.292135875872033,9.292135875872033,4.327726457167996e-08,1,849.6101864237196,5.209411516708804
406,362511.3255504741,57695.46938815325,16,17,397907.2733118278,63328.9094397952,1197.9340197956608,1314.9014274258861,-8.895526705694309,8.895526705694309,1.3213603939757795e-08,1,1544.2307810744064,5.911649835721897
407,362923.6501766434,57761.092890566615,17,16,397907.2733118278,63328.9094397952,1199.2965639758672,1314.9014274258861,-8.791903411066524,8.791903411066524,2.1723957970882696e-08,1,1378.253010817588,5.735215028733478
408,363160.91928814864,57798.855442505694,23,4,397907.2733118278,63328.9094397952,1200.0806297980514,1314.9014274258861,-8.732274163897854,8.732274163897854,1.3293823604434292e-08,1,2011.6602870782212,4.793283358552133
409,363473.1985277756,57848.556227117304,8,22,399087.5261488564,63516.75251290653,1201.1125697636705,1318.801622884028,-8.923939057868951,8.923939057868951,1.5321393959631308e-08,1,1078.1326371245696,3.792236799514837
410,363598.65476689534,57868.52320771493,22,8,399087.5261488564,63516.75251290653,1201.5271452161999,1318.801622884028,-8.892503287292424,8.892503287292424,6.296309747484868e-08,1,1195.569053499292,3.891499310998369
411,363633.248691373,57874.029001796494,18,15,399480.1908535932,63579.24704164311,1201.641462303941,1320.0992000216881,-8.973396674719679,8.973396674719679,1.3308177106596737e-08,1,1987.9499000649892,5.776075639180431
412,363838.421528711,57906.68327304703,15,18,399480.19085359323,63579.247041643124,1202.3194646295565,1320.0992000216884,-8.922036721952173,8.922036721952173,3.2938580207153e-08,1,1712.7244833692057,5.748806033516219
413,365242.64411620615,58130.172239048174,5,23,401437.9149356817,63890.828506517544,1206.9597776083897,1326.5685821182221,-9.016405644014647,9.016405644014647,6.99391856685822e-08,1,1347.3501010327866,5.473704344519833
414,366421.7897176025,58317.839090135465,23,5,401437.9149356817,63890.828506517544,1210.856314159517,1326.5685821182221,-8.722675142354074,8.722675142354074,2.8052033520817272e-08,1,173.34827062954415,4.737775242725525
415,366569.7640226636,58341.389932236525,14,19,402608.1072043317,64077.07039044111,1211.3453015141029,1330.4355320023096,-8.951221432651877,8.951221432651877,2.551040939859665e-08,1,94.55781197881842,6.495190099606671
416,366573.2433662746,58341.94368697093,19,14,402608.1072043318,64077.07039044113,1211.3567991523405,1330.4355320023099,-8.95035723157179,8.95035723157179,1.9986755283160272e-08,1,36.8368031448049,6.44205300121952
417,366782.4514385799,58375.24018581305,21,11,404551.11256058223,64386.30929734241,1212.0481360827102,1336.856275446292,-9.335942962299091,9.335942962299091,1.9992194398497308e-08,1,706.115001511456,6.479522826232249
418,369397.5874952055,58791.45201608286,11,21,404551.1125605823,64386.30929734242,1220.6899638762807,1336.8562754462923,-8.689513876967142,8.689513876967142,1.2479215805947417e-08,1,1445.2108239930465,6.117284065402759
419,369853.4942551031,58864.011830509575,9,22,405712.570860779,64571.16112701383,1222.196527062153,1340.694363561931,-8.83854215549583,8.83854215549583,2.1488078198644504e-08,1,35.03911102138593,5.423341172757239
420,370257.5748469376,58928.323254107534,6,23,405712.57086077903,64571.161127013846,1223.5318284819436,1340.6943635619311,-8.738944405547608,8.738944405547608,1.8525349308492438e-08,1,177.3167140425699,7.144618092769688
421,370589.55493164266,58981.15952559641,22,9,405712.57086077903,64571.161127013846,1224.6288707240278,1340.6943635619311,-8.657117982471615,8.657117982471615,9.502760282908965e-08,1,1541.5279054870855,5.950277492892098
422,370631.2825021789,58987.800674710474,23,6,405712.57086077903,64571.161127013846,1224.766761247125,1340.6943635619311,-8.646832974430643,8.646832974430643,2.1378314432669448e-08,1,455.1717498669249,6.733995852939154
423,370670.4296832667,58994.0311420887,13,20,407256.1680979648,64816.832257454946,1224.896124764066,1345.795245970169,-8.98347067045464,8.98347067045464,2.9501236744900285e-08,1,668.4910541640088,6.39293926559301
424,370737.65845266986,59004.7309330572,20,13,407256.1680979648,64816.832257454946,1225.1182850782432,1345.795245970169,-8.966962935355822,8.966962935355822,1.7433362331476154e-08,1,2094.7899207580035,5.1584387793003215
425,371184.286482514,59075.81399173029,1,24,410326.403783911,65305.475443330426,1226.5941863079004,1355.9409697524557,-9.539263605861043,9.539263605861043,2.7516591386869828e-08,1,188.5895134540324,6.140126244676141
426,371340.3846646018,59100.65778901723,24,1,410326.403783911,65305.475443330426,1227.1100193579914,1355.9409697524557,-9.501221164368534,9.501221164368534,2.636721957838117e-08,1,1131.74097386045,6.092294569581815
427,372256.0762971297,59246.39463868192,7,23,410708.6118344811,65366.30574386818,1230.1359611174155,1357.203992433809,-9.362485818254072,9.362485818254072,2.127270532421428e-08,1,53.657165296280304,6.624250210693259
428,373707.1353297304,59477.33785643848,23,7,410708.6118344812,65366.305743868186,1234.9310471116107,1357.2039924338092,-9.009179607770841,9.009179607770841,1.094109146991963e-07,1,2454.5668547417063,7.247415269014291
429,373923.6805926796,59511.80210543997,17,17,410708.61183448124,65366.30574386819,1235.6466300990346,1357.2039924338092,-8.956454815373151,8.956454815373151,2.0879437954851965e-08,1,25.49387530508639,5.303047228181098
430,374605.95119621424,59620.3888445188,16,18,411471.99057965394,65487.80124461372,1237.9012221878186,1359.7266098098116,-8.959550158324332,8.959550158324332,7.610519875247107e-08,1,2165.007210167409,6.132966516998953
431,375249.74463048566,59722.85175191321,18,16,411471.99057965394,65487.80124461372,1240.028664842096,1359.7266098098116,-8.803089099246062,8.803089099246062,5.939086087129218e-08,1,1772.842454922324,5.8298871688648966
432,376844.8857395824,59976.72634435504,2,24,411471.990579654,65487.80124461373,1245.2998761568322,1359.7266098098119,-8.415422102313997,8.415422102313997,2.1188642088121652e-08,1,1525.268635023201,6.121315741569495
433,376953.64155118505,59994.03536936157,24,2,411471.990579654,65487.80124461373,1245.6592643397294,1359.7266098098119,-8.388991187429756,8.388991187429756,1.4772836493997316e-08,1,1619.9403848445502,5.07389596947611
434,377410.8384496368,60066.80051571645,10,22,412994.624312156,65730.13592965988,1247.1700908430635,1364.7582174294712,-8.616040928325425,8.616040928325425,4.4963449636441794e-08,1,1149.451389007977,5.279920207715027
435,377819.1777069684,60131.789726979245,22,10,412994.624312156,65730.13592965988,1248.5194652032517,1364.7582174294712,-8.517168150498904,8.517168150498904,1.225538625165036e-08,1,1753.6306594736027,5.780725677717173
436,378035.8880609682,60166.28025103751,3,24,413374.42892962997,65790.58371194,1249.2355937410402,1366.013297864425,-8.548797021665223,8.548797021665223,9.822015948084252e-08,1,1572.0150904958427,5.478657569572273
437,380657.20446342736,60583.475713896754,12,21,413374.42892962997,65790.58371194,1257.8978447490215,1366.013297864425,-7.914670617367148,7.914670617367148,2.283097763596834e-08,1,2549.057604007633,6.261146997770855
438,380901.5312152545,60622.36152417963,21,12,413374.42892962997,65790.58371194,1258.7052328423879,1366.013297864425,-7.855565182988973,7.855565182988973,7.521315337665527e-08,1,1807.5478730325249,5.5066739662561925
439,381221.59915323695,60673.30191863477,24,3,413374.42892963,65790.58371194001,1259.7629108914057,1366.013297864425,-7.7781370898165765,7.7781370898165765,2.40057525663663e-08,1,26.677956404676745,5.582181830755436
440,381230.8026097965,60674.76669423975,15,19,413753.89382240217,65850.97742535452,1259.793324103174,1367.2672556647217,-7.860491876498375,7.860491876498375,2.760061497536969e-08,1,33.94354012141065,6.262863279933168
441,381673.1474485766,60745.16806188279,19,15,413753.89382240217,65850.97742535452,1261.2550713466594,1367.2672556647217,-7.753581743352915,7.753581743352915,1.8705546279965068e-08,1,1966.975198202247,6.331765855536624
442,381676.3513655512,60745.67798110655,4,24,416023.598752354,66212.2121843164,1261.2656588259185,1374.7675916786613,-8.256081503503523,8.256081503503523,1.2473904211123653e-08,1,2013.4960524641476,6.106652990094709
443,382270.4717566455,60840.235178140894,24,4,416023.598752354,66212.2121843164,1263.2289548064384,1374.7675916786613,-8.113272203051322,8.113272203051322,4.88814626427229e-08,1,1349.7498837074993,6.17760179232037
444,382402.87353767565,60861.30757606602,23,8,416400.71038805344,66272.23136523544,1263.6664820962044,1376.0137730413517,-8.164692326940179,8.164692326940179,1.5493123956624222e-08,1,1079.6104490992673,6.027563274466493
445,384568.8753859869,61206.03747697093,8,23,416400.7103880535,66272.23136523545,1270.82412688728,1376.013773041352,-7.644519859824885,7.644519859824885,1.4855143158889417e-08,1,2409.772275365592,5.381063412816459
446,384675.3442531994,61222.982523473205,14,20,417530.05266609637,66451.97177122864,1271.1759577656378,1379.7457324023642,-7.868824819460651,7.868824819460651,4.6671467549495156e-08,1,2370.0415349900763,5.605303472048034
447,385674.7698298194,61382.04604424474,20,14,417530.05266609637,66451.97177122864,1274.4786018876357,1379.7457324023642,-7.629458677972578,7.629458677972578,3.377330255349378e-08,1,622.2468255838131,5.84385479679067
448,386587.2145835202,61527.26613709449,5,24,419405.69908038806,66750.49016955575,1277.4938141985406,1385.9438853714496,-7.824997268474769,7.824997268474769,2.144864118327012e-08,1,46.95357228656802,6.393366265463112
449,386973.8373793031,61588.79906615535,24,5,419405.69908038806,66750.49016955575,1278.7714255923188,1385.9438853714496,-7.732813782024609,7.732813782024609,3.0986564687130595e-08,1,84.36224649559642,7.380893419620066
450,387822.8662133467,61723.926201920935,22,11,420900.34537989524,66988.37051629632,1281.5770773124239,1390.8830073341153,-7.858743650279866,7.858743650279866,1.663519872570214e-08,1,2129.7378099185144,5.631011771459429
451,387903.3263648483,61736.73183275434,11,22,420900.34537989536,66988.37051629635,1281.842961288808,1390.8830073341155,-7.839627450356365,7.839627450356365,2.9060840120570352e-08,1,487.18942117635066,7.694161983550917
452,388735.097458861,61869.11231388742,9,23,422761.40182114055,67284.56684829353,1284.591584076489,1397.032947119699,-8.048583483663247,8.048583483663247,4.415961181561968e-08,1,1601.6769698839548,5.71541187339809
453,389276.1431663218,61955.22241266845,13,21,422761.40182114055,67284.56684829353,1286.379492518377,1397.032947119699,-7.920604508967324,7.920604508967324,2.4668671356259333e-08,1,40.242015011398784,6.367436132693037
454,389605.2726449357,62007.60499610711,21,13,422761.40182114055,67284.56684829353,1287.4671148119714,1397.032947119699,-7.842752208072287,7.842752208072287,1.1833414732862402e-08,1,1362.172606335139,4.305984053040744
455,389679.31812038575,62019.38969953857,23,9,422761.40182114055,67284.56684829353,1287.7118012198207,1397.032947119699,-7.825237488154353,7.825237488154353,1.8013517587913128e-08,1,2389.987897905773,5.990883213151254
456,389776.72557580087,62034.89257756189,6,24,423503.58933396346,67402.68965966038,1288.0336882793388,1399.4855371714114,-7.9637728245005635,7.9637728245005635,7.147696383581517e-08,1,1195.6492847164309,3.9377616772009065
457,390291.1101380974,62116.759423301555,24,6,423503.58933396346,67402.68965966038,1289.7334938385088,1399.4855371714114,-7.842313508628987,7.842313508628987,4.915844911743648e-08,1,721.3213316061583,5.785913846022269
458,391594.8069896197,62324.24922151466,17,18,423874.207370502,67461.6753521745,1294.041615267729,1400.7102601608108,-7.615325447879247,7.615325447879247,1.56404540187419e-07,1,1738.8642370460382,5.366249261382304
459,392503.3526615825,62468.84875623229,18,17,423874.207370502,67461.6753521745,1297.043942897989,1400.7102601608108,-7.400982216759108,7.400982216759108,4.054386845350519e-08,1,2544.967292299248,6.53197588178406
460,392623.79264824017,62488.01737545478,16,19,425353.52661488025,67697.11632232826,1297.4419419319277,1405.5987332210336,-7.694713201772505,7.694713201772505,1.7665894863666947e-08,1,2922.4042007432627,6.698767088498005
461,393047.880738429,62555.51309131474,19,16,425353.52661488025,67697.11632232826,1298.8433589769152,1405.5987332210336,-7.595010704049271,7.595010704049271,1.8258842816293504e-08,1,1670.977719294257,5.986792944826511
462,394334.96640528913,62760.359137378255,15,20,428297.19412334746,68165.61555711982,1303.0965880432948,1415.3262071034158,-7.929593792360302,7.929593792360302,1.3708346437627165e-08,1,2650.1541284995715,5.396330260874198
463,394687.8123696781,62816.51631676079,20,15,428297.19412334746,68165.61555711982,1304.2625824680133,1415.3262071034158,-7.847210351789041,7.847210351789041,1.0405398292602809e-07,1,1620.211417473204,5.438715751791383
464,394998.86427214567,62866.02176459663,7,24,428297.1941233475,68165.61555711983,1305.2904666460379,1415.326207103416,-7.774585103074965,7.774585103074965,1.22461781740619e-08,1,2199.226486487902,5.647604617436172
465,395053.9651005975,62874.7913338132,24,7,428297.1941233476,68165.61555711983,1305.472549665985,1415.3262071034162,-7.7617200109829,7.7617200109829,1.2696436640251156e-08,1,2446.430911319287,6.003164511049116
466,395277.9661044226,62910.442200829515,1,25,428663.764090935,68223.9569794504,1306.212770464723,1416.5375530776187,-7.788341535542083,7.788341535542083,1.4906867857376983e-08,1,1963.1234933609032,5.067999790755711
467,395374.69412779895,62925.83694388537,25,1,428663.764090935,68223.9569794504,1306.53241231231,1416.5375530776187,-7.76577652504218,7.76577652504218,1.3184716335815604e-08,1,1777.0286562746765,5.647511493185923
468,396154.7006483226,63049.97883727062,12,22,429395.9867439341,68340.49383411907,1309.1099768757863,1418.9572138282467,-7.741405863542589,7.741405863542589,6.687521699620909e-08,1,842.9766832936742,4.657828716901334
469,396222.3866445942,63060.75139815534,22,12,429395.9867439341,68340.49383411907,1309.3336481155038,1418.9572138282467,-7.7256427920744875,7.7256427920744875,3.061059775310886e-08,1,1759.7974555005328,5.098820992428683
470,396282.1385455449,63070.26120855078,10,23,429761.6409318018,68398.68950558048,1309.531100801396,1420.165533569602,-7.79024910498463,7.79024910498463,9.634699455146962e-09,1,1264.6519798951804,7.119718531509477
471,396335.8437611293,63078.80865908086,23,10,429761.64093180187,68398.68950558049,1309.708571959549,1420.165533569602,-7.777752592855719,7.777752592855719,4.4499980634809545e-08,1,2125.4946299727853,5.546477633865754
472,397003.84657660016,63185.12460916235,2,25,429761.640931802,68398.6895055805,1311.916015538744,1420.1655335696025,-7.622316939263561,7.622316939263561,1.9229729741526243e-08,1,2046.984807024716,6.072438666680117
473,397063.8943798815,63194.681513876385,25,2,429761.640931802,68398.6895055805,1312.1144460464127,1420.1655335696025,-7.60834458864821,7.60834458864821,2.4344465756717522e-08,1,27.044063112060893,5.974867368378071
474,397111.2193273141,63202.21351319185,3,25,431585.37026204466,68688.9450433503,1312.2708333383919,1426.1921243368824,-7.987794144597387,7.987794144597387,2.1309150487017363e-08,1,28.134279525445667,6.246791917744634
475,398262.0903014071,63385.38031757973,25,3,431585.37026204466,68688.9450433503,1316.0739351867765,1426.1921243368824,-7.721132887429608,7.721132887429608,1.1111368822495929e-08,1,2419.1742924395544,6.059841850678748
476,398749.6139078836,63462.97210942445,14,21,432676.0010773036,68862.5243286871,1317.6849775804583,1429.796160030532,-7.841060536047302,7.841060536047302,4.4963834044874063e-08,1,1345.849704121074,5.471264896962908
477,399216.7804178856,63537.32396873826,21,14,432676.0010773036,68862.5243286871,1319.2287490871577,1429.796160030532,-7.733089095792041,7.733089095792041,4.936964645918038e-08,1,1218.5849430509936,4.9345499644465685
478,399226.0473485703,63538.79884656402,8,24,433763.95081054984,69035.67690656875,1319.2593720518594,1433.3913359751848,-7.96237294441839,7.96237294441839,9.635276997795032e-09,1,1529.628573521086,5.817035469024816
479,400561.41445346194,63751.32912214984,24,8,433763.95081054984,69035.67690656875,1323.672149173889,1433.3913359751848,-7.65451723109866,7.65451723109866,1.3466169327032271e-08,1,2348.6482846329945,6.481074826565243
480,400907.17339926347,63806.358367492394,4,25,434126.0082798006,69093.30014248335,1324.8147242457032,1434.587770207627,-7.651887757696165,7.651887757696165,1.0157874273718765e-08,1,1085.4263520276872,4.837191400043537
481,401271.46565591806,63864.33728086908,25,4,434126.0082798006,69093.30014248335,1326.0185434277164,1434.587770207627,-7.567973813424987,7.567973813424987,2.9873646843564115e-08,1,1333.5609556026843,6.668846368579146
482,401565.94735969807,63911.20549967579,18,18,436652.1891528742,69495.35431557722,1326.9916706827885,1442.9356418318218,-8.035283611252494,8.035283611252494,1.1675181980159403e-08,1,804.0374731150158,5.0518328019124334
483,401624.83504615136,63920.57776606207,19,17,437371.33351376205,69609.80969540917,1327.1862675352932,1445.3120848125855,-8.17303186755058,8.17303186755058,3.4382622647628073e-08,1,1024.7347936363476,4.5743991963679616
484,401914.43384749925,63966.66884681008,11,23,437371.3335137621,69609.80969540919,1328.143259032593,1445.3120848125857,-8.106818382770664,8.106818382770664,9.438447757233391e-09,1,1343.8431641508075,5.599770116241916
485,401976.289616217,63976.51349816026,5,25,437371.33351376216,69609.80969540919,1328.3476640385747,1445.3120848125857,-8.092675762077903,8.092675762077903,5.1172690031935516e-08,1,2079.4039535242614,5.602788262646823
486,402437.51381995255,64049.919610058394,17,19,437371.33351376216,69609.80969540919,1329.8717989426884,1445.3120848125857,-7.987222073554201,7.987222073554201,1.905585229648735e-08,1,3981.8362423298313,6.862802673244777
487,402684.5898704261,64089.24298481088,23,11,437371.33351376216,69609.80969540919,1330.688272209805,1445.3120848125857,-7.930730933979836,7.930730933979836,1.7698411298059492e-08,1,34.39602544082128,6.338249315130592
488,403572.361281293,64230.53619318601,25,5,437371.33351376216,69609.80969540919,1333.621950414933,1445.3120848125857,-7.727752059316348,7.727752059316348,6.118416075218823e-08,1,31.342691527726547,6.184246826816112
489,404347.3718559668,64353.88295709384,13,22,438447.886113176,69781.14836310434,1336.1830056638782,1448.8695984460674,-7.777552438331719,7.777552438331719,5.974824384475118e-08,1,2519.047984005616,3.364294890952899
490,405647.1330386149,64560.74637415125,22,13,438447.886113176,69781.14836310434,1340.4781215087132,1448.8695984460674,-7.481106446957371,7.481106446957371,1.1022270940550279e-07,1,1306.1675186766831,4.242133663185236
491,405716.36956803553,64571.76571005108,20,16,439521.8583221058,69952.07634889883,1340.7069165508533,1452.4185850699707,-7.691423785639295,7.691423785639295,1.5153835007967905e-08,1,1958.4717669934328,2.8110403454361133
492,406272.6310120511,64660.29746851759,16,20,439521.85832210595,69952.07634889886,1342.5451060382438,1452.4185850699712,-7.564863198609796,7.564863198609796,8.767498053895052e-09,1,3190.710939644394,6.131972157607039
493,406325.89321076113,64668.77441072223,9,24,439879.27878776233,70008.96158277028,1342.7211132283833,1453.599696127759,-7.627862278366247,7.627862278366247,3.69331013317564e-08,1,2228.83399058355,5.874505615404983
494,406701.4550465509,64728.54693332484,24,9,439879.27878776233,70008.96158277028,1343.9621732116716,1453.599696127759,-7.542483890726624,7.542483890726624,6.277699790990441e-08,1,2245.0861069806174,5.7006412670992805
495,409466.3275363391,65168.59005709343,6,25,441306.12710300816,70236.05154518399,1353.0988113867272,1458.3147767816547,-7.214900861604646,7.214900861604646,4.796007342152895e-08,1,1625.2992196676155,4.784507289435928
496,410461.9252273873,65327.044350954624,25,6,441306.12710300816,70236.05154518399,1356.388806098825,1458.3147767816547,-6.9892983535262205,6.9892983535262205,1.0056491642773341e-07,1,1139.147982765086,5.025196958043074
497,410474.6353965296,65329.067237201154,15,21,443083.3614705024,70518.9071798035,1356.4308073907564,1464.1877229764762,-7.359501373680826,7.359501373680826,3.656886372229767e-08,1,1092.1759248698852,4.76018691928963
498,412074.3115340528,65583.66360183412,21,15,443083.3614705024,70518.9071798035,1361.7170048988878,1464.1877229764762,-6.998468602733575,6.998468602733575,8.991232225280178e-08,1,1151.03375658476,5.825154190533118
499,412533.3208330677,65656.71720069749,12,23,445559.8263220173,70913.04880231543,1363.2338205565989,1472.3713059030317,-7.4123616039567475,7.4123616039567475,5.4329423590615086e-08,1,407.862819327821,7.402030489153928
500,412902.48844404105,65715.47205081333,23,12,445559.8263220174,70913.04880231545,1364.4537505533242,1472.3713059030322,-7.329506824606323,7.329506824606323,1.848694960849324e-08,1,26.671402647380344,5.661008877266914
501,413005.76000285696,65731.90822987969,25,7,445912.5072920187,70969.1797220256,1364.7950157907483,1473.5367550968126,-7.379642138544411,7.379642138544411,2.32807515338866e-08,1,90.88580113792872,7.362337818125726
502,413409.36333193287,65796.14369475046,7,25,445912.5072920188,70969.17972202561,1366.1287400755514,1473.5367550968128,-7.289130362696969,7.289130362696969,1.2727847888793752e-08,1,914.3269761617886,5.987346095191645
503,413719.98760426586,65845.58108313658,10,24,446617.0507323624,71081.31129317927,1367.1552111316953,1475.8649487176049,-7.365832333125646,7.365832333125646,5.9378887353302914e-08,1,1332.7024273097388,4.331679845714817
504,414074.0690028267,65901.93488797442,24,10,446617.0507323626,71081.3112931793,1368.3252881009287,1475.8649487176056,-7.286551571681353,7.286551571681353,4.778127242284372e-08,1,1580.9974044987623,5.430979242395978
505,415112.5667035344,66067.21693043162,1,26,446968.914448203,71137.31214284999,1371.7570477108338,1477.0276972604183,-7.127195363014509,7.127195363014509,3.3879403960469493e-08,1,1530.3322070864326,5.754734946428614
506,415115.6529626828,66067.70812383076,26,1,446968.914448203,71137.31214284999,1371.7672463848262,1477.0276972604183,-7.126504876708037,7.126504876708037,1.9337382990550083e-08,1,1088.0393449659985,5.928925960062414
507,415986.6258406885,66206.32776266434,14,22,448022.8810023564,71305.05612979703,1374.6454131270596,1480.5105743513063,-7.150584606302604,7.150584606302604,1.4484080129785505e-07,1,2171.669195457473,5.088990299798144
508,416987.0509474067,66365.55036359177,22,14,448022.8810023564,71305.05612979703,1377.9513602385755,1480.5105743513063,-6.927286835331636,6.927286835331636,4.351647047797731e-08,1,4184.966793952994,5.964573159110989
509,417085.9390233102,66381.28888968467,2,26,448022.88100235653,71305.05612979706,1378.27814007117,1480.5105743513068,-6.905214731406464,6.905214731406464,1.0866839172209837e-07,1,3121.5062094187488,4.899468830178437
510,417158.78104298667,66392.88205718098,26,2,448022.88100235653,71305.05612979706,1378.518849608475,1480.5105743513068,-6.88895618239809,6.88895618239809,1.8487046786537345e-08,1,31.428033661827723,7.709492550929853
511,418348.79845557234,66582.27921075941,18,19,449774.1133540573,71583.77341507268,1382.4513125198637,1486.2975957843157,-6.986910532520414,6.986910532520414,1.2677081181573802e-08,1,2305.703802522752,6.348858920754406
512,419041.2039148855,66692.47896223291,19,18,449774.11335405736,71583.77341507269,1384.7393956685596,1486.297595784316,-6.832965376773304,6.832965376773304,6.554418611802617e-08,1,2110.282039124231,5.96044370121031
513,421144.8697391666,67027.28777678074,26,3,449774.11335405736,71583.77341507269,1391.6910484296452,1486.297595784316,-6.365249302899334,6.365249302899334,1.1408228278141428e-08,1,2676.633726963986,5.680153092286085
514,421219.5198671539,67039.16871365235,3,26,449774.11335405754,71583.77341507272,1391.9377329373976,1486.2975957843166,-6.348652054242572,6.348652054242572,4.448141055568184e-08,1,2440.589426395462,5.423322434839039
515,422143.9118814948,67186.29027208939,17,20,451170.3020767066,71805.98375177148,1394.992425476796,1490.9113605167056,-6.433577312514879,6.433577312514879,7.022805101890723e-08,1,3352.6590627273654,5.950226280510624
516,424978.287802638,67637.39521051997,8,25,451170.3020767067,71805.98375177149,1404.3587406827312,1490.911360516706,-5.805349809929563,5.805349809929563,9.963728806036984e-09,1,2127.204217975505,6.521782006289985
517,425093.0043405515,67655.65291458329,20,17,451170.3020767067,71805.98375177149,1404.7378263380306,1490.911360516706,-5.779923371756338,5.779923371756338,4.4773676014057376e-08,1,1947.8591153090624,5.497674052917689
518,426692.9375602182,67910.29019511018,25,8,451170.3020767067,71805.98375177149,1410.0248733849871,1490.911360516706,-5.4253049023441635,5.4253049023441635,1.9086480494106933e-08,1,496.9638522406637,6.753820051239398
519,426814.9081759289,67929.7024215125,4,26,452214.6703320841,71972.20012202306,1410.4279304474207,1494.3625196230082,-5.616748819206342,5.616748819206342,1.7061388810516934e-08,1,23.885680830995323,7.3132153049795585
520,426989.07006670535,67957.4211473278,26,4,452214.6703320841,71972.20012202306,1411.0034557874808,1494.3625196230082,-5.578235718636527,5.578235718636527,1.8475996171722303e-08,1,56.09709635864005,7.377283406577067
521,427151.990934148,67983.35080871412,24,11,453950.0486222888,72248.3941550435,1411.5418346901201,1500.0971506387268,-5.903305389980954,5.903305389980954,6.909473284683182e-08,1,2583.954776777817,6.443765675982512
522,428418.2878037065,68184.88821492615,16,21,453950.04862228886,72248.39415504351,1415.7263662958605,1500.097150638727,-5.624354683091173,5.624354683091173,2.1730529988417503e-08,1,3665.140878193392,6.6932028285832414
523,428926.4926715771,68265.77153175112,11,24,453950.0486222889,72248.39415504351,1417.4057507932234,1500.0971506387273,-5.5124029673874535,5.5124029673874535,3.1547463711677476e-08,1,2445.762623703205,6.42901750066729
524,429068.5387670684,68288.37886999546,21,16,453950.0486222889,72248.39415504351,1417.8751481283543,1500.0971506387273,-5.481111838347507,5.481111838347507,1.0294780780933658e-07,1,2163.7561059105697,6.40629439559447
525,429614.6649759715,68375.29755569443,23,13,454296.34418266977,72303.5088052489,1419.679845302308,1501.241498976133,-5.432946912901835,5.432946912901835,6.566408604802456e-08,1,1469.8855504331643,5.379626121732577
526,430793.9554361824,68562.9874617781,13,23,454296.34418266994,72303.50880524893,1423.5768605455196,1501.2414989761335,-5.173360747326941,5.173360747326941,1.7655072192615952e-08,1,5418.917474299895,6.970506725453916
527,432289.13639351167,68800.95290195393,5,26,455333.68099971407,72468.60608733272,1428.5177493075894,1504.669422396834,-5.06102350162339,5.06102350162339,1.6715711221444746e-08,1,1160.7810253725736,4.390151768180722
528,432712.07140799967,68868.26510011635,26,5,455333.68099971407,72468.60608733272,1429.9153559651156,1504.669422396834,-4.968138869509318,4.968138869509318,3.6701079870469225e-08,1,942.9660583891782,3.849907422792696
529,432797.1175933381,68881.80062090406,25,9,457057.44348244095,72742.95140717506,1430.1963946844328,1510.3656684850641,-5.307938036028268,5.307938036028268,3.0164030975511415e-08,1,1883.650897790852,2.919740213943466
530,436068.9798199519,69402.5336673853,9,25,457057.4434824411,72742.95140717507,1441.0084019048786,1510.3656684850646,-4.592084422162024,4.592084422162024,7.069532864917665e-08,1,1500.2957648471104,5.341464564855064
531,436352.9855129052,69447.73457728505,15,22,458088.64630951715,72907.07243443458,1441.9469107387413,1513.773321876274,-4.744859094788783,4.744859094788783,3.58581195527258e-08,1,924.3503957079826,4.900693734872037
532,436356.4247080845,69448.2819421981,22,15,458088.64630951715,72907.07243443458,1441.9582757047867,1513.773321876274,-4.744108324123109,4.744108324123109,2.830283049768941e-08,1,1137.203645170902,5.770433224049542
533,436370.8603946506,69450.57945307203,6,26,459117.57640606427,73070.83174539608,1442.0059790420837,1517.1734649332495,-4.954442430514887,4.954442430514887,1.3201950463699257e-08,1,1162.194118490585,5.846896171056323
534,436676.8892553049,69499.28545897393,26,6,459117.5764060644,73070.83174539609,1443.017264365819,1517.1734649332498,-4.88778655054406,4.88778655054406,2.0939596538323923e-08,1,17.626397059179286,7.998947613528723
535,437059.8516109552,69560.23581089379,12,24,461850.39060877205,73505.77263430876,1444.2827796802385,1526.2041651416725,-5.367655739153979,5.367655739153979,9.411534987419264e-09,1,1681.529256786138,7.639986108956325
536,438499.3111467953,69789.33291140352,24,12,461850.39060877205,73505.77263430876,1449.0395346464002,1526.2041651416725,-5.055983482269519,5.055983482269519,5.608264371302333e-08,1,1839.6519711651583,4.38209806694841
537,439103.6321274123,69885.51358268285,19,19,462531.1175458674,73614.11369124328,1451.0365389067722,1528.453656119367,-5.06506146932523,5.06506146932523,3.9042693768405684e-08,1,2453.553499242493,5.550809379721375
538,440339.0602390469,70082.1380734842,18,20,463210.8623076155,73722.29843011632,1455.119063395329,1530.6999014570526,-4.937665311781835,4.937665311781835,1.3099811315875044e-08,1,3078.329832405051,5.720278365526987
539,440774.1304863042,70151.3816539274,20,18,463210.8623076155,73722.29843011632,1456.556771443206,1530.6999014570526,-4.843740431633328,4.843740431633328,2.6608393142850864e-08,1,3243.8292001282307,7.702862741943925
540,442467.6424004411,70420.9124462473,7,26,463550.3676810495,73776.3323885046,1462.153053247073,1531.8218113342748,-4.54809806021221,4.54809806021221,7.931631436667226e-08,1,3380.6287178532634,7.29941243384227
541,442653.6673592887,70450.51923798637,10,25,463550.3676810495,73776.3323885046,1462.7677805977185,1531.8218113342748,-4.507967586413178,4.507967586413178,1.2907813778588853e-07,1,3209.3154973240034,7.11243144775287
542,442965.0712897951,70500.0807128247,14,23,463550.3676810495,73776.3323885046,1463.7968280672983,1531.8218113342748,-4.440789572497611,4.440789572497611,1.2574581824098526e-07,1,1662.830346775356,5.375386655213981
543,443463.1019801738,70579.34475900994,23,14,463550.3676810495,73776.3323885046,1465.4425915644827,1531.8218113342748,-4.33335126048201,4.33335126048201,3.732416002816065e-08,1,1075.7352989743254,4.794357611243667
544,444274.9115681307,70708.54826778268,25,10,463550.3676810495,73776.3323885046,1468.1252507104643,1531.8218113342748,-4.1582225917209215,4.1582225917209215,2.4453828151725058e-08,1,1392.6828443936186,5.837212850301619
545,444404.54879275535,70729.1806728904,26,7,463550.3676810495,73776.3323885046,1468.553642406569,1531.8218113342748,-4.1302564344998345,4.1302564344998345,1.9057303303491932e-08,1,1712.793023336529,6.985716814670879
546,444565.8939744824,70754.85955610633,17,21,465244.2452238276,74045.92137243008,1469.0868143890648,1537.4193013734632,-4.444622681876907,4.444622681876907,2.3332129340609205e-08,1,1547.6188561659285,6.514117214330125
547,446656.5927319775,71087.60459787775,21,17,465244.2452238276,74045.92137243008,1475.9956169290815,1537.4193013734632,-3.995246084754398,3.995246084754398,5.3546811161109126e-08,1,1723.6928453992102,5.2472623337268
548,447654.4802159825,71246.42332360668,1,27,465244.2452238277,74045.92137243011,1479.2931783589283,1537.4193013734634,-3.780759286852178,3.780759286852178,1.1097028461603696e-08,1,3512.049954854421,6.109648511619489
549,449533.3360757247,71545.45252104182,27,1,465244.2452238277,74045.92137243011,1485.5019370763555,1537.4193013734634,-3.3769163851869974,3.3769163851869974,4.277011266804093e-08,1,3166.1187391711646,6.201766620481999
550,449594.1407816649,71555.12989055546,2,27,466257.670786071,74207.2130601168,1485.702868800899,1540.7682090405503,-3.5738886560971386,3.5738886560971386,1.13409352444783e-08,1,3276.035518873543,5.745204038556537
551,450033.7728087129,71625.09950080166,27,2,466257.67078607116,74207.21306011683,1487.155651443187,1540.7682090405508,-3.479599155978742,3.479599155978742,1.3751184854214145e-07,1,5518.580833377145,7.393175041977808
552,450331.8059114184,71672.53294230225,3,27,467941.92243863153,74475.27003603251,1488.1405144463333,1546.3338899180665,-3.7633124289099396,3.7633124289099396,1.0480051640954688e-08,1,2867.051864326934,4.595583000162272
553,455869.08209222544,72553.8178177427,27,3,467941.92243863153,74475.27003603251,1506.4386779696945,1546.3338899180665,-2.5799869102322948,2.5799869102322948,3.45193512571652e-08,1,1154.1164432906075,4.44908229740025
554,455934.19992451166,72564.18164263449,16,22,468613.95795631706,74582.22781060547,1506.653862602816,1548.5546597324276,-2.7058003323467847,2.7058003323467847,8.501716443371562e-09,1,1195.510998287142,4.650876988757285
555,457028.62943804776,72738.36550957941,22,16,468613.95795631706,74582.22781060547,1510.2704512557152,1548.5546597324276,-2.472254255676544,2.472254255676544,8.396478965653034e-09,1,1964.687149569285,7.003289859347507
556,457098.1426663781,72749.42888347847,26,8,468613.95795631706,74582.22781060547,1510.5001606611147,1548.5546597324276,-2.457420461857527,2.457420461857527,2.9405535393271203e-08,1,1769.2457652624505,6.973426786977085
557,458948.52213541087,73043.92592257078,8,26,468613.9579563172,74582.2278106055,1516.6148179400834,1548.5546597324278,-2.062558243689198,2.062558243689198,3.106145719017643e-08,1,3298.217312822859,6.325981472630403
558,459180.5940566785,73080.86131599337,4,27,470289.91850974073,74848.96521710989,1517.3817094271387,1554.0929423218972,-2.362228917912076,2.362228917912076,9.61769455590502e-09,1,3002.694961141686,6.834158178987707
559,461998.6013983333,73529.36111408698,13,24,470289.91850974073,74848.96521710989,1526.6939339692992,1554.0929423218972,-1.7630225069848418,1.7630225069848418,1.0061350341186593e-07,1,4604.2765424100335,6.147219718748005
560,462281.81043552415,73574.4352322842,24,13,470289.91850974073,74848.96521710989,1527.6298102204737,1554.0929423218972,-1.7028024116682625,1.7028024116682625,1.242246014460578e-08,1,2487.268070856642,4.40556429923216
561,462342.5293129176,73584.09894176036,27,4,470289.91850974073,74848.96521710989,1527.8304583209515,1554.0929423218972,-1.6898914656743882,1.6898914656743882,1.0450146149998252e-08,1,3171.5938049473566,5.713071008188583
562,462801.0975534164,73657.08234398068,11,25,470624.4068342899,74902.20068736841,1529.3458164821268,1555.198273148716,-1.662325448333176,1.662325448333176,9.558810556157115e-09,1,2098.193251234732,4.843806339816038
563,463639.5705854833,73790.52947168339,25,11,470624.40683429,74902.20068736843,1532.1165861077898,1555.1982731487165,-1.4841636233426736,1.4841636233426736,3.4111809104729155e-08,1,3694.526821645333,8.34126270716587
564,465524.71051981184,74090.55881065171,15,23,473291.9490401631,75326.75321533938,1538.3461108156823,1564.013279280742,-1.6411093694078744,1.6411093694078744,4.1324854427542654e-08,1,2063.858584019384,7.180001600087562
565,468675.00691662193,74591.94405440862,5,27,473291.9490401632,75326.7532153394,1548.756398605858,1564.0132792807424,-0.9754955969364046,0.9754955969364046,1.0754530629133321e-08,1,4152.731476140428,6.208326714704123
566,471106.5156304169,74978.93068538011,23,15,473291.9490401632,75326.7532153394,1556.791422072398,1564.0132792807424,-0.461751655437702,0.461751655437702,3.727064329160909e-08,1,5114.935107963676,7.425011935090255
567,471832.9571493676,75094.5474439883,27,5,473291.9490401632,75326.7532153394,1559.1919788208572,1564.0132792807424,-0.3082646754829581,0.3082646754829581,1.084859153220519e-08,1,2417.567639932767,4.37286550470897
568,472667.7952349999,75227.41605199805,9,26,474288.4750696747,75485.3552588559,1561.9507366121659,1567.3063417265873,-0.34170761464038807,0.34170761464038807,8.58143621602484e-09,1,1991.004757396334,6.450187528611883
569,472917.50045901054,75267.15787271521,26,9,474288.4750696747,75485.3552588559,1562.7758980945246,1567.3063417265873,-0.2890592292934839,0.2890592292934839,1.0854362243829628e-08,1,2192.7002796421466,3.517224950359888
570,472986.5586106683,75278.14881891233,20,19,475613.98308626516,75696.3164118042,1563.0041036797968,1571.6865390740063,-0.5524279287474813,0.5524279287474813,3.470231927474822e-08,1,1812.9461620272043,5.832291497738358
571,473358.1182385245,75337.28437033902,19,20,475613.98308626545,75696.31641180425,1564.2319381975615,1571.6865390740072,-0.47430582950960287,0.47430582950960287,9.636158372723276e-09,1,1974.1533947333128,6.1242261620074885
572,474158.2942207749,75464.6363332576,6,27,476935.86863573507,75906.70103120408,1566.8761536010545,1576.0547658254925,-0.5823790152133761,0.5823790152133761,3.1722993575339195e-08,1,2233.9331584515376,6.079116047035945
573,475213.1410009648,75632.52041252938,18,21,476935.86863573507,75906.70103120408,1570.3619394361385,1576.0547658254925,-0.3612073966460314,0.3612073966460314,8.877871527728011e-09,1,1337.683247241256,5.027699034457402
574,475466.2595598307,75672.80548236119,21,18,476935.86863573507,75906.70103120408,1571.1983804280073,1576.0547658254925,-0.3081355738892436,0.3081355738892436,1.4034079806058771e-08,1,1494.768555891939,7.022819540544551
575,475474.2075448326,75674.07044346187,27,6,476935.8686357352,75906.70103120411,1571.2246448808714,1576.054765825493,-0.30646910560190027,0.30646910560190027,2.9023436511004433e-08,1,1230.6552335981714,5.034650803830195
576,475848.0642706792,75733.5715893885,12,25,478254.16089456156,76116.51376063611,1572.460070256178,1580.4111183959494,-0.5030999875425756,0.5030999875425756,7.743967627105381e-09,1,1530.486077138534,7.256540648131256
577,479098.0124368563,76250.81690482803,25,12,478254.1608945617,76116.51376063612,1583.199661536324,1580.4111183959496,0.17644416113729394,0.17644416113729394,4.2296397656488096e-08,1,1199.2030952038251,5.422653115793373
578,480020.4658191989,76397.62992039969,14,24,479240.5393252957,76273.50076364668,1586.2479477842246,1583.670647672103,0.16274217848957362,0.16274217848957362,1.1328579997129574e-08,1,4068.266162710147,6.0351667219750125
579,480556.64025592565,76482.96473236427,24,14,479240.5393252957,76273.50076364668,1588.019758905779,1583.670647672103,0.2746222038066396,0.2746222038066396,8.666093546005827e-09,1,1391.042238159244,5.47299665895931
580,480681.51541290607,76502.83923086707,22,17,479568.8886532482,76325.7591822512,1588.432414147783,1584.7556919248145,0.2320056171246678,0.2320056171246678,4.563820418410001e-08,1,1467.6827527548717,5.845457991955295
581,481514.05774877616,76635.34245895408,17,22,479568.8886532483,76325.75918225123,1591.1835855368272,1584.755691924815,0.40560785771370295,0.40560785771370295,7.81420838231221e-09,1,1487.3151413331525,6.210337287193308
582,483836.660682102,77004.99619663262,10,26,480552.6123744441,76482.32367511629,1598.8587252420025,1588.0064486009296,0.6833899604522377,0.6833899604522377,4.8921787229012623e-08,1,2845.615242520882,5.880933319041279
583,484554.0083113412,77119.1656177413,26,10,480552.6123744441,76482.32367511629,1601.2292308469805,1588.0064486009296,0.832665525867383,0.832665525867383,1.5622446949854286e-08,1,5300.505544405165,4.861740438061975
584,485605.8923273987,77286.57815845619,7,27,481207.32902104716,76586.52506574772,1604.7052261025801,1590.169987472719,0.9140682282000708,0.9140682282000708,1.599933236827763e-08,1,4759.089828590879,8.769386729214265
585,487345.0762148672,77563.37787109258,27,7,481207.32902104716,76586.52506574772,1610.4524328755417,1590.169987472719,1.2754891340301269,1.2754891340301269,2.1256386827677105e-08,1,1706.3758756693849,5.819258464452649
586,488384.6624970696,77728.83316667563,23,16,483491.96719100856,76950.1365236735,1613.8877897490743,1597.7196710103701,1.0119496575065459,1.0119496575065459,4.587496761531652e-08,1,1219.6545718358068,5.024383512844068
587,490620.4408663229,78084.66834580022,1,28,483491.96719100873,76950.13652367353,1621.2760140071293,1597.7196710103706,1.4743727215840143,1.4743727215840143,1.835304280796904e-08,1,2311.393507713827,7.628537606088148
588,490877.4431141832,78125.57152393291,16,23,483491.96719100873,76950.13652367353,1622.1252888136705,1597.7196710103706,1.527528154414363,1.527528154414363,1.4113883832596572e-08,1,1838.8786044827816,6.432007691823732
589,490888.4100273497,78127.31696237384,28,1,483491.96719100873,76950.13652367353,1622.1615294424407,1597.7196710103706,1.5297964264665738,1.5297964264665738,1.4272237424037925e-08,1,1827.273893020837,6.179568837003379
590,491642.05521689454,78247.26331962732,2,28,484467.8520753074,77105.45342689833,1624.6519818718652,1600.9445239181537,1.4808419404621167,1.4808419404621167,9.656455950845489e-08,1,4052.505908556369,6.643737240158146
591,492856.51601963694,78440.55075957513,28,2,484467.8520753074,77105.45342689833,1628.6652190006757,1600.9445239181537,1.7315212781188947,1.7315212781188947,1.0382546043802149e-08,1,2587.488167603612,5.96615682793102
592,493043.623566005,78470.3298504694,8,27,486090.0414699624,77363.63288768892,1629.2835238076068,1606.3051174374266,1.4305131771501893,1.4305131771501893,9.260399645036561e-09,1,2269.5723253998785,6.208346443368137
593,493658.67670242,78568.21859739402,27,8,486090.0414699624,77363.63288768892,1631.315992931088,1606.3051174374266,1.5570438780374292,1.5570438780374292,3.967228041815078e-08,1,4820.290622525679,4.215903246317706
594,493983.5301690782,78619.9206323932,28,3,486090.0414699624,77363.63288768892,1632.3894849621781,1606.3051174374266,1.623873773518477,1.623873773518477,4.213713603106767e-08,1,2611.42600340394,5.675502147468178
595,495334.0084708607,78834.85592966025,3,28,486090.0414699625,77363.63288768893,1636.852197673966,1606.305117437427,1.9016984945718993,1.9016984945718993,8.16391841068035e-08,1,2774.5057815015302,6.507190227291897
596,495434.98821607867,78850.92735526383,13,25,486413.8402921263,77415.16707080363,1637.1858895163468,1607.3751243511442,1.8546240210875757,1.8546240210875757,1.7768075583048785e-08,1,5123.079032763258,7.936000863552202
597,503441.0819718686,80125.13675135496,25,13,486413.8402921263,77415.16707080363,1663.6423652172666,1607.3751243511442,3.500566856715294,3.500566856715294,4.1666204781475386e-08,1,1613.07968520847,4.97307232132344
598,503464.6037444641,80128.88035773383,11,26,487383.96608310245,77569.56738585842,1663.720093910447,1610.5809460912699,3.299377653022716,3.299377653022716,2.462655004104485e-08,1,1646.3678352142133,5.930516695561937
599,503747.8890838678,80173.96661980539,26,11,487383.96608310245,77569.56738585842,1664.6562223055134,1610.5809460912699,3.35750130072501,3.35750130072501,2.487859111125508e-08,1,1751.4807500496977,5.705217294126603
600,504464.9967260861,80288.0978457934,4,28,488352.19445538573,77723.66571734913,1667.0259348632226,1613.7804977310104,3.2994225179369625,3.2994225179369625,9.074586394564844e-08,1,2069.625659061688,6.322871787157989
601,506519.89015257,80615.14429214536,20,20,488352.19445538573,77723.66571734913,1673.8164171713315,1613.7804977310104,3.7202035546179997,3.7202035546179997,3.382342123096803e-07,1,4643.77544739143,6.375138031507841
602,508610.1901602336,80947.82587091005,28,4,488352.19445538573,77723.66571734913,1680.7239020256513,1613.7804977310104,4.14823480571019,4.14823480571019,3.4590998746273006e-08,1,5224.122626925945,6.145788591359124
603,508769.7366834673,80973.21848873582,15,24,488674.51749528415,77774.96502242137,1681.2511302650216,1614.8456278597641,4.112188884163995,4.112188884163995,1.1144377012911e-08,1,1902.3007378889563,4.651378695862495
604,509104.2249238364,81026.45394559667,24,15,488674.51749528415,77774.96502242137,1682.3564608136642,1614.8456278597641,4.180636946912104,4.180636946912104,3.1397088016502804e-08,1,3183.773625824036,9.40840432220364
605,513803.04124559823,81774.29378988594,19,21,488996.631333202,77826.23103196429,1697.8838982421696,1615.910066671718,5.072920409444122,5.072920409444122,1.1603563716303782e-08,1,3841.514152907464,6.527468064543175
606,514421.91076538456,81872.78993308885,21,19,488996.631333202,77826.23103196429,1699.9289787660425,1615.910066671718,5.1994794653008105,5.1994794653008105,3.616177699611482e-08,1,2990.303067931149,6.674162753198493
607,515435.24455168645,82034.06701418082,22,18,490924.94355029176,78133.13145313862,1703.2775831556464,1622.2822560154073,4.992677867239764,4.992677867239764,7.018927627719781e-09,1,2135.640975043106,7.781508952630466
608,515630.062205788,82065.07320683265,18,22,490924.94355029194,78133.13145313865,1703.921366339939,1622.282256015408,5.032361663441358,5.032361663441358,2.4584455154420664e-08,1,1627.9103547382713,6.3421961821195545
609,516081.8489220327,82136.97729594624,5,28,491245.604163384,78184.16617476713,1705.4143146671656,1623.341892584412,5.0557693642767765,5.0557693642767765,1.2758158196308217e-08,1,7455.718502366476,6.5856777686621255
610,516618.93297516793,82222.45687785855,28,5,491245.6041633841,78184.16617476715,1707.1891316546444,1623.3418925844126,5.16510042975262,5.16510042975262,3.219912569180689e-08,1,5753.118997091642,6.407204759400154
611,516924.3353857014,82271.06318112713,27,9,491566.0587562591,78235.1681072597,1708.1983468474389,1624.400848350889,5.15867118523252,5.15867118523252,2.503873662786252e-08,1,1872.871342943468,7.209626909484412
612,517021.49677146063,82286.52689594837,9,27,491566.0587562592,78235.16810725971,1708.5194207593636,1624.4008483508894,5.178436867591661,5.178436867591661,7.897442760291693e-09,1,1863.0368615937728,4.496316388387241
613,518134.9176296961,82463.73332927815,23,17,494122.3255659154,78642.01060587824,1712.1987671146946,1632.8481402260097,4.8596452379032415,4.8596452379032415,8.876916146540735e-09,1,2351.298218031085,6.2334624948647175
614,518288.3303795376,82488.14972674876,17,23,494122.3255659155,78642.01060587827,1712.7057260402578,1632.8481402260102,4.890692762352913,4.890692762352913,4.679228521150398e-08,1,1455.085201900573,5.530320387860943
615,518380.7732327361,82502.86246378881,6,28,494759.35922923824,78743.39766231201,1713.0112073616076,1634.953244931058,4.774323832963258,4.774323832963258,9.133415581584733e-09,1,1747.860773487378,6.461320464656234
616,521093.9583102874,82934.67928040428,12,26,494759.35922923824,78743.39766231201,1721.9770422950821,1634.953244931058,5.322708623859991,5.322708623859991,8.518232914085351e-09,1,1724.1238268557297,5.339608819215263
617,521169.07928638026,82946.63515507935,26,12,494759.35922923824,78743.39766231201,1722.2252827403297,1634.953244931058,5.337891959898328,5.337891959898328,2.9473083828322392e-08,1,2163.663359824225,6.635905756365314
618,521747.2817157468,83038.65892982077,28,6,494759.35922923824,78743.39766231201,1724.1359771425386,1634.953244931058,5.4547573447729585,5.4547573447729585,1.1789717370049111e-08,1,2592.104321630144,6.70184569021025
619,522191.6832139464,83109.38762497668,14,25,495077.57320989977,78794.04299029525,1725.6045207041311,1636.0047964996336,5.476739701265148,5.476739701265148,4.3705244912905977e-08,1,2021.6468197623365,5.608055960883126
620,522270.6720179668,83121.95908358545,25,14,495077.57320989977,78794.04299029525,1725.865542550484,1636.0047964996336,5.4926945350719505,5.4926945350719505,1.6513641418654722e-08,1,2358.529999734592,6.064663409480837
621,522703.3083594769,83190.81529589798,27,10,497616.0664073812,79198.05673067957,1727.295207653796,1644.3933547209945,5.041485523812982,5.041485523812982,4.4488239594106336e-08,1,2274.118529163404,5.7509949612546505
622,525693.2660171536,83666.68183675269,10,27,497616.0664073814,79198.0567306796,1737.1756492936277,1644.393354720995,5.642341858549724,5.642341858549724,2.8486080054783282e-08,1,2049.378288183406,6.29369590362462
623,525771.0188439421,83679.05658347544,16,24,498564.7174299118,79349.03923018448,1737.4325868009007,1647.5282121797998,5.456924740739396,5.456924740739396,4.905036579321582e-08,1,2037.8255186694648,6.580656435057346
624,526697.2805880161,83826.47571864174,24,16,498564.7174299118,79349.03923018448,1740.4934579413448,1647.5282121797998,5.642710399389473,5.642710399389473,2.006868896990864e-08,1,2053.4977666700443,6.923485038400415
625,532353.8234930583,84726.74248279059,7,28,498880.53934026585,79399.30384835407,1759.185743403307,1648.571859050792,6.709679274533039,6.709679274533039,2.9260130528380423e-08,1,2608.612312031125,6.7899062128580825
626,532963.6655823112,84823.80186580068,28,7,498880.53934026585,79399.30384835407,1761.200992400866,1648.571859050792,6.831921382846066,6.831921382846066,4.4883588429022315e-08,1,2001.251156543145,6.202238337054556
627,534505.5085691701,85069.19379863085,20,21,501400.05524699227,79800.29725910824,1766.2960778146441,1656.897706011575,6.6026026474747725,6.6026026474747725,2.772950264830797e-07,1,5873.720765778685,4.051618146538809
628,536183.8345489667,85336.30767443503,21,20,501400.05524699227,79800.29725910824,1771.842177055688,1656.897706011575,6.937330568270446,6.937330568270446,6.664919827388255e-08,1,4842.640313499493,9.301325431600606
629,536797.4826849797,85433.97280860062,1,29,501714.1177149989,79850.28185333114,1773.870003295869,1657.935538730856,6.992700370833506,6.992700370833506,1.88037498936034e-08,1,2379.2801908080187,6.643418810150877
630,537005.1301461604,85467.020928468,29,1,501714.11771499907,79850.28185333115,1774.5561831207194,1657.9355387308565,7.034087976613108,7.034087976613108,2.6002395646710367e-08,1,2197.127965833573,6.519157614985629
631,538671.1583867773,85732.17755829288,19,22,502655.1443163227,80000.05088851278,1780.0616439621006,1661.0452009670541,7.165153779424877,7.165153779424877,4.285700405568463e-08,1,2403.3239282879767,6.825015946936023
632,539848.574716403,85919.56918722994,2,29,502655.1443163228,80000.0508885128,1783.952466061465,1661.0452009670546,7.399393166594997,7.399393166594997,1.0161671124537275e-07,1,7000.216718840937,4.473228337148623
633,541587.3228246354,86196.2995434468,13,26,502655.1443163228,80000.0508885128,1789.698232783495,1661.0452009670546,7.745305891828782,7.745305891828782,6.770703796013039e-08,1,2454.6973132640182,6.231990535545119
634,541614.7300109679,86200.66153262786,22,19,502655.1443163228,80000.0508885128,1789.7888009908324,1661.0452009670546,7.750758374836746,7.750758374836746,6.069159741363167e-08,1,2928.7316328234087,6.751148637386932
635,541670.1770498949,86209.4862029529,26,13,502655.1443163228,80000.0508885128,1789.9720280779495,1661.0452009670546,7.76178920572626,7.76178920572626,6.010042183187204e-08,1,2623.772607874232,6.493991232649373
636,541746.5583540141,86221.64266506326,29,2,502655.1443163228,80000.0508885128,1790.2244333305075,1661.0452009670546,7.776984773698224,7.776984773698224,3.4825433158805785e-08,1,2325.146991857552,5.786163375628714
637,547448.4290506882,87129.12357130978,8,28,503594.4371170266,80149.54398075544,1809.066506398569,1664.1491337857149,8.708196259020761,8.708196259020761,9.350639752451213e-08,1,9378.52310539961,5.524206856295204
638,548213.3697919969,87250.86767146144,28,8,503594.4371170266,80149.54398075544,1811.5942854569198,1664.1491337857149,8.86009244470699,8.86009244470699,8.61399752496951e-08,1,3720.271159413992,6.4657598187521925
639,549193.2333945751,87406.8178073676,3,29,504219.67376374383,80249.05348368268,1814.83228620767,1666.2152547500411,8.91943769173592,8.91943769173592,1.5596762532457567e-08,1,2038.0213675333716,6.413086182324244
640,550059.0659501831,87544.6193384825,15,25,504219.67376374383,80249.05348368268,1817.6934665369588,1666.2152547500411,9.091155020642384,9.091155020642384,5.4646672901670014e-08,1,2433.3938672683303,6.435269477691478
641,550164.480940888,87561.39665532918,29,3,504219.67376374383,80249.05348368268,1818.0418148357883,1666.2152547500411,9.112061581054457,9.112061581054457,5.3176178051556754e-08,1,2243.34998500096,5.486021945641257
642,550853.1147521007,87670.99613036387,11,27,504219.67376374395,80249.0534836827,1820.3174344136883,1666.2152547500416,9.248635746451884,9.248635746451884,1.1906713974286807e-07,1,2022.3443706939756,4.53286056053211
643,552957.9379153178,88005.98914112421,25,15,504219.67376374395,80249.0534836827,1827.2729116502767,1666.2152547500416,9.666077443541127,9.666077443541127,8.458607622103476e-09,1,2785.000187000505,6.995309940628757
644,553377.0733800612,88072.69662216323,27,11,504219.67376374395,80249.0534836827,1828.6579625348427,1666.2152547500416,9.749203010938105,9.749203010938105,7.656220252313542e-08,1,2049.669430569218,6.167313777597322
645,553860.1192191412,88149.57575519278,18,23,505156.0978487472,80398.09000564128,1830.2542079566265,1669.3097077762416,9.64138047185899,9.64138047185899,6.8487724611892706e-09,1,1942.732774603344,5.634468694326063
646,554938.1692240314,88321.1527423713,23,18,505156.09784874733,80398.0900056413,1833.8166698298874,1669.309707776242,9.854789754550222,9.854789754550222,3.702119195925189e-08,1,2453.664919229892,7.183225825120185
647,555027.0915462401,88335.30516950204,4,29,506402.0067651473,80596.38256832863,1834.1105174075633,1673.4268665277814,9.602071897721281,9.602071897721281,7.330672223701692e-09,1,1820.754697075076,5.370076105625363
648,556420.9611057241,88557.14639991923,29,4,506402.0067651473,80596.38256832863,1838.7166183671068,1673.4268665277814,9.877321509860039,9.877321509860039,4.994624212148143e-08,1,2028.147076677733,5.943503950534903
649,556796.9439348303,88616.98592568915,9,28,508884.7980565133,80991.53107501502,1839.9590695406291,1681.6313554426129,9.415126185985258,9.415126185985258,2.930066888259993e-08,1,5932.978871351241,7.122421779778614
650,559144.4014729945,88990.59539658632,28,9,508884.7980565133,80991.53107501502,1847.7163423395477,1681.6313554426129,9.876420676826674,9.876420676826674,4.4769735045353964e-08,1,2503.366176103272,6.83435863887814
651,559351.1308452626,89023.49739806507,17,24,508884.7980565134,80991.53107501505,1848.3994883007254,1681.6313554426133,9.917044679166194,9.917044679166194,1.4518318733644462e-08,1,2233.44835729442,6.114880875437368
652,559488.4251048552,89045.34845813738,24,17,508884.7980565134,80991.53107501505,1848.8531829929918,1681.6313554426133,9.94402411736459,9.94402411736459,3.594486671382716e-08,1,2220.1294746720123,6.711757817671891
653,562265.8512959803,89487.38956552783,29,5,509194.30727835384,81040.79099760347,1858.0313054054927,1682.6541417672063,10.422650697195367,10.422650697195367,3.0193944821664967e-08,1,3460.911235593989,8.575269941298775
654,562527.1410623281,89528.97512342142,5,29,509194.30727835395,81040.7909976035,1858.8947484983594,1682.6541417672067,10.473965050598933,10.473965050598933,1.5735995648307276e-08,1,4841.239773255396,6.160641342166021
655,562870.4066592102,89583.6075399586,14,26,511047.4788287044,81335.73241023904,1860.02908419313,1688.7780255970738,10.140530963831663,10.140530963831663,6.238673549528823e-08,1,2618.949420169998,4.27338045502304
656,563146.6749906837,89627.57701053235,26,14,511047.4788287045,81335.73241023906,1860.9420245884728,1688.7780255970742,10.194590193730718,10.194590193730718,3.6067339777505856e-08,1,2096.9013987032977,6.135627351041459
657,563313.7145895065,89654.16218837709,12,27,511355.69651152106,81384.78677800763,1861.494014013297,1689.796543976294,10.16083685631041,10.16083685631041,3.6381639571597416e-08,1,4410.766636476087,8.593143981827136
658,565516.2538642703,90004.70720130978,27,12,511355.69651152106,81384.78677800763,1868.772398276655,1689.796543976294,10.59156233561759,10.59156233561759,1.097850970055124e-07,1,2257.539616120945,6.146544879073999
659,566146.5910337444,90105.02847764613,29,6,512586.7384457567,81580.71318699466,1870.855374134328,1693.8645741559765,10.448934506263171,10.448934506263171,3.720819501025761e-08,1,1781.4732492162325,5.503253189738867
660,568647.5520633949,90503.06878799522,6,29,512586.73844575684,81580.71318699468,1879.1199057184162,1693.8645741559767,10.936844325630286,10.936844325630286,5.288186220002037e-08,1,3464.95368178403,6.944100787501805
661,569525.9096626727,90642.8637417226,25,16,513814.86970706814,81776.17634799804,1882.0224755846764,1697.9229858937765,10.842628977897428,10.842628977897428,6.887605612747207e-08,1,2503.57387584388,6.755866238941467
662,569963.278249074,90712.47311420148,16,25,513814.86970706825,81776.17634799807,1883.4677785915399,1697.9229858937767,10.927750801376508,10.927750801376508,3.867995767549785e-08,1,2820.607198578594,7.236529225828626
663,571302.6386069386,90925.63893573698,21,21,514121.45011894417,81824.97013600326,1887.8937515870464,1698.9360938418704,11.122116860668884,11.122116860668884,1.53679343038531e-08,1,2462.892600213771,5.693141341641564
664,571704.163524958,90989.5436112143,20,22,514734.07027075335,81922.4716614014,1889.2206076745372,1700.9605230647373,11.067869127885386,11.067869127885386,3.991130008863153e-08,1,2670.945463949675,6.661630742653515
665,574465.2589599352,91428.9855980394,22,20,514734.07027075335,81922.4716614014,1898.3447644120931,1700.9605230647373,11.604281150024285,11.604281150024285,3.673589880614642e-08,1,2535.187012414872,7.187944277424239
666,577896.3597154357,91975.06224352364,28,10,514734.07027075335,81922.4716614014,1909.6829820915525,1700.9605230647373,12.27085850591909,12.27085850591909,1.6298376129054197e-07,1,6455.720933157135,8.755126224225593
667,579270.7681872252,92193.80614563632,10,28,514734.0702707534,81922.47166140142,1914.2247730630538,1700.9605230647376,12.537871814571181,12.537871814571181,3.8603396653904617e-07,1,6733.778186297667,6.778901265266044
668,579809.290350807,92279.51460993491,7,29,516567.62789230613,82214.29142031535,1916.004342347376,1707.019591836667,12.242668538200668,12.242668538200668,3.332191148523251e-08,1,2961.031365332613,6.544767740020208
669,580171.3033127026,92337.13076228392,19,23,516567.62789230613,82214.29142031535,1917.200629503379,1707.019591836667,12.312748996663126,12.312748996663126,1.0186786024664353e-07,1,3477.2532765512096,6.867398816052647
670,580421.1313823442,92376.8921344905,23,19,516567.62789230613,82214.29142031535,1918.0261969343253,1707.019591836667,12.361112087215469,12.361112087215469,3.8413973853824574e-08,1,10221.506527919331,4.584591363547219
671,581292.3221234687,92515.54644731636,29,7,516567.62789230613,82214.29142031535,1920.9050836144568,1707.019591836667,12.529761978165691,12.529761978165691,7.436870972394762e-08,1,3733.926993628028,7.707721126737273
672,582993.8207814292,92786.348369395,13,27,519002.4238152341,82601.80122686933,1926.5277579513547,1715.0654780249292,12.329691352072786,12.329691352072786,1.5110023109580788e-07,1,3480.0146593073573,7.377848696095661
673,583578.922505677,92879.47020102062,27,13,519002.4238152341,82601.80122686933,1928.4612513655347,1715.0654780249292,12.442427188631436,12.442427188631436,3.9338700021122655e-08,1,2885.438779675618,7.268912804415434
674,584673.6432328004,93053.70041604748,18,24,519609.362727967,82698.39855498559,1932.07880234606,1717.0711333527909,12.521768307492332,12.521768307492332,8.270424109851894e-08,1,3550.097510695383,7.158757719855279
675,584807.3283875856,93074.97706924954,24,18,519609.362727967,82698.39855498559,1932.5205705987225,1717.0711333527909,12.5474963186435,12.5474963186435,3.1309834847460177e-08,1,2917.160532740764,6.221452893702415
676,585653.759042427,93209.69069195204,1,30,519912.5698332032,82746.65546456452,1935.317636525677,1718.073094066307,12.644662395893716,12.644662395893716,5.138150199927703e-08,1,2725.2989108153206,5.803889979458216
677,586188.4488127619,93294.78921192152,30,1,519912.5698332032,82746.65546456452,1937.0845415042963,1718.073094066307,12.747504643102037,12.747504643102037,6.003732003113078e-08,1,2681.7989984040078,5.149497814222885
678,586750.9918897735,93384.32072333005,15,26,519912.56983320345,82746.65546456455,1938.9434889138136,1718.0730940663077,12.85570419619071,12.85570419619071,3.4839502983705584e-08,1,2815.109196563506,6.872350849162926
679,586890.3165720846,93406.49493521456,26,15,519912.56983320345,82746.65546456455,1939.4038932238973,1718.0730940663077,12.882501909959338,12.882501909959338,1.9186649242737385e-07,1,2568.695498156325,5.5288539680215605
680,588266.0407380513,93625.44823655914,2,30,520821.1453283822,82891.25974579442,1943.9500319624983,1721.0755202486473,12.94972295472844,12.94972295472844,5.5556960260883725e-08,1,2858.722060308872,5.990291309405081
681,589163.5532834698,93768.29179464947,30,2,520821.1453283822,82891.25974579442,1946.915900159078,1721.0755202486473,13.122049396054578,13.122049396054578,2.4584061291646186e-08,1,3336.701275892556,6.482757336757264
682,589259.8704846648,93783.62115332445,28,11,521123.6562105715,82939.40584803394,1947.2341844273774,1722.0751802636348,13.074864950395062,13.074864950395062,6.432139390226183e-08,1,2557.787379899937,4.916128074409482
683,591154.0866735949,94085.09502307736,8,29,521123.65621057164,82939.40584803396,1953.4937020027837,1722.0751802636353,13.438351843832985,13.438351843832985,6.99162812070441e-09,1,3162.5243219842,6.302487972627068
684,591185.6704755698,94090.1217412833,11,28,521123.65621057164,82939.40584803396,1953.5980720133007,1722.0751802636353,13.444412555450755,13.444412555450755,3.5144055489000294e-08,1,2505.412662615417,4.935763499061879
685,591193.6449657658,94091.39092081663,29,8,521123.65621057164,82939.40584803396,1953.6244240537005,1722.0751802636353,13.445942804577033,13.445942804577033,9.295622137597377e-09,1,2620.5743818022543,5.699448385003903
686,591231.0409974391,94097.34268410946,3,30,522331.969533325,83131.71488615395,1953.748000823278,1726.0681027846092,13.19066713945761,13.19066713945761,4.898027539691839e-08,1,2020.7528475983347,4.403269994387042
687,591555.2766639489,94148.9463931612,30,3,522331.9695333251,83131.71488615398,1954.8194513076276,1726.0681027846094,13.252741775019249,13.252741775019249,1.7883332651898386e-08,1,2042.3439929535696,5.552786041996625
688,594670.1125604626,94644.68792301141,17,25,523838.4901704148,83371.48509241674,1965.1125583735886,1731.0464639984377,13.52165289858806,13.52165289858806,7.554657309041323e-08,1,3958.4406083299727,7.385748434152998
689,595658.8012066078,94802.04260822428,25,17,523838.4901704148,83371.48509241674,1968.3797218543561,1731.0464639984377,13.710392112047467,13.710392112047467,9.932942024849376e-09,1,3509.212190568411,6.8000780097958256
690,597319.8692473592,95066.40979772182,4,30,524439.9015569994,83467.20268742344,1973.8687915053245,1733.0338533821714,13.896724386147566,13.896724386147566,2.595108489789749e-08,1,2297.7125858178288,4.985387854320494
691,597772.968383117,95138.52276488834,30,4,524439.9015569994,83467.20268742344,1975.3660767783847,1733.0338533821714,13.983121156189776,13.983121156189776,9.289664144528292e-09,1,2639.6151033386727,6.428074781024475
692,598314.8902047757,95224.77230157469,29,9,526240.061991358,83753.70711891005,1977.156880376724,1738.982559735369,13.696187998435096,13.696187998435096,4.360791866559163e-08,1,2822.2999404559496,6.263728203901565
693,600083.9486317305,95506.32669484292,9,29,526240.0619913581,83753.70711891007,1983.002808829959,1738.9825597353695,14.032357468364912,14.032357468364912,8.542307181382672e-09,1,3153.3065893740686,6.886211851104421
694,602825.3043415765,95942.6270068381,22,21,527137.8647756182,83896.59686994673,1992.0617348102683,1741.949387038487,14.358186847035828,14.358186847035828,1.8809762024229821e-07,1,2654.408069138364,5.95607429777035
695,603139.8484642078,95992.68825877538,5,30,527137.8647756183,83896.59686994675,1993.101159177644,1741.9493870384874,14.417857028908465,14.417857028908465,8.255592334486119e-08,1,2689.48819850707,6.608614081487469
696,603506.8278816108,96051.09484706805,14,27,527137.8647756183,83896.59686994675,1994.3138581960934,1741.9493870384874,14.48747437987589,14.48747437987589,1.9482509414051908e-08,1,5594.900211344797,6.160428454728094
697,605740.4413248602,96406.5854675177,21,22,527137.8647756183,83896.59686994675,2001.6949283645308,1741.9493870384874,14.911199100201209,14.911199100201209,5.791287803661543e-08,1,4396.889497241106,5.789797732993483
698,605834.5442945283,96421.5624203,27,14,527137.8647756183,83896.59686994675,2002.0058956110247,1741.9493870384874,14.929050781128778,14.929050781128778,9.467517246302112e-09,1,3889.233624365327,7.835249578632243
699,605987.6653478354,96445.93239282526,30,5,527137.8647756183,83896.59686994675,2002.5118906130429,1741.9493870384874,14.958098410513601,14.958098410513601,6.69856095763091e-08,1,5267.11011804434,5.659028704852041
700,606249.9948360568,96487.68342759447,12,28,528034.159382029,84039.24658702362,2003.3787695108506,1744.9112305040626,14.812646883596651,14.812646883596651,8.100156332951703e-08,1,3425.7994080535623,6.433022109272767
701,606327.3043513306,96499.98761909833,28,12,528034.159382029,84039.24658702362,2003.6342420764586,1744.9112305040626,14.827287890035368,14.827287890035368,2.37561278912988e-08,1,4780.90135302752,5.498032251449573
702,607679.5490160683,96715.20404176098,20,23,528332.5903991439,84086.7433585694,2008.1027918093992,1745.8974084322178,15.01837290729681,15.01837290729681,1.0421134141885904e-08,1,4422.984794755495,5.482275364739173
703,607763.217946631,96728.52036564324,23,20,528332.5903991439,84086.7433585694,2008.379279332013,1745.8974084322178,15.034209320208506,15.034209320208506,5.1037806206572636e-08,1,4261.97376565384,8.063767584710485
704,607936.9409672193,96756.16924309873,16,26,529226.8857655626,84229.07488671911,2008.9533544069598,1748.8526453246154,14.872648634960633,14.872648634960633,1.4975286099974182e-08,1,5660.299184226927,6.12246664518759
705,608002.488128301,96766.60139779052,26,16,529226.8857655626,84229.07488671911,2009.1699577752588,1748.8526453246154,14.885034090583673,14.885034090583673,2.868395280191318e-08,1,3474.824470418176,6.031690774247863
706,608177.6558856143,96794.48021223726,6,30,530416.9618988675,84418.48138599028,2009.7488070438667,1752.7853022811062,14.660295498161904,14.660295498161904,9.821489618575034e-08,1,3549.041660097652,5.088375281790929
707,610023.4034320046,97088.240057945,30,6,530416.9618988675,84418.48138599028,2015.8481579384015,1752.7853022811062,15.008275988789993,15.008275988789993,4.3569961208980574e-08,1,3637.98184655343,4.132073030425509
708,610062.9674804213,97094.53687181925,19,24,530714.0688771072,84465.76743020423,2015.9788990110762,1753.767104866754,14.951346357032074,14.951346357032074,9.893435762551958e-09,1,2295.991460017196,5.012284588292158
709,610430.7846059059,97153.07678549398,24,19,530714.0688771072,84465.76743020423,2017.19436627134,1753.767104866754,15.02065243860304,15.02065243860304,9.994923044152207e-08,1,3484.8723542359576,5.351232842193404
710,610468.2013417954,97159.03184396515,10,29,531900.8566835286,84654.65057599738,2017.3180114588763,1757.6888954078688,14.771050595433213,14.771050595433213,2.3964658431151632e-08,1,4275.26499353731,6.092007805850248
711,611841.9628824062,97377.6727837829,29,10,531900.8566835286,84654.65057599738,2021.8576646189138,1757.6888954078688,15.029324580772585,15.029324580772585,5.663954033998322e-08,1,3170.0812269893104,6.46798008970284
712,613061.2860613895,97571.73409494461,7,30,534266.6153960965,85031.17276926528,2025.8869696758288,1765.5066452122633,14.748192830067799,14.748192830067799,3.1931432649719595e-08,1,2353.635004992736,4.727274646706818
713,613209.5022028513,97595.32342650428,30,7,534266.6153960965,85031.17276926528,2026.3767561890375,1765.5066452122633,14.77593481079253,14.77593481079253,1.2900607830454131e-08,1,4615.320494167559,5.8017261370651125
714,613307.3720285727,97610.89989304738,18,25,534266.6153960966,85031.1727692653,2026.700171170804,1765.5066452122637,14.794253347437127,14.794253347437127,1.2632148451787657e-07,1,4811.994024157322,5.002736476224745
715,613411.986442067,97627.54979407364,25,18,534266.6153960967,85031.17276926531,2027.0458739283536,1765.506645212264,14.81383428520855,14.81383428520855,1.3637335777134192e-07,1,2806.144310379878,5.995530619849661
716,613665.7229424793,97667.93321235711,13,28,535445.6201339884,85218.81720122954,2027.884356934219,1769.402716273978,14.60841210894904,14.60841210894904,2.489666524483235e-07,1,9213.438049473149,5.868657048869486
717,614351.8074586804,97777.12695448931,28,13,535445.6201339886,85218.81720122955,2030.1515522588459,1769.4027162739783,14.736545478688676,14.736545478688676,8.29841140420883e-08,1,7359.971295110834,6.04219859843801
718,614541.7925100912,97807.36401453492,27,15,535739.9705431386,85265.6645238469,2030.7793659029908,1770.375409660388,14.708968212146386,14.708968212146386,3.261482525762772e-08,1,6461.084116141822,6.560716443906636
719,614572.6809152708,97812.28005690349,15,27,535739.9705431387,85265.66452384692,2030.8814379453627,1770.3754096603884,14.714733771350067,14.714733771350067,6.657205236593182e-08,1,5425.187747283872,5.8471207809611645
720,615790.5272661155,98006.10632356684,29,11,538089.042845393,85639.53099243095,2034.905862761182,1778.138018515593,14.440265129696812,14.440265129696812,3.498326276881836e-08,1,2737.633791541735,6.038692362482154
721,616272.1081612564,98082.75230352713,11,29,538089.0428453931,85639.53099243097,2036.4972672137103,1778.1380185155936,14.529763494613174,14.529763494613174,3.206776445531773e-07,1,6111.838313971963,6.541515358130075
722,616489.6514309698,98117.3753902384,8,30,538674.7283378761,85732.74573365686,2037.2161481567305,1780.0734410166172,14.445623490301424,14.445623490301424,2.252958643923902e-07,1,5071.339689404178,6.056070736843417
723,616824.6417891625,98170.6907616329,30,8,538674.7283378763,85732.74573365688,2038.3231379749748,1780.0734410166174,14.507811363719266,14.507811363719266,8.391328598750074e-08,1,3326.8291541266367,5.893061045941237
724,616912.3415146475,98184.64860645162,17,26,538967.3350885095,85779.31554440221,2038.6129454300262,1781.0403724096523,14.461916585972281,14.461916585972281,5.940252048927537e-08,1,3077.419044846512,5.447995972721043
725,617606.6076138003,98295.14448795293,26,17,538967.3350885095,85779.31554440221,2040.9071771418303,1781.0403724096523,14.5907307188434,14.5907307188434,7.823183814771111e-08,1,4021.058096560706,5.435990527973397
726,618427.5342616495,98425.79902187397,22,22,539844.2143667021,85918.87521602142,2043.6199639981362,1783.9380571013119,14.556666127678037,14.556666127678037,4.8076499575957e-07,1,6625.248654256332,5.821202938534458
727,618973.559631549,98512.70165854708,21,23,540428.0189014821,86011.79059353113,2045.4243279453342,1785.8672638979876,14.533950495336084,14.533950495336084,7.22848227219134e-08,1,3783.842250518248,6.291277842451192
728,619102.7891861496,98533.26918095532,23,21,540428.0189014821,86011.79059353113,2045.8513724785882,1785.8672638979876,14.557862940672136,14.557862940672136,9.053085722218754e-08,1,4262.783717868392,6.142884029220329
729,619276.2756101327,98560.88040289156,24,20,542175.7023579674,86289.94305459068,2046.4246657100382,1791.6425578565381,14.220588070776403,14.220588070776403,8.401437675904152e-07,1,3456.849220711193,5.54647882259071
730,620808.2513178149,98804.70190946589,20,24,542175.7023579675,86289.94305459071,2051.4871442821113,1791.6425578565384,14.503148816493978,14.503148816493978,2.4698710586712752e-08,1,3505.161584051426,7.086853718467973
731,621226.3258944598,98871.24054491999,14,28,543337.7358079042,86474.88642218625,2052.8686894170505,1795.4825465788379,14.335207174731012,14.335207174731012,1.1595441914640502e-08,1,3770.7639651229024,7.946284095606078
732,621575.510800662,98926.81504879514,28,14,543337.7358079042,86474.88642218625,2054.022585720024,1795.4825465788379,14.399473814647513,14.399473814647513,2.061369997021054e-08,1,2884.4678504069634,5.685517170566551
733,621823.9009558142,98966.34756980297,30,9,543627.8602906611,86521.061167729,2054.843401501675,1796.4412752126052,14.384112069485184,14.384112069485184,3.171180463021541e-08,1,3015.764827664333,6.451488981182756
734,623130.21956425,99174.25463358845,9,30,543627.8602906612,86521.06116772901,2059.160186637591,1796.4412752126054,14.624408548723261,14.624408548723261,9.989979144925457e-08,1,2549.485035472941,4.286330834439208
735,623222.6107846093,99188.95915300694,12,29,544786.8299204726,86705.51691320688,2059.4654973360384,1800.2711394116143,14.39751780996373,14.39751780996373,8.418863610516614e-09,1,2740.000413434355,5.356577421714471
736,623454.9100191962,99225.93072446791,16,27,544786.8299204726,86705.51691320688,2060.233139989579,1800.2711394116143,14.44015820099901,14.44015820099901,1.5612971744935447e-08,1,2230.6044037877687,4.593801785948345
737,625773.4028708822,99594.93032233695,27,16,544786.8299204726,86705.51691320688,2067.894697756002,1800.2711394116143,14.86573619304122,14.86573619304122,1.995704709834268e-07,1,3083.8332619264847,5.381512507345512
738,626136.1513093966,99652.6635294254,29,12,544786.8299204726,86705.51691320688,2069.093415325624,1800.2711394116143,14.932321583618194,14.932321583618194,8.180908544781376e-09,1,3173.061051065832,6.369355381093177
739,627959.7962757413,99942.9056402638,25,19,545076.1914477827,86751.5702306189,2075.119727308832,1801.227346826813,15.205875092032656,15.205875092032656,1.005891011554517e-07,1,2309.374433449017,5.399583868043648
740,628122.6278146418,99968.82108457107,19,25,545076.1914477828,86751.57023061892,2075.6578110215223,1801.2273468268133,15.235748262326112,15.235748262326112,8.231003228684983e-09,1,2516.720785546499,4.323205285351207
741,628573.2050366673,100040.53267670104,10,30,549111.4127846626,87393.79565285322,2077.1467625239056,1814.561906538881,14.470978093322948,14.470978093322948,1.1285920783207183e-07,1,2291.008482325402,4.820728790813106
742,629965.7960391778,100262.17041845589,18,26,549111.4127846627,87393.79565285324,2081.748638437811,1814.5619065388814,14.724586189983741,14.724586189983741,9.079524980600825e-08,1,3332.3064446461512,5.803936152043511
743,630530.4210852745,100352.03328553568,26,18,549111.4127846627,87393.79565285324,2083.6144658022968,1814.5619065388814,14.827411415056629,14.827411415056629,8.778353526660787e-09,1,2531.965382289028,4.972541056211236
744,632232.6848897472,100622.95698446392,30,10,549111.4127846627,87393.79565285324,2089.2396685982317,1814.5619065388814,15.137414770448594,15.137414770448594,9.380011965049729e-09,1,3025.153101828821,6.555282957802054
745,632952.9309355045,100737.58770288859,15,28,551690.0617925276,87804.20038895395,2091.619752143279,1823.0831613353844,14.729804789113143,14.729804789113143,4.0005742219124126e-08,1,2746.78048266357,6.194869171294473
746,634267.3528032602,100946.78444044998,28,15,551690.0617925276,87804.20038895395,2095.963314842615,1823.0831613353844,14.968058467906072,14.968058467906072,9.76889547844715e-09,1,2823.21431305448,5.269913422197186
747,634924.8826178986,101051.43356067999,13,29,551975.8424559986,87849.68379418545,2098.136149947254,1824.0275356344548,15.027657694731875,15.027657694731875,7.050368524933389e-08,1,3054.299363188903,6.916168904726039
748,635058.2803618126,101072.6644710212,29,13,551975.8424559986,87849.68379418545,2098.576968438527,1824.0275356344548,15.05182501033763,15.05182501033763,8.62010069259907e-08,1,2679.755855681986,5.2762681056941965
749,637061.4352574454,101391.4764744399,22,23,552832.3072044054,87985.99439247834,2105.1964785814307,1826.857759648323,15.23592723424121,15.23592723424121,3.136677758858711e-08,1,2584.879399322165,4.903442013045445
750,637117.4230173118,101400.38720317528,23,22,552832.3072044054,87985.99439247834,2105.38149250378,1826.857759648323,15.246054674178563,15.246054674178563,1.2681117472294881e-08,1,3607.029573229932,5.272767078265534
751,637723.6116057353,101496.86511346877,21,24,553972.2215854982,88167.4174009308,2107.384668353201,1830.6246549713637,15.118337482795818,15.118337482795818,2.876222220495704e-08,1,2717.4485305946305,6.057697483319008
752,639207.5726633309,101733.04485114099,24,21,553972.2215854982,88167.4174009308,2112.2884804816813,1830.6246549713637,15.386213921319857,15.386213921319857,4.866400842628036e-08,1,3064.3926121870604,6.200751778073204
753,639736.8018168877,101817.2742869579,17,27,554256.8376125066,88212.71544851236,2114.037340621018,1831.565180679946,15.422446491159409,15.422446491159409,2.8134980190299812e-08,1,2487.3996560236706,5.368485268054342
754,639944.2058401281,101850.28366247375,27,17,554256.8376125066,88212.71544851236,2114.72271599489,1831.565180679946,15.459866692258556,15.459866692258556,1.2563162254773951e-08,1,2305.02196493786,5.309514801210746
755,640415.318515329,101925.26357348522,11,30,555109.8190344946,88348.4716581873,2116.279527771524,1834.38389389422,15.367319502509746,15.367319502509746,2.109170161422076e-08,1,2965.7756788756938,6.166556424954426
756,643749.7627395879,102455.95685424024,30,11,555109.8190344946,88348.4716581873,2127.298339852182,1834.38389389422,15.968001405427351,15.968001405427351,3.4181789308140366e-08,1,2575.936418095371,4.9163274086881374
757,644750.3638237868,102615.2074628536,20,25,556245.1135094425,88529.15938574019,2130.604868488732,1838.135522541852,15.911196011404039,15.911196011404039,3.030530263517893e-08,1,1913.086913998258,5.103972339552155
758,646795.2233168179,102940.65695909789,25,20,556245.1135094427,88529.1593857402,2137.3621932390256,1838.1355225418524,16.278814430580706,16.278814430580706,3.8869091889167775e-08,1,3199.606980811545,7.608411863418532
759,647562.7839183592,103062.81802295578,14,29,559637.3166014841,89069.04527581022,2139.8986297364095,1849.3452012459366,15.711151617054616,15.711151617054616,1.8652008131295867e-08,1,2781.610538777906,6.61401145110513
760,647846.4418986221,103107.96359266208,19,26,559637.3166014841,89069.04527581022,2140.8359895389685,1849.3452012459366,15.761837654573602,15.761837654573602,5.1763081626021743e-08,1,13982.976427075604,6.942407620455665
761,648496.3507566073,103211.39979996963,26,19,559637.3166014841,89069.04527581022,2142.9836408697643,1849.3452012459366,15.877968019491348,15.877968019491348,2.9066843568747814e-08,1,4856.287450750409,6.522926177079426
762,649614.6930600973,103389.38950563884,29,14,559637.3166014841,89069.04527581022,2146.6792503492557,1849.3452012459366,16.07780142414731,16.07780142414731,1.2555999237361998e-08,1,4241.212044519043,5.403676429843686
763,650100.3406333941,103466.6827175296,16,28,560482.1912309784,89203.51124938716,2148.284093311886,1852.1371252212675,15.989473136619889,15.989473136619889,1.661986529200739e-08,1,3357.988101794094,5.717352793765845
764,650640.3436254339,103552.62686299716,28,16,560482.1912309785,89203.51124938719,2150.0685560565285,1852.137125221268,16.085819282936068,16.085819282936068,8.886636411026468e-09,1,2731.5579395560003,6.253369309619536
765,652967.6515607554,103923.02942500058,12,30,561606.7329867063,89382.48762852451,2157.759243639954,1855.853221053092,16.26777479824333,16.26777479824333,4.048509582616447e-08,1,1750.7369769887705,4.073483936152509
766,655700.0472305425,104357.90370233008,30,12,561606.7329867063,89382.48762852451,2166.788560788625,1855.853221053092,16.754306655732975,16.754306655732975,1.752179259366541e-08,1,3695.4569161509376,6.975917769286357
767,656161.1728888426,104431.29413023505,18,27,564128.8353855773,89783.89269228875,2168.312370045176,1864.1876151866488,16.314063690852127,16.314063690852127,4.527574124907639e-08,1,2519.904287891936,6.122698435114304
768,656277.382292153,104449.78943120565,27,18,564128.8353855773,89783.89269228875,2168.6963889373696,1864.1876151866488,16.33466348934157,16.33466348934157,9.328057357270067e-09,1,2732.1345547025558,6.104803527372265
769,657555.9857141055,104653.28548606361,23,23,565525.1898901539,90006.12941400075,2172.921588066413,1868.801927752435,16.273509556988504,16.273509556988504,9.340723462488521e-09,1,4207.394534839307,7.386192151354114
770,657741.2636299365,104682.77338221387,22,24,566082.7764682896,90094.87207411273,2173.5338467817887,1870.644496201616,16.191710995605852,16.191710995605852,3.968715761310804e-08,1,3264.89730897764,7.296194547828741
771,657796.8495129738,104691.62015026539,24,22,566082.7764682896,90094.87207411273,2173.717532685145,1870.644496201616,16.20153038692951,16.20153038692951,2.167864698496912e-08,1,2799.369551597477,6.419411471233799
772,661429.6532782465,105269.79882679139,15,29,567752.2816992085,90360.58208413127,2185.7222864981572,1876.1614469046256,16.499690903693757,16.499690903693757,1.7349880827061682e-08,1,4200.445915620503,6.382584075993522
773,664526.1851627646,105762.6271826541,29,15,567752.2816992085,90360.58208413127,2195.9549071816996,1876.1614469046256,17.045092830613456,17.045092830613456,1.6889896764185552e-08,1,2872.154863725087,6.529658723358694
774,665922.8613332256,105984.91509908164,21,25,567752.2816992087,90360.58208413128,2200.570282706016,1876.161446904626,17.291093809470066,17.291093809470066,2.0090206745277224e-08,1,2607.432243358628,5.274723817609825
775,666696.6566464552,106108.06844812346,25,21,567752.2816992087,90360.58208413128,2203.1273220720786,1876.161446904626,17.427384818449145,17.427384818449145,5.5679012876509994e-08,1,2599.239766005079,6.691788938320717
776,667270.0141694958,106199.3211320743,13,30,568585.2133435475,90493.14727258548,2205.022006276257,1878.913904779984,17.356202467108748,17.356202467108748,5.1697516162349345e-08,1,2538.7321930506387,5.7973609839448805
777,669982.3299617846,106630.99959764328,30,13,568585.2133435475,90493.14727258548,2213.9849686197863,1878.913904779984,17.833231367726675,17.833231367726675,5.74498946499932e-08,1,3399.788503060827,6.896805220613159
778,671960.0734385896,106945.76724814453,17,28,569693.9122211946,90669.60217936344,2220.5205056535488,1882.577647150587,17.95107144794065,17.95107144794065,4.281342924750431e-08,1,5089.300281667125,7.230813660564589
779,671987.5948173589,106950.14741161637,28,17,569693.9122211946,90669.60217936344,2220.6114512146273,1882.577647150587,17.95590235418328,17.95590235418328,2.5855481625724715e-08,1,4832.657901995287,6.972971035658021
780,672159.5276892526,106977.51137805825,26,20,570524.0356171329,90801.72042120325,2221.1796106674387,1885.3208250502366,17.814410213617236,17.814410213617236,9.937136207489821e-08,1,5252.817211143203,6.3673442013381685
781,674138.515031405,107292.4769958781,20,26,570524.035617133,90801.72042120328,2227.719258106893,1885.320825050237,18.161282075029973,18.161282075029973,3.780962901386108e-08,1,2401.5485434126745,4.883072678923977
782,677266.470247212,107790.30653024385,19,27,574382.2272621269,91415.7706928999,2238.055718518778,1898.0703826520892,17.912156418121995,17.912156418121995,6.25824191499925e-08,1,3297.7461316566687,6.912287633025562
783,677489.6398102954,107825.82506935624,27,19,574382.227262127,91415.77069289991,2238.7931917863916,1898.0703826520894,17.951010260126676,17.951010260126676,2.773645503310656e-07,1,3036.601362791095,7.038259503466136
784,678368.4364488786,107965.6898983593,14,30,576027.8989083731,91677.68747010616,2241.6972124766203,1903.5085742657109,17.76659389839458,17.76659389839458,1.5485677535616377e-07,1,10987.794209289134,7.456709115196129
785,678497.5950618254,107986.24613005266,30,14,576027.8989083731,91677.68747010616,2242.1240225801766,1903.5085742657109,17.789016182660937,17.789016182660937,3.1217104230347514e-08,1,6766.53589837621,6.857162514634571
786,678669.0201690397,108013.52928323588,16,29,576301.7247408475,91721.26820489072,2242.6905041031123,1904.4134433197241,17.76279525698539,17.76279525698539,5.6893875174174905e-08,1,3015.656270420194,6.509707381611434
787,684173.747303702,108889.63381708949,29,16,576301.7247408475,91721.26820489072,2260.88110792574,1904.4134433197241,18.717976700722634,18.717976700722634,5.5850761196591247e-08,1,5305.137407637932,7.245340571504113
788,685824.2396936251,109152.3178394813,23,24,578487.7068131567,92069.17805720899,2266.335229890896,1911.6371136067316,18.55467827860627,18.55467827860627,1.8676896308026806e-08,1,6435.217601894774,7.760218447238877
789,686555.685506203,109268.73105615693,24,23,578487.7068131567,92069.17805720899,2268.7523235394697,1911.6371136067316,18.68111930820176,18.68111930820176,8.540579623318972e-08,1,2843.7449201972304,5.242007077989728
790,686665.4125222212,109286.19465314696,18,28,579305.3422912331,92199.30878519216,2269.114921108468,1914.3390246532135,18.532553110310378,18.532553110310378,6.753778281156026e-08,1,2961.214028120085,5.7759233660595575
791,686734.298676362,109297.15822508906,28,18,579305.3422912331,92199.30878519216,2269.342558320665,1914.3390246532135,18.544444275316437,18.544444275316437,9.638974589936359e-08,1,3404.8964963491376,7.209999964464398
792,691121.8639630319,109995.46092860098,22,25,579577.6333798261,92242.6452579016,2283.84145352896,1915.2388220811072,19.245779022342884,19.245779022342884,4.5171263626323176e-08,1,3616.748515583766,7.252404435925071
793,693585.4205191436,110387.54813209259,25,22,579577.6333798261,92242.6452579016,2291.9823804469684,1915.2388220811072,19.670839689668046,19.670839689668046,8.146820546032695e-08,1,5879.472145305865,6.587148912841239
794,693607.4804709168,110391.05908246168,21,26,581751.4140827383,92588.61320196786,2292.055278491365,1922.4221724264783,19.227467897872618,19.227467897872618,1.6991052834135368e-08,1,5711.218273758741,6.519847447530116
795,694546.8539173128,110540.56500986486,26,21,581751.4140827383,92588.61320196786,2295.1594778071285,1922.4221724264783,19.388941239175463,19.388941239175463,3.796954696412331e-08,1,55698.145925165976,7.071878192030449
796,696556.5228329614,110860.41375176847,15,30,583917.1723560707,92933.30433671088,2301.800513804902,1929.5790123137263,19.29029592029254,19.29029592029254,6.11955030416863e-08,1,4981.8372313318805,8.381304650256398
797,698446.8002598926,111161.2607480796,30,15,583917.1723560707,92933.30433671088,2308.0470155745616,1929.5790123137263,19.614019475005616,19.614019475005616,7.873718482999668e-08,1,15174.800754160444,8.33328965692217
798,699013.493747221,111251.4528178059,27,20,584997.0705077192,93105.17546558153,2309.9196781906508,1933.147581466179,19.49008447863625,19.49008447863625,8.153471880809274e-08,1,4815.467472614542,7.48919586395946
799,699028.111236789,111253.77926352624,20,27,584997.0705077193,93105.17546558155,2309.967982303663,1933.1475814661794,19.492583207314542,19.492583207314542,4.4741000469196355e-08,1,4735.569687410987,7.441871766984745
800,699470.4813577197,111324.18465494853,17,29,585266.7363612882,93148.09411916015,2311.4298130930856,1934.0387036938143,19.51311050179571,19.51311050179571,2.402187920302515e-07,1,14048.99782675684,7.917832975487209
801,702992.035657023,111884.65742904916,29,17,585266.7363612882,93148.09411916015,2323.066938336792,1934.0387036938143,20.114811244468587,20.114811244468587,4.480329138118808e-08,1,299921798749.667,7.822828028437737
802,702992.0356574252,111884.65742911317,19,28,589297.0406970162,93789.53697635594,2323.0669383381214,1947.3570149674472,19.293325285654145,19.293325285654145,3.619561223917168e-08,1,356119745346.32715,3.830655498214705
803,703060.6221892106,111895.57331467635,28,19,589297.0406970162,93789.53697635594,2323.2935854355624,1947.3570149674472,19.304963988557564,19.304963988557564,8.48381123229607e-08,1,11259.355715804364,13.140335626107449
804,2354264773.964366,374692876.1235525,24,24,591168.5244419355,94087.39286527598,7779767.597759588,1953.5414122193924,398139.19519172603,398139.19519172603,7.38593487605191e-16,1,5.824380459639746,5.824380459639639
805,2354264773.9643664,374692876.1235526,23,25,591702.1558149871,94172.32293608607,7779767.597759589,1955.3048196793889,397780.0399538337,397780.0399538337,1.2713474057234909e-15,1,5.824284717692109,5.8242847176920005
806,2354264774.1691737,374692876.1561487,25,23,591702.1558149871,94172.32293608607,7779767.5984363835,1955.3048196793889,397780.039988447,397780.039988447,1.0684133084799756e-15,1,5.849636180998025,5.849636180997915
807,2354264774.169174,374692876.15614873,16,30,592235.3102987768,94257.1771076128,7779767.598436385,1957.066651238633,397421.85207961866,397421.85207961866,7.499252732330258e-16,1,5.85554798238524,5.855547982385131
808,2354264774.519296,374692876.2118724,30,16,592235.3102987768,94257.1771076128,7779767.599593378,1957.066651238633,397421.85213873733,397421.85213873733,9.685934649082856e-16,1,5.867023711785967,5.867023711785856
809,2354264774.5192966,374692876.21187246,26,22,593300.1936642957,94426.65855905147,7779767.59959338,1960.585603394769,396708.3610387964,396708.3610387964,1.5215322551468089e-15,1,5.866933786283809,5.866933786283697
810,2354264775.028212,374692876.29286885,22,26,593300.1936642958,94426.65855905149,7779767.601275112,1960.5856033947694,396708.3611245734,396708.3611245734,9.3499106851203e-16,1,5.87648194645084,5.876481946450724
811,2354264775.0282125,374692876.292869,18,29,594628.6378343411,94638.08701533581,7779767.601275113,1964.9755033855627,395821.8620217367,395821.8620217367,1.100937294165442e-15,1,5.853176722536948,5.853176722536834
812,2354264775.715275,374692876.40221834,29,18,594628.6378343413,94638.08701533583,7779767.60354554,1964.9755033855631,395821.8621372814,395821.8621372814,8.564978240475746e-16,1,5.867729422101922,5.867729422101805
813,2354264775.715276,374692876.40221846,21,27,595954.1445848668,94849.04796678365,7779767.603545543,1969.355696549217,394941.26233658846,394941.26233658846,1.6058300555192157e-15,1,5.867820491073983,5.867820491073863
814,2354264776.60587,374692876.5439609,27,21,595954.1445848668,94849.04796678365,7779767.606488548,1969.355696549217,394941.26248602854,394941.26248602854,1.2905897056067496e-15,1,5.839603394068068,5.839603394067947
815,2354264776.60587,374692876.5439609,20,28,599650.099678006,95437.27748930242,7779767.606488548,1981.5691365982566,392506.41795441014,392506.41795441014,9.125467152379177e-16,1,5.890554797900805,5.8905547979006805
816,2354264777.2888546,374692876.6526613,28,20,599650.099678006,95437.27748930242,7779767.608745501,1981.5691365982566,392506.41806830745,392506.41806830745,9.5903863482708e-16,1,5.798258799569151,5.798258799569044
817,2354264777.288855,374692876.6526614,17,30,600964.6182492778,95646.48961770642,7779767.608745502,1985.9130188584547,391647.6513255087,391647.6513255087,1.215879640901783e-15,1,5.799528911215683,5.799528911215576
818,2354264777.493663,374692876.68525755,30,17,600964.6182492778,95646.48961770642,7779767.609422298,1985.9130188584547,391647.6513595885,391647.6513595885,1.0186579576288893e-15,1,5.847767903333857,5.847767903333748
819,2354264777.493664,374692876.68525773,24,25,604107.8827596945,96146.75570198456,7779767.609422302,1996.300069482395,389609.32919114997,389609.32919114997,8.849096339436699e-16,1,5.847448657435369,5.847448657435259
820,2354264777.7309165,374692876.72301763,25,24,604107.8827596945,96146.75570198456,7779767.610206313,1996.300069482395,389609.3292304232,389609.3292304232,1.0792835470450046e-15,1,5.868937032128155,5.868937032128029
821,2354264777.730917,374692876.72301775,19,29,604369.089203206,96188.32799863687,7779767.610206314,1997.1632372314223,389440.89806855534,389440.89806855534,1.1456596941931109e-15,1,5.8676876154514455,5.867687615451316
822,2354264777.8437843,374692876.7409811,29,19,604369.089203206,96188.32799863687,7779767.6105792895,1997.1632372314223,389440.89808723057,389440.89808723057,9.850448448385952e-16,1,5.8570309460515775,5.857030946051466
823,2354264777.8437843,374692876.7409811,23,26,605152.0372042916,96312.93804319356,7779767.6105792895,1999.7505220419234,388936.9085957509,388936.9085957509,1.060597851206526e-15,1,5.86789503344743,5.867895033447318
824,2354264778.3527,374692876.8219776,26,23,605152.0372042916,96312.93804319356,7779767.612261024,1999.7505220419234,388936.90867984813,388936.90867984813,9.525983820084935e-16,1,5.860623525170716,5.8606235251706025
825,2354264778.3527007,374692876.8219777,22,27,607235.0004820203,96644.45194512299,7779767.612261025,2006.6337623616218,387602.4177598288,387602.4177598288,1.0082275105944941e-15,1,5.860809102570097,5.8608091025699816
826,2354264779.0397644,374692876.9313273,27,22,607235.0004820203,96644.45194512299,7779767.6145314565,2006.6337623616218,387602.41787297506,387602.41787297506,1.1276078471715745e-15,1,5.846097246094105,5.846097246093988
827,2354264779.0397644,374692876.9313273,18,30,610087.5497491845,97098.44926140533,7779767.6145314565,2016.0601321587317,385789.661247412,385789.661247412,1.0087917458313808e-15,1,5.882534308380392,5.882534308380273
828,2354264779.1247997,374692876.94486105,30,18,610087.5497491845,97098.44926140533,7779767.614812459,2016.0601321587317,385789.6612613502,385789.6612613502,1.0291528496846365e-15,1,5.819320793131878,5.819320793131748
829,2354264779.1247997,374692876.94486105,21,28,610346.2162250854,97139.61730965711,7779767.614812459,2016.9149064772769,385626.1201168135,385626.1201168135,1.2031576829520292e-15,1,5.904461092190643,5.904461092190505
830,2354264779.9303584,374692877.0730697,28,21,610346.2162250855,97139.61730965714,7779767.617474462,2016.9149064772773,385626.12024879735,385626.12024879735,9.483624447849025e-16,1,5.864372843473634,5.86437284347351
831,2354264779.9303584,374692877.0730697,20,29,614470.1792124355,97795.96640422191,7779767.617474462,2030.5427167296132,383037.35305231775,383037.35305231775,8.963082731668629e-16,1,5.8643128184178845,5.864312818417764
832,2354264780.820006,374692877.2146615,29,20,614470.1792124355,97795.96640422191,7779767.62041434,2030.5427167296132,383037.35319710063,383037.35319710063,1.1202952815905056e-15,1,5.865705630845928,5.865705630845788
833,2354264780.8200064,374692877.2146616,25,25,616777.8782328933,98163.24811049609,7779767.620414342,2038.168605823858,381603.82951559813,381603.82951559813,1.4911801624948794e-15,1,5.8668890098075375,5.866889009807397
834,2354264781.0554056,374692877.2521265,24,26,617289.5369949178,98244.68113164857,7779767.621192228,2039.85940386065,381287.4430006398,381287.4430006398,9.847376307981408e-16,1,5.901755088745195,5.901755088745064
835,2354264781.055406,374692877.2521266,26,24,617289.5369949178,98244.68113164857,7779767.62119223,2039.85940386065,381287.4430006399,381287.4430006399,1.031382394118207e-15,1,5.832441985076735,5.832441985076609
836,2354264782.449287,374692877.47396964,23,27,618821.9929101513,98488.57906562838,7779767.625798368,2044.9234692989025,380342.9721991329,380342.9721991329,1.2656608237912689e-15,1,5.862333284334035,5.8623332843339
837,2354264782.4492874,374692877.4739697,27,23,618821.9929101513,98488.57906562838,7779767.62579837,2044.9234692989025,380342.972199133,380342.972199133,9.142216905589436e-16,1,5.862982334553533,5.862982334553401
838,2354264782.8357663,374692877.5354797,19,30,619586.8095048122,98610.30340722739,7779767.627075505,2047.4508381094008,379873.3542935408,379873.3542935408,1.076770295830836e-15,1,5.917534272757317,5.917534272757164
839,2354264782.835767,374692877.5354798,30,19,619586.8095048122,98610.30340722739,7779767.627075507,2047.4508381094008,379873.35429354094,379873.35429354094,1.95861032815603e-15,1,5.806521015210383,5.806521015210247
840,2354264784.144495,374692877.74377036,22,28,621367.7461825968,98893.74828283046,7779767.631400255,2053.3360187452895,378784.29172708694,378784.29172708694,1.0694033528107836e-15,1,5.915863604722633,5.915863604722487
841,2354264784.1444955,374692877.7437705,28,22,621367.7461825968,98893.74828283046,7779767.631400256,2053.3360187452895,378784.291727087,378784.291727087,1.5449453517571408e-15,1,5.8156098570827215,5.815609857082587
842,2354264785.157129,374692877.9049361,21,29,624914.4981096539,99458.23138394232,7779767.634746546,2065.056410616484,376633.9039626546,376633.9039626546,8.674047660090344e-16,1,5.864069997431354,5.864069997431201
843,2354264785.1571293,374692877.90493613,29,21,624914.4981096539,99458.23138394232,7779767.634746548,2065.056410616484,376633.9039626547,376633.9039626547,1.304794675022525e-15,1,5.863887429580887,5.863887429580746
844,2354264786.160255,374692878.06458855,20,30,629445.4408495491,100179.35331786297,7779767.638061419,2080.0291026878954,373922.05709564826,373922.05709564826,1.6879975878736957e-15,1,5.861770373954669,5.861770373954522
845,2354264786.1602554,374692878.0645886,30,20,629445.4408495491,100179.35331786297,7779767.63806142,2080.0291026878954,373922.05709564826,373922.05709564826,1.2078963073727574e-15,1,5.861785529986655,5.861785529986514
846,2354264787.7023816,374692878.31002563,25,26,629696.2103416887,100219.26452211362,7779767.643157442,2080.8577810893353,373773.1072281505,373773.1072281505,1.4445787463381169e-15,1,5.909062266152459,5.909062266152303
847,2354264787.7023816,374692878.31002563,26,25,629696.2103416887,100219.26452211362,7779767.643157442,2080.8577810893353,373773.1072281505,373773.1072281505,1.2382058655014065e-15,1,5.807479955608477,5.807479955608345
848,2354264788.481618,374692878.4340449,24,27,630698.2978276378,100378.75169891295,7779767.6457324615,2084.1692216033853,373179.0775860014,373179.0775860014,1.2511798091622786e-15,1,5.919465281533108,5.91946528153295
849,2354264788.4816184,374692878.434045,27,24,630698.2978276378,100378.75169891295,7779767.645732462,2084.1692216033853,373179.0775860014,373179.0775860014,1.305404367516476e-15,1,5.806871078561807,5.806871078561672
850,2354264790.284406,374692878.7209676,23,28,632697.7426458852,100696.97322517651,7779767.651689852,2090.7764716385273,371999.4452167764,371999.4452167764,1.2739583593373046e-15,1,5.867601858104919,5.867601858104773
851,2354264790.2844067,374692878.72096765,28,23,632697.7426458852,100696.97322517651,7779767.651689853,2090.7764716385273,371999.44521677645,371999.44521677645,1.6271938250660898e-15,1,5.867685015475535,5.867685015475407
852,2354264791.0268703,374692878.8391344,22,29,635685.1946642727,101172.44098115273,7779767.654143355,2100.6486332872682,370250.73504743783,370250.73504743783,1.3949208229589946e-15,1,5.7940491032347605,5.794049103234626
853,2354264791.0268703,374692878.8391344,29,22,635685.1946642727,101172.44098115273,7779767.654143355,2100.6486332872682,370250.73504743783,370250.73504743783,1.048330748967873e-15,1,5.794129233035856,5.794129233035704
854,2354264792.589509,374692879.0878361,21,30,639646.8982249482,101802.965685899,7779767.659307161,2113.740250395981,367956.93877711444,367956.93877711444,1.4127115237370766e-15,1,5.06863552954515,5.068635529545038
855,2354264792.589509,374692879.0878361,30,21,639646.8982249482,101802.965685899,7779767.659307161,2113.740250395981,367956.93877711444,367956.93877711444,1.5081791726135042e-15,1,5.033885179604775,5.033885179604673
856,2354264793.608895,374692879.2500764,26,26,642356.4849319846,102234.20980405994,7779767.662675764,2122.6941943617758,366404.4019689743,366404.4019689743,1.2582613279748949e-15,1,4.163027919780566,4.16302791978047
857,2354264793.608896,374692879.25007653,25,27,642847.9176382119,102312.42374845303,7779767.662675768,2124.3181545410503,366124.22333704313,366124.22333704313,1.1674283186087513e-15,1,4.17323968289479,4.173239682894692
858,2354264794.216938,374692879.34684944,27,25,642847.9176382119,102312.42374845303,7779767.664685069,2124.3181545410503,366124.2234316288,366124.2234316288,1.6438808828943433e-15,1,4.394460983295794,4.394460983295708
859,2354264794.2169385,374692879.34684956,24,28,644319.980651514,102546.70985356282,7779767.6646850705,2129.1826490785375,365287.5193869337,365287.5193869337,1.5933770298394964e-15,1,4.394515671680595,4.394515671680511
860,2354264795.913998,374692879.61694497,28,24,644319.980651514,102546.70985356282,7779767.670293076,2129.1826490785375,365287.51965032145,365287.51965032145,1.1886347906739456e-15,1,5.867699648053723,5.867699648053604
861,2354264795.913998,374692879.61694497,23,29,646766.0189216712,102936.00893525028,7779767.670293076,2137.265686079089,363905.6414588967,363905.6414588967,1.0683493246904473e-15,1,5.867753430293667,5.867753430293536
862,2354264797.541427,374692879.8759583,29,23,646766.0189216712,102936.00893525028,7779767.675670984,2137.265686079089,363905.6417105223,363905.6417105223,1.1012611046276628e-15,1,5.8710069469795085,5.871006946979394
863,2354264797.541428,374692879.8759585,30,22,650175.1056481355,103478.58193919605,7779767.675670987,2148.5311574677803,361997.0377194846,361997.0377194846,3.186761026116331e-15,1,5.858628679425136,5.858628679425025
864,3329433172.662322,529895747.1233404,22,30,650175.1056481358,103478.58193919608,11002252.848547395,2148.531157467781,511982.5364950465,511982.5364950465,5.124732040685815e-16,1,2.152007400970109,2.1520074009700965
865,3329433175.013089,529895747.49747664,26,27,655255.6762341331,104287.17986168485,11002252.856315605,2165.320118021489,508012.06919227523,508012.06919227523,7.476462908417556e-16,1,1.9805501197019597,1.980550119701949
866,3329433175.013094,529895747.4974774,27,26,655255.6762341333,104287.17986168488,11002252.85631562,2165.32011802149,508012.0691922757,508012.0691922757,7.127059403215166e-16,1,1.9798198676132897,1.979819867613277
867,3329433177.363862,529895747.87161374,25,28,656218.9701136454,104440.49284425941,11002252.864083834,2168.503363420999,507266.1885738025,507266.1885738025,7.127561257601802e-16,1,2.152007488865772,2.152007488865759
