mode_rank,eigen_index,omega_sq,omega,Omega_FEM,Omega_exact,matched_m,matched_n,MAC,W_energy_pct,Phi1_energy_pct,Phi2_energy_pct,relative_residual,residual_ok
1,1,35.79001759717436,5.98247587518532,19.76934475801219,2536.488331079965,1,16,0.05425371805615849,99.9998,0.0001,0.0001,2.2583526142797513e-5,false
2,2,229.67391353310958,15.15499632243801,50.08032683381326,2862.1852763159136,1,17,0.05198860641493179,99.9996,0.0002,0.0002,2.968033211709975e-6,false
3,3,229.67396708030734,15.154998089089531,50.08033267178799,2536.488331079965,1,16,0.0840418567537628,99.9996,0.0002,0.0002,4.957541881419885e-6,false
4,4,590.8394974369064,24.30719024150892,80.3241390368488,2862.1852763159136,1,17,0.08469077416908447,99.9993,0.0003,0.0003,1.3052206733751714e-6,false
5,5,962.6868484467227,31.027195304228236,102.53068021347664,1944.3120670146036,1,14,0.06720296943420676,99.9991,0.0004,0.0004,5.845140524379887e-7,true
6,6,962.704915717813,31.027486455041974,102.53164233366458,98.69604401089359,3,1,0.03663877019177856,99.9991,0.0004,0.0004,7.41919616058855e-7,true
7,7,1607.6987718711873,40.09611916222301,132.499322975,2566.097144283233,16,2,0.04073110107052608,99.9989,0.0006,0.0006,4.337560711949822e-7,true
8,8,1607.6989060049098,40.09612083487516,132.49932850234984,2891.794089519182,2,17,0.07006359996873178,99.9989,0.0006,0.0006,4.86627710129131e-7,true
9,9,2985.2964649901564,54.63786658527359,180.5531428629602,19.739208802178716,1,1,0.023933503414873516,99.9985,0.0008,0.0008,2.6678432250197144e-7,true
10,10,2985.2964838261037,54.6378667576444,180.55314343256683,19.739208802178716,1,1,0.02128448059514055,99.9985,0.0008,0.0008,2.228401595099913e-7,true
11,11,3106.181329538505,55.7331259623799,184.17247383515397,1677.832748185191,13,1,0.02545514265499408,99.9984,0.0008,0.0008,2.7011184833071624e-7,true
12,12,4053.408569871602,63.666384928560234,210.38826389083087,49.34802200544679,1,2,0.08881418405108978,99.9982,0.0009,0.0009,2.610057254611347e-7,true
13,13,4053.4198076671573,63.66647318382853,210.38855553410065,49.34802200544679,1,2,0.06900192831315624,99.9982,0.0009,0.0009,2.593548230195062e-7,true
14,14,6269.567214147308,79.18059872309193,261.6556400662684,78.95683520871486,2,2,0.04489254388096771,99.9978,0.0011,0.0011,1.2100898492456922e-7,true
15,15,6269.56728106392,79.1805991456488,261.65564146262545,78.95683520871486,2,2,0.05368580445795583,99.9978,0.0011,0.0011,1.4662805547389886e-7,true
16,16,7650.964105797001,87.46978967504724,289.0476224349601,19.739208802178716,1,1,0.023363522999983243,99.9975,0.0013,0.0013,1.393186977011585e-7,true
17,17,7651.022639660997,87.47012426915259,289.04872811534403,98.69604401089359,3,1,0.08334023809098139,99.9975,0.0013,0.0013,8.934426297702972e-8,true
18,18,9282.620387602175,96.34635637948212,318.3806128403797,98.69604401089359,1,3,0.03990199474253408,99.9972,0.0014,0.0014,8.946081672369787e-8,true
19,19,9282.620556185038,96.34635725436141,318.38061573145535,98.69604401089359,1,3,0.03811384020417596,99.9972,0.0014,0.0014,9.792597274227857e-8,true
20,20,10503.201027278583,102.4851258831182,338.6664365092622,246.74011002723395,4,3,0.020533986958573017,99.9971,0.0015,0.0015,7.197399820218495e-8,true
21,21,12454.221315725961,111.59848258702249,368.78190949086354,1707.441561388459,2,13,0.0407903797822633,99.9968,0.0016,0.0016,6.607677363030079e-8,true
22,22,12454.746398413487,111.60083511521536,368.7896835198556,1677.832748185191,13,1,0.03227559132615693,99.9968,0.0016,0.0016,5.981671151058575e-8,true
23,23,17402.71080047919,131.91933444525557,435.9330246049647,1677.832748185191,1,13,0.07174357434791188,99.9961,0.0019,0.0019,4.747244611380071e-8,true
24,24,17402.71086687377,131.91933469690397,435.9330254365475,1677.832748185191,1,13,0.03822021985566721,99.9961,0.0019,0.0019,4.276645982580509e-8,true
25,25,18112.66480891794,134.5833006316829,444.73621362936467,3602.405606397616,13,14,0.0832275240476212,99.9961,0.0020,0.0020,8.080077576142062e-8,true
26,26,18112.66504627772,134.58330151351512,444.73621654341656,128.30485721416164,2,3,0.033288584936916756,99.9961,0.0020,0.0020,4.6454475968343454e-8,true
27,27,19800.767365662523,140.71519948343365,464.9993329382686,1677.832748185191,1,13,0.07636716715929016,99.9959,0.0021,0.0021,5.673660250933591e-8,true
28,28,19800.79515219806,140.71529821664046,464.99965920632974,3572.7967931943476,1,19,0.03912952553343607,99.9959,0.0021,0.0021,4.2197405340031646e-8,true
29,29,24271.190874304775,155.79213996317264,514.8217209359062,3602.405606397616,2,19,0.07329232227034618,99.9954,0.0023,0.0023,4.965257892761641e-8,true
30,30,24271.1909542629,155.7921402197906,514.8217217839111,1944.3120670146036,14,1,0.046555877733839776,99.9954,0.0023,0.0023,3.5704310097212144e-8,true
31,31,27616.899552441606,166.18333115099603,549.1598520582712,128.30485721416164,3,2,0.05788282821847094,99.9951,0.0024,0.0024,3.136960876742992e-8,true
32,32,31868.11172584564,178.51641864502446,589.9150617217994,1707.441561388459,2,13,0.041201488350825384,99.9947,0.0026,0.0026,2.48624431243155e-8,true
33,33,31868.23081885011,178.51675220788135,589.9161639943791,3355.665496370382,18,4,0.0312545978385705,99.9947,0.0026,0.0026,2.980933912653984e-8,true
34,34,36616.55355006553,191.3545232025246,632.3391216481197,167.7832748185191,4,1,0.07588001289372065,99.9942,0.0029,0.0029,2.1773539151917277e-8,true
35,35,36616.69684812319,191.35489763296675,632.3403589693648,167.7832748185191,4,1,0.04260925095992293,99.9942,0.0029,0.0029,2.148557072671992e-8,true
36,36,39965.280167153884,199.9131815742871,660.6215705116814,2615.44516628868,16,3,0.044760389863631296,99.9939,0.0030,0.0030,2.160399876228024e-8,true
37,37,39965.28028182288,199.9131818610841,660.6215714594142,1431.0926381579568,1,12,0.059902840059209636,99.9939,0.0030,0.0030,2.1194726684549645e-8,true
38,38,43947.40464262487,209.63636288255162,692.7522347112736,1756.7895833939058,3,13,0.05159069746297135,99.9938,0.0031,0.0031,1.8001028279248696e-8,true
39,39,43947.40468181948,209.636362976034,692.7522350201901,177.65287921960845,3,3,0.05529203695479688,99.9938,0.0031,0.0031,1.8245075081757443e-8,true
40,40,46044.34686144635,214.5794651439097,709.086925367401,2309.48742985491,3,15,0.03274683050958142,99.9935,0.0033,0.0033,1.807388258342523e-8,true
41,41,46045.61139735105,214.58241166822376,709.0966622817184,3286.5782655627563,18,3,0.03361778892570861,99.9935,0.0033,0.0033,1.9113953336388835e-8,true
42,42,56045.11181267331,236.73848823685876,782.3123551334163,1460.701451361225,2,12,0.03580234445487813,99.9928,0.0036,0.0036,1.3204886256293816e-8,true
43,43,56045.11201598812,236.73848866626676,782.3123565524132,3355.665496370382,12,14,0.020260871822101054,99.9928,0.0036,0.0036,2.080433191693211e-8,true
44,44,63790.07983570687,252.56698088963822,834.6182790988458,3651.7536284030625,3,19,0.06844724337886145,99.9924,0.0038,0.0038,1.2076166616775938e-8,true
45,45,71306.06718317859,267.0319591044836,882.4184118887763,1510.0494733666717,3,12,0.07616782269983448,99.9918,0.0041,0.0041,1.3441991648664363e-8,true
46,46,71309.54747182819,267.03847563942577,882.4399460543272,3651.7536284030625,3,19,0.03801617890562533,99.9918,0.0041,0.0041,1.224605943502675e-8,true
47,47,73459.52294438997,271.03417301954744,895.643897178303,167.7832748185191,1,4,0.05170130739514135,99.9914,0.0043,0.0043,1.0858053078059225e-8,true
48,48,73459.52307227698,271.03417325547156,895.6438979579242,3720.840859210688,11,16,0.03760035053087671,99.9914,0.0043,0.0043,1.7422595006848284e-8,true
49,49,78092.64685296982,279.45061612558635,923.4563896765404,2260.139407849463,15,2,0.03485502350838976,99.9911,0.0044,0.0044,1.0851404103612637e-8,true
50,50,78092.70168549102,279.45071423328125,923.4567138775709,167.7832748185191,1,4,0.05868696812880473,99.9911,0.0044,0.0044,9.575573651055894e-9,true
51,51,86341.87111051525,293.8398732481949,971.0062989120238,3355.665496370382,14,12,0.04107295698358282,99.9907,0.0047,0.0047,1.1256490169882504e-8,true
52,52,86341.871211572,293.83987342015376,971.006299480269,3355.665496370382,12,14,0.023606457265912813,99.9907,0.0047,0.0047,9.422568169691309e-9,true
53,53,95489.16118152882,309.0132055131768,1021.1472176441039,2092.356133030944,14,4,0.04943012630316725,99.9905,0.0048,0.0048,9.282549511391021e-9,true
54,54,95489.16142868903,309.0132059130953,1021.1472189656515,3720.840859210688,4,19,0.0829631146372966,99.9905,0.0048,0.0048,9.106603510409096e-9,true
55,55,99592.34425685045,315.5825474528819,1042.8558861534066,3335.926287568203,13,13,0.07081141127058962,99.9900,0.0050,0.0050,8.140893536568516e-9,true
56,56,99592.58131493666,315.5829230407385,1042.8571272993765,197.39208802178717,2,4,0.07213103036889908,99.9900,0.0050,0.0050,8.91990453876333e-9,true
57,57,119145.18231384896,345.17413332092104,1140.6425342179866,1756.7895833939058,3,13,0.022530452560260688,99.9890,0.0055,0.0055,7.088916676792016e-9,true
58,58,119145.18249855313,345.1741335884732,1140.642535102124,3355.665496370382,14,12,0.03780951748578952,99.9890,0.0055,0.0055,6.742751214725212e-9,true
59,59,132510.9315299575,364.02050976553164,1202.9211829156288,3651.7536284030625,19,3,0.07823012408561951,99.9885,0.0057,0.0057,6.413841477012633e-9,true
60,60,143484.37841103174,378.79331885743676,1251.7385558687831,256.6097144283233,1,5,0.05150445625251901,99.9873,0.0064,0.0064,5.999881073404704e-9,true
61,61,143484.68214006085,378.79371977378514,1251.7398807138266,256.6097144283233,5,1,0.03447961264240272,99.9873,0.0064,0.0064,6.113411634513456e-9,true
62,62,149214.58174153834,386.28303320433105,1276.4886339555078,2023.2689022233185,3,14,0.027905490978056113,99.9877,0.0062,0.0062,6.5193676276378125e-9,true
63,63,149215.17868234156,386.28380587638094,1276.4911872830025,2181.1825726407483,5,14,0.02529944224988108,99.9877,0.0062,0.0062,6.344791430164048e-9,true
64,64,149655.9610564134,386.8539272857565,1278.375177612595,2684.5323970963054,4,16,0.04001326024001541,99.9870,0.0065,0.0065,5.9431521266092674e-9,true
65,65,149655.96117353722,386.8539274371364,1278.3751781128365,256.6097144283233,1,5,0.06237978730903443,99.9870,0.0065,0.0065,5.133541133667397e-9,true
66,66,160494.66937115075,400.6178595259462,1323.8586743051412,1460.701451361225,12,2,0.02406600506331974,99.9866,0.0067,0.0067,5.947233910229265e-9,true
67,67,160497.22415587457,400.62104806896326,1323.869210980507,3010.229342332254,4,17,0.043001101871417244,99.9866,0.0067,0.0067,5.188376973196566e-9,true
68,68,177637.9197194386,421.47113746903074,1392.7692139533633,286.21852763159137,2,5,0.05107534431904339,99.9859,0.0071,0.0071,4.8935846963698705e-9,true
69,69,177637.91981419176,421.47113758143837,1392.7692143248191,128.30485721416164,2,3,0.042831639623721086,99.9859,0.0071,0.0071,7.981039827290832e-9,true
70,70,193435.47378799703,439.81299865738055,1453.3806706313826,3089.186177540969,12,13,0.049137781930460304,99.9858,0.0071,0.0071,5.206433524792881e-9,true
71,71,193435.4739520669,439.81299884390285,1453.3806712477533,1579.1367041742974,12,4,0.03847543655301266,99.9858,0.0071,0.0071,4.88349964159248e-9,true
72,72,202284.86764985684,449.76090053478066,1486.253933463739,197.39208802178717,4,2,0.05552896009322152,99.9849,0.0075,0.0075,4.537974529011701e-9,true
73,73,202290.86793673452,449.76757101500164,1486.2759763479798,335.5665496370382,3,5,0.03008531018488848,99.9849,0.0075,0.0075,4.321734089922168e-9,true
74,74,239372.13288640557,489.2567147075302,1616.7695231910914,246.74011002723395,3,4,0.03738230333701875,99.9836,0.0082,0.0082,4.077635172498518e-9,true
75,75,239372.1330705827,489.25671489575154,1616.7695238130768,2862.1852763159136,13,11,0.026138073823361627,99.9836,0.0082,0.0082,6.362454960799193e-9,true
76,76,264228.3942564042,514.0315109566768,1698.6388860731797,315.82734083485946,4,4,0.03501879052757031,99.9830,0.0085,0.0085,3.993822388950144e-9,true
77,77,278224.72773958294,527.4701202339171,1743.0473392642684,1204.0917369329018,1,11,0.027004091528940132,99.9808,0.0096,0.0096,3.4588644909936724e-9,true
78,78,278224.72782514105,527.4701203150194,1743.0473395322742,256.6097144283233,5,1,0.039764758112385244,99.9808,0.0096,0.0096,3.2879861198225342e-9,true
79,79,286562.55693296355,535.3153808111285,1768.972334918769,1204.0917369329018,1,11,0.04960241649156006,99.9806,0.0097,0.0097,3.5862433537281167e-9,true
80,80,286562.6549168106,535.3154723308589,1768.972637349592,1204.0917369329018,1,11,0.039715608933865255,99.9806,0.0097,0.0097,2.9225650898618406e-9,true
81,81,292017.6065892528,540.3865344262872,1785.730176693736,1510.0494733666717,12,3,0.06999672877514618,99.9817,0.0092,0.0092,3.664719655061853e-9,true
82,82,292024.17609491927,540.3926129166823,1785.750263322539,2842.446067513735,12,12,0.04877967989152964,99.9817,0.0092,0.0092,3.3381202435651942e-9,true
83,83,301032.82398195186,548.6645824016271,1813.0853366245378,1233.7005501361698,2,11,0.04879904531383574,99.9801,0.0099,0.0099,3.030429644764716e-9,true
84,84,301032.82406337495,548.6645824758283,1813.085336869739,1233.7005501361698,2,11,0.028238638772554617,99.9801,0.0099,0.0099,3.3146269358249967e-9,true
85,85,323663.41413268854,568.9142414570833,1880.0011921083876,2181.1825726407483,14,5,0.05052840727619796,99.9795,0.0103,0.0103,2.751138034000272e-9,true
86,86,323663.84323889227,568.914618584276,1880.002438341159,2181.1825726407483,14,5,0.0391644018794974,99.9795,0.0103,0.0103,2.9371202903858253e-9,true
87,87,355441.36051759386,596.1890308598388,1970.1318881872157,1283.0485721416164,3,11,0.023637224749479806,99.9785,0.0107,0.0107,4.0621858124009676e-9,true
88,88,355441.3607909714,596.1890310891097,1970.1318889448512,286.21852763159137,5,2,0.05799618003460298,99.9785,0.0107,0.0107,2.909931150869206e-9,true
89,89,374375.20303668635,611.8620784430805,2021.924137340621,404.65378044466365,4,5,0.11888675873643959,99.9789,0.0105,0.0105,2.661852300054181e-9,true
90,90,374375.2031094528,611.8620785025436,2021.9241375371193,2615.44516628868,11,12,0.08055951108230221,99.9789,0.0105,0.0105,4.380271592729969e-9,true
91,91,402469.22214121424,634.4046202079666,2096.416920791773,1283.0485721416164,3,11,0.03919344691761505,99.9771,0.0114,0.0114,2.5884230338029807e-9,true
92,92,402470.34218085854,634.4055029560026,2096.4198378700235,1756.7895833939058,13,3,0.04119569958724422,99.9771,0.0114,0.0114,6.292247311156923e-9,true
93,93,466947.241052759,683.3353796290362,2258.1106864580684,1352.1358029492421,11,4,0.025742431781320536,99.9753,0.0124,0.0124,2.163717500914872e-9,true
94,94,466947.24120693887,683.3353797418504,2258.1106868308675,1914.7032538113353,13,5,0.02736313785776071,99.9753,0.0124,0.0124,2.4546268334248056e-9,true
95,95,497539.68821864825,705.3649326544723,2330.90827690573,2388.4442650636247,11,11,0.06407819389623223,99.9749,0.0126,0.0126,2.181010588834603e-9,true
96,96,545645.0794088691,738.6779267101929,2440.992475847652,256.6097144283233,5,1,0.03567660709923438,99.9701,0.0149,0.0149,2.5492025907771986e-9,true
97,97,545645.193364312,738.6780038449176,2440.9927307426146,256.6097144283233,5,1,0.06824195268535768,99.9701,0.0149,0.0149,2.3175208392035517e-9,true
98,98,556547.9717063428,746.021428449842,2465.2593881847934,2773.3588367061097,5,16,0.051398372973958134,99.9699,0.0151,0.0151,1.6129043463245847e-9,true
99,99,556547.9718264571,746.0214285303452,2465.2593884508196,996.8300445100251,1,10,0.04557481202595163,99.9699,0.0151,0.0151,3.3379514670975582e-9,true
100,100,565939.8180832143,752.2897168532974,2485.973212540453,1352.1358029492421,4,11,0.023115589308833798,99.9725,0.0138,0.0138,1.982329742804029e-9,true
101,101,565942.3554084928,752.2914032530831,2485.9787853199273,789.5683520871487,8,4,0.02588281217634838,99.9725,0.0138,0.0138,2.124009595636474e-9,true
102,102,575274.8787417262,758.4687724235758,2506.392163221799,1026.4388577132931,2,10,0.060128573948968346,99.9694,0.0153,0.0153,1.6871831823045962e-9,true
103,103,575275.4504388802,758.4691492993504,2506.3934086237487,2467.4011002723396,5,15,0.047806373774417266,99.9694,0.0153,0.0153,1.8067528365555226e-9,true
104,104,604409.7795843116,777.4379586721449,2569.076642114961,2289.748221052731,14,6,0.06960416175582937,99.9688,0.0156,0.0156,1.6143138536640527e-9,true
105,105,604409.7795999902,777.4379586822283,2569.076642148282,2289.748221052731,14,6,0.03883484318048612,99.9688,0.0156,0.0156,3.327890324483226e-9,true
106,106,644435.1087193234,802.7671572251343,2652.7780508770447,3128.6645951453265,11,14,0.03081242781434597,99.9679,0.0161,0.0161,1.694482809409969e-9,true
107,107,644447.6377052789,802.7749608111098,2652.8038381572137,3128.6645951453265,11,14,0.04435050182974478,99.9678,0.0161,0.0161,1.6616586961369427e-9,true
108,108,703165.5279998231,838.5496574442226,2771.02283746599,3918.232947232475,19,6,0.050320250004786606,99.9665,0.0168,0.0168,3.367839322855804e-9,true
109,109,703165.5281506673,838.5496575341662,2771.0228377632125,3918.232947232475,19,6,0.043004155464203636,99.9665,0.0168,0.0168,1.4519482248197489e-9,true
110,110,707736.4799046583,841.2707530305914,2780.0148130106913,1440.9622425590462,5,11,0.09169097917254775,99.9685,0.0158,0.0158,1.880929227619031e-9,true
111,111,707736.4800429265,841.2707531127696,2780.0148132822524,1440.9622425590462,5,11,0.05114833610779203,99.9685,0.0158,0.0158,1.5373836563744528e-9,true
112,112,780861.9672398007,883.663944743589,2920.1049094610667,1352.1358029492421,11,4,0.03461659205360064,99.9647,0.0177,0.0177,1.222444624001464e-9,true
113,113,780936.4638691925,883.7060958651313,2920.244199626391,1914.7032538113353,5,13,0.05662429478026789,99.9647,0.0177,0.0177,1.4685745791003155e-9,true
114,114,898918.0420365492,948.112884648526,3133.0791593956124,1579.1367041742974,4,12,0.028776903960182246,99.9619,0.0190,0.0190,1.8031681011220235e-9,true
115,115,898918.042118995,948.1128846920049,3133.07915953929,1776.5287921960844,12,6,0.051600550314609014,99.9619,0.0190,0.0190,1.2336901093493567e-9,true
116,116,945816.2544929399,972.5308501497215,3213.7693599670315,1352.1358029492421,4,11,0.03962761268903199,99.9621,0.0190,0.0190,1.165290792724992e-9,true
117,117,1.0596891253079057e6,1029.4120289310329,3401.735622937551,1440.9622425590462,5,11,0.03124845951197514,99.9581,0.0209,0.0209,1.0708860370729541e-9,true
118,118,1.0600532474809948e6,1029.5888730367062,3402.320011770272,493.4802200544679,5,5,0.06521711441459913,99.9581,0.0209,0.0209,1.790608147193121e-9,true
119,119,1.1106517291845581e6,1053.8746268814702,3482.5733133267095,49.34802200544679,2,1,0.02547303135523299,99.9504,0.0248,0.0248,1.3718223743710853e-9,true
120,120,1.1106517293644138e6,1053.8746269668009,3482.573313608688,493.4802200544679,7,1,0.0657846153280753,99.9504,0.0248,0.0248,9.413724236609106e-10,true
121,121,1.1257312388196185e6,1061.004825068962,3506.1353550469544,2260.139407849463,15,2,0.035489074791945505,99.9501,0.0249,0.0249,1.1659651735488861e-9,true
122,122,1.1257318348556506e6,1061.005105951734,3506.136283235964,365.17536284030626,1,6,0.03731593582033565,99.9501,0.0249,0.0249,9.17875947857809e-10,true
123,123,1.1513095610081225e6,1072.9909417176468,3545.743984865334,2921.40290272245,14,10,0.017170441481817438,99.9497,0.0251,0.0251,9.993344528660717e-10,true
124,124,1.151309561045577e6,1072.9909417351,3545.7439849230086,1233.7005501361698,11,2,0.03863044065238019,99.9497,0.0251,0.0251,9.106899702381837e-10,true
125,125,1.191062854902792e6,1091.3582614809823,3606.439570482013,394.78417604357435,2,6,0.04674609805261515,99.9491,0.0255,0.0255,9.557435384975924e-10,true
126,126,1.191065684007486e6,1091.3595576195253,3606.443853626692,3207.6214303540414,6,17,0.03466974144771343,99.9491,0.0255,0.0255,8.878558810025475e-10,true
127,127,1.2442886365735922e6,1115.4768651001204,3686.1405170426733,444.1321980490211,6,3,0.028939371853495106,99.9482,0.0259,0.0259,1.3762810696373995e-9,true
128,128,1.2442886365912938e6,1115.4768651080549,3686.140517068893,286.21852763159137,5,2,0.05145083568059503,99.9482,0.0259,0.0259,9.491116155958222e-10,true
129,129,1.3222495461213612e6,1149.8911018532847,3799.8638190921083,2654.923583893037,13,10,0.021196760564561164,99.9468,0.0266,0.0266,9.385847583870584e-10,true
130,130,1.3222582092382195e6,1149.8948687763675,3799.876267048883,2654.923583893037,13,10,0.0360234255120354,99.9468,0.0266,0.0266,9.202964307185889e-10,true
131,131,1.327365023783404e6,1152.1132860024677,3807.20712067452,1549.5278909710291,6,11,0.024640302058420504,99.9518,0.0241,0.0241,8.904611097415927e-10,true
132,132,1.327365023846165e6,1152.113286029705,3807.207120764527,1776.5287921960844,12,6,0.02956207120107183,99.9518,0.0241,0.0241,9.151352815939105e-10,true
133,133,1.4211915642324213e6,1192.137393186046,3939.4684770179388,1144.8741105263655,10,4,0.04391347187680082,99.9450,0.0275,0.0275,1.2182615850423455e-9,true
134,134,1.4211915643352428e6,1192.1373932291708,3939.4684771604466,1144.8741105263655,10,4,0.023362206460338885,99.9450,0.0275,0.0275,8.257908267853653e-10,true
135,135,1.5711926058905125e6,1253.4722198319803,4142.152007872766,513.2194288566466,4,6,0.05197501885278255,99.9423,0.0289,0.0289,7.557511887001497e-10,true
136,136,1.5712179458847905e6,1253.4823277114003,4142.1854097881605,789.5683520871487,8,4,0.032960583973259405,99.9422,0.0289,0.0289,1.3230171637602562e-9,true
137,137,1.7318895799084692e6,1316.0127582620426,4348.819864354062,1342.2661985481527,10,6,0.07605711124248236,99.9420,0.0290,0.0290,7.588625081534538e-10,true
138,138,1.7636135033715095e6,1328.011108150647,4388.468919431569,730.3507256806125,7,5,0.04814210961892692,99.9386,0.0307,0.0307,6.854283585516055e-10,true
139,139,1.763613503394876e6,1328.0111081594446,4388.468919460641,493.4802200544679,5,5,0.03311930359856282,99.9386,0.0307,0.0307,7.264293050407555e-10,true
140,140,2.0834160356461033e6,1443.4043216112743,4769.790677719038,493.4802200544679,5,5,0.027546015634614382,99.9322,0.0339,0.0339,6.745186969417192e-10,true
141,141,2.0835074816923875e6,1443.4359984746077,4769.895355254754,710.6115168784338,6,6,0.05438685543806804,99.9322,0.0339,0.0339,7.950033776660236e-10,true
142,142,2.449262012281762e6,1565.0118249654736,5171.647820000589,3513.5791667878116,10,16,0.0383971728137007,99.9079,0.0460,0.0460,4.729755495281259e-10,true
143,143,2.4492988479978237e6,1565.023593431685,5171.686709395324,365.17536284030626,6,1,0.0623486940144171,99.9079,0.0460,0.0460,3.878518853910505e-10,true
144,144,2.470051584431779e6,1571.6397756584615,5193.550163615928,493.4802200544679,1,7,0.058796814838663114,99.9077,0.0462,0.0462,4.0056411276842877e-10,true
145,145,2.4700515844894536e6,1571.63977567681,5193.55016367656,2881.9244851180924,6,16,0.03679541802033898,99.9077,0.0462,0.0462,4.728062373424134e-10,true
146,146,2.50430335775287e6,1582.4990861775782,5229.43521488328,3207.6214303540414,6,17,0.05770765691665966,99.9073,0.0463,0.0463,5.81674495004091e-10,true
147,147,2.5046853269965043e6,1582.6197670307622,5229.83400987085,2921.40290272245,14,10,0.030971572024356957,99.9073,0.0464,0.0464,4.1252961491001677e-10,true
148,148,2.5310782338036047e6,1590.9362758462719,5257.316265275978,1549.5278909710291,11,6,0.06682177121931117,99.9228,0.0386,0.0386,7.877642666329439e-10,true
149,149,2.531078233937602e6,1590.9362758883844,5257.316265415141,602.0458684664509,5,6,0.04259055597080941,99.9228,0.0386,0.0386,5.228859199422662e-10,true
150,150,2.558897445716704e6,1599.6554146805192,5286.129028620698,523.089033257736,2,7,0.038051407401263254,99.9067,0.0467,0.0467,4.606829730368206e-10,true
151,151,2.55889744577017e6,1599.655414697231,5286.129028675923,394.78417604357435,2,6,0.05686206284246291,99.9067,0.0467,0.0467,7.237429528836692e-10,true
152,152,2.627611846626788e6,1620.991007571229,5356.633398428954,3681.3624416063303,7,18,0.026279116908916496,99.9060,0.0470,0.0470,4.705658086762896e-10,true
153,153,2.6290168762647067e6,1621.424335658222,5358.065349434494,394.78417604357435,6,2,0.04115364909808966,99.9059,0.0471,0.0471,5.006733563566133e-10,true
154,154,2.7327675808235747e6,1653.108460090739,5462.766879759142,3553.057584392169,6,18,0.026148253419519474,99.9046,0.0477,0.0477,4.111760167415181e-10,true
155,155,2.732767580826881e6,1653.108460091739,5462.7668797624465,572.4370552631827,3,7,0.03862050766914833,99.9046,0.0477,0.0477,4.647072444958681e-10,true
156,156,2.852654541873755e6,1688.9803260765814,5581.3069793070335,3918.232947232475,6,19,0.03473399347038244,99.9034,0.0483,0.0483,4.0383827268898004e-10,true
157,157,2.856871447010157e6,1690.2282233503727,5585.430708669736,3918.232947232475,6,19,0.03641564394666872,99.9032,0.0484,0.0484,1.5014496062339603e-9,true
158,158,3.0472497578925705e6,1745.6373500508548,5768.532513229588,2842.446067513735,12,12,0.041999495968740426,99.9007,0.0497,0.0497,6.978692473918855e-10,true
159,159,3.047249758125701e6,1745.63735011763,5768.532513450249,641.5242860708082,4,7,0.02724687279823672,99.9007,0.0497,0.0497,4.1842523618881037e-10,true
160,160,3.257140162805339e6,1804.7548760996156,5963.888880406333,2181.1825726407483,11,10,0.041678501703039016,99.8982,0.0509,0.0509,4.1549325132361785e-10,true
161,161,3.26997574152889e6,1808.307424507484,5975.628426993723,2181.1825726407483,10,11,0.033862576683385014,99.8977,0.0512,0.0512,6.665744462973067e-10,true
162,162,3.4200741867559706e6,1849.3442585835583,6111.236382220475,1342.2661985481527,6,10,0.048703809437261686,99.9038,0.0481,0.0481,4.4698603144211234e-10,true
163,163,3.6445043117655306e6,1909.058488303994,6308.564581937763,730.3507256806125,5,7,0.033267814553884646,99.8920,0.0540,0.0540,4.375218908149375e-10,true
164,164,3.644504311873465e6,1909.0584883322629,6308.564582031179,730.3507256806125,5,7,0.028336939646407707,99.8920,0.0540,0.0540,3.4920057371677995e-10,true
165,165,4.056339284060103e6,2014.0355716968115,6655.465797518331,838.9163740925954,6,7,0.046969976146243486,99.8861,0.0569,0.0569,3.5180806162903636e-10,true
166,166,4.107238870959047e6,2026.6323966025627,6697.092538622473,1549.5278909710291,6,11,0.03206669425119406,99.8843,0.0579,0.0579,3.7897524799294354e-10,true
167,167,5.0343985012915945e6,2243.746532318567,7414.5553901838375,3326.0566831671135,16,9,0.029869998127158636,99.8678,0.0661,0.0661,2.709109504274015e-10,true
168,168,5.034398501405304e6,2243.7465323439064,7414.555390267573,2181.1825726407483,11,10,0.0998732285543994,99.8678,0.0661,0.0661,3.325414379171204e-10,true
169,169,5.702098006467826e6,2387.906615943728,7890.93848858478,1904.8336494102462,12,7,0.023220352891172677,99.8687,0.0657,0.0657,3.019614017875564e-10,true
170,170,6.455895958784022e6,2540.84552044866,8396.33157217612,809.3075608893273,9,1,0.04775288308539042,99.7880,0.1060,0.1060,1.7087131175601166e-10,true
171,171,6.455895958811819e6,2540.84552045413,8396.331572194196,3010.229342332254,7,16,0.03279220541721503,99.7880,0.1060,0.1060,1.6199469563058447e-10,true
172,172,6.492149453958466e6,2547.9696728882914,8419.873635466654,2891.794089519182,17,2,0.029535629835298807,99.7879,0.1061,0.1061,1.8308283479843665e-10,true
173,173,6.492384021666511e6,2548.0157027904106,8420.025743226577,809.3075608893273,1,9,0.0430760038987495,99.7878,0.1061,0.1061,2.6283308944186384e-10,true
174,174,6.5477851644986365e6,2558.864037907961,8455.874525814885,1026.4388577132931,2,10,0.03167288125411094,99.7878,0.1061,0.1061,1.5121646945200754e-10,true
175,175,6.547785164606393e6,2558.864037929017,8455.874525884463,2575.9667486843223,6,15,0.024348020326689396,99.7878,0.1061,0.1061,1.699044715403621e-10,true
176,176,6.643483569088652e6,2577.4956002074287,8517.443312077168,394.78417604357435,2,6,0.041049830292518234,99.7872,0.1064,0.1064,1.8308323513952944e-10,true
177,177,6.644591002488286e6,2577.7104186638744,8518.153188759408,1026.4388577132931,2,10,0.03349495435235146,99.7871,0.1065,0.1065,1.4980274018878913e-10,true
178,178,6.729195445286525e6,2594.0692830544303,8572.211748582093,1973.9208802178716,10,10,0.08464930484548276,99.8380,0.0810,0.0810,2.76279429729193e-10,true
179,179,6.747848291459923e6,2597.66208184589,8584.084304265794,2921.40290272245,10,14,0.03817999361618317,99.7874,0.1063,0.1063,1.880801125848169e-10,true
180,180,6.7478482915766565e6,2597.662081868359,8584.084304340044,2921.40290272245,10,14,0.0397709273827905,99.7874,0.1063,0.1063,1.7304301371879077e-10,true
181,181,6.929632157329453e6,2632.4194493525256,8698.941496414242,3651.7536284030625,3,19,0.016145961218104365,99.7859,0.1071,0.1071,1.7522437477615708e-10,true
182,182,6.932940450124682e6,2633.047749305865,8701.017740204965,888.2643960980422,3,9,0.04212516167888608,99.7856,0.1072,0.1072,2.2361878288583837e-10,true
183,183,7.094420029052177e6,2663.5352501989114,8801.764977392306,1144.8741105263655,4,10,0.029153801535345306,99.7866,0.1067,0.1067,1.8395697719444163e-10,true
184,184,7.094420029071336e6,2663.535250202508,8801.764977404191,513.2194288566466,4,6,0.031639470024259105,99.7866,0.1067,0.1067,2.106681434408629e-10,true
185,185,7.415660855892738e6,2723.17110294097,8998.834177066978,1776.5287921960844,6,12,0.020642643327996993,99.7835,0.1082,0.1082,1.9023924124517802e-10,true
186,186,7.4245157268786235e6,2724.796456045593,9004.205225199754,513.2194288566466,6,4,0.031929020505451,99.7828,0.1086,0.1086,2.383617471795343e-10,true
187,187,7.6677158311597e6,2769.064071335241,9150.489433700468,1046.178066515472,9,5,0.027473980552047087,99.7842,0.1079,0.1079,2.726640171547587e-10,true
188,188,7.667715831248241e6,2769.0640713512284,9150.4894337533,1786.3983965971738,9,10,0.01956259711594946,99.7842,0.1079,0.1079,1.8729140454193828e-10,true
189,189,8.2403659373067245e6,2870.6037583244965,9486.031627366072,1233.7005501361698,10,5,0.015225794865049613,99.7787,0.1107,0.1107,1.8420931474331081e-10,true
190,190,8.264175289917369e6,2874.747865451398,9499.726004780225,1046.178066515472,5,9,0.04339337841679283,99.7769,0.1115,0.1115,1.6746260309532137e-10,true
191,191,8.671085147573758e6,2944.6706348204307,9730.788755877164,1342.2661985481527,10,6,0.04140491503654195,99.7769,0.1115,0.1115,1.6445145499525587e-10,true
192,192,8.671085147782398e6,2944.6706348558573,9730.788755994232,710.6115168784338,6,6,0.03229056181445437,99.7769,0.1115,0.1115,1.6155926486021598e-10,true
193,193,9.814869212495808e6,3132.8691661950725,10352.69876894205,1973.9208802178716,10,10,0.04318930423841426,99.7658,0.1171,0.1171,1.6823289100086042e-10,true
194,194,9.886925047537463e6,3144.348111697791,10390.631430240854,1342.2661985481527,6,10,0.05827000449815117,99.7613,0.1193,0.1193,1.7436214610139137e-10,true
195,195,1.0932310521929976e7,3306.4044704073904,10926.153527178507,1598.875912976476,9,9,0.049023189498836536,99.7524,0.1238,0.1238,1.5162273213960595e-10,true
196,196,1.0932310522047605e7,3306.4044704251787,10926.15352723729,967.2212313067571,7,7,0.059409621022338946,99.7524,0.1238,0.1238,1.6196939286328965e-10,true
197,197,1.4887397077789651e7,3858.418986811781,12750.308862512427,1115.2652973230975,7,8,0.05194976980981992,99.7095,0.1452,0.1452,2.0875851360004741e-10,true
198,198,2.0972653170584522e7,4579.590939219847,15133.452105279317,1283.0485721416164,9,7,0.04742630939993611,99.6696,0.1652,0.1652,4.0401489441370557e-10,true
199,199,2.097265317063354e7,4579.590939225199,15133.452105297001,1154.743714927455,9,6,0.03415353777994764,99.6696,0.1652,0.1652,1.0640197096417837e-10,true
200,200,2.5935906177518506e7,5092.730719124908,16829.144228346908,1283.0485721416164,9,7,0.03151232202463642,99.4363,0.2819,0.2819,1.447688094344209e-10,true
201,201,2.780183977316908e7,5272.744994134372,17424.00901982682,641.5242860708082,8,1,0.058831675504007,99.1783,0.4109,0.4109,4.179608600336268e-11,true
202,202,2.7804595517645948e7,5273.006307377789,17424.872540500655,365.17536284030626,6,1,0.04019629262138061,99.1786,0.4107,0.4107,5.6634158719002273e-11,true
203,203,2.789483842186256e7,5281.556439333254,17453.12681346065,809.3075608893273,9,1,0.04393965897223123,99.1790,0.4105,0.4105,4.1856455612159355e-11,true
204,204,2.7894838421991915e7,5281.5564393455,17453.126813501116,3010.229342332254,16,7,0.04276824582563594,99.1790,0.4105,0.4105,4.2720210925088405e-11,true
205,205,2.8051641845684253e7,5296.380069980274,17502.112128393877,671.1330992740764,8,2,0.06966957431240371,99.1798,0.4101,0.4101,4.356984995321452e-11,true
206,206,2.807580289559034e7,5298.660481252818,17509.64784397009,2566.097144283233,8,14,0.056306189701292614,99.1823,0.4089,0.4089,4.0477083602008784e-11,true
207,207,2.8282013336167194e7,5318.083615003359,17573.83241159838,2418.0530782668925,14,7,0.06211655408569969,99.1823,0.4089,0.4089,4.2681574242788327e-11,true
208,208,2.8282013336214926e7,5318.083615007847,17573.83241161321,2418.0530782668925,14,7,0.05831034118495981,99.1823,0.4089,0.4089,4.07823319113907e-11,true
209,209,2.858659326782984e7,5346.6431775301635,17668.208694847985,671.1330992740764,8,2,0.04702263599663572,99.1839,0.4081,0.4081,4.624722543772951e-11,true
210,210,2.8650200382989675e7,5352.588194788543,17687.854256021197,2566.097144283233,8,14,0.05125817002217066,99.1896,0.4052,0.4052,4.069368740026208e-11,true
211,211,2.897922670257286e7,5383.235709364105,17789.13026519553,2418.0530782668925,7,14,0.03310154288680129,99.1899,0.4050,0.4050,3.971404808798294e-11,true
212,212,2.8979226702642016e7,5383.235709370529,17789.130265216758,888.2643960980422,3,9,0.041134430742350785,99.1899,0.4050,0.4050,4.6570655888167215e-11,true
213,213,2.946894791782827e7,5428.53091709242,17938.810196406135,2151.57375943748,13,7,0.030660441599089774,99.1931,0.4035,0.4035,4.26869826844262e-11,true
214,214,2.9581182261702273e7,5438.858544005559,17972.938276692235,2220.6609902451055,9,12,0.033744595925917546,99.2015,0.3992,0.3992,4.681359567147674e-11,true
215,215,3.0028884356738087e7,5479.861709636301,18108.434973116255,789.5683520871487,4,8,0.021309262436524173,99.2069,0.3965,0.3965,5.271492741847538e-11,true
216,216,3.0028884356946297e7,5479.861709655299,18108.43497317903,789.5683520871487,4,8,0.03273820755919132,99.2069,0.3965,0.3965,4.748527529561025e-11,true
217,217,3.073693628918167e7,5544.090212936805,18320.680780960727,1046.178066515472,5,9,0.04303978282367544,99.2134,0.3933,0.3933,4.912678762786567e-11,true
218,218,3.0876079165482894e7,5556.62479977575,18362.101853738674,1046.178066515472,5,9,0.03247380519943845,99.2235,0.3883,0.3883,7.85680559248304e-11,true
219,219,3.130594208028959e7,5595.171318225171,18489.480455566143,1046.178066515472,9,5,0.03606772026514894,99.2495,0.3752,0.3752,4.736744086267464e-11,true
220,220,3.1305942080348276e7,5595.171318230415,18489.48045558347,1046.178066515472,9,5,0.02836327828050826,99.2495,0.3752,0.3752,5.456617540282684e-11,true
221,221,3.216095362979749e7,5671.062830704443,18740.267170918043,1470.5710557623142,10,7,0.04157931779770371,99.2702,0.3649,0.3649,6.200388954968554e-11,true
222,222,3.2191524995100055e7,5673.757572817159,18749.172060293557,986.9604401089358,8,6,0.06114931527163524,99.2692,0.3654,0.3654,4.875068263130737e-11,true
223,223,3.2222846114727773e7,5676.51707605357,18758.290955543558,1154.743714927455,9,6,0.05256851460724597,99.2970,0.3515,0.3515,5.475235918347942e-11,true
224,224,3.222284611491617e7,5676.517076070164,18758.290955598393,838.9163740925954,7,6,0.03877805501546728,99.2970,0.3515,0.3515,4.6870945668767413e-11,true
225,225,3.2286337230408624e7,5682.106759856649,18776.762302273044,986.9604401089358,8,6,0.08971894917833398,99.3998,0.3001,0.3001,5.378036185317831e-11,true
226,226,5.0777690434878147e8,22533.905661220415,74464.24508103667,1204.0917369329018,11,1,0.023470293823151515,99.9750,0.0125,0.0125,3.476103478657452e-12,true
227,227,5.0778451470849746e8,22534.07452522729,74464.80309929512,809.3075608893273,9,1,0.1103100613103285,99.9769,0.0116,0.0116,4.4564923779436776e-12,true
228,228,5.0778451470865595e8,22534.074525230804,74464.80309930674,49.34802200544679,2,1,0.07437931748457799,99.9769,0.0116,0.0116,3.470148479432656e-12,true
229,229,5.077898018732896e8,22534.191839808445,74465.19077029428,2891.794089519182,17,2,0.09652141155002578,99.9768,0.0116,0.0116,4.1752678667789466e-12,true
230,230,5.0779169208631223e8,22534.233780768147,74465.32936597092,809.3075608893273,9,1,0.030096229785756445,99.9758,0.0121,0.0121,2.266424856668301e-12,true
231,231,5.0779169208638287e8,22534.23378076971,74465.32936597608,1233.7005501361698,11,2,0.0662379192376624,99.9758,0.0121,0.0121,3.06039103614653e-12,true
232,232,5.077945820306871e8,22534.297904099145,74465.54126423244,394.78417604357435,6,2,0.04584320949675129,99.9759,0.0121,0.0121,2.3384811251486653e-12,true
233,233,5.0781096802181387e8,22534.661480080278,74466.74271645167,246.74011002723395,4,3,0.050620632470544394,99.9756,0.0122,0.0122,2.4205478316723516e-12,true
234,234,5.078135633624689e8,22534.719065532387,74466.93301001565,197.39208802178717,4,2,0.049013370604320594,99.9741,0.0129,0.0129,2.519395011706271e-12,true
235,235,5.078135633626109e8,22534.719065535537,74466.93301002607,286.21852763159137,5,2,0.08765894079241245,99.9741,0.0129,0.0129,2.4790431531218003e-12,true
236,236,5.0782922451702964e8,22535.06655230975,74468.08129478,3651.7536284030625,19,3,0.08418704879457592,99.9736,0.0132,0.0132,3.4274857962353035e-12,true
237,237,5.078528173026807e8,22535.590014523266,74469.81109782188,246.74011002723395,4,3,0.014503662606339736,99.9712,0.0144,0.0144,2.3419596251103774e-12,true
238,238,5.078596680690134e8,22535.742012834045,74470.31338267367,2941.1421115246285,17,3,0.060650544579214136,99.9720,0.0140,0.0140,2.5448860333099213e-12,true
239,239,5.078596680690554e8,22535.742012834977,74470.31338267676,2941.1421115246285,17,3,0.036216408451759205,99.9720,0.0140,0.0140,2.2938914178293866e-12,true
240,240,5.078614129788686e8,22535.78072707641,74470.44131552629,2941.1421115246285,17,3,0.06664612530179363,99.9732,0.0134,0.0134,2.5907326827579724e-12,true
241,241,5.0786722290650994e8,22535.909631219904,74470.86728472477,256.6097144283233,5,1,0.08044176396482985,99.9740,0.0130,0.0130,2.118939709115446e-12,true
242,242,5.078676915927237e8,22535.92002987062,74470.90164750621,365.17536284030626,6,1,0.09096803368962568,99.9739,0.0131,0.0131,2.3899155815507024e-12,true
243,243,5.078710749180088e8,22535.995094914466,74471.14970312099,1460.701451361225,12,2,0.04446970590038852,99.9734,0.0133,0.0133,2.0532788445519014e-12,true
244,244,5.078710749180625e8,22535.995094915655,74471.14970312492,2536.488331079965,16,1,0.059881125565894804,99.9734,0.0133,0.0133,2.098966377836651e-12,true
245,245,5.0787523848702794e8,22536.0874706997,74471.4549628134,671.1330992740764,8,2,0.11204958747172632,99.9732,0.0134,0.0134,2.1393061512317623e-12,true
246,246,5.0788053809461105e8,22536.20505086451,74471.843511445,2260.139407849463,15,2,0.048375545276219054,99.9722,0.0139,0.0139,2.4469315860351654e-12,true
247,247,5.07886972864233e8,22536.34781556748,74472.31528344896,1283.0485721416164,11,3,0.03345160618034605,99.9721,0.0140,0.0140,2.3300177603202613e-12,true
248,248,5.078869728643313e8,22536.347815569658,74472.31528345615,2615.44516628868,16,3,0.03985972702618377,99.9721,0.0140,0.0140,3.8814950036171396e-12,true
249,249,5.078987380334737e8,22536.608840583664,74473.1778516637,671.1330992740764,8,2,0.05524031646074863,99.9716,0.0142,0.0142,2.412065016032996e-12,true
250,250,5.079167103145296e8,22537.0075723138,74474.4954775436,789.5683520871487,8,4,0.07360973923285902,99.9690,0.0155,0.0155,3.3980543928405654e-12,true
251,251,5.079181975398051e8,22537.04056747037,74474.60451143511,888.2643960980422,9,3,0.06458822066065119,99.9706,0.0147,0.0147,2.5011036381221368e-12,true
252,252,5.0791819753985125e8,22537.04056747139,74474.60451143849,1579.1367041742974,12,4,0.04469626395308694,99.9706,0.0147,0.0147,3.0911705929005216e-12,true
253,253,5.079207785418561e8,22537.097828732432,74474.79373369938,3010.229342332254,17,4,0.08273505484503808,99.9691,0.0154,0.0154,2.631823970330389e-12,true
254,254,5.079584568277271e8,22537.93373021864,74477.5560055429,513.2194288566466,6,4,0.04881490747234147,99.9687,0.0156,0.0156,3.0961222458290613e-12,true
255,255,5.079784095909109e8,22538.376374328986,74479.01874174194,1825.8768142015313,13,4,0.08618304979949847,99.9663,0.0168,0.0168,2.8536469904439636e-12,true
256,256,5.07978409590913e8,22538.37637432903,74479.01874174208,3286.5782655627563,18,3,0.018742375828541855,99.9663,0.0168,0.0168,3.1050355069756837e-12,true
257,257,5.07980933371667e8,22538.432362781292,74479.20375795249,2378.5746606625353,15,4,0.02714142517404865,99.9686,0.0157,0.0157,2.941363226038522e-12,true
258,258,5.0803744880449325e8,22539.68608487024,74483.34673566344,789.5683520871487,8,4,0.05225322026676709,99.9630,0.0185,0.0185,2.726244235288043e-12,true
259,259,5.0805548640892583e8,22540.086211213253,74484.66897010061,1046.178066515472,9,5,0.10757805712903282,99.9647,0.0177,0.0177,3.1264961043334015e-12,true
260,260,5.0805548640905106e8,22540.086211216032,74484.6689701098,315.82734083485946,4,4,0.06334663427255761,99.9647,0.0177,0.0177,2.733724596503547e-12,true
261,261,5.081097342847865e8,22541.28954351961,74488.64543264208,3809.6672988204923,19,5,0.05444391238870028,99.9633,0.0184,0.0184,2.53303206331864e-12,true
262,262,5.081616190637171e8,22542.440397253293,74492.44847751879,1667.9631437841015,12,5,0.07427022805901316,99.9587,0.0207,0.0207,2.7729083568508775e-12,true
263,263,5.082231245024111e8,22543.80457026744,74496.95644498726,2881.9244851180924,16,6,0.04871594860943437,99.9577,0.0211,0.0211,2.7977068892703515e-12,true
264,264,5.082231245025848e8,22543.80457027129,74496.95644499999,2773.3588367061097,16,5,0.10120757550979911,99.9577,0.0211,0.0211,2.8133634962946703e-12,true
265,265,5.082891494661775e8,22545.2688931886,74501.79536206264,3207.6214303540414,17,6,0.07580200601756615,99.9585,0.0207,0.0207,2.654999139861498e-12,true
266,266,5.084176552977874e8,22548.11866426526,74511.21255121163,3099.0557819420583,17,5,0.06295670460023386,99.9477,0.0262,0.0262,3.0376488306022094e-12,true
267,267,5.0851884571519786e8,22550.36242979695,74518.62716938605,730.3507256806125,7,5,0.052292574782487895,99.9483,0.0259,0.0259,3.1435988073592056e-12,true
268,268,5.085188457153023e8,22550.36242979927,74518.6271693937,1776.5287921960844,12,6,0.09353202215135308,99.9483,0.0259,0.0259,3.0227562002130206e-12,true
269,269,5.08533334837926e8,22550.68368892451,74519.68878377143,3207.6214303540414,17,6,0.05857157778798339,99.9500,0.0250,0.0250,4.027582797019019e-12,true
270,270,5.0901556288700324e8,22561.37324913985,74555.0128879747,710.6115168784338,6,6,0.03392264597893896,99.9293,0.0353,0.0353,4.80242198207217e-12,true
271,271,5.0902036856046927e8,22561.47975112602,74555.36482829606,1154.743714927455,9,6,0.04562975116952195,99.9323,0.0338,0.0338,2.97012936660108e-12,true
272,272,5.090203685604756e8,22561.479751126157,74555.36482829652,838.9163740925954,7,6,0.03524982602525888,99.9323,0.0338,0.0338,4.253575522469538e-12,true
273,273,5.092622551376781e8,22566.839724198824,74573.07708619407,1342.2661985481527,10,6,0.04675591778040445,99.9306,0.0347,0.0347,6.300163829932835e-12,true
274,274,5.10083016315876e8,22585.017518609013,74633.14637725898,3207.6214303540414,17,6,0.019215457681353614,99.8918,0.0541,0.0541,6.675580943912757e-12,true
275,275,5.10222135246418e8,22588.097202872534,74643.3233242658,1470.5710557623142,10,7,0.043861082040464086,99.9017,0.0491,0.0491,3.5654892422378163e-12,true
276,276,5.1041583405154365e8,22592.384425986198,74657.49063451609,513.2194288566466,4,6,0.03323483171535463,99.8915,0.0543,0.0543,3.412710635305019e-12,true
277,277,5.10415834051697e8,22592.384425989592,74657.4906345273,967.2212313067571,7,7,0.05894997585726673,99.8915,0.0543,0.0543,4.143088547632666e-12,true
278,278,5.136686548466e8,22664.259415357035,74895.00457924328,1825.8768142015313,11,8,0.04317056848206195,99.7977,0.1011,0.1011,3.3444246141799455e-12,true
279,279,5.136686548466747e8,22664.259415358683,74895.00457924872,3010.229342332254,16,7,0.054864939647178416,99.7977,0.1011,0.1011,3.1312520901837257e-12,true
280,280,5.139554352177276e8,22670.58524206483,74915.90854136113,4046.537804446637,19,7,0.060405823721742365,99.7803,0.1099,0.1099,3.2186521185967034e-12,true
281,281,5.1447925628592545e8,22682.13517916524,74954.07579739948,838.9163740925954,6,7,0.030829834789091435,99.7998,0.1001,0.1001,3.268826621685336e-12,true
282,282,5.3015223101116055e8,23025.034875351666,76087.20235783329,2852.3156719148246,15,8,0.02791911691089287,99.3002,0.3499,0.3499,3.715028917879644e-12,true
283,283,5.309736846807764e8,23042.866242739343,76146.12686613861,1904.8336494102462,12,7,0.03708769573426978,99.3649,0.3175,0.3175,3.632435533033878e-12,true
284,284,5.312719702750582e8,23049.33774048743,76167.51220437513,3010.229342332254,16,7,0.044269197221591075,99.3388,0.3306,0.3306,3.441841714343703e-12,true
285,285,5.3127197027517223e8,23049.337740489904,76167.51220438331,2704.2716058984843,15,7,0.01990206567590537,99.3388,0.3306,0.3306,3.350426526242293e-12,true
286,286,1.0157987280698917e9,31871.597513615343,105321.0430565669,3158.273408348595,16,8,0.01429150644302842,99.9416,0.0292,0.0292,1.6044840832800902e-12,true
287,287,1.0157987280699353e9,31871.597513616027,105321.04305656915,3010.229342332254,16,7,0.020320431718954857,99.9416,0.0292,0.0292,2.032026719402455e-12,true
288,288,1.0158084579439437e9,31871.750155018846,105321.54746654583,3335.926287568203,17,7,0.006356809339766844,99.9555,0.0223,0.0223,1.7252178178823398e-12,true
289,289,1.015820739515845e9,31871.942826188755,105322.18415658225,1263.3093633394378,8,8,0.011019227117658017,99.9377,0.0312,0.0312,1.6969311338794464e-12,true
290,290,1.1808104553495479e9,34362.922683461424,113553.73253406098,3483.9703535845433,17,8,0.04763242186956577,0.0067,49.9966,49.9966,1.8798394970244085e-10,true
291,291,1.181482108936241e9,34372.69423446817,113586.0230379766,3010.229342332254,16,7,0.05369901422546505,0.0069,49.9966,49.9966,1.954126535952436e-10,true
292,292,1.1814821089362507e9,34372.694234468305,113586.02303797707,3158.273408348595,8,16,0.05202339422170689,0.0069,49.9966,49.9966,2.1763762795481235e-10,true
293,293,1.2000074433228922e9,34641.123586322836,114473.05919335772,3010.229342332254,16,7,0.037648235050230336,0.0114,49.9943,49.9943,1.5319620895051072e-10,true
294,294,1.2253589856297138e9,35005.12799047754,115675.92715460065,3483.9703535845433,8,17,0.06610578202014415,0.0099,49.9951,49.9951,1.6262113512885165e-10,true
295,295,1.2253589856297677e9,35005.12799047831,115675.9271546032,3483.9703535845433,8,17,0.06698733054681665,0.0099,49.9951,49.9951,1.4357045766295817e-10,true
296,296,1.2721280247695456e9,35666.90377323977,117862.79324062973,2852.3156719148246,15,8,0.06977803914687684,0.0040,49.9980,49.9980,1.9441000106159877e-10,true
297,297,1.2914203876952176e9,35936.337983929545,118753.14999456551,2418.0530782668925,14,7,0.026068086206070398,0.0086,49.9957,49.9957,1.5722031868559246e-10,true
298,298,1.364009129921683e9,36932.494228276584,122044.99046968203,3829.4065076226707,8,18,0.05392191812439313,0.0057,49.9971,49.9971,1.783151940139051e-10,true
299,299,1.3640091299218066e9,36932.49422827826,122044.99046968756,3829.4065076226707,8,18,0.05399398958426995,0.0057,49.9971,49.9971,1.695705320876501e-10,true
300,300,1.4641723422299142e9,38264.50499130903,126446.6764179694,4046.537804446637,19,7,0.05072618239649214,0.0035,49.9983,49.9983,1.7873913332792588e-10,true
301,301,1.485723681469669e9,38545.08634663657,127373.86938320113,720.4811212795231,8,3,0.0539776185825758,0.0049,49.9975,49.9975,1.5743669034584738e-10,true
302,302,1.6186463382220259e9,40232.404082058354,132949.68226131462,2566.097144283233,14,8,0.037266964239309586,0.0037,49.9981,49.9981,1.6463057792085597e-10,true
303,303,1.6186463382220573e9,40232.40408205875,132949.68226131593,3681.3624416063303,18,7,0.035090300950457884,0.0037,49.9981,49.9981,1.4502408741535424e-10,true
304,304,1.7877661626763384e9,42281.98390185042,139722.60553119387,2299.6178254538204,13,8,0.051426615990274864,0.0028,49.9986,49.9986,1.4858276284950244e-10,true
305,305,1.8129167848288438e9,42578.360523026764,140701.99462101088,1904.8336494102462,12,7,0.031084370748869,0.0032,49.9984,49.9984,1.6634942373877412e-10,true
306,306,2.0251995955023813e9,45002.217673158964,148711.73317154904,878.3947916969529,5,8,0.032648251648305156,0.0026,49.9987,49.9987,1.3680925139483577e-10,true
307,307,2.025199595502618e9,45002.2176731616,148711.73317155775,789.5683520871487,4,8,0.050628255599165915,0.0026,49.9987,49.9987,1.6007892746734602e-10,true
308,308,2.2836775706231494e9,47787.83914996732,157916.93725248345,1825.8768142015313,8,11,0.027919985303894192,0.0019,49.9990,49.9990,1.412662229287484e-10,true
309,309,2.3142910647413244e9,48107.07915412579,158971.87935913465,1825.8768142015313,8,11,0.035881772279599676,0.0020,49.9990,49.9990,1.652465400114332e-10,true
310,310,2.624131849875368e9,51226.28085148646,169279.4133987917,1825.8768142015313,8,11,0.038118271483767875,0.0016,49.9992,49.9992,1.5172478554085435e-10,true
311,311,2.6241318498754773e9,51226.28085148752,169279.4133987952,1825.8768142015313,11,8,0.07832369608228959,0.0016,49.9992,49.9992,1.5821384062142081e-10,true
312,312,2.979957236187535e9,54588.98456820327,180391.6101684551,1677.832748185191,11,7,0.04647458551072274,0.0011,49.9995,49.9995,1.537056960052081e-10,true
313,313,3.018213127126285e9,54938.26651002273,181545.82712973337,1677.832748185191,11,7,0.03723357716578773,0.0011,49.9995,49.9995,1.6774756503594679e-10,true
314,314,3.365842026019617e9,58015.87736145699,191715.9224585538,3158.273408348595,16,8,0.06785006581423766,0.0001,49.9999,49.9999,4.732172714643777e-10,true
315,315,3.375751605177948e9,58101.21862042093,191997.9362611567,3158.273408348595,8,16,0.03980966442476274,0.0001,49.9999,49.9999,4.975899870319732e-10,true
316,316,3.3757516051780486e9,58101.218620421794,191997.93626115954,3158.273408348595,8,16,0.039700805664306754,0.0001,49.9999,49.9999,4.5709995006113075e-10,true
317,317,3.3846709746104712e9,58177.92514872347,192251.4162307949,3158.273408348595,16,8,0.04288264415907212,0.0000,50.0000,50.0000,6.706516262396611e-10,true
318,318,3.3910518070445075e9,58232.73827534223,192432.54852785694,3483.9703535845433,8,17,0.0772143777676977,0.0002,49.9999,49.9999,3.391661646575621e-10,true
319,319,3.3910518070445075e9,58232.73827534223,192432.54852785694,3829.4065076226707,18,8,0.04687862400730069,0.0002,49.9999,49.9999,3.3840154725002773e-10,true
320,320,3.402979584252992e9,58335.063077475046,192770.6851677471,3483.9703535845433,17,8,0.06921864239837086,0.0000,50.0000,50.0000,6.913204645420775e-10,true
321,321,3.4095533657996607e9,58391.380920471995,192956.7898637731,986.9604401089358,6,8,0.09011663192070364,0.0007,49.9996,49.9996,2.1070392298812037e-10,true
322,322,3.409553365799673e9,58391.3809204721,192956.78986377345,1786.3983965971738,9,10,0.048870116223240924,0.0007,49.9996,49.9996,2.2434998847923127e-10,true
323,323,3.4184102339307547e9,58467.17227582291,193207.24560565487,671.1330992740764,2,8,0.037287731378803764,0.0001,50.0000,50.0000,5.483420567133252e-10,true
324,324,3.439571826413044e9,58647.86293133829,193804.34552514667,2299.6178254538204,13,8,0.07013496902379576,0.0002,49.9999,49.9999,3.3523932553977036e-10,true
325,325,3.4395718264131136e9,58647.86293133888,193804.34552514862,2299.6178254538204,13,8,0.037114144548445895,0.0002,49.9999,49.9999,3.0288377946681993e-10,true
326,326,3.4694040290899444e9,58901.64708299713,194642.9859965732,3483.9703535845433,8,17,0.042226677862087954,0.0001,50.0000,50.0000,5.310565921776197e-10,true
327,327,3.4873645612808723e9,59053.912328319726,195146.1529448816,720.4811212795231,8,3,0.04743930414832324,0.0001,49.9999,49.9999,5.253234614062443e-10,true
328,328,3.5286670637047105e9,59402.58465508644,196298.35540741403,789.5683520871487,4,8,0.04686507058527929,0.0003,49.9999,49.9999,3.319390331931452e-10,true
329,329,3.528667063704712e9,59402.584655086444,196298.35540741406,4194.581870462977,8,19,0.0501542552095034,0.0003,49.9999,49.9999,3.220301699714632e-10,true
330,330,3.5816951854965115e9,59847.2654805256,197767.82201769302,2299.6178254538204,8,13,0.04213356089723931,0.0001,50.0000,50.0000,4.671876306490745e-10,true
331,331,3.602919347560048e9,60024.322966278,198352.91597391688,2052.8777154265863,12,8,0.04654223232872016,0.0001,49.9999,49.9999,4.7398399323286e-10,true
332,332,3.6709197753324e9,60588.11579288796,200215.9932338818,2052.8777154265863,12,8,0.04175397620703659,0.0003,49.9999,49.9999,2.676746951699902e-10,true
333,333,3.6709197753325157e9,60588.11579288892,200215.99323388498,2052.8777154265863,12,8,0.02439408356617777,0.0003,49.9999,49.9999,2.804953821376352e-10,true
334,334,3.753871780977824e9,61268.84837319716,202465.5028598152,789.5683520871487,4,8,0.020311925085457146,0.0001,49.9999,49.9999,4.0113361380111773e-10,true
335,335,3.77982974271379e9,61480.31996268228,203164.31967851683,2052.8777154265863,8,12,0.030776249621718738,0.0001,49.9999,49.9999,3.7608494868574136e-10,true
336,336,3.8032244720866466e9,61670.28840606023,203792.07844071413,1618.6151217786546,10,8,0.05354717681416312,0.0004,49.9998,49.9998,2.1412122470246586e-10,true
337,337,3.850457198137944e9,62052.05232816997,205053.63348077095,1263.3093633394378,8,8,0.0425087842632932,0.0004,49.9998,49.9998,2.2848376850499862e-10,true
338,338,3.880487846528523e9,62293.56183851203,205851.7118804006,2052.8777154265863,12,8,0.03221704196441691,0.0003,49.9998,49.9998,2.678335824027224e-10,true
339,339,3.8804878465285325e9,62293.56183851211,205851.71188040086,1825.8768142015313,8,11,0.07080391573373913,0.0003,49.9998,49.9998,2.5735579320204907e-10,true
340,340,3.995688952937459e9,63211.462195850676,208884.9524644536,1618.6151217786546,8,10,0.05083942896542178,0.0001,49.9999,49.9999,3.2371286842809165e-10,true
341,341,4.028161900537454e9,63467.8020774113,209732.03845352048,986.9604401089358,6,8,0.05117963687279498,0.0002,49.9999,49.9999,3.2312393193691785e-10,true
342,342,4.1553062767017226e9,64461.665171648514,213016.30111703378,838.9163740925954,6,7,0.036800194101967165,0.0004,49.9998,49.9998,2.2952603361428093e-10,true
343,343,4.1553062767018695e9,64461.66517164965,213016.30111703754,1618.6151217786546,8,10,0.0583390596255301,0.0004,49.9998,49.9998,1.9589332457451673e-10,true
344,344,4.198240183495396e9,64793.82828244829,214113.94817659527,1283.0485721416164,7,9,0.08196540184231113,0.0002,49.9999,49.9999,2.821181479985612e-10,true
345,345,4.198240183495519e9,64793.82828244924,214113.9481765984,1431.0926381579568,9,8,0.056243293951967185,0.0002,49.9999,49.9999,3.0386583048991766e-10,true
346,346,4.281864523947838e9,65435.9574236355,216235.89110392932,1431.0926381579568,8,9,0.08539756929600911,0.0002,49.9999,49.9999,2.8378530358613164e-10,true
347,347,4.321806237432986e9,65740.44597835481,217242.086421504,1431.0926381579568,9,8,0.07053385623462728,0.0002,49.9999,49.9999,2.7629167731244854e-10,true
348,348,4.431283191296694e9,66567.88408306737,219976.39066263428,1598.875912976476,9,9,0.08800973936164123,0.0005,49.9998,49.9998,1.868399504460277e-10,true
349,349,4.43128319129677e9,66567.88408306794,219976.39066263617,1618.6151217786546,10,8,0.048962434541723054,0.0005,49.9998,49.9998,2.0184133472056435e-10,true
350,350,4.436569859094885e9,66607.58109325758,220107.57111311765,1115.2652973230975,7,8,0.08393904337215743,0.0000,50.0000,50.0000,8.183954514064119e-10,true
351,351,4.491097189319053e9,67015.64883905141,221456.04825193656,1431.0926381579568,8,9,0.05715396452367287,0.0000,50.0000,50.0000,1.1867589234433057e-9,true
352,352,4.50430002677687e9,67114.08217935242,221781.32539148425,1263.3093633394378,8,8,0.16961813431426423,0.0000,50.0000,50.0000,6.476742836768184e-10,true
353,353,4.551758287251281e9,67466.7198495027,222946.6314990742,1115.2652973230975,7,8,0.04329036419649247,0.0000,50.0000,50.0000,1.4541115475666465e-9,true
354,354,4.557362637361483e9,67508.2412551348,223083.84074151897,1263.3093633394378,8,8,0.1505982658492818,0.0000,49.3168,50.6832,1.2523296940442618e-9,true
355,355,4.557362637361543e9,67508.24125513523,223083.8407415204,1115.2652973230975,7,8,0.11965892060627843,0.0000,50.6832,49.3168,1.3187195129780763e-9,true
356,356,7.518647709513098e9,86710.1361405522,286537.3151753241,1283.0485721416164,9,7,0.04509747258451971,0.1527,49.9237,49.9237,6.189451495074605e-12,true
357,357,7.5186477095131855e9,86710.13614055271,286537.3151753258,1154.743714927455,9,6,0.0329629453109758,0.1527,49.9237,49.9237,5.4932724169459515e-12,true
358,358,1.5617100022451408e10,124968.39609457829,412963.35460324975,1263.3093633394378,8,8,0.05215430595064652,0.0267,49.9866,49.9866,7.736075534040457e-12,true
359,359,1.5832320283938147e10,125826.54840667825,415799.15524277405,986.9604401089358,8,6,0.0325870111285691,0.2097,49.8952,49.8952,2.1008750017212604e-12,true
360,360,1.5858838371694784e10,125931.87988628926,416147.22757565865,1283.0485721416164,9,7,0.03935318492399553,0.4015,49.7993,49.7993,1.9424542365826624e-12,true
361,361,1.6044799539984213e10,126668.06835183133,418579.9935217014,1115.2652973230975,8,7,0.03819866363075716,0.5418,49.7291,49.7291,1.341313088007935e-12,true
362,362,2.7342028433361237e10,165354.25133138016,546420.1227007519,967.2212313067571,7,7,0.03021742042082109,0.0701,49.9650,49.9650,1.9043050349679165e-12,true
363,363,2.7342028433361347e10,165354.25133138048,546420.1227007529,1470.5710557623142,10,7,0.027230987936599966,0.0701,49.9650,49.9650,2.487128704955184e-12,true
364,364,2.791273502293458e10,167071.04782976187,552093.3493988544,967.2212313067571,7,7,0.040709605734021395,0.6368,49.6816,49.6816,8.258704623430207e-13,true
365,365,2.7912735022934593e10,167071.04782976193,552093.3493988547,1115.2652973230975,8,7,0.0323059924227272,0.6368,49.6816,49.6816,6.460322206886202e-13,true
366,366,4.030330143943065e10,200756.82165104788,663409.4148552481,1115.2652973230975,8,7,0.034352271802146575,0.0368,49.9816,49.9816,2.0000292721794093e-12,true
367,367,4.04039728171323e10,201007.39493146093,664237.444866732,838.9163740925954,7,6,0.026916495154093386,0.0516,49.9742,49.9742,1.6434785870710537e-12,true
368,368,4.127311801092565e10,203157.86475282136,671343.7634173033,986.9604401089358,8,6,0.05499961560347533,0.7148,49.6426,49.6426,4.982630587234507e-13,true
369,369,4.1356466142269806e10,203362.89273677685,672021.2870687849,986.9604401089358,8,6,0.10445999145078178,0.7184,49.6408,49.6408,4.078663281786487e-13,true
370,370,4.746096932028672e10,217855.38625493454,719912.345343189,967.2212313067571,7,7,0.048568123636760066,0.1847,49.9077,49.9077,7.081650726527737e-13,true
371,371,4.7460969320286835e10,217855.3862549348,719912.3453431898,1470.5710557623142,7,10,0.02386357040344821,0.1847,49.9077,49.9077,9.252696657948473e-13,true
372,372,5.318013938475909e10,230608.19453080822,762054.540096422,1154.743714927455,9,6,0.04774638152160171,0.0299,49.9850,49.9850,1.5223356716731194e-12,true
373,373,5.318013938475921e10,230608.19453080848,762054.5400964228,986.9604401089358,8,6,0.032593417592258374,0.0299,49.9850,49.9850,1.7740666495902683e-12,true
374,374,5.452750398854949e10,233511.25023978928,771647.8105683709,1154.743714927455,9,6,0.05124279478228661,0.7585,49.6208,49.6208,3.1265037841362535e-13,true
375,375,5.4527503988549805e10,233511.25023978995,771647.8105683731,1046.178066515472,9,5,0.025155265441357762,0.7585,49.6208,49.6208,3.6579967194258216e-13,true
376,376,6.483903095928096e10,254635.09373077576,841452.4455222338,4046.537804446637,19,7,0.024750763331124453,0.0180,49.9910,49.9910,1.786949842694553e-12,true
377,377,6.4912034748094246e10,254778.4032214941,841926.0178003701,878.3947916969529,8,5,0.04835375314835253,0.0222,49.9889,49.9889,1.602483859813517e-12,true
378,378,6.654682454962987e10,257966.71209601805,852461.9194321574,602.0458684664509,6,5,0.022904943838450365,0.7827,49.6087,49.6087,2.5917649675607987e-13,true
379,379,6.660707480058466e10,258083.46479498578,852847.7336678479,878.3947916969529,8,5,0.04143772182958285,0.7820,49.6090,49.6090,2.4016831952875244e-13,true
380,380,7.503256169917766e10,273920.72155858827,905182.6190084628,730.3507256806125,7,5,0.0489317835945316,0.0144,49.9928,49.9928,1.7333459155474725e-12,true
381,381,7.503256169917781e10,273920.72155858856,905182.6190084637,730.3507256806125,7,5,0.01687632744172458,0.0144,49.9928,49.9928,1.5266640670329395e-12,true
382,382,7.704113664452014e10,277562.8517012321,917218.1922302676,3010.229342332254,16,7,0.028056275285614534,0.7974,49.6013,49.6013,2.0403531128285543e-13,true
383,383,7.704113664452026e10,277562.85170123226,917218.1922302681,789.5683520871487,8,4,0.031873816483278014,0.7974,49.6013,49.6013,1.9941599045309242e-13,true
384,384,8.354491678699016e10,289041.3755623754,955149.4601966398,789.5683520871487,8,4,0.041900823584143994,0.0093,49.9954,49.9954,1.7330733648703322e-12,true
385,385,8.360203340559084e10,289140.1622147827,955475.9048709976,789.5683520871487,8,4,0.033415722132946024,0.0113,49.9943,49.9943,1.4269472016915917e-12,true
386,386,8.58171392893072e10,292945.6251410954,968051.2181900473,2151.57375943748,13,7,0.03417923047747595,0.8075,49.5962,49.5962,1.7097835385605639e-13,true
387,387,8.58643670226067e10,293026.22241466155,968317.5552920979,2151.57375943748,13,7,0.026133876692850333,0.8068,49.5966,49.5966,1.695504171257837e-13,true
388,388,9.059706521620418e10,300993.4637433248,994645.6415030176,2052.8777154265863,8,12,0.021065652144123932,0.0077,55.7116,44.2806,1.8031784069257762e-12,true
389,389,9.059706521620425e10,300993.4637433249,994645.6415030181,957.3516269056677,9,4,0.029002638171077535,0.0077,44.2806,55.7116,1.7198781726788154e-12,true
390,390,9.185958521114919e10,303083.4624507731,1.0015521306980227e6,1342.2661985481527,6,10,0.06673386787215328,0.0322,49.9839,49.9839,8.786058558929297e-13,true
391,391,9.2233668463849e10,303699.9645437072,1.0035893879596532e6,1342.2661985481527,6,10,0.04242816081456316,0.1587,49.9206,49.9206,4.629902846306881e-13,true
392,392,9.227972912733844e10,303775.78759232676,1.0038399484332826e6,1154.743714927455,6,9,0.04472663399219821,0.1472,49.9264,49.9264,4.180963935160098e-13,true
393,393,9.259697388703035e10,304297.5088413153,1.0055639983841762e6,1154.743714927455,6,9,0.037952279820090404,0.2453,49.8773,49.8773,3.2464119190908546e-13,true
394,394,9.307697063969444e10,305085.185873871,1.0081669104793428e6,2052.8777154265863,8,12,0.02610302235253975,0.8140,49.5925,49.5935,1.564703158974606e-13,true
395,395,9.307697063969449e10,305085.18587387115,1.0081669104793431e6,888.2643960980422,9,3,0.018754750728326313,0.8140,49.5935,49.5925,1.690492291050013e-13,true
396,396,9.624271616379645e10,310230.10196271486,1.0251685034708476e6,2299.6178254538204,8,13,0.02837740659690934,0.0054,49.9973,49.9973,1.983554303061868e-12,true
397,397,9.62900013692872e10,310306.3024968832,1.0254203113614514e6,2151.57375943748,7,13,0.03944354636367072,0.0067,49.9966,49.9966,1.939935327687617e-12,true
398,398,9.889793150149074e10,314480.41513183416,1.0392138432470378e6,2151.57375943748,7,13,0.04815801724550376,0.8190,49.5905,49.5905,1.3089889030802526e-13,true
399,399,9.893706279171873e10,314542.6247612853,1.0394194176007914e6,2151.57375943748,7,13,0.03233394265607017,0.8184,49.5908,49.5908,1.441520844811109e-13,true
400,400,1.0075285411799731e11,317415.90085879015,1.0489142800860947e6,2467.4011002723396,9,13,0.03706789084305356,0.0044,49.9942,50.0014,2.1380764098997917e-12,true
401,401,1.0075285411799733e11,317415.9008587902,1.048914280086095e6,2299.6178254538204,8,13,0.022633143151798894,0.0044,50.0014,49.9942,2.1252153154446844e-12,true
402,402,1.03540499643246e11,321777.0962067468,1.063326034715715e6,4046.537804446637,19,7,0.033312648830904144,0.8221,49.5893,49.5886,1.2992527354748072e-13,true
403,403,1.0354049964324623e11,321777.09620674717,1.0633260347157163e6,2467.4011002723396,9,13,0.05333486966638558,0.8221,49.5886,49.5893,1.1627326012500417e-13,true
404,404,1.0419419072077907e11,322791.24944889545,1.0666773470318506e6,2566.097144283233,8,14,0.07699849937610581,0.0029,49.9985,49.9985,3.26458775111782e-12,true
405,405,1.0423546144130174e11,322855.17099978705,1.0668885785024671e6,671.1330992740764,8,2,0.057124580587633235,0.0039,49.9981,49.9981,2.395343824901328e-12,true
406,406,1.0677873812432191e11,326770.1610066652,1.079825828695348e6,2418.0530782668925,7,14,0.03631626933980193,0.0026,49.9987,49.9987,2.9581662054895703e-12,true
407,407,1.0677873812432199e11,326770.1610066653,1.0798258286953485e6,2566.097144283233,14,8,0.03377451174582057,0.0026,49.9987,49.9987,2.8494561630519194e-12,true
408,408,1.070901549161869e11,327246.3214708256,1.0813993211042632e6,2566.097144283233,8,14,0.07722351674637787,0.8248,49.5876,49.5876,1.0963417119967047e-13,true
409,409,1.0712438553408426e11,327298.618289299,1.0815721381545477e6,671.1330992740764,8,2,0.06417215479751541,0.8242,49.5879,49.5879,1.1027530407603109e-13,true
410,410,1.0852398126073318e11,329429.78198810923,1.0886146588059552e6,2852.3156719148246,8,15,0.05474341049782644,0.0018,49.9991,49.9991,3.849986641811798e-12,true
411,411,1.0856207401144524e11,329487.5931070019,1.0888056980953866e6,2704.2716058984843,7,15,0.031620309110094155,0.0026,49.9987,49.9987,3.4128597877715624e-12,true
412,412,1.0957469979186325e11,331020.6939027578,1.093871894568622e6,2704.2716058984843,15,7,0.030422543800938128,0.0019,49.9991,49.9991,3.832721356346515e-12,true
413,413,1.0957469979186334e11,331020.6939027579,1.0938718945686226e6,809.3075608893273,9,1,0.030291767283443984,0.0019,49.9991,49.9991,4.296646654139157e-12,true
414,414,1.0974904366221092e11,331283.9320918099,1.094741776306789e6,2418.0530782668925,7,14,0.022947456017263213,0.8262,49.5869,49.5869,1.0804164378035083e-13,true
415,415,1.0974904366221094e11,331283.9320918099,1.094741776306789e6,2418.0530782668925,14,7,0.03985313861706138,0.8262,49.5869,49.5869,1.1323739242342382e-13,true
416,416,1.0990431283742537e11,331518.1938256562,1.0955159041222015e6,2852.3156719148246,15,8,0.03750820013074568,0.0007,49.9997,49.9997,5.7046652652117055e-12,true
417,417,1.0992294384118176e11,331546.2921541753,1.0956087562381495e6,3326.0566831671135,9,16,0.04689537650936835,0.0012,49.9994,49.9994,6.070572628464007e-12,true
418,418,1.1155090355100394e11,333992.3704981956,1.1036919256644777e6,2704.2716058984843,7,15,0.03676952008716771,0.8275,49.5862,49.5862,1.0418830602249918e-13,true
419,419,1.1158251178458621e11,334039.6859425332,1.103848281553077e6,2852.3156719148246,8,15,0.035959545675230194,0.8270,49.5865,49.5865,1.0959399144222431e-13,true
420,420,1.1262977093209592e11,335603.5919535068,1.1090162751639343e6,809.3075608893273,9,1,0.03009165134533192,0.8279,49.6518,49.5203,1.0421398175125189e-13,true
421,421,1.1262977093209613e11,335603.59195350716,1.1090162751639355e6,2418.0530782668925,14,7,0.034587775281422276,0.8279,49.5203,49.6518,1.0910834082787204e-13,true
422,422,1.1297199487413359e11,336113.0685857567,1.1106998622605202e6,3326.0566831671135,9,16,0.032202329742274126,0.8280,49.5860,49.5860,9.701050818498198e-14,true
423,423,1.1298740100092178e11,336135.9858761358,1.1107755934166296e6,3326.0566831671135,9,16,0.044236143434585665,0.8278,49.5861,49.5861,1.0755634159611005e-13,true
424,424,1.4203128357570947e11,376870.3803374702,1.2453841241346973e6,1283.0485721416164,9,7,0.028266216318969816,0.0509,49.9745,49.9745,4.825109653292382e-13,true
425,425,1.4203128357570975e11,376870.3803374706,1.2453841241346986e6,1154.743714927455,9,6,0.04167924054443285,0.0509,49.9745,49.9745,5.207270197698089e-13,true
426,426,1.4276974819670486e11,377848.8430532835,1.2486174955958358e6,710.6115168784338,6,6,0.03645265842187268,0.2087,49.8956,49.8956,2.418575857447722e-13,true
427,427,1.4276974819670547e11,377848.8430532843,1.2486174955958384e6,1283.0485721416164,9,7,0.04073369821113728,0.2087,49.8956,49.8956,2.301348421344775e-13,true
428,428,1.8375080835078378e11,428661.64786552085,1.4165305599211613e6,1973.9208802178716,10,10,0.03181297902506262,0.0942,49.9529,49.9529,2.38085516564596e-13,true
429,429,1.837508083507842e11,428661.6478655213,1.416530559921163e6,1786.3983965971738,10,9,0.09557127105115266,0.0942,49.9529,49.9529,3.0022930658954086e-13,true
430,430,1.9122393049575894e11,437291.585210325,1.4450485531682621e6,1342.2661985481527,10,6,0.03694766447501743,0.0277,49.9862,49.9862,5.3021616608168e-13,true
431,431,1.913396172833958e11,437423.8416952096,1.4454856003207648e6,1677.832748185191,11,7,0.044794118620868455,0.0371,49.9814,49.9814,3.3814872497943787e-13,true
432,432,1.923624271276525e11,438591.4125101545,1.4493438875001215e6,1440.9622425590462,11,5,0.016916705802918125,0.2105,49.8948,49.8948,1.822289682805454e-13,true
433,433,1.9245291117101303e11,438694.55338653683,1.4496847208919125e6,710.6115168784338,6,6,0.029258829321596513,0.2137,49.8932,49.8932,1.4150817952839183e-13,true
434,434,2.361993188732248e11,486003.4144666319,1.6060188548381412e6,1046.178066515472,5,9,0.04040665688618578,0.0219,49.9890,49.9890,3.5698952600576267e-13,true
435,435,2.36199318873225e11,486003.4144666321,1.606018854838142e6,838.9163740925954,6,7,0.030656509232616393,0.0219,49.9890,49.9890,4.3285546552779304e-13,true
436,436,2.3767930505955914e11,487523.64564147976,1.611042523104336e6,1046.178066515472,9,5,0.04165249131942935,0.2139,49.8930,49.8930,1.3583613214429808e-13,true
437,437,2.3767930505955936e11,487523.64564148,1.6110425231043368e6,1154.743714927455,6,9,0.01879599454185607,0.2139,49.8930,49.8930,1.130795930444665e-13,true
438,438,2.7516499131921765e11,524561.7135468597,1.733436386258768e6,1144.8741105263655,10,4,0.03171982402837335,0.0136,49.9932,49.9932,4.5029805060573637e-13,true
439,439,2.752380262086825e11,524631.3240826195,1.733666417220687e6,2408.1834738658035,12,10,0.036518613416791655,0.0167,49.9916,49.9916,3.611210675237347e-13,true
440,440,2.76961702846601e11,526271.5105785235,1.7390864829228253e6,1993.6600890200502,11,9,0.02695174854638525,0.2147,49.8926,49.8926,1.2347886767195892e-13,true
441,441,2.7701816494552844e11,526325.1513518316,1.7392637411287485e6,2408.1834738658035,12,10,0.025569770905241623,0.2151,49.8925,49.8925,1.1318100497361108e-13,true
442,442,2.85749235921738e11,534555.1757505842,1.7664602051179581e6,1154.743714927455,6,9,0.041571108642799746,0.0217,49.9891,49.9891,3.985756770729689e-13,true
443,443,2.8618531987565784e11,534962.9144862827,1.7678075950289906e6,1549.5278909710291,6,11,0.03495372737608938,0.0734,49.9633,49.9633,2.332738151488358e-13,true
444,444,2.8635296845870184e11,535119.583325729,1.7683253138404777e6,710.6115168784338,6,6,0.041139136553080796,0.0841,49.9580,49.9580,1.8156383777182231e-13,true
445,445,2.8670221830453534e11,535445.8126687848,1.7694033525133622e6,3207.6214303540414,15,10,0.027046631018049085,0.1173,49.9413,49.9413,1.4114077972089857e-13,true
446,446,3.080033703102169e11,554980.5134508931,1.8339565981199143e6,2408.1834738658035,12,10,0.021470697373941992,0.0111,49.9945,49.9945,4.851266720232043e-13,true
447,447,3.0800337031021704e11,554980.5134508932,1.8339565981199148e6,513.2194288566466,4,6,0.019130052923335975,0.0111,49.9945,49.9945,3.9708465391901324e-13,true
448,448,3.1005084079698517e11,556822.0907947036,1.8400421684035063e6,1904.8336494102462,7,12,0.03213388238450406,0.2157,49.8922,49.8922,8.529289553006737e-14,true
449,449,3.100508407969859e11,556822.0907947043,1.8400421684035086e6,2052.8777154265863,12,8,0.023158499476237486,0.2157,49.8922,49.8922,8.573340286353508e-14,true
450,450,3.3494637443252423e11,578745.5178509154,1.912489061093727e6,513.2194288566466,4,6,0.02096966008009687,0.0074,49.9963,49.9963,5.267920162554305e-13,true
451,451,3.3500122345487036e11,578792.9020425789,1.9126456441607745e6,888.2643960980422,3,9,0.02040212300973721,0.0089,49.9955,49.9955,4.1264007963334783e-13,true
452,452,3.372132987402044e11,580700.6963489922,1.9189500312001435e6,4046.537804446637,19,7,0.034283885042688735,0.2162,49.8919,49.8919,7.99730117475766e-14,true
453,453,3.3725587455250464e11,580737.3541907775,1.91907116858999e6,1776.5287921960844,6,12,0.02612964401198873,0.2162,49.8919,49.8919,7.791976180125704e-14,true
454,454,3.567419105178774e11,597278.754450447,1.9737329259186059e6,4046.537804446637,7,19,0.019345527611832496,0.0060,49.9970,49.9970,5.453347013024599e-13,true
455,455,3.5674191051787744e11,597278.754450447,1.9737329259186059e6,2467.4011002723396,9,13,0.026803985339860757,0.0060,49.9970,49.9970,4.964304407355707e-13,true
456,456,3.59175228697775e11,599312.2964680226,1.9804528515922066e6,967.2212313067571,7,7,0.021009408350150697,0.2165,49.8917,49.8917,7.553129194732632e-14,true
457,457,3.591752286977751e11,599312.2964680226,1.9804528515922066e6,2467.4011002723396,9,13,0.030172161682979703,0.2165,49.8917,49.8917,7.62032211510141e-14,true
458,458,3.7395154031524036e11,611515.7727444489,2.0207797555009366e6,2654.923583893037,13,10,0.018976960762876468,0.0040,49.9980,49.9980,6.029218314776746e-13,true
459,459,3.739967196732183e11,611552.7120970181,2.0209018231550844e6,2467.4011002723396,13,9,0.030766799387905105,0.0051,49.9975,49.9975,5.338611964943158e-13,true
460,460,3.765262128603084e11,613617.3179273125,2.0277244005126948e6,2151.57375943748,13,7,0.030599768129363675,0.2168,49.8916,49.8916,6.783083326686615e-14,true
461,461,3.7656148293791974e11,613646.0567280782,2.027819369096292e6,2654.923583893037,10,13,0.021404211295575033,0.2167,49.8916,49.8916,6.917118505349697e-14,true
462,462,3.868870524480181e11,622002.4537315092,2.0554334367068077e6,730.3507256806125,5,7,0.029406477837377886,0.0324,49.9194,50.0481,2.1253868666038754e-13,true
463,463,3.868870524480185e11,622002.4537315094,2.0554334367068084e6,730.3507256806125,5,7,0.0307418192382545,0.0324,50.0481,49.9194,1.9561898283179081e-13,true
464,464,3.87260878941883e11,622302.8836040236,2.0564262199372388e6,3651.7536284030625,17,9,0.02666293228885939,0.0048,55.6150,44.3803,5.297229898590363e-13,true
465,465,3.8726087894188354e11,622302.8836040241,2.0564262199372405e6,2921.40290272245,10,14,0.03772852377323296,0.0048,44.3803,55.6150,4.677312894022902e-13,true
466,466,3.87682360722734e11,622641.4383276574,2.057544988351957e6,730.3507256806125,5,7,0.024339757530152502,0.0949,49.0957,50.8095,1.2405751576643954e-13,true
467,467,3.876823607227341e11,622641.4383276574,2.057544988351957e6,838.9163740925954,7,6,0.037632706936783285,0.0949,50.8095,49.0957,1.3008139564363418e-13,true
468,468,3.899439084279606e11,624454.8890255889,2.0635376129436868e6,2921.40290272245,10,14,0.03717075237652185,0.2169,49.8941,49.8891,5.962879782949025e-14,true
469,469,3.899439084279607e11,624454.889025589,2.063537612943687e6,2921.40290272245,10,14,0.033461210482256906,0.2169,49.8891,49.8941,6.010803424082018e-14,true
470,470,3.9709485342606934e11,630154.6266005427,2.082372637020732e6,3207.6214303540414,15,10,0.022109637768120236,0.0023,49.9989,49.9989,7.969633615704577e-13,true
471,471,3.9713480399719653e11,630186.3248255999,2.0824773851471678e6,3207.6214303540414,15,10,0.033700589963229895,0.0031,49.9984,49.9984,7.83640944382483e-13,true
472,472,3.998523234679805e11,632338.7727065141,2.0895902402792627e6,3020.0989467333434,15,9,0.019319038626514386,0.2171,49.8915,49.8915,5.736441071204559e-14,true
473,473,3.9988363461748517e11,632363.5304296771,2.089672053223409e6,3207.6214303540414,15,10,0.017360632353905815,0.2170,49.8915,49.8915,6.332907140046763e-14,true
474,474,4.0388953381373175e11,635523.0395616918,2.1001127848870284e6,2921.40290272245,14,10,0.03782293115498998,0.0023,50.0069,49.9908,9.260614334251104e-13,true
475,475,4.0388953381373193e11,635523.039561692,2.1001127848870293e6,2575.9667486843223,6,15,0.027983793110667652,0.0023,49.9908,50.0069,8.924910766299922e-13,true
476,476,4.066962115640371e11,637727.3802841125,2.107397122110421e6,1026.4388577132931,2,10,0.025191619852390327,0.2171,49.9081,49.8748,5.236190066115206e-14,true
477,477,4.066962115640374e11,637727.3802841128,2.107397122110422e6,2921.40290272245,14,10,0.033803792233272074,0.2171,49.8748,49.9081,5.529182263277343e-14,true
478,478,4.078331355312253e11,638618.1453194274,2.1103406928742523e6,3513.5791667878116,16,10,0.0327460869995418,0.0015,49.9992,49.9992,1.036301518868491e-12,true
479,479,4.0787085157411786e11,638647.6740536349,2.110438271826344e6,3513.5791667878116,16,10,0.050665275499206706,0.0023,49.9988,49.9988,1.0540003128373333e-12,true
480,480,4.091523882441728e11,639650.2077262015,2.1137511867829585e6,3513.5791667878116,16,10,0.032269473931357595,0.0009,49.8618,50.1372,1.480573650704041e-12,true
481,481,4.091523882441729e11,639650.2077262016,2.113751186782959e6,809.3075608893273,1,9,0.03337359108405137,0.0009,50.1372,49.8618,1.581985807354875e-12,true
482,482,4.106754859730846e11,640839.6725961062,2.1176818237936697e6,3158.273408348595,16,8,0.032981544863402726,0.2172,49.8914,49.8914,5.80237748553488e-14,true
483,483,4.107050318981445e11,640862.7246908221,2.1177580004164157e6,3158.273408348595,16,8,0.02650096509929907,0.2171,49.8914,49.8914,6.036997929895252e-14,true
484,484,4.120046542527848e11,641875.8869538447,2.121106038000083e6,809.3075608893273,9,1,0.03495520749103353,0.2172,49.8914,49.8915,5.2266865742260466e-14,true
485,485,4.120046542527855e11,641875.8869538453,2.121106038000085e6,3326.0566831671135,9,16,0.028329854461384432,0.2172,49.8915,49.8914,5.672776715458712e-14,true
486,486,4.473718422111319e11,668858.6115249859,2.210271593480213e6,1549.5278909710291,11,6,0.07014063793952824,0.0536,49.9732,49.9732,1.1449870653410943e-13,true
487,487,4.473718422111323e11,668858.6115249861,2.210271593480214e6,2181.1825726407483,11,10,0.0845942553591964,0.0536,49.9732,49.9732,1.5311693183869484e-13,true
488,488,4.7879983335502264e11,691953.6352639695,2.286590077000433e6,2220.6609902451055,12,9,0.026785345082771226,0.0192,49.9904,49.9904,2.1539192031367246e-13,true
489,489,4.789253326009753e11,692044.3140442491,2.286889728868152e6,1549.5278909710291,6,11,0.05822167821485242,0.0252,49.9874,49.9874,1.6492427991820932e-13,true
490,490,4.7995306555200354e11,692786.4501792768,2.289342149139765e6,602.0458684664509,6,5,0.02256357293035293,0.0952,49.9524,49.9524,1.0056106836191382e-13,true
491,491,4.800452826990795e11,692853.0022299676,2.289562073208313e6,838.9163740925954,6,7,0.0455863139372548,0.0970,49.9515,49.9515,1.0001322185671287e-13,true
492,492,5.58725239542287e11,747479.2569311118,2.470076844108655e6,2181.1825726407483,10,11,0.037543843270519746,0.0156,49.9922,49.9922,2.0269999801675555e-13,true
493,493,5.58725239542287e11,747479.2569311118,2.470076844108655e6,3326.0566831671135,16,9,0.02592965627154417,0.0156,49.9922,49.9922,1.6954553285245962e-13,true
494,494,5.601709658140116e11,748445.6999769667,2.473270496061643e6,2842.446067513735,12,12,0.020681125902016477,0.0963,49.9518,49.9518,7.616553222412274e-14,true
495,495,5.60170965814012e11,748445.699976967,2.473270496061644e6,3326.0566831671135,16,9,0.020591812904353652,0.0963,49.9518,49.9518,7.45051273430555e-14,true
496,496,6.056452128735732e11,778232.1073263254,2.5717009399577198e6,602.0458684664509,5,6,0.0512392907930715,0.0147,49.9926,49.9926,2.1676776882170437e-13,true
497,497,6.060888820000658e11,778517.1045006434,2.5726427251837202e6,710.6115168784338,6,6,0.04788051696510147,0.0410,49.9795,49.9795,1.274394542927776e-13,true
498,498,6.063586041648336e11,778690.3133883416,2.573215101284769e6,1342.2661985481527,10,6,0.06294188911112422,0.0521,49.9740,49.9740,9.940237930350342e-14,true
499,499,6.066923820060748e11,778904.6039189105,2.5739232334136027e6,1342.2661985481527,10,6,0.03224208341237071,0.0659,49.9671,49.9671,8.960841811916986e-14,true
500,500,6.258520948974885e11,791108.1436172229,2.61425034690264e6,572.4370552631827,3,7,0.032623165843531955,0.0102,49.9949,49.9949,2.3400213775697543e-13,true
501,501,6.259237964310114e11,791153.4594697866,2.6144000950555834e6,1993.6600890200502,11,9,0.02814665052583818,0.0124,49.9938,49.9938,1.9976996390583136e-13,true
502,502,6.27568298661952e11,792192.0844479273,2.6178322752591535e6,572.4370552631827,3,7,0.028065068215157262,0.0964,49.9518,49.9518,7.177642858953662e-14,true
503,503,6.276194109439072e11,792224.3438218161,2.6179388777256557e6,513.2194288566466,6,4,0.030763759733812342,0.0966,49.9517,49.9517,6.88536844613832e-14,true
504,504,6.811103037042999e11,825294.0710463756,2.727219191126917e6,3651.7536284030625,17,9,0.024385769737233824,0.0082,49.9959,49.9959,2.0490854435852293e-13,true
505,505,6.811103037043002e11,825294.0710463757,2.7272191911269175e6,572.4370552631827,3,7,0.02494926851180158,0.0082,49.9959,49.9959,2.4243128322842613e-13,true
506,506,6.830313757735896e11,826457.1227677753,2.731062544770368e6,572.4370552631827,3,7,0.027084453596443042,0.0966,49.9517,49.9517,6.29238001082089e-14,true
507,507,6.830313757735898e11,826457.1227677754,2.7310625447703684e6,3651.7536284030625,17,9,0.017908229964419098,0.0966,49.9517,49.9517,5.721577064460336e-14,true
508,508,7.256568030263527e11,851854.9190010894,2.814990637470713e6,2733.880419101752,14,9,0.031545947167106916,0.0055,49.9973,49.9973,2.6684841120176826e-13,true
509,509,7.257090709463013e11,851885.5973347016,2.815092015322698e6,3918.232947232475,6,19,0.03579613199402416,0.0067,49.9966,49.9966,2.352246533753691e-13,true
510,510,7.277586698002582e11,853087.726907531,2.8190645033803005e6,3918.232947232475,6,19,0.04723330269342465,0.0966,49.9517,49.9517,5.361940799555899e-14,true
511,511,7.277960219639888e11,853109.6189611208,2.8191368465980426e6,1075.78687971874,10,3,0.03981655354687589,0.0967,49.9517,49.9517,5.3163062649704114e-14,true
512,512,7.50677274603631e11,866416.3402219692,2.8631094702563593e6,1233.7005501361698,5,10,0.04121541651097434,0.0222,49.9889,49.9889,1.3300276537893474e-13,true
513,513,7.506772746036311e11,866416.3402219692,2.8631094702563593e6,1677.832748185191,7,11,0.037981855296797,0.0222,49.9889,49.9889,1.140068044532798e-13,true
514,514,7.514228220825718e11,866846.4812656112,2.8645308895422444e6,2181.1825726407483,11,10,0.03277619480923356,0.0535,49.9733,49.9733,8.229069539413325e-14,true
515,515,7.514228220825719e11,866846.4812656114,2.864530889542245e6,1440.9622425590462,5,11,0.032552564354408016,0.0535,49.9733,49.9733,8.206804445507113e-14,true
516,516,7.609675617833042e11,872334.5469390193,2.882666434860905e6,3326.0566831671135,16,9,0.03666920655532962,0.0047,49.9977,49.9977,2.6917788130650194e-13,true
517,517,7.609675617833043e11,872334.5469390195,2.8826664348609056e6,2467.4011002723396,13,9,0.03408012125428293,0.0047,49.9977,49.9977,2.822092006656164e-13,true
518,518,7.631987817907715e11,873612.4894887729,2.886889450109793e6,394.78417604357435,2,6,0.023358525408612527,0.0967,49.9517,49.9517,5.299812602032726e-14,true
519,519,7.631987817907717e11,873612.4894887732,2.886889450109794e6,3326.0566831671135,16,9,0.03424322967309192,0.0967,49.9517,49.9517,4.403974472711033e-14,true
520,520,7.881651521470103e11,887786.6591400269,2.9337285936918827e6,394.78417604357435,6,2,0.034881348598718456,0.0031,49.9985,49.9985,3.361279065142645e-13,true
521,521,7.882081886938772e11,887810.8969222428,2.9338086884691613e6,3651.7536284030625,17,9,0.030966916136598053,0.0039,49.9980,49.9980,3.177239804940859e-13,true
522,522,7.90509153849528e11,889105.8170147848,2.938087806726825e6,394.78417604357435,6,2,0.03297637275229006,0.0967,49.9516,49.9516,4.729593890276223e-14,true
523,523,7.905401375801704e11,889123.2409402931,2.9381453848261936e6,3681.3624416063303,7,18,0.027804051115528312,0.0967,49.9516,49.9516,4.5549495739930074e-14,true
524,524,8.083489971044359e11,899082.3083035479,2.9710555444791736e6,3839.27611202376,10,17,0.02778497932324616,0.0027,49.9986,49.9986,3.91949368711577e-13,true
525,525,8.08348997104436e11,899082.3083035479,2.9710555444791736e6,3326.0566831671135,16,9,0.025553876293041077,0.0027,49.9986,49.9986,3.6607026782934407e-13,true
526,526,8.107655197777792e11,900425.1883292577,2.9754931483660564e6,3839.27611202376,10,17,0.027043807584415897,0.0968,49.9516,49.9516,4.739894674587464e-14,true
527,527,8.107655197777792e11,900425.1883292577,2.9754931483660564e6,3553.057584392169,6,18,0.018474288165309796,0.0968,49.9516,49.9516,5.008613925284408e-14,true
528,528,8.219937656229618e11,906638.7183564145,2.9960260213494045e6,1233.7005501361698,5,10,0.04274310815819496,0.0337,49.9835,49.9828,9.73443440764103e-14,true
529,529,8.219937656229622e11,906638.7183564147,2.9960260213494054e6,1776.5287921960844,12,6,0.0788588190127305,0.0337,49.9828,49.9835,1.0188338684540592e-13,true
530,530,8.22200617787825e11,906752.7875820537,2.9964029679338937e6,3207.6214303540414,6,17,0.05542881682619904,0.0019,49.9991,49.9991,4.262973743289331e-13,true
531,531,8.222392547143218e11,906774.0924366564,2.996473370727728e6,3207.6214303540414,6,17,0.028932628769943167,0.0026,49.9987,49.9987,4.678153461179084e-13,true
532,532,8.246767060124618e11,908117.121307853,3.000911466480823e6,2921.40290272245,14,10,0.030966727366496836,0.0968,49.9516,49.9516,4.607282994004085e-14,true
533,533,8.247046614530175e11,908132.5131570928,3.0009623294981476e6,3207.6214303540414,6,17,0.06436277774635166,0.0968,49.9516,49.9516,4.2471950908841995e-14,true
534,534,8.303339591273834e11,911226.6233640144,3.011186947645567e6,3020.0989467333434,15,9,0.043664713223609916,0.0019,49.9991,49.9989,5.032352274641505e-13,true
535,535,8.303339591273844e11,911226.623364015,3.0111869476455688e6,3020.0989467333434,15,9,0.03341677483280232,0.0019,49.9989,49.9991,5.332536169309026e-13,true
536,536,8.328362807037983e11,912598.6416293848,3.0157208400787823e6,493.4802200544679,1,7,0.030728559661431266,0.0968,49.9516,49.9516,4.564673064748984e-14,true
537,537,8.328362807037983e11,912598.6416293848,3.0157208400787823e6,3020.0989467333434,15,9,0.02680871053416163,0.0968,49.9516,49.9516,4.2022543994167494e-14,true
538,538,8.329870619728246e11,912681.2488337999,3.0159938190824003e6,493.4802200544679,1,7,0.051067565540308696,0.0007,49.9996,49.9996,7.895200000171574e-13,true
539,539,8.330057913490963e11,912691.5094099957,3.0160277255907534e6,3513.5791667878116,10,16,0.04120668433810026,0.0011,49.9995,49.9995,7.884597778641076e-13,true
540,540,8.355101139077256e11,914062.4234196073,3.0205579689640724e6,365.17536284030626,6,1,0.05021631149016014,0.0968,49.9516,49.9516,4.040792866194623e-14,true
541,541,8.355236369813207e11,914069.8206271338,3.020582413349455e6,3513.5791667878116,10,16,0.041514407738038626,0.0968,49.9516,49.9516,4.4374861077907114e-14,true
542,542,8.762451777144215e11,936079.6855580306,3.093314943655347e6,1549.5278909710291,6,11,0.025375175567376985,0.0136,49.9932,49.9932,1.4751261553292728e-13,true
543,543,8.763714837191583e11,936147.1485397787,3.0935378779341313e6,1549.5278909710291,6,11,0.017029374883056923,0.0177,49.9912,49.9912,1.2481383772633148e-13,true
544,544,8.773207389687557e11,936654.0124126709,3.0952128310568263e6,1342.2661985481527,6,10,0.02617357745535031,0.0532,49.9734,49.9734,7.266213878253931e-14,true
545,545,8.77408555675737e11,936700.8891186861,3.095367737116068e6,2220.6609902451055,12,9,0.033682176436388704,0.0542,49.9729,49.9729,7.390509595839665e-14,true
546,546,9.819595171171649e11,990938.7050252729,3.274598895577814e6,2615.44516628868,11,12,0.03031115544939311,0.0112,49.9944,49.9944,1.6104285073622502e-13,true
547,547,9.819595171171652e11,990938.705025273,3.2745988955778144e6,1776.5287921960844,12,6,0.02658541363423231,0.0112,49.9944,49.9944,1.3538636295101787e-13,true
548,548,9.83277414528099e11,991603.4562909203,3.276795594272984e6,2408.1834738658035,10,12,0.02549184516231296,0.0537,49.9731,49.9731,5.921422380177275e-14,true
549,549,9.832774145280995e11,991603.4562909205,3.276795594272985e6,602.0458684664509,5,6,0.024829598761692353,0.0537,49.9731,49.9731,6.4227651466491e-14,true
550,550,1.0182547591046587e12,1.0090861009372087e6,3.3345677335185246e6,1440.9622425590462,11,5,0.05745432916894047,0.0104,49.9948,49.9948,1.4233599210248156e-13,true
551,551,1.0186721772210386e12,1.0092929095267828e6,3.335251141256643e6,3099.0557819420583,17,5,0.02822178700388816,0.0260,49.9870,49.9870,8.914847492813271e-14,true
552,552,1.018993711074504e12,1.0094521836493812e6,3.3357774693365837e6,1440.9622425590462,11,5,0.06381714882034868,0.0345,49.9828,49.9828,7.729197906599001e-14,true
553,553,1.0192898759494382e12,1.0095988688332798e6,3.3362621967357215e6,2181.1825726407483,10,11,0.02743709006225349,0.0411,49.9794,49.9794,6.173795509523095e-14,true
554,554,1.0687968065537603e12,1.0338262941876455e6,3.4163227493266882e6,1510.0494733666717,12,3,0.014131319930607962,0.0074,49.9963,49.9963,1.7949156921302515e-13,true
555,555,1.0688645505478195e12,1.0338590573902322e6,3.4164310167164486e6,2408.1834738658035,10,12,0.023842422924484838,0.0091,49.9955,49.9955,1.3217705654378714e-13,true
556,556,1.0703417903390336e12,1.0345732406838259e6,3.418791065640345e6,2654.923583893037,10,13,0.021312137384119793,0.0537,49.9732,49.9732,6.144119777786182e-14,true
557,557,1.070386519848572e12,1.0345948578301421e6,3.4188625004153657e6,1667.9631437841015,12,5,0.02522721225822859,0.0538,49.9731,49.9731,5.2753971100423086e-14,true
558,558,1.138945979479921e12,1.0672141207273828e6,3.526654235379581e6,2408.1834738658035,12,10,0.04420102137231639,0.0061,49.9970,49.9970,1.6860026667933548e-13,true
559,559,1.1389459794799211e12,1.067214120727383e6,3.5266542353795813e6,2023.2689022233185,6,13,0.018771861910551232,0.0061,49.9970,49.9970,1.642293786504546e-13,true
560,560,1.1406542558417183e12,1.0680141646259746e6,3.529298014307033e6,2408.1834738658035,12,10,0.04380771179980448,0.0538,49.9731,49.9731,4.6341969039908934e-14,true
561,561,1.1406542558417188e12,1.0680141646259748e6,3.5292980143070333e6,888.2643960980422,9,3,0.021944634472007944,0.0538,49.9731,49.9731,4.299212710576662e-14,true
562,562,1.189367893045312e12,1.0905814472313896e6,3.603872554912952e6,2773.3588367061097,16,5,0.024100755843194245,0.0156,49.9922,49.9922,1.0603157069839398e-13,true
563,563,1.1893678930453125e12,1.0905814472313898e6,3.6038725549129527e6,1144.8741105263655,4,10,0.028793146448205062,0.0156,49.9922,49.9922,9.588124152498563e-14,true
564,564,1.1900365523625457e12,1.0908879650828245e6,3.60488545612742e6,1144.8741105263655,4,10,0.03487510889835113,0.0335,49.9832,49.9832,6.422773221738703e-14,true
565,565,1.1900365523625461e12,1.0908879650828247e6,3.604885456127421e6,3918.232947232475,19,6,0.03105696874391205,0.0335,49.9832,49.9832,6.215088805516224e-14,true
566,566,1.194426012013291e12,1.0928979879262708e6,3.6115276616945826e6,1756.7895833939058,13,3,0.020421773859668917,0.0041,49.9979,49.9979,1.9993990419275385e-13,true
567,567,1.194474644475644e12,1.0929202370144145e6,3.611601184748121e6,1510.0494733666717,12,3,0.021589042284082767,0.0051,49.9975,49.9975,1.8759210222728572e-13,true
568,568,1.1962807634322524e12,1.0937462061338783e6,3.614330634665317e6,2654.923583893037,13,10,0.02633800341334042,0.0538,49.9731,49.9731,5.07070009942755e-14,true
569,569,1.1963127961223599e12,1.093760849602124e6,3.614379024625969e6,2467.4011002723396,13,9,0.026957458022269086,0.0538,49.9731,49.9731,4.2803058796239276e-14,true
570,570,1.2372698744447517e12,1.1123263345101345e6,3.675729455351235e6,286.21852763159137,5,2,0.05142652643907298,0.0035,49.9982,49.9982,2.172415850866437e-13,true
571,571,1.2372698744447522e12,1.1123263345101348e6,3.675729455351236e6,444.1321980490211,3,6,0.032331763262767745,0.0035,49.9982,49.9982,1.933222897210163e-13,true
572,572,1.2392230362045635e12,1.1132039508574174e6,3.6786295757189025e6,523.089033257736,7,2,0.028264985457209263,0.0538,49.9731,49.9731,3.9313038792249764e-14,true
573,573,1.2392230362045637e12,1.1132039508574177e6,3.678629575718903e6,286.21852763159137,5,2,0.05376667866818783,0.0538,49.9731,49.9731,3.811017316721013e-14,true
574,574,1.263002012260497e12,1.1238336230334528e6,3.7137557773613255e6,1233.7005501361698,10,5,0.07204560593764822,0.0226,49.9887,49.9887,7.534768321824998e-14,true
575,575,1.2630020122604976e12,1.123833623033453e6,3.7137557773613264e6,1440.9622425590462,5,11,0.0543698785462278,0.0226,49.9887,49.9887,7.824646275901885e-14,true
576,576,1.2689661648593423e12,1.1264839834011588e6,3.722514005381849e6,3207.6214303540414,17,6,0.022744618039483692,0.0024,49.9988,49.9988,2.4299361027505977e-13,true
577,577,1.2690065264314634e12,1.1265018981037997e6,3.7225732052750257e6,3207.6214303540414,15,10,0.04081811911312402,0.0031,49.9985,49.9985,2.5841569017416547e-13,true
578,578,1.2710054827604856e12,1.1273887895311385e6,3.725503975537337e6,3207.6214303540414,6,17,0.022386152941739818,0.0538,49.9731,49.9731,3.736705574475182e-14,true
579,579,1.2710322576251973e12,1.1274006641940554e6,3.725543215863581e6,3207.6214303540414,15,10,0.04253005169886657,0.0538,49.9731,49.9731,4.2577082223399535e-14,true
580,580,1.2908068086511733e12,1.1361367913465232e6,3.754412117824948e6,809.3075608893273,9,1,0.035983987043723804,0.0022,49.9989,49.9989,3.2577036368037415e-13,true
581,581,1.2908068086511733e12,1.1361367913465232e6,3.754412117824948e6,2921.40290272245,14,10,0.04796395296665006,0.0022,49.9989,49.9989,2.9303787005467836e-13,true
582,582,1.2928937741324385e12,1.137054868567229e6,3.757445942861484e6,809.3075608893273,9,1,0.032888522253536806,0.0538,49.9731,49.9731,3.80920719029454e-14,true
583,583,1.2928937741324387e12,1.1370548685672292e6,3.757445942861485e6,2921.40290272245,14,10,0.038260993967915394,0.0538,49.9731,49.9731,4.150853381506631e-14,true
584,584,1.3035518958750317e12,1.1417319719947549e6,3.7729016291119154e6,3513.5791667878116,16,10,0.029446197147558015,0.0016,49.9992,49.9992,3.6480024922260624e-13,true
585,585,1.3035890239507556e12,1.1417482314200252e6,3.7729553590709562e6,2881.9244851180924,16,6,0.030371360209089204,0.0023,49.9989,49.9989,3.2486305058751743e-13,true
586,586,1.3056770765381545e12,1.1426622758007522e6,3.7759758574170787e6,365.17536284030626,1,6,0.030895219496485098,0.0538,49.9731,49.9731,3.886717694403298e-14,true
587,587,1.3057017715180322e12,1.1426730816458538e6,3.776011565789611e6,3513.5791667878116,16,10,0.019082624674998376,0.0538,49.9731,49.9731,3.750119676413642e-14,true
588,588,1.3077589840178708e12,1.1435729027997607e6,3.7789850628806604e6,493.4802200544679,7,1,0.045111971673035316,0.0009,49.9995,49.9995,5.268723083736187e-13,true
589,589,1.3077589840178713e12,1.143572902799761e6,3.7789850628806613e6,3720.840859210688,11,16,0.021010287647847497,0.0009,49.9995,49.9995,4.481815492582848e-13,true
590,590,1.3099004079003674e12,1.1445088063882983e6,3.782077795904258e6,3326.0566831671135,16,9,0.029207484165571142,0.0538,49.9731,49.9731,3.787074216611666e-14,true
591,591,1.309900407900368e12,1.1445088063882985e6,3.7820777959042587e6,493.4802200544679,7,1,0.04527698277646624,0.0538,49.9731,49.9731,3.779448350036725e-14,true
592,592,1.3329011602525137e12,1.1545133867792585e6,3.815138355283783e6,404.65378044466365,5,4,0.027325448148628275,0.0098,49.9951,49.9951,1.0860001888597618e-13,true
593,593,1.333020054163333e12,1.1545648765501804e6,3.8153085054112724e6,2388.4442650636247,11,11,0.040814956366723464,0.0127,49.9937,49.9937,8.386000291607898e-14,true
594,594,1.3338524419931135e12,1.1549252971483106e6,3.8164995305338106e6,493.4802200544679,5,5,0.030278041387892102,0.0333,49.9834,49.9834,5.709379049173744e-14,true
595,595,1.333931250161567e12,1.1549594149413074e6,3.8166122742249193e6,493.4802200544679,5,5,0.027815717253562907,0.0339,49.9830,49.9830,5.5724246160166816e-14,true
596,596,1.4510283100335098e12,1.2045863647051256e6,3.9806066303474307e6,1075.78687971874,3,10,0.023855298329424672,0.0082,49.9959,49.9959,1.0349639160851674e-13,true
597,597,1.45102831003351e12,1.2045863647051256e6,3.9806066303474307e6,1667.9631437841015,5,12,0.04078987253543099,0.0082,49.9959,49.9959,1.0068248156893302e-13,true
598,598,1.452175913952352e12,1.2050626182702507e6,3.9821804304124247e6,1075.78687971874,3,10,0.02075402795052843,0.0336,49.9832,49.9832,4.8955402637307663e-14,true
599,599,1.4521759139523523e12,1.2050626182702507e6,3.9821804304124247e6,1549.5278909710291,11,6,0.02503656608447158,0.0336,49.9832,49.9832,5.4108364677789675e-14,true
600,600,1.4745433779422957e12,1.214307777271601e6,4.0127314496649127e6,1352.1358029492421,4,11,0.032334225186340604,0.0077,49.9962,49.9962,1.2961613231822548e-13,true
601,601,1.474915785940754e12,1.214461109274708e6,4.013238141759474e6,2615.44516628868,11,12,0.03781297684370049,0.0177,49.9912,49.9912,6.678533584867523e-14,true
602,602,1.4752406268958323e12,1.214594840634453e6,4.0136800626983824e6,1352.1358029492421,4,11,0.036323566549749796,0.0238,49.9881,49.9881,6.036159077926246e-14,true
603,603,1.4754914798989233e12,1.2146981023690302e6,4.0140212954711933e6,1352.1358029492421,4,11,0.08755444332114398,0.0273,49.9863,49.9863,5.857699020347156e-14,true
604,604,1.5462934352970325e12,1.2435004765970267e6,4.109199960265209e6,1914.7032538113353,5,13,0.02480777286581263,0.0055,49.9972,49.9972,1.3817753009824587e-13,true
605,605,1.5463549793304077e12,1.2435252226353947e6,4.1092817345964555e6,1914.7032538113353,5,13,0.039972850852688833,0.0067,49.9966,49.9966,1.2217745316953253e-13,true
606,606,1.5476279687628142e12,1.24403696438764e6,4.1109728068779446e6,1914.7032538113353,5,13,0.062216660031457253,0.0336,49.9832,49.9832,5.0424565212800246e-14,true
607,607,1.547665956072876e12,1.2440522320517239e6,4.1110232595201656e6,1914.7032538113353,5,13,0.03219201682248624,0.0336,49.9832,49.9832,4.2359061740145167e-14,true
608,608,1.6217600194509956e12,1.2734834193859752e6,4.208279863840435e6,2862.1852763159136,11,13,0.03873180218030338,0.0046,49.9977,49.9977,1.483508549732136e-13,true
609,609,1.6217600194509956e12,1.2734834193859752e6,4.208279863840435e6,2289.748221052731,14,6,0.027759152091242457,0.0046,49.9977,49.9977,1.47247383545166e-13,true
610,610,1.6232221366772131e12,1.2740573521930687e6,4.210176449095117e6,2289.748221052731,14,6,0.036256846099499446,0.0336,49.9832,49.9832,3.8671045114327915e-14,true
611,611,1.6232221366772134e12,1.2740573521930687e6,4.210176449095117e6,2862.1852763159136,11,13,0.03877347008573939,0.0336,49.9832,49.9832,4.609465513614319e-14,true
612,612,1.6530858760966003e12,1.2857238724145244e6,4.248728958991721e6,404.65378044466365,4,5,0.03264366651104258,0.0112,49.9944,49.9944,8.899186762726592e-14,true
613,613,1.653085876096601e12,1.2857238724145247e6,4.248728958991722e6,1440.9622425590462,5,11,0.039760485702527736,0.0112,49.9944,49.9944,8.151021304521331e-14,true
614,614,1.6536613532050068e12,1.2859476479254537e6,4.24946843463964e6,315.82734083485946,4,4,0.04222912695551174,0.0225,49.9888,49.9888,6.609594532036204e-14,true
615,615,1.653661353205008e12,1.2859476479254542e6,4.249468434639641e6,1440.9622425590462,5,11,0.03764199940295212,0.0225,49.9888,49.9888,5.453419688511219e-14,true
616,616,1.679934814692112e12,1.29612299365921e6,4.283093295322653e6,3128.6645951453265,11,14,0.05020587432417032,0.0031,49.9984,49.9984,1.636877562375747e-13,true
617,617,1.6799789366101228e12,1.2961400142770545e6,4.283149540674776e6,3128.6645951453265,11,14,0.04235013910554821,0.0039,49.9981,49.9981,1.6587152323357256e-13,true
618,618,1.6815126835182222e12,1.2967315387227312e6,4.285104258243781e6,3128.6645951453265,11,14,0.048279266369404765,0.0336,49.9832,49.9832,4.541136156571984e-14,true
619,619,1.681539715904303e12,1.2967419619586247e6,4.2851387022679895e6,3128.6645951453265,11,14,0.04502516436723399,0.0336,49.9832,49.9832,3.703029786542768e-14,true
620,620,1.7228281043287263e12,1.3125654666829866e6,4.337428143412832e6,3089.186177540969,13,12,0.03815415260737237,0.0158,49.9921,49.9921,7.339325584550835e-14,true
621,621,1.7228281043287278e12,1.312565466682987e6,4.337428143412834e6,404.65378044466365,4,5,0.08759948858519083,0.0158,49.9921,49.9921,7.608306707572396e-14,true
622,622,1.723063702122253e12,1.3126552106788184e6,4.337724706245776e6,2289.748221052731,14,6,0.029318424078643233,0.0027,49.9986,49.9986,2.2449237741030221e-13,true
623,623,1.7230637021222534e12,1.3126552106788184e6,4.337724706245776e6,1460.701451361225,12,2,0.024211227737132742,0.0027,49.9986,49.9986,2.0859649897624256e-13,true
624,624,1.72471260284594e12,1.3132831388721701e6,4.339799721539885e6,3414.883122776918,11,15,0.025864159035458266,0.0336,49.9832,49.9832,3.883101019237675e-14,true
625,625,1.72471260284594e12,1.3132831388721701e6,4.339799721539885e6,1460.701451361225,12,2,0.025991645743962535,0.0336,49.9832,49.9832,3.343467924591003e-14,true
626,626,1.7527012348650732e12,1.3238962326651863e6,4.374871139213885e6,1026.4388577132931,2,10,0.05386816111528017,0.0019,49.9990,49.9990,2.9083692891795717e-13,true
627,627,1.7527385434864268e12,1.3239103230530482e6,4.374917701496998e6,2467.4011002723396,5,15,0.05160139163165215,0.0025,49.9987,49.9987,2.5458310162270216e-13,true
628,628,1.7544122700640422e12,1.3245422870048515e6,4.377006053125737e6,2467.4011002723396,5,15,0.052937315365702606,0.0336,49.9832,49.9832,4.164524147178901e-14,true
629,629,1.7544352598325044e12,1.3245509653586398e6,4.377034731113171e6,1026.4388577132931,2,10,0.0557945173299968,0.0336,49.9832,49.9832,3.570479867622807e-14,true
630,630,1.7700675236829597e12,1.3304388462770318e6,4.396491482832409e6,2773.3588367061097,5,16,0.029158134979110666,0.0019,49.9990,49.9990,2.734202637869955e-13,true
631,631,1.7700675236829602e12,1.330438846277032e6,4.39649148283241e6,2773.3588367061097,5,16,0.033278504359673076,0.0019,49.9990,49.9990,2.476857277203918e-13,true
632,632,1.7718033823024314e12,1.3310910495914363e6,4.398646716291563e6,2773.3588367061097,5,16,0.037525016377414795,0.0336,49.9832,49.9832,4.0033066409275e-14,true
633,633,1.7718033823024314e12,1.3310910495914363e6,4.398646716291563e6,2881.9244851180924,16,6,0.030557924772179324,0.0336,49.9832,49.9832,3.4632185137348766e-14,true
634,634,1.7757510331576123e12,1.3325730873605441e6,4.403544172831825e6,3720.840859210688,11,16,0.035037983656256176,0.0008,49.9996,49.9996,5.254437979448529e-13,true
635,635,1.775768811233277e12,1.332579757925685e6,4.403566215996687e6,256.6097144283233,5,1,0.055536601872774594,0.0011,49.9995,49.9995,3.5268758147620704e-13,true
636,636,1.7775173380791965e12,1.333235664869192e6,4.405733688254979e6,3720.840859210688,11,16,0.033018859564836786,0.0336,49.9832,49.9832,3.847525854556399e-14,true
637,637,1.7775282849002825e12,1.3332397702215016e6,4.40574725456546e6,3720.840859210688,11,16,0.05655215550983507,0.0336,49.9832,49.9832,3.6673269366129886e-14,true
638,638,1.7995535317343882e12,1.3414743872822872e6,4.432958895200757e6,1667.9631437841015,12,5,0.026990882474443315,0.0072,49.9964,49.9964,9.161689938972161e-14,true
639,639,1.7996595250737874e12,1.3415138929857519e6,4.433089443470067e6,1914.7032538113353,13,5,0.03753761296794803,0.0093,49.9954,49.9954,8.85512080675705e-14,true
640,640,1.800365352366341e12,1.3417769383792304e6,4.433958688107101e6,1667.9631437841015,12,5,0.07465271262005149,0.0223,49.9888,49.9888,6.160292875849555e-14,true
641,641,1.8004326384097783e12,1.3418020116283095e6,4.434041543719992e6,1914.7032538113353,13,5,0.028312009130054792,0.0227,49.9887,49.9887,5.395313575110447e-14,true
642,642,1.917867214641292e12,1.3848708295871106e6,4.5763642756977845e6,1352.1358029492421,11,4,0.03254303640413245,0.0061,49.9969,49.9969,1.0701180482558163e-13,true
643,643,1.917867214641292e12,1.3848708295871106e6,4.5763642756977845e6,1352.1358029492421,11,4,0.03437858525443606,0.0061,49.9969,49.9969,1.0470441283977907e-13,true
644,644,1.918835271529278e12,1.3852202971113578e6,4.57751910592405e6,3444.491935980186,18,5,0.04810122828460719,0.0225,49.9887,49.9887,4.9551436542433186e-14,true
645,645,1.9188352715292788e12,1.385220297111358e6,4.577519105924051e6,1579.1367041742974,12,4,0.030176950983270667,0.0225,49.9887,49.9887,5.0296069629369334e-14,true
646,646,1.930762662464908e12,1.3895188600608874e6,4.591723889141941e6,2862.1852763159136,13,11,0.0191774991504427,0.0058,49.9971,49.9971,9.282826128361482e-14,true
647,647,1.9310831462489739e12,1.3896341771304323e6,4.592104959279436e6,789.5683520871487,8,4,0.028387021480564035,0.0126,49.9937,49.9937,7.006430219526169e-14,true
648,648,1.9313759958560417e12,1.3897395424524848e6,4.592453143446101e6,493.4802200544679,5,5,0.03740731149674526,0.0168,49.9916,49.9916,5.3534673349855796e-14,true
649,649,1.9315825534070576e12,1.3898138556681098e6,4.592698714612692e6,2842.446067513735,12,12,0.035809285638485205,0.0189,49.9906,49.9906,4.998080086432901e-14,true
650,650,2.0114558183400078e12,1.418258022483923e6,4.68669366785081e6,1756.7895833939058,13,3,0.035946513905911234,0.0041,49.9979,49.9979,1.0615241945090094e-13,true
651,651,2.01150991242125e12,1.4182770929621793e6,4.686756687053431e6,3809.6672988204923,19,5,0.031282578013371413,0.0051,49.9975,49.9975,1.0849435286212899e-13,true
652,652,2.0125745965254875e12,1.41865238748803e6,4.68799686369971e6,3809.6672988204923,19,5,0.04020045689485706,0.0225,49.9888,49.9888,4.338786031383651e-14,true
653,653,2.0126060922061272e12,1.4186634880076838e6,4.688033545836774e6,3809.6672988204923,19,5,0.05570726605468667,0.0225,49.9887,49.9887,4.061445104354444e-14,true
654,654,2.083703108667734e12,1.443503761223965e6,4.770119280128292e6,286.21852763159137,5,2,0.02757787445752493,0.0035,49.9983,49.9983,1.4280774327632077e-13,true
655,655,2.083703108667734e12,1.443503761223965e6,4.770119280128292e6,286.21852763159137,5,2,0.06175679780784001,0.0035,49.9983,49.9983,1.483093985330093e-13,true
656,656,2.084918809923473e12,1.4439247937214295e6,4.771510599837783e6,286.21852763159137,5,2,0.06950712223492368,0.0225,49.9887,49.9887,4.277212275412826e-14,true
657,657,2.0849188099234731e12,1.4439247937214295e6,4.771510599837783e6,2467.4011002723396,15,5,0.04378378247386332,0.0225,49.9887,49.9887,4.482456626052643e-14,true
658,658,2.102295022450083e12,1.4499293163634161e6,4.791352799069894e6,404.65378044466365,5,4,0.061544996037935826,0.0082,49.9959,49.9959,8.264727207809948e-14,true
659,659,2.1022950224500842e12,1.4499293163634164e6,4.7913527990698945e6,3089.186177540969,13,12,0.024919078135897544,0.0082,49.9959,49.9959,7.836033023385246e-14,true
660,660,2.1027767004314402e12,1.4500954108028342e6,4.791901665175458e6,3720.840859210688,19,4,0.03757502907922857,0.0157,49.9921,49.9921,5.639717996891359e-14,true
661,661,2.1027767004314407e12,1.4500954108028342e6,4.791901665175458e6,404.65378044466365,4,5,0.022469872001614544,0.0157,49.9921,49.9921,5.80565089884688e-14,true
662,662,2.1371787572088635e12,1.4619092848767545e6,4.830941112114781e6,3207.6214303540414,10,15,0.021481147340845632,0.0024,49.9988,49.9988,1.585591371721163e-13,true
663,663,2.137218042557717e12,1.461922721130538e6,4.830985512784143e6,3809.6672988204923,19,5,0.029009274592982873,0.0030,49.9985,49.9985,1.7132687106969386e-13,true
664,664,2.1384824784699302e12,1.4623551136676515e6,4.832414372225506e6,3099.0557819420583,17,5,0.04351506081181602,0.0225,49.9887,49.9887,3.8723912406029163e-14,true
665,665,2.1385051185446057e12,1.462362854610512e6,4.83243995249885e6,3809.6672988204923,19,5,0.024509131476912423,0.0225,49.9887,49.9887,3.2146412799062306e-14,true
666,666,2.1648473485609631e12,1.471342022971193e6,4.8621119944202965e6,3089.186177540969,13,12,0.061867163682722666,0.0113,49.9943,49.9943,6.071364565668192e-14,true
667,667,2.1648473485609648e12,1.4713420229711938e6,4.862111994420298e6,404.65378044466365,5,4,0.020644718201658942,0.0113,49.9943,49.9943,6.596533327248554e-14,true
668,668,2.1740016215958706e12,1.4744495995441386e6,4.872381112744251e6,2773.3588367061097,16,5,0.020431442684908832,0.0022,49.9989,49.9989,1.9866926095507148e-13,true
669,669,2.1740016215958708e12,1.4744495995441386e6,4.872381112744251e6,2575.9667486843223,6,15,0.03504340776124938,0.0022,49.9989,49.9989,1.8767715630854998e-13,true
670,670,2.1753520337812083e12,1.4749074661758305e6,4.873894152409426e6,2467.4011002723396,15,5,0.020440778485614364,0.0225,49.9887,49.9887,3.9632605179516963e-14,true
671,671,2.1753520337812085e12,1.4749074661758305e6,4.873894152409426e6,1233.7005501361698,2,11,0.04444063947067896,0.0225,49.9887,49.9887,3.446162558622577e-14,true
672,672,2.195512303823851e12,1.48172612308208e6,4.896426692778771e6,1204.0917369329018,1,11,0.030695466293283315,0.0017,49.9992,49.9992,2.1681575083783357e-13,true
673,673,2.195546669075829e12,1.4817377193943027e6,4.896465013283364e6,3099.0557819420583,17,5,0.03037309404352011,0.0022,49.9989,49.9989,2.152461486929242e-13,true
674,674,2.1969022755389226e12,1.482195086869108e6,4.897976403463479e6,2773.3588367061097,16,5,0.03500000899807994,0.0225,49.9887,49.9887,4.0550640320155506e-14,true
675,675,2.1969221294862961e12,1.4822017843351478e6,4.8979985355235e6,2773.3588367061097,16,5,0.030347342977230896,0.0225,49.9887,49.9887,3.661062868220734e-14,true
676,676,2.202593882285384e12,1.484113837374136e6,4.904316995724929e6,1204.0917369329018,1,11,0.03649991344206,0.0009,49.9995,49.9995,3.361842330567138e-13,true
677,677,2.2025938822853843e12,1.4841138373741363e6,4.9043169957249295e6,1204.0917369329018,1,11,0.02700269482976671,0.0009,49.9995,49.9995,3.3151894443497303e-13,true
678,678,2.2040074918393066e12,1.48459000799524e6,4.905890521697893e6,2773.3588367061097,16,5,0.037048387464831196,0.0225,49.9887,49.9887,4.57611307966261e-14,true
679,679,2.2040074918393066e12,1.48459000799524e6,4.905890521697893e6,2773.3588367061097,16,5,0.058227759598418916,0.0225,49.9887,49.9887,3.338318359592902e-14,true
680,680,2.240452280955754e12,1.4968140435457418e6,4.946285364598047e6,3720.840859210688,4,19,0.027871410909462005,0.0054,49.9973,49.9973,9.906222962846272e-14,true
681,681,2.2405427462810195e12,1.4968442625340219e6,4.946385224523938e6,3720.840859210688,4,19,0.04316641154379672,0.0069,49.9966,49.9966,9.536199291316586e-14,true
682,682,2.2411275011615503e12,1.4970395790230632e6,4.947030656129405e6,3720.840859210688,4,19,0.0344143128968199,0.0156,49.9922,49.9922,5.2466574952316104e-14,true
683,683,2.241182556155236e12,1.4970579668654236e6,4.947091419532812e6,3720.840859210688,4,19,0.02584630647784642,0.0158,49.9921,49.9921,4.150021699095385e-14,true
684,684,2.3498989888980503e12,1.5329380251328005e6,5.065658590821801e6,1352.1358029492421,11,4,0.018070433245845306,0.0046,49.9977,49.9977,9.957301331744219e-14,true
685,685,2.3498989888980503e12,1.5329380251328005e6,5.065658590821801e6,286.21852763159137,2,5,0.02871481663254941,0.0046,49.9977,49.9977,1.1101541993834563e-13,true
686,686,2.350696176850839e12,1.53319802271293e6,5.066517763830613e6,888.2643960980422,9,3,0.022657890801718407,0.0157,49.9921,49.9921,3.782484838041457e-14,true
687,687,2.35069617685084e12,1.5331980227129306e6,5.066517763830614e6,3355.665496370382,14,12,0.03076411925511429,0.0157,49.9921,49.9921,4.762010456330102e-14,true
688,688,2.356595507761645e12,1.5351206818233037e6,5.072871272243872e6,246.74011002723395,3,4,0.048947345604553744,0.0044,49.9978,49.9978,1.1361935336816402e-13,true
689,689,2.356864121996696e12,1.5352081689454026e6,5.073160377142035e6,246.74011002723395,3,4,0.060717161540513265,0.0092,49.9954,49.9954,7.13238160945181e-14,true
690,690,2.357105037957089e12,1.5352866305537506e6,5.073419656847973e6,2842.446067513735,12,12,0.03526817781551463,0.0121,49.9939,49.9939,6.379937455548104e-14,true
691,691,2.357271947096898e12,1.5353409872392835e6,5.073599280816147e6,3651.7536284030625,19,3,0.019087469865385908,0.0134,49.9933,49.9933,4.5667471475292757e-14,true
692,692,2.434275020020277e12,1.5602163375699783e6,5.155800928917002e6,197.39208802178717,4,2,0.04151029707819679,0.0032,49.9984,49.9984,1.1150279279824099e-13,true
693,693,2.4343214129837075e12,1.5602312049769121e6,5.155850058892528e6,394.78417604357435,6,2,0.03235386021059501,0.0039,49.9981,49.9981,1.1297920464055217e-13,true
694,694,2.4351906036537764e12,1.5605097255876928e6,5.156770442040176e6,197.39208802178717,4,2,0.04389440828786172,0.0157,49.9921,49.9921,4.5244043318748736e-14,true
695,695,2.435216274432992e12,1.560517950692331e6,5.156797622246608e6,394.78417604357435,6,2,0.03059655659611103,0.0157,49.9921,49.9921,3.2990410667225624e-14,true
696,696,2.496812928514854e12,1.5801306681774308e6,5.2216086773505155e6,2092.356133030944,4,14,0.03491994906335987,0.0027,0.7355,99.2618,1.5737790674722722e-13,true
697,697,2.496812928514857e12,1.5801306681774317e6,5.221608677350518e6,3128.6645951453265,14,11,0.02401705178965121,0.0027,99.2618,0.7355,1.4248392666400992e-13,true
698,698,2.497798700294376e12,1.5804425646933126e6,5.2226393525893185e6,3641.884024001973,12,15,0.018412768757079766,0.0157,49.9921,49.9921,4.7090325937725076e-14,true
699,699,2.497798700294376e12,1.5804425646933126e6,5.2226393525893185e6,286.21852763159137,2,5,0.024895784448281656,0.0157,49.9921,49.9921,3.7613759862611355e-14,true
700,700,2.511821898659812e12,1.584872833592592e6,5.237279363693057e6,1579.1367041742974,12,4,0.06598465159420216,0.0061,49.9969,49.9969,7.85075756005109e-14,true
701,701,2.511821898659812e12,1.584872833592592e6,5.237279363693057e6,3809.6672988204923,5,19,0.030254582315529095,0.0061,49.9969,49.9969,7.623946154692485e-14,true
702,702,2.512216544555672e12,1.58499733266516e6,5.2376907761482e6,1579.1367041742974,12,4,0.06561914223892709,0.0113,49.9943,49.9943,5.2029484969697415e-14,true
703,703,2.5122165445556724e12,1.58499733266516e6,5.2376907761482e6,2842.446067513735,12,12,0.025903877725864933,0.0113,49.9943,49.9943,4.6445603884770503e-14,true
704,704,2.539805037131375e12,1.5936765785853085e6,5.266371711669678e6,3010.229342332254,4,17,0.06861755574446654,0.0020,49.9990,49.9990,1.762292326558262e-13,true
705,705,2.5398397382227163e12,1.5936874656665642e6,5.266407688490519e6,3010.229342332254,4,17,0.03692266795615574,0.0025,49.9988,49.9988,1.801708797701507e-13,true
706,706,2.540853622313717e12,1.5940055276923343e6,5.267458737917724e6,1431.0926381579568,12,1,0.02771688722060426,0.0157,49.9921,49.9921,4.214021999385438e-14,true
707,707,2.540872635708989e12,1.5940114917117094e6,5.267478446272197e6,3010.229342332254,4,17,0.06352914680975885,0.0157,49.9921,49.9921,3.7037649159109906e-14,true
708,708,2.5649806247297954e12,1.6015556889255508e6,5.29240856529892e6,2684.5323970963054,4,16,0.035452011332558035,0.0019,49.9990,49.9990,1.9822981687982769e-13,true
709,709,2.564980624729796e12,1.6015556889255508e6,5.29240856529892e6,256.6097144283233,1,5,0.040556464948438176,0.0019,49.9990,49.9990,2.021322976575595e-13,true
710,710,2.5660535908445537e12,1.6018906301132278e6,5.293515392631113e6,256.6097144283233,1,5,0.03470307126173117,0.0157,49.9921,49.9921,4.581691886632685e-14,true
711,711,2.566053590844555e12,1.6018906301132282e6,5.293515392631114e6,2684.5323970963054,4,16,0.028661494658780977,0.0157,49.9921,49.9921,3.7847947339597004e-14,true
712,712,2.5661582967367812e12,1.6019233117527135e6,5.293623390492154e6,1510.0494733666717,3,12,0.06939390722738409,0.0083,49.9958,49.9958,8.697252665892841e-14,true
713,713,2.5661582967367817e12,1.6019233117527135e6,5.293623390492154e6,3355.665496370382,18,4,0.05049998274672252,0.0083,49.9958,49.9958,5.835684090284928e-14,true
714,714,2.573228059976202e12,1.6041284424809013e6,5.300910338323044e6,256.6097144283233,1,5,0.04578266461569584,0.0008,49.9996,49.9996,3.2351079047549074e-13,true
715,715,2.5732440648766914e12,1.6041334311324265e6,5.30092682353317e6,256.6097144283233,5,1,0.03238721823310508,0.0010,49.9995,49.9995,3.2664882033163603e-13,true
716,716,2.574339132421739e12,1.6044747216524598e6,5.302054632502892e6,256.6097144283233,1,5,0.05438899149209398,0.0157,49.9921,49.9921,3.918475208058539e-14,true
717,717,2.574347894342894e12,1.604477452114206e6,5.302063655429308e6,256.6097144283233,5,1,0.033030306125251006,0.0157,49.9921,49.9921,3.523826023377627e-14,true
718,718,2.6344617645917393e12,1.6231025120403639e6,5.363610954323756e6,2862.1852763159136,13,11,0.04622807073042654,0.0040,49.9980,49.9980,8.854260614136732e-14,true
719,719,2.6345362773982964e12,1.6231254656982918e6,5.36368680565797e6,3335.926287568203,13,13,0.05974658689166139,0.0051,49.9974,49.9974,9.122674184802133e-14,true
720,720,2.635011672038088e12,1.6232719032984239e6,5.364170714906071e6,2862.1852763159136,13,11,0.025983365660727283,0.0112,49.9944,49.9944,5.268688734037436e-14,true
721,721,2.6350550525894546e12,1.6232852653152046e6,5.364214870256116e6,3335.926287568203,13,13,0.0418320038391511,0.0114,49.9943,49.9943,4.9586129917669266e-14,true
722,722,2.729139826152151e12,1.6520108432308037e6,5.459139758385152e6,197.39208802178717,4,2,0.03654833211527632,0.0035,49.9982,49.9982,1.29443368467564e-13,true
723,723,2.7291398261521514e12,1.6520108432308037e6,5.459139758385152e6,3355.665496370382,12,14,0.05974790735413875,0.0035,49.9982,49.9982,1.0763302409955109e-13,true
724,724,2.7297823402442285e12,1.652205296034433e6,5.459782335905614e6,197.39208802178717,4,2,0.03849015773498344,0.0113,49.9944,49.9944,4.6046975105009483e-14,true
725,725,2.7297823402442285e12,1.652205296034433e6,5.459782335905614e6,3355.665496370382,12,14,0.04850881902089372,0.0113,49.9944,49.9944,3.955768934456319e-14,true
726,726,2.734717937132247e12,1.6536982606062833e6,5.464715900528054e6,1579.1367041742974,4,12,0.041530154293930456,0.0035,49.9983,49.9983,9.585539938553304e-14,true
727,727,2.73493816867331e12,1.6537648468489437e6,5.464935937585412e6,1756.7895833939058,3,13,0.05001498526262814,0.0069,49.9965,49.9965,7.38730645083102e-14,true
728,728,2.735119873298359e12,1.653819782593726e6,5.465117475079386e6,2941.1421115246285,17,3,0.03712905676430035,0.0088,49.9956,49.9956,6.275414483654767e-14,true
729,729,2.7352526836842954e12,1.6538599347237044e6,5.465250159492473e6,3286.5782655627563,18,3,0.026226208055793038,0.0096,49.9952,49.9952,4.5510108276776215e-14,true
730,730,2.7992216233803267e12,1.673087452400599e6,5.528788305525286e6,167.7832748185191,1,4,0.02157677850640733,0.0025,49.9988,49.9988,1.2494011741475988e-13,true
731,731,2.799260811595082e12,1.673099163706408e6,5.528827006031053e6,167.7832748185191,1,4,0.019795273716178785,0.0030,49.9985,49.9985,1.332712729965001e-13,true
732,732,2.79995364566619e12,1.6733062020043402e6,5.529511172850164e6,197.39208802178717,2,4,0.031077852140115506,0.0113,49.9944,49.9944,5.2058615533291313e-14,true
733,733,2.79997438942301e12,1.673312400427072e6,5.52953165580045e6,2260.139407849463,15,2,0.020340079878897247,0.0113,49.9943,49.9943,3.924899198640047e-14,true
734,734,2.8474689576572827e12,1.687444505060028e6,5.576231793749031e6,197.39208802178717,2,4,0.035225203467008685,0.0022,49.9989,49.9989,1.2715521296942426e-13,true
735,735,2.8474689576572827e12,1.687444505060028e6,5.576231793749031e6,3099.0557819420583,5,17,0.027114402832378513,0.0022,49.9989,49.9989,1.5032959518627205e-13,true
736,736,2.8482472856979175e12,1.6876751126025168e6,5.576993846134426e6,3355.665496370382,14,12,0.04925647986515006,0.0113,49.9944,49.9944,4.955114488111513e-14,true
737,737,2.8482472856979175e12,1.6876751126025168e6,5.576993846134426e6,3099.0557819420583,5,17,0.025043310539129927,0.0113,49.9944,49.9944,4.7892002104108975e-14,true
738,738,2.868510824331625e12,1.6936678612796622e6,5.596797137801346e6,2615.44516628868,16,3,0.038843698082987925,0.0046,49.9977,49.9977,8.671060779063743e-14,true
739,739,2.868510824331626e12,1.6936678612796625e6,5.596797137801347e6,3089.186177540969,12,13,0.023134376577935392,0.0046,49.9977,49.9977,1.112410795522712e-13,true
740,740,2.8688277965576904e12,1.693761434369578e6,5.59710635403777e6,3089.186177540969,12,13,0.02091785346411376,0.0083,49.9959,49.9959,6.057676539714289e-14,true
741,741,2.868827796557691e12,1.6937614343695783e6,5.59710635403777e6,2615.44516628868,16,3,0.04827121523654895,0.0083,49.9959,49.9959,5.855880787869214e-14,true
742,742,2.875664713926456e12,1.6957784978960124e6,5.603771825839886e6,167.7832748185191,1,4,0.04146052062476865,0.0017,49.9991,49.9991,2.0647048648200038e-13,true
743,743,2.875695626481075e12,1.6957876124329588e6,5.603801945213029e6,2773.3588367061097,5,16,0.024990167673224827,0.0022,49.9989,49.9989,1.4255079295028913e-13,true
744,744,2.8764825897037153e12,1.6960196312848844e6,5.604568661330198e6,167.7832748185191,1,4,0.037784020629702555,0.0113,49.9944,49.9944,5.605370547052091e-14,true
745,745,2.8764988240586167e12,1.6960244172943432e6,5.604584476901039e6,167.7832748185191,1,4,0.021323896852704263,0.0113,49.9944,49.9944,4.216483155263725e-14,true
746,746,2.8849375762046357e12,1.6985103992041484e6,5.612799509349557e6,167.7832748185191,1,4,0.04695465918297087,0.0009,49.9995,49.9995,2.798258629571597e-13,true
747,747,2.8849375762046357e12,1.6985103992041484e6,5.612799509349557e6,3720.840859210688,11,16,0.041405564213702464,0.0009,49.9995,49.9995,2.1730930042199748e-13,true
748,748,2.8857853617336997e12,1.69875994823686e6,5.613624154691156e6,3720.840859210688,11,16,0.03882795688861899,0.0113,49.9944,49.9944,4.4241372158593084e-14,true
749,749,2.8857853617337e12,1.6987599482368603e6,5.613624154691157e6,167.7832748185191,1,4,0.052614842294672684,0.0113,49.9944,49.9944,4.912898522036275e-14,true
750,750,2.914987935834829e12,1.7073335748572478e6,5.641956066765881e6,3720.840859210688,4,19,0.09480385170465057,0.0062,49.9969,49.9969,6.877419057817944e-14,true
751,751,2.9149879358348296e12,1.7073335748572478e6,5.641956066765881e6,2023.2689022233185,14,3,0.11104113134841588,0.0062,49.9969,49.9969,6.83830475820346e-14,true
752,752,2.9715431140340327e12,1.7238164386134716e6,5.696424387741106e6,2023.2689022233185,3,14,0.037101918968453045,0.0031,49.9984,49.9984,9.79553083337819e-14,true
753,753,2.9716026842427417e12,1.7238337171092639e6,5.696481485261822e6,1510.0494733666717,3,12,0.034809921291327976,0.0039,49.9980,49.9980,1.2123927079823958e-13,true
754,754,2.971981536325462e12,1.7239436000999168e6,5.696844598255603e6,1510.0494733666717,3,12,0.055603833995530816,0.0082,49.9959,49.9959,5.887577499153605e-14,true
755,755,2.972014575716446e12,1.7239531825767327e6,5.696876263955852e6,3355.665496370382,12,14,0.030742308640985115,0.0083,49.9958,49.9958,4.233037004122005e-14,true
756,756,3.0479118955056636e12,1.7458269947236076e6,5.76915920207805e6,3286.5782655627563,3,18,0.0482462500729249,0.0027,49.9986,49.9986,1.2632403673072278e-13,true
757,757,3.0479118955056636e12,1.7458269947236076e6,5.76915920207805e6,1431.0926381579568,1,12,0.019060573219695898,0.0027,49.9986,49.9986,1.3313241481019523e-13,true
758,758,3.0484174121548403e12,1.7459717672845803e6,5.769637609133771e6,3286.5782655627563,18,3,0.026599501375742025,0.0083,49.9959,49.9959,5.607671640404314e-14,true
759,759,3.0484174121548403e12,1.7459717672845803e6,5.769637609133771e6,572.4370552631827,7,3,0.01878918717973913,0.0083,49.9959,49.9959,4.815748567309952e-14,true
760,760,3.0572397267795635e12,1.7484964188638087e6,5.777980427141721e6,3602.405606397616,2,19,0.045922491785687525,0.0028,49.9986,49.9986,1.060235105958093e-13,true
761,761,3.0574162873428975e12,1.7485469073899325e6,5.778147268613395e6,2309.48742985491,15,3,0.03536032213453393,0.0053,49.9973,49.9973,9.60736972539046e-14,true
762,762,3.0575404812558335e12,1.7485824204926211e6,5.778264623164441e6,1707.441561388459,2,13,0.03787493235304115,0.0064,49.9968,49.9968,6.78349076545235e-14,true
763,763,3.0576443805829087e12,1.7486121298283702e6,5.778362798921972e6,1825.8768142015313,13,4,0.041442772827766726,0.0070,49.9965,49.9965,5.962629049493494e-14,true
764,764,3.100414817301245e12,1.7607994824230399e6,5.818636421441847e6,2309.48742985491,3,15,0.04051129931638665,0.0020,49.9990,49.9990,1.679717369716968e-13,true
765,765,3.1004478053676562e12,1.7608088497527651e6,5.818667376179429e6,2309.48742985491,3,15,0.037834562757298996,0.0025,49.9988,49.9988,1.5488481003251495e-13,true
766,766,3.100983764148224e12,1.7609610342503958e6,5.819170276293571e6,2309.48742985491,3,15,0.04138156322366166,0.0083,49.9959,49.9959,4.51427582676072e-14,true
767,767,3.101000588295131e12,1.760965811222674e6,5.819186062000667e6,2309.48742985491,3,15,0.029976030434235437,0.0083,49.9959,49.9959,4.799086027183266e-14,true
768,768,3.13115239133123e12,1.7695062563696208e6,5.847408324491888e6,1431.0926381579568,1,12,0.03541206923046284,0.0019,49.9990,49.9990,2.2075654674348493e-13,true
769,769,3.131152391331231e12,1.769506256369621e6,5.847408324491889e6,2615.44516628868,3,16,0.03431119307674938,0.0019,49.9990,49.9990,1.9590792356312334e-13,true
770,770,3.1317457346726885e12,1.7696739063094896e6,5.847962330814534e6,1431.0926381579568,1,12,0.039290125937504125,0.0083,49.9959,49.9959,4.420919269758166e-14,true
771,771,3.1317457346726885e12,1.7696739063094896e6,5.847962330814534e6,2615.44516628868,3,16,0.02066198072394799,0.0083,49.9959,49.9959,4.546651609205137e-14,true
772,772,3.141226391778605e12,1.7723505273445784e6,5.856807338321994e6,167.7832748185191,4,1,0.05554320705658789,0.0008,49.9996,49.9996,2.47113039419156e-13,true
773,773,3.1412405923263477e12,1.7723545334741431e6,5.856820576746714e6,1431.0926381579568,1,12,0.05210646245698518,0.0010,49.9995,49.9995,2.2879798153467816e-13,true
774,774,3.1418628843476904e12,1.7725300799556803e6,5.85740067752555e6,1431.0926381579568,1,12,0.056844892922219545,0.0083,49.9959,49.9959,5.1052366209791756e-14,true
775,775,3.1418700894321997e12,1.7725321123839195e6,5.857407393770697e6,167.7832748185191,4,1,0.03949910368470096,0.0083,49.9959,49.9959,4.4694312333105204e-14,true
776,776,3.1672484223826855e12,1.7796764937433673e6,5.881016304383021e6,2941.1421115246285,17,3,0.044450081773616666,0.0035,49.9982,49.9982,1.0427980104054844e-13,true
777,777,3.167248422382686e12,1.7796764937433675e6,5.881016304383022e6,197.39208802178717,4,2,0.07619470797891566,0.0035,49.9982,49.9982,9.173175188622852e-14,true
778,778,3.1674973203722637e12,1.7797464202442616e6,5.881247379465101e6,197.39208802178717,4,2,0.0796640876809315,0.0061,49.9969,49.9969,6.114056077259356e-14,true
779,779,3.167497320372264e12,1.7797464202442616e6,5.881247379465101e6,1756.7895833939058,3,13,0.04819250145626189,0.0061,49.9969,49.9969,5.6043063333931464e-14,true
780,780,3.206908249071318e12,1.7907842553114314e6,5.917722372658148e6,177.65287921960845,3,3,0.07900475562398454,0.0046,49.9259,50.0695,6.621299451788229e-14,true
781,781,3.2069082490713193e12,1.7907842553114318e6,5.91772237265815e6,1973.9208802178716,2,14,0.03316850753703624,0.0046,50.0695,49.9259,6.351585815124075e-14,true
782,782,3.2485988452946885e12,1.8023869854431064e6,5.956064085502942e6,3010.229342332254,17,4,0.032228937678698964,0.0024,49.9988,49.9988,1.1341957997001975e-13,true
783,783,3.2486453201615024e12,1.8023998779853217e6,5.956106689454413e6,1707.441561388459,2,13,0.034393048599689856,0.0030,49.9985,49.9985,8.911827701330323e-14,true
784,784,3.2489390820243486e12,1.8024813680103184e6,5.956375976691354e6,2378.5746606625353,15,4,0.054319482666732435,0.0061,49.9969,49.9969,5.704609416522053e-14,true
785,785,3.248963539344754e12,1.8024881523451835e6,5.956398395813086e6,3572.7967931943476,1,19,0.026171514514131435,0.0062,49.9969,49.9969,5.78885544875944e-14,true
786,786,3.3046051474093745e12,1.8178572956668998e6,6.007186380470508e6,1944.3120670146036,14,1,0.04726141952545196,0.0022,49.9989,49.9989,1.4347173026106828e-13,true
787,787,3.3046051474093745e12,1.8178572956668998e6,6.007186380470508e6,3602.405606397616,2,19,0.039175181433903195,0.0022,49.9989,49.9989,1.1417577259519359e-13,true
788,788,3.304989768601218e12,1.8179630822987626e6,6.007535956873274e6,3010.229342332254,4,17,0.051253566262075466,0.0061,49.9969,49.9969,5.82701985815218e-14,true
789,789,3.304989768601218e12,1.8179630822987626e6,6.007535956873274e6,1707.441561388459,2,13,0.05053365922492316,0.0061,49.9969,49.9969,5.422577081382324e-14,true
790,790,3.3220410273410176e12,1.822646709414915e6,6.02301320092891e6,2309.48742985491,15,3,0.020590201590355257,0.0023,49.9988,49.9988,1.0356520643452203e-13,true
791,791,3.3221786138530684e12,1.8226844526283392e6,6.023137924975279e6,177.65287921960845,3,3,0.03274618327762945,0.0041,49.9979,49.9979,8.570159908092222e-14,true
792,792,3.322252862633856e12,1.822704820489005e6,6.023205231432987e6,128.30485721416164,3,2,0.060933941971679874,0.0047,49.9976,49.9976,7.499788662827944e-14,true
793,793,3.322332173646805e12,1.8227265767653703e6,6.0232771259691445e6,128.30485721416164,3,2,0.05271752375235022,0.0051,49.9975,49.9975,5.685521247070617e-14,true
794,794,3.337338433755818e12,1.826838370999421e6,6.036864724061119e6,3572.7967931943476,1,19,0.04891820765579096,0.0018,49.9991,49.9991,1.7734125749163495e-13,true
795,795,3.3373666727151206e12,1.826846099898708e6,6.0368902645359645e6,2615.44516628868,16,3,0.03347237309726652,0.0021,49.9989,49.9989,1.757758688670298e-13,true
796,796,3.3377624956788804e12,1.8269544317466926e6,6.037248251713141e6,2684.5323970963054,16,4,0.05761011559300903,0.0061,49.9969,49.9969,5.956320374771971e-14,true
797,797,3.337776473077437e12,1.8269582570703242e6,6.037260892657001e6,1677.832748185191,1,13,0.05161384494857435,0.0061,49.9969,49.9969,4.977511640109623e-14,true
798,798,3.3480982948628896e12,1.829780941769503e6,6.046588573725085e6,3572.7967931943476,1,19,0.06428153508678543,0.0009,49.9995,49.9995,2.0562977030291346e-13,true
799,799,3.34809829486289e12,1.8297809417695033e6,6.046588573725085e6,49.34802200544679,2,1,0.0627826843323279,0.0009,49.9995,49.9995,2.5075240897668814e-13,true
800,800,3.3485569529882803e12,1.8299062689078588e6,6.047002722558674e6,1677.832748185191,1,13,0.06441296179547847,0.0061,49.9970,49.9969,5.727713922673498e-14,true
801,801,3.3485569529882803e12,1.8299062689078588e6,6.047002722558674e6,3572.7967931943476,1,19,0.0324403058800631,0.0061,49.9969,49.9970,5.4295494075214356e-14,true
802,802,3.4075055942225596e12,1.8459430094730875e6,6.099996810565588e6,1973.9208802178716,2,14,0.033095431803803955,0.0027,48.7926,51.2046,9.65459306198929e-14,true
803,803,3.4075055942225596e12,1.8459430094730875e6,6.099996810565588e6,2023.2689022233185,14,3,0.030374262796078102,0.0027,51.2046,48.7926,9.275357642004302e-14,true
804,804,3.4076947240561353e12,1.8459942372759823e6,6.100166095008643e6,3286.5782655627563,18,3,0.027230866437046652,0.0046,54.5134,45.4820,6.525169134428265e-14,true
805,805,3.4076947240561357e12,1.8459942372759823e6,6.100166095008643e6,1973.9208802178716,2,14,0.04225259783047545,0.0046,45.4820,54.5134,5.905323748202652e-14,true
806,806,3.4416458029685483e12,1.855167324790017e6,6.130478950980628e6,3602.405606397616,13,14,0.24014227695466495,0.0035,49.9695,50.0270,7.970861775561259e-14,true
807,807,3.44164580296855e12,1.8551673247900174e6,6.13047895098063e6,3602.405606397616,19,2,0.041373891540183366,0.0035,50.0270,49.9695,6.843334396469266e-14,true
808,808,3.466212716182284e12,1.8617767632512455e6,6.152320120142526e6,2260.139407849463,2,15,0.07278943344495332,0.0020,49.9990,49.9990,1.166617581903839e-13,true
809,809,3.46624842530307e12,1.861786353291663e6,6.152351810837016e6,1677.832748185191,13,1,0.054275105745023644,0.0025,49.9988,49.9988,1.2586008354427974e-13,true
810,810,3.4664661582917603e12,1.8618448265878013e6,6.152545038319184e6,1707.441561388459,2,13,0.028612418487141807,0.0046,49.9977,49.9977,7.228327453960476e-14,true
811,811,3.4664840013221943e12,1.8618496183425218e6,6.152560872875486e6,1677.832748185191,13,1,0.04396160402637836,0.0046,49.9977,49.9977,5.987662883866419e-14,true
812,812,3.5005817489649697e12,1.8709841658776724e6,6.182746371855914e6,98.69604401089359,1,3,0.037776593198707284,0.0019,60.7532,39.2448,1.6490571208040193e-13,true
813,813,3.5005817489649697e12,1.8709841658776724e6,6.182746371855914e6,2566.097144283233,2,16,0.02913485652757367,0.0019,39.2448,60.7532,1.3205953117742742e-13,true
814,814,3.5008586380856807e12,1.8710581599954825e6,6.182990888550268e6,2566.097144283233,2,16,0.039520694086618686,0.0046,69.4522,30.5431,6.115990365507082e-14,true
815,815,3.500858638085681e12,1.8710581599954825e6,6.182990888550268e6,98.69604401089359,1,3,0.04405866232445935,0.0046,30.5431,69.4522,6.718424624160208e-14,true
816,816,3.5118474912972246e12,1.8739923936070884e6,6.19268718772115e6,1944.3120670146036,1,14,0.028866723529284242,0.0008,49.9996,49.9996,2.2208297586826176e-13,true
817,817,3.511860270886026e12,1.8739958033266845e6,6.192698455283883e6,98.69604401089359,3,1,0.0798624539092845,0.0010,49.9995,49.9995,2.2234930373276056e-13,true
818,818,3.5121708519693506e12,1.8740786674975387e6,6.192972283443976e6,19.739208802178716,1,1,0.02856662521699116,0.0046,49.9977,49.9977,6.669536571927982e-14,true
819,819,3.5121770412980586e12,1.8740803187958777e6,6.192977740229235e6,98.69604401089359,3,1,0.07702016297894831,0.0046,49.9977,49.9977,6.467132496266141e-14,true
820,820,3.530009897352914e12,1.878832056718459e6,6.208680059327733e6,49.34802200544679,1,2,0.07369918216757522,0.0020,49.9990,49.9990,1.1639670014374323e-13,true
821,821,3.5301128044988936e12,1.8788594424540899e6,6.208770556650319e6,49.34802200544679,1,2,0.09286965357729067,0.0033,49.9984,49.9984,8.072809255138428e-14,true
822,822,3.530148112606319e12,1.8788688385851523e6,6.208801606563138e6,49.34802200544679,1,2,0.0498236344633114,0.0035,49.9982,49.9982,8.236417175969852e-14,true
823,823,3.5302063845775586e12,1.878884345716244e6,6.208852850534222e6,49.34802200544679,1,2,0.04236462912906255,0.0037,49.9981,49.9981,7.382954415267938e-14,true
824,824,3.590918995571796e12,1.8949720302874646e6,6.262015285165312e6,78.95683520871486,2,2,0.12930457048116717,0.0022,49.9989,49.9989,1.1114103606503018e-13,true
825,825,3.590918995571796e12,1.8949720302874646e6,6.262015285165312e6,2309.48742985491,3,15,0.042824272611980053,0.0022,49.9989,49.9989,9.157665666052009e-14,true
826,826,3.5910550719450903e12,1.8950079345335444e6,6.262133932266251e6,2891.794089519182,17,2,0.044793979764863656,0.0035,49.9982,49.9982,8.537854064381331e-14,true
827,827,3.591055071945091e12,1.8950079345335446e6,6.262133932266252e6,78.95683520871486,2,2,0.1326760635447534,0.0035,49.9982,49.9982,8.487194049819737e-14,true
828,828,3.6208704665849395e12,1.902858498834041e6,6.2880764542988455e6,3237.230243557309,2,18,0.04153792890431652,0.0027,49.9986,49.9986,9.528969998595797e-14,true
829,829,3.6208704665849404e12,1.9028584988340412e6,6.288076454298846e6,1460.701451361225,12,2,0.05329651434780647,0.0027,49.9986,49.9986,1.0143342744830296e-13,true
830,830,3.626493647049795e12,1.9043354870005953e6,6.292957224213729e6,2615.44516628868,3,16,0.024741596955470974,0.0018,49.9991,49.9991,1.4032837433933055e-13,true
831,831,3.626521368663368e12,1.9043427655396936e6,6.292981276454267e6,49.34802200544679,1,2,0.0643699617122728,0.0021,49.9989,49.9989,1.3587050966537745e-13,true
832,832,3.626669303641884e12,1.9043816066224447e6,6.293109628456298e6,2615.44516628868,3,16,0.039269656552208286,0.0035,49.9982,49.9982,7.24641204149797e-14,true
833,833,3.626682610893584e12,1.9043851004703813e6,6.293121174024694e6,49.34802200544679,1,2,0.0694840426094613,0.0035,49.9982,49.9982,8.266459724423643e-14,true
834,834,3.6381857243200835e12,1.9074028741511542e6,6.303093534890253e6,19.739208802178716,1,1,0.01852134378582168,0.0009,49.9995,49.9995,2.0858559745666663e-13,true
835,835,3.638185724320084e12,1.9074028741511542e6,6.303093534890253e6,49.34802200544679,1,2,0.03806682400059206,0.0009,49.9995,49.9995,1.9038375791626807e-13,true
836,836,3.638398471980852e12,1.9074586422727106e6,6.30327782300851e6,49.34802200544679,1,2,0.03858401517345803,0.0035,49.9982,49.9982,6.28695163938275e-14,true
837,837,3.6383984719808525e12,1.9074586422727106e6,6.30327782300851e6,98.69604401089359,3,1,0.019514989039385904,0.0035,49.9982,49.9982,8.492854035540699e-14,true
838,838,3.683236610370056e12,1.919176023810754e6,6.341998406278656e6,2260.139407849463,2,15,0.07155183886090703,0.0018,49.9991,49.9991,1.3390456619275208e-13,true
839,839,3.683308048774088e12,1.9191946354588657e6,6.342059909257641e6,2230.530594646195,15,1,0.06981636017723601,0.0027,49.9987,49.9987,1.0956899938459688e-13,true
840,840,3.683317911935254e12,1.9191972050665491e6,6.342068400634998e6,1973.9208802178716,14,2,0.04142181493640404,0.0027,49.9987,49.9987,7.95945328178436e-14,true
841,841,3.683357479534323e12,1.9192075134112837e6,6.342102464996509e6,1973.9208802178716,14,2,0.04647620155847912,0.0028,49.9986,49.9986,6.41126723647845e-14,true
842,842,3.7197821715451323e12,1.9286736819755519e6,6.373383819704635e6,2566.097144283233,2,16,0.035600813157862975,0.0019,49.9990,49.9990,1.1185167292565301e-13,true
843,843,3.719782171545133e12,1.928673681975552e6,6.373383819704635e6,2536.488331079965,1,16,0.06597531613853598,0.0019,49.9990,49.9990,1.5001366301179155e-13,true
844,844,3.719870104615359e12,1.928696478094819e6,6.3734591504456755e6,3207.6214303540414,18,1,0.06124052642242707,0.0027,49.9986,49.9986,1.0034486020754246e-13,true
845,845,3.719870104615359e12,1.928696478094819e6,6.3734591504456755e6,2566.097144283233,2,16,0.03594207822969074,0.0027,49.9986,49.9986,7.610880807464294e-14,true
846,846,3.731755209564231e12,1.931775144669853e6,6.383632734457818e6,2536.488331079965,1,16,0.03690048659893652,0.0009,49.9996,49.9996,2.396355722035398e-13,true
847,847,3.7317670514073716e12,1.9317782096833403e6,6.383642862924624e6,1944.3120670146036,1,14,0.03533641645118503,0.0010,49.9995,49.9995,1.719786221198442e-13,true
848,848,3.7318914364674116e12,1.931810403861469e6,6.3837492499489775e6,1944.3120670146036,1,14,0.0684498676111305,0.0027,49.9986,49.9986,8.743919083065162e-14,true
849,849,3.7318970238707295e12,1.9318118500181972e6,6.383754028835099e6,98.69604401089359,3,1,0.03634865686400536,0.0027,49.9986,49.9986,8.330347126074684e-14,true
850,850,3.746817595111082e12,1.935669805289911e6,6.3965028053314425e6,2260.139407849463,2,15,0.1776774055110012,0.0022,49.9989,49.9989,1.0612482581650649e-13,true
851,851,3.7468175951110825e12,1.935669805289911e6,6.3965028053314425e6,2536.488331079965,16,1,0.12001126030225483,0.0022,49.9989,49.9989,1.133450104329228e-13,true
852,852,3.7839321206053936e12,1.9452331789801945e6,6.42810537849302e6,2566.097144283233,16,2,0.048122977792148774,0.0017,49.9991,49.9991,1.7785120862320567e-13,true
853,853,3.7839739366821143e12,1.9452439272960383e6,6.428140896757685e6,3207.6214303540414,18,1,0.05212114687599849,0.0022,49.9989,49.9989,1.2886209543245123e-13,true
854,854,3.783974643887666e12,1.9452441090741456e6,6.428141497451134e6,2566.097144283233,2,16,0.040466467765490635,0.0022,49.9989,49.9989,1.1127105716652738e-13,true
855,855,3.7839962673987656e12,1.9452496671118506e6,6.428159864221993e6,3207.6214303540414,18,1,0.06511725031481634,0.0022,49.9989,49.9989,8.542248221285658e-14,true
856,856,3.7961388629796704e12,1.9483682565109888e6,6.438465374896257e6,2862.1852763159136,1,17,0.06032460245873103,0.0009,49.9995,49.9995,1.845353378500514e-13,true
857,857,3.7961388629796704e12,1.9483682565109888e6,6.438465374896257e6,2862.1852763159136,1,17,0.05248419012928481,0.0009,49.9995,49.9995,2.2090938731433078e-13,true
858,858,3.7962170733775415e12,1.9483883271508124e6,6.438531699175111e6,2862.1852763159136,1,17,0.053511981663047464,0.0022,49.9989,49.9989,1.1559207804498396e-13,true
859,859,3.7962170733775425e12,1.9483883271508128e6,6.438531699175113e6,2862.1852763159136,1,17,0.05962516491233058,0.0022,49.9989,49.9989,1.214763203983538e-13,true
860,860,3.8214897578444e12,1.9548631046301937e6,6.459927875422514e6,2536.488331079965,1,16,0.1557980843548896,0.0019,49.9990,49.9990,1.2438378795978962e-13,true
861,861,3.8214897578444014e12,1.9548631046301941e6,6.459927875422516e6,2536.488331079965,16,1,0.06358274796107487,0.0019,49.9990,49.9990,1.0181612747256109e-13,true
862,862,3.8337909591721084e12,1.9580068843525827e6,6.470316628586225e6,2536.488331079965,1,16,0.0782799740875785,0.0009,49.9996,49.9996,1.7017340072293383e-13,true
863,863,3.833802287350478e12,1.9580097771335253e6,6.470326187903297e6,2536.488331079965,1,16,0.05830568715339474,0.0010,49.9995,49.9995,1.4939437998005305e-13,true
864,864,3.8338400930665146e12,1.958019431228024e6,6.470358090267209e6,365.17536284030626,6,1,0.028125094914733112,0.0019,49.9990,49.9990,1.341875835099916e-13,true
865,865,3.833845414217524e12,1.9580207900371037e6,6.47036258050933e6,2536.488331079965,1,16,0.05698723500386835,0.0019,49.9990,49.9990,1.1516996974643637e-13,true
866,866,3.8461894554059316e12,1.9611704299743895e6,6.480770699001221e6,3720.840859210688,11,16,0.007526235847439105,0.0009,49.9995,49.9995,1.8472863444397338e-13,true
867,867,3.8461894554059336e12,1.96117042997439e6,6.480770699001222e6,3207.6214303540414,18,1,0.0024750994010053155,0.0009,49.9995,49.9995,1.5291361446666438e-13,true
