mode_rank,eigen_index,omega_sq,omega,Omega_FEM,Omega_exact,matched_m,matched_n,MAC,relative_residual,residual_ok
1.0,1.0,39413.755354044566,198.5289786254001,65.60474132760274,49.34802200544679,2.0,1.0,0.794537060637857,0.9835722067591461,0.0
2.0,2.0,56197.72743216566,237.06059864972428,78.33767826271398,49.34802200544679,1.0,2.0,0.3310353370371984,0.9612961701829553,0.0
3.0,3.0,110010.92987503289,331.6789560328374,109.60471496406343,98.69604401089359,3.0,1.0,0.47844354769935277,0.7458057232073403,0.0
4.0,4.0,143854.48261132775,379.2815347618807,125.33518859904025,128.30485721416164,3.0,2.0,0.16963701972460593,0.9045465322231212,0.0
5.0,5.0,148962.24114692322,385.95626843843746,127.54088259551921,197.39208802178717,4.0,2.0,0.18698668566010246,0.912996061646362,0.0
6.0,6.0,273896.22623413196,523.3509589502363,172.94353964449556,167.7832748185191,4.0,1.0,0.3897262436791608,0.8672543245785351,0.0
7.0,7.0,288874.4063185907,537.4703771544908,177.6093611552896,167.7832748185191,1.0,4.0,0.3906886454826756,0.5665464860195852,0.0
8.0,8.0,297510.9252844952,545.4456208317152,180.24481418633627,167.7832748185191,1.0,4.0,0.3337413422535955,0.6776908600437103,0.0
9.0,9.0,405874.2287508322,637.0825917813421,210.52663912101687,197.39208802178717,2.0,4.0,0.19386473779208227,0.6688565913142196,0.0
10.0,10.0,481878.44952951,694.1746534767098,229.39295256965175,256.6097144283233,1.0,5.0,0.14531259380104267,0.7286829186213117,0.0
11.0,11.0,489566.3436872845,699.6901769263911,231.21558063991162,246.74011002723395,4.0,3.0,0.291571852427209,0.5285687469337684,0.0
12.0,12.0,563208.5862080345,750.4722421302699,247.99672903874634,246.74011002723395,3.0,4.0,0.3654587377609154,0.5716977806941429,0.0
13.0,13.0,574476.1429053758,757.9420445557666,250.46515686870904,256.6097144283233,1.0,5.0,0.27052858827892184,0.6680295753583195,0.0
14.0,14.0,593622.7887418987,770.4692003849983,254.60480853788945,315.82734083485946,4.0,4.0,0.2328984449043443,0.639474234442258,0.0
15.0,15.0,688949.8416495321,830.0300245470233,274.2869349935008,335.5665496370382,5.0,3.0,0.19747457699249452,0.6299179211418571,0.0
16.0,16.0,715587.9520389052,845.9243181508056,279.5392715928273,315.82734083485946,4.0,4.0,0.09589080117343982,0.7047240323142983,0.0
17.0,17.0,783069.4458165106,884.9121119164946,292.4229530716817,256.6097144283233,5.0,1.0,0.5255430969994453,0.20704532479906135,0.0
18.0,18.0,806266.2527187688,897.9233000199788,296.72255525471866,128.30485721416164,2.0,3.0,0.08874858001792822,0.8898628972648797,0.0
19.0,19.0,815026.2275441273,902.7880302397276,298.33012594744554,315.82734083485946,4.0,4.0,0.3794876619751473,0.564699052496289,0.0
20.0,20.0,913507.5413147018,955.7758844596896,315.8401866633906,286.21852763159137,5.0,2.0,0.4733828132713134,0.3387851851786061,0.0
21.0,21.0,1.021302811467626e6,1010.5952757991827,333.95548657308325,335.5665496370382,3.0,5.0,0.24277435964041708,0.3764539414141904,0.0
22.0,22.0,1.140152531821114e6,1067.7792523837097,352.85217368590156,335.5665496370382,5.0,3.0,0.45263293038767566,0.365752310759854,0.0
23.0,23.0,1.7161935123991752e6,1310.0356912692016,432.90683934767065,365.17536284030626,6.0,1.0,0.6439364783027327,0.18071283804173086,0.0
24.0,24.0,1.7970987390238305e6,1340.5591143339523,442.99343370009706,404.65378044466365,5.0,4.0,0.500431954209805,0.15731495617914168,0.0
25.0,25.0,1.8718684579744549e6,1368.1624384459817,452.1150689932934,404.65378044466365,5.0,4.0,0.24490710376555191,0.3342797294125873,0.0
26.0,26.0,1.8919171602784274e6,1375.4697962072548,454.5298162963616,365.17536284030626,1.0,6.0,0.367565928564274,0.2085122352226648,0.0
27.0,27.0,1.9765156063025934e6,1405.8860573683037,464.5809985441109,394.78417604357435,6.0,2.0,0.5051669325070642,0.1357051552740282,0.0
28.0,28.0,2.1955601113415593e6,1481.7422553674978,489.6480002598788,394.78417604357435,2.0,6.0,0.2987705740158816,0.2995894781132162,0.0
29.0,29.0,2.3532305131833768e6,1534.0242870252664,506.92481892251516,444.1321980490211,3.0,6.0,0.37717127007098855,0.1905853930633493,0.0
30.0,30.0,2.4690246162153855e6,1571.313022989177,519.2470395589369,513.2194288566466,6.0,4.0,0.2175558174732892,0.3369664092757037,0.0
31.0,31.0,2.5625009737478606e6,1600.7813635059163,528.9849774173804,493.4802200544679,5.0,5.0,0.47256863552820094,0.20056768756490057,0.0
32.0,32.0,3.029650008326507e6,1740.5889831681995,575.1849971176705,493.4802200544679,5.0,5.0,0.15123090629229985,0.3046642094373748,0.0
33.0,33.0,3.524545060481801e6,1877.3771758711143,620.3872343984946,493.4802200544679,7.0,1.0,0.29169858692099215,0.12621093284601237,0.0
34.0,34.0,3.5294163512245486e6,1878.674093935547,620.8158064625294,493.4802200544679,1.0,7.0,0.19551652487121857,0.22380701150497778,0.0
35.0,35.0,3.6120969503926053e6,1900.5517489383458,628.0453701627554,493.4802200544679,7.0,1.0,0.21197677467463313,0.16529070502469734,0.0
36.0,36.0,3.992172258874328e6,1998.0421063817269,660.261471440729,523.089033257736,7.0,2.0,0.42156172843105616,0.09594728862621003,0.0
37.0,37.0,4.047159913369837e6,2011.7554308041117,664.7930975423753,523.089033257736,7.0,2.0,0.268747171830942,0.11056971803979773,0.0
38.0,38.0,4.19974807450879e6,2049.3286887438994,677.2093396700609,572.4370552631827,3.0,7.0,0.2807628988009282,0.16417879870192606,0.0
39.0,39.0,4.246682200655913e6,2060.7479711638475,680.9828898816958,602.0458684664509,5.0,6.0,0.4104605268121542,0.1219417784549325,0.0
40.0,40.0,4.339957735309392e6,2083.2565217249153,688.42093568963,572.4370552631827,7.0,3.0,0.4197166316292719,0.16713262674970514,0.0
41.0,41.0,4.957546812873854e6,2226.5549202464904,735.7744980398716,572.4370552631827,3.0,7.0,0.17912575360393668,0.17170415855632637,0.0
42.0,42.0,5.623596611246917e6,2371.4123663435084,783.6432542606128,641.5242860708082,7.0,4.0,0.4877651244731496,0.0818331021000349,0.0
43.0,43.0,5.928576335926467e6,2434.866800448531,804.6120406029047,710.6115168784338,6.0,6.0,0.2963746078344358,0.17137324303909304,0.0
44.0,44.0,6.210503663691124e6,2492.0882134649896,823.521098743117,710.6115168784338,6.0,6.0,0.29323809311535876,0.1610228009757513,0.0
45.0,45.0,6.986316331278361e6,2643.1640757392192,873.444756911161,730.3507256806125,7.0,5.0,0.45994906166306726,0.14089323916922342,0.0
46.0,46.0,7.174046449949038e6,2678.441048436392,885.1021818606229,730.3507256806125,5.0,7.0,0.20207923404326525,0.1200897000039116,0.0
47.0,47.0,7.343110632998183e6,2709.817453814589,895.4706478290628,641.5242860708082,1.0,8.0,0.5720312645392852,0.04688342006308603,0.0
48.0,48.0,7.374595565606627e6,2715.6206593717443,897.388341669449,671.1330992740764,2.0,8.0,0.2654019274465434,0.11162463374159269,0.0
49.0,49.0,7.392855701728366e6,2718.9806365122145,898.4986603377534,641.5242860708082,8.0,1.0,0.5741506492293612,0.048890631110983775,0.0
50.0,50.0,7.84889523108644e6,2801.5879838203264,925.796607919169,671.1330992740764,8.0,2.0,0.48742633302686994,0.037874314478259494,0.0
51.0,51.0,8.514067527229078e6,2917.887511064996,964.2282789741314,720.4811212795231,3.0,8.0,0.5182051995870918,0.05922654542877766,0.0
52.0,52.0,9.22805146025395e6,3037.770804431096,1003.8442207134188,720.4811212795231,8.0,3.0,0.3371559221349162,0.07935679260126682,0.0
53.0,53.0,9.306950949989595e6,3050.729576673356,1008.1265018532464,838.9163740925954,6.0,7.0,0.24329013557273269,0.06170209177467136,0.0
54.0,54.0,9.447491811431607e6,3073.677245813491,1015.7096562543509,838.9163740925954,6.0,7.0,0.26519189306267815,0.07668989672720258,0.0
55.0,55.0,9.554586101398325e6,3091.0493527924014,1021.4503425388318,838.9163740925954,7.0,6.0,0.49791216244422215,0.030692091009484616,0.0
56.0,56.0,9.992320071366385e6,3161.063123597247,1044.5866894581843,789.5683520871487,8.0,4.0,0.4957068899815519,0.043445264876723316,0.0
57.0,57.0,1.1913929574358245e7,3451.6560625818797,1140.6143561782485,878.3947916969529,5.0,8.0,0.5057229846344132,0.032411996845226075,0.0
58.0,58.0,1.231479974482861e7,3509.2448966734437,1159.6448301679632,878.3947916969529,8.0,5.0,0.3553675541012803,0.058347480434766924,0.0
59.0,59.0,1.2967743517319953e7,3601.0753279152536,1189.9905848750816,967.2212313067571,7.0,7.0,0.7187270511703562,0.056764247792584946,0.0
60.0,60.0,1.4377807405931208e7,3791.8079336816636,1253.0189817906542,809.3075608893273,9.0,1.0,0.516284335615786,0.07165314423056707,0.0
61.0,61.0,1.465230314630644e7,3827.8326957047693,1264.9235168881412,809.3075608893273,1.0,9.0,0.33002719642938994,0.02425378509443915,0.0
62.0,62.0,1.485320420362076e7,3853.985496031447,1273.5658204566369,986.9604401089358,6.0,8.0,0.3727096393697932,0.017347352661939954,0.0
63.0,63.0,1.4923184158260265e7,3863.05373483987,1276.5624583552585,986.9604401089358,6.0,8.0,0.35060430357608524,0.0498837062760146,0.0
64.0,64.0,1.494147938999523e7,3865.4209848340233,1277.3447261360104,838.9163740925954,9.0,2.0,0.31264650491375773,0.04213617118556409,0.0
65.0,65.0,1.4959408590184579e7,3867.7394677233083,1278.110878620535,838.9163740925954,2.0,9.0,0.8750956616282072,0.007731955239261235,0.0
66.0,66.0,1.5876523429131288e7,3984.535534931429,1316.7066334081928,888.2643960980422,3.0,9.0,0.45328339572118165,0.03407635988114281,0.0
67.0,67.0,1.610298934003737e7,4012.853017497323,1326.064265385385,888.2643960980422,3.0,9.0,0.45085779514530966,0.04284288474660395,0.0
68.0,68.0,1.780341229095062e7,4219.40899782785,1394.3215634034382,957.3516269056677,9.0,4.0,0.49516636923899626,0.012430171550568588,0.0
69.0,69.0,1.79418990652581e7,4235.787891910795,1399.734038282339,957.3516269056677,4.0,9.0,0.42679234587213405,0.04606478173324259,0.0
70.0,70.0,1.9323566141522333e7,4395.857839093791,1452.6298298789816,1115.2652973230975,7.0,8.0,0.3189613827773442,0.04486522678158353,0.0
71.0,71.0,1.9473885380561072e7,4412.922544137963,1458.268933892946,1115.2652973230975,8.0,7.0,0.476069751846183,0.01614800297172392,0.0
72.0,72.0,2.0049412146693226e7,4477.656992970009,1479.6607065198764,1046.178066515472,5.0,9.0,0.35753591741110596,0.040474857021649394,0.0
73.0,73.0,2.0139803615003828e7,4487.73925434665,1482.9924324683584,1046.178066515472,9.0,5.0,0.46742400494726616,0.022217867331448104,0.0
74.0,74.0,2.3933330776529185e7,4892.1703544060265,1616.6384013739705,1154.743714927455,6.0,9.0,0.4860431215970487,0.023158660653952206,0.0
75.0,75.0,2.394715564127135e7,4893.58310865069,1617.1052519940781,1154.743714927455,9.0,6.0,0.4899924396300994,0.02162499195102043,0.0
76.0,76.0,2.6680455039450165e7,5165.312675864857,1706.899437667011,1263.3093633394378,8.0,8.0,0.952662804307918,0.021647496290497475,0.0
77.0,77.0,2.783073792614507e7,5275.484615288445,1743.3062213894154,996.8300445100251,1.0,10.0,0.5312786350878873,0.010738528316753168,0.0
78.0,78.0,2.7889675933186542e7,5281.067688752582,1745.1511716478806,996.8300445100251,10.0,1.0,0.4687583491011093,0.02476702641505382,0.0
79.0,79.0,2.866778947543556e7,5354.230988240567,1769.3282936520184,1026.4388577132931,2.0,10.0,0.5360642743676457,0.006938228128915065,0.0
80.0,80.0,2.8752520031331167e7,5362.137636365852,1771.9410789925728,1026.4388577132931,10.0,2.0,0.4333975426205191,0.019032308806375672,0.0
81.0,81.0,2.922018332595337e7,5405.5696578578445,1786.2933743352767,1283.0485721416164,7.0,9.0,0.5115104019686585,0.02335155818554892,0.0
82.0,82.0,2.937292702520549e7,5419.6796054015485,1790.956066226204,1283.0485721416164,9.0,7.0,0.3433426986213233,0.021197849188295707,0.0
83.0,83.0,2.9632461292686574e7,5443.570638164492,1798.8509591295701,1075.78687971874,10.0,3.0,0.40945765780873405,0.022137486708135538,0.0
84.0,84.0,3.0069331010308698e7,5483.550949002726,1812.0626220762101,1075.78687971874,3.0,10.0,0.5084306277852498,0.01619505098896291,0.0
85.0,85.0,3.2379226972979642e7,5690.27477130759,1880.3753841851305,1144.8741105263655,4.0,10.0,0.4954709701342984,0.007884798133144471,0.0
86.0,86.0,3.238077682696896e7,5690.41095413758,1880.4203863777407,1144.8741105263655,10.0,4.0,0.49101294840823356,0.014699983022159621,0.0
87.0,87.0,3.557089147190017e7,5964.133757043027,1970.8732452218987,1233.7005501361698,5.0,10.0,0.48622925177070675,0.013665671040135836,0.0
88.0,88.0,3.5915512594580725e7,5992.955247169857,1980.3974286309845,1233.7005501361698,10.0,5.0,0.3515507603166959,0.0310709327008362,0.0
89.0,89.0,3.70982580836997e7,6090.833939921504,2012.7418569553345,1431.0926381579568,8.0,9.0,0.3794556013871439,0.028084620621447526,0.0
90.0,90.0,3.741982744803717e7,6117.174792993672,2021.4463033495745,1431.0926381579568,9.0,8.0,0.4946679000243508,0.007950930830004543,0.0
91.0,91.0,4.025099694161535e7,6344.367339744394,2096.5230420924063,1342.2661985481527,6.0,10.0,0.5019182208509838,0.012018456578096658,0.0
92.0,92.0,4.025640143978113e7,6344.793254297663,2096.663787359361,1342.2661985481527,10.0,6.0,0.5039485566218561,0.012318516793080618,0.0
93.0,93.0,4.663556128685546e7,6829.023450454351,2256.67970534691,1470.5710557623142,7.0,10.0,0.4871539711159362,0.010278726668667155,0.0
94.0,94.0,4.6721759379668474e7,6835.331694926624,2258.764291434544,1470.5710557623142,10.0,7.0,0.4905450113421998,0.01371416474278765,0.0
95.0,95.0,4.982461950602742e7,7058.65564438636,2332.562635827427,1598.875912976476,9.0,9.0,0.9509992197378644,0.019665166421745494,0.0
96.0,96.0,5.44512834144886e7,7379.111288935043,2438.458560005102,1204.0917369329018,1.0,11.0,0.5221747608822146,0.009745531281558377,0.0
97.0,97.0,5.450128238613507e7,7382.498383754315,2439.577839825151,1204.0917369329018,11.0,1.0,0.5254357779526266,0.02212226443695906,0.0
98.0,98.0,5.564222078534497e7,7459.371339821137,2464.980833548138,1233.7005501361698,2.0,11.0,0.4935850881775968,0.012771113206027866,0.0
99.0,99.0,5.567881354926334e7,7461.823741503369,2465.7912400646483,1233.7005501361698,11.0,2.0,0.5355301379382663,0.002615141949473506,0.0
100.0,100.0,5.6625368570102766e7,7524.982961449333,2486.662471638486,1618.6151217786546,10.0,8.0,0.489519534662007,0.005186092458445916,0.0
101.0,101.0,5.677509227497466e7,7534.924835389844,2489.947805964461,1618.6151217786546,8.0,10.0,0.4309703693313945,0.010179702279769245,0.0
102.0,102.0,5.7483362395300634e7,7581.778313515942,2505.4307361343735,1283.0485721416164,11.0,3.0,0.4892708174826926,0.009663773631866613,0.0
103.0,103.0,5.755022391264467e7,7586.186387945176,2506.8874029881754,1283.0485721416164,3.0,11.0,0.5504405714399317,0.013927086492363612,0.0
104.0,104.0,6.042746045281535e7,7773.5101757710045,2568.789341586312,1352.1358029492421,11.0,4.0,0.4970659510780467,0.00653174783593744,0.0
105.0,105.0,6.0496633914110206e7,7777.958209845962,2570.2592132741856,1352.1358029492421,4.0,11.0,0.4934855839594182,0.011211186385205593,0.0
106.0,106.0,6.444086295085331e7,8027.506645955101,2652.7235502843455,1440.9622425590462,11.0,5.0,0.48427157628618944,0.005886832636636428,0.0
107.0,107.0,6.4488617147968285e7,8030.4805054223425,2653.7062747331584,1440.9622425590462,5.0,11.0,0.4835086179477612,0.005517088347212704,0.0
108.0,108.0,7.033121941861412e7,8386.37105180865,2771.3118122132455,1549.5278909710291,11.0,6.0,0.501551899723775,0.0038708619043128683,0.0
109.0,109.0,7.050836834953348e7,8396.926125049184,2774.799780843486,1549.5278909710291,6.0,11.0,0.3100195933507561,0.00667643925613907,0.0
110.0,110.0,7.06209274379591e7,8403.625850664646,2777.013733531963,1786.3983965971738,9.0,10.0,0.3152095265773864,0.008000984185010288,0.0
111.0,111.0,7.078105583604063e7,8413.147795922798,2780.1603006473633,1786.3983965971738,10.0,9.0,0.4894774886074617,0.0035462097155483084,0.0
112.0,112.0,7.810005859958616e7,8837.423753537349,2920.3640867321337,1677.832748185191,7.0,11.0,0.4814765518690736,0.002843823141023762,0.0
113.0,113.0,7.811074564640127e7,8838.028380040498,2920.563888119385,1677.832748185191,11.0,7.0,0.4793283566177998,0.005147975047978212,0.0
114.0,114.0,8.99267771780635e7,9482.97301367369,3133.688572249089,1825.8768142015313,8.0,11.0,0.48181778832546834,0.0038915151466984176,0.0
115.0,115.0,8.999172701669405e7,9486.396945979757,3134.820025172576,1825.8768142015313,11.0,8.0,0.4816146831865193,0.004809372626592857,0.0
116.0,116.0,9.464001709433658e7,9728.310084199444,3214.761245676194,1973.9208802178716,10.0,10.0,0.9997733955640229,0.0037170666156473376,0.0
117.0,117.0,1.0592112624150187e8,10291.798979843215,3400.9685363984186,1993.6600890200502,9.0,11.0,0.4733258482756395,0.007819287932433586,0.0
118.0,118.0,1.0620509602182494e8,10305.585670975956,3405.524406840051,1993.6600890200502,9.0,11.0,0.4804536898479602,0.0029222610442493167,0.0
119.0,119.0,1.1099308736755121e8,10535.325688727007,3481.4429681579722,1431.0926381579568,12.0,1.0,0.5049059606981143,0.005768333053855012,0.0
120.0,120.0,1.1107680913899282e8,10539.298322895733,3482.7557419345408,1431.0926381579568,1.0,12.0,0.5156377860150893,0.0013282783229238624,0.0
121.0,121.0,1.126132027996457e8,10611.936807183018,3506.75943653415,1460.701451361225,12.0,2.0,0.49761887174991576,0.0016958562743129642,0.0
122.0,122.0,1.1262434543888997e8,10612.461799172233,3506.932922359192,1460.701451361225,2.0,12.0,0.49675714083951594,0.0023544157455361947,0.0
123.0,123.0,1.1510275242306621e8,10728.59508151306,3545.309657081992,1510.0494733666717,12.0,3.0,0.49176996694767666,0.003605642457264046,0.0
124.0,124.0,1.151760140739778e8,10732.008855474254,3546.437753137418,1510.0494733666717,3.0,12.0,0.4923439255627211,0.0017173766720828517,0.0
125.0,125.0,1.1912802521766779e8,10914.578563447505,3606.768685925024,1579.1367041742974,4.0,12.0,0.4899044360484786,0.0014797651003897127,0.0
126.0,126.0,1.1920630391587329e8,10918.163944357737,3607.953490223144,1579.1367041742974,12.0,4.0,0.48977859005767366,0.002940833236134751,0.0
127.0,127.0,1.2441010223244195e8,11153.927659458885,3685.862607827734,1667.9631437841015,12.0,5.0,0.48991338828493974,0.005145430127093836,0.0
128.0,128.0,1.2445834825185823e8,11156.090186613688,3686.5772240796637,1667.9631437841015,5.0,12.0,0.4906497096366068,0.002075297520277675,0.0
129.0,129.0,1.3234359694701575e8,11504.068712721415,3801.5682009684006,1776.5287921960844,6.0,12.0,0.44534108904128933,0.002068701780829433,0.0
130.0,130.0,1.3252037632211286e8,11511.74949006939,3804.1063463545183,1776.5287921960844,12.0,6.0,0.314991278590618,0.004492470654825353,0.0
131.0,131.0,1.3268371877496243e8,11518.841902507493,3806.4500640657166,2181.1825726407483,10.0,11.0,0.3300471701214554,0.004324566359333351,0.0
132.0,132.0,1.3270015742486684e8,11519.555435209591,3806.685853967393,2181.1825726407483,10.0,11.0,0.45322237843338475,0.003198281592953648,0.0
133.0,133.0,1.421481552758178e8,11922.590124457765,3939.870373009664,1904.8336494102462,7.0,12.0,0.4772707290253974,0.0014007204825301396,0.0
134.0,134.0,1.421697827796767e8,11923.497086831392,3940.170082565053,1904.8336494102462,12.0,7.0,0.4770101048260476,0.0026378559414645827,0.0
135.0,135.0,1.571799792259258e8,12537.143982021016,4142.952296547849,2052.8777154265863,12.0,8.0,0.48152615772050084,0.002733770638079452,0.0
136.0,136.0,1.571820461164348e8,12537.226412426107,4142.979536024126,2052.8777154265863,8.0,12.0,0.48152929145946755,0.003236765345055859,0.0
137.0,137.0,1.732433402289252e8,13162.193594873355,4349.502586848136,2388.4442650636247,11.0,11.0,0.9555013596144207,0.002614975453726377,0.0
138.0,138.0,1.7641007300608128e8,13281.94537731884,4389.075070247042,2220.6609902451055,9.0,12.0,0.4804850112249861,0.0019730801050351385,0.0
139.0,139.0,1.7645211269337207e8,13283.527870764305,4389.598011904533,2220.6609902451055,12.0,9.0,0.48047297480598494,0.0037106092823360162,0.0
140.0,140.0,2.0841541433099508e8,14436.59981889763,4770.635517930988,2408.1834738658035,12.0,10.0,0.4902510356669322,0.0016519829721403996,0.0
141.0,141.0,2.0843874142571306e8,14437.40771141804,4770.902489434035,2408.1834738658035,10.0,12.0,0.4902362528280357,0.0015555033616545164,0.0
142.0,142.0,2.4495129574654934e8,15650.919964863067,5171.912750184712,1677.832748185191,13.0,1.0,0.5058181610647906,0.0008962087574391291,0.0
143.0,143.0,2.4503392581640416e8,15653.559525437151,5172.785004149248,1677.832748185191,1.0,13.0,0.5059062380141635,0.0007279559888909118,0.0
144.0,144.0,2.4706701162966073e8,15718.365424867203,5194.200387928729,1707.441561388459,13.0,2.0,0.4973597600051159,0.0006726734598891329,0.0
145.0,145.0,2.4708553662004796e8,15718.954692346688,5194.395113861598,1707.441561388459,2.0,13.0,0.4973979185730773,0.0008033003558454924,0.0
146.0,146.0,2.5052465968898472e8,15827.970801368845,5230.4199485354075,1756.7895833939058,13.0,3.0,0.4898951468510498,0.0009663881320089139,0.0
147.0,147.0,2.5055063774224442e8,15828.791417611277,5230.691124646254,1756.7895833939058,3.0,13.0,0.4908961792909161,0.001012326506323249,0.0
148.0,148.0,2.5319965519844e8,15912.248590266556,5258.269900610813,2615.44516628868,11.0,12.0,0.4881284713037302,0.0017208745117928792,0.0
149.0,149.0,2.532138140829181e8,15912.693489253103,5258.416919364102,2615.44516628868,12.0,11.0,0.48789865712976466,0.0016776382424450618,0.0
150.0,150.0,2.5596410472518924e8,15998.8782333384,5286.897032853077,1825.8768142015313,13.0,4.0,0.48978256612475635,0.0016471280612840838,0.0
151.0,151.0,2.559782622324662e8,15999.320680343468,5287.043241338707,1825.8768142015313,4.0,13.0,0.4899299475535743,0.0019183507755653679,0.0
152.0,152.0,2.628717853861101e8,16213.32123243446,5357.760629606666,1914.7032538113353,13.0,5.0,0.4698299810411128,0.0010924920875609765,0.0
153.0,153.0,2.629796608267373e8,16216.647644526822,5358.859856562748,1914.7032538113353,5.0,13.0,0.471977603112357,0.0012364849739478858,0.0
154.0,154.0,2.7333002098160386e8,16532.695514694627,5463.29921303887,2023.2689022233185,6.0,13.0,0.4633706790523493,0.0035725594711306587,0.0
155.0,155.0,2.7335366038989013e8,16533.41042827795,5463.535459258593,2023.2689022233185,13.0,6.0,0.46364894340551605,0.0008798111967667947,0.0
156.0,156.0,2.853942666277801e8,16893.61615012547,5582.5669647352715,2151.57375943748,13.0,7.0,0.44988385368904843,0.0008809815622181266,0.0
157.0,157.0,2.857793101974915e8,16905.008435297852,5586.331593592174,2151.57375943748,7.0,13.0,0.4549601024741897,0.0007463097502067034,0.0
158.0,158.0,3.0481199380276835e8,17458.865765071005,5769.3560926036025,2299.6178254538204,13.0,8.0,0.4534779126401012,0.0010201089427193614,0.0
159.0,159.0,3.048221007569304e8,17459.155213151935,5769.451741947132,2299.6178254538204,8.0,13.0,0.4534573168340298,0.0006463355704099063,0.0
160.0,160.0,3.259135613822439e8,18053.076230444603,5965.71545608245,2467.4011002723396,13.0,9.0,0.43583847681764565,0.0010833797546641404,0.0
161.0,161.0,3.2709757204844016e8,18085.838992107612,5976.542049353427,2467.4011002723396,9.0,13.0,0.44647510270480945,0.0006783579682498894,0.0
162.0,162.0,3.4215272671274835e8,18497.370805407678,6112.534479005588,2842.446067513735,12.0,12.0,0.9989861150497239,0.0009218107755612995,0.0
163.0,163.0,3.64556401428318e8,19093.36013980562,6309.481677283193,2654.923583893037,13.0,10.0,0.45347754996174316,0.0006672298448362068,0.0
164.0,164.0,3.64587356165759e8,19094.17073783931,6309.7495428345555,2654.923583893037,10.0,13.0,0.4534960616333598,0.00080642757050308,0.0
165.0,165.0,4.063374580554665e8,20157.81382133158,6661.234902002551,2862.1852763159136,13.0,11.0,0.4218559678910491,0.0007801865447067918,0.0
166.0,166.0,4.108329919977562e8,20269.015565580787,6697.981989088577,2862.1852763159136,11.0,13.0,0.4507192451331369,0.000701057279551904,0.0
167.0,167.0,5.035875020386096e8,22440.755380303257,7415.642603484621,3089.186177540969,12.0,13.0,0.46725759352852736,0.0005506223056594579,0.0
168.0,168.0,5.035957608393042e8,22440.93939297783,7415.7034112518295,3089.186177540969,13.0,12.0,0.46726823054813904,0.0009531067262479696,0.0
169.0,169.0,5.915901519242678e8,24322.626336896017,8037.514826744025,3335.926287568203,13.0,13.0,0.20724346581577927,0.000901210708260519,0.0
170.0,170.0,6.457805782454678e8,25412.21317094337,8397.57340809862,1944.3120670146036,14.0,1.0,0.5011043800996585,0.0004403387501871766,0.0
171.0,171.0,6.458167103751069e8,25412.924081559504,8397.80833152089,1944.3120670146036,1.0,14.0,0.5011119000688695,0.0002916729788106002,0.0
172.0,172.0,6.494251924781005e8,25483.82217168572,8421.236905503169,1973.9208802178716,2.0,14.0,0.49568090823836647,0.0002367251890957939,0.0
173.0,173.0,6.494335525940633e8,25483.986199063584,8421.291109044485,1973.9208802178716,14.0,2.0,0.4956112346754451,0.00048395496697726127,0.0
174.0,174.0,6.549897173422085e8,25592.766895007826,8457.238150470233,2023.2689022233185,14.0,3.0,0.48360525071968685,0.0002796656979077546,0.0
175.0,175.0,6.550300699623796e8,25593.55524272428,8457.498663310083,2023.2689022233185,3.0,14.0,0.483594534756815,0.0004248121126036033,0.0
176.0,176.0,6.645396808982146e8,25778.667166830302,8518.66968217955,2092.356133030944,14.0,4.0,0.48093419446999025,0.00037346037200745527,0.0
177.0,177.0,6.646729996942884e8,25781.252872858768,8519.524139681529,2092.356133030944,4.0,14.0,0.4811241069649579,0.0003131343547390461,0.0
178.0,178.0,6.749698755799457e8,25980.18236233044,8585.26123151358,2181.1825726407483,5.0,14.0,0.4577498175880427,0.0004241084908808107,0.0
179.0,179.0,6.750302168009399e8,25981.34362963047,8585.64497720833,2181.1825726407483,14.0,5.0,0.45776363160572214,0.00029663485978332943,0.0
180.0,180.0,6.808518028260994e8,26093.13708288253,8622.587597038957,3335.926287568203,13.0,13.0,0.563609749560593,0.0008090949725557443,0.0
181.0,181.0,6.932009303084985e8,26328.709241216107,8700.433413898874,2289.748221052731,14.0,6.0,0.4637770615152893,0.00044935298986277224,0.0
182.0,182.0,6.935153777645806e8,26334.680134085178,8702.406520721277,2289.748221052731,6.0,14.0,0.4642263522966634,0.0008364066019677995,0.0
183.0,183.0,7.096383499976923e8,26639.038083190848,8802.982893300885,2418.0530782668925,14.0,7.0,0.42590660468801944,0.0004563802920792026,0.0
184.0,184.0,7.097036481903504e8,26640.263665931507,8803.387892305227,2418.0530782668925,7.0,14.0,0.42674511827564726,0.0009017410540065986,0.0
185.0,185.0,7.418374317677389e8,27236.692746509056,9000.480406569257,2566.097144283233,14.0,8.0,0.44708925628587765,0.0002932811340604644,0.0
186.0,186.0,7.427455025116776e8,27253.357637393554,9005.987390301809,2566.097144283233,8.0,14.0,0.44860847806893495,0.000506755278521447,0.0
187.0,187.0,7.670665466300066e8,27695.966251965405,9152.249280477272,2733.880419101752,9.0,14.0,0.3985845402762124,0.0008737442724317641,0.0
188.0,188.0,7.670935628876797e8,27696.453976776156,9152.410451205444,2733.880419101752,14.0,9.0,0.39847933582478745,0.0004660598895739847,0.0
189.0,189.0,8.243353068053222e8,28711.24007780441,9487.750813714554,2921.40290272245,14.0,10.0,0.44091539369551713,0.00035681698434692036,0.0
190.0,190.0,8.267148939166672e8,28752.650206836017,9501.434966135383,2921.40290272245,10.0,14.0,0.4436185022685345,0.0003163072401253834,0.0
191.0,191.0,8.674244807155915e8,29452.0709070787,9732.561497064511,3128.6645951453265,14.0,11.0,0.3904774613732395,0.0005252391967705732,0.0
192.0,192.0,8.674354140970414e8,29452.256519612234,9732.622833511885,3128.6645951453265,11.0,14.0,0.3903938819888507,0.0003144537971467157,0.0
193.0,193.0,9.817848042774148e8,31333.445458126924,10354.26968101052,3355.665496370382,12.0,14.0,0.45455045008150186,0.00026728084509187707,0.0
194.0,194.0,9.890154259213977e8,31448.615643957964,10392.328156415031,3355.665496370382,14.0,12.0,0.4597786657180799,0.0005314584291834553,0.0
195.0,195.0,1.093661409383055e9,33070.55199695123,10928.303889654131,3602.405606397616,13.0,14.0,0.4102247334796031,0.00026056317393225126,0.0
196.0,196.0,1.093663130006252e9,33070.57801137216,10928.312486229643,3602.405606397616,13.0,14.0,0.4100033238408607,0.00025163953038520516,0.0
197.0,197.0,1.4888163312579238e9,38585.18279414941,12750.636979122466,3355.665496370382,12.0,14.0,0.0036940197302019425,0.00017829706518473815,0.0
198.0,198.0,2.1032954715669389e9,45861.69939684899,15155.192690794458,3641.884024001973,12.0,15.0,0.033702583058897555,0.00014489691082244133,0.0
199.0,199.0,2.103316914160837e9,45861.93317077723,15155.26994237857,3641.884024001973,12.0,15.0,0.03372206312532636,0.00014190741967477346,0.0
200.0,200.0,2.5952672935889726e9,50943.76599338699,16834.58310918081,3414.883122776918,15.0,11.0,0.05505431779295111,0.00012024516128410933,0.0
201.0,201.0,2.781134361857231e9,52736.46140818732,17426.98689718936,2862.1852763159136,17.0,1.0,0.4986841737018582,9.35427507288141e-5,0.0
202.0,202.0,2.781445881751013e9,52739.41487873195,17427.962884032393,2862.1852763159136,1.0,17.0,0.49620151681580593,0.0001098775729372548,0.0
203.0,203.0,2.790469722050526e9,52824.89680113465,17456.210747121422,2891.794089519182,17.0,2.0,0.4937302808865813,0.0001164493896445585,0.0
204.0,204.0,2.7904928031837974e9,52825.11526900625,17456.282940754332,2891.794089519182,2.0,17.0,0.4937084379147194,6.003575026589195e-5,0.0
205.0,205.0,2.8061011082205596e9,52972.64490489935,17505.034733404133,2941.1421115246285,17.0,3.0,0.4868503839597133,0.00010620202288160951,0.0
206.0,206.0,2.8085879288486876e9,52996.11239372835,17512.789664421733,2941.1421115246285,3.0,17.0,0.46999042208134734,0.00015321884599486368,0.0
207.0,207.0,2.8292450058042665e9,53190.647728752716,17577.07468931693,3010.229342332254,4.0,17.0,0.4737352593064938,0.00015174549385708205,0.0
208.0,208.0,2.8293771392291107e9,53191.8897880975,17577.48513308485,3010.229342332254,17.0,4.0,0.4737499086164255,0.00014194960700862446,0.0
209.0,209.0,2.859849875554405e9,53477.564226079005,17671.887460329217,3099.0557819420583,17.0,5.0,0.4645953967145121,0.00012209484204724562,0.0
210.0,210.0,2.866094713747954e9,53535.91984591237,17691.17132191299,3099.0557819420583,5.0,17.0,0.42933459949301545,5.619421773848908e-5,0.0
211.0,211.0,2.898981141654881e9,53842.187378067036,17792.378724294093,3207.6214303540414,17.0,6.0,0.4421254803601432,0.00010033824325063371,0.0
212.0,212.0,2.8990553957970295e9,53842.876927194644,17792.606588722057,3207.6214303540414,6.0,17.0,0.4421631260695449,8.014428628557466e-5,0.0
213.0,213.0,2.948062719559583e9,54296.065415088626,17942.3646428197,3335.926287568203,7.0,17.0,0.4320573948928022,0.00011523931888175233,0.0
214.0,214.0,2.959255461442066e9,54399.03915918062,17976.39275242599,3335.926287568203,17.0,7.0,0.38218143691335427,0.00012671648466970508,0.0
215.0,215.0,3.004062950232573e9,54809.332692823155,18111.975987323884,3483.9703535845433,8.0,17.0,0.3971186999399,0.0001231229405123395,0.0
216.0,216.0,3.00407597236137e9,54809.45148750688,18112.01524352996,3483.9703535845433,17.0,8.0,0.39713833476683774,0.00010072680808666636,0.0
217.0,217.0,3.0749521407593083e9,55452.25099812728,18324.43106268013,3651.7536284030625,17.0,9.0,0.39128670737966575,8.965787727932786e-5,0.0
218.0,218.0,3.0887532991792507e9,55576.553502167175,18365.507351292374,3651.7536284030625,9.0,17.0,0.3297227895985402,9.000549936373419e-5,0.0
219.0,219.0,3.13158142380353e9,55960.5345203522,18492.395504080738,3839.27611202376,10.0,17.0,0.31740014289864776,9.752581733928883e-5,0.0
220.0,220.0,3.131590955171035e9,55960.61968179976,18492.42364604156,3839.27611202376,10.0,17.0,0.3182178846859702,8.045126168060438e-5,0.0
221.0,221.0,3.2171246314817405e9,56719.70232187172,18743.265717526552,3414.883122776918,11.0,15.0,0.30829990958017156,9.21303007617712e-5,0.0
222.0,222.0,3.2198180292637134e9,56743.44040736086,18751.110068355887,3414.883122776918,15.0,11.0,0.23317607627664916,0.00019752170003478265,0.0
223.0,223.0,3.2227813113143244e9,56769.54563244561,18759.73665048431,3641.884024001973,12.0,15.0,0.25940840820072725,0.00010235168096191125,0.0
224.0,224.0,3.2228794019572577e9,56770.40956305721,18760.02214001179,3641.884024001973,12.0,15.0,0.2524714710875235,0.00022270629097526646,0.0
225.0,225.0,3.2288322580826654e9,56822.8145913476,18777.339603432298,3414.883122776918,15.0,11.0,0.006400073945762463,0.00010549742697908121,0.0
226.0,226.0,1.1807668041627138e11,343622.8752808395,113551.63363623104,3651.7536284030625,9.0,17.0,0.0027337973417956873,0.000131118281689619,0.0
227.0,227.0,1.1814608533586076e11,343723.8504029954,113585.00129275871,3641.884024001973,12.0,15.0,0.0009173697165154811,0.00036470938145343086,0.0
228.0,228.0,1.1814608559122682e11,343723.8507744652,113585.00141551247,3641.884024001973,12.0,15.0,0.0009173700972959249,0.00028377334818799024,0.0
229.0,229.0,1.1999776423493114e11,346406.93444983335,114471.63777309417,2230.530594646195,15.0,1.0,0.0016929387420512127,0.00010421884978733529,0.0
230.0,230.0,1.2253211772698206e11,350045.8794600817,115674.14255479243,2260.139407849463,15.0,2.0,0.006587347473539223,7.45613928022442e-5,0.0
231.0,231.0,1.225321186105144e11,350045.8807221053,115674.14297183347,2260.139407849463,2.0,15.0,0.006587350116954663,7.466894494053776e-5,0.0
232.0,232.0,1.2721021211529489e11,356665.40638993133,117861.59324814085,2309.48742985491,15.0,3.0,0.013791171017745615,0.0001635092649165513,0.0
233.0,233.0,1.2913880056783911e11,359358.8743412901,118751.6611336786,2309.48742985491,3.0,15.0,0.014813299485577887,5.050440827126646e-5,0.0
234.0,234.0,1.3639791443594238e11,369320.8827509519,122043.6489802108,2378.5746606625353,15.0,4.0,0.025023157601828407,4.283626903243553e-5,0.0
235.0,235.0,1.363979144403198e11,369320.8827568782,122043.64898216916,2378.5746606625353,4.0,15.0,0.02502315480455003,4.397571624664031e-5,0.0
236.0,236.0,1.4641504812499277e11,382642.1933412372,126445.73245170913,2467.4011002723396,5.0,15.0,0.03613167354500929,2.997793070812691e-5,0.0
237.0,237.0,1.4856987372071692e11,385447.6277274474,127372.80011957925,2467.4011002723396,15.0,5.0,0.03881934523402847,4.4020156313881105e-5,0.0
238.0,238.0,1.618623523013899e11,402321.2053836957,132948.74527919313,2575.9667486843223,6.0,15.0,0.051935747899197464,6.263863665762956e-5,0.0
239.0,239.0,1.6186235372398267e11,402321.2071516771,132948.74586343006,2575.9667486843223,15.0,6.0,0.05193576231013591,5.455750152387297e-5,0.0
240.0,240.0,1.7877493487309827e11,422817.85070299276,139721.9484839169,2704.2716058984843,7.0,15.0,0.0644675056342498,2.873059660009156e-5,0.0
241.0,241.0,1.8128987219436227e11,425781.4840905629,140701.293681417,2704.2716058984843,15.0,7.0,0.06971510244769984,4.927433574199516e-5,0.0
242.0,242.0,2.0251833030040375e11,450020.3665395642,148711.134985932,2852.3156719148246,8.0,15.0,0.08325218699368184,2.6391341029761395e-5,0.0
243.0,243.0,2.0251833417363544e11,450020.3708429602,148711.1364080074,2852.3156719148246,15.0,8.0,0.08325218705606026,5.639804567277844e-5,0.0
244.0,244.0,2.283666300202035e11,477877.21228387055,157916.54757563001,3020.0989467333434,9.0,15.0,0.09468551343598218,3.3503500651299424e-5,0.0
245.0,245.0,2.3142791473922833e11,481069.55291228765,158971.4700489485,3020.0989467333434,15.0,9.0,0.10363125235923473,5.9412898795271045e-5,0.0
246.0,246.0,2.6241217277715384e11,512261.82053433754,169279.0869164446,3207.6214303540414,10.0,15.0,0.11536047921097978,6.805296385234186e-5,0.0
247.0,247.0,2.6241217803266687e11,512261.8256640513,169279.0886115802,3207.6214303540414,15.0,10.0,0.11536048414902532,5.483622552360552e-5,0.0
248.0,248.0,2.979951351628141e11,545889.3066939616,180391.43205756557,3414.883122776918,11.0,15.0,0.12293690018961106,3.591269168979209e-5,0.0
249.0,249.0,3.0182067460244946e11,549382.0843479058,181545.63521767053,3414.883122776918,15.0,11.0,0.1376985982526581,6.784074863102062e-5,0.0
250.0,250.0,3.365837999161911e11,580158.4265665639,191715.80777507124,2566.097144283233,2.0,16.0,0.13761176973501665,0.008461045223815682,0.0
251.0,251.0,3.3757484318018616e11,581011.9131138243,191997.84601728304,2536.488331079965,16.0,1.0,0.3754269064502633,0.00022675301427535073,0.0
252.0,252.0,3.375748434286758e11,581011.9133276665,191997.84608794807,2536.488331079965,1.0,16.0,0.3754268521421339,0.00032122941983337794,0.0
253.0,253.0,3.384669737082916e11,581779.1451300842,192251.38108462433,2566.097144283233,16.0,2.0,0.41762762897512595,0.00021676230219394834,0.0
254.0,254.0,3.391045456986631e11,582326.8375222484,192432.3683539077,2615.44516628868,16.0,3.0,0.24776961683014984,0.00033483280503935974,0.0
255.0,255.0,3.3910454589572156e11,582326.8376914476,192432.36840982028,2615.44516628868,3.0,16.0,0.24776956555752824,0.00023971347737750763,0.0
256.0,256.0,3.402978281075073e11,583350.5190770874,192770.64825678157,2566.097144283233,2.0,16.0,0.26731904330020057,0.00016041819893657108,0.0
257.0,257.0,3.4095486787713666e11,583913.4078586795,192956.65723727524,3641.884024001973,12.0,15.0,0.1454987448818421,3.105600801923631e-5,0.0
258.0,258.0,3.4095487061643353e11,583913.4102043158,192956.65801240067,3641.884024001973,12.0,15.0,0.1454987043739328,6.771799889110719e-5,0.0
259.0,259.0,3.41840777264271e11,584671.5122735766,193207.17605011052,2684.5323970963054,4.0,16.0,0.3241312189686231,0.0002570287609794514,0.0
260.0,260.0,3.439565224371016e11,586478.0664586712,193804.15952742472,2773.3588367061097,5.0,16.0,0.20743583385723965,0.0003190670897799673,0.0
261.0,261.0,3.439565225203872e11,586478.0665296761,193804.15955088858,2773.3588367061097,16.0,5.0,0.2074358851340297,0.00021040026581837026,0.0
262.0,262.0,3.469402284145734e11,589016.322706403,194642.93704851306,2684.5323970963054,16.0,4.0,0.23357986469680225,0.0002635438965995508,0.0
263.0,263.0,3.4873614619555054e11,590538.8608682333,195146.066228746,2881.9244851180924,6.0,16.0,0.26960914563871247,0.0002613796575476056,0.0
264.0,264.0,3.528659568270293e11,594025.2156491586,196298.14692327488,3010.229342332254,7.0,16.0,0.1886783242935735,0.00020799800167487157,0.0
265.0,265.0,3.5286595828170624e11,594025.2168735821,196298.1473278908,3010.229342332254,16.0,7.0,0.18867835246359962,0.00019324729658915532,0.0
266.0,266.0,3.5816928460021936e11,598472.4593498178,197767.75742861614,2881.9244851180924,16.0,6.0,0.22642542779945798,0.0017780772139084655,0.0
267.0,267.0,3.602915626406545e11,600242.9196922313,198352.81354283702,3158.273408348595,8.0,16.0,0.23695285227367663,0.00021993095041871675,0.0
268.0,268.0,3.670910805182166e11,605880.417671851,200215.7486128133,3010.229342332254,16.0,7.0,0.17642916150622953,0.00028465326099775835,0.0
269.0,269.0,3.6709108082329175e11,605880.4179236129,200215.74869600908,3010.229342332254,7.0,16.0,0.17642911578685855,0.00019767408770834203,0.0
270.0,270.0,3.753868364762498e11,612688.204942979,202465.41073281254,3158.273408348595,16.0,8.0,0.22898822102023275,0.0006679110817421113,0.0
271.0,271.0,3.7798250339639856e11,614802.8166789727,203164.1931317788,3513.5791667878116,10.0,16.0,0.213990894640355,0.00024053585023687225,0.0
272.0,272.0,3.803222547424465e11,616702.7280160567,203792.02687513354,2862.1852763159136,11.0,13.0,0.005594346294912739,0.00010106273605521374,0.0
273.0,273.0,3.850455025566266e11,620520.3482212542,205053.57563130575,3335.926287568203,13.0,13.0,0.07911593797794406,5.165499353492471e-5,0.0
274.0,274.0,3.880476396562383e11,622934.6993515759,205851.40818187574,3326.0566831671135,16.0,9.0,0.19063569534505626,0.0007679788106692052,0.0
275.0,275.0,3.880476411277829e11,622934.7005327147,205851.40857218805,3326.0566831671135,9.0,16.0,0.1906357467591541,0.0001980359040198534,0.0
276.0,276.0,3.995683793785112e11,632114.2138716003,208884.81761040803,3513.5791667878116,16.0,10.0,0.24079587333723285,0.0004500886239277725,0.0
277.0,277.0,4.0281554492030304e11,634677.5125371176,209731.87050445407,3513.5791667878116,16.0,10.0,0.15856360039497586,0.0001959074849614626,0.0
278.0,278.0,4.1552910743530725e11,644615.4725379365,213015.91145249116,3720.840859210688,11.0,16.0,0.20993926297404203,0.00020708888035939974,0.0
279.0,279.0,4.155291088448819e11,644615.4736312819,213015.91181379175,3720.840859210688,11.0,16.0,0.2099341891477184,0.0003211928809962324,0.0
280.0,280.0,4.1982390144410614e11,647938.1926110747,214113.91836519266,3602.405606397616,13.0,14.0,0.02109174353904514,4.8297629975703536e-5,0.0
281.0,281.0,4.198239016396098e11,647938.1927619406,214113.91841504697,3602.405606397616,13.0,14.0,0.021091735775179855,7.095295734252263e-5,0.0
282.0,282.0,4.281857754703052e11,654359.0569941744,216235.72017906135,3513.5791667878116,16.0,10.0,0.02926080474956909,0.0009255942986016318,0.0
283.0,283.0,4.32179718936536e11,657403.7716172124,217241.8590140255,3513.5791667878116,10.0,16.0,0.02727722914893816,0.0002657300805989069,0.0
284.0,284.0,4.4312637879571967e11,665677.3834191152,219975.9090548158,3720.840859210688,11.0,16.0,0.035262558199119366,0.0003055613267038145,0.0
285.0,285.0,4.431263801376878e11,665677.384427087,219975.90938790436,3720.840859210688,11.0,16.0,0.03526585497617522,0.00028564067685259387,0.0
286.0,286.0,4.4365695639327747e11,666075.78877578,220107.5637913107,3651.7536284030625,9.0,17.0,0.008725300362118969,0.0005525554778313481,0.0
287.0,287.0,4.491097125521431e11,670156.4836306093,221456.0466790059,3414.883122776918,15.0,11.0,0.019311623653760636,0.00020617187955471392,0.0
288.0,288.0,4.504299242813718e11,671140.7633882565,221781.30609121633,3513.5791667878116,10.0,16.0,0.012557172580699796,0.00035925091579298195,0.0
289.0,289.0,4.55175827508027e11,674667.1975930259,222946.63120100414,3513.5791667878116,16.0,10.0,0.021189920550189235,0.00032800900139367525,0.0
290.0,290.0,4.557362633992014e11,675082.4123017881,223083.84065905088,3720.840859210688,11.0,16.0,0.016868003963949905,0.00020099886662832713,0.0
291.0,291.0,4.557362637202316e11,675082.4125395592,223083.84073762334,3720.840859210688,11.0,16.0,0.00886792164658746,0.0002675775859347982,0.0
292.0,292.0,7.516045665207041e11,866951.3057379314,286487.7286448076,3641.884024001973,12.0,15.0,0.02954606647691339,1.4214201518124342e-6,0.0
293.0,293.0,7.516045820166057e11,866951.3146749394,286487.73159807967,3641.884024001973,12.0,15.0,0.029546058791191654,7.768054810650406e-6,0.0
294.0,294.0,1.5615054660449795e12,1.2496021230955794e6,412936.31093924376,3355.665496370382,12.0,14.0,0.014684504796493855,1.5044885822412475e-6,0.0
295.0,295.0,1.5825567737549412e12,1.2579971278802434e6,415710.4758050242,3355.665496370382,14.0,12.0,0.041254364577633,2.026675788088898e-6,0.0
296.0,296.0,1.583979363959552e12,1.2585624195722484e6,415897.27883743495,3414.883122776918,15.0,11.0,0.02956856457139289,4.0645249592526617e-7,1.0
297.0,297.0,1.603181691871685e12,1.2661681135898523e6,418410.6126192165,3414.883122776918,11.0,15.0,0.01787253713315963,1.3426308526964779e-6,0.0
298.0,298.0,2.733712207663601e12,1.6533941477045335e6,546371.0946571617,3602.405606397616,13.0,14.0,0.14302093999107005,2.580658855293419e-6,0.0
299.0,299.0,2.7337122089317e12,1.6533941480880172e6,546371.0947838856,3602.405606397616,13.0,14.0,0.14302093782986194,5.389944990303604e-7,1.0
300.0,300.0,2.7878069024499683e12,1.6696726932096507e6,551750.4089237602,3641.884024001973,12.0,15.0,0.13668614970647705,6.325995051617614e-7,1.0
301.0,301.0,2.787806902494976e12,1.6696726932231288e6,551750.4089282141,3641.884024001973,12.0,15.0,0.1366861614206723,1.8489122066384112e-7,1.0
302.0,302.0,4.0299933171639707e12,2.0074843255089119e6,663381.6927186834,3355.665496370382,14.0,12.0,0.11895034265522735,4.6179846750831974e-7,1.0
303.0,303.0,4.039738243138953e12,2.0099100087165479e6,664183.2700021687,3355.665496370382,12.0,14.0,0.14563102526155824,1.8394134178554848e-6,0.0
304.0,304.0,4.1218895071389375e12,2.030243706341418e6,670902.6264515381,3414.883122776918,11.0,15.0,0.13730229666922844,1.136600890426452e-7,1.0
305.0,305.0,4.1306624799294736e12,2.0324031292854953e6,671616.2169038941,3414.883122776918,15.0,11.0,0.13297560833187566,3.5433919513760545e-7,1.0
306.0,306.0,4.744156117926372e12,2.1781083806657493e6,719765.1339691024,3602.405606397616,13.0,14.0,0.1355643376837084,1.7723973133433637e-7,1.0
307.0,307.0,4.744156133753174e12,2.178108384298902e6,719765.135169693,3602.405606397616,13.0,14.0,0.13556433094998713,8.377446134967551e-7,1.0
308.0,308.0,5.317521927718374e12,2.305975266068215e6,762019.287490052,3128.6645951453265,11.0,14.0,0.12046846285876565,4.358393391087776e-7,1.0
309.0,309.0,5.317521936416199e12,2.305975267954147e6,762019.2881132662,3128.6645951453265,14.0,11.0,0.12046846451304348,1.5244033556948605e-6,0.0
310.0,310.0,5.446247094718949e12,2.3337195835658894e6,771187.5146443368,3839.27611202376,10.0,17.0,0.1456062717842724,7.883253524214898e-8,1.0
311.0,311.0,5.446247097133686e12,2.3337195840832475e6,771187.5148153,3839.27611202376,10.0,17.0,0.1456062490789261,1.664605399344398e-7,1.0
312.0,312.0,6.483576089980028e12,2.5462867257989678e6,841431.2265573575,2921.40290272245,10.0,14.0,0.09770401905604785,4.1939005849465316e-7,1.0
313.0,313.0,6.490654667659344e12,2.5476763270987435e6,841890.4261888243,2921.40290272245,14.0,10.0,0.11297637982886348,1.7096681603958613e-6,0.0
314.0,314.0,6.647166113432304e12,2.578209866056738e6,851980.3633809922,3651.7536284030625,9.0,17.0,0.14422580912890137,5.960900811138383e-8,1.0
315.0,315.0,6.653506030275091e12,2.579439092181688e6,852386.566357096,3651.7536284030625,17.0,9.0,0.14786877142320168,8.612063263450966e-8,1.0
316.0,316.0,7.502854609180097e12,2.739133915890221e6,905158.3968137658,2733.880419101752,9.0,14.0,0.09147868257789946,3.155632436963064e-7,1.0
317.0,317.0,7.502854615080959e12,2.7391339169673612e6,905158.3971697113,2733.880419101752,14.0,9.0,0.09147868269934577,1.0246824002737005e-6,0.0
318.0,318.0,7.696308742837922e12,2.7742221869990733e6,916753.4645246239,3483.9703535845433,8.0,17.0,0.23563543855619654,4.911041264485888e-8,1.0
319.0,319.0,7.696308742904543e12,2.774222187011081e6,916753.464528592,3483.9703535845433,17.0,8.0,0.23563544912270515,5.239332421483204e-8,1.0
320.0,320.0,8.354221308691677e12,2.8903669851234597e6,955134.0046868457,2566.097144283233,8.0,14.0,0.07190019786117556,3.4157089749064307e-7,1.0
321.0,321.0,8.359775589891046e12,2.8913276517702118e6,955451.4610466104,2566.097144283233,14.0,8.0,0.08121448811825335,1.0728979800926269e-6,0.0
322.0,322.0,8.573602801126742e12,2.9280715157124735e6,967593.6264171237,3335.926287568203,17.0,7.0,0.14526924209559086,3.5623707398555714e-8,1.0
323.0,323.0,8.578556819086149e12,2.9289173458952624e6,967873.1345812877,3335.926287568203,7.0,17.0,0.1481354627619993,7.868563991325455e-8,1.0
324.0,324.0,9.059386191178422e12,3.009881424770488e6,994628.0571533681,2418.0530782668925,7.0,14.0,0.06247449034038791,6.98117634791218e-7,1.0
325.0,325.0,9.059386191189584e12,3.009881424772342e6,994628.057153981,2418.0530782668925,14.0,7.0,0.06247449009809312,4.0477143126618174e-7,1.0
326.0,326.0,9.185218210973361e12,3.030712492298364e6,1.0015117715924717e6,2862.1852763159136,11.0,13.0,0.011408806896265635,2.4960362222241907e-7,1.0
327.0,327.0,9.21826387269584e12,3.036159395139827e6,1.0033117236922858e6,3355.665496370382,14.0,12.0,0.14794371710060486,1.0172388015886892e-7,1.0
328.0,328.0,9.2247445176482e12,3.0372264514929075e6,1.003664336980837e6,3335.926287568203,13.0,13.0,0.5002907482825528,2.9045149403988856e-7,1.0
329.0,329.0,9.257134099601828e12,3.042553877847002e6,1.0054248075696758e6,3355.665496370382,12.0,14.0,0.11228483037423631,1.7595120633751787e-7,1.0
330.0,330.0,9.299707182343836e12,3.049542126671451e6,1.0077341039738344e6,3483.9703535845433,17.0,8.0,0.151923566081668,3.0192028440186974e-8,1.0
331.0,331.0,9.299707184696432e12,3.0495421270571803e6,1.0077341041013004e6,3483.9703535845433,8.0,17.0,0.15192355385814424,5.5977687943562545e-8,1.0
332.0,332.0,9.624024537658494e12,3.102261197523267e6,1.0251553440880595e6,2289.748221052731,6.0,14.0,0.04646063894120806,3.995488452709414e-7,1.0
333.0,333.0,9.628632653636646e12,3.1030038114118786e6,1.0254007439909149e6,2289.748221052731,6.0,14.0,0.05135329607141123,5.222421143327047e-7,1.0
334.0,334.0,9.881813336557395e12,3.1435351654717326e6,1.0387945015026155e6,3335.926287568203,7.0,17.0,0.16731611015472933,3.221186157725227e-8,1.0
335.0,335.0,9.885902624976508e12,3.144185526487982e6,1.0390094160533074e6,3335.926287568203,17.0,7.0,0.16397023027786087,7.645129007762314e-8,1.0
336.0,336.0,1.0075028074930121e13,3.17411847210058e6,1.0489008846322752e6,2181.1825726407483,14.0,5.0,0.0353382811581053,5.932071730002651e-7,1.0
337.0,337.0,1.0075028074945125e13,3.174118472102944e6,1.0489008846330561e6,2181.1825726407483,5.0,14.0,0.035338280969889044,4.784100089465859e-7,1.0
338.0,338.0,1.0346275550195912e13,3.2165626917869817e6,1.062926756687117e6,3207.6214303540414,6.0,17.0,0.18105674878310862,2.8341926911791223e-8,1.0
339.0,339.0,1.0346275556075842e13,3.2165626927009895e6,1.0629267569891547e6,3207.6214303540414,17.0,6.0,0.1810567434657888,7.712796518913319e-8,1.0
340.0,340.0,1.0419227231648684e13,3.2278827784863384e6,1.0666675272530033e6,2092.356133030944,4.0,14.0,0.022520427099377946,5.427865349715854e-7,1.0
341.0,341.0,1.0423255995892617e13,3.2285067749491585e6,1.0668737295254176e6,2092.356133030944,14.0,4.0,0.02478499440569361,6.442789488809369e-7,1.0
342.0,342.0,1.0677657560375295e13,3.2676685205778284e6,1.0798148941337038e6,2023.2689022233185,14.0,3.0,0.013715452880245558,7.111400776847669e-7,1.0
343.0,343.0,1.0677657560478475e13,3.2676685205936166e6,1.0798148941389213e6,2023.2689022233185,3.0,14.0,0.013715452895799065,6.791508211284667e-7,1.0
344.0,344.0,1.0701319116769902e13,3.2712870734268953e6,1.081010660239423e6,3099.0557819420583,5.0,17.0,0.20092416117555523,2.2056264639079212e-8,1.0
345.0,345.0,1.0704875826798002e13,3.2718306537469206e6,1.0811902886570625e6,3099.0557819420583,17.0,5.0,0.1966932339170263,6.143916733660623e-8,1.0
346.0,346.0,1.0852233675734896e13,3.2942728599396404e6,1.088606410687651e6,1973.9208802178716,14.0,2.0,0.005974943060370542,8.772981954376577e-7,1.0
347.0,347.0,1.085595349738106e13,3.2948374007500065e6,1.088792965588046e6,1973.9208802178716,2.0,14.0,0.006552726030382995,1.290573409608911e-6,0.0
348.0,348.0,1.095727350378379e13,3.3101772616861155e6,1.0938620875655166e6,3602.405606397616,13.0,14.0,0.0018681895662879752,1.8902560298323236e-6,0.0
349.0,349.0,1.0957273503900764e13,3.310177261703784e6,1.0938620875713553e6,3602.405606397616,13.0,14.0,0.0018682195731574813,1.8192505520603889e-6,0.0
350.0,350.0,1.0967403287621053e13,3.311707005098889e6,1.0943675977514223e6,3010.229342332254,4.0,17.0,0.22171039738277318,5.120630640310445e-8,1.0
351.0,351.0,1.0967403296211062e13,3.3117070063958047e6,1.0943675981799937e6,3010.229342332254,17.0,4.0,0.22171038612791966,5.2818608728146704e-8,1.0
352.0,352.0,1.0990356048258367e13,3.3151705911247414e6,1.095512154414461e6,3829.4065076226707,8.0,18.0,0.0005694650628213361,2.4080062268120093e-5,0.0
353.0,353.0,1.0992168387968658e13,3.315443920196609e6,1.095602477163217e6,3355.665496370382,14.0,12.0,0.002011435167422652,5.7218302294499e-6,0.0
354.0,354.0,1.1147707820048092e13,3.3388183269007155e6,1.1033266487986464e6,2941.1421115246285,3.0,17.0,0.2594367631581657,3.5752030525226805e-8,1.0
355.0,355.0,1.1150921026292084e13,3.339299481372116e6,1.1034856483303693e6,2941.1421115246285,17.0,3.0,0.2527247059791919,6.79887081882888e-8,1.0
356.0,356.0,1.1255898355918998e13,3.354981126015316e6,1.108667714180563e6,2891.794089519182,2.0,17.0,0.3223702206064619,2.5716004318900538e-8,1.0
357.0,357.0,1.1255898364660123e13,3.3549811273180246e6,1.1086677146110486e6,2891.794089519182,17.0,2.0,0.32237020557000917,5.561721278143311e-8,1.0
358.0,358.0,1.1293559086577594e13,3.3605890981459776e6,1.110520892308773e6,2862.1852763159136,1.0,17.0,0.39620260497549914,2.166240387532483e-8,1.0
359.0,359.0,1.1294933986160682e13,3.360793654207393e6,1.1105884887251202e6,2862.1852763159136,17.0,1.0,0.38918792801315677,4.564916703443774e-8,1.0
360.0,360.0,1.4201220347677229e13,3.768450656128753e6,1.2453004705557425e6,3089.186177540969,13.0,12.0,0.11381781897324125,4.124864347336952e-7,1.0
361.0,361.0,1.420122036805529e13,3.7684506588325244e6,1.2453004714492152e6,3089.186177540969,12.0,13.0,0.11381782471120903,1.2634181012048253e-7,1.0
362.0,362.0,1.4271340046003783e13,3.777742718344353e6,1.2483710718466737e6,3128.6645951453265,14.0,11.0,0.129376488673873,1.5513501709169232e-7,1.0
363.0,363.0,1.427134005788053e13,3.77774271991629e6,1.248371072366127e6,3128.6645951453265,11.0,14.0,0.1293764905837013,5.688996132881048e-8,1.0
364.0,364.0,1.8371198488014812e13,4.286163609571479e6,1.416380907415522e6,3089.186177540969,12.0,13.0,0.12199921886552939,5.262475715005709e-8,1.0
365.0,365.0,1.837119851222117e13,4.286163612395259e6,1.4163809083486518e6,3089.186177540969,13.0,12.0,0.1219992194827413,3.642575628129601e-7,1.0
366.0,366.0,1.9121159497283688e13,4.372774805233364e6,1.4450019436330798e6,2862.1852763159136,11.0,13.0,0.09375330458462612,1.1704430886886884e-7,1.0
367.0,367.0,1.913157507675945e13,4.373965600774594e6,1.4453954470601229e6,2862.1852763159136,13.0,11.0,0.1145425137601872,3.5578133583372246e-7,1.0
368.0,368.0,1.922867693205783e13,4.385051531288752e6,1.4490588397234653e6,2921.40290272245,10.0,14.0,0.1349699346272374,3.414650402671008e-8,1.0
369.0,369.0,1.923890582823151e13,4.386217713273192e6,1.4494442094964818e6,2921.40290272245,14.0,10.0,0.1273232203198171,9.993931751860542e-8,1.0
370.0,370.0,2.3618257294824785e13,4.859861859644242e6,1.6059619225233414e6,2654.923583893037,13.0,10.0,0.09285750282757228,1.034835755850268e-7,1.0
371.0,371.0,2.3618257313079652e13,4.859861861522367e6,1.605961923143976e6,2654.923583893037,10.0,13.0,0.09285750303209203,5.31836855360861e-7,1.0
372.0,372.0,2.3760059191501793e13,4.874429114419635e6,1.6107757335246876e6,3997.18978244119,9.0,18.0,0.15121429159914898,2.6513285986378227e-8,1.0
373.0,373.0,2.3760059192218402e13,4.874429114493143e6,1.6107757335489786e6,3997.18978244119,9.0,18.0,0.15121428622793184,4.803754202122137e-8,1.0
374.0,374.0,2.7515382504397336e13,5.245510700055556e6,1.7334012142260051e6,2467.4011002723396,9.0,13.0,0.07424189499788408,9.027167251738804e-8,1.0
375.0,375.0,2.752195833886879e13,5.246137468544719e6,1.7336083325262577e6,2467.4011002723396,13.0,9.0,0.08623021965998978,3.925444115390804e-7,1.0
376.0,376.0,2.768735521801936e13,5.26187753734533e6,1.738809704886568e6,3829.4065076226707,18.0,8.0,0.149686822860958,1.9842427807318782e-8,1.0
377.0,377.0,2.7693749674258816e13,5.262485123423991e6,1.7390104842780745e6,3829.4065076226707,8.0,18.0,0.15316615668201225,3.0269604029142346e-8,1.0
378.0,378.0,2.857379000225495e13,5.345445725311871e6,1.7664251663306432e6,3355.665496370382,12.0,14.0,0.07110832218098492,8.800171034211623e-8,1.0
379.0,379.0,2.8610198384105227e13,5.348850192714807e6,1.7675501869944995e6,2862.1852763159136,13.0,11.0,0.14142299060994273,3.91906741291403e-8,1.0
380.0,380.0,2.8628952004405977e13,5.350602957088666e6,1.7681293954010077e6,2842.446067513735,12.0,12.0,0.4473874308981872,1.7085116529625265e-7,1.0
381.0,381.0,2.8667125984297504e13,5.354169028364486e6,1.7693078187487014e6,3335.926287568203,13.0,13.0,0.2772448278834725,1.0917391065627999e-7,1.0
382.0,382.0,3.0798982595313543e13,5.549683107647998e6,1.8339162738271994e6,2299.6178254538204,8.0,13.0,0.06852392821318806,1.2471636483699528e-7,1.0
383.0,383.0,3.0798982597939684e13,5.549683107884601e6,1.8339162739053855e6,2299.6178254538204,13.0,8.0,0.06852392786317728,3.853633137357243e-7,1.0
384.0,384.0,3.0996414972776598e13,5.567442408572952e6,1.8397849099900795e6,3681.3624416063303,18.0,7.0,0.15156648246805993,2.1911126142418188e-8,1.0
385.0,385.0,3.0996414974421188e13,5.56744240872065e6,1.8397849100388866e6,3681.3624416063303,7.0,18.0,0.15156648080208296,6.950741780706132e-8,1.0
386.0,386.0,3.349367412969609e13,5.787371953632848e6,1.9124615590810743e6,2151.57375943748,13.0,7.0,0.05283788537072301,9.559323531059667e-8,1.0
387.0,387.0,3.3498649376198273e13,5.7878017740933625e6,1.9126035950716112e6,2151.57375943748,7.0,13.0,0.05960521112104483,3.4277226351059405e-7,1.0
388.0,388.0,3.371231513140415e13,5.806230716342932e6,1.918693517044693e6,3829.4065076226707,8.0,18.0,0.1542839471813429,1.8088988852378933e-8,1.0
389.0,389.0,3.371709755178064e13,5.806642536938247e6,1.9188296049035846e6,3829.4065076226707,18.0,8.0,0.15168511097979617,9.127296429837362e-8,1.0
390.0,390.0,3.567311110763475e13,5.972697138448822e6,1.9737030508548429e6,2023.2689022233185,13.0,6.0,0.04378237753720649,1.572230708187766e-7,1.0
391.0,391.0,3.5673111107754875e13,5.972697138458879e6,1.973703050858166e6,2023.2689022233185,6.0,13.0,0.04378237745558988,1.0187957037885266e-7,1.0
392.0,392.0,3.5908769525995625e13,5.992392637836378e6,1.9802115119953025e6,3681.3624416063303,7.0,18.0,0.16578630751620074,5.156566714418565e-8,1.0
393.0,393.0,3.590876953220311e13,5.992392638354325e6,1.9802115121664603e6,3681.3624416063303,7.0,18.0,0.16578630665380306,1.493315401762914e-8,1.0
394.0,394.0,3.739436730517818e13,6.11509340118188e6,2.0207584986151753e6,1914.7032538113353,13.0,5.0,0.030467379275324096,1.0820375368507053e-7,1.0
395.0,395.0,3.739849208140703e13,6.115430653797574e6,2.0208699451695667e6,1914.7032538113353,13.0,5.0,0.03395799408956514,1.5967471844866866e-7,1.0
396.0,396.0,3.7643736445229875e13,6.135449164097921e6,2.0274851466334106e6,3553.057584392169,18.0,6.0,0.1806756958571225,1.4059004609050192e-8,1.0
397.0,397.0,3.7647667521438086e13,6.135769513389342e6,2.0275910074127472e6,3553.057584392169,6.0,18.0,0.17860198621921536,5.367158805953492e-8,1.0
398.0,398.0,3.868522318565743e13,6.219744623829617e6,2.0553409381107045e6,2615.44516628868,11.0,12.0,0.1001533180551796,1.2208009336322076e-7,1.0
399.0,399.0,3.8685223187183e13,6.2197446239522565e6,2.0553409381512313e6,2615.44516628868,12.0,11.0,0.10015332740834258,4.0625472686562575e-8,1.0
400.0,400.0,3.872544218011653e13,6.222976954811622e6,2.056409075565639e6,1825.8768142015313,4.0,13.0,0.0185724789955688,1.4995379352062804e-7,1.0
401.0,401.0,3.872544218075522e13,6.222976954862939e6,2.0564090755825967e6,1825.8768142015313,4.0,13.0,0.018572477131920007,1.3683423507887052e-7,1.0
402.0,402.0,3.876071000396381e13,6.225809987781816e6,2.0573452633024068e6,2654.923583893037,13.0,10.0,0.12584318362176142,4.7265503830717734e-8,1.0
403.0,403.0,3.876071000429795e13,6.225809987808651e6,2.0573452633112746e6,2654.923583893037,10.0,13.0,0.12584318406176817,2.3082858139608133e-8,1.0
404.0,404.0,3.898585989203487e13,6.24386578107144e6,2.0633118766221958e6,3444.491935980186,18.0,5.0,0.1959161332566221,4.2098897835137576e-8,1.0
405.0,405.0,3.8985859895925016e13,6.2438657813829575e6,2.0633118767251382e6,3444.491935980186,5.0,18.0,0.19591612191001886,1.3001788485071595e-8,1.0
406.0,406.0,3.970882009315199e13,6.301493481163968e6,2.0823551940464426e6,1756.7895833939058,3.0,13.0,0.011994368829552085,1.8587176001434055e-7,1.0
407.0,407.0,3.97124825169491e13,6.301784074129255e6,2.082451221721854e6,1756.7895833939058,13.0,3.0,0.013280785931402622,1.8055334155407541e-7,1.0
408.0,408.0,3.997654082033644e13,6.322700437339763e6,2.089363122480326e6,3355.665496370382,18.0,4.0,0.21722182486930955,1.3707129777164452e-8,1.0
409.0,409.0,3.9980007440694805e13,6.322974572200556e6,2.0894537115054436e6,3355.665496370382,4.0,18.0,0.21511305360872726,3.400529117072113e-8,1.0
410.0,410.0,4.038815498034317e13,6.355167580822961e6,2.1000920274724807e6,1707.441561388459,2.0,13.0,0.00578836471620722,2.773529241270017e-7,1.0
411.0,411.0,4.0388154980492695e13,6.355167580834725e6,2.100092027476368e6,1707.441561388459,13.0,2.0,0.0057883647078292915,3.435661000862025e-7,1.0
412.0,412.0,4.0661178488966414e13,6.37661183458476e6,2.107178371898101e6,3286.5782655627563,18.0,3.0,0.24757303312507556,3.4945296578744275e-8,1.0
413.0,413.0,4.066117849895898e13,6.3766118353682915e6,2.107178372157023e6,3286.5782655627563,3.0,18.0,0.2475730291397866,1.1959666369529527e-8,1.0
414.0,414.0,4.078271172205207e13,6.386134333229459e6,2.1103251218824284e6,1677.832748185191,1.0,13.0,0.001397708883192489,5.091086155733595e-7,1.0
415.0,415.0,4.078616766433361e13,6.386404909206243e6,2.1104145348592605e6,3335.926287568203,13.0,13.0,0.006244565184130853,5.285670568093394e-7,1.0
416.0,416.0,4.091485876573501e13,6.396472368871377e6,2.1137413695195215e6,3602.405606397616,13.0,14.0,0.0008744246532012037,1.538854222238747e-6,0.0
417.0,417.0,4.0914858765737734e13,6.39647236887159e6,2.1137413695195923e6,3602.405606397616,13.0,14.0,0.000874422553538091,2.2414108613565697e-6,0.0
418.0,418.0,4.1059071948550945e13,6.407735321355818e6,2.117463259842249e6,3237.230243557309,18.0,2.0,0.31445171675057393,1.1654140411613673e-8,1.0
419.0,419.0,4.106226654943095e13,6.407984593413982e6,2.117545632848997e6,3237.230243557309,2.0,18.0,0.3122566298616222,4.706244751204694e-8,1.0
420.0,420.0,4.119527654249272e13,6.418354660073929e6,2.12097246527158e6,3207.6214303540414,18.0,1.0,0.3877475580981444,3.6878160541791905e-8,1.0
421.0,421.0,4.119527654605406e13,6.418354660351363e6,2.1209724653632594e6,3207.6214303540414,1.0,18.0,0.38774755202419064,9.872235382019269e-9,1.0
422.0,422.0,4.4731611184749445e13,6.688169494319761e6,2.210133919330374e6,2615.44516628868,12.0,11.0,0.11425266615407245,1.1909454689232285e-7,1.0
423.0,423.0,4.473161119869159e13,6.68816949536206e6,2.2101339196748063e6,2615.44516628868,11.0,12.0,0.11425266591892576,2.682019545131147e-8,1.0
424.0,424.0,4.787773117109435e13,6.919373611180014e6,2.286536298396223e6,2408.1834738658035,10.0,12.0,0.08259397986201003,4.195586017114614e-8,1.0
425.0,425.0,4.78882355169732e13,6.92013262278789e6,2.2867871169948187e6,2408.1834738658035,12.0,10.0,0.1004482233706678,2.3966677625149497e-7,1.0
426.0,426.0,4.798611390260161e13,6.927201015027759e6,2.2891228971298365e6,2467.4011002723396,9.0,13.0,0.13283310569281614,1.6389113993578946e-8,1.0
427.0,427.0,4.7997391659091195e13,6.9280149869274385e6,2.2893918775894963e6,2467.4011002723396,13.0,9.0,0.1237567463844435,3.864470544288292e-8,1.0
428.0,428.0,5.586953222772201e13,7.4745924455934055e6,2.4700107123790463e6,2220.6609902451055,9.0,12.0,0.08038637872376374,3.0018845339049033e-7,1.0
429.0,429.0,5.58695322642784e13,7.474592448038782e6,2.470010713187131e6,2220.6609902451055,12.0,9.0,0.08038637837736283,4.387620770831516e-8,1.0
430.0,430.0,5.600828441515769e13,7.483868278848692e6,2.4730759507413474e6,4194.581870462977,8.0,19.0,0.15460160861158714,3.1186510567940696e-8,1.0
431.0,431.0,5.600828441647255e13,7.483868278936539e6,2.4730759507703767e6,4194.581870462977,8.0,19.0,0.154601594214403,1.6592607271536408e-8,1.0
432.0,432.0,6.056299893028222e13,7.782223263970408e6,2.571668618462888e6,2862.1852763159136,11.0,13.0,0.07833980110434592,3.039005904287105e-8,1.0
433.0,433.0,6.059803681114522e13,7.78447408699812e6,2.5724124124597628e6,2408.1834738658035,12.0,10.0,0.1367410462159917,2.5086491093801684e-8,1.0
434.0,434.0,6.0626731712071305e13,7.786316954251946e6,2.5730213957443465e6,2388.4442650636247,11.0,11.0,0.41721256689146663,7.873394975938302e-8,1.0
435.0,435.0,6.066601209766978e13,7.788838944134728e6,2.5738547979762848e6,2842.446067513735,12.0,12.0,0.3034206905820398,4.646374089632088e-8,1.0
436.0,436.0,6.2583100417346445e13,7.910948136433865e6,2.614206297439862e6,2052.8777154265863,8.0,12.0,0.0643702679414557,5.504876345403142e-8,1.0
437.0,437.0,6.258903335030614e13,7.9113231099675195e6,2.61433020903126e6,2052.8777154265863,12.0,8.0,0.07398514064283837,1.8041663311735664e-7,1.0
438.0,438.0,6.2747026579240016e13,7.92130207599988e6,2.617627800595992e6,4046.537804446637,19.0,7.0,0.15233068367009286,1.7090031340299523e-8,1.0
439.0,439.0,6.2753382025430805e13,7.921703227553453e6,2.617760362824879e6,4046.537804446637,7.0,19.0,0.15604191449449228,5.0892523688875764e-8,1.0
440.0,440.0,6.810861285980728e13,8.252794245575693e6,2.727170791184695e6,1904.8336494102462,7.0,12.0,0.056627034655500015,1.090056231666068e-7,1.0
441.0,441.0,6.810861286259178e13,8.252794245744394e6,2.727170791240443e6,1904.8336494102462,12.0,7.0,0.056627034906096926,4.5859725368334425e-8,1.0
442.0,442.0,6.8293710096983195e13,8.264000852915202e6,2.73087406201578e6,4194.581870462977,8.0,19.0,0.15529147601676072,4.562687168133458e-8,1.0
443.0,443.0,6.82937101056151e13,8.264000853437462e6,2.7308740621883627e6,4194.581870462977,8.0,19.0,0.15529147666064322,1.1681766199141138e-8,1.0
444.0,444.0,7.256392904628064e13,8.51844639862696e6,2.814956669622793e6,1776.5287921960844,6.0,12.0,0.0420468554002306,7.39436214957155e-8,1.0
445.0,445.0,7.256828651090155e13,8.518702161180513e6,2.8150411874412154e6,1776.5287921960844,12.0,6.0,0.0473816620450531,8.943462916929981e-8,1.0
446.0,446.0,7.276590999899762e13,8.53029366428833e6,2.818871648708139e6,4046.537804446637,7.0,19.0,0.1688794221376634,1.658596155661991e-8,1.0
447.0,447.0,7.277051955067139e13,8.530563847171616e6,2.8189609317855607e6,4046.537804446637,19.0,7.0,0.16613325536591034,4.538812596173605e-8,1.0
448.0,448.0,7.506281176368912e13,8.663879717752846e6,2.8630157255235002e6,2181.1825726407483,10.0,11.0,0.09338948706500923,5.260894507077841e-8,1.0
449.0,449.0,7.506281176580262e13,8.663879717874818e6,2.863015725563806e6,2181.1825726407483,11.0,10.0,0.09338948661003914,2.7669572898050795e-8,1.0
450.0,450.0,7.513409800719522e13,8.6679927322994e6,2.86437488859013e6,2220.6609902451055,9.0,12.0,0.12144058797896831,2.6726454469501885e-8,1.0
451.0,451.0,7.513409801048366e13,8.667992732489089e6,2.864374888652813e6,2220.6609902451055,12.0,9.0,0.12144058769104983,1.6598659427892784e-8,1.0
452.0,452.0,7.609473034446023e13,8.723229352966724e6,2.882628063697268e6,1667.9631437841015,12.0,5.0,0.033243774661423385,9.026698832460548e-8,1.0
453.0,453.0,7.609473034581061e13,8.723229353044124e6,2.882628063722845e6,1667.9631437841015,5.0,12.0,0.03324377453481496,4.740837359142391e-8,1.0
454.0,454.0,7.63103547939007e13,8.735579820132188e6,2.886709327849612e6,3918.232947232475,6.0,19.0,0.18070764016199045,4.805977851763064e-8,1.0
455.0,455.0,7.631035482224469e13,8.735579821754517e6,2.8867093283857172e6,3918.232947232475,19.0,6.0,0.18070763921003064,9.106729385881966e-9,1.0
456.0,456.0,7.88150410130225e13,8.877783564213676e6,2.933701157006633e6,1579.1367041742974,12.0,4.0,0.021139030827466238,8.722685724710997e-8,1.0
457.0,457.0,7.881866003023253e13,8.877987386239775e6,2.9337685108579025e6,1579.1367041742974,4.0,12.0,0.023558425772973634,6.169561548379324e-8,1.0
458.0,458.0,7.90410186113079e13,8.890501595034327e6,2.9379038841246706e6,3809.6672988204923,5.0,19.0,0.19720457988332393,1.0229387487166723e-8,1.0
459.0,459.0,7.904480422333805e13,8.890714494535185e6,2.9379742376658977e6,3809.6672988204923,5.0,19.0,0.19521020475324213,3.729716743504369e-8,1.0
460.0,460.0,8.083320192975256e13,8.99072866511678e6,2.971024343678284e6,1510.0494733666717,12.0,3.0,0.016255072913911973,8.135394527958779e-8,1.0
461.0,461.0,8.083320192993427e13,8.990728665126886e6,2.9710243436816237e6,1510.0494733666717,3.0,12.0,0.01625507291595139,6.832473415266785e-8,1.0
462.0,462.0,8.106702316367298e13,9.00372273916034e6,2.975318290447778e6,3720.840859210688,19.0,4.0,0.21616581452221348,2.8178250557952626e-8,1.0
463.0,463.0,8.106702319387983e13,9.003722740837805e6,2.9753182910021036e6,3720.840859210688,4.0,19.0,0.21616580988504727,8.779541617835052e-9,1.0
464.0,464.0,8.21925802720314e13,9.066012368843945e6,2.995902162238585e6,2181.1825726407483,11.0,10.0,0.10946952115858756,2.574841726942707e-8,1.0
465.0,465.0,8.219258027444522e13,9.06601236897707e6,2.995902162282577e6,2181.1825726407483,10.0,11.0,0.10946952126346497,1.6867875079284566e-8,1.0
466.0,466.0,8.221875987314755e13,9.06745608608873e6,2.9963792447131444e6,1460.701451361225,2.0,12.0,0.005728578624978822,1.7399362339834284e-7,1.0
467.0,467.0,8.222202589403553e13,9.067636180065647e6,2.996438757530125e6,1460.701451361225,12.0,2.0,0.006349390982563583,1.4170272645295036e-7,1.0
468.0,468.0,8.245786178091016e13,9.080631133402025e6,3.0007329948656526e6,3651.7536284030625,3.0,19.0,0.24714735290139642,8.661117079430602e-9,1.0
469.0,469.0,8.246124866380164e13,9.08081762088644e6,3.0007946204442484e6,3651.7536284030625,19.0,3.0,0.24537703767645205,2.632713031543529e-8,1.0
470.0,470.0,8.303183983210123e13,9.112180849396111e6,3.011158732060709e6,3641.884024001973,12.0,15.0,0.0016889349019779075,2.1648584129158239e-7,1.0
471.0,471.0,8.303183983212047e13,9.112180849397166e6,3.0111587320610574e6,3641.884024001973,12.0,15.0,0.0016889334204935734,3.0163806891051036e-7,1.0
472.0,472.0,8.32741562722973e13,9.125467455001814e6,3.015549347123151e6,3602.405606397616,19.0,2.0,0.3675738658133412,2.6782849051437906e-8,1.0
473.0,473.0,8.327415630504956e13,9.125467456796367e6,3.015549347716169e6,3602.405606397616,2.0,19.0,0.36757385838000695,9.822766733236865e-9,1.0
474.0,474.0,8.329808570655148e13,9.126778495534526e6,3.015982586016607e6,3355.665496370382,14.0,12.0,0.002222705986581225,1.0262543247502386e-6,0.0
475.0,475.0,8.329966560799178e13,9.126865048196549e6,3.0160111877101357e6,2842.446067513735,12.0,12.0,0.0029640449162900333,6.927792400939944e-7,1.0
476.0,476.0,8.354418724720167e13,9.140250940056387e6,3.02043461233552e6,3572.7967931943476,19.0,1.0,0.38024488219124125,7.444416750584704e-9,1.0
477.0,477.0,8.354579840551212e13,9.140339074974852e6,3.0204637368923873e6,3572.7967931943476,1.0,19.0,0.378954979816624,1.9391497020182225e-8,1.0
478.0,478.0,8.762137638996925e13,9.360629059522081e6,3.093259494737653e6,1993.6600890200502,9.0,11.0,0.07541863189640713,2.7612459405843356e-8,1.0
479.0,479.0,8.763130577611328e13,9.361159424778176e6,3.09343475618148e6,1993.6600890200502,11.0,9.0,0.09137435668794637,1.6322808130267723e-7,1.0
480.0,480.0,8.77217363858825e13,9.36598827598468e6,3.0950304705024096e6,2052.8777154265863,12.0,8.0,0.13128246552588768,1.257906063701212e-8,1.0
481.0,481.0,8.773322447019216e13,9.366601543259548e6,3.0952331272692503e6,2052.8777154265863,8.0,12.0,0.12140422141096034,2.7055850876218648e-8,1.0
482.0,482.0,9.81918578839782e13,9.909180484983519e6,3.2745306352102463e6,1825.8768142015313,11.0,8.0,0.07192559979374294,7.731832167232531e-8,1.0
483.0,483.0,9.819185789302362e13,9.909180485439936e6,3.274530635361071e6,1825.8768142015313,8.0,11.0,0.0719255993780277,2.5900344447176838e-8,1.0
484.0,484.0,9.831826098190898e13,9.91555651397888e6,3.276637620980456e6,1904.8336494102462,7.0,12.0,0.13079938121152404,3.2703459668188726e-8,1.0
485.0,485.0,9.83182609915088e13,9.915556514462957e6,3.2766376211404214e6,1904.8336494102462,12.0,7.0,0.13079938100596367,1.0309106739860624e-8,1.0
486.0,486.0,1.0182362633895203e14,1.009076936308387e7,3.3345374486146593e6,2408.1834738658035,12.0,10.0,0.08281624525101756,2.6487505725990076e-8,1.0
487.0,487.0,1.0185472743479158e14,1.0092310312054003e7,3.3350466617244263e6,1993.6600890200502,9.0,11.0,0.13358257505965343,3.258311644046511e-8,1.0
488.0,488.0,1.0188846023892628e14,1.0093981386892205e7,3.3355988754780977e6,1973.9208802178716,10.0,10.0,0.39566992202375517,7.533544801699874e-8,1.0
489.0,489.0,1.019255738169207e14,1.0095819620858958e7,3.3362063276733565e6,2388.4442650636247,11.0,11.0,0.32187342908832023,2.754339078996025e-8,1.0
490.0,490.0,1.0687675892424234e14,1.0338121634235222e7,3.4162760536185103e6,1677.832748185191,11.0,7.0,0.055991675275044166,2.651712987015674e-8,1.0
491.0,491.0,1.0688193922468356e14,1.0338372174800226e7,3.4163588458087137e6,1677.832748185191,7.0,11.0,0.06428352681594836,5.426246102018462e-8,1.0
492.0,492.0,1.0702358384492727e14,1.0345220338152653e7,3.418621850375683e6,1776.5287921960844,6.0,12.0,0.13675970544145716,8.787974643314162e-9,1.0
493.0,493.0,1.0702965401362023e14,1.0345513714341123e7,3.4187187977789766e6,1776.5287921960844,12.0,6.0,0.13222044007966569,3.4679056723766685e-8,1.0
494.0,494.0,1.138912510989297e14,1.0671984403049402e7,3.526602418759892e6,1549.5278909710291,11.0,6.0,0.04759519473897948,6.352400953517913e-8,1.0
495.0,495.0,1.138912510999348e14,1.0671984403096491e7,3.526602418775453e6,1549.5278909710291,6.0,11.0,0.04759519492284062,2.99652303304688e-8,1.0
496.0,496.0,1.1405539997325781e14,1.067967227836406e7,3.5291429096991457e6,1904.8336494102462,12.0,7.0,0.1416586275037939,5.230149248446355e-8,1.0
497.0,497.0,1.1405539998851116e14,1.0679672279078191e7,3.529142909935133e6,1904.8336494102462,7.0,12.0,0.14165862767116505,7.303831349804037e-9,1.0
498.0,498.0,1.1893095053737408e14,1.0905546778468931e7,3.603784094348779e6,1786.3983965971738,10.0,9.0,0.08765869150722017,4.023572669990395e-8,1.0
499.0,499.0,1.1893095053999194e14,1.0905546778588954e7,3.603784094388441e6,1786.3983965971738,9.0,10.0,0.08765869115731996,1.9523622746753347e-8,1.0
500.0,500.0,1.1899480357144703e14,1.090847393412328e7,3.6047513853249317e6,1825.8768142015313,11.0,8.0,0.1194104464612109,1.647169865406695e-8,1.0
501.0,501.0,1.1899480357173397e14,1.0908473934136432e7,3.604751385329278e6,1825.8768142015313,8.0,11.0,0.11941044635568568,1.1568735886707774e-8,1.0
502.0,502.0,1.194400999718868e14,1.092886544760648e7,3.6114898472694117e6,1440.9622425590462,11.0,5.0,0.03354073970371407,2.6765316148741378e-8,1.0
503.0,503.0,1.1944383462881316e14,1.0929036308330812e7,3.6115463089189925e6,1440.9622425590462,5.0,11.0,0.037737899173135164,4.834915997548881e-8,1.0
504.0,504.0,1.196173739451826e14,1.093697279621663e7,3.614168954934722e6,1776.5287921960844,12.0,6.0,0.15706578003644042,2.0543064517267326e-8,1.0
505.0,505.0,1.1962170761956973e14,1.0937170914801037e7,3.6142344240595433e6,1776.5287921960844,6.0,12.0,0.16052495371116512,5.384689349165013e-8,1.0
506.0,506.0,1.2372415052343334e14,1.1123135822394392e7,3.6756873149329396e6,1352.1358029492421,11.0,4.0,0.02431941252646779,4.6439502667931044e-8,1.0
507.0,507.0,1.2372415052368572e14,1.1123135822405735e7,3.675687314936688e6,1352.1358029492421,4.0,11.0,0.02431941255404499,3.456289259049829e-8,1.0
508.0,508.0,1.2391210327495333e14,1.1131581346554196e7,3.678478174140075e6,1667.9631437841015,5.0,12.0,0.17840949981819954,2.1310147392707868e-8,1.0
509.0,509.0,1.2391210329796708e14,1.113158134758791e7,3.6784781744816704e6,1667.9631437841015,12.0,5.0,0.17840949955372276,8.928233926403748e-9,1.0
510.0,510.0,1.2629266284303236e14,1.1238000838362327e7,3.7136449456644524e6,1786.3983965971738,9.0,10.0,0.10536575040978201,2.0248871753362697e-8,1.0
511.0,511.0,1.2629266284362619e14,1.1238000838388747e7,3.713644945673183e6,1786.3983965971738,10.0,9.0,0.10536575035465522,1.1735163518506134e-8,1.0
512.0,512.0,1.268944312360866e14,1.1264742839323346e7,3.722481953076557e6,1283.0485721416164,11.0,3.0,0.013625976848633918,4.7893213229886074e-8,1.0
513.0,513.0,1.2689755748433223e14,1.1264881600990409e7,3.7225278074567933e6,1283.0485721416164,3.0,11.0,0.015178598863842643,7.096500771403075e-8,1.0
514.0,514.0,1.2708984174286653e14,1.1273413047647396e7,3.725347060116819e6,1579.1367041742974,12.0,4.0,0.20139764839165356,6.666624157673672e-9,1.0
515.0,515.0,1.270934285571583e14,1.1273572129416581e7,3.7253996293608136e6,1579.1367041742974,12.0,4.0,0.2034475078045254,4.218459193633225e-8,1.0
516.0,516.0,1.2907816316187752e14,1.1361257111863876e7,3.7543755029667746e6,1233.7005501361698,2.0,11.0,0.011798712111255289,6.906130938363345e-8,1.0
517.0,517.0,1.2907816316189998e14,1.1361257111864865e7,3.7543755029671015e6,1233.7005501361698,11.0,2.0,0.011798712110098215,7.528621705667062e-8,1.0
518.0,518.0,1.292791121311547e14,1.1370097278878255e7,3.757296773575664e6,1510.0494733666717,12.0,3.0,0.23683846310398476,2.504202785675605e-8,1.0
519.0,519.0,1.292791121522474e14,1.1370097279805807e7,3.7572967738821777e6,1510.0494733666717,3.0,12.0,0.23683845946867313,6.595725101137399e-9,1.0
520.0,520.0,1.3035317137256311e14,1.1417231335685683e7,3.772872422158466e6,2862.1852763159136,11.0,13.0,0.004288081302343791,1.3546003283532675e-7,1.0
521.0,521.0,1.3035605528132545e14,1.1417357631314062e7,3.7729141570834527e6,2388.4442650636247,11.0,11.0,0.00521355088019873,1.3821335947076508e-7,1.0
522.0,522.0,1.3055703062003075e14,1.1426155548566226e7,3.775821466079581e6,1460.701451361225,12.0,2.0,0.305635937435767,6.807388652426632e-9,1.0
523.0,523.0,1.3056030279793469e14,1.1426298735720797e7,3.775868782880897e6,1460.701451361225,2.0,12.0,0.3065568927711325,2.2850159307680953e-8,1.0
524.0,524.0,1.3077468890165736e14,1.1435676145364443e7,3.778967587590688e6,3128.6645951453265,14.0,11.0,0.0008444854816748959,4.020788194647841e-7,1.0
525.0,525.0,1.3077468890166162e14,1.143567614536463e7,3.7789675875907494e6,3128.6645951453265,11.0,14.0,0.0008444854481538916,6.930380256917132e-7,1.0
526.0,526.0,1.3098211321218052e14,1.1444741727631101e7,3.781963347623839e6,1431.0926381579568,1.0,12.0,0.3770822932722142,2.3516787662201696e-8,1.0
527.0,527.0,1.309821132249795e14,1.1444741728190266e7,3.781963347808617e6,1431.0926381579568,12.0,1.0,0.3770822891521833,6.644744181563836e-9,1.0
528.0,528.0,1.3328628267864464e14,1.1544967850914296e7,3.81508349430363e6,1618.6151217786546,8.0,10.0,0.06972293361618631,1.965600028761814e-8,1.0
529.0,529.0,1.332951531320844e14,1.1545352014212664e7,3.815210442691677e6,1618.6151217786546,10.0,8.0,0.08423818010081424,5.571680041243744e-8,1.0
530.0,530.0,1.3337428600200288e14,1.1548778550219191e7,3.8163427560190023e6,1677.832748185191,11.0,7.0,0.13014043975233033,1.6063151725092352e-8,1.0
531.0,531.0,1.3338518885121017e14,1.1549250575306183e7,3.816498738707004e6,1677.832748185191,7.0,11.0,0.11979658389996374,4.3192522311112947e-8,1.0
532.0,532.0,1.4509794315626728e14,1.2045660760467533e7,3.980539585617054e6,1470.5710557623142,10.0,7.0,0.06484497144656619,4.256230938676056e-8,1.0
533.0,533.0,1.4509794315864622e14,1.2045660760566281e7,3.9805395856496855e6,1470.5710557623142,7.0,10.0,0.06484497100365773,2.060754768750097e-8,1.0
534.0,534.0,1.4520775002450597e14,1.2050217841371415e7,3.982045492291123e6,1549.5278909710291,6.0,11.0,0.12967685674052704,4.9986705055709176e-8,1.0
535.0,535.0,1.452077500468196e14,1.2050217842297275e7,3.982045492597077e6,1549.5278909710291,11.0,6.0,0.12967685633479806,8.031910538720468e-9,1.0
536.0,536.0,1.4745208389972762e14,1.214298496662693e7,4.012700781499943e6,1993.6600890200502,11.0,9.0,0.0853168364304388,1.771699508194583e-8,1.0
537.0,537.0,1.4747839348453697e14,1.2144068242748678e7,4.0130587546797064e6,1618.6151217786546,10.0,8.0,0.13112700583298048,1.4491574487132277e-8,1.0
538.0,538.0,1.4751230278808366e14,1.2145464288699862e7,4.01352008397351e6,1598.875912976476,9.0,9.0,0.37871429643880355,2.343814999842245e-8,1.0
539.0,539.0,1.4754548215995516e14,1.2146830128060373e7,4.013971431371567e6,1973.9208802178716,10.0,10.0,0.3373424832757283,2.0507785250446425e-8,1.0
540.0,540.0,1.5462575188538194e14,1.24348603484471e7,4.1091522368833823e6,1342.2661985481527,10.0,6.0,0.04877070347354438,2.0028280590392816e-8,1.0
541.0,541.0,1.546301475092706e14,1.243503709320043e7,4.1092106429352523e6,1342.2661985481527,6.0,10.0,0.05590671520390177,2.6522472939586913e-8,1.0
542.0,542.0,1.5475179954855662e14,1.2439927634377807e7,4.110826742968181e6,1440.9622425590462,11.0,5.0,0.13528591740837756,6.979818547908517e-9,1.0
543.0,543.0,1.547573586289658e14,1.2440151069378773e7,4.1109005780100143e6,1677.832748185191,7.0,11.0,0.1382437099405328,3.721428918950072e-8,1.0
544.0,544.0,1.6217192482450397e14,1.2734674115363296e7,4.208226965223695e6,1233.7005501361698,10.0,5.0,0.03933075239884385,2.6382073348084508e-8,1.0
545.0,545.0,1.6217192482501662e14,1.2734674115383426e7,4.208226965230348e6,1233.7005501361698,5.0,10.0,0.03933075259716491,2.0411801340872962e-8,1.0
546.0,546.0,1.6231187433904522e14,1.2740167751605362e7,4.2100423605735535e6,1549.5278909710291,6.0,11.0,0.15278502358634824,3.400890590897904e-8,1.0
547.0,547.0,1.6231187437055228e14,1.2740167752841886e7,4.2100423609821685e6,1549.5278909710291,11.0,6.0,0.15278502267926436,6.38056625566052e-9,1.0
548.0,548.0,1.653021905735382e14,1.2856989949966446e7,4.248646750511317e6,1431.0926381579568,8.0,9.0,0.08277898273930609,1.502784122354808e-8,1.0
549.0,549.0,1.6530219057392225e14,1.2856989949981382e7,4.248646750516253e6,1431.0926381579568,9.0,8.0,0.0827789826220654,1.757926744829307e-8,1.0
550.0,550.0,1.6535700486571094e14,1.2859121465547752e7,4.249351118857518e6,1470.5710557623142,10.0,7.0,0.11787777956500445,7.763354339274367e-9,1.0
551.0,551.0,1.6535700486714297e14,1.2859121465603432e7,4.249351118875917e6,1470.5710557623142,7.0,10.0,0.11787777956778164,2.154861658200842e-8,1.0
552.0,552.0,1.679903137380233e14,1.296110773576176e7,4.2830529135410115e6,1144.8741105263655,4.0,10.0,0.02563136626150809,2.4354551236544904e-8,1.0
553.0,553.0,1.6799346545737766e14,1.2961229318910211e7,4.283093091207059e6,1144.8741105263655,10.0,4.0,0.028813453570878982,2.7181169141129134e-8,1.0
554.0,554.0,1.6814018611453938e14,1.2966888065937e7,4.284963048114616e6,1440.9622425590462,11.0,5.0,0.17135134279781958,8.750370527553942e-9,1.0
555.0,555.0,1.6814415020606694e14,1.2967040919425948e7,4.285013559197043e6,1440.9622425590462,5.0,11.0,0.17534250912299382,3.413623235149515e-8,1.0
556.0,556.0,1.7227491432954462e14,1.312535387445019e7,4.3373287452977635e6,1431.0926381579568,9.0,8.0,0.10793131888662237,9.603392548326156e-9,1.0
557.0,557.0,1.72274914329718e14,1.3125353874456795e7,4.3373287452999465e6,1431.0926381579568,8.0,9.0,0.1079313189130147,1.4158549274841565e-8,1.0
558.0,558.0,1.7230279500111303e14,1.312641592366755e7,4.337679703957122e6,1075.78687971874,3.0,10.0,0.017058363513999832,4.247108645440103e-8,1.0
559.0,559.0,1.7230279500133738e14,1.3126415923676096e7,4.337679703959946e6,1075.78687971874,10.0,3.0,0.01705836354041265,4.261421065238712e-8,1.0
560.0,560.0,1.7246072849177012e14,1.3132430410695886e7,4.339667216653979e6,1352.1358029492421,4.0,11.0,0.19845035307088663,3.563950766738787e-8,1.0
561.0,561.0,1.7246072849987153e14,1.3132430411004337e7,4.339667216755908e6,1352.1358029492421,11.0,4.0,0.19845035207510145,6.450384556430163e-9,1.0
562.0,562.0,1.7526724499769572e14,1.3238853613424983e7,4.374835214467897e6,1026.4388577132931,10.0,2.0,0.007175626477293555,5.974789479111871e-8,1.0
563.0,563.0,1.7526992903974666e14,1.3238954982918654e7,4.374868712446162e6,1026.4388577132931,2.0,10.0,0.007996281123448409,5.140087132159781e-8,1.0
564.0,564.0,1.7543011003906512e14,1.3245003210232345e7,4.376867374763132e6,1283.0485721416164,11.0,3.0,0.2327367390829403,8.48616900941872e-9,1.0
565.0,565.0,1.7543345213911822e14,1.3245129374193301e7,4.376909066178062e6,1283.0485721416164,3.0,11.0,0.23502427367270243,2.646507572009321e-8,1.0
566.0,566.0,1.770034364181434e14,1.3304263843525631e7,4.396450301875509e6,996.8300445100251,1.0,10.0,0.0038796002350515277,7.8979136306039e-8,1.0
567.0,567.0,1.770034364182231e14,1.3304263843528626e7,4.396450301876499e6,996.8300445100251,10.0,1.0,0.0038796002396363936,9.08450317348365e-8,1.0
568.0,568.0,1.7716972475554834e14,1.331051181418462e7,4.3985149702264145e6,1233.7005501361698,2.0,11.0,0.3042265864387935,2.1861742267591623e-8,1.0
569.0,569.0,1.7716972477394922e14,1.3310511814875836e7,4.39851497045483e6,1233.7005501361698,11.0,2.0,0.30422658396579044,6.8170466142812144e-9,1.0
570.0,570.0,1.7757371552156303e14,1.3325678801530639e7,4.403526965394295e6,2408.1834738658035,12.0,10.0,0.00228186032284127,2.752068281494856e-7,1.0
571.0,571.0,1.7757499365700312e14,1.3325726759055324e7,4.403542813161323e6,1973.9208802178716,10.0,10.0,0.0026223814399256463,2.9967570077823186e-7,1.0
572.0,572.0,1.77742774673431e14,1.3332020652302898e7,4.405622656826009e6,1204.0917369329018,11.0,1.0,0.37598349830802513,6.416606530330453e-9,1.0
573.0,573.0,1.7774435263124462e14,1.3332079831415825e7,4.405642212814371e6,1204.0917369329018,1.0,11.0,0.3763428321219221,1.850117730674356e-8,1.0
574.0,574.0,1.7995099195234975e14,1.3414581318563385e7,4.432905178457644e6,1283.0485721416164,9.0,7.0,0.06452109499605113,1.4544138557881843e-8,1.0
575.0,575.0,1.7995855200021078e14,1.3414863100315664e7,4.432998294430421e6,1283.0485721416164,7.0,9.0,0.07781871524336838,1.5334943195706502e-8,1.0
576.0,576.0,1.8002542731095947e14,1.3417355451465072e7,4.4338219024174595e6,1342.2661985481527,10.0,6.0,0.12916218254203854,2.2665475769700474e-8,1.0
577.0,577.0,1.8003519732582256e14,1.34177195277671e7,4.4339422129725395e6,1342.2661985481527,6.0,10.0,0.11859460079348924,3.869340621547689e-8,1.0
578.0,578.0,1.9178130284343844e14,1.3848512658167968e7,4.57629962639068e6,1154.743714927455,6.0,9.0,0.05806777331137228,2.312713248540635e-8,1.0
579.0,579.0,1.9178130284352778e14,1.3848512658171194e7,4.576299626391746e6,1154.743714927455,9.0,6.0,0.058067773107580094,1.2758305904068315e-8,1.0
580.0,580.0,1.918736195765906e14,1.385184534914358e7,4.577400928230309e6,1233.7005501361698,5.0,10.0,0.12835627767881835,4.7580332860848954e-8,1.0
581.0,581.0,1.918736195794369e14,1.385184534924632e7,4.57740092826426e6,1233.7005501361698,10.0,5.0,0.12835627770157768,7.945004636678397e-9,1.0
582.0,582.0,1.9307354271772706e14,1.389509059767971e7,4.591691503659169e6,1618.6151217786546,8.0,10.0,0.08657941746335666,3.0665607702149386e-8,1.0
583.0,583.0,1.9309514651271847e14,1.3895867965431971e7,4.591948388123374e6,1283.0485721416164,9.0,7.0,0.12910770652427425,2.406235778726404e-8,1.0
584.0,584.0,1.9312570536911303e14,1.3896967488236886e7,4.59231173008836e6,1263.3093633394378,8.0,8.0,0.36399135176701275,1.131723351746483e-8,1.0
585.0,585.0,1.931542698858736e14,1.3897995175055774e7,4.592651333547692e6,1598.875912976476,9.0,9.0,0.35137514719835145,2.3825119684917205e-8,1.0
586.0,586.0,2.0114145148106584e14,1.4182434610498503e7,4.686645548975556e6,1046.178066515472,9.0,5.0,0.04159215733830867,5.610930486208048e-8,1.0
587.0,587.0,2.011450977250781e14,1.418256315780325e7,4.68668802797653e6,1046.178066515472,5.0,9.0,0.047641674318257145,4.2015988045834005e-8,1.0
588.0,588.0,2.0124643384057022e14,1.4186135267949838e7,4.68786844689463e6,1342.2661985481527,6.0,10.0,0.14228691806357732,2.2922528598052855e-8,1.0
589.0,589.0,2.012513473857577e14,1.4186308448139625e7,4.687925675021389e6,1342.2661985481527,10.0,6.0,0.14926263926766048,3.712378764037493e-8,1.0
590.0,590.0,2.083656734082217e14,1.4434876979324128e7,4.770066198301425e6,957.3516269056677,4.0,9.0,0.030998970311825913,1.7783880452109567e-8,1.0
591.0,591.0,2.0836567340826066e14,1.4434876979325479e7,4.770066198301871e6,957.3516269056677,9.0,4.0,0.03099897047305574,2.6989790496051556e-8,1.0
592.0,592.0,2.0848153011988834e14,1.4438889504386699e7,4.771392154192717e6,1233.7005501361698,5.0,10.0,0.16712206291375434,2.6766928253026093e-8,1.0
593.0,593.0,2.0848153012479675e14,1.4438889504556669e7,4.771392154248884e6,1233.7005501361698,10.0,5.0,0.16712206233465646,6.9065613675511184e-9,1.0
594.0,594.0,2.1022281517517466e14,1.4499062561944295e7,4.791276595765378e6,1115.2652973230975,8.0,7.0,0.07818646953816494,1.1048296770243684e-8,1.0
595.0,595.0,2.102228151755566e14,1.4499062561957465e7,4.79127659576973e6,1115.2652973230975,8.0,7.0,0.07818646913164382,1.0741244868186472e-8,1.0
596.0,596.0,2.1026853443580328e14,1.450063910439134e7,4.7917975708902525e6,1154.743714927455,9.0,6.0,0.11668360564325099,9.010344022963276e-9,1.0
597.0,597.0,2.102685344379668e14,1.4500639104465941e7,4.791797570914905e6,1154.743714927455,6.0,9.0,0.11668360656539656,1.7018781994186193e-8,1.0
598.0,598.0,2.1371411861657316e14,1.4618964348289968e7,4.830898648588044e6,888.2643960980422,3.0,9.0,0.017780574230695605,2.556284916268281e-8,1.0
599.0,599.0,2.1371675928993584e14,1.4619054664715357e7,4.830928494033108e6,888.2643960980422,9.0,3.0,0.019993289137160097,2.8973009282042133e-8,1.0
600.0,600.0,2.138371606781853e14,1.4623172045701483e7,4.832289100008177e6,1144.8741105263655,4.0,10.0,0.19135800459540073,2.223381018165169e-8,1.0
601.0,601.0,2.1384071189661216e14,1.4623293469550975e7,4.832329225033209e6,1144.8741105263655,10.0,4.0,0.19575019455262815,2.1488731119061613e-8,1.0
602.0,602.0,2.1647674341015225e14,1.4713148657243706e7,4.86202225214865e6,1115.2652973230975,7.0,8.0,0.09977017665885478,1.4514317965595732e-8,1.0
603.0,603.0,2.1647674341017178e14,1.471314865724437e7,4.862022252148869e6,1115.2652973230975,8.0,7.0,0.09977017658088828,1.0681964411307817e-8,1.0
604.0,604.0,2.173959411934349e14,1.4744352857736243e7,4.872333812283708e6,838.9163740925954,2.0,9.0,0.008887977168797365,4.1906486227417726e-8,1.0
605.0,605.0,2.173959411935455e14,1.4744352857739992e7,4.872333812284947e6,838.9163740925954,9.0,2.0,0.008887977145872078,5.048797281549871e-8,1.0
606.0,606.0,2.1752468735400278e14,1.4748718159691125e7,4.873776344792311e6,1075.78687971874,3.0,10.0,0.23036430818257028,1.974222999259969e-8,1.0
607.0,607.0,2.175246873557959e14,1.4748718159751914e7,4.8737763448124e6,1075.78687971874,3.0,10.0,0.2303643080057433,8.124928556129848e-9,1.0
608.0,608.0,2.1954768466836684e14,1.4817141582247462e7,4.896387154401259e6,1993.6600890200502,9.0,11.0,0.004309819367542792,5.484347023204253e-8,1.0
609.0,609.0,2.195500025183563e14,1.481721979719395e7,4.896413000861397e6,1598.875912976476,9.0,9.0,0.004713758521923563,7.177003610314202e-8,1.0
610.0,610.0,2.1967910991986628e14,1.4821575824448165e7,4.897852468505906e6,1026.4388577132931,2.0,10.0,0.30076298104786003,7.232172295032e-9,1.0
611.0,611.0,2.1968219877839197e14,1.482168002550291e7,4.897886902185514e6,1026.4388577132931,10.0,2.0,0.30319762330656747,2.1090284423405863e-8,1.0
612.0,612.0,2.2025734897799656e14,1.4841069670950156e7,4.904294292596768e6,3997.18978244119,9.0,18.0,0.0009924513791524385,2.021821367794436e-7,1.0
613.0,613.0,2.202573489780141e14,1.4841069670950746e7,4.904294292596962e6,3997.18978244119,9.0,18.0,0.000992438768807061,2.2654969187087422e-7,1.0
614.0,614.0,2.2039169240223356e14,1.4845595050459702e7,4.905789723410891e6,996.8300445100251,1.0,10.0,0.375268661633163,6.866777530315001e-9,1.0
615.0,615.0,2.2039169240417206e14,1.484559505052499e7,4.905789723432465e6,996.8300445100251,10.0,1.0,0.37526866333088577,1.7304493276580254e-8,1.0
616.0,616.0,2.240404543853292e14,1.4967980972239682e7,4.946232669302764e6,986.9604401089358,8.0,6.0,0.0592601759872985,1.0948519985383552e-8,1.0
617.0,617.0,2.240466458968612e14,1.4968187796017967e7,4.94630101509575e6,986.9604401089358,6.0,8.0,0.07142491256411204,1.4084337853177321e-8,1.0
618.0,618.0,2.2410184037693606e14,1.497003140868235e7,4.946910244704408e6,1046.178066515472,9.0,5.0,0.12800469284141577,8.514309321431628e-9,1.0
619.0,619.0,2.241102024850492e14,1.4970310701019173e7,4.94700253803931e6,1283.0485721416164,7.0,9.0,0.12458776434091658,3.552816646637417e-8,1.0
620.0,620.0,2.3498413050150612e14,1.5329192102048501e7,5.065596416095983e6,878.3947916969529,8.0,5.0,0.05094855984666392,2.1513296307424627e-8,1.0
621.0,621.0,2.3498413050158903e14,1.5329192102051204e7,5.065596416096876e6,878.3947916969529,5.0,8.0,0.050948559849469166,1.2454592518219606e-8,1.0
622.0,622.0,2.3505987442000094e14,1.5331662480631411e7,5.066412763155417e6,1154.743714927455,6.0,9.0,0.13710876990077167,3.158405112483201e-8,1.0
623.0,623.0,2.3505987443411512e14,1.5331662481091708e7,5.066412763307523e6,1154.743714927455,9.0,6.0,0.13710876998511226,6.998776313955626e-9,1.0
624.0,624.0,2.356563219037877e14,1.535110165114503e7,5.072836519334485e6,1283.0485721416164,9.0,7.0,0.08683993570291046,1.8166714449083066e-8,1.0
625.0,625.0,2.3567371645481794e14,1.535166819778287e7,5.073023737069059e6,986.9604401089358,6.0,8.0,0.1272947975271594,1.033724994208338e-8,1.0
626.0,626.0,2.3569892820003144e14,1.5352489316069607e7,5.073295079082571e6,967.2212313067571,7.0,7.0,0.3500956074888267,1.4628382303046428e-8,1.0
627.0,627.0,2.3572285665656e14,1.5353268598463325e7,5.073552596248151e6,1263.3093633394378,8.0,8.0,0.3651369143440852,1.665770303632629e-8,1.0
628.0,628.0,2.4342292584981097e14,1.5602016723802438e7,5.155752467176771e6,789.5683520871487,8.0,4.0,0.03388478594674036,1.4622912335013693e-8,1.0
629.0,629.0,2.4342590279393416e14,1.560211212605313e7,5.155783993254334e6,789.5683520871487,4.0,8.0,0.03882776335877114,3.424396465808893e-8,1.0
630.0,630.0,2.4350829153082166e14,1.5604752209850103e7,5.156656420120088e6,1046.178066515472,5.0,9.0,0.15586360382259737,6.790270649668082e-9,1.0
631.0,631.0,2.4351252121919306e14,1.5604887734911554e7,5.1567012049503e6,1046.178066515472,9.0,5.0,0.1634939414336654,3.326227813370587e-8,1.0
632.0,632.0,2.4967620136177853e14,1.5801145571184974e7,5.221555437674316e6,720.4811212795231,3.0,8.0,0.02226235655758837,2.0854012071833248e-8,1.0
633.0,633.0,2.496762013618692e14,1.5801145571187843e7,5.221555437675264e6,720.4811212795231,8.0,3.0,0.02226235636108159,2.688396143839953e-8,1.0
634.0,634.0,2.4976976048228566e14,1.5804105810905142e7,5.2225336614200575e6,957.3516269056677,4.0,9.0,0.18728321861576658,7.53631727828486e-9,1.0
635.0,635.0,2.4976976048847478e14,1.5804105811100949e7,5.222533661484763e6,957.3516269056677,9.0,4.0,0.18728321834559117,4.147764013341096e-8,1.0
636.0,636.0,2.511753693259703e14,1.5848513158210468e7,5.2372082573061725e6,838.9163740925954,7.0,6.0,0.07348689979847675,1.4998531842690034e-8,1.0
637.0,637.0,2.5117536932624928e14,1.5848513158219269e7,5.237208257309081e6,838.9163740925954,6.0,7.0,0.07348690011483429,8.886960842122485e-9,1.0
638.0,638.0,2.5121269912362728e14,1.5849690821073681e7,5.237597420984177e6,878.3947916969529,8.0,5.0,0.11553141395579235,2.0787210650722573e-8,1.0
639.0,639.0,2.5121269912624647e14,1.5849690821156306e7,5.2375974210114805e6,878.3947916969529,5.0,8.0,0.11553141390428673,8.166801094844634e-9,1.0
640.0,640.0,2.5397621508189634e14,1.5936631233792678e7,5.26632724837178e6,671.1330992740764,2.0,8.0,0.010041353258683798,2.716724965111809e-8,1.0
641.0,641.0,2.5397843384182503e14,1.5936700845589874e7,5.266350251884819e6,671.1330992740764,8.0,2.0,0.011312521783283251,3.568923909918929e-8,1.0
642.0,642.0,2.540745590796439e14,1.593971640524523e7,5.267346756337304e6,888.2643960980422,3.0,9.0,0.2235235474289059,1.3290647449244088e-8,1.0
643.0,643.0,2.5407770934802175e14,1.5939815223145522e7,5.267379411130736e6,888.2643960980422,9.0,3.0,0.2281620393516644,2.2388554039503605e-8,1.0
644.0,644.0,2.564932583061481e14,1.6015406904170373e7,5.292359002092674e6,641.5242860708082,8.0,1.0,0.003264636403684761,5.437454077765361e-8,1.0
645.0,645.0,2.564932583063207e14,1.6015406904175762e7,5.292359002094455e6,641.5242860708082,1.0,8.0,0.0032646364438026453,5.842200549440488e-8,1.0
646.0,646.0,2.5659513289236138e14,1.6018587106619652e7,5.293409913453318e6,838.9163740925954,9.0,2.0,0.29917062715369624,7.034693034989731e-9,1.0
647.0,647.0,2.5659513289470266e14,1.6018587106692733e7,5.293409913477467e6,838.9163740925954,2.0,9.0,0.29917062801272,2.7167105702820828e-8,1.0
648.0,648.0,2.5660790032724125e14,1.6018985621044837e7,5.293541604231967e6,838.9163740925954,7.0,6.0,0.09736411616625612,7.003162614691709e-9,1.0
649.0,649.0,2.566079003272749e14,1.6018985621045887e7,5.293541604232314e6,838.9163740925954,6.0,7.0,0.09736411658981788,1.3959726113036796e-8,1.0
650.0,650.0,2.5732071399940612e14,1.6041219217983592e7,5.300888790451574e6,1618.6151217786546,10.0,8.0,0.002271718211683256,1.6864483130502703e-7,1.0
651.0,651.0,2.573217368544999e14,1.6041251100038921e7,5.300899326011709e6,1263.3093633394378,8.0,8.0,0.002393757055699439,2.011973300364496e-7,1.0
652.0,652.0,2.5742455690354038e14,1.6044455643727535e7,5.301958281037923e6,809.3075608893273,9.0,1.0,0.373596277513084,1.0753068285893162e-8,1.0
653.0,653.0,2.5742600020277338e14,1.604450062179479e7,5.301973144230632e6,809.3075608893273,1.0,9.0,0.37479867130832295,2.198040264497755e-8,1.0
654.0,654.0,2.6344106827892325e14,1.6230867761118727e7,5.363558954281981e6,730.3507256806125,5.0,7.0,0.05349211475334688,1.0377818183100197e-8,1.0
655.0,655.0,2.6344596472967372e14,1.6231018598032402e7,5.363608798978573e6,730.3507256806125,7.0,5.0,0.06449342489440624,1.698832786362089e-8,1.0
656.0,656.0,2.6349066840096416e14,1.623239564577466e7,5.364063850233821e6,789.5683520871487,4.0,8.0,0.12601397813339474,8.684156985949426e-9,1.0
657.0,657.0,2.634975625083277e14,1.62326080008213e7,5.364134023857848e6,986.9604401089358,8.0,6.0,0.13372085221740185,4.9289240207783326e-8,1.0
658.0,658.0,2.7290797238028912e14,1.6519926524663756e7,5.459079646234114e6,641.5242860708082,4.0,7.0,0.042941835517211965,1.2987761500840879e-8,1.0
659.0,659.0,2.7290797238033512e14,1.6519926524665149e7,5.459079646234574e6,641.5242860708082,7.0,4.0,0.042941835465344844,1.7253624138869096e-8,1.0
660.0,660.0,2.729688049909311e14,1.652176761097102e7,5.459688040997367e6,878.3947916969529,5.0,8.0,0.15012350338858643,6.909029894770991e-9,1.0
661.0,661.0,2.7296880499508762e14,1.652176761109681e7,5.459688041038935e6,878.3947916969529,8.0,5.0,0.1501235027303298,2.5643205403394795e-8,1.0
662.0,662.0,2.734680505730747e14,1.6536869430852827e7,5.464678501300855e6,986.9604401089358,6.0,8.0,0.08608221796830978,1.2335783754931145e-8,1.0
663.0,663.0,2.7348184009309275e14,1.6537286358199544e7,5.464816276707363e6,730.3507256806125,7.0,5.0,0.12542029614705325,1.2808172108708647e-8,1.0
664.0,664.0,2.7350097309217166e14,1.6537864828694534e7,5.465007434731004e6,710.6115168784338,6.0,6.0,0.33590944438456105,1.5656993908643993e-8,1.0
665.0,665.0,2.7352057285329734e14,1.6538457390376449e7,5.46520324924701e6,967.2212313067571,7.0,7.0,0.37971851604636553,1.8674939602181438e-8,1.0
666.0,666.0,2.799171994709747e14,1.6730726208714752e7,5.528739294109502e6,572.4370552631827,7.0,3.0,0.025257996488212944,8.897353747803684e-8,1.0
667.0,667.0,2.7991961097100838e14,1.6730798276561951e7,5.528763109234661e6,572.4370552631827,3.0,7.0,0.028998227333294317,3.486777178216488e-8,1.0
668.0,668.0,2.7998503141974716e14,1.6732753252819667e7,5.529409139414119e6,789.5683520871487,8.0,4.0,0.17533920975417172,6.975391000876265e-9,1.0
669.0,669.0,2.799886127720849e14,1.6732860268707346e7,5.529444503267184e6,789.5683520871487,4.0,8.0,0.18358401775507413,3.155780388944345e-8,1.0
670.0,670.0,2.847414079132178e14,1.6874282441431925e7,5.57617805886105e6,523.089033257736,7.0,2.0,0.013131629107578624,2.4948143116482094e-8,1.0
671.0,671.0,2.8474140791331494e14,1.6874282441434804e7,5.576178058862001e6,523.089033257736,2.0,7.0,0.01313162904611432,3.271831290048722e-8,1.0
672.0,672.0,2.848150288831156e14,1.6876463755275145e7,5.576898883253688e6,720.4811212795231,8.0,3.0,0.21982871687859648,7.164834989519268e-9,1.0
673.0,673.0,2.848150288879259e14,1.6876463755417656e7,5.576898883300781e6,720.4811212795231,3.0,8.0,0.21982871543111632,3.144713972170561e-8,1.0
674.0,674.0,2.868442074526642e14,1.693647565028404e7,5.596730067979957e6,602.0458684664509,6.0,5.0,0.06829094234401384,1.62839646178416e-8,1.0
675.0,675.0,2.868442074528948e14,1.6936475650290847e7,5.596730067982206e6,602.0458684664509,5.0,6.0,0.0682909418318118,1.4227840944075734e-8,1.0
676.0,676.0,2.8687411163871875e14,1.6937358461068206e7,5.597021796540379e6,641.5242860708082,7.0,4.0,0.11392090667667754,8.319911384379774e-9,1.0
677.0,677.0,2.86874111639421e14,1.6937358461088937e7,5.597021796547229e6,641.5242860708082,4.0,7.0,0.11392090666570653,1.3029059653756777e-8,1.0
678.0,678.0,2.8756169082294725e14,1.6957644023358528e7,5.603725246464698e6,1283.0485721416164,7.0,9.0,0.004261104488133993,5.435220710431158e-8,1.0
679.0,679.0,2.8756358581374206e14,1.695769989750208e7,5.603743710311941e6,967.2212313067571,7.0,7.0,0.004334834809590747,5.481773531521638e-8,1.0
680.0,680.0,2.8763791884013644e14,1.695989147489265e7,5.604467926337245e6,671.1330992740764,2.0,8.0,0.29292130349003015,9.420971154566519e-9,1.0
681.0,681.0,2.8764072800291956e14,1.695997429251942e7,5.604495293772564e6,671.1330992740764,8.0,2.0,0.297692947325445,2.293199362911962e-8,1.0
682.0,682.0,2.8849108037077956e14,1.698502518016325e7,5.612773465630796e6,3681.3624416063303,18.0,7.0,0.00099857651512524,1.4039102469915975e-7,1.0
683.0,683.0,2.884910803708599e14,1.698502518016561e7,5.612773465631576e6,3681.3624416063303,7.0,18.0,0.0009985765163124573,1.575597167874544e-7,1.0
684.0,684.0,2.8856966284047475e14,1.698733830947258e7,5.613537849002164e6,641.5242860708082,1.0,8.0,0.37281987900816527,2.127469639390602e-8,1.0
685.0,685.0,2.8856966284558775e14,1.6987338309623074e7,5.613537849051896e6,641.5242860708082,8.0,1.0,0.3728198790435322,7.027450133961728e-9,1.0
686.0,686.0,2.914910066658928e14,1.7073107703809895e7,5.641880708408809e6,602.0458684664509,5.0,6.0,0.0949667423104441,6.9538417531576096e-9,1.0
687.0,687.0,2.914910066976214e14,1.7073107704739094e7,5.641880708715867e6,602.0458684664509,5.0,6.0,0.09496674134780562,3.3854276744944025e-8,1.0
688.0,688.0,2.971489149633688e14,1.723800785947636e7,5.696372662844301e6,513.2194288566466,6.0,4.0,0.046717307857965344,1.127541945275947e-8,1.0
689.0,689.0,2.971526680705603e14,1.7238116720528387e7,5.696408636439734e6,513.2194288566466,4.0,6.0,0.05641552658650757,2.0307920819903018e-8,1.0
690.0,690.0,2.971881727009844e14,1.7239146518925592e7,5.69674893767906e6,730.3507256806125,7.0,5.0,0.13057180963125942,7.2176733482959804e-9,1.0
691.0,691.0,2.9719368140943275e14,1.723930629142115e7,5.696801735176507e6,730.3507256806125,5.0,7.0,0.1457698904194953,3.3704765655030216e-8,1.0
692.0,692.0,3.04784992369769e14,1.7458092460797913e7,5.769100550933288e6,444.1321980490211,6.0,3.0,0.03347554184994082,2.2820528479703946e-8,1.0
693.0,693.0,3.0478499236991744e14,1.7458092460802168e7,5.769100550934694e6,444.1321980490211,3.0,6.0,0.033475542268832974,1.6108189160884146e-8,1.0
694.0,694.0,3.04832704725942e14,1.7459458889837965e7,5.769552093193445e6,641.5242860708082,7.0,4.0,0.16895864594080107,3.0703836891791534e-8,1.0
695.0,695.0,3.048327047263128e14,1.7459458889848586e7,5.769552093196955e6,641.5242860708082,4.0,7.0,0.16895864632286123,7.501165380137839e-9,1.0
696.0,696.0,3.057197214780634e14,1.748484262091207e7,5.777940254572083e6,730.3507256806125,5.0,7.0,0.08405499013440883,1.1181200037540565e-8,1.0
697.0,697.0,3.057304738359016e14,1.748515009474902e7,5.77804186060299e6,513.2194288566466,6.0,4.0,0.12301249264223657,1.3357565807238294e-8,1.0
698.0,698.0,3.057436961071753e14,1.7485528190683156e7,5.778166804004844e6,493.4802200544679,5.0,5.0,0.3202155269277466,1.8676274169600735e-8,1.0
699.0,699.0,3.0575939342977744e14,1.7485977051048003e7,5.77831513181236e6,710.6115168784338,6.0,6.0,0.3964978147441581,2.0658611865680733e-8,1.0
700.0,700.0,3.100361671339133e14,1.7607843909289785e7,5.818586550960924e6,394.78417604357435,2.0,6.0,0.015583305177253657,6.593755002469735e-8,1.0
701.0,701.0,3.1003812770671275e14,1.760789958248038e7,5.818604948402411e6,394.78417604357435,6.0,2.0,0.017967138494035778,3.434565557949602e-8,1.0
702.0,702.0,3.1008856537625244e14,1.7609331769725177e7,5.81907822073967e6,572.4370552631827,7.0,3.0,0.2073972420728432,9.842623278482064e-9,1.0
703.0,703.0,3.1009158437903894e14,1.7609417491190303e7,5.819106547760666e6,572.4370552631827,3.0,7.0,0.2162051734877345,1.924328115852179e-8,1.0
704.0,704.0,3.131093889950819e14,1.7694897258675504e7,5.8473536987480875e6,365.17536284030626,6.0,1.0,0.004517422801102639,4.162044932442183e-8,1.0
705.0,705.0,3.1310938899513044e14,1.7694897258676875e7,5.847353698748541e6,365.17536284030626,1.0,6.0,0.004517422797270417,4.0693555225494935e-8,1.0
706.0,706.0,3.131653592275874e14,1.769647872396052e7,5.847876300645606e6,523.089033257736,7.0,2.0,0.28990744146389197,2.8233367150308617e-8,1.0
707.0,707.0,3.131653592340558e14,1.769647872414328e7,5.847876300706001e6,523.089033257736,2.0,7.0,0.2899074415421206,5.942172698173061e-9,1.0
708.0,708.0,3.1412001987697794e14,1.772343137987049e7,5.856782919877259e6,986.9604401089358,6.0,8.0,0.002228937207329187,1.3236942814281923e-7,1.0
709.0,709.0,3.141208609172352e14,1.772345510664428e7,5.85679076049009e6,1263.3093633394378,8.0,8.0,0.0023829384530796318,1.3022250506045607e-7,1.0
710.0,710.0,3.141774235243659e14,1.7725050734042086e7,5.857318042317726e6,493.4802200544679,7.0,1.0,0.36955562773655365,5.97767022006421e-9,1.0
711.0,711.0,3.141787153045987e14,1.772508717339914e7,5.857330083857506e6,493.4802200544679,1.0,7.0,0.3721550107467912,1.984734283641143e-8,1.0
712.0,712.0,3.167179598494491e14,1.779657157571225e7,5.880952407183708e6,404.65378044466365,4.0,5.0,0.062046654331906766,3.7274419636579774e-8,1.0
713.0,713.0,3.167179598495991e14,1.7796571575716462e7,5.8809524071851e6,404.65378044466365,5.0,4.0,0.062046658103478605,1.0809619808355295e-8,1.0
714.0,714.0,3.167413798801619e14,1.779722955631471e7,5.881169839658916e6,602.0458684664509,6.0,5.0,0.12269555467000225,3.765901026891942e-8,1.0
715.0,715.0,3.1674137988579556e14,1.7797229556472983e7,5.881169839711218e6,602.0458684664509,5.0,6.0,0.12269554957520803,8.748980775317705e-9,1.0
716.0,716.0,3.2068320918620106e14,1.7907629915379673e7,5.917652105618676e6,404.65378044466365,4.0,5.0,0.09222973233099967,6.605927060075413e-9,1.0
717.0,717.0,3.206832092244691e14,1.790762991644816e7,5.917652105971762e6,404.65378044466365,4.0,5.0,0.09222972917745123,4.4085460222509337e-8,1.0
718.0,718.0,3.24854223864435e14,1.8023712821292814e7,5.956012193237712e6,335.5665496370382,5.0,3.0,0.038247864173472854,1.5056695228240495e-8,1.0
719.0,719.0,3.248570265707133e14,1.8023790571650386e7,5.956037886172476e6,335.5665496370382,3.0,5.0,0.046352652583197824,2.3143596634511923e-8,1.0
720.0,720.0,3.248844775215839e14,1.8024552075477045e7,5.956289528335317e6,513.2194288566466,6.0,4.0,0.14684737906263684,7.893906751752862e-9,1.0
721.0,721.0,3.2488876842412806e14,1.802467110446479e7,5.9563288619681485e6,513.2194288566466,4.0,6.0,0.16335916156675137,3.809327000341311e-8,1.0
722.0,722.0,3.304541495321077e14,1.817839788133453e7,6.007128526085168e6,286.21852763159137,5.0,2.0,0.022003638386828565,5.1304457843826475e-8,1.0
723.0,723.0,3.3045414953217075e14,1.8178397881336264e7,6.007128526085741e6,286.21852763159137,2.0,5.0,0.022003640611774043,2.0278071182271755e-7,1.0
724.0,724.0,3.304903582719755e14,1.8179393781751234e7,6.007457625593352e6,444.1321980490211,3.0,6.0,0.2003784778054763,6.833888738509188e-9,1.0
725.0,725.0,3.304903582722206e14,1.8179393781757977e7,6.007457625595581e6,444.1321980490211,6.0,3.0,0.20037847776151066,2.80653013030691e-8,1.0
726.0,726.0,3.32199351996896e14,1.8226336768448453e7,6.022970134249467e6,513.2194288566466,6.0,4.0,0.08008728832473663,2.474328023591551e-8,1.0
727.0,727.0,3.32207545084559e14,1.8226561526644543e7,6.02304440654673e6,335.5665496370382,5.0,3.0,0.11893712828985946,6.331697390255198e-8,1.0
728.0,728.0,3.322156097269018e14,1.8226782758537006e7,6.023117513562033e6,315.82734083485946,4.0,4.0,0.30126168391885433,2.0738708869721943e-8,1.0
729.0,729.0,3.322278356506665e14,1.8227118138934266e7,6.023228341433918e6,493.4802200544679,5.0,5.0,0.41777854005014264,1.8993813696778525e-8,1.0
730.0,730.0,3.337281934825005e14,1.8268229073517237e7,6.036813623782753e6,256.6097144283233,1.0,5.0,0.005695596682735612,2.0053526671842235e-7,1.0
731.0,731.0,3.337298246044249e14,1.82682737171421e7,6.036828376457558e6,256.6097144283233,5.0,1.0,0.006619539224215695,4.4882678093087394e-8,1.0
732.0,732.0,3.337669794395388e14,1.82692906112837e7,6.037164413430997e6,394.78417604357435,2.0,6.0,0.27742469101148853,1.0896976665888315e-8,1.0
733.0,733.0,3.3376956193867656e14,1.826936128983924e7,6.037187769458846e6,394.78417604357435,6.0,2.0,0.2867729867899288,2.9600232922373538e-8,1.0
734.0,734.0,3.3480673028189894e14,1.8297724729646005e7,6.046560588200813e6,3681.3624416063303,18.0,7.0,0.001077535160954642,1.3252944942406116e-7,1.0
735.0,735.0,3.348067302819556e14,1.8297724729647554e7,6.046560588201325e6,3681.3624416063303,7.0,18.0,0.0010775351615427125,1.0922277293276444e-7,1.0
736.0,736.0,3.348474484296531e14,1.8298837351855256e7,6.0469282589194095e6,365.17536284030626,1.0,6.0,0.36792022058179963,6.0661924883195725e-9,1.0
737.0,737.0,3.348474484367081e14,1.829883735204803e7,6.046928258983112e6,365.17536284030626,6.0,1.0,0.3679202202291742,2.8769819884995552e-8,1.0
738.0,738.0,3.4074367475037125e14,1.845924361262864e7,6.099935186765556e6,246.74011002723395,4.0,3.0,0.05389495911742205,1.3322050464525196e-8,1.0
739.0,739.0,3.407436747524819e14,1.845924361268581e7,6.099935186784449e6,246.74011002723395,3.0,4.0,0.05389496455376491,2.6879362796158648e-8,1.0
740.0,740.0,3.407614371088464e14,1.845972473003989e7,6.100094174050596e6,404.65378044466365,5.0,4.0,0.13618125741584924,9.922087287653826e-9,1.0
741.0,741.0,3.407614371357251e14,1.845972473076793e7,6.1000941742911795e6,404.65378044466365,4.0,5.0,0.13618124011195842,4.2307092661402976e-8,1.0
742.0,742.0,3.441571318448154e14,1.855147249802062e7,6.13041261233319e6,246.74011002723395,3.0,4.0,0.08852756696761553,8.025097473354231e-9,1.0
743.0,743.0,3.4415713187188144e14,1.8551472498750106e7,6.130412612574251e6,246.74011002723395,3.0,4.0,0.08852756694142312,4.686622094587499e-8,1.0
744.0,744.0,3.466153569565578e14,1.8617608787289463e7,6.152267629066222e6,197.39208802178717,4.0,2.0,0.02707754576842328,2.2120777855117276e-8,1.0
745.0,745.0,3.466174216248606e14,1.8617664236548595e7,6.152285952508611e6,197.39208802178717,2.0,4.0,0.03304808743150914,2.9761011792654796e-8,1.0
746.0,746.0,3.466377181726066e14,1.8618209317026347e7,6.15246607665972e6,335.5665496370382,5.0,3.0,0.1749332231351314,1.1289682255021624e-8,1.0
747.0,747.0,3.4664100799323444e14,1.8618297666361295e7,6.152495272071422e6,335.5665496370382,3.0,5.0,0.19320968329727373,4.482173137710074e-8,1.0
748.0,748.0,3.5005163230768956e14,1.8709666814448874e7,6.182688593807689e6,167.7832748185191,1.0,4.0,0.008821311446620288,7.607929597908978e-8,1.0
749.0,749.0,3.500516323078007e14,1.8709666814451847e7,6.182688593808671e6,167.7832748185191,4.0,1.0,0.00882131312251744,4.001194312519105e-8,1.0
750.0,750.0,3.500776538701854e14,1.8710362205745388e7,6.1829183888051e6,286.21852763159137,2.0,5.0,0.26989084654321965,4.8776660781761275e-8,1.0
751.0,751.0,3.5007765388356544e14,1.8710362206102945e7,6.182918388923256e6,286.21852763159137,5.0,2.0,0.2698908573587345,1.0027755927736427e-8,1.0
752.0,752.0,3.51181777187707e14,1.8739844641504023e7,6.19266098449589e6,513.2194288566466,4.0,6.0,0.0021247234204092077,1.2763860191837292e-7,1.0
753.0,753.0,3.511824995974702e14,1.8739863916194007e7,6.192667353898782e6,710.6115168784338,6.0,6.0,0.0025854908848748784,1.2683965467404802e-7,1.0
754.0,754.0,3.512088849268045e14,1.8740567892323982e7,6.192899985790749e6,256.6097144283233,5.0,1.0,0.36029297122206083,7.382532784659823e-9,1.0
755.0,755.0,3.512100532503675e14,1.8740599063273497e7,6.192910286362957e6,256.6097144283233,1.0,5.0,0.36608709118855925,2.8373478556538378e-8,1.0
756.0,756.0,3.529957584570809e14,1.8788181350441583e7,6.208634054565725e6,335.5665496370382,5.0,3.0,0.07350281732877993,1.5346418939481797e-8,1.0
757.0,757.0,3.5300175438390525e14,1.878834091621464e7,6.208686783750848e6,197.39208802178717,4.0,2.0,0.10981965448553621,1.624742881280274e-8,1.0
758.0,758.0,3.5300578958762375e14,1.878844830175243e7,6.208722269756356e6,177.65287921960845,3.0,3.0,0.2754520748157347,4.34808728502213e-8,1.0
759.0,759.0,3.530149107937569e14,1.878869103460262e7,6.20880248185415e6,315.82734083485946,4.0,4.0,0.44789101986960267,5.339741050088418e-8,1.0
760.0,760.0,3.590849995429116e14,1.8949538240888923e7,6.261955122011492e6,128.30485721416164,3.0,2.0,0.042153673661384346,1.6074193306135605e-8,1.0
761.0,761.0,3.590849995441692e14,1.8949538240922105e7,6.2619551220224565e6,128.30485721416164,2.0,3.0,0.042153680902462166,2.622632908521783e-8,1.0
762.0,762.0,3.590977616943931e14,1.894987497833147e7,6.262066398324735e6,246.74011002723395,4.0,3.0,0.15975902065225916,1.0619658488635318e-8,1.0
763.0,763.0,3.5909776172532925e14,1.8949874979147732e7,6.2620663985944735e6,246.74011002723395,3.0,4.0,0.15975900496330916,4.239066300280422e-8,1.0
764.0,764.0,3.6207974161054356e14,1.902839303805089e7,6.28801302351318e6,128.30485721416164,2.0,3.0,0.08291191861321365,7.82686492715096e-8,1.0
765.0,765.0,3.620797416693942e14,1.902839303959728e7,6.288013024024191e6,128.30485721416164,3.0,2.0,0.08291191802618103,1.3394010944662958e-8,1.0
766.0,766.0,3.626432000345564e14,1.9043193010484256e7,6.292903737049659e6,98.69604401089359,1.0,3.0,0.012270899040523415,3.6910672354302004e-8,1.0
767.0,767.0,3.626447507711377e14,1.9043233726737108e7,6.292917191907759e6,98.69604401089359,3.0,1.0,0.01519794517659437,4.1637582061025936e-8,1.0
768.0,768.0,3.626585124926883e14,1.9043595051688332e7,6.293036593267321e6,197.39208802178717,4.0,2.0,0.23955541040570286,1.1291461583454786e-8,1.0
769.0,769.0,3.626610584516999e14,1.9043661897116844e7,6.293058682622118e6,197.39208802178717,2.0,4.0,0.2607592231187579,5.0726826170645176e-8,1.0
770.0,770.0,3.638152025990058e14,1.9073940405668825e7,6.303064343937117e6,3444.491935980186,18.0,5.0,0.0012689237518279655,1.0254955120186807e-7,1.0
771.0,771.0,3.6381520259909356e14,1.9073940405671123e7,6.303064343937877e6,3444.491935980186,5.0,18.0,0.0012689533804774874,1.2333433828546566e-7,1.0
772.0,772.0,3.6383220825832325e14,1.9074386183002673e7,6.30321165294399e6,167.7832748185191,1.0,4.0,0.3548467390477711,8.365324247827133e-9,1.0
773.0,773.0,3.638322083012108e14,1.907438618412689e7,6.303211653315493e6,167.7832748185191,4.0,1.0,0.3548465481470719,4.06630848026089e-8,1.0
774.0,774.0,3.6831794106516125e14,1.919161121597562e7,6.341949161284377e6,197.39208802178717,2.0,4.0,0.060541313249527814,2.194453036734405e-8,1.0
775.0,775.0,3.6832201898855075e14,1.9191717458022114e7,6.341984269418346e6,98.69604401089359,3.0,1.0,0.08248236613787811,2.408494678655915e-8,1.0
776.0,776.0,3.6832335661228856e14,1.9191752306975216e7,6.341995785402408e6,78.95683520871486,2.0,2.0,0.23534143380885797,4.4203663465282045e-8,1.0
777.0,777.0,3.6832968337064575e14,1.9191917136405256e7,6.342050253985261e6,177.65287921960845,3.0,3.0,0.4996367831122469,5.077040083995577e-8,1.0
778.0,778.0,3.719712695538934e14,1.9286556705485128e7,6.37332430018159e6,49.34802200544679,2.0,1.0,0.02332662844264016,3.601640076922021e-8,1.0
779.0,779.0,3.7197126955457e14,1.928655670550267e7,6.3733243001873875e6,49.34802200544679,1.0,2.0,0.02332660788342159,5.034050571905423e-8,1.0
780.0,780.0,3.719795155623874e14,1.9286770480367817e7,6.373394942996449e6,128.30485721416164,2.0,3.0,0.40957086345810034,4.782956826935402e-8,1.0
781.0,781.0,3.7197951559707344e14,1.9286770481267035e7,6.373394943293599e6,128.30485721416164,3.0,2.0,0.4095709073104796,6.855845231419788e-8,1.0
782.0,782.0,3.7317233179914125e14,1.9317668901788883e7,6.383605457143026e6,197.39208802178717,2.0,4.0,0.0017594130211949525,9.90558353550087e-8,1.0
783.0,783.0,3.731729838121594e14,1.9317685777860645e7,6.383611033912375e6,315.82734083485946,4.0,4.0,0.0029241061711148225,1.268209776594796e-7,1.0
784.0,784.0,3.731814697493712e14,1.9317905418273773e7,6.3836836150165945e6,98.69604401089359,3.0,1.0,0.3300477035126052,1.4202993422538785e-8,1.0
785.0,785.0,3.7318255573374125e14,1.9317933526486244e7,6.383692903494383e6,98.69604401089359,1.0,3.0,0.34612070973069886,1.0319006025304108e-7,1.0
786.0,786.0,3.7467456177443075e14,1.935651212833631e7,6.396441365772678e6,128.30485721416164,2.0,3.0,0.07699045334259547,1.9780030677281558e-8,1.0
787.0,787.0,3.746745618678367e14,1.935651213074909e7,6.396441366569991e6,128.30485721416164,3.0,2.0,0.07699045373400355,1.1204676002541213e-7,1.0
788.0,788.0,3.783870053489738e14,1.9452172252706736e7,6.428052658784614e6,98.69604401089359,3.0,1.0,0.035306682661039604,3.925645063205205e-8,1.0
789.0,789.0,3.783893349648934e14,1.9452232133225568e7,6.428072446555527e6,3237.230243557309,2.0,18.0,0.004058333531732531,4.059200043811992e-8,1.0
790.0,790.0,3.783894638132194e14,1.94522354451415e7,6.428073540992166e6,19.739208802178716,1.0,1.0,0.15614649350251833,1.5163956779582188e-7,1.0
791.0,791.0,3.783932217395667e14,1.94523320385903e7,6.428105460706186e6,78.95683520871486,2.0,2.0,0.6212675469435158,7.536978430821496e-8,1.0
792.0,792.0,3.796103717954391e14,1.9483592373980705e7,6.438435570855854e6,3286.5782655627563,3.0,18.0,0.001823929495919555,1.1626484879148872e-7,1.0
793.0,793.0,3.7961037179559394e14,1.948359237398468e7,6.438435570857167e6,3286.5782655627563,18.0,3.0,0.0018238577948750934,1.1353619509551608e-7,1.0
794.0,794.0,3.7961446344560506e14,1.9483697376155406e7,6.438470269268941e6,49.34802200544679,2.0,1.0,0.2977518764262827,1.7966016346216494e-8,1.0
795.0,795.0,3.7961446347922325e14,1.948369737701813e7,6.438470269554033e6,49.34802200544679,1.0,2.0,0.29775297813961976,8.788053088795939e-8,1.0
796.0,796.0,3.8214183776963806e14,1.954844847474188e7,6.4598675438776985e6,49.34802200544679,2.0,1.0,0.061817466770672055,1.144355299992519e-7,1.0
797.0,797.0,3.8214183781727806e14,1.954844847596039e7,6.4598675442803595e6,49.34802200544679,1.0,2.0,0.061817465992907016,1.9309348555014658e-7,1.0
798.0,798.0,3.833758031313209e14,1.95799847581994e7,6.470288842234189e6,3237.230243557309,2.0,18.0,0.0020407785003278217,2.151011938557222e-7,1.0
799.0,799.0,3.8337642248261606e14,1.9580000574121956e7,6.470294068672744e6,78.95683520871486,2.0,2.0,0.004057102224256188,1.2244721222152568e-7,1.0
800.0,800.0,3.8337660331540006e14,1.9580005191914532e7,6.470295594641847e6,3572.7967931943476,19.0,1.0,0.004796384569227589,8.57790234621053e-8,1.0
801.0,801.0,3.8337764863653206e14,1.9580031885483027e7,6.470304415644545e6,19.739208802178716,1.0,1.0,0.7253760931042177,1.0274174416510646e-7,1.0
802.0,802.0,3.8461538460098856e14,1.9611613513451375e7,6.480740698286574e6,3207.6214303540414,18.0,1.0,0.002468910175303541,2.137389495510996e-7,1.0
803.0,803.0,3.8461538461317425e14,1.961161351376205e7,6.480740698389238e6,3207.6214303540414,1.0,18.0,0.0024689101788585984,1.2759519474469685e-7,1.0
804.0,804.0,5.542562576627205e20,2.354264763493521e10,7.779767563158238e9,1973.9208802178716,10.0,10.0,3.873187553797787e-6,1.109585354474704e-15,1.0
805.0,805.0,5.54256257686556e20,2.354264763544143e10,7.7797675633255205e9,878.3947916969529,8.0,5.0,2.150513102832793e-6,1.4219970539479127e-15,1.0
806.0,806.0,5.542562576865567e20,2.3542647635441444e10,7.779767563325525e9,513.2194288566466,4.0,6.0,2.354098893328203e-6,1.4843310443730295e-15,1.0
807.0,807.0,5.542562576867034e20,2.354264763544456e10,7.779767563326555e9,671.1330992740764,8.0,2.0,1.4980215711799398e-6,1.0251183690958647e-15,1.0
808.0,808.0,5.542562576867045e20,2.3542647635444584e10,7.779767563326563e9,1263.3093633394378,8.0,8.0,2.369171731588203e-6,1.404618715138281e-15,1.0
809.0,809.0,5.5425625768684e20,2.3542647635447464e10,7.779767563327515e9,1342.2661985481527,6.0,10.0,1.9965275116658524e-6,8.470318180467583e-16,1.0
810.0,810.0,5.542562576868406e20,2.3542647635447475e10,7.779767563327518e9,1973.9208802178716,10.0,10.0,2.447533590795632e-6,1.0240347266777578e-15,1.0
811.0,811.0,5.542562576869537e20,2.354264763544988e10,7.779767563328313e9,2181.1825726407483,11.0,10.0,1.4225448622495654e-6,1.3022794794515222e-15,1.0
812.0,812.0,5.5425625768697325e20,2.354264763545029e10,7.779767563328449e9,1263.3093633394378,8.0,8.0,2.2101693136202915e-6,9.913787113917518e-16,1.0
813.0,813.0,5.5425625768697476e20,2.3542647635450325e10,7.779767563328461e9,2052.8777154265863,8.0,12.0,1.1942408269687027e-6,1.1014177953242925e-15,1.0
814.0,814.0,5.542562576870189e20,2.3542647635451263e10,7.779767563328771e9,2654.923583893037,10.0,13.0,1.2920421738556357e-6,2.0537395275585577e-15,1.0
815.0,815.0,5.542562576871056e20,2.3542647635453102e10,7.779767563329378e9,2408.1834738658035,12.0,10.0,1.6048987626430526e-6,1.891942773436377e-15,1.0
816.0,816.0,5.542562576871056e20,2.3542647635453102e10,7.779767563329378e9,2842.446067513735,12.0,12.0,1.6747380404040764e-6,1.784432148551669e-15,1.0
817.0,817.0,5.5425625768723664e20,2.3542647635455887e10,7.779767563330298e9,1618.6151217786546,8.0,10.0,1.597582224413181e-6,1.4042743690982995e-15,1.0
818.0,818.0,5.542562576872379e20,2.3542647635455914e10,7.779767563330307e9,1263.3093633394378,8.0,8.0,1.6337681404729546e-6,1.808281971506564e-15,1.0
819.0,819.0,5.5425625768736896e20,2.35426476354587e10,7.779767563331227e9,365.17536284030626,1.0,6.0,8.315299172425331e-7,1.304017695075516e-15,1.0
820.0,820.0,5.542562576873692e20,2.3542647635458702e10,7.779767563331228e9,365.17536284030626,6.0,1.0,8.377393700959617e-7,1.4357984711852452e-15,1.0
821.0,821.0,5.542562576875006e20,2.3542647635461494e10,7.779767563332151e9,1263.3093633394378,8.0,8.0,1.6837078523234867e-6,9.030089675899637e-16,1.0
822.0,822.0,5.5425625768750114e20,2.3542647635461502e10,7.779767563332154e9,1618.6151217786546,8.0,10.0,1.6395722391890352e-6,1.2818046232145064e-15,1.0
823.0,823.0,5.542562576876327e20,2.35426476354643e10,7.779767563333077e9,2842.446067513735,12.0,12.0,1.6458954616321347e-6,1.4284604054229437e-15,1.0
824.0,824.0,5.542562576876334e20,2.3542647635464314e10,7.779767563333083e9,2408.1834738658035,12.0,10.0,1.589246834565378e-6,1.3582015642705673e-15,1.0
825.0,825.0,5.54256257687765e20,2.3542647635467106e10,7.779767563334005e9,197.39208802178717,2.0,4.0,1.2770624559838555e-6,1.1583941278016962e-15,1.0
826.0,826.0,5.542562576877651e20,2.354264763546711e10,7.779767563334007e9,1263.3093633394378,8.0,8.0,1.6408619269325773e-6,1.2717162518606138e-15,1.0
827.0,827.0,5.542562576878965e20,2.3542647635469902e10,7.779767563334929e9,394.78417604357435,2.0,6.0,1.6437821891413795e-6,1.2140158659486487e-15,1.0
828.0,828.0,5.542562576878968e20,2.3542647635469906e10,7.77976756333493e9,1973.9208802178716,10.0,10.0,1.671232710742293e-6,9.253020460897477e-16,1.0
829.0,829.0,5.542562576880325e20,2.354264763547279e10,7.779767563335884e9,1263.3093633394378,8.0,8.0,1.702569364161634e-6,1.1012955297020387e-15,1.0
830.0,830.0,5.5425625768803264e20,2.3542647635472794e10,7.779767563335885e9,671.1330992740764,2.0,8.0,1.3831663338242114e-6,7.379596321145157e-16,1.0
831.0,831.0,5.5425625768817997e20,2.354264763547592e10,7.779767563336919e9,513.2194288566466,6.0,4.0,2.2707629067964827e-6,1.351103295884552e-15,1.0
832.0,832.0,5.5425625768817997e20,2.354264763547592e10,7.779767563336919e9,878.3947916969529,5.0,8.0,2.043449370681893e-6,7.806874261318243e-16,1.0
833.0,833.0,5.542562577120176e20,2.3542647635982185e10,7.779767563504216e9,1776.5287921960844,12.0,6.0,1.7035624961733664e-7,1.0330444077814675e-15,1.0
834.0,834.0,5.542562592280664e20,2.354264766818011e10,7.779767574144156e9,2388.4442650636247,11.0,11.0,4.140856679664153e-6,1.298948682680622e-15,1.0
835.0,835.0,5.542562592519021e20,2.3542647668686333e10,7.7797675743114395e9,641.5242860708082,7.0,4.0,2.147520011132032e-6,1.0399054756250378e-15,1.0
836.0,836.0,5.542562592519025e20,2.3542647668686344e10,7.779767574311443e9,641.5242860708082,4.0,7.0,2.142809115866938e-6,1.3483817115314274e-15,1.0
837.0,837.0,5.542562592520491e20,2.3542647668689457e10,7.779767574312472e9,572.4370552631827,7.0,3.0,1.576374916929552e-6,1.0540712587534082e-15,1.0
838.0,838.0,5.542562592520501e20,2.3542647668689476e10,7.779767574312478e9,1431.0926381579568,8.0,9.0,1.4624233195943382e-6,1.3730615910875625e-15,1.0
839.0,839.0,5.542562592521851e20,2.3542647668692345e10,7.779767574313426e9,523.089033257736,7.0,2.0,1.4270901155491273e-6,1.3540302042834059e-15,1.0
840.0,840.0,5.542562592521852e20,2.354264766869235e10,7.779767574313428e9,523.089033257736,2.0,7.0,1.4308616512299714e-6,8.133258125598449e-16,1.0
841.0,841.0,5.542562592523181e20,2.354264766869517e10,7.779767574314361e9,2388.4442650636247,11.0,11.0,1.3051079442190298e-6,8.431887836135464e-16,1.0
842.0,842.0,5.5425625925231824e20,2.354264766869517e10,7.779767574314361e9,1046.178066515472,9.0,5.0,1.292073672346107e-6,1.1765730495972699e-15,1.0
843.0,843.0,5.542562592524495e20,2.354264766869796e10,7.779767574315282e9,1283.0485721416164,7.0,9.0,1.5595739513584524e-6,1.1390369097804417e-15,1.0
844.0,844.0,5.5425625925245003e20,2.354264766869797e10,7.779767574315286e9,1598.875912976476,9.0,9.0,1.5899676944746675e-6,9.472922322910758e-16,1.0
845.0,845.0,5.542562592525814e20,2.354264766870076e10,7.779767574316207e9,19.739208802178716,1.0,1.0,1.4276300546274346e-6,1.3293075613139868e-15,1.0
846.0,846.0,5.5425625925258196e20,2.3542647668700775e10,7.779767574316213e9,98.69604401089359,3.0,1.0,1.3842734897071318e-6,1.4891707070811302e-15,1.0
847.0,847.0,5.542562592527134e20,2.3542647668703564e10,7.779767574317134e9,1598.875912976476,9.0,9.0,2.068452824120297e-6,1.2432710076127631e-15,1.0
848.0,848.0,5.542562592527139e20,2.3542647668703575e10,7.779767574317138e9,1993.6600890200502,9.0,11.0,1.998950141823638e-6,1.3580946952419116e-15,1.0
849.0,849.0,5.5425625925284554e20,2.354264766870637e10,7.779767574318062e9,98.69604401089359,3.0,1.0,1.459967045454442e-6,1.2072057261272936e-15,1.0
850.0,850.0,5.5425625925284594e20,2.354264766870638e10,7.779767574318064e9,256.6097144283233,1.0,5.0,1.3470924463920082e-6,1.4712557785661145e-15,1.0
851.0,851.0,5.542562592529781e20,2.3542647668709187e10,7.779767574318992e9,1283.0485721416164,9.0,7.0,1.7863149114320928e-6,1.6401846322711796e-15,1.0
852.0,852.0,5.5425625925297825e20,2.354264766870919e10,7.779767574318994e9,1598.875912976476,9.0,9.0,1.874887020730858e-6,1.694824895865993e-15,1.0
853.0,853.0,5.5425625925306535e20,2.354264766871104e10,7.779767574319605e9,2220.6609902451055,9.0,12.0,1.1960865639700428e-6,1.3399678374924827e-15,1.0
854.0,854.0,5.5425625925310906e20,2.3542647668711967e10,7.779767574319911e9,2388.4442650636247,11.0,11.0,1.9451321102323873e-6,1.1881249022937109e-15,1.0
855.0,855.0,5.542562592531105e20,2.3542647668711998e10,7.779767574319921e9,1993.6600890200502,9.0,11.0,1.3502654958225765e-6,1.1279858135296987e-15,1.0
856.0,856.0,5.5425625925313095e20,2.3542647668712433e10,7.779767574320065e9,2220.6609902451055,12.0,9.0,1.5052263068559013e-6,1.7510011269230936e-15,1.0
857.0,857.0,5.542562592532425e20,2.35426476687148e10,7.7797675743208475e9,1283.0485721416164,7.0,9.0,1.0996814403048468e-6,9.7866964012805e-16,1.0
858.0,858.0,5.542562592532432e20,2.3542647668714817e10,7.779767574320852e9,2388.4442650636247,11.0,11.0,1.2816679774975098e-6,9.45486617837336e-16,1.0
859.0,859.0,5.5425625925337947e20,2.3542647668717712e10,7.779767574321809e9,572.4370552631827,3.0,7.0,1.704623022324194e-6,1.0467267882991478e-15,1.0
860.0,860.0,5.5425625925337966e20,2.3542647668717716e10,7.779767574321811e9,1598.875912976476,9.0,9.0,1.76920281528901e-6,1.169145276869566e-15,1.0
861.0,861.0,5.542562592535275e20,2.3542647668720856e10,7.779767574322848e9,641.5242860708082,4.0,7.0,2.1749378550380973e-6,1.042253615728581e-15,1.0
862.0,862.0,5.5425625925352764e20,2.354264766872086e10,7.779767574322849e9,730.3507256806125,7.0,5.0,2.2652471792821823e-6,1.0956300671426415e-15,1.0
863.0,863.0,5.542562592773637e20,2.354264766922709e10,7.779767574490135e9,2151.57375943748,13.0,7.0,1.8077342314198392e-7,8.898887688267453e-16,1.0
864.0,864.0,1.1085125153255066e21,3.329433157949723e10,1.1002252799928991e10,1973.9208802178716,10.0,10.0,1.6163036371262697e-7,1.4938427331067935e-15,1.0
865.0,865.0,1.1085125168908511e21,3.3294331603004906e10,1.10022528076972e10,1786.3983965971738,9.0,10.0,1.5799960502086174e-7,1.4082501654899196e-15,1.0
866.0,866.0,1.1085125168908546e21,3.3294331603004955e10,1.1002252807697218e10,1786.3983965971738,10.0,9.0,1.5799962664287718e-7,1.7678928951918065e-15,1.0
867.0,867.0,1.1085125184561988e21,3.3294331626512627e10,1.1002252815465427e10,1598.875912976476,9.0,9.0,1.6329309009900837e-7,1.419926214259981e-15,1.0
