<?xml version="1.0" encoding="utf-8"?>
<VTKFile type="UnstructuredGrid" version="1.0" byte_order="LittleEndian" header_type="UInt64">
  <UnstructuredGrid>
    <Piece NumberOfPoints="324" NumberOfCells="289">
      <Points>
        <DataArray type="Float64" Name="Points" NumberOfComponents="3" format="ascii">
 0.0 0.0 0.0 1.0 0.0 0.0 1.0 1.0 0.0 0.0 1.0 0.0 0.05882352941164516 0.0 0.0 0.1176470588233163 0.0 0.0 0.1764705882349197 0.0 0.0 0.2352941176465127 0.0 0.0 0.2941176470581057 0.0 0.0 0.3529411764696987 0.0 0.0 0.4117647058812917 0.0 0.0 0.4705882352928847 0.0 0.0 0.5294117647046411 0.0 0.0 0.5882352941165611 0.0 0.0 0.6470588235284809 0.0 0.0 0.7058823529404007 0.0 0.0 0.7647058823523205 0.0 0.0 0.8235294117642404 0.0 0.0 0.8823529411761603 0.0 0.0 0.9411764705880802 0.0 0.0 1.0 0.05882352941164516 0.0 1.0 0.1176470588233163 0.0 1.0 0.1764705882349197 0.0 1.0 0.2352941176465127 0.0 1.0 0.2941176470581057 0.0 1.0 0.3529411764696987 0.0 1.0 0.4117647058812917 0.0 1.0 0.4705882352928847 0.0 1.0 0.5294117647046411 0.0 1.0 0.5882352941165611 0.0 1.0 0.6470588235284809 0.0 1.0 0.7058823529404007 0.0 1.0 0.7647058823523205 0.0 1.0 0.8235294117642404 0.0 1.0 0.8823529411761603 0.0 1.0 0.9411764705880802 0.0 0.9411764705879904 1.0 0.0 0.882352941175982 1.0 0.0 0.8235294117645426 1.0 0.0 0.7647058823531862 1.0 0.0 0.7058823529418294 1.0 0.0 0.6470588235304728 1.0 0.0 0.5882352941191161 1.0 0.0 0.5294117647077594 1.0 0.0 0.4705882352960763 1.0 0.0 0.4117647058840668 1.0 0.0 0.3529411764720572 1.0 0.0 0.2941176470600477 1.0 0.0 0.2352941176480381 1.0 0.0 0.1764705882360286 1.0 0.0 0.117647058824019 1.0 0.0 0.05882352941200952 1.0 0.0 0.0 0.9411764705879904 0.0 0.0 0.882352941175982 0.0 0.0 0.8235294117645426 0.0 0.0 0.7647058823531862 0.0 0.0 0.7058823529418294 0.0 0.0 0.6470588235304728 0.0 0.0 0.5882352941191161 0.0 0.0 0.5294117647077594 0.0 0.0 0.4705882352960763 0.0 0.0 0.4117647058840668 0.0 0.0 0.3529411764720572 0.0 0.0 0.2941176470600477 0.0 0.0 0.2352941176480381 0.0 0.0 0.1764705882360286 0.0 0.0 0.117647058824019 0.0 0.0 0.05882352941200952 0.0 0.0588235294116666 0.05882352941198809 0.0 0.05882352941168803 0.1176470588239777 0.0 0.05882352941170947 0.1764705882359633 0.0 0.05882352941173088 0.2352941176479484 0.0 0.05882352941175233 0.2941176470599334 0.0 0.05882352941177376 0.3529411764719185 0.0 0.05882352941179521 0.4117647058839035 0.0 0.05882352941181663 0.4705882352958886 0.0 0.05882352941183806 0.5294117647075761 0.0 0.05882352941185948 0.5882352941189658 0.0 0.05882352941188093 0.6470588235303556 0.0 0.05882352941190235 0.7058823529417454 0.0 0.05882352941192379 0.7647058823531354 0.0 0.05882352941194521 0.8235294117645249 0.0 0.05882352941196665 0.8823529411759924 0.0 0.05882352941198809 0.9411764705879957 0.0 0.1176470588233577 0.05882352941196664 0.0 0.117647058823399 0.1176470588239364 0.0 0.1176470588234403 0.1764705882358981 0.0 0.1176470588234817 0.2352941176478586 0.0 0.117647058823523 0.2941176470598193 0.0 0.1176470588235643 0.3529411764717797 0.0 0.1176470588236057 0.4117647058837403 0.0 0.117647058823647 0.4705882352957008 0.0 0.1176470588236884 0.5294117647073927 0.0 0.1176470588237297 0.5882352941188155 0.0 0.117647058823771 0.6470588235302384 0.0 0.1176470588238124 0.7058823529416615 0.0 0.1176470588238537 0.7647058823530842 0.0 0.117647058823895 0.8235294117645071 0.0 0.1176470588239364 0.8823529411760028 0.0 0.1176470588239777 0.941176470588001 0.0 0.1764705882349849 0.05882352941194523 0.0 0.1764705882350502 0.117647058823895 0.0 0.1764705882351154 0.1764705882358329 0.0 0.1764705882351806 0.2352941176477689 0.0 0.1764705882352459 0.2941176470597049 0.0 0.176470588235311 0.352941176471641 0.0 0.1764705882353763 0.4117647058835771 0.0 0.1764705882354415 0.4705882352955131 0.0 0.1764705882355067 0.5294117647072091 0.0 0.176470588235572 0.5882352941186652 0.0 0.1764705882356372 0.6470588235301213 0.0 0.1764705882357024 0.7058823529415774 0.0 0.1764705882357676 0.7647058823530332 0.0 0.1764705882358329 0.8235294117644891 0.0 0.1764705882358981 0.8823529411760135 0.0 0.1764705882359633 0.9411764705880061 0.0 0.2352941176466024 0.0588235294119238 0.0 0.2352941176466922 0.1176470588238537 0.0 0.2352941176467819 0.1764705882357677 0.0 0.2352941176468716 0.2352941176476792 0.0 0.2352941176469613 0.2941176470595908 0.0 0.2352941176470511 0.3529411764715022 0.0 0.2352941176471409 0.4117647058834139 0.0 0.2352941176472305 0.4705882352953254 0.0 0.2352941176473203 0.5294117647070257 0.0 0.23529411764741 0.588235294118515 0.0 0.2352941176474997 0.6470588235300041 0.0 0.2352941176475894 0.7058823529414933 0.0 0.2352941176476792 0.7647058823529825 0.0 0.2352941176477689 0.8235294117644714 0.0 0.2352941176478586 0.8823529411760237 0.0 0.2352941176479484 0.9411764705880115 0.0 0.2941176470582199 0.05882352941190237 0.0 0.2941176470583342 0.1176470588238124 0.0 0.2941176470584484 0.1764705882357024 0.0 0.2941176470585627 0.2352941176475895 0.0 0.2941176470586769 0.2941176470594765 0.0 0.2941176470587911 0.3529411764713635 0.0 0.2941176470589054 0.4117647058832505 0.0 0.2941176470590196 0.4705882352951376 0.0 0.2941176470591338 0.5294117647068423 0.0 0.2941176470592481 0.5882352941183646 0.0 0.2941176470593623 0.6470588235298869 0.0 0.2941176470594766 0.7058823529414093 0.0 0.2941176470595908 0.7647058823529316 0.0 0.2941176470597051 0.8235294117644537 0.0 0.2941176470598193 0.8823529411760345 0.0 0.2941176470599334 0.9411764705880168 0.0 0.3529411764698374 0.05882352941188094 0.0 0.352941176469976 0.117647058823771 0.0 0.352941176470115 0.1764705882356372 0.0 0.3529411764702537 0.2352941176474998 0.0 0.3529411764703924 0.2941176470593623 0.0 0.3529411764705312 0.3529411764712249 0.0 0.3529411764706699 0.4117647058830873 0.0 0.3529411764708086 0.4705882352949498 0.0 0.3529411764709473 0.5294117647066588 0.0 0.3529411764710861 0.5882352941182144 0.0 0.3529411764712249 0.6470588235297698 0.0 0.3529411764713635 0.7058823529413252 0.0 0.3529411764715023 0.7647058823528807 0.0 0.352941176471641 0.8235294117644361 0.0 0.3529411764717797 0.882352941176045 0.0 0.3529411764719185 0.941176470588022 0.0 0.411764705881455 0.05882352941185949 0.0 0.4117647058816182 0.1176470588237297 0.0 0.4117647058817814 0.176470588235572 0.0 0.4117647058819447 0.23529411764741 0.0 0.4117647058821078 0.2941176470592481 0.0 0.4117647058822712 0.3529411764710861 0.0 0.4117647058824344 0.411764705882924 0.0 0.4117647058825976 0.4705882352947621 0.0 0.4117647058827609 0.5294117647064754 0.0 0.4117647058829241 0.5882352941180641 0.0 0.4117647058830873 0.6470588235296526 0.0 0.4117647058832506 0.7058823529412411 0.0 0.4117647058834139 0.7647058823528298 0.0 0.4117647058835771 0.8235294117644183 0.0 0.4117647058837403 0.8823529411760552 0.0 0.4117647058839035 0.9411764705880272 0.0 0.4705882352930725 0.05882352941183806 0.0 0.4705882352932602 0.1176470588236884 0.0 0.470588235293448 0.1764705882355067 0.0 0.4705882352936357 0.2352941176473203 0.0 0.4705882352938234 0.2941176470591338 0.0 0.4705882352940111 0.3529411764709473 0.0 0.4705882352941989 0.4117647058827608 0.0 0.4705882352943866 0.4705882352945744 0.0 0.4705882352945744 0.5294117647062918 0.0 0.4705882352947621 0.5882352941179138 0.0 0.4705882352949499 0.6470588235295354 0.0 0.4705882352951376 0.705882352941157 0.0 0.4705882352953255 0.7647058823527787 0.0 0.4705882352955131 0.8235294117644003 0.0 0.4705882352957009 0.8823529411760659 0.0 0.4705882352958886 0.9411764705880326 0.0 0.5294117647048245 0.05882352941181663 0.0 0.529411764705008 0.117647058823647 0.0 0.5294117647051914 0.1764705882354415 0.0 0.5294117647053748 0.2352941176472305 0.0 0.5294117647055582 0.2941176470590196 0.0 0.5294117647057416 0.3529411764708085 0.0 0.529411764705925 0.4117647058825976 0.0 0.5294117647061086 0.4705882352943866 0.0 0.529411764706292 0.5294117647061084 0.0 0.5294117647064752 0.5882352941177634 0.0 0.5294117647066588 0.6470588235294181 0.0 0.5294117647068423 0.705882352941073 0.0 0.5294117647070257 0.7647058823527279 0.0 0.5294117647072093 0.8235294117643825 0.0 0.5294117647073927 0.8823529411760763 0.0 0.5294117647075759 0.9411764705880379 0.0 0.5882352941167114 0.0588235294117952 0.0 0.5882352941168617 0.1176470588236057 0.0 0.588235294117012 0.1764705882353762 0.0 0.5882352941171624 0.2352941176471408 0.0 0.5882352941173128 0.2941176470589054 0.0 0.5882352941174628 0.3529411764706699 0.0 0.5882352941176131 0.4117647058824344 0.0 0.5882352941177634 0.4705882352941989 0.0 0.5882352941179138 0.529411764705925 0.0 0.5882352941180641 0.5882352941176131 0.0 0.5882352941182144 0.6470588235293011 0.0 0.5882352941183647 0.7058823529409891 0.0 0.5882352941185148 0.764705882352677 0.0 0.5882352941186652 0.8235294117643648 0.0 0.5882352941188156 0.8823529411760866 0.0 0.5882352941189658 0.9411764705880432 0.0 0.6470588235285979 0.05882352941177375 0.0 0.6470588235287151 0.1176470588235644 0.0 0.6470588235288324 0.1764705882353111 0.0 0.6470588235289496 0.235294117647051 0.0 0.6470588235290666 0.2941176470587912 0.0 0.6470588235291839 0.3529411764705312 0.0 0.6470588235293011 0.4117647058822711 0.0 0.6470588235294183 0.4705882352940112 0.0 0.6470588235295354 0.5294117647057416 0.0 0.6470588235296526 0.588235294117463 0.0 0.6470588235297698 0.6470588235291839 0.0 0.6470588235298871 0.705882352940905 0.0 0.6470588235300041 0.7647058823526259 0.0 0.6470588235301211 0.823529411764347 0.0 0.6470588235302384 0.8823529411760973 0.0 0.6470588235303556 0.9411764705880485 0.0 0.7058823529404848 0.05882352941175232 0.0 0.705882352940569 0.117647058823523 0.0 0.705882352940653 0.1764705882352458 0.0 0.705882352940737 0.2352941176469613 0.0 0.7058823529408209 0.2941176470586769 0.0 0.7058823529409051 0.3529411764703924 0.0 0.7058823529409891 0.4117647058821079 0.0 0.705882352941073 0.4705882352938234 0.0 0.705882352941157 0.5294117647055582 0.0 0.7058823529412411 0.5882352941173125 0.0 0.7058823529413251 0.6470588235290669 0.0 0.7058823529414092 0.7058823529408208 0.0 0.7058823529414932 0.7647058823525751 0.0 0.7058823529415773 0.8235294117643293 0.0 0.7058823529416615 0.8823529411761076 0.0 0.7058823529417454 0.9411764705880539 0.0 0.7647058823523716 0.05882352941173089 0.0 0.7647058823524225 0.1176470588234817 0.0 0.7647058823524732 0.1764705882351806 0.0 0.7647058823525242 0.2352941176468716 0.0 0.7647058823525752 0.2941176470585627 0.0 0.7647058823526258 0.3529411764702536 0.0 0.764705882352677 0.4117647058819446 0.0 0.7647058823527281 0.4705882352936357 0.0 0.7647058823527787 0.5294117647053748 0.0 0.7647058823528295 0.5882352941171624 0.0 0.7647058823528804 0.6470588235289496 0.0 0.7647058823529315 0.7058823529407369 0.0 0.7647058823529825 0.7647058823525242 0.0 0.7647058823530333 0.8235294117643115 0.0 0.7647058823530842 0.8823529411761183 0.0 0.7647058823531353 0.941176470588059 0.0 0.8235294117642582 0.05882352941170946 0.0 0.823529411764276 0.1176470588234403 0.0 0.8235294117642937 0.1764705882351154 0.0 0.8235294117643117 0.2352941176467819 0.0 0.8235294117643294 0.2941176470584484 0.0 0.8235294117643472 0.3529411764701149 0.0 0.8235294117643648 0.4117647058817814 0.0 0.8235294117643825 0.470588235293448 0.0 0.8235294117644003 0.5294117647051914 0.0 0.8235294117644181 0.5882352941170118 0.0 0.8235294117644358 0.6470588235288324 0.0 0.8235294117644538 0.7058823529406529 0.0 0.8235294117644716 0.764705882352473 0.0 0.8235294117644893 0.8235294117642937 0.0 0.8235294117645071 0.8823529411761288 0.0 0.8235294117645249 0.9411764705880643 0.0 0.8823529411761498 0.05882352941168804 0.0 0.8823529411761392 0.117647058823399 0.0 0.8823529411761287 0.1764705882350502 0.0 0.8823529411761183 0.2352941176466922 0.0 0.882352941176108 0.2941176470583343 0.0 0.8823529411760974 0.3529411764699761 0.0 0.8823529411760868 0.4117647058816182 0.0 0.8823529411760763 0.4705882352932602 0.0 0.8823529411760659 0.529411764705008 0.0 0.8823529411760551 0.5882352941168616 0.0 0.8823529411760449 0.6470588235287151 0.0 0.8823529411760344 0.7058823529405688 0.0 0.8823529411760237 0.7647058823524225 0.0 0.8823529411760134 0.823529411764276 0.0 0.8823529411760028 0.8823529411761392 0.0 0.8823529411759926 0.9411764705880696 0.0 0.941176470588075 0.0588235294116666 0.0 0.9411764705880696 0.1176470588233577 0.0 0.9411764705880643 0.1764705882349849 0.0 0.941176470588059 0.2352941176466024 0.0 0.9411764705880539 0.2941176470582199 0.0 0.9411764705880484 0.3529411764698374 0.0 0.9411764705880432 0.411764705881455 0.0 0.9411764705880379 0.4705882352930725 0.0 0.9411764705880326 0.5294117647048245 0.0 0.9411764705880272 0.5882352941167114 0.0 0.9411764705880219 0.6470588235285979 0.0 0.9411764705880168 0.7058823529404846 0.0 0.9411764705880115 0.7647058823523715 0.0 0.9411764705880061 0.8235294117642582 0.0 0.941176470588001 0.8823529411761498 0.0 0.9411764705879957 0.941176470588075 0.0
</DataArray>
      </Points>
      <Cells>
        <DataArray type="Int64" Name="connectivity" NumberOfComponents="1" format="ascii">
 0 4 68 67 67 68 69 66 66 69 70 65 65 70 71 64 64 71 72 63 63 72 73 62 62 73 74 61 61 74 75 60 60 75 76 59 59 76 77 58 58 77 78 57 57 78 79 56 56 79 80 55 55 80 81 54 54 81 82 53 53 82 83 52 52 83 51 3 4 5 84 68 68 84 85 69 69 85 86 70 70 86 87 71 71 87 88 72 72 88 89 73 73 89 90 74 74 90 91 75 75 91 92 76 76 92 93 77 77 93 94 78 78 94 95 79 79 95 96 80 80 96 97 81 81 97 98 82 82 98 99 83 83 99 50 51 5 6 100 84 84 100 101 85 85 101 102 86 86 102 103 87 87 103 104 88 88 104 105 89 89 105 106 90 90 106 107 91 91 107 108 92 92 108 109 93 93 109 110 94 94 110 111 95 95 111 112 96 96 112 113 97 97 113 114 98 98 114 115 99 99 115 49 50 6 7 116 100 100 116 117 101 101 117 118 102 102 118 119 103 103 119 120 104 104 120 121 105 105 121 122 106 106 122 123 107 107 123 124 108 108 124 125 109 109 125 126 110 110 126 127 111 111 127 128 112 112 128 129 113 113 129 130 114 114 130 131 115 115 131 48 49 7 8 132 116 116 132 133 117 117 133 134 118 118 134 135 119 119 135 136 120 120 136 137 121 121 137 138 122 122 138 139 123 123 139 140 124 124 140 141 125 125 141 142 126 126 142 143 127 127 143 144 128 128 144 145 129 129 145 146 130 130 146 147 131 131 147 47 48 8 9 148 132 132 148 149 133 133 149 150 134 134 150 151 135 135 151 152 136 136 152 153 137 137 153 154 138 138 154 155 139 139 155 156 140 140 156 157 141 141 157 158 142 142 158 159 143 143 159 160 144 144 160 161 145 145 161 162 146 146 162 163 147 147 163 46 47 9 10 164 148 148 164 165 149 149 165 166 150 150 166 167 151 151 167 168 152 152 168 169 153 153 169 170 154 154 170 171 155 155 171 172 156 156 172 173 157 157 173 174 158 158 174 175 159 159 175 176 160 160 176 177 161 161 177 178 162 162 178 179 163 163 179 45 46 10 11 180 164 164 180 181 165 165 181 182 166 166 182 183 167 167 183 184 168 168 184 185 169 169 185 186 170 170 186 187 171 171 187 188 172 172 188 189 173 173 189 190 174 174 190 191 175 175 191 192 176 176 192 193 177 177 193 194 178 178 194 195 179 179 195 44 45 11 12 196 180 180 196 197 181 181 197 198 182 182 198 199 183 183 199 200 184 184 200 201 185 185 201 202 186 186 202 203 187 187 203 204 188 188 204 205 189 189 205 206 190 190 206 207 191 191 207 208 192 192 208 209 193 193 209 210 194 194 210 211 195 195 211 43 44 12 13 212 196 196 212 213 197 197 213 214 198 198 214 215 199 199 215 216 200 200 216 217 201 201 217 218 202 202 218 219 203 203 219 220 204 204 220 221 205 205 221 222 206 206 222 223 207 207 223 224 208 208 224 225 209 209 225 226 210 210 226 227 211 211 227 42 43 13 14 228 212 212 228 229 213 213 229 230 214 214 230 231 215 215 231 232 216 216 232 233 217 217 233 234 218 218 234 235 219 219 235 236 220 220 236 237 221 221 237 238 222 222 238 239 223 223 239 240 224 224 240 241 225 225 241 242 226 226 242 243 227 227 243 41 42 14 15 244 228 228 244 245 229 229 245 246 230 230 246 247 231 231 247 248 232 232 248 249 233 233 249 250 234 234 250 251 235 235 251 252 236 236 252 253 237 237 253 254 238 238 254 255 239 239 255 256 240 240 256 257 241 241 257 258 242 242 258 259 243 243 259 40 41 15 16 260 244 244 260 261 245 245 261 262 246 246 262 263 247 247 263 264 248 248 264 265 249 249 265 266 250 250 266 267 251 251 267 268 252 252 268 269 253 253 269 270 254 254 270 271 255 255 271 272 256 256 272 273 257 257 273 274 258 258 274 275 259 259 275 39 40 16 17 276 260 260 276 277 261 261 277 278 262 262 278 279 263 263 279 280 264 264 280 281 265 265 281 282 266 266 282 283 267 267 283 284 268 268 284 285 269 269 285 286 270 270 286 287 271 271 287 288 272 272 288 289 273 273 289 290 274 274 290 291 275 275 291 38 39 17 18 292 276 276 292 293 277 277 293 294 278 278 294 295 279 279 295 296 280 280 296 297 281 281 297 298 282 282 298 299 283 283 299 300 284 284 300 301 285 285 301 302 286 286 302 303 287 287 303 304 288 288 304 305 289 289 305 306 290 290 306 307 291 291 307 37 38 18 19 308 292 292 308 309 293 293 309 310 294 294 310 311 295 295 311 312 296 296 312 313 297 297 313 314 298 298 314 315 299 299 315 316 300 300 316 317 301 301 317 318 302 302 318 319 303 303 319 320 304 304 320 321 305 305 321 322 306 306 322 323 307 307 323 36 37 19 1 20 308 308 20 21 309 309 21 22 310 310 22 23 311 311 23 24 312 312 24 25 313 313 25 26 314 314 26 27 315 315 27 28 316 316 28 29 317 317 29 30 318 318 30 31 319 319 31 32 320 320 32 33 321 321 33 34 322 322 34 35 323 323 35 2 36
</DataArray>
        <DataArray type="Int64" Name="offsets" NumberOfComponents="1" format="ascii">
 4 8 12 16 20 24 28 32 36 40 44 48 52 56 60 64 68 72 76 80 84 88 92 96 100 104 108 112 116 120 124 128 132 136 140 144 148 152 156 160 164 168 172 176 180 184 188 192 196 200 204 208 212 216 220 224 228 232 236 240 244 248 252 256 260 264 268 272 276 280 284 288 292 296 300 304 308 312 316 320 324 328 332 336 340 344 348 352 356 360 364 368 372 376 380 384 388 392 396 400 404 408 412 416 420 424 428 432 436 440 444 448 452 456 460 464 468 472 476 480 484 488 492 496 500 504 508 512 516 520 524 528 532 536 540 544 548 552 556 560 564 568 572 576 580 584 588 592 596 600 604 608 612 616 620 624 628 632 636 640 644 648 652 656 660 664 668 672 676 680 684 688 692 696 700 704 708 712 716 720 724 728 732 736 740 744 748 752 756 760 764 768 772 776 780 784 788 792 796 800 804 808 812 816 820 824 828 832 836 840 844 848 852 856 860 864 868 872 876 880 884 888 892 896 900 904 908 912 916 920 924 928 932 936 940 944 948 952 956 960 964 968 972 976 980 984 988 992 996 1000 1004 1008 1012 1016 1020 1024 1028 1032 1036 1040 1044 1048 1052 1056 1060 1064 1068 1072 1076 1080 1084 1088 1092 1096 1100 1104 1108 1112 1116 1120 1124 1128 1132 1136 1140 1144 1148 1152 1156
</DataArray>
        <DataArray type="UInt8" Name="types" NumberOfComponents="1" format="ascii">
 9 9 9 9 9 9 9 9 9 9 9 9 9 9 9 9 9 9 9 9 9 9 9 9 9 9 9 9 9 9 9 9 9 9 9 9 9 9 9 9 9 9 9 9 9 9 9 9 9 9 9 9 9 9 9 9 9 9 9 9 9 9 9 9 9 9 9 9 9 9 9 9 9 9 9 9 9 9 9 9 9 9 9 9 9 9 9 9 9 9 9 9 9 9 9 9 9 9 9 9 9 9 9 9 9 9 9 9 9 9 9 9 9 9 9 9 9 9 9 9 9 9 9 9 9 9 9 9 9 9 9 9 9 9 9 9 9 9 9 9 9 9 9 9 9 9 9 9 9 9 9 9 9 9 9 9 9 9 9 9 9 9 9 9 9 9 9 9 9 9 9 9 9 9 9 9 9 9 9 9 9 9 9 9 9 9 9 9 9 9 9 9 9 9 9 9 9 9 9 9 9 9 9 9 9 9 9 9 9 9 9 9 9 9 9 9 9 9 9 9 9 9 9 9 9 9 9 9 9 9 9 9 9 9 9 9 9 9 9 9 9 9 9 9 9 9 9 9 9 9 9 9 9 9 9 9 9 9 9 9 9 9 9 9 9 9 9 9 9 9 9 9 9 9 9 9 9 9 9 9 9 9 9 9 9 9 9 9 9
</DataArray>
      </Cells>
      <PointData>
        <DataArray type="Float64" Name="Mode_1_w" NumberOfComponents="1" format="ascii">
 -4.074950182532764e-6 -4.074938440143448e-6 -4.074950047929149e-6 -4.074954237988822e-6 1.2266415215760538e-6 3.834178358780894e-8 5.026605902989942e-7 5.685178833443554e-7 6.681674283791932e-7 7.674842213741976e-7 8.099718265670541e-7 8.461611317050181e-7 8.461599230237737e-7 8.0996851649326e-7 7.674796271802395e-7 6.681671768064467e-7 5.685154340260787e-7 5.026607668507785e-7 3.833946515186005e-8 1.2266383630501646e-6 1.2266368179267316e-6 3.8338706887975154e-8 5.026616739867441e-7 5.685177530089257e-7 6.681625975568011e-7 7.674811156531129e-7 8.099629526338549e-7 8.461593425334817e-7 8.461587186827594e-7 8.099681287271544e-7 7.674852557906681e-7 6.681705101143813e-7 5.685179180983777e-7 5.026629932188319e-7 3.834496266083644e-8 1.2266403089226437e-6 1.2266440276719557e-6 3.834122842938033e-8 5.026620864460762e-7 5.685216028271803e-7 6.681694611768527e-7 7.674847856856858e-7 8.099730461822548e-7 8.461594388244478e-7 8.461656602629311e-7 8.099701277803433e-7 7.674886977234889e-7 6.681684197661152e-7 5.685204888077784e-7 5.026603273217606e-7 3.834068158794048e-8 1.226641439640453e-6 1.2266408918350417e-6 3.8338544727843543e-8 5.026642642841084e-7 5.685215079485653e-7 6.68174449587054e-7 7.674873565501361e-7 8.099733196369849e-7 8.461671323087931e-7 8.461658406670804e-7 8.09971728128063e-7 7.674876442971431e-7 6.681726773058191e-7 5.685212893978353e-7 5.026654748359758e-7 3.8340918414994726e-8 1.2266442583193404e-6 0.03405844874196639 0.06695559132473419 0.0975712642059351 0.1248644111065939 0.14790516134511758 0.16590940679882243 0.17826393954715555 0.18454824235958386 0.184548281458406 0.17826404596955606 0.1659095567505593 0.14790532823261066 0.1248645685828586 0.09757139157496465 0.06695567677155304 0.03405848974133056 0.06695556924329042 0.13162782552032454 0.19181632319630715 0.2454718607075216 0.29076816291921226 0.3261627397113492 0.3504507399009877 0.36280507156560915 0.3628051561527539 0.35045096706790463 0.32616305492811287 0.2907685115208567 0.24547219290592037 0.19181659936405718 0.1316280196993739 0.06695566814746048 0.09757119870594935 0.19181625114006748 0.2795268709648416 0.35771757098964185 0.42372618426742586 0.47530564075355 0.5106996421890221 0.5287032394207967 0.5287033682200272 0.5106999913185344 0.47530612720368803 0.4237267252743097 0.3577180939332554 0.2795273134363222 0.19181656878570735 0.0975713642164583 0.12486428631715506 0.24547167576019568 0.3577174222617435 0.45778000716223416 0.5422531009851862 0.6082605860889849 0.6535552859969572 0.6765949339476264 0.6765951021172293 0.6535557471638136 0.6082612368770524 0.5422538316840839 0.45778072026423144 0.35771802801603797 0.24547210870407982 0.12486451039733643 0.1479049565116174 0.2907678194336087 0.4237258083452567 0.542252833223748 0.6423134809393573 0.7205012660240733 0.7741540593735206 0.8014451971974976 0.8014454038855583 0.7741546303514988 0.720502078409995 0.6423143957618108 0.5422537249864569 0.4237265617809821 0.29076835241507404 0.14790523184498441 0.1659090996164134 0.32616218671400976 0.4753049563459022 0.6082599344923808 0.7205008418085919 0.8082062361734396 0.8683901292078635 0.8990033592935496 0.8990036069470325 0.8683908120651668 0.8082072090926858 0.7205019369195953 0.6082609940910152 0.4753058439244334 0.3261628115812672 0.16590942079862647 0.1782635128212045 0.3504499419286395 0.5106985864838643 0.653554153314889 0.7741530797860239 0.8683895401105098 0.9330550424242147 0.9659479284249274 0.9659482176869004 0.9330558356281444 0.8683906676247062 0.7741543469937323 0.6535553692045379 0.5106995965424034 0.3504506507732327 0.17826387615542777 0.18454769362417922 0.3628040240950778 0.5287018001885726 0.6765932917624716 0.801443612802464 0.8990021049029453 0.9659472310427432 0.9999996748605674 1.0 0.9659481229477193 0.8990033712451256 0.801445031339916 0.6765946464059336 0.5287029192360049 0.3628048085670132 0.18454809780775527 0.18454763114123787 0.36280389781786787 0.5287016061033634 0.6765930306788942 0.8014432948157066 0.8990017465245723 0.9659468543808375 0.9999992998934564 0.9999996461637322 0.9659478113194979 0.8990031115238445 0.8014448253484319 0.6765944953054179 0.5287028192132648 0.36280474892914927 0.18454806892788247 0.17826333707523476 0.35044958578574414 0.5106980411270423 0.6535534210291591 0.7741521889913386 0.8683885353214748 0.933053979375972 0.9659468671546273 0.9659472176042967 0.9330549524233104 0.8683899323673784 0.7741537662761229 0.6535549421138239 0.5106993113647876 0.35045048074070184 0.17826379592867522 0.16590884112797138 0.3261616618000393 0.4753041579267274 0.6082588682949526 0.7204995454994373 0.8082047720179931 0.8683885693213518 0.8990017925517524 0.8990021295905195 0.8683895038876305 0.8082061165769869 0.7205010725241486 0.6082603539342563 0.4753054154627187 0.3261625602064114 0.16590930460748884 0.14790465684126716 0.2907672129241566 0.4237248898427585 0.542251609787219 0.6423119908115741 0.7204995777588814 0.7741522535672793 0.801443372224621 0.8014436727483172 0.7741530888943925 0.7205007817141125 0.6423133612795869 0.5422529562117242 0.4237260507052182 0.2907680595718261 0.14790510072394095 0.12486399216532407 0.2454710804745676 0.357716515657675 0.4577787954242417 0.5422516204532564 0.6082589016563327 0.6535534802747152 0.6765931032665302 0.6765933501201153 0.6535541678680539 0.6082598957884213 0.5422527588948048 0.45777992564577197 0.3577175045669159 0.24547181504450913 0.12486438516177392 0.09757094715105295 0.1918157362608915 0.2795260827231445 0.35771651532789034 0.42372489078642434 0.4753041650268649 0.5106980603430898 0.5287016344882285 0.5287018200449778 0.5106985771910615 0.4753049166299771 0.42372575995658013 0.35771738523303365 0.2795268517289504 0.1918163167438536 0.09757126134387943 0.06695537950305756 0.13162743819486816 0.19181573636482707 0.24547107862658407 0.2907672033178718 0.3261616444834995 0.3504495674931959 0.36280388326143126 0.3628040059380107 0.3504499108103614 0.32616214738809296 0.2907677878879807 0.2454716655398203 0.19181626100675697 0.13162784052075652 0.06695559897637368 0.034058342079386815 0.06695537856100012 0.0975709477242528 0.12486399221081863 0.1479046486852911 0.16590882157786277 0.1782633128171605 0.18454760889106492 0.18454767027351726 0.1782634852894396 0.16590907517566758 0.14790494252232628 0.12486428671362348 0.09757121305764736 0.06695558489078704 0.034058455790615026
</DataArray>
        <DataArray type="Float64" Name="Mode_2_w" NumberOfComponents="1" format="ascii">
 -9.540209257003513e-6 1.2523371620554534e-11 9.540210559557839e-6 -4.460236906273998e-12 2.8024159468843093e-6 2.1592836468923733e-6 1.9153073019933725e-6 4.012958077114247e-6 2.5414986653231556e-6 4.20873809433263e-6 2.2534174892024067e-6 3.4482504937773776e-6 1.203246513345811e-6 2.248653539232338e-6 -3.6379334140416144e-8 1.2090303365045298e-6 -9.165612539201595e-7 7.240117700991449e-7 -1.1380192345940569e-6 5.877842737400006e-7 -5.877998158971466e-7 1.138012314401357e-6 -7.240217936151671e-7 9.165499884102944e-7 -1.2090453760693053e-6 3.6365507356509095e-8 -2.2486558896795217e-6 -1.2032490056397955e-6 -3.4482479024993367e-6 -2.2534110511948793e-6 -4.20873975814547e-6 -2.5414973594650812e-6 -4.012958161786514e-6 -1.915313897397984e-6 -2.1592831328141664e-6 -2.80241761846166e-6 -2.802416465484466e-6 -2.159286468285059e-6 -1.915310629815495e-6 -4.0129624122547985e-6 -2.541498142193378e-6 -4.208733095808199e-6 -2.25340803925366e-6 -3.4482470816584985e-6 -1.20324319057794e-6 -2.248657759805824e-6 3.637469094391844e-8 -1.2090375486970571e-6 9.165612811775493e-7 -7.240191328968139e-7 1.138019459434931e-6 -5.877953176590023e-7 5.877903115586363e-7 -1.1380166265322574e-6 7.240151906781832e-7 -9.165525244778679e-7 1.2090346525984964e-6 -3.6365345337966956e-8 2.2486551408771273e-6 1.20325488150205e-6 3.4482512672951736e-6 2.25341564492287e-6 4.20873722633546e-6 2.5415020207348793e-6 4.0129609262021405e-6 1.9153111845956145e-6 2.1592826168334006e-6 2.802415044467578e-6 0.08659267627184711 0.16582961740254545 0.23123946012988794 0.27795147855186075 0.3031548273282774 0.3064194833459752 0.28960600358202443 0.2565774443393816 0.21258994359978978 0.16358583198937113 0.11536731065915638 0.07286205887336722 0.03949548179851226 0.016821484803806915 0.004403197183526888 3.328395582175476e-8 0.16582960464525465 0.31732662326797206 0.44196704136143555 0.5302548860662133 0.5768316108532441 0.5809137490168588 0.5462716875760163 0.4805251530156394 0.39405886424656006 0.2985336928902503 0.2053453770425275 0.12411217743390605 0.06150012635771467 0.020453661723704872 1.297999928693533e-7 -0.004403065742527657 0.2312394233436982 0.4419669998690339 0.6142326876846395 0.7345616872219279 0.795387723498515 0.7958449575552655 0.7415835264303954 0.6438624701613245 0.5178570432349349 0.3805790742920211 0.2485533167084461 0.13568022130797738 0.051476459116695836 2.6327086071934966e-7 -0.020453287857052187 -0.01682129234911072 0.27795140729492446 0.5302547791095734 0.7345616012413083 0.8741401091576054 0.9398324982485949 0.930913421569147 0.8549636049086253 0.7265900892700877 0.565344866843903 0.39298207597652574 0.2305482964728155 0.09560047901581245 3.8082376760015635e-7 -0.051475816246378266 -0.06149965720566033 -0.039495233928481935 0.303154706138832 0.5768314079126846 0.795387508541211 0.9398323551948812 0.9999999195767834 0.9756575507818841 0.8762312044303097 0.7193642280968722 0.528364227773389 0.3290117307267365 0.14606356685301586 4.3773023967749206e-7 -0.09559964431098018 -0.13567949183676403 -0.12411162972306611 -0.0728617616696694 0.3064192995247322 0.5809134236296167 0.795844580754413 0.9309131008168867 0.9756573667965369 0.9305688440069166 0.8068447116564731 0.6246756094904329 0.4104296906162428 0.19301627074645983 4.0442308213332714e-7 -0.14606270125693668 -0.23054743004589706 -0.24855253285210435 -0.2053447743957239 -0.11536697991317506 0.2896057485481368 0.5462712293719469 0.7415829743441107 0.8549630889067393 0.8762308182341881 0.8068445061045149 0.6595328763636651 0.4564912998136328 0.226291126358481 2.8010164632783316e-7 -0.19301556913633208 -0.32901092981702507 -0.3929812316774784 -0.38057828126235577 -0.2985330710620076 -0.16358548974824302 0.25657711645197884 0.48052456472340765 0.643861747181854 0.726589376226101 0.7193636361633701 0.6246751963353393 0.45649108969795305 0.23831407753970696 9.276247729910458e-8 -0.22629075260449785 -0.41042915146482367 -0.5283635515138659 -0.5653441060940717 -0.5178562962951287 -0.39405826269509425 -0.21258960801919985 0.21258955169614094 0.39405816130061827 0.5178561701382668 0.5653439773063033 0.5283634423560561 0.4104290746651739 0.22629070874215618 -1.1439006588247141e-7 -0.23831410293269356 -0.45649114081001835 -0.6246752746567887 -0.7193637323772102 -0.7265894764556803 -0.6438618314290715 -0.4805246170213635 -0.2565771364628983 0.16358538882322238 0.2985329000986601 0.38057808249770164 0.39298104304462433 0.3290107773235082 0.19301546662675242 -3.3509293537482746e-7 -0.2262911578373601 -0.4564913376622931 -0.6595329396358103 -0.8068445974189004 -0.8762309250285775 -0.854963190808986 -0.7415830494846452 -0.5462712617406723 -0.2896057505109395 0.11536683772473627 0.20534453161399335 0.24855224984743038 0.23054716091204516 0.14606248173919906 -5.562093726557739e-7 -0.1930163572758877 -0.4104297371404579 -0.6246756503777794 -0.8068447711556261 -0.9305689322601408 -0.9756574778189229 -0.9309132117886413 -0.7958446615449596 -0.5809134581528287 -0.3064193017644949 0.07286159100564382 0.124111333346195 0.1356791380279298 0.09559929610842335 -7.298483528854601e-7 -0.14606377416019056 -0.3290118516381356 -0.528364281532863 -0.7193642480568168 -0.8762312265148561 -0.9756575987985983 -1.0 -0.9398324515285067 -0.7953875890889248 -0.5768314511370704 -0.30315471832604496 0.03949505503760591 0.061499340222929785 0.05147542534938946 -7.779204426482607e-7 -0.09560082057970994 -0.23054854036253614 -0.39298221192971855 -0.5653449076364082 -0.7265900657151373 -0.8549635606566265 -0.9309133975392723 -0.9398325166903881 -0.8741401640653441 -0.7345616656196325 -0.530254826949679 -0.27795142927147554 0.016821126502104523 0.02045298919766089 -6.399522923753684e-7 -0.051476850887349414 -0.13568056247566881 -0.2485535560440416 -0.380579193713916 -0.5178570541032471 -0.6438624003642728 -0.7415834197396352 -0.7958448653240324 -0.7953876824449113 -0.7345616976576393 -0.6142327259330551 -0.4419670414164388 -0.23123944896852183 0.004402932480819687 -3.6750188461440766e-7 -0.020453962134790612 -0.06150044271682556 -0.12411245469224531 -0.20534556527154277 -0.2985337729528003 -0.3940588470919217 -0.48052506396182626 -0.5462715633044642 -0.5809136361867034 -0.5768315434384301 -0.5302548681470797 -0.44196705569546657 -0.3173266500051383 -0.1658296255656379 -1.0949962060582116e-7 -0.004403331347538569 -0.016821652478303896 -0.03949565884655635 -0.07286221384374046 -0.11536741296066629 -0.16358586973777117 -0.21258992347864689 -0.25657738170730154 -0.2896059224772793 -0.3064194090625237 -0.3031547767635663 -0.2779514577052648 -0.2312394620267537 -0.16582962940965013 -0.08659268742975158
</DataArray>
        <DataArray type="Float64" Name="Mode_3_w" NumberOfComponents="1" format="ascii">
 -1.3542455850195824e-11 -9.540214240062709e-6 6.428794830272816e-13 9.540202392467564e-6 5.877980519050702e-7 -1.1380134416833632e-6 7.240203427038972e-7 -9.165535601021879e-7 1.20903531844538e-6 -3.6367504979832486e-8 2.248656978226455e-6 1.2032467238276445e-6 3.4482481041019297e-6 2.2534080925191884e-6 4.208732605632143e-6 2.541494954200355e-6 4.0129555441739865e-6 1.9153107073590375e-6 2.159283861476334e-6 2.8024181426424004e-6 2.802418212022117e-6 2.159285824801308e-6 1.915306492289933e-6 4.012959520856259e-6 2.5414964827747326e-6 4.208736732539693e-6 2.2534128408639227e-6 3.4482480313290195e-6 1.2032431823888147e-6 2.24865259561794e-6 -3.637584722998227e-8 1.2090356733769143e-6 -9.165558078763026e-7 7.240198720918347e-7 -1.138018161972765e-6 5.87792455528585e-7 -5.877925856135206e-7 1.1380162735030535e-6 -7.240183153712131e-7 9.165557864941281e-7 -1.2090368284728718e-6 3.636760763236134e-8 -2.248658419380876e-6 -1.2032502477433322e-6 -3.448250419977724e-6 -2.253414693868319e-6 -4.208735370353061e-6 -2.541503345980386e-6 -4.012957733008955e-6 -1.915309235755814e-6 -2.1592812668214134e-6 -2.8024165183553376e-6 -2.8024159028223444e-6 -2.1592864103108554e-6 -1.9153086478537065e-6 -4.012961670702176e-6 -2.5415004600665113e-6 -4.208741205042785e-6 -2.2534133767891947e-6 -3.448248815396581e-6 -1.2032442926849148e-6 -2.2486475519838823e-6 3.637998389627389e-8 -1.2090324054542194e-6 9.16560128450381e-7 -7.240142711293542e-7 1.1380209055591363e-6 -5.877880568729261e-7 1.2728820236398418e-7 -0.004402888700845819 -0.016821051755326378 -0.039494946998181846 -0.0728614388434938 -0.11536663502176565 -0.16358515956037878 -0.21258933870842606 -0.25657694556901145 -0.28960561496871606 -0.3064191810671214 -0.3031545858464106 -0.27795128384046236 -0.23123930665229558 -0.1658295106304758 -0.08659262360219103 0.004403367872570258 4.549020787758332e-7 -0.020452833808847357 -0.06149910223198686 -0.12411099996540774 -0.20534410695504265 -0.298532434304984 -0.394057733622977 -0.48052422143363865 -0.5462709570916204 -0.5809131765194322 -0.5768311506067052 -0.5302545119525839 -0.4419667470116353 -0.3173264200294772 -0.16582950373124747 0.01682170224587436 0.020454084474444214 8.724299195153259e-7 -0.05147504912953173 -0.13567860921394803 -0.24855159546737995 -0.3805773782602173 -0.5178555219790212 -0.6438612155495467 -0.7415825379613169 -0.7958441787177102 -0.7953870946149534 -0.734561174707002 -0.6142322892476109 -0.4419667305084129 -0.23123929136461707 0.03949571369087593 0.0615005916085544 0.051477150398256934 1.274851204958594e-6 -0.09559859310162036 -0.2305462968014583 -0.39298011885395695 -0.565343113722097 -0.7265886380216626 -0.8549624568512871 -0.930912517904636 -0.939831777575216 -0.8741395343675372 -0.7345611651217082 -0.5302544912569626 -0.2779512679335907 0.07286227810456795 0.12411263293055844 0.13568092066373924 0.0956014090089218 1.5600980574006698e-6 -0.14606146303171264 -0.32900968392432745 -0.5283623971154346 -0.7193627072724065 -0.8762299978840374 -0.9756566116129987 -0.9999991974935386 -0.9398318093935314 -0.7953871134732821 -0.576831152801357 -0.30315458276112567 0.1153674929552665 0.20534577047352734 0.24855394598046124 0.2305491645234936 0.1460646494114252 1.6335337240049658e-6 -0.19301429496248756 -0.41042792597057776 -0.6246741416051105 -0.8068435500637748 -0.9305679616275659 -0.9756567251563283 -0.930912655540689 -0.7958442856280409 -0.5809132421319944 -0.30641921246655385 0.16358595529420356 0.2985339753961219 0.38057955514666314 0.39298278050248414 0.3290126558473548 0.19301736655949916 1.4621643421458252e-6 -0.22628956433938532 -0.4564899943258116 -0.6595318511734727 -0.8068437564480218 -0.8762303172209701 -0.8549627881164971 -0.7415828123672548 -0.5462711490372847 -0.28960571481452474 0.21258999110680848 0.39405900028169216 0.5178573202633792 0.5653453302179183 0.528364901497632 0.4104305544335028 0.22629212268723145 1.1577300867537086e-6 -0.23831301552447032 -0.4564902631873953 -0.6246746288591597 -0.7193633129522122 -0.7265892444032019 -0.6438617363934844 -0.4805246041845234 -0.2565771502001845 0.25657741379779864 0.48052513884333253 0.6438625370073822 0.7265902996647884 0.7193646283800128 0.624676211067438 0.4564920771477267 0.23831498644689728 8.821648461882963e-7 -0.22629012268371934 -0.41042871800841535 -0.528363314237824 -0.5653440242984376 -0.5178563172755105 -0.39405832963597437 -0.21258966196638585 0.28960591488808113 0.5462715588098211 0.7415834340457843 0.8549636263995256 0.8762313987593787 0.8068451065136435 0.6595334674514307 0.45649185300191325 0.22629160850311472 6.498983213615022e-7 -0.19301534369526022 -0.3290108552343152 -0.39298127588683257 -0.3805783913902376 -0.2985331963995388 -0.16358557543796 0.30641936482778925 0.5809135660971381 0.7958447921209206 0.930913354966957 0.9756576450724369 0.9305691276073614 0.8068449761276242 0.6246758429772158 0.41042987801361497 0.19301638510962213 4.260968111680577e-7 -0.14606277687681726 -0.23054758114409105 -0.24855271374423057 -0.20534494208594295 -0.11536708715257567 0.30315471130544225 0.576831437199593 0.795387569399663 0.9398324354666063 1.0 0.9756576089832907 0.8762312212472073 0.7193641999913717 0.52836415732177 0.3290116126388704 0.1460633996440366 2.2996540613254048e-7 -0.09559987589935079 -0.13567972000147002 -0.12411182036252662 -0.07286187527338384 0.2779513922369395 0.5302547632152093 0.7345615904237157 0.8741400932693585 0.9398324548504073 0.9309133286164644 0.8549634517272041 0.7265898776774754 0.5653446074079246 0.39298178141197393 0.2305479856113937 0.0956001766029982 1.0274928211783124e-7 -0.05147605924923732 -0.0614998458935647 -0.03949534007049796 0.23123940908686105 0.4419669739032902 0.6142326462552538 0.7345616175348446 0.7953876069844541 0.7958447798215021 0.7415832849011043 0.64386216790335 0.5178566881755209 0.38057868862979694 0.24855293846811585 0.13567988648810045 0.05147618168929217 4.165489297211138e-8 -0.02045345018216598 -0.016821381303352232 0.16582959723994614 0.31732659720279593 0.44196698761996306 0.5302547955057355 0.5768314731884918 0.580913560895612 0.5462714472418909 0.4805248581889474 0.3940585211724716 0.2985333259561348 0.20534502923506276 0.12411188849620344 0.0614999056545913 0.020453496406838304 1.2335848022650956e-8 -0.004403128938220338 0.0865926753934845 0.16582960088509052 0.23123941972171705 0.2779514119217851 0.30315473286169226 0.30641936326476793 0.2896058536070071 0.25657725843470375 0.2125897296986485 0.16358560634265704 0.11536709968598635 0.07286188974870138 0.039495360865807586 0.0168213988886623 0.004403135861469079 -0.0
</DataArray>
        <DataArray type="Float64" Name="Mode_4_w" NumberOfComponents="1" format="ascii">
 -1.3709934003389377e-5 1.3709934427897098e-5 -1.370994295875553e-5 1.3709930388592862e-5 4.313125792716547e-6 5.709515492087358e-6 4.498518340251423e-6 8.382130933837405e-6 5.134709947917892e-6 6.7290574275016065e-6 2.4029700390140603e-6 2.3884955203473944e-6 -2.3884872106565565e-6 -2.40296768572459e-6 -6.729054780811567e-6 -5.134706084822225e-6 -8.382129667316293e-6 -4.49851856102237e-6 -5.709515466943439e-6 -4.313122856198105e-6 -4.313123300243484e-6 -5.709515064512322e-6 -4.498517390484198e-6 -8.382133205551436e-6 -5.134708882267266e-6 -6.7290590514987655e-6 -2.402977194869952e-6 -2.388499485653169e-6 2.38848699316036e-6 2.402965127302965e-6 6.729055565316149e-6 5.134708681450413e-6 8.3821358908173e-6 4.498523069727381e-6 5.709522674784153e-6 4.313127536285889e-6 4.313125422110191e-6 5.709521636520957e-6 4.498523864058519e-6 8.3821395048757e-6 5.134715657569354e-6 6.729060750780842e-6 2.4029761533181108e-6 2.3884960570035182e-6 -2.3884890217521093e-6 -2.402968162969128e-6 -6.7290549883953995e-6 -5.134708933159746e-6 -8.382130045206065e-6 -4.498519520583492e-6 -5.709514593104463e-6 -4.313119800653735e-6 -4.313120759679729e-6 -5.7095112599081815e-6 -4.498519365794435e-6 -8.382129878707317e-6 -5.134709301807497e-6 -6.72905690721043e-6 -2.4029724861360636e-6 -2.3884983414900034e-6 2.3884892251026014e-6 2.4029666581053773e-6 6.729055117816014e-6 5.134711120986472e-6 8.382130037553107e-6 4.498517584575984e-6 5.709516473666021e-6 4.313124853486263e-6 0.1324545083671056 0.2467521161255915 0.3274897631611089 0.36404974590824923 0.3514459379593256 0.2915131480733429 0.1922417931160298 0.06711055229078076 -0.06711082206612727 -0.19224201621576453 -0.29151329391317066 -0.35144600237746365 -0.3640497462358585 -0.32748972245692254 -0.24675206100605612 -0.13245447063249366 0.24675212164725704 0.4593964025329229 0.6098300669209875 0.6778073129591954 0.654423685678396 0.5427501686043029 0.35798675797592244 0.12492044414499008 -0.12492092357424796 -0.35798715462115716 -0.5427504244760977 -0.6544237897014781 -0.6778072959465554 -0.6098299787125951 -0.4593962990937277 -0.24675205517950313 0.327489787513109 0.6098300966220987 0.8093907580320941 0.8997014472559148 0.8685807335323233 0.7204323748055335 0.4751204779568451 0.1658436380184329 -0.16584423765356282 -0.47512096804649734 -0.7204326760890734 -0.8685808272096259 -0.8997013778857454 -0.809390605566913 -0.6098299424619519 -0.32748969401815625 0.364049802730953 0.6778074051953941 0.8997015236062487 0.9999996267960288 0.9654817989629291 0.8007385513168451 0.5281400537362902 0.18430370004420293 -0.18430432107175745 -0.5281405439351969 -0.8007388189302266 -0.9654818249941728 -0.9999994693226658 -0.8997012821625372 -0.6778071829669692 -0.3640496756436282 0.3514460412364175 0.6544238636998093 0.8685809250907034 0.9654819287746967 0.9320858617979491 0.7731023304493414 0.5098567517792132 0.17796772523705195 -0.17796827877072982 -0.5098571610738382 -0.7731024987103734 -0.9320857771162653 -0.9654816584913875 -0.8685805794205133 -0.6544235597776435 -0.35144586968622715 0.2915133019655739 0.5427504374553651 0.7204326930553866 0.8007388344589458 0.7731024935072239 0.6411786581574199 0.4229051455971166 0.14757526713935717 -0.1475757170259669 -0.4229054430692889 -0.6411787041225058 -0.7731022791511811 -0.8007384356212471 -0.7204322330174512 -0.5427500449704105 -0.29151307859023023 0.19224199038465037 0.35798710744067685 0.4751209041417256 0.5281404621530751 0.5098570462418757 0.4229052755902588 0.27889082346474053 0.09735839627240997 -0.0973587804084815 -0.2788910422317498 -0.42290522363422767 -0.5098567132099945 -0.5281399319526929 -0.4751203194375124 -0.35798661766962536 -0.19224171256754663 0.06711077837187424 0.12492084288133022 0.16584412171017085 0.18430416015865025 0.17796805914548416 0.1475754282193556 0.0973584222301744 0.03395610738158274 -0.03395651234288405 -0.09735863900282093 -0.1475753406913537 -0.1779676543548889 -0.18430352707662787 -0.16584342402037813 -0.12492025902018285 -0.06711044792468498 -0.06711059570838451 -0.12492053281957234 -0.16584378172755845 -0.1843039170171806 -0.17796802583853402 -0.14757565199435585 -0.09735886360375044 -0.03395663393778953 0.033956105214752494 0.09735855350498251 0.1475756904685017 0.17796842811565958 0.18430459000899946 0.16584454549425895 0.12492118308368158 0.06711096771012715 -0.19224183048448004 -0.35798684337168885 -0.4751206358775294 -0.5281403072915952 -0.5098571086453964 -0.4229056016498683 -0.2788913692881604 -0.09735902405985908 0.09735827699464918 0.27889086624250087 0.4229054928109964 0.5098574194308051 0.5281409392144468 0.4751213961241294 0.35798751060065503 0.1922422175618333 -0.29151318337220244 -0.5427502530684767 -0.7204325400103634 -0.8007388254045061 -0.7731027249120269 -0.6411791674969649 -0.4229058773158736 -0.1475760728015605 0.14757504581323524 0.42290510725867875 0.6411788232630331 0.7731028501627966 0.8007393264229278 0.720433218356231 0.5427508765716827 0.29151355094502157 -0.3514459771239071 -0.6544237812431426 -0.8685809131125576 -0.9654820915525829 -0.9320862822932684 -0.7731030334531902 -0.5098576744425038 -0.1779687174705419 0.17796742130823884 0.5098566363263921 0.7731024259727292 0.932086159636425 0.9654823814095936 0.8685814341789552 0.6544243033932575 0.3514462965470315 -0.36404979336754334 -0.6778074254712371 -0.8997016443742821 -0.9999999316783338 -0.96548235560328 -0.8007393756619758 -0.5281410840144399 -0.18430479839469543 0.18430334335906268 0.5281398705785655 0.8007385664566731 0.965482010410047 1.0 0.8997019752443705 0.677807814767986 0.36405004782239764 -0.3274898125057115 -0.6098301816566196 -0.8093909509641892 -0.899701806192856 -0.86858131306588 -0.720433188103321 -0.4751214730536084 -0.16584469542257083 0.16584327874499913 0.4751202602196649 0.7204323263306351 0.8685808658319923 0.8997017353271098 0.809391131299733 0.6098304469259201 0.3274899990628979 -0.24675215350338872 -0.45939649255767495 -0.609830248543238 -0.6778076225142364 -0.6544241586155545 -0.5427508176290008 -0.35798754857817877 -0.12492128556725193 0.12492015106991528 0.3579865640966925 0.5427501010907525 0.6544237623150435 0.6778075185618293 0.6098303426529164 0.4593966597792153 0.24675227560502902 -0.13245452715228567 -0.24675216869550018 -0.32748986946307745 -0.3640499226124815 -0.3514462014519011 -0.29151350681038374 -0.1922422304572543 -0.06711102027523268 0.06711038869401172 0.19224168134685485 0.2915131051183299 0.3514459740151059 0.3640498549714427 0.32748991183728904 0.24675225201527934 0.1324545874978346
</DataArray>
        <DataArray type="Float64" Name="Mode_5_w" NumberOfComponents="1" format="ascii">
 1.2658054666937636e-5 1.2658060119369974e-5 1.2658050287295408e-5 1.2658048478811665e-5 -5.753294869880159e-6 -3.5651360002197205e-6 -5.736546770986808e-6 -5.82069044117453e-6 -5.2868292752654766e-6 -4.3892688060518005e-6 -3.374301481460897e-6 -2.7996964603998245e-6 -2.7996945136958727e-6 -3.3742966210318526e-6 -4.389271098721153e-6 -5.286827722067637e-6 -5.8206901083109925e-6 -5.736545795979193e-6 -3.5651376937343066e-6 -5.753297372268368e-6 -5.75329722100346e-6 -3.565137236954506e-6 -5.736550198339841e-6 -5.820693206366161e-6 -5.2868317203326246e-6 -4.38927583995252e-6 -3.3743023741303367e-6 -2.799703573371019e-6 -2.7996983805035176e-6 -3.3743015893573397e-6 -4.389265495700096e-6 -5.286827192943076e-6 -5.820685239134002e-6 -5.736546898692712e-6 -3.565133205443758e-6 -5.753291139997186e-6 -5.753293908043659e-6 -3.565135191913155e-6 -5.73654356083243e-6 -5.820685668804128e-6 -5.28682920870519e-6 -4.389268429703022e-6 -3.3742991020690145e-6 -2.799694107332469e-6 -2.7996949654335524e-6 -3.3742989435246727e-6 -4.389265320819398e-6 -5.286826964079739e-6 -5.820685134805249e-6 -5.7365402229414336e-6 -3.565131779913256e-6 -5.753291320595375e-6 -5.753292035225081e-6 -3.565132211358892e-6 -5.736543492703158e-6 -5.820682073667007e-6 -5.286828310531264e-6 -4.389269085866523e-6 -3.3743031096743413e-6 -2.7996997665952124e-6 -2.7997019192060894e-6 -3.3743047860037064e-6 -4.389272892194988e-6 -5.2868273596472464e-6 -5.820688523102468e-6 -5.736542660773423e-6 -3.5651360531659403e-6 -5.753290740535756e-6 -0.10103907090300127 -0.18520825682046083 -0.24025553938756297 -0.26175153357794845 -0.25400151508163715 -0.22839965938975176 -0.1997029205001628 -0.18137199192294415 -0.18137197231345728 -0.19970286228242806 -0.2283995677338397 -0.254001400183874 -0.26175140809231556 -0.24025541833307332 -0.18520815805959875 -0.10103901437184873 -0.18520825291815152 -0.3377145586629425 -0.4338790035789132 -0.4653960831360733 -0.4410993291712238 -0.3836914544117178 -0.32242315894762297 -0.28391817173194944 -0.2839181413727967 -0.32242306891581296 -0.3836913101447773 -0.44109914321862415 -0.4653958739307704 -0.4338787959452044 -0.33771438657550373 -0.18520815404475455 -0.2402555190592593 -0.4338789748953387 -0.5473868849776077 -0.5695836598498885 -0.5141460129951684 -0.4148398195938843 -0.31481966094030484 -0.2532476649485617 -0.2532476379554914 -0.3148195802722953 -0.4148396886845179 -0.514145836438809 -0.5695834448079945 -0.547386657074165 -0.4338787796430978 -0.24025540469243983 -0.26175147572812574 -0.4653959853331103 -0.5695835700069433 -0.5613802126636007 -0.4595345818346959 -0.3083063111096836 -0.16374255560844783 -0.07652148782504425 -0.07652147743286011 -0.1637425244610732 -0.3083062575454551 -0.4595344946453548 -0.5613800764623122 -0.569583395928415 -0.46539581931708035 -0.2617513736213287 -0.25400139578164466 -0.44109911560566156 -0.5141457654814565 -0.4595344001165323 -0.3009983699892485 -0.0922541106779579 0.09930336508672051 0.21295335315105116 0.21295333596693994 0.09930331671689857 -0.09225417622336847 -0.3009984190078322 -0.4595343932690791 -0.5141456933638919 -0.441099013881896 -0.2540013235769046 -0.2283994667297669 -0.38369110036965115 -0.4148393759836497 -0.3083058909309625 -0.09225384698324003 0.17176258634193675 0.4071283908754692 0.5450352205966917 0.5450351723722686 0.40712825385034934 0.17176239377137598 -0.09225403403948428 -0.3083060134159616 -0.4148394100141004 -0.38369106999575775 -0.22839942873999564 -0.19970266871716702 -0.32242268726975265 -0.3148190453134114 -0.16374191465105312 0.0993038918724363 0.40712868011065556 0.6765913083669849 0.8331957592915138 0.8331956887805069 0.6765911067630814 0.4071283952075083 0.0993036060031914 -0.16374212895841506 -0.3148191552246961 -0.32242271032202424 -0.19970265811472757 -0.18137171670347188 -0.28391765000507957 -0.2532469671946699 -0.07652072539338198 0.21295404502080512 0.5450357155462306 0.833195991946703 0.9999999498845211 0.9999998737649612 0.8331957770753756 0.5450354124155188 0.21295373434142986 -0.07652096836386538 -0.2532471057671261 -0.28391769934068506 -0.18137172283716715 -0.1813717222906702 -0.2839176640826596 -0.25324698787702876 -0.07652074766791368 0.2129540282745808 0.5450357147387658 0.8331960167112403 1.0 0.999999938665792 0.833195846925742 0.5450354788908233 0.2129537865873686 -0.0765209392562743 -0.2532471000309029 -0.28391770693375307 -0.18137173040541268 -0.19970268942249805 -0.3224227335632243 -0.3148191130956999 -0.16374198668356627 0.09930384128119582 0.40712867776537476 0.6765913748681136 0.8331958936795987 0.833195865394936 0.6765912973417506 0.4071285748233588 0.09930374535125726 -0.16374205179290593 -0.3148191394288795 -0.3224227303801935 -0.1997026789030758 -0.22839950695886135 -0.3836911836103689 -0.41483949680396653 -0.308306020393059 -0.09225393926222154 0.1717625728624992 0.4071284785012581 0.5450354032378109 0.5450354171888427 0.4071285194543591 0.17176264157223828 -0.09225384483540394 -0.3083059115819701 -0.41483939107714624 -0.3836910985820838 -0.22839945811013757 -0.2540014536863786 -0.44109923436133613 -0.5141459373881767 -0.45953458870161173 -0.3009985141854969 -0.09225415453298809 0.09930344499418933 0.21295354397879238 0.2129535992554624 0.09930360467557867 -0.09225391023327778 -0.30099822167536894 -0.45953429531073564 -0.5141456859406784 -0.4410990530150874 -0.25400135821964404 -0.2617515477816205 -0.46539613325999224 -0.5695837829032807 -0.5613804479833838 -0.459534771795328 -0.3083063941820183 -0.1637425057219254 -0.07652131882587968 -0.07652123057120837 -0.16374225327829328 -0.3083060160336036 -0.4595343285085768 -0.5613800099172088 -0.5695834137132902 -0.4653958728627008 -0.26175141374386 -0.24025559876073477 -0.433879135276372 -0.5473871115705587 -0.5695839080258006 -0.5141462194369244 -0.41483992738080866 -0.3148196422162623 -0.25324753039817366 -0.25324742666437305 -0.3148193500339464 -0.41483949841133083 -0.5141457251238701 -0.5695834225550507 -0.547386700481015 -0.43387884364424745 -0.2402554481136535 -0.18520832569038456 -0.3377147017606787 -0.4338792002260521 -0.465396295033345 -0.4410995069325386 -0.3836915544320334 -0.3224231585899289 -0.28391807812843645 -0.2839179867239525 -0.3224229021871927 -0.3836911820624916 -0.44109908411360405 -0.46539588350953054 -0.43387884853321795 -0.33771444711032766 -0.18520819263697139 -0.101039116220986 -0.18520834435078004 -0.24025565688722028 -0.2617516575688538 -0.25400161915621056 -0.2283997194884989 -0.19970292455434102 -0.18137194483662558 -0.18137189207152649 -0.19970277618792107 -0.22839950341213408 -0.25400137529380645 -0.26175142207140734 -0.24025545454418518 -0.18520819591181084 -0.1010390376524783
</DataArray>
        <DataArray type="Float64" Name="Mode_6_w" NumberOfComponents="1" format="ascii">
 -1.0827656294831022e-12 1.155034150518345e-11 1.2778417834294324e-12 6.6966782570565416e-12 5.531739130502627e-7 5.98831819175879e-7 -1.9430186948046733e-7 -1.907493419957632e-6 -4.285115868698129e-6 -6.8555177120629995e-6 -9.019098750599372e-6 -1.025641185717034e-5 -1.0256418235352021e-5 -9.019102981574815e-6 -6.855525561712395e-6 -4.285119120257162e-6 -1.907503029516193e-6 -1.9430525154000712e-7 5.988295504375115e-7 5.531738076566365e-7 -5.5318063351117e-7 -5.988374916338617e-7 1.9429722546284398e-7 1.9074905115613354e-6 4.285112524141093e-6 6.8555107232552185e-6 9.019094599726208e-6 1.0256409581851152e-5 1.0256408850557891e-5 9.019095357625516e-6 6.855512809759235e-6 4.285110846003069e-6 1.907493936398805e-6 1.943021865529504e-7 -5.988306317868429e-7 -5.531749900990839e-7 5.531742358045573e-7 5.988361824854374e-7 -1.9429726906446334e-7 -1.907498561526719e-6 -4.285114809473982e-6 -6.855520036953371e-6 -9.019097542589252e-6 -1.025641228776536e-5 -1.0256408588068417e-5 -9.01909880955974e-6 -6.855515517832939e-6 -4.2851199458706775e-6 -1.907496509247449e-6 -1.9430160883796456e-7 5.9883369653613e-7 5.531748392893926e-7 -5.531768735737856e-7 -5.988300842057092e-7 1.943000646033439e-7 1.90749568849514e-6 4.2851093655970556e-6 6.855516604485477e-6 9.019091973226128e-6 1.0256410711767096e-5 1.02564114134672e-5 9.01910016003065e-6 6.8555171457880054e-6 4.285118433891662e-6 1.9074983470865668e-6 1.9430323617493268e-7 -5.988354603200258e-7 -5.531759695270362e-7 2.149025669378525e-8 0.0171384540837342 0.06285403416202383 0.13886991039166888 0.23615695935483672 0.33717225286633956 0.42071994395411216 0.4679923365747614 0.4679922709662125 0.4207197566997453 0.33717197408958555 0.2361566395052596 0.13886960715841454 0.06285379435055964 0.017138299131816706 -5.119277236735794e-8 -0.017138363519227536 9.094675983599312e-8 0.0744610345765274 0.2101550640396428 0.38980077640270455 0.5793087195327133 0.7373227507943694 0.8270843876755168 0.8270842689712007 0.7373224086125177 0.5793082061696967 0.3898001843925198 0.21015450064483981 0.07446058310619083 -2.0821905059480047e-7 -0.017138506753126646 -0.06285390154815328 -0.07446077963170611 1.7351229129707007e-7 0.1673842535818831 0.40354176138397413 0.6596702921014859 0.8761881746541751 0.9999995401843188 0.9999993884074012 0.8761877375056161 0.6596696327999063 0.4035409965428767 0.1673835186710786 -4.258683000335617e-7 -0.07446118596046564 -0.0628541006613833 -0.13886975946914726 -0.21015478091604847 -0.16738387241435093 2.101438495404167e-7 0.26268614989218414 0.5595676007719093 0.8154504369014869 0.963110480162511 0.9631103220123207 0.8154499787323866 0.5595669051225367 0.262685336818867 -5.774379069892655e-7 -0.1673845207804193 -0.2101552253679937 -0.13886998086644284 -0.2361568284458185 -0.3898005297949835 -0.4035414279808599 -0.26268577186636044 1.828163337828532e-7 0.31378541007015626 0.5908916057706153 0.752576427172195 0.7525762868381669 0.5908911962120635 0.31378478425054945 -5.51129843969938e-7 -0.2626864835746254 -0.4035420113714203 -0.38980092801805977 -0.2361570261961024 -0.33717218747128724 -0.5793085859275499 -0.6596700954661808 -0.5595673516476645 -0.3137851214883879 1.5026542516950366e-7 0.2846265306870576 0.4526599632813346 0.4526598591821692 0.2846262278685582 -3.1113668521283054e-7 -0.31378566161792626 -0.5595678692645867 -0.6596705087041932 -0.5793088568367482 -0.33717231633409356 -0.4207199868557745 -0.7373228046795044 -0.8761881979345054 -0.8154503926718645 -0.5908914593325866 -0.28462626396659524 1.8290748345140817e-7 0.16976522938142288 0.16976517796256976 3.214746649303357e-8 -0.28462649514771987 -0.5908917256346109 -0.8154506328000358 -0.8761883621026244 -0.7373228849609132 -0.42072001270042125 -0.467992512977261 -0.8270846777597214 -0.9999998449287707 -0.9631107036206095 -0.7525764854568542 -0.45265979590162986 -0.16976482731284856 2.924802649653594e-7 3.0366312214326964e-7 -0.16976480240422606 -0.45265976601882696 -0.7525764444925116 -0.9631106323404555 -0.9999997304778049 -0.8270845484870972 -0.4679924284563264 -0.4679925824342144 -0.8270848014592358 -1.0 -0.9631108604110274 -0.7525766147306892 -0.45265987490768705 -0.16976483943320136 3.515479447335542e-7 4.241797294207454e-7 -0.16976464021862503 -0.45265958928341066 -0.7525762790137048 -0.9631104991433929 -0.9999996406826521 -0.8270844999062031 -0.4679924086126761 -0.4207201819945145 -0.7373231568492964 -0.8761886417600268 -0.8154508460577728 -0.5908918393290165 -0.28462650088203745 1.3485553271853286e-7 0.16976538074415123 0.16976550254276185 4.735475267428605e-7 -0.28462601018791966 -0.5908912712330988 -0.8154502674703301 -0.8761881137758241 -0.7373227436795474 -0.4207199514895496 -0.3371724756536968 -0.5793091126376603 -0.6596707686056086 -0.5595680529390503 -0.3137857231124813 -2.40119889901986e-7 0.28462641909054154 0.452660142713014 0.4526602904665356 0.2846268339268968 3.6647489592627187e-7 -0.31378502193257096 -0.5595673520878514 -0.6596701474118668 -0.5793086403296019 -0.3371722171644218 -0.23615717038853265 -0.38980116094115286 -0.4035422496704142 -0.2626866447033214 -5.837668458921401e-7 0.31378488541370714 0.5908914042286586 0.7525765592474285 0.752576708561778 0.5908918248060498 0.3137855076712179 1.469529148604971e-7 -0.2626859040129541 -0.40354158881534935 -0.3898006612329007 -0.23615690038754733 -0.13887011461543347 -0.21015544351300947 -0.1673847471998309 -7.322939525428383e-7 0.2626853018293758 0.5595669863880456 0.8154501397975984 0.9631105140428572 0.9631106432054801 0.8154505064956908 0.559567540534991 0.2626859771812812 -1.9561263051759146e-8 -0.16738409274766214 -0.21015494233281928 -0.13886984305636293 -0.06285422478856009 -0.07446138954606657 -6.394691579332225e-7 0.16738336543418494 0.40354094207226515 0.659669666927508 0.8761878230339863 0.9999994772223091 0.9999995710644072 0.8761880975810556 0.6596701019971486 0.4035415013680114 0.16738398504036203 -5.205182928091967e-8 -0.0744609306701278 -0.06285397155840439 -0.0171386084838248 -3.7582521655887865e-7 0.07446040592789026 0.21015436810588006 0.38980011994870134 0.579308199548523 0.7373224306790966 0.8270842782647837 0.827084335960489 0.737322606277637 0.5793084946276789 0.38980051966548596 0.21015482828206472 0.07446085511157684 -1.8328893744560288e-8 -0.01713840915102582 -1.0943436888569031e-7 0.017138201899042912 0.06285369210823012 0.1388695286610373 0.23615659429936464 0.33717195674101824 0.42071975125694133 0.4679922533601744 0.4679922819705852 0.4207198385317564 0.33717210605162135 0.23615680150256854 0.13886977334091322 0.06285393739127415 0.017138400165272103 0.0
</DataArray>
        <DataArray type="Float64" Name="Mode_7_w" NumberOfComponents="1" format="ascii">
 2.4755066602037256e-5 1.1488050802498604e-11 -2.4755065645831726e-5 -1.2309047518245103e-11 -1.1435064700417043e-5 -1.2541978990273259e-5 -1.2518764460290396e-5 -1.6189686189143386e-5 -8.409073306070487e-6 -7.752242237596342e-6 2.3378325083952184e-6 2.851409579900251e-6 1.0342632266677143e-5 6.889155848061753e-6 1.0293493124788887e-5 3.4138220627131276e-6 5.369534712239727e-6 -1.5853920489034882e-6 1.984992892098212e-6 -2.34392525529417e-6 2.3439112258645166e-6 -1.985008685009794e-6 1.5853752107578903e-6 -5.369549480174688e-6 -3.413829927007259e-6 -1.0293500096920045e-5 -6.889161654178822e-6 -1.0342639703891203e-5 -2.851412209867257e-6 -2.3378422047215443e-6 7.75223176921734e-6 8.40906236403274e-6 1.6189678298219848e-5 1.2518762383603038e-5 1.2541980969677367e-5 1.1435065134877523e-5 1.1435064712510195e-5 1.2541973307350744e-5 1.2518763942989122e-5 1.6189684363688593e-5 8.409076682717061e-6 7.752241132460251e-6 -2.337828645703187e-6 -2.851408117305342e-6 -1.0342629452837287e-5 -6.8891587264206675e-6 -1.0293489720824058e-5 -3.413822674420913e-6 -5.369532595685136e-6 1.5853919482498657e-6 -1.9849913921790875e-6 2.343924222745095e-6 -2.343912128067876e-6 1.9850076809597467e-6 -1.5853776661329054e-6 5.369552949987715e-6 3.4138302701789752e-6 1.029350340864383e-5 6.889163939996083e-6 1.0342642138155253e-5 2.8514157398258253e-6 2.337845302333265e-6 -7.752230127356745e-6 -8.409060078971429e-6 -1.618968172581033e-5 -1.2518758806479044e-5 -1.2541979045250596e-5 -1.1435066786118504e-5 -0.21446822991850106 -0.3816991069039769 -0.4671827000610766 -0.45624452806609583 -0.35703192903387654 -0.19762743826449852 -0.017782897977561198 0.1418112632990731 0.25000994591752884 0.2922356879237133 0.27249617945318017 0.2098962226831979 0.1311704221836422 0.061559552985253264 0.017018180466869037 1.0750818913848001e-7 -0.3816991388224944 -0.6779302386625977 -0.8265604924613736 -0.8015454495842241 -0.6187546210095829 -0.33008174957758807 -0.008466794241836238 0.2722208802175614 0.45618284286300936 0.5186764711215786 0.46926930119729543 0.34521943874795086 0.19723707308158717 0.07248737713182697 3.25235389664906e-7 -0.017017804242350557 -0.46718280859422306 -0.8265606124427901 -1.0 -0.9561847903255366 -0.7174801017623947 -0.35227555271514993 0.04514195333616684 0.38066962097776474 0.5853004383668856 0.6314744336367588 0.536854049496124 0.3547392785065623 0.1547738250110569 4.1995258334180675e-7 -0.0724866168944583 -0.06155909994149728 -0.45624474121360686 -0.8015457500815557 -0.9561850043282597 -0.890317893528842 -0.631140390093714 -0.2537408966631162 0.14089384863040944 0.4545799685108955 0.6185645042672441 0.6107898334890624 0.45880293821690826 0.22814759266968068 2.4256625854456533e-7 -0.15477311235513597 -0.19723636414437987 -0.13116998045722775 -0.35703223730894595 -0.6187550962639662 -0.717480536937233 -0.6311406235585144 -0.38893784093646167 -0.06230815908403171 0.2563982779859052 0.4807519581757583 0.5549812933969409 0.4690839086987774 0.26021745481703895 -1.4210185992544795e-7 -0.22814744456103517 -0.35473879948188064 -0.3452188705170384 -0.2098958457968425 -0.19762780244821884 -0.33008232945289817 -0.3522761211679979 -0.2537412644962458 -0.062308281773967356 0.16411777655117032 0.3549090090696738 0.4483197452044857 0.4105471715903597 0.24668375867350767 -5.124169796641327e-7 -0.2602181007641378 -0.45880309152260956 -0.5368537921956156 -0.4692688733898928 -0.27249586862523684 -0.01778326950035344 -0.008467382428872402 0.045141390080146115 0.14089351640978517 0.2563982281730573 0.3549091082045442 0.3967255054783068 0.3524174307924599 0.21396513347338586 -6.121678303403708e-7 -0.24668491467773487 -0.4690847160185321 -0.6107901402059982 -0.6314742957291072 -0.5186761217510572 -0.2922354151788374 0.14181092244770882 0.2722203612768526 0.3806691788361475 0.45457982008159514 0.48075215727456266 0.4483201481515595 0.3524177669949284 0.19766332518865729 -3.547084774337295e-7 -0.21396614458013158 -0.4105481938671494 -0.5549820276404622 -0.6185647788752385 -0.5853002890004427 -0.45618249147185824 -0.2500096753794673 0.25000964656279195 0.4561824189859958 0.5853001567475216 0.6185645871804742 0.5549817974563155 0.4105479515679024 0.21396590598684834 1.1659066694594905e-7 -0.1976635834638924 -0.3524180589440667 -0.4483204610357032 -0.48075246157485674 -0.4545800833656564 -0.3806693722081351 -0.27222047323395393 -0.14181096750641356 0.29223541053613206 0.5186761045036019 0.631474252446598 0.6107900615016785 0.4690846123948852 0.24668480626926587 4.98813034098893e-7 -0.21396527392764228 -0.35241762306123414 -0.39672575877395866 -0.3549094076592927 -0.25639853825630393 -0.14089379417215445 -0.04514159964813285 0.00846725843245467 0.017783219289245283 0.2724958862446873 0.4692689062166826 0.5368538307397019 0.45880312698447745 0.2602181366732644 5.569608397128573e-7 -0.2466837181394038 -0.4105471695869188 -0.44831981256577397 -0.35490915713088583 -0.16411799492196646 0.0623080265549457 0.25374102115423863 0.3522759338403592 0.33008221796555576 0.1976277562265174 0.20989588034779394 0.34521893683061095 0.35473889161722083 0.22814756162742628 2.9068555496775164e-7 -0.26021727568723074 -0.4690837241400927 -0.5549811464793007 -0.480751886598295 -0.25639829922007196 0.062308049039530224 0.3889376694536897 0.6311404397047355 0.7174803891680126 0.6187550064122319 0.3570321988455219 0.13117002814996054 0.19723645122130826 0.1547732320730431 -8.460799052642096e-8 -0.22814738046100463 -0.45880267186005824 -0.6107895462098717 -0.6185642449433417 -0.4545797822325396 -0.14089376238143567 0.2537408812726242 0.6311402976262122 0.8903177714370449 0.9561848989311287 0.8015456810503465 0.45624470784165533 0.06155914783993824 0.07248670554894339 -2.9665760663880833e-7 -0.15477366073112805 -0.35473905404617195 -0.5368537601502575 -0.6314741096305942 -0.5853001308677265 -0.38066937955140767 -0.045141808459730766 0.3522756000850847 0.717480075350889 0.9561847290866549 0.9999999384092713 0.8265605627401724 0.4671827768365676 0.017017836492068138 -2.605773598124465e-7 -0.07248727931601345 -0.19723693626918673 -0.34521924911130564 -0.46926905398777724 -0.518676190253494 -0.45618257363343095 -0.27222066277998724 0.008466938631504339 0.33008182109746553 0.6187546389831957 0.8015454375778097 0.82656046740819 0.6779302080084391 0.38169911418729424 -9.320882210952222e-8 -0.017018150633351912 -0.06155950221700463 -0.13117034478298767 -0.2098961129940822 -0.27249603516042453 -0.2922355243982852 -0.25000979081293045 -0.1418111367463615 0.017782987521186414 0.19762749038850042 0.35703195334322047 0.4562445351428579 0.46718269427119236 0.3816990942722177 0.21446821872815472
</DataArray>
        <DataArray type="Float64" Name="Mode_8_w" NumberOfComponents="1" format="ascii">
 6.8632497691230366e-12 -2.475506048660414e-5 3.0095257337471795e-13 2.475506486972782e-5 2.343912815393534e-6 -1.985003150541184e-6 1.5853805350918602e-6 -5.369545979347745e-6 -3.413828090613883e-6 -1.0293498085317699e-5 -6.889157347445922e-6 -1.0342635979596123e-5 -2.851409277417975e-6 -2.337836274143237e-6 7.752234407953893e-6 8.409066500921276e-6 1.6189681585390484e-5 1.2518759196905828e-5 1.2541975060540273e-5 1.1435057938350889e-5 1.143506047297348e-5 1.2541973697909755e-5 1.2518761038603889e-5 1.6189678252134358e-5 8.40906708217752e-6 7.752236572898557e-6 -2.3378388718975597e-6 -2.8514132868652603e-6 -1.034263346028093e-5 -6.889157524908943e-6 -1.0293494474867335e-5 -3.41382269647445e-6 -5.369540983745741e-6 1.5853850719846682e-6 -1.9850026277667803e-6 2.3439180718463796e-6 -2.3439161156303965e-6 1.985000190036907e-6 -1.5853865754893604e-6 5.369539393841654e-6 3.413823766097134e-6 1.0293495029218073e-5 6.889156234911224e-6 1.034263485715568e-5 2.851410185545282e-6 2.3378355138952336e-6 -7.75223769974209e-6 -8.409067045615989e-6 -1.6189681601905644e-5 -1.2518760605793895e-5 -1.2541976230045989e-5 -1.1435064937465381e-5 -1.1435063440905803e-5 -1.2541974689058916e-5 -1.25187610318267e-5 -1.6189683097275627e-5 -8.409070474665138e-6 -7.752238442091405e-6 2.3378360719810966e-6 2.8514093634078075e-6 1.034263332975777e-5 6.8891610386629045e-6 1.0293496454180054e-5 3.4138221389659897e-6 5.369536140462207e-6 -1.585390180718418e-6 1.9849960271155126e-6 -2.343921174960626e-6 -7.24451816307018e-8 0.01701786147842431 0.06155915825038956 0.13117002166912176 0.20989586967739673 0.27249588970225913 0.2922354435333123 0.2500097172867359 0.14181102994263134 -0.017783134712108222 -0.1976276578662409 -0.35703210535864904 -0.4562446363244253 -0.4671827345867891 -0.3816990954442438 -0.21446821181155057 -0.017018117181032202 -2.2583963661497098e-7 0.0724867065307866 0.1972364103868468 0.34521887639464366 0.4692688654359074 0.5186761254351395 0.4561825248709775 0.2722205471955918 -0.008467144176904366 -0.33008208202734357 -0.6187548845095908 -0.8015456032876783 -0.8265605316634292 -0.6779302046127174 -0.38169909778741656 -0.061559471992659785 -0.07248726014137372 -3.366501726861868e-7 0.1547731148966366 0.3547387242982712 0.5368536787452213 0.6314741928100253 0.5853002353704477 0.3806693857827309 0.04514166953812418 -0.3522758458465555 -0.7174803335120596 -0.9561849075606186 -1.0 -0.826560541334572 -0.46718274167156976 -0.13117033229449426 -0.19723695723063495 -0.15477377270705855 -3.13214738547169e-7 0.2281472505954544 0.45880282490950347 0.610789876576064 0.6185645865792015 0.45457999055925724 0.14089377259964567 -0.25374103402004333 -0.631140507755466 -0.8903179255255197 -0.9561849398330551 -0.8015456359488261 -0.4562446538314117 -0.20989612151978876 -0.3452193161009712 -0.354739243899719 -0.22814771915220206 -1.4878931746598923e-7 0.2602177069792337 0.46908431942147366 0.5549817219039075 0.4807522820445053 0.25639844285854635 -0.062308119297757945 -0.3889378368057474 -0.63114057489303 -0.717480420855473 -0.6187549540706289 -0.3570321406288261 -0.2724960535128178 -0.46926914251356466 -0.536853988835424 -0.45880306513403574 -0.26021777262018453 8.080323601206386e-8 0.24668448597193235 0.41054787090044853 0.44832028141417374 0.3549093254598181 0.16411791447562438 -0.062308221800033266 -0.25374119012958873 -0.3522760003934418 -0.33008219452646503 -0.1976277125902396 -0.29223552816070547 -0.518676253421309 -0.6314743052656254 -0.6107899007470053 -0.4690841751723047 -0.24668413374271905 2.572026939728456e-7 0.21396591489957428 0.3524179908693454 0.3967258035370312 0.3549092024617182 0.2563982306542661 0.14089352750033718 0.04514145033139128 -0.008467296111318232 -0.01778320710556114 -0.2500097553744289 -0.4561825656643586 -0.5853002277836948 -0.618564477024988 -0.5549814603410617 -0.4105474381097226 -0.21396536026214044 2.8067026336529337e-7 0.19766369817565033 0.3524178670226247 0.4483200548874512 0.48075199263056945 0.4545796886398536 0.38066912603041564 0.27222036986442616 0.14181094485678067 -0.1418110550543954 -0.27222056641479286 -0.38066935201142216 -0.45457986185223687 -0.48075203233737224 -0.44831990900999946 -0.3524175405795947 -0.19766325958751566 1.6327873155300038e-7 0.21396569899212525 0.41054759505417576 0.5549814209499829 0.6185642911742683 0.5852999844068789 0.45618235190058626 0.25000963262093645 0.017783100839270444 0.008467103548434926 -0.04514167856245788 -0.14089372082991264 -0.2563983184015626 -0.3549091321918844 -0.39672556910883117 -0.35241764825537525 -0.21396556166072 3.6506487518065124e-9 0.24668422740473783 0.4690840807888257 0.610789663792952 0.6314740165044805 0.5186760024941666 0.292235382860254 0.19762760852204406 0.3300820042459026 0.3522757671425807 0.25374097014327235 0.062308071991001704 -0.16411794724285692 -0.3549092277903628 -0.4483200934086692 -0.41054767342723797 -0.24668436481937406 -1.0016583188282245e-7 0.26021759142468287 0.45880275882234195 0.5368536399406586 0.4692688445716337 0.2724958826506252 0.35703204505779607 0.6187547783792624 0.717480196192112 0.6311403429969542 0.38893764028730826 0.06230799405929897 -0.25639848045064767 -0.48075225239111635 -0.5549816816768465 -0.4690843358750149 -0.26021783389073877 -1.0899651124890168e-7 0.2281473588488856 0.3547388533283824 0.3452189867546054 0.20989593332831957 0.45624457538535673 0.8015454885549167 0.9561847426273619 0.8903177043345191 0.6311402898264312 0.2537408455262547 -0.14089391087946115 -0.4545800785267121 -0.6185646546144283 -0.6107899743912147 -0.45880300329226764 -0.22814753677734992 -5.868067705692922e-8 0.15477338158645118 0.1972366291161406 0.13117014369243343 0.46718267984145356 0.8265604248694994 0.9999998402862376 0.9561847156925052 0.7174801213120399 0.3522756326020653 -0.04514185916389271 -0.3806695353938905 -0.5853003499673561 -0.6314743073616694 -0.5368538469442283 -0.3547389832241476 -0.15477345076751692 -1.4672270921809157e-8 0.07248696725659569 0.06155930293434152 0.38169904888327205 0.6779301181419333 0.8265604146987422 0.8015454558762269 0.6187547101006318 0.33008189348686096 0.008466963093068366 -0.27222069712619634 -0.4561826339832133 -0.5186762172718323 -0.4692689891918493 -0.3452190687042782 -0.19723666613032334 -0.07248697946988075 -1.9549555101854875e-9 0.0170179874076456 0.214468181845374 0.3816990461455114 0.4671826706174441 0.4562445539846319 0.3570320048155173 0.19762754613660924 0.017783024132978796 -0.1418111227211082 -0.25000978309139144 -0.29223549475883265 -0.27249595576170477 -0.20989597189536857 -0.13117015981023067 -0.06155931075691947 -0.01701799070783118 -0.0
</DataArray>
        <DataArray type="Float64" Name="Mode_9_w" NumberOfComponents="1" format="ascii">
 1.6874056321966694e-5 -1.586982289205557e-10 -1.6874084362459236e-5 1.4008059655465045e-10 -9.258172838036065e-6 -1.0802269428115315e-5 -1.014673075564713e-5 -1.185625152734261e-5 -6.627206519153875e-6 -8.782608969061386e-6 -6.967494022916783e-6 -1.3348738760268115e-5 -1.4152440076571412e-5 -1.961098485061063e-5 -1.5927144384795195e-5 -1.5449319965792614e-5 -6.667415066101618e-6 -4.705335709452861e-6 1.9925584006615383e-6 -2.929230021912946e-7 2.9309344352508725e-7 -1.9923589429143807e-6 4.705531648551761e-6 6.667633375239292e-6 1.5449445097025914e-5 1.592728994705117e-5 1.9611098670671198e-5 1.4152657757745864e-5 1.3348979114555107e-5 6.967831061618707e-6 8.782895502661799e-6 6.627488469619437e-6 1.1856394492959917e-5 1.0146834562364507e-5 1.0802252405703833e-5 9.258192909931847e-6 9.258188099391415e-6 1.0802283251938146e-5 1.014674606024916e-5 1.1856267090202843e-5 6.6272061475086435e-6 8.782603025044724e-6 6.9674743594419755e-6 1.3348719786325015e-5 1.4152414674414284e-5 1.9610974283944693e-5 1.5927134655346022e-5 1.5449324031681502e-5 6.667419224464285e-6 4.705348061383398e-6 -1.992551990600623e-6 2.9293037046544623e-7 -2.9308386409494643e-7 1.9923644397961153e-6 -4.705514628105514e-6 -6.667627034696133e-6 -1.5449436086181625e-5 -1.5927298147187144e-5 -1.9611106429503972e-5 -1.4152674929201433e-5 -1.3348988079202948e-5 -6.967837302812231e-6 -8.782889621145049e-6 -6.62747962244754e-6 -1.185637124333523e-5 -1.0146813678986615e-5 -1.0802231259966476e-5 -9.258178141645881e-6 -0.14351430373373925 -0.24706731334728269 -0.29044531147752034 -0.28251024463309315 -0.25542168628487383 -0.24700567815131083 -0.2801322691477733 -0.3502200312256667 -0.4271378241831319 -0.47075739006703954 -0.4518529071426021 -0.3676063927822715 -0.24348214459400305 -0.1205916291327402 -0.035028404500536445 -1.211105010296877e-6 -0.24706669203754672 -0.41675462771708144 -0.4705701561725986 -0.42689849547145114 -0.3499903199530912 -0.314927155651054 -0.3673522920895115 -0.4986405204877539 -0.6498333171614801 -0.7420198716245665 -0.7175681650398771 -0.5704807704407415 -0.35019945777488304 -0.13670714610554005 -3.501482670601965e-6 0.03502424204424611 -0.2904431722904162 -0.47056772872937624 -0.48647231123974083 -0.36715057918402527 -0.2080427015234487 -0.12021894843241945 -0.17138067738233984 -0.349867890103681 -0.570165386883932 -0.7173259841759552 -0.7069066164714135 -0.5293336338477771 -0.2553803483712366 -4.039832346062451e-6 0.13669925512809214 0.12058673285294971 -0.2825059272667614 -0.4268922811434445 -0.36714604477017554 -0.14302091748644302 0.12085915534021335 0.28036719866015025 0.24721538044812125 0.03526605193216356 -0.2466461725521593 -0.451399190432075 -0.47039834454375284 -0.2902743648008826 -1.012131327484844e-6 0.2553743377254026 0.3501922741943197 0.24347734204803645 -0.25541517714368006 -0.3499802098879641 -0.20803330760963665 0.12086431842626129 0.4869930966350035 0.7177652116854591 0.7072215629368148 0.47076906389552275 0.13685278039159354 -0.12028558099148443 -0.1715023080736984 4.535446076645829e-6 0.29027691478625783 0.5293302556998539 0.570474755650201 0.36760194850259464 -0.24699768995932142 -0.31491445278034963 -0.12020640397435856 0.2803755829653535 0.7177682973676099 0.9975098063155963 0.9999999417738175 0.7420614728134378 0.36750133524557566 0.07178446146235447 9.078966504252646e-6 0.1715153997793362 0.47040350198785014 0.7069044912390376 0.7175624848372417 0.45184844135924884 -0.2801239562808104 -0.3673391671611636 -0.17136794933813204 0.24722344654820086 0.7072237801547369 0.9999987224142031 0.997336176568202 0.7174710620263061 0.31502638793076654 9.147995882572479e-6 -0.07176627116869294 0.12029830978250321 0.4514034597159338 0.7173226024014986 0.7420129573714818 0.4707521605880029 -0.35021249656331105 -0.4986290409221734 -0.3498577873943309 0.035270468272275264 0.4707667067123336 0.7420550085770067 0.717465489338182 0.4166351037236034 4.0504380217838e-6 -0.31501306032837395 -0.3674878486559094 -0.13684447722893858 0.24664639776586397 0.5701585649519562 0.6498238620919976 0.4271312349326887 -0.4271316579112585 -0.6498245337245173 -0.5701592259010265 -0.24664681732562624 0.13684442171332462 0.3674881500959774 0.315013614636009 -3.386062967792563e-6 -0.4166344692103855 -0.717465016198266 -0.7420548189051032 -0.47076687937290124 -0.03527098565775026 0.3498570637143965 0.49862834197156153 0.35021206701722196 -0.4707524733766921 -0.7420134380567546 -0.7173230365360806 -0.45140367352595206 -0.1202982392988264 0.07176658228660918 -8.703429009233187e-6 -0.3150259263159281 -0.717470677411843 -0.997335940772707 -0.9999986987364177 -0.7072240077073215 -0.2472239030286158 0.17136736650571874 0.36733862312674453 0.28012362612408825 -0.4518485775729814 -0.7175626714814353 -0.7069046051930271 -0.4704034651943749 -0.1715152268697562 -8.850823364739373e-6 -0.07178426458714081 -0.36750122342254576 -0.7420614561402501 -1.0 -0.9975099207875687 -0.7177684660887642 -0.28037580307866955 0.1202061549679698 0.31491422366967337 0.24699754784369968 -0.3676019033097835 -0.5704746381312794 -0.5293300466894867 -0.2902766446923223 -4.295007981433783e-6 0.171502415155065 0.12028549804704035 -0.13685303109020536 -0.4707693936320636 -0.7072218546815325 -0.7177653677491692 -0.48699308416636555 -0.12086417436148132 0.2080335068630844 0.3499803831087254 0.25541527215695736 -0.2434771620233326 -0.35019193254239983 -0.2553738940940296 1.4410977989135254e-6 0.29027463606228054 0.4703983449614677 0.45139889162318614 0.24664566467501509 -0.035266595297564464 -0.247215770946348 -0.28036729022870144 -0.12085890504767194 0.14302143151698074 0.3671466633617708 0.426892819621566 0.2825062344587047 -0.12058649148118253 -0.13669881644779544 4.574463738744394e-6 0.25538082454877675 0.5293338925142738 0.7069065500021101 0.7173255884939794 0.5701647914774693 0.3498673072613484 0.17138032098635345 0.12021897008459802 0.20804313503805114 0.36715132311217774 0.4864731681431656 0.4705684647305698 0.2904435913022391 -0.03502402325791072 3.8976132498102e-6 0.13670761858437766 0.35019986190559976 0.5704809688496173 0.7175680778997996 0.7420195117118504 0.6498328073364883 0.49864005151403806 0.3673520461154584 0.3149272531981095 0.3499907805087822 0.4268992256237297 0.47057097481002824 0.416755321300321 0.24706708489316007 1.337255244952283e-6 0.03502863603758858 0.12059190575173923 0.24348237621259616 0.3676064981402854 0.45185284654192137 0.4707571774820046 0.4271375338027961 0.3502197753118686 0.2801321512804876 0.2470057624076788 0.25542198182353154 0.282510696739275 0.2904458113199146 0.24706773310542784 0.14351454076390208
</DataArray>
        <DataArray type="Float64" Name="Mode_10_w" NumberOfComponents="1" format="ascii">
 -2.977737766259533e-10 -1.6874243613284755e-5 -1.7366480750402446e-11 1.687389325500438e-5 2.931790519269649e-7 -1.992287645504042e-6 4.705622709573442e-6 6.667698871856996e-6 1.5449469116226714e-5 1.5927269495760674e-5 1.9611027885931376e-5 1.4152560895861242e-5 1.3348883155612175e-5 6.967764840458787e-6 8.782878073829279e-6 6.6275272561046935e-6 1.1856476161445755e-5 1.0146938609526323e-5 1.0802331427189574e-5 9.258288609292325e-6 9.258284557863157e-6 1.0802366779076482e-5 1.0146854278711889e-5 1.1856346737447266e-5 6.6272460951629e-6 8.782578382782191e-6 6.967404620299291e-6 1.334862154656346e-5 1.415232057186674e-5 1.9610904273540806e-5 1.5927120822597233e-5 1.5449361682453465e-5 6.667503595379357e-6 4.705451361997359e-6 -1.9924709497328503e-6 2.930247840914905e-7 -2.9299233279617536e-7 1.992445055479513e-6 -4.7054125965040035e-6 -6.66754568040647e-6 -1.5449398520456815e-5 -1.5927316002218772e-5 -1.9611177893419785e-5 -1.4152773692232307e-5 -1.3349087769722131e-5 -6.967907016959591e-6 -8.78290617276566e-6 -6.627442928096869e-6 -1.1856288008153655e-5 -1.0146704285936024e-5 -1.0802147221098472e-5 -9.25807532193905e-6 -9.258074571078152e-6 -1.0802181628309199e-5 -1.0146625183594539e-5 -1.1856163145872705e-5 -6.627165927679688e-6 -8.782616669774894e-6 -6.967556513303937e-6 -1.3348826734981643e-5 -1.4152528422103693e-5 -1.9611046388523843e-5 -1.592716129112211e-5 -1.5449289393012982e-5 -6.667343715865443e-6 -4.705240836534639e-6 1.992625843012751e-6 -2.9283514644745944e-7 2.388130473615791e-6 -0.035022240278450224 -0.12058451368500656 -0.2434755873389448 -0.3676012097137894 -0.4518489791875304 -0.4707538600068653 -0.42713361983386133 -0.3502144337212074 -0.28012525096292284 -0.24699789938703245 -0.25541418181476105 -0.2825039682586755 -0.2904407846195048 -0.2470645594116649 -0.14351305199563366 0.0350304041628903 6.901360141470316e-6 -0.1366954808349633 -0.3501892729521966 -0.5704734611534631 -0.7175633468656543 -0.742015792193949 -0.6498278776775379 -0.49863235782537474 -0.36734140811335375 -0.31491485963008164 -0.3499785680581023 -0.4268889944459175 -0.47056370529736113 -0.41675102554017 -0.2470651951105012 0.1205938288861157 0.13671089499882735 8.224014873841868e-6 -0.25537096973539436 -0.5293287331065378 -0.7069053280466597 -0.717325630633613 -0.570162948274803 -0.34986151688616285 -0.17137051777802978 -0.12020695637600115 -0.2080315865111849 -0.3671424832562328 -0.48646791056006494 -0.4705661987655291 -0.29044297922140805 0.24348384338452378 0.35020237476151417 0.2553836471474345 3.7371743138097934e-6 -0.29027556877964006 -0.47040397213966756 -0.4514056796249529 -0.2466497750326003 0.0352674343907043 0.24722127834198826 0.2803749881211954 0.1208655319916541 -0.14301821519343208 -0.36714716947342646 -0.42689539876416477 -0.2825084109972658 0.3676070336696772 0.5704819053402781 0.5293349892681093 0.29027559947232023 -3.748259791047588e-6 -0.17151529912669408 -0.12029897833393907 0.13684317554617406 0.47076530408999856 0.7072226528550123 0.7177678028131066 0.48699339001461006 0.12086014001958964 -0.20804134377667258 -0.34998903442894913 -0.25542090774782417 0.45185224478180297 0.7175670852446581 0.7069055267696938 0.4703976608079772 0.17150229707461417 -8.393126445664463e-6 0.07176742495820694 0.36748907594772623 0.7420557178352868 0.999998998307394 0.9975095524811457 0.7177644697072975 0.2803661380480456 -0.12022007602113416 -0.3149280826571676 -0.24700619494181847 0.47075556803673935 0.74201681092818 0.7173226809669168 0.4513967271989035 0.12028476391174932 -0.07178335275568629 -6.444726102787788e-6 0.31501651961482735 0.7174681604000421 0.9973378009937204 1.0 0.7072199827538872 0.24721256307740744 -0.171383971727802 -0.36735516201838203 -0.2801339303130493 0.4271353515534108 0.6498291362208619 0.5701608005909884 0.24664262311573176 -0.13685416407416567 -0.3675000928792951 -0.31502287320272804 6.764977239222084e-7 0.4166389638982025 0.7174735490545802 0.7420618014819599 0.4707670811140941 0.035262286040076536 -0.3498723864998209 -0.49864448185491933 -0.3502223397805218 0.35021763903797754 0.4986364516695006 0.3498633694398915 -0.03526964205806251 -0.47077059567273566 -0.7420604311196164 -0.7174677241581848 -0.41663046124565195 7.923828376414447e-6 0.31502895543615905 0.36750179043233616 0.13685094001505213 -0.24664980472079528 -0.5701697759965264 -0.6498372072983757 -0.4271400988894945 0.2801306807734005 0.36734955996074664 0.17137758020934563 -0.24721793013370674 -0.707222771932346 -0.9999993876216056 -0.997333975663228 -0.7174622854100479 -0.31501038081654786 1.0965890109302713e-5 0.07178484638402173 -0.12028678303441917 -0.4514016555653968 -0.7173290024199775 -0.7420225640295832 -0.47075896981507304 0.2470053900345233 0.31492661337763445 0.12021824029839431 -0.2803679145293845 -0.7177657202805703 -0.9975099046020693 -0.9999983262288414 -0.7420542176123386 -0.3674872155909641 -0.07176580852714946 9.216626713828067e-6 -0.17150256744991738 -0.47039895381872715 -0.7069074024546375 -0.7175688850690903 -0.451853334651036 0.25542282464781824 0.34999219350394856 0.20804465723099883 -0.12085778179897606 -0.48699274486251226 -0.717769044613968 -0.7072253587932078 -0.47076862898667715 -0.1368461296958566 0.12029722971975684 0.17151520020847233 5.253944928906012e-6 -0.2902729658933436 -0.5293319739900191 -0.5704793194566585 -0.36760555053982186 0.28251251803631805 0.42690229862350393 0.36715468134624285 0.1430240034950815 -0.1208632222458958 -0.28037680486696637 -0.24722659905979893 -0.035274603469190736 0.2466429124223959 0.4514011248291102 0.4704029956544646 0.29027837216409913 1.959196326027535e-6 -0.2553767513846311 -0.3501962817952606 -0.2434802947397874 0.2904480794614036 0.470574812026288 0.48647738347603636 0.3671499318941218 0.20803478619778581 0.12020501164829636 0.17136410261724025 0.3498526265166723 0.5701542594183084 0.717319691957428 0.706903822345193 0.5293320135684665 0.25537798716243487 4.0971024962621684e-7 -0.13670320376911013 -0.1205893306429229 0.24706977590432846 0.41675878119859616 0.4705722755477082 0.42689579422679563 0.34998158191405915 0.31491324853759384 0.36733573550213844 0.4986243842114053 0.649820005155098 0.7420103364868119 0.7175618629501922 0.5704763050073591 0.3501955221781858 0.13670323008064483 2.9142692080970817e-8 -0.03502634352261176 0.14351574508795645 0.24706912544091056 0.2904458414275094 0.2825079973896249 0.25541599470595183 0.2469969926369115 0.2801219421660357 0.3502097487360127 0.4271289709172579 0.4707506170295683 0.4518480680414433 0.3676028491302404 0.24347924022575157 0.12058906069053303 0.03502631357861681 0.0
</DataArray>
        <DataArray type="Float64" Name="Mode_11_w" NumberOfComponents="1" format="ascii">
 -3.6680240628650185e-5 -3.6680120548108775e-5 -3.668022305467115e-5 -3.668035290559409e-5 2.2104303968293126e-5 1.881747578205056e-5 2.4081940165498905e-5 1.889520314212089e-5 8.469629257869713e-6 -4.271299067612439e-6 -1.6017504025458495e-5 -2.2770386027754203e-5 -2.2770377675035177e-5 -1.6017400605272238e-5 -4.271238755267163e-6 8.469709909965379e-6 1.889517031251723e-5 2.4081905265420174e-5 1.8817373955087477e-5 2.210424056591137e-5 2.2104238814614165e-5 1.8817376249178348e-5 2.408190427794059e-5 1.889516327666768e-5 8.46969392333765e-6 -4.271259676434614e-6 -1.6017425430834325e-5 -2.2770391942020398e-5 -2.2770390264817106e-5 -1.601749899526198e-5 -4.271296184983195e-6 8.469637579408578e-6 1.889519918138208e-5 2.4081935947346747e-5 1.8817460854036163e-5 2.2104296734605837e-5 2.210430149813618e-5 1.8817429219520094e-5 2.408199082907993e-5 1.889528297543248e-5 8.469839692660018e-6 -4.271089246745839e-6 -1.6017240051232546e-5 -2.2770202387351406e-5 -2.277020530358792e-5 -1.601732259670657e-5 -4.271133467300266e-6 8.46978422577843e-6 1.889532094506634e-5 2.4082035209476665e-5 1.8817526372852433e-5 2.2104369250658337e-5 2.2104369353970203e-5 1.8817526354851665e-5 2.4082046725088656e-5 1.889533743355259e-5 8.469804804362134e-6 -4.2711179346467636e-6 -1.6017303022761576e-5 -2.2770189695146432e-5 -2.2770179167730718e-5 -1.601721957040858e-5 -4.271067460231803e-6 8.469856378161442e-6 1.889530476134302e-5 2.4082006808406213e-5 1.881744457632843e-5 2.2104308400795008e-5 0.27963261258268174 0.47543361916349774 0.5287998562796614 0.4237692231178622 0.19180096433376242 -0.0976175708668558 -0.35779632622962465 -0.5108010155298334 -0.5108015187653887 -0.3577975639118707 -0.09761888171615878 0.1918002740020423 0.42376952225275666 0.5288009957148915 0.4754350164398535 0.27963355379473637 0.4754331111592149 0.8083317133492187 0.8990721907747697 0.7204951884689708 0.32610229405510943 -0.16597163632030076 -0.6083297669430218 -0.8684705882345494 -0.8684715744690342 -0.608332197412309 -0.16597421794601996 0.3261009315724251 0.7204957756078025 0.899074440475617 0.8083344750015073 0.47543496843856237 0.5287981154442132 0.8990702225292985 0.999996712100421 0.8013754586203394 0.3627079087011869 -0.18460397374960943 -0.6766209602811313 -0.9659645576229977 -0.9659659943244725 -0.6766245058705513 -0.18460774663739124 0.36270590829096927 0.8013763061736492 1.0 0.8990742685870905 0.5288008372391063 0.4237657256535071 0.7204901747502104 0.8013718188107966 0.6422010112327514 0.29066444041135703 -0.14793901633106482 -0.5422296953415051 -0.7741037085192732 -0.7741055497665031 -0.5422342430197621 -0.14794386442048701 0.29066185616580925 0.6422020770637942 0.801376023272069 0.7204953650718893 0.4237692260047597 0.1917957082619145 0.3260941665306102 0.3627004042847979 0.2906603511441047 0.13155384816824128 -0.06695888089941082 -0.24541692424127773 -0.3503648984455419 -0.35036708167533953 -0.24542232393363902 -0.06696465191913531 0.13155075102382732 0.2906615818409311 0.3627053635931602 0.3261003118303034 0.19179986274192923 -0.09762400308886063 -0.16598181086004762 -0.1846139375270177 -0.14794558762264007 -0.06696123539068848 0.03407915070121323 0.12491020666153395 0.17832397540119724 0.1783215270341709 0.12490414436728309 0.034072652019910936 -0.06696475459629292 -0.14794426075678618 -0.18460842442115155 -0.16597495425644726 -0.09761936165791193 -0.35780299334096644 -0.6083402281836618 -0.6766309962013894 -0.5422359161385314 -0.24541847447584964 0.1249112978806753 0.4578242247762739 0.6536004413909564 0.6535978179853912 0.45781772385072567 0.12490431154084412 -0.24542229733506252 -0.5422345684750931 -0.6766251677785161 -0.6083329517820987 -0.35779806574300765 -0.5108070242502813 -0.8684796845048511 -0.965972453301829 -0.7741069926404123 -0.3503627982176051 0.17832924297958172 0.6536048853629921 0.9331009231174711 0.9330982259456606 0.653598196753134 0.1783220409630526 -0.35036677311159975 -0.7741056811649796 -0.9659665500676797 -0.8684722877665068 -0.5108020127253828 -0.5108064101039409 -0.868478499806859 -0.9659707680720097 -0.7741048896341044 -0.35036035652804226 0.17833195732658005 0.6536078079476467 0.9331039752945516 0.933101308156183 0.6536011906676189 0.17832482437693367 -0.3503643134912703 -0.7741036416706875 -0.9659649985660987 -0.8684712527274763 -0.5108014964490799 -0.35780145978117733 -0.608337276253499 -0.6766268077599822 -0.5422306989108309 -0.24541242528629995 0.1249180124873241 0.45783144809150744 0.6536079881026866 0.6536054466545851 0.45782514305380945 0.12491121116790348 -0.24541620929486563 -0.5422295329164257 -0.6766213424209633 -0.608330402655541 -0.35779679705280504 -0.09762231656118005 -0.1659785845612911 -0.18460939293348297 -0.14793996152326663 -0.06695474664551272 0.034086322311511354 0.12491790883854952 0.1783320349889396 0.17832970339924067 0.12491212124503104 0.0340800737642123 -0.06695822831536391 -0.1479388940314724 -0.1846043717264623 -0.16597226993226716 -0.09761803390325047 0.19179671938942186 0.32609606031606186 0.36270300011686124 0.290663474642289 0.1315573598233766 -0.06695506577197653 -0.24541284226774995 -0.3503605853798662 -0.3503626356396058 -0.2454179352060325 -0.06696056822952419 0.1315542959849914 0.2906644268542935 0.36270744496877655 0.32610164553858195 0.19180050595661657 0.4237655949109297 0.72048984295058 0.801371192745265 0.6422000263756166 0.2906630955760634 -0.14794064590332331 -0.5422314669491313 -0.7741054576106403 -0.7741071640819863 -0.5422357071811287 -0.14794522780316602 0.29066055004120755 0.6422008402308449 0.8013749325092253 0.7204945390037044 0.42376877792695844 0.5287969734344458 0.8990679305155029 0.9999932655879598 0.8013708986130065 0.36270235656402783 -0.1846103043329804 -0.6766277780260064 -0.9659715365690335 -0.9659728471933223 -0.6766310372970143 -0.18461382537458673 0.3627004126045633 0.8013715575124307 0.9999961935586421 0.8990715980122223 0.5287994585479091 0.4754316105206738 0.8083287354753809 0.8990677842680783 0.7204894492368107 0.3260953901339011 -0.16597945487319424 -0.6083381775773197 -0.8684792308392899 -0.8684801142660195 -0.6083403754292295 -0.1659818268504095 0.3260940963199212 0.7204899322903953 0.899069811224794 0.8083312621953417 0.47543332235822106 0.2796315803477247 0.4754315751739665 0.528796845934074 0.4237653231077943 0.1917962934219704 -0.09762284914236415 -0.35780200414272906 -0.5108068561772404 -0.5108073006771292 -0.35780310785591724 -0.09762403801324064 0.19179565262993745 0.42376558524130226 0.528797889951922 0.47543287075793417 0.27963245789682134
</DataArray>
        <DataArray type="Float64" Name="Mode_12_w" NumberOfComponents="1" format="ascii">
 -5.749181999163641e-12 8.324690724915312e-13 4.936683335878524e-13 -3.5381889288302265e-13 -1.4891483632654115e-6 7.130612917629827e-8 7.453312574133321e-6 1.746932208117704e-5 2.65731368201481e-5 2.889679271791417e-5 2.2747249414289224e-5 8.45270517422811e-6 -8.452720989839163e-6 -2.2747251332098346e-5 -2.889679141106174e-5 -2.6573134191670157e-5 -1.7469312827973146e-5 -7.453306004742317e-6 -7.131152896446356e-8 1.4891457805366349e-6 -1.4891526724304398e-6 7.130522259827508e-8 7.4533062941605505e-6 1.7469312444170584e-5 2.6573139435328604e-5 2.8896792074944722e-5 2.274724880376093e-5 8.452718998778338e-6 -8.452702266402716e-6 -2.2747247909464188e-5 -2.8896788297266424e-5 -2.6573132338938617e-5 -1.7469314562898385e-5 -7.453308393209086e-6 -7.13028961841154e-8 1.4891480074385425e-6 -1.4891479235500706e-6 7.130044816783779e-8 7.453305818465961e-6 1.7469320208672042e-5 2.6573139023743585e-5 2.8896794557930165e-5 2.274725363185056e-5 8.45271032463524e-6 -8.452715473883157e-6 -2.2747248048605108e-5 -2.8896791975385323e-5 -2.6573137016683733e-5 -1.7469312748928946e-5 -7.453309282161763e-6 -7.130921840599814e-8 1.4891496278257527e-6 -1.4891486042365206e-6 7.131027270704242e-8 7.453306484511965e-6 1.746931426001033e-5 2.6573137354467973e-5 2.8896790215127453e-5 2.274725058728062e-5 8.45271198860808e-6 -8.452714205555877e-6 -2.2747261273334857e-5 -2.8896793476099837e-5 -2.6573131447247253e-5 -1.746931216248303e-5 -7.453302541602416e-6 -7.12967034088544e-8 1.4891522188290908e-6 4.4633323815041393e-8 -0.06241189279284004 -0.2099570547608973 -0.40427232263513746 -0.5613560280967693 -0.5932143735606182 -0.4546143183982504 -0.1705260300690592 0.17052580801738818 0.45461412617020924 0.5932142573755584 0.5613560000131834 0.40427235444495296 0.20995712040558592 0.062411959510485 -9.580155896691238e-9 0.062412046711387614 1.2665613910862024e-7 -0.23614731393926858 -0.5797728571408142 -0.8772436436854345 -0.9644624565592781 -0.7537042283061732 -0.2850644340673408 0.28506407242486087 0.7537039300117596 0.9644622784596046 0.8772435976926043 0.5797729055540132 0.23614740532302728 -4.16162514670585e-8 -0.06241200125925786 0.20995722590212312 0.2361475867766821 1.438366610353606e-7 -0.42075971270786305 -0.8271296780697588 -1.0 -0.8154152983215821 -0.3137640766442241 0.31376375675389917 0.8154150385714185 0.9999998503596993 0.8271296528067849 0.4207597704883951 -6.025525848040905e-8 -0.2361475090805248 -0.20995717561573707 0.404272450221591 0.5797730581775004 0.4207599271382904 8.486943942536459e-8 -0.46766796708479696 -0.7366862326338897 -0.6590265601885771 -0.26241542414220703 0.26241530104167904 0.6590264615238159 0.7366861953672129 0.4676680007710146 -2.066945066116523e-8 -0.42075986896381196 -0.5797730066398686 -0.40427241227838756 0.5613560575539526 0.8772436834408516 0.8271297255667986 0.4676680190013608 8.713345243643592e-9 -0.33669280601082474 -0.38919351737901364 -0.16711171314482418 0.16711181516905732 0.3891936106937949 0.33669289468422675 7.119446532381724e-8 -0.4676679724473613 -0.827129722366204 -0.8772436966724667 -0.5613560632093154 0.5932142848970512 0.9644622987637327 0.9999998360395739 0.736686124263151 0.33669275332804643 -1.0896485350626853e-8 -0.13861075938948006 -0.07431685482322228 0.07431712888820124 0.138610986057703 1.5906365660337804e-7 -0.33669268777659606 -0.7366861420142995 -0.9999999243269808 -0.9644623972888151 -0.5932143370161626 0.454614143717621 0.7537039306726097 0.8154149868284793 0.6590263429281134 0.389193429052734 0.13861078513901118 6.513658272368041e-8 -0.01710785581398785 0.01710820117499537 1.9454314180376474e-7 -0.13861065133787914 -0.38919342271436763 -0.6590264535551581 -0.815415171307656 -0.7537041033215306 -0.4546142375856713 0.17052583380002864 0.2850641088826411 0.3137637482383329 0.2624152143945442 0.16711167061269003 0.07431696274996968 0.01710807386407978 1.3257268794580287e-7 1.5260325185047832e-7 -0.017107878304364724 -0.07431688663537182 -0.16711172522650242 -0.26241539368177663 -0.3137639864943013 -0.28506432099568363 -0.17052595980751342 -0.17052597321539525 -0.28506433378709156 -0.31376399584887293 -0.26241541385168865 -0.16711176675427158 -0.0743169480459337 -0.017107953009061528 7.177171725166517e-8 5.57463390365208e-8 0.01710801548528533 0.0743169329358569 0.16711166584836312 0.262415225905278 0.3137637730072896 0.2850641409001942 0.17052585683136054 -0.45461423753658886 -0.7537040911461022 -0.8154151528932699 -0.6590264586172103 -0.3891934854372106 -0.1386107840968436 1.0471697947638798e-8 0.017107997025552508 -0.01710805018262455 -9.218618731143315e-8 0.13861068051063224 0.3891933736503514 0.6590263296551956 0.8154150091484875 0.7537039664620439 0.4546141677535124 -0.5932143100879091 -0.9644623419868774 -0.9999998602114711 -0.7366861105284971 -0.336692736165116 1.2546237870605285e-8 0.13861077135422645 0.07431689147737243 -0.07431707838603387 -0.13861094167831486 -1.4163639387420013e-7 0.33669267099201783 0.7366860849642924 0.9999998279949087 0.9644623040319976 0.5932142894119198 -0.5613560064579065 -0.8772435942869554 -0.8271296077376525 -0.4676678947277909 6.556563817479564e-8 0.3366927927096574 0.3891934453741779 0.16711163585855002 -0.16711186565339908 -0.3891936259195376 -0.33669288527506 -5.863012460944921e-8 0.46766795898191266 0.8271296671130516 0.8772436307076387 0.5613560268719229 -0.4042723443099321 -0.5797728881914986 -0.4207597354246568 8.47013019447581e-8 0.4676680420437827 0.7366861648947289 0.6590263920337969 0.2624152433486238 -0.2624154316646822 -0.6590265177074656 -0.7366861911840252 -0.46766797552449274 2.4209961951728655e-8 0.4207598301429776 0.5797729535599211 0.40427238353267086 -0.209957117923743 -0.23614740994857678 4.986604438178127e-8 0.4207598675397794 0.8271297228181297 0.9999998914888086 0.8154150779265394 0.3137638374930236 -0.31376393006402714 -0.8154151052425049 -0.9999998334335285 -0.8271296079570457 -0.420759744214683 4.336081563899271e-8 0.23614746317885194 0.20995714056672318 -0.06241196985966184 1.6669097176130886e-8 0.23614747249821644 0.5797729724107512 0.8772436687123232 0.9644623584729911 0.7537040357828356 0.28506423232228806 -0.285064211211752 -0.7537039757120796 -0.9644622447617677 -0.8772435355654755 -0.579772860790883 -0.23614739566839343 1.735428636209789e-8 0.06241197007799248 -3.1496509096028974e-9 0.062411978032568635 0.2099571480242398 0.4042723873152949 0.5613560442752668 0.5932143179003252 0.4546142104143903 0.17052593223403606 -0.17052586517541035 -0.45461414191526717 -0.5932142304603832 -0.5613559538991766 -0.40427232151502784 -0.2099571045779407 -0.062411959032815496 0.0
</DataArray>
        <DataArray type="Float64" Name="Mode_13_w" NumberOfComponents="1" format="ascii">
 3.537300628786348e-5 -3.5372993521466506e-5 3.5373004419942854e-5 -3.537300396143034e-5 -2.0711848113256984e-5 -2.954615020605986e-5 -2.358895709084796e-5 -2.6454102355612224e-5 -7.851773029607807e-6 -6.749470610350531e-6 4.953134066416402e-6 -2.227623884292675e-6 2.2276113697117234e-6 -4.953152077208665e-6 6.749454497218154e-6 7.851756384903831e-6 2.6454081459353553e-5 2.3588941530554864e-5 2.9546139343112994e-5 2.0711840571453753e-5 2.0711842619881813e-5 2.9546141785131556e-5 2.358894758386038e-5 2.6454093344287352e-5 7.851771401796764e-6 6.749468712165331e-6 -4.953137975207143e-6 2.22761896680079e-6 -2.227621020463391e-6 4.953140863113538e-6 -6.749463145557324e-6 -7.851762847559083e-6 -2.6454094999107892e-5 -2.3588957692633284e-5 -2.954614889888878e-5 -2.0711850308213562e-5 -2.0711845178877353e-5 -2.9546148181436663e-5 -2.3588947246916293e-5 -2.6454089679188024e-5 -7.851757741834027e-6 -6.749456828689378e-6 4.9531530414378505e-6 -2.2276136734674974e-6 2.2276239870799946e-6 -4.953145394350307e-6 6.749462820772963e-6 7.851758616755294e-6 2.6454091152176672e-5 2.3588949708351747e-5 2.954614794040356e-5 2.0711843777529152e-5 2.071184419621717e-5 2.9546150785883892e-5 2.3588952206743354e-5 2.645409836007728e-5 7.851771533660847e-6 6.749471317676216e-6 -4.953137225675533e-6 2.227627575177592e-6 -2.227614119990989e-6 4.953154612642256e-6 -6.749454338975484e-6 -7.851754171849349e-6 -2.6454089250011063e-5 -2.3588945814463518e-5 -2.9546147232517846e-5 -2.071184743076882e-5 -0.3207463667141574 -0.534548131153346 -0.5839889436624236 -0.48150835245964446 -0.29730118281151763 -0.12176360905956193 -0.018277810148828632 0.005180442990576387 -0.005180097431315685 0.018278172967696793 0.12176396884769108 0.2973014921898903 0.48150856513119683 0.5839890466937445 0.5345481544025941 0.32074635956794617 -0.5345481726168423 -0.87871510379215 -0.9339354939648538 -0.7269613007428536 -0.39117119238287223 -0.09267917767208919 0.05381082529786828 0.040351760161503346 -0.04035128774665601 -0.05381031186303387 0.0926797067134801 0.3911716537670564 0.7269616085892691 0.933935620112448 0.8787150998140022 0.5345481333263549 -0.583989075779036 -0.9339356345596138 -0.9318488223525705 -0.6240019284979004 -0.1907314236725557 0.1486614372681994 0.2504689067022111 0.11587616923324474 -0.11587586618392935 -0.25046852714503054 -0.1486609951655115 0.19073182623067175 0.6240021758758619 0.931848872894276 0.9339355507691813 0.5839889814056963 -0.4815085973837318 -0.7269616350938946 -0.6240021540178694 -0.23649548758389816 0.22848918766211376 0.5303295583162533 0.5188532180056021 0.21279745975423645 -0.21279751648176098 -0.5188531584743342 -0.5303293710289938 -0.22848898332785547 0.23649557390221593 0.6240020717942045 0.7269614496121214 0.48150844662283315 -0.2973015224528251 -0.39117169002843366 -0.1907318393360772 0.22848900068037648 0.6613344617104381 0.8771195389274768 0.7417356848632396 0.28935893116715344 -0.2893593258882251 -0.7417359301539987 -0.877119600370611 -0.661334446905321 -0.2284890533122877 0.19073166014284657 0.3911714433398578 0.2973013431307961 -0.12176399390517442 -0.09267974326350142 0.14866096618613966 0.5303293516887646 0.8771195485329649 0.9999998485335045 0.7947283687385538 0.30274115230780524 -0.302741683589931 -0.7947287321298511 -1.0 -0.8771195840833884 -0.5303294115512204 -0.14866112180342428 0.09267953096989409 0.12176383825495894 -0.018278187941882698 0.0538102908340298 0.2504685153422256 0.5188531544152097 0.7417358971102072 0.7947286082602811 0.6133964080180553 0.23071790003009787 -0.23071833963535326 -0.6133966757888538 -0.7947286598906238 -0.7417358201431278 -0.5188530818030921 -0.25046853145943326 -0.0538103859165143 0.01827809929216895 0.005180096830523642 0.040351297198209735 0.11587589802394599 0.21279757398459012 0.289359388805426 0.3027417020103744 0.23071824976935149 0.08640323530709836 -0.08640347267022257 -0.23071832347294852 -0.3027415722880752 -0.2893591388177755 -0.21279733122394653 -0.1158757545457604 -0.04035126475240974 -0.005180114194642643 -0.005180431913607276 -0.04035172589305059 -0.1158760968621112 -0.21279733416346522 -0.28935874922533783 -0.30274094460496714 -0.23071773671109652 -0.08640318622724655 0.08640310971776181 0.23071780626346552 0.30274119187528636 0.28935909269212184 0.21279765579211818 0.11587631210113282 0.04035181989788204 0.005180451595365581 0.018277812504066415 -0.05381080434341061 -0.2504688406330746 -0.518853072771783 -0.741735433047375 -0.7947280203273689 -0.6133960362178141 -0.23071795313345753 0.2307179105521176 0.6133961159421479 0.7947282451500519 0.7417357276187635 0.5188533345359564 0.2504690022208652 0.05381086365209834 -0.018277806617822703 0.12176357247929943 0.09267913004639461 -0.14866144675632942 -0.5303294710831641 -0.8771193118977014 -0.9999994850489637 -0.7947281813440932 -0.30274132318599095 0.3027412006774974 0.7947281574904268 0.9999995782406359 0.8771194574714681 0.5303295799465615 0.14866146819166656 -0.09267917609059892 -0.12176362035365476 0.2973010847370132 0.39117103737690906 0.19073128499373723 -0.22848923098072368 -0.6613343588440331 -0.8771193052778677 -0.7417355871236934 -0.28935912329954977 0.28935888781489383 0.741735438348176 0.8771192559319108 0.6613343467026969 0.22848917468269606 -0.1907314181013622 -0.39117120319861615 -0.2973011984926775 0.4815081911927845 0.7269610382259833 0.6240016562436832 0.23649529065792035 -0.2284890729019554 -0.5303293057007727 -0.5188530610693036 -0.2127975348936616 0.2127972462326382 0.5188528518457501 0.5303291814660037 0.22848896768698054 -0.2364954515431996 -0.624001891544693 -0.7269612893334955 -0.48150835551149523 0.5839887471749102 0.9339351695307653 0.9318484713020794 0.6240018562311129 0.19073163242409352 -0.14866109392665505 -0.2504686240126008 -0.11587606563865281 0.11587581530073376 0.25046844105207466 0.14866097811163115 -0.19073174734721515 -0.6240020385643312 -0.9318487334710244 -0.9339354482270679 -0.5839889293807766 0.5345479520397871 0.8787148028492273 0.9339353005586346 0.7269613370909866 0.39117145343839266 0.09267954940438676 -0.053810489781467886 -0.040351550170901876 0.040351387129628775 0.053810378862956317 -0.09267961308995333 -0.39117153015660217 -0.7269614844011283 -0.933935525068433 -0.8787150440298847 -0.5345481095809451 0.32074626007292323 0.5345479907517958 0.5839888686014539 0.4815084086708709 0.297301367396273 0.1217638570868166 0.018278040169927772 -0.005180279282211759 0.005180203024248465 -0.018278085912744435 -0.12176387724261724 -0.29730140096662644 -0.4815084909992696 -0.5839889998599496 -0.5345481319005622 -0.32074635201144075
</DataArray>
        <DataArray type="Float64" Name="Mode_14_w" NumberOfComponents="1" format="ascii">
 -4.91647238356292e-5 2.60657668939392e-12 4.9164724217874864e-5 2.230476314464887e-12 3.4783600252043154e-5 4.190550868464583e-5 3.4685568517149425e-5 2.6600500003829247e-5 -6.8821925283467236e-6 -1.879125577918576e-5 -3.786393030154702e-5 -2.4814514605685067e-5 -1.9466329696884e-5 6.868992335068102e-6 1.0296292996864409e-5 2.3574660017506836e-5 9.902945389364054e-6 1.2017620888661069e-5 -4.082061933467445e-6 2.470033786083387e-6 -2.4700380239199913e-6 4.082059825930166e-6 -1.201762288286894e-5 -9.90294804913731e-6 -2.3574659337173273e-5 -1.0296291603621926e-5 -6.868989358098774e-6 1.9466330204821998e-5 2.481451211008901e-5 3.786392922728653e-5 1.8791254538970298e-5 6.88218907090832e-6 -2.6600499060341365e-5 -3.4685574574362776e-5 -4.190550684907368e-5 -3.478360174114763e-5 -3.4783603194057205e-5 -4.190550571532322e-5 -3.4685574873753246e-5 -2.6600503261194158e-5 6.882181926847934e-6 1.8791250733650578e-5 3.7863925685387975e-5 2.4814511572882173e-5 1.9466324134961235e-5 -6.868995445006727e-6 -1.0296297156433523e-5 -2.357466125544251e-5 -9.902945536358658e-6 -1.2017620921034387e-5 4.08206245819438e-6 -2.470038074521745e-6 2.470033189154017e-6 -4.082064640963642e-6 1.2017623495477187e-5 9.902945255878636e-6 2.357466321669414e-5 1.0296293361367045e-5 6.868995637174875e-6 -1.9466329859354976e-5 -2.4814509712628286e-5 -3.786392840039665e-5 -1.8791246226958168e-5 -6.882183152058206e-6 2.660050376120242e-5 3.468557711356798e-5 4.190550597299936e-5 3.4783601181338397e-5 0.399226225485864 0.6334883419405367 0.612456094781366 0.35584690516927114 -0.0192319287194871 -0.35394842283229533 -0.5196961369524439 -0.4712117100122619 -0.2579829608904282 0.008910508067557867 0.21457221753476638 0.29299923714801307 0.24908229029427303 0.14241712247093652 0.04525101562511911 -8.838149544050014e-9 0.6334883233519943 1.0 0.9556751351602255 0.5363706272930455 -0.06370733832226332 -0.5859524925215318 -0.8256044166435066 -0.7184482294664009 -0.35592419589408514 0.07303554275226079 0.3805906688624121 0.4670796073057106 0.35489322676016344 0.15655239659356254 -1.7070164023368153e-8 -0.04525103945927823 0.6124560363267345 0.9556750715111608 0.8887632356971078 0.4570426544137053 -0.13402290351373725 -0.6195373837713186 -0.800439249175988 -0.6308563180261921 -0.22767401973026488 0.1990557556450048 0.45543944860192836 0.45634575417694306 0.2551812708625604 -1.909859768110473e-8 -0.15655242642512882 -0.14241713968338784 0.3558468069824028 0.5363704926968017 0.45704256571190427 0.16174264752182227 -0.19993452342118911 -0.4493625227431075 -0.4687544439565337 -0.2590437371993464 0.06406140622407053 0.3321762435067622 0.41208659852600327 0.2731431370213713 -2.5340867091359176e-8 -0.25518131238949726 -0.3548932507489418 -0.2490822999693861 -0.01923204861423511 -0.06370751426722393 -0.13402305258189245 -0.1999345939663558 -0.21411540130476653 -0.1404289981209516 0.01848347029405346 0.21202744560662473 0.3582477597749426 0.3809756603175728 0.2494336158057411 -1.5938599285090772e-8 -0.2731431758310508 -0.45634578456175023 -0.4670796238561445 -0.29299924355979906 -0.35394854399056414 -0.5859526720157573 -0.6195375412511728 -0.4493626054007667 -0.14042901100389646 0.19847655848219628 0.4559650096530519 0.5564257937380017 0.4819862617726943 0.2714191699168148 2.709338390814272e-10 -0.24943362718228862 -0.4120866144224367 -0.45543946118694784 -0.38059067792042484 -0.2145722244245059 -0.5196962408162527 -0.8256045650248656 -0.8004393657251531 -0.46875448148862947 0.018483502752543915 0.45596505434200907 0.6762922851763576 0.6191505522602724 0.34633136509695006 -8.074423248605178e-9 -0.2714191658937143 -0.3809756553451013 -0.3321762443018449 -0.19905576214089435 -0.0730355541878307 -0.008910519233543357 -0.4712117829179804 -0.7184483234063277 -0.6308563679059214 -0.25904370797789533 0.21202753699573126 0.5564258889957165 0.6191505996805282 0.38947296542391985 -4.785353051771161e-8 -0.34633141832968695 -0.4819862742330893 -0.3582477542559804 -0.06406140410266478 0.22767400952450814 0.35592417805962245 0.25798294683928535 -0.25798299641413214 -0.3559242296963678 -0.22767400409776845 0.06406148913722161 0.3582478811520977 0.481986364054 0.34633140833759435 -5.030045407960762e-8 -0.38947306936812115 -0.6191506247977838 -0.5564258216623268 -0.21202744464230536 0.2590437406605919 0.6308563084531782 0.71844821043028 0.47121169440996763 0.008910502518732693 0.07303555664988136 0.19905581766761116 0.3321763528477124 0.3809757794225024 0.27141924301333864 -1.103767929787081e-8 -0.3463314707906286 -0.6191506711120723 -0.6762923386707088 -0.45596502791386784 -0.018483457807467688 0.46875446284918676 0.8004392525945174 0.8256044023798998 0.5196961216550773 0.2145722248701142 0.3805907040222718 0.4554395274601139 0.4120867093530953 0.24943371843049206 4.3428602961861164e-8 -0.27141920770431543 -0.4819863717640081 -0.5564259141760726 -0.45596507038875506 -0.1984765439740214 0.1404290427533817 0.44936257079252057 0.6195374055252969 0.5859524866369733 0.35394841141292305 0.2929992432919507 0.46707963681764736 0.4563458207095133 0.27314322836606797 6.388384232196127e-8 -0.2494335998968892 -0.3809756985975495 -0.3582478438341197 -0.21202752565183652 -0.01848348668542361 0.1404290565961302 0.21411547330985203 0.19993459157190163 0.13402293936463192 0.06370734270977493 0.01923192283368048 0.24908228734223445 0.3548932361891931 0.2551813062106427 3.2101326551972126e-8 -0.2731431206205749 -0.41208658720400326 -0.3321762522990383 -0.06406142895371399 0.2590437377603641 0.46875451004585755 0.4493626546865607 0.199934660577882 -0.1617425876017248 -0.45704261961502485 -0.536370614612024 -0.3558469023551023 0.1424171135914927 0.15655238914617461 -1.3359854434361847e-8 -0.25518128553267416 -0.4563457455039788 -0.4554394228306041 -0.19905572218199788 0.22767406272232832 0.630856393818487 0.8004393838293323 0.6195375682132729 0.1340230874347841 -0.45704253703958964 -0.8887632202917801 -0.9556751246220448 -0.6124560860231488 0.045251006872867205 -2.8925113278015184e-8 -0.15655243186961842 -0.3548932378741884 -0.4670795910674984 -0.3805906284638327 -0.07303548481139138 0.3559242696462455 0.7184483311433709 0.825604561466739 0.5859526731041957 0.06370752003907125 -0.5363704910361412 -0.9556750742818731 -0.9999999985818993 -0.6334883373207655 -1.5391972710760468e-8 -0.04525104785139915 -0.1424171430603763 -0.24908229225355064 -0.2929992207825176 -0.21457218464046196 -0.00891046368593354 0.2579830156071686 0.47121177955380467 0.5196962282964239 0.3539485352519379 0.019232044180994112 -0.35584681197860407 -0.61245604166543 -0.6334883265583785 -0.399226226416896
</DataArray>
        <DataArray type="Float64" Name="Mode_15_w" NumberOfComponents="1" format="ascii">
 -1.857469185914497e-12 4.916471939043634e-5 -3.8871289063267204e-13 -4.9164722346591924e-5 -2.470035268266497e-6 4.0820617515715305e-6 -1.2017622840877527e-5 -9.90295103503644e-6 -2.3574664016424705e-5 -1.0296294399692815e-5 -6.868991630062583e-6 1.946632996069113e-5 2.4814510745269655e-5 3.78639289173266e-5 1.87912523950269e-5 6.882183882554048e-6 -2.6600502585266488e-5 -3.468557225976548e-5 -4.190550269839341e-5 -3.478359741356131e-5 -3.478359818630892e-5 -4.190550168715448e-5 -3.468557035639143e-5 -2.660049710666253e-5 6.8821929409875305e-6 1.8791255815140643e-5 3.7863932906536364e-5 2.4814516281642742e-5 1.9466334813945967e-5 -6.8689886930792325e-6 -1.0296292360263056e-5 -2.357465934463084e-5 -9.902945391610861e-6 -1.2017620326160612e-5 4.082064181461216e-6 -2.4700358600650887e-6 2.4700361127655266e-6 -4.082063002366879e-6 1.201762266838942e-5 9.90294682172328e-6 2.3574661933855698e-5 1.0296293284766628e-5 6.868991276745181e-6 -1.9466329494731114e-5 -2.4814514128997544e-5 -3.7863929681225795e-5 -1.879125082491417e-5 -6.882184616198109e-6 2.6600500977141352e-5 3.468557434639954e-5 4.190550427500915e-5 3.478359804847119e-5 3.478359933557027e-5 4.190550667643091e-5 3.4685575248708914e-5 2.6600501844292806e-5 -6.882183833873641e-6 -1.879125045473765e-5 -3.786393024032473e-5 -2.4814509668694076e-5 -1.9466327743386903e-5 6.868995972797354e-6 1.0296293742778005e-5 2.35746660410141e-5 9.902945649876048e-6 1.2017621956576458e-5 -4.082062990358723e-6 2.4700382193564996e-6 -8.37629867278964e-10 0.04525102848494877 0.1424171417558319 0.249082326785242 0.2929992869361066 0.21457225974614222 0.00891053004339964 -0.25798296379639873 -0.4712117376931316 -0.5196961767401792 -0.353948454915699 -0.019231943984164276 0.35584689972132005 0.6124560892445712 0.6334883339937609 0.3992262195109567 -0.04525103697155991 -6.877537214521874e-9 0.156552425705717 0.35489328715122154 0.4670796877352877 0.38059073563750495 0.07303557242915477 -0.3559242088964145 -0.7184482818294142 -0.8256044877633574 -0.5859525495409554 -0.06370736489394176 0.5363706237805891 0.9556751385271398 1.0 0.6334883210796172 -0.1424171516823554 -0.1565524335300846 2.590333248955031e-9 0.2551813319096888 0.4563458334327964 0.45543950815228584 0.19905577201537553 -0.22767404964960625 -0.6308563864141108 -0.8004393336806902 -0.6195374523434074 -0.13402293497946155 0.45704266244846187 0.8887632698615607 0.955675109653818 0.6124560594785285 -0.24908232526495608 -0.3548932780598055 -0.2551813127754872 1.1017755442387618e-8 0.27314318586596587 0.41208662465166557 0.33217623132093804 0.06406136077777623 -0.2590438033811367 -0.4687545159136102 -0.44936258219203107 -0.19993454845149825 0.16174267286799893 0.45704263631504116 0.53637057739582 0.35584686330772053 -0.2929992713958154 -0.46707966196664974 -0.45634580832898264 -0.2731431753155443 -7.736645086503118e-9 0.24943360698247388 0.38097562792879597 0.35824771675127615 0.21202740535669534 0.018483434326775978 -0.14042902784695452 -0.2141154060827154 -0.19993455001448657 -0.1340229592313235 -0.06370740413108826 -0.01923197335349093 -0.2145722351300201 -0.38059069996982514 -0.45543948480741603 -0.41208663202773954 -0.2494336455493298 -2.4763958154022267e-8 0.27141914692471647 0.48198625597188754 0.5564258054663761 0.45596502202470673 0.19847656301895023 -0.1404289955587799 -0.44936255209909187 -0.619537446426306 -0.5859525624206792 -0.3539484676285377 -0.008910500696229074 -0.07303553335845561 -0.19905575030263248 -0.3321762460467335 -0.3809756707395728 -0.27141917886717754 1.0183182477943859e-8 0.3463314272555837 0.6191506333872427 0.6762923448089283 0.4559650807622811 0.018483521335588612 -0.46875444085848716 -0.800439294627298 -0.8256044801420614 -0.5196961804762659 0.257982988024826 0.3559242404600499 0.22767406501736895 -0.06406137720168145 -0.3582477517776971 -0.48198625987144506 -0.3463313503723589 7.689318041793863e-8 0.3894730998443213 0.61915068855464 0.5564259182650377 0.2120275337879616 -0.25904370916358016 -0.6308563477862382 -0.7184482866222112 -0.4712117534039867 0.47121174543155137 0.7184482883399648 0.630856376149019 0.25904376903736637 -0.21202744631390352 -0.5564258042850919 -0.6191505452838042 -0.38947293529821947 8.524949660512727e-8 0.34633148878643555 0.48198636917153403 0.3582478310988585 0.06406142097912443 -0.22767405728672063 -0.3559242561335249 -0.25798300479846636 0.5196961707588035 0.825604467305552 0.8004392897948165 0.46875444761801516 -0.018483505670434244 -0.45596505424942596 -0.6762923061200091 -0.6191505914487377 -0.3463313927839579 1.431516964750585e-8 0.27141919401570397 0.38097567113488257 0.3321762207613104 0.19905569834616102 0.07303547493096695 0.00891046305926479 0.3539484506666314 0.5859525262820612 0.6195373958386233 0.4493624911312239 0.14042892380577257 -0.19847664428803177 -0.45596511554783703 -0.5564259151132336 -0.4819863736670023 -0.2714192551936047 -6.404333620379099e-8 0.24943356913334883 0.41208655006105854 0.45543938766487246 0.3805906052991186 0.21457217620451444 0.019231956557778516 0.0637073675900338 0.13402290155685584 0.19993447277115273 0.2141153063699289 0.14042889979988318 -0.018483591741513216 -0.21202758340444336 -0.35824789604329577 -0.380975785774818 -0.24943372844569342 -8.260649711245988e-8 0.27314309172983114 0.4563457121125366 0.4670795651155642 0.2929992098157898 -0.35584686371245833 -0.5363705805106586 -0.45704264504903513 -0.16174269036267497 0.19993451046355626 0.44936250728742283 0.4687544050340107 0.25904367743185974 -0.06406147852187474 -0.33217632376845324 -0.4120866824152996 -0.2731432164555533 -4.2691710470380705e-8 0.25518125766045086 0.3548932107343599 0.24908227922827902 -0.6124560385417701 -0.9556750652320297 -0.8887632007912379 -0.457042578977837 0.13402300783703314 0.6195374897322595 0.8004393358344659 0.6308563788082222 0.2276740557795973 -0.1990557415497124 -0.45543945398550284 -0.4563457731208188 -0.2551812938247681 -4.454070787940273e-9 0.1565524028333435 0.1424171236328995 -0.6334882872390208 -0.9999999251126909 -0.9556750192403637 -0.5363704759430316 0.06370750933523238 0.5859526650584324 0.8256045753639156 0.718448365479979 0.35592430572769995 -0.07303545937710369 -0.38059061293688484 -0.4670795761748469 -0.35489321153527675 -0.15655239588925013 2.963705911691701e-9 0.04525102465644375 -0.39922619155789574 -0.6334882736801029 -0.6124559954651884 -0.355846784707981 0.019232058723426513 0.35394855210934884 0.5196962580241647 0.4712118195079114 0.2579830544640293 -0.008910434333225248 -0.21457216410169053 -0.2929992021625108 -0.24908226931824085 -0.1424171154657548 -0.04525102175367251 0.0
</DataArray>
        <DataArray type="Float64" Name="Mode_16_w" NumberOfComponents="1" format="ascii">
 -2.2609264801676754e-5 -2.26092633614372e-5 -2.260926475000993e-5 -2.2609264404683332e-5 1.7398985171917835e-5 1.6074393105470148e-5 1.7286332528035943e-5 1.3597283287543565e-5 1.2982402647290911e-5 1.8334270679827274e-5 2.7081310501426396e-5 3.389203891362883e-5 3.389203976697195e-5 2.7081306244408695e-5 1.8334267759216483e-5 1.2982399578631427e-5 1.3597282711107407e-5 1.728632972183162e-5 1.6074389829202134e-5 1.7398982598525164e-5 1.739898289828817e-5 1.607439333904087e-5 1.728634281865844e-5 1.3597308406637677e-5 1.2982434069879982e-5 1.8334308507663786e-5 2.7081339838647183e-5 3.389206724170306e-5 3.389206709089156e-5 2.708134827571873e-5 1.833431228466737e-5 1.2982441537021521e-5 1.3597315444933033e-5 1.728634880550588e-5 1.60743939321591e-5 1.739898180421077e-5 1.7398985605076498e-5 1.607438822025519e-5 1.7286328130944803e-5 1.3597276631969051e-5 1.2982394523652007e-5 1.8334264816506313e-5 2.7081311073506937e-5 3.3892042800193796e-5 3.3892045498751556e-5 2.7081313956325795e-5 1.833426762644632e-5 1.298239258572064e-5 1.3597279828971052e-5 1.7286327588398485e-5 1.6074392104938784e-5 1.739898562321711e-5 1.7398982491092594e-5 1.607439477103875e-5 1.728634485015667e-5 1.3597315104768662e-5 1.2982440010402199e-5 1.8334313775275403e-5 2.7081344771158366e-5 3.389207085049572e-5 3.3892063649989955e-5 2.708134145610173e-5 1.833430207278215e-5 1.2982435126269345e-5 1.3597303968934564e-5 1.7286342431364534e-5 1.607439091986343e-5 1.7398981512075146e-5 0.16462573817298265 0.26097417432510883 0.27296265600597114 0.24731913324671262 0.25455864900523256 0.33125552556553195 0.4495298111359964 0.5380822737827765 0.5380823086054727 0.4495299033949977 0.3312556480656223 0.25455877350459427 0.24731923289786048 0.27296271400242605 0.26097419394499766 0.16462573847118572 0.2609741127739171 0.3899320335818925 0.3572981415339139 0.2568004048770535 0.22873656409583415 0.3464204106359607 0.5561881815024851 0.7186851788131867 0.7186852264473215 0.5561883060684886 0.3464205757066232 0.22873672816120436 0.2568005258054877 0.35729819789573064 0.38993203614018046 0.2609740967763146 0.2729624530378757 0.3572979241389467 0.2133716202076341 -0.01897265555957567 -0.13239273224124223 -0.01759218579259447 0.24916382827677327 0.4661518304268406 0.46615186517467067 0.24916391583954667 -0.017592077364111485 -0.132392636856173 -0.018972607268637486 0.2133716102112526 0.35729787572393407 0.2729624078918693 0.24731875666643977 0.2567999134389453 -0.01897295233491955 -0.397946303273556 -0.6120164367498409 -0.5189796788707416 -0.21459148150263285 0.04427253638793682 0.04427254412484706 -0.21459146825770944 -0.5189796770284864 -0.6120164623777541 -0.3979463673783527 -0.01897304839429905 0.2567998114538585 0.247318687923027 0.25455814855339803 0.22873589353343426 -0.1323931850334681 -0.6120165432477237 -0.8915277595959618 -0.8016039502559325 -0.4549766058977393 -0.15543479845132704 -0.155434815212885 -0.4549766562924522 -0.8016040324534948 -0.891527871878281 -0.6120166790236159 -0.13239332438998158 0.22873577587269514 0.2545580796329763 0.33125499062061686 0.3464197265289182 -0.01759255226996187 -0.5189795651134617 -0.8016036390126735 -0.6765885191603312 -0.2712059544564951 0.07321879277823397 0.07321876814200975 -0.2712060235777851 -0.676588618649954 -0.8016037534651975 -0.5189796786664566 -0.01759264619395859 0.34641966302052 0.33125495815062744 0.4495292950992875 0.5561875867981823 0.24916369528424306 -0.21459095204993997 -0.4549757257508369 -0.2712053103193441 0.198289093285021 0.5856158054969066 0.5856157886161042 0.19828904783927506 -0.2712053661570617 -0.45497576641804865 -0.21459095957516272 0.24916372459512928 0.5561876348455093 0.4495293300326202 0.5380817594306941 0.7186846339639241 0.4661518565911671 0.04427337352575097 -0.15543347379743555 0.07321996341825475 0.5856163579356599 0.9999999750115228 0.9999999663961843 0.585616339828257 0.07321996103380166 -0.15543342838558033 0.04427348298329934 0.46615201365296743 0.7186847909389112 0.5380818575316791 0.5380817344163636 0.71868459368933 0.46615181706517655 0.04427334938457392 -0.15543347739800245 0.07321997684406477 0.5856163810843265 1.0 0.9999999873868635 0.5856163559012245 0.07321997539165581 -0.1554334120458374 0.04427349761592188 0.4661520207585373 0.7186847900231929 0.5380818540241677 0.4495292315979608 0.5561874874139493 0.24916360096615542 -0.21459100658206862 -0.4549757290675506 -0.27120527422252355 0.1982891504218768 0.5856158645683259 0.5856158384946338 0.1982890889689789 -0.27120532808400527 -0.4549757280115223 -0.21459092829552998 0.249163735706946 0.5561876260142449 0.4495293168746013 0.33125491775401844 0.3464196153218716 -0.01759265356569767 -0.5189796169253437 -0.8016036321712144 -0.6765884720888704 -0.2712058919793221 0.07321885100925533 0.07321881704525544 -0.27120597764039756 -0.6765885725251592 -0.8016037112644298 -0.5189796548590041 -0.017592651318557348 0.3464196367158118 0.3312549336175902 0.2545580918704826 0.22873580951825637 -0.1323932540997242 -0.6120165683109128 -0.8915277386222289 -0.8016039045791598 -0.454976561207854 -0.1554347663117037 -0.15543478820076093 -0.45497662157443847 -0.8016039871189498 -0.8915278311563796 -0.6120166667711858 -0.13239334808158995 0.2287357351806219 0.25455805001440224 0.24731871886381881 0.2567998662190268 -0.018972976317878722 -0.39794629329767545 -0.6120164022691861 -0.5189796414705135 -0.21459146111353547 0.04427254024895692 0.044272547748243914 -0.21459144478806874 -0.5189796310392244 -0.6120164171854087 -0.3979463495426242 -0.01897306536314281 0.25679977705104184 0.24731866368236072 0.27296242560639317 0.357297900081119 0.2133716243778048 -0.01897262537869924 -0.13239269289469155 -0.017592158553266447 0.2491638314579163 0.4661518163341761 0.46615185250219066 0.24916392595886083 -0.017592039961604793 -0.13239259149779498 -0.018972575699085916 0.21337161815176683 0.35729786561647114 0.27296239604501105 0.2609740935949424 0.38993202015656653 0.3572981505840929 0.25680043228252153 0.22873659643449057 0.3464204322662969 0.5561881830741885 0.7186851646230172 0.7186852100308536 0.5561883047486669 0.3464205965562623 0.2287367618144642 0.25680055838300336 0.35729822065740796 0.3899320450739888 0.26097409654286663 0.16462572899893313 0.2609741684462498 0.2729626607182687 0.24731914739861927 0.25455866720036646 0.3312555411466284 0.44952981768356143 0.5380822696325491 0.5380823006143953 0.4495299013224634 0.331255657740132 0.2545587902111591 0.2473192512707873 0.27296273141865585 0.26097420469093885 0.1646257414323349
</DataArray>
        <DataArray type="Float64" Name="Mode_17_w" NumberOfComponents="1" format="ascii">
 -3.0645285607209756e-11 -2.2037850162242994e-11 -2.6054651744527185e-12 -2.477597470453836e-11 -1.759064488895642e-6 1.7835584303962237e-6 1.1526592754266062e-5 2.328364945849933e-5 3.07651974170386e-5 3.07066399919665e-5 2.5170935090209082e-5 1.9993642645599764e-5 1.9993638291277922e-5 2.5170933553355972e-5 3.070663210239365e-5 3.076518570180686e-5 2.3283640249167177e-5 1.1526584532520417e-5 1.7835404914238887e-6 -1.759065906982979e-6 1.759101082430555e-6 -1.7835132663324367e-6 -1.1526552023711415e-5 -2.328361414881112e-5 -3.0765165844801286e-5 -3.070660255943865e-5 -2.5170895876045946e-5 -1.999359313021465e-5 -1.999359819748892e-5 -2.5170901490661825e-5 -3.0706624460733035e-5 -3.0765179116971825e-5 -2.3283639491704047e-5 -1.1526568352467906e-5 -1.783535351696878e-6 1.7590916962359567e-6 -1.759086187372653e-6 1.783526193114288e-6 1.1526571961938779e-5 2.3283642562518965e-5 3.076519423370454e-5 3.070663518051626e-5 2.517093381960237e-5 1.9993633493982498e-5 1.9993638087151882e-5 2.517093106029698e-5 3.070664611108276e-5 3.076520209599149e-5 2.3283662199884185e-5 1.1526591133976644e-5 1.783551955464999e-6 -1.7590723481787365e-6 1.7591076231958624e-6 -1.7835139028720136e-6 -1.1526553472517284e-5 -2.3283632884490963e-5 -3.0765186964769615e-5 -3.0706625741488776e-5 -2.517090729274863e-5 -1.999359635334006e-5 -1.9993588256718324e-5 -2.5170892739225343e-5 -3.0706608285278356e-5 -3.0765171759557594e-5 -2.328361810742704e-5 -1.152654495652258e-5 -1.7835059922051288e-6 1.759113800852113e-6 2.314152802108638e-7 -0.0653801439004319 -0.20738426267857343 -0.37194170317232766 -0.4806718022502018 -0.49139656421008515 -0.4301557912734505 -0.3693360581879645 -0.36933612981781244 -0.4301559730018611 -0.49139678439763973 -0.48067200210543726 -0.37194185692011683 -0.20738436815477776 -0.06538021125850502 1.9615855694807146e-7 0.06538085129419345 5.155099747877482e-7 -0.22035061559477895 -0.4914015324840305 -0.6608916272686787 -0.6474329504978777 -0.5033773561282552 -0.37179342611829874 -0.37179353143069305 -0.5033776169485272 -0.6474332471627542 -0.660891860333752 -0.4914016680750809 -0.22035067477023232 4.949932481213454e-7 0.06538084430544186 0.20738494251084533 0.22035149323633607 2.4776765086223936e-7 -0.30515763836105164 -0.4763225311362746 -0.3974865171118738 -0.14694636463908606 0.0654531862195256 0.06545309076846305 -0.14694658795401225 -0.39748672903744725 -0.47632261854960484 -0.3051575811105791 3.9149431726702873e-7 0.22035164132673898 0.20738503053784793 0.3719422169452288 0.4914020357171967 0.3051575241110187 -4.572587877537032e-7 -0.14699108141223086 0.01018147130230385 0.3694092568471408 0.6608518422393191 0.6608517750233751 0.3694091173936111 0.01018139386209082 -0.14699099277010447 -1.9486112563419992e-7 0.3051578756732832 0.49140235411992167 0.37194240123222116 0.4806722137989143 0.6608919165249104 0.4763220914126614 0.14698977052763726 -8.513776304938949e-7 0.20735646787696846 0.6473953484055884 0.9999997390474089 0.9999996875746293 0.6473952474481731 0.207356433824123 -7.254753250955785e-7 0.14699006719709237 0.4763224780094872 0.660892264096949 0.4806724146454733 0.49139704119496025 0.6474333759116864 0.3974862885703233 -0.010182496080242772 -0.20735780756557862 -4.536001444972062e-7 0.47627526505271534 0.8629840166942927 0.8629839528646659 0.4762751171518657 -5.851344276560919e-7 -0.20735783187072873 -0.010182384266537803 0.39748649072545933 0.6474335787458775 0.491397163888182 0.43015643049288244 0.5033781269716974 0.14694667820148308 -0.3694095705950198 -0.6473958708378453 -0.47627531828793696 3.8797487332177844e-7 0.3974634046748959 0.39746331394470397 1.5417903642625945e-7 -0.4762756052366309 -0.6473961206952545 -0.3694097315522845 0.14694660977664578 0.5033781200603261 0.43015644200803294 0.3693367880140978 0.371794417707794 -0.06545248504365357 -0.6608516174997976 -0.9999996461938179 -0.8629834653026265 -0.39746208991673715 8.929567678434318e-7 7.957043175095972e-7 -0.3974623507495697 -0.8629838131198541 -1.0 -0.6608519186473667 -0.06545270077751854 0.3717942911376596 0.36933673347503665 0.36933676414269706 0.37179438634031836 -0.06545250678110244 -0.6608516279051925 -0.9999996702378954 -0.8629835364839372 -0.3974622148096911 7.481461414205226e-7 6.873029556900392e-7 -0.39746237741549284 -0.8629837506280713 -0.9999998832079968 -0.6608518061307287 -0.06545263643737792 0.3717943055373648 0.36933672681939433 0.4301563661879281 0.5033780462137077 0.14694663383954842 -0.3694095785132169 -0.6473959146359746 -0.4762754895822227 6.889447300974513e-8 0.39746302968649205 0.39746303886991996 1.013619427400262e-7 -0.4762754226138289 -0.6473958095408672 -0.3694094536686878 0.14694674685959516 0.5033781251267988 0.4301564041820684 0.49139695001259703 0.6474332724424057 0.397486257328632 -0.010182458136249403 -0.2073578077683725 -6.230448511691803e-7 0.4762748904285982 0.8629835587295095 0.8629836290509469 0.476275095610038 -3.049055602434732e-7 -0.20735742405917562 -0.010182077706101043 0.3974865728071111 0.6474334870396418 0.4913970537280908 0.4806721092869093 0.6608918096641299 0.4763220892565673 0.14698987822324167 -7.526801746828447e-7 0.20735640173131908 0.6473950613631712 0.9999993515014098 0.999999431932364 0.6473952967372473 0.2073567619191922 -3.352953732376973e-7 0.1469902684594348 0.47632239047059 0.6608920001956176 0.48067219730997857 0.37194210682914014 0.4914019271114956 0.30515754001064366 -2.9196527392600526e-7 -0.14699087726383295 0.010181546870347287 0.3694091272421146 0.6608516082645671 0.6608516466561041 0.3694092379581954 0.010181709244707906 -0.1469907063551077 -1.6676569942272002e-7 0.305157586804116 0.4914019123432462 0.3719420805063368 0.20738482602858657 0.22035137401430918 2.5668687589673197e-7 -0.3051574597411255 -0.4763222753696365 -0.39748634321530785 -0.1469463564753414 0.06545310130572406 0.06545307764971255 -0.146946430180691 -0.3974864720950922 -0.476322461824381 -0.3051577042453456 -3.027449687253517e-8 0.2203511041784525 0.2073846602495092 0.0653807417893618 3.968743105042078e-7 -0.22035062603184824 -0.4914013920688968 -0.6608914022781797 -0.6474327656761885 -0.5033772849468149 -0.37179342373957114 -0.37179348759819997 -0.503377475451614 -0.6474330740707691 -0.6608918038136627 -0.49140185142084336 -0.22035109275976805 3.4548870514203077e-9 0.06538051383216341 1.6253688481559757e-7 -0.06538022142556604 -0.20738427882066665 -0.37194163100597566 -0.4806716744129699 -0.4913964498946266 -0.4301557345766248 -0.3693360379967025 -0.3693360910227082 -0.4301558919777204 -0.49139670064308977 -0.48067199340404326 -0.37194198667135925 -0.20738462960087645 -0.06538050811687036 -0.0
</DataArray>
        <DataArray type="Float64" Name="Mode_18_w" NumberOfComponents="1" format="ascii">
 -3.8567469032228535e-5 -1.902115608361772e-12 3.856747118506201e-5 -5.031714585028528e-12 3.098667840204033e-5 3.6274446792554165e-5 2.8679565051183914e-5 2.39343251706841e-5 8.031102432269472e-6 1.5777640085844992e-5 1.4617312851915973e-5 2.3368128055329565e-5 5.6458375106809325e-6 -8.660682371755394e-6 -3.7615680322608346e-5 -4.0277751836692195e-5 -4.114581062395285e-5 -1.6320543898812286e-5 -7.737516522049425e-6 5.068694876160384e-6 -5.068692727353936e-6 7.73752037376753e-6 1.6320548225129372e-5 4.114581321763487e-5 4.027774977215057e-5 3.761567519468477e-5 8.660681937971036e-6 -5.64583978922311e-6 -2.336812048158374e-5 -1.4617305056151827e-5 -1.5777630554416893e-5 -8.031100856330174e-6 -2.39343226610164e-5 -2.8679568288313794e-5 -3.62744491610118e-5 -3.098667930558356e-5 -3.098667654578708e-5 -3.627444879917403e-5 -2.8679571312295355e-5 -2.3934331107168042e-5 -8.03111551006792e-6 -1.5777646246308245e-5 -1.461731551804697e-5 -2.3368128230050537e-5 -5.645846056136418e-6 8.660668984816535e-6 3.7615659976333415e-5 4.0277737155061494e-5 4.114580214563062e-5 1.632054422525354e-5 7.737521220124531e-6 -5.06868695063025e-6 5.06869974765263e-6 -7.73751291255268e-6 -1.6320535505070418e-5 -4.114579857697108e-5 -4.0277740171028744e-5 -3.761566532340094e-5 -8.660673308013571e-6 5.645847132014217e-6 2.3368134146440172e-5 1.461732076716692e-5 1.57776510911541e-5 8.031118893597177e-6 2.393433313321376e-5 2.86795681997872e-5 3.6274447139623435e-5 3.0986678091049346e-5 0.3050433980638127 0.4663148410724025 0.44312119851138065 0.3147302167609975 0.2104279717862184 0.20349468767301523 0.25419539801025154 0.2475383441137781 0.0946311582001045 -0.1839510147977127 -0.46099458445159663 -0.5910413847505234 -0.5159712524520105 -0.3050758498794834 -0.09867190096412841 4.68135835644087e-8 0.4663148171845318 0.6808828978656679 0.578701026064365 0.314195095179526 0.13049757163027653 0.16194495911303025 0.3290758344285906 0.40899661886641625 0.22472835396121757 -0.19897417245072377 -0.6388633765606898 -0.8354168302409001 -0.6869227247122183 -0.32301308031278336 8.915121535929056e-8 0.0986720303851949 0.44312111867899856 0.5787009388192945 0.33859527119070715 -0.058826036962324406 -0.2854154034056078 -0.1654279109761781 0.1852875952945085 0.45422504955357873 0.38502115526891345 -0.012997845162451255 -0.46615320201822413 -0.648122742600533 -0.4347676207289906 4.315112227745383e-8 0.32301321354186907 0.3050759499150514 0.3147300659916779 0.31419489327662875 -0.05882616199814508 -0.5480232176665301 -0.7825939277627735 -0.5697937938107842 -0.048877321133040386 0.41544976091278324 0.5163236343444428 0.24016454667440035 -0.13142793292785915 -0.25386191875286734 -2.266276395142193e-8 0.4347676238350059 0.6869227658393178 0.5159712904465465 0.21042776677441358 0.13049729010916838 -0.2854156042085371 -0.7825939889830501 -1.0 -0.7528083884222236 -0.1810626647572361 0.35411077616957287 0.5448823592510978 0.36561602164855533 0.07626037013336674 -2.1646342811764726e-8 0.25386185339785056 0.6481226840020917 0.8354167932945731 0.5910413675776227 0.20349447564740378 0.16194467781357624 -0.16542808571193282 -0.5697937937349109 -0.7528083032357953 -0.5609149040326695 -0.1084210293249765 0.30812975872525955 0.43720222910064593 0.26143201743667305 2.1646258022599276e-8 -0.0762603757374762 0.1314278829885685 0.4661531316510808 0.6388633111449968 0.46099454430608894 0.2541952199064605 0.32907562196407103 0.1852875278360223 -0.04887717359955122 -0.18106239839862748 -0.1084208301305177 0.10088988837200646 0.2633345375056363 0.22812460830765913 4.793491636952573e-8 -0.26143195232439165 -0.36561600339872696 -0.2401645654181766 0.012997808011260598 0.19897413493092694 0.18395099156839778 0.24753819812196484 0.40899647228477765 0.45422507692055647 0.4154500288210285 0.3541111881859596 0.30813012153302183 0.26333470840602935 0.1715056280427874 5.275404889958182e-8 -0.22812452831206714 -0.43720219420482914 -0.5448823524591623 -0.5163236285152425 -0.3850211363688452 -0.22472832521382244 -0.09463113561828596 0.0946310085364748 0.22472820312139996 0.38502117966927873 0.516323900077793 0.5448827713889117 0.43720259485303964 0.228124784551075 6.11725537280601e-8 -0.1715055416965361 -0.26333452026234794 -0.30812979477508445 -0.3541108141566168 -0.4154497532857511 -0.4542249834428957 -0.40899652449711404 -0.24753827638565512 -0.18395120295718628 -0.19897439786294346 -0.012997924090947393 0.24016468608554248 0.36561628784156047 0.2614322254449031 6.377190936478626e-8 -0.22812467661028793 -0.26333467370396085 -0.1008899444350784 0.1084209207136972 0.18106257391111436 0.048877308507667624 -0.1852875155544485 -0.32907571175400563 -0.25419531040439225 -0.4609948139264741 -0.638863686292634 -0.4661534049690826 -0.1314279498359949 0.0762604539817532 3.2047239141397436e-8 -0.2614321344558839 -0.43720253567331796 -0.30813013966441727 0.10842072988392971 0.560914762355634 0.7528082702059286 0.5697937563026253 0.16542796581578834 -0.16194485852342966 -0.20349461297271318 -0.5910416227190451 -0.8354171638006456 -0.6481229888570136 -0.2538619987465871 -1.8680338125319386e-8 -0.07626045334476805 -0.365616267019702 -0.544882767505917 -0.3541112297455737 0.1810623116648147 0.7528081944350797 0.9999999042018284 0.7825938779733467 0.2854154117417813 -0.130497527361687 -0.2104279346301362 -0.515971453929729 -0.6869229958707044 -0.4347677934471713 -2.815781709592935e-8 0.25386193136605023 0.1314278895926071 -0.2401647271732623 -0.516323925540347 -0.4154500449347196 0.04887715923444723 0.5697937734229842 0.7825939589515839 0.5480231801195965 0.058826005959989346 -0.31419510865904127 -0.3147302200143777 -0.3050759868000918 -0.3230132368422653 6.182223203393241e-9 0.43476775751936775 0.6481229098541339 0.4661533114042235 0.012997855086928196 -0.38502119611871827 -0.4542250344992012 -0.185287448798754 0.16542816292529486 0.28541564598668484 0.058826152856241876 -0.33859531577516655 -0.5787010745220533 -0.44312122754250444 -0.0986719738835342 3.5109791217391056e-8 0.32301328006246705 0.6869229816353098 0.835417093762157 0.6388635928488405 0.19897433268947576 -0.22472819702446128 -0.40899638678665845 -0.32907548895101607 -0.16194455029733337 -0.13049721167663583 -0.31419487821108283 -0.5787009735681943 -0.6808829494290793 -0.466314876037256 1.8157452535060115e-8 0.09867202537589803 0.3050760237134606 0.5159714533410045 0.5910415815358039 0.46099475494097586 0.1839511642701088 -0.09463099548822905 -0.24753812819879734 -0.25419511726420485 -0.20349438011492885 -0.2104277057224479 -0.3147300470525443 -0.4431211349830559 -0.4663148476826156 -0.3050434199406974
</DataArray>
        <DataArray type="Float64" Name="Mode_19_w" NumberOfComponents="1" format="ascii">
 -1.4286958897279876e-12 -3.856746952142543e-5 -3.422973450887416e-13 3.8567469831636905e-5 5.06869318978037e-6 -7.737515852779549e-6 -1.6320540356675244e-5 -4.114580056657027e-5 -4.027774314411502e-5 -3.7615667567664916e-5 -8.66067536487759e-6 5.645841394556535e-6 2.336812494178039e-5 1.4617314845357433e-5 1.5777643089007452e-5 8.031110718607483e-6 2.3934328219052036e-5 2.867956955752412e-5 3.627444787155713e-5 3.098667559954504e-5 3.0986676535775045e-5 3.627445069599118e-5 2.8679568169265845e-5 2.393432812365022e-5 8.031112904954303e-6 1.577764460706074e-5 1.4617312549186182e-5 2.3368127090778765e-5 5.64584268187509e-6 -8.66067450388522e-6 -3.761566911063947e-5 -4.027774319875524e-5 -4.1145805665179326e-5 -1.6320540398729545e-5 -7.73751863554609e-6 5.068693596316101e-6 -5.0686928889909454e-6 7.737516196444691e-6 1.6320542711798264e-5 4.114580568905214e-5 4.027774835592615e-5 3.761567052585017e-5 8.660679955605931e-6 -5.645841920377146e-6 -2.3368126017586154e-5 -1.4617310598520696e-5 -1.577764047581353e-5 -8.031108187903294e-6 -2.393432838955047e-5 -2.867956893748552e-5 -3.627444807871212e-5 -3.0986675548739125e-5 -3.098667682323099e-5 -3.627444810870131e-5 -2.8679568944857716e-5 -2.3934328078522992e-5 -8.031109696469908e-6 -1.5777640475166234e-5 -1.4617309222244779e-5 -2.3368121158221612e-5 -5.645835352171022e-6 8.66067998879344e-6 3.761567282666866e-5 4.0277744830105105e-5 4.1145810010004715e-5 1.6320541599528283e-5 7.737517308213939e-6 -5.068693612919788e-6 1.3254588939322103e-8 0.09867200538978808 0.30507598039013045 0.5159713916697724 0.5910415205389825 0.46099471776047296 0.1839511587520553 -0.09463098989648251 -0.24753814989218678 -0.2541951931408713 -0.2034945012335116 -0.21042783593310135 -0.3147301450490201 -0.4431211776256627 -0.4663148463209742 -0.30504340695039134 -0.09867195302193808 4.7830208407208514e-8 0.3230132511357224 0.6869229036390843 0.8354169998359997 0.6388635349488206 0.1989743356972852 -0.22472816090435507 -0.40899638359658813 -0.3290755726737643 -0.16194471584320339 -0.13049740024512183 -0.31419501945521494 -0.5787010265129989 -0.680882931549602 -0.46631484515441624 -0.30507590830879194 -0.32301313878451643 4.883850045236242e-8 0.43476771099783257 0.6481228167868024 0.4661532532893275 0.01299788190262702 -0.38502110451167915 -0.4542249567216088 -0.1852874598858536 0.1654280496458544 0.2854154870290804 0.05882603554604419 -0.3385953389132339 -0.5787010251251886 -0.4431211756703445 -0.5159713144221545 -0.6869228060902318 -0.4347676682863275 -2.572244583195685e-8 0.2538618543851062 0.13142783637875805 -0.24016467935367983 -0.5163237793503067 -0.41544987909601744 0.04887725357476243 0.5697937598999211 0.7825938808081052 0.5480231267262037 0.058826033619036044 -0.3141950221915902 -0.3147301466410678 -0.5910414506034781 -0.8354169246236799 -0.6481228181009246 -0.2538619699613408 -9.576519812714814e-8 -0.07626052353873404 -0.3656162287452764 -0.5448826051030812 -0.35411101562690656 0.1810624760976231 0.7528082565214357 0.9999998967699407 0.7825938818961625 0.28541547981521 -0.13049741383983116 -0.21042784660089203 -0.46099465134067646 -0.6388634638396448 -0.46615325488818976 -0.1314279449205086 0.07626034477835339 -8.073361019930009e-8 -0.2614321420295955 -0.4372024126986821 -0.3081299528788417 0.10842088145284157 0.5609148243448744 0.7528082719799598 0.5697937695971397 0.1654280373186059 -0.1619447445123267 -0.20349452452877928 -0.1839510882655869 -0.19897425316402406 -0.012997856341968072 0.24016462489607393 0.36561613195172543 0.2614320709855225 2.3598219985884846e-9 -0.2281246262838555 -0.26333457378288516 -0.10088988279043173 0.10842090331465751 0.18106251291483483 0.04887727602619776 -0.18528747557044364 -0.3290756174326403 -0.2541952305969691 0.09463106264636928 0.22472825128602822 0.38502115081117766 0.5163237733350452 0.5448825883654991 0.4372024325515161 0.22812470336672733 5.783599943420128e-8 -0.1715055306050989 -0.26333456753326895 -0.30812992127147604 -0.35411096764783234 -0.4154498489869481 -0.45422497369175585 -0.40899643965935967 -0.24753819916409636 0.24753821662220882 0.4089964640373031 0.4542249972411437 0.41544988084904083 0.3541110241705789 0.30813000625707465 0.263334672850909 0.17150564057263487 3.7653879680540216e-8 -0.2281246352447109 -0.43720239222998764 -0.5448825649387075 -0.5163237516531121 -0.38502112013646195 -0.22472821635479165 -0.09463104018758564 0.25419524507417873 0.3290756260223095 0.18528746824068454 -0.0488772846660344 -0.18106249876723848 -0.1084208576706583 0.1008899479601183 0.2633346332423469 0.22812464963719425 -3.287424122176489e-8 -0.2614321417774137 -0.3656162026558839 -0.24016465732862474 0.012997871547030469 0.1989742941200439 0.18395112091534574 0.20349453662572953 0.1619447396982682 -0.16542807941109614 -0.5697938361603659 -0.7528083321793462 -0.5609148568417406 -0.10842089037528568 0.3081299389413115 0.437202355549573 0.2614320160505952 -9.427771716496468e-8 -0.07626050410935481 0.1314278580725808 0.4661532519425067 0.638863512481329 0.46099469704046103 0.2104278591005527 0.13049740744717497 -0.28541553489620886 -0.7825939794021469 -1.0 -0.7528083324265064 -0.18106252234653888 0.35411097022824073 0.5448825194443183 0.36561607718811906 0.07626032609717381 -8.360559994178254e-8 0.2538618704669964 0.6481228153068116 0.835416983621117 0.5910415069853198 0.3147301609790271 0.31419502433656865 -0.05882607268830183 -0.548023204373124 -0.7825939591684526 -0.5697938043804731 -0.04887726302389067 0.41544987540047496 0.5163237426640527 0.2401645915740184 -0.13142795935987267 -0.25386197069009425 -3.2730676850568244e-8 0.4347676884749063 0.6869228739649057 0.5159713716957051 0.4431211893806471 0.5787010359143789 0.33859532913307727 -0.058826060029277 -0.28541549577163805 -0.1654280180226649 0.185287528595752 0.45422503538004827 0.3850211605798 -0.012997861395584114 -0.4661532604324771 -0.6481228315053028 -0.434767702415618 -7.306915409802293e-11 0.323013206469505 0.30507595443973745 0.4663148557668019 0.6808829460909515 0.5787010381305979 0.31419503749332356 0.13049744551268633 0.16194480013407125 0.329075690154177 0.4089965138968094 0.2247282800067742 -0.19897424106646422 -0.6388634647232805 -0.8354169452622965 -0.6869228509475861 -0.32301319421807245 3.2303841363058465e-9 0.09867198278613627 0.305043413091368 0.46631485744947837 0.44312119099521813 0.31473016765132256 0.21042788061548237 0.20349457104769278 0.2541952826569194 0.247538249587959 0.09463108591475365 -0.18395107640426847 -0.46099465173078985 -0.5910414672560975 -0.5159713459583265 -0.30507594361431484 -0.09867198046610778 0.0
</DataArray>
        <DataArray type="Float64" Name="Mode_20_w" NumberOfComponents="1" format="ascii">
 -5.428575089173146e-5 5.4285742017219044e-5 -5.428574667253301e-5 5.4285737941172435e-5 4.574836904683261e-5 6.227047299694464e-5 3.7951248416742055e-5 1.777188678461887e-5 -3.726217410635612e-5 -4.86339504451959e-5 -5.729628043136033e-5 -1.4739590621575189e-5 1.4739599601136592e-5 5.72962885892815e-5 4.8633942678025056e-5 3.7262162853015974e-5 -1.777189181060037e-5 -3.795124311261089e-5 -6.227046463246596e-5 -4.574835791766451e-5 -4.5748358580908e-5 -6.227046808305543e-5 -3.795123802644742e-5 -1.7771877758315318e-5 3.7262177076254054e-5 4.863394998405259e-5 5.7296279169549736e-5 1.4739592621196167e-5 -1.473960169935149e-5 -5.729628617134814e-5 -4.863395270689302e-5 -3.726216820291476e-5 1.777188421989087e-5 3.79512457212038e-5 6.227047025638965e-5 4.574836234134196e-5 4.5748365848111154e-5 6.227046831430891e-5 3.795124135992943e-5 1.7771878014079722e-5 -3.726217120520697e-5 -4.863395389017194e-5 -5.729628219592045e-5 -1.47395941937178e-5 1.4739604390250987e-5 5.729628394638256e-5 4.863394856643739e-5 3.726216326127785e-5 -1.7771882950458966e-5 -3.795123989962931e-5 -6.227046007481106e-5 -4.574835638284652e-5 -4.574835689777172e-5 -6.227046325283724e-5 -3.795123580111944e-5 -1.777188743633024e-5 3.726216551295673e-5 4.8633942436217824e-5 5.729627480132932e-5 1.4739590490284564e-5 -1.4739596997677099e-5 -5.7296286033551745e-5 -4.86339461506711e-5 -3.7262163222593465e-5 1.777188907935338e-5 3.795125057431818e-5 6.22704747768604e-5 4.574836588626157e-5 0.46231759766031433 0.6801695296798095 0.5426766300947142 0.12260718788855582 -0.3615304275359845 -0.6572807589451638 -0.6109506507864689 -0.24636091393719067 0.24636083241177903 0.6109505732762524 0.6572807000628289 0.36153041913007394 -0.12260711794004678 -0.542676493006227 -0.6801693795721855 -0.46231750018106627 0.6801695117998648 1.0 0.7981490791630638 0.1801633169532633 -0.531485678863455 -0.9666220492456218 -0.8982636318408611 -0.3623781260128522 0.362378077608845 0.8982635612649549 0.9666219653269 0.5314856382921387 -0.18016325325052912 -0.7981489120047104 -0.9999997987769471 -0.6801693755117312 0.5426765746902155 0.7981490198797281 0.6367945679833908 0.14389756202477808 -0.42420551748256896 -0.7712298296454497 -0.7168893456869043 -0.28906987105201454 0.28906997455051275 0.7168893737096059 0.7712297668131692 0.4242054302183732 -0.1438975862735585 -0.6367944987715523 -0.7981488981822714 -0.5426764813118499 0.12260710310588836 0.18016320150240753 0.14389748568836477 0.03244278984046387 -0.09569128958060824 -0.17421332040792364 -0.16180865516038276 -0.0653467235473456 0.06534697518155858 0.16180878876530216 0.17421329809375002 0.09569116999195781 -0.03244291486802561 -0.14389755670367224 -0.18016321381476075 -0.12260709162849766 -0.3615305043506245 -0.5314857952652073 -0.42420562386224586 -0.09569134777577604 0.2824655796837241 0.513768105902429 0.47736237631234 0.19261862350565725 -0.1926183551687092 -0.4773622272511988 -0.5137681129802142 -0.28246569964053236 0.09569118843241138 0.4242054881191996 0.5314857121031741 0.36153046934751965 -0.6572807879722417 -0.9666221024333463 -0.7712298978523292 -0.17421338576571263 0.5137680664792751 0.9340415101445347 0.8681900514348594 0.35008875625065156 -0.3500886248029914 -0.8681899939555217 -0.9340415424661593 -0.5137681549286132 0.1742132889888325 0.771229827727886 0.9666220684534125 0.6572807781065121 -0.610950612226987 -0.8982635890024744 -0.7168893375343811 -0.16180869273099335 0.4773623223379257 0.868190020525257 0.8067637190328364 0.32547968923053094 -0.3254797555137606 -0.806763790647156 -0.8681900856080256 -0.477362353238495 0.16180871861922577 0.716889412567815 0.8982636778858599 0.6109506718298743 -0.24636081829297027 -0.36237800224400757 -0.28906980161129747 -0.0653467390253941 0.1926185633917091 0.3500887159091989 0.3254796901252629 0.13119462087827652 -0.13119480926325577 -0.3254798350108659 -0.35008878312236347 -0.19261853185876368 0.06534686805178551 0.2890699909336288 0.36237818584411297 0.24636093037037765 0.2463609507110912 0.36237822898848887 0.289070055129677 0.06534695258687082 -0.1926184242622361 -0.35008865239842996 -0.32547971141145293 -0.13119475045893791 0.13119458769683368 0.32547959822163736 0.35008862037827937 0.19261848590770625 -0.0653468072893903 -0.28906986368665366 -0.3623780518217383 -0.24636084732402386 0.6109506699226606 0.8982636758194221 0.7168894159791419 0.1618087369754074 -0.4773623054666996 -0.8681900020570716 -0.8067637001793846 -0.3254797106892799 0.3254796738440551 0.8067636860114205 0.8681900152330628 0.4773623449156272 -0.1618086745279306 -0.7168893423449081 -0.898263613033289 -0.6109506377174924 0.6572807406189524 0.9666220009912504 0.7712297464024135 0.1742132169352685 -0.5137681946944574 -0.9340415459313627 -0.8681899922589649 -0.3500886513972068 0.35008871706058037 0.8681900486191051 0.9340415742195561 0.5137681804212197 -0.17421327605327588 -0.7712298371956329 -0.9666220962470112 -0.6572808036231792 0.36153040008684967 0.5314855972070218 0.4242053649592803 0.09569109147863485 -0.2824657590611507 -0.51376815908804 -0.47736230234860394 -0.19261846818375442 0.1926185204902268 0.4773623443091458 0.5137681699381916 0.2824657132720813 -0.0956912111739353 -0.42420554637515645 -0.5314857868728798 -0.36153052291192017 -0.12260717189841183 -0.18016333114524308 -0.14389764640236594 -0.032442936393767816 0.09569119847530905 0.17421330731487042 0.1618087151816997 0.06534682299537391 -0.0653468841950194 -0.1618087450006345 -0.1742133082588942 -0.09569120979456816 0.032442870123215097 0.14389751387760408 0.1801631720058772 0.12260706137882753 -0.5426765534327009 -0.7981489831606667 -0.6367945161483335 -0.14389749571469626 0.42420558506268347 0.7712298845094263 0.7168893735270618 0.2890698566747459 -0.28907003480875365 -0.7168894709357245 -0.77122987993417 -0.42420552303226217 0.14389754839926647 0.6367945155443356 0.7981489352940341 0.5426765064513125 -0.6801694286520322 -0.9999998468441961 -0.7981488764056671 -0.18016310460859572 0.5314858475887854 0.9666221399554017 0.8982636295769754 0.3623780307015321 -0.36237823992938734 -0.8982637482241175 -0.966622134648494 -0.5314857464760888 0.1801632376911982 0.798148976253982 0.999999890941603 0.6801694394755359 -0.4623175282847423 -0.6801694001981996 -0.5426764548129951 -0.12260700663343505 0.3615305647786322 0.657280825180453 0.6109506388278081 0.24636082948095195 -0.2463609657632744 -0.6109507199085695 -0.6572808248392311 -0.3615304913049035 0.12260711597484295 0.5426765495951273 0.6801694554877292 0.4623175519314588
</DataArray>
      </PointData>
    </Piece>
  </UnstructuredGrid>
</VTKFile>
