<?xml version="1.0" encoding="utf-8"?>
<VTKFile type="UnstructuredGrid" version="1.0" byte_order="LittleEndian" header_type="UInt64">
  <UnstructuredGrid>
    <Piece NumberOfPoints="324" NumberOfCells="289">
      <Points>
        <DataArray type="Float64" Name="Points" NumberOfComponents="3" format="ascii">
 0.0 0.0 0.0 1.0 0.0 0.0 1.0 1.0 0.0 0.0 1.0 0.0 0.05882352941164516 0.0 0.0 0.1176470588233163 0.0 0.0 0.1764705882349197 0.0 0.0 0.2352941176465127 0.0 0.0 0.2941176470581057 0.0 0.0 0.3529411764696987 0.0 0.0 0.4117647058812917 0.0 0.0 0.4705882352928847 0.0 0.0 0.5294117647046411 0.0 0.0 0.5882352941165611 0.0 0.0 0.6470588235284809 0.0 0.0 0.7058823529404007 0.0 0.0 0.7647058823523205 0.0 0.0 0.8235294117642404 0.0 0.0 0.8823529411761603 0.0 0.0 0.9411764705880802 0.0 0.0 1.0 0.05882352941164516 0.0 1.0 0.1176470588233163 0.0 1.0 0.1764705882349197 0.0 1.0 0.2352941176465127 0.0 1.0 0.2941176470581057 0.0 1.0 0.3529411764696987 0.0 1.0 0.4117647058812917 0.0 1.0 0.4705882352928847 0.0 1.0 0.5294117647046411 0.0 1.0 0.5882352941165611 0.0 1.0 0.6470588235284809 0.0 1.0 0.7058823529404007 0.0 1.0 0.7647058823523205 0.0 1.0 0.8235294117642404 0.0 1.0 0.8823529411761603 0.0 1.0 0.9411764705880802 0.0 0.9411764705879904 1.0 0.0 0.882352941175982 1.0 0.0 0.8235294117645426 1.0 0.0 0.7647058823531862 1.0 0.0 0.7058823529418294 1.0 0.0 0.6470588235304728 1.0 0.0 0.5882352941191161 1.0 0.0 0.5294117647077594 1.0 0.0 0.4705882352960763 1.0 0.0 0.4117647058840668 1.0 0.0 0.3529411764720572 1.0 0.0 0.2941176470600477 1.0 0.0 0.2352941176480381 1.0 0.0 0.1764705882360286 1.0 0.0 0.117647058824019 1.0 0.0 0.05882352941200952 1.0 0.0 0.0 0.9411764705879904 0.0 0.0 0.882352941175982 0.0 0.0 0.8235294117645426 0.0 0.0 0.7647058823531862 0.0 0.0 0.7058823529418294 0.0 0.0 0.6470588235304728 0.0 0.0 0.5882352941191161 0.0 0.0 0.5294117647077594 0.0 0.0 0.4705882352960763 0.0 0.0 0.4117647058840668 0.0 0.0 0.3529411764720572 0.0 0.0 0.2941176470600477 0.0 0.0 0.2352941176480381 0.0 0.0 0.1764705882360286 0.0 0.0 0.117647058824019 0.0 0.0 0.05882352941200952 0.0 0.0588235294116666 0.05882352941198809 0.0 0.05882352941168803 0.1176470588239777 0.0 0.05882352941170947 0.1764705882359633 0.0 0.05882352941173088 0.2352941176479484 0.0 0.05882352941175233 0.2941176470599334 0.0 0.05882352941177376 0.3529411764719185 0.0 0.05882352941179521 0.4117647058839035 0.0 0.05882352941181663 0.4705882352958886 0.0 0.05882352941183806 0.5294117647075761 0.0 0.05882352941185948 0.5882352941189658 0.0 0.05882352941188093 0.6470588235303556 0.0 0.05882352941190235 0.7058823529417454 0.0 0.05882352941192379 0.7647058823531354 0.0 0.05882352941194521 0.8235294117645249 0.0 0.05882352941196665 0.8823529411759924 0.0 0.05882352941198809 0.9411764705879957 0.0 0.1176470588233577 0.05882352941196664 0.0 0.117647058823399 0.1176470588239364 0.0 0.1176470588234403 0.1764705882358981 0.0 0.1176470588234817 0.2352941176478586 0.0 0.117647058823523 0.2941176470598193 0.0 0.1176470588235643 0.3529411764717797 0.0 0.1176470588236057 0.4117647058837403 0.0 0.117647058823647 0.4705882352957008 0.0 0.1176470588236884 0.5294117647073927 0.0 0.1176470588237297 0.5882352941188155 0.0 0.117647058823771 0.6470588235302384 0.0 0.1176470588238124 0.7058823529416615 0.0 0.1176470588238537 0.7647058823530842 0.0 0.117647058823895 0.8235294117645071 0.0 0.1176470588239364 0.8823529411760028 0.0 0.1176470588239777 0.941176470588001 0.0 0.1764705882349849 0.05882352941194523 0.0 0.1764705882350502 0.117647058823895 0.0 0.1764705882351154 0.1764705882358329 0.0 0.1764705882351806 0.2352941176477689 0.0 0.1764705882352459 0.2941176470597049 0.0 0.176470588235311 0.352941176471641 0.0 0.1764705882353763 0.4117647058835771 0.0 0.1764705882354415 0.4705882352955131 0.0 0.1764705882355067 0.5294117647072091 0.0 0.176470588235572 0.5882352941186652 0.0 0.1764705882356372 0.6470588235301213 0.0 0.1764705882357024 0.7058823529415774 0.0 0.1764705882357676 0.7647058823530332 0.0 0.1764705882358329 0.8235294117644891 0.0 0.1764705882358981 0.8823529411760135 0.0 0.1764705882359633 0.9411764705880061 0.0 0.2352941176466024 0.0588235294119238 0.0 0.2352941176466922 0.1176470588238537 0.0 0.2352941176467819 0.1764705882357677 0.0 0.2352941176468716 0.2352941176476792 0.0 0.2352941176469613 0.2941176470595908 0.0 0.2352941176470511 0.3529411764715022 0.0 0.2352941176471409 0.4117647058834139 0.0 0.2352941176472305 0.4705882352953254 0.0 0.2352941176473203 0.5294117647070257 0.0 0.23529411764741 0.588235294118515 0.0 0.2352941176474997 0.6470588235300041 0.0 0.2352941176475894 0.7058823529414933 0.0 0.2352941176476792 0.7647058823529825 0.0 0.2352941176477689 0.8235294117644714 0.0 0.2352941176478586 0.8823529411760237 0.0 0.2352941176479484 0.9411764705880115 0.0 0.2941176470582199 0.05882352941190237 0.0 0.2941176470583342 0.1176470588238124 0.0 0.2941176470584484 0.1764705882357024 0.0 0.2941176470585627 0.2352941176475895 0.0 0.2941176470586769 0.2941176470594765 0.0 0.2941176470587911 0.3529411764713635 0.0 0.2941176470589054 0.4117647058832505 0.0 0.2941176470590196 0.4705882352951376 0.0 0.2941176470591338 0.5294117647068423 0.0 0.2941176470592481 0.5882352941183646 0.0 0.2941176470593623 0.6470588235298869 0.0 0.2941176470594766 0.7058823529414093 0.0 0.2941176470595908 0.7647058823529316 0.0 0.2941176470597051 0.8235294117644537 0.0 0.2941176470598193 0.8823529411760345 0.0 0.2941176470599334 0.9411764705880168 0.0 0.3529411764698374 0.05882352941188094 0.0 0.352941176469976 0.117647058823771 0.0 0.352941176470115 0.1764705882356372 0.0 0.3529411764702537 0.2352941176474998 0.0 0.3529411764703924 0.2941176470593623 0.0 0.3529411764705312 0.3529411764712249 0.0 0.3529411764706699 0.4117647058830873 0.0 0.3529411764708086 0.4705882352949498 0.0 0.3529411764709473 0.5294117647066588 0.0 0.3529411764710861 0.5882352941182144 0.0 0.3529411764712249 0.6470588235297698 0.0 0.3529411764713635 0.7058823529413252 0.0 0.3529411764715023 0.7647058823528807 0.0 0.352941176471641 0.8235294117644361 0.0 0.3529411764717797 0.882352941176045 0.0 0.3529411764719185 0.941176470588022 0.0 0.411764705881455 0.05882352941185949 0.0 0.4117647058816182 0.1176470588237297 0.0 0.4117647058817814 0.176470588235572 0.0 0.4117647058819447 0.23529411764741 0.0 0.4117647058821078 0.2941176470592481 0.0 0.4117647058822712 0.3529411764710861 0.0 0.4117647058824344 0.411764705882924 0.0 0.4117647058825976 0.4705882352947621 0.0 0.4117647058827609 0.5294117647064754 0.0 0.4117647058829241 0.5882352941180641 0.0 0.4117647058830873 0.6470588235296526 0.0 0.4117647058832506 0.7058823529412411 0.0 0.4117647058834139 0.7647058823528298 0.0 0.4117647058835771 0.8235294117644183 0.0 0.4117647058837403 0.8823529411760552 0.0 0.4117647058839035 0.9411764705880272 0.0 0.4705882352930725 0.05882352941183806 0.0 0.4705882352932602 0.1176470588236884 0.0 0.470588235293448 0.1764705882355067 0.0 0.4705882352936357 0.2352941176473203 0.0 0.4705882352938234 0.2941176470591338 0.0 0.4705882352940111 0.3529411764709473 0.0 0.4705882352941989 0.4117647058827608 0.0 0.4705882352943866 0.4705882352945744 0.0 0.4705882352945744 0.5294117647062918 0.0 0.4705882352947621 0.5882352941179138 0.0 0.4705882352949499 0.6470588235295354 0.0 0.4705882352951376 0.705882352941157 0.0 0.4705882352953255 0.7647058823527787 0.0 0.4705882352955131 0.8235294117644003 0.0 0.4705882352957009 0.8823529411760659 0.0 0.4705882352958886 0.9411764705880326 0.0 0.5294117647048245 0.05882352941181663 0.0 0.529411764705008 0.117647058823647 0.0 0.5294117647051914 0.1764705882354415 0.0 0.5294117647053748 0.2352941176472305 0.0 0.5294117647055582 0.2941176470590196 0.0 0.5294117647057416 0.3529411764708085 0.0 0.529411764705925 0.4117647058825976 0.0 0.5294117647061086 0.4705882352943866 0.0 0.529411764706292 0.5294117647061084 0.0 0.5294117647064752 0.5882352941177634 0.0 0.5294117647066588 0.6470588235294181 0.0 0.5294117647068423 0.705882352941073 0.0 0.5294117647070257 0.7647058823527279 0.0 0.5294117647072093 0.8235294117643825 0.0 0.5294117647073927 0.8823529411760763 0.0 0.5294117647075759 0.9411764705880379 0.0 0.5882352941167114 0.0588235294117952 0.0 0.5882352941168617 0.1176470588236057 0.0 0.588235294117012 0.1764705882353762 0.0 0.5882352941171624 0.2352941176471408 0.0 0.5882352941173128 0.2941176470589054 0.0 0.5882352941174628 0.3529411764706699 0.0 0.5882352941176131 0.4117647058824344 0.0 0.5882352941177634 0.4705882352941989 0.0 0.5882352941179138 0.529411764705925 0.0 0.5882352941180641 0.5882352941176131 0.0 0.5882352941182144 0.6470588235293011 0.0 0.5882352941183647 0.7058823529409891 0.0 0.5882352941185148 0.764705882352677 0.0 0.5882352941186652 0.8235294117643648 0.0 0.5882352941188156 0.8823529411760866 0.0 0.5882352941189658 0.9411764705880432 0.0 0.6470588235285979 0.05882352941177375 0.0 0.6470588235287151 0.1176470588235644 0.0 0.6470588235288324 0.1764705882353111 0.0 0.6470588235289496 0.235294117647051 0.0 0.6470588235290666 0.2941176470587912 0.0 0.6470588235291839 0.3529411764705312 0.0 0.6470588235293011 0.4117647058822711 0.0 0.6470588235294183 0.4705882352940112 0.0 0.6470588235295354 0.5294117647057416 0.0 0.6470588235296526 0.588235294117463 0.0 0.6470588235297698 0.6470588235291839 0.0 0.6470588235298871 0.705882352940905 0.0 0.6470588235300041 0.7647058823526259 0.0 0.6470588235301211 0.823529411764347 0.0 0.6470588235302384 0.8823529411760973 0.0 0.6470588235303556 0.9411764705880485 0.0 0.7058823529404848 0.05882352941175232 0.0 0.705882352940569 0.117647058823523 0.0 0.705882352940653 0.1764705882352458 0.0 0.705882352940737 0.2352941176469613 0.0 0.7058823529408209 0.2941176470586769 0.0 0.7058823529409051 0.3529411764703924 0.0 0.7058823529409891 0.4117647058821079 0.0 0.705882352941073 0.4705882352938234 0.0 0.705882352941157 0.5294117647055582 0.0 0.7058823529412411 0.5882352941173125 0.0 0.7058823529413251 0.6470588235290669 0.0 0.7058823529414092 0.7058823529408208 0.0 0.7058823529414932 0.7647058823525751 0.0 0.7058823529415773 0.8235294117643293 0.0 0.7058823529416615 0.8823529411761076 0.0 0.7058823529417454 0.9411764705880539 0.0 0.7647058823523716 0.05882352941173089 0.0 0.7647058823524225 0.1176470588234817 0.0 0.7647058823524732 0.1764705882351806 0.0 0.7647058823525242 0.2352941176468716 0.0 0.7647058823525752 0.2941176470585627 0.0 0.7647058823526258 0.3529411764702536 0.0 0.764705882352677 0.4117647058819446 0.0 0.7647058823527281 0.4705882352936357 0.0 0.7647058823527787 0.5294117647053748 0.0 0.7647058823528295 0.5882352941171624 0.0 0.7647058823528804 0.6470588235289496 0.0 0.7647058823529315 0.7058823529407369 0.0 0.7647058823529825 0.7647058823525242 0.0 0.7647058823530333 0.8235294117643115 0.0 0.7647058823530842 0.8823529411761183 0.0 0.7647058823531353 0.941176470588059 0.0 0.8235294117642582 0.05882352941170946 0.0 0.823529411764276 0.1176470588234403 0.0 0.8235294117642937 0.1764705882351154 0.0 0.8235294117643117 0.2352941176467819 0.0 0.8235294117643294 0.2941176470584484 0.0 0.8235294117643472 0.3529411764701149 0.0 0.8235294117643648 0.4117647058817814 0.0 0.8235294117643825 0.470588235293448 0.0 0.8235294117644003 0.5294117647051914 0.0 0.8235294117644181 0.5882352941170118 0.0 0.8235294117644358 0.6470588235288324 0.0 0.8235294117644538 0.7058823529406529 0.0 0.8235294117644716 0.764705882352473 0.0 0.8235294117644893 0.8235294117642937 0.0 0.8235294117645071 0.8823529411761288 0.0 0.8235294117645249 0.9411764705880643 0.0 0.8823529411761498 0.05882352941168804 0.0 0.8823529411761392 0.117647058823399 0.0 0.8823529411761287 0.1764705882350502 0.0 0.8823529411761183 0.2352941176466922 0.0 0.882352941176108 0.2941176470583343 0.0 0.8823529411760974 0.3529411764699761 0.0 0.8823529411760868 0.4117647058816182 0.0 0.8823529411760763 0.4705882352932602 0.0 0.8823529411760659 0.529411764705008 0.0 0.8823529411760551 0.5882352941168616 0.0 0.8823529411760449 0.6470588235287151 0.0 0.8823529411760344 0.7058823529405688 0.0 0.8823529411760237 0.7647058823524225 0.0 0.8823529411760134 0.823529411764276 0.0 0.8823529411760028 0.8823529411761392 0.0 0.8823529411759926 0.9411764705880696 0.0 0.941176470588075 0.0588235294116666 0.0 0.9411764705880696 0.1176470588233577 0.0 0.9411764705880643 0.1764705882349849 0.0 0.941176470588059 0.2352941176466024 0.0 0.9411764705880539 0.2941176470582199 0.0 0.9411764705880484 0.3529411764698374 0.0 0.9411764705880432 0.411764705881455 0.0 0.9411764705880379 0.4705882352930725 0.0 0.9411764705880326 0.5294117647048245 0.0 0.9411764705880272 0.5882352941167114 0.0 0.9411764705880219 0.6470588235285979 0.0 0.9411764705880168 0.7058823529404846 0.0 0.9411764705880115 0.7647058823523715 0.0 0.9411764705880061 0.8235294117642582 0.0 0.941176470588001 0.8823529411761498 0.0 0.9411764705879957 0.941176470588075 0.0
</DataArray>
      </Points>
      <Cells>
        <DataArray type="Int64" Name="connectivity" NumberOfComponents="1" format="ascii">
 0 4 68 67 67 68 69 66 66 69 70 65 65 70 71 64 64 71 72 63 63 72 73 62 62 73 74 61 61 74 75 60 60 75 76 59 59 76 77 58 58 77 78 57 57 78 79 56 56 79 80 55 55 80 81 54 54 81 82 53 53 82 83 52 52 83 51 3 4 5 84 68 68 84 85 69 69 85 86 70 70 86 87 71 71 87 88 72 72 88 89 73 73 89 90 74 74 90 91 75 75 91 92 76 76 92 93 77 77 93 94 78 78 94 95 79 79 95 96 80 80 96 97 81 81 97 98 82 82 98 99 83 83 99 50 51 5 6 100 84 84 100 101 85 85 101 102 86 86 102 103 87 87 103 104 88 88 104 105 89 89 105 106 90 90 106 107 91 91 107 108 92 92 108 109 93 93 109 110 94 94 110 111 95 95 111 112 96 96 112 113 97 97 113 114 98 98 114 115 99 99 115 49 50 6 7 116 100 100 116 117 101 101 117 118 102 102 118 119 103 103 119 120 104 104 120 121 105 105 121 122 106 106 122 123 107 107 123 124 108 108 124 125 109 109 125 126 110 110 126 127 111 111 127 128 112 112 128 129 113 113 129 130 114 114 130 131 115 115 131 48 49 7 8 132 116 116 132 133 117 117 133 134 118 118 134 135 119 119 135 136 120 120 136 137 121 121 137 138 122 122 138 139 123 123 139 140 124 124 140 141 125 125 141 142 126 126 142 143 127 127 143 144 128 128 144 145 129 129 145 146 130 130 146 147 131 131 147 47 48 8 9 148 132 132 148 149 133 133 149 150 134 134 150 151 135 135 151 152 136 136 152 153 137 137 153 154 138 138 154 155 139 139 155 156 140 140 156 157 141 141 157 158 142 142 158 159 143 143 159 160 144 144 160 161 145 145 161 162 146 146 162 163 147 147 163 46 47 9 10 164 148 148 164 165 149 149 165 166 150 150 166 167 151 151 167 168 152 152 168 169 153 153 169 170 154 154 170 171 155 155 171 172 156 156 172 173 157 157 173 174 158 158 174 175 159 159 175 176 160 160 176 177 161 161 177 178 162 162 178 179 163 163 179 45 46 10 11 180 164 164 180 181 165 165 181 182 166 166 182 183 167 167 183 184 168 168 184 185 169 169 185 186 170 170 186 187 171 171 187 188 172 172 188 189 173 173 189 190 174 174 190 191 175 175 191 192 176 176 192 193 177 177 193 194 178 178 194 195 179 179 195 44 45 11 12 196 180 180 196 197 181 181 197 198 182 182 198 199 183 183 199 200 184 184 200 201 185 185 201 202 186 186 202 203 187 187 203 204 188 188 204 205 189 189 205 206 190 190 206 207 191 191 207 208 192 192 208 209 193 193 209 210 194 194 210 211 195 195 211 43 44 12 13 212 196 196 212 213 197 197 213 214 198 198 214 215 199 199 215 216 200 200 216 217 201 201 217 218 202 202 218 219 203 203 219 220 204 204 220 221 205 205 221 222 206 206 222 223 207 207 223 224 208 208 224 225 209 209 225 226 210 210 226 227 211 211 227 42 43 13 14 228 212 212 228 229 213 213 229 230 214 214 230 231 215 215 231 232 216 216 232 233 217 217 233 234 218 218 234 235 219 219 235 236 220 220 236 237 221 221 237 238 222 222 238 239 223 223 239 240 224 224 240 241 225 225 241 242 226 226 242 243 227 227 243 41 42 14 15 244 228 228 244 245 229 229 245 246 230 230 246 247 231 231 247 248 232 232 248 249 233 233 249 250 234 234 250 251 235 235 251 252 236 236 252 253 237 237 253 254 238 238 254 255 239 239 255 256 240 240 256 257 241 241 257 258 242 242 258 259 243 243 259 40 41 15 16 260 244 244 260 261 245 245 261 262 246 246 262 263 247 247 263 264 248 248 264 265 249 249 265 266 250 250 266 267 251 251 267 268 252 252 268 269 253 253 269 270 254 254 270 271 255 255 271 272 256 256 272 273 257 257 273 274 258 258 274 275 259 259 275 39 40 16 17 276 260 260 276 277 261 261 277 278 262 262 278 279 263 263 279 280 264 264 280 281 265 265 281 282 266 266 282 283 267 267 283 284 268 268 284 285 269 269 285 286 270 270 286 287 271 271 287 288 272 272 288 289 273 273 289 290 274 274 290 291 275 275 291 38 39 17 18 292 276 276 292 293 277 277 293 294 278 278 294 295 279 279 295 296 280 280 296 297 281 281 297 298 282 282 298 299 283 283 299 300 284 284 300 301 285 285 301 302 286 286 302 303 287 287 303 304 288 288 304 305 289 289 305 306 290 290 306 307 291 291 307 37 38 18 19 308 292 292 308 309 293 293 309 310 294 294 310 311 295 295 311 312 296 296 312 313 297 297 313 314 298 298 314 315 299 299 315 316 300 300 316 317 301 301 317 318 302 302 318 319 303 303 319 320 304 304 320 321 305 305 321 322 306 306 322 323 307 307 323 36 37 19 1 20 308 308 20 21 309 309 21 22 310 310 22 23 311 311 23 24 312 312 24 25 313 313 25 26 314 314 26 27 315 315 27 28 316 316 28 29 317 317 29 30 318 318 30 31 319 319 31 32 320 320 32 33 321 321 33 34 322 322 34 35 323 323 35 2 36
</DataArray>
        <DataArray type="Int64" Name="offsets" NumberOfComponents="1" format="ascii">
 4 8 12 16 20 24 28 32 36 40 44 48 52 56 60 64 68 72 76 80 84 88 92 96 100 104 108 112 116 120 124 128 132 136 140 144 148 152 156 160 164 168 172 176 180 184 188 192 196 200 204 208 212 216 220 224 228 232 236 240 244 248 252 256 260 264 268 272 276 280 284 288 292 296 300 304 308 312 316 320 324 328 332 336 340 344 348 352 356 360 364 368 372 376 380 384 388 392 396 400 404 408 412 416 420 424 428 432 436 440 444 448 452 456 460 464 468 472 476 480 484 488 492 496 500 504 508 512 516 520 524 528 532 536 540 544 548 552 556 560 564 568 572 576 580 584 588 592 596 600 604 608 612 616 620 624 628 632 636 640 644 648 652 656 660 664 668 672 676 680 684 688 692 696 700 704 708 712 716 720 724 728 732 736 740 744 748 752 756 760 764 768 772 776 780 784 788 792 796 800 804 808 812 816 820 824 828 832 836 840 844 848 852 856 860 864 868 872 876 880 884 888 892 896 900 904 908 912 916 920 924 928 932 936 940 944 948 952 956 960 964 968 972 976 980 984 988 992 996 1000 1004 1008 1012 1016 1020 1024 1028 1032 1036 1040 1044 1048 1052 1056 1060 1064 1068 1072 1076 1080 1084 1088 1092 1096 1100 1104 1108 1112 1116 1120 1124 1128 1132 1136 1140 1144 1148 1152 1156
</DataArray>
        <DataArray type="UInt8" Name="types" NumberOfComponents="1" format="ascii">
 9 9 9 9 9 9 9 9 9 9 9 9 9 9 9 9 9 9 9 9 9 9 9 9 9 9 9 9 9 9 9 9 9 9 9 9 9 9 9 9 9 9 9 9 9 9 9 9 9 9 9 9 9 9 9 9 9 9 9 9 9 9 9 9 9 9 9 9 9 9 9 9 9 9 9 9 9 9 9 9 9 9 9 9 9 9 9 9 9 9 9 9 9 9 9 9 9 9 9 9 9 9 9 9 9 9 9 9 9 9 9 9 9 9 9 9 9 9 9 9 9 9 9 9 9 9 9 9 9 9 9 9 9 9 9 9 9 9 9 9 9 9 9 9 9 9 9 9 9 9 9 9 9 9 9 9 9 9 9 9 9 9 9 9 9 9 9 9 9 9 9 9 9 9 9 9 9 9 9 9 9 9 9 9 9 9 9 9 9 9 9 9 9 9 9 9 9 9 9 9 9 9 9 9 9 9 9 9 9 9 9 9 9 9 9 9 9 9 9 9 9 9 9 9 9 9 9 9 9 9 9 9 9 9 9 9 9 9 9 9 9 9 9 9 9 9 9 9 9 9 9 9 9 9 9 9 9 9 9 9 9 9 9 9 9 9 9 9 9 9 9 9 9 9 9 9 9 9 9 9 9 9 9 9 9 9 9 9 9
</DataArray>
      </Cells>
      <PointData>
        <DataArray type="Float64" Name="Mode_1_w" NumberOfComponents="1" format="ascii">
 -0.0025708629880034947 -0.0019954026177845057 -0.0025708629892270277 -0.0019954026170469186 0.0002448866743537999 -0.000440653154884576 -0.0003587814153972999 9.509746605075032e-5 9.509746605075032e-5 0.00021641632512994023 2.55997132613421e-5 -5.765226169493718e-5 -5.858734709479838e-5 3.491846898242792e-5 0.00023761212378046293 9.567735646541879e-5 9.567735646541879e-5 -0.00034058099864772083 -0.0005074045080039996 0.0002893646462546476 0.0002893646462544153 -0.0005074045081509423 -0.00034058099855430407 9.567735657682456e-5 9.567735657682456e-5 0.00023761212357526984 3.4918469110918656e-5 -5.8587347140370926e-5 -5.765226145318711e-5 2.5599712984408404e-5 0.00021641632506074558 9.509746610778272e-5 9.509746610778272e-5 -0.0003587814157528912 -0.00044065315506463745 0.0002448866743965917 0.0002448866743833746 -0.00044065315526604676 -0.0003587814158755323 9.509746618895528e-5 9.509746618895528e-5 0.00021641632512645095 2.559971305207919e-5 -5.7652261256315135e-5 -5.858734763674093e-5 3.491846934941163e-5 0.00023761212336586733 9.567735685154727e-5 9.567735685154727e-5 -0.00034058099863105675 -0.0005074045084097527 0.0002893646464889417 0.00028936464647412186 -0.0005074045087102469 -0.00034058099844646884 9.56773569077386e-5 9.56773569077386e-5 0.00023761212309689073 3.491846947696661e-5 -5.8587347755030853e-5 -5.765226101035909e-5 2.5599712904582654e-5 0.00021641632544083824 9.50974662845292e-5 9.50974662845292e-5 -0.00035878141602430693 -0.0004406531548389006 0.00024488667429687787 -0.9926353165058975 -1.7978806710803574 -2.5698136117268815 -3.205630068740242 -3.205630068740242 -3.7024553185391844 -4.044486275311061 -4.206405568887833 -4.1865267734058325 -3.9844892241040744 -3.607735466141709 -3.0765899692120984 -3.0765899692120984 -2.4201110839710025 -1.648031237166398 -0.7461655287232728 -1.7978806711316164 -3.4118195195109235 -4.903242183527033 -6.1768013555982115 -6.1768013555982115 -7.171026474672246 -7.857381028381149 -8.203858850858134 -8.191493876027621 -7.822684583371759 -7.118333121900376 -6.103003452582279 -6.103003452582279 -4.821492594413766 -3.337475431608707 -1.6480312370425065 -2.5698136111968246 -4.903242183845428 -7.050771390091978 -8.884438945247643 -8.884438945247643 -10.326860548653837 -11.319694185614757 -11.823020292354679 -11.812246716327822 -11.286562878183487 -10.275060013288533 -8.817216492395904 -8.817216492395904 -6.972900982838062 -4.821492594611459 -2.4201110840702453 -3.2056300688702977 -6.176801355147077 -8.884438945326984 -11.20212193852165 -11.20212193852165 -13.024538793990702 -14.282605006099214 -14.92203965857497 -14.912337920473615 -14.254025230982895 -12.981341665165521 -11.142611791438002 -11.142611791438002 -8.817216492805853 -6.103003453211104 -3.0765899696769936 -3.2056300688702977 -6.176801355147077 -8.884438945326984 -11.20212193852165 -11.20212193852165 -13.024538793990702 -14.282605006099214 -14.92203965857497 -14.912337920473615 -14.254025230982895 -12.981341665165521 -11.142611791438002 -11.142611791438002 -8.817216492805853 -6.103003453211104 -3.0765899696769936 -3.702455318767961 -7.171026474847292 -10.32686054799123 -13.024538793827098 -13.024538793827098 -15.149778012314682 -16.616232271809306 -17.364844173327715 -17.35777164951232 -16.595290904184758 -15.117462893183673 -12.98134166574332 -12.98134166574332 -10.275060014336304 -7.118333123124322 -3.6077354666993653 -4.04448627492787 -7.85738102784167 -11.319694185401508 -14.282605005376627 -14.282605005376627 -16.616232271389503 -18.228421665756404 -19.05252246931776 -19.0480429466711 -18.21473305081535 -16.595290904854366 -14.254025232391303 -14.254025232391303 -11.286562879907892 -7.822684584814819 -3.984489225029475 -4.2064055687849145 -8.203858850184535 -11.823020290864827 -14.922039657043898 -14.922039657043898 -17.36484417177558 -19.052522468840277 -19.917699493647838 -19.915993809394333 -19.048042947613528 -17.357771651067143 -14.912337922553329 -14.912337922553329 -11.812246718686348 -8.19149387762817 -4.186526774340394 -4.186526772346631 -8.191493874289044 -11.812246714501821 -14.912337917900532 -14.912337917900532 -17.35777164729825 -19.04804294472903 -19.91599380832166 -19.91769949450586 -19.052522471091212 -17.364844175739112 -14.922039661209759 -14.922039661209759 -11.823020294873551 -8.203858853066048 -4.206405570152863 -3.984489223387756 -7.822684581451566 -11.286562875251661 -14.254025227650857 -14.254025227650857 -16.59529090033618 -18.21473304790491 -19.04804294535836 -19.052522470309324 -18.228421668101262 -16.616232274718975 -14.282605009176711 -14.282605009176711 -11.319694188517396 -7.857381030725377 -4.044486276464678 -3.6077354646723343 -7.118333120168139 -10.275060010126023 -12.981341661252264 -12.981341661252264 -15.117462889378055 -16.595290900792318 -17.357771648267967 -17.364844173569313 -16.616232274063165 -15.149778015435482 -13.024538797240702 -13.024538797240702 -10.326860551421131 -7.171026477261663 -3.7024553201546433 -3.076589968411398 -6.103003450391644 -8.817216489510171 -11.142611787831399 -11.142611787831399 -12.981341661845551 -14.254025228417408 -14.912337918996931 -14.922039658867405 -14.282605008035684 -13.024538796943403 -11.202121941632713 -11.202121941632713 -8.884438948292019 -6.176801357746038 -3.205630070237483 -3.076589968411398 -6.103003450391644 -8.817216489510171 -11.142611787831399 -11.142611787831399 -12.981341661845551 -14.254025228417408 -14.912337918996931 -14.922039658867405 -14.282605008035684 -13.024538796943403 -11.202121941632713 -11.202121941632713 -8.884438948292019 -6.176801357746038 -3.205630070237483 -2.4201110833210513 -4.8214925932179895 -6.972900980372139 -8.81721649001068 -8.81721649001068 -10.275060010758184 -11.286562876041017 -11.812246715398025 -11.82302029243301 -11.319694187544691 -10.326860550864417 -8.884438948077198 -8.884438948077198 -7.050771392726176 -4.903242185810145 -2.5698136127645617 -1.6480312363441498 -3.3374754302805187 -4.821492593300378 -6.1030034508877575 -6.1030034508877575 -7.118333120559481 -7.822684582073991 -8.191493875010202 -8.203858851018218 -7.857381029378857 -7.171026476759578 -6.176801357568082 -6.176801357568082 -4.903242185825805 -3.411819521144239 -1.7978806720575498 -0.7461655289506512 -1.648031236618597 -2.42011108344556 -3.0765899686313385 -3.0765899686313385 -3.607735465167012 -3.9844892236181617 -4.186526772682265 -4.2064055691485525 -4.044486275868792 -3.7024553197901606 -3.20563007003501 -3.20563007003501 -2.56981361256326 -1.7978806720511458 -0.9926353170324651
</DataArray>
        <DataArray type="Float64" Name="Mode_1_phi1" NumberOfComponents="1" format="ascii">
 -0.37565218910623716 5.263780416264207 0.3756521892469961 -5.263780411096251 -5.278940674541915 -2.8014094898969724 -3.3853003195456015 -2.647422010770395 -2.2212443654318257 -1.6846707863327819 -1.0837752004089114 -0.4145192714449716 0.23470816063439753 0.8987507226804916 1.554323347546362 2.1118773256887335 2.5911582879793413 2.8942546120457746 3.7751229314937067 2.8417075887604226 11.880993664783896 24.877934918707144 34.93627128785098 44.012141871874164 51.5598089809453 57.486550351414586 61.43596397790721 63.28726583156471 63.013913008297926 60.597738205469895 56.07706387525192 49.697328720581474 41.82461176379943 31.84693862163359 22.126510863757577 8.417076657280054 5.278940677376315 2.801409490854457 3.3853003240708706 2.647422008966215 2.2212443652988263 1.6846707869808446 1.0837752002478152 0.41451927095500957 -0.23470815642143267 -0.8987507267854347 -1.5543233427673935 -2.111877330724082 -2.5911582901517156 -2.8942546122225767 -3.7751229338273755 -2.841707592882403 -11.880993661889109 -24.877934925215055 -34.936271296278676 -44.012141878396704 -51.559808996196274 -57.486550360701465 -61.43596398839722 -63.28726583752852 -63.01391300343575 -60.597738195632566 -56.077063857133766 -49.697328699659636 -41.82461175169068 -31.84693860745209 -22.126510851651418 -8.417076652804163 -12.209858495466856 -24.402443966296303 -34.27947393536541 -43.26663781241012 -50.73700987393611 -56.50007276660825 -60.3098510934071 -62.092357428202014 -61.78217958182973 -59.36829676721475 -54.94440282127447 -48.68567592048905 -40.825104653198224 -31.46897051669419 -20.98643974943691 -8.997715253865104 -9.058138514615367 -20.869543683620684 -30.15370510255278 -39.05442367944129 -46.48232302258073 -52.308746243798005 -56.36583218903116 -58.53609456443886 -58.70746081078572 -56.90394717322262 -53.2209979070143 -47.6954445085528 -40.49952382294465 -31.844720649124906 -22.912970585564658 -10.752780994712028 -9.322563051104899 -19.998160545734745 -28.412215310558913 -36.25540857974923 -42.78094975053053 -47.91567986198856 -51.379053434688934 -53.11189194415785 -53.06952034591362 -51.22681750042739 -47.64120485227678 -42.445679481771506 -35.87230259129279 -27.82411582837963 -19.307454123133848 -8.698037187857704 -7.62729966749609 -16.98184999693997 -24.403050005852336 -31.26027823089192 -36.97628338787285 -41.44713778586304 -44.52874930897897 -46.096921440154425 -46.103621284229725 -44.56307095187061 -41.52101651667061 -37.039203761206046 -31.33036474280683 -24.456689952540977 -17.1241058846266 -7.736138583927642 -6.272671431830356 -13.82224904168135 -19.86235589349229 -25.470145606653286 -30.097831656924644 -33.75314965794183 -36.2377841195383 -37.51272601154928 -37.521260250313404 -36.25588537227232 -33.76543380429602 -30.128475071131483 -25.484572805487325 -19.86078496935248 -13.914697609563051 -6.325763317978862 -4.665202793506218 -10.237021051911766 -14.682180053726 -18.801634169696854 -22.244562255286006 -24.925520131215798 -26.77294316115925 -27.71106530989489 -27.715079875707147 -26.784489542930153 -24.945080459379895 -22.254874042526122 -18.82829626826343 -14.674477953011886 -10.325365763808142 -4.718184207339014 -2.8480372665745364 -6.247140336778603 -9.014352797231767 -11.528314234820895 -13.631604031124178 -15.289611109730513 -16.417360110922203 -16.999014800297548 -17.005584666512675 -16.43581647652131 -15.310794100134796 -13.66108564840078 -11.56780148704163 -9.011664321909494 -6.365392964547842 -2.890439042347884 -0.9418025636553641 -2.07228555926692 -3.035745419550462 -3.874337385058411 -4.586753249154738 -5.144311515730531 -5.529503135883536 -5.727883084121192 -5.7344564988240565 -5.547097186311793 -5.169384660025141 -4.615720586289766 -3.911763488396336 -3.0407456726778554 -2.1811664970999716 -0.9750155993412608 0.975015603338058 2.18116649982348 3.0407456750723085 3.9117634959976164 4.615720585681625 5.169384668953073 5.547097191824258 5.734456501929604 5.7278830873523034 5.529503138955917 5.14431151481371 4.5867532568618845 3.8743373891726245 3.03574542890979 2.072285566100817 0.9418025664364726 2.8904390388726426 6.365392964548471 9.011664324686524 11.567801487118365 13.6610856558847 15.310794100737281 16.435816479526146 17.005584667985232 16.999014799314782 16.417360112165987 15.289611116553209 13.631604037162992 11.528314246194995 9.014352800035 6.24714033589635 2.8480372653475285 4.7181842107056875 10.325365759109578 14.674477945496879 18.828296261861937 22.25487403037133 24.94508045660546 26.784489543615972 27.715079878843312 27.711065318960475 26.77294316524184 24.925520133236805 22.244562259817222 18.801634167195058 14.682180055672633 10.237021057214474 4.665202795775289 6.325763310137977 13.914697604379569 19.860784959943647 25.484572791112257 30.128475061427523 33.7654337931071 36.25588536429383 37.52126025045797 37.51272601149729 36.23778412243272 33.75314966128988 30.09783166100655 25.47014561409169 19.862355896033066 13.822249039939146 6.272671431491308 7.7361385763534365 17.124105865685895 24.456689935084412 31.33036472781229 37.039203745176756 41.521016507534455 44.563070945009514 46.10362127810471 46.096921440363495 44.52874931068613 41.44713779289697 36.976283396013706 31.26027823462615 24.403050013605338 16.981850002817236 7.6272996662568096 8.698037187971263 19.307454122090025 27.82411581797824 35.87230257383147 42.44567946957696 47.64120483519265 51.2268174902445 53.06952034538897 53.11189194650335 51.379053443016375 47.91567987091384 42.78094975599551 36.255408589512356 28.41221531414999 19.998160550993 9.322563057618593 10.752780986295646 22.912970572180985 31.84472063598116 40.49952381166781 47.69544449348685 53.22099789885765 56.90394716480991 58.70746080636023 58.53609456409729 56.36583219455793 52.308746251180835 46.48232303432271 39.05442369109381 30.15370511933417 20.869543693706966 9.058138519018023 8.997715250053306 20.98643974440232 31.468970508617993 40.82510464158941 48.68567591291454 54.94440280841398 59.36829675845301 61.78217957408111 62.0923574266381 60.30985110034293 56.50007277949457 50.73700988955537 43.266637832622 34.27947394835091 24.40244397795081 12.209858501875784
</DataArray>
        <DataArray type="Float64" Name="Mode_1_phi2" NumberOfComponents="1" format="ascii">
 -0.37565218896598984 -5.263780416156253 0.37565218927918653 5.2637804110682955 -8.417076652920212 -22.126510852409698 -31.84693860452294 -41.82461174216093 -49.69732870424999 -56.07706385965055 -60.597738191048634 -63.013913000655435 -63.2872658271467 -61.43596397415088 -57.4865503467523 -51.55980897320063 -44.012141869613124 -34.9362712854421 -24.877934914083752 -11.880993663092474 -2.841707590071369 -3.7751229316435317 -2.894254611239979 -2.5911582885383875 -2.1118773277385325 -1.5543233448822031 -0.8987507239034995 -0.23470815997650749 0.41451926884820123 1.083775199210435 1.6846707863776458 2.2212443647420956 2.647422009239687 3.385300322575028 2.801409491030138 5.278940677344856 8.417076657253679 22.12651086386682 31.84693862295309 41.82461176801426 49.69732872439222 56.07706388151454 60.59773821373509 63.01391302139174 63.287265853759024 61.43596400265947 57.48655037298883 51.55980900317918 44.01214188490406 34.936271297285714 24.87793492329585 11.880993660946137 2.8417075935355656 3.7751229336676397 2.8942546107682174 2.5911582885922164 2.111877331206326 1.5543233400406655 0.8987507276494842 0.2347081543688474 -0.41451927002816197 -1.0837752016172453 -1.6846707886126346 -2.221244364085909 -2.6474220060697258 -3.385300324968723 -2.801409488610234 -5.278940674746538 -12.209858495248938 -9.058138514572176 -9.322563055988407 -7.627299662151009 -6.272671428711559 -4.665202799996623 -2.8480372658513824 -0.9418025676115738 0.9750155957149894 2.890439042356056 4.71818420331774 6.325763316834697 7.7361385797191495 8.698037184973806 10.752780995344391 8.997715254758587 -24.40244396499763 -20.86954368581035 -19.998160542713208 -16.98185000211194 -13.82224903424518 -10.23702106207636 -6.247140335746343 -2.0722855720368596 2.181166491550614 6.365392962251355 10.32536575934979 13.914697602674309 17.12410587795245 19.30745411911138 22.91297058726449 20.98643974970618 -34.27947393180231 -30.15370511037237 -28.412215304674497 -24.403050010974876 -19.862355894220318 -14.682180056946681 -9.014352801386666 -3.035745435987527 3.0407456690400085 9.011664314790035 14.674477945131155 19.86078495954825 24.456689946789574 27.824115824866297 31.844720650548 31.46897051672123 -43.2666378174375 -39.054423676442234 -36.25540858350094 -31.26027822795425 -25.470145616018552 -18.801634164831253 -11.528314252269695 -3.874337393307728 3.9117634805092107 11.567801476663883 18.828296256717994 25.48457279702601 31.330364736993506 35.87230258777372 40.49952382387071 40.82510465592196 -50.737009871903595 -46.48232302066057 -42.780949746525685 -36.97628339110024 -30.097831659090094 -22.24456226175686 -13.631604042522833 -4.586753265504879 4.615720575297024 13.66108563646509 22.254874031909292 30.12847506329523 37.03920375491485 42.4456794776152 47.6954445118981 48.685675928926834 -56.500072764911955 -52.308746239304185 -47.915679859325664 -41.44713778784167 -33.75314966003159 -24.925520135926465 -15.289611122771099 -5.144311525521433 5.169384646756851 15.310794087358518 24.94508045034611 33.76543379463681 41.52101651057335 47.64120485021298 53.220997915429756 54.944402829902444 -60.30985109084617 -56.36583218602854 -51.379053432009826 -44.528749304235234 -36.23778412177458 -26.772943168948583 -16.417360119347737 -5.529503149938742 5.547097172564365 16.43581646345889 26.784489533808152 36.25588536235719 44.563070946355325 51.226817505374505 56.9039471818348 59.3682967784902 -62.09235742096795 -58.53609455629104 -53.11189193738616 -46.096921436303944 -37.512726011526226 -27.711065322962376 -16.99901480695408 -5.7278830986524945 5.734456484844883 17.005584653679442 27.715079866860997 37.5212602432412 46.10362128067776 53.0695203552354 58.70746081979124 61.782179595278855 -61.782179569357595 -58.707460799636415 -53.06952034174813 -46.10362127545769 -37.5212602520538 -27.715079883358428 -17.005584676139566 -5.734456513501942 5.727883070273403 16.99901478757021 27.711065301489043 37.512726007935406 46.09692144083617 53.11189195045361 58.53609457582022 62.09235744524663 -59.36829675360475 -56.90394716042461 -51.22681748816988 -44.56307094406947 -36.255885368470025 -26.784489549679556 -16.435816488076252 -5.547097203189682 5.529503122325797 16.417360098330953 26.77294315385129 36.237784117363915 44.52874931205514 51.37905343970659 56.3658322039308 60.30985111187527 -54.94440280258349 -53.22099789907128 -47.641204831705835 -41.521016508374956 -33.765433800582564 -24.94508046398362 -15.310794108238817 -5.169384679521239 5.1443115021975006 15.289611097546567 24.925520125357895 33.7531496557055 41.447137792031484 47.91567986651693 52.308746256899454 56.50007278478887 -48.68567591132231 -47.69544449128582 -42.445679467928464 -37.03920375013589 -30.12847507156063 -22.254874035615643 -13.661085660714782 -4.615720594972552 4.586753236182589 13.631604019518448 22.244562249610528 30.097831657042715 36.976283391294814 42.780949757206855 46.482323034156146 50.73700989266679 -40.825104638816356 -40.49952381056109 -35.87230257522731 -31.330364736412502 -25.48457279747196 -18.82829626405629 -11.567801489846014 -3.911763503098447 3.8743373724534904 11.528314225817734 18.801634160847815 25.470145609222058 31.260278230972187 36.25540858976214 39.054423689373436 43.2666378333149 -31.468970506394744 -31.84472063908318 -27.824115819301998 -24.456689943669463 -19.86078495983296 -14.674477948340868 -9.01166432635771 -3.0407456806938375 3.0357454128889017 9.01435278595765 14.68218004725938 19.862355890961627 24.403050009786604 28.412215314701893 30.15370511675867 34.27947394989629 -20.986439744750495 -22.912970576985675 -19.307454121712254 -17.124105871072064 -13.914697604368985 -10.325365761219867 -6.365392964985762 -2.1811665013039816 2.072285554202829 6.247140325962442 10.237021048363589 13.822249036238304 16.981850000664913 19.998160550248457 20.869543692723774 24.40244397833257 -8.997715251804294 -10.752780988594704 -8.698037186525847 -7.736138578031676 -6.325763312952562 -4.718184208609303 -2.8904390396144137 -0.9750156031756266 0.9418025597652135 2.848037261238167 4.665202792742249 6.272671429667881 7.62729966620167 9.322563055612813 9.05813851876781 12.20985850193733
</DataArray>
        <DataArray type="Float64" Name="Mode_2_w" NumberOfComponents="1" format="ascii">
 7.47927483722873e-12 0.005627108282966741 7.33080083307786e-12 -0.005627108293810791 -4.178355162149602e-5 0.00010710801428825435 0.00029892144778143206 -0.00021884929672625188 -0.00021884929672625188 -0.0007340846720643367 -0.0003096755409034391 9.206467142485242e-5 0.00013465473799249237 0.00026392870935306503 9.491812132736828e-5 -1.9297975080684847e-5 -1.9297975080684847e-5 0.0007072514186853828 0.0013634667815524031 -0.0007674517598274029 -0.0007674517599289226 0.0013634667815898712 0.0007072514185522918 -1.9297975050010227e-5 -1.9297975050010227e-5 9.49181213806663e-5 0.0002639287092606457 0.0001346547379936752 9.206467178912012e-5 -0.00030967554098282335 -0.0007340846720355767 -0.0002188492966974609 -0.0002188492966974609 0.0002989214477673194 0.00010710801429050902 -4.178355161076067e-5 4.178355049729367e-5 -0.00010710801224390952 -0.0002989214468547294 0.00021884929709477225 0.00021884929709477225 0.0007340846738491101 0.0003096755420733697 -9.206467135737253e-5 -0.0001346547378648012 -0.0002639287106618447 -9.49181229939495e-5 1.9297974578679058e-5 1.9297974578679058e-5 -0.0007072514195958447 -0.00136346678418612 0.0007674517612105144 0.0007674517612365143 -0.001363466784703592 -0.0007072514192916163 1.9297974527617483e-5 1.9297974527617483e-5 -9.491812298501781e-5 -0.00026392871051642095 -0.0001346547382606052 -9.206467174611477e-5 0.0003096755422684754 0.0007340846739776497 0.00021884929726213184 0.00021884929726213184 -0.000298921446925576 -0.00010710801201794151 4.178355040815143e-5 2.9017568260352003e-9 -0.17523616875767087 -0.6368014824841163 -1.4436088630441215 -1.4436088630441215 -2.5801716242355655 -3.9546504897361534 -5.367528261936197 -6.590944665272386 -7.448659236644105 -7.742811533280177 -7.3451557325472 -7.3451557325472 -6.259492027731754 -4.511548009534139 -2.1103850566791884 0.17523617863632854 8.83085762168e-9 -0.7178524183108608 -2.1397515234396245 -2.1397515234396245 -4.2337706503890145 -6.803331752545089 -9.529032544221938 -11.98695778346354 -13.74587036663314 -14.471204930160006 -13.902060112119067 -13.902060112119067 -11.95995460498544 -8.797184710713884 -4.511548009552566 0.6368014948708058 0.7178524406867794 1.4325977280141569e-8 -1.7712793119308585 -1.7712793119308585 -4.566446809681099 -8.109606293351707 -11.942621584353144 -15.485308260287875 -18.109774039697392 -19.30463241039307 -18.717031478581422 -18.717031478581422 -16.216889821753096 -11.959954605145295 -6.259492027834619 1.4436088758399397 2.1397515468322146 1.771279341974685 1.598632541822158e-8 1.598632541822158e-8 -3.157086925920596 -7.369871685493138 -12.076342123947674 -16.545963183326233 -19.993848471651518 -21.766872972140536 -21.396927427915827 -21.396927427915827 -18.717031478772387 -13.902060112351462 -7.345155732738165 1.4436088758399397 2.1397515468322146 1.771279341974685 1.598632541822158e-8 1.598632541822158e-8 -3.157086925920596 -7.369871685493138 -12.076342123947674 -16.545963183326233 -19.993848471651518 -21.766872972140536 -21.396927427915827 -21.396927427915827 -18.717031478772387 -13.902060112351462 -7.345155732738165 2.5801716352402675 4.233770670918578 4.5664468363263975 3.157086954604562 3.157086954604562 1.3163433961320366e-8 -4.542870442020028 -9.83501996525389 -15.040438654459273 -19.241379318309352 -21.667194402137717 -21.766872972216007 -21.766872972216007 -19.30463241060186 -14.471204930453878 -7.742811533527221 3.954650497088208 6.80333176687208 8.109606312359926 7.369871706350851 7.369871706350851 4.542870461823038 7.909561225023602e-9 -5.580191350959767 -11.292833346187004 -16.13425443369781 -19.24137931847574 -19.993848471873672 -19.993848471873672 -18.109774039991944 -13.745870367024215 -7.448659236891552 5.3675282645098035 9.529032549976211 11.942621592580087 12.07634213369105 12.07634213369105 9.835019975366691 5.580191360326075 3.6411464281189917e-9 -5.9745803857054485 -11.29283334649186 -15.040438655043436 -16.545963183940295 -16.545963183940295 -15.485308260877147 -11.986957783988434 -6.590944665492602 6.590944662860704 11.986957779808169 15.485308256213358 16.545963180202765 16.545963180202765 15.040438653357624 11.292833347693307 5.974580389930271 3.165331097036764e-9 -5.580191351801076 -9.835019966166804 -12.076342124933745 -12.076342124933745 -11.942621585132724 -9.529032544845492 -5.367528262311663 7.448659229525351 13.745870354359417 18.109774024379064 19.993848456335563 19.993848456335563 19.24137930629669 16.13425442739008 11.292833347212824 5.580191359557032 6.81116692284911e-9 -4.542870443181595 -7.369871686610329 -7.369871686610329 -8.109606294389875 -6.803331753242964 -3.9546504901578743 7.742811522773729 14.471204911331837 19.304632386584824 21.766872947790556 21.766872947790556 21.667194381803117 19.241379305871988 15.040438652473682 9.835019974345327 4.542870460691162 1.2053388298367745e-8 -3.1570869269757686 -3.1570869269757686 -4.566446810637025 -4.233770651223798 -2.5801716247817605 7.345155720421847 13.902060090175489 18.71703145059971 21.39692739895424 21.39692739895424 21.76687294749624 19.993848455765093 16.54596317921964 12.07634213262894 7.369871705439665 3.157086953825855 1.521601530879279e-8 1.521601530879279e-8 -1.771279312714614 -2.139751524116906 -1.4436088636152864 7.345155720421847 13.902060090175489 18.71703145059971 21.39692739895424 21.39692739895424 21.76687294749624 19.993848455765093 16.54596317921964 12.07634213262894 7.369871705439665 3.157086953825855 1.521601530879279e-8 1.521601530879279e-8 -1.771279312714614 -2.139751524116906 -1.4436088636152864 6.2594920161726755 11.959954583698087 16.21688979463925 18.717031450346294 18.717031450346294 19.30463238600756 18.10977402354402 15.485308255345863 11.942621591627185 8.109606311719757 4.566446835776628 1.7712793415416266 1.7712793415416266 1.3783101797885901e-8 -0.7178524188691253 -0.6368014828202967 4.511548000653362 8.797184693890983 11.959954583605015 13.902060089630352 13.902060089630352 14.471204910383035 13.745870353348241 11.986957778989021 9.529032549389868 6.803331766525759 4.233770670737833 2.1397515465670613 2.1397515465670613 0.7178524404792146 8.52123103990505e-9 -0.17523616900002878 2.1103850524121275 4.511548000639574 6.25949201608309 7.345155720097056 7.345155720097056 7.742811522136974 7.4486592287919215 6.590944662230935 5.3675282642547995 3.9546504969856704 2.580171635240355 1.4436088758317362 1.4436088758317362 0.636801494763594 0.1752361785617406 2.8521707256609466e-9
</DataArray>
        <DataArray type="Float64" Name="Mode_2_phi1" NumberOfComponents="1" format="ascii">
 0.008500190159685912 -15.121771891575086 0.008500188039276537 -15.121771922365678 0.07634714787401098 0.7862805913201985 1.8600571654415667 3.101585726358169 4.31648566687363 5.3499915703422785 5.874174683107409 5.677939592633381 4.758146105477864 3.3965459522186374 1.2294962338107656 -1.3412041426051624 -3.8930504199565465 -5.965770995026559 -9.612700337307109 -7.780776868402533 -33.590847254119424 -68.38017898839237 -91.43797915167532 -107.86538442371648 -116.03071323597769 -116.06980581156292 -108.52679034449231 -95.37817716297134 -78.46730446923208 -59.664604082484786 -41.36899483518772 -25.752935414210246 -13.817786424801078 -5.856896212437111 -1.5996108222055812 -0.1515597765130682 0.07634711685568368 0.7862805783044323 1.860057153605336 3.101585724695871 4.316485671768791 5.349991582186316 5.874174700581949 5.677939613081789 4.758146124940848 3.3965459725605047 1.2294962477271663 -1.3412041347663912 -3.893050420794037 -5.965771002913284 -9.612700354923135 -7.780776883779099 -33.59084732210259 -68.38017912316901 -91.43797932374653 -107.86538461219854 -116.03071341518347 -116.06980595810187 -108.52679043631579 -95.37817718652371 -78.46730442133192 -59.66460396956991 -41.36899467169425 -25.752935223008706 -13.817786233402305 -5.856896046206614 -1.599610696438161 -0.15155972709319082 0.11432143721766108 -1.2860075825656283 -5.898907574265685 -14.244801634530287 -26.6379304790485 -42.47038054757076 -60.21008945121275 -77.93258087053769 -93.65589024981307 -105.25730554896488 -110.69646127766313 -108.7264917834324 -98.93108847765906 -81.09316077866393 -56.35684050126191 -24.671088773079482 2.4646216480229954 4.237683670117204 2.6400748604289466 -2.527186249111163 -11.915030182263466 -24.803921841934642 -40.2839605864365 -56.94785653220173 -72.6445880470798 -85.07255986330473 -92.61995549409676 -93.82081209953644 -87.7335636098339 -74.21876536696988 -56.56647620138425 -27.379513669614596 5.5584850746670655 10.923130881992142 12.224857264368016 10.174719375910588 3.8977400646294225 -6.138172114548284 -18.900969294091638 -32.92307579653165 -46.5757609765823 -57.98838166621875 -65.33476972648917 -67.42571134454981 -63.83756286768917 -53.711097795974425 -39.52841942669186 -18.32077708012875 9.281545152058216 19.40428049352552 24.840236507027658 27.047724412481713 24.912979622047015 18.847992083866323 9.497025832195918 -1.9296216808335587 -13.875449689619286 -24.76179851105253 -33.14368162794761 -37.72814832041624 -37.913886385549965 -33.41805875964205 -25.60344211860826 -12.059477466396473 12.814547197900064 27.38897764407243 36.74796765002755 43.14550783080643 45.2081443859575 43.24871795576043 37.70095689019612 29.487060561079147 19.762698708082365 9.865018784509012 1.0591787986839607 -5.677021602045944 -9.669378770934257 -10.488176847138313 -9.12350066323012 -4.600122949011083 15.662259400300348 33.6404476532837 46.11424345060543 56.15184561248206 62.04125684787529 64.03028561607415 62.27998239858388 57.40178934684699 50.229542306276834 41.720557465125694 32.848732487234074 24.44702112800409 17.116991238963962 11.212369605746277 6.549117450306859 2.7154133250548185 16.905029280357986 36.61706331411278 51.09612810843368 63.530474016584684 72.4334640000535 77.7691628473803 79.51842033656018 77.96742099968755 73.56100849905187 66.8979779352591 58.63057564468035 49.34816730997883 39.5718339694491 29.614281968701302 19.898094135131586 8.989823580260925 16.10076187213844 35.3183392976136 50.23509771518746 63.60993190912975 74.22568491679176 82.02192151142546 86.70065810201517 88.26250471320874 86.77824663999387 82.44398090597558 75.55466146440303 66.43816809743652 55.52481254378211 42.954058525946806 29.746947066442768 13.433149835518686 13.43314977766676 29.7469469419611 42.95405836190005 55.5248123610237 66.43816791936034 75.5546613159145 82.44398080638248 86.77824660181699 88.26250474207852 86.70065819402349 82.02192165342834 74.22568508873962 63.60993208929898 50.23509787605222 35.318339419698994 16.10076192966044 8.989823526826292 19.898094026487854 29.61428182672844 39.57183380731726 49.3481671507553 58.63057550812069 66.8979778388361 73.56100845721085 77.96742101780376 79.51842040976967 77.76916296456042 72.43346414419764 63.530474166190764 51.096128244904456 36.61706342080056 16.90502933157895 2.7154132873445813 6.54911737020444 11.212369499580143 17.11699111998641 24.447021010538837 32.848732383893896 41.7205573896567 50.22954226777313 57.40178934964059 62.27998244265948 64.03028569417808 62.04125694742243 56.15184571913721 46.11424354595813 33.64044772757541 15.662259436123497 -4.600122967415905 -9.123500700836738 -10.488176898638656 -9.669378830051327 -5.677021662144298 1.0591787443344822 9.8650187417637 19.762698681837865 29.487060554545604 37.70095690329995 43.24871798630625 45.20814442881014 43.145507877908535 36.747967694645155 27.388977679874202 12.814547214652768 -12.059477461594467 -25.60344210989756 -33.4180587487151 -37.9138863741032 -37.72814831396775 -33.14368162719583 -24.761798516596834 -13.875449701890668 -1.9296216989816946 9.49702581113671 18.847992060589785 24.91297959915934 27.04772439411003 24.84023649210462 19.404280483395734 9.2815451486212 -18.320777054561812 -39.528419372985454 -53.71109772673139 -63.8375627924111 -67.4257112753403 -65.33476967260314 -57.98838163357291 -46.57576097166687 -32.92307582118115 -18.90096934541662 -6.138172185452093 3.8977399826407795 10.174719291996542 12.224857191208976 10.923130826846007 5.558485046734156 -27.379513618996473 -56.56647609986245 -74.21876524213909 -87.73356347439827 -93.82081197179016 -92.61995539132701 -85.07255980216713 -72.64458803478038 -56.9478565705808 -40.28396067115312 -24.80392196075667 -11.915030319645043 -2.5271863876746856 2.6400747374793965 4.237683578868725 2.4646216073476594 -24.67108872424677 -56.356840391745834 -81.09316062774215 -98.93108830570696 -108.7264916125451 -110.69646113248528 -105.2573054490954 -93.65589020969388 -77.93258089621901 -60.210089539269596 -42.470380686045196 -26.637930649006943 -14.24480181462251 -5.898907738064876 -1.2860077114904662 0.11432136878420701
</DataArray>
        <DataArray type="Float64" Name="Mode_2_phi2" NumberOfComponents="1" format="ascii">
 -0.008500187957184727 15.1217718916188 -0.0085001901498202 15.12177192241555 0.15155977675809315 1.5996108227848613 5.856896213495686 13.817786426145922 25.752935413657347 41.368994834988996 59.66460408365311 78.46730447236057 95.3781771709478 108.52679035648242 116.06980582307781 116.03071324487101 107.86538442819597 91.43797915351865 68.38017898905814 33.590847254340474 7.780776868387267 9.612700337194697 5.965770994467951 3.8930504189029014 1.3412041410976334 -1.22949623416291 -3.3965459521375907 -4.75814610348798 -5.677939591762102 -5.874174682564363 -5.349991570037269 -4.316485666995562 -3.1015857270237372 -1.8600571649783253 -0.7862805913055355 -0.0763471476947741 0.15155972753342822 1.5996106987068663 5.8568960507929795 13.817786239452309 25.75293523244676 41.3689946799738 59.66460397626481 78.46730442671809 95.37817718990189 108.52679043939798 116.06980596195729 116.03071341891525 107.86538461501542 91.4379793251698 68.38017912383435 33.59084732203349 7.780776883749692 9.612700354748858 5.96577100253754 3.8930504204082816 1.341204134557372 -1.2294962477568678 -3.396545972135948 -4.758146125902301 -5.677939613330195 -5.874174700922197 -5.3499915826787 -4.3164856716103 -3.1015857232419988 -1.8600571535939752 -0.7862805771697159 -0.07634711669242868 -0.1143213677896092 -2.464621605065196 -5.558485045620482 -9.28154514597433 -12.814547214313206 -15.66225943715736 -16.905029332099364 -16.10076193062392 -13.43314983668104 -8.989823579964101 -2.7154133253438517 4.600122948449716 12.059477465711666 18.32077707930514 27.37951366923888 24.671088773052016 1.28600771354047 -4.237683575508991 -10.923130823360479 -19.404280480750888 -27.388977677928928 -33.64044772882793 -36.617063421570954 -35.318339421458795 -29.74694706787779 -19.898094136661182 -6.549117451389091 9.123500662341918 25.603442117673655 39.528419424831874 56.566476200790284 56.35684050130807 5.8989077400825725 -2.6400747350148803 -12.224857186385666 -24.840236489402614 -36.7479676913087 -46.11424354539829 -51.09612824591798 -50.23509787861911 -42.95405852865202 -29.614281972486847 -11.212369606724831 10.488176846937431 33.41805875796429 53.71109779362163 74.2187653670113 81.09316077949254 14.244801815185545 2.527186391557734 -10.174719288601107 -27.047724389504232 -43.14550787414861 -56.15184571652698 -63.53047416816049 -63.60993209210674 -55.52481254937375 -39.5718339741118 -17.116991240117525 9.669378770339632 37.91388638269418 63.837562866409066 87.73356361056457 98.9310884790532 26.637930650428913 11.915030322806691 -3.897739978440621 -24.912979594896623 -45.20814442392044 -62.041256945479425 -72.43346414520438 -74.22568509326844 -66.4381681033552 -49.34816731576462 -24.44702112984495 5.677021600914244 37.72814831799365 67.4257113441569 93.82081209962361 108.72649178555024 42.47038068743285 24.803921964443088 6.1381721901669835 -18.847992057169247 -43.2487179813362 -64.03028569275843 -77.76916296712791 -82.02192165825001 -75.55466147184693 -58.63057564973256 -32.848732489361545 -1.0591787998633104 33.143681626305124 65.3347697252904 92.61995549422574 110.69646128058363 60.21008954192319 40.28396067542714 18.900969350222066 -9.497025808178071 -37.70095690066929 -62.27998244351503 -79.51842041287757 -86.70065820057765 -82.44398091349011 -66.89797793943377 -41.720557468602586 -9.865018785351962 24.761798510054938 57.98838166503405 85.07255986511724 105.25730555255203 77.93258090186076 56.947856574741884 32.9230758250852 1.929621700518802 -29.487060554689965 -57.401789353469034 -77.96742102244478 -88.26250474947244 -86.77824664704465 -73.56100850424528 -50.22954230969146 -19.762698709155053 13.875449690140512 46.57576097700286 72.64458805064457 93.655890253546 93.65589021778392 72.64458803725199 46.57576097242763 13.875449702261212 -19.762698683318753 -50.22954227328319 -73.5610084640439 -86.77824660954664 -88.26250471993204 -77.9674210051583 -57.401789348469194 -29.487060562419472 1.9296216829417356 32.92307579858677 56.94785653592325 77.93258087476352 105.25730545768683 85.07255980439201 57.9883816308703 24.761798513821464 -9.865018744041908 -41.72055739564581 -66.89797784662996 -82.44398081287224 -86.7006581071788 -79.51842034096325 -62.279982399357294 -37.70095689026039 -9.497025830778021 18.900969297698353 40.28396059010263 60.21008945636973 110.69646114091228 92.61995539414636 65.33476966665135 33.14368162297308 -1.0591787477711951 -32.848732390060384 -58.630575515692 -75.55466132065568 -82.02192151428322 -77.76916284970729 -64.03028561585201 -43.248717955201215 -18.847992082953066 6.138172117637181 24.80392184497967 42.470380553618696 108.72649161854511 93.82081197391591 67.42571126939 37.7281483105588 5.677021657458907 -24.447021015363607 -49.34816715741625 -66.43816792327092 -74.22568491731076 -72.43346399893356 -62.04125684651935 -45.20814438570409 -24.91297962160416 -3.897740063409272 11.9150301843717 26.637930484985812 98.93108830887816 87.7335634748575 63.83756278920645 37.91388637082679 9.669378825480292 -17.116991123979105 -39.5718338119887 -55.52481236271284 -63.60993190882549 -63.530474012184165 -56.151845611718166 -43.14550782944561 -27.047724413681973 -10.174719375197332 2.5271862499957067 14.244801641084571 81.09316062852741 74.21876524203498 53.7110977254996 33.41805874363712 10.488176893183539 -11.21236950339395 -29.614281826348556 -42.95405836181758 -50.23509771226299 -51.09612810451018 -46.114243448713225 -36.74796764982382 -24.84023650755044 -12.22485726510456 -2.640074858892792 5.898907578239341 56.356840391908136 56.56647609974048 39.528419371230854 25.60344210392483 9.123500694880601 -6.5491173724652505 -19.898094024945895 -29.74694693879637 -35.318339292702156 -36.617063311088415 -33.64044765140601 -27.388977644947186 -19.40428049328855 -10.92313088320606 -4.237683669481936 1.2860075851730464 24.671088724322452 27.379513618924513 18.320777053466593 12.059477458693824 4.600122963853417 -2.715413288491587 -8.989823526296494 -13.433149774396705 -16.100761869019177 -16.905029278912025 -15.662259399333177 -12.814547198224801 -9.28154515284532 -5.558485074591743 -2.464621647748181 -0.11432143636900444
</DataArray>
        <DataArray type="Float64" Name="Mode_3_w" NumberOfComponents="1" format="ascii">
 0.007266565926771504 1.5915950065491051e-12 -0.007266565928601906 3.7651217527564615e-13 -0.000627786167034535 0.0011537270214806554 0.0007259567951721508 -1.4250145278904593e-6 -1.4250145278904593e-6 0.00018717759225811778 0.0002923129001007592 0.00011930209010196566 7.855028523153773e-5 -0.0003126323016789501 -0.0007088189713399685 -0.0002053695833074866 -0.0002053695833074866 0.00026038924114266896 7.536699872219905e-5 -2.8210476436607556e-5 2.8210476516330995e-5 -7.53669987925453e-5 -0.0002603892407216998 0.00020536958376206801 0.00020536958376206801 0.000708818970724818 0.0003126323023478299 -7.855028574984428e-5 -0.00011930208930430492 -0.00029231290067196174 -0.0001871775922817805 1.4250147531269319e-6 1.4250147531269319e-6 -0.0007259567958020419 -0.001153727021525279 0.0006277861669034802 0.0006277861668254182 -0.0011537270220882319 -0.0007259567953513476 1.4250145167751792e-6 1.4250145167751792e-6 -0.00018717759208824843 -0.0002923129005840413 -0.00011930208994433637 -7.855028549243718e-5 0.00031263230209679135 0.0007088189711805783 0.0002053695835781833 0.0002053695835781833 -0.000260389240821537 -7.536699849936805e-5 2.821047628629665e-5 -2.821047678603983e-5 7.536699930818456e-5 0.00026038924077445265 -0.00020536958387386902 -0.00020536958387386902 -0.0007088189703723503 -0.0003126323023594625 7.855028594209643e-5 0.00011930208888588974 0.0002923129008439714 0.00018717759180463724 -1.425015078513384e-6 -1.425015078513384e-6 0.0007259567962489559 0.001153727021312317 -0.0006277861668334 2.815245336410031 4.908372326941197 6.593039882365107 7.54593170617912 7.54593170617912 7.776540798738768 7.336472680778965 6.359060297085213 5.069510553177921 3.6449474925919056 2.3052138796960917 1.2338599916204909 1.2338599916204909 0.5066763618032065 0.12059824170794842 1.1464431883438944e-10 4.908372327089906 9.013343419574626 12.175065072386898 14.058800445795955 14.058800445795955 14.530808692191393 13.7219126841223 11.875979804345334 9.370095943745365 6.646146236116845 4.094822916224732 2.040824252524868 2.040824252524868 0.6716862051509812 1.7713117128643922e-9 -0.12059823995743975 6.593039881517299 12.17506507275043 16.41147910114591 18.859879495387503 18.859879495387503 19.372401159940175 18.091587862905907 15.397508016667029 11.815661240395297 7.9776098115134975 4.463219150214181 1.7179326050098538 1.7179326050098538 2.7373833848878856e-9 -0.6716862016751473 -0.5066763598571599 7.545931706031148 14.058800444762472 18.8598794952188 21.50753690693435 21.50753690693435 21.815947980755556 19.98342106359289 16.481118801811895 11.984649015938064 7.285345726480061 3.1037448760200825 3.270877878283667e-9 3.270877878283667e-9 -1.7179325993761738 -2.0408242478112535 -1.233859989391909 7.545931706031148 14.058800444762472 18.8598794952188 21.50753690693435 21.50753690693435 21.815947980755556 19.98342106359289 16.481118801811895 11.984649015938064 7.285345726480061 3.1037448760200825 3.270877878283667e-9 3.270877878283667e-9 -1.7179325993761738 -2.0408242478112535 -1.233859989391909 7.776540798453088 14.530808691730568 19.372401158426147 21.81594798029255 21.81594798029255 21.689814764505016 19.22881859584796 14.999434034322126 9.784754056547433 4.509117062449074 2.7015210607667887e-9 -3.10374486982562 -3.10374486982562 -4.463219144289177 -4.094822912165266 -2.305213876976098 7.336472679756225 13.721912682606272 18.09158786219386 19.98342106258982 19.98342106258982 19.22881859532016 16.11121212708863 11.26462918015481 5.557371071098984 2.0901141071206416e-9 -4.509117057300189 -7.285345721431132 -7.285345721431132 -7.977609806339023 -6.646146232358881 -3.64494749085207 6.359060296782886 11.875979803283597 15.39750801485809 16.481118800464365 16.481118800464365 14.999434033114614 11.264629180076756 5.9593497903084724 1.735624095364209e-9 -5.55737106743501 -9.784754053149411 -11.984649012077249 -11.984649012077249 -11.815661237256624 -9.370095940986708 -5.069510551274676 5.069510552118272 9.370095942122822 11.815661239414666 11.984649014602416 11.984649014602416 9.784754056034187 5.55737107073847 1.593486667997855e-9 -5.959349787315251 -11.264629177806302 -14.999434031450983 -16.48111879967196 -16.48111879967196 -15.39750801470564 -11.875979803317989 -6.359060296753763 3.6449474926124084 6.6461462351877065 7.977609810097878 7.285345725600733 7.285345725600733 4.509117061312139 1.7003233813842983e-9 -5.557371067678293 -11.264629177348503 -16.11121212553671 -19.228818595004544 -19.983421063179374 -19.983421063179374 -18.091587863365028 -13.721912683867892 -7.336472680826762 2.3052138787638614 4.09482291607304 4.463219149247372 3.1037448749538505 3.1037448749538505 2.241226374695549e-9 -4.509117058071221 -9.784754053125182 -14.999434032121853 -19.228818595056286 -21.689814765185908 -21.815947981891746 -21.815947981891746 -19.372401160886593 -14.53080869351387 -7.776540799453471 1.2338599915615969 2.0408242516979542 1.7179326043708574 2.294746922071464e-9 2.294746922071464e-9 -3.1037448707486366 -7.285345722170423 -11.984649012684041 -16.48111879999196 -19.98342106373655 -21.815947982162946 -21.507536909192257 -21.507536909192257 -18.859879497744924 -14.058800447472333 -7.545931707262082 1.2338599915615969 2.0408242516979542 1.7179326043708574 2.294746922071464e-9 2.294746922071464e-9 -3.1037448707486366 -7.285345722170423 -11.984649012684041 -16.48111879999196 -19.98342106373655 -21.815947982162946 -21.507536909192257 -21.507536909192257 -18.859879497744924 -14.058800447472333 -7.545931707262082 0.506676361861713 0.6716862053035779 1.934411433843622e-9 -1.7179325998547752 -1.7179325998547752 -4.463219145558593 -7.977609807437607 -11.81566123787312 -15.39750801518259 -18.091587863311915 -19.372401161278464 -18.859879497974955 -18.859879497974955 -16.411479103868974 -12.175065074915624 -6.593039883140691 0.12059824115816258 1.0069895265541997e-9 -0.6716862018464265 -2.0408242486670165 -2.0408242486670165 -4.094822912762617 -6.646146232881317 -9.370095941222374 -11.875979803691274 -13.721912684587352 -14.530808693664584 -14.05880044736157 -14.05880044736157 -12.175065074760587 -9.013343421575833 -4.90837232823601 6.202179974676434e-10 -0.12059824012537125 -0.5066763600381108 -1.233859989715467 -1.233859989715467 -2.3052138775868816 -3.644947490990772 -5.069510551892923 -6.359060296708339 -7.336472680749989 -7.7765407996267255 -7.5459317073572 -7.5459317073572 -6.593039883251584 -4.908372328200248 -2.81524533730074
</DataArray>
        <DataArray type="Float64" Name="Mode_3_phi1" NumberOfComponents="1" format="ascii">
 1.0536393587242583 0.007437559824270842 1.0536393589199735 0.007437565776593733 15.098551848237788 7.181590849837079 7.67303174029938 4.3207613291693505 1.8831788443387043 -0.6756748659803216 -2.891550537352922 -4.567578722758399 -5.459502759151479 -5.9454966222777275 -5.594406006827057 -4.573510800342188 -3.355420818486325 -2.1109810679197127 -1.0204773103903395 -0.27715262492632864 0.41188573606022116 2.463984271100675 7.571027191419621 16.542107138113224 29.512577467339618 46.10234339531597 64.78438556125754 83.24159701292213 99.53770421227436 111.73370727711703 117.5155876945127 115.35377110405936 105.24119448843501 85.13705647044229 61.86929628483941 24.02537270340104 15.098551853391033 7.181590849326374 7.6730317443024685 4.320761326414994 1.8831788431018919 -0.6756748651363984 -2.8915505387306486 -4.56757872862701 -5.459502761915863 -5.945496626981653 -5.594406004826775 -4.573510803143263 -3.3554208185396193 -2.1109810648276865 -1.0204773071882924 -0.27715262410995867 0.41188574886367535 2.463984295084288 7.571027218105133 16.5421071655984 29.512577500168838 46.10234342270681 64.78438558355326 83.24159702767236 99.53770421866943 111.73370727733894 117.51558768222513 115.35377108519086 105.24119447650061 85.13705645348062 61.86929626649083 24.025372695483764 33.98624883422422 65.71871381840535 87.85054032118535 103.51082210866704 111.04266841441077 110.4640047175402 102.71107368832746 89.54422550614402 72.79169486962786 54.56543272039032 37.17216186548269 22.331356908397293 11.07633620212036 3.8751907925816274 0.3827441128762219 -0.38732633198875477 22.78843794074291 51.54174868254452 71.14697597116813 86.03666346987752 93.42720430090868 93.62362791674495 87.23633700364341 75.43754042448784 60.117076359128404 43.65883732097908 27.914399184519244 14.40232878442213 4.385695562845356 -1.4841526953315847 -3.5151860410242635 -2.250670809801571 20.038348362379754 41.30362177288325 55.301610633560365 64.68315783923079 67.99516286714703 65.49226869653012 57.71620443207209 46.12661847484679 32.3167056722229 18.096215380232035 5.368104449157204 -4.433653927085463 -10.50422849686023 -12.439837624525818 -10.776130122846768 -5.429734736835105 11.613269996873196 24.993146419849538 33.36117476868739 37.82583114719865 37.73723040292674 33.22951657106555 25.00568875362067 14.15672464764361 2.2399152817205374 -9.129321138788354 -18.499743835120785 -24.625836330147493 -26.77935288211172 -24.649618174461974 -19.039341897894193 -9.092160981594343 4.274837614470815 8.511282946411052 10.310709612411545 9.405988409954471 5.450055788265309 -1.1684104257032497 -9.9211074023058 -19.719723913947366 -29.380238079635017 -37.58644155867402 -43.132773237619226 -45.08407546913525 -43.011780735081416 -36.696633862887296 -27.16686727381817 -12.71019942004604 -3.0270709044677706 -7.2001220021303585 -11.52044989789831 -17.59846954844107 -24.814342553319015 -33.16748268452265 -41.93725964682027 -50.361484345696965 -57.47819943015805 -62.326211802553736 -64.0787342063581 -62.097131274376814 -56.170994073544776 -46.1997440718982 -33.58532550254306 -15.671873943672754 -9.265323628072538 -20.63978269095144 -30.0451917363393 -40.10256326088121 -49.84187977432623 -59.033466249097785 -67.22383722473099 -73.80403988690045 -78.15960500546306 -79.70869099675706 -77.97197043389075 -72.64090274806466 -63.76345833692442 -51.26527033453696 -36.69882650981348 -16.99138749487928 -13.674087769527183 -30.22792295124683 -43.4013820975379 -56.02692263976731 -66.91123033634379 -75.98442712712581 -82.80068005346327 -87.08143012526513 -88.55233630001368 -87.00797413555615 -82.36128376915025 -74.6062650075575 -63.99956485339948 -50.52480378019812 -35.71761306705539 -16.23230303053837 -16.232303021409923 -35.71761304717823 -50.52480375198402 -63.99956482669605 -74.60626498508329 -82.36128375168612 -87.00797412511851 -88.55233629753921 -87.08143013019097 -82.8006800655231 -75.98442714442463 -66.91123035950291 -56.02692266677429 -43.401382118182894 -30.227922968465418 -13.674087781008614 -16.991387484919485 -36.69882649010473 -51.26527031182401 -63.763458314144906 -72.64090272901485 -77.97197042175952 -79.70869099098252 -78.15960500431098 -73.8040398907362 -67.22383723498041 -59.03346626603886 -49.841879793643365 -40.10256327841554 -30.045191756273052 -20.639782708375254 -9.265323636346405 -15.671873942812821 -33.585325491938114 -46.19974405681911 -56.170994060889385 -62.09713126195825 -64.07873419450861 -62.32621179654984 -57.4781994321911 -50.361484354095495 -41.93725965814803 -33.16748269834157 -24.814342567393304 -17.598469566549145 -11.52044990897327 -7.200122006051349 -3.0270709037789802 -12.710199415864967 -27.166867272728812 -36.69663386510315 -43.01178073242159 -45.0840754636546 -43.132773236852714 -37.58644156043501 -29.380238082587844 -19.71972392054633 -9.921107414479652 -1.1684104382940501 5.450055779057482 9.405988406987417 10.310709605001561 8.51128293605348 4.274837610500715 -9.09216098299303 -19.039341901129482 -24.649618177387357 -26.77935288643547 -24.625836337903706 -18.499743841748018 -9.12932114562267 2.239915271866483 14.156724641253374 25.005688750532453 33.22951657141242 37.73723039995691 37.82583114168484 33.36117477079702 24.993146424119086 11.613269994105853 -5.429734744995823 -10.77613013595734 -12.439837640502773 -10.504228516023534 -4.433653944898401 5.368104433584497 18.096215371732363 32.316705669972116 46.126618467244136 57.716204425165074 65.49226869517096 67.99516287288199 64.68315785072393 55.30161063690301 41.303621775301494 20.038348367145566 -2.25067081624801 -3.515186054627959 -1.4841527161635157 4.3856955382635485 14.402328759586853 27.914399164994848 43.65883730215521 60.117076342820276 75.43754041702643 87.23633700823521 93.62362792400256 93.4272043097014 86.03666347913699 71.14697598773371 51.54174869190811 22.788437943152278 -0.38732633856939397 0.38274409473159404 3.8751907681071835 11.07633617383784 22.331356881998737 37.172161836506874 54.56543269496049 72.7916948515698 89.54422549949177 102.71107368957206 110.46400472361941 111.04266842506168 103.51082212764952 87.85054033527703 65.71871383221611 33.98624884322247
</DataArray>
        <DataArray type="Float64" Name="Mode_3_phi2" NumberOfComponents="1" format="ascii">
 1.0536393585184587 0.0074375738413581085 1.0536393588812747 0.007437568129714395 24.025372695622316 61.86929626826488 85.13705644979842 105.24119446003726 115.35377108546744 117.51558767596795 111.73370726329664 99.53770421127656 83.24159701674098 64.7843855756869 46.1023434202275 29.5125774842339 16.542107168574375 7.571027216828106 2.4639842885918233 0.4118857540361694 -0.27715262729256906 -1.0204773092865818 -2.1109810649435374 -3.3554208188071826 -4.573510805919208 -5.594406000113997 -5.945496632302551 -5.459502757350111 -4.567578727298046 -2.891550539994094 -0.6756748662621276 1.8831788436175938 4.320761326053662 7.6730317454844545 7.181590848862648 15.09855185345559 24.02537270344276 61.86929628563184 85.1370564701726 105.2411944856741 115.35377110178007 117.51558769148512 111.73370727987619 99.53770421480814 83.24159700606926 64.78438555349787 46.10234339172202 29.512577456926685 16.54210713525343 7.57102718766676 2.4639842707017086 0.411885744031914 -0.27715263026881254 -1.0204773115760453 -2.1109810650933727 -3.3554208192564023 -4.573510807808829 -5.594405996309196 -5.945496632127133 -5.459502753038332 -4.56757872631423 -2.891550536743032 -0.6756748625657917 1.8831788439712056 4.320761323393384 7.673031748981398 7.181590847412752 15.098551848458852 33.98624883373713 22.788437939832896 20.038348371294965 11.61326999165385 4.2748376135121715 -3.0270708954060885 -9.265323631620214 -13.67408776943792 -16.232303018017138 -16.99138749595185 -15.671873933426903 -12.710199424659043 -9.092160986572917 -5.429734736745887 -2.250670823695547 -0.3873263419944862 65.71871381635167 51.54174868476945 41.303621770836514 24.993146431548674 8.511282941029132 -7.2001219868156605 -20.639782697624373 -30.22792294489768 -35.71761304974642 -36.698826498315306 -33.58532549718717 -27.166867269453988 -19.03934191371514 -10.776130122102789 -3.515186065348885 0.38274409377441426 87.85054031470014 71.14697598222939 55.301610626696345 33.36117478042124 10.310709618273817 -11.520449892253385 -30.04519173818641 -43.401382088595646 -50.52480376185815 -51.265270312300736 -46.199744065071386 -36.69663386293636 -24.649618184391173 -12.439837636608258 -1.4841527229535785 3.8751907668097503 103.51082211287672 86.03666346568833 64.68315784637876 37.8258311473647 9.405988427905044 -17.59846955697025 -40.102563244029966 -56.026922645400774 -63.999564826265036 -63.763458318030686 -56.17099406188785 -43.011780735762734 -26.779352888688127 -10.50422852066729 4.385695538501715 11.076336167896866 111.04266840548037 93.42720429859229 67.99516286335451 37.737230412412046 5.450055795512449 -24.81434254489898 -49.8418797664913 -66.91123033239634 -74.60626499510991 -72.64090272308528 -62.097131268951365 -45.08407546013273 -24.625836340265796 -4.4336539426619845 14.402328752375656 22.33135687934773 110.46400470917614 93.62362790885645 65.49226869673655 33.229516580151575 -1.168410419785993 -33.167482677077615 -59.03346623831826 -75.98442713218147 -82.36128374823907 -77.97197042094078 -64.07873419591829 -43.13277323291261 -18.499743835281993 5.368104424184432 27.91439916286219 37.172161829127276 102.71107367952234 87.23633699865277 57.716204434457055 25.005688754006894 -9.921107396921009 -41.93725963650899 -67.22383721825773 -82.80068005246184 -87.00797412176681 -79.70869098832337 -62.32621179677253 -37.58644155593763 -9.129321139808646 18.09621536284636 43.65883729889471 54.56543269403216 89.54422549573957 75.43754041543936 46.12661847356927 14.156724650544096 -19.7197239101288 -50.361484330092935 -73.80403988372183 -87.08143012229787 -88.55233629528946 -78.15960500602674 -57.47819942716928 -29.380238077558854 2.2399152743184403 32.31670566357509 60.1170763454567 72.7916948478131 72.7916948589482 60.11707634976908 32.31670567804325 2.2399152804222844 -29.38023807113929 -57.47819942166203 -78.15960500225921 -88.55233629647951 -87.0814301285661 -73.80403989517389 -50.36148434007982 -19.71972392245031 14.156724641892863 46.126618466527354 75.43754041618186 89.54422549310125 54.565432714072266 43.65883731370792 18.096215377452328 -9.129321134751377 -37.58644155590858 -62.326211796977056 -79.70869099212423 -87.00797412844722 -82.8006800653576 -67.22383723588888 -41.93725965317737 -9.921107410373793 25.005688743972797 57.71620443342873 87.23633700044338 102.71107368630885 37.17216185472757 27.914399188810236 5.368104437434295 -18.499743831447347 -43.1327732355085 -64.07873420162726 -77.97197043063373 -82.36128376132542 -75.98442715082524 -59.03346626005669 -33.16748269779497 -1.1684104319823245 33.22951656728782 65.49226870085437 93.62362791650749 110.46400472447348 22.331356912031875 14.402328778118132 -4.43365392897705 -24.625836334458974 -45.084075462102014 -62.0971312792969 -72.64090273776425 -74.60626501267595 -66.91123035509148 -49.84187979334679 -24.814342563289838 5.450055782527326 37.73723040424545 67.99516286625132 93.42720431137364 111.04266842468596 11.076336197515934 4.385695561004901 -10.504228505500894 -26.7793528804006 -43.01178074113535 -56.17099407296616 -63.76345833401394 -63.99956484699779 -56.026922666834324 -40.10256327332137 -17.598469569501788 9.405988410441237 37.82583114537846 64.68315784587537 86.03666348203932 103.51082212865111 3.875190789736626 -1.4841526989842397 -12.439837626666204 -24.64961817556604 -36.69663387081334 -46.19974406987856 -51.265270328827626 -50.52480377761424 -43.401382115924484 -30.045191757774273 -11.520449907451365 10.310709608718817 33.36117477360246 55.30161063304713 71.14697599007738 87.85054033466174 0.3827441126125006 -3.5151860463183295 -10.776130117331164 -19.03934190686055 -27.16686727300859 -33.585325500661824 -36.698826506232656 -35.7176130686272 -30.227922966555845 -20.639782709118705 -7.2001220016707785 8.511282938550151 24.993146424389188 41.30362177380023 51.541748691959725 65.71871383195449 -0.3873263326673206 -2.250670815381222 -5.429734735341403 -9.092160984542378 -12.710199422770122 -15.67187393832166 -16.991387498682705 -16.232303028289493 -13.67408777710482 -9.265323637406965 -3.0270709046811843 4.274837611818425 11.613269993516944 20.038348368311578 22.788437942830594 33.986248843317554
</DataArray>
        <DataArray type="Float64" Name="Mode_4_w" NumberOfComponents="1" format="ascii">
 -0.009937037673773297 0.008053282278281044 -0.009937037672340701 0.008053282269522353 0.0007718897711067752 -0.0014518266916214784 -0.00059665838654279 -0.0003399235384432848 -0.0003399235384432848 -0.001305634561979798 -0.0008488157663472906 -4.3083778872251445e-5 8.540694368042386e-5 0.0008256731866632217 0.0011557319525784147 0.00030147189009050666 0.00030147189009050666 0.000654331176376482 0.0018561560077238657 -0.0010315793685555421 -0.0010315793686307738 0.001856156007593194 0.0006543311761882075 0.00030147189016485355 0.00030147189016485355 0.0011557319524740876 0.0008256731864029551 8.540694408438601e-5 -4.308377830281337e-5 -0.000848815766483461 -0.0013056345618902927 -0.00033992353844139727 -0.00033992353844139727 -0.0005966583865628432 -0.0014518266914999177 0.0007718897707650652 0.0007718897707512017 -0.001451826692214867 -0.000596658386718171 -0.0003399235381770382 -0.0003399235381770382 -0.0013056345608598776 -0.0008488157656427808 -4.308377912733105e-5 8.540694310837466e-5 0.0008256731864574901 0.0011557319522170254 0.0003014718902620971 0.0003014718902620971 0.0006543311752626667 0.001856156005723873 -0.0010315793673789978 -0.0010315793673227776 0.001856156006386281 0.000654331174723395 0.00030147189025722757 0.00030147189025722757 0.001155731952580884 0.000825673186060954 8.540694401943724e-5 -4.3083778196749866e-5 -0.000848815766070225 -0.001305634560877224 -0.0003399235381100847 -0.0003399235381100847 -0.0005966583872508181 -0.0014518266918416463 0.0007718897709082535 -3.8626669339867967 -6.4786874019368135 -8.113624265129017 -8.281271313034242 -8.281271313034242 -7.01341164951027 -4.5028067180596585 -1.200884976969242 2.2766050548531123 5.444719152358858 7.723113891740921 8.669287386297732 8.669287386297732 8.175151855759582 6.269095939667934 3.0287953273737327 -6.4786874016284655 -11.543390701111942 -14.61905388057033 -15.178121018961923 -15.178121018961923 -13.07239271349428 -8.71283615240079 -2.809187445047142 3.6242027086958655 9.46236290456883 13.761554329384538 15.740791392415849 15.740791392415849 15.024536520981783 11.783126323101293 6.269095939692735 -8.113624263873724 -14.619053879198358 -18.574907475863416 -19.336873641554025 -19.336873641554025 -16.752533059374013 -11.265968140735522 -3.8142069330376858 4.373487506567215 11.858235687788778 17.36894618947146 19.960294425280466 19.960294425280466 19.137766835266003 15.02453652156752 8.175151856157926 -8.281271310276923 -15.178121014924146 -19.336873638277588 -20.20813475631405 -20.20813475631405 -17.600897151120584 -11.963096254605185 -4.233846786237823 4.295942197658832 12.138825938684949 17.962993368457003 20.741152200998027 20.741152200998027 19.96029442643773 15.740791393957545 8.669287387319192 -8.281271310276923 -15.178121014924146 -19.336873638277588 -20.20813475631405 -20.20813475631405 -17.600897151120584 -11.963096254605185 -4.233846786237823 4.295942197658832 12.138825938684949 17.962993368457003 20.741152200998027 20.741152200998027 19.96029442643773 15.740791393957545 8.669287387319192 -7.0134116448276655 -13.07239270590217 -16.752533051202207 -17.600897145574983 -17.600897145574983 -15.447748674974324 -10.644354341488791 -3.9910129353017525 3.4211747003120494 10.287261715528995 15.434148057072896 17.96299336999752 17.96299336999752 17.368946191966774 13.76155433198289 7.723113893254555 -4.502806711180798 -8.712836140514012 -11.26596812666896 -11.963096242011764 -11.963096242011764 -10.64435433392377 -7.509806512261323 -3.0740564250471754 1.9485098718706166 6.678427171528598 10.287261717344222 12.138825941853042 12.138825941853042 11.858235691590357 9.462362908126673 5.44471915446797 -1.200884967666922 -2.8091874287880705 -3.814206912968299 -4.233846766239636 -4.233846766239636 -3.991012919394604 -3.074056416256351 -1.621188204211949 0.15691670468234126 1.948509873677491 3.421174703737516 4.295942202098959 4.295942202098959 4.373487511326334 3.624202712792894 2.276605057256372 2.2766050661793544 3.624202728781951 4.373487531859822 4.295942224057572 4.295942224057572 3.4211747237986225 1.9485098889117223 0.15691671360897963 -1.6211882027567703 -3.0740564219237148 -3.9910129306693283 -4.233846780832047 -4.233846780832047 -3.8142069277786637 -2.8091874407614066 -1.2008849744904164 5.444719164718058 9.462362927098003 11.858235716632167 12.138825969535773 12.138825969535773 10.287261744567568 6.678427195373664 1.9485098898119115 -3.0740564141195392 -7.509806508554729 -10.644354336611201 -11.963096248992931 -11.963096248992931 -11.265968135442066 -8.712836148248101 -4.502806715731076 7.723113904162894 13.761554352327625 17.368946219365636 17.96299340122198 17.96299340122198 15.434148088881203 10.287261744856897 3.421174724668644 -3.9910129173314672 -10.644354330686825 -15.44774867046868 -17.600897146109727 -17.600897146109727 -16.752533054588593 -13.072392709657471 -7.0134116473104315 8.66928739765306 15.740791413556822 19.960294453289226 20.741152232282644 20.741152232282644 17.962993401017467 12.138825969614022 4.295942224523909 -4.233846764765175 -11.963096239492764 -17.600897142210584 -20.208134752459145 -20.208134752459145 -19.336873637983103 -15.178121016065031 -8.281271311332745 8.66928739765306 15.740791413556822 19.960294453289226 20.741152232282644 20.741152232282644 17.962993401017467 12.138825969614022 4.295942224523909 -4.233846764765175 -11.963096239492764 -17.600897142210584 -20.208134752459145 -20.208134752459145 -19.336873637983103 -15.178121016065031 -8.281271311332745 8.175151865027887 15.024536538494111 19.137766858531812 19.960294452796578 19.960294452796578 17.368946218620575 11.858235716102877 4.373487531921305 -3.8142069121537436 -11.26596812507843 -16.75253304895261 -19.336873635842625 -19.336873635842625 -18.574907473499554 -14.619053878818361 -8.113624264105828 6.269095946062096 11.783126335582331 15.024536538128705 15.740791412844246 15.740791412844246 13.761554351292098 9.46236292624822 3.6242027284246356 -2.8091874285005805 -8.712836139675867 -13.072392704566969 -15.178121013488417 -15.178121013488417 -14.619053877894219 -11.543390700087404 -6.4786874014134135 3.0287953303983413 6.26909594592479 8.175151864739139 8.66928739720274 8.66928739720274 7.723113903454093 5.444719164114549 2.2766050658319923 -1.2008849676239493 -4.502806710834538 -7.013411644212114 -8.281271309593176 -8.281271309593176 -8.113624263307473 -6.478687401211549 -3.86266693364663
</DataArray>
        <DataArray type="Float64" Name="Mode_4_phi1" NumberOfComponents="1" format="ascii">
 -1.4289911904891293 -22.026615474049702 1.428991190453198 22.026615451657026 -20.88795572307945 -8.80052180374344 -7.877610592350704 -1.5486448112794573 3.496166277115861 8.462443439035306 12.260895862237179 14.328996369331335 14.321582769100532 13.12509309739347 9.629597234701993 4.585385737353455 -0.7383643639274213 -5.423051270883325 -12.292969151878902 -10.807825242704585 -48.184551064435716 -95.33137006927905 -120.79112270545977 -131.28802445825224 -124.41583282898813 -101.00205212198546 -64.06287347337849 -19.676100184424524 26.853796646989093 70.23724056291199 103.98814917759684 123.02629928144364 125.97406763484506 109.6630394633172 83.66065480342927 33.17146125867719 20.887955720980962 8.800521804972366 7.877610594106122 1.5486448143299334 -3.4961662720258695 -8.462443431555801 -12.26089585314108 -14.32899635995192 -14.321582760608793 -13.125093092762464 -9.629597231390843 -4.585385739596893 0.7383643587963437 5.423051262317353 12.292969138279137 10.807825232095745 48.18455101716055 95.33136997418416 120.79112257457882 131.28802429859812 124.41583265475083 101.00205194272954 64.06287329785951 19.67610002315025 -26.853796784491344 -70.23724067240842 -103.98814926169945 -123.02629934051443 -125.9740676713436 -109.66303948134956 -83.660654812914 -33.171461262222316 -45.7654177527411 -85.58585729798686 -108.44246872607907 -117.46197797814096 -110.53439332471436 -88.32354846755861 -54.12610094248797 -12.790403106778692 30.69148817675187 70.69627605915872 101.36681279279456 118.66652601261922 120.58736068068752 106.10508869955531 76.94352087527317 34.361444118751926 -27.44406343273524 -61.392103015719016 -81.65441332407691 -92.46506439150997 -90.44907716377048 -76.57385172884423 -52.42630612558124 -20.646585135626733 14.286697834970695 47.00184091275616 73.67013112630251 90.8871162062344 95.88502073783324 87.65095307185956 70.67472211541181 35.19239326150966 -19.07416654517694 -38.06085441508852 -49.305227708233815 -54.3915513456344 -52.3310343841854 -43.37658819281939 -28.579285029738493 -10.060043167960808 10.071691742235725 29.152915747935513 44.1742194506763 53.204945265807766 55.44067498090846 49.3733518135528 37.81432221073241 17.784938742983922 -2.781577387468742 -6.57982357091077 -9.56112124619827 -10.909697709887453 -11.261296723393425 -10.26498919038876 -8.023047077639808 -4.643510783110974 -0.7077397041763817 3.2907080387337615 6.902778350060005 9.410937008440804 10.44723588844721 9.883225606525325 8.438069951743016 4.043125789678495 11.913151889730857 25.012295904633767 31.59852455331378 34.595042310616925 32.54371062003331 25.897215331863375 15.637790838703799 3.138894903699987 -9.794158366376516 -21.49584779162328 -30.51626281743299 -35.57177772879014 -36.133042585381126 -32.21617559107323 -24.04778337483302 -11.269052713363246 25.636601931592114 53.345458216202864 68.3209752859568 75.68888871561295 72.01780020463553 58.7208989564947 37.321924203024444 10.824848370662421 -17.232893900548657 -43.08255481242008 -63.33788181497652 -75.3055823650961 -77.49690679736626 -69.36187964547335 -52.94209683471208 -25.380969511989438 35.78569933970332 74.62404181146613 96.20531249343287 106.63243820390714 102.18199176391148 83.92801666231158 54.3299238799548 17.364222412333106 -22.01207743503397 -58.52475487734659 -87.35504905567856 -104.62183092079465 -108.1536853042815 -96.99039090865718 -74.27046023006578 -35.71270910261482 40.719150624299736 85.47685039236232 111.29356979490912 123.65687400269775 118.82868968182969 98.22234475734525 64.34687893350952 21.876032751532854 -23.559108390522976 -65.88674180236347 -99.46307694528628 -119.74720660119314 -124.23285238554712 -111.52061119379978 -85.59421560953047 -40.65136268119906 40.651362703601535 85.5942156583401 111.52061126475654 124.23285247761962 119.74720671249074 99.46307707227112 65.88674194489026 23.559108541249657 -21.876032600533023 -64.34687878780096 -98.22234461974303 -118.82868956017154 -123.65687389982759 -111.29356971493478 -85.47685033553859 -40.71915059781905 35.71270911699109 74.2704602645377 96.99039096072578 108.15368537250538 104.62183100580668 87.35504916065211 58.52475499482805 22.012077559965107 -17.364222280604487 -54.32992374755639 -83.92801653740054 -102.18199164767853 -106.63243810417299 -96.20531241456266 -74.62404175457175 -35.785699313268914 25.380969518813874 52.9420968487305 69.36187966884619 77.49690683431228 75.30558241600781 63.33788187687074 43.082554886252915 17.232893986606047 -10.82484827692407 -37.32192410587841 -58.720898856434545 -72.01780011013878 -75.68888863139752 -68.3209752165021 -53.345458166069434 -25.63660190888224 11.2690527064018 24.047783362407845 32.21617557920748 36.13304257783969 35.57177772874648 30.51626282706378 21.495847812241536 9.79415839913078 -3.1388948575440407 -15.637790781580692 -25.897215270895774 -32.543710558263086 -34.59504225339189 -31.598524507177824 -25.012295871596475 -11.913151874413874 -4.0431258056348875 -8.438069986528895 -9.883225653609857 -10.447235941986918 -9.410937060768525 -6.9027783958755915 -3.2907080727429463 0.7077396840745852 4.6435107757690135 8.023047083853747 10.264989209810832 11.26129675018927 10.909697739863539 9.561121274556678 6.579823591447917 2.7815773968712127 -17.784938769096975 -37.81432226640675 -49.37335188997445 -55.44067507394563 -53.20494536577733 -44.17421954835775 -29.152915836172426 -10.071691817608695 10.060043108702738 28.579284988598946 43.37658816951792 52.33103437682755 54.391551349811344 49.30522771673087 38.060854425394844 19.0741665505685 -35.19239329988148 -70.67472219630923 -87.65095317956772 -95.88502086454127 -90.88711634450452 -73.67013126770514 -47.00184104697818 -14.28669795310334 20.646585037407608 52.42630604847066 76.57385167432673 90.44907713132022 92.4650643748279 81.65441331841846 61.39210301506193 27.444063434378155 -34.3614441539082 -76.94352095570083 -106.10508881405998 -120.58736082388143 -118.66652617480122 -101.36681296201346 -70.69627622518148 -30.69148833096884 12.790402972010563 54.12610083276929 88.32354838447722 110.53439326509798 117.46197794054075 108.44246870496109 85.58585728914231 45.7654177491977
</DataArray>
        <DataArray type="Float64" Name="Mode_4_phi2" NumberOfComponents="1" format="ascii">
 -1.4289911905835888 22.026615474167524 1.4289911904661747 -22.02661545171664 -33.17146126163775 -83.66065480980451 -109.66303946982693 -125.97406764381962 -123.0262992916463 -103.98814918661861 -70.23724056858457 -26.853796648506183 19.676100187880095 64.0628734815217 101.00205213264948 124.41583283952109 131.2880244651019 120.79112271042682 95.33137007230182 48.18455106535228 10.807825242221245 12.292969151316374 5.4230512703283384 0.7383643632229256 -4.585385738729469 -9.6295972340303 -13.125093096597077 -14.321582767368772 -14.328996367935076 -12.260895860924524 -8.46244343815962 -3.4961662770901825 1.5486448106840784 7.877610591506632 8.800521804072421 20.887955720910696 33.1714612588146 83.66065480571896 109.66303947034267 125.97406765192804 123.02629931249562 103.98814922766567 70.23724063673033 26.853796746883646 -19.676100060368608 -64.06287333235885 -101.0020519711306 -124.41583267511116 -131.28802431261724 -120.79112258014244 -95.33136997531317 -48.18455101684154 -10.80782523220718 -12.292969137543288 -5.423051260220036 -0.7383643560288784 4.585385741337862 9.629597234444724 13.125093094059407 14.32158276129757 14.32899635925627 12.260895852534835 8.462443430412733 3.4961662694923485 -1.5486448171685114 -7.877610596369407 -8.800521805006024 -20.887955723066884 -45.765417752615605 -27.44406343696355 -19.074166556252575 -2.781577404708365 11.913151867733607 25.636601906299667 35.78569931120482 40.71915059696966 40.651362683239256 35.7127091071215 25.38096951939184 11.269052719180378 -4.0431257823667766 -17.784938738110558 -35.19239326032073 -34.36144411893423 -85.58585729501121 -61.39210302329154 -38.06085443593524 -6.579823607152749 25.012295857855282 53.345458160254196 74.62404175065674 85.47685033541735 85.59421561438234 74.27046024023994 52.94209684906012 24.047783388860918 -8.43806993791088 -37.81432220162651 -70.6747221137764 -76.94352087561182 -108.44246871392811 -81.65441332909522 -49.3052277311162 -9.561121292266169 31.598524489532206 68.32097520765011 96.20531241104202 111.29356971735038 111.52061120260278 96.99039092362513 69.36187966445829 32.21617560987269 -9.88322559021034 -49.373351803354986 -87.65095307173515 -106.10508870234635 -117.46197795073138 -92.46506438698081 -54.39155136522031 -10.909697759828571 34.595042234411224 75.6888886206297 106.63243810152885 123.65687390647355 124.23285240040262 108.15368532371747 77.49690682078267 36.133042607200586 -10.447235870557286 -55.44067497192055 -95.8850207408498 -120.58736068893776 -110.53439327536842 -90.44907714314238 -52.33103439198708 -11.26129676968838 32.54371054005746 72.01780009956943 102.18199164698564 118.8286895701262 119.74720662058748 104.62183094442773 75.30558239176354 35.57177775198245 -9.410936991758243 -53.20494525959248 -90.88711621393958 -118.6665260289224 -88.32354839279822 -76.57385168502353 -43.37658818309197 -10.264989226278358 25.897215254788332 58.7208988482234 83.92801653690216 98.22234463343102 99.46307696735302 87.35504908299086 63.337881842719845 30.51626283974578 -6.902778336639273 -44.1742194478018 -73.67013114028545 -101.36681281525416 -54.12610083767171 -52.426306056611324 -28.579285000042415 -8.023047097745643 15.637790770128062 37.32192409761197 54.329923751522 64.34687880312067 65.88674182659305 58.52475490598278 43.08255483872689 21.495847810685163 -3.290708029049107 -29.15291574964688 -47.00184093100426 -70.69627608784809 -12.79040297270735 -20.64658504260146 -10.06004311810779 -4.643510786002243 3.1388948480744037 10.824848272156856 17.364222286797588 21.876032617868255 23.559108415808716 22.01207746239204 17.232893924636272 9.794158381337015 0.707739709495432 -10.07169174941739 -14.28669785626605 -30.691488209415684 30.691488334772888 14.286697950879107 10.071691809965923 -0.7077396918993177 -9.794158406565634 -17.232893988998065 -22.012077551479557 -23.559108522471607 -21.876032727786022 -17.36422238650078 -10.824848349564032 -3.1388948916641835 4.643510783061042 10.060043156272584 20.64658511236251 12.790403072751701 70.69627623236748 47.00184104752525 29.152915829867105 3.2907080638577764 -21.495847817314154 -43.082554885761546 -58.5247549840341 -65.88674192792735 -64.34687891181268 -54.32992385646554 -37.32192418539888 -15.637790828190726 8.023047074146856 28.579285015641602 52.42630610141093 54.126100908997344 101.36681297095622 73.67013127001805 44.17421954233407 6.902778386767656 -30.516262830879047 -63.33788187396064 -87.35504915202196 -99.46307705830439 -98.22234473682491 -83.92801664382173 -58.720898938531995 -25.89721532413888 10.264989186857818 43.37658817943027 76.57385170623535 88.32354843622961 118.66652618199512 90.88711634705999 53.20494536084301 9.410937053026231 -35.57177773275514 -75.30558241268922 -104.62183100054679 -119.74720669982463 -118.8286896649311 -102.18199174678902 -72.01780019052757 -32.54371061345718 11.261296719739244 52.331034373329146 90.44907714545344 110.53439329718246 120.58736082908507 95.8850208660385 55.440675068612585 10.447235934507626 -36.133042581930894 -77.4969068315134 -108.15368536748171 -124.23285246584841 -123.65687398850156 -106.63243819070279 -75.68888870480612 -34.59504230651165 10.909697707084137 54.39155133680821 92.4650643777549 117.46197795806435 106.10508881711128 87.65095317826658 49.37335188372184 9.88322564732173 -32.21617558386359 -69.36187966739476 -96.99039095386686 -111.52061125484234 -111.2935697837287 -96.20531248312678 -68.32097527765265 -31.59852455185313 9.561121244990035 49.305227700727706 81.65441331520464 108.44246871259406 76.94352095609484 70.67472219336692 37.81432226162348 8.438069982386162 -24.04778336773761 -52.942096847493126 -74.2704602590793 -85.5942156502153 -85.47685038356168 -74.624041803927 -53.34545821009706 -25.01229590375023 6.579823568879068 38.06085441098551 61.39210300990306 85.58585729063812 34.36144415345046 35.19239329823939 17.784938767271463 4.043125803860955 -11.269052709693621 -25.380969517903186 -35.71270911455424 -40.651362699456726 -40.71915062012647 -35.78569933613434 -25.636601928803465 -11.913151889404622 2.78157738610388 19.074166543157297 27.444063431481872 45.76541774923339
</DataArray>
        <DataArray type="Float64" Name="Mode_5_w" NumberOfComponents="1" format="ascii">
 -2.908402908755062e-10 -2.1481762554025317e-10 -2.923343479481735e-10 -2.1549511624992172e-10 -0.0001712587986046286 0.0004464286293385928 0.0010391899722814962 -0.0005442323153800308 -0.0005442323153800308 -0.0014165437761826558 -0.00022045783802683 0.0005816818218993484 0.0005509582980208867 -0.0003161367762221843 -0.0014846980457669595 -0.0005394367156405619 -0.0005394367156405619 0.0009106119485892983 0.0003097011944039631 -0.00011399864157175571 0.00011399869423646899 -0.00030970129005521846 -0.0009106119776293665 0.0005394366997126075 0.0005394366997126075 0.0014846980106964659 0.00031613675781278763 -0.0005509582918633641 -0.0005816818147066673 0.00022045781956645655 0.0014165437353320775 0.0005442322974675432 0.0005442322974675432 -0.0010391900016152875 -0.0004464287098436836 0.00017125884056571591 -0.0001712587986446072 0.00044642862960501793 0.0010391899722591545 -0.0005442323153095202 -0.0005442323153095202 -0.0014165437763210846 -0.00022045783800622802 0.0005816818217869328 0.0005509582982114315 -0.0003161367762276781 -0.001484698045956863 -0.0005394367157527221 -0.0005394367157527221 0.0009106119486267346 0.00030970119437983944 -0.0001139986415572449 0.00011399869439003643 -0.00030970129049548824 -0.0009106119775162601 0.0005394366996535216 0.0005394366996535216 0.0014846980105703198 0.0003161367577625242 -0.0005509582916787138 -0.0005816818148554354 0.00022045781957864656 0.0014165437355185342 0.0005442322975756685 0.0005442322975756685 -0.0010391900016892463 -0.00044642870965220984 0.0001712588404894999 -1.133003751546792e-7 -0.7116941246520405 -2.4009883501312883 -4.962010673690119 -4.962010673690119 -7.878335731988956 -10.395256015662303 -11.73687889547917 -11.51536785384851 -9.809174135413185 -7.119243176977781 -4.246119960268405 -4.246119960268405 -1.8930351813824273 -0.47874817110537526 -8.120737917358137e-8 0.7116937536497029 -3.21047966000377e-7 -2.606421722941557 -7.084254362719663 -7.084254362719663 -12.42955353180637 -17.176267961855828 -19.922093953624564 -19.762599680603312 -16.790636224539615 -11.962377257944372 -6.690209535920037 -6.690209535920037 -2.402978811612661 -3.0004710139805547e-7 0.4787478418334722 2.400987899670707 2.6064209474116495 -4.5517195755617604e-7 -5.4414450213333625 -5.4414450213333625 -12.361478609190547 -18.670277504828967 -22.393080912964496 -22.267970846992615 -18.35979602548345 -12.01597283580903 -5.231464405173373 -5.231464405173373 -4.299029082244522e-7 2.4029780817745685 1.8930347653939388 4.962010221685288 7.084253594184784 5.4414441689444155 -3.5438418097975935e-7 -3.5438418097975935e-7 -7.612289469863219 -14.831337304403265 -19.18765843305085 -19.103988671769706 -14.644470342588907 -7.448863829766212 -3.323139639159275e-7 -3.323139639159275e-7 5.231463599371498 6.6902088078605315 4.246119529808311 4.962010221685288 7.084253594184784 5.4414441689444155 -3.5438418097975935e-7 -3.5438418097975935e-7 -7.612289469863219 -14.831337304403265 -19.18765843305085 -19.103988671769706 -14.644470342588907 -7.448863829766212 -3.323139639159275e-7 -3.323139639159275e-7 5.231463599371498 6.6902088078605315 4.246119529808311 7.878335330101347 12.429552871712145 12.36147794638088 7.612289054464797 7.612289054464797 -6.677120683408238e-9 -7.558979320924401 -12.234935424919673 -12.197749985430264 -7.496789950336504 7.179058399164647e-9 7.448863448947103 7.448863448947103 12.015972208953917 11.962376627186167 7.119242783720072 10.395255678480199 17.17626743778048 18.670277060729436 14.83133720076168 14.83133720076168 7.558979711417451 4.342364865437653e-7 -4.770925966069374 -4.761471364255712 4.3902942117963663e-7 7.496790357465876 14.644470260393613 14.644470260393613 18.359795603586843 16.790635718096453 9.809173800102528 11.736878601124682 19.922093522899566 22.393080614395757 19.18765853042511 19.18765853042511 12.23493606899873 4.77092712947139 7.402369098710605e-7 7.404936873800595e-7 4.761472530349447 12.197750634982105 19.10398877666841 19.10398877666841 22.26797055650278 19.762599256185265 11.515367559706979 11.515367558800051 19.76259925461956 22.267970554854692 19.103988775805778 19.103988775805778 12.197750635140894 4.761472531087773 7.410741027375522e-7 7.402603484239548e-7 4.77092712891586 12.234936068763906 19.187658530793826 19.187658530793826 22.39308061509339 19.92209352375756 11.73687860168566 9.809173799121021 16.790635716409465 18.35979560177234 14.64447025928037 14.64447025928037 7.4967903575380594 4.400388976078136e-7 -4.761471363237783 -4.7709259655622205 4.340342204742888e-7 7.558979710704923 14.831337200267399 14.831337200267399 18.670277060507914 17.17626743775453 10.395255678715166 7.119242782982207 11.962376626015496 12.01597220777895 7.448863448061081 7.448863448061081 7.0267629710502464e-9 -7.49678994954157 -12.197749984462783 -12.234935424414985 -7.558979321052358 -7.511003662279727e-9 7.61228905321292 7.61228905321292 12.361477945453961 12.429552871143775 7.878335329913611 4.246119529580882 6.690208807581139 5.231463599201941 -3.324095844193337e-7 -3.324095844193337e-7 -7.448863829766039 -14.644470342243325 -19.103988671265395 -19.187658432736274 -14.83133730471377 -7.612289470867673 -3.558457584319987e-7 -3.558457584319987e-7 5.4414441674806575 7.084253593315496 4.962010221287558 4.246119529580882 6.690208807581139 5.231463599201941 -3.324095844193337e-7 -3.324095844193337e-7 -7.448863829766039 -14.644470342243325 -19.103988671265395 -19.187658432736274 -14.83133730471377 -7.612289470867673 -3.558457584319987e-7 -3.558457584319987e-7 5.4414441674806575 7.084253593315496 4.962010221287558 1.8930347656192381 2.4029780823222913 -4.2902284879417816e-7 -5.231464404591854 -5.231464404591854 -12.015972835514042 -18.35979602545486 -22.26797084700029 -22.39308091288064 -18.670277505018447 -12.361478610165262 -5.441445022850732 -5.441445022850732 -4.5681251643696047e-7 2.606420946203502 2.400987899090314 0.47874784221040867 -2.99155996230589e-7 -2.4029788104693246 -6.690209535020506 -6.690209535020506 -11.962377257499197 -16.790636224450143 -19.762599680607426 -19.9220939534836 -17.1762679618962 -12.42955353244582 -7.084254363951406 -7.084254363951406 -2.6064217244875554 -3.2233742438512114e-7 0.7116937529515979 -8.095189698724237e-8 -0.478748170486907 -1.893035180691438 -4.24611995965525 -4.24611995965525 -7.119243176586125 -9.809174135262326 -11.51536785382003 -11.73687889540699 -10.395256015692613 -7.878335732317975 -4.96201067441549 -4.96201067441549 -2.400988351071297 -0.7116941255675475 -1.1389135582487621e-7
</DataArray>
        <DataArray type="Float64" Name="Mode_5_phi1" NumberOfComponents="1" format="ascii">
 0.04309147077481634 0.033532990072412464 -0.04309147059512935 -0.03353299196651991 0.30740139295377644 3.256496020000302 6.962810570987587 10.255341373576163 12.018529018708588 11.59206856812979 8.606722761803649 3.5479989937257366 -2.277612772381556 -7.690026579849524 -11.438361709468092 -12.114194523658606 -10.540955658997209 -7.470596017604413 -3.9317343109022977 -1.1446985900680957 1.6970794248627612 9.758892479388642 28.482190427019372 58.14769500989501 95.14115174005723 133.28103072512002 163.9239826283036 180.09756012924768 178.24239788336686 158.50539300911475 125.20851023482007 86.58937176146232 50.543371600066926 22.918755364145913 6.557178061424 0.634216976511425 -0.30740138963132646 -3.2564960201160114 -6.962810571485267 -10.255341374386722 -12.018529019509936 -11.592068569792323 -8.606722763618185 -3.5479989948120205 2.277612770850095 7.690026579628095 11.438361710285747 12.1141945257611 10.540955661038973 7.470596018693708 3.931734310801912 1.1446985896007311 -1.6970794295360145 -9.758892488969837 -28.48219043748391 -58.147695019909044 -95.141151747847 -133.28103072967684 -163.9239826300605 -180.0975601305412 -178.24239788475555 -158.505393008531 -125.20851023033545 -86.58937175150582 -50.543371586514674 -22.918755349327164 -6.557178048462649 -0.6342169711612845 0.4714939144567874 -4.987040068070155 -21.810799439601883 -49.0357078331862 -83.68582648416442 -118.84645209935331 -146.41060699234384 -160.22861648701019 -157.00976484423904 -137.43797255177228 -106.1758931571142 -70.65866462877278 -37.9702310656268 -14.039451608276721 -1.329293632364771 1.5982767392626411 9.867037109664173 16.818405422930496 11.197865949122153 -5.300894658194414 -31.21517611122048 -60.22587035618957 -85.7672209418416 -101.31641638947677 -102.67598576938948 -89.77107932412792 -66.201394012409 -37.67731882740834 -11.29059983756739 6.6724594342587515 13.52847676475244 8.670555800823912 20.193597732016528 39.19187224901075 43.70106482656814 38.31025403392013 23.374840947283097 4.31248010590747 -12.779131894303983 -22.677351513308167 -22.447606800844316 -12.009149125912511 5.376349753676523 24.091323022568577 38.42663859888617 43.477583432713566 37.95366491985445 19.316206483430538 29.730988106810297 61.259452679876354 76.9986359461283 82.92082533545953 78.7132666461349 68.79090679861098 57.991308781956555 51.04925142079759 50.6785835312622 56.8743261557573 67.07847202989034 76.72853052597807 80.89153553851287 75.19653724369347 59.382200285433086 28.77791657438418 34.299823746710004 72.08114919102569 94.5960541108954 108.3609430371451 112.3521679495818 110.14629289134892 105.41405164860424 101.77412944643076 101.41753935713088 104.45486314818926 108.83896847977854 110.92660971483697 106.98937024676134 93.59461202987298 71.39069462065147 34.0398216118724 32.20463852826303 67.99192421580817 90.90313266966731 106.95515771837277 114.9488867089839 117.23824450773462 116.42167726386283 115.12193336882036 114.89045734224933 115.83914641846914 116.54180829706897 114.40465924618603 106.7647897805905 90.9712667271133 68.57153687452823 32.7220805651674 22.523277521841685 47.88887932532493 65.30432346876047 77.76048345644938 85.08785354725066 88.43761111206535 89.25906583021116 89.1407585329484 89.04479193107042 89.08247836828332 88.41935475385179 85.48266126560377 78.7172969158375 66.33249597033348 49.86010828792141 23.547080454384563 7.69629917442468 16.394853975535717 23.036764463910657 27.78847408278104 30.851269382305336 32.49432530288325 33.11942350082183 33.25093026018231 33.24876035885364 33.21988515508729 32.93201892468465 31.84937942638402 29.416904220881477 24.777504116869405 19.023762868767943 8.892385205802631 -8.892385209111247 -19.023762875529286 -24.777504126289912 -29.41690422795217 -31.849379429466744 -32.93201892480459 -33.21988515030906 -33.24876035043175 -33.25093025227013 -33.11942349631736 -32.49432530319684 -30.851269390469533 -27.788474096381876 -23.0367644778781 -16.39485398667823 -7.696299178928375 -23.547080454262428 -49.86010828713646 -66.33249596895747 -78.71729691580599 -85.48266126739594 -88.41935475407811 -89.08247836573317 -89.0447919268264 -89.14075852782321 -89.25906582682065 -88.43761111630158 -85.08785355770536 -77.76048347007082 -65.30432348218386 -47.88887933514521 -22.523277526139022 -32.72208056165021 -68.57153686633426 -90.97126671652778 -106.76478977278218 -114.40465924467185 -116.54180830025273 -115.83914642243268 -114.89045734520343 -115.12193337054575 -116.4216772643533 -117.2382445091254 -114.94888671643551 -106.95515772850672 -90.90313267879736 -67.99192422338665 -32.20463853264417 -34.03982160572143 -71.39069460839812 -93.59461201557998 -106.98937023291309 -110.92660970665227 -108.83896848006962 -104.45486315471001 -101.41753936377864 -101.77412945054057 -105.41405165192316 -110.14629289462032 -112.35216795245454 -108.36094304274154 -94.59605411737694 -72.08114919536757 -34.29982374882333 -28.777916568813648 -59.38220027405722 -75.19653722884514 -80.89153552558899 -76.7285305185868 -67.07847202893673 -56.8743261614014 -50.67858353863149 -51.049251424974656 -57.99130878175526 -68.79090679777627 -78.71326664711974 -82.92082533775404 -76.99863594982631 -61.25945268467502 -29.730988109211033 -19.316206480667475 -37.953664914135125 -43.47758342636246 -38.42663859367582 -24.091323018136492 -5.376349752325339 12.009149125930161 22.447606800916645 22.67735151457641 12.779131896741731 -4.312480102360602 -23.37484094315147 -38.31025403185912 -43.70106482741393 -39.19187225100039 -20.193597733311385 -8.670555801330943 -13.52847676638033 -6.672459437887455 11.290599834035373 37.677318825765965 66.20139401300463 89.77107932535992 102.67598576999089 101.31641638909606 85.76722094209627 60.225870359454234 31.215176116919718 5.30089466472654 -11.197865943183455 -16.81840542021995 -9.86703710930793 -1.5982767415257468 1.3292936260946513 14.039451598950222 37.97023105686873 70.65866462222999 106.17589315324035 137.43797255003986 157.00976484330167 160.22861648577228 146.4106069917626 118.84645210194005 83.6858264908637 49.03570784406417 21.810799451303822 4.987040078455195 -0.4714939082281441
</DataArray>
        <DataArray type="Float64" Name="Mode_5_phi2" NumberOfComponents="1" format="ascii">
 -0.043091553793575994 0.03353180103575679 0.04309155401453878 -0.03353179920132955 0.6342150172376326 6.557173178336803 22.918749110667843 50.54336456038175 86.58936488476974 125.20850402573954 158.50538762776685 178.24239309802428 180.09755547304286 163.92397761106497 133.28102502963048 95.14114538358189 58.14768838298404 28.482184222060678 9.758887464310554 1.697076849169342 -1.1446991553724224 -3.9317349261202144 -7.470596248976574 -10.540955673787957 -12.114194359197997 -11.438361465742057 -7.690026396275119 -2.2776127314472854 3.5479988688730777 8.606722521220089 11.592068310124082 12.01852886731798 10.255341421689481 6.962810968228233 3.256496500752028 0.30740262886754094 -0.6342150121067637 -6.557173167524902 -22.918749100888125 -50.543364552578474 -86.58936487936869 -125.20850402355194 -158.5053876315309 -178.2423931056449 -180.09755548464634 -163.92397762554674 -133.28102504293258 -95.14114539232342 -58.14768838489669 -28.48218421863992 -9.758887459128756 -1.6970768457370238 1.1446991567284903 3.931734927118515 7.470596248892158 10.540955673463063 12.11419435824852 11.438361464682101 7.6900263955698485 2.277612731625597 -3.5479988691509257 -8.606722522135826 -11.592068311674337 -12.018528868952352 -10.255341422421273 -6.962810968160545 -3.2564964996520223 -0.3074026254729441 -0.4714965658366612 -9.86703858261043 -20.193598633369593 -29.730988133733927 -34.29982321482433 -32.20463774539259 -22.523276851133602 -7.696298881913763 8.892385020724134 23.547079875381964 32.7220798575014 34.039821139321994 28.777916647605238 19.316207228187317 8.67055755176252 1.598278541794513 4.9870352195513625 -16.818408628361556 -39.19187386079646 -61.25945257296401 -72.08114785372929 -67.99192238676775 -47.888877787967616 -16.39485332229935 19.023762429399167 49.86010694492004 68.57153521382708 71.39069340280554 59.382200237659504 37.953666352127826 13.528480151131266 -1.3292896582106728 21.81079347464878 -11.197869946646534 -43.70106649722052 -76.99863531663111 -94.5960518212781 -90.90312978658108 -65.30432109869494 -23.03676347071349 24.77750343169671 66.33249387378018 90.97126404745228 93.5946098589328 75.19653661682096 43.477584912733235 6.67246333301859 -14.039446277906714 49.035701552623195 5.300890529765942 -38.310255195546524 -82.92082372905898 -108.36093948839716 -106.95515358449097 -77.7604801756524 -27.788472748958586 29.416903214976347 78.71729392691847 106.76478587517646 106.98936682764476 80.89153393804632 38.42663963069083 -11.290595966811875 -37.970225201812156 83.68582059142045 31.21517251534333 -23.37484114566428 -78.71326376444348 -112.35216297446995 -114.94888127104701 -85.0878493488585 -30.85126772394202 31.849378076607547 85.48265734345611 114.40465402485856 110.92660486239822 76.72852764343155 24.09132311643985 -37.677315573924716 -70.65865895837457 118.8464469934449 60.22586765999087 -4.312479157993521 -68.79090256770901 -110.14628653300407 -117.23823785175883 -88.43760608921173 -32.494323368592354 32.9320172380119 88.41934995269864 116.54180182246745 108.83896222085738 67.07846779802543 5.37634873671075 -66.20139166735564 -106.1758881105513 146.41060267904118 85.76721916949984 12.77913386270597 -57.99130342981838 -105.41404418493146 -116.42166967305481 -89.25906018738709 -33.1194213786107 33.21988318590999 89.0824728691486 115.83913894733107 104.45485575578316 56.87432080385279 -12.00915113158018 -89.77107780857054 -137.4379682319371 160.22861264843107 101.31641522972399 22.677354080173533 -51.04924542868045 -101.77412137740929 -115.12192528071625 -89.14075257660076 -33.250928063370324 33.24875820833487 89.04478602329077 114.89044930196098 101.41753132089295 50.67857754449178 -22.447609379535336 -102.67598470606825 -157.00976100223806 157.0097609901306 102.67598469889559 22.447609379789323 -50.6785775337243 -101.41753130589788 -114.89044929032008 -89.04478602312874 -33.24875821463028 33.25092805471188 89.14075257207928 115.12192528699045 101.77412138743381 51.04924543468729 -22.677354078170556 -101.31641523279853 -160.2286126558917 137.43796821894085 89.77107780007516 12.009151131670075 -56.874320792483985 -104.45485573895917 -115.83913893258502 -89.0824728647486 -33.21988319093587 33.11942136872193 89.25906017950153 116.42166967003713 105.41404418944362 57.991303433701745 -12.779133859573669 -85.76721916706792 -146.41060268093995 106.17588810014676 66.20139166130508 -5.376348735678471 -67.0784677910834 -108.83896220793848 -116.54180180711396 -88.4193499468498 -32.93201724175849 32.494323359650004 88.4376060790716 117.23823784346105 110.14628653039951 68.79090257216203 4.312479162067676 -60.22586765357978 -118.8464469921056 70.65865895365965 37.6773155720851 -24.091323114750814 -76.72852764046218 -110.92660485699103 -114.40465401514011 -85.4826573388571 -31.849378078730354 30.851267717398763 85.08784933868127 114.94888126098373 112.35216296862518 78.7132637665687 23.374841152176803 -31.2151725079313 -83.68582058657798 37.97022520308094 11.290595969076485 -38.426639626643166 -80.89153393962384 -106.98936682881595 -106.76478587412885 -78.7172939262423 -29.416903214955873 27.788472745527873 77.76048016781948 106.95515357339576 108.36093948187684 82.92082372771665 38.310255203025996 -5.300890521834225 -49.0357015451776 14.03944628279239 -6.672463326600488 -43.47758490873054 -75.19653662133736 -93.59460986354186 -90.97126405233395 -66.33249387561536 -24.77750343054848 23.0367634710617 65.30432109252767 90.90312977557471 94.59605181376415 76.99863531339554 43.70106650185576 11.197869955303473 -21.810793465536843 1.3292896641740033 -13.528480143977177 -37.95366635017081 -59.38220024074764 -71.3906934082033 -68.57153521883421 -49.860106947429806 -19.023762428290176 16.394853322833573 47.88887778335422 67.99192237845587 72.08114784584488 61.25945256859091 39.19187386310783 16.818408635205287 -4.98703521003546 -1.5982785383439693 -8.670557548126796 -19.316207227844306 -28.777916648692173 -34.03982114195064 -32.72207986014138 -23.54707987702636 -8.892385020275647 7.696298881967635 22.52327684901874 32.204637741521985 34.29982321052063 29.730988131500688 20.193598633841628 9.867038585673134 0.47149657218965685
</DataArray>
        <DataArray type="Float64" Name="Mode_6_w" NumberOfComponents="1" format="ascii">
 0.011040244839621054 0.00812302096862551 0.011040244839075633 0.008123020969391923 -0.000793190336465874 0.0015214465230986413 0.0005534358872235957 0.0003392455820294935 0.0003392455820294935 0.0007763243394285543 0.00035235813764446363 -0.00013846989887171123 -0.00011186957763901692 0.0003419589458191194 0.0006626758887180285 0.0003017329719126968 0.0003017329719126968 0.0005469992104561096 0.0018064684845455505 -0.000994444620358885 -0.0009944446144163634 0.0018064684681374414 0.0005469991621092726 0.00030173300050007995 0.00030173300050007995 0.0006626759672376612 0.0003419589624724455 -0.00011186960670801739 -0.00013846992972428403 0.0003523581493434175 0.0007763244144382671 0.0003392456108169533 0.0003392456108169533 0.0005534358321293704 0.0015214464993044024 -0.0007931903270728865 -0.0007931903360224757 0.0015214465235728945 0.0005534358868527471 0.0003392455821708753 0.0003392455821708753 0.0007763243393966833 0.000352358137597185 -0.0001384698989938942 -0.0001118695777250062 0.00034195894605032945 0.0006626758888971215 0.00030173297207396926 0.00030173297207396926 0.0005469992104762063 0.001806468484755867 -0.0009944446202926908 -0.0009944446143493374 0.001806468469014446 0.0005469991618857946 0.0003017330006479998 0.0003017330006479998 0.0006626759675584875 0.00034195896256900905 -0.00011186960655125074 -0.00013846992998960925 0.0003523581493526477 0.0007763244145001256 0.00033924561093292535 0.00033924561093292535 0.000553435832147079 0.0015214464994373217 -0.0007931903271208144 4.3010331359438725 7.03668681628329 8.538467640849817 8.563489734932396 8.563489734932396 7.606898224186228 6.370906529199255 5.551704570288285 5.555267907892233 6.324343060565039 7.411558101961179 8.110356991242902 8.110356991242902 7.8374443771176585 6.203846401721894 3.060979666647813 7.036686854088976 12.175656496895208 14.700666541254979 14.56165325141511 14.56165325141511 12.499314900293747 9.907601834993981 8.12058412671629 8.01284836174114 9.551237306896326 11.886017575698801 13.713354382383756 13.713354382383756 13.74484315617872 11.303226996168899 6.203846427093514 8.538467768270852 14.700666679621426 17.256541200738933 16.1595606962932 16.1595606962932 12.562545920324714 8.404680725906985 5.628882565516899 5.478972512380044 7.946679207296417 11.799957062729323 15.169372514708904 15.169372514708904 16.185548143149944 13.744843283668484 7.837444477533334 8.56348999812755 14.5616536272699 16.15956098500897 13.44806942766884 13.44806942766884 7.896604041868571 1.9828877898360098 -1.8446039268526473 -1.997333568260094 1.5192249561227191 7.147992535566011 12.498337875492252 12.498337875492252 15.16937279199153 13.71335473705282 8.11035721639707 8.56348999812755 14.5616536272699 16.15956098500897 13.44806942766884 13.44806942766884 7.896604041868571 1.9828877898360098 -1.8446039268526473 -1.997333568260094 1.5192249561227191 7.147992535566011 12.498337875492252 12.498337875492252 15.16937279199153 13.71335473705282 8.11035721639707 7.606898642076804 12.499315559636836 12.562546576117219 7.89660444577252 7.89660444577252 0.2972221918764392 -7.345736503317321 -12.160885695658234 -12.28968786902671 -7.729573166928671 -0.315824819807116 7.147992930059688 7.147992930059688 11.799957699247367 11.88601820955593 7.411558479238642 6.370907080505616 9.90760274583824 8.404681716290733 1.9828885768785212 1.9828885768785212 -7.3457361020988605 -16.378222614915764 -21.961446080449747 -22.043256724970473 -16.621292544591185 -7.7295727699616235 1.5192257316627729 1.5192257316627729 7.946680179574067 9.551238196300812 6.324343580316515 5.551705192550849 8.120585182860818 5.628883753033935 -1.8446029088250824 -1.8446029088250824 -12.160885046030309 -21.961445826884106 -27.949217817958132 -27.977111534251218 -22.043256472777955 -12.289687223051192 -1.9973325567721845 -1.9973325567721845 5.47897369137412 8.012849408119665 5.555268517741728 5.555268518017147 8.012849409014388 5.478973692800956 -1.997332554931654 -1.997332554931654 -12.289687221178418 -22.043256471199424 -27.97711153343022 -27.949217817889295 -21.961445827526283 -12.160885047518718 -1.8446029107068216 -1.8446029107068216 5.628883751201218 8.1205851815147 5.551705191756507 6.32434357995878 9.551238196204723 7.946680180050134 1.5192257328329954 1.5192257328329954 -7.729572768152198 -16.62129254274012 -22.04325672331401 -21.96144607943092 -16.378222614594893 -7.345736102758411 1.9828885753531382 1.9828885753531382 8.404681714560649 9.907602744483947 6.3709070796487834 7.411558478471853 11.886018208573743 11.799957698763121 7.14799293028186 7.14799293028186 -0.31582481864063217 -7.729573165160767 -12.289687867072997 -12.160885693872798 -7.345736502329557 0.2972221919783144 7.896604444866704 7.896604444866704 12.562546574660441 12.499315558410183 7.606898641352034 8.110357215261807 13.713354735343955 15.169372790374513 12.498337874743193 12.498337874743193 7.147992535722812 1.5192249574066992 -1.9973335665764074 -1.8446039249579043 1.9828877912921712 7.896604042309937 13.448069427225391 13.448069427225391 16.159560983944065 14.561653626309324 8.563489997662828 8.110357215261807 13.713354735343955 15.169372790374513 12.498337874743193 12.498337874743193 7.147992535722812 1.5192249574066992 -1.9973335665764074 -1.8446039249579043 1.9828877912921712 7.896604042309937 13.448069427225391 13.448069427225391 16.159560983944065 14.561653626309324 8.563489997662828 7.837444476328231 13.744843281671418 16.185548141083423 15.169372513152807 15.169372513152807 11.799957062155304 7.946679207672895 5.478972513567597 5.628882567117062 8.404680727310259 12.56254592085126 16.159560696066592 16.159560696066592 17.256541200258596 14.7006666790787 8.538467767989763 6.2038464260779635 11.303226994445808 13.744843154258863 13.713354380716137 13.713354380716137 11.886017574577282 9.55123730669834 8.012848362285338 8.12058412785413 9.907601836117372 12.499314900923792 14.5616532513947 14.5616532513947 14.700666541099949 12.175656496824612 7.036686854044738 3.0609796661007005 6.203846400683522 7.837444375937025 8.110356990107014 8.110356990107014 7.411558101074631 6.324343060252129 5.555267908044849 5.551704570949821 6.370906529943882 7.606898224683792 8.563489735092729 8.563489735092729 8.538467640812167 7.036686816314227 4.301033135976626
</DataArray>
        <DataArray type="Float64" Name="Mode_6_phi1" NumberOfComponents="1" format="ascii">
 1.5750582039475962 -22.484551700897693 -1.5750582039907208 22.484551704946306 23.399083905808148 9.077684323704073 7.509233809616553 0.9105776697922437 -2.863523514062323 -4.8994819002579035 -4.5795354505073265 -2.3906813490467096 0.7287590574174995 3.43367580743313 4.611299125328561 3.1496762167163195 -0.23277782681028406 -4.336060430314031 -11.610585976460959 -10.681852505839052 -48.69529457935182 -94.77649924193186 -117.17773531815293 -125.01909260475793 -119.76799263201367 -107.21176901604876 -94.4518742349776 -87.74643487472369 -90.30435835980883 -101.67049198621162 -117.4140252358206 -130.06921124410695 -133.1546777419139 -118.29373644601125 -92.41231503346322 -37.091774383707026 -23.399083905830175 -9.077684323398326 -7.509233808612139 -0.9105776692384513 2.8635235152400162 4.899481901208206 4.579535450794138 2.3906813482079907 -0.7287590602476637 -3.433675810253839 -4.611299126712182 -3.149676218524809 0.2327778263423077 4.33606043059991 11.610585978050917 10.681852507460372 48.69529458827762 94.7764992576478 117.17773533629182 125.0190926230274 119.76799264808776 107.21176902555499 94.45187423758368 87.7464348701273 90.30435834942408 101.67049197501973 117.41402522795983 130.0692112405701 133.15467774218257 118.29373644634711 92.41231503320881 37.09177438361981 50.30401148672135 91.94187139575622 113.07239575483531 119.01074075953821 111.58813513883217 96.59192846817976 81.48117460517463 72.37309001734951 72.52979644167738 81.47047888148987 95.12304128537542 106.84224926044172 110.45879849675403 100.4021657312623 74.86602867161913 33.9596596883595 27.893356347905467 60.73768128282529 75.77069785628929 78.24325375042908 68.16733482270773 51.1133070891883 33.52982970158335 21.826081429340178 20.043005191223916 28.557991326794866 44.16438602310371 61.22726405928959 72.83812062535522 73.36512514637214 63.753285337582 32.97540220502157 17.04126349236868 30.48570320098129 31.641543267801378 22.098911215099456 3.9165777789758613 -17.77156224366627 -37.06727507553499 -48.427074140853954 -48.75454380363791 -37.99598137138512 -19.378004527873042 1.6038035983934829 19.293123657681825 27.795869604431733 26.953795123840806 14.026273226210856 0.4651721989715873 -2.107818459912906 -11.94780974778265 -30.357495963269837 -54.3842523123241 -79.80709142083187 -100.99050294152026 -113.10237763826508 -113.19608222218734 -101.24125473266932 -80.03821282054312 -54.52052183193239 -30.236690758653616 -11.787563662008537 -0.8831208764317617 1.3811697348095047 -10.141678678949695 -25.437803372042616 -43.445764733455306 -67.20293520665298 -94.07949120242056 -120.13270778275843 -140.90397616960888 -152.26027438699535 -151.86737786459264 -139.7212289441589 -118.25028080044942 -91.57536788810651 -64.43454716498802 -40.87476471832384 -22.89052924430732 -8.88068621317106 -14.935792668309537 -34.8364469886067 -54.80966664971179 -78.44140425756314 -103.00254123167845 -125.86691053651538 -143.3885672173775 -152.64476862049898 -151.86765016762513 -141.105844073996 -122.2592777045478 -98.51180544002571 -73.57474029772816 -50.37842116019328 -31.203032548524583 -13.293084156333913 -12.803794401098942 -29.339700498569233 -45.15882223787803 -62.383246695282914 -79.7066532570216 -95.17843648251423 -106.70283621704719 -112.45461477668829 -111.41706966906557 -103.67040198136775 -90.45090883026559 -73.84455340146495 -56.20676635418949 -39.39910008034382 -25.201812578388772 -10.840557396480126 -5.642562485891301 -12.613452572757478 -19.128739111323906 -25.64856716545505 -31.738573003526334 -36.85776633061918 -40.28953685646588 -41.55168713168313 -40.37748633059341 -36.86959242268693 -31.541681139823073 -25.19381361367621 -18.770385164145384 -12.787791410908683 -8.193825124211031 -3.446920408321259 3.44692040189562 8.193825113930911 12.787791400410438 18.77038515683515 25.19381361131687 31.541681145708022 36.86959243250358 40.37748634311134 41.55168714615243 40.28953687110415 36.85776634109092 31.738573009128608 25.64856716517806 19.128739109035045 12.613452568477342 5.642562482950805 10.840557389453163 25.20181256468532 39.399100065135244 56.206766341052194 73.84455339365093 90.45090882765345 103.67040198570751 111.41706967963738 112.45461479030435 106.70283623121104 95.17843649538669 79.70665326641966 62.38324670067295 45.15882224026135 29.33970049962422 12.803794401701422 13.293084151701077 31.203032537764805 50.37842114683756 73.5747402827961 98.51180542723345 122.2592776964597 141.1058440725217 151.867650171817 152.64476862925363 143.38856722709022 125.86691054708571 103.00254124156932 78.44140426462285 54.809666653376844 34.83644699118262 14.935792670154406 8.880686208643171 22.89052923462394 40.874764703447404 64.43454714976738 91.57536787296654 118.2502807884761 139.72122893688044 151.86737786081588 152.26027438801486 140.9039761751316 120.13270778854324 94.07949120812755 67.20293521277581 43.44576473883215 25.437803376962595 10.14167868200192 -1.3811697360255202 0.883120872753716 11.787563655907025 30.23669074913725 54.520521820494274 80.03821280897702 101.24125472098959 113.19608221491889 113.1023776345388 100.99050294024717 79.80709142140442 54.38425231484871 30.35749596933313 11.947809755687597 2.1078184653759426 -0.4651721967811833 -14.026273224879578 -26.953795121298093 -27.79586960282411 -19.29312365924174 -1.6038036036594354 19.378004518278605 37.99598136220717 48.754543794768104 48.427074133758154 37.06727507138386 17.771562243338927 -3.9165777763441576 -22.098911210834636 -31.64154326186746 -30.485703194522074 -17.04126348922539 -32.97540220034237 -63.7532853291322 -73.36512513792213 -72.83812061820326 -61.22726405668855 -44.164386023668726 -28.557991331136375 -20.043005197867817 -21.8260814359506 -33.52982970642853 -51.113307090690675 -68.1673348210322 -78.24325374694774 -75.77069785318716 -60.73768128029875 -27.89335634664563 -33.95965968289849 -74.86602865976592 -100.40216571611536 -110.45879848185002 -106.84224924716308 -95.12304127627219 -81.47047887868426 -72.52979644420802 -72.3730900244027 -81.48117461410135 -96.59192847519003 -111.58813514150323 -119.01074075970921 -113.07239575378216 -91.94187139519127 -50.304011486523684
</DataArray>
        <DataArray type="Float64" Name="Mode_6_phi2" NumberOfComponents="1" format="ascii">
 1.575058201743211 22.484551702746458 -1.5750582017233572 -22.484551706810464 37.091774416966494 92.41231538119133 118.29373766261807 133.1546804233845 130.0692158329606 117.41403186902885 101.67050038158013 90.30436780009379 87.7464444142301 94.45188291950177 107.21177607928027 119.76799767676212 125.01909568884622 117.17773682921232 94.77649976001587 48.695294669618086 10.681852445101084 11.610585767996957 4.336060034124242 0.2327772679191699 -3.1496768586496673 -4.611299730235799 -3.4336762144535657 -0.7287591775884825 2.3906815370289407 4.579535905974142 4.899482513702351 2.8635241502364415 -0.910577127113455 -7.5092334396615685 -9.077684150668398 -23.399083889537952 -37.09177441730729 -92.41231538168299 -118.29373766052925 -133.15468041838307 -130.06921582540684 -117.41403185758624 -101.67050036815735 -90.3043677871016 -87.74644440730484 -94.45188292164875 -107.2117760885148 -119.76799769051343 -125.01909570672196 -117.17773684690339 -94.77649977531088 -48.69529467798316 -10.681852446850337 -11.610585769511967 -4.336060034317036 -0.23277726760557058 3.1496768597425717 4.611299733088494 3.4336762161836845 0.7287591802803665 -2.3906815360652507 -4.579535906459273 -4.899482514986428 -2.8635241515175536 0.9105771262694538 7.50923344024575 9.077684150668407 23.39908388930453 50.304011461315454 27.893355823629918 17.041262420761456 0.4651706226529555 -10.141680498460637 -14.93579437561782 -12.803795593876398 -5.6425628906365315 3.4469208773988163 10.840558640715654 13.293085889762725 8.880688015326037 -1.381168209547925 -14.026272201669968 -32.97540174533477 -33.95965960376293 91.94187165998001 60.73768038944316 30.485701120634467 -2.1078217085894684 -25.437807195474274 -34.83645059225206 -29.339703034408736 -12.61345343610611 8.19382612870111 25.20181521401246 31.203036179372997 22.8905330247687 0.8831240233113217 -26.953793110677406 -63.753284620354584 -74.86602874207144 113.07239691180925 75.77069726176384 31.641540947733432 -11.947813832489903 -43.4457697510045 -54.80967146930153 -45.15882569771866 -19.128740326946573 12.787792720929382 39.39910358896892 50.37842597618886 40.874769674634834 11.787567647132859 -27.795867298130926 -73.36512479289085 -100.40216647588386 119.01074336065602 78.2432540321321 22.098909181974676 -30.357500362679573 -67.2029409548616 -78.44140993215939 -62.38325081767846 -25.648568634102162 18.770386722679863 56.206770519243975 73.57474595170633 64.43455283128912 30.2366950466015 -19.293121619579765 -72.83812122380529 -110.45880050992 111.58813957804344 68.16733647946211 3.916576539277365 -54.38425648780472 -94.07949716277355 -103.0025473317322 -79.70665777152689 -31.738574639195924 25.19381530148991 73.84455792818933 98.51181149947712 91.57537376363095 54.52052589910405 -1.6038023199431295 -61.22726605479079 -106.8422530057734 96.5919347718791 51.113310283408985 -17.771562469806515 -79.80709506743995 -120.13271362602127 -125.86691675783938 -95.17844117835962 -36.85776805850917 31.541682887097434 90.45091351387954 122.25928387662134 118.25028656647353 80.03821637490161 19.378004815928023 -44.16438952848766 -95.12304691075767 81.48118236866475 33.529834249248644 -37.06727439239961 -100.99050601231092 -140.9039817595858 -143.38857339456848 -106.70284095722337 -40.28953862178792 36.86959418447352 103.6704066997451 141.1058502093311 139.72123447637574 101.24125774486069 37.99598073852276 -28.557996078663223 -81.47048616138294 72.37309851041056 21.82608680117511 -48.427072932270974 -113.10238033813823 -152.26027977851436 -152.64477472609275 -112.45461950982072 -41.55168890535075 40.37748809267909 111.41707438625639 151.86765625185774 151.8673832331622 113.19608490532433 48.75454261557107 -20.0430106256435 -72.5298047563138 72.52980476078088 20.04301063496921 -48.75454260822308 -113.1960848994327 -151.86738323183488 -151.86765625560764 -111.41707439473824 -40.377488103419424 41.55168889397318 112.45461949984433 152.64477471538623 152.26027977388185 113.10238033919823 48.42707293898088 -21.82608679273564 -72.37309850142199 81.47048616015036 28.557996084997193 -37.995980729935496 -101.24125773541482 -139.72123446787967 -141.10585020710982 -103.67040670324069 -36.86959419160789 40.28953861202486 106.70284094574401 143.38857338082522 140.903981749125 100.99050600941987 37.0672743978871 -33.52983424260522 -81.48118235738542 95.12304690370772 44.16438952970809 -19.37800480713442 -80.03821636434537 -118.25028655276307 -122.25928386912939 -90.45091350988297 -31.541682889707694 36.857768051932354 95.17844116554558 125.866916744247 120.13271361211885 79.80709506074312 17.771562472885368 -51.11331027707219 -96.59193476105247 106.84225299319118 61.22726605175197 1.603802324596561 -54.52052588657424 -91.57537374966081 -98.51181148493558 -73.84455792001489 -25.193815298948948 31.738574636045925 79.7066577612483 103.00254731678692 94.07949714935586 54.38425647843581 -3.91657653799316 -68.16733647313357 -111.5881395687207 110.4588004950708 72.83812121598436 19.29312162161988 -30.23669503560198 -64.43455281775266 -73.57474593419694 -56.206770509307006 -18.770386714973064 25.64856863499135 62.38325080977235 78.44140991708592 67.20294094308268 30.357500355820203 -22.09890918214585 -78.24325402727547 -119.010743354533 100.40216646092868 73.36512478415244 27.795867297772684 -11.787567640501072 -40.87476966246507 -50.378425962401046 -39.39910357562001 -12.787792711697964 19.12874033083131 45.15882569212448 54.809671457929035 43.445769740501035 11.94781382953654 -31.641540948386783 -75.77069725918776 -113.07239690889084 74.86602873045837 63.75328461185963 26.953793109117836 -0.8831240199649909 -22.89053301813673 -31.20303616681398 -25.201815202854664 -8.193826119023935 12.613453441693993 29.339703031699866 34.836450584557824 25.437807187091494 2.107821706116124 -30.485701119851974 -60.73768038878108 -91.9418716593105 33.959659598286315 32.97540174071032 14.026272200774788 1.381168210468654 -8.880688012675195 -13.293085882964371 -10.840558635372942 -3.44692087146667 5.642562894006838 12.803795592891856 14.935794372035677 10.141680494562092 -0.4651706246768212 -17.04126242001435 -27.893355823640412 -50.30401146172515
</DataArray>
        <DataArray type="Float64" Name="Mode_7_w" NumberOfComponents="1" format="ascii">
 -2.421629190581683e-10 0.016460179559937033 2.430578723656056e-10 -0.016460179557236516 0.00020619974868030277 -0.0005422811751912839 -0.0011234050980589204 0.00042652405039840464 0.00042652405039840464 0.0006527517467859833 -0.00039688033600626546 -0.000761043410701312 -0.0005537506788642715 0.0015230984335758706 0.0033412104352384285 0.001215030888216491 0.001215030888216491 0.0003874460145804546 0.0034736893691546065 -0.0018896420482835473 -0.0018896420451498504 0.0034736893599467437 0.0003874459898383788 0.0012150308996124195 0.0012150308996124195 0.003341210456681954 0.0015230984277903596 -0.000553750696597897 -0.000761043426230266 -0.000396880302690254 0.0006527518290619785 0.0004265240805436591 0.0004265240805436591 -0.0011234050940697432 -0.0005422811149761336 0.00020619971819381237 -0.00020619974881572604 0.0005422811757736913 0.0011234050978926357 -0.0004265240502139118 -0.0004265240502139118 -0.0006527517467347069 0.00039688033602122897 0.0007610434106544757 0.0005537506793956028 -0.0015230984337577355 -0.003341210435311762 -0.0012150308883814183 -0.0012150308883814183 -0.0003874460147462431 -0.0034736893688158098 0.0018896420478217379 0.0018896420443741226 -0.003473689360490889 -0.00038744598940335573 -0.001215030899479338 -0.001215030899479338 -0.003341210456355721 -0.0015230984276156487 0.0005537506958689215 0.0007610434261330419 0.00039688030274888164 -0.0006527518290212252 -0.00042652408056200874 -0.00042652408056200874 0.001123405094182269 0.0005422811150050279 -0.00020619971821390053 -9.466344261954418e-8 0.8526989163911394 2.749704707553698 5.329503504896575 5.329503504896575 7.6649730529476 8.587953074912512 7.178962236431776 3.3193546083319125 -2.3723571636606815 -8.396830556661618 -12.846790230256547 -12.846790230256547 -14.373255422881073 -12.214683967941113 -6.218664685948121 -0.852699213442749 -2.50085361818717e-7 2.95077851065686 7.589196955161338 7.589196955161338 12.221972605378436 14.710760317601585 13.285135423080364 7.272683920855243 -2.2117875411290258 -12.709814648848562 -21.055741663757072 -21.055741663757072 -24.414896811433884 -21.513973863085386 -12.214683982215261 -2.749705037062208 -2.9507790714426414 -3.1209988888482693e-7 5.73164085204526 5.73164085204526 12.181106907256567 16.508795342283914 16.31102643086505 10.438137566491694 -0.0914449656732548 -12.342954200786068 -22.55539711338404 -22.55539711338404 -27.20948776388642 -24.41489687870559 -14.373255477114373 -5.329503779469312 -7.58919742902699 -5.731641367122595 -2.0070955493281396e-7 -2.0070955493281396e-7 7.540050925562368 13.819941016553699 16.008600135940483 12.50535242656668 3.8656387715607305 -7.292102839337626 -17.28607997014065 -17.28607997014065 -22.555397247977698 -21.055741840249453 -12.846790344570264 -5.329503779469312 -7.58919742902699 -5.731641367122595 -2.0070955493281396e-7 -2.0070955493281396e-7 7.540050925562368 13.819941016553699 16.008600135940483 12.50535242656668 3.8656387715607305 -7.292102839337626 -17.28607997014065 -17.28607997014065 -22.555397247977698 -21.055741840249453 -12.846790344570264 -7.6649732086887035 -12.221972877135627 -12.181107183769932 -7.5400511018365695 -7.5400511018365695 -4.405387901561219e-9 7.6276181582637514 12.52598613890767 12.754838619108753 8.176215633292918 0.5566619164558868 -7.2921030160064495 -7.2921030160064495 -12.342954488145493 -12.709814937840164 -8.396830731366494 -8.587953085596771 -14.710760341281603 -16.508795332106676 -13.819940936003304 -13.819940936003304 -7.627617995547617 1.1032155532947153e-7 6.736589514409946 10.665145700427278 10.943129238696477 8.176215459290889 3.865638449270674 3.865638449270674 -0.09144535775283626 -2.2117878951002976 -2.3723573722092413 -7.178962120086563 -13.285135226128572 -16.311026175618434 -16.008599852629235 -16.008599852629235 -12.525985866130027 -6.736589294307643 6.285338134893535e-8 6.220604847979362 10.66514555539753 12.754838340046886 12.505352056489018 12.505352056489018 10.43813717588674 7.272683591510919 3.31935441674749 -3.319354415711554 -7.272683590336133 -10.438137175640101 -12.50535205747767 -12.50535205747767 -12.754838341841307 -10.665145557728003 -6.2206048506429665 -6.548337264577285e-8 6.73658929200048 12.525985864511876 16.00859985177079 16.00859985177079 16.311026175758716 13.285135226919627 7.17896212078308 2.3723573733201695 2.2117878965867317 0.09144535842341986 -3.865638449591062 -3.865638449591062 -8.176215460476781 -10.943129240295885 -10.665145702205207 -6.736589516044011 -1.117505586737229e-7 7.6276179947283245 13.819940935803922 13.819940935803922 16.508795332508907 14.710760342101992 8.587953086209113 8.396830732303131 12.709814939404097 12.342954489403098 7.292103016554975 7.292103016554975 -0.5566619164482366 -8.176215633708559 -12.754838619612334 -12.525986139402136 -7.627618158728804 4.3152839782179915e-9 7.540051102335558 7.540051102335558 12.18110718463989 12.221972878194274 7.664973209448861 12.846790345196277 21.05574184170873 22.555397249760013 17.286079971714965 17.286079971714965 7.292102840367909 -3.8656387710217155 -12.505352426115078 -16.008600135500732 -13.819941016157626 -7.540050925174661 2.0156978029197995e-7 2.0156978029197995e-7 5.7316413682844765 7.589197430190536 5.329503780321766 12.846790345196277 21.05574184170873 22.555397249760013 17.286079971714965 17.286079971714965 7.292102840367909 -3.8656387710217155 -12.505352426115078 -16.008600135500732 -13.819941016157626 -7.540050925174661 2.0156978029197995e-7 2.0156978029197995e-7 5.7316413682844765 7.589197430190536 5.329503780321766 14.373255477727302 24.414896880182802 27.209487766011183 22.555397115395863 22.555397115395863 12.342954202196962 0.09144496645045296 -10.43813756590951 -16.311026430084436 -16.508795341388375 -12.181106906430028 -5.731640851072508 -5.731640851072508 3.132684829224118e-7 2.950779072580879 2.7497050378067884 12.214683982921521 21.51397386463793 24.414896813462867 21.055741665526636 21.055741665526636 12.709814649732984 2.2117875414368373 -7.272683920620326 -13.285135422468391 -14.710760316703944 -12.221972604516552 -7.589196954301014 -7.589196954301014 -2.950778509796965 2.509528117090572e-7 0.8526992140935766 6.218664686383874 12.214683968972722 14.37325542423348 12.846790231378002 12.846790231378002 8.396830557102263 2.3723571635793563 -3.3193546084590095 -7.178962236164042 -8.587953074469025 -7.6649730524443225 -5.329503504437274 -5.329503504437274 -2.7497047071249234 -0.8526989160793574 9.500726699206501e-8
</DataArray>
        <DataArray type="Float64" Name="Mode_7_phi1" NumberOfComponents="1" format="ascii">
 -0.057670371034114994 -46.29657657094912 -0.05767037119188185 -46.29657656746888 -0.3661073781436955 -3.9442346828446664 -7.9187597271451455 -10.627757279073998 -10.506956053867317 -6.739731885388761 0.46782761157303426 9.617871047321124 18.2281287757329 24.81690498388241 25.92585511994486 19.837159542630786 9.390647855307778 -2.50260394868509 -20.603385039342516 -21.00248130226164 -98.8547998971577 -186.9504607404428 -217.14895142092354 -206.53260952199943 -157.63877380159724 -83.04593949232572 -1.278583428343102 68.44019048938728 114.05045443239821 130.6207332380871 119.72656368992392 90.98360720993693 56.589442020754525 26.83422647458481 7.89654592764535 0.7729763995371967 -0.3661073801420739 -3.9442346841014193 -7.918759727358423 -10.627757279876286 -10.50695605373716 -6.739731884720891 0.4678276118478818 9.617871046507773 18.228128774013143 24.81690498386416 25.925855120722872 19.837159544368717 9.39064785569125 -2.50260394920373 -20.603385038873288 -21.002481301185178 -98.8547998897575 -186.95046072321963 -217.1489514001962 -206.53260950323704 -157.6387737912319 -83.04593949098498 -1.2785834314367848 68.44019048901488 114.05045443711835 130.62073324490828 119.72656369795388 90.98360721723385 56.58944202776271 26.834226479210827 7.8965459329032095 0.7729764024030172 -0.5704780498214638 5.816518917321063 24.733980709009675 53.09362332797938 84.67497434982444 108.41930086161541 113.44430759744971 93.37317559627506 47.03744291418265 -19.05575402018943 -91.09807518342143 -152.09098460355426 -187.81775948232294 -186.53107415532003 -145.31897467300178 -67.10400996847727 -11.726514638791004 -19.87935320208395 -13.388380419069568 4.921246665652652 31.83264279858082 58.879259236450004 77.13235650075266 77.95769722958366 57.689476946986574 19.510657656147103 -29.176049684077203 -77.5574547136143 -112.23829764041601 -122.94724325882692 -112.43554045551971 -59.466835540626896 -22.605577839617773 -43.85479222238067 -49.045316535968475 -42.970924342626226 -25.761645649843913 -3.0008079676628814 19.057462991788856 34.74927976198921 39.99177741554148 33.65147238987889 18.801416977723477 0.5191862590647951 -16.211492745714356 -24.285554341430267 -24.471356244879104 -12.629544513699306 -30.33119778704162 -63.05375005075823 -80.43535141882246 -87.02806159709588 -80.58401736749956 -62.59230798950948 -35.86247194778635 -4.779897954486992 26.13919473697216 52.48591602060093 70.67619845478272 78.99890167448511 77.42064555897656 66.41538572573617 47.81161259951631 22.338135606395298 -29.33498552501574 -63.48009819649363 -87.76468043480146 -105.26531656940965 -111.49583925135832 -104.08133197757601 -81.46039777681726 -44.630017553803754 2.3571356814016697 52.93338153424842 99.14183502976817 132.589560794274 147.01725988162258 138.7017947498155 109.22330108130936 52.70578591648809 -17.755742120179697 -41.450845505964615 -65.09824930310305 -88.97843667912782 -108.11484893760364 -115.6505647783016 -105.73234374517298 -75.38354756812352 -26.208247096670256 34.894925607054276 97.13130984876213 147.82270133625033 175.86485449362908 172.85553410212717 141.0328796332932 69.97187077380275 3.7101139006119435 1.4980960336591636 -14.462707820924415 -39.47239449493618 -69.56955340445518 -94.74957090977928 -104.74974820966324 -92.21942317227139 -55.37571165255122 0.6945025031695976 64.87749080638714 122.45825763559795 159.4183467740782 164.42116859403308 138.38748875479604 69.38879183627908 29.383828235652306 54.88956415868356 53.35111816487933 32.05417165728526 -5.606642590371699 -47.558209058452036 -80.58212811742233 -93.17097706413595 -79.59162381856655 -41.72438027087266 11.248923230789975 65.17404323099957 105.45744041598365 119.15828183618262 105.63935664614203 53.51197314910394 53.51197315242604 105.63935665133702 119.15828184049538 105.45744041892932 65.1740432344305 11.248923234428878 -41.724380265964314 -79.59162381255393 -93.17097705725874 -80.58212811046653 -47.55820905107452 -5.606642583238339 32.05417166129531 53.35111816407579 54.88956415527083 29.383828233212338 69.38879183666769 138.3874887574977 164.42116860005189 159.41834678472955 122.4582576473089 64.87749081958164 0.6945025176496208 -55.37571163612053 -92.21942315543872 -104.74974819455736 -94.74957089666367 -69.56955339333005 -39.4723944870361 -14.462707816745516 1.4980960353717245 3.7101139011312982 69.97187077204374 141.03287963297706 172.855534108089 175.8648545047786 147.82270135275004 97.13130986729728 34.894925625713746 -26.208247078198603 -75.38354755155486 -105.7323437310384 -115.65056476691727 -108.11484892807773 -88.97843667100632 -65.09824929766415 -41.45084550260567 -17.75574211846486 52.70578591331933 109.22330107931614 138.70179475441512 147.01725989417463 132.5895608096902 99.14183504422705 52.93338154818896 2.357135694954484 -44.63001754050253 -81.46039776471 -104.08133196931787 -111.49583924607309 -105.26531656531031 -87.76468043243456 -63.4800981951742 -29.334985524292453 22.33813560614386 47.81161260017324 66.41538572959003 77.42064556571162 78.99890168148163 70.67619846074456 52.4859160242419 26.139194739758153 -4.779897949724855 -35.862471940940985 -62.59230798280598 -80.58401736368442 -87.02806159635396 -80.43535141900672 -63.05375005190882 -30.331197788374702 -12.629544512246776 -24.471356242561555 -24.285554340475414 -16.211492747171107 0.5191862544956769 18.8014169704553 33.65147238354542 39.99177741142056 34.74927976043976 19.05746299251027 -3.0008079662766733 -25.76164565016702 -42.97092434532027 -49.04531654009334 -43.854792225501555 -22.605577840672794 -59.4668355424925 -112.4355404602253 -122.94724326583811 -112.23829764831356 -77.55745472173669 -29.176049690977656 19.510657649365267 57.68947694063415 77.95769722423452 77.13235649550464 58.87925923129508 31.832642793814784 4.921246659595833 -13.388380425789885 -19.879353209158573 -11.726514642244657 -67.10400997262072 -145.31897468329964 -186.53107417068 -187.8177594989724 -152.09098461597168 -91.09807518967727 -19.055754021850635 47.03744291361168 93.37317559286433 113.44430759065774 108.41930085449128 84.67497434225794 53.09362332110925 24.733980701738197 5.816518911601735 -0.5704780535419479
</DataArray>
        <DataArray type="Float64" Name="Mode_7_phi2" NumberOfComponents="1" format="ascii">
 0.05767030258653146 46.296576572148915 0.057670302537331845 46.29657656868838 -0.7729780455455709 -7.896549936634174 -26.83423131614289 -56.589446939592165 -90.98361114118516 -119.7265659701899 -130.62073356791097 -114.05045299698669 -68.44018783235131 1.2785866157707797 83.04594254328967 157.63877621553038 206.532611098931 217.1489522283462 186.95046102521232 98.85479994790745 21.00248126833671 20.60338492646572 2.5026037448001297 -9.390648117611066 -19.837159794619083 -25.925855268058804 -24.816904930993736 -18.22812850134676 -9.617870565424639 -0.46782701124820053 6.739732471524916 10.506956484586167 10.62775746235072 7.918759532660274 3.9442343384820493 0.36610633756705435 -0.7729780488115677 -7.896549945370236 -26.834231327402268 -56.58944695184645 -90.98361115477552 -119.72656598214863 -130.62073357790592 -114.05045300765451 -68.44018784731992 1.2785865977886854 83.04594252646307 157.6387762022758 206.53261108942164 217.14895221853902 186.95046101441122 98.85479994119665 21.002481266191026 20.603384923970033 2.502603744243623 -9.390648116095525 -19.837159791496838 -25.925855265771595 -24.816904930639595 -18.22812850338937 -9.617870566361388 -0.4678270117022449 6.739732471498012 10.506956484889614 10.627757462429576 7.918759533639172 3.944234337541479 0.3661063395257083 0.5704758786192685 11.72651359509364 22.60557749592189 30.331198394644233 29.334986812046914 17.755743781882156 -3.710112274379363 -29.383826996497945 -53.51197250043058 -69.38879180273958 -69.97187124310268 -52.705786640168526 -22.33813633137145 12.629543978608554 59.46683528701768 67.10400991977562 -5.816522744743443 19.8793509208303 43.85479165769626 63.05375128836404 63.48010083962151 41.450848861398725 -1.498092781447918 -54.88956172263934 -105.63935543349977 -138.38748882320982 -141.0328806922112 -109.22330263583092 -47.81161410631534 24.471355193165973 112.43554005966126 145.31897470915186 -24.73398512174866 13.388377633605055 49.04531595911303 80.43535298914796 87.76468369986232 65.09825337198187 14.46271169788266 -53.35111536175724 -119.15828060651477 -164.42116897905035 -172.85553568799602 -138.70179686660632 -66.41538765128739 24.28555313782593 122.94724305141779 186.5310745518418 -53.09362743765351 -4.921249369350316 42.97092398259663 87.02806336288417 105.26531997414287 88.97844078987185 39.47239824159481 -32.05416916173869 -105.45743965468175 -159.41834772150318 -175.86485662854662 -147.01726240574433 -77.42064764216877 16.211491681504874 112.23829790409323 187.81776051522272 -84.67497736049543 -31.83264483335855 25.761645654357388 80.58401908473134 111.49584224507119 108.11485234490189 69.56955628141483 5.60664416784248 -65.17404330719647 -122.45825924600484 -147.82270389381907 -132.58956346220498 -78.99890360928524 -0.5191869208899835 77.55745561568276 152.0909864137796 -108.41930226076273 -58.87926023596248 3.000808380617826 62.59230944327782 104.0813341278389 115.65056696391687 94.74957243540726 47.558209399225746 -11.248924252676249 -64.87749297330099 -97.13131257164046 -99.14183753091224 -70.67619998689713 -18.801417100070793 29.17605117782537 91.09807767454662 -113.44430729268542 -77.13235635521201 -19.057462253655423 35.862472942543356 81.46039881938405 105.73234446018269 104.74974824096259 80.58212724017153 41.72437850109115 -0.694504890670538 -34.894928105820036 -52.93338353245971 -52.48591696866457 -33.651471987561216 -19.510655836255935 19.05575684582121 -93.37317387400758 -77.95769610252356 -34.74927889652102 4.779898347248458 44.630017421633326 75.38354686746892 92.21942190881425 93.1709753182699 79.5916217642056 55.37570955162499 26.20824528431345 -2.3571368623685083 -26.139195007988683 -39.99177665404892 -57.689475225974206 -47.037440325998595 -47.03744031443071 -57.689475227623916 -39.991776668857504 -26.13919502567861 -2.3571368748713386 26.20824527493551 55.375709545657735 79.59162176217613 93.17097532128432 92.2194219151348 75.38354687842133 44.630017433146584 4.779898362778179 -34.74927888525084 -77.95769610104612 -93.37317388314483 19.055756858755398 -19.510655835563394 -33.65147200194553 -52.48591698382899 -52.9333835451545 -34.89492811329241 -0.6945048952537393 41.724378500868184 80.58212724291245 104.74974824611094 105.73234447056974 81.46039882944312 35.862472953052105 -19.057462245931596 -77.1323563555029 -113.44430730032845 91.09807768739809 29.17605118252009 -18.801417108605737 -70.67619999827133 -99.1418375407096 -97.1313125779317 -64.87749297650205 -11.248924252002164 47.55820939999184 94.74957243839178 115.65056697142427 104.08133413705136 62.59230944993948 3.000808385464278 -58.87926023816471 -108.41930226905053 152.09098642510023 77.55745562516222 -0.5191869216737138 -78.99890361507602 -132.58956346903463 -147.8227039012555 -122.45825924832823 -65.17404330721023 5.606644167451188 69.56955628232639 108.11485234793707 111.49584225354465 80.58401908965979 25.761645656394286 -31.83264483636147 -84.67497737007623 187.817760526715 112.23829791633887 16.211491687782363 -77.42064764429458 -147.01726241329442 -175.8648566370537 -159.4183477249569 -105.45743965466681 -32.05416916026452 39.47239824158215 88.9784407902479 105.26531997953143 87.02806336667783 42.97092398296244 -4.921249372771402 -53.09362744822579 186.53107456400502 122.94724306459429 24.28555314508015 -66.41538765388243 -138.7017968764956 -172.85553569794791 -164.42116898292812 -119.15828060438375 -53.35111535763862 14.462711699701497 65.09825337116708 87.76468370187645 80.43535299094977 49.04531595931979 13.388377630117475 -24.733985130731533 145.31897472028805 112.43554007154427 24.47135519830453 -47.8116141103738 -109.22330264835287 -141.03288070177027 -138.38748882648287 -105.63935542960544 -54.88956171628075 -1.4980927793851784 41.45084886123796 63.48010083963071 63.053751288459964 43.85479165719964 19.879350919317275 -5.816522751349882 67.10400992561812 59.46683529350564 12.62954398083069 -22.338136334419264 -52.70578664794706 -69.97187124905992 -69.3887918045688 -53.51197249706578 -29.383826992815735 -3.7101122731926317 17.755743782309416 29.3349868116142 30.331198394650762 22.605577494586026 11.726513595661194 0.5704758750889802
</DataArray>
        <DataArray type="Float64" Name="Mode_8_w" NumberOfComponents="1" format="ascii">
 -0.0210629462399981 -1.8970460793844132e-10 0.0210629462393407 1.8971610743725354e-10 0.0013234281528160677 -0.0026174923983660623 -0.00017208489719972947 -0.0013135829572917582 -0.0013135829572917582 -0.0035661109811803444 -0.001450386285173513 0.0006924137684697627 0.0007972598543345555 0.00023466439772033018 -0.0009305371409062059 -0.000490587477527461 -0.000490587477527461 0.0010678925300590856 0.0004022395077060206 -0.00014679027902795512 0.00014679032245712353 -0.0004022395876365176 -0.0010678925388585097 0.0004905874496182453 0.0004905874496182453 0.0009305370637353497 -0.00023466443274266954 -0.0007972598417226302 -0.0006924137517076348 0.0014503862945982892 0.003566110966180963 0.0013135829475313134 0.0013135829475313134 0.00017208492308747863 0.0026174924107269797 -0.001323428156972277 -0.001323428152021143 0.002617492399170919 0.00017208489691004615 0.0013135829572941836 0.0013135829572941836 0.0035661109808794176 0.001450386284879874 -0.000692413768046339 -0.0007972598542916287 -0.00023466439771124497 0.0009305371409427233 0.0004905874775405887 0.0004905874775405887 -0.001067892529880996 -0.00040223950753157225 0.0001467902789270455 -0.00014679032260461888 0.00040223958796630497 0.0010678925387155997 -0.0004905874495097582 -0.0004905874495097582 -0.0009305370637185486 0.00023466443283809668 0.0007972598416531209 0.0006924137522776628 -0.0014503862948009242 -0.003566110966096188 -0.0013135829475568676 -0.0013135829475568676 -0.00017208492332156948 -0.002617492410932758 0.0013234281571651925 -8.233634096882776 -12.912502312968783 -14.323582657718744 -11.939691589498294 -11.939691589498294 -6.779602728131345 -0.48261470809339824 5.026946385721331 8.330455051535125 9.05994706495579 7.5720305759181965 4.930202186170423 4.930202186170423 2.3254722147376063 0.6101397079606664 7.16551954152581e-8 -12.912502293246499 -21.740433409438474 -24.375461330120945 -20.600191341901585 -20.600191341901585 -11.824135926203256 -1.0559258586513478 8.516040901926386 14.30184138102054 15.36445909339111 12.526411188666732 7.626619229016732 7.626619229016732 2.8934013292302634 2.4810930200464907e-7 -0.6101394262933092 -14.323582594054152 -24.375461261844272 -27.132320026864456 -22.389594922647174 -22.389594922647174 -12.022802289464801 0.427974059091054 11.06510333461145 16.935549878818488 16.99878862564598 12.447814039547431 5.820755639804835 5.820755639804835 3.1389279673753307e-7 -2.8934007661263124 -2.325471883238821 -11.939691466148695 -20.60019116628507 -22.3895947900186 -17.44687637014689 -17.44687637014689 -7.652462106664771 3.5093570576044413 12.31938495500178 16.03459750697949 13.962975766977111 7.6497236652541885 1.9970368208013232e-7 1.9970368208013232e-7 -5.820755119215953 -7.6266187432499395 -4.93020188991836 -11.939691466148695 -20.60019116628507 -22.3895947900186 -17.44687637014689 -17.44687637014689 -7.652462106664771 3.5093570576044413 12.31938495500178 16.03459750697949 13.962975766977111 7.6497236652541885 1.9970368208013232e-7 1.9970368208013232e-7 -5.820755119215953 -7.6266187432499395 -4.93020188991836 -6.779602550795011 -11.824135643520053 -12.022802007761333 -7.652461932352457 -7.652461932352457 -0.35996320309331914 7.1103621293514045 11.903067005631206 12.095242891602041 7.537728392775132 -5.761711497336349e-9 -7.64972349602114 -7.64972349602114 -12.447813754382926 -12.526410895460641 -7.572030382273457 -0.48261450940362277 -1.0559255183145644 0.42797444074583296 3.509357376893711 3.509357376893711 7.110362305426457 9.660402222188633 9.654926855616221 6.292013329605859 -1.258255625273748e-7 -7.537728580060039 -13.96297585510268 -13.96297585510268 -16.998788623111434 -15.364459042451116 -9.05994701038514 5.026946552007627 8.516041209468613 11.065103711834515 12.319385324786369 12.319385324786369 11.903067294540325 9.65492701083105 5.578756509153283 -7.187325558712432e-8 -6.29201357513738 -12.095243185100244 -16.034597794754713 -16.034597794754713 -16.935550119319334 -14.301841548857857 -8.330455128404774 8.330455128950078 14.30184154996785 16.93555012059584 16.03459779577687 16.03459779577687 12.095243185554276 6.2920135749745185 7.129759106753846e-8 -5.578756509749005 -9.654927011143286 -11.903067294321072 -12.319385324014206 -12.319385324014206 -11.06510371071196 -8.516041208482257 -5.026946551423191 9.059947011024068 15.364459043507232 16.998788624431302 13.962975856154909 13.962975856154909 7.537728580646184 1.2565225172885385e-7 -6.292013330124129 -9.654926856168633 -9.660402222755083 -7.110362305515395 -3.5093573764575723 -3.5093573764575723 -0.4279744399363093 1.0559255191937154 0.4826145099072785 7.572030382904527 12.526410896551148 12.447813755411063 7.6497234969444445 7.6497234969444445 6.0706117292312e-9 -7.537728392898456 -12.095242892172683 -11.903067006428504 -7.110362130042163 0.3599632025624058 7.652461932209022 7.652461932209022 12.022802008135686 11.824135644022052 6.779602551169953 4.930201890501068 7.626618744129584 5.82075512002802 -1.9933657336524465e-7 -1.9933657336524465e-7 -7.649723665289991 -13.962975767561629 -16.034597507866785 -12.3193849560218 -3.5093570585897287 7.65246210576749 17.44687636954982 17.44687636954982 22.389594789909143 20.600191166662874 11.939691466429357 4.930201890501068 7.626618744129584 5.82075512002802 -1.9933657336524465e-7 -1.9933657336524465e-7 -7.649723665289991 -13.962975767561629 -16.034597507866785 -12.3193849560218 -3.5093570585897287 7.65246210576749 17.44687636954982 17.44687636954982 22.389594789909143 20.600191166662874 11.939691466429357 2.325471883684302 2.8934007667032615 -3.13452726333915e-7 -5.820755639753811 -5.820755639753811 -12.44781404001271 -16.99878862651561 -16.93554988000613 -11.065103335826397 -0.42797406010863975 12.02280228846553 22.38959492190605 22.38959492190605 27.13232002660963 24.37546126206609 14.323582594322232 0.6101394265173294 -2.47791255292451e-7 -2.8934013290742207 -7.626619229112588 -7.626619229112588 -12.52641118906058 -15.36445909417331 -14.301841381997123 -8.516040902985674 1.0559258577607273 11.824135925354492 20.60019134124942 20.60019134124942 24.375461329955563 21.7404334096086 12.912502293563005 -7.168497474441814e-8 -0.6101397079224491 -2.3254722146613918 -4.930202186241197 -4.930202186241197 -7.572030576190511 -9.059947065369181 -8.330455052128583 -5.026946386236133 0.48261470758398384 6.779602727687845 11.939691589113064 11.939691589113064 14.323582657517644 12.912502313174237 8.233634097121742
</DataArray>
        <DataArray type="Float64" Name="Mode_8_phi1" NumberOfComponents="1" format="ascii">
 -2.975265268009148 0.04571112601290465 -2.9752652681632346 0.04571112522785229 -45.176777343795635 -14.97771786376829 -8.412462682117553 7.954283338226618 18.717880849669335 25.450454956382412 26.031424482768664 20.84831532037903 11.792935009271284 2.2812150823387465 -6.367876738441433 -10.827522669628074 -11.310243610618954 -8.825070965142482 -4.918114665067852 -1.491558301672433 2.208186827587873 12.4116069262494 35.079699325562686 68.32598496162744 104.37162965131952 131.78687465485172 137.67341036056294 114.88782946692378 62.15458420643358 -14.320759529483116 -98.95634148634522 -170.6774286117527 -213.55091875365284 -210.25741142571155 -174.09171700227975 -71.4652560660333 -45.176777344842485 -14.977717864171526 -8.412462681802586 7.954283338311697 18.71788084935849 25.450454955969892 26.031424482439345 20.84831532014652 11.792935009771451 2.281215081516442 -6.367876738115766 -10.827522669580256 -11.310243610122757 -8.825070964273765 -4.918114663885812 -1.4915583007568733 2.2081868268399876 12.411606926312896 35.07969932665986 68.32598496112949 104.37162964791044 131.7868746498731 137.6734103527737 114.88782945871067 62.15458419898606 -14.320759537223402 -98.95634149336546 -170.67742861837618 -213.55091875913573 -210.2574114254397 -174.09171699899497 -71.46525606446724 -94.39470818847954 -166.3579405141507 -191.81979946941578 -178.67920252227418 -130.95192365546882 -60.984070227752 12.954829591479895 74.44733564252539 112.44853245941535 122.69112380046857 108.00733868248848 78.27573137736606 44.525599739810595 17.051559246141025 1.5760008202919111 -2.081171354584578 -45.32006517099211 -99.12918866689789 -121.0611029932944 -117.49773720475443 -88.43414243254357 -43.478564246646904 6.248732261249257 48.88160458156358 74.54474172828239 78.83296289848505 64.74595636927391 39.152789680196335 11.533449769109941 -8.836866161729342 -16.96421097366483 -10.869014051462846 -14.942809082654684 -24.551322354900687 -25.079642393066507 -15.644348301506595 0.2505523751295756 18.095069732695627 32.31235216121267 37.89091713315181 32.75175816021388 17.184419224150258 -5.442849419065925 -28.631774142647366 -45.8602149038191 -51.82293278253475 -45.267470961298294 -23.030295850312093 26.38182427540731 53.75967871607515 68.24607299085945 76.75887703330349 74.7393025477305 63.4133941136059 43.59847705426112 17.61633438800195 -11.86614838633726 -41.190553599465765 -66.40187281829559 -83.69135366119781 -90.04815790898758 -83.31919617134133 -65.28850912165866 -31.445527755898823 55.899681365484 114.79895125449751 141.8642189512732 148.05399299317426 130.28346058493082 93.7178011913727 45.76305600810344 -5.119164782627011 -51.09683708678601 -86.53048050922862 -108.27385513587775 -115.44209681511511 -109.29649061695744 -91.86535175882824 -67.69208505113829 -31.617105766594342 72.1521955960418 145.68426064546506 176.70643026582655 178.61778095236622 148.16763184731107 95.29680077830605 31.5836837575149 -29.81811263951179 -78.45545748960089 -108.19059101912228 -117.8929320493457 -110.76820136275217 -92.58254100633626 -68.9458073969611 -46.215854976454175 -20.557388658610872 70.5643450965533 141.1259062874939 168.30204016751543 162.74403266247478 125.1110223894362 66.53859625162448 1.7175706198021996 -54.454796638092 -91.08761270390178 -103.53363066779274 -93.93805865671823 -69.77887734427036 -41.03414254448867 -16.70918780264957 -3.081264695953744 1.368591932757038 53.721133551629705 105.62201418073452 121.55345587405233 108.24548311168884 68.51072216472454 14.868126150334003 -37.984445438391084 -75.71280010061822 -89.2404051564508 -76.85491547908748 -44.3870946979435 -3.3766183837248303 32.963277519642936 53.311384211486995 52.67679699372691 28.21926998892802 28.219269989222777 52.67679699515871 53.311384212281965 32.96327752235392 -3.3766183814187465 -44.38709469529418 -76.85491547831975 -89.24040515612433 -75.71280010056029 -37.98444544043581 14.868126146353147 68.51072216061456 108.245483108491 121.5534558709166 105.6220141801431 53.721133551755734 1.36859193346566 -3.0812646962700265 -16.70918780252315 -41.03414254601467 -69.77887734363404 -93.93805865778994 -103.53363066787288 -91.08761270307959 -54.45479663888573 1.7175706164749218 66.53859624775563 125.11102238429136 162.74403265678657 168.3020401644376 141.12590628510682 70.56434509535745 -20.557388658610066 -46.21585497632367 -68.94580740050375 -92.58254100940061 -110.76820136786338 -117.89293205212161 -108.19059101997102 -78.45545749217655 -29.818112643061326 31.58368375498996 95.29680077316848 148.1676318393764 178.6177809453416 176.706430259186 145.68426064149543 72.15219559480043 -31.617105767328486 -67.69208505392555 -91.86535176230133 -109.29649062372188 -115.44209682222683 -108.27385514242854 -86.53048051633415 -51.096837091827055 -5.119164786340682 45.76305600372676 93.71780118635884 130.283460579404 148.05399298656002 141.86421894724364 114.79895125340643 55.899681364909135 -31.44552775756925 -65.28850912581713 -83.31919617690706 -90.04815791461606 -83.69135366709496 -66.40187282466748 -41.19055360424762 -11.86614839086863 17.616334384841373 43.59847705322608 63.41339411269788 74.73930254583495 76.75887703120229 68.246072988884 53.7596787145242 26.38182427517093 -23.030295852529015 -45.267470965306664 -51.82293278695867 -45.860214907761275 -28.631774144420678 -5.442849418440748 17.184419225144726 32.7517581624067 37.89091713518703 32.31235216267633 18.095069734048916 0.25055237624884136 -15.644348300365573 -25.079642392636384 -24.551322355129887 -14.94280908223164 -10.869014054520632 -16.96421097851083 -8.836866164969203 11.533449768393883 39.15278968110971 64.74595637146436 78.83296290326098 74.54474173363732 48.88160458778295 6.248732267135204 -43.47856424164081 -88.43414242795633 -117.49773720268082 -121.06110299364823 -99.12918866606472 -45.32006517084651 -2.08117135570958 1.5760008189915016 17.05155924533444 44.52559973950229 78.27573137861937 108.00733868681124 122.69112380614177 112.44853246725083 74.44733565073787 12.954829598462782 -60.98407022054481 -130.9519236492445 -178.67920251821351 -191.81979946651194 -166.35794051529345 -94.39470819028303
</DataArray>
        <DataArray type="Float64" Name="Mode_8_phi2" NumberOfComponents="1" format="ascii">
 -2.9752652695171764 0.04571005810959241 -2.9752652695566124 0.04571005883156435 -71.46525604591304 -174.0917168156794 -210.2574108035145 -213.55091744835377 -170.67742651256194 -98.95633872339167 -14.320756515602776 62.154586839542816 114.8878310494789 137.6734103369444 131.78687274635914 104.37162602242695 68.32598020790692 35.07969432544047 12.411602619272715 2.2081845486873117 -1.4915587851903085 -4.918115139051984 -8.825071022126448 -11.310243394082729 -10.827522213450871 -6.367876139902511 2.2812156539565254 11.792935429604468 20.84831554148937 26.03142449332552 25.4504548007675 18.717880606859687 7.954283093008743 -8.412462863301437 -14.977717954883492 -45.176777353276975 -71.46525604818478 -174.09171682162557 -210.25741080884333 -213.5509174527281 -170.67742651697068 -98.95633872941816 -14.32075652307345 62.15458683053439 114.8878310405165 137.6734103277145 131.78687273572754 104.37162601268972 68.32598019879438 35.0796943184417 12.411602615651173 2.208184548545099 -1.4915587854125323 -4.918115139427137 -8.825071022184806 -11.310243393320544 -10.827522212497113 -6.367876139628098 2.2812156552423084 11.792935429004338 20.848315541616238 26.031424493112542 25.450454800456182 18.717880606557472 7.95428309223289 -8.412462865692811 -14.977717954961271 -45.17677735192688 -94.39470820100858 -45.32006544187899 -14.942809605899724 26.381823573614096 55.89968068711689 72.1521951850709 70.56434518062456 53.72113422774755 28.21927122258216 1.3685935350226708 -20.55738704387927 -31.617104551484882 -31.445527240747346 -23.03029614215628 -10.86901542379463 -2.081172902029562 -166.35794037859145 -99.12918912639489 -24.55132336948738 53.75967725675292 114.79894978693423 145.68425968570935 141.1259063192112 105.62201544454022 52.67679943139291 -3.081261502773188 -46.21585172217828 -67.69208253211987 -65.28850802082592 -45.267471526462124 -16.964213568124553 1.5759974692418481 -191.8197988959469 -121.06110330302812 -25.079643527560204 68.24607112911272 141.86421692210854 176.70642876005377 168.30203983147564 121.55345710280042 53.311386961307385 -16.709184008512384 -68.94580340950398 -91.86534856146483 -83.31919464250304 -51.82293334474644 -8.836868998823293 17.051554944490956 -178.6792012931621 -117.49773709109894 -15.64434929595255 76.75887501893567 148.05399055870177 178.61777889689557 162.74403174955424 108.2454838508639 32.96327995715294 -41.034138864360514 -92.58253695066082 -109.29648723054726 -90.04815612742583 -45.86021528201475 11.533447179091894 44.52559540719777 -130.95192169619764 -88.43414169722878 0.25055177848725113 74.73930068227561 130.2834580061449 148.16762935005409 125.11102078399303 68.51072203759053 -3.376616873666275 -69.77887451325896 -110.76819795571076 -115.4420937617554 -83.69135184595333 -28.6317741355256 39.15278788823859 78.27572786962592 -60.98406772017361 -43.47856288561007 18.095069660384098 63.41339266364281 93.71779878380146 95.2967981071226 66.53859406699534 14.868125056777338 -44.387094428918054 -93.93805715623246 -117.89292980603906 -108.27385285411493 -66.40187119679614 -5.44284899265423 64.74595569407761 108.00733658168892 12.954832216483545 6.248734043957637 32.3123525967669 43.59847622075463 45.76305412165692 31.58368131521028 1.717568204730565 -37.98444729167657 -76.85491643467526 -103.53363064402528 -108.19059020939876 -86.53047929236882 -41.190552397189414 17.184419992996272 78.83296334580722 122.69112336114594 74.4473378062284 48.88160638292861 37.89091793090455 17.6163342697956 -5.119165820859144 -29.81811438261198 -54.45479876392431 -75.71280224441134 -89.24040698511953 -91.08761397164676 -78.4554580911281 -51.096837033947374 -11.866147789521024 32.751759077275985 74.54474305480628 112.448533546443 112.44853355506365 74.54474306173645 32.751759078983476 -11.86614779395042 -51.09683704173212 -78.45545810026263 -91.08761397898553 -89.24040698759917 -75.7128022422143 -54.454798759050384 -29.81811437399857 -5.119165812773805 17.61633427500889 37.8909179302603 48.88160637720529 74.44733779832406 122.69112337070413 78.83296335176918 17.184419995454203 -41.19055240124887 -86.5304792991177 -108.19059021979075 -103.53363065135906 -76.85491643685029 -37.9844472914379 1.7175682071544982 31.58368132323304 45.763054129357094 43.598476226745504 32.31235259787235 6.248734040057904 12.954832208929012 108.00733659035396 64.74595570016017 -5.4428489932699 -66.4018711990362 -108.27385286184376 -117.89292981503884 -93.93805716212532 -44.387094432744355 14.86812505507007 66.53859406992615 95.2967981117749 93.71779879041927 63.413392670972755 18.095069663310102 -43.47856288795195 -60.9840677253181 78.27572787846773 39.15278789175487 -28.631774136993826 -83.69135185023572 -115.44209376947973 -110.76819796206115 -69.77887452007548 -3.3766168776421313 68.5107220371232 125.11102078569503 148.16762935241317 130.28345801191708 74.73930068999476 0.25055178382611115 -88.43414169644635 -130.95192170055054 44.525595413717944 11.53344718092803 -45.86021528415907 -90.04815613388543 -109.2964872366787 -92.58253695852972 -41.034138869299724 32.96327995399509 108.245483851231 162.74403175204168 178.61777889815818 148.05399056373895 76.75887502609481 -15.644349287526836 -117.49773709010097 -178.67920129608044 17.05155494851529 -8.836868998080318 -51.82293334766297 -83.31919464746277 -91.86534856766296 -68.9458034152206 -16.709184013672616 53.31138695927636 121.55345710381577 168.30203983453 176.70642876071895 141.86421692636978 68.24607113677136 -25.079643520772215 -121.06110330080479 -191.81979889814988 1.5759974706539914 -16.964213567532422 -45.2674715280765 -65.28850802410375 -67.6920825360534 -46.215851727109836 -3.081261506010885 52.67679942914536 105.62201544615696 141.1259063206692 145.68425968683772 114.79894978983967 53.75967726281371 -24.55132336383077 -99.12918912285528 -166.35794038140085 -2.081172901800241 -10.869015423147747 -23.030296142215583 -31.44552724243281 -31.617104553651046 -20.557387045602503 1.3685935329322652 28.219271222293916 53.72113422868258 70.56434518102301 72.15219518602488 55.899680688194664 26.38182357590653 -14.942809601664583 -45.32006544051891 -94.39470820376155
</DataArray>
        <DataArray type="Float64" Name="Mode_9_w" NumberOfComponents="1" format="ascii">
 4.6497391566078235e-11 0.010515623740401324 -4.7151147334273595e-11 -0.01051562373955438 -0.0004349704757558551 0.0011578401383201316 0.0020972873827563875 -0.00045002284036431314 -0.00045002284036431314 -0.0006102200701276634 0.000809378318378176 0.0007446727553486103 -6.233034160505751e-5 -0.0003122085374897793 0.00011668510636844587 0.00042639368117507236 0.00042639368117507236 0.00015767340413231596 0.0020473611410558464 -0.0010888196733964287 -0.0010888196717944612 0.0020473611362622226 0.00015767339225456953 0.00042639368485136416 0.00042639368485136416 0.0001166851127317173 -0.00031220854088216416 -6.233034752015585e-5 0.0007446727542992131 0.0008093783209491179 -0.0006102200705753464 -0.00045002284303346683 -0.00045002284303346683 0.0020972873818771902 0.0011578401280661543 -0.0004349704708345224 0.00043497047586761524 -0.0011578401390684924 -0.0020972873824971526 0.0004500228402583115 0.0004500228402583115 0.0006102200699288991 -0.000809378318457471 -0.0007446727551285619 6.233034129510029e-5 0.00031220853751263907 -0.00011668510645631877 -0.00042639368123320814 -0.00042639368123320814 -0.00015767340423038532 -0.002047361141016284 0.0010888196731634076 0.001088819671307232 -0.002047361136561122 -0.00015767339217130207 -0.00042639368481202556 -0.00042639368481202556 -0.00011668511267108707 0.0003122085407257168 6.233034784572444e-5 -0.0007446727541872544 -0.0008093783209546894 0.0006102200704842878 0.0004500228429182808 0.0004500228429182808 -0.002097287382031688 -0.0011578401282915964 0.0004349704709203058 1.8259330186020205e-8 -1.7985223135954416 -5.463455634959088 -9.897601011121154 -9.897601011121154 -13.242415312104969 -14.072527196157884 -12.335194797669498 -9.463198557449576 -7.233761155689853 -6.704444401677049 -7.5374801690143105 -7.5374801690143105 -8.35048589610292 -7.508325249259902 -3.988213654111436 1.7985223681487066 4.275841965708971e-8 -5.605926983267542 -13.25407710432696 -13.25407710432696 -19.29356829493404 -20.89021626492562 -17.730794325503474 -12.227781806667318 -8.054748588632354 -7.3434097130615195 -9.666250129762997 -9.666250129762997 -12.337166516646674 -12.257392897357184 -7.508325256718811 5.463455692986703 5.605927069023756 3.606866057901091e-8 -8.901372559060235 -8.901372559060235 -16.09642708346225 -17.531844534492134 -12.761287913724278 -5.10407862264791 0.26687380117520243 0.2504024127354138 -4.550682138624535 -4.550682138624535 -10.280039684806198 -12.337166548936258 -8.35048592321193 9.89760106264481 13.254077171854133 8.901372592709745 -1.4358596771690538e-8 -1.4358596771690538e-8 -7.346550104180741 -8.130713411844363 -1.7273354155047191 7.733985871672657 13.802156723993484 12.58564924861872 4.835491475283242 4.835491475283242 -4.550682192304352 -9.66625020829097 -7.5374802230173445 9.89760106264481 13.254077171854133 8.901372592709745 -1.4358596771690538e-8 -1.4358596771690538e-8 -7.346550104180741 -8.130713411844363 -1.7273354155047191 7.733985871672657 13.802156723993484 12.58564924861872 4.835491475283242 4.835491475283242 -4.550682192304352 -9.66625020829097 -7.5374802230173445 13.242415358449769 19.293568346552238 16.096427084757444 7.346550023538249 7.346550023538249 -7.404458156210955e-8 -0.20715926983465524 7.4782663683770085 18.342136090802473 24.92750298905385 22.7159442974682 12.585649204031888 12.585649204031888 0.25040231474718216 -7.3434098299023285 -6.7044444789499025 14.072527247286157 20.890216320483653 17.531844534694745 8.1307133221172 8.1307133221172 0.20715910611762325 -9.031732434954515e-8 8.369698333968286 20.206017846471436 27.381730850695806 24.927502989306873 13.802156674945257 13.802156674945257 0.26687369299630326 -8.054748718075757 -7.233761243007865 12.33519486365107 17.73079440693847 12.761287947187185 1.7273353639985005 1.7273353639985005 -7.478266489815469 -8.36969846786824 -4.125383913439985e-8 12.351174176314041 20.20601790191911 18.342136141350792 7.733985862966704 7.733985862966704 -5.104078702742221 -12.22778191966769 -9.463198638694012 9.463198639190146 12.227781920371157 5.104078702987047 -7.733985863389504 -7.733985863389504 -18.342136142169505 -20.206017902888604 -12.351174177436288 4.000963902470785e-8 8.36969846713537 7.478266489449001 -1.727335363948042 -1.727335363948042 -12.761287946520996 -17.730794405854862 -12.335194862721123 7.233761243186515 8.054748718170854 -0.26687369322604254 -13.80215667542685 -13.80215667542685 -24.927502990071233 -27.381730851759567 -20.20601784748712 -8.36969833492558 8.971295001789105e-8 -0.2071591061359082 -8.13071332170394 -8.13071332170394 -17.53184453380798 -20.890216319452897 -14.072527246591424 6.704444478911964 7.343409829605187 -0.2504023153056665 -12.585649204594741 -12.585649204594741 -22.715944297863114 -24.92750298953226 -18.3421360913719 -7.4782663687649205 0.2071592696027224 7.416726653001953e-8 -7.346550023094659 -7.346550023094659 -16.09642708416808 -19.293568345755883 -13.242415358007781 7.537480222777777 9.666250207792904 4.550682191857773 -4.835491475458568 -4.835491475458568 -12.585649248606456 -13.802156723880154 -7.733985871657621 1.7273354153393012 8.130713411832263 7.3465501041170445 1.4364790348740996e-8 1.4364790348740996e-8 -8.901372592589452 -13.254077171646818 -9.89760106249855 7.537480222777777 9.666250207792904 4.550682191857773 -4.835491475458568 -4.835491475458568 -12.585649248606456 -13.802156723880154 -7.733985871657621 1.7273354153393012 8.130713411832263 7.3465501041170445 1.4364790348740996e-8 1.4364790348740996e-8 -8.901372592589452 -13.254077171646818 -9.89760106249855 8.35048592297255 12.337166548595532 10.280039684768537 4.550682138932323 4.550682138932323 -0.25040241244792083 -0.26687380094790025 5.104078622944545 12.761287913758894 17.53184453428031 16.09642708312491 8.901372558467676 8.901372558467676 -3.659085523302057e-8 -5.60592706932361 -5.463455693188253 7.508325256606068 12.25739289731484 12.33716651683356 9.666250130125508 9.666250130125508 7.343409713282879 8.054748588776912 12.227781806757084 17.73079432556645 20.89021626475785 19.29356829436121 13.254077103523782 13.254077103523782 5.605926982413369 -4.336391103496596e-8 -1.7985223684754557 3.988213654062902 7.50832524938504 8.350485896248356 7.537480169243243 7.537480169243243 6.704444401780303 7.233761155689496 9.46319855753372 12.335194797587766 14.072527196060156 13.242415311901903 9.897601010646873 9.897601010646873 5.4634556343931315 1.7985223131377968 -1.8494262550489294e-8
</DataArray>
        <DataArray type="Float64" Name="Mode_9_phi1" NumberOfComponents="1" format="ascii">
 0.14094529628206662 -30.28482058156649 0.1409452963603991 -30.28482058210247 0.7620489155822564 8.463777757975876 15.556630285977546 18.914615032930303 16.243801004405213 8.408677325157354 -1.5689630200205165 -9.603215376732182 -12.17756839967365 -9.133131403242535 -2.2963812023134382 3.0396746745732166 3.5993492478572917 -0.22937038583975752 -11.460727537646656 -12.836116015056188 -63.412593880879655 -116.36781537640772 -130.11917758653016 -124.97522642066379 -114.00270326612767 -113.72098702243537 -132.6981511414011 -166.88536180341345 -202.32397692513254 -221.1630128409375 -209.67339267392407 -168.28999393464676 -110.53853968680158 -55.07204042631987 -16.7785354502003 -1.6660748271799897 0.7620489167737537 8.463777758313675 15.556630285772716 18.914615031476423 16.24380100324343 8.408677324130522 -1.5689630213381367 -9.603215377345352 -12.17756839687844 -9.133131402210314 -2.29638120141556 3.0396746756358133 3.5993492481401756 -0.22937038619367714 -11.460727538013817 -12.836116015140016 -63.412593881053546 -116.36781537367351 -130.11917758426895 -124.97522641726026 -114.00270326387606 -113.72098702247266 -132.69815114057545 -166.88536180360526 -202.3239769274974 -221.1630128429561 -209.67339267711912 -168.28999394182117 -110.5385396957801 -55.07204043471074 -16.778535456015824 -1.6660748292735903 1.2139712246549421 -11.787781989381257 -48.19065470256031 -97.8102071827601 -145.87240668916527 -174.2984084778308 -174.1907130817063 -149.91846628393625 -115.25383323448267 -87.03968298065547 -76.88354780465731 -84.2257709902689 -98.56908896403507 -103.4862414862667 -85.65447889080413 -40.974127501354516 24.451619009842204 41.14078373048549 29.488905714473045 0.46414271778336663 -34.35831818327095 -57.7929212227234 -59.355441469276336 -38.85300813219455 -7.658532562273875 17.31149405755005 23.75530782783321 9.094729623023756 -17.895494664636853 -41.836341792825884 -53.1951751311312 -32.01302889712329 43.33518598097979 82.74601486442687 91.8370940273325 85.68576404252362 72.52340134137269 66.62644116849914 75.84181985538538 98.46695465941477 124.3244572179194 139.85065833519673 134.80304816829292 108.33022934546581 68.97192763133937 31.725680023880802 6.399198765092984 -1.4922855826636308 52.21488498866883 105.02368058434048 127.90278683276169 135.10143716158603 133.81295006312493 135.8465202238789 148.09674041159798 169.7657916143511 191.8566667959893 202.32422962190697 192.41186006563635 161.17863157317305 116.33900224948611 70.5045773205989 34.67785267099243 11.626825434199498 42.96588316213125 86.95603379515221 107.91159321593669 115.99096879731138 116.94813616955902 120.17388633963444 130.97774585889405 148.56296208259448 166.0044250325645 173.68900967723954 164.51273198985106 137.87725385101615 100.1943498330865 61.691555129260614 31.90473518685677 11.218570575455384 19.177410405187246 37.058954797332895 42.63072215158831 39.38409359797189 33.107084424471026 30.014392062597732 34.205927336609015 45.2187043734833 57.97218768808475 65.49304037915637 62.5631970067587 48.68230045647949 28.51935590835022 9.454548364134606 -1.8501542247807528 -3.3258259361771074 -9.376667867666471 -23.09670264771492 -37.21419695004973 -55.28368185335057 -72.1960039851446 -84.00216400240413 -88.1997663842191 -84.91744133931957 -77.0735189814474 -68.93882465754542 -63.83096822663293 -62.118445120761066 -61.228866115747856 -56.63671183851954 -45.24878528562025 -22.619195380031996 -29.466712342110203 -65.02524414559359 -93.02922202828002 -119.6580160009528 -141.97687909122124 -158.76624042681073 -168.86240745216216 -172.19852022664492 -169.55554097584508 -162.36569340851858 -151.94646847248788 -138.58321367652283 -121.63518160922612 -99.47895215720489 -72.70236318700039 -33.97795005446214 -33.97795005943088 -72.70236319431521 -99.47895216502296 -121.63518161608803 -138.58321368111137 -151.94646847626566 -162.36569341011767 -169.55554097579696 -172.19852022621583 -168.86240744937916 -158.7662404216689 -141.97687908405925 -119.65801599482732 -93.02922202367212 -65.02524414200973 -29.466712341034096 -22.619195383361355 -45.24878529336651 -56.63671184611744 -61.22886611893631 -62.11844512033611 -63.83096822526872 -68.93882465584386 -77.0735189780061 -84.917441334403 -88.19976638048647 -84.00216399856576 -72.19600398101693 -55.28368185020025 -37.21419695061927 -23.096702651442044 -9.376667870989651 -3.325825938613701 -1.8501542296384008 9.45454835933953 28.51935590577008 48.68230045906754 62.56319701447761 65.49304038834433 57.97218769696329 45.21870438187902 34.205927342709685 30.01439206581436 33.10708442476736 39.38409359441516 42.63072214715759 37.0589547928413 19.177410402403634 11.218570573181216 31.904735183894015 61.691555129625726 100.19434983803598 137.87725385772106 164.51273199736465 173.68900968621938 166.0044250402643 148.56296208705172 130.97774586173927 120.1738863385882 116.94813616439953 115.99096879078013 107.91159320807607 86.95603378738966 42.965883158467236 11.626825434249065 34.67785267285093 70.50457732572563 116.3390022569186 161.17863157986892 192.41186006963454 202.32422962515113 191.85666680048675 169.76579161743635 148.09674041034265 135.84652022005852 133.8129500568436 135.10143715245292 127.90278682424135 105.0236805775253 52.214884984831315 -1.4922855810780324 6.399198769057019 31.725680028428762 68.9719276343344 108.33022934609357 134.80304816780486 139.85065833428496 124.32445721620601 98.46695465931705 75.84181985581824 66.62644116601837 72.52340133635074 85.68576403782633 91.83709402193011 82.74601486012386 43.335185979312946 -32.01302889590855 -53.19517512836514 -41.836341791116844 -17.895494665650666 9.094729621377445 23.755307826066684 17.311494055240654 -7.658532563160934 -38.853008133075264 -59.35544146948209 -57.79292122010486 -34.35831817865811 0.4641427205751501 29.488905716256184 41.140783731356734 24.451619010340035 -40.97412750074401 -85.65447889025063 -103.48624148814851 -98.56908896631712 -84.22577099290906 -76.88354780648113 -87.03968298066452 -115.25383323522836 -149.9184662842826 -174.19071307934018 -174.29840847351028 -145.87240668384192 -97.81020717531561 -48.19065469554537 -11.787781983881922 1.2139712274034344
</DataArray>
        <DataArray type="Float64" Name="Mode_9_phi2" NumberOfComponents="1" format="ascii">
 -0.14094528343814008 30.284820582208166 -0.14094528332796985 30.28482058281805 1.6660751488164778 16.77853621770128 55.07204132169024 110.53854059695162 168.28999476015554 209.67339345159064 221.16301368767913 202.32397795602773 166.88536304310196 132.69815250747436 113.72098834986139 114.00270436739055 124.97522717833968 130.11917799325113 116.36781552407811 63.41259390769535 12.836115997198897 11.460727479860404 0.22937028773872875 -3.599349362600315 -3.039674771918473 2.2963811565620196 9.133131423135383 12.177568459530418 9.603215445300284 1.568963061950949 -8.408677324080363 -16.24380103079328 -18.914615056618686 -15.556630259619359 -8.463777702113514 -0.7620487113879701 1.666075150740727 16.778536222301263 55.07204132615288 110.53854059884442 168.28999475690676 209.67339344452736 221.16301367676442 202.3239779409687 166.88536303165668 132.69815250243425 113.72098834781133 114.00270436823124 124.9752271813882 130.1191779961322 116.36781552563076 63.4125939086054 12.83611599631549 11.46072747940653 0.22937028770920667 -3.5993493629908877 -3.0396747712591505 2.29638115725218 9.133131422147455 12.177568460673534 9.603215445313555 1.5689630618807742 -8.408677323344875 -16.243801029550898 -18.91461505643771 -15.556630260126319 -8.463777703051143 -0.7620487126301304 -1.2139708168862149 -24.45161884868415 -43.3351859534902 -52.21488507331857 -42.965883241159915 -19.177410393361477 9.376667999259283 29.466712538797026 33.97795022341482 22.619195417846004 3.3258257995681126 -11.218570849219242 -11.626825751494833 1.4922853257438835 32.013028767699296 40.97412747521926 11.78778267455483 -41.14078340903203 -82.74601489247989 -105.02368082451918 -86.95603401899854 -37.05895480841655 23.09670291309577 65.02524457099332 72.70236356475827 45.24878539333631 1.8501539695043014 -31.90473573400227 -34.677853308646085 -6.3991992633006936 53.1951749291091 85.65447890743276 48.190655451630946 -29.48890541472893 -91.83709422281014 -127.90278730665658 -107.91159364539303 -42.63072225112405 37.21419727286474 93.02922262281919 99.4789527216438 56.636712056175625 -9.45454863303354 -61.69155579211788 -70.504578096102 -31.72568058859689 41.83634167520667 103.48624167873257 97.81020786686788 -0.46414255896273976 -85.68576449419376 -135.1014379383263 -115.99096948251861 -39.38409382349976 55.283682205511234 119.65801674534882 121.63518235809246 61.22886646334524 -28.519356145269295 -100.19435053996251 -116.33900306903445 -68.97192816045738 17.89549473308127 98.56908944396471 145.8724072725381 34.358318158668666 -72.523402055027 -133.81295113443736 -116.94813710126809 -33.10708477981358 72.19600435134069 141.9768799608108 138.58321458871583 62.118445597532244 -48.682300640175804 -137.87725456107768 -161.178632387876 -108.3302297974129 -9.09472935401481 84.22577178222564 174.29840902691208 57.792921075554574 -66.62644205463398 -135.84652150211647 -120.17388744005378 -30.01439250198062 84.0021643951462 158.7662414021482 151.94646951298776 63.8309687950528 -62.56319716533219 -164.5127327245072 -192.41186090499087 -134.8030485889695 -23.755307446945466 76.88354882444337 174.19071371753506 59.3554413292859 -75.84182077359102 -148.09674175350935 -130.97774701096307 -34.205927781734914 88.19976682601764 168.86240851337368 162.36569452709134 68.938825258737 -65.49304056903998 -173.6890104951686 -202.3242305592569 -139.8506588200323 -17.31149370687488 87.039684071605 149.91846710080253 38.85300813097266 -98.46695547617293 -169.76579287993965 -148.5629631706042 -45.21870475198899 84.91744184828303 172.1985213476005 169.55554211985515 77.07351955828014 -57.97218796250087 -166.0044259834551 -191.8566678931649 -124.32445785471171 7.6585327591888195 115.25383423275007 115.25383423848143 7.658532759416817 -124.32445786224358 -191.85666790180687 -166.00442598913133 -57.972187965601655 77.07351955439208 169.55554211817622 172.19852134973556 84.91744185541192 -45.218704746974375 -148.56296316439662 -169.76579287072482 -98.46695546955527 38.853008130421166 149.9184670915139 87.03968407432899 -17.311493708903008 -139.85065882583055 -202.32423056389126 -173.6890104986005 -65.49304057275359 68.9388252575874 162.36569452603706 168.8624085169872 88.19976683269343 -34.205927773855876 -130.9777470050639 -148.09674174620545 -75.84182076971335 59.3554413273704 174.19071370663005 76.88354882360444 -23.75530745095468 -134.80304859244828 -192.41186090551722 -164.51273272360336 -62.56319716728533 63.83096879415844 151.94646951322278 158.76624140534864 84.00216439964645 -30.014392495448057 -120.17388743506723 -135.84652149876226 -66.6264420517562 57.79292107221502 174.298409018874 84.22577177909497 -9.094729358078592 -108.3302297976979 -161.17863238468766 -137.8772545572683 -48.68230063916765 62.11844559631929 138.58321458814464 141.97687996094697 72.19600435494095 -33.107084778513155 -116.94813709877205 -133.81295113331433 -72.52340205213925 34.35831815619268 145.87240726848836 98.56908944049438 17.89549473127044 -68.97192815657692 -116.33900306347275 -100.1943505379198 -28.519356144692207 61.22886646314006 121.6351823558707 119.65801674361941 55.28368220464219 -39.38409382437906 -115.9909694841887 -135.10143793729273 -85.6857644921295 -0.4641425580895152 97.81020786626145 103.48624167685259 41.83634167603347 -31.725680583591764 -70.50457809150444 -61.69155579274708 -9.454548634319217 56.636712056778265 99.47895271947864 93.02922262034879 37.214197269684455 -42.63072225536123 -107.91159364894136 -127.90278730653199 -91.83709421957828 -29.488905412298777 48.19065545489584 85.65447890710564 53.19517493192902 -6.399199260898957 -34.67785330600266 -31.904735736094306 1.8501539679295766 45.24878539262033 72.70236356449156 65.02524456849174 23.09670291001284 -37.05895481295078 -86.95603402275455 -105.02368082582711 -82.7460148896723 -41.140783405461924 11.787782679073556 40.97412747595182 32.01302876954296 1.4922853259418265 -11.626825750415781 -11.218570850751833 3.325825798135278 22.619195418386713 33.97795022256053 29.466712537433178 9.376667998509761 -19.177410395468083 -42.96588324416971 -52.21488507439649 -43.335185952368455 -24.451618846452373 -1.2139708139571683
</DataArray>
        <DataArray type="Float64" Name="Mode_10_w" NumberOfComponents="1" format="ascii">
 0.014458794936215118 -3.311610821769701e-11 -0.014458794933926497 3.4267384658525016e-11 -0.0007493897478564992 0.001574944086838046 0.00013573270018757847 0.00040038192228822913 0.00040038192228822913 3.7976347575651444e-5 -0.0003622119007902987 8.390159544776021e-5 0.000869069097682673 0.000550683599033453 -0.0009992270151188418 -0.0005559875541829919 -0.0005559875541829919 0.0018239450197678562 0.0007686141601583008 -0.00027770067450552167 0.000277700681412213 -0.00076861417309468 -0.0018239450205357539 0.0005559875514786008 0.0005559875514786008 0.0009992270146516045 -0.0005506835967761126 -0.0008690690976609716 -8.3901600732573e-5 0.0003622118957989426 -3.7976343167780275e-5 -0.0004003819191837501 -0.0004003819191837501 -0.0001357327137006181 -0.001574944093886369 0.0007493897500725725 0.0007493897471371584 -0.0015749440869678455 -0.00013573269998971044 -0.00040038192225071487 -0.00040038192225071487 -3.797634714745629e-5 0.0003622119008391402 -8.390159535076575e-5 -0.0008690690977883832 -0.0005506835989177181 0.0009992270154478814 0.0005559875543554778 0.0005559875543554778 -0.0018239450196241103 -0.0007686141598748027 0.00027770067435401845 -0.00027770068171020324 0.0007686141739224971 0.0018239450203963977 -0.0005559875514870448 -0.0005559875514870448 -0.0009992270143279317 0.0005506835970095937 0.0008690690978215905 8.390160082303615e-5 -0.00036221189589858544 3.797634360975055e-5 0.00040038191931536233 0.00040038191931536233 0.00013573271372617528 0.0015749440941521023 -0.0007493897502308325 5.675298343531427 8.4819082463329 9.005027806253832 7.972547820411107 7.972547820411107 7.155019210901759 7.910433465946632 10.208401321089728 12.671795024866496 13.583986547400482 11.982293679037666 8.3340816666778 8.3340816666778 4.169168270432145 1.1446678439081988 1.2962187713257524e-8 8.481908234926236 13.287068776642416 13.292062429510052 10.426030358949792 10.426030358949792 7.936085779188945 8.571153845384588 12.609967562052848 17.647311106416986 20.138164577347048 18.107119472977725 12.112644812177775 12.112644812177775 4.962260416736642 4.034509900122954e-8 -1.1446677947021247 9.005027771426077 13.292062393853872 11.132572309427601 5.121925049298313 5.121925049298313 0.09826981384601212 -0.04438213037334859 5.182512132143044 12.49558809590514 16.818109546952442 15.174306522777943 8.275271734135883 8.275271734135883 3.3984691226977044e-8 -4.9622603354681125 -4.169168215560978 7.9725477572785 10.42603027447928 5.121924992699906 -4.607146673611387 -4.607146673611387 -12.656480205395283 -14.003500530498313 -7.9753902521101505 1.3631217897835455 7.613553640041166 6.901671163733346 -1.54458324204046e-8 -1.54458324204046e-8 -8.27527170360353 -12.11264474845863 -8.334081617162987 7.9725477572785 10.42603027447928 5.121924992699906 -4.607146673611387 -4.607146673611387 -12.656480205395283 -14.003500530498313 -7.9753902521101505 1.3631217897835455 7.613553640041166 6.901671163733346 -1.54458324204046e-8 -1.54458324204046e-8 -8.27527170360353 -12.11264474845863 -8.334081617162987 7.155019126349778 7.936085656113374 0.09826971137309662 -12.656480252029477 -12.656480252029477 -23.11992954882113 -25.45513442815704 -18.805149792877383 -7.84520042966582 -0.045414336342567675 -7.354587352667712e-8 -6.901671245297074 -6.901671245297074 -15.174306524230602 -18.107119424956107 -11.98229363518556 7.910433375903204 8.57115371197539 -0.04438224207896152 -14.003500581907016 -14.003500581907016 -25.45513442900541 -27.981538086836146 -20.666016427812444 -8.600617249547389 -8.80330289631861e-8 0.04541417520106444 -7.613553730068584 -7.613553730068584 -16.818109549624754 -20.138164525794025 -13.583986500679684 10.208401241847419 12.609967448418688 5.182512050771326 -7.975390262394254 -7.975390262394254 -18.8051497439074 -20.666016373443252 -12.620187237330153 -3.8556137646755883e-8 8.600617120446966 7.845200311053114 -1.3631218410347874 -1.3631218410347874 -12.495588064687725 -17.647311028873478 -12.671794964378845 12.671794963577705 17.647311027451693 12.49558806309895 1.3631218399163232 1.3631218399163232 -7.845200310870328 -8.60061711874396 4.118257928736493e-8 12.62018724017877 20.66601637549272 18.80514974471037 7.975390261831259 7.975390261831259 -5.182512051884464 -12.609967449508549 -10.208401242485918 13.583986500245718 20.138164524739473 16.818109548112663 7.61355372875026 7.61355372875026 -0.04541417566822356 8.864121505462734e-8 8.600617250783403 20.66601642939884 27.98153808826833 25.45513442974137 14.003500581915421 14.003500581915421 0.044382241763618914 -8.571153712174276 -7.910433376004314 11.982293635312642 18.107119424921414 15.17430652369762 6.901671244298246 6.901671244298246 7.260792670137215e-8 0.04541433574145096 7.845200429331432 18.805149792966375 25.455134428558438 23.119929549192058 12.65648025244924 12.65648025244924 -0.0982697107837063 -7.9360856553701105 -7.155019125818187 8.334081617857997 12.112644749402138 8.27527170423445 1.525862870160414e-8 1.525862870160414e-8 -6.901671164495474 -7.613553641286316 -1.363121791293014 7.9753902506794425 14.003500529728369 12.656480205307382 4.607146674355202 4.607146674355202 -5.121924991262454 -10.426030272977858 -7.972547756289906 8.334081617857997 12.112644749402138 8.27527170423445 1.525862870160414e-8 1.525862870160414e-8 -6.901671164495474 -7.613553641286316 -1.363121791293014 7.9753902506794425 14.003500529728369 12.656480205307382 4.607146674355202 4.607146674355202 -5.121924991262454 -10.426030272977858 -7.972547756289906 4.169168216649006 4.962260337129324 -3.25444225492943e-8 -8.275271733187399 -8.275271733187399 -15.1743065228547 -16.818109548093336 -12.495588097807799 -5.18251213435772 0.04438212879149708 -0.09826981430433723 -5.121925048465779 -5.121925048465779 -11.132572307690548 -13.29206239193613 -9.005027770251582 1.1446677956506714 -3.855482960606787e-8 -4.962260414936471 -12.112644810769263 -12.112644810769263 -18.107119472181477 -20.138164577732507 -17.647311107909502 -12.609967564108217 -8.571153847169112 -7.936085779840863 -10.426030358206285 -10.426030358206285 -13.292062427929363 -13.287068774969345 -8.48190823392279 -1.2551265016451566e-8 -1.1446678429625428 -4.169168269229683 -8.334081665625362 -8.334081665625362 -11.982293678225046 -13.583986547172803 -12.6717950253983 -10.20840132220276 -7.910433467118081 -7.155019211442996 -7.972547820080543 -7.972547820080543 -9.005027805296796 -8.481908245437834 -5.675298342966838
</DataArray>
        <DataArray type="Float64" Name="Mode_10_phi1" NumberOfComponents="1" format="ascii">
 1.9994260059952977 0.09342429826612302 1.9994260058093176 0.09342430090820539 31.526402746144395 8.571652509992395 3.9303688416499383 -3.755376164564004 -4.001130093100179 0.3043917993491191 6.526387776819217 10.617261834790128 9.577088455875282 3.019626589673508 -7.048776395683601 -15.020617311179555 -17.81715577602731 -15.185723388167016 -9.014824256864934 -2.879062506403006 4.2546742761921905 23.25485681614413 63.3762554682513 117.88743691527452 171.0598924925619 205.95936595395872 211.96588529155883 191.98336035293931 159.1996130674624 130.7072877358632 119.74497798006989 126.71316421738103 139.84820813616676 137.88844790629608 118.40369059851126 49.65479234939899 31.52640274288084 8.571652508389853 3.9303688407571378 -3.7553761640687346 -4.001130091516517 0.3043918018797403 6.526387779593024 10.617261836723648 9.577088456271431 3.019626587690764 -7.048776397885529 -15.020617313563099 -17.81715577800548 -15.185723388279067 -9.014824254958226 -2.8790625045318414 4.254674282763472 23.254856830181733 63.376255486708104 117.88743693282198 171.05989250768323 205.95936596355745 211.96588529179252 191.98336034313127 159.19961305051913 130.70728771873496 119.74497797128029 126.7131642201757 139.8482081493261 137.88844792102753 118.40369061074513 49.65479235455174 63.39276211371099 106.54259322011346 116.29542572322616 105.98016774355158 90.12920818263564 84.80057483942709 98.27306349768725 126.42307985999179 155.72011991115482 169.8644129300775 158.2225666604762 122.40824859695051 73.93385909933927 29.56869382310492 2.5865852347565714 -4.01486248281139 25.033521445511337 49.79880648705772 46.2600370141994 24.243564724456512 -4.310343754893983 -23.294883135549465 -22.00251915264902 -0.15632619387079383 30.838027263617587 54.521360165389105 58.97347400384097 41.492543907100185 10.489764960760404 -18.08982318683013 -31.012616189655112 -19.895673124996765 3.985600719800401 -4.912110889711538 -31.042536114690343 -70.80794560476254 -111.28802428248166 -137.97509638232327 -142.74168679060318 -126.64913864729488 -99.6603898995293 -75.67493669020378 -65.33669238530624 -69.82546301183353 -81.3728759856955 -86.7435814796476 -76.62319127772003 -39.586908261991745 -13.465918815382711 -37.86019989088749 -74.17982605675294 -121.23801730620916 -166.94399988398212 -198.79922343178512 -208.2346237120911 -196.02825561466838 -171.08093032464757 -145.85321731066531 -130.0559031095323 -125.60522713543679 -126.10967823403351 -119.57599563810135 -98.59301341950517 -49.14841406083603 -12.552292055444433 -35.18736198377435 -66.91150959805985 -106.33954973335368 -144.57740254611403 -170.70309012782135 -178.59162960971838 -168.58418125535582 -147.9425613682444 -126.97571167386975 -113.70315983570919 -109.63493693155296 -109.45056964304527 -103.19429920428624 -85.54188596637553 -42.90530323301538 1.9187603184010338 -1.4914878314311129 -15.146656272976234 -34.46673525178735 -54.18198668679647 -66.84618967098525 -67.8026423981559 -57.892141523675036 -42.54493773738803 -29.395287870119997 -24.361738829477325 -28.429032047422474 -37.257678156941424 -42.717597552001315 -40.6537152010236 -21.747112691701815 20.413997589182344 41.37797616452075 50.785750711983646 55.95345358433452 58.41029873670827 62.311939680743116 69.66141343567818 79.82712552527882 89.24440398873287 93.17919412239856 88.14144494817361 73.82992965946045 53.545588050247986 32.96744087076691 15.7947756749676 5.484269233994684 30.578735661813845 66.40426300786436 93.02910559364973 116.62909718998326 136.33122514627814 152.64500519650696 165.45981013788438 174.14143705757922 177.32730771492197 173.43783764215593 161.42882865307357 141.54917632776807 115.80807546419783 86.90693130363519 57.90400284060495 25.662386482769797 25.66238648311127 57.90400284080087 86.90693130102402 115.80807545887654 141.54917631961993 161.4288286437827 173.4378376313587 177.32730770443848 174.14143705016403 165.4598101349638 152.6450051999505 136.33122515304893 116.6290971994091 93.02910560309316 66.40426301667092 30.578735666435144 5.484269239029884 15.794775683104264 32.96744087720032 53.54558805311955 73.82992965597907 88.14144493667872 93.17919410368057 89.24440396574684 79.82712550397778 69.66141342178955 62.31193967485931 58.41029874025113 55.95345359469453 50.78575072592271 41.37797617789572 20.413997596186118 -21.747112684744398 -40.65371518642245 -42.71759753586552 -37.25767814585093 -28.42903204640399 -24.361738838721386 -29.395287888116208 -42.54493775948038 -57.89214154548964 -67.8026424156095 -66.84618968022323 -54.181986686094646 -34.46673524226176 -15.14665625910776 -1.491487818352138 1.9187603252890364 -42.90530322639541 -85.54188595330706 -103.19429918832999 -109.45056962908703 -109.63493692281193 -113.70315983620395 -126.97571168398056 -147.94256138587232 -168.58418127699554 -178.5916296285131 -170.70309013831883 -144.57740254632503 -106.33954972461392 -66.91150958642791 -35.1873619738434 -12.552292050676137 -49.148414055729255 -98.593013409774 -119.57599562669878 -126.10967821959127 -125.6052271216639 -130.05590310303376 -145.85321731122312 -171.08093033157934 -196.02825562623912 -208.23462372428997 -198.79922343981002 -166.9439998856698 -121.23801730346345 -74.17982605154576 -37.860199885552014 -13.465918813196973 -39.58690826171965 -76.62319127518825 -86.7435814736398 -81.37287597766938 -69.8254630019071 -65.33669237297416 -75.6749366813939 -99.66038989578534 -126.6491386476143 -142.74168679426458 -137.97509638637044 -111.28802428410724 -70.80794560545296 -31.04253611606297 -4.912110892176868 3.985600718014248 -19.895673130180466 -31.012616198863974 -18.089823194468707 10.48976495680136 41.49254390794757 58.973474009664834 54.52136017636415 30.83802727711725 -0.1563261819373559 -22.00251914535637 -23.294883133303415 -4.310343757804574 24.24356471758341 46.26003700548046 49.798806477614995 25.03352144066464 -4.014862488234444 2.586585223043704 29.568693808910247 73.93385908507473 122.40824858552442 158.22256665425726 169.86441293130872 155.72011991989942 126.42307987390996 98.27306351232795 84.80057484914684 90.12920818287057 105.98016773539835 116.29542570916072 106.54259320724451 63.39276210650288
</DataArray>
        <DataArray type="Float64" Name="Mode_10_phi2" NumberOfComponents="1" format="ascii">
 1.999426006983722 0.09342410787013733 1.999426006745675 0.09342410521362426 49.65479234355158 118.40369050393399 137.88844757022022 139.84820744381662 126.71316314615783 119.74497663190567 130.707286303131 159.19961175066086 191.98335926447294 211.96588442929036 205.95936522248095 171.05989176666603 117.88743612532798 63.376254649286054 23.254856082730736 4.254673876887077 -2.879062587628981 -9.01482432891901 -15.185723389794518 -17.817155755106242 -15.0206172938358 -7.048776412872245 3.019626528069202 9.577088376998036 10.617261773540369 6.526387769313958 0.3043918571123544 -4.001129985568572 -3.7553760413370214 3.930368940318708 8.571652562554185 31.52640274777132 49.65479233870764 118.40369049180114 137.88844755337044 139.8482074260974 126.71316313154054 119.74497662374982 130.70728630366298 159.1996117584 191.9833592755436 211.96588443794937 205.95936522395183 171.05989176069886 117.88743611224322 63.37625463234627 23.254856068615318 4.254673870260175 -2.8790625894149042 -9.014824330993374 -15.18572339043774 -17.81715575428117 -15.020617292969304 -7.048776410404617 3.0196265314741355 9.577088380084112 10.61726177490899 6.526387767896926 0.30439185374981265 -4.0011299891525125 -3.755376043838077 3.9303689413058156 8.571652563569407 31.526402750764113 63.39276212095489 25.033521600522793 3.9856009964173555 -13.46591848213908 -12.552291780600722 1.9187604424135891 20.41399753171872 30.578735477632698 25.662386269630424 5.484269095139601 -21.74711270704474 -42.905303157588506 -49.148413984562545 -39.58690827318143 -19.895673337520027 -4.0148627515093676 106.5425931444993 49.79880674830882 -4.912110362763061 -37.86019922055881 -35.18736142772857 -1.4914875927542328 41.3779760212654 66.40426259946935 57.90400238231377 15.794775396691385 -40.65371519970364 -85.54188575247835 -98.59301319253397 -76.62319123739124 -31.01261654337628 2.5865846727828177 116.29542541550812 46.260037202317086 -31.042535530286646 -74.17982524181237 -66.9115089091662 -15.146655999551955 50.7857504775642 93.0291050042405 86.906930671915 32.967440519522086 -42.71759747502222 -103.19429879385862 -119.57599517775881 -86.74358127374734 -18.089823466102256 29.568693142858425 105.98016712002573 24.243564728307447 -70.80794505774945 -121.23801644646225 -106.33954899440478 -34.46673500085811 55.95345323043093 116.62909642712444 115.80807468623108 53.54558766600528 -37.257677959303734 -109.45056898550453 -126.10967747372975 -81.37287553759307 10.48976483916933 73.93385845070347 90.12920725179801 -4.3103439724484245 -111.28802381717534 -166.9439990311725 -144.57740180228413 -54.18198647903628 58.41029826982942 136.33122423498068 141.54917543450438 73.82992926433572 -28.42903172944355 -109.63493603491929 -125.60522608477612 -69.82546230784654 41.49254396406063 122.40824804380472 84.80057372583316 -23.294883501601774 -137.97509595392697 -198.79922256304158 -170.70308936257763 -66.8461894845958 62.311939133682955 152.64500417181972 161.42882766919433 88.14144453316649 -24.361738431854167 -113.70315877570667 -130.0559018635837 -65.33669150852798 58.9734741608197 158.22256615985162 98.27306238285863 -22.002519528847657 -142.74168630157334 -208.23462276152202 -178.59162877185503 -67.80264218442335 69.66141286002326 165.45980904467353 173.43783658631634 93.17919366386688 -29.395287463696462 -126.97571056404809 -145.85321600705333 -75.674935782153 54.5213602852354 169.8644123703611 126.42307889688364 -0.15632643928925263 -126.64913801064424 -196.02825452194452 -168.58418029932614 -57.89214123682883 79.82712497063483 174.14143594194354 177.32730661064056 89.24440346930285 -42.54493738636735 -147.94256031490167 -171.0809290941362 -99.66038909456215 30.838027224777036 155.72011917638434 155.72011916622583 30.83802721709865 -99.66038909561428 -171.08092908651565 -147.94256029567578 -42.54493736433948 89.24440348593993 177.3273066170634 174.14143593859848 79.82712495591922 -57.89214125628457 -168.58418031887388 -196.0282545300702 -126.64913801130898 -0.15632643367375765 126.42307890590656 169.86441236369262 54.521360276845776 -75.67493578659922 -145.85321600283478 -126.97571055054584 -29.395287445600843 93.179193675852 173.43783659327045 165.45980904532738 69.66141285324441 -67.80264219766059 -178.59162878457028 -208.23462276723353 -142.74168630090514 -22.002519526133778 98.2730623864432 158.22256615908188 58.973474155437145 -65.33669151490523 -130.05590186656374 -113.7031587713591 -24.361738423411925 88.1414445386277 161.4288276741366 152.64500417668316 62.31193913433628 -66.84618948905761 -170.70308936516562 -198.79922256309385 -137.9750959512305 -23.294883502338912 84.80057372271598 122.40824805043772 41.49254396337418 -69.82546231383789 -125.60522609484553 -109.63493603934981 -28.429031731658164 73.82992926220811 141.5491754356781 136.33122423977812 58.410298277273895 -54.18198647378215 -144.57740179464975 -166.94399902383756 -111.28802381430287 -4.310343976366144 90.1292072421393 73.93385846281569 10.48976484281777 -81.3728755430963 -126.10967748310043 -109.45056899643772 -37.257677971413415 53.545587656757 115.80807468085712 116.629096430085 55.95345324191527 -34.46673498719695 -106.33954897856647 -121.23801643425573 -70.80794505439009 24.24356472199603 105.9801671055013 29.56869315658534 -18.08982345844637 -86.74358127718395 -119.57599518434294 -103.19429880630467 -42.717597490857536 32.96744050447944 86.90693066123465 93.02910500426484 50.78575048824672 -15.146655981580597 -66.91150888919039 -74.1798252286041 -31.042535526014287 46.26003719427732 116.2954254000068 2.5865846843534475 -31.01261653413512 -76.62319123715807 -98.59301319739761 -85.54188575941333 -40.65371521412905 15.794775380788376 57.904002369890975 66.40426259555463 41.377976028259134 -1.491487575595249 -35.18736140879219 -37.86019920815828 -4.912110360386254 49.798806741032394 106.54259313152419 -4.01486274618194 -19.89567333212207 -39.58690827158316 -49.14841398671263 -42.90530316006636 -21.74711271374445 5.484269086624768 25.662386262180753 30.578735474249644 20.41399753474068 1.9187604513433376 -12.552291770707505 -13.465918475114956 3.985600996301546 25.033521597300606 63.39276211450451
</DataArray>
        <DataArray type="Float64" Name="Mode_11_w" NumberOfComponents="1" format="ascii">
 0.018758288422854628 0.019061904225797247 0.018758288423088618 0.01906190422383394 -0.0009087348578324605 0.0019177817957878214 -0.0008984782096767057 0.0016880215991717715 0.0016880215991717715 0.004007691113762011 0.0009493230875129813 -0.0015272350606406993 -0.001513910621146052 0.0013455680296864307 0.0046570917885465895 0.0019522806796647865 0.0019522806796647865 -0.0006545318615612065 0.0036400418727745537 -0.0019366582592026586 -0.0019366582594523612 0.003640041872706555 -0.0006545318615894132 0.0019522806795031103 0.0019522806795031103 0.0046570917880264994 0.0013455680292992324 -0.0015139106203596634 -0.0015272350609620879 0.0009493230876609977 0.004007691113836969 0.001688021599249991 0.001688021599249991 -0.0008984782096171823 0.0019177817958165365 -0.0009087348573734822 -0.0009087348571000886 0.0019177817962411287 -0.0008984782098451593 0.0016880215991259368 0.0016880215991259368 0.004007691113459193 0.0009493230871545114 -0.0015272350602321336 -0.001513910621433828 0.001345568029997959 0.00465709178843662 0.0019522806797207446 0.0019522806797207446 -0.0006545318613757184 0.003640041872551189 -0.001936658258789702 -0.0019366582586691986 0.003640041873370778 -0.0006545318620290997 0.0019522806797903905 0.0019522806797903905 0.0046570917881525375 0.0013455680291719052 -0.0015139106199661707 -0.0015272350613796007 0.0009493230877879291 0.004007691113913331 0.0016880215992986056 0.0016880215992986056 -0.0008984782096714013 0.0019177817959110186 -0.0009087348574780441 7.37245479864993 10.785531346445811 10.194623178118754 5.492991048510224 5.492991048510224 -1.6329444172274012 -8.570930372698623 -12.510875607521118 -11.784940977872782 -6.4535023666681886 1.6619420697243266 9.406907050475908 9.406907050475908 13.96935833045452 13.454334119879544 7.233999788635245 10.785531346249702 17.380662289080142 17.100410874948054 10.209068329930398 10.209068329930398 -1.0516031306777198 -12.500872997280364 -19.776850827847493 -19.672445714833692 -11.896412948072498 0.8152811734345518 13.78417180190081 13.78417180190081 21.941958348486946 22.174349544622252 13.454334120075377 10.194623177757043 17.10041087459633 17.36668076832371 11.054587685188904 11.054587685188904 0.21385454694538525 -11.288348436573164 -19.09645357178866 -19.876854987535022 -12.853980855724132 -0.5240014197674661 12.552224574394007 12.552224574394007 21.22591419091294 21.941958349223547 13.969358331055707 5.4929910480100705 10.209068329300537 11.054587684794877 8.015454366282516 8.015454366282516 1.8477363948452865 -5.414241717189425 -11.093772412503057 -12.778374362662696 -9.408594516580692 -2.0895777860394373 6.395690468612092 6.395690468612092 12.552224575592074 13.784171803749354 9.406907051662557 5.4929910480100705 10.209068329300537 11.054587684794877 8.015454366282516 8.015454366282516 1.8477363948452865 -5.414241717189425 -11.093772412503057 -12.778374362662696 -9.408594516580692 -2.0895777860394373 6.395690468612092 6.395690468612092 12.552224575592074 13.784171803749354 9.406907051662557 -1.6329444175999557 -1.0516031313426641 0.21385454627725128 1.8477363944356087 1.8477363944356087 2.9365101021410305 2.7388647430752426 1.2284598455476647 -0.9269008408509167 -2.5855251925294414 -3.0041809549693017 -2.0895777853282054 -2.0895777853282054 -0.5240014178459769 0.8152811759243237 1.661942071446601 -8.570930372883659 -12.500872997740819 -11.288348437242547 -5.414241717898712 -5.414241717898712 2.7388647425835755 9.837903050912654 13.121600699776412 11.304036643401144 5.270578173267654 -2.5855251927531016 -9.408594516092753 -9.408594516092753 -12.853980854028228 -11.89641294572459 -6.453502364923287 -12.510875607612276 -19.77685082803161 -19.096453572310395 -11.0937724133042 -11.0937724133042 1.2284598448312483 13.121600699363242 20.080522027842974 19.363584767062175 11.304036642502863 -0.9269008420159927 -12.778374363022921 -12.778374363022921 -19.876854986640485 -19.672445713186704 -11.78494097655951 -11.784940977777435 -19.672445714782892 -19.876854987745194 -12.778374363147863 -12.778374363147863 -0.9269008416126925 11.304036642848436 19.363584766710556 20.08052202672833 13.121600697773374 1.2284598432958405 -11.093772413928182 -11.093772413928182 -19.096453571853434 -19.77685082699033 -12.510875606690483 -6.453502366298025 -11.896412947661714 -12.853980855635609 -9.40859451677928 -9.40859451677928 -2.5855251930120438 5.2705781724989835 11.304036642105634 13.121600697719726 9.83790304835687 2.7388647403506616 -5.414241719140798 -5.414241719140798 -11.288348437412079 -12.500872997266102 -8.570930372342904 1.6619420703054841 0.8152811741225742 -0.5240014193763624 -2.0895777862399756 -2.0895777862399756 -3.0041809554736556 -2.5855251932914363 -0.9269008423103154 1.2284598435346685 2.7388647407996833 2.936510100232983 1.8477363933321003 1.8477363933321003 0.21385454610639287 -1.0516031309750102 -1.6329444171997902 9.406907050951533 13.784171802579888 12.552224574800217 6.39569046833482 6.39569046833482 -2.0895777861038582 -9.408594516591771 -12.778374363022682 -11.093772413358197 -5.4142417181508105 1.8477363941363627 8.015454366067491 8.015454366067491 11.054587685115127 10.209068330065886 5.492991048602513 9.406907050951533 13.784171802579888 12.552224574800217 6.39569046833482 6.39569046833482 -2.0895777861038582 -9.408594516591771 -12.778374363022682 -11.093772413358197 -5.4142417181508105 1.8477363941363627 8.015454366067491 8.015454366067491 11.054587685115127 10.209068330065886 5.492991048602513 13.9693583308822 21.941958349006505 21.225914190939164 12.552224574920684 12.552224574920684 -0.5240014188269596 -12.853980854677989 -19.876854986461343 -19.096453570862003 -11.288348435849597 0.21385454752967556 11.0545876858686 11.0545876858686 17.366680769248813 17.100410875710157 10.194623178524642 13.454334120143745 22.174349544857606 21.941958349039776 13.784171802877033 13.784171802877033 0.815281174838943 -11.896412946313202 -19.672445712855506 -19.776850825896272 -12.50087299558532 -1.0516031293478818 10.209068330959925 10.209068330959925 17.10041087593862 17.38066229018426 10.785531347039212 7.233999788696455 13.454334120069484 13.969358330853806 9.406907051069629 9.406907051069629 1.6619420707085564 -6.453502365336057 -11.784940976372994 -12.510875605978292 -8.570930371354246 -1.632944416113483 5.492991049310539 5.492991049310539 10.194623178702766 10.785531347078601 7.372454799161746
</DataArray>
        <DataArray type="Float64" Name="Mode_11_phi1" NumberOfComponents="1" format="ascii">
 2.5998400955018868 -55.10769243228022 -2.599840095764447 55.10769243154987 41.01596981533928 9.97874412202586 -0.2828360673974302 -18.015268719990168 -28.325733303033214 -31.40484526848253 -25.063822347050323 -10.748155451041107 7.471008417703563 24.739124820449053 35.60772571114881 34.12687537779207 23.210549849924856 7.144606541449658 -18.47304610456088 -23.019755234094085 -114.86319308143545 -206.9878208993895 -216.11751969544636 -166.86657614553752 -71.90267412046113 41.17120548491272 137.7747583357364 190.05288356040913 185.388240588071 126.90434402722508 33.32073910601985 -64.47369389613222 -139.3601858165162 -166.4597453760086 -151.94627386901323 -64.65055603420355 -41.01596981794919 -9.978744122982595 0.2828360674666672 18.015268720655722 28.325733304095685 31.40484526865204 25.063822345955987 10.748155449354252 -7.471008418658115 -24.739124821120875 -35.60772570977185 -34.126875375998516 -23.210549847552098 -7.144606539947329 18.473046104855026 23.01975523395067 114.8631930806041 206.9878208953366 216.1175196895318 166.86657613711526 71.90267410693401 -41.17120550410385 -137.77475835862327 -190.0528835856433 -185.3882406130894 -126.90434404909533 -33.32073912455703 64.47369388242913 139.36018580715952 166.45974536736702 151.94627386014378 64.6505560302149 81.79238954776767 135.67179732831863 139.92608270763344 101.75445716755314 30.798165301090908 -53.539159308068676 -124.9236501463852 -161.85877756715456 -151.58675620652957 -94.73144920213038 -6.575659253654398 86.24005768991958 157.79727979890558 184.48960462985528 155.5187872034498 74.20565145096366 29.591156882599225 66.55869810349253 79.5578052298158 70.12967109067519 39.68747090894148 -3.069030083774785 -47.31037774269915 -79.55590029036318 -88.7713149812242 -71.36608803865494 -31.814418033777436 19.69188037915913 66.29752128814302 92.75207213402281 97.80401000347433 54.94415577312175 -8.74283831362649 -18.436885273866277 -15.802526364046988 -7.916700598778435 4.784833921364141 17.32201812230905 25.253758647248286 25.507073460389872 17.672490744711496 4.898692628753686 -9.139090663565163 -21.048876149724254 -27.169161517658182 -28.45108475668716 -22.53393870004795 -11.45681867545039 -52.56852420059854 -98.21480987555745 -100.69737851447582 -73.47431248702111 -20.094204967918607 41.58562835187297 92.92827898644893 117.603331560996 107.62297962315549 65.24375814094161 2.5617379886289746 -62.41435967757123 -111.7652077719057 -130.4428898829132 -114.15464557055004 -58.260794206974204 -79.42282572197897 -152.29145351748005 -162.05880977861491 -124.83248793948626 -47.14281634437314 47.2058713506741 130.0427092499045 175.85737006893444 170.01875572110117 113.25799479669581 21.30581803314092 -79.00590796281614 -158.64255827310026 -193.34342044114368 -175.50528236435898 -90.47736315642581 -84.62699211821821 -162.72110816983022 -176.82986324193612 -141.93837036135284 -63.105719538366394 35.75997876507735 126.18738751451652 180.74634605964943 182.35557491522414 129.33452100259225 36.45467867946042 -68.8276471329444 -155.53920790360337 -195.85203090510754 -182.37892896988257 -96.05004961651048 -63.39901305581734 -123.63402419080109 -139.62501575630682 -117.24674752843453 -61.540556042143834 12.410966781384058 83.87779038345224 131.68973194303362 141.06323822391764 108.12690395297486 41.98186968611286 -37.43041257305741 -105.89980640251659 -140.65947599189764 -135.34905450923665 -71.55538529340348 -22.378877641122195 -45.31039926265684 -57.09148465197507 -55.29436683150123 -39.921609638902744 -13.951416895942137 16.587321844473358 43.123325982289664 57.37400711209989 54.14800398914686 33.992755328960605 3.5394840412874102 -27.08257945085666 -45.99407367206421 -50.11655938856027 -27.19992820180779 27.199928198687168 50.11655938184821 45.99407366373173 27.082579440985892 -3.539484054174305 -33.992755343976945 -54.14800400883502 -57.37400713289686 -43.12332600175495 -16.58732186247521 13.951416878940517 39.92160962654685 55.29436682116361 57.0914846422644 45.31039925450655 22.378877636917473 71.55538529235035 135.3490545068098 140.65947598745055 105.89980639684812 37.43041256615694 -41.981869697180734 -108.12690396461672 -141.06323823489006 -131.6897319542282 -83.87779039367857 -12.410966788316552 61.54055603639876 117.24674752198253 139.62501574997117 123.63402418472265 63.39901305246107 96.05004961956469 182.37892897408557 195.8520309085419 155.53920790455632 68.82764713136339 -36.45467867921005 -129.33452100129043 -182.35557491409148 -180.74634605593013 -126.1873875074503 -35.7599787568682 63.105719544892125 141.93837036568738 176.82986324387474 162.72110817032294 84.62699211818651 90.47736316125464 175.50528237389645 193.34342045282932 158.6425582847586 79.00590797184415 -21.305818024242562 -113.25799478372709 -170.01875570420594 -175.85737005052218 -130.04270923002022 -47.20587133108609 47.142816360691974 124.83248795077549 162.05880978671755 152.29145352390313 79.42282572500498 58.26079421372623 114.15464558404148 130.44288989653032 111.76520778383622 62.41435969091906 -2.5617379732509256 -65.24375812391096 -107.62297960165992 -117.60333153518502 -92.92827896069518 -41.585628330551685 20.094204984034373 73.47431249884136 100.69737852279403 98.21480988067056 52.5685242027899 11.456818679241893 22.53393870762948 28.451084765291178 27.169161526763826 21.048876158587152 9.139090673292836 -4.898692615463135 -17.672490728210214 -25.50707344257976 -25.25375863039684 -17.322018108422792 -4.784833912311048 7.916700603080519 15.802526365635346 18.436885274877426 8.742838314174719 -54.94415577241495 -97.80401000240018 -92.75207213369931 -66.2975212898998 -19.69188038280382 31.814418031340143 71.36608803696784 88.77131497975978 79.55590028964696 47.31037774251298 3.069030083793675 -39.687470909368805 -70.12967109330167 -79.55780523470082 -66.55869810833943 -29.591156884979323 -74.20565145160542 -155.51878720515285 -184.48960463378808 -157.79727980579645 -86.24005769892622 6.575659240936777 94.73144918582858 151.58675618837458 161.85877754861298 124.92365012895655 53.539159293768265 -30.798165312715135 -101.75445717688689 -139.92608271552987 -135.67179733608603 -81.79238955278088
</DataArray>
        <DataArray type="Float64" Name="Mode_11_phi2" NumberOfComponents="1" format="ascii">
 2.59984009571202 55.107692432486026 -2.599840095815192 -55.10769243174292 64.65055602938207 151.9462738576486 166.45974536193847 139.36018580029727 64.47369387481056 -33.32073912945125 -126.90434405144944 -185.38824061386345 -190.05288358493948 -137.77475835530817 -41.171205496898295 71.90267411605912 166.8665761449006 216.11751969698017 206.98782090164286 114.86319308244421 23.019755233764027 18.473046104576856 -7.144606541130461 -23.210549849302307 -34.12687537672274 -35.60772570850065 -24.739124818720875 -7.471008416275059 10.748155450589314 25.06382234655678 31.404845268034826 28.32573330181473 18.015268718097794 0.28283606725576993 -9.978744123183112 -41.01596981797565 -64.65055603410524 -151.946273869556 -166.45974537451147 -139.36018581175327 -64.47369388377996 33.32073912233346 126.90434404217905 185.38824059926787 190.05288356573715 137.7747583337655 41.17120547615233 -71.90267413123433 -166.86657615323904 -216.11751969845304 -206.9878209000707 -114.86319308108247 -23.019755233315657 -18.473046103650223 7.1446065420683915 23.210549850292367 34.12687537886786 35.60772571024112 24.7391248194792 7.47100841675471 -10.748155451366772 -25.06382234747768 -31.404845269182736 -28.325733303223803 -18.015268719036055 -0.2828360668468897 9.9787441231942 41.01596981505796 81.79238954734257 29.59115688480466 -8.742838311843418 -52.568524198461084 -79.42282572236167 -84.62699211961765 -63.39901305667801 -22.378877642528614 27.19992819656688 71.55538528999368 96.05004961825506 90.47736316329652 58.2607942144895 11.456818680932473 -54.94415577033889 -74.20565145025229 135.6717973266989 66.55869810690979 -18.436885269380998 -98.21480987141979 -152.2914535166325 -162.7211081715017 -123.6340241930071 -45.31039926590308 50.1165593779873 135.3490545026746 182.37892897212794 175.5052823760811 114.15464558646998 22.533938711500127 -97.80400999857558 -155.5187872033914 139.92608270422167 79.55780523205041 -15.802526358433777 -100.69737850893917 -162.05880977473728 -176.82986324165654 -139.62501575821207 -57.09148465509763 45.9940736589419 140.65947598371935 195.8520309059109 193.3434204541388 130.4428899019431 28.45108476971376 -92.75207213131678 -184.4896046343748 101.75445716219473 70.12967109149918 -7.916700593565177 -73.47431248071916 -124.832487933624 -141.93837035831785 -117.24674752724458 -55.294366834461634 27.082579435511693 105.89980639307271 155.53920790393107 158.64255828640873 111.76520779102518 27.16916153098933 -66.29752128998408 -157.797279810051 30.798165296164797 39.68747090775998 4.784833924614258 -20.09420496231473 -47.14281633802212 -63.10571953249606 -61.540556038594445 -39.92160964065052 -3.5394840578380427 37.43041256192011 68.82764713265352 79.00590797539108 62.4143596967177 21.048876162514286 -19.69188038487716 -86.24005770686351 -53.53915931181703 -3.069030086693039 17.322018122870237 41.585628355071606 47.20587135547891 35.75997877214649 12.410966785941428 -13.951416893909292 -33.99275534642972 -41.98186969815995 -36.45467868029614 -21.305818021249177 -2.5617379696180484 9.139090675792882 31.814418029048515 6.575659232792257 -124.92365014887223 -47.310377745115915 25.253758644760563 92.9282789856875 130.0427092526305 126.18738752062092 83.87779038927 16.587321847705287 -54.14800400659405 -108.12690396492066 -129.33452100427482 -113.25799478470712 -65.24375812218862 -4.898692616075696 71.36608803627719 94.73144918164888 -161.8587775682493 -79.55590029224042 25.50707345586005 117.60333155778585 175.85737006927147 180.74634606371959 131.68973194877066 43.1233259868212 -57.37400712922804 -141.0632382357399 -182.3555749172378 -170.0187557083515 -107.62297960400717 -17.672490730874056 88.77131498155292 151.58675619052187 -151.58675620536306 -88.771314983228 17.672490739567152 107.62297961922953 170.0187557176456 182.3555749172561 141.06323822745253 57.37400711787978 -43.123325997898625 -131.68973195470485 -180.74634606093082 -175.85737005588317 -117.60333154175032 -25.507073445957342 79.55590029334044 161.85877755710115 -94.73144919833803 -71.36608804046583 4.898692623208131 65.24375813598228 113.25799479208946 129.33452100035896 108.12690395551788 54.14800399609457 -16.587321857913743 -83.87779039415253 -126.1873875142215 -130.04270923751298 -92.92827896961289 -25.25375863441125 47.310377748215146 124.92365014149343 -6.575659247690816 -31.81441803529934 -9.139090669166082 2.5617379804578952 21.305818028161834 36.454678675931376 41.981869690475975 33.99275533558649 13.951416885668337 -12.410966788028599 -35.75997876444458 -47.20587134221254 -41.58562834032431 -17.32201811322728 3.069030089630778 53.539159306959746 86.24005769571781 19.69188037956073 -21.048876155415083 -62.41435968810555 -79.0059079702987 -68.82764713258717 -37.43041256813878 3.539484049955978 39.92160963426543 61.54055603887204 63.10571953859673 47.142816347994014 20.09420497293749 -4.784833916596106 -39.68747090652397 -30.798165301806385 157.7972798050657 66.29752128878252 -27.169161524997527 -111.76520778316116 -158.64255828111575 -155.5392079011735 -105.89980639457076 -27.08257943996791 55.29436683086816 117.24674752663596 141.9383703602985 124.8324879387875 73.4743124865833 7.916700599529951 -70.12967109324674 -101.75445717040236 184.4896046347445 92.75207213296727 -28.451084764725483 -130.44288989419732 -193.3434204470457 -195.85203090213813 -140.65947598095283 -45.994073658988015 57.09148465278032 139.62501575515645 176.82986323905826 162.058809774555 100.69737851102826 15.802526361461274 -79.55780523509475 -139.9260827139475 155.51878720549453 97.80401000154929 -22.53393870656138 -114.15464558068497 -175.5052823689359 -182.3789289656536 -135.3490544978911 -50.116559376649825 45.31039926432424 123.63402418864091 162.72110816693888 152.29145351251483 98.21480986988915 18.436885270985833 -66.55869810917224 -135.67179733555116 74.20565145154472 54.94415577217658 -11.456818678425167 -58.26079421204492 -90.4773631587653 -96.05004961394486 -71.55538528733776 -27.19992819536234 22.378877641657738 63.39901305428751 84.62699211705717 79.42282571923025 52.5685241964127 8.742838312404317 -29.5911568856213 -81.79238955309815
</DataArray>
        <DataArray type="Float64" Name="Mode_12_w" NumberOfComponents="1" format="ascii">
 -4.663173561906198e-10 2.9962864505231756e-10 -4.66374077325158e-10 2.96822081050108e-10 0.0006666356248044257 -0.001788982351175884 -0.002821166797026308 6.37469122722619e-5 6.37469122722619e-5 -0.0015044763211298745 -0.0024563339046306952 -0.0006704137059031978 0.0011533103540045894 0.0020643287794986412 0.0004954571364049872 -0.00040613432240192146 -0.00040613432240192146 0.0026931409575503542 0.0012606004655866855 -0.00045248311398559315 0.000452483056479328 -0.0012606003560517818 -0.002693140974677406 0.00040613436447888094 0.00040613436447888094 -0.0004954570678218112 -0.002064328773413108 -0.0011533103723805583 0.0006704137296145449 0.002456333898867656 0.0015044762240934708 -6.37469668549037e-5 -6.37469668549037e-5 0.0028211668314453197 0.001788982262909127 -0.0006666355848283487 0.0006666356249460176 -0.0017889823522172416 -0.0028211667966695293 6.37469122163919e-5 6.37469122163919e-5 -0.001504476320902039 -0.0024563339043118717 -0.0006704137064696867 0.0011533103535052895 0.002064328779749824 0.0004954571359903487 -0.00040613432256879025 -0.00040613432256879025 0.002693140957663825 0.0012606004651139744 -0.00045248311373285245 0.0004524830568477808 -0.0012606003573250803 -0.00269314097392972 0.0004061343642004355 0.0004061343642004355 -0.0004954570679484494 -0.0020643287733207107 -0.0011533103729853141 0.000670413728827178 0.002456333898952859 0.0015044762241965875 -6.374696677619142e-5 -6.374696677619142e-5 0.0028211668316961403 0.0017889822631107827 -0.0006666355849010659 -1.836553799033777e-7 2.748505697035737 7.936314957343521 13.25418354340356 13.25418354340356 15.255265658838619 11.62894513705199 3.082527863897777 -6.772028575225412 -13.892169796033828 -15.595702721402457 -12.19076302443862 -12.19076302443862 -6.496039094075676 -1.849084607621656 1.1287344805806438e-7 -2.7485062211623386 -4.033124540896474e-7 8.12528137376222 18.037725621980293 18.037725621980293 23.336577086916627 19.519055253612184 6.872573423534796 -9.158266201977744 -20.855149461154877 -23.58306740730115 -17.572378855521958 -17.572378855521958 -7.623563626256193 3.238593510034988e-7 1.8490850188205905 -7.93631544813913 -8.125282113425943 -3.043807047124214e-7 12.221066647350279 12.221066647350279 20.684478791412246 19.26528454335922 7.692514063057693 -8.22119023573671 -19.48986866547043 -20.518045225803807 -11.978983170911434 -11.978983170911434 2.306872572197435e-7 7.623564222508647 6.496039512404539 -13.254183853015846 -18.037726052837733 -12.221066873553413 8.11699192866006e-8 8.11699192866006e-8 10.694786720340092 13.14257117773714 6.171791575997253 -5.136877774790683 -12.395342198897005 -10.335396787245951 -1.200127124886051e-7 -1.200127124886051e-7 11.978983305317344 17.5723792158992 12.190763326806126 -13.254183853015846 -18.037726052837733 -12.221066873553413 8.11699192866006e-8 8.11699192866006e-8 10.694786720340092 13.14257117773714 6.171791575997253 -5.136877774790683 -12.395342198897005 -10.335396787245951 -1.200127124886051e-7 -1.200127124886051e-7 11.978983305317344 17.5723792158992 12.190763326806126 -15.255265756068523 -23.336577162332002 -20.684478633490944 -10.694786235224528 -10.694786235224528 3.4714891919608196e-7 5.314027038620405 3.505123881239348 -1.9419041960326562 -4.488269459273412 -3.6781962834318794e-7 10.335396272128015 10.335396272128015 20.51804506771666 23.58306751550475 15.59570287804526 -11.628945095565118 -19.519055117339278 -19.26528422048515 -13.142570649127656 -13.142570649127656 -5.31402641795751 2.5060387578119287e-7 1.1137701595369836 -0.22188237947465977 -2.8211061873136736e-7 4.4882688085644915 12.395341699791715 12.395341699791715 19.489868436052593 20.855149451222747 13.892169859174697 -3.082527790634322 -6.872573280421658 -7.692513856069918 -6.1717913235368895 -6.1717913235368895 -3.505123632923923 -1.1137699858199077 1.7643422057483292e-8 -6.391688909474057e-8 0.2218821342333705 1.9419039328832992 5.136877592374258 5.136877592374258 8.221190178786594 9.158266238612626 6.77202862636086 6.772028626090663 9.158266238373004 8.22119017865763 5.1368775923303165 5.1368775923303165 1.9419039330287666 0.22188213487453676 -6.304032310611753e-8 1.821092705823029e-8 -1.1137699858144152 -3.5051236335093137 -6.171791324319012 -6.171791324319012 -7.692513856850304 -6.8725732810554465 -3.082527790672513 13.89216985889425 20.855149450428137 19.48986843489612 12.395341698415017 12.395341698415017 4.488268807667639 -2.8189210877938706e-7 -0.22188237810713884 1.1137701612703212 2.5167789596628574e-7 -5.314026417928497 -13.142570650079271 -13.142570650079271 -19.26528422151161 -19.519055118004836 -11.628945095894863 15.595702878140846 23.583067515093646 20.518045066489282 10.335396270090275 10.335396270090275 -3.6970302690841536e-7 -4.488269459950764 -1.941904195166405 3.505123883172417 5.314027040262003 3.4786886276413945e-7 -10.694786235386143 -10.694786235386143 -20.68447863416952 -23.336577162591734 -15.255265756101723 12.19076332763118 17.57237921653396 11.978983304961242 -1.2163491773204643e-7 -1.2163491773204643e-7 -10.335396789428554 -12.39534220023572 -5.136877774606186 6.171791577299046 13.14257117935145 10.694786721219097 8.13921850151331e-8 8.13921850151331e-8 -12.221066873586894 -18.03772605284342 -13.254183852918985 12.19076332763118 17.57237921653396 11.978983304961242 -1.2163491773204643e-7 -1.2163491773204643e-7 -10.335396789428554 -12.39534220023572 -5.136877774606186 6.171791577299046 13.14257117935145 10.694786721219097 8.13921850151331e-8 8.13921850151331e-8 -12.221066873586894 -18.03772605284342 -13.254183852918985 6.496039513963997 7.623564224510699 2.316630703316419e-7 -11.978983171449752 -11.978983171449752 -20.518045227461023 -19.489868667222403 -8.22119023620637 7.692514063571307 19.265284544129184 20.684478791972747 12.221066647422141 12.221066647422141 -3.043403259074483e-7 -8.125282113278796 -7.936315448045045 1.8490850206096578 3.264484010131202e-7 -7.623563624346916 -17.572378855185814 -17.572378855185814 -23.583067407986633 -20.85514946235021 -9.158266202933028 6.872573423522337 19.519055253751965 23.336577086809218 18.037725621744666 18.037725621744666 8.125281373492724 -4.0339719274412867e-7 -2.748506221112742 1.1391516378415627e-7 -1.8490846058087644 -6.496039092649239 -12.19076302378094 -12.19076302378094 -15.595702721496172 -13.892169796343813 -6.772028575848513 3.082527863425817 11.628945136893828 15.255265658544268 13.254183543047422 13.254183543047422 7.936314957019344 2.7485056969080732 -1.8365580025974403e-7
</DataArray>
        <DataArray type="Float64" Name="Mode_12_phi1" NumberOfComponents="1" format="ascii">
 -0.23736492372380727 0.15958991347426002 0.2373649237487303 -0.15958992152949608 -1.15351862614195 -13.083215364052727 -22.295357772570146 -23.647635380666888 -13.589761845254715 5.485948776980579 26.454758151024627 40.66985785903545 41.443499772078354 29.559139456870195 7.5084633726599925 -12.71410708268671 -23.111087017576452 -22.57609862332961 -14.28527313062414 -4.743232986489247 6.999957056082223 37.46605075395418 98.8714981176771 174.485680916042 231.83727189737536 237.83930507902087 176.45486664902597 62.02644496983685 -71.61939865205782 -182.45055720091574 -234.12782571680899 -218.21286106891066 -156.06520131838855 -82.03667847738741 -25.773028499695535 -2.5908179712651163 1.1535186260373071 13.083215363800413 22.29535777266714 23.64763538060012 13.589761845607107 -5.485948775637542 -26.454758150810047 -40.66985786109824 -41.44349977285915 -29.55913945651519 -7.5084633710796576 12.71410708578019 23.111087020659813 22.57609862540614 14.285273128938641 4.743232983403946 -6.999957072872509 -37.46605078196379 -98.87149814091596 -174.48568093077378 -231.8372719003797 -237.83930507765552 -176.45486664276902 -62.026444960064076 71.61939865997117 182.45055720496194 234.1278257226703 218.21286107580562 156.06520132486688 82.03667848121177 25.773028500874766 2.5908179713371013 -1.8751518913338936 17.486409598594587 69.33162500367567 133.18636496853472 180.96665360080473 181.8676739245948 125.29173467505466 26.05866615851964 -84.02581179086111 -167.43109686377932 -197.01844501760797 -171.4998182070426 -110.67715661233206 -45.886404821874024 -3.911145725697047 6.609281533700865 -37.05454455828473 -61.941535830160745 -43.903069131361526 0.10776835770925557 51.28148810409944 83.87269035178004 80.98999045153052 41.31876145782409 -16.24536689309969 -62.868846329734524 -78.63357567104616 -58.204535464540484 -13.76154298792903 29.447822995274173 49.42633092485903 31.667210938802963 -61.21276332155566 -117.78448237994077 -131.9250695822571 -119.92081648906486 -88.13611320254857 -52.003281049978945 -21.975503536452877 -1.2691423399490156 13.687325815158482 31.103563335079752 58.06853122403969 91.8261827298441 121.49948866770116 132.4707754820357 116.59278546052737 59.81148540332443 -64.29622640025818 -133.71467888683392 -171.11065442529616 -184.33129616316256 -171.04779455334005 -134.69425368955447 -81.85314571041212 -21.104047675099867 40.30737319835667 96.2034523786407 141.69558813519734 172.39960610182416 183.81378778855327 171.08789660174853 136.25257727125998 66.24666095231117 -34.19827512910194 -78.99505334709721 -120.12582573075468 -152.6932548737631 -165.6649490449882 -149.71480314059187 -102.97930629847775 -33.673768706333696 42.343419117589725 107.93530370797426 150.46816816457405 164.8666423408799 153.84712099489855 124.7845722253642 89.82041520007984 41.421508312743995 20.397260817649663 27.50795524611237 0.8203668028577604 -39.61041433668691 -79.26544892745635 -95.51755186195012 -77.66215912215344 -30.583171404457214 27.287562560460593 72.94949709873987 89.96058784162804 75.85834656071964 41.924422664108924 6.402733973978249 -12.658071158771355 -11.016679163487764 77.65662780178474 142.45842498512945 138.7487890498221 97.68953027509367 37.69158755120075 -10.917928472851116 -28.935671230955766 -16.53913812475238 8.121931397388307 20.38082306233619 3.4536371655215223 -41.575624643169384 -96.06287666214988 -131.96043714504822 -128.61645951910285 -70.19528252922413 111.23097634012659 211.81526484916333 227.73307665481371 189.8714931238602 119.62541858233824 52.127932844823654 10.507980016674999 -1.8875474897547841 -1.8993156174835766 -14.170356848275954 -55.1807179807221 -121.24212842781816 -189.24089378941184 -224.93742855827307 -207.52880811414144 -108.68091854961341 108.68091854621358 207.5288081039939 224.93742854399525 189.24089377381915 121.24212841237068 55.180717974231186 14.170356853992024 1.8993156335062373 1.8875475095394312 -10.507980002114829 -52.12793284086058 -119.62541858612114 -189.87149313384236 -227.73307666545065 -211.8152648565218 -111.23097634416793 70.1952825295315 128.61645951620463 131.96043713575875 96.0628766466066 41.57562462612584 -3.4536371798038648 -20.380823069444368 -8.12193139448984 16.539138136325036 28.935671245443007 10.917928484713913 -37.69158754659265 -97.68953027376193 -138.74878904877087 -142.45842498536607 -77.65662780267778 11.016679168354047 12.65807116689979 -6.402733969651675 -41.92442266673429 -75.85834657020474 -89.9605878549479 -72.9494971114167 -27.28756256810608 30.583171403774998 77.66215912701155 95.51755187091396 79.2654489393037 39.61041434582851 -0.820366795694059 -27.507955239689 -20.39726081399138 -41.421508304326125 -89.82041518518201 -124.78457221090146 -153.84712098472875 -164.86664233840875 -150.46816816941666 -107.93530371696268 -42.3434191279455 33.67376869771204 102.9793062957541 149.7148031417193 165.66494904872863 152.69325488163142 120.12582573821422 78.99505335034036 34.19827513015796 -66.24666094333062 -136.2525772530882 -171.08789658180822 -183.81378777108455 -172.3996060895542 -141.6955881328929 -96.20345238523005 -40.30737320825073 21.104047663324803 81.85314569850495 134.69425368248935 171.04779455122818 184.33129616337584 171.11065442759693 133.71467888911118 64.2962264006802 -59.81148539821029 -116.59278545035873 -132.47077546827396 -121.49948865308833 -91.82618271662392 -58.068531212476024 -31.10356333161307 -13.687325821672184 1.2691423310679588 21.975503527531867 52.00328104052185 88.13611319544898 119.92081648548675 131.92506957880968 117.7844823775355 61.21276332087809 -31.667210944001102 -49.42633093230211 -29.447822998283193 13.761542990068758 58.204535474238995 78.63357568267476 62.86884633981887 16.245366895439854 -41.318761463959554 -80.9899904596024 -83.87269035701188 -51.28148810746958 -0.10776836066031326 43.903069129253744 61.941535829069096 37.05454455766257 -6.609281543443556 3.9111457062095143 45.886404801040335 110.67715660093134 171.49981820343768 197.01844502243483 167.43109687037588 84.02581179628376 -26.058666155277894 -125.291734672663 -181.8676739227301 -180.9666535973581 -133.1863649645134 -69.3316250002392 -17.486409597349216 1.8751518913534908
</DataArray>
        <DataArray type="Float64" Name="Mode_12_phi2" NumberOfComponents="1" format="ascii">
 0.2373647962685224 0.15959166623463564 -0.23736479625122775 -0.1595916581977283 -2.590821205760262 -25.77303602740202 -82.03668662529594 -156.06520837320468 -218.2128654633867 -234.127827328258 -182.45055688244975 -71.6193976342395 62.02644592865973 176.45486764470778 237.8393068836945 231.8372753637519 174.48568632386005 98.87150476719133 37.46605718922003 6.999960675003487 -4.743232279433322 -14.285272588850896 -22.576098841406377 -23.11108756864972 -12.714107711426156 7.508462953543318 29.559139367188248 41.44349985521907 40.66985781205133 26.4547577500168 5.4859480103625975 -13.58976275419762 -23.64763609545979 -22.295357804343446 -13.083214922456698 -1.1535165685859667 2.5908212056318938 25.773036026899856 82.03668662399372 156.06520837171038 218.21286546160604 234.12782732838508 182.45055688640537 71.61939763472974 -62.026445932095605 -176.45486764861496 -237.8393068839644 -231.8372753566223 -174.48568630627787 -98.87150474151257 -37.466057161196176 -6.999960658549577 4.743232282777336 14.285272590025896 22.5760988386766 23.11108756565582 12.71410770780291 -7.508462953662374 -29.5591393696316 -41.44349985546046 -40.66985781036807 -26.45475774964544 -5.4859480109867835 13.589762754189483 23.647636095766224 22.295357805419876 13.083214923031461 1.153516568554822 1.8751478733067275 37.05454327908232 61.21276383972546 64.2962285060635 34.19827764157883 -20.397258888972818 -77.65662699109369 -111.23097644325084 -108.68091886505067 -70.19528227528785 -11.016677997816121 41.42151004156205 66.24666242252302 59.8114858483443 31.667209382538424 6.609279279074982 -17.48641609082311 61.941533150520534 117.78448385415035 133.71468318949144 78.99505833978105 -27.50795168992874 -142.4584238906435 -211.8152657053995 -207.52880935999158 -128.6164594804271 -12.658069079458812 89.8204187021227 136.25258046494443 116.5927866553385 49.42632841192035 -3.9111503575051567 -69.33163153000984 43.90306651388421 131.9250719717397 171.1106598771373 120.12583157389105 -0.8203632232804139 -138.74878891288952 -227.73307918299437 -224.93743153526762 -131.96043823968554 6.402735915337005 124.78457652347072 171.08790105951442 132.47077768951712 29.44782119382298 -45.88641014577941 -133.18636981627182 -0.10776983683707832 119.92081986347917 184.33130210988296 152.6932604871483 39.61041686495409 -97.68953193621985 -189.87149785543238 -189.2408988934135 -96.06287932682918 41.92442389918669 153.84712547276163 183.81379310796925 121.49949194465577 -13.761543505396133 -110.67716109510233 -180.96665598036245 -51.2814879736559 88.13611715115412 171.0478001219647 165.66495352639265 79.26544984001855 -37.69159101739974 -119.62542511439729 -121.2421351590794 -41.57562864255568 75.8583468784644 164.86664642984985 172.39961164002494 91.82618679507567 -58.204534578968726 -171.49982104919155 -181.86767412195908 -83.8726889759238 52.00328479588428 134.6942581109414 149.7148060366473 95.51755137944606 10.917924128770665 -52.12793975392447 -55.18072489166846 3.4536328587348395 89.96058756818739 150.46817150985123 141.69559312562885 58.06853529482867 -78.63357400470173 -197.01844634995737 -125.29173372833127 -80.9899887713542 21.975506169077182 81.85314834434905 102.9793075811072 77.6621579826573 28.935667507697243 -10.507985361659562 -14.170362024578598 20.380819856455943 72.94949685143878 107.93530611315224 96.20345605115357 31.103566438338163 -62.86884490820546 -167.43109743276523 -26.058665125684115 -41.31876050406857 1.2691431233682091 21.10404814635183 33.67376856566758 30.58317044876038 16.539136409759397 1.8875453911672124 -1.899317457835465 8.1219304632589 27.287562866199544 42.34342046524293 40.30737494896436 13.687327142292348 -16.24536655470466 -84.02581243330782 84.02581243237103 16.24536655582866 -13.687327141663038 -40.307374948472315 -42.343420463189005 -27.287562861294724 -8.121930458610908 1.8993174574947216 -1.887545395760426 -16.539136416498334 -30.583170455563657 -33.673768569353804 -21.10404814627034 -1.2691431218326328 41.31876051139744 26.058665127805856 167.43109742946473 62.86884490252411 -31.103566441687004 -96.20345605395502 -107.93530610838275 -72.94949683754291 -20.38081984091978 14.170362033593253 10.507985360116912 -28.93566751994423 -77.66215799657805 -102.97930759290391 -81.85314834638746 -21.97550616564855 80.98998877887989 125.29173373148552 197.01844634876645 78.63357399604745 -58.06853530452113 -141.69559313487633 -150.4681715069758 -89.9605875528349 -3.453632837162304 55.18072490930374 52.127939758994735 -10.917924138824445 -95.5175513950381 -149.71480605008188 -134.69425811701527 -52.00328479083354 83.87268898034081 181.86767412513078 171.49982105509073 58.20453457114031 -91.82618680907501 -172.3996116557293 -164.8666464348723 -75.85834686676185 41.575628664088065 121.2421351802205 119.62542512367298 37.69159101429334 -79.26544985377186 -165.6649535372777 -171.047800128501 -88.13611714794548 51.281487976030434 180.96665598070425 110.67716110919179 13.761543502843345 -121.49949196126198 -183.81379312800593 -153.8471254860793 -41.92442389683368 96.06287934390994 189.24089891310572 189.87149786668596 97.68953193580643 -39.61041687295948 -152.69326049594596 -184.33130211214416 -119.92081986287481 0.10776983802346435 133.1863698149811 45.886410166749926 -29.44782119147815 -132.47077770449968 -171.08790108283 -124.78457653994128 -6.402735922249604 131.96043824941032 224.93743154914387 227.73307919450835 138.74878891290308 0.8203632186488963 -120.12583157910301 -171.11065987773753 -131.92507197002948 -43.90306651317893 69.33163152958947 3.9111503769401015 -49.426328404505334 -116.59278666770675 -136.2525804851345 -89.82041871680626 12.658069071356575 128.61645947974392 207.52880936724156 211.81526571285136 142.4584238919489 27.50795168607599 -78.99505834126418 -133.71468319000695 -117.78448385144402 -61.941533148058895 17.48641609083742 -6.609279269072679 -31.667209377520514 -59.811485854978244 -66.24666243152568 -41.42151005015334 11.016677995049038 70.19528227196263 108.68091886605521 111.23097644667668 77.65662699271488 20.397258886772903 -34.198277642128396 -64.29622850624531 -61.21276383774881 -37.05454327748474 -1.8751478730399633
</DataArray>
        <DataArray type="Float64" Name="Mode_13_w" NumberOfComponents="1" format="ascii">
 -0.029835922484546785 0.019147989810538883 -0.02983592248304995 0.019147989809368927 0.0012773691682871136 -0.002823223066415921 0.0011004237700881845 -0.0017480498263665431 -0.0017480498263665431 -0.003094071650433511 -0.0002051947559249961 0.0008049679476817055 -0.0005419342460456189 0.00017454197326393644 0.0022001733705627755 0.0013393565080228912 0.0013393565080228912 -0.0005464596842821783 0.0034983691860172366 -0.0018363774245545167 -0.001836377439034672 0.003498369225453392 -0.0005464596000436705 0.0013393564953405857 0.0013393564953405857 0.0022001733859852678 0.0001745420377199749 -0.0005419342099770024 0.0008049679267227369 -0.00020519483266368194 -0.0030940716973601227 -0.0017480498242759173 -0.0017480498242759173 0.0011004236821111613 -0.0028232231218680496 0.0012773691881375565 0.0012773691669307205 -0.0028232230667008134 0.0011004237704166254 -0.0017480498263244251 -0.0017480498263244251 -0.003094071650135461 -0.00020519475589042755 0.0008049679476770827 -0.0005419342460386845 0.00017454197328964938 0.0022001733707373754 0.0013393565080119178 0.0013393565080119178 -0.0005464596840782856 0.0034983691858848794 -0.0018363774242377113 -0.001836377438267936 0.0034983692261757716 -0.0005464596002772719 0.0013393564954971922 0.0013393564954971922 0.0022001733859311288 0.00017454203783726842 -0.0005419342101253454 0.00080496792683537 -0.00020519483268217244 -0.0030940716975547543 -0.0017480498243607851 -0.0017480498243607851 0.0011004236820300053 -0.0028232231221644822 0.0012773691884649082 -11.750547200982476 -16.76904903037072 -15.704961587675017 -9.907935648749522 -9.907935648749522 -3.1166469255437446 1.3140749285258058 2.328824194407111 1.618196753076157 2.0079022246131246 5.0216902281486515 9.723059561761474 9.723059561761474 13.472327372485138 13.255244158839549 7.2809284460515515 -16.76904894464226 -25.80386343293633 -23.662532688440137 -13.786193722985061 -13.786193722985061 -2.421193672690616 4.342950174633391 4.555418229836947 1.1409317280893472 -0.3573236887979836 3.4488300516606967 11.579343053693849 11.579343053693849 19.197734220151187 20.871993229041927 13.255244101099537 -15.704961339964578 -23.662532434791242 -19.467615056522085 -7.23230656473623 -7.23230656473623 5.048321133598343 10.318487968301117 6.606598205020121 -1.8509085679894202 -7.401438411112089 -5.105350259111653 4.3076773831181905 4.3076773831181905 14.8433417068126 19.197733981926742 13.472327169463648 -9.90793523498823 -13.786193159837653 -7.232306183181297 5.205410894409295 5.205410894409295 15.533224156055574 16.92010231822495 8.077820878854974 -5.848445358979391 -16.03235605900462 -16.561314964154167 -7.727216985772032 -7.727216985772032 4.307677008881444 11.579342504499046 9.723059180735712 -9.90793523498823 -13.786193159837653 -7.232306183181297 5.205410894409295 5.205410894409295 15.533224156055574 16.92010231822495 8.077820878854974 -5.848445358979391 -16.03235605900462 -16.561314964154167 -7.727216985772032 -7.727216985772032 4.307677008881444 11.579342504499046 9.723059180735712 -3.1166464493216655 -2.421192944189143 5.048321779330633 15.533224489961865 15.533224489961865 22.243504848527856 19.891506939517736 7.97046409723137 -8.407851939899105 -20.859908481198694 -23.616007633868573 -16.561315286947906 -16.561315286947906 -5.105350900181738 3.448829314671354 5.021689740754719 1.3140752914198237 4.342950783804706 10.318488569624575 16.92010272854549 16.92010272854549 19.891507105441995 16.087472282140354 5.606470193912868 -7.799526452237854 -18.04910957339995 -20.859908621095833 -16.032356445931963 -16.032356445931963 -7.401439019940392 -0.35732434054743073 2.0079017904527148 2.328824290406108 4.555418444117548 6.606598444966398 8.077821071505646 8.077821071505646 7.970464206704483 5.606470228655952 1.1786741086086674 -4.032269157638264 -7.79952645891724 -8.407852000205065 -5.848445518996484 -5.848445518996484 -1.8509088246006113 1.1409314419056398 1.6181965413859054 1.6181965412820025 1.140931441628897 -1.8509088248762218 -5.848445519276077 -5.848445519276077 -8.407852000390076 -7.799526459101849 -4.0322691577002665 1.1786741088810804 5.6064702290748425 7.970464207031555 8.077821071669506 8.077821071669506 6.6065984453232485 4.555418444280404 2.3288242905125345 2.007901790339578 -0.35732434066755037 -7.401439019998854 -16.032356445784377 -16.032356445784377 -20.85990862083718 -18.049109573049563 -7.799526451932947 5.6064701941847375 16.087472282348553 19.89150710542177 16.920102728304396 16.920102728304396 10.318488569509263 4.342950783949824 1.3140752915087266 5.021689740606619 3.4488293145196094 -5.1053509001710315 -16.561315286518592 -16.561315286518592 -23.616007633234545 -20.85990848054683 -8.407851939516203 7.970464097574157 19.89150693949968 22.243504848224944 15.533224489583588 15.533224489583588 5.048321779148846 -2.421192944099044 -3.116646449170465 9.723059180372198 11.579342503990205 4.307677008719446 -7.7272169855382264 -7.7272169855382264 -16.561314963557177 -16.032356058452738 -5.848445358700478 8.0778208788432 16.920102318120062 15.533224155838628 5.205410894297788 5.205410894297788 -7.232306182936791 -13.786193159459797 -9.907935234747802 9.723059180372198 11.579342503990205 4.307677008719446 -7.7272169855382264 -7.7272169855382264 -16.561314963557177 -16.032356058452738 -5.848445358700478 8.0778208788432 16.920102318120062 15.533224155838628 5.205410894297788 5.205410894297788 -7.232306182936791 -13.786193159459797 -9.907935234747802 13.47232716888631 19.197733981192517 14.843341706232223 4.3076773831490325 4.3076773831490325 -5.105350258997504 -7.401438410995446 -1.850908567938862 6.606598204783994 10.318487967916724 5.048321133604789 -7.232306564364118 -7.232306564364118 -19.467615056023043 -23.662532434289318 -15.704961339699794 13.255244100629609 20.87199322830927 19.197734219499324 11.579343053164694 11.579343053164694 3.4488300513843364 -0.35732368907174306 1.1409317277721571 4.555418229483433 4.34295017421758 -2.421193672689437 -13.786193722357718 -13.786193722357718 -23.662532687858437 -25.803863432570154 -16.7690489445591 7.280928445799821 13.255244158431482 13.472327372007065 9.72305956139738 9.72305956139738 5.021690227882574 2.0079022244045297 1.6181967528842043 2.3288241940900534 1.3140749282411737 -3.1166469255295337 -9.907935648369621 -9.907935648369621 -15.704961587212102 -16.769049030313628 -11.750547201094111
</DataArray>
        <DataArray type="Float64" Name="Mode_13_phi1" NumberOfComponents="1" format="ascii">
 -4.078349219941839 -56.02522695970346 4.078349220036083 56.02522696147587 -65.82082398928753 -14.119380981657534 1.0404302627681161 22.886636720417375 29.074115430214373 24.475849108466495 12.808697836989527 1.5576210043612408 -2.623199214171722 2.8182620400424607 13.45729610096788 20.06086316802856 17.601197841021282 6.9265617114116145 -17.334530609088382 -22.58027341477553 -115.64549929286098 -205.63461348495179 -212.597152248618 -172.94679269198048 -110.99463165685083 -57.803509386611886 -31.992506286558825 -30.865572237376945 -32.60239116850482 -10.130900930761566 51.480512534328085 140.44327907477043 225.5763513435355 260.60413463262273 240.79589163321364 103.46920577998084 65.82082398965626 14.119380980576578 -1.0404302636791145 -22.88663672046211 -29.07411543005798 -24.475849108153685 -12.80869783685096 -1.557621004556515 2.6231992143362994 -2.8182620403049325 -13.457296100971794 -20.060863168860706 -17.601197842248148 -6.926561711409555 17.334530609959806 22.580273415441056 115.6454992969525 205.6346134903331 212.59715225619613 172.9467926978734 110.99463166176201 57.80350939043939 31.99250628938518 30.865572241284355 32.602391173914675 10.13090093479376 -51.480512534596045 -140.44327907995893 -225.57635135202554 -260.6041346366382 -240.7958916329261 -103.46920577951323 -128.54731954246768 -207.71729538070886 -208.81330416553766 -155.12299466773993 -76.19750800752753 -6.443720794429526 30.127343526883386 32.888417500249375 20.376381326590636 18.009455470479953 42.60488331557068 91.28924206552553 144.26280693112432 171.52448880547516 149.3022569785564 72.68436529951236 -40.92764239525061 -85.69621438266356 -83.67780610558337 -47.273498854969446 4.171954359346772 44.007297992194665 53.74233948105107 30.465180502073014 -10.912282750498235 -45.81968813649676 -53.74765422880918 -28.623883039293858 16.563862369971766 57.932211867941845 80.87743663175137 50.089834094089966 16.568129048116894 47.16343421000895 76.51336324054732 108.04684682815196 126.40503244632174 119.9329791932778 84.37647607761674 25.234912482047406 -42.375392535878 -99.46551222033258 -130.66388307808214 -130.6616939165394 -105.50928119937454 -71.2491009040403 -38.70948806374635 -14.47479697239327 67.39236344987421 137.64960336212377 174.37944120025145 190.271355630566 178.3170436623898 141.72556946488746 84.570767629682 15.368174476467853 -55.74319482689399 -117.4610660583856 -160.00100587622651 -177.86214087216675 -171.1354160929836 -143.70467509084028 -103.11620688906815 -47.49522775335788 80.36078539813646 159.65932072286816 186.83605966296568 179.54309321476183 143.5018935101912 92.96263224985535 41.42809750812794 -4.116383738881694 -42.763199776132666 -76.65789390232418 -106.95259487252662 -131.14318921193325 -143.9466844010068 -138.38747529023678 -112.9003744327184 -55.75686268357712 61.62817924133752 113.64287023369995 114.3958780159933 80.79734853924481 29.201726105068314 -15.281058904223803 -36.14161375407548 -30.20487744750989 -9.30810065591636 8.517601268685784 9.247331084095931 -9.91165804345095 -39.6345311328638 -62.532080545220595 -67.00898998488195 -37.56794972905242 25.867478574986354 34.89830750017503 4.272484843683564 -53.22972949299789 -110.98843141954774 -139.00303807730495 -119.05171970772106 -54.74038355547167 30.170786491765153 103.18357627643603 138.55596543945234 128.62988283262854 85.73084388577618 35.19755079607996 -1.3240821616072709 -8.224389430324964 -3.2897516680740986 -27.4223445791882 -80.98142919745439 -151.53439234710177 -209.1708515886249 -221.27668365958763 -171.21733199410596 -67.32027784872602 58.74422783146298 165.8351070653627 221.6421145252944 216.0698144614986 163.9028181957253 95.709765873503 40.10136853577383 10.121770098038214 -10.121770098294961 -40.10136853629119 -95.70976587102908 -163.90281819428176 -216.0698144578994 -221.6421145203917 -165.83510705969502 -58.74422782674796 67.32027785119577 171.21733199496632 221.27668365921562 209.17085158528803 151.53439234467592 80.9814291937889 27.4223445783666 3.2897516680808123 8.224389430643479 1.324082163410303 -35.19755079360812 -85.73084388084105 -128.62988282618056 -138.55596543224632 -103.18357626930965 -30.170786488010503 54.74038355560965 119.0517197052141 139.00303807202278 110.9884314140025 53.22972948629712 -4.272484846903112 -34.89830750095563 -25.867478575176765 37.567949728641416 67.00898998366311 62.53208054465327 39.63453113500023 9.911658047000264 -9.247331079703912 -8.517601266423066 9.308100657059194 30.204877447596683 36.141613751295004 15.281058900946325 -29.20172610704089 -80.79734853939662 -114.39587801607198 -113.64287023342881 -61.62817924076902 55.75686268097768 112.90037442774234 138.38747528674438 143.94668439755657 131.14318920996482 106.95259487115429 76.65789390066693 42.76319977321441 4.116383734219283 -41.42809751056873 -92.96263224945741 -143.50189350731424 -179.5430932092294 -186.83605965721367 -159.65932071952946 -80.36078539729951 47.49522775091873 103.11620688560568 143.70467508590536 171.13541608899837 177.86214086832925 160.001005869441 117.46106605300292 55.74319482348305 -15.368174479941361 -84.57076763350541 -141.7255694645854 -178.31704365683882 -190.27135562517938 -174.37944119767107 -137.6496033612711 -67.39236344982764 14.47479697294435 38.70948806398715 71.24910090243579 105.50928119472096 130.6616939078079 130.66388307180728 99.46551221416364 42.37539253035316 -25.23491248519281 -84.37647607884468 -119.93297919318236 -126.40503244392883 -108.0468468250856 -76.51336324021065 -47.163434211993064 -16.56812905003387 -50.089834091890346 -80.87743662806237 -57.93221186531607 -16.563862370505657 28.623883039519487 53.74765422768597 45.81968813599799 10.912282751095278 -30.465180501493165 -53.742339480427496 -44.00729799154643 -4.17195435990241 47.273498852900325 83.6778061033821 85.69621437776216 40.92764239208368 -72.68436529697871 -149.30225697314017 -171.52448880016925 -144.26280692493236 -91.28924206159161 -42.604883312327274 -18.00945546729992 -20.376381324023132 -32.88841749718374 -30.127343522934268 6.443720796204075 76.19750800437667 155.12299466245744 208.81330415882022 207.71729537743843 128.5473195419471
</DataArray>
        <DataArray type="Float64" Name="Mode_13_phi2" NumberOfComponents="1" format="ascii">
 -4.078349227597165 56.025226954934894 4.078349227555145 -56.025226956683426 -103.46920569775479 -240.79589082820624 -260.6041320760043 -225.5763464802585 -140.44327226818973 -51.480505226404155 10.130906628235325 32.602393405986945 30.86557029951806 31.992500772945913 57.803501955255506 110.99462441281331 172.94678723826615 212.5971491577678 205.6346123145592 115.64549907466511 22.58027356298385 17.334531055984858 -6.926561005646291 -17.60119711932794 -20.060862771661593 -13.457296335378787 -2.818262963643064 2.623197918957264 -1.557622274530475 -12.80869866238623 -24.475849278321082 -29.07411500435269 -22.886635981619076 -1.0404295690397822 14.119381388878779 65.82082402564662 103.46920569902768 240.79589083041435 260.6041320737153 225.57634647611175 140.44327226450338 51.480505223677525 -10.130906629624352 -32.60239340749229 -30.86557030098299 -31.99250077438716 -57.80350195724227 -110.9946244158469 -172.94678724403113 -212.59714916593143 -205.63461232109785 -115.64549907816141 -22.580273563352282 -17.33453105653281 6.926561005679812 17.60119712016101 20.06086277201511 13.45729633573503 2.8182629639693015 -2.623197919777504 1.5576222744171715 12.808698663268318 24.475849279845917 29.074115005607673 22.88663598182937 1.0404295664840921 -14.119381389683415 -65.82082402475419 -128.54731960006976 -40.92764355076559 16.568127136889295 67.3923614419824 80.36078433002265 61.6281798789273 25.867481000165228 -3.289748194439727 -10.121766703324921 8.224391624206564 37.56795007356552 55.75686139017238 47.49522568297903 14.4747951025973 -50.0898350836745 -72.68436550584836 -207.71729483388796 -85.69621631473143 47.163430532616196 137.64959918641964 159.65931825637927 113.64287109410353 34.89831194857405 -27.422337964147854 -40.10136205362982 1.3240861818463527 67.0089903807996 112.90037162753868 103.11620263107928 38.70948442027064 -80.87743817555277 -149.3022568558817 -208.81330200041424 -83.67780747511411 76.51335912153365 174.37943585683396 186.83605591239564 114.39587804268466 4.27248917613218 -80.98142208564197 -95.70975884689071 -35.1975466709977 62.53208034683381 138.38747139211827 143.70466974608405 71.24909676553428 -57.9322127880986 -171.52448737186768 -155.12299050954277 -47.273498851137994 108.04684308332925 190.2713498742905 179.54308844674904 80.797347302523 -53.22972644214284 -151.53438641932905 -163.9028122866862 -85.73084088141611 39.63452982575205 143.94667959615825 171.135410352617 105.50927740262212 -16.563861940583795 -144.26280347174637 -76.19750235795391 4.171955959938871 126.40502969369045 178.31703832129625 143.5018883370329 29.201723629758767 -110.98843024226522 -209.17084785444953 -216.06981067499882 -128.62988153223375 9.91165567805108 131.14318406386616 177.86213548696543 130.66169104569283 28.623884858267708 -91.2892367053081 -6.4437151180251035 44.007300609802094 119.93297756971337 141.72556526044212 92.96262757540492 -15.281061886464666 -139.0030384178415 -221.27668203209484 -221.6421128013034 -138.55596554522828 -9.24733388950338 106.95259017247845 160.00100144775138 130.66388126149687 53.747656685808806 -42.6048771580315 30.127347436065335 53.74234200933477 84.37647539239414 84.5707650767256 41.428094294230625 -36.14161617832277 -119.05172061024531 -171.21733166556558 -165.83510662001473 -103.18357690977525 -8.51760354513409 76.65789053034572 117.46106304917794 99.46551124438497 45.81969010017613 -18.009450238066947 32.88841831084046 30.465181791691798 25.23491244508345 15.368173821630293 -4.116384787651046 -30.20487840177302 -54.74038407095231 -67.32027790672277 -58.74422776827253 -30.17078674374363 9.308099803443115 42.763198451814546 55.74319356387004 42.375392103270755 10.912283256307072 -20.37637870014274 20.376378698522558 -10.912283258501725 -42.375392103219795 -55.74319356283848 -42.76319845107885 -9.308099803323818 30.17078674467069 58.744227772068 67.32027791041497 54.74038407181175 30.204878400288784 4.116384785504378 -15.368173819209948 -25.234912446523616 -30.465181793035224 -32.88841831208222 18.009450236180985 -45.819690100247655 -99.46551124318985 -117.46106304641282 -76.65789052805685 8.517603546208049 103.18357690964783 165.83510662027945 171.2173316665163 119.05172060916418 36.14161617492233 -41.42809429724726 -84.57076507448886 -84.37647539098828 -53.74234200859998 -30.12734743754999 42.60487715663928 -53.74765668535828 -130.66388125885078 -160.0010014415328 -106.95259016951715 9.24733389121393 138.5559655424824 221.64211279862423 221.27668203122374 139.00303841329355 15.281061882668517 -92.96262757722799 -141.7255652582494 -119.93297756517752 -44.007300609059065 6.4437151171129265 91.28923670209352 -28.62388485873298 -130.6616910400065 -177.86213548038552 -131.14318405868855 -9.911655676751593 128.6298815277801 216.0698106720232 209.17084785071222 110.98843023956377 -29.201723632433012 -143.50188833660405 -178.31703831716158 -126.4050296905478 -4.171955959702195 76.19750235526392 144.26280346577136 16.563861940862814 -105.50927739822062 -171.13541034375856 -143.94667959138042 -39.634529825892606 85.73084087929567 163.9028122825177 151.53438641603162 53.22972644067388 -80.79734729988587 -179.54308844343095 -190.27134987058756 -108.04684308221572 47.273498848960735 155.12299050573816 171.5244873666174 57.93221278640255 -71.24909676189019 -143.70466973919287 -138.38747138965684 -62.532080345745825 35.197546670365995 95.70975884422317 80.98142208308079 -4.272489175983632 -114.39587803633111 -186.83605590554103 -174.37943585635927 -76.5133591223485 83.6778074715956 208.8133019965773 149.30225685138083 80.87743817340504 -38.70948441914335 -103.11620262858294 -112.90037162373997 -67.0089903800442 -1.3240861819767067 40.10136205287665 27.42233796230442 -34.89831194724368 -113.64287108697631 -159.65931824849068 -137.64959918658514 -47.163430536278106 85.69621630971038 207.71729483172095 72.6843655039138 50.08983508229895 -14.474795102903865 -47.4952256816434 -55.75686138863641 -37.56795007300321 -8.224391623787554 10.121766702529525 3.289748193485562 -25.867480998771182 -61.628179875032096 -80.36078432619877 -67.39236144142049 -16.568127140934937 40.92764354820389 128.547319600913
</DataArray>
        <DataArray type="Float64" Name="Mode_14_w" NumberOfComponents="1" format="ascii">
 -3.552906020500935e-13 -0.03168043063083916 5.545427166535812e-13 0.03168043062829526 0.0004927838588330121 -0.001338446655165662 -0.0016539183906651765 -0.0005857980406860283 -0.0005857980406860283 -0.0029722066095413317 -0.00234867052995417 0.0006006321736938643 0.002708189154186049 0.0001147623650759993 -0.00559986816618079 -0.0031451387682028243 -0.0031451387682028243 0.002807472007961505 -0.00519894220691925 0.00267327113126249 0.0026732711318074344 -0.005198942207185796 0.0028074720075671397 -0.0031451387682243422 -0.0031451387682243422 -0.0055998681661621336 0.00011476236493139017 0.002708189154404519 0.000600632175123956 -0.0023486705304066784 -0.0029722066092874107 -0.0005857980407701634 -0.0005857980407701634 -0.001653918390616359 -0.0013384466548264525 0.0004927838586933403 -0.0004927838588332808 0.0013384466556392845 0.001653918390336994 0.0005857980406242609 0.0005857980406242609 0.0029722066092404027 0.00234867052935229 -0.0006006321730441641 -0.0027081891541112053 -0.000114762365044778 0.005599868166543419 0.0031451387684096476 0.0031451387684096476 -0.00280747200751003 0.005198942206608665 -0.0026732711305589687 -0.0026732711303344755 0.005198942207619607 -0.002807472007948553 0.0031451387683767876 0.0031451387683767876 0.005599868165793417 -0.000114762364971553 -0.0027081891544445407 -0.0006006321760288367 0.002348670530746977 0.0029722066095739905 0.0005857980408427305 0.0005857980408427305 0.0016539183909362834 0.0013384466552091444 -0.0004927838588282386 -1.3709210532047767e-10 2.026487159938995 5.381046195457389 7.760048944332877 7.760048944332877 6.322113384856822 0.009011003664690728 -8.779487414214099 -15.101936733108474 -14.501655465068282 -5.823101368156579 7.1682545213276185 7.1682545213276185 18.145924243508766 20.90225931432382 12.093388841630532 -2.0264871602588563 -1.6465831284466456e-10 5.539441249488544 11.08361336101673 11.08361336101673 11.432168055733912 3.8905182446118585 -9.272483292830222 -20.899325620439644 -22.89597064062191 -12.3000328823074 6.762318606705653 6.762318606705653 24.475831709193017 31.117449493767886 20.902259314372976 -5.381046195539533 -5.539441249535157 1.2249028252661467e-10 7.813412262535906 7.813412262535906 12.090891001791622 8.614273053458858 -2.0649999473217786 -14.257192031839862 -19.65842622122871 -13.769119805811354 1.2177639488727645 1.2177639488727645 17.103278464840514 24.475831709498863 18.14592424372508 -7.760048943987638 -11.083613360462737 -7.813412261799994 4.3517424248418817e-10 4.3517424248418817e-10 7.958560948839424 11.419397681989295 8.261660471952771 0.22509697517363614 -7.457100826485894 -9.961113095101187 -6.047656101646576 -6.047656101646576 1.2177639493047474 6.762318607307132 7.16825452172075 -7.760048943987638 -11.083613360462737 -7.813412261799994 4.3517424248418817e-10 4.3517424248418817e-10 7.958560948839424 11.419397681989295 8.261660471952771 0.22509697517363614 -7.457100826485894 -9.961113095101187 -6.047656101646576 -6.047656101646576 1.2177639493047474 6.762318607307132 7.16825452172075 -6.3221133843338695 -11.432168054893717 -12.090891000893567 -7.95856094827369 -7.95856094827369 1.7418841468160946e-11 8.773667526581855 14.451970745376265 14.016327208321472 7.5407261116654 -1.8287408079343752 -9.961113094306151 -9.961113094306151 -13.769119804885392 -12.300032881678398 -5.8231013678370305 -0.009011003353370444 -3.890518244065149 -8.614273052953191 -11.419397681900355 -11.419397681900355 -8.773667527034183 -3.584301251628547e-10 11.415868679834306 19.178558027689242 17.970748393948824 7.540726112935746 -7.457100824780029 -7.457100824780029 -19.65842621987664 -22.89597064002403 -14.501655465043644 8.779487414479634 9.27248329298365 2.0649999471756537 -8.26166047243837 -8.26166047243837 -14.451970745980216 -11.415868680375418 -6.009268225984821e-11 13.119283507265582 19.178558028629606 14.016327210377844 0.22509697752320748 0.22509697752320748 -14.257192030334606 -20.899325619973737 -15.10193673322518 15.101936733366783 20.89932562067209 14.257192031718056 -0.2250969756222156 -0.2250969756222156 -14.016327208776662 -19.178558027769245 -13.119283506752211 5.359106152527736e-10 11.415868681131768 14.451970747014816 8.261660473506446 8.261660473506446 -2.0649999463699853 -9.272483292814762 -8.779487414558192 14.501655465414716 22.895970641173008 19.658426221595622 7.457100826439763 7.457100826439763 -7.540726111871566 -17.97074839384788 -19.17855802794531 -11.415868680058471 4.605288817019193e-10 8.773667527386237 11.419397681964847 11.419397681964847 8.61427305273915 3.8905182436017003 0.009011002909395034 5.823101368639683 12.300032883005123 13.769119806415283 9.961113095344277 9.961113095344277 1.8287408079944008 -7.540726112703799 -14.016327209768258 -14.451970746378516 -8.77366752702279 -1.1351377789480329e-10 7.958560948025659 7.958560948025659 12.090891000069018 11.432168053752337 6.32211338351843 -7.168254520829957 -6.762318606140148 -1.2177639485716238 6.047656101731072 6.047656101731072 9.961113094324215 7.457100824958815 -0.2250969770539371 -8.261660473235512 -11.419397682104744 -7.9585609485396756 -3.171902081966888e-10 -3.171902081966888e-10 7.813412261211704 11.083613359334823 7.7600489431228405 -7.168254520829957 -6.762318606140148 -1.2177639485716238 6.047656101731072 6.047656101731072 9.961113094324215 7.457100824958815 -0.2250969770539371 -8.261660473235512 -11.419397682104744 -7.9585609485396756 -3.171902081966888e-10 -3.171902081966888e-10 7.813412261211704 11.083613359334823 7.7600489431228405 -18.145924243106528 -24.47583170893945 -17.1032784650351 -1.2177639497007464 -1.2177639497007464 13.76911980462325 19.658426219867742 14.257192030588092 2.0649999466013633 -8.614273052936262 -12.090891000423166 -7.813412261385838 -7.813412261385838 7.808655128549368e-11 5.539441248969238 5.381046194931017 -20.90225931409593 -31.117449493780562 -24.475831709935896 -6.76231860796056 -6.76231860796056 12.300032881081691 22.895970639825105 20.899325620077658 9.272483293021562 -3.890518243557893 -11.43216805381364 -11.083613359122342 -11.083613359122342 -5.539441248399765 3.666536592998425e-10 2.0264871599852254 -12.0933888414264 -20.90225931441906 -18.145924244042657 -7.168254522178974 -7.168254522178974 5.823101367474425 14.501655464843914 15.101936733257116 8.779487414690763 -0.00901100278242542 -6.322113383467703 -7.76004894291572 -7.76004894291572 -5.381046194398847 -2.0264871593822678 2.142258470668777e-10
</DataArray>
        <DataArray type="Float64" Name="Mode_14_phi1" NumberOfComponents="1" format="ascii">
 -0.20201874272050505 94.91386970037144 -0.2020187426804176 94.91386970230337 -0.8346617827564509 -9.826751520092982 -14.6846677927941 -11.665811842453877 1.1692388942799548 19.48432920146926 34.41107574238231 37.050159648812375 22.496248093128024 -6.1418941861281136 -39.27225464541552 -56.55180321459655 -51.72287909661343 -28.52643115779586 19.931489417352186 35.3356580710338 191.74828160501596 324.58716836831724 292.86043785633524 161.570641944161 -16.327118370532997 -169.44429250098491 -240.68799357938832 -215.1707583036241 -118.67802350890233 -0.32659177392469374 88.34403928184386 119.69373123482539 100.6848553061056 58.022944255494785 19.156179472067084 1.9629066327888895 -0.8346617830045148 -9.826751518125699 -14.68466779171433 -11.665811841284379 1.1692388944465044 19.484329200483153 34.41107574082783 37.05015964753634 22.496248092411633 -6.1418941867820855 -39.27225464791078 -56.551803215124345 -51.72287909576757 -28.52643115625379 19.931489418178057 35.33565807102466 191.7482816077413 324.5871683650417 292.8604378486821 161.57064193146869 -16.32711838228391 -169.44429250726458 -240.6879935795807 -215.17075829924732 -118.678023499662 -0.32659175866467516 88.34403930370598 119.69373125796643 100.68485532579845 58.02294426913439 19.156179477981333 1.9629066339006602 -1.406633690762523 12.275854499389695 46.32026010841605 81.02376287378807 91.83192845758927 57.61183791661677 -18.97272934560439 -111.03139004522625 -177.46940930813017 -180.13773019801633 -104.58513550975391 25.173944740122966 161.75339716461187 245.18531916834937 231.25316257826123 115.52435636077105 -26.958561664498774 -44.5655245699815 -30.587153861263683 2.746565321754744 40.510926852879194 63.252965930400755 56.1596920859157 17.99031880478624 -34.41288897402693 -74.77625220705436 -82.87876814567946 -50.928390880772724 5.847127607171693 60.26207117469965 97.6044016518507 63.11437179205483 -39.51133182158723 -77.64615302985443 -88.73146637785877 -76.14811715583835 -38.4934759219509 15.789019267959159 72.17870382537308 111.44384806008931 117.09155943477217 84.69458845775574 23.64140777595279 -47.433022611926816 -105.26418408616617 -134.10030086909566 -121.59753471032698 -63.30138770509899 -31.063261404382654 -71.5353072972749 -103.5674864932965 -116.64500016548075 -95.14902173378012 -31.918692584439004 61.14166105348113 152.9968083175626 205.06276196510473 188.16496810034437 98.6782318709394 -36.435739385884666 -170.2808311701253 -250.19627455004292 -246.37315803618782 -132.21501570672166 4.8974780209860915 -8.438753661386356 -50.557489717266805 -96.66424116026796 -118.07884324612789 -88.0812819218749 -3.7836523144458356 107.42324507124277 197.00120120336413 218.01124236394597 149.495222767485 10.531811613728149 -146.37839887347366 -254.36218777705088 -271.28301783509653 -150.01347539089508 55.222005994550265 86.99190851114884 49.69265487183534 -21.28055721571781 -93.57075448567495 -123.87703730236804 -90.35180641481202 -3.4772821303796237 96.4537498984397 158.5194434496706 147.86638109681232 65.15623362816729 -53.27958170263047 -149.3077269926902 -183.19704211752705 -107.48286143319547 93.66143936452558 166.92704894180068 149.23304327309853 72.81493820808367 -32.329387196509224 -120.16610370535733 -154.24603203423968 -122.96050654816334 -44.971412515075286 40.734444853864304 95.15989810270759 98.68745872289595 59.30508946043114 6.607626500015001 -33.16391375022235 -25.99271172718694 95.28781385482401 180.4455214846281 189.44750372581413 137.29524180178157 39.645727649682634 -69.70363707922269 -154.388327697122 -186.21437049811405 -157.1393436455816 -81.6229240854632 10.943881276621363 89.51267412336145 133.65019085163675 138.11886103587696 108.32724991419275 52.11607864572032 52.11607864833823 108.32724992062624 138.11886104321098 133.65019085966867 89.5126741278415 10.943881275976723 -81.62292408982158 -157.1393436508992 -186.21437050402102 -154.388327704165 -69.70363708948439 39.64572763641471 137.29524178900235 189.44750371492307 180.44552147755232 95.28781385161435 -25.992711723920102 -33.16391374374752 6.6076265041423214 59.30508945782906 98.68745871423681 95.15989809037819 40.73444483967212 -44.97141252966327 -122.96050656132961 -154.24603204552446 -120.16610371593202 -32.32938720883692 72.81493819457052 149.2330432613964 166.9270489331333 93.66143936018047 -107.48286142893654 -183.19704211445637 -149.30772699524064 -53.2795817106435 65.15623361540621 147.8663810810173 158.51944343284413 96.45374988297156 -3.4772821419220112 -90.3518064228837 -123.87703730780645 -93.57075448913511 -21.280557220343294 49.692654864190665 86.99190850382779 55.22200599110927 -150.01347539061038 -271.28301783758684 -254.36218778662257 -146.37839888798672 10.531811599503197 149.49522275745193 218.01124235790158 197.0012011988196 107.42324506951218 -3.7836523105079527 -88.08128191532447 -118.07884323990666 -96.6642411549458 -50.55748971389459 -8.438753660064238 4.8974780212721845 -132.2150157099598 -246.37315804470214 -250.19627456293088 -170.28083118449447 -36.43573939670987 98.67823186736126 188.16496810424104 205.06276197388598 152.99680832694668 61.14166106341664 -31.91869257076247 -95.14902171794031 -116.645000152351 -103.56748648345406 -71.53530729012677 -31.063261401066445 -63.301387709671836 -121.59753471968054 -134.10030087924275 -105.26418409539322 -47.433022617408405 23.64140777730558 84.69458846704806 117.09155944831845 111.44384807401148 72.17870383670859 15.789019278171002 -38.49347591046425 -76.14811714280304 -88.73146636491595 -77.64615302036849 -39.51133181771715 63.11437179038013 97.60440164914162 60.262071173996816 5.847127609414412 -50.92839087605389 -82.8787681376897 -74.77625219719819 -34.412888964014805 17.990318812153138 56.15969208794997 63.252965928300995 40.51092685014536 2.746565322168302 -30.58715385614868 -44.565524562627935 -26.958561659826103 115.52435635968038 231.25316257699606 245.18531917258454 161.75339717323996 25.17394475146059 -104.58513550013707 -180.1377301923477 -177.46940930676624 -111.03139004838931 -18.972729354098202 57.611837902104355 91.83192843964787 81.02376285865175 46.32026009898079 12.275854495477432 -1.406633691384809
</DataArray>
        <DataArray type="Float64" Name="Mode_14_phi2" NumberOfComponents="1" format="ascii">
 0.20201874260495256 -94.91386970066849 0.20201874250004326 -94.91386970260565 -1.962906636332387 -19.156179483221507 -58.022944272865516 -100.6848553249721 -119.69373125180844 -88.34403929610669 0.3265917631997546 118.67802350310895 215.17075830281166 240.6879935851923 169.44429251453926 16.32711839095458 -161.57064192376203 -292.86043784289836 -324.58716836326005 -191.74828160457315 -35.33565807198283 -19.931489419718663 28.52643115545041 51.722879095685336 56.551803216271026 39.27225464863476 6.1418941882019285 -22.496248091874868 -37.05015964709294 -34.41107574079594 -19.48432920039986 -1.1692388935237592 11.665811842714504 14.684667791629133 9.826751517436211 0.8346617806427454 -1.962906636547985 -19.156179481056167 -58.02294426520688 -100.68485531361765 -119.69373123781888 -88.34403928340029 0.3265917712177221 118.67802350558605 215.17075830139856 240.6879935814166 169.44429250620317 16.32711837741604 -161.57064193654682 -292.8604378513468 -324.5871683674397 -191.74828160736183 -35.335658070768 -19.931489417837152 28.526431157499044 51.7228790969429 56.55180321532105 39.27225464645706 6.141894186556284 -22.49624809336953 -37.05015964861124 -34.41107574289051 -19.484329201782842 -1.1692388929909372 11.665811844380187 14.684667793691638 9.826751519913955 0.8346617811614238 1.406633687939095 26.958561664609185 39.51133182406407 31.063261409048778 -4.897478018235714 -55.22200599598676 -93.6614393654244 -95.28781385500949 -52.11607864797213 25.99271172603202 107.48286143132978 150.0134753917539 132.21501570985367 63.30138770785751 -63.114371791458666 -115.52435636080013 -12.275854502739273 44.565524570856034 77.64615303429154 71.53530730566061 8.438753666045333 -86.99190851399509 -166.927048945606 -180.44552148659434 -108.32724991858848 33.16391374843608 183.19704211764736 271.2830178379014 246.37315804251628 121.5975347162279 -97.60440165013665 -231.2531625777214 -46.320260109225394 30.587153862464753 88.73146638270507 103.56748650124611 50.55748972093509 -49.69265487549022 -149.23304328138434 -189.44750372951475 -138.11886104007834 -6.607626497977933 149.3077269981131 254.36218778421608 250.19627455806253 134.10030087574066 -60.26207117387433 -245.18531916994544 -81.02376287063836 -2.746565319271644 76.14811715995523 116.64500017048306 96.66424115936779 21.280557209866185 -72.8149382181288 -137.295241806252 -133.65019085632346 -59.305089452069886 53.27958171318379 146.3783988847553 170.28083117838403 105.26418409214003 -5.847127607522881 -161.75339716816444 -91.83192845125174 -40.51092684942392 38.49347592409574 95.14902173288021 118.07884324004341 93.57075447854135 32.32938718838256 -39.64572765143236 -89.51267412509259 -98.6874587104003 -65.15623361283907 -10.531811601911947 36.4357393915997 47.43302261346047 50.92839087849319 -25.173944744944873 -57.611837911102846 -63.25296592683114 -15.78901926827629 31.91869257896346 88.08128191389814 123.8770372952399 120.16610370263908 69.70363708130786 -10.943881271850422 -95.15989808813723 -147.86638107917938 -149.49522275957668 -98.67823187096016 -23.64140778173807 82.87876814010932 104.5851355045235 18.97272934946433 -56.159692085613884 -72.17870382842789 -61.14166106014939 3.7836523078588464 90.3518064114088 154.24603203604505 154.38832770406228 81.62292409631377 -40.734444837899446 -158.51944343248135 -218.0112423600798 -188.1649681079814 -84.69458847054214 74.77625219679743 180.13773019417724 111.03139004765762 -17.99031880799073 -111.44384806603699 -152.99680832399562 -107.42324507409226 3.4772821311839164 122.96050655413566 186.21437050850443 157.13934365871395 44.97141253079192 -96.45374988547064 -197.00120120238753 -205.06276197771652 -117.09155945123472 34.41288896211117 177.46940930673665 177.46940931074604 34.4128889719624 -117.09155944091724 -205.06276197108448 -197.00120120515516 -96.45374989513847 44.971412523248276 157.13934365635797 186.21437051054806 122.96050656018373 3.4772821360603507 -107.4232450750021 -152.99680832922112 -111.443848075486 -17.990318813768965 111.03139004701514 180.13773020244008 74.77625220822507 -84.69458846175634 -188.1649681065667 -218.0112423670307 -158.5194434466602 -40.73444484617153 81.62292409405984 154.38832770725787 154.24603204157293 90.35180641472519 3.7836523041739265 -61.141661064279404 -72.17870383484558 -56.15969208727363 18.97272935264749 104.5851355164319 82.87876814841307 -23.64140777801187 -98.6782318768393 -149.49522277109122 -147.86638109558024 -95.15989809708118 -10.943881271979423 69.7036370884939 120.16610371036414 123.87703729873364 88.08128191051844 31.918692572053157 -15.789019273639418 -63.25296592609006 -57.61183790284477 -25.173944733887456 50.92839088229783 47.43302260913473 36.43573938212255 -10.531811615804619 -65.15623362715473 -98.68745871866919 -89.51267412243566 -39.64572764035409 32.32938720188062 93.57075448239607 118.07884323738244 95.14902172305652 38.49347591630679 -40.51092684807509 -91.83192844079967 -161.7533971602339 -5.847127609091375 105.2641840812381 170.28083116790623 146.3783988742584 53.27958170529893 -59.305089456204236 -133.65019085161217 -137.29524179258962 -72.81493820127247 21.280557216972277 96.66424115572858 116.64500015823354 76.1481171490561 -2.746565320574553 -81.02376286184895 -245.18531916709463 -60.26207117934916 134.10030086303766 250.19627454838144 254.36218777926274 149.3077269974413 -6.607626494892834 -138.11886103398245 -189.4475037167208 -149.23304326523342 -49.692654865059176 50.55748971738905 103.5674864879507 88.7314663699495 30.587153856700336 -46.32026010495341 -231.253162577313 -97.604401657409 121.59753470544541 246.37315803458657 271.2830178370883 183.19704212312402 33.16391375500618 -108.32724991140951 -180.44552147701089 -166.92704893379945 -86.99190850398739 8.438753664038906 71.53530729515732 77.6461530225723 44.5655245618001 -12.275854502421552 -115.52435636156928 -63.11437179589638 63.301387702705874 132.21501570605764 150.01347539284458 107.4828614358823 25.992711730122057 -52.116078644168994 -95.28781385090163 -93.66143936001555 -55.22200599104654 -4.897478018969948 31.06326140453065 39.51133181842088 26.95856165875011 1.406633686654623
</DataArray>
        <DataArray type="Float64" Name="Mode_15_w" NumberOfComponents="1" format="ascii">
 -0.037895329175040536 4.468919719015084e-13 0.03789532917293016 -3.973367849673937e-13 0.0010266092034420724 -0.002630207600644608 0.0036602749249171245 -0.0028970144952946792 -0.0028970144952946792 -0.004541840420168691 0.001085669450894165 0.0026582203892688678 2.470445020584372e-5 -0.00273188843270975 -0.0026353673835436213 -0.0003261616958362284 -0.0003261616958362284 -0.002259223857554957 -0.0012717456149998585 0.0004518484512746663 -0.0004518484512304149 0.001271745614925449 0.002259223857357953 0.00032616169571415756 0.00032616169571415756 0.002635367383705669 0.0027318884319904625 -2.4704448591389555e-5 -0.0026582203885056857 -0.001085669451187465 0.004541840420438574 0.0028970144953243734 0.0028970144953243734 -0.003660274925131789 0.002630207600301064 -0.0010266092023208568 -0.0010266092017886187 0.002630207600585573 -0.0036602749248830333 0.002897014495161366 0.002897014495161366 0.004541840419980762 -0.0010856694505779441 -0.002658220389612652 -2.4704451162792783e-5 0.0027318884331695337 0.0026353673837083537 0.00032616169589862214 0.00032616169589862214 0.002259223857548847 0.0012717456149126407 -0.0004518484512389561 0.0004518484515082005 -0.0012717456158734795 -0.002259223857064301 -0.00032616169584156443 -0.00032616169584156443 -0.002635367383712549 -0.002731888431839964 2.470444767756095e-5 0.0026582203880729863 0.0010856694512480023 -0.004541840420584138 -0.002897014495223718 -0.002897014495223718 0.003660274925109596 -0.0026302076006594166 0.0010266092026515673 -15.01200480511406 -19.726128420592016 -14.445596126156403 -2.037767017791436 -2.037767017791436 10.773302435256518 17.328700082279788 14.755714407166236 5.666435157450571 -4.368535958911831 -10.211631659743716 -10.06138475906133 -10.06138475906133 -6.012298135228725 -1.82518007341118 -1.3795627236358716e-10 -19.726128420372238 -29.273462877381313 -22.5363750908015 -4.725191029853365 -4.725191029853365 14.558547127415173 25.048204069826856 21.9346047878683 8.2587378614318 -6.8377661674597965 -15.249201275506461 -14.139664893697761 -14.139664893697761 -6.8427946804783755 -5.918566643519649e-10 1.825180072683559 -14.445596125699312 -22.536375090300474 -17.431750195426446 -3.062943101089193 -3.062943101089193 12.157284064317533 19.73547950078754 15.771576741051659 3.2966096199490034 -9.133333450352218 -13.960904477763721 -9.424954081555777 -9.424954081555777 -2.0036626879726068e-10 6.842794679443219 6.012298134492761 -2.037767017118151 -4.725191028940096 -3.062943100540794 1.3109575933897648 1.3109575933897648 5.337845374182148 5.764707557089105 1.449520327924546 -5.407287778201157 -9.858475572852443 -7.974334618113327 5.085815798023379e-10 5.085815798023379e-10 9.424954081666595 14.13966489322301 10.061384758387112 -2.037767017118151 -4.725191028940096 -3.062943100540794 1.3109575933897648 1.3109575933897648 5.337845374182148 5.764707557089105 1.449520327924546 -5.407287778201157 -9.858475572852443 -7.974334618113327 5.085815798023379e-10 5.085815798023379e-10 9.424954081666595 14.13966489322301 10.061384758387112 10.773302435844695 14.55854712833597 12.157284065036368 5.337845374422768 5.337845374422768 -2.8537829370497256 -9.241742604794489 -12.183161398376825 -11.346657206486398 -7.0427622536178305 5.034843677990627e-10 7.974334619059473 7.974334619059473 13.960904478227969 15.249201275116825 10.211631659211447 17.32870008265603 25.048204070319947 19.735479501121098 5.764707557204593 5.764707557204593 -9.241742604920745 -17.935939874803072 -17.30011901268507 -9.556189081678363 6.490132164736439e-11 7.042762254069099 9.858475573295983 9.858475573295983 9.133333450208687 6.837766166888228 4.368535958246558 14.755714407345764 21.934604788081305 15.77157674101205 1.4495203276688224 1.4495203276688224 -12.183161398694208 -17.300119012881083 -11.716469992186765 -2.885231230229922e-11 9.556189081710077 11.34665720621915 5.407287777743162 5.407287777743162 -3.296609620747758 -8.258737862439402 -5.666435158251325 5.666435157615498 8.258737861458561 3.2966096198317234 -5.40728777869228 -5.40728777869228 -11.346657206960002 -9.5561890819363 5.895919739418132e-11 11.716469992106587 17.300119012357786 12.183161397787545 -1.4495203286804639 -1.4495203286804639 -15.771576741863853 -21.934604788748892 -14.755714407877944 -4.368535958578458 -6.837766167303353 -9.133333450563294 -9.85847557336453 -9.85847557336453 -7.042762254085348 1.451709756977367e-10 9.55618908205003 17.300119012728793 17.935939874377794 9.241742604421693 -5.764707557448648 -5.764707557448648 -19.735479501072813 -25.048204070137363 -17.32870008257454 -10.211631659065016 -15.249201274883648 -13.960904477689047 -7.974334618402895 -7.974334618402895 1.7251777424502647e-10 7.042762254190045 11.34665720691952 12.183161398586957 9.241742604863525 2.8537829372804104 -5.33784537395452 -5.33784537395452 -12.157284064295107 -14.558547127408612 -10.773302435300998 -10.061384758180795 -14.139664892762388 -9.424954081050108 3.5254463762915095e-10 3.5254463762915095e-10 7.974334618835609 9.858475573447974 5.4072877784735045 -1.4495203277840747 -5.764707557069167 -5.337845374003739 -1.3109575929408963 -1.3109575929408963 3.062943101244251 4.725191029903319 2.037767017836643 -10.061384758180795 -14.139664892762388 -9.424954081050108 3.5254463762915095e-10 3.5254463762915095e-10 7.974334618835609 9.858475573447974 5.4072877784735045 -1.4495203277840747 -5.764707557069167 -5.337845374003739 -1.3109575929408963 -1.3109575929408963 3.062943101244251 4.725191029903319 2.037767017836643 -6.012298134451132 -6.8427946793515595 3.5902201291821253e-10 9.424954081520957 9.424954081520957 13.96090447784399 9.133333450311882 -3.2966096201768016 -15.771576741398803 -19.73547950112749 -12.15728406489619 3.0629431006748336 3.0629431006748336 17.431750195504506 22.536375090901416 14.445596126294722 -1.825180072752831 2.876878379586325e-10 6.842794679826787 14.139664892948867 14.139664892948867 15.249201274575228 6.837766166725975 -8.258737861995206 -21.93460478852463 -25.048204070567817 -14.558547128382363 4.7251910286409675 4.7251910286409675 22.536375090163826 29.2734628773834 19.72612842078141 1.815347834356167e-10 1.8251800730485501 6.012298134595097 10.061384758168279 10.061384758168279 10.2116316588705 4.368535958054342 -5.666435158043372 -14.755714407710343 -17.328700082968766 -10.773302436055452 2.0377670169377993 2.0377670169377993 14.44559612544463 19.726128420423148 15.012004805210871
</DataArray>
        <DataArray type="Float64" Name="Mode_15_phi1" NumberOfComponents="1" format="ascii">
 -5.049358206390258 -0.17336520641233513 -5.0493582066055005 -0.17336520513330544 -85.37404147961783 -10.074241611751367 18.755286001565743 51.72354609967076 58.14608897723399 42.52114011693171 11.068187570369748 -22.241940141360452 -42.774137249510815 -44.03471064800236 -26.2446808988445 -2.091537435914552 14.508771290691302 19.126934655563367 13.614511315248649 4.845429294815941 -7.133122245147505 -36.81556640901443 -91.8361360512079 -147.57470809652332 -165.9373204980355 -116.75726803689872 -2.1668776238886274 137.53636856204125 244.09147216382723 263.98895546683707 173.93898921983384 5.630020609791374 -174.40525833671654 -283.5015563050145 -298.48454138289276 -133.6748182038635 -85.3740414796059 -10.074241613581567 18.755286001189546 51.72354609912163 58.14608897797574 42.52114011862849 11.068187572867881 -22.241940138956746 -42.774137249669856 -44.03471064913789 -26.244680901401512 -2.0915374361028642 14.508771291123379 19.126934656123975 13.6145113150317 4.845429294151818 -7.133122245634655 -36.81556641502563 -91.8361360612253 -147.5747081113123 -165.93732051250083 -116.757268052101 -2.1668776364747013 137.53636855286433 244.09147215509708 263.9889554558087 173.9389892074168 5.630020596703621 -174.40525835030223 -283.50155631257195 -298.48454138503666 -133.67481820429848 -158.14384395865034 -237.71365719066168 -204.53606292224168 -89.58883100784182 55.667488154109364 171.019924508318 209.98573033583216 165.4443748869789 64.19998034713538 -45.55028265129204 -117.16384381791472 -130.10858097364613 -94.9256916980357 -41.99164385388701 -3.366224964217239 6.74260759892562 -29.442864042331433 -72.895443166273 -79.0422409383861 -48.90157623119595 0.39874145000380234 45.53540906693313 66.7181227910836 53.16054125498745 13.373935265682638 -28.42289691514529 -49.94882600949637 -40.88132513923743 -7.164248300246002 29.626603943000113 47.56629234160268 30.409239749895868 66.10941964445345 126.44532429207595 120.53867670354063 78.26580319424663 10.094797556537102 -59.20213715621583 -106.51388253017794 -118.9317191414568 -96.84755433041687 -50.081888312253966 8.973115927590749 65.20347764637752 104.51175904063676 117.34230155863727 102.79201075489043 52.18494304258075 140.84590863557662 253.54728593943648 239.4285598466831 142.97452951341 -2.2486771710288522 -135.57922441045395 -210.72782268138957 -207.07802997742473 -136.99520811560672 -34.59561217802761 61.70445012686148 124.81621240789707 145.99939300903728 131.74601728895527 98.55324425106963 45.569547553890324 151.764376595896 275.14872850644656 258.28325357748116 145.8657585488746 -15.931851973800036 -158.08409944881666 -225.17888975360972 -199.36468082223095 -104.12728268188002 11.399534891297755 98.05452880823327 129.02339104265553 108.04784650360942 61.8536211501534 23.70267459865859 4.462835703277665 101.59234124076903 180.36279778894098 162.6812934148741 76.05410153617188 -38.64136709221658 -126.21491257908777 -148.0505683872248 -97.68592045841267 -5.538451885639866 78.75091525092681 112.39194457798109 81.93111236182274 8.833703084607283 -63.19119278596809 -93.93527369489603 -58.26120524544491 12.820424617833723 16.256174235198316 1.457677838864063 -32.780726093141816 -60.99826070406301 -61.42607877768458 -23.324097671021118 43.122043112107406 108.3825659525005 136.2101180699121 102.88180932049184 13.56865428545328 -97.21899452696348 -178.61905695787425 -193.64346455326265 -109.20563863503853 -70.75016421052653 -137.0378078035992 -148.8447112855563 -125.13327989027954 -67.6530240559088 9.977465381811136 89.59988082170274 150.7585575677398 174.2861736692336 146.91803318584903 68.42015532847648 -42.35811672119301 -151.0983990135746 -216.45148611698716 -216.34735715158777 -116.53580703432104 -116.53580703385613 -216.3473571507255 -216.45148611346337 -151.0983990089096 -42.35811671385922 68.42015533573282 146.91803319138077 174.28617367280643 150.75855756846676 89.59988082011277 9.977465381859055 -67.65302405255365 -125.13327988460038 -148.8447112769045 -137.03780779598557 -70.7501642061903 -109.20563863051976 -193.64346454397923 -178.61905694823741 -97.2189945133866 13.568654298519903 102.88180933089305 136.21011807720333 108.38256595697266 43.12204311442941 -23.324097667849188 -61.42607877050853 -60.99826069226662 -32.780726078941484 1.4576778527294587 16.256174248286204 12.820424624974956 -58.26120524034801 -93.93527368650051 -63.191192774189 8.83370309490004 81.93111237182532 112.39194458581419 78.75091525460678 -5.538451885005392 -97.68592045631634 -148.05056838098386 -126.21491257002295 -38.641367082785855 76.05410154519743 162.68129342469817 180.36279779788916 101.59234124536539 4.462835703899703 23.702674600671234 61.8536211511138 108.04784650552342 129.02339104377043 98.05452880825877 11.399534890197566 -104.12728268415906 -199.3646808245016 -225.17888975593635 -158.08409945085572 -15.93185197556355 145.8657585476253 258.2832535767476 275.14872850775635 151.76437659759048 45.56954755202911 98.553244246689 131.7460172833508 145.99939299922647 124.81621239625373 61.70445011757971 -34.59561218752112 -136.99520812418533 -207.0780299850454 -210.7278226881875 -135.57922442012497 -2.2486771835354746 142.97452950251446 239.42855983968363 253.547285936013 140.8459086342714 52.18494304055916 102.79201074968161 117.34230154865362 104.51175902780754 65.20347763378597 8.97311591259535 -50.08188832243867 -96.84755433663585 -118.93171914697108 -106.51388253670753 -59.202137163913555 10.094797546040276 78.26580318162507 120.53867669334569 126.44532428518123 66.10941964240098 30.40923975038812 47.566292340551826 29.626603939197516 -7.164248303580783 -40.88132514524981 -49.94882601307319 -28.422896919249084 13.373935263153092 53.16054125398416 66.71812278987001 45.53540906594882 0.3987414495965587 -48.90157623168554 -79.04224094275278 -72.89544317004521 -29.44286404525857 6.742607599146585 -3.366224962927351 -41.9916438482414 -94.92569169160735 -130.10858096348218 -117.16384380908437 -45.550282642930696 64.19998035400286 165.4443748929351 209.98573034193882 171.01992451635323 55.66748816472907 -89.58883099895372 -204.5360629148848 -237.71365718895814 -158.14384395896116
</DataArray>
        <DataArray type="Float64" Name="Mode_15_phi2" NumberOfComponents="1" format="ascii">
 -5.049358206773526 -0.17336520246059925 -5.049358206677146 -0.17336520379074227 -133.67481820281256 -298.484541381864 -283.5015563060219 -174.40525834197197 5.630020606511778 173.9389892152762 263.98895546193853 244.09147215842196 137.53636855660173 -2.1668776309967073 -116.7572680436599 -165.93732050020043 -147.57470809737848 -91.83613604961486 -36.815566404849726 -7.133122239897495 4.845429294390377 13.614511314668192 19.12693465495941 14.508771290094504 -2.091537436368316 -26.244680901131048 -44.034710647307584 -42.774137249409364 -22.24194014112636 11.068187570468776 42.521140117064014 58.146088977048294 51.72354609870143 18.75528600361454 -10.074241611855392 -85.37404147948106 -133.67481820410006 -298.48454138804556 -283.50155631486365 -174.4052583522062 5.630020595405388 173.93898920727764 263.9889554598881 244.0914721643887 137.53636856633995 -2.166877623288275 -116.75726804109786 -165.93732050274767 -147.5747080991194 -91.83613604977674 -36.81556640421214 -7.133122240875156 4.845429296049662 13.61451131625094 19.12693465614001 14.508771291352282 -2.0915374371366604 -26.244680900770824 -44.03471064909899 -42.774137250000834 -22.241940140518448 11.068187571175716 42.52114011736393 58.146088976952456 51.72354609816167 18.75528600061126 -10.074241613096762 -85.37404147897936 -158.1438439577191 -29.4428640448321 66.10941964143187 140.84590863189362 151.76437659519172 101.59234124212298 12.820424620200832 -70.75016420912438 -116.5358070348549 -109.20563863375594 -58.261205244816885 4.462835701846635 45.569547553095184 52.1849430420432 30.40923975394448 6.742607602806788 -237.71365718829185 -72.89544317028555 126.44532428493366 253.54728593259898 275.14872850453736 180.3627977927478 16.256174239938034 -137.0378078004749 -216.3473571512636 -193.64346454899598 -93.93527369398942 23.702674597028448 98.5532442457885 102.79201075244507 47.56629234739464 -3.3662249565487476 -204.53606291768915 -79.04224094097071 120.53867669465143 239.42855983818995 258.28325357370346 162.6812934196448 1.4576778445027025 -148.84471128117895 -216.45148611358766 -178.61905695054233 -63.191192780299374 61.85362114554253 131.7460172818072 117.34230155204978 29.6266039447442 -41.99164384399411 -89.5888310006637 -48.90157623197046 78.26580318592283 142.97452950432108 145.86575854467947 76.05410153923798 -32.78072608699827 -125.13327988593647 -151.09839900664937 -97.21899451438688 8.833703089958211 108.0478465018517 145.99939299923807 104.51175903004199 -7.164248301447848 -94.92569169163255 55.667488161264515 0.39874145111757037 10.094797550065012 -2.248677179488385 -15.931851977642259 -38.6413670905593 -60.99826069862062 -67.65302405132441 -42.35811671169759 13.568654297656705 81.93111236872451 129.0233910420531 124.8162123971287 65.20347763648903 -40.88132514608933 -130.10858096698897 171.01992451430522 45.535409067957985 -59.202137160767556 -135.5792244162412 -158.0840994522895 -126.21491257715483 -61.42607877383879 9.977465384988964 68.4201553368249 102.88180932759616 112.39194458463321 98.05452880709746 61.70445011937239 8.973115916078259 -49.94882601328409 -117.1638438126951 209.9857303391307 66.71812279160157 -106.51388253375308 -210.72782268426172 -225.17888975646073 -148.05056838526014 -23.324097668051785 89.5998808237302 146.9180331885233 136.21011807293763 78.75091525244841 11.399534889712031 -34.595612186008005 -50.08188831818994 -28.422896916715416 -45.55028264366612 165.4443748897809 53.160541254865564 -118.93171914374948 -207.07802998037886 -199.36468082335404 -97.68592045697717 43.12204311492899 150.75855756838675 174.28617366862454 108.38256595154277 -5.53845189011414 -104.1272826844974 -136.9952081202885 -96.84755433257973 13.373935267465017 64.19998035638477 64.19998034931511 13.37393526434555 -96.84755433186884 -136.99520812012773 -104.1272826817815 -5.5384518833670375 108.38256595710084 174.2861736695419 150.7585575646085 43.12204310765376 -97.6859204623144 -199.36468082462034 -207.07802997832658 -118.93171914205783 53.16054125694197 165.4443748956366 -45.550282648122604 -28.422896917669725 -50.08188831657005 -34.595612182686 11.399534891090823 78.75091525648544 136.21011807585114 146.91803318728134 89.59988081745648 -23.324097674284115 -148.05056838649298 -225.178889754162 -210.72782268078146 -106.51388253079732 66.71812279068192 209.98573034013228 -117.16384381189158 -49.9488260128213 8.973115920143877 61.70445012208802 98.05452880702111 112.39194458462697 102.8818093273231 68.42015533339192 9.977465380204453 -61.42607877643637 -126.2149125748749 -158.08409944858087 -135.57922441240805 -59.20213715752908 45.53540906532522 171.01992450879445 -130.10858096512342 -40.88132514252934 65.20347763919955 124.81621239977835 129.0233910409118 81.93111236660876 13.568654294567978 -42.3581167153795 -67.65302405347502 -60.99826069967611 -38.641367087530696 -15.93185197389202 -2.248677175679425 10.094797554548073 0.3987414482149988 55.66748815364829 -94.92569168972493 -7.164248299465372 104.51175903205461 145.99939299892745 108.04784650081916 8.833703089280807 -97.21899451847234 -151.09839900889637 -125.1332798880387 -32.780726086889494 76.05410153869322 145.86575854871637 142.9745295096549 78.26580319276557 -48.90157623135936 -89.58883100827755 -41.99164384449272 29.626603944447 117.34230154943802 131.74601727930823 61.85362114551049 -63.19119278090757 -178.6190569501112 -216.4514861143386 -148.84471128230277 1.4576778431759505 162.68129341698764 258.28325357423466 239.42855984655282 120.53867670396565 -79.04224093673359 -204.53606292209102 -3.366224957433981 47.56629234179768 102.79201074758888 98.55324424297733 23.702674594769984 -93.93527369188617 -193.64346454544818 -216.34735714958376 -137.03780780155714 16.256174237604817 180.36279778970805 275.1487285028785 253.54728594000588 126.44532429417559 -72.89544316214388 -237.71365719051096 6.742607601279597 30.40923974939996 52.18494303917594 45.569547550277804 4.462835701744846 -58.26120524447274 -109.20563863082572 -116.53580703319425 -70.75016420983152 12.82042461876083 101.59234124115063 151.7643765950937 140.84590863442904 66.10941964742369 -29.442864040797748 -158.1438439592472
</DataArray>
        <DataArray type="Float64" Name="Mode_16_w" NumberOfComponents="1" format="ascii">
 -1.3126390706379577e-10 -9.698879981304983e-11 -1.276044439076969e-10 -9.603464009084742e-11 0.000851302752117439 -0.002319949000452023 -0.0031079656849068217 -0.0005346548240510729 -0.0005346548240510729 -0.0013721857260775515 -0.0015373782504628213 0.0004156029046327979 5.532700583926548e-5 -0.001441928026771349 -0.0006570687226053429 -0.00016158559581690065 -0.00016158559581690065 -0.0027592080155990806 -0.001482902610322532 0.000526685340209985 -0.0005266853246696002 0.0014829025792414418 0.0027592080194177348 0.0001615855960629724 0.0001615855960629724 0.0006570687437739707 0.0014419280392244224 -5.532702627699148e-5 -0.0004156029326117765 0.00153737825865547 0.001372185750977077 0.0005346548277713301 0.0005346548277713301 0.0031079656868077516 0.002319948981241871 -0.0008513027449918022 0.0008513027523727954 -0.0023199490020131826 -0.0031079656853124455 -0.0005346548243385539 -0.0005346548243385539 -0.0013721857267562786 -0.0015373782508778997 0.00041560290491718296 5.5327006110272824e-5 -0.0014419280270053178 -0.0006570687229504974 -0.00016158559593522974 -0.00016158559593522974 -0.002759208015711412 -0.001482902610249444 0.0005266853401758282 -0.000526685324885819 0.0014829025802983724 0.0027592080192260842 0.00016158559600299935 0.00016158559600299935 0.0006570687435640203 0.0014419280393192665 -5.532702595954867e-5 -0.00041560293248951854 0.0015373782582409905 0.0013721857500287131 0.0005346548273088719 0.0005346548273088719 0.003107965686712038 0.002319948980632007 -0.0008513027447682565 -5.196148139109612e-8 3.5632554952230184 9.422560478460241 14.337734010280219 14.337734010280219 15.37731152209767 12.928064402036652 10.392322390575345 10.656694242253304 13.032696064371828 14.335573260621679 12.151039372671583 12.151039372671583 7.067466984508364 2.1561104034709238 -3.673539846291912e-8 -3.563255633448852 -9.105978467027519e-8 8.874143919639051 17.03504970039319 17.03504970039319 18.438837542256554 13.296286670850364 7.70136411413733 7.793860732280571 13.018447316420417 17.239441974389973 15.320592082377306 15.320592082377306 7.636312560335016 -8.553807155342882e-8 -2.1561105290025373 -9.422560607024465 -8.874144048502654 -7.094673545867747e-10 8.612848536605574 8.612848536605574 8.625306380678511 0.16516044609695257 -8.351915408600739 -8.235869193431821 0.09914645343817304 7.975398830639108 7.857436975083844 7.857436975083844 -1.2828813681885073e-9 -7.636312680559261 -7.067467103563882 -14.337734128704524 -17.03504977521944 -8.61284841154372 1.5938562603812687e-7 1.5938562603812687e-7 -1.4893810536071275 -12.98827005011766 -24.120903835337224 -23.94636647670851 -12.810007062667566 -1.6001928470892623 1.4740108625953257e-7 1.4740108625953257e-7 -7.857436856883139 -15.320592143872101 -12.151039472951295 -14.337734128704524 -17.03504977521944 -8.61284841154372 1.5938562603812687e-7 1.5938562603812687e-7 -1.4893810536071275 -12.98827005011766 -24.120903835337224 -23.94636647670851 -12.810007062667566 -1.6001928470892623 1.4740108625953257e-7 1.4740108625953257e-7 -7.857436856883139 -15.320592143872101 -12.151039472951295 -15.377311669980488 -18.43883764456817 -8.6253062568509 1.4893813998093879 1.4893813998093879 1.8842846315791543e-7 -13.058371576696551 -25.859456942665073 -25.72945085953892 -12.902751238427314 1.699880426122801e-7 1.6001931665291411 1.6001931665291411 -7.975398707545776 -17.23944205312896 -14.335573376704193 -12.928064612260433 -13.296286877449367 -0.1651604476223138 12.988270254797524 12.988270254797524 13.058371788847149 7.994097998594365e-9 -13.411061987643873 -13.365020963547746 -3.1707452664402206e-9 12.902751423099472 12.810007252080858 12.810007252080858 -0.09914644688605635 -13.018447494548191 -13.032696238271603 -10.39232264423108 -7.7013644116855975 8.351915282126548 24.120903884405706 24.120903884405706 25.859456970820432 13.411061796280622 -2.054982198244574e-7 -2.0639922843934532e-7 13.36502076548707 25.729450880274804 23.94636652419619 23.94636652419619 8.235869074542444 -7.7938610139785265 -10.656694478310799 -10.656694479677684 -7.793861016651442 8.235869071679096 23.946366521601345 23.946366521601345 25.72945087784186 13.365020763646212 -2.072231536923113e-7 -2.0484464488387243e-7 13.411061797956865 25.859456972967752 24.120903886613178 24.120903886613178 8.35191528412024 -7.701364409740538 -10.392322643107285 -13.032696239099266 -13.018447495764427 -0.09914644777895677 12.81000725177083 12.81000725177083 12.90275142307218 -3.3082430259673198e-9 -13.365020963632013 -13.411061987411761 8.343900559956276e-9 13.058371788885138 12.988270254294799 12.988270254294799 -0.16516044856670667 -13.296286878459327 -12.92806461267681 -14.335573376779605 -17.239442052782078 -7.975398706011355 1.6001931688126763 1.6001931688126763 1.7230008123560177e-7 -12.902751236868673 -25.729450859013795 -25.859456942868686 -13.058371577591869 1.8691324017710373e-7 1.4893813973858698 1.4893813973858698 -8.625306259927996 -18.438837647772797 -15.377311672093425 -12.151039472593357 -15.320592142688573 -7.857436854655494 1.5044473658876992e-7 1.5044473658876992e-7 -1.600192844330764 -12.810007061195058 -23.94636647680516 -24.120903836092456 -12.988270051240953 -1.4893810549691344 1.5760997625370472e-7 1.5760997625370472e-7 -8.612848413944652 -17.035049777952946 -14.337734130816054 -12.151039472593357 -15.320592142688573 -7.857436854655494 1.5044473658876992e-7 1.5044473658876992e-7 -1.600192844330764 -12.810007061195058 -23.94636647680516 -24.120903836092456 -12.988270051240953 -1.4893810549691344 1.5760997625370472e-7 1.5760997625370472e-7 -8.612848413944652 -17.035049777952946 -14.337734130816054 -7.067467103456962 -7.636312680008765 -2.8342235659084326e-11 7.857436976452969 7.857436976452969 7.975398831504465 0.09914645312301679 -8.235869195084987 -8.351915410105892 0.16516044564573915 8.625306381202783 8.612848537566927 8.612848537566927 3.293815128687898e-11 -8.87414404854813 -9.422560607546929 -2.156110529399534 -8.611911527898732e-8 7.636312559808865 15.320592081591405 15.320592081591405 17.239441972771118 13.018447314251297 7.79386072971475 7.701364112249235 13.296286671088154 18.43883754466429 17.035049703903038 17.035049703903038 8.874143923129479 -8.853225955695095e-8 -3.563255632406371 -3.706810642519723e-8 2.1561104028154086 7.067466983535294 12.151039371383268 12.151039371383268 14.335573258882514 13.032696062277697 10.656694240386582 10.39232238937184 12.928064402298332 15.37731152414488 14.33773401352119 14.33773401352119 9.422560481758262 3.563255497908542 -5.050328826467719e-8
</DataArray>
        <DataArray type="Float64" Name="Mode_16_phi1" NumberOfComponents="1" format="ascii">
 -0.3663024865033875 -0.20961102597434147 0.3663024861105301 0.209611028643146 -1.4565090783039918 -17.404189461105567 -25.755506751927005 -23.221519639493955 -9.932392209769482 4.830573460934456 11.95920663283242 7.731035504699169 -3.5313980787742922 -10.656825930757947 -5.572020599478745 8.344873049106454 20.28056524080597 22.982822130545287 16.048125982595092 5.763695750507097 -8.48200173446121 -43.61363875148372 -109.1256994900805 -180.4425997173464 -225.33555294297403 -228.2891133301486 -202.73598794938846 -180.51569993391348 -186.51314845110483 -219.24717163377045 -248.32213749559628 -238.68564181646803 -182.13899819452118 -102.48871602539778 -33.75748866017656 -3.4531275047325156 1.4565090701964476 17.404189464537247 25.755506758366895 23.221519647373135 9.932392212150264 -4.8305734659316375 -11.959206640857621 -7.731035509569652 3.5313980790365154 10.656825932871211 5.57202060278503 -8.344873046988146 -20.28056524106236 -22.982822132554883 -16.048125983457176 -5.7636957498927215 8.48200174022212 43.61363876263506 109.125699506658 180.44259973885903 225.33555296975567 228.2891133635219 202.73598798264072 180.51569996129544 186.51314846607437 219.24717162742067 248.32213746436463 238.68564176643017 182.13899814011407 102.48871597609202 33.757488623552085 3.453127490902255 -2.4499625421715003 21.319004145243646 79.55623983257615 140.52405414227607 173.54881202483395 164.00970902353805 129.7514026844191 103.19775421333487 105.94835094536798 132.5577317889108 155.79319828255433 148.47648916972506 105.49343173990347 46.9185220965471 3.4723846051622127 -8.025368518022297 -47.27172580267208 -78.11035303960595 -60.40645751384463 -27.731364668216866 -8.82463739307314 -23.3325578014051 -63.02128765057437 -98.01969190205715 -101.02075267924972 -69.50920216043389 -26.852700986655037 -2.8561688712887365 -11.406024383573623 -38.197296433566386 -55.25278655089912 -35.483030727679534 -68.13855356505219 -127.41008611397106 -140.51916252860067 -140.76776705735247 -149.6954910065028 -180.82788005272826 -224.2837498041712 -255.4365344986225 -253.98317748250403 -219.59192616332405 -172.93318558031984 -139.180780489533 -128.15499690284105 -126.99115058678046 -114.37119247047264 -60.54137574823082 -59.097379950180944 -112.97038703877307 -127.91655391885129 -129.24026746057706 -137.72374194568803 -165.41812541249226 -204.2981854514071 -232.47040811524852 -231.08664518530384 -199.72904248829943 -156.92279016969346 -125.71637891900072 -115.76413392972843 -115.4875081063109 -105.75660282630683 -56.356064566457725 -19.81761389721754 -31.489610328748604 -22.258583829388538 -4.350733199037274 4.416110434310186 -5.564878896555578 -28.22454613500141 -46.582031781968176 -45.90045606165424 -25.68028667411512 -0.8076454206427123 10.09848492273173 -0.14519375569636686 -21.036568124647165 -36.636769336158125 -24.230509432486492 21.111187229075384 54.41268035782822 91.64229951212363 132.08274556656104 160.82353897949494 170.72537168618612 165.77634222683426 158.0819745003189 158.1301668155785 166.23910636681921 171.56313287177457 160.60220334065306 128.70820249518286 84.73274639815226 42.786572603789345 14.21312557761801 35.645079908597005 83.2173937884014 127.67404905275681 170.2613123246869 202.93864837261503 220.77658021555035 225.84085498057001 225.2200607049264 225.10071076565447 225.7335500900116 220.5548699475394 201.30828686062154 165.61190529577465 119.66716553644281 74.1903706360819 30.80571996008372 17.439081751035257 39.00987513942065 58.834960835225324 76.36556566204652 89.75208113638848 97.9648985512387 101.39887157845614 102.12905025779966 102.10684440114409 101.56476519818682 98.19532774226896 88.93380191848009 72.96320763314965 52.87456745976031 34.059921760782174 14.310288228876567 -14.310288227856676 -34.05992175745413 -52.87456745358129 -72.96320762202969 -88.93380190468817 -98.19532772781632 -101.56476518795404 -102.10684439736812 -102.12905026141814 -101.39887158898286 -97.96489856829409 -89.75208115836159 -76.36556569018971 -58.83496086455171 -39.00987516454895 -17.43908176319173 -30.80571995156677 -74.19037061381465 -119.66716550423592 -165.61190525700022 -201.30828681922554 -220.55486991076978 -225.7335500641119 -225.1007107548747 -225.22006071055654 -225.8408550004526 -220.77658024675733 -202.9386484122295 -170.26131236890623 -127.67404909957135 -83.21739382926958 -35.645079929606034 -14.213125568758237 -42.786572583984665 -84.7327463676755 -128.70820246051545 -160.6022033071907 -171.56313284363006 -166.2391063487358 -158.1301668107496 -158.08197450757524 -165.77634224266276 -170.72537170570212 -160.8235390016662 -132.0827455908479 -91.64229953760162 -54.41268038381971 -21.111187244322664 24.230509437847807 36.63676934662745 21.036568134103852 0.1451937642208928 -10.098484916276309 0.807645421421456 25.68028666792272 45.90045605103259 46.58203177272563 28.22454613078421 5.56487889869478 -4.416110424983937 4.350733212636522 22.258583842910262 31.489610338088145 19.81761390127158 56.35606456395408 105.75660281915177 115.48750809471659 115.7641339109493 125.7163788930601 156.9227901423512 199.72904246173422 231.08664516323586 232.47040810427416 204.29818545715844 165.41812543518532 137.72374198154077 129.24026750509398 127.91655396412992 112.97038707634327 59.09737996959425 60.54137574154641 114.37119245484932 126.99115056291078 128.15499687138603 139.18078045301908 172.93318554309712 219.59192613568786 253.98317746636008 255.43653449305714 224.28374981331856 180.82788007925515 149.69549104553832 140.76776710212104 140.5191625731185 127.4100861522867 68.1385535839311 35.483030725937056 55.252786546180374 38.197296423247664 11.406024368993334 2.8561688563096124 26.852700976494933 69.50920215599876 101.02075268261932 98.01969190890523 63.02128765612719 23.33255780580496 8.824637400016144 27.731364678495066 60.40645752573402 78.11035305317078 47.27172581132993 8.025368520498386 -3.472384599793867 -46.91852208999721 -105.49343173078667 -148.47648915528944 -155.79319826382786 -132.55773176497016 -105.94835092119409 -103.19775419583992 -129.7514026806774 -164.00970903667695 -173.54881205196477 -140.52405417748847 -79.55623986589192 -21.319004171479758 2.449962527540275
</DataArray>
        <DataArray type="Float64" Name="Mode_16_phi2" NumberOfComponents="1" format="ascii">
 0.36630245218181195 -0.20961161308679144 -0.366302452759208 0.20961161039910478 -3.453128416390656 -33.75749072174053 -102.48871818519086 -182.13900026533435 -238.68564390691907 -248.32214009396554 -219.24717507347137 -186.51315251899487 -180.5157039836848 -202.73599134919766 -228.28911585085757 -225.33555485858363 -180.44260154094627 -109.12570149675976 -43.61364076402909 -8.482002912861503 5.763695538366005 16.0481258437635 22.982822200436683 20.28056529022573 8.344872954970487 -5.572020862530687 -10.656826217609975 -3.5313981995062593 7.73103562264159 11.95920689532802 4.830573694948576 -9.932392124192049 -23.22151969223502 -25.75550676610466 -17.404189384746513 -1.4565084934050054 3.453128404158018 33.757490700909194 102.48871818003498 182.13900028210813 238.68564394123504 248.3221401247563 219.24717508140756 186.51315250549416 180.51570396284137 202.73599133220463 228.28911584194987 225.33555485846122 180.44260154406425 109.12570149651101 43.61364075816636 8.482002908025484 -5.763695539469302 -16.048125845429677 -22.982822202071297 -20.280565291769708 -8.344872956676667 5.572020860615696 10.65682621926377 3.531398201909853 -7.731035617196855 -11.959206887618437 -4.830573687516022 9.932392128314937 23.221519691573874 25.755506763322586 17.40418937968633 1.4565084846517882 2.4499614499620925 47.2717255892588 68.1385537407053 59.09738013504386 19.81761366757418 -21.11118788577549 -35.64508058732468 -17.439081975589797 14.31028863839538 30.805720743094724 14.213126220912748 -24.230509271289616 -56.35606479262071 -60.54137597618156 -35.48303036604161 -8.025367842078323 -21.319005776282488 78.1103527658415 127.41008686268795 112.97038771432773 31.489610054164455 -54.412681643388794 -83.21739522254265 -39.00987565388746 34.05992256543302 74.19037220445746 42.78657384702249 -36.63676915639835 -105.75660354087599 -114.37119322510738 -55.25278618977056 3.4723859116967564 -79.55624135762753 60.40645776418489 140.51916418812414 127.91655543755796 22.258583887463526 -91.64230103348591 -127.67405099824519 -58.83496164689722 52.87456839503704 119.66716750130132 84.7327478740691 -21.03656819900935 -115.48750954850675 -126.99115215139177 -38.19729669701878 46.91852345087523 -140.52405538429514 27.731365650854688 140.76776973859995 129.24026991111498 4.350733683932283 -132.082747234003 -170.26131469538714 -76.36556675806318 72.96320863961354 165.61190754796948 128.70820409330554 -0.1451941710361214 -115.76413616277044 -128.15499934438142 -11.406025319462914 105.49343280868597 -173.54881327792182 8.824638845332952 149.69549438982745 137.72374504741293 -4.4161096839013485 -160.8235408406785 -202.93865115347785 -89.75208249242341 88.93380299107753 201.30828940456286 160.6022051282938 10.098484338576212 -125.71638167598749 -139.18078354512366 -2.8561701680550855 148.47649010444798 -164.00971075845496 23.33255917612859 180.82788357312728 165.41812866504472 5.56487956635872 -170.72537387955842 -220.7765834057284 -97.96490011296616 98.1953289491649 220.5548728719264 171.56313501663544 -0.8076458804696752 -156.922793025132 -172.93318877342685 -26.852702130096016 155.79319954088746 -129.7514050948873 63.02128851100025 224.28375303637594 204.29818843259724 28.22454647615687 -165.77634482742343 -225.8408585142178 -101.3988732528498 101.56476659970356 225.73355343031258 166.23910894677425 -25.680286830270926 -199.72904515802594 -219.59192915048962 -69.50920282414098 132.55773374449484 -103.1977570256822 98.01969225808703 255.4365373826182 232.47041074979143 46.582031799695514 -158.0819773817684 -225.22006441393424 -102.1290519335773 102.10684599034613 225.10071441475955 158.130169698158 -45.900456003297656 -231.08664770392159 -253.9831802747117 -101.02075297013491 105.94835355702847 -105.9483535765246 101.0207529559059 253.98318027397585 231.0866477066637 45.90045600582285 -158.13016969092018 -225.10071440225488 -102.10684597092886 102.1290519526011 225.22006442632178 158.08197738656324 -46.582031800002355 -232.4704107532842 -255.43653738411132 -98.01969226844358 103.19775701092973 -132.5577337577302 69.50920281813198 219.59192915539094 199.72904516571987 25.68028683433177 -166.23910894476276 -225.73355342742042 -101.5647665923961 101.3988732600107 225.8408585169871 165.77634482450816 -28.22454648300347 -204.2981884397123 -224.28375303907978 -63.021288508666295 129.7514050954042 -155.7931995430545 26.85270213514881 172.9331887880472 156.92279303519948 0.8076458837099834 -171.56313502318565 -220.5548728815795 -98.1953289573339 97.96490010722422 220.77658339854887 170.72537387143376 -5.564879578785521 -165.41812867401163 -180.82788357785418 -23.33255916525508 164.00971077592783 -148.47649009991477 2.8561701811596825 139.18078356158352 125.71638168738012 -10.098484339196721 -160.60220514141025 -201.30828942474852 -88.93380300697262 89.75208248358581 202.93865114675162 160.82354083443158 4.416109674237591 -137.72374505701336 -149.69549439526892 -8.824638837862874 173.54881330384202 -105.49343280324447 11.406025330633732 128.15499935771032 115.76413616945534 0.14519416609936853 -128.70820410954357 -165.61190757125638 -72.96320865257427 76.36556675864331 170.26131470155872 132.08274723883105 -4.350733684189702 -129.24026991711756 -140.7677697464296 -27.73136565354605 140.52405540154447 -46.91852345150026 38.19729670187939 126.99115215770435 115.48750954759339 21.036568189683017 -84.73274788779348 -119.66716751791573 -52.87456839872242 58.83496165997313 127.67405102264398 91.64230105411833 -22.258583878142954 -127.91655543904236 -140.519164199578 -60.406457778402185 79.55624135534401 -3.4723859164810222 55.25278618779693 114.37119322348859 105.75660353598491 36.63676914483904 -42.78657385525444 -74.19037221089151 -34.05992256101335 39.00987567373081 83.21739525494607 54.41268167314066 -31.48961003790051 -112.97038771398353 -127.41008687418208 -78.11035278685607 21.31900575866507 8.025367838848384 35.483030362943154 60.54137597284988 56.356064788885135 24.23050926550393 -14.213126225518781 -30.80572074303474 -14.310288633592267 17.439081987933672 35.64508060638656 21.111187904457324 -19.817613656607577 -59.097380135338625 -68.138553747336 -47.27172560206776 -2.449961465550213
</DataArray>
        <DataArray type="Float64" Name="Mode_17_w" NumberOfComponents="1" format="ascii">
 -0.01736781922089585 -0.012923563704608176 -0.017367819222416443 -0.012923563704022173 0.0004863337607058928 -0.001320572482424171 8.296219800865194e-5 0.00022261037830719548 0.00022261037830719548 0.0016070694033474928 0.0005094465675401047 -0.0018284982777623461 -0.0013883222340778897 0.0008437201864616169 0.0014000949402381338 1.5252627112257647e-5 1.5252627112257647e-5 0.00026569612358896854 -0.002073156508277207 0.0010381833433696687 0.0010381833514557467 -0.0020731565304643743 0.0002656960823250208 1.5252624671964198e-5 1.5252624671964198e-5 0.0014000949302753537 0.0008437201646486287 -0.0013883222325363131 -0.001828498272036495 0.0005094465448229244 0.0016070693828282114 0.00022261037024345123 0.00022261037024345123 8.296215190653028e-5 -0.0013205725171494165 0.00048633377300622634 0.00048633375996988014 -0.0013205724825751295 8.296219844462477e-5 0.00022261037796801681 0.00022261037796801681 0.0016070694033257467 0.0005094465675585961 -0.0018284982776671614 -0.001388322234374487 0.0008437201865734848 0.0014000949402220735 1.5252627190989913e-5 1.5252627190989913e-5 0.00026569612342433726 -0.002073156508169172 0.00103818334310952 0.0010381833508633766 -0.002073156530727374 0.00026569608255187386 1.5252624621672377e-5 1.5252624621672377e-5 0.0014000949303520059 0.0008437201645075576 -0.0013883222322772365 -0.0018284982721721826 0.0005094465449224059 0.0016070693830400598 0.00022261037030500718 0.00022261037030500718 8.296215177388585e-5 -0.0013205725170326807 0.0004863337730011891 -6.876170388613724 -9.150328313841838 -8.52856600671285 -7.89171564927825 -7.89171564927825 -9.894779874552517 -14.072200885527993 -16.98975277860534 -15.933613926218014 -11.765379044300992 -7.850798279045635 -6.755873412764307 -6.755873412764307 -8.004688496385976 -8.439752537037592 -4.9399255546045335 -9.150328260663242 -12.055913731616723 -8.541292693798125 -4.990952914619363 -4.990952914619363 -6.862256247592021 -13.844411430093663 -19.91632801579102 -19.05454821878577 -12.067766699584896 -5.33187694522503 -4.116683373994926 -4.116683373994926 -8.055019098863838 -11.49916090820016 -8.439752504909778 -8.52856586628797 -8.541292561573322 -0.07296847763098036 8.31050291062146 8.31050291062146 8.218654046722843 -0.12439447012153558 -8.443941110580123 -8.119059019204485 0.3826348590246454 8.305934363151671 8.023105219870963 8.023105219870963 -0.10106313462934165 -8.055018984919464 -8.004688391100002 -7.89171543557426 -4.990952660746142 8.310503039034112 21.224708718882894 21.224708718882894 23.06862086254049 13.67378102543884 3.3481830700795157 3.082630547738881 12.721402127327378 21.555592806848857 19.930612264463374 19.930612264463374 8.023105337237322 -4.116683145165412 -6.755873231543076 -7.89171543557426 -4.990952660746142 8.310503039034112 21.224708718882894 21.224708718882894 23.06862086254049 13.67378102543884 3.3481830700795157 3.082630547738881 12.721402127327378 21.555592806848857 19.930612264463374 19.930612264463374 8.023105337237322 -4.116683145165412 -6.755873231543076 -9.894779645474777 -6.8622559726346 8.218654175495978 23.06862084060665 23.06862084060665 25.16014529314988 14.201302838470346 1.963495972626237 1.3223183364117126 12.418393972380784 22.92719197276745 21.555592782661694 21.555592782661694 8.305934482093363 -5.331876687747138 -7.850798065047204 -14.072200692764387 -13.844411231739318 -0.12439446727216726 13.67378083226402 13.67378083226402 14.201302643962277 1.1144586678076547 -12.741962972229757 -13.335063933611766 -0.43705627922590845 12.41839377918638 12.721401935273377 12.721401935273377 0.38263485999117663 -12.067766505417525 -11.765378849826607 -16.989752623357422 -19.916327900501184 -8.443941234611582 3.3481827108426514 3.3481827108426514 1.9634955871972106 -12.741963172277428 -27.478465533110228 -27.705872372296945 -13.335064133436028 1.3223179516715864 3.082630189534648 3.082630189534648 -8.119059142784192 -19.054548102789617 -15.933613767270515 -15.933613766918185 -19.05454810196615 -8.119059141641488 3.082630190705711 3.082630190705711 1.3223179525563187 -13.335064133068942 -27.705872372395092 -27.478465533429894 -12.741963172705221 1.9634955865885109 3.3481827102401867 3.3481827102401867 -8.443941235082361 -19.916327900908055 -16.989752623550658 -11.765378849461927 -12.067766504904704 0.38263486071296066 12.72140193582052 12.72140193582052 12.418393779305656 -0.4370562793898634 -13.335063933859885 -12.741962972479485 1.1144586678863226 14.201302644204914 13.673780832620276 13.673780832620276 -0.12439446665820279 -13.844411231158606 -14.072200692491636 -7.850798064717986 -5.3318766876050745 8.305934482018026 21.555592782375744 21.555592782375744 22.927191972125723 12.418393971533016 1.3223183359332482 1.9634959728003223 14.201302839204251 25.160145294266556 23.068620841692933 23.068620841692933 8.218654176582143 -6.862255971826888 -9.894779644996273 -6.755873231253022 -4.116683145153482 8.023105336852058 19.93061226392102 19.93061226392102 21.55559280615162 12.721402126568842 3.082630547452345 3.3481830704824853 13.673781026420814 23.068620863695717 21.224708719938175 21.224708719938175 8.310503039754257 -4.990952660473286 -7.891715435589109 -6.755873231253022 -4.116683145153482 8.023105336852058 19.93061226392102 19.93061226392102 21.55559280615162 12.721402126568842 3.082630547452345 3.3481830704824853 13.673781026420814 23.068620863695717 21.224708719938175 21.224708719938175 8.310503039754257 -4.990952660473286 -7.891715435589109 -8.004688390767571 -8.055018984775042 -0.1010631348308078 8.023105219553543 8.023105219553543 8.305934363061315 0.38263485898645916 -8.119059019264665 -8.443941110298908 -0.12439446965348992 8.218654047181033 8.3105029106683 8.3105029106683 -0.0729684779437824 -8.541292562257292 -8.528565866831617 -8.439752504585817 -11.499160908049072 -8.055019098851435 -4.1166833738462065 -4.1166833738462065 -5.3318769447788705 -12.067766699059195 -19.0545482185076 -19.916328015846805 -13.84441143044449 -6.862256248050072 -4.990952915552305 -4.990952915552305 -8.54129269517103 -12.055913733193922 -9.150328261759588 -4.939925554334009 -8.439752536842269 -8.004688496405844 -6.75587341268219 -6.75587341268219 -7.850798278676935 -11.765379043849839 -15.933613925928622 -16.989752778681286 -14.072200885968988 -9.894779875356221 -7.89171565020516 -7.89171565020516 -8.528566007837679 -9.150328315222078 -6.876170389624371
</DataArray>
        <DataArray type="Float64" Name="Mode_17_phi1" NumberOfComponents="1" format="ascii">
 -2.269636827341061 39.11367504434512 2.2696368277127674 -39.113675046860884 -39.274045683664 -5.399411467834317 0.6853013164343489 3.3134461808401747 -5.620555908284234 -15.236786254070866 -17.082502076880616 -7.6290796290319385 8.073824655743998 19.178431395010346 17.460135572110023 6.214253885752155 -3.3136770093939973 -4.625898130407306 9.286321811647442 14.147275423954888 78.5211918665192 134.15009269443064 133.84208374260206 121.60521722147209 127.59582539975375 167.71269580788652 226.33713460062464 269.8355506906306 271.47048180643765 230.6319346520576 175.9315476226546 142.7839721223968 141.19780972415768 146.3838802166662 138.8678900210061 61.23382545738184 39.274045689157006 5.399411467510252 -0.6853013188518865 -3.3134461828471142 5.620555905647452 15.236786253695083 17.082502078727032 7.629079630778838 -8.073824655340413 -19.178431394636345 -17.460135572025848 -6.214253885905451 3.3136770095386145 4.625898130485001 -9.286321811843658 -14.147275424174465 -78.52119187063248 -134.15009269711612 -133.84208374254493 -121.6052172220609 -127.59582540429224 -167.71269581502517 -226.33713460739602 -269.83555069436477 -271.4704818048935 -230.63193464438893 -175.93154760929997 -142.783972107614 -141.1978097073917 -146.38388019582743 -138.86789000046232 -61.23382544860323 -72.27682608961918 -107.99724341401259 -101.13774398431087 -82.69248891150761 -83.83784616809841 -116.17542789393251 -161.4743754202984 -188.42323838427802 -176.48796909483343 -132.44403394614184 -85.14998430576198 -63.01179969270186 -71.74798623915093 -90.9247260929448 -87.84555074248372 -45.45166291840081 -14.159370700254277 -18.154989085151122 16.665602777108713 65.39604652919915 96.71468414455315 91.59527264755748 57.50303754477582 24.101888504209192 18.94968966324363 44.39800462492191 77.10395945077222 87.76353660443048 63.5366367889239 18.055444676561883 -24.16391088489826 -24.291611191454756 11.455557335225068 49.37794945930183 110.11937449857429 178.26321745335292 225.3759869603716 235.09722271531558 216.3615024996161 193.4458526804734 187.578015240558 201.1956954510276 215.5591689759968 206.37496532100033 164.88798683746393 105.6934428863692 50.91529995974071 15.289645927085637 11.92387797381117 44.301679792037845 100.48799439978607 163.02721069991517 206.98197134068653 217.39091751323704 199.7550025737108 176.9697657520783 169.46627515230202 180.000156893625 192.61596701574413 185.90799700988396 150.38037693343222 96.87811612383523 47.775121927801855 15.000848199457241 -15.7335458772159 -18.92391762129159 3.511090160443342 32.3330060938487 50.46988088708392 45.404658306903514 23.331723329481783 1.5523344223391915 -3.448314533059991 10.811518534710952 30.942721173971293 39.04402322402328 27.43697833366464 4.2868254443735925 -12.857767559850052 -11.249918772059713 -44.05597217171162 -86.1561399304486 -101.58487980526252 -110.84773755018394 -123.58846991844418 -145.94149986035194 -173.4946750493149 -192.87264757403597 -193.04899737882369 -173.4220335761794 -144.83572648245598 -121.21984867605585 -108.62608088516875 -100.32288074247182 -84.33398498222968 -43.61595186315029 -45.482899050932645 -95.90930936826024 -129.67552184382626 -157.67455519713067 -184.80630543720505 -212.45207476704707 -236.12457904180062 -248.66670898452875 -244.4018559477371 -224.5821174772433 -197.5088395883289 -172.4366307280786 -152.8504606193628 -133.0796906481958 -105.89407408639318 -52.68173918069087 -15.212384000894149 -34.55848208490855 -54.14482739470026 -72.76036575055163 -90.08852289613182 -104.03246167005081 -112.18873089409152 -112.8138664353656 -105.91990967783681 -93.93149247839636 -81.47707582718225 -72.68260407169565 -67.927585626578 -62.70110805397994 -53.5671986557448 -27.12790678731618 27.127906788217352 53.567198657642926 62.70110805677986 67.92758562906745 72.68260407078877 81.47707582293641 93.93149247265892 105.91990967245366 112.81386643217412 112.18873089590117 104.03246167786689 90.08852290790526 72.76036576443204 54.14482740810844 34.55848209503709 15.21238400530738 52.68173918000017 105.89407408223454 133.0796906404276 152.8504606082208 172.43663071507953 197.50883957673597 224.58211747017802 244.40185594594396 248.66670898817475 236.12457905104796 212.4520747801522 184.80630545253192 157.67455521286675 129.67552185944285 95.90930937979908 45.48289905609667 43.615951862262655 84.33398497829418 100.32288073346038 108.62608087371038 121.21984866548983 144.8357264726523 173.42203356852463 193.0489973776581 192.87264758009243 173.4946750589687 145.94149987208715 123.58846992892127 110.84773755785882 101.58487980843165 86.15613993198556 44.0559721721287 11.249918771375981 12.857767558287389 -4.28682544737906 -27.43697833689191 -39.044023225838835 -30.942721173249392 -10.811518531363747 3.448314537005179 -1.5523344188734014 -23.33172332665843 -45.40465830662019 -50.46988088834133 -32.33300609808363 -3.511090167784555 18.92391761196065 15.733545870848763 -15.000848198853312 -47.77512192601113 -96.87811612142853 -150.38037693099926 -185.9079970048014 -192.61596700629073 -180.00015688512707 -169.46627514919777 -176.96976575379088 -199.75500258012642 -217.39091752352454 -206.98197135427924 -163.02721071572006 -100.4879944149647 -44.301679804867156 -11.923877979969063 -15.289645927147488 -50.915299959771154 -105.69344288444123 -164.8879868320198 -206.37496531268525 -215.55916896703687 -201.1956954431173 -187.5780152369604 -193.44585268524767 -216.36150251202122 -235.0972227303526 -225.37598697661258 -178.26321747090657 -110.11937451587211 -49.377949473068746 -11.455557342141107 24.291611191259598 24.16391088531511 -18.05544467534998 -63.536636788376164 -87.76353660400837 -77.10395944990802 -44.39800462373798 -18.949689662850762 -24.101888506001675 -57.50303754894774 -91.5952726544494 -96.71468415181972 -65.39604653243417 -16.665602778471662 18.15498908312049 14.159370698813902 45.45166291693706 87.84555073986726 90.92472609136419 71.74798623846094 63.0117996906128 85.14998430120313 132.44403394104606 176.48796909133222 188.42323838373866 161.47437542236435 116.17542789818359 83.83784617703039 82.69248892286491 101.13774399712591 107.99724342832685 72.2768260993538
</DataArray>
        <DataArray type="Float64" Name="Mode_17_phi2" NumberOfComponents="1" format="ascii">
 -2.269636832996966 -39.11367504135563 2.269636833308822 39.11367504385461 -61.23382539647588 -138.8678894960785 -146.38387866671943 -141.19780699259007 -142.7839685497823 -175.9315439098083 -230.6319313755114 -271.4704790192737 -269.8355479965138 -226.3371315779261 -167.7126924024008 -127.59582203625793 -121.60521452708133 -133.8420821117683 -134.15009204255992 -78.52119173993096 -14.147275510220002 -9.286322051688986 4.625897787310478 3.3136767072518984 -6.214254010124773 -17.46013548824273 -19.178431236086528 -8.07382460445002 7.6290795132932345 17.08250189785808 15.236786181012853 5.6205560553213845 -3.3134458352002576 -0.6853009346373933 5.399411728984903 39.27404571095106 61.233825405463975 138.8678895151756 146.3838786809528 141.1978069989418 142.78396854926484 175.93154390275302 230.63193137099222 271.470479019861 269.83554800006067 226.33713158284385 167.71269240787467 127.5958220417001 121.60521453220151 133.8420821171363 134.15009204798977 78.52119174397492 14.147275510043107 9.286322050789613 -4.625897788103001 -3.3136767064767745 6.214254011560753 17.460135488559118 19.178431235551397 8.073824602789697 -7.629079514994632 -17.08250189988424 -15.236786182251743 -5.6205560555435286 3.3134458342998783 0.6853009332596761 -5.39941172784187 -39.27404570503978 -72.27682612569265 -14.159371405429571 11.45555632085803 11.923877092516074 -15.733546171200347 -44.055971857952706 -45.48289852196933 -15.212383743104155 27.12790657416458 52.6817387203685 43.61595165028994 11.249919135668883 -15.000847357386688 -15.289645024783374 24.291611720356496 45.451663038111164 -107.99724309562866 -18.154990250173228 49.37794756112284 44.3016781077122 -18.923918091514658 -86.1561391208324 -95.90930813138044 -34.55848150691553 53.567198149008235 105.8940729767404 84.33398434113947 12.85776810795198 -47.77512034742128 -50.91529825419042 24.163911708454187 87.84555069016426 -101.13774279868515 16.665601876187022 110.11937240416515 100.48799249197721 3.511089825188606 -101.58487844073045 -129.67551994400955 -54.14482651890631 62.70110727002138 133.07968885821552 100.3228794729177 -4.286825132070284 -96.87811439889722 -105.69344099203076 -18.055444108504545 90.92472539263291 -82.69248681686294 65.39604611493121 178.26321535532514 163.0272087718974 32.33300602506166 -110.84773558502374 -157.67455266001613 -72.76036460972153 67.92758454548382 152.85045814482245 108.62607895678252 -27.436978335409 -150.38037520580323 -164.88798492519217 -63.536636622586066 71.74798466466645 -83.83784358241194 96.71468401526195 225.3759847291146 206.98196928741126 50.469880948519325 -123.58846752402678 -184.80630241134023 -90.0885215539938 72.68260275244627 172.43662772063558 121.21984627034502 -39.04402337903917 -185.90799513287604 -206.37496324184997 -87.76353656532666 63.011797476432825 -116.17542544784193 91.59527230265134 235.09722002198538 217.3909150488076 45.404658220206215 -145.94149731739503 -212.452071474272 -104.03246020506629 81.4770743650116 197.5088362925634 144.83572391358194 -30.94272116523346 -192.61596467023332 -215.55916639041158 -77.10395905026373 85.1499819801861 -161.47437348311232 57.50303660790992 216.36149915929784 199.7549995289125 23.331722905377063 -173.49467257997173 -236.12457567278264 -112.1887293786349 93.93149096085756 224.58211410351333 173.42203108821334 -10.811518152737015 -180.00015390804737 -201.195692167944 -44.3980035846044 132.44403196856592 -188.42323684198868 24.101887045263314 193.44584887201975 176.9697622847365 1.5523337242885646 -192.8726452197431 -248.66670562534335 -112.8138649097941 105.91990814966945 244.40185258489927 193.04899501586115 3.4483152188625423 -169.46627170114166 -187.57801144634826 -18.949688152569856 176.4879675156317 -176.487967510079 18.94968815800843 187.57801144958592 169.4662717010311 -3.448315222304964 -193.04899502197387 -244.40185259024304 -105.91990815361079 112.81386490702322 248.66670562399372 192.8726452171478 -1.5523337243469282 -176.96976228279146 -193.4458488708077 -24.101887042186124 188.42323684465242 -132.44403196348404 44.398003587318456 201.19569217042593 180.0001539053865 10.81151814677296 -173.42203109383144 -224.58211410633572 -93.93149096176568 112.18872938037975 236.12457567719267 173.49467258183992 -23.331722904035214 -199.75499952585906 -216.3614991596995 -57.503036610214956 161.4743734806319 -85.14998197712386 77.10395904838329 215.55916638825795 192.61596466631315 30.942721159468142 -144.83572391740924 -197.50883629067 -81.4770743596846 104.03246021336909 212.45207148161654 145.94149732200592 -45.40465822026882 -217.39091504738826 -235.09722002516693 -91.59527230791747 116.17542544237885 -63.011797474802776 87.76353656037672 206.3749632361618 185.9079951296762 39.044023375225194 -121.21984627307596 -172.43662771587555 -72.68260274246106 90.08852156396517 184.80630241974524 123.58846752687997 -50.469880950033314 -206.98196929043456 -225.37598473569759 -96.71468402015778 83.83784357737792 -71.74798466296592 63.53663661755511 164.88798491907747 150.38037520294398 27.436978335516578 -108.62607895658654 -152.85045814129955 -67.92758453953277 72.76036461800751 157.67455266446316 110.84773558547964 -32.33300602960468 -163.02720877749502 -178.26321536248176 -65.3960461184234 82.69248681884757 -90.92472539061889 18.055444103992336 105.69344098794883 96.87811439832807 4.286825135918744 -100.32287947109357 -133.07968885912825 -62.70110726921499 54.14482651957599 129.67551994346283 101.58487843978367 -3.511089832862334 -100.48799249801651 -110.11937241035652 -16.66560187447913 101.13774280693399 -87.84555068835269 -24.163911711600402 50.91529825148042 47.77512034912149 -12.857768103167782 -84.33398433861846 -105.8940729785425 -53.56719815310764 34.558481501395335 95.90930812768948 86.15613911693647 18.923918085560608 -44.301678112951436 -49.377947565716646 18.154990253832672 107.99724310887031 -45.451663037306 -24.291611722006554 15.289645022947155 15.000847358911626 -11.2499191323392 -43.61595164883203 -52.681738721344495 -27.127906577385186 15.212383739152427 45.482898518613865 44.055971854756784 15.733546169547553 -11.923877094906098 -11.45555632387946 14.159371407835065 72.27682613638673
</DataArray>
        <DataArray type="Float64" Name="Mode_18_w" NumberOfComponents="1" format="ascii">
 -6.295133696138269e-12 -0.023655701263719447 6.488928675627985e-12 0.02365570125911952 -0.0014385608421368453 0.003948057144216543 0.004452378477413746 0.001970559619554332 0.001970559619554332 0.0058951191448406185 0.0038018190960836464 -0.0022785314524879806 -0.0019968062418526003 0.0007013505553982891 0.00037385758469607195 -0.00047326277723415395 -0.00047326277723415395 0.001433868150220392 -0.003521062408625323 0.0017354397954357306 0.001735439796252757 -0.0035210624098170763 0.0014338681480298755 -0.0004732627778964813 -0.0004732627778964813 0.00037385758285617593 0.0007013505536138787 -0.0019968062409465217 -0.0022785314532990804 0.003801819096202935 0.005895119144705319 0.0019705596199934214 0.0019705596199934214 0.004452378476484278 0.00394805714468904 -0.001438560842220567 0.0014385608422896536 -0.003948057145990364 -0.004452378476530995 -0.0019705596194741744 -0.0019705596194741744 -0.005895119144150119 -0.003801819095217305 0.002278531451346191 0.001996806241726778 -0.0007013505548872126 -0.0003738575844780191 0.00047326277721064774 0.00047326277721064774 -0.001433868149134123 0.003521062408394064 -0.0017354397949332285 -0.0017354397949071623 0.0035210624095857504 -0.0014338681485296257 0.0004732627779119324 0.0004732627779119324 -0.0003738575833144253 -0.0007013505538353141 0.001996806240969227 0.002278531454439082 -0.0038018190967434432 -0.005895119145082055 -0.001970559620117488 -0.001970559620117488 -0.00445237847715959 -0.003948057145203848 0.0014385608423701716 -2.4902585452624624e-9 -6.023497775489257 -15.03097138859012 -20.464793887786065 -20.464793887786065 -16.784836494374154 -5.31325400545563 6.18471049983837 10.817128940072788 9.079080074783397 6.5977655391007195 8.026402525870614 8.026402525870614 12.720447345042096 14.972105496993494 9.063354708508546 6.023497769256147 -4.108364928345912e-9 -14.387433380722916 -25.706149208346023 -25.706149208346023 -23.015498682411096 -7.125172838187166 9.993221272072986 15.623625493173497 9.34874839539274 1.9332465731549626 2.8869894241644745 2.8869894241644745 12.022236429203563 19.646237065508615 14.972105496262438 15.03097138373677 14.387433375481502 -3.0726943559752444e-10 -14.159687888848993 -14.159687888848993 -14.53266140821811 -0.9087269676716497 13.419946389094092 13.972706812102043 0.4923554882312686 -13.042538079068382 -13.62507917174032 -13.62507917174032 -1.0818527422041118 12.022236426609384 12.720447342586942 20.464793885024562 25.706149207035274 14.159687893337322 4.846156727923682e-9 4.846156727923682e-9 -3.0278376545187955 6.160484266314823 15.282762526377722 10.374533211959704 -8.270350009061744 -25.655290908870526 -27.656120727081465 -27.656120727081465 -13.625079174248084 2.8869894192467123 8.026402521873644 20.464793885024562 25.706149207035274 14.159687893337322 4.846156727923682e-9 4.846156727923682e-9 -3.0278376545187955 6.160484266314823 15.282762526377722 10.374533211959704 -8.270350009061744 -25.655290908870526 -27.656120727081465 -27.656120727081465 -13.625079174248084 2.8869894192467123 8.026402521873644 16.78483649248608 23.0154986822669 14.532661413305455 3.027837663870832 3.027837663870832 4.354026450398043e-9 6.71194527590978 13.402248028569876 8.370475286185751 -8.404487742944779 -23.90908768403147 -25.655290908470718 -25.655290908470718 -13.04253808094919 1.933246569048469 6.597765535505979 5.31325400320796 7.12517283599599 0.9087269682205166 -6.160484263065053 -6.160484263065053 -6.711945272718151 1.762037859046102e-10 7.607001215261582 7.878721526302975 -0.21567084392815392 -8.404487740428891 -8.270350005982136 -8.270350005982136 0.49235548955542746 9.348748394669776 9.079080073428061 -6.184710502172924 -9.993221276194111 -13.419946393681744 -15.282762530448418 -15.282762530448418 -13.402248031953357 -7.607001218148843 -1.0045432038864205e-9 5.830675669044745 7.878721528449011 8.370475290072385 10.374533216323602 10.374533216323602 13.972706815806314 15.623625495664232 10.817128941051452 -10.817128940437335 -15.62362549558479 -13.972706817095133 -10.374533218772344 -10.374533218772344 -8.370475292295113 -7.878721529700373 -5.83067566938667 9.744013985322554e-10 7.607001217075935 13.402248029753416 15.282762527667412 15.282762527667412 13.419946391395992 9.993221275148844 6.184710502025804 -9.079080071254893 -9.348748392255034 -0.49235548829934606 8.270350005638509 8.270350005638509 8.404487739381162 0.21567084363577282 -7.878721525685852 -7.6070012142247805 3.343405333386512e-10 6.711945271884999 6.160484261567315 6.160484261567315 -0.9087269693728122 -7.1251728363239115 -5.313254002978546 -6.597765532627179 -1.933246565026822 13.042538083958624 25.655290909814404 25.655290909814404 23.909087684287243 8.404487743466197 -8.370475284416647 -13.402248026370563 -6.711945274070946 -3.5379692700344535e-9 -3.0278376636442292 -3.0278376636442292 -14.53266141273343 -23.015498681060823 -16.784836491481858 -8.026402519591803 -2.886989415991583 13.62507917662913 27.65612072797597 27.65612072797597 25.655290908978316 8.270350009651384 -10.374533210089695 -15.282762523949078 -6.160484264498904 3.027837655530668 -4.105547747463025e-9 -4.105547747463025e-9 -14.159687892239505 -25.70614920533523 -20.464793883696192 -8.026402519591803 -2.886989415991583 13.62507917662913 27.65612072797597 27.65612072797597 25.655290908978316 8.270350009651384 -10.374533210089695 -15.282762523949078 -6.160484264498904 3.027837655530668 -4.105547747463025e-9 -4.105547747463025e-9 -14.159687892239505 -25.70614920533523 -20.464793883696192 -12.720447341934905 -12.02223642588245 1.0818527418509734 13.625079170474347 13.625079170474347 13.042538077728702 -0.49235548861601 -13.972706811336794 -13.419946388008103 0.9087269679822128 14.532661407717224 14.159687888499695 14.159687888499695 7.097656867504285e-10 -14.387433374267184 -15.03097138264701 -14.972105497150087 -19.64623706730809 -12.022236432060613 -2.8869894274367627 -2.8869894274367627 -1.9332465758056379 -9.348748396960662 -15.623625493701734 -9.993221272546373 7.125172836755591 23.015498680105498 25.706149206462502 25.706149206462502 14.387433379989607 4.340406467159309e-9 -6.023497768684052 -9.063354709398093 -14.972105498858411 -12.72044734770702 -8.026402528607866 -8.026402528607866 -6.597765541367784 -9.079080076307203 -10.817128940930752 -6.184710500661808 5.313254003931592 16.784836492189612 20.464793885914908 20.464793885914908 15.030971387582811 6.023497775292707 2.6161958162300496e-9
</DataArray>
        <DataArray type="Float64" Name="Mode_18_phi1" NumberOfComponents="1" format="ascii">
 0.6731334999754804 72.63085127027101 0.6731334999004023 72.63085126251254 2.4272051371793637 29.76948689389387 40.03860488028687 28.105490064809707 -4.556394709982325 -38.676432358160696 -54.49847547373833 -43.546488403158726 -14.480216053010963 8.807739446308366 10.671023080347062 -4.880745652375498 -18.284504965880533 -16.830732600602055 12.814173608642172 24.921883022648384 143.87451918587666 237.9773363086985 216.3861534708708 160.05020245501743 124.27225759846648 135.89916037730316 165.30214565512196 154.45417194284423 61.52367436541541 -100.17052967992556 -256.1684204033003 -323.79003716419925 -279.79492803599 -168.35939156609 -57.35425490808024 -5.940382273931162 2.4272051362804037 29.769486891740954 40.038604878279656 28.105490063624167 -4.556394709285643 -38.676432355617735 -54.498475471006486 -43.54648840282878 -14.480216057149404 8.807739438645234 10.671023077581237 -4.880745650515514 -18.28450495954485 -16.830732592890612 12.814173611793903 24.921883021758916 143.87451917038237 237.97733627588033 216.38615342824366 160.05020241012383 124.27225755825916 135.8991603464347 165.30214563470184 154.45417192909417 61.52367434885153 -100.1705297068928 -256.16842043932974 -323.7900371975417 -279.794928058564 -168.35939157577172 -57.3542549093332 -5.940382273294416 4.191760693167543 -34.86688841544983 -125.80995245921032 -207.51545652694 -221.76385738708979 -144.8216571302197 -17.75774793433197 90.22766334137377 130.82421585251024 107.32113308436095 66.54409511299151 60.11496798408278 100.20912654344846 151.17311499348583 154.33290316360186 81.09416107817827 79.23044243778071 129.88292824715288 96.54969706984386 31.26228849990974 -19.13717832576763 -21.797113337486802 16.299949362081012 52.554377500989915 43.08876708367827 -18.350854054506147 -92.72823279333764 -129.67673009170494 -105.28161079033353 -38.887123032371 30.89747300739829 35.69153995430717 104.76264933792258 200.64457093822352 226.05393181872188 213.00611206603756 179.75212011228297 142.99508736138517 102.25272628926558 46.610143748786605 -31.798353248107176 -126.07948548538583 -210.02961868972199 -251.29153444815458 -236.73214352168307 -182.70186038902577 -113.85647784793528 -45.85191216278803 70.24555177241638 148.9778038766691 195.3684503573871 210.38997801444248 194.43389386663296 151.51766076670856 90.37787183361957 19.9975385820453 -53.02056233599656 -121.14363972726694 -174.04537681369933 -201.40252835768 -197.31543141126951 -165.42835161655736 -118.3934941717427 -54.08606379575674 -20.86377945682274 -23.340732294021127 10.410415346080468 45.247960002983966 61.292756838119935 45.63052661587295 8.748281307014304 -24.913107431056737 -36.53752649309576 -25.78634820804588 -6.671378666624661 4.512359790577732 0.253208234814301 -12.991414621496052 -23.892087586315878 -15.987004662782173 -111.25351434451903 -198.52792549212967 -188.71158291586968 -144.8334813151167 -101.22774425735602 -85.33578191167027 -86.89092299752878 -71.85321487019253 -14.327840435620006 78.68151626606146 170.53441199423668 219.757306291258 208.48730408438948 152.2762365318339 84.91793246258933 30.803717485301053 -142.16136471445594 -257.4822162808909 -255.6648318669718 -201.46622385901944 -146.4265741478651 -124.13158986892238 -122.66587097243145 -98.79754426740985 -18.766577399958784 107.85112779458113 230.86847621476576 293.5073914368199 272.45680177833134 191.79951265652463 102.73654241481373 34.705287625741065 -99.2094367441932 -166.24381207546864 -138.54467486900705 -70.27765241284864 -19.95546693224536 -23.924523975266982 -64.47220534148688 -88.55612586828731 -52.4675872899289 39.560422472531414 136.28951549826118 177.92372944228765 142.15882080091703 60.67610795768237 -7.31019867793136 -21.001299151313393 -21.00129913806275 -7.310198652395196 60.67610798505745 142.15882082379213 177.9237294577196 136.28951550705779 39.56042247761257 -52.46758728371681 -88.55612585846569 -64.47220533015222 -23.92452396376567 -19.955466924308325 -70.27765241016975 -138.54467487073927 -166.24381207920652 -99.2094367458875 34.705287643190346 102.73654244714778 191.79951269478624 272.45680181518003 293.5073914649101 230.86847623518935 107.851127811371 -18.766577383075774 -98.79754424842217 -122.66587094903424 -124.13158984517686 -146.42657412454497 -201.46622383601283 -255.66483184727193 -257.4822162658989 -142.16136470729302 30.80371749223249 84.91793247916338 152.27623655204076 208.48730410508375 219.7573063104679 170.5344120081196 78.68151627846302 -14.327840420742517 -71.85321485425472 -86.89092298040464 -85.33578189120358 -101.22774423403565 -144.83348129101168 -188.7115828924161 -198.52792547380903 -111.25351433640834 -15.98700466992295 -23.892087599726825 -12.991414634821151 0.25320822318317815 4.512359782275343 -6.671378670295558 -25.786348208674323 -36.5375264925448 -24.913107430153683 8.748281305994505 45.630526615371785 61.292756841503014 45.24796000856064 10.410415351548991 -23.34073228945611 -20.863779454515633 -54.08606381380402 -118.39349420622729 -165.42835165607775 -197.31543144819898 -201.40252838592755 -174.04537683347007 -121.14363974281042 -53.02056235268106 19.997538562464662 90.37787181194838 151.51766074518983 194.4338938485369 210.3899780019532 195.36845034928305 148.977803870942 70.24555176944885 -45.851912183024915 -113.85647788668022 -182.70186043136036 -236.73214355957373 -251.2915344774663 -210.0296187110088 -126.07948550498882 -31.79835326918518 46.61014372451126 102.25272626191443 142.99508733278077 179.75212008643692 213.006112045931 226.05393180313277 200.64457092586215 104.7626493319746 35.691539948338736 30.89747299694194 -38.88712304198988 -105.28161079611101 -129.67673009332717 -92.72823279655725 -18.350854060897277 43.088767073768345 52.554377489990614 16.299949352446735 -21.797113345335287 -19.137178332800275 31.262288492333003 96.54969706085967 129.88292823858671 79.23044243237062 81.09416108415599 154.33290317869123 151.1731150179817 100.2091265749014 60.11496801396647 66.54409513715873 107.32113310005792 130.82421586127572 90.22766334876405 -17.75774792173829 -144.82165710966436 -221.76385736365208 -207.51545650951186 -125.80995245048913 -34.86688841510392 4.191760691251967
</DataArray>
        <DataArray type="Float64" Name="Mode_18_phi2" NumberOfComponents="1" format="ascii">
 -0.6731335015625725 -72.63085127042238 -0.6731335015860528 -72.63085126267494 5.940382228545498 57.35425481086844 168.35939148147398 279.79492798558414 323.7900371505077 256.16842040367527 100.17052967080282 -61.52367438374142 -154.45417194237388 -165.302145603121 -135.899160263915 -124.27225745163074 -160.05020231921614 -216.38615338272032 -237.9773362748 -143.87451918004354 -24.921883026997282 -12.814173622249426 16.83073258270923 18.284504954875185 4.8807456555811 -10.671023063868404 -8.807739424930114 14.480216064452659 43.54648840282221 54.49847546855262 38.67643235750975 4.5563947180638396 -28.10549005130518 -40.03860487173056 -29.769486894117016 -2.427205166456762 5.940382227084029 57.35425480490155 168.35939146798205 279.7949279662392 323.79003712937094 256.16842038770153 100.17052966442097 -61.52367438403057 -154.45417194847812 -165.30214562767367 -135.89916030565013 -124.27225749485568 -160.05020234949944 -216.38615339000052 -237.9773362619966 -143.87451916717308 -24.921883023537053 -12.814173617517692 16.83073258522549 18.284504954358358 4.880745653348316 -10.671023067195204 -8.807739428082616 14.480216063646322 43.54648840531715 54.49847547203095 38.67643235866056 4.556394715455253 -28.10549005537751 -40.03860487548177 -29.769486895554788 -2.4272051658990192 -4.191760743961986 -79.23044244260782 -104.762649318766 -70.24555174596898 20.863779469767586 111.25351434138184 142.16136470637267 99.20943675057363 21.0012991686707 -34.705287597832005 -30.80371746105966 15.987004667332968 54.08606377962559 45.851912142306695 -35.69153996680613 -81.09416108100116 34.866888342770274 -129.88292825590503 -200.64457089151216 -148.97780382193437 23.340732316635158 198.52792547387108 257.4822162499318 166.24381207529163 7.310198703665309 -102.73654236508682 -84.91793242008195 23.892087593827007 118.39349414045503 113.85647781024247 -30.897473025930207 -154.3329031618018 125.80995239763605 -96.54969706357767 -226.0539317495491 -195.36845028585867 -10.410415325665877 188.7115828712578 255.66483179927067 138.54467483897466 -60.67610794567766 -191.79951260936986 -152.2762364874831 12.991414628087306 165.4283515813602 182.70186034802373 38.88712301935811 -151.1731149776328 207.51545649096448 -31.26228847044795 -213.00611197921353 -210.3899779359812 -45.24795999270189 144.8334812457565 201.46622375721512 70.2776523503255 -142.15882080812045 -272.4568017418774 -208.48730404470325 -0.2532082313861882 197.3154313753423 236.73214348166852 105.28161078612227 -100.2091265081166 221.76385736988587 19.13717836940949 -179.7521200221707 -194.43389379477978 -61.292756837934654 101.22774417977239 146.4265740366192 19.955466855614837 -177.92372945800963 -293.5073914060103 -219.75730625607633 -4.512359788959854 201.40252832247697 251.29153441072907 129.6767300902721 -60.114967939311256 144.82165711551707 21.797113372747937 -142.9950872893854 -151.51766071061337 -45.63052661760909 85.3357818490185 124.13158978086769 23.92452391700341 -136.28951550223707 -230.868476180844 -170.5344119607027 6.671378668764232 174.04537678147074 210.02961865518316 92.72823278466663 -66.54409507824666 17.75774791066046 -16.299949353374647 -102.25272625298747 -90.37787180016109 -8.748281304010815 86.89092296773552 122.66587093185318 64.47220532361784 -39.56042245404452 -107.85112775715297 -78.68151623547189 25.786348210862457 121.14363970260644 126.07948545655664 18.35085403657987 -107.32113307400479 -90.22766336694127 -52.554377520081644 -46.61014375228919 -19.997538577756778 24.913107438132357 71.853214876006 98.79754427815487 88.5561258885245 52.46758732029387 18.766577426408148 14.32784045338287 36.537526495498795 53.020562326580674 31.798353234489916 -43.088767102706214 -130.82421586481544 -130.8242158583932 -43.08876711535471 31.7983532147165 53.0205623102761 36.537526496687555 14.32784046592214 18.76657744254438 52.4675873282358 88.5561258845177 98.7975442615227 71.85321486007113 24.913107431293582 -19.997538569117363 -46.61014373461434 -52.554377505226626 -90.22766336335022 -107.32113305205442 18.35085403147305 126.07948543696727 121.14363968002635 25.786348201737336 -78.6815162267337 -107.85112774287484 -39.560422442536726 64.4722053219245 122.6658709191239 86.89092294869965 -8.748281312357717 -90.3778717952256 -102.25272623943816 -16.299949341865773 17.75774791266648 -66.5440950464993 92.72823278991658 210.0296186356925 174.04537675649203 6.671378652362618 -170.53441195721058 -230.868476165148 -136.28951548879448 23.924523917814742 124.13158977041776 85.3357818319237 -45.630526625453335 -151.51766070600198 -142.9950872788717 21.79711337726069 144.82165710811688 -60.11496790841553 129.6767300981116 251.2915343922099 201.40252829828725 -4.512359804433269 -219.757306254135 -293.5073913866761 -177.92372944376893 19.9554668570698 146.4265740254357 101.22774416684967 -61.29275684293859 -194.43389379004873 -179.7521200122707 19.1371783687101 221.76385735598117 -100.20912649220683 105.28161078866025 236.73214346235466 197.31543135624463 -0.2532082399783929 -208.48730403641045 -272.4568017220553 -142.1588207942208 70.27765234893285 201.46622374470354 144.83348123484436 -45.247959992508925 -210.38997792855062 -213.00611196762515 -31.26228846994959 207.5154564765076 -151.17311498106116 38.887123011408704 182.70186032938665 165.42835156974277 12.991414629316239 -152.2762364731598 -191.7995125905978 -60.67610793477931 138.5446748344314 255.66483178506974 188.71158286085353 -10.410415320247003 -195.36845027266938 -226.0539317354837 -96.54969705923398 125.80995238815491 -154.33290317629746 -30.897473041297374 113.8564777942877 118.39349413554591 23.892087601844164 -84.91793240528581 -102.73654234821085 7.3101987112158575 166.24381206865115 257.4822162348793 198.5279254641603 23.340732324836825 -148.97780380549662 -200.64457087652943 -129.88292824773185 34.86688833785752 -81.09416109071199 -35.69153997748029 45.85191213437976 54.08606377920547 15.987004672730249 -30.803717452737633 -34.705287588980894 21.001299172169873 99.20943674629723 142.1613646977233 111.25351433635669 20.863779474821293 -70.24555173650681 -104.762649309909 -79.23044243789272 -4.191760745084959
</DataArray>
        <DataArray type="Float64" Name="Mode_19_w" NumberOfComponents="1" format="ascii">
 -0.036381443817705535 4.642403769898609e-12 0.036381443816022346 -3.5872185035033826e-12 0.0006680949837722311 -0.00216328042862543 0.002184974444974788 -0.0006453112454877247 -0.0006453112454877247 -0.0001810727226563179 0.00044503520799345 -0.001980241432336637 -0.0010877038696050238 0.0035890044059001774 0.0038950479858311914 0.001047569709559191 0.001047569709559191 0.004228729510963041 0.0025450601318842427 -0.0008995259852253781 0.0008995259845336958 -0.0025450601304846366 -0.004228729511451854 -0.0010475697090482675 -0.0010475697090482675 -0.0038950479857413184 -0.0035890044054111793 0.0010877038683481212 0.0019802414330532263 -0.0004450352091308146 0.00018107272053640932 0.0006453112445927873 0.0006453112445927873 -0.0021849744468115193 0.0021632804269482737 -0.0006680949821524046 -0.000668094982102213 0.0021632804283522947 -0.0021849744449732255 0.0006453112454664794 0.0006453112454664794 0.00018107272266999321 -0.00044503520783076403 0.00198024143232867 0.0010877038702658 -0.003589004406328159 -0.0038950479857203712 -0.0010475697094752573 -0.0010475697094752573 -0.0042287295107882655 -0.0025450601316015097 0.0008995259851108251 -0.0008995259848011669 0.0025450601318984 0.004228729510377013 0.001047569709175269 0.001047569709175269 0.003895047985705014 0.0035890044050254795 -0.0010877038675335743 -0.0019802414329743753 0.0004450352091795268 -0.00018107272062625008 -0.0006453112446103412 -0.0006453112446103412 0.0021849744465954456 -0.0021632804271672335 0.0006680949824704931 -14.455453491570323 -18.20210015571962 -13.930576974995269 -7.480484017758497 -7.480484017758497 -4.7980021666010595 -6.171283684892907 -6.1593047653079305 -0.09996771363419157 10.294621562663309 18.229637307504476 18.375772816465606 18.375772816465606 11.548563735320872 3.6617855990673114 -1.3928979155869603e-9 -18.20210015773021 -23.995975212086147 -15.062021290797574 -3.423753136033004 -3.423753136033004 0.02205864183010761 -5.802159358184963 -11.295687110404584 -5.959474143233151 8.9946713933575 22.062112274468728 23.172964194702683 23.172964194702683 12.354769397380393 -2.9697577762575e-9 -3.6617856036906105 -13.930576979939726 -15.062021295412244 -1.4296371766353069 13.021853784822465 13.021853784822465 14.152368225165263 1.3647049426148632 -12.698715728771516 -13.603590866932379 -0.8528474906637463 11.947481285088111 12.29591170585592 12.29591170585592 1.344541766868417e-10 -12.35476940120851 -11.548563739440542 -7.480484024096114 -3.423753144003946 13.021853780577123 27.58003200640914 27.58003200640914 26.139965799436958 8.353730155936248 -11.863008530018249 -18.541547370780364 -9.835655047422334 0.7248056552916677 4.922320551738803e-9 4.922320551738803e-9 -12.29591170128796 -23.172964196089687 -18.37577281945208 -7.480484024096114 -3.423753144003946 13.021853780577123 27.58003200640914 27.58003200640914 26.139965799436958 8.353730155936248 -11.863008530018249 -18.541547370780364 -9.835655047422334 0.7248056552916677 4.922320551738803e-9 4.922320551738803e-9 -12.29591170128796 -23.172964196089687 -18.37577281945208 -4.798002171383409 0.0220586353277784 14.152368221049503 26.13996579871163 26.13996579871163 24.093064525471302 7.977017526304282 -10.317600587889736 -16.758456554876066 -9.344917624309167 4.8716194132079725e-9 -0.7248056454926978 -0.7248056454926978 -11.947481280489495 -22.062112275643596 -18.229637310305915 -6.171283685854476 -5.8021593595257155 1.3647049428938425 8.353730157835908 8.353730157835908 7.977017528224046 -0.12197973491283993 -8.69273270045159 -8.98253680475937 1.146101278656933e-10 9.344917628244158 9.835655051422703 9.835655051422703 0.8528474908958622 -8.994671396750533 -10.294621566146912 -6.159304762654593 -11.295687106583323 -12.69871572454407 -11.863008525820666 -11.863008525820666 -10.317600584445985 -8.692732698431161 -5.930716195206727 -1.6754700623627085e-9 8.98253680117122 16.75845655207532 18.54154736769847 18.54154736769847 13.603590862562243 5.959474137881434 0.0999677099173983 -0.0999677098495536 -5.959474138065538 -13.603590863283607 -18.541547368859344 -18.541547368859344 -16.758456553256497 -8.98253680231519 5.48578452771344e-10 5.930716194042757 8.692732696898675 10.317600582780834 11.863008524457026 11.863008524457026 12.69871572396742 11.295687106872002 6.159304763111156 10.294621565958419 8.99467139647386 -0.8528474912227301 -9.83565505143608 -9.83565505143608 -9.34491762779098 6.517060622100956e-10 8.982536805489058 8.692732700689373 0.121979734423133 -7.977017528926391 -8.353730158283279 -8.353730158283279 -1.3647049426349396 5.802159360448261 6.171283686709063 18.229637310224675 22.062112275658937 11.947481280826862 0.7248056463026 0.7248056463026 -3.1994367449523285e-9 9.344917626591117 16.758456557193593 10.3176005896668 -7.977017525453883 -24.09306452527992 -26.139965798399448 -26.139965798399448 -14.152368220329292 -0.022058634196007013 4.798002172286653 18.37577281978205 23.17296419658057 12.29591170175953 -4.4169354448193125e-9 -4.4169354448193125e-9 -0.7248056542760569 9.835655049338676 18.541547372877606 11.86300853181747 -8.353730154836674 -26.139965799069962 -27.5800320062412 -27.5800320062412 -13.02185378000599 3.4237531447536194 7.480484024681864 18.37577281978205 23.17296419658057 12.29591170175953 -4.4169354448193125e-9 -4.4169354448193125e-9 -0.7248056542760569 9.835655049338676 18.541547372877606 11.86300853181747 -8.353730154836674 -26.139965799069962 -27.5800320062412 -27.5800320062412 -13.02185378000599 3.4237531447536194 7.480484024681864 11.54856374022474 12.354769402002852 -6.646388873787198e-11 -12.295911706395666 -12.295911706395666 -11.94748128584639 0.8528474902897416 13.603590867307181 12.698715729245054 -1.3647049424352102 -14.152368225563245 -13.021853785346348 -13.021853785346348 1.4296371763897493 15.062021295691467 13.93057698018378 3.6617856044572257 3.8114457454312184e-9 -12.354769397505429 -23.17296419602824 -23.17296419602824 -22.062112276441272 -8.994671395421435 5.9594741416863 11.295687109540891 5.802159357371583 -0.02205864303685903 3.4237531348242976 3.4237531348242976 15.06202129020646 23.99597521206853 18.202100157969806 1.7694367339339824e-9 -3.661785598610996 -11.548563735506209 -18.37577281751923 -18.37577281751923 -18.229637309196995 -10.294621564380842 0.09996771210464689 6.159304764156327 6.17128368410256 4.79800216571928 7.480484016791743 7.480484016791743 13.930576974401427 18.2021001558382 14.455453491798414
</DataArray>
        <DataArray type="Float64" Name="Mode_19_phi1" NumberOfComponents="1" format="ascii">
 -4.684997811300879 0.37438325465428235 -4.684997811484375 0.3743832575423364 -83.27083069713865 -6.239075127230533 14.777691120253344 28.84238538265028 17.410211692374418 1.0487479967243822 -4.420834930415494 8.72396867893562 32.528844249046315 47.56665950725464 35.860319629115544 4.24051994437867 -24.438864402217042 -35.27823293276703 -26.66739095287654 -9.974777292726081 14.65762304218798 73.81916705237903 178.37675967134908 276.77285135584526 305.6451402391973 236.63998115968636 102.34429869063487 -26.4727032488738 -95.4975534109504 -101.52813754014842 -92.8550816099203 -124.9094418883967 -204.2024158357205 -271.80656461796667 -285.61014133339296 -129.60656528395614 -83.27083069795694 -6.239075127221479 14.777691120702684 28.842385381240927 17.410211690776404 1.0487479960592225 -4.420834929548862 8.723968680928076 32.52884425061171 47.56665950854703 35.8603196286446 4.240519942737149 -24.438864404528964 -35.27823293343812 -26.66739095155654 -9.974777291220214 14.657623047665888 73.81916705825127 178.37675966902637 276.7728513420122 305.64514021438873 236.6399811318342 102.34429866362449 -26.47270327291063 -95.49755342966982 -101.52813755371878 -92.8550816241588 -124.90944190413809 -204.20241584861324 -271.80656462080094 -285.6101413310869 -129.60656528283795 -148.42264101881463 -211.68311855331223 -175.53056280581646 -97.44309788152243 -42.230827601712036 -39.23679389797023 -64.50793340779114 -66.22891273320373 -8.738485260946367 94.21199187105088 186.95868670275297 214.97699673600687 166.23092642627063 76.91992981911184 5.486988228707211 -13.875868750521718 -16.545368115251843 -26.729705694898374 18.35684865120542 84.84744445184894 121.17056193583517 95.61960592652449 19.036485577308536 -59.68462069424607 -92.29969421231748 -69.1151230363282 -21.936746980312417 3.435365004151087 -17.43477203871882 -64.07164018805413 -92.70298708793156 -59.38775000804212 56.74154106019552 138.55434725790388 203.47891074706754 249.9134002511831 248.87220942545588 190.37017709314034 91.26312598489737 -15.928755806184421 -99.24496210569649 -144.90723118265095 -164.9234275502024 -179.92307691553842 -197.70813130098446 -205.09574989091016 -183.07052106211668 -95.42613330779014 78.57758112965155 160.66588789958413 204.50462019702871 219.52019042345475 200.59378877460284 152.37310215945323 81.81188171910871 3.3811166292626766 -68.52707917110669 -123.19629141981169 -158.2534336168421 -177.77727911737168 -184.76042080320738 -175.28962331016638 -146.83783098843318 -73.84896406692042 39.69554845996271 66.96423465038059 54.035154408890975 22.18296408922727 -3.9439309409260996 -9.991313228677926 1.8955544481202709 13.742263643488199 11.574245026131415 -4.291586025176393 -22.378617801429932 -30.312270130616245 -23.830274007218176 -9.01733677973607 -1.3176940371149606 0.692120584846069 -10.457957195744276 -51.99709473665036 -124.43407893517332 -198.3209550493696 -227.29111700835156 -184.60458164463628 -88.01144804149493 17.500856545165252 89.9744217488155 118.51841108615868 122.87260290627064 130.45286773195363 151.37065371724435 169.67160112936165 157.2948149288701 84.68546746400501 -20.07319659646361 -82.57886881609699 -185.60882591367215 -281.57947536268705 -312.7258717250126 -247.83556549247842 -111.2745943707295 32.25969711887397 125.44571751166222 154.67396081746773 150.8693642727399 157.0781910720712 190.0554232561542 224.70436156559947 219.94927352246594 121.23934271519953 23.942446936372782 7.7801035295541165 -75.46719215811258 -165.4344614791329 -201.16330092863606 -149.36730385575098 -37.00794598110819 68.58636702458979 110.01237691553395 81.08353071266416 27.755246475402306 8.37719158630147 46.05900317831489 109.45893190668997 146.0124042110075 88.86374086875226 88.86374086489873 146.01240420558162 109.45893190623502 46.05900318408128 8.377191599592303 27.755246491832708 81.08353072859784 110.01237693015744 68.58636703602964 -37.00794597528319 -149.36730385258207 -201.1633009239173 -165.4344614728748 -75.4671921493769 7.780103538506733 23.94244694129608 121.23934271364112 219.94927352269454 224.7043615711953 190.05542327077754 157.07819109354165 150.86936430049255 154.67396084861704 125.44571754122025 32.25969714342293 -111.27459435050022 -247.8355654748762 -312.72587171031364 -281.5794753491111 -185.60882590357264 -82.57886880867966 -20.07319659307253 84.68546746612385 157.29481493429032 169.67160113823715 151.3706537274661 130.45286774447717 122.87260292182552 118.51841110484673 89.97442176875283 17.50085656522888 -88.01144802354374 -184.60458163161775 -227.29111699848843 -198.3209550434007 -124.43407893193674 -51.99709473626466 -10.457957196348218 0.692120589609169 -1.3176940294937438 -9.0173367760465 -23.830274009731944 -30.31227013941826 -22.378617811480645 -4.291586033396477 11.574245020088114 13.742263640988904 1.895554448853654 -9.991313227154043 -3.943930942661221 22.182964086240386 54.03515440414873 66.96423464413782 39.69554845631302 -73.84896406180229 -146.83783098327066 -175.28962331306576 -184.7604208149469 -177.77727913782806 -158.25343364646685 -123.19629145185571 -68.52707919705216 3.3811166093015617 81.81188170425719 152.37310214787976 200.59378876439274 219.520190412222 204.50462018659792 160.66588789288446 78.57758112615637 -95.42613330678395 -183.07052106163565 -205.09574989336372 -197.7081313103181 -179.9230769329446 -164.92342757414679 -144.90723121165465 -99.24496213521996 -15.928755829117508 91.26312596839534 190.37017707918167 248.87220941371064 249.91340024263783 203.47891074236838 138.55434725434336 56.741541059781426 -59.38775001136771 -92.70298709314292 -64.07164019145654 -17.43477204063635 3.4353650028961025 -21.93674698326949 -69.11512304076574 -92.29969421919182 -59.68462070261307 19.036485571596614 95.61960592587648 121.17056193649702 84.84744445153584 18.356848649801726 -26.729705693049713 -16.545368114178054 -13.87586875461407 5.486988221974803 76.91992981625876 166.23092643223623 214.97699674948564 186.95868672231302 94.21199189054055 -8.738485244810576 -66.22891272075847 -64.50793339682762 -39.23679388747421 -42.2308275905125 -97.44309787202896 -175.53056279870873 -211.68311855271054 -148.42264101999663
</DataArray>
        <DataArray type="Float64" Name="Mode_19_phi2" NumberOfComponents="1" format="ascii">
 -4.68499781142691 0.37438328284411954 -4.684997811422268 0.37438327992226683 -129.60656528360673 -285.61014134927916 -271.80656467582264 -204.202415939236 -124.90944200318933 -92.85508169685339 -101.52813757401718 -95.49755339835613 -26.472703216686607 102.3442987216268 236.63998118392908 305.64514026605485 276.772851406688 178.37675975270776 73.81916714538676 14.657623098402958 -9.974777282857387 -26.667390948412567 -35.278232941355384 -24.43886441271458 4.240519939563581 35.860319632177955 47.56665950998465 32.52884424780779 8.72396866770504 -4.420834947533921 1.0487479824678658 17.410211689034583 28.842385391708184 14.777691137535898 -6.239075117167177 -83.27083069704055 -129.6065652858948 -285.6101413551735 -271.8065646799568 -204.20241594422396 -124.90944201352524 -92.85508171116471 -101.52813758800369 -95.49755340736353 -26.472703220203393 102.34429872240817 236.63998118588438 305.64514026435523 276.77285139864927 178.3767597391208 73.81916713268176 14.657623091837767 -9.974777283546683 -26.667390947187986 -35.278232937983105 -24.43886440903631 4.2405199425808195 35.860319631979365 47.566659509692435 32.52884424655722 8.723968665508037 -4.420834948178447 1.0487479830915962 17.410211689007888 28.842385389787726 14.777691133604772 -6.2390751174833845 -83.2708306956249 -148.42264101641604 -16.54536808862137 56.741541093980445 78.57758114810923 39.695548448459945 -10.45795723365964 -20.073196641832162 23.94244690758822 88.863740861589 121.23934272426644 84.68546747373902 0.6921205824780289 -73.84896408073799 -95.42613332035948 -59.3877499966565 -13.875868725797059 -211.6831185637779 -26.729705651486057 138.55434732110072 160.66588794165978 66.96423463386881 -51.99709480332574 -82.57886889606033 7.780103483368668 146.01240420852724 219.94927355542816 157.29481495610244 -1.3176940418870209 -146.83783102097098 -183.07052109497994 -92.70298707917385 5.4869882752256585 -175.53056284620612 18.356848683614587 203.4789108177215 204.5046202537202 54.03515440494544 -124.43407899719956 -185.60882598973967 -75.46719219200457 109.45893193303729 224.7043616304275 169.6716011790439 -9.017336784715214 -175.28962336416765 -205.09574994833034 -64.07164020199617 76.91992986598552 -97.44309794570529 84.84744446169533 249.91340031802477 219.52019048464186 22.18296409922189 -198.32095509549183 -281.5794754179041 -165.43446148934538 46.05900323638469 190.05542335481528 151.37065378583893 -23.830274013492826 -184.7604208755036 -197.70813138261164 -17.434772074759472 166.23092646048107 -42.23082766775598 121.17056193106767 248.8722094791154 200.5937888320239 -3.943930925655499 -227.2911170373191 -312.7258717629357 -201.16330092424127 8.377191659937173 157.07819118309354 130.4528678078511 -30.312270138773908 -177.77727919642135 -179.92307701085113 3.435364958973513 214.9769967596605 -39.236793935572265 95.61960592096476 190.37017713369568 152.37310220229938 -9.99131321699716 -184.60458166869674 -247.83556552310205 -149.36730385804256 27.755246531652777 150.86936436758805 122.87260297094575 -22.378617809983396 -158.25343369053468 -164.92342763405367 -21.93674701643312 186.9586867296425 -64.50793340429603 19.036485582435922 91.26312601093906 81.81188174000253 1.8955544494125633 -88.01144806557213 -111.2745944016137 -37.007946001124516 81.08353073239057 154.67396086867697 118.51841112477821 -4.2915860339179215 -123.19629147168341 -144.907231236084 -69.11512304841008 94.21199191099622 -66.22891269876396 -59.68462068063938 -15.928755802811153 3.3811166273626934 13.742263634801686 17.50085652958596 32.25969709595017 68.5863669960317 110.01237690030351 125.44571751498918 89.97442175639017 11.574245016933805 -68.52707919132767 -99.24496212305961 -92.29969419979284 -8.738485214898391 -8.738485215886097 -92.29969420499023 -99.24496213160451 -68.5270791972694 11.574245016644525 89.97442175765082 125.44571751627741 110.01237689994122 68.58636699320925 32.25969709073739 17.500856528972957 13.742263639085094 3.3811166383113678 -15.92875579004457 -59.68462067524807 -66.22891270189588 94.21199190867628 -69.11512305035343 -144.90723123776584 -123.19629146903458 -4.291586028030753 118.51841112912264 154.67396086950174 81.08353072976757 -37.00794600970361 -111.27459441112606 -88.01144806753646 1.8955544539745173 81.81188175086523 91.26312602299835 19.036485585342277 -64.50793341191836 186.95868672946193 -21.93674701526591 -164.92342762963526 -158.2534336835946 -22.37861779902537 122.87260297978312 150.86936437027433 27.75524652699832 -149.367303869178 -247.8355655356397 -184.6045816753055 -9.991313213781092 152.37310221000047 190.37017714223347 95.61960592137333 -39.236793946130305 214.97699676353074 3.435364961592345 -179.92307700780427 -177.77727919264714 -30.31227012916213 130.45286781936628 157.07819118806788 8.377191656694977 -201.16330093350487 -312.7258717762104 -227.29111704666772 -3.9439309259316633 200.59378883837485 248.8722094848096 121.17056193009427 -42.23082767692946 166.2309264687475 -17.434772075067904 -197.70813138797493 -184.76042087875328 -23.830274012048214 151.37065379477409 190.0554233609917 46.05900323929489 -165.43446149480653 -281.57947542691426 -198.32095510514617 22.182964097976836 219.5201904900881 249.91340032379387 84.84744446289676 -97.44309795175278 76.91992987471704 -64.07164020491822 -205.09574996073633 -175.28962337617205 -9.01733679126987 169.67160117946892 224.704361638207 109.45893193929447 -75.4671921895475 -185.60882599513167 -124.43407900469737 54.03515440490508 204.50462026034606 203.47891082723714 18.356848686115224 -175.5305628479653 5.486988282001185 -92.70298708187188 -183.07052110937482 -146.83783103719946 -1.317694052569921 157.29481495257613 219.94927355958583 146.0124042167003 7.780103489447856 -82.57886889633006 -51.99709480795781 66.96423463429188 160.6658879499467 138.55434733132486 -26.729705645558795 -211.68311856534316 -13.875868722902592 -59.387749998337014 -95.42613332857002 -73.84896409009967 0.6921205753610175 84.68546747256913 121.23934272583581 88.86374086548079 23.9424469118425 -20.073196640329794 -10.45795723561662 39.69554844844903 78.57758115267333 56.74154110185655 -16.545368085982982 -148.42264101901168
</DataArray>
        <DataArray type="Float64" Name="Mode_20_w" NumberOfComponents="1" format="ascii">
 -0.02099605492397596 0.03706495019769549 -0.0209960549238832 0.03706495019455326 0.00015024730430713198 -0.0007518057850773271 0.0033821738660850266 -0.0014535920192618303 -0.0014535920192618303 -0.0005058415044170489 0.002748795317834353 0.0016745986338858301 -0.002572525483923649 -0.0027216026770408006 0.0034731336816275445 0.003064370461156 0.003064370461156 -0.005237928879492109 0.005025685149535744 -0.0024748151527780294 -0.002474815153357029 0.005025685149638457 -0.005237928878931994 0.003064370461293431 0.003064370461293431 0.003473133681548871 -0.0027216026762930472 -0.0025725254855521735 0.0016745986319140634 0.0027487953186582977 -0.0005058415045256874 -0.0014535920191868761 -0.0014535920191868761 0.003382173866296565 -0.0007518057849420001 0.0001502473036828796 0.0001502473033407911 -0.0007518057847388628 0.003382173865789003 -0.0014535920192132671 -0.0014535920192132671 -0.0005058415046230823 0.0027487953171338435 0.0016745986346936579 -0.0025725254830131165 -0.002721602677366636 0.0034731336819524843 0.0030643704612627423 0.0030643704612627423 -0.00523792887885392 0.005025685149258682 -0.0024748151520303627 -0.002474815151578722 0.005025685149663734 -0.005237928878921274 0.003064370461376427 0.003064370461376427 0.0034731336815288483 -0.0027216026760969398 -0.0025725254863520606 0.0016745986308663975 0.002748795318792878 -0.0005058415045925412 -0.001453592019011234 -0.001453592019011234 0.003382173866235493 -0.0007518057849899871 0.00015024730379920462 -8.379056642532861 -9.846381354246866 -4.390598825092514 4.933698682735898 4.933698682735898 12.130424194479685 11.498007929230553 1.9740127581473634 -10.982053511743482 -18.67730888902096 -14.776503737314803 -0.6998495367763053 -0.6998495367763053 15.35119128422872 22.695570784206534 14.233405893485664 -9.846381354200357 -14.24563211397136 -8.465607423427432 3.7747713299344126 3.7747713299344126 15.175900121876493 17.533918030642287 7.292557759775897 -10.637077802568628 -24.00412931594229 -22.582348247709895 -5.540187504814583 -5.540187504814583 16.91112009833351 30.12765665273128 22.695570784295274 -4.390598824956619 -8.4656074233205 -7.273455775248432 -1.015847528485675 -1.015847528485675 7.12496363419126 11.959440130789796 9.182127068299431 -1.109728668063841 -12.119294474385907 -15.32348985765024 -7.4370544820193105 -7.4370544820193105 6.604608264830469 16.911120098450724 15.35119128434844 4.93369868291573 3.774771330104199 -1.015847528438915 -5.797244229581111 -5.797244229581111 -6.4025320330569935 -1.658917005352934 5.493389790879245 9.657923712545562 7.569505776218066 1.1856457622422918 -4.991585111922529 -4.991585111922529 -7.4370544821484375 -5.540187504783592 -0.6998495366591675 4.93369868291573 3.774771330104199 -1.015847528438915 -5.797244229581111 -5.797244229581111 -6.4025320330569935 -1.658917005352934 5.493389790879245 9.657923712545562 7.569505776218066 1.1856457622422918 -4.991585111922529 -4.991585111922529 -7.4370544821484375 -5.540187504783592 -0.6998495366591675 12.130424194760428 15.175900122127224 7.124963634132074 -6.402532033299167 -6.402532033299167 -16.439429011202993 -15.522648516449241 -3.164210999091859 13.023120640998659 21.609568194292986 16.689359379973258 1.1856457618525884 1.1856457618525884 -15.323489857985649 -22.58234824766141 -14.776503737140718 11.498007929696454 17.533918030918986 11.959440130560143 -1.658917005987194 -1.658917005987194 -15.522648516994876 -20.426288748238367 -11.78409911637965 6.087997833263204 20.747284319114126 21.609568193657033 7.56950577545501 7.56950577545501 -12.119294474609072 -24.00412931549633 -18.67730888845379 1.9740127586990848 7.292557760236608 9.182127068071875 5.493389790186778 5.493389790186778 -3.1642109998640033 -11.784099116739155 -13.690738507858386 -5.939717576915011 6.087997832905124 13.023120640204263 9.657923711723626 9.657923711723626 -1.1097286680237417 -10.637077801696243 -10.982053510868182 -10.982053511369722 -10.637077802227555 -1.1097286680541536 9.65792371217985 9.65792371217985 13.023120640603398 6.087997833002278 -5.939717576824253 -13.69073850793838 -11.78409911666266 -3.1642109995578953 5.4933897903404105 5.4933897903404105 9.182127068107233 7.292557760174302 1.9740127588204388 -18.67730888895032 -24.00412931600098 -12.119294474404038 7.569505776359544 7.569505776359544 21.60956819461627 20.747284319416927 6.087997832945269 -11.784099116713286 -20.42628874789515 -15.522648516120274 -1.658917005194459 -1.658917005194459 11.959440130571814 17.533918030217873 11.498007929137156 -14.776503737730048 -22.58234824809787 -15.323489857680181 1.1856457629287502 1.1856457629287502 16.689359380932686 21.60956819434164 13.023120640217353 -3.1642109998639767 -15.522648516393627 -16.439429010280545 -6.402532032389118 -6.402532032389118 7.124963634061212 15.175900120962018 12.130424193661398 -0.6998495373707587 -5.5401875055334715 -7.437054482029582 -4.991585111090141 -4.991585111090141 1.185645762898363 7.5695057759468 9.65792371134013 5.493389789682239 -1.6589170056150406 -6.4025320324055714 -5.797244228728389 -5.797244228728389 -1.0158475285045205 3.77477132876129 4.933698681529287 -0.6998495373707587 -5.5401875055334715 -7.437054482029582 -4.991585111090141 -4.991585111090141 1.185645762898363 7.5695057759468 9.65792371134013 5.493389789682239 -1.6589170056150406 -6.4025320324055714 -5.797244228728389 -5.797244228728389 -1.0158475285045205 3.77477132876129 4.933698681529287 15.351191283593785 16.911120097625616 6.604608264580572 -7.437054481620789 -7.437054481620789 -15.323489857427198 -12.11929447479246 -1.1097286690450487 9.182127067219952 11.959440130492746 7.124963634753622 -1.0158475278740884 -1.0158475278740884 -7.2734557754053135 -8.46560742450523 -4.390598826259324 22.695570783848392 30.12765665228727 16.91112009826725 -5.540187504621903 -5.540187504621903 -22.58234824730349 -24.004129316104382 -10.63707780309556 7.292557759430083 17.5339180307409 15.175900122343112 3.774771330349434 3.774771330349434 -8.465607423695813 -14.24563211485016 -9.84638135513531 14.23340589329487 22.695570783973398 15.35119128429736 -0.699849536424909 -0.699849536424909 -14.776503737100866 -18.677308888822132 -10.982053511723073 1.9740127582029605 11.498007929570852 12.130424194903222 4.933698682974846 4.933698682974846 -4.390598825175823 -9.84638135474566 -8.379056643024423
</DataArray>
        <DataArray type="Float64" Name="Mode_20_phi1" NumberOfComponents="1" format="ascii">
 -2.6932648985443213 -115.16843120050078 2.6932648987746832 115.16843120145155 -48.57264360116389 0.11552318419923378 22.236019385057748 40.99243384086841 37.09683597779115 12.908701233987323 -22.178740300262973 -51.05622727755524 -56.31108611856037 -31.110167234481967 18.618462455509768 60.51259746183327 72.77302257219272 52.42329703300171 -10.107152244834912 -37.608993684088 -225.22470046402353 -355.42567001491204 -262.4979935532497 -56.90401702054524 160.15116496203225 283.0983013115383 260.03271227452933 120.06196839304361 -55.592869637125524 -177.97831936259985 -191.1290428443369 -104.48671217882267 24.56007932333388 124.08666330690963 160.0510604552704 75.67120912062065 48.57264360368548 -0.11552318234989328 -22.23601938321404 -40.992433840391364 -37.09683597887205 -12.90870123613791 22.17874029745161 51.056227274742774 56.311086117288006 31.11016723489409 -18.61846245620802 -60.5125974620393 -72.77302257258468 -52.42329703205027 10.107152246237776 37.60899368493794 225.2247004673075 355.42567001650434 262.4979935523586 56.904017014463875 -160.15116496584358 -283.0983013159842 -260.03271227779146 -120.06196839472041 55.592869634629636 177.9783193567102 191.12904283802325 104.4867121750417 -24.56007932395847 -124.08666330200154 -160.05106044765805 -75.67120911706809 -83.9856782758257 -114.4657413800103 -76.27370317111794 9.707150734827204 99.93133775565312 144.80319322347395 111.68814644884169 8.644946070743925 -118.62702331371773 -202.3175269526994 -187.7124844191317 -73.0506555722163 92.41528156917325 223.45712288894282 240.54978974399327 125.90905801786765 -1.5285846871425635 -21.499527194520102 -38.788400930556215 -37.92832820949844 -17.281269897042876 18.746930332971996 53.88774206628481 64.94979641281573 41.80346809749846 -3.6942484084836846 -47.99128025273673 -64.4641971271602 -45.60638589757537 -3.4747992600252124 48.94490823651177 41.58597832818779 64.80070787436404 105.69274575617435 63.82607409587339 -17.57648648065599 -98.12064109014563 -129.90072628687125 -86.5131218553859 17.603745853641023 130.41126458618888 191.25156514087752 165.09650852305688 58.758875400280544 -80.64315752426106 -190.65160925500768 -214.94499928790574 -121.20508490130821 105.17674396380717 174.98503119904237 128.20308433984286 8.926562630717337 -126.84077208454505 -203.39339974286838 -172.32873986277042 -37.38776382416506 138.72877390759442 263.0130547628129 262.7251976876897 128.21739570444436 -80.00331558999954 -257.1908275658738 -316.2240512606212 -184.41020285794013 91.77519396832676 163.1735048031789 141.19904560275393 46.94253429692959 -79.87131346379603 -177.5501502588292 -190.0837924745571 -100.46665220788164 53.25957806496721 191.2055338529043 233.8459445891443 150.29998596367625 -20.463989466852897 -186.01154653148188 -262.15757123688144 -159.956395237483 24.80865861860758 56.932704322194084 77.5670341821479 64.69111519634727 16.956285929338506 -51.6070297131549 -108.08912265259926 -117.01969093573668 -67.0219928294033 16.712513579557307 85.21586171706082 97.87248064005581 49.79172328179786 -23.374003764321447 -79.43620264566657 -57.71991995704918 -67.45905075802507 -99.99132917193414 -42.275620766973844 44.19443960352411 111.31915551997922 113.10293839932132 42.827921204840585 -62.61847879131635 -144.5442885405275 -159.15423691114515 -101.89618557232451 -4.97120034678321 85.76092974477586 134.00586951302472 123.55225004313303 64.81390169573515 -134.5207742140518 -223.04295541769844 -159.9950522774512 -11.275472536772385 147.06099463132938 228.27424664468413 186.69384247720555 42.06188894942103 -129.51849297647772 -237.56890668816024 -226.98053859898954 -105.3781485702005 65.72731119662217 201.79683160869854 240.57737941471734 138.2589470811256 -138.25894708406824 -240.57737941935676 -201.7968316090901 -65.72731119094773 105.37814857973899 226.98053860655088 237.56890669152003 129.51849297593873 -42.06188895084596 -186.69384247537258 -228.27424663641872 -147.06099462176667 11.27547254224039 159.99505227353757 223.04295540927322 134.5207742081586 -64.81390169534492 -123.5522500421903 -134.00586950976086 -85.7609297402076 4.971200353256524 101.89618557774553 159.15423691025552 144.5442885345369 62.6184787873842 -42.827921203633196 -113.10293839473134 -111.3191555129007 -44.19443960058014 42.27562076307127 99.9913291627097 67.45905075119747 57.719919956115575 79.43620264537795 23.374003764791496 -49.79172328039367 -97.87248064010544 -85.2158617202168 -16.71251358484087 67.02199282288126 117.01969092914344 108.08912264728816 51.60702971128298 -16.956285929800984 -64.69111519716508 -77.56703418568509 -56.93270432908309 -24.80865862366747 159.95639523604868 262.15757123303257 186.0115465283391 20.46398946343895 -150.29998596829714 -233.845944594324 -191.205533858903 -53.259578071504585 100.46665220239115 190.08379247051226 177.55015025519802 79.87131346191681 -46.942534297479256 -141.1990456043621 -163.17350480682353 -91.77519397105708 184.4102028572254 316.2240512593636 257.1908275620771 80.0033155837684 -128.2173957119555 -262.72519769437343 -263.013054764515 -138.72877390550326 37.38776382582802 172.32873986302388 203.39339974254742 126.84077208259586 -8.92656263350695 -128.2030843403785 -174.9850311980101 -105.1767439630149 121.20508490455822 214.944999293839 190.6516092586804 80.64315752346361 -58.75887540216568 -165.09650852046443 -191.25156513746333 -130.41126458010714 -17.603745844470122 86.51312186280799 129.90072628820198 98.12064108767464 17.57648647808106 -63.82607409604321 -105.6927457522762 -64.80070787083608 -41.585978324931304 -48.94490823189875 3.4747992624269353 45.60638589916312 64.46419712916534 47.991280252878695 3.694248414620738 -41.80346808799685 -64.94979640456785 -53.88774206125145 -18.74693033141455 17.281269895866078 37.92832820882536 38.78840093448236 21.49952720046568 1.5285846913876358 -125.90905801600194 -240.54978974031144 -223.45712288699934 -92.41528156930578 73.05065556744167 187.71248441772738 202.31752695304348 118.62702331531129 -8.644946069467524 -111.68814644951436 -144.80319322704182 -99.93133775987617 -9.707150735574599 76.27370317348161 114.46574138653797 83.9856782809154
</DataArray>
        <DataArray type="Float64" Name="Mode_20_phi2" NumberOfComponents="1" format="ascii">
 -2.6932648987179717 115.16843120094748 2.6932648988358365 -115.16843120182286 -75.67120911631778 -160.05106044671243 -124.08666330029104 -24.560079321738666 104.48671217765414 191.12904284242072 177.9783193649947 55.59286964485701 -120.06196838546809 -260.0327122742187 -283.0983013189489 -160.15116497543022 56.904017004591566 262.4979935430997 355.42567001341007 225.22470046483605 37.60899368418429 10.107152246798464 -52.42329703080023 -72.77302257205947 -60.51259746425587 -18.61846245760693 31.11016723230063 56.311086117381784 51.056227278627965 22.178740301874864 -12.908701233311037 -37.09683597838866 -40.99243384177878 -22.236019386528277 -0.11552318410864888 48.572643603508205 75.67120912091194 160.05106045983615 124.08666331860873 24.5600793444618 -104.4867121550005 -191.12904282437546 -177.97831935498897 -55.592869644870404 120.06196837800422 260.0327122649042 283.0983013092406 160.15116496410118 -56.9040170160484 -262.4979935536937 -355.42567001962715 -225.22470046722242 -37.60899368434556 -10.10715224608804 52.423297032769035 72.77302257347611 60.512597462938984 18.618462458394585 -31.11016723352092 -56.31108611777276 -51.05622727746105 -22.178740300932283 12.90870123303107 37.09683597722917 40.99243384045277 22.236019384453506 0.11552318387707375 -48.57264360079606 -83.98567827527894 -1.5285846877134444 64.80070787299951 105.17674396265488 91.77519396658671 24.808658616568312 -67.4590507591997 -134.5207742133948 -138.2589470821714 -64.81390169152269 57.71991996176979 159.95639523936202 184.41020285956552 121.20508490279097 -41.58597832754821 -125.90905801763928 -114.46574137908917 -21.499527195512396 105.69274575407223 174.9850311973861 163.17350480088223 56.93270432076464 -99.99132917363121 -223.0429554171332 -240.57737941703814 -123.55225003638976 79.43620265126633 262.15757123886806 316.22405126211805 214.94499929119885 -48.94490823420201 -240.54978974304174 -76.27370316977179 -38.78840093167035 63.82607409380919 128.20308433847748 141.1990456025215 77.56703418406464 -42.275620767280415 -159.99505227807504 -201.79683161011266 -134.0058695084083 23.37400376649084 186.01154653058367 257.1908275658859 190.65160925851544 3.4747992618334473 -223.4571228899602 9.707150736170037 -37.92832821080702 -17.576486482682036 8.92656262995086 46.9425342995288 64.69111520116765 44.19443960624063 -11.275472539483651 -65.72731119532678 -85.76092974537237 -49.791723285969624 20.463989461892655 80.00331558852008 80.64315752731828 45.60638589996429 -92.41528156975403 99.93133775745933 -17.281269898497715 -98.1206410936095 -126.84077208584596 -79.87131346016865 16.956285936981125 111.31915552435183 147.06099462945332 105.37814857246413 4.971200342799368 -97.87248064955493 -150.29998597081251 -128.21739570648325 -58.75887539655341 64.46419713103172 73.05065557149035 144.80319322697775 18.74693032957169 -129.9007262924727 -203.39339974652296 -177.55015025638843 -51.607029704933296 113.10293840571 228.27424664413684 226.98053860031686 101.89618556690124 -85.21586172796158 -233.84594459472106 -262.725197686584 -165.096508516475 47.99128025698734 187.71248441748102 111.68814645351846 53.88774206244285 -86.51312186393702 -172.3287398687966 -190.08379247498422 -108.08912264587993 42.82792121140984 186.69384247892907 237.56890668730992 159.154236905455 -16.712513587594582 -191.20553385470654 -263.0130547552051 -191.25156513087364 3.6942484122158668 202.3175269462285 8.644946075985551 64.94979641042795 17.603745845142114 -37.387763830559614 -100.46665221044367 -117.01969093217701 -62.618478786245866 42.06188895098568 129.518492974687 144.54428853620342 67.02199282544285 -53.259578064501746 -138.728773897252 -130.41126457539542 -41.80346809457962 118.62702330565644 -118.62702331036868 41.80346809588432 130.41126458189652 138.72877390327645 53.25957806418074 -67.02199282863009 -144.54428853738992 -129.5184929771017 -42.06188895137351 62.618478790079585 117.01969093467483 100.46665220885386 37.38776382997944 -17.603745846914496 -64.94979640918366 -8.644946077212463 -202.31752695261616 -3.6942484097602297 191.25156514131905 263.0130547644004 191.20553385573842 16.71251357969455 -159.15423691274972 -237.56890669211376 -186.6938424761566 -42.82792120181298 108.08912265221612 190.0837924735657 172.32873986019817 86.51312185377155 -53.88774206268747 -111.68814644965587 -187.7124844242466 -47.99128025232048 165.09650852762388 262.7251976972204 233.84594459458933 85.21586171657106 -101.89618558028667 -226.98053860576388 -228.2742466382383 -113.10293839289979 51.60702971518338 177.5501502552027 203.39339973330559 129.90072627656556 -18.746930332865563 -144.80319321760442 -73.0506555783784 -64.46419712726343 58.75887540979422 128.21739571710762 150.29998596915186 97.87248063664248 -4.971200358053257 -105.37814857901733 -147.06099462291317 -111.31915550915772 -16.956285925234457 79.8713134607405 126.84077207239942 98.12064107440804 17.2812698928626 -99.93133774474951 92.41528156154486 -45.606385896519015 -80.64315751509879 -80.00331557783181 -20.46398946383892 49.79172327465718 85.76092973182423 65.72731118948965 11.275472545219404 -44.19443959141738 -64.69111518882164 -46.94253429909113 -8.926562642509026 17.576486463990243 37.92832820415183 -9.707150722439717 223.45712288466805 -3.474799259251743 -190.65160924900366 -257.1908275583153 -186.0115465296384 -23.37400377423865 134.0058694982629 201.7968316055879 159.995052284134 42.27562077871582 -77.56703417562605 -141.1990456036891 -128.20308435007445 -63.826074108011724 38.78840092607903 76.27370318239488 240.54978974079611 48.94490823575168 -214.94499928390363 -316.22405125660805 -262.15757123570586 -79.43620265739894 123.55225003044451 240.57737941521032 223.04295542175356 99.99132918076873 -56.932704317229586 -163.17350480355347 -174.98503120687838 -105.692745763489 21.499527191400542 114.46574138875415 125.90905801687481 41.58597832816637 -121.20508489873886 -184.41020285609252 -159.9563952398082 -57.7199199624994 64.81390168945887 138.25894708141982 134.52077421581126 67.45905076223173 -24.808658616396183 -91.77519396921896 -105.17674396692038 -64.80070787792725 1.5285846863229664 83.98567828092888
</DataArray>
      </PointData>
    </Piece>
  </UnstructuredGrid>
</VTKFile>
