mode_rank,eigen_index,vtk_w_field,lambda_real,lambda_imag,node_row,x,y,w,phi_1,phi_2
1,1,w1,-Inf,0.0,1,0.0,0.0,0.0009173188249328978,-1.0,0.9319774657361182
1,1,w1,-Inf,0.0,2,1.0,0.0,0.0009173188249382952,0.21697181061894763,-0.28499434488275344
1,1,w1,-Inf,0.0,3,1.0,1.0,0.0017309622689604875,-0.13446755799933827,0.1658950714413837
1,1,w1,-Inf,0.0,4,0.0,1.0,0.001730962268967547,-0.18107303130642738,0.21250054474857574
1,1,w1,-Inf,0.0,5,0.2499999999994109,0.0,0.0009173188249342514,-0.5448054109950745,0.47678287673121167
1,1,w1,-Inf,0.0,6,0.4999999999986921,0.0,0.0009173188249355979,-0.25019693970815776,0.18217440544431437
1,1,w1,-Inf,0.0,7,0.7499999999993406,0.0,0.0009173188249369482,-0.0415777352832306,-0.026444798980593983
1,1,w1,-Inf,0.0,8,1.0,0.2499999999994109,-0.0003214600510986505,0.07307582451893066,-0.10886257329890985
1,1,w1,-Inf,0.0,9,1.0,0.4999999999986921,0.00021512599694213988,0.0663439123971199,-0.05897324490949141
1,1,w1,-Inf,0.0,10,1.0,0.7499999999993406,-0.0012951334732839257,-0.3136770705484322,0.31005490022093574
1,1,w1,-Inf,0.0,11,0.7500000000003471,1.0,0.0017309622689622496,0.3259778408914681,-0.2945503274493966
1,1,w1,-Inf,0.0,12,0.5000000000020595,1.0,0.0017309622689640142,-0.06254735863476873,0.09397487207686582
1,1,w1,-Inf,0.0,13,0.2500000000010405,1.0,0.0017309622689657808,-0.012163518969583275,0.043591032411706046
1,1,w1,-Inf,0.0,14,0.0,0.7500000000003471,-0.0012951334732858772,-0.04360867819741786,0.03998650786985669
1,1,w1,-Inf,0.0,15,0.0,0.5000000000020595,0.00021512599693474695,0.0792677225182701,-0.07189705503043922
1,1,w1,-Inf,0.0,16,0.0,0.2500000000010405,-0.0003214600510959358,0.04048488648582513,-0.07627163526544493
1,1,w1,-Inf,0.0,17,0.2499999999998184,0.2500000000006332,-0.0003214600510966153,-0.1381321722517041,0.10234542347199442
1,1,w1,-Inf,0.0,18,0.2500000000002257,0.5000000000012177,0.00021512599693659587,0.0008329531035819448,0.006537714384198338
1,1,w1,-Inf,0.0,19,0.2500000000006332,0.7500000000000954,-0.0012951334732853883,-0.07367846878086291,0.07005629845331772
1,1,w1,-Inf,0.0,20,0.4999999999995339,0.2500000000002257,-0.00032146005109729326,-0.03363789123718965,-0.0021488575426099206
1,1,w1,-Inf,0.0,21,0.5000000000003757,0.5000000000003757,0.0002151259969384431,0.009107219340588796,-0.0017365518528590675
1,1,w1,-Inf,0.0,22,0.5000000000012177,0.749999999999844,-0.0012951334732849,0.02879176057089813,-0.03241393089842708
1,1,w1,-Inf,0.0,23,0.7499999999995922,0.2499999999998184,-0.0003214600510979732,0.08114935726054467,-0.11693610604043422
1,1,w1,-Inf,0.0,24,0.749999999999844,0.4999999999995339,0.000215125996940292,0.0024786405714668086,0.004892026916212358
1,1,w1,-Inf,0.0,25,0.7500000000000953,0.7499999999995921,-0.001295133473284413,0.006344878417136298,-0.00996704874464908
2,2,w2,-Inf,0.0,1,0.0,0.0,-0.014027857344741232,0.4069059826589753,-0.23714842719822377
2,2,w2,-Inf,0.0,2,1.0,0.0,-0.014027857344700467,-0.22174277869813308,0.3915003341594725
2,2,w2,-Inf,0.0,3,1.0,1.0,-0.0017750554464090176,0.06549089467259132,-0.05212016189920032
2,2,w2,-Inf,0.0,4,0.0,1.0,-0.0017750554463951806,-0.65490658667347,0.6682773194470312
2,2,w2,-Inf,0.0,5,0.2499999999994109,0.0,-0.014027857344731035,-0.10588843843929908,0.2756459939001976
2,2,w2,-Inf,0.0,6,0.4999999999986921,0.0,-0.014027857344720847,0.15615199674804053,0.013605558713004774
2,2,w2,-Inf,0.0,7,0.7499999999993406,0.0,-0.014027857344710657,0.12919164192031127,0.04056591354088114
2,2,w2,-Inf,0.0,8,1.0,0.2499999999994109,-0.003068830490668343,-0.0939446493780808,0.04555741290804191
2,2,w2,-Inf,0.0,9,1.0,0.4999999999986921,0.017792035575998563,-0.059554705943315925,0.07778810185201282
2,2,w2,-Inf,0.0,10,1.0,0.7499999999993406,0.013397463578323119,-0.22921347566714312,0.22217833464128656
2,2,w2,-Inf,0.0,11,0.7500000000003471,1.0,-0.0017750554464055403,0.7902927807639217,-0.7769220479904878
2,2,w2,-Inf,0.0,12,0.5000000000020595,1.0,-0.0017750554464020837,0.6240386351472202,-0.6106679023737441
2,2,w2,-Inf,0.0,13,0.2500000000010405,1.0,-0.0017750554463986231,-0.3155484064937116,0.3289191392672302
2,2,w2,-Inf,0.0,14,0.0,0.7500000000003471,0.013397463578234379,0.5485402989527003,-0.5555754399788158
2,2,w2,-Inf,0.0,15,0.0,0.5000000000020595,0.017792035576123015,0.035185295152164384,-0.016951899242980323
2,2,w2,-Inf,0.0,16,0.0,0.2500000000010405,-0.0030688304905152944,0.02727330444630613,-0.07566054091658889
2,2,w2,-Inf,0.0,17,0.2499999999998184,0.2500000000006332,-0.0030688304905535585,-0.26272551669207805,0.21433828022185633
2,2,w2,-Inf,0.0,18,0.2500000000002257,0.5000000000012177,0.01779203557609189,0.004189765501568773,0.014043630407493436
2,2,w2,-Inf,0.0,19,0.2500000000006332,0.7500000000000954,0.013397463578256564,-0.22252329699605844,0.2154881559700074
2,2,w2,-Inf,0.0,20,0.4999999999995339,0.2500000000002257,-0.003068830490591827,0.089168935372826,-0.13755617184298657
2,2,w2,-Inf,0.0,21,0.5000000000003757,0.5000000000003757,0.017792035576060808,-0.010582093334763239,0.028815489243703578
2,2,w2,-Inf,0.0,22,0.5000000000012177,0.749999999999844,0.013397463578278729,0.09186563702121228,-0.0989007780471985
2,2,w2,-Inf,0.0,23,0.7499999999995922,0.2499999999998184,-0.003068830490630077,-1.0,0.9516127635299005
2,2,w2,-Inf,0.0,24,0.749999999999844,0.4999999999995339,0.017792035576029687,0.023332690907015913,-0.005099294998197382
2,2,w2,-Inf,0.0,25,0.7500000000000953,0.7499999999995921,0.013397463578300942,-0.025842844655663333,0.01880770362974195
3,3,w3,-Inf,0.0,1,0.0,0.0,-0.014627533682645903,0.03442627823379612,0.4221364009677097
3,3,w3,-Inf,0.0,2,1.0,0.0,-0.014627533682603711,-0.5434373207975268,1.0
3,3,w3,-Inf,0.0,3,1.0,1.0,-0.00467357105470176,-0.008847026345436246,0.044471883172374986
3,3,w3,-Inf,0.0,4,0.0,1.0,-0.004673571054679868,0.6746040504687998,-0.6389791936416156
3,3,w3,-Inf,0.0,5,0.2499999999994109,0.0,-0.014627533682635356,-0.08253252753922094,0.5390952067409687
3,3,w3,-Inf,0.0,6,0.4999999999986921,0.0,-0.014627533682624802,0.39870816648779817,0.05785451271419144
3,3,w3,-Inf,0.0,7,0.7499999999993406,0.0,-0.01462753368261426,0.3081489047167233,0.1484137744855085
3,3,w3,-Inf,0.0,8,1.0,0.2499999999994109,-0.0012407253503906469,-0.029810538534824613,0.010103295402939444
3,3,w3,-Inf,0.0,9,1.0,0.4999999999986921,0.0200893768798433,-0.04734006216446377,0.0604907876217705
3,3,w3,-Inf,0.0,10,1.0,0.7499999999993406,0.011387866228028927,-0.20661778029016378,0.17804964710760138
3,3,w3,-Inf,0.0,11,0.7500000000003471,1.0,-0.004673571054696267,-0.06847234424121809,0.10409720106821836
3,3,w3,-Inf,0.0,12,0.5000000000020595,1.0,-0.004673571054690799,-0.11820369005014807,0.15382854687720915
3,3,w3,-Inf,0.0,13,0.2500000000010405,1.0,-0.004673571054685325,0.8262675104468375,-0.7906426536197148
3,3,w3,-Inf,0.0,14,0.0,0.7500000000003471,0.011387866227920502,0.37776486480356913,-0.40633299798636363
3,3,w3,-Inf,0.0,15,0.0,0.5000000000020595,0.020089376879938625,0.06256077895714737,-0.04941005349953912
3,3,w3,-Inf,0.0,16,0.0,0.2500000000010405,-0.0012407253502189366,0.20234069257691076,-0.22204793570996376
3,3,w3,-Inf,0.0,17,0.2499999999998184,0.2500000000006332,-0.0012407253502618636,-0.21278802166829017,0.19308077853552916
3,3,w3,-Inf,0.0,18,0.2500000000002257,0.5000000000012177,0.020089376879914776,0.0587063087170466,-0.04555558325951378
3,3,w3,-Inf,0.0,19,0.2500000000006332,0.7500000000000954,0.011387866227947607,-0.1840506537301456,0.15548252054740927
3,3,w3,-Inf,0.0,20,0.4999999999995339,0.2500000000002257,-0.0012407253503047987,0.0525481375849038,-0.07225538071737286
3,3,w3,-Inf,0.0,21,0.5000000000003757,0.5000000000003757,0.020089376879890982,-0.06256298741102641,0.07571371286848384
3,3,w3,-Inf,0.0,22,0.5000000000012177,0.749999999999844,0.011387866227974698,0.15348524459833232,-0.1820533777810106
3,3,w3,-Inf,0.0,23,0.7499999999995922,0.2499999999998184,-0.0012407253503477157,-0.11533502832412328,0.09562778519194604
3,3,w3,-Inf,0.0,24,0.749999999999844,0.4999999999995339,0.02008937687986715,-0.014593272912350633,0.027743998369732705
3,3,w3,-Inf,0.0,25,0.7500000000000953,0.7499999999995921,0.011387866228001831,-0.0025530756129033367,-0.02601505756971702
4,4,w4,-Inf,0.0,1,0.0,0.0,-0.0035505583910451573,0.013180624894728859,0.1633609942266094
4,4,w4,-Inf,0.0,2,1.0,0.0,-0.0035505583909697614,-0.17418042569521186,0.35072204481771446
4,4,w4,-Inf,0.0,3,1.0,1.0,0.0038841107024385727,-0.23593513328277418,0.2732716130037696
4,4,w4,-Inf,0.0,4,0.0,1.0,0.003884110702455702,0.01906354409570725,0.01827293562574806
4,4,w4,-Inf,0.0,5,0.2499999999994109,0.0,-0.0035505583910263035,0.21317429442265678,-0.03663267530102743
4,4,w4,-Inf,0.0,6,0.4999999999986921,0.0,-0.003550558391007451,0.204175573069698,-0.027633953947778043
4,4,w4,-Inf,0.0,7,0.7499999999993406,0.0,-0.003550558390988607,0.07732766412394067,0.09921395499827024
4,4,w4,-Inf,0.0,8,1.0,0.2499999999994109,-0.010886965388146335,0.1207182595094686,-0.20027326266867734
4,4,w4,-Inf,0.0,9,1.0,0.4999999999986921,0.012412172789521213,0.12501599384622192,0.02316611524501949
4,4,w4,-Inf,0.0,10,1.0,0.7499999999993406,0.012298521302786362,-0.26996652209359623,0.32062439617899574
4,4,w4,-Inf,0.0,11,0.7500000000003471,1.0,0.003884110702442857,-0.29868596258226804,0.33602244230337863
4,4,w4,-Inf,0.0,12,0.5000000000020595,1.0,0.0038841107024471418,0.2730608560142749,-0.2357243762930492
4,4,w4,-Inf,0.0,13,0.2500000000010405,1.0,0.0038841107024514387,-0.16918536660940853,0.2065218463307491
4,4,w4,-Inf,0.0,14,0.0,0.7500000000003471,0.012298521302718204,-0.9493421259155748,1.0
4,4,w4,-Inf,0.0,15,0.0,0.5000000000020595,0.012412172789706554,-0.029814037155027773,0.17799614624749796
4,4,w4,-Inf,0.0,16,0.0,0.2500000000010405,-0.01088696538804332,0.014770239829237716,-0.09432524298778758
4,4,w4,-Inf,0.0,17,0.2499999999998184,0.2500000000006332,-0.010886965388069087,-0.34145541614398667,0.2619004129852722
4,4,w4,-Inf,0.0,18,0.2500000000002257,0.5000000000012177,0.012412172789660215,0.04715551875007034,0.10102659034209276
4,4,w4,-Inf,0.0,19,0.2500000000006332,0.7500000000000954,0.012298521302735238,-0.0401784068053637,0.09083628089003264
4,4,w4,-Inf,0.0,20,0.4999999999995339,0.2500000000002257,-0.010886965388094841,0.2360800258351898,-0.31563502899406914
4,4,w4,-Inf,0.0,21,0.5000000000003757,0.5000000000003757,0.012412172789613913,0.10822986290378088,0.03995224618807503
4,4,w4,-Inf,0.0,22,0.5000000000012177,0.749999999999844,0.01229852130275227,0.34941292685134473,-0.2987550527664323
4,4,w4,-Inf,0.0,23,0.7499999999995922,0.2499999999998184,-0.010886965388120583,-0.3451088509559937,0.2655538477969498
4,4,w4,-Inf,0.0,24,0.749999999999844,0.4999999999995339,0.012412172789567561,0.25577438866606106,-0.10759227957451231
4,4,w4,-Inf,0.0,25,0.7500000000000953,0.7499999999995921,0.01229852130276931,0.07699595404431137,-0.026338079959155367
5,5,w5,-Inf,0.0,1,0.0,0.0,0.00423136074251355,-0.2079744797871529,0.23090999857323022
5,5,w5,-Inf,0.0,2,1.0,0.0,0.004231360742595866,0.10078512300827773,-0.07784960422109805
5,5,w5,-Inf,0.0,3,1.0,1.0,0.011888510114826388,0.3686205434182475,-0.2747245399699352
5,5,w5,-Inf,0.0,4,0.0,1.0,0.01188851011478379,0.07368295780000039,0.020213045648701123
5,5,w5,-Inf,0.0,5,0.2499999999994109,0.0,0.004231360742534171,-0.7744418482734031,0.7973773670597558
5,5,w5,-Inf,0.0,6,0.4999999999986921,0.0,0.004231360742554739,0.792988981254458,-0.7700534624678306
5,5,w5,-Inf,0.0,7,0.7499999999993406,0.0,0.004231360742575301,0.1443463877506352,-0.12141086896373207
5,5,w5,-Inf,0.0,8,1.0,0.2499999999994109,-0.023069880806196597,-0.11006884793420507,0.024935793334106397
5,5,w5,-Inf,0.0,9,1.0,0.4999999999986921,0.0003553045945455117,0.26304824674479454,-0.0314516581969602
5,5,w5,-Inf,0.0,10,1.0,0.7499999999993406,0.027125818569057058,0.5561139990377196,-0.38345402868299794
5,5,w5,-Inf,0.0,11,0.7500000000003471,1.0,0.011888510114815743,-0.9061039965515904,1.0
5,5,w5,-Inf,0.0,12,0.5000000000020595,1.0,0.011888510114805104,0.039690604723032846,0.054205398725473884
5,5,w5,-Inf,0.0,13,0.2500000000010405,1.0,0.011888510114794477,-0.6034281047343555,0.6973241081829589
5,5,w5,-Inf,0.0,14,0.0,0.7500000000003471,0.027125818569080903,0.48969366378813756,-0.3170336934345119
5,5,w5,-Inf,0.0,15,0.0,0.5000000000020595,0.00035530459494602845,-0.072080400972857,0.3036769895227837
5,5,w5,-Inf,0.0,16,0.0,0.2500000000010405,-0.02306988080620987,-0.279123537682912,0.19399048308431288
5,5,w5,-Inf,0.0,17,0.2499999999998184,0.2500000000006332,-0.02306988080620658,-0.5451371638237816,0.4600041092248078
5,5,w5,-Inf,0.0,18,0.2500000000002257,0.5000000000012177,0.0003553045948459006,-0.20899112109265514,0.4405877096420593
5,5,w5,-Inf,0.0,19,0.2500000000006332,0.7500000000000954,0.027125818569074946,-0.10008742380661739,0.27274739416051696
5,5,w5,-Inf,0.0,20,0.4999999999995339,0.2500000000002257,-0.023069880806203258,0.0346431260366057,-0.11977618063595442
5,5,w5,-Inf,0.0,21,0.5000000000003757,0.5000000000003757,0.0003553045947458002,0.28930201475962336,-0.05770542621074274
5,5,w5,-Inf,0.0,22,0.5000000000012177,0.749999999999844,0.02712581856906894,-0.35063085028409074,0.523290820638264
5,5,w5,-Inf,0.0,23,0.7499999999995922,0.2499999999998184,-0.023069880806199913,-0.2482233454714797,0.16309029087175614
5,5,w5,-Inf,0.0,24,0.749999999999844,0.4999999999995339,0.0003553045946456566,0.14911745602277107,0.08247913252558635
5,5,w5,-Inf,0.0,25,0.7500000000000953,0.7499999999995921,0.027125818569063005,0.03383922600248179,0.13882074435196562
6,6,w6,-Inf,0.0,1,0.0,0.0,-0.008586314900017962,-0.4402107829754514,0.4883126461837393
6,6,w6,-Inf,0.0,2,1.0,0.0,-0.008586314900024606,-0.1655545735246751,0.21365643673248166
6,6,w6,-Inf,0.0,3,1.0,1.0,0.03772418195552637,0.7187707848887281,-0.3737000383007401
6,6,w6,-Inf,0.0,4,0.0,1.0,0.037724181955657625,0.15752110969571034,0.18754963689253845
6,6,w6,-Inf,0.0,5,0.2499999999994109,0.0,-0.008586314900019668,0.27155387412768744,-0.22345201091951922
6,6,w6,-Inf,0.0,6,0.4999999999986921,0.0,-0.00858631490002129,0.5289581837785243,-0.4808563205704773
6,6,w6,-Inf,0.0,7,0.7499999999993406,0.0,-0.008586314900022925,0.05347030007512639,-0.0053684368671995455
6,6,w6,-Inf,0.0,8,1.0,0.2499999999994109,-0.007394019270750392,0.004407952739424444,-0.05151719613921637
6,6,w6,-Inf,0.0,9,1.0,0.4999999999986921,-0.021498352943339502,-0.3154306403468238,0.03495005205215774
6,6,w6,-Inf,0.0,10,1.0,0.7499999999993406,-0.04809501243059712,0.4973209348373835,-0.722680540968362
6,6,w6,-Inf,0.0,11,0.7500000000003471,1.0,0.03772418195555909,0.405336578926903,-0.06026583233885075
6,6,w6,-Inf,0.0,12,0.5000000000020595,1.0,0.03772418195559188,0.35961625886110127,-0.014545512272983072
6,6,w6,-Inf,0.0,13,0.2500000000010405,1.0,0.037724181955624735,0.2552107803277638,0.08985996626041942
6,6,w6,-Inf,0.0,14,0.0,0.7500000000003471,-0.0480950124305145,-0.6217188275444934,0.39635922141528784
6,6,w6,-Inf,0.0,15,0.0,0.5000000000020595,-0.021498352943682707,0.7195194117037613,-1.0
6,6,w6,-Inf,0.0,16,0.0,0.2500000000010405,-0.0073940192707558465,-0.25672680460665276,0.2096175612052766
6,6,w6,-Inf,0.0,17,0.2499999999998184,0.2500000000006332,-0.0073940192707544795,-0.09435774529638272,0.04724850189540256
6,6,w6,-Inf,0.0,18,0.2500000000002257,0.5000000000012177,-0.021498352943596928,0.02997831050982948,-0.3104588988056759
6,6,w6,-Inf,0.0,19,0.2500000000006332,0.7500000000000954,-0.04809501243053514,0.026516643990609625,-0.2518762501202583
6,6,w6,-Inf,0.0,20,0.4999999999995339,0.2500000000002257,-0.007394019270753131,-0.466363394026001,0.41925415062541727
6,6,w6,-Inf,0.0,21,0.5000000000003757,0.5000000000003757,-0.021498352943511174,-0.4261335984376002,0.14565301014214715
6,6,w6,-Inf,0.0,22,0.5000000000012177,0.749999999999844,-0.04809501243055575,-0.20470387355754868,-0.020655732572543023
6,6,w6,-Inf,0.0,23,0.7499999999995922,0.2499999999998184,-0.007394019270751771,-0.2842738443248585,0.23716460092467023
6,6,w6,-Inf,0.0,24,0.749999999999844,0.4999999999995339,-0.02149835294342529,-0.6782462627528731,0.3977656744578137
6,6,w6,-Inf,0.0,25,0.7500000000000953,0.7499999999995921,-0.04809501243057644,0.029288293163473155,-0.2546478992940085
7,7,w7,-Inf,0.0,1,0.0,0.0,-0.07711711633711167,-0.14609375448369272,-0.5344271190045291
7,7,w7,-Inf,0.0,2,1.0,0.0,-0.07711711633665484,-0.35034152184968803,-0.33017935164027207
7,7,w7,-Inf,0.0,3,1.0,1.0,-0.03186194345047118,-0.5061918457982926,0.26855195464028514
7,7,w7,-Inf,0.0,4,0.0,1.0,-0.03186194345005506,-0.10029332108949997,-0.13734657006850587
7,7,w7,-Inf,0.0,5,0.2499999999994109,0.0,-0.07711711633699753,-0.41964180314110217,-0.26087907034755536
7,7,w7,-Inf,0.0,6,0.4999999999986921,0.0,-0.07711711633688334,-0.08816038009262576,-0.5923604933964657
7,7,w7,-Inf,0.0,7,0.7499999999993406,0.0,-0.07711711633676907,-0.3353728859261124,-0.34514798756341364
7,7,w7,-Inf,0.0,8,1.0,0.2499999999994109,0.0250151692403637,-0.11489188827992929,0.11189705914505378
7,7,w7,-Inf,0.0,9,1.0,0.4999999999986921,0.20177489931250112,-0.521614883425562,0.27064593093996364
7,7,w7,-Inf,0.0,10,1.0,0.7499999999993406,0.0448430783662065,-1.0,0.6422991199578508
7,7,w7,-Inf,0.0,11,0.7500000000003471,1.0,-0.03186194345036704,-0.8835565238748191,0.6459166327168121
7,7,w7,-Inf,0.0,12,0.5000000000020595,1.0,-0.031861943450263046,-0.14367003482368085,-0.09396985633432556
7,7,w7,-Inf,0.0,13,0.2500000000010405,1.0,-0.031861943450159025,-0.5345621333216594,0.29692224216365387
7,7,w7,-Inf,0.0,14,0.0,0.7500000000003471,0.04484307836506528,0.02863125087079405,-0.3863321309124615
7,7,w7,-Inf,0.0,15,0.0,0.5000000000020595,0.20177489931265583,0.28989196551241087,-0.5408609180012665
7,7,w7,-Inf,0.0,16,0.0,0.2500000000010405,0.025015169241943476,0.5899316225289868,-0.5929264516629185
7,7,w7,-Inf,0.0,17,0.2499999999998184,0.2500000000006332,0.02501516924154857,0.06766969600455484,-0.07066452513872196
7,7,w7,-Inf,0.0,18,0.2500000000002257,0.5000000000012177,0.20177489931261722,0.29711935567426195,-0.5480883081623035
7,7,w7,-Inf,0.0,19,0.2500000000006332,0.7500000000000954,0.04484307836535057,-0.6961845084068632,0.338483628365075
7,7,w7,-Inf,0.0,20,0.4999999999995339,0.2500000000002257,0.02501516924115361,-0.6750427549954158,0.6720479258610126
7,7,w7,-Inf,0.0,21,0.5000000000003757,0.5000000000003757,0.20177489931257866,-0.2152906658231901,-0.03567828666403664
7,7,w7,-Inf,0.0,22,0.5000000000012177,0.749999999999844,0.044843078365635856,0.24964880874358683,-0.6073496887854952
7,7,w7,-Inf,0.0,23,0.7499999999995922,0.2499999999998184,0.025015169240758677,-0.08197900646809002,0.07898417733345087
7,7,w7,-Inf,0.0,24,0.749999999999844,0.4999999999995339,0.20177489931253995,-0.9760464287019274,0.7250774762155149
7,7,w7,-Inf,0.0,25,0.7500000000000953,0.7499999999995921,0.044843078365921246,-0.5194191163831882,0.16171823634115867
8,8,w8,-Inf,0.0,1,0.0,0.0,0.08750889207653881,0.16344335265540208,-0.2758693514883563
8,8,w8,-Inf,0.0,2,1.0,0.0,0.08750889207670104,-0.25116125594815214,0.13873525711112789
8,8,w8,-Inf,0.0,3,1.0,1.0,-0.06698644844652944,-0.02487557963616525,0.847331806005463
8,8,w8,-Inf,0.0,4,0.0,1.0,-0.06698644844641222,0.4150438718084513,0.4074123545581654
8,8,w8,-Inf,0.0,5,0.2499999999994109,0.0,0.08750889207657948,-0.014791968200012355,-0.097634030633959
8,8,w8,-Inf,0.0,6,0.4999999999986921,0.0,0.08750889207661995,-0.3442855596556279,0.23185956082064002
8,8,w8,-Inf,0.0,7,0.7499999999993406,0.0,0.08750889207666053,-0.09599125591495185,-0.016434742921053788
8,8,w8,-Inf,0.0,8,1.0,0.2499999999994109,0.008273884937810743,-0.05352605413346693,0.4530769650472295
8,8,w8,-Inf,0.0,9,1.0,0.4999999999986921,-0.006149246109114362,0.5254369019107796,-0.9278461047634002
8,8,w8,-Inf,0.0,10,1.0,0.7499999999993406,-0.06677794458802042,-0.24471995484439066,0.8297644822875431
8,8,w8,-Inf,0.0,11,0.7500000000003471,1.0,-0.0669864484465002,0.16295687018440574,0.6594993561842213
8,8,w8,-Inf,0.0,12,0.5000000000020595,1.0,-0.06698644844647085,-0.05002901169398972,0.8724852380619464
8,8,w8,-Inf,0.0,13,0.2500000000010405,1.0,-0.06698644844644173,0.28778793920016327,0.5346682871671222
8,8,w8,-Inf,0.0,14,0.0,0.7500000000003471,-0.0667779445882556,0.46854066906739694,0.11650385838207684
8,8,w8,-Inf,0.0,15,0.0,0.5000000000020595,-0.0061492461095975365,0.597590797147937,-1.0
8,8,w8,-Inf,0.0,16,0.0,0.2500000000010405,0.00827388493761813,-0.36733988605171936,0.7668907969606782
8,8,w8,-Inf,0.0,17,0.2499999999998184,0.2500000000006332,0.008273884937666339,-0.07008306397076802,0.4696339748809276
8,8,w8,-Inf,0.0,18,0.2500000000002257,0.5000000000012177,-0.006149246109476676,-0.13052924710142463,-0.2718799557507779
8,8,w8,-Inf,0.0,19,0.2500000000006332,0.7500000000000954,-0.06677794458819676,0.5505863645539987,0.03445816289389457
8,8,w8,-Inf,0.0,20,0.4999999999995339,0.2500000000002257,0.008273884937714474,-0.21692835577041156,0.6164792666817716
8,8,w8,-Inf,0.0,21,0.5000000000003757,0.5000000000003757,-0.006149246109356012,-0.14977241026951357,-0.25263679258282795
8,8,w8,-Inf,0.0,22,0.5000000000012177,0.749999999999844,-0.0667779445881379,0.19025893307307282,0.39478559437323973
8,8,w8,-Inf,0.0,23,0.7499999999995922,0.2499999999998184,0.008273884937762571,-0.0919100657439861,0.49146097665654814
8,8,w8,-Inf,0.0,24,0.749999999999844,0.4999999999995339,-0.006149246109235166,0.3296119159606604,-0.7320211188131417
8,8,w8,-Inf,0.0,25,0.7500000000000953,0.7499999999995921,-0.06677794458807917,0.22021380720411804,0.36483072024061336
9,9,w9,-Inf,0.0,1,0.0,0.0,0.09666250813185469,0.38408290544015006,-0.38090358762638404
9,9,w9,-Inf,0.0,2,1.0,0.0,0.09666250813246756,-0.0037566355643398565,0.006935953378140419
9,9,w9,-Inf,0.0,3,1.0,1.0,0.02600009533460685,0.4898339626473112,-0.6579477935142451
9,9,w9,-Inf,0.0,4,0.0,1.0,0.026000095334834453,-0.08767820050835087,-0.08043563035918112
9,9,w9,-Inf,0.0,5,0.2499999999994109,0.0,0.09666250813200788,-0.2946597925171123,0.297839110330886
9,9,w9,-Inf,0.0,6,0.4999999999986921,0.0,0.09666250813216107,-0.23608728354927241,0.2392666013630552
9,9,w9,-Inf,0.0,7,0.7499999999993406,0.0,0.09666250813231436,-0.02420950336094444,0.02738882117473643
9,9,w9,-Inf,0.0,8,1.0,0.2499999999994109,-0.08066144015234304,0.35944131412977165,-0.5366929968144676
9,9,w9,-Inf,0.0,9,1.0,0.4999999999986921,0.019055098312345257,0.06306164396807484,-0.2643497981342051
9,9,w9,-Inf,0.0,10,1.0,0.7499999999993406,-0.0104722250686554,-0.32889791487221387,0.32881667695193073
9,9,w9,-Inf,0.0,11,0.7500000000003471,1.0,0.02600009533466361,-0.1461652429075014,-0.021948587959581135
9,9,w9,-Inf,0.0,12,0.5000000000020595,1.0,0.02600009533472059,0.4362421769618593,-0.6043560078290919
9,9,w9,-Inf,0.0,13,0.2500000000010405,1.0,0.02600009533477746,-0.16658192638341007,-0.0015319044839717617
9,9,w9,-Inf,0.0,14,0.0,0.7500000000003471,-0.010472225068964018,0.20602160853250714,-0.20610284645227295
9,9,w9,-Inf,0.0,15,0.0,0.5000000000020595,0.019055098313010624,0.25347110676195483,-0.4547592609265793
9,9,w9,-Inf,0.0,16,0.0,0.2500000000010405,-0.0806614401522733,-1.0,0.82274831731419
9,9,w9,-Inf,0.0,17,0.2499999999998184,0.2500000000006332,-0.08066144015229075,-0.5714787055055848,0.39422702282005334
9,9,w9,-Inf,0.0,18,0.2500000000002257,0.5000000000012177,0.019055098312844212,0.19040805105610836,-0.3916962052211096
9,9,w9,-Inf,0.0,19,0.2500000000006332,0.7500000000000954,-0.01047222506888694,-0.3565103896550268,0.3564291517351316
9,9,w9,-Inf,0.0,20,0.4999999999995339,0.2500000000002257,-0.08066144015230821,0.23336750981361834,-0.4106191924988714
9,9,w9,-Inf,0.0,21,0.5000000000003757,0.5000000000003757,0.019055098312677914,-0.019173640119250924,-0.1821145140461266
9,9,w9,-Inf,0.0,22,0.5000000000012177,0.749999999999844,-0.010472225068809675,0.6983695033296972,-0.6984507412497215
9,9,w9,-Inf,0.0,23,0.7499999999995922,0.2499999999998184,-0.08066144015232567,0.8070136070282724,-0.984265289713248
9,9,w9,-Inf,0.0,24,0.749999999999844,0.4999999999995339,0.0190550983125116,-0.3123060659591172,0.111017911793364
9,9,w9,-Inf,0.0,25,0.7500000000000953,0.7499999999995921,-0.010472225068732492,0.7266005568374116,-0.7266817947575652
10,10,w10,-Inf,0.0,1,0.0,0.0,-0.004368209099095109,-0.6319219529438103,0.4321485001530813
10,10,w10,-Inf,0.0,2,1.0,0.0,-0.0043682090992068325,-0.5030484242338716,0.3032749714421326
10,10,w10,-Inf,0.0,3,1.0,1.0,0.05458895871143271,0.1494356416647151,-0.6175456156557494
10,10,w10,-Inf,0.0,4,0.0,1.0,0.05458895871141859,-0.22956560371562995,-0.2385443702756801
10,10,w10,-Inf,0.0,5,0.2499999999994109,0.0,-0.00436820909912294,0.8002265472090194,-1.0
10,10,w10,-Inf,0.0,6,0.4999999999986921,0.0,-0.004368209099151064,-0.06483650547464435,-0.1349369473165885
10,10,w10,-Inf,0.0,7,0.7499999999993406,0.0,-0.004368209099178925,-0.11943270000908925,-0.08034075278239619
10,10,w10,-Inf,0.0,8,1.0,0.2499999999994109,0.08520939461920467,0.041227170838212,0.3099401255463479
10,10,w10,-Inf,0.0,9,1.0,0.4999999999986921,0.09903485841006475,0.2915734109115124,-0.02610409750226529
10,10,w10,-Inf,0.0,10,1.0,0.7499999999993406,0.08957788040964904,-0.22535024972435927,0.27482955663154435
10,10,w10,-Inf,0.0,11,0.7500000000003471,1.0,0.0545889587114293,-0.1729644413381543,-0.2951455326529481
10,10,w10,-Inf,0.0,12,0.5000000000020595,1.0,0.05458895871142577,-0.33419252819222045,-0.13391744579895123
10,10,w10,-Inf,0.0,13,0.2500000000010405,1.0,0.05458895871142221,-0.2026056202671186,-0.2655043537241211
10,10,w10,-Inf,0.0,14,0.0,0.7500000000003471,0.0895778804095361,0.09095816157924512,-0.041478854673595814
10,10,w10,-Inf,0.0,15,0.0,0.5000000000020595,0.09903485841004564,0.021881392205413564,0.24358792120143571
10,10,w10,-Inf,0.0,16,0.0,0.2500000000010405,0.08520939461956502,-0.5547546627226885,0.905921959108821
10,10,w10,-Inf,0.0,17,0.2499999999998184,0.2500000000006332,0.08520939461947499,0.18898907379191146,0.16217822259382783
10,10,w10,-Inf,0.0,18,0.2500000000002257,0.5000000000012177,0.09903485841005046,-0.20072749656977823,0.46619680997722796
10,10,w10,-Inf,0.0,19,0.2500000000006332,0.7500000000000954,0.08957788040956433,-0.8832737416758168,0.9327530485818494
10,10,w10,-Inf,0.0,20,0.4999999999995339,0.2500000000002257,0.08520939461938493,0.0011222301529264212,0.35004506623241965
10,10,w10,-Inf,0.0,21,0.5000000000003757,0.5000000000003757,0.09903485841005535,0.42383361985525314,-0.15836430644720445
10,10,w10,-Inf,0.0,22,0.5000000000012177,0.749999999999844,0.08957788040959248,-0.1753249540547972,0.2248042609612141
10,10,w10,-Inf,0.0,23,0.7499999999995922,0.2499999999998184,0.08520939461929486,0.1312719637547377,0.21989533263021502
10,10,w10,-Inf,0.0,24,0.749999999999844,0.4999999999995339,0.09903485841006004,0.22128284899721987,0.04418646441142802
10,10,w10,-Inf,0.0,25,0.7500000000000953,0.7499999999995921,0.0895778804096208,-0.4045153160712716,0.45399462297807236
11,11,w11,-Inf,0.0,1,0.0,0.0,0.07420357125477064,0.14428628404675017,0.21796665018294617
11,11,w11,-Inf,0.0,2,1.0,0.0,0.07420357125486743,0.1951047385282484,0.16714819570104153
11,11,w11,-Inf,0.0,3,1.0,1.0,-0.01575963114034047,0.0946304193264351,-0.15473596478214635
11,11,w11,-Inf,0.0,4,0.0,1.0,-0.01575963114041945,-0.040595423169013795,-0.0195101222873008
11,11,w11,-Inf,0.0,5,0.2499999999994109,0.0,0.0742035712547948,-0.0910609451616361,0.4533138793912313
11,11,w11,-Inf,0.0,6,0.4999999999986921,0.0,0.0742035712548191,0.4457305851410584,-0.08347765091156474
11,11,w11,-Inf,0.0,7,0.7499999999993406,0.0,0.07420357125484327,0.19342102135111047,0.1688319128782813
11,11,w11,-Inf,0.0,8,1.0,0.2499999999994109,-0.10326082401922455,0.08699688415908624,0.02705796978291802
11,11,w11,-Inf,0.0,9,1.0,0.4999999999986921,-0.16041090872221042,0.030778967722105414,-0.1711844210426905
11,11,w11,-Inf,0.0,10,1.0,0.7499999999993406,-0.09815765723418224,-0.48859808548016315,0.4908874573545521
11,11,w11,-Inf,0.0,11,0.7500000000003471,1.0,-0.015759631140360303,-0.1273421747411618,0.06723662928530054
11,11,w11,-Inf,0.0,12,0.5000000000020595,1.0,-0.015759631140380048,0.020402075978678352,-0.08050762143469109
11,11,w11,-Inf,0.0,13,0.2500000000010405,1.0,-0.01575963114039981,-0.11890278397123108,0.05879723851506742
11,11,w11,-Inf,0.0,14,0.0,0.7500000000003471,-0.09815765723369231,-0.07968941270538256,0.08197878458072805
11,11,w11,-Inf,0.0,15,0.0,0.5000000000020595,-0.1604109087220887,-0.155038512142564,0.014633058821325231
11,11,w11,-Inf,0.0,16,0.0,0.2500000000010405,-0.10326082402018798,-0.3381087742918414,0.4521636282314116
11,11,w11,-Inf,0.0,17,0.2499999999998184,0.2500000000006332,-0.10326082401994717,1.0,-0.8859451460598224
11,11,w11,-Inf,0.0,18,0.2500000000002257,0.5000000000012177,-0.16041090872211913,-0.07250659551301987,-0.06789885780805557
11,11,w11,-Inf,0.0,19,0.2500000000006332,0.7500000000000954,-0.0981576572338147,0.1356134577326721,-0.1333240858575657
11,11,w11,-Inf,0.0,20,0.4999999999995339,0.2500000000002257,-0.10326082401970642,0.23015267041878046,-0.11609781647799378
11,11,w11,-Inf,0.0,21,0.5000000000003757,0.5000000000003757,-0.16041090872214975,-0.08374883320050439,-0.05665662012040745
11,11,w11,-Inf,0.0,22,0.5000000000012177,0.749999999999844,-0.09815765723393718,-0.06947668318554544,0.07176605506041243
11,11,w11,-Inf,0.0,23,0.7499999999995922,0.2499999999998184,-0.10326082401946554,-0.0957011408703764,0.2097559948117717
11,11,w11,-Inf,0.0,24,0.749999999999844,0.4999999999995339,-0.16041090872218006,-0.34939241713081176,0.20898696381006301
11,11,w11,-Inf,0.0,25,0.7500000000000953,0.7499999999995921,-0.0981576572340598,-0.12632867308898446,0.12861804496361223
12,12,w12,-Inf,0.0,1,0.0,0.0,0.13900839528209621,-0.39921479790160186,0.16717419612740128
12,12,w12,-Inf,0.0,2,1.0,0.0,0.139008395283606,-0.24836312980486067,0.016322528028086508
12,12,w12,-Inf,0.0,3,1.0,1.0,-0.1438388389267415,0.22645867347345264,-0.22891186435390215
12,12,w12,-Inf,0.0,4,0.0,1.0,-0.1438388389262711,0.005831743497416769,-0.00828493438048834
12,12,w12,-Inf,0.0,5,0.2499999999994109,0.0,0.13900839528247352,0.11679731700919932,-0.3488379187840436
12,12,w12,-Inf,0.0,6,0.4999999999986921,0.0,0.13900839528285108,-0.0517980920806984,-0.18024250969479
12,12,w12,-Inf,0.0,7,0.7499999999993406,0.0,0.13900839528322864,-0.11525599911327966,-0.11678460266285265
12,12,w12,-Inf,0.0,8,1.0,0.2499999999994109,-0.19629577902933792,-0.41794266263971325,0.3602383479804987
12,12,w12,-Inf,0.0,9,1.0,0.4999999999986921,0.10253918262327365,-0.11227337064954025,-0.44883634400604877
12,12,w12,-Inf,0.0,10,1.0,0.7499999999993406,-0.017543286911571587,0.17350424010912405,0.11913149111553395
12,12,w12,-Inf,0.0,11,0.7500000000003471,1.0,-0.14383883892662397,0.07417480836199324,-0.0766279992430975
12,12,w12,-Inf,0.0,12,0.5000000000020595,1.0,-0.14383883892650628,-0.12949689884817003,0.1270437079664094
12,12,w12,-Inf,0.0,13,0.2500000000010405,1.0,-0.14383883892638877,0.04340898178598111,-0.045862172668396844
12,12,w12,-Inf,0.0,14,0.0,0.7500000000003471,-0.01754328691302034,0.16335959219183607,0.12927613903687937
12,12,w12,-Inf,0.0,15,0.0,0.5000000000020595,0.1025391826249976,-0.9286932211013786,0.36758350644817667
12,12,w12,-Inf,0.0,16,0.0,0.2500000000010405,-0.19629577902850398,0.05558842449781638,-0.11329273916103934
12,12,w12,-Inf,0.0,17,0.2499999999998184,0.2500000000006332,-0.1962957790287127,-0.28095887788517615,0.22325456322295603
12,12,w12,-Inf,0.0,18,0.2500000000002257,0.5000000000012177,0.10253918262456677,0.10922905257339878,-0.6703387672271979
12,12,w12,-Inf,0.0,19,0.2500000000006332,0.7500000000000954,-0.017543286912658183,0.5034737722500575,-0.21083804102235643
12,12,w12,-Inf,0.0,20,0.4999999999995339,0.2500000000002257,-0.19629577902892112,0.1957864880942455,-0.25349080275546304
12,12,w12,-Inf,0.0,21,0.5000000000003757,0.5000000000003757,0.10253918262413567,0.4388902853456048,-1.0
12,12,w12,-Inf,0.0,22,0.5000000000012177,0.749999999999844,-0.017543286912295914,0.2887542329037512,0.003881498322935156
12,12,w12,-Inf,0.0,23,0.7499999999995922,0.2499999999998184,-0.19629577902912973,-0.23869164950656593,0.18098733484635107
12,12,w12,-Inf,0.0,24,0.749999999999844,0.4999999999995339,0.10253918262370465,-0.7812567866504784,0.22014707199548597
12,12,w12,-Inf,0.0,25,0.7500000000000953,0.7499999999995921,-0.01754328691193369,0.31567862852316136,-0.02304289729748925
13,13,w13,-Inf,0.0,1,0.0,0.0,0.020390407138415424,0.29087845974780785,0.13992819413437063
13,13,w13,-Inf,0.0,2,1.0,0.0,0.02039040713851068,0.5722733632615178,-0.14146670938217587
13,13,w13,-Inf,0.0,3,1.0,1.0,-0.046698835964401386,-0.23681735125729816,-0.20319187140724157
13,13,w13,-Inf,0.0,4,0.0,1.0,-0.04669883596405864,-0.22685355307372868,-0.21315566959116047
13,13,w13,-Inf,0.0,5,0.2499999999994109,0.0,0.020390407138439436,0.18836892709389436,0.24243772678758088
13,13,w13,-Inf,0.0,6,0.4999999999986921,0.0,0.020390407138462893,0.2376337341897068,0.19317291969105677
13,13,w13,-Inf,0.0,7,0.7499999999993406,0.0,0.02039040713848684,0.21258917058662413,0.21821748329343177
13,13,w13,-Inf,0.0,8,1.0,0.2499999999994109,0.15938438326334148,1.0,-0.3759287397167178
13,13,w13,-Inf,0.0,9,1.0,0.4999999999986921,0.21554128184304033,0.17777738324152187,-0.5851645657757979
13,13,w13,-Inf,0.0,10,1.0,0.7499999999993406,0.029360457871195123,-0.20188695358847603,-0.46910584245894127
13,13,w13,-Inf,0.0,11,0.7500000000003471,1.0,-0.04669883596431596,-0.23889398126829153,-0.201115241396341
13,13,w13,-Inf,0.0,12,0.5000000000020595,1.0,-0.04669883596422975,-0.41160595337379563,-0.028403269290922333
13,13,w13,-Inf,0.0,13,0.2500000000010405,1.0,-0.04669883596414378,-0.23656267030755368,-0.20344655235725018
13,13,w13,-Inf,0.0,14,0.0,0.7500000000003471,0.02936045787020443,-0.3323454063198253,-0.3386473897259692
13,13,w13,-Inf,0.0,15,0.0,0.5000000000020595,0.21554128184204346,-0.07788829635457785,-0.32949888618966294
13,13,w13,-Inf,0.0,16,0.0,0.2500000000010405,0.15938438326443874,0.2342891911643074,0.38978206911454927
13,13,w13,-Inf,0.0,17,0.2499999999998184,0.2500000000006332,0.1593843832641637,-0.030252411126033735,0.6543236714059936
13,13,w13,-Inf,0.0,18,0.2500000000002257,0.5000000000012177,0.21554128184229251,0.39283488272407674,-0.8002220652658283
13,13,w13,-Inf,0.0,19,0.2500000000006332,0.7500000000000954,0.02936045787045241,-0.16114674153718347,-0.5098460545090152
13,13,w13,-Inf,0.0,20,0.4999999999995339,0.2500000000002257,0.1593843832638897,0.5923630205076736,0.03170823977339269
13,13,w13,-Inf,0.0,21,0.5000000000003757,0.5000000000003757,0.21554128184254204,-0.05327189733451314,-0.35411528520474655
13,13,w13,-Inf,0.0,22,0.5000000000012177,0.749999999999844,0.02936045787070007,-0.5046726190330171,-0.16632017701358795
13,13,w13,-Inf,0.0,23,0.7499999999995922,0.2499999999998184,0.1593843832636156,0.06261356745293752,0.561457692829235
13,13,w13,-Inf,0.0,24,0.749999999999844,0.4999999999995339,0.21554128184279142,0.008350465858659867,-0.4157376483954264
13,13,w13,-Inf,0.0,25,0.7500000000000953,0.7499999999995921,0.029360457870947463,-0.7623675202247064,0.09137472417769577
14,14,w14,-Inf,0.0,1,0.0,0.0,-0.004488103734682723,-0.04527098931801142,-0.09516934463549392
14,14,w14,-Inf,0.0,2,1.0,0.0,-0.004488103733375954,-0.24297002315929794,0.102529689205387
14,14,w14,-Inf,0.0,3,1.0,1.0,0.06810947246117388,-0.21803298425313927,0.4766436206279052
14,14,w14,-Inf,0.0,4,0.0,1.0,0.06810947246302526,0.13032185638753913,0.12828877998733845
14,14,w14,-Inf,0.0,5,0.2499999999994109,0.0,-0.0044881037343556494,-0.07586742736750335,-0.0645729065861042
14,14,w14,-Inf,0.0,6,0.4999999999986921,0.0,-0.004488103734029095,-0.06908761370165953,-0.07135272025204786
14,14,w14,-Inf,0.0,7,0.7499999999993406,0.0,-0.004488103733702219,-0.02156325050071821,-0.11887708345309152
14,14,w14,-Inf,0.0,8,1.0,0.2499999999994109,0.03266398198693685,0.6347469327987255,-0.6744879625286877
14,14,w14,-Inf,0.0,9,1.0,0.4999999999986921,0.3077624328564781,-0.175383445012299,0.06245615666404258
14,14,w14,-Inf,0.0,10,1.0,0.7499999999993406,-0.2753935031137719,-0.062471332398751245,0.014252823405874915
14,14,w14,-Inf,0.0,11,0.7500000000003471,1.0,0.06810947246163634,0.17479579827677835,0.08381483809801815
14,14,w14,-Inf,0.0,12,0.5000000000020595,1.0,0.06810947246209885,0.004659885852904516,0.2539507505219212
14,14,w14,-Inf,0.0,13,0.2500000000010405,1.0,0.06810947246256176,0.20948395442994439,0.049126681944907324
14,14,w14,-Inf,0.0,14,0.0,0.7500000000003471,-0.2753935031160945,-0.008375356658404743,-0.039843152333453084
14,14,w14,-Inf,0.0,15,0.0,0.5000000000020595,0.30776243285413235,-1.0,0.8870727116514221
14,14,w14,-Inf,0.0,16,0.0,0.2500000000010405,0.03266398198979415,-0.47219977048848405,0.4324587407583444
14,14,w14,-Inf,0.0,17,0.2499999999998184,0.2500000000006332,0.03266398198908005,-0.03800685718497195,-0.0017341725451225317
14,14,w14,-Inf,0.0,18,0.2500000000002257,0.5000000000012177,0.30776243285471905,-0.15825306093218047,0.04532577258368273
14,14,w14,-Inf,0.0,19,0.2500000000006332,0.7500000000000954,-0.2753935031155139,-0.06883280065048264,0.020614291658369942
14,14,w14,-Inf,0.0,20,0.4999999999995339,0.2500000000002257,0.032663981988365516,-0.7360358472935167,0.6962948175634667
14,14,w14,-Inf,0.0,21,0.5000000000003757,0.5000000000003757,0.30776243285530575,-0.5497495955925871,0.4368223072441703
14,14,w14,-Inf,0.0,22,0.5000000000012177,0.749999999999844,-0.2753935031149329,-0.31969185354068635,0.271473344548317
14,14,w14,-Inf,0.0,23,0.7499999999995922,0.2499999999998184,0.032663981987651095,-0.23096498121654033,0.19122395148653393
14,14,w14,-Inf,0.0,24,0.749999999999844,0.4999999999995339,0.30776243285589205,-0.2967578733386116,0.18383058499027485
14,14,w14,-Inf,0.0,25,0.7500000000000953,0.7499999999995921,-0.2753935031143522,0.5718357963606798,-0.6200543053533027
15,15,w15,-Inf,0.0,1,0.0,0.0,-0.18480482224041586,0.1735768485163896,0.4099306289014267
15,15,w15,-Inf,0.0,2,1.0,0.0,-0.18480482224406217,0.9126836958913713,-0.32917621847627
15,15,w15,-Inf,0.0,3,1.0,1.0,0.02369180894594845,-0.3896211084395514,0.2036490694955504
15,15,w15,-Inf,0.0,4,0.0,1.0,0.023691808944517254,-0.15323897415914361,-0.03273306478660735
15,15,w15,-Inf,0.0,5,0.2499999999994109,0.0,-0.18480482224132735,0.2814166082358369,0.3020908691813103
15,15,w15,-Inf,0.0,6,0.4999999999986921,0.0,-0.18480482224223993,0.5502628641780244,0.03324461323844163
15,15,w15,-Inf,0.0,7,0.7499999999993406,0.0,-0.18480482224315145,0.20243010911115927,0.3810773683046285
15,15,w15,-Inf,0.0,8,1.0,0.2499999999994109,0.9474117089482729,-0.5429127383878991,0.9189378036243504
15,15,w15,-Inf,0.0,9,1.0,0.4999999999986921,0.37944496861701377,-0.6138955348435082,-0.003375402227342279
15,15,w15,-Inf,0.0,10,1.0,0.7499999999993406,0.4763029538859284,-0.09928570099167208,-0.14803832629164712
15,15,w15,-Inf,0.0,11,0.7500000000003471,1.0,0.02369180894559079,-0.244327561269106,0.058355522324653034
15,15,w15,-Inf,0.0,12,0.5000000000020595,1.0,0.023691808945233456,-0.19775863738141586,0.011786598436525991
15,15,w15,-Inf,0.0,13,0.2500000000010405,1.0,0.023691808944876148,-0.10515625032168896,-0.0808157886236365
15,15,w15,-Inf,0.0,14,0.0,0.7500000000003471,0.4763029538869669,-0.19342841493937013,-0.05389561234023658
15,15,w15,-Inf,0.0,15,0.0,0.5000000000020595,0.37944496861273286,0.10266374428580503,-0.7199346813613313
15,15,w15,-Inf,0.0,16,0.0,0.2500000000010405,0.9474117089483572,-0.006810099158033095,0.3828351643877184
15,15,w15,-Inf,0.0,17,0.2499999999998184,0.2500000000006332,0.947411708948336,0.5079094884899444,-0.13188442325857253
15,15,w15,-Inf,0.0,18,0.2500000000002257,0.5000000000012177,0.37944496861380195,0.006702965044945384,-0.6239739021193024
15,15,w15,-Inf,0.0,19,0.2500000000006332,0.7500000000000954,0.47630295388670857,-0.3891064870171572,0.1417824597366268
15,15,w15,-Inf,0.0,20,0.4999999999995339,0.2500000000002257,0.9474117089483155,0.675363557500377,-0.2993384922673126
15,15,w15,-Inf,0.0,21,0.5000000000003757,0.5000000000003757,0.3794449686148727,0.24085775245348467,-0.858128689526673
15,15,w15,-Inf,0.0,22,0.5000000000012177,0.749999999999844,0.47630295388644883,-0.2862675648141517,0.038943537532694916
15,15,w15,-Inf,0.0,23,0.7499999999995922,0.2499999999998184,0.9474117089482947,0.10045494558743152,0.27557011964732403
15,15,w15,-Inf,0.0,24,0.749999999999844,0.4999999999995339,0.3794449686159432,0.1746646095128464,-0.7919355465848648
15,15,w15,-Inf,0.0,25,0.7500000000000953,0.7499999999995921,0.47630295388618893,0.7526759727176131,-1.0
16,16,w16,-Inf,0.0,1,0.0,0.0,-0.12147893353627179,-0.10194928387484203,0.1162067761208413
16,16,w16,-Inf,0.0,2,1.0,0.0,-0.12147893353636119,0.06674366225227538,-0.05248617000386817
16,16,w16,-Inf,0.0,3,1.0,1.0,-0.32799579631422143,0.5272552485941906,-0.6927322274404122
16,16,w16,-Inf,0.0,4,0.0,1.0,-0.3279957963145927,-0.11600554090753665,-0.0494714379379334
16,16,w16,-Inf,0.0,5,0.2499999999994109,0.0,-0.12147893353629406,-0.10138243862241897,0.11563993086901712
16,16,w16,-Inf,0.0,6,0.4999999999986921,0.0,-0.12147893353631636,0.10498051769039829,-0.09072302544319752
16,16,w16,-Inf,0.0,7,0.7499999999993406,0.0,-0.1214789335363389,-0.0014218062221932534,0.01567929846999607
16,16,w16,-Inf,0.0,8,1.0,0.2499999999994109,-0.13276929032703624,0.09910102382329002,-0.3395460675436568
16,16,w16,-Inf,0.0,9,1.0,0.4999999999986921,-0.14701297115927772,-0.07985292953133352,0.4918641714860149
16,16,w16,-Inf,0.0,10,1.0,0.7499999999993406,-0.09455416915051063,0.05684260924049483,0.15341829417905958
16,16,w16,-Inf,0.0,11,0.7500000000003471,1.0,-0.32799579631431336,-0.10553009040868119,-0.05994688843735173
16,16,w16,-Inf,0.0,12,0.5000000000020595,1.0,-0.3279957963144066,-0.36616430888870793,0.20068733004286138
16,16,w16,-Inf,0.0,13,0.2500000000010405,1.0,-0.32799579631449977,-0.15560049263905587,-0.009876486206602506
16,16,w16,-Inf,0.0,14,0.0,0.7500000000003471,-0.09455416915070482,0.12405681855943788,0.0862040848571228
16,16,w16,-Inf,0.0,15,0.0,0.5000000000020595,-0.14701297115888023,0.18302356532799888,0.22898767663053712
16,16,w16,-Inf,0.0,16,0.0,0.2500000000010405,-0.13276929032728857,0.02588697658341613,-0.2663320203006515
16,16,w16,-Inf,0.0,17,0.2499999999998184,0.2500000000006332,-0.13276929032722568,0.17029880981177295,-0.41074385352978865
16,16,w16,-Inf,0.0,18,0.2500000000002257,0.5000000000012177,-0.14701297115897954,0.7876589401155114,-0.3756476981579395
16,16,w16,-Inf,0.0,19,0.2500000000006332,0.7500000000000954,-0.09455416915065631,0.16709246556035534,0.043168437856954484
16,16,w16,-Inf,0.0,20,0.4999999999995339,0.2500000000002257,-0.13276929032716256,-0.9659584158288643,0.7255133721100638
16,16,w16,-Inf,0.0,21,0.5000000000003757,0.5000000000003757,-0.14701297115907888,0.6726218668134555,-0.2606106248568457
16,16,w16,-Inf,0.0,22,0.5000000000012177,0.749999999999844,-0.09455416915060784,0.6101665143002789,-0.39990561088222243
16,16,w16,-Inf,0.0,23,0.7499999999995922,0.2499999999998184,-0.13276929032709958,-0.3714977362884446,0.13105269256886187
16,16,w16,-Inf,0.0,24,0.749999999999844,0.4999999999995339,-0.14701297115917847,1.0,-0.587988758044355
16,16,w16,-Inf,0.0,25,0.7500000000000953,0.7499999999995921,-0.09455416915055924,0.32791453281889316,-0.11765362940008683
17,17,w17,-Inf,0.0,1,0.0,0.0,0.051531236139491066,0.008339644317248186,-0.04951910190718933
17,17,w17,-Inf,0.0,2,1.0,0.0,0.05153123614026832,-0.08607064297250518,0.044891185381707166
17,17,w17,-Inf,0.0,3,1.0,1.0,0.5378570570582019,-0.5953060300194377,0.07207950477113968
17,17,w17,-Inf,0.0,4,0.0,1.0,0.5378570570598032,-0.3016242484610109,-0.22160227678652206
17,17,w17,-Inf,0.0,5,0.2499999999994109,0.0,0.05153123613968517,-0.055261389352697,0.014081931762540429
17,17,w17,-Inf,0.0,6,0.4999999999986921,0.0,0.05153123613987992,0.01554667477698931,-0.05672613236736172
17,17,w17,-Inf,0.0,7,0.7499999999993406,0.0,0.05153123614007448,-0.19618632628956936,0.15500686869898367
17,17,w17,-Inf,0.0,8,1.0,0.2499999999994109,-0.3194688566714233,-0.4751602776444011,0.6750336187435237
17,17,w17,-Inf,0.0,9,1.0,0.4999999999986921,-0.379100746854805,-0.4194706891670067,0.2587896341720784
17,17,w17,-Inf,0.0,10,1.0,0.7499999999993406,-0.5828251202657186,-0.6584426022811799,-0.01037221593981188
17,17,w17,-Inf,0.0,11,0.7500000000003471,1.0,0.5378570570586005,-0.2515522717706877,-0.2716742534774227
17,17,w17,-Inf,0.0,12,0.5000000000020595,1.0,0.537857057059001,-0.5082065772287283,-0.015019948019192476
17,17,w17,-Inf,0.0,13,0.2500000000010405,1.0,0.537857057059403,-0.3298699924470628,-0.19335653280066423
17,17,w17,-Inf,0.0,14,0.0,0.7500000000003471,-0.5828251202644135,-0.34244939542305386,-0.32636542279890735
17,17,w17,-Inf,0.0,15,0.0,0.5000000000020595,-0.3791007468569919,-0.04550745707776995,-0.11517359792382267
17,17,w17,-Inf,0.0,16,0.0,0.2500000000010405,-0.31946885667228675,-0.16324316537781922,0.3631165064767877
17,17,w17,-Inf,0.0,17,0.2499999999998184,0.2500000000006332,-0.319468856672071,-0.4421262600595103,0.6419996011585197
17,17,w17,-Inf,0.0,18,0.2500000000002257,0.5000000000012177,-0.3791007468564457,0.18846240038498102,-0.3491434553849078
17,17,w17,-Inf,0.0,19,0.2500000000006332,0.7500000000000954,-0.5828251202647388,-0.2690522718099138,-0.39976254641180436
17,17,w17,-Inf,0.0,20,0.4999999999995339,0.2500000000002257,-0.31946885667185554,0.2140009721168874,-0.014127631017839166
17,17,w17,-Inf,0.0,21,0.5000000000003757,0.5000000000003757,-0.3791007468558994,-0.1571388084472328,-0.0035422465510286196
17,17,w17,-Inf,0.0,22,0.5000000000012177,0.749999999999844,-0.5828251202650645,-1.0,0.33118518177852496
17,17,w17,-Inf,0.0,23,0.7499999999995922,0.2499999999998184,-0.31946885667163955,-0.14307112881428496,0.3429444699133709
17,17,w17,-Inf,0.0,24,0.749999999999844,0.4999999999995339,-0.3791007468553521,0.18350199318416924,-0.34418304818076345
17,17,w17,-Inf,0.0,25,0.7500000000000953,0.7499999999995921,-0.5828251202653919,0.28822303122195025,-0.9570378494431828
18,18,w18,-Inf,0.0,1,0.0,0.0,-0.09661957689816118,0.3986480667960083,-0.11358693658816159
18,18,w18,-Inf,0.0,2,1.0,0.0,-0.09661957690199169,0.2018459831478117,0.08321514705754579
18,18,w18,-Inf,0.0,3,1.0,1.0,-0.19264466009366105,-0.1607260843138343,0.08923199719498695
18,18,w18,-Inf,0.0,4,0.0,1.0,-0.19264466009951534,-0.011273424849077436,-0.0602206622714094
18,18,w18,-Inf,0.0,5,0.2499999999994109,0.0,-0.09661957689911865,0.3183394591753611,-0.033278328968142805
18,18,w18,-Inf,0.0,6,0.4999999999986921,0.0,-0.09661957690007619,0.09370308617696088,0.19135804402963327
18,18,w18,-Inf,0.0,7,0.7499999999993406,0.0,-0.0966195769010343,0.24527665901784024,0.039784471188136085
18,18,w18,-Inf,0.0,8,1.0,0.2499999999994109,-0.15996129241567505,0.8160156232854728,-0.006816046628458445
18,18,w18,-Inf,0.0,9,1.0,0.4999999999986921,-0.8697694518959341,-0.15072714210181734,0.4730041988026741
18,18,w18,-Inf,0.0,10,1.0,0.7499999999993406,0.9999999999930838,0.24333343863624265,0.2864637345878805
18,18,w18,-Inf,0.0,11,0.7500000000003471,1.0,-0.19264466009512296,0.08722524837915592,-0.15871933549841064
18,18,w18,-Inf,0.0,12,0.5000000000020595,1.0,-0.19264466009658565,-0.08316309217724023,0.01166900505757468
18,18,w18,-Inf,0.0,13,0.2500000000010405,1.0,-0.1926446600980499,-0.18292345932788026,0.11142937220780706
18,18,w18,-Inf,0.0,14,0.0,0.7500000000003471,1.0,0.34834196079585605,0.18145521242915988
18,18,w18,-Inf,0.0,15,0.0,0.5000000000020595,-0.869769451887112,0.32568118010404934,-0.003404123405492899
18,18,w18,-Inf,0.0,16,0.0,0.2500000000010405,-0.15996129242374837,0.6077485430413232,0.20145103361412464
18,18,w18,-Inf,0.0,17,0.2499999999998184,0.2500000000006332,-0.1599612924217304,0.19316279465301842,0.6160367820028242
18,18,w18,-Inf,0.0,18,0.2500000000002257,0.5000000000012177,-0.8697694518893166,0.39170747229401726,-0.06943041559488615
18,18,w18,-Inf,0.0,19,0.2500000000006332,0.7500000000000954,0.9999999999982697,0.17787868391613934,0.3519184893086542
18,18,w18,-Inf,0.0,20,0.4999999999995339,0.2500000000002257,-0.15996129241971166,0.44263794916004084,0.36656162749619225
18,18,w18,-Inf,0.0,21,0.5000000000003757,0.5000000000003757,-0.8697694518915237,0.31646091964995143,0.005816137049755505
18,18,w18,-Inf,0.0,22,0.5000000000012177,0.749999999999844,0.9999999999965394,0.28789612121348757,0.24190105201108464
18,18,w18,-Inf,0.0,23,0.7499999999995922,0.2499999999998184,-0.1599612924176929,0.36275167746839093,0.4464478991882316
18,18,w18,-Inf,0.0,24,0.749999999999844,0.4999999999995339,-0.8697694518937282,-0.5049891473093195,0.8272662040096022
18,18,w18,-Inf,0.0,25,0.7500000000000953,0.7499999999995921,0.999999999994812,0.5566056645486698,-0.02680849132432259
19,19,w19,-Inf,0.0,1,0.0,0.0,0.23622418886625124,-0.17949771112973556,-0.1934421902889692
19,19,w19,-Inf,0.0,2,1.0,0.0,0.23622418886438762,-0.6021001816643599,0.2291602802466348
19,19,w19,-Inf,0.0,3,1.0,1.0,-0.17837014410232044,-0.49101847717698754,0.23864860197199658
19,19,w19,-Inf,0.0,4,0.0,1.0,-0.17837014410397914,-0.15330879997476723,-0.0990610752301674
19,19,w19,-Inf,0.0,5,0.2499999999994109,0.0,0.23622418886578583,-0.2385023038712653,-0.13443759754719437
19,19,w19,-Inf,0.0,6,0.4999999999986921,0.0,0.23622418886532,-0.2236277003629898,-0.14931220105522278
19,19,w19,-Inf,0.0,7,0.7499999999993406,0.0,0.23622418886485427,-0.24659874012901786,-0.12634116128894984
19,19,w19,-Inf,0.0,8,1.0,0.2499999999994109,0.18240943422527198,-0.47959060275314674,-0.3829704840286068
19,19,w19,-Inf,0.0,9,1.0,0.4999999999986921,-0.3787651016140809,-0.8352932167817758,0.09095865523524017
19,19,w19,-Inf,0.0,10,1.0,0.7499999999993406,0.0305743272480354,-0.5617692218072527,0.0339641525924472
19,19,w19,-Inf,0.0,11,0.7500000000003471,1.0,-0.17837014410273477,-0.10665761404563426,-0.14571226115934155
19,19,w19,-Inf,0.0,12,0.5000000000020595,1.0,-0.17837014410314964,-0.24897161088471448,-0.0033982643202489795
19,19,w19,-Inf,0.0,13,0.2500000000010405,1.0,-0.17837014410356442,-0.1128067485877495,-0.139563126617197
19,19,w19,-Inf,0.0,14,0.0,0.7500000000003471,0.030574327250512734,-0.3201502216967082,-0.2076548475170753
19,19,w19,-Inf,0.0,15,0.0,0.5000000000020595,-0.3787651016152044,-0.6591878250984927,-0.08514673644531813
19,19,w19,-Inf,0.0,16,0.0,0.2500000000010405,0.1824094342211931,-1.0,0.13743891321699842
19,19,w19,-Inf,0.0,17,0.2499999999998184,0.2500000000006332,0.18240943422221284,-0.7983084217899247,-0.06425266499276495
19,19,w19,-Inf,0.0,18,0.2500000000002257,0.5000000000012177,-0.3787651016149236,-0.8124218028229929,0.06808724127850231
19,19,w19,-Inf,0.0,19,0.2500000000006332,0.7500000000000954,0.030574327249893823,-0.09459672069563091,-0.4332083485184081
19,19,w19,-Inf,0.0,20,0.4999999999995339,0.2500000000002257,0.18240943422323252,-0.3932516637574746,-0.46930942302490103
19,19,w19,-Inf,0.0,21,0.5000000000003757,0.5000000000003757,-0.3787651016146433,-0.7685440917537044,0.024209530208532185
19,19,w19,-Inf,0.0,22,0.5000000000012177,0.749999999999844,0.030574327249274363,-0.9110146155385777,0.3832095463242829
19,19,w19,-Inf,0.0,23,0.7499999999995922,0.2499999999998184,0.18240943422425226,-0.47753858006612115,-0.3850225067159432
19,19,w19,-Inf,0.0,24,0.749999999999844,0.4999999999995339,-0.37876510161436205,-0.16601863372860887,-0.5783159278172453
19,19,w19,-Inf,0.0,25,0.7500000000000953,0.7499999999995921,0.03057432724865485,-0.40492325968029813,-0.12288180953425448
20,20,w20,-Inf,0.0,1,0.0,0.0,-0.23068907840056882,-0.19910438215439386,0.010068170120464053
20,20,w20,-Inf,0.0,2,1.0,0.0,-0.23068907840463856,0.044319199274474974,-0.23335541130904386
20,20,w20,-Inf,0.0,3,1.0,1.0,-0.3045962575668797,0.9542616610665463,-0.1521165918270099
20,20,w20,-Inf,0.0,4,0.0,1.0,-0.3045962575671113,0.4149689408373647,0.3871761284031152
20,20,w20,-Inf,0.0,5,0.2499999999994109,0.0,-0.2306890784015856,-0.013930547664755249,-0.17510566436933447
20,20,w20,-Inf,0.0,6,0.4999999999986921,0.0,-0.23068907840260314,-0.07333539412019315,-0.11570081791404938
20,20,w20,-Inf,0.0,7,0.7499999999993406,0.0,-0.23068907840362143,-0.3576230295690427,0.1685868175346303
20,20,w20,-Inf,0.0,8,1.0,0.2499999999994109,0.5755467757103379,0.256862737924411,0.011279485178673242
20,20,w20,-Inf,0.0,9,1.0,0.4999999999986921,-0.5196288421324231,0.5574483388493656,-0.31164383583908717
20,20,w20,-Inf,0.0,10,1.0,0.7499999999993406,-0.7791635082221473,-0.0515071143023297,0.15608517678951728
20,20,w20,-Inf,0.0,11,0.7500000000003471,1.0,-0.304596257566938,0.39509570200812366,0.4070493672316605
20,20,w20,-Inf,0.0,12,0.5000000000020595,1.0,-0.30459625756699715,0.7461522810020642,0.05599278823795106
20,20,w20,-Inf,0.0,13,0.2500000000010405,1.0,-0.30459625756705533,0.5328027484768627,0.2693423207633887
20,20,w20,-Inf,0.0,14,0.0,0.7500000000003471,-0.7791635082197704,-0.07162400577662809,0.17620206826471088
20,20,w20,-Inf,0.0,15,0.0,0.5000000000020595,-0.519628842143469,-0.12269693413001674,0.3685014371383761
20,20,w20,-Inf,0.0,16,0.0,0.2500000000010405,0.5755467757074529,1.0,-0.7318577768952516
20,20,w20,-Inf,0.0,17,0.2499999999998184,0.2500000000006332,0.5755467757081746,0.30992314218433864,-0.04178091908000825
20,20,w20,-Inf,0.0,18,0.2500000000002257,0.5000000000012177,-0.5196288421407074,0.326621521882771,-0.0808170188739268
20,20,w20,-Inf,0.0,19,0.2500000000006332,0.7500000000000954,-0.7791635082203625,-0.6876228157711363,0.7922008782589924
20,20,w20,-Inf,0.0,20,0.4999999999995339,0.2500000000002257,0.5755467757088953,0.07420709429986833,0.19393512880404673
20,20,w20,-Inf,0.0,21,0.5000000000003757,0.5000000000003757,-0.5196288421379465,0.5977102330101755,-0.351905730000854
20,20,w20,-Inf,0.0,22,0.5000000000012177,0.749999999999844,-0.7791635082209569,0.013736107267733324,0.09084195521989806
20,20,w20,-Inf,0.0,23,0.7499999999995922,0.2499999999998184,0.575546775709617,0.4826594087451168,-0.21451718564161493
20,20,w20,-Inf,0.0,24,0.749999999999844,0.4999999999995339,-0.5196288421351842,-0.016070142491233907,0.2618746455010318
20,20,w20,-Inf,0.0,25,0.7500000000000953,0.7499999999995921,-0.7791635082215517,-0.04268073286408032,0.14725879535148775
21,21,w21,4.702894558417575e10,0.0,1,0.0,0.0,-7.207880237418624e-11,0.16980203442379535,-0.17304611642886064
21,21,w21,4.702894558417575e10,0.0,2,1.0,0.0,-1.2507329936856538e-10,0.9366961780223468,0.9999990480032364
21,21,w21,4.702894558417575e10,0.0,3,1.0,1.0,-7.207877518876639e-11,-0.16980184449960511,0.17304591341255177
21,21,w21,4.702894558417575e10,0.0,4,0.0,1.0,-1.2507378798401006e-10,-0.9366970039393286,-1.0
21,21,w21,4.702894558417575e10,0.0,5,0.2499999999994109,0.0,9.463942229164207e-11,0.1539951969428863,0.031148735947225604
21,21,w21,4.702894558417575e10,0.0,6,0.4999999999986921,0.0,6.869378943196e-10,0.06654009473048693,-0.15390480057271497
21,21,w21,4.702894558417575e10,0.0,7,0.7499999999993406,0.0,-1.35441978716578e-9,0.3308643806302808,-0.18807026389711504
21,21,w21,4.702894558417575e10,0.0,8,1.0,0.2499999999994109,1.4132422719980808e-9,0.21333888550671654,0.6928688597710513
21,21,w21,4.702894558417575e10,0.0,9,1.0,0.4999999999986921,-2.799087110489476e-10,0.0023203358397030104,0.3805058154381512
21,21,w21,4.702894558417575e10,0.0,10,1.0,0.7499999999993406,-3.633392150129412e-10,-0.06018934305951879,0.22273496299937878
21,21,w21,4.702894558417575e10,0.0,11,0.7500000000003471,1.0,9.463906752191297e-11,-0.15399502397626177,-0.031148646315079315
21,21,w21,4.702894558417575e10,0.0,12,0.5000000000020595,1.0,6.869389708622263e-10,-0.06654007783109057,0.1539049755020195
21,21,w21,4.702894558417575e10,0.0,13,0.2500000000010405,1.0,-1.3544208147746505e-9,-0.33086465451641284,0.1880704616679616
21,21,w21,4.702894558417575e10,0.0,14,0.0,0.7500000000003471,1.4132437943815928e-9,-0.2133390911846113,-0.6928695226265055
21,21,w21,4.702894558417575e10,0.0,15,0.0,0.5000000000020595,-2.7990894379423834e-10,-0.0023203476493028285,-0.3805061702421946
21,21,w21,4.702894558417575e10,0.0,16,0.0,0.2500000000010405,-3.6333935094004047e-10,0.0601893604789472,-0.22273521631358162
21,21,w21,4.702894558417575e10,0.0,17,0.2499999999998184,0.2500000000006332,-0.004963537332801034,0.14222785438193972,0.04761772693124063
21,21,w21,4.702894558417575e10,0.0,18,0.2500000000002257,0.5000000000012177,-0.013809438336371844,0.12291758133500713,0.09225419866198167
21,21,w21,4.702894558417575e10,0.0,19,0.2500000000006332,0.7500000000000954,-0.02211918187587173,0.028133827106904707,0.19538854711818499
21,21,w21,4.702894558417575e10,0.0,20,0.4999999999995339,0.2500000000002257,-0.005689623409659411,0.07337548805797242,-0.10134189970752217
21,21,w21,4.702894558417575e10,0.0,21,0.5000000000003757,0.5000000000003757,-0.006002669190200743,3.7700567757052696e-8,8.091928337308326e-8
21,21,w21,4.702894558417575e10,0.0,22,0.5000000000012177,0.749999999999844,-0.0056896327476355394,-0.0733754214232352,0.10134209737768794
21,21,w21,4.702894558417575e10,0.0,23,0.7499999999995922,0.2499999999998184,-0.022119159734674453,-0.028133770408736734,-0.19538834333582233
21,21,w21,4.702894558417575e10,0.0,24,0.749999999999844,0.4999999999995339,-0.013809427736779427,-0.12291746708287225,-0.09225407055607919
21,21,w21,4.702894558417575e10,0.0,25,0.7500000000000953,0.7499999999995921,-0.0049635349413431895,-0.1422277617062724,-0.04761762274591542
22,22,w22,4.7658649448635796e10,0.0,1,0.0,0.0,6.752091134679139e-11,-0.18526395004222532,0.22193071223461372
22,22,w22,4.7658649448635796e10,0.0,2,1.0,0.0,-1.519676484050998e-10,0.9180183274469521,0.9999996729455962
22,22,w22,4.7658649448635796e10,0.0,3,1.0,1.0,-6.752145884759342e-11,-0.18526407912671183,0.2219305790225958
22,22,w22,4.7658649448635796e10,0.0,4,0.0,1.0,1.5196747270283668e-10,0.918018795091048,1.0
22,22,w22,4.7658649448635796e10,0.0,5,0.2499999999994109,0.0,1.311333760512009e-11,-0.19008252060225292,-0.10861504802924951
22,22,w22,4.7658649448635796e10,0.0,6,0.4999999999986921,0.0,6.798849185660597e-10,-0.03684644015729194,-0.17876577890812972
22,22,w22,4.7658649448635796e10,0.0,7,0.7499999999993406,0.0,-1.453720483735897e-9,0.2936736387325591,-0.18816001631955523
22,22,w22,4.7658649448635796e10,0.0,8,1.0,0.2499999999994109,1.3962336086065717e-9,0.21036473474823691,0.6830110122274573
22,22,w22,4.7658649448635796e10,0.0,9,1.0,0.4999999999986921,-1.815885328747603e-10,0.03959144922598755,0.3728081677248851
22,22,w22,4.7658649448635796e10,0.0,10,1.0,0.7499999999993406,-2.800301505021956e-10,-0.006975762430498475,0.2487401807369515
22,22,w22,4.7658649448635796e10,0.0,11,0.7500000000003471,1.0,-1.3113412906089997e-11,-0.1900826181198286,-0.10861510260382012
22,22,w22,4.7658649448635796e10,0.0,12,0.5000000000020595,1.0,-6.798848832687301e-10,-0.03684645586293745,-0.1787658598036718
22,22,w22,4.7658649448635796e10,0.0,13,0.2500000000010405,1.0,1.4537211300692219e-9,0.29367384466648744,-0.18816007946248955
22,22,w22,4.7658649448635796e10,0.0,14,0.0,0.7500000000003471,-1.3962342988654626e-9,0.21036476447453148,0.683011216587721
22,22,w22,4.7658649448635796e10,0.0,15,0.0,0.5000000000020595,1.8158881446901233e-10,0.03959135820656078,0.3728082427919142
22,22,w22,4.7658649448635796e10,0.0,16,0.0,0.2500000000010405,2.800302195280847e-10,-0.006975763317848242,0.24874026397943072
22,22,w22,4.7658649448635796e10,0.0,17,0.2499999999998184,0.2500000000006332,0.004596226167046077,-0.090174871018724,-0.11588638877348814
22,22,w22,4.7658649448635796e10,0.0,18,0.2500000000002257,0.5000000000012177,0.015080005798317522,-0.10574439043488452,-0.13421148097589827
22,22,w22,4.7658649448635796e10,0.0,19,0.2500000000006332,0.7500000000000954,0.025398044281200807,-0.05621777736679525,-0.20734506804042796
22,22,w22,4.7658649448635796e10,0.0,20,0.4999999999995339,0.2500000000002257,-0.010383151850901771,-0.04774577575819558,-0.18327668119164228
22,22,w22,4.7658649448635796e10,0.0,21,0.5000000000003757,0.5000000000003757,8.649438947746661e-9,-0.07633704280848262,-0.1585448999316957
22,22,w22,4.7658649448635796e10,0.0,22,0.5000000000012177,0.749999999999844,0.010383170256933938,-0.04774576373373466,-0.18327673910630318
22,22,w22,4.7658649448635796e10,0.0,23,0.7499999999995922,0.2499999999998184,-0.025398023320296323,-0.056217735646904896,-0.2073449585501461
22,22,w22,4.7658649448635796e10,0.0,24,0.749999999999844,0.4999999999995339,-0.015079987658840376,-0.1057442776125918,-0.1342114014819789
22,22,w22,4.7658649448635796e10,0.0,25,0.7500000000000953,0.7499999999995921,-0.004596214279021946,-0.09017484190976739,-0.11588638977351726
23,23,w23,5.287611755171847e10,0.0,1,0.0,0.0,-3.7258695593287086e-10,-0.53596867665948,1.0
23,23,w23,5.287611755171847e10,0.0,2,1.0,0.0,1.2831455099144046e-10,-0.35615242502194766,-0.41917742244678186
23,23,w23,5.287611755171847e10,0.0,3,1.0,1.0,3.7258654957257824e-10,-0.5359686854874972,0.9999998799664988
23,23,w23,5.287611755171847e10,0.0,4,0.0,1.0,-1.2831445772842246e-10,-0.3561524675385981,-0.4191773469843626
23,23,w23,5.287611755171847e10,0.0,5,0.2499999999994109,0.0,1.1827741534637817e-9,-0.6466397677560143,-0.515271177135722
23,23,w23,5.287611755171847e10,0.0,6,0.4999999999986921,0.0,-4.67474393633016e-11,-0.00909242893760914,-0.3252033887373486
23,23,w23,5.287611755171847e10,0.0,7,0.7499999999993406,0.0,-1.207516832134329e-9,0.26193756527597384,0.5520660607275627
23,23,w23,5.287611755171847e10,0.0,8,1.0,0.2499999999994109,1.5359051648099932e-10,0.2487406854261535,-0.006858404769496476
23,23,w23,5.287611755171847e10,0.0,9,1.0,0.4999999999986921,1.0196186662394042e-9,0.42576596097983377,0.500411061774496
23,23,w23,5.287611755171847e10,0.0,10,1.0,0.7499999999993406,-4.372230504245533e-10,0.32983485623196485,0.9057166841201505
23,23,w23,5.287611755171847e10,0.0,11,0.7500000000003471,1.0,-1.1827746686309288e-9,-0.6466397967042282,-0.5152711761839808
23,23,w23,5.287611755171847e10,0.0,12,0.5000000000020595,1.0,4.674778576879696e-11,-0.00909252150952652,-0.32520342183924156
23,23,w23,5.287611755171847e10,0.0,13,0.2500000000010405,1.0,1.2075169831315962e-9,0.26193751206619464,0.5520660588129197
23,23,w23,5.287611755171847e10,0.0,14,0.0,0.7500000000003471,-1.5359009457687033e-10,0.24874061276368858,-0.006858352109265407
23,23,w23,5.287611755171847e10,0.0,15,0.0,0.5000000000020595,-1.0196188527654402e-9,0.4257658767738803,0.5004111012256048
23,23,w23,5.287611755171847e10,0.0,16,0.0,0.2500000000010405,4.372231880985322e-10,0.3298348561638856,0.9057167788463192
23,23,w23,5.287611755171847e10,0.0,17,0.2499999999998184,0.2500000000006332,0.04426619784928451,-0.13768868888238697,-0.3433299301236881
23,23,w23,5.287611755171847e10,0.0,18,0.2500000000002257,0.5000000000012177,0.06464995294725033,0.16725701788541752,0.06570536290186023
23,23,w23,5.287611755171847e10,0.0,19,0.2500000000006332,0.7500000000000954,0.03781140128601284,0.2812096849416058,0.420810331550062
23,23,w23,5.287611755171847e10,0.0,20,0.4999999999995339,0.2500000000002257,-0.02080562571890109,-0.2641936598894607,-0.5335320677603335
23,23,w23,5.287611755171847e10,0.0,21,0.5000000000003757,0.5000000000003757,-1.991775916749019e-8,-0.25765496721150466,-0.6205799912008502
23,23,w23,5.287611755171847e10,0.0,22,0.5000000000012177,0.749999999999844,0.020805600223743757,-0.2641936907186343,-0.5335320901297811
23,23,w23,5.287611755171847e10,0.0,23,0.7499999999995922,0.2499999999998184,-0.03781141145455801,0.28120978105901606,0.42081034946728985
23,23,w23,5.287611755171847e10,0.0,24,0.749999999999844,0.4999999999995339,-0.0646499621281251,0.16725709373091804,0.06570539537832956
23,23,w23,5.287611755171847e10,0.0,25,0.7500000000000953,0.7499999999995921,-0.044266207360400864,-0.13768865998718394,-0.34332989248966705
24,24,w24,5.661509919086921e10,0.0,1,0.0,0.0,-3.0387011070838794e-10,-0.5017043147567625,0.99999978297945
24,24,w24,5.661509919086921e10,0.0,2,1.0,0.0,-1.4190803962734343e-10,0.3546390303505794,0.4324219747258225
24,24,w24,5.661509919086921e10,0.0,3,1.0,1.0,-3.038706169161635e-10,0.5017043572476189,-1.0
24,24,w24,5.661509919086921e10,0.0,4,0.0,1.0,-1.4190820712256326e-10,-0.3546389905344297,-0.43242191504569544
24,24,w24,5.661509919086921e10,0.0,5,0.2499999999994109,0.0,2.0465143632039268e-10,-0.5840246470378814,-0.4336388287055767
24,24,w24,5.661509919086921e10,0.0,6,0.4999999999986921,0.0,2.0012474942773695e-10,-0.1090441374436366,0.12020449789702743
24,24,w24,5.661509919086921e10,0.0,7,0.7499999999993406,0.0,6.954753342019896e-10,-0.20593892649090148,-0.4714341822485258
24,24,w24,5.661509919086921e10,0.0,8,1.0,0.2499999999994109,-1.0315721281897321e-10,-0.2399537570599494,0.001961095406106765
24,24,w24,5.661509919086921e10,0.0,9,1.0,0.4999999999986921,-9.41524851836038e-10,-0.4245760150099439,-0.545944857662093
24,24,w24,5.661509919086921e10,0.0,10,1.0,0.7499999999993406,3.9020823891784433e-10,-0.32764861861301,-0.9444175687292313
24,24,w24,5.661509919086921e10,0.0,11,0.7500000000003471,1.0,2.0465186808584825e-10,0.5840247408910161,0.43363890374607456
24,24,w24,5.661509919086921e10,0.0,12,0.5000000000020595,1.0,2.0012426385516898e-10,0.10904413403514879,-0.12020443975000532
24,24,w24,5.661509919086921e10,0.0,13,0.2500000000010405,1.0,6.954753993390195e-10,0.20593883681246866,0.47143412239868887
24,24,w24,5.661509919086921e10,0.0,14,0.0,0.7500000000003471,-1.0315688155064953e-10,0.2399536635853911,-0.0019611124436116917
24,24,w24,5.661509919086921e10,0.0,15,0.0,0.5000000000020595,-9.41524732728326e-10,0.42457589879320534,0.5459447392307586
24,24,w24,5.661509919086921e10,0.0,16,0.0,0.2500000000010405,3.902082724168883e-10,0.32764849040583544,0.9444173626377783
24,24,w24,5.661509919086921e10,0.0,17,0.2499999999998184,0.2500000000006332,0.02735323918548738,-0.1729798228839712,-0.3403709013852901
24,24,w24,5.661509919086921e10,0.0,18,0.2500000000002257,0.5000000000012177,0.038275471002795165,0.15426772865839686,-0.005217323873517596
24,24,w24,5.661509919086921e10,0.0,19,0.2500000000006332,0.7500000000000954,0.01950096304245665,0.2698793755918523,0.321517500488326
24,24,w24,5.661509919086921e10,0.0,20,0.4999999999995339,0.2500000000002257,-0.012013291193964633,-0.06997709605643268,0.051478355888704724
24,24,w24,5.661509919086921e10,0.0,21,0.5000000000003757,0.5000000000003757,-0.013635034901640523,-1.020817902002927e-8,2.5210775787397067e-8
24,24,w24,5.661509919086921e10,0.0,22,0.5000000000012177,0.749999999999844,-0.012013308364932402,0.06997711303975403,-0.051478275964958235
24,24,w24,5.661509919086921e10,0.0,23,0.7499999999995922,0.2499999999998184,0.019500962156069904,-0.26987943390868574,-0.3215175250182654
24,24,w24,5.661509919086921e10,0.0,24,0.749999999999844,0.4999999999995339,0.03827548809673208,-0.15426778185128473,0.00521735776267369
24,24,w24,5.661509919086921e10,0.0,25,0.7500000000000953,0.7499999999995921,0.02735325744163089,0.1729798036879466,0.3403709611267839
25,25,w25,6.1125384348014084e10,0.0,1,0.0,0.0,5.472134265313555e-10,-0.3714407885210851,0.4194311642192559
25,25,w25,6.1125384348014084e10,0.0,2,1.0,0.0,1.5604503141127655e-10,-0.5733230926471207,-0.6319905911450031
25,25,w25,6.1125384348014084e10,0.0,3,1.0,1.0,-5.472128383872533e-10,-0.3714407744593495,0.4194311502879036
25,25,w25,6.1125384348014084e10,0.0,4,0.0,1.0,-1.5604430944141662e-10,-0.5733232283168891,-0.6319906582217726
25,25,w25,6.1125384348014084e10,0.0,5,0.2499999999994109,0.0,-4.958018230004449e-10,-0.2779444512315647,-0.7602255893353528
25,25,w25,6.1125384348014084e10,0.0,6,0.4999999999986921,0.0,-2.2495881816987097e-9,0.4591598218319377,0.9999999546161266
25,25,w25,6.1125384348014084e10,0.0,7,0.7499999999993406,0.0,2.6595259029599564e-9,-0.41796601882133816,-0.20645377124651604
25,25,w25,6.1125384348014084e10,0.0,8,1.0,0.2499999999994109,-1.290650118871975e-9,-0.15395302148806367,-0.45381727701448266
25,25,w25,6.1125384348014084e10,0.0,9,1.0,0.4999999999986921,2.446299653061626e-10,0.1957354242037804,0.07047350267318679
25,25,w25,6.1125384348014084e10,0.0,10,1.0,0.7499999999993406,-1.730718508441912e-10,0.26131301618059355,0.43231582954477166
25,25,w25,6.1125384348014084e10,0.0,11,0.7500000000003471,1.0,4.95801843677386e-10,-0.2779444150544523,-0.7602255318697757
25,25,w25,6.1125384348014084e10,0.0,12,0.5000000000020595,1.0,2.2495885768580282e-9,0.45915983668564286,1.0
25,25,w25,6.1125384348014084e10,0.0,13,0.2500000000010405,1.0,-2.659526362447536e-9,-0.4179660208470177,-0.206453675702898
25,25,w25,6.1125384348014084e10,0.0,14,0.0,0.7500000000003471,1.2906505370056726e-9,-0.15395305200084144,-0.4538173047725227
25,25,w25,6.1125384348014084e10,0.0,15,0.0,0.5000000000020595,-2.4463015829094616e-10,0.19573547399289057,0.07047353170245256
25,25,w25,6.1125384348014084e10,0.0,16,0.0,0.2500000000010405,1.7307140054636289e-10,0.26131304002944167,0.43231586653853926
25,25,w25,6.1125384348014084e10,0.0,17,0.2499999999998184,0.2500000000006332,-0.06951659739780848,-0.27589273491341787,-0.723057128131631
25,25,w25,6.1125384348014084e10,0.0,18,0.2500000000002257,0.5000000000012177,-0.10082270946029043,0.0036542174146501514,-0.34126902291751277
25,25,w25,6.1125384348014084e10,0.0,19,0.2500000000006332,0.7500000000000954,-0.09072816298187049,0.05651311247205346,-0.09411646715441621
25,25,w25,6.1125384348014084e10,0.0,20,0.4999999999995339,0.2500000000002257,-0.0049162126028480585,0.29062112752011515,0.8353594829904545
25,25,w25,6.1125384348014084e10,0.0,21,0.5000000000003757,0.5000000000003757,-8.265954642740495e-9,0.2562461806612256,0.6701536969380801
25,25,w25,6.1125384348014084e10,0.0,22,0.5000000000012177,0.749999999999844,0.0049162044209839,0.2906211443125478,0.8353595187230728
25,25,w25,6.1125384348014084e10,0.0,23,0.7499999999995922,0.2499999999998184,0.09072814693120876,0.056513078017396065,-0.09411654779691694
25,25,w25,6.1125384348014084e10,0.0,24,0.749999999999844,0.4999999999995339,0.10082269645655009,0.0036541786805947517,-0.3412690705174701
25,25,w25,6.1125384348014084e10,0.0,25,0.7500000000000953,0.7499999999995921,0.06951657932750276,-0.275892733491529,-0.7230571221895445
26,26,w26,6.6268958530922134e10,0.0,1,0.0,0.0,-1.3268963379324044e-9,-0.1221126994428618,1.0
26,26,w26,6.6268958530922134e10,0.0,2,1.0,0.0,6.847953024806589e-11,-0.140910284570409,-0.14474465327667743
26,26,w26,6.6268958530922134e10,0.0,3,1.0,1.0,-1.3268963491006716e-9,0.12211266972663382,-0.9999999980394173
26,26,w26,6.6268958530922134e10,0.0,4,0.0,1.0,6.847922684347891e-11,0.1409103474629969,0.14474478176643538
26,26,w26,6.6268958530922134e10,0.0,5,0.2499999999994109,0.0,1.7806969108928448e-9,-0.4468850842363825,0.07840630947063007
26,26,w26,6.6268958530922134e10,0.0,6,0.4999999999986921,0.0,-4.2156159821701967e-10,-0.4834268243015058,-0.7535169951880282
26,26,w26,6.6268958530922134e10,0.0,7,0.7499999999993406,0.0,9.02369482924768e-10,0.1691460661885478,0.21208622072207453
26,26,w26,6.6268958530922134e10,0.0,8,1.0,0.2499999999994109,-9.325972947595949e-11,-0.0007742247836576976,0.013440132486753159
26,26,w26,6.6268958530922134e10,0.0,9,1.0,0.4999999999986921,-6.8807573148893e-10,-0.21832697755551989,-0.17446629078923848
26,26,w26,6.6268958530922134e10,0.0,10,1.0,0.7499999999993406,-2.2175277637599483e-10,-0.3457514174222857,-0.7281245076954932
26,26,w26,6.6268958530922134e10,0.0,11,0.7500000000003471,1.0,1.7806973650690365e-9,0.446885083313171,-0.07840626979892223
26,26,w26,6.6268958530922134e10,0.0,12,0.5000000000020595,1.0,-4.2156208962076793e-10,0.48342680140709166,0.7535169895628621
26,26,w26,6.6268958530922134e10,0.0,13,0.2500000000010405,1.0,9.023695462116144e-10,-0.16914609629258678,-0.212086208365995
26,26,w26,6.6268958530922134e10,0.0,14,0.0,0.7500000000003471,-9.325921015154373e-11,0.0007741417500428807,-0.01344014158236618
26,26,w26,6.6268958530922134e10,0.0,15,0.0,0.5000000000020595,-6.880757901223319e-10,0.2183269245753129,0.1744662416607912
26,26,w26,6.6268958530922134e10,0.0,16,0.0,0.2500000000010405,-2.2175262525538193e-10,0.34575139394794746,0.7281244805692935
26,26,w26,6.6268958530922134e10,0.0,17,0.2499999999998184,0.2500000000006332,0.1314745864814833,0.17843534546938744,0.2916377865328482
26,26,w26,6.6268958530922134e10,0.0,18,0.2500000000002257,0.5000000000012177,0.15087433635174569,0.3239269003091854,0.3765884632417802
26,26,w26,6.6268958530922134e10,0.0,19,0.2500000000006332,0.7500000000000954,0.08860943822862904,0.13237226510727065,0.07662465403688092
26,26,w26,6.6268958530922134e10,0.0,20,0.4999999999995339,0.2500000000002257,-0.13656182199232944,-0.3848071432472354,-0.6062619646377432
26,26,w26,6.6268958530922134e10,0.0,21,0.5000000000003757,0.5000000000003757,-0.18090969117696712,-1.3969109066469072e-8,4.791249408793938e-10
26,26,w26,6.6268958530922134e10,0.0,22,0.5000000000012177,0.749999999999844,-0.13656182222540272,0.38480712038490233,0.6062619618431195
26,26,w26,6.6268958530922134e10,0.0,23,0.7499999999995922,0.2499999999998184,0.08860943942881719,-0.1323722904316026,-0.07662458342004536
26,26,w26,6.6268958530922134e10,0.0,24,0.749999999999844,0.4999999999995339,0.15087434976281938,-0.3239268941864258,-0.37658836355705444
26,26,w26,6.6268958530922134e10,0.0,25,0.7500000000000953,0.7499999999995921,0.1314745994933482,-0.1784353292578581,-0.2916377204295706
27,27,w27,6.96948743320647e10,0.0,1,0.0,0.0,-1.162057248096581e-9,-0.14791420145797263,0.9999999552428125
27,27,w27,6.96948743320647e10,0.0,2,1.0,0.0,1.057323078841997e-10,-0.381731310014985,-0.47518279187465645
27,27,w27,6.96948743320647e10,0.0,3,1.0,1.0,-1.1620578369422672e-9,0.147914131922117,-1.0
27,27,w27,6.96948743320647e10,0.0,4,0.0,1.0,1.0573225033221071e-10,0.3817313381807835,0.47518287594329006
27,27,w27,6.96948743320647e10,0.0,5,0.2499999999994109,0.0,-1.5786052265287184e-9,-0.441249073746546,0.01584737844944769
27,27,w27,6.96948743320647e10,0.0,6,0.4999999999986921,0.0,3.800253976507861e-9,-0.38971827434729467,-0.40948196793381897
27,27,w27,6.96948743320647e10,0.0,7,0.7499999999993406,0.0,-7.890025178810171e-10,-0.14239534122101669,-0.011889672534123312
27,27,w27,6.96948743320647e10,0.0,8,1.0,0.2499999999994109,-5.17791405955482e-10,-0.0862837075675241,-0.26379514071005333
27,27,w27,6.96948743320647e10,0.0,9,1.0,0.4999999999986921,-1.3339046971081848e-10,-0.16324106396250265,-0.30083196512263055
27,27,w27,6.96948743320647e10,0.0,10,1.0,0.7499999999993406,2.7486092001549897e-10,-0.30871758147749634,-0.7547642519390327
27,27,w27,6.96948743320647e10,0.0,11,0.7500000000003471,1.0,-1.5786045590801482e-9,0.44124907603819935,-0.01584738200283704
27,27,w27,6.96948743320647e10,0.0,12,0.5000000000020595,1.0,3.800253407940561e-9,0.38971829066169855,0.4094819779951858
27,27,w27,6.96948743320647e10,0.0,13,0.2500000000010405,1.0,-7.890028423351832e-10,0.14239530347914325,0.01188965181563473
27,27,w27,6.96948743320647e10,0.0,14,0.0,0.7500000000003471,-5.177910405582902e-10,0.086283655360358,0.26379512981922226
27,27,w27,6.96948743320647e10,0.0,15,0.0,0.5000000000020595,-1.3339065665821895e-10,0.1632410048652678,0.3008319040856214
27,27,w27,6.96948743320647e10,0.0,16,0.0,0.2500000000010405,2.7486083542566277e-10,0.3087175436996123,0.7547641964576333
27,27,w27,6.96948743320647e10,0.0,17,0.2499999999998184,0.2500000000006332,-0.08845193621719737,0.14090835458792308,0.2604237288988359
27,27,w27,6.96948743320647e10,0.0,18,0.2500000000002257,0.5000000000012177,-0.14461086152742286,0.36149032361359673,0.4377447802108112
27,27,w27,6.96948743320647e10,0.0,19,0.2500000000006332,0.7500000000000954,-0.10719685863813991,0.2396960038306007,0.2243815983924628
27,27,w27,6.96948743320647e10,0.0,20,0.4999999999995339,0.2500000000002257,0.2092318732934246,-0.2906837654859702,-0.3491636598431574
27,27,w27,6.96948743320647e10,0.0,21,0.5000000000003757,0.5000000000003757,0.304444573232888,-9.44299563123461e-9,-9.652926832967125e-9
27,27,w27,6.96948743320647e10,0.0,22,0.5000000000012177,0.749999999999844,0.20923186939541832,0.2906837474981107,0.34916365542347017
27,27,w27,6.96948743320647e10,0.0,23,0.7499999999995922,0.2499999999998184,-0.10719684844364932,-0.23969602415242183,-0.22438156507805124
27,27,w27,6.96948743320647e10,0.0,24,0.749999999999844,0.4999999999995339,-0.14461083333538835,-0.3614903256957028,-0.437744721962549
27,27,w27,6.96948743320647e10,0.0,25,0.7500000000000953,0.7499999999995921,-0.08845190664977406,-0.14090836360636108,-0.26042371526861274
28,28,w28,7.415462321619818e10,0.0,1,0.0,0.0,-7.913508158260713e-10,0.23750909077105015,0.2574816273254832
28,28,w28,7.415462321619818e10,0.0,2,1.0,0.0,5.038017871269367e-10,-0.5432476424530723,-1.0
28,28,w28,7.415462321619818e10,0.0,3,1.0,1.0,7.913525537310701e-10,0.23750913388366965,0.25748217949348107
28,28,w28,7.415462321619818e10,0.0,4,0.0,1.0,-5.038014160309434e-10,-0.5432476848971013,-0.9999999908317326
28,28,w28,7.415462321619818e10,0.0,5,0.2499999999994109,0.0,8.571882111259223e-9,0.19775950177495746,0.305233049399144
28,28,w28,7.415462321619818e10,0.0,6,0.4999999999986921,0.0,1.1721761378333786e-10,-0.10839106440357964,0.6448727546984413
28,28,w28,7.415462321619818e10,0.0,7,0.7499999999993406,0.0,-7.256537168570278e-9,-0.7810267586484982,-0.7064332923196992
28,28,w28,7.415462321619818e10,0.0,8,1.0,0.2499999999994109,4.950205757033429e-10,-0.1164824566676398,-0.8542742287963561
28,28,w28,7.415462321619818e10,0.0,9,1.0,0.4999999999986921,3.3989926859434557e-9,0.33260959903857723,-0.28511721383188066
28,28,w28,7.415462321619818e10,0.0,10,1.0,0.7499999999993406,2.8329702109469815e-9,0.3467814699134538,0.19686740823407448
28,28,w28,7.415462321619818e10,0.0,11,0.7500000000003471,1.0,-8.571881273537575e-9,0.1977592833473729,0.3052326762415835
28,28,w28,7.415462321619818e10,0.0,12,0.5000000000020595,1.0,-1.172178709785808e-10,-0.10839107714669596,0.6448723959358362
28,28,w28,7.415462321619818e10,0.0,13,0.2500000000010405,1.0,7.2565388587104454e-9,-0.7810265653728954,-0.7064330112245512
28,28,w28,7.415462321619818e10,0.0,14,0.0,0.7500000000003471,-4.950214281218624e-10,-0.11648215331076968,-0.8542739844254077
28,28,w28,7.415462321619818e10,0.0,15,0.0,0.5000000000020595,-3.3989936706338144e-9,0.33260985609044946,-0.28511693856672277
28,28,w28,7.415462321619818e10,0.0,16,0.0,0.2500000000010405,-2.8329721729792634e-9,0.34678128402042885,0.19686716801507154
28,28,w28,7.415462321619818e10,0.0,17,0.2499999999998184,0.2500000000006332,0.6859339419462238,0.13635544592969387,0.1961097317289198
28,28,w28,7.415462321619818e10,0.0,18,0.2500000000002257,0.5000000000012177,0.9759885346868061,0.14704441219213563,-0.024678135735381166
28,28,w28,7.415462321619818e10,0.0,19,0.2500000000006332,0.7500000000000954,0.6933630178715552,-0.1315408271842706,-0.3926336274804264
28,28,w28,7.415462321619818e10,0.0,20,0.4999999999995339,0.2500000000002257,0.057730749563932524,0.02943968673349064,0.5539820974260328
28,28,w28,7.415462321619818e10,0.0,21,0.5000000000003757,0.5000000000003757,3.5793769480256563e-9,-0.0809787105827567,0.40455217707851243
28,28,w28,7.415462321619818e10,0.0,22,0.5000000000012177,0.749999999999844,-0.057730739743587785,0.029439493279063873,0.5539817832917803
28,28,w28,7.415462321619818e10,0.0,23,0.7499999999995922,0.2499999999998184,-0.69336291502037,-0.13154095450770067,-0.3926337956876037
28,28,w28,7.415462321619818e10,0.0,24,0.749999999999844,0.4999999999995339,-0.9759883751670013,0.14704437397074116,-0.02467816436127224
28,28,w28,7.415462321619818e10,0.0,25,0.7500000000000953,0.7499999999995921,-0.6859338305546856,0.1363554332718606,0.1961095394175287
29,29,w29,7.680054995482872e10,0.0,1,0.0,0.0,-1.184152560238563e-9,0.14212133738725014,0.41292065958001234
29,29,w29,7.680054995482872e10,0.0,2,1.0,0.0,7.675886296727499e-12,-0.7740925242638982,-0.7506537610327493
29,29,w29,7.680054995482872e10,0.0,3,1.0,1.0,-1.1841532557197075e-9,-0.1421214341091854,-0.41292061546859266
29,29,w29,7.680054995482872e10,0.0,4,0.0,1.0,7.67589466341796e-12,0.7740924432250633,0.7506538000330544
29,29,w29,7.680054995482872e10,0.0,5,0.2499999999994109,0.0,-4.665549060724401e-10,0.15989629444762685,0.9860638542956847
29,29,w29,7.680054995482872e10,0.0,6,0.4999999999986921,0.0,2.718661207020042e-9,-0.5592342795844439,0.18152915860918864
29,29,w29,7.680054995482872e10,0.0,7,0.7499999999993406,0.0,5.435824176137461e-9,-1.0,-0.8429764998609554
29,29,w29,7.680054995482872e10,0.0,8,1.0,0.2499999999994109,-3.467200284978764e-9,-0.7874201118031441,-0.9668714354109664
29,29,w29,7.680054995482872e10,0.0,9,1.0,0.4999999999986921,-2.090198086546511e-9,-0.4762464104295334,-0.9624210305196931
29,29,w29,7.680054995482872e10,0.0,10,1.0,0.7499999999993406,-9.540533200744474e-10,-0.029409028675907244,-0.5934895508302129
29,29,w29,7.680054995482872e10,0.0,11,0.7500000000003471,1.0,-4.665549730059638e-10,-0.1598963285847716,-0.9860639436553877
29,29,w29,7.680054995482872e10,0.0,12,0.5000000000020595,1.0,2.718659584927929e-9,0.5592343448351234,-0.18152898224782424
29,29,w29,7.680054995482872e10,0.0,13,0.2500000000010405,1.0,5.435824184504151e-9,0.9999997642541254,0.8429763001334688
29,29,w29,7.680054995482872e10,0.0,14,0.0,0.7500000000003471,-3.4672003853790495e-9,0.7874199059338934,0.9668712848483295
29,29,w29,7.680054995482872e10,0.0,15,0.0,0.5000000000020595,-2.0901982371469396e-9,0.4762462785564637,0.9624208357446137
29,29,w29,7.680054995482872e10,0.0,16,0.0,0.2500000000010405,-9.540535543417804e-10,0.029409020967094576,0.5934895326734851
29,29,w29,7.680054995482872e10,0.0,17,0.2499999999998184,0.2500000000006332,0.15943043326090117,0.16210521804014108,0.8083763649525264
29,29,w29,7.680054995482872e10,0.0,18,0.2500000000002257,0.5000000000012177,0.22824094468812675,0.22698563043040038,0.5450028819129606
29,29,w29,7.680054995482872e10,0.0,19,0.2500000000006332,0.7500000000000954,0.16388780540403158,0.5638285666764745,0.6789941408112758
29,29,w29,7.680054995482872e10,0.0,20,0.4999999999995339,0.2500000000002257,0.18823071832897195,-0.012627398710508438,0.268260182776452
29,29,w29,7.680054995482872e10,0.0,21,0.5000000000003757,0.5000000000003757,0.2476026167449487,-4.152724311581491e-8,-2.2999771635755058e-8
29,29,w29,7.680054995482872e10,0.0,22,0.5000000000012177,0.749999999999844,0.18823069213226992,0.012627361759624861,-0.26826010383621984
29,29,w29,7.680054995482872e10,0.0,23,0.7499999999995922,0.2499999999998184,0.16388775900683858,-0.5638286350316892,-0.6789941326169543
29,29,w29,7.680054995482872e10,0.0,24,0.749999999999844,0.4999999999995339,0.22824090663091573,-0.22698562935462302,-0.5450027596109784
29,29,w29,7.680054995482872e10,0.0,25,0.7500000000000953,0.7499999999995921,0.1594304177103144,-0.1621052772710077,-0.8083764025405679
30,30,w30,8.009658551957118e10,0.0,1,0.0,0.0,4.876284993725376e-10,-0.03508739071077899,-0.6939316391075714
30,30,w30,8.009658551957118e10,0.0,2,1.0,0.0,4.255819803408663e-10,-0.830595633348867,-1.0
30,30,w30,8.009658551957118e10,0.0,3,1.0,1.0,-4.876321695228317e-10,-0.035087593668398045,-0.6939329845155543
30,30,w30,8.009658551957118e10,0.0,4,0.0,1.0,-4.255812460272279e-10,-0.8305935392894381,-0.9999978548563127
30,30,w30,8.009658551957118e10,0.0,5,0.2499999999994109,0.0,1.1477186919973033e-9,0.307707069977905,0.5572386430743306
30,30,w30,8.009658551957118e10,0.0,6,0.4999999999986921,0.0,-1.4617492941995128e-9,-0.29409150044064086,-0.5736295426909093
30,30,w30,8.009658551957118e10,0.0,7,0.7499999999993406,0.0,-8.582150387435885e-11,0.5294598207396808,0.9321433170129394
30,30,w30,8.009658551957118e10,0.0,8,1.0,0.2499999999994109,-4.994302104593735e-10,0.5961420158816906,0.31957702372786245
30,30,w30,8.009658551957118e10,0.0,9,1.0,0.4999999999986921,7.980027345099354e-10,0.4284748079044287,0.866940356482651
30,30,w30,8.009658551957118e10,0.0,10,1.0,0.7499999999993406,3.750690633167572e-10,-0.4184191392577271,-0.18774129726760747
30,30,w30,8.009658551957118e10,0.0,11,0.7500000000003471,1.0,-1.14771904489637e-9,0.30770691679973605,0.5572360935828948
30,30,w30,8.009658551957118e10,0.0,12,0.5000000000020595,1.0,1.4617571386416249e-9,-0.2940898712119204,-0.5736299209485577
30,30,w30,8.009658551957118e10,0.0,13,0.2500000000010405,1.0,8.583672894838097e-11,0.5294624635142181,0.9321455113118725
30,30,w30,8.009658551957118e10,0.0,14,0.0,0.7500000000003471,4.9941991084804e-10,0.5961443242092865,0.31957981247047196
30,30,w30,8.009658551957118e10,0.0,15,0.0,0.5000000000020595,-7.980092965420461e-10,0.42847632030579735,0.8669431633632805
30,30,w30,8.009658551957118e10,0.0,16,0.0,0.2500000000010405,-3.7507189659212156e-10,-0.4184189154155859,-0.1877394662908487
30,30,w30,8.009658551957118e10,0.0,17,0.2499999999998184,0.2500000000006332,0.08179133867225079,-0.10776257735787859,-0.039988029599387
30,30,w30,8.009658551957118e10,0.0,18,0.2500000000002257,0.5000000000012177,0.04245822706271809,-0.48558971020182823,-0.8626735081316397
30,30,w30,8.009658551957118e10,0.0,19,0.2500000000006332,0.7500000000000954,-0.032020157458843075,0.07712194066236139,-0.048695929359667295
30,30,w30,8.009658551957118e10,0.0,20,0.4999999999995339,0.2500000000002257,-0.08474974112418049,-0.02185618416558912,0.05206483628359323
30,30,w30,8.009658551957118e10,0.0,21,0.5000000000003757,0.5000000000003757,3.8435579806149474e-7,0.35973937080008217,0.731025766952053
30,30,w30,8.009658551957118e10,0.0,22,0.5000000000012177,0.749999999999844,0.08475031336968937,-0.021856046928091004,0.052064219104208
30,30,w30,8.009658551957118e10,0.0,23,0.7499999999995922,0.2499999999998184,0.0320206135210116,0.07712031087907634,-0.048697780956414354
30,30,w30,8.009658551957118e10,0.0,24,0.749999999999844,0.4999999999995339,-0.042457606230911916,-0.4855905297728232,-0.8626751188139339
30,30,w30,8.009658551957118e10,0.0,25,0.7500000000000953,0.7499999999995921,-0.08179090723750682,-0.10776306086067115,-0.039990247288099044
31,31,w31,8.747519132227274e10,0.0,1,0.0,0.0,-7.985954278177256e-10,0.1632087257034327,0.38383539515160436
31,31,w31,8.747519132227274e10,0.0,2,1.0,0.0,-4.141128781179366e-11,0.41050478610582936,0.6877432586639647
31,31,w31,8.747519132227274e10,0.0,3,1.0,1.0,7.98594814015195e-10,0.1632086867473799,0.383835254759955
31,31,w31,8.747519132227274e10,0.0,4,0.0,1.0,4.141109748542759e-11,0.4105050407340697,0.6877433338406033
31,31,w31,8.747519132227274e10,0.0,5,0.2499999999994109,0.0,1.407322463525285e-8,-0.043528354736293136,0.03988959295191329
31,31,w31,8.747519132227274e10,0.0,6,0.4999999999986921,0.0,-1.8552095055689634e-8,-0.19752416584953478,-0.04646413815369713
31,31,w31,8.747519132227274e10,0.0,7,0.7499999999993406,0.0,1.3014738238624112e-8,-0.08079583337565602,-0.4372284165946473
31,31,w31,8.747519132227274e10,0.0,8,1.0,0.2499999999994109,-7.440427951231477e-9,-0.4432082601765535,-0.19460764048928972
31,31,w31,8.747519132227274e10,0.0,9,1.0,0.4999999999986921,-8.157075020006569e-10,-0.21739127265507724,-0.5618518414430617
31,31,w31,8.747519132227274e10,0.0,10,1.0,0.7499999999993406,8.091293698125098e-9,0.3115898210755009,0.1291701005551297
31,31,w31,8.747519132227274e10,0.0,11,0.7500000000003471,1.0,-1.407322460480063e-8,-0.043528447318484,0.03988943867558022
31,31,w31,8.747519132227274e10,0.0,12,0.5000000000020595,1.0,1.8552096212873942e-8,-0.1975241372108724,-0.04646419565271779
31,31,w31,8.747519132227274e10,0.0,13,0.2500000000010405,1.0,-1.301473720324868e-8,-0.08079571146074213,-0.4372284029301241
31,31,w31,8.747519132227274e10,0.0,14,0.0,0.7500000000003471,7.440426936791946e-9,-0.4432082388810373,-0.19460762603947573
31,31,w31,8.747519132227274e10,0.0,15,0.0,0.5000000000020595,8.157072831253358e-10,-0.21739124037160618,-0.5618518116073855
31,31,w31,8.747519132227274e10,0.0,16,0.0,0.2500000000010405,-8.091293420248603e-9,0.31158986695286794,0.12917021588324304
31,31,w31,8.747519132227274e10,0.0,17,0.2499999999998184,0.2500000000006332,0.7380088521073437,0.05614102059719646,0.07310854920945448
31,31,w31,8.747519132227274e10,0.0,18,0.2500000000002257,0.5000000000012177,0.019227392247239808,0.09142885182028866,0.23501276615800962
31,31,w31,8.747519132227274e10,0.0,19,0.2500000000006332,0.7500000000000954,-0.6816357434804466,-0.06298206980023041,-0.04587274734843119
31,31,w31,8.747519132227274e10,0.0,20,0.4999999999995339,0.2500000000002257,-0.9999999424226251,0.03654253867531917,-0.003624625533937873
31,31,w31,8.747519132227274e10,0.0,21,0.5000000000003757,0.5000000000003757,4.515493984941071e-8,0.14174105311028456,0.018055060771779992
31,31,w31,8.747519132227274e10,0.0,22,0.5000000000012177,0.749999999999844,1.0,0.036542523870810986,-0.003624717883144573
31,31,w31,8.747519132227274e10,0.0,23,0.7499999999995922,0.2499999999998184,0.6816358239671961,-0.06298216096192899,-0.045872809408183716
31,31,w31,8.747519132227274e10,0.0,24,0.749999999999844,0.4999999999995339,-0.019227316220250774,0.09142884897771401,0.2350127230511477
31,31,w31,8.747519132227274e10,0.0,25,0.7500000000000953,0.7499999999995921,-0.7380087932797489,0.056140987608540915,0.07310848012619069
32,32,w32,9.482949631300006e10,0.0,1,0.0,0.0,3.839186372517704e-10,-0.24537541745754649,-0.39980217574933236
32,32,w32,9.482949631300006e10,0.0,2,1.0,0.0,-6.693509264914488e-11,0.895136019033012,0.8503787193157646
32,32,w32,9.482949631300006e10,0.0,3,1.0,1.0,3.839191140955569e-10,0.24537549314421161,0.39980224400604303
32,32,w32,9.482949631300006e10,0.0,4,0.0,1.0,-6.693510660554838e-11,-0.8951359694393035,-0.8503787233445578
32,32,w32,9.482949631300006e10,0.0,5,0.2499999999994109,0.0,-1.4864170557310382e-9,0.12423120025880695,0.5855483272389432
32,32,w32,9.482949631300006e10,0.0,6,0.4999999999986921,0.0,1.3926803230473807e-9,-0.627446639110301,-0.9138969730499866
32,32,w32,9.482949631300006e10,0.0,7,0.7499999999993406,0.0,-4.499677820584741e-9,0.04251367747117467,-0.26240067898146796
32,32,w32,9.482949631300006e10,0.0,8,1.0,0.2499999999994109,3.2633259040136417e-9,-0.23587892942303168,-0.11340003371912649
32,32,w32,9.482949631300006e10,0.0,9,1.0,0.4999999999986921,4.007401043124544e-10,-0.5353480473668315,-0.9999999608492846
32,32,w32,9.482949631300006e10,0.0,10,1.0,0.7499999999993406,6.123641862161383e-10,0.3213576366724661,-0.17000168839297422
32,32,w32,9.482949631300006e10,0.0,11,0.7500000000003471,1.0,-1.486415599612939e-9,-0.12423119706659617,-0.5855483118987325
32,32,w32,9.482949631300006e10,0.0,12,0.5000000000020595,1.0,1.3926768292943698e-9,0.627446594820241,0.9138969261781805
32,32,w32,9.482949631300006e10,0.0,13,0.2500000000010405,1.0,-4.4996762388590095e-9,-0.042513651279224775,0.26240073666100416
32,32,w32,9.482949631300006e10,0.0,14,0.0,0.7500000000003471,3.263324452547677e-9,0.2358788847758647,0.11339998004363264
32,32,w32,9.482949631300006e10,0.0,15,0.0,0.5000000000020595,4.0074098821800984e-10,0.5353480768493442,1.0
32,32,w32,9.482949631300006e10,0.0,16,0.0,0.2500000000010405,6.123653771625708e-10,-0.3213576463229946,0.17000174297796639
32,32,w32,9.482949631300006e10,0.0,17,0.2499999999998184,0.2500000000006332,-0.06421405570056267,-0.16787135269978476,-0.04471084325883487
32,32,w32,9.482949631300006e10,0.0,18,0.2500000000002257,0.5000000000012177,-0.16601476305891366,-0.38623472472953796,-0.6708526886141118
32,32,w32,9.482949631300006e10,0.0,19,0.2500000000006332,0.7500000000000954,-0.2236044269920463,0.16318678176557802,-0.03195574076448242
32,32,w32,9.482949631300006e10,0.0,20,0.4999999999995339,0.2500000000002257,-0.0979906024901939,-0.11312240886192003,-0.43817025074124194
32,32,w32,9.482949631300006e10,0.0,21,0.5000000000003757,0.5000000000003757,-0.1778301685280886,1.6931163387381966e-8,3.468445543585497e-8
32,32,w32,9.482949631300006e10,0.0,22,0.5000000000012177,0.749999999999844,-0.09799071893653094,0.11312245660152362,0.438170287963902
32,32,w32,9.482949631300006e10,0.0,23,0.7499999999995922,0.2499999999998184,-0.22360449845896593,-0.16318677066279522,0.03195577533841811
32,32,w32,9.482949631300006e10,0.0,24,0.749999999999844,0.4999999999995339,-0.16601475691940007,0.3862347444675082,0.6708526719205857
32,32,w32,9.482949631300006e10,0.0,25,0.7500000000000953,0.7499999999995921,-0.06421397625616111,0.1678713599847694,0.044710836366360814
33,33,w33,1.1597931104614134e11,0.0,1,0.0,0.0,2.520311776495053e-10,0.09055893749596279,-0.3854035329926001
33,33,w33,1.1597931104614134e11,0.0,2,1.0,0.0,-8.710425741679285e-10,0.42479354159811367,0.9999999542435091
33,33,w33,1.1597931104614134e11,0.0,3,1.0,1.0,2.520313292395874e-10,-0.09055880784700363,0.38540350998934875
33,33,w33,1.1597931104614134e11,0.0,4,0.0,1.0,-8.710428605047501e-10,-0.4247934398454528,-1.0
33,33,w33,1.1597931104614134e11,0.0,5,0.2499999999994109,0.0,5.1704797944477214e-9,0.2888369016930022,-0.07447451100338144
33,33,w33,1.1597931104614134e11,0.0,6,0.4999999999986921,0.0,5.925540779973829e-9,0.23625216432413979,0.061502639360268695
33,33,w33,1.1597931104614134e11,0.0,7,0.7499999999993406,0.0,1.0262988876468028e-9,0.5643461709359273,0.8953750803516174
33,33,w33,1.1597931104614134e11,0.0,8,1.0,0.2499999999994109,-1.9011127788283858e-9,0.20008781001316156,0.9450555052754315
33,33,w33,1.1597931104614134e11,0.0,9,1.0,0.4999999999986921,-5.137302654337219e-9,-0.2566091671830733,0.4105316013361105
33,33,w33,1.1597931104614134e11,0.0,10,1.0,0.7499999999993406,-4.464893045046215e-9,-0.18154464622535424,0.23956818059652016
33,33,w33,1.1597931104614134e11,0.0,11,0.7500000000003471,1.0,5.170479727074352e-9,-0.2888368730421191,0.07447445280453607
33,33,w33,1.1597931104614134e11,0.0,12,0.5000000000020595,1.0,5.925541933742787e-9,-0.23625214883385512,-0.06150265279007403
33,33,w33,1.1597931104614134e11,0.0,13,0.2500000000010405,1.0,1.0262988792251316e-9,-0.5643461264577512,-0.8953750939597284
33,33,w33,1.1597931104614134e11,0.0,14,0.0,0.7500000000003471,-1.901113486248769e-9,-0.20008774618189268,-0.9450555341624265
33,33,w33,1.1597931104614134e11,0.0,15,0.0,0.5000000000020595,-5.137302393265411e-9,0.2566092350660825,-0.4105316377399733
33,33,w33,1.1597931104614134e11,0.0,16,0.0,0.2500000000010405,-4.464892809239421e-9,0.1815446842041313,-0.2395682254338323
33,33,w33,1.1597931104614134e11,0.0,17,0.2499999999998184,0.2500000000006332,0.3206013882391699,0.06822491392544637,-0.3221326456167643
33,33,w33,1.1597931104614134e11,0.0,18,0.2500000000002257,0.5000000000012177,0.4361512247312444,0.06143980727517533,-0.5136653394211105
33,33,w33,1.1597931104614134e11,0.0,19,0.2500000000006332,0.7500000000000954,0.2991163109547802,-0.04329917658613441,-0.6155391587151223
33,33,w33,1.1597931104614134e11,0.0,20,0.4999999999995339,0.2500000000002257,0.4495809005837918,0.08025990778149591,0.13816023726676172
33,33,w33,1.1597931104614134e11,0.0,21,0.5000000000003757,0.5000000000003757,0.6449327660747137,8.430931511003182e-9,-2.2702579834583316e-8
33,33,w33,1.1597931104614134e11,0.0,22,0.5000000000012177,0.749999999999844,0.44958090857043753,-0.0802598413299308,-0.13816023593970161
33,33,w33,1.1597931104614134e11,0.0,23,0.7499999999995922,0.2499999999998184,0.2991162999817175,0.0432992164510325,0.6155391288187659
33,33,w33,1.1597931104614134e11,0.0,24,0.749999999999844,0.4999999999995339,0.43615122585634075,-0.0614397201524909,0.5136653437238745
33,33,w33,1.1597931104614134e11,0.0,25,0.7500000000000953,0.7499999999995921,0.32060140445984203,-0.06822486527698643,0.32213263492953537
34,34,w34,1.197334114846281e11,0.0,1,0.0,0.0,2.715146213426559e-10,-0.3920438176334143,-0.4610346815547056
34,34,w34,1.197334114846281e11,0.0,2,1.0,0.0,4.339906285631489e-10,-0.8587892350848043,-0.9999999732745911
34,34,w34,1.197334114846281e11,0.0,3,1.0,1.0,2.7151468933766773e-10,0.39204380274125644,0.4610348454411246
34,34,w34,1.197334114846281e11,0.0,4,0.0,1.0,4.339908212156823e-10,0.8587890458264597,1.0
34,34,w34,1.197334114846281e11,0.0,5,0.2499999999994109,0.0,-8.355593089749113e-11,0.36355024898750116,0.5581171483882834
34,34,w34,1.197334114846281e11,0.0,6,0.4999999999986921,0.0,-4.660476962159653e-9,-0.5515403870716676,-0.6413578903229562
34,34,w34,1.197334114846281e11,0.0,7,0.7499999999993406,0.0,3.3028623784891763e-9,0.5414157695084049,0.5769744934438229
34,34,w34,1.197334114846281e11,0.0,8,1.0,0.2499999999994109,-3.490544238576301e-9,0.5935488274867657,0.41572643300040535
34,34,w34,1.197334114846281e11,0.0,9,1.0,0.4999999999986921,4.83562995654694e-9,-0.22287519347132054,-0.20225633547759148
34,34,w34,1.197334114846281e11,0.0,10,1.0,0.7499999999993406,-6.094211020942126e-10,-0.12763797311410652,-0.4032690338037381
34,34,w34,1.197334114846281e11,0.0,11,0.7500000000003471,1.0,-8.35551262898515e-11,-0.36355031541287813,-0.5581171172040338
34,34,w34,1.197334114846281e11,0.0,12,0.5000000000020595,1.0,-4.660477528784752e-9,0.5515402939552174,0.641357889736328
34,34,w34,1.197334114846281e11,0.0,13,0.2500000000010405,1.0,3.30286276733565e-9,-0.5414158502908362,-0.5769744281488511
34,34,w34,1.197334114846281e11,0.0,14,0.0,0.7500000000003471,-3.490543479298669e-9,-0.5935489592551476,-0.41572639307686216
34,34,w34,1.197334114846281e11,0.0,15,0.0,0.5000000000020595,4.835630154865724e-9,0.22287507598106715,0.20225633546613295
34,34,w34,1.197334114846281e11,0.0,16,0.0,0.2500000000010405,-6.094214647342756e-10,0.1276379556367462,0.4032691304375327
34,34,w34,1.197334114846281e11,0.0,17,0.2499999999998184,0.2500000000006332,-0.04936932004408496,-0.362063755846812,-0.3675890786734678
34,34,w34,1.197334114846281e11,0.0,18,0.2500000000002257,0.5000000000012177,-0.2142469461039224,0.01536109196697992,0.13201880016941023
34,34,w34,1.197334114846281e11,0.0,19,0.2500000000006332,0.7500000000000954,0.09515229136398458,0.45417275026118314,0.682353712244693
34,34,w34,1.197334114846281e11,0.0,20,0.4999999999995339,0.2500000000002257,-0.21837937220428494,0.38263672345829003,0.45528123643011403
34,34,w34,1.197334114846281e11,0.0,21,0.5000000000003757,0.5000000000003757,0.034598799175094876,-1.573069402893892e-8,6.210532333729603e-8
34,34,w34,1.197334114846281e11,0.0,22,0.5000000000012177,0.749999999999844,-0.2183793856249046,-0.3826368124031974,-0.45528119555230956
34,34,w34,1.197334114846281e11,0.0,23,0.7499999999995922,0.2499999999998184,0.09515228622014413,-0.4541728907295964,-0.6823536894849672
34,34,w34,1.197334114846281e11,0.0,24,0.749999999999844,0.4999999999995339,-0.21424695778994948,-0.015361179299940941,-0.13201876728589415
34,34,w34,1.197334114846281e11,0.0,25,0.7500000000000953,0.7499999999995921,-0.049369318287904744,0.3620637411445923,0.3675891520166549
35,35,w35,1.2538823490736995e11,0.0,1,0.0,0.0,-4.269792184109429e-10,0.1827228340530677,-0.028238116760250065
35,35,w35,1.2538823490736995e11,0.0,2,1.0,0.0,4.2309531366156426e-10,-0.5245879219156934,-0.9971503058075206
35,35,w35,1.2538823490736995e11,0.0,3,1.0,1.0,-4.2697945209871654e-10,-0.1827227492003354,0.02823845730926115
35,35,w35,1.2538823490736995e11,0.0,4,0.0,1.0,4.230959972854991e-10,0.5245878184242107,0.9971501419391176
35,35,w35,1.2538823490736995e11,0.0,5,0.2499999999994109,0.0,1.9298750864047943e-8,0.23037478393949207,0.18403580687538446
35,35,w35,1.2538823490736995e11,0.0,6,0.4999999999986921,0.0,-2.058123436041551e-9,-0.03846542912931823,0.3960838105036248
35,35,w35,1.2538823490736995e11,0.0,7,0.7499999999993406,0.0,-1.6553322973530673e-8,-0.16149429631863074,-0.08429502800378685
35,35,w35,1.2538823490736995e11,0.0,8,1.0,0.2499999999994109,1.6118901308759423e-8,0.3869191578078329,-0.015468034994966635
35,35,w35,1.2538823490736995e11,0.0,9,1.0,0.4999999999986921,2.2775167500466683e-9,0.2156518682433637,0.47379345865400063
35,35,w35,1.2538823490736995e11,0.0,10,1.0,0.7499999999993406,-1.9079837822016117e-8,-0.25463057656774724,0.02769478497411044
35,35,w35,1.2538823490736995e11,0.0,11,0.7500000000003471,1.0,1.929875103146605e-8,-0.23037483698114306,-0.1840358614488671
35,35,w35,1.2538823490736995e11,0.0,12,0.5000000000020595,1.0,-2.058122954714495e-9,0.0384654808116183,-0.39608380168888957
35,35,w35,1.2538823490736995e11,0.0,13,0.2500000000010405,1.0,-1.6553323615300082e-8,0.16149435993279723,0.08429504184089867
35,35,w35,1.2538823490736995e11,0.0,14,0.0,0.7500000000003471,1.6118901057632263e-8,-0.386919047693545,0.015468070314286998
35,35,w35,1.2538823490736995e11,0.0,15,0.0,0.5000000000020595,2.277516668081554e-9,-0.215651977119954,-0.4737935343165308
35,35,w35,1.2538823490736995e11,0.0,16,0.0,0.2500000000010405,-1.907983913345795e-8,0.254630609374093,-0.027694748548963036
35,35,w35,1.2538823490736995e11,0.0,17,0.2499999999998184,0.2500000000006332,1.0,-0.05423452903725796,-0.05406048058916025
35,35,w35,1.2538823490736995e11,0.0,18,0.2500000000002257,0.5000000000012177,-0.04437801058639865,-0.08796836816501505,0.0008902545398625665
35,35,w35,1.2538823490736995e11,0.0,19,0.2500000000006332,0.7500000000000954,-0.9352194582961556,-0.0725447862485079,0.15846440670979
35,35,w35,1.2538823490736995e11,0.0,20,0.4999999999995339,0.2500000000002257,-0.04434255961256397,0.005343655087592598,0.29555882348637436
35,35,w35,1.2538823490736995e11,0.0,21,0.5000000000003757,0.5000000000003757,0.03693687355809038,7.026002248527908e-8,4.9241452617706455e-8
35,35,w35,1.2538823490736995e11,0.0,22,0.5000000000012177,0.749999999999844,-0.044342554631850904,-0.00534368123732763,-0.29555884985639774
35,35,w35,1.2538823490736995e11,0.0,23,0.7499999999995922,0.2499999999998184,-0.9352194523662553,0.07254473791023108,-0.15846450275778845
35,35,w35,1.2538823490736995e11,0.0,24,0.749999999999844,0.4999999999995339,-0.04437801746740356,0.0879683625253471,-0.0008902851237117981
35,35,w35,1.2538823490736995e11,0.0,25,0.7500000000000953,0.7499999999995921,0.9999999783019676,0.05423466505723352,0.05406058280646304
36,36,w36,1.2825150794979086e11,0.0,1,0.0,0.0,2.637769874025532e-10,-0.22367119215843298,-0.18899420073941964
36,36,w36,1.2825150794979086e11,0.0,2,1.0,0.0,9.436664932299069e-11,-0.6650496520732462,-0.9425821114288303
36,36,w36,1.2825150794979086e11,0.0,3,1.0,1.0,2.637794563588732e-10,0.22367168934572718,0.18899553286945378
36,36,w36,1.2825150794979086e11,0.0,4,0.0,1.0,9.436763195700208e-11,0.665049268856377,0.9425817978527262
36,36,w36,1.2825150794979086e11,0.0,5,0.2499999999994109,0.0,-1.4091517247767708e-8,0.12693324590296826,0.15118112585852805
36,36,w36,1.2825150794979086e11,0.0,6,0.4999999999986921,0.0,1.8895174652849794e-8,-0.12665862343465328,-0.2080279233194097
36,36,w36,1.2825150794979086e11,0.0,7,0.7499999999993406,0.0,-1.412854640369427e-8,0.2680420140046316,0.4660333494523309
36,36,w36,1.2825150794979086e11,0.0,8,1.0,0.2499999999994109,1.4333283906666903e-8,0.5184933070901822,0.45277642980175037
36,36,w36,1.2825150794979086e11,0.0,9,1.0,0.4999999999986921,-1.894824739357488e-8,-0.1922158921158437,-0.11565033486307018
36,36,w36,1.2825150794979086e11,0.0,10,1.0,0.7499999999993406,1.3581706423137813e-8,-0.05219090333261483,-0.20131384425401366
36,36,w36,1.2825150794979086e11,0.0,11,0.7500000000003471,1.0,-1.4091516851886379e-8,-0.1269336059452977,-0.15118114898908702
36,36,w36,1.2825150794979086e11,0.0,12,0.5000000000020595,1.0,1.889517425696847e-8,0.12665810179360118,0.20802752014795592
36,36,w36,1.2825150794979086e11,0.0,13,0.2500000000010405,1.0,-1.4128546912684548e-8,-0.26804211145742773,-0.4660333765423231
36,36,w36,1.2825150794979086e11,0.0,14,0.0,0.7500000000003471,1.4333284488117605e-8,-0.5184934282956772,-0.45277651602012026
36,36,w36,1.2825150794979086e11,0.0,15,0.0,0.5000000000020595,-1.8948245668663377e-8,0.19221551416944202,0.11564996737640408
36,36,w36,1.2825150794979086e11,0.0,16,0.0,0.2500000000010405,1.358170621426181e-8,0.05219124598103727,0.20131431173649145
36,36,w36,1.2825150794979086e11,0.0,17,0.2499999999998184,0.2500000000006332,-0.4748063613616188,-0.10339974808042389,-0.14377819992776872
36,36,w36,1.2825150794979086e11,0.0,18,0.2500000000002257,0.5000000000012177,0.6291252339226903,-0.0025779999205451445,0.04999076301931813
36,36,w36,1.2825150794979086e11,0.0,19,0.2500000000006332,0.7500000000000954,-0.5120178343134099,0.2469949916927896,0.44689937504460553
36,36,w36,1.2825150794979086e11,0.0,20,0.4999999999995339,0.2500000000002257,0.6243713268493689,0.10785480683577352,0.249947695697477
36,36,w36,1.2825150794979086e11,0.0,21,0.5000000000003757,0.5000000000003757,-1.0,2.909173621257981e-7,2.706758434930024e-7
36,36,w36,1.2825150794979086e11,0.0,22,0.5000000000012177,0.749999999999844,0.6243713036286037,-0.10785485171393541,-0.24994769669967284
36,36,w36,1.2825150794979086e11,0.0,23,0.7499999999995922,0.2499999999998184,-0.5120178553160106,-0.24699538861543693,-0.44689970197290696
36,36,w36,1.2825150794979086e11,0.0,24,0.749999999999844,0.4999999999995339,0.6291252434837008,0.0025780987556262795,-0.04999069616997989
36,36,w36,1.2825150794979086e11,0.0,25,0.7500000000000953,0.7499999999995921,-0.4748063491818155,0.10340019517636737,0.14377858922553313
37,37,w37,1.2985818119121776e11,0.0,1,0.0,0.0,-1.7250827053349438e-9,0.47016519790636396,1.0
37,37,w37,1.2985818119121776e11,0.0,2,1.0,0.0,4.146852267481227e-11,-0.20862080931731053,-0.23432035184048242
37,37,w37,1.2985818119121776e11,0.0,3,1.0,1.0,1.7250829511164698e-9,0.4701652169831341,0.9999999379683735
37,37,w37,1.2985818119121776e11,0.0,4,0.0,1.0,-4.146846568199463e-11,-0.20862114872144277,-0.23432070959345688
37,37,w37,1.2985818119121776e11,0.0,5,0.2499999999994109,0.0,3.86097177036597e-10,-0.2772146151411363,-0.14207910186011372
37,37,w37,1.2985818119121776e11,0.0,6,0.4999999999986921,0.0,8.719410320376663e-10,-0.3833978388063998,-0.36798221536071474
37,37,w37,1.2985818119121776e11,0.0,7,0.7499999999993406,0.0,1.004812298946977e-10,-0.00027107212904347076,0.006627686208806011
37,37,w37,1.2985818119121776e11,0.0,8,1.0,0.2499999999994109,-1.6918109716210978e-10,-0.05691998067854726,-0.07024276702889207
37,37,w37,1.2985818119121776e11,0.0,9,1.0,0.4999999999986921,-7.685797128478613e-10,-0.3268800070786269,-0.3515314748460311
37,37,w37,1.2985818119121776e11,0.0,10,1.0,0.7499999999993406,-5.387710009486478e-10,0.25649594017338145,0.23929062029187775
37,37,w37,1.2985818119121776e11,0.0,11,0.7500000000003471,1.0,-3.8609271734861624e-10,-0.2772144713021315,-0.14207897323281096
37,37,w37,1.2985818119121776e11,0.0,12,0.5000000000020595,1.0,-8.719464534794449e-10,-0.3833979157331414,-0.3679823568873212
37,37,w37,1.2985818119121776e11,0.0,13,0.2500000000010405,1.0,-1.0047808104152278e-10,-0.00027095433461336936,0.006627868489292346
37,37,w37,1.2985818119121776e11,0.0,14,0.0,0.7500000000003471,1.6917816381302658e-10,-0.056919749355204004,-0.07024256634551013
37,37,w37,1.2985818119121776e11,0.0,15,0.0,0.5000000000020595,7.685849846834934e-10,-0.32688006786093476,-0.3515315160686449
37,37,w37,1.2985818119121776e11,0.0,16,0.0,0.2500000000010405,5.387668921227006e-10,0.2564958967544813,0.2392905019761169
37,37,w37,1.2985818119121776e11,0.0,17,0.2499999999998184,0.2500000000006332,-0.006848138405805497,0.3594028833320256,0.23946107096987593
37,37,w37,1.2985818119121776e11,0.0,18,0.2500000000002257,0.5000000000012177,-0.009808996339332555,0.05726621756498512,0.010161222099877456
37,37,w37,1.2985818119121776e11,0.0,19,0.2500000000006332,0.7500000000000954,0.01426638095030751,-0.2942275636171124,-0.27202677553433163
37,37,w37,1.2985818119121776e11,0.0,20,0.4999999999995339,0.2500000000002257,0.010499250638486427,-0.018311483331079594,-0.026959625954820456
37,37,w37,1.2985818119121776e11,0.0,21,0.5000000000003757,0.5000000000003757,1.292865659524049e-7,0.44915506401933736,0.40180524601388407
37,37,w37,1.2985818119121776e11,0.0,22,0.5000000000012177,0.749999999999844,-0.010499426482914196,-0.018311393557695115,-0.02695950946620367
37,37,w37,1.2985818119121776e11,0.0,23,0.7499999999995922,0.2499999999998184,-0.014266282585654686,-0.2942274510701245,-0.2720265850758939
37,37,w37,1.2985818119121776e11,0.0,24,0.749999999999844,0.4999999999995339,0.009808820716123783,0.057266187729074484,0.010161224778370817
37,37,w37,1.2985818119121776e11,0.0,25,0.7500000000000953,0.7499999999995921,0.006848288644020015,0.3594028439047367,0.2394610013165383
38,38,w38,1.503548536053882e11,0.0,1,0.0,0.0,-2.0094767181627356e-16,0.9999995530247363,0.9999998298685618
38,38,w38,1.503548536053882e11,0.0,2,1.0,0.0,2.24588574382894e-16,0.9999994569121345,0.9999994495436322
38,38,w38,1.503548536053882e11,0.0,3,1.0,1.0,1.5366586668303274e-16,0.9999996575882971,0.9999998961781749
38,38,w38,1.503548536053882e11,0.0,4,0.0,1.0,6.73765723148682e-16,0.9999998739564249,0.9999999606438771
38,38,w38,1.503548536053882e11,0.0,5,0.2499999999994109,0.0,-7.32867979565233e-16,-0.9999998126811618,-0.9999996532541928
38,38,w38,1.503548536053882e11,0.0,6,0.4999999999986921,0.0,-1.572120020680258e-15,0.9999996581200516,0.9999997649078862
38,38,w38,1.503548536053882e11,0.0,7,0.7499999999993406,0.0,1.1584042257644006e-15,-0.9999995246184687,-0.9999994734492317
38,38,w38,1.503548536053882e11,0.0,8,1.0,0.2499999999994109,-1.2160289257705378e-15,-0.9999994144062391,-0.9999994506599414
38,38,w38,1.503548536053882e11,0.0,9,1.0,0.4999999999986921,9.456361026648167e-16,0.9999995555101829,0.9999997131941548
38,38,w38,1.503548536053882e11,0.0,10,1.0,0.7499999999993406,-1.8912722053296336e-16,-0.9999999143564783,-0.9999997813499838
38,38,w38,1.503548536053882e11,0.0,11,0.7500000000003471,1.0,5.792021128822003e-16,-0.9999998755114604,-0.9999997915475037
38,38,w38,1.503548536053882e11,0.0,12,0.5000000000020595,1.0,-3.7529932824509917e-16,0.9999999807571399,1.0
38,38,w38,1.503548536053882e11,0.0,13,0.2500000000010405,1.0,1.4568706206679834e-15,-0.999999594140376,-0.9999996259687645
38,38,w38,1.503548536053882e11,0.0,14,0.0,0.7500000000003471,-1.6495301244945922e-15,-0.9999996175714646,-0.9999995371973996
38,38,w38,1.503548536053882e11,0.0,15,0.0,0.5000000000020595,1.0845264052437118e-15,0.9999996597844342,0.9999998245255265
38,38,w38,1.503548536053882e11,0.0,16,0.0,0.2500000000010405,5.407856462114421e-16,-0.9999999197141031,-0.9999996731101541
38,38,w38,1.503548536053882e11,0.0,17,0.2499999999998184,0.2500000000006332,-2.9682344635464827e-8,0.9999996110913079,0.9999997746398223
38,38,w38,1.503548536053882e11,0.0,18,0.2500000000002257,0.5000000000012177,-3.151927727469876e-8,-0.9999997383120632,-0.9999995849951464
38,38,w38,1.503548536053882e11,0.0,19,0.2500000000006332,0.7500000000000954,3.821660253833947e-8,0.9999998347229188,0.9999999229400782
38,38,w38,1.503548536053882e11,0.0,20,0.4999999999995339,0.2500000000002257,-6.166097470032684e-8,-0.9999996604580668,-0.9999995665740555
38,38,w38,1.503548536053882e11,0.0,21,0.5000000000003757,0.5000000000003757,2.282907899617447e-10,0.9999996667003388,0.9999997528968906
38,38,w38,1.503548536053882e11,0.0,22,0.5000000000012177,0.749999999999844,-2.7775387645783683e-8,-0.9999998072722687,-0.9999997034409956
38,38,w38,1.503548536053882e11,0.0,23,0.7499999999995922,0.2499999999998184,1.6176899738741083e-8,0.9999996023849399,0.9999996024040021
38,38,w38,1.503548536053882e11,0.0,24,0.749999999999844,0.4999999999995339,-4.71899389026754e-8,-0.9999997351782034,-0.9999996324677757
38,38,w38,1.503548536053882e11,0.0,25,0.7500000000000953,0.7499999999995921,-1.4979573633360176e-8,0.9999997173714646,0.9999998687495898
39,39,w39,1.560922915762259e11,0.0,1,0.0,0.0,1.4307548375637636e-9,0.05241116696470681,-0.2953590170408307
39,39,w39,1.560922915762259e11,0.0,2,1.0,0.0,-1.7104458743291932e-10,-0.41464068804688536,-0.3337410425776943
39,39,w39,1.560922915762259e11,0.0,3,1.0,1.0,-1.4307547667829263e-9,0.05241110297051186,-0.29535890382843283
39,39,w39,1.560922915762259e11,0.0,4,0.0,1.0,1.7104438464582068e-10,-0.4146407574788508,-0.33374104413559197
39,39,w39,1.560922915762259e11,0.0,5,0.2499999999994109,0.0,1.0765948466490899e-9,-0.5381062318346252,-0.847537026989213
39,39,w39,1.560922915762259e11,0.0,6,0.4999999999986921,0.0,-3.3654276453676563e-9,0.7309541754370765,0.6542841487866516
39,39,w39,1.560922915762259e11,0.0,7,0.7499999999993406,0.0,3.525880702628899e-10,0.7611544044922317,0.6928065363232895
39,39,w39,1.560922915762259e11,0.0,8,1.0,0.2499999999994109,1.183648801817764e-10,1.0,0.9293905524268072
39,39,w39,1.560922915762259e11,0.0,9,1.0,0.4999999999986921,3.1566089435102424e-9,-0.15120415339002696,-0.026637531529087426
39,39,w39,1.560922915762259e11,0.0,10,1.0,0.7499999999993406,-1.4446566271739762e-9,-0.7485399213436035,-0.9686327749031111
39,39,w39,1.560922915762259e11,0.0,11,0.7500000000003471,1.0,-1.076594348351996e-9,-0.5381062844742324,-0.8475370202534757
39,39,w39,1.560922915762259e11,0.0,12,0.5000000000020595,1.0,3.365428228601755e-9,0.7309541859435104,0.6542842411090097
39,39,w39,1.560922915762259e11,0.0,13,0.2500000000010405,1.0,-3.5258818351222943e-10,0.7611541881065709,0.692806346102004
39,39,w39,1.560922915762259e11,0.0,14,0.0,0.7500000000003471,-1.1836516330512532e-10,0.9999999473105202,0.9293904128962442
39,39,w39,1.560922915762259e11,0.0,15,0.0,0.5000000000020595,-3.1566098948046948e-9,-0.15120400385735588,-0.0266375132361896
39,39,w39,1.560922915762259e11,0.0,16,0.0,0.2500000000010405,1.444655868403401e-9,-0.7485398567910292,-0.9686328304806388
39,39,w39,1.560922915762259e11,0.0,17,0.2499999999998184,0.2500000000006332,-0.008072911236676781,0.010151509795483146,0.05830916055253865
39,39,w39,1.560922915762259e11,0.0,18,0.2500000000002257,0.5000000000012177,0.06494703704565416,-0.12530067832465733,0.0627658105179712
39,39,w39,1.560922915762259e11,0.0,19,0.2500000000006332,0.7500000000000954,-0.027455145779426534,-0.019368111448622258,-0.05570797485207527
39,39,w39,1.560922915762259e11,0.0,20,0.4999999999995339,0.2500000000002257,-0.0429333284794982,-0.11195326146407235,0.03422093754210054
39,39,w39,1.560922915762259e11,0.0,21,0.5000000000003757,0.5000000000003757,3.6762685996604743e-8,-0.3802027345080733,-0.3182993654066426
39,39,w39,1.560922915762259e11,0.0,22,0.5000000000012177,0.749999999999844,0.042933374517748216,-0.11195333893861867,0.03422085680669172
39,39,w39,1.560922915762259e11,0.0,23,0.7499999999995922,0.2499999999998184,0.027455179966869577,-0.019368163278974882,-0.05570799649512988
39,39,w39,1.560922915762259e11,0.0,24,0.749999999999844,0.4999999999995339,-0.06494699200890486,-0.1253007324741404,0.06276585594107192
39,39,w39,1.560922915762259e11,0.0,25,0.7500000000000953,0.7499999999995921,0.008072947507545046,0.010151490228297455,0.05830923492737815
40,40,w40,1.905395637966596e11,0.0,1,0.0,0.0,1.2996447238358716e-9,-0.34898268603111554,-0.507728918730318
40,40,w40,1.905395637966596e11,0.0,2,1.0,0.0,2.348476129519805e-10,0.9999995161462492,0.8376413551387318
40,40,w40,1.905395637966596e11,0.0,3,1.0,1.0,-1.2996459601923585e-9,-0.3489832330014589,-0.5077291604331671
40,40,w40,1.905395637966596e11,0.0,4,0.0,1.0,-2.348476505421611e-10,1.0,0.8376415440643831
40,40,w40,1.905395637966596e11,0.0,5,0.2499999999994109,0.0,1.1370476542154015e-9,-0.22976274805691788,-0.3878656904905498
40,40,w40,1.905395637966596e11,0.0,6,0.4999999999986921,0.0,-1.1042798550887274e-9,0.0018313150799409961,-0.13249756580202235
40,40,w40,1.905395637966596e11,0.0,7,0.7499999999993406,0.0,-4.8596704164154424e-9,0.6088996364315622,0.49909072965681694
40,40,w40,1.905395637966596e11,0.0,8,1.0,0.2499999999994109,5.903436766689172e-9,0.20106949711666378,0.22358144777715228
40,40,w40,1.905395637966596e11,0.0,9,1.0,0.4999999999986921,-9.918813222833506e-10,-0.37583068459017416,-0.3735237984889784
40,40,w40,1.905395637966596e11,0.0,10,1.0,0.7499999999993406,-9.371314158384963e-10,-0.3103810839690465,-0.42475742101166986
40,40,w40,1.905395637966596e11,0.0,11,0.7500000000003471,1.0,-1.1370472958213512e-9,-0.2297628460333248,-0.3878656515391825
40,40,w40,1.905395637966596e11,0.0,12,0.5000000000020595,1.0,1.104279126457145e-9,0.0018313231627952952,-0.13249756181054773
40,40,w40,1.905395637966596e11,0.0,13,0.2500000000010405,1.0,4.859670729495303e-9,0.6088998025623947,0.49909074843382345
40,40,w40,1.905395637966596e11,0.0,14,0.0,0.7500000000003471,-5.9034369973795955e-9,0.2010693088245865,0.22358131772466763
40,40,w40,1.905395637966596e11,0.0,15,0.0,0.5000000000020595,9.918825581249037e-10,-0.3758307819369853,-0.3735238283747588
40,40,w40,1.905395637966596e11,0.0,16,0.0,0.2500000000010405,9.371318936972302e-10,-0.3103811807150314,-0.42475753654896425
40,40,w40,1.905395637966596e11,0.0,17,0.2499999999998184,0.2500000000006332,-0.010084719657810421,-0.3335565435734353,-0.3617555505248682
40,40,w40,1.905395637966596e11,0.0,18,0.2500000000002257,0.5000000000012177,-0.002240585776765782,-0.09392445658294217,0.001068048823213464
40,40,w40,1.905395637966596e11,0.0,19,0.2500000000006332,0.7500000000000954,0.1030058067051595,0.26935476124050894,0.36875506966620153
40,40,w40,1.905395637966596e11,0.0,20,0.4999999999995339,0.2500000000002257,-0.06298814854396742,-0.0409883200269001,0.04390739556495827
40,40,w40,1.905395637966596e11,0.0,21,0.5000000000003757,0.5000000000003757,-6.74976779548811e-9,0.1768946474271423,0.3270662206695782
40,40,w40,1.905395637966596e11,0.0,22,0.5000000000012177,0.749999999999844,0.0629881411758582,-0.04098830694442233,0.04390737424778786
40,40,w40,1.905395637966596e11,0.0,23,0.7499999999995922,0.2499999999998184,-0.1030058063830998,0.26935467288746273,0.36875500855302734
40,40,w40,1.905395637966596e11,0.0,24,0.749999999999844,0.4999999999995339,0.0022405700145876365,-0.09392418629262891,0.0010682154983880485
40,40,w40,1.905395637966596e11,0.0,25,0.7500000000000953,0.7499999999995921,0.01008471590926725,-0.3335566565163036,-0.36175563448432463
41,41,w41,1.9099566578560406e11,0.0,1,0.0,0.0,-6.044946092052299e-10,0.999998073408268,0.8658822921165441
41,41,w41,1.9099566578560406e11,0.0,2,1.0,0.0,-3.6800036337752746e-10,-0.61041161484871,-0.49012468307205664
41,41,w41,1.9099566578560406e11,0.0,3,1.0,1.0,-6.045019887691737e-10,-1.0,-0.8658852095858832
41,41,w41,1.9099566578560406e11,0.0,4,0.0,1.0,-3.6800185722958765e-10,0.6104173304664946,0.4901293775991624
41,41,w41,1.9099566578560406e11,0.0,5,0.2499999999994109,0.0,1.6808064419851443e-9,-0.6965763750827304,-0.6160044301259471
41,41,w41,1.9099566578560406e11,0.0,6,0.4999999999986921,0.0,-1.972407159989781e-9,0.06636928758149385,0.11264043321600377
41,41,w41,1.9099566578560406e11,0.0,7,0.7499999999993406,0.0,1.277348243597924e-9,0.4272917731525281,0.3182037003613757
41,41,w41,1.9099566578560406e11,0.0,8,1.0,0.2499999999994109,-2.3441648189719125e-10,0.6241089488576274,0.5126418767184592
41,41,w41,1.9099566578560406e11,0.0,9,1.0,0.4999999999986921,4.715895318178739e-10,-0.692068457087575,-0.5759931494348087
41,41,w41,1.9099566578560406e11,0.0,10,1.0,0.7499999999993406,-2.504230382269593e-10,0.8767009951573794,0.753500028506845
41,41,w41,1.9099566578560406e11,0.0,11,0.7500000000003471,1.0,1.6807999088286453e-9,0.6965751005278716,0.6160021830951165
41,41,w41,1.9099566578560406e11,0.0,12,0.5000000000020595,1.0,-1.9724009725719683e-9,-0.06636925704090328,-0.11264122949091504
41,41,w41,1.9099566578560406e11,0.0,13,0.2500000000010405,1.0,1.2773751971494454e-9,-0.42728833900245256,-0.3182009439755486
41,41,w41,1.9099566578560406e11,0.0,14,0.0,0.7500000000003471,-2.3444951951185915e-10,-0.6241077834825606,-0.5126406914531314
41,41,w41,1.9099566578560406e11,0.0,15,0.0,0.5000000000020595,4.715946004774844e-10,0.6920664291370114,0.5759909749869656
41,41,w41,1.9099566578560406e11,0.0,16,0.0,0.2500000000010405,-2.504182859508638e-10,-0.876702662979747,-0.7535024602906184
41,41,w41,1.9099566578560406e11,0.0,17,0.2499999999998184,0.2500000000006332,0.023059394912236884,0.6288553058068338,0.5104341900850052
41,41,w41,1.9099566578560406e11,0.0,18,0.2500000000002257,0.5000000000012177,-0.019983546908656794,-0.5835367906949633,-0.46214573264857794
41,41,w41,1.9099566578560406e11,0.0,19,0.2500000000006332,0.7500000000000954,0.01152610594773686,0.4952392889207209,0.39906960684446746
41,41,w41,1.9099566578560406e11,0.0,20,0.4999999999995339,0.2500000000002257,-0.024909864099144086,0.03187986013658359,0.02475954536156297
41,41,w41,1.9099566578560406e11,0.0,21,0.5000000000003757,0.5000000000003757,0.033384953061020434,5.576503451073237e-7,9.135634087619455e-7
41,41,w41,1.9099566578560406e11,0.0,22,0.5000000000012177,0.749999999999844,-0.02490951109252066,-0.031880045442061716,-0.024759352172012163
41,41,w41,1.9099566578560406e11,0.0,23,0.7499999999995922,0.2499999999998184,0.01152553621549089,-0.4952377158060943,-0.3990675687109269
41,41,w41,1.9099566578560406e11,0.0,24,0.749999999999844,0.4999999999995339,-0.019983537013485965,0.5835363480257583,0.46214568896037855
41,41,w41,1.9099566578560406e11,0.0,25,0.7500000000000953,0.7499999999995921,0.023059452819212376,-0.6288570966952798,-0.5104362653399414
42,42,w42,2.322015984497727e11,0.0,1,0.0,0.0,2.355893867292613e-10,-0.13136631070552637,-0.009883169832417306
42,42,w42,2.322015984497727e11,0.0,2,1.0,0.0,2.1507562129718285e-10,0.4170612701733147,0.5745421609750008
42,42,w42,2.322015984497727e11,0.0,3,1.0,1.0,-2.355907298650408e-10,-0.1313664968350226,-0.009883375994868748
42,42,w42,2.322015984497727e11,0.0,4,0.0,1.0,-2.150764640490445e-10,0.41706153536211066,0.5745422301111255
42,42,w42,2.322015984497727e11,0.0,5,0.2499999999994109,0.0,-2.08919739533767e-8,-0.09888882732938925,-0.09776833165938756
42,42,w42,2.322015984497727e11,0.0,6,0.4999999999986921,0.0,8.627872172487916e-11,-0.11681247695408618,-0.3127012497714081
42,42,w42,2.322015984497727e11,0.0,7,0.7499999999993406,0.0,1.943388297490805e-8,0.1573618030492533,0.14903138995455278
42,42,w42,2.322015984497727e11,0.0,8,1.0,0.2499999999994109,-3.412455239335033e-8,-0.19387983264006675,-0.2210392405432171
42,42,w42,2.322015984497727e11,0.0,9,1.0,0.4999999999986921,5.002238487193824e-8,-0.01839016478623091,-0.03230361132825923
42,42,w42,2.322015984497727e11,0.0,10,1.0,0.7499999999993406,-3.604195635708161e-8,-0.0783207719054382,0.03475086788042205
42,42,w42,2.322015984497727e11,0.0,11,0.7500000000003471,1.0,2.089197326864081e-8,-0.0988890224250413,-0.09776842301528128
42,42,w42,2.322015984497727e11,0.0,12,0.5000000000020595,1.0,-8.627813574897537e-11,-0.11681246094525084,-0.31270122738433176
42,42,w42,2.322015984497727e11,0.0,13,0.2500000000010405,1.0,-1.943388226383617e-8,0.15736201251313017,0.14903146422855545
42,42,w42,2.322015984497727e11,0.0,14,0.0,0.7500000000003471,3.412455152426247e-8,-0.19387990504306457,-0.2210392920374346
42,42,w42,2.322015984497727e11,0.0,15,0.0,0.5000000000020595,-5.002238423987435e-8,-0.018390404407982827,-0.03230378481849348
42,42,w42,2.322015984497727e11,0.0,16,0.0,0.2500000000010405,3.60419569891455e-8,-0.07832072071439294,0.03475088710740608
42,42,w42,2.322015984497727e11,0.0,17,0.2499999999998184,0.2500000000006332,-0.7141288505697649,-0.033869099319301696,-0.040428043198325804
42,42,w42,2.322015984497727e11,0.0,18,0.2500000000002257,0.5000000000012177,1.0,0.010191110522300775,-0.005331581255798187
42,42,w42,2.322015984497727e11,0.0,19,0.2500000000006332,0.7500000000000954,-0.679049119699706,0.0038601178291430634,0.040530176863288005
42,42,w42,2.322015984497727e11,0.0,20,0.4999999999995339,0.2500000000002257,-0.01761543043150241,0.09667254902264108,0.0728440923143872
42,42,w42,2.322015984497727e11,0.0,21,0.5000000000003757,0.5000000000003757,-2.0823264224147867e-9,0.05237314731045391,0.06247100447489106
42,42,w42,2.322015984497727e11,0.0,22,0.5000000000012177,0.749999999999844,0.01761543589206477,0.09667255173173725,0.07284406921854472
42,42,w42,2.322015984497727e11,0.0,23,0.7499999999995922,0.2499999999998184,0.679049124195271,0.0038601461905672556,0.04053022553306149
42,42,w42,2.322015984497727e11,0.0,24,0.749999999999844,0.4999999999995339,-0.9999999983099309,0.010191278074309784,-0.0053314819505351305
42,42,w42,2.322015984497727e11,0.0,25,0.7500000000000953,0.7499999999995921,0.7141288467004284,-0.0338691095792693,-0.04042803556409941
43,43,w43,2.6664334383534357e11,0.0,1,0.0,0.0,1.6937414434235287e-9,-1.0,-0.6899108441867807
43,43,w43,2.6664334383534357e11,0.0,2,1.0,0.0,-4.4950208732850653e-10,-0.604633253764538,-0.4007898120253702
43,43,w43,2.6664334383534357e11,0.0,3,1.0,1.0,1.6937412406152186e-9,0.9999999755362851,0.6899107405817778
43,43,w43,2.6664334383534357e11,0.0,4,0.0,1.0,-4.495024807449393e-10,0.6046334652615997,0.40079002516285017
43,43,w43,2.6664334383534357e11,0.0,5,0.2499999999994109,0.0,-1.0706103654037677e-9,0.014832119979503934,-0.0009590591058438407
43,43,w43,2.6664334383534357e11,0.0,6,0.4999999999986921,0.0,-8.073735979768051e-10,0.8390729044754842,0.5506109050350422
43,43,w43,2.6664334383534357e11,0.0,7,0.7499999999993406,0.0,1.4196133551182279e-9,-0.012309633174658266,-0.00965482850586461
43,43,w43,2.6664334383534357e11,0.0,8,1.0,0.2499999999994109,-5.926449911532499e-10,0.6190104001475323,0.3818178712368922
43,43,w43,2.6664334383534357e11,0.0,9,1.0,0.4999999999986921,1.5457372066600141e-9,-0.46814270057045654,-0.3156984494676803
43,43,w43,2.6664334383534357e11,0.0,10,1.0,0.7499999999993406,-1.7389610140415188e-9,-0.3585076991741147,-0.26087612947485317
43,43,w43,2.6664334383534357e11,0.0,11,0.7500000000003471,1.0,-1.0706099800679785e-9,-0.014832158877765424,0.0009589876065622288
43,43,w43,2.6664334383534357e11,0.0,12,0.5000000000020595,1.0,-8.073728298403306e-10,-0.839072903346965,-0.5506109356215477
43,43,w43,2.6664334383534357e11,0.0,13,0.2500000000010405,1.0,1.4196145060553877e-9,0.012309790580288013,0.009654944537687043
43,43,w43,2.6664334383534357e11,0.0,14,0.0,0.7500000000003471,-5.926463423636159e-10,-0.6190103075554857,-0.38181781249125224
43,43,w43,2.6664334383534357e11,0.0,15,0.0,0.5000000000020595,1.5457364638745783e-9,0.4681426550370799,0.31569834231519145
43,43,w43,2.6664334383534357e11,0.0,16,0.0,0.2500000000010405,-1.7389597566299962e-9,0.35850757495810365,0.2608760262428357
43,43,w43,2.6664334383534357e11,0.0,17,0.2499999999998184,0.2500000000006332,-0.003333712176586826,-0.032548903126324684,0.004755272903068771
43,43,w43,2.6664334383534357e11,0.0,18,0.2500000000002257,0.5000000000012177,-0.026585683371631922,0.1584090529009635,0.10343416999351197
43,43,w43,2.6664334383534357e11,0.0,19,0.2500000000006332,0.7500000000000954,0.015423819784444279,0.024100200132063022,0.03609133610501049
43,43,w43,2.6664334383534357e11,0.0,20,0.4999999999995339,0.2500000000002257,-0.0114895371426652,-0.6080016878534613,-0.39834763500438813
43,43,w43,2.6664334383534357e11,0.0,21,0.5000000000003757,0.5000000000003757,-0.009837556511706128,3.0909587894162695e-8,3.637479023733402e-8
43,43,w43,2.6664334383534357e11,0.0,22,0.5000000000012177,0.749999999999844,-0.011489511809007723,0.6080017124438502,0.3983476490919575
43,43,w43,2.6664334383534357e11,0.0,23,0.7499999999995922,0.2499999999998184,0.015423797467285949,-0.02410010069285541,-0.03609124576287058
43,43,w43,2.6664334383534357e11,0.0,24,0.749999999999844,0.4999999999995339,-0.026585694391403167,-0.15840904677535828,-0.10343418322296506
43,43,w43,2.6664334383534357e11,0.0,25,0.7500000000000953,0.7499999999995921,-0.003333694115219778,0.032548827680306716,-0.004755369380133914
44,44,w44,3.479374471814938e11,0.0,1,0.0,0.0,-4.238229896507426e-10,0.40022639362423634,0.39785511470109125
44,44,w44,3.479374471814938e11,0.0,2,1.0,0.0,7.0752978176802e-10,0.0384793419186214,-0.4973383961304668
44,44,w44,3.479374471814938e11,0.0,3,1.0,1.0,4.238238230495623e-10,0.40022694535652864,0.3978553722661461
44,44,w44,3.479374471814938e11,0.0,4,0.0,1.0,-7.075292766132366e-10,0.038478744796273466,-0.49733861684575204
44,44,w44,3.479374471814938e11,0.0,5,0.2499999999994109,0.0,-1.3096869929155317e-8,-0.13774440493058712,0.052079471845887765
44,44,w44,3.479374471814938e11,0.0,6,0.4999999999986921,0.0,-1.8861433269224216e-8,-0.40376770655880545,-0.4483385034884428
44,44,w44,3.479374471814938e11,0.0,7,0.7499999999993406,0.0,-1.2254260091531797e-8,-0.0962993398543553,-0.5386505069171904
44,44,w44,3.479374471814938e11,0.0,8,1.0,0.2499999999994109,4.3467508509224413e-8,-0.26546058597383687,-0.3261452521700823
44,44,w44,3.479374471814938e11,0.0,9,1.0,0.4999999999986921,-4.883983941739712e-10,0.4863367472132541,0.543598389869305
44,44,w44,3.479374471814938e11,0.0,10,1.0,0.7499999999993406,-4.4437490380146514e-8,-0.5242743436338339,-0.01950304457846046
44,44,w44,3.479374471814938e11,0.0,11,0.7500000000003471,1.0,1.3096871335915473e-8,-0.1377440148518401,0.05207969858868488
44,44,w44,3.479374471814938e11,0.0,12,0.5000000000020595,1.0,1.8861432979346367e-8,-0.40376768837994836,-0.4483384426882333
44,44,w44,3.479374471814938e11,0.0,13,0.2500000000010405,1.0,1.2254259498987367e-8,-0.09629976730261175,-0.5386506637575277
44,44,w44,3.479374471814938e11,0.0,14,0.0,0.7500000000003471,-4.346750670175076e-8,-0.2654603864296411,-0.3261451443006039
44,44,w44,3.479374471814938e11,0.0,15,0.0,0.5000000000020595,4.883959600526102e-10,0.4863372458951605,0.5435986553998783
44,44,w44,3.479374471814938e11,0.0,16,0.0,0.2500000000010405,4.443748980891663e-8,-0.5242744974554094,-0.019503132112493007
44,44,w44,3.479374471814938e11,0.0,17,0.2499999999998184,0.2500000000006332,-0.6975695596735331,-0.01823936189444189,0.15419941874071905
44,44,w44,3.479374471814938e11,0.0,18,0.2500000000002257,0.5000000000012177,-0.018130975345247054,0.06816323212672207,0.22448008659920202
44,44,w44,3.479374471814938e11,0.0,19,0.2500000000006332,0.7500000000000954,0.7112206033655744,0.07574019319192438,-0.1596822474214938
44,44,w44,3.479374471814938e11,0.0,20,0.4999999999995339,0.2500000000002257,-1.0,0.4437262729686086,0.1916298078302971
44,44,w44,3.479374471814938e11,0.0,21,0.5000000000003757,0.5000000000003757,1.4364407917865456e-10,-0.41692389061673985,-0.0345524052375733
44,44,w44,3.479374471814938e11,0.0,22,0.5000000000012177,0.749999999999844,0.9999999881575315,0.4437262299796672,0.19162983842875858
44,44,w44,3.479374471814938e11,0.0,23,0.7499999999995922,0.2499999999998184,-0.7112206239183717,0.07574014593363772,-0.15968232178504357
44,44,w44,3.479374471814938e11,0.0,24,0.749999999999844,0.4999999999995339,0.018130972439416478,0.06816286389314385,0.22447988873197983
44,44,w44,3.479374471814938e11,0.0,25,0.7500000000000953,0.7499999999995921,0.6975695650379968,-0.018239330112280197,0.1541994686243265
45,45,w45,3.554812100424843e11,0.0,1,0.0,0.0,6.339671691050172e-10,-0.9999999115270258,-0.44825078335920737
45,45,w45,3.554812100424843e11,0.0,2,1.0,0.0,-4.858812304887709e-10,-0.7127014881244306,-0.529072561346914
45,45,w45,3.554812100424843e11,0.0,3,1.0,1.0,-6.339678398629161e-10,-1.0,-0.4482508623540636
45,45,w45,3.554812100424843e11,0.0,4,0.0,1.0,4.858818833796447e-10,-0.7127013927031147,-0.5290725026504444
45,45,w45,3.554812100424843e11,0.0,5,0.2499999999994109,0.0,-4.660982260697437e-9,0.1530293167082412,0.0620949814171073
45,45,w45,3.554812100424843e11,0.0,6,0.4999999999986921,0.0,-3.734808736547125e-9,0.7802691438442091,0.38165960942080657
45,45,w45,3.554812100424843e11,0.0,7,0.7499999999993406,0.0,-1.0585936149985235e-9,-0.1930417935067952,-0.16495533430896234
45,45,w45,3.554812100424843e11,0.0,8,1.0,0.2499999999994109,8.3546035186599e-9,0.67314680537315,0.32892814617114396
45,45,w45,3.554812100424843e11,0.0,9,1.0,0.4999999999986921,1.1534055522138152e-9,-0.7270642925998911,-0.349443032943017
45,45,w45,3.554812100424843e11,0.0,10,1.0,0.7499999999993406,-1.0282675077931322e-8,0.8970728754090844,0.5458717130932094
45,45,w45,3.554812100424843e11,0.0,11,0.7500000000003471,1.0,4.660982013536924e-9,0.15302925658175967,0.06209491496180658
45,45,w45,3.554812100424843e11,0.0,12,0.5000000000020595,1.0,3.734808758880907e-9,0.7802691421734387,0.3816595804881305
45,45,w45,3.554812100424843e11,0.0,13,0.2500000000010405,1.0,1.0585943505243884e-9,-0.19304170954179842,-0.16495531197275173
45,45,w45,3.554812100424843e11,0.0,14,0.0,0.7500000000003471,-8.354604352454404e-9,0.6731467122591678,0.32892812680691774
45,45,w45,3.554812100424843e11,0.0,15,0.0,0.5000000000020595,-1.1534051114938638e-9,-0.7270644324676662,-0.34944307047811807
45,45,w45,3.554812100424843e11,0.0,16,0.0,0.2500000000010405,1.0282674872460534e-8,0.8970728647185879,0.5458717424999432
45,45,w45,3.554812100424843e11,0.0,17,0.2499999999998184,0.2500000000006332,-0.17161250138006529,0.014666547780315236,0.04190608013893075
45,45,w45,3.554812100424843e11,0.0,18,0.2500000000002257,0.5000000000012177,0.024454614179376735,0.021661482772901988,0.053391660764152776
45,45,w45,3.554812100424843e11,0.0,19,0.2500000000006332,0.7500000000000954,0.1281616030574393,-0.00340869152231686,-0.05052539675435983
45,45,w45,3.554812100424843e11,0.0,20,0.4999999999995339,0.2500000000002257,-0.2133131162887643,-0.7867651029969855,-0.4393614934817222
45,45,w45,3.554812100424843e11,0.0,21,0.5000000000003757,0.5000000000003757,3.2109603175348135e-10,0.7806302143079515,0.4736836264012613
45,45,w45,3.554812100424843e11,0.0,22,0.5000000000012177,0.749999999999844,0.21331312458716226,-0.7867650728302206,-0.4393615095237258
45,45,w45,3.554812100424843e11,0.0,23,0.7499999999995922,0.2499999999998184,-0.12816159539873645,-0.0034086676336731484,-0.05052537983479371
45,45,w45,3.554812100424843e11,0.0,24,0.749999999999844,0.4999999999995339,-0.0244546132201989,0.02166158357734872,0.05339170478717179
45,45,w45,3.554812100424843e11,0.0,25,0.7500000000000953,0.7499999999995921,0.17161250468419859,0.014666566238805934,0.04190606096549033
46,46,w46,4.249274719428479e11,0.0,1,0.0,0.0,2.1427496032406647e-9,-0.9936446437128255,-0.47282064974052906
46,46,w46,4.249274719428479e11,0.0,2,1.0,0.0,7.679303483722092e-10,0.9999997994527744,0.5666434056783949
46,46,w46,4.249274719428479e11,0.0,3,1.0,1.0,2.1427488553829646e-9,0.9936443498394771,0.4728205385849113
46,46,w46,4.249274719428479e11,0.0,4,0.0,1.0,7.67929977233873e-10,-1.0,-0.5666435397087949
46,46,w46,4.249274719428479e11,0.0,5,0.2499999999994109,0.0,6.278617971341227e-11,-0.6866160932250657,-0.3719191625248161
46,46,w46,4.249274719428479e11,0.0,6,0.4999999999986921,0.0,-1.1408634062173242e-9,0.02464531299401381,-0.04431442557410259
46,46,w46,4.249274719428479e11,0.0,7,0.7499999999993406,0.0,-2.7385397712740773e-9,0.7978198811292514,0.36751189800123885
46,46,w46,4.249274719428479e11,0.0,8,1.0,0.2499999999994109,4.732056513631855e-9,-0.3374555044740603,-0.12311610234268658
46,46,w46,4.249274719428479e11,0.0,9,1.0,0.4999999999986921,-3.861000573309282e-9,-0.9805100482742327,-0.5374410631899379
46,46,w46,4.249274719428479e11,0.0,10,1.0,0.7499999999993406,3.4881355593527946e-11,0.31615627164452664,0.11106469723538269
46,46,w46,4.249274719428479e11,0.0,11,0.7500000000003471,1.0,6.278678385965112e-11,0.6866160939904791,0.37191917060516305
46,46,w46,4.249274719428479e11,0.0,12,0.5000000000020595,1.0,-1.1408632834347168e-9,-0.024645135532224863,0.044314521450845606
46,46,w46,4.249274719428479e11,0.0,13,0.2500000000010405,1.0,-2.7385398996377126e-9,-0.7978199257682372,-0.36751195261904646
46,46,w46,4.249274719428479e11,0.0,14,0.0,0.7500000000003471,4.732056410382844e-9,0.33745564624472074,0.1231161622524845
46,46,w46,4.249274719428479e11,0.0,15,0.0,0.5000000000020595,-3.861000838408094e-9,0.9805098849954761,0.5374409469581632
46,46,w46,4.249274719428479e11,0.0,16,0.0,0.2500000000010405,3.488228727632468e-11,-0.31615604372319855,-0.11106456420848163
46,46,w46,4.249274719428479e11,0.0,17,0.2499999999998184,0.2500000000006332,-0.004729266523897313,-0.061519638918799614,-0.06583680162312382
46,46,w46,4.249274719428479e11,0.0,18,0.2500000000002257,0.5000000000012177,0.007732679242973108,0.7363089386310139,0.37885180760515214
46,46,w46,4.249274719428479e11,0.0,19,0.2500000000006332,0.7500000000000954,-0.043262275324354206,0.07475645190267831,0.06895772424773344
46,46,w46,4.249274719428479e11,0.0,20,0.4999999999995339,0.2500000000002257,-0.03281305198663482,0.07716673791415622,-0.020487404528615794
46,46,w46,4.249274719428479e11,0.0,21,0.5000000000003757,0.5000000000003757,0.008485386276605717,1.0459717083292031e-7,4.711159496506241e-8
46,46,w46,4.249274719428479e11,0.0,22,0.5000000000012177,0.749999999999844,-0.0328130354932762,-0.07716692988486858,0.020487272095700802
46,46,w46,4.249274719428479e11,0.0,23,0.7499999999995922,0.2499999999998184,-0.043262282401554684,-0.07475647528409454,-0.06895775678976476
46,46,w46,4.249274719428479e11,0.0,24,0.749999999999844,0.4999999999995339,0.0077326736608851684,-0.7363089190251405,-0.37885182007289725
46,46,w46,4.249274719428479e11,0.0,25,0.7500000000000953,0.7499999999995921,-0.004729250447189937,0.06151966409976525,0.06583680178323037
47,47,w47,8.401489602853699e11,0.0,1,0.0,0.0,-7.436427393901988e-11,0.011175137503009107,0.07060655173037256
47,47,w47,8.401489602853699e11,0.0,2,1.0,0.0,-8.697320956774777e-11,-0.13635556570134363,-0.25606185883904814
47,47,w47,8.401489602853699e11,0.0,3,1.0,1.0,-7.436660668824979e-11,-0.011177961878748362,-0.07060705991484113
47,47,w47,8.401489602853699e11,0.0,4,0.0,1.0,-8.697408260263919e-11,0.13635743311923648,0.25606305188556805
47,47,w47,8.401489602853699e11,0.0,5,0.2499999999994109,0.0,-1.495923515549877e-8,0.013041676757869682,0.03275168935348033
47,47,w47,8.401489602853699e11,0.0,6,0.4999999999986921,0.0,-2.0862551380664973e-8,0.011653289989463597,-0.11001634697799786
47,47,w47,8.401489602853699e11,0.0,7,0.7499999999993406,0.0,-1.4346354529813416e-8,-0.09009972363332304,-0.21424138796639447
47,47,w47,8.401489602853699e11,0.0,8,1.0,0.2499999999994109,8.556952602541188e-8,0.12965768250570683,0.09294553915971925
47,47,w47,8.401489602853699e11,0.0,9,1.0,0.4999999999986921,-1.2116841571743057e-7,0.050874703380996304,-0.045009701098346844
47,47,w47,8.401489602853699e11,0.0,10,1.0,0.7499999999993406,8.59283697244615e-8,0.06363287307490534,-0.0783130552896341
47,47,w47,8.401489602853699e11,0.0,11,0.7500000000003471,1.0,-1.4959235164774762e-8,-0.013043179162419774,-0.032752456404241174
47,47,w47,8.401489602853699e11,0.0,12,0.5000000000020595,1.0,-2.0862550877796875e-8,-0.011653035426950056,0.11001609145414275
47,47,w47,8.401489602853699e11,0.0,13,0.2500000000010405,1.0,-1.4346351980551533e-8,0.09010145027858557,0.21424199884033168
47,47,w47,8.401489602853699e11,0.0,14,0.0,0.7500000000003471,8.556952367520195e-8,-0.12965958295020608,-0.09294623543398206
47,47,w47,8.401489602853699e11,0.0,15,0.0,0.5000000000020595,-1.2116841116629967e-7,-0.0508742259428672,0.045009737307454424
47,47,w47,8.401489602853699e11,0.0,16,0.0,0.2500000000010405,8.59283652405543e-8,-0.06363159131631353,0.07831368190402324
47,47,w47,8.401489602853699e11,0.0,17,0.2499999999998184,0.2500000000006332,-0.49862928206353985,-0.06309302742241825,0.07432813387601164
47,47,w47,8.401489602853699e11,0.0,18,0.2500000000002257,0.5000000000012177,0.7066804416243745,-0.036799682296602694,0.028094476139656245
47,47,w47,8.401489602853699e11,0.0,19,0.2500000000006332,0.7500000000000954,-0.4970052947277796,-0.06981185313402447,-0.08509552810757044
47,47,w47,8.401489602853699e11,0.0,20,0.4999999999995339,0.2500000000002257,-0.7044068544897045,-0.03821511460709626,0.0918850091509045
47,47,w47,8.401489602853699e11,0.0,21,0.5000000000003757,0.5000000000003757,1.0,-8.389666064772002e-8,2.817691579932475e-8
47,47,w47,8.401489602853699e11,0.0,22,0.5000000000012177,0.749999999999844,-0.7044068426034514,0.038215264391623684,-0.09188503127830874
47,47,w47,8.401489602853699e11,0.0,23,0.7499999999995922,0.2499999999998184,-0.4970053176868978,0.06981063239075594,0.08509503990114516
47,47,w47,8.401489602853699e11,0.0,24,0.749999999999844,0.4999999999995339,0.7066804600099211,0.03679972413946284,-0.02809436904508398
47,47,w47,8.401489602853699e11,0.0,25,0.7500000000000953,0.7499999999995921,-0.4986292877185742,0.06309420415405417,-0.07432777586757677
48,48,w48,8.517230550961578e11,0.0,1,0.0,0.0,1.113919400363691e-9,-1.0,-0.1995667511294127
48,48,w48,8.517230550961578e11,0.0,2,1.0,0.0,4.665361764179534e-10,0.6322657715326743,0.38740979788162105
48,48,w48,8.517230550961578e11,0.0,3,1.0,1.0,-1.1139186820436762e-9,-0.9999998867939597,-0.19956661765043857
48,48,w48,8.517230550961578e11,0.0,4,0.0,1.0,-4.665361251093808e-10,0.6322656474546328,0.3874094407284858
48,48,w48,8.517230550961578e11,0.0,5,0.2499999999994109,0.0,-4.232953168349254e-10,-0.5217750835711789,-0.24209897303182074
48,48,w48,8.517230550961578e11,0.0,6,0.4999999999986921,0.0,-2.053242296047258e-10,0.10464397909398675,-0.04508166209529009
48,48,w48,8.517230550961578e11,0.0,7,0.7499999999993406,0.0,-8.51202163986965e-10,0.5979082472659789,0.2069252558418861
48,48,w48,8.517230550961578e11,0.0,8,1.0,0.2499999999994109,1.2358538017240731e-9,-0.6284745680078692,-0.221695219080337
48,48,w48,8.517230550961578e11,0.0,9,1.0,0.4999999999986921,-1.6021695570658046e-9,0.13124432930885707,-0.0003240280033637451
48,48,w48,8.517230550961578e11,0.0,10,1.0,0.7499999999993406,1.1736967477653802e-9,0.46828068656706007,0.24779859191585465
48,48,w48,8.517230550961578e11,0.0,11,0.7500000000003471,1.0,4.2329978495644625e-10,-0.5217750199173267,-0.24209885554466823
48,48,w48,8.517230550961578e11,0.0,12,0.5000000000020595,1.0,2.0533003174913134e-10,0.10464392076622096,-0.04508165879771481
48,48,w48,8.517230550961578e11,0.0,13,0.2500000000010405,1.0,8.51204869178003e-10,0.5979080813300063,0.2069250553945171
48,48,w48,8.517230550961578e11,0.0,14,0.0,0.7500000000003471,-1.2358756014538091e-9,-0.6284745430781921,-0.22169523501401547
48,48,w48,8.517230550961578e11,0.0,15,0.0,0.5000000000020595,1.6022030957693544e-9,0.1312447880789088,-0.00032380413499790496
48,48,w48,8.517230550961578e11,0.0,16,0.0,0.2500000000010405,-1.1737218205544695e-9,0.46828042282773535,0.24779853012907338
48,48,w48,8.517230550961578e11,0.0,17,0.2499999999998184,0.2500000000006332,-0.0010404265358242646,0.40148848905999496,0.12939992517042298
48,48,w48,8.517230550961578e11,0.0,18,0.2500000000002257,0.5000000000012177,-0.005321600261875711,0.016766006210157138,0.035766548420008974
48,48,w48,8.517230550961578e11,0.0,19,0.2500000000006332,0.7500000000000954,0.009368927434728452,-0.4163959382950611,-0.17133450039957474
48,48,w48,8.517230550961578e11,0.0,20,0.4999999999995339,0.2500000000002257,-0.007285553481024234,0.02526468800956825,-0.03123128924506923
48,48,w48,8.517230550961578e11,0.0,21,0.5000000000003757,0.5000000000003757,-1.4167004945813502e-7,-0.0222065315642521,0.0353531529352346
48,48,w48,8.517230550961578e11,0.0,22,0.5000000000012177,0.749999999999844,0.007285745156256272,0.02526464530874567,-0.03123126405659949
48,48,w48,8.517230550961578e11,0.0,23,0.7499999999995922,0.2499999999998184,-0.009368798734772086,-0.41639588990726095,-0.17133448945568328
48,48,w48,8.517230550961578e11,0.0,24,0.749999999999844,0.4999999999995339,0.005321400351114376,0.016765661864704424,0.035766395714164005
48,48,w48,8.517230550961578e11,0.0,25,0.7500000000000953,0.7499999999995921,0.0010405681527432128,0.4014885668858723,0.1294000136219585
49,49,w49,1.2129753203484077e12,0.0,1,0.0,0.0,-5.534283766146564e-10,1.0,0.13191330226840206
49,49,w49,1.2129753203484077e12,0.0,2,1.0,0.0,-3.6284590887745994e-10,-0.5651674055653056,-0.36907937783022665
49,49,w49,1.2129753203484077e12,0.0,3,1.0,1.0,-5.534284773636293e-10,-0.9999999870447671,-0.1319132706350449
49,49,w49,1.2129753203484077e12,0.0,4,0.0,1.0,-3.628456213899449e-10,0.5651674101345883,0.3690793547890475
49,49,w49,1.2129753203484077e12,0.0,5,0.2499999999994109,0.0,7.678072396629177e-10,0.477241955593,0.23813778733717963
49,49,w49,1.2129753203484077e12,0.0,6,0.4999999999986921,0.0,2.619306449881429e-10,-0.11262364648709781,0.05731007400220712
49,49,w49,1.2129753203484077e12,0.0,7,0.7499999999993406,0.0,4.199349819619369e-10,-0.5617046081368395,-0.17598038642976446
49,49,w49,1.2129753203484077e12,0.0,8,1.0,0.2499999999994109,-1.0687806733676396e-9,0.735776849064612,0.27620751623219814
49,49,w49,1.2129753203484077e12,0.0,9,1.0,0.4999999999986921,1.6762410097091725e-9,-0.7279379434261991,-0.3143562336103918
49,49,w49,1.2129753203484077e12,0.0,10,1.0,0.7499999999993406,-1.140859807518627e-9,0.7545081474341253,0.3077581881103825
49,49,w49,1.2129753203484077e12,0.0,11,0.7500000000003471,1.0,7.678073218022077e-10,-0.4772419424285357,-0.23813776692073496
49,49,w49,1.2129753203484077e12,0.0,12,0.5000000000020595,1.0,2.619310120480951e-10,0.11262365457527874,-0.0573100683984456
49,49,w49,1.2129753203484077e12,0.0,13,0.2500000000010405,1.0,4.199352360803653e-10,0.5617046102309684,0.17598037628948193
49,49,w49,1.2129753203484077e12,0.0,14,0.0,0.7500000000003471,-1.0687808966838344e-9,-0.7357768247497811,-0.2762075133256733
49,49,w49,1.2129753203484077e12,0.0,15,0.0,0.5000000000020595,1.6762411970894279e-9,0.727937951066405,0.3143562403252923
49,49,w49,1.2129753203484077e12,0.0,16,0.0,0.2500000000010405,-1.140860032118248e-9,-0.7545081740306628,-0.3077581613412012
49,49,w49,1.2129753203484077e12,0.0,17,0.2499999999998184,0.2500000000006332,0.007014633018443539,-0.5415155428594396,-0.19454864717522377
49,49,w49,1.2129753203484077e12,0.0,18,0.2500000000002257,0.5000000000012177,-0.00975205807273147,0.514325857547175,0.2233682695214688
49,49,w49,1.2129753203484077e12,0.0,19,0.2500000000006332,0.7500000000000954,0.00771712286781974,-0.5407275802208314,-0.19355158860817648
49,49,w49,1.2129753203484077e12,0.0,20,0.4999999999995339,0.2500000000002257,0.010328150922022373,-0.00873506971288644,0.018036043613972676
49,49,w49,1.2129753203484077e12,0.0,21,0.5000000000003757,0.5000000000003757,-0.01371723804676157,1.1501186222133465e-8,-3.608447123923887e-9
49,49,w49,1.2129753203484077e12,0.0,22,0.5000000000012177,0.749999999999844,0.010328150524996749,0.008735086017653201,-0.01803604548367592
49,49,w49,1.2129753203484077e12,0.0,23,0.7499999999995922,0.2499999999998184,0.007717122607549322,0.5407276083006514,0.1935515836325699
49,49,w49,1.2129753203484077e12,0.0,24,0.749999999999844,0.4999999999995339,-0.00975205768071994,-0.5143258395507384,-0.22336827222999378
49,49,w49,1.2129753203484077e12,0.0,25,0.7500000000000953,0.7499999999995921,0.00701463230400118,0.5415155424097826,0.1945486536044134
50,50,w50,1.7794613850307133e18,0.0,1,0.0,0.0,0.44039191912448034,-0.30249932541911534,0.4213428691429816
50,50,w50,1.7794613850307133e18,0.0,2,1.0,0.0,0.44039191883888956,-0.014613695139849945,0.13345712218772757
50,50,w50,1.7794613850307133e18,0.0,3,1.0,1.0,-0.44039191912903314,-0.3024991216078781,0.42134280004388447
50,50,w50,1.7794613850307133e18,0.0,4,0.0,1.0,-0.4403919188405961,-0.014613604114417941,0.13345716587450107
50,50,w50,1.7794613850307133e18,0.0,5,0.2499999999994109,0.0,-0.8486436013503607,-0.019724902724290033,0.1385684149378545
50,50,w50,1.7794613850307133e18,0.0,6,0.4999999999986921,0.0,0.9999999999905956,-0.049657325826799194,0.16850082873490985
50,50,w50,1.7794613850307133e18,0.0,7,0.7499999999993406,0.0,-0.8486436002929068,0.052707021833565494,0.06613643959596559
50,50,w50,1.7794613850307133e18,0.0,8,1.0,0.2499999999994109,-0.11009798329543734,0.05927808030242295,0.075069916578471
50,50,w50,1.7794613850307133e18,0.0,9,1.0,0.4999999999986921,-5.7413973169811925e-11,0.035924448073724025,0.09032624734397662
50,50,w50,1.7794613850307133e18,0.0,10,1.0,0.7499999999993406,0.11009798300018422,-0.13759492336646445,0.2719429677880322
50,50,w50,1.7794613850307133e18,0.0,11,0.7500000000003471,1.0,0.8486436013596509,-0.019724778032882556,0.13856842495860103
50,50,w50,1.7794613850307133e18,0.0,12,0.5000000000020595,1.0,-1.0,-0.04965720165997997,0.16850083928027149
50,50,w50,1.7794613850307133e18,0.0,13,0.2500000000010405,1.0,0.8486436002971331,0.052707109450303415,0.06613648669142158
50,50,w50,1.7794613850307133e18,0.0,14,0.0,0.7500000000003471,0.11009798329626151,0.05927813157820382,0.07506995270980032
50,50,w50,1.7794613850307133e18,0.0,15,0.0,0.5000000000020595,5.7062756217830986e-11,0.035924413298946634,0.09032628211876197
50,50,w50,1.7794613850307133e18,0.0,16,0.0,0.2500000000010405,-0.11009798299899824,-0.13759500425870042,0.2719429612731262
50,50,w50,1.7794613850307133e18,0.0,17,0.2499999999998184,0.2500000000006332,0.21216090788254854,0.02776194419665568,0.10658602812959243
50,50,w50,1.7794613850307133e18,0.0,18,0.2500000000002257,0.5000000000012177,-1.8930605659453776e-10,0.016096475715124996,0.11015422177369905
50,50,w50,1.7794613850307133e18,0.0,19,0.2500000000006332,0.7500000000000954,-0.21216090737745305,0.03902986235858985,0.09531821167316976
50,50,w50,1.7794613850307133e18,0.0,20,0.4999999999995339,0.2500000000002257,-0.25000000810632805,0.006570903994519236,0.1277770809728613
50,50,w50,1.7794613850307133e18,0.0,21,0.5000000000003757,0.5000000000003757,-6.981511198256482e-13,0.038705854502406344,0.08754483633493611
50,50,w50,1.7794613850307133e18,0.0,22,0.5000000000012177,0.749999999999844,0.25000000810955897,0.006571002452831903,0.12777706992167273
50,50,w50,1.7794613850307133e18,0.0,23,0.7499999999995922,0.2499999999998184,0.2121609073760576,0.03902980496364279,0.09531818166100063
50,50,w50,1.7794613850307133e18,0.0,24,0.749999999999844,0.4999999999995339,1.899454832400632e-10,0.01609650051700331,0.11015419697181705
50,50,w50,1.7794613850307133e18,0.0,25,0.7500000000000953,0.7499999999995921,-0.2121609078850695,0.027762046804493665,0.10658601292888974
51,51,w51,1.8125170529421665e18,0.0,1,0.0,0.0,-0.44572644751725726,0.32066545418855746,-0.35601169360885493
51,51,w51,1.8125170529421665e18,0.0,2,1.0,0.0,-0.445726447166281,0.02898775682775719,-0.06433388955965326
51,51,w51,1.8125170529421665e18,0.0,3,1.0,1.0,-0.4457264475144934,-0.32066536914179167,0.35601155628574566
51,51,w51,1.8125170529421665e18,0.0,4,0.0,1.0,-0.44572644716063736,-0.02898779623365393,0.06433387668926617
51,51,w51,1.8125170529421665e18,0.0,5,0.2499999999994109,0.0,0.8502136353232587,0.04189561951450669,-0.07724182848687867
51,51,w51,1.8125170529421665e18,0.0,6,0.4999999999986921,0.0,-1.0,0.07042966124470776,-0.10577586534425616
51,51,w51,1.8125170529421665e18,0.0,7,0.7499999999993406,0.0,0.8502136341383683,-0.04297088912919089,0.007624725899291232
51,51,w51,1.8125170529421665e18,0.0,8,1.0,0.2499999999994109,0.1273504187532474,-0.07943483364428824,0.0374956127048898
51,51,w51,1.8125170529421665e18,0.0,9,1.0,0.4999999999986921,-0.06367521183716937,0.002455977003459172,-0.002456054541943979
51,51,w51,1.8125170529421665e18,0.0,10,1.0,0.7499999999993406,0.12735041830541396,-0.16676095054988319,0.20870003864851877
51,51,w51,1.8125170529421665e18,0.0,11,0.7500000000003471,1.0,0.8502136353185237,-0.04189558971430547,0.07724174641034383
51,51,w51,1.8125170529421665e18,0.0,12,0.5000000000020595,1.0,-0.9999999999929094,-0.07042967307057904,0.10577582489380834
51,51,w51,1.8125170529421665e18,0.0,13,0.2500000000010405,1.0,0.8502136341285553,0.04297086078672174,-0.007624749833127795
51,51,w51,1.8125170529421665e18,0.0,14,0.0,0.7500000000003471,0.12735041875208566,0.07943471277698881,-0.03749559007115766
51,51,w51,1.8125170529421665e18,0.0,15,0.0,0.5000000000020595,-0.06367521183708832,-0.002456119772858456,0.0024560449832167325
51,51,w51,1.8125170529421665e18,0.0,16,0.0,0.2500000000010405,0.12735041830612,0.16676094468983876,-0.2087001310219595
51,51,w51,1.8125170529421665e18,0.0,17,0.2499999999998184,0.2500000000006332,-0.24291819218090765,-0.0025382297531576573,-0.03940097157899896
51,51,w51,1.8125170529421665e18,0.0,18,0.2500000000002257,0.5000000000012177,0.12145909981937332,0.03397305995900014,-0.03397313331546414
51,51,w51,1.8125170529421665e18,0.0,19,0.2500000000006332,0.7500000000000954,-0.24291819165913264,0.023434707361185934,0.01850440732038167
51,51,w51,1.8125170529421665e18,0.0,20,0.4999999999995339,0.2500000000002257,0.2857142975177269,0.01146171856297624,-0.053400927416511784
51,51,w51,1.8125170529421665e18,0.0,21,0.5000000000003757,0.5000000000003757,-0.142857153488253,-5.61266504991414e-8,-2.0037414903615237e-8
51,51,w51,1.8125170529421665e18,0.0,22,0.5000000000012177,0.749999999999844,0.2857142975164034,-0.011461780261204731,0.05340089088121993
51,51,w51,1.8125170529421665e18,0.0,23,0.7499999999995922,0.2499999999998184,-0.24291819166154519,-0.023434781671237203,-0.018504431243871376
51,51,w51,1.8125170529421665e18,0.0,24,0.749999999999844,0.4999999999995339,0.12145909981976057,-0.03397319974824694,0.03397312077658108
51,51,w51,1.8125170529421665e18,0.0,25,0.7500000000000953,0.7499999999995921,-0.24291819217983956,0.0025381932440351443,0.039400909854618596
52,52,w52,3.2341393599651743e18,0.0,1,0.0,0.0,-0.8143265886183456,0.7818207573236757,-0.4170177245754137
52,52,w52,3.2341393599651743e18,0.0,2,1.0,0.0,0.8143265887417274,0.20330470359867867,0.16149830352531622
52,52,w52,3.2341393599651743e18,0.0,3,1.0,1.0,-0.8143265885609029,-0.781820505798809,0.41701720622211524
52,52,w52,3.2341393599651743e18,0.0,4,0.0,1.0,0.8143265886864646,-0.20330452373559801,-0.1614987502168015
52,52,w52,3.2341393599651743e18,0.0,5,0.2499999999994109,0.0,0.9999999995103016,0.515044506959193,-0.15024145365569821
52,52,w52,3.2341393599651743e18,0.0,6,0.4999999999986921,0.0,6.460516546625594e-10,0.2835982610188197,0.08120479401583991
52,52,w52,3.2341393599651743e18,0.0,7,0.7499999999993406,0.0,-1.0,0.2332667896510479,0.13153623127417585
52,52,w52,3.2341393599651743e18,0.0,8,1.0,0.2499999999994109,-0.20358165233677905,0.12047363467066365,0.031151158459520906
52,52,w52,3.2341393599651743e18,0.0,9,1.0,0.4999999999986921,-1.72059286884982e-10,-0.0816173349890058,0.08161714306853794
52,52,w52,3.2341393599651743e18,0.0,10,1.0,0.7499999999993406,0.2035816522213711,-0.46336648705089295,0.3117414075667543
52,52,w52,3.2341393599651743e18,0.0,11,0.7500000000003471,1.0,0.9999999994410131,-0.5150443146073986,0.1502409944754735
52,52,w52,3.2341393599651743e18,0.0,12,0.5000000000020595,1.0,6.497063044720731e-10,-0.2835980461977262,-0.08120527566535461
52,52,w52,3.2341393599651743e18,0.0,13,0.2500000000010405,1.0,-0.9999999999337413,-0.23326665538199898,-0.1315366323716413
52,52,w52,3.2341393599651743e18,0.0,14,0.0,0.7500000000003471,-0.20358165232164796,-0.12047335926972877,-0.03115168659585421
52,52,w52,3.2341393599651743e18,0.0,15,0.0,0.5000000000020595,-1.8015334006614843e-10,0.08161743686953038,-0.08161761697652363
52,52,w52,3.2341393599651743e18,0.0,16,0.0,0.2500000000010405,0.20358165223771998,0.4633667651980739,-0.3117419384497815
52,52,w52,3.2341393599651743e18,0.0,17,0.2499999999998184,0.2500000000006332,-0.2500000101290423,0.2330350417281184,-0.08141022557319447
52,52,w52,3.2341393599651743e18,0.0,18,0.2500000000002257,0.5000000000012177,-3.9124679485982216e-10,0.02018824561134089,-0.020188432941620184
52,52,w52,3.2341393599651743e18,0.0,19,0.2500000000006332,0.7500000000000954,0.25000000842601655,-0.09861626845110472,-0.05300877489126368
52,52,w52,3.2341393599651743e18,0.0,20,0.4999999999995339,0.2500000000002257,-1.387971068428658e-9,0.06621623411409464,0.08540856332457972
52,52,w52,3.2341393599651743e18,0.0,21,0.5000000000003757,0.5000000000003757,-3.861942766727856e-10,4.561634139993504e-8,-2.3163007749208882e-7
52,52,w52,3.2341393599651743e18,0.0,22,0.5000000000012177,0.749999999999844,-1.3891520947658223e-9,-0.06621606281221408,-0.08540898736207934
52,52,w52,3.2341393599651743e18,0.0,23,0.7499999999995922,0.2499999999998184,0.25000000844488407,0.09861643557419413,0.05300835503266731
52,52,w52,3.2341393599651743e18,0.0,24,0.749999999999844,0.4999999999995339,-4.01274972706886e-10,-0.0201881378597716,0.02018795316258141
52,52,w52,3.2341393599651743e18,0.0,25,0.7500000000000953,0.7499999999995921,-0.25000001010932765,-0.23303485547580632,0.08140978658515256
53,53,w53,3.2853274408539044e18,0.0,1,0.0,0.0,0.8216731723607996,-0.7729947108216276,0.375041800413833
53,53,w53,3.2853274408539044e18,0.0,2,1.0,0.0,-0.8216731725320988,-0.24170349098258992,-0.15624939780868444
53,53,w53,3.2853274408539044e18,0.0,3,1.0,1.0,-0.8216731724148311,-0.7729946131805849,0.3750416532792277
53,53,w53,3.2853274408539044e18,0.0,4,0.0,1.0,0.8216731725883557,-0.24170348815373607,-0.1562494501310027
53,53,w53,3.2853274408539044e18,0.0,5,0.2499999999994109,0.0,-0.9999999994187967,-0.5189449082169244,0.12099197668141701
53,53,w53,3.2853274408539044e18,0.0,6,0.4999999999986921,0.0,-4.4481232005752626e-10,-0.30189405793307716,-0.0960588739820274
53,53,w53,3.2853274408539044e18,0.0,7,0.7499999999993406,0.0,0.9999999999299313,-0.2597027605410132,-0.13825013866131564
53,53,w53,3.2853274408539044e18,0.0,8,1.0,0.2499999999994109,0.2347637715435438,-0.2176298333903721,0.006364390028740957
53,53,w53,3.2853274408539044e18,0.0,9,1.0,0.4999999999986921,-0.11738189127190012,-0.10795651206584186,-0.010613647726033293
53,53,w53,3.2853274408539044e18,0.0,10,1.0,0.7499999999993406,0.23476377138504764,-0.48709116358814636,0.2758256544585134
53,53,w53,3.2853274408539044e18,0.0,11,0.7500000000003471,1.0,0.9999999994858217,-0.5189447723916154,0.12099179136257539
53,53,w53,3.2853274408539044e18,0.0,12,0.5000000000020595,1.0,4.484656307969609e-10,-0.30189399022112284,-0.09605899118749052
53,53,w53,3.2853274408539044e18,0.0,13,0.2500000000010405,1.0,-1.0,-0.25970279219962666,-0.13825015649618758
53,53,w53,3.2853274408539044e18,0.0,14,0.0,0.7500000000003471,-0.23476377155832678,-0.21762985486726397,0.006364373577892929
53,53,w53,3.2853274408539044e18,0.0,15,0.0,0.5000000000020595,0.11738189127230783,-0.10795659225237149,-0.010613567539518944
53,53,w53,3.2853274408539044e18,0.0,16,0.0,0.2500000000010405,-0.234763771371607,-0.4870913152114716,0.27582584400991134
53,53,w53,3.2853274408539044e18,0.0,17,0.2499999999998184,0.2500000000006332,0.28571429946698984,-0.25739471477537657,0.04612925414516042
53,53,w53,3.2853274408539044e18,0.0,18,0.2500000000002257,0.5000000000012177,-0.14285715318436143,-0.09619794297848726,-0.02237221486224848
53,53,w53,3.2853274408539044e18,0.0,19,0.2500000000006332,0.7500000000000954,0.28571429809488336,-0.16500337018694478,-0.046262110032340265
53,53,w53,3.2853274408539044e18,0.0,20,0.4999999999995339,0.2500000000002257,1.1240314711378757e-9,-0.10117252611440407,-0.1100929203136765
53,53,w53,3.2853274408539044e18,0.0,21,0.5000000000003757,0.5000000000003757,4.594613693150804e-13,-0.11611384816630026,-0.002456308522467663
53,53,w53,3.2853274408539044e18,0.0,22,0.5000000000012177,0.749999999999844,-1.1254053756252403e-9,-0.10117252292898528,-0.11009296142700889
53,53,w53,3.2853274408539044e18,0.0,23,0.7499999999995922,0.2499999999998184,-0.2857142980771806,-0.16500333921403407,-0.04626210307742386
53,53,w53,3.2853274408539044e18,0.0,24,0.749999999999844,0.4999999999995339,0.14285715318423498,-0.09619789903566815,-0.02237225880506076
53,53,w53,3.2853274408539044e18,0.0,25,0.7500000000000953,0.7499999999995921,-0.2857142994837947,-0.25739461168469485,0.04612911312648153
54,54,w54,8.090668763371663e18,0.0,1,0.0,0.0,0.9057658753341373,-0.082167926958389,0.35108457584448444
54,54,w54,8.090668763371663e18,0.0,2,1.0,0.0,0.905765876271833,0.19843195690672985,0.07048465235874564
54,54,w54,8.090668763371663e18,0.0,3,1.0,1.0,-0.9057658752975686,-0.0821681404892065,0.35108462220268644
54,54,w54,8.090668763371663e18,0.0,4,0.0,1.0,-0.9057658762337285,0.19843155215922603,0.07048488993364115
54,54,w54,8.090668763371663e18,0.0,5,0.2499999999994109,0.0,-0.21706464837510156,-0.15265517526554354,0.4215718122601448
54,54,w54,8.090668763371663e18,0.0,6,0.4999999999986921,0.0,-1.0,-0.174890979228481,0.4438075957253841
54,54,w54,8.090668763371663e18,0.0,7,0.7499999999993406,0.0,-0.21706464789468327,0.05538407693778035,0.21353253126242067
54,54,w54,8.090668763371663e18,0.0,8,1.0,0.2499999999994109,-0.2264414768979575,0.1753098720426792,0.0946229260930572
54,54,w54,8.090668763371663e18,0.0,9,1.0,0.4999999999986921,-2.0651570394534664e-9,-0.02764540165596871,0.27558973451835034
54,54,w54,8.090668763371663e18,0.0,10,1.0,0.7499999999993406,0.2264414751637976,-0.12106242316827434,0.3909950306151799
54,54,w54,8.090668763371663e18,0.0,11,0.7500000000003471,1.0,0.21706464836791156,-0.15265508937924213,0.42157155920122946
54,54,w54,8.090668763371663e18,0.0,12,0.5000000000020595,1.0,0.9999999999583357,-0.17489096638971421,0.4438074157140016
54,54,w54,8.090668763371663e18,0.0,13,0.2500000000010405,1.0,0.21706464788701765,0.05538381304953786,0.2135326279780485
54,54,w54,8.090668763371663e18,0.0,14,0.0,0.7500000000003471,0.22644147688915459,0.17530961465009617,0.09462299806497926
54,54,w54,8.090668763371663e18,0.0,15,0.0,0.5000000000020595,2.0706875969275663e-9,-0.02764560704664027,0.27558993990901326
54,54,w54,8.090668763371663e18,0.0,16,0.0,0.2500000000010405,-0.22644147517587213,-0.12106239508510545,0.3909951879526501
54,54,w54,8.090668763371663e18,0.0,17,0.2499999999998184,0.2500000000006332,0.05426616471661724,-0.1127878587350088,0.3827206499472684
54,54,w54,8.090668763371663e18,0.0,18,0.2500000000002257,0.5000000000012177,9.373348484772269e-10,0.04465711608847751,0.20328721929140733
54,54,w54,8.090668763371663e18,0.0,19,0.2500000000006332,0.7500000000000954,-0.05426616400581259,0.142147911809896,0.1277846982769395
54,54,w54,8.090668763371663e18,0.0,20,0.4999999999995339,0.2500000000002257,0.2500000089050888,-0.023145120939871863,0.2930779120783877
54,54,w54,8.090668763371663e18,0.0,21,0.5000000000003757,0.5000000000003757,-3.119107050685505e-12,0.08568440480245544,0.16225993255788132
54,54,w54,8.090668763371663e18,0.0,22,0.5000000000012177,0.749999999999844,-0.25000000889331664,-0.023145314037910474,0.2930779197557775
54,54,w54,8.090668763371663e18,0.0,23,0.7499999999995922,0.2499999999998184,0.05426616400869326,0.14214828450163905,0.12778451100585114
54,54,w54,8.090668763371663e18,0.0,24,0.749999999999844,0.4999999999995339,-9.385660126894367e-10,0.04465723829199753,0.20328709708789336
54,54,w54,8.090668763371663e18,0.0,25,0.7500000000000953,0.7499999999995921,-0.05426616471503709,-0.11278793973203258,0.38272054552364804
55,55,w55,8.213524916263574e18,0.0,1,0.0,0.0,0.9085363600178387,-0.13604728992676549,0.22486748973807624
55,55,w55,8.213524916263574e18,0.0,2,1.0,0.0,0.9085363611314832,0.18811573143115512,-0.09929556609678243
55,55,w55,8.213524916263574e18,0.0,3,1.0,1.0,0.9085363600559831,0.13604793689224154,-0.2248678939897397
55,55,w55,8.213524916263574e18,0.0,4,0.0,1.0,0.9085363611680843,-0.18811538955125587,0.09929546693068735
55,55,w55,8.213524916263574e18,0.0,5,0.2499999999994109,0.0,-0.21384999280339925,-0.21344412826085507,0.3022643162508971
55,55,w55,8.213524916263574e18,0.0,6,0.4999999999986921,0.0,-0.9999999999592548,-0.23217739907457638,0.32099756781787214
55,55,w55,8.213524916263574e18,0.0,7,0.7499999999993406,0.0,-0.21384999233926477,0.019664020821881237,0.06915614199277366
55,55,w55,8.213524916263574e18,0.0,8,1.0,0.2499999999994109,-0.25958182923915724,0.2069775329578754,-0.1335075238968352
55,55,w55,8.213524916263574e18,0.0,9,1.0,0.4999999999986921,0.12979091908014595,0.1172216176414736,-0.11722151994360652
55,55,w55,8.213524916263574e18,0.0,10,1.0,0.7499999999993406,-0.2595818258962773,0.20299101479142603,-0.27646084010074967
55,55,w55,8.213524916263574e18,0.0,11,0.7500000000003471,1.0,-0.21384999281393405,0.2134445272989488,-0.3022644725751837
55,55,w55,8.213524916263574e18,0.0,12,0.5000000000020595,1.0,-1.0,0.23217782612676705,-0.3209977521562559
55,55,w55,8.213524916263574e18,0.0,13,0.2500000000010405,1.0,-0.21384999234931792,-0.019663600313046262,-0.06915631978779929
55,55,w55,8.213524916263574e18,0.0,14,0.0,0.7500000000003471,-0.25958182925086426,-0.2069773350065592,0.1335075056235263
55,55,w55,8.213524916263574e18,0.0,15,0.0,0.5000000000020595,0.12979091908264578,-0.11722126565227205,0.11722135513168525
55,55,w55,8.213524916263574e18,0.0,16,0.0,0.2500000000010405,-0.25958182588882067,-0.20299063215308738,0.27646063714031127
55,55,w55,8.213524916263574e18,0.0,17,0.2499999999998184,0.2500000000006332,0.06110000190308949,-0.1880288576252552,0.2614988615069355
55,55,w55,8.213524916263574e18,0.0,18,0.2500000000002257,0.5000000000012177,-0.030550000614950626,-0.07495119192185161,0.07495128247355513
55,55,w55,8.213524916263574e18,0.0,19,0.2500000000006332,0.7500000000000954,0.061100000457195616,-0.13029112896194503,0.05682130140409183
55,55,w55,8.213524916263574e18,0.0,20,0.4999999999995339,0.2500000000002257,0.2857142985223145,-0.07394039131213562,0.14741039534427486
55,55,w55,8.213524916263574e18,0.0,21,0.5000000000003757,0.5000000000003757,-0.14285715297131946,1.1709260771350653e-7,-2.3503967863818685e-8
55,55,w55,8.213524916263574e18,0.0,22,0.5000000000012177,0.749999999999844,0.2857142985326551,0.07394075380450586,-0.14741057815869293
55,55,w55,8.213524916263574e18,0.0,23,0.7499999999995922,0.2499999999998184,0.06110000045557898,0.13029143085840875,-0.05682142362257811
55,55,w55,8.213524916263574e18,0.0,24,0.749999999999844,0.4999999999995339,-0.030550000615985663,0.07495145208024598,-0.07495135545466672
55,55,w55,8.213524916263574e18,0.0,25,0.7500000000000953,0.7499999999995921,0.061100001906482855,0.18802922293425814,-0.2614990471380132
56,56,w56,1.0000000062441732e19,0.0,1,0.0,0.0,6.506903771697767e-9,-0.9999965144305976,0.22074576288886358
56,56,w56,1.0000000062441732e19,0.0,2,1.0,0.0,-8.287934426940475e-9,-0.6400019544270052,-0.13924878385125278
56,56,w56,1.0000000062441732e19,0.0,3,1.0,1.0,-6.506805826373109e-9,-1.0,0.2207471084771669
56,56,w56,1.0000000062441732e19,0.0,4,0.0,1.0,8.288196879677154e-9,-0.640003439138325,-0.13924943912089832
56,56,w56,1.0000000062441732e19,0.0,5,0.2499999999994109,0.0,4.566747790766646e-9,-0.9418379107478209,0.16258716151775576
56,56,w56,1.0000000062441732e19,0.0,6,0.4999999999986921,0.0,8.19656404093145e-10,-0.8098415902083311,0.030590845886914683
56,56,w56,1.0000000062441732e19,0.0,7,0.7499999999993406,0.0,-4.227170968300242e-9,-0.6748478541003902,-0.10440288577965888
56,56,w56,1.0000000062441732e19,0.0,8,1.0,0.2499999999994109,-0.5060958856250359,-0.7495745372006193,-0.09174909416654087
56,56,w56,1.0000000062441732e19,0.0,9,1.0,0.4999999999986921,-0.6792497758092789,-0.9457873081114799,0.024797932605300603
56,56,w56,1.0000000062441732e19,0.0,10,1.0,0.7499999999993406,-0.5060993136647781,-0.9857419950842083,0.1444167692821781
56,56,w56,1.0000000062441732e19,0.0,11,0.7500000000003471,1.0,-4.566771027322874e-9,-0.9418409660307756,0.16258807681964157
56,56,w56,1.0000000062441732e19,0.0,12,0.5000000000020595,1.0,-8.198160107673358e-10,-0.8098438423302761,0.03059095802783557
56,56,w56,1.0000000062441732e19,0.0,13,0.2500000000010405,1.0,4.227132514576962e-9,-0.6748495255254435,-0.10440335433558934
56,56,w56,1.0000000062441732e19,0.0,14,0.0,0.7500000000003471,0.5060993127158481,-0.7495759187457016,-0.09174929867664637
56,56,w56,1.0000000062441732e19,0.0,15,0.0,0.5000000000020595,0.6792497758091842,-0.9457875081036666,0.0247981325974588
56,56,w56,1.0000000062441732e19,0.0,16,0.0,0.2500000000010405,0.5060958865747696,-0.9857396999817688,0.14441606023475528
56,56,w56,1.0000000062441732e19,0.0,17,0.2499999999998184,0.2500000000006332,0.2530479438200302,-0.9218210075826444,0.08049736917121805
56,56,w56,1.0000000062441732e19,0.0,18,0.2500000000002257,0.5000000000012177,0.3396248884639151,-0.893938726892855,-0.027050648216994596
56,56,w56,1.0000000062441732e19,0.0,19,0.2500000000006332,0.7500000000000954,0.25304965672681945,-0.7376895530163587,-0.10363566532550657
56,56,w56,1.0000000062441732e19,0.0,20,0.4999999999995339,0.2500000000002257,2.0835835201007638e-10,-0.812948722440722,-0.02837491287575047
56,56,w56,1.0000000062441732e19,0.0,21,0.5000000000003757,0.5000000000003757,-5.221050517413078e-13,-0.8711277982290382,-0.049861576713977125
56,56,w56,1.0000000062441732e19,0.0,22,0.5000000000012177,0.749999999999844,-2.0907288190008357e-10,-0.8129501051870958,-0.028375116184480676
56,56,w56,1.0000000062441732e19,0.0,23,0.7499999999995922,0.2499999999998184,-0.25304794318171825,-0.7376882209489045,-0.10363541133781448
56,56,w56,1.0000000062441732e19,0.0,24,0.749999999999844,0.4999999999995339,-0.3396248884640451,-0.8939383298528051,-0.027051045257021785
56,56,w56,1.0000000062441732e19,0.0,25,0.7500000000000953,0.7499999999995921,-0.2530496573650273,-0.9218226712126836,0.08049744674619727
57,57,w57,1.0000000293179884e19,0.0,1,0.0,0.0,-1.614687308441155e-8,1.0,-0.39110480641377726
57,57,w57,1.0000000293179884e19,0.0,2,1.0,0.0,1.783313356838697e-8,0.4046644843049793,0.20423068264435915
57,57,w57,1.0000000293179884e19,0.0,3,1.0,1.0,-1.614591512295526e-8,-0.9999974556482122,0.3911047854199869
57,57,w57,1.0000000293179884e19,0.0,4,0.0,1.0,1.7834262776144813e-8,-0.404662704247507,-0.2042299393440258
57,57,w57,1.0000000293179884e19,0.0,5,0.2499999999994109,0.0,-9.271280396786828e-9,0.8270312588500335,-0.21813607058484386
57,57,w57,1.0000000293179884e19,0.0,6,0.4999999999986921,0.0,-7.726582678338819e-10,0.6093328603574296,-0.00043768126843429507
57,57,w57,1.0000000293179884e19,0.0,7,0.7499999999993406,0.0,8.87821411842511e-9,0.44377989725540024,0.16511527347291133
57,57,w57,1.0000000293179884e19,0.0,8,1.0,0.2499999999994109,0.9040775488790423,0.38050217998108105,0.08389038523471314
57,57,w57,1.0000000293179884e19,0.0,9,1.0,0.4999999999986921,3.419870186430397e-6,0.037782574403932276,-0.03778025863622862
57,57,w57,1.0000000293179884e19,0.0,10,1.0,0.7499999999993406,-0.9040776202560238,-0.6238210684950983,0.15943192471532389
57,57,w57,1.0000000293179884e19,0.0,11,0.7500000000003471,1.0,-9.271382979369831e-9,-0.8270284269464342,0.21813576203919913
57,57,w57,1.0000000293179884e19,0.0,12,0.5000000000020595,1.0,-7.735724518398156e-10,-0.6093303281049903,0.0004376723738982308
57,57,w57,1.0000000293179884e19,0.0,13,0.2500000000010405,1.0,8.877958114929656e-9,-0.4437779196127947,-0.1651147277576596
57,57,w57,1.0000000293179884e19,0.0,14,0.0,0.7500000000003471,0.9040776192268258,-0.38049957619555835,-0.08388955985442613
57,57,w57,1.0000000293179884e19,0.0,15,0.0,0.5000000000020595,-3.4188420166172072e-6,-0.037778182133710723,0.03778048188162359
57,57,w57,1.0000000293179884e19,0.0,16,0.0,0.2500000000010405,-0.9040775499077213,0.6238250114304086,-0.159432438485548
57,57,w57,1.0000000293179884e19,0.0,17,0.2499999999998184,0.2500000000006332,-0.45203877915221113,0.473424946449992,-0.009032375751240553
57,57,w57,1.0000000293179884e19,0.0,18,0.2500000000002257,0.5000000000012177,-1.7094519670704742e-6,-0.0886013612483684,0.08860366242602602
57,57,w57,1.0000000293179884e19,0.0,19,0.2500000000006332,0.7500000000000954,0.4520388136506323,-0.38183981511066734,-0.08254932252463755
57,57,w57,1.0000000293179884e19,0.0,20,0.4999999999995339,0.2500000000002257,-2.1266191005418588e-10,0.3963175628375537,0.06807500590101948
57,57,w57,1.0000000293179884e19,0.0,21,0.5000000000003757,0.5000000000003757,1.0387560315606995e-10,1.8801933820840824e-6,4.275644292415952e-7
57,57,w57,1.0000000293179884e19,0.0,22,0.5000000000012177,0.749999999999844,-2.137893947798952e-10,-0.39631443687619045,-0.06807470269694338
57,57,w57,1.0000000293179884e19,0.0,23,0.7499999999995922,0.2499999999998184,0.4520387784769303,0.38184229628151434,0.0825502705194019
57,57,w57,1.0000000293179884e19,0.0,24,0.749999999999844,0.4999999999995339,1.70990411862186e-6,0.08860534668404124,-0.08860303234607804
57,57,w57,1.0000000293179884e19,0.0,25,0.7500000000000953,0.7499999999995921,-0.4520388143260719,-0.47342108351032625,0.009031941976846133
58,58,w58,1.0000000731134163e19,0.0,1,0.0,0.0,-2.0825929148611545e-8,0.5488068419373423,-0.22127900899119934
58,58,w58,1.0000000731134163e19,0.0,2,1.0,0.0,2.0359970564016497e-8,0.2414079716503656,0.08611983486841157
58,58,w58,1.0000000731134163e19,0.0,3,1.0,1.0,2.0824666472275656e-8,0.5488038696750936,-0.2212779322161195
58,58,w58,1.0000000731134163e19,0.0,4,0.0,1.0,-2.036127346940743e-8,0.2414067456098908,0.08611916542184046
58,58,w58,1.0000000731134163e19,0.0,5,0.2499999999994109,0.0,-1.0565263467790193e-8,0.4122247630229857,-0.08469693507093365
58,58,w58,1.0000000731134163e19,0.0,6,0.4999999999986921,0.0,2.1938427421927906e-10,0.30488738936690785,0.022640429936819067
58,58,w58,1.0000000731134163e19,0.0,7,0.7499999999993406,0.0,1.058137631687963e-8,0.23983784186469506,0.08768996886578184
58,58,w58,1.0000000731134163e19,0.0,8,1.0,0.2499999999994109,0.6896629251183677,0.2323574943970283,-0.02769683437315524
58,58,w58,1.0000000731134163e19,0.0,9,1.0,0.4999999999986921,-0.9999999999993326,0.045589341024776235,-0.023787879879041768
58,58,w58,1.0000000731134163e19,0.0,10,1.0,0.7499999999993406,0.6896604792895583,0.17445737813817327,0.03020185788049221
58,58,w58,1.0000000731134163e19,0.0,11,0.7500000000003471,1.0,1.0565371022641736e-8,0.41222249076625744,-0.08469655830134967
58,58,w58,1.0000000731134163e19,0.0,12,0.5000000000020595,1.0,-2.1824258077541216e-10,0.30488558526281917,0.022640338553804863
58,58,w58,1.0000000731134163e19,0.0,13,0.2500000000010405,1.0,-1.0581034644223956e-8,0.23983657924685248,0.08768933599655959
58,58,w58,1.0000000731134163e19,0.0,14,0.0,0.7500000000003471,-0.6896604796756223,0.23235649007826212,-0.027697239444518632
58,58,w58,1.0000000731134163e19,0.0,15,0.0,0.5000000000020595,1.0,0.04558914590436051,-0.023787684758657723
58,58,w58,1.0000000731134163e19,0.0,16,0.0,0.2500000000010405,-0.6896629247307542,0.17445900121408356,0.03020164419434299
58,58,w58,1.0000000731134163e19,0.0,17,0.2499999999998184,0.2500000000006332,-0.3448314711930608,0.1325563737272276,0.0721042734422234
58,58,w58,1.0000000731134163e19,0.0,18,0.2500000000002257,0.5000000000012177,0.5000000124517298,0.06254760440239657,-0.04074614334911114
58,58,w58,1.0000000731134163e19,0.0,19,0.2500000000006332,0.7500000000000954,-0.34483024848256827,0.2194992224435406,-0.014839973982330924
58,58,w58,1.0000000731134163e19,0.0,20,0.4999999999995339,0.2500000000002257,-9.640842257456609e-11,0.16666271794558543,0.03799793450875066
58,58,w58,1.0000000731134163e19,0.0,21,0.5000000000003757,0.5000000000003757,-6.68424359928231e-13,0.06760274108594269,-0.04580128017915964
58,58,w58,1.0000000731134163e19,0.0,22,0.5000000000012177,0.749999999999844,9.711623061851945e-11,0.1666616786913002,0.03799756437309354
58,58,w58,1.0000000731134163e19,0.0,23,0.7499999999995922,0.2499999999998184,0.3448314712038424,0.2195003281829525,-0.014839670331704163
58,58,w58,1.0000000731134163e19,0.0,24,0.749999999999844,0.4999999999995339,-0.5000000124516226,0.0625479025836025,-0.04074644153029857
58,58,w58,1.0000000731134163e19,0.0,25,0.7500000000000953,0.7499999999995921,0.3448302484720511,0.13255506618998134,0.07210417158962192
59,59,w59,3.533728989364037e19,0.0,1,0.0,0.0,-1.0,-0.34687289614498695,0.6106949328140462
59,59,w59,3.533728989364037e19,0.0,2,1.0,0.0,0.999999999353006,0.5885581195679997,-0.3247360721646388
59,59,w59,3.533728989364037e19,0.0,3,1.0,1.0,-0.9999999999730382,0.34687310505076313,-0.6106957987041026
59,59,w59,3.533728989364037e19,0.0,4,0.0,1.0,0.9999999993256327,-0.588557914005706,0.32473520961800084
59,59,w59,3.533728989364037e19,0.0,5,0.2499999999994109,0.0,-0.644675211414045,-0.1515095085726374,0.41533154689374513
59,59,w59,3.533728989364037e19,0.0,6,0.4999999999986921,0.0,-6.517192399763438e-11,0.1869984641410092,0.07682357792627509
59,59,w59,3.533728989364037e19,0.0,7,0.7499999999993406,0.0,0.6446752111427634,0.5061390553743694,-0.2423170094736439
59,59,w59,3.533728989364037e19,0.0,8,1.0,0.2499999999994109,-0.25000000767894237,0.3611301257446997,-0.189757233973051
59,59,w59,3.533728989364037e19,0.0,9,1.0,0.4999999999986921,-2.6797220344644966e-10,0.07771203863215384,-0.0777123011753187
59,59,w59,3.533728989364037e19,0.0,10,1.0,0.7499999999993406,0.25000000891976676,0.16995329117030852,-0.34132679053715376
59,59,w59,3.533728989364037e19,0.0,11,0.7500000000003471,1.0,-0.6446752113957509,0.15151026783069013,-0.4153329631360911
59,59,w59,3.533728989364037e19,0.0,12,0.5000000000020595,1.0,-6.677581772578794e-11,-0.18699781352709677,-0.07682488552450062
59,59,w59,3.533728989364037e19,0.0,13,0.2500000000010405,1.0,0.644675211124651,-0.5061386861384637,0.2423159832534091
59,59,w59,3.533728989364037e19,0.0,14,0.0,0.7500000000003471,-0.25000000767277014,-0.3611294509820442,0.18975594678098442
59,59,w59,3.533728989364037e19,0.0,15,0.0,0.5000000000020595,-2.720648835687455e-10,-0.07771146809632808,0.07771120768878197
59,59,w59,3.533728989364037e19,0.0,16,0.0,0.2500000000010405,0.2500000089286621,-0.16995271781523513,0.3413256047523276
59,59,w59,3.533728989364037e19,0.0,17,0.2499999999998184,0.2500000000006332,0.16116880886164553,-0.010523630113123,0.18189651783417007
59,59,w59,3.533728989364037e19,0.0,18,0.2500000000002257,0.5000000000012177,-1.685226307217607e-10,-0.05804006151827733,0.05803980069745961
59,59,w59,3.533728989364037e19,0.0,19,0.2500000000006332,0.7500000000000954,-0.16116880753855317,-0.3684671821774024,0.19709367851730794
59,59,w59,3.533728989364037e19,0.0,20,0.4999999999995339,0.2500000000002257,6.81122010183919e-10,0.21204006824745053,-0.040667178755075174
59,59,w59,3.533728989364037e19,0.0,21,0.5000000000003757,0.5000000000003757,-1.2151408155006937e-10,6.48914665904425e-9,-2.6796450296737145e-7
59,59,w59,3.533728989364037e19,0.0,22,0.5000000000012177,0.749999999999844,6.80778984076027e-10,-0.2120398043841693,0.04066630246221279
59,59,w59,3.533728989364037e19,0.0,23,0.7499999999995922,0.2499999999998184,-0.16116880754259158,0.36846755217014593,-0.1970946609395497
59,59,w59,3.533728989364037e19,0.0,24,0.749999999999844,0.4999999999995339,-1.6582602434755957e-10,0.058040465438472306,-0.05804072756836454
59,59,w59,3.533728989364037e19,0.0,25,0.7500000000000953,0.7499999999995921,0.16116880885567042,0.010523933921168118,-0.1818974340718829
60,60,w60,3.5881339995423605e19,0.0,1,0.0,0.0,-0.9999999999723729,-0.2678508322011295,0.6081433261199244
60,60,w60,3.5881339995423605e19,0.0,2,1.0,0.0,0.9999999995290244,0.6894664530706315,-0.34917394762166987
60,60,w60,3.5881339995423605e19,0.0,3,1.0,1.0,1.0,-0.267850138556072,0.6081421799090193
60,60,w60,3.5881339995423605e19,0.0,4,0.0,1.0,-0.999999999556251,0.6894658888830086,-0.34917383599987895
60,60,w60,3.5881339995423605e19,0.0,5,0.2499999999994109,0.0,-0.6456003445204884,-0.05330641964342632,0.3935989153894643
60,60,w60,3.5881339995423605e19,0.0,6,0.4999999999986921,0.0,-2.5267959479632957e-12,0.297372218398648,0.042920281381030705
60,60,w60,3.5881339995423605e19,0.0,7,0.7499999999993406,0.0,0.6456003444008681,0.6155778175690915,-0.27528531372538645
60,60,w60,3.5881339995423605e19,0.0,8,1.0,0.2499999999994109,-0.28571429741327015,0.46746263455807174,-0.17747197247452834
60,60,w60,3.5881339995423605e19,0.0,9,1.0,0.4999999999986921,0.14285715347436678,0.16023470723276634,0.06235046141559637
60,60,w60,3.5881339995423605e19,0.0,10,1.0,0.7499999999993406,-0.28571429846805135,-0.02541073363123379,0.3154007709611593
60,60,w60,3.5881339995423605e19,0.0,11,0.7500000000003471,1.0,0.6456003445374271,-0.05330609873863321,0.39359814191882975
60,60,w60,3.5881339995423605e19,0.0,12,0.5000000000020595,1.0,4.128778407629715e-12,0.29737213241308663,0.04291991480075376
60,60,w60,3.5881339995423605e19,0.0,13,0.2500000000010405,1.0,-0.6456003444179985,0.615577200956284,-0.27528514967841355
60,60,w60,3.5881339995423605e19,0.0,14,0.0,0.7500000000003471,0.285714297421969,0.46746230808332445,-0.17747226760372398
60,60,w60,3.5881339995423605e19,0.0,15,0.0,0.5000000000020595,-0.1428571534761274,0.160234408314054,0.06235076033430324
60,60,w60,3.5881339995423605e19,0.0,16,0.0,0.2500000000010405,0.28571429846258434,-0.02541090896708484,0.3154015679008101
60,60,w60,3.5881339995423605e19,0.0,17,0.2499999999998184,0.2500000000006332,0.18445724973545832,0.1523324944366324,0.13765816513462037
60,60,w60,3.5881339995423605e19,0.0,18,0.2500000000002257,0.5000000000012177,-0.09222862754333447,0.26147272205561445,-0.03888755314544123
60,60,w60,3.5881339995423605e19,0.0,19,0.2500000000006332,0.7500000000000954,0.1844572485987743,0.5040162899603572,-0.21402624970988987
60,60,w60,3.5881339995423605e19,0.0,20,0.4999999999995339,0.2500000000002257,5.954699958159222e-10,0.37922243655837484,-0.08923177577138787
60,60,w60,3.5881339995423605e19,0.0,21,0.5000000000003757,0.5000000000003757,-4.414644492731989e-13,0.304599679282873,-0.0820145102447045
60,60,w60,3.5881339995423605e19,0.0,22,0.5000000000012177,0.749999999999844,-5.949965878778366e-10,0.3792220189226373,-0.08923197973952256
60,60,w60,3.5881339995423605e19,0.0,23,0.7499999999995922,0.2499999999998184,-0.1844572485931572,0.5040168638356096,-0.21402620198123581
60,60,w60,3.5881339995423605e19,0.0,24,0.749999999999844,0.4999999999995339,0.09222862754201169,0.26147261985263726,-0.038887450942461585
60,60,w60,3.5881339995423605e19,0.0,25,0.7500000000000953,0.7499999999995921,-0.18445724973871544,0.15233260390733375,0.13765743406008096
61,61,w61,Inf,0.0,1,0.0,0.0,1.1449013642828456e-6,0.0004343262798284657,-0.0002569042042989389
61,61,w61,Inf,0.0,2,1.0,0.0,1.144901364287255e-6,0.0007341181842992482,-0.000556696108769449
61,61,w61,Inf,0.0,3,1.0,1.0,3.1876050675161703e-7,-0.04848509812864604,0.048469575545949904
61,61,w61,Inf,0.0,4,0.0,1.0,3.187605067547901e-7,0.9999844774173041,-1.0
61,61,w61,Inf,0.0,5,0.2499999999994109,0.0,1.1449013642839446e-6,0.0006235515634887079,-0.00044612948795911314
61,61,w61,Inf,0.0,6,0.4999999999986921,0.0,1.1449013642850479e-6,-0.0008449721509595999,0.001022394226489262
61,61,w61,Inf,0.0,7,0.7499999999993406,0.0,1.1449013642861507e-6,0.009529784598464774,-0.009352362522935042
61,61,w61,Inf,0.0,8,1.0,0.2499999999994109,-2.7255512706745866e-7,-0.0004507651268439828,0.0004545837654295033
61,61,w61,Inf,0.0,9,1.0,0.4999999999986921,1.2601599635329564e-7,-0.001973595708043043,0.001967278358746822
61,61,w61,Inf,0.0,10,1.0,0.7499999999993406,-6.351508920075166e-7,-0.025380173462822096,0.025376978524355037
61,61,w61,Inf,0.0,11,0.7500000000003471,1.0,3.187605067524092e-7,0.5194781214320501,-0.5194936440147462
61,61,w61,Inf,0.0,12,0.5000000000020595,1.0,3.187605067532028e-7,0.0018341349392403032,-0.001849657521936272
61,61,w61,Inf,0.0,13,0.2500000000010405,1.0,3.1876050675399555e-7,-0.7669667944773222,0.7669512718946265
61,61,w61,Inf,0.0,14,0.0,0.7500000000003471,-6.351508920100277e-7,0.00010120417358528727,-0.00010439911205237148
61,61,w61,Inf,0.0,15,0.0,0.5000000000020595,1.2601599635147007e-7,4.251077912258358e-5,-4.882812841871073e-5
61,61,w61,Inf,0.0,16,0.0,0.2500000000010405,-2.725551270678786e-7,-0.00017551925427368583,0.00017933789285861756
61,61,w61,Inf,0.0,17,0.2499999999998184,0.2500000000006332,-2.7255512706777333e-7,3.60492946631085e-5,-3.223065607802939e-5
61,61,w61,Inf,0.0,18,0.2500000000002257,0.5000000000012177,1.2601599635192662e-7,-2.8914968124049882e-5,2.2597618827899128e-5
61,61,w61,Inf,0.0,19,0.2500000000006332,0.7500000000000954,-6.351508920094012e-7,-0.00012303900693784998,0.00011984406847077263
61,61,w61,Inf,0.0,20,0.4999999999995339,0.2500000000002257,-2.725551270676687e-7,2.422127374257122e-5,-2.0402635157344636e-5
61,61,w61,Inf,0.0,21,0.5000000000003757,0.5000000000003757,1.2601599635238232e-7,4.773969032899167e-6,-1.1091318329073383e-5
61,61,w61,Inf,0.0,22,0.5000000000012177,0.749999999999844,-6.351508920087716e-7,1.9090812683144066e-5,-2.228575115021426e-5
61,61,w61,Inf,0.0,23,0.7499999999995922,0.2499999999998184,-2.7255512706756385e-7,-0.0017475586239318224,0.0017513772625171967
61,61,w61,Inf,0.0,24,0.749999999999844,0.4999999999995339,1.2601599635283988e-7,-4.545649402704665e-6,-1.771699893492954e-6
61,61,w61,Inf,0.0,25,0.7500000000000953,0.7499999999995921,-6.351508920081456e-7,-6.675811226940573e-6,3.4808727598775494e-6
62,62,w62,Inf,0.0,1,0.0,0.0,-0.00012599536980802088,0.022596315719895208,-0.00829655148918986
62,62,w62,Inf,0.0,2,1.0,0.0,-0.00012599536980850546,0.005046327327123299,0.009253436903628088
62,62,w62,Inf,0.0,3,1.0,1.0,-3.553496726167823e-5,-0.03505689998070001,0.03969652207997975
62,62,w62,Inf,0.0,4,0.0,1.0,-3.553496726201838e-5,-0.06152402640669255,0.06616364850599006
62,62,w62,Inf,0.0,5,0.2499999999994109,0.0,-0.00012599536980814152,0.08276676817763005,-0.06846700394691316
62,62,w62,Inf,0.0,6,0.4999999999986921,0.0,-0.0001259953698082628,0.025766358191956298,-0.011466593961227895
62,62,w62,Inf,0.0,7,0.7499999999993406,0.0,-0.00012599536980838409,1.0,-0.9857002357692599
62,62,w62,Inf,0.0,8,1.0,0.2499999999994109,3.142955074247534e-5,0.013219770102623731,-0.015423342936066073
62,62,w62,Inf,0.0,9,1.0,0.4999999999986921,-1.276665843482492e-5,0.011978822657283497,-0.008930265578044732
62,62,w62,Inf,0.0,10,1.0,0.7499999999993406,6.739450467244693e-5,-0.03734860692708825,0.03768855428141749
62,62,w62,Inf,0.0,11,0.7500000000003471,1.0,-3.553496726176316e-5,0.051341884540522915,-0.046702262441238665
62,62,w62,Inf,0.0,12,0.5000000000020595,1.0,-3.5534967261848236e-5,-0.06627504864897767,0.07091467074826638
62,62,w62,Inf,0.0,13,0.2500000000010405,1.0,-3.5534967261933224e-5,-0.032262784072860984,0.03690240617215407
62,62,w62,Inf,0.0,14,0.0,0.7500000000003471,6.739450467271342e-5,-0.020124203083296207,0.02046415043760725
62,62,w62,Inf,0.0,15,0.0,0.5000000000020595,-1.2766658434654812e-5,0.008594354300421608,-0.005545797221151509
62,62,w62,Inf,0.0,16,0.0,0.2500000000010405,3.142955074253183e-5,0.016298219934756848,-0.018501792768214436
62,62,w62,Inf,0.0,17,0.2499999999998184,0.2500000000006332,3.142955074251767e-5,-0.01372924879351194,0.011525675960058154
62,62,w62,Inf,0.0,18,0.2500000000002257,0.5000000000012177,-1.276665843469735e-5,0.0027439173456013486,0.0003046397336609269
62,62,w62,Inf,0.0,19,0.2500000000006332,0.7500000000000954,6.739450467264696e-5,-0.0013320457964938947,0.0016719931508094948
62,62,w62,Inf,0.0,20,0.4999999999995339,0.2500000000002257,3.142955074250359e-5,-0.0033419586440267654,0.0011383858105767771
62,62,w62,Inf,0.0,21,0.5000000000003757,0.5000000000003757,-1.27666584347398e-5,-0.0009992282985920506,0.004047785377846498
62,62,w62,Inf,0.0,22,0.5000000000012177,0.749999999999844,6.739450467258015e-5,0.007632210595318266,-0.0072922632409981175
62,62,w62,Inf,0.0,23,0.7499999999995922,0.2499999999998184,3.1429550742489476e-5,0.08656353168375526,-0.08876710451720148
62,62,w62,Inf,0.0,24,0.749999999999844,0.4999999999995339,-1.276665843478246e-5,0.005070071084908121,-0.002021514005661504
62,62,w62,Inf,0.0,25,0.7500000000000953,0.7499999999995921,6.73945046725137e-5,0.005228448951514605,-0.004888501597189914
63,63,w63,Inf,0.0,1,0.0,0.0,0.0011716389861889788,-0.2416764892412468,-0.05479147101632089
63,63,w63,Inf,0.0,2,1.0,0.0,0.001171638986199441,0.512766518961485,-0.8092344792195137
63,63,w63,Inf,0.0,3,1.0,1.0,0.00425997287030134,0.2521233302429904,-0.2693664349699248
63,63,w63,Inf,0.0,4,0.0,1.0,0.004259972870316717,0.6154067854548538,-0.6326498901818524
63,63,w63,Inf,0.0,5,0.2499999999994109,0.0,0.0011716389861915965,-0.22553256096589136,-0.07093539929179232
63,63,w63,Inf,0.0,6,0.4999999999986921,0.0,0.0011716389861942088,-1.0,0.7035320397422015
63,63,w63,Inf,0.0,7,0.7499999999993406,0.0,0.0011716389861968258,0.10606441725748023,-0.40253237751539417
63,63,w63,Inf,0.0,8,1.0,0.2499999999994109,-0.0007254004163055725,-0.05924726076721757,0.03325698955681821
63,63,w63,Inf,0.0,9,1.0,0.4999999999986921,0.0005322362199716373,-0.04385623441809467,0.027146675998398328
63,63,w63,Inf,0.0,10,1.0,0.7499999999993406,-0.0026100957736852975,0.06928497488815469,-0.072652864024444
63,63,w63,Inf,0.0,11,0.7500000000003471,1.0,0.004259972870305178,-0.4805401532074397,0.46329704848048864
63,63,w63,Inf,0.0,12,0.5000000000020595,1.0,0.004259972870309022,0.7214693173648747,-0.7387124220918416
63,63,w63,Inf,0.0,13,0.2500000000010405,1.0,0.004259972870312869,0.47523204252417967,-0.4924751472511621
63,63,w63,Inf,0.0,14,0.0,0.7500000000003471,-0.002610095773688428,0.003965442986913748,-0.007333332123131015
63,63,w63,Inf,0.0,15,0.0,0.5000000000020595,0.0005322362199564768,0.015076443405188359,-0.031786001824931465
63,63,w63,Inf,0.0,16,0.0,0.2500000000010405,-0.0007254004162970171,-0.20302224323595325,0.17703197202639312
63,63,w63,Inf,0.0,17,0.2499999999998184,0.2500000000006332,-0.0007254004162991567,0.028975342016662117,-0.05496561322643188
63,63,w63,Inf,0.0,18,0.2500000000002257,0.5000000000012177,0.0005322362199602684,-0.03950262776127068,0.022793069341539175
63,63,w63,Inf,0.0,19,0.2500000000006332,0.7500000000000954,-0.002610095773687648,-0.06743200103517492,0.06406411189893933
63,63,w63,Inf,0.0,20,0.4999999999995339,0.2500000000002257,-0.0007254004163012947,-0.027296391475676522,0.001306120265697004
63,63,w63,Inf,0.0,21,0.5000000000003757,0.5000000000003757,0.0005322362199640558,0.036119624643197665,-0.052829183062917486
63,63,w63,Inf,0.0,22,0.5000000000012177,0.749999999999844,-0.002610095773686861,-0.059359047561242155,0.05599115842498867
63,63,w63,Inf,0.0,23,0.7499999999995922,0.2499999999998184,-0.0007254004163034352,-0.8634959848410769,0.8375057136308875
63,63,w63,Inf,0.0,24,0.749999999999844,0.4999999999995339,0.0005322362199678485,-0.04607764101492135,0.02936808259521326
63,63,w63,Inf,0.0,25,0.7500000000000953,0.7499999999995921,-0.0026100957736860833,-0.04484247944525715,0.04147459030898574
64,64,w64,Inf,0.0,1,0.0,0.0,-0.013433113129484524,0.0357586553329439,0.3360424009675921
64,64,w64,Inf,0.0,2,1.0,0.0,-0.01343311312942665,-0.3043469317574688,0.6761479880584457
64,64,w64,Inf,0.0,3,1.0,1.0,-0.0014033811615218566,0.06955884979089855,-0.09506039601127472
64,64,w64,Inf,0.0,4,0.0,1.0,-0.0014033811614625516,-0.19605010933366812,0.1705485631133347
64,64,w64,Inf,0.0,5,0.2499999999994109,0.0,-0.01343311312947007,0.14785520184193457,0.22394585445871124
64,64,w64,Inf,0.0,6,0.4999999999986921,0.0,-0.013433113129455597,-0.6281989436992439,1.0
64,64,w64,Inf,0.0,7,0.7499999999993406,0.0,-0.01343311312944112,0.19397819321860207,0.17782286308226436
64,64,w64,Inf,0.0,8,1.0,0.2499999999994109,0.0005929446140159956,-0.09952018689208841,0.12327600744598588
64,64,w64,Inf,0.0,9,1.0,0.4999999999986921,0.023423263335963132,-0.17602673949423128,0.13048363293890955
64,64,w64,Inf,0.0,10,1.0,0.7499999999993406,0.0031874200603934514,0.3049073743353397,-0.3683017471688031
64,64,w64,Inf,0.0,11,0.7500000000003471,1.0,-0.0014033811615070228,-0.3209103168836219,0.29540877066325616
64,64,w64,Inf,0.0,12,0.5000000000020595,1.0,-0.001403381161492204,-0.1598228440500548,0.13432129782970004
64,64,w64,Inf,0.0,13,0.2500000000010405,1.0,-0.0014033811614773725,-0.47892634777962645,0.4534248015592824
64,64,w64,Inf,0.0,14,0.0,0.7500000000003471,0.003187420060256322,0.016552330908163795,-0.0799467037415607
64,64,w64,Inf,0.0,15,0.0,0.5000000000020595,0.02342326333598,-0.022704574580063034,-0.022838531975646694
64,64,w64,Inf,0.0,16,0.0,0.2500000000010405,0.0005929446142232604,0.03751676668674132,-0.013760946134230687
64,64,w64,Inf,0.0,17,0.2499999999998184,0.2500000000006332,0.0005929446141714485,0.13223123961218086,-0.1084754190593235
64,64,w64,Inf,0.0,18,0.2500000000002257,0.5000000000012177,0.023423263335975775,0.06501204323680292,-0.11055514979241578
64,64,w64,Inf,0.0,19,0.2500000000006332,0.7500000000000954,0.0031874200602906052,-0.0421625756752323,-0.021231797158181288
64,64,w64,Inf,0.0,20,0.4999999999995339,0.2500000000002257,0.0005929446141196254,-0.02727066710064909,0.05102648765385332
64,64,w64,Inf,0.0,21,0.5000000000003757,0.5000000000003757,0.023423263335971587,-0.07284581700624447,0.027302710450728615
64,64,w64,Inf,0.0,22,0.5000000000012177,0.749999999999844,0.003187420060324885,0.04565412774650562,-0.10904850057993574
64,64,w64,Inf,0.0,23,0.7499999999995922,0.2499999999998184,0.0005929446140678144,0.029092659528534858,-0.005336838974984231
64,64,w64,Inf,0.0,24,0.749999999999844,0.4999999999995339,0.023423263335967365,-0.1899008845434493,0.1443577779880305
64,64,w64,Inf,0.0,25,0.7500000000000953,0.7499999999995921,0.003187420060359178,-0.07790622378579229,0.014511850952345496
65,65,w65,Inf,0.0,1,0.0,0.0,0.02419250617882985,-0.7482688107718827,0.721737463367076
65,65,w65,Inf,0.0,2,1.0,0.0,0.02419250617835312,0.00602567522313141,-0.03255702262742082
65,65,w65,Inf,0.0,3,1.0,1.0,0.014018807659292327,-0.21800161230293466,0.35916174550279345
65,65,w65,Inf,0.0,4,0.0,1.0,0.0140188076590753,0.09186961320271736,0.04929051999750941
65,65,w65,Inf,0.0,5,0.2499999999994109,0.0,0.024192506178710643,0.9734686525953231,-1.0
65,65,w65,Inf,0.0,6,0.4999999999986921,0.0,0.02419250617859152,0.24197610215277915,-0.26850744955732675
65,65,w65,Inf,0.0,7,0.7499999999993406,0.0,0.024192506178472302,-0.023790752168550273,-0.002740595235868104
65,65,w65,Inf,0.0,8,1.0,0.2499999999994109,0.007811220203544775,0.33803406903190253,-0.46005532785982517
65,65,w65,Inf,0.0,9,1.0,0.4999999999986921,-0.1537499457895925,-0.027007077437023182,0.020159547090794133
65,65,w65,Inf,0.0,10,1.0,0.7499999999993406,-0.08139867553979335,-0.04171723289517153,0.011967164170370335
65,65,w65,Inf,0.0,11,0.7500000000003471,1.0,0.014018807659237955,-0.4207892364952727,0.5619493696952236
65,65,w65,Inf,0.0,12,0.5000000000020595,1.0,0.01401880765918372,0.5330329679135245,-0.3918728347134821
65,65,w65,Inf,0.0,13,0.2500000000010405,1.0,0.014018807659129473,-0.20586562458880556,0.34702575778893957
65,65,w65,Inf,0.0,14,0.0,0.7500000000003471,-0.0813986755389751,0.8795490924288194,-0.9092991611536652
65,65,w65,Inf,0.0,15,0.0,0.5000000000020595,-0.15374994579032364,0.042988611703773445,-0.04983614204930844
65,65,w65,Inf,0.0,16,0.0,0.2500000000010405,0.007811220202484368,0.07497207337327726,-0.1969933322007904
65,65,w65,Inf,0.0,17,0.2499999999998184,0.2500000000006332,0.007811220202749483,0.1476326459453177,-0.2696539047729338
65,65,w65,Inf,0.0,18,0.2500000000002257,0.5000000000012177,-0.15374994579014098,0.16502350588409065,-0.17187103622979938
65,65,w65,Inf,0.0,19,0.2500000000006332,0.7500000000000954,-0.08139867553917964,0.43940130367951236,-0.4691513724043469
65,65,w65,Inf,0.0,20,0.4999999999995339,0.2500000000002257,0.007811220203014576,0.348146557348459,-0.4701678161761778
65,65,w65,Inf,0.0,21,0.5000000000003757,0.5000000000003757,-0.15374994578995824,-0.39828344353458567,0.3914359131887038
65,65,w65,Inf,0.0,22,0.5000000000012177,0.749999999999844,-0.08139867553938417,0.32762102025931283,-0.3573710889841365
65,65,w65,Inf,0.0,23,0.7499999999995922,0.2499999999998184,0.007811220203279669,-0.09078843592266819,-0.031232822905153022
65,65,w65,Inf,0.0,24,0.749999999999844,0.4999999999995339,-0.15374994578977536,0.32050081359579347,-0.32734834394184886
65,65,w65,Inf,0.0,25,0.7500000000000953,0.7499999999995921,-0.08139867553958884,0.2778177881046622,-0.3075678568294747
66,66,w66,Inf,0.0,1,0.0,0.0,0.012851607623829756,0.04414059346685969,-0.11524512648187775
66,66,w66,Inf,0.0,2,1.0,0.0,0.012851607623728011,0.2914385524384726,-0.3625430854520957
66,66,w66,Inf,0.0,3,1.0,1.0,0.03896064242914327,0.10869862915888011,0.1994588406739863
66,66,w66,Inf,0.0,4,0.0,1.0,0.03896064242912586,0.15929136034971061,0.1488661094843573
66,66,w66,Inf,0.0,5,0.2499999999994109,0.0,0.012851607623804284,0.058715963615378654,-0.1298204966300483
66,66,w66,Inf,0.0,6,0.4999999999986921,0.0,0.012851607623778918,-0.052620509258188036,-0.018484023756133314
66,66,w66,Inf,0.0,7,0.7499999999993406,0.0,0.012851607623753479,-0.04875384319554542,-0.02235068981842707
66,66,w66,Inf,0.0,8,1.0,0.2499999999994109,-0.025456365759546195,0.00988125707718789,-0.251771234324781
66,66,w66,Inf,0.0,9,1.0,0.4999999999986921,-0.07889492523062366,-0.10152688184452098,0.18050963212854962
66,66,w66,Inf,0.0,10,1.0,0.7499999999993406,-0.049634233785304974,0.13748808005055285,-0.24782870283632355
66,66,w66,Inf,0.0,11,0.7500000000003471,1.0,0.038960642429138805,0.19685192707572807,0.11130554275743842
66,66,w66,Inf,0.0,12,0.5000000000020595,1.0,0.03896064242913445,-0.6918425301665331,1.0
66,66,w66,Inf,0.0,13,0.2500000000010405,1.0,0.038960642429130186,0.19342090088367306,0.11473656895009404
66,66,w66,Inf,0.0,14,0.0,0.7500000000003471,-0.04963423378491361,0.0019030163273374724,-0.11224363911383016
66,66,w66,Inf,0.0,15,0.0,0.5000000000020595,-0.07889492523082889,0.08063523310524107,-0.0016524828202326154
66,66,w66,Inf,0.0,16,0.0,0.2500000000010405,-0.025456365759999284,-0.3540442888334588,0.11215431158753947
66,66,w66,Inf,0.0,17,0.2499999999998184,0.2500000000006332,-0.02545636575988604,-0.07920711686489505,-0.16268286038144217
66,66,w66,Inf,0.0,18,0.2500000000002257,0.5000000000012177,-0.07889492523077764,0.13076482204365755,-0.05178207175889425
66,66,w66,Inf,0.0,19,0.2500000000006332,0.7500000000000954,-0.04963423378501143,-0.5381146026994308,0.4277739799131185
66,66,w66,Inf,0.0,20,0.4999999999995339,0.2500000000002257,-0.02545636575977278,0.42934867078875333,-0.6712386480355094
66,66,w66,Inf,0.0,21,0.5000000000003757,0.5000000000003757,-0.07889492523072635,-0.04737545596452358,0.12635820624904195
66,66,w66,Inf,0.0,22,0.5000000000012177,0.749999999999844,-0.04963423378510924,0.3662616561665828,-0.4766022789527145
66,66,w66,Inf,0.0,23,0.7499999999995922,0.2499999999998184,-0.025456365759659497,-0.5416516494796638,0.2997616722324889
66,66,w66,Inf,0.0,24,0.749999999999844,0.4999999999995339,-0.078894925230675,-0.1319349431543479,0.2109176934386215
66,66,w66,Inf,0.0,25,0.7500000000000953,0.7499999999995921,-0.04963423378520714,-0.0745514858158467,-0.03578913697010481
67,67,w67,Inf,0.0,1,0.0,0.0,0.05294926405048503,0.42622736870794675,0.3999749768870784
67,67,w67,Inf,0.0,2,1.0,0.0,0.052949264050655025,1.0,-0.17379765440390713
67,67,w67,Inf,0.0,3,1.0,1.0,0.008636508912686074,0.058794534510758056,-0.13180576773652813
67,67,w67,Inf,0.0,4,0.0,1.0,0.008636508912777105,-0.04580530578518657,-0.02720592744105947
67,67,w67,Inf,0.0,5,0.2499999999994109,0.0,0.05294926405052799,0.8097509486978014,0.01645139689749113
67,67,w67,Inf,0.0,6,0.4999999999986921,0.0,0.05294926405056985,0.45397184492049664,0.37223050067506164
67,67,w67,Inf,0.0,7,0.7499999999993406,0.0,0.05294926405061235,0.36574575368003026,0.4604565919157962
67,67,w67,Inf,0.0,8,1.0,0.2499999999994109,0.006399260469700821,-0.05293734592995596,-0.0031512736186557273
67,67,w67,Inf,0.0,9,1.0,0.4999999999986921,0.028512335341067178,0.09064697137209032,-0.25722189134115336
67,67,w67,Inf,0.0,10,1.0,0.7499999999993406,0.0012714192961042175,-0.20209204847750425,0.21314186881143887
67,67,w67,Inf,0.0,11,0.7500000000003471,1.0,0.008636508912708486,-0.11676150627945124,0.043750273053562216
67,67,w67,Inf,0.0,12,0.5000000000020595,1.0,0.008636508912731846,-0.11041581048247873,0.03740457725647298
67,67,w67,Inf,0.0,13,0.2500000000010405,1.0,0.008636508912754809,-0.12389378941795978,0.05088255619183329
67,67,w67,Inf,0.0,14,0.0,0.7500000000003471,0.0012714192959503014,0.13906782994653083,-0.1280180096119953
67,67,w67,Inf,0.0,15,0.0,0.5000000000020595,0.02851233534107076,0.02960992945810575,-0.19618484942595132
67,67,w67,Inf,0.0,16,0.0,0.2500000000010405,0.00639926046973564,0.2759536554444997,-0.3320422749967593
67,67,w67,Inf,0.0,17,0.2499999999998184,0.2500000000006332,0.006399260469726473,-0.41561980629145606,0.35953118674010737
67,67,w67,Inf,0.0,18,0.2500000000002257,0.5000000000012177,0.028512335341070043,-0.1023167016828737,-0.0642582182852769
67,67,w67,Inf,0.0,19,0.2500000000006332,0.7500000000000954,0.0012714192959892149,-0.14618469243939658,0.1572345127737827
67,67,w67,Inf,0.0,20,0.4999999999995339,0.2500000000002257,0.006399260469718066,-0.26408514307909803,0.20799652352866016
67,67,w67,Inf,0.0,21,0.5000000000003757,0.5000000000003757,0.028512335341069162,0.07662006439786585,-0.24319498436632034
67,67,w67,Inf,0.0,22,0.5000000000012177,0.749999999999844,0.0012714192960274864,-0.15825587034075675,0.16930569067499165
67,67,w67,Inf,0.0,23,0.7499999999995922,0.2499999999998184,0.006399260469709398,-0.005857874620581981,-0.05023074492894358
67,67,w67,Inf,0.0,24,0.749999999999844,0.4999999999995339,0.02851233534106825,-0.2906734480343011,0.12409852806554321
67,67,w67,Inf,0.0,25,0.7500000000000953,0.7499999999995921,0.0012714192960656615,-0.07552838498448125,0.08657820531856557
68,68,w68,Inf,0.0,1,0.0,0.0,-0.15516641162561826,-0.13200604600729318,-0.13675782439821615
68,68,w68,Inf,0.0,2,1.0,0.0,-0.15516641162811975,-0.34105361117916033,0.07228974077258524
68,68,w68,Inf,0.0,3,1.0,1.0,0.30063863881275404,0.5792785692988721,-0.5851933455786946
68,68,w68,Inf,0.0,4,0.0,1.0,0.3006386388118596,0.016894753743849043,-0.02280953002629517
68,68,w68,Inf,0.0,5,0.2499999999994109,0.0,-0.15516641162624314,-0.26501525675948934,-0.0037486136462882395
68,68,w68,Inf,0.0,6,0.4999999999986921,0.0,-0.15516641162686834,-0.27801562869727586,0.009251758291235935
68,68,w68,Inf,0.0,7,0.7499999999993406,0.0,-0.15516641162749428,-0.06165058029537663,-0.20711329011093302
68,68,w68,Inf,0.0,8,1.0,0.2499999999994109,0.24048811525848962,-0.18314823633643265,-0.2135248247738635
68,68,w68,Inf,0.0,9,1.0,0.4999999999986921,-0.32522249762306316,-0.24850563289571137,-0.2376730893827336
68,68,w68,Inf,0.0,10,1.0,0.7499999999993406,-0.03230938922042705,0.10035343517851128,0.3951872716243669
68,68,w68,Inf,0.0,11,0.7500000000003471,1.0,0.30063863881253006,-0.026632152442500966,0.020717376162027304
68,68,w68,Inf,0.0,12,0.5000000000020595,1.0,0.30063863881230624,-0.0066998504117319665,0.0007850741305994169
68,68,w68,Inf,0.0,13,0.2500000000010405,1.0,0.3006386388120828,-0.03150881350199561,0.025594037220206194
68,68,w68,Inf,0.0,14,0.0,0.7500000000003471,-0.03230938921729733,0.10475041125285929,0.39079029555325284
68,68,w68,Inf,0.0,15,0.0,0.5000000000020595,-0.32522249762570515,-0.6693924569657966,0.18321373469413366
68,68,w68,Inf,0.0,16,0.0,0.2500000000010405,0.24048811525606595,-0.14878124285729255,-0.24789181825597437
68,68,w68,Inf,0.0,17,0.2499999999998184,0.2500000000006332,0.24048811525667207,-0.21204225490916062,-0.18463080620336253
68,68,w68,Inf,0.0,18,0.2500000000002257,0.5000000000012177,-0.3252224976250448,0.022447579549508313,-0.5086263018228656
68,68,w68,Inf,0.0,19,0.2500000000006332,0.7500000000000954,-0.03230938921807946,0.07472395179718803,0.4208167550081148
68,68,w68,Inf,0.0,20,0.4999999999995339,0.2500000000002257,0.2404881152572779,-0.21571433377105487,-0.18095872734072593
68,68,w68,Inf,0.0,21,0.5000000000003757,0.5000000000003757,-0.325222497624385,-1.0,0.5138212777249469
68,68,w68,Inf,0.0,22,0.5000000000012177,0.749999999999844,-0.032309389218861805,0.24757148262311388,0.24796922418137946
68,68,w68,Inf,0.0,23,0.7499999999995922,0.2499999999998184,0.24048811525788408,-0.1666943244245631,-0.22997873668647417
68,68,w68,Inf,0.0,24,0.749999999999844,0.4999999999995339,-0.325222497623724,0.021696165730410694,-0.507874888007161
68,68,w68,Inf,0.0,25,0.7500000000000953,0.7499999999995921,-0.03230938921964433,-0.09327581646462497,0.5888165232683094
69,69,w69,Inf,0.0,1,0.0,0.0,0.18246965943365645,0.03528187804750862,-0.15966446215029573
69,69,w69,Inf,0.0,2,1.0,0.0,0.182469659434553,-0.21169833029832602,0.08731574619294429
69,69,w69,Inf,0.0,3,1.0,1.0,-0.02040460200305676,0.5991567514682128,-0.8625904040059741
69,69,w69,Inf,0.0,4,0.0,1.0,-0.020404602001921283,-0.15096262700678087,-0.1124710255326939
69,69,w69,Inf,0.0,5,0.2499999999994109,0.0,0.18246965943388066,0.005188780489970341,-0.12957136459340562
69,69,w69,Inf,0.0,6,0.4999999999986921,0.0,0.18246965943410476,-0.1394978996252247,0.015115315521142881
69,69,w69,Inf,0.0,7,0.7499999999993406,0.0,0.1824696594343288,0.002475892476459618,-0.12685847658119284
69,69,w69,Inf,0.0,8,1.0,0.2499999999994109,-0.001558511661002253,0.5069253098002611,-0.3091248796465861
69,69,w69,Inf,0.0,9,1.0,0.4999999999986921,0.06415164513616652,0.2411119295913721,-0.6474685583160877
69,69,w69,Inf,0.0,10,1.0,0.7499999999993406,-0.29912417003521674,-0.136679521772587,0.10450123584550232
69,69,w69,Inf,0.0,11,0.7500000000003471,1.0,-0.02040460200277262,-0.23718404846805302,-0.026249604070135036
69,69,w69,Inf,0.0,12,0.5000000000020595,1.0,-0.020404602002488764,-0.49237966531885136,0.22894601278023238
69,69,w69,Inf,0.0,13,0.2500000000010405,1.0,-0.020404602002205053,-0.27028654275202585,0.0068528902129781554
69,69,w69,Inf,0.0,14,0.0,0.7500000000003471,-0.29912417003636277,-0.09216263860033669,0.05998435267572953
69,69,w69,Inf,0.0,15,0.0,0.5000000000020595,0.06415164513404217,0.07528356695929925,-0.48164019568601585
69,69,w69,Inf,0.0,16,0.0,0.2500000000010405,-0.0015585116604116603,1.0,-0.8021995698494258
69,69,w69,Inf,0.0,17,0.2499999999998184,0.2500000000006332,-0.0015585116605594943,0.2777116322901132,-0.07991120213876504
69,69,w69,Inf,0.0,18,0.2500000000002257,0.5000000000012177,0.0641516451345732,-0.9028946596366754,0.4965380309104576
69,69,w69,Inf,0.0,19,0.2500000000006332,0.7500000000000954,-0.29912417003607605,-0.2508779354908621,0.21869964956563676
69,69,w69,Inf,0.0,20,0.4999999999995339,0.2500000000002257,-0.001558511660707455,0.2631469127177958,-0.06534648256567355
69,69,w69,Inf,0.0,21,0.5000000000003757,0.5000000000003757,0.06415164513510443,-0.24389261000107051,-0.16246401872464816
69,69,w69,Inf,0.0,22,0.5000000000012177,0.749999999999844,-0.29912417003578945,-0.03599006065716796,0.0038117747313228295
69,69,w69,Inf,0.0,23,0.7499999999995922,0.2499999999998184,-0.0015585116608550532,-0.08229080605419371,0.28009123620709264
69,69,w69,Inf,0.0,24,0.749999999999844,0.4999999999995339,0.06415164513563566,0.020221514136784965,-0.4265781428620036
69,69,w69,Inf,0.0,25,0.7500000000000953,0.7499999999995921,-0.2991241700355032,0.5092980527337639,-0.5414763386602283
70,70,w70,Inf,0.0,1,0.0,0.0,-0.05883520758014903,-0.10587740394743622,0.0011143149040634683
70,70,w70,Inf,0.0,2,1.0,0.0,-0.058835207575051625,-0.0022524864284536074,-0.10251060261527441
70,70,w70,Inf,0.0,3,1.0,1.0,-0.4534993354805525,0.2811038467134373,0.07576089320782971
70,70,w70,Inf,0.0,4,0.0,1.0,-0.45349933547922805,0.1542392774543248,0.20262546246716975
70,70,w70,Inf,0.0,5,0.2499999999994109,0.0,-0.05883520757887542,0.05694472945847254,-0.1617078185019387
70,70,w70,Inf,0.0,6,0.4999999999986921,0.0,-0.05883520757760026,-0.04259007965222297,-0.06217300939133068
70,70,w70,Inf,0.0,7,0.7499999999993406,0.0,-0.058835207576326466,-0.1559525105171802,0.051189421473536535
70,70,w70,Inf,0.0,8,1.0,0.2499999999994109,-1.0,-0.0385829317161594,0.12915641668992808
70,70,w70,Inf,0.0,9,1.0,0.4999999999986921,0.21227376618702376,0.22158172989690864,-0.1404174715330226
70,70,w70,Inf,0.0,10,1.0,0.7499999999993406,0.012608067958055986,0.07144426560000586,0.020770062167080185
70,70,w70,Inf,0.0,11,0.7500000000003471,1.0,-0.45349933548022126,0.18886467319278136,0.1680000667285468
70,70,w70,Inf,0.0,12,0.5000000000020595,1.0,-0.45349933547989,0.3219250998483895,0.03493964007299308
70,70,w70,Inf,0.0,13,0.2500000000010405,1.0,-0.453499335479559,0.2187041632083654,0.13816057671307488
70,70,w70,Inf,0.0,14,0.0,0.7500000000003471,0.012608067953535924,-0.11124973791181288,0.20346406567951333
70,70,w70,Inf,0.0,15,0.0,0.5000000000020595,0.21227376619573318,-0.06672357494989296,0.14788783331348637
70,70,w70,Inf,0.0,16,0.0,0.2500000000010405,-0.9999999999959367,0.2577157818841679,-0.16714229690983948
70,70,w70,Inf,0.0,17,0.2499999999998184,0.2500000000006332,-0.9999999999969525,0.26429922267892636,-0.1737257377047345
70,70,w70,Inf,0.0,18,0.2500000000002257,0.5000000000012177,0.21227376619355612,0.43184411022037694,-0.35067985185670875
70,70,w70,Inf,0.0,19,0.2500000000006332,0.7500000000000954,0.012608067954664796,-0.7689408396604734,0.8611551674280185
70,70,w70,Inf,0.0,20,0.4999999999995339,0.2500000000002257,-0.9999999999979686,0.1491519169065998,-0.05857843193254868
70,70,w70,Inf,0.0,21,0.5000000000003757,0.5000000000003757,0.21227376619137928,-0.6317708785990441,0.7129351369627864
70,70,w70,Inf,0.0,22,0.5000000000012177,0.749999999999844,0.012608067955794682,-0.5576670281160983,0.64988135588349
70,70,w70,Inf,0.0,23,0.7499999999995922,0.2499999999998184,-0.9999999999989839,0.23078971306100243,-0.14021622808709047
70,70,w70,Inf,0.0,24,0.749999999999844,0.4999999999995339,0.2122737661892007,0.3719667883802923,-0.290802530016479
70,70,w70,Inf,0.0,25,0.7500000000000953,0.7499999999995921,0.01260806795692571,0.208558727301313,-0.11634439953407413
71,71,w71,Inf,0.0,1,0.0,0.0,-0.9358476162296774,-0.18615554764759062,-0.1590518354804082
71,71,w71,Inf,0.0,2,1.0,0.0,-0.9358476162301375,-0.43401681039667733,0.08880942727232138
71,71,w71,Inf,0.0,3,1.0,1.0,0.07599285802054538,0.6231640796907657,-0.43690689733241617
71,71,w71,Inf,0.0,4,0.0,1.0,0.07599285802058614,0.1107753169133788,0.07548186544774103
71,71,w71,Inf,0.0,5,0.2499999999994109,0.0,-0.9358476162297927,-0.08132360295586842,-0.26388378017121994
71,71,w71,Inf,0.0,6,0.4999999999986921,0.0,-0.9358476162299073,-0.380832414919883,0.03562503179370419
71,71,w71,Inf,0.0,7,0.7499999999993406,0.0,-0.9358476162300225,-0.3188235188529896,-0.026383864272279154
71,71,w71,Inf,0.0,8,1.0,0.2499999999994109,-0.15373033102525904,-0.04926459465654981,-0.6559610228834164
71,71,w71,Inf,0.0,9,1.0,0.4999999999986921,0.20064500814901542,0.1258075679893737,0.0596724213205507
71,71,w71,Inf,0.0,10,1.0,0.7499999999993406,0.23821159681758017,-1.0,0.6233674495657143
71,71,w71,Inf,0.0,11,0.7500000000003471,1.0,0.07599285802055601,0.08401217493179196,0.10224500742724867
71,71,w71,Inf,0.0,12,0.5000000000020595,1.0,0.07599285802056588,-0.2710496834237071,0.4573068657834381
71,71,w71,Inf,0.0,13,0.2500000000010405,1.0,0.0759928580205763,0.06373095776294767,0.12252622459747703
71,71,w71,Inf,0.0,14,0.0,0.7500000000003471,0.23821159681684684,-0.18681879817126515,-0.18981375226626895
71,71,w71,Inf,0.0,15,0.0,0.5000000000020595,0.20064500815140918,0.16720027775844673,0.018279711554138014
71,71,w71,Inf,0.0,16,0.0,0.2500000000010405,-0.15373033102107359,-0.5948190869403466,-0.11040653059464703
71,71,w71,Inf,0.0,17,0.2499999999998184,0.2500000000006332,-0.15373033102211983,-0.4557488735281399,-0.24947674400809658
71,71,w71,Inf,0.0,18,0.2500000000002257,0.5000000000012177,0.20064500815081088,-0.1629160483440512,0.348396037655971
71,71,w71,Inf,0.0,19,0.2500000000006332,0.7500000000000954,0.23821159681702983,0.5386046144984914,-0.9152371649352125
71,71,w71,Inf,0.0,20,0.4999999999995339,0.2500000000002257,-0.15373033102316674,0.02267454749487027,-0.7279001650323484
71,71,w71,Inf,0.0,21,0.5000000000003757,0.5000000000003757,0.20064500815021286,0.11577354621037189,0.06970644310088148
71,71,w71,Inf,0.0,22,0.5000000000012177,0.749999999999844,0.23821159681721277,-0.89775113089069,0.5211185804547819
71,71,w71,Inf,0.0,23,0.7499999999995922,0.2499999999998184,-0.15373033102421232,-0.44851248168049557,-0.2567131358582255
71,71,w71,Inf,0.0,24,0.749999999999844,0.4999999999995339,0.20064500814961428,-0.031726856490001426,0.21720684580059052
71,71,w71,Inf,0.0,25,0.7500000000000953,0.7499999999995921,0.23821159681739634,-0.17101941378833643,-0.2056131366467598
72,72,w72,Inf,0.0,1,0.0,0.0,-0.3327760095698717,0.0615121550644032,0.05416768449606689
72,72,w72,Inf,0.0,2,1.0,0.0,-0.33277600956858944,0.2705245645556507,-0.1548447249980189
72,72,w72,Inf,0.0,3,1.0,1.0,-0.2672071138445694,-0.29286052565773363,0.003245022583098351
72,72,w72,Inf,0.0,4,0.0,1.0,-0.26720711384318013,-0.11789153910641396,-0.17172396396924228
72,72,w72,Inf,0.0,5,0.2499999999994109,0.0,-0.3327760095695515,0.07458622845010143,0.04109361110965937
72,72,w72,Inf,0.0,6,0.4999999999986921,0.0,-0.33277600956923054,0.15831172453437725,-0.04263188497533048
72,72,w72,Inf,0.0,7,0.7499999999993406,0.0,-0.33277600956890957,0.08778471519311237,0.027895124365229083
72,72,w72,Inf,0.0,8,1.0,0.2499999999994109,-0.17613191768850836,-0.33108610995458243,0.6620440886945766
72,72,w72,Inf,0.0,9,1.0,0.4999999999986921,0.21512543914369192,-0.8237006493969471,0.280529511551306
72,72,w72,Inf,0.0,10,1.0,0.7499999999993406,-0.26783134980282186,-0.2997402056569048,-0.13783993903101824
72,72,w72,Inf,0.0,11,0.7500000000003471,1.0,-0.2672071138442224,-0.13269329100416621,-0.15692221207073095
72,72,w72,Inf,0.0,12,0.5000000000020595,1.0,-0.2672071138438751,-0.2810631317244172,-0.008552371350734273
72,72,w72,Inf,0.0,13,0.2500000000010405,1.0,-0.2672071138435282,-0.14996643820541367,-0.1396490648699883
72,72,w72,Inf,0.0,14,0.0,0.7500000000003471,-0.2678313498055983,-0.18385736036012895,-0.253722784325152
72,72,w72,Inf,0.0,15,0.0,0.5000000000020595,0.21512543914302396,-0.5749993198001727,0.03182818194845062
72,72,w72,Inf,0.0,16,0.0,0.2500000000010405,-0.1761319176849177,-0.42084451183322275,0.7518024905689356
72,72,w72,Inf,0.0,17,0.2499999999998184,0.2500000000006332,-0.176131917685815,-0.2706719015439495,0.601629880280732
72,72,w72,Inf,0.0,18,0.2500000000002257,0.5000000000012177,0.2151254391431907,-1.0,0.4568288621497981
72,72,w72,Inf,0.0,19,0.2500000000006332,0.7500000000000954,-0.267831349804904,0.20921164476543438,-0.6467917894513785
72,72,w72,Inf,0.0,20,0.4999999999995339,0.2500000000002257,-0.17613191768671307,0.22285025665663227,0.10810772208122195
72,72,w72,Inf,0.0,21,0.5000000000003757,0.5000000000003757,0.21512543914335797,-0.9248399519397159,0.381668814091034
72,72,w72,Inf,0.0,22,0.5000000000012177,0.749999999999844,-0.26783134980420975,0.21523962904670735,-0.6528197737333101
72,72,w72,Inf,0.0,23,0.7499999999995922,0.2499999999998184,-0.17613191768761058,0.12584604489340165,0.2051119338455222
72,72,w72,Inf,0.0,24,0.749999999999844,0.4999999999995339,0.21512543914352497,-0.09943419707689348,-0.443736940770267
72,72,w72,Inf,0.0,25,0.7500000000000953,0.7499999999995921,-0.26783134980351603,-0.3749929021014718,-0.06258724258579093
73,73,w73,Inf,0.0,1,0.0,0.0,0.3449318875296868,0.18445442911906085,0.13990679586841823
73,73,w73,Inf,0.0,2,1.0,0.0,0.34493188753039017,0.5669003551382769,-0.24253913014970888
73,73,w73,Inf,0.0,3,1.0,1.0,-0.15291123858151243,0.9055553800834327,-0.6448540216373884
73,73,w73,Inf,0.0,4,0.0,1.0,-0.1529112385813241,0.07959424005051267,0.18110711839772126
73,73,w73,Inf,0.0,5,0.2499999999994109,0.0,0.344931887529863,0.2073772660521821,0.11698395893557643
73,73,w73,Inf,0.0,6,0.4999999999986921,0.0,0.34493188753003773,0.2779527028719733,0.04640852211605281
73,73,w73,Inf,0.0,7,0.7499999999993406,0.0,0.3449318875302138,0.09920466725267613,0.2251565577356232
73,73,w73,Inf,0.0,8,1.0,0.2499999999994109,0.31423191826077784,0.0837550635360215,0.5914138426150451
73,73,w73,Inf,0.0,9,1.0,0.4999999999986921,0.480264939945152,0.2484056603913378,0.7221941601531839
73,73,w73,Inf,0.0,10,1.0,0.7499999999993406,0.25944188381999084,-0.346739683229005,0.462558240736731
73,73,w73,Inf,0.0,11,0.7500000000003471,1.0,-0.15291123858146463,0.16352709379611705,0.09717426465046822
73,73,w73,Inf,0.0,12,0.5000000000020595,1.0,-0.15291123858141784,-0.02979231158141123,0.2904936700285485
73,73,w73,Inf,0.0,13,0.2500000000010405,1.0,-0.15291123858137076,0.020973073206298976,0.23972828524138404
73,73,w73,Inf,0.0,14,0.0,0.7500000000003471,0.2594418838179542,0.14008910765262708,-0.024270550148680566
73,73,w73,Inf,0.0,15,0.0,0.5000000000020595,0.48026493994504144,0.6348399884291727,0.33575983211103466
73,73,w73,Inf,0.0,16,0.0,0.2500000000010405,0.3142319182619822,0.6955159132388886,-0.020347007083370894
73,73,w73,Inf,0.0,17,0.2499999999998184,0.2500000000006332,0.31423191826168145,0.23240034989280742,0.44276855626159395
73,73,w73,Inf,0.0,18,0.2500000000002257,0.5000000000012177,0.4802649399450687,1.0,-0.029400179458716962
73,73,w73,Inf,0.0,19,0.2500000000006332,0.7500000000000954,0.259441883818463,0.49899819334806206,-0.3831796358431681
73,73,w73,Inf,0.0,20,0.4999999999995339,0.2500000000002257,0.31423191826138025,0.5639408395979183,0.11122806655537065
73,73,w73,Inf,0.0,21,0.5000000000003757,0.5000000000003757,0.4802649399450971,0.3763311192443217,0.5942687012980431
73,73,w73,Inf,0.0,22,0.5000000000012177,0.749999999999844,0.2594418838189721,0.27908837026479866,-0.16326981275896116
73,73,w73,Inf,0.0,23,0.7499999999995922,0.2499999999998184,0.3142319182610788,0.31205252464550043,0.3631163815066765
73,73,w73,Inf,0.0,24,0.749999999999844,0.4999999999995339,0.4802649399451244,0.32244488965262086,0.6481549308908243
73,73,w73,Inf,0.0,25,0.7500000000000953,0.7499999999995921,0.25944188381948163,0.10027121199783431,0.015547345508948623
74,74,w74,Inf,0.0,1,0.0,0.0,-0.01396648323528087,0.15392124490202078,0.06980179161818963
74,74,w74,Inf,0.0,2,1.0,0.0,-0.013966483233594385,0.2142804040419032,0.009442632475938807
74,74,w74,Inf,0.0,3,1.0,1.0,0.02876292132960422,0.4324651769696443,0.019997421435080237
74,74,w74,Inf,0.0,4,0.0,1.0,0.02876292133158691,0.22821892482030262,0.2242436735822544
74,74,w74,Inf,0.0,5,0.2499999999994109,0.0,-0.013966483234858615,0.21230371565672396,0.01141932086289306
74,74,w74,Inf,0.0,6,0.4999999999986921,0.0,-0.013966483234437105,0.1798644632238875,0.043858573295137704
74,74,w74,Inf,0.0,7,0.7499999999993406,0.0,-0.013966483234015715,0.16222062334481288,0.061502413173617085
74,74,w74,Inf,0.0,8,1.0,0.2499999999994109,-0.1122900202502259,0.8554913237269343,-0.3423128637868971
74,74,w74,Inf,0.0,9,1.0,0.4999999999986921,0.21390696830360845,-0.9151537683016854,1.0
74,74,w74,Inf,0.0,10,1.0,0.7499999999993406,-0.3700019634210468,0.3613804141835348,0.38700587606929043
74,74,w74,Inf,0.0,11,0.7500000000003471,1.0,0.028762921330099177,0.23579607778577205,0.21666652061841438
74,74,w74,Inf,0.0,12,0.5000000000020595,1.0,0.028762921330594746,0.3852809103148248,0.06718168808881944
74,74,w74,Inf,0.0,13,0.2500000000010405,1.0,0.028762921331090045,0.1760232271890274,0.27643937121407475
74,74,w74,Inf,0.0,14,0.0,0.7500000000003471,-0.3700019634234099,0.434215939060944,0.3141703511950336
74,74,w74,Inf,0.0,15,0.0,0.5000000000020595,0.21390696830172465,0.2849985961514088,-0.2001523644516183
74,74,w74,Inf,0.0,16,0.0,0.2500000000010405,-0.1122900202474923,0.6072570309084729,-0.09407857097129069
74,74,w74,Inf,0.0,17,0.2499999999998184,0.2500000000006332,-0.11229002024817632,0.3521264549199907,0.16105200501790512
74,74,w74,Inf,0.0,18,0.2500000000002257,0.5000000000012177,0.21390696830219583,0.13880821762099485,-0.053961985921575036
74,74,w74,Inf,0.0,19,0.2500000000006332,0.7500000000000954,-0.37000196342281877,0.11016494321489143,0.6382213470402988
74,74,w74,Inf,0.0,20,0.4999999999995339,0.2500000000002257,-0.11229002024885947,0.4458660724345788,0.06731238750403008
74,74,w74,Inf,0.0,21,0.5000000000003757,0.5000000000003757,0.21390696830266687,0.709078185149457,-0.6242319534504065
74,74,w74,Inf,0.0,22,0.5000000000012177,0.749999999999844,-0.3700019634222276,0.28027631894188404,0.4681099713125184
74,74,w74,Inf,0.0,23,0.7499999999995922,0.2499999999998184,-0.11229002024954254,0.5703176692883812,-0.05713920934905759
74,74,w74,Inf,0.0,24,0.749999999999844,0.4999999999995339,0.2139069683031376,-0.012345780918509639,0.09719201261719132
74,74,w74,Inf,0.0,25,0.7500000000000953,0.7499999999995921,-0.3700019634216371,0.07493202990159585,0.6734542603520176
75,75,w75,Inf,0.0,1,0.0,0.0,0.05738881648314082,-0.15013261731344194,-0.06234789859174045
75,75,w75,Inf,0.0,2,1.0,0.0,0.05738881648281667,-0.20927144667039346,-0.003209069235545098
75,75,w75,Inf,0.0,3,1.0,1.0,0.1934269184109145,1.0,-0.11483119845681818
75,75,w75,Inf,0.0,4,0.0,1.0,0.19342691840971266,0.3860419390649982,0.4991268624800651
75,75,w75,Inf,0.0,5,0.2499999999994109,0.0,0.057388816483060004,-0.20833394464803706,-0.004146571257337645
75,75,w75,Inf,0.0,6,0.4999999999986921,0.0,0.05738881648297974,-0.2052902591102884,-0.007190256795271704
75,75,w75,Inf,0.0,7,0.7499999999993406,0.0,0.057388816482898314,-0.20705352935312155,-0.005426986552625627
75,75,w75,Inf,0.0,8,1.0,0.2499999999994109,-0.20035173708350865,-0.033187042664288825,0.09025902685808522
75,75,w75,Inf,0.0,9,1.0,0.4999999999986921,-0.2816506317584782,-0.09690634418743209,-0.1209923820877132
75,75,w75,Inf,0.0,10,1.0,0.7499999999993406,0.2501752865349615,-0.48575471015593175,-0.055994534572651966
75,75,w75,Inf,0.0,11,0.7500000000003471,1.0,0.19342691841061432,0.48716016234315196,0.3980086392005045
75,75,w75,Inf,0.0,12,0.5000000000020595,1.0,0.19342691841031348,0.5860377860900423,0.29913101545408444
75,75,w75,Inf,0.0,13,0.2500000000010405,1.0,0.1934269184100124,0.45661413999442313,0.4285546615501747
75,75,w75,Inf,0.0,14,0.0,0.7500000000003471,0.2501752865371398,-0.3054974884023857,-0.2362517563241951
75,75,w75,Inf,0.0,15,0.0,0.5000000000020595,-0.281650631755004,-0.6230964455174469,0.4051977192369353
75,75,w75,Inf,0.0,16,0.0,0.2500000000010405,-0.2003517370858346,0.1875771341357489,-0.13050514994172838
75,75,w75,Inf,0.0,17,0.2499999999998184,0.2500000000006332,-0.20035173708525345,0.15340701456127975,-0.09633503036731403
75,75,w75,Inf,0.0,18,0.2500000000002257,0.5000000000012177,-0.2816506317558721,-0.44144399257188444,0.22354526629271748
75,75,w75,Inf,0.0,19,0.2500000000006332,0.7500000000000954,0.2501752865365951,-0.4306405846999577,-0.11110866002712631
75,75,w75,Inf,0.0,20,0.4999999999995339,0.2500000000002257,-0.2003517370846717,-0.2610105379744471,0.3180825221683573
75,75,w75,Inf,0.0,21,0.5000000000003757,0.5000000000003757,-0.2816506317567408,0.04349762171398411,-0.261396347991811
75,75,w75,Inf,0.0,22,0.5000000000012177,0.749999999999844,0.25017528653604987,0.05442337691895453,-0.5961726216465373
75,75,w75,Inf,0.0,23,0.7499999999995922,0.2499999999998184,-0.20035173708408996,0.17493787723741777,-0.11786589304356532
75,75,w75,Inf,0.0,24,0.749999999999844,0.4999999999995339,-0.28165063175761007,0.2525756198599241,-0.4704743461364095
75,75,w75,Inf,0.0,25,0.7500000000000953,0.7499999999995921,0.2501752865355058,-0.47474486079705536,-0.0670043839310291
