<?xml version="1.0" encoding="utf-8"?>
<VTKFile type="UnstructuredGrid" version="1.0" byte_order="LittleEndian" header_type="UInt64">
  <UnstructuredGrid>
    <Piece NumberOfPoints="625" NumberOfCells="576">
      <Points>
        <DataArray type="Float64" Name="Points" NumberOfComponents="3" format="ascii">
 0.0 0.0 0.0 1.0 0.0 0.0 1.0 1.0 0.0 0.0 1.0 0.0 0.0416666666665846 0.0 0.0 0.08333333333317297 0.0 0.0 0.1249999999997731 0.0 0.0 0.1666666666663209 0.0 0.0 0.2083333333328659 0.0 0.0 0.2499999999994109 0.0 0.0 0.291666666665956 0.0 0.0 0.333333333332501 0.0 0.0 0.374999999999046 0.0 0.0 0.4166666666655911 0.0 0.0 0.4583333333321362 0.0 0.0 0.499999999998692 0.0 0.0 0.5416666666654577 0.0 0.0 0.5833333333322344 0.0 0.0 0.6249999999990109 0.0 0.0 0.6666666666657874 0.0 0.0 0.708333333332564 0.0 0.0 0.7499999999993405 0.0 0.0 0.7916666666661172 0.0 0.0 0.8333333333328937 0.0 0.0 0.8749999999996703 0.0 0.0 0.9166666666664468 0.0 0.0 0.9583333333332233 0.0 0.0 1.0 0.0416666666665846 0.0 1.0 0.08333333333317297 0.0 1.0 0.1249999999997731 0.0 1.0 0.1666666666663209 0.0 1.0 0.2083333333328659 0.0 1.0 0.2499999999994109 0.0 1.0 0.291666666665956 0.0 1.0 0.333333333332501 0.0 1.0 0.374999999999046 0.0 1.0 0.4166666666655911 0.0 1.0 0.4583333333321362 0.0 1.0 0.499999999998692 0.0 1.0 0.5416666666654577 0.0 1.0 0.5833333333322344 0.0 1.0 0.6249999999990109 0.0 1.0 0.6666666666657874 0.0 1.0 0.708333333332564 0.0 1.0 0.7499999999993405 0.0 1.0 0.7916666666661172 0.0 1.0 0.8333333333328937 0.0 1.0 0.8749999999996703 0.0 1.0 0.9166666666664468 0.0 1.0 0.9583333333332233 0.0 0.9583333333331598 1.0 0.0 0.9166666666663197 1.0 0.0 0.8749999999995012 1.0 0.0 0.833333333333102 1.0 0.0 0.7916666666667245 1.0 0.0 0.7500000000003471 1.0 0.0 0.7083333333339694 1.0 0.0 0.6666666666675918 1.0 0.0 0.625000000001214 1.0 0.0 0.5833333333348364 1.0 0.0 0.5416666666684589 1.0 0.0 0.5000000000020595 1.0 0.0 0.458333333335241 1.0 0.0 0.416666666668401 1.0 0.0 0.3750000000015609 1.0 0.0 0.3333333333347207 1.0 0.0 0.2916666666678807 1.0 0.0 0.2500000000010405 1.0 0.0 0.2083333333342005 1.0 0.0 0.1666666666673604 1.0 0.0 0.1250000000005203 1.0 0.0 0.0833333333336802 1.0 0.0 0.04166666666684016 1.0 0.0 0.0 0.9583333333331598 0.0 0.0 0.9166666666663197 0.0 0.0 0.8749999999995012 0.0 0.0 0.833333333333102 0.0 0.0 0.7916666666667245 0.0 0.0 0.7500000000003471 0.0 0.0 0.7083333333339694 0.0 0.0 0.6666666666675918 0.0 0.0 0.625000000001214 0.0 0.0 0.5833333333348364 0.0 0.0 0.5416666666684589 0.0 0.0 0.5000000000020595 0.0 0.0 0.458333333335241 0.0 0.0 0.416666666668401 0.0 0.0 0.3750000000015609 0.0 0.0 0.3333333333347207 0.0 0.0 0.2916666666678807 0.0 0.0 0.2500000000010405 0.0 0.0 0.2083333333342005 0.0 0.0 0.1666666666673604 0.0 0.0 0.1250000000005203 0.0 0.0 0.0833333333336802 0.0 0.0 0.04166666666684016 0.0 0.04166666666659525 0.04166666666682952 0.0 0.04166666666660591 0.08333333333365907 0.0 0.04166666666661654 0.1250000000004891 0.0 0.0416666666666272 0.1666666666673171 0.0 0.04166666666663785 0.2083333333341448 0.0 0.04166666666664851 0.2500000000009727 0.0 0.04166666666665914 0.2916666666678005 0.0 0.04166666666666978 0.3333333333346282 0.0 0.04166666666668043 0.3750000000014561 0.0 0.04166666666669108 0.4166666666682839 0.0 0.04166666666670172 0.4583333333351116 0.0 0.04166666666671238 0.5000000000019191 0.0 0.04166666666672302 0.5416666666683339 0.0 0.04166666666673368 0.5833333333347279 0.0 0.04166666666674432 0.6250000000011222 0.0 0.04166666666675497 0.6666666666675166 0.0 0.04166666666676563 0.7083333333339108 0.0 0.04166666666677626 0.7500000000003051 0.0 0.04166666666678692 0.7916666666666992 0.0 0.04166666666679756 0.8333333333330932 0.0 0.0416666666668082 0.8749999999995082 0.0 0.04166666666681886 0.916666666666325 0.0 0.0416666666668295 0.9583333333331625 0.0 0.08333333333319408 0.04166666666681886 0.0 0.08333333333321523 0.08333333333363795 0.0 0.08333333333323638 0.125000000000458 0.0 0.0833333333332575 0.1666666666672738 0.0 0.08333333333327865 0.2083333333340893 0.0 0.08333333333329981 0.2500000000009047 0.0 0.08333333333332092 0.2916666666677204 0.0 0.08333333333334206 0.3333333333345357 0.0 0.08333333333336317 0.3750000000013513 0.0 0.08333333333338432 0.4166666666681669 0.0 0.08333333333340544 0.4583333333349822 0.0 0.08333333333342659 0.5000000000017788 0.0 0.08333333333344774 0.5416666666682088 0.0 0.08333333333346886 0.5833333333346196 0.0 0.08333333333348998 0.6250000000010303 0.0 0.08333333333351113 0.6666666666674416 0.0 0.08333333333353225 0.7083333333338522 0.0 0.0833333333335534 0.7500000000002631 0.0 0.08333333333357452 0.7916666666666738 0.0 0.08333333333359567 0.8333333333330847 0.0 0.0833333333336168 0.8749999999995154 0.0 0.08333333333363795 0.9166666666663303 0.0 0.0833333333336591 0.958333333333165 0.0 0.1249999999998042 0.0416666666668082 0.0 0.1249999999998354 0.0833333333336168 0.0 0.1249999999998665 0.1250000000004269 0.0 0.1249999999998976 0.1666666666672305 0.0 0.1249999999999288 0.2083333333340336 0.0 0.1249999999999599 0.2500000000008368 0.0 0.124999999999991 0.2916666666676401 0.0 0.1250000000000221 0.3333333333344432 0.0 0.1250000000000533 0.3750000000012464 0.0 0.1250000000000844 0.4166666666680497 0.0 0.1250000000001156 0.4583333333348529 0.0 0.1250000000001467 0.5000000000016385 0.0 0.1250000000001778 0.5416666666680836 0.0 0.1250000000002089 0.5833333333345112 0.0 0.12500000000024 0.6250000000009386 0.0 0.1250000000002712 0.6666666666673661 0.0 0.1250000000003023 0.7083333333337938 0.0 0.1250000000003335 0.7500000000002212 0.0 0.1250000000003646 0.7916666666666485 0.0 0.1250000000003957 0.8333333333330759 0.0 0.1250000000004269 0.8749999999995224 0.0 0.125000000000458 0.9166666666663357 0.0 0.1250000000004891 0.9583333333331678 0.0 0.1666666666663641 0.04166666666679757 0.0 0.1666666666664074 0.08333333333359565 0.0 0.1666666666664508 0.1250000000003957 0.0 0.1666666666664942 0.1666666666671872 0.0 0.1666666666665375 0.208333333333978 0.0 0.1666666666665808 0.2500000000007688 0.0 0.1666666666666241 0.2916666666675598 0.0 0.1666666666666674 0.3333333333343508 0.0 0.1666666666667107 0.3750000000011418 0.0 0.166666666666754 0.4166666666679327 0.0 0.1666666666667973 0.4583333333347235 0.0 0.1666666666668406 0.5000000000014984 0.0 0.166666666666884 0.5416666666679588 0.0 0.1666666666669273 0.5833333333344026 0.0 0.1666666666669706 0.6250000000008469 0.0 0.1666666666670139 0.666666666667291 0.0 0.1666666666670572 0.7083333333337352 0.0 0.1666666666671005 0.7500000000001794 0.0 0.1666666666671438 0.7916666666666232 0.0 0.1666666666671872 0.8333333333330672 0.0 0.1666666666672305 0.8749999999995293 0.0 0.1666666666672738 0.916666666666341 0.0 0.1666666666673171 0.9583333333331705 0.0 0.2083333333329215 0.04166666666678691 0.0 0.2083333333329771 0.08333333333357455 0.0 0.2083333333330327 0.1250000000003646 0.0 0.2083333333330883 0.1666666666671439 0.0 0.2083333333331439 0.2083333333339224 0.0 0.2083333333331995 0.250000000000701 0.0 0.2083333333332551 0.2916666666674796 0.0 0.2083333333333107 0.3333333333342582 0.0 0.2083333333333663 0.375000000001037 0.0 0.2083333333334219 0.4166666666678156 0.0 0.2083333333334776 0.4583333333345941 0.0 0.2083333333335332 0.500000000001358 0.0 0.2083333333335888 0.5416666666678336 0.0 0.2083333333336444 0.5833333333342943 0.0 0.2083333333337 0.625000000000755 0.0 0.2083333333337556 0.666666666667216 0.0 0.2083333333338112 0.7083333333336768 0.0 0.2083333333338668 0.7500000000001372 0.0 0.2083333333339225 0.7916666666665979 0.0 0.208333333333978 0.8333333333330585 0.0 0.2083333333340336 0.8749999999995363 0.0 0.2083333333340893 0.9166666666663463 0.0 0.2083333333341448 0.9583333333331728 0.0 0.2499999999994789 0.04166666666677628 0.0 0.2499999999995467 0.08333333333355342 0.0 0.2499999999996146 0.1250000000003335 0.0 0.2499999999996825 0.1666666666671005 0.0 0.2499999999997504 0.2083333333338668 0.0 0.2499999999998183 0.2500000000006332 0.0 0.2499999999998862 0.2916666666673995 0.0 0.2499999999999541 0.3333333333341658 0.0 0.250000000000022 0.3750000000009321 0.0 0.2500000000000899 0.4166666666676986 0.0 0.2500000000001578 0.4583333333344648 0.0 0.2500000000002257 0.5000000000012177 0.0 0.2500000000002937 0.5416666666677086 0.0 0.2500000000003615 0.5833333333341859 0.0 0.2500000000004293 0.6250000000006632 0.0 0.2500000000004973 0.6666666666671407 0.0 0.2500000000005652 0.7083333333336179 0.0 0.2500000000006332 0.7500000000000955 0.0 0.250000000000701 0.7916666666665726 0.0 0.2500000000007688 0.8333333333330499 0.0 0.2500000000008368 0.8749999999995435 0.0 0.2500000000009047 0.9166666666663514 0.0 0.2500000000009727 0.9583333333331756 0.0 0.2916666666660362 0.04166666666676563 0.0 0.2916666666661163 0.08333333333353225 0.0 0.2916666666661966 0.1250000000003023 0.0 0.2916666666662767 0.1666666666670572 0.0 0.2916666666663569 0.2083333333338112 0.0 0.2916666666664371 0.2500000000005652 0.0 0.2916666666665174 0.2916666666673193 0.0 0.2916666666665976 0.3333333333340733 0.0 0.2916666666666777 0.3750000000008274 0.0 0.2916666666667579 0.4166666666675815 0.0 0.2916666666668382 0.4583333333343353 0.0 0.2916666666669183 0.5000000000010774 0.0 0.2916666666669985 0.5416666666675836 0.0 0.2916666666670787 0.5833333333340776 0.0 0.2916666666671589 0.6250000000005715 0.0 0.2916666666672392 0.6666666666670654 0.0 0.2916666666673193 0.7083333333335595 0.0 0.2916666666673995 0.7500000000000535 0.0 0.2916666666674796 0.7916666666665473 0.0 0.2916666666675598 0.8333333333330413 0.0 0.2916666666676401 0.8749999999995504 0.0 0.2916666666677203 0.9166666666663568 0.0 0.2916666666678005 0.9583333333331783 0.0 0.3333333333325935 0.04166666666675496 0.0 0.333333333332686 0.08333333333351112 0.0 0.3333333333327785 0.1250000000002712 0.0 0.333333333332871 0.1666666666670139 0.0 0.3333333333329635 0.2083333333337556 0.0 0.3333333333330559 0.2500000000004973 0.0 0.3333333333331484 0.2916666666672392 0.0 0.3333333333332409 0.3333333333339809 0.0 0.3333333333333334 0.3750000000007226 0.0 0.3333333333334259 0.4166666666674644 0.0 0.3333333333335184 0.458333333334206 0.0 0.3333333333336109 0.500000000000937 0.0 0.3333333333337034 0.5416666666674586 0.0 0.3333333333337958 0.5833333333339692 0.0 0.3333333333338883 0.6250000000004796 0.0 0.3333333333339808 0.6666666666669904 0.0 0.3333333333340733 0.7083333333335011 0.0 0.3333333333341659 0.7500000000000115 0.0 0.3333333333342582 0.791666666666522 0.0 0.3333333333343508 0.8333333333330326 0.0 0.3333333333344432 0.8749999999995575 0.0 0.3333333333345358 0.9166666666663621 0.0 0.3333333333346282 0.9583333333331809 0.0 0.3749999999991508 0.04166666666674432 0.0 0.3749999999992557 0.08333333333349001 0.0 0.3749999999993604 0.12500000000024 0.0 0.3749999999994652 0.1666666666669706 0.0 0.37499999999957 0.2083333333337 0.0 0.3749999999996747 0.2500000000004294 0.0 0.3749999999997794 0.2916666666671589 0.0 0.3749999999998844 0.3333333333338883 0.0 0.3749999999999891 0.3750000000006178 0.0 0.3750000000000938 0.4166666666673473 0.0 0.3750000000001986 0.4583333333340767 0.0 0.3750000000003034 0.5000000000007967 0.0 0.3750000000004082 0.5416666666673335 0.0 0.3750000000005129 0.5833333333338606 0.0 0.3750000000006178 0.6250000000003877 0.0 0.3750000000007226 0.6666666666669151 0.0 0.3750000000008273 0.7083333333334423 0.0 0.3750000000009321 0.7499999999999696 0.0 0.3750000000010369 0.7916666666664967 0.0 0.3750000000011418 0.833333333333024 0.0 0.3750000000012464 0.8749999999995646 0.0 0.3750000000013513 0.9166666666663674 0.0 0.3750000000014561 0.9583333333331836 0.0 0.4166666666657082 0.04166666666673368 0.0 0.4166666666658253 0.08333333333346886 0.0 0.4166666666659424 0.1250000000002089 0.0 0.4166666666660594 0.1666666666669273 0.0 0.4166666666661765 0.2083333333336444 0.0 0.4166666666662936 0.2500000000003615 0.0 0.4166666666664107 0.2916666666670787 0.0 0.4166666666665277 0.3333333333337958 0.0 0.4166666666666449 0.375000000000513 0.0 0.4166666666667619 0.4166666666672302 0.0 0.416666666666879 0.4583333333339473 0.0 0.416666666666996 0.5000000000006564 0.0 0.4166666666671131 0.5416666666672083 0.0 0.4166666666672303 0.5833333333337523 0.0 0.4166666666673473 0.625000000000296 0.0 0.4166666666674644 0.6666666666668398 0.0 0.4166666666675816 0.7083333333333839 0.0 0.4166666666676986 0.7499999999999276 0.0 0.4166666666678156 0.7916666666664713 0.0 0.4166666666679326 0.8333333333330153 0.0 0.4166666666680497 0.8749999999995717 0.0 0.4166666666681669 0.9166666666663728 0.0 0.4166666666682839 0.9583333333331863 0.0 0.4583333333322656 0.04166666666672302 0.0 0.4583333333323948 0.08333333333344771 0.0 0.4583333333325242 0.1250000000001778 0.0 0.4583333333326536 0.166666666666884 0.0 0.458333333332783 0.2083333333335888 0.0 0.4583333333329124 0.2500000000002937 0.0 0.4583333333330417 0.2916666666669985 0.0 0.4583333333331712 0.3333333333337034 0.0 0.4583333333333004 0.3750000000004082 0.0 0.4583333333334298 0.4166666666671132 0.0 0.4583333333335592 0.458333333333818 0.0 0.4583333333336885 0.500000000000516 0.0 0.458333333333818 0.5416666666670833 0.0 0.4583333333339472 0.5833333333336437 0.0 0.4583333333340767 0.6250000000002043 0.0 0.458333333334206 0.6666666666667648 0.0 0.4583333333343353 0.7083333333333253 0.0 0.4583333333344648 0.7499999999998856 0.0 0.458333333334594 0.791666666666446 0.0 0.4583333333347235 0.8333333333330066 0.0 0.4583333333348529 0.8749999999995786 0.0 0.4583333333349822 0.9166666666663779 0.0 0.4583333333351116 0.9583333333331889 0.0 0.4999999999988324 0.04166666666671238 0.0 0.4999999999989727 0.08333333333342659 0.0 0.4999999999991129 0.1250000000001467 0.0 0.4999999999992533 0.1666666666668406 0.0 0.4999999999993936 0.2083333333335332 0.0 0.4999999999995339 0.2500000000002257 0.0 0.4999999999996743 0.2916666666669183 0.0 0.4999999999998146 0.3333333333336109 0.0 0.4999999999999547 0.3750000000003034 0.0 0.5000000000000953 0.416666666666996 0.0 0.5000000000002354 0.4583333333336885 0.0 0.5000000000003757 0.5000000000003757 0.0 0.500000000000516 0.5416666666669583 0.0 0.5000000000006564 0.5833333333335353 0.0 0.5000000000007967 0.6250000000001124 0.0 0.500000000000937 0.6666666666666897 0.0 0.5000000000010774 0.7083333333332666 0.0 0.5000000000012177 0.7499999999998437 0.0 0.500000000001358 0.7916666666664207 0.0 0.5000000000014981 0.8333333333329977 0.0 0.5000000000016385 0.8749999999995857 0.0 0.5000000000017788 0.9166666666663832 0.0 0.5000000000019191 0.9583333333331916 0.0 0.5416666666655827 0.04166666666670173 0.0 0.5416666666657077 0.08333333333340547 0.0 0.541666666665833 0.1250000000001156 0.0 0.541666666665958 0.1666666666667973 0.0 0.541666666666083 0.2083333333334776 0.0 0.541666666666208 0.2500000000001578 0.0 0.541666666666333 0.2916666666668382 0.0 0.541666666666458 0.3333333333335184 0.0 0.541666666666583 0.3750000000001986 0.0 0.5416666666667083 0.416666666666879 0.0 0.5416666666668333 0.4583333333335592 0.0 0.5416666666669583 0.5000000000002354 0.0 0.5416666666670833 0.5416666666668333 0.0 0.5416666666672083 0.583333333333427 0.0 0.5416666666673333 0.6250000000000207 0.0 0.5416666666674583 0.6666666666666144 0.0 0.5416666666675836 0.7083333333332082 0.0 0.5416666666677086 0.7499999999998019 0.0 0.5416666666678336 0.7916666666663956 0.0 0.5416666666679586 0.8333333333329893 0.0 0.5416666666680836 0.8749999999995928 0.0 0.5416666666682088 0.9166666666663885 0.0 0.5416666666683339 0.9583333333331943 0.0 0.5833333333323427 0.04166666666669108 0.0 0.5833333333324511 0.08333333333338432 0.0 0.5833333333325597 0.1250000000000844 0.0 0.5833333333326682 0.166666666666754 0.0 0.5833333333327766 0.208333333333422 0.0 0.583333333332885 0.2500000000000899 0.0 0.5833333333329933 0.291666666666758 0.0 0.5833333333331019 0.3333333333334258 0.0 0.5833333333332102 0.3750000000000939 0.0 0.5833333333333186 0.4166666666667619 0.0 0.583333333333427 0.4583333333334298 0.0 0.5833333333335353 0.500000000000095 0.0 0.5833333333336437 0.5416666666667083 0.0 0.5833333333337523 0.5833333333333186 0.0 0.5833333333338606 0.624999999999929 0.0 0.5833333333339692 0.6666666666665392 0.0 0.5833333333340776 0.7083333333331496 0.0 0.5833333333341859 0.74999999999976 0.0 0.5833333333342943 0.7916666666663701 0.0 0.5833333333344026 0.8333333333329804 0.0 0.583333333334511 0.8749999999995999 0.0 0.5833333333346196 0.9166666666663938 0.0 0.5833333333347279 0.9583333333331969 0.0 0.6249999999991027 0.04166666666668044 0.0 0.6249999999991944 0.08333333333336317 0.0 0.6249999999992863 0.1250000000000533 0.0 0.6249999999993783 0.1666666666667107 0.0 0.62499999999947 0.2083333333333663 0.0 0.6249999999995617 0.250000000000022 0.0 0.6249999999996536 0.2916666666666777 0.0 0.6249999999997453 0.3333333333333334 0.0 0.624999999999837 0.3749999999999891 0.0 0.624999999999929 0.4166666666666448 0.0 0.6250000000000207 0.4583333333333004 0.0 0.6250000000001124 0.4999999999999547 0.0 0.6250000000002043 0.541666666666583 0.0 0.625000000000296 0.5833333333332102 0.0 0.6250000000003879 0.624999999999837 0.0 0.6250000000004796 0.6666666666664641 0.0 0.6250000000005715 0.708333333333091 0.0 0.6250000000006632 0.749999999999718 0.0 0.625000000000755 0.7916666666663448 0.0 0.6250000000008469 0.8333333333329718 0.0 0.6250000000009388 0.8749999999996068 0.0 0.6250000000010303 0.9166666666663992 0.0 0.6250000000011222 0.9583333333331996 0.0 0.6666666666658626 0.04166666666666979 0.0 0.6666666666659379 0.08333333333334207 0.0 0.6666666666660129 0.1250000000000221 0.0 0.666666666666088 0.1666666666666674 0.0 0.6666666666661635 0.2083333333333107 0.0 0.6666666666662385 0.2499999999999541 0.0 0.6666666666663138 0.2916666666665976 0.0 0.6666666666663891 0.3333333333332409 0.0 0.6666666666664641 0.3749999999998843 0.0 0.6666666666665392 0.4166666666665277 0.0 0.6666666666666144 0.4583333333331712 0.0 0.6666666666666897 0.4999999999998144 0.0 0.6666666666667648 0.5416666666664582 0.0 0.66666666666684 0.5833333333331017 0.0 0.6666666666669151 0.6249999999997453 0.0 0.6666666666669904 0.6666666666663891 0.0 0.6666666666670654 0.7083333333330326 0.0 0.6666666666671407 0.749999999999676 0.0 0.666666666667216 0.7916666666663195 0.0 0.666666666667291 0.8333333333329631 0.0 0.6666666666673663 0.8749999999996139 0.0 0.6666666666674416 0.9166666666664045 0.0 0.6666666666675166 0.9583333333332023 0.0 0.7083333333326225 0.04166666666665913 0.0 0.7083333333326811 0.08333333333332092 0.0 0.7083333333327397 0.124999999999991 0.0 0.7083333333327981 0.1666666666666241 0.0 0.7083333333328568 0.2083333333332552 0.0 0.7083333333329154 0.2499999999998862 0.0 0.708333333332974 0.2916666666665173 0.0 0.7083333333330326 0.3333333333331485 0.0 0.708333333333091 0.3749999999997795 0.0 0.7083333333331494 0.4166666666664107 0.0 0.708333333333208 0.4583333333330417 0.0 0.7083333333332666 0.4999999999996743 0.0 0.7083333333333253 0.541666666666333 0.0 0.7083333333333839 0.5833333333329933 0.0 0.7083333333334423 0.6249999999996536 0.0 0.7083333333335009 0.6666666666663136 0.0 0.7083333333335595 0.708333333332974 0.0 0.7083333333336181 0.7499999999996341 0.0 0.7083333333336765 0.7916666666662941 0.0 0.7083333333337352 0.8333333333329545 0.0 0.7083333333337938 0.874999999999621 0.0 0.7083333333338524 0.9166666666664096 0.0 0.708333333333911 0.9583333333332049 0.0 0.7499999999993827 0.0416666666666485 0.0 0.7499999999994242 0.08333333333329977 0.0 0.7499999999994664 0.1249999999999599 0.0 0.7499999999995084 0.1666666666665808 0.0 0.7499999999995504 0.2083333333331995 0.0 0.7499999999995921 0.2499999999998183 0.0 0.7499999999996341 0.2916666666664371 0.0 0.7499999999996763 0.333333333333056 0.0 0.749999999999718 0.3749999999996747 0.0 0.74999999999976 0.4166666666662936 0.0 0.7499999999998019 0.4583333333329124 0.0 0.7499999999998437 0.4999999999995339 0.0 0.7499999999998859 0.541666666666208 0.0 0.7499999999999276 0.5833333333328847 0.0 0.7499999999999698 0.6249999999995617 0.0 0.7500000000000115 0.6666666666662385 0.0 0.7500000000000535 0.7083333333329154 0.0 0.7500000000000955 0.7499999999995921 0.0 0.7500000000001372 0.7916666666662688 0.0 0.7500000000001794 0.8333333333329458 0.0 0.7500000000002212 0.8749999999996281 0.0 0.7500000000002631 0.9166666666664152 0.0 0.7500000000003051 0.9583333333332076 0.0 0.7916666666661427 0.04166666666663784 0.0 0.7916666666661678 0.08333333333327862 0.0 0.7916666666661931 0.1249999999999287 0.0 0.7916666666662184 0.1666666666665374 0.0 0.791666666666244 0.2083333333331439 0.0 0.7916666666662688 0.2499999999997504 0.0 0.7916666666662944 0.291666666666357 0.0 0.7916666666663195 0.3333333333329635 0.0 0.7916666666663448 0.37499999999957 0.0 0.7916666666663701 0.4166666666661765 0.0 0.7916666666663954 0.458333333332783 0.0 0.7916666666664209 0.4999999999993936 0.0 0.791666666666446 0.541666666666083 0.0 0.7916666666664716 0.5833333333327764 0.0 0.7916666666664967 0.62499999999947 0.0 0.791666666666522 0.6666666666661635 0.0 0.7916666666665473 0.7083333333328568 0.0 0.7916666666665726 0.7499999999995501 0.0 0.7916666666665979 0.7916666666662437 0.0 0.7916666666666232 0.8333333333329371 0.0 0.7916666666666485 0.874999999999635 0.0 0.7916666666666738 0.9166666666664205 0.0 0.7916666666666992 0.95833333333321 0.0 0.8333333333329025 0.0416666666666272 0.0 0.833333333332911 0.08333333333325753 0.0 0.8333333333329198 0.1249999999998976 0.0 0.8333333333329282 0.1666666666664941 0.0 0.833333333332937 0.2083333333330883 0.0 0.8333333333329458 0.2499999999996825 0.0 0.8333333333329547 0.2916666666662768 0.0 0.8333333333329633 0.3333333333328709 0.0 0.8333333333329718 0.3749999999994652 0.0 0.8333333333329804 0.4166666666660594 0.0 0.8333333333329893 0.4583333333326536 0.0 0.833333333332998 0.4999999999992533 0.0 0.8333333333330064 0.5416666666659578 0.0 0.8333333333330151 0.583333333332668 0.0 0.833333333333024 0.624999999999378 0.0 0.8333333333330326 0.666666666666088 0.0 0.8333333333330413 0.7083333333327981 0.0 0.8333333333330499 0.7499999999995084 0.0 0.8333333333330586 0.7916666666662184 0.0 0.8333333333330675 0.8333333333329285 0.0 0.8333333333330759 0.8749999999996421 0.0 0.8333333333330848 0.9166666666664256 0.0 0.8333333333330932 0.9583333333332127 0.0 0.8749999999996634 0.04166666666661655 0.0 0.8749999999996562 0.08333333333323638 0.0 0.874999999999649 0.1249999999998665 0.0 0.8749999999996421 0.1666666666664508 0.0 0.8749999999996348 0.2083333333330327 0.0 0.8749999999996281 0.2499999999996146 0.0 0.874999999999621 0.2916666666661966 0.0 0.8749999999996141 0.3333333333327785 0.0 0.8749999999996068 0.3749999999993604 0.0 0.8749999999995997 0.4166666666659424 0.0 0.8749999999995928 0.4583333333325242 0.0 0.8749999999995857 0.4999999999991129 0.0 0.8749999999995788 0.541666666665833 0.0 0.8749999999995717 0.5833333333325597 0.0 0.8749999999995643 0.6249999999992863 0.0 0.8749999999995577 0.6666666666660129 0.0 0.8749999999995506 0.7083333333327395 0.0 0.8749999999995435 0.7499999999994664 0.0 0.8749999999995364 0.7916666666661931 0.0 0.8749999999995293 0.8333333333329198 0.0 0.8749999999995222 0.8749999999996492 0.0 0.8749999999995153 0.9166666666664309 0.0 0.8749999999995082 0.9583333333332154 0.0 0.9166666666664416 0.04166666666660589 0.0 0.9166666666664363 0.08333333333321523 0.0 0.9166666666664309 0.1249999999998354 0.0 0.9166666666664256 0.1666666666664075 0.0 0.9166666666664203 0.2083333333329771 0.0 0.9166666666664152 0.2499999999995467 0.0 0.9166666666664096 0.2916666666661163 0.0 0.9166666666664045 0.3333333333326859 0.0 0.9166666666663992 0.3749999999992556 0.0 0.9166666666663938 0.4166666666658253 0.0 0.9166666666663885 0.4583333333323949 0.0 0.9166666666663832 0.4999999999989727 0.0 0.9166666666663779 0.5416666666657077 0.0 0.9166666666663728 0.5833333333324513 0.0 0.9166666666663674 0.6249999999991944 0.0 0.9166666666663619 0.6666666666659379 0.0 0.9166666666663565 0.7083333333326811 0.0 0.9166666666663512 0.7499999999994245 0.0 0.9166666666663463 0.7916666666661678 0.0 0.916666666666341 0.8333333333329112 0.0 0.9166666666663357 0.8749999999996563 0.0 0.9166666666663303 0.9166666666664363 0.0 0.916666666666325 0.958333333333218 0.0 0.9583333333332209 0.04166666666659524 0.0 0.958333333333218 0.08333333333319408 0.0 0.9583333333332156 0.1249999999998042 0.0 0.9583333333332129 0.1666666666663641 0.0 0.9583333333332101 0.2083333333329215 0.0 0.9583333333332076 0.2499999999994788 0.0 0.9583333333332049 0.2916666666660361 0.0 0.9583333333332023 0.3333333333325936 0.0 0.9583333333331996 0.3749999999991508 0.0 0.9583333333331969 0.4166666666657082 0.0 0.9583333333331943 0.4583333333322654 0.0 0.9583333333331916 0.4999999999988324 0.0 0.9583333333331889 0.5416666666655827 0.0 0.9583333333331863 0.5833333333323429 0.0 0.9583333333331836 0.6249999999991027 0.0 0.9583333333331809 0.6666666666658626 0.0 0.9583333333331783 0.7083333333326225 0.0 0.9583333333331756 0.7499999999993825 0.0 0.9583333333331732 0.7916666666661425 0.0 0.9583333333331703 0.8333333333329023 0.0 0.9583333333331678 0.8749999999996634 0.0 0.9583333333331652 0.9166666666664414 0.0 0.9583333333331625 0.9583333333332207 0.0
</DataArray>
      </Points>
      <Cells>
        <DataArray type="Int64" Name="connectivity" NumberOfComponents="1" format="ascii">
 0 4 96 95 95 96 97 94 94 97 98 93 93 98 99 92 92 99 100 91 91 100 101 90 90 101 102 89 89 102 103 88 88 103 104 87 87 104 105 86 86 105 106 85 85 106 107 84 84 107 108 83 83 108 109 82 82 109 110 81 81 110 111 80 80 111 112 79 79 112 113 78 78 113 114 77 77 114 115 76 76 115 116 75 75 116 117 74 74 117 118 73 73 118 72 3 4 5 119 96 96 119 120 97 97 120 121 98 98 121 122 99 99 122 123 100 100 123 124 101 101 124 125 102 102 125 126 103 103 126 127 104 104 127 128 105 105 128 129 106 106 129 130 107 107 130 131 108 108 131 132 109 109 132 133 110 110 133 134 111 111 134 135 112 112 135 136 113 113 136 137 114 114 137 138 115 115 138 139 116 116 139 140 117 117 140 141 118 118 141 71 72 5 6 142 119 119 142 143 120 120 143 144 121 121 144 145 122 122 145 146 123 123 146 147 124 124 147 148 125 125 148 149 126 126 149 150 127 127 150 151 128 128 151 152 129 129 152 153 130 130 153 154 131 131 154 155 132 132 155 156 133 133 156 157 134 134 157 158 135 135 158 159 136 136 159 160 137 137 160 161 138 138 161 162 139 139 162 163 140 140 163 164 141 141 164 70 71 6 7 165 142 142 165 166 143 143 166 167 144 144 167 168 145 145 168 169 146 146 169 170 147 147 170 171 148 148 171 172 149 149 172 173 150 150 173 174 151 151 174 175 152 152 175 176 153 153 176 177 154 154 177 178 155 155 178 179 156 156 179 180 157 157 180 181 158 158 181 182 159 159 182 183 160 160 183 184 161 161 184 185 162 162 185 186 163 163 186 187 164 164 187 69 70 7 8 188 165 165 188 189 166 166 189 190 167 167 190 191 168 168 191 192 169 169 192 193 170 170 193 194 171 171 194 195 172 172 195 196 173 173 196 197 174 174 197 198 175 175 198 199 176 176 199 200 177 177 200 201 178 178 201 202 179 179 202 203 180 180 203 204 181 181 204 205 182 182 205 206 183 183 206 207 184 184 207 208 185 185 208 209 186 186 209 210 187 187 210 68 69 8 9 211 188 188 211 212 189 189 212 213 190 190 213 214 191 191 214 215 192 192 215 216 193 193 216 217 194 194 217 218 195 195 218 219 196 196 219 220 197 197 220 221 198 198 221 222 199 199 222 223 200 200 223 224 201 201 224 225 202 202 225 226 203 203 226 227 204 204 227 228 205 205 228 229 206 206 229 230 207 207 230 231 208 208 231 232 209 209 232 233 210 210 233 67 68 9 10 234 211 211 234 235 212 212 235 236 213 213 236 237 214 214 237 238 215 215 238 239 216 216 239 240 217 217 240 241 218 218 241 242 219 219 242 243 220 220 243 244 221 221 244 245 222 222 245 246 223 223 246 247 224 224 247 248 225 225 248 249 226 226 249 250 227 227 250 251 228 228 251 252 229 229 252 253 230 230 253 254 231 231 254 255 232 232 255 256 233 233 256 66 67 10 11 257 234 234 257 258 235 235 258 259 236 236 259 260 237 237 260 261 238 238 261 262 239 239 262 263 240 240 263 264 241 241 264 265 242 242 265 266 243 243 266 267 244 244 267 268 245 245 268 269 246 246 269 270 247 247 270 271 248 248 271 272 249 249 272 273 250 250 273 274 251 251 274 275 252 252 275 276 253 253 276 277 254 254 277 278 255 255 278 279 256 256 279 65 66 11 12 280 257 257 280 281 258 258 281 282 259 259 282 283 260 260 283 284 261 261 284 285 262 262 285 286 263 263 286 287 264 264 287 288 265 265 288 289 266 266 289 290 267 267 290 291 268 268 291 292 269 269 292 293 270 270 293 294 271 271 294 295 272 272 295 296 273 273 296 297 274 274 297 298 275 275 298 299 276 276 299 300 277 277 300 301 278 278 301 302 279 279 302 64 65 12 13 303 280 280 303 304 281 281 304 305 282 282 305 306 283 283 306 307 284 284 307 308 285 285 308 309 286 286 309 310 287 287 310 311 288 288 311 312 289 289 312 313 290 290 313 314 291 291 314 315 292 292 315 316 293 293 316 317 294 294 317 318 295 295 318 319 296 296 319 320 297 297 320 321 298 298 321 322 299 299 322 323 300 300 323 324 301 301 324 325 302 302 325 63 64 13 14 326 303 303 326 327 304 304 327 328 305 305 328 329 306 306 329 330 307 307 330 331 308 308 331 332 309 309 332 333 310 310 333 334 311 311 334 335 312 312 335 336 313 313 336 337 314 314 337 338 315 315 338 339 316 316 339 340 317 317 340 341 318 318 341 342 319 319 342 343 320 320 343 344 321 321 344 345 322 322 345 346 323 323 346 347 324 324 347 348 325 325 348 62 63 14 15 349 326 326 349 350 327 327 350 351 328 328 351 352 329 329 352 353 330 330 353 354 331 331 354 355 332 332 355 356 333 333 356 357 334 334 357 358 335 335 358 359 336 336 359 360 337 337 360 361 338 338 361 362 339 339 362 363 340 340 363 364 341 341 364 365 342 342 365 366 343 343 366 367 344 344 367 368 345 345 368 369 346 346 369 370 347 347 370 371 348 348 371 61 62 15 16 372 349 349 372 373 350 350 373 374 351 351 374 375 352 352 375 376 353 353 376 377 354 354 377 378 355 355 378 379 356 356 379 380 357 357 380 381 358 358 381 382 359 359 382 383 360 360 383 384 361 361 384 385 362 362 385 386 363 363 386 387 364 364 387 388 365 365 388 389 366 366 389 390 367 367 390 391 368 368 391 392 369 369 392 393 370 370 393 394 371 371 394 60 61 16 17 395 372 372 395 396 373 373 396 397 374 374 397 398 375 375 398 399 376 376 399 400 377 377 400 401 378 378 401 402 379 379 402 403 380 380 403 404 381 381 404 405 382 382 405 406 383 383 406 407 384 384 407 408 385 385 408 409 386 386 409 410 387 387 410 411 388 388 411 412 389 389 412 413 390 390 413 414 391 391 414 415 392 392 415 416 393 393 416 417 394 394 417 59 60 17 18 418 395 395 418 419 396 396 419 420 397 397 420 421 398 398 421 422 399 399 422 423 400 400 423 424 401 401 424 425 402 402 425 426 403 403 426 427 404 404 427 428 405 405 428 429 406 406 429 430 407 407 430 431 408 408 431 432 409 409 432 433 410 410 433 434 411 411 434 435 412 412 435 436 413 413 436 437 414 414 437 438 415 415 438 439 416 416 439 440 417 417 440 58 59 18 19 441 418 418 441 442 419 419 442 443 420 420 443 444 421 421 444 445 422 422 445 446 423 423 446 447 424 424 447 448 425 425 448 449 426 426 449 450 427 427 450 451 428 428 451 452 429 429 452 453 430 430 453 454 431 431 454 455 432 432 455 456 433 433 456 457 434 434 457 458 435 435 458 459 436 436 459 460 437 437 460 461 438 438 461 462 439 439 462 463 440 440 463 57 58 19 20 464 441 441 464 465 442 442 465 466 443 443 466 467 444 444 467 468 445 445 468 469 446 446 469 470 447 447 470 471 448 448 471 472 449 449 472 473 450 450 473 474 451 451 474 475 452 452 475 476 453 453 476 477 454 454 477 478 455 455 478 479 456 456 479 480 457 457 480 481 458 458 481 482 459 459 482 483 460 460 483 484 461 461 484 485 462 462 485 486 463 463 486 56 57 20 21 487 464 464 487 488 465 465 488 489 466 466 489 490 467 467 490 491 468 468 491 492 469 469 492 493 470 470 493 494 471 471 494 495 472 472 495 496 473 473 496 497 474 474 497 498 475 475 498 499 476 476 499 500 477 477 500 501 478 478 501 502 479 479 502 503 480 480 503 504 481 481 504 505 482 482 505 506 483 483 506 507 484 484 507 508 485 485 508 509 486 486 509 55 56 21 22 510 487 487 510 511 488 488 511 512 489 489 512 513 490 490 513 514 491 491 514 515 492 492 515 516 493 493 516 517 494 494 517 518 495 495 518 519 496 496 519 520 497 497 520 521 498 498 521 522 499 499 522 523 500 500 523 524 501 501 524 525 502 502 525 526 503 503 526 527 504 504 527 528 505 505 528 529 506 506 529 530 507 507 530 531 508 508 531 532 509 509 532 54 55 22 23 533 510 510 533 534 511 511 534 535 512 512 535 536 513 513 536 537 514 514 537 538 515 515 538 539 516 516 539 540 517 517 540 541 518 518 541 542 519 519 542 543 520 520 543 544 521 521 544 545 522 522 545 546 523 523 546 547 524 524 547 548 525 525 548 549 526 526 549 550 527 527 550 551 528 528 551 552 529 529 552 553 530 530 553 554 531 531 554 555 532 532 555 53 54 23 24 556 533 533 556 557 534 534 557 558 535 535 558 559 536 536 559 560 537 537 560 561 538 538 561 562 539 539 562 563 540 540 563 564 541 541 564 565 542 542 565 566 543 543 566 567 544 544 567 568 545 545 568 569 546 546 569 570 547 547 570 571 548 548 571 572 549 549 572 573 550 550 573 574 551 551 574 575 552 552 575 576 553 553 576 577 554 554 577 578 555 555 578 52 53 24 25 579 556 556 579 580 557 557 580 581 558 558 581 582 559 559 582 583 560 560 583 584 561 561 584 585 562 562 585 586 563 563 586 587 564 564 587 588 565 565 588 589 566 566 589 590 567 567 590 591 568 568 591 592 569 569 592 593 570 570 593 594 571 571 594 595 572 572 595 596 573 573 596 597 574 574 597 598 575 575 598 599 576 576 599 600 577 577 600 601 578 578 601 51 52 25 26 602 579 579 602 603 580 580 603 604 581 581 604 605 582 582 605 606 583 583 606 607 584 584 607 608 585 585 608 609 586 586 609 610 587 587 610 611 588 588 611 612 589 589 612 613 590 590 613 614 591 591 614 615 592 592 615 616 593 593 616 617 594 594 617 618 595 595 618 619 596 596 619 620 597 597 620 621 598 598 621 622 599 599 622 623 600 600 623 624 601 601 624 50 51 26 1 27 602 602 27 28 603 603 28 29 604 604 29 30 605 605 30 31 606 606 31 32 607 607 32 33 608 608 33 34 609 609 34 35 610 610 35 36 611 611 36 37 612 612 37 38 613 613 38 39 614 614 39 40 615 615 40 41 616 616 41 42 617 617 42 43 618 618 43 44 619 619 44 45 620 620 45 46 621 621 46 47 622 622 47 48 623 623 48 49 624 624 49 2 50
</DataArray>
        <DataArray type="Int64" Name="offsets" NumberOfComponents="1" format="ascii">
 4 8 12 16 20 24 28 32 36 40 44 48 52 56 60 64 68 72 76 80 84 88 92 96 100 104 108 112 116 120 124 128 132 136 140 144 148 152 156 160 164 168 172 176 180 184 188 192 196 200 204 208 212 216 220 224 228 232 236 240 244 248 252 256 260 264 268 272 276 280 284 288 292 296 300 304 308 312 316 320 324 328 332 336 340 344 348 352 356 360 364 368 372 376 380 384 388 392 396 400 404 408 412 416 420 424 428 432 436 440 444 448 452 456 460 464 468 472 476 480 484 488 492 496 500 504 508 512 516 520 524 528 532 536 540 544 548 552 556 560 564 568 572 576 580 584 588 592 596 600 604 608 612 616 620 624 628 632 636 640 644 648 652 656 660 664 668 672 676 680 684 688 692 696 700 704 708 712 716 720 724 728 732 736 740 744 748 752 756 760 764 768 772 776 780 784 788 792 796 800 804 808 812 816 820 824 828 832 836 840 844 848 852 856 860 864 868 872 876 880 884 888 892 896 900 904 908 912 916 920 924 928 932 936 940 944 948 952 956 960 964 968 972 976 980 984 988 992 996 1000 1004 1008 1012 1016 1020 1024 1028 1032 1036 1040 1044 1048 1052 1056 1060 1064 1068 1072 1076 1080 1084 1088 1092 1096 1100 1104 1108 1112 1116 1120 1124 1128 1132 1136 1140 1144 1148 1152 1156 1160 1164 1168 1172 1176 1180 1184 1188 1192 1196 1200 1204 1208 1212 1216 1220 1224 1228 1232 1236 1240 1244 1248 1252 1256 1260 1264 1268 1272 1276 1280 1284 1288 1292 1296 1300 1304 1308 1312 1316 1320 1324 1328 1332 1336 1340 1344 1348 1352 1356 1360 1364 1368 1372 1376 1380 1384 1388 1392 1396 1400 1404 1408 1412 1416 1420 1424 1428 1432 1436 1440 1444 1448 1452 1456 1460 1464 1468 1472 1476 1480 1484 1488 1492 1496 1500 1504 1508 1512 1516 1520 1524 1528 1532 1536 1540 1544 1548 1552 1556 1560 1564 1568 1572 1576 1580 1584 1588 1592 1596 1600 1604 1608 1612 1616 1620 1624 1628 1632 1636 1640 1644 1648 1652 1656 1660 1664 1668 1672 1676 1680 1684 1688 1692 1696 1700 1704 1708 1712 1716 1720 1724 1728 1732 1736 1740 1744 1748 1752 1756 1760 1764 1768 1772 1776 1780 1784 1788 1792 1796 1800 1804 1808 1812 1816 1820 1824 1828 1832 1836 1840 1844 1848 1852 1856 1860 1864 1868 1872 1876 1880 1884 1888 1892 1896 1900 1904 1908 1912 1916 1920 1924 1928 1932 1936 1940 1944 1948 1952 1956 1960 1964 1968 1972 1976 1980 1984 1988 1992 1996 2000 2004 2008 2012 2016 2020 2024 2028 2032 2036 2040 2044 2048 2052 2056 2060 2064 2068 2072 2076 2080 2084 2088 2092 2096 2100 2104 2108 2112 2116 2120 2124 2128 2132 2136 2140 2144 2148 2152 2156 2160 2164 2168 2172 2176 2180 2184 2188 2192 2196 2200 2204 2208 2212 2216 2220 2224 2228 2232 2236 2240 2244 2248 2252 2256 2260 2264 2268 2272 2276 2280 2284 2288 2292 2296 2300 2304
</DataArray>
        <DataArray type="UInt8" Name="types" NumberOfComponents="1" format="ascii">
 9 9 9 9 9 9 9 9 9 9 9 9 9 9 9 9 9 9 9 9 9 9 9 9 9 9 9 9 9 9 9 9 9 9 9 9 9 9 9 9 9 9 9 9 9 9 9 9 9 9 9 9 9 9 9 9 9 9 9 9 9 9 9 9 9 9 9 9 9 9 9 9 9 9 9 9 9 9 9 9 9 9 9 9 9 9 9 9 9 9 9 9 9 9 9 9 9 9 9 9 9 9 9 9 9 9 9 9 9 9 9 9 9 9 9 9 9 9 9 9 9 9 9 9 9 9 9 9 9 9 9 9 9 9 9 9 9 9 9 9 9 9 9 9 9 9 9 9 9 9 9 9 9 9 9 9 9 9 9 9 9 9 9 9 9 9 9 9 9 9 9 9 9 9 9 9 9 9 9 9 9 9 9 9 9 9 9 9 9 9 9 9 9 9 9 9 9 9 9 9 9 9 9 9 9 9 9 9 9 9 9 9 9 9 9 9 9 9 9 9 9 9 9 9 9 9 9 9 9 9 9 9 9 9 9 9 9 9 9 9 9 9 9 9 9 9 9 9 9 9 9 9 9 9 9 9 9 9 9 9 9 9 9 9 9 9 9 9 9 9 9 9 9 9 9 9 9 9 9 9 9 9 9 9 9 9 9 9 9 9 9 9 9 9 9 9 9 9 9 9 9 9 9 9 9 9 9 9 9 9 9 9 9 9 9 9 9 9 9 9 9 9 9 9 9 9 9 9 9 9 9 9 9 9 9 9 9 9 9 9 9 9 9 9 9 9 9 9 9 9 9 9 9 9 9 9 9 9 9 9 9 9 9 9 9 9 9 9 9 9 9 9 9 9 9 9 9 9 9 9 9 9 9 9 9 9 9 9 9 9 9 9 9 9 9 9 9 9 9 9 9 9 9 9 9 9 9 9 9 9 9 9 9 9 9 9 9 9 9 9 9 9 9 9 9 9 9 9 9 9 9 9 9 9 9 9 9 9 9 9 9 9 9 9 9 9 9 9 9 9 9 9 9 9 9 9 9 9 9 9 9 9 9 9 9 9 9 9 9 9 9 9 9 9 9 9 9 9 9 9 9 9 9 9 9 9 9 9 9 9 9 9 9 9 9 9 9 9 9 9 9 9 9 9 9 9 9 9 9 9 9 9 9 9 9 9 9 9 9 9 9 9 9 9 9 9 9 9 9 9 9 9 9 9 9 9 9 9 9 9 9 9 9 9 9 9 9 9 9 9 9 9 9 9 9 9 9 9 9 9 9 9 9 9 9 9 9 9 9 9 9 9 9 9 9 9
</DataArray>
      </Cells>
      <PointData>
        <DataArray type="Float64" Name="Mode_1_w" NumberOfComponents="1" format="ascii">
 0.0 0.0 1.4997597826618576e-32 0.0 0.0 0.0 0.0 0.0 0.0 0.0 0.0 0.0 0.0 0.0 0.0 0.0 0.0 0.0 0.0 0.0 0.0 0.0 0.0 0.0 0.0 0.0 0.0 1.5984848350686528e-17 3.1696191514258053e-17 4.686520405318233e-17 6.123233995725245e-17 7.455177354784717e-17 8.659560562338907e-17 9.715776287788574e-17 1.0605752387233058e-16 1.1314261122862956e-16 1.1829179713775987e-16 1.2141697760119272e-16 1.2246467991473532e-16 1.2141697760131354e-16 1.1829179713797641e-16 1.1314261122891567e-16 1.060575238726598e-16 9.715776287823241e-17 8.659560562372875e-17 7.455177354815759e-17 6.123233995751413e-17 4.686520405338022e-17 3.1696191514399364e-17 1.598484835075978e-17 1.5984848350784042e-17 3.169619151444659e-17 4.6865204053440313e-17 6.123233995744475e-17 7.455177354797223e-17 8.659560562345492e-17 9.715776287790324e-17 1.0605752387231272e-16 1.131426112285913e-16 1.1829179713771732e-16 1.2141697760116282e-16 1.2246467991473532e-16 1.2141697760134862e-16 1.1829179713803967e-16 1.1314261122899986e-16 1.0605752387275757e-16 9.715776287833654e-17 8.65956056238324e-17 7.455177354825452e-17 6.12323399575988e-17 4.686520405344792e-17 3.1696191514446554e-17 1.5984848350784008e-17 0.0 0.0 0.0 0.0 0.0 0.0 0.0 0.0 0.0 0.0 0.0 0.0 0.0 0.0 0.0 0.0 0.0 0.0 0.0 0.0 0.0 0.0 0.0 0.017037086855503026 0.03378266443134186 0.04995021125244036 0.06526309611019533 0.0794593112991549 0.09229595564149932 0.1035533905935382 0.11303899832208932 0.12059047744900772 0.12607862007276419 0.1294095225514638 0.13052619222019396 0.1294095225513452 0.12607862007257267 0.12059047744878695 0.11303899832187937 0.10355339059337412 0.0922959556414102 0.07945931129916303 0.06526309611031492 0.04995021125266984 0.03378266443151988 0.01703708685560153 0.03378266443132936 0.06698729810792715 0.09904576054151908 0.12940952255157287 0.1575590517516697 0.18301270189266758 0.2053349539635644 0.22414386804252512 0.2391176183948386 0.2500000000004652 0.2566048122929626 0.25881904510280374 0.25660481229275117 0.25000000000012657 0.23911761839445314 0.2241438680421656 0.20533495396329476 0.18301270189254035 0.15755905175172402 0.1294095225518335 0.09904576054198085 0.06698729810828409 0.033782664431526686 0.04995021125240934 0.09904576054149314 0.14644660940705212 0.19134171618298332 0.2329629131450762 0.27059805007372745 0.3036031793416506 0.33141357403631444 0.3535533905939901 0.3696438106150531 0.37940952255183147 0.38268343236551555 0.3794095225515497 0.3696438106146053 0.3535533905934855 0.33141357403585303 0.3036031793413181 0.2705980500735949 0.23296291314519568 0.19134171618338716 0.146446609407731 0.09904576054201607 0.049950211252697406 0.0652630961101222 0.1294095225514758 0.1913417161828944 0.25000000000047345 0.3043807145049498 0.35355339059396246 0.39667667014637975 0.43301270189302016 0.4619397662564404 0.48296291314527834 0.49572243068754257 0.5000000000004732 0.49572243068722655 0.4829629131447844 0.4619397662558983 0.4330127018925471 0.3966766701460763 0.3535533905939092 0.30438071450520476 0.2500000000010702 0.1913417161838151 0.12940952255218222 0.06526309611051039 0.07945931129903956 0.15755905175149887 0.23296291314489156 0.30438071450484533 0.37059047744934603 0.4304593345775916 0.48296291314532597 0.5272028623665046 0.5624222244443144 0.5880183863289443 0.603553390593945 0.6087614290092188 0.6035533905936137 0.5880183863284357 0.5624222244437715 0.5272028623660554 0.48296291314507933 0.430459334577634 0.37059047744973794 0.304380714505619 0.23296291314602158 0.1575590517523626 0.07945931129951402 0.09229595564134756 0.1830127018924309 0.27059805007345533 0.3535533905937558 0.43045933457748203 0.5000000000007092 0.5609855267977214 0.6123724356966309 0.6532814824390257 0.6830127018930054 0.7010573846506536 0.707106781187049 0.7010573846503226 0.6830127018925047 0.6532814824385056 0.6123724356962248 0.5609855267975423 0.5000000000008448 0.43045933457799324 0.3535533905946729 0.27059805007474697 0.18301270189341606 0.09229595564188674 0.10355339059336088 0.20533495396327914 0.30360317934131104 0.39667667014608765 0.48296291314511836 0.5609855267976166 0.6294095225520241 0.6870641468702577 0.7329629131453427 0.7663204807607624 0.7865660924861443 0.7933533402917164 0.786566092485824 0.7663204807602847 0.7329629131448588 0.6870641468699015 0.6294095225519073 0.5609855267978275 0.4829629131457167 0.3966766701471019 0.3036031793427068 0.20533495396434037 0.10355339059393995 0.11303899832190191 0.22414386804221742 0.3314135740359399 0.4330127018926743 0.5272028623662269 0.6123724356964431 0.6870641468701679 0.7500000000007552 0.800103145192018 0.83651630373851 0.858616436401859 0.8660254037848747 0.8586164364015559 0.8365163037380617 0.8001031451915716 0.7500000000004405 0.6870641468700942 0.612372435696697 0.5272028623668659 0.43301270189372715 0.33141357403737154 0.22414386804330264 0.11303899832249194 0.1205904774488298 0.23911761839454215 0.35355339059362306 0.46193976625608585 0.5624222244440092 0.653281482438793 0.7329629131451935 0.8001031451919506 0.8535533905939479 0.8923991008331431 0.9159756150372719 0.9238795325116516 0.9159756150369873 0.8923991008327222 0.8535533905935293 0.8001031451916573 0.732962913145131 0.653281482439043 0.56242222444463 0.46193976625710753 0.3535533905950148 0.2391176183955942 0.12059047744939926 0.12607862007261897 0.2500000000002202 0.3696438106147464 0.4829629131449722 0.5880183863286688 0.6830127018927804 0.7663204807605997 0.8365163037384117 0.8923991008331021 0.9330127018927367 0.957662196942963 0.965925826289336 0.9576621969426939 0.933012701892333 0.8923991008326904 0.836516303738107 0.7663204807605006 0.6830127018929679 0.5880183863292013 0.48296291314588463 0.3696438106160173 0.25000000000117734 0.12607862007313342 0.12940952255137728 0.2566048122928151 0.3794095225516451 0.4957224306873521 0.6035533905937677 0.7010573846505026 0.7865660924860274 0.8586164364017798 0.9159756150372275 0.9576621969429467 0.9829629131448229 0.991444861373956 0.9829629131445619 0.9576621969425416 0.9159756150367916 0.858616436401418 0.7865660924858342 0.7010573846505579 0.6035533905941338 0.49572243068807137 0.37940952255271154 0.25660481229361476 0.12940952255180166 0.13052619222019396 0.25881904510280374 0.38268343236551555 0.5000000000004732 0.6087614290092188 0.707106781187049 0.7933533402917164 0.8660254037848747 0.9238795325116516 0.965925826289336 0.991444861373956 1.0 0.9914448613736908 0.9659258262889041 0.9238795325111516 0.8660254037844026 0.7933533402913627 0.7071067811868949 0.6087614290093338 0.5000000000009129 0.38268343236629243 0.25881904510338105 0.13052619222049316 0.12940952255142665 0.2566048122928895 0.3794095225517239 0.49572243068740285 0.6035533905937759 0.7010573846504585 0.7865660924859269 0.8586164364016233 0.9159756150370219 0.9576621969427034 0.9829629131445582 0.9914448613736908 0.9829629131442971 0.9576621969422586 0.9159756150364764 0.8586164364010612 0.7865660924854321 0.701057384650112 0.6035533905936522 0.4957224306875684 0.37940952255221005 0.2566048122932438 0.12940952255160065 0.12607862007269768 0.2500000000003351 0.3696438106148635 0.48296291314503403 0.5880183863286516 0.68301270189267 0.7663204807603917 0.8365163037381113 0.8923991008327242 0.9330127018923057 0.9576621969425112 0.9659258262889041 0.9576621969422819 0.933012701891902 0.8923991008322092 0.8365163037375538 0.766320480759863 0.6830127018922443 0.588018386328401 0.4829629131450271 0.36964381061514173 0.25000000000052924 0.12607862007278145 0.12059047744892006 0.23911761839466883 0.35355339059374497 0.4619397662561278 0.5624222244439434 0.653281482438606 0.732962913144884 0.8001031451915308 0.8535533905934427 0.8923991008325889 0.9159756150367163 0.9238795325111516 0.9159756150365417 0.8923991008322715 0.8535533905930239 0.8001031451910602 0.7329629131444174 0.6532814824382033 0.5624222244436685 0.4619397662560432 0.35355339059389645 0.23911761839476398 0.1205904774489483 0.11303899832198873 0.22414386804233263 0.3314135740360402 0.43301270189267554 0.5272028623661014 0.6123724356961817 0.6870641468697755 0.7500000000002517 0.800103145191439 0.8365163037379036 0.8586164364012848 0.8660254037844026 0.8586164364011822 0.836516303737708 0.8001031451911701 0.7499999999999373 0.6870641468694514 0.6123724356958914 0.5272028623658935 0.4330127018926012 0.331413574036142 0.22414386804238734 0.11303899832199502 0.10355339059343256 0.20533495396336565 0.30360317934137265 0.39667667014603747 0.4829629131449346 0.5609855267972957 0.6294095225515789 0.6870641468697178 0.7329629131447521 0.7663204807601783 0.7865660924856359 0.7933533402913627 0.7865660924856168 0.7663204807601297 0.7329629131446723 0.6870641468696125 0.6294095225514622 0.5609855267971909 0.4829629131448712 0.3966766701460514 0.3036031793414947 0.20533495396343462 0.10355339059344706 0.09229595564139625 0.18301270189247834 0.2705980500734698 0.3535533905936547 0.4304593345772517 0.5000000000003555 0.5609855267972655 0.6123724356961092 0.6532814824384906 0.68301270189252 0.7010573846502921 0.7071067811868949 0.7010573846503622 0.6830127018926326 0.653281482438623 0.6123724356962478 0.5609855267974019 0.500000000000491 0.43045933457739505 0.3535533905938202 0.27059805007367377 0.18301270189260788 0.0922959556414459 0.07945931129906135 0.15755905175150384 0.2329629131448599 0.3043807145047049 0.3705904774490937 0.43045933457724306 0.4829629131449097 0.5272028623660652 0.5624222244439063 0.588018386328634 0.6035533905938069 0.6087614290093332 0.6035533905939648 0.588018386328908 0.562422224444259 0.5272028623664626 0.48296291314532513 0.4304593345776535 0.3705904774494858 0.30438071450507076 0.23296291314519643 0.15755905175173324 0.07945931129916899 0.06526309611011734 0.12940952255144275 0.19134171618282694 0.25000000000031636 0.30438071450471144 0.35355339059366675 0.39667667014606217 0.4330127018927281 0.4619397662562308 0.4829629131452149 0.4957224306876939 0.5000000000009126 0.4957224306879325 0.4829629131456412 0.4619397662567951 0.43301270189338253 0.3966766701467596 0.35355339059436514 0.3043807145053742 0.25000000000091244 0.19134171618333237 0.12940952255180127 0.06526309611029907 0.049950211252382616 0.09904576054143331 0.14644660940696785 0.1913417161828396 0.2329629131448926 0.2705980500735342 0.3036031793414877 0.33141357403622834 0.35355339059403407 0.3696438106152832 0.3794095225523054 0.38268343236629243 0.3794095225526035 0.36964381061582774 0.3535533905947704 0.3314135740370966 0.3036031793424284 0.27059805007448934 0.23296291314580514 0.19134171618365872 0.1464466094076467 0.09904576054192551 0.04995021125264182 0.033782664431302 0.06698729810786895 0.09904576054143772 0.1294095225514437 0.15755905175150856 0.18301270189249846 0.20533495396341914 0.22414386804243913 0.23911761839485293 0.2500000000006229 0.2566048122933079 0.25881904510338105 0.25660481229354154 0.2500000000010473 0.23911761839542442 0.22414386804311082 0.2053349539641424 0.1830127018932272 0.15755905175219678 0.129409522552052 0.09904576054193029 0.0669872981082259 0.03378266443149017 0.01703708685548256 0.033782664431299646 0.049950211252380985 0.06526309611010589 0.07945931129904528 0.09229595564138321 0.10355339059343385 0.1130389983220176 0.12059047744899114 0.12607862007282772 0.12940952255163274 0.13052619222049316 0.1294095225517645 0.1260786200730669 0.12059047744931158 0.11303899832239132 0.10355339059383437 0.09229595564178374 0.07945931129941977 0.06526309611043293 0.04995021125263963 0.033782664431486704 0.01703708685558113
</DataArray>
        <DataArray type="Float64" Name="Mode_1_phi1" NumberOfComponents="1" format="ascii">
 0.0 -0.0 -3.8473413874435795e-16 3.8473413874435795e-16 0.0 0.0 0.0 0.0 0.0 0.0 0.0 0.0 0.0 0.0 0.0 0.0 -0.0 -0.0 -0.0 -0.0 -0.0 -0.0 -0.0 -0.0 -0.0 -0.0 -0.0 -0.41006012657876023 -0.8131040107016757 -1.2022354597666236 -1.5707963267919411 -1.912480433158961 -2.2214414690750717 -2.4923930255555975 -2.720699046347219 -2.9024531521358274 -3.03454547977964 -3.1147158929297714 -3.141592653589793 -3.114715892932871 -3.0345454797851947 -2.902453152143167 -2.7206990463556653 -2.4923930255644904 -2.2214414690837856 -1.912480433166924 -1.570796326798654 -1.2022354597717 -0.8131040107053008 -0.41006012658063934 -3.814426848531449e-16 -3.716246408681485e-16 -3.554479962440392e-16 -3.33189537855601e-16 -3.052301140969504e-16 -2.720481184603981e-16 -2.342113040910646e-16 -1.9236706937314738e-16 -1.4723138076407325e-16 -9.957652240991022e-17 -5.021788214950974e-17 -2.48918158044739e-27 5.021788214507606e-17 9.957652240613065e-17 1.4723138076097453e-16 1.9236706937072673e-16 2.342113040892906e-16 2.720481184592123e-16 3.0523011409626986e-16 3.3318953785532157e-16 3.554479962440293e-16 3.716246408681485e-16 3.814426848531449e-16 0.41006012658126173 0.8131040107065124 1.2022354597732416 1.570796326796874 1.9124804331621692 2.2214414690767614 2.4923930255560465 2.7206990463467613 2.9024531521348456 3.034545479778548 3.114715892929005 3.141592653589793 3.1147158929337713 3.034545479786818 2.9024531521453265 2.720699046358173 2.4923930255671616 2.221441469086445 1.912480433169411 1.570796326800826 1.2022354597734368 0.8131040107065113 0.41006012658126084 0.40655200535319413 0.806147793177227 1.1919501687534968 1.5573579464711942 1.896118897943362 2.2024367293679914 2.4710702577220167 2.697423088855981 2.8776222630722934 3.0085845225394374 3.0880690666883166 3.1147158929312546 3.088069066683889 3.0085845225317573 2.877622263062562 2.697423088845393 2.471070257711714 2.202436729359034 1.8961188979366939 1.5573579464676075 1.191950168753427 0.8061477931773072 0.4065520053532328 0.39608766659604955 0.7853981634003313 1.161270279875221 1.5172727398963035 1.8473142426700826 2.145747686579271 2.407466792657167 2.6279934744364972 2.8035544592504498 2.9311458499741354 3.0085845225372414 3.0345454797821496 3.0085845225331633 2.9311458499670517 2.803554459241462 2.6279934744266984 2.4074667926476123 2.145747686570941 1.847314242663851 1.5172727398929116 1.1612702798750836 0.7853981634003443 0.39608766659604844 0.378846158047222 0.7512101532941865 1.110720734543381 1.4512265760743612 1.766901528532495 2.052344305959564 2.3026709032940724 2.513598163051955 2.6815170613386514 2.8035544592485464 2.8776222630682327 2.902453152138877 2.877622263064505 2.803554459242049 2.6815170613303754 2.5135981630428916 2.302670903285181 2.0523443059517446 1.7669015285265588 1.4512265760710008 1.1107207345429986 0.7512101532939965 0.37884615804710126 0.3551224866982685 0.7041687291904861 1.0411664494936845 1.360349523179942 1.6562566393642566 1.923824745247742 2.158475676354817 2.35619449019669 2.513598163050501 2.6279934744331697 2.6974230888505613 2.7206990463504686 2.6974230888471444 2.6279934744271776 2.5135981630428117 2.3561944901881926 2.1584756763463835 1.9238247452401982 1.6562566393583589 1.3603495231763494 1.0411664494928048 0.7041687291899034 0.3551224866979253 0.3253225711433997 0.6450787828979659 0.9537975178273899 1.2461965127839059 1.517272739895546 1.7623880097598883 1.9773483321507468 2.158475676353742 2.302670903291566 2.40746679265284 2.471070257715684 2.4923930255586666 2.4710702577125403 2.4074667926472735 2.302670903284345 2.158475676345656 1.9773483321425842 1.7623880097524123 1.517272739889466 1.2461965127798615 0.9537975178258064 0.6450787828968353 0.3253225711427534 0.28995629619985636 0.5749513597805175 0.850108846188549 1.1107207345433214 1.3523278831798895 1.5707963267989178 1.762388009759182 1.9238247452459787 2.0523443059564097 2.14574768657437 2.202436729361183 2.221441469077608 2.202436729358263 2.1457476865691354 2.0523443059495223 1.9238247452381365 1.7623880097510998 1.570796326791301 1.352327883173418 1.1107207345386219 0.8501088461860786 0.5749513597787064 0.2899562961988287 0.24962878863730564 0.49498635949067465 0.7318745764968321 0.9562402165848691 1.1642443214470488 1.3523278831795476 1.517272739894508 1.6562566393621885 1.7669015285290883 1.8473142426650129 1.8961188979364938 1.9124804331606509 1.896118897933745 1.8473142426600067 1.766901528522391 1.6562566393544167 1.5172727398863124 1.3523278831715904 1.1642443214399885 0.9562402165793334 0.7318745764933249 0.4949863594880683 0.24962878863583668 0.20503006329103904 0.40655200535388175 0.6011177298873976 0.7853981634009081 0.956240216584888 1.1107207345430037 1.246196512782908 1.3603495231779457 1.4512265760710792 1.5172727398914485 1.5573579464646505 1.570796326792524 1.5573579464620109 1.517272739886564 1.4512265760644278 1.3603495231700722 1.2461965127744123 1.1107207345345194 0.9562402165770647 0.7853981633943855 0.601117729882734 0.40655200535039404 0.20503006328908252 0.15692321671683193 0.3111614336880512 0.4600755922583743 0.6011177298877788 0.7318745764972311 0.8501088461886132 0.9537975178267886 1.041166449492113 1.1107207345405763 1.1612702798709318 1.1919501687476217 1.202235459765926 1.1919501687450318 1.1612702798660592 1.1107207345338268 1.0411664494839767 0.9537975178178262 0.8501088461794405 0.7318745764884994 0.6011177298801528 0.46007559225247513 0.31116143368362603 0.15692321671435844 0.10613137039730383 0.21044680362164359 0.31116143368885846 0.4065520053550735 0.49498635949187986 0.574951359781383 0.6450787828981643 0.7041687291897276 0.7512101532922221 0.7853981633969442 0.8061477931723257 0.8131040107000652 0.806147793169728 0.7853981633919814 0.7512101532852448 0.7041687291811823 0.645078782888589 0.5749513597713896 0.4949863594821331 0.40655200534627156 0.3111614336816884 0.21044680361625703 0.10613137039430166 0.053523586905138455 0.10613137039846071 0.15692321671877213 0.2050300632933499 0.24962878863961122 0.2899562962018038 0.32532257114466767 0.35512248669857643 0.3788461580463453 0.396087666593802 0.40655200534949265 0.41006012657608837 0.4065520053468309 0.39608766658865896 0.37884615803902505 0.3551224866895063 0.32532257113437113 0.2899562961908987 0.2496287886287883 0.20503006328334467 0.15692321671034187 0.10613137039212485 0.05352358690161606 1.5041981819495647e-12 2.624276578706254e-12 3.350561781616394e-12 3.684680464834492e-12 3.643665261403502e-12 3.253179744808779e-12 2.550323147976406e-12 1.5847642919558399e-12 4.1328559868910107e-13 -9.081025892256286e-13 -2.302856792123745e-12 -3.708109420013406e-12 -5.0492236617843065e-12 -6.257436135123567e-12 -7.264333919549761e-12 -8.00921055707729e-12 -8.43566540431631e-12 -8.497731636450401e-12 -8.159222552229274e-12 -7.392789884857909e-12 -6.188358912606528e-12 -4.543735257165551e-12 -2.4723000394543975e-12 -0.053523586902363036 -0.10613137039360247 -0.15692321671254605 -0.20503006328646 -0.24962878863274202 -0.28995629619559316 -0.32532257113968743 -0.3551224866953155 -0.37884615804518745 -0.39608766659502825 -0.4065520053532565 -0.4100601265824169 -0.40655200535561575 -0.39608766659965255 -0.3788461580518625 -0.3551224867037062 -0.3253225711493589 -0.2899562962060126 -0.24962878864329996 -0.20503006329648607 -0.15692321672132098 -0.1061313704001931 -0.053523586906009765 -0.10613137039477054 -0.21044680361718215 -0.3111614336830996 -0.40655200534862496 -0.4949863594853532 -0.5749513597753545 -0.6450787828931579 -0.7041687291861964 -0.7512101532905365 -0.7853981633973753 -0.8061477931750447 -0.8131040107051298 -0.8061477931770469 -0.7853981634013152 -0.7512101532962425 -0.704168729193402 -0.645078782901502 -0.5749513597843958 -0.49498635949458264 -0.40655200535747993 -0.3111614336909637 -0.21044680362308024 -0.10613137039802215 -0.1569232167145141 -0.31116143368393057 -0.46007559225300065 -0.6011177298816558 -0.7318745764909019 -0.8501088461826013 -0.9537975178215805 -1.0411664494881412 -1.1107207345382026 -1.161270279870445 -1.1919501687492207 -1.202235459769717 -1.1919501687509382 -1.1612702798738195 -1.1107207345430945 -1.0411664494943218 -0.9537975178287527 -0.8501088461903987 -0.7318745764989004 -0.6011177298893898 -0.4600755922599533 -0.3111614336891304 -0.1569232167173668 -0.20503006328889983 -0.4065520053500317 -0.6011177298823086 -0.7853981633949784 -0.9562402165786037 -1.110720734536844 -1.2461965127773333 -1.3603495231733804 -1.4512265760678977 -1.517272739889963 -1.5573579464651097 -1.5707963267950928 -1.5573579464666216 -1.517272739892921 -1.451226576072158 -1.3603495231787437 -1.2461965127835408 -1.1107207345435872 -0.9562402165855282 -0.7853981634016984 -0.6011177298883957 -0.40655200535456604 -0.20503006329137166 -0.24962878863530033 -0.4949863594870111 -0.7318745764919165 -0.9562402165789939 -1.16424432144065 -1.3523278831730778 -1.5172727398884154 -1.656256639356902 -1.766901528525005 -1.8473142426624913 -1.8961188979358377 -1.9124804331620986 -1.896118897937239 -1.8473142426651905 -1.7669015285288499 -1.6562566393616935 -1.517272739893913 -1.3523278831790067 -1.1642443214467062 -0.9562402165848554 -0.731874576497229 -0.4949863594909487 -0.24962878863742752 -0.28995629619793517 -0.5749513597769489 -0.8501088461836853 -1.110720734537357 -1.3523278831732237 -1.5707963267919864 -1.7623880097524365 -1.9238247452398718 -2.0523443059513746 -2.1457476865708194 -2.20243672935949 -2.221441469078092 -2.2024367293608726 -2.145747686573434 -2.052344305955037 -1.9238247452443598 -1.7623880097575104 -1.5707963267973806 -1.352327883178661 -1.1107207345425598 -0.850108846188358 -0.574951359780386 -0.2899562961997716 -0.32532257114150853 -0.6450787828943978 -0.9537975178224563 -1.2461965127777102 -1.5172727398884711 -1.7623880097523659 -1.9773483321432481 -2.158475676346748 -2.302670903285567 -2.407466792648311 -2.471070257713076 -2.4923930255583913 -2.4710702577145365 -2.407466792651022 -2.302670903289287 -2.15847567635122 -1.9773483321482022 -1.762388009757529 -1.51727273989357 -1.24619651278249 -0.9537975178266599 -0.6450787828974606 -0.32532257114312657 -0.3551224866963524 -0.7041687291868238 -1.0411664494885626 -1.3603495231733864 -1.656256639356645 -1.923824745239525 -2.1584756763464923 -2.3561944901887872 -2.5135981630435698 -2.6279934744277593 -2.6974230888472075 -2.7206990463496714 -2.6974230888488404 -2.62799347443074 -2.5135981630475914 -2.3561944901935323 -2.158475676351644 -1.923824745244779 -1.656256639361712 -1.360349523178004 -1.0411664494924928 -0.7041687291896622 -0.3551224866978326 -0.378846158045227 -0.7512101532903388 -1.1107207345379595 -1.4512265760673349 -1.766901528524251 -2.0523443059505833 -2.302670903284897 -2.5135981630431754 -2.681517061330884 -2.8035544592424206 -2.8776222630643695 -2.902453152137866 -2.877622263066272 -2.803554459245854 -2.681517061335458 -2.5135981630485005 -2.3026709032905917 -2.052344305956283 -1.7669015285296257 -1.4512265760720926 -1.1107207345418568 -0.7512101532931313 -0.3788461580466705 -0.3960876665939151 -0.7853981633962083 -1.161270279869412 -1.5172727398887462 -1.8473142426612021 -2.1457476865696012 -2.407466792647311 -2.6279934744271194 -2.8035544592422434 -2.9311458499678107 -3.0085845225335 -3.0345454797816633 -3.0085845225358336 -2.931145849972011 -2.8035544592478234 -2.627993474433585 -2.4074667926541826 -2.1457476865764225 -1.8473142426675555 -1.5172727398942636 -1.1612702798737968 -0.7853981633993484 -0.3960876665955408 -0.4065520053508904 -0.8061477931727731 -1.1919501687472223 -1.5573579464630147 -1.8961188979337458 -2.2024367293575238 -2.4710702577113675 -2.6974230888458837 -2.8776222630635178 -3.008584522532775 -3.088069066684549 -3.114715892931131 -3.0880690666872903 -3.0085845225376975 -2.8776222630700388 -2.6974230888534136 -2.471070257719331 -2.2024367293653735 -1.8961188979409842 -1.5573579464692051 -1.1919501687520122 -0.8061477931762022 -0.4065520053526664
</DataArray>
        <DataArray type="Float64" Name="Mode_1_phi2" NumberOfComponents="1" format="ascii">
 0.0 3.8473413874435795e-16 -3.8473413874435795e-16 -0.0 0.41006012657876023 0.8131040107016757 1.2022354597666236 1.5707963267919411 1.912480433158961 2.2214414690750717 2.4923930255555975 2.720699046347219 2.9024531521358274 3.03454547977964 3.1147158929297714 3.141592653589793 3.114715892932871 3.0345454797851947 2.902453152143167 2.7206990463556653 2.4923930255644904 2.2214414690837856 1.912480433166924 1.570796326798654 1.2022354597717 0.8131040107053008 0.41006012658063934 3.8144268485318525e-16 3.7162464086830715e-16 3.554479962443749e-16 3.331895378559498e-16 3.0523011409725185e-16 2.7204811846060504e-16 2.3421130409113627e-16 1.9236706937305025e-16 1.4723138076378292e-16 9.95765224094112e-17 5.0217882148796634e-17 1.5809567140258768e-27 -5.021788214591332e-17 -9.957652240687242e-17 -1.4723138076161306e-16 -1.923670693712587e-16 -2.3421130408971696e-16 -2.7204811845953796e-16 -3.0523011409650356e-16 -3.331895378554752e-16 -3.554479962441174e-16 -3.716246408681882e-16 -3.8144268485315497e-16 -0.41006012658126173 -0.8131040107065124 -1.2022354597732416 -1.570796326796874 -1.9124804331621692 -2.2214414690767614 -2.4923930255560465 -2.7206990463467613 -2.9024531521348456 -3.034545479778548 -3.114715892929005 -3.141592653589793 -3.1147158929337713 -3.034545479786818 -2.9024531521453265 -2.720699046358173 -2.4923930255671616 -2.221441469086445 -1.912480433169411 -1.570796326800826 -1.2022354597734368 -0.8131040107065113 -0.41006012658126084 -0.0 -0.0 -0.0 -0.0 -0.0 -0.0 -0.0 -0.0 -0.0 -0.0 -0.0 -0.0 0.0 0.0 0.0 0.0 0.0 0.0 0.0 0.0 0.0 0.0 0.0 0.40655200535088204 0.39608766659388167 0.3788461580451517 0.35512248669621094 0.32532257114128316 0.28995629619761154 0.24962878863486818 0.20503006328835224 0.15692321671384893 0.10613137039399084 0.05352358690147632 -2.4723000394487304e-12 -0.05352358690590411 -0.10613137039784641 -0.15692321671715684 -0.20503006329116188 -0.24962878863725146 -0.2899562961996594 -0.32532257114310226 -0.35512248669791885 -0.37884615804688304 -0.3960876665958892 -0.4065520053531532 0.8061477931727608 0.7853981633961593 0.7512101532902273 0.7041687291865877 0.6450787828939984 0.5749513597763549 0.4949863594861974 0.406552005348984 0.31116143368264276 0.2104468036156575 0.1061313703918551 -4.543735257155416e-12 -0.10613137039998935 -0.21044680362274126 -0.3111614336887259 -0.40655200535416386 -0.4949863594906107 -0.5749513597801738 -0.6450787828974228 -0.7041687291898376 -0.7512101532935518 -0.7853981634000309 -0.8061477931771508 1.1919501687472107 1.1612702798693655 1.1107207345378498 1.0411664494882789 0.9537975178219358 0.8501088461828759 0.7318745764907786 0.6011177298808167 0.46007559225114175 0.3111614336808768 0.1569232167099779 -6.188358912593966e-12 -0.15692321672104786 -0.31116143369051297 -0.46007559225941774 -0.6011177298878703 -0.7318745764968032 -0.8501088461881102 -0.9537975178266569 -1.0411664494927908 -1.1107207345424972 -1.1612702798748027 -1.1919501687533907 1.5573579464630083 1.5172727398887182 1.4512265760672634 1.3603495231731024 1.2461965127771213 1.11072073453639 0.9562402165775926 0.7853981633931032 0.6011177298792846 0.4065520053457608 0.20503006328312595 -7.39383624540081e-12 -0.2050300632963461 -0.40655200535727565 -0.6011177298892012 -0.7853981634016003 -0.9562402165849155 -1.1107207345428396 -1.2461965127830388 -1.3603495231788596 -1.4512265760732788 -1.5172727398957906 -1.5573579464710638 1.8961188979337482 1.8473142426612104 1.7669015285242524 1.656256639356402 1.517272739887863 1.3523278831721564 1.1642443214390465 0.9562402165764096 0.731874576488088 0.49498635948191677 0.24962878862870927 -8.159222552227733e-12 -0.24962878864328403 -0.4949863594946119 -0.7318745764990345 -0.9562402165858216 -1.164244321447209 -1.3523278831794117 -1.5172727398946022 -1.6562566393630427 -1.7669015285312646 -1.8473142426694995 -1.8961188979432135 2.2024367293575384 2.145747686569658 2.052344305950686 1.9238247452393635 1.76238800975179 1.5707963267908753 1.3523278831713346 1.1107207345344 0.850108846179418 0.5749513597714211 0.2899562961909383 -8.497731636452254e-12 -0.2899562962060997 -0.5749513597846151 -0.8501088461907921 -1.1107207345441918 -1.352327883179852 -1.5707963267984921 -1.7623880097589197 -1.9238247452464534 -2.052344305958237 -2.145747686578641 -2.2024367293678315 2.471070257711398 2.407466792647429 2.302670903285127 2.158475676346445 1.9773483321427443 1.7623880097513336 1.5172727398865937 1.246196512774709 0.9537975178181014 0.6450787828888105 0.32532257113449936 -8.43566540432007e-12 -0.32532257114952107 -0.6450787829018568 -0.9537975178293271 -1.2461965127843573 -1.517272739894986 -1.7623880097588482 -1.9773483321498049 -2.158475676353507 -2.3026709032926975 -2.4074667926565128 -2.47107025772185 2.6974230888459307 2.6279934744273064 2.5135981630435507 2.3561944901888854 2.1584756763463586 1.9238247452388222 1.6562566393550588 1.3603495231706415 1.0411664494844464 0.7041687291815216 0.35512248668968865 -8.009210557081655e-12 -0.3551224867039133 -0.7041687291938296 -1.0411664494949875 -1.3603495231796565 -1.6562566393628577 -1.923824745245771 -2.158475676352871 -2.3561944901954077 -2.5135981630505797 -2.627993474435843 -2.6974230888558144 2.877622263063585 2.8035544592425055 2.6815170613314185 2.513598163043832 2.302670903285318 2.0523443059504247 1.7669015285231977 1.4512265760651153 1.1107207345343713 0.7512101532856258 0.3788461580392237 -7.264333919553693e-12 -0.37884615805207583 -0.7512101532966744 -1.11072073454375 -1.4512265760730418 -1.7669015285299556 -2.052344305956355 -2.3026709032908057 -2.5135981630492914 -2.681517061337318 -2.803554459249814 -2.8776222630721313 3.008584522532862 2.9311458499681495 2.803554459243119 2.6279934744282 2.4074667926482274 2.145747686570001 1.8473142426607658 1.5172727398871986 1.1612702798665528 0.7853981633923219 0.39608766658883254 -6.2574361351263655e-12 -0.39608766659983263 -0.7853981634016779 -1.1612702798743644 -1.5172727398936416 -1.8473142426660847 -2.145747686574487 -2.4074667926522206 -2.6279934744320697 -2.803554459247292 -2.9311458499735363 -3.0085845225392847 3.0880690666846546 3.0085845225339147 2.8776222630652284 2.6974230888478274 2.471070257713171 2.2024367293588285 1.8961188979342354 1.5573579464624168 1.1919501687453444 0.8061477931699392 0.4065520053469389 -5.049223661785657e-12 -0.4065520053557253 -0.8061477931772655 -1.1919501687512635 -1.5573579464670495 -1.896118897937763 -2.2024367293614837 -2.471070257715228 -2.6974230888496025 -2.877622263067088 -3.0085845225366925 -3.088069066688177 3.1147158929312546 3.0345454797821496 2.902453152138877 2.7206990463504686 2.4923930255586666 2.221441469077608 1.9124804331606509 1.570796326792524 1.202235459765926 0.8131040107000652 0.41006012657608837 -3.708109420013406e-12 -0.4100601265824169 -0.8131040107051298 -1.202235459769717 -1.5707963267950928 -1.9124804331620986 -2.221441469078092 -2.4923930255583895 -2.720699046349671 -2.902453152137866 -3.0345454797816633 -3.114715892931131 3.0880690666874298 3.008584522536383 2.877622263067417 2.697423088849801 2.471070257714992 2.2024367293605702 1.89611889793597 1.5573579464642229 1.1919501687472964 0.8061477931721072 0.40655200534938324 -2.302856792123129e-12 -0.4065520053531485 -0.806147793174832 -1.1919501687489082 -1.5573579464647043 -1.8961188979353498 -2.2024367293589244 -2.471070257712448 -2.697423088846525 -2.8776222630636457 -3.008584522532749 -3.088069066683784 3.0085845225378507 2.931145849972611 2.8035544592471084 2.6279934744318405 2.40746679265164 2.145747686573316 1.8473142426641183 1.5172727398907258 1.1612702798703853 0.7853981633965814 0.39608766659362193 -9.06081175868667e-13 -0.396087666594854 -0.7853981633970355 -1.161270279869951 -1.5172727398893282 -1.847314242661733 -2.1457476865699534 -2.407466792647357 -2.627993474426738 -2.8035544592413513 -2.9311458499667133 -3.0085845225316703 2.877622263070201 2.8035544592484594 2.6815170613367925 2.5135981630488002 2.302670903290047 2.0523443059550908 1.7669015285279828 1.4512265760701955 1.1107207345399188 0.7512101532917914 0.3788461580461339 4.132855986888774e-13 -0.3788461580449888 -0.7512101532901554 -1.1107207345376577 -1.4512265760672107 -1.766901528524198 -2.052344305950472 -2.302670903284593 -2.5135981630425492 -2.68151706132984 -2.8035544592412003 -2.8776222630624955 2.69742308885358 2.62799347443424 2.5135981630498754 2.356194490194815 2.1584756763520905 1.9238247452445676 1.6562566393610259 1.3603495231770326 1.0411664494914483 0.7041687291893 0.3551224866983717 1.5865766415895769e-12 -0.3551224866951349 -0.7041687291858553 -1.0411664494876718 -1.3603495231728102 -1.6562566393562597 -1.9238247452391837 -2.158475676346046 -2.356194490188095 -2.513598163042514 -2.627993474426512 -2.6974230888453445 2.471070257719497 2.4074667926548363 2.3026709032919648 2.1584756763529547 1.9773483321491432 1.7623880097578444 1.5172727398934356 1.2461965127820909 0.9537975178262138 0.6450787828978097 0.3253225711445058 2.550323147975269e-12 -0.3253225711395592 -0.6450787828929373 -0.9537975178213048 -1.2461965127770367 -1.5172727398881343 -1.7623880097522022 -1.9773483321430865 -2.1584756763464292 -2.3026709032849504 -2.4074667926474924 -2.471070257711683 2.2024367293655325 2.1457476865770535 2.05234430595761 1.9238247452460673 1.7623880097584967 1.5707963267978067 1.3523278831787013 1.1107207345423975 0.8501088461882197 0.5749513597811639 0.2899562962017167 3.25317974480807e-12 -0.2899562961955533 -0.5749513597753215 -0.8501088461826235 -1.1107207345369636 -1.3523278831733334 -1.5707963267924125 -1.7623880097529885 -1.9238247452403598 -2.0523443059516415 -2.145747686570884 -2.2024367293590195 1.8961188979411299 1.8473142426681388 1.7669015285308556 1.6562566393629259 1.5172727398945125 1.3523278831791385 1.1642443214465452 0.9562402165845945 0.7318745764970972 0.4949863594918506 0.24962878863962742 3.6436652614041865e-12 -0.24962878863282018 -0.49498635948556785 -0.7318745764913127 -0.9562402165792588 -1.1642443214415914 -1.352327883174485 -1.5172727398900738 -1.6562566393586018 -1.7669015285265577 -1.8473142426638434 -1.8961188979366914 1.557357946469333 1.5172727398947776 1.451226576073175 1.360349523179088 1.2461965127833576 1.1107207345430417 0.9562402165848075 0.7853981634010061 0.6011177298879674 0.40655200535527775 0.20503006329349124 3.68468046483773e-12 -0.20503006328667797 -0.40655200534913505 -0.6011177298825225 -0.7853981633962607 -0.9562402165807349 -1.1107207345395886 -1.2461965127804504 -1.3603495231766327 -1.4512265760710723 -1.5172727398929386 -1.557357946467614 1.1919501687521183 1.1612702798742154 1.1107207345427417 1.0411664494933865 0.953797517827394 0.8501088461887966 0.731874576497258 0.6011177298879208 0.46007559225890915 0.31116143368931026 0.15692321671904527 3.350561781623196e-12 -0.15692321671290987 -0.31116143368391125 -0.46007559225433514 -0.6011177298842246 -0.7318745764944609 -0.8501088461868882 -0.9537975178263264 -1.0411664494930886 -1.1107207345431096 -1.1612702798751313 -1.1919501687534384 0.806147793176276 0.785398163399649 0.7512101532937662 0.7041687291903107 0.6450787828980057 0.5749513597807296 0.49498635949101216 0.4065520053542842 0.31116143368845584 0.2104468036219826 0.10613137039866417 2.6242765787121077e-12 -0.10613137039387216 -0.2104468036177822 -0.3111614336849138 -0.4065520053514432 -0.49498635948888353 -0.5749513597793018 -0.6450787828972349 -0.7041687291901396 -0.7512101532941082 -0.7853981634003934 -0.8061477931773195 0.40655200535270586 0.3960876665957012 0.37884615804700694 0.35512248669817975 0.32532257114342306 0.28995629619996843 0.24962878863748164 0.20503006329124876 0.1569232167170419 0.10613137039747957 0.05352358690524439 1.5041981819530128e-12 -0.053523586902502765 -0.10613137039508162 -0.15692321671502357 -0.20503006328963003 -0.24962878863626892 -0.28995629619915225 -0.3253225711429753 -0.35512248669806895 -0.37884615804717636 -0.3960876665960793 -0.4065520053532412
</DataArray>
        <DataArray type="Float64" Name="Mode_2_w" NumberOfComponents="1" format="ascii">
 0.0 0.0 -2.999519565323715e-32 -0.0 0.0 0.0 0.0 0.0 0.0 0.0 0.0 0.0 0.0 0.0 0.0 0.0 0.0 0.0 0.0 0.0 0.0 0.0 0.0 0.0 0.0 0.0 0.0 3.169619151425665e-17 6.12323399572608e-17 8.659560562342587e-17 1.0605752387235766e-16 1.182917971377739e-16 1.2246467991473532e-16 1.182917971380085e-16 1.0605752387281093e-16 8.659560562406841e-17 6.12323399580844e-17 3.1696191515207417e-17 1.0064683034061531e-27 -3.169619151341909e-17 -6.123233995663534e-17 -8.659560562301117e-17 -1.0605752387215243e-16 -1.1829179713771375e-16 -1.2246467991473532e-16 -1.1829179713797641e-16 -1.0605752387265982e-16 -8.65956056237288e-17 -6.123233995751419e-17 -3.169619151439938e-17 -3.1969696701568083e-17 -6.339238302889318e-17 -9.373040810688063e-17 -1.224646799148895e-16 -1.4910354709594446e-16 -1.7319121124690985e-16 -1.9431552575580649e-16 -2.1211504774462543e-16 -2.262852224571826e-16 -2.3658359427543464e-16 -2.4283395520232564e-16 -2.4492935982947064e-16 -2.4283395520269724e-16 -2.3658359427607934e-16 -2.262852224579997e-16 -2.1211504774551515e-16 -1.9431552575667308e-16 -1.731912112476648e-16 -1.4910354709650904e-16 -1.224646799151976e-16 -9.373040810689584e-17 -6.339238302889311e-17 -3.1969696701568016e-17 -0.0 -0.0 -0.0 -0.0 -0.0 -0.0 -0.0 -0.0 -0.0 -0.0 -0.0 -0.0 0.0 0.0 0.0 0.0 0.0 0.0 0.0 0.0 0.0 0.0 0.0 0.03378266443133326 0.06526309611016252 0.09229595564143049 0.1130389983219757 0.12607862007260462 0.13052619221999504 0.1260786200722558 0.11303899832129287 0.09229595564044316 0.0652630961089152 0.0337826644298814 -1.573915088338213e-12 -0.03378266443262796 -0.06526309611112065 -0.09229595564207906 -0.11303899832240213 -0.12607862007293938 -0.13052619222039294 -0.12607862007287401 -0.11303899832226698 -0.09229595564185418 -0.06526309611050556 -0.03378266443152846 0.06698729810791036 0.1294095225515102 0.18301270189253793 0.22414386804230776 0.2500000000001579 0.25881904510241904 0.2499999999995201 0.22414386804105868 0.18301270189072946 0.129409522549225 0.06698729810524723 -2.892631705108835e-12 -0.06698729811029293 -0.12940952255327748 -0.18301270189374017 -0.22414386804311068 -0.2500000000008014 -0.2588190451031886 -0.25000000000070394 -0.22414386804290495 -0.18301270189338484 -0.1294095225521963 -0.06698729810830119 0.09904576054146924 0.19134171618289625 0.2705980500735503 0.33141357403601224 0.36964381061462226 0.3826834323649733 0.36964381061375506 0.331413574034313 0.27059805007108867 0.19134171617978754 0.09904576053784524 -3.939631642264463e-12 -0.09904576054471202 -0.19134171618530066 -0.2705980500751869 -0.33141357403711424 -0.36964381061552015 -0.3826834323660578 -0.36964381061541957 -0.3314135740368959 -0.2705980500747868 -0.1913417161838988 -0.09904576054203947 0.12940952255144453 0.250000000000361 0.3535533905937375 0.4330127018926306 0.48296291314471895 0.4999999999997664 0.4829629131436961 0.43301270189062285 0.353553390590822 0.24999999999667435 0.12940952254713392 -4.707062347470236e-12 -0.12940952255533453 -0.25000000000326367 -0.3535533905957397 -0.4330127018940181 -0.48296291314588713 -0.5000000000011804 -0.48296291314582346 -0.43301270189386387 -0.3535533905954042 -0.2500000000017123 -0.12940952255221252 0.15755905175146162 0.3043807145047154 0.43045933457733565 0.527202862366053 0.5880183863282896 0.6087614290083871 0.5880183863271694 0.5272028623638514 0.43045933457413277 0.30438071450066495 0.15755905174671817 -5.194322403895655e-12 -0.15755905175575916 -0.30438071450793097 -0.4304593345795673 -0.5272028623676309 -0.5880183863296529 -0.6087614290100503 -0.588018386329649 -0.5272028623675864 -0.430459334579368 -0.3043807145063637 -0.1575590517523998 0.18301270189239008 0.35355339059361707 0.5000000000004423 0.6123724356961475 0.6830127018922971 0.7071067811861439 0.6830127018911325 0.6123724356938569 0.4999999999971062 0.35355339058940316 0.18301270188745444 -5.409823980039028e-12 -0.1830127018968594 -0.35355339059695556 -0.500000000002758 -0.6123724356978043 -0.6830127018937594 -0.7071067811879541 -0.6830127018938317 -0.6123724356979031 -0.5000000000027489 -0.35355339059549185 -0.18301270189345556 0.20533495396323706 0.39667667014595 0.5609855267973609 0.6870641468697776 0.7663204807600479 0.7933533402907961 0.766320480758886 0.6870641468674915 0.5609855267940297 0.39667667014175567 0.20533495395833315 -5.370311389467325e-12 -0.20533495396765153 -0.39667667014922425 -0.560985526799611 -0.6870641468713921 -0.7663204807615012 -0.7933533402926366 -0.7663204807616595 -0.6870641468716572 -0.5609855267998324 -0.39667667014796315 -0.2053349539643805 0.22414386804217665 0.43301270189254876 0.6123724356962217 0.7500000000003157 0.8365163037378415 0.8660254037840028 0.8365163037367209 0.7499999999981123 0.6123724356930142 0.433012701888533 0.2241438680375021 -5.098821801693352e-12 -0.224143868046326 -0.4330127018955789 -0.6123724356982563 -0.7500000000017613 -0.8365163037391669 -0.8660254037857464 -0.836516303739415 -0.7500000000022025 -0.6123724356987303 -0.4330127018945989 -0.22414386804334072 0.23911761839450563 0.4619397662559836 0.6532814824386297 0.8001031451915909 0.8923991008325743 0.9238795325108957 0.8923991008315271 0.8001031451895345 0.6532814824356432 0.46193976625227806 0.23911761839022821 -4.624618606268372e-12 -0.2391176183982007 -0.46193976625860245 -0.6532814824403047 -0.800103145192739 -0.892399100833647 -0.9238795325124074 -0.8923991008339823 -0.8001031451933523 -0.6532814824410351 -0.46193976625796046 -0.2391176183956277 0.25000000000019107 0.48296291314490436 0.6830127018926994 0.8365163037381712 0.933012701892323 0.9659258262887649 0.9330127018913711 0.8365163037363069 0.6830127018900053 0.48296291314161094 0.24999999999644557 -3.9836075679488245e-12 -0.25000000000326905 -0.48296291314696477 -0.6830127018938809 -0.8365163037388949 -0.9330127018930172 -0.9659258262899073 -0.9330127018934284 -0.8365163037396645 -0.6830127018948526 -0.48296291314668915 -0.2500000000012029 0.25660481229279647 0.49572243068732974 0.7010573846505265 0.8586164364016966 0.9576621969427426 0.9914448613736377 0.9576621969418981 0.8586164364000508 0.7010573846481705 0.4957224306845158 0.2566048122896787 -3.214435618198991e-12 -0.25660481229512877 -0.4957224306887052 -0.7010573846510931 -0.8586164364018761 -0.9576621969429325 -0.9914448613742743 -0.9576621969434037 -0.8586164364027721 -0.7010573846522749 -0.4957224306888017 -0.25660481229362864 0.2588190451027982 0.5000000000005074 0.7071067811871993 0.866025403784985 0.9659258262893934 1.0 0.9659258262886591 0.8660254037835665 0.7071067811851995 0.49999999999820816 0.2588190451003655 -2.3606557748830183e-12 -0.25881904510429066 -0.5000000000010989 -0.7071067811870467 -0.8660254037845108 -0.9659258262889598 -1.0 -0.9659258262894684 -0.8660254037854929 -0.7071067811883884 -0.5000000000015427 -0.2588190451033812 0.2566048122928967 0.495722430687491 0.7010573846507288 0.8586164364019195 0.9576621969430124 0.9914448613739985 0.9576621969424042 0.8586164364007586 0.7010573846491274 0.4957224306857512 0.25660481229119403 -1.466044166796565e-12 -0.2566048122935289 -0.49572243068729915 -0.7010573846498754 -0.8586164364008171 -0.9576621969419838 -0.9914448613733832 -0.9576621969425234 -0.8586164364018738 -0.701057384651361 -0.4957224306880895 -0.2566048122932307 0.2500000000003516 0.4829629131451608 0.6830127018930263 0.8365163037385414 0.9330127018927958 0.9659258262894329 0.9330127018923429 0.8365163037376903 0.683012701891887 0.4829629131440397 0.24999999999941497 -5.768291919280612e-13 -0.2500000000001783 -0.4829629131442863 -0.6830127018916112 -0.8365163037369729 -0.9330127018913461 -0.9659258262883751 -0.9330127018919305 -0.836516303738126 -0.6830127018932598 -0.48296291314544565 -0.2500000000005061 0.23911761839469095 0.4619397662562776 0.6532814824390136 0.8001031451920406 0.8923991008331877 0.9238795325118138 0.8923991008329086 0.8001031451915304 0.6532814824383716 0.46193976625579625 0.23911761839451304 2.6310578376011275e-13 -0.23911761839380172 -0.4619397662548466 -0.6532814824371894 -0.8001031451901784 -0.892399100831495 -0.9238795325104894 -0.8923991008321299 -0.8001031451914333 -0.6532814824390045 -0.461939766256369 -0.2391176183947351 0.22414386804235673 0.43301270189283286 0.6123724356966055 0.7500000000007891 0.8365163037385394 0.8660254037851111 0.8365163037384408 0.750000000000629 0.6123724356964647 0.4330127018929747 0.2241438680428867 1.0100460604124783e-12 -0.22414386804087802 -0.4330127018909915 -0.6123724356945387 -0.7499999999988046 -0.8365163037367793 -0.8660254037836941 -0.8365163037374637 -0.7500000000001579 -0.6123724356965035 -0.43301270189284613 -0.22414386804235728 0.20533495396338824 0.3966766701461876 0.5609855267977021 0.6870641468702304 0.7663204807607834 0.7933533402920345 0.7663204807608601 0.6870641468704091 0.5609855267980361 0.39667667014689856 0.2053349539645391 1.6235861419277891e-12 -0.20533495396147006 -0.39667667014410146 -0.5609855267955628 -0.6870641468682926 -0.7663204807591223 -0.7933533402906906 -0.7663204807598503 -0.6870641468697292 -0.5609855267976444 -0.39667667014623104 -0.20533495396340545 0.1830127018924963 0.35355339059378416 0.5000000000007122 0.6123724356965498 0.6830127018930303 0.7071067811874538 0.6830127018932687 0.6123724356970336 0.5000000000014649 0.35355339059497604 0.18301270189413993 2.07103854861054e-12 -0.1830127018903164 -0.35355339059162794 -0.49999999999867034 -0.6123724356948212 -0.6830127018916238 -0.7071067811863356 -0.6830127018923824 -0.6123724356963105 -0.500000000000821 -0.3535533905939495 -0.18301270189258384 0.15755905175151455 0.30438071450480086 0.4304593345775212 0.5272028623663897 0.5880183863289926 0.6087614290097123 0.5880183863293653 0.5272028623671261 0.4304593345786098 0.3043807145063536 0.15755905175349144 2.319629349298797e-12 -0.15755905174926876 -0.30438071450275844 -0.43045933457574537 -0.5272028623650191 -0.588018386327978 -0.6087614290089551 -0.5880183863287468 -0.5272028623665208 -0.4304593345778987 -0.30438071450516696 -0.15755905175171803 0.129409522551444 0.25000000000036826 0.353553390593842 0.4330127018929028 0.48296291314537654 0.5000000000010545 0.4829629131458464 0.43301270189381763 0.3535533905951575 0.25000000000213235 0.1294095225535654 2.3457404387722695e-12 -0.1294095225493394 -0.24999999999862282 -0.35355339059248736 -0.43301270189201907 -0.4829629131448664 -0.500000000000771 -0.48296291314562084 -0.43301270189348173 -0.35355339059456414 -0.2500000000009942 -0.1294095225517958 0.0990457605414241 0.19134171618284193 0.2705980500735919 0.331413574036232 0.3696438106152228 0.3826834323661693 0.36964381061574125 0.33141357403722893 0.27059805007499305 0.19134171618463416 0.09904576054347292 2.133033878720477e-12 -0.09904576053966772 -0.1913417161815554 -0.2705980500727793 -0.3314135740359177 -0.36964381061527657 -0.3826834323664151 -0.36964381061598084 -0.33141357403727234 -0.2705980500746757 -0.1913417161837392 -0.09904576054193119 0.06698729810786201 0.12940952255144378 0.18301270189253585 0.22414386804243625 0.25000000000057254 0.25881904510328413 0.25000000000098516 0.22414386804322883 0.18301270189364935 0.12940952255285937 0.06698729810947324 1.6706663581692772e-12 -0.06698729810650121 -0.12940952255046417 -0.18301270189193525 -0.22414386804222194 -0.2500000000006348 -0.25881904510347803 -0.25000000000114914 -0.22414386804321282 -0.18301270189332494 -0.12940952255209537 -0.06698729810823024 0.03378266443129595 0.06526309611010651 0.09229595564140304 0.1130389983220162 0.1260786200728025 0.13052619222044343 0.1260786200730395 0.1130389983224726 0.09229595564204424 0.06526309611091902 0.03378266443221994 9.576023041906567e-13 -0.03378266443051956 -0.06526309610955153 -0.09229595564106689 -0.1130389983218967 -0.12607862007283469 -0.13052619222054293 -0.12607862007311219 -0.11303899832243222 -0.09229595564181702 -0.06526309611044785 -0.033782664431488835
</DataArray>
        <DataArray type="Float64" Name="Mode_2_phi1" NumberOfComponents="1" format="ascii">
 0.0 -0.0 7.694682774887159e-16 -7.694682774887159e-16 0.0 0.0 0.0 0.0 0.0 0.0 0.0 0.0 0.0 0.0 0.0 0.0 -0.0 -0.0 -0.0 -0.0 -0.0 -0.0 -0.0 -0.0 -0.0 -0.0 -0.0 -0.8131040107016396 -1.5707963267921552 -2.221441469076016 -2.720699046347914 -3.0345454797799993 -3.141592653589793 -3.0345454797860185 -2.7206990463595417 -2.221441469092499 -1.5707963268132832 -0.8131040107260298 -2.5818982503797837e-11 0.8131040106801537 1.5707963267761103 2.2214414690653776 2.7206990463426495 3.034545479778457 3.141592653589793 3.034545479785195 2.7206990463556653 2.221441469083787 1.5707963267986553 0.8131040107053013 7.628853697062898e-16 7.43249281736297e-16 7.108959924880784e-16 6.66379075711202e-16 6.104602281939008e-16 5.440962369207962e-16 4.684226081821292e-16 3.8473413874629476e-16 2.944627615281465e-16 1.9915304481982043e-16 1.0043576429901948e-16 4.97836316089478e-27 -1.0043576429015211e-16 -1.991530448122613e-16 -2.9446276152194905e-16 -3.8473413874145347e-16 -4.684226081785812e-16 -5.440962369184246e-16 -6.104602281925397e-16 -6.663790757106431e-16 -7.108959924880586e-16 -7.43249281736297e-16 -7.628853697062898e-16 -0.8131040107065142 -1.570796326800828 -2.2214414690861464 -2.7206990463536105 -3.0345454797820928 -3.141592653589793 -3.0345454797856366 -2.720699046360457 -2.221441469096128 -1.57079632682059 -0.813104010737376 -4.065142018385146e-11 0.8131040106668319 1.5707963267652487 2.221441469057396 2.7206990463376335 3.034545479776185 3.141592653589793 3.034545479786818 2.7206990463581735 2.2214414690864452 1.570796326800826 0.8131040107065124 0.8061477931772302 1.5573579464712166 2.2024367293680585 2.6974230888560577 3.0085845225395187 3.1147158929313368 3.0085845225296386 2.6974230888369757 2.202436729341082 1.5573579464382319 0.8061477931405011 -3.755796638502481e-11 -0.8061477932056246 -1.5573579464892497 -2.202436729376703 -2.6974230888578674 -3.008584522538174 -3.1147158929311725 -3.0085845225350583 -2.697423088851853 -2.2024367293679217 -1.557357946471351 -0.8061477931773041 0.7853981634003433 1.5172727398963746 2.145747686579462 2.627993474436741 2.9311458499744254 3.034545479782473 2.931145849965391 2.627993474419304 2.1457476865548393 1.5172727398663575 0.785398163367033 -3.3914901671652363e-11 -0.7853981634257743 -1.5172727399122592 -2.1457476865867187 -2.627993474437779 -2.9311458499726295 -3.0345454797818254 -2.9311458499699294 -2.6279934744325755 -2.1457476865791336 -1.517272739896359 -0.7853981634003359 0.7512101532942134 1.4512265760745033 2.0523443059599233 2.5135981630524435 2.8035544592491557 2.9024531521395827 2.8035544592410293 2.513598163036775 2.052344305937847 1.4512265760477139 0.7512101532646486 -2.988004003119459e-11 -0.7512101533163142 -1.4512265760879228 -2.052344305965524 -2.513598163052457 -2.8035544592466612 -2.9024531521381713 -2.803554459244346 -2.51359816304802 -2.052344305959081 -1.4512265760740781 -0.7512101532939666 0.7041687291905372 1.3603495231801868 1.9238247452483326 2.3561944901975314 2.6279934744342537 2.72069904635175 2.6279934744270372 2.356194490183645 1.9238247452288406 1.3603495231567053 0.7041687291648682 -2.56130000797247e-11 -0.7041687292090479 -1.3603495231908498 -1.9238247452519721 -2.356194490196197 -2.6279934744307014 -2.7206990463491856 -2.627993474428704 -2.356194490192395 -1.923824745246519 -1.3603495231789882 -0.7041687291898473 0.6450787828980469 1.2461965127842753 1.7623880097607532 2.158475676355015 2.4074667926545126 2.4923930255606717 2.407466792648185 2.158475676342879 1.7623880097438154 1.2461965127640862 0.6450787828762927 -2.126661170541507e-11 -0.6450787829128416 -1.2461965127920314 -1.76238800976224 -2.1584756763521065 -2.4074667926496445 -2.4923930255566624 -2.4074667926478854 -2.1584756763488016 -1.7623880097575995 -1.246196512782008 -0.6450787828967546 0.5749513597806342 1.1107207345438337 1.5707963268000902 1.9238247452477426 2.1457476865767218 2.221441469080451 2.145747686571232 1.923824745237264 1.570796326785589 1.1107207345268044 0.5749513597626755 -1.6995463272880403e-11 -0.5749513597917314 -1.1107207345486356 -1.5707963267993237 -1.9238247452430988 -2.145747686570329 -2.221441469074764 -2.145747686568726 -1.9238247452401276 -1.570796326795274 -1.110720734540246 -0.5749513597785849 0.4949863594908312 0.9562402165855354 1.3523278831810466 1.6562566393644877 1.8473142426681093 1.9124804331644187 1.8473142426633795 1.65625663935552 1.3523278831687844 0.9562402165714335 0.4949863594764272 -1.2945827452569286e-11 -0.49498635949837444 -0.9562402165874423 -1.3523278831780057 -1.65625663935801 -1.8473142426600477 -1.9124804331568832 -1.847314242658503 -1.6562566393551954 -1.3523278831743066 -0.9562402165804109 -0.49498635948790687 0.4065520053540806 0.7853981634017344 1.1107207345448378 1.3603495231807992 1.5172727398953259 1.570796326797268 1.517272739891258 1.360349523173152 1.1107207345345478 0.7853981633902346 0.40655200534287383 -9.248239742236347e-12 -0.406552005358333 -0.7853981634009068 -1.1107207345395846 -1.3603495231724678 -1.5172727398855137 -1.5707963267877805 -1.5172727398839276 -1.3603495231696163 -1.1107207345359729 -0.7853981633949126 -0.40655200535019037 0.3111614336882937 0.6011177298887648 0.850108846190775 1.0411664494955237 1.1612702798755963 1.2022354597716585 1.1612702798720727 1.041166449488969 0.8501088461821397 0.6011177298794661 0.3111614336798304 -6.0179712621558625e-12 -0.31116143368962546 -0.6011177298854572 -0.8501088461834566 -1.0411664494853843 -1.1612702798640187 -1.2022354597601932 -1.1612702798622925 -1.0411664494823043 -0.8501088461796585 -0.6011177298801437 -0.31116143368337973 0.210446803621929 0.40655200535621233 0.5749513597838523 0.7041687291936687 0.7853981634023731 0.8131040107067614 0.7853981633992608 0.7041687291879558 0.5749513597765086 0.4065520053486552 0.2104468036156796 -3.353349918178994e-12 -0.21044680362080453 -0.40655200535076896 -0.574951359774696 -0.7041687291818456 -0.7853981633890897 -0.8131040106933669 -0.7853981633871271 -0.7041687291783499 -0.5749513597704397 -0.40655200534575214 -0.21044680361596907 0.1061313703987857 0.20503006329462892 0.289956296204546 0.3551224867030048 0.39608766659993666 0.4100601265836829 0.3960876665971001 0.35512248669786134 0.2899562961981078 0.20503006328831344 0.10613137039416334 -1.329485811891455e-12 -0.10613137039575082 -0.20503006328747062 -0.2899562961938519 -0.3551224866896957 -0.39608766658508887 -0.4100601265684918 -0.39608766658279704 -0.35512248668560475 -0.28995629618887697 -0.20503006328235884 -0.1061313703917973 2.982659115963391e-12 5.069713045395377e-12 6.191030904898695e-12 6.382053774747834e-12 5.781428012072424e-12 4.600690915942757e-12 3.105076727989072e-12 1.584764291953446e-12 3.1631510290608457e-13 -4.700684899951929e-13 -6.011662566028962e-13 8.753569916252765e-24 1.318111876489355e-12 3.239087290573049e-12 5.559880476363636e-12 8.00921055707829e-12 1.0270615452339243e-11 1.201760732966917e-11 1.2946292931973665e-11 1.2804687690247376e-11 1.1434596278375781e-11 8.77782246543072e-12 4.902298339782375e-12 -0.10613137039328331 -0.2050300632852508 -0.2899562961930651 -0.35512248669112695 -0.39608766658914346 -0.4100601265750748 -0.3960876665912964 -0.35512248669495783 -0.28995629619768243 -0.20503006328951123 -0.10613137039580121 6.063536965425096e-13 0.106131370397411 0.2050300632926404 0.2899562962032734 0.35512248670360524 0.39608766660314704 0.41006012658975827 0.3960876666057747 0.3551224867083551 0.289956296209169 0.20503006329794737 0.1061313704005098 -0.21044680361690948 -0.4065520053476224 -0.5749513597733045 -0.7041687291827209 -0.7853981633924383 -0.8131040106989296 -0.7853981633941964 -0.7041687291858421 -0.5749513597770459 -0.4065520053511107 -0.2104468036189883 4.855674387033351e-13 0.21044680362020393 0.4065520053535336 0.5749513597815128 0.7041687291929131 0.7853981634040583 0.8131040107113322 0.785398163406689 0.7041687291977188 0.5749513597875993 0.40655200535894076 0.2104468036233473 -0.3111614336837059 -0.6011177298808684 -0.8501088461810523 -1.041166449485409 -1.1612702798664882 -1.2022354597646951 -1.1612702798680197 -1.0411664494881405 -0.8501088461843765 -0.6011177298841657 -0.3111614336860123 -3.4237700022117634e-13 0.3111614336855944 0.6011177298848903 0.8501088461869992 1.0411664494931745 1.1612702798756518 1.20223545977474 1.1612702798783705 1.041166449498205 0.850108846193523 0.6011177298907935 0.3111614336893471 -0.4065520053498532 -0.7853981633944084 -1.1107207345357946 -1.3603495231713836 -1.5172727398869816 -1.5707963267912375 -1.517272739888457 -1.360349523174065 -1.1107207345391752 -0.7853981633980913 -0.40655200535303215 -1.8320209022237347e-12 0.4065520053498321 0.7853981633962092 1.1107207345393157 1.3603495231766891 1.5172727398937171 1.5707963267989484 1.5172727398966155 1.3603495231821114 1.1107207345465158 0.7853981634030004 0.40655200535473296 -0.4949863594868767 -0.9562402165786279 -1.3523278831725116 -1.6562566393556124 -1.847314242660432 -1.9124804331593486 -1.847314242662027 -1.6562566393585683 -1.352327883176407 -0.9562402165832548 -0.49498635949153613 -3.913863559016068e-12 0.49498635948451564 0.9562402165779698 1.3523278831735346 1.6562566393585119 1.8473142426648734 1.9124804331648506 1.8473142426680347 1.6562566393644984 1.3523278831816448 0.9562402165860181 0.4949863594910668 -0.574951359776855 -1.1107207345371768 -1.5707963267918672 -1.9238247452392256 -2.145747686569597 -2.2214414690763356 -2.1457476865714735 -1.9238247452427757 -1.5707963267967153 -1.110720734543264 -0.5749513597835333 -6.506359489609749e-12 0.5749513597718247 1.1107207345339156 1.5707963267904206 1.9238247452398782 2.1457476865719625 2.2214414690798487 2.1457476865754734 1.9238247452465849 1.570796326799659 1.1107207345435501 0.5749513597804621 -0.6450787828943367 -1.2461965127776928 -1.7623880097526365 -2.158475676346658 -2.4074667926478046 -2.492393025557477 -2.407466792650121 -2.158475676351092 -1.7623880097588325 -1.24619651278569 -0.6450787829034905 -9.49703403758886e-12 0.6450787828864144 1.2461965127717933 1.762388009748847 2.15847567634531 2.4074667926484015 2.492393025559302 2.4074667926523414 2.158475676352879 1.7623880097594034 1.2461965127832941 0.6450787828975044 -0.7041687291867874 -1.360349523173499 -1.9238247452401154 -2.3561944901891385 -2.627993474427812 -2.7206990463494143 -2.627993474430706 -2.3561944901947154 -1.9238247452479997 -1.3603495231837825 -0.704168729198774 -1.2764107549479851e-11 0.704168729175866 1.3603495231650278 1.9238247452341979 2.3561944901861134 2.6279934744270252 2.720699046349928 2.6279934744314595 2.3561944901946688 1.9238247452462247 1.3603495231786193 0.7041687291896758 -0.751210153290317 -1.4512265760675347 -2.052344305951402 -2.513598163043828 -2.8035544592428394 -2.902453152138026 -2.8035544592464268 -2.5135981630507644 -2.0523443059612587 -1.4512265760803988 -0.7512101533053847 -1.6177943389467795e-11 0.7512101532764307 1.4512265760566871 2.0523443059436954 2.5135981630395596 2.8035544592411483 2.9024531521377064 2.8035544592461346 2.5135981630491986 2.0523443059573103 1.451226576072523 0.7512101532931271 -0.7853981633961801 -1.5172727398889492 -2.1457476865704663 -2.627993474427781 -2.931145849968194 -3.034545479781745 -2.9311458499726415 -2.6279934744363778 -2.1457476865826646 -1.5172727399047377 -0.7853981634145477 -1.9587867049663443e-11 0.7853981633795959 1.5172727398762538 2.1457476865617093 2.627993474423163 2.931145849966576 3.0345454797815816 2.9311458499722316 2.62799347443409 2.1457476865771494 1.5172727398945702 0.7853981633993464 -0.8061477931727402 -1.5573579464632221 -2.2024367293584275 -2.697423088846554 -3.0085845225331327 -3.1147158929311516 -3.0085845225384062 -2.6974230888567416 -2.2024367293728746 -1.5573579464818148 -0.8061477931942691 -2.2851039053767938e-11 0.8061477931535883 1.5573579464487763 2.202436729348691 2.6974230888416106 3.0085845225315784 3.1147158929311107 3.008584522537829 2.697423088853686 2.202436729365752 1.557357946469369 0.8061477931762004
</DataArray>
        <DataArray type="Float64" Name="Mode_2_phi2" NumberOfComponents="1" format="ascii">
 0.0 7.694682774887159e-16 7.694682774887159e-16 0.0 0.8201202531575205 1.6262080214033514 2.404470919533247 3.1415926535838823 3.824960866317922 4.442882938150143 4.984786051111195 5.441398092694438 5.804906304271655 6.06909095955928 6.229431785859543 6.283185307179586 6.229431785865742 6.0690909595703895 5.804906304286334 5.441398092711331 4.984786051128981 4.442882938167571 3.824960866333848 3.141592653597308 2.4044709195434 1.6262080214106016 0.8201202531612787 7.432492817366167e-16 6.663790757118693e-16 5.440962369209788e-16 3.847341387458057e-16 1.9915304481849382e-16 2.8482212985641824e-27 -1.9915304481299198e-16 -3.847341387408729e-16 -5.440962369169416e-16 -6.663790757088816e-16 -7.432492817350161e-16 -7.694682774887159e-16 -7.432492817380268e-16 -6.663790757141383e-16 -5.440962369235846e-16 -3.847341387480391e-16 -1.9915304481990398e-16 -3.188319527808369e-27 1.991530448137446e-16 3.847341387425173e-16 5.440962369190755e-16 6.663790757109501e-16 7.432492817363764e-16 0.8201202531625235 1.6262080214130248 2.4044709195464833 3.141592653593748 3.8249608663243384 4.442882938153523 4.984786051112093 5.441398092693523 5.804906304269691 6.069090959557096 6.22943178585801 6.283185307179586 6.2294317858675425 6.069090959573636 5.804906304290653 5.441398092716346 4.984786051134323 4.44288293817289 3.824960866338822 3.141592653601652 2.4044709195468736 1.6262080214130226 0.8201202531625217 0.0 0.0 0.0 0.0 0.0 0.0 -0.0 -0.0 -0.0 -0.0 -0.0 -0.0 -0.0 -0.0 -0.0 -0.0 -0.0 -0.0 0.0 0.0 0.0 0.0 0.0 0.7921753331875618 0.7102449733920596 0.5799125923947706 0.4100601265762745 0.21226274078769777 -5.012342498158485e-12 -0.21226274079748803 -0.4100601265853722 -0.5799125924027425 -0.7102449733985092 -0.7921753331921634 -0.8201202531600211 -0.7921753331879711 -0.7102449733914712 -0.5799125923942319 -0.41006012657663454 -0.21226274078950963 1.5717648386331083e-12 0.21226274079265328 0.41006012657977237 0.579912592397413 0.7102449733956276 0.7921753331919793 1.5707963267919292 1.4083374583724722 1.149902719551814 0.813104010697109 0.4208936072307357 -9.244183885752633e-12 -0.42089360724880515 -0.8131040107139271 -1.1499027195665956 -1.4083374583844848 -1.5707963268005851 -1.626208021408187 -1.5707963267929252 -1.408337458371645 -1.1499027195510985 -0.813104010698043 -0.42089360723432767 2.687660572545193e-12 0.420893607239727 0.8131040107035054 1.1499027195567506 1.4083374583792898 1.5707963268004508 2.322540559738182 2.0823328989755634 1.7002176923644563 1.202235459760382 0.6223228673608912 -1.2641532123679987e-11 -0.6223228673856083 -1.2022354597834146 -1.7002176923847407 -2.0823328989920844 -2.3225405597501627 -2.4044709195400604 -2.3225405597397764 -2.0823328989747067 -1.7002176923638068 -1.202235459762015 -0.622322867366154 3.3417710249600227e-12 0.6223228673729018 1.2022354597689329 1.7002176923711405 2.0823328989850376 2.322540559750153 3.0345454797767224 2.7206990463448997 2.2214414690710504 1.5707963267845242 0.8131040106903414 -1.5174825894059494e-11 -0.8131040107200449 -1.5707963268122958 -2.221441469095652 -2.7206990463651146 -3.0345454797916465 -3.1415926535927663 -3.034545479779375 -2.7206990463446323 -2.2214414690710367 -1.570796326787192 -0.8131040106972723 3.5403069979786046e-12 0.8131040107044867 1.5707963267947957 2.2214414690794277 2.7206990463571 3.034545479792296 3.6946284853215827 3.312513278711264 2.704655766342225 1.9124804331507705 0.9899727189623682 -1.6846717121420188e-11 -0.9899727189953639 -1.912480433181693 -2.7046557663697373 -3.312513278734001 -3.694628485338584 -3.8249608663283725 -3.694628485325166 -3.3125132787116662 -2.7046557663429818 -1.9124804331544958 -0.9899727189707755 3.2980248805301476e-12 0.9899727189776012 1.9124804331619467 2.704655766351622 3.3125132787253966 3.694628485339836 4.291495373138405 3.847649490477041 3.141592653579406 2.221441469066479 1.149902719541144 -1.7676160821727128e-11 -1.1499027195757787 -2.221441469098989 -3.1415926536084084 -3.8476494905010816 -4.291495373156526 -4.4428829381615165 -4.291495373142655 -3.8476494904780614 -3.1415926535809384 -2.2214414690711934 -1.1499027195507987 2.6627829598250657e-12 1.1499027195564255 2.2214414690776967 3.141592653589038 3.8476494904921275 4.291495373158198 4.8149335852939315 4.316951352691164 3.524776019500188 2.4923930255469324 1.2901575657757547 -1.770257129048698e-11 -1.2901575658104538 -2.492393025579522 -3.5247760195292943 -4.316951352715282 -4.814933585312165 -4.984786051122759 -4.814933585298471 -4.316951352692639 -3.524776019502403 -2.4923930255524933 -1.290157565786362 1.6770611012854118e-12 1.2901575657900917 2.4923930255573126 3.5247760195091886 4.316951352706117 4.814933585313955 5.255986948853736 4.712388980376118 3.8476494904751637 2.7206990463387646 1.4083374583610895 -1.700313108227988e-11 -1.4083374583944142 -2.720699046370045 -3.8476494905030627 -4.712388980399117 -5.255986948871057 -5.441398092705393 -5.255986948858091 -4.7123889803777725 -3.8476494904778704 -2.720699046344939 -1.4083374583723265 3.95300884819775e-13 1.408337458373563 2.7206990463474416 3.8476494904826373 4.712388980389761 5.255986948872566 5.6071089184842515 5.027196326086209 4.104688611898517 2.9024531521278107 1.5024203065692998 -1.566036429456627e-11 -1.5024203065999675 -2.902453152156523 -4.104688611923998 -5.027196326106961 -5.607108918499648 -5.804906304281154 -5.607108918487865 -5.027196326087674 -4.104688611901425 -2.902453152134313 -1.5024203065808401 -1.109561733176043e-12 1.5024203065790962 2.90245315213397 4.104688611903551 5.027196326097315 5.607108918500391 5.862291699935729 5.255986948855265 4.291495373137974 3.034545479772229 1.570796326782791 -1.3784319858162076e-11 -1.5707963268097336 -3.0345454797973037 -4.291495373159976 -5.255986948872736 -5.862291699948227 -6.0690909595664575 -5.862291699937977 -5.255986948856077 -4.291495373140701 -3.034545479778709 -1.5707963267942469 -2.761017910076073e-12 1.5707963267892222 3.034545479775118 4.29149537313967 5.255986948862603 5.862291699947647 6.017169045067517 5.394846177694966 4.404873458716094 3.11471589292307 1.6122955863382302 -1.149549116056512e-11 -1.6122955863606063 -3.114715892943648 -4.404873458733725 -5.394846177708253 -6.017169045076216 -6.229431785863542 -6.017169045067731 -5.394846177694596 -4.40487345871819 -3.114715892929115 -1.6122955863492276 -4.477217453327188e-12 1.6122955863407509 3.1147158929220318 4.404873458713594 5.394846177697324 6.0171690450737065 6.069090959564308 5.441398092700813 4.442882938154271 3.141592653583847 1.6262080213987868 -8.910421704573709e-12 -1.6262080214160044 -3.1415926535992837 -4.442882938166836 -5.441398092709154 -6.0690909595684035 -6.283185307179586 -6.0690909595617955 -5.441398092698667 -4.442882938155229 -3.141592653589008 -1.6262080214089527 -6.173286296492308e-12 1.626208021397027 3.14159265357832 4.442882938146799 5.441398092697057 6.069090959563327 6.017169045073087 5.3948461777000265 4.404873458720809 3.1147158929277987 1.612295586343191 -6.177042097939989e-12 -1.6122955863549642 -3.114715892937856 -4.4048734587281375 -5.394846177703362 -6.0171690450726185 -6.229431785861876 -6.017169045068021 -5.394846177696259 -4.404873458720704 -3.114715892932064 -1.6122955863523734 -7.752662805806491e-12 1.6122955863372297 3.1147158929179874 4.404873458708636 5.394846177690414 6.017169045065186 5.862291699945767 5.255986948864503 4.291495373146742 3.0345454797812024 1.5707963267923681 -3.4265978191749617e-12 -1.5707963267987104 -3.034545479786033 -4.291495373149201 -5.255986948863452 -5.8622916999416095 -6.069090959563743 -5.8622916999391785 -5.255986948859999 -4.291495373146234 -3.0345454797849767 -1.5707963268006808 -9.15407455240142e-12 1.5707963267826992 3.0345454797680005 4.291495373131178 5.255986948850677 5.862291699932892 5.607108918497598 5.027196326098661 4.104688611910561 2.902453152140389 1.5024203065829336 -8.013702869735961e-13 -1.5024203065841228 -2.902453152140396 -4.1046886119087125 -5.027196326094001 -5.60710891849072 -5.8049063042780125 -5.607108918490481 -5.027196326094243 -4.104688611910255 -2.902453152144016 -1.5024203065904806 -1.0286872397124032e-11 1.5024203065702395 2.9024531521248114 4.104688611892966 5.027196326082316 5.607108918481731 5.255986948869209 4.712388980390769 3.84764949048962 2.720699046354161 1.4083374583780117 1.569827973103514e-12 -1.4083374583745976 -2.720699046349958 -3.8476494904842085 -4.712388980383404 -5.2559869488606346 -5.441398092702427 -5.25598694886248 -4.712388980387169 -3.847649490490015 -2.720699046357948 -1.4083374583848933 -1.1078080535285167e-11 1.4083374583631076 2.720699046337285 3.847649490471372 4.712388980373585 5.255986948852307 4.814933585310364 4.316951352706988 3.5247760195161213 2.4923930255642377 1.2901575657950213 3.564345645046225e-12 -1.2901575657877737 -2.4923930255566606 -3.524776019508052 -4.316951352697911 -4.8149335853011435 -4.984786051120537 -4.81493358530485 -4.316951352704805 -3.5247760195176245 -2.492393025568437 -1.2901575658013418 -1.1463400950272288e-11 1.2901575657788364 2.4923930255471745 3.5247760194985704 4.316951352690578 4.814933585294306 4.291495373154678 3.84764949049302 3.1415926535958523 2.22144146908469 1.1499027195616633 5.0719620461117916e-12 -1.1499027195515616 -2.2214414690747364 -3.141592653586156 -3.8476494904832865 -4.291495373145852 -4.442882938160548 -4.291495373151076 -3.8476494904927296 -3.1415926535987446 -2.2214414690894517 -1.149902719567507 -1.1389182091980827e-11 1.1499027195452065 2.2214414690685613 3.1415926535802674 3.847649490478902 4.291495373141203 3.694628485336665 3.3125132787264184 2.7046557663582065 1.9124804331688228 0.9899727189829202 5.998924333470384e-12 -0.9899727189711292 -1.9124804331576428 -2.7046557663480075 -3.312513278717127 -3.694628485329241 -3.824960866329091 -3.69462848533553 -3.3125132787283342 -2.7046557663626403 -1.9124804331742264 -0.9899727189883584 -1.0810744807894661e-11 0.9899727189672686 1.9124804331547154 2.7046557663457484 3.3125132787159393 3.694628485327302 3.034545479789703 2.7206990463583276 2.221441469085612 1.5707963268013094 0.8131040107096302 6.267194484304499e-12 -0.8131040106974462 -1.5707963267901548 -2.2214414690760886 -2.7206990463505587 -3.0345454797845957 -3.141592653595527 -3.034545479791408 -2.7206990463626064 -2.221441469091605 -1.5707963268073593 -0.8131040107147003 -9.705222410082299e-12 0.8131040106958725 1.5707963267902487 2.2214414690772983 2.720699046352628 3.034545479785736 2.32254055974831 2.082332898986467 1.7002176923766916 1.2022354597747809 0.6223228673775572 5.822324500042318e-12 -0.6223228673663752 -1.2022354597649518 -1.7002176923689776 -2.082332898981156 -2.3225405597461948 -2.4044709195449414 -2.322540559752866 -2.0823328989929135 -1.700217692383981 -1.202235459781279 -0.622322867382233 -8.062328604444531e-12 0.6223228673667229 1.2022354597675735 1.7002176923731516 2.0823328989861793 2.3225405597503865 1.5707963267992036 1.4083374583803883 1.1499027195607976 0.8131040107077963 0.42089360724319885 4.631810211692843e-12 -0.4208936072343028 -0.8131040106999747 -1.1499027195546587 -1.4083374583761865 -1.5707963267975373 -1.6262080214118144 -1.5707963268027527 -1.4083374583853387 -1.1499027195662865 -0.8131040107125594 -0.4208936072464344 -5.881744338494687e-12 0.42089360723512326 0.813104010702574 1.1499027195584088 1.408337458380355 1.5707963268008855 0.7921753331913514 0.7102449733962423 0.5799125923995893 0.41006012658209207 0.21226274079455695 2.6857093559900925e-12 -0.21226274078939486 -0.4100601265775456 -0.5799125923960026 -0.7102449733937707 -0.7921753331903342 -0.8201202531619011 -0.7921753331933057 -0.7102449733989742 -0.5799125924025893 -0.41006012658464275 -0.2122627407962064 -3.181859119950876e-12 0.21226274079008456 0.4100601265792355 0.5799125923983104 0.7102449733961987 0.7921753331922095
</DataArray>
        <DataArray type="Float64" Name="Mode_3_w" NumberOfComponents="1" format="ascii">
 0.0 -0.0 -2.999519565323715e-32 0.0 0.0 0.0 0.0 0.0 0.0 0.0 0.0 0.0 0.0 0.0 0.0 0.0 -0.0 -0.0 -0.0 -0.0 -0.0 -0.0 -0.0 -0.0 -0.0 -0.0 -0.0 -3.1969696701373056e-17 -6.339238302851611e-17 -9.373040810636466e-17 -1.224646799145049e-16 -1.4910354709569434e-16 -1.7319121124677813e-16 -1.9431552575577148e-16 -2.1211504774466115e-16 -2.262852224572591e-16 -2.3658359427551974e-16 -2.4283395520238544e-16 -2.4492935982947064e-16 -2.428339552026271e-16 -2.3658359427595283e-16 -2.2628522245783134e-16 -2.121150477453196e-16 -1.9431552575646482e-16 -1.731912112474575e-16 -1.4910354709631517e-16 -1.2246467991502826e-16 -9.373040810676044e-17 -6.339238302879873e-17 -3.196969670151956e-17 -3.1696191514446665e-17 -6.123233995759888e-17 -8.659560562382077e-17 -1.0605752387257971e-16 -1.1829179713785547e-16 -1.2246467991473532e-16 -1.1829179713799362e-16 -1.060575238728466e-16 -8.659560562420989e-17 -6.123233995836923e-17 -3.169619151564971e-17 -1.5846622111259939e-27 3.169619151289978e-17 6.123233995621194e-17 8.659560562270005e-17 1.060575238719569e-16 1.182917971376252e-16 1.2246467991473532e-16 1.1829179713803967e-16 1.060575238727576e-16 8.659560562383242e-17 6.12323399575988e-17 3.169619151444659e-17 0.0 0.0 0.0 0.0 0.0 0.0 0.0 0.0 0.0 0.0 0.0 0.0 0.0 0.0 0.0 0.0 0.0 0.0 0.0 0.0 0.0 0.0 0.0 0.033782664431336526 0.06698729810794106 0.0990457605415386 0.12940952255159865 0.1575590517517 0.18301270189270066 0.2053349539635977 0.22414386804255618 0.23911761839486478 0.2500000000004835 0.25660481229297033 0.2588190451027982 0.25660481229273285 0.2500000000000993 0.23911761839442067 0.22414386804213196 0.2053349539632633 0.18301270189251428 0.15755905175170645 0.1294095225518267 0.09904576054198579 0.06698729810828814 0.03378266443152858 0.06526309611016391 0.12940952255155622 0.19134171618300763 0.2500000000006196 0.3043807145051213 0.35355339059414964 0.3966766701465716 0.43301270189320473 0.4619397662566056 0.48296291314541206 0.4957224306876323 0.5000000000005074 0.4957224306872062 0.4829629131447235 0.4619397662558116 0.43301270189244856 0.3966766701459802 0.3535533905938284 0.30438071450515036 0.25000000000105194 0.1913417161838384 0.12940952255219976 0.06526309611051956 0.09229595564145543 0.18301270189263827 0.2705980500737476 0.353553390594131 0.4304593345779209 0.5000000000011883 0.5609855267982156 0.6123724356971122 0.6532814824394666 0.6830127018933766 0.7010573846509277 0.7071067811871993 0.7010573846503503 0.6830127018924386 0.6532814824383755 0.6123724356960613 0.5609855267973739 0.5000000000007002 0.43045933457789753 0.353553390594648 0.2705980500748047 0.18301270189345625 0.09229595564190544 0.11303899832204443 0.22414386804249192 0.33141357403632693 0.43301270189317487 0.5272028623668137 0.6123724356970828 0.6870641468708233 0.7500000000013861 0.8001031451925821 0.8365163037389645 0.8586164364021616 0.866025403784985 0.8586164364014791 0.8365163037378459 0.800103145191266 0.7500000000000954 0.687064146869758 0.6123724356964133 0.5272028623666756 0.43301270189366414 0.3314135740374529 0.2241438680433632 0.11303899832252139 0.1260786200727934 0.2500000000005571 0.36964381061522117 0.482962913145589 0.5880183863293931 0.6830127018935697 0.7663204807614046 0.8365163037391793 0.8923991008337764 0.9330127018932608 0.9576621969432806 0.9659258262893934 0.9576621969424983 0.9330127018919532 0.892399100832197 0.8365163037375694 0.7663204807599858 0.6830127018925384 0.5880183863289113 0.4829629131457808 0.3696438106161223 0.2500000000012573 0.12607862007317444 0.130526192220393 0.2588190451031886 0.3826834323660578 0.5000000000011804 0.6087614290100503 0.7071067811879541 0.7933533402926366 0.8660254037857463 0.9238795325124074 0.9659258262899073 0.9914448613742743 1.0 0.9914448613733832 0.9659258262883751 0.9238795325104894 0.8660254037836941 0.7933533402906909 0.7071067811863356 0.6087614290089551 0.500000000000771 0.3826834323664151 0.2588190451034776 0.13052619222054293 0.12607862007295062 0.2500000000008147 0.36964381061552615 0.4829629131458775 0.5880183863296197 0.6830127018936961 0.7663204807614018 0.8365163037390279 0.8923991008334671 0.9330127018927946 0.9576621969426689 0.9659258262886591 0.9576621969416506 0.9330127018909876 0.8923991008311196 0.8365163037363965 0.7663204807587438 0.6830127018912617 0.5880183863276451 0.48296291314457535 0.3696438106150411 0.250000000000465 0.12607862007274492 0.11303899832235698 0.2241438680430069 0.3314135740369405 0.4330127018937637 0.5272028623672879 0.6123724356973675 0.6870641468708593 0.7500000000011325 0.8001031451920175 0.8365163037380888 0.8586164364009943 0.8660254037835665 0.8586164363998271 0.836516303735957 0.8001031451891555 0.7499999999977982 0.687064146867328 0.6123724356939227 0.5272028623642127 0.43301270189132984 0.3314135740353701 0.2241438680418361 0.11303899832169548 0.09229595564192075 0.1830127018934114 0.27059805007467846 0.3535533905950466 0.4304593345786886 0.5000000000016964 0.5609855267983742 0.6123724356968556 0.6532814824387582 0.6830127018922083 0.7010573846493187 0.7071067811851995 0.7010573846479866 0.683012701889715 0.6532814824353229 0.6123724356927381 0.5609855267938678 0.49999999999711947 0.4304593345743747 0.3535533905913326 0.27059805007187293 0.18301270189130775 0.09229595564074283 0.06526309611081095 0.12940952255265092 0.1913417161843563 0.25000000000200673 0.3043807145063716 0.3535533905951109 0.39667667014711666 0.43301270189323765 0.4619397662560612 0.4829629131442628 0.4957224306858856 0.49999999999820816 0.4957224306843858 0.48296291314140155 0.46193976625204375 0.4330127018883244 0.3966766701416195 0.35355339058938373 0.30438071450079796 0.2499999999969884 0.19134171618028667 0.12940952254959365 0.06526309610910633 0.03378266443215308 0.06698729810934483 0.09904576054330054 0.12940952255347618 0.1575590517534812 0.1830127018941949 0.20533495396464127 0.22414386804301586 0.23911761839464643 0.24999999999952863 0.25660481229126314 0.2588190451003655 0.2566048122896105 0.249999999996336 0.23911761839010284 0.22414386803738698 0.2053349539582522 0.18301270188742944 0.15755905174676804 0.12940952254727195 0.09904576053807497 0.06698729810541748 0.033782664429969606 9.576023041884615e-13 1.6706663581655507e-12 2.133033878716147e-12 2.345740438770208e-12 2.3196293492983613e-12 2.0710385486109913e-12 1.6235861419285129e-12 1.0088922828011982e-12 2.6310578376025513e-13 -5.78116063639231e-13 -1.4660441667969572e-12 -2.3606557748830183e-12 -3.214435618198131e-12 -3.983607567947043e-12 -4.6246186062658694e-12 -5.0988218016905735e-12 -5.37031138946493e-12 -5.40982398003785e-12 -5.1943224038966364e-12 -4.7063962136596e-12 -3.939631642272461e-12 -2.892631705115287e-12 -1.5739150883418209e-12 -0.03378266443043137 -0.06698729810633099 -0.09904576053943809 -0.1294095225492018 -0.15755905174921941 -0.18301270189034155 -0.20533495396155102 -0.22414386804099198 -0.2391176183939271 -0.2500000000002883 -0.25660481229359705 -0.25881904510429066 -0.25660481229505966 -0.2500000000031554 -0.23911761839806608 -0.22414386804619532 -0.20533495396754922 -0.18301270189680444 -0.1575590517557692 -0.12940952255542287 -0.0990457605448844 -0.06698729811042152 -0.033782664432694655 -0.06526309610936025 -0.12940952255009525 -0.19134171618105628 -0.24999999999830916 -0.30438071450262644 -0.3535533905916482 -0.3966766701442371 -0.4330127018912013 -0.461939766255081 -0.4829629131444953 -0.49572243068742994 -0.5000000000010989 -0.4957224306885708 -0.48296291314674167 -0.4619397662583369 -0.43301270189531593 -0.396676670149006 -0.3535533905968207 -0.304380714507913 -0.2500000000033893 -0.19134171618557788 -0.12940952255348592 -0.06526309611122871 -0.09229595564076724 -0.18301270189135693 -0.27059805007199444 -0.3535533905919774 -0.43045933457550384 -0.49999999999865735 -0.5609855267957249 -0.6123724356948147 -0.6532814824375098 -0.6830127018919018 -0.7010573846500592 -0.7071067811870467 -0.7010573846509018 -0.6830127018935602 -0.6532814824399189 -0.6123724356978648 -0.5609855267992732 -0.5000000000025266 -0.43045933457948854 -0.3535533905958506 -0.27059805007550186 -0.18301270189397809 -0.09229595564220254 -0.11303899832149411 -0.22414386804144376 -0.3314135740348613 -0.4330127018913121 -0.527202862364658 -0.6123724356947552 -0.6870641468684561 -0.749999999999119 -0.8001031451905573 -0.8365163037373229 -0.8586164364010407 -0.8660254037845108 -0.8586164364016403 -0.8365163037384971 -0.8001031451922517 -0.750000000001258 -0.6870641468709419 -0.6123724356974709 -0.5272028623674692 -0.4330127018940722 -0.33141357403740374 -0.2241438680433324 -0.11303899832251778 -0.1260786200723455 -0.24999999999968914 -0.3696438106139914 -0.48296291314398715 -0.5880183863275025 -0.6830127018914945 -0.7663204807592642 -0.8365163037371038 -0.8923991008319024 -0.9330127018917294 -0.957662196942231 -0.9659258262889598 -0.9576621969426679 -0.9330127018925657 -0.8923991008330887 -0.8365163037385794 -0.7663204807609593 -0.6830127018933321 -0.5880183863293992 -0.48296291314585676 -0.36964381061573526 -0.25000000000097194 -0.12607862007302825 -0.130526192219995 -0.25881904510241893 -0.3826834323649733 -0.4999999999997664 -0.6087614290083871 -0.7071067811861439 -0.7933533402907961 -0.866025403784003 -0.9238795325108957 -0.9659258262887649 -0.9914448613736377 -1.0 -0.9914448613739985 -0.9659258262894331 -0.9238795325118138 -0.8660254037851111 -0.7933533402920345 -0.7071067811874538 -0.6087614290097123 -0.5000000000010545 -0.3826834323661693 -0.25881904510328413 -0.13052619222044343 -0.12607862007254358 -0.2500000000000496 -0.369643810614481 -0.4829629131445589 -0.588018386328125 -0.6830127018921411 -0.7663204807599119 -0.8365163037377358 -0.8923991008325072 -0.9330127018923003 -0.9576621969427681 -0.965925826289468 -0.9576621969431357 -0.9330127018929633 -0.8923991008333938 -0.8365163037387751 -0.7663204807610382 -0.6830127018932928 -0.5880183863292489 -0.4829629131456108 -0.3696438106154208 -0.2500000000007186 -0.12607862007288345 -0.11303899832188566 -0.22414386804215758 -0.33141357403583166 -0.43301270189244906 -0.5272028623658983 -0.6123724356960447 -0.6870641468697481 -0.7500000000003778 -0.8001031451917582 -0.8365163037384513 -0.8586164364020912 -0.8660254037854924 -0.858616436402531 -0.8365163037392425 -0.8001031451928112 -0.7500000000016056 -0.6870641468710643 -0.6123724356973701 -0.5272028623671624 -0.43301270189359087 -0.331413574036801 -0.22414386804284914 -0.11303899832223953 -0.09229595564134209 -0.18301270189240665 -0.2705980500734213 -0.35355339059365365 -0.4304593345773372 -0.5000000000005631 -0.5609855267976313 -0.6123724356966632 -0.6532814824392589 -0.683012701893521 -0.7010573846515373 -0.7071067811883884 -0.7010573846520753 -0.6830127018945024 -0.6532814824405833 -0.6123724356982225 -0.5609855267993181 -0.5000000000022728 -0.4304593345789682 -0.3535533905951152 -0.270598050074631 -0.18301270189328256 -0.0922959556418024 -0.06526309611009104 -0.1294095225514058 -0.19134171618279686 -0.2500000000003034 -0.3043807145047328 -0.35355339059373814 -0.3966766701462011 -0.4330127018929462 -0.4619397662565408 -0.4829629131456265 -0.4957224306882133 -0.5000000000015427 -0.49572243068866023 -0.48296291314643786 -0.46193976625763244 -0.4330127018942283 -0.3966766701475805 -0.3535533905951269 -0.3043807145060434 -0.2500000000014607 -0.1913417161837331 -0.12940952255208385 -0.06526309611044816 -0.03378266443129337 -0.06698729810785246 -0.099045760541414 -0.12940952255141275 -0.15755905175147275 -0.18301270189245952 -0.20533495396337922 -0.22414386804240205 -0.23911761839482004 -0.2500000000005979 -0.25660481229329424 -0.2588190451033812 -0.256604812293555 -0.25000000000107103 -0.2391176183954538 -0.2241438680431412 -0.20533495396417115 -0.18301270189325133 -0.15755905175221294 -0.12940952255205895 -0.09904576054192492 -0.06698729810822193 -0.033782664431488016
</DataArray>
        <DataArray type="Float64" Name="Mode_3_phi1" NumberOfComponents="1" format="ascii">
 0.0 0.0 7.694682774887159e-16 7.694682774887159e-16 0.0 0.0 0.0 0.0 0.0 0.0 -0.0 -0.0 -0.0 -0.0 -0.0 -0.0 -0.0 -0.0 -0.0 -0.0 -0.0 -0.0 0.0 0.0 0.0 0.0 0.0 0.8201202531575205 1.6262080214033514 2.404470919533247 3.1415926535838823 3.824960866317922 4.442882938150143 4.984786051111195 5.441398092694438 5.804906304271655 6.06909095955928 6.229431785859543 6.283185307179586 6.229431785865742 6.0690909595703895 5.804906304286334 5.441398092711331 4.984786051128981 4.442882938167571 3.824960866333848 3.141592653597308 2.4044709195434 1.6262080214106016 0.8201202531612787 7.432492817362969e-16 6.663790757106429e-16 5.440962369184976e-16 3.8473413874338913e-16 1.9915304481658056e-16 1.6776673174018833e-27 -1.9915304481334088e-16 -3.8473413874048455e-16 -5.440962369160527e-16 -6.663790757078484e-16 -7.432492817342714e-16 -7.694682774887159e-16 -7.432492817389011e-16 -6.663790757156742e-16 -5.440962369255394e-16 -3.8473413875016703e-16 -1.9915304482198043e-16 -5.030474326196365e-27 1.991530448122613e-16 3.847341387414533e-16 5.440962369184244e-16 6.663790757106431e-16 7.43249281736297e-16 0.8201202531625235 1.6262080214130248 2.4044709195464833 3.141592653593748 3.8249608663243384 4.442882938153523 4.984786051112093 5.441398092693523 5.804906304269691 6.069090959557096 6.22943178585801 6.283185307179586 6.2294317858675425 6.069090959573636 5.804906304290653 5.441398092716346 4.984786051134323 4.44288293817289 3.824960866338822 3.141592653601652 2.4044709195468736 1.6262080214130226 0.8201202531625217 0.7921753331923028 1.5707963268010563 2.3225405597509963 3.0345454797933296 3.694628485341014 4.291495373159469 4.814933585315273 5.255986948873887 5.607108918501675 5.86229169994886 6.017169045074814 6.069090959564308 6.017169045066025 5.862291699933577 5.607108918482259 5.255986948852687 4.814933585294547 4.291495373141319 3.6946284853273212 3.034545479785684 2.3225405597502946 1.5707963268007878 0.7921753331921425 0.7102449733968669 1.4083374583816117 2.08233289898827 2.7206990463610636 3.312513278729904 3.847649490496996 4.3169513527111665 4.712388980394818 5.0271963261022306 5.2559869488672355 5.394846177701567 5.441398092700813 5.394846177693618 5.255986948853296 5.027196326084338 4.712388980375027 4.316951352691492 3.847649490479341 3.312513278715999 2.7206990463524185 2.0823328989858165 1.4083374583799766 0.7102449733959448 0.5799125923999184 1.149902719561441 1.70021769237767 2.221441469087428 2.7046557663607147 3.1415926535988437 3.524776019519347 3.847649490492804 4.1046886119134065 4.291495373148943 4.404873458722058 4.442882938154271 4.404873458714986 4.2914953731363354 4.10468861189692 3.847649490474155 3.52477601950027 3.141592653581027 2.704655766345756 2.221441469076771 1.700217692372338 1.149902719557584 0.5799125923977547 0.4100601265821945 0.8131040107079994 1.202235459775125 1.570796326802294 1.9124804331703569 2.2214414690866238 2.4923930255663884 2.720699046356326 2.9024531521423533 3.034545479782737 3.1147158929286767 3.141592653583847 3.1147158929222813 3.0345454797710487 2.902453152126632 2.7206990463379648 2.4923930255468614 2.2214414690674427 1.912480433153031 1.5707963267882734 1.2022354597656082 0.8131040107009376 0.4100601265782541 0.2122627407945417 0.4208936072431729 0.6223228673775544 0.813104010709988 0.9899727189835944 1.149902719562571 1.2901575657960704 1.408337458379089 1.5024203065839248 1.5707963267931537 1.6122955863436423 1.6262080213987868 1.6122955863378188 1.5707963267821683 1.5024203065686648 1.4083374583606312 1.2901575657756503 1.14990271954155 0.9899727189634112 0.8131040106921292 0.6223228673634166 0.4208936072325867 0.21226274078865706 2.6853451494338463e-12 4.631810211691133e-12 5.822324500040622e-12 6.267194484306077e-12 5.998924333473715e-12 5.071962046115379e-12 3.5643456450489304e-12 1.5698279731046657e-12 -8.013702869741111e-13 -3.4265978191766448e-12 -6.177042097941709e-12 -8.910421704573709e-12 -1.1495491160562168e-11 -1.3784319858156512e-11 -1.5659075346432423e-11 -1.700313108227382e-11 -1.7702571290484633e-11 -1.767616082173192e-11 -1.6846717121435908e-11 -1.5174825894089983e-11 -1.2641532123727615e-11 -9.244183885790441e-12 -5.012342498179524e-12 -0.21226274078924576 -0.4208936072340158 -0.6223228673660132 -0.8131040106974973 -0.9899727189715549 -1.149902719552281 -1.290157565788689 -1.408337458375586 -1.502420306585063 -1.5707963267994665 -1.6122955863554098 -1.6262080214160044 -1.6122955863601893 -1.5707963268090879 -1.5024203065992816 -1.4083374583938681 -1.2901575658102145 -1.1499027195759963 -0.9899727189961648 -0.813104010721525 -0.6223228673877734 -0.4208936072503947 -0.2122627407983115 -0.4100601265771257 -0.8131040106991715 -1.2022354597639056 -1.5707963267899607 -1.9124804331582301 -2.221441469075946 -2.4923930255582913 -2.720699046351784 -2.9024531521421633 -3.034545479787482 -3.1147158929387113 -3.1415926535992837 -3.1147158929428365 -3.0345454797960345 -2.902453152155148 -2.7206990463689 -2.4923930255789286 -2.2214414690992297 -1.9124804331830034 -1.5707963268148604 -1.202235459787249 -0.8131040107167482 -0.4100601265868328 -0.5799125923952266 -1.1499027195531646 -1.700217692367001 -2.221441469075392 -2.7046557663485027 -3.1415926535876104 -3.524776019510173 -3.8476494904866714 -4.104688611911142 -4.291495373151211 -4.40487345872934 -4.442882938166836 -4.4048734587325695 -4.291495373158149 -4.104688611921985 -3.8476494905013277 -3.5247760195282742 -3.1415926536084924 -2.7046557663712525 -2.2214414690988606 -1.7002176923896681 -1.1499027195702292 -0.5799125924046253 -0.7102449733925947 -1.4083374583739179 -2.082332898978132 -2.720699046349192 -3.312513278717323 -3.8476494904847542 -4.3169513527002845 -4.712388980386266 -5.027196326096894 -5.25598694886588 -5.3948461777048236 -5.441398092709154 -5.394846177706827 -5.255986948870463 -5.027196326104412 -4.712388980396847 -4.316951352713809 -3.8476494905008702 -3.3125132787354485 -2.7206990463685297 -2.0823328989975165 -1.4083374583884967 -0.7102449734005892 -0.7921753331887704 -1.5707963267945206 -2.3225405597421527 -3.0345454797825036 -3.6946284853290012 -4.291495373147141 -4.81493358530354 -5.255986948863664 -5.607108918493848 -5.862291699944275 -6.0171690450742386 -6.0690909595684035 -6.017169045074618 -5.862291699945647 -5.607108918496707 -5.255986948868357 -4.814933585310268 -4.29149537315594 -3.69462848533974 -3.0345454797948834 -2.3225405597555495 -1.5707963268045773 -0.7921753331942316 -0.8201202531600211 -1.626208021408187 -2.4044709195400604 -3.1415926535927663 -3.8249608663283725 -4.4428829381615165 -4.984786051122759 -5.441398092705393 -5.804906304281154 -6.0690909595664575 -6.229431785863542 -6.283185307179586 -6.229431785861876 -6.069090959563743 -5.8049063042780125 -5.441398092702427 -4.984786051120537 -4.442882938160548 -3.824960866329095 -3.1415926535955294 -2.4044709195449414 -1.6262080214118144 -0.8201202531619011 -0.7921753331912378 -1.5707963267987612 -2.322540559747481 -3.034545479788165 -3.694628485334373 -4.291495373151665 -4.814933585306748 -5.255986948865181 -5.607108918493421 -5.862291699941758 -6.017169045069619 -6.0690909595617955 -6.01716904506611 -5.862291699935312 -5.607108918484738 -5.255986948855064 -4.814933585296072 -4.291495373141366 -3.6946284853254014 -3.0345454797814684 -2.3225405597438185 -1.5707963267959408 -0.792175333189535 -0.7102449733968949 -1.408337458381328 -2.082332898987482 -2.7206990463591842 -3.3125132787268874 -3.847649490492938 -4.3169513527062815 -4.712388980389437 -5.027196326096794 -5.255986948862273 -5.394846177697682 -5.441398092698667 -5.394846177693133 -5.255986948853649 -5.027196326084784 -4.712388980374911 -4.316951352690264 -3.8476494904765945 -3.3125132787114704 -2.7206990463459992 -2.0823328989777297 -1.4083374583739137 -0.7102449733926472 -0.5799125924007065 -1.149902719562653 -1.7002176923790493 -2.221441469088393 -2.7046557663611224 -3.141592653598663 -3.524776019518643 -3.8476494904917495 -4.104688611912269 -4.291495373148059 -4.404873458721858 -4.442882938155229 -4.404873458716987 -4.2914953731386865 -4.1046886118989905 -3.847649490475411 -3.52477601950028 -3.141592653579485 -2.704655766342486 -2.221441469071734 -1.700217692365781 -1.1499027195525933 -0.5799125923950079 -0.4100601265831823 -0.8131040107097366 -1.2022354597774467 -1.5707963268047946 -1.912480433172916 -2.221441469089212 -2.4923930255690245 -2.7206990463590888 -2.90245315214539 -3.034545479786246 -3.1147158929328755 -3.141592653589008 -3.1147158929282592 -3.0345454797772535 -2.9024531521325456 -2.7206990463431135 -2.4923930255508604 -2.221441469069984 -1.912480433153909 -1.5707963267873883 -1.2022354597630602 -0.8131040106988473 -0.4100601265770541 -0.21226274079538282 -0.42089360724484226 -0.6223228673800669 -0.8131040107132199 -0.9899727189875578 -1.1499027195672895 -1.2901575658015807 -1.4083374583854396 -1.5024203065911668 -1.5707963268013314 -1.612295586352801 -1.6262080214089527 -1.6122955863487822 -1.5707963267934868 -1.5024203065798998 -1.4083374583713475 -1.2901575657854496 -1.149902719550075 -0.9899727189703519 -0.8131040106972212 -0.622322867366516 -0.42089360723461183 -0.21226274078965854 -3.1811307068271043e-12 -5.883188701341175e-12 -8.062328604414156e-12 -9.7052224100628e-12 -1.0807347560186908e-11 -1.1389182091977738e-11 -1.1463400950273813e-11 -1.1068414670571251e-11 -1.0286872397128557e-11 -9.154074552405113e-12 -7.752662805808481e-12 -6.173286296492308e-12 -4.466151759567545e-12 -2.7610179100747176e-12 -1.1044059406674854e-12 3.95300884819485e-13 1.6770611012841389e-12 2.6627829598231815e-12 3.2980248805283167e-12 3.5403069979777132e-12 3.3417710249609965e-12 2.687660572546185e-12 1.5717648386337162e-12 0.2122627407891288 0.4208936072332722 0.6223228673641978 0.8131040106940844 0.9899727189662286 1.1499027195448004 1.2901575657789495 1.4083374583635662 1.5024203065708746 1.5707963267833218 1.6122955863376303 1.6262080213970374 1.6122955863402997 1.5707963267884446 1.5024203065781052 1.4083374583724857 1.2901575657890458 1.1499027195555183 0.9899727189769276 0.8131040107041286 0.6223228673729038 0.42089360723975167 0.21226274079266916 0.41006012657725444 0.8131040106987444 1.2022354597623475 1.5707963267864962 1.9124804331524532 2.221441469067597 2.4923930255472535 2.720699046338088 2.90245315212599 3.03454547976918 3.1147158929187757 3.141592653578325 3.114715892921145 3.0345454797735747 2.902453152132007 2.7206990463452763 2.492393025555162 2.221441469075763 1.9124804331604126 1.5707963267938119 1.202235459768589 0.8131040107033028 0.4100601265796728 0.5799125923953264 1.1499027195526388 1.7002176923652668 2.221441469071577 2.7046557663422153 3.1415926535786474 3.5247760194984887 3.8476494904723895 4.104688611894564 4.291495373132811 4.4048734587097425 4.442882938146799 4.404873458712348 4.291495373137468 4.1046886119006984 3.8476494904794603 3.5247760195059694 3.1415926535860472 2.7046557663491146 2.221441469077612 1.7002176923701586 1.149902719556106 0.5799125923970877 0.7102449733923185 1.4083374583728507 2.0823328989759236 2.72069904634511 3.312513278711201 3.8476494904766008 4.3169513526902525 4.712388980374675 5.027196326084185 5.2559869488526445 5.394846177691761 5.441398092697057 5.394846177695785 5.255986948859868 5.027196326093747 4.7123889803857075 4.316951352701936 3.847649490488147 3.312513278721911 2.7206990463543623 2.082332898983234 1.4083374583780661 0.7102449733950029 0.792175333187629 1.5707963267920266 2.322540559738275 3.034545479776776 3.6946284853215636 4.291495373138288 4.814933585293692 5.255986948853358 5.607108918483722 5.862291699935044 6.0171690450666775 6.069090959563327 6.017169045071979 5.862291699944555 5.607108918496314 5.255986948867888 4.814933585309046 4.291495373153409 3.6946284853354943 3.034545479788673 2.3225405597474666 1.570796326798603 0.7921753331910307
</DataArray>
        <DataArray type="Float64" Name="Mode_3_phi2" NumberOfComponents="1" format="ascii">
 0.0 -7.694682774887159e-16 7.694682774887159e-16 -0.0 0.8131040107016396 1.5707963267921552 2.221441469076016 2.720699046347914 3.0345454797799993 3.141592653589793 3.0345454797860185 2.7206990463595417 2.221441469092499 1.5707963268132832 0.8131040107260298 2.5818982503797837e-11 -0.8131040106801537 -1.5707963267761103 -2.2214414690653776 -2.7206990463426495 -3.034545479778457 -3.141592653589793 -3.034545479785195 -2.7206990463556653 -2.221441469083787 -1.5707963267986553 -0.8131040107053013 -7.628853697063705e-16 -7.432492817366143e-16 -7.108959924887498e-16 -6.663790757118996e-16 -6.104602281945037e-16 -5.440962369212101e-16 -4.684226081822725e-16 -3.847341387461005e-16 -2.9446276152756584e-16 -1.991530448188224e-16 -1.0043576429759327e-16 -3.1619134280517536e-27 1.0043576429182664e-16 1.9915304481374485e-16 2.944627615232261e-16 3.847341387425174e-16 4.684226081794339e-16 5.440962369190759e-16 6.104602281930071e-16 6.663790757109504e-16 7.108959924882348e-16 7.432492817363764e-16 7.628853697063099e-16 0.8131040107065142 1.570796326800828 2.2214414690861464 2.7206990463536105 3.0345454797820928 3.141592653589793 3.0345454797856366 2.720699046360457 2.221441469096128 1.57079632682059 0.813104010737376 4.065142018385146e-11 -0.8131040106668319 -1.5707963267652487 -2.221441469057396 -2.7206990463376335 -3.034545479776185 -3.141592653589793 -3.034545479786818 -2.7206990463581735 -2.2214414690864452 -1.570796326800826 -0.8131040107065124 -0.0 -0.0 -0.0 -0.0 -0.0 -0.0 -0.0 -0.0 -0.0 -0.0 -0.0 -0.0 0.0 0.0 0.0 0.0 0.0 0.0 0.0 0.0 0.0 0.0 0.0 0.8061477931727236 0.7853981633961138 0.7512101532901676 0.704168729186507 0.6450787828938896 0.5749513597762133 0.4949863594860198 0.40655200534876745 0.31116143368238697 0.21044680361536341 0.10613137039152505 -4.902298339771333e-12 -0.1061313704003039 -0.21044680362300489 -0.31116143368893795 -0.40655200535432423 -0.4949863594907237 -0.5749513597802435 -0.6450787828974571 -0.7041687291898439 -0.7512101532935411 -0.7853981634000253 -0.806147793177149 1.5573579464631986 1.5172727398888546 1.4512265760673193 1.3603495231730427 1.2461965127769212 1.1107207345360293 0.9562402165770559 0.7853981633923843 0.6011177298783806 0.40655200534467706 0.20503006328187515 -8.777822465412545e-12 -0.205030063297582 -0.40655200535833286 -0.6011177298900683 -0.7853981634022793 -0.9562402165854118 -1.1107207345431696 -1.2461965127832262 -1.3603495231789335 -1.451226576073277 -1.5172727398957941 -1.5573579464710694 2.202436729358406 2.14574768657038 2.0523443059511997 1.923824745239591 1.7623880097516749 1.5707963267903713 1.352327883170409 1.1107207345330379 0.8501088461776175 0.5749513597691972 0.2899562961883198 -1.1434596278356553e-11 -0.28995629620875096 -0.5749513597869094 -0.8501088461927028 -1.110720734545711 -1.3523278831809928 -1.5707963267992795 -1.7623880097593985 -1.9238247452466812 -2.052344305958291 -2.1457476865786886 -2.202436729367862 2.6974230888465422 2.627993474427733 2.5135981630437048 2.356194490188646 2.1584756763456374 1.9238247452375503 1.656256639353185 1.3603495231681355 1.041166449481302 0.70416872917776 0.35512248668535223 -1.280650003987447e-11 -0.35512248670819435 -0.704168729197483 -1.0411664494979873 -1.360349523181998 -1.6562566393645677 -1.9238247452469077 -2.158475676353513 -2.356194490195657 -2.5135981630505686 -2.627993474435853 -2.697423088855832 3.0085845225331367 2.931145849968207 2.803554459242841 2.6279934744274267 2.4074667926468396 2.145747686567903 1.8473142426578884 1.5172727398835002 1.1612702798620234 0.785398163386986 0.3960876665827447 -1.294629293197266e-11 -0.39608766660576433 -0.7853981634067081 -1.1612702798784578 -1.517272739896807 -1.847314242668363 -2.1457476865759637 -2.4074667926530147 -2.6279934744323277 -2.8035544592472035 -2.9311458499735 -3.0085845225392824 3.1147158929311725 3.0345454797818254 2.9024531521381713 2.7206990463491856 2.4923930255566624 2.221441469074764 1.9124804331568832 1.570796326787781 1.2022354597601932 0.8131040106933669 0.4100601265684918 -1.201760732966917e-11 -0.41006012658975827 -0.8131040107113322 -1.20223545977474 -1.5707963267989484 -1.9124804331648493 -2.2214414690798487 -2.492393025559302 -2.720699046349928 -2.9024531521377064 -3.0345454797815825 -3.1147158929311107 3.0085845225384427 2.9311458499727854 2.8035544592467065 2.627993474430649 2.407466792649508 2.1457476865701306 1.8473142426598084 1.5172727398852617 1.1612702798637837 0.7853981633889038 0.3960876665849798 -1.0270615452336044e-11 -0.3960876666030092 -0.7853981634037566 -1.1612702798751633 -1.5172727398930228 -1.8473142426639613 -2.1457476865708256 -2.4074667926470386 -2.6279934744254416 -2.8035544592393555 -2.931145849964596 -3.0085845225294365 2.6974230888567896 2.627993474436563 2.5135981630511393 2.3561944901948126 2.1584756763507023 1.9238247452417265 1.6562566393567255 1.3603495231713258 1.0411664494844457 0.704168729181167 0.355122486689331 -8.009210557069557e-12 -0.35512248670319824 -0.7041687291920579 -1.0411664494918433 -1.360349523174864 -1.6562566393561893 -1.9238247452370556 -2.1584756763420083 -2.356194490182363 -2.5135981630354 -2.6279934744186484 -2.6974230888368087 2.2024367293729252 2.1457476865828635 2.052344305961668 1.9238247452482005 1.7623880097586424 1.5707963267959884 1.3523278831750243 1.1107207345370442 0.8501088461814442 0.5749513597732882 0.28995629619311797 -5.5598804763491116e-12 -0.28995629620249375 -0.5749513597799166 -0.8501088461845687 -1.11072073453605 -1.3523278831694485 -1.570796326785547 -1.762388009743235 -1.9238247452279147 -2.052344305936826 -2.145747686554352 -2.2024367293409575 1.5573579464818594 1.517272739904913 1.4512265760807603 1.3603495231840106 1.2461965127856467 1.1107207345428403 0.9562402165823617 0.7853981633966604 0.60111772988215 0.4065520053484949 0.2050300632863041 -3.239087290554322e-12 -0.20503006329143544 -0.40655200535110525 -0.601117729881243 -0.7853981633913699 -0.9562402165719868 -1.1107207345268653 -1.2461965127637655 -1.360349523156137 -1.4512265760470644 -1.5172727398660473 -1.5573579464381528 0.8061477931942926 0.7853981634146585 0.7512101533056089 0.7041687291989359 0.6450787829035152 0.5749513597833605 0.4949863594911178 0.40655200535232916 0.3111614336850004 0.2104468036176555 0.106131370394152 -1.3181118764693652e-12 -0.10613137039579038 -0.21044680361696952 -0.3111614336807811 -0.40655200534350006 -0.49498635947675856 -0.574951359762754 -0.6450787828761758 -0.7041687291646178 -0.7512101532643496 -0.7853981633668897 -0.8061477931404647 2.2851039053768843e-11 1.9587867049666577e-11 1.617794338947343e-11 1.276410754948359e-11 9.49703403758991e-12 6.50635948960833e-12 3.9138635590131054e-12 1.8299281811219365e-12 3.423770002200967e-13 -4.866507108532237e-13 -6.063536965331515e-13 8.753569916252765e-24 1.3294858119119734e-12 3.353349918199881e-12 6.0179712621748384e-12 9.248239742251472e-12 1.2945827452579087e-11 1.6995463272884106e-11 2.1266611705412705e-11 2.5609375380447994e-11 2.988004003118418e-11 3.391490167164693e-11 3.755796638502332e-11 -0.8061477931536247 -0.7853981633797392 -0.7512101532767296 -0.7041687291761203 -0.6450787828865333 -0.5749513597717457 -0.49498635948418435 -0.40655200534920377 -0.3111614336846437 -0.2104468036189144 -0.10613137039578396 6.011662566120133e-13 0.10613137039740003 0.21044680362213694 0.31116143369063587 0.40655200535903335 0.4949863594987933 0.5749513597919039 0.6450787829128174 0.7041687292088814 0.7512101533160899 0.785398163425666 0.8061477932055972 -1.5573579464488516 -1.5172727398765606 -1.4512265760573366 -1.3603495231656009 -1.2461965127721164 -1.1107207345338574 -0.9562402165774146 -0.7853981633950747 -0.6011177298831127 -0.40655200535108316 -0.20503006328951873 4.690221294485057e-13 0.2050300632906774 0.40655200535338515 0.6011177298874717 0.7853981634023378 0.9562402165883359 1.1107207345490593 1.2461965127920747 1.3603495231906222 1.4512265760875582 1.517272739912084 1.5573579464892047 -2.2024367293488147 -2.145747686562196 -2.0523443059447164 -1.9238247452351276 -1.7623880097494287 -1.5707963267904617 -1.352327883172871 -1.1107207345378136 -0.8501088461845687 -0.5749513597781061 -0.28995629619888896 -3.163151029069109e-13 0.28995629619841634 0.5749513597784545 0.8501088461863898 1.1107207345417147 1.352327883179389 1.5707963268000507 1.7623880097624298 1.9238247452517712 2.0523443059651174 2.1457476865865184 2.202436729376652 -2.697423088841777 -2.627993474423818 -2.5135981630409345 -2.356194490187396 -2.158475676346181 -1.923824745240086 -1.6562566393578453 -1.360349523174978 -1.041166449490301 -0.7041687291888111 -0.35512248669827073 -1.586576641589775e-12 0.35512248669532437 0.7041687291865195 1.0411664494890793 1.3603495231752059 1.6562566393598528 1.9238247452441457 2.158475676352497 2.3561944901960987 2.5135981630520834 2.6279934744375923 2.6974230888578195 -3.008584522531781 -2.9311458499673724 -2.803554459242821 -2.6279934744286204 -2.407466792649547 -2.145747686572369 -1.8473142426642921 -1.5172727398919517 -1.1612702798725607 -0.7853981633995624 -0.39608766659723776 -3.105076727990039e-12 0.39608766659140543 0.7853981633943838 1.161270279868254 1.517272739888707 1.8473142426622657 2.145747686571673 2.4074667926502546 2.6279934744307565 2.8035544592463815 2.931145849972487 3.0085845225381385 -3.1147158929313368 -3.0345454797824734 -2.9024531521395827 -2.72069904635175 -2.4923930255606717 -2.221441469080451 -1.9124804331644187 -1.5707963267972673 -1.2022354597716585 -0.8131040107067614 -0.4100601265836829 -4.600690915942757e-12 0.4100601265750748 0.8131040106989275 1.2022354597646951 1.5707963267912375 1.9124804331593486 2.2214414690763356 2.492393025557477 2.7206990463494143 2.902453152138026 3.034545479781745 3.1147158929311516 -3.008584522538062 -2.931145849973157 -2.803554459248086 -2.6279934744333855 -2.407466792653839 -2.1457476865762315 -1.8473142426677804 -1.5172727398951342 -1.1612702798755092 -0.7853981634023541 -0.3960876665999472 -5.78142801207287e-12 0.3960876665891945 0.7853981633925773 1.1612702798667562 1.517272739887409 1.8473142426610465 2.1457476865704193 2.4074667926488496 2.6279934744290894 2.8035544592443444 2.9311458499699174 3.0085845225350547 -2.6974230888539092 -2.6279934744349793 -2.5135981630510735 -2.356194490196545 -2.1584756763543815 -1.9238247452474198 -1.6562566393644162 -1.3603495231809124 -1.0411664494957413 -0.7041687291939046 -0.355122486703168 -6.382053774751574e-12 0.355122486691378 0.7041687291833093 1.041166449486409 1.3603495231728644 1.6562566393576226 1.9238247452418025 2.1584756763498216 2.356194490192887 2.513598163048144 2.627993474432622 2.6974230888518647 -2.202436729365948 -2.1457476865779226 -2.052344305958945 -1.923824745247876 -1.7623880097607594 -1.5707963268004692 -1.3523278831816983 -1.1107207345456387 -0.8501088461915937 -0.5749513597845439 -0.28995629620496405 -6.191030904909107e-12 0.28995629619362207 0.5749513597745469 0.850108846183095 1.1107207345387275 1.352327883176406 1.57079632679677 1.7623880097585605 1.9238247452470434 2.052344305959286 2.145747686579221 2.202436729367943 -1.5573579464695115 -1.5172727398951507 -1.451226576073749 -1.3603495231798721 -1.2461965127843466 -1.110720734544214 -0.9562402165861408 -0.7853981634024559 -0.6011177298894902 -0.40655200535682023 -0.2050300632949937 -5.069713045405874e-12 0.20503006328573437 0.4065520053486985 0.6011177298826315 0.7853981633969394 0.9562402165819855 1.110720734541396 1.24619651278278 1.3603495231794447 1.4512265760742937 1.5172727398964536 1.5573579464713747 -0.8061477931762785 -0.7853981633996645 -0.7512101532937944 -0.7041687291903643 -0.6450787828980925 -0.5749513597808525 -0.4949863594911742 -0.4065520053544893 -0.31116143368870286 -0.21044680362227144 -0.10613137039899213 -2.9826591159701103e-12 0.10613137039355555 0.21044680361751567 0.3111614336846986 0.40655200535127606 0.494986359488764 0.5749513597792265 0.6450787828971949 0.7041687291901321 0.7512101532941156 0.7853981634003971 0.8061477931773208
</DataArray>
        <DataArray type="Float64" Name="Mode_4_w" NumberOfComponents="1" format="ascii">
 0.0 -0.0 5.99903913064743e-32 -0.0 0.0 0.0 0.0 0.0 0.0 0.0 0.0 0.0 0.0 0.0 0.0 0.0 -0.0 -0.0 -0.0 -0.0 -0.0 -0.0 -0.0 -0.0 -0.0 -0.0 -0.0 -6.33923830285133e-17 -1.224646799145216e-16 -1.7319121124685174e-16 -2.1211504774471531e-16 -2.365835942755478e-16 -2.4492935982947064e-16 -2.36583594276017e-16 -2.1211504774562186e-16 -1.7319121124813682e-16 -1.224646799161688e-16 -6.339238303041483e-17 -2.0129366068123063e-27 6.339238302683818e-17 1.2246467991327068e-16 1.7319121124602233e-16 2.1211504774430486e-16 2.365835942754275e-16 2.4492935982947064e-16 2.3658359427595283e-16 2.1211504774531963e-16 1.731912112474576e-16 1.2246467991502838e-16 6.339238302879877e-17 6.339238302889333e-17 1.2246467991519777e-16 1.7319121124764154e-16 2.1211504774515942e-16 2.3658359427571094e-16 2.4492935982947064e-16 2.3658359427598724e-16 2.121150477456932e-16 1.7319121124841978e-16 1.2246467991673846e-16 6.339238303129942e-17 3.1693244222519877e-27 -6.339238302579957e-17 -1.2246467991242388e-16 -1.731912112454001e-16 -2.121150477439138e-16 -2.365835942752504e-16 -2.4492935982947064e-16 -2.3658359427607934e-16 -2.121150477455152e-16 -1.7319121124766484e-16 -1.224646799151976e-16 -6.339238302889318e-17 -0.0 -0.0 -0.0 -0.0 -0.0 -0.0 -0.0 -0.0 -0.0 -0.0 -0.0 -0.0 0.0 0.0 0.0 0.0 0.0 0.0 0.0 0.0 0.0 0.0 0.0 0.0669872981079243 0.12940952255153473 0.1830127018925666 0.22414386804233485 0.2500000000001726 0.25881904510241055 0.2499999999994787 0.2241438680409769 0.183012701890604 0.12940952254905688 0.06698729810504248 -3.1209000531431977e-12 -0.06698729811048801 -0.12940952255342775 -0.18301270189384294 -0.22414386804316852 -0.2500000000008231 -0.2588190451031859 -0.25000000000069134 -0.22414386804289663 -0.18301270189339225 -0.12940952255220353 -0.06698729810830488 0.1294095225515261 0.2500000000005074 0.3535533905939181 0.4330127018928157 0.48296291314486145 0.4999999999998176 0.48296291314361206 0.4330127018903718 0.3535533905903867 0.2499999999960572 0.1294095225463583 -5.5881353398139766e-12 -0.12940952255610122 -0.2500000000038682 -0.3535533905961652 -0.43301270189427427 -0.4829629131460015 -0.5000000000011975 -0.482962913145796 -0.43301270189384605 -0.353553390595441 -0.25000000000174394 -0.12940952255223043 0.18301270189260155 0.35355339059399876 0.5000000000009216 0.612372435696653 0.683012701892719 0.7071067811863693 0.6830127018910613 0.612372435693414 0.4999999999962517 0.35355339058814 0.18301270188583108 -7.279490079842542e-12 -0.1830127018985044 -0.3535533905982696 -0.5000000000037027 -0.6123724356983915 -0.6830127018940461 -0.7071067811880293 -0.6830127018938049 -0.6123724356978889 -0.5000000000028417 -0.3535533905955648 -0.18301270189349209 0.22414386804245537 0.43301270189304825 0.6123724356968375 0.750000000000947 0.836516303738324 0.8660254037841689 0.8365163037364209 0.7499999999972339 0.612372435691499 0.43301270188639057 0.22414386803481304 -8.152871140210307e-12 -0.22414386804898168 -0.4330127018976675 -0.6123724356997281 -0.7500000000026432 -0.8365163037395588 -0.8660254037858016 -0.8365163037393171 -0.7500000000021404 -0.6123724356988584 -0.43301270189470825 -0.22414386804339811 0.2500000000005315 0.48296291314551226 0.6830127018934383 0.836516303738911 0.933012701892847 0.9659258262888507 0.9330127018908194 0.8365163037349694 0.683012701887807 0.48296291313856754 0.24999999999266992 -8.241866059356461e-12 -0.25000000000694833 -0.4829629131498376 -0.6830127018958806 -0.8365163037400692 -0.9330127018935093 -0.9659258262899358 -0.9330127018932528 -0.8365163037395501 -0.6830127018950151 -0.4829629131468328 -0.25000000000128286 0.258819045103186 0.5000000000011976 0.7071067811880293 0.8660254037858016 0.9659258262899358 1.0 0.9659258262878766 0.8660254037818234 0.7071067811824063 0.49999999999438494 0.25881904509565384 -7.650646442616965e-12 -0.258819045108844 -0.5000000000046391 -0.7071067811894942 -0.8660254037859278 -0.965925826289531 -1.0 -0.9659258262892213 -0.866025403785329 -0.7071067811885763 -0.5000000000017157 -0.25881904510347814 0.25000000000084543 0.4829629131460272 0.6830127018940572 0.8365163037395422 0.9330127018934566 0.9659258262894417 0.9330127018914287 0.8365163037356599 0.6830127018886561 0.4829629131396518 0.2499999999940539 -6.538476871341137e-12 -0.2500000000052352 -0.4829629131481107 -0.6830127018941058 -0.8365163037382114 -0.9330127018915495 -0.9659258262878766 -0.9330127018911298 -0.8365163037374362 -0.6830127018930299 -0.48296291314530654 -0.25000000000043177 0.22414386804307898 0.4330127018940739 0.6123724356980705 0.7500000000022026 0.8365163037395249 0.8660254037853102 0.8365163037375627 0.7499999999984897 0.6123724356930139 0.433012701888315 0.22414386803727634 -5.098821801685651e-12 -0.22414386804587466 -0.43301270189448937 -0.6123724356964071 -0.7499999999991189 -0.836516303735799 -0.866025403781823 -0.836516303735205 -0.7499999999980502 -0.6123724356950322 -0.4330127018917657 -0.22414386804176142 0.18301270189352906 0.3535533905955301 0.5000000000027632 0.6123724356985276 0.6830127018944864 0.7071067811879928 0.6830127018926 0.6123724356950064 0.4999999999980934 0.3535533905904466 0.1830127018888008 -3.5395298432443314e-12 -0.1830127018946118 -0.3535533905941632 -0.499999999999277 -0.612372435693566 -0.6830127018887941 -0.7071067811824063 -0.6830127018879651 -0.6123724356920887 -0.4999999999974522 -0.35355339059142366 -0.1830127018911879 0.12940952255281366 0.25000000000265776 0.35355339059652474 0.4330127018954904 0.4829629131473633 0.5000000000020303 0.4829629131455447 0.43301270189214813 0.35355339059221796 0.24999999999820777 0.1294095225490983 -2.0620670135914186e-12 -0.12940952255227525 -0.2499999999996062 -0.3535533905913124 -0.4330127018887322 -0.48296291313976625 -0.49999999999438494 -0.4829629131386543 -0.4330127018867533 -0.35355339058890406 -0.2499999999967183 -0.1294095225494293 0.06698729810954637 0.12940952255426963 0.18301270189589633 0.22414386804576292 0.25000000000333383 0.25881904510507586 0.25000000000157013 0.22414386804256453 0.1830127018918915 0.12940952255033883 0.06698729810666469 -8.391360827529328e-13 -0.06698729810767383 -0.1294095225498346 -0.18301270188926405 -0.22414386803750655 -0.24999999999412273 -0.25881904509565384 -0.24999999999270298 -0.22414386803497244 -0.18301270188618277 -0.12940952254666355 -0.06698729810521432 1.8988197674547057e-12 3.2274795649285627e-12 3.9413326853972686e-12 4.0629416213176296e-12 3.680571385005106e-12 2.9288908036410775e-12 1.9767532397562776e-12 1.008892282799674e-12 2.0137244880849965e-13 -2.992548950979124e-13 -3.8271432543360684e-13 5.5726956874885435e-24 8.391360827656588e-13 2.0620670136033404e-12 3.539529843253578e-12 5.09882180169121e-12 6.538476871343172e-12 7.650646442616965e-12 8.241866059357103e-12 8.151717362603255e-12 7.279490079854783e-12 5.5881353398255466e-12 3.120900053150228e-12 -0.066987298106133 -0.12940952254845195 -0.1830127018887743 -0.2241438680383947 -0.2499999999966387 -0.25881904509973686 -0.24999999999797173 -0.22414386804076625 -0.18301270189163182 -0.12940952255108745 -0.0669872981076876 3.8271432543941094e-13 0.06698729810869673 0.12940952255303578 0.18301270189510396 0.2241438680461316 0.25000000000532224 0.258819045108844 0.2500000000069549 0.22414386804908318 0.18301270189876828 0.1294095225563318 0.06698729811061796 -0.12940952254993937 -0.24999999999773836 -0.3535533905904843 -0.43301270188922214 -0.4829629131416798 -0.4999999999975599 -0.4829629131426728 -0.43301270189098334 -0.35355339059259144 -0.24999999999970082 -0.12940952255109958 2.9858876128486596e-13 0.12940952255182353 0.25000000000109945 0.35355339059514473 0.4330127018950153 0.48296291314829626 0.5000000000046391 0.48296291314982587 0.4330127018978125 0.3535533905986939 0.250000000004242 0.12940952255363833 -0.18301270189124663 -0.3535533905915989 -0.4999999999979253 -0.6123724356935002 -0.6830127018899824 -0.7071067811845999 -0.68301270189072 -0.6123724356948144 -0.4999999999995221 -0.35355339059320023 -0.18301270189238458 -2.013724488090257e-13 0.18301270189209504 0.3535533905934576 0.5000000000007063 0.61237243569719 0.6830127018943931 0.7071067811894942 0.6830127018958292 0.6123724356998561 0.5000000000041849 0.3535533905965918 0.1830127018940836 -0.22414386804137595 -0.4330127018911157 -0.6123724356944272 -0.7499999999984276 -0.8365163037362491 -0.8660254037830937 -0.8365163037368343 -0.7499999999994964 -0.6123724356957899 -0.43301270189267405 -0.22414386804282294 -1.0100460604126043e-12 0.2241438680409976 0.43301270189139995 0.6123724356953665 0.7500000000001253 0.8365163037385941 0.8660254037859278 0.8365163037399636 0.7500000000027057 0.6123724356988348 0.43301270189467184 0.22414386804339384 -0.24999999999965658 -0.4829629131439386 -0.683012701891498 -0.8365163037369251 -0.9330127018913479 -0.9659258262883885 -0.9330127018918896 -0.8365163037379453 -0.683012701892887 -0.48296291314573014 -0.25000000000165706 -1.976753239756893e-12 0.24999999999804054 0.4829629131427881 0.6830127018908578 0.8365163037369725 0.9330127018920102 0.9659258262895313 0.9330127018933436 0.8365163037395238 0.6830127018943754 0.4829629131463074 0.2500000000009963 -0.2588190451024105 -0.49999999999981737 -0.7071067811863693 -0.8660254037841689 -0.9659258262888507 -1.0 -0.9659258262894417 -0.8660254037853101 -0.7071067811879928 -0.5000000000020303 -0.25881904510507586 -2.9288908036410775e-12 0.25881904509973686 0.49999999999755873 0.7071067811845999 0.8660254037830937 0.9659258262883885 1.0 0.9659258262897152 0.8660254037856563 0.7071067811882 0.5000000000013688 0.25881904510328424 -0.2500000000000515 -0.4829629131446523 -0.6830127018924579 -0.836516303738047 -0.9330127018925858 -0.9659258262897152 -0.9330127018932906 -0.8365163037394192 -0.683012701894435 -0.48296291314735157 -0.25000000000334055 -3.68057138500539e-12 0.24999999999667089 0.4829629131417652 0.6830127018901401 0.8365163037364848 0.9330127018916581 0.9659258262892213 0.9330127018929918 0.8365163037390715 0.6830127018938067 0.4829629131458223 0.2500000000007097 -0.2241438680421563 -0.43301270189252555 -0.6123724356963194 -0.7500000000006327 -0.8365163037386656 -0.8660254037856563 -0.8365163037395061 -0.7500000000022649 -0.6123724356986556 -0.4330127018956354 -0.22414386804586592 -4.06294162132001e-12 0.2241438680385532 0.43301270188958396 0.6123724356940887 0.749999999999244 0.8365163037379404 0.866025403785329 0.8365163037392732 0.7500000000018248 0.6123724356977436 0.4330127018937461 0.22414386804284311 -0.1830127018923913 -0.3535533905936645 -0.5000000000006833 -0.6123724356966922 -0.6830127018934408 -0.7071067811882 -0.6830127018943863 -0.6123724356985121 -0.5000000000032448 -0.35355339059695007 -0.1830127018961602 -3.9413326854038965e-12 0.1830127018891258 0.35355339059124835 0.4999999999991267 0.6123724356960443 0.6830127018934652 0.7071067811885763 0.6830127018947538 0.6123724356985246 0.5000000000026035 0.35355339059525753 0.18301270189329136 -0.12940952255139299 -0.25000000000030576 -0.353553390593815 -0.43301270189294844 -0.48296291314553996 -0.5000000000013688 -0.4829629131463329 -0.4330127018944718 -0.35355339059595675 -0.2500000000030316 -0.12940952255449986 -3.2274795649352452e-12 0.12940952254875715 0.2499999999984 0.35355339059263585 0.4330127018925111 0.48296291314563444 0.5000000000017165 0.4829629131466238 0.43301270189441776 0.35355339059531116 0.25000000000154227 0.12940952255209168 -0.0669872981078452 -0.12940952255141425 -0.18301270189249946 -0.2241438680424003 -0.2500000000005492 -0.25881904510328424 -0.25000000000101863 -0.22414386804330427 -0.1830127018937697 -0.12940952255302424 -0.06698729810967666 -1.898819767458983e-12 0.06698729810630484 0.1294095225503121 0.1830127018918305 0.22414386804216044 0.2500000000006098 0.25881904510347814 0.2500000000011595 0.22414386804322126 0.18301270189331673 0.1294095225520883 0.06698729810822607
</DataArray>
        <DataArray type="Float64" Name="Mode_4_phi1" NumberOfComponents="1" format="ascii">
 0.0 0.0 -1.5389365549774318e-15 -1.5389365549774318e-15 0.0 0.0 0.0 0.0 0.0 0.0 -0.0 -0.0 -0.0 -0.0 -0.0 -0.0 -0.0 -0.0 -0.0 -0.0 -0.0 -0.0 0.0 0.0 0.0 0.0 0.0 1.6262080214032792 3.1415926535843104 4.442882938152032 5.441398092695828 6.069090959559999 6.283185307179586 6.069090959572037 5.4413980927190835 4.442882938184998 3.1415926536265664 1.6262080214520596 5.1637965007595674e-11 -1.6262080213603074 -3.1415926535522205 -4.442882938130755 -5.441398092685299 -6.069090959556914 -6.283185307179586 -6.06909095957039 -5.441398092711331 -4.442882938167574 -3.1415926535973107 -1.6262080214106025 -1.4864985634725938e-15 -1.3327581514212859e-15 -1.0881924738369952e-15 -7.694682774867783e-16 -3.983060896331611e-16 -3.3553346348037666e-27 3.9830608962668175e-16 7.694682774809691e-16 1.0881924738321054e-15 1.3327581514156968e-15 1.4864985634685428e-15 1.5389365549774318e-15 1.4864985634778022e-15 1.3327581514313484e-15 1.0881924738510787e-15 7.694682775003341e-16 3.9830608964396087e-16 1.006094865239273e-26 -3.983060896245226e-16 -7.694682774829066e-16 -1.0881924738368488e-15 -1.3327581514212863e-15 -1.486498563472594e-15 -1.6262080214130283 -3.141592653601656 -4.442882938172293 -5.441398092707221 -6.0690909595641855 -6.283185307179586 -6.069090959571273 -5.441398092720914 -4.442882938192256 -3.14159265364118 -1.626208021474752 -8.130284036770292e-11 1.6262080213336638 3.1415926535304974 4.442882938114792 5.441398092675267 6.06909095955237 6.283185307179586 6.069090959573636 5.441398092716347 4.4428829381728905 3.141592653601652 1.6262080214130248 1.570796326801084 3.0345454797934552 4.2914953731597745 5.255986948874321 5.862291699949413 6.069090959564961 5.862291699930004 5.2559869488368545 4.29149537310686 3.0345454797288554 1.5707963267293041 -7.31825059114646e-11 -1.5707963268561562 -3.0345454798281004 -4.291495373175922 -5.255986948876994 -5.862291699945842 -6.069090959563655 -5.862291699939613 -5.255986948864991 -4.291495373158463 -3.034545479792896 -1.5707963268007605 1.408337458381716 2.720699046361512 3.847649490498018 4.712388980396365 5.255986948869303 5.441398092703315 5.255986948852483 4.712388980363987 3.847649490452507 2.720699046306405 1.4083374583211565 -6.081453795957385e-11 -1.4083374584263224 -2.7206990463880736 -3.847649490508313 -4.712388980394896 -5.255986948862369 -5.441398092698309 -5.255986948856909 -4.712388980384455 -3.8476494904933514 -2.72069904635828 -1.4083374583798782 1.1499027195616611 2.2214414690883335 3.1415926536008554 3.8476494904959377 4.291495373153203 4.442882938159486 4.291495373139433 3.8476494904695673 3.141592653564138 2.2214414690445707 1.1499027195146214 -4.573838511334189e-11 -1.149902719593351 -2.2214414691047417 -3.141592653603583 -3.847649490488797 -4.291495373141399 -4.442882938149056 -4.291495373136524 -3.8476494904796184 -3.1415926535907954 -2.221441469080793 -1.1499027195573595 0.813104010708378 1.570796326803813 2.2214414690899247 2.720699046361571 3.0345454797899465 3.1415926535927285 3.0345454797792306 2.7206990463412635 2.221441469062182 1.5707963267717615 0.8131040106755434 -2.957534498151928e-11 -0.8131040107259182 -1.5707963268087195 -2.2214414690836555 -2.720699046347207 -3.034545479771544 -3.14159265357496 -3.034545479766853 -2.720699046338541 -2.221441469072123 -1.5707963267900866 -0.8131040107005536 0.4208936072437179 0.8131040107121315 1.1499027195671714 1.4083374583865087 1.5707963268034313 1.6262080214115124 1.5707963267956284 1.4083374583720014 1.1499027195480498 0.8131040106913496 0.4208936072245997 -1.3875794944325595e-11 -0.42089360724746194 -0.8131040107057766 -1.1499027195519977 -1.4083374583648403 -1.570796326778203 -1.6262080213860666 -1.5707963267733764 -1.4083374583560933 -1.1499027195408995 -0.8131040106916263 -0.4208936072320424 5.324743298842306e-12 8.947970211882149e-12 1.0758252874448413e-11 1.0855099267725012e-11 9.518533316219246e-12 7.172837513443694e-12 4.339672296708974e-12 1.5698279730975545e-12 -6.133422640249636e-13 -1.7737375509978986e-12 -1.6125315684110426e-12 6.817048611631383e-23 3.000925377849492e-12 7.135289006222888e-12 1.1984937402532923e-11 1.7003131082317677e-11 2.1553285191873466e-11 2.4997866364788725e-11 2.6730798602459376e-11 2.628356944456216e-11 2.3358505577377884e-11 1.7858391916495703e-11 9.938922426530665e-12 -0.42089360723322045 -0.8131040106944705 -1.149902719545939 -1.4083374583650956 -1.570796326784749 -1.626208021397654 -1.5707963267876728 -1.4083374583699158 -1.1499027195507492 -0.8131040106968489 -0.4208936072302704 1.1008012464965829e-11 0.4208936072507903 0.8131040107176454 1.1499027195738314 1.4083374583969235 1.5707963268195324 1.6262080214343535 1.5707963268251552 1.4083374584069648 1.1499027195859262 0.8131040107260362 0.420893607251187 -0.8131040106983413 -1.5707963267868703 -2.221441469069554 -2.720699046341064 -3.0345454797723317 -3.1415926535803074 -3.034545479773355 -2.7206990463421965 -2.2214414690690996 -1.5707963267828424 -0.8131040106882043 1.8496479484556507e-11 0.8131040107215777 1.570796326813671 2.2214414690992927 2.7206990463736913 3.03454547980768 3.1415926536182575 3.0345454798136697 2.720699046384421 2.2214414691121918 1.570796326820658 0.813104010717568 -1.149902719552388 -2.2214414690725817 -3.1415926535819056 -3.8476494904769045 -4.291495373137277 -4.442882938149286 -4.291495373136718 -3.8476494904750527 -3.141592653577383 -2.221441469064037 -1.1499027195378209 2.223952190548124e-11 1.1499027195773603 2.2214414690990893 3.14159265360964 3.8476494905065293 4.291495373169317 4.442882938184386 4.291495373175409 3.8476494905175147 3.1415926536229906 2.221441469105281 1.1499027195709903 -1.4083374583732944 -2.7206990463470353 -3.8476494904805323 -4.712388980378765 -5.255986948854978 -5.441398092695289 -5.255986948853044 -4.712388980374409 -3.847649490472887 -2.7206990463355814 -1.408337458356788 2.2441055029670032e-11 1.4083374583961459 2.7206990463692913 3.8476494905022482 4.712388980401285 5.255986948879463 5.4413980927230226 5.255986948885204 4.712388980411768 3.847649490515251 2.720699046374837 1.4083374583891 -1.5707963267941487 -3.034545479781369 -4.291495373145171 -5.2559869488597 -5.8622916999382095 -6.069090959560473 -5.862291699934967 -5.255986948853081 -4.29149537313498 -3.034545479768133 -1.570796326777644 1.967704197235011e-11 1.5707963268115226 3.0345454797957716 4.291495373157101 5.255986948871161 5.86229169995093 6.069090959576336 5.8622916999557395 5.2559869488801 4.291495373168566 3.0345454798003515 1.57079632680492 -1.6262080214081522 -3.1415926535929812 -4.4428829381624615 -5.441398092706087 -6.069090959566818 -6.283185307179586 -6.069090959562204 -5.441398092697174 -4.442882938149896 -3.1415926535785346 -1.6262080213928674 1.4832437680053622e-11 1.6262080214175296 3.141592653596698 4.442882938161502 5.441398092703106 6.069090959564094 6.283185307179586 6.06909095956729 5.441398092709277 4.442882938169933 3.141592653599486 1.6262080214118155 -1.570796326799055 -3.0345454797896694 -4.291495373155364 -5.255986948870332 -5.862291699948305 -6.069090959569462 -5.86229169994272 -5.255986948859888 -4.291495373141473 -3.0345454797751636 -1.5707963267861371 8.974332053822318e-12 1.5707963267999312 3.034545479782712 4.291495373141963 5.25598694885357 5.862291699930837 6.06909095955413 5.862291699932277 5.255986948856699 4.291495373146968 3.034545479783694 1.5707963267956109 -1.4083374583818458 -2.720699046361544 -3.8476494904984313 -4.712388980397553 -5.255986948872971 -5.4413980927115055 -5.255986948867245 -4.712388980387065 -3.84764949048504 -2.720699046348653 -1.4083374583723156 3.2494806323063126e-12 1.4083374583757655 2.7206990463467555 3.8476494904765146 4.712388980371639 5.255986948845755 5.441398092685825 5.255986948845875 4.712388980372445 3.8476494904788314 2.720699046346713 1.4083374583733583 -1.1499027195632845 -2.221441469091149 -3.1415926536049317 -3.847649490501237 -4.291495373160753 -4.442882938170603 -4.291495373155485 -3.847649490491747 -3.141592653593226 -2.2214414690807045 -1.1499027195571705 -1.265260411625857e-12 1.1499027195526978 2.2214414690720754 3.141592653578919 3.847649490471171 4.291495373129062 4.442882938139851 4.2914953731281935 3.8476494904701664 3.1415926535790253 2.2214414690712707 1.1499027195519278 -0.8131040107103796 -1.5707963268075038 -2.221441469095295 -2.720699046368467 -3.0345454797988882 -3.1415926536044294 -3.0345454797943945 -2.7206990463604575 -2.2214414690856934 -1.570796326799454 -0.8131040107067576 -3.6640418044460954e-12 0.8131040106983631 1.5707963267879725 2.2214414690696223 2.720699046339005 3.034545479767684 3.141592653573586 3.034545479766023 2.7206990463364953 2.22144146906766 1.5707963267861322 0.8131040106981848 -0.4208936072454081 -0.8131040107155301 -1.149902719572373 -1.4083374583934343 -1.5707963268122462 -1.6262080214223478 -1.5707963268085263 -1.4083374583868564 -1.14990271956456 -0.813104010708976 -0.42089360724258235 -3.3280112068119943e-12 0.4208936072352526 0.8131040106992333 1.1499027195509917 1.408337458368642 1.570796326785615 1.6262080213955519 1.570796326783239 1.4083374583646469 1.1499027195467535 0.8131040106955821 0.4208936072340338 -6.307831385284387e-12 -1.136544781511529e-11 -1.4897240763997828e-11 -1.6809938312987454e-11 -1.7148090573130763e-11 -1.610673577882089e-11 -1.3956952687590344e-11 -1.1068414670587958e-11 -7.873231274489135e-12 -4.738497668922282e-12 -2.0238511112367372e-12 -1.8080881462039807e-23 1.1658995660937082e-12 1.429208037985474e-12 8.452757121952476e-13 -3.953008848185642e-13 -2.0418602251018483e-12 -3.765743775433089e-12 -5.232998110656464e-12 -6.1319915948847354e-12 -6.17478770459847e-12 -5.192161518641349e-12 -3.116636345102706e-12 0.4208936072330107 0.8131040106932075 1.149902719543144 1.4083374583605124 1.5707963267788245 1.6262080213912373 1.570796326782003 1.4083374583664003 1.1499027195508558 0.8131040107018858 0.42089360724122016 6.1965158676961135e-12 -0.4208936072305266 -0.8131040106945547 -1.1499027195480167 -1.4083374583686297 -1.5707963267892386 -1.6262080214028214 -1.570796326793482 -1.4083374583765669 -1.1499027195585774 -0.813104010705519 -0.42089360724000435 0.8131040106986396 1.5707963267863805 2.221441469067755 2.720699046337628 3.0345454797680467 3.1415926535765415 3.034545479771874 2.7206990463449334 2.2214414690779067 1.570796326799244 0.8131040107131208 1.4738721859270216e-11 -0.813104010686795 -1.570796326778081 -2.2214414690630213 -2.7206990463367093 -3.034545479770009 -3.1415926535801035 -3.0345454797756037 -2.72069904634745 -2.2214414690779565 -1.5707963267947678 -0.813104010703381 1.1499027195526466 2.22144146907204 3.1415926535802283 3.847649490473925 4.291495373134205 4.442882938147983 4.291495373139399 3.8476494904840064 3.1415926535946546 2.221441469091106 1.1499027195753062 2.4764123619507484e-11 -1.1499027195309055 -2.2214414690544997 -3.1415926535671055 -3.847649490465774 -4.291495373129815 -4.44288293814562 -4.291495373137142 -3.8476494904799843 -3.141592653587287 -2.2214414690781155 -1.1499027195560592 1.408337458372821 2.7206990463455547 3.847649490478322 4.712388980376138 5.255986948853719 5.441398092697687 5.25598694886154 4.712388980391276 3.8476494904998537 2.7206990463735443 1.4083374584055492 3.512400229760637e-11 -1.4083374583428332 -2.720699046322309 -3.847649490461938 -4.71238898036702 -5.255986948849885 -5.441398092696426 -5.255986948859877 -4.712388980386338 -3.8476494904892844 -2.7206990463548317 -1.4083374583780413 1.570796326791968 3.0345454797771994 4.291495373140092 5.255986948854736 5.862291699935838 6.06909095956349 5.862291699946075 5.255986948874514 4.291495373168155 3.034545479813346 1.5707963268338645 4.452574144967704e-11 -1.5707963267545864 -3.0345454797489286 -4.291495373120946 -5.255986948844891 -5.862291699932573 -6.069090959563163 -5.862291699944714 -5.2559869488683475 -4.2914953731541035 -3.0345454797889726 -1.570796326798594
</DataArray>
        <DataArray type="Float64" Name="Mode_4_phi2" NumberOfComponents="1" format="ascii">
 0.0 -1.5389365549774318e-15 -1.5389365549774318e-15 0.0 1.6262080214032792 3.1415926535843104 4.442882938152032 5.441398092695828 6.069090959559999 6.283185307179586 6.069090959572037 5.4413980927190835 4.442882938184998 3.1415926536265664 1.6262080214520596 5.1637965007595674e-11 -1.6262080213603074 -3.1415926535522205 -4.442882938130755 -5.441398092685299 -6.069090959556914 -6.283185307179586 -6.06909095957039 -5.441398092711331 -4.442882938167574 -3.1415926535973107 -1.6262080214106025 -1.4864985634732333e-15 -1.3327581514237387e-15 -1.0881924738419575e-15 -7.694682774916114e-16 -3.9830608963698763e-16 -5.696442597128365e-27 3.9830608962598396e-16 7.694682774817458e-16 1.0881924738338831e-15 1.3327581514177632e-15 1.4864985634700321e-15 1.5389365549774318e-15 1.4864985634760535e-15 1.3327581514282766e-15 1.0881924738471691e-15 7.694682774960782e-16 3.9830608963980796e-16 6.376639055616738e-27 -3.983060896274892e-16 -7.694682774850346e-16 -1.088192473838151e-15 -1.3327581514219002e-15 -1.4864985634727527e-15 -1.6262080214130283 -3.141592653601656 -4.442882938172293 -5.441398092707221 -6.0690909595641855 -6.283185307179586 -6.069090959571273 -5.441398092720914 -4.442882938192256 -3.14159265364118 -1.626208021474752 -8.130284036770292e-11 1.6262080213336638 3.1415926535304974 4.442882938114792 5.441398092675267 6.06909095955237 6.283185307179586 6.069090959573636 5.441398092716347 4.4428829381728905 3.141592653601652 1.6262080214130248 0.0 0.0 0.0 0.0 0.0 0.0 -0.0 -0.0 -0.0 -0.0 -0.0 -0.0 -0.0 -0.0 -0.0 -0.0 -0.0 -0.0 0.0 0.0 0.0 0.0 0.0 1.570796326791835 1.4083374583723076 1.1499027195515443 0.8131040106966966 0.4208936072301731 -9.938922426489669e-12 -0.42089360724958247 -0.8131040107147222 -1.1499027195673217 -1.408337458385047 -1.5707963268008904 -1.6262080214081522 -1.5707963267925635 -1.4083374583710666 -1.1499027195504155 -0.8131040106973673 -0.42089360723374364 3.1166363451015215e-12 0.4208936072399734 0.8131040107035752 1.1499027195566929 1.4083374583792587 1.5707963268004426 3.0345454797770115 2.7206990463448233 2.2214414690704465 1.5707963267832212 0.8131040106883073 -1.785839191642791e-11 -0.8131040107231857 -1.5707963268155996 -2.2214414690987656 -2.7206990463676424 -3.034545479793193 -3.1415926535929812 -3.034545479778287 -2.7206990463426446 -2.2214414690685906 -1.57079632678469 -0.8131040106950729 5.19216151863957e-12 0.8131040107054747 1.5707963267951306 2.221441469079272 2.7206990463570264 3.0345454797922846 4.291495373139921 3.847649490477656 3.141592653578731 2.221441469064123 1.149902719537034 -2.335850557730498e-11 -1.1499027195826124 -2.2214414691063222 -3.141592653615448 -3.8476494905069365 -4.291495373160319 -4.4428829381624615 -4.29149537314078 -3.8476494904742022 -3.1415926535760033 -2.2214414690660607 -1.1499027195461993 6.174787704596979e-12 1.1499027195585745 2.2214414690784836 3.1415926535887904 3.8476494904920444 4.291495373158216 5.255986948854642 4.712388980375773 3.8476494904730125 2.7206990463342122 1.408337458354029 -2.628356944452695e-11 -1.4083374584052553 -2.7206990463814593 -3.8476494905138106 -4.712388980407825 -5.255986948876363 -5.441398092706087 -5.2559869488542805 -4.712388980370867 -3.8476494904693617 -2.7206990463362684 -1.4083374583647057 6.131991594885764e-12 1.4083374583769803 2.7206990463485834 3.8476494904820813 4.7123889803895 5.255986948872532 5.862291699935868 5.25598694885382 4.29149537313422 3.0345454797653764 1.570796326772699 -2.6730798602449123e-11 -1.5707963268246328 -3.0345454798128144 -4.291495373174423 -5.25598694888426 -5.862291699954986 -6.069090959566818 -5.862291699932124 -5.255986948846002 -4.291495373128517 -3.0345454797664067 -1.5707963267835123 5.23299811065766e-12 1.5707963267939213 3.0345454797766025 4.291495373138776 5.255986948862152 5.862291699947544 6.069090959563655 5.441398092698309 4.442882938149056 3.14159265357496 1.6262080213860666 -2.4997866364788725e-11 -1.6262080214343535 -3.1415926536182557 -4.442882938184386 -5.4413980927230226 -6.069090959576336 -6.283185307179586 -6.06909095955413 -5.441398092685825 -4.442882938139851 -3.141592653573586 -1.6262080213955574 3.765743775433089e-12 1.6262080214028214 3.1415926535801035 4.44288293814562 5.44139809269643 6.069090959563163 5.862291699946366 5.255986948862649 4.291495373141468 3.034545479771483 1.5707963267781142 -2.1553285191871473e-11 -1.5707963268193288 -3.0345454798071754 -4.291495373168454 -5.255986948878206 -5.862291699949315 -6.069090959562204 -5.862291699928797 -5.255986948843735 -4.291495373127257 -3.0345454797662956 -1.5707963267848393 2.0418602251007663e-12 1.5707963267883494 3.0345454797681803 4.291495373127065 5.2559869488463375 5.8622916999284 5.255986948874895 4.712388980392716 3.84764949048678 2.720699046345609 1.4083374583639237 -1.700313108230555e-11 -1.4083374583958312 -2.7206990463714136 -3.84764949050306 -4.712388980396744 -5.255986948865764 -5.441398092697174 -5.255986948847507 -4.712388980365915 -3.8476494904662517 -2.720699046335354 -1.4083374583666564 3.953008848179842e-13 1.4083374583664752 2.7206990463323786 3.8476494904594007 4.712388980358928 5.255986948835534 4.29149537316856 3.8476494905013996 3.1415926535976806 2.2214414690793003 1.1499027195496505 -1.1985923920694209e-11 -1.149902719571296 -2.221441469094212 -3.141592653602203 -3.847649490492826 -4.291495373146239 -4.442882938149896 -4.2914953731304 -3.8476494904658325 -3.1415926535699463 -2.221441469063091 -1.1499027195475173 -8.492217849395284e-13 1.1499027195443552 2.221441469055766 3.141592653556595 3.8476494904487453 4.291495373105877 3.0345454798137004 2.7206990463749006 2.221441469093778 1.570796326800822 0.8131040107016109 -7.135289006185659e-12 -0.8131040107133254 -1.5707963268051781 -2.2214414690868693 -2.7206990463540697 -3.0345454797785125 -3.1415926535785346 -3.034545479764878 -2.7206990463305054 -2.221441469058597 -1.5707963267783014 -0.8131040106941458 -1.429208037976402e-12 0.8131040106893146 1.5707963267678187 2.2214414690397697 2.720699046304007 3.0345454797282283 1.5707963268340757 1.4083374584063904 1.1499027195769642 0.8131040107142419 0.42089360724137675 -3.000925377805802e-12 -0.42089360724461994 -0.8131040107095698 -1.1499027195602682 -1.4083374583750752 -1.5707963267878593 -1.6262080213928674 -1.570796326775945 -1.4083374583541204 -1.1499027195349103 -0.813104010685699 -0.4208936072286566 -1.1687882918163518e-12 0.42089360722384633 0.8131040106738087 1.1499027195124116 1.408337458320049 1.5707963267290148 4.452574144968424e-11 3.5124002297630616e-11 2.4764123619549127e-11 1.4738721859296123e-11 6.19651586770278e-12 -2.609765218708979e-23 -3.3280112068264255e-12 -3.659856362260457e-12 -1.2652604116291622e-12 3.2567300308509878e-12 8.974332053832088e-12 1.4832437680053622e-11 1.9677041972328684e-11 2.2441055029626783e-11 2.2239521905423142e-11 1.8496479484496006e-11 1.1008012464918095e-11 4.7229630843514925e-23 -1.387579494431058e-11 -2.957115953926965e-11 -4.573838511326497e-11 -6.081453795953187e-11 -7.318250591145276e-11 -1.5707963267548757 -1.4083374583439405 -1.1499027195331142 -0.8131040106885362 -0.4208936072312814 1.6125315684364813e-12 0.42089360723686636 0.8131040107008641 1.1499027195556084 1.4083374583784358 1.5707963268016298 1.6262080214175296 1.5707963268098004 1.4083374583933868 1.149902719574257 0.81310401071876 0.42089360724874997 2.0238511112662023e-12 -0.4208936072473081 -0.8131040107247917 -1.1499027195916933 -1.408337458425486 -1.5707963268559373 -3.0345454797495486 -2.7206990463247007 -2.2214414690593003 -1.5707963267820333 -0.8131040106965878 1.7737375510091616e-12 0.8131040107019373 1.570796326792521 2.221441469077518 2.7206990463518297 3.0345454797859714 3.141592653596698 3.034545479792423 2.7206990463638743 2.221441469092922 1.570796326807947 0.8131040107132934 4.7384976689470064e-12 -0.8131040107060515 -1.5707963268071414 -2.2214414691020665 -2.7206990463867173 -3.0345454798277456 -4.291495373121929 -3.8476494904656993 -3.1415926535746537 -2.2214414690694415 -1.1499027195517122 6.133422640268663e-13 1.1499027195542237 2.2214414690756312 3.14159265358636 3.847649490483569 4.291495373146541 4.442882938161502 4.291495373152335 3.847649490494466 3.1415926536006666 2.221441469090773 1.1499027195670954 7.873231274505853e-12 -1.149902719553203 -2.221441469082262 -3.1415926536005614 -3.847649490506765 -4.2914953731755165 -5.2559869488462105 -4.712388980372081 -3.847649490475934 -2.7206990463455942 -1.4083374583741557 -1.5698279730998573e-12 1.408337458371893 2.7206990463458487 3.8476494904799683 4.712388980380132 5.25598694885914 5.441398092703106 5.255986948865284 4.712388980391613 3.847649490495216 2.720699046362739 1.4083374583879487 1.107808053531374e-11 -1.4083374583673167 -2.7206990463465273 -3.8476494904860203 -4.712388980393454 -5.255986948876615 -5.862291699934178 -5.2559869488560365 -4.291495373142177 -3.034545479781059 -1.570796326796514 -4.339672296711274e-12 1.5707963267884446 3.034545479774746 4.291495373138525 5.255986948855062 5.862291699937004 6.069090959564094 5.8622916999443335 5.2559869488685 4.2914953731563505 3.034545479794902 1.5707963268087295 1.3956952687591638e-11 -1.5707963267820813 -3.034545479771925 -4.29149537313933 -5.255986948861262 -5.862291699945553 -6.069090959564961 -5.441398092703316 -4.442882938159486 -3.1415926535927285 -1.6262080214115124 -7.172837513443694e-12 1.626208021397654 3.1415926535803096 4.442882938149286 5.441398092695289 6.069090959560473 6.283185307179586 6.069090959569462 5.441398092711509 4.442882938170603 3.1415926536044294 1.6262080214223478 1.610673577882089e-11 -1.6262080213912373 -3.1415926535765415 -4.442882938147983 -5.441398092697687 -6.06909095956349 -5.862291699946575 -5.255986948867029 -4.291495373151568 -3.034545479788948 -1.5707963268029912 -9.518533316217071e-12 1.5707963267844736 3.0345454797719484 4.2914953731369545 5.255986948854851 5.862291699938366 6.069090959567286 5.8622916999490595 5.255986948873918 4.2914953731617445 3.034545479799743 1.5707963268127687 1.715348100875482e-11 -1.5707963267794969 -3.034545479769525 -4.291495373136512 -5.255986948856814 -5.862291699939582 -5.255986948870135 -4.7123889803932055 -3.8476494904938408 -2.720699046360435 -1.4083374583860957 -1.0855099267723191e-11 1.4083374583650374 2.7206990463412875 3.8476494904777088 4.712388980380343 5.255986948862116 5.441398092709274 5.255986948874077 4.712388980401506 3.8476494905049483 2.7206990463714287 1.4083374583951436 1.6809938313009972e-11 -1.4083374583625767 -2.7206990463419642 -3.8476494904805314 -4.7123889803848185 -5.255986948865082 -4.291495373155662 -3.847649490495258 -3.141592653599358 -2.2214414690893975 -1.1499027195671756 -1.075825287445101e-11 1.1499027195464933 2.2214414690711557 3.1415926535849317 3.847649490485161 4.291495373151359 4.442882938169933 4.291495373163607 3.847649490506747 3.1415926536124807 2.221441469101161 1.1499027195756892 1.4897240764044325e-11 -1.149902719547009 -2.221441469075755 -3.1415926535922987 -3.8476494904940206 -4.291495373158632 -3.0345454797901326 -2.720699046359317 -2.2214414690871793 -1.5707963268034484 -0.8131040107121781 -8.947970211885212e-12 0.8131040106949852 1.57079632678831 2.2214414690752604 2.7206990463511036 3.0345454797867784 3.141592653599486 3.0345454797968263 2.720699046368736 2.2214414690976643 1.5707963268125658 0.8131040107183851 1.1362657520360044e-11 -0.8131040106965267 -1.5707963267932479 -2.2214414690823863 -2.720699046359011 -3.0345454797930844 -1.5707963267992295 -1.4083374583804988 -1.1499027195610196 -0.8131040107081784 -0.4208936072437477 -5.3254654802796084e-12 0.420893607233511 0.8131040106991595 1.1499027195539 1.4083374583755859 1.5707963267971954 1.6262080214118155 1.5707963268030842 1.4083374583858979 1.1499027195669531 0.8131040107132252 0.42089360724701286 6.309275748180969e-12 -0.42089360723487307 -0.8131040107024996 -1.1499027195584612 -1.4083374583803818 -1.5707963268008933
</DataArray>
        <DataArray type="Float64" Name="Mode_5_w" NumberOfComponents="1" format="ascii">
 0.0 0.0 4.499279347985573e-32 0.0 0.0 0.0 0.0 0.0 0.0 0.0 0.0 0.0 0.0 0.0 0.0 0.0 0.0 0.0 0.0 0.0 0.0 0.0 0.0 0.0 0.0 0.0 0.0 4.6865204053175465e-17 8.659560562341844e-17 1.1314261122866982e-16 1.2246467991473532e-16 1.1314261122897649e-16 8.659560562403015e-17 4.686520405402085e-17 9.607303140953998e-28 -4.6865204052245645e-17 -8.659560562267151e-17 -1.1314261122824124e-16 -1.2246467991473532e-16 -1.1314261122930404e-16 -8.65956056244463e-17 -4.686520405431771e-17 -1.0148586284164128e-27 4.6865204052442595e-17 8.659560562301107e-17 1.1314261122852733e-16 1.2246467991473532e-16 1.1314261122891572e-16 8.65956056237288e-17 4.686520405338024e-17 4.795454505235212e-17 9.508857454333978e-17 1.4059561216032094e-16 1.8369701987233425e-16 2.2365532064391666e-16 2.5978681687036476e-16 2.914732886337097e-16 3.1817257161693814e-16 3.3942783368577387e-16 3.548753914131519e-16 3.642509328034885e-16 3.6739403974420594e-16 3.6425093280404586e-16 3.54875391414119e-16 3.394278336869995e-16 3.181725716182727e-16 2.914732886350096e-16 2.5978681687149717e-16 2.2365532064476355e-16 1.8369701987279638e-16 1.4059561216034374e-16 9.508857454333966e-17 4.7954545052352023e-17 0.0 0.0 0.0 0.0 0.0 0.0 0.0 0.0 -0.0 -0.0 -0.0 -0.0 -0.0 -0.0 -0.0 -0.0 0.0 0.0 0.0 0.0 0.0 0.0 0.0 0.049950211252414785 0.09229595564140677 0.12059047744882562 0.13052619221992867 0.12059047744827467 0.09229595564037113 0.049950211251017215 -1.5929276980668335e-12 -0.04995021125398615 -0.09229595564271781 -0.12059047744967762 -0.13052619222019396 -0.12059047744811692 -0.09229595564019179 -0.04995021125113192 1.0455456349203975e-12 0.04995021125308903 0.09229595564176396 0.12059047744910095 0.13052619222045928 0.12059047744937847 0.09229595564188967 0.049950211252703075 0.09904576054146888 0.18301270189249133 0.23911761839449022 0.25881904510229065 0.23911761839347553 0.18301270189058685 0.09904576053889852 -2.932860265937776e-12 -0.09904576054436753 -0.1830127018949163 -0.23911761839607582 -0.25881904510280374 -0.23911761839321566 -0.18301270189029156 -0.09904576053914776 1.8902192117347723e-12 0.09904576054268781 0.18301270189314534 0.23911761839501738 0.2588190451033168 0.23911761839558157 0.18301270189345314 0.09904576054204543 0.14644660940698034 0.2705980500734836 0.35355339059350493 0.3826834323647926 0.35355339059211627 0.27059805007088206 0.14644660940347276 -4.002851399174591e-12 -0.1464466094109386 -0.27059805007679893 -0.353553390595681 -0.38268343236551555 -0.3535533905917949 -0.2705980500705233 -0.14644660940386545 2.5225785051590523e-12 0.14644660940859605 0.270598050074347 0.35355339059422636 0.3826834323662383 0.3535533905950777 0.27059805007488286 0.14644660940782117 0.19134171618279971 0.35355339059364904 0.46193976625581434 0.49999999999953076 0.4619397662541562 0.35355339059054697 0.19134171617861212 -4.794547921806263e-12 -0.19134171618756168 -0.3535533905976602 -0.46193976625847866 -0.5000000000004732 -0.4619397662538595 -0.3535533905902121 -0.19134171617917442 2.9419685505823087e-12 0.1913417161847006 0.35355339059470625 0.46193976625676425 0.5000000000014162 0.4619397662579096 0.3535533905955269 0.19134171618393145 0.2329629131447787 0.4304593345772301 0.5624222244435878 0.6087614290081099 0.5624222244417503 0.43045933457379976 0.23296291314015063 -5.306244978037122e-12 -0.2329629131500623 -0.43045933458169655 -0.56242222444658 -0.6087614290092188 -0.5624222244415059 -0.43045933457352914 -0.232962913140882 3.1515257017639634e-12 0.23296291314681034 0.43045933457837615 0.5624222244446855 0.6087614290103274 0.5624222244461106 0.43045933457951135 0.23296291314615877 0.2705980500733303 0.500000000000325 0.6532814824382478 0.7071067811858422 0.6532814824363155 0.49999999999673056 0.27059805006848997 -5.5479921163985645e-12 -0.27059805007885585 -0.5000000000050039 -0.6532814824413978 -0.707106781187049 -0.6532814824361338 -0.4999999999965502 -0.27059805006938026 3.1588528356654435e-12 0.27059805007533083 0.5000000000014443 0.6532814824393869 0.7071067811882553 0.6532814824410696 0.5000000000029068 0.27059805007489723 0.30360317934118114 0.5609855267972385 0.7329629131445686 0.7933533402904894 0.7329629131426194 0.5609855267936322 0.3036031793363416 -5.532730751811214e-12 -0.3036031793466827 -0.5609855268018912 -0.7329629131477043 -0.7933533402917164 -0.7329629131424968 -0.5609855267935536 -0.30360317933737135 2.9811346306591898e-12 0.30360317934299913 0.5609855267982048 0.732962913145629 0.7933533402929432 0.7329629131475408 0.5609855267999948 0.3036031793428596 0.33141357403581284 0.6123724356961016 0.8001031451913073 0.8660254037837124 0.80010314518941 0.612372435692616 0.3314135740311632 -5.285349182269105e-12 -0.33141357404104055 -0.6123724357005014 -0.8001031451942598 -0.8660254037848747 -0.8001031451893293 -0.6123724356926386 -0.33141357403230876 2.6419386160463745e-12 0.33141357403730165 0.612372435696786 0.8001031451921556 0.8660254037860369 0.8001031451942584 0.6123724356988877 0.3314135740375192 0.3535533905935077 0.6532814824385201 0.8535533905933631 0.9238795325106438 0.8535533905915744 0.6532814824352681 0.35355339058921237 -4.832222781650148e-12 -0.35355339059823837 -0.6532814824424586 -0.8535533905959715 -0.9238795325116516 -0.853553390591505 -0.653281482435378 -0.3535533905904397 2.1627958741198553e-12 0.35355339059453095 0.6532814824387931 0.8535533905938587 0.9238795325126594 0.8535533905961089 0.6532814824411795 0.35355339059514823 0.36964381061465146 0.683012701892608 0.8923991008327063 0.9659258262885745 0.8923991008310709 0.6830127018896778 0.36964381061084123 -4.2096680318306715e-12 -0.3696438106186938 -0.6830127018959014 -0.8923991008348214 -0.965925826289336 -0.8923991008309712 -0.683012701889847 -0.36964381061210894 1.57575230503633e-12 0.3696438106150958 0.6830127018923465 0.8923991008327052 0.9659258262900976 0.8923991008350541 0.6830127018949742 0.3696438106161265 0.37940952255157934 0.7010573846504615 0.9159756150370827 0.9914448613735317 0.9159756150356315 0.7010573846479153 0.3794095225483502 -3.4579159688971495e-12 -0.37940952255477894 -0.7010573846529563 -0.9159756150385718 -0.991444861373956 -0.9159756150354472 -0.7010573846481056 -0.37940952254961385 9.164408733779158e-13 0.37940952255134786 0.7010573846495505 0.9159756150364419 0.9914448613743805 0.9159756150388362 0.7010573846523647 0.3794095225527865 0.3826834323654878 0.707106781187169 0.9238795325118158 1.0 0.9238795325105659 0.7071067811850434 0.38268343236289853 -2.6160070705468043e-12 -0.38268343236773145 -0.707106781188742 -0.9238795325125676 -1.0 -0.923879532510235 -0.7071067811852018 -0.38268343236411145 2.173587834667012e-13 0.38268343236450897 0.7071067811855054 0.9238795325103997 1.0 0.9238795325127815 0.7071067811884375 0.3826834323663246 0.37940952255173316 0.7010573846507325 0.9159756150374828 0.991444861374101 0.9159756150364587 0.7010573846490683 0.3794095225498318 -1.7288972759600391e-12 -0.37940952255298793 -0.7010573846513689 -0.9159756150374978 -0.9914448613736908 -0.9159756150360002 -0.7010573846492021 -0.37940952255097743 -4.880841152829623e-13 0.3794095225500363 0.7010573846483668 0.915975615035342 0.9914448613732807 0.915975615037673 0.7010573846513685 0.3794095225522003 0.3696438106148997 0.6830127018930547 0.892399100833398 0.9659258262896091 0.8923991008326322 0.6830127018918988 0.369643810613724 -8.414958071391101e-13 -0.3696438106152141 -0.6830127018928407 -0.8923991008327884 -0.9659258262889041 -0.8923991008321448 -0.6830127018920733 -0.3696438106148195 -1.1609948668357765e-12 0.3696438106126091 0.6830127018901839 0.8923991008307675 0.9659258262881989 0.8923991008330321 0.6830127018932363 0.369643810615099 0.35355339059379737 0.6532814824390568 0.853553390594244 0.9238795325120343 0.8535533905937528 0.6532814824384254 0.35355339059334456 -7.074272519506295e-16 -0.3535533905932611 -0.653281482438114 -0.8535533905931411 -0.9238795325111516 -0.8535533905933256 -0.6532814824386945 -0.35355339059440666 -1.7636309211933828e-12 0.3535533905910611 0.6532814824358882 0.8535533905913627 0.9238795325102687 0.8535533905935416 0.65328148243896 0.3535533905938331 0.33141357403609867 0.6123724356966544 0.8001031451922832 0.8660254037853476 0.8001031451920664 0.6123724356965349 0.33141357403632493 7.546766156611628e-13 -0.3314135740348411 -0.612372435695134 -0.8001031451908348 -0.8660254037844026 -0.8001031451917742 -0.612372435696939 -0.3314135740373631 -2.2662313446808067e-12 0.3314135740330839 0.6123724356933979 0.8001031451893839 0.8660254037834579 0.8001031451914564 0.6123724356964466 0.3314135740360693 0.3036031793414271 0.5609855267977474 0.7329629131455574 0.7933533402922587 0.7329629131455999 0.560985526798098 0.3036031793422538 1.3818948565255461e-12 -0.3036031793396132 -0.5609855267958264 -0.7329629131439213 -0.7933533402913627 -0.7329629131455031 -0.5609855267986605 -0.3036031793432722 -2.6404778327403773e-12 0.3036031793383106 0.560985526794611 0.7329629131428618 0.7933533402904668 0.7329629131448052 0.560985526797588 0.30360317934142345 0.2705980500735114 0.5000000000007463 0.6532814824391813 0.7071067811876398 0.6532814824394525 0.5000000000014971 0.2705980500748232 1.848399437970043e-12 -0.27059805007133525 -0.4999999999986189 -0.6532814824375213 -0.7071067811868949 -0.6532814824395924 -0.5000000000022277 -0.27059805007582327 -2.853345207131299e-12 0.2705980500704792 0.499999999997928 0.653281482436892 0.7071067811861491 0.653281482438683 0.5000000000007723 0.27059805007361376 0.23296291314488107 0.4304593345775368 0.5624222244444137 0.6087614290098381 0.562422224444869 0.43045933457859326 0.23296291314653073 2.1220076060606397e-12 -0.23296291314256176 -0.43045933457541363 -0.5624222244428959 -0.6087614290093332 -0.5624222244452696 -0.430459334579483 -0.232962913147506 -2.8874271032626446e-12 0.23296291314212147 0.4304593345752199 0.5624222244427095 0.608761429008829 0.5624222244443231 0.430459334577866 0.23296291314515705 0.19134171618282164 0.35355339059383367 0.46193976625649835 0.5000000000011022 0.46193976625708155 0.35355339059507734 0.19134171618463675 2.179206985078603e-12 -0.19134171618059292 -0.35355339059192925 -0.4619397662552822 -0.5000000000009126 -0.46193976625774363 -0.3535533905961032 -0.19134171618557486 -2.727274302373613e-12 0.1913417161805186 0.35355339059218066 0.4619397662555257 0.5000000000007234 0.46193976625693584 0.3535533905945558 0.19134171618332044 0.1464466094069331 0.27059805007355686 0.3535533905940308 0.38268343236612873 0.35355339059466795 0.2705980500748447 0.1464466094087136 2.0011561062326945e-12 -0.1464466094050318 -0.270598050072073 -0.35355339059324903 -0.38268343236629243 -0.35355339059555413 -0.27059805007595084 -0.14644660940958817 -2.357918750369316e-12 0.14644660940524654 0.2705980500726748 0.3535533905938636 0.38268343236645613 0.35355339059503943 0.2705980500746945 0.14644660940766593 0.09904576054141208 0.1830127018925102 0.23911761839484175 0.2588190451032524 0.23911761839535806 0.183012701893541 0.09904576054282646 1.5794049944530005e-12 -0.09904576053992069 -0.18301270189135366 -0.23911761839423823 -0.25881904510338105 -0.23911761839603957 -0.18301270189437158 -0.09904576054345081 -1.7777060261741912e-12 0.09904576054017804 0.18301270189190347 0.23911761839476706 0.25881904510350934 0.23911761839558343 0.18301270189333857 0.09904576054194461 0.04995021125236775 0.09229595564139016 0.12059047744898627 0.1305261922204267 0.12059047744928816 0.0922959556419877 0.049950211253184676 9.10070779864719e-13 -0.049950211251509 -0.09229595564072389 -0.1205904774486371 -0.13052619222049316 -0.12059047744966564 -0.09229595564244283 -0.04995021125351324 -9.891513978602153e-13 0.049950211251691766 0.09229595564106749 0.12059047744895367 0.13052619222055967 0.12059047744937437 0.09229595564182376 0.049950211252646495
</DataArray>
        <DataArray type="Float64" Name="Mode_5_phi1" NumberOfComponents="1" format="ascii">
 0.0 -0.0 -1.1542024162330739e-15 1.1542024162330739e-15 0.0 0.0 0.0 0.0 0.0 0.0 0.0 0.0 0.0 0.0 0.0 0.0 -0.0 -0.0 -0.0 -0.0 -0.0 -0.0 -0.0 -0.0 -0.0 -0.0 -0.0 -1.2022354597664473 -2.2214414690758253 -2.90245315213686 -3.141592653589793 -2.902453152144727 -2.2214414690915176 -1.2022354597881342 -2.4645663541067735e-11 1.2022354597425948 2.2214414690566646 2.9024531521258656 3.141592653589793 2.9024531521531296 2.221441469102193 1.2022354597957494 2.6034219937413918e-11 -1.202235459747647 -2.221441469065375 -2.9024531521332047 -3.141592653589793 -2.9024531521431682 -2.221441469083787 -1.2022354597717007 -1.1443280545594347e-15 -1.1148739226044454e-15 -1.0663439887321175e-15 -9.99568613566803e-16 -9.156903422908511e-16 -8.161443553811942e-16 -7.026339122731937e-16 -5.771012081194421e-16 -4.4169414229221974e-16 -2.9872956722973064e-16 -1.506536464485292e-16 -7.467544741342169e-27 1.5065364643522814e-16 2.987295672183919e-16 4.4169414228292355e-16 5.771012081121802e-16 7.026339122678717e-16 8.161443553776369e-16 9.156903422888095e-16 9.995686135659647e-16 1.0663439887320879e-15 1.1148739226044454e-15 1.1443280545594347e-15 1.2022354597734382 2.2214414690864466 2.9024531521450836 3.141592653589793 2.9024531521400854 2.2214414690864492 1.2022354597860911 2.73915545676831e-11 -1.2022354597354834 -2.2214414690477158 -2.902453152119124 -3.141592653589793 -2.9024531521610464 -2.2214414691154944 -1.202235459811391 -4.107833528800772e-11 1.2022354597354832 2.221441469057399 2.9024531521296053 3.141592653589793 2.9024531521453265 2.2214414690864452 1.2022354597734384 1.1919501687535026 2.202436729368061 2.877622263072411 3.1147158929313643 2.8776222630577757 2.2024367293410694 1.191950168718304 -3.801165982911965e-11 -1.191950168788535 -2.2024367293947913 -2.8776222630867916 -3.1147158929312546 -2.877622263048061 -2.202436729332237 -1.1919501687185765 2.494961011636914e-11 1.191950168764662 2.202436729367476 2.8776222630670785 3.114715892931145 2.8776222630722152 2.2024367293681975 1.1919501687536038 1.1612702798752499 2.1457476865794853 2.803554459250832 3.0345454797825813 2.803554459237446 2.1457476865548752 1.1612702798432621 -3.438656478818449e-11 -1.1612702799067676 -2.1457476866033574 -2.803554459263466 -3.0345454797821496 -2.803554459228442 -2.145747686546855 -1.1612702798437171 2.2162032791994486e-11 1.161270279884606 2.1457476865780345 2.8035544592451 3.0345454797817175 2.8035544592502255 2.145747686579364 1.1612702798752232 1.110720734543451 2.0523443059599846 2.681517061339423 2.9024531521398176 2.681517061327406 2.052344305937983 1.1107207345150047 -3.03595287344287e-11 -1.110720734571014 -2.052344305980588 -2.6815170613499917 -2.902453152138877 -2.681517061319035 -2.0523443059307205 -1.110720734515525 1.9132435100601282e-11 1.1107207345507897 2.052344305957449 2.6815170613330257 2.9024531521379364 2.6815170613379977 2.052344305959243 1.110720734543069 1.0411664494938246 1.923824745248457 2.5135981630518343 2.720699046352178 2.5135981630412307 1.9238247452291568 1.0411664494690742 -2.608904391708793e-11 -1.041166449517118 -1.9238247452654458 -2.513598163060013 -2.7206990463504686 -2.513598163033297 -1.9238247452224986 -1.0411664494695163 1.6008422059889435e-11 1.0411664494989326 1.9238247452445352 2.513598163044365 2.720699046348758 2.513598163049017 1.9238247452465815 1.0411664494927837 0.9537975178276177 1.7623880097609586 2.3026709032935884 2.49239302556134 2.3026709032843984 1.7623880097443636 0.9537975178065994 -2.1724845473060174e-11 -0.95379751784649 -1.7623880097741453 -2.3026709032991746 -2.4923930255586666 -2.3026709032767343 -1.762388009738156 -0.9537975178068336 1.2902986793558949e-11 0.9537975178304154 1.7623880097554505 2.302670903284753 2.4923930255559945 2.302670903288924 1.762388009757548 0.953797517825678 0.8501088461888813 1.5707963268003917 2.0523443059592186 2.2214414690813986 2.0523443059513973 1.5707963267864187 0.850108846171499 -1.7429531275056846e-11 -0.8501088462033393 -1.5707963268097298 -2.0523443059621096 -2.221441469077608 -2.0523443059438202 -1.5707963267804912 -0.8501088461713948 9.923828862266836e-12 0.8501088461893631 1.5707963267931846 2.052344305948788 2.221441469073818 2.0523443059523236 1.5707963267950993 0.8501088461858245 0.7318745764972828 1.3523278831814578 1.7669015285327514 1.9124804331656744 1.7669015285262104 1.3523278831699428 0.7318745764833254 -1.3337360249742584e-11 -0.731874576507491 -1.3523278831870298 -1.7669015285329361 -1.9124804331606509 -1.766901528518541 -1.3523278831641092 -0.7318745764827539 7.18640908179073e-12 0.7318745764955568 1.3523278831724996 1.7669015285205616 1.912480433155628 1.7669015285233256 1.3523278831739922 0.7318745764929295 0.6011177298879737 1.110720734545365 1.4512265760756338 1.5707963267988483 1.4512265760702436 1.1107207345360621 0.6011177298771203 -9.586562986561975e-12 -0.6011177298942287 -1.1107207345473828 -1.451226576073198 -1.570796326792524 -1.4512265760623075 -1.1107207345301409 -0.6011177298759713 4.791946582108233e-12 0.6011177298842206 1.1107207345346808 1.451226576061592 1.5707963267862002 1.4512265760634584 1.110720734535512 0.6011177298821949 0.46007559225908123 0.8501088461914237 1.1107207345460202 1.2022354597735694 1.1107207345416241 0.8501088461840262 0.46007559225092176 -6.28812455863872e-12 -0.46007559226181 -0.8501088461902179 -1.1107207345411418 -1.202235459765926 -1.1107207345332615 -0.8501088461778379 -0.46007559224909156 2.8144252584790914e-12 0.46007559225355893 0.8501088461791152 1.1107207345301193 1.2022354597582812 1.1107207345309793 0.850108846179054 0.46007559225179145 0.31116143368969446 0.5749513597846211 0.7512101532985209 0.8131040107089939 0.7512101532949338 0.5749513597787712 0.31116143368373994 -3.5436447263935242e-12 -0.3111614336894343 -0.5749513597806267 -0.7512101532914595 -0.8131040107000652 -0.7512101532860087 -0.574951359772146 -0.3111614336811447 1.3264481435488422e-12 0.3111614336827428 0.5749513597708664 0.7512101532808371 0.8131040106911359 0.7512101532806045 0.5749513597696952 0.3111614336808645 0.15692321671972986 0.28995629620543 0.37884615805342414 0.4100601265862149 0.37884615805044347 0.2899562962007337 0.1569232167154379 -1.4301889244231192e-12 -0.15692321671711135 -0.2899562961991763 -0.37884615804452093 -0.41006012657608837 -0.37884615804084887 -0.28995629619352775 -0.1569232167120176 3.7903858819878845e-13 0.15692321671174958 0.289956296190482 0.3788461580341235 0.41006012656596047 0.378846158032732 0.28995629618800367 0.1569232167093874 4.410085925553636e-12 7.169656946136974e-12 8.088971694742891e-12 7.369360929662009e-12 5.529765188654024e-12 3.253179744799552e-12 1.2301787442443993e-12 -4.7871050604150696e-24 -1.7118850011162401e-13 6.647772337998888e-13 2.1459209073939578e-12 3.708109420013406e-12 4.705127413465548e-12 4.580761176019942e-12 3.008985631077163e-12 -2.010186139583927e-24 -4.0690436748104455e-12 -8.497731636433704e-12 -1.2382746931698777e-11 -1.4785579769688822e-11 -1.4940020015624318e-11 -1.2413715578710244e-11 -7.248416956342235e-12 -0.15692321671159648 -0.2899562961921851 -0.3788461580384798 -0.4100601265726286 -0.3788461580403555 -0.28995629619501817 -0.15692321671366846 7.150693532641595e-13 0.1569232167159262 0.2899562961994911 0.37884615804768607 0.4100601265824169 0.3788461580493658 0.2899562962021148 0.156923216717953 2.0187086735304636e-13 -0.15692321671851692 -0.28995629620529073 -0.3788461580559943 -0.4100601265922045 -0.37884615805925764 -0.2899562962100537 -0.15692321672227036 -0.31116143368228183 -0.574951359772544 -0.7512101532849621 -0.8131040106968636 -0.751210153286365 -0.5749513597747054 -0.31116143368383614 7.083604114835896e-13 0.3111614336859387 0.5749513597786315 0.7512101532926362 0.8131040107051298 0.7512101532941399 0.5749513597811186 0.3111614336881496 9.77310634983515e-13 -0.31116143368713717 -0.5749513597826614 -0.7512101532991222 -0.8131040107133981 -0.7512101533030743 -0.5749513597883641 -0.3111614336917762 -0.4600755922523182 -0.8501088461804138 -1.1107207345338104 -1.2022354597630236 -1.1107207345349834 -0.8501088461823664 -0.4600755922539809 9.20568210000315e-16 0.4600755922546222 0.8501088461847358 1.1107207345396224 1.202235459769717 1.110720734541675 0.8501088461882639 0.46007559225836486 2.294995783323452e-12 -0.4600755922547621 -0.8501088461873861 -1.110720734544555 -1.2022354597764142 -1.1107207345492058 -0.8501088461941558 -0.4600755922606207 -0.6011177298817587 -1.1107207345352783 -1.4512265760646785 -1.5707963267899505 -1.4512265760658705 -1.1107207345374848 -0.6011177298841369 -1.3688319656858918e-12 0.6011177298821015 1.1107207345373653 1.4512265760683842 1.5707963267950928 1.4512265760716703 1.1107207345430645 0.6011177298886425 4.110488972199355e-12 -0.6011177298815363 -1.1107207345390646 -1.4512265760720855 -1.5707963268002327 -1.4512265760774286 -1.1107207345470183 -0.6011177298889191 -0.7318745764914898 -1.3523278831721057 -1.7669015285229088 -1.9124804331584309 -1.7669015285243566 -1.3523278831750116 -0.7318745764951563 -3.331235578863046e-12 0.7318745764893475 1.3523278831715948 1.766901528524347 1.9124804331620986 1.7669015285295089 1.3523278831804886 0.7318745764998402 6.36521198419275e-12 -0.7318745764884382 -1.3523278831727874 -1.7669015285271792 -1.912480433165767 -1.7669015285332106 -1.3523278831820251 -0.7318745764976151 -0.8501088461833688 -1.5707963267915586 -2.0523443059502995 -2.221441469075752 -2.0523443059522344 -1.5707963267955731 -0.8501088461888324 -5.806918095214379e-12 0.8501088461783233 1.5707963267881881 2.052344305949412 2.221441469078092 2.0523443059570012 1.5707963268011804 0.8501088461937677 8.964048340879988e-12 -0.8501088461774264 -1.5707963267893286 -2.0523443059517588 -2.2214414690804345 -2.0523443059584685 -1.570796326799919 -0.8501088461886172 -0.9537975178222307 -1.76238800975241 -2.3026709032853714 -2.492393025557174 -2.302670903287998 -1.7623880097578937 -0.9537975178299258 -8.68793045270747e-12 0.9537975178139884 1.7623880097460367 2.3026709032821877 2.4923930255583913 2.3026709032926638 1.7623880097638607 0.9537975178351739 1.1821713451353503e-11 -0.9537975178134426 -1.7623880097475653 -2.3026709032844583 -2.4923930255596063 -2.302670903291823 -1.7623880097595594 -0.9537975178268125 -1.0411664494884036 -1.9238247452399477 -2.513598163044077 -2.7206990463493277 -2.513598163047565 -1.9238247452472006 -1.0411664494986743 -1.1857932732179173e-11 1.0411664494767994 1.9238247452305532 2.513598163038728 2.7206990463496714 2.5135981630524333 1.923824745253749 1.041166449504302 1.4840185187180352e-11 -1.0411664494769204 -1.9238247452328923 -2.5135981630413156 -2.7206990463500147 -2.5135981630493056 -1.923824745246302 -1.0411664494925583 -1.1107207345378383 -2.0523443059512676 -2.6815170613318657 -2.902453152138079 -2.6815170613363613 -2.0523443059605233 -1.1107207345509238 -1.517771964294761e-11 1.1107207345228582 2.0523443059389828 2.681517061324596 2.902453152137866 2.6815170613417454 2.0523443059678836 1.1107207345569976 1.7883577209431107e-11 -1.1107207345239332 -2.052344305942521 -2.6815170613279133 -2.9024531521376526 -2.6815170613364945 -2.0523443059573268 -1.1107207345418646 -1.1612702798692662 -2.145747686570307 -2.8035544592432324 -3.0345454797817717 -2.803554459248908 -2.1457476865818244 -1.1612702798853831 -1.8517865579593742e-11 1.1612702798511614 2.145747686555603 2.803554459234663 3.0345454797816633 2.803554459255404 2.1457476865904193 1.1612702798920864 2.08428625642727e-11 -1.161270279853556 -2.1457476865609024 -2.803554459239374 -3.0345454797815554 -2.803554459248572 -2.1457476865771645 -1.1612702798738082 -1.191950168747058 -2.202436729358249 -2.877622263064517 -3.1147158929311582 -2.877622263071337 -2.2024367293719482 -1.1919501687660898 -2.1716805443532675e-11 1.1919501687259524 2.202436729341224 2.8776222630546946 3.114715892931131 2.877622263078863 2.202436729381668 1.1919501687733127 2.3603887672023465e-11 -1.191950168729696 -2.202436729348282 -2.8776222630607777 -3.1147158929311036 -2.8776222630704416 -2.202436729365769 -1.1919501687520202
</DataArray>
        <DataArray type="Float64" Name="Mode_5_phi2" NumberOfComponents="1" format="ascii">
 0.0 1.1542024162330739e-15 -1.1542024162330739e-15 -0.0 1.2301803797362807 2.4393120321050272 3.6067063792998706 4.712388980375823 5.737441299476883 6.664324407225215 7.4771790766667925 8.162097139041657 8.707359456407483 9.10363643933892 9.344147678789314 9.42477796076938 9.344147678798613 9.103636439355585 8.7073594564295 8.162097139066995 7.477179076693472 6.664324407251356 5.737441299500772 4.712388980395962 3.6067063793150997 2.4393120321159025 1.230180379741918 1.0663439887331515e-15 8.16144355381538e-16 4.4169414229043316e-16 3.7613008153313915e-27 -4.4169414228345495e-16 -8.161443553757729e-16 -1.0663439887298513e-15 -1.1542024162330739e-15 -1.0663439887367814e-15 -8.161443553885778e-16 -4.4169414230018447e-16 -1.4229122995071925e-26 4.416941422760026e-16 8.161443553718509e-16 1.0663439887286924e-15 1.1542024162330739e-15 1.0663439887360125e-15 8.161443553853776e-16 4.4169414229367513e-16 4.782620640742015e-27 -4.41694142284838e-16 -8.161443553786132e-16 -1.0663439887323522e-15 -1.2301803797437851 -2.439312032119537 -3.606706379319725 -4.712388980390623 -5.737441299486507 -6.664324407230284 -7.477179076668139 -8.162097139040284 -8.707359456404538 -9.103636439335645 -9.344147678787015 -9.42477796076938 -9.344147678801313 -9.103636439360454 -8.707359456435979 -8.16209713907452 -7.477179076701486 -6.6643244072593335 -5.737441299508233 -4.712388980402478 -3.6067063793203102 -2.439312032119534 -1.2301803797437827 -0.0 -0.0 -0.0 0.0 0.0 0.0 0.0 0.0 0.0 0.0 0.0 0.0 -0.0 -0.0 -0.0 -0.0 -0.0 -0.0 -0.0 -0.0 0.0 0.0 0.0 1.1365384741348785 0.869868888591938 0.4707696501407892 -7.541185605295549e-12 -0.47076965015495953 -0.8698688886034674 -1.1365384741423645 -1.2301803797387814 -1.1365384741314506 -0.8698688885831181 -0.47076965012793753 2.2250973509954977e-11 0.470769650165083 0.8698688886086932 1.136538474144623 1.230180379741282 1.1365384741376598 0.8698688885956439 0.4707696501475949 2.7843715421307015e-12 -0.4707696501429121 -0.8698688885962279 -1.1365384741411961 2.2536304598695676 1.7248540793273048 0.93348430104638 -1.3957812325543504e-11 -0.9334843010726269 -1.724854079348675 -2.2536304598835293 -2.439312032109863 -2.2536304598634866 -1.7248540793112892 -0.933484301022937 4.0893075678322287e-11 0.9334843010911763 1.7248540793582958 2.25363045988779 2.4393120321146986 2.253630459875278 1.7248540793348188 0.9334843010596562 5.718257247033206e-12 -0.9334843010499793 -1.724854079335337 -2.2536304598817134 3.332162203611985 2.5503265385461105 1.380226776751111 -1.9166514857244635e-11 -1.380226776787161 -2.550326538575445 -3.3321622036312086 -3.606706379306681 -3.332162203603908 -2.5503265385244975 -1.3802267767194043 5.569362851395954e-11 1.3802267768122742 2.5503265385884597 3.3321622036370493 3.6067063793134957 3.3321622036204257 2.5503265385572433 1.3802267767703025 8.75278968129038e-12 -1.3802267767553853 -2.5503265385570084 -3.3321622036289815 4.3536797281997535 3.332162203605836 1.803353189634684 -2.3119047788424463e-11 -1.8033531896782231 -3.33216220364136 -4.353679728223318 -4.712388980384708 -4.353679728190784 -3.3321622035805993 -1.8033531895972794 6.654766529025549e-11 1.803353189708191 3.332162203657082 4.353679728230739 4.712388980393593 4.35367972821157 3.3321622036210075 1.8033531896595068 1.1821131519105426e-11 -1.8033531896392534 -3.332162203619557 -4.3536797282217865 5.3007045855703705 4.056983649512485 2.19562372946032 -2.580514219450088e-11 -2.195623729508962 -4.0569836495522065 -5.300704585596921 -5.737441299487331 -5.300704585561053 -4.056983649485167 -2.1956237294195486 7.343045503427632e-11 2.1956237295418286 4.056983649569535 5.300704585605376 5.737441299497782 5.300704585585062 4.056983649531241 2.195623729489969 1.4866413885964397e-11 -2.195623729464359 -4.0569836495279334 -5.300704585596087 6.157032917849469 4.712388980368204 2.550326538533667 -2.724821076350691e-11 -2.5503265385850633 -4.7123889804101236 -6.157032917877598 -6.664324407236588 -6.157032917840207 -4.712388980340191 -2.5503265384917153 7.647958472807027e-11 2.5503265386189224 4.712388980427906 6.157032917886429 6.664324407247961 6.15703291786628 4.712388980389825 2.5503265385671865 1.780080148594183e-11 -2.5503265385363227 -4.712388980384081 -6.157032917877206 6.908012709852758 5.287164029249389 2.8613925534492584 -2.7521792756481724e-11 -2.861392553501159 -5.287164029291553 -6.9080127098810395 -7.4771790766783575 -6.9080127098437965 -5.287164029221894 -2.8613925534081313 7.59193283716066e-11 2.8613925535341664 5.2871640293086495 6.908012709889535 7.477179076689923 6.908012709870694 5.287164029272989 2.861392553485563 2.058296235483831e-11 -2.86139255344962 -5.287164029264297 -6.9080127098806265 7.540794489128184 5.771474235711941 3.1234993484480396 -2.6711721480054503e-11 -3.123499348498371 -5.771474235752537 -7.540794489155228 -8.16209713905261 -7.540794489119633 -5.7714742356859645 -3.123499348409483 7.207927031446568e-11 3.123499348528828 5.771474235767814 7.540794489162612 8.162097139063565 7.540794489146083 5.771474235736475 3.123499348485983 2.3135329657623388e-11 -3.1234993484452933 -5.771474235724411 -7.540794489154128 8.044551183992136 6.157032917847131 3.332162203597805 -2.4942546506862907e-11 -3.332162203644709 -6.1570329178844965 -8.044551184016614 -8.707359456416983 -8.044551183983948 -6.157032917823441 -3.3321622035632736 6.537900527598323e-11 3.3321622036711043 6.157032917896889 8.044551184022104 8.707359456426481 8.044551184008704 6.157032917871421 3.332162203636166 2.539236606487598e-11 -3.3321622035911704 -6.1570329178556475 -8.044551184014004 8.410663377727785 6.437243059706554 3.4838108395945953 -2.2362338526605845e-11 -3.483810839636495 -6.437243059739244 -8.410663377748488 -9.103636439346097 -8.410663377719775 -6.437243059685665 -3.483810839565229 5.631490380278073e-11 3.4838108396575187 6.437243059747801 8.410663377751307 9.103636439353275 8.41066337774159 6.437243059729319 3.48381083963213 2.729186749834105e-11 -3.483810839583374 -6.43724305970963 -8.410663377743392 8.63286678919486 6.607310188074047 3.5758505062314887 -1.9139620008690145e-11 -3.575850506267124 -6.607310188100872 -8.632866789210713 -9.344147678793314 -8.632866789186698 -6.60731018805619 -3.575850506208057 4.544508777365061e-11 3.5758505062817685 6.607310188104734 8.632866789210109 9.344147678797313 8.632866789204423 6.607310188093945 3.575850506266972 2.877643101541797e-11 -3.5758505062151107 -6.60731018807025 -8.632866789202051 8.70735945641674 6.664324407231692 3.60670637929404 -1.544998277127052e-11 -3.6067063793224796 -6.6643244072517245 -8.707359456426847 -9.42477796076938 -8.70735945640798 -6.664324407216865 -3.6067063792769343 3.337298478012065e-11 3.606706379330008 6.664324407250232 8.707359456422111 9.42477796076938 8.70735945642056 6.664324407247371 3.6067063793262615 2.9811604837421555e-11 -3.6067063792720657 -6.664324407219737 -8.707359456413473 8.63286678920326 6.607310188081862 3.5758505062389796 -1.1504291315406767e-11 -3.575850506259751 -6.607310188094812 -8.632866789207545 -9.344147678794748 -8.632866789194178 -6.607310188070396 -3.575850506228531 2.0729860764267558e-11 3.5758505062600867 6.607310188088085 8.632866789198886 9.34414767879088 8.632866789201515 6.607310188093224 3.575850506267484 3.030349675404366e-11 -3.575850506211918 -6.607310188062198 -8.63286678918993 8.410663377742985 6.437243059721022 3.483810839608855 -7.492821875795834e-12 -3.4838108396219365 -6.437243059727216 -8.410663377742177 -9.103636439348936 -8.410663377734561 -6.437243059713639 -3.4838108396053578 8.148666342748337e-12 3.483810839615663 6.437243059716172 8.410663377730707 9.10363643934229 8.410663377737535 6.437243059729279 3.483810839633973 3.028355926598753e-11 -3.4838108395781053 -6.4372430596958115 -8.41066337772242 8.044551184012425 6.157032917866909 3.332162203617829 -3.6130329019421034e-12 -3.332162203623571 -6.1570329178669745 -8.044551184007437 -8.707359456421178 -8.044551184005512 -6.157032917864025 -3.3321622036211838 -3.721503810390337e-12 3.3321622036115457 6.15703291785267 8.044551183994285 8.707359456412858 8.044551184005094 6.157032917873235 3.3321622036399074 2.9676829638822e-11 -3.3321622035848812 -6.157032917838404 -8.044551183987517 7.54079448915181 5.771474235735543 3.1234993484725897 -5.5683054365904884e-14 -3.123499348471697 -5.7714742357303725 -7.540794489143695 -8.162097139058089 -7.540794489147078 -5.771474235737286 -3.123499348482277 -1.4275565075036992e-11 3.123499348455088 5.771474235713972 7.540794489130006 8.16209713904919 7.540794489144304 5.771474235741051 3.1234993484920244 2.8485385778890498e-11 -3.123499348439047 -5.77147423570602 -7.540794489125419 6.9080127098779665 5.287164029275247 2.8613925534768647 2.9989005420822837e-12 -2.861392553470384 -5.287164029265971 -6.90801270986788 -7.477179076685024 -6.908012709875909 -5.287164029281414 -2.8613925534920357 -2.295290833177742e-11 2.8613925534505142 5.287164029248728 6.908012709854772 7.477179076676583 6.908012709871851 5.287164029280922 2.8613925534940683 2.66993869923132e-11 -2.861392553444331 -5.287164029246892 -6.908012709852844 6.157032917874563 4.712388980394704 2.5503265385627105 5.3927164808606e-12 -2.5503265385519445 -4.71238898038266 -6.157032917863747 -6.664324407244327 -6.15703291787546 -4.712388980404815 -2.5503265385821208 -2.9277137925992535e-11 2.5503265385304026 4.712388980365837 6.157032917852233 6.664324407237307 6.157032917871197 4.712388980401393 2.550326538578095 2.434141706391521e-11 -2.550326538532746 -4.7123889803696235 -6.157032917853262 5.300704585593764 4.056983649538005 2.195623729489057 6.990613110882213e-12 -2.195623729475573 -4.056983649524691 -5.300704585583468 -5.737441299496021 -5.300704585597682 -4.056983649551294 -2.195623729511173 -3.2792987352637677e-11 2.195623729454061 4.05698364950957 5.300704585574517 5.7374412994912625 5.30070458559425 4.056983649546392 2.1956237295029832 2.1424800566276225e-11 -2.1956237294631618 -4.056983649518091 -5.300704585578541 4.3536797282200235 3.3321622036288128 1.8033531896613 7.664879574994923e-12 -1.8033531896468729 -3.332162203615831 -4.353679728211491 -4.712388980394179 -4.353679728226802 -3.3321622036442466 -1.8033531896843091 -3.316212418353957e-11 1.8033531896271577 3.332162203603651 4.353679728205907 4.712388980392403 4.353679728225162 3.332162203639354 1.803353189674129 1.7982102433980406e-11 -1.8033531896408788 -3.3321622036157077 -4.353679728212784 3.3321622036279335 2.550326538565089 1.380226776773783 7.337605735031462e-12 -1.3802267767602958 -2.5503265385540383 -3.332162203622238 -3.606706379316635 -3.332162203637034 -2.5503265385812606 -1.3802267767955914 -3.0157458583687994e-11 1.380226776744143 2.5503265385457956 3.3321622036205025 3.6067063793181777 3.332162203637858 2.550326538577766 1.3802267767856404 1.4057618048233883e-11 -1.380226776759896 -2.550326538559818 -3.332162203629668 2.25363045988107 1.7248540793412266 0.9334843010632454 5.958146205845654e-12 -0.9334843010523003 -1.7248540793323632 -2.253630459876537 -2.439312032117112 -2.2536304598882047 -1.7248540793538418 -0.9334843010801467 -2.361794757233251e-11 0.9334843010399628 1.7248540793262503 2.2536304598754087 2.439312032118332 2.253630459888522 1.7248540793503813 0.933484301071272 9.706865314094225e-12 -0.9334843010534901 -1.7248540793377014 -2.2536304598826007 1.1365384741409066 0.8698688885994054 0.4707696501500116 3.5082039182304542e-12 -0.47076965014356464 -0.8698688885942082 -1.1365384741382247 -1.2301803797425406 -1.1365384741449325 -0.8698688886065591 -0.4707696501595936 -1.3537783637577117e-11 0.4707696501366028 0.8698688885908046 1.1365384741376203 1.230180379743163 1.1365384741448972 0.8698688886042073 0.4707696501540058 4.998018984692461e-12 -0.4707696501448451 -0.8698688885975138 -1.136538474141673
</DataArray>
        <DataArray type="Float64" Name="Mode_6_w" NumberOfComponents="1" format="ascii">
 0.0 0.0 4.499279347985573e-32 0.0 0.0 0.0 0.0 0.0 0.0 0.0 0.0 0.0 -0.0 -0.0 -0.0 -0.0 -0.0 -0.0 -0.0 -0.0 0.0 0.0 0.0 0.0 0.0 0.0 0.0 4.7954545052059584e-17 9.508857454277415e-17 1.4059561215954697e-16 1.8369701987175735e-16 2.2365532064354146e-16 2.5978681687016715e-16 2.914732886336572e-16 3.181725716169917e-16 3.394278336858887e-16 3.5487539141327957e-16 3.642509328035781e-16 3.6739403974420594e-16 3.642509328039406e-16 3.548753914139292e-16 3.39427833686747e-16 3.181725716179794e-16 2.914732886346972e-16 2.597868168711862e-16 2.236553206444727e-16 1.836970198725424e-16 1.4059561216014064e-16 9.508857454319809e-17 4.795454505227934e-17 4.6865204053447974e-17 8.659560562383248e-17 1.131426112289904e-16 1.2246467991473532e-16 1.1314261122879557e-16 8.659560562383258e-17 4.6865204053941215e-17 1.067769864646597e-27 -4.686520405196844e-17 -8.659560562232267e-17 -1.1314261122797845e-16 -1.2246467991473532e-16 -1.1314261122961265e-16 -8.65956056249648e-17 -4.6865204054927445e-17 -1.6013040954649838e-27 4.686520405196842e-17 8.659560562270016e-17 1.13142611228387e-16 1.2246467991473532e-16 1.1314261122899986e-16 8.659560562383242e-17 4.686520405344798e-17 0.0 0.0 0.0 0.0 0.0 0.0 0.0 0.0 0.0 0.0 0.0 0.0 0.0 0.0 0.0 0.0 0.0 0.0 0.0 0.0 0.0 0.0 0.0 0.04995021125242776 0.09904576054152896 0.14644660940710244 0.19134171618305032 0.23296291314515535 0.27059805007381366 0.3036031793417368 0.33141357403639365 0.35355339059405444 0.36964381061509466 0.379409522551842 0.3826834323654878 0.37940952255148525 0.3696438106145158 0.35355339059338214 0.3314135740357467 0.30360317934121994 0.27059805007351395 0.23296291314514064 0.19134171618336476 0.1464466094077441 0.09904576054202748 0.049950211252703575 0.09229595564147133 0.18301270189266922 0.2705980500737912 0.3535533905941891 0.43045933457798985 0.5000000000012632 0.5609855267982904 0.6123724356971804 0.6532814824395207 0.6830127018934101 0.7010573846509323 0.707106781187169 0.7010573846502867 0.6830127018923523 0.653281482438277 0.61237243569596 0.5609855267972811 0.500000000000624 0.4304593345778454 0.35355339059462626 0.270598050074816 0.1830127018934665 0.09229595564191172 0.12059047744905471 0.23911761839497556 0.35355339059423424 0.4619397662568759 0.5624222244449358 0.6532814824398032 0.7329629131462283 0.8001031451929451 0.8535533905948357 0.8923991008338557 0.9159756150377426 0.9238795325118158 0.9159756150368524 0.8923991008323657 0.8535533905930309 0.8001031451910977 0.7329629131445856 0.6532814824385847 0.562422224444322 0.461939766257004 0.3535533905951439 0.23911761839569007 0.12059047744944616 0.1305261922204593 0.25881904510331677 0.3826834323662383 0.5000000000014162 0.6087614290103274 0.7071067811882553 0.7933533402929432 0.8660254037860369 0.9238795325126594 0.9659258262900977 0.9914448613743805 1.0 0.9914448613732806 0.9659258262881989 0.9238795325102687 0.8660254037834579 0.7933533402904668 0.7071067811861491 0.608761429008829 0.5000000000007242 0.38268343236645613 0.25881904510350934 0.13052619222055878 0.1205904774492795 0.23911761839534335 0.3535533905946664 0.4619397662572848 0.562422224445252 0.6532814824399683 0.7329629131461944 0.8001031451926784 0.8535533905943158 0.8923991008330773 0.9159756150367153 0.9238795325105659 0.9159756150353978 0.8923991008307173 0.8535533905912136 0.8001031451891496 0.73296291314256 0.6532814824365462 0.5624222244423445 0.46193976625517186 0.353553390593551 0.2391176183945271 0.12059047744881968 0.09229595564195195 0.18301270189347343 0.2705980500747659 0.3535533905951664 0.4304593345788322 0.5000000000018509 0.5609855267985236 0.6123724356969841 0.6532814824388452 0.6830127018922342 0.7010573846492634 0.7071067811850434 0.7010573846477354 0.6830127018894021 0.6532814824349813 0.6123724356923976 0.560985526793558 0.4999999999968662 0.4304593345742014 0.3535533905912574 0.2705980500719016 0.18301270189133537 0.09229595564075856 0.04995021125314932 0.09904576054275893 0.1464466094086284 0.1913417161846493 0.23296291314663223 0.2705980500749925 0.30360317934246783 0.3314135740365575 0.3535533905935658 0.36964381061390367 0.37940952254993665 0.38268343236289853 0.3794095225482521 0.3696438106106893 0.35355339058905094 0.3314135740310347 0.3036031793362853 0.27059805006854115 0.2329629131403391 0.19134171617896048 0.14644660940398227 0.09904576053927307 0.049950211251211005 9.101287451373557e-13 1.5790601782157358e-12 2.001156106230953e-12 2.178762895868481e-12 2.1220076060612907e-12 1.8487134564627885e-12 1.3829518155005186e-12 7.546766156616694e-13 -7.074272519510602e-16 -8.427826788504236e-13 -1.7288972759605137e-12 -2.6160070705468043e-12 -3.4579159688962484e-12 -4.209668031828911e-12 -4.832222781647859e-12 -5.284579997192336e-12 -5.5327307518098975e-12 -5.548620153382636e-12 -5.306244978040758e-12 -4.794547921814091e-12 -4.002851399187359e-12 -2.933205082183652e-12 -1.592927698072507e-12 -0.04995021125144217 -0.09904576053979217 -0.14644660940486154 -0.1913417161805329 -0.23296291314260442 -0.2705980500714605 -0.3036031793397951 -0.33141357403505367 -0.3535533905934703 -0.3696438106153868 -0.37940952255309146 -0.38268343236773145 -0.37940952255467947 -0.3696438106185361 -0.353553390598065 -0.3314135740408911 -0.303603179346594 -0.27059805007886306 -0.23296291315019255 -0.19134171618783802 -0.14644660941136303 -0.09904576054468052 -0.049950211254148336 -0.09229595564057105 -0.18301270189105887 -0.27059805007168003 -0.3535533905917516 -0.43045933457543906 -0.49999999999880956 -0.5609855267961349 -0.6123724356955058 -0.6532814824384905 -0.6830127018931562 -0.701057384651559 -0.707106781188742 -0.7010573846527707 -0.6830127018956067 -0.6532814824421272 -0.6123724357002063 -0.5609855268017002 -0.5000000000049764 -0.4304593345818846 -0.3535533905981039 -0.2705980500775048 -0.18301270189543767 -0.0922959556429881 -0.12059047744839915 -0.23911761839377899 -0.3535533905926337 -0.46193976625496375 -0.5624222244428595 -0.6532814824377176 -0.732962913144286 -0.800103145191296 -0.8535533905936173 -0.8923991008331942 -0.9159756150377445 -0.9238795325125676 -0.9159756150383286 -0.8923991008344284 -0.8535533905955239 -0.800103145193849 -0.7329629131474154 -0.6532814824413086 -0.5624222244467558 -0.4619397662589714 -0.3535533905965011 -0.23911761839668355 -0.12059047744999246 -0.13052619222019396 -0.25881904510280374 -0.38268343236551555 -0.5000000000004732 -0.6087614290092188 -0.707106781187049 -0.7933533402917164 -0.8660254037848747 -0.9238795325116516 -0.965925826289336 -0.991444861373956 -1.0 -0.9914448613736908 -0.9659258262889041 -0.9238795325111516 -0.8660254037844026 -0.7933533402913627 -0.7071067811868949 -0.6087614290093338 -0.5000000000009129 -0.38268343236629243 -0.25881904510338105 -0.13052619222049316 -0.12059047744935082 -0.23911761839543194 -0.35355339059473445 -0.46193976625724986 -0.5624222244450934 -0.6532814824396821 -0.732962913145792 -0.800103145192186 -0.8535533905937731 -0.8923991008325374 -0.9159756150362435 -0.923879532510235 -0.9159756150352005 -0.8923991008305655 -0.8535533905910294 -0.8001031451888687 -0.7329629131421316 -0.6532814824359375 -0.5624222244415418 -0.4619397662541783 -0.35355339059241025 -0.2391176183936747 -0.120590477448355 -0.09229595564217279 -0.18301270189385058 -0.27059805007524496 -0.35355339059565816 -0.4304593345792945 -0.5000000000022542 -0.5609855267988523 -0.6123724356972332 -0.6532814824390261 -0.683012701892369 -0.701057384649387 -0.7071067811852018 -0.7010573846479156 -0.6830127018895314 -0.6532814824350025 -0.6123724356922667 -0.5609855267932449 -0.49999999999635947 -0.4304593345735037 -0.35355339059038976 -0.2705980500709167 -0.18301270189058635 -0.09229595564034462 -0.04995021125335107 -0.09904576054313784 -0.1464466094091634 -0.1913417161852977 -0.23296291314737527 -0.2705980500758162 -0.30360317934335995 -0.33141357403751254 -0.3535533905945801 -0.3696438106149767 -0.37940952255107685 -0.38268343236411145 -0.3794095225495103 -0.36964381061193546 -0.35355339059022817 -0.3314135740320969 -0.30360317933718856 -0.270598050069255 -0.23296291314083933 -0.19134171617923446 -0.14644660940403506 -0.09904576053927652 -0.04995021125119876 -9.891513978566923e-13 -1.7777060261680194e-12 -2.3579187503618004e-12 -2.72727430236916e-12 -2.887427103260666e-12 -2.8533452071309914e-12 -2.638363914792873e-12 -2.2662313446817567e-12 -1.7636309211942179e-12 -1.160994866836262e-12 -4.880841152830894e-13 2.173587834667012e-13 9.16440873377664e-13 1.5783260484574026e-12 2.1627958741185386e-12 2.6419386160446018e-12 2.9811346306572365e-12 3.158852835663724e-12 3.151525701762996e-12 2.9419685505826767e-12 2.523258287493662e-12 1.890219211736642e-12 1.0455456349214672e-12 0.04995021125149795 0.09904576053980338 0.14644660940473828 0.19134171618017023 0.2329629131419331 0.270598050070428 0.30360317933836684 0.3314135740332125 0.3535533905912226 0.3696438106127594 0.37940952255013277 0.38268343236450897 0.379409522551243 0.3696438106149169 0.3535533905943097 0.3314135740370676 0.3036031793427844 0.2705980500751632 0.2329629131467084 0.1913417161846886 0.14644660940868126 0.09904576054275577 0.04995021125312455 0.09229595564068029 0.18301270189115412 0.27059805007165527 0.35355339059147023 0.4304593345748194 0.49999999999779243 0.5609855267946856 0.612372435693618 0.6532814824361756 0.6830127018904595 0.7010573846485467 0.7071067811855054 0.7010573846493566 0.6830127018920111 0.6532814824383751 0.6123724356963368 0.5609855267977791 0.5000000000010906 0.4304593345781372 0.3535533905946172 0.2705980500744259 0.1830127018932129 0.09229595564179965 0.12059047744841002 0.2391176183937154 0.353553390592429 0.46193976625450994 0.5624222244421154 0.6532814824366613 0.7329629131429216 0.8001031451896442 0.8535533905917235 0.8923991008311211 0.9159756150355749 0.9238795325104003 0.9159756150361854 0.8923991008322613 0.8535533905932958 0.8001031451915436 0.7329629131450348 0.6532814824388714 0.5624222244443028 0.46193976625656086 0.35355339059422747 0.2391176183950314 0.12059047744910997 0.13052619221992867 0.2588190451022907 0.3826834323647926 0.4999999999995305 0.6087614290081099 0.7071067811858422 0.7933533402904895 0.8660254037837123 0.9238795325106438 0.9659258262885745 0.9914448613735317 1.0 0.9914448613741011 0.9659258262896093 0.9238795325120346 0.8660254037853476 0.7933533402922587 0.7071067811876398 0.6087614290098381 0.5000000000011015 0.38268343236612873 0.2588190451032524 0.13052619222042758 0.12059047744875387 0.23911761839438378 0.3535533905934004 0.4619397662557462 0.5624222244435894 0.653281482438346 0.7329629131447881 0.800103145191666 0.853553390593874 0.8923991008333733 0.9159756150379033 0.9238795325127815 0.9159756150385756 0.8923991008345964 0.8535533905955184 0.8001031451935958 0.7329629131468696 0.6532814824404477 0.5624222244455882 0.4619397662575321 0.35355339059487434 0.23911761839544793 0.12059047744931083 0.09229595564131927 0.1830127018923634 0.2705980500733618 0.3535533905935789 0.43045933457725144 0.5000000000004734 0.5609855267975457 0.6123724356965882 0.6532814824392029 0.6830127018934921 0.7010573846515435 0.7071067811884375 0.7010573846521646 0.6830127018946187 0.6532814824407156 0.6123724356983637 0.560985526799453 0.5000000000023908 0.4304593345790584 0.3535533905951711 0.27059805007464854 0.18301270189329413 0.09229595564180848 0.04995021125235744 0.09904576054138603 0.14644660940690157 0.19134171618275456 0.23296291314479414 0.27059805007342996 0.3036031793413847 0.3314135740361355 0.35355339059395874 0.3696438106152347 0.3794095225522943 0.3826834323663246 0.37940952255267757 0.36964381061593143 0.35355339059489116 0.3314135740372242 0.30360317934255004 0.27059805007459525 0.23296291314588383 0.1913417161837039 0.1464466094076518 0.09904576054192844 0.04995021125264326
</DataArray>
        <DataArray type="Float64" Name="Mode_6_phi1" NumberOfComponents="1" format="ascii">
 0.0 -0.0 -1.1542024162330739e-15 1.1542024162330739e-15 0.0 0.0 0.0 0.0 -0.0 -0.0 -0.0 -0.0 -0.0 -0.0 -0.0 -0.0 0.0 0.0 0.0 0.0 0.0 0.0 0.0 0.0 -0.0 -0.0 -0.0 -1.2301803797362807 -2.4393120321050272 -3.6067063792998706 -4.712388980375823 -5.737441299476883 -6.664324407225215 -7.4771790766667925 -8.162097139041657 -8.707359456407483 -9.10363643933892 -9.344147678789314 -9.42477796076938 -9.344147678798613 -9.103636439355585 -8.7073594564295 -8.162097139066995 -7.477179076693472 -6.664324407251356 -5.737441299500772 -4.712388980395962 -3.6067063793150997 -2.4393120321159025 -1.230180379741918 -1.0663439887320877e-15 -8.161443553776362e-16 -4.416941422831389e-16 2.5170663722206685e-27 4.41694142287572e-16 8.161443553776351e-16 1.066343988730162e-15 1.1542024162330739e-15 1.0663439887378637e-15 8.161443553918656e-16 4.4169414230616413e-16 2.2403146792865543e-26 -4.4169414226898024e-16 -8.161443553669641e-16 -1.066343988726312e-15 -1.1542024162330739e-15 -1.0663439887378637e-15 -8.16144355388308e-16 -4.416941422968679e-16 -7.546480342553095e-27 4.4169414228292355e-16 8.161443553776365e-16 1.0663439887320877e-15 1.2301803797437851 2.439312032119537 3.606706379319725 4.712388980390623 5.737441299486507 6.664324407230284 7.477179076668139 8.162097139040284 8.707359456404538 9.103636439335645 9.344147678787015 9.42477796076938 9.344147678801313 9.103636439360454 8.707359456435979 8.16209713907452 7.477179076701486 6.6643244072593335 5.737441299508233 4.712388980402478 3.6067063793203102 2.439312032119534 1.2301803797437827 1.1365384741422713 2.2536304598837282 3.3321622036317877 4.353679728225226 5.300704585600004 6.157032917881438 6.908012709885011 7.540794489158522 8.044551184018275 8.41066337774742 8.632866789205739 8.70735945641674 8.63286678919272 8.410663377724697 8.04455118398928 7.540794489126679 6.908012709853641 6.157032917853651 5.300704585578606 4.353679728212611 3.332162203629363 2.2536304598822774 1.1365384741414502 0.8698688886001705 1.7248540793427252 2.5503265385672975 3.332162203632165 4.056983649542273 4.712388980399572 5.2871640292803646 5.7714742357405004 6.15703291787128 6.437243059724371 6.607310188083748 6.664324407231692 6.607310188072394 6.437243059704144 6.157032917844841 5.771474235710605 5.287164029249792 4.712388980371022 4.056983649518285 3.3321622036150442 2.5503265385586684 1.7248540793364957 0.8698688885966963 0.4707696501502787 0.9334843010637679 1.3802267767745773 1.803353189662774 2.1956237294910883 2.550326538565139 2.8613925534794835 3.123499348475174 3.332162203620139 3.4838108396106415 3.5758505062399935 3.60670637929404 3.5758505062305903 3.4838108395932657 3.332162203596508 3.1234993484472207 2.861392553449325 2.550326538534982 2.195623729463186 1.8033531896393282 1.3802267767575092 0.933484301051064 0.4707696501432118 3.508203918231331e-12 5.960854386229437e-12 7.337605735033564e-12 7.659647772252709e-12 6.984243271454688e-12 5.392716480865294e-12 2.9989005420848715e-12 -5.56830543659492e-14 -3.613032901944549e-12 -7.492821875799625e-12 -1.1504291315410008e-11 -1.544998277127052e-11 -1.9139620008685298e-11 -2.236233852659715e-11 -2.494254650685278e-11 -2.6711721480046655e-11 -2.7521792756480936e-11 -2.7248210763518735e-11 -2.5800046322984863e-11 -2.3119047788479642e-11 -1.9166514857327954e-11 -1.3957812325609226e-11 -7.541185605331953e-12 -0.4707696501435308 -0.9334843010522428 -1.3802267767602898 -1.803353189647666 -2.1956237294770684 -2.5503265385539584 -2.8613925534726965 -3.1234993484740863 -3.3321622036257694 -3.483810839623667 -3.575850506260753 -3.6067063793224796 -3.575850506266212 -3.483810839635115 -3.3321622036433003 -3.1234993484973543 -2.8613925535009272 -2.5503265385859635 -2.1956237295112886 -1.8033531896821882 -1.380226776792762 -0.9334843010767321 -0.47076965015708727 -0.8698688885938727 -1.7248540793317266 -2.550326538553295 -3.33216220361667 -4.056983649526943 -4.712388980385994 -5.287164029269984 -5.7714742357346065 -6.15703291787093 -6.437243059730378 -6.60731018809665 -6.6643244072517245 -6.6073101880991745 -6.437243059736647 -6.157032917881783 -5.771474235750478 -5.287164029290852 -4.712388980411401 -4.056983649555991 -3.3321622036480556 -2.550326538585053 -1.7248540793557297 -0.8698688886071188 -1.1365384741374245 -2.2536304598750005 -3.3321622036202996 -4.35367972821177 -5.300704585585757 -6.1570329178676 -6.908012709872767 -7.54079448914899 -8.04455118401247 -8.410663377746245 -8.63286678920993 -8.707359456426847 -8.63286678920848 -8.41066337774503 -8.04455118401294 -7.5407944891523035 -6.908012709879757 -6.157032917878762 -5.300704585601209 -4.353679728231245 -3.332162203642801 -2.253630459892046 -1.136538474146774 -1.2301803797412818 -2.439312032114698 -3.6067063793134957 -4.712388980393593 -5.737441299497782 -6.664324407247961 -7.477179076689923 -8.162097139063567 -8.707359456426481 -9.103636439353275 -9.344147678797313 -9.42477796076938 -9.34414767879088 -9.10363643934229 -8.707359456412858 -8.16209713904919 -7.4771790766765776 -6.664324407237307 -5.7374412994912625 -4.712388980392403 -3.6067063793181857 -2.4393120321183246 -1.230180379743163 -1.136538474143412 -2.253630459885275 -3.3321622036331604 -4.353679728225437 -5.300704585598652 -6.15703291787831 -6.908012709880074 -7.540794489151896 -8.044551184010274 -8.410663377738512 -8.632866789196532 -8.70735945640798 -8.632866789184435 -8.410663377716197 -8.044551183980005 -7.540794489116234 -6.908012709841804 -6.157032917840371 -5.300704585564029 -4.35367972819707 -3.3321622036135654 -2.2536304598706076 -1.1365384741351408 -0.8698688886051187 -1.7248540793510636 -2.5503265385775573 -3.332162203642572 -4.056983649551533 -4.712388980406612 -5.287164029284321 -5.771474235740791 -6.157032917867556 -6.437243059716612 -6.607310188072187 -6.664324407216865 -6.607310188054452 -6.437243059682871 -6.157032917820318 -5.7714742356831845 -5.287164029220079 -4.712388980339932 -4.05698364948694 -3.3321622035847844 -2.5503265385311504 -1.7248540793162028 -0.8698688885856656 -0.47076965015866123 -0.9334843010783562 -1.3802267767931895 -1.8033531896830657 -2.1956237295110306 -2.550326538582887 -2.86139255349346 -3.1234993484840774 -3.3321622036230427 -3.483810839606942 -3.5758505062294943 -3.6067063792769343 -3.575850506207107 -3.4838108395637035 -3.3321622035615266 -3.1234993484078792 -2.8613925534070033 -2.550326538491367 -2.1956237294202405 -1.8033531895992032 -1.3802267767226057 -0.9334843010253095 -0.4707696501291666 -1.3537783637546084e-11 -2.361794757227983e-11 -3.015745858362677e-11 -3.316212418351042e-11 -3.279298735263152e-11 -2.9277137925998914e-11 -2.2952908331787653e-11 -1.4261066277967958e-11 -3.721503810392351e-12 8.172923303030657e-12 2.0729860764273103e-11 3.337298478012065e-11 4.5445087773638455e-11 5.6314903802755556e-11 6.537900527594785e-11 7.20792703144264e-11 7.591932837157274e-11 7.647958472805361e-11 7.34304550342902e-11 6.653510896372116e-11 5.5693628514072605e-11 4.0893075678413496e-11 2.2250973510005984e-11 0.4707696501353738 0.9334843010375906 1.380226776740943 1.803353189625239 2.1956237294533736 2.550326538530753 2.8613925534516422 3.1234993484566718 3.3321622036132927 3.483810839617196 3.5758505062610366 3.606706379330008 3.5758505062808053 3.4838108396559346 3.3321622036692307 3.123499348527014 2.861392553532741 2.5503265386181564 2.1956237295419685 1.8033531897094262 1.3802267768146763 0.9334843010929683 0.47076965016601235 0.8698688885882548 1.7248540793213336 2.5503265385391427 3.3321622035994682 4.056983649507808 4.712388980366105 5.287164029250535 5.771474235716766 6.157032917855795 6.437243059718957 6.607310188089828 6.664324407250232 6.607310188102943 6.437243059744827 6.15703291789335 5.771474235764309 5.28716402930574 4.712388980426109 4.056983649569294 3.3321622036587564 2.5503265385921536 1.7248540793610738 0.8698688886101337 1.1365384741339304 2.2536304598682873 3.332162203610838 4.353679728199621 5.300704585571543 6.1570329178520735 6.908012709856768 7.540794489133407 8.04455118399823 8.410663377734284 8.63286678920115 8.707359456422111 8.632866789207753 8.410663377747358 8.044551184017353 7.540794489157791 6.908012709885376 6.157032917883581 5.3007045856044055 4.353679728232105 3.3321622036409253 2.2536304598907195 1.1365384741461435 1.2301803797387816 2.4393120321098634 3.606706379306681 4.712388980384708 5.737441299487331 6.664324407236588 7.4771790766783575 8.16209713905261 8.707359456416981 9.103636439346097 9.344147678793314 9.42477796076938 9.344147678794746 9.103636439348938 8.707359456421178 8.162097139058089 7.477179076685024 6.664324407244333 5.737441299496021 4.7123889803941825 3.6067063793166425 2.439312032117112 1.2301803797425406 1.1365384741404874 2.253630459879997 3.3321622036262686 4.3536797282172355 5.300704585589964 6.1570329178700325 6.908012709873131 7.540794489147229 8.044551184008768 8.410663377741 8.632866789203753 8.70735945642056 8.632866789202035 8.41066337773752 8.04455118400367 7.540794489140798 6.908012709865809 6.157032917862418 5.300704585582782 4.353679728211296 3.3321622036223646 2.2536304598768133 1.1365384741384594 0.8698688886005534 1.7248540793433274 2.5503265385681573 3.332162203632659 4.0569836495425955 4.712388980400116 5.287164029281625 5.771474235743094 6.157032917875943 6.437243059731877 6.607310188094919 6.664324407247371 6.607310188092096 6.437243059726159 6.157032917867449 5.771474235732241 5.287164029268976 4.712388980386491 4.0569836495289895 3.332162203620168 2.5503265385579863 1.7248540793354556 0.8698688885959804 0.47076965015187994 0.9334843010671665 1.3802267767800398 1.803353189670164 2.1956237295006535 2.550326538577195 2.8613925534942872 3.123499348493041 3.3321622036413165 3.4838108396353538 3.5758505062684116 3.6067063793262455 3.575850506265971 3.4838108396303795 3.332162203633968 3.1234993484835933 2.8613925534832436 2.550326538565174 2.195623729488475 1.803353189658713 1.3802267767703067 0.9334843010597109 0.47076965014763017 4.995833745337057e-12 9.709031858354354e-12 1.4057618048172772e-11 1.799047331833272e-11 2.1429896437797413e-11 2.434141706390465e-11 2.6686104854121695e-11 2.8463637583283672e-11 2.967682963883405e-11 3.0283559265999304e-11 3.030349675405133e-11 2.9794863068631115e-11 2.879302955604746e-11 2.730803880517971e-11 2.539236606485881e-11 2.3135329657604977e-11 2.0582962354820548e-11 1.7800801485926333e-11 1.4856222142859424e-11 1.1808575192505125e-11 8.752789681287873e-12 5.713924158420101e-12 2.7843715421300254e-12 -0.4707696501424228 -0.9334843010488021 -1.3802267767534906 -1.803353189636235 -2.1956237294602863 -2.55032653853143 -2.8613925534442646 -3.1234993484398808 -3.3321622035861784 -3.4838108395794203 -3.5758505062128174 -3.6067063792720657 -3.575850506214112 -3.4838108395815874 -3.332162203588832 -3.1234993484427225 -2.861392553447013 -2.5503265385338945 -2.1956237294623313 -1.8033531896377795 -1.3802267767545777 -0.933484301049453 -0.47076965014264804 -0.869868888592762 -1.7248540793285105 -2.5503265385472575 -3.332162203606501 -4.056983649512285 -4.712388980366805 -5.287164029246493 -5.771474235707353 -6.157032917840694 -6.437243059698222 -6.607310188063848 -6.664324407219737 -6.6073101880683645 -6.43724305970628 -6.157032917851275 -5.771474235719433 -5.287164029259172 -4.712388980379202 -4.056983649523664 -3.3321622036162037 -2.5503265385548 -1.7248540793338383 -0.8698688885954629 -1.136538474135102 -2.253630459869891 -3.3321622036122927 -4.353679728199929 -5.300704585570311 -6.1570329178490795 -6.908012709851962 -7.540794489126925 -8.044551183990375 -8.410663377725509 -8.632866789192068 -8.707359456413473 -8.632866789199573 -8.410663377738953 -8.044551184008155 -7.540794489147416 -6.908012709873583 -6.157032917870335 -5.300704585589857 -4.353679728216587 -3.3321622036251277 -2.2536304598790626 -1.136538474139835
</DataArray>
        <DataArray type="Float64" Name="Mode_6_phi2" NumberOfComponents="1" format="ascii">
 0.0 1.1542024162330739e-15 -1.1542024162330739e-15 -0.0 1.2022354597664473 2.2214414690758253 2.90245315213686 3.141592653589793 2.902453152144727 2.2214414690915176 1.2022354597881342 2.4645663541067735e-11 -1.2022354597425948 -2.2214414690566646 -2.9024531521258656 -3.141592653589793 -2.9024531521531296 -2.221441469102193 -1.2022354597957494 -2.6034219937413918e-11 1.202235459747647 2.221441469065375 2.9024531521332047 3.141592653589793 2.9024531521431682 2.221441469083787 1.2022354597717007 1.1443280545595556e-15 1.1148739226049215e-15 1.0663439887331246e-15 9.995686135678495e-16 9.156903422917555e-16 8.161443553818151e-16 7.026339122734088e-16 5.771012081191508e-16 4.416941422913488e-16 2.9872956722823363e-16 1.5065364644638988e-16 4.74287014207763e-27 -1.5065364643773997e-16 -2.9872956722061727e-16 -4.4169414228483915e-16 -5.771012081137761e-16 -7.026339122691508e-16 -8.161443553786138e-16 -9.156903422895106e-16 -9.995686135664256e-16 -1.0663439887323524e-15 -1.1148739226045645e-15 -1.144328054559465e-15 -1.2022354597734382 -2.2214414690864466 -2.9024531521450836 -3.141592653589793 -2.9024531521400854 -2.2214414690864492 -1.2022354597860911 -2.73915545676831e-11 1.2022354597354834 2.2214414690477158 2.902453152119124 3.141592653589793 2.9024531521610464 2.2214414691154944 1.202235459811391 4.107833528800772e-11 -1.2022354597354832 -2.221441469057399 -2.9024531521296053 -3.141592653589793 -2.9024531521453265 -2.2214414690864452 -1.2022354597734384 -0.0 -0.0 -0.0 -0.0 -0.0 -0.0 -0.0 -0.0 -0.0 -0.0 -0.0 -0.0 0.0 0.0 0.0 0.0 0.0 0.0 0.0 0.0 0.0 0.0 0.0 1.1919501687470335 1.1612702798691683 1.1107207345376175 1.041166449487989 0.9537975178215699 0.8501088461824203 0.7318745764902228 0.6011177298801534 0.4600755922503681 0.3111614336799959 0.15692321670899675 -7.2484169563263845e-12 -0.15692321672197465 -0.31116143369128524 -0.46007559226003386 -0.6011177298883339 -0.7318745764971238 -0.8501088461883036 -0.9537975178267454 -1.0411664494927995 -1.1107207345424575 -1.1612702798747796 -1.1919501687533822 2.202436729358215 2.1457476865701732 2.0523443059509634 1.923824745239302 1.7623880097513185 1.5707963267899359 1.3523278831698826 1.110720734532416 0.8501088461768955 0.5749513597683786 0.28995629618741126 -1.2413715578687973e-11 -0.2899562962096063 -0.5749513597876201 -0.850108846193267 -1.1107207345461356 -1.352327883181283 -1.5707963267994527 -1.762388009759475 -1.9238247452466852 -2.0523443059582505 -2.145747686578664 -2.202436729367853 2.877622263064489 2.80355445924312 2.6815170613316006 2.5135981630433917 2.302670903284115 2.0523443059483455 1.766901528520162 1.4512265760610765 1.1107207345293226 0.7512101532795957 0.3788461580322797 -1.4940020015608702e-11 -0.37884615805891825 -0.7512101533025152 -1.110720734548539 -1.4512265760767749 -1.7669015285326817 -2.0523443059581594 -2.3026709032918182 -2.513598163049677 -2.68151706133729 -2.8035544592498223 -2.8776222630721544 3.114715892931145 3.0345454797817175 2.9024531521379364 2.720699046348758 2.4923930255559945 2.221441469073818 1.912480433155628 1.5707963267862002 1.2022354597582812 0.8131040106911352 0.41006012656596047 -1.4787672490787627e-11 -0.41006012659220725 -0.8131040107133981 -1.2022354597764142 -1.5707963268002327 -1.912480433165767 -2.2214414690804345 -2.4923930255596063 -2.7206990463500134 -2.9024531521376526 -3.0345454797815554 -3.114715892931104 2.8776222630713404 2.8035544592489203 2.681517061336363 2.5135981630471966 2.302670903287075 2.0523443059506143 1.7669015285219247 1.4512265760625405 1.1107207345307128 0.7512101532811503 0.37884615803423527 -1.2382746931701005e-11 -0.37884615805601746 -0.75121015329908 -1.110720734544361 -1.4512265760716607 -1.7669015285264533 -2.052344305950672 -2.302670903282964 -2.513598163039388 -2.681517061325539 -2.8035544592365604 -2.87762226305755 2.202436729371961 2.145747686581881 2.052344305960626 1.9238247452470387 1.762388009757318 1.570796326794462 1.3523278831732684 1.1107207345350405 0.8501088461791831 0.5749513597707719 0.2899562961903633 -8.497731636428153e-12 -0.28995629620502966 -0.5749513597820033 -0.8501088461862059 -1.1107207345372503 -1.352327883170247 -1.5707963267859928 -1.7623880097433953 -1.9238247452278685 -2.0523443059366566 -2.1457476865542455 -2.2024367293409095 1.1919501687661007 1.16127027988544 1.1107207345510348 1.041166449498653 0.953797517829686 0.8501088461883004 0.7318745764942759 0.601117729882871 0.4600755922523027 0.3111614336817398 0.15692321671116594 -4.069043674793322e-12 -0.156923216717779 -0.31116143368552107 -0.4600755922521463 -0.6011177298778194 -0.7318745764835559 -0.850108846171338 -0.9537975178061451 -1.041166449468442 -1.1107207345143415 -1.1612702798429497 -1.1919501687182237 2.171818865525286e-11 1.8513822752881946e-11 1.5177719642949875e-11 1.1855516266000198e-11 8.687930452705902e-12 5.807904613397942e-12 3.3337835146325843e-12 1.3688319656831359e-12 -9.205682099970479e-16 -7.09443683631794e-13 -7.150693532528294e-13 2.419346055583878e-23 1.4301889244446126e-12 3.5436447264141666e-12 6.2881245586560815e-12 9.58516783917483e-12 1.3337360249747975e-11 1.7431504311428428e-11 2.172484547305141e-11 2.6089043917073733e-11 3.0359528734412085e-11 3.439060761488904e-11 3.8011659829117295e-11 -1.19195016872598 -1.1612702798512724 -1.1107207345230798 -1.0411664494769082 -0.9537975178138856 -0.8501088461779299 -0.7318745764885966 -0.60111772988095 -0.46007559225303524 -0.311161433683904 -0.15692321671345597 3.0089856311056265e-12 0.156923216719485 0.3111614336912782 0.4600755922631246 0.6011177298950416 0.7318745765078477 0.8501088462033166 0.9537975178461732 1.0411664495166169 1.1107207345704617 1.1612702799065042 1.191950168788468 -2.202436729341287 -2.1457476865558514 -2.0523443059394944 -1.9238247452308754 -1.7623880097459756 -1.5707963267875893 -1.3523278831703318 -1.1107207345353414 -0.8501088461818876 -0.5749513597749323 -0.28995629619495555 4.580761176042876e-12 0.28995629620359076 0.5749513597840928 0.8501088461927307 1.1107207345489885 1.352327883187816 1.570796326809816 1.7623880097736921 1.92382474526464 2.0523443059796698 2.1457476866029186 2.20243672939468 -2.877622263054796 -2.8035544592350483 -2.6815170613253967 -2.5135981630393056 -2.3026709032822756 -2.052344305948796 -1.7669015285228535 -1.4512265760658747 -1.1107207345360104 -0.7512101532878787 -0.37884615804179905 4.7051274134774265e-12 0.37884615805032884 0.7512101532960623 1.1107207345445356 1.4512265760754335 1.766901528534119 2.0523443059623894 2.3026709032987487 2.5135981630591195 2.6815170613489245 2.8035544592629544 2.8776222630866615 -3.1147158929312546 -3.0345454797821496 -2.902453152138877 -2.7206990463504686 -2.4923930255586666 -2.221441469077608 -1.9124804331606509 -1.570796326792524 -1.202235459765926 -0.8131040107000652 -0.41006012657608837 3.708109420013406e-12 0.4100601265824169 0.8131040107051298 1.202235459769717 1.5707963267950928 1.9124804331620986 2.221441469078092 2.4923930255583895 2.720699046349671 2.902453152137866 3.0345454797816633 3.114715892931131 -2.877622263078993 -2.8035544592559156 -2.681517061342812 -2.5135981630533264 -2.3026709032930883 -2.0523443059567192 -1.7669015285283263 -1.4512265760694363 -1.1107207345382812 -0.7512101532895368 -0.3788461580435579 2.14592090738854e-12 0.3788461580467359 0.7512101532907649 1.1107207345368744 1.451226576064818 1.7669015285200362 2.0523443059444366 2.3026709032766477 2.5135981630327215 2.6815170613182344 2.8035544592280557 2.8776222630479626 -2.2024367293817857 -2.1457476865908625 -2.052344305968802 -1.9238247452545518 -1.7623880097643099 -1.5707963268010916 -1.3523278831797034 -1.1107207345414558 -0.85010884618575 -0.5749513597776532 -0.2899562961977001 6.63297456516466e-13 0.28995629619806285 0.5749513597758458 0.8501088461806868 1.1107207345321646 1.3523278831653731 1.5707963267810903 1.762388009738217 1.9238247452221764 2.052344305930215 2.145747686546607 2.202436729332173 -1.1919501687733798 -1.16127027989235 -1.1107207345575503 -1.0411664495047988 -0.9537975178354889 -0.8501088461937899 -0.731874576499481 -0.6011177298878296 -0.46007559225704947 -0.3111614336863059 -0.15692321671558015 -1.7118850011000466e-13 0.15692321671448786 0.3111614336831787 0.46007559225067546 0.6011177298771241 0.7318745764835024 0.8501088461717882 0.9537975178069362 1.0411664494694075 1.1107207345152985 1.1612702798436088 1.191950168718549 -2.360388767202492e-11 -2.0842862564277896e-11 -1.7883577209440888e-11 -1.4840185187188427e-11 -1.182171345135827e-11 -8.964048340880956e-12 -6.360116112643682e-12 -4.110488972194184e-12 -2.2949957833171183e-12 -9.773106349778219e-13 -2.0187086735001393e-13 3.9820583459286953e-25 -3.7903858820479616e-13 -1.328614687863474e-12 -2.814425258489079e-12 -4.7919465821178775e-12 -7.1864090817987264e-12 -9.923828862272237e-12 -1.2902986793561282e-11 -1.600842205988877e-11 -1.913759089310626e-11 -2.216203279199291e-11 -2.49496101163687e-11 1.191950168729776 1.1612702798538712 1.110720734524603 1.0411664494775523 0.9537975178138965 0.8501088461775874 0.731874576488208 0.6011177298808369 0.46007559225353745 0.31116143368535465 0.15692321671617518 1.2301787442495763e-12 -0.15692321671425213 -0.3111614336848403 -0.46007559225523686 -0.6011177298854835 -0.7318745764964356 -0.8501088461899006 -0.9537975178306514 -1.0411664494989543 -1.1107207345506787 -1.1612702798845542 -1.191950168764655 2.202436729348447 2.1457476865615273 2.0523443059438473 1.9238247452341808 1.7623880097485385 1.5707963267897547 1.352327883172482 1.1107207345378791 0.8501088461852072 0.5749513597794293 0.2899562962009949 3.253179744801678e-12 -0.2899562961951374 -0.5749513597747983 -0.8501088461823009 -1.110720734537125 -1.352327883174243 -1.570796326794296 -1.7623880097560265 -1.9238247452446966 -2.052344305957346 -2.1457476865779777 -2.202436729367461 2.8776222630610055 2.8035544592402593 2.6815170613297794 2.5135981630431576 2.302670903285893 2.0523443059524835 1.766901528526938 1.4512265760706684 1.1107207345418184 0.751210153294976 0.37884615805042005 5.529765188653034e-12 -0.37884615804024246 -0.7512101532860508 -1.1107207345343888 -1.4512265760649221 -1.766901528522994 -2.052344305950407 -2.302670903285676 -2.513598163044734 -2.6815170613330244 -2.8035544592450883 -2.877622263067075 3.1147158929313643 3.0345454797825813 2.9024531521398176 2.7206990463521783 2.49239302556134 2.2214414690813986 1.9124804331656742 1.570796326798849 1.2022354597735694 0.8131040107089939 0.4100601265862149 7.369360929662009e-12 -0.41006012657262647 -0.8131040106968617 -1.202235459763021 -1.5707963267899505 -1.9124804331584309 -2.221441469075752 -2.492393025557174 -2.720699046349329 -2.902453152138079 -3.0345454797817717 -3.114715892931158 2.877622263070698 2.803554459249584 2.6815170613386297 2.513598163051464 2.3026709032935946 2.052344305959527 1.7669015285332808 1.4512265760762841 1.110720734546685 0.7512101532990823 0.3788461580537636 8.088971694751347e-12 -0.37884615803893185 -0.7512101532859708 -1.1107207345354688 -1.451226576067059 -1.7669015285260705 -2.052344305954278 -2.302670903290181 -2.5135981630497017 -2.681517061338267 -2.8035544592503396 -2.877622263072243 2.202436729365974 2.1457476865779856 2.052344305959061 1.9238247452480735 1.7623880097610456 1.5707963268008578 1.3523278831821983 1.1107207345462484 0.8501088461923128 0.5749513597853653 0.28995629620587665 7.169656946149836e-12 -0.2899562961927774 -0.574951359773862 -0.8501088461825724 -1.110720734538379 -1.3523278831762175 -1.570796326796726 -1.7623880097586397 -1.923824745247227 -2.0523443059595476 -2.1457476865794978 -2.202436729368231 1.1919501687521348 1.1612702798742784 1.1107207345428536 1.041166449493579 0.9537975178276809 0.8501088461891944 0.7318745764977738 0.6011177298885587 0.46007559225966815 0.31116143369018545 0.1569232167200264 4.4100859255632804e-12 -0.15692321671198708 -0.31116143368315125 -0.46007559225374145 -0.6011177298838001 -0.7318745764941968 -0.8501088461867732 -0.9537975178263344 -1.0411664494932023 -1.1107207345432892 -1.1612702798753165 -1.1919501687536285
</DataArray>
        <DataArray type="Float64" Name="Mode_7_w" NumberOfComponents="1" format="ascii">
 0.0 -0.0 -8.998558695971146e-32 0.0 0.0 0.0 0.0 0.0 0.0 0.0 0.0 0.0 0.0 0.0 0.0 0.0 -0.0 -0.0 -0.0 -0.0 -0.0 -0.0 -0.0 -0.0 -0.0 -0.0 -0.0 -9.373040810635093e-17 -1.7319121124683688e-16 -2.2628522245733963e-16 -2.4492935982947064e-16 -2.2628522245795297e-16 -1.731912112480603e-16 -9.37304081080417e-17 -1.9214606281907996e-27 9.373040810449129e-17 1.7319121124534302e-16 2.262852224564825e-16 2.4492935982947064e-16 2.2628522245860807e-16 1.731912112488926e-16 9.373040810863542e-17 2.0297172568328256e-27 -9.373040810488519e-17 -1.7319121124602213e-16 -2.2628522245705466e-16 -2.4492935982947064e-16 -2.2628522245783144e-16 -1.731912112474576e-16 -9.373040810676049e-17 -9.508857454333998e-17 -1.8369701987279662e-16 -2.597868168714623e-16 -3.1817257161773913e-16 -3.548753914135664e-16 -3.6739403974420594e-16 -3.5487539141398086e-16 -3.181725716185398e-16 -2.5978681687262963e-16 -1.836970198751077e-16 -9.508857454694913e-17 -4.7539866333779816e-27 9.508857453869934e-17 1.836970198686358e-16 2.597868168681001e-16 3.181725716158707e-16 3.5487539141287557e-16 3.6739403974420594e-16 3.54875391414119e-16 3.1817257161827274e-16 2.5978681687149727e-16 1.8369701987279638e-16 9.508857454333978e-17 0.0 0.0 0.0 0.0 0.0 0.0 0.0 0.0 -0.0 -0.0 -0.0 -0.0 -0.0 -0.0 -0.0 -0.0 0.0 0.0 0.0 0.0 0.0 0.0 0.0 0.09904576054148877 0.1830127018925204 0.23911761839450996 0.25881904510228126 0.23911761839341542 0.1830127018904636 0.09904576053871494 -3.158599961576745e-12 -0.09904576054460114 -0.18301270189511357 -0.23911761839619103 -0.2588190451027982 -0.23911761839309423 -0.18301270189010152 -0.09904576053893888 2.0732016941472164e-12 0.09904576054281874 0.18301270189321575 0.2391176183950391 0.25881904510331516 0.2391176183955873 0.18301270189346178 0.09904576054205083 0.1913417161829175 0.35355339059383434 0.4619397662559819 0.4999999999995874 0.46193976625400524 0.35355339059013 0.1913417161779315 -5.665850951532604e-12 -0.19134171618849002 -0.35355339059846874 -0.46193976625897926 -0.5000000000005074 -0.4619397662534374 -0.35355339058950924 -0.19134171617838577 3.651623107924216e-12 0.19134171618521778 0.3535533905949972 0.4619397662568688 0.5000000000014274 0.46193976625794225 0.3535533905955667 0.19134171618395637 0.27059805007363696 0.5000000000008187 0.6532814824387289 0.7071067811860926 0.6532814824361101 0.4999999999959307 0.27059805006709003 -7.39630495876293e-12 -0.27059805008086313 -0.5000000000067826 -0.653281482442538 -0.7071067811871993 -0.6532814824353045 -0.4999999999951057 -0.2705980500677279 4.661117300137087e-12 0.270598050076447 0.50000000000209 0.6532814824396385 0.7071067811883056 0.6532814824411585 0.5000000000029992 0.27059805007494947 0.3314135740362151 0.6123724356967325 0.800103145191875 0.8660254037838968 0.8001031451888772 0.612372435691167 0.3314135740288056 -8.304400599892208e-12 -0.33141357404425464 -0.6123724357032951 -0.8001031451959868 -0.866025403784985 -0.8001031451878605 -0.6123724356902022 -0.3314135740295713 5.095639003875118e-12 0.3314135740390909 0.6123724356977938 0.8001031451925145 0.866025403786074 0.8001031451943725 0.6123724356990227 0.33141357403760235 0.3696438106151411 0.6830127018933625 0.8923991008333412 0.9659258262886699 0.892399100830186 0.6830127018875531 0.36964381060750046 -8.419454355459147e-12 -0.36964381062312834 -0.6830127018997169 -0.8923991008371317 -0.9659258262893934 -0.8923991008288414 -0.6830127018863913 -0.3696438106082645 5.000546885011149e-12 0.36964381061757196 0.6830127018937159 0.8923991008331684 0.9659258262901167 0.8923991008351907 0.6830127018951507 0.36964381061624085 0.3826834323660442 0.7071067811880142 0.9238795325124896 1.0 0.9238795325093627 0.7071067811823275 0.3826834323587091 -7.846045694950992e-12 -0.3826834323732055 -0.7071067811934244 -0.9238795325153676 -1.0 -0.9238795325075289 -0.7071067811808658 -0.38268343235931523 4.467292521731801e-12 0.38268343236756724 0.7071067811871835 0.9238795325109472 1.0 0.9238795325129331 0.7071067811886486 0.3826834323664641 0.36964381061561086 0.6830127018941328 0.8923991008342822 0.9659258262897025 0.8923991008313235 0.6830127018888451 0.36964381060899026 -6.736226157588082e-12 -0.3696438106213383 -0.6830127018980033 -0.8923991008357558 -0.9659258262886591 -0.8923991008288301 -0.6830127018869552 -0.36964381060927326 3.6295995556464374e-12 0.3696438106158824 0.683012701891721 0.8923991008308855 0.9659258262876159 0.892399100832627 0.6830127018930032 0.3696438106149843 0.331413574037147 0.6123724356982585 0.800103145193723 0.8660254037858911 0.8001031451910201 0.6123724356935405 0.33141357403149674 -5.285349182271764e-12 -0.3314135740410403 -0.612372435700193 -0.800103145193454 -0.8660254037835665 -0.8001031451877182 -0.6123724356910978 -0.331413574031308 2.6419386160370667e-12 0.33141357403596733 0.6123724356940118 0.800103145188129 0.8660254037812423 0.8001031451894265 0.6123724356948809 0.33141357403518407 0.27059805007502047 0.5000000000030767 0.6532814824414256 0.7071067811889238 0.6532814824390183 0.4999999999989985 0.27059805007044274 -3.698423200072563e-12 -0.2705980500769206 -0.5000000000029128 -0.653281482439269 -0.7071067811851995 -0.6532814824348122 -0.4999999999959041 -0.27059805006966153 1.6553322972174095e-12 0.27059805007236276 0.4999999999969282 0.6532814824334986 0.7071067811814746 0.6532814824341825 0.4999999999971649 0.2705980500715447 0.19134171618483264 0.3535533905969626 0.4619397662596613 0.5000000000033044 0.4619397662575465 0.3535533905935048 0.19134171618128423 -2.1790845203975968e-12 -0.19134171618482354 -0.3535533905947851 -0.4619397662556832 -0.49999999999820816 -0.46193976625242245 -0.35355339058970947 -0.19134171617983917 8.156694138075693e-13 0.19134171618085966 0.35355339058906204 0.4619397662495154 0.4999999999931115 0.46193976624946337 0.3535533905884812 0.1913417161798177 0.09904576054389444 0.18301270189644453 0.2391176183990376 0.2588190451066463 0.23911761839718193 0.1830127018935195 0.09904576054121726 -9.026972088776025e-13 -0.0990457605422841 -0.18301270189257568 -0.23911761839352053 -0.2588190451003655 -0.23911761839122836 -0.18301270188904967 -0.09904576053910086 2.3923907518869383e-13 0.09904576053894228 0.18301270188716645 0.23911761838706028 0.2588190450940839 0.23911761838620763 0.18301270188564137 0.09904576053748312 2.8075478980474306e-12 4.5643453730033696e-12 5.1495993189950284e-12 4.6914808775359764e-12 3.5203578556471004e-12 2.0710385486051174e-12 7.831561121323065e-13 -3.0475657338611384e-24 -1.0898198397300976e-13 4.232103312568356e-13 1.3661356795839752e-12 2.3606557748830183e-12 2.995377142920904e-12 2.91620313714807e-12 1.9155797475136668e-12 -1.2797242425983868e-24 -2.5904336580115726e-12 -5.409823980027219e-12 -7.883101532943442e-12 -9.412792427302013e-12 -9.511112141513864e-12 -7.902816785954412e-12 -4.614485552771911e-12 -0.09904576053884899 -0.1830127018882283 -0.23911761838976764 -0.2588190450982196 -0.2391176183909268 -0.18301270188997865 -0.09904576054012605 4.5133275633912016e-13 0.09904576054154082 0.18301270189276395 0.2391176183954794 0.25881904510429066 0.2391176183965149 0.18301270189438215 0.09904576054278938 1.274155221043624e-13 -0.09904576054313505 -0.1830127018963488 -0.23911761840062445 -0.25881904511036125 -0.23911761840265944 -0.18301270189931718 -0.09904576054547337 -0.1913417161805884 -0.35355339059004903 -0.461939766251906 -0.49999999999638073 -0.46193976625268446 -0.35355339059124896 -0.19134171618143936 4.3559028252185686e-13 0.19134171618269732 0.3535533905935343 0.4619397662562879 0.5000000000010989 0.4619397662571284 0.35355339059493446 0.19134171618395213 6.009751656112081e-13 -0.19134171618329462 -0.3535533905957542 -0.4619397662599391 -0.5000000000058182 -0.46193976626228506 -0.35355339059913193 -0.1913417161860425 -0.2705980500716577 -0.4999999999976096 -0.6532814824353947 -0.7071067811837853 -0.6532814824359285 -0.4999999999985192 -0.2705980500724417 5.414413778490942e-16 0.2705980500727542 0.49999999999967365 0.653281482438189 0.7071067811870467 0.65328148243924 0.5000000000015099 0.27059805007476156 1.3498246686998878e-12 -0.27059805007257787 -0.5000000000007548 -0.6532814824404659 -0.70710678119031 -0.653281482443045 -0.5000000000044976 -0.27059805007582977 -0.33141357403464855 -0.612372435694226 -0.8001031451894371 -0.8660254037826207 -0.8001031451898758 -0.6123724356951085 -0.3314135740356885 -7.546766156600231e-13 0.3314135740344759 0.6123724356947088 0.8001031451906073 0.8660254037845108 0.800103145192201 0.6123724356975166 0.33141357403781113 2.266231344684797e-12 -0.33141357403380295 -0.6123724356949775 -0.800103145191775 -0.8660254037863999 -0.8001031451945024 -0.6123724356990286 -0.33141357403760197 -0.3696438106138803 -0.6830127018913894 -0.8923991008315996 -0.965925826288198 -0.8923991008320789 -0.6830127018924712 -0.3696438106154189 -1.682488575194513e-12 0.36964381061238083 0.6830127018903601 0.8923991008313185 0.9659258262889598 0.8923991008336731 0.6830127018944663 0.3696438106173673 3.2148421174519685e-12 -0.36964381061150403 -0.6830127018901909 -0.8923991008317407 -0.9659258262897217 -0.892399100834535 -0.6830127018944707 -0.3696438106158258 -0.3826834323649315 -0.7071067811863239 -0.9238795325111421 -1.0 -0.9238795325117695 -0.7071067811877585 -0.3826834323670888 -2.614031553857383e-12 0.38268343236225705 0.707106781184061 0.9238795325097686 1.0 0.9238795325129412 0.7071067811895371 0.38268343236890684 4.035239490057498e-12 -0.3826834323614499 -0.7071067811838292 -0.9238795325098518 -1.0 -0.9238795325126286 -0.707106781188224 -0.38268343236618513 -0.3696438106144697 -0.6830127018924409 -0.8923991008329859 -0.9659258262897974 -0.8923991008338179 -0.6830127018942835 -0.3696438106172224 -3.367003644780413e-12 0.3696438106109697 0.6830127018894052 0.8923991008310128 0.965925826289468 0.8923991008348878 0.6830127018960291 0.36964381061895013 4.5814998744401305e-12 -0.36964381061045154 -0.6830127018894312 -0.8923991008311527 -0.965925826289139 -0.8923991008338219 -0.6830127018937965 -0.3696438106154034 -0.3314135740358122 -0.6123724356962953 -0.8001031451921461 -0.8660254037857114 -0.8001031451931814 -0.612372435698488 -0.33141357403898736 -3.774497218362599e-12 0.3314135740319935 0.6123724356930736 0.8001031451901408 0.8660254037854924 0.8001031451944288 0.6123724357003416 0.3314135740406538 4.723777657885486e-12 -0.33141357403190663 -0.6123724356935865 -0.8001031451906628 -0.8660254037852739 -0.8001031451931305 -0.6123724356977389 -0.3314135740367907 -0.2705980500733622 -0.5000000000006233 -0.6532814824392886 -0.7071067811881379 -0.6532814824404539 -0.5000000000029846 -0.2705980500766372 -3.697654335814881e-12 0.27059805006982907 0.49999999999784467 0.6532814824377963 0.7071067811883884 0.6532814824420436 0.5000000000049918 0.27059805007823323 4.356865745579095e-12 -0.2705980500702061 -0.49999999999892 -0.6532814824388838 -0.707106781188639 -0.6532814824410446 -0.5000000000026337 -0.27059805007466164 -0.19134171618274906 -0.35355339059376706 -0.4619397662565315 -0.500000000001312 -0.46193976625752486 -0.35355339059575214 -0.19134171618547632 -3.051176148623518e-12 0.19134171617986107 0.35355339059152024 0.4619397662553492 0.5000000000015427 0.46193976625882494 0.35355339059734414 0.19134171618667561 3.4342643244618423e-12 -0.1913417161803514 -0.3535533905925697 -0.46193976625635436 -0.5000000000017727 -0.4619397662579273 -0.3535533905953359 -0.1913417161837591 -0.09904576054138796 -0.1830127018924741 -0.2391176183948119 -0.25881904510325165 -0.23911761839541007 -0.18301270189365815 -0.0990457605430072 -1.8045699963665656e-12 0.09904576053968431 0.18301270189115137 0.23911761839411746 0.2588190451033812 0.2391176183961564 0.18301270189455907 0.09904576054365782 1.9613781410583404e-12 -0.09904576054004582 -0.18301270189183108 -0.23911761839474316 -0.2588190451035107 -0.23911761839557683 -0.1830127018933299 -0.0990457605419383
</DataArray>
        <DataArray type="Float64" Name="Mode_7_phi1" NumberOfComponents="1" format="ascii">
 0.0 0.0 2.3084048324661477e-15 2.3084048324661477e-15 0.0 0.0 0.0 0.0 0.0 0.0 -0.0 -0.0 -0.0 -0.0 -0.0 -0.0 -0.0 -0.0 -0.0 -0.0 -0.0 -0.0 0.0 0.0 0.0 0.0 0.0 2.4044709195328946 4.442882938151651 5.80490630427372 6.283185307179586 5.804906304289454 4.442882938183035 2.4044709195762684 4.929132708213547e-11 -2.4044709194851897 -4.442882938113329 -5.804906304251731 -6.283185307179586 -5.804906304306259 -4.442882938204386 -2.404470919591499 -5.2068439874827836e-11 2.404470919495294 4.44288293813075 5.804906304266409 6.283185307179586 5.8049063042863365 4.442882938167574 2.4044709195434013 2.2297478452088904e-15 1.9991372271319286e-15 1.6322887107554927e-15 1.1542024162301673e-15 5.974591344497416e-16 5.03300195220565e-27 -5.974591344400227e-16 -1.1542024162214535e-15 -1.6322887107481582e-15 -1.999137227123545e-15 -2.229747845202814e-15 -2.3084048324661477e-15 -2.2297478452167032e-15 -1.9991372271470227e-15 -1.632288710776618e-15 -1.154202416250501e-15 -5.974591344659413e-16 -1.5091422978589093e-26 5.974591344367838e-16 1.15420241622436e-15 1.632288710755273e-15 1.9991372271319294e-15 2.2297478452088907e-15 2.4044709195468763 4.442882938172893 5.804906304290167 6.283185307179586 5.804906304280171 4.4428829381728985 2.4044709195721823 5.47831091353662e-11 -2.404470919470967 -4.4428829380954316 -5.804906304238248 -6.283185307179586 -5.804906304322093 -4.442882938230989 -2.404470919622782 -8.215667057601543e-11 2.4044709194709664 4.442882938114798 5.804906304259211 6.283185307179586 5.804906304290653 4.4428829381728905 2.4044709195468768 2.32254055975107 4.291495373159837 5.607108918502361 6.0690909595651785 5.607108918473691 4.291495373107011 2.322540559682296 -7.406653735273697e-11 -2.32254055981908 -4.291495373211458 -5.607108918529774 -6.069090959564308 -5.607108918454155 -4.291495373089336 -2.322540559682576 4.861485233550449e-11 2.3225405597723117 4.291495373157768 5.607108918490756 6.069090959563438 5.6071089185006135 4.291495373158942 2.322540559750576 2.082332898988567 3.847649490498288 5.027196326104692 5.44139809270415 5.027196326080096 3.847649490453251 2.082332898930473 -6.166030112240626e-11 -2.082332899044103 -3.8476494905392813 -5.027196326124979 -5.441398092700813 -5.027196326061583 -3.847649490437058 -2.082332898930308 3.9739870029353e-11 2.082332899003383 3.847649490492061 5.027196326089677 5.441398092697475 5.027196326098275 3.8476494904935388 2.082332898985822 1.700217692378305 3.141592653601436 4.104688611918408 4.442882938161225 4.104688611898738 3.1415926535658087 1.7002176923331787 -4.6472354644305866e-11 -1.7002176924183865 -3.1415926536290772 -4.104688611929491 -4.442882938154271 -4.104688611880833 -3.141592653550794 -1.7002176923318664 2.9286663735162116e-11 1.700217692385319 3.1415926535897585 4.104688611898429 4.44288293814732 4.104688611904766 3.1415926535905565 1.7002176923719183 1.2022354597762321 2.2214414690909425 2.902453152150733 3.1415926535956897 2.902453152136206 2.2214414690651636 1.2022354597448177 -3.0125033056861176e-11 -1.20223545979935 -2.221441469103577 -2.902453152151056 -3.141592653583847 -2.9024531521179244 -2.2214414690504944 -1.2022354597415503 1.848493357109841e-11 1.2022354597745732 2.2214414690724507 2.902453152123867 3.1415926535719967 2.9024531521269563 2.2214414690713222 1.2022354597646392 0.6223228673791588 1.1499027195686504 1.5024203065957886 1.6262080214157533 1.502420306586276 1.1499027195524418 0.6223228673610772 -1.417477805860334e-11 -0.622322867385649 -1.1499027195664935 -1.5024203065853698 -1.6262080213987868 -1.5024203065672133 -1.1499027195376283 -0.6223228673554051 8.418792866300337e-12 0.6223228673693355 1.1499027195435325 1.5024203065618973 1.6262080213818257 1.502420306561108 1.1499027195395184 0.6223228673618767 7.873033614109348e-12 1.2654340829350129e-11 1.4056334772517963e-11 1.2534388968582564e-11 9.104196068698755e-12 5.07196204607502e-12 1.7193045724834413e-12 -1.4222379570332674e-23 3.3193844135413296e-13 2.508443700764233e-12 5.756086887034433e-12 8.910421704573709e-12 1.0712092435128262e-11 1.0090822483877346e-11 6.486201382622206e-12 -8.77086976871631e-23 -8.53904609602071e-12 -1.7676160821753116e-11 -2.556721959838132e-11 -3.0349651788133167e-11 -3.051935830222705e-11 -2.525558005047065e-11 -1.4695444636572723e-11 -0.6223228673636467 -1.1499027195437448 -1.5024203065682702 -1.6262080213915389 -1.5024203065693404 -1.149902719544114 -0.6223228673600271 1.1340938106545748e-11 0.6223228673833225 1.1499027195688043 1.5024203065949786 1.6262080214160044 1.50242030658937 1.1499027195594742 0.6223228673705367 -6.1107009993165884e-12 -0.6223228673841722 -1.1499027195767697 -1.5024203066109973 -1.6262080214404662 -1.502420306619989 -1.1499027195881997 -0.6223228673901866 -1.202235459761428 -2.221441469067256 -2.902453152124977 -3.1415926535739858 -2.902453152122965 -2.221441469062063 -1.202235459750611 1.917312597309501e-11 1.2022354597884595 2.2214414690981217 2.9024531521551653 3.1415926535992837 2.9024531521421473 2.221441469077051 1.2022354597628335 -9.58389316431776e-12 -1.2022354597829623 -2.2214414690995525 -2.9024531521670043 -3.141592653624579 -2.902453152179501 -2.221441469114628 -1.2022354597898024 -1.7002176923646704 -3.14159265357974 -4.104688611895474 -4.442882938143436 -4.104688611891158 -3.141592653570659 -1.7002176923493386 2.3237878310394286e-11 1.7002176923945205 3.1415926536117964 4.104688611925157 4.442882938166836 4.104688611907964 3.141592653584307 1.7002176923623427 -1.0400759568470706e-11 -1.7002176923837915 -3.1415926536072902 -4.104688611932139 -4.44288293819024 -4.104688611947245 -3.1415926536253274 -1.7002176923920862 -2.082332898976239 -3.8476494904787635 -5.027196326084825 -5.441398092690666 -5.027196326078891 -3.847649490467276 -2.0823328989588497 2.371453270621088e-11 2.0823328990044447 3.8476494905073553 5.027196326109857 5.441398092709154 5.027196326091446 3.847649490478269 2.082332898971425 -8.876763985239546e-12 -2.08233289898961 -3.8476494904973695 -5.027196326111053 -5.441398092727642 -5.027196326127564 -3.8476494905171914 -2.08233289899949 -2.3225405597409874 -4.291495373144068 -5.607108918487435 -6.06909095955783 -5.607108918480394 -4.291495373131303 -2.32254055972351 2.1167497420566495e-11 2.322540559763626 4.291495373164981 5.607108918503921 6.0690909595684035 5.607108918486636 4.291495373138108 2.3225405597342976 -5.6099569792441126e-12 -2.322540559745675 -4.291495373149773 -5.607108918498251 -6.069090959578979 -5.607108918514751 -4.291495373169821 -2.3225405597567716 -2.404470919539886 -4.4428829381622705 -5.804906304282186 -6.283185307179586 -5.804906304274333 -4.442882938148916 -2.404470919523617 1.6436857189137592e-11 2.404470919553983 4.442882938172154 5.804906304286909 6.283185307179586 5.8049063042722535 4.442882938149911 2.404470919531238 -1.3657055146644062e-12 -2.4044709195337357 -4.4428829381518185 -5.804906304273288 -6.283185307179586 -5.804906304288254 -4.442882938170241 -2.404470919545144 -2.322540559748276 -4.291495373156069 -5.6071089185015826 -6.069090959572016 -5.607108918493534 -4.291495373143156 -2.3225405597344233 1.0583377085648985e-11 2.3225405597530067 4.291495373154512 5.607108918494552 6.0690909595617955 5.607108918483604 4.291495373138522 2.322540559738486 2.987787830644829e-12 -2.3225405597319866 -4.291495373130682 -5.607108918474231 -6.069090959551575 -5.607108918486721 -4.291495373146331 -2.322540559743021 -2.082332898988944 -3.847649490499755 -5.027196326109701 -5.441398092715783 -5.027196326102349 -3.8476494904885934 -2.082332898978547 4.740440265044404e-12 2.082332898985683 3.8476494904892506 5.027196326094121 5.441398092698667 5.027196326087459 3.84764949048028 2.0823328989796868 6.5402902397766344e-12 -2.082332898965977 -3.8476494904649874 -5.027196326070589 -5.441398092681547 -5.027196326080312 -3.847649490477534 -2.0823328989762304 -1.7002176923808567 -3.141592653606579 -4.104688611927383 -4.442882938175722 -4.104688611921265 -3.1415926535977947 -1.700217692374013 3.401976510011387e-15 1.700217692372058 3.1415926535905476 4.104688611907064 4.442882938155229 4.104688611904196 3.1415926535875953 1.7002176923729009 8.481198525592572e-12 -1.7002176923552572 -3.141592653568352 -4.104688611883495 -4.442882938134726 -4.104688611890214 -3.1415926535773795 -1.700217692363923 -1.2022354597792986 -2.2214414690969844 -2.90245315216033 -3.141592653609577 -2.902453152155581 -2.2214414690904936 -1.2022354597751994 -2.737663931384188e-12 1.2022354597681773 2.2214414690793567 2.9024531521392434 3.141592653589008 2.9024531521386963 2.2214414690798416 1.2022354597724094 8.220977944355277e-12 -1.202235459755248 -2.221441469060939 -2.9024531521181474 -3.1415926535684484 -2.902453152121707 -2.221441469065938 -1.2022354597611582 -0.622322867381713 -1.1499027195738818 -1.5024203066039208 -1.6262080214268164 -1.5024203066003083 -1.1499027195689338 -0.6223228673788046 -2.8325947422259188e-12 0.6223228673718614 1.1499027195586145 1.5024203065857642 1.6262080214089527 1.5024203065852981 1.1499027195587541 0.6223228673747623 5.412425982043245e-12 -0.6223228673630561 -1.1499027195447868 -1.5024203065687807 -1.6262080213910888 -1.50242030656906 -1.1499027195452187 -0.6223228673648357 -9.326603319878288e-12 -1.6073170442580493e-11 -1.9464183061088078e-11 -1.9410444820134667e-11 -1.640164231144173e-11 -1.1389182092003744e-11 -5.529507975151363e-12 -3.3409164527542545e-23 4.260962061262342e-12 6.7012476686124126e-12 7.224331647463074e-12 6.173286296492308e-12 4.1617908978244325e-12 2.021205390790113e-12 4.574599189941901e-13 -1.8419017893776023e-24 8.089503956497442e-13 2.662782959809532e-12 5.005208181117777e-12 7.0806139959404936e-12 8.067748930795235e-12 7.342825237691588e-12 4.608181339611826e-12 0.6223228673633917 1.149902719542384 1.5024203065659534 1.626208021389313 1.5024203065692756 1.149902719548407 0.6223228673703984 5.668601238497297e-12 -0.6223228673606586 -1.1499027195431193 -1.50242030657027 -1.6262080213970374 -1.5024203065787047 -1.149902719557204 -0.6223228673764711 -7.713296034834703e-12 0.6223228673629546 1.1499027195490172 1.5024203065781543 1.6262080214047512 1.502420306584559 1.1499027195592915 0.6223228673736658 1.202235459761976 2.221441469067385 2.902453152125206 3.1415926535759424 2.902453152129688 2.22144146907646 1.2022354597744043 1.3692361309866287e-11 -1.2022354597493317 -2.2214414690579356 -2.9024531521208607 -3.141592653578325 -2.902453152137137 -2.221441469085417 -1.2022354597816578 -1.71359698252382e-11 1.2022354597502298 2.2214414690620377 2.902453152125672 3.141592653580703 2.902453152135356 2.221441469078222 1.2022354597688523 1.7002176923652035 3.1415926535801355 4.104688611896931 4.442882938148373 4.104688611903524 3.1415926535938627 1.7002176923848746 2.3233047393708272e-11 -1.7002176923417933 -3.1415926535604455 -4.104688611884653 -4.442882938146799 -4.104688611910618 -3.141592653604247 -1.700217692393692 -2.7374994837824436e-11 1.700217692342963 3.141592653564981 4.104688611888577 4.442882938145225 4.104688611901424 3.1415926535872036 1.700217692370052 2.082332898975724 3.847649490478092 5.027196326086405 5.441398092697894 5.027196326096432 3.847649490498519 2.082332899004439 3.320532815111336e-11 -2.082332898943013 -3.8476494904512717 -5.027196326070444 -5.441398092697057 -5.027196326107487 -3.8476494905134766 -2.082332899016214 -3.7374398689761545e-11 2.082332898947059 3.8476494904603173 5.027196326078301 5.441398092696223 5.0271963260946455 3.847649490489254 2.082332898983192 2.3225405597379702 4.291495373139758 5.607108918485784 6.069090959563545 5.607108918499033 4.291495373166395 2.3225405597750073 4.231566284651048e-11 -2.3225405596967823 -4.29149537310647 -5.607108918466491 -6.069090959563327 -5.607108918513545 -4.291495373185217 -2.322540559789018 -4.599268318691287e-11 2.3225405597040143 4.291495373120105 5.607108918478195 6.069090959563108 5.607108918496986 4.291495373154123 2.322540559747467
</DataArray>
        <DataArray type="Float64" Name="Mode_7_phi2" NumberOfComponents="1" format="ascii">
 0.0 -2.3084048324661477e-15 2.3084048324661477e-15 -0.0 2.439312032104919 4.712388980376466 6.664324407228047 8.162097139043741 9.103636439339999 9.42477796076938 9.103636439358056 8.162097139078625 6.664324407277498 4.71238898043985 2.4393120321780892 7.745694751139352e-11 -2.439312032040461 -4.71238898032833 -6.6643244071961325 -8.162097139027948 -9.10363643933537 -9.42477796076938 -9.103636439355585 -8.162097139066995 -6.66432440725136 -4.712388980395966 -2.4393120321159034 -2.132687977466303e-15 -1.632288710763076e-15 -8.833882845808663e-16 -7.522601630662783e-27 8.833882845669099e-16 1.6322887107515458e-15 2.1326879774597025e-15 2.3084048324661477e-15 2.132687977473563e-15 1.6322887107771556e-15 8.833882846003689e-16 2.845824599014385e-26 -8.833882845520052e-16 -1.6322887107437018e-15 -2.132687977457385e-15 -2.3084048324661477e-15 -2.132687977472025e-15 -1.6322887107707551e-15 -8.833882845873503e-16 -9.56524128148403e-27 8.83388284569676e-16 1.6322887107572264e-15 2.1326879774647043e-15 2.4393120321195423 4.712388980402484 6.664324407258439 8.162097139060831 9.103636439346278 9.42477796076938 9.10363643935691 8.162097139081371 6.664324407288385 4.71238898046177 2.439312032212128 1.219542605515544e-10 -2.4393120320004957 -4.712388980295747 -6.664324407172189 -8.1620971390129 -9.103636439328556 -9.42477796076938 -9.103636439360454 -8.16209713907452 -6.664324407259336 -4.712388980402478 -2.439312032119537 -0.0 -0.0 -0.0 0.0 0.0 0.0 0.0 0.0 0.0 0.0 0.0 0.0 -0.0 -0.0 -0.0 -0.0 -0.0 -0.0 -0.0 -0.0 0.0 0.0 0.0 2.25363045986938 1.7248540793268923 0.9334843010456833 -1.4953339434073084e-11 -0.9334843010737733 -1.7248540793497238 -2.2536304598841648 -2.439312032109792 -2.253630459862503 -1.7248540793093428 -0.933484301020167 4.412122669401845e-11 0.9334843010938141 1.724854079360025 2.253630459888563 2.4393120321146644 2.253630459874736 1.7248540793341192 0.9334843010591124 5.521101715201614e-12 -0.9334843010498187 -1.724854079335247 -2.2536304598816885 4.353679728199961 3.332162203604925 1.8033531896323431 -2.6964422807478424e-11 -1.8033531896829844 -3.332162203645972 -4.353679728226467 -4.712388980385136 -4.3536797281875925 -3.332162203573511 -1.8033531895867982 7.89993558281635e-11 1.8033531897185622 3.3321622036640832 4.353679728234079 4.712388980393808 4.353679728209753 3.3321622036184926 1.8033531896574775 1.1046824712545565e-11 -1.803353189638719 -3.3321622036192573 -4.353679728221719 6.157032917851208 4.712388980367226 2.550326538529196 -3.541510157236833e-11 -2.5503265385956015 -4.712388980420665 -6.157032917885233 -6.664324407238474 -6.157032917834289 -4.712388980325764 -2.550326538469783 1.0290840695064878e-10 2.550326538641178 4.712388980443187 6.157032917894029 6.6643244072489045 6.157032917862814 4.712388980384743 2.5503265385630045 1.6173046477832014e-11 -2.5503265385352343 -4.712388980383546 -6.157032917877126 7.540794489128771 5.771474235708691 3.123499348439888 -4.004336539217658e-11 -3.123499348514809 -5.771474235768407 -7.5407944891660295 -8.162097139054001 -7.540794489108495 -5.771474235661354 -3.1234993483731386 1.1526393740777401e-10 3.1234993485647515 5.771474235792011 7.540794489174146 8.162097139064262 7.540794489139758 5.7714742357277125 3.123499348478956 2.047480039402513e-11 -3.123499348443385 -5.771474235723387 -7.540794489153899 8.41066337772699 6.43724305970084 3.4838108395826133 -4.094519151341933e-11 -3.483810839658859 -6.437243059760414 -8.410663377762354 -9.103636439346815 -8.41066337770319 -6.437243059650592 -3.483810839514185 1.1651259356104082e-10 3.4838108397072727 6.4372430597810055 8.41066337776675 9.103636439353634 8.410663377732263 6.437243059716794 3.4838108396221847 2.358863822912705e-11 -3.4838108395806167 -6.437243059708093 -8.410663377742992 8.707359456414567 6.664324407223726 3.6067063792787084 -3.853478921219045e-11 -3.606706379349855 -6.664324407277322 -8.707359456443202 -9.42477796076938 -8.70735945638661 -6.664324407172736 -3.606706379213225 1.0815846596702252e-10 3.6067063793915835 6.664324407291098 8.707359456440836 9.42477796076938 8.707359456408621 6.664324407231555 3.606706379313802 2.5174134882469278e-11 -3.6067063792686165 -6.664324407217747 -8.707359456412927 8.41066337774245 6.437243059713233 3.48381083959207 -3.3508411774688845e-11 -3.4838108396529743 -6.4372430597561126 -8.410663377760313 -9.103636439348222 -8.410663377709449 -6.437243059662846 -3.4838108395328455 9.243351765766785e-11 3.48381083968401 6.43724305976002 8.410663377748566 9.103636439338388 8.410663377720104 6.4372430597081465 3.483810839617972 2.5060227152636505e-11 -3.4838108395719205 -6.437243059689109 -8.410663377715627 7.54079448915854 5.77147423573227 3.1234993484574693 -2.67117214801217e-11 -3.123499348504657 -5.771474235761249 -7.540794489162815 -8.162097139056717 -7.540794489119628 -5.771474235683059 -3.123499348406338 7.207927031435681e-11 3.1234993485225386 5.771474235753292 7.540794489139841 8.16209713903481 7.540794489115723 5.771474235710328 3.1234993484702636 2.3135329657495304e-11 -3.12349934842643 -5.771474235686648 -7.540794489100996 6.157032917893172 4.71238898039977 2.5503265385524294 -1.9090198618421794e-11 -2.5503265385842746 -4.712388980413392 -6.1570329178825505 -6.664324407242389 -6.157032917847758 -4.712388980351685 -2.5503265385097875 5.0038924287142e-11 2.5503265385882643 4.7123889803929195 6.157032917847602 6.664324407207291 6.157032917827561 4.712388980358444 2.550326538549363 1.9434475602986836e-11 -2.550326538510871 -4.712388980331389 -6.157032917802256 4.353679728253423 3.3321622036450287 1.803353189658683 -1.157559820751329e-11 -1.8033531896754211 -3.332162203643658 -4.353679728228278 -4.71238898039182 -4.35367972820146 -3.3321622035976253 -1.803353189623678 2.91507392544395e-11 1.8033531896665014 3.332162203611491 4.353679728181927 4.712388980343781 4.353679728164938 3.332162203583628 1.8033531896385064 1.412731016976062e-11 -1.803353189608319 -3.3321622035551415 -4.353679728130022 2.253630459930515 1.7248540793707485 0.9334843010711049 -4.996443440627116e-12 -0.9334843010746423 -1.7248540793564475 -2.2536304598929187 -2.4393120321188864 -2.2536304598727384 -1.724854079323486 -0.9334843010419324 1.186354852430074e-11 0.9334843010554109 1.7248540793148606 2.2536304598371 2.4393120320596995 2.2536304598217076 1.7248540792907405 0.933484301034263 7.512155932001803e-12 -0.9334843010149557 -1.7248540792632572 -2.253630459779343 6.38813355161359e-11 4.3017941676746235e-11 2.0103370689608903e-11 -7.248329872967594e-23 -1.3743022427347902e-11 -1.9519078468880353e-11 -1.7819485251107128e-11 -1.0979569086748202e-11 -2.4797135921306906e-12 3.988663402774574e-12 5.333217261684848e-12 -7.878212924627489e-23 -1.1693565524196126e-11 -2.748456705622427e-11 -4.358600351732406e-11 -5.548943845350189e-11 -5.894124255379982e-11 -5.0986389818752514e-11 -3.077461031146255e-11 -2.8061044825940167e-22 3.7130153475172336e-11 7.44822934718633e-11 1.0499535913002227e-10 -2.253630459816993 -1.7248540792946858 -0.9334843010364637 3.0032226791297183e-12 0.9334843010474552 1.7248540793186575 2.253630459858463 2.4393120320976793 2.2536304598684174 1.724854079332874 0.933484301056019 -5.411579581661045e-12 -0.9334843010698253 -1.724854079358074 -2.253630459909998 -2.4393120321548936 -2.2536304599241395 -1.724854079380006 -0.9334843010884704 -7.910800084759895e-12 0.9334843010795336 1.724854079392498 2.253630459961466 -4.353679728161796 -3.3321622035851797 -1.803353189634391 3.878570006003266e-12 1.803353189645749 3.3321622036053347 4.353679728194589 4.71238898037282 4.353679728201718 3.3321622036152494 1.8033531896509187 -4.218060083388337e-12 -1.8033531896608352 -3.3321622036335015 -4.3536797282329225 -4.712388980417298 -4.3536797282475295 -3.3321622036572296 -1.8033531896840693 -1.5675923783253496e-11 1.803353189659732 3.3321622036568486 4.353679728272905 -6.1570329178271415 -4.712388980359512 -2.5503265385415794 2.765295664313371e-12 2.5503265385495264 4.712388980372687 6.157032917849049 6.664324407226885 6.1570329178561405 4.712388980383557 2.5503265385583505 2.848315703442296e-12 -2.5503265385545255 -4.712388980387987 -6.157032917873273 -6.664324407257632 -6.157032917890119 -4.7123889804168515 -2.550326538586884 -2.2713662055942747e-11 2.550326538548326 4.712388980403311 6.157032917902384 -7.540794489118814 -5.771474235712654 -3.1234993484614786 5.5683054365729555e-14 3.1234993484631453 5.771474235716928 7.540794489129214 8.16209713904576 7.540794489138768 5.771474235733278 3.123499348481389 1.4275565075038775e-11 -3.123499348456754 -5.771474235719418 -7.5407944891402 -8.162097139063562 -7.540794489160662 -5.771474235755937 -3.123499348501359 -2.8485385778987265e-11 3.1234993484509386 5.771474235730353 7.540794489160292 -8.410663377726953 -6.437243059713021 -3.4838108396105083 -3.6512299588980755e-12 3.483810839604287 6.4372430597079 8.41066337772678 9.103636439342553 8.410663377740578 6.437243059732872 3.4838108396356597 2.7945690551910357e-11 -3.48381083958678 -6.437243059699251 -8.410663377726939 -9.103636439349732 -8.410663377751776 -6.437243059744622 -3.4838108396448177 -3.250711395824833e-11 3.4838108395859333 6.437243059709367 8.410663377740732 -8.70735945641891 -6.664324407239657 -3.6067063793093683 -7.626452785254189e-12 3.606706379295095 6.664324407226137 8.707359456410488 9.42477796076938 8.707359456429351 6.664324407260984 3.6067063793406215 4.140412552238601e-11 -3.606706379268432 -6.664324407209372 -8.707359456403392 -9.42477796076938 -8.707359456432503 -6.664324407263169 -3.6067063793387275 -3.442396213918817e-11 3.6067063792755456 6.6643244072217485 8.707359456414016 -8.410663377745136 -6.437243059728062 -3.483810839621708 -1.1092052524392223e-11 3.4838108396007406 6.437243059708503 8.410663377731876 9.103636439352485 8.410663377755451 6.437243059752286 3.483810839658499 5.203285210865584e-11 -3.483810839568303 -6.437243059687659 -8.410663377721775 -9.10363643934938 -8.410663377754112 -6.437243059747652 -3.4838108396472047 -3.3994874188654016e-11 3.483810839584445 6.437243059704315 8.410663377732263 -7.540794489153849 -5.771474235741355 -3.123499348482422 -1.3275960857778394e-11 3.123499348457531 5.771474235719232 7.540794489139782 8.162097139064937 7.540794489166538 5.771474235768811 3.123499348522669 5.743848397276416e-11 -3.123499348423777 -5.771474235698862 -7.5407944891310565 -8.162097139062887 -7.540794489164648 -5.771474235761066 -3.123499348505429 -3.114591504254702e-11 3.1234993484479365 5.771474235720473 7.540794489143918 -6.157032917876411 -4.712388980399177 -2.55032653856948 -1.3558127512459693e-11 2.5503265385445126 4.712388980378585 6.157032917865549 6.66432440725371 6.157032917892773 4.712388980428711 2.550326538609591 5.5723717476022263e-11 -2.5503265385144793 -4.712388980363008 -6.157032917861887 -6.664324407256071 -6.157032917893845 -4.712388980421909 -2.550326538591016 -2.597509118123318e-11 2.5503265385434 4.712388980388573 6.157032917878373 -4.353679728220846 -3.3321622036308423 -1.8033531896644195 -1.1510254594062746e-11 1.8033531896432586 3.332162203613661 4.353679728211973 4.712388980398134 4.353679728234473 3.3321622036550944 1.803353189697006 4.562637104810347e-11 -1.8033531896193604 -3.3321622036017327 -4.353679728209636 -4.712388980400323 -4.353679728234931 -3.332162203648289 -1.8033531896797972 -1.8752223798381183e-11 1.8033531896454291 3.3321622036237355 4.353679728223376 -2.253630459881161 -1.7248540793415736 -0.9334843010639052 -6.9563814947617555e-12 0.9334843010511197 1.7248540793312606 2.2536304598758288 2.4393120321171162 2.253630459889125 1.7248540793557439 0.9334843010828974 2.6843932043730996e-11 -0.933484301037307 -1.7248540793244964 -2.25363045987461 -2.4393120321183295 -2.2536304598890347 -1.7248540793510652 -0.9334843010718095 -9.91052047884351e-12 0.9334843010536426 1.7248540793377853 2.253630459882627
</DataArray>
        <DataArray type="Float64" Name="Mode_8_w" NumberOfComponents="1" format="ascii">
 0.0 0.0 -8.998558695971146e-32 -0.0 0.0 0.0 0.0 0.0 0.0 0.0 0.0 0.0 -0.0 -0.0 -0.0 -0.0 -0.0 -0.0 -0.0 -0.0 0.0 0.0 0.0 0.0 0.0 0.0 0.0 9.508857454276994e-17 1.836970198717824e-16 2.597868168702776e-16 3.1817257161707294e-16 3.548753914133216e-16 3.6739403974420594e-16 3.5487539141402553e-16 3.181725716184328e-16 2.597868168722052e-16 1.836970198742532e-16 9.508857454562224e-17 3.0194049102184594e-27 -9.508857454025726e-17 -1.83697019869906e-16 -2.5978681686903346e-16 -3.181725716164573e-16 -3.548753914131412e-16 -3.6739403974420594e-16 -3.5487539141392924e-16 -3.1817257161797944e-16 -2.5978681687118636e-16 -1.8369701987254256e-16 -9.508857454319814e-17 -9.373040810689595e-17 -1.7319121124766496e-16 -2.262852224579808e-16 -2.4492935982947064e-16 -2.2628522245759113e-16 -1.7319121124766516e-16 -9.373040810788243e-17 -2.135539729293194e-27 9.373040810393688e-17 1.7319121124464535e-16 2.262852224559569e-16 2.4492935982947064e-16 2.262852224592253e-16 1.731912112499296e-16 9.373040810985489e-17 3.2026081909299676e-27 -9.373040810393684e-17 -1.7319121124540031e-16 -2.26285222456774e-16 -2.4492935982947064e-16 -2.262852224579997e-16 -1.7319121124766484e-16 -9.373040810689596e-17 -0.0 -0.0 -0.0 -0.0 -0.0 -0.0 -0.0 -0.0 -0.0 -0.0 -0.0 -0.0 0.0 0.0 0.0 0.0 0.0 0.0 0.0 0.0 0.0 0.0 0.0 0.0990457605415049 0.19134171618295864 0.2705980500736214 0.3314135740360762 0.36964381061464874 0.3826834323649317 0.36964381061361723 0.3314135740340585 0.27059805007070753 0.19134171617928358 0.09904576053723657 -4.61448555276182e-12 -0.09904576054528672 -0.1913417161857406 -0.2705980500754846 -0.3314135740372794 -0.36964381061557783 -0.38268343236604396 -0.3696438106153773 -0.3314135740368675 -0.27059805007480603 -0.19134171618391915 -0.09904576054205148 0.18301270189263227 0.3535533905940523 0.5000000000009819 0.6123724356967055 0.6830127018927366 0.7071067811863242 0.6830127018909277 0.6123724356931739 0.4999999999958953 0.35355339058767155 0.18301270188526744 -7.902816785940236e-12 -0.18301270189903476 -0.35355339059867436 -0.5000000000039749 -0.6123724356985419 -0.6830127018940964 -0.7071067811880142 -0.6830127018937637 -0.6123724356978609 -0.5000000000028583 -0.35355339059558305 -0.18301270189350427 0.2391176183949453 0.4619397662567715 0.6532814824396 0.8001031451925821 0.8923991008333269 0.9238795325111421 0.892399100831029 0.8001031451881132 0.653281482433208 0.46193976624884303 0.23911761838592213 -9.511112141503922e-12 -0.23911761840244522 -0.4619397662619412 -0.6532814824426529 -0.8001031451941424 -0.8923991008342678 -0.9238795325124896 -0.8923991008338202 -0.8001031451932485 -0.6532814824412376 -0.4619397662581333 -0.23911761839571918 0.2588190451033152 0.5000000000014274 0.7071067811883056 0.866025403786074 0.9659258262901167 1.0 0.9659258262876159 0.8660254037812423 0.7071067811814746 0.4999999999931111 0.2588190450940839 -9.414124694931563e-12 -0.25881904511036297 -0.5000000000058182 -0.70710678119031 -0.8660254037863999 -0.9659258262897217 -1.0 -0.965925826289139 -0.8660254037852748 -0.707106781188639 -0.5000000000017727 -0.258819045103509 0.23911761839539314 0.4619397662574984 0.6532814824404516 0.800103145193416 0.8923991008340677 0.9238795325117695 0.892399100831574 0.8001031451886519 0.6532814824338478 0.46193976624970795 0.2391176183871308 -7.88310153294486e-12 -0.23911761840063905 -0.4619397662599131 -0.6532814824403518 -0.8001031451915408 -0.8923991008313739 -0.9238795325093627 -0.8923991008305735 -0.8001031451900499 -0.6532814824383062 -0.4619397662558908 -0.2391176183944774 0.1830127018935885 0.35355339059563107 0.5000000000028639 0.6123724356985907 0.6830127018944395 0.7071067811877585 0.6830127018921093 0.6123724356942102 0.49999999999696804 0.3535533905890039 0.1830127018870915 -5.409823980023685e-12 -0.183012701896184 -0.3535533905953495 -0.5000000000000607 -0.6123724356939771 -0.6830127018889083 -0.7071067811823275 -0.6830127018878152 -0.6123724356919873 -0.4999999999974913 -0.3535533905914722 -0.1830127018912185 0.09904576054293829 0.1913417161853552 0.2705980500765067 0.33141357403900196 0.3696438106172893 0.3826834323670888 0.36964381061523555 0.3314135740352232 0.270598050071624 0.19134171618024287 0.09904576053857388 -2.5904336580006714e-12 -0.0990457605426693 -0.19134171618230086 -0.2705980500710394 -0.3314135740317537 -0.36964381060903817 -0.3826834323587091 -0.3696438106076234 -0.3314135740292079 -0.27059805006786997 -0.19134171617860316 -0.09904576053909253 1.804684935109985e-12 3.05051001480594e-12 3.697654335812215e-12 3.773728033287732e-12 3.3670036447808383e-12 2.614475643067233e-12 1.6837754469046533e-12 7.546766156590101e-13 -5.414413778475023e-16 -4.3625641633394195e-13 -4.5133275633209296e-13 1.5402035351842144e-23 9.026972088909334e-13 2.1790845204093785e-12 3.698423200081022e-12 5.284579997201642e-12 6.736226157589201e-12 7.846933873370692e-12 8.419454355461518e-12 8.30440059990125e-12 7.396304958782475e-12 5.666517085365623e-12 3.1585999615878006e-12 -0.09904576053955406 -0.19134171617963067 -0.27059805006956844 -0.33141357403192423 -0.3696438106109975 -0.38268343236225705 -0.3696438106122242 -0.33141357403405286 -0.270598050071981 -0.19134171618153592 -0.0990457605400087 1.9155797475317872e-12 0.09904576054375631 0.19134171618587598 0.2705980500775612 0.33141357404133914 0.36964381062141166 0.3826834323732055 0.3696438106232129 0.3314135740445737 0.27059805008151283 0.19134171618905121 0.09904576054491715 -0.18301270189085359 -0.35355339059099156 -0.49999999999724315 -0.6123724356928686 -0.6830127018894218 -0.707106781184061 -0.6830127018900979 -0.612372435693965 -0.499999999998286 -0.35355339059142277 -0.18301270188995084 2.9162031371626705e-12 0.1830127018953137 0.35355339059676344 0.5000000000041371 0.612372435700783 0.6830127018981671 0.7071067811934244 0.6830127018998395 0.6123724357038074 0.500000000007863 0.35355339059940366 0.18301270189564026 -0.23911761839365386 -0.4619397662545257 -0.6532814824368544 -0.800103145189773 -0.8923991008309891 -0.9238795325097686 -0.8923991008310083 -0.800103145189685 -0.6532814824364289 -0.46193976625357236 -0.23911761839182807 2.9953771429284665e-12 0.23911761839712273 0.4619397662583105 0.6532814824409225 0.8001031451942758 0.8923991008360015 0.9238795325153676 0.8923991008372463 0.8001031451965558 0.6532814824437934 0.461939766260069 0.23911761839680445 -0.2588190451027982 -0.5000000000005074 -0.7071067811871993 -0.866025403784985 -0.9659258262893934 -1.0 -0.9659258262886591 -0.8660254037835665 -0.7071067811851995 -0.49999999999820816 -0.2588190451003655 2.3606557748830183e-12 0.25881904510429066 0.5000000000010989 0.7071067811870467 0.8660254037845108 0.9659258262889598 1.0 0.9659258262894684 0.8660254037854929 0.7071067811883884 0.5000000000015427 0.2588190451033812 -0.23911761839554302 -0.4619397662577354 -0.6532814824407889 -0.8001031451938585 -0.892399100834773 -0.9238795325129412 -0.8923991008334275 -0.8001031451913801 -0.6532814824375864 -0.46193976625450095 -0.2391176183929127 1.366135679580526e-12 0.2391176183948797 0.4619397662551373 0.6532814824365727 0.8001031451886412 0.8923991008291406 0.9238795325075289 0.8923991008288648 0.8001031451882288 0.6532814824362464 0.4619397662542606 0.2391176183935581 -0.18301270189403285 -0.3535533905964099 -0.5000000000039112 -0.6123724356998275 -0.6830127018959053 -0.7071067811895358 -0.6830127018943032 -0.612372435696925 -0.500000000000285 -0.35355339059295654 -0.18301270189164393 4.2226827577950826e-13 0.18301270189186244 0.3535533905918213 0.4999999999972922 0.6123724356918415 0.6830127018872175 0.7071067811808658 0.6830127018863748 0.6123724356904072 0.49999999999570816 0.35355339059003793 0.18301270189039934 -0.09904576054334183 -0.19134171618611442 -0.27059805007758303 -0.3314135740403333 -0.3696438106188648 -0.38268343236890684 -0.36964381061729273 -0.3314135740375123 -0.2705980500741207 -0.19134171618289977 -0.09904576054131765 -1.0898198397197884e-13 0.09904576054063298 0.19134171618100015 0.27059805007043297 0.3314135740317317 0.3696438106094287 0.38268343235931523 0.3696438106082367 0.33141357402964056 0.2705980500679873 0.19134171617861664 0.09904576053906912 -1.9613781410514757e-12 -3.434264324450775e-12 -4.35686574556759e-12 -4.7237776578803435e-12 -4.58149987443884e-12 -4.035239490057498e-12 -3.2122683740296124e-12 -2.266231344682897e-12 -1.3498246686968016e-12 -6.009751656079588e-13 -1.2741552210248158e-13 2.5350570777395536e-25 -2.3923907519242e-13 -8.170016814421407e-13 -1.6553322972222765e-12 -2.6419386160406117e-12 -3.6295995556480982e-12 -4.467292521731801e-12 -5.0005468850105175e-12 -5.095639003875543e-12 -4.662373374107406e-12 -3.651623107927568e-12 -2.0732016941493005e-12 0.09904576053966818 0.19134171617967954 0.27059805006942844 0.3314135740315044 0.36964381061032864 0.3826834323614499 0.36964381061145624 0.3314135740335459 0.2705980500719812 0.19134171618227716 0.0990457605416826 7.831561121356023e-13 -0.09904576054049445 -0.19134171618205686 -0.2705980500731804 -0.33141357403643096 -0.36964381061606494 -0.3826834323675697 -0.369643810617504 -0.33141357403907695 -0.27059805007657745 -0.19134171618533974 -0.09904576054288797 0.1830127018910766 0.3535533905912259 0.4999999999973594 0.6123724356927661 0.6830127018891711 0.7071067811838292 0.6830127018901275 0.6123724356945424 0.49999999999969313 0.3535533905939095 0.18301270189368432 2.0710385486064705e-12 -0.1830127018900539 -0.35355339059130625 -0.4999999999984806 -0.6123724356949103 -0.6830127018920831 -0.7071067811871835 -0.6830127018935599 -0.612372435697691 -0.5000000000022107 -0.3535533905951183 -0.1830127018932853 0.2391176183936838 0.46193976625446864 0.6532814824366879 0.8001031451894901 0.8923991008307655 0.9238795325098518 0.892399100831691 0.8001031451912544 0.6532814824391324 0.4619397662575725 0.23911761839716716 3.52035785564647e-12 -0.23911761839085546 -0.4619397662524913 -0.6532814824355788 -0.800103145189353 -0.8923991008313907 -0.9238795325109472 -0.8923991008329187 -0.8001031451922795 -0.6532814824396402 -0.4619397662568939 -0.23911761839505669 0.25881904510228126 0.4999999999995875 0.7071067811860926 0.8660254037838965 0.9659258262886699 1.0 0.9659258262897024 0.8660254037858913 0.7071067811889238 0.5000000000033044 0.2588190451066463 4.6914808775359764e-12 -0.25881904509821835 -0.49999999999637956 -0.7071067811837841 -0.8660254037826207 -0.965925826288198 -1.0 -0.9659258262897974 -0.8660254037857105 -0.7071067811881379 -0.500000000001312 -0.2588190451032534 0.2391176183943677 0.4619397662557762 0.6532814824385357 0.8001031451917568 0.8923991008333436 0.9238795325126286 0.8923991008345494 0.8001031451940817 0.6532814824418166 0.46193976626000655 0.23911761839925183 5.1495993190004116e-12 -0.2391176183900529 -0.46193976625252636 -0.6532814824363702 -0.8001031451907498 -0.8923991008331966 -0.9238795325129331 -0.8923991008348495 -0.8001031451939365 -0.6532814824408475 -0.46193976625770256 -0.2391176183954555 0.18301270189234686 0.3535533905935872 0.5000000000005936 0.6123724356966109 0.6830127018933962 0.707106781188224 0.6830127018945068 0.6123724356987456 0.5000000000035996 0.3535533905974202 0.18301270189672642 4.564345373011557e-12 -0.18301270188860216 -0.35355339059085944 -0.4999999999988792 -0.6123724356959354 -0.6830127018934661 -0.7071067811886498 -0.6830127018948552 -0.6123724356986118 -0.5000000000026404 -0.35355339059528146 -0.18301270189330357 0.09904576054137507 0.19134171618275744 0.2705980500734914 0.33141357403613686 0.36964381061516566 0.38268343236618513 0.36964381061585877 0.33141357403746957 0.27059805007536564 0.19134171618513454 0.09904576054408158 2.8075478980535698e-12 -0.09904576053909553 -0.19134171618112297 -0.2705980500724948 -0.33141357403577404 -0.3696438106152475 -0.3826834323664641 -0.36964381061606055 -0.3314135740373401 -0.2705980500746902 -0.1913417161837466 -0.09904576054193429
</DataArray>
        <DataArray type="Float64" Name="Mode_8_phi1" NumberOfComponents="1" format="ascii">
 0.0 -0.0 2.3084048324661477e-15 -2.3084048324661477e-15 0.0 0.0 0.0 0.0 -0.0 -0.0 -0.0 -0.0 -0.0 -0.0 -0.0 -0.0 0.0 0.0 0.0 0.0 0.0 0.0 0.0 0.0 -0.0 -0.0 -0.0 -2.439312032104919 -4.712388980376466 -6.664324407228047 -8.162097139043741 -9.103636439339999 -9.42477796076938 -9.103636439358056 -8.162097139078625 -6.664324407277498 -4.71238898043985 -2.4393120321780892 -7.745694751139352e-11 2.439312032040461 4.71238898032833 6.6643244071961325 8.162097139027948 9.10363643933537 9.42477796076938 9.103636439355585 8.162097139066995 6.66432440725136 4.712388980395966 2.4393120321159034 2.1326879774641754e-15 1.6322887107552724e-15 8.833882845662778e-16 -5.034132744441337e-27 -8.83388284575144e-16 -1.6322887107552702e-15 -2.132687977460324e-15 -2.3084048324661477e-15 -2.1326879774757275e-15 -1.6322887107837311e-15 -8.833882846123283e-16 -4.4806293585731086e-26 8.833882845379605e-16 1.6322887107339282e-15 2.132687977452624e-15 2.3084048324661477e-15 2.1326879774757275e-15 1.632288710776616e-15 8.833882845937358e-16 1.509296068510619e-26 -8.833882845658471e-16 -1.632288710755273e-15 -2.1326879774641754e-15 -2.4393120321195423 -4.712388980402484 -6.664324407258439 -8.162097139060831 -9.103636439346278 -9.42477796076938 -9.10363643935691 -8.162097139081371 -6.664324407288385 -4.71238898046177 -2.439312032212128 -1.219542605515544e-10 2.4393120320004957 4.712388980295747 6.664324407172189 8.1620971390129 9.103636439328556 9.42477796076938 9.103636439360454 8.16209713907452 6.664324407259336 4.712388980402478 2.439312032119537 2.253630459883821 4.353679728225613 6.157032917882312 7.5407944891598575 8.41066337774921 8.70735945641891 8.410663377720965 7.54079448910539 6.157032917805523 4.353679728132107 2.2536304597803056 -1.0499535913006168e-10 -2.2536304599621944 -4.353679728274083 -6.157032917903733 -7.540794489161552 -8.410663377741699 -8.707359456414567 -8.410663377732366 -7.540794489143619 -6.157032917877809 -4.353679728222752 -2.2536304598821846 1.7248540793430645 3.3321622036335303 4.712388980402557 5.771474235745225 6.437243059730846 6.664324407239654 6.437243059708668 5.77147423570274 4.712388980343354 3.3321622035627723 1.724854079266781 -7.44822934719969e-11 -1.7248540793951594 -3.332162203661162 -4.712388980408238 -5.77147423573494 -6.43724305971289 -6.664324407223727 -6.437243059704625 -5.7714742357193245 -4.71238898038645 -3.3321622036214062 -1.7248540793361642 0.933484301064426 1.8033531896653565 2.550326538570696 3.123499348484124 3.4838108396230276 3.6067063793093683 3.4838108396082808 3.1234993484563107 2.5503265385330427 1.8033531896224335 0.9334843010214514 -3.7130153475398557e-11 -0.9334843010844078 -1.8033531896675834 -2.5503265385572207 -3.123499348459107 -3.4838108395920138 -3.6067063792787084 -3.4838108395844833 -3.1234993484452507 -2.5503265385389895 -1.8033531896407422 -0.9334843010504039 6.956381494763465e-12 1.151548639681243e-11 1.3558127512462908e-11 1.326689910961093e-11 1.10819454576131e-11 7.626452785254189e-12 3.651229958895876e-12 -5.568305436564092e-14 -2.7652956643043344e-12 -3.878570005977903e-12 -3.003222679081729e-12 1.4544806434328499e-22 4.996443440698867e-12 1.1575598207571489e-11 1.909019861845922e-11 2.67117214801374e-11 3.3508411774689504e-11 3.853478921219045e-11 4.0937105860012993e-11 4.00433653922403e-11 3.5415101572495865e-11 2.6964422807596275e-11 1.4953339434144018e-11 -0.9334843010510536 -1.8033531896431554 -2.5503265385445033 -3.1234993484584477 -3.4838108396017162 -3.606706379295095 -3.483810839602306 -3.123499348458367 -2.550326538541403 -1.8033531896341255 -0.9334843010326361 3.0774610311430275e-11 0.9334843010881383 1.8033531896846602 2.5503265385894807 3.123499348506689 3.483810839653171 3.606706379349855 3.4838108396603826 3.1234993485193874 2.5503265386041747 1.8033531896903452 0.9334843010779192 -1.724854079330607 -3.3321622036125196 -4.7123889803774475 -5.771474235720201 -6.4372430597099735 -6.664324407226137 -6.437243059704489 -5.771474235708462 -4.712388980358068 -3.3321622035841756 -1.7248540792914469 5.0986389818785814e-11 1.7248540793815597 3.3321622036610434 4.712388980423394 5.771474235765365 6.4372430597567085 6.664324407277322 6.437243059762883 5.771474235776138 4.7123889804353745 3.3321622036586223 1.7248540793568383 -2.253630459874269 -4.353679728209217 -6.157032917862581 -7.540794489140104 -8.410663377733366 -8.707359456410488 -8.410663377722628 -7.540794489118629 -6.157032917830443 -4.353679728167354 -2.2536304598231456 5.894124255384237e-11 2.253630459925958 4.353679728251409 6.1570329178961245 7.540794489168664 8.410663377761402 8.707359456443202 8.410663377765152 7.540794489175184 6.157032917902978 4.353679728241739 2.253630459892756 -2.4393120321146635 -4.712388980393808 -6.6643244072489045 -8.162097139064262 -9.103636439353634 -9.42477796076938 -9.103636439338388 -8.162097139034804 -6.664324407207291 -4.712388980343781 -2.4393120320596995 5.548943845350189e-11 2.43931203215491 4.712388980417298 6.664324407257632 8.162097139063562 9.103636439349735 9.42477796076938 9.10363643934938 8.162097139062887 6.664324407256084 4.712388980400308 2.4393120321183295 -2.2536304598861614 -4.353679728229221 -6.157032917886844 -7.540794489164961 -8.410663377756082 -8.707359456429351 -8.410663377737047 -7.540794489129125 -6.1570329178385474 -4.353679728175304 -2.253630459833556 4.3586003517253325e-11 2.2536304599062364 4.353679728225411 6.157032917862334 7.540794489126427 8.41066337771115 8.70735945638661 8.410663377705133 7.540794489115754 6.1570329178490715 4.353679728200362 2.2536304598696937 -1.724854079352937 -3.332162203650112 -4.712388980423042 -5.7714742357668785 -6.437243059752443 -6.664324407260984 -6.4372430597304 -5.771474235726269 -4.712388980370466 -3.332162203595349 -1.7248540793063611 2.748456705608666e-11 1.7248540793492941 3.3321622036162633 4.712388980363224 5.77147423568862 6.437243059664373 6.664324407172736 6.437243059651748 5.771474235666187 4.712388980335948 3.3321622035823224 1.7248540793143066 -0.9334843010810805 -1.8033531896937958 -2.5503265386059137 -3.1234993485212335 -3.483810839658406 -3.6067063793406215 -3.4838108396344487 -3.1234993484777878 -2.5503265385514795 -1.8033531896403179 -0.9334843010417647 1.1693565524024051e-11 0.9334843010559949 1.803353189633939 2.550326538516243 3.1234993484095455 3.4838108395338043 3.606706379213225 3.48381083951464 3.12349934837536 2.550326538474684 1.8033531895910524 0.9334843010225619 -2.6843932043670528e-11 -4.562637104800899e-11 -5.572371747592855e-11 -5.7438483972730506e-11 -5.203285210865182e-11 -4.140412552238601e-11 -2.7945690551901652e-11 -1.4261066277946416e-11 -2.8483157034348554e-12 4.230616409956736e-12 5.411579581578975e-12 -7.878212924627489e-23 -1.1863548524480657e-11 -2.915073925460804e-11 -5.003892428727272e-11 -7.207927031443541e-11 -9.243351765769662e-11 -1.0815846596702252e-10 -1.1651259356104984e-10 -1.1524218921222637e-10 -1.0290840695082184e-10 -7.899935582832707e-11 -4.412122669411784e-11 0.9334843010349124 1.803353189615107 2.550326538509581 3.123499348421566 3.483810839567855 3.606706379268432 3.4838108395858205 3.123499348453526 2.5503265385480707 1.8033531896505781 0.9334843010557629 -5.333217261763328e-12 -0.9334843010696653 -1.8033531896770996 -2.550326538595124 -3.123499348526126 -3.4838108396852228 -3.6067063793915835 -3.483810839707364 -3.1234993485661735 -2.5503265386448546 -1.8033531897217754 -0.933484301095625 1.7248540793195282 3.3321622035929157 4.712388980352825 5.771474235694035 6.437243059686515 6.664324407209385 6.437243059697715 5.77147423571386 4.712388980376442 3.3321622036148595 1.724854079332267 -3.979784739113944e-12 -1.7248540793413705 -3.332162203631394 -4.712388980406002 -5.7714742357603015 -6.437243059762492 -6.664324407291098 -6.437243059780848 -5.771474235793943 -4.71238898044884 -3.332162203669066 -1.7248540793628317 2.2536304598674204 4.353679728196867 6.157032917847093 7.540794489123802 8.410663377719834 8.707359456403392 8.410663377725243 7.540794489133401 6.157032917858689 4.353679728208977 2.2536304598765113 2.4797135921347146e-12 -2.253630459871961 -4.353679728208343 -6.1570329178652035 -7.540794489149481 -8.410663377752105 -8.707359456440836 -8.410663377766118 -7.540794489175723 -6.157032917899963 -4.353679728239332 -2.2536304598915264 2.4393120321097923 4.712388980385137 6.664324407238474 8.162097139054001 9.103636439346815 9.42477796076938 9.103636439348222 8.162097139056717 6.664324407242394 4.71238898039182 2.4393120321188864 1.0992125413341034e-11 -2.4393120320976918 -4.712388980372809 -6.664324407226885 -8.16209713904576 -9.103636439342553 -9.42477796076938 -9.103636439352485 -8.162097139064942 -6.664324407253722 -4.712388980398134 -2.4393120321171162 2.253630459880442 4.353679728219643 6.157032917876105 7.540794489155495 8.410663377751314 8.707359456432503 8.410663377750687 7.540794489154815 6.157032917876543 4.353679728224402 2.253630459891102 1.7819485251094264e-11 -2.2536304598570247 -4.353679728192178 -6.1570329178461645 -7.540794489126312 -8.410663377724257 -8.70735945640861 -8.410663377730781 -7.540794489139443 -6.1570329178657826 -4.353679728212506 -2.2536304598762946 1.7248540793439453 3.332162203635641 4.712388980407201 5.7714742357533355 6.437243059745164 6.664324407263169 6.437243059744026 5.771474235751806 4.712388980406845 3.332162203639844 1.7248540793548939 1.95190784688676e-11 -1.724854079317948 -3.332162203604779 -4.71238898037305 -5.771474235718796 -6.437243059711558 -6.664324407231555 -6.437243059715324 -5.771474235726745 -4.712388980385881 -3.3321622036196343 -1.7248540793347749 0.9334843010676668 1.8033531896724355 2.550326538582443 3.123499348500851 3.4838108396456757 3.6067063793387275 3.4838108396446064 3.1234993484993265 2.550326538581678 1.8033531896748303 0.9334843010749783 1.3743022427362252e-11 -0.9334843010490789 -1.803353189650115 -2.5503265385574836 -3.1234993484750415 -3.4838108396199443 -3.606706379313802 -3.4838108396212095 -3.123499348478039 -2.550326538563011 -1.8033531896575756 -0.9334843010591811 9.906187390184768e-12 1.8756409240496834e-11 2.597509118113964e-11 3.116041383957428e-11 3.4002959842063725e-11 3.442396213918817e-11 3.249094265139522e-11 2.8463637583355288e-11 2.271366205589822e-11 1.567592378317468e-11 7.910800084646347e-12 1.3978203033528575e-22 -7.516489020733403e-12 -1.4135681054248117e-11 -1.9434475603050312e-11 -2.3135329657532126e-11 -2.506022715265161e-11 -2.5174134882469278e-11 -2.3572466922266796e-11 -2.0453052198401295e-11 -1.6173046477828175e-11 -1.1038453828147771e-11 -5.521101715200296e-12 -0.9334843010489223 -1.8033531896370223 -2.550326538533593 -3.1234993484425746 -3.48381083958256 -3.6067063792755456 -3.4838108395859897 -3.1234993484493114 -2.550326538543531 -1.8033531896508281 -0.9334843010662306 -2.0103370689486422e-11 0.9334843010299722 1.8033531896202764 2.550326538519386 3.123499348431612 3.483810839574162 3.6067063792686165 3.4838108395793026 3.123499348441683 2.5503265385339944 1.8033531896377744 0.9334843010493042 -1.724854079328526 -3.3321622036072545 -4.712388980369346 -5.771474235709842 -6.4372430597005215 -6.6643244072217485 -6.437243059709707 -5.771474235727687 -4.712388980394847 -3.3321622036407157 -1.7248540793680807 -4.301794167666906e-11 1.724854079291162 3.332162203577557 4.712388980347545 5.7714742356965445 6.437243059693449 6.664324407217736 6.437243059705307 5.7714742357195155 4.712388980380165 3.3321622036165692 1.724854079333756 -2.253630459869823 -4.353679728200586 -6.157032917851778 -7.540794489129077 -8.410663377726896 -8.707359456414016 -8.410663377741484 -7.540794489157279 -6.157032917891825 -4.353679728252245 -2.2536304599297976 -6.388133551611196e-11 2.253630459816031 4.353679728159721 6.157032917823874 7.54079448911442 8.410663377721615 8.707359456412927 8.410663377738933 7.540794489147894 6.157032917871227 4.353679728216968 2.253630459879037
</DataArray>
        <DataArray type="Float64" Name="Mode_8_phi2" NumberOfComponents="1" format="ascii">
 0.0 2.3084048324661477e-15 2.3084048324661477e-15 0.0 2.4044709195328946 4.442882938151651 5.80490630427372 6.283185307179586 5.804906304289454 4.442882938183035 2.4044709195762684 4.929132708213547e-11 -2.4044709194851897 -4.442882938113329 -5.804906304251731 -6.283185307179586 -5.804906304306259 -4.442882938204386 -2.404470919591499 -5.2068439874827836e-11 2.404470919495294 4.44288293813075 5.804906304266409 6.283185307179586 5.8049063042863365 4.442882938167574 2.4044709195434013 2.22974784520985e-15 1.999137227135608e-15 1.6322887107629364e-15 1.1542024162374171e-15 5.974591344554815e-16 8.544663895692548e-27 -5.974591344389759e-16 -1.1542024162226187e-15 -1.6322887107508246e-15 -1.999137227126645e-15 -2.2297478452050482e-15 -2.3084048324661477e-15 -2.2297478452140803e-15 -1.999137227142415e-15 -1.6322887107707536e-15 -1.1542024162441171e-15 -5.974591344597119e-16 -9.564958583425107e-27 5.974591344412339e-16 1.154202416227552e-15 1.6322887107572266e-15 1.9991372271328504e-15 2.229747845209129e-15 2.4044709195468763 4.442882938172893 5.804906304290167 6.283185307179586 5.804906304280171 4.4428829381728985 2.4044709195721823 5.47831091353662e-11 -2.404470919470967 -4.4428829380954316 -5.804906304238248 -6.283185307179586 -5.804906304322093 -4.442882938230989 -2.404470919622782 -8.215667057601543e-11 2.4044709194709664 4.442882938114798 5.804906304259211 6.283185307179586 5.804906304290653 4.4428829381728905 2.4044709195468768 0.0 0.0 0.0 0.0 0.0 0.0 -0.0 -0.0 -0.0 -0.0 -0.0 -0.0 -0.0 -0.0 -0.0 -0.0 -0.0 -0.0 0.0 0.0 0.0 0.0 0.0 2.322540559737774 2.0823328989749648 1.7002176923635737 1.202235459759103 0.6223228673591963 -1.4695444636513877e-11 -0.6223228673878851 -1.2022354597857194 -1.7002176923868262 -2.0823328989936774 -2.32254055975099 -2.404470919539886 -2.3225405597386435 -2.082332898972945 -1.7002176923617542 -1.2022354597599878 -0.6223228673644203 4.6081813396101254e-12 0.6223228673736221 1.202235459769131 1.7002176923709595 2.0823328989849337 2.322540559750121 4.291495373139492 3.8476494904770577 3.141592653577882 2.221441469062917 1.1499027195354539 -2.5255580050387636e-11 -1.1499027195847085 -2.2214414691084334 -3.1415926536173497 -3.8476494905083802 -4.291495373161053 -4.4428829381622705 -4.291495373139709 -3.8476494904725542 -3.141592653574095 -2.221441469064173 -1.1499027195445968 7.342825237689408e-12 1.1499027195592364 2.221441469078665 3.1415926535886207 3.847649490491943 4.291495373158182 5.607108918485559 5.027196326085535 4.104688611894974 2.902453152120461 1.50242030655797 -3.051935830216789e-11 -1.5024203066172988 -2.902453152174737 -4.104688611941123 -5.027196326120813 -5.6071089185080565 -5.804906304282186 -5.607108918481698 -5.027196326076555 -4.104688611887762 -2.902453152120413 -1.5024203065686101 8.067748930794022e-12 1.502420306584556 2.902453152135784 4.1046886119026444 5.027196326096886 5.607108918500324 6.069090959563438 5.441398092697476 4.44288293814732 3.1415926535719967 1.6262080213818257 -3.0349651788133167e-11 -1.6262080214404662 -3.141592653624579 -4.44288293819024 -5.441398092727644 -6.069090959578979 -6.283185307179586 -6.0690909595515725 -5.441398092681547 -4.442882938134726 -3.1415926535684484 -1.6262080213910888 7.0806139959404936e-12 1.6262080214047512 3.1415926535806933 4.442882938145225 5.441398092696223 6.069090959563112 5.607108918499061 5.027196326096528 4.104688611903538 2.9024531521271344 1.5024203065634165 -2.5567219598404074e-11 -1.5024203066121564 -2.902453152168901 -4.10468861193434 -5.027196326113149 -5.607108918499925 -5.804906304274333 -5.607108918474573 -5.027196326070307 -4.104688611882779 -2.902453152117298 -1.5024203065681578 5.005208181115128e-12 1.5024203065771793 2.9024531521234422 4.1046886118849395 5.0271963260732555 5.607108918471903 4.291495373166508 3.847649490498959 3.1415926535946213 2.2214414690753417 1.1499027195447509 -1.7676160821767488e-11 -1.149902719577423 -2.22144146910027 -3.1415926536075407 -3.8476494904967375 -4.291495373148016 -4.442882938148916 -4.291495373126818 -3.8476494904605834 -3.1415926535639906 -2.2214414690573103 -1.1499027195426315 2.6627829598038773e-12 1.1499027195462963 2.2214414690562365 3.141592653556004 3.8476494904483824 4.29149537310574 2.322540559775115 2.082332899004878 1.7002176923856942 1.2022354597742506 0.6223228673688596 -8.539046096010035e-12 -0.6223228673830831 -1.2022354597802631 -1.7002176923791508 -2.082332898982893 -2.3225405597370363 -2.404470919523617 -2.322540559721065 -2.082332898955162 -1.7002176923455905 -1.2022354597478142 -0.6223228673589046 8.089503956439505e-13 0.6223228673581932 1.2022354597404397 1.7002176923282786 2.0823328989280423 2.3225405596816606 4.231835806432228e-11 3.319807875258513e-11 2.3233047393725022e-11 1.3689571015071293e-11 5.668601238487328e-12 -5.133137189309008e-23 -2.834761286549834e-12 -2.737663931395213e-12 3.4019765100213895e-15 4.747689663592567e-12 1.0583377085660816e-11 1.6436857189137592e-11 2.116749742054405e-11 2.3714532706168138e-11 2.3237878310341133e-11 1.917033567824838e-11 1.1340938106519502e-11 -3.581765488294042e-24 -1.417477805854772e-11 -3.0125033056762793e-11 -4.647235464418307e-11 -6.166755052087847e-11 -7.406653735271836e-11 -2.3225405596970017 -2.0823328989438554 -1.7002176923434307 -1.202235459750086 -0.6223228673600063 6.4867352824674465e-12 0.6223228673755048 1.2022354597727907 1.7002176923769166 2.08233289898989 2.322540559755586 2.404470919553983 2.3225405597611473 2.082332899000624 1.7002176923904957 1.2022354597852078 0.6223228673815713 4.595955181809037e-13 -0.6223228673836478 -1.2022354597958775 -1.7002176924143044 -2.0823328990420666 -2.322540559818548 -4.2914953731069705 -3.8476494904531897 -3.1415926535642247 -2.221441469060167 -1.1499027195427307 1.0090822483922944e-11 1.1499027195647655 2.2214414690874515 3.1415926535992753 3.8476494904969107 4.291495373159248 4.442882938172154 4.291495373160366 3.8476494905001846 3.141592653604103 2.2214414690916997 1.1499027195649847 2.0212053908012247e-12 -1.1499027195636156 -2.2214414690979987 -3.141592653622288 -3.84764949053589 -4.291495373210571 -5.607108918467278 -5.027196326073429 -4.1046886118905705 -2.9024531521248624 -1.5024203065708288 1.0712092435154233e-11 1.5024203065930373 2.9024531521492816 4.104688611918122 5.027196326103971 5.607108918500699 5.804906304286909 5.607108918497857 5.0271963261003245 4.104688611914768 2.9024531521462227 1.5024203065892179 4.172102482851092e-12 -1.5024203065826751 -2.902453152144864 -4.104688611921604 -5.027196326121025 -5.607108918528742 -6.069090959564308 -5.441398092700813 -4.442882938154271 -3.141592653583847 -1.6262080213987868 8.910421704573709e-12 1.6262080214160044 3.1415926535992837 4.442882938166836 5.441398092709154 6.0690909595684035 6.283185307179586 6.0690909595617955 5.441398092698667 4.442882938155229 3.141592653589008 1.6262080214089527 6.173286296492308e-12 -1.626208021397027 -3.14159265357832 -4.442882938146799 -5.441398092697057 -6.069090959563327 -5.607108918514578 -5.027196326111439 -4.104688611918502 -2.9024531521433357 -1.5024203065813988 5.756086887019315e-12 1.5024203065910586 2.9024531521476415 4.104688611914586 5.027196326096991 5.607108918489668 5.8049063042722535 5.607108918480489 5.027196326081598 4.104688611896909 2.902453152132111 1.502420306582087 7.22433164744556e-12 -1.502420306566664 -2.902453152113925 -4.104688611874915 -5.027196326058596 -5.607108918453374 -4.291495373186116 -3.8476494905168757 -3.141592653611036 -2.221441469090998 -1.1499027195600742 2.5084437007504385e-12 1.149902719562578 2.2214414690862654 3.1415926535952923 3.8476494904874556 4.291495373143132 4.442882938149911 4.2914953731333725 3.8476494904706082 3.1415926535755845 2.2214414690689557 1.1499027195533198 6.701247668582132e-12 -1.1499027195380171 -2.221441469048263 -3.1415926535470264 -3.8476494904351406 -4.291495373088834 -2.32254055978955 -2.0823328990182497 -1.7002176923977772 -1.202235459785125 -0.6223228673784711 3.3193844135040433e-13 0.6223228673765115 1.2022354597756613 1.7002176923769279 2.0823328989835046 2.322540559740964 2.404470919531238 2.3225405597317184 2.082332898967213 1.700217692357473 1.2022354597582223 0.6223228673668912 4.260962061229587e-12 -0.6223228673560574 -1.2022354597407963 -1.7002176923302212 -2.0823328989294705 -2.322540559682357 -4.599268318692442e-11 -3.7374398689801695e-11 -2.737499483789672e-11 -1.7135969825294157e-11 -7.713296034864968e-12 -7.31460278414194e-24 5.408092893444074e-12 8.220977944375958e-12 8.481198525611964e-12 6.5402902397884226e-12 2.9877878306479954e-12 -1.3657055146644062e-12 -5.609956979237839e-12 -8.891262782298138e-12 -1.0400759568440124e-11 -9.58389316427918e-12 -6.110700999277647e-12 -5.714500534765242e-23 8.41879286631514e-12 1.8484933571093788e-11 2.9294555880634784e-11 3.973987002934083e-11 4.861485233550098e-11 2.32254055970465 2.0823328989494962 1.7002176923478713 1.2022354597546074 0.622322867365837 1.719304572495755e-12 -0.6223228673641771 -1.2022354597580458 -1.7002176923590062 -2.0823328989696557 -2.3225405597344215 -2.4044709195337357 -2.322540559743062 -2.082332898985267 -1.7002176923786545 -1.2022354597778955 -0.6223228673798923 -5.529507975158311e-12 0.6223228673708682 1.2022354597747245 1.7002176923844994 2.082332899002952 2.3225405597722113 4.2914953731213865 3.8476494904651797 3.1415926535747856 2.2214414690709647 1.1499027195551657 5.071962046085792e-12 -1.1499027195462732 -2.2214414690656996 -3.1415926535750236 -3.84764949047168 -4.291495373135168 -4.4428829381518185 -4.291495373144921 -3.8476494904892284 -3.1415926535975522 -2.2214414690897746 -1.1499027195682803 -1.1389182091994483e-11 1.1499027195471887 2.221441469073569 3.141592653588999 3.847649490491621 4.291495373157651 5.607108918479985 5.027196326085142 4.104688611902374 2.902453152138435 1.5024203065872515 9.104196068703575e-12 -1.502420306569963 -2.9024531521238144 -4.104688611891874 -5.027196326079174 -5.607108918480048 -5.804906304273293 -5.607108918491861 -5.027196326100262 -4.104688611919069 -2.9024531521536843 -1.50242030659915 -1.640679810393497e-11 1.5024203065677513 2.902453152126423 4.1046886118984185 5.0271963260895856 5.607108918490726 6.0690909595651785 5.44139809270415 4.442882938161225 3.1415926535956933 1.6262080214157533 1.2534388968582564e-11 -1.6262080213915415 -3.141592653573983 -4.442882938143436 -5.441398092690666 -6.06909095955783 -6.283185307179586 -6.069090959572019 -5.441398092715787 -4.44288293817573 -3.141592653609577 -1.6262080214268164 -1.9410444820134667e-11 1.626208021389313 3.141592653575952 4.442882938148373 5.441398092697894 6.069090959563542 5.607108918499022 5.0271963261024535 4.104688611917194 2.9024531521503047 1.5024203065957926 1.4056334772520076e-11 -1.50242030656872 -2.902453152126278 -4.104688611897931 -5.027196326088582 -5.607108918492457 -5.804906304288254 -5.607108918508272 -5.027196326116452 -4.104688611933511 -2.9024531521650916 -1.502420306606615 -1.946418306112581e-11 1.502420306569091 2.9024531521317014 4.104688611906733 5.0271963260991495 5.607108918500836 4.29149537315577 3.847649490495598 3.141592653600022 2.221441469090498 1.1499027195687073 1.2654340829353885e-11 -1.1499027195443745 -2.221441469069018 -3.1415926535830216 -3.8476494904837435 -4.291495373150693 -4.442882938170241 -4.291495373164835 -3.8476494905085636 -3.141592653614556 -2.221441469103185 -1.149902719577378 -1.6069224369886426e-11 1.1499027195464486 2.2214414690757933 3.14159265359281 3.8476494904945726 4.291495373159208 2.3225405597484046 2.0823328989868255 1.7002176923773904 1.2022354597759486 0.6223228673792 7.874101413703016e-12 -0.6223228673640625 -1.2022354597625993 -1.7002176923668393 -2.0823328989795242 -2.322540559745364 -2.404470919545144 -2.322540559754057 -2.082332898994755 -1.7002176923861168 -1.2022354597833813 -0.6223228673840148 -9.328738919097178e-12 0.6223228673660656 1.2022354597675138 1.7002176923735473 2.0823328989865715 2.3225405597507724
</DataArray>
        <DataArray type="Float64" Name="Mode_9_w" NumberOfComponents="1" format="ascii">
 0.0 0.0 -5.99903913064743e-32 -0.0 0.0 0.0 0.0 0.0 0.0 0.0 0.0 0.0 0.0 0.0 0.0 0.0 0.0 0.0 0.0 0.0 0.0 0.0 0.0 0.0 0.0 0.0 0.0 6.123233995725828e-17 1.060575238723673e-16 1.2246467991473532e-16 1.0605752387275675e-16 6.123233995799063e-17 9.066169973722135e-28 -6.123233995642047e-17 -1.0605752387185021e-16 -1.2246467991473532e-16 -1.0605752387331832e-16 -6.123233995896314e-17 -2.0129366068123063e-27 6.123233995575641e-17 1.0605752387164507e-16 1.2246467991473532e-16 1.0605752387316718e-16 6.123233995839307e-17 1.0148736260142394e-27 -6.123233995663526e-17 -1.0605752387215242e-16 -1.2246467991473532e-16 -1.0605752387265989e-16 -6.123233995751422e-17 -6.393939340313617e-17 -1.2678476605778636e-16 -1.8746081621376125e-16 -2.44929359829779e-16 -2.982070941918889e-16 -3.463824224938197e-16 -3.8863105151161297e-16 -4.2423009548925087e-16 -4.525704449143652e-16 -4.731671885508693e-16 -4.856679104046513e-16 -4.898587196589413e-16 -4.856679104053945e-16 -4.731671885521587e-16 -4.525704449159994e-16 -4.242300954910303e-16 -3.8863105151334615e-16 -3.463824224953296e-16 -2.9820709419301807e-16 -2.449293598303952e-16 -1.8746081621379167e-16 -1.2678476605778622e-16 -6.393939340313603e-17 -0.0 -0.0 -0.0 -0.0 -0.0 -0.0 0.0 0.0 0.0 0.0 0.0 0.0 -0.0 -0.0 -0.0 -0.0 -0.0 -0.0 0.0 0.0 0.0 0.0 0.0 0.0652630961101459 0.11303899832191867 0.13052619221989545 0.11303899832117553 0.06526309610882822 -1.5954781701030043e-12 -0.06526309611162463 -0.11303899832288578 -0.13052619222009446 -0.11303899832055499 -0.0652630961075544 3.147830176676426e-12 0.06526309611248178 0.1130389983231399 0.13052619222029344 0.1130389983213566 0.06526309610935961 -5.003082868929888e-13 -0.06526309611025916 -0.11303899832197153 -0.13052619222049242 -0.11303899832250625 -0.06526309611052213 0.12940952255147775 0.22414386804219838 0.25881904510222653 0.22414386804082673 0.12940952254904814 -2.942515120535953e-12 -0.12940952255420957 -0.22414386804399156 -0.2588190451026113 -0.22414386803970782 -0.12940952254672536 5.78526341021767e-12 0.1294095225557777 0.22414386804446124 0.25881904510299614 0.22414386804122058 0.12940952255010088 -8.555089309475221e-13 -0.12940952255164642 -0.22414386804229847 -0.25881904510338094 -0.2241438680433609 -0.12940952255222926 0.19134171618285015 0.33141357403585964 0.38268343236470226 0.33141357403397875 0.1913417161795252 -4.02392465147731e-12 -0.19134171618658566 -0.33141357403831584 -0.38268343236524444 -0.3314135740324786 -0.19134171617638418 7.879263284528927e-12 0.19134171618870388 0.3314135740389489 0.3826834323657864 0.3314135740345919 0.1913417161810661 -1.0637187546073143e-12 -0.19134171618299833 -0.33141357403596755 -0.38268343236632885 -0.3314135740375389 -0.19134171618394402 0.2500000000003006 0.4330127018924325 0.4999999999994127 0.4330127018901776 0.24999999999631642 -4.830297103196917e-12 -0.2500000000048019 -0.43301270189541746 -0.5000000000001198 -0.4330127018884478 -0.24999999999261335 9.414124694940472e-12 0.2500000000073268 0.4330127018961926 0.5000000000008269 0.43301270189107616 0.2499999999983451 -1.1269147175822473e-12 -0.2500000000004125 -0.4330127018926096 -0.500000000001534 -0.43301270189467334 -0.2500000000017709 0.30438071450464366 0.5272028623658228 0.6087614290079713 0.5272028623633149 0.30438071450022186 -5.362476609489778e-12 -0.30438071450964854 -0.5272028623691578 -0.6087614290088027 -0.5272028623614659 -0.3043807144961877 1.038864480779131e-11 0.3043807145124095 0.527202862370016 0.6087614290096345 0.5272028623644798 0.30438071450268095 -1.0497939243528612e-12 -0.3043807145046389 -0.527202862366009 -0.6087614290104659 -0.5272028623685264 -0.3043807145064354 0.35355339059353835 0.6123724356959003 0.7071067811856914 0.6123724356932563 0.3535533905888914 -5.6264967393303415e-12 -0.3535533905987866 -0.6123724356994048 -0.7071067811865963 -0.6123724356913828 -0.35355339058474217 1.0819647960078057e-11 0.35355339060161756 0.6123724357002778 0.7071067811875013 0.6123724356946452 0.3535533905917117 -8.475901408740539e-13 -0.3535533905933284 -0.6123724356960143 -0.7071067811884063 -0.612372435698936 -0.3535533905955681 0.39667667014586905 0.6870641468695301 0.7933533402903362 0.6870641468668577 0.39667667014119545 -5.6349034526353515e-12 -0.39667667015110925 -0.6870641468730239 -0.7933533402912563 -0.6870641468650411 -0.39667667013713065 1.074062277893465e-11 0.3966766701538509 0.6870641468738422 0.7933533402921765 0.687064146868411 0.39667667014428876 -5.33825128273422e-13 -0.39667667014536423 -0.6870641468694736 -0.7933533402930968 -0.6870641468727402 -0.3966766701480406 0.43301270189247043 0.7500000000000868 0.8660254037835671 0.7499999999974816 0.4330127018879493 -5.412264719568583e-12 -0.4330127018974702 -0.750000000003398 -0.8660254037844388 -0.7499999999957854 -0.4330127018841403 1.0197643603386705e-11 0.4330127018999734 0.750000000004089 0.8660254037853103 0.7499999999991198 0.4330127018912189 -1.2582817965533433e-13 -0.4330127018915821 -0.7499999999997473 -0.866025403786182 -0.750000000003293 -0.4330127018946724 0.46193976625591354 0.8001031451914 0.9238795325105178 0.8001031451889444 0.46193976625169847 -4.984848776200089e-12 -0.46193976626045974 -0.8001031451943665 -0.9238795325112736 -0.8001031451874121 -0.4619397662482887 9.249237212536744e-12 0.4619397662625936 0.8001031451948604 0.9238795325120295 0.8001031451905758 0.4619397662550461 3.5318446900115576e-13 -0.4619397662545575 -0.8001031451906581 -0.9238795325127852 -0.8001031451944101 -0.46193976625802513 0.4829629131448488 0.836516303738038 0.9659258262884793 0.8365163037357983 0.482962913141065 -4.387685285172536e-12 -0.48296291314876105 -0.8365163037405166 -0.9659258262890505 -0.8365163037344548 -0.4829629131381667 7.967215135897649e-12 0.48296291315040907 0.8365163037407469 0.9659258262896218 0.8365163037373192 0.48296291314437545 8.788592967077226e-13 -0.4829629131429483 -0.8365163037367691 -0.9659258262901927 -0.8365163037406484 -0.48296291314673845 0.4957224306872943 0.8586164364016401 0.9914448613734786 0.8586164363996657 0.4957224306840359 -3.659128482946255e-12 -0.4957224306904256 -0.8586164364035086 -0.9914448613737968 -0.8586164363985134 -0.4957224306817228 6.428871236397982e-12 0.49572243069149935 0.858616436403412 0.9914448613741152 0.8586164364009602 0.4957224306871974 1.4251425779886583e-12 -0.49572243068478195 -0.8586164363997197 -0.9914448613744336 -0.858616436403646 -0.49572243068882843 0.5000000000004974 0.8660254037850246 1.0 0.8660254037833459 0.4999999999978247 -2.8362753186324354e-12 -0.5000000000027385 -0.8660254037861828 -1.0 -0.8660254037823696 -0.4999999999961353 4.721311549766037e-12 0.5000000000031737 0.8660254037857076 1.0 0.8660254037842944 0.5000000000007259 1.965018058416421e-12 -0.49999999999732236 -0.8660254037823302 -1.0 -0.86602540378622 -0.5000000000015429 0.49572243068750577 0.8586164364020509 0.9914448613741523 0.8586164364006988 0.49572243068546834 -1.966213567147762e-12 -0.4957224306888246 -0.858616436402488 -0.9914448613738447 -0.8586164363999236 -0.4957224306844342 2.93208833359313e-12 0.4957224306886173 0.8586164364016518 0.991444861373537 0.8586164364013052 0.4957224306880668 2.467749215337572e-12 -0.4957224306837413 -0.8586164363986589 -0.9914448613732294 -0.8586164364024459 -0.49572243068806415 0.4829629131451935 0.8365163037387385 0.9659258262896974 0.8365163037377462 0.4829629131438288 -1.0907199618192075e-12 -0.4829629131456324 -0.8365163037385321 -0.9659258262891683 -0.8365163037372405 -0.48296291314348233 1.1536583838561224e-12 0.48296291314484485 0.8365163037374235 0.9659258262886395 0.8365163037381345 0.4829629131461631 2.9138324288928304e-12 -0.48296291314102513 -0.8365163037349128 -0.9659258262881107 -0.8365163037385585 -0.48296291314540096 0.4619397662563212 0.8001031451922775 0.9238795325121447 0.8001031451916574 0.4619397662556308 -2.5508408483763705e-13 -0.46193976625596234 -0.8001031451915313 -0.9238795325114827 -0.8001031451914666 -0.4619397662559626 -5.262115675202255e-13 0.4619397662546792 0.8001031451902428 0.9238795325108204 0.8001031451919417 0.46193976625773714 3.274413181915729e-12 -0.4619397662519526 -0.8001031451882848 -0.9238795325101581 -0.8001031451917459 -0.4619397662563132 0.4330127018928803 0.750000000001039 0.8660254037854654 0.7500000000007833 0.4330127018928279 4.996917634467104e-13 -0.43301270189184515 -0.7499999999998742 -0.8660254037847568 -0.75000000000093 -0.43301270189378815 -2.0200921208249567e-12 0.4330127018901779 0.7499999999985036 0.8660254037840484 0.7500000000010701 0.4330127018947411 3.5262625543214886e-12 -0.4330127018885152 -0.7499999999971363 -0.8660254037833396 -0.7500000000003724 -0.4330127018927881 0.3966766701462322 0.6870641468704685 0.7933533402923706 0.6870641468705487 0.396676670146748 1.134566456594354e-12 -0.3966766701446715 -0.6870641468690267 -0.7933533402916988 -0.6870641468710308 -0.3966766701482557 -3.2471722838555782e-12 0.3966766701427443 0.6870641468676716 0.793353340291027 0.6870641468709325 0.3966766701485035 3.64891385176033e-12 -0.3966766701420727 -0.6870641468668955 -0.7933533402903546 -0.6870641468698717 -0.3966766701461745 0.3535533905938196 0.612372435696753 0.7071067811877331 0.6123724356971219 0.35355339059480306 1.6144556616263503e-12 -0.35355339059191354 -0.612372435695185 -0.7071067811871741 -0.612372435697914 -0.3535533905967335 -4.14207709722108e-12 0.3535533905898706 0.6123724356939405 0.7071067811866147 0.6123724356976743 0.3535533905964307 3.625289255424884e-12 -0.3535533905900597 -0.6123724356937275 -0.7071067811860561 -0.6123724356964062 -0.35355339059390306 0.3043807145048223 0.5272028623665369 0.608761429009901 0.5272028623671314 0.304380714506142 1.9095169218121303e-12 -0.30438071450277243 -0.5272028623650042 -0.608761429009523 -0.5272028623681843 -0.30438071450834453 -4.639258698597594e-12 0.3043807145007681 0.52720286236396 0.6087614290091443 0.5272028623679061 0.30438071450766685 3.4411669493629556e-12 -0.3043807145016435 -0.5272028623642475 -0.608761429008766 -0.5272028623665954 -0.30438071450513743 0.25000000000037137 0.4330127018929763 0.5000000000011253 0.4330127018937161 0.25000000000187256 1.994909962990646e-12 -0.24999999999839362 -0.43301270189163854 -0.5000000000009838 -0.4330127018949588 -0.2500000000041669 -4.691480877544539e-12 0.2499999999965873 0.43301270189087915 0.5000000000008419 0.4330127018947459 0.25000000000330924 3.0892682407416716e-12 -0.2499999999979343 -0.433012701891574 -0.5000000000007003 -0.43301270189356256 -0.2500000000009835 0.19134171618282467 0.3314135740362229 0.38268343236610863 0.3314135740370106 0.191341716184327 1.8533034489335664e-12 -0.1913417161811372 -0.33141357403522775 -0.38268343236623126 -0.3314135740383397 -0.1913417161865059 -4.266067757440954e-12 0.19134171617968407 0.33141357403480814 0.3826834323663544 0.3314135740382755 0.19134171618567017 2.566318900457059e-12 -0.1913417161812453 -0.3314135740357806 -0.3826834323664766 -0.33141357403737703 -0.19134171618375015 0.12940952255143076 0.22414386804242706 0.2588190451032361 0.2241438680430684 0.1294095225526378 1.4743509813088684e-12 -0.12940952255010013 -0.22414386804164946 -0.2588190451033326 -0.2241438680440988 -0.1294095225543257 -3.3413327163385545e-12 0.12940952254899757 0.22414386804135153 0.2588190451034291 0.22414386804399963 0.12940952255356813 1.872217370948399e-12 -0.1294095225503412 -0.2241438680421829 -0.2588190451035252 -0.2241438680432722 -0.12940952255210378 0.06526309611009956 0.11303899832201234 0.13052619222041834 0.11303899832238844 0.06526309611080276 8.548878394279482e-13 -0.06526309610933015 -0.11303899832156257 -0.13052619222046807 -0.11303899832296947 -0.06526309611175939 -1.9152046083813134e-12 0.06526309610871096 0.1130389983214001 0.13052619222051826 0.11303899832288591 0.06526309611127706 1.0128172143244197e-12 -0.06526309610953053 -0.11303899832190185 -0.13052619222056713 -0.11303899832245402 -0.06526309611045196
</DataArray>
        <DataArray type="Float64" Name="Mode_9_phi1" NumberOfComponents="1" format="ascii">
 0.0 -0.0 1.5389365549774318e-15 -1.5389365549774318e-15 0.0 0.0 0.0 0.0 0.0 0.0 0.0 0.0 0.0 0.0 0.0 0.0 -0.0 -0.0 -0.0 -0.0 -0.0 -0.0 -0.0 -0.0 -0.0 -0.0 -0.0 -1.5707963267920906 -2.720699046348161 -3.141592653589793 -2.7206990463581517 -1.5707963268108776 -2.32574918788603e-11 1.5707963267705982 2.7206990463348966 3.141592653589793 2.720699046372558 1.5707963268358256 5.1637965007595674e-11 -1.570796326753563 -2.720699046329634 -3.141592653589793 -2.7206990463686807 -1.5707963268212013 -2.603460467155266e-11 1.5707963267761083 2.720699046342649 3.141592653589793 2.720699046355667 1.5707963267986562 1.5257707394125797e-15 1.486498563472594e-15 1.4217919849761569e-15 1.332758151422404e-15 1.2209204563878016e-15 1.0881924738415925e-15 9.368452163642583e-16 7.694682774925895e-16 5.88925523056293e-16 3.9830608963964087e-16 2.0087152859803896e-16 9.95672632178956e-27 -2.0087152858030423e-16 -3.983060896245226e-16 -5.889255230438981e-16 -7.694682774829069e-16 -9.368452163571623e-16 -1.0881924738368492e-15 -1.2209204563850795e-15 -1.3327581514212863e-15 -1.4217919849761172e-15 -1.486498563472594e-15 -1.5257707394125797e-15 -1.5707963268008311 -2.7206990463581757 -3.141592653589793 -2.720699046346759 -1.5707963267968708 -1.3699193257761673e-11 1.5707963267731524 2.7206990463330656 3.141592653589793 2.720699046380995 1.570796326856171 8.130284036770292e-11 -1.5707963267296752 -2.7206990463170926 -3.141592653589793 -2.7206990463787126 -1.5707963268364036 -4.1076940140608516e-11 1.5707963267652487 2.7206990463376326 3.141592653589793 2.7206990463581735 1.570796326800828 1.5573579464712228 2.6974230888560915 3.114715892931378 2.6974230888369637 1.5573579464381693 -3.807252114479115e-11 -1.5573579465040943 -2.6974230888749866 -3.114715892931296 -2.6974230888179727 -1.5573579464053575 7.511593277004962e-11 1.5573579465221326 2.6974230888768673 3.1147158929312133 2.697423088832918 1.5573579464460188 -1.1938739237252451e-11 -1.5573579464666787 -2.697423088844803 -3.1147158929311316 -2.6974230888561674 -1.5573579464713445 1.5172727398963979 2.6279934744368547 3.0345454797826354 2.6279934744193767 1.5172727398662988 -3.449976393615285e-11 -1.5172727399260084 -2.627993474453691 -3.0345454797823113 -2.627993474402069 -1.517272739836648 6.782980334330473e-11 1.5172727399419763 2.6279934744550095 3.034545479781987 2.6279934744156184 1.5172727398738066 -1.003048581021058e-11 -1.5172727398911212 -2.6279934744254643 -3.034545479781664 -2.627993474436525 -1.517272739896342 1.4512265760745555 2.513598163052676 2.9024531521399353 2.5135981630370203 1.4512265760477312 -3.051935830217426e-11 -1.451226576100479 -2.5135981630671345 -2.9024531521392296 -2.51359816302147 -1.451226576021499 5.976008006238918e-11 1.4512265761141352 2.5135981630677637 2.9024531521385244 2.513598163033326 1.4512265760546015 -8.067748930780018e-12 -1.4512265760684528 -2.513598163040979 -2.9024531521378183 -2.5135981630515056 -1.4512265760740202 1.3603495231802858 2.3561944901979373 2.720699046352392 2.3561944901841834 1.3603495231568943 -2.6283569444539228e-11 -1.3603495232022125 -2.3561944902097345 -2.7206990463511094 -2.3561944901703296 -1.3603495231341804 5.12260001594494e-11 1.3603495232133864 2.3561944902095098 2.720699046349827 2.356194490180189 1.3603495231628042 -6.131991594871287e-12 -1.360349523173199 -2.3561944901855703 -2.7206990463485443 -2.356194490195319 -1.36034952317888 1.2461965127844326 2.1584756763556343 2.492393025561674 2.158475676343805 1.2461965127645256 -2.195506920173226e-11 -1.2461965128022188 -2.1584756763646045 -2.4923930255596694 -2.1584756763315505 -1.2461965127453043 4.253322341083014e-11 1.246196512810818 2.1584756763634325 2.4923930255576647 2.158475676339205 1.2461965127691843 -4.29806970455356e-12 -1.2461965127762982 -2.158475676342343 -2.49239302555566 -2.1584756763510873 -1.2461965127818515 1.11072073454406 1.923824745248608 2.221441469081873 1.9238247452386594 1.110720734527566 -1.7676160821747303e-11 -1.1107207345577048 -1.9238247452546933 -2.22144146907903 -1.9238247452278499 -1.1107207345116874 3.3990926545760806e-11 1.1107207345637549 1.9238247452525115 2.221441469076187 1.923824745233174 1.1107207345307393 -2.6627829598144715e-12 -1.110720734534871 -1.9238247452341941 -2.2214414690733433 -1.923824745241729 -1.110720734540011 0.9562402165858386 1.6562566393656195 1.912480433166302 1.6562566393574487 0.9562402165725776 -1.3583660707832478e-11 -0.9562402165954773 -1.6562566393688565 -1.9124804331625351 -1.656256639347886 -0.9562402165597848 2.589165490513857e-11 0.9562402165990941 1.6562566393656462 1.912480433158767 1.6562566393508238 0.9562402165740478 -1.286854243499879e-12 -0.9562402165756432 -1.6562566393499316 -1.9124804331549992 -1.6562566393560767 -0.9562402165800991 0.7853981634021194 1.3603495231822096 1.5707963267996394 1.3603495231756586 0.7853981633918108 -9.816762307440543e-12 -0.7853981634080262 -1.3603495231827392 -1.5707963267948957 -1.3603495231671052 -0.78539816338174 1.8496479484472693e-11 0.7853981634094039 1.360349523178516 1.5707963267901535 1.3603495231676765 0.7853981633914174 -2.282270722602158e-13 -0.7853981633910224 -1.3603495231651632 -1.5707963267854104 -1.3603495231697686 -0.7853981633945191 0.6011177298892338 1.0411664494972135 1.2022354597745244 1.0411664494920798 0.6011177298815096 -6.486735282531466e-12 -0.601117729891792 -1.0411664494952568 -1.2022354597687919 -1.0411664494842703 -0.6011177298737149 1.2035942524311725e-11 0.6011177298912104 1.041166449490085 1.2022354597630593 1.0411664494825694 0.6011177298791501 4.595955181679077e-13 -0.601117729877395 -1.0411664494787984 -1.2022354597573273 -1.0411664494817425 -0.6011177298796678 0.4065520053567643 0.7041687291956279 0.8131040107101096 0.7041687291916713 0.4065520053511861 -3.693497374224133e-12 -0.40655200535646824 -0.7041687291914995 -0.813104010703412 -0.7041687291843243 -0.40655200534515745 6.706699836357988e-12 0.40655200535426705 0.704168729185476 0.8131040106967158 0.7041687291805192 0.4065520053467943 7.398125192831565e-13 -0.40655200534439784 -0.7041687291759127 -0.8131040106900201 -0.7041687291771056 -0.4065520053451957 0.20503006329525703 0.35512248670521274 0.4100601265874812 0.3551224867021648 0.20503006329133416 -1.5134101222976977e-12 -0.20503006329268939 -0.3551224866992915 -0.41006012657988594 -0.3551224866949966 -0.20503006328651405 2.65897162378291e-12 0.20503006328926973 0.35512248669256175 0.41006012657228935 0.3551224866893169 0.2050300632849153 5.894368599562137e-13 -0.20503006328262904 -0.35512248668434226 -0.4100601265646942 -0.3551224866837355 -0.20503006328172607 5.762054942250677e-12 8.781000574416566e-12 8.75543987077064e-12 6.382053774735755e-12 2.9926873548130723e-12 -1.3048826093544895e-23 -1.6073059874258666e-12 -1.5847642919582336e-12 -4.473371085140788e-13 8.141825077098291e-13 1.1613640262932116e-12 -1.750713983250553e-23 -2.546396606877579e-12 -5.610263757419027e-12 -7.862858374841287e-12 -8.009210557076288e-12 -5.316461767987589e-12 -2.3614815421757462e-23 6.701494348503211e-12 1.2804687690200615e-11 1.6170961137097848e-11 1.5203634489929878e-11 9.470513149137376e-12 -0.20503006328463458 -0.3551224866890237 -0.4100601265714051 -0.3551224866906221 -0.20503006328628187 8.132230198872313e-13 0.20503006328891468 0.3551224866956731 0.41006012657874447 0.3551224866967695 0.20503006328958887 -1.2127073930850192e-12 -0.20503006329256326 -0.35512248670179525 -0.4100601265860865 -0.35512248670380714 -0.2050300632948256 -1.0206574213631483e-12 0.20503006329428122 0.35512248670702545 0.41006012659342794 0.3551224867107494 0.20503006329855916 -0.4065520053470964 -0.7041687291809657 -0.8131040106958287 -0.7041687291820516 -0.40655200534816394 9.181541184290035e-13 0.40655200535078967 0.7041687291865508 0.813104010702031 0.704168729187381 0.40655200535119507 -9.711348774066702e-13 -0.4065520053534491 -0.7041687291913721 -0.8131040107082314 -0.7041687291938908 -0.4065520053567756 -2.45282688379653e-12 0.40655200535355757 0.7041687291950138 0.8131040107144311 0.7041687292000027 0.4065520053594567 -0.6011177298804355 -1.0411664494840158 -1.202235459762185 -1.0411664494849104 -0.6011177298814987 3.3193844134598974e-13 0.6011177298829109 1.0411664494881419 1.2022354597672062 1.0411664494897566 0.6011177298848718 6.847540004423527e-13 -0.6011177298841826 -1.0411664494915596 -1.2022354597722291 -1.041166449495469 -0.6011177298901235 -4.260962061315317e-12 0.6011177298835756 1.041166449494108 1.2022354597772529 1.0411664495003086 0.6011177298912121 -0.7853981633940652 -1.360349523170355 -1.570796326789309 -1.3603495231713727 -0.785398163395685 -9.063406028499035e-13 0.7853981633947588 1.3603495231726959 1.5707963267931657 1.360349523176091 0.7853981633999961 3.6640418044474695e-12 -0.7853981633943041 -1.3603495231746603 -1.57079632679702 -1.3603495231807985 -0.7853981634042941 -6.3959327791732415e-12 0.7853981633938595 1.3603495231766307 1.5707963268008769 1.3603495231839862 0.7853981634033229 -0.9562402165783705 -1.6562566393549252 -1.9124804331579726 -1.6562566393563798 -0.9562402165810708 -2.7350186079218088e-12 0.9562402165767949 1.6562566393552358 1.912480433160723 1.6562566393613263 0.9562402165868902 7.827727118032135e-12 -0.9562402165743342 -1.6562566393557536 -1.9124804331634737 -1.6562566393648757 -0.9562402165896745 -8.796176923183879e-12 0.9562402165749002 1.6562566393576676 1.9124804331662262 1.656256639366106 0.956240216586246 -1.110720734536998 -1.9238247452388477 -2.221441469075459 -1.9238247452410229 -1.1107207345412575 -5.0719620460987885e-12 1.1107207345327639 1.923824745236968 2.221441469077215 1.9238247452465527 1.1107207345490782 1.3012718979219497e-11 -1.110720734528104 -1.9238247452360964 -2.2214414690789717 -1.9238247452488415 -1.1107207345498828 -1.1389182091987652e-11 1.1107207345304517 1.92382474523847 2.2214414690807267 1.9238247452478971 1.1107207345436971 -1.2461965127775778 -2.15847567634655 -2.4923930255570217 -2.158475676349695 -1.2461965127838015 -7.817950401112889e-12 1.246196512770415 2.1584756763424044 2.4923930255579334 2.1584756763561352 1.2461965127940464 1.899406807517772e-11 -1.2461965127634373 -2.158475676340265 -2.4923930255588465 -2.15847567635713 -1.2461965127925039 -1.4088836932951025e-11 1.246196512768253 2.158475676343572 2.4923930255597586 2.1584756763538957 1.2461965127833783 -1.360349523173432 -2.3561944901892438 -2.720699046349286 -2.356194490193564 -1.360349523181941 -1.0855099267700298e-11 1.360349523163185 2.356194490182858 2.7206990463495426 2.3561944902012173 1.3603495231949414 2.5528215098959702e-11 -1.3603495231538667 -2.3561944901796106 -2.7206990463497998 -2.3561944902009513 -1.360349523190788 -1.680993831298405e-11 1.3603495231617109 2.356194490184288 2.7206990463500564 2.3561944901954037 1.3603495231786449 -1.4512265760674967 -2.5135981630440747 -2.902453152138105 -2.5135981630497333 -1.451226576078523 -1.405633477249286e-11 1.4512265760541516 2.5135981630355864 2.9024531521379453 2.513598163058867 1.4512265760945056 3.235588677893559e-11 -1.451226576042585 -2.513598163031457 -2.9024531521377854 -2.5135981630574418 -1.4512265760876237 -1.946418306107956e-11 1.4512265760538796 2.5135981630378845 2.902453152137626 2.513598163049681 1.4512265760725145 -1.517272739888899 -2.6279934744280236 -3.0345454797817855 -2.627993474435193 -1.517272739902644 -1.7286151040999405e-11 1.5172727398726888 2.6279934744178606 3.034545479781704 2.627993474446223 1.5172727399218302 3.9175734099326885e-11 -1.5172727398591555 -2.6279934744133175 -3.034545479781623 -2.627993474444006 -1.5172727399123365 -2.1950968708305752e-11 1.5172727398743078 2.627993474422014 3.034545479781542 2.6279934744344358 1.5172727398945662 -1.5573579464631633 -2.697423088846795 -3.114715892931162 -2.6974230888554365 -1.5573579464795375 -2.0399987886283857e-11 1.5573579464441991 2.6974230888350257 3.1147158929311414 2.697423088868256 1.5573579465017666 4.5702078107535876e-11 -1.5573579464288196 -2.6974230888301025 -3.1147158929311205 -2.6974230888652158 -1.5573579464896532 -2.4168619496386342e-11 1.557357946447784 2.6974230888410298 3.1147158929311005 2.697423088853873 1.5573579464693654
</DataArray>
        <DataArray type="Float64" Name="Mode_9_phi2" NumberOfComponents="1" format="ascii">
 0.0 1.5389365549774318e-15 1.5389365549774318e-15 0.0 1.640240506315041 3.252416042806703 4.808941839066494 6.283185307167765 7.649921732635844 8.885765876300287 9.96957210222239 10.882796185388877 11.60981260854331 12.13818191911856 12.458863571719085 12.566370614359172 12.458863571731484 12.138181919140779 11.609812608572668 10.882796185422661 9.969572102257962 8.885765876335142 7.649921732667696 6.283185307194616 4.8089418390868 3.2524160428212032 1.6402405063225574 1.332758151423757e-15 7.694682774914016e-16 4.388025207359401e-27 -7.694682774829248e-16 -1.3327581514184436e-15 -1.5389365549774318e-15 -1.3327581514298354e-15 -7.694682775026561e-16 -1.8450027202735324e-26 7.694682774707021e-16 1.3327581514113878e-15 1.5389365549774318e-15 1.3327581514346533e-15 7.694682775071212e-16 1.912817338586757e-26 -7.694682774739915e-16 -1.3327581514155237e-15 -1.5389365549774318e-15 -1.3327581514282772e-15 -7.694682774960784e-16 -6.3783828365993865e-27 7.694682774850331e-16 1.3327581514219e-15 1.640240506325047 3.2524160428260496 4.808941839092967 6.283185307187496 7.649921732648677 8.885765876307046 9.969572102224186 10.882796185387045 11.609812608539382 12.138181919114192 12.45886357171602 12.566370614359172 12.458863571735085 12.138181919147272 11.609812608581306 10.882796185432692 9.969572102268646 8.88576587634578 7.649921732677644 6.283185307203304 4.808941839093747 3.252416042826045 1.6402405063250434 0.0 0.0 -0.0 -0.0 -0.0 -0.0 -0.0 -0.0 -0.0 0.0 0.0 0.0 0.0 0.0 0.0 -0.0 -0.0 -0.0 -0.0 -0.0 -0.0 0.0 0.0 1.420489946783758 0.820120253152123 -1.0081501218921619e-11 -0.8201202531699647 -1.4204899467952432 -1.6402405063175425 -1.4204899467759173 -0.8201202531360735 3.001323249425415e-11 0.8201202531884724 1.4204899468073717 1.6402405063200423 1.4204899467725858 0.8201202531355438 -2.3130984555558208e-11 -0.8201202531760259 -1.4204899467971628 -1.6402405063225427 -1.4204899467915995 -0.820120253165975 -1.01372998949186e-11 0.8201202531560049 1.4204899467916154 2.816674916744247 1.6262080213933752 -1.8718743649345003e-11 -1.6262080214264536 -2.8166749167655993 -3.25241604281154 -2.8166749167300136 -1.6262080213640175 5.5228949985220946e-11 1.6262080214604804 2.8166749167880343 3.252416042816374 2.8166749167242204 1.626208021363466 -4.2107959363054885e-11 -1.6262080214372254 -2.816674916769128 -3.2524160428212103 -2.8166749167597764 -1.6262080214202115 -1.9806497752449062e-11 1.626208021400311 2.816674916759272 4.164665797950148 2.404470919519548 -2.5797743650090184e-11 -2.4044709195650253 -4.164665797979518 -4.808941839073307 -4.164665797930912 -2.4044709194797047 7.532169974429563e-11 2.4044709196113025 4.164665798010175 4.808941839080121 4.164665797923412 2.4044709194795537 -5.6720041947722377e-11 -2.4044709195789316 -4.164665797984069 -4.808941839086934 -4.164665797972675 -2.4044709195580722 -2.886681977697851e-11 2.4044709195284146 4.164665797971057 5.441398092688526 3.1415926535674243 -3.124394127098588e-11 -3.1415926536224377 -5.441398092724279 -6.283185307176651 -5.441398092666135 -3.141592653520233 9.015327073413248e-11 3.1415926536778542 5.441398092761402 6.283185307185533 5.441398092658076 3.1415926535211347 -6.686470087843994e-11 -3.141592653638418 -5.441398092730077 -6.28318530719442 -5.441398092718497 -3.141592653616891 -3.716941985386523e-11 3.1415926535778964 5.441398092715484 6.625026557421038 3.824960866299581 -3.504893607418506e-11 -3.8249608663611334 -6.625026557461164 -7.649921732646294 -6.625026557396793 -3.8249608662478893 9.968743117254622e-11 3.824960866422278 6.625026557502499 7.649921732656745 6.6250265573888285 3.8249608662501156 -7.256966320464278e-11 -3.8249608663775807 -6.625026557467455 -7.649921732667193 -6.625026557457275 -3.8249608663582255 -4.458875774257436e-11 3.824960866310407 6.625026557452281 7.695298980952465 4.442882938130756 -3.72405174528335e-11 -4.442882938195889 -7.695298980994933 -8.88576587631166 -7.695298980927521 -4.442882938077222 1.0407998248422046e-10 4.442882938259409 7.695298981038171 8.885765876323033 7.695298980920114 4.442882938080968 -7.40571728332252e-11 -4.442882938211148 -7.695298981000736 -8.885765876334409 -7.695298980993384 -4.442882938196503 -5.098706856407829e-11 4.442882938140503 7.6952989809858945 8.63390270538069 4.98478605109154 -3.7873406595016065e-11 -4.984786051157419 -8.633902705423498 -9.969572102233952 -8.633902705356027 -4.984786051038628 1.0365197507187334e-10 4.984786051220085 8.633902705466346 9.969572102245518 8.633902705349486 4.984786051043942 -7.159652731412945e-11 -4.984786051169873 -8.633902705427765 -9.969572102257082 -8.633902705424411 -4.9847860511621525 -5.633824867458758e-11 4.9847860510987685 8.633902705413897 9.424777960750696 5.441398092675208 -3.70872565433612e-11 -5.441398092739214 -9.42477796079193 -10.88279618539983 -9.424777960727068 -5.441398092625043 9.882180173829454e-11 5.441398092798041 9.424777960832213 10.882796185410786 9.424777960721556 5.44139809263191 -6.558922608016574e-11 -5.441398092747374 -9.424777960793502 -10.882796185421741 -9.424777960795083 -5.4413980927483205 -6.053230951696528e-11 5.441398092678449 9.424777960781096 10.054392652171094 5.8049063042534454 -3.501485392098523e-11 -5.804906304313223 -10.054392652208989 -11.60981260855281 -10.054392652149078 -5.804906304207875 9.013143193410973e-11 5.804906304365567 10.054392652244694 11.609812608562308 10.054392652144564 5.8049063042161135 -5.65554893311064e-11 -5.8049063043157085 -10.054392652206637 -11.609812608571806 -10.054392652213837 -5.804906304326581 -6.352433996866013e-11 5.804906304251249 10.054392652195991 10.51197389770955 6.069090959542575 -3.186212168563824e-11 -6.069090959596103 -10.511973897742527 -12.138181919125739 -10.511973897689455 -6.069090959502982 7.824533367553017e-11 6.069090959639702 10.511973897771844 12.138181919132915 10.511973897685785 6.069090959512322 -4.5146572485651094e-11 -6.0690909595917155 -10.511973897735087 -12.138181919140093 -10.511973897748202 -6.069090959613255 -6.533728242893683e-11 6.069090959533607 10.511973897726229 10.789692355389422 6.229431785844702 -2.7837756187301674e-11 -6.2294317858903465 -10.789692355416141 -12.458863571723084 -10.78969235537132 -6.229431785812038 6.390209279861764e-11 6.229431785923422 10.78969235543754 12.458863571727084 10.78969235536815 6.229431785822136 -3.19760405349211e-11 -6.229431785878167 -10.789692355402439 -12.458863571731085 -10.7896923554215 -6.229431785910501 -6.597900638517679e-11 6.229431785827707 10.789692355395223 10.882796185401698 6.283185307166833 -2.316425794809664e-11 -6.2831853072033725 -10.882796185421089 -12.566370614359172 -10.88279618538544 -6.283185307141624 4.791263387341092e-11 6.28318530722462 10.882796185433346 12.566370614359172 10.882796185382281 6.283185307151968 -1.7742427576480474e-11 -6.283185307182727 -10.88279618540004 -12.566370614359172 -10.882796185424734 -6.283185307225478 -6.543221871098755e-11 6.2831853071408155 10.882796185394113 10.789692355400689 6.229431785855318 -1.809717925649057e-11 -6.2294317858821655 -10.789692355412495 -12.458863571727617 -10.789692355386657 -6.229431785838071 3.1092310804980205e-11 6.229431785891309 10.789692355415534 12.458863571723752 10.789692355383698 6.22943178584854 -3.2273681506017415e-12 -6.229431785853505 -10.789692355384714 -12.458863571719885 -10.789692355414608 -6.229431785905948 -6.376586763341909e-11 6.2294317858209425 10.78969235538027 10.511973897730046 6.069090959562548 -1.287431222308374e-11 -6.06909095957971 -10.51197389773483 -12.138181919134132 -10.511973897719185 -6.069090959553741 1.4325548123424917e-11 6.069090959577428 10.511973897729668 12.138181919127486 10.511973897717226 6.069090959564583 1.0838491837543815e-11 -6.069090959544674 -10.511973897702543 -12.13818191912084 -10.511973897737262 -6.069090959605938 -6.104649567728414e-11 6.069090959522154 10.511973897700399 10.054392652198604 5.804906304281178 -7.774224205840005e-12 -5.804906304289119 -10.054392652197208 -11.609812608564345 -10.0543926521916 -5.804906304280772 -1.5901167803930446e-12 5.804906304276631 10.054392652185195 11.609812608556025 10.0543926521913 5.80490630429218 2.378206952611633e-11 -5.804906304249655 -10.05439265216271 -11.609812608547703 -10.054392652201479 -5.804906304318149 -5.73786352991397e-11 5.804906304237277 10.054392652163433 9.424777960782913 5.441398092708812 -3.0199163452628176e-12 -5.441398092708451 -9.424777960776431 -10.882796185413756 -9.424777960780139 -5.441398092716346 -1.5825019680389143e-11 5.441398092687448 9.424777960759188 10.882796185404853 9.424777960781956 5.441398092728379 3.4829442473855085e-11 -5.441398092666587 -9.424777960741997 -10.88279618539595 -9.424777960783736 -5.441398092740338 -5.281894947191466e-11 5.441398092663957 9.424777960745882 8.633902705415279 4.9847860511289195 1.1295922065736329e-12 -4.984786051121548 -8.633902705405038 -9.969572102249515 -8.633902705416846 -4.984786051143407 -2.762867882064367e-11 4.984786051094171 8.633902705384353 9.969572102241074 8.63390270542108 4.984786051156018 4.340022515470663e-11 -4.984786051079419 -8.633902705372797 -9.969572102232627 -8.633902705416205 -4.984786051156025 -4.748348987954917e-11 4.984786051085606 8.633902705379942 7.695298980987125 4.442882938169648 4.4793366640056075e-12 -4.442882938156926 -7.695298980974584 -8.885765876328122 -7.695298980992852 -4.442882938189707 -3.63212858514512e-11 4.442882938125638 7.695298980952468 8.885765876321097 7.695298980999552 4.442882938202762 4.894980683406117e-11 -4.442882938116806 -7.6952989809465535 -8.88576587631407 -7.6952989809900805 -4.442882938193344 -4.153227826228035e-11 4.442882938130369 7.695298980956787 6.625026557453586 3.824960866337611 6.854415652665806e-12 -3.8249608663215 -6.62502655744035 -7.649921732662946 -6.625026557462973 -3.8249608663614696 -4.133911525309809e-11 3.824960866289081 6.625026557418894 7.649921732658182 6.625026557472033 3.82496086637467 5.095426308269467e-11 -3.8249608662856183 -6.625026557418316 -7.649921732653431 -6.625026557460187 -3.824960866358909 -3.5090053179770604e-11 3.824960866304635 6.625026557431178 5.441398092716968 3.141592653602197 8.085263912540949e-12 -3.141592653584918 -5.441398092704715 -6.283185307192837 -5.4413980927292585 -3.141592653627739 -4.2229475681589425e-11 3.141592653554303 5.441398092686003 6.283185307191054 5.44139809274032 3.1415926536407306 4.9111112122737946e-11 -3.1415926535553673 -5.441398092690172 -6.283185307189275 -5.441398092728489 -3.1415926536220202 -2.826279885727594e-11 3.1415926535775576 5.441398092704998 4.164665797972756 2.40447091954873 8.068588170601917e-12 -2.4044709195326153 -4.164665797963059 -4.808941839088336 -4.1646657979867845 -2.404470919573462 -3.865095737572296e-11 2.4044709195067795 4.1646657979490245 4.808941839089883 4.164665797999107 2.404470919585688 4.312776218575933e-11 -2.40447091951124 -4.164665797956862 -4.808941839091425 -4.164665797989566 -2.4044709195676153 -2.1204289913633607e-11 2.4044709195338885 4.164665797972577 2.8166749167606335 1.6262080214149848 6.728041404115179e-12 -1.6262080214018328 -2.8166749167528167 -3.252416042822411 -2.816674916771694 -1.6262080214343249 -3.042465696463014e-11 1.6262080213818326 2.8166749167419645 3.252416042823629 2.816674916781094 1.6262080214432346 3.292669176254361e-11 -1.6262080213864263 -2.816674916748874 -3.2524160428248474 -2.8166749167727336 -1.6262080214275652 -1.4052156076141025e-11 1.626208021404664 2.8166749167608858 1.4204899467924073 0.8201202531638697 4.035873274029608e-12 -0.820120253156082 -1.4204899467877907 -1.640240506323177 -1.4204899467987113 -0.8201202531748987 -1.7504068350619738e-11 0.8201202531446856 1.420489946781566 1.6402405063238021 1.4204899468039256 0.8201202531796853 1.8494911052322916e-11 -0.8201202531477547 -1.420489946785787 -1.6402405063244274 -1.4204899467986885 -0.8201202531700148 -6.938109513969353e-12 0.8201202531583949 1.420489946792489
</DataArray>
        <DataArray type="Float64" Name="Mode_10_w" NumberOfComponents="1" format="ascii">
 0.0 -0.0 -5.99903913064743e-32 0.0 0.0 0.0 0.0 0.0 0.0 0.0 -0.0 -0.0 -0.0 -0.0 -0.0 -0.0 0.0 0.0 0.0 0.0 0.0 0.0 -0.0 -0.0 -0.0 -0.0 -0.0 -6.393939340274611e-17 -1.2678476605703221e-16 -1.8746081621272932e-16 -2.449293598290098e-16 -2.982070941913887e-16 -3.4638242249355627e-16 -3.8863105151154296e-16 -4.242300954893223e-16 -4.525704449145182e-16 -4.731671885510395e-16 -4.856679104047709e-16 -4.898587196589413e-16 -4.856679104052542e-16 -4.731671885519057e-16 -4.525704449156627e-16 -4.242300954906392e-16 -3.8863105151292963e-16 -3.46382422494915e-16 -2.9820709419263035e-16 -2.449293598300565e-16 -1.8746081621352087e-16 -1.2678476605759746e-16 -6.393939340303912e-17 -6.1232339957599e-17 -1.0605752387275767e-16 -1.2246467991473532e-16 -1.0605752387231264e-16 -6.123233995744461e-17 -5.34018092856459e-28 6.123233995652004e-17 1.0605752387177884e-16 1.2246467991473532e-16 1.0605752387364721e-16 6.123233995975624e-17 3.1693244222519877e-27 -6.123233995482522e-17 -1.0605752387115617e-16 -1.2246467991473532e-16 -1.0605752387355824e-16 -6.123233995898568e-17 -1.601249710222046e-27 6.123233995621194e-17 1.0605752387195688e-16 1.2246467991473532e-16 1.060575238727576e-16 6.123233995759888e-17 0.0 0.0 0.0 0.0 0.0 0.0 0.0 0.0 0.0 0.0 0.0 0.0 0.0 0.0 0.0 0.0 0.0 0.0 0.0 0.0 0.0 0.0 0.0 0.06526309611017796 0.12940952255158347 0.1913417161830459 0.25000000000067013 0.3043807145051806 0.3535533905942145 0.3966766701466368 0.43301270189326563 0.46193976625665706 0.48296291314544826 0.495722430687648 0.5000000000004974 0.4957224306871714 0.4829629131446715 0.46193976625574945 0.4330127018923841 0.39667667014591973 0.3535533905937784 0.3043807145051166 0.25000000000103895 0.19134171618384804 0.12940952255220758 0.06526309611052324 0.11303899832211176 0.22414386804262182 0.3314135740365099 0.4330127018934117 0.5272028623670918 0.6123724356973861 0.6870641468711335 0.7500000000016831 0.8001031451928456 0.8365163037391737 0.8586164364022957 0.8660254037850246 0.8586164364014259 0.8365163037377247 0.8001031451911023 0.7499999999999134 0.6870641468695824 0.6123724356962663 0.5272028623665763 0.4330127018936293 0.3314135740374915 0.22414386804339273 0.11303899832253708 0.13052619222049242 0.25881904510338094 0.38268343236632885 0.500000000001534 0.6087614290104659 0.7071067811884063 0.7933533402930968 0.866025403786182 0.9238795325127852 0.9659258262901927 0.9914448613744336 1.0 0.9914448613732294 0.9659258262881106 0.9238795325101583 0.8660254037833401 0.7933533402903546 0.7071067811860561 0.608761429008766 0.5000000000007003 0.38268343236647623 0.2588190451035252 0.13052619222056713 0.11303899832241668 0.22414386804312436 0.3314135740371055 0.43301270189398766 0.5272028623675546 0.612372435697655 0.6870641468711416 0.7500000000013801 0.8001031451921988 0.8365163037381694 0.8586164364009409 0.8660254037833459 0.8586164363994482 0.836516303735473 0.8001031451886196 0.7499999999972612 0.687064146866838 0.612372435693522 0.527202862363938 0.43301270189121116 0.33141357403541943 0.22414386804188216 0.11303899832172122 0.06526309611079807 0.12940952255262983 0.19134171618432616 0.2500000000019825 0.3043807145063493 0.35355339059508223 0.3966766701470704 0.43301270189315916 0.4619397662559355 0.48296291314407025 0.4957224306856072 0.4999999999978247 0.4957224306839094 0.4829629131408736 0.4619397662515032 0.43301270188780844 0.39667667014116337 0.35355339058901625 0.30438071450054266 0.2499999999968661 0.19134171618030169 0.12940952254961724 0.06526309610912318 8.54771908880482e-13 1.4743509813083241e-12 1.8533034489330264e-12 1.994909962991148e-12 1.9095169218131905e-12 1.6144556616274924e-12 1.134566456595215e-12 4.996917634470769e-13 -2.55084084837801e-13 -1.0907199618197431e-12 -1.9662135671483087e-12 -2.8362753186324354e-12 -3.659128482945316e-12 -4.387685285170765e-12 -4.984438491266308e-12 -5.412264719566653e-12 -5.634903452634605e-12 -5.6264967393318674e-12 -5.362476609494782e-12 -4.830297103206623e-12 -4.0239246514924704e-12 -2.9425151205479874e-12 -1.5954781701097015e-12 -0.06526309610928431 -0.1294095225500119 -0.19134171618102588 -0.24999999999840933 -0.3043807145029034 -0.3535533905921348 -0.39667667014495295 -0.4330127018921491 -0.4619397662562514 -0.48296291314586504 -0.4957224306889616 -0.5000000000027385 -0.4957224306902974 -0.48296291314856254 -0.46193976626024885 -0.4330127018973023 -0.39667667015103564 -0.3535533905988535 -0.3043807145098948 -0.250000000005257 -0.19134171618725135 -0.12940952255469834 -0.06526309611187783 -0.11303899832144684 -0.2241438680414279 -0.3314135740349393 -0.4330127018915849 -0.527202862365166 -0.6123724356955186 -0.6870641468694765 -0.7500000000003777 -0.8001031451920184 -0.8365163037389313 -0.8586164364027237 -0.8660254037861828 -0.8586164364032849 -0.8365163037401667 -0.8001031451939875 -0.7500000000030828 -0.6870641468728603 -0.6123724356994712 -0.5272028623695191 -0.43301270189612445 -0.33141357403937294 -0.22414386804476918 -0.1130389983232884 -0.13052619222029344 -0.2588190451029962 -0.3826834323657864 -0.5000000000008269 -0.6087614290096345 -0.7071067811875014 -0.7933533402921765 -0.8660254037853103 -0.9238795325120295 -0.9659258262896218 -0.9914448613741152 -1.0 -0.9914448613735369 -0.9659258262886395 -0.9238795325108207 -0.8660254037840484 -0.793353340291027 -0.7071067811866151 -0.6087614290091443 -0.5000000000008419 -0.38268343236635355 -0.2588190451034291 -0.13052619222051826 -0.11303899832278229 -0.22414386804373776 -0.3314135740378584 -0.4330127018947412 -0.5272028623682155 -0.6123724356981476 -0.6870641468714085 -0.7500000000013856 -0.8001031451919259 -0.8365163037376269 -0.8586164364001563 -0.8660254037823696 -0.8586164363982877 -0.8365163037340924 -0.8001031451870063 -0.749999999995424 -0.6870641468648057 -0.6123724356913491 -0.5272028623616962 -0.43301270188899166 -0.3314135740333431 -0.22414386804034633 -0.11303899832088603 -0.06526309611163025 -0.12940952255407762 -0.19134171618617288 -0.2500000000039945 -0.30438071450832477 -0.3535533905968397 -0.3966766701484531 -0.43301270189403773 -0.46193976625622035 -0.48296291314370193 -0.4957224306845677 -0.4999999999961353 -0.4957224306815911 -0.4829629131379549 -0.4619397662480465 -0.43301270188391794 -0.3966766701369743 -0.35355339058469387 -0.30438071449628396 -0.24999999999288003 -0.191341716176828 -0.12940952254705426 -0.0652630961077248 -1.915204608376923e-12 -3.3413327163311014e-12 -4.266067757432294e-12 -4.691480877540416e-12 -4.639258698596723e-12 -4.1420770972219826e-12 -3.2471722838570258e-12 -2.0177845656023963e-12 -5.262115675205103e-13 1.156232127278462e-12 2.9320883335939143e-12 4.721311549766037e-12 6.428871236396262e-12 7.967215135894087e-12 9.249237212531739e-12 1.0197643603381147e-11 1.074062277892986e-11 1.08196479600757e-11 1.0388644807793273e-11 9.4127924273192e-12 7.879263284544923e-12 5.785263410230574e-12 3.1478301766836418e-12 0.06526309610854059 0.12940952254866872 0.19134171617924045 0.2499999999963214 0.3043807145006728 0.3535533905899192 0.3966766701429007 0.43301270189039825 0.4619397662549214 0.48296291314505735 0.495722430688749 0.5000000000031737 0.49572243069136585 0.4829629131501895 0.46193976626233374 0.4330127018997211 0.3966766701536532 0.35355339060151136 0.30438071451242893 0.2500000000074976 0.1913417161890369 0.12940952255602614 0.06526309611261062 0.11303899832106888 0.22414386804071265 0.3314135740339436 0.4330127018903355 0.5272028623637308 0.6123724356939751 0.6870641468679065 0.7499999999988665 0.8001031451906487 0.8365163037377854 0.8586164364018782 0.8660254037857076 0.8586164364031793 0.8365163037403605 0.8001031451944004 0.7500000000036335 0.6870641468734641 0.6123724357000442 0.5272028623699849 0.43301270189641017 0.33141357403942934 0.22414386804482228 0.11303899832332709 0.13052619222009448 0.2588190451026113 0.38268343236524444 0.5000000000001198 0.6087614290088027 0.7071067811865963 0.7933533402912563 0.8660254037844388 0.9238795325112736 0.9659258262890504 0.9914448613737968 1.0 0.9914448613738447 0.9659258262891683 0.9238795325114827 0.8660254037847568 0.7933533402916988 0.7071067811871741 0.608761429009523 0.5000000000009838 0.38268343236623126 0.2588190451033326 0.13052619222046807 0.11303899832248332 0.22414386804322145 0.3314135740372191 0.4330127018940389 0.5272028623675449 0.6123724356976082 0.6870641468710948 0.7500000000013846 0.8001031451923205 0.8365163037384844 0.8586164364015288 0.8660254037842944 0.8586164364007244 0.8365163037369189 0.8001031451900886 0.7499999999986166 0.6870641468679608 0.6123724356943118 0.5272028623643179 0.4330127018911303 0.3314135740348803 0.2241438680414423 0.11303899832147224 0.06526309611102384 0.1294095225530786 0.19134171618500428 0.2500000000028541 0.3043807145074207 0.3535533905963638 0.396676670148577 0.4330127018949091 0.4619397662579481 0.4829629131463631 0.4957224306881981 0.5000000000007259 0.4957224306870604 0.4829629131441417 0.4619397662547571 0.4330127018909176 0.39667667014400826 0.3535533905914893 0.30438071450255066 0.2499999999983294 0.19134171618117743 0.12940952255018834 0.06526309610940541 1.0125853532258973e-12 1.8726771259216727e-12 2.56631890044739e-12 3.0892682407354645e-12 3.440085571831763e-12 3.625289255423901e-12 3.648913851760815e-12 3.523185814024534e-12 3.2744131819171692e-12 2.9138324288940066e-12 2.467749215338205e-12 1.965018058416421e-12 1.4216202582674817e-12 8.788592967072911e-13 3.5154332927456955e-13 -1.2582817965524202e-13 -5.338251282730169e-13 -8.475901408734542e-13 -1.0497939243522784e-12 -1.1269147175819636e-12 -1.0637187546076243e-12 -8.555089309478379e-13 -5.003082868931823e-13 -0.06526309610923664 -0.12940952254977203 -0.1913417161804689 -0.2499999999973846 -0.30438071450132365 -0.35355339058993485 -0.3966766701421073 -0.4330127018886561 -0.4619397662521479 -0.48296291314121653 -0.4957224306838647 -0.4999999999973255 -0.49572243068464317 -0.48296291314270917 -0.46193976625425287 -0.43301270189125085 -0.39667667014504265 -0.3535533905930494 -0.30438071450443177 -0.2500000000003024 -0.19134171618299894 -0.129409522551654 -0.06526309611026404 -0.11303899832135564 -0.2241438680411273 -0.3314135740343399 -0.43301270189054 -0.5272028623636242 -0.6123724356934617 -0.6870641468669166 -0.7499999999973573 -0.8001031451886098 -0.8365163037352381 -0.8586164363988763 -0.8660254037823311 -0.858616436399476 -0.8365163037363444 -0.8001031451901169 -0.7499999999991505 -0.6870641468688807 -0.6123724356954813 -0.5272028623655859 -0.4330127018923379 -0.3314135740358726 -0.22414386804224265 -0.11303899832194408 -0.1305261922198955 -0.25881904510222653 -0.38268343236470226 -0.4999999999994127 -0.6087614290079713 -0.7071067811856914 -0.7933533402903362 -0.8660254037835671 -0.9238795325105178 -0.9659258262884793 -0.9914448613734786 -1.0 -0.9914448613741523 -0.9659258262896974 -0.9238795325121447 -0.8660254037854654 -0.7933533402923708 -0.7071067811877331 -0.608761429009901 -0.5000000000011253 -0.3826834323661082 -0.2588190451032361 -0.1305261922204192 -0.11303899832183611 -0.22414386804207784 -0.33141357403574484 -0.4330127018923661 -0.5272028623658429 -0.61237243569604 -0.68706414686982 -0.7500000000005458 -0.8001031451920434 -0.8365163037388718 -0.8586164364026603 -0.86602540378622 -0.858616436403401 -0.8365163037402131 -0.800103145193842 -0.7500000000026502 -0.6870641468720767 -0.6123724356983035 -0.5272028623679716 -0.43301270189423763 -0.3314135740372519 -0.22414386804316616 -0.11303899832240683 -0.06526309611007439 -0.12940952255137395 -0.19134171618275106 -0.25000000000024364 -0.30438071450466364 -0.3535533905936629 -0.3966766701461239 -0.4330127018928746 -0.4619397662564773 -0.48296291314557827 -0.495722430688187 -0.5000000000015429 -0.4957224306886861 -0.4829629131464836 -0.46193976625768923 -0.433012701894287 -0.39667667014763613 -0.35355339059517354 -0.3043807145060746 -0.25000000000147404 -0.19134171618372273 -0.12940952255207616 -0.06526309611044398
</DataArray>
        <DataArray type="Float64" Name="Mode_10_phi1" NumberOfComponents="1" format="ascii">
 0.0 0.0 1.5389365549774318e-15 1.5389365549774318e-15 0.0 0.0 0.0 -0.0 -0.0 -0.0 -0.0 -0.0 -0.0 0.0 0.0 0.0 0.0 0.0 0.0 -0.0 -0.0 -0.0 -0.0 -0.0 -0.0 0.0 0.0 1.640240506315041 3.252416042806703 4.808941839066494 6.283185307167765 7.649921732635844 8.885765876300287 9.96957210222239 10.882796185388877 11.60981260854331 12.13818191911856 12.458863571719085 12.566370614359172 12.458863571731484 12.138181919140779 11.609812608572668 10.882796185422661 9.969572102257962 8.885765876335142 7.649921732667696 6.283185307194616 4.8089418390868 3.2524160428212032 1.6402405063225574 1.332758151421285e-15 7.694682774829049e-16 -9.647888604504703e-27 -7.694682774925913e-16 -1.332758151422405e-15 -1.5389365549774318e-15 -1.3327581514291132e-15 -7.694682775042097e-16 -2.3477915364707937e-26 7.694682774635437e-16 1.3327581514056339e-15 1.5389365549774318e-15 1.3327581514414093e-15 7.694682775177624e-16 3.018660479533109e-26 -7.6946827746548e-16 -1.3327581514112244e-15 -1.5389365549774318e-15 -1.3327581514313484e-15 -7.6946827750033445e-16 -1.0061973790070793e-26 7.694682774829066e-16 1.3327581514212859e-15 1.640240506325047 3.2524160428260496 4.808941839092967 6.283185307187496 7.649921732648677 8.885765876307046 9.969572102224186 10.882796185387045 11.609812608539382 12.138181919114192 12.45886357171602 12.566370614359172 12.458863571735085 12.138181919147272 11.609812608581306 10.882796185432692 9.969572102268646 8.88576587634578 7.649921732677644 6.283185307203304 4.808941839093747 3.252416042826045 1.6402405063250434 1.4204899467941132 2.8166749167639558 4.164665797977573 5.441398092723471 6.625026557461385 7.695298980995714 8.633902705424083 9.424777960791301 10.054392652205918 10.51197389773559 10.78969235540379 10.882796185401698 10.789692355386745 10.51197389770569 10.054392652167524 9.424777960748813 8.633902705381795 7.695298980957692 6.625026557431329 5.441398092704597 4.1646657979718675 2.8166749167601326 1.4204899467919718 0.820120253164591 1.6262080214163976 2.404470919550812 3.1415926536053576 3.824960866341633 4.442882938174236 4.984786051133745 5.441398092713487 5.8049063042853 6.069090959565704 6.229431785857099 6.283185307166833 6.2294317858431425 6.069090959540303 5.804906304251287 5.441398092673947 4.98478605109192 4.442882938133414 3.8249608663050516 3.1415926535761054 2.4044709195313874 1.6262080214020405 0.8201202531566089 4.035873274031899e-12 6.7280414041189435e-12 8.06858817060656e-12 8.085263912547559e-12 6.845922533427973e-12 4.479336664009872e-12 1.1295922065746667e-12 -3.0199163452653166e-12 -7.774224205845395e-12 -1.2874312223090342e-11 -1.80971792564957e-11 -2.316425794809664e-11 -2.7837756187294675e-11 -3.186212168562608e-11 -3.5014853920971605e-11 -3.7087256543351483e-11 -3.787340659501694e-11 -3.724051745285271e-11 -3.5048936074230804e-11 -3.1243941271066344e-11 -2.579774365020977e-11 -1.8718743649438927e-11 -1.0081501218973497e-11 -0.8201202531562869 -1.6262080214022336 -2.4044709195333036 -3.1415926535868977 -3.824960866324586 -4.4428829381607935 -4.984786051125849 -5.441398092712782 -5.804906304293047 -6.06909095958278 -6.229431785883921 -6.2831853072033725 -6.229431785888768 -6.069090959593742 -5.804906304310867 -5.441398092737615 -4.984786051157277 -4.442882938197816 -3.8249608663656454 -3.141592653629936 -2.404470919575478 -1.6262080214341108 -0.8201202531739239 -1.4204899467876888 -2.8166749167526435 -4.16466579796304 -5.441398092707109 -6.625026557444862 -7.69529898098066 -8.633902705412032 -9.424777960783642 -10.054392652203841 -10.511973897740063 -10.789692355415518 -10.882796185421089 -10.789692355413388 -10.511973897738363 -10.05439265220474 -9.424777960788864 -8.6339027054228 -7.69529898099765 -6.625026557468174 -5.441398092736244 -4.164665797996419 -2.8166749167779863 -1.4204899468016632 -1.6402405063225434 -3.2524160428212103 -4.808941839086934 -6.28318530719442 -7.649921732667193 -8.885765876334409 -9.969572102257082 -10.88279618542174 -11.609812608571806 -12.138181919140093 -12.458863571731085 -12.566370614359172 -12.458863571719885 -12.13818191912084 -11.609812608547703 -10.88279618539595 -9.96957210223263 -8.88576587631407 -7.649921732653431 -6.283185307189275 -4.808941839091425 -3.252416042824842 -1.6402405063244274 -1.4204899467977092 -2.8166749167697738 -4.1646657979843615 -5.441398092729612 -6.625026557465842 -7.695298980997666 -8.633902705422946 -9.424777960786754 -10.05439265219789 -10.51197389772428 -10.789692355389638 -10.88279618538544 -10.789692355368532 -10.511973897685134 -10.054392652144488 -9.424777960723413 -8.633902705354426 -7.6952989809289765 -6.625026557402153 -5.4413980926760415 -4.164665797945401 -2.816674916740661 -1.4204899467814283 -0.8201202531740609 -1.6262080214327108 -2.4044709195713696 -3.1415926536273435 -3.824960866362644 -4.442882938192137 -4.98478605114668 -5.441398092719999 -5.804906304284307 -6.0690909595566245 -6.229431785839782 -6.283185307141624 -6.229431785810414 -6.069090959500444 -5.804906304205125 -5.441398092622778 -4.984786051037441 -4.442882938077695 -3.8249608662505103 -3.1415926535253624 -2.404470919487374 -1.6262080213696561 -0.8201202531389946 -1.750406835059632e-11 -3.042176823884948e-11 -3.865095737567803e-11 -4.222947568157618e-11 -4.133911525310566e-11 -3.6321285851468014e-11 -2.7637533579455175e-11 -1.5805687950963496e-11 -1.5901167803939857e-12 1.4303986380961699e-11 3.109231080498869e-11 4.791263387341092e-11 6.390209279860088e-11 7.823455280426192e-11 9.013143193406554e-11 9.882180173824997e-11 1.0364312031304853e-10 1.0407998248422323e-10 9.967384218181149e-11 9.015327073426267e-11 7.532169974451392e-11 5.522894998539547e-11 3.0013232494351594e-11 0.8201202531433276 1.626208021379213 2.4044709195032876 3.1415926535527245 3.8249608662893073 4.442882938127331 4.984786051096912 5.441398092690753 5.804906304279987 6.069090959580231 6.229431785892998 6.28318530722462 6.22943178592176 6.069090959637085 5.804906304362623 5.44139809279542 4.984786051218396 4.442882938259165 3.8249608664239494 3.1415926536817933 2.4044709196175744 1.6262080214651131 0.8201202531908741 1.4204899467787637 2.816674916736553 4.164665797941775 5.4413980926822525 6.625026557418464 7.695298980954779 8.633902705388648 9.42477796076462 10.054392652190803 10.511973897734448 10.78969235541844 10.882796185433346 10.789692355434672 10.511973897767213 10.054392652239423 9.424777960827372 8.633902705462944 7.695298981037119 6.625026557504567 5.441398092767206 4.1646657980198345 2.816674916795193 1.4204899468110805 1.6402405063200423 3.252416042816374 4.808941839080121 6.283185307185533 7.649921732656745 8.885765876323033 9.969572102245518 10.882796185410786 11.609812608562308 12.138181919132915 12.458863571727084 12.566370614359172 12.458863571723752 12.138181919127486 11.609812608556025 10.882796185404853 9.969572102241074 8.885765876321097 7.64992173265819 6.283185307191059 4.808941839089883 3.252416042823629 1.6402405063238021 1.4204899468002175 2.816674916773936 4.164665797989451 5.441398092734499 6.625026557469958 7.69529898100061 8.633902705424482 9.424777960786809 10.054392652196572 10.51197389772185 10.789692355386562 10.882796185382281 10.789692355365242 10.511973897681004 10.054392652138969 9.424777960716144 8.633902705345184 7.695298980917804 6.625026557389251 5.441398092661839 4.1646657979306605 2.8166749167296277 1.42048994677539 0.8201202531772872 1.6262080214386092 2.4044709195794156 3.141592653636767 3.8249608663729844 4.442882938202985 4.984786051157722 5.441398092730978 5.804906304295125 6.06909095956721 6.229431785850184 6.283185307151968 6.229431785820447 6.069090959509519 5.804906304212777 5.441398092628606 4.984786051041199 4.442882938079273 3.8249608662498895 3.141592653522713 2.404470919483054 1.6262080213660854 0.8201202531369018 1.849491105226287e-11 3.2926691762439563e-11 4.3127762185634236e-11 4.9088789764279764e-11 5.095426308266607e-11 4.8949806834059906e-11 4.340022515471917e-11 3.482944247387079e-11 2.3782069526128e-11 1.0838491837548426e-11 -3.2273681506025873e-12 -1.7742427576480474e-11 -3.197604053491237e-11 -4.51465724856299e-11 -5.658642408611999e-11 -6.558922608012382e-11 -7.159652731408634e-11 -7.405717283319094e-11 -7.25696632046295e-11 -6.686470087846091e-11 -5.6732855542877525e-11 -4.210795936310963e-11 -2.313098455558916e-11 -0.8201202531448338 -1.6262080213807804 -2.404470919503576 -3.141592653550238 -3.8249608662829973 -4.442882938116326 -4.984786051080617 -5.441398092668868 -5.804906304252402 -6.0690909595472124 -6.2294317858551285 -6.283185307182727 -6.229431785876455 -6.069090959588861 -5.8049063043121745 -5.441398092743722 -4.984786051166608 -4.442882938208729 -3.8249608663764065 -3.141592653638811 -2.404470919581044 -1.626208021438834 -0.820120253176865 -1.4204899467802754 -2.816674916738219 -4.164665797942385 -5.441398092680266 -6.6250265574129585 -7.695298980945098 -8.633902705374396 -9.424777960745653 -10.054392652167301 -10.51197389770685 -10.789692355387482 -10.88279618540004 -10.789692355399458 -10.51197389773 -10.054392652200345 -9.42477796078687 -8.63390270542166 -7.695298980995929 -6.625026557464591 -5.441398092729735 -4.164665797986492 -2.816674916771054 -1.420489946798165 -1.640240506317542 -3.2524160428115385 -4.808941839073307 -6.283185307176651 -7.649921732646294 -8.88576587631166 -9.969572102233952 -10.882796185399831 -11.60981260855281 -12.138181919125739 -12.458863571723084 -12.566370614359172 -12.458863571727617 -12.138181919134135 -11.609812608564345 -10.882796185413756 -9.969572102249515 -8.885765876328122 -7.649921732662946 -6.283185307192837 -4.808941839088336 -3.252416042822411 -1.640240506323177 -1.42048994679228 -2.8166749167603458 -4.164665797972668 -5.441398092716525 -6.625026557453171 -7.695298980987363 -8.633902705416887 -9.424777960786802 -10.05439265220573 -10.511973897741429 -10.789692355417383 -10.882796185424711 -10.789692355418481 -10.511973897742955 -10.054392652207204 -9.424777960787875 -8.633902705417412 -7.695298980987311 -6.6250265574527685 -5.441398092716102 -4.164665797972687 -2.816674916759941 -1.4204899467917058 -0.820120253166045 -1.6262080214199135 -2.4044709195571627 -3.1415926536145444 -3.824960866354403 -4.442882938191415 -4.984786051156137 -5.4413980927419185 -5.8049063043205065 -6.069090959608297 -6.229431785907525 -6.283185307225459 -6.229431785908783 -6.069090959610224 -5.804906304322654 -5.44139809274399 -4.984786051157851 -4.442882938192636 -3.8249608663551395 -3.141592653614894 -2.404470919557384 -1.6262080214198065 -0.8201202531657759 -6.938109513933652e-12 -1.4052156076070516e-11 -2.1212832310261402e-11 -2.8262798857203153e-11 -3.510364217051545e-11 -4.1532278262258926e-11 -4.7483489879548065e-11 -5.278028601305709e-11 -5.737863529916204e-11 -6.106805741977736e-11 -6.376586763343511e-11 -6.543221871098755e-11 -6.595687499764129e-11 -6.533728242890333e-11 -6.356558630867885e-11 -6.049364605804366e-11 -5.630282963935656e-11 -5.0987068564029745e-11 -4.4575168751742295e-11 -3.716941985383485e-11 -2.8875362173688008e-11 -1.9812275203920218e-11 -1.0137299894912914e-11 0.8201202531539185 1.6262080213959986 2.4044709195220464 3.141592653568877 3.824960866299144 4.442882938127713 4.984786051085231 5.441398092665215 5.804906304239437 6.069090959524427 6.229431785822499 6.2831853071408155 6.22943178582593 6.06909095953045 5.804906304247127 5.441398092673742 4.984786051093915 4.442882938135896 3.8249608663063817 3.141592653574735 2.4044709195263323 1.626208021398898 0.8201202531552836 1.4204899467842764 2.8166749167450007 4.1646657979508666 5.441398092688939 6.6250265574208935 7.695298980951561 8.633902705378839 9.424777960747765 10.054392652167005 10.511973897704257 10.789692355382943 10.882796185394113 10.789692355392125 10.511973897720683 10.054392652188682 9.424777960772706 8.633902705405093 7.695298980977306 6.625026557444511 5.441398092708979 4.16466579796624 2.8166749167559635 1.4204899467899144
</DataArray>
        <DataArray type="Float64" Name="Mode_10_phi2" NumberOfComponents="1" format="ascii">
 0.0 -1.5389365549774318e-15 1.5389365549774318e-15 -0.0 1.5707963267920906 2.720699046348161 3.141592653589793 2.7206990463581517 1.5707963268108776 2.32574918788603e-11 -1.5707963267705982 -2.7206990463348966 -3.141592653589793 -2.720699046372558 -1.5707963268358256 -5.1637965007595674e-11 1.570796326753563 2.720699046329634 3.141592653589793 2.7206990463686807 1.5707963268212013 2.603460467155266e-11 -1.5707963267761083 -2.720699046342649 -3.141592653589793 -2.720699046355667 -1.5707963267986562 -1.525770739412741e-15 -1.4864985634732286e-15 -1.4217919849774995e-15 -1.3327581514237992e-15 -1.2209204563890074e-15 -1.0881924738424202e-15 -9.36845216364545e-16 -7.69468277492201e-16 -5.889255230551317e-16 -3.983060896376448e-16 -2.0087152859518653e-16 -6.323826856103507e-27 2.008715285836533e-16 3.983060896274897e-16 5.889255230464522e-16 7.694682774850348e-16 9.368452163588678e-16 1.0881924738381518e-15 1.2209204563860143e-15 1.3327581514219008e-15 1.4217919849764697e-15 1.4864985634727527e-15 1.5257707394126199e-15 1.5707963268008311 2.7206990463581757 3.141592653589793 2.720699046346759 1.5707963267968708 1.3699193257761673e-11 -1.5707963267731524 -2.7206990463330656 -3.141592653589793 -2.720699046380995 -1.570796326856171 -8.130284036770292e-11 1.5707963267296752 2.7206990463170926 3.141592653589793 2.7206990463787126 1.5707963268364036 4.1076940140608516e-11 -1.5707963267652487 -2.7206990463376326 -3.141592653589793 -2.7206990463581735 -1.570796326800828 -0.0 -0.0 -0.0 -0.0 -0.0 -0.0 -0.0 -0.0 -0.0 -0.0 -0.0 -0.0 0.0 0.0 0.0 0.0 0.0 0.0 0.0 0.0 0.0 0.0 0.0 1.5573579464631313 1.517272739888771 1.4512265760672083 1.3603495231728902 1.2461965127767143 1.1107207345357584 0.9562402165767151 0.7853981633919676 0.6011177298778876 0.4065520053441096 0.20503006328123785 -9.470513149117572e-12 -0.20503006329818996 -0.40655200535884267 -0.6011177298904785 -0.7853981634025902 -0.9562402165856311 -1.1107207345433054 -1.2461965127832932 -1.3603495231789466 -1.451226576073257 -1.5172727398957837 -1.557357946471066 2.697423088846754 2.6279934744278592 2.5135981630437008 2.3561944901884537 2.1584756763452133 1.92382474523686 1.6562566393522027 1.3603495231668494 1.0411664494797066 0.7041687291758643 0.355122486683177 -1.520363448990889e-11 -0.35512248671032753 -0.7041687291993008 -1.041166449499471 -1.3603495231831535 -1.6562566393654055 -1.9238247452474575 -2.1584756763538175 -2.356194490195767 -2.5135981630505517 -2.627993474435849 -2.6974230888558366 3.1147158929311316 3.034545479781664 2.9024531521378183 2.7206990463485443 2.49239302555566 2.2214414690733433 1.9124804331549992 1.5707963267854104 1.2022354597573273 0.8131040106900201 0.4100601265646942 -1.6170961137097848e-11 -0.41006012659342794 -0.813104010714433 -1.2022354597772509 -1.5707963268008744 -1.9124804331662262 -2.2214414690807267 -2.4923930255597586 -2.7206990463500564 -2.9024531521376264 -3.034545479781542 -3.1147158929311005 2.697423088855425 2.627993474435148 2.5135981630496094 2.3561944901930687 2.1584756763486714 1.9238247452393478 1.6562566393539526 1.3603495231681249 1.041166449480803 0.7041687291770908 0.35512248668484736 -1.280650003985023e-11 -0.35512248670735436 -0.7041687291954856 -1.0411664494945436 -1.3603495231768574 -1.6562566393575289 -1.9238247452378248 -2.1584756763423045 -2.356194490182309 -2.5135981630351454 -2.627993474418488 -2.697423088836738 1.5573579464795393 1.5172727399026507 1.451226576078524 1.3603495231817415 1.246196512783302 1.110720734540381 0.9562402165797562 0.7853981633938829 0.6011177298791874 0.40655200534534225 0.2050300632829696 -6.701494348509944e-12 -0.20503006329435078 -0.40655200535343006 -0.6011177298829907 -0.7853981633925776 -0.956240216572709 -1.1107207345271737 -1.246196512763746 -1.360349523155897 -1.4512265760467207 -1.5172727398658197 -1.5573579464380471 2.0397221462844395e-11 1.7286151040999863e-11 1.4056334772493564e-11 1.0855099267699386e-11 7.817950401110335e-12 5.0719620460952e-12 2.7350186079182835e-12 9.063406028479091e-13 -3.3193844134474675e-13 -9.18154118422722e-13 -8.132230198741761e-13 3.4085243058156915e-23 1.51341012232012e-12 3.693497374244896e-12 6.486201382752707e-12 9.816762307451046e-12 1.3583660707835536e-11 1.7676160821742514e-11 2.1955069201720198e-11 2.6283569444521627e-11 3.051935830215453e-11 3.449976393614272e-11 3.8072521144788375e-11 -1.557357946444222 -1.517272739872763 -1.4512265760542964 -1.3603495231631535 -1.246196512770095 -1.1107207345320689 -0.9562402165756491 -0.7853981633931048 -0.6011177298807182 -0.4065520053480489 -0.205030063285645 5.316461768008989e-12 0.2050300632957482 0.40655200535879543 0.6011177298933917 0.7853981634089396 0.9562402165957785 1.1107207345574945 1.2461965128016252 1.360349523201387 1.4512265760996126 1.5172727399255932 1.5573579465039895 -2.6974230888350714 -2.62799347441805 -2.5135981630359616 -2.3561944901829572 -2.1584756763420145 -1.9238247452359178 -1.6562566393533922 -1.3603495231699567 -1.0411664494844468 -0.7041687291818762 -0.35512248669004626 8.009210557093752e-12 0.3551224867046284 0.7041687291956015 1.0411664494981312 1.3603495231844491 1.656256639369526 1.9238247452544865 2.1584756763637336 2.3561944902084524 2.513598163065759 2.6279934744530373 2.6974230888748205 -3.1147158929312133 -3.034545479781987 -2.9024531521385244 -2.720699046349827 -2.4923930255576647 -2.221441469076187 -1.912480433158767 -1.5707963267901535 -1.2022354597630593 -0.8131040106967158 -0.41006012657228935 7.862858374841287e-12 0.4100601265860886 0.8131040107082314 1.2022354597722271 1.57079632679702 1.9124804331634737 2.2214414690789708 2.4923930255588465 2.7206990463497998 2.9024531521377863 3.034545479781623 3.1147158929311205 -2.6974230888683333 -2.627993474446527 -2.513598163059493 -2.356194490201612 -2.1584756763560606 -1.923824745245819 -1.6562566393597795 -1.3603495231736125 -1.0411664494862658 -0.7041687291828502 -0.3551224866912146 5.610263757397402e-12 0.35512248670040386 0.7041687291885681 1.0411664494873478 1.3603495231690719 1.656256639348845 1.9238247452279553 2.158475676330995 2.356194490169345 2.513598163020345 2.627993474401532 2.697423088817836 -1.557357946501813 -1.517272739922044 -1.4512265760949388 -1.360349523195254 -1.2461965127940942 -1.1107207345487446 -0.9562402165860819 -0.785398163398638 -0.6011177298829169 -0.4065520053486203 -0.20503006328640283 2.5463966068417342e-12 0.20503006328965726 0.40655200534764924 0.6011177298755516 0.7853981633829498 0.9562402165604248 1.1107207345118388 1.246196512745078 1.3603495231336968 1.4512265760209218 1.517272739836371 1.5573579464052871 -4.5702078107537685e-11 -3.9175734099333154e-11 -3.235588677894686e-11 -2.552821509896718e-11 -1.899406807517982e-11 -1.301271897921666e-11 -7.827727118026211e-12 -3.659856362243873e-12 -6.847540004401934e-13 9.733014217064474e-13 1.212707393066303e-12 -1.750713983250553e-23 -2.6589716238239467e-12 -6.706699836399762e-12 -1.2035942524349677e-11 -1.8496479484502943e-11 -2.5891654905158175e-11 -3.399092654576821e-11 -4.253322341082541e-11 -5.121875076089599e-11 -5.976008006236836e-11 -6.782980334329386e-11 -7.511593277004664e-11 1.55735794642889 1.5172727398594323 1.4512265760431624 1.3603495231543572 1.246196512763667 1.1107207345279515 0.9562402165736942 0.7853981633930907 0.6011177298823459 0.40655200535095787 0.20503006328942008 -1.16136402630956e-12 -0.20503006329245577 -0.4065520053568411 -0.6011177298931625 -0.7853981634107573 -0.9562402165999034 -1.1107207345640884 -1.2461965128107713 -1.3603495232130653 -1.4512265761137018 -1.5172727399417671 -1.5573579465220795 2.6974230888302353 2.627993474413851 2.5135981630325817 2.3561944901806013 2.1584756763408226 1.923824745235994 1.6562566393547922 1.3603495231726945 1.0411664494884807 0.7041687291871279 0.3551224866963883 -8.123701580783637e-13 -0.355122486698116 -0.7041687291900075 -1.0411664494935742 -1.3603495231809946 -1.6562566393671938 -1.9238247452532447 -2.1584756763635076 -2.3561944902091154 -2.513598163067134 -2.6279934744547058 -2.6974230888767896 3.114715892931296 3.0345454797823113 2.9024531521392296 2.7206990463511094 2.4923930255596694 2.22144146907903 1.9124804331625351 1.5707963267948957 1.2022354597687919 0.8131040107034134 0.41006012657988594 4.473371085140788e-13 -0.41006012657874447 -0.813104010702031 -1.2022354597672062 -1.5707963267931657 -1.912480433160723 -2.221441469077215 -2.4923930255579334 -2.7206990463495426 -2.9024531521379453 -3.034545479781704 -3.1147158929311414 2.6974230888653827 2.627993474444661 2.5135981630588167 2.3561944902022334 2.158475676358001 1.9238247452490491 1.6562566393642064 1.3603495231790874 1.0411664494925956 0.7041687291897888 0.35512248669847263 1.5865766415893788e-12 -0.3551224866949455 -0.7041687291851909 -1.0411664494862645 -1.3603495231704146 -1.6562566393526665 -1.9238247452342212 -2.1584756763395947 -2.3561944901800906 -2.513598163032945 -2.6279934744154314 -2.69742308883287 1.5573579464897578 1.5172727399127486 1.451226576088485 1.3603495231916138 1.2461965127930972 1.1107207345500933 0.9562402165893737 0.7853981634033803 0.6011177298885233 0.40655200535444963 0.20503006329176812 1.6073059874193968e-12 -0.205030063288185 -0.4065520053495348 -0.6011177298813425 -0.7853981633930756 -0.956240216575196 -1.1107207345314312 -1.2461965127695045 -1.3603495231628326 -1.4512265760544565 -1.5172727398737231 -1.557357946445995 2.4163086649508897e-11 2.1956359143929688e-11 1.9464183061092142e-11 1.680993831299531e-11 1.408440955356134e-11 1.138918209199074e-11 8.796176923181893e-12 6.390352189569574e-12 4.2609620613043945e-12 2.452826883782741e-12 1.0206574213480264e-12 9.040440731019904e-24 -5.879800337448625e-13 -7.398125192882158e-13 -4.574599189881062e-13 2.282270722607181e-13 1.2868542435015378e-12 2.6627829598163553e-12 4.298069704554965e-12 6.131991594871803e-12 8.067748930779612e-12 1.0030485810210313e-11 1.1938739237252372e-11 -1.5573579464479153 -1.5172727398747867 -1.4512265760548897 -1.360349523162708 -1.2461965127690364 -1.110720734530844 -0.956240216574775 -0.7853981633930927 -0.6011177298820946 -0.4065520053513137 -0.20503006329126336 -2.9926873548100847e-12 0.2050300632859406 0.40655200534722036 0.6011177298797056 0.7853981633928245 0.9562402165769599 1.1107207345357475 1.2461965127767975 1.3603495231733986 1.451226576068452 1.517272739891115 1.557357946466677 -2.6974230888412616 -2.6279934744229 -2.5135981630397595 -2.356194490186157 -2.158475676345071 -1.923824745239305 -1.6562566393575906 -1.3603495231754337 -1.0411664494916444 -0.7041687291911997 -0.35512248670183827 -6.382053774728277e-12 0.3551224866901145 0.7041687291808698 1.0411664494829032 1.3603495231684113 1.656256639352359 1.9238247452358688 2.158475676343367 2.3561944901860694 2.5135981630411024 2.6279934744255113 2.6974230888448147 -3.114715892931378 -3.0345454797826354 -2.9024531521399353 -2.720699046352392 -2.492393025561674 -2.221441469081873 -1.912480433166302 -1.5707963267996394 -1.2022354597745244 -0.8131040107101096 -0.4100601265874812 -8.75543987077064e-12 0.4100601265714051 0.8131040106958287 1.202235459762185 1.570796326789309 1.9124804331579714 2.221441469075459 2.4923930255570217 2.720699046349286 2.9024531521381056 3.0345454797817855 3.1147158929311614 -2.697423088854123 -2.627993474435441 -2.513598163051805 -2.356194490197574 -2.1584756763557165 -1.9238247452490471 -1.6562566393663185 -1.3603495231830431 -1.0411664494980515 -0.7041687291963298 -0.35512248670563357 -8.781000574428686e-12 0.35512248668958213 0.7041687291822089 1.0411664494860515 1.3603495231732776 1.656256639358802 1.9238247452437203 2.1584756763524244 2.3561944901961094 2.513598163051879 2.627993474436689 2.6974230888562083 -1.5573579464695166 -1.5172727398951806 -1.4512265760738041 -1.3603495231799758 -1.2461965127845143 -1.1107207345444512 -0.9562402165864534 -0.7853981634028522 -0.6011177298899674 -0.40655200535737834 -0.20503006329562726 -5.7620549422627255e-12 0.20503006328512272 0.4065520053481835 0.6011177298822157 0.7853981633966165 0.9562402165817548 1.1107207345412506 1.2461965127827026 1.3603495231794291 1.451226576074308 1.5172727398964607 1.5573579464713767
</DataArray>
        <DataArray type="Float64" Name="Mode_11_w" NumberOfComponents="1" format="ascii">
 0.0 0.0 1.3497838043956716e-31 0.0 0.0 0.0 0.0 0.0 0.0 0.0 0.0 0.0 -0.0 -0.0 -0.0 -0.0 -0.0 -0.0 -0.0 -0.0 0.0 0.0 0.0 0.0 0.0 0.0 0.0 1.4059561215952638e-16 2.597868168702553e-16 3.3942783368600945e-16 3.6739403974420594e-16 3.3942783368692946e-16 2.5978681687209044e-16 1.4059561216206255e-16 2.882190942286199e-27 -1.4059561215673692e-16 -2.5978681686801455e-16 -3.394278336847237e-16 -3.6739403974420594e-16 -3.394278336879121e-16 -2.5978681687333886e-16 -1.4059561216295312e-16 -3.0445758852492383e-27 1.4059561215732778e-16 2.597868168690332e-16 3.3942783368558193e-16 3.6739403974420594e-16 3.3942783368674713e-16 2.5978681687118636e-16 1.4059561216014073e-16 1.4059561216034392e-16 2.597868168714974e-16 3.3942783368697117e-16 3.6739403974420594e-16 3.394278336863866e-16 2.597868168714977e-16 1.4059561216182365e-16 3.203309593939791e-27 -1.4059561215590532e-16 -2.59786816866968e-16 -3.394278336839353e-16 -3.6739403974420594e-16 -3.3942783368883796e-16 -2.597868168748944e-16 -1.4059561216478232e-16 -4.8039122863949514e-27 1.4059561215590527e-16 2.5978681686810043e-16 3.3942783368516103e-16 3.6739403974420594e-16 3.394278336869995e-16 2.5978681687149727e-16 1.4059561216034394e-16 0.0 0.0 0.0 0.0 0.0 0.0 0.0 0.0 -0.0 -0.0 -0.0 -0.0 -0.0 -0.0 -0.0 -0.0 0.0 0.0 0.0 0.0 0.0 0.0 0.0 0.14644660940703094 0.2705980500735551 0.3535533905935455 0.38268343236474617 0.3535533905919219 0.27059805007050597 0.1464466094029231 -4.670227704014716e-12 -0.14644660941162413 -0.2705980500773732 -0.3535533905960101 -0.3826834323654878 -0.353553390591426 -0.27059805006995463 -0.14644660940324558 3.0653846975869242e-12 0.14644660940898008 0.2705980500745511 0.3535533905942859 0.3826834323662295 0.3535533905950912 0.2705980500749069 0.1464466094078381 0.27059805007368043 0.500000000000879 0.6532814824387593 0.7071067811860421 0.6532814824359237 0.4999999999955786 0.27059805006657905 -8.012723258041813e-12 -0.2705980500814944 -0.5000000000073096 -0.6532814824428371 -0.707106781187169 -0.6532814824349596 -0.49999999999457745 -0.2705980500671548 5.164174923900079e-12 0.2705980500768001 0.5000000000022768 0.6532814824396916 0.7071067811882958 0.6532814824411693 0.5000000000030206 0.2705980500749661 0.353553390594142 0.6532814824395137 0.8535533905942513 0.9238795325109174 0.8535533905907031 0.6532814824329338 0.35355339058543095 -9.663738136050633e-12 -0.35355339060337393 -0.653281482446919 -0.8535533905987223 -0.9238795325118158 -0.8535533905891448 -0.6532814824314689 -0.35355339058605484 6.090043239299754e-12 0.3535533905973945 0.6532814824404004 0.853553390594428 0.9238795325127139 0.8535533905962875 0.6532814824413948 0.35355339059528074 0.38268343236622954 0.7071067811882956 0.9238795325127139 1.0 0.9238795325089617 0.7071067811814243 0.3826834323573129 -9.589095843612488e-12 -0.38268343237503166 -0.7071067811949845 -0.9238795325163006 -1.0 -0.9238795325066265 -0.7071067811794214 -0.38268343235771596 5.8839371011535005e-12 0.38268343236858804 0.7071067811877432 0.9238795325111298 1.0 0.9238795325129848 0.7071067811887176 0.3826834323665084 0.3535533905948095 0.6532814824405819 0.8535533905954904 0.9238795325121706 0.8535533905919421 0.6532814824342137 0.3535533905868424 -8.05295949462981e-12 -0.35355339060157037 -0.6532814824450361 -0.8535533905969941 -0.9238795325105659 -0.8535533905885342 -0.6532814824314785 -0.3535533905866943 4.782875447241013e-12 0.35355339059537694 0.6532814824376724 0.8535533905910814 0.9238795325089617 0.8535533905924859 0.6532814824382327 0.35355339059344476 0.2705980500751023 0.5000000000031732 0.6532814824414117 0.7071067811886634 0.6532814824383645 0.49999999999787226 0.27059805006887694 -5.547992116401765e-12 -0.27059805007878107 -0.5000000000044392 -0.6532814824401023 -0.7071067811850434 -0.6532814824337229 -0.4999999999942789 -0.2705980500679205 3.1588528356457022e-12 0.2705980500734089 0.4999999999974657 0.6532814824336323 0.7071067811814243 0.6532814824342003 0.49999999999722217 0.27059805007158955 0.14644660940915682 0.27059805007699445 0.3535533905974726 0.3826834323684854 0.3535533905951066 0.2705980500730706 0.14644660940504914 -2.6687785718295935e-12 -0.14644660940944657 -0.27059805007487 -0.3535533905932767 -0.38268343236289853 -0.35355339058933904 -0.2705980500686639 -0.14644660940318172 1.4379857937799372e-12 0.1464466094053054 0.2705980500687231 0.35355339058656965 0.3826834323573129 0.35355339058606405 0.2705980500674019 0.14644660940346468 2.6683624654895603e-12 4.314072635092392e-12 4.831218212083679e-12 4.357525791728729e-12 3.2204395706525537e-12 1.8487134564512346e-12 6.670832788696243e-13 -5.318305911281339e-24 2.9302596215499976e-16 6.169597406617385e-13 1.6110757837465505e-12 2.6160070705468043e-12 3.2222647100833926e-12 3.0816908822804234e-12 2.001572212546193e-12 -1.8615381285547296e-23 -2.6687785718355857e-12 -5.548620153383443e-12 -8.052959494624549e-12 -9.589095843612488e-12 -9.663738136066495e-12 -8.013665313539364e-12 -4.670227704030577e-12 -0.14644660940415516 -0.2705980500689153 -0.35355339058845964 -0.3826834323604329 -0.35355339058930835 -0.2705980500700004 -0.14644660940435084 2.001572212562771e-12 0.1464466094087484 0.2705980500754118 0.3535533905958974 0.38268343236773145 0.35355339059563695 0.27059805007491194 0.1464466094074931 -8.958593837189035e-13 -0.14644660940984588 -0.2705980500787595 -0.35355339060138036 -0.38268343237503166 -0.3535533906039013 -0.2705980500821815 -0.14644660941207718 -0.2705980500710666 -0.49999999999667377 -0.6532814824342615 -0.7071067811825004 -0.653281482434377 -0.49999999999653827 -0.270598050069909 3.0816908822948526e-12 0.27059805007620147 0.5000000000031041 0.6532814824410617 0.707106781188742 0.6532814824395557 0.5000000000006821 0.27059805007301224 -1.1535307474382633e-12 -0.270598050075743 -0.5000000000045215 -0.6532814824447638 -0.7071067811949842 -0.6532814824477962 -0.5000000000084546 -0.2705980500781286 -0.35355339059225344 -0.6532814824364988 -0.8535533905911697 -0.9238795325088349 -0.8535533905905884 -0.6532814824353066 -0.353553390590202 3.222264710091313e-12 0.3535533905965119 0.6532814824411836 0.853553390595641 0.9238795325125676 0.8535533905935002 0.6532814824378435 0.3535533905926568 -8.539869423499627e-13 -0.35355339059459173 -0.6532814824403699 -0.8535533905967391 -0.9238795325163006 -0.8535533905997413 -0.653281482444172 -0.3535533905968902 -0.3826834323654878 -0.707106781187169 -0.9238795325118158 -1.0 -0.9238795325105659 -0.7071067811850434 -0.38268343236289853 2.6160070705468043e-12 0.38268343236773145 0.707106781188742 0.9238795325125676 1.0 0.923879532510235 0.7071067811852018 0.38268343236411145 -2.173587834667012e-13 -0.38268343236450897 -0.7071067811855054 -0.9238795325103997 -1.0 -0.9238795325127815 -0.7071067811884375 -0.3826834323663246 -0.3535533905950519 -0.653281482441078 -0.853553390596437 -0.923879532513843 -0.853553390594738 -0.6532814824383866 -0.3535533905923543 1.6110757837423746e-12 0.35355339059498686 0.6532814824393897 0.8535533905934712 0.923879532510235 0.8535533905913305 0.6532814824362303 0.3535533905921874 4.548219894223095e-13 -0.3535533905910016 -0.6532814824343112 -0.8535533905884821 -0.9238795325066271 -0.8535533905899095 -0.6532814824359677 -0.3535533905920923 -0.2705980500757753 -0.5000000000043979 -0.6532814824431674 -0.7071067811909804 -0.6532814824413903 -0.5000000000016896 -0.27059805007340354 6.160176851832336e-13 0.27059805007399057 0.5000000000005181 0.6532814824378576 0.7071067811852018 0.6532814824361717 0.4999999999980955 0.27059805007219123 8.499072298458132e-13 -0.27059805007006926 -0.4999999999948512 -0.6532814824315152 -0.7071067811794214 -0.6532814824319583 -0.49999999999522454 -0.27059805007038157 -0.14644660940976212 -0.2705980500781348 -0.35355339059908825 -0.3826834323705037 -0.35355339059749247 -0.27059805007574145 -0.1464466094078438 2.930259621518804e-16 0.14644660940723309 0.27059805007348003 0.35355339059306207 0.38268343236411145 0.35355339059174623 0.2705980500715904 0.14644660940597684 7.305198465713384e-13 -0.14644660940401436 -0.2705980500682961 -0.3535533905867561 -0.38268343235771596 -0.35355339058626495 -0.2705980500674377 -0.14644660940343238 -2.900045160456107e-12 -4.8567831844123e-12 -5.692519426096817e-12 -5.454548604738298e-12 -4.3820693545995864e-12 -2.8533452071326373e-12 -1.272646256675806e-12 -2.2803624020121338e-24 7.305198465773873e-13 8.499072298497926e-13 4.548219894234272e-13 -2.173587834667012e-13 -8.539869423477482e-13 -1.1554148583825338e-12 -8.958593837093668e-13 -7.982992136537876e-24 1.4379857937888286e-12 3.1588528356508616e-12 4.7828754472424126e-12 5.8839371011535005e-12 6.0916843790288485e-12 5.164174923904182e-12 3.065384697589908e-12 0.14644660940433255 0.27059805006905113 0.3535533905884862 0.3826834323604291 0.3535533905895472 0.27059805007081494 0.14644660940602638 6.665734421244473e-13 -0.14644660940518395 -0.2705980500713132 -0.35355339059186314 -0.38268343236450897 -0.3535533905936693 -0.27059805007427684 -0.14644660940824356 -1.273665930177272e-12 0.14644660940628235 0.27059805007391874 0.35355339059552005 0.38268343236858804 0.3535533905975004 0.2705980500769494 0.1464466094090792 0.2705980500714123 0.49999999999712835 0.6532814824348006 0.7071067811832709 0.6532814824357611 0.49999999999893413 0.2705980500735787 1.8483994379625238e-12 -0.2705980500703763 -0.49999999999711053 -0.6532814824358949 -0.7071067811855054 -0.6532814824386552 -0.5000000000017727 -0.2705980500757206 -2.853345207131714e-12 0.2705980500706612 0.49999999999852757 0.6532814824380182 0.7071067811877432 0.6532814824404988 0.5000000000024253 0.27059805007465093 0.3535533905923187 0.6532814824365791 0.8535533905914582 0.9238795325096699 0.8535533905924964 0.6532814824387103 0.3535533905952511 3.2204395706534964e-12 -0.35355339058937013 -0.6532814824344138 -0.8535533905905357 -0.9238795325104003 -0.8535533905944833 -0.6532814824411198 -0.3535533905973032 -4.382069354596723e-12 0.35355339058927465 0.653281482435178 0.8535533905916354 0.9238795325111298 0.8535533905944297 0.653281482439723 0.35355339059431085 0.38268343236474617 0.7071067811860423 0.9238795325109174 1.0 0.9238795325121706 0.7071067811886634 0.38268343236848495 4.3584139701484295e-12 -0.3826834323604329 -0.7071067811825004 -0.9238795325088349 -1.0 -0.9238795325138437 -0.7071067811909816 -0.38268343237050534 -5.454548604738298e-12 0.3826834323604291 0.7071067811832709 0.9238795325096699 1.0 0.9238795325125776 0.707106781188155 0.38268343236614083 0.3535533905933351 0.6532814824384684 0.8535533905939989 0.9238795325125776 0.8535533905954926 0.65328148244151 0.35355339059757845 4.831218212085844e-12 -0.35355339058867125 -0.6532814824347497 -0.8535533905919345 -0.9238795325127815 -0.8535533905974554 -0.6532814824440447 -0.35355339059961616 -5.692519426106156e-12 0.3535533905891167 0.653281482436067 0.8535533905932408 0.9238795325129848 0.8535533905960357 0.6532814824408759 0.35355339059490254 0.2705980500732985 0.5000000000005295 0.6532814824392197 0.707106781188155 0.6532814824406142 0.5000000000033216 0.2705980500771426 4.315014690571033e-12 -0.2705980500691976 -0.49999999999732087 -0.6532814824375073 -0.7071067811884375 -0.6532814824424126 -0.500000000005542 -0.2705980500788219 -4.8567831844258564e-12 0.2705980500698739 0.4999999999987743 0.6532814824388883 0.7071067811887176 0.6532814824411035 0.5000000000026711 0.2705980500746805 0.14644660940686283 0.27059805007345406 0.35355339059395186 0.3826834323661392 0.35355339059483293 0.2705980500752022 0.1464466094092555 2.668192519909056e-12 -0.14644660940434198 -0.2705980500714935 -0.35355339059291935 -0.3826834323663246 -0.353553390595932 -0.27059805007653 -0.14644660941021517 -2.9000451604659556e-12 0.1464466094048742 0.2705980500724953 0.3535533905938397 0.3826834323665101 0.35355339059507024 0.2705980500747089 0.14644660940767074
</DataArray>
        <DataArray type="Float64" Name="Mode_11_phi1" NumberOfComponents="1" format="ascii">
 0.0 -0.0 -3.4626072486992214e-15 3.4626072486992214e-15 0.0 0.0 0.0 0.0 -0.0 -0.0 -0.0 -0.0 -0.0 -0.0 -0.0 -0.0 0.0 0.0 0.0 0.0 0.0 0.0 0.0 0.0 -0.0 -0.0 -0.0 -3.606706379299342 -6.664324407227476 -8.707359456410579 -9.42477796076938 -8.707359456434181 -6.664324407274553 -3.606706379364402 -7.39369906232032e-11 3.6067063792277843 6.664324407169993 8.707359456377597 9.42477796076938 8.707359456459388 6.664324407306579 3.6067063793872487 7.810265981224175e-11 -3.606706379242941 -6.664324407196125 -8.707359456399614 -9.42477796076938 -8.707359456429504 -6.66432440725136 -3.606706379315102 -3.1990319661962625e-15 -2.4484330661329085e-15 -1.3250824268494167e-15 7.551199116662005e-27 1.325082426862716e-15 2.4484330661329053e-15 3.1990319661904864e-15 3.4626072486992214e-15 3.199031966213591e-15 2.4484330661755965e-15 1.3250824269184924e-15 6.720944037859663e-26 -1.3250824268069405e-15 -2.448433066100892e-15 -3.1990319661789363e-15 -3.4626072486992214e-15 -3.199031966213591e-15 -2.448433066164924e-15 -1.3250824268906036e-15 -2.2639441027659283e-26 1.3250824268487707e-15 2.4484330661329092e-15 3.1990319661962625e-15 3.6067063793203142 6.66432440725934 8.70735945643525 9.42477796076938 8.707359456420257 6.664324407259348 3.6067063793582737 8.21746637030493e-11 -3.6067063792064507 -6.664324407143147 -8.707359456357372 -9.42477796076938 -8.70735945648314 -6.664324407346483 -3.606706379434173 -1.2323500586402314e-10 3.6067063792064493 6.664324407172197 8.707359456388815 9.42477796076938 8.707359456435979 6.664324407259336 3.6067063793203147 3.332162203632051 6.157032917882547 8.0445511840204 8.707359456419635 8.044551183978886 6.157032917806176 3.3321622035329086 -1.0626368408700818e-10 -3.3321622037289953 -6.157032917955442 -8.044551184058209 -8.70735945641674 -8.044551183949336 -6.157032917779652 -3.3321622035326803 6.974800625433484e-11 3.3321622036612664 6.157032917877251 8.044551184000708 8.707359456413844 8.044551184014468 6.157032917878353 3.332162203629609 2.550326538568286 4.712388980403464 6.15703291787882 6.6643244072423125 6.157032917847188 4.712388980345996 2.55032653849526 -7.551813756812428e-11 -2.550326538633803 -4.712388980449052 -6.157032917897632 -6.664324407231692 -6.157032917818478 -4.7123889803215455 -2.5503265384925595 4.867120200816824e-11 2.550326538581432 4.712388980386601 6.157032917848362 6.6643244072210726 6.157032917857384 4.712388980386101 2.5503265385580494 1.380226776776509 2.5503265385724734 3.3321622036344505 3.6067063793144825 3.3321622036150633 2.5503265385383216 1.380226776735629 -3.772598564715028e-11 -1.380226776803384 -2.5503265385844527 -3.3321622036297764 -3.60670637929404 -3.3321622035868628 -2.5503265385156753 -1.3802267767289031 2.3774742299538e-11 1.3802267767708791 2.5503265385420706 3.3321622035908964 3.6067063792736045 3.332162203592621 2.550326538537489 1.3802267767557548 1.0285533455246127e-11 1.6285357039688792e-11 1.771454728083883e-11 1.5319295544462026e-11 1.0599553619963253e-11 5.392716480813198e-12 1.4465553927326836e-12 6.165525201060859e-25 1.4965672293223095e-12 5.485126305208467e-12 1.0720292874057135e-11 1.544998277127052e-11 1.7835286534730528e-11 1.6370367977373815e-11 1.0331541043072399e-11 -1.8148438644580963e-22 -1.3275464515131414e-11 -2.724821076358016e-11 -3.915513302880273e-11 -4.6238095576892315e-11 -4.627206011190641e-11 -3.8133452436046894e-11 -2.2109637479386994e-11 -1.380226776756758 -2.550326538541234 -3.3321622036007223 -3.606706379285967 -3.33216220359675 -2.550326538531493 -1.3802267767379288 3.143771385713907e-11 1.3802267767995164 2.5503265385888625 3.3321622036461114 3.6067063793224796 3.332162203622965 2.55032653855106 1.3802267767537202 -1.8671728055599062e-11 -1.380226776791708 -2.5503265385903604 -3.33216220366255 -3.606706379358981 -3.3321622036778997 -2.5503265386076746 -1.3802267767964387 -2.5503265385499425 -4.712388980374331 -6.157032917847836 -6.664324407217607 -6.157032917834879 -4.712388980348496 -2.5503265385108493 5.2288593825140375e-11 2.5503265386107223 4.71238898043451 6.157032917898537 6.6643244072517245 6.157032917854184 4.71238898036288 2.5503265385279428 -2.9771486586986565e-11 -2.5503265385862033 -4.712388980417051 -6.1570329179006 -6.664324407285834 -6.157032917921714 -4.712388980438874 -2.550326538588647 -3.3321622036180765 -6.1570329178605 -8.044551183998195 -8.707359456405037 -8.044551183978728 -6.157032917823869 -3.332162203567354 6.072385781335436e-11 3.3321622036816496 6.157032917917463 8.04455118404032 8.707359456426847 8.04455118398509 6.157032917828904 3.332162203581849 -3.271910446311298e-11 -3.3321622036444127 -6.157032917882903 -8.044551184025243 -8.707359456448653 -8.044551184048155 -6.157032917905498 -3.3321622036452765 -3.606706379313323 -6.664324407248715 -8.707359456427511 -9.42477796076938 -8.707359456403939 -6.664324407206312 -3.6067063792590925 5.751937791934292e-11 3.606706379365374 6.664324407287653 8.707359456447957 9.42477796076938 8.707359456391377 6.664324407197614 3.606706379266719 -2.8751679492750694e-11 -3.6067063793198453 -6.664324407238276 -8.707359456413373 -9.42477796076938 -8.707359456433336 -6.664324407256676 -3.6067063793185823 -3.3321622036357095 -6.157032917889167 -8.044551184031087 -8.707359456436473 -8.044551184005455 -6.157032917845088 -3.332162203584324 4.5542626774051425e-11 3.332162203665754 6.157032917899427 8.044551184020573 8.70735945640798 8.044551183969704 6.1570329178192615 3.33216220358135 -2.0383870887971094e-11 -3.3321622036162744 -6.1570329178380145 -8.04455118396556 -8.70735945637948 -8.044551183977996 -6.1570329178470695 -3.3321622036111855 -2.550326538583035 -4.712388980428077 -6.157032917909235 -6.664324407275693 -6.157032917883151 -4.712388980385205 -2.5503265385383522 2.9044252309432576e-11 2.5503265385863974 4.712388980405487 6.157032917864621 6.664324407216865 6.15703291782326 4.712388980341054 2.5503265385225755 -1.0871771165362499e-11 -2.550326538537048 -4.712388980335644 -6.157032917790821 -6.664324407158036 -6.157032917792227 -4.712388980331118 -2.5503265385257716 -1.3802267768012157 -2.5503265386133216 -3.3321622036824396 -3.606706379361866 -3.332162203657183 -2.5503265385734752 -1.3802267767646539 1.257930528470436e-11 1.380226776779769 2.5503265385612446 3.3321622036079566 3.6067063792769343 3.332162203576613 2.5503265385130254 1.3802267767361551 -3.333854733607729e-12 -1.3802267767341945 -2.5503265384877025 -3.3321622035203227 -3.6067063791919955 -3.3321622035090486 -2.5503265384673717 -1.380226776714607 -3.9690773329982736e-11 -6.452543273795267e-11 -7.280654551925735e-11 -6.632424836695808e-11 -4.9767886697886215e-11 -2.927713792591588e-11 -1.1071608698199595e-11 4.3078470970544466e-23 1.5414973506976953e-12 -5.982995104198999e-12 -1.931715501092651e-11 -3.337298478012065e-11 -4.2348080143380364e-11 -4.122537080689939e-11 -2.7080870679694464e-11 1.8090765513631e-23 3.6620592223600934e-11 7.647958472790332e-11 1.114408555409081e-10 1.3307021792719936e-10 1.34456313296238e-10 1.1172196043111207e-10 6.52365534567732e-11 1.3802267767329732 2.550326538502195 3.332162203557069 3.6067063792479144 3.332162203572644 2.5503265385256957 1.3802267767500487 -6.289431795227962e-12 -1.3802267767695247 -2.550326538563625 -3.3321622036343395 -3.606706379330008 -3.3321622036481977 -2.5503265385852854 -1.3802267767862029 -1.775566308167674e-12 1.3802267767907799 2.5503265386118072 3.3321622037037195 3.6067063794121004 3.332162203731499 2.5503265386522815 1.3802267768226444 2.5503265385337124 4.712388980347769 6.157032917819316 6.66432440719577 6.1570329178277445 4.712388980360784 2.550326538542636 -5.805829902733779e-12 -2.550326538558598 -4.712388980388265 -6.1570329178699374 -6.664324407250232 -6.157032917879192 -4.712388980403947 -2.5503265385729024 -8.010186928645376e-12 2.5503265385633327 4.712388980411893 6.157032917910816 6.664324407304712 6.1570329179401355 4.712388980453934 2.550326538597539 3.3321622036081466 6.1570329178445515 8.044551183982726 8.707359456397157 8.044551183985783 6.157032917850372 3.3321622036134335 -6.667344773023102e-15 -3.3321622036158276 -6.157032917859207 -8.04455118400308 -8.707359456422111 -8.044551184012507 -6.157032917876441 -3.3321622036361798 -1.6621829837036288e-11 3.3321622036078336 6.157032917861763 8.044551184017063 8.70735945644708 8.044551184045297 6.157032917902476 3.3321622036435103 3.6067063793063334 6.664324407238098 8.707359456419043 9.42477796076938 8.707359456419063 6.664324407240432 3.6067063793117473 8.212991794127756e-12 -3.6067063792965834 -6.6643244072288175 -8.70735945641278 -9.42477796076938 -8.707359456425378 -6.664324407252099 -3.6067063793269796 -2.4662933833152697e-11 3.6067063792813934 6.6643244072171965 8.707359456406488 9.42477796076938 8.707359456431421 6.6643244072540115 3.6067063793168344 3.3321622036274494 6.157032917877141 8.044551184021824 8.707359456436487 8.044551184020886 6.157032917878837 3.3321622036347756 1.5166830005822886e-11 -3.332162203605211 -6.157032917851754 -8.04455118399824 -8.70735945642056 -8.044551184014196 -6.157032917880703 -3.33216220364362 -2.8980264478282748e-11 3.3321622035885827 6.157032917834103 8.044551183980989 8.707359456404637 8.044551184000909 6.157032917864625 3.3321622036209977 2.5503265385698906 4.7123889804087735 6.157032917892185 6.664324407268431 6.1570329178914935 4.712388980410876 2.550326538578226 1.7420754285714008e-11 -2.5503265385440077 -4.712388980378781 -6.157032917863564 -6.664324407247371 -6.157032917879835 -4.7123889804078285 -2.5503265385822713 -2.6892145022636057e-11 2.5503265385305642 4.712388980362335 6.157032917844662 6.664324407226282 6.157032917858294 4.712388980384178 2.550326538556076 1.3802267767814644 2.5503265385837426 3.332162203653749 3.6067063793428655 3.33216220365329 2.550326538585194 1.380226776787333 1.2572180176111122e-11 -1.3802267767625196 -2.55032653856154 -3.332162203632184 -3.6067063793262455 -3.3321622036430996 -2.5503265385808196 -1.3802267767879033 -1.710703283239318e-11 1.3802267767546954 2.550326538550755 3.3321622036184877 3.6067063793096494 3.332162203624901 2.5503265385616105 1.3802267767687704 1.4647043422272715e-11 2.6525568329333597e-11 3.393809214657229e-11 3.5980946636699223e-11 3.2522827103214425e-11 2.4341417064001766e-11 1.2872360502548954e-11 1.4324789451004163e-22 -1.229254532449987e-11 -2.2169104016619195e-11 -2.823836352909193e-11 -2.9794863068631115e-11 -2.6830832174600345e-11 -1.9990871860568206e-11 -1.0517862404947186e-11 -1.4571487112556784e-22 9.92843703057525e-12 1.780080148581635e-11 2.254636860047018e-11 2.3617150384958226e-11 2.1131103557136618e-11 1.5610731111390313e-11 8.163364307184357e-12 -1.38022677675377 -2.550326538533817 -3.332162203590417 -3.6067063792767065 -3.3321622035949927 -2.550326538543782 -1.3802267767687748 -1.8860451965860116e-11 1.3802267767334753 2.550326538515469 3.3321622035773686 3.6067063792720657 3.332162203597682 2.550326538549846 1.3802267767746426 2.2222860671467386e-11 -1.3802267767331478 -2.550326538516793 -3.3321622035774623 -3.6067063792674414 -3.3321622035871012 -2.550326538533644 -1.3802267767541745 -2.5503265385471683 -4.71238898036921 -6.157032917844549 -6.6643244072223995 -6.157032917856446 -4.71238898039365 -2.5503265385818668 -4.066805535588906e-11 2.5503265385064795 4.712388980335203 6.1570329178234875 6.664324407219737 6.157032917868471 4.712388980410811 2.550326538595664 4.577410311654906e-11 -2.5503265385108054 -4.712388980345118 -6.157032917831605 -6.664324407217096 -6.157032917851235 -4.712388980379985 -2.550326538554594 -3.3321622036118965 -6.157032917851329 -8.044551183993613 -8.707359456414196 -8.04455118401253 -6.157032917889405 -3.332162203664916 -6.071052312379362e-11 3.332162203552647 6.157032917803286 8.044551183965554 8.707359456413473 8.04455118403297 6.157032917916119 3.3321622036848595 6.598596520329622e-11 -3.332162203562865 -6.157032917822555 -8.044551183981968 -8.707359456412748 -8.044551184008835 -6.15703291787122 -3.3321622036250895
</DataArray>
        <DataArray type="Float64" Name="Mode_11_phi2" NumberOfComponents="1" format="ascii">
 0.0 3.4626072486992214e-15 -3.4626072486992214e-15 -0.0 3.606706379299342 6.664324407227476 8.707359456410579 9.42477796076938 8.707359456434181 6.664324407274553 3.606706379364402 7.39369906232032e-11 -3.6067063792277843 -6.664324407169993 -8.707359456377597 -9.42477796076938 -8.707359456459388 -6.664324407306579 -3.6067063793872487 -7.810265981224175e-11 3.606706379242941 6.664324407196125 8.707359456399614 9.42477796076938 8.707359456429504 6.66432440725136 3.606706379315102 3.1990319661994542e-15 2.448433066144614e-15 1.3250824268712993e-15 1.1283902445994173e-26 -1.3250824268503647e-15 -2.4484330661273186e-15 -3.1990319661895536e-15 -3.4626072486992214e-15 -3.199031966210344e-15 -2.4484330661657334e-15 -1.3250824269005533e-15 -4.268736898521577e-26 1.3250824268280076e-15 2.4484330661155523e-15 3.199031966186077e-15 3.4626072486992214e-15 3.1990319662080374e-15 2.4484330661561325e-15 1.3250824268810254e-15 1.4347861922226043e-26 -1.325082426854514e-15 -2.4484330661358395e-15 -3.199031966197056e-15 -3.6067063793203142 -6.66432440725934 -8.70735945643525 -9.42477796076938 -8.707359456420257 -6.664324407259348 -3.6067063793582737 -8.21746637030493e-11 3.6067063792064507 6.664324407143147 8.707359456357372 9.42477796076938 8.70735945648314 6.664324407346483 3.606706379434173 1.2323500586402314e-10 -3.6067063792064493 -6.664324407172197 -8.707359456388815 -9.42477796076938 -8.707359456435979 -6.664324407259336 -3.6067063793203147 -0.0 -0.0 -0.0 0.0 0.0 0.0 0.0 0.0 0.0 0.0 0.0 0.0 -0.0 -0.0 -0.0 -0.0 -0.0 -0.0 -0.0 -0.0 0.0 0.0 0.0 3.332162203611242 2.5503265385447524 1.3802267767489809 -2.2109637479285177e-11 -1.3802267767904937 -2.550326538578435 -3.3321622036329535 -3.606706379306333 -3.3321622036008764 -2.5503265385186524 -1.380226776711171 6.523655345663054e-11 1.3802267768200431 2.550326538593515 3.33216220363926 3.606706379313324 3.332162203618766 2.550326538555135 1.380226776768673 8.163364307186246e-12 -1.380226776754911 -2.5503265385567273 -3.3321622036288976 6.157032917850447 4.712388980365915 2.5503265385272003 -3.813345243590261e-11 -2.5503265385986604 -4.712388980423383 -6.157032917886792 -6.664324407238097 -6.157032917831436 -4.712388980320326 -2.550326538462161 1.1172196043091165e-10 2.550326538648346 4.712388980447836 6.157032917896038 6.664324407248716 6.157032917861258 4.712388980382779 2.550326538561489 1.562256932963423e-11 -2.5503265385348026 -4.712388980383279 -6.157032917877041 8.04455118399287 6.1570329178417795 3.3321622035846716 -4.627206011180286e-11 -3.3321622036709404 -6.1570329179097785 -8.04455118403375 -8.707359456419043 -8.044551183965995 -6.157032917783959 -3.3321622035050704 1.3445631329609742e-10 3.3321622037285143 6.157032917935556 8.044551184040476 8.707359456427511 8.044551183998498 6.157032917857368 3.3321622036248946 2.113110355713974e-11 -3.3321622035881173 -6.157032917853981 -8.044551184013624 8.707359456413844 6.664324407221073 3.6067063792736045 -4.6238095576892315e-11 -3.606706379358981 -6.664324407285834 -8.707359456448653 -9.42477796076938 -8.70735945637948 -6.664324407158032 -3.6067063791919955 1.3309533058038504e-10 3.6067063794121164 6.664324407304712 8.70735945644708 9.42477796076938 8.707359456404637 6.664324407226282 3.6067063793096494 2.3642263038143886e-11 -3.6067063792674414 -6.664324407217096 -8.707359456412755 8.04455118401262 6.157032917856751 3.332162203595044 -3.916286671760861e-11 -3.3321622036658995 -6.15703291790608 -8.04455118403145 -8.707359456419063 -8.044551183969864 -6.157032917793388 -3.3321622035213103 1.1144085554092816e-10 3.332162203703923 6.1570329179104695 8.044551184015658 8.707359456403939 8.044551183977672 6.157032917841402 3.332162203616325 2.2561835977976388e-11 -3.3321622035744984 -6.157032917825426 -8.04455118397294 6.157032917889788 4.712388980395048 2.5503265385460185 -2.7248210763615625e-11 -2.5503265385930627 -4.712388980420884 -6.1570329178864025 -6.664324407240432 -6.157032917838505 -4.712388980334869 -2.550326538486658 7.647958472785337e-11 2.550326538609511 4.7123889804065 6.157032917853214 6.664324407206312 6.157032917822549 4.712388980352328 2.550326538544721 1.7800801485769866e-11 -2.5503265385095055 -4.7123889803305055 -6.157032917801945 3.3321622036652885 2.550326538583264 1.3802267767711838 -1.3275464515127854e-11 -1.3802267767906526 -2.5503265385830147 -3.332162203638582 -3.6067063793117473 -3.3321622036071763 -2.5503265385288265 -1.3802267767290606 3.6620592223446827e-11 1.3802267767842893 2.5503265385500873 3.3321622035888874 3.6067063792590925 3.332162203566354 2.550326538512299 1.3802267767441354 9.928437030494402e-12 -1.3802267767212237 -2.5503265384875164 -3.3321622035307934 6.071438996818463e-11 4.065917669224081e-11 1.886045196590938e-11 -1.3440369622215107e-22 -1.2572180176132576e-11 -1.742371384030272e-11 -1.5178430538981644e-11 -8.212991794127756e-12 6.667344773010923e-15 5.8147085663833124e-12 6.289431795132944e-12 -2.1773019585616668e-22 -1.2579305284884584e-11 -2.9044252309568563e-11 -4.554262677411614e-11 -5.751100703494769e-11 -6.072385781333097e-11 -5.229451293427769e-11 -3.143771385725881e-11 -2.5616672731615545e-22 3.772598564678937e-11 7.55270162315943e-11 1.0626368408694626e-10 -3.3321622035533762 -2.5503265385091507 -1.3802267767382912 1.0331541043145748e-11 1.380226776763925 2.5503265385475506 3.33216220360845 3.6067063792965905 3.332162203609912 2.550326538545191 1.3802267767488061 -2.7080870679950635e-11 -1.3802267767996768 -2.550326538598545 -3.332162203670655 -3.606706379365374 -3.332162203680078 -2.5503265386109257 -1.3802267768038203 -1.0517862405071591e-11 1.380226776791385 2.5503265386273277 3.332162203727227 -6.157032917804953 -4.712388980341302 -2.5503265385265776 1.6370367977445098e-11 2.5503265385623757 4.7123889803841745 6.157032917857235 6.6643244072288175 6.1570329178485945 4.712388980363892 2.550326538525582 -4.122537080710579e-11 -2.5503265385982674 -4.712388980428325 -6.157032917908794 -6.664324407287653 -6.157032917914064 -4.712388980433735 -2.5503265385950584 -1.9979033642440443e-11 2.5503265385644918 4.712388980438261 6.157032917952494 -8.044551183968164 -6.157032917832989 -3.3321622035947676 1.783528653477316e-11 3.3321622036309844 6.1570329178691106 8.044551184004726 8.70735945641278 8.044551183989611 6.157032917838592 3.3321622035849705 -4.2348080143487283e-11 -3.3321622036566683 -6.157032917894948 -8.044551184033224 -8.707359456447957 -8.044551184035186 -6.157032917896016 -3.332162203651906 -2.6815364797148085e-11 3.332162203606589 6.1570329178850525 8.044551184054773 -8.70735945641674 -6.664324407231692 -3.60670637929404 1.544998277127052e-11 3.6067063793224796 6.6643244072517245 8.707359456426847 9.42477796076938 8.70735945640798 6.664324407216865 3.6067063792769343 -3.337298478012065e-11 -3.606706379330008 -6.664324407250232 -8.707359456422111 -9.42477796076938 -8.70735945642056 -6.664324407247371 -3.6067063793262615 -2.9811604837421555e-11 3.6067063792720657 6.664324407219737 8.707359456413473 -8.044551184036406 -6.1570329178810494 -3.3321622036208547 1.0720292874028618e-11 3.3321622036373038 6.157032917882367 8.044551184019332 8.707359456425387 8.044551183999854 6.157032917848864 3.3321622035994864 -1.9317155010877735e-11 -3.332162203625982 -6.157032917854601 -8.044551183983176 -8.707359456391384 -8.0445511839786 -6.157032917848637 -3.3321622036241503 -2.823836352902445e-11 3.332162203569463 6.157032917808978 8.044551183946735 -6.157032917919085 -4.712388980421611 -2.550326538569807 5.485126305177405e-12 2.5503265385746348 4.712388980408595 6.157032917884112 6.664324407252088 6.157032917867071 4.712388980381116 2.5503265385482603 -5.96523777680791e-12 -2.550326538551062 -4.712388980365432 -6.157032917829883 -6.664324407197614 -6.157032917823418 -4.7123889803574865 -2.550326538550224 -2.2169104016522664e-11 2.550326538504584 4.7123889803154455 6.157032917777986 -3.3321622036866283 -2.55032653860214 -1.3802267767866536 1.4965672293046016e-12 1.3802267767835967 2.5503265385820746 3.332162203645181 3.6067063793269796 3.3321622036312752 2.5503265385607556 1.3802267767663012 1.5414973506831134e-12 -1.3802267767568737 -2.550326538535977 -3.3321622035872434 -3.606706379266719 -3.3321622035785987 -2.5503265385244025 -1.3802267767523146 -1.2292545324412595e-11 1.3802267767240812 2.5503265384898928 3.3321622035319507 -6.598596520333467e-11 -4.577410311667682e-11 -2.2222860671679878e-11 3.50712490847895e-25 1.7107032832328027e-11 2.689214502262735e-11 2.895706341200861e-11 2.4662933833152697e-11 1.6621829837012674e-11 8.01018692860787e-12 1.7755663081422433e-12 -3.582942768711483e-24 3.333854733658117e-12 1.088952849278163e-11 2.0383870888008324e-11 2.8751679492750694e-11 3.2719104463078265e-11 2.9771486586937936e-11 1.86717280555672e-11 1.935349904204341e-22 -2.3781149097020332e-11 -4.8671202008129564e-11 -6.97480062543232e-11 3.3321622035649794 2.5503265385185596 1.3802267767475562 1.4465553927444628e-12 -1.3802267767484924 -2.5503265385291147 -3.3321622035895815 -3.6067063792813934 -3.332162203603267 -2.5503265385515865 -1.3802267767711385 -1.1071608698246186e-11 1.3802267767551823 2.550326538550866 3.33216220362253 3.6067063793198293 3.3321622036405993 2.5503265385814307 1.38022677678839 1.2878767300097069e-11 -1.3802267767684702 -2.550326538580046 -3.3321622036609044 6.157032917826801 4.712388980360607 2.5503265385456086 5.39271648082728e-12 -2.5503265385375338 -4.712388980358504 -6.157032917835431 -6.664324407217216 -6.157032917853642 -4.712388980390599 -2.5503265385757716 -2.927713792593501e-11 2.5503265385267446 4.712388980361549 6.1570329178498975 6.664324407238276 6.157032917875337 4.712388980407044 2.550326538582492 2.4341417063970084e-11 -2.5503265385398346 -4.712388980385201 -6.157032917876861 8.044551183987915 6.157032917853369 3.3321622036180223 1.0609220730923564e-11 -3.3321622035989136 -6.157032917838138 -8.044551183982048 -8.707359456406488 -8.04455118400686 -6.157032917883498 -3.332162203656977 -4.976788669787729e-11 3.3321622035716496 6.157032917825174 8.044551183981476 8.707359456413373 8.044551184014683 6.15703291788603 3.332162203649945 3.2515093414416025e-11 -3.3321622035908596 -6.157032917848066 -8.044551184000609 8.707359456419635 6.664324407242311 3.6067063793144825 1.532975914995605e-11 -3.606706379285967 -6.664324407217607 -8.707359456405039 -9.42477796076938 -8.707359456436473 -6.664324407275693 -3.606706379361866 -6.632424836695808e-11 3.606706379247899 6.664324407195759 8.707359456397151 9.42477796076938 8.707359456436487 6.664324407268431 3.6067063793428655 3.5964204867908784e-11 -3.6067063792767065 -6.6643244072223995 -8.70735945641419 8.04455118401561 6.157032917876078 3.3321622036334655 1.7714547280836216e-11 -3.332162203600731 -6.157032917848763 -8.044551184000603 -8.707359456431414 -8.044551184035903 -6.157032917913837 -3.3321622036854244 -7.280654551933345e-11 3.3321622035610443 6.157032917827584 8.044551183994736 8.707359456433329 8.044551184036232 6.157032917904121 3.332162203660708 3.393809214664824e-11 -3.332162203598385 -6.157032917860159 -8.044551184015205 6.157032917876713 4.712388980400171 2.550326538571326 1.627795815328505e-11 -2.55032653854136 -4.71238898037573 -6.157032917863871 -6.6643244072540115 -6.157032917895606 -4.712388980434176 -2.5503265386172527 -6.452543273806843e-11 2.550326538507405 4.712388980358568 6.157032917860184 6.6643244072567 6.157032917895861 4.712388980424262 2.550326538592757 2.6519649220313546e-11 -2.5503265385441174 -4.712388980389394 -6.157032917879236 3.332162203628227 2.550326538566153 1.3802267767757666 1.0285533455243699e-11 -1.3802267767568492 -2.55032653855088 -3.3321622036203093 -3.6067063793168344 -3.33216220363996 -2.550326538587059 -1.3802267768038257 -3.969077333006953e-11 1.380226776736409 2.5503265385408382 3.332162203618455 3.6067063793185823 3.332162203639774 2.550326538580111 1.3802267767874126 1.465345021988484e-11 -1.3802267767605434 -2.5503265385604514 -3.332162203630263
</DataArray>
        <DataArray type="Float64" Name="Mode_12_w" NumberOfComponents="1" format="ascii">
 0.0 -0.0 1.199807826129486e-31 -0.0 0.0 0.0 0.0 0.0 0.0 0.0 0.0 0.0 0.0 0.0 0.0 0.0 -0.0 -0.0 -0.0 -0.0 -0.0 -0.0 -0.0 -0.0 -0.0 -0.0 -0.0 -1.2246467991451656e-16 -2.121150477447346e-16 -2.4492935982947064e-16 -2.121150477455135e-16 -1.2246467991598125e-16 -1.813233994744427e-27 1.2246467991284095e-16 2.1211504774370042e-16 2.4492935982947064e-16 2.1211504774663664e-16 1.224646799179263e-16 4.0258732136246126e-27 -1.2246467991151282e-16 -2.1211504774329014e-16 -2.4492935982947064e-16 -2.1211504774633435e-16 -1.2246467991678614e-16 -2.0297472520284787e-27 1.2246467991327053e-16 2.1211504774430484e-16 2.4492935982947064e-16 2.1211504774531978e-16 1.2246467991502843e-16 1.2678476605778666e-16 2.4492935983039553e-16 3.463824224952831e-16 4.2423009549031884e-16 4.731671885514219e-16 4.898587196589413e-16 4.731671885519745e-16 4.242300954913864e-16 3.4638242249683955e-16 2.449293598334769e-16 1.2678476606259884e-16 6.3386488445039754e-27 -1.2678476605159913e-16 -2.4492935982484777e-16 -3.463824224908002e-16 -4.242300954878276e-16 -4.731671885505008e-16 -4.898587196589413e-16 -4.731671885521587e-16 -4.242300954910304e-16 -3.4638242249532967e-16 -2.449293598303952e-16 -1.2678476605778636e-16 -0.0 -0.0 -0.0 -0.0 -0.0 -0.0 0.0 0.0 0.0 0.0 0.0 0.0 -0.0 -0.0 -0.0 -0.0 -0.0 -0.0 0.0 0.0 0.0 0.0 0.0 0.12940952255150234 0.22414386804222372 0.2588190451022165 0.2241438680407482 0.12940952254888727 -3.1636572663654513e-12 -0.12940952255443114 -0.22414386804413547 -0.2588190451026043 -0.22414386803951178 -0.12940952254635804 6.241800106286395e-12 0.1294095225561273 0.22414386804463346 0.258819045102992 0.22414386804109535 0.12940952254993413 -9.920561602855308e-13 -0.12940952255171664 -0.2241438680423108 -0.2588190451033797 -0.22414386804336905 -0.12940952255223584 0.25000000000044925 0.4330127018926197 0.49999999999947237 0.43301270188995455 0.2499999999957378 -5.684502698343696e-12 -0.25000000000569994 -0.4330127018960377 -0.5000000000001623 -0.43301270188774665 -0.24999999999122385 1.1176270679627953e-11 0.2500000000087027 0.4330127018968988 0.5000000000008524 0.4330127018906229 0.24999999999771816 -1.6527163420460192e-12 -0.250000000000695 -0.4330127018926744 -0.5000000000015424 -0.4330127018947116 -0.2500000000018031 0.3535533905939279 0.6123724356964205 0.7071067811859543 0.6123724356928956 0.3535533905877269 -7.435243251735387e-12 -0.35355339060074437 -0.6123724357008103 -0.7071067811867843 -0.6123724356899748 -0.35355339058183705 1.4558980159685083e-11 0.35355339060457225 0.6123724357018312 0.7071067811876138 0.6123724356937308 0.35355339059040225 -1.9654959714593347e-12 -0.35355339059394386 -0.6123724356961735 -0.7071067811884442 -0.6123724356990273 -0.35355339059563407 0.4330127018929777 0.750000000000722 0.8660254037837605 0.7499999999966983 0.4330127018859406 -8.366319998391132e-12 -0.43301270190056984 -0.7500000000055383 -0.8660254037845769 -0.7499999999933488 -0.4330127018793227 1.6305742280420613e-11 0.43301270190473906 0.7500000000065274 0.8660254037853935 0.7499999999975476 0.4330127018890462 -1.9518735466480488e-12 -0.4330127018925591 -0.7499999999999679 -0.86602540378621 -0.7500000000034245 -0.43301270189477575 0.4829629131454632 0.8365163037387702 0.9659258262885794 0.8365163037345666 0.4829629131381881 -8.508677460747411e-12 -0.48296291315301604 -0.836516303743389 -0.9659258262891218 -0.8365163037309599 -0.4829629131313987 1.6483732118712923e-11 0.48296291315700846 0.8365163037440778 0.9659258262896645 0.8365163037350692 0.4829629131413131 -1.6657150330034313e-12 -0.4829629131442902 -0.8365163037370472 -0.9659258262902071 -0.8365163037408171 -0.4829629131468819 0.5000000000011928 0.8660254037858215 1.0 0.8660254037817128 0.49999999999419453 -7.957067997413508e-12 -0.5000000000079751 -0.8660254037896693 -1.0 -0.8660254037779549 -0.49999999998768657 1.530129288523393e-11 0.5000000000113386 0.8660254037897954 1.0 0.8660254037814602 0.49999999999690303 -1.1986734725554248e-12 -0.49999999999897615 -0.8660254037826579 -1.0 -0.8660254037864198 -0.5000000000017167 0.482962913146087 0.8365163037397904 0.9659258262898327 0.8365163037359871 0.48296291313976275 -6.86062375631139e-12 -0.4829629131515155 -0.8365163037423957 -0.9659258262890504 -0.8365163037321275 -0.4829629131338619 1.3076953742682273e-11 0.4829629131539023 0.8365163037417443 0.9659258262882678 0.8365163037345819 0.4829629131416258 -6.49944295855034e-13 -0.4829629131426182 -0.8365163037347777 -0.9659258262874854 -0.8365163037382051 -0.48296291314524226 0.4330127018942136 0.7500000000027285 0.8660254037861818 0.7499999999993684 0.43301270188882074 -5.4122647195767536e-12 -0.4330127018979059 -0.7500000000037753 -0.8660254037844383 -0.7499999999954077 -0.4330127018837042 1.0197643603371302e-11 0.43301270189910146 0.7500000000022019 0.8660254037826952 0.7499999999964775 0.4330127018894755 -1.2582817965476428e-13 -0.4330127018894029 -0.7499999999955951 -0.8660254037809519 -0.7499999999983857 -0.43301270189162144 0.3535533905957578 0.6123724356993545 0.7071067811893891 0.6123724356965021 0.3535533905914075 -3.8152380790037475e-12 -0.35355339059755153 -0.6123724356987047 -0.707106781186596 -0.6123724356924097 -0.3535533905871122 7.079059686488663e-12 0.35355339059749874 0.6123724356961637 0.7071067811838028 0.6123724356919105 0.3535533905905982 2.7031568970889686e-13 -0.35355339058966234 -0.6123724356900265 -0.7071067811810099 -0.6123724356919251 -0.3535533905911921 0.2500000000029725 0.43301270189660984 0.5000000000039413 0.4330127018942621 0.24999999999964093 -2.2712330314474103e-12 -0.25000000000293837 -0.4330127018943272 -0.5000000000001185 -0.43301270189000024 -0.2499999999960816 4.124134027182837e-12 0.25000000000173256 0.43301270189087937 0.49999999999629635 0.4330127018879166 0.24999999999723602 4.549310479012274e-13 -0.24999999999581152 -0.43301270188525454 -0.49999999999247463 -0.43301270188607344 -0.24999999999640074 0.12940952255465915 0.22414386804713257 0.2588190451074317 0.22414386804523273 0.12940952255221086 -9.552242154554138e-13 -0.12940952255308005 -0.2241438680434672 -0.2588190451027209 -0.22414386804078032 -0.12940952254921007 1.6782721655058656e-12 0.12940952255096322 0.22414386803929148 0.25881904509800924 0.22414386803726746 0.12940952254824248 3.7203686814101004e-13 -0.12940952254681332 -0.2241438680341756 -0.25881904509329845 -0.22414386803381658 -0.1294095225462711 3.668238105705123e-12 5.590158586844675e-12 5.573886137508051e-12 4.06294162130994e-12 1.9052039425884373e-12 -8.307140697336707e-24 -1.0232427718401058e-12 -1.008892282802722e-12 -2.847836481938049e-13 5.18324682723898e-13 7.393473020546821e-13 -1.1145391374977087e-23 -1.621086428227986e-12 -3.5716048361701923e-12 -5.005651108749991e-12 -5.098821801689936e-12 -3.384564680537208e-12 -1.5033658418301687e-23 4.266303806666748e-12 8.151717362573486e-12 1.0294753598064237e-11 9.678934328139067e-12 6.029115925208022e-12 -0.12940952254806967 -0.22414386803709035 -0.2588190450974608 -0.22414386803807604 -0.12940952254908267 5.132847400167858e-13 0.12940952255073104 0.2241438680412177 0.25881904510201287 0.22414386804188652 0.12940952255112978 -7.654286508788219e-13 -0.12940952255299376 -0.22414386804501235 -0.2588190451065667 -0.22414386804625902 -0.12940952255439495 -6.442118168800832e-13 0.12940952255403793 0.22414386804824393 0.2588190451111201 0.22414386805057118 0.1294095225567113 -0.2499999999974377 -0.43301270188822194 -0.49999999999579 -0.4330127018888106 -0.24999999999800285 5.645981979816419e-13 0.24999999999957187 0.43301270189141916 0.49999999999933015 0.4330127018918507 0.24999999999972994 -5.971775225697319e-13 -0.2500000000010704 -0.4330127018941468 -0.5000000000028691 -0.4330127018956165 -0.2500000000030246 -1.508310653684679e-12 0.25000000000100014 0.4330127018961492 0.5000000000064079 0.43301270189913793 0.2500000000045364 -0.35355339059138646 -0.6123724356928273 -0.7071067811833768 -0.6123724356932069 -0.3535533905918428 1.9523290625410031e-13 0.35355339059258895 0.612372435694815 0.7071067811858233 0.6123724356956184 0.3535533905935734 4.027448976180514e-13 -0.3535533905930835 -0.6123724356963864 -0.7071067811882707 -0.6123724356985395 -0.3535533905964087 -2.5061273508866193e-12 0.35355339059247326 0.6123724356974465 0.7071067811907186 0.6123724357009472 0.35355339059679564 -0.4330127018909856 -0.7499999999980648 -0.8660254037823849 -0.7499999999984216 -0.43301270189164237 -4.996917634455464e-13 0.4330127018910136 0.7499999999987416 0.8660254037838024 0.7500000000004093 0.43301270189366503 2.0200921208252087e-12 -0.43301270189040886 -0.7499999999992111 -0.8660254037852191 -0.7500000000023909 -0.43301270189568053 -3.526262554330584e-12 0.4330127018898093 0.749999999999684 0.8660254037866366 0.7500000000035346 0.43301270189479063 -0.48296291314387685 -0.8365163037368141 -0.9659258262881029 -0.8365163037373127 -0.4829629131449679 -1.381360594841115e-12 0.48296291314267187 0.8365163037362623 0.9659258262886741 0.8365163037391026 0.48296291314749823 3.953506479513786e-12 -0.48296291314102 -0.8365163037358154 -0.9659258262892453 -0.8365163037401866 -0.48296291314849515 -4.442636021459846e-12 0.4829629131408969 0.8365163037360738 0.965925826289817 0.8365163037400991 0.48296291314635437 -0.49999999999980227 -0.8660254037842278 -1.0 -0.866025403784978 -0.5000000000014564 -2.2831850925190865e-12 0.49999999999750144 0.8660254037826958 1.0 0.8660254037867829 0.5000000000045817 5.857781607282155e-12 -0.499999999995008 -0.8660254037816197 -1.0 -0.8660254037871286 -0.5000000000045487 -5.126933232548867e-12 0.4999999999956702 0.8660254037820033 1.0 0.8660254037860192 0.500000000001369 -0.48296291314465717 -0.8365163037381785 -0.9659258262898385 -0.8365163037392239 -0.482962913146869 -3.0298432565216755e-12 0.4829629131415813 0.8365163037360525 0.9659258262895919 0.8365163037412005 0.48296291315054 7.36114277001078e-12 -0.48296291313857737 -0.8365163037347023 -0.9659258262893448 -0.8365163037410654 -0.4829629131496416 -5.460122587552563e-12 0.4829629131401433 0.8365163037354645 0.9659258262890978 0.836516303739292 0.482962913145805 -0.43301270189252417 -0.7500000000007366 -0.866025403785738 -0.7500000000020414 -0.4330127018951514 -3.4552854124227185e-12 0.43301270188913954 0.7499999999984905 0.8660254037855746 0.7500000000042647 0.4330127018991664 8.12588324264002e-12 -0.4330127018860516 -0.7499999999972456 -0.8660254037854107 -0.7500000000039669 -0.4330127018977218 -5.350769551170747e-12 0.43301270188842556 0.7499999999985205 0.8660254037852473 0.7500000000019883 0.4330127018937342 -0.3535533905936359 -0.6123724356966866 -0.7071067811881071 -0.6123724356981308 -0.3535533905963987 -3.42445824800294e-12 0.35355339059049834 0.6123724356948144 0.7071067811882948 0.612372435700553 0.35355339060040536 7.882665370807793e-12 -0.3535533905877938 -0.6123724356940052 -0.7071067811884832 -0.6123724357004008 -0.3535533905988418 -4.7419390120554766e-12 0.3535533905906591 0.6123724356957682 0.7071067811886704 0.6123724356987069 0.3535533905952745 -0.2500000000002818 -0.43301270189293445 -0.5000000000012826 -0.4330127018941697 -0.2500000000026091 -2.8482273797211313e-12 0.2499999999977045 0.43301270189142066 0.5000000000014557 0.4330127018961486 0.2500000000058632 6.4549591298704904e-12 -0.2499999999955678 -0.4330127018908336 -0.5000000000016288 -0.4330127018959454 -0.250000000004393 -3.6168462220511986e-12 0.2499999999981568 0.4330127018924281 0.5000000000018011 0.43301270189452856 0.2500000000015574 -0.12940952255140062 -0.2241438680423931 -0.25881904510323533 -0.22414386804313843 -0.12940952255279442 -1.6951483109035082e-12 0.12940952254987412 0.22414386804149977 0.2588190451033323 0.22414386804428907 0.12940952255469046 3.797639534917966e-12 -0.12940952254864546 -0.2241438680411762 -0.25881904510343007 -0.22414386804412192 -0.1294095225537332 -2.008304845305635e-12 0.12940952255026977 0.2241438680421696 0.2588190451035253 0.22414386804326406 0.12940952255209628
</DataArray>
        <DataArray type="Float64" Name="Mode_12_phi1" NumberOfComponents="1" format="ascii">
 0.0 0.0 -3.0778731099548636e-15 -3.0778731099548636e-15 0.0 0.0 0.0 0.0 0.0 0.0 -0.0 -0.0 -0.0 -0.0 -0.0 -0.0 -0.0 -0.0 -0.0 -0.0 -0.0 -0.0 0.0 0.0 0.0 0.0 0.0 3.141592653584181 5.441398092696322 6.283185307179586 5.4413980927163035 3.141592653621755 4.65149837577206e-11 -3.1415926535411964 -5.441398092669793 -6.283185307179586 -5.441398092745116 -3.141592653671651 -1.0327593001519135e-10 3.141592653507126 5.441398092659268 6.283185307179586 5.441398092737361 3.1415926536424026 5.206920934310532e-11 -3.1415926535522165 -5.441398092685298 -6.283185307179586 -5.441398092711334 -3.1415926535973124 -2.9729971269451875e-15 -2.6655163028425718e-15 -2.1763849476739903e-15 -1.5389365549735565e-15 -7.966121792663222e-16 -6.710669269607533e-27 7.966121792533635e-16 1.5389365549619382e-15 2.176384947664211e-15 2.6655163028313936e-15 2.9729971269370855e-15 3.0778731099548636e-15 2.9729971269556044e-15 2.6655163028626968e-15 2.1763849477021574e-15 1.5389365550006681e-15 7.966121792879217e-16 2.012189730478546e-26 -7.966121792490452e-16 -1.5389365549658133e-15 -2.1763849476736977e-15 -2.6655163028425726e-15 -2.972997126945188e-15 -3.1415926536016623 -5.441398092716351 -6.283185307179586 -5.441398092693518 -3.1415926535937415 -2.7398386515523346e-11 3.141592653546305 5.441398092666131 6.283185307179586 5.44139809276199 3.141592653712342 1.6260568073540584e-10 -3.1415926534593503 -5.441398092634185 -6.283185307179586 -5.441398092757425 -3.141592653672807 -8.215388028121703e-11 3.1415926535304974 5.441398092675265 6.283185307179586 5.441398092716347 3.141592653601656 3.0345454797935085 5.25598694887453 6.069090959565288 5.2559869488371165 3.0345454797289384 -7.418512693632425e-11 -3.0345454798573126 -5.2559869489109206 -6.069090959564634 -5.255986948799685 -3.0345454796647577 1.463650118229292e-10 3.0345454798922145 5.255986948914158 6.069090959563981 5.2559869488283795 3.034545479743741 -2.3262890377205223e-11 -3.034545479783915 -5.2559869488512545 -6.069090959563329 -5.255986948873256 -3.034545479792843 2.720699046361714 4.712388980397124 5.441398092704567 4.712388980365227 2.720699046307101 -6.186328428149104e-11 -2.7206990464138485 -4.712388980425648 -5.441398092702064 -4.712388980332528 -2.720699046252971 1.216290759191477e-10 2.72069904644152 4.712388980426349 5.441398092699561 4.712388980355159 2.720699046318641 -1.7986175102717992e-11 -2.7206990463493685 -4.7123889803717045 -5.4413980926970575 -4.712388980390983 -2.720699046358089 2.221441469088759 3.847649490497485 4.442882938162094 3.847649490472329 2.2214414690463187 -4.6717011154633513e-11 -2.2214414691263737 -3.84764949051604 -4.442882938156878 -3.8476494904449448 -2.2214414690040973 9.147677022668378e-11 2.22144146914521 3.847649490513421 4.442882938151667 3.8476494904595127 2.221441469052702 -1.2349575409142202e-11 -2.221441469073216 -3.8476494904688403 -4.442882938146449 -3.8476494904837604 -2.221441469080359 1.5707963268045446 2.720699046364181 3.1415926535971734 2.7206990463461582 1.5707963267750635 -3.0349651788161523e-11 -1.570796326826159 -2.7206990463713887 -3.1415926535882885 -2.720699046323751 -1.5707963267451353 5.915068996303855e-11 1.5707963268353589 2.720699046364716 3.141592653579402 2.7206990463287224 1.5707963267744849 -7.080613995907062e-12 -1.5707963267852538 -2.7206990463306604 -3.1415926535705165 -2.72069904633978 -1.570796326789345 0.8131040107131849 1.4083374583902082 1.6262080214178742 1.4083374583791948 0.8131040106963914 -1.4324991797178632e-11 -0.8131040107190832 -1.4083374583861765 -1.626208021405153 -1.4083374583613149 -0.813104010678142 2.775158988865119e-11 0.8131040107189852 1.4083374583755242 1.6262080213924275 1.4083374583564223 0.8131040106880163 -2.8043552354510228e-12 -0.8131040106907536 -1.4083374583518795 -1.626208021379706 -1.4083374583542876 -0.8131040106905745 1.028661414142097e-11 1.549833903158036e-11 1.5214467122452398e-11 1.085509926767376e-11 4.927155407299157e-12 -5.70747558288699e-23 -2.2463796798227612e-12 -1.5698279731117767e-12 8.673969481658031e-13 3.0722035576326534e-12 3.115171775275221e-12 -1.3634097223262766e-22 -5.7973426504520424e-12 -1.2358683085427464e-11 -1.6949261018784002e-11 -1.700313108222996e-11 -1.1156801384291533e-11 2.996427928195775e-23 1.3836879538202139e-11 2.6283569444481092e-11 3.303391538420061e-11 3.0931642140812514e-11 1.920052371453407e-11 -0.8131040106929346 -1.4083374583598345 -1.6262080213884837 -1.4083374583591104 -0.8131040106888405 1.1550370722732625e-11 0.8131040107119079 1.408337458381256 1.6262080214068286 1.4083374583696437 0.8131040106887428 -2.2016024929931658e-11 -0.8131040107257572 -1.4083374583971886 -1.6262080214251788 -1.408337458390813 -0.8131040107116443 1.0942295967661142e-12 0.8131040107165913 1.4083374584024888 1.6262080214435282 1.4083374584139405 0.8131040107275667 -1.570796326785268 -2.7206990463356697 -3.1415926535708225 -2.720699046330783 -1.5707963267741385 1.9633524614792164e-11 1.57079632681131 2.7206990463613714 3.1415926535897967 2.720699046338321 1.5707963267682257 -3.699295896911301e-11 -1.5707963268282963 -2.72069904637757 -3.141592653608766 -2.7206990463641088 -1.5707963268018075 4.564541445266352e-13 1.57079632680576 2.7206990463755147 3.1415926536277374 2.7206990463929412 1.5707963268222414 -2.221441469071084 -3.847649490471971 -4.442882938140512 -3.847649490464178 -2.2214414690554527 2.397184784129043e-11 2.221441469099903 3.8476494904982896 4.4428829381580615 3.8476494904688585 2.2214414690460127 -4.447904381096248e-11 -2.2214414691171234 -3.847649490512712 -4.442882938175612 -3.847649490496127 -2.2214414690854665 -1.6984435698989509e-12 2.221441469085436 3.8476494905045584 4.44288293819316 3.847649490526617 2.221441469106751 -2.7206990463458345 -4.71238898037494 -5.441398092688356 -4.712388980365397 -2.7206990463280687 2.471736617066859e-11 2.720699046373198 4.712388980398123 5.441398092702224 4.712388980367051 2.720699046317066 -4.4882110059340064e-11 -2.720699046387806 -4.712388980408645 -5.441398092716089 -4.712388980392409 -2.7206990463573675 -4.950921872796048e-12 2.720699046351101 4.712388980395457 5.441398092729953 4.712388980420386 2.720699046376002 -3.0345454797806544 -5.255986948857626 -6.069090959556507 -5.2559869488472675 -3.0345454797627025 2.2399211959151158e-11 3.034545479802814 5.255986948874248 6.069090959564439 5.255986948845395 3.034545479751534 -3.935408394470022e-11 -3.0345454798123783 -5.255986948878836 -6.06909095957237 -5.255986948865555 -3.034545479788038 -8.723954576948607e-12 3.0345454797742484 5.255986948861414 6.0690909595803015 5.255986948887177 3.0345454798010136 -3.141592653592918 -5.441398092706335 -6.283185307179586 -5.4413980926957874 -3.1415926535761254 1.7820843409147417e-11 3.1415926536069994 5.441398092713612 6.283185307179586 5.441398092689653 3.1415926535655108 -2.9664875360107245e-11 -3.141592653609734 -5.441398092710626 -6.283185307179586 -5.441398092701747 -3.141592653594354 -1.2346572592984615e-11 3.1415926535729692 5.441398092689405 6.283185307179586 5.441398092713846 3.141592653599487 -3.034545479790242 -5.255986948872807 -6.069090959573294 -5.255986948862859 -3.0345454797758413 1.2036099484566114e-11 3.0345454797954226 5.255986948870474 6.069090959565631 5.255986948853106 3.03454547976662 -1.7948664107644636e-11 -3.0345454797912628 -5.255986948860348 -6.069090959557964 -5.255986948856558 -3.034545479785965 -1.510623034800484e-11 3.0345454797585223 5.255986948837019 6.069090959550298 5.2559869488585305 3.034545479783057 -2.720699046362549 -4.712388980401514 -5.441398092717925 -4.712388980393074 -2.7206990463515734 6.144407115321304e-12 2.7206990463600906 4.7123889803918075 5.441398092705083 4.712388980381687 2.7206990463446923 -6.498961264612625e-12 -2.7206990463507252 -4.712388980377025 -5.441398092692245 -4.712388980378182 -2.7206990463548624 -1.6414637428122748e-11 2.720699046324276 4.712388980354344 5.4413980926794085 4.712388980372032 2.72069904634564 -2.221441469092373 -3.8476494905059018 -4.442882938178288 -3.8476494904993945 -2.221441469084988 1.22668452806049e-12 2.2214414690845503 3.8476494904917513 4.442882938162916 3.847649490487921 2.22144146908049 2.530520823251714e-12 -2.221441469072286 -3.8476494904750003 -4.442882938147538 -3.8476494904796503 -2.221441469082927 -1.5746462548880465e-11 2.2214414690530795 3.8476494904550256 4.4428829381321595 3.8476494904681533 2.2214414690699846 -1.5707963268087495 -2.720699046373077 -3.1415926536121432 -2.7206990463684453 -1.5707963268042722 -1.8126812057124746e-12 1.5707963267985663 2.720699046357719 3.1415926535967165 2.7206990463578484 1.5707963268013316 7.328083608892191e-12 -1.5707963267860947 -2.7206990463416205 -3.1415926535812995 -2.720699046347223 -1.570796326798365 -1.2791865558247496e-11 1.5707963267736351 2.720699046325534 3.1415926535658727 2.720699046333559 1.5707963267848524 -0.8131040107166251 -1.4083374583973904 -1.626208021429048 -1.4083374583940869 -0.8131040107136752 -2.325623374663433e-12 0.8131040107074119 1.408337458384023 1.626208021415653 1.4083374583846668 0.8131040107107567 6.6560224136239885e-12 -0.8131040106974525 -1.4083374583708372 -1.6262080214022576 -1.408337458374053 -0.813104010705251 -7.479508402825614e-12 0.8131040106900668 1.4083374583588384 1.6262080213888517 1.4083374583614625 0.8131040106944653 -1.2185794485846252e-11 -1.968553306655477e-11 -2.106787993038837e-11 -1.680993831300316e-11 -8.876504854966339e-12 -3.6774659019347656e-23 7.224650334247492e-12 1.1068414670554544e-11 1.1134430448059785e-11 8.207318714108972e-12 3.909780113812017e-12 3.6161762924079615e-23 -2.252345003500002e-12 -2.4754609363807e-12 -1.1954003761343887e-12 3.953008848204059e-13 1.056944627397716e-12 1.930671690753194e-23 -2.7087991480215312e-12 -6.13199159485887e-12 -8.73246851659738e-12 -8.99308755138259e-12 -6.020879073770471e-12 0.8131040106927043 1.4083374583589425 1.626208021388348 1.408337458362494 0.8131040106984966 5.100966630367195e-12 -0.8131040106906255 -1.408337458360732 -1.626208021394132 -1.4083374583711903 -0.8131040107077708 -1.2393031735392227e-11 0.813104010688665 1.4083374583638424 1.6262080213999268 1.4083374583763417 0.8131040107093638 9.192522767335174e-12 -0.8131040106944067 -1.4083374583704942 -1.6262080214057162 -1.4083374583787294 -0.8131040107060068 1.5707963267861822 2.7206990463373244 3.1415926535756524 2.7206990463427383 1.570796326796499 1.2534388968529692e-11 -1.570796326775093 -2.7206990463312417 -3.141592653577431 -2.720699046352863 -1.5707963268122558 -2.947744371854043e-11 1.5707963267650706 2.720699046328768 3.1415926535792145 2.7206990463538427 1.570796326808201 1.94104448200748e-11 -1.5707963267748712 -2.7206990463354632 -3.141592653580993 -2.7206990463487237 -1.570796326794918 2.2214414690720616 3.8476494904745735 4.442882938148567 3.847649490482964 2.2214414690886235 2.1516505748801455e-11 -2.221441469051164 -3.847649490460773 -4.442882938147387 -3.847649490496133 -2.2214414691126225 -4.952824723901497e-11 2.221441469032991 3.8476494904536387 4.442882938146203 3.8476494904931466 2.2214414691016224 2.979448152791769e-11 -2.2214414690498105 -3.8476494904626652 -4.442882938145027 -3.8476494904804532 -2.221441469078025 2.7206990463455054 4.712388980376711 5.441398092698 4.712388980389428 2.7206990463699907 3.099667806308294e-11 -2.720699046316196 -4.712388980358072 -5.441398092697372 -4.7123889804087895 -2.7206990464041545 -7.024800459521274e-11 2.7206990462916876 4.712388980349508 5.441398092696745 4.712388980404394 2.7206990463868874 3.9361400268356203e-11 -2.720699046318619 -4.712388980364685 -5.44139809269612 -4.71238898038682 -2.7206990463547838 3.0345454797770954 5.25598694885524 6.069090959563572 5.255986948872044 3.0345454798089593 3.974981549258971e-11 -3.034545479740082 -5.2559869488322 -6.069090959563408 -5.255986948896916 -3.034545479852212 -8.905148289935408e-11 3.0345454797100526 5.2559869488225015 6.069090959563244 5.255986948890886 3.0345454798285476 4.7093075302160334e-11 -3.034545479746945 -5.255986948843686 -6.069090959563083 -5.255986948868678 -3.0345454797889553
</DataArray>
        <DataArray type="Float64" Name="Mode_12_phi2" NumberOfComponents="1" format="ascii">
 0.0 -3.0778731099548636e-15 -3.0778731099548636e-15 0.0 3.2524160428065585 6.283185307168621 8.885765876304063 10.882796185391657 12.138181919119997 12.566370614359172 12.138181919144074 10.882796185438167 8.885765876369996 6.283185307253133 3.252416042904119 1.0327593001519135e-10 -3.252416042720615 -6.283185307104441 -8.88576587626151 -10.882796185370598 -12.138181919113828 -12.566370614359172 -12.13818191914078 -10.882796185422661 -8.885765876335148 -6.283185307194621 -3.252416042821205 -2.665516302847514e-15 -1.5389365549828032e-15 -8.776050414718802e-27 1.5389365549658496e-15 2.6655163028368872e-15 3.0778731099548636e-15 2.6655163028596707e-15 1.5389365550053121e-15 3.690005440547065e-26 -1.5389365549414041e-15 -2.6655163028227757e-15 -3.0778731099548636e-15 -2.6655163028693067e-15 -1.5389365550142424e-15 -3.825634677173514e-26 1.538936554947983e-15 2.6655163028310473e-15 3.0778731099548636e-15 2.6655163028565543e-15 1.5389365549921569e-15 1.2756765673198773e-26 -1.5389365549700662e-15 -2.6655163028438e-15 -3.2524160428260567 -6.283185307203312 -8.885765876344585 -10.882796185414442 -12.138181919128371 -12.566370614359172 -12.138181919142546 -10.882796185441828 -8.885765876384513 -6.28318530728236 -3.252416042949504 -1.6260568073540584e-10 3.2524160426673276 6.283185307060995 8.885765876229584 10.882796185350534 12.13818191910474 12.566370614359172 12.138181919147272 10.882796185432694 8.885765876345781 6.283185307203304 3.2524160428260496 0.0 0.0 -0.0 -0.0 -0.0 -0.0 -0.0 -0.0 -0.0 0.0 0.0 0.0 0.0 0.0 0.0 -0.0 -0.0 -0.0 -0.0 -0.0 -0.0 0.0 0.0 2.816674916743912 1.6262080213925625 -1.99905051568677e-11 -1.6262080214279269 -2.816674916766636 -3.2524160428114333 -2.8166749167282905 -1.6262080213606955 5.951293025929116e-11 1.6262080214645822 2.8166749167906118 3.2524160428163045 2.8166749167216096 1.626208021359602 -4.586619155224883e-11 -1.6262080214398589 -2.8166749167702934 -3.252416042821176 -2.816674916759237 -1.626208021419901 -2.010114777804345e-11 1.6262080214001167 2.8166749167592195 5.441398092688399 3.141592653564926 -3.616183585317659e-11 -3.1415926536287166 -5.441398092729259 -6.283185307177294 -5.441398092660319 -3.141592653507876 1.0669413829910167e-10 3.141592653694116 5.441398092772019 6.2831853071859625 5.441398092648546 3.141592653506475 -8.134633088219988e-11 -3.141592653648855 -5.441398092734914 -6.283185307194635 -5.441398092716654 -3.141592653615763 -3.826321541484474e-11 3.141592653577207 5.441398092715292 7.695298980953816 4.442882938126359 -4.766801468659094e-11 -4.4428829382100306 -7.695298981006838 -8.885765876314492 -7.695298980916403 -4.4428829380516595 1.3917635349542105e-10 4.44288293829446 7.695298981061612 8.885765876324923 7.695298980900674 4.4428829380503 -1.0480497167733189e-10 -4.4428829382335655 -7.695298981011506 -8.885765876335352 -7.695298980989827 -4.442882938194304 -5.333892792125531e-11 4.442882938139143 7.6952989809855925 9.424777960750083 5.441398092666468 -5.411609371006686e-11 -5.441398092760897 -9.424777960809045 -10.882796185401917 -9.424777960706853 -5.441398092582165 1.561500453800173e-10 5.4413980928543175 9.424777960868902 10.882796185412174 9.424777960688454 5.441398092581161 -1.1581305915428948e-10 -5.441398092783447 -9.424777960810202 -10.882796185422434 -9.424777960788665 -5.441398092744452 -6.437932367468809e-11 5.441398092676055 9.424777960780483 10.511973897706683 6.069090959529271 -5.561238101625767e-11 -6.069090959625308 -10.511973897764713 -12.138181919126817 -10.511973897659757 -6.069090959442371 1.5817471301157175e-10 6.069090959717447 10.511973897821846 12.138181919133636 10.511973897638667 6.06909095944102 -1.1514676941432482e-10 -6.069090959641644 -10.511973897757787 -12.138181919140452 -10.511973897738814 -6.06909095960768 -7.074927978889667e-11 6.069090959530175 10.511973897725255 10.882796185396652 6.283185307149488 -5.2666044851652856e-11 -6.283185307238917 -10.882796185447427 -12.566370614359172 -10.882796185347447 -6.283185307065738 1.471913228007286e-10 6.283185307320708 10.882796185494643 12.566370614359172 10.882796185323043 6.283185307062993 -1.0473265821161416e-10 -6.283185307244414 -10.882796185427775 -12.566370614359172 -10.882796185412735 -6.283185307218345 -7.210660386877686e-11 6.283185307136465 10.882796185392852 10.511973897726753 6.0690909595441225 -4.611173824050931e-11 -6.069090959620346 -10.51197389776507 -12.138181919134242 -10.511973897676013 -6.069090959467742 1.2619864892865412e-10 6.0690909596846865 10.511973897796521 12.138181919124408 10.511973897647344 6.069090959462258 -8.717040855944701e-11 -6.069090959611592 -10.511973897728843 -12.138181919114576 -10.51197389771786 -6.0690909595942255 -6.859310554170783e-11 6.069090959513067 10.511973897691249 9.424777960788635 5.441398092694374 -3.708725654347317e-11 -5.441398092752903 -9.424777960810896 -10.88279618541626 -9.424777960736552 -5.4413980926277805 9.882180173829447e-11 5.441398092795301 9.424777960822722 10.882796185394348 9.42477796070258 5.441398092618218 -6.558922607996768e-11 -5.441398092728203 -9.424777960755558 -10.882796185372438 -9.424777960747651 -5.441398092718194 -6.053230951659972e-11 5.441398092642847 9.42477796071469 7.69529898100791 4.4428829381639945 -2.67992089646197e-11 -4.442882938202688 -7.695298981012447 -8.885765876334894 -7.695298980954369 -4.44288293810793 6.898361147305686e-11 4.442882938221568 7.695298981003084 8.885765876299793 7.6952989809142185 4.4428829380930575 -4.3285697552427206e-11 -4.442882938162217 -7.695298980937262 -8.885765876264692 -7.695298980930542 -4.442882938156413 -4.861942491540781e-11 4.442882938091697 7.695298980892414 5.441398092756771 3.1415926536092917 -1.649304781937448e-11 -3.1415926536283774 -5.441398092743959 -6.283185307205099 -5.441398092701548 -3.141592653562927 4.0502765091268e-11 3.141592653625071 5.4413980927143175 6.283185307157069 5.441398092654835 3.1415926535418826 -2.3369585560589412e-11 -3.1415926535743566 -5.4413980926504655 -6.283185307109025 -5.441398092642328 -3.141592653568259 -3.382106609515387e-11 3.1415926535184027 5.4413980926010765 2.8166749168213268 1.6262080214381522 -7.267112630297659e-12 -1.6262080214400239 -2.8166749167935277 -3.2524160428449265 -2.8166749167644403 -1.6262080213994932 1.6681793695805008e-11 1.6262080214185377 2.816674916746943 3.2524160427857347 2.816674916711436 1.626208021372017 -8.347421626446473e-12 -1.6262080213766026 -2.8166749166856135 -3.252416042726526 -2.8166749166732075 -1.626208021364961 -1.722397693921464e-11 1.6262080213333066 2.816674916631554 7.984137532774631e-11 4.055770436303954e-11 -1.2911493626255654e-22 -2.947744371875963e-11 -4.1467892397881744e-11 -3.680552732754206e-11 -2.2271485068087474e-11 -7.319712724454576e-12 1.3644734669044035e-23 -3.760547920001973e-12 -1.6092331997146645e-11 -2.9664875360107245e-11 -3.5283906394365064e-11 -2.591269832441354e-11 8.881240227012591e-23 3.699295896901975e-11 7.366705518907312e-11 9.614085863735336e-11 9.285862958660908e-11 5.914231907918726e-11 6.736085690042651e-22 -7.02225797227958e-11 -1.312272795839006e-10 -2.816674916679643 -1.6262080213672871 4.724311796452846e-12 1.6262080213840082 2.8166749167163503 3.252416042777835 2.816674916726413 1.6262080213919021 -8.116721873376658e-12 -1.6262080214155092 -2.816674916767575 -3.2524160428350593 -2.816674916776067 -1.6262080214237495 8.425121511940334e-13 1.626208021434747 2.816674916809958 3.2524160428922784 2.816674916834569 1.62620802146785 1.664623179215888e-11 -1.6262080214553716 -2.8166749168592298 -5.441398092643028 -3.1415926535561427 6.664234391800037e-12 3.1415926535730248 5.4413980926731815 6.283185307148923 5.441398092678913 3.141592653575556 -7.415449371739388e-12 -3.141592653595799 -5.441398092712004 -6.283185307193396 -5.441398092719388 -3.141592653605122 -5.6104162155237956e-12 3.1415926536028085 5.44139809273947 6.283185307237883 5.4413980927712675 3.1415926536504846 3.159999143653599e-11 -3.1415926536151084 -5.441398092779852 -7.6952989809270305 -4.442882938132992 5.950133606101027e-12 4.442882938145267 7.695298980947395 8.885765876292258 7.695298980953821 4.4428829381512465 1.2170226947627673e-12 -4.4428829381542645 -7.69529898097034 -8.885765876323005 -7.695298980985731 -4.442882938178533 -1.8202007990052347e-11 4.442882938152173 7.695298980985283 8.885765876353762 7.695298981025658 4.442882938216972 4.3915706201711655e-11 -4.442882938161255 -7.695298981017979 -9.424777960741674 -5.4413980926872325 3.019916345252076e-12 5.441398092691317 9.424777960750626 10.882796185388406 9.42477796076204 5.441398092708128 1.5825019680371705e-11 -5.441398092683671 -9.424777960756508 -10.882796185406212 -9.424777960786983 -5.441398092733512 -3.482944247390217e-11 5.441398092676169 9.424777960762443 10.88279618542402 9.424777960811902 5.441398092758822 5.281894947211575e-11 -5.4413980926868994 -9.424777960789468 -10.511973897711135 -6.069090959559752 -1.3753043317384143e-12 6.069090959553684 10.511973897708746 12.138181919121008 10.511973897728174 6.069090959586122 3.3638548000922644e-11 -6.06909095952908 -10.51197389769868 -12.138181919128188 -10.511973897748446 -6.069090959610205 -5.2840766168982405e-11 6.069090959519851 10.511973897699741 12.138181919135368 10.51197389775763 6.069090959618942 5.781223430689993e-11 -6.06909095953612 -10.511973897723564 -10.882796185406741 -6.283185307184176 -6.334738660661164e-12 6.2831853071678445 10.88279618539474 12.566370614359172 10.882796185423434 6.28318530721752 5.136605505390678e-11 -6.283185307128561 -10.882796185372065 -12.566370614359172 -10.882796185441524 -6.283185307240942 -6.922548070026596e-11 6.283185307121039 10.882796185372305 12.566370614359172 10.882796185436721 6.283185307232592 5.873551119481097e-11 -6.283185307145184 -10.882796185395375 -10.511973897734611 -6.0690909595771005 -1.087594710756147e-11 6.069090959552278 10.511973897716176 12.138181919137681 10.51197389775335 6.069090959617177 6.559305034140854e-11 -6.069090959503058 -10.51197389768597 -12.138181919134572 -10.511973897771567 -6.069090959640348 -8.084946963743525e-11 6.069090959499786 10.511973897688902 12.138181919131473 10.51197389775662 6.069090959617558 5.567762180233373e-11 -6.069090959532182 -10.511973897713156 -9.424777960786809 -5.441398092719969 -1.4004087889113543e-11 5.441398092690211 9.424777960766175 10.882796185420608 9.424777960808987 5.441398092764725 7.314359745745926e-11 -5.441398092637699 -9.424777960734662 -10.882796185418549 -9.424777960829031 -5.441398092787738 -8.50629414127462e-11 5.441398092640058 9.42477796074277 10.882796185416495 9.424777960809429 5.441398092755848 4.895260358487867e-11 -5.441398092679006 -9.424777960769337 -7.695298980990259 -4.442882938177341 -1.4908806934156785e-11 4.442882938147483 7.695298980972054 8.885765876337498 7.695298981015754 4.442882938222796 7.141765686275666e-11 -4.442882938099499 -7.6952989809457 -8.885765876339866 -7.695298981038102 -4.442882938245142 -7.968971353282937e-11 4.442882938107499 7.69529898095976 8.885765876342226 7.695298981020046 4.442882938211503 3.918041890525886e-11 -4.442882938149102 -7.695298980988375 -5.4413980927183845 -3.14159265360575 -1.2997577905151453e-11 3.141592653580315 5.441398092703184 6.283185307196787 5.441398092739606 3.1415926536430283 5.877592383623042e-11 -3.141592653541593 -5.441398092682076 -6.283185307198972 -5.441398092757618 -3.1415926536601573 -6.360948389538475e-11 3.141592653550383 5.441398092695277 6.2831853072011565 5.4413980927413235 3.1415926536298024 2.7146680937971378e-11 -3.141592653585532 -5.441398092718338 -2.8166749167608476 -1.6262080214157364 -8.002691637384712e-12 1.626208021400291 2.8166749167516816 3.2524160428224125 2.81667491677333 1.6262080214375951 3.470863723871386e-11 -1.6262080213776824 -2.81667491673932 -3.252416042823631 -2.8166749167836502 -1.626208021447076 -3.6673369048780224e-11 1.6262080213837575 2.8166749167476715 3.2524160428248488 2.816674916773248 1.6262080214278893 1.375750605054638e-11 -1.626208021404845 -2.816674916760942
</DataArray>
        <DataArray type="Float64" Name="Mode_13_w" NumberOfComponents="1" format="ascii">
 0.0 -0.0 1.199807826129486e-31 -0.0 0.0 0.0 0.0 0.0 0.0 0.0 -0.0 -0.0 -0.0 -0.0 -0.0 -0.0 0.0 0.0 0.0 0.0 0.0 0.0 -0.0 -0.0 -0.0 -0.0 -0.0 -1.267847660570266e-16 -2.449293598290432e-16 -3.463824224937035e-16 -4.2423009548943063e-16 -4.731671885510956e-16 -4.898587196589413e-16 -4.73167188552034e-16 -4.2423009549124373e-16 -3.4638242249627365e-16 -2.449293598323376e-16 -1.2678476606082967e-16 -4.0258732136246126e-27 1.2678476605367635e-16 2.4492935982654135e-16 3.4638242249204466e-16 4.242300954886097e-16 4.73167188550855e-16 4.898587196589413e-16 4.731671885519057e-16 4.2423009549063926e-16 3.463824224949152e-16 2.4492935983005677e-16 1.2678476605759753e-16 1.22464679915198e-16 2.1211504774551534e-16 2.4492935982947064e-16 2.1211504774462529e-16 1.2246467991488922e-16 1.068036185712918e-27 -1.2246467991304008e-16 -2.1211504774355769e-16 -2.4492935982947064e-16 -2.1211504774729442e-16 -1.224646799195125e-16 -6.3386488445039754e-27 1.2246467990965045e-16 2.1211504774231235e-16 2.4492935982947064e-16 2.1211504774711648e-16 1.2246467991797135e-16 3.202499420444092e-27 -1.2246467991242388e-16 -2.1211504774391376e-16 -2.4492935982947064e-16 -2.121150477455152e-16 -1.2246467991519777e-16 -0.0 -0.0 -0.0 -0.0 -0.0 -0.0 -0.0 -0.0 -0.0 -0.0 -0.0 -0.0 0.0 0.0 0.0 0.0 0.0 0.0 0.0 0.0 0.0 0.0 0.0 0.1294095225515534 0.2500000000005556 0.35355339059397456 0.4330127018928691 0.482962913144891 0.4999999999998024 0.4829629131435331 0.4330127018902147 0.353553390590145 0.24999999999573289 0.12940952254596294 -6.029115925195416e-12 -0.12940952255647825 -0.25000000000415884 -0.3535533905963642 -0.4330127018943866 -0.4829629131460439 -0.5000000000011927 -0.48296291314577194 -0.43301270189383023 -0.3535533905954554 -0.250000000001758 -0.1294095225522376 0.22414386804258685 0.4330127018932838 0.612372435697126 0.7500000000012392 0.8365163037385407 0.866025403784228 0.8365163037362485 0.7499999999967762 0.6123724356907277 0.4330127018853101 0.22414386803346406 -9.678934328125707e-12 -0.22414386805030492 -0.43301270189870633 -0.6123724357004546 -0.7500000000030757 -0.8365163037397458 -0.8660254037858214 -0.8365163037392616 -0.7500000000021039 -0.6123724356989185 -0.43301270189476143 -0.2241438680434287 0.2588190451033797 0.5000000000015424 0.7071067811884442 0.86602540378621 0.9659258262902071 1.0 0.9659258262874854 0.8660254037809519 0.7071067811810099 0.49999999999247463 0.25881904509329845 -1.0294753598064237e-11 -0.2588190451111201 -0.500000000006409 -0.7071067811907176 -0.8660254037866357 -0.965925826289817 -1.0 -0.9659258262890978 -0.8660254037852473 -0.7071067811886698 -0.5000000000018011 -0.2588190451035253 0.22414386804319347 0.43301270189427 0.6123724356982762 0.7500000000023548 0.8365163037394997 0.866025403784978 0.8365163037368085 0.7499999999972279 0.6123724356912058 0.433012701885979 0.22414386803449438 -8.152871140194874e-12 -0.2241438680484515 -0.4330127018964392 -0.6123724356977026 -0.749999999999809 -0.8365163037360037 -0.8660254037817128 -0.8365163037349733 -0.7499999999978917 -0.6123724356951008 -0.4330127018918471 -0.22414386804181147 0.12940952255278526 0.25000000000259476 0.3535533905963974 0.4330127018952784 0.48296291314700424 0.5000000000014564 0.4829629131446955 0.43301270189097996 0.3535533905907167 0.24999999999639227 0.12940952254702828 -4.266303806671033e-12 -0.12940952255408184 -0.2500000000009217 -0.3535533905921292 -0.4330127018891025 -0.48296291313979 -0.49999999999419453 -0.48296291313839657 -0.4330127018865753 -0.35355339058891544 -0.24999999999675826 -0.129409522549462 1.6949184334123966e-12 2.8482273797201563e-12 3.424458248002113e-12 3.4552854124232985e-12 3.0298432565223674e-12 2.2831850925190865e-12 1.381360594840383e-12 4.996917634448134e-13 -1.9523290625349467e-13 -5.645981979780568e-13 -5.132847400086885e-13 2.169933967677754e-23 9.55224215469321e-13 2.2712330314592607e-12 3.8149240605201105e-12 5.412264719580613e-12 6.860623756312025e-12 7.957067997413508e-12 8.508677460750675e-12 8.366319998402339e-12 7.435243251758595e-12 5.684502698365276e-12 3.1636572663785008e-12 -0.1294095225497848 -0.24999999999754624 -0.3535533905903279 -0.43301270188915747 -0.482962913141666 -0.49999999999750144 -0.4829629131424345 -0.4330127018904057 -0.3535533905915206 -0.24999999999800748 -0.12940952254870303 3.384564680550832e-12 0.12940952255497723 0.25000000000426664 0.353553390598331 0.4330127018982417 0.4829629131515781 0.5000000000079751 0.4829629131531767 0.4330127019010954 0.35355339060176333 0.25000000000657646 0.1294095225549245 -0.22414386804127429 -0.43301270189102353 -0.6123724356943728 -0.7499999999984288 -0.8365163037361582 -0.8660254037826954 -0.8365163037358792 -0.7499999999977348 -0.6123724356930146 -0.4330127018887511 -0.22414386803772782 5.098821801701054e-12 0.22414386804677736 0.43301270189666846 0.6123724357001054 0.7500000000044035 0.8365163037425347 0.8660254037896697 0.8365163037436247 0.7500000000063547 0.6123724357024285 0.433012701897432 0.22414386804492 -0.258819045102992 -0.5000000000008525 -0.7071067811876138 -0.8660254037853935 -0.9659258262896645 -1.0 -0.9659258262882678 -0.8660254037826952 -0.7071067811838028 -0.49999999999629635 -0.25881904509800924 5.005651108749991e-12 0.258819045106568 0.5000000000028691 0.7071067811882699 0.8660254037852191 0.9659258262892453 1.0 0.9659258262893448 0.8660254037854107 0.707106781188482 0.5000000000016288 0.25881904510343007 -0.22414386804392433 -0.4330127018955011 -0.6123724356998163 -0.7500000000040136 -0.8365163037412208 -0.8660254037867829 -0.8365163037387813 -0.7499999999994984 -0.6123724356939174 -0.43301270188926466 -0.2241438680384412 3.571604836156426e-12 0.22414386804413414 0.4330127018924225 0.6123724356939093 0.7499999999961303 0.8365163037323261 0.8660254037779549 0.8365163037311102 0.7499999999939768 0.6123724356912982 0.4330127018888917 0.22414386804015685 -0.12940952255443883 -0.2500000000054184 -0.3535533905998956 -0.4330127018989674 -0.48296291315052714 -0.5000000000045817 -0.48296291314733036 -0.4330127018931658 -0.35355339059262086 -0.2499999999982603 -0.1294095225491537 1.6210864282051664e-12 0.12940952255115956 0.2499999999975039 0.3535533905880071 0.4330127018841489 0.48296291313399486 0.49999999998768657 0.48296291313146233 0.43301270187963065 0.35355339058251645 0.2499999999918136 0.12940952254669003 -3.797639534909411e-12 -6.4549591298571255e-12 -7.882665370794537e-12 -8.125883242635259e-12 -7.361142770010211e-12 -5.857781607282155e-12 -3.953506479512555e-12 -2.017784565599348e-12 -4.027448976169993e-13 5.985097901958248e-13 7.654286508672137e-13 -1.1145391374977087e-23 -1.6782721655313176e-12 -4.124134027206681e-12 -7.079059686507156e-12 -1.019764360338242e-11 -1.3076953742686345e-11 -1.530129288523393e-11 -1.6483732118714205e-11 -1.630343472520651e-11 -1.4558980159709566e-11 -1.1176270679651093e-11 -6.241800106300456e-12 0.1294095225483135 0.24999999999497816 0.3535533905871147 0.4330127018857452 0.4829629131385152 0.499999999995008 0.4829629131408871 0.43301270188996216 0.3535533905921886 0.24999999999964848 0.12940952255104426 -7.393473020650898e-13 -0.1294095225529393 -0.2500000000032018 -0.35355339059844965 -0.43301270189959795 -0.48296291315407036 -0.5000000000113386 -0.4829629131570211 -0.4330127019049354 -0.353553390605082 -0.2500000000091482 -0.12940952255637836 0.22414386804053077 0.4330127018896879 0.6123724356926818 0.7499999999966184 0.8365163037345535 0.8660254037816211 0.8365163037356157 0.749999999998489 0.6123724356948862 0.4330127018917243 0.22414386804165873 -5.171709051140639e-13 -0.22414386804273642 -0.43301270189346575 -0.6123724356978638 -0.7500000000031128 -0.8365163037420658 -0.8660254037897954 -0.8365163037440575 -0.7500000000067786 -0.6123724357025665 -0.43301270189754626 -0.2241438680449982 0.25881904510260434 0.5000000000001623 0.7071067811867843 0.8660254037845769 0.9659258262891218 1.0 0.9659258262890504 0.8660254037844383 0.707106781186596 0.5000000000001192 0.2588190451027209 2.847836481938049e-13 -0.25881904510201287 -0.49999999999933015 -0.7071067811858233 -0.8660254037838024 -0.9659258262886741 -1.0 -0.9659258262895919 -0.8660254037855746 -0.7071067811882948 -0.5000000000014557 -0.2588190451033323 0.22414386804333744 0.43301270189454993 0.6123724356987837 0.7500000000031506 0.8365163037408299 0.8660254037871286 0.836516303740047 0.7500000000017619 0.6123724356971394 0.4330127018932753 0.2241438680429504 1.0100460604123521e-12 -0.2241438680407585 -0.433012701890583 -0.6123724356937109 -0.7499999999974838 -0.8365163037349647 -0.8660254037814602 -0.8365163037349636 -0.7499999999976101 -0.6123724356941722 -0.4330127018910205 -0.22414386804132067 0.1294095225532398 0.25000000000351513 0.3535533905978223 0.4330127018971962 0.48296291314948103 0.5000000000045487 0.4829629131484327 0.4330127018953447 0.3535533905956291 0.2500000000016971 0.12940952255249857 1.023242771835987e-12 -0.1294095225502705 -0.24999999999880024 -0.35355339059166646 -0.4330127018900858 -0.4829629131418643 -0.49999999999690153 -0.48296291314122897 -0.4330127018890281 -0.35355339059057267 -0.2499999999978749 -0.12940952255002336 2.007845090316416e-12 3.6177344004571606e-12 4.741939012040676e-12 5.350769551163579e-12 5.458406758602586e-12 5.126933232548867e-12 4.442636021459434e-12 3.523185814029852e-12 2.5061273508812976e-12 1.5083106536768092e-12 6.442118168707041e-13 5.755323320284501e-24 -3.7111735818501923e-13 -4.54931047904115e-13 -2.6905961574279185e-13 1.258281796549489e-13 6.499442958553785e-13 1.1986734725554248e-12 1.6657150330030508e-12 1.951873546647721e-12 1.9654959714598093e-12 1.6527163420465855e-12 9.920561602859078e-13 -0.12940952254969712 -0.24999999999713626 -0.35355339058947066 -0.43301270188779084 -0.48296291313993633 -0.4999999999956702 -0.48296291314087264 -0.4330127018895275 -0.35355339059175156 -0.24999999999971936 -0.12940952255216617 -1.905203942586535e-12 0.12940952254886726 0.24999999999742267 0.35355339059078816 0.4330127018900653 0.48296291314289164 0.49999999999897615 0.48296291314415507 0.43301270189243196 0.3535533905939448 0.2500000000007086 0.12940952255172616 -0.2241438680411053 -0.4330127018905352 -0.6123724356935629 -0.749999999997326 -0.8365163037350574 -0.8660254037820033 -0.8365163037360588 -0.7499999999992444 -0.612372435696246 -0.4330127018939721 -0.22414386804502667 -4.062941621305179e-12 0.22414386803775568 0.4330127018880839 0.6123724356920266 0.7499999999967889 0.8365163037352819 0.8660254037826579 0.8365163037367717 0.7499999999996546 0.6123724356960282 0.4330127018925744 0.2241438680422573 -0.2588190451022166 -0.49999999999947237 -0.7071067811859543 -0.8660254037837605 -0.9659258262885794 -1.0 -0.9659258262898327 -0.8660254037861818 -0.7071067811893891 -0.5000000000039413 -0.2588190451074317 -5.573886137508051e-12 0.2588190450974608 0.49999999999579 0.7071067811833768 0.8660254037823849 0.9659258262881026 1.0 0.9659258262898385 0.866025403785738 0.7071067811881064 0.5000000000012826 0.25881904510323706 -0.22414386804206002 -0.43301270189238683 -0.6123724356962085 -0.7500000000006068 -0.836516303738802 -0.8660254037860192 -0.8365163037401433 -0.7500000000031881 -0.6123724356998473 -0.43301270189704144 -0.22414386804739816 -5.590158586852391e-12 0.2241438680374428 0.4330127018889863 0.6123724356940247 0.749999999999676 0.8365163037387722 0.8660254037864207 0.836516303740455 0.7500000000029213 0.612372435698588 0.43301270189436225 0.22414386804317532 -0.12940952255136054 -0.2500000000002487 -0.3535533905937448 -0.43301270189287905 -0.48296291314549494 -0.500000000001369 -0.48296291314639744 -0.4330127018946176 -0.35355339059618923 -0.2500000000033501 -0.12940952255489283 -3.668238105712794e-12 0.12940952254837781 0.24999999999810613 0.3535533905924335 0.43301270189239227 0.48296291314558615 0.5000000000017167 0.48296291314664386 0.43301270189443386 0.3535533905952953 0.25000000000152856 0.12940952255208357
</DataArray>
        <DataArray type="Float64" Name="Mode_13_phi1" NumberOfComponents="1" format="ascii">
 0.0 0.0 -3.0778731099548636e-15 -3.0778731099548636e-15 0.0 0.0 0.0 -0.0 -0.0 -0.0 -0.0 -0.0 -0.0 0.0 0.0 0.0 0.0 0.0 0.0 -0.0 -0.0 -0.0 -0.0 -0.0 -0.0 0.0 0.0 3.2524160428065585 6.283185307168621 8.885765876304063 10.882796185391657 12.138181919119997 12.566370614359172 12.138181919144074 10.882796185438167 8.885765876369996 6.283185307253133 3.252416042904119 1.0327593001519135e-10 -3.252416042720615 -6.283185307104441 -8.88576587626151 -10.882796185370598 -12.138181919113828 -12.566370614359172 -12.13818191914078 -10.882796185422661 -8.885765876335148 -6.283185307194621 -3.252416042821205 -2.66551630284257e-15 -1.5389365549658097e-15 1.9295777209009405e-26 1.5389365549851826e-15 2.66551630284481e-15 3.0778731099548636e-15 2.6655163028582263e-15 1.5389365550084195e-15 4.6955830729415875e-26 -1.5389365549270873e-15 -2.6655163028112678e-15 -3.0778731099548636e-15 -2.6655163028828187e-15 -1.5389365550355247e-15 -6.037320959066218e-26 1.53893655493096e-15 2.6655163028224487e-15 3.0778731099548636e-15 2.6655163028626968e-15 1.5389365550006689e-15 2.0123947580141586e-26 -1.5389365549658133e-15 -2.6655163028425718e-15 -3.2524160428260567 -6.283185307203312 -8.885765876344585 -10.882796185414442 -12.138181919128371 -12.566370614359172 -12.138181919142546 -10.882796185441828 -8.885765876384513 -6.28318530728236 -3.252416042949504 -1.6260568073540584e-10 3.2524160426673276 6.283185307060995 8.885765876229584 10.882796185350534 12.13818191910474 12.566370614359172 12.138181919147272 10.882796185432694 8.885765876345781 6.283185307203304 3.2524160428260496 2.8166749167641725 5.4413980927243415 7.695298980997633 9.424777960794318 10.511973897739702 10.88279618540674 10.51197389770365 9.424777960724896 7.695298980900012 5.4413980926059216 2.81667491663379 -1.3122727958399205e-10 -2.8166749168609204 -5.441398092782592 -7.695298981021109 -9.424777960792397 -10.511973897725815 -10.882796185396653 -10.511973897713396 -9.42477796076864 -7.695298980987063 -5.441398092716883 -2.8166749167599168 1.626208021417142 3.1415926536082845 4.442882938180528 5.441398092723619 6.069090959579722 6.283185307184172 6.069090959555648 5.441398092677887 4.442882938117759 3.141592653535017 1.6262080213409793 -7.022257972308656e-11 -1.626208021461167 -3.1415926536245027 -4.442882938171978 -5.44139809269689 -6.0690909595438 -6.28318530714949 -6.069090959532843 -5.441398092676492 -4.442882938144482 -3.141592653580464 -1.6262080214013033 8.002691637389175e-12 1.2997577905158206e-11 1.490880693416389e-11 1.4004087889121177e-11 1.0862471018521899e-11 6.334738660661164e-12 1.3753043317375352e-12 -3.0199163452470786e-12 -5.950133606081111e-12 -6.664234391755848e-12 -4.7243117963768685e-12 2.38470327857656e-22 7.2671126304012204e-12 1.649304781945588e-11 2.6799208964670046e-11 3.7087256543492615e-11 4.611173824050856e-11 5.2666044851652856e-11 5.561238101628752e-11 5.411609371015977e-11 4.7668014686774005e-11 3.6161835853345014e-11 1.9990505156968793e-11 -1.6262080214006904 -3.1415926535810335 -4.4428829381485375 -5.441398092692501 -6.069090959554303 -6.2831853071678445 -6.069090959550027 -5.441398092682656 -4.442882938130747 -3.141592653552481 -1.6262080213580223 5.915068996337443e-11 1.6262080214633765 3.1415926536441723 4.442882938211398 5.4413980927561 6.069090959620467 6.283185307238917 6.069090959628247 5.441398092769556 4.44288293822603 3.1415926536424474 1.626208021435641 -2.8166749167514826 -5.441398092702873 -7.6952989809720265 -9.42477796076894 -10.51197389771912 -10.88279618539474 -10.511973897702788 -9.42477796073621 -7.695298980922885 -5.4413980926381145 -2.8166749166716354 9.285862958657797e-11 2.8166749168342506 5.441398092771837 7.695298981028156 9.42477796081703 10.511973897765664 10.882796185447427 10.511973897769293 9.42477796082286 7.695298981032707 5.441398092751471 2.8166749167791454 -3.2524160428211775 -6.2831853071946355 -8.885765876335352 -10.882796185422434 -12.138181919140452 -12.566370614359172 -12.138181919114576 -10.882796185372442 -8.885765876264692 -6.283185307109025 -3.252416042726526 9.614085863735336e-11 3.2524160428922784 6.283185307237883 8.885765876353762 10.88279618542402 12.138181919135366 12.566370614359172 12.138181919131473 10.882796185416495 8.885765876342226 6.283185307201147 3.2524160428248488 -2.816674916771377 -5.441398092736161 -7.695298981012046 -9.424777960809397 -10.511973897755226 -10.882796185423434 -10.511973897722976 -9.424777960748807 -7.695298980930567 -5.44139809264488 -2.8166749166822718 7.366705518897429e-11 2.8166749168057335 5.441398092730459 7.6952989809713355 9.42477796074386 10.511973897677375 10.882796185347447 10.511973897663255 9.424777960718295 7.695298980938581 5.441398092679412 2.816674916739028 -1.6262080214359624 -3.141592653640134 -4.442882938219594 -5.441398092764266 -6.069090959617943 -6.28318530721753 -6.069090959583354 -5.441398092700824 -4.442882938138184 -3.141592653556192 -1.6262080213665822 3.699295896877775e-11 1.6262080214235088 3.141592653579913 4.442882938118091 5.441398092632361 6.069090959468751 6.283185307065728 6.069090959444081 5.441398092588088 4.442882938063399 3.1415926535179857 1.6262080213663872 -3.470863723866822e-11 -5.877034324656268e-11 -7.141765686268787e-11 -7.314359745744397e-11 -6.559305034141347e-11 -5.136605505390678e-11 -3.364932887214346e-11 -1.5805687950915765e-11 -1.2170226947592897e-12 7.404288192500849e-12 8.116721873251102e-12 -2.3983392887157174e-22 -1.6681793696052968e-11 -4.049718450189398e-11 -6.898361147322015e-11 -9.882180173838358e-11 -1.261878680574446e-10 -1.471913228007286e-10 -1.5815315126913832e-10 -1.5615004538016763e-10 -1.391763534957552e-10 -1.066941382994146e-10 -5.951293025948103e-11 1.6262080213750363 3.1415926535368954 4.442882938094155 5.441398092635876 6.069090959503206 6.283185307128561 6.06909095952675 5.441398092677062 4.442882938141941 3.1415926535770367 1.6262080213905128 -2.591269832471317e-11 -1.6262080214428636 -3.1415926536426517 -4.442882938232448 -5.4413980928005445 -6.069090959686152 -6.283185307320708 -6.069090959718537 -5.441398092858863 -4.442882938304061 -3.1415926537024235 -1.626208021469262 2.81667491673386 5.4413980926723715 7.695298980934604 9.42477796073033 10.51197389768569 10.882796185372065 10.511973897695025 9.424777960745644 7.695298980949608 5.441398092680017 2.8166749167245646 -3.528390639453062e-11 -2.816674916789375 -5.441398092745264 -7.695298981022563 -9.424777960832401 -10.511973897799416 -10.882796185494643 -10.51197389782319 -9.424777960875604 -7.695298981076399 -5.441398092784856 -2.8166749167978375 3.2524160428163045 6.2831853071859625 8.885765876324923 10.882796185412174 12.138181919133636 12.566370614359172 12.138181919124408 10.882796185394348 8.885765876299793 6.283185307157069 3.2524160427857347 -2.9664875360107245e-11 -3.2524160428350593 -6.283185307193396 -8.885765876323005 -10.882796185406212 -12.138181919128188 -12.566370614359172 -12.13818191913458 -10.882796185418554 -8.885765876339866 -6.283185307198972 -3.252416042823631 2.8166749167764253 5.441398092744784 7.69529898102332 9.424777960822306 10.511973897770213 10.882796185441524 10.511973897745552 9.424777960777318 7.695298980966254 5.4413980926884395 2.816674916733635 -1.6092331997071136e-11 -2.8166749167544465 -5.441398092686814 -7.695298980934961 -9.424777960713463 -10.511973897651002 -10.882796185323043 -10.51197389763894 -9.424777960692806 -7.695298980911769 -5.441398092658242 -2.8166749167270737 1.6262080214424033 3.141592653651864 4.442882938235541 5.441398092783153 6.06909095963923 6.283185307240912 6.069090959608756 5.44139809272824 4.4428829381676485 3.1415926535875465 1.6262080213994186 -3.752177035563306e-12 -1.6262080213970105 -3.141592653560647 -4.4428829381053925 -5.441398092624827 -6.06909095946459 -6.283185307062993 -6.069090959440873 -5.4413980925829835 -4.442882938055662 -3.1415926535111725 -1.626208021362248 3.6673369048663224e-11 6.36094838951982e-11 7.968971353263789e-11 8.502427795379281e-11 8.084946963741657e-11 6.922548070026596e-11 5.284076616897175e-11 3.482944247387077e-11 1.820200799000924e-11 5.6104162154929395e-12 -8.425121511815145e-13 -5.052753253044478e-24 8.347421626575597e-12 2.336958556073121e-11 4.330937398903243e-11 6.558922608005154e-11 8.717040855948368e-11 1.0473265821161416e-10 1.1514676941431616e-10 1.1581305915431368e-10 1.0482864811391445e-10 8.134633088229803e-11 4.586619155230915e-11 -1.626208021378066 -3.141592653540259 -4.442882938095767 -5.4413980926341345 -6.069090959498077 -6.283185307121039 -6.069090959518864 -5.441398092671606 -4.442882938142014 -3.1415926535858225 -1.6262080214107422 -7.328083608897685e-12 1.626208021401931 3.141592653593728 4.442882938175281 5.441398092735504 6.069090959614369 6.283185307244414 6.069090959640877 5.441398092783901 4.442882938236806 3.1415926536517396 1.6262080214414938 -2.816674916736932 -5.44139809267617 -7.695298980937603 -9.42477796073133 -10.511973897685406 -10.882796185372305 -10.511973897698383 -9.424777960755133 -7.695298980968314 -5.4413980927105525 -2.816674916768659 -2.2271485068117353e-11 2.8166749167297542 5.441398092684511 7.695298980960514 9.424777960768765 10.511973897734034 10.882796185427788 10.511973897755912 9.424777960809807 7.695298981015215 5.441398092738369 2.816674916772247 -3.2524160428114324 -6.283185307177291 -8.885765876314492 -10.882796185401917 -12.138181919126817 -12.566370614359172 -12.138181919134242 -10.882796185416257 -8.885765876334894 -6.283185307205099 -3.2524160428449265 -3.680552732754206e-11 3.252416042777835 6.2831853071489085 8.885765876292258 10.882796185388406 12.138181919121008 12.566370614359172 12.138181919137681 10.882796185420608 8.885765876337498 6.283185307196787 3.2524160428224125 -2.81667491676076 -5.44139809271911 -7.69529898099418 -9.424777960795616 -10.51197389775203 -10.882796185436721 -10.511973897757015 -9.424777960805768 -7.695298981009952 -5.44139809274339 -2.816674916793852 -4.146789239789554e-11 2.816674916717913 5.441398092677374 7.695298980955046 9.42477796076207 10.511973897723811 10.882796185412735 10.511973897735874 9.4247779607859 7.695298980989848 5.44139809271695 2.8166749167594443 -1.6262080214201542 -3.1415926536160823 -4.442882938195503 -5.441398092747227 -6.06909095961463 -6.283185307232592 -6.069090959618783 -5.44139809275561 -4.442882938208262 -3.1415926536346896 -1.6262080214445083 -2.947744371886325e-11 1.6262080213909484 3.1415926535888117 4.442882938170924 5.441398092726856 6.069090959597884 6.283185307218345 6.069090959605654 5.4413980927421335 4.442882938193249 3.1415926536150374 1.6262080214195127 -1.3757506050476814e-11 -2.7146680937844943e-11 -3.9196203196096047e-11 -4.895260358479463e-11 -5.5699183544773764e-11 -5.873551119481097e-11 -5.781223430690087e-11 -5.278028601321644e-11 -4.3915706201629085e-11 -3.1611152615573815e-11 -1.664623179192166e-11 -3.647117368195684e-22 1.7218199488009527e-11 3.382106609537813e-11 4.865099349754582e-11 6.049364605782848e-11 6.854998205681185e-11 7.210660386877686e-11 7.072771804639973e-11 6.437932367465301e-11 5.3354712212217575e-11 3.827437659401851e-11 2.0101147778032374e-11 1.6262080213961227 3.141592653569994 4.442882938130976 5.441398092668983 6.069090959528578 6.283185307145184 6.0690909595364415 5.441398092684385 4.442882938153276 3.1415926535998975 1.6262080214323507 4.05577043628716e-11 -1.6262080213596155 -3.1415926535395355 -4.442882938106931 -5.441398092652163 -6.0690909595171325 -6.283185307136446 -6.069090959527549 -5.441398092672404 -4.442882938135956 -3.1415926535746728 -1.626208021398711 2.81667491674494 5.4413980926898535 7.695298980955144 9.424777960750799 10.511973897706453 10.882796185395375 10.5119738977245 9.424777960785702 7.69529898100478 5.441398092754031 2.81667491681965 7.984137532769067e-11 -2.8166749166774077 -5.441398092638195 -7.695298980919435 -9.424777960731467 -10.511973897698734 -10.882796185392852 -10.511973897720205 -9.424777960772966 -7.695298980978218 -5.4413980927093615 -2.8166749167559053
</DataArray>
        <DataArray type="Float64" Name="Mode_13_phi2" NumberOfComponents="1" format="ascii">
 0.0 -3.0778731099548636e-15 -3.0778731099548636e-15 0.0 3.141592653584181 5.441398092696322 6.283185307179586 5.4413980927163035 3.141592653621755 4.65149837577206e-11 -3.1415926535411964 -5.441398092669793 -6.283185307179586 -5.441398092745116 -3.141592653671651 -1.0327593001519135e-10 3.141592653507126 5.441398092659268 6.283185307179586 5.441398092737361 3.1415926536424026 5.206920934310532e-11 -3.1415926535522165 -5.441398092685298 -6.283185307179586 -5.441398092711334 -3.1415926535973124 -2.9729971269464667e-15 -2.6655163028474773e-15 -2.176384947683915e-15 -1.5389365549832228e-15 -7.966121792739753e-16 -1.139288519425673e-26 7.966121792519679e-16 1.5389365549634917e-15 2.1763849476677662e-15 2.6655163028355265e-15 2.9729971269400643e-15 3.0778731099548636e-15 2.972997126952107e-15 2.665516302856553e-15 2.1763849476943382e-15 1.5389365549921563e-15 7.966121792796159e-16 1.2753278111233477e-26 -7.966121792549784e-16 -1.5389365549700692e-15 -2.176384947676302e-15 -2.6655163028438004e-15 -2.9729971269455054e-15 -3.1415926536016623 -5.441398092716351 -6.283185307179586 -5.441398092693518 -3.1415926535937415 -2.7398386515523346e-11 3.141592653546305 5.441398092666131 6.283185307179586 5.44139809276199 3.141592653712342 1.6260568073540584e-10 -3.1415926534593503 -5.441398092634185 -6.283185307179586 -5.441398092757425 -3.141592653672807 -8.215388028121703e-11 3.1415926535304974 5.441398092675265 6.283185307179586 5.441398092716347 3.141592653601656 0.0 0.0 0.0 0.0 0.0 0.0 -0.0 -0.0 -0.0 -0.0 -0.0 -0.0 -0.0 -0.0 -0.0 -0.0 -0.0 -0.0 0.0 0.0 0.0 0.0 0.0 3.0345454797768388 2.7206990463445133 2.2214414690699322 1.5707963267824285 0.8131040106872225 -1.920052371446056e-11 -0.8131040107246894 -1.5707963268171383 -2.2214414691001725 -2.720699046368734 -3.0345454797937874 -3.141592653592918 -3.0345454797775924 -2.7206990463415304 -2.2214414690672735 -1.5707963267833869 -0.8131040106939454 6.020879073768348e-12 0.8131040107059512 1.5707963267952665 2.2214414690791613 2.7206990463569665 3.034545479792269 5.255986948854914 4.712388980375444 3.847649490471813 2.7206990463318528 1.408337458350455 -3.093164214073423e-11 -1.4083374584106505 -2.7206990463870993 -3.847649490519093 -4.712388980412078 -5.255986948878911 -5.441398092706335 -5.255986948852287 -4.7123889803673356 -3.847649490465058 -2.7206990463318936 -1.4083374583608779 8.993087551380535e-12 1.4083374583786785 2.7206990463491434 3.84764949048179 4.712388980389354 5.255986948872502 6.069090959563329 5.4413980926970575 4.442882938146449 3.1415926535705165 1.626208021379706 -3.303391538420061e-11 -1.6262080214435282 -3.1415926536277374 -4.44288293819316 -5.441398092729953 -6.0690909595803015 -6.283185307179586 -6.069090959550298 -5.441398092679404 -4.442882938132165 -3.1415926535658825 -1.6262080213888517 8.73246851659738e-12 1.6262080214057162 3.141592653580993 4.442882938145032 5.44139809269612 6.069090959563083 5.255986948871951 4.712388980389069 3.8476494904820515 2.7206990463393192 1.4083374583560084 -2.6283569444551506e-11 -1.4083374584059078 -2.720699046381438 -3.847649490511967 -4.712388980403347 -5.25598694886889 -5.4413980926957874 -5.255986948841849 -4.7123889803575 -3.847649490456635 -2.7206990463259872 -1.4083374583587207 6.1319915948568124e-12 1.4083374583696673 2.720699046333171 3.847649490458472 4.712388980358362 5.255986948835327 3.034545479808975 2.7206990463700427 2.2214414690886315 1.5707963267951168 0.8131040106953258 -1.3836879538270777e-11 -0.8131040107200888 -1.570796326811481 -2.2214414690920643 -2.720699046357421 -3.0345454797793 -3.1415926535761254 -3.034545479759552 -2.7206990463234226 -2.2214414690509185 -1.5707963267710714 -0.8131040106882005 2.7087991480135365e-12 0.813104010691466 1.570796326768156 2.221441469038851 2.7206990463033986 3.0345454797279707 3.974442505697331e-11 3.099667806308648e-11 2.151650574880665e-11 1.2534388968523383e-11 5.100966630350976e-12 -5.70747558288699e-23 -2.3256233746806023e-12 -1.8126812057204521e-12 1.2266845280642954e-12 6.144407115334309e-12 1.2036099484579746e-11 1.7820843409147417e-11 2.2399211959127745e-11 2.4717366170625596e-11 2.396987480486607e-11 1.963352461475016e-11 1.1550370722717734e-11 -2.996427928195775e-23 -1.4324991797102074e-11 -3.034965178803956e-11 -4.6717011154487703e-11 -6.186328428141274e-11 -7.418512693630227e-11 -3.0345454797402396 -2.72069904631677 -2.221441469052235 -1.5707963267748883 -0.8131040106886104 1.1156801384304886e-11 0.8131040107130058 1.570796326805182 2.2214414690912636 2.7206990463657577 3.034545479798837 3.1415926536069994 3.0345454797996196 2.7206990463683796 2.2214414690950055 1.570796326807656 0.8131040107104411 -1.0569446274049592e-12 -0.8131040107153151 -1.5707963268204392 -2.2214414691199713 -2.720699046410661 -3.034545479856482 -5.255986948832577 -4.71238898035952 -3.847649490463547 -2.7206990463319194 -1.4083374583582553 1.700313108225421e-11 1.4083374583929968 2.7206990463686753 3.8476494905030645 4.7123889804014905 5.255986948876349 5.441398092713612 5.255986948868674 4.712388980389631 3.8476494904894887 2.7206990463545244 1.4083374583779966 -3.953008848215658e-13 -1.4083374583806503 -2.7206990463625043 -3.8476494905058733 -4.7123889804205925 -5.2559869489096 -6.069090959563981 -5.44139809269956 -4.442882938151667 -3.141592653579402 -1.6262080213924275 1.6950656166183206e-11 1.6262080214251788 3.141592653608766 4.442882938175612 5.441398092716089 6.06909095957237 6.283185307179586 6.069090959557961 5.441398092692245 4.4428829381475445 3.1415926535812995 1.6262080214022576 1.2009809657312025e-12 -1.6262080213999268 -3.1415926535792145 -4.442882938146211 -5.441398092696745 -6.069090959563244 -5.2559869488975295 -4.712388980411138 -3.8476494905007614 -2.7206990463555965 -1.4083374583707142 1.2358683085384474e-11 1.4083374583922004 2.7206990463677623 3.8476494904986014 4.712388980391068 5.255986948858907 5.441398092689653 5.255986948839754 4.71238898035826 3.847649490459436 2.7206990463304557 1.4083374583649626 2.4754609363702245e-12 -1.40833745835779 -2.720699046316921 -3.8476494904366296 -4.712388980328375 -5.255986948798599 -3.0345454798526212 -2.720699046405779 -2.2214414691158253 -1.5707963268144216 -0.8131040107080734 5.7973426503736986e-12 0.813104010714693 1.5707963268067644 2.2214414690864746 2.720699046350023 3.0345454797699465 3.1415926535655108 3.034545479748252 2.720699046311912 2.22144146904039 1.570796326763386 0.8131040106856251 2.2579255930636977e-12 -0.8131040106766864 -1.5707963267417842 -2.2214414689998287 -2.720699046250832 -3.034545479664199 -8.905148289936848e-11 -7.024800459526123e-11 -4.9528247239098254e-11 -2.947744371859225e-11 -1.239303173540556e-11 5.219530437417958e-23 6.656022413652851e-12 7.319712724520914e-12 2.5305208232583244e-12 -6.5134600617019755e-12 -1.7948664107664175e-11 -2.9664875360107245e-11 -3.935408394465737e-11 -4.4882110059253565e-11 -4.4479043810846285e-11 -3.699295896899201e-11 -2.201602492983619e-11 -9.445926168702985e-23 2.775158988862116e-11 5.91423190785393e-11 9.147677022652994e-11 1.2162907591906374e-10 1.4636501182290551e-10 3.0345454797106117 2.7206990462938268 2.2214414690372584 1.5707963267684335 0.8131040106901232 -3.1151717753208364e-12 -0.81310401070057 -1.570796326790927 -2.221441469077909 -2.7206990463558833 -3.0345454797945446 -3.141592653609734 -3.034545479809051 -2.720699046382476 -2.2214414691111286 -1.570796326822854 -0.8131040107218156 -3.909780113864854e-12 0.8131040107186881 1.5707963268331833 2.221441469142007 2.720699046439904 3.0345454798917917 5.25598694882358 4.712388980353654 3.847649490461954 2.7206990463356115 1.4083374583673622 -3.072203557645659e-12 -1.4083374583755206 -2.7206990463494964 -3.8476494904844265 -4.712388980385813 -5.255986948865993 -5.441398092710626 -5.255986948873036 -4.712388980399263 -3.8476494905020298 -2.7206990463676552 -1.4083374583896509 -8.207318714137521e-12 1.4083374583760002 2.7206990463619825 3.8476494905087906 4.7123889804240005 5.255986948913544 6.069090959564634 5.441398092702064 4.442882938156878 3.1415926535882885 1.626208021405153 -8.673969481658031e-13 -1.6262080214068286 -3.1415926535897967 -4.4428829381580615 -5.441398092702221 -6.069090959564439 -6.283185307179586 -6.069090959565631 -5.441398092705083 -4.442882938162916 -3.1415926535967165 -1.626208021415653 -1.1134430448059785e-11 1.626208021394132 3.141592653577431 4.442882938147387 5.441398092697372 6.069090959563408 5.255986948892207 4.7123889804094565 3.847649490503307 2.720699046362727 1.408337458381868 1.569827973107171e-12 -1.408337458377302 -2.7206990463540675 -3.8476494904884473 -4.712388980386676 -5.255986948862128 -5.441398092701747 -5.255986948859677 -4.712388980382722 -3.847649490484814 -2.7206990463531566 -1.4083374583818382 -1.1078080535256592e-11 1.4083374583588986 2.7206990463280425 3.847649490456724 4.712388980353716 5.255986948828 3.034545479829378 2.7206990463900715 2.2214414691080138 1.570796326813921 0.8131040107131298 2.246379679807367e-12 -0.8131040107067157 -1.5707963268020204 -2.2214414690878255 -2.7206990463596896 -3.034545479789178 -3.141592653594354 -3.034545479784623 -2.720699046351693 -2.2214414690787545 -1.5707963267952036 -0.8131040107060523 -7.2246503342388236e-12 0.8131040106900266 1.5707963267746823 2.221441469051631 2.7206990463180505 3.034545479743581 4.7082294430939315e-11 3.937106613312392e-11 2.979448152801068e-11 1.9410444820152804e-11 9.18963404164318e-12 3.6774659019347656e-23 -7.479508402835281e-12 -1.2780704379081277e-11 -1.5746462548913904e-11 -1.6414637428151295e-11 -1.510623034802063e-11 -1.2346572592984615e-11 -8.70239283446878e-12 -4.9509218727855724e-12 -1.6905514243998079e-12 4.564541445246261e-13 1.094229596758036e-12 1.930671690753194e-23 -2.8043552354599396e-12 -7.080613995910627e-12 -1.2349575409139218e-11 -1.798617510271594e-11 -2.3262890377204586e-11 -3.0345454797479285 -2.7206990463223213 -2.221441469057278 -1.5707963267817788 -0.8131040106993345 -4.927155407313698e-12 0.8131040106907111 1.5707963267767022 2.2214414690576145 2.7206990463289227 3.0345454797616545 3.141592653572989 3.0345454797707903 2.7206990463452674 2.2214414690783624 1.5707963267985512 0.8131040107101797 8.879295149720707e-12 -0.8131040106939218 -1.5707963267866372 -2.2214414690732096 -2.7206990463493193 -3.0345454797838993 -5.25598694884549 -4.7123889803715455 -3.847649490476522 -2.7206990463484395 -1.408337458380021 -1.0855099267677402e-11 1.4083374583592334 2.72069904633033 3.847649490462568 4.712388980362242 5.255986948842435 5.441398092689411 5.2559869488553765 4.71238898038518 3.847649490491992 2.7206990463625225 1.4083374583906678 1.6809938312958125e-11 -1.4083374583583652 -2.720699046334092 -3.847649490469753 -4.712388980372068 -5.255986948851345 -6.069090959565288 -5.441398092704567 -4.442882938162094 -3.1415926535971734 -1.6262080214178742 -1.5214467122452398e-11 1.6262080213884837 3.1415926535708225 4.442882938140512 5.441398092688356 6.069090959556507 6.283185307179586 6.069090959573294 5.441398092717925 4.442882938178288 3.1415926536121432 1.6262080214290535 2.106787993038837e-11 -1.626208021388348 -3.1415926535756524 -4.442882938148571 -5.441398092698 -6.069090959563569 -5.255986948870693 -4.712388980394589 -3.8476494904961522 -2.7206990463637593 -1.4083374583902617 -1.54983390315839e-11 1.4083374583604287 2.720699046337331 3.847649490475064 4.712388980379637 5.255986948863873 5.441398092713846 5.2559869488810715 4.712388980409819 3.847649490513424 2.720699046378922 1.408337458400687 1.968070013424567e-11 -1.4083374583627755 -2.7206990463452554 -3.8476494904865204 -4.71238898039225 -5.2559869488735815 -3.0345454797901836 -2.720699046359531 -2.2214414690876088 -1.5707963268041867 -0.8131040107132383 -1.0288009288823801e-11 0.8131040106934553 1.5707963267867353 2.2214414690737945 2.7206990463499436 3.034545479786118 3.141592653599487 3.0345454797974667 2.7206990463698153 2.2214414690989517 1.570796326813852 0.8131040107195028 1.2188584780691327e-11 -0.8131040106960433 -1.570796326793103 -2.221441469082488 -2.7206990463590626 -3.034545479793099
</DataArray>
        <DataArray type="Float64" Name="Mode_14_w" NumberOfComponents="1" format="ascii">
 0.0 0.0 -1.7997117391942291e-31 -0.0 0.0 0.0 0.0 0.0 0.0 0.0 0.0 0.0 -0.0 -0.0 -0.0 -0.0 -0.0 -0.0 -0.0 -0.0 0.0 0.0 0.0 0.0 0.0 0.0 0.0 1.8369701987177483e-16 3.181725716171019e-16 3.6739403974420594e-16 3.1817257161827023e-16 1.8369701987397188e-16 2.7198509921166404e-27 -1.836970198692614e-16 -3.1817257161555063e-16 -3.6739403974420594e-16 -3.1817257161995494e-16 -1.8369701987688943e-16 -6.038809820436919e-27 1.8369701986726922e-16 3.181725716149352e-16 3.6739403974420594e-16 3.1817257161950154e-16 1.8369701987517918e-16 3.044620878042718e-27 -1.8369701986990577e-16 -3.1817257161645723e-16 -3.6739403974420594e-16 -3.1817257161797963e-16 -1.8369701987254264e-16 -1.874608162137919e-16 -3.463824224953299e-16 -4.525704449159616e-16 -4.898587196589413e-16 -4.525704449151823e-16 -3.463824224953303e-16 -1.8746081621576486e-16 -4.271079458586388e-27 1.8746081620787376e-16 3.463824224892907e-16 4.525704449119138e-16 4.898587196589413e-16 4.525704449184506e-16 3.463824224998592e-16 1.8746081621970978e-16 6.405216381859935e-27 -1.874608162078737e-16 -3.4638242249080063e-16 -4.52570444913548e-16 -4.898587196589413e-16 -4.525704449159994e-16 -3.4638242249532967e-16 -1.8746081621379192e-16 -0.0 -0.0 -0.0 -0.0 -0.0 -0.0 0.0 0.0 0.0 0.0 0.0 0.0 -0.0 -0.0 -0.0 -0.0 -0.0 -0.0 0.0 0.0 0.0 0.0 0.0 0.19134171618291218 0.3314135740359168 0.38268343236465324 0.33141357403373023 0.19134171617903992 -4.677705309668929e-12 -0.19134171618723408 -0.33141357403872873 -0.38268343236520963 -0.3314135740318873 -0.19134171617529172 9.22897110552364e-12 0.19134171618973347 0.3314135740394504 0.3826834323657659 0.33141357403421406 0.19134171618057078 -1.4668296777255671e-12 -0.19134171618320348 -0.33141357403600136 -0.3826834323663221 -0.33141357403756116 -0.19134171618396548 0.353553390593981 0.6123724356964663 0.7071067811859013 0.6123724356926593 0.35355339058727425 -8.039100811344503e-12 -0.3535533906013411 -0.6123724357011867 -0.7071067811867463 -0.6123724356894237 -0.3535533905808252 1.580563357188047e-11 0.35355339060552227 0.6123724357022914 0.7071067811875915 0.6123724356933781 0.3535533905899442 -2.337293865676382e-12 -0.3535533905941324 -0.6123724356962039 -0.7071067811884366 -0.6123724356990471 -0.3535533905956558 0.46193976625671324 0.8001031451923968 0.9238795325108052 0.8001031451876728 0.4619397662484743 -9.714613467565386e-12 -0.4619397662654141 -0.800103145197777 -0.9238795325114789 -0.800103145183501 -0.46193976624057365 1.9022224283007843e-11 0.4619397662702101 0.8001031451987551 0.9238795325121524 0.8001031451880528 0.4619397662515593 -2.568044243920444e-12 -0.46193976625611816 -0.8001031451910073 -0.9238795325128264 -0.8001031451946176 -0.4619397662581896 0.5000000000014245 0.8660254037860868 1.0 0.866025403781168 0.4999999999929842 -9.660594206398348e-12 -0.5000000000097196 -0.8660254037908315 -1.0 -0.8660254037764841 -0.4999999999848713 1.8828249389863126e-11 0.5000000000140623 0.866025403791157 1.0 0.8660254037805161 0.4999999999956277 -2.2538294351591738e-12 -0.4999999999995269 -0.8660254037827663 -1.0 -0.8660254037864855 -0.5000000000017721 0.461939766257595 0.8001031451937785 0.9238795325123711 0.8001031451892607 0.4619397662500625 -8.138298760403984e-12 -0.461939766263958 -0.800103145196705 -0.923879532511168 -0.8001031451843197 -0.4619397662427074 1.576620306588972e-11 0.4619397662669153 0.8001031451958719 0.9238795325099644 0.8001031451867584 0.46193976625132915 -1.5932072464569345e-12 -0.46193976625388933 -0.800103145187656 -0.9238795325087611 -0.8001031451907642 -0.4619397662557945 0.35355339059585356 0.6123724356993886 0.707106781189116 0.6123724356956994 0.35355339059000035 -5.626496739343189e-12 -0.3535533905992922 -0.6123724356997581 -0.7071067811864009 -0.6123724356906912 -0.35355339058404106 1.081964796004737e-11 0.35355339060031277 0.612372435697496 0.7071067811836866 0.6123724356908181 0.3535533905892006 -8.475901408673094e-13 -0.353553390590214 -0.6123724356900986 -0.7071067811809709 -0.6123724356919737 -0.3535533905912464 0.19134171618570187 0.33141357404022026 0.3826834323691829 0.33141357403759353 0.1913417161819036 -2.718062790939096e-12 -0.19134171618591264 -0.33141357403789184 -0.38268343236499386 -0.3314135740327044 -0.19134171617762513 5.180867316001343e-12 0.19134171618491871 0.3314135740342744 0.3826834323608036 0.3314135740303158 0.19134171617876172 -2.574969083657583e-13 -0.19134171617850862 -0.33141357402815463 -0.38268343235661423 -0.3314135740283919 -0.19134171617825438 3.4863835742745743e-12 5.283638334638168e-12 5.229272910664402e-12 3.773728033273471e-12 1.7428893363805103e-12 -1.6339283144947337e-23 -8.715863066815669e-13 -7.546766156643288e-13 7.657137397853899e-16 7.55618278220495e-13 8.719079311840801e-13 -3.080407070368429e-23 -1.743877094771296e-12 -3.774285103327198e-12 -5.2303602489341225e-12 -5.284579997183029e-12 -3.486927243389998e-12 1.140111364915906e-24 4.358230273114833e-12 8.304400599874064e-12 1.045995478412846e-11 9.814695493799526e-12 6.101946555625065e-12 -0.1913417161791709 -0.3314135740303558 -0.38268343235952046 -0.33141357403082805 -0.19134171617914572 2.064791969466592e-12 0.19134171618363427 0.33141357403605437 0.38268343236499486 0.33141357403466254 0.19134171618031365 -3.8311594950635744e-12 -0.19134171618709922 -0.3314135740407275 -0.38268343237046887 -0.33141357404044314 -0.19134171618569312 -1.4629379708274375e-13 0.19134171618635124 0.3314135740434577 0.3826834323759425 0.33141357404650124 0.19134171618950835 -0.3535533905905955 -0.6123724356915407 -0.7071067811817207 -0.6123724356911315 -0.3535533905892468 3.2120085563583485e-12 0.3535533905955913 0.6123724356970467 0.7071067811864027 0.6123724356938404 0.35355339058925683 -5.832406274325341e-12 -0.35355339059892926 -0.6123724357009085 -0.7071067811910834 -0.6123724356996295 -0.35355339059593405 -6.43369657900002e-13 0.3535533905955992 0.6123724357016879 0.7071067811957645 0.6123724357057587 0.35355339059979496 -0.46193976625428457 -0.8001031451889977 -0.9238795325083682 -0.8001031451878805 -0.4619397662520821 3.409764923824189e-12 0.4619397662584537 0.8001031451929072 0.923879532511168 0.8001031451889745 0.4619397662511782 -5.990754285856933e-12 -0.46193976626070576 -0.8001031451949844 -0.9238795325139679 -0.8001031451934223 -0.46193976625753114 -1.3280214664634416e-12 0.4619397662556974 0.8001031451937114 0.9238795325167672 0.8001031451980924 0.46193976626030253 -0.5000000000004974 -0.8660254037850246 -1.0 -0.8660254037833459 -0.4999999999978247 2.8362753186324354e-12 0.5000000000027385 0.8660254037861828 1.0 0.8660254037823696 0.4999999999961353 -4.721311549766037e-12 -0.5000000000031737 -0.8660254037857076 -1.0 -0.8660254037842944 -0.5000000000007259 -1.965018058416421e-12 0.49999999999732236 0.8660254037823302 1.0 0.86602540378622 0.5000000000015429 -0.46193976625795075 -0.8001031451946795 -0.9238795325142937 -0.800103145192721 -0.4619397662552455 1.8322193618711283e-12 0.46193976625796995 0.8001031451929916 0.9238795325115885 0.8001031451899031 0.46193976625307226 -2.732271359161052e-12 -0.461939766256567 -0.8001031451901172 -0.9238795325088822 -0.8001031451890961 -0.4619397662552475 -2.299576184452353e-12 0.4619397662508137 0.800103145185233 0.9238795325061764 0.8001031451880631 0.46193976625403527 -0.35355339059676266 -0.6123724357011132 -0.7071067811917039 -0.6123724356992455 -0.35355339059444696 7.984624288843188e-13 0.3535533905951096 0.6123724356975413 0.7071067811873679 0.6123724356954565 0.3535533905922196 -8.445365515590165e-13 -0.35355339059255964 -0.6123724356933115 -0.7071067811830338 -0.6123724356926918 -0.353553390592208 -2.133073382675771e-12 0.353553390587789 0.612372435688055 0.7071067811786997 0.6123724356895835 0.3535533905896766 -0.19134171618650886 -0.33141357404173855 -0.38268343237130376 -0.3314135740401746 -0.19134171618471543 1.0565928748627207e-13 0.19134171618409884 0.3314135740375127 0.38268343236650915 0.3314135740361801 0.1913417161825923 2.1796396794395769e-13 -0.19134171618130716 -0.33141357403306426 -0.3826834323617121 -0.3314135740324621 -0.19134171618106638 -1.35630634874344e-12 0.19134171617791718 0.33141357402833643 0.3826834323569159 0.3314135740284662 0.19134171617821596 -3.789091603120907e-12 -5.948320296569762e-12 -6.161538626819598e-12 -4.723777657880306e-12 -2.371558845280418e-12 -2.328310379699859e-24 1.6627924663560479e-12 2.266231344680616e-12 1.9089403532953986e-12 1.0409195209195797e-12 2.4614788693771793e-13 -5.070114155479107e-25 4.621744027719037e-13 1.4150884221281796e-12 2.3409933849697006e-12 2.6419386160485923e-12 1.878818982208001e-12 1.8189820148183353e-23 -2.5884735395165365e-12 -5.095639003855013e-12 -6.593591658493901e-12 -6.324796753017103e-12 -4.005118118969235e-12 0.1913417161794188 0.33141357403064375 0.3826834323599212 0.33141357403165794 0.19134171618079515 5.472716427863948e-13 -0.19134171618035808 -0.3314135740328791 -0.3826834323629794 -0.3314135740348203 -0.191341716183214 -1.5663122242712047e-12 0.19134171618112006 0.3314135740351553 0.3826834323660385 0.33141357403770433 0.19134171618502607 1.760097054225005e-12 -0.19134171618248721 -0.33141357403771016 -0.3826834323690984 -0.3314135740401235 -0.1913417161855951 0.353553390591077 0.6123724356923221 0.7071067811829914 0.6123724356933383 0.35355339059280533 1.6144556616180745e-12 -0.35355339059028756 -0.6123724356926937 -0.7071067811846683 -0.6123724356960667 -0.35355339059585333 -4.142077097212941e-12 0.35355339058936347 0.6123724356933833 0.7071067811863464 0.6123724356977633 0.35355339059666846 3.6252892554292312e-12 -0.3535533905906692 -0.6123724356951079 -0.7071067811880214 -0.6123724356984306 -0.3535533905952582 0.4619397662544087 0.8001031451893896 0.9238795325095789 0.8001031451906158 0.46193976625678546 2.897955614423949e-12 -0.4619397662518581 -0.800103145188034 -0.9238795325101258 -0.8001031451931843 -0.46193976626068756 -7.04071571129294e-12 0.46193976624937627 0.8001031451874226 0.9238795325106733 0.8001031451937343 0.46193976626022043 5.222446037103974e-12 -0.46193976625126615 -0.8001031451888295 -0.9238795325112212 -0.800103145192717 -0.46193976625694255 0.49999999999957057 0.8660254037839623 1.0 0.8660254037855231 0.5000000000026668 3.9898199259728775e-12 -0.49999999999575695 -0.8660254037815331 -1.0 -0.8660254037882542 -0.5000000000073977 -9.382961755071953e-12 0.4999999999922851 0.8660254037802582 1.0 0.8660254037880744 0.500000000005824 6.178536481473815e-12 -0.49999999999512096 -0.866025403781895 -1.0 -0.8660254037859535 -0.5000000000013136 0.4619397662557465 0.800103145191777 0.9238795325125532 0.8001031451936365 0.46193976625932504 4.474270321602125e-12 -0.46193976625160055 -0.8001031451892503 -0.9238795325127054 -0.8001031451967204 -0.4619397662645136 -1.0299198638000823e-11 0.46193976624802036 0.8001031451881123 0.9238795325128584 0.8001031451964419 0.46193976626242456 6.195641894847423e-12 -0.46193976625171745 -0.8001031451903352 -0.9238795325130106 -0.800103145194148 -0.46193976625771715 0.35355339059355634 0.6123724356965998 0.7071067811881184 0.612372435698338 0.3535533905968365 4.02800178912253e-12 -0.3535533905898947 -0.6123724356944307 -0.7071067811883308 -0.6123724357011073 -0.3535533906014222 -9.128690746023115e-12 0.3535533905868568 0.6123724356935722 0.7071067811885418 0.612372435700792 0.35355339059932633 5.114992980240343e-12 -0.3535533905905018 -0.612372435695798 -0.707106781188754 -0.61237243569876 -0.3535533905952998 0.19134171618273685 0.33141357403612737 0.38268343236611624 0.3314135740372282 0.19134171618479626 2.5064043247954323e-12 -0.19134171618047788 -0.33141357403480143 -0.3826834323662541 -0.3314135740389248 -0.19134171618759838 -5.6150957961071396e-12 0.1913417161786593 0.33141357403431965 0.38268343236639357 0.3314135740386743 0.19134171618618032 2.9694298235761214e-12 -0.1913417161810595 -0.3314135740357852 -0.3826834323665314 -0.3314135740374022 -0.19134171618375787
</DataArray>
        <DataArray type="Float64" Name="Mode_14_phi1" NumberOfComponents="1" format="ascii">
 0.0 -0.0 4.6168096649322955e-15 -4.6168096649322955e-15 0.0 0.0 0.0 0.0 -0.0 -0.0 -0.0 -0.0 -0.0 -0.0 -0.0 -0.0 0.0 0.0 0.0 0.0 0.0 0.0 0.0 0.0 -0.0 -0.0 -0.0 -4.7123889803762715 -8.162097139044484 -9.42477796076938 -8.162097139074456 -4.712388980432633 -6.97724756365809e-11 4.712388980311794 8.16209713900469 9.42477796076938 8.162097139117673 4.712388980507477 1.5491389502278703e-10 -4.712388980260689 -8.162097138988901 -9.42477796076938 -8.162097139106042 -4.712388980463604 -7.810381401465797e-11 4.712388980328325 8.162097139027948 9.42477796076938 8.162097139067 4.712388980395969 4.265375954928351e-15 3.2645774215105447e-15 1.7667765691325556e-15 -1.0068265488882674e-26 -1.766776569150288e-15 -3.2645774215105404e-15 -4.265375954920648e-15 -4.6168096649322955e-15 -4.265375954951455e-15 -3.2645774215674622e-15 -1.7667765692246565e-15 -8.961258717146217e-26 1.766776569075921e-15 3.2645774214678563e-15 4.265375954905248e-15 4.6168096649322955e-15 4.265375954951455e-15 3.264577421553232e-15 1.7667765691874716e-15 3.018592137021238e-26 -1.7667765691316942e-15 -3.264577421510546e-15 -4.265375954928351e-15 -4.712388980402493 -8.162097139074527 -9.42477796076938 -8.162097139040277 -4.712388980390612 -4.109757977328502e-11 4.712388980319457 8.162097138999197 9.42477796076938 8.162097139142984 4.712388980568513 2.439085211031088e-10 -4.712388980189026 -8.162097138951276 -9.42477796076938 -8.162097139136138 -4.7123889805092105 -1.2323082042182554e-10 4.712388980295747 8.162097139012898 9.42477796076938 8.16209713907452 4.712388980402484 4.353679728225791 7.540794489160511 8.707359456419997 7.540794489106478 4.353679728132741 -1.0643382523977578e-10 -4.353679728316715 -7.5407944892116525 -8.707359456417825 -7.540794489051705 -4.353679728040044 2.0999071826012336e-10 4.3536797283661715 7.540794489215227 8.707359456415654 7.540794489091805 4.353679728152743 -3.337540166378665e-11 -4.353679728210176 -7.54079448912391 -8.707359456413482 -7.540794489155118 -4.353679728222572 3.332162203634186 5.771474235747568 6.664324407243639 5.77147423570709 3.3321622035656655 -7.576674015121077e-11 -3.332162203695588 -5.77147423577826 -6.664324407235675 -5.771474235662797 -3.332162203496921 1.489645869439938e-10 3.332162203727028 5.7714742357748765 6.664324407227711 5.771474235686272 3.332162203574901 -2.202847571297685e-11 -3.3321622036117176 -5.771474235703708 -6.664324407219746 -5.771474235725904 -3.332162203620764 1.8033531896666284 3.1234993484885796 3.6067063793170346 3.1234993484649585 1.8033531896284745 -3.79245963710861e-11 -1.803353189691615 -3.123499348494037 -3.6067063793017042 -3.1234993484331173 -1.803353189588651 7.426030695079711e-11 1.8033531897013584 3.1234993484823033 3.606706379286382 3.123499348435334 1.8033531896225623 -1.0025313074778633e-11 -1.8033531896373658 -3.123499348436501 -3.6067063792710443 -3.1234993484454074 -1.803353189639467 1.3438697086619804e-11 1.994540751312841e-11 1.9174087808461167e-11 1.3266899109535773e-11 5.736437082348563e-12 -7.367606559259716e-23 -1.8900157028618753e-12 5.568305436625748e-14 3.910718632458763e-12 6.717880311097305e-12 5.801780695657755e-12 -2.9089612868656997e-22 -9.6523875179063e-12 -2.0049524223439275e-11 -2.69976177944775e-11 -2.6711721479955917e-11 -1.734523027669099e-11 8.685084220408903e-23 2.1190605295877135e-11 4.0043365392124306e-11 5.008451695649624e-11 4.670375029947058e-11 2.8887633497405022e-11 -1.8033531896408597 -3.1234993484506055 -3.6067063792814045 -3.123499348442226 -1.8033531896221455 3.177086732937715e-11 1.8033531896817363 3.1234993484898057 3.6067063793087817 3.1234993484507156 1.8033531896094728 -6.154922062286055e-11 -1.8033531897093242 -3.1234993485143385 -3.606706379336167 -3.1234993484880196 -1.8033531896591692 6.219675333444416e-12 1.8033531896745143 3.123499348510042 3.6067063793635437 3.123499348531443 1.8033531896926376 -3.332162203610358 -5.7714742357129465 -6.664324407213342 -5.771474235692952 -3.3321622035722465 5.302848246512084e-11 3.332162203668349 5.77147423576075 6.664324407238931 5.771474235690066 3.332162203541669 -1.0197277963757163e-10 -3.332162203703562 -5.771474235783751 -6.664324407264513 -5.7714742357355915 -3.3321622036158853 7.98834887950698e-12 3.3321622036339655 5.771474235758337 6.664324407290107 5.771474235790804 3.3321622036607637 -4.353679728207808 -7.540794489135584 -8.707359456402314 -7.540794489108057 -4.353679728158598 6.184524268377087e-11 4.353679728268448 7.540794489179349 8.707359456418667 7.540794489093538 4.353679728117115 -1.1788248510768474e-10 -4.3536797283016675 -7.540794489193745 -8.707359456435025 -7.540794489135945 -4.353679728198804 5.858937049466568e-12 4.35367972821165 7.540794489151218 8.70735945645138 7.540794489188876 4.353679728243111 -4.7123889803937455 -8.162097139064509 -9.42477796076938 -8.162097139033417 -4.712388980341381 5.890057384455434e-11 4.712388980443414 8.162097139092328 9.42477796076938 8.162097139006743 4.712388980295185 -1.1097887690700379e-10 -4.712388980465913 -8.162097139091633 -9.42477796076938 -8.162097139034815 -4.712388980367478 1.3693624335674983e-12 4.71238898036985 8.162097139036167 9.42477796076938 8.162097139072015 4.712388980400318 -4.353679728230938 -7.540794489171385 -8.707359456440035 -7.540794489140019 -4.353679728181711 4.698109288377837e-11 4.353679728259539 7.540794489174666 8.707359456418663 7.540794489100904 4.353679728135329 -8.717200703450665e-11 -4.353679728265401 -7.54079448915465 -8.707359456397294 -7.54079448910604 -4.35367972818477 -3.3286851995119797e-12 4.353679728175415 7.540794489090361 8.707359456375926 7.5407944891174985 4.353679728198596 -3.332162203653736 -5.771474235779829 -6.664324407283041 -5.7714742357505076 -3.3321622036116074 3.0272467451981734e-11 3.3321622036566945 5.7714742357553135 6.664324407238914 5.771474235699611 3.3321622035675786 -5.496913411217332e-11 -3.3321622036440357 -5.77147423571527 -6.664324407194799 -5.771474235677749 -3.332162203586379 -6.063616172285732e-12 3.3321622035685294 5.7714742356462105 6.664324407150682 5.771474235659096 3.332162203578658 -1.8033531896990609 -3.123499348539754 -3.6067063793724845 -3.123499348513845 -1.803353189665596 1.3311281904254717e-11 1.8033531896780297 3.123499348490367 3.6067063793087817 3.123499348453483 1.8033531896247512 -2.3387131048048102e-11 -1.8033531896495056 -3.1234993484338585 -3.6067063792450718 -3.1234993484062135 -1.8033531896122408 -5.184424295865786e-12 1.8033531895926465 3.123499348364256 3.606706379181377 3.12349934835982 1.803353189585744 -5.1858494480256106e-11 -7.902719282011449e-11 -7.880523700023217e-11 -5.7438483972621796e-11 -2.6934186193317648e-11 1.1743349930870272e-22 1.4465753886832801e-11 1.4261066277989497e-11 4.028126697725514e-12 -7.327642569388462e-12 -1.0454368957737695e-11 1.5756425849254977e-22 2.291861582244762e-11 5.049056146713664e-11 7.076572537357158e-11 7.207927031441739e-11 4.78471095513389e-11 2.125333387958171e-22 -6.031135641543009e-11 -1.152421892118055e-10 -1.4553446479168304e-10 -1.3683089805973427e-10 -8.523566470278579e-11 1.8033531896099357 3.123499348403939 3.60670637923766 3.123499348417125 1.8033531896234263 -7.152747764316523e-12 -1.8033531896460808 -3.1234993484598172 -3.606706379299212 -3.1234993484686004 -1.8033531896510078 1.0666434523526655e-11 1.803353189676674 3.12349934851107 3.6067063793607876 3.123499348527902 1.8033531896955701 8.977248442608691e-12 -1.8033531896902797 -3.123499348554478 -3.6067063794223553 -3.1234993485863605 -1.8033531897269077 3.3321622035894336 5.771474235682532 6.664324407188952 5.77147423568855 3.33216220359486 -7.52533110218771e-12 -3.332162203614719 -5.77147423571967 -6.6643244072298184 -5.771474235723601 -3.332162203614722 7.959569478227888e-12 3.332162203631534 5.771474235750555 6.664324407270665 5.7714742357683155 3.332162203655472 2.010374300606947e-11 -3.3321622036274374 -5.771474235771773 -6.664324407311512 -5.77147423580978 -3.332162203672462 4.353679728195201 7.540794489118818 8.707359456394034 7.540794489120191 4.353679728197015 -2.404110860915303e-12 -4.353679728204302 -7.54079448913341 -8.707359456412751 -7.540794489140009 -4.353679728212623 -4.959427184269429e-12 4.353679728204688 7.540794489142879 8.70735945643148 7.5407944891661 4.353679728241831 3.086061719147863e-11 -4.353679728191469 -7.54079448914605 -8.707359456450202 -7.540794489185867 -4.35367972824089 4.712388980385009 8.162097139054497 9.42477796076938 8.162097139053937 4.712388980387012 5.438043617112088e-12 -4.712388980377601 -8.162097139048504 -9.42477796076938 -8.162097139062212 -4.712388980401316 -2.1984250826682067e-11 4.712388980363311 8.162097139040261 9.42477796076938 8.162097139070417 4.712388980415541 3.837559667494046e-11 -4.712388980349073 -8.162097139032058 -9.42477796076938 -8.162097139069504 -4.712388980398144 4.353679728220514 7.540794489159423 8.707359456438471 7.540794489158988 4.353679728224651 1.2452305250446745e-11 -4.353679728201101 -7.5407944891396435 -8.707359456426532 -7.540794489160323 -4.353679728238914 -3.563897050218853e-11 4.3536797281776645 7.540794489120813 8.707359456414588 7.540794489155285 4.35367972823935 4.0048239440328103e-11 -4.35367972816801 -7.540794489108342 -8.707359456402644 -7.540794489139688 -4.353679728211503 3.3321622036368432 5.771474235758305 6.664324407271065 5.771474235758728 3.3321622036426013 1.5215886138374363e-11 -3.3321622036136165 -5.771474235734383 -6.664324407255261 -5.771474235757069 -3.33216220365553 -3.90381569377352e-11 3.332162203589091 5.771474235713541 6.6643244072394445 5.7714742357456865 3.332162203647408 3.4167546275921986e-11 -3.3321622035856113 -5.7714742357024 -6.664324407223659 -5.771474235724611 -3.332162203618319 1.8033531896734065 3.1234993485046725 3.6067063793449377 3.123499348505246 1.8033531896778197 1.1313244458602489e-11 -1.8033531896561599 -3.1234993484867553 -3.6067063793324947 -3.123499348502647 -1.8033531896857724 -2.7486044854724503e-11 1.803353189639182 3.1234993484717037 3.6067063793200353 3.1234993484921456 1.803353189676646 2.0387754869352296e-11 -1.8033531896392567 -3.123499348464571 -3.6067063793075684 -3.123499348475525 -1.8033531896565513 1.9137284480478412e-11 3.2487053772103826e-11 3.6734326232269086e-11 3.11604138396328e-11 1.7601227194065722e-11 1.3734541007386888e-22 -1.6818549502875987e-11 -2.846363758321205e-11 -3.212196893050247e-11 -2.7151496447976064e-11 -1.528249221672182e-11 -2.795640606705715e-22 1.4520741736306573e-11 2.4483717785605626e-11 2.7484498975550196e-11 2.3135329657677817e-11 1.2972128123565891e-11 1.5553931076087896e-22 -1.2202006758935417e-11 -2.0453052198311184e-11 -2.287214167378358e-11 -1.9119162867338388e-11 -1.0665949472559508e-11 -1.8033531896372597 -3.1234993484438136 -3.606706379277263 -3.1234993484499123 -1.8033531896498527 -1.746697349992982e-11 1.8033531896190358 3.1234993484304505 3.6067063792737977 3.1234993484584206 1.8033531896680877 4.0206741378972845e-11 -1.8033531896030297 -3.1234993484224773 -3.6067063792703182 -3.123499348453833 -1.8033531896579025 -2.418698581299861e-11 1.8033531896154242 3.123499348427624 3.606706379266853 3.123499348441347 1.8033531896374868 -3.3321622036072944 -5.771474235710908 -6.664324407222743 -5.77147423572612 -3.332162203636872 -3.7963022487881637e-11 3.3321622035707845 5.77147423568702 6.664324407220743 5.7714742357487765 3.3321622036781022 8.603588335333812e-11 -3.3321622035401517 -5.7714742356754645 -6.6643244072187535 -5.7714742357423185 -3.332162203656336 -4.820767310937263e-11 3.3321622035725285 5.771474235692995 6.664324407216753 5.771474235719742 3.3321622036164102 -4.353679728200467 -7.540794489129884 -8.707359456414286 -7.5407944891539085 -4.35367972824608 -5.70292872731977e-11 4.353679728147209 7.54079448909657 8.707359456413748 7.54079448918933 4.353679728307978 1.277626710322239e-10 -4.3536797281039705 -7.540794489082386 -8.707359456413203 -7.54079448918041 -4.353679728273874 -6.756470405468212e-11 4.353679728156745 7.540794489112513 8.707359456412664 7.540794489148283 4.3536797282169175
</DataArray>
        <DataArray type="Float64" Name="Mode_14_phi2" NumberOfComponents="1" format="ascii">
 0.0 4.6168096649322955e-15 4.6168096649322955e-15 0.0 4.808941839065789 8.885765876303301 11.60981260854744 12.566370614359172 11.609812608578908 8.88576587636607 4.808941839152537 9.858265416427094e-11 -4.808941838970379 -8.885765876226658 -11.609812608503463 -12.566370614359172 -11.609812608612518 -8.885765876408772 -4.808941839182998 -1.0413687974965567e-10 4.808941838990588 8.8857658762615 11.609812608532819 12.566370614359172 11.609812608572673 8.885765876335148 4.808941839086803 3.998274454271271e-15 2.3084048324742048e-15 1.3164075622078202e-26 -2.3084048324487746e-15 -3.9982744542553305e-15 -4.6168096649322955e-15 -3.998274454289506e-15 -2.3084048325079684e-15 -5.535008160820598e-26 2.3084048324121064e-15 3.998274454234163e-15 4.6168096649322955e-15 3.99827445430396e-15 2.3084048325213637e-15 5.73845201576027e-26 -2.3084048324219747e-15 -3.998274454246571e-15 -4.6168096649322955e-15 -3.9982744542848315e-15 -2.3084048324882354e-15 -1.913514850979816e-26 2.3084048324550993e-15 3.9982744542657e-15 4.808941839093753 8.885765876345786 11.609812608580334 12.566370614359172 11.609812608560341 8.885765876345797 4.808941839144365 1.095662182707324e-10 -4.808941838941934 -8.885765876190863 -11.609812608476496 -12.566370614359172 -11.609812608644186 -8.885765876461978 -4.808941839245564 -1.6431334115203087e-10 4.808941838941933 8.885765876229597 11.609812608518421 12.566370614359172 11.609812608581306 8.885765876345781 4.8089418390937535 0.0 0.0 -0.0 -0.0 -0.0 -0.0 -0.0 -0.0 -0.0 0.0 0.0 0.0 0.0 0.0 0.0 -0.0 -0.0 -0.0 -0.0 -0.0 -0.0 0.0 0.0 4.164665797948921 2.4044709195170135 -2.955746600916549e-11 -2.4044709195692664 -4.164665797982397 -4.808941839072784 -4.164665797925638 -2.4044709194697886 8.799434528748951e-11 2.404470919623357 4.164665798017661 4.808941839079772 4.164665797915574 2.4044709194680656 -6.781661529496686e-11 -2.404470919586695 -4.164665797987435 -4.808941839086761 -4.164665797971024 -2.404470919557115 -2.9721059449592605e-11 2.404470919527826 4.1646657979708746 7.695298980952588 4.442882938123963 -5.114055870387921e-11 -4.442882938213903 -7.695298981009424 -8.885765876313926 -7.695298980911453 -4.4428829380424615 1.5088829740829366e-10 4.442882938305571 7.695298981068473 8.885765876324541 7.695298980893383 4.442882938039659 -1.1504108438287013e-10 -4.442882938240741 -7.695298981014576 -8.885765876335162 -7.695298980988279 -4.442882938193394 -5.4112358179654335e-11 4.4428829381385935 7.695298980985403 10.05439265216986 5.804906304239315 -6.228126259870271e-11 -5.804906304347778 -10.054392652236157 -11.609812608555906 -10.05439265211651 -5.804906304139138 1.8184266906363692e-10 5.804906304455511 10.054392652303253 11.609812608564372 10.05439265209149 5.804906304134781 -1.3693429452844125e-10 -5.80490630437337 -10.054392652233322 -11.609812608572838 -10.054392652203505 -5.80490630432035 -6.969066780805189e-11 5.80490630424742 10.054392652194993 10.882796185394971 6.283185307143713 -6.248788254204516e-11 -6.283185307250772 -10.882796185456208 -12.566370614359172 -10.88279618533479 -6.2831853070404415 1.8030654146822174e-10 6.283185307352722 10.882796185515067 12.566370614359172 10.882796185303281 6.283185307033358 -1.337294017566587e-10 -6.283185307264965 -10.882796185437028 -12.566370614359172 -10.88279618540874 -6.283185307215986 -7.433883970750238e-11 6.283185307135034 10.88279618539245 10.054392652195263 5.804906304256458 -5.31916004074727e-11 -5.8049063043447084 -10.054392652238272 -11.60981260856379 -10.054392652131641 -5.80490630416252 1.5128944266210974e-10 5.8049063044220155 10.054392652274174 11.609812608548665 10.05439265209272 5.804906304150405 -1.1013448507239417e-10 -5.804906304338689 -10.054392652194162 -11.609812608533545 -10.054392652169762 -5.804906304298989 -6.766959714467681e-11 5.804906304221248 10.054392652144305 7.695298981002858 4.442882938156065 -3.7240517453013864e-11 -4.442882938213614 -7.69529898101907 -8.88576587633195 -7.695298980938524 -4.4428829380797845 1.040799824841917e-10 4.442882938254392 7.69529898102291 8.885765876297832 7.6952989808917165 4.4428829380607855 -7.405717283282569e-11 -4.442882938183382 -7.69529898094608 -8.885765876263703 -7.695298980925597 -4.442882938153582 -5.0987068563542154e-11 4.442882938089991 7.695298980891829 4.164665798017363 2.404470919557085 -1.8268688735829022e-11 -2.404470919579158 -4.164665798004407 -4.808941839099891 -4.1646657979550366 -2.404470919502442 4.9997764649674384e-11 2.404470919580271 4.164665797974627 4.808941839047234 4.164665797901464 2.4044709194758966 -3.4535437649502605e-11 -2.4044709195269274 -4.164665797905603 -4.808941838994588 -4.164665797887186 -2.4044709195038045 -2.717542522451171e-11 2.4044709194635208 4.164665797848482 7.588320372575568e-11 3.833383940864322e-11 -2.23941913396259e-22 -2.7379142030452964e-11 -3.7935018843555655e-11 -3.285446989299788e-11 -1.89705922668961e-11 -5.475327862674661e-12 -8.737527912078958e-26 -5.482159810687262e-12 -1.8977592615510078e-11 -3.2873714378275184e-11 -3.795651798871321e-11 -2.7383183682908903e-11 3.9612611748869243e-22 3.8340671356901874e-11 7.589503700667064e-11 9.860747923914507e-11 9.485946358314237e-11 6.025006611411728e-11 7.31116221023294e-22 -7.12075537865947e-11 -1.3281248139761973e-10 -4.164665797877787 -2.404470919488465 1.4503627378385822e-11 2.4044709195240315 4.164665797930938 4.808941839039173 4.16466579792483 2.4044709195020184 -3.733366150320701e-11 -2.404470919578138 -4.164665798001889 -4.808941839107966 -4.164665797979138 -2.4044709195378515 2.3426050707901602e-11 2.404470919589918 4.164665798042289 4.8089418391767556 4.164665798064002 2.404470919616045 2.631264315652183e-11 -2.4044709195956475 -4.164665798094064 -7.695298980897926 -4.44288293811003 2.3324691910684315e-11 4.442882938158141 7.695298980953003 8.885765876285486 7.695298980929619 4.442882938107829 -5.727955970565745e-11 -4.442882938216847 -7.695298981020862 -8.885765876344308 -7.695298980973323 -4.442882938141461 3.304958484728081e-11 4.442882938208507 7.69529898104036 8.88576587640315 7.695298981065414 4.442882938242131 4.78302103670268e-11 -4.4428829381927555 -7.695298981080261 -10.054392652141852 -5.804906304243143 2.5940659107131045e-11 5.804906304290919 10.0543926521849 11.609812608538647 10.054392652152218 5.8049063042284335 -5.954727077758645e-11 -5.804906304337469 -10.054392652232083 -11.609812608573819 -10.054392652176503 -5.804906304253568 2.979692621544902e-11 5.804906304311023 10.054392652226614 11.609812608609005 10.054392652253453 5.804906304351639 6.14826461358165e-11 -5.8049063042797275 -10.05439265224713 -10.882796185401698 -6.283185307166833 2.316425794809664e-11 6.2831853072033725 10.882796185421089 12.566370614359172 10.88279618538544 6.283185307141624 -4.791263387341092e-11 -6.28318530722462 -10.882796185433346 -12.566370614359172 -10.882796185382281 -6.283185307151968 1.7742427576480474e-11 6.283185307182727 10.88279618540004 12.566370614359172 10.882796185424734 6.283185307225478 6.543221871098755e-11 -6.2831853071408155 -10.882796185394113 -10.05439265222786 -5.804906304291479 1.686388639721258e-11 5.804906304311428 10.054392652221305 11.609812608578514 10.054392652188453 5.804906304260208 -2.8973421206102317e-11 -5.804906304304746 -10.054392652197807 -11.609812608544507 -10.054392652159363 -5.804906304254761 3.007428344609279e-12 5.804906304254323 10.054392652142758 11.6098126085105 10.054392652161841 5.804906304293055 5.942032913198643e-11 -5.804906304208772 -10.054392652112284 -7.695298981041671 -4.4428829381903805 9.424650659864909e-12 4.442882938194664 7.6952989810165136 8.885765876354284 7.6952989809907475 4.442882938159116 -1.0487029072631106e-11 -4.44288293816819 -7.695298980969777 -8.885765876299821 -7.695298980946359 -4.442882938142253 -7.934326702466729e-12 4.442882938119406 7.695298980906954 8.885765876245333 7.695298980918054 4.442882938147723 4.468913645935415e-11 -4.442882938078117 -7.695298980862429 -4.164665798045222 -2.4044709195798992 3.220189103037433e-12 2.4044709195737046 4.164665798011834 4.8089418391227365 4.164665797993101 2.404470919551314 6.586479361981427e-13 -2.4044709195401253 -4.164665797957654 -4.808941839062476 -4.164665797943783 -2.404470919527637 -9.850855738935296e-12 2.404470919500548 4.16466579789913 4.808941839002205 4.164665797898795 2.404470919509977 2.3767008930884657e-11 -2.4044709194670193 -4.164665797850227 -8.247182328918349e-11 -4.315623828870797e-11 2.1485895367233577e-23 3.427193965058913e-11 5.161838310972996e-11 5.070831494976024e-11 3.6191663020033155e-11 1.6441955888801566e-11 3.48823701101231e-23 -7.552076661021213e-12 -5.357554569997543e-12 2.7314110293288124e-12 1.0059499655016946e-11 1.02667459216342e-11 9.414907931939734e-23 -1.9167786328384666e-11 -4.089360810492366e-11 -5.6137653470836984e-11 -5.633965992431404e-11 -3.6969867142634414e-11 -4.021436127935526e-22 4.588764931778314e-11 8.717376837410028e-11 4.164665797893479 2.4044709195023524 5.448722540442198e-13 -2.4044709195058735 -4.164665797913081 -4.80894183902903 -4.164665797931065 -2.404470919530604 -1.332702228095592e-11 2.4044709195139244 4.164665797939921 4.808941839067471 4.164665797969925 2.404470919557944 2.093461549121288e-11 -2.4044709195280767 -4.164665797971186 -4.808941839105933 -4.164665798004382 -2.404470919579199 -2.2904226862294268e-11 2.4044709195523253 4.16466579801147 7.6952989809274275 4.4428829381375 4.47933666397557e-12 -4.442882938129475 -7.695298980931103 -8.885765876282573 -7.695298980957461 -4.442882938171634 -3.632128585132249e-11 4.442882938112235 7.695298980933311 8.885765876303637 7.695298980988515 4.442882938198719 4.89498068340426e-11 -4.442882938117451 -7.695298980951729 -8.885765876324724 -7.695298981003346 -4.4428829382033594 -4.153227826239578e-11 4.442882938145056 7.695298980986283 10.054392652169406 5.804906304274469 1.0402522280543875e-11 -5.804906304252367 -10.054392652157459 -11.609812608539691 -10.054392652195848 -5.804906304317719 -6.273781592331635e-11 5.80490630421021 10.054392652137075 11.609812608546585 10.05439265222179 5.804906304344815 7.733013051252083e-11 -5.804906304212008 -10.054392652148413 -11.609812608553456 -10.054392652216029 -5.804906304327936 -5.325400129293266e-11 5.804906304247919 10.054392652180141 10.882796185408424 6.283185307189954 1.6170527825045506e-11 -6.283185307155985 -10.88279618538596 -12.566370614359172 -10.882796185436092 -6.283185307242825 -8.445895136301268e-11 6.283185307096538 10.882796185351635 12.566370614359172 10.88279618546128 6.2831853072705774 9.822222424531052e-11 -6.283185307100451 -10.882796185363052 -12.566370614359172 -10.882796185440705 -6.28318530723495 -5.65255977144727e-11 6.283185307146614 10.882796185395776 10.054392652204736 5.804906304298908 1.9479294990645108e-11 -5.804906304259697 -10.054392652180274 -11.609812608574584 -10.054392652237038 -5.804906304357715 -9.331166549503973e-11 5.804906304196419 10.054392652144829 11.609812608576508 10.054392652265221 5.804906304386325 1.0411962838349473e-10 -5.804906304206291 -10.054392652162194 -11.609812608578412 -10.054392652240617 -5.804906304341788 -5.119168428989528e-11 5.804906304260064 10.054392652198569 7.695298980990909 4.442882938179438 1.838135095145975e-11 -4.442882938143404 -7.695298980969169 -8.8857658763378 -7.695298981020555 -4.442882938231952 -8.312170863017275e-11 4.442882938088431 7.695298980938962 8.885765876340482 7.695298981045675 4.442882938255972 8.995739482036675e-11 -4.442882938100659 -7.6952989809572685 -8.88576587634315 -7.695298981022274 -4.442882938212832 -3.8391204355875795e-11 4.442882938150161 7.695298980989524 4.16466579797342 2.4044709195509886 1.1832581728058131e-11 -2.404470919528143 -4.164665797959835 -4.808941839088535 -4.164665797991833 -2.404470919583271 -5.131933172059753e-11 2.4044709194946803 4.164665797941529 4.808941839090288 4.164665798007051 2.4044709195972653 5.422433553302946e-11 -2.404470919503638 -4.164665797953819 -4.80894183909204 -4.164665797991638 -2.4044709195688725 -2.0341507844295424e-11 2.4044709195347913 4.164665797973394
</DataArray>
        <DataArray type="Float64" Name="Mode_15_w" NumberOfComponents="1" format="ascii">
 0.0 -0.0 -1.7997117391942291e-31 0.0 0.0 0.0 0.0 0.0 0.0 0.0 -0.0 -0.0 -0.0 -0.0 -0.0 -0.0 0.0 0.0 0.0 0.0 0.0 0.0 -0.0 -0.0 -0.0 -0.0 -0.0 -1.8746081621270186e-16 -3.4638242249367376e-16 -4.525704449146793e-16 -4.898587196589413e-16 -4.525704449159059e-16 -3.463824224961206e-16 -1.874608162160834e-16 -3.842921256381599e-27 1.8746081620898258e-16 3.4638242249068605e-16 4.52570444912965e-16 4.898587196589413e-16 4.525704449172161e-16 3.463824224977852e-16 1.8746081621727085e-16 4.059434513665651e-27 -1.8746081620977038e-16 -3.4638242249204427e-16 -4.525704449141093e-16 -4.898587196589413e-16 -4.525704449156629e-16 -3.463824224949152e-16 -1.8746081621352097e-16 -1.83697019872797e-16 -3.18172571618273e-16 -3.6739403974420594e-16 -3.181725716169379e-16 -1.8369701987233383e-16 -1.6020542785693768e-27 1.836970198695601e-16 3.181725716153365e-16 3.6739403974420594e-16 3.181725716209416e-16 1.8369701987926873e-16 9.507973266755963e-27 -1.8369701986447565e-16 -3.1817257161346853e-16 -3.6739403974420594e-16 -3.181725716206747e-16 -1.8369701987695703e-16 -4.803749130666138e-27 1.836970198686358e-16 3.181725716158706e-16 3.6739403974420594e-16 3.1817257161827274e-16 1.8369701987279662e-16 0.0 0.0 0.0 0.0 0.0 0.0 0.0 0.0 -0.0 -0.0 -0.0 -0.0 -0.0 -0.0 -0.0 -0.0 0.0 0.0 0.0 0.0 0.0 0.0 0.0 0.19134171618295648 0.35355339059389157 0.46193976625602134 0.49999999999957057 0.4619397662538902 0.35355339058989277 0.19134171617757725 -6.101946555605242e-12 -0.19134171618894166 -0.35355339059885044 -0.4619397662592026 -0.5000000000004974 -0.46193976625320343 -0.35355339058914265 -0.19134171617798246 4.005118118965498e-12 0.1913417161854709 0.3535533905951335 0.46193976625691097 0.5000000000014245 0.46193976625795347 0.35355339059558344 0.1913417161839668 0.3314135740364046 0.6123724356970279 0.8001031451921332 0.8660254037839622 0.8001031451885869 0.6123724356904239 0.33141357402761606 -9.813541716166628e-12 -0.3314135740458532 -0.6123724357046793 -0.8001031451968341 -0.8660254037850246 -0.8001031451871127 -0.6123724356889731 -0.33141357402819965 6.324796753013232e-12 0.3314135740399823 0.6123724356982907 0.800103145192688 0.866025403786087 0.8001031451944246 0.6123724356990893 0.33141357403764493 0.3826834323663221 0.7071067811884366 0.9238795325128264 1.0 0.9238795325087611 0.7071067811809709 0.38268343235661423 -1.045995478412846e-11 -0.3826834323759425 -0.7071067811957645 -0.9238795325167672 -1.0 -0.9238795325061764 -0.7071067811786979 -0.38268343235691754 6.5918153016545e-12 0.3826834323690984 0.7071067811880214 0.9238795325112212 1.0 0.9238795325130092 0.707106781188754 0.3826834323665314 0.3314135740373064 0.6123724356984602 0.8001031451937546 0.8660254037855224 0.8001031451900017 0.6123724356917392 0.33141357402895916 -8.304400599892144e-12 -0.3314135740440959 -0.6123724357027132 -0.8001031451948493 -0.8660254037833459 -0.8001031451859679 -0.612372435688465 -0.3314135740284751 5.095639003855862e-12 0.3314135740376824 0.6123724356949025 0.8001031451883598 0.866025403781168 0.8001031451894632 0.6123724356949763 0.3314135740352564 0.19134171618478357 0.353553390596819 0.4619397662593238 0.5000000000026668 0.46193976625648553 0.35355339059196783 0.19134171617933163 -4.358230273130706e-12 -0.1913417161869224 -0.35355339059642055 -0.4619397662564665 -0.4999999999978247 -0.4619397662509704 -0.3535533905876781 -0.19134171617773102 2.5884735395123117e-12 0.1913417161820499 0.35355339058962576 0.4619397662495955 0.4999999999929842 0.46193976624943917 0.3535533905885239 0.19134171617986406 2.506064433628305e-12 4.028001789121335e-12 4.4742703216014516e-12 3.9898199259728775e-12 2.897955614422415e-12 1.6144556616146458e-12 5.472716427824751e-13 -4.527124022295264e-24 1.0565928748745895e-13 7.984624288887097e-13 1.8322193618759404e-12 2.8362753186324354e-12 3.4097649238159227e-12 3.212008556343834e-12 2.06462202386762e-12 -2.791854557812939e-23 -2.7180627909424945e-12 -5.626496739338614e-12 -8.13829876039674e-12 -9.660594206398348e-12 -9.714613467584219e-12 -8.039100811370929e-12 -4.677705309687661e-12 -0.19134171618035 -0.3535533905897011 -0.4619397662514622 -0.4999999999957562 -0.46193976625166666 -0.3535533905896237 -0.1913417161790821 3.486927243397489e-12 0.19134171618619297 0.35355339059702406 0.46193976625917516 0.5000000000027385 0.46193976625732613 0.3535533905939645 0.19134171618210674 -1.878818982219114e-12 -0.19134171618624748 -0.35355339059909124 -0.4619397662636016 -0.5000000000097196 -0.4619397662662413 -0.35355339060241464 -0.1913417161879417 -0.33141357403447863 -0.6123724356939446 -0.8001031451888917 -0.8660254037815336 -0.8001031451877999 -0.6123724356916915 -0.3314135740308297 5.285349182266445e-12 0.3314135740410407 0.6123724357008097 0.8001031451950656 0.8660254037861828 0.8001031451909404 0.6123724356941795 0.3314135740333095 -2.641938616055682e-12 -0.3314135740386359 -0.6123724356995602 -0.8001031451961822 -0.8660254037908315 -0.8001031451990902 -0.6123724357028942 -0.3314135740398543 -0.3826834323657659 -0.7071067811875916 -0.9238795325121524 -1.0 -0.9238795325099644 -0.707106781183686 -0.3826834323608036 5.2303602489341225e-12 0.38268343237046887 0.7071067811910834 0.9238795325139679 1.0 0.9238795325088816 0.7071067811830338 0.3826834323617146 -2.3409933849697006e-12 -0.3826834323660385 -0.7071067811863445 -0.9238795325106733 -1.0 -0.923879532512857 -0.7071067811885418 -0.38268343236639357 -0.3314135740384019 -0.6123724357003147 -0.8001031451961226 -0.8660254037882542 -0.8001031451931392 -0.6123724356953658 -0.3314135740331005 3.774285103313593e-12 0.3314135740395123 0.6123724356986237 0.8001031451919508 0.8660254037823696 0.8001031451869823 0.612372435690873 0.33141357403172367 -1.4127808668987214e-12 -0.33141357403377286 -0.6123724356907919 -0.8001031451839862 -0.8660254037764845 -0.8001031451845755 -0.612372435690826 -0.33141357403281246 -0.19134171618723694 -0.3535533906008776 -0.46193976626409977 -0.5000000000073977 -0.4619397662607161 -0.3535533905955349 -0.19134171618231502 1.7438770947473916e-12 0.19134171618445933 0.3535533905940196 0.4619397662542465 0.4999999999961353 0.46193976625001965 0.3535533905875158 0.19134171617855983 -4.621744027652221e-13 -0.1913417161783368 -0.35355339058418583 -0.46193976624257094 -0.4999999999848713 -0.46193976624112515 -0.35355339058154756 -0.19134171617576803 -5.615095796094861e-12 -9.128690746006739e-12 -1.0299198637990057e-11 -9.382961755071953e-12 -7.040715711294201e-12 -4.142077097210235e-12 -1.566312224264613e-12 6.095131467722277e-24 2.1796396794601953e-13 -8.464206625136712e-13 -2.7322713591679505e-12 -4.721311549766037e-12 -5.990754285841808e-12 -5.83240627429614e-12 -3.8311594950273336e-12 2.5594484851967735e-24 5.180867316023145e-12 1.0819647960054438e-11 1.5766203065886884e-11 1.8825584854604026e-11 1.9022224283027728e-11 1.5805633571908825e-11 9.228971105543822e-12 0.19134171617818302 0.35355339058613455 0.46193976624746924 0.4999999999922874 0.4619397662495141 0.3535533905892181 0.19134171618040838 -8.71907931196681e-13 -0.19134171618306098 -0.3535533905943012 -0.4619397662577256 -0.5000000000031737 -0.46193976625953154 -0.3535533905971296 -0.1913417161852313 -2.461478869410905e-13 0.1913417161858185 0.3535533906006312 0.4619397662668871 0.5000000000140592 0.46193976627062394 0.35355339060606783 0.19134171619009407 0.331413574033394 0.612372435692169 0.800103145187038 0.8660254037802595 0.8001031451877565 0.6123724356932836 0.3314135740340857 -7.544645006117711e-13 -0.33141357403600386 -0.6123724356962785 -0.8001031451921101 -0.8660254037857076 -0.8001031451929369 -0.6123724356977406 -0.3314135740373953 -1.040919520923332e-12 0.33141357403599564 0.6123724356981969 0.800103145195917 0.866025403791157 0.8001031451993512 0.6123724357030839 0.3314135740399733 0.3826834323652097 0.7071067811867463 0.9238795325114789 1.0 0.923879532511168 0.7071067811864009 0.38268343236499386 -7.657137397853899e-16 -0.38268343236499486 -0.7071067811864017 -0.923879532511168 -1.0 -0.9238795325115885 -0.7071067811873679 -0.38268343236650915 -1.9089403532953986e-12 0.3826834323629794 0.7071067811846683 0.9238795325101258 1.0 0.9238795325127054 0.7071067811883308 0.3826834323662541 0.33141357403754873 0.6123724356990827 0.8001031451951293 0.8660254037880744 0.8001031451942572 0.6123724356979615 0.3314135740369613 7.546766156623027e-13 -0.3314135740352063 -0.6123724356955591 -0.8001031451910623 -0.8660254037842944 -0.8001031451913475 -0.6123724356963612 -0.3314135740369151 -2.2662313446768158e-12 0.331413574032365 0.6123724356918183 0.8001031451869925 0.8660254037805161 0.8001031451884104 0.6123724356938647 0.33141357403453664 0.1913417161854726 0.35355339059825136 0.4619397662615963 0.500000000005824 0.4619397662605766 0.3535533905968694 0.19134171618469165 8.709201728616321e-13 -0.19134171618259452 -0.3535533905938359 -0.46193976625637795 -0.5000000000007259 -0.46193976625632593 -0.35355339059401836 -0.1913417161835996 -1.6641247339820312e-12 0.19134171618003815 0.35355339058986335 0.46193976625152056 0.4999999999956277 0.46193976625169764 0.3535533905901357 0.1913417161806985 2.9687500412318224e-12 5.116249054190465e-12 6.195641894835413e-12 6.178536481473815e-12 5.220804897382263e-12 3.625289255432179e-12 1.7600970542227932e-12 1.0634467358257605e-23 -1.3563063487538664e-12 -2.1330733826854096e-12 -2.299576184457928e-12 -1.965018058416421e-12 -1.3247391870072312e-12 -6.433696578964651e-13 -1.4561401474868678e-13 5.8629554893850495e-25 -2.574969083676025e-13 -8.475901408691095e-13 -1.5932072464577778e-12 -2.2538294351591738e-12 -2.5680442439208304e-12 -2.3372938656770754e-12 -1.4668296777261081e-12 -0.1913417161802373 -0.35355339058925206 -0.4619397662507527 -0.49999999999512096 -0.46193976625173466 -0.3535533905910438 -0.19134171618234272 -1.742889336383355e-12 0.19134171617933188 0.3535533905893577 0.46193976625192257 0.4999999999973255 0.4619397662544766 0.35355339059362795 0.19134171618414467 2.3715588452717805e-12 -0.19134171617997256 -0.35355339059105056 -0.46193976625418914 -0.4999999999995269 -0.46193976625611904 -0.3535533905941493 -0.19134171618321696 -0.33141357403425825 -0.6123724356934804 -0.8001031451885446 -0.8660254037818932 -0.8001031451897301 -0.6123724356959049 -0.33141357403762156 -3.774497218347398e-12 0.3314135740306894 0.6123724356907214 0.800103145187145 0.8660254037823311 0.800103145191582 0.6123724356982202 0.3314135740395378 4.723777657870022e-12 -0.33141357403085336 -0.6123724356916976 -0.8001031451882702 -0.866025403782768 -0.8001031451908892 -0.6123724356960819 -0.3314135740359246 -0.38268343236465335 -0.7071067811859013 -0.9238795325108052 -1.0 -0.9238795325123711 -0.707106781189116 -0.3826834323691829 -5.229272910664402e-12 0.38268343235952046 0.7071067811817207 0.9238795325083682 1.0 0.9238795325142937 0.7071067811917039 0.38268343237130376 6.161538626819598e-12 -0.3826834323599187 -0.7071067811829914 -0.9238795325095789 -1.0 -0.9238795325125525 -0.7071067811881184 -0.38268343236611785 -0.33141357403567473 -0.612372435696137 -0.8001031451921197 -0.8660254037859535 -0.800103145193809 -0.6123724356995284 -0.3314135740403601 -5.2847921122532346e-12 0.33141357403062166 0.6123724356921509 0.8001031451899486 0.86602540378622 0.8001031451959377 0.6123724357021916 0.3314135740423866 5.9483202965825405e-12 -0.3314135740314195 -0.6123724356938742 -0.8001031451915671 -0.8660254037864855 -0.8001031451942607 -0.612372435698619 -0.33141357403728394 -0.1913417161827025 -0.35355339059369734 -0.46193976625647404 -0.5000000000013106 -0.46193976625762534 -0.3535533905959785 -0.19134171618582543 -3.4861615296729022e-12 0.1913417161794044 0.35355339059112945 0.4619397662551159 0.5000000000015429 0.4619397662590506 0.35355339059770624 0.19134171618707552 3.789091603133215e-12 -0.191341716180096 -0.35355339059242985 -0.46193976625630817 -0.5000000000017751 -0.4619397662579146 -0.3535533905953191 -0.19134171618374682
</DataArray>
        <DataArray type="Float64" Name="Mode_15_phi1" NumberOfComponents="1" format="ascii">
 0.0 0.0 4.6168096649322955e-15 4.6168096649322955e-15 0.0 0.0 0.0 -0.0 -0.0 -0.0 -0.0 -0.0 -0.0 0.0 0.0 0.0 0.0 0.0 0.0 -0.0 -0.0 -0.0 -0.0 -0.0 -0.0 0.0 0.0 4.808941839065789 8.885765876303301 11.60981260854744 12.566370614359172 11.609812608578908 8.88576587636607 4.808941839152537 9.858265416427094e-11 -4.808941838970379 -8.885765876226658 -11.609812608503463 -12.566370614359172 -11.609812608612518 -8.885765876408772 -4.808941839182998 -1.0413687974965567e-10 4.808941838990588 8.8857658762615 11.609812608532819 12.566370614359172 11.609812608572673 8.885765876335148 4.808941839086803 3.998274454263855e-15 2.3084048324487147e-15 -2.894366581351411e-26 -2.308404832477774e-15 -3.9982744542672154e-15 -4.6168096649322955e-15 -3.998274454287339e-15 -2.308404832512629e-15 -7.043374609412381e-26 2.308404832390631e-15 3.998274454216901e-15 4.6168096649322955e-15 3.998274454324228e-15 2.308404832553287e-15 9.055981438599326e-26 -2.3084048323964396e-15 -3.998274454233673e-15 -4.6168096649322955e-15 -3.998274454294045e-15 -2.308404832501003e-15 -3.0185921370212375e-26 2.30840483244872e-15 3.998274454263857e-15 4.808941839093753 8.885765876345786 11.609812608580334 12.566370614359172 11.609812608560341 8.885765876345797 4.808941839144365 1.095662182707324e-10 -4.808941838941934 -8.885765876190863 -11.609812608476496 -12.566370614359172 -11.609812608644186 -8.885765876461978 -4.808941839245564 -1.6431334115203087e-10 4.808941838941933 8.885765876229597 11.609812608518421 12.566370614359172 11.609812608581306 8.885765876345781 4.8089418390937535 4.164665797978199 7.6952989809982 10.054392652210725 10.882796185408424 10.054392652158123 7.695298980901649 4.164665797853395 -1.3281248139776356e-10 -4.164665798098175 -7.695298981087112 -10.05439265225511 -10.882796185401698 -10.054392652118318 -7.695298980866304 -4.164665797851921 8.717376837412739e-11 4.164665798012336 7.695298980987188 10.05439265218037 10.882796185394973 10.054392652196855 7.695298980987466 4.164665797971878 2.404470919553 4.442882938182543 5.804906304301492 6.283185307189957 5.804906304268639 4.4428829381237245 2.404470919480386 -7.1199182902658e-11 -2.404470919609752 -4.442882938216252 -5.804906304307116 -6.283185307166833 -5.804906304229459 -4.442882938091403 -2.4044709194728227 4.5887649317867404e-11 2.4044709195553584 4.442882938148101 5.804906304248552 6.28318530714371 5.804906304254027 4.442882938142994 2.404470919529549 1.1832581728064498e-11 1.838135095146802e-11 1.947929499065087e-11 1.6170527825045506e-11 1.0389632799265099e-11 4.479336663962771e-12 5.448722540395113e-13 3.647489817876598e-23 3.2201891030764666e-12 9.42465065991903e-12 1.686388639725773e-11 2.316425794809664e-11 2.59406591070695e-11 2.3324691910584604e-11 1.4503627378287171e-11 -2.822923485972147e-22 -1.826868873582499e-11 -3.724051745295622e-11 -5.3191600407406497e-11 -6.248788254204516e-11 -6.22812625988513e-11 -5.114055870408553e-11 -2.955746600931055e-11 -2.40447091952871 -4.442882938144278 -5.804906304260554 -6.283185307155999 -5.804906304247936 -4.442882938117873 -2.4044709194862937 6.025006611372377e-11 2.4044709196021548 4.442882938219823 5.804906304326869 6.2831853072033725 5.804906304277043 4.442882938138796 2.4044709195069607 -3.6969867142615925e-11 -2.404470919579803 -4.442882938207832 -5.804906304338159 -6.283185307250772 -5.8049063043607685 -4.442882938230714 -2.404470919580339 -4.164665797959559 -7.69529898096879 -10.054392652180248 -10.88279618538596 -10.05439265215093 -7.695298980912873 -4.164665797881215 9.485946358302721e-11 4.164665798059869 7.695298981059454 10.054392652247879 10.882796185421089 10.054392652160704 7.695298980918859 4.164665797900146 -5.633965992434469e-11 -4.164665798007591 -7.695298981010917 -10.054392652228149 -10.882796185456208 -10.054392652257157 -7.695298981036624 -4.1646657980003345 -4.8089418390867635 -8.885765876335162 -11.609812608572838 -12.566370614359172 -11.609812608533545 -8.885765876263703 -4.808941838994588 9.859631805995143e-11 4.8089418391767556 8.88576587640315 11.609812608609005 12.566370614359172 11.6098126085105 8.885765876245333 4.808941839002205 -5.6137653470836984e-11 -4.808941839105903 -8.885765876324724 -11.609812608553456 -12.566370614359172 -11.609812608578412 -8.885765876343134 -4.80894183909204 -4.164665797989037 -7.69529898101634 -10.054392652234027 -10.882796185436098 -10.054392652191712 -7.695298980943011 -4.164665797903279 7.589503700661628e-11 4.164665798038681 7.69529898103244 10.054392652214684 10.88279618538544 10.054392652127676 7.6952989808942105 4.164665797891582 -4.0893608104843025e-11 -4.164665797962325 -7.695298980934151 -10.054392652123884 -10.88279618533479 -10.054392652134513 -7.695298980934842 -4.16466579794104 -2.4044709195809344 -4.442882938228407 -5.8049063043551135 -6.283185307242816 -5.80490630431602 -4.442882938164371 -2.40447091951574 3.8346251946305803e-11 2.404470919576911 4.4428829381828185 5.804906304275254 6.283185307141624 5.804906304214164 4.442882938087027 2.4044709194821037 -1.9167786328230348e-11 -2.4044709195078404 -4.44288293807834 -5.8049063041587265 -6.2831853070404415 -5.804906304148665 -4.442882938054841 -2.4044709194779545 -5.131933172053206e-11 -8.311381648459199e-11 -9.331166549498387e-11 -8.445895136301268e-11 -6.273781592330539e-11 -3.632128585127203e-11 -1.333129347924316e-11 9.545844914529831e-23 6.586479362049579e-13 -1.0471244781698404e-11 -2.8973421206176938e-11 -4.791263387341092e-11 -5.954727077743907e-11 -5.727166755989075e-11 -3.733366150288699e-11 2.6712978989900113e-22 4.9993493451447804e-11 1.040799824841834e-10 1.512688194919974e-10 1.8030654146822174e-10 1.8184266906390815e-10 1.508882974086768e-10 8.799434528776174e-11 2.4044709194908864 4.44288293808268 5.80490630419208 6.283185307096538 5.804906304209884 4.442882938107149 2.4044709195014473 -2.7383183683205024e-11 -2.404470919564311 -4.442882938191168 -5.804906304319603 -6.28318530722462 -5.804906304322991 -4.442882938195328 -2.404470919556816 1.0250004152969954e-11 2.4044709195880327 4.4428829382551225 5.804906304419595 6.283185307352713 5.804906304463306 4.442882938315745 2.404470919630069 4.1646657979336865 7.695298980927077 10.054392652135821 10.882796185351635 10.054392652137697 7.695298980926379 4.164665797920354 -3.795651798888664e-11 -4.164665797998291 -7.695298981008954 -10.054392652223365 -10.882796185433346 -10.054392652206866 -7.695298980982952 -4.164665797963716 1.0059499655065424e-11 4.164665797990118 7.6952989810260615 10.054392652271163 10.882796185515067 10.054392652315258 7.695298981084195 4.164665798028028 4.808941839079772 8.885765876324541 11.609812608564372 12.566370614359172 11.609812608548665 8.885765876297832 4.808941839047234 -3.2873714378275184e-11 -4.808941839107966 -8.885765876344308 -11.609812608573819 -12.566370614359172 -11.609812608544507 -8.885765876299821 -4.808941839062476 2.7314110293288124e-12 4.808941839067471 8.885765876303637 11.609812608546576 12.566370614359172 11.609812608576508 8.885765876340482 4.808941839090288 4.164665797996684 7.695298981029955 10.054392652253224 10.882796185461263 10.054392652224788 7.69529898098535 4.164665797954434 -1.8977592615418655e-11 -4.164665797981956 -7.695298980984265 -10.05439265218458 -10.882796185382281 -10.054392652150943 -7.695298980934153 -4.1646657979385076 -5.357554569973073e-12 4.164665797921048 7.695298980898646 10.054392652092105 10.882796185303304 10.054392652100496 7.695298980905257 4.164665797923423 2.404470919590564 4.442882938245817 5.804906304378529 6.283185307270548 5.804906304347201 4.442882938197967 2.404470919550184 -5.4737889262244345e-12 -2.4044709195489644 -4.4428829381637795 -5.80490630426922 -6.283185307151968 -5.804906304238713 -4.442882938118478 -2.4044709195136753 -7.552076660939545e-12 2.4044709194883844 4.44288293806587 5.804906304150731 6.283185307033358 5.804906304139142 4.442882938045409 2.404470919471859 5.4224335532861714e-11 8.995739482013833e-11 1.0411962838333925e-10 9.8177579528536e-11 7.733013051256222e-11 4.894980683404638e-11 2.0934615491155734e-11 -3.079515050570727e-26 -9.8508557390198e-12 -7.934326702504519e-12 3.0074283446167196e-12 1.7742427576480474e-11 2.979692621537228e-11 3.3049584847107145e-11 2.3438864302748436e-11 1.4457534370075153e-22 -3.4535437649698964e-11 -7.40571728329285e-11 -1.1013448507241343e-10 -1.337294017566587e-10 -1.369652292835703e-10 -1.1504108438299042e-10 -6.781661529505337e-11 -2.4044709194954725 -4.442882938088258 -5.804906304196768 -6.283185307100451 -5.804906304215802 -4.442882938118889 -2.4044709195226956 -5.47532786271876e-12 2.404470919520458 4.442882938140208 5.804906304268588 6.283185307182727 5.8049063042959705 4.442882938184832 2.4044709195643215 1.6441955888884284e-11 -2.404470919541795 -4.442882938190638 -5.804906304340388 -6.283185307264965 -5.804906304376011 -4.442882938244271 -2.404470919589036 -4.164665797938415 -7.69529898093387 -10.054392652144209 -10.882796185363052 -10.054392652156166 -7.695298980956102 -4.164665797963908 -1.895609346985673e-11 4.1646657979323916 7.695298980942352 10.054392652167278 10.88279618540004 10.05439265220038 7.695298980998665 4.164665797996723 3.622066061421264e-11 -4.164665797933386 -7.695298980960539 -10.054392652198285 -10.882796185437028 -10.054392652236332 -7.695298981018807 -4.1646657979902315 -4.808941839072781 -8.885765876313922 -11.609812608555906 -12.566370614359172 -11.60981260856379 -8.88576587633195 -4.808941839099891 -3.2848889303401066e-11 4.808941839039173 8.885765876285486 11.609812608538647 12.566370614359172 11.609812608578514 8.8857658763543 4.8089418391227365 5.070831494976024e-11 -4.80894183902903 -8.885765876282573 -11.609812608539691 -12.566370614359172 -11.609812608574584 -8.8857658763378 -4.808941839088535 -4.164665797973708 -7.695298980995073 -10.05439265221962 -10.882796185440705 -10.054392652226143 -7.6952989810115 -4.164665798001202 -3.7935018843535014e-11 4.164665797929588 7.695298980952197 10.054392652186058 10.882796185424711 10.054392652226882 7.695298981022476 4.1646657980159745 5.161838310979264e-11 -4.164665797919049 -7.6952989809438055 -10.054392652176288 -10.88279618540874 -10.054392652203525 -7.695298980988648 -4.164665797971318 -2.4044709195577743 -4.4428829381960355 -5.804906304328798 -6.283185307234989 -5.8049063043344935 -4.4428829382091415 -2.404470919578536 -2.7384722620063436e-11 2.404470919527048 4.4428829381670685 5.804906304306926 6.283185307225459 5.804906304336236 4.442882938217009 2.404470919587605 3.4271939650812965e-11 -2.404470919523385 -4.442882938165185 -5.804906304303421 -6.2831853072159465 -5.804906304319494 -4.442882938192509 -2.4044709195565575 -2.0341507844195597e-11 -3.839120435572092e-11 -5.121230745980443e-11 -5.65255977144727e-11 -5.327462446303033e-11 -4.153227826246007e-11 -2.290422686229932e-11 -3.1870025828269574e-22 2.3767008931046422e-11 4.4704920750532675e-11 5.94203291321274e-11 6.543221871098755e-11 6.146202296562046e-11 4.783021036675214e-11 2.6329727949655393e-11 4.303960775683249e-22 -2.7158340431294367e-11 -5.098706856368784e-11 -6.76489739747054e-11 -7.433883970750238e-11 -6.971129097806263e-11 -5.4128142470617726e-11 -2.972105944957674e-11 2.4044709195222778 4.442882938131131 5.804906304245348 6.283185307146614 5.804906304255794 4.442882938153022 2.4044709195540417 3.8342210292967995e-11 -2.4044709194826575 -4.442882938096744 -5.804906304222453 -6.2831853071408155 -5.804906304264094 -4.442882938166876 -2.404470919565795 -4.3156238288429823e-11 2.4044709194854677 4.442882938103761 5.8049063042270745 6.283185307135034 5.804906304244831 4.442882938135488 2.404470919525815 4.16466579795044 7.695298980954647 10.054392652171595 10.882796185395797 10.054392652195043 7.695298981001962 4.164665798016483 7.587837079337314e-11 -4.1646657978760935 -7.695298980894051 -10.054392652135805 -10.882796185394113 -10.05439265221988 -7.695298981034798 -4.164665798041112 -8.247182328909418e-11 4.164665797888565 7.695298980917587 10.054392652155611 10.882796185392428 10.054392652189007 7.695298980978138 4.164665797966116
</DataArray>
        <DataArray type="Float64" Name="Mode_15_phi2" NumberOfComponents="1" format="ascii">
 0.0 -4.6168096649322955e-15 4.6168096649322955e-15 -0.0 4.7123889803762715 8.162097139044484 9.42477796076938 8.162097139074456 4.712388980432633 6.97724756365809e-11 -4.712388980311794 -8.16209713900469 -9.42477796076938 -8.162097139117673 -4.712388980507477 -1.5491389502278703e-10 4.712388980260689 8.162097138988901 9.42477796076938 8.162097139106042 4.712388980463604 7.810381401465797e-11 -4.712388980328325 -8.162097139027948 -9.42477796076938 -8.162097139067 -4.712388980395969 -4.265375954932606e-15 -3.264577421526152e-15 -1.7667765691617327e-15 -1.5045203261325566e-26 1.7667765691338198e-15 3.2645774215030916e-15 4.265375954919405e-15 4.6168096649322955e-15 4.265375954947126e-15 3.264577421554311e-15 1.7667765692007379e-15 5.69164919802877e-26 -1.7667765691040103e-15 -3.2645774214874035e-15 -4.26537595491477e-15 -4.6168096649322955e-15 -4.26537595494405e-15 -3.2645774215415103e-15 -1.7667765691747005e-15 -1.913048256296806e-26 1.766776569139352e-15 3.2645774215144528e-15 4.265375954929409e-15 4.712388980402493 8.162097139074527 9.42477796076938 8.162097139040277 4.712388980390612 4.109757977328502e-11 -4.712388980319457 -8.162097138999197 -9.42477796076938 -8.162097139142984 -4.712388980568513 -2.439085211031088e-10 4.712388980189026 8.162097138951276 9.42477796076938 8.162097139136138 4.7123889805092105 1.2323082042182554e-10 -4.712388980295747 -8.162097139012898 -9.42477796076938 -8.16209713907452 -4.712388980402484 -0.0 -0.0 -0.0 0.0 0.0 0.0 0.0 0.0 0.0 0.0 0.0 0.0 -0.0 -0.0 -0.0 -0.0 -0.0 -0.0 -0.0 -0.0 0.0 0.0 0.0 4.353679728199611 3.3321622036041383 1.8033531896310024 -2.8887633497277823e-11 -1.8033531896852033 -3.332162203648006 -4.353679728227704 -4.7123889803850085 -4.353679728185702 -3.3321622035697565 -1.8033531895814499 8.523566470260756e-11 1.8033531897236603 3.332162203667429 4.353679728235577 4.712388980393747 4.35367972820871 3.332162203617144 1.8033531896564279 1.0665949472561873e-11 -1.8033531896384094 -3.332162203619083 -4.353679728221673 7.540794489128802 5.771474235706874 3.12349934843571 -4.67037502993345e-11 -3.123499348522943 -5.771474235776197 -7.540794489171243 -8.162097139054497 -7.540794489102756 -5.771474235648922 -3.123499348354908 1.3683089805954542e-10 3.12349934858265 5.771474235804028 7.540794489179801 8.162097139064509 7.540794489136512 5.771474235723292 3.123499348475412 1.9133661664418167e-11 -3.1234993484424423 -5.771474235722847 -7.540794489153768 8.707359456413482 6.664324407219746 3.6067063792710443 -5.008451695649624e-11 -3.6067063793635437 -6.664324407290107 -8.70735945645138 -9.42477796076938 -8.707359456375926 -6.664324407150682 -3.606706379181377 1.4553446479168304e-10 3.6067063794223553 6.66432440731153 8.707359456450195 9.42477796076938 8.707359456402644 6.664324407223659 3.6067063793075684 2.287214167378358e-11 -3.606706379266884 -6.664324407216753 -8.707359456412664 7.540794489153603 5.771474235724976 3.1234993484472255 -4.0043365392251743e-11 -3.1234993485191995 -5.771474235773799 -7.5407944891695236 -8.162097139053937 -7.540794489104883 -5.771474235655869 -3.123499348368698 1.1526393740755585e-10 3.123499348557363 5.7714742357756394 7.540794489149204 8.162097139033417 7.540794489107711 5.771474235700463 3.123499348462737 2.0474800393909143e-11 -3.1234993484242195 -5.771474235685251 -7.540794489100519 4.353679728246129 3.3321622036370373 1.8033531896498802 -2.119479073820784e-11 -1.803353189684644 -3.332162203650495 -4.353679728230376 -4.712388980387012 -4.3536797281884 -3.33216220357627 -1.8033531895956447 6.031135641549069e-11 1.8033531896908914 3.332162203626392 4.353679728187234 4.712388980341381 4.353679728158028 3.332162203575777 1.8033531896327346 1.2210377643278376e-11 -1.803353189606521 -3.332162203553888 -4.353679728129524 5.702155358443955e-11 3.796302248789291e-11 1.7466973499945138e-11 -1.5374686984196214e-22 -1.1313244458637394e-11 -1.5215886138406678e-11 -1.2452305250462046e-11 -5.438043617112088e-12 2.4041108609106694e-12 7.525331102146325e-12 7.152747764207036e-12 -3.067671875234122e-22 -1.3311281904442804e-11 -3.027246745211853e-11 -4.697722603945944e-11 -5.890057384455434e-11 -6.18452426837576e-11 -5.302848246516395e-11 -3.1770867329541945e-11 -2.4319710159667326e-22 3.792459637065759e-11 7.576674015096171e-11 1.0643382523970265e-10 -4.3536797281477195 -3.3321622035726093 -1.8033531896221833 1.734523027669545e-11 1.8033531896604869 3.3321622036198733 4.353679728206093 4.712388980377601 4.353679728196127 3.3321622035966616 1.8033531896186588 -4.7847109551531494e-11 -1.8033531897036847 -3.332162203672027 -4.353679728265503 -4.712388980443414 -4.353679728267141 -3.3321622036702427 -1.8033531896898456 -1.297212812366696e-11 1.8033531896727937 3.332162203685455 4.353679728313952 -7.540794489097826 -5.771474235691613 -3.123499348438609 2.67117214799873e-11 3.1234993484920857 5.771474235743823 7.540794489147639 8.162097139048504 7.540794489119636 5.7714742356888715 3.1234993484126283 -7.207927031457457e-11 -3.123499348535117 -5.771474235782336 -7.54079448918538 -8.162097139092321 -7.540794489176443 -5.771474235762622 -3.123499348501702 -2.313532965775147e-11 3.123499348464156 5.771474235762172 7.540794489207258 -8.707359456415654 -6.664324407227708 -3.606706379286382 2.69976177944775e-11 3.606706379336167 6.66432440726452 8.707359456435025 9.42477796076938 8.707359456397294 6.664324407194799 3.6067063792450718 -7.076572537357158e-11 -3.606706379360803 -6.664324407270665 -8.707359456431469 -9.42477796076938 -8.707359456414588 -6.664324407239462 -3.6067063793200353 -2.7484498975550196e-11 3.606706379270349 6.6643244072187535 8.707359456413203 -7.54079448919137 -5.771474235756247 -3.1234993484720257 2.0049524223372073e-11 3.12349934850367 5.771474235763675 7.540794489167036 8.162097139062212 7.540794489126991 5.77147423569375 3.1234993484220084 -5.049056146694202e-11 -3.1234993484988327 -5.771474235727572 -7.540794489112376 -8.162097139006743 -7.540794489089358 -5.771474235689117 -3.123499348458304 -2.4469218988422265e-11 3.1234993484086697 5.771474235649581 7.5407944890480945 -4.353679728309366 -3.332162203683256 -1.8033531896775041 9.652387517777642e-12 1.8033531896851234 3.3321622036585317 4.353679728242424 4.712388980401316 4.353679728205335 3.332162203597757 1.8033531896242896 -2.2918615822125e-11 -1.8033531896511137 -3.3321622035839975 -4.353679728142176 -4.712388980295185 -4.3536797281143365 -3.332162203540305 -1.8033531896126147 -1.4512370851696297e-11 1.8033531895761021 3.3321622034901135 4.353679728038184 -1.277626710322718e-10 -8.603588335349247e-11 -4.0206741379217806e-11 1.4496659745935187e-22 2.7486044854695804e-11 3.9038156937760705e-11 3.5638970502214255e-11 2.1959138173496404e-11 4.959427184261381e-12 -7.977326805549148e-12 -1.0666434523369696e-11 1.5756425849254977e-22 2.338713104839225e-11 5.496913411244854e-11 8.717200703464812e-11 1.1097887690700379e-10 1.1788248510759965e-10 1.0197277963750503e-10 6.15492206229251e-11 5.612208965188033e-22 -7.426030695034467e-11 -1.489645869437266e-10 -2.0999071826004455e-10 4.3536797281058295 3.3321622035469587 1.8033531896155706 -5.8017806957438075e-12 -1.803353189636045 -3.3321622035904617 -4.353679728180443 -4.71238898036329 -4.353679728197841 -3.33216220361512 -1.8033531896503112 1.0454368957884857e-11 1.803353189676224 3.332162203660997 4.3536797282726685 4.712388980465883 4.353679728298154 3.3321622037005607 1.8033531897099657 1.528249221692543e-11 -1.803353189691942 -3.3321622037218863 -4.353679728364764 7.540794489085987 5.771474235688673 3.123499348446925 -6.717880311126592e-12 -3.123499348464139 -5.771474235714498 -7.540794489124988 -8.162097139040274 -7.540794489131403 -5.771474235722591 -3.1234993484657236 7.305894373801463e-12 3.1234993484804443 5.771474235745127 7.540794489167659 8.162097139091633 7.540794489187026 5.771474235777145 3.1234993485133145 2.715149644806707e-11 -3.1234993484687057 -5.771474235767405 -7.540794489213186 8.707359456417825 6.664324407235675 3.6067063793017042 -3.910718632458763e-12 -3.6067063793087817 -6.664324407238931 -8.707359456418667 -9.42477796076938 -8.707359456418663 -6.664324407238923 -3.6067063793087817 -4.028126697725514e-12 3.606706379299212 6.6643244072298184 8.707359456412751 9.42477796076938 8.707359456426532 6.664324407255261 3.6067063793324947 3.212196893050247e-11 -3.6067063792737977 -6.664324407220743 -8.707359456413748 7.540794489184803 5.771474235758428 3.1234993484837 -5.5683054366080207e-14 -3.1234993484802493 -5.771474235743818 -7.540794489158176 -8.162097139070417 -7.540794489155387 -5.771474235741292 -3.1234993484831652 -1.4275565075035208e-11 3.123499348453422 5.771474235708529 7.540794489119812 8.162097139034815 7.540794489127944 5.7714742357261635 3.123499348482689 2.848538577879373e-11 -3.1234993484271554 -5.771474235681685 -7.540794489090545 4.353679728276637 3.332162203666467 1.8033531896767108 1.89001570284715e-12 -1.8033531896685413 -3.3321622036455145 -4.353679728240656 -4.712388980415541 -4.353679728235865 -3.33216220364015 -1.8033531896699264 -1.4465753886774572e-11 1.8033531896396628 3.332162203604434 4.353679728192943 4.712388980367506 4.35367972819382 3.3321622036096183 1.8033531896548511 1.6826920387266787e-11 -1.8033531896194148 -3.332162203573055 -4.353679728152229 6.754923667720503e-11 4.8219511327771977e-11 2.4186985813271897e-11 4.7120316757930594e-23 -2.038134807170198e-11 -3.416754627589421e-11 -4.004823944033674e-11 -3.8342113137359575e-11 -3.086061719143793e-11 -2.0103743005978625e-11 -8.977248442481845e-12 -8.135985434442875e-23 5.1716107008561e-12 6.063616172319066e-12 3.313217821994896e-12 -1.3693624335674983e-12 -5.858937049459369e-12 -7.988348879490016e-12 -6.219675333425228e-12 -7.758573914410726e-23 1.0025313074769841e-11 2.2028475712970308e-11 3.337540166378454e-11 -4.353679728159987 -3.3321622035843075 -1.803353189637375 -5.741668885120039e-12 1.8033531896286734 3.332162203582081 4.353679728168606 4.712388980349073 4.353679728185947 3.3321622036126533 1.8033531896649733 2.6934186193290758e-11 -1.8033531896204245 -3.3321622035871292 -4.353679728184028 -4.71238898036985 -4.353679728205934 -3.332162203626081 -1.8033531896676926 -1.7597041751757587e-11 1.803353189637346 3.332162203611557 4.353679728210123 -7.540794489118492 -5.771474235714826 -3.1234993484683624 -1.3275960857719863e-11 3.1234993484440583 5.771474235694888 7.5407944891087055 8.162097139032065 7.540794489136864 5.771474235746641 3.1234993485109737 5.743848397255449e-11 -3.1234993484126634 -5.771474235678867 -7.540794489105664 -8.162097139036167 -7.540794489140683 -5.771474235743265 -3.1234993484960882 -3.114591504245689e-11 3.123499348439187 5.771474235704857 7.54079448912421 -8.707359456419995 -6.664324407243639 -3.6067063793170346 -1.9174087808461167e-11 3.6067063792814045 6.664324407213342 8.707359456402314 9.42477796076938 8.707359456440035 6.664324407283041 3.6067063793724845 7.880523700023217e-11 -3.60670637923766 -6.664324407188952 -8.707359456394034 -9.42477796076938 -8.70735945643848 -6.664324407271065 -3.6067063793449377 -3.6734326232269086e-11 3.606706379277278 6.664324407222743 8.707359456414279 -7.540794489155008 -5.771474235744464 -3.1234993484874973 -1.9936345764952317e-11 3.123499348450724 5.7714742357142645 7.540794489138765 8.162097139069504 7.540794489177451 5.771474235785583 3.1234993485434583 7.902719282022358e-11 -3.1234993484088505 -5.7714742356927164 -7.540794489133563 -8.162097139072033 -7.540794489177075 -5.771474235772904 -3.1234993485131732 -3.247980437366006e-11 3.1234993484535254 5.771474235729938 7.540794489156202 -4.353679728221023 -3.332162203631513 -1.8033531896656945 -1.3438697086616741e-11 1.8033531896409782 3.33216220361153 4.3536797282106035 4.712388980398144 4.3536797282362505 3.332162203658769 1.8033531897023196 5.185849448036454e-11 -1.8033531896142296 -3.332162203598344 -4.3536797282080935 -4.712388980400318 -4.353679728235922 -3.3321622036496104 -1.8033531896808352 -1.9145655364958044e-11 1.8033531896457238 3.3321622036238963 4.353679728223425
</DataArray>
        <DataArray type="Float64" Name="Mode_16_w" NumberOfComponents="1" format="ascii">
 0.0 0.0 7.498798913309289e-32 0.0 0.0 0.0 0.0 0.0 0.0 0.0 0.0 0.0 0.0 0.0 0.0 0.0 0.0 0.0 0.0 0.0 0.0 0.0 0.0 0.0 0.0 0.0 0.0 7.45517735478646e-17 1.1829179713778714e-16 1.1314261122893707e-16 6.123233995794368e-17 -1.5984848349826343e-17 -8.659560562274797e-17 -1.214169776010744e-16 -1.0605752387329129e-16 -4.686520405495854e-17 3.169619151231905e-17 9.715776287665026e-17 1.2246467991473532e-16 9.715776287946802e-17 3.1696191516359684e-17 -4.6865204051505003e-17 -1.0605752387164501e-16 -1.2141697760144602e-16 -8.65956056244464e-17 -1.598484835176597e-17 6.123233995663525e-17 1.1314261122852723e-16 1.1829179713797646e-16 7.455177354815785e-17 7.992424175392022e-17 1.5848095757223297e-16 2.3432602026720157e-16 3.0616169978722377e-16 3.727588677398611e-16 4.3297802811727463e-16 4.857888143895162e-16 5.302876193615636e-16 5.657130561429565e-16 5.914589856885866e-16 6.070848880058142e-16 6.123233995736766e-16 6.070848880067431e-16 5.914589856901984e-16 5.657130561449993e-16 5.302876193637879e-16 4.857888143916827e-16 4.32978028119162e-16 3.7275886774127264e-16 3.06161699787994e-16 2.3432602026723963e-16 1.5848095757223278e-16 7.992424175392005e-17 0.0 0.0 0.0 0.0 -0.0 -0.0 -0.0 -0.0 -0.0 0.0 0.0 0.0 0.0 0.0 -0.0 -0.0 -0.0 -0.0 -0.0 0.0 0.0 0.0 0.0 0.07945931129907505 0.12607862007250914 0.1205904774482116 0.0652630961088094 -0.017037086857103645 -0.09229595564262748 -0.12940952255154056 -0.11303899832049637 -0.049950211249573 0.0337826644344843 0.1035533905955799 0.13052619222019396 0.10355339059133223 0.03378266442855397 -0.049950211254533 -0.11303899832292497 -0.12940952255141142 -0.09229595564105642 -0.0170370868554487 0.06526309610980321 0.12059047744876095 0.12607862007315832 0.07945931129953213 0.15755905175151666 0.24999999999997433 0.23911761839335013 0.1294095225490077 -0.03378266443428727 -0.18301270189474822 -0.2566048122930925 -0.22414386803959221 -0.09904576053624677 0.06698729811371187 0.20533495396732715 0.25881904510280374 0.20533495395953139 0.06698729810283606 -0.0990457605453391 -0.22414386804405578 -0.2566048122928938 -0.1830127018919353 -0.0337826644313285 0.129409522550783 0.23911761839437523 0.2500000000012468 0.15755905175242813 0.23296291314486312 0.36964381061436563 0.3535533905919337 0.19134171617946097 -0.049950211256461104 -0.2705980500765729 -0.3794095225519981 -0.3314135740323116 -0.14644660939986343 0.09904576054938129 0.3036031793467856 0.38268343236551555 0.3036031793361832 0.09904576053460523 -0.14644660941220494 -0.33141357403837535 -0.3794095225517691 -0.27059805007284315 -0.049950211252561244 0.19134171618177886 0.3535533905933198 0.36964381061618523 0.23296291314618758 0.30438071450467474 0.482962913144386 0.4619397662539114 0.2499999999962248 -0.06526309611499977 -0.3535533905973779 -0.495722430687706 -0.43301270188822555 -0.19134171617430576 0.12940952256092594 0.3966766701525461 0.5000000000004732 0.39667667013990887 0.12940952254333235 -0.1913417161890066 -0.4330127018954893 -0.4957224306875467 -0.3535533905931122 -0.06526309611053399 0.24999999999889774 0.46193976625564576 0.4829629131467919 0.3043807145064526 0.3705904774490269 0.5880183863279018 0.5624222244414532 0.3043807145001029 -0.07945931130446848 -0.43045933458138336 -0.6035533905940952 -0.5272028623611985 -0.23296291313540402 0.1575590517619523 0.4829629131521583 0.6087614290092188 0.48296291313824635 0.15755905174260837 -0.23296291315155362 -0.5272028623692068 -0.603553390594026 -0.4304593345768919 -0.07945931129978984 0.3043807145028874 0.5624222244433948 0.5880183863307755 0.37059047745118856 0.43045933457714053 0.6830127018918792 0.6532814824359797 0.3535533905887481 -0.09229595564705953 -0.5000000000046879 -0.7010573846507897 -0.6123724356910829 -0.27059805006355253 0.18301270190334173 0.5609855268048597 0.707106781187049 0.560985526790404 0.1830127018832803 -0.2705980500802696 -0.6123724356993834 -0.7010573846508102 -0.5000000000002448 -0.09229595564249624 0.35355339059140095 0.6532814824379648 0.6830127018950668 0.4304593345795854 0.4829629131447785 0.7663204807596286 0.7329629131422619 0.3966766701410298 -0.10355339059910051 -0.5609855268016011 -0.7865660924862716 -0.6870641468647252 -0.3036031793314414 0.20533495397413004 0.6294095225591216 0.7933533402917164 0.629409522544808 0.20533495395431822 -0.30360317934789954 -0.687064146872883 -0.7865660924863626 -0.5609855267974503 -0.10355339059495174 0.3966766701433196 0.7329629131441094 0.7663204807629497 0.4829629131473875 0.5272028623659145 0.8365163037374517 0.8001031451890486 0.4330127018877654 -0.1130389983274345 -0.6123724357002701 -0.8586164364019896 -0.7499999999954698 -0.3314135740265105 0.22414386805253245 0.6870641468769075 0.8660254037848747 0.6870641468633539 0.22414386803384595 -0.331413574041953 -0.7500000000030822 -0.8586164364021155 -0.612372435696608 -0.11303899832395685 0.4330127018894751 0.8001031451905722 0.8365163037407047 0.5272028623685531 0.5624222244437522 0.8923991008322469 0.8535533905912305 0.4619397662515022 -0.12059047745394776 -0.653281482442318 -0.9159756150374229 -0.8001031451871182 -0.35355339058498625 0.23911761840390466 0.7329629131512907 0.9238795325116516 0.7329629131390321 0.23911761838710388 -0.3535533905987556 -0.8001031451938199 -0.9159756150375333 -0.6532814824392925 -0.12059047745134896 0.46193976625244165 0.8535533905922399 0.8923991008352161 0.5624222244462699 0.5880183863284947 0.9330127018920907 0.8923991008307659 0.4829629131408624 -0.12607862007714626 -0.6830127018958829 -0.9576621969431581 -0.8365163037342019 -0.36964381060718854 0.25000000000827816 0.7663204807658117 0.965925826289336 0.7663204807552885 0.24999999999397976 -0.36964381061874646 -0.8365163037396831 -0.957662196943186 -0.68301270189359 -0.1260786200755801 0.48296291314086937 0.8923991008310747 0.933012701894552 0.5880183863307332 0.6035533905937035 0.9576621969426379 0.9159756150353874 0.49572243068383476 -0.12940952255517552 -0.7010573846530901 -0.9829629131450901 -0.8586164363983216 -0.3794095225453828 0.2566048122992982 0.7865660924901609 0.991444861373956 0.7865660924817011 0.25660481228796794 -0.37940952255431565 -0.8586164364023343 -0.982962913144958 -0.7010573846515659 -0.12940952255473567 0.49572243068278293 0.9159756150348176 0.957662196944366 0.6035533905955025 0.6087614290092903 0.9659258262894475 0.923879532510405 0.49999999999763395 -0.13052619222316417 -0.7071067811890546 -0.9914448613743263 -0.8660254037822586 -0.3826834323606864 0.25881904510751674 0.793353340294631 1.0 0.7933533402884464 0.25881904509945636 -0.3826834323667195 -0.8660254037846199 -0.9914448613739472 -0.7071067811882844 -0.13052619222388157 0.4999999999954347 0.9238795325087956 0.9659258262902212 0.608761429010487 0.6035533905939775 0.9576621969432191 0.9159756150363804 0.4957224306852889 -0.12940952255351892 -0.7010573846518486 -0.9829629131450185 -0.8586164363998944 -0.37940952254841614 0.2566048122957605 0.7865660924875802 0.9914448613736908 0.7865660924837785 0.2566048122911047 -0.37940952255145194 -0.8586164364005731 -0.9829629131444159 -0.7010573846518573 -0.12940952255538277 0.49572243068199967 0.9159756150337893 0.9576621969430589 0.6035533905945768 0.5880183863289467 0.9330127018931124 0.8923991008326139 0.48296291314365697 -0.12607862007391163 -0.6830127018934413 -0.9576621969430036 -0.8365163037372695 -0.3696438106131077 0.2500000000013981 0.766320480760834 0.9659258262889041 0.7663204807594193 0.2500000000001274 -0.369643810613225 -0.8365163037363925 -0.9576621969423126 -0.6830127018943046 -0.1260786200768787 0.4829629131394624 0.8923991008293146 0.9330127018922805 0.5880183863291144 0.5624222244442949 0.8923991008335703 0.8535533905937704 0.46193976625546385 -0.12059047744929684 -0.6532814824387865 -0.9159756150371874 -0.8001031451915303 -0.3535533905934949 0.23911761839405019 0.7329629131442235 0.9238795325111516 0.7329629131450788 0.2391176183959688 -0.3535533905909105 -0.8001031451892966 -0.9159756150365314 -0.6532814824405183 -0.120590477453253 0.46193976625058963 0.853553390590047 0.8923991008323311 0.5624222244441992 0.5272028623664718 0.8365163037389445 0.8001031451920991 0.4330127018926651 -0.11303899832161331 -0.6123724356958282 -0.8586164364016879 -0.7500000000010063 -0.3314135740371673 0.2241438680402386 0.6870641468681725 0.8660254037844026 0.6870641468710539 0.22414386804498765 -0.33141357403224175 -0.7499999999976715 -0.858616436401174 -0.6123724356983843 -0.11303899832638628 0.4330127018873676 0.80010314518824 0.8365163037375554 0.5272028623662716 0.48296291314528716 0.7663204807611684 0.7329629131456261 0.39667667014658886 -0.10355339059242741 -0.5609855267964934 -0.7865660924859312 -0.6870641468711 -0.3036031793436751 0.20533495396008275 0.6294095225492383 0.7933533402913627 0.6294095225538043 0.20533495396714105 -0.3036031793368913 -0.687064146866972 -0.7865660924856487 -0.5609855267997704 -0.10355339059779149 0.39667667014114405 0.7329629131419132 0.766320480759874 0.48296291314513107 0.43045933457755414 0.6830127018933583 0.653281482439454 0.3535533905946458 -0.09229595563991393 -0.4999999999992137 -0.7010573846504512 -0.6123724356979575 -0.27059805007667675 0.1830127018883544 0.5609855267944335 0.7071067811868949 0.5609855268002336 0.18301270189707405 -0.2705980500686263 -0.6123724356933945 -0.7010573846504659 -0.5000000000030537 -0.09229595564559939 0.35355339058934604 0.653281482436153 0.6830127018923782 0.43045933457757546 0.3705904774493159 0.5880183863292282 0.5624222244448311 0.3043807145059897 -0.07945931129728712 -0.43045933457589275 -0.6035533905938071 -0.527202862368187 -0.23296291314864 0.15755905174694707 0.48296291314186685 0.6087614290093332 0.48296291314836814 0.1575590517565533 -0.23296291314001372 -0.5272028623635755 -0.6035533905941637 -0.43045933458008756 -0.07945931130297736 0.30438071450113335 0.5624222244421855 0.5880183863287548 0.3705904774496259 0.304380714504828 0.48296291314549 0.46193976625699085 0.25000000000172484 -0.06526309610825841 -0.3535533905922561 -0.4957224306875269 -0.43301270189490737 -0.19134171618680215 0.12940952254690166 0.39667667014311 0.5000000000009126 0.3966766701497129 0.12940952255653168 -0.19134171617835397 -0.4330127018906552 -0.49572243068824157 -0.35355339059654955 -0.06526309611361374 0.24999999999760755 0.4619397662552145 0.4829629131456778 0.3043807145055102 0.23296291314488987 0.3696438106151992 0.3535533905945222 0.19134171618418822 -0.04995021125066131 -0.27059805007222365 -0.37940952255198224 -0.3314135740382295 -0.14644660941071516 0.09904576053738286 0.30360317933893577 0.38268343236629243 0.3036031793449798 0.09904576054610201 -0.14644660940324666 -0.33141357403473876 -0.3794095225530195 -0.27059805007630383 -0.04995021125531285 0.1913417161810754 0.3535533905937479 0.36964381061611185 0.23296291314596587 0.1575590517515029 0.2500000000005514 0.23911761839525153 0.12940952255253865 -0.033782664429923545 -0.1830127018914559 -0.25660481229305204 -0.2241438680440185 -0.09904576054439443 0.06698729810469085 0.20533495396141965 0.25881904510338105 0.2053349539661416 0.06698729811147547 -0.09904576053860928 -0.22414386804133296 -0.2566048122938501 -0.18301270189455085 -0.033782664433399674 0.1294095225502681 0.23911761839472773 0.25000000000122835 0.15755905175228657 0.07945931129904271 0.1260786200727922 0.12059047744923208 0.06526309611075062 -0.017037086854678776 -0.09229595564077872 -0.12940952255148838 -0.11303899832292762 -0.0499502112540828 0.03378266442947353 0.1035533905922845 0.13052619222049316 0.10355339059498365 0.0337826644333419 -0.04995021125079364 -0.1130389983214022 -0.12940952255192945 -0.09229595564249998 -0.017037086856596606 0.06526309610951447 0.12059047744895181 0.12607862007314474 0.07945931129945288
</DataArray>
        <DataArray type="Float64" Name="Mode_16_phi1" NumberOfComponents="1" format="ascii">
 0.0 -0.0 -1.92367069372179e-15 1.92367069372179e-15 0.0 0.0 0.0 0.0 0.0 0.0 0.0 0.0 0.0 0.0 0.0 0.0 -0.0 -0.0 -0.0 -0.0 -0.0 -0.0 -0.0 -0.0 -0.0 -0.0 -0.0 -1.912480433159408 -3.034545479780339 -2.9024531521437162 -1.5707963268096732 0.4100601265566938 2.2214414690586257 3.114715892926736 2.7206990463718643 1.2022354598121887 -0.8131040106519344 -2.4923930255239033 -3.141592653589793 -2.4923930255961877 -0.8131040107555889 1.202235459723595 2.7206990463296323 3.1147158929362697 2.2214414691021953 0.4100601266064512 -1.570796326776108 -2.9024531521332024 -3.034545479785196 -1.9124804331669307 -1.9072134242657246e-15 -1.8581232043407424e-15 -1.7772399812201963e-15 -1.6659476892780051e-15 -1.5261505704847521e-15 -1.3602405923019907e-15 -1.171056520455323e-15 -9.618353468657368e-16 -7.361569038203663e-16 -4.978826120495511e-16 -2.510894107475487e-16 -1.244590790223695e-26 2.510894107253803e-16 4.978826120306532e-16 7.361569038048727e-16 9.618353468536337e-16 1.1710565204464528e-15 1.3602405922960616e-15 1.5261505704813494e-15 1.665947689276608e-15 1.7772399812201466e-15 1.8581232043407424e-15 1.9072134242657246e-15 1.9124804331694145 3.0345454797868197 2.90245315213001 1.5707963267850102 -0.4100601265767343 -2.221441469067076 -3.114715892927217 -2.7206990463741514 -1.2022354598240401 0.8131040106315606 2.4923930255060287 3.141592653589793 2.4923930256171767 0.8131040107858732 -1.202235459697529 -2.7206990463170952 -3.114715892939133 -2.2214414691154905 -0.41006012662198965 1.5707963267652487 2.9024531521296053 3.034545479786818 1.9124804331694134 1.8961188979434171 3.0085845225395724 2.8776222630577593 1.557357946438122 -0.406552005390969 -2.202436729394912 -3.0880690666933406 -2.6974230888179687 -1.191950168683225 0.8061477932505471 2.471070257768183 3.1147158929312546 2.4710702576655437 0.8061477931081996 -1.1919501687997356 -2.6974230888703437 -3.088069066682276 -2.202436729350592 -0.406552005350006 1.5573579464553968 2.8776222630574795 3.0085845225395094 1.896118897943542 1.847314242670252 2.9311458499746093 2.803554459237465 1.5172727398662278 -0.3960876666303088 -2.1457476866036655 -3.00858452254196 -2.6279934744021105 -1.161270279811555 0.7853981634664858 2.4074667926987265 3.0345454797821496 2.4074667926060447 0.7853981633381371 -1.161270279916308 -2.62799347444886 -3.0085845225316405 -2.145747686563847 -0.3960876665941458 1.517272739880595 2.8035544592360817 2.931145849973958 1.847314242670143 1.7669015285328347 2.8035544592495363 2.6815170613275057 1.451226576047646 -0.37884615807753313 -2.052344305981145 -2.8776222630726833 -2.5135981630215953 -1.110720734487015 0.7512101533523516 2.302670903330469 2.902453152138877 2.302670903248782 0.7512101532394521 -1.1107207345787757 -2.513598163062022 -2.8776222630629857 -2.052344305946043 -0.37884615804648764 1.451226576058803 2.6815170613246653 2.803554459247826 1.766901528532127 1.6562566393648444 2.627993474434923 2.51359816304148 1.3603495231568232 -0.3551224867243625 -1.9238247452663266 -2.69742308885484 -2.3561944901706005 -1.041166449444987 0.7041687292401374 2.1584756763856583 2.7206990463504686 2.158475676315536 0.7041687291435181 -1.041166449523017 -2.3561944902042025 -2.6974230888454973 -1.9238247452358612 -0.3551224866985003 1.3603495231645282 2.5135981630366984 2.627993474431494 1.6562566393630662 1.5172727398964347 2.4074667926555375 2.3026709032848487 1.2461965127644894 -0.32532257116515606 -1.7623880097754125 -2.4710702577198753 -2.158475676332017 -0.953797517786476 0.645078782938898 1.9773483321758583 2.4923930255586666 1.9773483321174694 0.6450787828587663 -0.9537975178505255 -2.158475676358558 -2.4710702577106534 -1.7623880097493738 -0.32532257114435303 1.2461965127686778 2.302670903277806 2.407466792649886 1.5172727398932113 1.3523278831811236 2.1457476865781553 2.052344305952093 1.1107207345275891 -0.2899562962173064 -1.5707963268114171 -2.2024367293653695 -1.923824745228549 -0.8501088461552624 0.5749513598128325 1.7623880097785996 2.221441469077608 1.7623880097316813 0.5749513597488266 -0.8501088462056048 -1.9238247452480597 -2.2024367293560374 -1.570796326789416 -0.28995629620123853 1.1107207345283427 2.0523443059425692 2.1457476865698597 1.3523278831761112 1.1642443214486582 1.8473142426699893 1.7669015285271907 0.9562402165726765 -0.24962878865062102 -1.3523278831891525 -1.8961188979407575 -1.6562566393488514 -0.7318745764707498 0.4949863595147663 1.5172727399084511 1.9124804331606509 1.5172727398723647 0.4949863594659746 -0.7318745765081335 -1.656256639361604 -1.8961188979310866 -1.3523278831706809 -0.24962878863879676 0.9562402165702156 1.766901528515054 1.8473142426587206 1.164244321441586 0.9562402165868884 1.5172727398976735 1.4512265760715366 0.7853981633920043 -0.20503006330052362 -1.110720734549945 -1.557357946469068 -1.360349523168359 -0.6011177298678742 0.4065520053704087 1.2461965127917867 1.570796326792524 1.246196512765531 0.40655200533542424 -0.601117729893464 -1.3603495231748637 -1.5573579464588465 -1.110720734534358 -0.20503006329228998 0.7853981633866731 1.4512265760567724 1.5172727398832118 0.9562402165775579 0.7318745764996228 1.1612702798784138 1.110720734543245 0.6011177298818141 -0.15692321672290735 -0.8501088461932002 -1.191950168752258 -1.0411664494858246 -0.4600755922445651 0.31116143369791727 0.9537975178311702 1.202235459765926 0.953797517813442 0.31116143367489574 -0.46007559225991296 -1.041166449486791 -1.1919501687413032 -0.8501088461797651 -0.15692321671748022 0.6011177298740811 1.1107207345259447 1.1612702798606533 0.7318745764879067 0.4949863594946469 0.7853981634056438 0.7512101532968875 0.40655200535161395 -0.10613137040049016 -0.5749513597839947 -0.8061477931772343 -0.704168729186184 -0.3111614336797493 0.2104468036259499 0.6450787828987554 0.8131040107000652 0.6450787828879997 0.210446803612675 -0.31116143368673205 -0.7041687291825092 -0.8061477931653956 -0.5749513597719133 -0.10613137039698582 0.40655200534204977 0.7512101532772546 0.7853981633846058 0.49498635948050956 0.24962878864271998 0.3960876666036265 0.378846158052723 0.20503006329189513 -0.05352358690603715 -0.28995629620287394 -0.4065520053547108 -0.3551224866971462 -0.15692321671322512 0.10613137039847541 0.32532257114229013 0.41006012657608837 0.3253225711367477 0.10613137039245603 -0.15692321671396225 -0.3551224866898852 -0.4065520053418885 -0.28995629619131563 -0.05352358690350219 0.2050300632811574 0.37884615803106997 0.3960876665794612 0.2496287886262173 7.015433601342153e-12 9.793933524837903e-12 8.088971694730539e-12 3.684680464813568e-12 -7.812481698797264e-13 -3.2531797448180062e-12 -3.1871105237616703e-12 -1.5847642919510527e-12 -1.711885001084725e-13 -2.4332535543224824e-13 -1.8427440591297255e-12 -3.708109420013406e-12 -4.0403845075053405e-12 -1.6766749590761187e-12 3.0089856310976693e-12 8.009210557079298e-12 1.0541957401109387e-11 8.497731636467101e-12 1.749441079049341e-12 -7.39278988477691e-12 -1.4940020015559863e-11 -1.6957450835847753e-11 -1.1530566236227372e-11 -0.24962878862979376 -0.39608766658562095 -0.3788461580380239 -0.20503006328558568 0.053523586903878415 0.28995629619616814 0.4065520053485094 0.3551224866946004 0.1569232167140353 -0.10613137039736775 -0.32532257114432217 -0.4100601265824169 -0.3253225711447241 -0.10613137039673048 0.15692321671814927 0.3551224867035043 0.40655200536060226 0.2899562962067344 0.05352358690692402 -0.20503006329418286 -0.3788461580576513 -0.3960876666096043 -0.24962878864671395 -0.4949863594829032 -0.7853981633894924 -0.751210153284302 -0.4065520053474658 0.10613137039637101 0.5749513597760038 0.8061477931710664 0.7041687291854879 0.3111614336841655 -0.21044680362037113 -0.6450787828970453 -0.8131040107051298 -0.645078782897611 -0.21044680362044815 0.3111614336868074 0.7041687291924243 0.8061477931814683 0.5749513597861302 0.10613137040089278 -0.4065520053527956 -0.751210153299945 -0.7853981634101943 -0.4949863594978808 -0.731874576488971 -1.1612702798641423 -1.1107207345331942 -0.6011177298807918 0.15692321671551648 0.8501088461828362 1.1919501687459462 1.0411664494881405 0.46007559225492645 -0.3111614336851566 -0.9537975178238315 -1.202235459769717 -0.9537975178265008 -0.311161433688668 0.4600755922538154 1.041166449492027 1.1919501687548144 0.8501088461934112 0.1569232167224563 -0.6011177298822932 -1.1107207345446581 -1.1612702798814738 -0.73187457650198 -0.9562402165771876 -1.5172727398852328 -1.4512265760643446 -0.7853981633949595 0.20503006328866655 1.110720734536203 1.5573579464624439 1.360349523174749 0.6011177298863207 -0.4065520053480068 -1.2461965127771442 -1.5707963267950928 -1.2461965127837291 -0.4065520053575084 0.6011177298793535 1.3603495231746339 1.557357946470004 1.110720734548109 0.2050300632988893 -0.7853981633922058 -1.4512265760715946 -1.5172727398992651 -0.9562402165882996 -1.164244321439726 -1.8473142426592506 -1.7669015285230745 -0.9562402165803231 0.2496287886332576 1.3523278831711436 1.8961188979336645 1.6562566393602336 0.7318745764991391 -0.49498635948060515 -1.5172727398850818 -1.9124804331620986 -1.5172727398972468 -0.4949863594983747 0.7318745764844582 1.6562566393553284 1.896118897940205 1.3523278831852246 0.24962878864751975 -0.9562402165730256 -1.766901528526239 -1.847314242670205 -1.1642443214491076 -1.3523278831727492 -2.145747686568927 -2.0523443059511566 -1.1107207345404706 0.28995629619358376 1.5707963267883995 2.2024367293576663 1.9238247452456785 0.8501088461951042 -0.5749513597652057 -1.762388009745399 -2.221441469078092 -1.7623880097645503 -0.5749513597932051 0.8501088461711577 1.9238247452353963 2.2024367293635185 1.5707963268054315 0.2899562962125144 -1.1107207345285037 -2.05234430595052 -2.145747686577157 -1.3523278831806536 -1.5172727398883818 -2.407466792647576 -2.302670903287081 -1.2461965127829704 0.3253225711344586 1.7623880097468374 2.471070257711455 2.158475676355436 0.953797517838874 -0.6450787828765904 -1.9773483321320884 -2.4923930255583913 -1.977348332159357 -0.645078782916346 0.953797517804499 2.1584756763393993 2.47107025771698 1.7623880097674947 0.32532257115850466 -1.2461965127663694 -2.3026709032830714 -2.4074667926535627 -1.5172727398951424 -1.6562566393568647 -2.627993474427934 -2.513598163046757 -1.3603495231810505 0.3551224866863261 1.923824745231849 2.6974230888456217 2.3561944902006453 1.0411664495105863 -0.7041687291624684 -2.15847567633097 -2.7206990463496714 -2.1584756763671673 -0.7041687292150463 1.0411664494650101 2.356194490178692 2.6974230888512056 1.9238247452566652 0.35512248671577973 -1.360349523160021 -2.5135981630399393 -2.627993474432268 -1.6562566393628684 -1.7669015285246787 -2.803554459243192 -2.6815170613355925 -1.4512265760775633 0.3788461580320758 2.052344305940643 2.8776222630626407 2.5135981630583535 1.1107207345659638 -0.7512101532592408 -2.302670903264964 -2.902453152137866 -2.3026709033105184 -0.7512101533251843 1.1107207345089005 2.513598163030618 2.877622263068708 2.0523443059700455 0.3788461580670236 -1.4512265760524994 -2.6815170613266988 -2.803554459246604 -1.7669015285304028 -1.8473142426616314 -2.931145849968534 -2.803554459248037 -1.5172727399015842 0.39608766657764705 2.1457476865573777 3.008584522531297 2.6279934744456366 1.161270279903614 -0.7853981633585279 -2.40746679262323 -3.0345454797816633 -2.407466792678268 -0.785398163437867 1.1612702798353214 2.6279934744127402 3.008584522538645 2.1457476865919416 0.39608766661803524 -1.5172727398733483 -2.8035544592385393 -2.9311458499725727 -1.8473142426681126 -1.8961188979341792 -3.0085845225334653 -2.877622263070383 -1.5573579464784002 0.40655200533160385 2.202436729343099 3.088069066681899 2.6974230888675996 1.1919501687873701 -0.8061477931287849 -2.4710702576833046 -3.114715892931131 -2.471070257747392 -0.8061477932208846 1.1919501687084155 2.6974230888298103 3.088069066690432 2.202436729382465 0.40655200537700453 -1.557357946447288 -2.877622263060358 -3.0085845225380163 -1.8961188979412795
</DataArray>
        <DataArray type="Float64" Name="Mode_16_phi2" NumberOfComponents="1" format="ascii">
 0.0 1.92367069372179e-15 -1.92367069372179e-15 -0.0 2.0503006328938014 4.065520053508378 6.011177298833117 7.853981633959705 9.562402165794806 11.10720734537536 12.461965127777987 13.603495231736096 14.512265760679137 15.1727273988982 15.573579464648859 15.707963267948966 15.573579464664355 15.172727398925973 14.512265760715833 13.603495231778325 12.461965127822452 11.107207345418928 9.562402165834621 7.85398163399327 6.0111772988585 4.065520053526504 2.0503006329031965 1.5261505704860494e-15 4.978826120454582e-16 -7.361569038072532e-16 -1.6659476892734806e-15 -1.9072134242677054e-15 -1.3602405923130955e-15 -2.510894107581016e-16 9.61835346839113e-16 1.7772399812103178e-15 1.858123204349697e-15 1.171056520480973e-15 3.952477213204531e-26 -1.1710565204232905e-15 -1.8581232043326905e-15 -1.777239981232788e-15 -9.618353468839033e-16 2.5108941071375973e-16 1.3602405922864168e-15 1.907213424263694e-15 1.6659476892853465e-15 7.361569038227955e-16 -4.978826120343592e-16 -1.5261505704825147e-15 -2.0503006329063087 -4.065520053532562 -6.011177298866208 -7.853981633984371 -9.562402165810846 -11.107207345383806 -12.461965127780232 -13.603495231733806 -14.512265760674229 -15.172727398892741 -15.573579464645025 -15.707963267948966 -15.573579464668855 -15.17272739893409 -14.512265760726631 -13.603495231790866 -12.461965127835809 -11.107207345432222 -9.562402165847056 -7.853981634004129 -6.011177298867183 -4.065520053532556 -2.0503006329063043 -0.0 -0.0 0.0 0.0 0.0 0.0 0.0 -0.0 -0.0 -0.0 -0.0 -0.0 0.0 0.0 0.0 0.0 -0.0 -0.0 -0.0 -0.0 -0.0 0.0 0.0 1.6266128557047512 0.5306568519688043 -0.7846160835912668 -1.7756124334936236 -2.0327600267532024 -1.4497814809703367 -0.26761793448226284 1.0251503164851008 1.8942307902477982 1.9804383329604964 1.2481439431359673 -6.180704572802423e-11 -1.2481439432246335 -1.980438332987614 -1.8942307902189093 -1.0251503164273619 0.26761793453758365 1.4497814810038538 2.0327600267639814 1.7756124334942345 0.7846160835949377 -0.5306568519710047 -1.6266128557136876 3.225393914466754 1.0522340180759189 -1.555807168453868 -3.520843645956202 -4.030738965861754 -2.874756798849092 -0.5306568519129127 2.032760026824715 3.756050766491982 3.926990816964793 2.474931797360577 -1.135942841556795e-10 -2.474931797523476 -3.926990817014741 -3.7560507664393663 -2.032760026719394 0.5306568520137959 2.874756798910372 4.030738965882097 3.520843645958715 1.5558071684623793 -1.0522340180791747 -3.225393914483709 4.768987589105088 1.5558071684008188 -2.3003779613114377 -5.205832247473338 -5.959750843733404 -4.250544230869684 -0.7846160834864743 3.0055886495129895 5.55360367274524 5.806351399325379 3.659372882358107 -1.5470630331587222e-10 -3.6593728825798086 -5.806351399393446 -5.553603672674155 -3.005588649370726 0.7846160836225513 4.250544230952361 5.959750843761509 5.205832247478539 2.300377961325639 -1.555807168403825 -4.768987589128484 6.230982563879579 2.0327600267238854 -3.005588649463304 -6.801747615904043 -7.786789732312431 -5.5536036726283005 -1.025150316339432 3.9269908170959624 7.2561328804042216 7.586363699419151 4.781201082773889 -1.8484765006926926e-10 -4.781201083038674 -7.586363699500869 -7.256132880320593 -3.9269908169279533 1.0251503165002345 5.553603672726717 7.786789732347801 6.8017476159140005 3.0055886494846056 -2.0327600267259096 -6.230982563909489 7.586363699432183 2.4749317974034173 -3.659372882514817 -8.281283196825019 -9.480594489666299 -6.76163941580122 -1.2481439430588988 4.781201083026412 8.834507642697126 9.236571213280083 5.821221607069675 -2.039763172460712e-10 -5.821221607361617 -9.236571213370521 -8.834507642606194 -4.781201082843368 1.248143943233933 6.761639415908716 9.48059448970672 8.281283196839986 3.6593728825435856 -2.4749317974031944 -7.586363699466496 8.811940048751124 2.8747567988498917 -4.250544230975457 -9.61912372624223 -11.012183646785438 -7.8539816338918795 -1.4497814808658394 5.553603672822944 10.261721529833247 10.728738432821991 6.761639415726115 -2.1245315609317366e-10 -6.761639416029825 -10.728738432916238 -10.261721529739866 -5.553603672635021 1.4497814810449108 7.853981634001884 11.012183646828332 9.619123726261941 4.250544231011618 -2.874756798846122 -8.811940048787362 9.886741660705676 3.2253939144360464 -4.768987589169574 -10.792378381778096 -12.355351288554836 -8.811940048694083 -1.6266128555834725 6.230982564024069 11.513354516505494 12.03733396321143 7.586363699303508 -2.108944022201252e-10 -7.586363699604431 -12.037333963304789 -11.513354516414058 -6.23098256384067 1.6266128557571742 8.811940048800166 12.355351288597438 10.792378381801836 4.7689875892128235 -3.2253939144275314 -9.886741660741034 10.792378381724047 3.5208436458991166 -5.205832247499059 -11.780972450988944 -13.487115444227422 -9.619123726133997 -1.7756124333629275 6.801747615997005 12.567990815293927 13.139967372112016 8.281283196652327 -2.0022422276159271e-10 -8.281283196937279 -13.139967372200115 -12.567990815208269 -6.801747615826408 1.7756124335227383 9.619123726230253 13.487115444266834 11.780972451015598 5.205832247548612 -3.520843645884756 -10.792378381755526 11.513354516419712 3.7560507664195097 -5.553603672743879 -12.567990815260732 -14.388111315315326 -10.261721529696754 -1.8942307901174438 7.256132880457049 13.407585306726139 14.017772296189507 8.834507642504176 -1.8160834798884233e-10 -8.834507642761622 -14.017772296268413 -13.4075853066494 -7.256132880306372 1.8942307902558861 10.261721529777857 14.38811131534864 12.567990815288772 5.553603672798673 -3.7560507663983507 -11.513354516444242 12.037333963235694 3.926990816953262 -5.806351399397914 -13.139967372178269 -15.042922612660979 -10.72873843280127 -1.9804383328750366 7.586363699550526 14.017772296274483 14.655729249819215 9.236571213206961 -1.5642579631137635e-10 -9.236571213427291 -14.65572924988559 -14.017772296208992 -7.586363699425325 1.9804383329862978 10.728738432862665 15.04292261268533 13.139967372205831 5.806351399456532 -3.9269908169245262 -12.037333963250182 12.355351288562426 4.030738965842049 -5.959750843783442 -13.487115444271039 -15.44034533341878 -11.012183646753499 -2.0327600266772943 7.786789732406167 14.388111315372297 15.042922612649187 9.480594489592033 -1.2622713351534193e-10 -9.48059448976795 -15.042922612700329 -14.38811131531959 -7.78678973231032 2.0327600267568835 11.012183646791584 15.440345333431454 13.48711544429597 5.959750843844243 -4.030738965805128 -12.355351288563849 12.461965127792473 4.065520053493797 -6.0111772988769 -13.603495231778092 -15.57357946465013 -11.107207345356537 -2.050300632836264 7.853981634033795 14.512265760725805 15.17272739889091 9.56240216574359 -9.268878402634309e-11 -9.562402165870193 -15.172727398924836 -14.512265760686551 -7.853981633969551 2.0503006328814997 11.107207345368632 15.573579464648649 13.603495231798036 6.01117729893793 -4.065520053448441 -12.461965127778049 12.355351288576593 4.030738965855195 -5.959750843773435 -13.487115444268177 -15.44034533342957 -11.012183646781013 -2.0327600267166845 7.786789732368153 14.388111315353374 15.04292261266316 9.48059448964071 -5.757833586167722e-11 -9.480594489715893 -15.042922612679419 -14.388111315328393 -7.7867897323368 2.032760026726883 11.012183646767209 15.440345333414346 13.487115444283125 5.9597508438338105 -4.030738965802348 -12.355351288547034 12.037333963261625 3.9269908169784222 -5.806351399377826 -13.139967372171691 -15.042922612681155 -10.728738432854463 -1.9804383329518127 7.5863636994765296 14.017772296237974 14.65572924984711 9.236571213302438 -2.264866037445575e-11 -9.236571213326854 -14.655729249846724 -14.017772296228218 -7.586363699478236 1.9804383329281643 10.728738432817403 15.042922612655467 13.139967372184152 5.806351399437816 -3.926990816920183 -12.037333963221203 11.513354516454744 3.7560507664550147 -5.553603672714338 -12.567990815250024 -14.38811131534323 -10.261721529772618 -1.8942307902275923 7.256132880350996 13.407585306674333 14.01777229623054 8.834507642642048 1.0328917596904534e-11 -8.834507642618842 -14.017772296215288 -13.40758530667989 -7.256132880384031 1.8942307901730542 10.261721529715995 14.388111315310573 12.567990815262203 5.553603672773996 -3.7560507663937073 -11.513354516407825 10.792378381765353 3.5208436459427968 -5.205832247461294 -11.78097245097417 -13.487115444261185 -9.619123726228388 -1.775612433500597 6.801747615864634 12.567990815229996 13.139967372164655 8.281283196825758 3.965837487429076e-11 -8.281283196760679 -13.139967372136981 -12.567990815249997 -6.801747615925699 1.7756124334198133 9.619123726156761 13.487115444225125 11.780972450987935 5.205832247520385 -3.5208436458808814 -10.792378381716324 9.886741660750335 3.2253939144853554 -4.7689875891255005 -10.792378381759773 -12.355351288592468 -8.811940048801823 -1.626612855741118 6.230982563872852 11.51335451643342 12.037333963273433 7.58636369950355 6.375807869938172e-11 -7.586363699404288 -12.037333963236437 -11.513354516466137 -6.2309825639570215 1.6266128556400838 8.811940048720492 12.355351288556532 10.792378381776649 4.768987589183558 -3.2253939144252888 -9.886741660703427 8.811940048796213 2.8747567989019327 -4.250544230927507 -9.61912372622135 -11.012183646824827 -7.853981634006967 -1.4497814810344936 5.5536036726617 10.26172152975768 10.728738432890498 6.761639415941856 8.133195991566859e-11 -6.761639415818309 -10.72873843284774 -10.26172152980055 -5.553603672762446 1.449781480920576 7.853981633921809 11.012183646792414 9.619123726242375 4.250544230983856 -2.874756798846305 -8.811940048755389 7.586363699474878 2.474931797455019 -3.6593728824659277 -8.281283196802978 -9.480594489705322 -6.761639415916903 -1.2481439432283803 4.781201082865241 8.834507642623254 9.236571213351672 5.821221607288523 9.109163153510466e-11 -5.821221607152181 -9.236571213307128 -8.834507642672943 -4.781201082974846 1.2481439431099874 6.761639415834191 9.480594489679577 8.281283196828715 3.6593728825196665 -2.4749317974062253 -7.586363699443686 6.230982563917241 2.032760026771717 -3.005588649416824 -6.801747615882666 -7.786789732349024 -5.553603672737367 -1.025150316498714 3.9269908169457395 7.256132880337605 7.586363699489931 4.781201082982038 9.211701162094325e-11 -4.781201082845669 -7.586363699447866 -7.256132880390159 -3.926990817055505 1.0251503163850721 5.5536036726636295 7.786789732332709 6.8017476159131345 3.0055886494667434 -2.032760026732024 -6.2309825638987455 4.768987589135362 1.5558071684415151 -2.3003779612710034 -5.205832247454702 -5.959750843765464 -4.25054423096457 -0.7846160836239113 3.0055886493851567 5.553603672691412 5.806351399390794 3.6593728825406466 8.376537929006837e-11 -3.659372882417968 -5.806351399355415 -5.553603672742098 -3.005588649485273 0.7846160835247381 4.250544230905938 5.959750843760376 5.205832247488871 2.300377961315469 -1.5558071684128354 -4.768987589131312 3.2253939144888144 1.0522340181062948 -1.5558071684232027 -3.520843645941624 -4.030738965885257 -2.874756798920024 -0.5306568520161542 2.0327600267284516 3.756050766451233 3.9269908170137136 2.4749317974976424 6.560420628742038e-11 -2.4749317974018203 -3.926990816986197 -3.7560507664905156 -2.032760026805585 0.5306568519403392 2.8747567988757163 4.030738965881623 3.5208436459668757 1.5558071684549333 -1.0522340180861032 -3.225393914486375 1.6266128557164838 0.5306568519854996 -0.7846160835740309 -1.7756124334850518 -2.0327600267657213 -1.449781481009338 -0.2676179345394688 1.0251503164314846 1.8942307902248081 1.9804383329872586 1.248143943211789 3.7604954548825317e-11 -1.2481439431569663 -1.9804383329715212 -1.8942307902470619 -1.0251503164750613 0.2676179344968065 1.4497814809845102 2.0327600267635755 1.7756124334986743 0.7846160835907668 -0.5306568519748274 -1.62661285571514
</DataArray>
        <DataArray type="Float64" Name="Mode_17_w" NumberOfComponents="1" format="ascii">
 0.0 0.0 7.498798913309289e-32 0.0 0.0 0.0 0.0 0.0 -0.0 -0.0 -0.0 -0.0 -0.0 0.0 0.0 0.0 0.0 0.0 -0.0 -0.0 -0.0 -0.0 -0.0 0.0 0.0 0.0 0.0 7.992424175343265e-17 1.5848095757129029e-16 2.343260202659117e-16 3.0616169978626225e-16 3.7275886773923585e-16 4.3297802811694533e-16 4.857888143894287e-16 5.302876193616529e-16 5.657130561431479e-16 5.914589856887994e-16 6.070848880059636e-16 6.123233995736766e-16 6.070848880065677e-16 5.914589856898821e-16 5.657130561445783e-16 5.30287619363299e-16 4.857888143911621e-16 4.329780281186437e-16 3.7275886774078793e-16 3.0616169978757067e-16 2.343260202669011e-16 1.5848095757199683e-16 7.99242417537989e-17 7.455177354825467e-17 1.1829179713803974e-16 1.1314261122840279e-16 6.123233995698228e-17 -1.5984848350607556e-17 -8.659560562307737e-17 -1.2141697760109313e-16 -1.0605752387338044e-16 -4.6865204055420527e-17 3.169619151152484e-17 9.715776287595346e-17 1.2246467991473532e-16 9.715776288028621e-17 3.1696191517540214e-17 -4.686520405048891e-17 -1.0605752387115628e-16 -1.2141697760155764e-16 -8.659560562496466e-17 -1.5984848352371686e-17 6.123233995621194e-17 1.13142611228387e-16 1.1829179713803967e-16 7.455177354825462e-17 0.0 0.0 0.0 0.0 0.0 0.0 0.0 0.0 0.0 0.0 0.0 0.0 0.0 0.0 0.0 0.0 0.0 0.0 0.0 0.0 0.0 0.0 0.0 0.07945931129913816 0.1575590517516888 0.23296291314515927 0.3043807145051917 0.3705904774497522 0.43045933457803487 0.48296291314577977 0.5272028623669409 0.5624222244447039 0.5880183863292568 0.6035533905941507 0.6087614290092903 0.6035533905935538 0.5880183863282789 0.5624222244435524 0.5272028623658094 0.4829629131448402 0.4304593345774327 0.3705904774496027 0.30438071450557364 0.2329629131460781 0.15755905175240525 0.07945931129953446 0.12607862007290307 0.2500000000007686 0.3696438106155193 0.4829629131459756 0.588018386329847 0.6830127018940643 0.7663204807619103 0.8365163037396629 0.892399100834204 0.9330127018935978 0.9576621969434923 0.9659258262894475 0.9576621969423988 0.9330127018917413 0.8923991008319148 0.8365163037372582 0.7663204807596868 0.6830127018922876 0.5880183863287423 0.4829629131457208 0.3696438106161858 0.25000000000130645 0.12607862007319887 0.12059047744930051 0.23911761839538534 0.3535533905947256 0.4619397662573684 0.5624222244453527 0.6532814824400761 0.732962913146297 0.8001031451927612 0.8535533905943622 0.8923991008330715 0.9159756150366402 0.923879532510405 0.9159756150351571 0.8923991008304253 0.8535533905908984 0.8001031451888388 0.7329629131422789 0.6532814824363167 0.5624222244421874 0.4619397662551011 0.35355339059357266 0.23911761839454995 0.12059047744883215 0.06526309611076693 0.12940952255257127 0.191341716184243 0.2500000000018811 0.3043807145062334 0.35355339059495355 0.39667667014693114 0.4330127018930097 0.46193976625577643 0.4829629131439013 0.4957224306854286 0.49999999999763395 0.4957224306837092 0.48296291314067463 0.4619397662513146 0.4330127018876382 0.3966766701410185 0.3535533905889015 0.30438071450046317 0.24999999999682151 0.19134171618029275 0.12940952254961705 0.06526309610912445 -0.01703708685467755 -0.03378266442992147 -0.0499502112506611 -0.06526309610828712 -0.07945931129734123 -0.0922959556399868 -0.10355339059250997 -0.11303899832169978 -0.12059047744937638 -0.1260786200739732 -0.12940952255355517 -0.13052619222316417 -0.12940952255514251 -0.12607862007709628 -0.12059047745389677 -0.11303899832739772 -0.10355339059909213 -0.09229595564709211 -0.07945931130455354 -0.06526309611514326 -0.0499502112566638 -0.03378266443443583 -0.017037086857180646 -0.09229595564074317 -0.18301270189138835 -0.27059805007214477 -0.35355339059234514 -0.4304593345761317 -0.49999999999956746 -0.5609855267969192 -0.6123724356962774 -0.6532814824392063 -0.6830127018937767 -0.7010573846520437 -0.7071067811890546 -0.7010573846529101 -0.6830127018956073 -0.65328148244203 -0.6123724357000517 -0.5609855268015267 -0.5000000000048235 -0.430459334581785 -0.3535533905980883 -0.27059805007759236 -0.1830127018954967 -0.09229595564301489 -0.1294095225513972 -0.25660481229287707 -0.3794095225517615 -0.4957224306875588 -0.603553390594068 -0.70105738465089 -0.7865660924864878 -0.8586164364022906 -0.9159756150377605 -0.9576621969434668 -0.9829629131452902 -0.9914448613743263 -0.9829629131448359 -0.9576621969427646 -0.9159756150370046 -0.8586164364016566 -0.7865660924861256 -0.7010573846509224 -0.6035533905945835 -0.4957224306886085 -0.3794095225533181 -0.25660481229406223 -0.12940952255204263 -0.11303899832281201 -0.22414386804379652 -0.3314135740379411 -0.4330127018948531 -0.5272028623683489 -0.6123724356982918 -0.6870641468715508 -0.7500000000015097 -0.8001031451920174 -0.8365163037376674 -0.8586164364001302 -0.8660254037822586 -0.8586164363980979 -0.8365163037338521 -0.8001031451867392 -0.7499999999951562 -0.6870641468645616 -0.6123724356911483 -0.5272028623615597 -0.43301270188893254 -0.3314135740333687 -0.22414386804036948 -0.11303899832089898 -0.04995021125401596 -0.09904576054426527 -0.1464466094105449 -0.19134171618674212 -0.23296291314868267 -0.270598050076802 -0.3036031793438592 -0.33141357403737776 -0.3535533905937041 -0.3696438106132828 -0.3794095225485197 -0.3826834323606864 -0.3794095225452833 -0.3696438106070321 -0.3535533905848129 -0.33141357402636107 -0.303603179331355 -0.2705980500635597 -0.23296291313553577 -0.1913417161745821 -0.1464466094002879 -0.09904576053655975 -0.049950211249735185 0.033782664429417596 0.06698729810458295 0.09904576053723903 0.12940952254683663 0.1575590517469564 0.18301270188842417 0.20533495396019566 0.2241438680403747 0.23911761839418927 0.2500000000015136 0.2566048122958301 0.25881904510751674 0.2566048122992288 0.25000000000817163 0.23911761840378337 0.22414386805242445 0.20533495397406124 0.1830127019033317 0.15755905176202115 0.129409522561088 0.09904576054963966 0.06698729811390271 0.033782664434583234 0.10355339059208034 0.20533495396102508 0.30360317933840736 0.3966766701428365 0.48296291314183554 0.560985526794602 0.6294095225495515 0.6870641468685685 0.7329629131446325 0.7663204807611824 0.7865660924877921 0.793353340294631 0.7865660924899519 0.7663204807654734 0.7329629131509064 0.6870641468765547 0.6294095225588735 0.5609855268047831 0.4829629131523088 0.39667667015296926 0.3036031793474898 0.20533495396784904 0.10355339059585025 0.13052619222019396 0.25881904510280374 0.38268343236551555 0.5000000000004732 0.6087614290092188 0.707106781187049 0.7933533402917164 0.8660254037848747 0.9238795325116516 0.965925826289336 0.991444861373956 1.0 0.9914448613736908 0.9659258262889041 0.9238795325111516 0.8660254037844026 0.7933533402913627 0.7071067811868949 0.6087614290093338 0.5000000000009129 0.38268343236629243 0.25881904510338105 0.13052619222049316 0.10355339059471332 0.2053349539656198 0.3036031793442759 0.3966766701492881 0.48296291314821693 0.5609855268003107 0.6294095225540525 0.6870641468714087 0.732962913145463 0.7663204807597565 0.7865660924839875 0.7933533402884464 0.7865660924814892 0.7663204807549402 0.7329629131386252 0.6870641468629598 0.6294095225444943 0.5609855267902355 0.48296291313827716 0.39667667014018343 0.30360317933671155 0.2053349539599256 0.10355339059153666 0.03378266443324342 0.06698729811128552 0.09904576054584364 0.12940952255636728 0.15755905175648252 0.18301270189708166 0.20533495396721127 0.22414386804509276 0.2391176183960901 0.2500000000002356 0.2566048122911724 0.25881904509945636 0.25660481228789833 0.24999999999386427 0.2391176183869664 0.22414386803370984 0.20533495395420523 0.18301270188321053 0.15755905174259904 0.12940952254339738 0.09904576053475027 0.06698729810294396 0.03378266442860991 -0.04995021125063147 -0.0990457605382963 -0.1464466094028219 -0.19134171617807927 -0.232962913139883 -0.27059805006861926 -0.303603179336979 -0.3314135740323912 -0.3535533905910839 -0.36964381061338225 -0.37940952255155136 -0.3826834323667195 -0.3794095225542121 -0.369643810618573 -0.3535533905985494 -0.33141357404174115 -0.30360317934771675 -0.2705980500801444 -0.23296291315151096 -0.19134171618906665 -0.14644660941237642 -0.09904576054546786 -0.049950211254599836 -0.1130389983209996 -0.2241438680405548 -0.3314135740336824 -0.4330127018899482 -0.5272028623632142 -0.6123724356933286 -0.6870641468671366 -0.7499999999979859 -0.8001031451896754 -0.8365163037367424 -0.8586164364007967 -0.8660254037846199 -0.8586164364020985 -0.8365163037392862 -0.8001031451933327 -0.7500000000025789 -0.6870641468724329 -0.6123724356990501 -0.5272028623690449 -0.4330127018955434 -0.33141357403866517 -0.2241438680442775 -0.11303899832304061 -0.12940952255142732 -0.25660481229287946 -0.37940952255170013 -0.49572243068733907 -0.6035533905936756 -0.7010573846503333 -0.7865660924857945 -0.8586164364015072 -0.9159756150369496 -0.9576621969427066 -0.9829629131446702 -0.9914448613739472 -0.9829629131446863 -0.9576621969427225 -0.9159756150369601 -0.8586164364015133 -0.7865660924858064 -0.7010573846503712 -0.6035533905937662 -0.49572243068751554 -0.3794095225519898 -0.25660481229306864 -0.12940952255150254 -0.09229595564211221 -0.18301270189380262 -0.27059805007528437 -0.3535533905958391 -0.43045933457968444 -0.5000000000029181 -0.560985526799845 -0.6123724356986006 -0.6532814824408056 -0.6830127018945803 -0.7010573846520373 -0.7071067811882844 -0.7010573846513684 -0.6830127018932547 -0.6532814824388716 -0.6123724356961588 -0.5609855267970246 -0.49999999999989103 -0.4304593345766529 -0.35355339059302315 -0.27059805007292204 -0.18301270189200286 -0.09229595564109212 -0.01703708685651932 -0.03378266443325109 -0.04995021125511017 -0.06526309611347023 -0.07945931130289122 -0.09229595564556681 -0.10355339059779707 -0.11303899832642307 -0.12059047745330399 -0.12607862007692866 -0.12940952255541927 -0.13052619222387982 -0.12940952255469945 -0.12607862007551388 -0.12059047745126944 -0.11303899832387038 -0.10355339059486779 -0.0922959556424234 -0.07945931129973577 -0.06526309611050525 -0.049950211252561404 -0.033782664431330475 -0.017037086855449978 0.06526309610919917 0.12940952254965837 0.19134171618024362 0.24999999999700956 0.30438071450077286 0.3535533905891926 0.39667667014115787 0.4330127018874962 0.4619397662507772 0.4829629131396502 0.4957224306821252 0.49999999999543776 0.49572243068264027 0.4829629131406223 0.46193976625212924 0.4330127018891305 0.3966766701429773 0.3535533905910932 0.3043807145026437 0.2499999999987419 0.19134171618172408 0.1294095225507512 0.06526309610978737 0.1205904774483313 0.23911761839352774 0.3535533905921081 0.46193976625402483 0.562422224441451 0.6532814824358161 0.7329629131418961 0.8001031451884513 0.8535533905903793 0.8923991008296539 0.9159756150340196 0.9238795325087956 0.9159756150345585 0.892399100830617 0.8535533905916468 0.8001031451899114 0.7329629131434399 0.6532814824373427 0.5624222244428734 0.4619397662552682 0.3535533905931154 0.23911761839424125 0.1205904774486933 0.12607862007245568 0.24999999999989625 0.36964381061429136 0.4829629131443433 0.5880183863279148 0.6830127018919698 0.7663204807598162 0.8365163037377487 0.892399100832663 0.9330127018926299 0.957662196943298 0.9659258262902212 0.9576621969440927 0.9330127018940665 0.8923991008345824 0.836516303739987 0.7663204807622088 0.6830127018943614 0.5880183863301568 0.4829629131463059 0.3696438106158651 0.25000000000102957 0.1260786200730474 0.07945931129899306 0.15755905175139798 0.23296291314474982 0.30438071450460985 0.3705904774490493 0.4304593345772831 0.48296291314506945 0.5272028623663768 0.562422224444399 0.5880183863293303 0.6035533905947263 0.608761429010487 0.6035533905953292 0.5880183863304229 0.5624222244458609 0.5272028623680838 0.48296291314689505 0.430459334579105 0.3705904774507502 0.3043807145060907 0.23296291314591813 0.157559051752242 0.07945931129943698
</DataArray>
        <DataArray type="Float64" Name="Mode_17_phi1" NumberOfComponents="1" format="ascii">
 0.0 -0.0 -1.92367069372179e-15 1.92367069372179e-15 0.0 0.0 -0.0 -0.0 -0.0 -0.0 -0.0 0.0 0.0 0.0 0.0 0.0 -0.0 -0.0 -0.0 -0.0 0.0 0.0 0.0 0.0 0.0 -0.0 -0.0 -2.0503006328938014 -4.065520053508378 -6.011177298833117 -7.853981633959705 -9.562402165794806 -11.10720734537536 -12.461965127777987 -13.603495231736096 -14.512265760679137 -15.1727273988982 -15.573579464648859 -15.707963267948966 -15.573579464664355 -15.172727398925973 -14.512265760715833 -13.603495231778325 -12.461965127822452 -11.107207345418928 -9.562402165834621 -7.85398163399327 -6.0111772988585 -4.065520053526504 -2.0503006329031965 -1.5261505704813478e-15 -4.978826120306492e-16 7.361569038275152e-16 1.665947689282199e-15 1.90721342426609e-15 1.3602405923079215e-15 2.5108941075586444e-16 -9.618353468366874e-16 -1.777239981207312e-15 -1.85812320435304e-15 -1.1710565204952372e-15 -6.223039379258313e-26 1.1710565204065412e-15 1.8581232043277214e-15 1.777239981239399e-15 9.618353468972e-16 -2.510894107004397e-16 -1.3602405922782757e-15 -1.9072134242624413e-15 -1.6659476892891854e-15 -7.361569038281132e-16 4.978826120306532e-16 1.5261505704813484e-15 2.0503006329063087 4.065520053532562 6.011177298866208 7.853981633984371 9.562402165810846 11.107207345383806 12.461965127780232 13.603495231733806 14.512265760674229 15.172727398892741 15.573579464645025 15.707963267948966 15.573579464668855 15.17272739893409 14.512265760726631 13.603495231790866 12.461965127835809 11.107207345432222 9.562402165847056 7.853981634004129 6.011177298867183 4.065520053532556 2.0503006329063043 1.6266128557184374 3.225393914492618 4.768987589140878 6.2309825639246865 7.586363699483809 8.811940048806049 9.886741660760412 10.792378381774958 11.513354516463115 12.037333963267974 12.355351288580142 12.461965127792473 12.355351288559362 12.037333963231276 11.513354516415621 10.792378381721894 9.886741660706939 8.811940048757108 7.586363699443965 6.230982563897981 4.768987589129959 3.225393914484944 1.626612855714157 0.5306568519859665 1.0522340181072092 1.5558071684428625 2.0327600267737647 2.4749317974576193 2.8747567989048965 3.225393914488477 3.520843645945824 3.756050766457682 3.9269908169804655 4.030738965856349 4.065520053493797 4.030738965841036 3.926990816951791 3.7560507664181184 3.5208436458983017 3.225393914436292 2.8747567988516125 2.474931797406959 2.0327600267295 1.5558071684084798 1.0522340180815257 0.5306568519717064 -0.7846160835744762 -1.5558071684240733 -2.300377961272327 -3.00558864941928 -3.6593728824693375 -4.250544230931554 -4.768987589129867 -5.205832247465601 -5.553603672718188 -5.806351399380804 -5.959750843775125 -6.0111772988769 -5.9597508437819435 -5.806351399395697 -5.553603672741718 -5.205832247497695 -4.768987589169684 -4.250544230977649 -3.659372882519594 -3.0055886494710444 -2.3003779613221016 -1.5558071684616746 -0.7846160835953044 -1.7756124334854955 -3.520843645942496 -5.205832247456193 -6.801747615886945 -8.281283196809643 -9.619123726229724 -10.792378381769085 -11.780972450983544 -12.567990815258527 -13.139967372178338 -13.487115444271979 -13.603495231778092 -13.487115444267623 -13.13996737217316 -12.567990815255628 -11.780972450985484 -10.79237838177779 -9.619123726246407 -8.281283196834794 -6.801747615920278 -5.205832247495969 -3.5208436459727803 -1.7756124335021952 -2.032760026765575 -4.030738965885009 -5.9597508437654385 -7.7867897323524495 -9.480594489711779 -11.012183646833522 -12.355351288602485 -13.487115444271502 -14.38811131535272 -15.042922612688656 -15.440345333433896 -15.57357946465013 -15.440345333414841 -15.042922612655017 -14.388111315309242 -13.487115444223033 -12.355351288553837 -11.012183646789326 -9.480594489676317 -7.786789732329551 -5.959750843757589 -4.03073896587948 -2.0327600267623893 -1.4497814810087757 -2.874756798918963 -4.250544230963331 -5.553603672738766 -6.761639415920658 -7.853981634012524 -8.811940048808511 -9.619123726235445 -10.261721529779212 -10.728738432859732 -11.012183646784079 -11.107207345356537 -11.012183646750673 -10.72873843279694 -10.261721529692249 -9.619123726130569 -8.811940048692914 -7.853981633894009 -6.761639415807528 -5.553603672639459 -4.250544230885698 -2.874756798860849 -1.4497814809764222 -0.2676179345392784 -0.5306568520157924 -0.7846160836234549 -1.0251503164987872 -1.2481439432289372 -1.4497814810354006 -1.6266128557422463 -1.7756124335018433 -1.8942307902287776 -1.9804383329527977 -2.0327600267172463 -2.050300632836264 -2.0327600266767685 -1.9804383328742226 -1.8942307901165787 -1.7756124333622387 -1.6266128555831705 -1.4497814808661136 -1.2481439430599086 -1.0251503163412983 -0.784616083489204 -0.5306568519149253 -0.2676179344833011 1.025150316430434 2.032760026726446 3.005588649382541 3.926990816945263 4.781201082866708 5.553603672664721 6.230982563876916 6.801747615869199 7.2561328803554135 7.586363699480169 7.78678973237029 7.853981634033795 7.786789732404138 7.586363699547353 7.256132880453611 6.801747615994135 6.230982564022585 5.553603672823559 4.781201083029687 3.926990817102374 3.005588649522576 2.0327600268317725 1.0251503164887523 1.8942307902222735 3.756050766446354 5.553603672684956 7.256132880335327 8.834507642624873 10.261721529762427 11.513354516440344 12.567990815238037 13.407585306682268 14.017772296244543 14.388111315357301 14.512265760725805 14.388111315368526 14.017772296268511 13.407585306719564 12.56799081528826 11.513354516502158 10.26172152983352 8.834507642702079 7.256132880414701 5.553603672761335 3.7560507665038507 1.8942307902539486 1.9804383329839792 3.9269908170073884 5.806351399382361 7.58636369948612 9.236571213352219 10.728738432894591 12.037333963280052 13.139967372172634 14.017772296238594 14.65572924985388 15.042922612667237 15.17272739889091 15.042922612645226 14.655729249812868 14.017772296182397 13.139967372105687 12.03733396320731 10.728738432821402 9.236571213284119 7.586363699428676 5.806351399340525 3.9269908169759806 1.9804383329662965 1.2481439432093189 2.474931797492896 3.6593728825342775 4.7812010829787415 5.821221607288145 6.761639415943886 7.586363699507326 8.28128319683053 8.834507642646976 9.236571213306638 9.480594489643265 9.56240216574359 9.480594489589516 9.236571213202916 8.834507642499544 8.281283196648074 7.5863636993005175 6.761639415725191 5.821221607071511 4.781201082778989 3.659372882366595 2.4749317973668674 1.2481439431392258 3.7604954548739115e-11 6.560420628727405e-11 8.376537928989832e-11 9.211701162086229e-11 9.109163153508755e-11 8.133195991568632e-11 6.375807869941014e-11 3.962212788162034e-11 1.0328917596910124e-11 -2.270256473064072e-11 -5.757833586169262e-11 -9.268878402634309e-11 -1.2622713351530814e-10 -1.564257963113064e-10 -1.8160834798874405e-10 -2.0022422276148358e-10 -2.1089440222003113e-10 -2.1245315609312737e-10 -2.0397631724610977e-10 -1.8481974712144772e-10 -1.547063033161863e-10 -1.1359428415593289e-10 -6.180704572816592e-11 -1.2481439431537078 -2.4749317973955316 -3.659372882409484 -4.7812010828405835 -5.821221607150358 -6.761639415819238 -7.586363699407279 -8.281283196764893 -8.834507642623475 -9.236571213330919 -9.48059448971841 -9.562402165870193 -9.480594489765398 -9.236571213423092 -8.834507642756654 -8.281283196932465 -7.586363699600651 -6.761639416027793 -5.82122160736199 -4.781201083041949 -3.6593728825861778 -2.4749317975282272 -1.2481439432270973 -1.9804383329657196 -3.9269908169750063 -5.806351399340269 -7.586363699438339 -9.23657121330311 -10.72873843284834 -12.03733396324055 -13.139967372143328 -14.017772296222399 -14.655729249853067 -15.042922612683387 -15.172727398924836 -15.04292261269625 -14.655729249878819 -14.017772296260354 -13.139967372192135 -12.037333963298167 -10.728738432912147 -9.236571213369974 -7.586363699504681 -5.806351399401867 -3.9269908170210663 -1.9804383329908937 -1.8942307902409117 -3.756050766478647 -5.553603672725991 -7.256132880379669 -8.834507642667985 -10.261721529800283 -11.513354516469466 -12.567990815255664 -13.407585306686466 -14.017772296234181 -14.388111315332162 -14.512265760686551 -14.388111315315664 -14.017772296202411 -13.407585306641446 -12.567990815200236 -11.513354516407125 -10.261721529735118 -8.834507642604576 -7.25613288032287 -5.553603672680603 -3.756050766444249 -1.894230790221444 -1.0251503164714102 -2.0327600267985275 -3.0055886494756927 -3.9269908170490933 -4.781201082971569 -5.553603672761846 -6.230982563958461 -6.80174761592855 -7.256132880387466 -7.586363699481408 -7.7867897323388275 -7.853981633969551 -7.786789732308182 -7.586363699421662 -7.256132880301954 -6.801747615821845 -6.230982563836588 -5.553603672631998 -4.781201082841901 -3.9269908169284444 -3.00558864937333 -2.0327600267214048 -1.0251503164284106 0.26761793449576804 0.5306568519383318 0.7846160835220312 1.0251503163832059 1.2481439431089782 1.4497814809203018 1.6266128556403852 1.7756124334205023 1.894230790173919 1.9804383329289248 2.0327600267273813 2.0503006328814997 2.032760026756322 1.9804383329853392 1.894230790254701 1.7756124335214445 1.626612855756024 1.4497814810440426 1.248143943233361 1.02515031650017 0.7846160836230078 0.5306568520141719 0.26761793453777943 1.4497814809784297 2.8747567988639426 4.250544230889924 5.553603672652471 6.761639415827907 7.85398163391968 8.811940048721667 9.619123726160225 10.261721529720507 10.728738432821732 11.012183646770037 11.107207345368632 11.012183646788557 10.7287384328574 10.26172152977128 9.619123726223195 8.81194004879348 7.8539816339963275 6.7616394159049635 5.553603672725319 4.2505442309536 2.874756798911433 1.4497814810044145 2.0327600267544104 4.030738965863895 5.9597508437361935 7.7867897323155875 9.48059448966956 11.012183646788525 12.355351288557536 13.487115444229513 14.388111315316655 15.042922612661428 15.440345333418277 15.573579464648653 15.44034533342713 15.042922612677843 14.38811131533915 13.487115444256519 12.355351288587421 11.012183646819642 9.480594489700268 7.786789732344372 5.959750843761529 4.030738965882333 2.0327600267641337 1.7756124334900887 3.520843645950302 5.20583224746624 6.801747615896921 8.281283196818942 9.6191237262382 10.792378381776935 11.780972450991385 12.567990815267304 13.139967372189263 13.487115444286541 13.603495231798007 13.487115444292199 13.139967372199216 12.567990815280272 11.780972451006225 10.792378381792524 9.619123726253568 8.281283196833321 6.801747615909705 5.205832247477049 3.5208436459578336 1.7756124334938035 0.7846160835867296 1.555807168447133 2.3003779613048225 3.0055886494590034 3.659372882514905 4.250544230981664 4.768987589183447 5.205832247521707 5.553603672776159 5.806351399440082 5.959750843835309 6.01117729893793 5.959750843842527 5.806351399453554 5.553603672794869 5.205832247544259 4.768987589208419 4.250544231007571 3.659372882540174 3.005588649482149 2.300377961324333 1.5558071684615153 0.7846160835944976 -0.5306568519719347 -1.052234018080496 -1.5558071684051729 -2.032760026726407 -2.4749317974026543 -2.874756798844586 -3.2253939144250454 -3.520843645881695 -3.7560507663951044 -3.9269908169216534 -4.030738965803354 -4.065520053448441 -4.0307389658039785 -3.9269908169224825 -3.7560507663956835 -3.5208436458816843 -3.2253939144243677 -2.874756798843112 -2.47493179740059 -2.0327600267238637 -1.5558071684024777 -1.0522340180782606 -0.5306568519705379 -1.6266128557057389 -3.2253939144681847 -4.7689875891064535 -6.230982563880361 -7.586363699431911 -8.811940048749403 -9.886741660702166 -10.792378381718478 -11.513354516411914 -12.037333963225622 -12.355351288550098 -12.461965127778049 -12.355351288560302 -12.03733396324383 -11.51335451643587 -10.792378381745921 -9.886741660730955 -8.811940048777528 -7.586363699457606 -6.230982563902036 -4.768987589122968 -3.225393914479922 -1.6266128557117396
</DataArray>
        <DataArray type="Float64" Name="Mode_17_phi2" NumberOfComponents="1" format="ascii">
 0.0 1.92367069372179e-15 -1.92367069372179e-15 -0.0 1.912480433159408 3.034545479780339 2.9024531521437162 1.5707963268096732 -0.4100601265566938 -2.2214414690586257 -3.114715892926736 -2.7206990463718643 -1.2022354598121887 0.8131040106519344 2.4923930255239033 3.141592653589793 2.4923930255961877 0.8131040107555889 -1.202235459723595 -2.7206990463296323 -3.1147158929362697 -2.2214414691021953 -0.4100601266064512 1.570796326776108 2.9024531521332024 3.034545479785196 1.9124804331669307 1.9072134242659265e-15 1.858123204341536e-15 1.7772399812218746e-15 1.6659476892797493e-15 1.5261505704862592e-15 1.3602405923030253e-15 1.1710565204556813e-15 9.618353468652515e-16 7.361569038189147e-16 4.97882612047056e-16 2.5108941074398316e-16 7.904783570129384e-27 -2.5108941072956663e-16 -4.978826120343622e-16 -7.361569038080654e-16 -9.618353468562936e-16 -1.171056520448585e-15 -1.3602405922976898e-15 -1.526150570482518e-15 -1.665947689277376e-15 -1.777239981220587e-15 -1.858123204340941e-15 -1.907213424265775e-15 -1.9124804331694145 -3.0345454797868197 -2.90245315213001 -1.5707963267850102 0.4100601265767343 2.221441469067076 3.114715892927217 2.7206990463741514 1.2022354598240401 -0.8131040106315606 -2.4923930255060287 -3.141592653589793 -2.4923930256171767 -0.8131040107858732 1.202235459697529 2.7206990463170952 3.114715892939133 2.2214414691154905 0.41006012662198965 -1.5707963267652487 -2.9024531521296053 -3.034545479786818 -1.9124804331694134 -0.0 -0.0 -0.0 -0.0 -0.0 -0.0 -0.0 -0.0 -0.0 -0.0 -0.0 -0.0 0.0 0.0 0.0 0.0 0.0 0.0 0.0 0.0 0.0 0.0 0.0 1.8961188979341397 1.8473142426614755 1.766901528524328 1.656256639356205 1.5172727398873307 1.35232788317124 1.1642443214377103 0.9562402165746339 0.731874576485869 0.4949863594792668 0.2496287886256582 -1.1530566236204705e-11 -0.2496287886462909 -0.4949863594971774 -0.7318745765011382 -0.9562402165874614 -1.1642443214484055 -1.352327883180205 -1.5172727398950476 -1.6562566393632137 -1.7669015285312537 -1.847314242669504 -1.896118897943226 3.0085845225334196 2.931145849968351 2.8035544592427755 2.6279934744270523 2.4074667926460847 2.14574768656671 1.847314242656214 1.5172727398813228 1.1612702798593364 0.7853981633838025 0.39608766657909983 -1.6957450835834166e-11 -0.3960876666093313 -0.7853981634097404 -1.161270279880932 -1.5172727398987262 -1.8473142426697506 -2.1457476865768723 -2.4074667926535116 -2.627993474432502 -2.803554459247167 -2.9311458499734875 -3.0085845225392878 2.877622263070355 2.8035544592479242 2.681517061335328 2.5135981630460718 2.302670903285822 2.052344305949202 1.7669015285203273 1.4512265760607428 1.1107207345287062 0.7512101532789356 0.37884615803182375 -1.494002001558589e-11 -0.37884615805821703 -0.7512101533008817 -1.1107207345457641 -1.4512265760726777 -1.766901528527121 -2.0523443059510345 -2.3026709032830786 -2.5135981630393225 -2.6815170613253727 -2.803554459236455 -2.8776222630575026 1.5573579464783935 1.517272739901562 1.451226576077492 1.3603495231807616 1.2461965127823766 1.1107207345395034 0.9562402165789218 0.7853981633930843 0.6011177298784206 0.4065520053446016 0.2050300632822516 -7.393836245358825e-12 -0.20503006329489132 -0.40655200535381614 -0.6011177298832366 -0.7853981633926965 -0.9562402165727228 -1.1107207345271073 -1.2461965127636256 -1.360349523155741 -1.4512265760465635 -1.5172727398657149 -1.5573579464379919 -0.40655200533160435 -0.3960876665776488 -0.378846158032076 -0.35512248668627405 -0.32532257113432816 -0.2899562961933549 -0.24962878863291052 -0.2050300632881961 -0.15692321671491313 -0.10613137039563314 -0.05352358690301374 1.7494410790397256e-12 0.05352358690682465 0.10613137040107594 0.156923216723294 0.20503006330072382 0.2496287886506553 0.289956296217204 0.3253225711649579 0.3551224867241022 0.37884615807726935 0.39608766663018374 0.4065520053909371 -2.202436729343116 -2.1457476865574345 -2.0523443059407462 -1.9238247452316874 -1.7623880097462619 -1.5707963267872884 -1.3523278831694006 -1.1107207345337586 -0.8501088461796529 -0.5749513597720705 -0.2899562961915132 8.497731636476355e-12 0.2899562962071699 0.5749513597872268 0.8501088461953784 1.1107207345511332 1.352327883189457 1.5707963268109912 1.7623880097744442 1.923824745265038 2.052344305979818 2.1457476866030354 2.202436729394752 -3.0880690666819377 -3.0085845225314443 -2.877622263062928 -2.697423088845563 -2.471070257710825 -2.202436729356288 -1.8961188979313883 -1.5573579464591643 -1.1919501687415983 -0.8061477931656335 -0.4065520053420259 1.0541957401113418e-11 0.406552005360776 0.8061477931818488 1.1919501687554304 1.557357946470879 1.8961188979413546 2.2024367293649525 2.471070257718698 2.6974230888532027 2.8776222630709656 3.0085845225411427 3.088069066693133 -2.6974230888676485 -2.627993474445821 -2.5135981630587283 -2.356194490200741 -2.158475676355046 -1.9238247452446302 -1.6562566393583924 -1.36034952317201 -1.0411664494844455 -0.7041687291808122 -0.3551224866889736 8.009210557057461e-12 0.35512248670248303 0.704168729190286 1.041166449488699 1.3603495231700717 1.6562566393495208 1.9238247452283395 2.158475676331147 2.3561944901693184 2.51359816302022 2.6279934744014533 2.6974230888178017 -1.1919501687873977 -1.1612702799037176 -1.1107207345661854 -1.0411664495106951 -0.9537975178387711 -0.8501088461947107 -0.7318745764983937 -0.6011177298851654 -0.46007559225333944 -0.31116143368213284 -0.15692321671156503 3.0089856310502324e-12 0.15692321671559878 0.31116143368159427 0.4600755922458797 0.6011177298686871 0.7318745764711122 0.8501088461552397 0.9537975177861652 1.041166449444486 1.1107207344864627 1.1612702798112915 1.1919501686831582 0.806147793128808 0.7853981633586187 0.751210153259428 0.7041687291625863 0.6450787828765681 0.5749513597649865 0.4949863594801429 0.40655200534726604 0.3111614336841157 0.21044680361901708 0.10613137039570761 -1.6766749591283353e-12 -0.10613137040009062 -0.2104468036272197 -0.3111614336988371 -0.4065520053709964 -0.4949863595150567 -0.574951359812864 -0.6450787829387321 -0.7041687292398405 -0.7512101533520156 -0.7853981634663252 -0.8061477932505062 2.4710702576833956 2.4074667926235587 2.3026709032656516 2.1584756763314665 1.977348332132164 1.7623880097448696 1.5172727398837997 1.246196512774989 0.9537975178207297 0.64507878289296 0.32532257113926694 -4.040384507536837e-12 -0.3253225711472775 -0.6450787829027074 -0.9537975178340844 -1.2461965127937062 -1.5172727399094668 -1.76238800977884 -1.9773483321754908 -2.158475676384891 -2.302670903329553 -2.4074667926982873 -2.4710702577680714 3.1147158929312546 3.0345454797821496 2.902453152138877 2.7206990463504686 2.4923930255586666 2.221441469077608 1.9124804331606509 1.570796326792524 1.202235459765926 0.8131040107000652 0.41006012657608837 -3.708109420013406e-12 -0.4100601265824169 -0.8131040107051298 -1.202235459769717 -1.5707963267950928 -1.9124804331620986 -2.221441469078092 -2.4923930255583895 -2.720699046349671 -2.902453152137866 -3.0345454797816633 -3.114715892931131 2.4710702577475034 2.4074667926787074 2.302670903311434 2.1584756763679303 1.9773483321597214 1.7623880097643083 1.5172727398962313 1.246196512781813 0.9537975178235866 0.6450787828936582 0.32532257113973684 -1.8427440591153605e-12 -0.325322571141803 -0.6450787828920839 -0.9537975178165464 -1.2461965127676895 -1.517272739873649 -1.7623880097322104 -1.9773483321173952 -2.158475676315046 -2.3026709032480945 -2.407466792605713 -2.4710702576654593 0.8061477932209361 0.7853981634380378 0.7512101533255205 0.7041687292153319 0.6450787829165032 0.574951359793166 0.49498635949808745 0.4065520053569148 0.31116143368774785 0.21044680361917975 0.10613137039511458 -2.427837193482181e-13 -0.10613137039411599 -0.21044680361402926 -0.3111614336759385 -0.406552005336165 -0.4949863594664371 -0.5749513597490459 -0.6450787828587887 -0.7041687291434002 -0.751210153239275 -0.7853981633380462 -0.8061477931081764 -1.1919501687084826 -1.161270279835585 -1.1107207345094532 -1.0411664494655204 -0.9537975178048139 -0.85010884617118 -0.731874576484099 -0.6011177298785405 -0.46007559225250005 -0.31116143368496363 -0.15692321671577644 -1.7118850011117132e-13 0.1569232167164325 0.31116143368876614 0.46007559226150385 0.6011177298946168 0.731874576508882 0.8501088462059981 0.9537975178506282 1.0411664495229083 1.1107207345785637 1.1612702799161996 1.191950168799708 -2.697423088829977 -2.6279934744133957 -2.513598163031993 -2.3561944901799743 -2.15847567634027 -1.923824745235604 -1.6562566393546643 -1.360349523172923 -1.0411664494891537 -0.7041687291883224 -0.3551224866981698 -1.5865766415899753e-12 0.35512248669551383 0.7041687291871839 1.0411664494904862 1.3603495231776017 1.6562566393634468 1.9238247452491068 2.158475676358948 2.3561944902041043 2.5135981630616513 2.6279934744486733 2.6974230888702957 -3.088069066690639 -3.0085845225394623 -2.8776222630704233 -2.6974230888528434 -2.4710702577181562 -2.2024367293639355 -1.8961188979396084 -1.5573579464681921 -1.1919501687516416 -0.806147793176854 -0.40655200535453717 -3.1871105237604513e-12 0.40655200534837194 0.8061477931708297 1.1919501687456504 1.5573579464621257 1.8961188979333632 2.2024367293574145 2.471070257711282 2.6974230888455537 2.877622263062698 3.008584522531492 3.088069066682237 -2.202436729382617 -2.14574768659258 -2.0523443059713724 -1.9238247452579536 -1.7623880097684568 -1.5707963268058571 -1.3523278831849193 -1.1107207345469163 -0.8501088461912323 -0.5749513597828981 -0.2899562962024385 -3.253179744814463e-12 0.2899562961959695 0.5749513597758452 0.850108846182947 1.1107207345368024 1.3523278831724244 1.5707963267905274 1.7623880097499498 1.9238247452360229 2.0523443059459403 2.1457476865637903 2.2024367293505773 -0.4065520053770253 -0.39608766661816025 -0.37884615806728733 -0.35512248671604 -0.3253225711586984 -0.2899562962126168 -0.24962878864747876 -0.20503006329868909 -0.15692321672206966 -0.106131370400307 -0.053523586906137954 -7.812481698840099e-13 0.05352358690436668 0.10613137039771947 0.1569232167180834 0.20503006329276044 0.24962878863914048 0.2899562962014673 0.3253225711444834 0.3551224866985524 0.37884615804648747 0.3960876665941442 0.4065520053500055 1.5573579464474234 1.5172727398738566 1.4512265760535819 1.3603495231610945 1.2461965127672325 1.1107207345289858 0.9562402165729851 0.7853981633915164 0.6011177298808708 0.4065520053505935 0.20503006329118806 3.684680464797384e-12 -0.20503006328448914 -0.4065520053449101 -0.601117729876451 -0.7853981633885483 -0.956240216571617 -1.1107207345293098 -1.2461965127692713 -1.360349523164822 -1.4512265760588743 -1.517272739880627 -1.5573579464554035 2.8776222630606143 2.803554459239547 2.6815170613288286 2.513598163042097 2.3026709032848394 2.052344305951579 1.766901528526309 1.4512265760704532 1.1107207345421375 0.7512101532959513 0.3788461580521573 8.088971694716449e-12 -0.3788461580372703 -0.751210153282621 -1.1107207345304309 -1.4512265760603764 -1.7669015285178027 -2.052344305944524 -2.3026709032790653 -2.513598163037383 -2.6815170613249264 -2.803554459236192 -2.877622263057507 3.0085845225382983 2.9311458499736935 2.803554459248973 2.627993474434688 2.407466792655591 2.1457476865784395 1.8473142426704419 1.5172727398982135 1.161270279878956 0.7853981634060978 0.39608766660389827 9.793933524845748e-12 -0.39608766658598227 -0.7853981633902977 -1.1612702798654593 -1.5172727398871237 -1.8473142426617586 -2.14574768657208 -2.4074667926513773 -2.6279934744323756 -2.8035544592482426 -2.931145849974141 -3.0085845225395556 1.896118897941461 1.8473142426688607 1.7669015285319754 1.6562566393644913 1.5172727398965267 1.352327883181572 1.16424432144936 0.9562402165877264 0.7318745765004645 0.4949863594953503 0.2496287886431443 7.015433601355945e-12 -0.24962878863035284 -0.49498635948414726 -0.7318745764910087 -0.9562402165801115 -1.164244321443602 -1.3523278831776204 -1.5172727398942514 -1.6562566393637324 -1.7669015285324776 -1.8473142426702907 -1.8961188979435812
</DataArray>
        <DataArray type="Float64" Name="Mode_18_w" NumberOfComponents="1" format="ascii">
 0.0 -0.0 -1.4997597826618578e-31 0.0 0.0 0.0 0.0 0.0 0.0 0.0 0.0 0.0 0.0 0.0 0.0 0.0 -0.0 -0.0 -0.0 -0.0 -0.0 -0.0 -0.0 -0.0 -0.0 -0.0 -0.0 -1.491035470957292e-16 -2.3658359427557427e-16 -2.2628522245787413e-16 -1.2246467991588735e-16 3.1969696699652686e-17 1.7319121124549594e-16 2.428339552021488e-16 2.1211504774658257e-16 9.373040810991708e-17 -6.33923830246381e-17 -1.9431552575330052e-16 -2.4492935982947064e-16 -1.9431552575893605e-16 -6.339238303271937e-17 9.373040810301001e-17 2.1211504774329002e-16 2.4283395520289204e-16 1.731912112488928e-16 3.196969670353194e-17 -1.224646799132705e-16 -2.2628522245705446e-16 -2.3658359427595293e-16 -1.491035470963157e-16 -1.5848095757223332e-16 -3.061616997879944e-16 -4.329780281191039e-16 -5.302876193628986e-16 -5.914589856892774e-16 -6.123233995736766e-16 -5.914589856899682e-16 -5.302876193642331e-16 -4.3297802812104943e-16 -3.0616169979184615e-16 -1.5848095757824856e-16 -7.923311055629969e-27 1.584809575644989e-16 3.061616997810597e-16 4.3297802811350023e-16 5.302876193597846e-16 5.914589856881261e-16 6.123233995736766e-16 5.914589856901984e-16 5.302876193637879e-16 4.3297802811916213e-16 3.06161699787994e-16 1.5848095757223297e-16 0.0 0.0 0.0 0.0 -0.0 -0.0 -0.0 -0.0 -0.0 0.0 0.0 0.0 0.0 0.0 -0.0 -0.0 -0.0 -0.0 -0.0 0.0 0.0 0.0 0.0 0.15755905175154447 0.24999999999998654 0.23911761839329246 0.12940952254885052 -0.033782664434509786 -0.18301270189493765 -0.2566048122931271 -0.22414386803939754 -0.09904576053585035 0.06698729811416981 0.20533495396764254 0.2588190451027982 0.20533495395921808 0.06698729810240943 -0.09904576054568284 -0.22414386804420525 -0.25660481229285964 -0.18301270189181276 -0.03378266443122613 0.12940952255081203 0.23911761839436282 0.2500000000012517 0.15755905175243556 0.3043807145048473 0.48296291314453255 0.46193976625377936 0.2499999999956641 -0.06526309611587351 -0.35355339059816915 -0.49572243068791844 -0.4330127018875388 -0.1913417161728019 0.12940952256271301 0.39667667015381247 0.5000000000005074 0.39667667013873814 0.12940952254169333 -0.1913417161903465 -0.4330127018961001 -0.49572243068744637 -0.35355339059265956 -0.06526309611014135 0.24999999999902256 0.4619397662556118 0.482962913146819 0.3043807145064889 0.430459334577597 0.6830127018923278 0.6532814824358256 0.35355339058762253 -0.09229595564892715 -0.500000000006446 -0.7010573846513494 -0.6123724356897159 -0.27059805006039894 0.18301270190715435 0.5609855268076128 0.7071067811871993 0.5609855267879768 0.1830127018798221 -0.27059805008313725 -0.6123724357007218 -0.701057384650642 -0.4999999999993112 -0.09229595564166881 0.3535533905916763 0.6532814824379104 0.6830127018951366 0.4304593345796606 0.5272028623665032 0.8365163037379447 0.800103145188579 0.4330127018858159 -0.1130389983304571 -0.6123724357029985 -0.8586164364027142 -0.7499999999930815 -0.3314135740212947 0.22414386805871916 0.6870641468812879 0.866025403784985 0.6870641468592915 0.2241438680281757 -0.33141357404660116 -0.7500000000051914 -0.8586164364017639 -0.6123724356950327 -0.11303899832259781 0.4330127018899013 0.8001031451904514 0.8365163037407972 0.5272028623686711 0.588018386329202 0.933012701892607 0.8923991008299542 0.48296291313806416 -0.1260786200813399 -0.6830127018995861 -0.9576621969440324 -0.8365163037307599 -0.36964381059986995 0.2500000000168756 0.7663204807718346 0.9659258262893934 0.7663204807495549 0.24999999998604835 -0.36964381062519724 -0.8365163037425696 -0.957662196942639 -0.6830127018913608 -0.12607862007367965 0.48296291314144657 0.8923991008308818 0.9330127018946652 0.588018386330898 0.6087614290100866 0.965925826289963 0.923879532509282 0.4999999999940984 -0.1305261922283596 -0.7071067811935808 -0.9914448613753128 -0.8660254037779003 -0.3826834323515633 0.25881904511817716 0.7933533403020546 1.0 0.7933533402812726 0.2588190450895852 -0.38268343237471514 -0.8660254037881611 -0.991444861373227 -0.7071067811854871 -0.13052619222151632 0.49999999999614386 0.923879532508542 0.9659258262903498 0.6087614290106872 0.5880183863299778 0.9330127018938651 0.8923991008314737 0.48296291313971945 -0.12607862007977322 -0.6830127018985472 -0.9576621969440816 -0.8365163037322918 -0.3696438106027816 0.2500000000133692 0.7663204807690367 0.9659258262886591 0.7663204807511067 0.24999999998891953 -0.36964381062209156 -0.8365163037400266 -0.9576621969410485 -0.6830127018908024 -0.12607862007414242 0.4829629131399703 0.8923991008284493 0.9330127018917813 0.5880183863289069 0.5272028623680369 0.8365163037403981 0.8001031451914642 0.43301270188885477 -0.11303899832766198 -0.6123724357011945 -0.8586164364028536 -0.7499999999958472 -0.3314135740265103 0.22414386805241956 0.6870641468762155 0.8660254037835665 0.6870641468619705 0.22414386803328196 -0.33141357404095223 -0.7500000000004399 -0.8586164363986585 -0.6123724356938338 -0.11303899832338797 0.4330127018870778 0.8001031451857403 0.8365163037352314 0.5272028623648385 0.4304593345798605 0.683012701895864 0.6532814824397934 0.3535533905915384 -0.09229595564554441 -0.5000000000043943 -0.7010573846516631 -0.6123724356931571 -0.2705980500667779 0.18301270189941382 0.5609855268012572 0.7071067811851995 0.5609855267909832 0.1830127018859733 -0.2705980500760262 -0.6123724356943934 -0.7010573846461758 -0.49999999999731043 -0.09229595564252856 0.35355339058776153 0.6532814824312213 0.6830127018872806 0.43045933457426094 0.30438071450795307 0.48296291314923173 0.46193976625865685 0.24999999999987937 -0.06526309611279604 -0.35355339059671687 -0.49572243068870864 -0.43301270189105856 -0.191341716178868 0.129409522555401 0.3966766701476365 0.49999999999820816 0.39667667014110064 0.12940952254728896 -0.191341716183275 -0.43301270188914026 -0.49572243068191735 -0.35355339058970575 -0.06526309611073117 0.24999999999439232 0.46193976624740346 0.4829629131372468 0.3043807144999196 0.15755905175540963 0.2500000000056226 0.23911761839859502 0.12940952255255797 -0.03378266443272755 -0.18301270189487037 -0.2566048122945017 -0.22414386804211314 -0.0990457605398312 0.06698729810938277 0.2053349539631846 0.2588190451003655 0.2053349539597083 0.06698729810559784 -0.09904576054032826 -0.22414386803762618 -0.2566048122865459 -0.18301270188769259 -0.03378266443115284 0.12940952254589141 0.23911761838515858 0.24999999999063766 0.15755905174517904 4.466163742346323e-12 6.235011731165529e-12 5.149599318987165e-12 2.345740438756888e-12 -4.97358032071421e-13 -2.0710385486168656e-12 -2.0289775761474775e-12 -1.0088922827981504e-12 -1.0898198397100346e-13 -1.549057323865387e-13 -1.1731273034548787e-12 -2.3606557748830183e-12 -2.5721886654455524e-12 -1.0674044307814626e-12 1.9155797475267215e-12 5.098821801691852e-12 6.711218521002997e-12 5.40982398004848e-12 1.1137287815148873e-12 -4.706396213608034e-12 -9.51111214147283e-12 -1.0795448491051848e-11 -7.34058645257639e-12 -0.15755905174739113 -0.24999999999445413 -0.23911761838947987 -0.12940952254864993 0.03378266443138085 0.18301270189070445 0.25660481229065396 0.22414386804054065 0.09904576054034733 -0.06698729810867982 -0.20533495396443383 -0.25881904510429066 -0.2053349539646663 -0.06698729810826375 0.09904576054291325 0.2241438680460679 0.25660481229815396 0.18301270189726002 0.033782664433278695 -0.12940952255396918 -0.2391176184016456 -0.2500000000093332 -0.15755905175789145 -0.304380714501231 -0.4829629131400006 -0.46193976625150013 -0.24999999999759634 0.06526309611032059 0.35355339059204743 0.49572243068516453 0.4330127018907656 0.19134171618160695 -0.1294095225519617 -0.3966766701464828 -0.5000000000010989 -0.3966766701467583 -0.12940952255196184 0.19134171618312676 0.4330127018947148 0.4957224306911085 0.35355339059788726 0.06526309611301777 -0.25000000000050876 -0.46193976626036076 -0.4829629131518492 -0.30438071450983 -0.43045933457457386 -0.6830127018888478 -0.6532814824350324 -0.35355339059146923 0.0922959556413127 0.4999999999987955 0.701057384648468 0.6123724356948143 0.2705980500729332 -0.18301270189190308 -0.560985526796781 -0.7071067811870467 -0.5609855267982169 -0.18301270189388097 0.27059805007208576 0.6123724356965151 0.7010573846528465 0.5000000000042986 0.0922959556452401 -0.3535533905916767 -0.6532814824403702 -0.6830127018974097 -0.4304593345810939 -0.5272028623641649 -0.8365163037356271 -0.8001031451892531 -0.43301270189130164 0.11303899832130382 0.6123724356944017 0.858616436400039 0.7499999999998735 0.3314135740368021 -0.22414386804008293 -0.6870641468679771 -0.8660254037845108 -0.6870641468714205 -0.2241438680451991 0.3314135740326898 0.7499999999989921 0.8586164364030369 0.6123724356999638 0.11303899832672411 -0.4330127018888386 -0.800103145191286 -0.8365163037410823 -0.5272028623687096 -0.5880183863273679 -0.9330127018911462 -0.8923991008316832 -0.48296291314465845 0.12607862007124257 0.6830127018905177 0.9576621969416734 0.8365163037387865 0.3696438106173262 -0.24999999999617145 -0.7663204807571484 -0.9659258262889598 -0.7663204807630758 -0.250000000005005 0.3696438106095984 0.8365163037353647 0.957662196943625 0.6830127018964726 0.1260786200781967 -0.482962913139882 -0.8923991008310139 -0.9330127018940443 -0.5880183863302798 -0.6087614290084942 -0.9659258262889318 -0.9238795325115279 -0.500000000001168 0.13052619221796743 0.7071067811845292 0.9914448613733398 0.8660254037866169 0.3826834323698111 -0.2588190450968597 -0.7933533402872095 -1.0 -0.7933533402956213 -0.2588190451093275 0.38268343235872876 0.8660254037810761 0.9914448613746674 0.707106781191078 0.13052619222624856 -0.49999999999472705 -0.9238795325090505 -0.965925826290091 -0.6087614290102883 -0.5880183863283341 -0.9330127018927882 -0.8923991008336484 -0.48296291314659745 0.12607862006975915 0.6830127018899986 0.9576621969425355 0.8365163037411028 0.3696438106206141 -0.2499999999929413 -0.7663204807552703 -0.965925826289468 -0.7663204807656794 -0.2500000000082447 0.3696438106070621 0.836516303734194 0.957662196943685 0.6830127018971548 0.12607862007889545 -0.4829629131393633 -0.8923991008304302 -0.9330127018931751 -0.5880183863296147 -0.5272028623660673 -0.8365163037388227 -0.8001031451929991 -0.4330127018948886 0.11303899831867298 0.6123724356936014 0.858616436401748 0.7500000000041523 0.33141357404274824 -0.22414386803432035 -0.687064146864678 -0.8660254037854924 -0.6870641468761359 -0.22414386805101413 0.33141357402814686 0.7499999999968817 0.8586164364031208 0.6123724357011535 0.11303899832797358 -0.4330127018878666 -0.800103145190149 -0.8365163037394115 -0.5272028623674312 -0.4304593345773482 -0.6830127018934161 -0.6532814824401966 -0.35355339059614554 0.09229595563815812 0.4999999999981415 0.701057384650966 0.6123724357003609 0.2705980500803306 -0.1830127018849089 -0.5609855267928954 -0.7071067811883884 -0.560985526804053 -0.18301270190101313 0.2705980500665156 0.6123724356938658 0.7010573846528183 0.5000000000056256 0.0922959556467412 -0.35355339059034185 -0.6532814824386582 -0.6830127018949773 -0.4304593345792494 -0.3043807145047273 -0.48296291314550555 -0.46193976625732314 -0.25000000000241873 0.0652630961074269 0.3535533905917241 0.49572243068772787 0.43301270189599733 0.19134171618850368 -0.12940952254526158 -0.39667667014233127 -0.5000000000015427 -0.39667667015144975 -0.12940952255836616 0.19134171617732249 0.43301270189079377 0.49572243068924754 0.35355339059768404 0.06526309611413819 -0.2499999999980145 -0.46193976625627425 -0.4829629131467705 -0.30438071450621146 -0.15755905175146834 -0.2500000000005296 -0.23911761839529935 -0.1294095225526912 0.03378266442969941 0.18301270189126087 0.2566048122930092 0.22414386804420652 0.09904576054478786 -0.06698729810423092 -0.20533495396109927 -0.2588190451033812 -0.20533495396645093 -0.06698729811190116 0.09904576053826515 0.22414386804117986 0.25660481229388094 0.18301270189467156 0.033782664433501745 -0.12940952255023772 -0.2391176183947389 -0.2500000000012232 -0.15755905175227788
</DataArray>
        <DataArray type="Float64" Name="Mode_18_phi1" NumberOfComponents="1" format="ascii">
 0.0 0.0 3.84734138744358e-15 3.84734138744358e-15 0.0 0.0 0.0 0.0 0.0 0.0 -0.0 -0.0 -0.0 -0.0 -0.0 -0.0 -0.0 -0.0 -0.0 -0.0 -0.0 -0.0 0.0 0.0 0.0 0.0 0.0 3.824960866318816 6.069090959560678 5.8049063042874325 3.1415926536193464 -0.8201202531133877 -4.442882938117251 -6.229431785853472 -5.441398092743729 -2.4044709196243774 1.6262080213038688 4.984786051047807 6.283185307179586 4.984786051192375 1.6262080215111778 -2.40447091944719 -5.441398092659265 -6.229431785872539 -4.442882938204391 -0.8201202532129024 3.141592653552216 5.804906304266405 6.069090959570392 3.8249608663338615 3.716246408681485e-15 3.331895378553215e-15 2.720481184592488e-15 1.923670693716946e-15 9.95765224082903e-16 8.388336587009418e-27 -9.957652240667045e-16 -1.9236706937024226e-15 -2.720481184580264e-15 -3.3318953785392422e-15 -3.716246408671357e-15 -3.84734138744358e-15 -3.716246408694506e-15 -3.3318953785783713e-15 -2.720481184627697e-15 -1.923670693750835e-15 -9.957652241099023e-16 -2.5152371630981824e-26 9.957652240613065e-16 1.9236706937072666e-15 2.720481184592122e-15 3.331895378553216e-15 3.716246408681485e-15 3.824960866338829 6.069090959573639 5.80490630426002 3.1415926535700205 -0.8201202531534686 -4.442882938134152 -6.229431785854434 -5.441398092748303 -2.4044709196480802 1.6262080212631211 4.984786051012057 6.283185307179586 4.984786051234353 1.6262080215717465 -2.404470919395058 -5.4413980926341905 -6.229431785878266 -4.442882938230981 -0.8201202532439793 3.1415926535304974 5.804906304259211 6.069090959573636 3.824960866338827 3.694628485341322 5.862291699949757 5.607108918473811 3.0345454797288878 -0.792175333265865 -4.291495373211925 -6.017169045084929 -5.255986948799819 -2.322540559613881 1.5707963269437524 4.814933585404969 6.069090959564308 4.814933585204844 1.5707963266663 -2.3225405598407165 -5.255986948901304 -6.017169045062556 -4.29149537312487 -0.7921753331858978 3.0345454797618916 5.6071089184719005 5.862291699948049 3.694628485340466 3.3125132787309877 5.255986948870562 5.0271963260807215 2.7206990463071334 -0.7102449734581316 -3.8476494905407392 -5.3948461777112975 -4.712388980333157 -2.082332898873372 1.4083374584995731 4.316951352784673 5.441398092700813 4.316951352617973 1.408337458269093 -2.0823328990604746 -4.712388980414766 -5.394846177689617 -3.8476494904666207 -0.7102449733927004 2.720699046330333 5.027196326072913 5.255986948863204 3.312513278726501 2.704655766362914 4.291495373155782 4.104688611900166 2.221441469046534 -0.5799125924459567 -3.141592653631878 -4.404873458731605 -3.847649490446331 -1.7002176922898062 1.14990271964905 3.5247760195728732 4.442882938154271 3.5247760194467395 1.1499027194755176 -1.7002176924286863 -3.8476494905034384 -4.404873458709929 -3.1415926535722987 -0.5799125923971754 2.2214414690580995 4.104688611884358 4.291495373139854 2.704655766352601 1.912480433174044 3.0345454797943 2.9024531521387766 1.5707963267755987 -0.4100601266116802 -2.2214414691080835 -3.1147158929385093 -2.720699046326201 -1.2022354597160607 0.8131040107627759 2.492393025598086 3.141592653583847 2.4923930255151556 0.8131040106499318 -1.2022354598033278 -2.7206990463564513 -3.114715892915488 -2.221441469062435 -0.4100601265795625 1.5707963267746234 2.902453152112732 3.0345454797664972 1.912480433155461 0.9899727189888071 1.5707963268096135 1.5024203065900863 0.8131040106973193 -0.2122627408077437 -1.1499027195727003 -1.6122955863539241 -1.4083374583649144 -0.6223228673464918 0.420893607265941 1.2901575658064153 1.6262080213987868 1.2901575657653 0.42089360721168734 -0.6223228673839127 -1.4083374583690496 -1.6122955863290442 -1.1499027195395675 -0.21226274079069346 0.8131040106848322 1.5024203065538535 1.5707963267691707 0.9899727189612253 1.252418784878371e-11 1.7286151041019076e-11 1.4056334772469163e-11 6.267194484217309e-12 -1.2862456676791967e-12 -5.071962046155739e-12 -4.454323180445347e-12 -1.5698279730904433e-12 3.319384413353606e-13 -9.181541184893713e-13 -4.942863867180284e-12 -8.910421704573709e-12 -9.198682312773827e-12 -3.693497374023378e-12 6.486201382883223e-12 1.7003131082361524e-11 2.212270680377212e-11 1.7676160821710707e-11 3.6121503967060734e-12 -1.517482589394955e-11 -3.0519358302082e-11 -3.449976393619765e-11 -2.3377076508346433e-11 -0.9899727189641792 -1.5707963267759384 -1.5024203065635418 -0.8131040106871297 0.21226274080244287 1.1499027195604483 1.6122955863447883 1.4083374583642454 0.6223228673520811 -0.4208936072619394 -1.2901575658119453 -1.6262080214160044 -1.2901575657869555 -0.42089360722416985 0.6223228673921173 1.4083374583999797 1.6122955863721742 1.149902719575223 0.21226274079895247 -0.8131040107137721 -1.5024203066129553 -1.5707963268357543 -0.9899727190062729 -1.9124804331506793 -3.034545479763281 -2.902453152116783 -1.5707963267721532 0.41006012659857166 2.2214414690898288 3.1147158929287326 2.720699046332611 1.2022354597357503 -0.8131040107420459 -2.4923930255911038 -3.1415926535992837 -2.492393025546117 -0.8131040106769863 1.2022354597978189 2.720699046378483 3.1147158929553136 2.221441469098907 0.4100601265907709 -1.5707963267994356 -2.902453152166129 -3.0345454798259874 -1.9124804331955414 -2.704655766341618 -4.291495373128983 -4.104688611885219 -2.221441469053349 0.5799125924210496 3.1415926536045617 4.404873458720866 3.847649490463433 1.7002176923307917 -1.1499027196029894 -3.5247760195468563 -4.442882938166836 -3.524776019491585 -1.1499027195245968 1.7002176924023333 3.8476494905117278 4.404873458744394 3.141592653609692 0.5799125924127901 -2.2214414690764226 -4.10468861192864 -4.2914953731880665 -2.704655766384788 -3.3125132787120206 -5.255986948848527 -5.027196326073894 -2.72069904632604 0.7102449734190253 3.847649490502232 5.394846177698885 4.712388980362551 2.082332898939632 -1.4083374584229857 -4.316951352735278 -5.441398092709154 -4.316951352678813 -1.4083374583442756 2.0823328990088164 4.712388980405726 5.394846177716641 3.847649490504375 0.7102449734134455 -2.7206990463402767 -5.027196326105146 -5.255986948896677 -3.3125132787483995 -3.6946284853261804 -5.862291699934678 -5.607108918477056 -3.0345454797609723 0.792175333212542 4.29149537316298 6.0171690450719195 5.255986948842495 2.3225405597061077 -1.5707963268362712 -4.814933585332007 -6.0690909595684035 -4.814933585281803 -1.5707963267679454 2.3225405597630795 5.255986948873966 6.017169045080996 4.29149537316211 0.7921753332116713 -3.03454547976251 -5.607108918490152 -5.862291699964521 -3.6946284853505467 -3.8249608663288215 -6.069090959567157 -5.804906304273322 -3.141592653574927 0.8201202531786834 4.442882938174118 6.229431785865868 5.441398092688956 2.404470919509718 -1.6262080214377999 -4.9847860511410715 -6.283185307179586 -4.984786051102213 -1.6262080213871548 2.4044709195476246 5.441398092703793 6.229431785863486 4.442882938169279 0.820120253183191 -3.1415926535611085 -5.804906304263209 -6.069090959572019 -3.824960866336341 -3.6946284853379545 -5.862291699952364 -5.607108918494834 -3.034545479775224 0.792175333203542 4.291495373160175 6.017169045076259 5.255986948854598 2.3225405597250206 -1.5707963268143401 -4.814933585313811 -6.0690909595617955 -4.814933585289009 -1.5707963267848422 2.3225405597413906 5.255986948852076 6.017169045063014 4.291495373152049 0.7921753332131903 -3.03454547974738 -5.607108918462947 -5.862291699932762 -3.694628485328714 -3.312513278732553 -5.25598694887952 -5.027196326105283 -2.720699046351427 0.7102449734028751 3.847649490497283 5.394846177706972 4.712388980384695 2.0823328989738163 -1.4083374583839123 -4.316951352703558 -5.441398092698667 -4.316951352692982 -1.4083374583750525 2.0823328989707046 4.7123889803683685 5.394846177686785 3.8476494904882013 0.7102449734165867 -2.7206990463146514 -5.027196326059371 -5.255986948843082 -3.312513278711488 -2.704655766367761 -4.291495373168485 -4.104688611925106 -2.2214414690852005 0.5799125924014574 3.141592653599531 4.404873458732177 3.8476494904917464 1.7002176923731824 -1.1499027195554696 -3.5247760195090208 -4.442882938155229 -3.524776019509909 -1.1499027195625935 1.700217692356088 3.8476494904669303 4.404873458708879 3.141592653590618 0.5799125924167701 -2.221441469045508 -4.104688611873408 -4.291495373123275 -2.7046557663400894 -1.9124804331794796 -3.0345454798065665 -2.9024531521596626 -1.570796326804757 0.41006012658070123 2.22144146908793 3.1147158929428302 2.720699046361826 1.2022354597766156 -0.813104010697707 -2.4923930255564133 -3.141592653589008 -2.49239302556347 -0.8131040107127154 1.2022354597538314 2.7206990463348943 3.1147158929197363 2.2214414690790276 0.4100601265941019 -1.570796326768403 -2.902453152110039 -3.034545479760147 -1.912480433150065 -0.9899727189931592 -1.5707963268188379 -1.5024203066040616 -0.8131040107143501 0.2122627407922764 1.1499027195656448 1.612295586361342 1.4083374583882726 0.6223228673801874 -0.420893607233966 -1.2901575657904332 -1.6262080214089527 -1.2901575657966078 -0.42089360724635877 0.6223228673616827 1.4083374583659352 1.6122955863409025 1.1499027195553624 0.21226274079961033 -0.8131040106871621 -1.5024203065631319 -1.5707963267774763 -0.9899727189660031 -1.4836483329621053e-11 -2.1956359143925962e-11 -1.9464183061096207e-11 -9.705222410090004e-12 2.3172327578393653e-12 1.138918209195173e-11 1.4325684898289302e-11 1.1068414670604658e-11 4.260962061346452e-12 -2.4528268837183617e-12 -6.203674226105693e-12 -6.173286296492308e-12 -3.57381086408544e-12 -7.398125193115639e-13 4.574599189820233e-13 -3.9530088481764326e-13 -2.09580463916299e-12 -2.6627829598368288e-12 -7.07138476600037e-13 3.540306997932911e-12 8.06774893076399e-12 1.0030485810223058e-11 7.330557897673234e-12 0.9899727189640624 1.5707963267761573 1.5024203065670687 0.8131040106975166 -0.21226274078498095 -1.1499027195411933 -1.6122955863331485 -1.4083374583692345 -0.6223228673768957 0.42089360722344465 1.2901575657744078 1.6262080213970374 1.290157565793573 0.4208936072502826 -0.6223228673564567 -1.408337458364773 -1.6122955863453314 -1.1499027195620204 -0.2122627408022509 0.8131040106936106 1.5024203065788486 1.5707963267967873 0.9899727189800616 1.9124804331521088 3.034545479767471 2.9024531521283006 1.570796326795346 -0.41006012656580537 -2.2214414690587336 -3.1147158929159655 -2.7206990463517804 -1.2022354597883453 0.813104010671133 2.4923930255301134 3.141592653578325 2.4923930255722975 0.8131040107320999 -1.2022354597362874 -2.72069904632814 -3.114715892924862 -2.221441469089488 -0.4100601266002676 1.5707963267730467 2.9024531521245405 3.0345454797772566 1.9124804331623484 2.704655766343255 4.291495373135201 4.104688611902636 2.2214414690872344 -0.579912592375113 -3.141592653563432 -4.4048734587077165 -3.8476494904956233 -1.7002176924077763 1.1499027195047122 3.52477601946748 4.442882938146799 3.524776019536966 1.1499027196054936 -1.700217692320068 -3.847649490452086 -4.40487345871546 -3.1415926536071135 -0.579912592428324 2.2214414690476203 4.10468861188643 4.29149537313741 2.7046557663499255 3.312513278712167 5.255986948854564 5.02719632609502 2.720699046368131 -0.7102449733631052 -3.8476494904546823 -5.394846177688127 -4.712388980407879 -2.082332899037069 1.4083374583051176 4.316951352646819 5.441398092697057 4.316951352745381 1.4083374584473018 -2.0823328989144256 -4.71238898034833 -5.394846177700504 -3.847649490515976 -0.7102449734353811 2.7206990463168577 5.0271963260766555 5.255986948860254 3.3125132787227125 3.694628485322458 5.862291699936545 5.607108918497213 3.0345454798067544 -0.7921753331500379 -4.29149537311018 -6.017169045061596 -5.255986948895671 -2.3225405598164564 1.5707963267062728 4.814933585238945 6.069090959563327 4.8149335853637885 1.5707963268857095 -2.3225405596625643 -5.255986948821897 -6.0171690450780195 -4.291495373186712 -0.792175333238465 3.0345454797459666 5.607108918477338 5.862291699945019 3.6946284853360196
</DataArray>
        <DataArray type="Float64" Name="Mode_18_phi2" NumberOfComponents="1" format="ascii">
 0.0 -3.84734138744358e-15 3.84734138744358e-15 -0.0 4.065520053508198 7.853981633960776 11.107207345380079 13.60349523173957 15.172727398899998 15.707963267948966 15.172727398930093 13.603495231797709 11.107207345462497 7.853981634066416 4.065520053630149 1.290949125189892e-10 -4.0655200534007685 -7.853981633880551 -11.107207345326888 -13.603495231713246 -15.172727398892285 -15.707963267948966 -15.172727398925975 -13.603495231778327 -11.107207345418933 -7.8539816339932775 -4.065520053526506 -3.052301140972099e-15 -9.957652240909164e-16 1.4723138076145065e-15 3.3318953785469612e-15 3.814426848535411e-15 2.720481184626191e-15 5.021788215162032e-16 -1.923670693678226e-15 -3.5544799624206356e-15 -3.716246408699394e-15 -2.342113040961946e-15 -7.904954426409062e-26 2.342113040846581e-15 3.716246408665381e-15 3.554479962465576e-15 1.9236706937678066e-15 -5.021788214275195e-16 -2.7204811845728336e-15 -3.814426848527388e-15 -3.331895378570693e-15 -1.472313807645591e-15 9.957652240687184e-16 3.0523011409650294e-15 4.065520053532571 7.85398163400414 11.107207345430732 13.603495231768052 15.172727398910464 15.707963267948966 15.172727398928183 13.603495231802285 11.107207345480642 7.85398163410295 4.06552005368688 2.032571009192573e-10 -4.0655200533341596 -7.853981633826244 -11.107207345286982 -13.603495231688168 -15.172727398880927 -15.707963267948966 -15.17272739893409 -13.603495231790868 -11.107207345432226 -7.853981634004129 -4.065520053532562 -0.0 -0.0 0.0 0.0 0.0 0.0 0.0 -0.0 -0.0 -0.0 -0.0 -0.0 0.0 0.0 0.0 0.0 -0.0 -0.0 -0.0 -0.0 -0.0 0.0 0.0 3.225393914466205 1.0522340180745742 -1.5558071684556432 -3.5208436459574575 -4.030738965861151 -2.8747567988459277 -0.5306568519078269 2.032760026829775 3.7560507664944423 3.92699081696276 2.4749317973539644 -1.225565557674892e-10 -2.474931797529758 -3.926990817016462 -3.756050766437059 -2.0327600267152124 0.5306568520174985 2.8747567989122365 4.030738965882276 3.5208436459584207 1.555807168462799 -1.0522340180788445 -3.2253939144836123 6.230982563878795 2.0327600267190986 -3.005588649470761 -6.8017476159101555 -7.786789732311478 -5.553603672617008 -1.0251503163198823 3.9269908171160735 7.25613288041473 7.586363699412278 4.781201082748918 -2.1944730556956262e-10 -4.781201083063444 -7.586363699508229 -7.256132880312309 -3.9269908169120504 1.0251503165145917 5.553603672734207 7.786789732348837 6.801747615913072 3.0055886494862416 -2.0327600267246657 -6.230982563909109 8.81194004875132 2.8747567988403304 -4.2505442309920936 -9.61912372625698 -11.012183646785347 -7.853981633869271 -1.4497814808246583 5.553603672866421 10.261721529856962 10.728738432808795 6.761639415673958 -2.858599743679801e-10 -6.761639416083063 -10.728738432932829 -10.261721529723122 -5.553603672601753 1.4497814810755087 7.85398163401822 11.012183646831035 9.619123726260355 4.250544231015236 -2.874756798843556 -8.811940048786695 10.792378381721141 3.5208436458824943 -5.205832247524805 -11.78097245100997 -13.487115444223948 -9.619123726094829 -1.77561243329534 6.801747616066618 12.56799081533021 13.139967372088075 8.281283196565745 -3.2016552157958605e-10 -8.281283197023063 -13.139967372225486 -12.567990815179439 -6.801747615771343 1.7756124335724635 9.619123726256223 13.487115444270378 11.780972451012408 5.205832247554338 -3.520843645880467 -10.792378381754292 12.037333963229338 3.9269908169293557 -5.8063513994328 -13.139967372205378 -15.04292261265374 -10.728738432745008 -1.9804383327804747 7.586363699646565 14.017772296323312 14.655729249784113 9.236571213085265 -3.236505852547946e-10 -9.236571213546018 -14.655729249919748 -14.017772296167747 -7.5863636993479915 1.9804383330555475 10.728738432898316 15.042922612689642 13.139967372200944 5.806351399464438 -3.9269908169184737 -12.037333963248287 12.461965127782873 4.06552005346357 -6.0111772989194865 -13.603495231810156 -15.573579464639387 -11.107207345285437 -2.0503006327185527 7.8539816341523725 14.512265760785164 15.17272739884604 9.56240216559162 -3.004541347157213e-10 -9.56240216601705 -15.172727398966382 -14.512265760634527 -7.8539816338732065 2.0503006329674243 11.107207345412572 15.57357946465354 13.603495231791605 6.011177298947547 -4.065520053440894 -12.461965127775636 12.037333963253552 3.9269908169450867 -5.80635139942662 -13.139967372209094 -15.042922612669841 -10.728738432774456 -1.9804383328191109 7.586363699609575 14.017772296303153 14.655729249794117 9.236571213129288 -2.5676875533066206e-10 -9.23657121348961 -14.655729249888541 -14.01777229616421 -7.586363699366352 1.9804383330240953 10.728738432861341 15.042922612652559 13.139967372168972 5.806351399444964 -3.9269908169089303 -12.037333963209651 10.792378381767493 3.5208436459115178 -5.205832247514777 -11.780972451018581 -13.487115444254563 -9.61912372614852 -1.7756124333647143 6.801747616000427 12.567990815293918 13.139967372105401 8.281283196643987 -2.0022422276129028e-10 -8.281283196920603 -13.139967372167053 -12.567990815170319 -6.801747615802445 1.7756124335155894 9.619123726186674 13.48711544419896 11.780972450950376 5.205832247517173 -3.520843645861719 -10.792378381679486 8.811940048815964 2.8747567988781175 -4.250544230982611 -9.61912372627282 -11.012183646827625 -7.853981633937564 -1.4497814809099843 5.553603672785846 10.261721529812256 10.728738432828502 6.7616394157680455 -1.389970119087278e-10 -6.761639415954341 -10.728738432854788 -10.261721529704593 -5.553603672635218 1.4497814810044214 7.853981633924736 11.012183646730609 9.619123726171958 4.250544230963748 -2.87475679881623 -8.811940048680665 6.2309825639596355 2.0327600267604744 -3.0055886494692308 -6.8017476159393455 -7.786789732364811 -5.553603672688975 -1.0251503164013673 3.9269908170425887 7.2561328803745155 7.586363699430116 4.781201082835412 -8.097195046111106e-11 -4.781201082936342 -7.586363699422812 -7.256132880280856 -3.9269908169346515 1.025150316444886 5.553603672629269 7.786789732227779 6.801747615804229 3.0055886494253143 -2.0327600266897936 -6.23098256377896 3.2253939145565016 1.0522340181122696 -1.5558071684686257 -3.5208436460030073 -4.030738965920528 -2.8747567989061924 -0.5306568519623286 2.0327600267862063 3.756050766470524 3.9269908169709806 2.474931797404365 -3.2951894184940034e-11 -2.4749317974350067 -3.9269908169358416 -3.756050766387181 -2.032760026710993 0.5306568519667244 2.8747567988096363 4.030738965749652 3.5208436458356087 1.5558071683980421 -1.052234018037662 -3.2253939143378285 9.142691070738258e-11 2.6242765786890385e-11 -3.350561781631304e-11 -6.382053774753874e-11 -5.934168999278968e-11 -3.2531797447949385e-11 -4.195910605274823e-12 9.149640905692599e-12 4.132855986897538e-12 -9.081025892241185e-12 -1.4139872484918038e-11 2.188063132786717e-22 3.100296074450335e-11 6.25743613512995e-11 7.264333919545517e-11 4.6241198711222544e-11 -1.3878750213047468e-11 -8.497731636425355e-11 -1.3288324270762684e-10 -1.280468769027076e-10 -6.188358912684333e-11 4.543735257074917e-11 1.502692648220836e-10 -3.2253939143945884 -1.0522340180680554 1.555807168405019 3.520843645885607 4.030738965814264 2.8747567988530283 0.5306568519646931 -2.0327600267582984 -3.756050766455127 -3.926990816987558 -2.474931797440249 1.503096186888854e-11 2.47493179747464 3.926990817038664 3.756050766515858 2.0327600267986337 -0.5306568519831908 -2.8747567989523635 -4.030738965978674 -3.5208436460575903 -1.555807168504337 1.0522340181170604 3.225393914598622 -6.230982563830661 -2.032760026732419 3.0055886494060435 6.801747615834469 7.786789732279673 5.553603672663015 1.0251503164339457 -3.926990816987227 -7.256132880343291 -7.586363699451711 -4.781201082901985 1.1723809301963636e-11 4.7812010829267715 7.5863636994900805 7.256132880393573 3.926990817028043 -1.025150316434736 -5.553603672728543 -7.786789732404938 -6.801747615979234 -3.00558864950586 2.0327600267539547 6.23098256398399 -8.81194004872605 -2.874756798871497 4.250544230916376 9.619123726180247 11.012183646768797 7.853981633950139 1.4497814809880536 -5.55360367268908 -10.26172152975907 -10.728738432861755 -6.761639415884811 -7.90541127720594e-12 6.761639415876467 10.728738432879949 10.261721529806197 5.553603672745293 -1.449781480956405 -7.85398163397242 -11.012183646851122 -9.619123726296708 -4.25054423101531 2.874756798864603 8.811940048825111 -10.792378381718128 -3.5208436459288346 5.2058322474427765 11.780972450937073 13.487115444224258 9.61912372620598 1.775612433497187 -6.801747615854361 -12.567990815216145 -13.139967372155532 -8.281283196823402 -3.965837487429571e-11 8.281283196765095 13.139967372149377 12.567990815266988 6.801747615937676 -1.7756124334236656 -9.619123726181572 -13.487115444265433 -11.780972451027957 -5.2058322475402035 3.5208436458957264 10.792378381766234 -12.037333963241819 -3.926990816985786 5.806351399347673 13.139967372137015 15.042922612667219 10.728738432877186 1.9804383330069246 -7.586363699413977 -14.017772296202121 -14.655729249864049 -9.23657121337459 -7.762691819975099e-11 9.236571213258173 14.655729249833069 14.017772296262114 7.586363699531001 -1.9804383328886608 -10.728738432809033 -15.042922612673964 -13.139967372207968 -5.806351399443418 3.9269908169314856 12.037333963248207 -12.461965127802067 -4.065520053524024 6.011177298834319 13.603495231746042 15.57357946466088 11.10720734542762 2.050300632953975 -7.85398163391522 -14.512265760666434 -15.172727398935766 -9.562402165895515 -1.1502076076706695e-10 9.562402165723316 15.17272739888329 14.512265760738543 7.853981634065968 -2.050300632795574 -11.107207345324753 -15.573579464643753 -13.603495231804454 -6.011177298928264 4.065520053456067 12.461965127780443 -12.03733396326993 -3.9269908170031367 5.806351399344389 13.139967372148439 15.042922612693461 10.728738432914811 1.980438333047242 -7.5863636993840675 -14.017772296196332 -14.655729249890355 -9.236571213429684 -1.4453570030182176e-10 9.236571213214475 14.65572924982326 14.017772296280308 7.586363699561684 -1.980438332860594 -10.728738432791431 -15.042922612665446 -13.139967372202102 -5.806351399436031 3.926990816930506 12.037333963236582 -10.792378381772018 -3.5208436459609875 5.205832247438355 11.7809724509606 13.487115444274473 9.619123726275479 1.7756124335698682 -6.801747615801867 -12.567990815207587 -13.139967372204339 -8.281283196923063 -1.5955134436878933e-10 8.281283196687122 13.139967372132306 12.567990815299803 6.801747615992842 -1.7756124333733139 -9.61912372614958 -13.487115444249188 -11.780972451016348 -5.205832247526294 3.520843645893347 10.792378381743715 -8.811940048801153 -2.874756798913625 4.250544230914701 9.619123726216783 11.012183646838336 7.8539816340403865 1.4497814810778769 -5.553603672627587 -10.261721529752961 -10.728738432925253 -6.7616394160086815 -1.547782389181945e-10 6.761639415781877 10.728738432859494 10.261721529846051 5.55360367281217 -1.4497814808944955 -7.853981633931183 -11.012183646827522 -9.619123726278506 -4.250544230996161 2.874756798860105 8.81194004879189 -6.2309825639195 -2.032760026777184 3.0055886494106785 6.801747615880178 7.786789732354907 5.553603672752706 1.0251503165190976 -3.9269908169292687 -7.256132880334557 -7.586363699505368 -4.781201083012879 -1.267375943323998e-10 4.781201082827722 7.5863636994520744 7.25613288041025 3.926990817078139 -1.0251503163725881 -5.553603672666812 -7.786789732347401 -6.801747615928476 -3.0055886494717368 2.0327600267379955 6.230982563914178 -3.225393914489224 -1.0522340181076022 1.5558071684213581 3.5208436459402273 4.030738965885722 2.874756798923091 0.5306568520212301 -2.0327600267233517 -3.756050766448668 -3.926990817015644 -2.474931797504204 -7.456647789925275e-11 2.4749317973954907 3.9269908169844214 3.75605076649277 2.032760026809742 -0.5306568519366295 -2.8747567988738236 -4.030738965881407 -3.520843645967177 -1.5558071684545134 1.0522340180864176 3.225393914486482
</DataArray>
        <DataArray type="Float64" Name="Mode_19_w" NumberOfComponents="1" format="ascii">
 0.0 0.0 -1.4997597826618578e-31 -0.0 0.0 0.0 0.0 0.0 -0.0 -0.0 -0.0 -0.0 -0.0 0.0 0.0 0.0 0.0 0.0 -0.0 -0.0 -0.0 -0.0 -0.0 0.0 0.0 0.0 0.0 1.5848095757128324e-16 3.06161699786304e-16 4.3297802811712933e-16 5.302876193617883e-16 5.914589856888695e-16 6.123233995736766e-16 5.914589856900426e-16 5.302876193640547e-16 4.329780281203421e-16 3.06161699790422e-16 1.5848095757603708e-16 5.0323415170307664e-27 -1.5848095756709544e-16 -3.0616169978317667e-16 -4.3297802811505586e-16 -5.302876193607622e-16 -5.914589856885688e-16 -6.123233995736766e-16 -5.914589856898822e-16 -5.302876193632991e-16 -4.32978028118644e-16 -3.0616169978757097e-16 -1.584809575719969e-16 -1.4910354709650933e-16 -2.365835942760795e-16 -2.2628522245680557e-16 -1.2246467991396455e-16 3.196969670121511e-17 1.7319121124615474e-16 2.4283395520218625e-16 2.1211504774676088e-16 9.373040811084105e-17 -6.339238302304968e-17 -1.9431552575190693e-16 -2.4492935982947064e-16 -1.9431552576057241e-16 -6.339238303508043e-17 9.373040810097781e-17 2.1211504774231257e-16 2.428339552031153e-16 1.731912112499293e-16 3.196969670474337e-17 -1.2246467991242388e-16 -2.26285222456774e-16 -2.3658359427607934e-16 -1.4910354709650923e-16 -0.0 -0.0 -0.0 -0.0 -0.0 -0.0 -0.0 -0.0 -0.0 -0.0 -0.0 -0.0 0.0 0.0 0.0 0.0 0.0 0.0 0.0 0.0 0.0 0.0 0.0 0.15755905175165436 0.3043807145050607 0.4304593345777606 0.5272028623664872 0.5880183863286189 0.6087614290084944 0.5880183863269494 0.5272028623632263 0.43045933457306246 0.3043807144991554 0.15755905174482615 -7.34058645256196e-12 -0.1575590517576244 -0.30438071450939747 -0.4304593345805989 -0.5272028623682475 -0.5880183863299253 -0.6087614290100863 -0.5880183863295779 -0.5272028623675411 -0.43045933457945673 -0.3043807145064407 -0.15755905175243962 0.2500000000007457 0.4829629131458952 0.6830127018939061 0.8365163037393833 0.9330127018931921 0.965925826288932 0.9330127018905153 0.8365163037341901 0.683012701886506 0.4829629131367529 0.24999999999040956 -1.07954484910432e-11 -0.2500000000091609 -0.4829629131515701 -0.6830127018970911 -0.8365163037407851 -0.9330127018938155 -0.9659258262899629 -0.9330127018931552 -0.836516303739486 -0.683012701895114 -0.4829629131469213 -0.2500000000013305 0.23911761839543275 0.46193976625756317 0.653281482440508 0.8001031451934352 0.8923991008339884 0.9238795325115279 0.8923991008311126 0.8001031451879292 0.6532814824328457 0.46193976624843713 0.23911761838563436 -9.511112141489397e-12 -0.23911761840200266 -0.46193976626093675 -0.6532814824410208 -0.8001031451918836 -0.8923991008314592 -0.923879532509282 -0.8923991008304332 -0.8001031451899526 -0.6532814824383344 -0.4619397662559308 -0.23911761839450166 0.12940952255272298 0.25000000000247724 0.3535533905962294 0.4330127018950687 0.4829629131467556 0.500000000001168 0.4829629131443674 0.4330127018906124 0.3535533905903139 0.24999999999596154 0.12940952254658206 -4.7070623474435075e-12 -0.12940952255441632 -0.2500000000011363 -0.3535533905922315 -0.4330127018891092 -0.48296291313972906 -0.4999999999940984 -0.48296291313829987 -0.4330127018865049 -0.35355339058889573 -0.24999999999675676 -0.1294095225494644 -0.03378266442969702 -0.06526309610742316 -0.09229595563815779 -0.11303899831870613 -0.12607862006979445 -0.13052619221796743 -0.12607862007116952 -0.11303899832113089 -0.09229595564101872 -0.06526309610989937 -0.033782664430844545 1.113728781508766e-12 0.033782664433215974 0.0652630961131304 0.09229595564573281 0.11303899832773553 0.12607862007978035 0.1305261922283596 0.12607862008139642 0.11303899833062278 0.09229595564923743 0.0652630961161399 0.03378266443465982 -0.18301270189119165 -0.353553390591603 -0.49999999999802075 -0.6123724356937041 -0.6830127018901546 -0.7071067811845292 -0.6830127018901557 -0.6123724356935035 -0.4999999999972444 -0.3535533905898024 -0.18301270188781732 5.409823980054372e-12 0.18301270189753485 0.35355339059856156 0.5000000000054555 0.6123724357016312 0.6830127018986104 0.7071067811935808 0.6830127018998482 0.6123724357038188 0.5000000000080065 0.35355339059951135 0.18301270189569258 -0.2566048122928315 -0.49572243068741406 -0.7010573846506281 -0.8586164364017849 -0.9576621969427055 -0.9914448613733398 -0.9576621969412008 -0.8586164363988336 -0.7010573846463496 -0.4957224306820635 -0.2566048122866326 6.7112185210055635e-12 0.25660481229826365 0.4957224306913425 0.7010573846532088 0.8586164364035194 0.9576621969442057 0.9914448613753128 0.957662196944351 0.8586164364037564 0.7010573846533699 0.49572243068965743 0.25660481229410537 -0.22414386804398126 -0.4330127018955993 -0.6123724356999194 -0.7500000000040895 -0.8365163037412083 -0.8660254037866173 -0.8365163037384046 -0.7499999999988668 -0.6123724356930138 -0.4330127018880968 -0.22414386803705078 5.09882180167795e-12 0.22414386804542327 0.4330127018933998 0.6123724356945577 0.7499999999964768 0.8365163037324309 0.8660254037778994 0.8365163037309956 0.749999999993898 0.612372435691334 0.4330127018889325 0.22414386804018205 -0.09904576054465762 -0.19134171618827203 -0.27059805008007 -0.3314135740426789 -0.3696438106206419 -0.3826834323698111 -0.3696438106171724 -0.331413574036377 -0.27059805007216 -0.1913417161804468 -0.09904576053881521 1.915579747496522e-12 0.09904576054130343 0.19134171617992107 0.27059805006741844 0.3314135740268091 0.3696438106028578 0.3826834323515633 0.3696438105999569 0.33141357402161375 0.27059805006104864 0.1913417161733631 0.09904576053616636 0.0669872981041219 0.12940952254506807 0.18301270188468874 0.2241438680342453 0.24999999999294736 0.2588190450968597 0.24999999999607544 0.2241438680398107 0.18301270189139612 0.12940952255118884 0.06698729810765015 -1.0674044308147047e-12 -0.06698729811038458 -0.12940952255612584 -0.183012701899862 -0.22414386805263553 -0.2500000000134305 -0.25881904511817716 -0.2500000000169205 -0.22414386805890602 -0.18301270190754987 -0.1294095225630552 -0.06698729811436259 0.2053349539607015 0.39667667014162367 0.5609855267920865 0.6870641468643622 0.7663204807552498 0.7933533402872095 0.7663204807568821 0.6870641468671851 0.5609855267952696 0.3966766701441509 0.20533495396129836 -2.572188665465604e-12 -0.20533495396627788 -0.39667667014989216 -0.5609855268026772 -0.6870641468769212 -0.7663204807692476 -0.7933533403020546 -0.766320480771932 -0.6870641468817764 -0.5609855268086908 -0.3966766701547483 -0.2053349539681693 0.2588190451027982 0.5000000000005074 0.7071067811871993 0.866025403784985 0.9659258262893934 1.0 0.9659258262886591 0.8660254037835665 0.7071067811851995 0.49999999999820816 0.2588190451003655 -2.3606557748830183e-12 -0.25881904510429066 -0.5000000000010989 -0.7071067811870467 -0.8660254037845108 -0.9659258262889598 -1.0 -0.9659258262894684 -0.8660254037854929 -0.7071067811883884 -0.5000000000015427 -0.2588190451033812 0.20533495396592422 0.39667667015051417 0.5609855268029755 0.6870641468756449 0.7663204807655808 0.7933533402956213 0.7663204807628649 0.6870641468707167 0.5609855267967969 0.3966766701445021 0.205334953961573 -1.1731273034457337e-12 -0.20533495396284376 -0.3966766701434319 -0.5609855267924962 -0.6870641468627645 -0.7663204807513735 -0.7933533402812726 -0.766320480749575 -0.6870641468596091 -0.5609855267887855 -0.39667667013944496 -0.2053349539596164 0.06698729811170927 0.12940952255802565 0.18301270190061764 0.22414386805082334 0.2500000000081966 0.2588190451093241 0.2500000000049453 0.22414386804497993 0.1830127018934326 0.12940952255123786 0.0669872981072615 -1.5456091614601738e-13 -0.06698729810662739 -0.1294095225480619 -0.1830127018864814 -0.2241438680335542 -0.2499999999890156 -0.2588190450895852 -0.24999999998604228 -0.22414386802825076 -0.18301270188004456 -0.12940952254188684 -0.06698729810251844 -0.09904576053794915 -0.1913417161767613 -0.27059805006586546 -0.3314135740278306 -0.36964381060697676 -0.38268343235872876 -0.36964381060952384 -0.33141357403239097 -0.27059805007144483 -0.1913417161820744 -0.09904576054144153 -1.0898198397272157e-13 0.09904576054186039 0.191341716184436 0.27059805007680177 0.33141357404137595 0.369643810622247 0.38268343237471514 0.3696438106251695 0.33141357404667043 0.2705980500834002 0.19134171619057738 0.09904576054581309 -0.22414386804039538 -0.43301270188939833 -0.6123724356922489 -0.7499999999960654 -0.8365163037339584 -0.8660254037810761 -0.8365163037352278 -0.7499999999983633 -0.612372435695115 -0.43301270189237356 -0.22414386804275924 -1.0100460604127318e-12 0.22414386804111722 0.43301270189180846 0.6123724356961938 0.7500000000014463 0.8365163037404094 0.8660254037881611 0.8365163037424639 0.7500000000052539 0.6123724357011657 0.43301270189649765 0.22414386804443057 -0.25660481229290255 -0.4957224306875069 -0.7010573846507988 -0.8586164364020786 -0.9576621969433666 -0.9914448613746674 -0.9576621969435012 -0.8586164364023708 -0.7010573846513006 -0.4957224306884749 -0.25660481229439214 -2.0289775761467017e-12 0.25660481229056725 0.49572243068501903 0.7010573846482941 0.8586164363998638 0.9576621969415213 0.9914448613732265 0.9576621969424698 0.8586164364017279 0.70105738465098 0.49572243068775995 0.2566048122930373 -0.18301270189391597 -0.35355339059634244 -0.5000000000040651 -0.6123724357003333 -0.6830127018968905 -0.707106781191078 -0.6830127018964092 -0.6123724356995248 -0.5000000000032369 -0.35355339059604257 -0.18301270189459554 -2.07103854861461e-12 0.18301270189057908 0.35355339059194996 0.49999999999886063 0.6123724356947323 0.6830127018911645 0.7071067811854871 0.6830127018912048 0.61237243569493 0.49999999999943195 0.3535533905927807 0.18301270189188232 -0.03378266443335113 -0.06526309611387178 -0.09229595564643096 -0.11303899832780788 -0.12607862007883724 -0.13052619222624856 -0.12607862007818618 -0.11303899832665056 -0.09229595564505169 -0.06526309611268341 -0.033782664432791175 -4.973580320741479e-13 0.03378266443168903 0.0652630961111498 0.09229595564282246 0.11303899832356089 0.1260786200742138 0.13052619222151632 0.12607862007364437 0.11303899832256463 0.09229595564166906 0.06526309611014489 0.03378266443122861 0.1294095225496234 0.24999999999692113 0.35355339058906865 0.4330127018871753 0.4829629131391272 0.49999999999472705 0.48296291313987527 0.4330127018885857 0.35355339059098356 0.24999999999925185 0.1294095225521117 2.3457404387465845e-12 -0.12940952254795784 -0.24999999999602482 -0.35355339058891627 -0.433012701887767 -0.48296291314026135 -0.49999999999614386 -0.48296291314128836 -0.43301270188972224 -0.3535533905915924 -0.2499999999989656 -0.12940952255078114 0.23911761839352982 0.4619397662541225 0.6532814824361478 0.8001031451887755 0.8923991008299506 0.9238795325090505 0.8923991008310284 0.8001031451908669 0.6532814824391419 0.46193976625808125 0.23911761839823797 5.149599318978195e-12 -0.23911761838900425 -0.46193976625046645 -0.653281482433407 -0.8001031451870654 -0.8923991008290209 -0.923879532508542 -0.8923991008305419 -0.8001031451900155 -0.6532814824375973 -0.4619397662553714 -0.239117618394231 0.24999999999988054 0.4829629131443817 0.6830127018921905 0.8365163037378706 0.9330127018926276 0.965925826290091 0.9330127018940935 0.8365163037406959 0.6830127018961829 0.48296291314951084 0.25000000000579414 6.235011731170524e-12 -0.2499999999946822 -0.4829629131404956 -0.6830127018896224 -0.8365163037366696 -0.9330127018924128 -0.9659258262903507 -0.9330127018942614 -0.836516303740236 -0.6830127018946466 -0.48296291314642936 -0.25000000000103567 0.15755905175138188 0.30438071450461807 0.4304593345773876 0.5272028623663908 0.5880183863292376 0.6087614290102883 0.5880183863303322 0.527202862368499 0.43045933458035557 0.3043807145083856 0.15755905175567744 4.466163742355103e-12 -0.157559051747744 -0.30438071450199594 -0.4304593345757724 -0.527202862365777 -0.5880183863293256 -0.6087614290106872 -0.5880183863306095 -0.5272028623682541 -0.4304593345792481 -0.3043807145061551 -0.15755905175225018
</DataArray>
        <DataArray type="Float64" Name="Mode_19_phi1" NumberOfComponents="1" format="ascii">
 0.0 -0.0 3.84734138744358e-15 -3.84734138744358e-15 0.0 0.0 -0.0 -0.0 -0.0 -0.0 -0.0 0.0 0.0 0.0 0.0 0.0 -0.0 -0.0 -0.0 -0.0 0.0 0.0 0.0 0.0 0.0 -0.0 -0.0 -4.065520053508198 -7.853981633960776 -11.107207345380079 -13.60349523173957 -15.172727398899998 -15.707963267948966 -15.172727398930093 -13.603495231797709 -11.107207345462497 -7.853981634066416 -4.065520053630149 -1.290949125189892e-10 4.0655200534007685 7.853981633880551 11.107207345326888 13.603495231713246 15.172727398892285 15.707963267948966 15.172727398925975 13.603495231778327 11.107207345418933 7.8539816339932775 4.065520053526506 3.0523011409626956e-15 9.957652240612984e-16 -1.4723138076550305e-15 -3.331895378564398e-15 -3.81442684853218e-15 -2.720481184615843e-15 -5.021788215117289e-16 1.923670693673375e-15 3.554479962414624e-15 3.71624640870608e-15 2.3421130409904744e-15 1.2446078758516627e-25 -2.3421130408130824e-15 -3.716246408655443e-15 -3.554479962478798e-15 -1.9236706937944e-15 5.021788214008794e-16 2.7204811845565515e-15 3.814426848524883e-15 3.331895378578371e-15 1.4723138076562264e-15 -9.957652240613065e-16 -3.0523011409626968e-15 -4.065520053532571 -7.85398163400414 -11.107207345430732 -13.603495231768052 -15.172727398910464 -15.707963267948966 -15.172727398928183 -13.603495231802285 -11.107207345480642 -7.85398163410295 -4.06552005368688 -2.032571009192573e-10 4.0655200533341596 7.853981633826244 11.107207345286982 13.603495231688168 15.172727398880927 15.707963267948966 15.17272739893409 13.603495231790868 11.107207345432226 7.853981634004129 4.065520053532562 3.225393914493031 6.23098256392632 8.811940048809598 10.792378381780614 12.037333963275756 12.461965127802065 12.037333963233245 10.792378381698917 8.81194004869511 6.230982563788171 3.2253939143420816 -1.5026926482225755e-10 -3.2253939146018404 -6.230982563989203 -8.811940048831078 -10.792378381771805 -12.037333963252475 -12.461965127782877 -12.037333963237025 -10.792378381742392 -8.81194004878939 -6.230982563911413 -3.2253939144845325 1.052234018108512 2.032760026778824 2.874756798915688 3.520843645963354 3.9269908170048295 4.065520053524014 3.926990816983131 3.520843645922789 2.8747567988616405 2.03276002671875 1.0522340180510332 -4.5437352571256085e-11 -1.05223401812716 -2.0327600267703163 -2.8747567988832867 -3.5208436459131467 -3.926990816944878 -4.065520053463573 -3.9269908169316703 -3.5208436458889754 -2.8747567988520575 -2.032760026729153 -1.0522340180802288 -1.5558071684222263 -3.00558864941224 -4.250544230916728 -5.205832247441191 -5.806351399346628 -6.011177298834319 -5.806351399343962 -5.205832247434162 -4.250544230902148 -3.0055886493861146 -1.5558071683799983 6.188358912621503e-11 1.555807168490797 3.0055886494840647 4.250544230990598 5.205832247517506 5.806351399426526 6.0111772989194865 5.806351399435917 5.205832247533743 4.250544231008417 3.0055886494847597 1.5558071684635109 -3.520843645941092 -6.801747615881742 -9.619123726219065 -11.780972450965546 -13.139967372152796 -13.603495231746042 -13.139967372129096 -11.780972450918322 -9.619123726148812 -6.801747615789991 -3.520843645829346 1.280650003988659e-10 3.5208436460535673 6.801747615973543 9.619123726291678 11.780972451025503 13.139967372209355 13.603495231810156 13.139967372211748 11.780972451028715 9.61912372629162 6.801747615939883 3.5208436459741588 -4.030738965885437 -7.786789732354461 -11.012183646838295 -13.487115444278428 -15.042922612697673 -15.57357946466088 -15.042922612658705 -13.487115444203626 -11.012183646733721 -7.786789732229498 -4.030738965750275 1.328832427076395e-10 4.030738965978803 7.7867897324047055 11.012183646850104 13.48711544426334 15.04292261267069 15.573579464639387 15.042922612660274 13.487115444243717 11.012183646822368 7.786789732343262 4.030738965879053 -2.8747567989219958 -5.553603672750805 -7.853981634038489 -9.619123726277094 -10.728738432917263 -11.10720734542762 -10.728738432871502 -9.619123726191871 -7.853981633925774 -5.55360367262775 -2.8747567988076774 8.4977316364161e-11 2.8747567989480465 5.5536036727179505 7.8539816339542465 9.61912372615538 10.728738432775447 11.107207345285437 10.728738432749124 9.619123726107713 7.853981633893784 5.553603672638091 2.8747567988577853 -0.530656852020859 -1.0251503165184486 -1.449781481077178 -1.7756124335699568 -1.9804383330476207 -2.050300632953975 -1.9804383330059203 -1.7756124334946943 -1.4497814809836727 -1.0251503164275468 -0.530656851956377 1.3878750212741262e-11 0.5306568519701081 1.0251503164068139 1.4497814809131806 1.775612433366091 1.9804383328193675 2.0503006327185527 1.9804383327811335 1.7756124332974954 1.4497814808288367 1.0251503163234925 0.5306568519098499 2.0327600267213044 3.926990816925675 5.553603672623584 6.801747615801324 7.586363699385026 7.853981633915208 7.586363699410482 6.80174761584523 5.553603672672753 3.9269908169630408 2.0327600267266486 -4.6241198711600785e-11 -2.032760026816226 -3.926990817063821 -5.553603672798548 -6.801747616006112 -7.586363699610835 -7.853981634152396 -7.586363699648702 -6.801747616074022 -5.5536036728810965 -3.9269908171287295 -2.0327600268368897 3.7560507664437295 7.256132880325809 10.26172152974308 12.56799081520496 14.017772296197387 14.512265760666434 14.017772296196215 12.567990815200085 10.261721529729748 7.256132880299258 3.756050766397026 -7.264333919565166e-11 -3.756050766526354 -7.25613288041443 -10.261721529836548 -12.567990815305249 -14.01777229630597 -14.512265760785164 -14.017772296326536 -12.567990815342311 -10.261721529881601 -7.256132880436012 -3.756050766506426 3.9269908170092536 7.586363699494024 10.728738432912348 13.139967372199939 14.65572924989071 15.172727398935766 14.655729249858421 13.139967372139573 10.72873843283196 7.586363699406404 3.9269908169271965 -6.257436135115959e-11 -3.926990817029737 -7.586363699472555 -10.728738432854776 -13.139967372118061 -14.655729249797606 -15.17272739884604 -14.655729249786745 -13.139967372099074 -10.72873843283198 -7.586363699432338 -3.9269908169740613 2.4749317974993907 4.781201083004369 6.761639415998932 8.281283196919256 9.236571213429437 9.562402165895515 9.23657121337138 8.281283196813854 6.761639415866594 4.781201082873879 2.474931797402457 -3.100296074409288e-11 -2.474931797441649 -4.781201082862617 -6.761639415785161 -8.281283196652492 -9.23657121313183 -9.56240216559162 -9.236571213086476 -8.281283196571634 -6.761639415686951 -4.781201082760197 -2.4749317973603135 7.456647789908478e-11 1.2673759433213738e-10 1.547782389179342e-10 1.5955134436869586e-10 1.445357003018106e-10 1.1502076076706695e-10 7.76269181997268e-11 3.962212788156049e-11 7.90541127718529e-12 -1.1751712249879822e-11 -1.5030961868660587e-11 2.188063132786717e-22 3.295189418543977e-11 8.09719504615792e-11 1.3899701190909088e-10 2.0022422276150857e-10 2.5676875533074204e-10 3.004541347157213e-10 3.236505852548198e-10 3.201171922561844e-10 2.8585997436846086e-10 2.1944730557001703e-10 1.2255655576776526e-10 -2.474931797389142 -4.7812010828164455 -6.76163941576889 -8.281283196681262 -9.236571213213287 -9.562402165723316 -9.236571213255631 -8.281283196756553 -6.761639415859353 -4.781201082899577 -2.474931797437356 1.4139872485105246e-11 2.474931797472799 4.78120108296444 6.761639415972526 8.281283196930112 9.236571213492823 9.56240216601705 9.23657121354626 8.28128319702683 6.7616394160928115 4.781201083071964 2.474931797534559 -3.9269908169731162 -7.586363699432007 -10.728738432836307 -13.139967372121308 -14.655729249820645 -15.172727398883303 -14.655729249829568 -13.139967372136715 -10.728738432853666 -7.586363699447639 -3.926990816979908 9.060811758695913e-12 3.9269908169961973 7.586363699468126 10.728738432884574 13.139967372183012 14.655729249894172 15.172727398966382 14.655729249919393 13.139967372229885 10.728738432945718 7.586363699519572 3.926990817022852 -3.756050766480787 -7.256132880388968 -10.261721529821395 -12.567990815287684 -14.017772296277071 -14.512265760738543 -14.017772296259288 -12.567990815255657 -10.261721529781891 -7.2561328803536655 -3.756050766460046 -4.1328559868863595e-12 3.756050766445283 7.256132880324883 10.261721529733899 12.567990815186386 14.017772296170104 14.512265760634527 14.017772296166694 12.567990815182068 10.26172152973299 7.256132880321065 3.756050766441998 -2.032760026802628 -3.9269908170654837 -5.5536036727975056 -6.801747615985438 -7.586363699559547 -7.853981634065968 -7.586363699529696 -6.801747615931972 -5.553603672732596 -3.9269908170068106 -2.032760026768627 -9.160104511111775e-12 2.0327600267426535 3.926990816958817 5.553603672651546 6.801747615811572 7.586363699369824 7.8539816338732065 7.586363699347033 6.801747615771911 5.553603672605734 3.926990816915656 2.032760026717256 0.5306568519346062 1.0251503163689883 1.4497814808903589 1.7756124333711587 1.9804383328599353 2.050300632795574 1.9804383328884048 1.7756124334222885 1.449781480953208 1.025150316429262 0.530656851975404 4.195910605367397e-12 -0.5306568519750405 -1.0251503164513003 -1.4497814810088017 -1.7756124335180334 -1.980438333025073 -2.0503006329674798 -1.9804383330551427 -1.775612433572389 -1.4497814810762073 -1.025150316515268 -0.5306568520178803 2.8747567988619753 5.553603672645698 7.8539816339066695 9.619123726136694 10.728738432787353 11.107207345324753 10.728738432808038 9.619123726174745 7.853981633955743 5.553603672699567 2.87475679891051 3.253179744798481e-11 -2.8747567988549974 -5.55360367266452 -7.853981633949115 -9.619123726200787 -10.728738432867027 -11.107207345412572 -10.728738432895867 -9.61912372625461 -7.853981634020117 -5.55360367273611 -2.874756798913329 4.030738965863547 7.786789732315614 11.012183646790504 13.487115444229419 15.042922612658913 15.573579464643753 15.04292261267312 13.487115444256656 11.012183646828644 7.786789732365045 4.0307389659203965 5.934168999278404e-11 -4.030738965813626 -7.78678973227794 -11.012183646765674 -13.487115444219592 -15.042922612661076 -15.57357946465354 -15.042922612685434 -13.487115444266419 -11.012183646831065 -7.786789732349261 -4.0307389658825725 3.520843645950448 6.801747615898757 9.619123726243865 11.780972450997634 13.139967372195734 13.603495231804454 13.139967372207677 11.780972451021027 9.61912372627785 6.801747615945036 3.5208436460070542 6.382053774763219e-11 -3.5208436458918597 -6.8017476158487 -9.619123726203377 -11.780972450969127 -13.13996737217689 -13.603495231791605 -13.139967372196585 -11.78097245100744 -9.619123726258074 -6.801747615911493 -3.5208436459575805 1.5558071684466466 3.0055886494577506 4.25054423097987 5.205832247517357 5.80635139943294 6.011177298928264 5.806351399443511 5.205832247537424 4.250544231007318 3.0055886494910586 1.5558071684821655 3.350561781665322e-11 -1.5558071684230559 -3.0055886494452433 -4.250544230978012 -5.205832247525741 -5.806351399448625 -6.011177298947547 -5.806351399462197 -5.205832247551502 -4.250544231013243 -3.005588649484693 -1.5558071684619417 -1.0522340180807812 -2.0327600267279413 -2.8747567988483755 -3.520843645886861 -3.9269908169281456 -4.065520053456067 -3.926990816931693 -3.5208436458940993 -2.8747567988594396 -2.0327600267441124 -1.0522340181021648 -2.624276578659761e-11 1.052234018054685 2.0327600267034676 2.8747567988260867 3.520843645867722 3.9269908169115326 4.06552005344084 3.926990816916774 3.5208436458781045 2.8747567988414935 2.0327600267230257 1.0522340180779348 -3.225393914468164 -6.230982563881559 -8.811940048753844 -10.792378381722497 -12.037333963228908 -12.461965127780443 -12.03733396324928 -10.792378381761921 -8.811940048809998 -6.230982563954422 -3.2253939145532993 -9.142691070727676e-11 3.2253939143903354 6.230982563821465 8.811940048711604 10.792378381698699 12.037333963218222 12.461965127775636 12.037333963242515 10.792378381745676 8.811940048778252 6.230982563902321 3.2253939144798176
</DataArray>
        <DataArray type="Float64" Name="Mode_19_phi2" NumberOfComponents="1" format="ascii">
 0.0 3.84734138744358e-15 3.84734138744358e-15 0.0 3.824960866318816 6.069090959560678 5.8049063042874325 3.1415926536193464 -0.8201202531133877 -4.442882938117251 -6.229431785853472 -5.441398092743729 -2.4044709196243774 1.6262080213038688 4.984786051047807 6.283185307179586 4.984786051192375 1.6262080215111778 -2.40447091944719 -5.441398092659265 -6.229431785872539 -4.442882938204391 -0.8201202532129024 3.141592653552216 5.804906304266405 6.069090959570392 3.8249608663338615 3.716246408683084e-15 3.3318953785593467e-15 2.7204811846048944e-15 1.9236706937290286e-15 9.95765224092469e-16 1.4241106492820913e-26 -9.9576522406496e-16 -1.923670693704365e-15 -2.720481184584708e-15 -3.3318953785444085e-15 -3.716246408675081e-15 -3.84734138744358e-15 -3.7162464086901346e-15 -3.3318953785706917e-15 -2.720481184617923e-15 -1.9236706937401953e-15 -9.957652240995199e-16 -1.5941597639041848e-26 9.957652240687232e-16 1.9236706937125867e-15 2.720481184595378e-15 3.331895378554751e-15 3.716246408681882e-15 3.824960866338829 6.069090959573639 5.80490630426002 3.1415926535700205 -0.8201202531534686 -4.442882938134152 -6.229431785854434 -5.441398092748303 -2.4044709196480802 1.6262080212631211 4.984786051012057 6.283185307179586 4.984786051234353 1.6262080215717465 -2.404470919395058 -5.4413980926341905 -6.229431785878266 -4.442882938230981 -0.8201202532439793 3.1415926535304974 5.804906304259211 6.069090959573636 3.824960866338827 0.0 0.0 0.0 0.0 0.0 0.0 -0.0 -0.0 -0.0 -0.0 -0.0 -0.0 -0.0 -0.0 -0.0 -0.0 -0.0 -0.0 0.0 0.0 0.0 0.0 0.0 3.694628485322145 3.3125132787109592 2.7046557663406627 1.9124804331475385 0.9899727189573884 -2.3377076508262226e-11 -0.9899727190029775 -1.9124804331896934 -2.7046557663772575 -3.312513278740083 -3.694628485342272 -3.8249608663288215 -3.6946284853224522 -3.3125132787067804 -2.704655766336979 -1.912480433148389 -0.9899727189654098 7.330557897670803e-12 0.9899727189799996 1.9124804331627472 2.7046557663512285 3.3125132787252074 3.6946284853398126 5.862291699936182 5.25598694885315 4.291495373132123 3.0345454797613685 1.5707963267666905 -3.449976393614701e-11 -1.5707963268336276 -3.0345454798222065 -4.291495373183199 -5.255986948891302 -5.862291699959173 -6.069090959567157 -5.862291699928722 -5.255986948840044 -4.291495373121273 -3.0345454797590694 -1.5707963267771021 1.0030485810221729e-11 1.570796326796754 3.0345454797775275 4.291495373138276 5.255986948861895 5.8622916999474945 5.607108918496989 5.027196326094149 4.104688611900679 2.9024531521235555 1.5024203065590838 -3.051935830218063e-11 -1.5024203066174395 -2.9024531521740697 -4.104688611938846 -5.027196326116395 -5.607108918501308 -5.804906304273322 -5.60710891847132 -5.027196326065623 -4.104688611877507 -2.9024531521122188 -1.5024203065638817 8.067748930766012e-12 1.5024203065788537 2.9024531521238277 4.104688611884402 5.027196326072917 5.607108918471774 3.0345454798067006 2.72069904636793 2.2214414690867077 1.5707963267933684 0.8131040106937704 -1.5174825894102033e-11 -0.813104010721175 -1.570796326812258 -2.221441469092459 -2.7206990463573573 -3.0345454797787057 -3.141592653574927 -3.0345454797578433 -2.7206990463214806 -2.2214414690489943 -1.5707963267693845 -0.8131040106869047 3.5403069979284596e-12 0.8131040106918201 1.5707963267681004 2.221441469038534 2.72069904630317 3.0345454797278544 -0.792175333150042 -0.7102449733631188 -0.5799125923751149 -0.41006012656544455 -0.21226274078415316 3.6121503966078623e-12 0.21226274079394733 0.41006012658258306 0.5799125924033046 0.7102449734043933 0.7921753332044449 0.8201202531786834 0.7921753332117196 0.7102449734178123 0.5799125924198659 0.410060126597771 0.21226274080227578 -7.071384766114737e-13 -0.21226274080646143 -0.410060126609877 -0.5799125924440073 -0.7102449734571652 -0.7921753332656124 -4.291495373110303 -3.847649490455122 -3.1415926535641905 -2.2214414690576154 -1.149902719537537 1.7676160821686764e-11 1.1499027195741343 2.2214414690977065 3.1415926536092766 3.8476494905054266 4.291495373165035 4.442882938174118 4.291495373158495 3.84764949049554 3.1415926535978875 2.221441469085076 1.149902719558966 -2.662782959846254e-12 -1.1499027195665545 -2.2214414690991564 -3.1415926536220726 -3.8476494905358702 -4.291495373210654 -6.017169045061896 -5.394846177689265 -4.40487345870984 -3.114715892915564 -1.6122955863291561 2.2122706803774637e-11 1.6122955863724306 3.114715892955949 4.404873458745488 5.39484617771822 6.017169045083029 6.229431785865868 6.017169045065586 5.394846177689331 4.4048734587111555 3.114715892921487 1.6122955863418802 -2.0958046391643543e-12 -1.6122955863464528 -3.1147158929271677 -4.404873458718909 -5.394846177704988 -6.017169045083283 -5.255986948896054 -4.712388980409316 -3.8476494904983967 -2.720699046352454 -1.4083374583667578 1.7003131082331213e-11 1.4083374583972488 2.720699046372782 3.8476494905030596 4.71238898039437 5.255986948860474 5.441398092688956 5.255986948836922 4.712388980354058 3.8476494904546317 2.7206990463257696 1.408337458360986 -3.953008848161932e-13 -1.4083374583593884 -2.720699046317316 -3.8476494904361647 -4.712388980328094 -5.2559869487984985 -2.3225405598166757 -2.0823328990378975 -1.7002176924094137 -1.2022354597890996 -0.6223228673762434 6.486735282595492e-12 0.6223228673838355 1.2022354597812215 1.7002176923780408 2.0823328989780374 2.3225405597276 2.404470919509718 2.3225405597036293 2.082332898935818 1.700217692326767 1.2022354597324987 0.6223228673503345 4.595955181549118e-13 -0.6223228673444945 -1.2022354597125882 -1.7002176922857242 -2.082332898871336 -2.3225405596133495 1.570796326706456 1.4083374583058197 1.1499027195060953 0.8131040106719498 0.4208936072233024 -3.69349737412719e-12 -0.4208936072362174 -0.8131040107006698 -1.1499027195586704 -1.408337458386716 -1.5707963268160734 -1.6262080214377999 -1.5707963268345735 -1.4083374584203687 -1.1499027196001737 -0.8131040107396953 -0.42089360726054365 -7.398125193368599e-13 0.42089360726488756 0.8131040107607319 1.149902719646565 1.408337458498332 1.5707963269434277 4.814933585239629 4.316951352649378 3.5247760194725624 2.4923930255335502 1.2901575657748878 -9.198682312842664e-12 -1.2901575657966788 -2.4923930255650335 -3.5247760195185167 -4.316951352712017 -4.814933585319089 -4.9847860511410715 -4.814933585326799 -4.316951352727088 -3.5247760195379345 -2.4923930255834246 -1.2901575658069986 -3.5826656229093943e-12 1.2901575658041 2.4923930255927687 3.5247760195661 4.316951352781278 4.8149335854040825 6.069090959564308 5.441398092700813 4.442882938154271 3.141592653583847 1.6262080213987868 -8.910421704573709e-12 -1.6262080214160044 -3.1415926535992837 -4.442882938166836 -5.441398092709154 -6.0690909595684035 -6.283185307179586 -6.0690909595617955 -5.441398092698667 -4.442882938155229 -3.141592653589008 -1.6262080214089527 -6.173286296492308e-12 1.626208021397027 3.14159265357832 4.442882938146799 5.441398092697057 6.069090959563327 4.814933585364675 4.3169513527487755 3.524776019543736 2.4923930255776154 1.2901575657958866 -4.942863867140202e-12 -1.2901575658015547 -2.492393025571156 -3.5247760195188307 -4.3169513527011665 -4.8149335852942166 -4.984786051102213 -4.814933585276525 -4.316951352670356 -3.524776019482099 -2.492393025537504 -1.2901575657807012 -6.20367422605927e-12 1.2901575657648285 2.4923930255117255 3.5247760194416573 4.3169513526154075 4.814933585204173 1.5707963268860548 1.4083374584485617 1.1499027196079787 0.8131040107341331 0.4208936072513284 -9.181541184579653e-13 -0.42089360724775843 -0.8131040107150573 -1.1499027195654106 -1.4083374583776793 -1.5707963267865293 -1.6262080213871548 -1.5707963267662122 -1.4083374583414718 -1.1499027195214044 -0.8131040106740234 -0.4208936072219171 -2.4528268836494217e-12 0.4208936072118296 0.8131040106491149 1.1499027194741507 1.408337458268391 1.5707963266661167 -2.3225405596630964 -2.0823328989164613 -1.7002176923241534 -1.2022354597397704 -0.6223228673584565 3.319384413415759e-13 0.622322867363432 1.202235459757083 1.7002176923601153 2.082332898974522 2.3225405597438686 2.4044709195476246 2.3225405597605002 2.0823328990046046 1.7002176923974897 1.2022354597932077 0.6223228673884718 4.260962061401056e-12 -0.622322867384565 -1.2022354598025737 -1.7002176924270633 -2.082332899059637 -2.3225405598404976 -5.255986948823217 -4.712388980353393 -3.8476494904622465 -2.7206990463370246 -1.4083374583702994 -1.5698279730962e-12 1.4083374583691883 2.7206990463417386 3.8476494904757277 4.712388980376862 5.255986948857646 5.441398092703793 5.255986948868089 4.712388980396059 3.847649490500415 2.720699046367531 1.4083374583910047 1.1078080535342309e-11 -1.408337458371526 -2.720699046355771 -3.847649490500666 -4.712388980413324 -5.255986948900924 -6.017169045079666 -5.394846177706819 -4.404873458728145 -3.114715892936204 -1.6122955863527992 -4.454323180442447e-12 1.6122955863438069 3.114715892926985 4.404873458718592 5.3948461776963414 6.017169045069349 6.229431785863486 6.017169045074225 5.394846177705388 4.4048734587310845 3.1147158929422014 1.612295586361086 1.4325684898287666e-11 -1.6122955863330264 -3.11471589291588 -4.4048734587078044 -5.394846177688477 -6.017169045062254 -4.291495373187968 -3.8476494905208614 -3.1415926536169185 -2.2214414690984152 -1.149902719568162 -5.0719620461377856e-12 1.1499027195568488 2.221441469083774 3.1415926535972893 3.847649490494893 4.291495373156535 4.442882938169279 4.291495373157236 3.847649490496234 3.14159265359994 2.2214414690891293 1.149902719566734 1.1389182091967159e-11 -1.1499027195432239 -2.2214414690635533 -3.14159265357154 -3.847649490466181 -4.291495373124753 -0.7921753332386955 -0.7102449734363475 -0.5799125924302735 -0.4100601266020708 -0.21226274080353028 -1.2862456676583938e-12 0.2122627407997715 0.4100601265949026 0.5799125924179539 0.7102449734177996 0.7921753332140339 0.82012025318318 0.7921753332107686 0.7102449734119014 0.5799125924109436 0.410060126588889 0.2122627407972787 2.3179611710127914e-12 -0.2122627407915205 -0.4100601265799236 -0.5799125923971737 -0.7102449733926876 -0.7921753331858936 3.0345454797470115 2.720699046320813 2.2214414690556206 1.5707963267805323 0.8131040106991091 6.267194484225189e-12 -0.8131040106873935 -1.5707963267711753 -2.2214414690498625 -2.720699046319211 -3.034545479750507 -3.1415926535611276 -3.0345454797590117 -2.7206990463343326 -2.221441469069167 -1.5707963267919345 -0.8131040107069472 -9.705222409992485e-12 0.8131040106885784 1.570796326776611 2.2214414690586266 2.720699046330551 3.0345454797619436 5.607108918479374 5.027196326084455 4.104688611902191 2.9024531521394894 1.5024203065900803 1.405633477246564e-11 -1.502420306562792 -2.9024531521146164 -4.104688611881126 -5.02719632606763 -5.607108918468684 -5.804906304263209 -5.607108918483681 -5.027196326094034 -4.104688611914893 -2.9024531521517263 -1.502420306599585 -1.9464183061033303e-11 1.5024203065618387 2.9024531521174772 4.104688611886312 5.02719632607378 5.607108918472122 5.862291699947274 5.2559869488689195 4.29149537315492 3.0345454797940263 1.570796326809648 1.7286151041021367e-11 -1.570796326776323 -3.0345454797643545 -4.291495373130982 -5.2559869488515645 -5.86229169993872 -6.069090959572019 -5.862291699957712 -5.255986948884892 -4.291495373173352 -3.034545479810348 -1.5707963268209704 -2.1950968708340726e-11 1.5707963267786376 3.0345454797726044 4.291495373142932 5.255986948864617 5.862291699948412 3.69462848533751 3.3125132787284928 2.704655766361598 1.9124804331736363 0.9899727189888671 1.2525886472636699e-11 -0.9899727189647735 -1.9124804331523575 -2.7046557663447284 -3.3125132787167275 -3.6946284853324407 -3.824960866336341 -3.694628485346229 -3.3125132787408678 -2.704655766375292 -1.9124804331853271 -0.989972718996455 -1.483988057737218e-11 0.9899727189678862 1.9124804331600338 2.704655766355193 3.312513278727692 3.694628485340778
</DataArray>
        <DataArray type="Float64" Name="Mode_20_w" NumberOfComponents="1" format="ascii">
 0.0 -0.0 2.399615652258972e-31 -0.0 0.0 0.0 0.0 0.0 0.0 0.0 -0.0 -0.0 -0.0 -0.0 -0.0 -0.0 0.0 0.0 0.0 0.0 0.0 0.0 -0.0 -0.0 -0.0 -0.0 -0.0 -2.449293598290331e-16 -4.242300954894692e-16 -4.898587196589413e-16 -4.24230095491027e-16 -2.449293598319625e-16 -3.626467989488854e-27 2.449293598256819e-16 4.2423009548740084e-16 4.898587196589413e-16 4.2423009549327327e-16 2.449293598358526e-16 8.051746427249225e-27 -2.4492935982302565e-16 -4.242300954865803e-16 -4.898587196589413e-16 -4.242300954926687e-16 -2.4492935983357227e-16 -4.0594945040569575e-27 2.4492935982654106e-16 4.2423009548860967e-16 4.898587196589413e-16 4.2423009549063956e-16 2.4492935983005686e-16 2.44929359830396e-16 4.242300954910307e-16 4.898587196589413e-16 4.2423009548925057e-16 2.4492935982977845e-16 2.136072371425836e-27 -2.4492935982608017e-16 -4.2423009548711537e-16 -4.898587196589413e-16 -4.2423009549458884e-16 -2.44929359839025e-16 -1.2677297689007951e-26 2.449293598193009e-16 4.242300954846247e-16 4.898587196589413e-16 4.2423009549423297e-16 2.449293598359427e-16 6.404998840888184e-27 -2.4492935982484777e-16 -4.242300954878275e-16 -4.898587196589413e-16 -4.242300954910304e-16 -2.4492935983039553e-16 -0.0 -0.0 -0.0 -0.0 -0.0 -0.0 0.0 0.0 0.0 0.0 0.0 0.0 -0.0 -0.0 -0.0 -0.0 -0.0 -0.0 0.0 0.0 0.0 0.0 0.0 0.2500000000004975 0.43301270189267 0.49999999999945444 0.43301270188980395 0.24999999999542763 -6.111716518219114e-12 -0.25000000000612854 -0.4330127018963166 -0.5000000000001498 -0.4330127018873688 -0.24999999999051462 1.2058231850390832e-11 0.25000000000937844 0.43301270189723207 0.500000000000845 0.43301270189038155 0.24999999999739622 -1.91650533269757e-12 -0.25000000000083084 -0.4330127018926985 -0.5000000000015402 -0.43301270189472735 -0.2500000000018159 0.4330127018932162 0.7500000000010149 0.8660254037838294 0.7499999999962836 0.43301270188492286 -9.845847489294857e-12 -0.4330127019021115 -0.75000000000659 -0.8660254037846261 -0.7499999999921144 -0.4330127018769053 1.9357868656251415e-11 0.43301270190711316 0.7500000000077364 0.8660254037854229 0.7499999999967513 0.43301270188795465 -2.862588674920803e-12 -0.43301270189304425 -0.7500000000000745 -0.8660254037862197 -0.7500000000034879 -0.43301270189483076 0.5000000000015402 0.8660254037862197 1.0 0.8660254037808961 0.49999999999237926 -1.0515021846149868e-11 -0.5000000000105933 -0.8660254037914119 -1.0 -0.8660254037757491 -0.49999999998346295 2.0589507196128475e-11 0.5000000000154199 0.8660254037918391 1.0 0.8660254037800444 0.49999999999498934 -2.779631059621648e-12 -0.49999999999980227 -0.8660254037828213 -1.0 -0.8660254037865184 -0.5000000000018013 0.4330127018944036 0.7500000000028381 0.866025403785795 0.7499999999981061 0.4330127018865492 -8.36631999839895e-12 -0.43301270190077046 -0.7500000000055324 -0.8660254037841622 -0.7499999999926359 -0.4330127018787071 1.630574228038975e-11 0.4330127019037148 0.7500000000043999 0.866025403782529 0.7499999999947135 0.433012701887206 -1.951873546638833e-12 -0.4330127018903106 -0.7499999999957192 -0.8660254037808961 -0.7499999999984689 -0.4330127018917106 0.25000000000289524 0.43301270189633473 0.500000000003272 0.4330127018930296 0.24999999999782546 -4.404415550965793e-12 -0.2500000000048492 -0.4330127018953383 -0.4999999999996415 -0.43301270188777524 -0.2499999999923549 8.532607613342066e-12 0.2500000000049595 0.4330127018923064 0.4999999999960098 0.4330127018865143 0.2499999999955313 -8.622375484989381e-13 -0.24999999999641975 -0.43301270188527974 -0.49999999999237926 -0.4330127018861012 -0.24999999999645822 3.2743309765722805e-12 4.933274533180145e-12 4.842915298094848e-12 3.4552854124069847e-12 1.5683622769072433e-12 -1.8167459031855222e-23 -7.150448602099632e-13 -4.996917634493405e-13 2.761010238468242e-13 9.779127647634866e-13 9.915899732308127e-13 -4.339867935355508e-23 -1.845351479233825e-12 -3.933891006303956e-12 -5.395117345788496e-12 -5.412264719552693e-12 -3.5513201788089966e-12 9.537926327819289e-24 4.404415550943945e-12 8.366319998376535e-12 1.0515021846149868e-11 9.845847489319776e-12 6.111716518242514e-12 -0.24999999999710776 -0.43301270188765684 -0.49999999999488426 -0.4330127018873172 -0.24999999999571396 3.551320178813247e-12 0.2500000000027388 0.4330127018938924 0.5000000000001198 0.43301270189020513 0.24999999999548134 -6.769129361101664e-12 -0.2500000000067945 -0.4330127018984404 -0.5000000000053567 -0.43301270189636293 -0.2500000000023202 3.3643592405184155e-13 0.2500000000037738 0.43301270189971924 0.5000000000105933 0.4330127019031232 0.2500000000070133 -0.4330127018907272 -0.749999999997445 -0.8660254037809524 -0.7499999999955947 -0.43301270188707797 5.412264719560412e-12 0.43301270189703445 0.7500000000030205 0.8660254037844393 0.7499999999961631 0.43301270188457636 -1.0197643603402108e-11 -0.4330127019008453 -0.7500000000059762 -0.8660254037879254 -0.750000000001762 -0.4330127018929622 1.2582817965590438e-13 0.43301270189376123 0.7500000000038995 0.8660254037914119 0.7500000000082001 0.43301270189772334 -0.500000000000845 -0.866025403785423 -1.0 -0.866025403782529 -0.4999999999960098 5.395561434998346e-12 0.5000000000053567 0.8660254037879254 1.0 0.866025403780162 0.49999999999191014 -1.0011302217499982e-11 -0.5000000000072573 -0.8660254037877517 -1.0 -0.8660254037828777 -0.4999999999988152 -3.822841145107981e-13 0.49999999999815004 0.8660254037824945 1.0 0.8660254037863194 0.5000000000016306 -0.43301270189586216 -0.7500000000053155 -0.8660254037889896 -0.750000000001886 -0.43301270189082747 3.933891006290272e-12 0.4330127018969066 0.7500000000032727 0.8660254037845754 0.7499999999964155 0.43301270188576596 -7.143209672312852e-12 -0.43301270189592145 -0.7499999999992124 -0.866025403780162 -0.7499999999947177 -0.43301270188886914 -7.87963688908426e-13 0.4330127018867693 0.7499999999913809 0.8660254037757491 0.7499999999934366 0.43301270188852553 -0.25000000000611655 -0.43301270190142466 -0.5000000000088061 -0.43301270189794316 -0.2500000000016045 1.8453514792088873e-12 0.2500000000033926 0.43301270189490965 0.5000000000003589 0.43301270188990754 0.24999999999613415 -3.242172856410333e-12 -0.24999999999962988 -0.43301270188740854 -0.49999999999191014 -0.433012701883687 -0.2499999999945916 -7.187200385395737e-13 0.2499999999919395 0.43301270187809127 0.49999999998346295 0.43301270187758634 0.24999999999110992 -7.336476211410246e-12 -1.118031717368935e-11 -1.1147772275016102e-11 -8.12588324261988e-12 -3.810407885176875e-12 1.6614281394673414e-23 2.0464855436802116e-12 2.017784565605444e-12 5.695672963876098e-13 -1.036649365447796e-12 -1.4786946041093643e-12 2.2290782749954174e-23 3.242172856455972e-12 7.1432096723403845e-12 1.0011302217499982e-11 1.0197643603379872e-11 6.769129361074416e-12 3.0067316836603374e-23 -8.532607613333495e-12 -1.6303434725146972e-11 -2.0589507196128475e-11 -1.9357868656278133e-11 -1.2058231850416045e-11 0.24999999999429232 0.4330127018834079 0.4999999999909267 0.4330127018851296 0.24999999999603867 -9.915899732453324e-13 -0.24999999999911782 -0.4330127018908343 -0.4999999999990893 -0.43301270189194396 -0.24999999999967756 1.4786946041301795e-12 0.2500000000031733 0.433012701897618 0.500000000007255 0.43301270189984414 0.2500000000056696 1.2445216630479698e-12 -0.25000000000487466 -0.4330127019033141 -0.5000000000154199 -0.43301270190762753 -0.25000000000982864 0.4330127018893373 0.7499999999954767 0.8660254037795774 0.7499999999959055 0.43301270188963475 -9.779127647676266e-13 -0.43301270189201185 -0.7499999999992438 -0.8660254037836652 -0.7499999999994017 -0.4330127018916045 1.0343418102281279e-12 0.43301270189358587 0.750000000002199 0.8660254037877517 0.7500000000041542 0.43301270189628904 2.61247068577121e-12 -0.4330127018924423 -0.7500000000038977 -0.8660254037918378 -0.7500000000084839 -0.4330127018978861 0.5000000000001499 0.8660254037846261 1.0 0.8660254037841622 0.4999999999996415 -2.761010238468242e-13 -0.5000000000001198 -0.8660254037844393 -1.0 -0.8660254037845763 -0.5000000000003589 -5.695672963876098e-13 0.4999999999990893 0.8660254037836652 1.0 0.866025403785711 0.5000000000026381 3.5441992886432438e-12 -0.4999999999964963 -0.8660254037821667 -1.0 -0.8660254037861196 -0.5000000000014552 0.4330127018947749 0.750000000004013 0.866025403788546 0.7500000000031446 0.43301270189401353 4.996917634478744e-13 -0.43301270189267665 -0.7500000000010071 -0.866025403785711 -0.7500000000014507 -0.4330127018939112 -2.0200921208247042e-12 0.43301270188994695 0.7499999999977961 0.8660254037828777 0.7499999999997493 0.43301270189380175 3.5262625543123924e-12 -0.4330127018872211 -0.7499999999945886 -0.8660254037800427 -0.7499999999972102 -0.43301270189078556 0.2500000000038271 0.43301270189832725 0.5000000000064609 0.4330127018973968 0.25000000000301875 7.150448602050633e-13 -0.25000000000114236 -0.4330127018944735 -0.5000000000026381 -0.4330127018947566 -0.25000000000226924 -2.046485543671974e-12 0.24999999999822808 0.43301270189067537 0.4999999999988152 0.4330127018917495 0.25000000000072437 2.299677625609245e-12 -0.24999999999610506 -0.4330127018872422 -0.49999999999498934 -0.4330127018881347 -0.24999999999755612 3.878858855848785e-12 6.266099789882296e-12 6.7061144627756896e-12 5.350769551168579e-12 2.8254792500942002e-12 1.1705737526896263e-23 -2.2996776256120046e-12 -3.5231858140192162e-12 -3.5441992886432438e-12 -2.6124706857621223e-12 -1.2445216630311515e-12 -1.1510646640569003e-23 7.169436817107152e-13 7.879636889117605e-13 3.8050775767139783e-13 -1.2582817965553514e-13 -3.3643592404953605e-13 -6.14551886141916e-24 8.622375485014828e-13 1.9518735466394878e-12 2.779631059621648e-12 2.8625886749214573e-12 1.9165053326982456e-12 -0.24999999999699213 -0.43301270188734514 -0.4999999999948456 -0.4330127018884001 -0.2499999999987304 -1.568362276911872e-12 0.2499999999962891 0.43301270188778473 0.4999999999964963 0.43301270189096336 0.2500000000015182 3.81040788517307e-12 -0.24999999999562253 -0.4330127018886302 -0.49999999999815004 -0.43301270189243646 -0.25000000000194395 -2.826367428499883e-12 0.24999999999732392 0.43301270189056484 0.49999999999980227 0.43301270189305996 0.25000000000084793 -0.43301270189049385 -0.7499999999972892 -0.8660254037818399 -0.7499999999987347 -0.4330127018932836 -3.455285412408144e-12 0.433012701887355 0.7499999999954701 0.8660254037821667 0.7500000000013838 0.4330127018975451 8.125883242610358e-12 -0.4330127018845109 -0.7499999999946474 -0.8660254037824945 -0.7500000000015118 -0.4330127018963456 -5.350769551154244e-12 0.43301270188713065 0.7499999999963504 0.8660254037828213 0.7499999999999589 0.4330127018926025 -0.4999999999994546 -0.8660254037838294 -1.0 -0.866025403785795 -0.500000000003272 -4.842915298094848e-12 0.49999999999488426 0.8660254037809524 1.0 0.8660254037889896 0.5000000000088061 1.1147772275016102e-11 -0.4999999999909267 -0.8660254037795774 -1.0 -0.866025403788546 -0.5000000000064625 -6.7061144627756896e-12 0.4999999999948456 0.8660254037818399 1.0 0.8660254037859197 0.5000000000012844 -0.4330127018923537 -0.7500000000006115 -0.8660254037859197 -0.750000000002722 -0.4330127018963512 -4.933274533181271e-12 0.4330127018878395 0.7499999999979035 0.8660254037861196 0.7500000000060631 0.43301270190193775 1.1180317173704782e-11 -0.4330127018840888 -0.7499999999968 -0.8660254037863194 -0.7500000000056243 -0.4330127018993408 -6.264561419749053e-12 0.4330127018885236 0.7499999999994751 0.8660254037865184 0.7500000000030845 0.43301270189438 -0.25000000000022354 -0.4330127018928689 -0.5000000000012813 -0.43301270189430496 -0.25000000000291167 -3.2747750657832857e-12 0.24999999999726782 0.43301270189113156 0.5000000000014552 0.4330127018965162 0.25000000000656786 7.336476211425588e-12 -0.24999999999488756 -0.43301270189049473 -0.5000000000016306 -0.4330127018961816 -0.2500000000047119 -3.87974703428334e-12 0.24999999999801886 0.4330127018924022 0.5000000000018013 0.43301270189451274 0.2500000000015429
</DataArray>
        <DataArray type="Float64" Name="Mode_20_phi1" NumberOfComponents="1" format="ascii">
 0.0 0.0 -6.155746219909727e-15 -6.155746219909727e-15 0.0 0.0 0.0 -0.0 -0.0 -0.0 -0.0 -0.0 -0.0 0.0 0.0 0.0 0.0 0.0 0.0 -0.0 -0.0 -0.0 -0.0 -0.0 -0.0 0.0 0.0 6.283185307168362 10.882796185392644 12.566370614359172 10.882796185432607 6.28318530724351 9.30299675154412e-11 -6.283185307082393 -10.882796185339586 -12.566370614359172 -10.882796185490232 -6.283185307343302 -2.065518600303827e-10 6.283185307014252 10.882796185318536 12.566370614359172 10.882796185474723 6.283185307284805 1.0413841868621064e-10 -6.283185307104433 -10.882796185370596 -12.566370614359172 -10.882796185422668 -6.283185307194625 -5.33103260568514e-15 -3.0778731099316195e-15 3.859155441801881e-26 3.077873109970365e-15 5.33103260568962e-15 6.155746219909727e-15 5.331032605716453e-15 3.077873110016839e-15 9.391166145883175e-26 -3.0778731098541746e-15 -5.3310326056225356e-15 -6.155746219909727e-15 -5.331032605765637e-15 -3.0778731100710494e-15 -1.2074641918132436e-25 3.07787310986192e-15 5.3310326056448974e-15 6.155746219909727e-15 5.3310326057253936e-15 3.0778731100013378e-15 4.024789516028317e-26 -3.0778731099316266e-15 -5.3310326056851435e-15 -6.283185307203325 -10.882796185432703 -12.566370614359172 -10.882796185387036 -6.283185307187483 -5.479677303104669e-11 6.28318530709261 10.882796185332262 12.566370614359172 10.88279618552398 6.283185307424684 3.2521136147081167e-10 -6.283185306918701 -10.88279618526837 -12.566370614359172 -10.88279618551485 -6.283185307345614 -1.6430776056243406e-10 6.283185307060995 10.88279618535053 12.566370614359172 10.882796185432694 6.283185307203312 5.44139809272476 9.424777960795808 10.882796185409266 9.424777960727601 5.4413980926076855 -1.3302513042157725e-10 -5.441398092837233 -9.424777960857707 -10.88279618540422 -9.424777960657126 -5.4413980924906635 2.624545591679841e-10 5.441398092897881 9.424777960860158 10.882796185399176 9.424777960705226 5.4413980926303545 -4.1713873847847414e-11 -5.441398092701747 -9.42477796074401 -10.882796185394133 -9.42477796078234 -5.441398092716464 3.141592653609723 5.441398092728669 6.283185307192847 5.441398092687665 3.141592653541841 -7.143356766578983e-11 -3.141592653662695 -5.441398092749087 -6.283185307175506 -5.44139809263739 -3.1415926534721135 1.4044515944617313e-10 3.141592653687421 5.441398092737383 6.283185307158163 5.4413980926510055 3.1415926535407164 -2.0768646074409058e-11 -3.141592653573789 -5.4413980926617675 -6.28318530714082 -5.441398092679855 -3.1415926535790386 1.546001306475983e-11 2.2512465307045517e-11 2.1084236965040064e-11 1.4004087889035249e-11 5.622828752842959e-12 -6.66099154065023e-23 -7.119099077475882e-13 3.0199163452835537e-12 8.414759643717737e-12 1.1542792560126912e-11 9.126669551148387e-12 -4.76940655715312e-22 -1.4038983544478559e-11 -2.8566796794838616e-11 -3.7899804778483504e-11 -3.7087256543210346e-11 -2.3869192118593928e-11 1.4639217405708105e-22 2.8787086701013917e-11 5.4116093710008175e-11 6.741275286123335e-11 6.26341369928842e-11 3.861869042335116e-11 -3.1415926535780527 -5.441398092682302 -6.283185307150064 -5.441398092661676 -3.1415926535368808 6.06993035761529e-11 3.1415926536479524 5.441398092742907 6.2831853071856045 5.441398092663017 3.141592653503669 -1.1830137992674886e-10 -3.1415926536930114 -5.441398092775735 -6.283185307221152 -5.4413980927191306 -3.1415926535890244 1.416122799201471e-11 3.141592653619446 5.441398092753794 6.283185307256693 5.441398092787423 3.1415926536454037 -5.441398092700635 -9.424777960761515 -10.882796185381567 -9.424777960719993 -5.441398092625412 9.586471351360838e-11 5.441398092795844 9.424777960831072 10.882796185407908 9.424777960696876 5.441398092559035 -1.8571725917315595e-10 -5.441398092850943 -9.424777960856355 -10.882796185434257 -9.424777960760697 -5.441398092680851 1.8767111007725472e-11 5.441398092717768 9.424777960794662 10.882796185460597 9.42477796084298 5.4413980927537065 -6.283185307194576 -10.882796185422684 -12.566370614359172 -10.882796185371053 -6.283185307106632 9.99914654591549e-11 6.283185307279804 10.882796185471037 12.566370614359172 10.88279618532383 6.283185307024851 -1.9228171727470672e-10 -6.283185307322071 -10.882796185472621 -12.566370614359172 -10.882796185367878 -6.283185307140669 1.5062975101732355e-11 6.28318530716672 10.88279618538293 12.566370614359172 10.882796185430202 6.283185307201159 -5.441398092739264 -9.424777960820617 -10.882796185442423 -9.424777960769342 -5.4413980926582886 7.72965873907984e-11 5.441398092785835 9.424777960824697 10.882796185404437 9.42477796070059 5.441398092577212 -1.4733411037794857e-10 -5.441398092798142 -9.424777960792095 -10.882796185366443 -9.424777960702967 -5.441398092650101 7.32272718165365e-12 5.441398092656422 9.424777960688342 10.88279618532845 9.424777960718528 5.441398092676257 -3.1415926536464194 -5.441398092786336 -6.283185307255469 -5.441398092743703 -3.1415926535862098 3.926704922994002e-11 3.1415926536415886 5.441398092739173 6.283185307179572 5.4413980926602 3.1415926535174683 -7.39859179375555e-11 -3.1415926536186385 -5.44139809267299 -6.283185307103695 -5.441398092613196 -3.1415926535277245 9.12908289028456e-13 3.1415926535166583 5.441398092570275 6.283185307027808 5.441398092572268 3.1415926535116703 -6.705193820824749e-11 -1.0179322048125115e-10 -1.0099981892796882e-10 -7.314359745720203e-11 -3.3953461309160496e-11 2.771487057168613e-22 1.7418174334258747e-11 1.580568795101122e-11 1.72113000065112e-12 -1.2824603343325462e-11 -1.5680302564376874e-11 4.796678577431435e-22 3.222675071965128e-11 7.014318112063713e-11 9.755755892666656e-11 9.88218017381164e-11 6.531964702813465e-11 5.626890450054957e-23 -8.186609518253946e-11 -1.5615004537964182e-10 -1.9682508667479065e-10 -1.8479966840416586e-10 -1.1497015267151683e-10 3.141592653528831 5.441398092608357 6.283185307080531 5.4413980926204415 3.141592653535007 -2.8541156024394966e-11 -3.141592653600461 -5.4413980927044445 -6.28318530717661 -5.441398092691682 -3.141592653562331 5.182539664942634e-11 3.141592653657353 5.441398092785939 6.283185307272669 5.441398092790295 3.1415926536489036 5.71683215209821e-12 -3.141592653654999 -5.441398092840029 -6.283185307368719 -5.441398092891932 -3.1415926537104375 5.441398092667176 9.424777960713019 10.882796185341416 9.424777960708036 5.441398092650669 -4.0165168076842304e-11 -5.441398092730438 -9.424777960783599 -10.882796185402702 -9.42477796074544 -5.441398092654175 7.056781278906125e-11 5.441398092771123 9.424777960832573 10.882796185464 9.424777960822347 5.441398092743162 1.5643367388099316e-11 -5.441398092726276 -9.424777960842098 -10.882796185525287 -9.424777960901881 -5.441398092789965 6.283185307185836 10.88279618541267 12.566370614359172 10.882796185391575 6.283185307152251 -3.5641686818294835e-11 -6.283185307213999 -10.882796185427225 -12.566370614359172 -10.882796185379306 -6.2831853071310215 5.932975072021449e-11 6.283185307219468 10.882796185421252 12.566370614359172 10.882796185403494 6.283185307188708 2.469314518596923e-11 -6.2831853071459385 -10.88279618537881 -12.566370614359172 -10.882796185427692 -6.283185307198974 5.441398092749601 9.424777960839885 10.882796185471134 9.424777960808907 5.441398092708612 -2.1582543156928217e-11 -5.441398092736144 -9.4247779607963 -10.882796185411914 -9.424777960752019 -5.441398092669328 3.218466399414227e-11 5.4413980927059376 9.424777960738744 10.88279618535267 9.424777960718822 5.441398092681271 2.7087751213726394e-11 -5.441398092624482 -9.424777960657517 -10.882796185293431 -9.424777960682947 -5.4413980926533085 3.141592653659199 5.441398092809157 6.283185307285396 5.441398092777981 3.1415926536218044 -7.094950204140521e-12 -3.1415926536192873 -5.441398092733716 -6.283185307196422 -5.441398092700641 -3.141592653576798 7.504354071126612e-12 3.1415926535714167 5.441398092652463 6.283185307107475 5.441398092632383 3.1415926535514695 1.895399067526045e-11 -3.1415926535038032 -5.441398092562082 -6.28318530701854 -5.441398092561091 -3.1415926535037593 7.084750860226629e-11 1.101748579497056e-10 1.1269827365944554e-10 8.502427795375208e-11 4.185076505717048e-11 -1.9113226097632e-23 -2.7352393284684764e-11 -3.482944247387081e-11 -2.574152656189274e-11 -9.717525936841298e-12 1.6276084915770794e-12 1.0105506506088956e-23 -1.6125980264068818e-11 -4.047730954303254e-11 -6.124870407324095e-11 -6.558922608019609e-11 -4.512272380938083e-11 -3.7119341273131887e-22 5.960435381245692e-11 1.1581305915385796e-10 1.4825009588756825e-10 1.4089597809731267e-10 8.860667794777385e-11 -3.1415926535350223 -5.441398092616685 -6.283185307090187 -5.441398092634092 -3.141592653556936 -3.625362411374278e-12 3.1415926535609366 5.441398092666129 6.283185307151893 5.441398092693031 3.141592653597306 1.465616721779537e-11 -3.141592653582244 -5.441398092714042 -6.283185307213561 -5.441398092751942 -3.1415926536376237 -2.558373111689094e-11 3.141592653603605 5.441398092761978 6.283185307275268 5.441398092804773 3.141592653656878 -5.441398092673697 -9.424777960723935 -10.882796185358432 -9.424777960735698 -5.44139809269309 -1.5563374953877885e-11 5.441398092670778 9.424777960736172 10.882796185386168 9.424777960774309 5.441398092732247 4.4542970136234706e-11 -5.441398092662817 -9.424777960749582 -10.882796185413904 -9.424777960804976 -5.441398092754139 -5.0053845783698036e-11 5.441398092672079 9.424777960770937 10.88279618544166 9.424777960822452 5.441398092740672 -6.283185307177101 -10.882796185402656 -12.566370614359172 -10.882796185412085 -6.283185307197888 -2.8691350053774776e-11 6.283185307148188 10.882796185383405 12.566370614359172 10.882796185434765 6.2831853072371615 7.361105465508412e-11 -6.283185307116855 -10.882796185369884 -12.566370614359172 -10.882796185439108 -6.283185307236747 -6.442694311528356e-11 6.283185307125176 10.882796185374703 12.566370614359172 10.88279618542517 6.283185307196789 -5.441398092719924 -9.424777960799753 -10.882796185442704 -9.424777960808875 -5.441398092741776 -3.413633400941435e-11 5.4413980926806715 9.424777960767836 10.882796185430728 9.42477796082318 5.441398092778546 8.293578479579108e-11 -5.441398092642233 -9.424777960744638 -10.882796185418728 -9.42477796081368 -5.4413980927638175 -6.151756133903262e-11 5.441398092655269 9.42477796074526 10.882796185406741 9.424777960785725 5.441398092715988 -3.1415926536165553 -5.441398092749684 -6.283185307236148 -5.4413980927574475 -3.1415926536336514 -2.506877793737661e-11 3.141592653589027 5.441398092728226 6.283185307229035 5.44139809276843 3.1415926536598002 5.89548874377265e-11 -3.141592653563675 -5.4413980927140875 -6.283185307221901 -5.441398092761122 -3.1415926536463554 -3.88208896405088e-11 3.141592653577926 5.44139809271816 6.283185307214787 5.441398092741618 3.1415926536144685 -2.657746079896959e-11 -4.701943064122552e-11 -5.5431802153497195e-11 -4.895260358490963e-11 -2.8832018996300042e-11 -2.844511057067712e-22 2.992581455678068e-11 5.278028601289774e-11 6.210618731128652e-11 5.4752122415843794e-11 3.2158050396378766e-11 7.294234736391368e-22 -3.326300713537792e-11 -5.857980484350449e-11 -6.880289482746308e-11 -6.049364605825885e-11 -3.548408179597206e-11 -4.83555139066042e-22 3.661136089369239e-11 6.437932367436323e-11 7.545495762686515e-11 6.629316488880841e-11 3.883243555370146e-11 3.141592653570243 5.441398092670691 6.283185307147349 5.44139809268433 3.1415926535973 3.5791880847246896e-11 -3.1415926535345795 -5.441398092646043 -6.2831853071429995 -5.4413980927035475 -3.141592653634945 -8.11154087257432e-11 3.141592653504467 5.441398092633016 6.28318530713865 5.441398092695319 3.141592653613178 4.5450630080972074e-11 -3.141592653533768 -5.441398092647401 -6.283185307134319 -5.441398092671914 -3.1415926535743117 5.441398092689752 9.424777960751971 10.88279618539601 9.424777960781835 5.441398092746564 7.12774191876733e-11 -5.441398092622896 -9.424777960709825 -10.88279618539475 -9.424777960825596 -5.4413980928236425 -1.5968275065538133e-10 5.4413980925685665 9.424777960691596 10.882796185393477 9.424777960813943 5.441398092780724 8.4444992449686e-11 -5.441398092634244 -9.424777960728745 -10.882796185392237 -9.42477796077329 -5.441398092709249
</DataArray>
        <DataArray type="Float64" Name="Mode_20_phi2" NumberOfComponents="1" format="ascii">
 0.0 -6.155746219909727e-15 -6.155746219909727e-15 0.0 6.283185307168362 10.882796185392644 12.566370614359172 10.882796185432607 6.28318530724351 9.30299675154412e-11 -6.283185307082393 -10.882796185339586 -12.566370614359172 -10.882796185490232 -6.283185307343302 -2.065518600303827e-10 6.283185307014252 10.882796185318536 12.566370614359172 10.882796185474723 6.283185307284805 1.0413841868621064e-10 -6.283185307104433 -10.882796185370596 -12.566370614359172 -10.882796185422668 -6.283185307194625 -5.331032605695028e-15 -3.0778731099656063e-15 -1.7552100829437604e-26 3.077873109931699e-15 5.3310326056737745e-15 6.155746219909727e-15 5.3310326057193414e-15 3.0778731100106243e-15 7.38001088109413e-26 -3.0778731098828083e-15 -5.3310326056455514e-15 -6.155746219909727e-15 -5.331032605738613e-15 -3.077873110028485e-15 -7.651269354347028e-26 3.077873109895966e-15 5.3310326056620946e-15 6.155746219909727e-15 5.331032605713109e-15 3.0778731099843138e-15 2.5513531346397546e-26 -3.0778731099401324e-15 -5.3310326056876e-15 -6.283185307203325 -10.882796185432703 -12.566370614359172 -10.882796185387036 -6.283185307187483 -5.479677303104669e-11 6.28318530709261 10.882796185332262 12.566370614359172 10.88279618552398 6.283185307424684 3.2521136147081167e-10 -6.283185306918701 -10.88279618526837 -12.566370614359172 -10.88279618551485 -6.283185307345614 -1.6430776056243406e-10 6.283185307060995 10.88279618535053 12.566370614359172 10.882796185432694 6.283185307203312 0.0 0.0 -0.0 -0.0 -0.0 -0.0 -0.0 -0.0 -0.0 0.0 0.0 0.0 0.0 0.0 0.0 -0.0 -0.0 -0.0 -0.0 -0.0 -0.0 0.0 0.0 5.441398092687766 3.141592653563365 -3.8618690423169896e-11 -3.141592653631571 -5.4413980927312755 -6.283185307177103 -5.441398092657002 -3.141592653501464 1.1497015267117634e-10 3.141592653702045 5.441398092777007 6.283185307185836 5.44139809264351 3.141592653499014 -8.86066779476657e-11 -3.141592653653947 -5.441398092737171 -6.283185307194574 -5.441398092715616 -3.1415926536151653 -3.883243555372133e-11 3.1415926535768324 5.441398092715191 9.424777960749449 5.441398092661913 -6.263413699268972e-11 -5.441398092771568 -9.424777960817332 -10.88279618540266 -9.42477796069648 -5.441398092560597 1.8479966840380451e-10 5.4413980928823396 9.42477796088706 10.88279618541267 9.42477796067175 5.441398092555667 -1.4089597809719932e-10 -5.4413980928014425 -9.424777960818457 -10.882796185422682 -9.424777960785384 -5.441398092742457 -6.627383315939559e-11 5.441398092674841 9.424777960780133 10.882796185394133 6.28318530714082 -6.741275286123335e-11 -6.283185307256693 -10.882796185460597 -12.566370614359172 -10.88279618532845 -6.283185307027808 1.9682508667479065e-10 6.283185307368719 10.882796185525287 12.566370614359172 10.882796185293431 6.283185307018511 -1.4821661234998737e-10 -6.283185307275229 -10.88279618544166 -12.566370614359172 -10.882796185406741 -6.283185307214787 -7.543263526847789e-11 6.283185307134319 10.882796185392237 9.42477796078112 5.441398092681821 -5.4116093710193986e-11 -5.441398092771111 -9.424777960822292 -10.882796185412085 -9.424777960711221 -5.441398092582122 1.561500453799425e-10 5.4413980928491466 9.424777960855502 10.882796185391575 9.424777960666162 5.441398092565726 -1.1581305915390641e-10 -5.441398092762885 -9.42477796077015 -10.882796185371053 -9.424777960739727 -5.4413980927136265 -6.437932367429306e-11 5.4413980926401 9.424777960713769 5.441398092746683 3.1415926535976593 -2.8787086701213687e-11 -3.1415926536391794 -5.441398092748341 -6.283185307197888 -5.441398092679826 -3.1415926535281002 8.18772563619773e-11 3.1415926536622973 5.441398092735339 6.283185307152251 5.4413980926263275 3.1415926535028174 -5.960435381239893e-11 -3.1415926535984777 -5.441398092659614 -6.283185307106632 -5.4413980926355885 -3.1415926535645102 -3.662252207270526e-11 3.1415926535161933 5.441398092600208 7.12677533229638e-11 3.5791880847271414e-11 -2.55057194302219e-22 -2.506877793740185e-11 -3.4136334009447935e-11 -2.8691350053774776e-11 -1.5563374953842335e-11 -3.625362411342369e-12 -4.0639674926649564e-23 -7.094950204230626e-12 -2.158254315703356e-11 -3.5641686818294835e-11 -4.016516807666138e-11 -2.8541156024097123e-11 5.650449809880175e-22 3.926704923010804e-11 7.729658739082924e-11 9.99914654591549e-11 9.58647135137669e-11 6.069930357664076e-11 7.582025149318634e-22 -7.143356766524745e-11 -1.3302513042140747e-10 -5.441398092624076 -3.141592653538556 2.3869192118588913e-11 3.1415926535898313 5.441398092684826 6.283185307148188 5.441398092659213 3.141592653534474 -6.532522761790189e-11 -3.1415926536585834 -5.441398092762528 -6.283185307213999 -5.441398092705756 -3.1415926535670775 4.512272380962617e-11 3.1415926536562058 5.441398092788873 6.283185307279804 5.441398092803645 3.141592653670832 3.550640415465294e-11 -3.1415926536406453 -5.4413980928308145 -9.424777960712753 -5.441398092656042 3.708725654324923e-11 5.441398092725524 9.424777960772964 10.8827961853834 9.424777960717584 5.441398092622304 -9.882180173829459e-11 -5.441398092800781 -9.424777960841702 -10.882796185427225 -9.424777960740535 -5.441398092645602 6.558922608036378e-11 5.441398092766544 9.424777960831449 10.882796185471042 9.424777960842514 5.441398092778446 6.053230951733083e-11 -5.441398092714051 -9.424777960847502 -10.882796185399176 -6.283185307158161 3.7899804778483504e-11 6.283185307221152 10.882796185434257 12.566370614359172 10.882796185366443 6.283185307103695 -9.755755892666656e-11 -6.283185307272669 -10.882796185464 -12.566370614359172 -10.882796185352653 -6.283185307107475 6.121522053566005e-11 6.283185307213561 10.882796185413904 12.566370614359172 10.882796185418728 6.283185307221901 6.875825011068858e-11 -6.28318530713865 -10.882796185393477 -9.42477796083034 -5.441398092719818 2.8566796794744618e-11 5.441398092757497 9.424777960824166 10.882796185434765 9.424777960758712 5.441398092653375 -7.015284698509774e-11 -5.441398092765636 -9.424777960796842 -10.882796185379306 -9.42477796070182 -5.441398092630794 4.04773095428688e-11 5.441398092691662 9.424777960710268 10.88279618532383 9.424777960704173 5.441398092690344 5.857980484324553e-11 -5.441398092608614 -9.424777960648735 -5.441398092826884 -3.141592653646153 1.4038983544292855e-11 3.141592653651137 5.44139809277792 6.2831853072371615 5.441398092724097 3.1415926535755747 -3.222675071920666e-11 -3.1415926536137335 -5.441398092695036 -6.2831853071310215 -5.441398092628813 -3.1415926535265988 1.6125980263837276e-11 3.1415926535368266 5.441398092583667 6.283185307024851 5.4413980925620695 3.1415926535170735 3.327416831407464e-11 -3.1415926534572907 -5.441398092486343 -1.5968275065549262e-10 -8.111540872607908e-11 2.582298725251131e-22 5.895488743751926e-11 8.293578479576349e-11 7.361105465508412e-11 4.454297013617495e-11 1.4639425448909152e-11 -2.728946933808807e-23 7.521095840003947e-12 3.218466399429329e-11 5.932975072021449e-11 7.056781278873013e-11 5.182539664882708e-11 -1.7762480454025181e-22 -7.39859179380395e-11 -1.4733411037814624e-10 -1.9228171727470672e-10 -1.8571725917321817e-10 -1.1828463815837451e-10 -1.3472171380085302e-21 1.404451594455916e-10 2.624545591678012e-10 5.441398092572885 3.1415926535192877 -9.126669551284626e-12 -3.1415926535502656 -5.441398092639213 -6.283185307116855 -5.441398092656362 -3.141592653562871 1.5680302564602015e-11 3.1415926536071535 5.4413980927312995 6.283185307219468 5.441398092745414 3.1415926536204273 -1.6276084915995274e-12 -3.141592653640351 -5.441398092806303 -6.283185307322071 -5.441398092851559 -3.141592653701655 -3.215805039680414e-11 3.1415926536762253 5.441398092894615 9.424777960699974 5.441398092661784 -1.1542792560177938e-11 -5.441398092686739 -9.424777960737368 -10.8827961853699 -9.424777960739885 -5.441398092682563 1.2843935072813066e-11 5.441398092713348 9.424777960782373 10.882796185421252 9.424777960787756 5.441398092720937 9.717525936876928e-12 -5.441398092712646 -9.424777960807702 -10.882796185472621 -9.42477796085537 -5.4413980927866685 -5.473279068658795e-11 5.44139809272111 9.424777960855412 10.882796185404219 6.283185307175506 -8.414759643717737e-12 -6.2831853071856045 -10.882796185407908 -12.566370614359172 -10.882796185404437 -6.283185307179572 -1.72113000065112e-12 6.283185307176591 10.882796185402702 12.566370614359172 10.882796185411914 6.283185307196422 2.574152656189274e-11 -6.283185307151893 -10.882796185386168 -12.566370614359172 -10.882796185430728 -6.283185307229035 -6.210618731128652e-11 6.2831853071429995 10.88279618539475 9.42477796082415 5.441398092730389 -3.01991634527356e-12 -5.441398092725583 -9.424777960802238 -10.882796185439108 -9.424777960798238 -5.441398092724565 -1.582501968040658e-11 5.441398092691226 9.424777960761865 10.882796185403494 9.424777960776927 5.4413980927232455 3.4829442473808007e-11 -5.441398092657004 -9.424777960721551 -10.882796185367878 -9.424777960755568 -5.441398092721853 -5.2818949471713586e-11 5.441398092641014 9.424777960702295 5.441398092787143 3.1415926536352394 7.119099077417044e-13 -3.141592653623476 -5.44139809275602 -6.283185307236747 -5.441398092751106 -3.1415926536230017 -1.7412593744567195e-11 3.141592653584863 5.441398092705987 6.283185307188708 5.441398092716779 3.1415926536095906 2.7352393284613397e-11 -3.1415926535541967 -5.44139809266168 -6.283185307140649 -5.44139809267671 -3.141592653588235 -2.9925814556786974e-11 3.141592653536721 5.441398092629172 8.442566072035802e-11 4.546179126051098e-11 4.248148255016413e-23 -3.882088964019679e-11 -6.149822960949519e-11 -6.442694311528356e-11 -5.0053845783678015e-11 -2.5561408758394042e-11 -1.820515357824661e-22 1.8953990675458242e-11 2.7087751213848413e-11 2.469314518596923e-11 1.5604703929151345e-11 5.716832152025634e-12 2.6340832434982826e-23 9.129082890364924e-13 7.322727181670378e-12 1.5062975101732355e-11 1.876711100770701e-11 1.4161227992000453e-11 1.6326305121985158e-22 -2.0768646074394825e-11 -4.171387384784251e-11 -5.441398092641737 -3.141592653559418 -5.6298044898666395e-12 3.1415926535502967 5.441398092645109 6.283185307125176 5.44139809267079 3.141592653591337 3.395346130919353e-11 -3.141592653535993 -5.4413980926487895 -6.283185307145978 -5.441398092699555 -3.1415926536145355 -4.1850765057045644e-11 3.141592653545494 5.441398092669697 6.28318530716672 5.441398092711208 3.141592653613913 2.8820857816906332e-11 -3.141592653573447 -5.441398092701623 -9.424777960742619 -5.441398092694958 -1.400408788905051e-11 5.44139809266622 9.424777960725523 10.882796185374703 9.424777960770145 5.44139809274281 7.314359745717144e-11 -5.441398092616797 -9.424777960699371 -10.882796185378822 -9.424777960795497 -5.441398092768887 -8.506294141245976e-11 5.441398092622245 9.424777960712818 10.88279618538293 9.424777960781245 5.441398092740103 4.895260358474154e-11 -5.441398092664283 -9.424777960744704 -10.882796185409264 -6.283185307192847 -2.1084236965040064e-11 6.283185307150064 10.882796185381567 12.566370614359172 10.882796185442423 6.283185307255469 1.0099981892796882e-10 -6.283185307080531 -10.882796185341416 -12.566370614359172 -10.882796185471134 -6.283185307285396 -1.1269827365944554e-10 6.283185307090187 10.88279618535842 12.566370614359172 10.882796185442704 6.283185307236148 5.540947979510994e-11 -6.283185307147349 -10.882796185395987 -9.42477796078893 -5.441398092725741 -2.251246530703772e-11 5.441398092681478 9.424777960761872 10.88279618542517 9.424777960824594 5.441398092789685 1.0180288634605093e-10 -5.441398092613781 -9.424777960724228 -10.882796185427692 -9.424777960854705 -5.4413980928187256 -1.1017485794992102e-10 5.441398092628376 9.424777960745995 10.882796185430214 9.424777960825404 5.44139809276552 4.701943064137151e-11 -5.441398092688634 -9.42477796078486 -5.441398092718798 -3.1415926536072023 -1.5460013064751823e-11 3.141592653577337 5.441398092700992 6.283185307196789 5.441398092742765 3.1415926536493464 6.705193820832931e-11 -3.1415926535335763 -5.441398092676966 -6.283185307198974 -5.441398092762556 -3.1415926536675776 -7.08475086024761e-11 3.1415926535452274 5.441398092692955 6.283185307201159 5.441398092742316 3.1415926536304264 2.657746079909433e-11 -3.1415926535858816 -5.441398092718445
</DataArray>
      </PointData>
    </Piece>
  </UnstructuredGrid>
</VTKFile>
