<?xml version="1.0" encoding="utf-8"?>
<VTKFile type="UnstructuredGrid" version="1.0" byte_order="LittleEndian" header_type="UInt64">
  <UnstructuredGrid>
    <Piece NumberOfPoints="289" NumberOfCells="256">
      <Points>
        <DataArray type="Float64" Name="Points" NumberOfComponents="3" format="ascii">
 0.0 0.0 0.0 1.0 0.0 0.0 1.0 1.0 0.0 0.0 1.0 0.0 0.06249999999987291 0.0 0.0 0.1249999999997731 0.0 0.0 0.1874999999995934 0.0 0.0 0.2499999999994109 0.0 0.0 0.3124999999992285 0.0 0.0 0.3749999999990461 0.0 0.0 0.4374999999988636 0.0 0.0 0.4999999999986921 0.0 0.0 0.562499999998846 0.0 0.0 0.6249999999990109 0.0 0.0 0.6874999999991758 0.0 0.0 0.7499999999993406 0.0 0.0 0.8124999999995055 0.0 0.0 0.8749999999996703 0.0 0.0 0.9374999999998351 0.0 0.0 1.0 0.06249999999987291 0.0 1.0 0.1249999999997731 0.0 1.0 0.1874999999995934 0.0 1.0 0.2499999999994109 0.0 1.0 0.3124999999992285 0.0 1.0 0.3749999999990461 0.0 1.0 0.4374999999988636 0.0 1.0 0.4999999999986921 0.0 1.0 0.562499999998846 0.0 1.0 0.6249999999990109 0.0 1.0 0.6874999999991758 0.0 1.0 0.7499999999993406 0.0 1.0 0.8124999999995055 0.0 1.0 0.8749999999996703 0.0 1.0 0.9374999999998351 0.0 0.9374999999997398 1.0 0.0 0.8749999999995012 1.0 0.0 0.8124999999999132 1.0 0.0 0.7500000000003471 1.0 0.0 0.6875000000007805 1.0 0.0 0.625000000001214 1.0 0.0 0.5625000000016476 1.0 0.0 0.5000000000020595 1.0 0.0 0.437500000001821 1.0 0.0 0.3750000000015609 1.0 0.0 0.3125000000013007 1.0 0.0 0.2500000000010405 1.0 0.0 0.1875000000007804 1.0 0.0 0.1250000000005203 1.0 0.0 0.06250000000026013 1.0 0.0 0.0 0.9374999999997398 0.0 0.0 0.8749999999995012 0.0 0.0 0.8124999999999132 0.0 0.0 0.7500000000003471 0.0 0.0 0.6875000000007805 0.0 0.0 0.625000000001214 0.0 0.0 0.5625000000016476 0.0 0.0 0.5000000000020595 0.0 0.0 0.437500000001821 0.0 0.0 0.3750000000015609 0.0 0.0 0.3125000000013007 0.0 0.0 0.2500000000010405 0.0 0.0 0.1875000000007804 0.0 0.0 0.1250000000005203 0.0 0.0 0.06250000000026013 0.0 0.06249999999989712 0.06250000000023592 0.0 0.06249999999992131 0.1250000000004736 0.0 0.06249999999994552 0.1875000000007062 0.0 0.06249999999996972 0.2500000000009386 0.0 0.06249999999999392 0.3125000000011712 0.0 0.06250000000001812 0.3750000000014037 0.0 0.06250000000004233 0.4375000000016362 0.0 0.06250000000006653 0.5000000000018491 0.0 0.06250000000009073 0.5625000000014725 0.0 0.06250000000011494 0.6250000000010764 0.0 0.06250000000013914 0.6875000000006801 0.0 0.06250000000016331 0.750000000000284 0.0 0.06250000000018752 0.8124999999998876 0.0 0.06250000000021172 0.874999999999512 0.0 0.06250000000023592 0.9374999999997459 0.0 0.1249999999998198 0.06250000000021172 0.0 0.1249999999998665 0.1250000000004269 0.0 0.1249999999999132 0.187500000000632 0.0 0.1249999999999599 0.2500000000008368 0.0 0.1250000000000066 0.3125000000010417 0.0 0.1250000000000533 0.3750000000012464 0.0 0.1250000000001 0.4375000000014513 0.0 0.1250000000001467 0.5000000000016386 0.0 0.1250000000001934 0.5625000000012973 0.0 0.1250000000002401 0.6250000000009387 0.0 0.1250000000002867 0.6875000000005799 0.0 0.1250000000003335 0.750000000000221 0.0 0.1250000000003802 0.8124999999998621 0.0 0.1250000000004269 0.8749999999995223 0.0 0.1250000000004736 0.9374999999997516 0.0 0.1874999999996675 0.06250000000018752 0.0 0.1874999999997418 0.1250000000003801 0.0 0.187499999999816 0.1875000000005579 0.0 0.1874999999998901 0.250000000000735 0.0 0.1874999999999643 0.3125000000009122 0.0 0.1875000000000385 0.3750000000010893 0.0 0.1875000000001127 0.4375000000012665 0.0 0.1875000000001869 0.5000000000014281 0.0 0.1875000000002611 0.5625000000011223 0.0 0.1875000000003352 0.625000000000801 0.0 0.1875000000004095 0.6875000000004798 0.0 0.1875000000004837 0.7500000000001584 0.0 0.1875000000005578 0.8124999999998368 0.0 0.187500000000632 0.8749999999995329 0.0 0.1875000000007062 0.9374999999997577 0.0 0.2499999999995128 0.06250000000016331 0.0 0.2499999999996147 0.1250000000003335 0.0 0.2499999999997164 0.1875000000004836 0.0 0.2499999999998184 0.2500000000006332 0.0 0.2499999999999202 0.3125000000007827 0.0 0.250000000000022 0.3750000000009321 0.0 0.2500000000001238 0.4375000000010816 0.0 0.2500000000002258 0.5000000000012177 0.0 0.2500000000003276 0.5625000000009472 0.0 0.2500000000004294 0.6250000000006634 0.0 0.2500000000005313 0.6875000000003794 0.0 0.2500000000006331 0.7500000000000955 0.0 0.2500000000007349 0.8124999999998113 0.0 0.2500000000008367 0.8749999999995436 0.0 0.2500000000009386 0.9374999999997636 0.0 0.312499999999358 0.06250000000013914 0.0 0.3124999999994875 0.1250000000002867 0.0 0.3124999999996171 0.1875000000004095 0.0 0.3124999999997466 0.2500000000005312 0.0 0.3124999999998761 0.3125000000006531 0.0 0.3125000000000056 0.375000000000775 0.0 0.3125000000001351 0.4375000000008968 0.0 0.3125000000002647 0.5000000000010071 0.0 0.3125000000003941 0.5625000000007719 0.0 0.3125000000005236 0.6250000000005257 0.0 0.3125000000006531 0.687500000000279 0.0 0.3125000000007827 0.7500000000000325 0.0 0.3125000000009122 0.8124999999997857 0.0 0.3125000000010416 0.8749999999995541 0.0 0.3125000000011713 0.9374999999997697 0.0 0.3749999999992032 0.06250000000011494 0.0 0.3749999999993604 0.1250000000002401 0.0 0.3749999999995176 0.1875000000003352 0.0 0.3749999999996748 0.2500000000004294 0.0 0.3749999999998321 0.3125000000005236 0.0 0.374999999999989 0.3750000000006178 0.0 0.3750000000001463 0.437500000000712 0.0 0.3750000000003035 0.5000000000007966 0.0 0.3750000000004607 0.562500000000597 0.0 0.3750000000006179 0.6250000000003879 0.0 0.375000000000775 0.6875000000001785 0.0 0.3750000000009321 0.7499999999999697 0.0 0.3750000000010893 0.8124999999997604 0.0 0.3750000000012465 0.8749999999995648 0.0 0.3750000000014037 0.9374999999997755 0.0 0.4374999999990484 0.06250000000009073 0.0 0.4374999999992333 0.1250000000001934 0.0 0.4374999999994181 0.1875000000002611 0.0 0.437499999999603 0.2500000000003276 0.0 0.4374999999997878 0.3125000000003941 0.0 0.4374999999999726 0.3750000000004607 0.0 0.4375000000001574 0.4375000000005271 0.0 0.4375000000003423 0.5000000000005861 0.0 0.4375000000005272 0.562500000000422 0.0 0.4375000000007119 0.6250000000002504 0.0 0.4375000000008968 0.6875000000000783 0.0 0.4375000000010817 0.7499999999999066 0.0 0.4375000000012664 0.8124999999997349 0.0 0.4375000000014513 0.874999999999575 0.0 0.4375000000016361 0.9374999999997813 0.0 0.4999999999989027 0.06250000000006653 0.0 0.4999999999991129 0.1250000000001467 0.0 0.4999999999993235 0.1875000000001869 0.0 0.4999999999995339 0.2500000000002257 0.0 0.4999999999997445 0.3125000000002647 0.0 0.4999999999999548 0.3750000000003035 0.0 0.5000000000001653 0.4375000000003423 0.0 0.5000000000003758 0.5000000000003758 0.0 0.5000000000005863 0.5625000000002468 0.0 0.5000000000007968 0.6250000000001125 0.0 0.5000000000010071 0.6874999999999781 0.0 0.5000000000012176 0.7499999999998438 0.0 0.5000000000014281 0.8124999999997093 0.0 0.5000000000016386 0.8749999999995857 0.0 0.5000000000018491 0.9374999999997876 0.0 0.5624999999990211 0.06250000000004233 0.0 0.5624999999991961 0.1250000000001 0.0 0.5624999999993713 0.1875000000001127 0.0 0.5624999999995466 0.250000000000124 0.0 0.5624999999997214 0.3125000000001351 0.0 0.5624999999998966 0.3750000000001463 0.0 0.5625000000000718 0.4375000000001574 0.0 0.5625000000002468 0.5000000000001653 0.0 0.562500000000422 0.5625000000000716 0.0 0.562500000000597 0.6249999999999746 0.0 0.5625000000007722 0.687499999999878 0.0 0.5625000000009471 0.749999999999781 0.0 0.5625000000011223 0.8124999999996838 0.0 0.5625000000012973 0.8749999999995963 0.0 0.5625000000014725 0.9374999999997934 0.0 0.6249999999991486 0.06250000000001812 0.0 0.6249999999992862 0.1250000000000533 0.0 0.6249999999994239 0.1875000000000385 0.0 0.6249999999995616 0.250000000000022 0.0 0.6249999999996995 0.3125000000000056 0.0 0.624999999999837 0.3749999999999891 0.0 0.6249999999999748 0.4374999999999727 0.0 0.6250000000001125 0.4999999999999548 0.0 0.6250000000002501 0.5624999999998966 0.0 0.6250000000003878 0.6249999999998369 0.0 0.6250000000005255 0.6874999999997776 0.0 0.6250000000006634 0.7499999999997179 0.0 0.625000000000801 0.8124999999996583 0.0 0.6250000000009387 0.874999999999607 0.0 0.6250000000010764 0.9374999999997996 0.0 0.6874999999992761 0.06249999999999392 0.0 0.6874999999993766 0.1250000000000066 0.0 0.6874999999994766 0.1874999999999643 0.0 0.6874999999995769 0.2499999999999201 0.0 0.6874999999996773 0.3124999999998761 0.0 0.6874999999997775 0.374999999999832 0.0 0.687499999999878 0.4374999999997878 0.0 0.6874999999999781 0.4999999999997445 0.0 0.6875000000000783 0.5624999999997217 0.0 0.6875000000001786 0.6249999999996992 0.0 0.687500000000279 0.6874999999996773 0.0 0.6875000000003794 0.7499999999996553 0.0 0.6875000000004797 0.812499999999633 0.0 0.6875000000005799 0.8749999999996174 0.0 0.6875000000006802 0.9374999999998054 0.0 0.7499999999994034 0.06249999999996972 0.0 0.7499999999994665 0.1249999999999599 0.0 0.7499999999995292 0.1874999999998901 0.0 0.7499999999995921 0.2499999999998183 0.0 0.7499999999996553 0.3124999999997465 0.0 0.7499999999997179 0.3749999999996749 0.0 0.749999999999781 0.437499999999603 0.0 0.7499999999998438 0.4999999999995339 0.0 0.7499999999999069 0.5624999999995463 0.0 0.7499999999999697 0.6249999999995616 0.0 0.7500000000000325 0.6874999999995769 0.0 0.7500000000000953 0.7499999999995921 0.0 0.7500000000001584 0.8124999999996074 0.0 0.7500000000002213 0.8749999999996279 0.0 0.7500000000002841 0.9374999999998112 0.0 0.812499999999531 0.06249999999994552 0.0 0.8124999999995566 0.1249999999999132 0.0 0.8124999999995821 0.1874999999998159 0.0 0.8124999999996072 0.2499999999997165 0.0 0.812499999999633 0.3124999999996171 0.0 0.8124999999996583 0.3749999999995177 0.0 0.812499999999684 0.4374999999994181 0.0 0.8124999999997093 0.4999999999993235 0.0 0.8124999999997349 0.5624999999993713 0.0 0.8124999999997602 0.6249999999994239 0.0 0.8124999999997857 0.6874999999994765 0.0 0.8124999999998113 0.7499999999995294 0.0 0.8124999999998368 0.8124999999995819 0.0 0.8124999999998623 0.8749999999996385 0.0 0.8124999999998879 0.9374999999998174 0.0 0.8749999999996598 0.06249999999992131 0.0 0.8749999999996488 0.1249999999998665 0.0 0.8749999999996384 0.1874999999997418 0.0 0.874999999999628 0.2499999999996146 0.0 0.8749999999996174 0.3124999999994875 0.0 0.874999999999607 0.3749999999993605 0.0 0.8749999999995963 0.4374999999992333 0.0 0.8749999999995857 0.499999999999113 0.0 0.8749999999995752 0.5624999999991963 0.0 0.8749999999995646 0.6249999999992862 0.0 0.8749999999995541 0.6874999999993762 0.0 0.8749999999995435 0.7499999999994665 0.0 0.8749999999995328 0.8124999999995566 0.0 0.8749999999995222 0.8749999999996492 0.0 0.8749999999995117 0.9374999999998231 0.0 0.9374999999998294 0.06249999999989711 0.0 0.9374999999998234 0.1249999999998198 0.0 0.9374999999998173 0.1874999999996675 0.0 0.9374999999998112 0.2499999999995128 0.0 0.9374999999998053 0.3124999999993581 0.0 0.9374999999997993 0.3749999999992032 0.0 0.9374999999997933 0.4374999999990485 0.0 0.9374999999997874 0.4999999999989025 0.0 0.9374999999997816 0.5624999999990211 0.0 0.9374999999997756 0.6249999999991486 0.0 0.9374999999997696 0.687499999999276 0.0 0.9374999999997636 0.7499999999994035 0.0 0.9374999999997574 0.8124999999995308 0.0 0.9374999999997516 0.8749999999996598 0.0 0.9374999999997459 0.9374999999998294 0.0
</DataArray>
      </Points>
      <Cells>
        <DataArray type="Int64" Name="connectivity" NumberOfComponents="1" format="ascii">
 0 4 64 63 63 64 65 62 62 65 66 61 61 66 67 60 60 67 68 59 59 68 69 58 58 69 70 57 57 70 71 56 56 71 72 55 55 72 73 54 54 73 74 53 53 74 75 52 52 75 76 51 51 76 77 50 50 77 78 49 49 78 48 3 4 5 79 64 64 79 80 65 65 80 81 66 66 81 82 67 67 82 83 68 68 83 84 69 69 84 85 70 70 85 86 71 71 86 87 72 72 87 88 73 73 88 89 74 74 89 90 75 75 90 91 76 76 91 92 77 77 92 93 78 78 93 47 48 5 6 94 79 79 94 95 80 80 95 96 81 81 96 97 82 82 97 98 83 83 98 99 84 84 99 100 85 85 100 101 86 86 101 102 87 87 102 103 88 88 103 104 89 89 104 105 90 90 105 106 91 91 106 107 92 92 107 108 93 93 108 46 47 6 7 109 94 94 109 110 95 95 110 111 96 96 111 112 97 97 112 113 98 98 113 114 99 99 114 115 100 100 115 116 101 101 116 117 102 102 117 118 103 103 118 119 104 104 119 120 105 105 120 121 106 106 121 122 107 107 122 123 108 108 123 45 46 7 8 124 109 109 124 125 110 110 125 126 111 111 126 127 112 112 127 128 113 113 128 129 114 114 129 130 115 115 130 131 116 116 131 132 117 117 132 133 118 118 133 134 119 119 134 135 120 120 135 136 121 121 136 137 122 122 137 138 123 123 138 44 45 8 9 139 124 124 139 140 125 125 140 141 126 126 141 142 127 127 142 143 128 128 143 144 129 129 144 145 130 130 145 146 131 131 146 147 132 132 147 148 133 133 148 149 134 134 149 150 135 135 150 151 136 136 151 152 137 137 152 153 138 138 153 43 44 9 10 154 139 139 154 155 140 140 155 156 141 141 156 157 142 142 157 158 143 143 158 159 144 144 159 160 145 145 160 161 146 146 161 162 147 147 162 163 148 148 163 164 149 149 164 165 150 150 165 166 151 151 166 167 152 152 167 168 153 153 168 42 43 10 11 169 154 154 169 170 155 155 170 171 156 156 171 172 157 157 172 173 158 158 173 174 159 159 174 175 160 160 175 176 161 161 176 177 162 162 177 178 163 163 178 179 164 164 179 180 165 165 180 181 166 166 181 182 167 167 182 183 168 168 183 41 42 11 12 184 169 169 184 185 170 170 185 186 171 171 186 187 172 172 187 188 173 173 188 189 174 174 189 190 175 175 190 191 176 176 191 192 177 177 192 193 178 178 193 194 179 179 194 195 180 180 195 196 181 181 196 197 182 182 197 198 183 183 198 40 41 12 13 199 184 184 199 200 185 185 200 201 186 186 201 202 187 187 202 203 188 188 203 204 189 189 204 205 190 190 205 206 191 191 206 207 192 192 207 208 193 193 208 209 194 194 209 210 195 195 210 211 196 196 211 212 197 197 212 213 198 198 213 39 40 13 14 214 199 199 214 215 200 200 215 216 201 201 216 217 202 202 217 218 203 203 218 219 204 204 219 220 205 205 220 221 206 206 221 222 207 207 222 223 208 208 223 224 209 209 224 225 210 210 225 226 211 211 226 227 212 212 227 228 213 213 228 38 39 14 15 229 214 214 229 230 215 215 230 231 216 216 231 232 217 217 232 233 218 218 233 234 219 219 234 235 220 220 235 236 221 221 236 237 222 222 237 238 223 223 238 239 224 224 239 240 225 225 240 241 226 226 241 242 227 227 242 243 228 228 243 37 38 15 16 244 229 229 244 245 230 230 245 246 231 231 246 247 232 232 247 248 233 233 248 249 234 234 249 250 235 235 250 251 236 236 251 252 237 237 252 253 238 238 253 254 239 239 254 255 240 240 255 256 241 241 256 257 242 242 257 258 243 243 258 36 37 16 17 259 244 244 259 260 245 245 260 261 246 246 261 262 247 247 262 263 248 248 263 264 249 249 264 265 250 250 265 266 251 251 266 267 252 252 267 268 253 253 268 269 254 254 269 270 255 255 270 271 256 256 271 272 257 257 272 273 258 258 273 35 36 17 18 274 259 259 274 275 260 260 275 276 261 261 276 277 262 262 277 278 263 263 278 279 264 264 279 280 265 265 280 281 266 266 281 282 267 267 282 283 268 268 283 284 269 269 284 285 270 270 285 286 271 271 286 287 272 272 287 288 273 273 288 34 35 18 1 19 274 274 19 20 275 275 20 21 276 276 21 22 277 277 22 23 278 278 23 24 279 279 24 25 280 280 25 26 281 281 26 27 282 282 27 28 283 283 28 29 284 284 29 30 285 285 30 31 286 286 31 32 287 287 32 33 288 288 33 2 34
</DataArray>
        <DataArray type="Int64" Name="offsets" NumberOfComponents="1" format="ascii">
 4 8 12 16 20 24 28 32 36 40 44 48 52 56 60 64 68 72 76 80 84 88 92 96 100 104 108 112 116 120 124 128 132 136 140 144 148 152 156 160 164 168 172 176 180 184 188 192 196 200 204 208 212 216 220 224 228 232 236 240 244 248 252 256 260 264 268 272 276 280 284 288 292 296 300 304 308 312 316 320 324 328 332 336 340 344 348 352 356 360 364 368 372 376 380 384 388 392 396 400 404 408 412 416 420 424 428 432 436 440 444 448 452 456 460 464 468 472 476 480 484 488 492 496 500 504 508 512 516 520 524 528 532 536 540 544 548 552 556 560 564 568 572 576 580 584 588 592 596 600 604 608 612 616 620 624 628 632 636 640 644 648 652 656 660 664 668 672 676 680 684 688 692 696 700 704 708 712 716 720 724 728 732 736 740 744 748 752 756 760 764 768 772 776 780 784 788 792 796 800 804 808 812 816 820 824 828 832 836 840 844 848 852 856 860 864 868 872 876 880 884 888 892 896 900 904 908 912 916 920 924 928 932 936 940 944 948 952 956 960 964 968 972 976 980 984 988 992 996 1000 1004 1008 1012 1016 1020 1024
</DataArray>
        <DataArray type="UInt8" Name="types" NumberOfComponents="1" format="ascii">
 9 9 9 9 9 9 9 9 9 9 9 9 9 9 9 9 9 9 9 9 9 9 9 9 9 9 9 9 9 9 9 9 9 9 9 9 9 9 9 9 9 9 9 9 9 9 9 9 9 9 9 9 9 9 9 9 9 9 9 9 9 9 9 9 9 9 9 9 9 9 9 9 9 9 9 9 9 9 9 9 9 9 9 9 9 9 9 9 9 9 9 9 9 9 9 9 9 9 9 9 9 9 9 9 9 9 9 9 9 9 9 9 9 9 9 9 9 9 9 9 9 9 9 9 9 9 9 9 9 9 9 9 9 9 9 9 9 9 9 9 9 9 9 9 9 9 9 9 9 9 9 9 9 9 9 9 9 9 9 9 9 9 9 9 9 9 9 9 9 9 9 9 9 9 9 9 9 9 9 9 9 9 9 9 9 9 9 9 9 9 9 9 9 9 9 9 9 9 9 9 9 9 9 9 9 9 9 9 9 9 9 9 9 9 9 9 9 9 9 9 9 9 9 9 9 9 9 9 9 9 9 9 9 9 9 9 9 9 9 9 9 9 9 9 9 9 9 9 9 9 9 9 9 9 9 9
</DataArray>
      </Cells>
      <PointData>
        <DataArray type="Float64" Name="Mode_1_w" NumberOfComponents="1" format="ascii">
 -0.00020116914641317982 -0.0002011691701464182 -0.00020116871274037933 -0.00020116868657372194 3.591071888683948e-5 3.719642792960339e-5 5.60237072156296e-6 6.0838998200231954e-5 2.3653535834376875e-5 6.775615700384137e-5 3.503403329684539e-5 6.999686915399347e-5 3.5034083693815574e-5 6.775585465911563e-5 2.3653231968580905e-5 6.083891060956176e-5 5.602350852915725e-6 3.719619053433321e-5 3.591054451400629e-5 3.591054393227263e-5 3.7196299363791576e-5 5.602702507553553e-6 6.0838986800040074e-5 2.3653579026802907e-5 6.77561139447099e-5 3.503414110643889e-5 6.999692044233301e-5 3.503422974900753e-5 6.77558653652519e-5 2.3653313739098227e-5 6.083900667709187e-5 5.602530727853189e-6 3.7196297634710336e-5 3.5910360597949456e-5 3.59104096976937e-5 3.719615413337805e-5 5.602429282378361e-6 6.083899495475481e-5 2.365341293463681e-5 6.775571408720173e-5 3.503420999156465e-5 6.999674902767361e-5 3.503386621475278e-5 6.775600276054543e-5 2.3653501421658913e-5 6.083886168984239e-5 5.602349692656429e-6 3.7196170753942386e-5 3.591039891218363e-5 3.591049620721138e-5 3.719637487822366e-5 5.602391260653557e-6 6.0838703699265995e-5 2.365316446332635e-5 6.77559633356098e-5 3.5034103301578036e-5 6.99968079823917e-5 3.5033788109416217e-5 6.775585960981725e-5 2.3653073798678745e-5 6.083902038478638e-5 5.6026170948346425e-6 3.719645724880382e-5 3.591063779474619e-5 2.4290219437171676 4.764724327897396 6.913728360359018 8.797511299471388 10.341714567122594 11.489842494739394 12.195838707942283 12.434928612412296 12.195837468434025 11.489839110823084 10.341708559774599 8.797502903480042 6.913718767481298 4.764715812407453 2.4290168575341333 4.764724899289617 9.339893677141017 13.555066445758072 17.245919001195254 20.275092464991737 22.524084040317835 23.909889031213726 24.3768703686666 23.90988551264729 22.52407591832274 20.275079205947716 17.245901691886495 13.555047607395949 9.339877384174585 4.764715477294341 6.913731410438864 13.555070455337729 19.66932621692857 25.02711335799302 29.42090962099382 32.6862279612438 34.6954691252145 35.37481411299093 34.695461287670945 32.686211975793434 29.42088623880647 25.027085438056076 19.669298179559338 13.555047394101843 6.913718301446196 8.797519073047484 17.245931050926647 25.0271230460023 31.842041115703054 37.43411099218447 41.5869313068252 44.14500047918609 45.00769201996266 44.144985970431456 41.58690365916523 37.43407391922025 31.842000403983146 25.02708489790835 17.24590121870954 8.797502550769684 10.341727720747249 20.275114131590403 29.42093175351865 37.434125067665214 44.00636677568736 48.88998250285164 51.89557400422287 52.911345174049494 51.895551502249646 48.889941294369514 44.00631440909426 37.43407044196698 29.420882624161536 20.275076930726467 10.341707633518523 11.489859734758758 22.524113925362034 32.686262106610094 41.58696075601199 48.890000195055414 54.31386472464857 57.65450627619019 58.78140149202717 57.65447654237352 54.313811486542114 48.88993398044764 41.58689286324918 32.68620237345994 22.524069898396778 11.489836454930641 12.195858098462677 23.909924226073375 34.69551324577127 44.14504543985578 51.895612046189264 57.65452927453089 61.19904017229689 62.39676585877424 61.19900530063894 57.65446706593872 51.89553478788783 44.144966565890336 34.69544487219366 23.909875074874627 12.195832644854844 12.434948873863537 24.376908495119427 35.37486572883345 45.007751363359795 52.9114046141577 58.78145090173163 62.396794685996824 63.616434648136774 62.39675631764903 58.781382163250804 52.91131949129508 45.00766545595994 35.374792296182186 24.376856437279134 12.434922317289313 12.195858177865942 23.909925789424214 34.69551858647685 44.14505687924669 51.89562979324426 57.65455134644212 61.199063936476556 62.396788374780364 61.19902359925144 57.6544794272641 51.895541635501836 44.14496924096884 34.69544453632028 23.90987348809717 12.19583158773181 11.489860150895675 22.524117825472814 32.68627324683103 41.58698183963996 48.89003164387455 54.31390413309874 57.654548887577846 58.78144157916276 57.65450946608383 54.31383448461888 48.88994680386328 41.58689775560579 32.68620226805814 22.524067576338012 11.489834464377665 10.341728962261499 20.275120455645755 29.42094771068106 37.43415313273361 44.00640714985728 48.89003241868753 51.895627156303675 52.91139428057906 51.89559151326851 48.889969747613016 44.00633083117524 37.43407681194615 29.420882472755153 20.275073987981006 10.341705193201163 8.797521172460389 17.24593868162788 25.027141099836697 31.842072588048946 37.43415522389641 41.586984270936966 44.14505528410108 45.007741187596274 44.14502490565792 41.586931263664184 37.43409068431194 31.842007400730125 25.027084763418564 17.24589828968651 8.797500470473606 6.913733794705873 13.555077785886457 19.66934316636407 25.02714317803421 29.420951155417104 32.686276335256736 34.69551782400438 35.3748568117372 34.69549426228618 32.686235137467186 29.420900740947964 25.027092110660668 19.66929909130985 13.555046089690467 6.913717334293234 4.764726709909747 9.33989930926391 13.555079666822195 17.245942332150435 20.275124608811108 22.52412077183373 23.909925447392883 24.37690204270187 23.9099097903909 22.52409293157514 20.275090138782197 17.245907437284924 13.555049776554693 9.339877881812782 4.764715480847224 2.42902270558575 4.764727366137939 6.9137357395119325 8.797524333402134 10.34173220667013 11.489862276134462 12.195858240488597 12.43494558129065 12.195850396335373 11.48984829117459 10.341714762293899 8.797506613060175 6.913720667708555 4.764716635016289 2.4290171521496253
</DataArray>
        <DataArray type="Float64" Name="Mode_2_w" NumberOfComponents="1" format="ascii">
 -1.2338053485030286e-9 0.0006252291943856736 -1.9408647305770352e-12 -0.0006252294462842099 6.1018909865231326e-5 -4.907617296689806e-5 7.693153485663339e-5 -7.005211507011304e-5 2.991692754886256e-5 -0.00013523721986017438 -5.623460488032041e-5 -0.00022478738786742007 -0.00014132141613761975 -0.00029126093467146826 -0.00017609387084968536 -0.00028811502294381344 -0.00013965471382955462 -0.00016167353631010598 -0.0001899853741193779 -0.00018998535741184794 -0.00016167388424526963 -0.00013965517741538352 -0.0002881153270036735 -0.00017609365118710377 -0.0002912618604654856 -0.00014132231466008918 -0.0002247883351830813 -5.623489197972861e-5 -0.00013523775399761924 2.9916421468857905e-5 -7.005244919482513e-5 7.693126764913959e-5 -4.907682522086837e-5 6.101811550316594e-5 -6.101802627979703e-5 4.907713600569416e-5 -7.69313945701707e-5 7.00523198492864e-5 -2.9916384280742487e-5 0.00013523766759292974 5.623452278536656e-5 0.00022478778270567916 0.00014132165231652436 0.00029126122558791517 0.00017609321594141413 0.0002881148307327379 0.00013965462069602877 0.00016167371293243076 0.0001899855789179739 0.00018998554054498807 0.00016167380456117596 0.00013965507873895695 0.0002881153867113342 0.00017609367695752082 0.0002912613336403777 0.00014132152074405007 0.00022478799773421697 5.623536495652657e-5 0.00013523828040868977 -2.991675156882477e-5 7.005241732152456e-5 -7.693093098471105e-5 4.907770948426761e-5 -6.101735371461378e-5 1.0918290737055971e-5 0.3747661554018997 1.4457053057007607 3.395535080766044 6.228667002045627 9.760627955804965 13.63638171990373 17.37879888465023 20.455704269260462 22.36120680960225 22.69205496802125 21.21564987446148 17.909271438270427 12.975869131789773 6.819533728854651 -0.3747299950852242 3.104317522027223e-5 1.7666359402894758 5.294744671702137 10.604310650168408 17.342448607802673 24.821737250505528 32.11107713688089 38.17148954327536 42.00952345399937 42.833675389680685 40.179551312055565 33.996516850162166 24.667719941595873 12.975867697774172 -1.445662552783115 -1.7665588428836 5.079585915763243e-5 4.4196167765567695 11.546876855775624 20.892330798622158 31.474634729216106 41.95485596026506 50.82874974163176 56.65425911720355 58.27209894966491 54.9951287288903 46.7258411732077 33.99651347803498 17.909267692637222 -3.3954889621002806 -5.294658050245273 -4.419497131932769 7.276656085415854e-5 8.078723368430158 19.230944697578867 32.23715059958825 45.41114188856174 56.84699488223612 64.70399074875718 67.49250231044886 64.30921969825866 54.995125186214054 40.179545191977745 21.215644304262106 -6.2286175553221605 -10.604216513070597 -11.546745010126369 -8.078562509534605 8.825871523733105e-5 12.054633311407176 26.69150749385015 41.954309291415015 55.61090812059735 65.49093972364524 69.81807228874605 67.49249556704551 58.272090557990985 42.833666459328505 22.692048055162978 -9.760576168498334 -17.342351283343167 -20.892196769825002 -19.230784035460246 -12.054459406293136 8.489311973155471e-5 15.435653321952687 32.110278283505934 47.55581816948556 59.35041919113944 65.49092576421451 64.70397253450231 56.654241472385266 42.00950826820404 22.36119755369648 -13.636331803128543 -24.821645218422358 -31.474511119319914 -32.2370056791806 -26.691353352440093 -15.435504198170726 6.510806819609683e-5 17.377972238888766 34.090583260054466 47.555796826243515 55.610875497659116 56.84696110091025 50.82871888750575 38.17146479084183 20.45569064084554 -17.37875614340418 -32.110999057695196 -41.95475250837234 -45.411023041224176 -41.954185819946055 -32.11016149283065 -17.377872260292513 3.766516188907526e-5 17.37794694807052 32.11023440650984 41.95425653555446 45.41109042501519 41.95481180637798 32.111043449175305 17.378780088495112 -20.45567141027405 -38.17142949494131 -50.828670277905424 -56.84690508593631 -55.61081877123801 -47.555738726786274 -34.090519107226164 -17.377900122509093 1.434306695734387e-5 15.43558786864862 26.691436118843587 32.23708360892861 31.474579952168824 24.82169728479323 13.636359477381237 -22.36118271979078 -42.00947932378738 -56.65420055921141 -64.70392593452951 -65.49087990758284 -59.35037290264977 -47.5557651756471 -32.11021407730018 -15.435576857824568 8.230626973022395e-7 12.054547753891526 19.230867833641295 20.892269183226887 17.342405071422004 9.760604964156938 -22.692036528227213 -42.83364159481915 -58.27205448559176 -67.49245473102603 -69.81803230544958 -65.49090122004834 -55.61086562772577 -41.95425521014815 -26.691439060793055 -12.054554122155599 -4.765271409979805e-6 8.078642547155592 11.546813281581718 10.60426668573205 6.228644770528724 -21.21563444340497 -40.17952370579552 -54.995093653188974 -64.30918362636241 -67.49246738482384 -64.70395902251629 -56.846961644656574 -45.41109873662779 -32.23709403053195 -19.230878515902045 -8.078653740806873 -5.6883308989996745e-6 4.41955571374038 5.2947025313307465 3.395513536190278 -17.90925873330861 -33.99649527352221 -46.72581542564734 -54.99510002818848 -58.27207212329928 -56.65423476580765 -50.82872368777236 -41.95482310503977 -31.47459238687404 -20.892280652002228 -11.546824122553087 -4.419565788133271 -4.070911590357963e-6 1.7665968385799626 1.4456844819046475 -12.975860516172625 -24.667706485557257 -33.99649897110696 -40.17953220800595 -42.833658178100265 -42.00950766387665 -38.17147171193344 -32.111054525429516 -24.82170855396164 -17.342414878733273 -10.604275319853826 -5.294709855126331 -1.7666020285128774 -1.3166889364783584e-6 0.37474817028801893 -6.819529697607544 -12.975862220724341 -17.90926275021872 -21.215640568897683 -22.692046540995204 -22.361199637318197 -20.455696345666407 -17.378787541887277 -13.636366519909739 -9.760610710084922 -6.228649534414969 -3.39551733891383 -1.44568674311013 -0.37474889750253854 0.0
</DataArray>
        <DataArray type="Float64" Name="Mode_3_w" NumberOfComponents="1" format="ascii">
 0.0006252295530287225 2.795424961340849e-10 -0.0006252293811184233 -8.053618426588065e-10 -0.0001899860211467927 -0.00016167397675202744 -0.0001396545576812068 -0.00028811538836010376 -0.00017609375837133683 -0.00029126124285085804 -0.00014132180545347266 -0.0002247879729936628 -5.6235367359119544e-5 -0.00013523818118854023 2.9916337805092055e-5 -7.005257850932433e-5 7.69311324714736e-5 -4.90769970321881e-5 6.10182433241204e-5 -6.101785605829979e-5 4.907692468863144e-5 -7.69315896633231e-5 7.005225500293203e-5 -2.9916559967569187e-5 0.00013523776309870157 5.6234797193338907e-5 0.0002247878272512336 0.0001413215464551128 0.0002912610756208513 0.00017609367666155597 0.00028811522295823426 0.00013965446967223688 0.00016167374006705043 0.00018998602499468496 0.00018998583397162818 0.0001616739870875063 0.00013965464208601336 0.00028811540214684217 0.00017609342155339104 0.00029126112959908625 0.0001413216774861338 0.00022478805407974398 5.62347525862709e-5 0.00013523788825018 -2.9916547355480787e-5 7.005265216034383e-5 -7.693128422520724e-5 4.907718418812461e-5 -6.1017741464226635e-5 6.101839547346906e-5 -4.907699538497846e-5 7.693162741008061e-5 -7.005198936713612e-5 2.991673011796471e-5 -0.00013523726865185537 -5.623451057474784e-5 -0.0002247874354648083 -0.00014132139832007215 -0.00029126106878167406 -0.00017609386577459012 -0.0002881152380881494 -0.00013965499074348656 -0.00016167357369018743 -0.00018998624690337733 -6.819534864415675 -12.975868760818432 -17.909268378950095 -21.215643866080544 -22.69204418855113 -22.361188373881692 -20.455675672590584 -17.378759857916734 -13.636335373723867 -9.760578986529135 -6.228619344225368 -3.395491210195866 -1.445666853965975 -0.3747358850586234 6.36041648404349e-6 -12.975869619638264 -24.667720863716095 -33.99651368574532 -40.17954189090456 -42.83365657759606 -42.009489822271135 -38.17143625326385 -32.11100453671986 -24.821650956176285 -17.342356443726388 -10.6042204296836 -5.2946623838352 -1.7665654414898255 2.2877545259730617e-5 0.37475999630489604 -17.909271632981014 -33.99651765389373 -46.72584035643928 -54.995118683596246 -58.27207563921051 -56.6542155413187 -50.828678929392154 -41.95475829754421 -31.47451797826417 -20.892205341890396 -11.546753474258056 -4.419504768221071 4.321639159606488e-5 1.766628344703546 1.4456999362857013 -21.215651262111837 -40.179553330340944 -54.9951283199142 -64.30921298036786 -67.49247952916815 -64.70394299183359 -56.84691480068824 -45.41102984814204 -32.237015141662745 -19.230798188368563 -8.078578506183238 5.883521741622458e-5 4.419605843930593 5.294736210777299 3.395530118831983 -22.692057451533277 -42.833679246242504 -58.272100654848835 -67.49249723305591 -69.81805628006573 -65.49089531937621 -55.61082867407178 -41.95419569091887 -26.691368020654036 -12.054480714445665 6.373535835298846e-5 8.078700913516382 11.546858644006685 10.604297397954733 6.228659989080058 -22.361209355012527 -42.00952768420488 -56.65426139002128 -64.70398483332589 -65.49092088438607 -59.35038619348923 -47.55574960895684 -32.11017515625557 -15.435524365757873 5.7394950927797286e-5 12.054601876397497 19.230914633343087 20.892305261836373 17.342429410308135 9.760617401471846 -20.45570567570119 -38.17149112117299 -50.828747709425514 -56.84698303644583 -55.61088206811732 -47.55577781663343 -34.09053099348116 -17.37788804435064 4.2306826438518786e-5 15.435623771534335 26.69147382450653 32.23711715733167 31.474605657030136 24.821714991481404 13.636369059255452 -17.378798011497356 -32.11107384209329 -41.954845956787324 -45.41111974750241 -41.954271977174955 -32.110226865633564 -17.377912070671645 2.2285460690224176e-5 17.377951226643802 32.110251918714255 41.954279007884224 45.41111069960918 41.95482798951012 32.11105589082261 17.378787149943168 -13.63637840984506 -24.821728757266058 -31.474616410331258 -32.23711710471949 -26.691457537233145 -15.435590746444609 2.2922409176602257e-6 17.377934268351634 34.09056793130832 47.555798157423204 55.610883805195726 56.84696941435906 50.82872657921423 38.17147190013275 20.455694867786885 -9.760623040843775 -17.342435904144384 -20.892305690528943 -19.230902553131944 -12.05457390221704 -1.467628493725901e-5 15.435575822523427 32.11022493132361 47.5557867080579 59.35040413565485 65.4909196400705 64.70396966772674 56.65424028813998 42.00950887845708 22.361198770275802 -6.228661171271392 -10.604295529620677 -11.546847971960727 -8.078677037008811 -2.5221785413918823e-5 12.054531554397961 26.691424507822084 41.95424742678264 55.61086504427361 65.49091061563634 69.81805240948512 67.49248135286803 58.27208070916242 42.833661786031456 22.6920474214823 -3.395527812356058 -5.294727941685819 -4.419586924137868 -2.6672803784634803e-5 8.07862338136225 19.23085234450332 32.23707172768867 45.41107908685695 56.84694712192201 64.70395430502798 67.49247348044074 64.30919712282284 54.995110036733934 40.17953815060837 21.215642658416918 -1.4456957309920344 -1.7666171347886765 -2.1394709915004358e-5 4.4195388288594435 11.546797845631339 20.892255557230246 31.474567831660863 41.95479984559143 50.82870475907862 56.654223153608264 58.272069003993934 54.99510458774533 46.72582495456701 33.99650537720662 17.90926499249773 -0.37475553286955204 -1.2385074628378204e-5 1.7665843266641583 5.294690629181183 10.604255770363585 17.34239471483594 24.8216874950451 32.111034245320255 38.17145453031147 42.0094950057877 42.83365156132327 40.17953172938683 33.99650255098039 24.6677119594414 12.975864961698273 -3.456120423652026e-6 0.3747421914866817 1.445677674613006 3.395507057803323 6.228638777871233 9.760599405505827 13.636354431885257 17.378775319688053 20.455685322258493 22.36119129136111 22.692041942871683 21.21563884161948 17.909262522074197 12.975863975600962 6.819532334072924
</DataArray>
        <DataArray type="Float64" Name="Mode_4_w" NumberOfComponents="1" format="ascii">
 -0.0009885297333423941 0.0009885293407635549 -0.0009885299986722017 0.0009885300855073653 0.00043011958227223506 0.0002474522582492949 0.00042381842101333646 0.0004416574558217305 0.0004079264758613737 0.000314747045793256 0.00016872341492042025 8.507079394518371e-10 -0.00016872210592785473 -0.0003147463510759793 -0.00040792606139042825 -0.00044165725907208787 -0.00042381823472189965 -0.00024745217511388303 -0.0004301194659982348 -0.0004301194666446863 -0.00024745204453592736 -0.0004238182578735427 -0.0004416575739235574 -0.00040792673531266847 -0.0003147473375215334 -0.00016872346227500687 -9.282436094062957e-10 0.0001687217106748124 0.00031474627346959845 0.0004079260807823925 0.0004416573234871766 0.00042381822806616194 0.0002474523763074468 0.00043011962700803845 0.0004301197174163541 0.00024745227053729857 0.000423818673436152 0.00044165772475920434 0.0004079271533071316 0.0003147475636055209 0.0001687235357343269 7.288851877262419e-10 -0.00016872207037953296 -0.0003147466177415159 -0.0004079265314815118 -0.0004416575899029069 -0.00042381825051329816 -0.00024745263372840726 -0.00043011978503813147 -0.0004301197697145938 -0.00024745247620418974 -0.0004238187095445463 -0.00044165795025956004 -0.0004079268188077789 -0.00031474757223930394 -0.00016872337749204076 -4.622334560791658e-10 0.00016872249415847602 0.0003147466208823537 0.00040792606150819315 0.0004416572589259946 0.00042381849282625974 0.0002474522542057319 0.0004301197851018322 9.50537575999808 17.56256675610487 22.945603631668654 24.8355369257912 22.9446342614592 17.56087161720098 9.503797993740797 -3.2780925637130565e-5 -9.50386115313332 -17.560927901030922 -22.94468023358277 -24.835570934848157 -22.945625886936195 -17.562579042677452 -9.505380886908005 17.562568756066305 32.44934143295772 42.39550273659839 45.887377534144676 42.39370306555424 32.44635986941704 17.559712941549385 -5.834909687389794e-5 -17.559824784965112 -32.44645820563241 -42.39378179654275 -45.88743409142819 -42.395538145820275 -32.44935987731114 -17.562576039971113 22.945611020144483 42.3955115948045 55.39034584548956 59.9526045958175 55.38804164379642 42.39170443571787 22.942048426735344 -7.05705899595638e-5 -22.942182673951827 -42.39181951878119 -55.38812961642461 -59.952663390731736 -55.3903789974883 -42.39552638184283 -22.945615672907607 24.835553581298445 45.88740310348275 59.95262562096059 64.8906609288586 59.950164568738174 45.88335492039332 24.831712755719835 -6.662964262034939e-5 -24.831837412093726 -45.88345595304363 -59.95023332721729 -64.89069754906951 -59.95263779049761 -45.88740203989884 -24.835549778960242 22.944663523764223 42.393751997632336 55.38809371423763 59.95019956987393 55.385842772172715 42.390026970466444 22.94115190855178 -4.8538713242919616e-5 -22.941238675750565 -42.39008637289174 -55.38586704235035 -59.95019239822422 -55.38806776728739 -42.393722960269265 -22.944645011867383 17.560914954723582 32.446434944916405 42.39179129972191 45.88342999684848 42.39006929324894 32.4435974793358 17.55822986604868 -2.3152047675276468e-5 -17.558264497761503 -32.443601928088185 -42.39003706603739 -45.883368568922585 -42.391718072126714 -32.446370400472254 -17.56087716977464 9.503854326517297 17.559811789564733 22.942166023013208 24.83182196634558 22.941229534334546 17.558265111345772 9.502401809696094 -2.722187640369721e-7 -9.502389932518474 -17.55822112076715 -22.941147331110184 -24.831711331848187 -22.94204827913236 -17.55971276288667 -9.503797541063458 3.277024582952599e-5 5.672556696353562e-5 6.652159829416724e-5 6.171447518391183e-5 4.613881190460019e-5 2.6970606750016604e-5 1.299966831161085e-5 1.0892343801278911e-5 2.2129035908161455e-5 4.2629851256782804e-5 6.461195732982943e-5 7.956129550495879e-5 8.088156372398926e-5 6.610939332625685e-5 3.72986863774892e-5 -9.503792808918845 -17.559705521996506 -22.942042088919177 -24.831709059816745 -22.941149292576103 -17.558224631013477 -9.502390497359192 6.2482461526750966e-6 9.502417551120045 17.55828943328075 22.941259892085107 24.831854833571867 22.94219660431498 17.55983517533515 9.5038669908422 -17.56086430970403 -32.44634790178745 -42.39169193126539 -45.88334540621424 -42.39002100804322 -32.4435923354124 -17.558256716235665 -1.184383740944418e-5 17.5582484319584 32.44362462366626 42.390103946727564 45.88346948279557 42.3918306438372 32.44646695686513 17.560932942524246 -22.944626913315656 -42.39369023638651 -55.38802732202145 -59.95015296214189 -55.385835732317766 -42.39006548387786 -22.941225069939918 -3.650579888971843e-5 22.941167546173723 42.390049427643504 55.38587299828951 59.95023653892795 55.388133209902115 42.3937858870031 22.94468308254964 -24.83552980825161 -45.88736531231744 -59.95259121283771 -64.89065037255716 -59.9501939088599 -45.883428728428804 -24.831821770779374 -5.809245760989925e-5 24.831720177737306 45.88336661996079 59.95018392259824 64.89068838831638 59.95265767816519 45.88743200791172 24.835570568148146 -22.945596751277755 -42.39549162883001 -55.39033457607927 -59.9526175933161 -55.38809063578417 -42.39179259026465 -22.94216887917058 -6.735876431475567e-5 22.942046765498933 42.3917048151066 55.388049056473605 59.95262019984697 55.39036650473779 42.395531036455544 22.94562268194324 -17.56256109382521 -32.44933270821135 -42.39550342456576 -45.88739815371764 -42.39375107151938 -32.44643721337987 -17.55981539034266 -5.9341403090517785e-5 17.559706253166542 32.44635408006265 42.393703053876436 45.88738409497015 42.3955131107066 32.449351519911 17.56257498124304 -9.505372645565098 -17.562564016918273 -22.945606791536072 -24.835551364400626 -22.944663537279357 -17.56091656483258 -9.503856692809343 -3.481398390021098e-5 9.503792337711538 17.560866561143474 22.94463269172405 24.83553891478486 22.945607463717998 17.56257057081031 9.505378138730254
</DataArray>
        <DataArray type="Float64" Name="Mode_5_w" NumberOfComponents="1" format="ascii">
 -5.58701062043484e-10 1.7052458651136639e-9 -2.1149476080969502e-10 1.5648195256459299e-9 3.254529635521427e-5 3.818385780122092e-5 -3.679144163110566e-5 -0.00016929437310770357 -0.0003566502640438301 -0.0005340467281873971 -0.0006736069045687941 -0.0007182323688377405 -0.0006736072662412243 -0.0005340475032803404 -0.00035665089420252455 -0.00016929514282491284 -3.6792545238077035e-5 3.818337227870921e-5 3.254422648998723e-5 -3.254562519146843e-5 -3.818446793470982e-5 3.679093099796879e-5 0.0001692931687181838 0.0003566495086669349 0.0005340461134218517 0.0006736067625104288 0.0007182320624041608 0.0006736072882293916 0.0005340468832170724 0.0003566507017450636 0.0001692941920781653 3.679181509875269e-5 -3.818406588258668e-5 -3.254497916867086e-5 3.254519718095255e-5 3.8183747149710526e-5 -3.67917736820381e-5 -0.00016929443391872702 -0.0003566505494432354 -0.0005340472568517337 -0.0006736072437106762 -0.0007182327758126192 -0.000673607493358007 -0.0005340477711523164 -0.0003566512255235964 -0.00016929506404587537 -3.679258868953049e-5 3.8183523096732146e-5 3.254456968970645e-5 -3.254563722317299e-5 -3.818446939473322e-5 3.679106960792466e-5 0.00016929347322532687 0.000356650004337895 0.0005340464653746648 0.0006736068787716565 0.0007182324473370435 0.0006736074821407996 0.0005340474302793195 0.0003566509215935439 0.00016929421475439494 3.679192693076753e-5 -3.8184147813019615e-5 -3.254476667106393e-5 3.3083265827283524e-6 1.4745006551735107 5.3865723005945085 11.748261935373362 19.576211197808842 27.18297202696182 32.71092664659582 34.731647849899076 32.71090562669704 27.18293418556381 19.57616278327555 11.748209874024345 5.386524128545737 1.474463906697975 -1.641288393923461e-5 -1.4744874624213657 1.2997129115470312e-5 6.352586957854797 17.653156070759042 32.02233484617627 46.1978411784112 56.57583655233328 60.381353935459494 56.575799183336095 46.19777283728558 32.02224616264561 17.65306016700813 6.3524980576945085 -5.5269318700496836e-5 -1.4745244967798266 -5.386553258178898 -6.352549674145368 2.6861729262376645e-5 13.875354491089034 32.64412030398264 51.65824500078952 65.75549094192644 70.9519676330238 65.75544375954452 51.658157920870195 32.64400613564901 13.875230009637283 -8.908756995528037e-5 -6.352639261729604 -5.386602169597404 -11.74823872831448 -17.65311021265485 -13.875287792107649 4.1737737142668646e-5 20.771307866929263 42.6475024096773 59.15464657405152 65.28316538102534 59.15459668466733 42.647409855352365 20.77118548012157 -9.29053631749784e-5 -13.8754141987691 -17.653208305779135 -11.748292326054615 -19.57618644825607 -32.022285542418935 -32.64404792435015 -20.77121585751317 5.237904469526317e-5 23.003545108724204 40.73599498469089 47.37527888349562 40.735949462216176 23.003459986335294 -6.126458771862573e-5 -20.771342282849954 -32.64416789520156 -32.02237922978485 -19.576237793817555 -27.18295057212783 -46.19779809966789 -51.65817998508337 -42.6474157432658 -23.00343996096874 5.733671489349417e-5 18.127110872243183 24.971737716936786 18.12707621287686 -8.608684939662458e-6 -23.003529321334025 -42.64751664419776 -51.65827733888838 -46.19787535591054 -27.182993403056727 -32.71091598279274 -56.57581321858243 -65.75545037039689 -59.15458354490334 -40.735907148627106 -18.127001859670635 5.9619364516729483e-5 6.889086566413995 4.1066236929952975e-5 -18.12703874475531 -40.735959467826866 -59.154644978673744 -65.75551183132755 -56.57586364127166 -32.71094456575672 -34.73165538786781 -60.38136322654673 -70.95196813470118 -65.2831452750882 -47.375228831215544 -24.971654295262883 -6.888975804429953 6.074638313220432e-5 -6.88897518837562 -24.971655988722723 -47.37523605434501 -65.28315895189759 -70.95198598885587 -60.381380283561896 -34.73166593248168 -32.710935591782295 -56.575849516724574 -65.7554979206073 -59.15463551532928 -40.735955662757426 -18.12703939240995 3.811692955318047e-5 6.889083886312325 5.798721185434187e-5 -18.127005419674344 -40.73591645165227 -59.154599487406784 -65.75547040938962 -56.57583212674033 -32.710927548791425 -27.182987090784046 -46.19786653748735 -51.65827065233897 -42.64751495303451 -23.003532656915848 -1.530054293909639e-5 18.127067830806766 24.97172950871111 18.12710365657837 4.887672325186556e-5 -23.003452905735607 -42.6474343017843 -51.65820198482931 -46.19781813728169 -27.18296249873759 -19.576235001654428 -32.022377091212924 -32.644170061218084 -20.771350378485213 -7.442026099104258e-5 23.003443988238036 40.735932427105325 47.375261900233625 40.73597864528012 23.00352862092485 3.384151038032056e-5 -20.771237531444438 -32.64407110791822 -32.02230552217794 -19.576197962277508 -11.748292602621232 -17.653211583720744 -13.87542352946654 -0.00010941556319189974 20.771163222902153 42.647384791517446 59.15457093973321 65.28313957001939 59.15462113952346 42.64747768196619 20.77128345062268 1.742295552652017e-5 -13.87531082976517 -17.653129102349947 -11.748249625102414 -5.386604206354881 -6.352645276081918 -0.00010173288079005292 13.8752096480671 32.64397939593111 51.658128094607136 65.75541365127012 70.95193779437533 65.75546117022806 51.65821592677883 32.64409298945078 13.875329836325236 5.740159522193849e-6 -6.352566132936108 -5.386562783005478 -1.4745270321484223 -6.140490246586663e-5 6.352486421555115 17.653041791393875 32.0222219544503 46.197745719521556 56.57577217721813 60.38132759611727 56.57581008534824 46.197815109942134 32.02231090714689 17.653135636743684 6.352570415849223 7.972911165322075e-7 -1.474494180552363 -1.8216884579016084e-5 1.4744600170509847 5.386517191485258 11.748198909739731 19.576148242293648 27.182918022468556 32.71088963272368 34.73163231089253 32.71091098550761 27.182956586066368 19.576197330059244 11.748250410608323 5.386563153929149 1.4744942280548743 0.0
</DataArray>
        <DataArray type="Float64" Name="Mode_6_w" NumberOfComponents="1" format="ascii">
 -0.0008773351414965418 -0.0008773351446042455 -0.0008773352906360144 -0.0008773349791215584 0.0003383352445739051 0.0004856145029507454 0.00039160530579246205 0.0006185363857739851 0.00034922340491757854 0.00044232704592180044 0.00018973092139754232 0.00032350831418499125 0.00018973069889289016 0.00044232697088859575 0.00034922308671819573 0.0006185362304111523 0.00039160518701138343 0.0004856146025559477 0.0003383352211161651 0.00033833517610011636 0.0004856144670774711 0.0003916053440100286 0.0006185363446301788 0.00034922370318765916 0.00044232790850471905 0.0001897317907137514 0.00032350905660122114 0.00018973168837907328 0.0004423276868138308 0.0003492237340217907 0.0006185365682707252 0.0003916050963817608 0.0004856146460636743 0.00033833530407678474 0.00033833516132138024 0.0004856146501606013 0.00039160522065515046 0.0006185364200963584 0.00034922313149014734 0.0004423268515823596 0.00018973076598689434 0.0003235081346760216 0.00018973065331519135 0.000442327141322398 0.000349223334954586 0.0006185362197857697 0.000391605117016701 0.00048561436145192236 0.00033833505938518535 0.00033833514006762215 0.0004856143500831207 0.0003916051145809306 0.0006185364676700472 0.0003492236951694095 0.0004423278596539568 0.00018973172944191066 0.00032350926107380616 0.00018973184199608275 0.0004423277831963765 0.0003492236100537324 0.000618536210392478 0.00039160497106041316 0.000485614517972212 0.0003383352609702954 10.095100308289906 18.263572682680064 23.200793158777756 24.58865508104235 23.110718552361394 20.224563790644858 17.599119140139553 16.5613609809888 17.599119138518816 20.22456388172326 23.11071879979165 24.58865513888813 23.20079240782343 18.26357122476901 10.095099068583815 18.263571727009467 32.80288255442135 41.1679295493344 42.740221043504896 38.932916343951 32.5968573345143 27.04990082652245 24.871642402874794 27.04990105594362 32.596857754427695 38.93291685275732 42.74022097788475 41.16792788441644 32.80287959896174 18.26356936646768 23.20078904000694 41.16792439202571 50.425048244798695 50.217269199627204 42.65006363025745 31.96136077498797 22.984669505436305 19.52103049344611 22.9846702819911 31.96136196943549 42.650064543853766 50.21726872818113 50.4250453914273 41.16791980068953 23.20078541284123 24.58864442592408 42.74020439780896 50.21725535419361 46.18537311430811 33.49202768679294 17.610024687733677 4.798250716387606 -0.086788312471666 4.7982519385985665 17.61002614761761 33.492028122662845 46.18537126543917 50.217250654570755 42.740198169376335 24.58863990831532 23.110698123231288 38.932882130569205 42.650027594588934 33.49200366345948 14.941066593575131 -6.407802662877233 -23.12672530867903 -29.419662019372208 -23.12672440257457 -6.407801964595166 14.941065365440041 33.49199940595182 42.65002069348543 38.932874716880924 23.110693342064405 20.224532528469062 32.59680343027794 31.961299247355022 17.609972233865122 -6.407832058683696 -32.665588544040766 -52.791125134353805 -60.31470675739735 -52.791124953065946 -32.665589091241884 -6.4078349973742075 17.609966076543557 31.961291048445567 32.59679568049549 20.224527793936883 17.599078872573713 27.04983059360718 22.984586823050556 4.798175060220905 -23.126778272021003 -52.7911486924629 -75.26708363900606 -83.62021601367776 -75.26708433748034 -52.791150814191504 -23.126782547497804 4.798168571031019 22.984579396288716 27.049824079987374 17.599074954200713 16.5613158943994 24.871563893239003 19.520937917844524 -0.08687355864473416 -29.41972304954298 -60.31473728495092 -83.62022280382504 -92.27681613490519 -83.62022475135457 -60.31474091980233 -29.419727829645726 -0.0868786111210064 19.520933503309752 24.871560582722214 16.561314000099014 17.599075031738117 27.04982525455769 22.984582818043137 4.798174594088567 -23.12677447904745 -52.79114229197414 -75.26707713213334 -83.6202106690909 -75.26707991145211 -52.79114653955183 -23.12677824128516 4.798172744276488 22.984582905565475 27.04982624712438 17.59907577929368 20.224526400285928 32.59679502535732 31.96129332264867 17.609972295886124 -6.407825196037367 -32.6655772996317 -52.791113061618745 -60.314695994497846 -52.7911158022834 -32.66558071812965 -6.407826403994345 17.609974781216188 31.96129859012313 32.59680068471902 20.22452992772492 23.110691422429547 38.932873264291175 42.65002225118758 33.492005314496886 14.941075473436074 -6.407788591015245 -23.126709251726574 -29.41964696048057 -23.126711349236196 -6.407789738870532 14.941078066249805 33.49201232811343 42.65003243141708 38.93288343512143 23.110697704816214 24.58863873862089 42.74019713747973 50.21725175904362 46.18537610553245 33.49203723484344 17.610039309925867 4.798267871910792 -0.08677171168091195 4.798266831751209 17.610040633242466 33.492043424610095 46.185387020656464 50.217265523331214 42.740210171320555 24.588646702177062 23.20078547654467 41.167919892675165 50.425046394002365 50.217272278425675 42.65007190361065 31.96137319976029 22.984684061706304 19.521045014749312 22.984684000434722 31.961375777352 42.65007958572481 50.217284860823625 50.425061146396764 41.167932907139736 23.200793083619956 18.263570198749882 32.80288080432914 41.16792952350266 42.7402238801535 38.9329221451561 32.59686562173803 27.049910463438966 24.87165226096423 27.04991087293432 32.596868158548574 38.93292863536493 42.74023411337954 41.1679412213154 32.802890831791515 18.26357584520193 10.095099823116932 18.263572483394547 23.200794086253353 24.58865725266043 23.11072165154345 20.224567777422326 17.599123683396016 16.561365653576644 17.599124018003252 20.224569319531813 23.11072516334055 24.58866244250966 23.200799966011243 18.263577651523075 10.095102793836869
</DataArray>
        <DataArray type="Float64" Name="Mode_7_w" NumberOfComponents="1" format="ascii">
 0.0019135486307779934 7.403346784645867e-12 -0.0019135485149561736 -1.4143799710518776e-10 -0.0009404917207476062 -0.0011026586217941369 -0.0010490275572603857 -0.001310173209044743 -0.0005703700482024438 -0.00047560476239261705 0.0004012170121218289 0.00038282562025280414 0.0009449881603418329 0.0005257978893043261 0.0007441899928759084 9.830226376829229e-5 0.00029778305488204653 -0.0002335497556675925 0.00011108134403011102 -0.0001110815108034936 0.00023354997954558914 -0.00029778304967680117 -9.8302087876664e-5 -0.0007441899004113679 -0.000525797731634133 -0.0009449879367249362 -0.00038282560566961764 -0.0004012171379939054 0.00047560477321107765 0.0005703698122330081 0.0013101732303121673 0.001049027288063761 0.0011026580506172039 0.000940491336150532 0.000940491416533401 0.0011026583268218546 0.0010490276319201966 0.001310173461890559 0.0005703703136973532 0.0004756050937684732 -0.0004012170025792065 -0.0003828255498454571 -0.0009449881096950947 -0.0005257981875861956 -0.0007441898992837796 -9.83021070730179e-5 -0.00029778280406806475 0.0002335499914622994 -0.00011108100968113049 0.00011108140542801052 -0.00023355020438274945 0.0002977832078529282 9.830223314562699e-5 0.0007441902499478294 0.0005257978498004498 0.0009449881962439922 0.0003828256860967659 0.00040121669122761814 -0.00047560508494002884 -0.0005703703288223934 -0.0013101736113825834 -0.0010490275453410303 -0.0011026584921141659 -0.0009404914237618968 -19.877742751171894 -34.86247930480177 -41.48256145306504 -38.56007018109276 -27.44310394678203 -11.512204576232618 4.910739858572935 17.849685984255334 24.78320254345035 25.207941073888698 20.534522024203024 13.372513764056146 6.498307276218812 1.8639217931519365 1.3273315729625347e-6 -34.8624791375332 -60.964312745097224 -72.1427759573067 -66.37042603614547 -46.20432130662266 -17.825215485555148 10.935503993041664 32.97857661897329 43.92400990496452 43.12985662527609 33.43919948113255 19.83685185411348 7.5066168533775555 4.6172383801087e-6 -1.8639168933962498 -41.482559880875066 -72.14277393835651 -84.44421229851422 -76.09738056293925 -50.55728813957043 -15.783403550235432 18.3495297438246 43.085170123866355 53.32414469802079 48.842234782465425 33.881143414642544 15.301334542428023 7.407616370100787e-6 -7.506605205190871 -6.498301119989706 -38.56006583991559 -66.37041970190324 -76.09737586336458 -65.80145734718134 -39.42086175411913 -5.372305341232391 26.19750885970146 46.63352653687636 51.377475260774396 41.154311721282966 21.37068667994787 6.623763804913153e-6 -15.30132031467913 -19.836840672857935 -13.372507873933236 -27.443097185457972 -46.20431048383993 -50.557277975001995 -39.42085611620454 -16.675074885502912 10.147052722639977 32.380893294160465 43.08231710023566 39.28775011795716 22.90975215295067 1.681171261957999e-6 -21.37067842359655 -33.88113356164268 -33.43919163165209 -20.53451801858992 -11.512197191349019 -17.825202767042718 -15.783389981670704 -5.372295145047805 10.147057924216389 25.300574036478988 34.27188731574 32.97342430150628 20.579623350298167 -2.8451730347484477e-6 -22.909754624910576 -41.15431037279197 -48.84223144801605 -43.12985369379614 -25.20793971228856 4.910745795001429 10.93551470841116 18.349542796990214 26.197521073564015 32.380902575025544 34.27189245730438 29.685346000102857 17.844832166082877 -1.4012641323400388e-6 -20.579629194549344 -39.287756426445526 -51.377480020789214 -53.324147535232015 -43.92401163622605 -24.783203515321283 17.849688907375832 32.978582366579005 43.08517878918607 46.63353732101429 43.08232811792142 32.973433329738604 17.844837153211515 3.654802016261947e-6 -17.844829843925293 -32.97342673431924 -43.08232325339463 -46.63353414703034 -43.08517700168185 -32.97858172919561 -17.849688788324876 24.78320216059456 43.92400996013694 53.324146937070914 51.37748126413208 39.287759421721226 20.57963375782305 7.40633601808325e-6 -17.844824939013254 -29.685337810869203 -34.271884446658404 -32.38089601301423 -26.197515711360037 -18.34953808255167 -10.935511032853304 -4.910743752383767 25.207938195216446 43.129852231784355 48.842231210369555 41.154311679537535 22.909757209654664 6.600931552522719e-6 -20.57961818331134 -32.973417847097096 -34.271880040401506 -25.300566834376102 -10.147051775658277 5.372300646820974 15.783395682450951 17.825208091781928 11.512200513909416 20.534517894534307 33.43919270436438 33.88113629764659 21.370682280091316 2.908095444740008e-6 -22.909747299268698 -39.28774553040841 -43.08231282353403 -32.380889291991544 -10.14704936742299 16.675077245571977 39.42085835953212 50.557281474915975 46.20431481677868 27.44310024954048 13.372509660098451 19.836844692772456 15.301326256431858 3.9372497403968127e-7 -21.370679243343908 -41.15430509236002 -51.377471050320544 -46.63352513129852 -26.197509654908156 5.372302797131447 39.42085803362907 65.8014540576853 76.09737468141692 66.37042050760236 38.56006701469469 6.498304114164527 7.506610624339203 -2.2382883689587337e-7 -15.301326232523998 -33.881134832174546 -48.84222742972852 -53.3241406037644 -43.0851705831765 -18.349534450494257 15.783395923341805 50.55727941230149 76.09737268106399 84.44420656658316 72.14277057576506 41.482558420780364 1.8639197536722245 -1.7193599958060302e-8 -7.5066109577126845 -19.836844737004455 -33.43919183916546 -43.12985007244303 -43.92400641072569 -32.97857751149376 -10.935509591875585 17.825206474943375 46.20431149784176 66.37041719787908 72.14276859799705 60.96430733150616 34.86247619907139 2.3277571368943755e-7 -1.863919383234309 -6.498304183518803 -13.3725097316108 -20.534517317289396 -25.207936999540618 -24.783200492211627 -17.849686594737964 -4.910743476941054 11.512198659183511 27.443097560514666 38.56006442690026 41.48255639882604 34.86247529780598 19.8777406046978
</DataArray>
        <DataArray type="Float64" Name="Mode_8_w" NumberOfComponents="1" format="ascii">
 2.693817178615494e-10 -0.0019135495263361234 1.6248992407770473e-10 0.0019135480173784456 -0.00011108139964854047 0.00023354986289101358 -0.00029778298237105626 -9.830273738394403e-5 -0.000744190149830493 -0.0005257979091164007 -0.0009449880942641103 -0.000382825593271628 -0.00040121657145233156 0.0004756046296546222 0.0005703700622652052 0.0013101736345913528 0.0010490276142600017 0.001102658811742367 0.0009404924377645533 0.000940492448320703 0.0011026584418702197 0.0010490272035467883 0.001310173736648499 0.0005703706153309988 0.0004756047433245406 -0.00040121726635102304 -0.0003828259244403153 -0.0009449880514107599 -0.0005257978820959543 -0.0007441899761211032 -9.830208196131754e-5 -0.00029778304270646177 0.00023354989099604888 -0.0001110812787068711 0.00011108127295997696 -0.00023354985790051676 0.00029778306213250035 9.830252645302944e-5 0.0007441902298584686 0.0005257976632848889 0.0009449875237152557 0.00038282538097183854 0.00040121736061996205 -0.0004756044752208233 -0.0005703703844345059 -0.0013101734274530753 -0.0010490270397732644 -0.00110265783705252 -0.0009404914275199767 -0.0009404912116664347 -0.001102658046286711 -0.0010490268492908453 -0.0013101734423593932 -0.0005703701216281722 -0.000475605032748067 0.0004012168011801553 0.00038282563541270606 0.0009449885388389804 0.0005257980822286997 0.000744189822867438 9.830185089635716e-5 0.00029778317804858405 -0.00023354980190048424 0.00011108155376708819 -2.5568951882597977e-6 1.8639137228970857 6.498295489513203 13.37250117711512 20.534512832392 25.20793739222135 24.783203220934432 17.84968896916372 4.910744422900648 -11.512198233962325 -27.443095405931437 -38.560058399611414 -41.48254666897064 -34.862465557937554 -19.87773495145403 -1.8639256053822753 -1.2564161645363375e-5 7.506593569776088 19.836828955416088 33.43918409438951 43.129850615330156 43.92401073220122 32.978581577144936 10.93551175640936 -17.825204983871156 -46.20430680351442 -66.37040592594356 -72.14275158068752 -60.96429009092799 -34.86246555302742 -6.498313761053483 -7.506629001572707 -2.2499383832505763e-5 15.301307622434516 33.881127216400635 48.84222999636935 53.324147471523546 43.085176800946314 18.349537911964546 -15.78339333562122 -50.55727249683988 -76.09735779347578 -84.44418565373707 -72.14275009885247 -41.48254573925355 -13.372521368691315 -19.836864938479142 -15.301348144471113 -1.5161679912150531e-5 21.370676905186 41.154313249358665 51.37748313165457 46.6335350983683 26.197515245877188 -5.372299058857303 -39.42085061827704 -65.80143870195228 -76.09735300160838 -66.37039999209114 -38.56005504868076 -20.53452861624069 -33.43920999531057 -33.88115202710261 -21.370688560036342 3.2540377758021783e-6 22.909762985258574 39.287763816024444 43.08232705874021 32.38089705654915 10.147053057694032 -16.675072165027107 -39.42084640977456 -50.55726271855706 -46.20429625195433 -27.44308940248668 -25.20794548101386 -43.12986293297422 -48.842238543714586 -41.15430950586331 -22.909743629598573 1.4995055746693194e-5 20.579640835877626 32.97343464513389 34.27188765892047 25.300567351148334 10.147051819301986 -5.372294906553585 -15.783383774066072 -17.82519475576735 -11.51219173227705 -24.783205231603198 -43.92401355389126 -53.324146904437974 -51.37747324647912 -39.28774187556233 -20.579610220412324 1.539318262695098e-5 17.84484091773678 29.68534329412008 34.271880606773045 32.380889954058766 26.19751411351576 18.34954144228771 10.93551652625636 4.910748114726608 -17.849688110637487 -32.97858027775716 -43.08517321921443 -46.6335256437505 -43.08231008694566 -32.97341253393691 -17.844818979329474 7.939204402506073e-6 17.844832411052096 32.97342018825647 43.08231265770321 46.63352615180881 43.08517340300613 32.97858051737202 17.849688380638394 -4.910742082045925 -10.935507960164472 -18.349532246746058 -26.197506644652616 -32.380886311010435 -34.27187710751738 -29.685334589243897 -17.844826877137482 -7.045067571671375e-8 20.579621410180007 39.2877450589084 51.37746976154263 53.324140938667576 43.924007413248326 24.78320066754267 11.512203296394722 17.825214147674703 15.783405468261696 5.37231223192844 -10.147042633975975 -25.300562878241625 -34.27188168150997 -32.973424622880295 -20.579628478409596 -5.060060076851803e-6 22.909745984719702 41.154302931163464 48.842226399647124 43.12985024448289 25.20793726813739 27.443106050663356 46.204326637477465 50.55729819576444 39.420876802023294 16.675092310683148 -10.147042332883998 -32.380891003845115 -43.08232049531439 -39.28775592335742 -22.909757818426797 -5.8197529537641165e-6 21.37067624121192 33.88113281472309 33.43919136222877 20.53451789705041 38.560076508153884 66.37043881411572 76.09739932365576 65.80148102863548 39.42088182356713 5.372317179242871 -26.1975067987131 -46.63353009894107 -51.37747891908985 -41.1543129982588 -21.37068537772491 -3.3677519896975087e-6 15.301323926391795 19.836843574775447 13.3725097845328 41.48256976056608 72.14279181395092 84.44423450077373 76.09740295981948 50.5573069694694 15.783415406980973 -18.34952627244425 -43.085171785954905 -53.32414578377939 -48.8422319997291 -33.88113703697954 -15.301326926911434 -9.433379969686751e-7 7.506609659990764 6.498303525920433 34.86248697017084 60.9643256733525 72.14279181786841 66.37044265470082 46.20433516516748 17.825223965556777 -10.935501011174786 -32.97857703501899 -43.92400956022638 -43.129852189264426 -33.43919147154007 -19.836843255889207 -7.506610034846642 -2.4603912995160416e-7 1.863919019873817 19.877747672147635 34.86248591760973 41.48256901070792 38.56007885628396 27.443111299057186 11.512208437139828 -4.9107391057850975 -17.84968649785311 -24.783201961076983 -25.207937927980048 -20.534516966159305 -13.372508439783374 -6.498302990436283 -1.8639190492715978 0.0
</DataArray>
        <DataArray type="Float64" Name="Mode_9_w" NumberOfComponents="1" format="ascii">
 3.755048292422944e-9 0.0013065981293383193 -1.6317260170291892e-10 -0.0013065950490530004 0.00018332848445744418 -0.0001390119303692895 -0.00018869358648511026 -0.0009442264261033797 -0.0011196478246409253 -0.0016201377759186423 -0.0012921238704440418 -0.0012694981876515403 -0.000677436861122497 -0.0007496410493361557 -0.0005065338155675478 -0.0009379030393778546 -0.0008274278711247375 -0.0009176406096911992 -0.0007783474937590805 -0.0007783477890268522 -0.0009176399663003717 -0.0008274274543625205 -0.0009378997081990491 -0.00050653021832417 -0.0007496360586747442 -0.0006774324979656374 -0.0012694939550510105 -0.0012921214134473237 -0.0016201355647244694 -0.001119645929391287 -0.0009442234817424822 -0.0001886910838051404 -0.0001390095521148452 0.00018333087284061914 -0.00018333069441520033 0.00013900904658887558 0.00018869110753611304 0.0009442240124823142 0.0011196473186165419 0.0016201387037691637 0.0012921266281454363 0.0012695001616181557 0.0006774394925921832 0.000749641363925343 0.0005065340121157224 0.0009379005807327082 0.0008274258738873688 0.0009176379443877282 0.0007783456842016401 0.0007783463351021883 0.0009176373303052043 0.0008274252772412297 0.0009378974900501999 0.0005065303074550297 0.0007496362415649436 0.0006774351586087973 0.0012694962414822731 0.0012921242776075135 0.0016201358849346147 0.0011196461400607564 0.000944221184138386 0.0001886886079033719 0.0001390064182840789 -0.00018333308270348538 -3.941098053189762e-5 3.532250885877291 12.01205721849596 23.635654823411187 34.354066574609114 40.1506020078619 39.30888671116406 33.356455695442634 26.128575201942468 21.510857976688204 21.173384143809926 23.63540663959969 25.19179606314364 22.17235134604875 13.180358988939984 -3.532382522031846 -0.00010845033413178541 13.455067536037705 33.424931371777284 52.115049772144154 61.77508956643452 59.12206134754685 47.17158918531362 33.41850343726714 25.424408568726243 26.4110319025978 33.42392065796158 39.15832352362986 36.35003390577412 22.1723628896732 -12.012202247272082 -13.455299556617309 -0.00011606339356123115 23.634763772968164 46.364375619184734 57.13595019536443 51.318743530212394 33.354841684652676 14.11545717326188 4.522452182888534 9.1601892418577 23.633821777563234 37.2019595662076 39.15836707758385 25.191835006013495 -23.63577755843198 -33.42511607611706 -23.634921269904535 -2.931463348364901e-5 23.634541742233488 33.423995142903756 23.63407891482192 -0.0009224939891791243 -23.63553371735926 -33.42585100468532 -23.635947718716764 -0.0016572929401874532 23.63389798746104 33.424028636383596 23.635483080001425 -34.35414892644098 -52.11515787547653 -46.36442876919071 -23.634482365858776 8.691572168681058e-5 8.432931232025373 -4.955322114367485 -33.35580481607557 -60.481607812905416 -70.0933096826029 -55.52740984620981 -23.635871837355648 9.160338272769126 26.411199921967587 21.17349521819668 -40.15064843333405 -61.77513314136726 -57.135923426416404 -33.423857180655325 -8.43269743027913 0.00013135631107705513 -15.440375027794742 -47.17177640841036 -77.09987847555432 -87.2001655976028 -70.0932828097295 -33.425744092014206 4.522635145449295 25.424607193940936 21.51098762131049 -39.30891894121882 -59.122082621604726 -51.31869671746375 -23.633935520982774 4.955535261990181 15.440584236024502 6.282879710220045e-5 -33.35530275983047 -65.43577785523276 -77.09992852580137 -60.481624479717645 -23.635458717755746 14.11562138608304 33.41869348767475 26.128701973196236 -33.356500226115145 -47.17163602639473 -33.35483648790273 0.0010047793930070168 33.35593501482758 47.1718815046555 33.355307414966745 -6.253527287769957e-5 -33.35541097652759 -47.17192910896084 -33.355913118143405 -0.00092321011099812 33.35494910736311 47.17174165778071 33.35656363793004 -26.128649641261088 -33.41860607239332 -14.115527783247563 23.635527071366106 60.481643518673316 77.0998894632795 65.43569158924795 33.355197570852226 -0.0001508739423818363 -15.44062553517717 -4.955517904469382 23.634002887503737 51.31878991182182 59.12217032060154 39.308971910728815 -21.510963731734982 -25.424567601220797 -4.522592731916001 33.4257756217281 70.093291976205 87.20014706245674 77.09983617195014 47.171723470116255 15.440329596607484 -0.00015389657966851744 8.432703568834915 33.423887023426154 57.13596482137796 61.775171901147196 40.15067180042741 -21.173507706851638 -26.411221117094996 -9.160360993618811 23.635855683332935 55.527405541758974 70.09331691775174 60.48162137290679 33.35581855576873 4.955331743008255 -8.432929095833849 -9.527383341251712e-5 23.634462843171534 46.364402067906255 52.11513218787262 34.35413327613098 -23.63552746248868 -33.4241027827637 -23.63397722854851 0.001600178058802784 23.6359323115255 33.42588138412044 23.635597143089626 0.000996204119883327 -23.63401918860809 -33.42396966373919 -23.63456213702958 -3.430133325596617e-5 23.634833195426882 33.42503261245291 23.635727106216702 -25.19189608416848 -39.15846903157647 -37.202068095306046 -23.633899579350974 -9.160209545684832 -4.522408602413463 -14.115365750506088 -33.354733873291806 -51.31865466102422 -57.1359103956639 -46.36440146083499 -23.634850568064145 -4.628851688772243e-6 13.455185218447564 12.012133099161428 -22.17242026311297 -36.35012960610199 -39.15842509090447 -33.42399315247315 -26.411050535835187 -25.424366943494384 -33.41841573929386 -47.171484852497805 -59.121974926583086 -61.775050412637036 -52.1150733850546 -33.42501256355479 -13.4551806764007 9.027471120723824e-7 3.53231727977822 -13.180393506405972 -22.172408897340805 -25.191857039460597 -23.63545006609205 -21.173395261177824 -21.510832966887442 -26.128522023231387 -33.35639194501664 -39.308833887768714 -40.15057820310903 -34.354080746002644 -23.635703585080627 -12.012125255136565 -3.532315751721791 0.0
</DataArray>
        <DataArray type="Float64" Name="Mode_10_w" NumberOfComponents="1" format="ascii">
 0.0013065964089522025 -1.94664216383837e-9 -0.001306596963254898 1.7047029351080117e-9 -0.0007783470188085928 -0.0009176388518511218 -0.0008274260357861392 -0.0009378987749565996 -0.0005065301498052207 -0.0007496360953614508 -0.0006774340161146916 -0.00126949540241977 -0.001292122891708068 -0.0016201361844301947 -0.001119645904009587 -0.000944222608246019 -0.00018868958224989104 -0.00013900774563498685 0.00018333203001463525 -0.00018332957957778996 0.00013901038456614527 0.00018869245568697415 0.0009442252533015113 0.0011196476416764653 0.001620138398491644 0.0012921254510858278 0.0012694992755183467 0.0006774379560688623 0.0007496409892586694 0.0005065339687423124 0.0009379017260825958 0.0008274271115594938 0.000917639453429782 0.0007783469015351298 0.0007783475094470812 0.0009176394608793132 0.0008274264811554544 0.0009378986128129012 0.0005065301373429802 0.000749635836662562 0.0006774336584925324 0.0012694948529077066 0.0012921224196021206 0.0016201355623468505 0.0011196458112879878 0.0009442223605956702 0.00018869001613676216 0.00013900806290240367 -0.00018333172450020225 0.00018332978324793527 -0.00013901052735812048 -0.00018869206171919398 -0.0009442249952592491 -0.001119647077199382 -0.0016201380359510149 -0.001292124951656591 -0.0012694996400353928 -0.0006774381760356604 -0.000749641246969776 -0.000506533861322593 -0.0009379015719561252 -0.0008274267412377254 -0.0009176393913703341 -0.0007783466315799273 -13.180376595883757 -22.172391226928646 -25.191863453700368 -23.63550195105716 -21.173499151477465 -21.510976145378297 -26.12867878893158 -33.35653533503354 -39.30894640086955 -40.15065685565985 -34.35413429555726 -23.6357445335018 -12.012161101970754 -3.5323453442649324 -1.7296196106096638e-5 -22.172380418069224 -36.35008065331408 -39.15841379897019 -33.42405963210008 -26.41120659886568 -25.424588520732478 -33.41865550305766 -47.17169577277368 -59.12212988961789 -61.775149107218 -52.11513561041034 -33.425062921800716 -13.455232397647912 -4.770909925166969e-5 3.5322868102870926 -25.19182600116173 -39.15837149931598 -37.20200732832833 -23.633929328733302 -9.160344516820254 -4.522615777879677 -14.115583062239041 -33.35490365251207 -51.318750669466766 -57.135944123068256 -46.364408722883546 -23.634867749773736 -4.7138577388981795e-5 13.455130054625496 12.012094176975776 -23.63542669964299 -33.42395231053132 -23.633852484831902 0.0016383437961099724 23.635869758173243 33.42575788039917 23.635482864530314 0.0009503806696215729 -23.63398025392037 -33.42387684441896 -23.634471645914864 5.7609251052272844e-6 23.634809874647033 33.42497337813401 23.63567975761823 -21.173388008300265 -26.41103666397728 -9.160191511118704 23.635949151365104 55.52741394432339 70.09328683862533 60.48162591751211 33.355911834242455 4.955515097189185 -8.432708365425531 8.602716698200074e-5 23.634547186113135 46.364383049419004 52.11505638766072 34.354070524705676 -21.510845238413005 -25.424385790113504 -4.522425771394171 33.42587242516819 70.09331887347099 87.20015849968362 77.09990633522575 47.17189920950685 15.440597639332811 0.0001349389142398922 8.432920821928752 33.423970608557084 57.135917371013576 61.775058610735194 40.1505833644395 -26.128550682557524 -33.418462066742876 -14.115412477031139 23.635566806710397 60.48161796709745 77.09986119039314 65.4357376253882 33.355360729387385 0.000106460914834094 -15.440356604696147 -4.955337239451178 23.63403334828091 51.31868148502854 59.12200282058792 39.308851250027914 -33.35642836825992 -47.17154435711323 -33.35479485228169 0.0009552507898818828 33.3558114348712 47.1717531464481 33.355256068293755 7.044169213290923e-6 -33.35524462249647 -47.17174973902914 -33.35581996703702 -0.0009752983544126613 33.35476878691802 47.17152052015601 33.35641432371648 -39.30886669158218 -59.12202905606387 -51.31871059676739 -23.63405747863762 4.955323151249071 15.440353742271078 -0.00010041204746719512 -33.355349823964495 -65.435726381513 -77.09985443830978 -60.48162007066056 -23.63557886053801 14.115394268388856 33.418444582897145 26.128540234819624 -40.15059688879109 -61.77508172093669 -57.13594295855491 -33.42399227378279 -8.432935370610563 -0.00014214753067774694 -15.440598769836058 -47.171895850431966 -77.09990060688554 -87.2001530526471 -70.09331656199737 -33.42587537530846 4.522418072808728 25.424376805763213 21.51083934678181 -34.354079166790314 -52.11507103203293 -46.364398746797114 -23.634559792084026 -9.474614731441805e-5 8.43270205139378 -4.955520115790465 -33.35591505779891 -60.48162650040253 -70.09328439721382 -55.52740914822587 -23.6359441972624 9.160194176111775 26.41103643641591 21.173386772130428 -23.63568251426476 -33.42497759180339 -23.634812923671202 -6.099204194960108e-6 23.63447251489347 33.42387606015374 23.633976630598273 -0.0009553333822508575 -23.635486236714247 -33.42575710414192 -23.635863684536425 -0.0016284511795952613 23.63386240650227 33.42395880531554 23.635429276940798 -12.012092610902487 -13.455126205983039 5.43197152184618e-5 23.634877906487088 46.364418732463356 57.13594995297604 51.31875093609048 33.354900436425616 14.115579917031372 4.522616139904522 9.160350740609152 23.63394091531351 37.20202020225081 39.15838124264988 25.191830864902137 -3.5322835510601553 5.470170362313297e-5 13.455243576184458 33.425077235542965 52.11514959402258 61.77515828825653 59.12213266523744 47.17169429012274 33.418653139720945 25.424588724414757 26.411211982321742 33.424069951763755 39.15842558925966 36.350090126751454 22.172385638875994 1.9774239268364315e-5 3.5323504307649194 12.012169055501237 23.6357546186046 34.354144194478046 40.150663679791826 39.3089488497931 33.35653460763028 26.12867727708601 21.51097625489171 21.173502508580594 23.635508201295995 25.19187049375722 22.17239713409221 13.180380011165605
</DataArray>
        <DataArray type="Float64" Name="Mode_11_w" NumberOfComponents="1" format="ascii">
 -0.0019023448664867702 -0.001902342825677255 -0.0019023443358194081 -0.0019023455002623528 0.0011110840895104128 0.0016333222492846205 0.0012777190805013526 0.0013553333103745588 7.130990062125825e-5 -0.0003900370367356613 -0.0015027256120783627 -0.0013703062894797207 -0.0015027247396718103 -0.00039003577361123025 7.13104433678166e-5 0.0013553329029317484 0.001277718531601357 0.001633320926908959 0.0011110829088424323 0.0011110833808619135 0.0016333207012909456 0.0012777181616572487 0.0013553327328272916 7.131050151408233e-5 -0.00039003615353388197 -0.001502724840225883 -0.001370306523210359 -0.001502725412517797 -0.00039003683541004845 7.13102449220379e-5 0.0013553329002318378 0.0012777189633517544 0.0016333217790250752 0.0011110842503012947 0.0011110839700305417 0.0016333223073901589 0.0012777192904503216 0.0013553345838520458 7.131167813457094e-5 -0.00039003387332869015 -0.0015027236128550348 -0.0013703046075884562 -0.0015027242000376494 -0.0003900348373072662 7.131116586341908e-5 0.0013553346737515178 0.0012777199346353796 0.0016333226575075876 0.001111084793829629 0.0011110847833821253 0.0016333225720844176 0.0012777201427798233 0.0013553348723061532 7.13116912154784e-5 -0.00039003469591340274 -0.001502723726667734 -0.001370304261440284 -0.001502723166841947 -0.0003900340820230371 7.131195437692982e-5 0.001355334890948476 0.0012777194061724187 0.0016333223074179338 0.0011110840500124207 20.87230963716422 34.60490219017542 36.643094863867276 26.359914936108837 7.201253113432978 -14.370521069212696 -31.12144296345962 -37.403205184350256 -31.12145410526455 -14.370537261435299 7.201240650979603 26.359912487366113 36.64310209062521 34.60491340367197 20.87231779745088 34.60489664268952 57.33042448805967 60.72583463845586 43.67016203928633 11.939720212237708 -23.818491895690517 -51.56053593409627 -61.98291925236693 -51.56055692090481 -23.818522285512717 11.939697001422026 43.6701574602051 60.725848708395 57.33044663340863 34.60491253816968 36.643074417627005 60.725811143200964 64.30390740200059 46.2557107437457 12.638233442673036 -25.217976735922733 -54.61049898102203 -65.63567560927612 -54.61052748193735 -25.218017436823644 12.638203086817276 46.25570642491984 64.30392959256454 60.7258450548943 36.643098751223825 26.35987246616994 43.67010142323192 46.25566760605638 33.2625859111391 9.095821461528043 -18.1425087340419 -39.27124318619524 -47.21175502398289 -39.27127680207791 -18.142556107130638 9.095787784709872 33.26258505022954 46.2556999598773 43.67014811373855 26.35990574888036 7.201190011597617 11.939624271327967 12.638148231934267 9.095778218536033 2.4823472497893118 -4.953815968255455 -10.736956663901966 -12.899013481586053 -10.736994595902994 -4.953868852426819 2.4823115709717642 9.095781767380833 12.63819061875653 11.939682525903084 7.201230947987938 -14.370594452119956 -23.818605002375968 -25.218081279588073 -18.142569769741385 -4.953831437119882 9.888966651307305 21.42019512538753 25.739940443810067 21.420152263919825 9.888907023499664 -4.953871031571662 -18.142564362863897 -25.21803241052353 -23.818539298236708 -14.370548638268584 -31.121512992873566 -51.560641561753634 -54.610590948122635 -39.271285579499335 -10.736947903424642 21.420222450204836 46.36624406149915 55.739762829891035 46.3661957537958 21.420154380605734 -10.73699497531902 -39.27128349853417 -54.61054135955346 -51.56057357780844 -31.121465424810935 -37.4032624965485 -61.98300012091933 -65.63573198119971 -47.21175275295357 -12.89895298973794 25.740024306448912 55.73982163501918 66.99255635295228 55.73976832564599 25.739947523293026 -12.899009742062395 -47.21175846354433 -65.6356868710619 -61.98293387472754 -37.40321536446275 -31.121498039530074 -51.560611995730426 -54.61054752375663 -39.271230465836005 -10.736884652955414 21.420289797763157 46.36631155413855 55.739827279841265 46.366255005111626 21.42020718025451 -10.736948861064414 -39.27124372051905 -54.610508161958194 -51.56054882007928 -31.121452039885007 -14.370574766522218 -23.81856556482411 -25.218022211834576 -18.142493072087383 -4.953741816977627 9.889062927349778 21.42029158375677 25.740031894804787 21.4202356142487 9.888980947387745 -4.9538063904381575 -18.142508154831336 -25.217985069475557 -23.81850398948388 -14.370529605217966 7.201200313621866 11.93964684856851 12.638185247458393 9.095830204096325 2.4824116454217346 -4.953744829642864 -10.736885311010694 -12.898947051449497 -10.736935893419071 -4.953818348449682 2.4823552159094024 9.095820614033535 12.63822463963659 11.939708337772721 7.2012447731731815 26.359864874080845 43.670090196368406 46.25565794433578 33.262582113800036 9.095824892471228 -18.142500645113213 -39.2712346830477 -47.211749549752426 -39.27127608413501 -18.142559773747944 9.095782535241353 33.26258198441748 46.255700403465234 43.67015011064662 26.35990703378169 36.643051081625664 60.72576939128269 64.30385439934746 46.255653492019185 12.638176631097444 -25.21803180120764 -54.6105535139768 -65.6357310246563 -54.61058426077378 -25.218074459177387 12.638149593731413 46.255661440739836 64.30389596638209 60.72582297862543 36.64308776163451 34.60486870967314 57.33037328908569 60.725766981749544 43.67008474079953 11.939638888309034 -23.818573833528124 -51.56061741556903 -61.98300054203198 -51.56063776928627 -23.818600803223593 11.939624402982378 43.6700953638705 60.72580069410592 57.330414376505125 34.6048964726202 20.872291082821427 34.60486782356591 36.643048850953676 26.35986147626419 7.201195803687918 -14.370579507035089 -31.121501277621622 -37.403263242701755 -31.121511474858515 -14.370592399040689 7.201189942155003 26.35986868385221 36.643067853582735 34.60489046877476 20.872306354891613
</DataArray>
        <DataArray type="Float64" Name="Mode_12_w" NumberOfComponents="1" format="ascii">
 -0.0029027780426697466 0.0029027775924258246 -0.0029027778479670616 0.002902778341811586 0.0020140060418869414 0.0018166365854668644 0.0020800836299175794 0.0014549077627956837 0.000651169185213978 5.8174959293876e-5 -0.00013588479138664498 3.9576316068861266e-10 0.00013588459019269944 -5.817451353451891e-5 -0.0006511689462649228 -0.0014549076454629794 -0.002080083857745156 -0.0018166364082712796 -0.002014005712257798 -0.002014005962584822 -0.001816636431629049 -0.002080083784853866 -0.0014549082380047966 -0.0006511697816727992 -5.817562903410759e-5 0.0001358843147562354 -3.878866998762179e-11 -0.00013588442837613853 5.81756426602e-5 0.000651169697833173 0.0014549085317984872 0.002080083888723751 0.0018166365753545452 0.0020140061707451733 0.0020140059628946114 0.0018166365689466241 0.0020800837220605922 0.0014549079632545532 0.000651169015151996 5.81748691123252e-5 -0.00013588456284698702 4.532100920164617e-10 0.00013588509034799176 -5.8174656907037985e-5 -0.0006511689692865767 -0.0014549081434431766 -0.00208008432608019 -0.0018166369032283113 -0.0020140063391400707 -0.002014006341226895 -0.0018166368805497446 -0.002080084515988722 -0.0014549086147803507 -0.0006511698782907194 -5.817542330491406e-5 0.00013588502232918164 1.639673823413738e-10 -0.0001358843081733401 5.817535030198578e-5 0.0006511694516936191 0.001454908104572075 0.0020800841123373185 0.0018166366299043311 0.002014006126108673 25.81844161095665 42.10336793047046 44.06313416047125 33.71970553128559 18.243805859161068 5.587578897718536 -0.004730433890440372 6.44581236431867e-6 0.004740293982262712 -5.58757662061416 -18.243811765489447 -33.719716719139875 -44.063146799002496 -42.103378879642406 -25.81844813820998 42.10336594055136 67.44809437791454 67.90289129022835 47.683090755376945 20.205926756449106 -0.007893225647836212 -5.599356257445582 1.1799132962016556e-5 5.599374462235311 0.007898169559179435 -20.205936045951667 -47.6831093354442 -67.90291276654162 -67.44811318351401 -42.103377106663956 44.06312822891125 67.90288469239258 62.303228850675325 33.71367915646415 -0.006782167266884078 -20.218833926886788 -18.251824404677738 1.5047426877963823e-5 18.251848116369544 20.21884180284945 0.006772989645198432 -33.71369949361021 -62.30325260632916 -67.90290521667491 -44.0631401925956 33.71969527593831 47.683075446314895 33.71366735006947 -0.0055761681822630365 -33.72281952516703 -47.68755383628594 -33.71936316898531 1.5171670925283755e-5 33.71938734347144 47.68756263899583 33.722812098366866 0.00555907949736507 -33.7136860294198 -47.683090038686586 -33.719703133455056 18.24379249532524 20.205904262402672 -0.006805773963568653 -33.722834804105084 -62.30461264393227 -67.89647906689433 -44.05374255837278 1.1672126415975963e-5 44.05376045218431 67.89648404905395 62.30460567368483 33.72282364345367 0.006797766821990826 -20.20590731866255 -18.243792893968383 5.587564822260461 -0.00791813387001213 -20.218863727210184 -47.68758053165992 -67.89649418381607 -67.43355240200668 -42.08816692208554 5.866824489796054e-6 42.08817431974795 67.43355056128546 67.89648648897335 47.687575856621386 20.218867491355933 0.007927105430242052 -5.587557956157939 -0.004741778822934771 -5.599377358632545 -18.251851879512543 -33.71939153371405 -44.0537641881384 -42.08817660288069 -25.805007028660395 8.044084106796024e-7 25.80500572107558 42.0881698981147 44.053756808674514 33.71939175288483 18.25186291995687 5.59939341203068 0.004753118357318649 1.2391185987583613e-6 6.877586369293463e-7 -1.7666466033804647e-6 -4.561785317911827e-6 -5.318301026322067e-6 -3.371082363542763e-6 -1.1977127134909844e-6 -1.22442037340678e-6 -3.048598831526574e-6 -4.019396301149154e-6 -1.2413384893986294e-6 5.6864190698104275e-6 1.3154474396032375e-5 1.5704832223659548e-5 1.056607290675523e-5 0.0047439965749317 5.599378296580143 18.251847326853596 33.71938139538709 44.05375371328129 42.0881714219785 25.805007203575695 -5.395716669777317e-7 -25.805009993922223 -42.08817776311093 -44.053760974389796 -33.719383557461036 -18.251840572195952 -5.599365935203004 -0.004734562185352881 -5.587562978334029 0.007917757082630705 20.218856964603987 47.68756868316002 67.896484450677 67.43355075662954 42.08817242548233 2.3248887934594763e-7 -42.088174196674935 -67.43355726516923 -67.89649387662911 -47.687575300847676 -20.21885584016415 -0.007910359958485711 5.587569673056428 -18.243791228025337 -20.2059060201117 0.006797603884680835 33.72282259743321 62.30460407079671 67.89648004183053 44.053751872791814 -9.435181405127729e-7 -44.05375573439643 -67.89648827643676 -62.30461535619817 -33.72283187116537 -0.00680006113820167 20.20590969093865 18.24379560054961 -33.71969477353125 -47.68307743579245 -33.713674744268985 0.005565247309146035 33.722811422799076 47.6875543466505 33.71937235499133 -3.1365460434419185e-6 -33.71937985241824 -47.68756458497901 -33.72282317398746 -0.005574444837001522 33.7136716222283 47.68307952319153 33.71969756488462 -44.06312775450996 -67.90288570022356 -62.30323388097035 -33.7136879137138 0.006774077192537621 20.21883206058209 18.251830733377496 -4.420245388039473e-6 -18.251840373757688 -20.218843061461058 -0.006784512642362195 33.71368131072257 62.303232797368715 67.90288828868704 44.063130249115524 -42.10336497581129 -67.44809408500463 -67.90289382961606 -47.68309673219949 -20.20593357218016 0.007890154798213674 5.599359614326499 -4.123894838649364e-6 -5.599368451127005 -0.007899284971641142 20.205926475599885 47.68309383906598 67.90289522778664 67.44809764147577 42.10336776584285 -25.818440698614182 -42.10336718143408 -44.06313495409526 -33.71970845300495 -18.24380963862614 -5.587580988088492 0.00473171208602318 -2.563897153264807e-6 -0.004736970975444924 5.587576108809185 18.24380659052327 33.7197079861721 44.06313662474572 42.10336990594068 25.8184428294346
</DataArray>
        <DataArray type="Float64" Name="Mode_13_w" NumberOfComponents="1" format="ascii">
 -6.376754074707505e-10 3.167670072695551e-10 -7.595487120857633e-12 6.020162145060274e-10 -0.0001332550922670563 5.433856629831622e-5 0.0006555413136178688 0.0014588009849240118 0.0020381733837345523 0.002008963112693733 0.0012491743945102294 -1.2592759362729795e-10 -0.0012491754624581418 -0.002008962900499449 -0.002038173809024099 -0.001458800334161814 -0.0006555411464672003 -5.433802870390449e-5 0.00013325536640136827 -0.00013325545548353198 5.433797560065937e-5 0.0006555405035402666 0.0014588001348511482 0.002038173238760507 0.002008963044493463 0.0012491748672628234 9.096296143379777e-11 -0.0012491750012169173 -0.0020089629978865494 -0.0020381735268877265 -0.00145880029276593 -0.0006555405302991711 -5.4338207132933046e-5 0.000133255618983642 -0.00013325563763313258 5.433786965921724e-5 0.0006555406010370271 0.001458800595960541 0.002038173233943907 0.002008963221342411 0.001249174956810718 5.233285745132052e-13 -0.0012491751404694088 -0.002008963305287875 -0.0020381737037539686 -0.0014588006182687414 -0.0006555412624399502 -5.433834053669065e-5 0.00013325502768271266 -0.00013325597423121863 5.4337854211877785e-5 0.0006555401713021664 0.00145880012574226 0.0020381734269764224 0.0020089630764760715 0.001249174960431595 5.581615747599066e-11 -0.0012491753810712546 -0.0020089632224493514 -0.002038173512884555 -0.001458799866042811 -0.0006555401848273278 -5.433747193855527e-5 0.0001332559529953203 7.185597091445492e-6 -5.59307365388715 -18.248405976649074 -33.72180428221102 -44.06165716857645 -42.09790321565247 -25.811602601179242 -9.252988704174756e-7 25.811601239105563 42.09790339676392 44.06166000152107 33.721809545581024 18.248411763414904 5.593078138341671 -4.8529710632167995e-6 5.593097533051648 1.9343297571730065e-5 -20.21305172047762 -47.68706229256034 -67.90138480474198 -67.4407685411101 -42.09333888211075 -7.602612671317971e-7 42.09333777549505 67.44076921668086 67.90138884235071 47.6870694669109 20.213059689794772 -1.2947458732965149e-5 -5.593094099493697 18.248431598999776 20.21309126339919 1.8419468531157696e-5 -33.71881366335365 -62.30397326030145 -67.89801775729147 -44.0553054719332 2.0702207969980767e-7 44.05530585286323 67.89801873065555 62.303975970730576 33.71881816867576 -1.3209836600224887e-5 -20.213086719995424 -18.248428853523546 33.721823665520965 47.68709013023167 33.718834720045436 1.9603571575932405e-6 -33.717757300869884 -47.68372404554785 -33.717330619550744 8.268901337702762e-7 33.7173318792839 47.683724487559175 33.71775713601385 -2.397234116554565e-6 -33.71883512941027 -47.68709011978752 -33.72182339953597 44.06166597063796 67.90139515498075 62.303974867420244 33.71774402912489 -1.2775220734613068e-5 -20.21176844904743 -18.24731191073979 4.786636860311852e-7 18.24731243993644 20.21176778099213 1.0380138480732988e-5 -33.71774841736797 -62.30398063948232 -67.90140052607775 -44.06166909950781 42.097902551609046 67.44076458723801 67.8980063199317 47.683703027779764 20.211740673404513 -1.3467156795607217e-5 -5.593884377254866 -3.5017118705404646e-7 5.593883664111364 1.2325408187275955e-5 -20.211743525263635 -47.683708974007104 -67.89801532165619 -67.44077421877624 -42.09790891948238 25.81159722798392 42.09332959212398 44.055292912072446 33.71731481008054 18.24729397867343 5.593867594288115 -5.2916564787729925e-6 -4.6889702062751283e-7 4.7098417173752735e-6 -5.593868088992797 -18.247296106248537 -33.717320439606695 -44.05530244209315 -42.093340788594276 -25.81160518909028 -4.141724235773399e-6 -5.547254819956079e-6 -4.30678006684827e-6 -2.1033439378733997e-6 -4.5565523341624884e-7 1.67999086559785e-7 1.1842503186159631e-7 1.9115135318482312e-7 5.279058320861195e-7 4.794374301133386e-7 -4.1784228887703224e-7 -1.973848829927958e-6 -3.508759752594833e-6 -4.093494497128457e-6 -2.859725932867237e-6 -25.81160388722687 -42.09333847584149 -44.05529953993584 -33.71731768789996 -18.247294294467647 -5.593867344140563 5.125205111745215e-6 3.648096143177408e-7 -4.10831168738541e-6 5.5938685971804345 18.24729478953071 33.717316013959966 44.055294902068574 42.09333212641727 25.81159923075432 -42.09790513350792 -67.44076777466223 -67.89800816378514 -47.68370334526414 -20.211740546564187 1.3078598835097221e-5 5.59388348651193 -2.214830355468412e-7 -5.593883593544746 -1.2603399243540821e-5 20.211741173190365 47.683703299104984 67.89800629338049 67.44076423727864 42.0979022744656 -44.06166397244749 -67.90139165263774 -62.30397134772948 -33.717742229248884 1.2292656802516526e-5 20.21176669135582 18.247310488880775 -6.753130435503815e-7 -18.247311842231603 -20.21176815819134 -1.366768414633229e-5 33.7177410112676 62.30396949084122 67.90138876227711 44.06166149666419 -33.72181795701578 -47.687081180807766 -33.718826706502625 1.7829401574687321e-6 33.71775640086788 47.68372098285725 33.71732847074993 -6.056604624045406e-7 -33.71733023103244 -47.68372424562549 -33.71776101022034 -6.61773375795857e-6 33.718822002030564 47.687076615591856 33.721814754751655 -18.248423707303285 -20.21307910396069 -7.218477166595096e-6 33.718819533004826 62.30397287845049 67.89801384985631 44.05530217456665 -5.136113024547382e-7 -44.05530416643773 -67.89801837831348 -62.30397997326428 -33.71882761916666 -4.977148006517281e-7 20.21307248079978 18.24841960053466 -5.593089924523067 -7.1801375430225756e-6 20.213063540267633 47.68706913164737 67.90138496147472 67.44076446979167 42.09333479291539 -6.781432770367649e-7 -42.0933372308858 -67.44076954226684 -67.90139256649809 -47.68707767426613 -20.213071532394906 5.759038964734224e-7 5.593085858450314 -2.4516508164084914e-6 5.5930814853547135 18.248413934695144 33.72180894702558 44.06165723635158 42.09790038850764 25.811599551564427 -6.485048105935292e-7 -25.811601487307094 -42.09790400794517 -44.06166254243036 -33.721814604585646 -18.248418823450987 -5.593085449203039 0.0
</DataArray>
        <DataArray type="Float64" Name="Mode_14_w" NumberOfComponents="1" format="ascii">
 0.0039927351778764305 -3.6984563656688686e-11 -0.003992735037276654 -3.7019753470399316e-10 -0.003081960760767638 -0.003728859604821727 -0.0028224536637977394 -0.0018317530052419347 0.0012479247697265666 0.0020749003051290446 0.0033038166715906926 0.0016010452683732984 0.0008764329599231425 -0.0013609985498432072 -0.0011752959069348844 -0.0018505020770990229 -0.0003231011816758094 -0.0005719189316350672 0.00040522463469139507 -0.0004052247785592691 0.0005719189383289591 0.00032310140616690535 0.0018505016900980933 0.0011752958411688982 0.0013609991450277885 -0.000876432933604248 -0.001601045352769942 -0.003303816437415563 -0.002074900453620693 -0.0012479248391186312 0.0018317527320077197 0.002822453360039871 0.003728859478254528 0.0030819603487387587 0.0030819603911441357 0.0037288593812860368 0.0028224535439485693 0.001831752901585244 -0.0012479245905428827 -0.0020749001634400026 -0.00330381641622419 -0.0016010451050601586 -0.0008764332620600029 0.001360998576591526 0.0011752951816903934 0.0018505016655577047 0.00032310115570219404 0.0005719191717813329 -0.0004052245448802999 0.0004052247674923621 -0.0005719188622696041 -0.0003231009058148336 -0.0018505012810437233 -0.0011752952099545278 -0.0013609985476176604 0.0008764329072616145 0.0016010454928564245 0.003303816773874117 0.0020749005675559265 0.0012479251423189403 -0.0018317526051955856 -0.00282245397019278 -0.0037288598536804976 -0.003081960630017792 -38.368591089806976 -58.84826318738272 -52.734740202486705 -24.110646176433068 12.614296589978467 40.307013526838276 47.685536469644035 34.254803335235195 9.32177514934327 -13.948553976548832 -25.75376192566884 -24.115814187055694 -14.375824885354202 -4.591753811330323 2.9607353582276507e-6 -58.84826380755019 -89.70330038052722 -79.16083600210058 -34.09065141135806 22.427122973158085 63.489361511329385 72.01866121108375 48.43805395145504 8.589449473009237 -26.215988207673508 -41.008505980519 -34.10079955365516 -15.73745306532337 7.3763277382366284e-6 4.59176305192606 -52.73474269863031 -79.16083848686277 -67.09327668013607 -24.102215487367857 26.986710343875348 60.62491878856929 62.047242597816826 34.245900090119434 -5.054499940847356 -34.273278492134395 -40.1225642790007 -24.11178642100498 6.5517653335268045e-6 15.737467186330978 14.375833757393735 -24.11065022180675 -34.090656127836795 -24.102217760021354 0.008191675194497598 24.112605840228117 34.09531780029325 24.104648169920278 -0.004982031052968675 -24.11401958132757 -34.09858446567041 -24.111009242997127 7.076510460369694e-7 24.111792891295597 34.10080785015319 24.115819927125234 12.6142928948111 22.42711856753574 26.986708578385233 24.112606791237933 13.140451693608641 -3.888853983817737 -21.93278290697627 -34.25417177324538 -35.07136844164411 -22.469612101211723 -1.605448146444219e-6 24.111005657113935 40.12256276308468 41.00850695895924 25.753763451368222 40.3070111666697 63.48935968513857 60.624920698981185 34.095323170581175 -3.8888493929607972 -37.27258891437626 -53.482964348286515 -48.43829403915444 -27.127561440066316 2.495471157095881e-6 22.46961100633839 34.09857851423665 34.27327201969436 26.21598434907241 13.94855264136636 47.685535405427906 72.01866209870295 62.047248512820644 24.10465828249465 -21.932773443586367 -53.48295964048515 -56.99834138378674 -34.25031352477891 5.943337970107956e-6 27.127569265673937 35.071368734502755 24.11401376169285 5.05449299241365 -8.58945377813304 -9.321776626081093 34.25480264359211 48.438055373934404 34.24590680723327 -0.004970688394481941 -34.25416076788972 -48.43828804185801 -34.250312673087535 5.375832885125367e-6 34.2503238093817 48.438299564780756 34.2541709409447 0.0049771713595844515 -34.24590452759788 -48.43805533149036 -34.25480284937959 9.321772919167904 8.589448130528421 -5.054496629929581 -24.11401151230612 -35.07136029556529 -27.127558419744368 3.350263387563039e-6 34.250320045162496 56.99834617134554 53.482964488042704 21.932779314388387 -24.104652250157333 -62.04724357016775 -72.01865842472415 -47.68553319006998 -13.948559671235252 -26.21599544292511 -34.27328163057281 -34.09858200559392 -22.469608449333208 1.6395007337449034e-6 27.127562506162317 48.43829087748195 53.48295903792072 37.27258471295999 3.8888486172123913 -34.095320570988235 -60.62491635181601 -63.48935518815669 -40.30700823127246 -25.75377193599504 -41.0085199969707 -40.12257417084607 -24.11101145343249 2.5283787495396863e-7 22.46961026435548 35.071361852842664 34.25416048015473 21.93277054097898 3.8888443830825405 -13.140456470035655 -24.11260701513537 -26.98670623709977 -22.427115894407052 -12.614291309832751 -24.115826556537428 -34.100817277948835 -24.111799706686458 -2.3015800871568286e-6 24.111010362462412 34.09858316234932 24.114012202184327 0.0049696521833429074 -24.1046607714393 -34.09532670699102 -24.11261017263057 -0.008192751407643717 24.10221768003128 34.09065539237805 24.110649150928115 -14.375836057389385 -15.73746902897363 -4.3898605114528735e-6 24.111793549873994 40.12257305178907 34.273283593533996 5.054498188195801 -34.24590710401504 -62.04724996066897 -60.62492303395683 -26.98671157093312 24.102215056516446 67.0932748117525 79.16083487286022 52.73473959687941 -4.591761641276736 -3.0302036341243055e-6 15.73746204442818 34.10081294253691 41.008520396648606 26.215998631460828 -8.589445541316683 -48.43805470199565 -72.01866281508374 -63.48936138396616 -22.427121517978147 34.0906520118918 79.16083378863276 89.70329582200667 58.84826011925982 -9.501355698816769e-7 4.5917584312841795 14.375832766648294 24.115824964156303 25.753773036166557 13.94856233339821 -9.32177078976555 -34.25480184826646 -47.68553562067861 -40.307012120795754 -12.614294858383936 24.110647017586953 52.7347386962632 58.84825986654316 38.36858851816347
</DataArray>
        <DataArray type="Float64" Name="Mode_15_w" NumberOfComponents="1" format="ascii">
 3.6943939057258677e-10 -0.003992735443242948 2.1581784467919788e-11 0.003992735119975043 -0.000405224976966283 0.0005719184399285887 0.00032310101095088956 0.0018505014411617587 0.0011752954761373377 0.0013609984142004365 -0.0008764329292339677 -0.0016010454958834232 -0.0033038167079360863 -0.0020749004912656004 -0.0012479245663608867 0.0018317529349204144 0.00282245378452577 0.003728859755308906 0.0030819603934259276 0.0030819604500752105 0.0037288598271959074 0.002822454391966903 0.0018317529865968757 -0.001247924702180642 -0.0020749000300392226 -0.0033038160062422955 -0.001601045298996121 -0.0008764331159156404 0.0013609982594003328 0.001175295503396099 0.0018505017400399933 0.00032310130109314327 0.0005719189980687955 -0.00040522466748063926 0.000405224612914426 -0.0005719189374423915 -0.00032310144936480324 -0.001850501675448926 -0.001175295880690565 -0.0013609988896855988 0.0008764328013505956 0.001601045312804536 0.003303816453839064 0.002074900420632284 0.001247925271848578 -0.001831752155643662 -0.0028224538059127705 -0.0037288593429123215 -0.0030819603363003655 -0.0030819603900165606 -0.0037288595843590774 -0.0028224542601769363 -0.0018317528888929975 0.0012479248416147194 0.002074900489106882 0.0033038166559235796 0.0016010449957674251 0.0008764328436995339 -0.001360998900472924 -0.0011752953311329895 -0.0018505018045723686 -0.00032310163721018285 -0.0005719196697279764 0.00040522430394875775 -4.468406749638575e-6 -4.591765640951931 -14.375837111991943 -24.11582450532992 -25.753769489614807 -13.948559023547585 9.321771284866267 34.25479939331105 47.685532056900605 40.307009128646186 12.614292853315368 -24.11064865572784 -52.734740583736794 -58.84826148263964 -38.36858912618125 4.591753076616148 -8.360708251161769e-6 -15.737469101184516 -34.10081258360294 -41.00851510734907 -26.215993689622984 8.589445889891762 48.43804992142891 72.01865591858093 63.489355446139356 22.42711738331467 -34.09065444119731 -79.16083493404503 -89.70329629202485 -58.84826027752925 14.375827103700997 15.737457136391084 -2.868609290476996e-6 -24.111792791430496 -40.12256720915208 -34.27327858395386 -5.054498926543122 34.24589985847541 62.04723997254308 60.624913882816514 26.98670483012166 -24.10221820301427 -67.09327417465076 -79.16083216524885 -52.73473735427235 24.115819093688582 34.10080797756457 24.11179512067621 4.946118787784595e-6 -24.111003578987123 -34.09857817857819 -24.114013925082357 -0.0049785711204148025 24.104648289927933 34.09531462848954 24.11260121230758 0.00818892728267548 -24.10221572397092 -34.090649527864755 -24.11064393405842 25.75376666846896 41.00851422671165 40.12257299226771 24.11101631448957 7.668904469042226e-6 -22.469604651781935 -35.071362740292734 -34.25416830239786 -21.932782530947524 -3.888856384877578 13.140448091479154 24.11260402827221 26.986709034663015 22.42712274515611 12.614297320713877 13.948556131835268 26.215991603865884 34.273281579187504 34.09858737817712 22.469616730053595 4.846751075230354e-6 -27.127560905886074 -48.438294192314984 -53.482965211557556 -37.272590626476884 -3.8888521030083174 34.095320104933165 60.62491923004938 63.48936028870549 40.30701212674063 -9.32177537207613 -8.589451249748194 5.054495864851342 24.11401507006859 35.07136684651886 27.12756457714604 5.260654299694308e-7 -34.25031774531141 -56.99834353220874 -53.48296057801764 -21.932775543677113 24.104654286182374 62.0472444726432 72.01865898203133 47.68553330071525 -34.25480418065007 -48.43805769981724 -34.245908626556925 0.004970684240507752 34.25416276579707 48.43829116695165 34.25031659527862 3.848329158461041e-7 -34.25031503260004 -48.43828887275524 -34.25416260494337 -0.0049752198508727224 34.2459002374839 48.43804876332938 34.254798383481244 -47.68553612972043 -72.01866380562188 -62.047251645995814 -24.104662345985407 21.932769680051102 53.48295716215666 56.99834143068374 34.2503177500152 2.778170020979704e-6 -27.1275586421321 -35.07136153262763 -24.11401522833872 -5.054503354316694 8.589440600754363 9.32176811563789 -40.30701136271867 -63.489361268386084 -60.62492474484941 -34.09532964303622 3.888841301379908 37.272580538931415 53.48295761031183 48.43829139044392 27.12756418121078 3.364060009273917e-6 -22.469607579752658 -34.09858274685062 -34.273284528183524 -26.215999722732004 -13.948562945243294 -12.614293482640628 -22.427120272490296 -26.986711891468065 -24.112612510957675 -13.140460464792907 3.8888427582837277 21.932770779992776 34.25416136962922 35.07136327794738 22.469612922948297 3.9510177228063886e-6 -24.111007568238193 -40.12257111838065 -41.00851883809416 -25.75377222983399 24.110649170606347 34.09065478897785 24.10221665689952 -0.008193484544206786 -24.11261048089319 -34.09532668883499 -24.10466059233994 0.0049689190788559144 24.11401057776541 34.09858329839766 24.111014005748295 4.019014264757924e-6 -24.111792680416805 -34.10081205518343 -24.11582425804982 52.73474225285316 79.16083883719777 67.09327903804392 24.102219566916162 -26.986707484948084 -60.6249206670799 -62.047249531259105 -34.245909096190275 5.054493311756321 34.27327859458966 40.12257188213035 24.111797353636323 2.1666066325451712e-6 -15.73746330743144 -14.375833143270446 58.84826395888066 89.703302563999 79.16084163913936 34.09065974469068 -22.42711457523215 -63.48935618265078 -72.0186603304336 -48.43805623225242 -8.589451766507045 26.21598997093381 41.00851421473459 34.100812239978374 15.737465214933325 5.936119057207509e-7 -4.591759603534689 38.368591173357515 58.848265209631045 52.73474517372214 24.110652951072407 -12.614289537706673 -40.307007243290855 -47.68553237658567 -34.254802198957975 -9.321775356685261 13.94855551303946 25.75376741680634 24.115822766004865 14.375833333242895 4.591759819639909 0.0
</DataArray>
        <DataArray type="Float64" Name="Mode_16_w" NumberOfComponents="1" format="ascii">
 1.29365405201783e-9 1.806578920359332e-10 -5.304165835530091e-11 -6.817101195146705e-11 -0.00010502707874852702 0.00022848499196518975 0.0011818107960990575 0.0021524019836967785 0.002663029904867579 0.0024264512736168354 0.0019123231044101757 0.001616256884322224 0.0019123228484444017 0.0024264513217867145 0.0026630299794068164 0.0021524020931926848 0.0011818115114355123 0.0002284858547629826 -0.00010502613522398746 0.00010502557084472799 -0.0002284863342312662 -0.0011818109225851285 -0.002152402502327371 -0.0026630299605704066 -0.0024264523090053694 -0.0019123236164170076 -0.0016162586847471396 -0.0019123239499026098 -0.002426452422919299 -0.0026630300263129226 -0.0021524021243316946 -0.001181811298762697 -0.0002284863159813968 0.00010502581259552146 -0.00010502573374188122 0.000228486449380891 0.0011818113091796546 0.002152401706832007 0.002663029459848483 0.0024264520013408423 0.001912323275405823 0.0016162577771430123 0.001912322891626625 0.0024264518842925732 0.002663030511969328 0.0021524031162711587 0.0011818114487960692 0.000228486229896108 -0.00010502547089866047 0.00010502605417958639 -0.00022848669362283812 -0.001181811732434776 -0.0021524026838267997 -0.002663029501935821 -0.002426452101037113 -0.0019123234115145198 -0.001616258755259888 -0.0019123241762948797 -0.0024264526438139487 -0.0026630298736217968 -0.0021524030131280024 -0.0011818123536209407 -0.0002284880317502474 0.00010502454796208608 -1.198767064668611e-5 -6.684171760941557 -20.6497439776919 -35.41520429596718 -43.03961229475895 -40.99571739114036 -34.25608045263841 -30.753086951136442 -34.25607726360166 -40.99571296700457 -43.03960705070622 -35.41519610855088 -20.649730954953057 -6.684156001784523 -6.148527320892055e-7 6.684138144744983 -2.2580557956386623e-5 -21.368840881336787 -45.01578546058445 -55.67966715617439 -48.60192720953548 -33.577205653116714 -26.11591088926727 -33.57720445642125 -48.6019256705244 -55.67966479684456 -45.01577815836499 -21.368824586740047 -8.953755969134854e-7 6.684154004692774 20.64971688685139 21.368808643459232 -6.998516666634169e-6 -25.85042723506164 -34.420734484448154 -19.088272644137483 5.782842831869343 17.635528342867758 5.782838784564413 -19.088280021458075 -34.42074327221568 -25.850431418828027 1.281490054888189e-7 21.36882497184133 20.649730505354295 35.415189437414284 45.0157738797828 25.850436612020744 1.5642987378259392e-5 -5.153820692092361 18.58354406431631 52.801824581876005 68.74455927497864 52.8018167878926 18.583529265825604 -5.153839658182191 -1.2862760335873056e-6 25.850429602848102 45.01577891804245 35.415197648489695 43.03960375820352 55.679665329882056 34.420753185391526 5.153858684042311 2.10263814944658e-5 28.550332920145014 69.15454070248988 88.01983388873684 69.15453344473154 28.550318482839256 1.5636351472705905e-6 5.153838735866015 34.4207393158883 55.67966231375983 43.03960712831459 40.99570624226209 48.60191968968331 19.088282357027136 -18.58351792897393 -28.55030450587626 7.480323432051049e-6 43.146849168823316 63.439941150495926 43.146846742735356 1.4621745519203e-6 -28.550314855165514 -18.583530142871655 19.088273617447232 48.60191788245062 40.995708343604505 34.25606351135791 33.57718658116879 -5.78284975685763 -52.80181844001672 -69.15453295160656 -43.14685254774608 -8.902330654613956e-6 20.643640067323346 -6.309099093072245e-6 -43.146848757257835 -69.15453145110449 -52.8018193959719 -5.782848829438319 33.57719079163753 34.256067346078225 30.75306782031168 26.115885912550688 -17.63554577151477 -68.74456667222591 -88.01983889215512 -63.439953278597066 -20.643662513709955 -1.26243730266013e-5 -20.643658919225096 -63.43994615031046 -88.01983097163884 -68.74456026173684 -17.63553948259244 26.11589315603462 30.753073202700953 34.25606131618273 33.57718299372718 -5.782855025470935 -52.80182446757311 -69.15453650181155 -43.14685200260147 -5.447494907986764e-6 20.643644172926926 -4.2113755733737595e-6 -43.14684900407533 -69.15453130339658 -52.80181831182482 -5.782849291881768 33.577188808782 34.256066092987346 40.99570280012978 48.60191246719764 19.08827151717674 -18.583529423208805 -28.55031161714504 7.069946270061524e-6 43.146853610214606 63.43994717753124 43.14685154328847 4.016715523668967e-6 -28.550313271635368 -18.58352861196485 19.08827343324912 48.60191479146115 40.99570490962287 43.03960117589637 55.67965794933174 34.42074072870402 5.153844349340593 9.84476990960107e-6 28.550328823164445 69.1545428357339 88.0198382527931 69.15453803931064 28.550322950930152 5.314379137528124e-6 5.153841444739753 34.42073931558949 55.67965731054101 43.039600726836014 35.41519164738113 45.01577357923353 25.850430513763637 4.676851595183151e-6 -5.15383268593596 18.583535955227998 52.80182187018689 68.74455914994434 52.801817498089754 18.58353166713694 -5.153835543087312 2.3386790668287157e-6 25.850429172580714 45.01577279914935 35.415190723699894 20.64972670840297 21.368820649499124 -6.545546812479284e-7 -25.85042858369556 -34.42074083078114 -19.088280213440065 5.78283681980155 17.635524490203352 5.782836231715037 -19.088280988358477 -34.420741632204454 -25.850428921720454 1.4921486142885986e-9 21.368821481454013 20.649726860548817 6.684152558956935 -1.5923626030119272e-6 -21.36882396710472 -45.01577759738246 -55.67966616653047 -48.60192974135363 -33.57720957792659 -26.115914770006246 -33.57720817605233 -48.60192883751669 -55.67966577708757 -45.015776865731304 -21.368822923678064 -2.453726043389227e-7 6.684153774798428 -1.235641396622218e-6 -6.68415473323914 -20.64972872442016 -35.41519577761126 -43.039609092210775 -40.99571639091222 -34.25608066863717 -30.7530886934948 -34.25608031605793 -40.995715964228474 -43.03960833900884 -35.41519508153853 -20.649728542975375 -6.684154091616941 0.0
</DataArray>
        <DataArray type="Float64" Name="Mode_17_w" NumberOfComponents="1" format="ascii">
 -0.0015239760292665525 -0.0015239760649267194 -0.0015239753521884448 -0.0015239763858114171 0.0012396644121256781 0.001723903577972321 0.0012227735878139992 0.0013741103952964885 0.0010457343051368613 0.002080732933669315 0.0025151066491148214 0.0032334931039620244 0.0025151058504736287 0.0020807320032191095 0.001045733478494687 0.001374110066421972 0.0012227735209058663 0.0017239033973680427 0.0012396644669241154 0.0012396644606607395 0.0017239034514693818 0.0012227729958209465 0.0013741097024860124 0.0010457330433538965 0.002080731767124834 0.0025151057512851093 0.0032334928032218433 0.002515105846567359 0.0020807321728798568 0.0010457333588362275 0.0013741095048467459 0.0012227727127709248 0.0017239029876579522 0.0012396640255707635 0.0012396638333963617 0.0017239030807262475 0.001222772605445296 0.0013741096592566593 0.0010457337925833335 0.0020807327147682963 0.0025151064781915844 0.0032334934119301415 0.0025151062102698797 0.002080732651539587 0.001045734086187517 0.0013741106197870379 0.0012227736446971393 0.001723904054324196 0.0012396647876430464 0.001239664841926031 0.0017239038786573285 0.00122277310413626 0.001374109533034671 0.0010457327531051691 0.0020807318742164516 0.0025151057325121084 0.003233493217689103 0.002515105998870218 0.0020807321154787135 0.0010457331588185792 0.0013741094126504955 0.001222772823176474 0.0017239036434672527 0.0012396644251747037 15.990174032636748 24.45230547018081 24.38971943935045 21.808167329171322 24.17065848126425 33.639592909632356 44.94459302369319 49.99365575435821 44.944591429190595 33.63959160605006 24.170659558254844 21.808171671230518 24.389725970859065 24.452311988528432 15.990178188944652 24.45230909065665 34.571844324690026 28.65555435288453 18.529493906659543 18.96574249995655 34.28004378012538 54.38281351526376 63.55249221967471 54.38281153635104 34.280042335474846 18.96574467780301 18.529500735167446 28.655564039443824 34.57185375832528 24.452314998333858 24.389730591648934 28.655566084593993 10.535794067176084 -12.458789352329541 -18.697432302332917 -1.6251865211522476 24.308509154894754 36.52623924624592 24.308507569215863 -1.6251874591773041 -18.69743008226801 -12.458783486483561 10.535801860878973 28.655573390579598 24.38973503525414 21.808185978709965 18.52951860431996 -12.458774122931803 -48.673721688157755 -62.321472680011865 -44.90396600194372 -14.569219381166914 0.055620790822133434 -14.569220294645286 -44.90396651117264 -62.321471720425414 -48.673719665479894 -12.45877205826688 18.529520163496912 21.80818686185225 24.170679692088196 18.965771899884448 -18.69741117908682 -62.32146639135856 -79.2630528912233 -59.46101396414762 -24.25133691988928 -7.200742170516712 -24.251337034581372 -59.46101403016189 -79.26305333681272 -62.32146827660593 -18.697415028985052 18.965767445064706 24.170676914698046 33.63960998809556 34.280065931892295 -1.6251740673083246 -44.9039682043644 -59.46102193325434 -34.328974726706235 6.72179065805951 26.300565242196974 6.7217907151776215 -34.328975011826564 -59.46102359972187 -44.903972251773496 -1.6251805322952255 34.280059039385705 33.639605679242806 44.944602073463976 54.38282203761282 24.308506056924404 -14.569236308289009 -24.2513584591803 6.721777296165689 52.91855405741014 74.59885445210622 52.918553194034416 6.721775311198494 -24.25136168463238 -14.569240490987287 24.308501569003706 54.38281808673006 44.94459972132315 49.99365848593602 63.55249086522901 36.526226795121325 0.055597113275820606 -7.200768783338671 26.30054656846497 74.59884802624993 97.09364455706861 74.59884563214155 26.30054229293213 -7.200773291129853 0.05559473403577908 36.52622770535317 63.55249368667435 49.99366072186797 44.94459313687985 54.382810281564325 24.308499037504404 -14.569235643439677 -24.251353543568715 6.721780565428399 52.91855258617444 74.5988497690697 52.91854931981079 6.721775224143142 -24.25135794097177 -14.569235206214346 24.308505581628673 54.38281970587506 44.94459990152144 33.63959634993148 34.280048459908016 -1.6251832286280896 -44.90396471100473 -59.461012402296994 -34.32896954171272 6.72178685338295 26.30055647372928 6.721784679919199 -34.32897325637583 -59.461014871537216 -44.903962351123006 -1.6251750412086443 34.28005916533874 33.63960382945552 24.17066709278707 18.96575670668866 -18.697416844984605 -62.32145884600268 -79.26304047985663 -59.46100867084696 -24.25134306676515 -7.200753277992311 -24.25134244957376 -59.46100808854718 -79.26303958462678 -62.3214565745031 -18.697412894103753 18.965761020066335 24.170669890489073 21.808177906517493 18.52951012743352 -12.458773974949295 -48.673711250772996 -62.321460338422156 -44.903962607957986 -14.56922753921085 0.05560928125791236 -14.569223688066618 -44.90395720235983 -62.32145633779329 -48.673710717072595 -12.458777303643531 18.529504714787798 21.80817377410733 24.389727037248697 28.65556397154736 10.535798641773173 -12.458778662105686 -18.697423040538887 -1.6251866508815072 24.308499435655296 36.52622838213315 24.308505411698373 -1.6251783994291653 -18.697417744004166 -12.458780396806297 10.535789529786177 28.65555181666611 24.389718489734335 24.452308310344883 34.57184569952558 28.655560080577107 18.529502041260194 18.965747261954427 34.28004074433415 54.38280413391255 63.55248325714258 54.382809864852376 34.28004869336146 18.96575200790453 18.52949918227748 28.65554955672517 34.57183266343583 24.452299604923248 15.99017423750971 24.452307061506893 24.38972311512475 21.808171470192296 24.17065986463007 33.6395899590392 44.94458714398231 49.99365064339534 44.944590507529526 33.63959473964482 24.17066274059864 21.80816941126304 24.38971624926071 24.452298808142857 15.990168791728541
</DataArray>
        <DataArray type="Float64" Name="Mode_18_w" NumberOfComponents="1" format="ascii">
 0.00331595288496461 -3.546568303094879e-10 -0.003315953173918645 -1.660305855119456e-10 -0.0029274350473973633 -0.0035227377657977323 -0.0025225284599715908 -0.002017688920591605 -0.0006590573383756582 -0.0017167346929838508 -0.001557924152056724 -0.0019089742645096157 0.0005514186100072795 0.002176483234955012 0.004436264863221109 0.003475644935370663 0.0026281014900512685 0.00014377637957416426 6.178254569496633e-5 -6.178220249254454e-5 -0.00014377548812233981 -0.002628101065959864 -0.003475644569109344 -0.0044362655917282315 -0.0021764825925491785 -0.0005514180017289336 0.0019089749160744736 0.0015579245480730204 0.0017167348867851697 0.0006590571728319996 0.0020176891473639266 0.00252252864926354 0.0035227384246942738 0.0029274354761575838 0.0029274352483203135 0.0035227380404508008 0.0025225279639700367 0.002017688316649697 0.0006590567032260222 0.0017167351439255846 0.0015579251614135886 0.001908975437967148 -0.0005514182518866896 -0.0021764830975036942 -0.004436266015020226 -0.0034756454593154644 -0.002628101835592352 -0.00014377587377348576 -6.178219883680276e-5 6.17825495225014e-5 0.0001437759301567948 0.0026281018496691075 0.003475645498945627 0.0044362657375195845 0.0021764833546351913 0.0005514182498628313 -0.0019089750768467946 -0.001557924574872299 -0.00171673466353703 -0.0006590564379938646 -0.002017687650936523 -0.002522527581697758 -0.0035227377617822603 -0.0029274347575797693 -31.275582821942614 -46.22994595093698 -41.36672876089787 -27.534896248344356 -19.30410884990375 -21.70025506390611 -26.07500329901858 -18.793387351710212 5.182216713885222 36.0568703738172 56.16050474712374 54.15206609326084 34.10672320958511 11.54465102734196 6.837831148697688e-7 -46.229949705830094 -64.06702589406152 -48.55569621590643 -20.708194824828848 -7.804726508093036 -18.763908137166972 -36.629077629647405 -34.713741058220684 -1.9659167129307442 45.285522697351304 75.8829435660664 69.87749546224569 35.14238066781857 7.049045057295537e-7 -11.544649640819726 -41.36673970712405 -48.55570746993924 -17.52076363701181 22.633430829247907 35.709349079171375 10.61803462692444 -28.83718078982044 -45.350266961736295 -21.580500037026958 24.027332419504805 53.228734311222375 41.59812996717275 7.220027457532255e-8 -35.14237980435375 -34.10672230935594 -27.534912471018703 -20.70821625666011 22.633417428568308 69.51981798527889 80.24019226144037 43.326172196776355 -13.983948161717128 -49.08214654989889 -40.58493810829608 -5.827590043648496 16.016611626476482 -1.1609220641531984e-6 -41.59813041421439 -69.8774944547977 -54.152065036377564 -19.304123167401794 -7.804747491600592 35.70933196998915 80.24018493702377 88.92656489539067 51.35007803869069 -6.789318882793737 -45.34433538501088 -43.62215916493257 -16.70861484049637 -1.8535724082443485e-6 -16.016614443546832 -53.228734576519834 -75.88294159064975 -56.16050281966829 -21.700261095825166 -18.763917532185925 10.618026391408673 43.326168234878004 51.35007761734888 26.51340617286164 -12.117208225932977 -34.70364276148823 -26.465589214961913 -9.90709415556495e-7 16.70861205414271 5.827588463002425 -24.02733112041434 -45.28551896018982 -36.05686714702823 -26.0750004001113 -36.62907332180921 -28.83717632400898 -13.983943903785198 -6.789315494716683 -12.117206414419407 -20.880149527876004 -18.78133162027338 1.6983233218829468e-6 26.465589097872545 43.6221575487316 40.58493808311106 21.580503686652605 1.9659228762196979 -5.18221197630622 -18.793380720144818 -34.713730858850916 -45.350256939359696 -49.082138729189346 -45.34433021435159 -34.703639560445055 -18.78132982559254 4.935932152655735e-6 18.7813376207913 34.703643625476296 45.34433387592573 49.082147325381584 45.350272705448035 34.713749738699214 18.79339375883046 5.1822200485700245 -1.9659115951728576 -21.580495398034824 -40.58493533016266 -43.62215759058421 -26.465587183125685 4.197626690467583e-6 18.781339107570496 20.880154467810442 12.117207431801912 6.7893158608696424 13.983948619625721 28.837187754486852 36.629088264847525 26.07501120389623 36.056866982837555 45.28551729581663 24.02732632752572 -5.827596000543596 -16.708618985857544 -2.0219133159864946e-6 26.465590010293457 34.70364440131454 12.117207453693664 -26.51341071118362 -51.35008421716953 -43.32617349165377 -10.618027899435658 18.763919566517867 21.700263740534076 56.16049672411344 75.88293112748345 53.22872180350818 16.016601831568142 -7.739659390941556e-6 16.70860925120632 43.62215540318192 45.34433109903465 6.789313561605172 -51.350084909031935 -88.92657407090539 -80.24019627697868 -35.709344098123694 7.804737365111508 19.30411764726745 54.15205868200676 69.87748475862455 41.59812090403884 -5.876346028208764e-6 -16.016615663943494 5.827587343377676 40.58493381653861 49.08214022424426 13.983942597328893 -43.326175307567205 -80.24019496632361 -69.51982402726742 -22.633428179403182 20.708204053474734 27.534904388037972 34.10672054766082 35.14237836476298 1.297065346276325e-6 -41.59812509031822 -53.22872793814001 -24.02732811890025 21.580499734987118 45.350263402866545 28.837178848308195 -10.61803079583152 -35.70934040713332 -22.63342316686685 17.520765299092066 48.55570370080787 41.366735453318576 11.54465281443681 5.825722399239553e-6 -35.14237033185599 -69.87748212334914 -75.88293005486719 -45.2855126665271 1.9659211645110146 34.71374156475417 36.62907943262963 18.763916615485012 7.804742394639764 20.708212871371977 48.55570955655962 64.06703202275352 46.2299512178578 3.1437443528183296e-6 -11.544643961531353 -34.10671347768449 -54.15205475331167 -56.16049377018041 -36.05686179602933 -5.182211912039236 18.793389175317404 26.075005778510008 21.70026195314028 19.304121340440627 27.534911372377902 41.36674139514857 46.229953626792295 31.2755862294063
</DataArray>
        <DataArray type="Float64" Name="Mode_19_w" NumberOfComponents="1" format="ascii">
 -2.3161079689834935e-10 -0.00331595334970167 -4.488181669089764e-11 0.0033159530277107286 -6.178213354230539e-5 -0.00014377560503161862 -0.0026281013226896175 -0.0034756446751095875 -0.00443626525703215 -0.0021764824616239543 -0.0005514178252992527 0.001908975058235878 0.0015579248788905671 0.0017167348845220053 0.0006590569227365631 0.0020176886464500126 0.0025225282243355215 0.0035227386870081297 0.002927435722443911 0.0029274354620930487 0.003522738186641303 0.0025225283746228844 0.002017688588092302 0.0006590571804242205 0.0017167348386690564 0.001557924522286632 0.0019089747492103874 -0.0005514179877945441 -0.002176483089349246 -0.004436265616091809 -0.0034756451448025496 -0.0026281016553453503 -0.00014377611501496015 -6.178223894503995e-5 6.178224279053888e-5 0.0001437758633326298 0.0026281017112149163 0.0034756453023256357 0.00443626601190025 0.0021764829876232523 0.0005514185317558163 -0.001908974804752133 -0.0015579242010673267 -0.001716734487481101 -0.0006590566375471827 -0.002017688510840512 -0.0025225280020317203 -0.003522738187518405 -0.002927434970746981 -0.0029274353168646993 -0.003522737996398017 -0.002522528175775203 -0.002017688883106667 -0.0006590573589111169 -0.001716734812010579 -0.0015579246077207713 -0.00190897452139029 0.0005514186477040101 0.0021764830975927207 0.004436265569814462 0.0034756451556738214 0.002628101583372281 0.00014377641965034567 6.178259384052749e-5 3.347655262867602e-6 11.544653924843876 34.10672294582349 54.15206193608949 56.160499690368624 36.0568680441667 5.182218019814428 -18.79338505176337 -26.075004407737808 -21.700262557564578 -19.30412172137179 -27.53490951642457 -41.36673780840981 -46.229950215477615 -31.27558420154933 -11.544644031688687 6.875193594320833e-6 35.14238103888823 69.87748867530107 75.88293503046775 45.285518761311266 -1.9659144437558114 -34.71373666921316 -36.62907808009639 -18.763917962886776 -7.804743638715193 -20.70821165636877 -48.55570612579648 -64.06702846332976 -46.22994913197134 -34.10671384491564 -35.142370348519215 2.011458038271565e-6 41.59812275318226 53.22872434548935 24.02732755164824 -21.580497084762897 -45.350260328871855 -28.837177967929357 10.618029072250982 35.70933779935436 22.633421633563625 -17.52076525867153 -48.555702745483664 -41.36673462622645 -54.15205493703507 -69.87748290142497 -41.59812662801164 -7.003222908843153e-6 16.016601965900037 -5.827595259710765 -40.58493468241672 -49.082137837589094 -13.983941333727126 43.3261733263607 80.24019068480087 69.51982008645999 22.633426277741123 -20.70820390477273 -27.534903526542923 -56.16049312407277 -75.88293017167649 -53.2287298173071 -16.01661843814183 -9.888992594974346e-6 -16.70861931269015 -43.622155687288455 -45.344326611050484 -6.789310927447124 51.3500825412679 88.92656861417171 80.24019229762608 35.70934458525417 -7.804733348251283 -19.304113949802666 -36.05685988667851 -45.28551054423041 -24.027327870462038 5.827585007209939 16.708605810885686 -4.052025037993259e-6 -26.46558631704056 -34.70363652903015 -12.117202889950024 26.513409089730487 51.350079722794526 43.32617236497213 10.618033667105149 -18.763909438484987 -21.700255933412485 -5.18220872155319 1.9659256901309647 21.580502548184384 40.584932994120635 43.62215207278143 26.465586983074502 3.4588567655015496e-6 -18.781328502757027 -20.880147742001956 -12.117206954544349 -6.789317710797182 -13.98394628185911 -28.83717803593121 -36.62907447979461 -26.075001067925957 18.793392969284845 34.71374684147247 45.35026701896124 49.082140377360645 45.34432854082024 34.70364154956538 18.781338019449084 5.893798837765102e-6 -18.781329912570094 -34.70364151439754 -45.34433420649683 -49.08214448191826 -45.35026370720035 -34.713737260029276 -18.793384638271075 26.07500845650775 36.62908320447567 28.83718144624533 13.983942623013371 6.789311354538417 12.117204939925427 20.880153590547316 18.78133886930994 3.986532750833334e-6 -26.465587556082777 -43.622158903095055 -40.58493832359946 -21.580499559712774 -1.9659156402275595 5.182217548510041 21.700262170205527 18.763917171249982 -10.618030152455438 -43.326175671443835 -51.35008687047731 -26.51341352254725 12.117205534441243 34.70364396452231 26.465590934263723 1.4578678102727569e-7 -16.708615893158104 -5.827592757473056 24.02732947703152 45.28552016849769 36.05686874642406 19.30411905479229 7.804739922999576 -35.70934150105258 -80.24019522465498 -88.92657539588906 -51.35008767818351 6.789311700075688 45.344331814021224 43.62215800038506 16.708612728550058 -2.9869559186637413e-6 16.01660832163321 53.228729654686106 75.88293889996064 56.16050175546811 27.53490816920993 20.708209883905383 -22.63342364247663 -69.51982289298088 -80.24019643813821 -43.32617716935242 13.983942650995383 49.082142909209544 40.58493731026339 5.827589815163306 -16.016613717692675 -2.8050226030403444e-6 41.59812599446273 69.8774908654971 54.15206311086277 41.366739737637594 48.55570906844478 17.520768083374005 -22.633423983498417 -35.70934250293886 -10.618031299256483 28.837180914637216 45.35026702882241 21.580502366531416 -24.027328565974955 -53.22873105200332 -41.59812886152535 -1.2505644362439619e-6 35.1423778106378 34.106721005326 46.22995431712112 64.06703450392604 48.55570893731783 20.708210141496593 7.804740093297567 18.763916563590623 36.62908147611317 34.7137439025995 1.9659214905055578 -45.285515916412045 -75.88293658922812 -69.87749039359545 -35.14237838177906 -2.35209855438299e-7 11.544649679212949 31.27558762160557 46.22995394255928 41.3667395018859 27.53490868224286 19.30411966799871 21.700261775839675 26.07500650627525 18.793389707012082 -5.182212898753473 -36.056865069325774 -56.16049926388583 -54.15206157565942 -34.106720396209624 -11.544649618819484 0.0
</DataArray>
        <DataArray type="Float64" Name="Mode_20_w" NumberOfComponents="1" format="ascii">
 -0.004260983310890553 0.004260982884285149 -0.004260983691348744 0.004260982825335921 0.003990699813736256 0.0037769524516636467 0.002927898760339187 -4.2443861770572015e-6 -0.0028774080658288048 -0.0040500158299644744 -0.0028731930015185817 -8.440623942718576e-11 0.0028731933848168485 0.004050015958714994 0.0028774084258892884 4.244843764924374e-6 -0.00292789777276099 -0.003776952445369709 -0.003990699563740909 -0.003990699856359231 -0.0037769525635715823 -0.0029278983374797793 4.244373939270882e-6 0.002877408269419075 0.0040500162146722375 0.0028731934137656875 1.1282955191885948e-10 -0.0028731931717321103 -0.004050016483678408 -0.0028774088586033812 -4.24502218389182e-6 0.0029278982273902463 0.0037769528205170324 0.0039907004564171 0.003990700204413877 0.003776952960856878 0.0029278985705977457 -4.244442028791202e-6 -0.0028774082127570573 -0.004050016178051795 -0.002873193240747639 -7.096173387222014e-11 0.0028731931550233475 0.00405001596495108 0.002877408533959681 4.244875667594748e-6 -0.002927897742139329 -0.003776952301606053 -0.003990699568919522 -0.0039906996149977215 -0.0037769523313279916 -0.002927897768525571 4.244750120919576e-6 0.002877408239576204 0.004050016161244808 0.0028731934570878402 2.38127413546032e-10 -0.0028731928649866558 -0.004050016204589653 -0.0028774081371865366 -4.245050209516775e-6 0.0029278979944281944 0.003776952448729543 0.003990699861005445 35.05833253780975 49.56874626678134 35.04299628342214 -0.008241806765439792 -35.05480916055389 -49.56869287884001 -35.048899511636144 5.4847674283985896e-6 35.04890850005842 49.568697401453925 35.05480987582649 0.008241890670863708 -35.042994015638094 -49.56874209077085 -35.05832931154041 49.56874777247518 70.08455023060513 49.54722796116831 -0.011833808801435431 -49.5638303524259 -70.08502750218986 -49.555476289255516 7.097888253507468e-6 49.55548740558154 70.0850315613682 49.56382873683061 0.01183223304144725 -49.54722457464482 -70.08454255684856 -49.56874138630553 35.04300004420269 49.54723125893803 35.027979210399685 -0.008447372312816217 -35.04006844431924 -49.547720631261676 -35.034038273549186 3.850980567379032e-6 35.034042887704786 49.54771853708403 35.04006165521173 0.00844235826804795 -35.02797690561736 -49.54722242067396 -35.04299195568064 -0.008237488543986751 -0.011828902863360538 -0.008444681581655532 -0.00026268279200545376 0.008121965840324017 0.011646150140182316 0.008300037240970675 -1.0364380153845425e-6 -0.008304372225536715 -0.011654909374200523 -0.00813272118278136 0.0002551853995141524 0.008444994496464527 0.011836370290248071 0.008245021560179186 -35.05480662867413 -49.563826853730205 -35.04006518573663 0.008124239127306818 35.051600053526705 49.564424246707155 35.04591017738798 -2.8283909086831697e-6 -35.04591701875023 -49.56443334114565 -35.05160964834926 -0.008130618142247564 35.040064999414476 49.56383220178475 35.05481214871107 -49.56869314758154 -70.08502746229576 -49.54771892404984 0.011649655003567133 49.564427088814895 70.08597320957645 49.556232381236406 -3.9906452895362277e-7 -49.556234094378354 -70.08597676561052 -49.56443156571691 -0.011652726769874827 49.54771943635538 70.08503110418856 49.56869659909227 -35.048902304811925 -49.55547988565228 -35.0340392266854 0.008302936971602037 35.045914141246676 49.556234204496974 35.04009614649071 2.5200535403671768e-6 -35.04009243031482 -49.55623313814512 -35.045914988905814 -0.00830390340560218 35.03403977260563 49.555482060510315 35.048904318789475 1.598800395844437e-6 2.134983612863305e-6 1.5013481797049102e-6 3.808426374379607e-7 -1.4979466586901523e-7 5.879806607150697e-7 2.018074940839263e-6 2.7734182333046633e-6 2.0458967940118883e-6 3.4060879007713133e-7 -1.0101020716579657e-6 -1.5307321829083995e-6 -1.5040904169520444e-6 -1.089533245824364e-6 -5.102593309769901e-7 35.04890574692237 49.55548450282607 35.034042134212406 -0.0083030023980656 -35.04591578420877 -49.556234633975116 -35.0400938630834 1.4345350606261832e-6 35.0400952894333 49.556233064964815 35.045912474645164 0.008300671310367266 -35.03404227324867 -49.55548348930117 -35.0489050386492 49.56869726230061 70.08503255279018 49.547721212642315 -0.011651710056268973 -49.56443168654111 -70.08597718684925 -49.55623373075905 1.1982104596066682e-6 49.55623443930521 70.0859744536537 49.5644270391893 0.01164856974534183 -49.547720899565405 -70.08503033680529 -49.56869567472329 35.054811929555065 49.56383264171355 35.04006658575045 -0.008128262705652886 -35.05160693615217 -49.56443021219612 -35.04591265782608 3.109776347291752e-6 35.04591613786482 49.564428282781506 35.05160182144093 0.008124680581339106 -35.04006539235151 -49.56382782850458 -35.054807842351124 0.008244092775741764 0.011835580184620135 0.008445593327155738 0.0002575454430119841 -0.00812887921189194 -0.011649771666855506 -0.008298138247243353 5.616410074115271e-6 0.008305366188029666 0.011648687993614208 0.008122464331016046 -0.0002622918924317892 -0.008443494338527108 -0.011827575299601682 -0.008236870960521616 -35.04299373616755 -49.54722518718208 -35.02797903470592 0.00844209179565363 35.04006338133329 49.547721955501885 35.034046870242484 6.369518886779702e-6 -35.03403872673889 -49.54772385461642 -35.040072098164046 -0.008448664726005865 35.02798123101483 49.54723500475857 35.043002731831216 -49.56874386200335 -70.08454679859256 -49.547229074569785 0.011829175524366261 49.5638277300298 70.08503195159214 49.55548749060436 4.651803352524695e-6 -49.55548231865232 -70.08503569278645 -49.56383748065976 -0.011836626015191518 49.54723039957074 70.08455558875117 49.56875202758434 -35.058331212554506 -49.56874536598088 -35.042997775627185 0.008238896064703962 35.05480833880957 49.56869653990867 35.04890690177676 2.045363353863406e-6 -35.048905318427444 -49.56870012278771 -35.054815228276304 -0.008244192522691261 35.04299804864966 49.568750425903005 35.058336026027085
</DataArray>
      </PointData>
    </Piece>
  </UnstructuredGrid>
</VTKFile>
