<?xml version="1.0" encoding="utf-8"?>
<VTKFile type="UnstructuredGrid" version="1.0" byte_order="LittleEndian" header_type="UInt64">
  <UnstructuredGrid>
    <Piece NumberOfPoints="529" NumberOfCells="484">
      <Points>
        <DataArray type="Float64" Name="Points" NumberOfComponents="3" format="ascii">
 0.0 0.0 0.0 1.0 0.0 0.0 1.0 1.0 0.0 0.0 1.0 0.0 0.04545454545445496 0.0 0.0 0.09090909090891895 0.0 0.0 0.136363636363379 0.0 0.0 0.1818181818177918 0.0 0.0 0.2272727272722045 0.0 0.0 0.2727272727266173 0.0 0.0 0.3181818181810301 0.0 0.0 0.3636363636354429 0.0 0.0 0.4090909090898557 0.0 0.0 0.4545454545442684 0.0 0.0 0.4999999999986921 0.0 0.0 0.5454545454533466 0.0 0.0 0.5909090909080119 0.0 0.0 0.6363636363626773 0.0 0.0 0.6818181818173427 0.0 0.0 0.727272727272008 0.0 0.0 0.7727272727266733 0.0 0.0 0.8181818181813386 0.0 0.0 0.8636363636360039 0.0 0.0 0.9090909090906694 0.0 0.0 0.9545454545453347 0.0 0.0 1.0 0.04545454545445496 0.0 1.0 0.09090909090891895 0.0 1.0 0.136363636363379 0.0 1.0 0.1818181818177918 0.0 1.0 0.2272727272722045 0.0 1.0 0.2727272727266173 0.0 1.0 0.3181818181810301 0.0 1.0 0.3636363636354429 0.0 1.0 0.4090909090898557 0.0 1.0 0.4545454545442684 0.0 1.0 0.4999999999986921 0.0 1.0 0.5454545454533466 0.0 1.0 0.5909090909080119 0.0 1.0 0.6363636363626773 0.0 1.0 0.6818181818173427 0.0 1.0 0.727272727272008 0.0 1.0 0.7727272727266733 0.0 1.0 0.8181818181813386 0.0 1.0 0.8636363636360039 0.0 1.0 0.9090909090906694 0.0 1.0 0.9545454545453347 0.0 0.9545454545452653 1.0 0.0 0.9090909090905306 1.0 0.0 0.863636363635922 1.0 0.0 0.818181818181692 1.0 0.0 0.772727272727462 1.0 0.0 0.7272727272732319 1.0 0.0 0.6818181818190018 1.0 0.0 0.6363636363647716 1.0 0.0 0.5909090909105414 1.0 0.0 0.5454545454563112 1.0 0.0 0.5000000000020595 1.0 0.0 0.4545454545473464 1.0 0.0 0.4090909090926118 1.0 0.0 0.3636363636378772 1.0 0.0 0.3181818181831425 1.0 0.0 0.2727272727284078 1.0 0.0 0.2272727272736732 1.0 0.0 0.1818181818189385 1.0 0.0 0.1363636363642039 1.0 0.0 0.09090909090946919 1.0 0.0 0.0454545454547346 1.0 0.0 0.0 0.9545454545452653 0.0 0.0 0.9090909090905306 0.0 0.0 0.863636363635922 0.0 0.0 0.818181818181692 0.0 0.0 0.772727272727462 0.0 0.0 0.7272727272732319 0.0 0.0 0.6818181818190018 0.0 0.0 0.6363636363647716 0.0 0.0 0.5909090909105414 0.0 0.0 0.5454545454563112 0.0 0.0 0.5000000000020595 0.0 0.0 0.4545454545473464 0.0 0.0 0.4090909090926118 0.0 0.0 0.3636363636378772 0.0 0.0 0.3181818181831425 0.0 0.0 0.2727272727284078 0.0 0.0 0.2272727272736732 0.0 0.0 0.1818181818189385 0.0 0.0 0.1363636363642039 0.0 0.0 0.09090909090946919 0.0 0.0 0.0454545454547346 0.0 0.04545454545446767 0.04545454545472188 0.0 0.04545454545448038 0.09090909090944418 0.0 0.04545454545449309 0.1363636363641664 0.0 0.04545454545450579 0.1818181818188864 0.0 0.04545454545451852 0.2272727272736064 0.0 0.04545454545453122 0.2727272727283264 0.0 0.04545454545454393 0.3181818181830465 0.0 0.04545454545455664 0.3636363636377665 0.0 0.04545454545456935 0.4090909090924865 0.0 0.04545454545458207 0.4545454545472065 0.0 0.04545454545459478 0.5000000000019065 0.0 0.04545454545460749 0.5454545454561764 0.0 0.0454545454546202 0.5909090909104264 0.0 0.04545454545463291 0.6363636363646763 0.0 0.04545454545464563 0.6818181818189265 0.0 0.04545454545465834 0.7272727272731763 0.0 0.04545454545467105 0.7727272727274259 0.0 0.04545454545468376 0.818181818181676 0.0 0.04545454545469646 0.8636363636359258 0.0 0.04545454545470917 0.9090909090905369 0.0 0.04545454545472188 0.9545454545452685 0.0 0.09090909090894397 0.04545454545470917 0.0 0.09090909090896898 0.09090909090941918 0.0 0.09090909090899399 0.1363636363641289 0.0 0.090909090909019 0.1818181818188342 0.0 0.090909090909044 0.2272727272735397 0.0 0.09090909090906901 0.272727272728245 0.0 0.09090909090909402 0.3181818181829504 0.0 0.09090909090911903 0.3636363636376558 0.0 0.09090909090914404 0.4090909090923612 0.0 0.09090909090916904 0.4545454545470666 0.0 0.09090909090919408 0.5000000000017533 0.0 0.09090909090921909 0.5454545454560419 0.0 0.0909090909092441 0.5909090909103114 0.0 0.0909090909092691 0.636363636364581 0.0 0.09090909090929411 0.6818181818188509 0.0 0.09090909090931912 0.7272727272731208 0.0 0.09090909090934413 0.7727272727273904 0.0 0.09090909090936916 0.81818181818166 0.0 0.09090909090939414 0.8636363636359294 0.0 0.09090909090941918 0.9090909090905434 0.0 0.09090909090944418 0.9545454545452716 0.0 0.1363636363634165 0.04545454545469646 0.0 0.136363636363454 0.09090909090939414 0.0 0.1363636363634915 0.1363636363640914 0.0 0.136363636363529 0.1818181818187821 0.0 0.1363636363635665 0.2272727272734729 0.0 0.136363636363604 0.2727272727281637 0.0 0.1363636363636415 0.3181818181828545 0.0 0.136363636363679 0.3636363636375453 0.0 0.1363636363637165 0.409090909092236 0.0 0.136363636363754 0.4545454545469267 0.0 0.1363636363637915 0.5000000000016003 0.0 0.1363636363638289 0.5454545454559069 0.0 0.1363636363638664 0.5909090909101964 0.0 0.1363636363639039 0.636363636364486 0.0 0.1363636363639414 0.6818181818187756 0.0 0.136363636363979 0.7272727272730648 0.0 0.1363636363640164 0.7727272727273544 0.0 0.1363636363640539 0.8181818181816438 0.0 0.1363636363640914 0.8636363636359332 0.0 0.1363636363641289 0.9090909090905496 0.0 0.1363636363641664 0.9545454545452747 0.0 0.1818181818178439 0.04545454545468376 0.0 0.1818181818178961 0.09090909090936916 0.0 0.1818181818179481 0.1363636363640539 0.0 0.1818181818180003 0.1818181818187301 0.0 0.1818181818180524 0.2272727272734062 0.0 0.1818181818181046 0.2727272727280823 0.0 0.1818181818181567 0.3181818181827585 0.0 0.1818181818182087 0.3636363636374347 0.0 0.1818181818182609 0.4090909090921108 0.0 0.1818181818183129 0.4545454545467867 0.0 0.1818181818183651 0.5000000000014473 0.0 0.1818181818184172 0.5454545454557723 0.0 0.1818181818184694 0.5909090909100816 0.0 0.1818181818185215 0.636363636364391 0.0 0.1818181818185736 0.6818181818187001 0.0 0.1818181818186257 0.7272727272730092 0.0 0.1818181818186779 0.7727272727273184 0.0 0.18181818181873 0.8181818181816278 0.0 0.1818181818187821 0.863636363635937 0.0 0.1818181818188342 0.9090909090905557 0.0 0.1818181818188864 0.9545454545452778 0.0 0.2272727272722713 0.04545454545467105 0.0 0.227272727272338 0.09090909090934413 0.0 0.2272727272724048 0.1363636363640164 0.0 0.2272727272724716 0.1818181818186779 0.0 0.2272727272725384 0.2272727272733394 0.0 0.2272727272726051 0.2727272727280008 0.0 0.2272727272726719 0.3181818181826624 0.0 0.2272727272727386 0.3636363636373239 0.0 0.2272727272728053 0.4090909090919854 0.0 0.2272727272728721 0.4545454545466469 0.0 0.2272727272729388 0.5000000000012941 0.0 0.2272727272730056 0.5454545454556373 0.0 0.2272727272730724 0.5909090909099664 0.0 0.2272727272731391 0.6363636363642955 0.0 0.2272727272732059 0.6818181818186246 0.0 0.2272727272732726 0.7272727272729538 0.0 0.2272727272733394 0.7727272727272828 0.0 0.2272727272734062 0.8181818181816116 0.0 0.2272727272734729 0.8636363636359405 0.0 0.2272727272735397 0.909090909090562 0.0 0.2272727272736064 0.954545454545281 0.0 0.2727272727266987 0.04545454545465834 0.0 0.2727272727267802 0.09090909090931912 0.0 0.2727272727268615 0.136363636363979 0.0 0.272727272726943 0.1818181818186257 0.0 0.2727272727270242 0.2272727272732726 0.0 0.2727272727271057 0.2727272727279195 0.0 0.272727272727187 0.3181818181825664 0.0 0.2727272727272685 0.3636363636372133 0.0 0.2727272727273498 0.4090909090918602 0.0 0.2727272727274312 0.4545454545465069 0.0 0.2727272727275125 0.5000000000011411 0.0 0.2727272727275939 0.5454545454555028 0.0 0.2727272727276753 0.5909090909098516 0.0 0.2727272727277568 0.6363636363642005 0.0 0.272727272727838 0.6818181818185491 0.0 0.2727272727279195 0.7272727272728983 0.0 0.2727272727280008 0.772727272727247 0.0 0.2727272727280823 0.8181818181815956 0.0 0.2727272727281637 0.8636363636359443 0.0 0.272727272728245 0.9090909090905686 0.0 0.2727272727283264 0.9545454545452841 0.0 0.3181818181811261 0.04545454545464563 0.0 0.3181818181812222 0.09090909090929411 0.0 0.3181818181813182 0.1363636363639414 0.0 0.3181818181814142 0.1818181818185736 0.0 0.3181818181815101 0.2272727272732059 0.0 0.3181818181816062 0.2727272727278381 0.0 0.3181818181817022 0.3181818181824704 0.0 0.3181818181817982 0.3636363636371027 0.0 0.3181818181818944 0.4090909090917348 0.0 0.3181818181819903 0.454545454546367 0.0 0.3181818181820864 0.5000000000009881 0.0 0.3181818181821824 0.545454545455368 0.0 0.3181818181822783 0.5909090909097365 0.0 0.3181818181823743 0.6363636363641052 0.0 0.3181818181824704 0.6818181818184739 0.0 0.3181818181825664 0.7272727272728425 0.0 0.3181818181826624 0.772727272727211 0.0 0.3181818181827585 0.8181818181815796 0.0 0.3181818181828545 0.8636363636359481 0.0 0.3181818181829504 0.909090909090575 0.0 0.3181818181830465 0.9545454545452874 0.0 0.3636363636355535 0.04545454545463291 0.0 0.3636363636356641 0.0909090909092691 0.0 0.3636363636357749 0.1363636363639039 0.0 0.3636363636358855 0.1818181818185215 0.0 0.3636363636359961 0.2272727272731391 0.0 0.3636363636361069 0.2727272727277568 0.0 0.3636363636362174 0.3181818181823745 0.0 0.3636363636363281 0.363636363636992 0.0 0.3636363636364387 0.4090909090916096 0.0 0.3636363636365494 0.4545454545462272 0.0 0.36363636363666 0.5000000000008349 0.0 0.3636363636367708 0.5454545454552332 0.0 0.3636363636368813 0.5909090909096217 0.0 0.363636363636992 0.6363636363640099 0.0 0.3636363636371027 0.6818181818183986 0.0 0.3636363636372133 0.7272727272727868 0.0 0.3636363636373239 0.7727272727271752 0.0 0.3636363636374346 0.8181818181815637 0.0 0.3636363636375453 0.8636363636359519 0.0 0.3636363636376558 0.9090909090905811 0.0 0.3636363636377666 0.9545454545452905 0.0 0.409090909089981 0.0454545454546202 0.0 0.4090909090901061 0.0909090909092441 0.0 0.4090909090902315 0.1363636363638664 0.0 0.4090909090903568 0.1818181818184694 0.0 0.4090909090904821 0.2272727272730724 0.0 0.4090909090906074 0.2727272727276753 0.0 0.4090909090907326 0.3181818181822783 0.0 0.4090909090908579 0.3636363636368813 0.0 0.4090909090909832 0.4090909090914843 0.0 0.4090909090911085 0.4545454545460872 0.0 0.4090909090912337 0.5000000000006819 0.0 0.4090909090913589 0.5454545454550984 0.0 0.4090909090914843 0.5909090909095067 0.0 0.4090909090916096 0.6363636363639149 0.0 0.4090909090917348 0.6818181818183231 0.0 0.4090909090918602 0.7272727272727313 0.0 0.4090909090919854 0.7727272727271395 0.0 0.4090909090921108 0.8181818181815474 0.0 0.409090909092236 0.8636363636359554 0.0 0.4090909090923612 0.9090909090905873 0.0 0.4090909090924865 0.9545454545452936 0.0 0.4545454545444084 0.04545454545460749 0.0 0.4545454545445483 0.09090909090921909 0.0 0.4545454545446881 0.1363636363638289 0.0 0.4545454545448281 0.1818181818184172 0.0 0.454545454544968 0.2272727272730056 0.0 0.4545454545451079 0.272727272727594 0.0 0.4545454545452478 0.3181818181821823 0.0 0.4545454545453878 0.3636363636367707 0.0 0.4545454545455275 0.409090909091359 0.0 0.4545454545456675 0.4545454545459474 0.0 0.4545454545458074 0.5000000000005289 0.0 0.4545454545459474 0.5454545454549637 0.0 0.4545454545460872 0.5909090909093917 0.0 0.4545454545462271 0.6363636363638197 0.0 0.454545454546367 0.6818181818182476 0.0 0.4545454545465069 0.7272727272726756 0.0 0.4545454545466469 0.7727272727271035 0.0 0.4545454545467868 0.8181818181815312 0.0 0.4545454545469267 0.8636363636359592 0.0 0.4545454545470666 0.9090909090905935 0.0 0.4545454545472066 0.9545454545452967 0.0 0.4999999999988451 0.04545454545459478 0.0 0.4999999999989982 0.09090909090919408 0.0 0.4999999999991513 0.1363636363637915 0.0 0.4999999999993044 0.1818181818183651 0.0 0.4999999999994574 0.2272727272729388 0.0 0.4999999999996105 0.2727272727275125 0.0 0.4999999999997635 0.3181818181820864 0.0 0.4999999999999167 0.3636363636366601 0.0 0.5000000000000697 0.4090909090912337 0.0 0.5000000000002227 0.4545454545458075 0.0 0.5000000000003757 0.5000000000003757 0.0 0.5000000000005289 0.5454545454548291 0.0 0.5000000000006819 0.5909090909092767 0.0 0.5000000000008349 0.6363636363637244 0.0 0.5000000000009881 0.6818181818181721 0.0 0.5000000000011411 0.7272727272726198 0.0 0.5000000000012941 0.7727272727270675 0.0 0.5000000000014473 0.8181818181815153 0.0 0.5000000000016003 0.863636363635963 0.0 0.5000000000017533 0.9090909090906 0.0 0.5000000000019065 0.9545454545453 0.0 0.5454545454534813 0.04545454545458207 0.0 0.545454545453616 0.09090909090916904 0.0 0.5454545454537508 0.1363636363637539 0.0 0.5454545454538856 0.181818181818313 0.0 0.5454545454540204 0.2272727272728721 0.0 0.5454545454541552 0.2727272727274312 0.0 0.5454545454542897 0.3181818181819903 0.0 0.5454545454544247 0.3636363636365494 0.0 0.5454545454545595 0.4090909090911085 0.0 0.5454545454546942 0.4545454545456676 0.0 0.5454545454548289 0.5000000000002227 0.0 0.5454545454549636 0.5454545454546941 0.0 0.5454545454550984 0.5909090909091617 0.0 0.5454545454552332 0.6363636363636294 0.0 0.545454545455368 0.6818181818180968 0.0 0.5454545454555028 0.7272727272725643 0.0 0.5454545454556375 0.7727272727270318 0.0 0.5454545454557723 0.8181818181814993 0.0 0.5454545454559069 0.8636363636359667 0.0 0.5454545454560419 0.9090909090906064 0.0 0.5454545454561764 0.9545454545453032 0.0 0.5909090909081269 0.04545454545456935 0.0 0.590909090908242 0.09090909090914406 0.0 0.590909090908357 0.1363636363637165 0.0 0.5909090909084718 0.1818181818182609 0.0 0.5909090909085868 0.2272727272728054 0.0 0.5909090909087018 0.2727272727273498 0.0 0.5909090909088166 0.3181818181818943 0.0 0.5909090909089316 0.3636363636364388 0.0 0.5909090909090466 0.4090909090909832 0.0 0.5909090909091617 0.4545454545455276 0.0 0.5909090909092767 0.5000000000000697 0.0 0.5909090909093917 0.5454545454545595 0.0 0.5909090909095067 0.5909090909090466 0.0 0.5909090909096217 0.6363636363635341 0.0 0.5909090909097365 0.6818181818180213 0.0 0.5909090909098516 0.7272727272725088 0.0 0.5909090909099666 0.772727272726996 0.0 0.5909090909100814 0.8181818181814833 0.0 0.5909090909101964 0.8636363636359703 0.0 0.5909090909103114 0.9090909090906126 0.0 0.5909090909104264 0.9545454545453063 0.0 0.6363636363627727 0.04545454545455664 0.0 0.6363636363628677 0.09090909090911903 0.0 0.6363636363629628 0.136363636363679 0.0 0.6363636363630583 0.1818181818182088 0.0 0.6363636363631533 0.2272727272727386 0.0 0.6363636363632486 0.2727272727272685 0.0 0.6363636363633438 0.3181818181817982 0.0 0.6363636363634388 0.3636363636363281 0.0 0.6363636363635341 0.4090909090908579 0.0 0.6363636363636291 0.4545454545453876 0.0 0.6363636363637244 0.4999999999999165 0.0 0.6363636363638197 0.5454545454544245 0.0 0.6363636363639149 0.5909090909089316 0.0 0.6363636363640099 0.6363636363634388 0.0 0.6363636363641052 0.6818181818179461 0.0 0.6363636363642005 0.7272727272724531 0.0 0.6363636363642955 0.7727272727269601 0.0 0.6363636363643908 0.8181818181814673 0.0 0.636363636364486 0.8636363636359741 0.0 0.636363636364581 0.909090909090619 0.0 0.6363636363646765 0.9545454545453094 0.0 0.6818181818174182 0.04545454545454393 0.0 0.6818181818174935 0.09090909090909402 0.0 0.6818181818175688 0.1363636363636415 0.0 0.6818181818176443 0.1818181818181566 0.0 0.6818181818177196 0.2272727272726718 0.0 0.6818181818177953 0.272727272727187 0.0 0.6818181818178706 0.3181818181817022 0.0 0.6818181818179461 0.3636363636362174 0.0 0.6818181818180213 0.4090909090907326 0.0 0.6818181818180968 0.4545454545452476 0.0 0.6818181818181721 0.4999999999997635 0.0 0.6818181818182476 0.54545454545429 0.0 0.6818181818183231 0.5909090909088168 0.0 0.6818181818183984 0.6363636363633438 0.0 0.6818181818184739 0.6818181818178706 0.0 0.6818181818185494 0.7272727272723973 0.0 0.6818181818186246 0.7727272727269241 0.0 0.6818181818187001 0.8181818181814511 0.0 0.6818181818187756 0.8636363636359778 0.0 0.6818181818188509 0.909090909090625 0.0 0.6818181818189264 0.9545454545453125 0.0 0.7272727272720636 0.04545454545453122 0.0 0.7272727272721193 0.09090909090906901 0.0 0.7272727272721748 0.136363636363604 0.0 0.7272727272722307 0.1818181818181046 0.0 0.7272727272722861 0.2272727272726051 0.0 0.7272727272723418 0.2727272727271056 0.0 0.7272727272723973 0.3181818181816062 0.0 0.7272727272724531 0.3636363636361069 0.0 0.7272727272725086 0.4090909090906073 0.0 0.7272727272725643 0.4545454545451078 0.0 0.7272727272726198 0.4999999999996105 0.0 0.7272727272726756 0.545454545454155 0.0 0.7272727272727313 0.5909090909087018 0.0 0.7272727272727868 0.6363636363632486 0.0 0.7272727272728425 0.6818181818177951 0.0 0.7272727272728983 0.7272727272723418 0.0 0.7272727272729538 0.7727272727268883 0.0 0.7272727272730093 0.8181818181814351 0.0 0.727272727273065 0.8636363636359816 0.0 0.7272727272731208 0.9090909090906317 0.0 0.7272727272731763 0.9545454545453158 0.0 0.7727272727267089 0.04545454545451851 0.0 0.7727272727267451 0.090909090909044 0.0 0.7727272727267807 0.1363636363635665 0.0 0.7727272727268166 0.1818181818180524 0.0 0.7727272727268527 0.2272727272725383 0.0 0.7727272727268886 0.2727272727270242 0.0 0.7727272727269241 0.3181818181815103 0.0 0.7727272727269601 0.3636363636359962 0.0 0.7727272727269958 0.4090909090904821 0.0 0.7727272727270318 0.4545454545449679 0.0 0.7727272727270675 0.4999999999994574 0.0 0.7727272727271035 0.5454545454540204 0.0 0.7727272727271393 0.5909090909085868 0.0 0.7727272727271752 0.6363636363631533 0.0 0.772727272727211 0.6818181818177198 0.0 0.772727272727247 0.7272727272722861 0.0 0.7727272727272829 0.7727272727268526 0.0 0.7727272727273184 0.8181818181814189 0.0 0.7727272727273544 0.8636363636359854 0.0 0.7727272727273904 0.909090909090638 0.0 0.7727272727274264 0.9545454545453189 0.0 0.8181818181813547 0.04545454545450581 0.0 0.8181818181813707 0.090909090909019 0.0 0.8181818181813867 0.136363636363529 0.0 0.8181818181814029 0.1818181818180003 0.0 0.8181818181814189 0.2272727272724716 0.0 0.8181818181814351 0.2727272727269429 0.0 0.8181818181814509 0.3181818181814142 0.0 0.8181818181814673 0.3636363636358855 0.0 0.8181818181814831 0.4090909090903568 0.0 0.8181818181814993 0.454545454544828 0.0 0.8181818181815153 0.4999999999993043 0.0 0.8181818181815315 0.5454545454538856 0.0 0.8181818181815472 0.5909090909084718 0.0 0.8181818181815637 0.6363636363630583 0.0 0.8181818181815796 0.6818181818176443 0.0 0.8181818181815956 0.7272727272722306 0.0 0.8181818181816118 0.7727272727268166 0.0 0.8181818181816278 0.8181818181814029 0.0 0.8181818181816438 0.8636363636359892 0.0 0.81818181818166 0.9090909090906442 0.0 0.818181818181676 0.9545454545453222 0.0 0.8636363636360004 0.04545454545449309 0.0 0.8636363636359965 0.09090909090899399 0.0 0.8636363636359927 0.1363636363634915 0.0 0.8636363636359892 0.1818181818179481 0.0 0.8636363636359854 0.2272727272724048 0.0 0.8636363636359816 0.2727272727268615 0.0 0.8636363636359778 0.3181818181813182 0.0 0.8636363636359741 0.3636363636357749 0.0 0.8636363636359703 0.4090909090902316 0.0 0.8636363636359665 0.4545454545446881 0.0 0.863636363635963 0.4999999999991513 0.0 0.8636363636359594 0.5454545454537508 0.0 0.8636363636359554 0.590909090908357 0.0 0.8636363636359519 0.636363636362963 0.0 0.8636363636359481 0.681818181817569 0.0 0.8636363636359443 0.7272727272721748 0.0 0.8636363636359408 0.7727272727267809 0.0 0.8636363636359368 0.8181818181813869 0.0 0.8636363636359332 0.8636363636359927 0.0 0.8636363636359294 0.9090909090906504 0.0 0.8636363636359257 0.9545454545453254 0.0 0.909090909090663 0.04545454545448038 0.0 0.9090909090906568 0.09090909090896898 0.0 0.9090909090906504 0.136363636363454 0.0 0.909090909090644 0.1818181818178961 0.0 0.9090909090906377 0.227272727272338 0.0 0.9090909090906314 0.2727272727267801 0.0 0.9090909090906252 0.3181818181812222 0.0 0.9090909090906188 0.3636363636356642 0.0 0.9090909090906126 0.4090909090901063 0.0 0.9090909090906062 0.4545454545445483 0.0 0.9090909090906 0.4999999999989982 0.0 0.9090909090905938 0.5454545454536163 0.0 0.9090909090905873 0.590909090908242 0.0 0.9090909090905812 0.6363636363628677 0.0 0.9090909090905748 0.6818181818174935 0.0 0.9090909090905687 0.7272727272721193 0.0 0.9090909090905621 0.7727272727267451 0.0 0.9090909090905558 0.8181818181813707 0.0 0.9090909090905496 0.8636363636359965 0.0 0.9090909090905432 0.9090909090906569 0.0 0.9090909090905369 0.9545454545453285 0.0 0.9545454545453314 0.04545454545446767 0.0 0.9545454545453285 0.09090909090894395 0.0 0.9545454545453251 0.1363636363634165 0.0 0.9545454545453222 0.1818181818178439 0.0 0.9545454545453189 0.2272727272722713 0.0 0.9545454545453158 0.2727272727266987 0.0 0.9545454545453125 0.3181818181811261 0.0 0.9545454545453094 0.3636363636355535 0.0 0.9545454545453063 0.4090909090899809 0.0 0.9545454545453032 0.4545454545444084 0.0 0.9545454545453 0.4999999999988451 0.0 0.9545454545452967 0.5454545454534813 0.0 0.9545454545452938 0.5909090909081269 0.0 0.9545454545452903 0.6363636363627725 0.0 0.9545454545452872 0.681818181817418 0.0 0.9545454545452841 0.7272727272720636 0.0 0.954545454545281 0.7727272727267092 0.0 0.9545454545452778 0.8181818181813547 0.0 0.9545454545452747 0.8636363636360003 0.0 0.9545454545452716 0.909090909090663 0.0 0.9545454545452685 0.9545454545453316 0.0
</DataArray>
      </Points>
      <Cells>
        <DataArray type="Int64" Name="connectivity" NumberOfComponents="1" format="ascii">
 0 4 88 87 87 88 89 86 86 89 90 85 85 90 91 84 84 91 92 83 83 92 93 82 82 93 94 81 81 94 95 80 80 95 96 79 79 96 97 78 78 97 98 77 77 98 99 76 76 99 100 75 75 100 101 74 74 101 102 73 73 102 103 72 72 103 104 71 71 104 105 70 70 105 106 69 69 106 107 68 68 107 108 67 67 108 66 3 4 5 109 88 88 109 110 89 89 110 111 90 90 111 112 91 91 112 113 92 92 113 114 93 93 114 115 94 94 115 116 95 95 116 117 96 96 117 118 97 97 118 119 98 98 119 120 99 99 120 121 100 100 121 122 101 101 122 123 102 102 123 124 103 103 124 125 104 104 125 126 105 105 126 127 106 106 127 128 107 107 128 129 108 108 129 65 66 5 6 130 109 109 130 131 110 110 131 132 111 111 132 133 112 112 133 134 113 113 134 135 114 114 135 136 115 115 136 137 116 116 137 138 117 117 138 139 118 118 139 140 119 119 140 141 120 120 141 142 121 121 142 143 122 122 143 144 123 123 144 145 124 124 145 146 125 125 146 147 126 126 147 148 127 127 148 149 128 128 149 150 129 129 150 64 65 6 7 151 130 130 151 152 131 131 152 153 132 132 153 154 133 133 154 155 134 134 155 156 135 135 156 157 136 136 157 158 137 137 158 159 138 138 159 160 139 139 160 161 140 140 161 162 141 141 162 163 142 142 163 164 143 143 164 165 144 144 165 166 145 145 166 167 146 146 167 168 147 147 168 169 148 148 169 170 149 149 170 171 150 150 171 63 64 7 8 172 151 151 172 173 152 152 173 174 153 153 174 175 154 154 175 176 155 155 176 177 156 156 177 178 157 157 178 179 158 158 179 180 159 159 180 181 160 160 181 182 161 161 182 183 162 162 183 184 163 163 184 185 164 164 185 186 165 165 186 187 166 166 187 188 167 167 188 189 168 168 189 190 169 169 190 191 170 170 191 192 171 171 192 62 63 8 9 193 172 172 193 194 173 173 194 195 174 174 195 196 175 175 196 197 176 176 197 198 177 177 198 199 178 178 199 200 179 179 200 201 180 180 201 202 181 181 202 203 182 182 203 204 183 183 204 205 184 184 205 206 185 185 206 207 186 186 207 208 187 187 208 209 188 188 209 210 189 189 210 211 190 190 211 212 191 191 212 213 192 192 213 61 62 9 10 214 193 193 214 215 194 194 215 216 195 195 216 217 196 196 217 218 197 197 218 219 198 198 219 220 199 199 220 221 200 200 221 222 201 201 222 223 202 202 223 224 203 203 224 225 204 204 225 226 205 205 226 227 206 206 227 228 207 207 228 229 208 208 229 230 209 209 230 231 210 210 231 232 211 211 232 233 212 212 233 234 213 213 234 60 61 10 11 235 214 214 235 236 215 215 236 237 216 216 237 238 217 217 238 239 218 218 239 240 219 219 240 241 220 220 241 242 221 221 242 243 222 222 243 244 223 223 244 245 224 224 245 246 225 225 246 247 226 226 247 248 227 227 248 249 228 228 249 250 229 229 250 251 230 230 251 252 231 231 252 253 232 232 253 254 233 233 254 255 234 234 255 59 60 11 12 256 235 235 256 257 236 236 257 258 237 237 258 259 238 238 259 260 239 239 260 261 240 240 261 262 241 241 262 263 242 242 263 264 243 243 264 265 244 244 265 266 245 245 266 267 246 246 267 268 247 247 268 269 248 248 269 270 249 249 270 271 250 250 271 272 251 251 272 273 252 252 273 274 253 253 274 275 254 254 275 276 255 255 276 58 59 12 13 277 256 256 277 278 257 257 278 279 258 258 279 280 259 259 280 281 260 260 281 282 261 261 282 283 262 262 283 284 263 263 284 285 264 264 285 286 265 265 286 287 266 266 287 288 267 267 288 289 268 268 289 290 269 269 290 291 270 270 291 292 271 271 292 293 272 272 293 294 273 273 294 295 274 274 295 296 275 275 296 297 276 276 297 57 58 13 14 298 277 277 298 299 278 278 299 300 279 279 300 301 280 280 301 302 281 281 302 303 282 282 303 304 283 283 304 305 284 284 305 306 285 285 306 307 286 286 307 308 287 287 308 309 288 288 309 310 289 289 310 311 290 290 311 312 291 291 312 313 292 292 313 314 293 293 314 315 294 294 315 316 295 295 316 317 296 296 317 318 297 297 318 56 57 14 15 319 298 298 319 320 299 299 320 321 300 300 321 322 301 301 322 323 302 302 323 324 303 303 324 325 304 304 325 326 305 305 326 327 306 306 327 328 307 307 328 329 308 308 329 330 309 309 330 331 310 310 331 332 311 311 332 333 312 312 333 334 313 313 334 335 314 314 335 336 315 315 336 337 316 316 337 338 317 317 338 339 318 318 339 55 56 15 16 340 319 319 340 341 320 320 341 342 321 321 342 343 322 322 343 344 323 323 344 345 324 324 345 346 325 325 346 347 326 326 347 348 327 327 348 349 328 328 349 350 329 329 350 351 330 330 351 352 331 331 352 353 332 332 353 354 333 333 354 355 334 334 355 356 335 335 356 357 336 336 357 358 337 337 358 359 338 338 359 360 339 339 360 54 55 16 17 361 340 340 361 362 341 341 362 363 342 342 363 364 343 343 364 365 344 344 365 366 345 345 366 367 346 346 367 368 347 347 368 369 348 348 369 370 349 349 370 371 350 350 371 372 351 351 372 373 352 352 373 374 353 353 374 375 354 354 375 376 355 355 376 377 356 356 377 378 357 357 378 379 358 358 379 380 359 359 380 381 360 360 381 53 54 17 18 382 361 361 382 383 362 362 383 384 363 363 384 385 364 364 385 386 365 365 386 387 366 366 387 388 367 367 388 389 368 368 389 390 369 369 390 391 370 370 391 392 371 371 392 393 372 372 393 394 373 373 394 395 374 374 395 396 375 375 396 397 376 376 397 398 377 377 398 399 378 378 399 400 379 379 400 401 380 380 401 402 381 381 402 52 53 18 19 403 382 382 403 404 383 383 404 405 384 384 405 406 385 385 406 407 386 386 407 408 387 387 408 409 388 388 409 410 389 389 410 411 390 390 411 412 391 391 412 413 392 392 413 414 393 393 414 415 394 394 415 416 395 395 416 417 396 396 417 418 397 397 418 419 398 398 419 420 399 399 420 421 400 400 421 422 401 401 422 423 402 402 423 51 52 19 20 424 403 403 424 425 404 404 425 426 405 405 426 427 406 406 427 428 407 407 428 429 408 408 429 430 409 409 430 431 410 410 431 432 411 411 432 433 412 412 433 434 413 413 434 435 414 414 435 436 415 415 436 437 416 416 437 438 417 417 438 439 418 418 439 440 419 419 440 441 420 420 441 442 421 421 442 443 422 422 443 444 423 423 444 50 51 20 21 445 424 424 445 446 425 425 446 447 426 426 447 448 427 427 448 449 428 428 449 450 429 429 450 451 430 430 451 452 431 431 452 453 432 432 453 454 433 433 454 455 434 434 455 456 435 435 456 457 436 436 457 458 437 437 458 459 438 438 459 460 439 439 460 461 440 440 461 462 441 441 462 463 442 442 463 464 443 443 464 465 444 444 465 49 50 21 22 466 445 445 466 467 446 446 467 468 447 447 468 469 448 448 469 470 449 449 470 471 450 450 471 472 451 451 472 473 452 452 473 474 453 453 474 475 454 454 475 476 455 455 476 477 456 456 477 478 457 457 478 479 458 458 479 480 459 459 480 481 460 460 481 482 461 461 482 483 462 462 483 484 463 463 484 485 464 464 485 486 465 465 486 48 49 22 23 487 466 466 487 488 467 467 488 489 468 468 489 490 469 469 490 491 470 470 491 492 471 471 492 493 472 472 493 494 473 473 494 495 474 474 495 496 475 475 496 497 476 476 497 498 477 477 498 499 478 478 499 500 479 479 500 501 480 480 501 502 481 481 502 503 482 482 503 504 483 483 504 505 484 484 505 506 485 485 506 507 486 486 507 47 48 23 24 508 487 487 508 509 488 488 509 510 489 489 510 511 490 490 511 512 491 491 512 513 492 492 513 514 493 493 514 515 494 494 515 516 495 495 516 517 496 496 517 518 497 497 518 519 498 498 519 520 499 499 520 521 500 500 521 522 501 501 522 523 502 502 523 524 503 503 524 525 504 504 525 526 505 505 526 527 506 506 527 528 507 507 528 46 47 24 1 25 508 508 25 26 509 509 26 27 510 510 27 28 511 511 28 29 512 512 29 30 513 513 30 31 514 514 31 32 515 515 32 33 516 516 33 34 517 517 34 35 518 518 35 36 519 519 36 37 520 520 37 38 521 521 38 39 522 522 39 40 523 523 40 41 524 524 41 42 525 525 42 43 526 526 43 44 527 527 44 45 528 528 45 2 46
</DataArray>
        <DataArray type="Int64" Name="offsets" NumberOfComponents="1" format="ascii">
 4 8 12 16 20 24 28 32 36 40 44 48 52 56 60 64 68 72 76 80 84 88 92 96 100 104 108 112 116 120 124 128 132 136 140 144 148 152 156 160 164 168 172 176 180 184 188 192 196 200 204 208 212 216 220 224 228 232 236 240 244 248 252 256 260 264 268 272 276 280 284 288 292 296 300 304 308 312 316 320 324 328 332 336 340 344 348 352 356 360 364 368 372 376 380 384 388 392 396 400 404 408 412 416 420 424 428 432 436 440 444 448 452 456 460 464 468 472 476 480 484 488 492 496 500 504 508 512 516 520 524 528 532 536 540 544 548 552 556 560 564 568 572 576 580 584 588 592 596 600 604 608 612 616 620 624 628 632 636 640 644 648 652 656 660 664 668 672 676 680 684 688 692 696 700 704 708 712 716 720 724 728 732 736 740 744 748 752 756 760 764 768 772 776 780 784 788 792 796 800 804 808 812 816 820 824 828 832 836 840 844 848 852 856 860 864 868 872 876 880 884 888 892 896 900 904 908 912 916 920 924 928 932 936 940 944 948 952 956 960 964 968 972 976 980 984 988 992 996 1000 1004 1008 1012 1016 1020 1024 1028 1032 1036 1040 1044 1048 1052 1056 1060 1064 1068 1072 1076 1080 1084 1088 1092 1096 1100 1104 1108 1112 1116 1120 1124 1128 1132 1136 1140 1144 1148 1152 1156 1160 1164 1168 1172 1176 1180 1184 1188 1192 1196 1200 1204 1208 1212 1216 1220 1224 1228 1232 1236 1240 1244 1248 1252 1256 1260 1264 1268 1272 1276 1280 1284 1288 1292 1296 1300 1304 1308 1312 1316 1320 1324 1328 1332 1336 1340 1344 1348 1352 1356 1360 1364 1368 1372 1376 1380 1384 1388 1392 1396 1400 1404 1408 1412 1416 1420 1424 1428 1432 1436 1440 1444 1448 1452 1456 1460 1464 1468 1472 1476 1480 1484 1488 1492 1496 1500 1504 1508 1512 1516 1520 1524 1528 1532 1536 1540 1544 1548 1552 1556 1560 1564 1568 1572 1576 1580 1584 1588 1592 1596 1600 1604 1608 1612 1616 1620 1624 1628 1632 1636 1640 1644 1648 1652 1656 1660 1664 1668 1672 1676 1680 1684 1688 1692 1696 1700 1704 1708 1712 1716 1720 1724 1728 1732 1736 1740 1744 1748 1752 1756 1760 1764 1768 1772 1776 1780 1784 1788 1792 1796 1800 1804 1808 1812 1816 1820 1824 1828 1832 1836 1840 1844 1848 1852 1856 1860 1864 1868 1872 1876 1880 1884 1888 1892 1896 1900 1904 1908 1912 1916 1920 1924 1928 1932 1936
</DataArray>
        <DataArray type="UInt8" Name="types" NumberOfComponents="1" format="ascii">
 9 9 9 9 9 9 9 9 9 9 9 9 9 9 9 9 9 9 9 9 9 9 9 9 9 9 9 9 9 9 9 9 9 9 9 9 9 9 9 9 9 9 9 9 9 9 9 9 9 9 9 9 9 9 9 9 9 9 9 9 9 9 9 9 9 9 9 9 9 9 9 9 9 9 9 9 9 9 9 9 9 9 9 9 9 9 9 9 9 9 9 9 9 9 9 9 9 9 9 9 9 9 9 9 9 9 9 9 9 9 9 9 9 9 9 9 9 9 9 9 9 9 9 9 9 9 9 9 9 9 9 9 9 9 9 9 9 9 9 9 9 9 9 9 9 9 9 9 9 9 9 9 9 9 9 9 9 9 9 9 9 9 9 9 9 9 9 9 9 9 9 9 9 9 9 9 9 9 9 9 9 9 9 9 9 9 9 9 9 9 9 9 9 9 9 9 9 9 9 9 9 9 9 9 9 9 9 9 9 9 9 9 9 9 9 9 9 9 9 9 9 9 9 9 9 9 9 9 9 9 9 9 9 9 9 9 9 9 9 9 9 9 9 9 9 9 9 9 9 9 9 9 9 9 9 9 9 9 9 9 9 9 9 9 9 9 9 9 9 9 9 9 9 9 9 9 9 9 9 9 9 9 9 9 9 9 9 9 9 9 9 9 9 9 9 9 9 9 9 9 9 9 9 9 9 9 9 9 9 9 9 9 9 9 9 9 9 9 9 9 9 9 9 9 9 9 9 9 9 9 9 9 9 9 9 9 9 9 9 9 9 9 9 9 9 9 9 9 9 9 9 9 9 9 9 9 9 9 9 9 9 9 9 9 9 9 9 9 9 9 9 9 9 9 9 9 9 9 9 9 9 9 9 9 9 9 9 9 9 9 9 9 9 9 9 9 9 9 9 9 9 9 9 9 9 9 9 9 9 9 9 9 9 9 9 9 9 9 9 9 9 9 9 9 9 9 9 9 9 9 9 9 9 9 9 9 9 9 9 9 9 9 9 9 9 9 9 9 9 9 9 9 9 9 9 9 9 9 9 9 9 9 9 9 9 9 9 9 9 9 9 9 9 9 9 9 9 9 9 9 9 9 9 9
</DataArray>
      </Cells>
      <PointData>
        <DataArray type="Float64" Name="Mode_1_w" NumberOfComponents="1" format="ascii">
 0.0007292189256693099 0.000868612794468652 0.0007292183226297338 0.0008686144737800768 0.0007747547822893978 -0.0005272846538717421 0.0004903516445542373 -0.00029207208212255956 0.00036755402925028234 -0.00016152714393426974 0.00030585399074646255 -8.274009592054487e-5 0.00026642717032075773 -3.5735008615804775e-5 0.00023605455744383884 -3.2576462160800335e-6 0.0002042257673011959 1.0493146448374736e-5 0.0001628253716902727 3.382408954981626e-5 8.623760057188429e-5 9.902480693201768e-5 -8.972112826002274e-5 0.00030202757319244784 -0.0003103868908379041 -0.00031038542777689707 0.0003020241531400493 -8.971627678362002e-5 9.90194977452407e-5 8.62414650821135e-5 3.382147537929365e-5 0.00016282586042349275 1.0495235298729577e-5 0.00020422568438343053 -3.2581982865389306e-6 0.00023605513973767227 -3.573634053650803e-5 0.0002664237886182948 -8.2739549133431e-5 0.0003058534446637554 -0.00016152805587540177 0.00036755442289609523 -0.00029207158406886714 0.0004903508249328912 -0.0005272834048664667 0.0007747533550311091 0.0007747533659277818 -0.0005272834189781582 0.000490351513391523 -0.0002920706939340032 0.00036755128318133985 -0.0001615247869298572 0.0003058504716586737 -8.273798731184865e-5 0.0002664203948590273 -3.5732481749576133e-5 0.0002360513800668613 -3.2554476784313716e-6 0.00020422464906903761 1.0496610756347953e-5 0.00016282428656887442 3.382227731998305e-5 8.624134570913167e-5 9.901989450289448e-5 -8.971639713868207e-5 0.0003020252822900321 -0.0003103854246329203 -0.0003103866836258321 0.0003020277944402884 -8.972148944262222e-5 9.902748332189372e-5 8.623474006821869e-5 3.382780542118947e-5 0.00016282156081340687 1.0496957315302887e-5 0.0002042229650536344 -3.2558485501237307e-6 0.00023605476681293476 -3.573499619026414e-5 0.00026642606210809753 -8.273874691901338e-5 0.00030585454987562994 -0.0001615282727126409 0.00036755550607014433 -0.0002920717055641164 0.0004903502468740642 -0.0005272825215614771 0.0007747537584309696 1.5449905436353315 2.658996306544828 4.050553196293831 5.046300203671064 6.1873534928517575 6.9866223982189695 7.822010175085975 8.340680964715819 8.82329223490646 9.009101557656487 9.119811526452406 8.953928383451743 8.687485379042744 8.17102886564821 7.556276260251913 6.732792394861484 5.8129063621481105 4.750498003839387 3.5809241599248853 2.412873216030122 0.9532706059930888 2.658994940078046 4.97655920280213 7.555085013754639 9.685151024447231 11.861895088209438 13.574796630308478 15.207510194403307 16.35501437097447 17.327139281678726 17.80027213539584 18.037503892904347 17.802434271887 17.3065473634313 16.38139892807269 15.169433922221241 13.647548748533161 11.79304957768846 9.843842346281551 7.396935417472544 5.278670442791981 2.4128728292342654 4.050552059855015 7.555083280094367 11.26713624165295 14.425195735339926 17.57037899821328 20.09060055378442 22.427745350153565 24.09862019804415 25.46670087074271 26.16911887040072 26.47226903192534 26.133319674853468 25.32256829397035 24.008249893630804 22.128761578257382 19.971497165240283 17.10872270314272 14.336041683583263 10.73291149617374 7.396935719613023 3.580924566778424 5.046297846660169 9.685148622855728 14.425193376781623 18.602973719543755 22.6431421724565 26.01079994580327 29.039348106653794 31.31860702871391 33.07852596360845 34.07233492708031 34.422094448246995 34.112028255819055 32.998362706348665 31.412025805836954 28.89359710680775 26.19197655555576 22.496034907257226 18.76258503425975 14.336040549913566 9.843838473185109 4.750495335872465 6.187350139059697 11.861891405748764 17.570376941063145 22.643140348789668 27.47461947203963 31.541780075241963 35.11546958748824 37.87204730731734 39.92831936403437 41.1963080859661 41.52089129412951 41.183445994425334 39.76470309326651 37.870120002193495 34.84113106550419 31.435799182668752 27.14970158412584 22.49603643868323 17.108726228250042 11.793051206242406 5.81290686331617 6.98661937178084 13.574790824819146 20.090594024511446 26.010798635725358 31.54177192608943 36.3445901676003 40.448520899977595 43.74583595870938 46.04112713066989 47.58144078097368 47.945758653703265 47.60850158499268 46.00899376084163 43.75048143607296 40.40518658737143 36.408764858376855 31.435803519423402 26.19197817018984 19.971498815548035 13.647548469166408 6.7327911795676405 7.822006341796202 15.207506459257125 22.427736920246026 29.03934335662674 35.11546968273458 40.44851445274367 44.90883777885472 48.59186760280432 51.141535511711545 52.83050318361088 53.240952331743166 52.77801582659161 51.097200972775084 48.51671815862041 44.75424532114524 40.40518766820639 34.84113828372364 28.893604323502668 22.128767735338702 15.169438903754118 7.556277306105251 8.340676141307636 16.355007653018887 24.09861340895243 31.31859254747081 37.87204010395391 43.745834761698866 48.591865132836304 52.57496814201754 55.33692089340468 57.1590184392995 57.67767338726312 57.166321803496125 55.30218831252283 52.62893336745367 48.51672292798635 43.75048717117225 37.870124384116544 31.412030658362685 24.008251919010135 16.38139918807759 8.171029785283489 8.823287761734754 17.327128967733287 25.466692648138498 33.07851828670163 39.92830871501867 46.04112032618182 51.14153534658756 55.3369187969126 58.27640629194178 60.15704258129583 60.65177963886039 60.19552363455535 58.18883827136408 55.30218592349877 51.09719931005033 46.00899876862952 39.76470939563353 32.99836588856058 25.32257208017148 17.30654605304398 8.687484696274637 9.009096265939604 17.800263263118683 26.16910214957616 34.07232001804876 41.19629779712448 47.58143157357341 52.83049843835689 57.159018119449286 60.15704282939684 62.205635289442405 62.66946251628765 62.160552774215816 60.19551652729717 57.166316938214976 52.77801262953132 47.60849767059996 41.18344291001547 34.11202100663433 26.133310174825855 17.802425161266587 8.953923376193796 9.119804949213242 18.03749229199909 26.472256856045593 34.422076697027784 41.52087709292379 47.94574944368117 53.24094472247137 57.677669782372504 60.65177825925079 62.6694648533241 63.24132325252125 62.669454987200545 60.65176418626511 57.677652235548805 53.2409370988173 47.94574653532466 41.52087982149192 34.42208110317009 26.47225465445918 18.037487851002133 9.119801624115643 8.953920716457306 17.802419426154977 26.13329959857251 34.11200900473194 41.18342538460669 47.608488437422146 52.778008175075534 57.16631964749038 60.19552358916171 62.16055192504829 62.669457000809246 62.20561760128407 60.15702264424469 57.158996621955716 52.83047697375525 47.58141874097282 41.19628228141669 34.072308750002556 26.169089752909848 17.800248122249723 9.00908868588706 8.6874784618723 17.306533920654942 25.322548918563406 32.99834043514595 39.76468311742725 46.008975680785746 51.097189582621255 55.302178913260406 58.188839538060186 60.19551796785794 60.65176657734808 60.15702205010535 58.276376490815515 55.33689430433224 51.14150912276965 46.04110023749516 39.928292005079626 33.07849637464577 25.466674877452636 17.327110368596067 8.823274955098588 8.171020307615947 16.381382915729134 24.008228614461387 31.41200143794275 37.870096337319985 43.75046076613095 48.51670674707293 52.62892339533241 55.30218071939329 57.16631578241396 57.67765485793643 57.1589988610071 55.33689559509416 52.5749409972642 48.591841577022464 43.74580669095047 37.87201788187455 31.31856933667515 24.098587488645286 16.354988559900274 8.340664217756618 7.556269105630875 15.16941900041414 22.12874163086519 28.893571114353737 34.84110899438616 40.405162687161 44.75422816223466 48.51671099659409 51.09719251734231 52.778009438248446 53.24093668509689 52.83047904961161 51.14151247227102 48.5918417211164 44.90881678965767 40.44849257350294 35.1154438476082 29.039320087186248 22.427715818635992 15.207484411264822 7.821994669842087 6.73278387409836 13.647532186363938 19.971476865019138 26.1919509419933 31.435775645390574 36.40874491123676 40.40516789511954 43.750471716530015 46.00898526398159 47.60849133756883 47.945746922099204 47.581421644660026 46.04110776461145 43.74581273301148 40.44849800574055 36.344570205262706 31.5417521898133 26.010774498799208 20.090575080224646 13.574775804480321 6.986610468908261 5.81289921637917 11.793035093517183 17.108703288959223 22.496012851065174 27.149676689307803 31.43578031500956 34.84111833587417 37.870107288199016 39.76469670611425 41.183432379676795 41.52087758762821 41.19628585771351 39.928299703585395 37.87202624340184 35.115448995288354 31.541757139638968 27.474601831052016 22.643122668605947 17.570361669673307 11.861877306249205 6.187342403580043 4.750490129790416 9.843828044433833 14.336023373883426 18.762565785511605 22.496017079648187 26.19195664756357 28.893583562350102 31.41201143052152 32.998351785249625 34.11201145069552 34.42207909290197 34.07231365265955 33.078504220405435 31.31858123065543 29.039329023168982 26.01077854460454 22.643126122133815 18.602957985737863 14.425184042715564 9.68514187479077 5.046293248246524 3.580918049244585 7.396923702214603 10.732897755543112 14.336022190364819 17.10870867312369 19.971480435838206 22.12875057838375 24.008236018160193 25.32255863240406 26.13330144148952 26.472249732152243 26.16909340269291 25.46668099499764 24.098593729041877 22.42772536813955 20.090581116956717 17.570365710706113 14.425184476950395 11.26712647234267 7.555077637604021 4.050549296470746 2.4128690935603756 5.2786611859775245 7.396925035166473 9.843826889572824 11.793038008094616 13.647535541492122 15.169425418711597 16.381387629755334 17.30653623123534 17.802419048374748 18.037485714782655 17.800249893692662 17.32711838569321 16.354993935277292 15.20749152401439 13.574780414040953 11.861882218550626 9.685143904136234 7.5550791138664986 4.976555080623647 2.658993338705217 0.9532685880505469 2.412868264263502 3.5809191226745978 4.750489116651439 5.812900621030904 6.732784890823373 7.556271767537413 8.171023738541503 8.687479606005068 8.953919264773592 9.119800772912955 9.009088529851695 8.82327825346727 8.340667963213917 7.821998823420003 6.986612742247595 6.187345399145378 5.046294557991195 4.05054955523323 2.6589934074369688 1.5449891178505162
</DataArray>
        <DataArray type="Float64" Name="Mode_2_w" NumberOfComponents="1" format="ascii">
 9.780554084548537e-8 -0.0024563535811059473 -9.691362628693569e-8 0.0024563523447690386 5.071573537011676e-5 5.9227744727874435e-5 0.00014205161501343596 7.902744312265813e-5 0.00016535145245561198 3.00452513071325e-5 0.00011269382371132347 -8.937321058277593e-5 -8.94701991213752e-6 -0.0002581684822830438 -0.00015210328271540271 -0.00041387936564346047 -0.00027424439871615974 -0.0005481819986687689 -0.0003130577196937873 -0.0006107489040400557 -0.00019570806444131313 -0.0007376350572352046 0.00030098649053463016 -0.001146118502041931 0.0008925876588159978 0.0008925894241518433 -0.0011461116456005138 0.0003009962720689254 -0.000737620682061562 -0.00019570306447710235 -0.0006107294481128326 -0.0003130677657813077 -0.0005481696421034826 -0.000274268433610515 -0.00041387693477130385 -0.00015214899724139602 -0.0002581723608465654 -9.01381479760577e-6 -8.937377187144537e-5 0.00011260334345470949 3.0061828059204314e-5 0.00016523735875399756 7.908380895357684e-5 0.00014190306478409828 5.935670758409739e-5 5.0497553464519333e-5 -5.071466067054541e-5 -5.923056558084477e-5 -0.00014204881843134196 -7.903009653725617e-5 -0.00016535025497749908 -3.0045976549079812e-5 -0.00011269276541269483 8.937405930209511e-5 8.949400849423474e-6 0.00025816855536331726 0.0001521056405617693 0.00041388524676168483 0.0002742404412212177 0.000548185926571956 0.00031306123295686084 0.0006107432342008744 0.00019571402136234935 0.0007376316558350896 -0.00030098785860514825 0.0011461191521025087 -0.0008925879904105777 -0.0008925899101247028 0.0011461154013723907 -0.00030100015861749555 0.0007376246103078176 0.00019570339039565274 0.0006107244179365717 0.0003130699220293766 0.0005481650158761873 0.00027426367465868044 0.0004138786588973191 0.00015214604939098845 0.0002581705487497405 9.01562161947218e-6 8.937193052443648e-5 -0.00011260103928952654 -3.0061470217699846e-5 -0.00016523546213422147 -7.908439313556271e-5 -0.00014190326483562264 -5.935404107867218e-5 -5.049819240259168e-5 0.00020993320987041552 0.11908392022998844 0.4393943044879794 1.0814918796326165 2.0408307085136905 3.3909081357273125 5.025706911723998 6.964873331011114 9.004812360340463 11.116831631033143 13.030640538642912 14.726137876700648 15.933182502782111 16.66262139110437 16.657931493051155 16.034250913394974 14.593989172763514 12.591383207746894 9.760707432964512 6.817863722276895 2.7047715837850657 -0.11837360952495019 0.0006552503392583348 0.4448792316718115 1.5471557069274655 3.226968494559631 5.72510158616698 8.762285318085347 12.466116497112933 16.383144715460286 20.559782954629547 24.39651936128975 27.899973896628516 30.42552781057823 32.1439288822397 32.367201001485405 31.551880520177903 28.83284425404383 25.490999582251156 19.786451554678045 14.635486380548974 6.81785810342317 -0.43834481538459225 -0.4429478110253665 0.0013926172886919372 1.4887392031782491 3.7968619411767044 7.376310205348947 11.729236231615154 17.117907055157154 22.75580413740083 28.786312191269023 34.25079645157084 39.378762414438114 42.96254536008834 45.549383065015604 45.66293113573744 44.76145139966147 40.56084798211258 35.934873940060925 27.865096439137798 19.78641114152929 9.760681900190669 -1.0802387097580906 -1.544771146078993 -1.4853044724960949 0.0021334468212332674 2.524009005494442 6.784253205774683 12.026969968289139 18.765618725394678 25.872866651354983 33.7671101257221 40.820333402426215 47.714053642066425 52.40055822304923 56.321099427628106 56.64806788299419 55.95875301390026 51.18330231332578 45.1600695171219 35.9347607723371 25.490866384549705 12.591311513546794 -2.039367999101341 -3.224192326962594 -3.792895594761044 -2.51909723954354 0.002810577260414904 4.785348907986194 10.737431809969115 18.66015111096331 26.835456885296942 36.2127142883898 44.45754537639575 52.918433212286224 58.48726669651701 63.26416446205436 64.15246546347865 63.16593892815059 58.33635142806232 51.183067012315156 40.56053144857084 28.8325628014528 14.59384482081263 -3.3893580964106493 -5.722110859856051 -7.372047336306828 -6.778960215417446 -4.779323126456478 0.0032300905650293095 6.090760499830787 14.831576483490332 23.92223485298069 34.7230481514195 44.17581408484043 53.973166509976146 61.04275026248612 66.62838374111513 68.6172630930796 67.96393819224332 63.16554092542787 55.958152366354945 44.76083675381314 31.551374119466768 16.034000390575798 -5.024095747835797 -8.759176539533021 -11.724838696961953 -12.021522595521422 -10.73128280863235 -6.084216909382235 0.003273360999391489 9.118098859678186 18.683420847359027 30.194441853832764 40.84491428372117 51.35229729675354 59.58582310835509 65.97739516380099 68.63522471710753 68.6166774321225 64.15152093346133 56.64696993847338 45.66193228644309 32.36641985078562 16.65753565195957 -6.9633056606796435 -12.463053651849316 -17.113592530417183 -18.760276112144048 -18.654158321409394 -14.825234077925012 -9.111819593930488 0.0029425246484849933 10.217101380108634 22.125272930636427 33.782715691742794 45.34580297515296 54.64535578458562 62.19630228428196 65.97660983304858 66.62702726123315 63.26253100324988 56.31939761344165 45.54789235355332 32.14281297366742 16.66206438945142 -9.003317416463624 -16.38022430514317 -22.751715995801945 -25.867837583452513 -26.82986906943069 -23.916422344244474 -18.677744385624745 -10.21188879949322 0.0021982540893471713 12.168471870987483 24.18846472140694 36.31088109869278 46.482746698411525 54.64438334434817 59.58411189039253 61.040516797773655 58.48483014527723 52.398188103276226 42.960528636920145 30.424027659773177 15.932428672001993 -11.115483754517758 -20.557127952334046 -28.782612643612932 -33.762586220323655 -36.20772900885525 -34.71792119590616 -30.18960815952703 -22.120964836661102 -12.165035561301623 0.0011840903737845943 12.593473727304502 25.130481057619974 36.30977522266208 45.34373394331972 51.349532860577376 53.96997904856049 52.915147580704996 47.71094470462801 39.376186093023264 27.898095864435703 14.725192380277084 -13.029455392170746 -24.39418964486749 -34.247575154849656 -40.816430966220366 -44.45335512244754 -44.171579113716334 -40.841046508786505 -33.77951598502531 -24.186173014009924 -12.592280208251323 -6.718826211405821e-6 12.592274499595169 24.186187002181047 33.77954400245954 40.84110816409365 44.1716628729017 44.45343546988577 40.816535616904076 34.2476665886958 24.394255967051066 13.029494979955723 -14.725153794434126 -27.898023785594834 -39.37610909723355 -47.71084879378207 -52.91505882098587 -53.96991768696466 -51.349485358393636 -45.34371253774858 -36.30978137743752 -25.13049236937012 -12.593487511593718 -0.001195231582680064 12.165042787988911 22.12100165586818 30.189650106768237 34.718006036584235 36.20782025006787 33.762671760665306 28.78270345403613 20.557196588151655 11.115520786542834 -15.93239744765956 -30.423963508289273 -42.96044859502403 -52.39811621973238 -58.48476099682079 -61.04046460847805 -59.58409122785412 -54.64438168143419 -46.48277045748753 -36.31092048820686 -24.188499633373308 -12.168486117816308 -0.0022096263725231565 10.211919777174705 18.677792782414027 23.91647550726146 26.829955703362057 25.867922254830734 22.751791700559153 16.380286420756534 9.003352213911118 -16.662037045807615 -32.142766404658005 -45.54783237878156 -56.319335226436294 -63.26249470376265 -66.62700641244585 -65.97662038470231 -62.19633829257703 -54.64541120802464 -45.34585635432143 -33.78278300300531 -22.125309397850494 -10.217117540470124 -0.0029487036544681307 9.111860248147348 14.825283755275473 18.654216039113052 18.76034765161144 17.113660155549727 12.463106177536472 6.963335874893387 -16.657515204655255 -32.366380962849085 -45.661897150214855 -56.64693630287723 -64.1515040286654 -68.61668830654276 -68.63526544150179 -65.97745927380242 -59.585917238143765 -51.35238644043236 -40.844989263337744 -30.194517393845206 -18.683447710668464 -9.11811090558152 -0.0032687366670341566 6.084253860796862 10.731329320981974 12.021574969739001 11.724891373620522 8.759218354270109 5.024120201833219 -16.033989904454934 -31.551353487420716 -44.76081830811352 -55.95814796159094 -63.16555894717399 -67.96397722661533 -68.61733941563321 -66.62847884169874 -61.04285671104588 -53.9732932169817 -44.17591104239215 -34.72312891355417 -23.922298933156128 -14.83159616603475 -6.090763104580937 -0.0032162304010344297 4.779354243211891 6.7789983238383185 7.372088722200884 5.722143392589807 3.3893766029773085 -14.593838271951025 -28.832556485462717 -40.56053424790134 -51.18307987895975 -58.3363890303326 -63.16600329605664 -64.15255185640913 -63.264289394461706 -58.48738724079656 -52.918559032594054 -44.4576687333174 -36.212800618721 -26.83552266196685 -18.660195357921804 -10.73744423575581 -4.7853444332531865 -0.0027924871669102076 2.5191214332216196 3.79292170745873 3.224216179806043 2.039381578745837 -12.59131216401377 -25.49086753181851 -35.93477667572588 -45.16010384075913 -51.18335146152638 -55.95883809547641 -56.648169354055305 -56.32121930646514 -52.400697859543754 -47.71417658536255 -40.82045006408247 -33.767208963692724 -25.872930962643565 -18.765659587195294 -12.02699143345428 -6.784256816840252 -2.5240009731830426 -0.002117418031408683 1.485321916080471 1.5447857879212612 1.0802475000652112 -9.760685473925491 -19.7864208310342 -27.865111792709712 -35.93491035546242 -40.560899865753655 -44.761524143190854 -45.66303568115331 -45.54949189089512 -42.96266292208947 -39.378881158573044 -34.25089563373983 -28.78639781244 -22.75586924645071 -17.117948151147445 -11.729257793177519 -7.3763182505705736 -3.7968603810882637 -1.4887325819786734 -0.0013828612425355231 0.44295739119623784 0.4383512633930574 -6.81786090151289 -14.63549663516496 -19.786469779693878 -25.49102678629237 -28.832892991161557 -31.551940430468335 -32.36727986346862 -32.144020719758636 -30.42561626532386 -27.900060847083267 -24.39659797392 -20.55984408756849 -16.383190351660915 -12.466146856376344 -8.762301404968083 -5.725108425915938 -3.2269687539183094 -1.5471528803417542 -0.44487325675076533 -0.0006508551667137177 0.11837622197303717 -2.704773040773067 -6.817867636019241 -9.760717346380668 -12.591397368368472 -14.594012781687498 -16.034285154489336 -16.65797195480148 -16.662669599305897 -15.933232364711442 -14.72618349361643 -13.030682598885935 -11.116866572831082 -9.004837684496584 -6.964891002775405 -5.025716233263152 -3.3909120273292044 -2.0408310809443044 -1.081490885665942 -0.43939179583522153 -0.11908021636884467 -0.00020845868670444959
</DataArray>
        <DataArray type="Float64" Name="Mode_3_w" NumberOfComponents="1" format="ascii">
 0.0020558188360299988 1.1668609583336842e-7 -0.002055816973805534 -1.1631847581664844e-7 0.0023004564047656583 -0.0013304903924003335 0.0015349231845245416 -0.0005532200831254308 0.0011947021281740753 -0.00016262051354664183 0.0009533229127844571 -4.39037757432125e-6 0.0007131840092983188 8.708997281570856e-6 0.0004608188544046439 -5.217901907624311e-5 0.00022215386080136365 -0.00012552691521660608 3.5020879243929976e-5 -0.00016251250322395512 -7.24222259559277e-5 -0.00013981823243828682 -8.97492928747823e-5 -6.846595661382249e-5 -1.6102705485669506e-5 1.6016923860652318e-5 6.857585375002246e-5 8.972383744011977e-5 0.0001398860585414234 7.244084412902681e-5 0.00016256912057454993 -3.498925266501141e-5 0.0001255766857311387 -0.00022212686977688277 5.221712970828266e-5 -0.0004608027617230388 -8.68794360645255e-6 -0.0007131813911379269 4.394418515289568e-6 -0.0009533303436393543 0.00016261667519129602 -0.0011947183759224273 0.0005532168605269386 -0.0015349378964509643 0.0013304856339982297 -0.0023004602259463314 -0.002300454379632028 0.0013304900266929754 -0.0015349230403319562 0.0005532215873082847 -0.0011947031349779334 0.00016261994851062464 -0.000953319195673124 4.385706633474351e-6 -0.0007131829715183354 -8.70992313223975e-6 -0.0004608183724671783 5.2180114869892846e-5 -0.00022215600883693825 0.00012552724163104488 -3.502174048780243e-5 0.00016251213452465603 7.242180905255869e-5 0.00013981666523501472 8.975052336848202e-5 6.846870099386241e-5 1.6101579918872316e-5 -1.6017836950870218e-5 -6.857369241071958e-5 -8.972313570718585e-5 -0.00013988562527707157 -7.244109408714795e-5 -0.000162570275984835 3.499239925835784e-5 -0.00012558131001206348 0.00022213028869447814 -5.22190177367381e-5 0.0004608037568754475 8.685629880640463e-6 0.0007131823837479018 -4.395598810601374e-6 0.0009533311205812105 -0.00016261791078790554 0.0011947197475358046 -0.0005532134539043967 0.0015349362258368722 -0.001330483655385165 0.0023004604365009073 4.4205110378935055 7.465337656236018 11.029792844067256 13.186569990297286 15.360194932241939 16.25799254754535 16.881284985799404 16.42901158468829 15.66751216525373 14.133095167662521 12.438565858635783 10.339223143757138 8.311910899061408 6.236466179541925 4.445247260424523 2.867916051160956 1.6817497819179836 0.8191038814670515 0.30819887976116106 0.06437268122384907 -0.00012811171389710794 7.465348498186628 13.794992421842048 20.30591197213847 25.08087618800657 29.17195428169528 31.399740219600698 32.601669509073936 32.086941464025976 30.605464910457137 27.853296582994197 24.504067429253755 20.5252936307096 16.466764097974448 12.43690839822754 8.800693844631171 5.691046200898399 3.2451887657135994 1.5307073057797176 0.46962752694133886 -0.0006949230328263208 -0.06501822959680362 11.029834676225224 20.30595354919653 29.297232294167596 36.10647675872179 41.66373475783321 44.73831754960956 46.14863207545309 45.272865717475504 42.870196642624116 38.823056523950484 33.818491413830436 28.082229498006633 22.163684998966904 16.444474913496904 11.250144199954155 6.934057993281496 3.5598588660315658 1.2954730986330316 -0.0013269236898400627 -0.4715121010220568 -0.3091264939268166 13.18667265732172 25.08102380268062 36.106616797440836 44.847870151743656 51.61198226354449 55.604071019291254 57.14406249138987 56.06348429470992 52.76663509970009 47.60185008146464 41.023152127850466 33.703074014263635 26.035699066337404 18.777608473501253 12.162356691892018 6.776325743949871 2.654785403569261 -0.0021601741871819617 -1.298901933293154 -1.5331362245847011 -0.8203028576560438 15.360387317760296 29.17226121532725 41.66409784150595 51.61222062079686 59.017594763052124 63.32295229288681 64.60002024883579 62.9679362707723 58.65113615914479 52.31567425163213 44.298278006309275 35.57718067636772 26.501916951700796 18.043757045861962 10.461516230081685 4.40635204403023 -0.0027923872695089056 -2.659682792883995 -3.5637366505467813 -3.247942515307417 -1.6831418634540858 16.258313772736514 31.400281204723573 44.73901702897833 55.60471893894682 63.323403578858645 67.85250209860962 68.74208856739834 66.58802340421556 61.261994460684654 53.855024549848686 44.52146185658278 34.55017241193189 24.2618651913217 14.79156620569408 6.484934621580969 -0.0032595046551966963 -4.412408054572267 -6.781683100253703 -6.938339426275508 -5.69405961108792 -2.8694466781137278 16.881761257660152 32.602500924897974 46.149742273173075 57.14520487172157 64.60104161675129 68.74266917816381 68.90766149643294 65.92832401033166 59.573354765146036 51.103425564846034 40.69428764612041 29.727765362162504 18.638716282921727 8.559683792907403 -0.0032937073381714907 -6.491512312373976 -10.467665020410145 -12.167779948614658 -11.25451438064263 -8.803787910136398 -4.446838081898786 16.429669416443794 32.08812251920612 45.27448973622185 56.06526383144194 62.96970820079492 66.58943158225792 65.92919615012264 62.105560276413705 54.74793599274824 45.301603852496434 33.95110160423972 22.154887018812513 10.467451838451007 -0.0029813699488422224 -8.566016016167886 -14.797955159232945 -18.04981845837552 -18.782997615665856 -16.44882650707786 -12.439980016264258 -6.2380578537645555 15.66836393502878 30.60701470774456 42.87235373564545 52.76909008145746 58.65369011540727 61.26426994207126 59.57513396512636 54.748911893572476 46.47295152858354 36.17524014514952 24.18016851076853 11.875612151109138 -0.0022317433462704164 -10.472693999590385 -18.644426413687352 -24.2677125819196 -26.507513049835225 -26.04071155862318 -22.167790096677063 -16.469668471042695 -8.313431341472766 14.13414753077473 27.85524436787843 38.825786230891794 47.605053211277294 52.319113545440096 53.85833255983451 51.10630328616596 45.303714491050314 36.17639968667279 25.141573509224624 12.648968788445307 -0.001204716172015449 -11.879088675582128 -22.15923229893312 -29.732682114831608 -34.55533587148444 -35.582233571437705 -33.70762473172804 -28.08598477408721 -20.52795494756391 -10.340626790553646 12.439800791654775 24.50637803836814 33.82174017376534 41.02703055206961 44.30250347449186 44.525666159555804 40.69817914863491 33.954325528131285 24.18247686631553 12.650172193710674 -1.3072602918467395e-6 -12.650180628389778 -24.182485063156083 -33.9543310364717 -40.6981847881762 -44.52567563218617 -44.30251545905048 -41.027042170336564 -33.82175173590369 -24.506390043185394 -12.439806632770503 10.340618849064413 20.527940738794356 28.08596294228691 33.707603942292586 35.582210745545694 34.555311406028466 29.7326580451614 22.15920825746433 11.879073797286473 0.0011917422864327497 -12.648979752530739 -25.141573888429125 -36.17640105630839 -45.3037153247361 -51.10629929580091 -53.85832564005386 -52.31911087925042 -47.60505766891673 -38.82579398691693 -27.855249629637253 -14.134152319459387 8.313420537031416 16.469649872340696 22.167764005440084 26.0406766231282 26.507476361098437 24.267673142665654 18.64439315791673 10.472660378980065 0.002200442278483415 -11.875628465698611 -24.180180081724362 -36.17524622023515 -46.472945554798045 -54.748902436441995 -59.57512158490093 -61.264261819417584 -58.653680775756754 -52.76908521109574 -42.87235528777696 -30.607020032893004 -15.668367317441302 6.238046040326457 12.439956404409298 16.448796302525306 18.7829583035117 18.0497728847842 14.797905665871989 8.565964021531853 0.0029407952895900676 -10.467489638479147 -22.15491654769058 -33.95111558414634 -45.30161057952448 -54.74793261125189 -62.105550281386456 -65.9291774243576 -66.5894135535059 -62.96969684339613 -56.065255450639484 -45.274485601041214 -32.088121364116205 -16.429672163359964 4.446826237242579 8.803764218360131 11.254479013670174 12.167736339415304 10.467613585837547 6.491462241182692 0.0032415507153325637 -8.559735971359073 -18.638753968118262 -29.727797557558276 -40.694304530838615 -51.10343567030172 -59.57335027385519 -65.92831554889707 -68.90764929047562 -68.74264987456793 -64.6010223001771 -57.145192209635184 -46.14973603310688 -32.602495865611274 -16.881759090492928 2.8694355761254657 5.6940365255955125 6.938304753461701 6.781640372683384 4.412357540780141 0.0032023936736719325 -6.484983417323114 -14.791616053138336 -24.261907719064883 -34.550206246614735 -44.52148096238212 -53.85503461722348 -61.261995850457645 -66.58800984165507 -68.7420751218991 -67.85248531646785 -63.32338767989636 -55.60469969428476 -44.73900662448616 -31.400275071201314 -16.258310427188007 1.6831325018239687 3.2479229218779553 3.563706684885706 2.6596428027766077 0.002752864407742068 -4.406399699704788 -10.46156235185853 -18.043800300814397 -26.501954530097557 -35.57721169118944 -44.29830102280084 -52.31568224882701 -58.651143097639704 -62.96793191761712 -64.60000911318181 -63.32293154059899 -59.01757669556164 -51.61220440799873 -41.66408197036577 -29.172250053765705 -15.360383082097734 0.8202963852447824 1.533121776946047 1.2988839565799173 0.002129052182733303 -2.65482121928677 -6.776363140879037 -12.16239336973179 -18.77764460817571 -26.03573462933642 -33.703098794062086 -41.023176681621 -47.60186097670684 -52.76663967641353 -56.06348042549145 -57.14405515386495 -55.604059046992504 -51.61196190591744 -44.847852359497914 -36.1066015359388 -25.081011813968505 -13.186666639502148 0.3091246666896078 0.47150353846725684 0.0013151116981548361 -1.2954890604106661 -3.5598812126462147 -6.93408373776767 -11.250171683550326 -16.44449746251445 -22.163713054296554 -28.082251416176312 -33.81851036377678 -38.823070840719765 -42.87020450205947 -45.27286747706498 -46.14862364286899 -44.738306195278994 -41.663720478001544 -36.10645899235912 -29.297216408226884 -20.30594199582499 -11.029828911458594 0.06501927035735366 0.0006943738419543661 -0.4696334432671449 -1.5307161932297642 -3.2452026666352465 -5.6910605465809105 -8.800711518969852 -12.436925190387024 -16.466780384035378 -20.525311622818055 -24.50408025281421 -27.853307337473804 -30.60547063170376 -32.08694515178528 -32.601666215850244 -31.399730157139082 -29.17193989182764 -25.08086134472153 -20.30589749318096 -13.794981921480463 -7.46534362721834 0.0001282528547851913 -0.06437148566556398 -0.3081991208319918 -0.819106910825629 -1.681755313496604 -2.867922877536779 -4.44525430684387 -6.236475336617599 -8.3119184639196 -10.339231260803349 -12.43857332184275 -14.133102041572096 -15.667516281958891 -16.429013586534253 -16.881283865706326 -16.257988505183764 -15.360186979317179 -13.186560063545144 -11.029785079536929 -7.465330971433563 -4.420507634338536
</DataArray>
        <DataArray type="Float64" Name="Mode_4_w" NumberOfComponents="1" format="ascii">
 0.002828049691363744 -0.0035012729849985234 0.0028280499367863755 -0.00350127387618945 0.003325387343578669 -0.0016201750809212475 0.002311614340645521 -0.00041398662152903053 0.0018236700322347885 0.00011351486822706793 0.001349953908251597 0.00018353042455709144 0.0007790476540361902 -3.1706151703591025e-5 0.00013424710155720852 -0.00039346418045762156 -0.0004526423242444348 -0.0006894055673727795 -0.0008251584816217007 -0.0008932784089116028 -0.0007861749222283132 -0.0010646747485608626 -4.316423784197208e-5 -0.0016416101439341655 0.0011001605696541463 0.0011001609456219648 -0.0016416112197546236 -4.316247268144243e-5 -0.0010646747174413718 -0.0007861754906841101 -0.0008932803390541792 -0.0008251586378076921 -0.0006894074213284506 -0.0004526418881330331 -0.0003934632830050554 0.00013424855351282144 -3.170674086911252e-5 0.0007790483487625914 0.00018353005586290873 0.0013499560160165312 0.00011351121570792009 0.0018236756438731 -0.0004139901830073559 0.002311616490849707 -0.0016201769104567446 0.003325386999372301 0.0033253871598698465 -0.001620176556858261 0.002311615572183487 -0.00041398753489327073 0.0018236719324369664 0.00011351241157225149 0.001349956894925939 0.0001835263682980458 0.0007790504127072786 -3.170698654178302e-5 0.00013424665977357069 -0.0003934609194058642 -0.00045264690371740914 -0.0006894004618148321 -0.0008251652790448021 -0.0008932753415900115 -0.0007861788091434468 -0.001064672841087425 -4.316378750117025e-5 -0.0016416106726624712 0.001100161536085364 0.0011001610433929753 -0.001641609911149117 -4.3164065290790124e-5 -0.0010646737821559372 -0.000786176558616343 -0.000893279713367455 -0.0008251569066700803 -0.0006894080062420122 -0.00045264076871482034 -0.00039346335804240734 0.0001342466421380759 -3.170567812533079e-5 0.0007790477364756041 0.0001835324876010828 0.0013499524108346835 0.00011351340780473164 0.0018236717149023025 -0.0004139876066984154 0.0023116140685600435 -0.0016201754563628726 0.0033253880383481162 6.170556482550034 10.227270956593916 14.640813530592835 16.719923210314004 18.289362177585065 17.67641869322085 16.173584290670373 12.93439572618254 8.981015455135944 4.032213720247912 -1.0811448583798002 -6.263695350023874 -10.870088929291224 -14.663188118451584 -17.296816991399762 -18.543846373848403 -18.3156484869711 -16.638222494734332 -13.505843586056042 -9.62944254193293 -3.9137178139973807 10.227271666804025 18.676838643618677 26.65120238471891 31.646358737373255 34.639546016139526 34.36997188592262 31.638167173942005 26.10219073768645 18.59499145139666 9.513289275005587 -0.34864557555664827 -10.19411773290618 -19.356258831288624 -26.89507402359025 -32.353166643893644 -35.30021529080855 -35.198643226791 -32.83821524470957 -26.687347859038777 -20.258406664453585 -9.6294427523697 14.640815068111776 26.651203058403016 37.22906388104047 44.146258302939266 47.912158065052715 47.49167654031114 43.42360905639838 35.7766511926163 25.185379926964167 12.588315666167336 -1.1975878861872937 -14.767835368431182 -27.283959021732993 -37.74836952158231 -44.93426794208439 -49.14587471387909 -48.35739081334356 -45.30836651149682 -36.62766580290506 -26.68734693018578 -13.505843536101217 16.71992503700815 31.646362081435218 44.14625886060707 53.00738026033331 57.51171833251148 57.54150329336607 52.64350718553036 43.813618212871354 31.126354419651324 16.252318285131096 -0.2465155343334485 -16.753502906546018 -31.773144516640784 -44.76021214138677 -53.37987295950434 -58.97490686925379 -58.431312630583605 -54.40548714413519 -45.30836618527534 -32.838215390475085 -16.638222540320246 18.289363362614573 34.63954993345524 47.91216311626798 57.511718565886355 62.11464576979642 62.15798197487283 56.773943891250006 47.21301021999031 33.43145958616154 17.08477413607687 -0.5838395143888742 -18.55407869563656 -34.589039549344236 -48.684100521625204 -58.03148163990371 -63.422556685397566 -63.504965282503996 -58.431314078965286 -48.35739307409757 -35.198643593612594 -18.315649987121777 17.676420756517402 34.36997373244836 47.49168028418794 57.54150927391696 62.15798216117137 62.509427582862045 57.16463010332106 47.781683148630876 34.29744814947267 18.08939533441322 0.3944217776831156 -17.574826559812767 -33.920424848121996 -47.69667996624815 -57.9401646663247 -63.121684685787145 -63.42255665290673 -58.97490817782602 -49.145877165870175 -35.30021906957587 -18.543847845133413 16.17358583786504 31.638169780526937 43.42361130845372 52.643511060991415 56.77394745702962 57.164634669017374 52.37100509581654 43.72496686990743 31.189084394204173 16.447109964521307 0.10936326264923694 -15.968130213345987 -31.411680460744208 -43.66024545069683 -52.90861418437902 -57.94016672222748 -58.03148587967696 -53.37987761197318 -44.93427345647756 -32.353169409907366 -17.296821578720113 12.934394886222057 26.102191658515352 35.77665477859951 43.81362358094392 47.213014629512806 47.78168509740062 43.72497474390384 37.09589648449133 26.65139252598869 14.817331417459382 0.8115363161843063 -12.271099366771796 -25.202059921943565 -35.82060121099601 -43.66024561392062 -47.69667988006151 -48.68410386718425 -44.76021307430273 -37.74837586135971 -26.895077838393536 -14.663189060441423 8.981014463956097 18.59499064166617 25.185383683806997 31.126359577045196 33.4314719517595 34.29745518474556 31.189088846720907 26.651400644384744 18.905434516968093 10.787279097990833 0.8096870523629459 -8.74465324129885 -17.918100403118242 -25.202053815840003 -31.411677886236024 -33.920420816985086 -34.5890412120041 -31.773145586003032 -27.28395959175421 -19.35626423229967 -10.870092441370872 4.032213370779364 9.513289473576396 12.58832162374797 16.252325506935797 17.084782776651842 18.089412699088776 16.4471229390809 14.817338746995295 10.7872861811578 6.685220505120704 1.4734602476210137 -3.1829960320774413 -8.744648394589245 -12.27108700346505 -15.968120157414354 -17.57481773468569 -18.554070779785174 -16.753502499466375 -14.76783474837602 -10.19411549088516 -6.263696556831605 -1.0811440783578556 -0.3486452025605141 -1.1975835193642488 -0.2465017103718701 -0.5838251650265851 0.39443626920606967 0.109384341603848 0.8115537934638956 0.8096957194527681 1.473472497500524 0.8520642789842258 1.473472702178486 0.8097013287685829 0.8115566953331796 0.10938487590819808 0.3944354402757204 -0.5838286566981193 -0.24650613936857388 -1.1975887282191147 -0.3486479103021358 -1.0811452536949544 -6.263694246704998 -10.194112028509686 -14.76782905925348 -16.753491713360493 -18.554057475693522 -17.574803426041434 -15.968109305604068 -12.271074055874534 -8.744637882928025 -3.18298635723872 1.47348025297545 6.6852383031204345 10.787305233580282 14.817357698777478 16.447141206682883 18.089423576581527 17.08478862667954 16.252330453432368 12.588323002688732 9.513290655990927 4.032213037433456 -10.870086177213157 -19.356253448040103 -27.28394523921412 -31.773128526939665 -34.58901873766952 -33.92039478674013 -31.411652384556906 -25.202031192425007 -17.918071733381638 -8.744627790035016 0.8097144086767092 10.787311538600076 18.905466204101533 26.65143314423284 31.1891150370115 34.297481466234395 33.4314850793909 31.126367771398264 25.185386250584134 18.59499151762852 8.981015445323866 -14.663182263960675 -26.895064295444133 -37.748355913949624 -44.76018738712317 -48.68407409967919 -47.696650160400544 -43.66021187501106 -35.82057052814969 -25.2020263039846 -12.271061837535767 0.8115759486165167 14.817373543235941 26.65143587602987 37.09594352249042 43.72501107195126 47.78171400299254 47.21303976904733 43.8136380514572 35.77666286146438 26.102195290559845 12.934394797154473 -17.296810775751243 -32.35315232643925 -44.9342491649529 -53.37984921934716 -58.03145081811936 -57.94013045922315 -52.90857943628338 -43.66020873326915 -31.411645627201562 -15.96808990245951 0.10940680697715066 16.44716111964576 31.189132500895372 43.725016224284346 52.371052596624054 57.16466755154125 56.773970328932016 52.64352687521647 43.42361777435293 31.63817409503698 16.17358795617001 -18.543838920421393 -35.30020239106902 -49.14585311738301 -58.9748794959953 -63.42252560580729 -63.12165005639131 -57.94013407304317 -47.69664658322036 -33.92039064733334 -17.574787046851284 0.394465631330153 18.089445573283566 34.29750246735181 47.78173111822547 57.16467627381431 62.509470573220106 62.15800946446028 57.54152865859242 47.49169336003958 34.36997892850122 17.676422751650662 -18.315641296775357 -35.19862982407466 -48.357373616029435 -58.431287444264704 -63.50493667309769 -63.42252379490803 -58.03145333111011 -48.68407156942242 -34.589010640336 -18.55404531432075 -0.5837988396278423 17.084820046665033 33.43151043143874 47.213063280931465 56.773987018289446 62.15801894176778 62.114675782389085 57.51173640575047 47.91217639455885 34.639557848634695 18.289366599404012 -16.638217595788547 -32.838203495998336 -45.308350858070064 -54.40546697576275 -58.43129086285773 -58.97488286458941 -53.37985093458695 -44.760188534656805 -31.773119323121357 -16.753475481689456 -0.2464812782742211 16.252359498665598 31.126397337424887 43.813665014244165 52.643552412715806 57.5415422127763 57.51174857728833 53.00740285468395 44.146271156419346 31.64636762142946 16.71992776514766 -13.505840321635466 -26.68734009609229 -36.62765516822807 -45.308351052883054 -48.35737424840216 -49.145856129230076 -44.934252640195005 -37.74835455133609 -27.283940890735792 -14.767812200451246 -1.1975633371492707 12.588348016692143 25.185415174215947 35.77668657909324 43.423644890206425 47.49170975345233 47.91218481113379 44.14627737215107 37.22907685655443 26.6512079331138 14.640817240925836 -9.629440877811932 -20.258401198148896 -26.687339521389948 -32.838205711064255 -35.19863251699632 -35.30020540283554 -32.35315595689297 -26.89506407217568 -19.356247396775323 -10.194101777580686 -0.3486268664243173 9.513309037114661 18.595014517585966 26.102215387313212 31.63819237496816 34.36999722193438 34.63956706481717 31.646372686226456 26.651210479687375 18.676840568792542 10.227272061134736 -3.9137172009008876 -9.629440851111939 -13.50583944100713 -16.63821790785541 -18.31564355118083 -18.54384235702936 -17.296813455196805 -14.663183305957766 -10.870083411601755 -6.263687466634941 -1.0811349226009472 4.0322236712795725 8.981025969230279 12.934406611846782 16.173597666605815 17.676430944554603 18.28937437499316 16.71993122743187 14.64081931310298 10.227272818602309 6.170556525021313
</DataArray>
        <DataArray type="Float64" Name="Mode_5_w" NumberOfComponents="1" format="ascii">
 -2.0078099006781067e-7 -2.2766242122962127e-7 -2.000488260357575e-7 -2.418748633260951e-7 -0.00021817858989465788 -0.00021754190148425456 -0.0004941325922308802 -0.00011610233784090733 -0.00032512507602992357 0.0003713820957695422 0.00017318567049019338 0.0010144321347599137 0.000674111998919548 0.0014474577130352865 0.000841017782388021 0.0014202045524727366 0.0005569158183168129 0.0009624141145438915 -1.929784302480371e-6 0.0003593560638080148 -0.00047393728028612164 -5.255291792705526e-5 -0.0005403574709832057 -0.0001390992923075584 -0.00010123903380107304 0.00010138609662394608 0.00013885059056302336 0.0005403687819983463 5.237089103548454e-5 0.000473866243558206 -0.00035947622018986315 1.8649897931388379e-6 -0.0009624619668222303 -0.0005569325426977565 -0.0014202030499083462 -0.0008410224660645384 -0.0014474303580232666 -0.0006741643668392513 -0.0010144184137008498 -0.0001733284945268029 -0.00037138138963780477 0.000324880682822211 0.00011614574660784473 0.0004937964986151478 0.00021775257556788148 0.00021769181427207116 -0.00021817843104124084 -0.0002175409992685355 -0.0004941360856629622 -0.00011609929562471747 -0.00032512510952745796 0.00037138038485727906 0.00017319068950353357 0.0010144295440295606 0.0006741128156351118 0.0014474597885398128 0.0008410164375383126 0.001420206689359964 0.0005569131159798457 0.0009624149425291814 -1.9361368938967113e-6 0.00035936395566602756 -0.00047395416695329294 -5.2547521980327455e-5 -0.0005403621959141876 -0.00013910941323185452 -0.00010123115290476424 0.00010139525761370366 0.00013883505448643844 0.0005403763894947718 5.235436797212486e-5 0.000473877230645891 -0.00035949036184060567 1.8727888702590218e-6 -0.0009624678429195244 -0.0005569328796285215 -0.0014201996307947424 -0.0008410243607004906 -0.0014474281179889744 -0.0006741633299325758 -0.0010144171268103017 -0.0001733291600513634 -0.00037138057358375285 0.0003248810473091483 0.00011614544976520042 0.0004937947233392758 0.0002177532174790573 0.00021769137257965704 -0.0004422764402812372 -0.4986861877418311 -1.7670416122847836 -4.1564859761542845 -7.405109074259367 -11.514960469765377 -15.740738548594486 -19.89416067090144 -23.05151090904822 -25.172218479656266 -25.53635701972616 -24.53317608920968 -21.85532326993085 -18.341006023515572 -14.009035566899971 -9.881553611275129 -5.996355732937269 -3.165094351009858 -1.1553756074881893 -0.27203480533076996 -0.0002676997947235475 0.4972372354184544 -0.0013106894021616495 -1.7587353908096877 -5.8586950363183306 -11.566883159389002 -19.250831976977157 -27.25183008843099 -35.45656879925325 -41.85488340615708 -46.4828252016516 -47.73566222332513 -46.37684633017948 -41.67775891327234 -35.221004724017675 -27.04123299270399 -19.04688573061554 -11.484289987763633 -5.784509062068671 -1.862433418175807 -0.0013791051908261262 0.2707109514732229 1.7650051991928966 1.755072872437393 -0.0024916106811807056 -5.387595182599142 -13.01446433647188 -23.632334125631964 -34.63895014990046 -46.006911406227935 -54.762484903102575 -61.02483520089309 -62.53938509198211 -60.37177655259373 -53.6364461533129 -44.442351724442425 -33.12200438769659 -22.062252063487932 -12.040683265791458 -4.5355775645271725 -0.0023548134377463156 1.8589106832018238 1.1535654767489731 4.154206639938305 5.854445112601015 5.381867074578539 -0.0032954553214071167 -8.407759316017682 -20.976036902448477 -34.347351129587224 -48.48644600271435 -59.628242254093664 -67.72437219118406 -70.04427603022401 -67.59600476259055 -59.59240635892932 -48.21912191620189 -34.484610451246944 -20.785456655009906 -8.911451870608428 -0.0032701254527351476 4.529900331797736 5.780238751869856 3.162895017004234 7.402660747661681 11.562343226621488 13.00847379536135 8.401004803296916 -0.003338483313833404 -13.471192580937087 -28.17662269602017 -43.82524108955482 -56.31732652665828 -65.19068775031211 -67.77136573488755 -64.64671536342736 -55.640495703469554 -42.549688584674676 -27.454704392137888 -12.27496918460267 -0.0032873167613175235 8.90484367155859 12.034889694976599 11.479875611076864 5.993996502209296 11.512605479742891 19.246393991856355 23.62656754182524 20.969657680069272 13.465179098566873 -0.002523437461173493 -15.591061426427444 -32.38274651687709 -46.334673658721776 -56.09573577944583 -59.420524297453355 -56.00917183525574 -46.5994842083845 -32.23584691520568 -16.272764383137815 -0.002464415833942644 12.269037244715895 20.77912279985417 22.056488926208086 19.042493922472296 9.8791862407786 15.738521650757226 27.247703314552645 34.63374293099715 34.34182458885185 28.17183719653922 15.587637683916954 -0.0006947796058217515 -16.736557294655015 -31.190321951096998 -40.89488449392776 -44.46662073559963 -40.537623348708046 -30.97107261067268 -15.932181456675135 -0.0006949570360455333 16.26940490365168 27.449966408339513 34.47925314660431 33.11686620209546 27.037207179803772 14.006805611550625 19.892194230696322 35.45289897148959 46.00240744695954 48.481893217707906 43.82173980437774 32.38095729581507 16.737141848895828 0.0014914508656703608 -15.214967897465579 -25.117449478866618 -29.249865358059356 -25.0980548192247 -15.570520438928328 0.0015148626700963205 15.932810120475471 32.23418659474292 42.546166408928606 48.21461734479696 44.4378096965891 35.21738665829904 18.338981156941067 23.049744237856032 41.85166012826908 54.758677084737286 59.624704867213055 56.3151324905298 46.334564738387165 31.192813450259568 15.220110160238866 0.003729885115687923 -9.487450488426772 -13.75248730087091 -9.320801214699465 0.003724754292097561 15.575710336826464 30.973532580068817 46.59940436903921 55.63831948605992 59.58896131720303 53.632633013814555 41.67458943155622 21.853513808121647 25.170615009788452 46.479933500239994 61.0214830818422 67.72147861693426 65.18926104016317 56.096609271775804 40.89857835629297 25.124018728070137 9.49647894917121 0.005350088244291052 -4.560545364763864 0.0053669237879706965 9.329802831224944 25.10463360801564 40.54133123224122 56.01006487132678 64.64526518667776 67.59310673251463 60.36839619299702 46.3739683815155 24.531533420850234 25.534793777015693 47.73292059492497 62.53624290258205 70.0417230050427 67.77037759101653 59.421906631011964 44.47082237899618 29.25697634938173 13.762070066663187 4.57183731394531 0.005912110523485883 4.571823395637985 13.762075318722822 29.25695080288973 44.47078940205529 59.4218864138576 67.77034106219682 70.04169305665407 62.536214977045105 47.73289977922407 25.53478098418423 24.531553736922547 46.3740028964541 60.368442031061946 67.5931532597234 64.64532284549509 56.01012181190788 40.54136273176822 25.104676605210955 9.329831145592216 0.005367748386593215 -4.560527320644369 0.005336254930044299 9.496464240297584 25.124018557973777 40.89855553246649 56.09658813805342 65.18924635551288 67.72146235765982 61.021474615561324 46.479925774412685 25.17060983165629 21.85354467138981 41.67464236959824 53.63270835505816 59.589041100095905 55.638389411679924 46.59947984360863 30.97360019613388 15.57573844712468 0.0037667560775017104 -9.320788171678368 -13.75248506367051 -9.48743411477519 0.0037179018336673626 15.220102116681925 31.19281295481044 46.334557240583656 56.31512857622886 59.62470225986738 54.75867591932149 41.85166264394119 23.049743325290468 18.33902097258626 35.21745469480325 44.4378984804243 48.21472932882776 42.546284736327884 32.23427411409976 15.932906808237753 0.0015785192336389693 -15.570483802763752 -25.098015559914376 -29.249861532014737 -25.11745401633595 -15.214960552642665 0.0014824658986073017 16.737140352938674 32.38095816257465 43.821741819323535 48.48189852766245 46.00241522193748 35.45290961026676 19.892197172048384 14.006853851440049 27.037297682372664 33.11698367874613 34.4793701593698 27.450106261726457 16.269530338247478 -0.0006000073462613105 -15.932091784567023 -30.971023654876657 -40.53759409183895 -44.46659157679185 -40.894881184122454 -31.190322489158042 -16.736551015940947 -0.0006946342328475312 15.587648156167358 28.171842133217353 34.34183884847335 34.63374954303506 27.24771695696371 15.738528792349447 9.879238615474032 19.042587342255548 22.056627964875297 20.7792779580122 12.269180958651491 -0.0023132597946799497 -16.27264282546402 -32.23575521111214 -46.59940328598968 -56.009138333446714 -59.420505934749414 -56.09572056011703 -46.334672162197265 -32.38273925611895 -15.591059185627115 -0.002509852917419986 13.465185831355548 20.96967414814293 23.626583461913313 19.246402956506905 11.512611775813687 5.994058408860612 11.479981575599012 12.035018229237847 8.905003978329471 -0.003128566819811745 -12.274827512445508 -27.454569858877413 -42.54959297738558 -55.640423849448354 -64.64665728855181 -67.7713473374024 -65.19066693656632 -56.317326551426646 -43.82522583284804 -28.176618872142978 -13.471174622853132 -0.0033241135672301306 8.401017352637398 13.00848670703443 11.562357100445425 7.402666682427947 3.1629493709833847 5.780350678632735 4.530042269011304 -0.00311929165353595 -8.91129143951968 -20.785310270364963 -34.48448407887326 -48.21901214046212 -59.59234265355799 -67.59595428777136 -70.04425753887783 -67.72435563307782 -59.62823999003483 -48.486440394494316 -34.34734524460919 -20.97602942021568 -8.407743399541992 -0.003278361506122985 5.3818780030286675 5.854452543731962 4.154212591102498 1.153614489986653 1.8589971013426938 -0.0022335345862023997 -4.535441875020405 -12.040551891400934 -22.062119316735217 -33.121901464831886 -44.44225683525963 -53.63638770726962 -60.371728923556596 -62.53936679251924 -61.02482310330043 -54.76248303417127 -46.00690781785158 -34.63894570592305 -23.632324779821264 -13.014454704512664 -5.387582408857643 -0.0024787028647356843 1.7550810030548354 1.765007703433874 0.270748512120171 -0.00130345892989819 -1.862346165718539 -5.7844020854164295 -11.484192161452361 -19.046782128675616 -27.041153615175364 -35.22093436275425 -41.677716887434244 -46.37681697579163 -47.73564511128111 -46.482820498958965 -41.854883765364825 -35.456572535182275 -27.251829729908653 -19.25082791439934 -11.56687460128395 -5.858688283925366 -1.758729615189923 -0.001305827500693211 0.49723949246364213 -0.00025379562956985677 -0.2719970334128949 -1.1553291496344231 -3.165038089748216 -5.996303965188577 -9.881499982273638 -14.00899193589456 -18.340968071435753 -21.855296202082037 -24.53315991774835 -25.53634702639526 -25.172214582601075 -23.051510925750648 -19.894161630545533 -15.740738867080001 -11.514959724785818 -7.4051068108284355 -4.1564822138922946 -1.76703755972696 -0.4986836652726059 -0.000440997591428217
</DataArray>
        <DataArray type="Float64" Name="Mode_6_w" NumberOfComponents="1" format="ascii">
 -0.0030809528849161908 -0.0036129268683276067 -0.0030809535566127437 -0.003612930419735233 -0.0037455743031120006 0.001624448537410035 -0.002604702384829167 0.00034662374767779734 -0.0018714107820322322 -3.848249205470982e-6 -0.0010925245122327784 0.00010815936285054986 -0.0003960395088895131 0.00023475949932043872 -5.510198163535889e-5 4.626985998674656e-5 -0.00014422880832864403 -0.00040760882704669936 -0.00046346777947131476 -0.0009729747052004371 -0.0005644912093991431 -0.0014279056571172843 8.104684686486108e-5 -0.0020092622264225347 0.0011988362857322128 0.0011988241457589548 -0.0020092823644935484 8.097997362975113e-5 -0.0014279137247734267 -0.000564554683536449 -0.0009729278021221556 -0.0004634697303965557 -0.0004074863394638906 -0.0001441567855509008 4.6453981282417414e-5 -5.499214864887296e-5 0.00023494956238991638 -0.0003959500323892373 0.00010829186948088881 -0.0010924994521966881 -3.7999805116027065e-6 -0.0018714550831511838 0.00034661073931334266 -0.0026047687081012954 0.0016244194071907204 -0.0037456023626984292 -0.0037455740201600366 0.0016244474723049417 -0.002604704455226942 0.0003466283909778927 -0.0018714162147124122 -3.8461178194918795e-6 -0.0010925236105489762 0.00010816017151085122 -0.000396038358638539 0.0002347641301760171 -5.510207009668962e-5 4.626854842100395e-5 -0.00014423008025599181 -0.00040760871094532415 -0.0004634709246842646 -0.0009729776850620822 -0.0005644917929143777 -0.001427909593361873 8.104924390739248e-5 -0.0020092636184694764 0.001198836849421582 0.0011988240573208655 -0.002009282621649144 8.097724613456432e-5 -0.0014279145082183755 -0.0005645541340028289 -0.0009729295407984506 -0.0004634681737196616 -0.0004074828440677987 -0.0001441556790808081 4.645560097219697e-5 -5.4991458255700424e-5 0.00023494931037816905 -0.0003959491798052845 0.00010829029815932112 -0.0010924993658603136 -3.802566389686419e-6 -0.0018714510195752645 0.0003466073623722665 -0.002604767474478307 0.0016244198467198921 -0.0037456024650361266 -6.790667216986715 -11.117843383700356 -15.621739584039661 -17.469290688247266 -18.77156406999684 -18.063731069619234 -17.001221873495677 -15.07786367359788 -13.543785132257549 -12.2859262840231 -11.984247155332657 -12.441246355850417 -13.65561381815935 -15.245998590789657 -16.758543701900575 -17.777595925782688 -17.68230432051755 -16.466160543210446 -13.549068412262422 -9.89067485556968 -4.008614663386139 -11.1179078691359 -20.113961356882303 -28.090782112535436 -32.59644896716329 -34.77752343061885 -34.019649698020594 -31.632816941633767 -28.1298278831742 -24.696257808147287 -22.155855308376907 -21.025830393949445 -21.797840654991916 -23.9119384273822 -27.23347737167717 -30.259688913985208 -32.95406539917501 -33.12857856070569 -31.95743120246558 -26.39192837335128 -20.6346746548675 -9.890710159945009 -15.621969426813923 -28.091011728723135 -38.197156913714 -43.92008714796895 -45.944957478531684 -44.19204245530648 -39.941417102912375 -34.51678299221229 -29.202529529821593 -25.641864443654125 -24.080863147280105 -25.524069406606873 -28.68560485304194 -34.06896915009426 -38.56917456754235 -43.17797766835575 -43.442513784479104 -42.545426014738794 -35.22997513997713 -26.392173601431498 -13.549220557947859 -17.469833267793554 -32.59721356713183 -43.92079133780614 -50.50820159801627 -51.784098268870025 -48.901604432085406 -42.38337805651897 -34.900983884529886 -27.16049947066218 -22.18046244400773 -19.590196813682304 -21.765610672747215 -25.840304205571865 -33.66212872639004 -40.11100980979194 -47.44849263477098 -49.45643569972481 -49.01531155509574 -42.54602279894095 -31.95819195708526 -16.46657860301156 -18.772532675684754 -34.77903557838313 -45.946658476636365 -51.785198396497485 -51.23817867857936 -46.11911821914526 -36.76486983042141 -26.833817556255923 -16.864320635355785 -10.884606760898112 -7.634405668051665 -10.612555688591677 -16.02478341154945 -26.127828850553996 -35.200806971258544 -44.33738798781851 -49.21209228369522 -49.457607087483794 -43.44410121319062 -33.1300918982712 -17.683095143421617 -18.06523648003872 -34.02216732719721 -44.195132067205996 -48.90434622801618 -46.12087997863653 -38.71417303902121 -26.311806483926624 -13.762952109380988 -0.9411633304972576 6.643984808572794 10.610378777909915 7.1735253800406955 0.02953928816355268 -11.977529634682622 -24.76710113214076 -36.57934493020105 -44.33899627890055 -47.45121888112635 -43.18087534869071 -32.95657373287847 -17.778898022138478 -17.003281843698986 -31.63638116466066 -39.94594818386879 -42.38787042823936 -36.76855298004982 -26.31384559902594 -10.783760999640704 4.414567395422501 19.05008236947638 28.159810639698684 32.20162919318544 28.68207754846595 19.35287200098218 5.607271534129048 -9.820392861547731 -24.76923104406983 -35.20440376592416 -40.115536465037714 -38.57352251949837 -30.263241148890273 -16.760387132458177 -15.080466711902599 -28.134467445581393 -34.52279919349549 -34.90732615907377 -26.83954810607734 -13.767186301718453 4.412383175052869 22.644313711792748 39.32941555321802 50.238183246513444 54.34176629014365 50.69229398608327 40.0357837853928 23.706290010787498 5.605191009884805 -11.98174739493562 -26.13339729366246 -33.66844320088424 -34.074797819538986 -27.2380988755597 -15.248406962805596 -13.546802421125808 -24.701734005374476 -29.209692472686836 -27.16829786858407 -16.871684139258942 -0.9472242204152725 19.046000776029256 39.32743056458262 56.98487664843502 69.11517134810337 73.43144735122982 69.1001124773102 57.45284678125574 40.03375348835447 19.34882857961794 0.023451252484866413 -16.032064857438407 -25.848105268759824 -28.69262737658596 -23.917400119522334 -13.658479615205797 -12.28921988416526 -22.161936231054355 -25.64984320841751 -22.18931815807508 -10.893129597716468 6.636655041202303 28.154461676104255 50.23489437086098 69.113930399001 81.73859042428913 86.4455308448395 82.14608272486393 69.09889965181583 50.689028936454434 28.676790594169443 7.166215035217374 -10.620997434825055 -21.774448889442816 -25.5319659531171 -21.803906720881827 -12.444458409901237 -11.987586282141029 -21.032073979282945 -24.089039413069084 -19.599349638876543 -7.643266465481543 10.602609911259671 32.19581843961125 54.337939841798395 73.42964218347772 86.44493478836915 90.52475559829762 86.44494326768347 73.42966091384004 54.33796317707768 32.195842213063294 10.60262619725105 -7.643250619629474 -19.599340183440695 -24.089034018979312 -21.032066226732812 -11.987584480281614 -12.444451123912987 -21.80389858518866 -25.531957413736528 -21.774439780314072 -10.620996780559757 7.166206133118226 28.676776276267876 50.689010989729944 69.09888544981467 82.14607196987669 86.44553476925887 81.73860218938405 69.11395384622217 50.23492173983585 28.15449545598389 6.636685934568018 -10.89310664837527 -22.18929193644342 -25.64982555246663 -22.16192016451016 -12.289209987677506 -13.658465178543434 -23.91737694949407 -28.692602006173352 -25.848082757283144 -16.032045775148315 0.023457364775892553 19.34882484203902 40.033742165278014 57.45283998255914 69.10010622477954 73.43145081944404 69.11518204487659 56.98489900753455 39.327460620104986 19.04602862224951 -0.9471868462782553 -16.87165263475385 -27.168268764405806 -29.209666686694508 -24.701714045533098 -13.546790596039223 -15.248387003370487 -27.23806481786589 -34.074754711430806 -33.668405978577916 -26.13336986778954 -11.981733637190924 5.605194113915238 23.706280613877595 40.03577635407485 50.69228768074467 54.34176864775462 50.23819530347706 39.329433628800835 22.644344631757438 4.412412092678135 -13.76715843876805 -26.839516195013132 -34.90729672289288 -34.52277332933241 -28.134446459773756 -15.08045515365364 -16.760361734700886 -30.26319924685761 -38.573473193546064 -40.11548724915356 -35.20436662766077 -24.769210659456284 -9.820385178678022 5.607267229627291 19.352860833722826 28.68206942550109 32.201620451935014 28.15981619027117 19.050092024654607 4.41458368493174 -10.783738686967709 -26.313825668844082 -36.76853378884483 -42.387847328383664 -39.945929062062575 -31.636364777682214 -17.003272006069377 -17.778871190064315 -32.95652637352197 -43.1808202076997 -47.45116796410607 -44.338956467299575 -36.579323622318284 -24.76709917631867 -11.977539034319822 0.029517027764905182 7.173507080180098 10.610362642875982 6.643976873083919 -0.9411591222220842 -13.762945304089577 -26.311796897054272 -38.71416087348525 -46.120869089363936 -48.904334534914994 -44.19511834389075 -34.0221581384887 -18.0652299467663 -17.683070328462403 -33.13004940923761 -43.44404805099284 -49.45755657007267 -49.21205445842545 -44.33736270595056 -35.20080585088997 -26.12784024561607 -16.02480932891369 -10.61258697486137 -7.6344311249955075 -10.88462340414768 -16.8643296564319 -26.833817452120087 -36.76486977636963 -46.11911504724711 -51.238174545047244 -51.78519441131623 -45.94665243737279 -34.779030161197745 -18.772530792807615 -16.46655718109824 -31.958153976560933 -42.545978449203915 -49.01526748131249 -49.45640735136673 -47.44847727245044 -40.111015536881574 -33.66215030427088 -25.84033379703203 -21.765644048242645 -19.590227790816066 -22.18048273324431 -27.16051255795506 -34.90098950791852 -42.38338086680619 -48.90160593142735 -51.784099056381 -50.508202318252486 -43.920791572223585 -32.59721376195738 -17.46983096887723 -13.549206090212738 -26.392144615098402 -35.229943556110186 -42.545394202977626 -43.44249151379496 -43.1779688182025 -38.56918009036272 -34.06899007118022 -28.685636229018353 -25.52410070000299 -24.080891814166385 -25.641885325644665 -29.202544234045842 -34.516790211596124 -39.94142204938734 -44.19204560834528 -45.94495889886366 -43.9200909438521 -38.197157614599504 -28.091014391445817 -15.621970234715015 -9.89070055031385 -20.634653978419937 -26.391903873867875 -31.957411230498305 -33.12856721313114 -32.954064420770095 -30.259699990371193 -27.233496470628257 -23.911963920999924 -21.797866676946526 -21.025852039606647 -22.15587132329647 -24.696267883541513 -28.129834607839076 -31.63281911560595 -34.01965353845792 -34.77752597118415 -32.5964518006804 -28.090786431138046 -20.11396343934188 -11.117909848956772 -4.008610593055574 -9.890665935784467 -13.549056348368337 -16.466150091311953 -17.68229820724551 -17.777595058562405 -16.758550388696126 -15.246011281171993 -13.65562842935171 -12.44126095778586 -11.984259744503138 -12.285935548083105 -13.543791534847683 -15.077866572924433 -17.001223386837502 -18.06373198409436 -18.77156657501173 -17.469291435734267 -15.621741341738412 -11.11784526291725 -6.790668109136345
</DataArray>
        <DataArray type="Float64" Name="Mode_7_w" NumberOfComponents="1" format="ascii">
 -7.151366873982694e-9 0.007265759542282349 9.30258391773948e-9 -0.0072657552283746886 0.0002737023924445672 0.0002483521212444387 0.0005437223109415513 2.6241129991676027e-6 0.00016679282174324617 -0.0007653188506096761 -0.0005918453883722041 -0.0015847894027313878 -0.0011010392749592967 -0.001798766256471829 -0.0008599997844496599 -0.001138752395397177 0.00020546519889356495 0.0003047675979182532 0.0015196471666300184 0.0017348400165546755 0.0020994953577321744 0.0029082643601967655 0.0005704392415976518 0.004212743814689884 -0.0021720809106469383 -0.0021720835947459417 0.004212750886677057 0.0005704349519187429 0.0029082678028504966 0.0020994962274019217 0.0017348328196690054 0.0015196455388901402 0.00030477318553465165 0.00020544693105060383 -0.0011387467158508688 -0.0008600039700681449 -0.0017987724832041344 -0.001101034951732972 -0.0015847893553709998 -0.0005918427235847758 -0.0007653172258689676 0.0001668043998461972 2.6239061540423623e-6 0.0005437373206887735 0.0002483447191410153 0.00027372236704895043 -0.00027369916471762574 -0.00024835329380432206 -0.0005437194572176688 -2.622401415649265e-6 -0.00016679283095865285 0.0007653153677528411 0.0005918490655199566 0.0015847879975698215 0.001101034237761423 0.001798765855395253 0.0008600002863548593 0.0011387462387280312 -0.0002054603393826148 -0.0003047711402144406 -0.0015196510538326886 -0.0017348286287262274 -0.002099503986412395 -0.0029082564126089163 -0.0005704391288822698 -0.004212743042023403 0.0021720806715099664 0.0021720826878273147 -0.0042127495216123904 -0.0005704314871053441 -0.0029082688211242453 -0.0020994943032003233 -0.0017348341398303927 -0.0015196448811871147 -0.000304769093311389 -0.00020545480393444656 0.0011387498493767652 0.0008600026438362368 0.0017987725598240314 0.001101034121849508 0.0015847941142498757 0.0005918419299615315 0.0007653146217690167 -0.00016680255456853218 -2.6197504099821536e-6 -0.0005437401056665104 -0.0002483449906840486 -0.0002737200089646109 -1.5838709769219425e-5 0.6164877550869076 2.135516778430109 4.887651463491756 8.384811735930048 12.422933605599004 15.87561970798085 18.324753146939884 18.578685985356497 16.641572486684286 11.900551694859052 5.142188237892874 -3.4732714932947784 -12.377440594282275 -20.78748424694324 -27.081238474044245 -30.594109337614835 -30.480960539086716 -26.331320650392954 -19.69443643620564 -8.130298832354255 -0.6165396727100526 -4.504496542930799e-5 2.109344009810519 6.855891000641564 13.087154026804571 20.85555552497201 27.810252642170575 33.392742062092154 35.039293023483715 32.65988798130189 24.848117506167704 12.994424421223382 -2.539375501371023 -19.346533186371786 -35.4509183543591 -48.5899847806434 -55.75915262375325 -58.0566388919577 -50.23884107228519 -40.416198810250016 -19.694436564025214 -2.1355875936185433 -2.1094681443801124 -7.835910057937637e-5 6.157969195995774 14.437312736712375 25.11765913703807 34.767101225554086 42.703451171243906 45.54044020051317 43.05483525288646 33.50414387051901 17.951968297375636 -2.113887382360436 -24.65900320389278 -45.08726042936941 -63.52841182825711 -71.7942264937229 -75.61655465683386 -65.28465450588192 -50.23884974723247 -26.331327235073406 -4.8877222983390265 -6.856026206826099 -6.158144615598019 -9.389947657523287e-5 9.330654132361468 22.321698557893644 35.013507014960226 46.126961981728925 51.81177893309294 50.70058622513068 42.03557056522796 25.19366491230265 3.8569511895280244 -22.939057005093552 -45.84443016262055 -68.4510393626544 -79.51949984129548 -83.93407882785796 -75.61657397497677 -58.05666109534337 -30.48097083785143 -8.384881766564458 -13.087281117583917 -14.437480078313152 -9.330839424943774 -7.867414938771316e-5 13.657220361020174 28.08491212390235 40.99143185607625 49.839250947035836 50.892774718156055 45.2219399761676 29.10415733206203 9.73805194366525 -16.779156428911698 -40.16970001423325 -62.138122063789055 -75.33654734113277 -79.51953602637575 -71.79427538837264 -55.75920533114315 -30.59413611856895 -12.42299212166442 -20.855666950835595 -25.117791096760293 -22.321855806823798 -13.657357407237127 -4.6385006795065674e-5 16.567256206802426 31.367097891370125 43.846867503132835 47.7952984203397 46.75189411073729 34.50929908483965 17.82113661458803 -5.056720019827469 -27.787343699490773 -48.54410913972351 -62.138164380570004 -68.45112051887307 -63.528492059737935 -48.59005321795428 -27.08127594724792 -15.875658413172777 -27.81033539435875 -34.76719485356323 -35.013597883871604 -28.08499246346468 -16.56730980365547 5.555397819815566e-6 15.404962648152663 30.953673655832237 38.800317884917135 41.853918786537044 36.19658112357616 24.83936825349846 7.851199516551109 -9.97915208008225 -27.787406342696062 -40.16979500989931 -45.84455068047255 -45.08738768934478 -35.4510205125273 -20.78753679953057 -18.324768393112528 -33.39277762576107 -42.703498788167984 -46.12700785116047 -40.99144332121633 -31.36710696174258 -15.404940246268652 3.6696599689212516e-5 16.38143441934112 28.21887727778887 35.70216181015045 35.762872551066884 31.13488873088611 20.37180105520913 7.851145658687496 -5.056826726838166 -16.779308445136174 -22.939210661126353 -24.65914377987381 -19.34665069894419 -12.37750369205437 -18.578682740188043 -35.039290215753226 -45.540422187365024 -51.81176537604152 -49.839216311346625 -43.846799740838804 -30.953616594241595 -16.38137030076046 4.861074602726107e-5 13.399978512590563 25.327411915301475 31.33947479764097 33.5450274581794 31.13483630721252 24.839250222621942 17.82098676098789 9.73787611902892 3.85675161230534 -2.114055706647955 -2.539503669708749 -3.473340672454843 -16.641547562014498 -32.65985267988834 -43.05478156845045 -50.70050904032608 -50.89270159982712 -47.795220287128295 -38.8002109291812 -28.218806252189857 -13.39991925896781 3.067540079431262e-5 13.362133033755644 23.99992664705925 31.339423929390247 35.7627828732872 36.19644722591927 34.50910826901636 29.103970606572524 25.19347759545475 17.9517949605698 12.994296068592282 5.142119458861491 -11.900512669728348 -24.848043109230264 -33.50405015404611 -42.03546264505318 -45.22180476827449 -46.7517898675804 -41.85383058423142 -35.70206667019672 -25.327369372577948 -13.362115995316795 -1.125157601390945e-5 13.362098344476337 25.32734138098089 35.70202881763407 41.85377515756296 46.7517184041305 45.22173834541672 42.03538638036547 33.50398979175014 24.84799860281085 11.900489105081387 -5.142139985836209 -12.994336474261862 -17.951840061840663 -25.193538544574107 -29.104034309684074 -34.5091648982542 -36.19650133404561 -35.76282117588474 -31.339450632558187 -23.999935369043495 -13.36213992844578 -4.049292076802829e-5 13.399898189988887 28.218768626519477 38.800168364111784 47.795153827551225 50.892633270527085 50.70044204772294 43.05471834618461 32.65980154616752 16.641521663689673 3.47332917490194 2.5394760375987087 2.1140193094703084 -3.856789133769825 -9.737923341541105 -17.821032384695297 -24.839288715943283 -31.1348603690503 -33.54504667993796 -31.339484496426966 -25.327412063547218 -13.399979281811154 -4.511592993942734e-5 16.381351146055597 30.953588046424272 43.84675680194567 49.83915849488222 51.811701707895054 45.540369800073194 35.03924725650281 18.57865653632332 12.377496831072602 19.346640672788777 24.659126369743795 22.939191804427363 16.77928907885482 5.05680423370418 -7.8511670265811535 -20.371813128411784 -31.134884514127336 -35.762866546072324 -35.70213863611918 -28.21886487977584 -16.38141922423234 -2.590802891647126e-5 15.404931713909505 31.36708907121726 40.99141662546422 46.12696671354482 42.70344867319423 33.39274203619692 18.324748139706095 20.78753819774934 35.45101936292317 45.087390648067505 45.84455256507181 40.16979653855375 27.787407835135213 9.979158814786524 -7.851197670735117 -24.839354316499712 -36.19656361224552 -41.85388791671635 -38.80027186137034 -30.953637760818236 -15.40492356306039 2.1161367367737135e-5 16.56731427377439 28.08498496430628 35.01358536976962 34.76717251210024 27.810309473175213 15.875645717644291 27.081288503223508 48.5900720139368 63.5285141413972 68.45114481521334 62.138190581966796 48.54412717231654 27.787368638942347 5.05674483682705 -17.821106790497513 -34.50926170831044 -46.751851842832934 -47.79524223204325 -43.84680300271277 -31.36704321591456 -16.567200451320023 8.675956152287434e-5 13.657379924501287 22.32185909208721 25.11778821175762 20.85565634158462 12.422983369165891 30.594148802182918 55.75923216730419 71.79431371482121 79.51957485262879 75.33659131379135 62.138162214293885 40.169733530781734 16.779191568207672 -9.738020076114827 -29.104113610814803 -45.22188409617073 -50.892711506647125 -49.83917521215491 -40.99135405162844 -28.084845782175314 -13.657164887791781 0.00012195897071950879 9.33086982508712 14.437495321515513 13.087291020753465 8.384880933892514 30.480989197428496 58.05669073164895 75.61661979982807 83.93412910039909 79.51954839864271 68.45108810245445 45.84447268918524 22.939097684644103 -3.8569112623496653 -25.19362557730262 -42.03551409334238 -50.70052198686689 -51.81170781343368 -46.12688112983968 -35.01342760580125 -22.321629879465714 -9.330607629251356 0.0001332650946201101 6.158164343538413 6.856043204405332 4.887728673724588 26.33134358890247 50.238881726471995 65.2846946852449 75.61660753827029 71.79427493388701 63.5284579892022 45.08729824062075 24.659035467616196 2.1139217267079546 -17.951930910789795 -33.50410174240117 -43.054774783829906 -45.540376098571805 -42.70337792720645 -34.76703590468838 -25.117589337950932 -14.437264307283396 -6.157927957190484 0.00010422028115492804 2.109485492490431 2.1355966199886374 19.694448276214654 40.416224914622546 50.23887374206841 58.05667556106699 55.75919116630714 48.59001947511837 35.450951881860405 19.346555906454206 2.5393964638530946 -12.994396353272721 -24.84808748537782 -32.65984959843142 -35.03924491114119 -33.39268561929379 -27.810202939633832 -20.85550842543241 -13.087112310891007 -6.855861178181136 -2.109323397053159 5.8900014195609384e-5 0.6165467742708596 8.130304019469595 19.694449352073597 26.331338667370762 30.480979276779852 30.594128072743413 27.08125584003932 20.78750085713557 12.377455063721962 3.4732808300733002 -5.14217478554855 -11.900535933478047 -16.641553322841034 -18.57866266912968 -18.32472530967109 -15.875594376217991 -12.422910614598255 -8.384789078802148 -4.887631811281788 -2.1355046533238724 -0.6164796440037034 2.0654166896090036e-5
</DataArray>
        <DataArray type="Float64" Name="Mode_8_w" NumberOfComponents="1" format="ascii">
 -0.005921379550822183 -9.373426360772664e-9 0.005921381553879365 1.020287120834022e-8 -0.007550043820780819 0.0026676786543436528 -0.005397819241178519 -1.666764916702107e-5 -0.0038376994704838545 -0.0005341890660978255 -0.0018799297483692566 0.0001576592084887759 0.0001199611450356778 0.001014484991367428 0.0014784719601997401 0.001257124084902231 0.001812817907916053 0.0006967822198490014 0.0013110803134216101 -0.00024160967320710215 0.0005818558638043794 -0.0008839640842630217 0.00015603826071899321 -0.0007462745248588785 0.00013170951728430692 -0.0001317028017202632 0.000746261946874224 -0.00015604021448200022 0.0008839590297489462 -0.0005818619520204258 0.00024160638539491135 -0.0013110866811344784 -0.0006967812573038045 -0.0018128209002126416 -0.0012571194717031998 -0.0014784718442946633 -0.0010144800910004568 -0.00011996030844328186 -0.0001576530717758121 0.001879930597492846 0.0005341920088333841 0.003837700595189141 1.666664285983271e-5 0.0053978208280115675 -0.0026676798729882044 0.007550046439824271 0.0075500480043401595 -0.002667680545624534 0.005397822373971374 1.6667917175992985e-5 0.0038376994028324245 0.0005341901312930077 0.0018799300138820738 -0.0001576581790048678 -0.000119962598640369 -0.001014485672872107 -0.0014784735584805933 -0.0012571219873979058 -0.0018128214919546054 -0.0006967804920358056 -0.0013110818079856473 0.0002416094702443965 -0.0005818548289327708 0.000883965360664499 -0.00015603810931978158 0.000746273977337276 -0.00013170906002202046 0.00013170349034341593 -0.0007462625788309785 0.00015603905045982863 -0.0008839566930304765 0.0005818623237472709 -0.0002416049487008016 0.0013110847311723407 0.0006967828363915815 0.0018128196740754368 0.0012571193094058106 0.0014784711577578403 0.0010144802200097083 0.00011995869102695733 0.0001576545827956205 -0.0018799304733835018 -0.000534192556359275 -0.003837697192152833 -1.6669196701143515e-5 -0.005397817079293813 0.002667678723801731 -0.007550043055403054 -13.246009918395123 -21.27296980580441 -28.85831605998285 -30.494580786088438 -29.946866199620683 -24.66241815464486 -17.63627074995774 -8.482536670298852 0.47899742559022934 8.672554563324978 14.852265924035468 18.46523001060476 19.598489846411702 18.138216695702457 15.279221729116248 11.144206127059887 7.352543360043682 3.743668331383307 1.612911658595664 0.21177915861348778 1.1459241585865945e-5 -21.272967846221885 -38.06840503454489 -51.448146814772066 -57.03353871927635 -56.03695335758013 -48.05171912672879 -34.83505864785358 -18.628127347459056 -1.2638481924547653 14.009777458711637 26.503880684474936 33.57045370740641 36.49823207174044 33.94857039644734 28.936579609819507 21.05426295082421 13.839089960417564 6.834685861066734 2.6039011020580594 5.647753496955215e-5 -0.21172400683011403 -28.85830996285001 -51.448141127931564 -67.69855266471403 -74.69158817255715 -72.09333146035401 -61.117788711812906 -42.78165713345052 -21.427234584308607 1.6293203641043474 21.059590528051785 36.90776363030577 44.96551746912461 47.69374700762536 42.994290457863876 35.33139808428436 24.153975644351465 14.202711416369896 5.0973847838822826 9.297652919855573e-5 -2.6037579528081194 -1.6128373407701868 -30.494567132563287 -57.03352003667676 -74.69157218183791 -83.46062266311458 -79.88449188642902 -67.97536543889697 -46.500603264169385 -22.56866327285682 3.9926462882001483 25.490972807460135 43.1292201020425 51.17326909028515 53.156384416920375 46.38051140077281 36.30007435675287 22.4874749901027 10.474373316235596 0.00012152070625062332 -5.097169940922386 -6.834520509136121 -3.743580965019219 -29.9468443598361 -56.03691874306998 -72.09329234031081 -79.88446719253308 -74.63070947249759 -61.88649270810463 -39.44867779434116 -15.578809976134611 10.603201991044143 30.734669100713948 46.47290982411528 51.94637044625808 51.0342423037394 41.36843124151456 28.702650608488884 12.917967621280528 0.00010827640221026827 -10.47414332245903 -14.202502484072156 -13.838933076581803 -7.352455489188365 -24.662385080716298 -48.051664066651774 -61.117721557884934 -67.9753043198036 -61.88645719402782 -49.988371815769625 -28.691151399882617 -7.145016998032371 16.35062207725737 33.20980719465002 45.53141743098075 47.659277639072315 43.63922928852414 31.371227336553165 16.855084611775816 7.253309046433832e-5 -12.9177782719447 -22.48728091024605 -24.15379005833371 -21.05412416195768 -11.144129466572947 -17.636229381363712 -34.834983776513894 -42.78156587803216 -46.50050853322122 -39.448599816611846 -28.691106930907292 -10.72384088930827 6.262288091994627 23.95321297866779 35.02526226711562 41.471208131542646 38.70693714923032 30.69961698747599 15.855851343619923 2.1637493861418496e-5 -16.855003611389588 -28.70252729987829 -36.29993934809602 -35.331269630709336 -28.93647803284071 -15.279163695290428 -8.482489261497776 -18.62803990327398 -21.427120325023335 -22.568541732856293 -15.578698858810915 -7.1449295423422425 6.2623317358721575 17.54354122928298 28.55505022181037 33.329657533018725 34.0230221967536 26.992615692543097 16.010610629272453 -3.398895838661807e-5 -15.855867971776224 -31.371205303968278 -41.368380803170574 -46.38044096540349 -42.99421868906153 -33.94851505356572 -18.138182052145556 0.4790443208604897 -1.2637580097822576 1.6294380292030928 3.9927844969837034 10.603335479141428 16.350743014274236 23.953301285395696 28.555099484259422 31.76162660601671 29.669022202756253 24.211275069099067 13.300420335065036 -5.024215962315913e-5 -16.010694931085276 -30.699692777254512 -43.63927422279411 -51.03426938157705 -53.15639591397861 -47.693741937909294 -36.4982270263179 -19.59848179157805 8.672595367829802 14.009859581840116 21.05969939696982 25.491104171559584 30.734806829948045 33.20994020685273 35.02537232171984 33.3297411618562 29.669062286501138 22.21252697625669 12.53432259995016 -3.664097703057872e-5 -13.300530207232068 -26.992722703038716 -38.707042922377504 -47.65937891603499 -51.94645188977817 -51.17334225051339 -44.965568348694084 -33.57049184687718 -18.465245745774144 14.852293134099366 26.5039390644915 36.90784582445247 43.12932721679564 46.473028331334795 45.53154865253219 41.47132950610998 34.02313047985616 24.211355059288678 12.534363333646493 -7.532171962136178e-6 -12.53436591268954 -24.211354078885957 -34.02313623025021 -41.47133237772698 -45.53155650639754 -46.4730426975806 -43.12934167529642 -36.90786247443503 -26.503952922761133 -14.852300197685729 18.465239951046616 33.570480565205806 44.96555574374262 51.173330325382324 51.9464452328904 47.65937297226666 38.70704481843348 26.99272360818293 13.300522377666876 4.048426708245287e-5 -12.534317902185931 -22.212538914317804 -29.669068327379122 -33.32974948632675 -35.0253828424224 -33.20994920231901 -30.734815853965358 -25.49111624649427 -21.05971009265677 -14.00987005106874 -8.672601673503506 19.59847589664382 36.498218110148706 47.69373177565563 53.156386168182436 51.034264846830304 43.639278508895785 30.699695878541977 16.010709298786605 6.070226381817889e-5 -13.300428462247568 -24.211273151209237 -29.669021419755893 -31.761632876108834 -28.55510581243732 -23.953309480132088 -16.35075561912314 -10.603345890161476 -3.99279418599474 -1.62944657990842 1.2637526920331448 -0.47904805492934704 18.138179300844122 33.948510918015195 42.994216397371396 46.38044078277523 41.36838350542183 31.37121427940242 15.855882217274303 3.6698885248272805e-5 -16.010590459435058 -26.992599108802008 -34.02301957633576 -33.32965893843485 -28.555054111069524 -17.54355187253179 -6.262336833998078 7.1449237340772855 15.578697049750183 22.568541144915002 21.427121131972154 18.628041026777353 8.482490043621183 15.279162249267081 28.936477218842324 35.33126957160333 36.299944040997225 28.702540233933785 16.855012961608235 4.302094802698596e-6 -15.855828518347622 -30.699607986451262 -38.7069239735013 -41.47119622985196 -35.02525932796788 -23.953213099431164 -6.2622917552116055 10.723837951922105 28.691106321679836 39.448600811908314 46.50051489940505 42.78157292259873 34.83499248071621 17.636233613116495 11.14413068894925 21.054126830947034 24.15379882224929 22.48728747597254 12.917799097164558 -5.258355393950919e-5 -16.855071672013402 -31.371203413935564 -43.63920366990958 -47.6592659964722 -45.53141081317202 -33.20980444002508 -16.350622145558425 7.145016707382171 28.69115426614949 49.988382499955804 61.88646965965457 67.97532029422602 61.117737619224236 48.05167774737649 24.66239225675957 7.352459319620163 13.838936273558886 14.202513880852186 10.47415771548059 -9.324873406738985e-5 -12.917939477689679 -28.702623851867013 -41.36841713712994 -51.034228469676286 -51.946358482883326 -46.472904398404125 -30.7346661794032 -10.60320055942951 15.578815155289467 39.44868296812652 61.886505537131434 74.63072630292572 79.88448806356215 72.09331384430676 56.03693653732247 29.946853244998785 3.7435858610932744 6.834528762456847 5.097179539845332 -0.00010329062601269354 -10.474353511992973 -22.48746091672388 -36.30005180529346 -46.38049096680447 -53.15637277975954 -51.17326519084039 -43.129219661423384 -25.490971777560787 -3.992647576856378 22.568669123259532 46.5006153216015 67.97538401452447 79.88451466053533 83.46064766471795 74.69159438868206 57.033539670738925 30.494577571681287 1.6128410394107235 2.6037659280410934 -8.231557185425817e-5 -5.097373940651892 -14.202688513640839 -24.15395418896345 -35.33138382333871 -42.994278581405624 -47.693739674713676 -44.96551286377436 -36.907766634817186 -21.059591087977484 -1.6293199218802945 21.427237926054005 42.78166694761774 61.11780614273461 72.09335301369178 74.691612675098 67.69857540626182 51.44815924225829 28.858320826007834 0.21172594258177052 -5.226520598560603e-5 -2.603891500857044 -6.834676403208622 -13.839080509363168 -21.054248685612592 -28.93656587183094 -33.948559854880855 -36.49822812725294 -33.57045282659317 -26.50388219585834 -14.009780362553096 1.2638480139017776 18.628132191304758 34.835068259438 48.051734432330306 56.03697187149916 57.033557524075505 51.448166149988296 38.068418610177574 21.272975638142643 -1.0273340712559831e-5 -0.21177728978912227 -1.612907901116633 -3.7436618604814833 -7.352536717134123 -11.144199796819729 -15.27921673716017 -18.138211915008668 -19.598487452899477 -18.465229493127847 -14.852266624810028 -8.672555597541358 -0.4789977287011616 8.482539498946334 17.636275917646863 24.662425900675387 29.94687670962922 30.494590717254493 28.858326980730354 21.27297829593126 13.246015185219077
</DataArray>
        <DataArray type="Float64" Name="Mode_9_w" NumberOfComponents="1" format="ascii">
 1.513147366677505e-7 0.004723467833733072 -1.517110495834529e-7 -0.0047234662001637 -0.0005866799251072804 -0.00046114476143760776 -0.0009631114229143367 0.000311224954631232 5.9437591929340545e-5 0.0018933944394078053 0.001300527138321795 0.0028253017262728623 0.001418962248322766 0.0022972429824285306 0.0003450808052798716 0.0010052566606102457 -0.000625984645480118 0.0004922055781611282 -0.0004193277070078243 0.0011541369559420948 0.0005137731035840845 0.0023456079013145074 0.00025193866818541694 0.0032823473633422206 -0.0013624983312904996 -0.0013624894706265893 0.003282395048087073 0.000251991998396576 0.002345617455456982 0.0005137697059280551 0.0011540403690097176 -0.0004194339881305805 0.0004920272451404622 -0.0006261239576195164 0.0010051002005981313 0.00034500129529010335 0.002297190959200659 0.0014189511212291121 0.0028253279180350723 0.0013004929623888814 0.0018934110930655676 5.928698045679059e-5 0.000311223965605334 -0.0009633938078587537 -0.0004610364991287884 -0.0005870907256600714 0.0005866787226593232 0.0004611476793446989 0.0009631108352922471 -0.0003112248318410316 -5.943947423254862e-5 -0.0018933949911261257 -0.0013005302657545681 -0.0028253016325127792 -0.001418962709476652 -0.002297244343958981 -0.000345081676186834 -0.001005255209444777 0.0006259844934034123 -0.0004922066731613638 0.00041932903547106437 -0.0011541349330554964 -0.0005137749768321727 -0.0023456039830072072 -0.0002519393352884481 -0.00328234601391058 0.001362496425662708 0.0013624878402563982 -0.0032823922749070245 -0.0002519930658906389 -0.002345619655945595 -0.0005137677470358855 -0.0011540400233456208 0.0004194296244684823 -0.000492024164921013 0.0006261246032689719 -0.001005106703098198 -0.0003449971389826935 -0.0022971953259194404 -0.001418945695682665 -0.002825325217171451 -0.0013004956976177796 -0.0018934057968151821 -5.928668757060585e-5 -0.0003112261555990052 0.000963395410048607 0.00046103367824846056 0.0005870907994808459 0.0003454434228798273 -1.2962224316864888 -4.351124657826626 -9.617748003259647 -15.80779750568784 -22.3835758630831 -27.265864603982227 -30.265890276246726 -30.079825012608413 -27.924179676242222 -23.782834552635194 -19.86063974363294 -16.45090492683762 -15.157884773031714 -15.184031831176192 -16.735525693026876 -17.99725217725959 -18.489197976866887 -16.41687077375083 -12.79328946236664 -5.341789571459975 1.2973061185001014 0.0009502715754012246 -4.238616164788962 -13.295772416262796 -24.275093709576712 -36.80645948329377 -46.39199826186502 -52.81453316602402 -53.11852622154766 -49.54627150272231 -41.91465045115447 -34.2510467990742 -27.343307164874552 -24.41398553296994 -24.354528262522983 -27.672452557261558 -30.6068266087969 -33.327767494887745 -30.103272945529163 -25.45392888288832 -12.793334330931994 4.352544102838993 4.241071263919128 0.0015134191226755173 -11.452230935613118 -25.564388098361572 -41.95984559158344 -54.278578877501815 -62.12849538647171 -61.63449502521827 -55.660667418654256 -44.571539596817864 -33.84313249586635 -24.825910800239026 -21.693980498235618 -22.63611580076671 -29.16807019448235 -34.25882330941925 -39.72872712556422 -36.98191738288218 -30.1036095097476 -16.417084000364802 9.619200467203505 13.298376976878732 11.455329183909543 0.001503048999463357 -15.628474900730197 -34.55054374915082 -49.116080709160755 -58.07087515945568 -57.12255399278799 -49.158391052502644 -34.92521679783707 -21.054133722888157 -9.62281848878126 -6.686608961547843 -8.997929102560246 -19.256020312620468 -29.155897446406033 -37.93097397182316 -39.72942433563498 -33.32871833901648 -18.48973297257654 15.809221090625202 24.277560326067675 25.56714162056899 15.630826798629329 0.000660038040794133 -19.319121983989866 -34.39920841528451 -42.727588965398816 -40.061577636551576 -29.35962628135048 -12.268338623192962 3.5395491476535743 15.983372926596106 18.21230920669508 12.411534221084018 -0.914342811861486 -16.74648062448385 -29.157128550664208 -34.26058254618221 -30.608602047021037 -17.99822016018096 22.384853716150893 36.80865607122974 41.96209893133306 34.55208767816274 19.319256096195282 -0.0007353207523484656 -15.593888312664014 -23.60068201847726 -20.011709871261452 -7.144325790870163 12.667956806594535 31.396979818400563 44.159232757139804 46.82021146999871 37.43228415316434 20.212525715089175 -0.9156326105506595 -19.258537387717208 -29.170982310160905 -27.675117804294697 -16.73697918926099 27.267065645325644 46.39394990488976 54.28040402876161 49.11687704106157 34.39830821119214 15.59104608077046 -0.002220165488296148 -6.77174510540387 -1.7519189957576857 13.67111577703078 34.46335203948293 55.61922711869773 68.11469927869567 70.00261404322046 58.40353778439982 37.431050514946946 12.409026524899499 -9.00158181796113 -22.64001924680228 -24.35794280882358 -15.185905553634566 30.267097967904558 52.81645068080204 62.13022366272168 58.0714132255513 42.72622548463467 23.597131903117088 6.766409448235739 -0.0031840268122537594 4.58522385309618 22.299945165269868 44.67779684713642 67.5930950558031 81.4857143251116 83.00839796400274 70.00219430896065 46.818514816327216 18.20923893446782 -6.690883307625122 -21.69848958603792 -24.417869657063555 -15.160056572415941 30.081189407075243 53.12065707903571 61.63649325140899 57.12332985702759 40.060444622002606 20.00832062395407 1.7467294836501042 -4.5914677599115645 -0.00302877715927621 17.931385572141526 41.551833076589986 65.1082032736348 79.59205671867397 81.48608861061359 68.11456714139092 44.1577394102056 15.980390927733545 -9.627068719971469 -24.830515503676374 -27.347255641898897 -16.453161920064378 27.92580039046402 49.548881583308564 55.663333442302715 49.15996387649826 29.35936351954815 7.141864678291155 -13.675343090992737 -22.305168554317692 -17.93638161622642 -0.0018944214293925344 24.430803366115374 49.25718184198569 65.10959367596946 67.59483678661569 55.620328749962894 31.39656436941631 3.537362479306928 -21.057758640902534 -33.84735233643039 -34.25474810446995 -19.86280265307345 23.784750742319186 41.917817202382565 44.575006618594024 34.927829638043676 12.269330943993584 -12.66896305451287 -34.465977118292614 -44.68124351922895 -41.55498959482349 -24.43268526285948 2.503017183970241e-6 24.43268121345187 41.55500661223393 44.68125212335103 34.46597091746065 12.668966040306758 -12.26932836215986 -34.927842976843365 -44.575014431730025 -41.91782906119281 -23.784756514291853 19.862801635833698 34.25474486307693 33.84735046895354 21.057758540066622 -3.5373700533600188 -31.39655392849977 -55.62031615581031 -67.59483985541128 -65.10959068764272 -49.25717335113947 -24.430793434461005 0.0019026788760785427 17.936375263327804 22.30518641995989 13.675351311846308 -7.1418776231436505 -29.35937435338822 -49.159982388694935 -55.66335422069242 -49.54889856540617 -27.925810831116642 16.45316364674649 27.34725909419092 24.830519655062343 9.627075654860642 -15.980381407087124 -44.15774646815388 -68.11455997253417 -81.48608046447298 -79.59205720433478 -65.10821000583401 -41.55183802844606 -17.931376957770134 0.0030417748053620172 4.591458994774611 -1.7467195208322268 -20.008330199227935 -40.06046381678972 -57.123357359366814 -61.636522507022384 -53.12068072705576 -30.08120231056027 15.160060089078682 24.417877715067867 21.698499260348914 6.6908851542925305 -18.209231155902195 -46.81850163351484 -70.00220068757983 -83.00840132453851 -81.48571871841658 -67.59309141355588 -44.67779488899583 -22.299953662036195 -4.585208395110476 0.003195940251688789 -6.766413727452488 -23.597138394702466 -42.72625135909107 -58.07144297149722 -62.13026228751819 -52.81648156184641 -30.2671138442618 15.18591278990324 24.357951493912505 22.6400365887193 9.001595422131148 -12.409025052683358 -37.431049575101696 -58.403531160180925 -70.00262276694735 -68.11470869617794 -55.61924708740361 -34.463340794427424 -13.671105934394285 1.7519248777965206 6.771760733580875 0.0022256738614192355 -15.591052311249172 -34.398327343283874 -49.11690848982786 -54.28043513418983 -46.3939829837385 -27.267083658798114 16.736988192756133 27.675133115743435 29.17099401826828 19.258553612593637 0.9156466069724752 -20.21252785135874 -37.43229136307759 -46.82022298008431 -44.15923650389507 -31.396983766985382 -12.667967609159806 7.144346146734035 20.01173014477556 23.600703964591787 15.593900045853182 0.0007347545372882729 -19.319268627642536 -34.55211423715525 -41.962130474103326 -36.80868280891329 -22.3848703723638 17.998229062127695 30.60861907402239 34.26060445642353 29.157135524441234 16.746491066938326 0.914340545455124 -12.41153759663449 -18.212325621768347 -15.983393506982079 -3.5395478836951884 12.26834626514836 29.359638474433513 40.06160693833902 42.727617519037565 34.399233815777684 19.31913017392434 -0.0006647686731129746 -15.630839276110375 -25.567162058408968 -24.277583476157265 -15.809234888050296 18.489742523308294 33.32873164060685 39.7294442053142 37.93098824804148 29.155903721497168 19.256018675805585 8.997912861907887 6.686607025719193 9.62280516102541 21.054125187122164 34.9252239484891 49.158414905725785 57.12258504122567 58.07091602474534 49.11611224888384 34.55056744236063 15.628478400315908 -0.0015120444681964993 -11.45533923551157 -13.298389674974214 -9.619209798087956 16.417091214798766 30.103619179825813 36.98192829478315 39.728736172118026 34.25882475864385 29.1680724883198 22.63610305799298 21.693961711391413 24.82590458586464 33.843132605927934 44.57154711425138 55.66068787048394 61.634526624069125 62.12853329933271 54.27861776396382 41.95986959123637 25.56440496753562 11.452231289748669 -0.0015202810504464203 -4.241077436077946 -4.352549008045238 12.79333867553685 25.45393689186288 30.103277328453025 33.32777452097879 30.606825324019333 27.672449528912413 24.354524875487456 24.4139773257731 27.343292994698746 34.2510446117986 41.91465825692386 49.546290980191344 53.118556753994824 52.814565004281064 46.39203066345551 36.80648529361244 24.275106591169017 13.295780106020883 4.238615255209242 -0.0009530107913604584 -1.2973072831050119 5.341790526391586 12.793292130059404 16.416872082965202 18.489197983771696 17.997252419661997 16.735523097100426 15.184027411436507 15.157882019274641 16.45090111999036 19.86063499309973 23.78283738374855 27.924187673303326 30.079841548803227 30.265908577388632 27.2658813608276 22.383592085737952 15.80780807791422 9.61775237810329 4.351126316326249 1.296221074692856 -0.00034631495588461703
</DataArray>
        <DataArray type="Float64" Name="Mode_10_w" NumberOfComponents="1" format="ascii">
 0.0039955989233286535 -1.6627102397863495e-7 -0.003995584256478761 1.9149952650158736e-7 0.005428121655434886 -0.0014681879923361407 0.0037288706893826976 1.933089663671203e-5 0.001985946407211289 -0.00017619127973465167 0.0004349521912709217 -0.00027606162574041686 0.00015043186734310003 0.0006746403638394551 0.0010670973080435305 0.002005644195183859 0.0018550222819736545 0.002339620354864824 0.00139932711193178 0.0012731490612052038 6.010541478049095e-5 -0.00013409797256292946 -0.0007461046270873829 -0.0005953236147112421 -0.00012480376264564804 0.00012489791295941955 0.0005950957451201959 0.0007460851712312518 0.00013393431708860626 -6.013861678089885e-5 -0.0012732290258989278 -0.0013992938206432474 -0.0023396552229082903 -0.0018549875447212447 -0.0020057214381606564 -0.001067135036452511 -0.0006748224844675514 -0.00015054105174030369 0.00027583775226696164 -0.00043504458361660604 0.00017604808671447454 -0.0019859410581369026 -1.934908014818673e-5 -0.0037287871619315553 0.001468219147037026 -0.005428058764175796 -0.0054281031634723755 0.0014681841615832327 -0.0037288610522404173 -1.9324519506904732e-5 -0.0019859376711944786 0.00017619267015398052 -0.00043494653036911085 0.00027605478974289496 -0.00015043423888859433 -0.0006746478466091732 -0.0010671089512024766 -0.0020056446861788824 -0.0018550368030539766 -0.0023396167880763343 -0.0013993258816497826 -0.0012731416557972286 -6.009936763958111e-5 0.0001341132518590952 0.0007461027880365229 0.0005953446860805355 0.0001247948434487664 -0.00012490619090408278 -0.0005950758353792694 -0.0007460841859685154 -0.0001339212679417774 6.0143466351746963e-5 0.0012732398277080842 0.0013992905276411863 0.0023396589751233958 0.00185497670918154 0.0020057162424760187 0.0010671265401630107 0.0006748154865236772 0.00015053533368399646 -0.0002758418094925939 0.0004350457946344507 -0.00017604594763187485 0.001985950488130405 1.9352291760106245e-5 0.003728799986665769 -0.0014682242858193421 0.005428078293202813 9.122810588698345 14.306932429255031 18.74637021360515 19.207600649318564 18.807248129193855 16.865366643163327 15.860707147233581 15.936937089945541 17.95306856060428 21.358446982413852 25.24694446697241 28.513221146368092 29.777135441846713 28.668418040801598 24.821350286391038 19.292657310140825 12.86100727503699 7.149588974713461 2.8504164027170993 0.6087704153358453 0.00021654391222905554 14.306835455864174 25.097612847891092 32.428059508079876 34.405646282573855 32.64201346539799 29.021214108398695 25.7479038510379 25.318201689203207 28.046363079775315 34.342784377605305 41.71381527407834 48.722347747923045 52.15209049526386 51.30584469097703 45.12646507111746 35.360371350021545 23.590774290926937 12.64968675497801 4.492315780446665 0.0010311966477680528 -0.6077328550761367 18.74604237362062 32.42774143446491 40.01994848297382 40.933013277202505 36.33452166432445 29.82932271668994 24.020101099981538 22.783375374025354 26.307149412279205 35.08719698387346 45.61399085291892 55.53801844276093 60.694748793531986 59.670295362794725 51.65719484734022 38.516991648753475 23.367407485238576 9.272346536852762 0.0015026198600924256 -4.48987783216769 -2.8490875246833185 19.20687648015032 34.40464509208224 40.93214900464631 39.825028420249254 31.074267797378326 20.39704174597943 10.499313080333469 6.967173545905153 10.098208984516656 20.59033374270402 34.34028076073907 47.77166957631878 56.06279025102007 56.36025093908941 48.39949182830815 33.316920051844235 16.28830036846129 0.0015482060286719623 -9.26911876873961 -12.646986027457972 -7.14809384903636 18.806055360479473 32.640183451880134 36.332594653303104 31.073087280639232 17.46360504937081 1.7552432982622574 -11.966797101568858 -18.054202703705204 -15.125157527554846 -3.6031350166205423 12.832792210954205 28.622907576690814 39.44301659628041 40.54660323955728 33.1120644439813 17.09907665974593 0.0007165734285835164 -16.285896046646226 -23.364629853244242 -23.588309220198482 -12.859558627243725 16.86367580940489 29.018433421307424 29.82615450891488 20.394436547479653 1.7537802975381027 -19.453039068197885 -37.6420407869411 -47.05781572497706 -44.91433269653952 -32.671930496181695 -13.344658758076854 5.3691923302051725 19.58987320963055 22.470312230541992 16.316744911275304 -0.0007293275951199046 -17.09889937210658 -33.31533026780821 -38.5146451886618 -35.358172316942195 -19.291326551176194 15.85864735151259 25.74440024056655 24.015997633646336 10.495603231630813 -11.96939107483338 -37.643224206697184 -58.75578913962788 -70.60922363263983 -68.6726239592122 -56.07901917152045 -34.79007203199212 -14.457406082814183 1.7353897994610217 5.505641605855668 -0.002211342235840881 -16.31955919810628 -33.11296261519886 -48.39876951871347 -51.65543085118822 -45.12458357815687 -24.820172644244522 15.934646489964459 25.314207891754112 22.778681547303425 6.962780393586005 -18.057429612872394 -47.05959545524627 -70.60973472166488 -84.37237634638822 -82.54761655932872 -69.0826198948253 -45.672539680650004 -23.098344037744727 -4.908247058128065 -0.003145812275503751 -5.510957110849901 -22.47389295139035 -40.54801387874867 -56.35978338271538 -59.668679757742076 -51.304023658166635 -28.667277435419084 17.950793586503373 28.042343525522277 26.302488869536855 10.09389295550833 -15.12818853004972 -44.915846069043816 -68.6727519938179 -82.54726794341224 -80.24811184096683 -66.00469859490333 -41.77687013506584 -18.321840219133954 -0.0029849228125955417 4.902087359206676 -1.7405761863570046 -19.59329084701219 -39.44432627225214 -56.062185017642285 -60.69297609640348 -52.15010928910105 -29.7759335550884 21.35633363821926 34.33903753323409 35.08298419601856 20.58661463102892 -3.6053493671419083 -32.67246755462467 -56.0779818725707 -69.08092659828188 -66.0033416354955 -50.15592470485183 -24.88395050313499 -0.001809605218071712 18.31699206711551 23.09324794596373 14.453160593069928 -5.371671661977392 -28.623308075898272 -47.77023831560207 -55.53560799542761 -48.71987598313324 -28.511781555120987 25.245143963481343 41.71064290473973 45.61062061056515 34.33763780230889 12.831862189103498 -13.343694919050513 -34.78746227965079 -45.66915187271243 -41.77372002300364 -24.88209436509806 7.871391639366178e-5 24.882231001368616 41.77382111129153 45.66918381043335 34.787433830000424 13.343593715994938 -12.83202089857653 -34.33781824833035 -45.610790359117296 -41.710780097370446 -25.245216916407927 28.511719922330304 48.71975575129057 55.535456801782956 47.77008008411166 28.623176387657246 5.371571522311718 -14.453192907142551 -23.09322179707874 -18.31690630375652 0.0019237878617079862 24.884087439521174 50.15604222418658 66.00343522831221 69.080965582665 56.077955266761066 32.6723901336414 3.6052265966024275 -20.586768556702545 -35.0831308458816 -34.33915414670186 -21.356401075762506 29.775891147333297 52.15002469153598 60.692870953287155 56.062061007006406 39.4442260930982 19.593216696408685 1.7405498030589388 -4.902071399497891 0.0030552516587143484 18.32193126873804 41.77697745846968 66.00479606969148 80.24818025542925 82.54730784047189 68.67274684084805 44.915786654559696 15.128101263254003 -10.093997792336046 -26.30259503805054 -28.04242676264163 -17.950842316050117 28.66727218835356 51.30399938197155 59.6686572300776 56.35974745239933 40.54798240504427 22.473857083212806 5.5109455249694586 0.003144417196142104 4.908268539665113 23.098379680759066 45.672581593541814 69.08266595200989 82.54765722262947 84.37239626285702 70.60975115275416 47.0595951801412 18.057408458919827 -6.962807901939643 -22.77871727961342 -25.314237169457694 -15.934669788532345 24.82020424449538 45.12462490182213 51.65548103718505 48.39880928174891 33.113002956954645 16.319576811700024 0.0022157584992037343 -5.5056476903911955 -1.7354038655536284 14.457387803459474 34.79005632740653 56.07900419907834 68.67262360769558 70.60923751495184 58.75580484674982 37.64325975458738 11.969429228762772 -10.495559606498512 -24.015965815589784 -25.744369775862015 -15.858636866061483 19.291390794138906 35.35828008293713 38.514785227418265 33.315461379611726 17.099004958081753 0.0007984311109133069 -16.316724089467375 -22.470342026119994 -19.58993611757537 -5.369277442298122 13.344569443523566 32.67185816417438 44.91427829733314 47.05781204432228 37.642078403557406 19.453116834850775 -1.7536803717091818 -20.3943177571046 -29.826054158359224 -29.018352273839618 -16.863637177370684 12.859644888094605 23.58845574801217 23.3648108305879 16.286087244312252 -0.000555413226587549 -17.09897099068012 -33.11202235840238 -40.54662940167786 -39.443107586222496 -28.62303270833459 -12.832940049169496 3.603012436785396 15.12506819948808 18.05416852172902 11.966821066631718 -1.7551482874857327 -17.46347695212632 -31.072930390108056 -36.332449372070535 -32.640065861122814 -18.8059941251582 7.148188914264651 12.647162525857953 9.269335665615534 -0.0013295148387744374 -16.288111855451326 -33.31679229630331 -48.39945367659809 -56.36028905117885 -56.06290810271555 -47.77182729059755 -34.340460605637446 -20.59049224747155 -10.098325168286598 -6.967215353391583 -10.499290613184787 -20.396941367011294 -31.074118934664828 -39.82485419959358 -40.93198571580056 -34.40451519745214 -19.20680565385365 2.8491724110030168 4.490032985693288 -0.001303900895856443 -9.27213311582768 -23.367229457563315 -38.51685903710113 -51.65714566243839 -59.67032507184419 -60.6948568531491 -55.5381723056106 -45.61416651787616 -35.08735206763186 -26.307272893664663 -22.78343339045284 -24.02009127606815 -29.82924393791452 -36.334391603916835 -40.93285461082654 -40.01979442114978 -32.427620463232294 -18.745974690139747 0.6078012334075978 -0.0008970037179527047 -4.4921598757794285 -12.649516859375558 -23.590632693204718 -35.360272675180894 -45.12642960617925 -51.305872726646115 -52.15218141806635 -48.7224724007523 -41.7139590014714 -34.34291240638776 -28.04645957975434 -25.31825008358419 -25.747895831464408 -29.021151754969537 -32.64191042989984 -34.405524540636385 -32.42794131982387 -25.097519659359875 -14.306783421951396 -0.00018842729928934446 -0.6087022074124244 -2.8503314737961625 -7.149496700247277 -12.860924612419584 -19.292596333704378 -24.821324176200235 -28.66842665024149 -29.777179651772318 -28.513287275988016 -25.2470211929196 -21.358520598644148 -17.95312672558777 -15.936970285564284 -15.860709269340047 -16.865338502736737 -18.80719521614579 -19.207536570452934 -18.746304879872962 -14.30688160127146 -9.12277774431664
</DataArray>
        <DataArray type="Float64" Name="Mode_11_w" NumberOfComponents="1" format="ascii">
 0.005556590997424938 0.008192170887376716 0.00555660110136462 0.008192173564357162 0.007644013952669833 -0.0018287662303611188 0.005550889131698912 0.0007716488471773783 0.00347087628970395 0.000557369536028215 0.0005414145151406229 -0.001075321149441245 -0.0022718835234112472 -0.0023663716547298523 -0.003527934529558723 -0.001898335283140292 -0.0026415961359570845 0.00022141406866484198 -0.00038895932765880517 0.0030269481301736546 0.001327754576837573 0.004958872318496924 0.00045985261557606 0.006064753746449746 -0.0025062287973143613 -0.002506228972744815 0.006064751465144924 0.0004598526840654622 0.004958870367595115 0.0013277536404478058 0.0030269522561051343 -0.00038895758096275614 0.0002214213030032583 -0.00264158790154475 -0.0018983301760730404 -0.003527926140527882 -0.0023663702113062442 -0.0022718833051842443 -0.0010753224134925669 0.0005414141883416858 0.0005573679591324218 0.0034708810418159894 0.0007716470273849902 0.005550899986816336 -0.0018287703234719703 0.007644027985685516 0.0076440278630725556 -0.0018287696687685913 0.005550899058545669 0.0007716469055134808 0.0034708828179671933 0.0005573671174267749 0.0005414153253997169 -0.001075321592658455 -0.0022718820397316423 -0.0023663705238894856 -0.003527927159043954 -0.0018983310857796198 -0.0026415895672534115 0.00022142091878422603 -0.00038895627135277145 0.0030269532121145566 0.0013277525194145957 0.004958874709824192 0.0004598499888128757 0.0060647546431911075 -0.0025062303621266623 -0.0025062293624531352 0.006064754265238154 0.00045985463019684706 0.004958872988187448 0.0013277541853560645 0.003026949967424428 -0.00038895967542440377 0.0002214138364277699 -0.002641593335532437 -0.0018983364391576417 -0.0035279324600185355 -0.0023663716783312366 -0.002271884072243981 -0.0010753208562239852 0.0005414107207572392 0.0005573709343373604 0.003470874766347116 0.0007716491551572797 0.005550890326281061 -0.0018287673175490925 0.007644014849140198 12.739415895367205 19.82454884664816 25.36100105219058 24.280194667411582 20.025071788762205 11.060764351230553 0.45818950637342737 -10.806873404094606 -20.30125202462104 -26.250445093539078 -27.80435726666709 -24.014673290037344 -16.306076037980624 -4.974819765224956 6.920660232825085 18.470152559347884 26.16053627990341 30.172390997976212 27.817767499430516 22.08049916225769 9.175729821245916 19.824550031091764 34.864952488106965 44.57450485586723 45.675325893636206 38.35557985325424 24.221498145916478 4.764012732557566 -15.165028218844105 -33.85274526187597 -45.75745218895997 -50.99875351119839 -45.70409116400839 -33.496408060945654 -13.448235379060208 7.622671457837278 29.84357339205743 44.66933248637633 54.88205950476248 51.06187935327672 44.03548009156481 22.08050072594129 25.361002777682913 44.57450856394951 55.40876420832557 56.80275721226264 46.85190790463436 29.4100276320271 4.726602801247542 -19.667208238575355 -42.89338891237181 -56.78547846699265 -62.932985388524926 -55.65403891690385 -40.73553084063565 -15.131276995913588 10.310655188069639 38.34759302639641 55.124238023926 68.15793149673254 62.971709805342044 51.061889144398585 27.8177733689308 24.280198483608384 45.675331944854676 56.802764101873755 60.21452444102674 50.282916273683384 33.90732292218587 8.22876853507557 -16.508227933610286 -42.08661022887064 -57.5010168172458 -66.26986908218302 -59.33076447882477 -45.84621690841032 -19.156108639288856 6.42526202299409 36.99581000753775 55.89537409594937 69.00888983456412 68.1579537677243 54.882090865106626 30.172408643271645 20.025078411455848 38.35559018950987 46.85191979602273 50.28292186543052 41.551419375704974 28.634557149743575 6.813595988598931 -13.009745584509316 -34.58786449259838 -46.35846719515803 -54.63119651067914 -48.59547797572109 -38.24123035094039 -15.93055291665245 5.401927881699334 29.01907096309092 47.081786599199944 55.89541526810572 55.12429625825738 44.66939018456182 26.160567938002455 11.060772578419325 24.221512826026927 29.41004743436929 33.90733956458146 28.63456635913913 22.56158209948999 8.154803260969953 -3.884188373063683 -20.262394537298338 -28.829232576730433 -36.54927074129586 -33.96573556349132 -28.38854123381853 -15.540540860155014 0.5872206449246308 15.428101258127546 29.01911318999902 36.99589302610065 38.34769259772726 29.843665663476457 18.47020166472122 0.4581997013675026 4.764028542299644 4.726621786115029 8.228787537274826 6.813611133133162 8.154807814311988 4.368165691035882 3.50481812331019 -1.324519323195614 -3.8350743291874125 -7.620125038046775 -9.390383335403865 -8.248537125296243 -7.69800890423698 -3.294243410351911 0.5872583404085283 5.402012371263584 6.42538473963207 10.310786234504691 7.6227885948640655 6.920725385587873 -10.80686537678184 -15.165011836067341 -19.66718735931967 -16.508208938689577 -13.009726997676918 -3.8841773706175546 3.504823712639926 11.517975718658906 16.679939550980784 18.598402156481082 18.62706498012859 12.622739971535212 7.139498273283781 -1.255952708041948 -7.697996027889931 -15.540488055323799 -15.93045327670008 -19.15596039673554 -15.131119996273782 -13.448099030517904 -4.9747429216951 -20.301246946361793 -33.85273502112293 -42.89337396710752 -42.0865942141378 -34.587852447971386 -20.262385507471226 -1.3245155761671596 16.67994639462751 33.76466852670681 41.455093785451844 45.09894226948251 38.07054943486186 26.6916967200065 7.139481313669437 -8.248539989732484 -28.38849266594484 -38.24113024244971 -45.846069584528394 -40.735367001107335 -33.49626600046391 -16.30599462201495 -26.250444281436618 -45.7574459910112 -56.78547083796855 -57.501006772259515 -46.358457960815095 -28.829221948087497 -3.8350680011977802 18.598400596309098 41.45510515291417 53.7479037055326 59.23406292449738 50.35032009148484 38.07049719844801 12.622677815067492 -9.390430112487978 -33.96572731324124 -48.59540101434256 -59.33063163744195 -55.65388241594983 -45.70395113956175 -24.014592002658922 -27.804360884809256 -50.998756748785766 -62.93298801696629 -66.26986916904437 -54.631197545020775 -36.54927114311137 -7.620112814788198 18.627069978290958 45.098939979402275 59.23407548216066 68.71776539478805 59.23399622797224 45.09882251290231 18.626935765265443 -7.6202221577408285 -36.54931181769869 -54.631162123588375 -66.26977023009083 -62.932851569357766 -50.99862891098653 -27.804281380455933 -24.01467972545598 -45.70410070142374 -55.654049420531585 -59.33077474640137 -48.59547910823158 -33.96573924851237 -9.3903848454843 12.622757146728503 38.07055743244562 50.35032255679107 59.23400414795526 53.74776559384224 41.45491332434451 18.59820804387732 -3.835231339880602 -28.829322700568774 -46.35847075972858 -57.50095018273419 -56.78536722899508 -45.757343491335206 -26.250378807463807 -16.306085802089655 -33.496425027944 -40.73554828548618 -45.84623730466108 -38.24124706165086 -28.388540833999482 -8.248538839303778 7.139501614344651 26.69171629845077 38.07051299762979 45.098832389036154 41.45492103277995 33.76444753856495 16.679710415695613 -1.3247089821668268 -20.262519393675706 -34.58790172811189 -42.08656937163206 -42.89330170882932 -33.852653929943735 -20.301193822701848 -4.974830369019157 -13.448254462904933 -15.13130093589637 -19.15612745027304 -15.930575303080595 -15.540556771298844 -7.69800377382025 -1.2559443140120627 7.139495078667346 12.622699141242535 18.626957712734033 18.598220103456008 16.679721604605614 11.517743993441014 3.50462429649505 -3.884313437797925 -13.009787133642018 -16.50819717440979 -19.667128737406706 -15.164944120601175 -10.806820974008922 6.920648752249437 7.622651549265 10.310625588594329 6.425230942234246 5.401908900577257 0.5872027096723424 -3.2942498621280007 -7.697984280881702 -8.248516792504969 -9.39040811680856 -7.620194617197614 -3.83520817681894 -1.3246965592094324 3.5046320004557194 4.368004729117013 8.154701014327477 6.813572641181956 8.228806815782814 4.726678496855612 4.764092717561968 0.4582401645645569 18.470139612331284 29.843551162669826 38.34756807506877 36.99577712512788 29.019043097746188 15.428086255238423 0.5872581350371743 -15.54048198779561 -28.388469898240317 -33.96569850894022 -36.54928503135894 -28.82929592590925 -20.262500357245774 -3.8843052917042735 8.154707479505227 22.561526149310566 28.634566141487582 33.907384470525834 29.41011796128105 24.221582541786084 11.060813293390272 26.160523929920956 44.669308138621766 55.124208166587266 55.895345440293994 47.08176101372965 29.019094149589794 5.402009716450379 -15.93043872237554 -38.24111009161408 -48.59537191348806 -54.63113437286175 -46.35844952309634 -34.58788451422428 -13.009780831445363 6.813573904492202 28.634563636591288 41.551462731692254 50.28299840825064 46.85200567974881 38.35566904852915 20.025123884569485 30.172378991425166 54.88203750424258 68.15790471234335 69.00885852553388 55.89539273046994 36.99588019945327 6.4253797374443895 -19.155950668605744 -45.84604689251547 -59.33060939746024 -66.26974195326362 -57.50093229147025 -42.086557732224364 -16.508194199979943 8.228805311243129 33.9073818153647 50.2829946925289 60.21462321149287 56.80286384198346 45.67541395757546 24.280244297470553 27.817756242828903 51.06185859870448 62.97168672551596 68.15793101352736 55.124274648175565 38.34767950509098 10.310786313279891 -15.131113495277498 -40.735348809072775 -55.653862729439595 -62.93283336543968 -56.785353429516334 -42.89329652872403 -19.66712934236889 4.72667332179502 29.410112461347136 46.852001877441054 56.80286147088335 55.4088626780068 44.57458789011063 25.361048398798587 22.080491525459873 44.03546467397112 51.06187066784504 54.88207152273635 44.66937687202974 29.843653923908352 7.6227879414323665 -13.44809295268988 -33.496253683239985 -45.703936028880314 -50.99861659255191 -45.7573364482262 -33.85265187357573 -15.164947364603792 4.764087236012241 24.221576269423153 38.35566396190899 45.675412516333495 44.574586341432344 34.86501374222579 19.82458539656704 9.175726798754372 22.08049344979981 27.817764729760306 30.17239788416757 26.160559409802293 18.470195378886192 6.92072245005098 -4.974740821914024 -16.30598855580221 -24.014584576916597 -27.80427508583745 -26.25037540266246 -20.30119413721708 -10.806823491584758 0.4582367204010766 11.060809955465942 20.025120339208872 24.28024238221981 25.361047897269884 19.824585032422807 12.739438726262247
</DataArray>
        <DataArray type="Float64" Name="Mode_12_w" NumberOfComponents="1" format="ascii">
 -2.779943777572014e-8 3.02986978144522e-8 -2.7523896621914922e-8 2.7339022959566728e-8 -0.0009339536057885015 -0.0006560954695140095 -0.001307452520557819 0.0008797470041265915 0.0006757494011272847 0.0035810599684315257 0.002606990930781964 0.004542164530967257 0.0018895884924989346 0.00232312567293945 -0.0012769575617427949 -0.0012537474383916836 -0.0039983772848487895 -0.0030245173233506262 -0.0037825929229068143 -0.001827303571389084 -0.0012148269786924038 0.00036116209094041595 0.0008264116149492449 0.0009937779475982327 0.00024265402031188151 -0.00024267067219798603 -0.0009937378925890562 -0.000826396297910541 -0.00036114444959142175 0.0012148540364806633 0.001827298930965183 0.003782606318474603 0.003024503274623904 0.003998379324893862 0.0012537365333251207 0.0012769662574974036 -0.002323126151945208 -0.0018895761601845486 -0.0045421572283644365 -0.002606993921104422 -0.0035810600087571223 -0.000675778606032562 -0.0008797514692031284 0.0013073946664377335 0.0006561127197383476 0.0009338749367764278 -0.0009339527744120856 -0.0006560975211460905 -0.0013074471181642303 0.0008797427810528286 0.0006757512535574151 0.003581057650728627 0.002606992427349353 0.004542159111102861 0.001889594997987608 0.0023231199601592817 -0.0012769554452535198 -0.0012537434842875806 -0.003998381950219721 -0.0030245164325801567 -0.003782595017388029 -0.00182729969313926 -0.001214835709057878 0.00036116766396148607 0.0008264103588501027 0.000993774972322858 0.0002426567167895339 -0.00024266681636864957 -0.0009937445643759364 -0.0008263898115906123 -0.0003611516931833329 0.0012148574853226932 0.001827295123335024 0.003782611747593561 0.0030244974545748115 0.003998384143582575 0.0012537327588302428 0.0012769663674180457 -0.00232312353876332 -0.001889581127063148 -0.0045421530672961705 -0.0026069943138760892 -0.0035810599931569796 -0.0006757795458974682 -0.0008797504385604613 0.001307395478591298 0.0006561117071596079 0.0009338751013034691 -6.43088760264485e-5 -2.035863075445107 -6.671022723307533 -14.309300387455469 -22.49241351026868 -29.91072849564841 -32.99093473307829 -31.313415368930013 -23.185948352058247 -11.085808557754817 3.953166146638598 17.645483210169708 28.43361011523858 33.33918258042259 32.92975783656818 27.372687395204206 19.437100916172497 11.07138422504802 4.637390988876092 1.0348189513179984 3.159040984773661e-5 2.0356649881076763 -0.0001723663332104644 -6.470330186955402 -19.76497584325568 -34.75223678114462 -49.92763195436791 -57.85027652855084 -57.655574824513955 -45.379479007642615 -24.992791403094973 1.7170143759839775 27.29165912842754 47.971273527950856 58.61337261941595 58.84392672460248 49.630340194719295 34.85698461698423 19.319266243404055 6.839734147579108 0.00014290987173605474 -1.0346738375661664 6.670773413409897 6.469901529856508 -0.00025628403478351555 -16.657023590056355 -36.087768119978435 -56.36603349286821 -67.67984364297087 -68.45595755583093 -54.16986290839527 -29.126913340843597 3.215755953977967 34.52521600991434 58.509485335726595 70.21459657274127 67.87823302637116 54.5498858258647 34.39494196302508 14.528936389964015 0.00019510560484340333 -6.839401779279918 -4.637204406541366 14.30906492449328 19.764546008150845 16.656524192680514 -0.00024059362323404948 -22.39458792975667 -47.37359140575614 -64.2976750648304 -69.20553061321839 -57.870664701066005 -32.82136319660954 0.11873380129328011 33.47350654093403 57.85476529208595 69.27394902456122 64.17428823938405 47.100557942827514 23.073597795574372 0.00018434949048137307 -14.528537106373431 -19.318929426672636 -11.071191915729505 22.49221207625119 34.75187816906693 36.08737426990505 22.39424540480089 -8.91261540554323e-5 -25.76570760368283 -46.116529925662014 -54.2283390634629 -48.13825189243599 -27.365756384156267 -0.044733979422649756 28.747740545831505 47.847392120560826 54.66156928079634 45.57571542944338 25.121424519749205 6.501776109429373e-5 -23.073348650468077 -34.394627898656665 -34.85669925540599 -19.43692868824936 29.910592493544964 49.92737907212673 56.365788150677666 47.373406129828126 25.765697747755798 8.174055352223133e-5 -24.193135911378622 -36.30919065063598 -36.790222901115655 -22.114521494762194 -1.925392471903326 20.442608696090584 33.79312969284617 35.4173422043721 23.04644913934794 -9.654334623798341e-5 -25.121441098380277 -47.100435200187356 -54.549682715975976 -49.630139254449105 -27.372558947439423 32.990861921258556 57.8501475040343 67.67975772108034 64.29768933924794 46.11669210731371 24.193458894848458 0.00021593696962075236 -13.940695583961622 -20.12231558335793 -13.058149945902478 -1.6738148555838175 11.631179500508692 17.97604446147599 14.22087836597623 -0.00019526059518859342 -23.046747199584846 -45.575877287770986 -64.17429946753613 -67.87814209070494 -58.84381163101846 -32.92967086373736 31.313397889625612 57.655542679685546 68.4559741547581 69.20564837470104 54.22859344646406 36.309573432763095 13.941160936974583 0.0002385351546265331 -8.692479777298475 -6.876268461883699 -1.415032109940314 5.20494001748968 6.910688386221151 -0.00021315987135388231 -14.221302029707648 -35.41767861295559 -54.6617747320933 -69.27404561731392 -70.21458280909133 -58.61333405097883 -33.33914284731447 23.18595929697989 45.37951554120561 54.169949086770195 57.87083768004871 48.13851346447156 36.79057517605306 20.12269489816297 8.692850360119554 0.00015363491496983686 -1.8756888084800487 -0.8403312506642733 0.7368240059944446 -0.00014051391574618417 -6.911021324971405 -17.97637626219328 -33.79342462817401 -47.84757408052852 -57.85486672715657 -58.50950058928492 -47.97125154702316 -28.433589874009602 11.085829230982895 24.99283286659286 29.126988184209303 32.82148356128287 27.36592929422637 22.11473371719321 13.05839272247272 6.876460163858487 1.875836500480297 3.459425415968897e-5 0.1815276380012129 -5.302181713624429e-5 -0.7369732236499281 -5.205141963542126 -11.63134187655417 -20.44275485319719 -28.747826767492594 -33.47354455417194 -34.5252240260692 -27.291645666640513 -17.645469419275162 -3.9531471015562634 -1.7169751341190236 -3.2157104579369604 -0.11868970202150612 0.04476999645194357 1.9253989805141425 1.6738177140713482 1.4150309306414086 0.8403061544518734 -0.1815630755556153 -9.34699842682463e-6 -0.18155583983401516 0.8403426040136994 1.4150525114867314 1.6738456173053515 1.9254427366764137 0.04478234415872888 -0.11867521479462644 -3.2157028908863174 -1.7169771558451656 -3.9531457026148358 -17.645470995432984 -27.291651680041454 -34.52522489171085 -33.4735692949754 -28.74784414823346 -20.442779406376477 -11.631397599670525 -5.205176191488947 -0.7370058346714957 -8.700058458950933e-5 0.18152282289569774 2.8490538608912767e-5 1.8758405901037256 6.8764890627653825 13.058394569072085 22.11475132857001 27.365946493434375 32.821490326670286 29.126994585840094 24.992833873586896 11.085827136777139 -28.433586599319018 -47.97125514483713 -58.50950275341544 -57.854876414981675 -47.84761553098616 -33.79345512184517 -17.976419713445683 -6.911084616013521 -0.00017915925854253265 0.7367848412610959 -0.8403605021814882 -1.875688161580959 0.00014037118703787588 8.692858740831614 20.122713392520662 36.79057597991429 48.13852185640639 57.870840410233384 54.16994816378962 45.37951247466827 23.185958989352162 -33.33913768370053 -58.613330350974934 -70.21459215958086 -69.27404803931836 -54.66179411456744 -35.41772541733796 -14.221339870221374 -0.00026109188524705965 6.910631704120479 5.20490995495377 -1.4150709855204222 -6.876283526521327 -8.692483323839792 0.0002235757017402949 13.941161152452501 36.309576876508984 54.228590226816664 69.20565001717519 68.45597376877336 57.655538541324525 31.31339325601681 -32.929664926044936 -58.84379915655433 -67.87813859910572 -64.17431637518014 -45.57588760797173 -23.046775536783134 -0.0002444929545267568 14.220840836302429 17.97599751160022 11.631141048664006 -1.6738358822949666 -13.058178573732135 -20.1223201109676 -13.940697992565676 0.00020875989460733603 24.19345918287762 46.116691863907185 64.29768211478093 67.67975290686056 57.85014716997356 32.99085860530065 -27.37255212279622 -49.630132362100056 -54.54966632386112 -47.1004300828664 -25.121454158403555 -0.00010489112626646007 23.046422591541482 35.417306729422904 33.79310414297043 20.442578045395326 -1.9254074781820558 -22.114532644756675 -36.79024105120508 -36.309192057814634 -24.193142956362465 7.902112833567131e-5 25.76569620555713 47.37341156085515 56.365777660724746 49.92737865884855 29.910589510592306 -19.436917456756397 -34.85668417755096 -34.3946182774192 -23.073332832201878 7.170146612714339e-5 25.121415018552753 45.575709769390976 54.66154866136556 47.84737548544278 28.74773013760549 -0.04474588019009471 -27.365751707077273 -48.13825401080395 -54.22834004795364 -46.11653017260151 -25.76570357247688 -9.630063929370928e-5 22.39424908825923 36.087374887962504 34.751875618386975 22.49221097428337 -11.071184401487535 -19.318908748511205 -14.528511418941456 0.00020177977998644348 23.073620104075058 47.10056758807374 64.17428708167158 69.27395206549947 57.85475758610602 33.47351338208722 0.11873445464032881 -32.82135558139181 -57.870660500331105 -69.20552275028697 -64.29768141606112 -47.37358133169117 -22.394585969885817 -0.00024017178982938244 16.65652565506623 19.764548111642195 14.309063933556027 -4.6371968123677165 -6.839389143799758 0.00021697707565799477 14.528960194536797 34.39495728810227 54.549906524029595 67.87823928470087 70.21460765960319 58.50948858402389 34.52522454217259 3.2157649837296898 -29.126897321387347 -54.16985600612233 -68.45594351088094 -67.67984001852987 -56.366034140520554 -36.08776335187926 -16.65702214276432 -0.00025410543239977286 6.469901852919866 6.670775934035421 -1.034666887630911 0.00015843814917887084 6.83974929968535 19.3192894118985 34.856998140002695 49.630353820828326 58.84393456459453 58.61338343860808 47.971281545250086 27.291670960757457 1.7170206732061855 -24.992779037998922 -45.37947100680039 -57.65557011093116 -57.850269759868226 -49.927631910553494 -34.752237255303484 -19.764975780744752 -6.470326798912625 -0.00017027027419321927 2.0356659398410324 3.362742773207081e-5 1.0348264825680076 4.637398291564238 11.071395683638 19.43710980756689 27.37269511156472 32.92976260980534 33.339189292208346 28.433615192560165 17.645490226516134 3.9531721555692205 -11.085803586138107 -23.18594249154127 -31.313413427342766 -32.99093306531963 -29.910726989912018 -22.492412823420818 -14.309300767905356 -6.671022572351979 -2.0358619137307468 -6.368973380691641e-5
</DataArray>
        <DataArray type="Float64" Name="Mode_13_w" NumberOfComponents="1" format="ascii">
 -0.00806892712520295 0.00892805689718503 -0.008068928686200494 0.00892805546227029 -0.011465749255139922 0.0023353385468544243 -0.008026987168568242 -0.0008934935847808022 -0.004143149200685599 -7.914692371913943e-5 -0.00011835868540678825 0.001054656091442875 0.0016417258563168407 0.00021089522901455892 0.0009489676685358919 -0.0015114200769115076 0.00010696559306458284 -0.0018110880890126414 0.0010843022673280764 0.00046037117122884014 0.002917192517143744 0.0034061787279686118 0.0021194413360839342 0.005873115623360962 -0.002167352196628137 -0.0021673493729955154 0.005873119521824398 0.002119450353157114 0.0034061786455625697 0.002917184080995314 0.0004603612011965333 0.0010842684918700688 -0.001811098318088886 0.00010692718178802097 -0.001511420263444801 0.0009489576341962452 0.0002109101885377083 0.0016417419182782225 0.0010546851174749673 -0.00011834065131370243 -7.91217926203548e-5 -0.004143144541953413 -0.0008934850091113411 -0.00802699845332653 0.0023353323089849638 -0.011465758781385877 -0.011465752706608084 0.0023353371310883627 -0.008026989592736209 -0.0008934922123571288 -0.004143146918885024 -7.914817637995411e-5 -0.000118356216847205 0.0010546527158480797 0.00164173140311954 0.00021089131057920325 0.000948968856413235 -0.0015114133977008253 0.00010696010605337709 -0.001811084245243843 0.0010843020191976006 0.000460370467413524 0.0029171919458730574 0.003406178505849049 0.002119440806960656 0.005873113282414176 -0.002167350673143829 -0.0021673495345447646 0.005873120315348249 0.002119447259023536 0.003406179808076083 0.0029171850822835525 0.00046035917970569865 0.001084276623560425 -0.0018111074517654794 0.00010693871515017423 -0.0015114280772998655 0.000948961573700417 0.00021090889958858707 0.0016417408020174826 0.0010546843176402812 -0.00011834047216835221 -7.912368394346008e-5 -0.004143144063529522 -0.0008934872265201235 -0.008026996324339973 0.0023353339967319103 -0.011465755344368745 -18.70139496286548 -28.75237410546375 -36.183766914808956 -34.36535274101404 -29.15660867914283 -19.542383192205815 -10.281494525193393 -2.543141917187014 1.9694368877834485 3.1639814102303228 2.8843709304629646 2.010876684092904 3.4581339477969024 6.896692607402531 13.721537175727217 21.049715705044708 28.052959720627175 31.355348834725515 29.885565400001006 23.66382821471289 10.096139559363717 -28.752387755762907 -49.99883778477678 -62.385715006681316 -62.5983571099509 -52.324382969412255 -36.400052852281114 -18.026386994284803 -4.117844005771493 5.2892944495421945 6.6721428194891335 5.402072703550518 1.735836946471275 2.6493932526991126 7.293277442260457 18.538794706186078 32.55860253504336 45.99080341238223 55.576606705398085 53.41864740665445 46.727284113160295 23.663834386801316 -36.18381185613375 -62.38575826840178 -74.59600268739479 -72.98687034685068 -57.298498803301335 -36.28077643794902 -12.737793945598257 3.1981442395759836 12.681125945075323 11.28936022664233 6.243210990593282 -1.4516498612047994 -3.526511846091032 1.683398848244297 14.520852257209976 34.04124159260398 50.171660086445435 65.39087984893125 63.38108205561435 53.41869191344309 29.885594957530877 -34.365449553691235 -62.59849058577033 -72.98698155174583 -70.19127792383763 -50.1806913383449 -26.08492143880827 0.9193428993964203 17.241570115955586 24.524446214859157 17.818593365595493 5.31618638602004 -8.654034168601907 -17.49577803926178 -14.464376591869536 -3.2092047394425847 20.639832954792528 41.11132945067473 59.83764237222524 65.39097425875468 55.57673275314606 31.355421248673228 -29.15676041706452 -52.32461777910314 -57.298741034229664 -50.18084167638748 -27.2583360689158 -2.0423725374110338 23.034403234564998 36.203007411847715 37.29367422954173 25.100460245930492 3.6779447478924667 -16.74744009797569 -33.124712071316644 -33.621330233655065 -24.9138733693875 -3.171267884282303 21.741679694798716 41.11147993991314 50.171884347014675 45.9910306937671 28.053086706425848 -19.54258418902062 -36.4003873384132 -36.28115289224517 -26.085238080633232 -2.042544127838076 23.26496049591763 45.64908361384459 55.5045021843509 49.343291107153625 30.57197190032032 1.1570802364759372 -26.26881011957276 -48.86990048971371 -56.255506537340494 -47.889711103546574 -29.097145388256816 -3.1711025602233702 20.64013973930513 34.041601012836246 32.558929761045846 21.049896093088257 -10.281716147549192 -18.02677602529088 -12.738248112767916 0.9189129473309771 23.034095712681182 45.6489196646412 61.54261805936319 67.06386392058577 56.00900141263115 33.21139810107731 0.2638175688708703 -32.00951762652374 -55.99695412361508 -68.75097122438112 -64.80042618363525 -47.88956203992541 -24.91357350010023 -3.2087824103717413 14.521298680576999 18.53918468265961 13.721756436407182 -2.543352540285889 -4.118231283155301 3.197684879545121 17.24110518084877 36.202645147204436 55.50426165672292 67.06376809006349 67.82984885453781 54.46743967195064 29.632422578358014 -1.0208254157633896 -33.91756516850822 -58.012620102042895 -70.06776413836704 -68.7508765070597 -56.255274802873345 -33.62097135180681 -14.463919068553643 1.6838670797303845 7.293669665680413 6.896916512228998 1.9692784456509458 5.2889861836645515 12.68076028649133 24.524058619361654 37.293347741654564 49.34304717707711 56.008868216497824 54.467388268716405 43.75477172006359 22.676247935797278 -1.8895289535476854 -26.446390173568844 -46.42191311155026 -58.01257954806946 -55.99684021870709 -48.86967923586234 -33.12439706097142 -17.495392680489328 -3.526121607773109 2.649718259985558 3.4583250639261847 3.1639032062238246 6.671969887351715 11.2891570239976 17.818372988669672 25.10027678509885 30.571827009108997 33.21131413638667 29.632376970221955 22.67624476509374 10.892054950897997 -3.366177671094208 -18.22199299136975 -26.446389025872108 -33.91753720421782 -32.00944892950985 -26.26868151884546 -16.747253979506052 -8.653804986243317 -1.451414914895075 1.7360272551495868 2.0110003604045703 2.8843910256376804 5.4020766794624535 6.243223547528263 5.31618010088985 3.6779436625101356 1.1570705716440735 0.2638219445342663 -1.0208230331561152 -1.8895292122247702 -3.366167124019592 -1.3106554687525775 -3.3661826462865085 -1.8895484176554131 -1.0208475045791114 0.26379069865399746 1.1570619583071415 3.6779364951841744 5.316190358611862 6.243239564282868 5.402090198468068 2.8844020632208656 2.0109882917229562 1.7360082746385739 -1.4514273956241872 -8.653816665226033 -16.747245258585107 -26.268669831430653 -32.00943268892493 -33.917510244994695 -26.446369299029122 -18.2219836336096 -3.3661755268491635 10.892048759992692 22.676221249900127 29.6323657279381 33.21129416291398 30.571813978829997 25.100276307814504 17.81837697517533 11.289174299949146 6.671987153634292 3.163911689831743 3.4583187578157144 2.649703921152234 -3.52613052236309 -17.495398911168152 -33.12439330849957 -48.86966034475898 -55.99682087085714 -58.01255809841126 -46.42189180960055 -26.44637356999831 -1.88953413900171 22.676247725243044 43.754755580098575 54.467367748628966 56.008857771722866 49.343037022936294 37.29334947906072 24.52406639695492 12.680768490624466 5.288999348881082 1.969288653203366 6.8969114779312495 7.293662139629145 1.6838606460354786 -14.463916140350296 -33.62096923813545 -56.25526779064651 -68.75086299947115 -70.06774591977872 -58.01261095285994 -33.91754801444808 -1.0208187588240363 29.6324187185663 54.46744018978109 67.82984139133707 67.06376258717064 55.504261396974144 36.20264576183108 17.24111651615495 3.1976999647153743 -4.118219769662594 -2.54334515458893 13.72175473235237 18.539183625011685 14.521297778504083 -3.208781097274884 -24.91356719314611 -47.889553548456426 -64.80042343782884 -68.75095813564941 -55.996943573923126 -32.00951376128493 0.2638291905918133 33.211402453003316 56.009001325942585 67.06386721889838 61.542618691699396 45.648925675331554 23.03410542332168 0.918919511244286 -12.738236383418887 -18.026763331133193 -10.281708579591898 21.04989755029128 32.55893287177002 34.0416054066083 20.640143019371187 -3.1711075446936423 -29.097147264102116 -47.88971332966441 -56.25551413421397 -48.86989375697686 -26.268806481021393 1.157086415567908 30.57198726457105 49.34330251901506 55.504514663138714 45.6490952662996 23.26496853614114 -2.0425312507835476 -26.08522293269503 -36.28114083887618 -36.40037511031048 -19.542577577993697 28.05308982707622 45.991036431811516 50.17188823119521 41.11148442995728 21.741679009970557 -3.1712803718681606 -24.91388264447102 -33.62133994907361 -33.12472288226762 -16.74743560280474 3.6779493092939424 25.10047298146334 37.293691899887996 36.20302141036298 23.034421614520763 -2.0423562147022865 -27.258325245424512 -50.180830121924735 -57.298731545136654 -52.324607225607586 -29.156754193034132 31.35542493736362 55.57673950249897 65.39098192486948 59.83763898287929 41.11132287699805 20.63981839304057 -3.2092276190052886 -14.464393068414134 -17.49579000048409 -8.654037409136341 5.316197067063126 17.81860720302255 24.524465746423274 17.241591885815883 0.9193573626340836 -26.08490087269802 -50.18068078799609 -70.19126652898743 -72.98697870184137 -62.598488972699556 -34.36544691386352 29.88559911014041 53.41869577083061 63.38108715697504 65.390881994878 50.17164882433261 34.041228420732736 14.520831054960082 1.6833773844878082 -3.5265251907533135 -1.4516559595481355 6.243213402707121 11.289374271263162 12.681137391470365 3.1981662902609993 -12.73777947475064 -36.280758571505984 -57.29848734777189 -72.98686655799798 -74.5960010910853 -62.38576222657396 -36.18381436779792 23.663838042203505 46.72728923733794 53.41864839868268 55.57660427075235 45.99079591869482 32.55858461373293 18.53877847263333 7.293259489864792 2.649379592624195 1.7358345380765425 5.4020728520964765 6.672153804656979 5.289305841585384 -4.117829138541494 -18.026372264046117 -36.40003800282912 -52.32437192221833 -62.59835430128587 -62.385718453621664 -49.99884286218599 -28.7523926147872 10.096140552162142 23.663830118899646 29.88556739516719 31.35534746342095 28.052954670604016 21.049708076715195 13.721525583116046 6.896684984090799 3.4581236887467908 2.010874254952274 2.8843703046294014 3.163984990958224 1.9694435555695013 -2.543134074406928 -10.281486424382445 -19.54237514149148 -29.15660254083136 -34.365349655590606 -36.1837689223096 -28.75237891567514 -18.70139907327117
</DataArray>
        <DataArray type="Float64" Name="Mode_14_w" NumberOfComponents="1" format="ascii">
 -3.0396565318158743e-9 -0.014218697506467082 1.8303968459647078e-9 0.01421869714448729 0.0007587082427121507 0.00043601006891960805 0.0007910662737707738 -0.0011386752719592772 -0.0011145877558888352 -0.0032644796106197443 -0.002179508741604907 -0.002878419680484613 -8.519082547951469e-5 0.0006873615027026379 0.003902863203761521 0.004405453080221471 0.0054782742413011275 0.0036072394695197034 0.002051502708598898 -0.0014255525325552315 -0.0034873210001043937 -0.007476727185971192 -0.003263466745005927 -0.011312213672318315 0.0033487006084618105 0.003348700807278768 -0.011312214439898282 -0.00326346845484039 -0.007476721939143504 -0.0034873266901706127 -0.0014255459646516711 0.0020515004420980456 0.0036072477019743953 0.005478267660149975 0.00440545885124637 0.003902855202962908 0.0006873654612505457 -8.519408218307409e-5 -0.002878421013142357 -0.002179509885747202 -0.003264478096164753 -0.0011145857158952935 -0.0011386756010680118 0.0007910734844400918 0.0004360082606618005 0.0007587156159158837 -0.0007587094535597992 -0.0004360096024994878 -0.0007910678717570266 0.0011386745065289801 0.001114587198135494 0.0032644786920685326 0.0021795061658771552 0.0028784201692351086 8.519254880309861e-5 -0.0006873635294762171 -0.0039028632815893845 -0.004405455408038827 -0.005478271201092927 -0.003607243370933367 -0.0020514996324576215 0.0014255492530606635 0.003487321652244427 0.007476728529025846 0.0032634636222800668 0.011312215539990749 -0.0033487021603745885 -0.0033487020835484276 0.011312213799009608 0.0032634694793757 0.007476718888559441 0.003487333779621741 0.0014255407113861356 -0.002051496182537632 -0.0036072459657478994 -0.005478273408443307 -0.0044054523643858295 -0.0039028621566425665 -0.0006873632274833158 8.519505268508228e-5 0.002878421344926285 0.0021795087581615966 0.003264479707103663 0.0011145835424740444 0.0011386746258802256 -0.0007910733373660987 -0.0004360085756432569 -0.000758717179067829 -7.149344830621447e-6 1.619051366719361 5.104207994617171 10.414402800703762 15.142403287464711 17.89120837025471 15.861991984742767 9.188297885292203 -2.3178588297547567 -15.392434639526552 -27.526437489777965 -34.22509895608705 -33.39944091372885 -23.720424163665676 -7.371665475679528 12.504094466643176 30.8329893072672 42.93801602470911 44.60055228426059 37.54008434160797 16.234031581797083 -1.6190731734864654 -1.8316989797094108e-5 4.924474534044631 14.406032587986797 23.765748465790317 30.960192952632777 30.173118005168657 21.013859089933923 2.441838061334412 -20.416416327532563 -42.92417861125634 -57.768889097538384 -60.31075841275999 -47.201166096724634 -20.867395120144177 13.695102132211845 46.17096751451915 72.87142803070236 76.8971778785288 71.67093362840933 37.54008401960192 -5.104234808519888 -4.924518638693579 -2.502175028868665e-5 11.730037097132659 24.250773756032793 34.82763154150815 36.465108715897955 27.698438577194523 7.41522789856801 -19.628458154648865 -46.77803054655903 -65.16312324787656 -69.1529047519804 -54.775420634533496 -26.301487937109577 15.737127734835816 50.53286417301137 83.22488598636843 87.85110734830953 76.89717665367888 44.60055065534703 -10.414426656583224 -14.40607407880644 -11.730081123360197 -1.984719835796483e-5 15.455820694265006 30.452933763690417 38.05815785401447 34.444027255768795 18.834479719321898 -5.709131667623625 -33.594530467391564 -55.571075500949114 -66.36536185252618 -55.83676491520034 -34.86936877989734 4.474628141381427 39.515114751497556 69.7766336641144 83.22488508278227 72.87142147336017 42.938016399341386 -15.142421638443194 -23.76577920480431 -24.250804213709504 -15.455843225523177 -4.111235724615603e-6 16.739205816655776 30.052303581753282 33.9690837232065 26.722996544560168 10.298010741456027 -11.935068912441666 -29.527603690434383 -44.19136147143331 -41.729948099993884 -29.55994676274531 -7.449714452982723 20.37052054495437 39.5151086701123 50.53287057569962 46.17096371425562 30.832984957045095 -17.89121691099816 -30.96020802403221 -34.82764177428181 -30.4529410387049 -16.73919735116194 4.173909914081931e-6 17.32362944384879 29.583019909858308 33.6819965008756 29.812289750749716 15.336847372097292 -0.08934561995775354 -14.48038790905712 -25.840744638655476 -24.683281129649703 -20.72560843348766 -7.4497023259896675 4.474626121670066 15.73712587789826 13.695111397152791 12.504096519310679 -15.861991256528764 -30.17311605146858 -36.46509738918095 -38.05814451759733 -30.052280588324493 -17.32360291436727 4.958266485002209e-6 16.67690649842159 29.552604216217762 37.07134456231501 39.31502841309728 29.440000115766207 19.78077591335264 1.8847899537982817 -11.445264483584609 -24.683282123092926 -29.55994232731077 -34.86935167806004 -26.301490491313547 -20.867394630113395 -7.371663263565955 -9.188289186542729 -21.013845589171805 -27.698414884534102 -34.444000016989904 -33.96906469443353 -29.58299420514892 -16.676886508012057 -3.543504436350924e-6 22.028509555277214 35.87465208274802 49.930534161354736 49.73393157266058 42.617898954663616 23.398925137451634 1.8847983349114943 -25.84071754714241 -41.72994190146917 -55.836753196026365 -54.77541095692016 -47.20116325192947 -23.720421786599445 2.3178709287762302 -2.44181472932794 -7.415200863759434 -18.834443564398374 -26.72296621348409 -33.68198922111059 -29.55258848019299 -22.028508893883327 5.086727375523373e-7 22.171315257727723 44.605895896383004 56.77046050043764 59.1079708951473 42.61791441565006 19.78077874578043 -14.48037350401022 -44.19133933725155 -66.3653579582746 -69.15290020918773 -60.31076499917239 -33.39944170066472 15.392444009637254 20.416438846901976 19.6284869604696 5.709148386957495 -10.297982157606661 -29.812281168882553 -37.071346773712165 -35.8746628900116 -22.171325970184014 3.181099023386627e-6 27.019949253272358 45.93342757578976 56.77046467549383 49.733954753509835 29.440034709554336 -0.08933293861935268 -29.52758736787776 -55.571077456194125 -65.163122182612 -57.768894800917785 -34.22510617959983 27.526444457356504 42.924191103140124 46.77806045941526 33.59455003842064 11.935075323207124 -15.33684227071031 -39.31503486011632 -49.93053246199239 -44.60590805584416 -27.01994643441455 6.377653141522399e-8 27.019961320594405 44.605924464029435 49.930544864764066 39.315055217464966 15.336858619338187 -11.935057413520763 -33.594540713391346 -46.778055193721606 -42.92419482414083 -27.526447840635658 34.225103084434004 57.76889199458574 65.16312525014537 55.571086503536364 29.527600230668877 0.0893424077948515 -29.440024290668568 -49.733944295492066 -56.77046737762982 -45.93341244855909 -27.019934732546414 5.038222212240929e-6 22.17134304698398 35.87468143431241 37.07137114945587 29.812299731757218 10.297998410007375 -5.709137830430619 -19.628481260103634 -20.416439209927034 -15.392447238218919 33.3994401815119 60.310762756358436 69.1529007162915 66.36535908238294 44.19134600409281 14.480378278929603 -19.78078526226044 -42.61791420246153 -59.10797290392999 -56.77047344536775 -44.60588916559695 -22.17130843021681 1.5599222275651224e-5 22.028521743274723 29.552611095677786 33.68201061294896 26.72298042450963 18.834447917867774 7.415201320510186 2.4418120369471605 -2.317873157349557 23.720418461713212 47.20115932847509 54.775410063529854 55.83675496501155 41.72993743525752 25.840718150317617 -1.8848024536798522 -23.39894551631127 -42.61790606811446 -49.733941487535816 -49.93053686452937 -35.874653484261614 -22.02850053312362 1.6567309629978828e-5 16.676898921226137 29.58300977625246 33.969078829685095 34.44400510159541 27.698414125553015 21.013837332850663 9.188284606075818 7.371660933665137 20.867390135235254 26.301483749524596 34.86934994520212 29.559941672194725 24.68326719285717 11.445260251810854 -1.884805288861253 -19.78079611592772 -29.44002140608568 -39.315035590302486 -37.07134596129187 -29.552600138440468 -16.676897340019647 9.137159213161114e-6 17.323610372989798 30.052288783196936 38.05814144300099 36.46509311985949 30.173105621011427 15.861983253686034 -12.504100634995483 -13.695114221510549 -15.737127054973861 -4.474634350639471 7.449703943220568 20.725602758000043 24.683266458848728 25.84072785676467 14.480373899982762 0.08932886164072028 -15.336859969272307 -29.812292947417106 -33.68199069402388 -29.583016317900398 -17.323619766338286 -1.199740842836575e-6 16.739200639946528 30.45293696292427 34.827630468525705 30.960195490435524 17.891207811555198 -30.83298758575674 -46.170971037864774 -50.53287065452522 -39.51510953325925 -20.37052343373645 7.449713256729713 29.559944229049908 41.72993374801202 44.191345170582274 29.527589981564407 11.93506330605573 -10.298015852888389 -26.722988905060678 -33.969079735713834 -30.05229525507775 -16.739202934303886 -3.963748511738886e-7 15.455836263032499 24.250792404248177 23.765764429452883 15.14241256452217 -42.9380183780752 -72.87142384137935 -83.2248871718593 -69.77662833623276 -39.51510494581295 -4.474626334890036 34.86936726631191 55.83675998369092 66.36535386335107 55.5710661975837 33.59453095109509 5.7091306517930365 -18.834474981613653 -34.4440220915109 -38.058155613021405 -30.452929534041512 -15.455822952438842 1.0712219181929047e-5 11.730070382340775 14.406061908339211 10.414417854666825 -44.60055330112529 -76.89717885876193 -87.85110386338268 -83.22488206575389 -50.53285439581068 -15.737116308493668 26.301494449998923 54.77541845126809 69.15290159347607 65.16311462270589 46.77803197692413 19.628460259122882 -7.415224968211331 -27.698433011831252 -36.46510652196617 -34.82763300817418 -24.250775781983975 -11.730043930977443 1.368667648380901e-5 4.924508413087017 5.104227260803184 -37.54008524678213 -71.67093505465148 -76.89717508109219 -72.87141853743887 -46.1709592260118 -13.6950955452984 20.86740389840375 47.201166519428824 60.310757133573645 57.76888388674359 42.92417312918007 20.416417970745652 -2.441838288951919 -21.013857077824714 -30.173117250266134 -30.96019427160018 -23.76575357248322 -14.406036435043154 -4.924481704274641 1.1487376299739118e-5 1.6190682721392748 -16.234032504416376 -37.54008493353685 -44.60055076969368 -42.9380123513946 -30.832981811425462 -12.504089971557457 7.371670912543569 23.72042673067499 33.399439289062315 34.22509850035514 27.526433830498885 15.392434035579223 2.31786000270297 -9.188297413738105 -15.861992510762537 -17.891209716130547 -15.142407034441653 -10.414407149088566 -5.104211784641026 -1.6190551405321756 4.512204268929667e-6
</DataArray>
        <DataArray type="Float64" Name="Mode_15_w" NumberOfComponents="1" format="ascii">
 -0.010660431447174408 3.841237783061378e-9 0.010660431421569545 -5.446515333001289e-10 -0.016336268897390527 0.0016821974357975823 -0.011405580823414896 -0.002427293708539271 -0.004547020762249932 0.0004923915896711405 0.003240605040468953 0.0038798641653570534 0.006931951185258076 0.002843540968219797 0.004876446758756274 -0.0018210869734058813 0.0006814572739165903 -0.0054349781540138295 -0.0010148401738427494 -0.004955610815018231 0.0005429182483102588 -0.001971268391707285 0.001996607939519626 0.00012148098693852424 0.00047748429618579336 -0.0004774847726405571 -0.00012147069278438441 -0.001996612540147783 0.001971280738183793 -0.0005429224012198827 0.0049556113154101585 0.001014839867160404 0.00543497504862139 -0.0006814587294349646 0.0018210865885741807 -0.00487645074346118 -0.0028435384497291286 -0.006931952741997854 -0.003879861717014588 -0.003240606155847828 -0.0004923884284377482 0.004547020092484768 0.0024272930503178003 0.011405582342639884 -0.0016821980097193234 0.01633627134192481 0.016336271608065948 -0.0016821976977936855 0.011405582655028168 0.0024272910220622603 0.00454702338705654 -0.0004923942395502046 -0.003240604688046543 -0.0038798649149874758 -0.006931950816893673 -0.002843539051893089 -0.004876448083202733 0.0018210872144636965 -0.0006814549782472603 0.005434972789888122 0.001014843712530635 0.004955606830999456 -0.0005429178423862612 0.0019712715196331244 -0.0019966095807347783 -0.00012147670383050081 -0.00047748391049954594 0.00047748345285216577 0.00012147745788928861 0.0019966078861448707 -0.001971275846850571 0.0005429236390410651 -0.004955612979369216 -0.0010148392686945683 -0.0054349757566927 0.000681459182276624 -0.0018210860581238338 0.004876449611917499 0.0028435396769932665 0.00693195186003063 0.003879861340869151 0.0032406045360453654 0.0004923898367586476 -0.004547021039091269 -0.002427294284576102 -0.011405580794826505 0.0016821975058822056 -0.016336268073861418 -25.36173194972245 -37.683523457981295 -44.16199964999965 -36.41381040792017 -22.08675843200714 -1.883396310737998 17.35299556810942 31.252455992789 37.416037375033405 33.577520817749345 23.597769297017113 8.252418637507345 -5.371440670524559 -16.998889165482847 -21.271557079815647 -21.464595866974648 -15.891521357898592 -10.167408586445218 -3.9442259324169906 -1.0567127584395297 -9.97355871537052e-7 -37.68352229792013 -64.52995627320593 -75.6207181382313 -68.49038432291837 -43.38673151257816 -10.864918317939619 25.29937148782624 50.52492024371963 65.19217667939124 60.225973393325695 45.04252898969725 18.13156530340102 -6.132512937052618 -27.95338201473368 -36.84050397960493 -37.88057016182645 -28.569535276892847 -17.464616756499776 -6.393103640044951 -5.164955268027634e-6 1.0567077360268455 -44.16199681350252 -75.62071543094343 -85.10319147644194 -76.41668966229031 -45.44156459955103 -8.59125868455688 32.86070534738916 59.404099469622544 74.09862299000548 65.40195900919748 46.01812446335332 14.203075216033174 -13.236827133346388 -35.847640352585955 -43.33536995303088 -40.23490099700631 -27.33284594042008 -11.805230718574656 -6.2175352048693374e-6 6.393092335285813 3.9442183832863127 -36.41380522893081 -68.49037771899971 -76.41668422934612 -71.16736802273502 -41.5672426906945 -8.755496051984329 30.91718930621335 54.833009613246425 68.39702538976854 58.7189230092298 38.808143636829236 7.853615833566253 -18.850062434800954 -38.11954226812049 -43.26699517402246 -34.972173636015626 -19.393195833517677 -6.66813602361023e-6 11.805212848175065 17.464609041342825 10.167401428702362 -22.086750992705806 -43.38672027273524 -45.44155351000746 -41.567235874738756 -19.89321493593198 0.9625311084323512 26.093289817730476 38.33045370764607 42.64328025004087 31.49886058199803 13.373820718034004 -8.589971066943077 -26.778665380231914 -34.17330027047677 -32.10894950142997 -16.879051805220087 -9.936710700633404e-6 19.393188539815267 27.33283272911668 28.56952685842541 15.891518842383887 -1.8833868927719477 -10.864902477244579 -8.591242019736953 -8.75548288658306 0.9625368062590096 7.277672659914644 15.887255983823783 17.197446660259143 13.55653989307045 3.791978081351175 -10.357115167565187 -21.425212208361003 -30.514021128684536 -27.292383817446254 -19.44155139973702 -1.2169020773200888e-6 16.87904082818329 34.97216482459073 40.23489962277966 37.88056742213478 21.464593393457132 17.353004557869827 25.299387677399682 32.86072230879401 30.91720560782592 26.093300944597228 15.887260040639307 3.1649620612675418 -8.824826559566558 -22.00176791293825 -28.710682967119393 -35.52535045457558 -31.95376082986276 -27.941147008577126 -13.13507720755054 -1.3087675313727809e-5 19.44153011530925 32.108946229963095 43.26699254642481 43.33537128746858 36.840510607016256 21.271560230952538 31.252462813893167 50.524932675384136 59.40411320488215 54.8330232053682 38.330463580595975 17.197459277803972 -8.824831625684862 -27.1467053259498 -43.574725316266466 -45.50430591345527 -44.688121227450736 -31.069982964986462 -18.95565094732001 -1.8429000324768244e-5 13.13506240333845 27.292370228884852 34.173296211620695 38.11955409077876 35.84765052812292 27.953393149917275 16.998895348419737 37.41603869098727 65.1921808107559 74.0986276784987 68.39703596987559 42.64328303574321 13.556553535641765 -22.001753180951535 -43.574720608659014 -58.934776969290866 -53.821726080859094 -42.84615993939837 -19.5424377400295 -1.0491279225807567e-5 18.955618884312436 27.941115104184757 30.514011333376324 26.778662088471005 18.850072106136054 13.236846408783196 6.132529831239059 5.371451322308776 33.57751651424301 60.22596907553452 65.4019496914981 58.71892439566173 31.49886479197975 3.7919810527432847 -28.71067306236657 -45.50428895896777 -53.82172374522106 -42.50743835753839 -24.822623364946185 -6.983582627711269e-6 19.54240931257186 31.069967413518683 31.953743309440956 21.4252012086323 8.589977146080464 -7.853605489209413 -14.203057555443085 -18.13154955940213 -8.252408150453267 23.59775860386923 45.04251455514843 46.018108160879166 38.808129213332286 13.37382018422309 -10.35710059203733 -35.52533662621752 -44.68810060036929 -42.84613596190904 -24.82262067556968 1.0217462042001e-6 24.822634938863573 42.846148688398195 44.68809952126962 35.52533843169261 10.357103399569608 -13.373821559907725 -38.80813661325167 -46.01811203243474 -45.042517828397 -23.597761418212208 8.252404987537746 18.13154182544507 14.203052387191319 7.853600420855924 -8.589983986038058 -21.42521075968055 -31.9537401197419 -31.069965891285598 -19.542413838290294 1.7194685531432112e-5 24.82263920293607 42.50743987858112 53.82173810225542 45.50430061050028 28.710676846736373 -3.791983654809836 -31.498863771406057 -58.71892580549165 -65.40195813221709 -60.22597141005271 -33.577517834841615 -5.371454994173292 -6.1325370441550655 -13.236856677105987 -18.850084020919276 -26.7786676066343 -30.514019667765798 -27.94113171560919 -18.955623534400328 1.0062090324679884e-5 19.542429486738385 42.8461702383829 53.82173927487255 58.93478288531044 43.57472873114948 22.00176085422003 -13.556551072572123 -42.64329051282762 -68.39703921484193 -74.09863277645842 -65.19218676693639 -37.41604086038718 -16.99890163695432 -27.95340292489278 -35.84765996990394 -38.119567052480726 -34.17331401755136 -27.292379928394446 -13.13507068257571 -4.98634714330538e-6 18.95564478428606 31.06997942608856 44.688116933818215 45.504313682560486 43.57473718795961 27.14671506463083 8.824834670555672 -17.19745675836119 -38.33046585773503 -54.8330322304029 -59.40412224821093 -50.524939868504966 -31.252466880533966 -21.271563869791194 -36.84052058433655 -43.33538537023406 -43.26700201966278 -32.108956442502674 -19.44155438608941 -1.5426843374619081e-6 13.135062586473213 27.941124525713928 31.953755084619765 35.525348585232564 28.71068498861772 22.00177085064066 8.824837302459542 -3.1649572628221256 -15.887260914025806 -26.093306119642754 -30.917211533036646 -32.860733394317485 -25.299396862699716 -17.35300954674486 -21.464596491158314 -37.880570490508745 -40.23490510716873 -34.972179957051424 -16.879046749140915 -7.518275502101129e-6 19.44152809602418 27.292368195483345 30.51400438967545 21.42519584848384 10.357108455615245 -3.7919768135641703 -13.556536489123307 -17.197443472011496 -15.88725308542795 -7.27767259912114 -0.9625457943072621 8.755472722926477 8.591230172520314 10.864892890629978 1.8833812352687247 -15.891517073920559 -28.56952800290951 -27.332827987871088 -19.39318553203476 -5.813098759600377e-7 16.87904721957466 32.1089389798371 34.17328191897202 26.77865000471287 8.58996243005194 -13.373829509042244 -31.49886287542756 -42.643282117246365 -38.330451035486256 -26.093292830409403 -0.9625347418103384 19.893206511510414 41.56722574708657 45.441542510707556 43.3867119436132 22.08674741498909 -10.167394806274743 -17.46459870085457 -11.805207660527437 1.960702387153706e-5 19.393203628696494 34.97217021193368 43.26698936608058 38.11953568724518 18.850048124295945 -7.85362600880639 -38.80815078317506 -58.71892582604781 -68.3970306841465 -54.83301201866422 -30.91719337642278 8.755488898261763 41.56723221545448 71.16735901519782 76.41667797511093 68.49037334150815 36.413802090568176 -3.9442104800292537 -6.393075421954295 2.4879174352947204e-5 11.805243295316572 27.332858248389623 40.23490946837457 43.33536682320672 35.84763794240057 13.236821953766338 -14.203080151134062 -46.01813233690314 -65.40196277459874 -74.09862849554864 -59.404105582386464 -32.86071247266184 8.591250566834393 45.44155696849766 76.41668323852231 85.1031870289243 75.62071592289733 44.16199669399079 -1.0566990347109029 1.991055648959787e-5 6.39312262592615 17.464637041377014 28.569546551517618 37.880578788818035 36.840506795699724 27.95338103906526 6.132509944933197 -18.13156850560517 -45.042532740347276 -60.22597816377886 -65.19218141979312 -50.52492623661776 -25.299378160120735 10.864911009885525 43.386724237371666 68.49038186171933 75.62071661849464 64.52995698371853 37.683523803152994 5.557477539329452e-6 1.056722791914242 3.9442353723027814 10.16742070601714 15.89153106401422 21.464601004266676 21.27155980404766 16.998890171180673 5.371440573555014 -8.25241960810617 -23.59777131297529 -33.57752300322272 -37.41604088304858 -31.252460209674023 -17.352999890747462 1.883392914706334 22.08675482994674 36.413807868229775 44.16199984514459 37.68352462795 25.361733864777758
</DataArray>
        <DataArray type="Float64" Name="Mode_16_w" NumberOfComponents="1" format="ascii">
 -1.318042527351447e-7 -1.5875552420608496e-7 -1.3320002539397428e-7 -1.6228362202041633e-7 0.0012598345897513992 0.0006781779942533074 0.0012468151864203692 -0.0018238402057027061 -0.0014440015108728992 -0.004485662309669646 -0.0023646352427295248 -0.003746920182824605 -0.0003698175768084098 -0.0014361920325248064 0.000722931642435005 -0.0015369964543245364 -0.0012278560468716143 -0.003438174921160399 -0.0030626980896673733 -0.0031136375076738017 -0.0017376931867790313 -0.00015975346500116672 0.0005291645800959225 0.0014591671243053604 7.223023291797536e-5 -7.215946090901996e-5 -0.0014594142472052708 -0.0005292384085459841 0.00015961881941226438 0.0017376840674261835 0.0031136163183631766 0.003062722771754695 0.0034381350027317737 0.0012277651082445975 0.0015367975030501195 -0.0007231157330734511 0.0014359666174515197 0.00036969678935513565 0.0037468421327534144 0.0023646296683887263 0.004485689664409292 0.0014439339618513717 0.0018238360053731972 -0.0012470745475127143 -0.0006781273326724359 -0.001260248678733355 0.0012598326573394754 0.0006781751025444512 0.0012468173491415398 -0.0018238434429268986 -0.0014440013936365588 -0.00448566019386723 -0.0023646391895396114 -0.0037469125571312593 -0.00036982379815123805 -0.0014361833010507045 0.0007229225771845797 -0.0015369883347020592 -0.0012278585085219646 -0.0034381742803190484 -0.003062701476742857 -0.0031136290153961654 -0.0017377004858103113 -0.00015975082564150095 0.0005291641634746383 0.0014591636932449505 7.223285048588384e-5 -7.215765673840765e-5 -0.0014594133417250366 -0.0005292472807598576 0.00015962943252251135 0.0017376742550824515 0.00311361825991769 0.003062725542588895 0.003438131145401943 0.001227769295244076 0.0015367993335528816 -0.0007231185683862927 0.001435972192594415 0.0003696946652076524 0.0037468423714391644 0.0023646281083810547 0.004485688089784829 0.0014439361183021275 0.001823835777426553 -0.0012470719828393195 -0.000678130319666877 -0.0012602443514204461 -0.00031520915867931204 2.6732419719296563 8.366445534274822 17.062335981918608 25.224482241697476 31.607751910253334 33.178451747856535 31.655427658986277 27.27189372802961 24.087365777644216 22.619514051303092 24.75041253322322 28.065138203381437 31.309698489565296 31.381028970588684 27.798182135114068 20.775146403819228 12.481484867768247 5.4400152354232505 1.098106328834842 -0.0001830211361845124 -2.6741786628288238 -0.0007869860452320672 7.94391091177913 22.97500502859823 37.727859739005545 50.322114433191985 54.05579945984944 51.58046307508472 43.15750077218633 36.001103550977334 32.33955762672706 35.388295065181175 42.269163727294476 49.41541337345719 52.06367310249678 47.20882735208968 36.08394302172434 21.082855983150406 8.371850244845495 -0.0008103502860332862 -1.0989542640866319 -8.36757145935441 -7.945734388045832 -0.0009541858644919243 17.982539913375376 35.76573044213585 50.14909153338989 53.00645948846079 46.982544877590264 34.29868632128782 23.25948636154713 18.894629244860127 23.426203893980826 34.71260211539121 45.52373395116872 51.12936296582987 45.655391488151096 32.626876294649556 14.039985566220446 -0.0008827144089178973 -8.373541536987242 -5.441035093453138 -17.063388451907617 -22.97672727826208 -17.984107087272704 -0.00043426316604284955 19.898660222691138 35.179503979147796 37.49829079679405 27.262539861613643 9.918748243467103 -6.392758712116663 -12.225792577813264 -6.8238919982613435 9.566067106110518 25.622027318793684 36.66501766369824 33.131139192934505 20.58145617134498 -0.00041167994637406806 -14.041560359831221 -21.084511178247002 -12.482509898436206 -25.22546665056357 -37.729306273279235 -35.76674201703363 -19.898552596366585 0.0007326735925063714 13.205177590256689 13.369687650185535 -1.968987625448513 -23.371925769688314 -43.96235856026078 -50.297107765286746 -43.62554184991774 -22.70569532206028 -2.3883237486984314 13.070541456530512 11.292142100685643 0.0006987053068089472 -20.581298297260915 -32.62777258789499 -36.08529741343353 -20.77607467810936 -31.60871858476594 -50.32345739542319 -50.149808150146434 -35.178768487793484 -13.202739990316498 0.0018543451087074706 -0.25877938623856794 -19.489453335939157 -44.79164141379438 -69.69475106420533 -77.32155821453998 -69.70303377654444 -44.62600984216251 -19.776744751106097 0.019320826186088533 0.001790134024216024 -11.289727576498787 -33.13046355595459 -45.65602091495516 -47.21005103124304 -27.7990550574752 -33.17957968616035 -54.05730571879428 -53.007312295195156 -37.497528885809004 -13.367079054129942 0.26277809599897034 0.002189062051840148 -21.255678816956497 -48.77821311624401 -75.87494944720314 -84.03650257559289 -75.54670586241521 -48.25646463855953 -21.11029580926955 0.002117109015942484 -0.015520383518096606 -13.067918687141637 -36.66418737223052 -51.130044737646486 -52.065056003287765 -31.38197949974829 -31.656861037310236 -51.58250157465322 -46.9840411116206 -27.262472407104937 1.9709609813299027 19.492739891822673 21.259259599050548 0.0013152874470366198 -29.08146400504378 -57.81195199886084 -67.0027145159906 -57.76698532879399 -29.094980821061725 0.0011775096459754521 21.113733017437703 19.779921026093344 2.3902160496819254 -25.621952502004092 -45.525015678620456 -49.41731066945639 -31.31090752288131 -27.27367014059765 -43.16017743431361 -34.30102018292147 -9.919717235811337 23.372753298274716 44.79369647479572 48.780424563901946 29.082556841463877 -0.00032329428759660626 -28.475934276318107 -38.08452738740215 -28.33941325556357 -0.0003438760053364015 29.095940115010237 48.25849222921432 44.6279450528869 22.706585769497337 -9.566982572536414 -34.71474476488592 -42.27172524342549 -28.06670370471204 -24.089400364006696 -36.00433821591251 -23.262539441298973 6.390885583697345 43.96213973910497 69.69556939610018 75.87580303982266 57.811537244835236 28.473722668847795 -0.0020417934377731164 -10.23959525163075 -0.0020110529275956836 28.33703672121609 57.76646143792714 75.54754807803579 69.70375229083875 43.62533146071338 6.822025787619259 -23.429136514156088 -35.391446866439416 -24.752316166142144 -22.621591092376217 -32.34295476825371 -18.897922527570966 12.223579541125892 50.29652319298221 77.32193232397498 84.03688070462644 67.00165296527955 38.0817466052261 10.235036322548417 -0.002611737899658515 10.235023787896825 38.08175009863925 67.00165164434166 84.03685659764184 77.32193006213349 50.2965227893873 12.223573556855158 -18.897911278428804 -32.342947504809686 -22.62158809166101 -24.752322475716085 -35.391449126330116 -23.429143338018207 6.82202042339028 43.62534479830283 69.70375400579289 75.54755017413675 57.766485505440315 28.337044144678284 -0.002009046019778796 -10.239582109254014 -0.0020334782593138334 28.473710138666977 57.81154604434995 75.87580640455332 69.69555874613529 43.96215059032974 6.390891242329352 -23.262531647262403 -36.00432431692009 -24.089392407816966 -28.066707001340365 -42.27173083068339 -34.71473938165639 -9.566985362351598 22.706583285933103 44.62796604175754 48.2584968201603 29.095945115735535 -0.0003224280377579275 -28.339395645245045 -38.08452567992443 -28.475915452482646 -0.0003083120792443748 29.082548566747878 48.78043787817627 44.79369894663172 23.37275810824805 -9.919701504511709 -34.301008590503386 -43.160165163164876 -27.27366343053313 -31.310908880135997 -49.4173157211777 -45.52502344030537 -25.62194425537562 2.3902073099688197 19.779914596811885 21.11374747397482 0.001186442694820046 -29.094977898686658 -57.766964586679705 -67.00269205940371 -57.811952348612294 -29.081440172519144 0.0013287402887294261 21.25926388282515 19.49275881584848 1.97096700857504 -27.26245732039092 -46.98402746012963 -51.58248861096216 -31.6568525167866 -31.38198000757725 -52.065052918294356 -51.13005026585986 -36.66419528260142 -13.067911147003297 -0.01552380852385726 0.0021119764422713474 -21.110285790517047 -48.256450607191134 -75.54670692005666 -84.03647927042583 -75.87492987379007 -48.77821016397561 -21.25565653291626 0.002193175690652611 0.2627894217042811 -13.367065482292114 -37.49752217611866 -53.0073029255768 -54.05730176685701 -33.179575889629774 -27.799057609318023 -47.21005178445063 -45.65601340400318 -33.130467564563304 -11.289740345008566 0.0017875790705119982 0.019320907214584647 -19.776756267514205 -44.62600459632338 -69.70302557942965 -77.32156458033444 -69.69473311829029 -44.79163411482447 -19.489444556650135 -0.2587653499592122 0.0018562566833118226 -13.202731281672051 -35.17876327911281 -50.14980614971 -50.323455040181294 -31.608717150908515 -20.77607040040293 -36.08529679660302 -32.627769461111974 -20.581290284926112 0.0007022567412244429 11.292126912480697 13.070534935856758 -2.388323734656092 -22.705711089344877 -43.62553822196164 -50.29710929987131 -43.96236283354326 -23.371916982982782 -1.9689896047135704 13.369693749582442 13.205181583270269 0.000730484485971357 -19.898554147581752 -35.76674606857152 -37.72931288256936 -25.225468606640344 -12.482505322477483 -21.084499707809695 -14.041551913725105 -0.00040966683340772856 20.581457387868618 33.13114349533948 36.664995182689424 25.622018484089022 9.566056310709701 -6.823911896029219 -12.225795395679807 -6.392768803227529 9.918749547982578 27.262542545544935 37.49828984300491 35.17950593408375 19.898658126886478 -0.00044351574404207926 -17.98411329621799 -22.976732836355673 -17.063393438952023 -5.441029255256844 -8.373532553585877 -0.0008688827244836542 14.040002468650824 32.626876067604115 45.6553906977504 51.12935898727521 45.5237101135305 34.71259325457903 23.42618440041499 18.894614716445453 23.259478860892404 34.298676351147094 46.9825453587923 53.00645843150657 50.149088662718164 35.765725877975946 17.98253058262038 -0.0009681976913652819 -7.945742642910673 -8.367576177538108 -1.0989486888452682 -0.0007976751058426898 8.371857568003556 21.082868622883115 36.08395446338153 47.20882145762186 52.06366770179259 49.4153985393377 42.26914402470465 35.38828124220267 32.33953990950494 36.00109391531521 43.157494836901805 51.58045983755826 54.05580043147501 50.322111724531716 37.72785337338044 22.97499753663841 7.943901514626772 -0.0007962559899609983 -2.6741845384188334 -0.00018098966062301937 1.0981121328989887 5.440023828502598 12.481488498037697 20.775153801213037 27.798183331922953 31.38102523641605 31.30969264773149 28.06512783335275 24.750401673873906 22.619505129467587 24.08735637124943 27.271888986634607 31.65542590902277 33.17845165704031 31.607750975946818 25.224478031368555 17.062330783135945 8.366440014864134 2.6732381801753737 -0.00031904116738032965
</DataArray>
        <DataArray type="Float64" Name="Mode_17_w" NumberOfComponents="1" format="ascii">
 -0.004724159978951193 -0.005782445529244827 -0.0047241597365826025 -0.005782446148654611 -0.007370629178004833 0.0008455792511961787 -0.004563189311906655 -0.00011294754182111727 -0.0011704080477101886 0.0004621552356879484 -0.00014511725608589026 -0.001369654191713183 -0.0021868248066509396 -0.003943817228091038 -0.0033487539901438184 -0.003560067944476645 -0.0014447619924537669 -0.0008315596452331765 0.0005303094006639166 -0.00029150841084403306 -0.0003442254147875922 -0.0024015601031856684 -0.0012372511359739007 -0.004604814298285011 0.001318610221212704 0.0013186140637570355 -0.004604732613002205 -0.0012372222206452183 -0.0024015688056515908 -0.0003443204102797288 -0.00029168670600624466 0.0005301437285270764 -0.0008317576161653112 -0.0014448284499112732 -0.0035601545692857495 -0.003348712048395488 -0.003943899352694618 -0.0021868445640118393 -0.001369867656668032 -0.00014524862029194596 0.00046190440619405096 -0.0011704876620139539 -0.00011304977982580954 -0.004563120923486026 0.0008456179802208127 -0.00737055863639768 -0.0073706290013652465 0.0008455788472722282 -0.004563190354815102 -0.00011294498817579576 -0.0011704091706088182 0.0004621576678499676 -0.0001451185720800738 -0.0013696557813838396 -0.0021868253660631137 -0.003943816856463297 -0.0033487530462646548 -0.003560071577927301 -0.0014447579014889376 -0.0008315644730144471 0.0005303143959159354 -0.0002915130219625065 -0.00034421965139889684 -0.0024015650967600813 -0.0012372495045888721 -0.004604816338657892 0.001318610046539994 0.0013186142465132042 -0.004604735439531474 -0.001237218490113476 -0.002401573678753969 -0.00034431852528166217 -0.0002916851781998915 0.0005301410377564656 -0.0008317541014031568 -0.0014448311875824755 -0.003560152613575946 -0.0033487158591446317 -0.003943897468835482 -0.00218684395129595 -0.0013698671419270071 -0.00014524821930888773 0.00046190381016364385 -0.0011704876983931456 -0.00011304894753403956 -0.00456312012952916 0.0008456167235794683 -0.007370558493212519 -11.312016201849236 -16.787279994155266 -20.162982701356064 -18.87996384406978 -17.660243914752527 -17.33139299575775 -20.19378223203965 -25.620737911071643 -31.738259449026245 -36.36424392673239 -37.11577370858212 -34.090481150922706 -27.921209555114334 -21.558130668639084 -16.925838992000855 -15.611652947873605 -16.598725899350345 -18.40155852927426 -18.178899948236907 -15.202893625124782 -6.581336475703229 -16.78713017825944 -28.21087509912943 -32.65509160023409 -30.836975819391085 -25.9798993119873 -24.09193335846597 -26.99656522066319 -36.49627021204682 -47.84679356390084 -57.772995334618905 -60.67189770335299 -56.36776114949685 -45.74759888428505 -33.857629145762054 -24.625129402398773 -21.93104988357583 -24.163095171543272 -29.683499842952948 -30.28952413513996 -28.87063176156072 -15.20283227012182 -20.16251480100534 -32.65464682713729 -34.21170276524071 -28.051735816733178 -18.08152557168193 -12.883515651077623 -15.220540745345787 -26.7567753862688 -41.75681864757594 -54.63616969868721 -58.69800557003872 -52.430998243781744 -38.10675947087546 -22.985420745662193 -12.107017711361822 -11.333065262050702 -16.187559306648073 -28.078427813939367 -31.72970200057322 -30.289055547508593 -18.17859607205866 -18.87901083543226 -30.835693325714168 -28.050730632021267 -15.57864843219699 1.9812043339459768 13.212492916056002 13.602630426369384 1.2475706233956763 -17.18819139175003 -33.57137950928301 -39.59191746221274 -33.38519628905138 -16.25462500513745 1.3937276698223104 14.573038939150223 12.141418811589588 2.569909097694688 -14.901237487521815 -28.0776410037286 -29.682318039976195 -18.40085970719696 -17.658834658823377 -25.977791647800345 -18.079529369843826 1.9823151236481462 26.306696262926422 43.763457470721235 46.91592197626256 35.22026303844818 14.916486252012904 -3.8452537884058686 -10.424076274487353 -3.5750087996665383 15.863054617207856 33.948581890767976 46.72596314274316 42.739061255016196 24.988818362341082 2.5710649351467403 -16.18572981575313 -24.161074203280453 -16.597561938871966 -17.329625168340858 -24.08912032705277 -12.8807133190307 13.214455207122414 43.764193733967026 66.35478556012886 71.79143567902295 59.06364480114507 36.7896872828746 14.723276190961576 6.589528958426595 13.011896632246112 34.68445422917258 56.526016647894714 68.0339113613472 63.768608646826436 42.73969809626236 12.14328144014236 -11.330504576341472 -21.928405612147763 -15.610096573722545 -20.191925069345864 -26.99354110122268 -15.217578203456016 13.604722779445526 46.91666064675962 71.79142152174065 78.39226943534845 64.29172535075705 39.7060328578028 15.48769418887213 6.739808014919527 14.986004993313065 36.58664226390752 61.44990525180722 75.3420753568856 68.03392086637774 46.72670622768482 14.57510466293288 -12.10414681750828 -24.622211677935393 -16.92408105594971 -25.618963420473502 -36.49338163730441 -26.754149360845332 1.2490924904990965 35.22014661538835 59.062546103932846 64.29053525227165 47.33895355689515 19.686091307480115 -7.344453686272035 -18.679824371201672 -9.100608291238931 16.960159002248705 42.49751672749057 61.448730097750065 56.52492178341766 33.94846398737724 1.3951763164876023 -22.982862359860537 -33.85485927758218 -21.556376855694495 -31.736730885809383 -47.8443743757276 -41.75489635596224 -17.18764163608322 14.915176688169542 36.78717773834378 39.70330208629476 19.684464336549507 -11.106513587205326 -39.48693841113557 -49.728226033887736 -41.976944411035426 -12.06406442058225 16.958534826866604 36.583951656979266 34.681971601641806 15.861800081556806 -16.254075469969376 -38.10480611382296 -45.74522917298098 -27.91963607011319 -36.36289243092043 -57.77097613430063 -54.634860779928964 -33.571733328229065 -3.847717337680865 14.719376541912295 15.483447333049721 -7.347683779174384 -39.48853680212588 -72.47556663531878 -81.58101274921007 -72.05893279027687 -41.97852793543956 -9.103836967195397 14.981784207375174 13.008003883034911 -3.5774387947199666 -33.38557010421505 -52.42967819245447 -56.365777068454896 -34.08909558771199 -37.11450279730238 -60.670081081632965 -58.69694345982602 -39.59259284533319 -10.426886999229538 6.585208014461677 6.735106629359765 -18.68356937023511 -49.73034834487446 -81.58158865606111 -92.81669336975801 -81.58158812318669 -49.73035712156603 -18.683572235261906 6.735110386474851 6.585204041603142 -10.426885124939272 -39.592598165343304 -58.696944906202965 -60.67008324231413 -37.11450547491857 -34.089092269714016 -56.36576986494154 -52.4296786463413 -33.385570304000794 -3.5774463837300625 13.008000120122903 14.981787499439646 -9.103841278951409 -41.97852847598622 -72.05892746543005 -81.58101525119888 -72.47556852724918 -39.48853449701327 -7.347697459347979 15.483445227547106 14.719373397658439 -3.8477181511598295 -33.5717359919297 -54.63486953019289 -57.770981177049 -36.362894643678544 -27.919635566534165 -45.745228263444496 -38.10480989311468 -16.2540846294611 15.86179381332785 34.681958490815305 36.58394616226208 16.958537475878227 -12.06406327549194 -41.976943579467104 -49.72821788948914 -39.48694960230834 -11.106516316084903 19.684455286750037 39.703290380134696 36.787174457985934 14.915173968701888 -17.18763836460914 -41.754896645750165 -47.84437815738285 -31.736733721778773 -21.556375964323866 -33.85485926839227 -22.98286671219616 1.3951603912674388 33.9484478011837 56.524911488471695 61.44872059362402 42.49751109678744 16.96016750701516 -9.10061073666738 -18.679818632544794 -7.344450750757565 19.68608074983095 47.338946311102944 64.29052145595186 59.06253889442465 35.22014392557626 1.2490907495110355 -26.7541497910269 -36.4933840072368 -25.618966367801573 -16.92408249253734 -24.622216521943095 -12.104155884804564 14.575092659102225 46.726688826770605 68.0339035449093 75.34207419811919 61.44990132984104 36.586648347327454 14.986016847425361 6.739806862660616 15.487696669314872 39.70602680789737 64.29171478682393 78.39226021477933 71.79141010925265 46.916657504696765 13.604725164760291 -15.217575584386307 -26.99354096475483 -20.19192611838667 -15.61009661485926 -21.928406895380363 -11.330513498698513 12.14326542187834 42.73968824688278 63.76859382502898 68.03390463466513 56.52602230042817 34.68445377760663 13.011906309343955 6.589537901053522 14.723278420673298 36.78968676728949 59.0636350191681 71.79142589058274 66.3547783305575 43.7641875333124 13.214454318130004 -12.880709496090725 -24.089118596574824 -17.329623163681145 -16.5975632863793 -24.161076722983694 -16.18573211585423 2.5710548389425596 24.98880621332743 42.73905912062354 46.72595711942246 33.94858816585061 15.863063988220704 -3.5750046042984978 -10.42407113213761 -3.8452513028980126 14.9164868816857 35.220259716983456 46.91591196306165 43.76345083089843 26.306697117534988 1.982317603598703 -18.079520829402114 -25.97778598745559 -17.658831923563273 -18.400857219278954 -29.68231859416978 -28.077645166548987 -14.90123814273226 2.5699008816585236 12.141416955929197 14.573041564035533 1.3937292743957768 -16.254617079863078 -33.38518771413615 -39.591912687382646 -33.57137622279137 -17.188192170458414 1.2475684211811904 13.602627421658166 13.212486382291452 1.9812022662693383 -15.578647871950823 -28.050725746125856 -30.83568698508607 -18.87900722594991 -18.178593487769696 -30.289050293326746 -31.72970153827826 -28.07842706470538 -16.187558341599782 -11.333068266873147 -12.107015035697456 -22.985414111407014 -38.106755960902696 -52.4309923414262 -58.698003470510386 -54.63616699412819 -41.756817117009504 -26.756778370529705 -15.220542850629725 -12.883516477447673 -18.081524140316873 -28.051733568143234 -34.21170049416876 -32.6546440694998 -20.162513015091704 -15.202829130351375 -28.870627797139047 -30.289520326258394 -29.68349784128006 -24.163095838289482 -21.93105007055799 -24.625131712602144 -33.85762653542505 -45.74759491550972 -56.36775578887766 -60.67189346498607 -57.77299649917461 -47.84679294098567 -36.496272255526605 -26.996567153311823 -24.09193728300843 -25.979901178404653 -30.836975769535456 -32.655089245690995 -28.210872767563824 -16.78712932065564 -6.581335005676285 -15.202890628720946 -18.178898104166684 -18.401555295900973 -16.59872524211384 -15.611653359728516 -16.92583840169454 -21.55813098115773 -27.921207561802706 -34.09047856059618 -37.11577040697087 -36.36424366522951 -31.73826086668844 -25.620739272154765 -20.193783336122113 -17.33139372228506 -17.660245134382084 -18.87996513015082 -20.162982973097442 -16.787278946698017 -11.3120156769322
</DataArray>
        <DataArray type="Float64" Name="Mode_18_w" NumberOfComponents="1" format="ascii">
 -3.3734232611103236e-7 -0.011112959617592903 3.3631309294008017e-7 0.011112957577334213 -0.002203021226108434 -0.0010209650930852385 -0.0017381935033035768 0.003849986916427083 0.0033724975517560175 0.008319955618588051 0.004186682853641 0.005303991293484676 -0.001464047657560728 -0.0012803802453529565 -0.005353279429705475 -0.0025522418705021545 -0.0025247251499188822 0.00016411462092919254 0.0010569273881961183 -4.919926852369671e-5 -0.0007531224144168105 -0.005743325149683041 -0.0014454362250389057 -0.01058914435373251 0.003162779954294906 0.003162800026257892 -0.010588985831084754 -0.0014453895603190464 -0.005743354361099022 -0.0007534397247352521 -4.952742429060647e-5 0.0010564163345295075 0.0001638869054897559 -0.0025249518459180957 -0.0025520345790531144 -0.005353179792216314 -0.0012800296008203332 -0.0014639946838007848 0.005304079067636944 0.004186579201437042 0.008319891273117134 0.0033726533042830334 0.0038500672357327705 -0.0017375055546212986 -0.001021028433087479 -0.002201923567367127 0.0022030182435104056 0.0010209657506239488 0.0017381926089465622 -0.0038499847546009745 -0.003372499514337909 -0.008319953933971749 -0.00418668438225881 -0.005303990076984241 0.0014640482738227723 0.001280376842551982 0.005353285449547941 0.0025522379162820235 0.002524720401052254 -0.00016410822836483642 -0.0010569301125025548 4.919845393357229e-5 0.0007531240751357559 0.005743329686170044 0.0014454287565573694 0.010589147283014185 -0.0031627804519590865 -0.0031628005089109727 0.01058898964897038 0.0014453796481667218 0.005743359485720259 0.0007534392534171796 4.9523000207733157e-5 -0.0010564099792388204 -0.00016388969367937074 0.0025249536688299883 0.002552036787915338 0.005353174982185237 0.0012800326396581042 0.0014639941180860723 -0.005304080742536687 -0.004186575535008678 -0.008319896849623667 -0.0033726483371386926 -0.003850069936631545 0.0017375049253057677 0.0010210281613900448 0.0022019212034306034 -0.000820766415941613 -4.615145027896076 -14.091860179433702 -27.793313710674294 -38.864805512480864 -44.5334354558623 -39.45512169343606 -26.91773935791362 -8.485371333296689 7.681011586847008 19.075099591804754 22.019554875404115 20.095388866640643 16.039000143185184 14.584751071423343 17.814643863737842 24.570862844357798 31.51940522152487 32.78702099518003 28.888661207768788 12.343592997773486 4.6127615109107865 -0.0019910987142247806 -13.374133774177238 -37.620730846391126 -59.173695709448104 -73.44362898591032 -68.93448844842173 -49.98302380053889 -19.086084563423974 10.485230315575102 31.557102702741258 38.08231756118708 32.39134582851251 23.38942079841595 17.119176165232968 21.901496751211063 32.055961205533954 50.12292704961164 53.32194961030746 54.22544862310072 28.888522529392738 14.089140056600744 13.369702212432419 -0.0022518820852035102 -28.882791194082486 -55.88026271626021 -73.63550348210637 -69.43798974347129 -46.480596594578564 -11.873202265587718 21.058745822209776 39.47813552953812 42.44442032261131 28.014796963782203 12.992085623457516 -0.2265785958777168 8.56240088909811 19.08273872408083 45.9208023901796 54.205026695596835 53.320984579338216 32.78637652689201 27.79103490265916 37.61685213746411 28.879279033760074 -0.0010395346029023174 -32.68421380884335 -55.640723008776355 -57.89425391678633 -36.17085644619396 -3.647861623336735 30.92058489699023 44.03920447128062 40.81747740082162 13.0015591188366 -8.87087331461399 -33.116164004095914 -24.999379889871264 -8.459614129425143 22.47125182180789 45.91918266813117 50.120483041161286 31.517963857163906 38.86311430384606 59.17107822861048 55.87855157730972 32.684449468546156 0.0013717089906444926 -21.519710803144093 -28.0587262127247 -8.862390332732236 14.123570258386955 41.25710209736879 42.589443111356395 32.88722062870183 -6.784069054456019 -36.814457585135216 -62.82909936098296 -62.4653108479322 -40.319532432803385 -8.461890393526275 19.07917708061795 32.051972697356604 24.56853593875216 44.532318229796445 73.44201960219391 73.63506054645607 55.64247897890764 21.524041220898198 0.002977031603927029 -12.177314614595867 4.9069939874307344 23.03126207537552 47.82074197691836 41.913009074185496 24.404435021369956 -16.698090632077534 -57.80436591716158 -83.15094910484243 -84.95334692537172 -62.46660644467223 -25.002992594271745 8.557619831423526 21.896598929949562 17.81175182837026 39.45425653594287 68.9334867954194 69.43811628929517 57.89648229095604 28.063197397405457 12.183204862792087 0.002900189698778487 13.658742827994477 25.086982204332518 42.56359394749976 39.74708429332212 17.116588703719106 -17.793142846714797 -55.8958462516162 -81.38037080858616 -83.15149916922232 -62.83077451230962 -33.11986828649488 -0.23136957036051417 17.11439529354036 14.581788463976505 26.916791068090696 49.98175926954586 46.48007244202199 36.17192419778267 8.865312787417903 -4.902996302376561 -13.654715757945525 0.0012317916608608045 18.006052580336732 31.35389922539419 34.48269385241822 19.019199523208584 -9.629140153161327 -38.59013990789332 -55.89470020952373 -57.80363810899165 -36.814859940846496 -8.87308165061771 12.988634165943928 23.38591163299193 16.036652035807663 8.484273973274743 19.08439273943759 11.87171341297723 3.6470989271755228 -14.123139750169274 -23.030205821738104 -25.085584267564958 -18.00552166834784 -0.00015338138210192065 16.15187412005196 23.500687862715765 20.064746449667506 8.542522212049374 -9.627938875684137 -17.790888564557694 -16.695846345836877 -6.782711142423579 13.001613329530954 28.013480450703938 32.389700155085926 20.09402519040639 -7.682129887964001 -10.487317433547325 -21.061102713263466 -30.92308722082836 -41.25906595806647 -47.822613963942786 -42.565045233423184 -31.35564176498039 -16.153428006913956 -0.0008468312874971017 14.31075675683522 17.960735022708086 20.066175395945645 19.021900046314684 17.120046352507316 24.40813408675712 32.89015834164076 40.819611998514816 42.44527280587185 38.082655013354085 22.019358512369166 -19.075745232625255 -31.55868349314085 -39.4802781389012 -44.04224623111929 -42.59265862465941 -41.91652714233696 -39.75005289623556 -34.48530354162606 -23.502338812571757 -14.311659077587409 -9.808145535181193e-6 14.311663018649094 23.502342089225806 34.48529132002163 39.75006647339831 41.91653100591517 42.5926500422645 44.04224492024988 39.480270153098175 31.558681098079447 19.075744972048312 -22.019363355546496 -38.082654916249496 -42.44527579820348 -40.819616622661506 -32.89015568307737 -24.40814812450303 -17.120039013039477 -19.021885779016436 -20.066190403120405 -17.960733959381262 -14.310755612813944 0.0008307981018866174 16.15344484097677 31.35565426791 42.56504225841563 47.82262495599053 41.25906342535518 30.923082562975694 21.061101609988853 10.487312903025506 7.682127772422686 -20.094030726848143 -32.389709185838306 -28.013478696652424 -13.001620897749826 6.782714807353697 16.69585284991314 17.790871701509996 9.627941947726983 -8.542518256676635 -20.06476687656118 -23.5006856112513 -16.151875931844366 0.00013989247888264645 18.00553832131792 25.085593358017203 23.030209455252105 14.12314490881332 -3.647105502580495 -11.871717851931212 -19.084391868127682 -8.484275255450887 -16.036652308378653 -23.385918305278725 -12.988635435703262 8.873086768460578 36.81485203298613 57.803649027201125 55.89471204640302 38.59012870624558 9.629145324260481 -19.01920063885151 -34.482713615332415 -31.35389237729117 -18.006051770371204 -0.0012374393807179029 13.654728237847825 4.903001033791307 -8.865307461903909 -36.17191814221884 -46.48007820187719 -49.981762741258 -26.91679177366932 -14.581789698358952 -17.114395925296023 0.23136354174519466 33.11987586608351 62.83078749498978 83.15149648779133 81.38038338109034 55.89585525624924 17.79313038426178 -17.116582766243624 -39.74709031597434 -42.56361232912232 -25.086979698332858 -13.658744709951938 -0.0029000299681275527 -12.183194646397988 -28.063200963913143 -57.896480014997145 -69.43811458258155 -68.93348964109968 -39.45425838221956 -17.811752925183857 -21.896599135310126 -8.55761445964429 25.002988258396574 62.466618884729435 84.95336570080114 83.15095171041571 57.804381250899674 16.698092430068954 -24.40444676451958 -41.913007848254026 -47.82075020270258 -23.031276304049975 -4.906994264561796 12.177309836950867 -0.0029714183238266573 -21.52403337937656 -55.642482174338475 -73.63506217361315 -73.4420218344834 -44.53231968669343 -24.56853486375605 -32.05197706517217 -19.079174308005285 8.461901277684968 40.31952988878193 62.4653235860491 62.829111863070636 36.81445854145641 6.7840769173779325 -32.887222669772235 -42.589458086848616 -41.2571067920812 -14.123581024183624 8.862385895562237 28.058727378996938 21.519706356405504 -0.0013695024067349167 -32.68444779943904 -55.878555996101454 -59.17108117324228 -38.86311647082773 -31.51796331033158 -50.12047959654483 -45.91919013707508 -22.47124975960388 8.459624027154984 24.999381015198107 33.116176861817756 8.870884414954197 -13.001561608726377 -40.81747085269028 -44.03921180598069 -30.920594381401557 3.64785322094386 36.17084803571624 57.89425500496277 55.64072482801559 32.68421125205996 0.0010373548524525548 -28.879285116170603 -37.61685789338793 -27.791036441589217 -32.786381547778234 -53.320987671981605 -54.20502447880889 -45.92081125236978 -19.082735948992415 -8.562392038172272 0.22657959805067343 -12.99207281728226 -28.014794748406707 -42.444421275914365 -39.47813747459619 -21.058753784327966 11.873196128362451 46.48059137911588 69.4379843119036 73.63550250242983 55.88025961195669 28.882787159489236 0.0022473817629154675 -13.369709678590564 -14.08914287513593 -28.88852548348572 -54.225459074424116 -53.321955441541924 -50.122926626430406 -32.05596453213792 -21.901487329156115 -17.11916781782335 -23.38941448909859 -32.39133814865818 -38.082317803213115 -31.5571052268983 -10.485234429628049 19.086077757476133 49.983021434958935 68.9344862113564 73.44362607690198 59.17369387948311 37.620723190415845 13.374129281578217 0.00198493453061493 -4.6127647550470385 -12.343594464067628 -28.888665008840853 -32.78702875478942 -31.519407285820623 -24.57086351878521 -17.814643300634785 -14.584745531009444 -16.038996143313618 -20.09538503334493 -22.01955302198134 -19.075101639196696 -7.681012611817603 8.485369150750337 26.91773686850263 39.45512038296254 44.53343234241988 38.86480440582485 27.793310026072447 14.091855583049774 4.615140949542029 0.0008177306288594274
</DataArray>
        <DataArray type="Float64" Name="Mode_19_w" NumberOfComponents="1" format="ascii">
 -0.009607646755466577 3.901659422416597e-7 0.009607647784632573 -3.903126348784496e-7 -0.015637966545080352 0.000900868561795684 -0.00981258147447933 -0.0011976807537526953 -0.0021706543462011235 0.0008629673619849253 0.001509963882659827 -0.001247567610550432 -0.0007681902043534902 -0.00491550672112936 -0.0015581096291101297 -0.002862039648817006 0.003282420396750019 0.0031224493624516644 0.007370451303808329 0.00462463318134373 0.0045716333087941164 0.0003167095668676805 -0.0006095182491166448 -0.002266103343550284 -0.00028552076308592875 0.0002853017503850411 0.0022668399021757673 0.0006096249168638697 -0.00031630503142499045 -0.004571583142589134 -0.004624625572204343 -0.007370529475813953 -0.0031224596536532337 -0.003282243169361744 0.0028622196281088766 0.001558486227866999 0.0049155930427479825 0.0007682967176590736 0.001247193489003097 -0.0015102557748159534 -0.0008635524553480411 0.0021704194984543913 0.0011974081068395228 0.009812706452847252 -0.0009007983321779305 0.015638123684572177 0.015637968591443684 -0.0009008684730244316 0.009812583013824611 0.0011976799423277912 0.002170653603618828 -0.0008629683759564181 -0.0015099617503794938 0.0012475634122319221 0.000768194458338773 0.004915504653859263 0.001558109396472748 0.002862040802835476 -0.003282424315849273 -0.0031224435128862768 -0.007370455524216105 -0.00462463390605232 -0.004571625783407469 -0.00031671771361773413 0.0006095278081691053 0.0022660951020134134 0.0002855234421866764 -0.00028530159574988173 -0.002266840336665963 -0.00060962661454267 0.0003163106556950145 0.004571575819364516 0.004624628284411743 0.007370528802579747 0.003122456544469176 0.003282247104330722 -0.002862219324132576 -0.0015584849250264044 -0.0049155949222228785 -0.0007682932591078108 -0.0012471948345269422 0.0015102568235783116 0.0008635502633085667 -0.002170415741221245 -0.001197412044090392 -0.009812703721143696 0.0009007980634355798 -0.015638121495985532 -23.360978953591843 -33.939593703770946 -38.751793964685774 -32.47738019274097 -24.09332365160479 -15.880048683192182 -12.274270540356708 -13.435498393354264 -15.563035084904355 -15.883026568520572 -9.196257113677694 2.7584781816750388 19.344969671467073 33.36291165428996 42.11719679811119 41.16871327139974 33.160183082134814 20.509618840073806 9.20803766281498 1.9862805184469816 -0.00043368182506958914 -33.939917771906835 -56.71269924701348 -63.127450252424346 -55.232589596776286 -37.29209039583904 -22.8711013109911 -14.197511875083446 -17.902336411290957 -23.986867148640712 -29.590803760943032 -22.488389396378953 -4.859329688825557 23.360771714468136 49.858707441894495 67.98582470118694 69.60361713749015 56.834812573935174 34.82531244889994 13.750926134885857 -0.0019043919234230562 -1.988309905999163 -38.75278211900454 -63.12838851220447 -64.1798840829208 -50.01061834541457 -24.339730667502575 -6.239847662199612 1.9197373222535794 -7.296151017970619 -21.092356580091582 -33.510350539905424 -30.357340884453155 -12.237902473530243 18.67424522970639 48.97566237736178 68.21759161144408 68.02322289452447 50.65064094076181 23.086969223118935 -0.0019023626044232566 -13.754669540555742 -9.21033983110841 -32.47932921595301 -55.23522800647412 -50.012644513062824 -29.626074592271976 3.365872962232188 25.04863621385333 31.794240063744684 15.309461631711784 -10.586799369291 -35.601622233755705 -43.28126743612521 -30.468775330223103 -0.7543840008119644 31.34445506138512 52.61259693705168 51.46968474227617 32.43053104929473 -0.0007880475514702085 -23.09019122979791 -34.82883218576729 -20.511833006235772 -24.096050701312 -37.29624086754921 -24.343648620905352 3.363580303395364 39.09113601600985 61.72733957956693 63.860208134355794 41.596342443739346 6.249201458225458 -27.834252804026736 -45.661717897921754 -41.91355701927159 -19.463032211855307 5.770015517733091 23.838497633130316 18.38841438961863 0.0014164973200230643 -32.4299326717423 -50.651978997307786 -56.83706295336933 -33.161908369950154 -15.883172896121554 -22.876253754596313 -6.245012061400524 25.044737117313286 61.72583120795557 84.71380603094676 84.00981556448521 57.079233793300006 15.100566785667452 -26.673999177498438 -50.135735026438496 -52.55684210086317 -31.96557162980096 -10.487626874499156 7.866470487446005 0.002984332041810089 -18.38402724458808 -51.46792942426748 -68.02382073425575 -69.6051574601375 -41.16996522405289 -12.277038706296521 -14.20234735831079 1.914866689369153 31.790182471422177 63.858242364590964 84.00897114341599 82.5900261966537 57.38960450311945 19.874956094266945 -20.466893903043385 -42.42619589166549 -49.35353154286369 -31.988426491281345 -16.305090021181393 0.0028576428127663465 -7.86063178688136 -23.83408012743404 -52.61026967039428 -68.21757273732274 -67.98702155132592 -42.1182208062122 -13.437388629500044 -17.90584378924621 -7.299411616439109 15.306930607591893 41.595725838799815 57.07957745389609 57.39057923941058 35.19870442881913 7.405714795957051 -25.0257500924822 -36.75091585999678 -38.385532978960704 -17.196586239377435 0.0013553331902596884 16.309022559285705 10.491686690322437 -5.767428399800005 -31.34382392502813 -48.976573789048416 -49.86034563063654 -33.36403475324162 -15.56363359779598 -23.988210027594747 -21.09319138027302 -10.58705600596757 6.250209971441382 15.102189611737131 19.87671849763451 7.406987246125234 -4.080370225983675 -22.368659197372132 -23.706120926711197 -20.19876318252775 -0.00029522159988031065 17.197265840695366 31.989677698511066 31.966756384239005 19.463510050717456 0.7534824574426559 -18.67620214469273 -23.363040234376736 -19.34637655285534 -15.882492285564327 -29.590074943298276 -33.50887278811753 -35.599456322760545 -27.831358590336414 -26.670625582660062 -20.463895573158915 -25.023539324370656 -22.367528563730783 -23.705666843173844 -12.95662643536092 -0.0006338739745124812 20.197347334693532 38.38420868028652 49.352324925726165 52.55513616968006 41.911255718696985 30.46591285795433 12.234932972062579 4.8566622459112105 -2.7600199525431206 -9.19492291577396 -22.486184892126854 -30.3545793430615 -43.27817222815708 -45.658729673795584 -50.13279142244063 -42.4234006985094 -36.74848341404601 -23.70445926850882 -12.95562468461235 -1.0195907007150313e-5 12.955620811908064 23.704456593622297 36.74849350699911 42.423409109409754 50.1327868040763 45.658736369983224 43.27818184614244 30.35457965587938 22.486182383396258 9.194922104402925 2.7600191813169084 -4.856661145921444 -12.234934775172981 -30.465919506053 -41.91124699446008 -52.55512166773825 -49.35232342310107 -38.384200067309486 -20.19735356186023 0.0006366173392276724 12.956614681410878 23.70565568322223 22.36752211495852 25.023533373116706 20.4639071455696 26.670638798899564 27.83135405066256 35.59945358991658 33.50887477858223 29.590076776658197 15.882491442712897 19.346376255880987 23.363038446610776 18.67620986767198 -0.753474548986599 -19.46351456167727 -31.96674953308045 -31.98967206523875 -17.197250063815137 0.00029729609638557493 20.198757020307216 23.706114964442392 22.368645203538026 4.080368180087853 -7.406985033375501 -19.87672620489759 -15.102182659171351 -6.250198404703052 10.587060040912876 21.09319062000689 23.988210123878233 15.563634559295643 33.364038161848484 49.86034706115215 48.97656926189108 31.34382948976446 5.7674335476695475 -10.491681084518444 -16.309025958452427 -0.0013542441734406597 17.19659481196784 38.38553001865681 36.75090983643823 25.02574170952856 -7.405734134503655 -35.198702234570376 -57.39057147399946 -57.07957702142508 -41.59572846458231 -15.306926023988032 7.299413985589567 17.905844643034257 13.437387351041888 42.118222846643086 67.98703251642841 68.21758239831922 52.61027350455367 23.834076326213008 7.860633101997601 -0.0028491935262220237 16.305089067370798 31.98842718480832 49.35353234479464 42.42618444938396 20.466892194694992 -19.87496116730973 -57.389616696939726 -82.59003024978271 -84.0089598961231 -63.85823649437618 -31.790180736011532 -1.914866108831989 14.202348009083657 12.277038727567847 41.169969832414026 69.60516110152558 68.02382759026239 51.467938383502364 18.384033348492828 -0.0029927163279135343 -7.866475700970577 10.487632056223482 31.96556996947766 52.55684789727637 50.13573207447119 26.673986898787593 -15.100571496420978 -57.079229133658046 -84.00981935305009 -84.71380800632211 -61.72582836320074 -25.044732821371795 6.245011777915416 22.876252375921737 15.883172169604185 33.16191558725559 56.837076520574314 50.651989046120185 32.42993257487899 -0.0014153887046028729 -18.388409436615998 -23.83850412463049 -5.77001535786483 19.46303597520602 41.913555559441456 45.66172420189716 27.834257307321042 -6.249211306128699 -41.59634740161395 -63.86020396695196 -61.727334547878705 -39.09113271080814 -3.3635785552762507 24.34365252240905 37.29624065751617 24.09605002528646 20.51183660923133 34.82883734821091 23.090202311489087 0.0007971659747141191 -32.430538703630916 -51.46969202215487 -52.612599009288964 -31.344456935421313 0.7543926140524752 30.468786318878347 43.28126772121642 35.601628755812335 10.586806689640044 -15.30946102348692 -31.79423950902404 -25.04863591531363 -3.365866281522752 29.626079554757474 50.01265059177854 55.23523340921535 32.47933043120932 9.2103447891591 13.754677440969834 0.0019017676108268363 -23.086967405032155 -50.65063905443095 -68.02322886620614 -68.21759586440992 -48.975659044229076 -18.674242121565626 12.237919125186636 30.35735693468154 33.51035709354041 21.092364219379757 7.2961571480630365 -1.9197292918712223 6.239851274041093 24.339734027456007 50.01062848807366 64.17989239561558 63.12839672796649 38.75278587805535 1.988308991085036 0.0019077316011815366 -13.750921856777461 -34.82531605324166 -56.834818545502976 -69.6036200508958 -67.98582880630731 -49.85870229802579 -23.360762712589477 4.8593387969481 22.48840371854062 29.590817341551837 23.986877287025145 17.90234278442527 14.197515774067998 22.87110758289029 37.292093779852316 55.23259718551767 63.127459754249585 56.71270652427661 33.93992206086627 0.00043361514019458336 -1.9862808055566838 -9.208037342750222 -20.50961816928405 -33.160187569158396 -41.168715771082255 -42.1171985599397 -33.362910940526525 -19.344963279960663 -2.7584707009577722 9.196264584620003 15.883033390770095 15.563043053617825 13.435503535553389 12.274274380746927 15.880051480936862 24.093327705352646 32.477382834748745 38.75179889685764 33.93959832775631 23.3609820291245
</DataArray>
        <DataArray type="Float64" Name="Mode_20_w" NumberOfComponents="1" format="ascii">
 -0.007067020633678605 0.016092653892169743 -0.0070670218699509565 0.016092654837918326 -0.011921291025652703 -9.506253810728794e-5 -0.007998990422466603 -0.0021585502429154538 -0.0012732697999746345 0.0018905169079051181 0.00592883280488229 0.004686495438433647 0.007146391245934629 0.0007248906505627621 0.001207989029536083 -0.006681531153413913 -0.004579593270448189 -0.009675447099116977 -0.003946520311616796 -0.0022386097732545397 0.0037732677533745492 0.005947684273084576 0.007298072204871089 0.0131658329111285 -0.003506371689105796 -0.0035063694686391015 0.013165828970465183 0.007298075937769687 0.0059476815304669315 0.003773264494668629 -0.002238606190140359 -0.003946522300908569 -0.00967544990994451 -0.004579589552225109 -0.006681533170208648 0.0012079917383104677 0.000724892223948777 0.0071463896955624 0.004686497996000152 0.005928828629038893 0.0018905180439962447 -0.0012732703856700768 -0.002158552071851336 -0.00799899166669185 -9.5062119367824e-5 -0.01192129146566123 -0.01192129163648628 -9.506208838880908e-5 -0.007998991970838143 -0.0021585511211790827 -0.0012732731817187328 0.0018905207849849092 0.005928830493978111 0.004686495993629351 0.007146392415113977 0.0007248911846456787 0.0012079913319604796 -0.006681536566808194 -0.004579587483487697 -0.009675452390771527 -0.003946515702697802 -0.002238616171220066 0.0037732814982364576 0.00594767156274349 0.007298076566884567 0.013165832593143667 -0.003506373267242434 -0.00350637613769731 0.013165840458402038 0.007298068179699615 0.005947680438002518 0.0037732728991899563 -0.002238615627499913 -0.0039465178977331865 -0.009675449723657421 -0.004579592736655771 -0.006681532256714839 0.0012079894245728045 0.0007248946440272029 0.007146388251645072 0.00468649688796918 0.005928830541118727 0.0018905134867888997 -0.001273267335227464 -0.0021585552516524987 -0.007998989866649738 -9.506106832316755e-5 -0.011921290827575665 -17.411678472498643 -24.716266812686392 -26.133559263060615 -16.842855885989096 -2.4363025940569494 14.064837879738812 27.122440187918293 31.43389385328187 26.372290796699286 10.90137881234069 -8.10530568635344 -27.41140082157924 -38.10123810175771 -39.2973491632047 -26.457887669419705 -5.453191422345722 18.4916115395893 36.873618384788536 45.70667323624813 40.639212825846776 17.79629062143912 -24.716265883909106 -41.577791163198455 -44.62676727354167 -34.44135624825895 -10.200308899849878 16.35294628060523 42.21443523676691 52.894676842510655 49.99419608105516 26.76823108079232 -4.3884281653406285 -39.72468574375432 -61.75223732861875 -67.9191796611947 -52.57731064796781 -19.659531999291136 21.91234756856008 58.3556816995879 72.12076184068064 76.84142173661589 40.63921156333022 -26.13355430529798 -44.62676426560939 -46.21049630444402 -36.60899934749066 -10.76123495939478 15.906944660665417 43.19600255268208 53.87837306033482 51.58856552085631 28.739067993776594 -2.106694985022407 -37.6195036675656 -63.43930963617218 -69.08535039657667 -53.61668658007888 -18.770362211634076 16.874792415105098 64.41940709519285 73.2082551764115 72.12076857207542 45.706677594958364 -16.842846161569774 -34.44134435570745 -36.608992388712466 -33.6944732314941 -14.329798912794205 5.621773494911634 30.531885137292765 43.37811955678248 46.23304114929218 31.388028569931254 5.472946835768803 -21.567170211495004 -46.529342643897266 -54.667109582366265 -53.33446559519671 -17.303550766733746 5.370791161117863 40.633923253600386 64.41941413265181 58.35569077116873 36.87362315623595 -2.4362922381146315 -10.200292425165559 -10.761217339145823 -14.329791436435757 -9.696195419767658 -5.384783925010378 3.6358558307889846 11.808540075832362 16.813041225968675 20.67245368857402 11.993694552312224 4.611415305687862 -13.635580770160475 -11.104214061072291 -24.169040345456185 -16.822244032406687 0.8528107260429372 5.370801860500523 16.87480962719385 21.912369024687298 18.491623886501525 14.064850540352209 16.352965583188187 15.906962636104598 5.62178859075394 -5.384777943000347 -14.703267902211856 -20.35112737014731 -14.800199379684694 -10.776676795917098 5.406163626922752 11.542262687236505 28.805785036028418 20.170139636798886 15.145057594702607 12.55193976142863 -9.527951029591277 -16.82224215100936 -17.303539700166723 -18.770346237175385 -19.65951536739452 -5.453179276711937 27.12245132081127 42.21445427053912 43.19601938183804 30.531895455918946 3.635859453068461 -20.351119839236308 -46.0981897296791 -47.313749387225094 -42.53030208481038 -11.600394098770531 10.33806863143066 37.92424103869506 62.027869782234525 50.66978394141816 35.22021823294774 12.551941517965037 -24.16903670762372 -53.33445731150045 -53.616668060252934 -52.577291706938766 -26.45787733267188 31.43390062287092 52.89468885088016 53.8783837828384 43.37813121244098 11.8085357205487 -14.800198680967139 -47.313758832658515 -56.82373354362255 -58.0351341712142 -34.813957515192484 7.210447870851871 32.48302257269877 58.89758005856625 72.47177281057606 50.66978073372055 15.145050691898271 -11.104214929962215 -54.66710922564248 -69.08534900547166 -67.91916792006408 -39.297341534816084 26.372294508618484 49.994202430577374 51.58856277572019 46.23304276358513 16.813038019557606 -10.776676782583953 -42.5302976190644 -58.035142482108874 -52.00048501101788 -41.86477818571768 -9.462181997531236 33.23306186116493 52.54692655742146 58.89757870744197 62.027867662579496 20.1701340447965 -13.6355917743516 -46.52933910167601 -63.43930818198237 -61.75223408440889 -38.10123161530258 10.90137761860682 26.768232987340802 28.739064523010832 31.388019811361268 20.672444834182667 5.406145123225695 -11.600401127825402 -34.81395066928705 -41.86479046240516 -31.028485688236326 -22.707545118835903 -4.294517542839325 33.23306201626031 32.48302320163342 37.924231606307316 28.80577999084607 4.611403055667411 -21.567187150143567 -37.619505289999154 -39.724687180173426 -27.411399179662194 -8.105306460333317 -4.388432760056579 -2.106699465941499 5.472937519455826 11.993690233382148 11.542263785317783 10.338053919441666 7.210445023632608 -9.462168096076471 -22.707560081666184 -10.651967977466418 -22.707545916046254 -9.462186743846223 7.210451251925441 10.338067796793037 11.542249016716129 11.993693231530102 5.472938929105474 -2.106699907407233 -4.388425790010681 -8.105304072321893 -27.4113989369178 -39.724685362922656 -37.61950602891734 -21.567175137748553 4.611398480574232 28.805778423210782 37.92424713887312 32.483008399562245 33.233063116293664 -4.294498529795443 -22.707562515988386 -31.02848601259022 -41.86478034089376 -34.81396722666638 -11.600391162736063 5.406153320008172 20.67243842556538 31.388023634809752 28.739065654312334 26.768234543546676 10.901381391935058 -38.10123380741493 -61.75223361474368 -63.43930895806822 -46.529337689826235 -13.635570633825555 20.170129266726587 62.02787055870292 58.89759558167724 52.54691379585095 33.23306445085954 -9.462165678251274 -41.86479809775765 -52.000481389560555 -58.035137911043336 -42.53030972534233 -10.776672093005251 16.813038516812885 46.23304056178889 51.58857111858191 49.994205443503425 26.372297581877184 -39.29734272576785 -67.91916903329579 -69.0853412954773 -54.66711507062011 -11.104212094396493 15.145071531998672 50.669774178080274 72.4717782061312 58.8976025967978 32.48301030695936 7.210455037332407 -34.813950472680794 -58.03515326631681 -56.82373320073425 -47.31375911126844 -14.800206931813577 11.808540892972426 43.37812514647171 53.87838485122716 52.894690720428045 31.43390196070644 -26.457880649683382 -52.577302202060835 -53.616671695159596 -53.33444809827337 -24.169044167138914 12.551943792810771 35.22024020337934 50.66977129211147 62.02787770213197 37.92425517203117 10.338054981212073 -11.60039098828348 -42.53030272103656 -47.31376708856025 -46.098189720769234 -20.351127461570094 3.63585973439856 30.531897250886125 43.196017470418305 42.21445518800374 27.122450844646686 -5.453182904863119 -19.65951901354235 -18.770362753864376 -17.303548279522854 -16.822231269332548 -9.527962719028782 12.55194515472463 15.145074906344258 20.170127409815546 28.805791702496272 11.542265194620787 5.406143790901923 -10.776679392637748 -14.800209176093734 -20.35113488432109 -14.703270669944752 -5.384782118485931 5.621786888325146 15.906959966052154 16.352963145419103 14.0648497371956 18.49161666597797 21.91235936231384 16.8748078955024 5.370782117628129 0.8528056645573333 -16.822231755293426 -24.16905143139791 -11.104207627876587 -13.635572558029054 4.611401096022139 11.99369919155794 20.672443929784652 16.813028015411017 11.808531557914035 3.6358501726772308 -5.3847853949229485 -9.696194494092515 -14.329793492605292 -10.761222412767024 -10.20029986716638 -2.436297323556922 36.87362514289531 58.35568223503359 64.41940615962689 40.63392729747155 5.3707768610771005 -17.303549256899693 -53.33445418170908 -54.66711750404306 -46.529330357934896 -21.5671715527817 5.472940300751233 31.38802535563363 46.233033588556296 43.37811352475014 30.531883854759005 5.621775388075521 -14.329796562331621 -33.694474032520056 -36.608998565469825 -34.441352244188124 -16.842852489818398 45.70667810148567 72.12077333368471 73.20824734292121 64.41940598300506 16.87480395239724 -18.770370479144862 -53.61667641960181 -69.08534732696192 -63.43931076192584 -37.61949710137433 -2.1066942301855005 28.739066931496655 51.58856513069977 53.878374146781915 43.19600482738963 15.906950258133167 -10.761231477587062 -36.608998819637904 -46.21050305444426 -44.62677205381706 -26.13356012312448 40.639211741014385 76.84142274124164 72.12077008410552 58.3556739961299 21.91235441407614 -19.659525430602983 -52.577308326816535 -67.91916882797672 -61.7522324665857 -39.72468212566581 -4.388423958953701 26.768234907723187 49.99420119072169 52.89468278145245 42.21444175838594 16.35295446492988 -10.200305756295018 -34.44135611009244 -44.626772744348045 -41.577797012967864 -24.71626972839671 17.796291384085944 40.63920993468197 45.70667646154351 36.87361980904584 18.49161049957644 -5.453186535870237 -26.457885133368396 -39.29734556174383 -38.10123234227782 -27.411396435929593 -8.105301851181345 10.901381252451424 26.37229462168815 31.433898164968443 27.1224444225539 14.064843393931696 -2.436300200834082 -16.84285474409492 -26.133561437590714 -24.7162701631773 -17.411680498234418
</DataArray>
      </PointData>
    </Piece>
  </UnstructuredGrid>
</VTKFile>
