mode_rank,omega_num,freq_num_hz,m,n,omega_exact,freq_exact_hz,Omega_num,Omega_exact,rel_error_percent,abs_rel_error_percent,relative_residual,residual_within_tolerance,vector_norm,w_norm
1,5563.119042991466,885.3978947007461,1,1,5769.321520089672,918.2160382087188,18.383562355335744,19.064967169121854,-3.574120048261774,3.574120048261774,3.626359071863745e-05,0,37.274767710650856,8.063170878156553
2,13624.929560698669,2168.4748888640793,1,2,13763.685069037629,2190.5585138974534,45.02415645441105,45.48267990501187,-1.0081276027675228,1.0081276027675228,6.149486047315367e-06,0,49.99303145165627,7.392191723661616
3,13624.935023676908,2168.47575832407,2,1,13763.685069037629,2190.5585138974534,45.02417450705388,45.48267990501187,-1.0080879115205092,1.0080879115205092,5.972954749052999e-06,0,49.99305412357098,7.392194847307771
4,20649.84792208629,3286.5253708959367,2,2,21120.735623820692,3361.469476268149,68.23829653297173,69.79436487526272,-2.2295042659561526,2.2295042659561526,2.719728351601722e-06,0,65.21404902276005,8.061657880779013
5,26226.63888272397,4174.099218871624,3,1,25733.673489295496,4095.6413397342403,86.6670383188794,85.03801330987261,1.9156433053894872,1.9156433053894872,3.7481483795419423e-06,0,63.44339402911076,7.361371146312453
6,26275.0587941795,4181.805487123842,1,3,25733.67348929564,4095.6413397342635,86.8270439658202,85.0380133098731,2.1038010959028264,2.1038010959028264,1.5625132638516148e-06,0,49.2761218620466,5.722550779923148
7,32168.724627828477,5119.811537480893,2,3,32283.93410886528,5138.147695878953,106.3029121823911,106.68362678910695,-0.3568632021373394,0.3568632021373394,2.5436442038304277e-06,0,58.83214184315901,6.252481162332868
8,32168.72625759425,5119.811796866173,3,2,32283.93410886528,5138.147695878953,106.30291756802109,106.68362678910695,-0.35685815391189746,0.35685815391189746,1.1949947835812404e-06,0,58.83216668499398,6.252483658145641
9,42123.44220664236,6704.154047232907,1,4,40435.63918572103,6435.531853487844,139.19869778856702,133.62128126397894,4.1740480796389505,4.1740480796389505,1.2240647299886045e-06,0,81.99437216332788,7.99076395374362
10,42443.08332348914,6755.026510994487,4,1,40435.63918572103,6435.531853487844,140.2549653890752,133.62128126397894,4.96454162267081,4.96454162267081,1.7253960069617063e-06,0,61.1286107481663,6.1708143687609525
11,42443.085267621456,6755.026820412754,3,3,42383.20988535649,6745.497357355768,140.25497181354274,140.05711107842072,0.14127146675989513,0.14127146675989513,6.819723570461383e-07,1,61.12860793328103,6.170814101730186
12,47281.46776986057,7525.079312213442,2,4,46181.48317046337,7350.01132589442,156.24361159304468,152.60866592377968,2.3818736945649377,2.3818736945649377,5.345449034728242e-07,1,82.23624808285916,7.901205513911283
13,47411.93411147094,7545.843675387849,4,2,46181.48317046337,7350.01132589442,156.67474314132394,152.60866592377968,2.6643816017466935,2.6643816017466935,5.9061914909428e-07,1,80.02911100251058,7.72300751371444
14,55686.20316633057,8862.734495941064,4,3,55173.682376701785,8781.164278834282,184.01741546944336,182.32376882594457,0.9289225724132738,0.9289225724132738,4.865876264967735e-07,1,66.66831221313515,6.111423481980324
15,55686.20443012783,8862.734697080645,3,4,55173.68237670185,8781.164278834292,184.0174196457149,182.3237688259448,0.9289248629930172,0.9289248629930172,7.22954832156624e-07,1,66.66833260462548,6.111425555654604
16,61454.45465041179,9780.780232629751,1,5,56894.84205927859,9055.095350166857,203.07884665928242,188.01141385090637,8.014105367201044,8.014105367201044,1.0304626652698415e-06,0,67.21544513404312,6.310382345215055
17,61493.78993008117,9787.040636827036,5,1,56894.84205927866,9055.095350166868,203.2088317559482,188.0114138509066,8.083242178633473,8.083242178633473,4.021451526937253e-07,1,60.761193534681546,5.715015805778498
18,65466.66946881384,10419.344053724988,2,5,61920.728574696885,9854.99003251458,216.337380357212,204.61966857869848,5.726581349635402,5.726581349635402,7.071526684551554e-07,1,69.91237986990116,6.3914411389812695
19,65466.671431667135,10419.344366122794,5,2,61920.728574696885,9854.99003251458,216.3373868435438,204.61966857869848,5.726584519580822,5.726584519580822,4.3253824052580746e-07,1,69.91236045052565,6.391439385610703
20,67346.6004983108,10718.544369741267,4,4,66756.69035149952,10624.657253896185,222.54969201860402,220.60030896853021,0.8836719491412386,0.8836719491412386,6.704044496591637e-07,1,90.24043806942204,7.991015374807858
21,72199.53893651423,11490.913510702005,3,5,69884.34945913962,11122.439661183493,238.58643250462913,230.93579087844404,3.3128869271771317,3.3128869271771317,3.058865846040626e-07,1,69.37424441632898,6.1377254847721385
22,72395.56796226373,11522.112499139525,5,3,69884.34945913962,11122.439661183493,239.23421871780778,230.93579087844404,3.5933918288706153,3.5933918288706153,2.633659710928687e-07,1,63.505138577105626,5.669294592365597
23,73537.7351714704,11703.894056322242,6,1,74443.24920110803,11848.011090178132,243.00855860670936,246.0008680465813,-1.216381658988837,1.216381658988837,6.247258960584898e-07,1,8.059138186491381,8.005320138057577
24,82015.34456623989,13053.147497102098,1,6,74443.24920110813,11848.011090178148,271.0231776951264,246.00086804658164,10.171634696755062,10.171634696755062,2.173491254745434e-07,1,75.13059781277612,6.559730982583673
25,82015.3453536235,13053.147622418091,2,6,78855.43433539786,12550.232164136936,271.0231802970689,260.58112058345426,4.007220358188015,4.007220358188015,3.181958383615868e-07,1,75.13057290296184,6.559728578256101
26,82882.49586283552,13191.158912363839,6,2,78855.43433539795,12550.23216413695,273.88871585982906,260.58112058345455,5.10689156857493,5.10689156857493,3.00144054345723e-07,1,70.42533294787681,6.461594101460321
27,82882.49718394774,13191.159122625379,5,4,80295.71783734502,12779.460402925532,273.88872022550026,265.340598380494,3.2215657525383334,3.2215657525383334,2.056728267592249e-07,1,70.42536148909755,6.46159670548723
28,85992.64625906109,13686.154721682355,4,5,80295.71783734512,12779.460402925548,284.1663394917583,265.3405983804943,7.094934294324674,7.094934294324674,1.8762036005378637e-07,1,88.19575774310462,7.914663198721356
29,86109.03211177191,13704.678105447247,3,6,85915.4831162536,13673.873826080036,284.5509414684649,283.91135062016076,0.22527836485122413,0.22527836485122413,1.90486352460088e-07,1,63.12022184447037,5.709534707783877
30,91504.60842419013,14563.410746398147,6,3,85915.4831162536,13673.873826080036,302.3808517788103,283.91135062016076,6.50537610359916,6.50537610359916,1.818758760190723e-07,1,82.35520877663835,7.294476329051972
31,91504.61029785252,14563.411044600778,1,7,92648.6154110613,14745.485113290359,302.380857970407,306.16127129087903,-1.2347784239765245,1.2347784239765245,1.7018442863588174e-07,1,82.35519324020996,7.294474934967861
32,94533.5758417908,15045.485883373585,5,5,92648.6154110613,14745.485113290359,312.39020282153035,306.16127129087903,2.0345262823047636,2.0345262823047636,1.922378039504685e-07,1,91.53996440210943,7.981984080412067
33,99244.39862964148,15795.236616089966,7,1,92648.6154110613,14745.485113290359,327.95731612544074,306.16127129087903,7.1191384666853015,7.1191384666853015,1.3646214251632165e-07,1,87.33394481442662,7.625110625753361
34,99480.6115391326,15832.831068257596,6,4,95259.16266436674,15160.96661282889,328.73789168336197,314.78793518964125,4.431541026283835,4.431541026283835,1.3681301537126102e-07,1,88.66293461845757,7.854399990205611
35,106364.01685673904,16928.359049859697,4,6,95259.16266436681,15160.9666128289,351.48439591873097,314.7879351896415,11.65751816599388,11.65751816599388,1.530667228468194e-07,1,67.24512031469911,6.230910727597893
36,106400.4887818218,16934.163737020695,7,2,96547.8184360837,15366.062548841546,351.60491893896415,319.04635273398037,10.204964239829748,10.204964239829748,1.2485141964569737e-07,1,61.61080615028175,5.732446694143847
37,108797.74342469937,17315.698663284657,2,7,96547.81843608378,15366.062548841557,359.5267483782386,319.04635273398065,12.687935560890212,12.687935560890212,1.2309461725341213e-07,1,79.45544335961483,7.261732163089261
38,108797.74349813898,17315.698674972937,7,3,102834.68041805105,16366.64770980816,359.5267486209229,339.8215542660221,5.798688784606941,5.798688784606941,1.181043761476057e-07,1,79.45546528213168,7.2617340031511395
39,109670.88224333093,17454.66302227529,3,7,102834.68041805121,16366.647709808185,362.412072562951,339.8215542660226,6.647759099837397,6.647759099837397,1.5710784177689673e-07,1,77.18895429470848,6.843110292869073
40,109670.88319998556,17454.663174531604,6,5,106489.6197884536,16948.349377308903,362.41207572425674,351.8994561231493,2.987392966424041,2.987392966424041,1.3838057732493732e-07,1,77.18890848007992,6.8431062173575095
41,112366.28898572589,17883.65032897067,5,6,106489.61978845367,16948.349377308914,371.3191582353735,351.89945612314955,5.51853712028128,5.51853712028128,2.3978586645830744e-07,1,7.574456845921058,7.363749262693599
42,112366.29008607865,17883.65050409725,1,8,111237.22265879717,17703.953841961353,371.3191618715358,367.58811076649846,1.0150086457522596,1.0150086457522596,3.07725877381637e-07,1,7.574457308205511,7.363749677349069
43,112894.90952147184,17967.782900254526,4,7,111237.22265879717,17703.953841961353,373.0660071713925,367.58811076649846,1.4902267631756376,1.4902267631756376,1.251364624177775e-07,1,70.25816973764007,6.286620636328652
44,113088.65156542888,17998.617904235016,7,4,111237.22265879724,17703.953841961367,373.70623595643383,367.5881107664987,1.6643969189257948,1.6643969189257948,1.633211498484273e-07,1,62.00822817785596,5.657750251301334
45,119094.67837823906,18954.506759836215,8,1,111237.22265879724,17703.953841961367,393.55340578470015,367.5881107664987,7.063692828382926,7.063692828382926,1.277094601085475e-07,1,68.18778959036652,6.15160501975095
46,119094.67975643158,18954.50697918237,2,8,114709.78150400179,18256.628747353152,393.5534103389957,379.0633284582385,3.8226018696381434,3.8226018696381434,1.2078321976978982e-07,1,68.18778162012026,6.151604274061156
47,122379.01404807706,19477.225016463966,8,2,114709.78150400179,18256.628747353152,404.40663202626075,379.0633284582385,6.685770335817202,6.685770335817202,9.30570713267898e-08,1,88.20049215409952,7.997405945319103
48,127087.96073243274,20226.677158035363,6,6,119230.33221895191,18976.096739135068,419.96754566675946,394.00167964334196,6.590293230963461,6.590293230963461,1.1540279584795933e-07,1,67.21417247627892,6.080174305448608
49,127343.40341346394,20267.332123398122,3,8,120341.85801586579,19153.00156408807,420.8116668186998,397.6747636883209,5.818046615729557,5.818046615729557,9.483850863679084e-08,1,61.303911679669085,5.6687713420218495
50,131783.92311082815,20974.062783130565,8,3,120341.85801586584,19153.001564088077,435.485552118608,397.67476368832115,9.507967787445812,9.507967787445812,8.392973303642028e-08,1,60.70561111131759,5.874391948666434
51,131783.92405541896,20974.062933466863,5,7,121446.20454378017,19328.763772892016,435.48555524004826,401.3241235350043,8.512179981641287,8.512179981641287,8.817787006135385e-08,1,60.705610719778754,5.874391915536951
52,133440.64311204606,21237.737960643608,7,5,121446.20454378023,19328.763772892024,440.96025348889253,401.3241235350045,9.876338757002449,9.876338757002449,1.848721080398803e-07,1,65.8611924036565,6.181734335221422
53,133571.9006519251,21258.628246933436,4,8,127928.34042864678,20360.427740761894,441.39399958534074,422.7446159448029,4.411501161016056,4.411501161016056,1.9162309384720938e-07,1,63.08081456487777,6.066616692497698
54,136446.85965601617,21716.192183621082,8,4,127928.34042864678,20360.427740761894,450.8944233066929,422.7446159448029,6.658821023415583,6.658821023415583,1.6559674227431682e-07,1,8.939945784921825,8.006520827279955
55,136514.1572857316,21726.902934048663,9,1,130036.94439953807,20696.02248575244,451.11681117268665,429.71258702038574,4.98105589615542,4.98105589615542,8.360849580411642e-08,1,61.13016055314212,5.720646471123866
56,136514.15780436638,21726.90301659195,1,9,130036.94439953813,20696.022485752448,451.11681288653716,429.7125870203859,4.981056294991847,4.981056294991847,9.33321791792729e-08,1,61.1299206562362,5.720624041609403
57,137414.44909385487,21870.18882553662,2,9,133153.88030371806,21192.098242203294,454.09186356051623,440.0126336505699,3.199733106101483,3.199733106101483,8.479064286492283e-08,1,61.86127466304423,5.834954904155715
58,137414.4494244228,21870.188878148143,6,7,133153.88030371806,21192.098242203294,454.09186465289196,440.0126336505699,3.1997333543615656,3.1997333543615656,9.017658649451662e-08,1,61.86128781896763,5.834956108326383
59,140838.05894779376,22415.073257009117,7,6,133153.88030371806,21192.098242203294,465.4053272386876,440.0126336505699,5.770901025601682,5.770901025601682,3.6988646603385604e-07,1,80.32119255398437,7.379701609862939
60,141100.85085608676,22456.8978882185,9,2,133153.88030371812,21192.0982422033,466.2737342231954,440.0126336505701,5.968260582599589,5.968260582599589,3.630530141521793e-07,1,76.96352104454603,7.368237169846749
61,146968.51573856478,23390.7657586716,8,5,137227.97021242074,21840.509789774133,485.6636811960439,453.4756362034697,7.098075932381902,7.098075932381902,8.089559891432283e-08,1,61.02525233146637,5.821016040771577
62,146968.51590367316,23390.765784949417,5,8,137227.9702124208,21840.50978977414,485.66368174165154,453.47563620346995,7.098076052698704,7.098076052698704,7.941743381323707e-08,1,61.0252528696915,5.821016035101308
63,149669.8583672882,23820.69779101779,3,9,138232.47483721378,22000.381666168614,494.5903822560952,456.7950642551434,8.274020662325103,8.274020662325103,8.031322660721445e-08,1,79.58209330495583,7.844524228479168
64,151145.6916946103,24055.58396024086,9,3,138232.47483721378,22000.381666168614,499.46733595585266,456.7950642551434,9.34166654587025,9.34166654587025,1.46217741782037e-07,1,7.88413319862664,7.364379892228875
65,151151.86399003342,24056.566311567676,9,4,145116.1058334765,23095.945565644415,499.48773256734165,479.54231425518475,4.15926138721162,4.15926138721162,1.607861574111357e-07,1,6.083630947794615,5.678828972613357
66,154481.73241883185,24586.531331856586,4,9,145116.10583347655,23095.945565644422,510.49142373821445,479.542314255185,6.453884998886695,6.453884998886695,6.776035100815442e-08,1,62.52301013177028,6.08717596228997
67,154739.8609675305,24627.61376633511,7,7,146079.25477793632,23249.235481088937,511.3444204535503,482.72508071067875,5.928703704547008,5.928703704547008,7.153859654854079e-08,1,59.57252234061282,5.994453410508083
68,158833.8046303576,25279.185137013785,6,8,147991.08738764893,23553.513091288976,524.8730305773314,489.0428124942353,7.326601509661989,7.326601509661989,6.604616201362263e-08,1,62.39922046896802,6.345299500467409
69,158894.6382276116,25288.867104722824,8,6,147991.08738764893,23553.513091288976,525.0740577744443,489.0428124942353,7.367707767023719,7.367707767023719,6.610081628281396e-08,1,54.800981122473125,5.711969790579888
70,159920.51729506368,25452.140829322325,1,10,148939.90339629748,23704.521849150115,528.4641185766302,492.1782151566511,7.372513106544135,7.372513106544135,7.680994057679463e-08,1,73.45287816643176,7.299804685243281
71,159920.51751134955,25452.14086374529,10,1,148939.90339629748,23704.521849150115,528.464119291356,492.1782151566511,7.3725132517610135,7.3725132517610135,7.183075525561211e-08,1,73.45287369590045,7.2998041577336865
72,161683.9262955805,25732.796088447314,10,2,151758.71409850894,24153.149506047404,534.2913782610696,501.4930944377759,6.54012671102956,6.54012671102956,6.937534812316166e-08,1,74.37509632580479,6.90659577105995
73,161966.22284663978,25777.724979966195,2,10,151758.714098509,24153.149506047415,535.2242391631983,501.4930944377761,6.726143410456756,6.726143410456756,6.137813329885693e-08,1,56.3195105641874,5.71518002562942
74,163934.36152350804,26090.96397908012,5,9,153615.49945040984,24448.666073063057,541.7280367290149,507.6289202278329,6.717331330507665,6.717331330507665,7.053436251791925e-08,1,58.58752243432512,6.094542014645542
75,163934.36162654447,26090.963995478876,9,5,153615.49945040984,24448.666073063057,541.7280370695031,507.6289202278329,6.7173313975819,6.7173313975819,7.534786358435294e-08,1,58.58750278111966,6.0945399769710855
76,164586.4457646519,26194.74640937049,3,10,156368.20607297999,24886.772938926893,543.8828767055388,516.725355779705,5.255697368451163,5.255697368451163,1.9313230905326606e-07,1,8.14249309085383,6.090189857066233
77,164586.44583274942,26194.74642020855,10,3,156368.20607297999,24886.772938926893,543.88287693057,516.725355779705,5.255697412000634,5.255697412000634,1.4722491745804822e-07,1,8.142450352771597,6.090195145355099
78,164717.88009600536,26215.664832897375,7,8,159980.15804507784,25461.632949496787,544.3172070168976,528.6612039595478,2.9614435370119745,2.9614435370119745,7.239905313636532e-08,1,63.18248419248285,6.220309417453429
79,164717.88119429606,26215.665007695767,8,7,159980.15804507784,25461.632949496787,544.3172106462457,528.6612039595478,2.9614442235288077,2.9614442235288077,7.512204475024301e-08,1,63.18266932959043,6.220316703457005
80,168500.5829333282,26817.70068770504,10,4,162647.17366624242,25886.10166890843,556.8173086584825,537.4744699701146,3.5988385996163594,3.5988385996163594,6.712060090619456e-08,1,76.99710126070457,7.330226894963635
81,168824.8963049415,26869.316763908097,4,10,162647.17366624248,25886.10166890844,557.8890159226356,537.4744699701148,3.798235468496938,3.798235468496938,7.734350874475849e-08,1,54.75591419056448,5.663945850349165
82,173769.09313206188,27656.21012856357,6,9,163528.447345442,26026.360731169825,574.2273236176558,540.3866761459094,6.262302341186716,6.262302341186716,6.194285069919142e-08,1,60.78808523965168,6.293973286867394
83,173769.09317889166,27656.21013601676,9,6,163528.447345442,26026.360731169825,574.2273237724067,540.3866761459094,6.262302369823799,6.262302369823799,6.725537934747879e-08,1,60.7880889087572,6.293973582580584
84,174982.96153023205,27849.403284395394,11,1,167878.8765471823,26718.75304319812,578.2386031204818,554.7628535896444,4.23167293536967,4.23167293536967,6.161895847196563e-08,1,71.24489675720724,7.980858382347619
85,179974.60846850355,28643.84856879083,1,11,167878.87654718236,26718.753043198132,594.7337117162867,554.7628535896446,7.205035064623921,7.205035064623921,6.018454042046287e-08,1,53.63534035454778,5.828539550776603
86,180210.68047803105,28681.420596032767,11,2,170445.9290566148,27127.31213925076,595.5138216643142,563.2457872662168,5.728943762671404,5.728943762671404,5.5437911327679326e-08,1,48.811882495510496,5.556750969846684
87,181855.86931754812,28943.260532161526,10,5,170445.9290566149,27127.312139250775,600.9504178226629,563.2457872662171,6.694170006925364,6.694170006925364,1.0670628088048684e-07,1,12.833152107680212,8.131545966132432
88,185163.49220954528,29469.685065306785,2,11,170445.92905661493,27127.31213925078,611.8805976755586,563.2457872662172,8.634740198483588,8.634740198483588,8.871938140672245e-08,1,7.024028719905791,6.14317559268707
89,185163.49258955813,29469.68512578771,5,10,170445.92905661496,27127.312139250786,611.8805989313272,563.2457872662173,8.634740421435708,8.634740421435708,9.132104414685067e-08,1,7.0240290047142775,6.143175724419555
90,187187.41875107968,29791.80297884687,8,8,172981.9177757457,27530.927279525727,618.5687486015739,571.6260693328579,8.212130584510009,8.212130584510009,5.971164030203481e-08,1,72.08363928114868,6.979213095965354
91,187187.41880878987,29791.80298803173,3,11,174655.82908822704,27797.338539204575,618.5687487922796,577.1575801188926,7.175019457399562,7.175019457399562,6.923786886144267e-08,1,72.082612335417,6.979113541702189
92,187203.12319945576,29794.302419434454,11,3,174655.82908822704,27797.338539204575,618.6206446159764,577.1575801188926,7.1840110786628735,7.1840110786628735,5.0520099474176244e-08,1,102.23106527230377,7.027787079075296
93,187645.9564830698,29864.781525487244,7,9,174655.82908822712,27797.338539204586,620.0840059460909,577.157580118893,7.437557316384062,7.437557316384062,6.059149114210563e-08,1,53.31616892320054,6.428325377300659
94,187645.9569482332,29864.781599520295,9,7,174655.82908822712,27797.338539204586,620.0840074832429,577.157580118893,7.437557582715487,7.437557582715487,5.435363635385089e-08,1,53.3161286621676,6.428320457519613
95,187766.31103574816,29883.93654746962,6,10,179600.33427219873,28584.28098037717,620.4817226598287,593.4969067921802,4.546749201019439,4.546749201019439,6.23030246206525e-08,1,53.566227002986565,5.762222040358232
96,188349.9502621908,29976.825615340294,10,6,179600.33427219873,28584.28098037717,622.4103831881065,593.4969067921802,4.871714757908702,4.871714757908702,4.8086313656658674e-08,1,82.41877336472682,6.830847402052199
97,188349.95069894136,29976.825684851305,4,11,180413.51370560334,28713.702506824182,622.4103846313672,596.184092650427,4.399025788217051,4.399025788217051,4.9100648022598215e-08,1,82.41873216453286,6.830843909225495
98,189509.5059331283,30161.374632160238,11,4,180413.51370560334,28713.702506824182,626.2421839848229,596.184092650427,5.041746619029707,5.041746619029707,5.452422208020708e-08,1,98.1715537904696,7.710734697275912
99,190071.96846148747,30250.893323852564,8,9,186812.49085383755,29732.131350697735,628.1008652179087,617.3297834950499,1.7447856900533167,1.7447856900533167,5.030272039764502e-08,1,74.10234126729767,7.615551648821567
100,191171.0557514497,30425.818498939527,12,1,186812.49085383755,29732.131350697735,631.7328456901641,617.3297834950499,2.3331228429593027,2.3331228429593027,8.621967137457853e-08,1,11.899326727272085,7.944780294137451
101,191191.04480513436,30428.99985564117,1,12,186812.49085383763,29732.131350697746,631.7989003641692,617.3297834950502,2.3438229056763222,2.3438229056763222,1.2176937970731453e-07,1,11.819926920851312,7.82427833757353
102,191804.2763592992,30526.59868874643,9,8,186812.49085383763,29732.131350697746,633.825349992,617.3297834950502,2.672083372287538,2.672083372287538,7.392963334082212e-08,1,74.33011374633105,6.71589961855609
103,191804.276955948,30526.59878370604,5,11,187599.50025331968,29857.3877868851,633.8253519636513,619.930489368465,2.2413581576446164,2.2413581576446164,5.812172055683675e-08,1,74.33012617268355,6.71590035875052
104,194319.30200588115,30926.877452402838,11,5,187599.50025331974,29857.38778688511,642.1363586980705,619.9304893684651,3.581993418685837,3.581993418685837,5.551191685111242e-08,1,64.83463264676453,6.073697274102859
105,194666.37618694096,30982.11602393808,2,12,189165.25426218673,30106.58527706224,643.2832800204675,625.1045897665838,2.908103787987173,2.908103787987173,5.207443486953691e-08,1,51.92894028668277,5.733471715657646
106,195640.9298761935,31137.22106089106,12,2,189165.25426218673,30106.58527706224,646.5037339378732,625.1045897665838,3.4232902016092943,3.4232902016092943,4.891887918825269e-07,1,2406.522597569982,5.676986745772821
107,196116.1350769109,31212.852317568213,7,10,189944.05262311056,30230.534885875135,648.0740696383062,627.678161915523,3.2494212735615715,3.2494212735615715,5.059110818610267e-07,1,494387293.7422461,5.364574020344924
108,196116.1350777704,31212.85231770501,10,7,189944.05262311062,30230.534885875146,648.0740696411465,627.6781619155232,3.249421274014033,3.249421274014033,5.92320462988222e-08,1,6119969433.828641,4.923346008542383
109,196232.31874473704,31231.34352260929,12,3,193032.66279493005,30722.102462004113,648.4580034865032,637.8846049641398,1.657572300707555,1.657572300707555,5.385666624199863e-08,1,2349.3673245285304,6.24330196107007
110,196407.0110818852,31259.146671586695,3,12,193032.66279493013,30722.102462004128,649.0352817090514,637.8846049641401,1.7480711492540626,1.7480711492540626,4.62985102748469e-08,1,1331.4754267311714,5.655176860843232
111,196407.01108743192,31259.146672469484,6,11,196079.93766278832,31207.09132018346,649.0352817273808,647.9544537511606,0.16680616514989094,0.16680616514989094,6.882323963592355e-08,1,1331.475946619382,5.655178852734723
112,196431.39248304264,31263.02709210041,11,6,196079.9376627884,31207.091320183474,649.1158510812013,647.9544537511609,0.17924058138913251,0.17924058138913251,5.55691022526582e-08,1,59.03420446754252,7.962047932774011
113,197215.04115648768,31387.748652126596,4,12,198339.1853478956,31566.661756937207,651.7054512931727,655.4202333568733,-0.5667786672795446,0.5667786672795446,7.141668647458545e-08,1,3936.878288580454,4.717014911777937
114,197738.5646111764,31471.06999776485,12,4,198339.1853478956,31566.661756937207,653.4354567090869,655.4202333568733,-0.30282504975791,0.30282504975791,1.0144165175543419e-07,1,1046.842065340953,6.61755312719083
115,197790.9960793901,31479.414725104627,9,9,199833.21072301012,31804.443280491407,653.6087187151378,660.3573034486006,-1.0219595813084135,1.0219595813084135,5.1359898739007056e-08,1,70.17316311018064,6.543158215745615
116,197790.99628146552,31479.414757265928,8,10,201317.7276782713,32040.71149202495,653.6087193829045,665.2629525644466,-1.7518235663984405,1.7518235663984405,7.778047754593548e-08,1,70.17317335172828,6.54315721609447
117,197933.14212756456,31502.03797131257,10,8,201317.7276782714,32040.711492024966,654.078446348141,665.2629525644469,-1.6812158520464688,1.6812158520464688,1.1462590805726164e-07,1,5074.017136946789,7.700536882446827
118,198071.60317943463,31524.074732143396,5,12,204988.51600981434,32624.935600034078,654.5359967548766,677.3932279845234,-3.3742928457751025,3.3742928457751025,5.898015919162564e-08,1,513.3945742697555,5.106583161821531
119,198071.60318771956,31524.074733461985,12,5,204988.51600981434,32624.935600034078,654.5359967822544,677.3932279845234,-3.374292841733456,3.374292841733456,5.5826954902270665e-08,1,513.3940844469411,5.1065820182745
120,199307.4985608299,31720.773591236895,1,13,205715.8911486052,32740.7009488548,658.6200653561363,679.796869919263,-3.115166529913836,3.115166529913836,7.630244939656704e-08,1,12.10635389172614,6.087457641521596
121,199307.4991481832,31720.773684717078,7,11,205715.8911486052,32740.7009488548,658.6200672970701,679.796869919263,-3.1151662443970927,3.1151662443970927,7.503550150984644e-08,1,12.106353646388914,6.087457697712583
122,199860.2698510174,31808.74987446952,11,7,205715.8911486052,32740.7009488548,660.4467214824695,679.796869919263,-2.846460360885704,2.846460360885704,7.80858185544031e-08,1,2929.22125582556,7.187573751745846
123,199902.6169546265,31815.489625334532,13,1,205715.8911486053,32740.700948854814,660.5866592788296,679.7968699192633,-2.8258751239491784,2.8258751239491784,5.846697863175824e-08,1,1205.6116278186898,5.970171697192618
124,200012.9999646019,31833.05762700548,13,2,207884.79999935543,33085.893513567455,660.9514246076264,686.964121022947,-3.786616450446561,3.786616450446561,8.954364887962785e-08,1,1098.8316762653722,5.31755426894989
125,200012.99996876615,31833.05762766824,2,13,207884.79999935548,33085.89351356747,660.9514246213874,686.9641210229472,-3.786616448443432,3.786616448443432,8.770998266511263e-08,1,1098.8324113835051,5.317557665051829
126,201371.99542708028,32049.348472498372,3,13,211456.69938539484,33654.37895708254,665.4422826374513,698.767613736799,-4.769157935230269,4.769157935230269,6.9242160306636e-08,1,2946.601946524076,7.952537290721467
127,201472.47066349493,32065.339603032087,13,3,211456.69938539484,33654.37895708254,665.7743073091366,698.767613736799,-4.721642185336004,4.721642185336004,1.3356360255564406e-07,1,997.054427577232,5.080049009529069
128,201557.04102749025,32078.799394501028,6,12,212870.8415647708,33879.44667516497,666.0537736566849,703.4407064268826,-5.3148662607405885,5.3148662607405885,8.45439569621363e-08,1,1148.6266129250907,3.871753208754511
129,201686.12458568515,32099.343680859634,12,6,212870.8415647708,33879.44667516497,666.4803357386369,703.4407064268826,-5.254226880895958,5.254226880895958,5.528041713829688e-08,1,49.29729785204831,6.329010565193928
130,201836.15174140013,32123.22124428969,9,10,213574.84877226342,33991.492902209735,666.9761068251022,705.7671280435206,-5.4962918613044875,5.4962918613044875,4.9217248575025716e-08,1,48.24330775189564,6.136756122938015
131,202761.5685099784,32270.505897429048,10,9,213574.84877226342,33991.492902209735,670.034185708254,705.7671280435206,-5.062993289914633,5.062993289914633,5.064074620732844e-08,1,1232.1438773414172,6.058134941988758
132,202761.56851210908,32270.50589776816,4,13,216370.83541229588,34436.4879967898,670.0341857152949,715.0065842450696,-6.289788027233087,6.289788027233087,1.8538057241969357e-07,1,1232.143827512615,6.058134439618388
133,204585.8035697592,32560.841924554705,8,11,216370.83541229588,34436.4879967898,676.0624476801993,715.0065842450696,-5.446682229645333,5.446682229645333,1.2029013007195846e-07,1,874.9733737303039,3.9071203453474888
134,204585.80357170157,32560.841924863842,11,8,216370.83541229588,34436.4879967898,676.0624476866179,715.0065842450696,-5.446682228747628,5.446682228747628,1.2819959959967706e-07,1,874.9731879486009,3.907119752343133
135,204792.26970290457,32593.70203022586,13,4,216370.83541229588,34436.4879967898,676.7447237565534,715.0065842450696,-5.351259880902279,5.351259880902279,5.88675257102669e-08,1,896.6804965557172,5.868493454024909
136,206325.07104813936,32837.654941097884,7,12,221869.86446925838,35311.68565341135,681.8099306828668,733.1783585287479,-7.0062662445412265,7.0062662445412265,5.015311391236361e-08,1,45.70379959987271,6.882439856422304
137,206325.0713492058,32837.654989014096,12,7,221869.86446925838,35311.68565341135,681.8099316777535,733.1783585287479,-7.00626610884618,7.00626610884618,5.544027116334728e-08,1,45.70379410990194,6.88243902206012
138,206514.1466717854,32867.74726121933,5,13,222548.8216497329,35419.74504483161,682.4347390844683,735.4220012707779,-7.205014548755652,7.205014548755652,4.907143597331229e-08,1,1797.7027878753297,7.382090360210403
139,206651.01908732744,32889.531182725776,13,5,222548.8216497329,35419.74504483161,682.8870397752136,735.4220012707779,-7.14351235138276,7.14351235138276,7.250266036292615e-08,1,2334.04290294976,6.997691222705664
140,207141.4147844015,32967.58008198611,1,14,224574.80630787413,35742.19051780312,684.5075731138461,742.116953330237,-7.7628438425870545,7.7628438425870545,4.3841756225468654e-08,1,892.30256404953,5.50181226489065
141,207141.4148094816,32967.58008597773,14,1,224574.80630787413,35742.19051780312,684.5075731967243,742.116953330237,-7.762843831419251,7.762843831419251,4.9841569604644274e-08,1,892.3022773086108,5.501810280476041
142,207155.72891167423,32969.85824609761,10,10,226584.74601249184,36062.0823571097,684.5548747533126,748.7588841616212,-8.57472422249751,8.57472422249751,5.2073595206488766e-08,1,723.4315125060829,4.140385065174035
143,207883.81617411235,33085.73693291688,2,14,226584.7460124919,36062.082357109706,686.9608699307876,748.7588841616214,-8.253393120006649,8.253393120006649,6.409783302154722e-08,1,20.774464272364185,8.05604386288184
144,207944.22351629307,33095.35106002399,14,2,226584.7460124919,36062.082357109706,687.1604885499681,748.7588841616214,-8.226733186695263,8.226733186695263,4.2488882432459884e-08,1,911.7081393910322,6.201942898897106
145,208676.15223758068,33211.841134007846,9,11,227915.96824038084,36273.95295503204,689.5791779908141,753.1579643621495,-8.44162703971144,8.44162703971144,3.0300337620351695e-08,1,724.1515766205622,4.408287020470121
146,208676.1522380396,33211.84113408088,11,9,227915.96824038084,36273.95295503204,689.5791779923305,753.1579643621495,-8.441627039510093,8.441627039510093,3.4548010055177694e-08,1,724.151743033956,4.408288162972322
147,209421.61641315743,33330.48544244881,6,13,229899.95102021933,36589.71362145254,692.0425959132921,759.7141194368863,-8.907498464521575,8.907498464521575,6.411486958062777e-08,1,492.0566152269984,6.123461615147643
148,211452.18590642707,33653.66061459427,13,6,229899.95102021933,36589.71362145254,698.7526987545018,759.7141194368863,-8.024257957397214,8.024257957397214,5.544485229868553e-08,1,46.68673943324991,8.101867109117359
149,211769.8078060356,33704.21170995121,14,3,229899.95102021933,36589.71362145254,699.8022937661759,759.7141194368863,-7.886101381809006,7.886101381809006,4.3025900124214416e-08,1,473.2030403589006,4.009227468646262
150,211769.80781149023,33704.21171081934,3,14,229899.95102021942,36589.713621452545,699.8022937842011,759.7141194368867,-7.886101379436424,7.886101379436424,4.1097980333830285e-08,1,473.2029737188634,4.009227508618528
151,212336.21505589856,33794.35822356999,12,8,231868.8101979643,36903.06729184249,701.6740104984447,766.2202979283477,-8.4239855827911,8.4239855827911,5.65190376036388e-08,1,1433.477465993962,5.666082721799837
152,212886.90143088507,33882.00268224245,8,12,231868.81019796437,36903.067291842504,703.4937769342451,766.2202979283478,-8.186486466581242,8.186486466581242,4.191854823981458e-08,1,1553.404281483901,5.991099532850032
153,212886.90143809092,33882.00268338929,4,14,234470.98782993507,37317.2167247738,703.4937769580572,774.8193040591369,-9.205440123576983,9.205440123576983,5.4491200134153924e-08,1,1553.4046630490343,5.991100536576191
154,213298.31849231012,33947.48174124058,14,4,234470.98782993507,37317.2167247738,704.8533220283385,774.8193040591369,-9.029974042239187,9.029974042239187,7.382317285558438e-08,1,16.900625599350885,6.912370301268719
155,213367.01113978447,33958.4145156402,13,7,238326.5207161382,37930.84384186639,705.0803197895655,787.5600756800242,-10.472820859950396,10.472820859950396,6.473282987472083e-08,1,13.372571856532971,6.541245192182156
156,213476.7757977456,33975.8841035315,7,13,238326.52071613833,37930.843841866415,705.4430417479572,787.5600756800246,-10.4267644422126,10.4267644422126,6.408486756913818e-08,1,1686.8601872605054,8.422978395715564
157,213527.77851490988,33984.001438079315,10,11,240233.4449239451,38234.340255640454,705.6115823856886,793.8615874417186,-11.11654807992695,11.11654807992695,5.149934913276437e-08,1,70.02917250008002,4.947552832125512
158,213527.77888329088,33984.001496708974,11,10,240233.4449239451,38234.340255640454,705.6115836030192,793.8615874417186,-11.116547926584024,11.116547926584024,5.039573005774812e-08,1,70.02913748499502,4.947550131051151
159,214189.2327602707,34089.27515085761,5,14,240233.44492394515,38234.34025564046,707.7973859377646,793.8615874417188,-10.84120996221808,10.84120996221808,5.406938644572608e-08,1,84.29373332627375,5.769292826298361
160,214189.23307368343,34089.27520073879,14,5,240233.44492394515,38234.34025564046,707.7973869734501,793.8615874417188,-10.841209831756359,10.841209831756359,7.106865822122186e-08,1,84.29373456168193,5.769292109435966
161,214244.89524671916,34098.13411072067,9,12,242755.02712141778,38635.662526780754,707.9813249803359,802.1942625477355,-11.744404312763756,11.744404312763756,6.94859882511171e-08,1,39.112199783828,5.793546151426741
162,214615.00060334065,34157.03820769177,12,9,242755.02712141778,38635.662526780754,709.2043537972487,802.1942625477355,-11.591943883412325,11.591943883412325,5.8091928969343246e-08,1,31.88815080401246,5.6392793327337705
163,214691.63576777396,34169.235072925985,1,15,243381.74231518919,38735.407347780274,709.4575979419603,804.2652694333868,-11.7881096069484,11.7881096069484,4.377583116433798e-08,1,1681.6632302222192,5.413829493507434
164,214702.6274802108,34170.98445829335,15,1,243381.74231518927,38735.40734778029,709.4939205209691,804.2652694333871,-11.783593363317216,11.783593363317216,4.1690013952741923e-08,1,129.88041194610807,4.756540608172348
165,215465.71929715195,34292.43429299252,2,15,245253.210368001,39033.260739223835,712.0155897304852,810.4496148300988,-12.145606993748661,12.145606993748661,4.4352992243986276e-08,1,93.2956690154087,4.321547883304326
166,215471.0559897736,34293.28365400301,15,2,245253.2103680011,39033.26073922385,712.0332250571469,810.4496148300991,-12.14343100077653,12.14343100077653,6.162556880182741e-08,1,53.88562948681531,6.30546828398375
167,215471.05623454344,34293.28369295934,14,6,247111.8600592075,39329.074025055575,712.0332258659993,816.5916014083056,-12.804243315995834,12.804243315995834,5.5954971888117554e-08,1,53.88529348952476,6.305428673770147
168,215929.18251274645,34366.196754695644,6,14,247111.86005920757,39329.07402505558,713.5471235440605,816.5916014083058,-12.618851049476055,12.618851049476055,5.09763792935649e-08,1,30.48034555770512,5.121789697300931
169,215992.7098746467,34376.30744836366,13,8,247728.60449074177,39427.23194995865,713.7570524004697,818.629659488098,-12.810750975380838,12.810750975380838,5.100079635146566e-08,1,73.82315433009886,7.222596263435808
170,216430.14701942276,34445.92773224677,8,13,247728.60449074183,39427.23194995867,715.2025819613841,818.6296594880982,-12.634171792821272,12.634171792821272,3.759225168853573e-08,1,45.90384736661087,5.490372553495419
171,216507.39108878173,34458.221507709786,3,15,248343.9612458976,39525.1690193067,715.4578382581965,820.66313193256,-12.81954672761015,12.81954672761015,3.84391402297885e-08,1,63.811508447126414,6.554953733937215
172,216507.3912121145,34458.22152733881,15,3,248343.9612458976,39525.1690193067,715.4578386657549,820.66313193256,-12.819546677948063,12.819546677948063,3.6022196845418184e-08,1,63.81142136901816,6.55494505119846
173,216547.05292532957,34464.53388504848,15,4,252613.33912879034,40204.66161329629,715.5889024758898,834.7714718623928,-14.277269097445819,14.277269097445819,3.585364902654124e-08,1,59.984345619694935,7.316505390439601
174,216590.5982678341,34471.464341556704,4,15,252613.33912879042,40204.661613296295,715.7327999033995,834.771471862393,-14.260031154804045,14.260031154804045,3.437425508248551e-08,1,29.63825872833713,3.123782547775468
175,216751.4999858028,34497.0726453234,11,11,253217.9070290371,40300.88158305525,716.2645064411348,836.769292079133,-14.40119597823412,14.40119597823412,4.9768789047837975e-08,1,51.10876145588072,6.218926512936118
176,216751.50056855797,34497.072738071765,10,12,254423.11837739593,40492.696926617005,716.2645083668739,840.7519639944186,-14.80668032413554,14.80668032413554,4.5262322084054946e-08,1,51.10878275268223,6.218933568337793
177,217041.36800587765,34543.20657356257,12,10,254423.11837739593,40492.696926617005,717.2223875831135,840.7519639944186,-14.692749074818124,14.692749074818124,3.933483335981915e-08,1,46.2094275375902,6.420353008389156
178,217041.36854941063,34543.206660068536,7,14,255023.77796097661,40588.29486845939,717.2223893792411,842.7368690133031,-14.893673725348865,14.893673725348865,4.6373474753214996e-08,1,46.20945601650531,6.420351540706688
179,217200.345553734,34568.508636144536,14,7,255023.77796097661,40588.29486845939,717.7477356192654,842.7368690133031,-14.83133561492071,14.83133561492071,4.326795804473069e-08,1,50.82851449717744,6.105093968538959
180,217315.11920410555,34586.77542993787,5,15,258007.9305146572,41063.237498317954,718.1270100050999,852.598127441259,-15.77192268058595,15.77192268058595,7.210103583575158e-08,1,41.22408429739984,5.936559682999099
181,217468.359297942,34611.164348351806,15,5,258007.93051465726,41063.23749831796,718.6333983815862,852.5981274412592,-15.712529121042747,15.712529121042747,5.423693469304531e-08,1,43.81601533231176,5.487111731342548
182,217468.3598798445,34611.164440964465,9,13,258007.93051465732,41063.237498317976,718.6334003045076,852.5981274412593,-15.712528895506084,15.712528895506084,7.179833854973158e-08,1,43.816046905502446,5.487114625248189
183,217720.17012409127,34651.24128605752,13,9,258007.93051465732,41063.237498317976,719.4655179153386,852.5981274412593,-15.614931025648184,15.614931025648184,4.3790025702469737e-08,1,106.1575823665904,5.079139459251387
184,217720.17019200625,34651.24129686652,16,1,262133.52074712238,41719.84557698643,719.4655181397666,866.2313149939569,-16.943025992452625,16.943025992452625,4.973582272843812e-08,1,106.15834619939656,5.079175627543981
185,217728.2418157929,34652.525935690945,1,16,262133.52074712244,41719.84557698644,719.4921911622282,866.2313149939571,-16.93994678924215,16.93994678924215,5.4193002279262655e-08,1,20.74965739386024,4.651852391218833
186,217833.73282648108,34669.31535149373,2,16,263883.5280604063,41998.367891342525,719.84079067231,872.0142882356635,-17.45080322837878,17.45080322837878,4.0153167247085995e-08,1,76.925918958791,5.553674459226452
187,218113.2571421581,34713.80302804811,16,2,263883.5280604063,41998.367891342525,720.7644906052739,872.0142882356635,-17.344876072662935,17.344876072662935,5.330177672419222e-08,1,1278.5719251793555,6.388554443219681
188,218214.9458345189,34729.98728609388,8,14,263883.52806040633,41998.36789134254,721.100525193497,872.0142882356636,-17.30634062745791,17.30634062745791,4.309234986098647e-08,1,131.52358705615774,5.511075372651216
189,218306.77884491123,34744.602963636826,14,8,263883.52806040633,41998.36789134254,721.4039912634802,872.0142882356636,-17.271540042871482,17.271540042871482,4.041711374193692e-08,1,190.7366808944771,5.487073738734107
190,219267.6616390812,34897.532210060934,6,15,264464.50171309366,42090.83271997388,724.5792691294189,873.9341402626376,-17.08994582684847,17.08994582684847,1.1063032882558657e-07,1,1081.063655858154,6.03504705060703
191,220147.5184539794,35037.56577136507,15,6,264464.50171309366,42090.83271997388,727.4867932171562,873.9341402626376,-16.757252096991028,16.757252096991028,3.1359614733430735e-08,1,1039.9526754146111,5.487996748991689
192,220991.07669434097,35171.82223510452,3,16,266776.7667377917,42458.841128393076,730.2743671288778,881.5751179111656,-17.16254777480393,17.16254777480393,5.84407358334456e-08,1,396.16219399645365,5.219319851148483
193,221503.2641760732,35253.33940461199,11,12,266776.7667377917,42458.841128393076,731.966912342324,881.5751179111656,-16.970556737505078,16.970556737505078,4.8686422912167146e-08,1,522.4138881204875,6.55962164682668
194,221503.2642172888,35253.339411171655,12,11,266776.7667377917,42458.841128393076,731.9669124785227,881.5751179111656,-16.970556722055612,16.970556722055612,5.3895955685378215e-08,1,522.4139316459379,6.559622421922291
195,222510.29649340743,35413.61357576902,16,3,266776.7667377917,42458.841128393076,735.2946932609932,881.5751179111656,-16.593075471183248,16.593075471183248,5.868015289863393e-08,1,1011.7196344046268,5.559660485157527
196,222510.2965174654,35413.613579597964,10,13,269070.7412175084,42823.93850616665,735.2946933404937,889.1556536795938,-17.304164878486358,17.304164878486358,3.651094155046208e-08,1,1011.7195269280422,5.559659944510396
197,222606.98102659505,35429.00139714636,13,10,269070.7412175084,42823.93850616665,735.6141913934105,889.1556536795938,-17.268232131323973,17.268232131323973,5.6320256682431026e-08,1,33.899857886555864,8.035928926743576
198,222810.8678297588,35461.45098970107,4,16,270779.46604138677,43095.89050827072,736.2879439646615,894.8022071876393,-17.71500583589167,17.71500583589167,5.4320998552055715e-08,1,29.5301786715262,7.740720204606977
199,223547.35052407507,35578.66585100315,16,4,270779.46604138677,43095.89050827072,738.7216822021428,894.8022071876393,-17.443019667559508,17.443019667559508,4.037396880831228e-08,1,754.6589558233655,6.834787762403383
200,224571.41538223863,35741.65083522658,7,15,271913.11126289336,43276.315748986,742.1057478729422,898.5483858074641,-17.41059695899822,17.41059695899822,4.195273102489885e-08,1,591.8845507197208,5.819121726788796
201,224571.41538681497,35741.650835954926,15,7,271913.11126289336,43276.315748986,742.1057478880649,898.5483858074641,-17.410596957315203,17.410596957315203,8.599511412723762e-08,1,591.8845294093517,5.819121810837443
202,224617.9435876815,35749.05602911601,9,14,273605.44335438,43545.65876669915,742.2595022972914,904.1407688374435,-17.904431712365014,17.904431712365014,2.6958253680054133e-08,1,766.8533309889704,5.895431102090056
203,225224.70876268213,35845.62570601338,14,9,273605.4433543801,43545.658766699155,744.2645835014628,904.1407688374437,-17.682665227180486,17.682665227180486,4.805829577187581e-08,1,1170.8572066513034,5.499568161927284
204,225224.7087713257,35845.625707389045,5,16,275846.9472920275,43902.405198335684,744.2645835300259,911.5479134786112,-18.351567424492877,18.351567424492877,4.1005146567032716e-08,1,1170.857321169169,5.499569094975351
205,227959.959388801,36280.9543637554,16,5,275846.9472920275,43902.405198335684,753.3033349741777,911.5479134786112,-17.35998472099477,17.35998472099477,5.7829179545439444e-08,1,688.0054216217061,6.230802184218029
206,228091.6265058129,36301.9098362705,12,12,279729.5208422188,44520.33597076648,753.7384345355981,924.3780421182346,-18.459937364112598,18.459937364112598,4.174946858886168e-08,1,676.4028645499253,5.998492418559444
207,228149.51969781733,36311.123823949376,8,15,280280.1004985678,44607.96344464026,753.9297450391014,926.1974558977803,-18.599458437477207,18.599458437477207,5.3796578716319974e-08,1,32.31999997661886,6.649142390190747
208,228149.51989545516,36311.12385540441,15,8,280280.10049856786,44607.96344464028,753.9297456922039,926.1974558977805,-18.599458366962825,18.599458366962825,5.7108707337026536e-08,1,32.32000602352939,6.649142487914537
209,228291.4277963237,36333.709199291436,1,17,280829.6778039284,44695.43138939953,754.3986863573543,928.0135573660568,-18.708225718325338,18.708225718325338,5.2744165754825915e-08,1,26.76714821126148,7.130479067654403
210,228291.42800082624,36333.70923183902,11,13,280829.6778039284,44695.43138939953,754.3986870331418,928.0135573660568,-18.70822564550448,18.70822564550448,5.112078184282426e-08,1,26.767158508794274,7.130480374995265
211,228726.11648787124,36402.892053257376,17,1,280829.6778039284,44695.43138939953,755.8351335382378,928.0135573660568,-18.553438412743247,18.553438412743247,6.108568186215344e-08,1,401.9806042641039,3.0004791958889125
212,230655.36368083,36709.941280462925,13,11,280829.67780392844,44695.431389399535,762.2104125492622,928.013557366057,-17.866457176270902,17.866457176270902,3.7737605656619583e-08,1,652.7989541043481,5.937654328145779
213,230655.36370183545,36709.941283806045,6,16,281925.84629455494,44869.892023144326,762.2104126186756,931.6358925423596,-18.185804269663272,18.185804269663272,7.153153142352284e-08,1,652.7984529336277,5.937649663705253
214,231223.19086783828,36800.313784097256,16,6,281925.84629455494,44869.892023144326,764.0868215239312,931.6358925423596,-17.984394156519706,17.984394156519706,4.6872105899206334e-08,1,606.7247708243743,7.27948709056896
215,231531.852044356,36849.438736080614,2,17,282472.44783541537,44956.88636027391,765.1068054468591,933.4421604708859,-18.033828141971657,18.033828141971657,3.5351780224102505e-08,1,835.2751909845866,5.671720197999687
216,231691.3889432977,36874.82982215274,17,2,282472.44783541537,44956.88636027391,765.634001882349,933.4421604708859,-17.97734939504812,17.97734939504812,4.526913626877509e-08,1,316.07410430920146,7.63190533333558
217,232155.43996321817,36948.68583581992,10,14,284106.382859961,45216.935196121325,767.1674781202003,938.841567921306,-18.285735918277485,18.285735918277485,5.0814642387149465e-08,1,158.05784971677832,7.758284531478719
218,232175.72754600504,36951.91470490383,14,10,284106.382859961,45216.935196121325,767.2345192962598,938.841567921306,-18.278595078081413,18.278595078081413,4.0655491745561534e-08,1,941.6415785935988,6.85813759239616
219,232400.892359879,36987.75079804224,3,17,285190.8317088891,45389.530590958544,767.9785859545663,942.4251750455429,-18.510391457077375,18.510391457077375,4.273011398467587e-08,1,109.23446520859216,7.271308240908424
220,232770.53877662684,37046.58185246386,17,3,285190.8317088891,45389.530590958544,769.2000981852404,942.4251750455429,-18.380777747361357,18.380777747361357,4.5179143857792674e-08,1,462.625177836592,6.485139221276032
221,232770.5387871757,37046.581854142765,7,16,288956.5185383444,45988.85826400241,769.2000982200996,954.8690465688696,-19.44444099596004,19.44444099596004,3.8978329562789954e-08,1,462.625079315842,6.485137830402538
222,232947.9366315564,37074.8155979698,16,7,288956.5185383444,45988.85826400241,769.7863169058174,954.8690465688696,-19.38304842199146,19.38304842199146,5.728313379548472e-08,1,3476.7977815310487,5.491738101682103
223,232986.27693711215,37080.91764711865,17,4,288956.5185383444,45988.85826400241,769.9130140684092,954.8690465688696,-19.3697798839603,19.3697798839603,8.001281140175427e-08,1,17.49910630222215,7.8064830411220125
224,233041.651248701,37089.73074252833,4,17,288956.51853834454,45988.858264002425,770.096000824959,954.86904656887,-19.350616339261993,19.350616339261993,4.2528084496742236e-08,1,15.68616380733008,5.624058738093499
225,234701.1197088567,37353.84335086721,9,15,289490.74236246047,46073.88262632793,775.5797845941412,956.6344118084857,-18.926208902737116,18.926208902737116,5.7925939669929934e-08,1,303.3448195942729,6.5271598344179145
226,236264.451356523,37602.65531028529,15,9,289490.74236246047,46073.88262632793,780.7458801971375,956.6344118084857,-18.38618070186674,18.38618070186674,5.663521342534288e-08,1,8.88272505636356,6.182662557926598
227,236264.45161681317,37602.65535171176,12,13,293204.8318318729,46664.99832447048,780.7458810572774,968.9077776715186,-19.420000638908306,19.420000638908306,5.652411326497633e-08,1,8.88272393605939,6.182662587892761
228,236855.6071071517,37696.74067013505,13,12,293204.8318318729,46664.99832447048,782.6993793977504,968.9077776715186,-19.21838203438357,19.21838203438357,4.0363813645961176e-08,1,86.44904416046637,5.50873479317508
229,236855.607300391,37696.74070089004,17,5,293731.82976501697,46748.87265052956,782.6993800363178,970.6492646485575,-19.363316025412182,19.363316025412182,4.7206508554439546e-08,1,86.44904992707322,5.508734940931688
230,238246.08749770155,37918.04249756341,5,17,293731.8297650171,46748.872650529585,787.2942807050931,970.6492646485578,-18.889931782913568,18.889931782913568,3.095317678825244e-08,1,396.10257635279385,5.362729391432505
231,238246.0875938986,37918.042512873646,11,14,295307.53961959237,46999.65466276385,787.2942810229804,975.8562645602342,-19.322721017959395,19.322721017959395,5.973507140749911e-08,1,396.1026682225345,5.3627310304601465
232,238453.5352566467,37951.05883383287,14,11,295307.5396195925,46999.65466276387,787.9798006054532,975.8562645602346,-19.252473010402525,19.252473010402525,3.6603353728036416e-08,1,171.43012073917257,7.252669070349851
233,238585.60206987665,37972.07791997681,16,8,296875.4121931016,47249.18933297606,788.4162209799447,981.0373658448884,-19.634435096063303,19.634435096063303,4.898784433093768e-08,1,80.0441381683259,5.6617185004659
234,238808.11812791,38007.49245053014,8,16,296875.41219310166,47249.189332976064,789.1515347124583,981.0373658448887,-19.559482422687793,19.559482422687793,4.6777923549002687e-08,1,31.75717312584879,6.098554886403429
235,239126.9531595421,38058.23662184525,1,18,299471.41932786076,47662.356700774806,790.2051385702543,989.615981306455,-20.15032563166024,20.15032563166024,3.07049486103129e-08,1,50.62350338731598,7.339886783987154
236,239640.45324588064,38139.96269886414,6,17,299471.41932786076,47662.356700774806,791.9020213411825,989.615981306455,-19.978856819213618,19.978856819213618,3.41748401825543e-08,1,368.6345751612044,6.00496403912522
237,239640.4533143193,38139.962709756495,10,15,299471.41932786076,47662.356700774806,791.902021567341,989.615981306455,-19.978856796360464,19.978856796360464,3.7786757835022025e-08,1,368.63453045009646,6.00496262278551
238,239966.03888649272,38191.78126296729,15,10,299471.41932786076,47662.356700774806,792.9779328720952,989.615981306455,-19.870136714522882,19.870136714522882,3.354173645332029e-08,1,153.45503444540003,6.334303678496954
239,240102.95303270908,38213.57182611684,17,6,299471.4193278609,47662.35670077482,793.43037146362,989.6159813064553,-19.82441811255293,19.82441811255293,5.1995069863317337e-08,1,216.5899750995464,5.363182027530375
240,241067.0516668333,38367.01288936585,18,1,299471.4193278609,47662.35670077482,796.6162762088087,989.6159813064553,-19.502484675202535,19.502484675202535,3.6923872661151096e-08,1,101.870574391294,5.482000392277646
241,241067.0516712101,38367.01289006243,2,18,301018.931875367,47908.65097220716,796.616276223272,994.7298020233757,-19.916315505690264,19.916315505690264,4.0381227105626166e-08,1,101.87052847732606,5.481997767581656
242,241493.1424319604,38434.827340841635,18,2,301018.931875367,47908.65097220716,798.0243111778996,994.7298020233757,-19.774766016395436,19.774766016395436,4.168134132480295e-08,1,102.49965187685572,5.020913017686056
243,241630.45550038927,38456.6813944332,3,18,303581.6371686237,48316.518187316724,798.4780680247613,1003.1983701400844,-20.40676183382718,20.40676183382718,5.0278814715562366e-08,1,527.3671025211237,5.451678491396011
244,241675.6057688032,38463.867282833206,18,3,303581.6371686237,48316.518187316724,798.6272689978724,1003.1983701400844,-20.391889304370196,20.391889304370196,3.6304192155180976e-08,1,406.5365199297936,5.777039323002486
245,241675.60579029567,38463.86728625384,9,16,305617.23865403363,48640.49422588492,798.6272690688953,1009.9251014123178,-20.92212898243003,20.92212898243003,4.418648707996181e-08,1,406.5366139376596,5.777041625563424
246,242860.74188075028,38652.48755328629,16,9,305617.23865403363,48640.49422588492,802.5436014446834,1009.9251014123178,-20.5343445447216,20.5343445447216,3.9578382096399326e-08,1,653.1933880316918,6.828479402533974
247,242860.7419066349,38652.48755740596,17,7,306124.1470653684,48721.171205243714,802.5436015302203,1011.6002017141813,-20.66593104960927,20.66593104960927,3.205794269536616e-08,1,653.1935513565791,6.828480041735881
248,243280.69992645917,38719.325952152074,7,17,306124.14706536854,48721.17120524373,803.9313705828687,1011.6002017141816,-20.528745524112484,20.528745524112484,3.4013018202001536e-08,1,262.787264207716,7.274897215012935
249,243617.77041083176,38772.972385910354,13,13,306124.14706536854,48721.17120524373,805.0452342661226,1011.6002017141816,-20.418636443334677,20.418636443334677,4.3319375087854015e-08,1,428.49935998811947,4.864209223882839
250,243617.77045826244,38772.97239345918,14,12,307135.5987077057,48882.148733820104,805.0452344228594,1014.9425864793858,-20.680711879931504,20.680711879931504,3.0524179546484075e-08,1,428.4994829114899,4.864209484485359
251,244240.92434136453,38872.150414261785,4,18,307135.5987077058,48882.14873382012,807.1044728066594,1014.9425864793861,-20.47781977438465,20.47781977438465,3.354714946407744e-08,1,82.43781056768901,6.306410230941949
252,244240.92436810007,38872.15041851688,12,14,307135.5987077058,48882.14873382012,807.104472895008,1014.9425864793861,-20.477819765679854,20.477819765679854,2.990329028740978e-08,1,82.43774156415682,6.3064060628229175
253,244644.55276942477,38936.38987375999,18,4,307135.5987077058,48882.14873382012,808.4382800321185,1014.9425864793861,-20.34640276191246,20.34640276191246,2.9343086004433484e-08,1,96.37464214939426,5.67611353671442
254,244667.5404603419,38940.048478399716,11,15,310151.2849864509,49362.11011189681,808.5142438297858,1024.908049436589,-21.11348483659182,21.11348483659182,3.8386047559093886e-08,1,61.62034719718934,6.962891867105069
255,245161.6008085963,39018.68062501011,15,11,310151.28498645104,49362.11011189683,810.1468871633624,1024.9080494365894,-20.954188269990183,20.954188269990183,3.1015396936351755e-08,1,41.72336593685775,5.916617140197706
256,245161.6008263449,39018.68062783488,5,18,311648.797050599,49600.44655924573,810.1468872220134,1029.8566414398135,-21.334013432260832,21.334013432260832,2.4020508868781523e-08,1,41.7233715711902,5.916618129713965
257,245196.44607238463,39024.22642098536,18,5,311648.797050599,49600.44655924573,810.2620348124942,1029.8566414398135,-21.322832498347562,21.322832498347562,3.2709706376838406e-08,1,156.99148524996497,5.609553012554493
258,245676.70773268008,39100.6624381989,8,17,313634.9689197998,49916.5556300591,811.8490797976347,1036.4200304530086,-21.667947748676404,21.667947748676404,3.9428186315872384e-08,1,183.9539392597273,4.579708172059843
259,247047.88881364372,39318.89268510835,17,8,313634.9689197998,49916.5556300591,816.3802057195413,1036.4200304530086,-21.230757633783874,21.230757633783874,1.7400354462059985e-07,1,1266.151950420554,6.036252074769071
260,247158.45495945943,39336.48983375354,10,16,315116.8283642469,50152.40088561027,816.7455762284743,1041.3168977118814,-21.566088284638884,21.566088284638884,5.0025470280620597e-08,1,115.54133604126709,6.013520491939294
261,247158.45499870976,39336.489840000424,16,10,315116.82836424705,50152.40088561029,816.7455763581787,1041.316897711882,-21.566088272183112,21.566088272183112,5.0748619587891444e-08,1,115.54135202359257,6.013520510486312
262,248079.8426492559,39483.133239088675,6,18,317082.44436441804,50465.238388258025,819.7903408502474,1047.8123589857717,-21.761722524082252,21.761722524082252,4.92902192052325e-08,1,24.38553841146419,4.841481685439633
263,248079.84319432115,39483.133325838506,18,6,317082.44436441816,50465.23838825804,819.7903426514386,1047.8123589857719,-21.761722352182105,21.761722352182105,3.9043754346640494e-08,1,24.385551794389052,4.841481606175181
264,248759.78531836276,39591.349475896124,1,19,318060.93815289665,50620.97051147911,822.0372401811769,1051.0458331278478,-21.78864001250596,21.78864001250596,3.229032288901263e-08,1,931.70653271525,7.7655612164537375
265,249389.26034292625,39691.5335376083,19,1,318060.93815289665,50620.97051147911,824.1173670444998,1051.0458331278478,-21.590729816988365,21.590729816988365,4.754065498060192e-08,1,207.78578196916493,5.949428240988342
266,249389.26046556185,39691.533557126364,2,19,319523.35432539636,50853.72127418997,824.1173674497543,1055.8784492715683,-21.949598647619133,21.949598647619133,3.9652437075603786e-08,1,207.78577248472797,5.949428205796258
267,250433.8544909036,39857.78585978376,13,14,319523.35432539636,50853.72127418997,827.5692726224603,1055.8784492715683,-21.622676057704794,21.622676057704794,1.434753470476535e-07,1,1038.0991107593543,5.6392698574736695
268,251066.5842207456,39958.487923929315,14,13,319523.35432539636,50853.72127418997,829.6601547971424,1055.8784492715683,-21.424653058360075,21.424653058360075,5.4014033347150085e-08,1,1201.8182462853283,6.560133721112544
269,251856.57352348632,40084.21862645022,19,2,319523.35432539636,50853.72127418997,832.2707078870098,1055.8784492715683,-21.17741313300044,21.17741313300044,5.418454511909358e-08,1,16630.59521609421,7.263182766104419
270,252025.7938484186,40111.15087763481,12,15,321463.42805077875,51162.49359754728,832.8299036135694,1062.2895050172563,-21.600477112871356,21.600477112871356,6.823259178812825e-08,1,1091.3816082005487,5.980973039238879
271,253159.3262473564,40291.558162080575,15,12,321463.4280507789,51162.49359754731,836.57570940644,1062.2895050172567,-21.247860827463423,21.247860827463423,3.2052179114723455e-08,1,731.2797656471738,6.329057826705805
272,253159.32626395495,40291.558164722315,3,19,321946.7133307153,51239.41083877274,836.5757094612907,1063.8865416814856,-21.36607836592494,21.36607836592494,2.8993543248991418e-08,1,731.2798713402924,6.329059273985833
273,253398.54972586344,40329.63176118861,9,17,321946.7133307153,51239.41083877274,837.3662335171068,1063.8865416814856,-21.29177306880494,21.29177306880494,5.7488048312986734e-08,1,438.7283617016904,6.819632092247674
274,254080.48512138223,40438.16515025475,17,9,321946.7133307153,51239.41083877274,839.6197178968135,1063.8865416814856,-21.079956837334894,21.079956837334894,4.348275320470332e-08,1,57.80515219228271,4.93492677976015
275,254420.2377891613,40492.23846676045,19,3,321946.7133307153,51239.41083877274,840.7424449686666,1063.8865416814856,-20.974426122557862,20.974426122557862,1.9979828965229842e-07,1,1633.4624285738744,4.898880980131546
276,254467.8696752182,40499.81931687519,7,18,323392.45539428794,51469.5078346262,840.8998465523218,1068.6640575264687,-21.31298506486035,21.31298506486035,4.1650838047351175e-08,1,17.485520589084732,4.133034210299953
277,254490.2977383881,40503.388853992656,18,7,323392.45539428794,51469.5078346262,840.9739610364102,1068.6640575264687,-21.306049818599714,21.306049818599714,4.2219052638025456e-08,1,24.396813327156057,5.940897143132425
278,254596.91676911296,40520.35779976019,19,4,325310.6173618942,51774.79279342161,841.3262881364504,1075.0027049410965,-21.73728640221887,21.73728640221887,3.8057636212686855e-08,1,39.427491161937446,4.872931350578042
279,256645.256616198,40846.361211555864,4,19,325310.61736189434,51774.792793421635,848.0951138640332,1075.0027049410967,-21.107629779359165,21.107629779359165,3.889173706968415e-08,1,1584.4150259090825,6.92865238994425
280,256919.80101390692,40890.05630954943,11,16,325310.6173618944,51774.79279342164,849.0023574472798,1075.002704941097,-21.023235239784857,21.023235239784857,3.793332675130597e-08,1,360.0309168055572,5.612622179459813
281,257804.67058676825,41030.887676061924,16,11,325310.61736189446,51774.79279342166,851.9264464058881,1075.0027049410971,-20.7512276489976,20.7512276489976,7.715926809739844e-08,1,570.6215071848482,4.230512126551721
282,257804.67059235816,41030.887676951585,19,5,329587.66048426705,52455.50534816444,851.9264464243603,1089.1363749792483,-21.779635131496523,21.779635131496523,5.985854399281644e-08,1,570.6215140594925,4.23051210080255
283,259425.86029171772,41288.908031294326,5,19,329587.66048426717,52455.505348164465,857.283736408214,1089.1363749792486,-21.287750909563737,21.287750909563737,5.9484655441136836e-08,1,300.16887998205664,6.380597300554604
284,259425.8603603601,41288.9080422191,8,18,330530.96031559265,52605.63617913766,857.2837366350457,1092.2535492002096,-21.51238718676794,21.51238718676794,3.6300626730609336e-08,1,300.1688110481584,6.380589363740603
285,259446.247047012,41292.152684173016,18,8,330530.96031559265,52605.63617913766,857.3511053040221,1092.2535492002096,-21.50621932683965,21.50621932683965,6.745272242277018e-08,1,503.5691146657832,5.590065323751311
286,259702.71120483708,41332.97022261678,10,17,331001.6501238245,52680.54878878074,858.1986019692653,1093.8089635950448,-21.54035754574492,21.54035754574492,3.5506528708494075e-08,1,128.82360338871936,7.418022168370257
287,259702.71143444272,41332.97025915965,17,10,331001.6501238245,52680.54878878074,858.1986027280069,1093.8089635950448,-21.540357476378,21.540357476378,3.2035403048202516e-08,1,128.82349097544906,7.418022288212987
288,260292.2754685985,41426.80228946474,14,14,332409.909301907,52904.6801981271,860.1468420341602,1098.4626156583363,-21.695392289827495,21.695392289827495,3.591557035149895e-08,1,24.505687021673385,6.12896400440218
289,260296.6705079366,41427.501781700485,13,15,333345.5983793118,53053.599739993166,860.1613656276878,1101.5546398208155,-21.91387203746824,21.91387203746824,4.927289383213229e-08,1,42.255143585459,5.972370158289937
290,262392.68719154154,41761.09319769929,15,13,333345.5983793118,53053.599739993166,867.0877414796336,1101.5546398208155,-21.285090168502357,21.285090168502357,3.74056125154922e-08,1,201.39952076000665,5.935872011030223
291,262663.3295311315,41804.167263854986,6,19,334744.45538525487,53276.234747167735,867.982090546658,1106.1772220082937,-21.53317992113291,21.53317992113291,3.427726808420867e-08,1,123.5126819338428,5.966765963655564
292,262796.1934670064,41825.313216008115,19,6,334744.45538525487,53276.234747167735,868.4211450466706,1106.1772220082937,-21.493488767556677,21.493488767556677,2.5450817893016264e-08,1,1274.5652229118737,6.552319211572653
293,262796.19347629114,41825.31321748583,16,12,336137.7581817748,53497.98577445765,868.4211450773525,1110.7814500756324,-21.81890100719432,21.81890100719432,6.8557086810616e-08,1,1274.5653561509196,6.552319894127341
294,263353.92642522027,41914.07917323313,12,16,336137.758181775,53497.98577445767,870.2641972150165,1110.781450075633,-21.65297708601812,21.65297708601812,2.5311169814191788e-08,1,1285.3327254384342,6.190698259137109
295,263353.9264378576,41914.07917524442,20,1,336600.969243601,53571.70810464214,870.264197256777,1112.312150636407,-21.760793788069545,21.760793788069545,6.086424054891313e-08,1,1285.331247112884,6.190690936973424
296,264571.0367316012,42107.78829478175,1,20,336600.9692436011,53571.708104642144,874.2861897407497,1112.3121506364073,-21.39920531835164,21.39920531835164,3.6558597773001875e-08,1,230.8266595258803,4.1864391182958585
297,264686.8775996302,42126.22494154061,2,20,337986.965494944,53792.29625915021,874.6689907925067,1116.8922339159344,-21.687252876149838,21.687252876149838,4.384993273742619e-08,1,133.63267680657694,5.9972167259786255
298,265026.88238049287,42180.33838308978,20,2,337986.965494944,53792.29625915021,875.7925509827162,1116.8922339159344,-21.58665586633179,21.58665586633179,3.083862018601142e-08,1,824.3077689583677,5.653255446012631
299,266645.9262296917,42438.017214772306,9,18,338447.75961736834,53865.633921481734,881.1427499138836,1118.4149475981505,-21.2150417154045,21.2150417154045,3.706593355726415e-08,1,337.777374590494,6.021164581632482
300,267060.22186918685,42503.95441369938,18,9,338447.75961736834,53865.633921481734,882.5118073910551,1118.4149475981505,-21.092631202194564,21.092631202194564,4.0443197671738486e-08,1,63.84052602477125,6.137546816505847
301,267060.2221593216,42503.95445987576,3,20,340284.9735799135,54158.03560513824,882.5118083498176,1124.4860989036565,-21.518655569842736,21.518655569842736,2.7981872018132118e-08,1,63.84051853758628,6.137545607999084
302,267509.3136712783,42575.42959390428,20,3,340284.9735799135,54158.03560513824,883.995850260391,1124.4860989036565,-21.386680446982584,21.386680446982584,3.0735615878548645e-08,1,1567.7035131109624,7.096781321812341
303,268095.6020179542,42668.74028235493,7,19,340742.7976463153,54230.90056837252,885.9332649186125,1125.9989979100285,-21.320243928902514,21.320243928902514,3.5923111008171574e-08,1,512.0719439372212,6.937591003877124
304,268095.6020570023,42668.74028856962,11,17,340742.7976463153,54230.90056837252,885.9332650476487,1125.9989979100285,-21.32024391744281,21.32024391744281,2.8441804253017478e-08,1,512.071813780784,6.937589669685204
305,268280.47070821474,42698.16304823281,17,11,340742.7976463153,54230.90056837252,886.544171330769,1125.9989979100285,-21.265989314707436,21.265989314707436,2.937622193298514e-08,1,636.5435376952503,5.535572794278457
306,268280.4707162668,42698.16304951433,19,7,340742.7976463153,54230.90056837252,886.5441713573773,1125.9989979100285,-21.265989312344356,21.265989312344356,3.8666477925727476e-08,1,636.5436282657682,5.535573173804786
307,268608.9101091427,42750.43580239664,4,20,343477.48432755336,54666.13947149913,887.6295132334405,1135.0358858030138,-21.797229115318984,21.797229115318984,2.6087536216979814e-08,1,216.79521819436616,5.252893022184392
308,268744.3889130103,42771.99792371634,20,4,343477.48432755336,54666.13947149913,888.0772086754182,1135.0358858030138,-21.757785830082156,21.757785830082156,3.486716967530351e-08,1,24.28796225062757,5.70095885324834
309,268744.38912710326,42771.9979577903,15,14,345740.57435898494,55026.32143666346,888.0772093828974,1142.5143626047955,-22.269930387729385,22.269930387729385,4.1586464377514546e-08,1,24.28794881578877,5.700957241433461
310,269161.8957912919,42838.44620716973,14,15,345740.57435898506,55026.32143666348,889.456877827086,1142.514362604796,-22.149173179824988,22.149173179824988,3.384784850251838e-08,1,40.82624989455186,5.515401008050345
311,269441.4134186245,42882.932819241025,10,18,347091.64462350874,55241.350947726896,890.3805556581326,1146.9790314825186,-22.371679758846305,22.371679758846305,3.053373581763914e-08,1,95.86274802260483,5.474679109568841
312,269686.02733879513,42921.86433378527,18,10,347091.64462350874,55241.350947726896,891.1888927114454,1146.9790314825186,-22.3012044466457,22.3012044466457,3.4859835532371986e-08,1,41.387520456677166,7.415534418875638
313,269686.0277853212,42921.864404852095,16,13,347540.8830683206,55312.84946684561,891.1888941870096,1148.463558938931,-22.401639368480993,22.401639368480993,2.9497929666780168e-08,1,41.38752649766984,7.415536481300088
314,270688.9706118433,43081.48771333165,5,20,347540.8830683207,55312.84946684563,894.5031612101886,1148.4635589389316,-22.11305667925394,22.11305667925394,3.419810954000841e-08,1,63.33541721250834,6.129030666230144
315,270688.97088420944,43081.48775668007,8,19,347540.8830683207,55312.84946684563,894.5031621102341,1148.4635589389316,-22.11305660088441,22.11305660088441,3.230106309987392e-08,1,63.33546515433687,6.129034429708365
316,271591.0637142452,43225.06028970802,13,16,347540.8830683207,55312.84946684563,897.4841660512079,1148.4635589389316,-21.85349207941819,21.85349207941819,2.441782021793382e-08,1,46.77845719296705,5.75345447014382
317,271620.15873871016,43229.69090667099,19,8,347540.8830683207,55312.84946684563,897.5803117910974,1148.4635589389316,-21.845120395428637,21.845120395428637,2.7758012212010447e-08,1,33.765683472430055,6.383177590217399
318,271961.96752802376,43284.09146508251,20,5,347540.8830683207,55312.84946684563,898.7098334035936,1148.4635589389316,-21.746769724769155,21.746769724769155,3.628617712491918e-08,1,625.0678632277172,6.545266700252051
319,271961.96753788675,43284.09146665225,12,17,351114.94926074974,55881.67976830834,898.7098334361863,1160.2742119562154,-22.543324312882305,22.543324312882305,2.6734887571776146e-08,1,625.0677496922126,6.545264530285428
320,272535.9247115903,43375.43958797023,17,12,351114.9492607498,55881.67976830836,900.6064992113622,1160.2742119562156,-22.37985728451683,22.37985728451683,3.8161930600885813e-08,1,615.1323413887704,5.977309641804477
321,273517.8776500903,43531.722252016116,20,6,352446.25934024854,56093.56434824864,903.8514042611044,1164.673582466107,-22.394444429033207,22.394444429033207,4.881850789256039e-08,1,677.4160993582601,7.236578887526315
322,274275.7947942798,43652.34851196797,6,20,352446.2593402486,56093.564348248656,906.3559735454771,1164.6735824661073,-22.179399688422773,22.179399688422773,6.624160364462625e-08,1,1093.1597926227937,6.466524205771762
323,274666.7431899154,43714.56988162721,9,19,355094.50172016415,56515.04521351766,907.647879067064,1173.424811506326,-22.649677238210437,22.649677238210437,6.965500531587275e-08,1,434.0798512243923,5.367733446338764
324,275073.9732932818,43779.3825655538,1,21,355094.50172016426,56515.045213517675,908.9935881810254,1173.4248115063263,-22.534995061664862,22.534995061664862,3.490687159146456e-08,1,641.7703974729203,4.119758871405793
325,276282.7861503693,43971.77110703232,19,9,355094.50172016426,56515.045213517675,912.9881614343511,1173.4248115063263,-22.19457501820269,22.19457501820269,2.344304759644615e-07,1,9077.142746481966,5.53497960781856
326,276475.21228792064,44002.39667800369,21,1,355094.50172016426,56515.045213517675,913.6240417509745,1173.4248115063263,-22.14038489793354,22.14038489793354,5.66023552103454e-08,1,2131.138687417724,5.766335913168883
327,277155.0982414286,44110.60388824323,18,11,356411.5340709861,56724.65742236291,915.8707536628069,1177.777000657452,-22.237337530656927,22.237337530656927,3.0628260284116865e-08,1,56.227224177293984,5.654163655667915
328,277200.3047801379,44117.798732338895,21,2,356411.5340709861,56724.65742236291,916.0201405834908,1177.777000657452,-22.2246537271355,22.2246537271355,2.8453781644200192e-08,1,77.48358484631395,7.992859107901629
329,278072.8120119874,44256.66257117116,2,21,356411.53407098615,56724.65742236292,918.9033776629478,1177.7770006574522,-21.979850417353823,21.979850417353823,1.7216423544760602e-07,1,1040.7929910191026,4.6684946313568005
330,278072.81205559755,44256.66257811194,11,18,356411.53407098615,56724.65742236292,918.9033778070595,1177.7770006574522,-21.979850405117915,21.979850405117915,1.3964314507665272e-07,1,1040.7927297207352,4.668493306764318
331,279412.90022181225,44469.94423394396,20,7,358160.33567779564,57002.9878425737,923.3317558760659,1183.5559895910783,-21.986643302351965,21.986643302351965,3.26606116459885e-08,1,1057.8223954067216,4.943387101895016
332,279898.365449433,44547.208424619035,7,20,358160.3356777957,57002.987842573704,924.9359962696913,1183.5559895910785,-21.851099195631722,21.851099195631722,3.067808742481523e-08,1,16.0459613702825,6.079252279471535
333,279903.19185166503,44547.97657039161,3,21,358596.25478434487,57072.366523169214,924.9519453201608,1184.9965027304163,-21.944753154213736,21.944753154213736,2.4670155336207773e-08,1,401.0973983347827,4.845911238729687
334,279903.19186320726,44547.97657222862,15,15,358596.25478434487,57072.366523169214,924.9519453583026,1184.9965027304163,-21.94475315099501,21.94475315099501,3.299937718531257e-08,1,401.0989304580368,4.845929901433133
335,279915.8476389625,44549.99080149872,21,3,358596.25478434487,57072.366523169214,924.9937669049842,1184.9965027304163,-21.941223896133476,21.941223896133476,3.165881559970279e-08,1,11.03665170904318,5.614206614509988
336,281448.1609234811,44793.866035095234,14,16,359466.56769580126,57210.881125064196,930.0573610140021,1187.8724885852523,-21.703939610412743,21.703939610412743,3.5994599836510224e-08,1,1301.580697920246,6.868970722400037
337,282909.67696814967,45026.47353801235,16,14,359466.56769580126,57210.881125064196,934.8870026472038,1187.8724885852523,-21.297360480109482,21.297360480109482,2.8615688504979248e-08,1,90.8550566780278,6.427307296997092
338,282909.67711969686,45026.47356213184,4,21,361633.5327053977,57555.76431784864,934.8870031479978,1195.033316183564,-21.768959033407086,21.768959033407086,2.467945410157188e-08,1,90.85506226629734,6.427307036115778
339,283936.5812361098,45189.91042834037,21,4,361633.5327053977,57555.76431784864,938.2804512678634,1195.033316183564,-21.4849963962228,21.4849963962228,1.9676494173141408e-08,1,1661.1801362598098,6.446489090961336
340,284566.8816731535,45290.22585852886,13,17,362065.42777394236,57624.50255290454,940.3633057416655,1196.4605317189848,-21.40456949376993,21.40456949376993,3.3103786198139464e-08,1,490.1540213654322,6.320310301893271
341,284566.8817079656,45290.225864069376,17,13,362065.42777394236,57624.50255290454,940.3633058567035,1196.4605317189848,-21.40456948415507,21.40456948415507,4.0310864479680236e-08,1,490.15394965179536,6.320310437826963
342,284945.0564786489,45350.41424817627,10,19,363358.1472467727,57830.24524703664,941.6130003939488,1200.732377935663,-21.580110797645048,21.580110797645048,7.049397028082646e-08,1,1551.780964992976,5.005869909257213
343,286171.88876872987,45545.67067148741,19,10,363358.1472467727,57830.24524703664,945.6671196263345,1200.732377935663,-21.242473593311832,21.242473593311832,2.3544043827278477e-08,1,811.2303825285952,6.136861829536271
344,286171.88878957124,45545.670674804416,8,20,364646.45270038466,58035.28542819123,945.6671196952057,1204.9896378389958,-21.520725988055293,21.520725988055293,3.3981592202315165e-08,1,811.2302226900051,6.136860919642722
345,286533.4573664727,45603.21610108498,20,8,364646.4527003848,58035.285428191244,946.8619383621857,1204.9896378389963,-21.421570059285447,21.421570059285447,2.9155393014577326e-08,1,1200.8826433386123,5.684022936066517
346,287042.5322531081,45684.23788569695,5,21,365502.8924568045,58171.59204888587,948.5441978733834,1207.8197792657854,-21.466412940348732,21.466412940348732,2.7012820636505192e-08,1,39.679032727727645,7.8880030594002735
347,287063.31108932773,45687.544940193,21,5,365502.8924568045,58171.59204888587,948.6128624172054,1207.8197792657854,-21.460727941228765,21.460727941228765,2.503332682665525e-08,1,43.28793207658007,7.852678063180198
348,288622.5784640642,45935.71005048424,12,18,366357.40275177814,58307.59158625383,953.7655274582711,1210.643544705555,-21.21830313891115,21.21830313891115,3.6703342129780645e-08,1,1056.2761839494017,5.447991009595526
349,288744.188466475,45955.06488349733,18,12,366357.40275177814,58307.59158625383,954.1673928587909,1210.643544705555,-21.18510877693092,21.18510877693092,2.554946654277701e-08,1,32.320369337155704,6.1650826798374645
350,288744.1885522735,45955.06489715259,6,21,370179.15881494916,58915.84295499892,954.1673931423156,1223.272699385015,-21.998799317436628,21.998799317436628,2.9524687956216782e-08,1,32.32037082574957,6.165082714208591
351,289940.218419173,46145.41896255518,21,6,370179.15881494916,58915.84295499892,958.1197244634817,1223.272699385015,-21.67570444879834,21.67570444879834,3.6031927295390446e-08,1,94.14652462301996,6.147353427585154
352,289940.2186530785,46145.4189997824,15,16,371865.5520253193,59184.24077042594,958.1197252364324,1228.8454571309617,-22.030901471256144,22.030901471256144,2.1288126439043096e-08,1,94.14655927447517,6.147353103408826
353,290170.1139109428,46182.00796646489,16,15,371865.5520253193,59184.24077042594,958.879423847137,1228.8454571309617,-21.969079327039704,21.969079327039704,1.8306868351747684e-08,1,983.248050253917,6.544974826901392
354,290170.62707781093,46182.08963950859,20,9,371865.5520253193,59184.24077042594,958.8811196287742,1228.8454571309617,-21.96894132908176,21.96894132908176,2.515279644413005e-08,1,2349.9029979427523,6.38622363960899
355,290312.41266966134,46204.655517310784,9,20,371865.5520253195,59184.24077042597,959.3496561185971,1228.8454571309621,-21.930813142408354,21.930813142408354,3.0061896696516584e-08,1,1497.4800423780275,4.633206642391673
356,290312.41269555484,46204.655521431865,11,19,372285.99814269756,59251.156848310486,959.3496562041632,1230.2348391226376,-22.018981604492733,22.018981604492733,6.947991581020559e-08,1,1497.47974937686,4.633209225619465
357,290640.66721045354,46256.898850070225,19,11,372285.99814269756,59251.156848310486,960.4343871431252,1230.2348391226376,-21.930808931726002,21.930808931726002,2.9353334138194496e-08,1,433.3097003185611,6.827425925963681
358,290640.6672861222,46256.89886211327,1,22,373544.5947566759,59451.46872078386,960.4343873931755,1234.3939249078742,-22.193850114350244,22.193850114350244,2.6418989845059284e-08,1,433.3094627172186,6.827425182530639
359,292054.96986015246,46481.99210779777,22,1,373544.5947566759,59451.46872078386,965.1080101141835,1234.3939249078742,-21.815233318957574,21.815233318957574,3.4422599925207125e-08,1,341.0293535386654,5.49967320014696
360,292056.16110296856,46482.18169998038,14,17,373544.59475667594,59451.468720783865,965.1119466264926,1234.3939249078744,-21.81491441652056,21.81491441652056,2.2567038793760536e-08,1,556.7137230540188,5.049807144992236
361,292056.161568655,46482.18177409668,17,14,373544.59475667594,59451.468720783865,965.1119481653731,1234.3939249078744,-21.81491429185367,21.81491429185367,2.5559681940120653e-08,1,556.7216717137459,5.04987968345888
362,292290.5807905402,46519.49075201547,2,22,374799.1091742506,59651.13089152093,965.8865964066767,1238.5395209023025,-22.014067366779884,22.014067366779884,2.0786389708020755e-08,1,23.02241421556856,6.111326915302639
363,292360.762685262,46530.66054747599,22,2,374799.1091742506,59651.13089152093,966.1185154484702,1238.5395209023025,-21.99534216359666,21.99534216359666,2.305485049766776e-08,1,74.37173161398914,5.72349476338529
364,293329.05588854745,46684.769197141155,7,21,375633.20331591886,59783.88109717142,969.3182813250016,1241.295820299292,-21.910775378967536,21.910775378967536,4.9374113781083196e-08,1,434.43212746992975,4.29970588833366
365,293505.84207330283,46712.905592315336,21,7,375633.20331591886,59783.88109717142,969.9024787555971,1241.295820299292,-21.863711865094217,21.863711865094217,2.2031689587223423e-08,1,28.01959879080012,7.368498787777354
366,293505.8424187921,46712.90564730165,3,22,376880.9995432537,59982.47403472317,969.902479897281,1245.4192157497023,-22.12240925531,22.12240925531,2.802890126547836e-08,1,28.019585268158107,7.368497238251691
367,295341.42634423304,47005.04790249561,13,18,376880.9995432537,59982.47403472317,975.9682446761792,1245.4192157497023,-21.63536323079151,21.63536323079151,3.068873166726713e-08,1,33.1331926720074,7.356883699523205
368,295501.5961362332,47030.53971662643,18,13,376880.9995432537,59982.47403472317,976.4975325335702,1245.4192157497023,-21.592864460040463,21.592864460040463,2.6188478653904085e-08,1,41.43412966900693,5.8321673260943925
369,296077.2065514307,47122.15095950029,22,3,376880.9995432537,59982.47403472317,978.3996615152419,1245.4192157497023,-21.44013444290108,21.44013444290108,3.9389054467331e-08,1,1521.9975738135618,6.438935830080237
370,296077.20655269566,47122.15095970162,4,22,379777.10791110276,60443.403997196154,978.399661519422,1254.989528438811,-22.03921711310714,22.03921711310714,4.251322670911099e-08,1,1521.999918391352,6.438945665906707
371,297836.03016761446,47402.076432042704,20,10,379777.10791110276,60443.403997196154,984.2117686030609,1254.989528438811,-21.576097146610756,21.576097146610756,2.5370411798521574e-08,1,1175.1582822344085,5.466704049610673
372,297944.69375174574,47419.37077859128,22,4,379777.10791110276,60443.403997196154,984.5708520163753,1254.989528438811,-21.547484683703512,21.547484683703512,9.209453584645552e-08,1,1481.2888430506578,5.454904161093321
373,297944.69376681047,47419.3707809889,10,20,379777.1079111028,60443.40399719617,984.5708520661573,1254.9895284388112,-21.5474846797368,21.5474846797368,3.4558410930427684e-08,1,1481.2893524708652,5.4549059683036925
374,299636.545510874,47688.63734903526,19,12,381832.7460490752,60770.56896806269,990.1616477677447,1261.782471677556,-21.526755205965724,21.526755205965724,3.3673517398996156e-08,1,1468.4660476890674,5.662523796924744
375,299969.29320184776,47741.595788856146,12,19,381832.7460490753,60770.568968062704,991.2612265972353,1261.7824716775563,-21.439610325277332,21.439610325277332,5.52852844707876e-08,1,1242.0455129582876,5.750250850436892
376,300433.050653015,47815.40507960511,8,21,381832.74604907533,60770.56896806271,992.7937327247151,1261.7824716775565,-21.31815467330254,21.31815467330254,3.361517345009516e-08,1,1219.1708900400956,5.944636343567981
377,300452.96805630747,47818.575032792665,21,8,381832.7460490754,60770.56896806272,992.8595506269664,1261.7824716775567,-21.312938409506803,21.312938409506803,2.9144648480057393e-08,1,16.51948877190673,6.150829086416579
378,300452.96807900025,47818.575036404334,5,22,383469.5770711912,61031.07871623861,992.8595507019558,1267.1914490745303,-21.64881230637468,21.64881230637468,2.1301447632823516e-08,1,16.519479218907364,6.150826390150958
379,301550.29449061543,47993.21995899818,22,5,383469.5770711912,61031.07871623861,996.4857122771783,1267.1914490745303,-21.36265494807883,21.36265494807883,3.09129731539817e-08,1,1159.698782356921,4.722524408818631
380,301550.29452351213,47993.21996423385,16,16,384692.7748564753,61225.75669014563,996.4857123858868,1271.233557931972,-21.612696095990557,21.612696095990557,4.843713822210657e-08,1,1159.6985919067993,4.722523860410025
381,301715.8137549596,48019.56316809549,15,17,385506.15170378325,61355.209635991196,997.0326776923646,1273.9213961528185,-21.73514938179424,21.73514938179424,7.556565881543378e-08,1,1320.761171713939,3.73793037849521
382,303576.8871308876,48315.76219533115,17,15,385506.15170378325,61355.209635991196,1003.1826734393242,1273.9213961528185,-21.252388375853666,21.252388375853666,6.132960106962856e-08,1,2335.562462419418,9.025446402206036
383,303987.78956533154,48381.1593489014,6,22,387936.3677879581,61741.99053856906,1004.5405179267751,1281.9521480700641,-21.639780436494675,21.639780436494675,1.153903803881972e-07,1,1526.2821357472965,7.485217495803158
384,304132.0070856699,48404.1122801437,14,18,387936.3677879581,61741.99053856906,1005.0170908272261,1281.9521480700641,-21.602604875677653,21.602604875677653,1.8754825732645183e-08,1,13.764941556727385,5.665132001525491
385,304133.25069905014,48404.31020736047,18,14,387936.3677879581,61741.99053856906,1005.0212004002811,1281.9521480700641,-21.602284304191326,21.602284304191326,2.5894078698882728e-08,1,29.47763236618832,6.2366792858516815
386,304181.0439852546,48411.91674510651,22,6,387936.3677879581,61741.99053856906,1005.1791353375557,1281.9521480700641,-21.589964426455456,21.589964426455456,3.931712420690395e-08,1,2116.5505747344737,5.515227845221674
387,304181.04399266496,48411.916746285904,11,20,388339.9708279963,61806.22595743805,1005.1791353620437,1283.2858713997298,-21.67145623869016,21.67145623869016,4.6495892043916726e-08,1,2116.5538539120025,5.515236186208821
388,305791.29530337395,48668.19620200544,20,11,388339.9708279963,61806.22595743805,1010.5002789775974,1283.2858713997298,-21.25680633611235,21.25680633611235,9.056599209018238e-08,1,1932.1290295265017,4.464349287522586
389,306666.61365537235,48807.50744450504,9,21,388743.1676793288,61870.39672936671,1013.3928055225766,1284.6182524616243,-21.113311010435766,21.113311010435766,2.0580371045369472e-08,1,22.301223340900883,7.349701361143981
390,306666.6137193663,48807.50745469,21,9,388743.1676793288,61870.39672936671,1013.3928057340474,1284.6182524616243,-21.113310993974004,21.113310993974004,2.8552968457070768e-08,1,22.30122335549358,7.34970149450053
391,306827.393046344,48833.09627932548,1,23,391954.26235910045,62381.45832038845,1013.9241078255723,1295.2294507513386,-21.718572162066447,21.718572162066447,1.234743087658587e-07,1,6614.36711609257,4.789611853616891
392,308117.68486441404,49038.452600202356,13,19,391954.26235910045,62381.45832038845,1018.1879317543364,1295.2294507513386,-21.389377676387415,21.389377676387415,1.9021606054414313e-08,1,12.78130458696395,5.780808658001569
393,308120.4925044359,49038.899449990255,19,13,391954.26235910045,62381.45832038845,1018.1972097196314,1295.2294507513386,-21.388661358109637,21.388661358109637,2.3928816291017157e-08,1,11.88210398229937,5.655458057646377
394,309429.2242231094,49247.190572198306,23,1,391954.26235910045,62381.45832038845,1022.5219690804707,1295.2294507513386,-21.054762267231904,21.054762267231904,3.2398548604434366e-08,1,2239.399529000502,5.725716726093217
395,310320.0299582769,49388.96670828482,2,23,393151.8633832651,62572.062443236166,1025.465674338688,1299.1869740281918,-21.068661028890848,21.068661028890848,2.5823418774600632e-08,1,1213.5191671639016,4.63803956316264
396,310320.0299958035,49388.96671425736,7,22,393151.8633832651,62572.062443236166,1025.4656744626961,1299.1869740281918,-21.068661019345782,21.068661019345782,4.9315172639789625e-08,1,1213.519451559803,4.638040561203547
397,310809.49195137486,49466.86700394197,22,7,393151.8633832651,62572.062443236166,1027.0831222130093,1299.1869740281918,-20.94416410068455,20.94416410068455,1.8448366667692982e-08,1,3128.0997069082578,5.557115017407411
398,311393.8467477224,49559.86995830014,23,2,393151.8633832651,62572.062443236166,1029.0141473723268,1299.1869740281918,-20.795530747832327,20.795530747832327,5.3070470139877376e-08,1,1195.3434264007917,5.06967270620193
399,312408.70845334546,49721.390215304724,3,23,395140.03653199406,62888.49002757896,1032.3678008360016,1305.7569763542988,-20.93721729763264,20.93721729763264,2.1828207006315125e-08,1,2080.628345882377,6.354411397778424
400,312408.70845680725,49721.39021585568,23,3,395140.03653199406,62888.49002757896,1032.3678008474412,1305.7569763542988,-20.937217296756547,20.937217296756547,4.105525674024096e-08,1,2080.628369204296,6.354411452342875
401,314496.866556272,50053.73089934288,10,21,396328.2926175033,63077.606857246785,1039.2682076754547,1309.6836188858092,-20.647384399631243,20.647384399631243,2.5003204097617643e-08,1,2328.6967153951878,5.563310353255549
402,314701.42686593503,50086.287683786155,21,10,396328.2926175033,63077.606857246785,1039.9441858774408,1309.6836188858092,-20.595770544785818,20.595770544785818,1.7307490081800412e-08,1,676.6566776401755,3.2338314777061026
403,314701.4273915513,50086.28776744058,12,20,397513.09924255614,63266.17468823197,1039.9441876143621,1313.5988625292316,-20.83243848034162,20.83243848034162,5.1413441896371416e-08,1,676.6563754471327,3.2338300472919363
404,314794.7434476399,50101.13947903692,20,12,397513.09924255614,63266.17468823197,1040.2525544716236,1313.5988625292316,-20.808963516556425,20.808963516556425,3.5989239948262515e-08,1,1511.576101731807,6.573573623300229
405,314835.9978063211,50107.70531414512,4,23,397907.2733118278,63328.9094397952,1040.3888812461153,1314.9014274258861,-20.877043742903965,20.877043742903965,1.5855356170992056e-08,1,1644.4978725269789,6.702472956527567
406,317167.281268196,50478.7406008509,16,17,397907.2733118278,63328.9094397952,1048.092706125314,1314.9014274258861,-20.291157628666483,20.291157628666483,1.579562215751324e-08,1,1077.049160022452,7.601221380203952
407,317455.8593674533,50524.669231815766,17,16,397907.2733118278,63328.9094397952,1049.0463246693507,1314.9014274258861,-20.218633671802007,20.218633671802007,2.473761584750628e-08,1,870.3692665689546,6.576943497372828
408,317806.8043503292,50580.52386059376,23,4,397907.2733118278,63328.9094397952,1050.2060372201938,1314.9014274258861,-20.13043599198707,20.13043599198707,1.7162731176830125e-08,1,2290.0297273793567,5.067930721757312
409,317806.80435763655,50580.52386175676,8,22,399087.5261488564,63516.75251290653,1050.2060372443411,1318.801622884028,-20.366640515069065,20.366640515069065,3.0713254546638165e-08,1,2290.029735191676,5.067930721299351
410,317860.1428893362,50589.012952734025,22,8,399087.5261488564,63516.75251290653,1050.3822966800758,1318.801622884028,-20.353275393835048,20.353275393835048,1.7378803282865797e-07,1,3041.176395897826,2.683568495647925
411,319997.7541906833,50929.224357752515,18,15,399480.1908535932,63579.24704164311,1057.446123706983,1320.0992000216881,-19.896465077048,19.896465077048,2.9581657824633935e-08,1,7739.482555392164,6.851135245611383
412,320628.6222913208,51029.63013440797,15,18,399480.19085359323,63579.247041643124,1059.530854049159,1320.0992000216884,-19.73854282831536,19.73854282831536,6.435133969165843e-08,1,1490.7227366747484,5.887204243645404
413,321969.9161463579,51243.10368157591,5,23,401437.9149356817,63890.828506517544,1063.963216367914,1326.5685821182221,-19.795837869986972,19.795837869986972,1.8650302909333986e-08,1,2269.632707106194,6.411444376383604
414,321969.9161628936,51243.10368420764,23,5,401437.9149356817,63890.828506517544,1063.9632164225568,1326.5685821182221,-19.795837865867856,19.795837865867856,1.22723243739528e-07,1,2269.6316567285826,6.411441590468958
415,322771.5483796795,51370.68741405084,14,19,402608.1072043317,64077.07039044111,1066.6122440147121,1330.4355320023096,-19.829843809909573,19.829843809909573,1.3149478347558496e-08,1,1329.4423706577877,7.338264213216805
416,322771.548420417,51370.687420534414,19,14,402608.1072043318,64077.07039044113,1066.612244149331,1330.4355320023099,-19.829843799791185,19.829843799791185,1.3901649902616521e-08,1,1329.4422993838134,7.33826381479351
417,322968.41000779485,51402.01891527051,21,11,404551.11256058223,64386.30929734241,1067.2627815976516,1336.856275446292,-20.166228696397464,20.166228696397464,1.2318011405672644e-07,1,2313.542919366089,4.882031623492125
418,323704.89696386724,51519.234454852136,11,21,404551.1125605823,64386.30929734242,1069.6965339182864,1336.8562754462923,-19.98417828713996,19.98417828713996,3.7129694269950304e-08,1,767.3845858607626,4.342785769076407
419,323968.94468979683,51561.258955646,9,22,405712.570860779,64571.16112701383,1070.569090805331,1340.694363561931,-20.148162034405544,20.148162034405544,1.7257032483748114e-07,1,2243.2713491397726,3.121692565749428
420,323968.9447302358,51561.258962082065,6,23,405712.57086077903,64571.161127013846,1070.5690909389632,1340.6943635619311,-20.14816202443816,20.14816202443816,1.5297110132133502e-07,1,2243.269192890779,3.12168991242214
421,326209.8930348643,51917.91696197709,22,9,405712.57086077903,64571.161127013846,1077.9743994673008,1340.6943635619311,-19.59581327668455,19.59581327668455,3.5972301454633684e-08,1,1996.6091532196824,6.322729802972519
422,327318.85722629225,52094.41409475476,23,6,405712.57086077903,64571.161127013846,1081.639018578523,1340.6943635619311,-19.322475876989202,19.322475876989202,3.356456937938634e-08,1,4464.570712357485,5.992151738609062
423,327318.8572348578,52094.41409611801,13,20,407256.1680979648,64816.832257454946,1081.6390186068281,1345.795245970169,-19.628262780265175,19.628262780265175,1.749385420948826e-07,1,4464.569491611949,5.992150154686039
424,328286.85434381414,52248.47562090708,20,13,407256.1680979648,64816.832257454946,1084.837806027116,1345.795245970169,-19.390575254628107,19.390575254628107,7.022317620919826e-08,1,1834.187332061649,6.76812178391417
425,329623.42612190143,52461.19762618679,1,24,410326.403783911,65305.475443330426,1089.2545640427122,1355.9409697524557,-19.66799526371937,19.66799526371937,2.9236339844325698e-08,1,3304.941390879158,5.697445574552111
426,330014.7418170708,52523.47745338244,24,1,410326.403783911,65305.475443330426,1090.5476833211555,1355.9409697524557,-19.57262833349973,19.57262833349973,2.2513243716600533e-08,1,1595.1238431520012,6.529621978744879
427,330014.74183639005,52523.47745645719,7,23,410708.6118344811,65366.30574386818,1090.5476833849968,1357.203992433809,-19.647474553226896,19.647474553226896,3.0900371456150484e-08,1,1595.1238216076654,6.529621898051162
428,330931.63088022446,52669.40488005024,23,7,410708.6118344812,65366.305743868186,1093.577582040768,1357.2039924338092,-19.42422891936035,19.42422891936035,2.6415253880310933e-08,1,1784.693950140612,6.5064837890327
429,331321.9976151228,52731.53367552796,17,17,410708.61183448124,65366.30574386819,1094.8675654398278,1357.2039924338092,-19.32918179260186,19.32918179260186,6.303916972545091e-08,1,1323.962513404501,4.55621657863954
430,332001.36438732664,52839.65825549658,16,18,411471.99057965394,65487.80124461372,1097.1125616950646,1359.7266098098116,-19.31373896929762,19.31373896929762,1.9254613674310484e-08,1,3706.960354395888,4.379380058877448
431,332001.3644110355,52839.65825926996,18,16,411471.99057965394,65487.80124461372,1097.1125617734115,1359.7266098098116,-19.313738963535666,19.313738963535666,1.989853043890268e-07,1,3706.960304614303,4.379380307250443
432,334438.06740949134,53227.47158632105,2,24,411471.990579654,65487.80124461373,1105.164749973479,1359.7266098098119,-18.72154725808734,18.72154725808734,2.0113916950298768e-08,1,1707.5195289947733,4.629509681654228
433,334438.06752394914,53227.471604537575,24,2,411471.990579654,65487.80124461373,1105.1647503517097,1359.7266098098119,-18.721547230270673,18.721547230270673,6.429232540749145e-08,1,1707.5195191132805,4.6295094177916765
434,334847.8577898038,53292.69175097929,10,22,412994.624312156,65730.13592965988,1106.5189196309811,1364.7582174294712,-18.92198152760604,18.92198152760604,2.1186339735980652e-08,1,2586.039763696616,6.334636372458476
435,335662.9825644833,53422.4228881062,22,10,412994.624312156,65730.13592965988,1109.2125339518138,1364.7582174294712,-18.72461218507839,18.72461218507839,1.404661969093649e-07,1,2932.140151648144,7.566317302101501
436,336152.5111537447,53500.33378287195,3,24,413374.42892962997,65790.58371194,1110.8302018959762,1366.013297864425,-18.680864700760438,18.680864700760438,1.9092616741475765e-08,1,2302.7313276658147,5.527200155188192
437,336660.06111072295,53581.11286739112,12,21,413374.42892962997,65790.58371194,1112.507422212574,1366.013297864425,-18.558082563923264,18.558082563923264,1.5973849298708746e-08,1,1683.4742396233962,5.9468002074069455
438,336660.06118495506,53581.112879205524,21,12,413374.42892962997,65790.58371194,1112.5074224578773,1366.013297864425,-18.558082545965664,18.558082545965664,4.3963541614618176e-08,1,1683.474140457272,5.946800097922018
439,337109.31137626665,53652.61326783775,24,3,413374.42892963,65790.58371194001,1113.9919887310953,1366.013297864425,-18.449403788918502,18.449403788918502,7.302066705766947e-08,1,2138.382709956313,5.878745012751367
440,338576.7025867965,53886.15583244317,15,19,413753.89382240217,65850.97742535452,1118.8410450985718,1367.2672556647217,-18.169542899304858,18.169542899304858,8.222503026182728e-08,1,1152.1287873871267,3.120118781365291
441,338948.65495204245,53945.353889966784,19,15,413753.89382240217,65850.97742535452,1120.070177433665,1367.2672556647217,-18.079645892702757,18.079645892702757,3.803525805632324e-08,1,1992.446086332317,5.200097435100173
442,340352.8808724601,54168.843386419016,4,24,416023.598752354,66212.2121843164,1124.7105014262818,1374.7675916786613,-18.18904458949655,18.18904458949655,2.137696603945781e-08,1,1998.9682548897056,3.016916739387836
443,340352.8809481923,54168.84339847218,24,4,416023.598752354,66212.2121843164,1124.7105016765422,1374.7675916786613,-18.189044571292715,18.189044571292715,8.53120384640518e-08,1,1998.968238076252,3.016916636770362
444,340440.64737620176,54182.8118593274,23,8,416400.71038805344,66272.23136523544,1125.0005295529093,1376.0137730413517,-18.242058939107654,18.242058939107654,5.003715647802519e-08,1,3906.301742556087,5.796943865383395
445,340451.0176868029,54184.462345520966,8,23,416400.7103880535,66272.23136523545,1125.0347986832492,1376.013773041352,-18.239568474912375,18.239568474912375,2.0320932480654344e-08,1,4386.566492593107,5.150931245055391
446,342282.4461283717,54475.94323491573,14,20,417530.05266609637,66451.97177122864,1131.0868314897969,1379.7457324023642,-18.02208153814046,18.02208153814046,2.4466454659381332e-08,1,4536.051728616404,6.6634144030154285
447,342925.8315371987,54578.34120304375,20,14,417530.05266609637,66451.97177122864,1133.2129258067225,1379.7457324023642,-17.86798834060443,17.86798834060443,9.470652422443877e-08,1,3890.35132029304,6.564123118848487
448,343580.02043601824,54682.45860000672,5,24,419405.69908038806,66750.49016955575,1135.3747207136225,1385.9438853714496,-18.07931528127284,18.07931528127284,2.005561143708459e-08,1,2926.1358830721624,3.715899970974256
449,343580.0204692776,54682.45860530011,24,5,419405.69908038806,66750.49016955575,1135.3747208235293,1385.9438853714496,-18.07931527334274,18.07931527334274,1.0244992357588169e-07,1,2926.135598435391,3.715899674241057
450,344116.9214771016,54767.90905464633,22,11,420900.34537989524,66988.37051629632,1137.1489329300293,1390.8830073341153,-18.24266117755039,18.24266117755039,2.230735434486373e-08,1,4387.364045543121,7.226405048806973
451,344309.2575133025,54798.5202855424,11,22,420900.34537989536,66988.37051629635,1137.7845155029263,1390.8830073341155,-18.19696484151455,18.19696484151455,2.821970875718657e-08,1,6510.223054286063,5.887652243405214
452,345249.2985289853,54948.13245989744,9,23,422761.40182114055,67284.56684829353,1140.8909208296557,1397.032947119699,-18.334716215400526,18.334716215400526,1.967087938907497e-08,1,6887.663338141361,6.124767564828497
453,345269.40703670395,54951.33282829907,13,21,422761.40182114055,67284.56684829353,1140.9573702445723,1397.032947119699,-18.329959748127965,18.329959748127965,1.2477087914960578e-07,1,5408.567598790583,4.51258233542614
454,346396.25127383496,55130.67565873308,21,13,422761.40182114055,67284.56684829353,1144.6810747236534,1397.032947119699,-18.063415964263857,18.063415964263857,1.5041376076574577e-08,1,1239.0590327197956,4.873810271819065
455,346396.25128876773,55130.67566110971,23,9,422761.40182114055,67284.56684829353,1144.6810747729994,1397.032947119699,-18.063415960731657,18.063415960731657,2.6300218199327986e-08,1,1239.059094751526,4.873810380057349
456,346549.9709431614,55155.14090395684,6,24,423503.58933396346,67402.68965966038,1145.1890478776459,1399.4855371714114,-18.170712203838864,18.170712203838864,1.3247113785181662e-08,1,2149.0642739959194,7.082280060127879
457,346549.9709680495,55155.1409079179,24,6,423503.58933396346,67402.68965966038,1145.1890479598896,1399.4855371714114,-18.170712197962146,18.170712197962146,2.8559821635070785e-08,1,2149.0643428745384,7.082280095636924
458,347391.98988135194,55289.15238014685,17,18,423874.207370502,67461.6753521745,1147.971535100187,1400.7102601608108,-18.04361203376975,18.04361203376975,3.492676283098597e-08,1,1728.2964160494644,6.974834053370727
459,347578.4800480943,55318.83321202193,18,17,423874.207370502,67461.6753521745,1148.5877997500124,1400.7102601608108,-17.99961545093937,17.99961545093937,1.6647718903150773e-08,1,1105.2488327644132,4.519222600476649
460,347578.4801372272,55318.83322620788,16,19,425353.52661488025,67697.11632232826,1148.587800044556,1405.5987332210336,-18.284801138623546,18.284801138623546,3.637988970364632e-08,1,1105.2487414089017,4.51922245922225
461,348996.2393453314,55544.476612291706,19,16,425353.52661488025,67697.11632232826,1153.2728453591749,1405.5987332210336,-17.951487995698123,17.951487995698123,3.054116193117241e-08,1,2196.3442354718054,4.987272461010004
462,349294.7701350005,55591.98926313267,15,20,428297.19412334746,68165.61555711982,1154.2593529899586,1415.3262071034158,-18.445701973381276,18.445701973381276,2.14175188700224e-08,1,2045.433421459525,6.848910045860533
463,350673.4025808447,55811.405431595645,20,15,428297.19412334746,68165.61555711982,1158.8151022625173,1415.3262071034158,-18.123815100256646,18.123815100256646,1.4008094153959758e-08,1,1317.2616245753447,5.602759805283346
464,350840.75606388133,55838.04056566457,7,24,428297.1941233475,68165.61555711983,1159.3681289310123,1415.326207103416,-18.084740951433623,18.084740951433623,4.160102871433e-08,1,1591.04807492001,5.9014725932286085
465,350893.4210886804,55846.4224646894,24,7,428297.1941233476,68165.61555711983,1159.5421627346855,1415.3262071034162,-18.07244457743874,18.07244457743874,1.6114876958176358e-08,1,1866.241041747548,5.104861407286779
466,350893.4211047274,55846.422467243356,1,25,428663.764090935,68223.9569794504,1159.5421627877133,1416.5375530776187,-18.14250456908454,18.14250456908454,3.2262373814549344e-08,1,1866.241167865656,5.104861499973151
467,351531.4834380817,55947.97324159744,25,1,428663.764090935,68223.9569794504,1161.6506667764224,1416.5375530776187,-17.993655427448438,17.993655427448438,1.2075860147117306e-08,1,1126.7208766412025,6.374246606307298
468,351702.5094079092,55975.19287009257,12,22,429395.9867439341,68340.49383411907,1162.215829332968,1418.9572138282467,-18.093666390588936,18.093666390588936,1.5240505473791543e-08,1,1407.0521960976046,5.18206341108018
469,351702.5094642928,55975.1928790663,22,12,429395.9867439341,68340.49383411907,1162.21582951929,1418.9572138282467,-18.093666377458025,18.093666377458025,3.7966371557622495e-08,1,1407.0521912060958,5.18206339395717
470,352363.7951528726,56080.43976519971,10,23,429761.6409318018,68398.68950558048,1164.4010760683486,1420.165533569602,-18.0094820959629,18.0094820959629,1.6037256598975238e-08,1,2047.8480911006063,5.16552638589807
471,352363.7951938752,56080.439771725476,23,10,429761.64093180187,68398.68950558049,1164.4010762038433,1420.165533569602,-18.00948208642213,18.00948208642213,4.9253033907540393e-08,1,2047.84728313768,5.165524592998297
472,352597.8834908876,56117.696081314956,2,25,429761.640931802,68398.6895055805,1165.1746308898971,1420.1655335696025,-17.955012753955717,17.955012753955717,3.4982065993572684e-08,1,1282.8695745652558,5.762222831718427
473,355122.61387177027,56519.519401406724,25,2,429761.640931802,68398.6895055805,1173.5177093012499,1420.1655335696025,-17.367540504127042,17.367540504127042,1.0064222342824528e-07,1,2182.88610473582,5.28073507670714
474,355122.61388339225,56519.51940325642,3,25,431585.37026204466,68688.9450433503,1173.5177093396553,1426.1921243368824,-17.71671647077071,17.71671647077071,4.405309553615495e-08,1,2182.886348809237,5.280735634963171
475,356340.350275742,56713.32816948177,25,3,431585.37026204466,68688.9450433503,1177.5417707929737,1426.1921243368824,-17.43456223750502,17.43456223750502,4.5140774844096755e-08,1,13080.978982988929,5.62685964469842
476,358890.64979683794,57119.22094462908,14,21,432676.0010773036,68862.5243286871,1185.9693435104612,1429.796160030532,-17.05325719400898,17.05325719400898,1.742232349047035e-07,1,3215.9030817484204,4.489093316129424
477,359086.85785530874,57150.44842700918,21,14,432676.0010773036,68862.5243286871,1186.6177213448454,1429.796160030532,-17.007909622620172,17.007909622620172,2.470906216305085e-08,1,1411.1307473580948,5.375247189870109
478,359166.33711303835,57163.097943750116,8,24,433763.95081054984,69035.67690656875,1186.8803639162406,1433.3913359751848,-17.197743970681557,17.197743970681557,1.3807407171923228e-08,1,2106.2875923265365,6.193137949113301
479,359166.3371162233,57163.09794425702,24,8,433763.95081054984,69035.67690656875,1186.8803639267653,1433.3913359751848,-17.197743969947307,17.197743969947307,1.7104691369985707e-07,1,2106.287550366528,6.193137847867521
480,361063.1463540374,57464.9845105575,4,25,434126.0082798006,69093.30014248335,1193.1484503419686,1434.587770207627,-16.829874398742096,16.829874398742096,3.106342878491772e-08,1,1324.8815756324802,6.599788273855571
481,362531.7501595218,57698.720065643916,25,4,434126.0082798006,69093.30014248335,1198.0015137807995,1434.587770207627,-16.491584644736413,16.491584644736413,1.8702893746234883e-08,1,2350.515797820608,5.999535435783216
482,363285.341937624,57818.657922202285,18,18,436652.1891528742,69495.35431557722,1200.4917897098508,1442.9356418318218,-16.802125132496283,16.802125132496283,3.523379552999721e-08,1,2083.256680090494,5.4210868861018255
483,363285.34198028967,57818.65792899274,19,17,437371.33351376205,69609.80969540917,1200.4917898508415,1445.3120848125855,-16.938922571417503,16.938922571417503,5.182593236117895e-08,1,2083.256532735185,5.421086651894129
484,364337.496762047,57986.11356340719,11,23,437371.3335137621,69609.80969540919,1203.9686798631571,1445.3120848125857,-16.698359301460048,16.698359301460048,8.914522906904686e-08,1,2363.771577484967,6.216550900690387
485,364337.4967923169,57986.1135682248,5,25,437371.33351376216,69609.80969540919,1203.9686799631854,1445.3120848125857,-16.69835929453917,16.69835929453917,5.0242259837344016e-08,1,2363.771602670399,6.216550817845941
486,364688.5378008856,58041.983479966475,17,19,437371.33351376216,69609.80969540919,1205.1287098349949,1445.3120848125857,-16.618097745217117,16.618097745217117,7.24404050201684e-08,1,2108.496189559759,6.1978074500349525
487,364944.6630228605,58082.74707509428,23,11,437371.33351376216,69609.80969540919,1205.9750864723744,1445.3120848125857,-16.55953761510589,16.55953761510589,1.896162984608896e-08,1,5392.103044517121,6.892659397601043
488,365218.6980617566,58126.36110611498,25,5,437371.33351376216,69609.80969540919,1206.8806468578637,1445.3120848125857,-16.49688260827346,16.49688260827346,5.5079379581339575e-08,1,1617.8064912088378,4.290349104439123
489,365746.903563281,58210.42762265092,13,22,438447.886113176,69781.14836310434,1208.6261242957298,1448.8695984460674,-16.581442139996724,16.581442139996724,2.5386816249095795e-08,1,2302.907274064458,5.936591613018425
490,368253.27930355264,58609.32971096076,22,13,438447.886113176,69781.14836310434,1216.9085490202613,1448.8695984460674,-16.009794785851504,16.009794785851504,1.0566380350809312e-08,1,2068.117944395138,7.207600255725355
491,368253.2794159786,58609.3297288539,20,16,439521.8583221058,69952.07634889883,1216.9085493917776,1452.4185850699707,-16.21502493145579,16.21502493145579,6.417010927675364e-08,1,2068.1179150278745,7.2076001754148065
492,369731.446765858,58844.58736930426,16,20,439521.85832210595,69952.07634889886,1221.793215967871,1452.4185850699712,-15.878712340422831,15.878712340422831,3.275003183474116e-08,1,3546.3523410693733,3.699747075127708
493,369731.4467805732,58844.58737164627,9,24,439879.27878776233,70008.96158277028,1221.7932160164983,1453.599696127759,-15.947064431065133,15.947064431065133,6.882751176343881e-08,1,3546.3525542600973,3.699747328465728
494,372995.6458532262,59364.100789294964,24,9,439879.27878776233,70008.96158277028,1232.5799000203115,1453.599696127759,-15.20499740721064,15.20499740721064,2.3352827877539717e-08,1,1494.7495113142031,5.891372288036388
495,372995.64594886726,59364.10080451671,6,25,441306.12710300816,70236.05154518399,1232.5799003363613,1458.3147767816547,-15.47915992070424,15.47915992070424,4.0071118105586336e-08,1,1494.7497501298596,5.89137322095793
496,373502.68245667097,59444.798171061724,25,6,441306.12710300816,70236.05154518399,1234.2554239384285,1458.3147767816547,-15.364265411731019,15.364265411731019,1.7584907544524277e-08,1,2301.0297723823096,4.983311649137633
497,374167.49024112365,59550.60561616334,15,21,443083.3614705024,70518.9071798035,1236.4523094023834,1464.1877229764762,-15.55370325815466,15.55370325815466,2.509368659851224e-07,1,2358.797622970228,5.571272722534798
498,374764.1754822896,59645.571021764874,21,15,443083.3614705024,70518.9071798035,1238.4240810385309,1464.1877229764762,-15.419036670994709,15.419036670994709,5.2721985722292396e-08,1,2461.110274604668,6.1927168273420765
499,376501.0035389922,59921.99579228979,12,23,445559.8263220173,70913.04880231543,1244.1635028690082,1472.3713059030317,-15.499337844950706,15.499337844950706,1.3634333690922902e-08,1,1472.819614379598,5.521367986775064
500,376911.9131487808,59987.39408785161,23,12,445559.8263220174,70913.04880231545,1245.5213710676894,1472.3713059030322,-15.40711462698681,15.40711462698681,6.314823059295695e-08,1,1797.22660874162,6.067668282575617
501,379006.8848951522,60320.81919692447,25,7,445912.5072920187,70969.1797220256,1252.4442938803163,1473.5367550968126,-15.004204031678213,15.004204031678213,4.108026702083312e-08,1,984.7785527435982,4.077097971919846
502,379867.1450536337,60457.73385349183,7,25,445912.5072920188,70969.17972202561,1255.2870599874302,1473.5367550968128,-14.811282742319069,14.811282742319069,1.4564225208745818e-08,1,3196.437315109559,6.454638253937707
503,379867.145067295,60457.73385566609,10,24,446617.0507323624,71081.31129317927,1255.2870600325743,1475.8649487176049,-14.94566890261152,14.94566890261152,2.5986230040451593e-08,1,3196.4370922048447,6.454637862206301
504,380252.6209799016,60519.08425260028,24,10,446617.0507323626,71081.3112931793,1256.5608815023506,1475.8649487176056,-14.859358737790373,14.859358737790373,2.8618804569081852e-08,1,1670.227161912934,5.794005739012582
505,382178.85181153374,60825.653410990555,1,26,446968.914448203,71137.31214284999,1262.9261928196936,1477.0276972604183,-14.495429221661778,14.495429221661778,1.1601935871167231e-08,1,895.5401152595929,5.6695328229734185
506,382385.4550763597,60858.535341846524,26,1,446968.914448203,71137.31214284999,1263.6089220534907,1477.0276972604183,-14.449206037420655,14.449206037420655,7.001732349709815e-08,1,857.3414554511662,5.008676801651282
507,382765.9405812111,60919.09149071845,14,22,448022.8810023564,71305.05612979703,1264.8662525096042,1480.5105743513063,-14.565537428612274,14.565537428612274,1.0377677061418407e-07,1,5937.8459146003,6.930180763603247
508,382770.8028693808,60919.865347915395,22,14,448022.8810023564,71305.05612979703,1264.8823201466737,1480.5105743513063,-14.564452151860605,14.564452151860605,1.2846629872199413e-08,1,837.6093234187315,4.6552962040007735
509,382770.8032280514,60919.86540499959,2,26,448022.88100235653,71305.05612979706,1264.8823213319158,1480.5105743513068,-14.56445207180432,14.56445207180432,4.0856436140997394e-08,1,837.6092915429025,4.6552961248833
510,383691.8359823176,61066.4523205906,26,2,448022.88100235653,71305.05612979706,1267.9259130542052,1480.5105743513068,-14.358874903020979,14.358874903020979,1.7817594553392765e-07,1,2180.796310319029,5.362047441748375
511,383691.83598493406,61066.452321007026,18,19,449774.1133540573,71583.77341507268,1267.9259130628514,1486.2975957843157,-14.692325637937277,14.692325637937277,1.3898676571120637e-08,1,2180.796280203247,5.362047481331367
512,385871.0996062306,61413.29289863671,19,18,449774.11335405736,71583.77341507269,1275.1273819441064,1486.297595784316,-14.207801616524545,14.207801616524545,2.547170076798476e-08,1,2279.866214123392,6.157865142083676
513,387241.32991747325,61631.37182584532,26,3,449774.11335405736,71583.77341507269,1279.6553660072254,1486.297595784316,-13.9031530672729,13.9031530672729,4.9005810890233806e-08,1,3979.628266644345,4.957895474564723
514,388424.8285316785,61819.731480438495,3,26,449774.11335405754,71583.77341507272,1283.5662872734358,1486.2975957843166,-13.640021290884203,13.640021290884203,3.6084265328293866e-08,1,2414.231395090409,6.665903179542782
515,389332.0173488509,61964.11506500917,17,20,451170.3020767066,71805.98375177148,1286.5641311196075,1490.9113605167056,-13.706195740991431,13.706195740991431,1.2690360343760361e-08,1,2236.471843315084,6.364884337251112
516,389525.9575431321,61994.98160559323,8,25,451170.3020767067,71805.98375177149,1287.2050147007826,1490.911360516706,-13.663209712569687,13.663209712569687,3.2251251323189086e-08,1,1877.2651757883689,6.130013862460799
517,389992.0588989617,62069.16394035534,20,17,451170.3020767067,71805.98375177149,1288.7452663604327,1490.911360516706,-13.559900307299863,13.559900307299863,1.3636696586443485e-08,1,1112.532547721816,5.445031466057328
518,389992.05914135976,62069.16397893419,25,8,451170.3020767067,71805.98375177149,1288.7452671614474,1490.911360516706,-13.559900253573348,13.559900253573348,2.7919208687349466e-08,1,1112.5323582737012,5.445030470231647
519,390556.2230473642,62158.953453288836,4,26,452214.6703320841,71972.20012202306,1290.6095706689787,1494.3625196230082,-13.63477377667579,13.63477377667579,1.0852821072638873e-08,1,1532.3389093927606,7.742565838906311
520,390832.1640844616,62202.87083334479,26,4,452214.6703320841,71972.20012202306,1291.5214295062017,1494.3625196230082,-13.573753855120675,13.573753855120675,1.7136520015766538e-08,1,1123.3477083334008,5.218339428715864
521,393408.027356464,62612.83220581283,24,11,453950.0486222888,72248.3941550435,1300.0334787206316,1500.0971506387268,-13.336714347661422,13.336714347661422,1.519756688996496e-08,1,2770.415116834896,5.556576022476305
522,393408.0273625755,62612.83220678551,16,21,453950.04862228886,72248.39415504351,1300.0334787408274,1500.097150638727,-13.336714346315134,13.336714346315134,2.6763066826271965e-08,1,2770.415173745276,5.556576156561079
523,395422.6538193178,62933.46996585976,11,24,453950.0486222889,72248.39415504351,1306.6908971429896,1500.0971506387273,-12.892915196418253,12.892915196418253,4.622019122516816e-08,1,2209.4747408173816,6.870028969626279
524,395422.6538877075,62933.469976744316,21,16,453950.0486222889,72248.39415504351,1306.6908973689863,1500.0971506387273,-12.892915181352782,12.892915181352782,3.857579310661659e-08,1,2209.474645289574,6.870028684427763
525,397552.1264927142,63272.38606800991,23,13,454296.34418266977,72303.5088052489,1313.7278297293387,1501.241498976133,-12.490573260510127,12.490573260510127,2.0657233609253712e-08,1,3545.616508177381,6.963224037986891
526,401687.0258365824,63930.475737773966,13,23,454296.34418266994,72303.50880524893,1327.3917796347075,1501.2414989761335,-11.580396589089348,11.580396589089348,7.511786665137335e-08,1,3052.5875034620294,5.70993775083076
527,401872.4492864437,63959.986796384546,5,26,455333.68099971407,72468.60608733272,1328.004519273447,1504.669422396834,-11.741110737930208,11.741110737930208,1.304329098289496e-08,1,1824.592155082575,6.575934199724045
528,402157.17324517336,64005.302021833064,26,5,455333.68099971407,72468.60608733272,1328.9454016469706,1504.669422396834,-11.678579901620337,11.678579901620337,1.3281786232820584e-08,1,3244.273835342238,5.286361953999672
529,402157.173283882,64005.30202799373,25,9,457057.44348244095,72742.95140717506,1328.9454017748849,1510.3656684850641,-12.011678396540121,12.011678396540121,3.751238715351433e-08,1,3244.273429340021,5.286361279971164
530,402863.0561888476,64117.646781563075,9,25,457057.4434824411,72742.95140717507,1331.2780217132176,1510.3656684850646,-11.857237655002875,11.857237655002875,3.1160673413689444e-08,1,1104.4390662028827,4.954705834331578
531,403225.3728011798,64175.31126138006,15,22,458088.64630951715,72907.07243443458,1332.4753122949417,1513.773321876274,-11.976562604275465,11.976562604275465,1.4384450978409709e-08,1,2513.5354221911107,5.681458647050532
532,403410.8218758531,64204.82639830613,22,15,458088.64630951715,72907.07243443458,1333.088136611957,1513.773321876274,-11.93607937550144,11.93607937550144,1.5508238920256837e-08,1,1459.2350273891352,5.7953774139217735
533,403410.8218818969,64204.82639926802,6,26,459117.57640606427,73070.83174539608,1333.0881366319288,1517.1734649332495,-12.1334397520207,12.1334397520207,1.9224757753963247e-08,1,1459.2350631833167,5.795377560845925
534,407422.53191955056,64843.309882011985,26,6,459117.5764060644,73070.83174539609,1346.3450022605089,1517.1734649332498,-11.259652677899739,11.259652677899739,2.0192394365019723e-08,1,1437.3250809317765,3.573292795112577
535,407422.5321657549,64843.30992119662,12,24,461850.39060877205,73505.77263430876,1346.3450030741014,1526.2041651416725,-11.784737990862144,11.784737990862144,7.637513254263998e-08,1,1437.3249011399616,3.57329237005564
536,409090.390158148,65108.75776506131,24,12,461850.39060877205,73505.77263430876,1351.8565104076777,1526.2041651416725,-11.423612824291485,11.423612824291485,5.55639960010456e-08,1,2603.6599395758344,6.759612884957534
537,409090.3902119022,65108.757773616555,19,19,462531.1175458674,73614.11369124328,1351.8565105853106,1528.453656119367,-11.553974490952099,11.553974490952099,7.462612733376979e-08,1,2603.659302211824,6.759611301415196
538,413267.5304006954,65773.5702826508,18,20,463210.8623076155,73722.29843011632,1365.66004715072,1530.6999014570526,-10.781986341622774,10.781986341622774,2.2111858774791096e-08,1,3706.372181539907,6.804042855231511
539,413517.8768179356,65813.41415243993,20,18,463210.8623076155,73722.29843011632,1366.4873274832466,1530.6999014570526,-10.727940455048978,10.727940455048978,4.4604983060008254e-08,1,1981.5834896401063,6.496465275661882
540,415123.4663209635,66068.95165842328,7,26,463550.3676810495,73776.3323885046,1371.7930659579915,1531.8218113342748,-10.446955657126475,10.446955657126475,1.0982614116611437e-08,1,2468.3959489251743,5.55411935943469
541,416641.4255440213,66310.54237218486,10,25,463550.3676810495,73776.3323885046,1376.809226463328,1531.8218113342748,-10.119491948996659,10.119491948996659,1.5727730641977292e-08,1,1337.3999699963808,5.519576728445473
542,417206.3471770186,66400.45244253593,14,23,463550.3676810495,73776.3323885046,1378.6760339117805,1531.8218113342748,-9.997623502246554,9.997623502246554,1.17760456731346e-08,1,1027.3822109516063,6.263994892448983
543,417206.3471778953,66400.45244267547,23,14,463550.3676810495,73776.3323885046,1378.6760339146776,1531.8218113342748,-9.997623502057422,9.997623502057422,1.3650146076835244e-08,1,1027.3821813336538,6.2639947169682735
544,417479.9866108112,66444.00351104888,25,10,463550.3676810495,73776.3323885046,1379.5802870034597,1531.8218113342748,-9.938592283015408,9.938592283015408,3.9757918769225055e-08,1,955.2112717483932,4.958029346643943
545,418289.6266566023,66572.86172646169,26,7,463550.3676810495,73776.3323885046,1382.2557768055212,1531.8218113342748,-9.76393164153185,9.76393164153185,1.0273358411585929e-08,1,1909.3405777746568,6.091922989303001
546,418975.0579305448,66681.95150185941,17,21,465244.2452238276,74045.92137243008,1384.5208134634538,1537.4193013734632,-9.945139089473937,9.945139089473937,2.2252832508425293e-08,1,2377.791555057508,7.296271537346885
547,418975.0579565071,66681.95150599144,21,17,465244.2452238276,74045.92137243008,1384.5208135492474,1537.4193013734632,-9.945139083893578,9.945139083893578,3.139111731944839e-08,1,2377.7916122294346,7.296271566733106
548,419890.7163668948,66827.6830681883,1,27,465244.2452238277,74045.92137243011,1387.546645524703,1537.4193013734634,-9.748326674113605,9.748326674113605,4.112413836191736e-08,1,1485.0875055184033,5.496830597019165
549,421413.4617482537,67070.03552270193,27,1,465244.2452238277,74045.92137243011,1392.5786220927362,1537.4193013734634,-9.421026466321383,9.421026466321383,1.7659548722097413e-08,1,2189.271030621875,3.908158023745456
550,421413.4618257245,67070.0355350318,2,27,466257.670786071,74207.2130601168,1392.5786223487416,1540.7682090405503,-9.617902668441454,9.617902668441454,1.0409392319781899e-07,1,2189.2710735346977,3.908157982561361
551,422106.9238619418,67180.40344594234,27,2,466257.67078607116,74207.21306011683,1394.8701970005404,1540.7682090405508,-9.469173311335537,9.469173311335537,6.990372131813088e-08,1,7889.390718189812,5.545005480925027
552,422213.3509728688,67197.34184672537,3,27,467941.92243863153,74475.27003603251,1395.221889893485,1546.3338899180665,-9.77227499247192,9.77227499247192,1.9325433602325736e-08,1,1464.11177034223,6.875829590379716
553,422817.813120296,67293.54498540035,27,3,467941.92243863153,74475.27003603251,1397.2193606455567,1546.3338899180665,-9.643100383734767,9.643100383734767,1.3736819841782644e-08,1,1398.8882724898865,7.100654533016845
554,422817.8132753157,67293.5450100725,16,22,468613.95795631706,74582.22781060547,1397.2193611578257,1548.5546597324276,-9.772680455512683,9.772680455512683,2.3394652723405448e-08,1,1398.8864562721485,7.100645353461695
555,422965.2057361433,67317.00324878769,22,16,468613.95795631706,74582.22781060547,1397.7064257835134,1548.5546597324276,-9.741227602193844,9.741227602193844,3.230497742753416e-08,1,1312.6872330450112,6.362901790995514
556,424369.4838142552,67540.50104639478,26,8,468613.95795631706,74582.22781060547,1402.3469221334387,1548.5546597324276,-9.44156130880468,9.44156130880468,7.069936789845114e-08,1,3992.181890066267,6.57695509290273
557,430691.4529480969,68546.67368412008,8,26,468613.9579563172,74582.2278106055,1423.2381367348778,1548.5546597324278,-8.092483026669736,8.092483026669736,4.694979522520555e-08,1,3163.792137927777,7.183256903426888
558,432333.5897988964,68808.02788115818,4,27,470289.91850974073,74848.96521710989,1428.6646474673237,1554.0929423218972,-8.070836141059686,8.070836141059686,1.0869410084066865e-08,1,1311.916407545751,5.500053785588795
559,432333.5898141175,68808.0278835807,13,24,470289.91850974073,74848.96521710989,1428.6646475176224,1554.0929423218972,-8.070836137823157,8.070836137823157,4.012817959041724e-08,1,1311.9164455175735,5.500053907041527
560,433199.5057486335,68945.84268486095,24,13,470289.91850974073,74848.96521710989,1431.526103376042,1554.0929423218972,-7.886712281360326,7.886712281360326,1.8008505825705813e-08,1,1795.8350171351074,7.322210202245909
561,433757.525943424,69034.65435720696,27,4,470289.91850974073,74848.96521710989,1433.3701047298134,1554.0929423218972,-7.768057772125101,7.768057772125101,1.2986493210684708e-08,1,1894.685913430063,7.398004983315427
562,434326.1852668823,69125.15929947064,11,25,470624.4068342899,74902.20068736841,1435.2492635346046,1555.198273148716,-7.7127792439775495,7.7127792439775495,2.085923387789565e-08,1,2646.838035321199,4.631924234654977
563,434425.8281871113,69141.0179627692,25,11,470624.40683429,74902.20068736843,1435.5785377822237,1555.1982731487165,-7.691606750842503,7.691606750842503,2.8890690395385445e-08,1,3211.822680161523,8.21069013791839
564,434425.8282225296,69141.0179684062,15,23,473291.9490401631,75326.75321533938,1435.578537899265,1564.013279280742,-8.211870262415,8.211870262415,4.57919950587207e-08,1,3211.8224286062696,8.210689407983484
565,438084.65530022496,69723.33838373989,5,27,473291.9490401632,75326.7532153394,1447.6692868497018,1564.0132792807424,-7.438811036473089,7.438811036473089,2.184612647645797e-08,1,2006.576902012835,5.675167514367502
566,438272.42976787017,69753.22361845207,23,15,473291.9490401632,75326.7532153394,1448.2897955262229,1564.0132792807424,-7.399136905521568,7.399136905521568,6.051550684225195e-08,1,2957.38907462681,7.186105120741855
567,438272.4298920977,69753.2236382235,27,5,473291.9490401632,75326.7532153394,1448.289795936738,1564.0132792807424,-7.399136879274016,7.399136879274016,7.569937481341278e-08,1,2957.3886661713277,7.186104204339339
568,440241.25653224246,70066.57213009355,9,26,474288.4750696747,75485.3552588559,1454.795866906322,1567.3063417265873,-7.1785886284566836,7.1785886284566836,7.52200882538081e-08,1,2431.792950559281,5.367672368749592
569,441296.4909049004,70234.51789662254,26,9,474288.4750696747,75485.3552588559,1458.282933557123,1567.3063417265873,-6.956100748585066,6.956100748585066,4.890017049814218e-08,1,6090.30413296501,6.578037275106962
570,447178.9020932867,71170.73271455328,20,19,475613.98308626516,75696.3164118042,1477.7216103220326,1571.6865390740063,-5.978604919994749,5.978604919994749,1.1892458189190017e-08,1,2547.3860231783656,7.851957550511352
571,447178.9021307817,71170.7327205208,19,20,475613.98308626545,75696.31641180425,1477.7216104459362,1571.6865390740072,-5.97860491211132,5.97860491211132,2.324548438661716e-08,1,2547.3840987375006,7.85195149154523
572,447186.7103583516,71171.97543853533,6,27,476935.86863573507,75906.70103120408,1477.7474130644507,1576.0547658254925,-6.237559435921708,6.237559435921708,1.0391454414109141e-08,1,1680.2620474543494,5.803647911481256
573,447255.24116482027,71182.8824551389,18,21,476935.86863573507,75906.70103120408,1477.9738760152238,1576.0547658254925,-6.223190458670178,6.223190458670178,3.876425070600913e-08,1,1610.2373553894568,5.645246028742408
574,447745.202009976,71260.86214556692,21,18,476935.86863573507,75906.70103120408,1479.5929723672857,1576.0547658254925,-6.120459488454569,6.120459488454569,1.6732135880245398e-08,1,3478.053004158688,5.521075217598471
575,447745.2020105357,71260.86214565599,27,6,476935.8686357352,75906.70103120411,1479.5929723691352,1576.054765825493,-6.120459488337248,6.120459488337248,1.6552134943899213e-08,1,3478.0531302543045,5.52107541165677
576,451235.8747125783,71816.41996090201,12,25,478254.16089456156,76116.51376063611,1491.1280480675266,1580.4111183959494,-5.649357264649046,5.649357264649046,6.101748515578934e-08,1,1210.5609515422082,4.06213212572945
577,451235.8750515223,71816.42001484662,25,12,478254.1608945617,76116.51376063612,1491.1280491875812,1580.4111183959496,-5.6493571937779725,5.6493571937779725,4.6645864873867476e-08,1,1210.5611925581577,4.062132938778508
578,453693.13878597086,72207.50568466457,14,24,479240.5393252957,76273.50076364668,1499.248181210039,1583.670647672103,-5.330809571179446,5.330809571179446,4.774183205981933e-08,1,1247.7668005672394,6.326888965079442
579,453817.6481398759,72227.32196379974,24,14,479240.5393252957,76273.50076364668,1499.6596276402965,1583.670647672103,-5.30482901576142,5.30482901576142,1.7327210364346032e-08,1,3142.3063392954004,6.02696107632475
580,454089.7236855329,72270.62413178547,22,17,479568.8886532482,76325.7591822512,1500.558712797435,1584.7556919248145,-5.312931170173965,5.312931170173965,1.8690130975992743e-08,1,1447.1727859914083,7.712038935788752
581,455567.33076710976,72505.79260276601,17,22,479568.8886532483,76325.75918225123,1505.4415279432073,1584.755691924815,-5.004819631553057,5.004819631553057,3.2448000195442444e-08,1,1520.60201024069,5.094831802374882
582,457295.7586132048,72780.88043824972,10,26,480552.6123744441,76482.32367511629,1511.1531909221649,1588.0064486009296,-4.839606145584248,4.839606145584248,1.0254517161871966e-08,1,1148.9698194840994,5.213204699314326
583,457295.7586281425,72780.88044062712,26,10,480552.6123744441,76482.32367511629,1511.153190971527,1588.0064486009296,-4.839606142475813,4.839606142475813,4.4446068234903665e-08,1,1148.9697267294173,5.213204281339087
584,457437.7364174484,72803.47690760442,7,27,481207.32902104716,76586.52506574772,1511.6223625859768,1590.169987472719,-4.939574102488192,4.939574102488192,2.6791655061150023e-08,1,1104.9305085237547,4.738020943134376
585,458088.3948745098,72907.03241731029,27,7,481207.32902104716,76586.52506574772,1513.7724909986493,1590.169987472719,-4.804360356183636,4.804360356183636,1.573310469668962e-08,1,1402.3511151932428,5.8887516050184985
586,459634.3093586413,73153.07234905717,23,16,483491.96719100856,76950.1365236735,1518.8810308475047,1597.7196710103701,-4.934447612640911,4.934447612640911,1.7969395284582762e-08,1,3128.1862796091127,6.059870686193413
587,459634.3093852599,73153.07235329365,1,28,483491.96719100873,76950.13652367353,1518.8810309354672,1597.7196710103706,-4.9344476071354375,4.9344476071354375,6.982499602450411e-08,1,3128.1861465044176,6.059870430154202
588,460148.4161306152,73234.89498309384,16,23,483491.96719100873,76950.13652367353,1520.5799184367952,1597.7196710103706,-4.828115593318916,4.828115593318916,1.2618850733170431e-08,1,4840.792792550066,7.287584084074129
589,464114.32246548496,73866.08858012782,28,1,483491.96719100873,76950.13652367353,1533.6854237907294,1597.7196710103706,-4.007852465078998,4.007852465078998,1.4397243068258254e-07,1,2667.109630080568,6.899671572016915
590,464992.2719396733,74005.81857872983,2,28,484467.8520753074,77105.45342689833,1536.5866449903565,1600.9445239181537,-4.019994319996025,4.019994319996025,3.545396511368526e-08,1,1474.854958690239,6.270129473741235
591,465158.0015917418,74032.19527207343,28,2,484467.8520753074,77105.45342689833,1537.1343056406831,1600.9445239181537,-3.985785723624035,3.985785723624035,4.7722154683356064e-08,1,2279.634614787475,6.641548454652104
592,465238.93902684416,74045.07686495114,8,27,486090.0414699624,77363.63288768892,1537.4017668209287,1606.3051174374266,-4.289555568771446,4.289555568771446,1.3153129027506684e-08,1,2475.2436229757263,6.6525382606771295
593,465238.9391387813,74045.0768827665,27,8,486090.0414699624,77363.63288768892,1537.4017671908296,1606.3051174374266,-4.289555545743391,4.289555545743391,4.0014033766484155e-08,1,2475.239686127104,6.652527871709668
594,465842.9630265994,74141.21027025834,28,3,486090.0414699624,77363.63288768892,1539.3977896954723,1606.3051174374266,-4.165293817197882,4.165293817197882,3.387917681497706e-08,1,1675.0043531642914,6.110275540956891
595,465951.6938673841,74158.51532103575,3,28,486090.0414699625,77363.63288768893,1539.7570953612449,1606.305117437427,-4.142925360428887,4.142925360428887,4.328729334621042e-08,1,1517.309021778605,5.786808074929708
596,465951.6939981196,74158.51534184295,13,25,486413.8402921263,77415.16707080363,1539.7570957932658,1607.3751243511442,-4.206736034015339,4.206736034015339,4.196603633148763e-08,1,1517.3089363732538,5.78680767484836
597,473818.4664373405,75410.55106172405,25,13,486413.8402921263,77415.16707080363,1565.7531783063387,1607.3751243511442,-2.5894357461583373,2.5894357461583373,3.857350069622813e-08,1,5555.156926893951,7.148054325990772
598,475196.4142443927,75629.85826653904,11,26,487383.96608310245,77569.56738585842,1570.3066651610297,1610.5809460912699,-2.5006058235062367,2.5006058235062367,1.3871286686693086e-07,1,4107.338610444187,7.599134992877332
599,475196.4142483565,75629.8582671699,26,11,487383.96608310245,77569.56738585842,1570.306665174128,1610.5809460912699,-2.5006058226929704,2.5006058226929704,5.4630777127540034e-08,1,4107.338294307707,7.599134363472934
600,477383.61310915713,75977.96177739129,4,28,488352.19445538573,77723.66571734913,1577.5343563902102,1613.7804977310104,-2.2460391231498114,2.2460391231498114,3.134199545682053e-08,1,2665.7779989816686,5.024961318901568
601,477480.3840221532,75993.36334654213,20,20,488352.19445538573,77723.66571734913,1577.8541399683609,1613.7804977310104,-2.2262233192904697,2.2262233192904697,1.5071451831600402e-08,1,1522.3786977088234,5.134309109350125
602,477480.3843879776,75993.36340476488,28,4,488352.19445538573,77723.66571734913,1577.854141177243,1613.7804977310104,-2.226223244380519,2.226223244380519,4.966913045036784e-08,1,1522.3786662094112,5.134309003193465
603,478277.4527776144,76120.22077895788,15,24,488674.51749528415,77774.96502242137,1580.488087409405,1614.8456278597641,-2.1276052557354976,2.1276052557354976,6.102582875151167e-08,1,1573.32374597654,5.2775489292424
604,478371.0770636832,76135.12154687918,24,15,488674.51749528415,77774.96502242137,1580.7974728256827,1614.8456278597641,-2.108446432691351,2.108446432691351,1.1031084135820129e-07,1,2669.060244500113,5.7409163426868615
605,480559.5954592252,76483.43506757723,19,21,488996.631333202,77826.23103196429,1588.0295245001714,1615.910066671718,-1.7253770953337713,1.7253770953337713,1.2860385776485986e-08,1,2314.703111656961,4.876410273106815
606,484069.5060247296,77042.05468388772,21,19,488996.631333202,77826.23103196429,1599.6281725326796,1615.910066671718,-1.0075990288601904,1.0075990288601904,1.758453670978763e-07,1,3504.484235596872,7.352615002328489
607,484921.3500476867,77177.62987088464,22,18,490924.94355029176,78133.13145313862,1602.4431271637118,1622.2822560154073,-1.222914741139045,1.222914741139045,3.068157995754584e-08,1,3240.12729902566,6.179998274276203
608,484921.3501828446,77177.6298923957,18,22,490924.94355029194,78133.13145313865,1602.443127610347,1622.282256015408,-1.2229147136078038,1.2229147136078038,4.6633087917472984e-08,1,3240.1194579646262,6.179983335442542
609,484940.7506545208,77180.71757336127,5,28,491245.604163384,78184.16617476713,1602.5072372901911,1623.341892584412,-1.2834422243025791,1.2834422243025791,4.821092781881338e-08,1,2882.068741512864,5.944476698514119
610,489490.6845213372,77904.86203900632,28,5,491245.6041633841,78184.16617476715,1617.5426863443777,1623.3418925844126,-0.35723874721192395,0.35723874721192395,2.0086968168073207e-08,1,4067.726114962497,6.807933634581456
611,490745.4969398828,78104.57163807095,27,9,491566.0587562591,78235.1681072597,1621.689267095628,1624.400848350889,-0.16692808662428876,0.16692808662428876,4.0112699920270245e-08,1,1866.0771804453336,7.80215733491073
612,490745.497037708,78104.5716536403,9,27,491566.0587562592,78235.16810725971,1621.6892674188955,1624.4008483508894,-0.1669280667236015,0.1669280667236015,2.5106424357240926e-08,1,1866.0773340940557,7.8021580715330785
613,492072.11042212223,78315.7087313417,23,17,494122.3255659154,78642.01060587824,1626.0731175010767,1632.8481402260097,-0.41492056474984024,0.41492056474984024,1.953559648559399e-08,1,1542.254921083791,6.614005255364618
614,492559.79216058337,78393.32569067345,17,23,494122.3255659155,78642.01060587827,1627.6846824485954,1632.8481402260102,-0.3162240045605287,0.3162240045605287,2.6314579876013904e-08,1,1738.4726230541423,6.203026354530216
615,492559.7923099474,78393.32571444547,6,28,494759.35922923824,78743.39766231201,1627.6846829421754,1634.953244931058,-0.444573079469868,0.444573079469868,3.1251628521841846e-08,1,1738.4724446241278,6.203025655152527
616,493247.5821859675,78502.79087302262,12,26,494759.35922923824,78743.39766231201,1629.957513700509,1634.953244931058,-0.3055580485886974,0.3055580485886974,9.930570084097754e-09,1,1746.3376380269913,7.360689375483679
617,493701.3590320647,78575.01170113965,26,12,494759.35922923824,78743.39766231201,1631.4570384960723,1634.953244931058,-0.21384137104991519,0.21384137104991519,4.81186970785776e-08,1,1708.309792083363,4.870370563975873
618,493701.3590323909,78575.01170119156,28,6,494759.35922923824,78743.39766231201,1631.4570384971503,1634.953244931058,-0.21384137098398184,0.21384137098398184,1.5184483981200535e-08,1,1708.309759462634,4.870370458931889
619,493795.1633515087,78589.94112226252,14,25,495077.57320989977,78794.04299029525,1631.767018840259,1636.0047964996336,-0.2590321048227785,0.2590321048227785,1.3309995829148525e-08,1,2688.7484404560687,6.985416563386737
620,494403.5448660551,78686.76804758832,25,14,495077.57320989977,78794.04299029525,1633.7774413068764,1636.0047964996336,-0.1361460062661655,0.1361460062661655,4.1947522208975455e-08,1,2145.7434492679927,5.373038379181439
621,496916.2754155134,79086.68153519262,27,10,497616.0664073812,79198.05673067957,1642.080865767354,1644.3933547209945,-0.14062869732484598,0.14062869732484598,3.16500432542695e-08,1,1564.0878764076372,5.994756413461808
622,499154.9495011734,79442.97758189714,10,27,497616.0664073814,79198.0567306796,1649.4786590428462,1644.393354720995,0.30925108686747765,0.30925108686747765,6.874164364776315e-08,1,2340.454871633992,7.703813248422943
623,499154.9495776455,79442.97759406806,16,24,498564.7174299118,79349.03923018448,1649.4786592955516,1647.5282121797998,0.11838626503222073,0.11838626503222073,1.9353063081129115e-08,1,2340.455046418461,7.703813713059576
624,500470.3676258577,79652.33287867332,24,16,498564.7174299118,79349.03923018448,1653.8255139153728,1647.5282121797998,0.38222724740119696,0.38222724740119696,4.522381271620158e-08,1,2048.5685905531477,7.388604140154713
625,501293.3013072375,79783.30684190172,7,28,498880.53934026585,79399.30384835407,1656.544933098935,1648.571859050792,0.48363521458710734,0.48363521458710734,4.564049688493243e-08,1,3374.359747728033,6.824073726029352
626,503696.925503187,80165.85551402238,28,7,498880.53934026585,79399.30384835407,1664.4878109959486,1648.571859050792,0.9654387740380722,0.9654387740380722,1.721930660372373e-07,1,4826.978451030413,7.073224418992687
627,503696.9256152638,80165.85553185995,20,21,501400.05524699227,79800.29725910824,1664.487811366311,1656.897706011575,0.4580913672097795,0.4580913672097795,3.4796076198611584e-08,1,4826.978772951621,7.0732248300057
628,505163.7168108319,80399.30260111828,21,20,501400.05524699227,79800.29725910824,1669.3348849589488,1656.897706011575,0.7506304645271088,0.7506304645271088,1.1877813124094823e-07,1,10418.163745060876,7.885221553669876
629,506723.2737585127,80647.51379837499,1,29,501714.1177149989,79850.28185333114,1674.488506906066,1657.935538730856,0.9984084295509623,0.9984084295509623,3.211730632514482e-08,1,1836.461987556004,6.245362757658296
630,509411.94735592726,81075.42949176418,29,1,501714.11771499907,79850.28185333115,1683.3733426158976,1657.9355387308565,1.53430596611215,1.53430596611215,1.0716777184250744e-08,1,2019.9039841822216,5.5481315237687046
631,509411.94737561874,81075.42949489818,19,22,502655.1443163227,80000.05088851278,1683.373342680969,1661.0452009670541,1.344222402913269,1.344222402913269,3.8116515220235644e-08,1,2019.9040031635388,5.548131576713825
632,511118.6373734938,81347.0576443855,2,29,502655.1443163228,80000.0508885128,1689.0131720203558,1661.0452009670546,1.6837573737920164,1.6837573737920164,3.597829486287378e-08,1,2721.334101221142,7.821397474370533
633,512007.1745066578,81488.47272124926,13,26,502655.1443163228,80000.0508885128,1691.9493805872262,1661.0452009670546,1.8605261074279789,1.8605261074279789,3.197025921423111e-08,1,2696.9778104198517,5.64061521879664
634,512401.29688919405,81551.19924661305,22,19,502655.1443163228,80000.0508885128,1693.251774682876,1661.0452009670546,1.9389342142568322,1.9389342142568322,1.3107634860943761e-08,1,3265.387056817412,6.313018172024894
635,512401.29695256567,81551.19925669895,26,13,502655.1443163228,80000.0508885128,1693.25177489229,1661.0452009670546,1.9389342268642018,1.9389342268642018,2.7279163867576783e-08,1,3265.3848745645296,6.313013922648426
636,512478.2757229948,81563.45080852589,29,2,502655.1443163228,80000.0508885128,1693.5061544975592,1661.0452009670546,1.9542486569062651,1.9542486569062651,4.68889844810056e-08,1,2656.3226707228887,5.899888049427472
637,513758.936429688,81767.27429041968,8,28,503594.4371170266,80149.54398075544,1697.7381520111092,1664.1491337857149,2.0183899113046313,2.0183899113046313,1.9588234450367801e-07,1,6176.122334109936,7.317704779202646
638,513758.93648301327,81767.27429890665,28,8,503594.4371170266,80149.54398075544,1697.7381521873249,1664.1491337857149,2.0183899218935704,2.0183899218935704,5.8511761855399775e-08,1,6176.122645548432,7.3177053262276255
639,521753.2816712723,83039.61385240099,3,29,504219.67376374383,80249.05348368268,1724.155804249541,1666.2152547500411,3.4773748070258708,3.4773748070258708,2.7093501253489106e-08,1,2163.1635638096823,5.731293344862388
640,521774.3584693224,83042.96832899521,15,25,504219.67376374383,80249.05348368268,1724.2254534208441,1666.2152547500411,3.4815548894674744,3.4815548894674744,5.834613939854639e-08,1,2103.866620928886,5.319950544656431
641,521774.3592306448,83042.96845016343,29,3,504219.67376374383,80249.05348368268,1724.2254559366663,1666.2152547500411,3.4815550404577014,3.4815550404577014,5.647750036827354e-08,1,2103.856560968022,5.319925085973586
642,521799.0530045487,83046.89858634383,11,27,504219.67376374395,80249.0534836827,1724.307057557779,1666.2152547500416,3.4864524641776895,3.4864524641776895,2.783468500123631e-07,1,2523.838809657981,5.281758787276615
643,523959.7927651914,83390.79099998531,25,15,504219.67376374395,80249.0534836827,1731.4473135574185,1666.2152547500416,3.9149838906716012,3.9149838906716012,2.800011985787725e-08,1,3576.7132987135847,7.630940912504644
644,525788.9195190486,83681.90556440332,27,11,504219.67376374395,80249.0534836827,1737.4917403394968,1666.2152547500416,4.277747751154025,4.277747751154025,4.6006791936291234e-08,1,1791.0595940851065,6.151339352074626
645,526137.8841937222,83737.44501734208,18,23,505156.0978487472,80398.09000564128,1738.6449088780619,1669.3097077762416,4.153525303233555,4.153525303233555,1.1423229677697533e-08,1,1713.1838360844936,5.721953813195747
646,526543.9440760756,83802.07145480993,23,18,505156.09784874733,80398.0900056413,1739.9867509471524,1669.309707776242,4.233908353954415,4.233908353954415,4.62746661028478e-08,1,4981.954880877282,7.774846652323377
647,527188.8830382325,83904.71667862976,4,29,506402.0067651473,80596.38256832863,1742.117979046816,1673.4268665277814,4.104817120664659,4.104817120664659,1.1034377858600477e-08,1,1836.085411505856,5.906341476859645
648,527188.8830566693,83904.71668156407,29,4,506402.0067651473,80596.38256832863,1742.1179791077411,1673.4268665277814,4.104817124305406,4.104817124305406,1.4394038014689702e-08,1,1836.0854257536544,5.906341545220865
649,528613.3605521792,84131.42931629762,9,28,508884.7980565133,80991.53107501502,1746.8252252874663,1681.6313554426129,3.876822921614359,3.876822921614359,5.6221372665035965e-08,1,1771.1600550095843,5.673817164030523
650,530888.9573196151,84493.601790319,28,9,508884.7980565133,80991.53107501502,1754.345031127764,1681.6313554426129,4.323996186786886,4.323996186786886,1.9820878294080413e-07,1,2123.355853522087,4.86841981912843
651,531264.0971436532,84553.30714766528,17,24,508884.7980565134,80991.53107501505,1755.584696555356,1681.6313554426133,4.397714212059148,4.397714212059148,5.2815590084646295e-08,1,2426.1222776166164,6.722789690532293
652,531264.0972483698,84553.30716433145,24,17,508884.7980565134,80991.53107501505,1755.5846969013965,1681.6313554426133,4.397714232636812,4.397714232636812,4.360681286878775e-08,1,2426.12220101694,6.72278922054757
653,531601.9540901998,84607.0787507661,29,5,509194.30727835384,81040.79099760347,1756.7011591361536,1682.6541417672063,4.400608273021542,4.400608273021542,1.071748497137678e-08,1,3747.863619633375,6.583141093266466
654,531709.5733665854,84624.20689057486,5,29,509194.30727835395,81040.7909976035,1757.0567915903187,1682.6541417672067,4.421743481103643,4.421743481103643,5.5731078407518254e-08,1,4059.424889648984,6.237544642169597
655,532155.8939298103,84695.24101441565,14,26,511047.4788287044,81335.73241023904,1758.5316767835177,1688.7780255970738,4.130421531378124,4.130421531378124,1.1459681982790053e-07,1,4320.838925323185,6.657633330075785
656,532155.894089411,84695.2410398169,26,14,511047.4788287045,81335.73241023906,1758.5316773109253,1688.7780255970742,4.130421562608225,4.130421562608225,7.628957198050314e-08,1,4320.838500703632,6.657632980736789
657,534974.0404067395,85143.76295657594,12,27,511355.69651152106,81384.78677800763,1767.8443611040818,1689.796543976294,4.61877007655205,4.61877007655205,7.748071978546124e-08,1,1920.8542448726937,5.505234701569769
658,537343.7070284324,85520.90711289825,27,12,511355.69651152106,81384.78677800763,1775.6750247595955,1689.796543976294,5.082178744502525,5.082178744502525,4.762951050240912e-08,1,2309.399340880958,5.747463650235507
659,537343.7071870924,85520.90713814976,29,6,512586.7384457567,81580.71318699466,1775.6750252838942,1693.8645741559765,4.829810622179314,4.829810622179314,7.563855567733268e-08,1,2309.399537577045,5.747464159714684
660,538874.6376248628,85764.56228485076,6,29,512586.73844575684,81580.71318699468,1780.7340497172993,1693.8645741559767,5.128478208159477,5.128478208159477,5.9073529918333655e-08,1,4028.090824417881,6.701130805865983
661,540464.3548319779,86017.57363648136,25,16,513814.86970706814,81776.17634799804,1785.9873375183515,1697.9229858937765,5.186592817000971,5.186592817000971,4.7108308279758247e-08,1,2255.9035902195487,5.543980023275392
662,540772.5838652652,86066.62981073349,16,25,513814.86970706825,81776.17634799807,1787.0058934056829,1697.9229858937767,5.24658116133656,5.24658116133656,6.118306786936766e-08,1,3890.060089549072,7.019859563995404
663,542083.1767726497,86275.21715032491,21,21,514121.45011894417,81824.97013600326,1791.3368031433986,1698.9360938418704,5.438739552149891,5.438739552149891,5.1923490376876416e-08,1,3023.920332935324,5.935873606026649
664,542083.176776394,86275.21715092083,20,22,514734.07027075335,81922.4716614014,1791.3368031557716,1700.9605230647373,5.3132497118861455,5.3132497118861455,2.6793757812438292e-08,1,3023.9203662436207,5.935873669426911
665,544903.7114072044,86724.11917957618,22,20,514734.07027075335,81922.4716614014,1800.6573792319227,1700.9605230647373,5.8612092882411355,5.8612092882411355,3.077775568802841e-08,1,3226.1044067079083,4.419334531303268
666,546122.7700612887,86918.13839029265,28,10,514734.07027075335,81922.4716614014,1804.6858101551122,1700.9605230647373,6.098041999439582,6.098041999439582,5.1810232599042075e-08,1,2764.0182080733543,5.591203941294338
667,546679.450715878,87006.73686819417,10,28,514734.0702707534,81922.47166140142,1806.5253849415883,1700.9605230647376,6.2061911752453405,6.2061911752453405,1.1267879745262365e-07,1,16808.595379941726,6.706327638733604
668,548842.7032531172,87351.02920265186,7,29,516567.62789230613,82214.29142031535,1813.6739445178523,1707.019591836667,6.247986443227093,6.247986443227093,5.8184046146123634e-08,1,5422.8232679376415,6.707749495484862
669,548842.7033101254,87351.029211725,19,23,516567.62789230613,82214.29142031535,1813.6739447062384,1707.019591836667,6.247986454263061,6.247986454263061,7.2789500781163e-08,1,5422.823053117519,6.70774923175881
670,550406.6330946146,87599.93636757511,23,19,516567.62789230613,82214.29142031535,1818.842016877684,1707.019591836667,6.550740575900588,6.550740575900588,1.9864873374373563e-08,1,3401.493453072013,5.827860682405409
671,550406.6330966916,87599.93636790567,29,7,516567.62789230613,82214.29142031535,1818.8420168845475,1707.019591836667,6.550740576302664,6.550740576302664,1.814502180268961e-08,1,3401.493413185573,5.827860619948352
672,553139.8045170286,88034.9341097698,13,27,519002.4238152341,82601.80122686933,1827.8738975337471,1715.0654780249292,6.577499282343913,6.577499282343913,1.3666876842044469e-08,1,3811.626106542843,7.049133924141665
673,554018.3639933422,88174.76119322533,27,13,519002.4238152341,82601.80122686933,1830.7771345112171,1715.0654780249292,6.746777774312239,6.746777774312239,1.3604747883859508e-08,1,3615.141775344826,7.049844173925123
674,554800.9927572359,88299.32042960492,18,24,519609.362727967,82698.39855498559,1833.3633643889052,1717.0711333527909,6.77270899132988,6.77270899132988,5.3897698473578596e-08,1,3045.6184352783757,7.028051268786492
675,554800.9927788067,88299.32043303802,24,18,519609.362727967,82698.39855498559,1833.3633644601869,1717.0711333527909,6.772708995481231,6.772708995481231,9.052627792572289e-08,1,3045.6183830919667,7.028051161516969
676,555695.737031695,88441.72340368826,1,30,519912.5698332032,82746.65546456452,1836.3200847169235,1718.073094066307,6.882535502069439,6.882535502069439,2.7846180818990894e-08,1,2813.052890852032,6.356658837510513
677,556513.4867217286,88571.87230906896,30,1,519912.5698332032,82746.65546456452,1839.0223731816523,1718.073094066307,7.0398215031168725,7.0398215031168725,2.3338553299233984e-08,1,3427.1185354973927,6.840138433591057
678,556513.486800301,88571.87232157416,15,26,519912.56983320345,82746.65546456455,1839.0223734412982,1718.0730940663077,7.039821518229454,7.039821518229454,9.53800109089508e-08,1,3427.118387620894,6.840138136343439
679,556802.2278777602,88617.82689132546,26,15,519912.56983320345,82746.65546456455,1839.9765305537017,1718.0730940663077,7.095357986130548,7.095357986130548,1.6671260617523773e-08,1,2896.4892246591166,6.105360944956678
680,558427.0890530415,88876.4315792096,2,30,520821.1453283822,82891.25974579442,1845.3459530851467,1721.0755202486473,7.220510162072712,7.220510162072712,5.964176770119419e-08,1,3779.812140891793,6.753800118325702
681,558668.0665201907,88914.78433428015,30,2,520821.1453283822,82891.25974579442,1846.1422733255247,1721.0755202486473,7.266778918499098,7.266778918499098,1.1862845802463942e-08,1,4402.265544542109,5.962988970754571
682,558668.0665273077,88914.78433541286,28,11,521123.6562105715,82939.40584803394,1846.1422733490433,1722.0751802636348,7.204510842924691,7.204510842924691,3.7489375734582775e-08,1,4402.265356913289,5.962988726039016
683,560971.8818160418,89281.44792658556,8,29,521123.65621057164,82939.40584803396,1853.7553284874148,1722.0751802636353,7.64659695075684,7.64659695075684,1.8201692317389803e-07,1,3490.490414194532,5.732566236005464
684,561011.495294278,89287.75260745993,11,28,521123.65621057164,82939.40584803396,1853.8862329030205,1722.0751802636353,7.654198501322462,7.654198501322462,1.1070340654553645e-07,1,2517.822989339694,4.519803978418481
685,561011.4953215261,89287.75261179659,29,8,521123.65621057164,82939.40584803396,1853.8862329930628,1722.0751802636353,7.654198506551167,7.654198506551167,4.8534254031117924e-08,1,2517.8237470287186,4.519805298338707
686,561044.3597379888,89292.98314612846,3,30,522331.969533325,83131.71488615395,1853.994834848361,1726.0681027846092,7.411453340535743,7.411453340535743,1.4588681697376221e-08,1,3369.4274875623223,5.8475845241034285
687,561908.7578018062,89430.55637078406,30,3,522331.9695333251,83131.71488615398,1856.8512748388082,1726.0681027846094,7.576941595943435,7.576941595943435,8.268867974986258e-08,1,2737.7600617850526,4.991367472188168
688,564222.5762298111,89798.81201101816,17,25,523838.4901704148,83371.48509241674,1864.4973857743166,1731.0464639984377,7.709262839059145,7.709262839059145,6.320803719686968e-08,1,5445.886582523451,6.68086758511934
689,565149.3266936851,89946.30892835643,25,17,523838.4901704148,83371.48509241674,1867.5598719100267,1731.0464639984377,7.886178144303823,7.886178144303823,1.2393883532495333e-08,1,4301.942911565425,6.655448917193493
690,567161.6762334732,90266.5843048424,4,30,524439.9015569994,83467.20268742344,1874.2097661437356,1733.0338533821714,8.146171668028682,8.146171668028682,3.062606754592375e-07,1,3381.2368298237598,5.588304276347191
691,567161.6762354755,90266.58430516107,30,4,524439.9015569994,83467.20268742344,1874.2097661503522,1733.0338533821714,8.146171668410474,8.146171668410474,1.7063218012131932e-08,1,3381.2373762114976,5.588305131234372
692,567849.8353025898,90376.10822232583,29,9,526240.061991358,83753.70711891005,1876.4838169162842,1738.982559735369,7.906994605043054,7.906994605043054,5.272463927506535e-08,1,3597.7977369178902,6.324067848999758
693,569977.9191302885,90714.803282818,9,29,526240.0619913581,83753.70711891007,1883.516160003238,1738.9825597353695,8.311388717426983,8.311388717426983,1.6952225108591772e-08,1,4821.1314472618415,6.4772579893312
694,571799.9627758715,91004.7905355417,22,21,527137.8647756182,83896.59686994673,1889.5371803542073,1741.949387038487,8.472564955899003,8.472564955899003,1.9901330886717523e-08,1,6207.527609354986,6.218617063330579
695,572608.3949109538,91133.45650599439,5,30,527137.8647756183,83896.59686994675,1892.2086785642027,1741.9493870384874,8.625927517973023,8.625927517973023,8.95009588133696e-08,1,4425.741095531409,6.62603457247149
696,572608.394942352,91133.45651099156,14,27,527137.8647756183,83896.59686994675,1892.2086786679592,1741.9493870384874,8.62592752392937,8.62592752392937,8.635252210714545e-08,1,4425.740931306293,6.626034301673849
697,574372.8196452301,91414.27342416806,21,22,527137.8647756183,83896.59686994675,1898.0392947838445,1741.9493870384874,8.960645407196804,8.960645407196804,2.6712316274331865e-08,1,5179.361370500831,6.125219507196139
698,574664.7924373196,91460.74233727745,27,14,527137.8647756183,83896.59686994675,1899.0041312340375,1741.9493870384874,9.016033724295571,9.016033724295571,4.091741349751369e-08,1,4723.991007081359,5.423640727813787
699,574714.9567126773,91468.72622966724,30,5,527137.8647756183,83896.59686994675,1899.1699012053286,1741.9493870384874,9.02555007261916,9.02555007261916,1.7327671490723756e-08,1,5696.741144214228,6.678119609241259
700,574771.0535020366,91477.65431098537,12,28,528034.159382029,84039.24658702362,1899.3552754202524,1744.9112305040626,8.851111862669063,8.851111862669063,4.036260452487499e-08,1,4451.666058023213,5.578490640805314
701,574771.0535488904,91477.65431844238,28,12,528034.159382029,84039.24658702362,1899.3552755750827,1744.9112305040626,8.851111871542312,8.851111871542312,1.1220628519347669e-07,1,4451.666022504225,5.578490668673793
702,576560.4296416111,91762.44236864934,20,23,528332.5903991439,84086.7433585694,1905.2683446148544,1745.8974084322178,9.128310484505993,9.128310484505993,3.818566516750288e-08,1,7269.435925289555,6.134107015924575
703,576627.4078478324,91773.1022812489,23,20,528332.5903991439,84086.7433585694,1905.4896769323914,1745.8974084322178,9.140987765339792,9.140987765339792,1.8972182907553198e-08,1,5210.776321644148,5.710327404412123
704,576627.4078492298,91773.10228147129,16,26,529226.8857655626,84229.07488671911,1905.4896769370089,1748.8526453246154,8.95655972109183,8.95655972109183,1.1920786203387403e-07,1,5210.776476946763,5.710327592491955
705,576661.1951914208,91778.47970399493,26,16,529226.8857655626,84229.07488671911,1905.6013286394425,1748.8526453246154,8.962944004109161,8.962944004109161,6.702524950418622e-08,1,4046.760009308264,4.639388694294935
706,576767.3884447188,91795.38088518032,6,30,530416.9618988675,84418.48138599028,1905.9522487399531,1752.7853022811062,8.738488750419846,8.738488750419846,5.0078544852902497e-08,1,7000.418996356091,6.495414007034126
707,578697.3651381693,92102.54621599511,30,6,530416.9618988675,84418.48138599028,1912.329938416231,1752.7853022811062,9.102349039981714,9.102349039981714,2.1273159385226757e-07,1,5748.83102333929,5.845255776842178
708,578792.1218326493,92117.62721231265,19,24,530714.0688771072,84465.76743020423,1912.643065924037,1753.767104866754,9.059125388792946,9.059125388792946,6.646884675267167e-08,1,6010.765583787293,5.058596389370669
709,578792.1218375864,92117.62721309841,24,19,530714.0688771072,84465.76743020423,1912.6430659403518,1753.767104866754,9.059125389723215,9.059125389723215,4.2679325332116834e-07,1,6010.763139020413,5.058594343635983
710,579194.2480007536,92181.62757971305,10,29,531900.8566835286,84654.65057599738,1913.9719088678833,1757.6888954078688,8.89139220645467,8.89139220645467,1.1517968754226113e-07,1,5034.900097748408,6.7959703810413945
711,580681.7480568846,92418.37056649578,29,10,531900.8566835286,84654.65057599738,1918.8874157668236,1757.6888954078688,9.17104959700783,9.17104959700783,6.121494014336611e-08,1,5123.400890870705,5.678268703831116
712,581092.5445277392,92483.75085543699,7,30,534266.6153960965,85031.17276926528,1920.244910093108,1765.5066452122633,8.764524636622987,8.764524636622987,4.891637252894817e-08,1,15486.043781577857,5.291259377116363
713,581092.5445294662,92483.75085571186,30,7,534266.6153960965,85031.17276926528,1920.2449100988151,1765.5066452122633,8.76452463694624,8.76452463694624,5.4824118551415954e-08,1,15486.04434914071,5.291259597950603
714,581588.7686708792,92562.72738069926,18,25,534266.6153960966,85031.1727692653,1921.8847037784742,1765.5066452122637,8.857404133271299,8.857404133271299,2.3368985154711146e-07,1,18641.819974192516,5.823454126907602
715,582055.5968694813,92637.02539608147,25,18,534266.6153960967,85031.17276926531,1923.4273573208322,1765.506645212264,8.94478151848484,8.94478151848484,1.8043675259681867e-08,1,4664.517673749507,4.753020072885942
716,582055.5968713227,92637.02539637455,13,28,535445.6201339884,85218.81720122954,1923.4273573269174,1769.402716273978,8.704894574666737,8.704894574666737,9.949368784399621e-08,1,4664.517628344,4.753020030329654
717,582245.1384141146,92667.19186983113,28,13,535445.6201339886,85218.81720122955,1924.053705378058,1769.4027162739783,8.740293415494753,8.740293415494753,7.596698909500919e-08,1,15526.884303550612,6.8317820587168026
718,582589.1708362441,92721.94633039692,27,15,535739.9705431386,85265.6645238469,1925.1905750793173,1770.375409660388,8.744764786844145,8.744764786844145,4.5636420018204334e-08,1,4968.12257416548,4.4571885307992085
719,582589.1708362479,92721.94633039752,15,27,535739.9705431387,85265.66452384692,1925.1905750793296,1770.3754096603884,8.744764786844812,8.744764786844812,3.8470942113209e-08,1,4968.122518330113,4.457188474596708
720,584063.9937959264,92956.67169461578,29,11,538089.042845393,85639.53099243095,1930.064189976442,1778.138018515593,8.54411580422078,8.54411580422078,7.351947102812417e-07,1,16665.016582978355,5.294086662069211
721,584704.0136038351,93058.53401072118,11,29,538089.0428453931,85639.53099243097,1932.1791625226726,1778.1380185155936,8.663058907861048,8.663058907861048,2.781017868232725e-08,1,3534.557828985515,3.930834460755072
722,585044.6632239819,93112.75008162991,8,30,538674.7283378761,85732.74573365686,1933.3048536115912,1780.0734410166172,8.60815116186791,8.60815116186791,1.3305331992853754e-07,1,7308.961950490637,6.351175104049707
723,585044.6632355987,93112.7500834788,30,8,538674.7283378763,85732.74573365688,1933.3048536499796,1780.0734410166174,8.60815116402446,8.60815116402446,1.1407532417613963e-07,1,7308.961238814152,6.35117442907688
724,585521.5095420043,93188.64253023836,17,26,538967.3350885095,85779.31554440221,1934.8806124536245,1781.0403724096523,8.637661584045658,8.637661584045658,4.7626845263695955e-08,1,13255.999549791031,6.904308189589777
725,585523.4571267117,93188.95249797162,26,17,538967.3350885095,85779.31554440221,1934.8870483297283,1781.0403724096523,8.638022938914611,8.638022938914611,2.165210222580628e-07,1,5724.571099247018,5.17773572115462
726,586777.6313827403,93388.56053031718,22,22,539844.2143667021,85918.87521602142,1939.0315202459287,1783.9380571013119,8.693881636037599,8.693881636037599,1.3571467932603986e-07,1,11062.89301330244,5.933253180755099
727,586777.6314441003,93388.56054008292,21,23,540428.0189014821,86011.79059353113,1939.0315204486953,1785.8672638979876,8.576463640214682,8.576463640214682,7.874994854365319e-08,1,11062.890576444546,5.933252104375397
728,588090.4149572242,93597.49652540612,23,21,540428.0189014821,86011.79059353113,1943.3696691358016,1785.8672638979876,8.819379156658913,8.819379156658913,5.197484623129893e-08,1,8849.68347410545,6.577702696466144
729,588090.4149596152,93597.49652578667,24,20,542175.7023579674,86289.94305459068,1943.369669143703,1791.6425578565381,8.468603886518872,8.468603886518872,1.951410678598707e-07,1,8849.682432565005,6.577701893330201
730,589265.4412009856,93784.50776036346,20,24,542175.7023579675,86289.94305459071,1947.2525930952588,1791.6425578565384,8.68532813960878,8.68532813960878,1.80200274181536e-08,1,9468.873653982442,6.017922822747121
731,589801.1421759719,93869.76721855167,14,28,543337.7358079042,86474.88642218625,1949.0228396424511,1795.4825465788379,8.55147789412786,8.55147789412786,1.662662461770132e-08,1,6459.279926310825,6.345483608102148
732,590741.6638019733,94019.45588441464,28,14,543337.7358079042,86474.88642218625,1952.1308331663217,1795.4825465788379,8.724578631296966,8.724578631296966,2.6221128389655238e-08,1,6311.902798992966,6.2238298365422535
733,590741.6638036732,94019.45588468519,30,9,543627.8602906611,86521.061167729,1952.1308331719392,1796.4412752126052,8.666554265232437,8.666554265232437,2.113340837335805e-08,1,6311.902762936663,6.223829787833821
734,591085.4144417226,94074.16549792173,9,30,543627.8602906612,86521.06116772901,1953.266771705778,1796.4412752126054,8.729786977011676,8.729786977011676,2.553828863598108e-07,1,12423.384162739974,6.339612127052058
735,591663.045995078,94166.0984149241,12,29,544786.8299204726,86705.51691320688,1955.1755796240443,1800.2711394116143,8.604506111399292,8.604506111399292,1.3335505520854916e-08,1,7283.608545565244,6.926004962606948
736,591948.6444779447,94211.55282521188,16,27,544786.8299204726,86705.51691320688,1956.1193518995958,1800.2711394116143,8.656930007716374,8.656930007716374,1.1802486024572215e-07,1,6110.607668262933,5.909168812110118
737,593677.3125556938,94486.6788947508,27,16,544786.8299204726,86705.51691320688,1961.8318087342225,1800.2711394116143,8.974240923254003,8.974240923254003,3.5449069908270135e-08,1,13244.73831768444,6.290586266664611
738,593677.3125575896,94486.67889505254,29,12,544786.8299204726,86705.51691320688,1961.8318087404873,1800.2711394116143,8.974240923601995,8.974240923601995,4.5590603594301335e-08,1,13244.73931744494,6.290586788801474
739,596552.1725232607,94944.22706928609,25,19,545076.1914477827,86751.5702306189,1971.3319051851886,1801.227346826813,9.443813889348593,9.443813889348593,2.0655751199273242e-07,1,7661.679393088429,5.4293857128311895
740,596552.1726350834,94944.22708708323,19,25,545076.1914477828,86751.57023061892,1971.3319055547115,1801.2273468268133,9.443813909863627,9.443813909863627,2.2316163356449184e-08,1,7661.680325227101,5.429386469488928
741,596906.7610381618,95000.66158419622,10,30,549111.4127846626,87393.79565285322,1972.5036579418338,1814.561906538881,8.70412581867835,8.70412581867835,2.520029318038655e-07,1,6352.368636526149,6.245509000744004
742,599044.3893160187,95340.87569111015,18,26,549111.4127846627,87393.79565285324,1979.567541068336,1814.5619065388814,9.093414445373668,9.093414445373668,2.5798047056174248e-08,1,6354.302463702094,4.857997126223154
743,599360.4698195137,95391.18146565637,26,18,549111.4127846627,87393.79565285324,1980.6120424713083,1814.5619065388814,9.150976626041546,9.150976626041546,9.273217258401749e-08,1,9441.749492380712,7.4490770857284625
744,599596.1073903046,95428.6843498259,30,10,549111.4127846627,87393.79565285324,1981.3907167981413,1814.5619065388814,9.193889150768698,9.193889150768698,2.0873857317973547e-08,1,32004.545113953107,6.945159244230513
745,601947.2988288492,95802.88808942561,15,28,551690.0617925276,87804.20038895395,1989.1603284289172,1823.0831613353844,9.109686854431997,9.109686854431997,1.1861817642319952e-07,1,5236.09726676416,4.207981446914726
746,603322.9958425235,96021.83706934864,28,15,551690.0617925276,87804.20038895395,1993.7063774416185,1823.0831613353844,9.359047339412367,9.359047339412367,5.8090663625290696e-08,1,12421.272780474885,6.780590724674756
747,603591.7968601744,96064.6180800159,13,29,551975.8424559986,87849.68379418545,1994.5946417823552,1824.0275356344548,9.351125617112558,9.351125617112558,7.22469998819019e-08,1,6592.096184201065,4.506864654230333
748,603591.7968623005,96064.61808035428,29,13,551975.8424559986,87849.68379418545,1994.5946417893808,1824.0275356344548,9.351125617497729,9.351125617497729,1.9275157556473577e-08,1,6592.09624082836,4.506864724130913
749,605933.9682897475,96437.38624060107,22,23,552832.3072044054,87985.99439247834,2002.3344464116822,1826.857759648323,9.60538311407118,9.60538311407118,5.70113099986595e-08,1,8168.265777910679,4.950445560903426
750,605933.9683422005,96437.38624894923,23,22,552832.3072044054,87985.99439247834,2002.3344465850155,1826.857759648323,9.605383123559239,9.605383123559239,2.1172280374488363e-08,1,8168.265637548236,4.950445549321679
751,606592.0270305683,96542.11954204754,21,24,553972.2215854982,88167.4174009308,2004.5090293752796,1830.6246549713637,9.498636103895146,9.498636103895146,3.8588005379045086e-08,1,11578.20445952786,6.840504255822083
752,608004.6730290212,96766.94913554032,24,21,553972.2215854982,88167.4174009308,2009.1771778721723,1830.6246549713637,9.753639142569158,9.753639142569158,6.359296597299761e-08,1,8808.377197166978,5.126220199292456
753,608210.8471988158,96799.76277380098,17,27,554256.8376125066,88212.71544851236,2009.8584891432752,1831.565180679946,9.73447793963521,9.73447793963521,9.935815207535176e-08,1,11396.82872174042,6.607454240918981
754,608210.8472847365,96799.76278747569,27,17,554256.8376125066,88212.71544851236,2009.8584894272035,1831.565180679946,9.734477955137162,9.734477955137162,1.8452907609322832e-08,1,11396.828132654327,6.607453786345821
755,609656.0635365271,97029.7760977849,11,30,555109.8190344946,88348.4716581873,2014.6342677048965,1834.38389389422,9.826207829813773,9.826207829813773,1.477270766250815e-07,1,10638.0464285346,7.356926860307568
756,612872.2733875767,97541.6517936003,30,11,555109.8190344946,88348.4716581873,2025.2623692946156,1834.38389389422,10.405590456596254,10.405590456596254,1.518793109765896e-07,1,7790.272353387243,4.901794785465606
757,612872.2734571687,97541.6518046762,20,25,556245.1135094425,88529.15938574019,2025.2623695245854,1838.135522541852,10.180253016598389,10.180253016598389,1.832610405799371e-07,1,7790.271966614081,4.901794429181237
758,614485.9276818187,97798.47285097037,25,20,556245.1135094427,88529.1593857402,2030.5947582132972,1838.1355225418524,10.47035070653027,10.47035070653027,2.695929486692741e-08,1,36571.05033274941,7.712202664306907
759,615627.5299504298,97980.16449506475,14,29,559637.3166014841,89069.04527581022,2034.3672312320875,1849.3452012459366,10.004731937633837,10.004731937633837,1.0395652153136865e-07,1,16332.634007625711,6.355292659473461
760,617483.9347994066,98275.62050315917,19,26,559637.3166014841,89069.04527581022,2040.5017996341257,1849.3452012459366,10.336447638840148,10.336447638840148,4.7028722207913946e-08,1,45960.5054474065,7.098148115703611
761,618102.4411700424,98374.05884937968,26,19,559637.3166014841,89069.04527581022,2042.5456801162593,1849.3452012459366,10.446966782629882,10.446966782629882,4.4374883972226995e-08,1,17398.628500274353,6.385898300401176
762,619113.7618924078,98535.0155413954,29,14,559637.3166014841,89069.04527581022,2045.8876322508752,1849.3452012459366,10.627676805418725,10.627676805418725,2.310133265240553e-08,1,16132.730419704903,7.107647033999125
763,619524.5505143965,98600.39458115082,16,28,560482.1912309784,89203.51124938716,2047.2451006402505,1852.1371252212675,10.534207902974472,10.534207902974472,1.4913346459188649e-07,1,16499.749164180696,7.30022765842668
764,619524.5506019176,98600.39459508023,28,16,560482.1912309785,89203.51124938719,2047.2451009294673,1852.137125221268,10.534207918589747,10.534207918589747,2.4321302833658648e-08,1,16499.74982592746,7.3002279714486225
765,621979.7783226905,98991.1562232575,12,30,561606.7329867063,89382.48762852451,2055.3585048585533,1855.853221053092,10.75005725357166,10.75005725357166,9.805191241437853e-08,1,10843.918596583768,5.94109094141428
766,624975.1236289542,99467.88023501646,30,12,561606.7329867063,89382.48762852451,2065.2567502111906,1855.853221053092,11.28341006619445,11.28341006619445,1.201660675561824e-07,1,10859.828221390677,5.121669411135312
767,625007.3917547051,99473.01586673403,18,27,564128.8353855773,89783.89269228875,2065.363381598592,1864.1876151866488,10.791605135291093,10.791605135291093,3.6659310915968774e-08,1,15492.49590905156,5.47263748917594
768,625007.3917596006,99473.01586751317,27,18,564128.8353855773,89783.89269228875,2065.3633816147694,1864.1876151866488,10.791605136158905,10.791605136158905,2.941435975856052e-08,1,15492.497999256126,5.472638186006197
769,626463.3143067193,99704.73313764606,23,23,565525.1898901539,90006.12941400075,2070.174539298554,1868.801927752435,10.77549249899936,10.77549249899936,1.3830761922759197e-07,1,21817.31462194512,7.39191143192349
770,626463.3143709878,99704.73314787471,22,24,566082.7764682896,90094.87207411273,2070.174539510932,1870.644496201616,10.666379620203946,10.666379620203946,3.621639639066782e-08,1,21817.31714283836,7.391912436317038
771,627422.7079195338,99857.42537349628,24,22,566082.7764682896,90094.87207411273,2073.344896101669,1870.644496201616,10.835858994674851,10.835858994674851,1.6425719860020888e-08,1,16220.88099650837,7.339615080248666
772,631631.742446554,100527.314024116,15,29,567752.2816992085,90360.58208413127,2087.253828857785,1876.1614469046256,11.25129088978077,11.25129088978077,1.674088199525999e-07,1,17592.153819016385,6.913726164698764
773,633076.6597668275,100757.27975799661,29,15,567752.2816992085,90360.58208413127,2092.028619303626,1876.1614469046256,11.505788734500836,11.505788734500836,2.7643661210371323e-08,1,75325.61656314874,6.179686883967418
774,635452.7914864161,101135.45286660659,21,25,567752.2816992087,90360.58208413128,2099.880647148793,1876.161446904626,11.924304308313586,11.924304308313586,1.5073932238581693e-07,1,14042.442026874716,4.835071998982195
775,635452.7915915537,101135.45288333976,25,21,567752.2816992087,90360.58208413128,2099.880647496225,1876.161446904626,11.92430432683182,11.92430432683182,3.4432148686634495e-08,1,14042.444113175849,4.835072721367621
776,636234.0268212906,101259.79033186992,13,30,568585.2133435475,90493.14727258548,2102.4622723813054,1878.913904779984,11.897744065473734,11.897744065473734,1.6064648642484926e-07,1,29922.709384529586,7.896695055052559
777,639467.4113687362,101774.39946551283,30,13,568585.2133435475,90493.14727258548,2113.147128482242,1878.913904779984,12.466416002689915,12.466416002689915,1.4243638382420545e-06,0,24896.37329247526,6.266558921371052
778,642324.2191601506,102229.07454697989,17,28,569693.9122211946,90669.60217936344,2122.587570752993,1882.577647150587,12.74900527825123,12.74900527825123,2.072492025284273e-07,1,30117.978493605257,7.410305112735458
779,642324.2195888592,102229.07461521098,28,17,569693.9122211946,90669.60217936344,2122.587572169679,1882.577647150587,12.749005353503682,12.749005353503682,2.9835305612217954e-08,1,30117.982660571688,7.410305689602293
780,642559.3825865255,102266.50196872187,26,20,570524.0356171329,90801.72042120325,2123.364678249534,1885.3208250502366,12.62617216318895,12.62617216318895,9.33660412770777e-08,1,46771.20242898716,7.778131643426139
781,643747.5008921477,102455.5968700396,20,26,570524.035617133,90801.72042120328,2127.2908654815756,1885.320825050237,12.834422513997895,12.834422513997895,1.1954462870703574e-07,1,34567.21530537526,6.649764860780616
782,646653.9394947182,102918.17094043181,19,27,574382.2272621269,91415.7706928999,2136.8953148685832,1898.0703826520892,12.582511923651357,12.582511923651357,1.585962715515798e-07,1,50222.55175835372,6.214184214017678
783,646653.9397717414,102918.17098452142,27,19,574382.227262127,91415.77069289991,2136.895315784018,1898.0703826520894,12.582511971881093,12.582511971881093,3.6446569698843164e-08,1,50222.57695480432,6.214187976594883
784,648211.7011419003,103166.0964067398,14,30,576027.8989083731,91677.68747010616,2142.0430041692102,1903.5085742657109,12.531303148740234,12.531303148740234,1.342445334090672e-07,1,29303.39082880116,6.434538866358123
785,649350.345024847,103347.31720913212,30,14,576027.8989083731,91677.68747010616,2145.805701077349,1903.5085742657109,12.728974804072301,12.728974804072301,1.04786293083836e-06,0,72600.67314440108,8.139840989277227
786,649350.3451904973,103347.3172354962,16,29,576301.7247408475,91721.26820489072,2145.8057016247476,1904.4134433197241,12.67541242957384,12.67541242957384,1.78696628624975e-07,1,72600.75801740345,8.139849490940204
787,655023.0172272398,104250.15103068293,29,16,576301.7247408475,91721.26820489072,2164.5512864851335,1904.4134433197241,13.65973570906661,13.65973570906661,1.5628803866355434e-07,1,50627.43132226311,7.995783815111964
788,656632.5265783889,104506.31239987093,23,24,578487.7068131567,92069.17805720899,2169.8699782639155,1911.6371136067316,13.508466791062123,13.508466791062123,1.229182713220227e-07,1,354679.9001734059,7.474793427510299
789,656714.5246446731,104519.36279744405,24,23,578487.7068131567,92069.17805720899,2170.1409443447965,1911.6371136067316,13.522641347464711,13.522641347464711,1.450135757635537e-07,1,52499.07173872434,5.994230886912833
790,656714.5247509097,104519.36281435212,18,28,579305.3422912331,92199.30878519216,2170.1409446958596,1914.3390246532135,13.36241474202748,13.36241474202748,2.099914566829592e-07,1,52499.08939837413,5.994232771606281
791,656738.9595118404,104523.25172733751,28,18,579305.3422912331,92199.30878519216,2170.2216903976387,1914.3390246532135,13.366632683611451,13.366632683611451,2.2197469727536283e-07,1,64123.58438249297,7.59733898976466
792,661163.8117318945,105227.48883061028,22,25,579577.6333798261,92242.6452579016,2184.843801855597,1915.2388220811072,14.07683348239234,14.07683348239234,1.7913518622408784e-07,1,209542.03179803852,9.19004839527622
793,664841.7540836801,105812.85153630399,25,22,579577.6333798261,92242.6452579016,2196.9977180383835,1915.2388220811072,14.7114235942187,14.7114235942187,1.849072537854921e-07,1,147637.26222953934,7.980449607691979
794,664841.7547170826,105812.85163711313,21,26,581751.4140827383,92588.61320196786,2196.9977201314887,1922.4221724264783,14.2827913474615,14.2827913474615,4.027003765018291e-08,1,147637.2911582652,7.980451679234403
795,666278.9845459039,106041.59386872915,26,21,581751.4140827383,92588.61320196786,2201.747106936427,1922.4221724264783,14.529843575273851,14.529843575273851,1.512585353734155e-07,1,565271.2473441274,7.885594501491566
796,667187.7930297287,106186.23523125371,15,30,583917.1723560707,92933.30433671088,2204.750303039609,1929.5790123137263,14.260690491027347,14.260690491027347,2.528136359225227e-07,1,127971.29703112227,6.374466948751716
797,670039.9459945149,106640.16947405363,30,15,583917.1723560707,92933.30433671088,2214.175363238736,1929.5790123137263,14.749142124206399,14.749142124206399,1.8013603213984477e-07,1,2250210.6823639125,6.067140063557047
798,670039.946549213,106640.1695623366,27,20,584997.0705077192,93105.17546558153,2214.1753650717596,1933.147581466179,14.53731656599325,14.53731656599325,4.7716254783230386e-08,1,2250225.8894448206,6.067179942921488
799,670280.9567098509,106678.5275207375,20,27,584997.0705077193,93105.17546558155,2214.971793349155,1933.1475814661794,14.57851509035997,14.57851509035997,1.9255883551344266e-07,1,813976.501796557,8.020456321609784
800,671298.4075364708,106840.45984914698,17,29,585266.7363612882,93148.09411916015,2218.3340026727574,1934.0387036938143,14.699566168762205,14.699566168762205,3.923554443117784e-08,1,1509183.0214965949,6.713148377717095
801,674669.0602858511,107376.91589565715,29,17,585266.7363612882,93148.09411916015,2229.472467357327,1934.0387036938143,15.275483530875805,15.275483530875805,1.4408805611897333e-07,1,4315801.228390093,6.824325366343023
802,675082.4119875899,107442.70286222432,19,28,589297.0406970162,93789.53697635594,2230.838405552227,1947.3570149674472,14.557237753834192,14.557237753834192,1.653595064239737e-07,1,104916949765.58328,2.54681197582184
803,675082.4125509436,107442.70295188483,28,19,589297.0406970162,93789.53697635594,2230.838407413853,1947.3570149674472,14.557237849431765,14.557237849431765,7.807848822211261e-07,1,66550145767.01187,5.189139198761909
804,2354264768.669147,374692875.28079224,24,24,591168.5244419355,94087.39286527598,7779767.580261312,1953.5414122193924,398139.1942960053,398139.1942960053,1.479962433067006e-15,1,3.505153015789496,3.505153015789485
805,2354264770.0734844,374692875.50429946,23,25,591702.1558149871,94172.32293608607,7779767.584902004,1955.3048196793889,397780.0392962593,397780.0392962593,1.8034125515771524e-15,1,2.507182985755883,2.5071829857558736
806,2354264770.073486,374692875.5042997,25,23,591702.1558149871,94172.32293608607,7779767.58490201,1955.3048196793889,397780.0392962596,397780.0392962596,1.5794864807532354e-15,1,2.5064628859886846,2.506462885988676
807,2354264771.9936256,374692875.80989945,16,30,592235.3102987768,94257.1771076128,7779767.591247193,1957.066651238633,397421.8517122733,397421.8517122733,1.4376025856546653e-15,1,3.5059212104377413,3.5059212104377298
808,2354264773.89525,374692876.11255234,30,16,592235.3102987768,94257.1771076128,7779767.59753119,1957.066651238633,397421.852033366,397421.852033366,1.018694987150293e-15,1,2.0687776297586904,2.068777629758664
809,2354264773.89525,374692876.11255234,26,22,593300.1936642957,94426.65855905147,7779767.59753119,1960.585603394769,396708.3609336141,396708.3609336141,1.0576538102673596e-15,1,2.068875771092016,2.0688757710919896
810,2354264773.89556,374692876.1126017,22,26,593300.1936642958,94426.65855905149,7779767.597532215,1960.5856033947694,396708.36093366623,396708.36093366623,1.0072231131333431e-15,1,1.489662371611354,1.4896623716113386
811,2354264773.895563,374692876.1126022,18,29,594628.6378343411,94638.08701533581,7779767.597532226,1964.9755033855627,395821.86183125654,395821.86183125654,1.0004268949874746e-15,1,1.4897579434465178,1.4897579434465025
812,2354264773.8958488,374692876.11264765,29,18,594628.6378343413,94638.08701533583,7779767.597533169,1964.9755033855631,395821.8618313045,395821.8618313045,1.1524603085845626e-15,1,1.4928099027905184,1.4928099027905042
813,2354264773.8958497,374692876.11264783,21,27,595954.1445848668,94849.04796678365,7779767.597533173,1969.355696549217,394941.2620312922,394941.2620312922,1.2360687547776509e-15,1,1.492573854217787,1.492573854217773
814,2354264773.89613,374692876.1126924,27,21,595954.1445848668,94849.04796678365,7779767.5975341,1969.355696549217,394941.2620313392,394941.2620313392,1.2273117682482025e-15,1,1.4944419757608296,1.4944419757608156
815,2354264773.8961306,374692876.11269253,20,28,599650.099678006,95437.27748930242,7779767.5975341005,1981.5691365982566,392506.41750252346,392506.41750252346,1.0936254854855865e-15,1,1.4949366495040457,1.4949366495040315
816,2354264773.896409,374692876.1127368,28,20,599650.099678006,95437.27748930242,7779767.597535021,1981.5691365982566,392506.4175025699,392506.4175025699,1.1712213295669101e-15,1,1.4955329657491785,1.4955329657491645
817,2354264773.8964105,374692876.11273706,17,30,600964.6182492778,95646.48961770642,7779767.597535025,1985.9130188584547,391647.6507610088,391647.6507610088,1.1221217312188357e-15,1,1.4949316154032748,1.4949316154032608
818,2354264773.896689,374692876.1127814,30,17,600964.6182492778,95646.48961770642,7779767.5975359455,1985.9130188584547,391647.6507610551,391647.6507610551,1.6174306382614401e-15,1,1.5007163830179793,1.5007163830179655
819,2354264773.896692,374692876.1127818,24,25,604107.8827596945,96146.75570198456,7779767.597535956,1996.300069482395,389609.3285957312,389609.3285957312,1.1371940100879504e-15,1,1.5003374266070442,1.5003374266070302
820,2354264773.89697,374692876.1128261,25,24,604107.8827596945,96146.75570198456,7779767.597536874,1996.300069482395,389609.32859577716,389609.32859577716,1.5927610848143933e-15,1,2.1121993620936625,2.112199362093643
821,2354264773.896971,374692876.1128263,19,29,604369.089203206,96188.32799863687,7779767.597536879,1997.1632372314223,389440.89743418375,389440.89743418375,1.3183600125316106e-15,1,2.1117418959358853,2.111741895935866
822,2354264773.8972497,374692876.11287063,29,19,604369.089203206,96188.32799863687,7779767.597537799,1997.1632372314223,389440.89743422985,389440.89743422985,1.275022589956325e-15,1,1.4996720177668104,1.4996720177667966
823,2354264773.8972507,374692876.11287075,23,26,605152.0372042916,96312.93804319356,7779767.5975378025,1999.7505220419234,388936.9079435952,388936.9079435952,9.405981369385157e-16,1,1.500085106934108,1.500085106934094
824,2354264773.8975296,374692876.11291516,26,23,605152.0372042916,96312.93804319356,7779767.597538724,1999.7505220419234,388936.9079436413,388936.9079436413,1.0134673018638172e-15,1,1.4950492158875734,1.4950492158875597
825,2354264773.897532,374692876.1129156,22,27,607235.0004820203,96644.45194512299,7779767.597538732,2006.6337623616218,387602.41702614765,387602.41702614765,1.1051016110197043e-15,1,1.494817267960472,1.4948172679604583
826,2354264773.8978105,374692876.11295986,27,22,607235.0004820203,96644.45194512299,7779767.597539652,2006.6337623616218,387602.4170261935,387602.4170261935,1.2728475945139156e-15,1,1.494017632390783,1.494017632390769
827,2354264773.8978105,374692876.11295986,18,30,610087.5497491845,97098.44926140533,7779767.597539652,2016.0601321587317,385789.66040458967,385789.66040458967,9.606529648877197e-16,1,1.4944371966055991,1.4944371966055852
828,2354264773.8980904,374692876.11300445,30,18,610087.5497491845,97098.44926140533,7779767.597540577,2016.0601321587317,385789.66040463554,385789.66040463554,1.0202762338080777e-15,1,1.491466555361223,1.4914665553612088
829,2354264773.8980904,374692876.11300445,21,28,610346.2162250854,97139.61730965711,7779767.597540577,2016.9149064772769,385626.119260462,385626.119260462,1.0133885452101393e-15,1,1.4920496369553518,1.4920496369553378
830,2354264773.898379,374692876.11305034,28,21,610346.2162250855,97139.61730965714,7779767.597541531,2016.9149064772773,385626.1192605092,385626.1192605092,5.703142481382633e-16,1,1.488877001227489,1.4888770012274737
831,2354264773.898379,374692876.11305034,20,29,614470.1792124355,97795.96640422191,7779767.597541531,2030.5427167296132,383037.35207066237,383037.35207066237,1.1153304406910678e-15,1,1.488898315607897,1.4888983156078817
832,2354264773.8986907,374692876.1131,29,20,614470.1792124355,97795.96640422191,7779767.597542561,2030.5427167296132,383037.3520707131,383037.3520707131,9.984779968802446e-16,1,2.0114098012423574,2.0114098012423325
833,2354264773.898691,374692876.11310005,25,25,616777.8782328933,98163.24811049609,7779767.5975425625,2038.168605823858,381603.82839342504,381603.82839342504,9.351872701913637e-16,1,2.0114049748408074,2.0114049748407825
834,2354264777.2197366,374692876.64166087,24,26,617289.5369949178,98244.68113164857,7779767.608517097,2039.85940386065,381287.4423792671,381287.4423792671,1.0307249690231169e-15,1,1.5960967631180731,1.5960967631180532
835,2354264777.2197366,374692876.64166087,26,24,617289.5369949178,98244.68113164857,7779767.608517097,2039.85940386065,381287.4423792671,381287.4423792671,1.1715309978394109e-15,1,1.596555687942374,1.596555687942354
836,2354264777.2200465,374692876.64171016,23,27,618821.9929101513,98488.57906562838,7779767.608518122,2044.9234692989025,380342.9713541015,380342.9713541015,8.96462081249474e-16,1,1.4897783204137844,1.4897783204137691
837,2354264777.2200494,374692876.64171064,27,23,618821.9929101513,98488.57906562838,7779767.608518131,2044.9234692989025,380342.9713541019,380342.9713541019,9.930499070321377e-16,1,1.4897588731709877,1.4897588731709723
838,2354264777.220335,374692876.64175606,19,30,619586.8095048122,98610.30340722739,7779767.608519075,2047.4508381094008,379873.35338722216,379873.35338722216,8.835375301763581e-16,1,1.4928335647544453,1.492833564754431
839,2354264777.2203364,374692876.6417563,30,19,619586.8095048122,98610.30340722739,7779767.60851908,2047.4508381094008,379873.3533872224,379873.3533872224,1.198569893322146e-15,1,1.492574795093358,1.492574795093344
840,2354264777.2206173,374692876.641801,22,28,621367.7461825968,98893.74828283046,7779767.608520008,2053.3360187452895,378784.2906127907,378784.2906127907,1.02381130221694e-15,1,1.494642855441125,1.494642855441111
841,2354264777.2206173,374692876.641801,28,22,621367.7461825968,98893.74828283046,7779767.608520008,2053.3360187452895,378784.2906127907,378784.2906127907,7.61052556214281e-16,1,1.4948424756746916,1.494842475674678
842,2354264777.220896,374692876.64184535,21,29,624914.4981096539,99458.23138394232,7779767.608520928,2065.056410616484,376633.90269268356,376633.90269268356,1.2026798843762032e-15,1,1.4953117643038265,1.4953117643038123
843,2354264777.220897,374692876.6418456,29,21,624914.4981096539,99458.23138394232,7779767.6085209325,2065.056410616484,376633.9026926838,376633.9026926838,1.011245702369838e-15,1,1.495282075488768,1.4952820754887544
844,2354264777.221176,374692876.6418899,20,30,629445.4408495491,100179.35331786297,7779767.6085218545,2080.0291026878954,373922.0556754967,373922.0556754967,1.3299045434008118e-15,1,1.5006638924791464,1.500663892479133
845,2354264777.221179,374692876.6418904,30,20,629445.4408495491,100179.35331786297,7779767.608521864,2080.0291026878954,373922.05567549716,373922.05567549716,1.175520046672358e-15,1,1.5001279099841935,1.5001279099841796
846,2354264777.221457,374692876.64193463,25,26,629696.2103416887,100219.26452211362,7779767.608522783,2080.8577810893353,373773.10556370905,373773.10556370905,1.2766070533873825e-15,1,2.106536402068341,2.106536402068321
847,2354264777.221459,374692876.64193493,26,25,629696.2103416887,100219.26452211362,7779767.608522789,2080.8577810893353,373773.1055637093,373773.1055637093,1.4104092384574337e-15,1,2.106190041658885,2.106190041658865
848,2354264777.221738,374692876.64197934,24,27,630698.2978276378,100378.75169891295,7779767.608523711,2084.1692216033853,373179.0758006976,373179.0758006976,1.1222203626577574e-15,1,1.499829431274576,1.499829431274562
849,2354264777.221739,374692876.6419795,27,24,630698.2978276378,100378.75169891295,7779767.608523714,2084.1692216033853,373179.07580069784,373179.07580069784,1.105375514589964e-15,1,1.5003024688473128,1.500302468847299
850,2354264777.2220182,374692876.642024,23,28,632697.7426458852,100696.97322517651,7779767.608524637,2090.7764716385273,371999.44315222214,371999.44315222214,1.0254382978439312e-15,1,1.4950654524456193,1.4950654524456055
851,2354264777.2220206,374692876.64202434,28,23,632697.7426458852,100696.97322517651,7779767.608524646,2090.7764716385273,371999.44315222255,371999.44315222255,9.55569482083827e-16,1,1.4946807266323712,1.4946807266323572
852,2354264777.222299,374692876.6420687,22,29,635685.1946642727,101172.44098115273,7779767.608525566,2100.6486332872682,370250.73287583294,370250.73287583294,1.0286163843274566e-15,1,1.494106040842161,1.4941060408421472
853,2354264777.2223,374692876.6420688,29,22,635685.1946642727,101172.44098115273,7779767.608525569,2100.6486332872682,370250.73287583306,370250.73287583306,8.124211121370123e-16,1,1.4945164321134514,1.4945164321134377
854,2354264777.2225795,374692876.6421133,21,30,639646.8982249482,101802.965685899,7779767.608526492,2113.740250395981,367956.9363747062,367956.9363747062,8.695909127462899e-16,1,1.4913977641441625,1.491397764144148
855,2354264777.2225804,374692876.64211345,30,21,639646.8982249482,101802.965685899,7779767.608526495,2113.740250395981,367956.9363747064,367956.9363747064,1.2518410170972925e-15,1,1.4918260407290642,1.4918260407290502
856,2354264777.2228684,374692876.6421593,26,26,642356.4849319846,102234.20980405994,7779767.608527447,2122.6941943617758,366404.3994180503,366404.3994180503,7.156199057142696e-16,1,1.4886818974193905,1.488681897419375
857,2354264777.2228684,374692876.6421593,25,27,642847.9176382119,102312.42374845303,7779767.608527447,2124.3181545410503,366124.22078806895,366124.22078806895,8.249696053487115e-16,1,1.4886761695494375,1.4886761695494222
858,2354264777.223181,374692876.642209,27,25,642847.9176382119,102312.42374845303,7779767.608528479,2124.3181545410503,366124.2207881175,366124.2207881175,9.916985993661193e-16,1,2.1589444268335893,2.1589444268335622
859,2354264777.223181,374692876.642209,24,28,644319.980651514,102546.70985356282,7779767.608528479,2129.1826490785375,365287.516749462,365287.516749462,8.401320765094084e-16,1,2.158916478885092,2.158916478885065
860,2354264779.124796,374692876.94486046,28,24,644319.980651514,102546.70985356282,7779767.614812447,2129.1826490785375,365287.5170445972,365287.5170445972,1.9263628070394053e-15,1,3.279616863923016,3.2796168639229437
861,2354264781.044945,374692877.25046164,23,29,646766.0189216712,102936.00893525028,7779767.62115766,2137.265686079089,363905.6391599117,363905.6391599117,1.6417418175131117e-15,1,2.686420899905122,2.686420899905064
862,2354264781.044948,374692877.2504622,29,23,646766.0189216712,102936.00893525028,7779767.621157671,2137.265686079089,363905.63915991224,363905.63915991224,1.347654703847678e-15,1,2.6872577044611408,2.6872577044610826
863,2354264782.4492965,374692877.4739711,30,22,650175.1056481355,103478.58193919605,7779767.6257984,2148.5311574677803,361997.0353982435,361997.0353982435,1.6219003282462089e-15,1,3.2777508229717056,3.277750822971633
864,3329433165.269056,529895745.9466656,22,30,650175.1056481358,103478.58193919608,11002252.824116034,2148.531157467781,511982.53535792726,511982.53535792726,1.145217931649244e-15,1,2.152007154155147,2.152007154155142
865,3329433167.6198235,529895746.32080185,26,27,655255.6762341331,104287.17986168485,11002252.831884244,2165.320118021489,508012.06806397275,508012.06806397275,9.94605321098839e-16,1,2.111838668927754,2.1118386689277493
866,3329433167.619828,529895746.3208026,27,26,655255.6762341333,104287.17986168488,11002252.831884261,2165.32011802149,508012.06806397333,508012.06806397333,1.0474862013545346e-15,1,2.112738169082779,2.1127381690827742
867,3329433169.9705944,529895746.69493866,25,28,656218.9701136454,104440.49284425941,11002252.839652468,2168.503363420999,507266.18744715594,507266.18744715594,1.0560567585524442e-15,1,2.1520071886333354,2.15200718863333
