mode_rank,eigen_index,vtk_w_field,omega_sq,omega,node_row,node_id,x,y,w_normalized
1,1,w1,3.3625692206921995e7,5798.766438383425,1,1,0.0,0.0,-2.910739551173907e-11
1,1,w1,3.3625692206921995e7,5798.766438383425,2,2,1.0,0.0,-2.910807219793186e-11
1,1,w1,3.3625692206921995e7,5798.766438383425,3,3,1.0,1.0,-2.9106979575365345e-11
1,1,w1,3.3625692206921995e7,5798.766438383425,4,4,0.0,1.0,-2.9105919242790266e-11
1,1,w1,3.3625692206921995e7,5798.766438383425,5,5,0.24999999999941094,0.0,3.09292191461514e-11
1,1,w1,3.3625692206921995e7,5798.766438383425,6,6,0.4999999999986921,0.0,9.203075148800053e-11
1,1,w1,3.3625692206921995e7,5798.766438383425,7,7,0.7499999999993406,0.0,3.092999368115049e-11
1,1,w1,3.3625692206921995e7,5798.766438383425,8,8,1.0,0.24999999999941094,3.0929567675028984e-11
1,1,w1,3.3625692206921995e7,5798.766438383425,9,9,1.0,0.4999999999986921,9.203156964523573e-11
1,1,w1,3.3625692206921995e7,5798.766438383425,10,10,1.0,0.7499999999993406,3.092905428095553e-11
1,1,w1,3.3625692206921995e7,5798.766438383425,11,11,0.7500000000003471,1.0,3.092936172795602e-11
1,1,w1,3.3625692206921995e7,5798.766438383425,12,12,0.5000000000020595,1.0,9.203147525705928e-11
1,1,w1,3.3625692206921995e7,5798.766438383425,13,13,0.2500000000010405,1.0,3.092814518397714e-11
1,1,w1,3.3625692206921995e7,5798.766438383425,14,14,0.0,0.7500000000003471,3.092776501243038e-11
1,1,w1,3.3625692206921995e7,5798.766438383425,15,15,0.0,0.5000000000020595,9.20317883781996e-11
1,1,w1,3.3625692206921995e7,5798.766438383425,16,16,0.0,0.2500000000010405,3.09272885339421e-11
1,1,w1,3.3625692206921995e7,5798.766438383425,17,17,0.24999999999981837,0.25000000000063316,0.5111987926107037
1,1,w1,3.3625692206921995e7,5798.766438383425,18,18,0.2500000000002257,0.5000000000012177,0.7231668265731837
1,1,w1,3.3625692206921995e7,5798.766438383425,19,19,0.25000000000063316,0.7500000000000954,0.5111987770157154
1,1,w1,3.3625692206921995e7,5798.766438383425,20,20,0.49999999999953393,0.2500000000002257,0.7231682296028126
1,1,w1,3.3625692206921995e7,5798.766438383425,21,21,0.5000000000003757,0.5000000000003757,1.0
1,1,w1,3.3625692206921995e7,5798.766438383425,22,22,0.5000000000012177,0.749999999999844,0.7231666047847937
1,1,w1,3.3625692206921995e7,5798.766438383425,23,23,0.7499999999995922,0.24999999999981837,0.5112003112111336
1,1,w1,3.3625692206921995e7,5798.766438383425,24,24,0.749999999999844,0.49999999999953393,0.7231677283737143
1,1,w1,3.3625692206921995e7,5798.766438383425,25,25,0.7500000000000953,0.7499999999995921,0.5111983048562353
2,2,w2,2.853360443255813e8,16891.892857983126,1,1,0.0,0.0,3.3830195153350585e-11
2,2,w2,2.853360443255813e8,16891.892857983126,2,2,1.0,0.0,-1.6369480097885059e-16
2,2,w2,2.853360443255813e8,16891.892857983126,3,3,1.0,1.0,-3.382998672266502e-11
2,2,w2,2.853360443255813e8,16891.892857983126,4,4,0.0,1.0,-2.28804087167045e-16
2,2,w2,2.853360443255813e8,16891.892857983126,5,5,0.24999999999941094,0.0,-2.2502171715826898e-10
2,2,w2,2.853360443255813e8,16891.892857983126,6,6,0.4999999999986921,0.0,-2.765302712775061e-10
2,2,w2,2.853360443255813e8,16891.892857983126,7,7,0.7499999999993406,0.0,-2.086960149921182e-11
2,2,w2,2.853360443255813e8,16891.892857983126,8,8,1.0,0.24999999999941094,2.087090939264304e-11
2,2,w2,2.853360443255813e8,16891.892857983126,9,9,1.0,0.4999999999986921,2.765324293245789e-10
2,2,w2,2.853360443255813e8,16891.892857983126,10,10,1.0,0.7499999999993406,2.2502115402126485e-10
2,2,w2,2.853360443255813e8,16891.892857983126,11,11,0.7500000000003471,1.0,2.2502084454309364e-10
2,2,w2,2.853360443255813e8,16891.892857983126,12,12,0.5000000000020595,1.0,2.7652960432700164e-10
2,2,w2,2.853360443255813e8,16891.892857983126,13,13,0.2500000000010405,1.0,2.0869639355905286e-11
2,2,w2,2.853360443255813e8,16891.892857983126,14,14,0.0,0.7500000000003471,-2.0870182813553277e-11
2,2,w2,2.853360443255813e8,16891.892857983126,15,15,0.0,0.5000000000020595,-2.7653229576661984e-10
2,2,w2,2.853360443255813e8,16891.892857983126,16,16,0.0,0.2500000000010405,-2.2502109724931802e-10
2,2,w2,2.853360443255813e8,16891.892857983126,17,17,0.24999999999981837,0.25000000000063316,-1.0
2,2,w2,2.853360443255813e8,16891.892857983126,18,18,0.2500000000002257,0.5000000000012177,-0.6639692205444986
2,2,w2,2.853360443255813e8,16891.892857983126,19,19,0.25000000000063316,0.7500000000000954,-3.3512101495192584e-6
2,2,w2,2.853360443255813e8,16891.892857983126,20,20,0.49999999999953393,0.2500000000002257,-0.66396416289194
2,2,w2,2.853360443255813e8,16891.892857983126,21,21,0.5000000000003757,0.5000000000003757,1.2469172824313264e-7
2,2,w2,2.853360443255813e8,16891.892857983126,22,22,0.5000000000012177,0.749999999999844,0.6639642796426599
2,2,w2,2.853360443255813e8,16891.892857983126,23,23,0.7499999999995922,0.24999999999981837,5.1640739625737314e-6
2,2,w2,2.853360443255813e8,16891.892857983126,24,24,0.749999999999844,0.49999999999953393,0.6639699376910255
2,2,w2,2.853360443255813e8,16891.892857983126,25,25,0.7500000000000953,0.7499999999995921,0.9999981987428949
3,3,w3,2.8533605845472753e8,16891.893276205825,1,1,0.0,0.0,5.169805449771569e-17
3,3,w3,2.8533605845472753e8,16891.893276205825,2,2,1.0,0.0,3.3829894333413503e-11
3,3,w3,2.8533605845472753e8,16891.893276205825,3,3,1.0,1.0,-1.2667383024464465e-15
3,3,w3,2.8533605845472753e8,16891.893276205825,4,4,0.0,1.0,-3.3830308483894336e-11
3,3,w3,2.8533605845472753e8,16891.893276205825,5,5,0.24999999999941094,0.0,-2.0870628961411714e-11
3,3,w3,2.8533605845472753e8,16891.893276205825,6,6,0.4999999999986921,0.0,-2.765324367565865e-10
3,3,w3,2.8533605845472753e8,16891.893276205825,7,7,0.7499999999993406,0.0,-2.250204843490928e-10
3,3,w3,2.8533605845472753e8,16891.893276205825,8,8,1.0,0.24999999999941094,-2.2502028045689406e-10
3,3,w3,2.8533605845472753e8,16891.893276205825,9,9,1.0,0.4999999999986921,-2.76530187890456e-10
3,3,w3,2.8533605845472753e8,16891.893276205825,10,10,1.0,0.7499999999993406,-2.086914656413587e-11
3,3,w3,2.8533605845472753e8,16891.893276205825,11,11,0.7500000000003471,1.0,2.0871566972767335e-11
3,3,w3,2.8533605845472753e8,16891.893276205825,12,12,0.5000000000020595,1.0,2.7653211368987075e-10
3,3,w3,2.8533605845472753e8,16891.893276205825,13,13,0.2500000000010405,1.0,2.2502098734264338e-10
3,3,w3,2.8533605845472753e8,16891.893276205825,14,14,0.0,0.7500000000003471,2.250206057639582e-10
3,3,w3,2.8533605845472753e8,16891.893276205825,15,15,0.0,0.5000000000020595,2.765293835715873e-10
3,3,w3,2.8533605845472753e8,16891.893276205825,16,16,0.0,0.2500000000010405,2.086979247355563e-11
3,3,w3,2.8533605845472753e8,16891.893276205825,17,17,0.24999999999981837,0.25000000000063316,-3.4535010365438837e-6
3,3,w3,2.8533605845472753e8,16891.893276205825,18,18,0.2500000000002257,0.5000000000012177,0.663965098810656
3,3,w3,2.8533605845472753e8,16891.893276205825,19,19,0.25000000000063316,0.7500000000000954,0.9999993313836173
3,3,w3,2.8533605845472753e8,16891.893276205825,20,20,0.49999999999953393,0.2500000000002257,-0.6639695759654924
3,3,w3,2.8533605845472753e8,16891.893276205825,21,21,0.5000000000003757,0.5000000000003757,5.082316590555765e-7
3,3,w3,2.8533605845472753e8,16891.893276205825,22,22,0.5000000000012177,0.749999999999844,0.6639706645312105
3,3,w3,2.8533605845472753e8,16891.893276205825,23,23,0.7499999999995922,0.24999999999981837,-1.0
3,3,w3,2.8533605845472753e8,16891.893276205825,24,24,0.749999999999844,0.49999999999953393,-0.6639639569904797
3,3,w3,2.8533605845472753e8,16891.893276205825,25,25,0.7500000000000953,0.7499999999995921,4.741612244053141e-6
4,4,w4,5.874425050992708e8,24237.213228819663,1,1,0.0,0.0,-1.9367624301514382e-11
4,4,w4,5.874425050992708e8,24237.213228819663,2,2,1.0,0.0,1.9367968339528874e-11
4,4,w4,5.874425050992708e8,24237.213228819663,3,3,1.0,1.0,-1.9368295778864923e-11
4,4,w4,5.874425050992708e8,24237.213228819663,4,4,0.0,1.0,1.9367341009685186e-11
4,4,w4,5.874425050992708e8,24237.213228819663,5,5,0.24999999999941094,0.0,3.8223487086682026e-10
4,4,w4,5.874425050992708e8,24237.213228819663,6,6,0.4999999999986921,0.0,-4.515998388172894e-16
4,4,w4,5.874425050992708e8,24237.213228819663,7,7,0.7499999999993406,0.0,-3.8223430086093316e-10
4,4,w4,5.874425050992708e8,24237.213228819663,8,8,1.0,0.24999999999941094,-3.822349716011248e-10
4,4,w4,5.874425050992708e8,24237.213228819663,9,9,1.0,0.4999999999986921,5.028496626918831e-16
4,4,w4,5.874425050992708e8,24237.213228819663,10,10,1.0,0.7499999999993406,3.822351969278397e-10
4,4,w4,5.874425050992708e8,24237.213228819663,11,11,0.7500000000003471,1.0,3.822354137413992e-10
4,4,w4,5.874425050992708e8,24237.213228819663,12,12,0.5000000000020595,1.0,3.602178310788358e-16
4,4,w4,5.874425050992708e8,24237.213228819663,13,13,0.2500000000010405,1.0,-3.82235376140982e-10
4,4,w4,5.874425050992708e8,24237.213228819663,14,14,0.0,0.7500000000003471,-3.82235602751941e-10
4,4,w4,5.874425050992708e8,24237.213228819663,15,15,0.0,0.5000000000020595,-6.853581940185656e-16
4,4,w4,5.874425050992708e8,24237.213228819663,16,16,0.0,0.2500000000010405,3.822345822676531e-10
4,4,w4,5.874425050992708e8,24237.213228819663,17,17,0.24999999999981837,0.25000000000063316,0.9999986345723707
4,4,w4,5.874425050992708e8,24237.213228819663,18,18,0.2500000000002257,0.5000000000012177,-8.792222841174701e-7
4,4,w4,5.874425050992708e8,24237.213228819663,19,19,0.25000000000063316,0.7500000000000954,-0.9999994020005644
4,4,w4,5.874425050992708e8,24237.213228819663,20,20,0.49999999999953393,0.2500000000002257,3.915714842583735e-7
4,4,w4,5.874425050992708e8,24237.213228819663,21,21,0.5000000000003757,0.5000000000003757,2.192866266196916e-7
4,4,w4,5.874425050992708e8,24237.213228819663,22,22,0.5000000000012177,0.749999999999844,6.680276882777304e-7
4,4,w4,5.874425050992708e8,24237.213228819663,23,23,0.7499999999995922,0.24999999999981837,-0.9999989111388049
4,4,w4,5.874425050992708e8,24237.213228819663,24,24,0.749999999999844,0.49999999999953393,8.447435404483552e-7
4,4,w4,5.874425050992708e8,24237.213228819663,25,25,0.7500000000000953,0.7499999999995921,1.0
5,5,w5,1.6762708238376565e9,40942.28649987268,1,1,0.0,0.0,9.328903704562307e-10
5,5,w5,1.6762708238376565e9,40942.28649987268,2,2,1.0,0.0,9.328892170683337e-10
5,5,w5,1.6762708238376565e9,40942.28649987268,3,3,1.0,1.0,9.328875787643541e-10
5,5,w5,1.6762708238376565e9,40942.28649987268,4,4,0.0,1.0,9.328887771511865e-10
5,5,w5,1.6762708238376565e9,40942.28649987268,5,5,0.24999999999941094,0.0,-5.657952616980682e-10
5,5,w5,1.6762708238376565e9,40942.28649987268,6,6,0.4999999999986921,0.0,9.945982117859803e-10
5,5,w5,1.6762708238376565e9,40942.28649987268,7,7,0.7499999999993406,0.0,-5.657983913587863e-10
5,5,w5,1.6762708238376565e9,40942.28649987268,8,8,1.0,0.24999999999941094,-5.657935039649533e-10
5,5,w5,1.6762708238376565e9,40942.28649987268,9,9,1.0,0.4999999999986921,9.945974810796306e-10
5,5,w5,1.6762708238376565e9,40942.28649987268,10,10,1.0,0.7499999999993406,-5.657944697698088e-10
5,5,w5,1.6762708238376565e9,40942.28649987268,11,11,0.7500000000003471,1.0,-5.657962534085194e-10
5,5,w5,1.6762708238376565e9,40942.28649987268,12,12,0.5000000000020595,1.0,9.945967009823874e-10
5,5,w5,1.6762708238376565e9,40942.28649987268,13,13,0.2500000000010405,1.0,-5.657936854516594e-10
5,5,w5,1.6762708238376565e9,40942.28649987268,14,14,0.0,0.7500000000003471,-5.657958901435994e-10
5,5,w5,1.6762708238376565e9,40942.28649987268,15,15,0.0,0.5000000000020595,9.945993141627021e-10
5,5,w5,1.6762708238376565e9,40942.28649987268,16,16,0.0,0.2500000000010405,-5.657945498372278e-10
5,5,w5,1.6762708238376565e9,40942.28649987268,17,17,0.24999999999981837,0.25000000000063316,0.9639031365604865
5,5,w5,1.6762708238376565e9,40942.28649987268,18,18,0.2500000000002257,0.5000000000012177,-0.9999986912205797
5,5,w5,1.6762708238376565e9,40942.28649987268,19,19,0.25000000000063316,0.7500000000000954,0.9639013023069557
5,5,w5,1.6762708238376565e9,40942.28649987268,20,20,0.49999999999953393,0.2500000000002257,-1.0
5,5,w5,1.6762708238376565e9,40942.28649987268,21,21,0.5000000000003757,0.5000000000003757,0.9040699771644725
5,5,w5,1.6762708238376565e9,40942.28649987268,22,22,0.5000000000012177,0.749999999999844,-0.9999970159468646
5,5,w5,1.6762708238376565e9,40942.28649987268,23,23,0.7499999999995922,0.24999999999981837,0.9638999603458042
5,5,w5,1.6762708238376565e9,40942.28649987268,24,24,0.749999999999844,0.49999999999953393,-0.9999943374195911
5,5,w5,1.6762708238376565e9,40942.28649987268,25,25,0.7500000000000953,0.7499999999995921,0.963898353021029
6,6,w6,1.8652309511093805e9,43188.31961432837,1,1,0.0,0.0,7.836457959225831e-16
6,6,w6,1.8652309511093805e9,43188.31961432837,2,2,1.0,0.0,4.512936172991766e-10
6,6,w6,1.8652309511093805e9,43188.31961432837,3,3,1.0,1.0,3.023777812734334e-16
6,6,w6,1.8652309511093805e9,43188.31961432837,4,4,0.0,1.0,-4.5129280851594736e-10
6,6,w6,1.8652309511093805e9,43188.31961432837,5,5,0.24999999999941094,0.0,-6.590653222037507e-10
6,6,w6,1.8652309511093805e9,43188.31961432837,6,6,0.4999999999986921,0.0,1.9482939564357165e-10
6,6,w6,1.8652309511093805e9,43188.31961432837,7,7,0.7499999999993406,0.0,2.344912011055063e-10
6,6,w6,1.8652309511093805e9,43188.31961432837,8,8,1.0,0.24999999999941094,2.3449064831174503e-10
6,6,w6,1.8652309511093805e9,43188.31961432837,9,9,1.0,0.4999999999986921,1.9482825914889644e-10
6,6,w6,1.8652309511093805e9,43188.31961432837,10,10,1.0,0.7499999999993406,-6.590662426063324e-10
6,6,w6,1.8652309511093805e9,43188.31961432837,11,11,0.7500000000003471,1.0,6.590656378511016e-10
6,6,w6,1.8652309511093805e9,43188.31961432837,12,12,0.5000000000020595,1.0,-1.9482777615514522e-10
6,6,w6,1.8652309511093805e9,43188.31961432837,13,13,0.2500000000010405,1.0,-2.3449134840354747e-10
6,6,w6,1.8652309511093805e9,43188.31961432837,14,14,0.0,0.7500000000003471,-2.3449239939792e-10
6,6,w6,1.8652309511093805e9,43188.31961432837,15,15,0.0,0.5000000000020595,-1.9482865627776103e-10
6,6,w6,1.8652309511093805e9,43188.31961432837,16,16,0.0,0.2500000000010405,6.590648420417393e-10
6,6,w6,1.8652309511093805e9,43188.31961432837,17,17,0.24999999999981837,0.25000000000063316,8.294898991569738e-7
6,6,w6,1.8652309511093805e9,43188.31961432837,18,18,0.2500000000002257,0.5000000000012177,0.7294828211046657
6,6,w6,1.8652309511093805e9,43188.31961432837,19,19,0.25000000000063316,0.7500000000000954,-0.9999995532946684
6,6,w6,1.8652309511093805e9,43188.31961432837,20,20,0.49999999999953393,0.2500000000002257,-0.7294841901548325
6,6,w6,1.8652309511093805e9,43188.31961432837,21,21,0.5000000000003757,0.5000000000003757,8.016913946332404e-7
6,6,w6,1.8652309511093805e9,43188.31961432837,22,22,0.5000000000012177,0.749999999999844,0.7294844201507907
6,6,w6,1.8652309511093805e9,43188.31961432837,23,23,0.7499999999995922,0.24999999999981837,1.0
6,6,w6,1.8652309511093805e9,43188.31961432837,24,24,0.749999999999844,0.49999999999953393,-0.7294848950041005
6,6,w6,1.8652309511093805e9,43188.31961432837,25,25,0.7500000000000953,0.7499999999995921,-0.0
7,7,w7,1.865231173469696e9,43188.3221886391,1,1,0.0,0.0,-4.512911978272997e-10
7,7,w7,1.865231173469696e9,43188.3221886391,2,2,1.0,0.0,1.5823193378166051e-15
7,7,w7,1.865231173469696e9,43188.3221886391,3,3,1.0,1.0,4.5129380897375585e-10
7,7,w7,1.865231173469696e9,43188.3221886391,4,4,0.0,1.0,1.4112592854305545e-15
7,7,w7,1.865231173469696e9,43188.3221886391,5,5,0.24999999999941094,0.0,-2.344917511421114e-10
7,7,w7,1.865231173469696e9,43188.3221886391,6,6,0.4999999999986921,0.0,-1.9482663321144355e-10
7,7,w7,1.865231173469696e9,43188.3221886391,7,7,0.7499999999993406,0.0,6.590636299940046e-10
7,7,w7,1.865231173469696e9,43188.3221886391,8,8,1.0,0.24999999999941094,-6.590645812874206e-10
7,7,w7,1.865231173469696e9,43188.3221886391,9,9,1.0,0.4999999999986921,1.948304590383632e-10
7,7,w7,1.865231173469696e9,43188.3221886391,10,10,1.0,0.7499999999993406,2.3449021278334074e-10
7,7,w7,1.865231173469696e9,43188.3221886391,11,11,0.7500000000003471,1.0,2.34490322814065e-10
7,7,w7,1.865231173469696e9,43188.3221886391,12,12,0.5000000000020595,1.0,1.9482940343196438e-10
7,7,w7,1.865231173469696e9,43188.3221886391,13,13,0.2500000000010405,1.0,-6.590660104274497e-10
7,7,w7,1.865231173469696e9,43188.3221886391,14,14,0.0,0.7500000000003471,6.590642473961645e-10
7,7,w7,1.865231173469696e9,43188.3221886391,15,15,0.0,0.5000000000020595,-1.9482561123803479e-10
7,7,w7,1.865231173469696e9,43188.3221886391,16,16,0.0,0.2500000000010405,-2.3449038167850246e-10
7,7,w7,1.865231173469696e9,43188.3221886391,17,17,0.24999999999981837,0.25000000000063316,-0.9999961111815122
7,7,w7,1.865231173469696e9,43188.3221886391,18,18,0.2500000000002257,0.5000000000012177,0.7294823748871855
7,7,w7,1.865231173469696e9,43188.3221886391,19,19,0.25000000000063316,0.7500000000000954,1.5717780706640192e-6
7,7,w7,1.865231173469696e9,43188.3221886391,20,20,0.49999999999953393,0.2500000000002257,0.7294802467705742
7,7,w7,1.865231173469696e9,43188.3221886391,21,21,0.5000000000003757,0.5000000000003757,4.910563593346921e-7
7,7,w7,1.865231173469696e9,43188.3221886391,22,22,0.5000000000012177,0.749999999999844,-0.7294848961645728
7,7,w7,1.865231173469696e9,43188.3221886391,23,23,0.7499999999995922,0.24999999999981837,2.2294495690557084e-6
7,7,w7,1.865231173469696e9,43188.3221886391,24,24,0.749999999999844,0.49999999999953393,-0.7294838888671118
7,7,w7,1.865231173469696e9,43188.3221886391,25,25,0.7500000000000953,0.7499999999995921,1.0
8,8,w8,1.9230654782016153e9,43852.770473501616,1,1,0.0,0.0,2.8009544036035096e-16
8,8,w8,1.9230654782016153e9,43852.770473501616,2,2,1.0,0.0,1.0712273427828214e-15
8,8,w8,1.9230654782016153e9,43852.770473501616,3,3,1.0,1.0,1.4651698487150625e-15
8,8,w8,1.9230654782016153e9,43852.770473501616,4,4,0.0,1.0,2.0972377893197528e-15
8,8,w8,1.9230654782016153e9,43852.770473501616,5,5,0.24999999999941094,0.0,5.285271825617355e-10
8,8,w8,1.9230654782016153e9,43852.770473501616,6,6,0.4999999999986921,0.0,6.258977108662707e-10
8,8,w8,1.9230654782016153e9,43852.770473501616,7,7,0.7499999999993406,0.0,5.285285598449464e-10
8,8,w8,1.9230654782016153e9,43852.770473501616,8,8,1.0,0.24999999999941094,-5.285336926802847e-10
8,8,w8,1.9230654782016153e9,43852.770473501616,9,9,1.0,0.4999999999986921,-6.259007226924739e-10
8,8,w8,1.9230654782016153e9,43852.770473501616,10,10,1.0,0.7499999999993406,-5.285329795629224e-10
8,8,w8,1.9230654782016153e9,43852.770473501616,11,11,0.7500000000003471,1.0,5.285272402323785e-10
8,8,w8,1.9230654782016153e9,43852.770473501616,12,12,0.5000000000020595,1.0,6.25898223628432e-10
8,8,w8,1.9230654782016153e9,43852.770473501616,13,13,0.2500000000010405,1.0,5.285275386866321e-10
8,8,w8,1.9230654782016153e9,43852.770473501616,14,14,0.0,0.7500000000003471,-5.285327346357566e-10
8,8,w8,1.9230654782016153e9,43852.770473501616,15,15,0.0,0.5000000000020595,-6.259006929022961e-10
8,8,w8,1.9230654782016153e9,43852.770473501616,16,16,0.0,0.2500000000010405,-5.28534291910125e-10
8,8,w8,1.9230654782016153e9,43852.770473501616,17,17,0.24999999999981837,0.25000000000063316,-2.291811893487297e-6
8,8,w8,1.9230654782016153e9,43852.770473501616,18,18,0.2500000000002257,0.5000000000012177,-0.9999997304021159
8,8,w8,1.9230654782016153e9,43852.770473501616,19,19,0.25000000000063316,0.7500000000000954,1.2085037183973022e-7
8,8,w8,1.9230654782016153e9,43852.770473501616,20,20,0.49999999999953393,0.2500000000002257,0.9999958593618397
8,8,w8,1.9230654782016153e9,43852.770473501616,21,21,0.5000000000003757,0.5000000000003757,9.169889701573068e-6
8,8,w8,1.9230654782016153e9,43852.770473501616,22,22,0.5000000000012177,0.749999999999844,0.9999933764824919
8,8,w8,1.9230654782016153e9,43852.770473501616,23,23,0.7499999999995922,0.24999999999981837,-1.4328913242421063e-6
8,8,w8,1.9230654782016153e9,43852.770473501616,24,24,0.749999999999844,0.49999999999953393,-1.0
8,8,w8,1.9230654782016153e9,43852.770473501616,25,25,0.7500000000000953,0.7499999999995921,0.0
9,9,w9,1.979287060481754e9,44489.17913922164,1,1,0.0,0.0,7.196970937107915e-11
9,9,w9,1.979287060481754e9,44489.17913922164,2,2,1.0,0.0,7.196997119454836e-11
9,9,w9,1.979287060481754e9,44489.17913922164,3,3,1.0,1.0,7.197005139241509e-11
9,9,w9,1.979287060481754e9,44489.17913922164,4,4,0.0,1.0,7.196981936217407e-11
9,9,w9,1.979287060481754e9,44489.17913922164,5,5,0.24999999999941094,0.0,-2.9749937239114536e-10
9,9,w9,1.979287060481754e9,44489.17913922164,6,6,0.4999999999986921,0.0,-2.8432237602071993e-10
9,9,w9,1.979287060481754e9,44489.17913922164,7,7,0.7499999999993406,0.0,-2.9749920332332835e-10
9,9,w9,1.979287060481754e9,44489.17913922164,8,8,1.0,0.24999999999941094,-2.974970019315372e-10
9,9,w9,1.979287060481754e9,44489.17913922164,9,9,1.0,0.4999999999986921,-2.8431909443483914e-10
9,9,w9,1.979287060481754e9,44489.17913922164,10,10,1.0,0.7499999999993406,-2.974969997178051e-10
9,9,w9,1.979287060481754e9,44489.17913922164,11,11,0.7500000000003471,1.0,-2.9749924923542034e-10
9,9,w9,1.979287060481754e9,44489.17913922164,12,12,0.5000000000020595,1.0,-2.8432195800040373e-10
9,9,w9,1.979287060481754e9,44489.17913922164,13,13,0.2500000000010405,1.0,-2.9749996081246707e-10
9,9,w9,1.979287060481754e9,44489.17913922164,14,14,0.0,0.7500000000003471,-2.9749662637351616e-10
9,9,w9,1.979287060481754e9,44489.17913922164,15,15,0.0,0.5000000000020595,-2.8431954848798784e-10
9,9,w9,1.979287060481754e9,44489.17913922164,16,16,0.0,0.2500000000010405,-2.97496717125882e-10
9,9,w9,1.979287060481754e9,44489.17913922164,17,17,0.24999999999981837,0.25000000000063316,-0.21558506315808756
9,9,w9,1.979287060481754e9,44489.17913922164,18,18,0.2500000000002257,0.5000000000012177,-0.1975718460450954
9,9,w9,1.979287060481754e9,44489.17913922164,19,19,0.25000000000063316,0.7500000000000954,-0.21558449635786447
9,9,w9,1.979287060481754e9,44489.17913922164,20,20,0.49999999999953393,0.2500000000002257,-0.19757647593639183
9,9,w9,1.979287060481754e9,44489.17913922164,21,21,0.5000000000003757,0.5000000000003757,1.0
9,9,w9,1.979287060481754e9,44489.17913922164,22,22,0.5000000000012177,0.749999999999844,-0.197577344140726
9,9,w9,1.979287060481754e9,44489.17913922164,23,23,0.7499999999995922,0.24999999999981837,-0.2155847918894093
9,9,w9,1.979287060481754e9,44489.17913922164,24,24,0.749999999999844,0.49999999999953393,-0.19757222695586393
9,9,w9,1.979287060481754e9,44489.17913922164,25,25,0.7500000000000953,0.7499999999995921,-0.2155842266510441
10,10,w10,7.084226876576565e9,84167.8494234976,1,1,0.0,0.0,-3.834665815079538e-16
10,10,w10,7.084226876576565e9,84167.8494234976,2,2,1.0,0.0,-4.616565218624845e-16
10,10,w10,7.084226876576565e9,84167.8494234976,3,3,1.0,1.0,5.589690152156526e-16
10,10,w10,7.084226876576565e9,84167.8494234976,4,4,0.0,1.0,-1.417793506712571e-15
10,10,w10,7.084226876576565e9,84167.8494234976,5,5,0.24999999999941094,0.0,-9.096620545906833e-9
10,10,w10,7.084226876576565e9,84167.8494234976,6,6,0.4999999999986921,0.0,1.8179471151183617e-8
10,10,w10,7.084226876576565e9,84167.8494234976,7,7,0.7499999999993406,0.0,-9.096623253911716e-9
10,10,w10,7.084226876576565e9,84167.8494234976,8,8,1.0,0.24999999999941094,9.096619647980229e-9
10,10,w10,7.084226876576565e9,84167.8494234976,9,9,1.0,0.4999999999986921,-1.817947112705425e-8
10,10,w10,7.084226876576565e9,84167.8494234976,10,10,1.0,0.7499999999993406,9.096622062788892e-9
10,10,w10,7.084226876576565e9,84167.8494234976,11,11,0.7500000000003471,1.0,-9.096619408797236e-9
10,10,w10,7.084226876576565e9,84167.8494234976,12,12,0.5000000000020595,1.0,1.8179469755315903e-8
10,10,w10,7.084226876576565e9,84167.8494234976,13,13,0.2500000000010405,1.0,-9.096622842323613e-9
10,10,w10,7.084226876576565e9,84167.8494234976,14,14,0.0,0.7500000000003471,9.096620394480136e-9
10,10,w10,7.084226876576565e9,84167.8494234976,15,15,0.0,0.5000000000020595,-1.817947207141892e-8
10,10,w10,7.084226876576565e9,84167.8494234976,16,16,0.0,0.2500000000010405,9.096622511337287e-9
10,10,w10,7.084226876576565e9,84167.8494234976,17,17,0.24999999999981837,0.25000000000063316,-7.217873122559322e-7
10,10,w10,7.084226876576565e9,84167.8494234976,18,18,0.2500000000002257,0.5000000000012177,-0.9999996490821024
10,10,w10,7.084226876576565e9,84167.8494234976,19,19,0.25000000000063316,0.7500000000000954,-3.3647552514974926e-7
10,10,w10,7.084226876576565e9,84167.8494234976,20,20,0.49999999999953393,0.2500000000002257,0.9999996169500786
10,10,w10,7.084226876576565e9,84167.8494234976,21,21,0.5000000000003757,0.5000000000003757,1.21329002670748e-6
10,10,w10,7.084226876576565e9,84167.8494234976,22,22,0.5000000000012177,0.749999999999844,0.9999991587997452
10,10,w10,7.084226876576565e9,84167.8494234976,23,23,0.7499999999995922,0.24999999999981837,-2.1574636500447062e-7
10,10,w10,7.084226876576565e9,84167.8494234976,24,24,0.749999999999844,0.49999999999953393,-1.0
10,10,w10,7.084226876576565e9,84167.8494234976,25,25,0.7500000000000953,0.7499999999995921,0.0
11,11,w11,7.147827337363513e9,84544.82442683002,1,1,0.0,0.0,2.4111933536595726e-8
11,11,w11,7.147827337363513e9,84544.82442683002,2,2,1.0,0.0,-7.457617311978285e-15
11,11,w11,7.147827337363513e9,84544.82442683002,3,3,1.0,1.0,-2.41119319518644e-8
11,11,w11,7.147827337363513e9,84544.82442683002,4,4,0.0,1.0,9.929249399313323e-15
11,11,w11,7.147827337363513e9,84544.82442683002,5,5,0.24999999999941094,0.0,-1.7102070497089572e-8
11,11,w11,7.147827337363513e9,84544.82442683002,6,6,0.4999999999986921,0.0,1.5686712564849494e-8
11,11,w11,7.147827337363513e9,84544.82442683002,7,7,0.7499999999993406,0.0,-1.8026024337550772e-8
11,11,w11,7.147827337363513e9,84544.82442683002,8,8,1.0,0.24999999999941094,1.802601731163787e-8
11,11,w11,7.147827337363513e9,84544.82442683002,9,9,1.0,0.4999999999986921,-1.5686715688032745e-8
11,11,w11,7.147827337363513e9,84544.82442683002,10,10,1.0,0.7499999999993406,1.7102088084545755e-8
11,11,w11,7.147827337363513e9,84544.82442683002,11,11,0.7500000000003471,1.0,1.71020709989502e-8
11,11,w11,7.147827337363513e9,84544.82442683002,12,12,0.5000000000020595,1.0,-1.568670848419892e-8
11,11,w11,7.147827337363513e9,84544.82442683002,13,13,0.2500000000010405,1.0,1.8026030745225836e-8
11,11,w11,7.147827337363513e9,84544.82442683002,14,14,0.0,0.7500000000003471,-1.802602669776089e-8
11,11,w11,7.147827337363513e9,84544.82442683002,15,15,0.0,0.5000000000020595,1.5686719896256493e-8
11,11,w11,7.147827337363513e9,84544.82442683002,16,16,0.0,0.2500000000010405,-1.7102089939433295e-8
11,11,w11,7.147827337363513e9,84544.82442683002,17,17,0.24999999999981837,0.25000000000063316,1.0
11,11,w11,7.147827337363513e9,84544.82442683002,18,18,0.2500000000002257,0.5000000000012177,-0.6504448202648991
11,11,w11,7.147827337363513e9,84544.82442683002,19,19,0.25000000000063316,0.7500000000000954,-4.4038290151532306e-7
11,11,w11,7.147827337363513e9,84544.82442683002,20,20,0.49999999999953393,0.2500000000002257,-0.6504458784720847
11,11,w11,7.147827337363513e9,84544.82442683002,21,21,0.5000000000003757,0.5000000000003757,5.427473454423197e-9
11,11,w11,7.147827337363513e9,84544.82442683002,22,22,0.5000000000012177,0.749999999999844,0.6504443302752889
11,11,w11,7.147827337363513e9,84544.82442683002,23,23,0.7499999999995922,0.24999999999981837,1.1463622306130716e-6
11,11,w11,7.147827337363513e9,84544.82442683002,24,24,0.749999999999844,0.49999999999953393,0.6504453119397331
11,11,w11,7.147827337363513e9,84544.82442683002,25,25,0.7500000000000953,0.7499999999995921,-0.9999987029036922
12,12,w12,7.147827355525568e9,84544.82453424082,1,1,0.0,0.0,-1.0993109619305784e-15
12,12,w12,7.147827355525568e9,84544.82453424082,2,2,1.0,0.0,-2.4111959665562274e-8
12,12,w12,7.147827355525568e9,84544.82453424082,3,3,1.0,1.0,-7.665095885051712e-17
12,12,w12,7.147827355525568e9,84544.82453424082,4,4,0.0,1.0,2.4111963900064945e-8
12,12,w12,7.147827355525568e9,84544.82453424082,5,5,0.24999999999941094,0.0,1.8026040456068626e-8
12,12,w12,7.147827355525568e9,84544.82453424082,6,6,0.4999999999986921,0.0,-1.5686740113963413e-8
12,12,w12,7.147827355525568e9,84544.82453424082,7,7,0.7499999999993406,0.0,1.7102102396862113e-8
12,12,w12,7.147827355525568e9,84544.82453424082,8,8,1.0,0.24999999999941094,1.7102106314640232e-8
12,12,w12,7.147827355525568e9,84544.82453424082,9,9,1.0,0.4999999999986921,-1.5686736552724734e-8
12,12,w12,7.147827355525568e9,84544.82453424082,10,10,1.0,0.7499999999993406,1.8026049128187896e-8
12,12,w12,7.147827355525568e9,84544.82453424082,11,11,0.7500000000003471,1.0,-1.8026053235202166e-8
12,12,w12,7.147827355525568e9,84544.82453424082,12,12,0.5000000000020595,1.0,1.568673859667718e-8
12,12,w12,7.147827355525568e9,84544.82453424082,13,13,0.2500000000010405,1.0,-1.710210598826781e-8
12,12,w12,7.147827355525568e9,84544.82453424082,14,14,0.0,0.7500000000003471,-1.710209772664694e-8
12,12,w12,7.147827355525568e9,84544.82453424082,15,15,0.0,0.5000000000020595,1.5686728104091485e-8
12,12,w12,7.147827355525568e9,84544.82453424082,16,16,0.0,0.2500000000010405,-1.8026044175797204e-8
12,12,w12,7.147827355525568e9,84544.82453424082,17,17,0.24999999999981837,0.25000000000063316,3.8224026671742116e-7
12,12,w12,7.147827355525568e9,84544.82453424082,18,18,0.2500000000002257,0.5000000000012177,-0.6504461890340304
12,12,w12,7.147827355525568e9,84544.82453424082,19,19,0.25000000000063316,0.7500000000000954,1.0
12,12,w12,7.147827355525568e9,84544.82453424082,20,20,0.49999999999953393,0.2500000000002257,0.6504452144880143
12,12,w12,7.147827355525568e9,84544.82453424082,21,21,0.5000000000003757,0.5000000000003757,1.728917637051912e-8
12,12,w12,7.147827355525568e9,84544.82453424082,22,22,0.5000000000012177,0.749999999999844,-0.6504451415169284
12,12,w12,7.147827355525568e9,84544.82453424082,23,23,0.7499999999995922,0.24999999999981837,-0.9999996129952181
12,12,w12,7.147827355525568e9,84544.82453424082,24,24,0.749999999999844,0.49999999999953393,0.6504453672369018
12,12,w12,7.147827355525568e9,84544.82453424082,25,25,0.7500000000000953,0.7499999999995921,0.0
13,13,w13,9.171947443251352e9,95770.28476125229,1,1,0.0,0.0,4.5762565635342454e-9
13,13,w13,9.171947443251352e9,95770.28476125229,2,2,1.0,0.0,4.576256794523246e-9
13,13,w13,9.171947443251352e9,95770.28476125229,3,3,1.0,1.0,4.576256436874164e-9
13,13,w13,9.171947443251352e9,95770.28476125229,4,4,0.0,1.0,4.576256018127311e-9
13,13,w13,9.171947443251352e9,95770.28476125229,5,5,0.24999999999941094,0.0,-2.6659665788726456e-9
13,13,w13,9.171947443251352e9,95770.28476125229,6,6,0.4999999999986921,0.0,-2.2994133056836157e-9
13,13,w13,9.171947443251352e9,95770.28476125229,7,7,0.7499999999993406,0.0,-2.6659623908297753e-9
13,13,w13,9.171947443251352e9,95770.28476125229,8,8,1.0,0.24999999999941094,-2.6659649408091794e-9
13,13,w13,9.171947443251352e9,95770.28476125229,9,9,1.0,0.4999999999986921,-2.29941481226688e-9
13,13,w13,9.171947443251352e9,95770.28476125229,10,10,1.0,0.7499999999993406,-2.665964053440722e-9
13,13,w13,9.171947443251352e9,95770.28476125229,11,11,0.7500000000003471,1.0,-2.665963026056484e-9
13,13,w13,9.171947443251352e9,95770.28476125229,12,12,0.5000000000020595,1.0,-2.2994155305596403e-9
13,13,w13,9.171947443251352e9,95770.28476125229,13,13,0.2500000000010405,1.0,-2.6659621744603602e-9
13,13,w13,9.171947443251352e9,95770.28476125229,14,14,0.0,0.7500000000003471,-2.6659644728063145e-9
13,13,w13,9.171947443251352e9,95770.28476125229,15,15,0.0,0.5000000000020595,-2.2994159753315967e-9
13,13,w13,9.171947443251352e9,95770.28476125229,16,16,0.0,0.2500000000010405,-2.665961980375055e-9
13,13,w13,9.171947443251352e9,95770.28476125229,17,17,0.24999999999981837,0.25000000000063316,0.1811235729464112
13,13,w13,9.171947443251352e9,95770.28476125229,18,18,0.2500000000002257,0.5000000000012177,-0.5643597947988053
13,13,w13,9.171947443251352e9,95770.28476125229,19,19,0.25000000000063316,0.7500000000000954,0.18112381429562585
13,13,w13,9.171947443251352e9,95770.28476125229,20,20,0.49999999999953393,0.2500000000002257,-0.5643597631745209
13,13,w13,9.171947443251352e9,95770.28476125229,21,21,0.5000000000003757,0.5000000000003757,1.0
13,13,w13,9.171947443251352e9,95770.28476125229,22,22,0.5000000000012177,0.749999999999844,-0.5643596880063332
13,13,w13,9.171947443251352e9,95770.28476125229,23,23,0.7499999999995922,0.24999999999981837,0.18112377795809578
13,13,w13,9.171947443251352e9,95770.28476125229,24,24,0.749999999999844,0.49999999999953393,-0.5643600211499085
13,13,w13,9.171947443251352e9,95770.28476125229,25,25,0.7500000000000953,0.7499999999995921,0.1811237862090522
14,14,w14,1.1636734038432766e10,107873.69483999687,1,1,0.0,0.0,-1.2701868582419971e-8
14,14,w14,1.1636734038432766e10,107873.69483999687,2,2,1.0,0.0,-1.952433562505402e-15
14,14,w14,1.1636734038432766e10,107873.69483999687,3,3,1.0,1.0,1.2701869692994078e-8
14,14,w14,1.1636734038432766e10,107873.69483999687,4,4,0.0,1.0,2.5062332975135557e-15
14,14,w14,1.1636734038432766e10,107873.69483999687,5,5,0.24999999999941094,0.0,1.7834425253674164e-8
14,14,w14,1.1636734038432766e10,107873.69483999687,6,6,0.4999999999986921,0.0,-6.605309643286277e-9
14,14,w14,1.1636734038432766e10,107873.69483999687,7,7,0.7499999999993406,0.0,-2.3543128729285536e-9
14,14,w14,1.1636734038432766e10,107873.69483999687,8,8,1.0,0.24999999999941094,2.354312996309921e-9
14,14,w14,1.1636734038432766e10,107873.69483999687,9,9,1.0,0.4999999999986921,6.605304619928442e-9
14,14,w14,1.1636734038432766e10,107873.69483999687,10,10,1.0,0.7499999999993406,-1.783442296929451e-8
14,14,w14,1.1636734038432766e10,107873.69483999687,11,11,0.7500000000003471,1.0,-1.783442531362208e-8
14,14,w14,1.1636734038432766e10,107873.69483999687,12,12,0.5000000000020595,1.0,6.605298825949603e-9
14,14,w14,1.1636734038432766e10,107873.69483999687,13,13,0.2500000000010405,1.0,2.3543132928769063e-9
14,14,w14,1.1636734038432766e10,107873.69483999687,14,14,0.0,0.7500000000003471,-2.35431733616305e-9
14,14,w14,1.1636734038432766e10,107873.69483999687,15,15,0.0,0.5000000000020595,-6.605301542904116e-9
14,14,w14,1.1636734038432766e10,107873.69483999687,16,16,0.0,0.2500000000010405,1.7834419432656453e-8
14,14,w14,1.1636734038432766e10,107873.69483999687,17,17,0.24999999999981837,0.25000000000063316,0.999999921972485
14,14,w14,1.1636734038432766e10,107873.69483999687,18,18,0.2500000000002257,0.5000000000012177,-0.49636762439547333
14,14,w14,1.1636734038432766e10,107873.69483999687,19,19,0.25000000000063316,0.7500000000000954,-1.8846601347577384e-7
14,14,w14,1.1636734038432766e10,107873.69483999687,20,20,0.49999999999953393,0.2500000000002257,-0.496367725797318
14,14,w14,1.1636734038432766e10,107873.69483999687,21,21,0.5000000000003757,0.5000000000003757,2.802951638182426e-7
14,14,w14,1.1636734038432766e10,107873.69483999687,22,22,0.5000000000012177,0.749999999999844,0.49636779335095726
14,14,w14,1.1636734038432766e10,107873.69483999687,23,23,0.7499999999995922,0.24999999999981837,-2.5080206820962756e-7
14,14,w14,1.1636734038432766e10,107873.69483999687,24,24,0.749999999999844,0.49999999999953393,0.4963677250568396
14,14,w14,1.1636734038432766e10,107873.69483999687,25,25,0.7500000000000953,0.7499999999995921,-1.0
15,15,w15,1.16367340718274e10,107873.69499478268,1,1,0.0,0.0,-2.8091574142452844e-17
15,15,w15,1.16367340718274e10,107873.69499478268,2,2,1.0,0.0,-1.2701869048406025e-8
15,15,w15,1.16367340718274e10,107873.69499478268,3,3,1.0,1.0,3.490468011678482e-16
15,15,w15,1.16367340718274e10,107873.69499478268,4,4,0.0,1.0,1.2701868908115161e-8
15,15,w15,1.16367340718274e10,107873.69499478268,5,5,0.24999999999941094,0.0,-2.3543100064433564e-9
15,15,w15,1.16367340718274e10,107873.69499478268,6,6,0.4999999999986921,0.0,-6.605306714400122e-9
15,15,w15,1.16367340718274e10,107873.69499478268,7,7,0.7499999999993406,0.0,1.7834423893844744e-8
15,15,w15,1.16367340718274e10,107873.69499478268,8,8,1.0,0.24999999999941094,1.7834422035188887e-8
15,15,w15,1.16367340718274e10,107873.69499478268,9,9,1.0,0.4999999999986921,-6.6053025180203405e-9
15,15,w15,1.16367340718274e10,107873.69499478268,10,10,1.0,0.7499999999993406,-2.3543118507415096e-9
15,15,w15,1.16367340718274e10,107873.69499478268,11,11,0.7500000000003471,1.0,2.3543120788375607e-9
15,15,w15,1.16367340718274e10,107873.69499478268,12,12,0.5000000000020595,1.0,6.6053040939609136e-9
15,15,w15,1.16367340718274e10,107873.69499478268,13,13,0.2500000000010405,1.0,-1.7834424258190742e-8
15,15,w15,1.16367340718274e10,107873.69499478268,14,14,0.0,0.7500000000003471,-1.783442434248126e-8
15,15,w15,1.16367340718274e10,107873.69499478268,15,15,0.0,0.5000000000020595,6.605304868682174e-9
15,15,w15,1.16367340718274e10,107873.69499478268,16,16,0.0,0.2500000000010405,2.3543119410958434e-9
15,15,w15,1.16367340718274e10,107873.69499478268,17,17,0.24999999999981837,0.25000000000063316,1.198533834583165e-7
15,15,w15,1.16367340718274e10,107873.69499478268,18,18,0.2500000000002257,0.5000000000012177,0.4963675416674575
15,15,w15,1.16367340718274e10,107873.69499478268,19,19,0.25000000000063316,0.7500000000000954,-0.9999998962622969
15,15,w15,1.16367340718274e10,107873.69499478268,20,20,0.49999999999953393,0.2500000000002257,-0.49636760766868354
15,15,w15,1.16367340718274e10,107873.69499478268,21,21,0.5000000000003757,0.5000000000003757,6.882565403005519e-8
15,15,w15,1.16367340718274e10,107873.69499478268,22,22,0.5000000000012177,0.749999999999844,0.4963675716679144
15,15,w15,1.16367340718274e10,107873.69499478268,23,23,0.7499999999995922,0.24999999999981837,1.0
15,15,w15,1.16367340718274e10,107873.69499478268,24,24,0.749999999999844,0.49999999999953393,-0.4963675680960471
15,15,w15,1.16367340718274e10,107873.69499478268,25,25,0.7500000000000953,0.7499999999995921,0.0
16,16,w16,1.520745376076557e10,123318.50534597624,1,1,0.0,0.0,2.594474601967319e-10
16,16,w16,1.520745376076557e10,123318.50534597624,2,2,1.0,0.0,2.5835693160850095e-9
16,16,w16,1.520745376076557e10,123318.50534597624,3,3,1.0,1.0,-7.798441459037697e-10
16,16,w16,1.520745376076557e10,123318.50534597624,4,4,0.0,1.0,2.718192281230216e-9
16,16,w16,1.520745376076557e10,123318.50534597624,5,5,0.24999999999941094,0.0,0.02499376289794264
16,16,w16,1.520745376076557e10,123318.50534597624,6,6,0.4999999999986921,0.0,8.609693709945739e-9
16,16,w16,1.520745376076557e10,123318.50534597624,7,7,0.7499999999993406,0.0,-0.024993754742723178
16,16,w16,1.520745376076557e10,123318.50534597624,8,8,1.0,0.24999999999941094,0.024993739255716782
16,16,w16,1.520745376076557e10,123318.50534597624,9,9,1.0,0.4999999999986921,1.5799449061784392e-8
16,16,w16,1.520745376076557e10,123318.50534597624,10,10,1.0,0.7499999999993406,-0.02499375952799086
16,16,w16,1.520745376076557e10,123318.50534597624,11,11,0.7500000000003471,1.0,0.024993758920841637
16,16,w16,1.520745376076557e10,123318.50534597624,12,12,0.5000000000020595,1.0,-8.134119270324745e-9
16,16,w16,1.520745376076557e10,123318.50534597624,13,13,0.2500000000010405,1.0,-0.024993751362555355
16,16,w16,1.520745376076557e10,123318.50534597624,14,14,0.0,0.7500000000003471,0.024993747460594795
16,16,w16,1.520745376076557e10,123318.50534597624,15,15,0.0,0.5000000000020595,-2.3576279844926524e-8
16,16,w16,1.520745376076557e10,123318.50534597624,16,16,0.0,0.2500000000010405,-0.024993750768730703
16,16,w16,1.520745376076557e10,123318.50534597624,17,17,0.24999999999981837,0.25000000000063316,1.0
16,16,w16,1.520745376076557e10,123318.50534597624,18,18,0.2500000000002257,0.5000000000012177,0.04635886754214583
16,16,w16,1.520745376076557e10,123318.50534597624,19,19,0.25000000000063316,0.7500000000000954,-0.01647304035679561
16,16,w16,1.520745376076557e10,123318.50534597624,20,20,0.49999999999953393,0.2500000000002257,-0.6322645202022533
16,16,w16,1.520745376076557e10,123318.50534597624,21,21,0.5000000000003757,0.5000000000003757,0.1909435183675765
16,16,w16,1.520745376076557e10,123318.50534597624,22,22,0.5000000000012177,0.749999999999844,0.3917128136474866
16,16,w16,1.520745376076557e10,123318.50534597624,23,23,0.7499999999995922,0.24999999999981837,0.8410129632153062
16,16,w16,1.520745376076557e10,123318.50534597624,24,24,0.749999999999844,0.49999999999953393,0.35857501875758
16,16,w16,1.520745376076557e10,123318.50534597624,25,25,0.7500000000000953,0.7499999999995921,-0.19645220803619573
17,17,w17,1.8024038159429276e10,134253.6336917153,1,1,0.0,0.0,8.137875395951723e-7
17,17,w17,1.8024038159429276e10,134253.6336917153,2,2,1.0,0.0,-8.137879405186129e-7
17,17,w17,1.8024038159429276e10,134253.6336917153,3,3,1.0,1.0,8.137869204814718e-7
17,17,w17,1.8024038159429276e10,134253.6336917153,4,4,0.0,1.0,-8.137865231658761e-7
17,17,w17,1.8024038159429276e10,134253.6336917153,5,5,0.24999999999941094,0.0,-5.69754920679148e-7
17,17,w17,1.8024038159429276e10,134253.6336917153,6,6,0.4999999999986921,0.0,-1.36300640443162e-12
17,17,w17,1.8024038159429276e10,134253.6336917153,7,7,0.7499999999993406,0.0,5.69756691311329e-7
17,17,w17,1.8024038159429276e10,134253.6336917153,8,8,1.0,0.24999999999941094,5.697573077766526e-7
17,17,w17,1.8024038159429276e10,134253.6336917153,9,9,1.0,0.4999999999986921,3.3117255787938223e-13
17,17,w17,1.8024038159429276e10,134253.6336917153,10,10,1.0,0.7499999999993406,-5.697578710856595e-7
17,17,w17,1.8024038159429276e10,134253.6336917153,11,11,0.7500000000003471,1.0,-5.69754460316334e-7
17,17,w17,1.8024038159429276e10,134253.6336917153,12,12,0.5000000000020595,1.0,-7.407014257194046e-13
17,17,w17,1.8024038159429276e10,134253.6336917153,13,13,0.2500000000010405,1.0,5.697560040592572e-7
17,17,w17,1.8024038159429276e10,134253.6336917153,14,14,0.0,0.7500000000003471,5.697562142792652e-7
17,17,w17,1.8024038159429276e10,134253.6336917153,15,15,0.0,0.5000000000020595,1.6879282653153069e-12
17,17,w17,1.8024038159429276e10,134253.6336917153,16,16,0.0,0.2500000000010405,-5.697584669134913e-7
17,17,w17,1.8024038159429276e10,134253.6336917153,17,17,0.24999999999981837,0.25000000000063316,-1.0
17,17,w17,1.8024038159429276e10,134253.6336917153,18,18,0.2500000000002257,0.5000000000012177,1.1068216938965455e-5
17,17,w17,1.8024038159429276e10,134253.6336917153,19,19,0.25000000000063316,0.7500000000000954,0.9999887942376098
17,17,w17,1.8024038159429276e10,134253.6336917153,20,20,0.49999999999953393,0.2500000000002257,-6.5009532550463205e-6
17,17,w17,1.8024038159429276e10,134253.6336917153,21,21,0.5000000000003757,0.5000000000003757,3.1589699705672087e-6
17,17,w17,1.8024038159429276e10,134253.6336917153,22,22,0.5000000000012177,0.749999999999844,7.931540454648489e-7
17,17,w17,1.8024038159429276e10,134253.6336917153,23,23,0.7499999999995922,0.24999999999981837,0.9999940702666957
17,17,w17,1.8024038159429276e10,134253.6336917153,24,24,0.749999999999844,0.49999999999953393,-3.82984201446235e-6
17,17,w17,1.8024038159429276e10,134253.6336917153,25,25,0.7500000000000953,0.7499999999995921,-0.9999861538180682
18,18,w18,1.8076107597903763e10,134447.41573531178,1,1,0.0,0.0,-7.117498426533456e-8
18,18,w18,1.8076107597903763e10,134447.41573531178,2,2,1.0,0.0,1.3876633529637134e-14
18,18,w18,1.8076107597903763e10,134447.41573531178,3,3,1.0,1.0,7.117499308977082e-8
18,18,w18,1.8076107597903763e10,134447.41573531178,4,4,0.0,1.0,-2.5884888803784437e-14
18,18,w18,1.8076107597903763e10,134447.41573531178,5,5,0.24999999999941094,0.0,7.64822361135044e-8
18,18,w18,1.8076107597903763e10,134447.41573531178,6,6,0.4999999999986921,0.0,-4.082649536687356e-8
18,18,w18,1.8076107597903763e10,134447.41573531178,7,7,0.7499999999993406,0.0,1.677805950835922e-8
18,18,w18,1.8076107597903763e10,134447.41573531178,8,8,1.0,0.24999999999941094,-1.677805789207727e-8
18,18,w18,1.8076107597903763e10,134447.41573531178,9,9,1.0,0.4999999999986921,4.082651455605165e-8
18,18,w18,1.8076107597903763e10,134447.41573531178,10,10,1.0,0.7499999999993406,-7.648226788104419e-8
18,18,w18,1.8076107597903763e10,134447.41573531178,11,11,0.7500000000003471,1.0,-7.648225233904664e-8
18,18,w18,1.8076107597903763e10,134447.41573531178,12,12,0.5000000000020595,1.0,4.082651698173e-8
18,18,w18,1.8076107597903763e10,134447.41573531178,13,13,0.2500000000010405,1.0,-1.6778046302681947e-8
18,18,w18,1.8076107597903763e10,134447.41573531178,14,14,0.0,0.7500000000003471,1.677807162692393e-8
18,18,w18,1.8076107597903763e10,134447.41573531178,15,15,0.0,0.5000000000020595,-4.082651995545055e-8
18,18,w18,1.8076107597903763e10,134447.41573531178,16,16,0.0,0.2500000000010405,7.648225510197195e-8
18,18,w18,1.8076107597903763e10,134447.41573531178,17,17,0.24999999999981837,0.25000000000063316,0.9999999792452102
18,18,w18,1.8076107597903763e10,134447.41573531178,18,18,0.2500000000002257,0.5000000000012177,-0.24575954991288804
18,18,w18,1.8076107597903763e10,134447.41573531178,19,19,0.25000000000063316,0.7500000000000954,2.9654113705038594e-7
18,18,w18,1.8076107597903763e10,134447.41573531178,20,20,0.49999999999953393,0.2500000000002257,-0.24575987831311782
18,18,w18,1.8076107597903763e10,134447.41573531178,21,21,0.5000000000003757,0.5000000000003757,2.9135459372820593e-7
18,18,w18,1.8076107597903763e10,134447.41573531178,22,22,0.5000000000012177,0.749999999999844,0.2457596512533798
18,18,w18,1.8076107597903763e10,134447.41573531178,23,23,0.7499999999995922,0.24999999999981837,2.214814487625043e-8
18,18,w18,1.8076107597903763e10,134447.41573531178,24,24,0.749999999999844,0.49999999999953393,0.2457600744748367
18,18,w18,1.8076107597903763e10,134447.41573531178,25,25,0.7500000000000953,0.7499999999995921,-1.0
19,19,w19,1.8076107663844444e10,134447.4159805403,1,1,0.0,0.0,-1.0674803394895253e-14
19,19,w19,1.8076107663844444e10,134447.4159805403,2,2,1.0,0.0,-7.11749860602816e-8
19,19,w19,1.8076107663844444e10,134447.4159805403,3,3,1.0,1.0,-7.19213878059217e-15
19,19,w19,1.8076107663844444e10,134447.4159805403,4,4,0.0,1.0,7.117500630991718e-8
19,19,w19,1.8076107663844444e10,134447.4159805403,5,5,0.24999999999941094,0.0,1.6778077463627065e-8
19,19,w19,1.8076107663844444e10,134447.4159805403,6,6,0.4999999999986921,0.0,-4.08265189123681e-8
19,19,w19,1.8076107663844444e10,134447.4159805403,7,7,0.7499999999993406,0.0,7.64822470687041e-8
19,19,w19,1.8076107663844444e10,134447.4159805403,8,8,1.0,0.24999999999941094,7.648225910439764e-8
19,19,w19,1.8076107663844444e10,134447.4159805403,9,9,1.0,0.4999999999986921,-4.082651220290312e-8
19,19,w19,1.8076107663844444e10,134447.4159805403,10,10,1.0,0.7499999999993406,1.677806327858642e-8
19,19,w19,1.8076107663844444e10,134447.4159805403,11,11,0.7500000000003471,1.0,-1.6778054295263956e-8
19,19,w19,1.8076107663844444e10,134447.4159805403,12,12,0.5000000000020595,1.0,4.08265139425381e-8
19,19,w19,1.8076107663844444e10,134447.4159805403,13,13,0.2500000000010405,1.0,-7.648227779537672e-8
19,19,w19,1.8076107663844444e10,134447.4159805403,14,14,0.0,0.7500000000003471,-7.648225900989435e-8
19,19,w19,1.8076107663844444e10,134447.4159805403,15,15,0.0,0.5000000000020595,4.082651257738722e-8
19,19,w19,1.8076107663844444e10,134447.4159805403,16,16,0.0,0.2500000000010405,-1.677806660793406e-8
19,19,w19,1.8076107663844444e10,134447.4159805403,17,17,0.24999999999981837,0.25000000000063316,-1.5128112233098708e-7
19,19,w19,1.8076107663844444e10,134447.4159805403,18,18,0.2500000000002257,0.5000000000012177,0.24575978170935633
19,19,w19,1.8076107663844444e10,134447.4159805403,19,19,0.25000000000063316,0.7500000000000954,-1.0
19,19,w19,1.8076107663844444e10,134447.4159805403,20,20,0.49999999999953393,0.2500000000002257,-0.245759722868299
19,19,w19,1.8076107663844444e10,134447.4159805403,21,21,0.5000000000003757,0.5000000000003757,6.016525987103585e-8
19,19,w19,1.8076107663844444e10,134447.4159805403,22,22,0.5000000000012177,0.749999999999844,0.24575966830176493
19,19,w19,1.8076107663844444e10,134447.4159805403,23,23,0.7499999999995922,0.24999999999981837,0.9999999363093044
19,19,w19,1.8076107663844444e10,134447.4159805403,24,24,0.749999999999844,0.49999999999953393,-0.24575964165186154
19,19,w19,1.8076107663844444e10,134447.4159805403,25,25,0.7500000000000953,0.7499999999995921,0.0
20,20,w20,1.8096085788655968e10,134521.69263228873,1,1,0.0,0.0,-2.044767951193238e-7
20,20,w20,1.8096085788655968e10,134521.69263228873,2,2,1.0,0.0,2.6063485478583657e-7
20,20,w20,1.8096085788655968e10,134521.69263228873,3,3,1.0,1.0,-1.79025350594958e-7
20,20,w20,1.8096085788655968e10,134521.69263228873,4,4,0.0,1.0,1.293923526991617e-7
20,20,w20,1.8096085788655968e10,134521.69263228873,5,5,0.24999999999941094,0.0,0.056429753023679204
20,20,w20,1.8096085788655968e10,134521.69263228873,6,6,0.4999999999986921,0.0,3.787282220179135e-8
20,20,w20,1.8096085788655968e10,134521.69263228873,7,7,0.7499999999993406,0.0,-0.056429821339777655
20,20,w20,1.8096085788655968e10,134521.69263228873,8,8,1.0,0.24999999999941094,0.056429395665191506
20,20,w20,1.8096085788655968e10,134521.69263228873,9,9,1.0,0.4999999999986921,6.68922378410867e-8
20,20,w20,1.8096085788655968e10,134521.69263228873,10,10,1.0,0.7499999999993406,-0.0564295015794176
20,20,w20,1.8096085788655968e10,134521.69263228873,11,11,0.7500000000003471,1.0,0.05642974285038726
20,20,w20,1.8096085788655968e10,134521.69263228873,12,12,0.5000000000020595,1.0,-5.679973973007694e-8
20,20,w20,1.8096085788655968e10,134521.69263228873,13,13,0.2500000000010405,1.0,-0.05642966416647707
20,20,w20,1.8096085788655968e10,134521.69263228873,14,14,0.0,0.7500000000003471,0.05642955649893255
20,20,w20,1.8096085788655968e10,134521.69263228873,15,15,0.0,0.5000000000020595,-4.5505707234755486e-8
20,20,w20,1.8096085788655968e10,134521.69263228873,16,16,0.0,0.2500000000010405,-0.05642946362830538
20,20,w20,1.8096085788655968e10,134521.69263228873,17,17,0.24999999999981837,0.25000000000063316,-0.34624018714393984
20,20,w20,1.8096085788655968e10,134521.69263228873,18,18,0.2500000000002257,0.5000000000012177,-0.4005499465501683
20,20,w20,1.8096085788655968e10,134521.69263228873,19,19,0.25000000000063316,0.7500000000000954,1.0
20,20,w20,1.8096085788655968e10,134521.69263228873,20,20,0.49999999999953393,0.2500000000002257,-0.4596606675636584
20,20,w20,1.8096085788655968e10,134521.69263228873,21,21,0.5000000000003757,0.5000000000003757,0.4097017171423344
20,20,w20,1.8096085788655968e10,134521.69263228873,22,22,0.5000000000012177,0.749999999999844,-0.24008699257571006
20,20,w20,1.8096085788655968e10,134521.69263228873,23,23,0.7499999999995922,0.24999999999981837,-0.9948458055133517
20,20,w20,1.8096085788655968e10,134521.69263228873,24,24,0.749999999999844,0.49999999999953393,0.39420483087983116
20,20,w20,1.8096085788655968e10,134521.69263228873,25,25,0.7500000000000953,0.7499999999995921,0.0
21,21,w21,1.9226430910693398e10,138659.40613854292,1,1,0.0,0.0,2.313921113583754e-14
21,21,w21,1.9226430910693398e10,138659.40613854292,2,2,1.0,0.0,-5.914679079765495e-14
21,21,w21,1.9226430910693398e10,138659.40613854292,3,3,1.0,1.0,6.022595072513496e-14
21,21,w21,1.9226430910693398e10,138659.40613854292,4,4,0.0,1.0,-5.403875346665969e-14
21,21,w21,1.9226430910693398e10,138659.40613854292,5,5,0.24999999999941094,0.0,-6.821131743697728e-8
21,21,w21,1.9226430910693398e10,138659.40613854292,6,6,0.4999999999986921,0.0,1.1142136614408169e-7
21,21,w21,1.9226430910693398e10,138659.40613854292,7,7,0.7499999999993406,0.0,-6.821128651656858e-8
21,21,w21,1.9226430910693398e10,138659.40613854292,8,8,1.0,0.24999999999941094,6.8211351502873e-8
21,21,w21,1.9226430910693398e10,138659.40613854292,9,9,1.0,0.4999999999986921,-1.1142137291770954e-7
21,21,w21,1.9226430910693398e10,138659.40613854292,10,10,1.0,0.7499999999993406,6.821128693938849e-8
21,21,w21,1.9226430910693398e10,138659.40613854292,11,11,0.7500000000003471,1.0,-6.821135581086322e-8
21,21,w21,1.9226430910693398e10,138659.40613854292,12,12,0.5000000000020595,1.0,1.1142139800084369e-7
21,21,w21,1.9226430910693398e10,138659.40613854292,13,13,0.2500000000010405,1.0,-6.82113038347693e-8
21,21,w21,1.9226430910693398e10,138659.40613854292,14,14,0.0,0.7500000000003471,6.821134539165963e-8
21,21,w21,1.9226430910693398e10,138659.40613854292,15,15,0.0,0.5000000000020595,-1.1142135804824368e-7
21,21,w21,1.9226430910693398e10,138659.40613854292,16,16,0.0,0.2500000000010405,6.821130632379565e-8
21,21,w21,1.9226430910693398e10,138659.40613854292,17,17,0.24999999999981837,0.25000000000063316,-1.2906942513063765e-6
21,21,w21,1.9226430910693398e10,138659.40613854292,18,18,0.2500000000002257,0.5000000000012177,-0.9999983825428285
21,21,w21,1.9226430910693398e10,138659.40613854292,19,19,0.25000000000063316,0.7500000000000954,-1.3692191011949372e-7
21,21,w21,1.9226430910693398e10,138659.40613854292,20,20,0.49999999999953393,0.2500000000002257,1.0
21,21,w21,1.9226430910693398e10,138659.40613854292,21,21,0.5000000000003757,0.5000000000003757,4.702331928152647e-7
21,21,w21,1.9226430910693398e10,138659.40613854292,22,22,0.5000000000012177,0.749999999999844,0.9999988708679217
21,21,w21,1.9226430910693398e10,138659.40613854292,23,23,0.7499999999995922,0.24999999999981837,-3.8049937672806496e-7
21,21,w21,1.9226430910693398e10,138659.40613854292,24,24,0.749999999999844,0.49999999999953393,-0.9999992578348705
21,21,w21,1.9226430910693398e10,138659.40613854292,25,25,0.7500000000000953,0.7499999999995921,-0.0
22,22,w22,2.02300774280935e10,142232.4766995692,1,1,0.0,0.0,-5.00300335760569e-8
22,22,w22,2.02300774280935e10,142232.4766995692,2,2,1.0,0.0,-1.9032930549673355e-14
22,22,w22,2.02300774280935e10,142232.4766995692,3,3,1.0,1.0,5.0030027498622386e-8
22,22,w22,2.02300774280935e10,142232.4766995692,4,4,0.0,1.0,3.0359403452122895e-14
22,22,w22,2.02300774280935e10,142232.4766995692,5,5,0.24999999999941094,0.0,4.726857497223923e-8
22,22,w22,2.02300774280935e10,142232.4766995692,6,6,0.4999999999986921,0.0,-5.893343946152121e-8
22,22,w22,2.02300774280935e10,142232.4766995692,7,7,0.7499999999993406,0.0,5.421911970081011e-8
22,22,w22,2.02300774280935e10,142232.4766995692,8,8,1.0,0.24999999999941094,-5.4219147130386536e-8
22,22,w22,2.02300774280935e10,142232.4766995692,9,9,1.0,0.4999999999986921,5.8933436063949924e-8
22,22,w22,2.02300774280935e10,142232.4766995692,10,10,1.0,0.7499999999993406,-4.726856216372998e-8
22,22,w22,2.02300774280935e10,142232.4766995692,11,11,0.7500000000003471,1.0,-4.7268558956631397e-8
22,22,w22,2.02300774280935e10,142232.4766995692,12,12,0.5000000000020595,1.0,5.893343133745423e-8
22,22,w22,2.02300774280935e10,142232.4766995692,13,13,0.2500000000010405,1.0,-5.42191267869735e-8
22,22,w22,2.02300774280935e10,142232.4766995692,14,14,0.0,0.7500000000003471,5.421913044105141e-8
22,22,w22,2.02300774280935e10,142232.4766995692,15,15,0.0,0.5000000000020595,-5.8933435426221293e-8
22,22,w22,2.02300774280935e10,142232.4766995692,16,16,0.0,0.2500000000010405,4.726857345406454e-8
22,22,w22,2.02300774280935e10,142232.4766995692,17,17,0.24999999999981837,0.25000000000063316,-0.9999999584203811
22,22,w22,2.02300774280935e10,142232.4766995692,18,18,0.2500000000002257,0.5000000000012177,0.7318099164192958
22,22,w22,2.02300774280935e10,142232.4766995692,19,19,0.25000000000063316,0.7500000000000954,-5.182526101226268e-8
22,22,w22,2.02300774280935e10,142232.4766995692,20,20,0.49999999999953393,0.2500000000002257,0.7318097036511308
22,22,w22,2.02300774280935e10,142232.4766995692,21,21,0.5000000000003757,0.5000000000003757,7.872599533044387e-8
22,22,w22,2.02300774280935e10,142232.4766995692,22,22,0.5000000000012177,0.749999999999844,-0.7318102047271268
22,22,w22,2.02300774280935e10,142232.4766995692,23,23,0.7499999999995922,0.24999999999981837,-1.7024421999907655e-7
22,22,w22,2.02300774280935e10,142232.4766995692,24,24,0.749999999999844,0.49999999999953393,-0.7318098630130859
22,22,w22,2.02300774280935e10,142232.4766995692,25,25,0.7500000000000953,0.7499999999995921,1.0
23,23,w23,2.0230077473903343e10,142232.47686060783,1,1,0.0,0.0,4.185060649991297e-17
23,23,w23,2.0230077473903343e10,142232.47686060783,2,2,1.0,0.0,-5.0030030620658636e-8
23,23,w23,2.0230077473903343e10,142232.47686060783,3,3,1.0,1.0,-1.4731021603389118e-15
23,23,w23,2.0230077473903343e10,142232.47686060783,4,4,0.0,1.0,5.003003249178183e-8
23,23,w23,2.0230077473903343e10,142232.47686060783,5,5,0.24999999999941094,0.0,5.421912948175186e-8
23,23,w23,2.0230077473903343e10,142232.47686060783,6,6,0.4999999999986921,0.0,-5.893343726253004e-8
23,23,w23,2.0230077473903343e10,142232.47686060783,7,7,0.7499999999993406,0.0,4.7268565604006597e-8
23,23,w23,2.0230077473903343e10,142232.47686060783,8,8,1.0,0.24999999999941094,4.726856364429301e-8
23,23,w23,2.0230077473903343e10,142232.47686060783,9,9,1.0,0.4999999999986921,-5.893343793316448e-8
23,23,w23,2.0230077473903343e10,142232.47686060783,10,10,1.0,0.7499999999993406,5.421913235856321e-8
23,23,w23,2.0230077473903343e10,142232.47686060783,11,11,0.7500000000003471,1.0,-5.421913210622507e-8
23,23,w23,2.0230077473903343e10,142232.47686060783,12,12,0.5000000000020595,1.0,5.893343909815508e-8
23,23,w23,2.0230077473903343e10,142232.47686060783,13,13,0.2500000000010405,1.0,-4.726856306056659e-8
23,23,w23,2.0230077473903343e10,142232.47686060783,14,14,0.0,0.7500000000003471,-4.7268566158625725e-8
23,23,w23,2.0230077473903343e10,142232.47686060783,15,15,0.0,0.5000000000020595,5.8933437604420985e-8
23,23,w23,2.0230077473903343e10,142232.47686060783,16,16,0.0,0.2500000000010405,-5.4219128108716565e-8
23,23,w23,2.0230077473903343e10,142232.47686060783,17,17,0.24999999999981837,0.25000000000063316,1.1685710368615431e-7
23,23,w23,2.0230077473903343e10,142232.47686060783,18,18,0.2500000000002257,0.5000000000012177,-0.7318098611800358
23,23,w23,2.0230077473903343e10,142232.47686060783,19,19,0.25000000000063316,0.7500000000000954,0.9999999590435708
23,23,w23,2.0230077473903343e10,142232.47686060783,20,20,0.49999999999953393,0.2500000000002257,0.7318098788453157
23,23,w23,2.0230077473903343e10,142232.47686060783,21,21,0.5000000000003757,0.5000000000003757,3.348482112436269e-8
23,23,w23,2.0230077473903343e10,142232.47686060783,22,22,0.5000000000012177,0.749999999999844,-0.7318098124599064
23,23,w23,2.0230077473903343e10,142232.47686060783,23,23,0.7499999999995922,0.24999999999981837,-1.0
23,23,w23,2.0230077473903343e10,142232.47686060783,24,24,0.749999999999844,0.49999999999953393,0.7318097803665295
23,23,w23,2.0230077473903343e10,142232.47686060783,25,25,0.7500000000000953,0.7499999999995921,0.0
24,24,w24,2.0592781306780212e10,143501.85123119567,1,1,0.0,0.0,1.8132647677620075e-8
24,24,w24,2.0592781306780212e10,143501.85123119567,2,2,1.0,0.0,-4.039028077306327e-8
24,24,w24,2.0592781306780212e10,143501.85123119567,3,3,1.0,1.0,4.429817869309482e-8
24,24,w24,2.0592781306780212e10,143501.85123119567,4,4,0.0,1.0,-3.8216626471381495e-8
24,24,w24,2.0592781306780212e10,143501.85123119567,5,5,0.24999999999941094,0.0,-0.12095981987587419
24,24,w24,2.0592781306780212e10,143501.85123119567,6,6,0.4999999999986921,0.0,-7.92552299367453e-9
24,24,w24,2.0592781306780212e10,143501.85123119567,7,7,0.7499999999993406,0.0,0.12095986344710632
24,24,w24,2.0592781306780212e10,143501.85123119567,8,8,1.0,0.24999999999941094,-0.1209598068711959
24,24,w24,2.0592781306780212e10,143501.85123119567,9,9,1.0,0.4999999999986921,1.0087323508491244e-8
24,24,w24,2.0592781306780212e10,143501.85123119567,10,10,1.0,0.7499999999993406,0.12095978713566426
24,24,w24,2.0592781306780212e10,143501.85123119567,11,11,0.7500000000003471,1.0,-0.12095985171434416
24,24,w24,2.0592781306780212e10,143501.85123119567,12,12,0.5000000000020595,1.0,3.189363103706705e-8
24,24,w24,2.0592781306780212e10,143501.85123119567,13,13,0.2500000000010405,1.0,0.12095983837704694
24,24,w24,2.0592781306780212e10,143501.85123119567,14,14,0.0,0.7500000000003471,-0.12095980460170049
24,24,w24,2.0592781306780212e10,143501.85123119567,15,15,0.0,0.5000000000020595,1.522882135449563e-10
24,24,w24,2.0592781306780212e10,143501.85123119567,16,16,0.0,0.2500000000010405,0.12095980223208601
24,24,w24,2.0592781306780212e10,143501.85123119567,17,17,0.24999999999981837,0.25000000000063316,-0.42784826249550606
24,24,w24,2.0592781306780212e10,143501.85123119567,18,18,0.2500000000002257,0.5000000000012177,0.42016037686188223
24,24,w24,2.0592781306780212e10,143501.85123119567,19,19,0.25000000000063316,0.7500000000000954,-0.24595127342852927
24,24,w24,2.0592781306780212e10,143501.85123119567,20,20,0.49999999999953393,0.2500000000002257,1.0
24,24,w24,2.0592781306780212e10,143501.85123119567,21,21,0.5000000000003757,0.5000000000003757,0.586298019797893
24,24,w24,2.0592781306780212e10,143501.85123119567,22,22,0.5000000000012177,0.749999999999844,-0.4506831159981691
24,24,w24,2.0592781306780212e10,143501.85123119567,23,23,0.7499999999995922,0.24999999999981837,-0.6091371968103697
24,24,w24,2.0592781306780212e10,143501.85123119567,24,24,0.749999999999844,0.49999999999953393,-0.16581174390787037
24,24,w24,2.0592781306780212e10,143501.85123119567,25,25,0.7500000000000953,0.7499999999995921,-0.0
25,25,w25,2.1147457950721153e10,145421.6557144126,1,1,0.0,0.0,1.5124547330112159e-7
25,25,w25,2.1147457950721153e10,145421.6557144126,2,2,1.0,0.0,-1.5124548423844047e-7
25,25,w25,2.1147457950721153e10,145421.6557144126,3,3,1.0,1.0,1.512454819706464e-7
25,25,w25,2.1147457950721153e10,145421.6557144126,4,4,0.0,1.0,-1.5124547719119838e-7
25,25,w25,2.1147457950721153e10,145421.6557144126,5,5,0.24999999999941094,0.0,-1.3542569894429065e-7
25,25,w25,2.1147457950721153e10,145421.6557144126,6,6,0.4999999999986921,0.0,-6.996989929616829e-15
25,25,w25,2.1147457950721153e10,145421.6557144126,7,7,0.7499999999993406,0.0,1.354257136757218e-7
25,25,w25,2.1147457950721153e10,145421.6557144126,8,8,1.0,0.24999999999941094,1.3542569208209873e-7
25,25,w25,2.1147457950721153e10,145421.6557144126,9,9,1.0,0.4999999999986921,1.3297162777729182e-14
25,25,w25,2.1147457950721153e10,145421.6557144126,10,10,1.0,0.7499999999993406,-1.3542570232728497e-7
25,25,w25,2.1147457950721153e10,145421.6557144126,11,11,0.7500000000003471,1.0,-1.3542570675068322e-7
25,25,w25,2.1147457950721153e10,145421.6557144126,12,12,0.5000000000020595,1.0,-4.888919336919583e-15
25,25,w25,2.1147457950721153e10,145421.6557144126,13,13,0.2500000000010405,1.0,1.3542570435369864e-7
25,25,w25,2.1147457950721153e10,145421.6557144126,14,14,0.0,0.7500000000003471,1.354256949078523e-7
25,25,w25,2.1147457950721153e10,145421.6557144126,15,15,0.0,0.5000000000020595,7.007747266435936e-15
25,25,w25,2.1147457950721153e10,145421.6557144126,16,16,0.0,0.2500000000010405,-1.354256999285502e-7
25,25,w25,2.1147457950721153e10,145421.6557144126,17,17,0.24999999999981837,0.25000000000063316,-0.9999996022804345
25,25,w25,2.1147457950721153e10,145421.6557144126,18,18,0.2500000000002257,0.5000000000012177,4.1195569281688654e-8
25,25,w25,2.1147457950721153e10,145421.6557144126,19,19,0.25000000000063316,0.7500000000000954,1.0
25,25,w25,2.1147457950721153e10,145421.6557144126,20,20,0.49999999999953393,0.2500000000002257,-8.501323283584088e-8
25,25,w25,2.1147457950721153e10,145421.6557144126,21,21,0.5000000000003757,0.5000000000003757,1.270179998261614e-7
25,25,w25,2.1147457950721153e10,145421.6557144126,22,22,0.5000000000012177,0.749999999999844,1.4937678721060397e-7
25,25,w25,2.1147457950721153e10,145421.6557144126,23,23,0.7499999999995922,0.24999999999981837,0.999999523512303
25,25,w25,2.1147457950721153e10,145421.6557144126,24,24,0.749999999999844,0.49999999999953393,-1.4824949114530929e-8
25,25,w25,2.1147457950721153e10,145421.6557144126,25,25,0.7500000000000953,0.7499999999995921,-0.9999994939928056
26,26,w26,2.185490086203541e10,147834.03147460808,1,1,0.0,0.0,-8.771043927103493e-8
26,26,w26,2.185490086203541e10,147834.03147460808,2,2,1.0,0.0,6.70733159677509e-16
26,26,w26,2.185490086203541e10,147834.03147460808,3,3,1.0,1.0,8.77104522247308e-8
26,26,w26,2.185490086203541e10,147834.03147460808,4,4,0.0,1.0,-7.511590936635032e-15
26,26,w26,2.185490086203541e10,147834.03147460808,5,5,0.24999999999941094,0.0,1.3233695834354352e-7
26,26,w26,2.185490086203541e10,147834.03147460808,6,6,0.4999999999986921,0.0,-1.5610353431475287e-7
26,26,w26,2.185490086203541e10,147834.03147460808,7,7,0.7499999999993406,0.0,9.283720439146743e-8
26,26,w26,2.185490086203541e10,147834.03147460808,8,8,1.0,0.24999999999941094,-9.283727691186949e-8
26,26,w26,2.185490086203541e10,147834.03147460808,9,9,1.0,0.4999999999986921,1.5610354671594936e-7
26,26,w26,2.185490086203541e10,147834.03147460808,10,10,1.0,0.7499999999993406,-1.3233695489246025e-7
26,26,w26,2.185490086203541e10,147834.03147460808,11,11,0.7500000000003471,1.0,-1.3233693464650274e-7
26,26,w26,2.185490086203541e10,147834.03147460808,12,12,0.5000000000020595,1.0,1.561034356693155e-7
26,26,w26,2.185490086203541e10,147834.03147460808,13,13,0.2500000000010405,1.0,-9.283704421097341e-8
26,26,w26,2.185490086203541e10,147834.03147460808,14,14,0.0,0.7500000000003471,9.283713977181786e-8
26,26,w26,2.185490086203541e10,147834.03147460808,15,15,0.0,0.5000000000020595,-1.5610346202383642e-7
26,26,w26,2.185490086203541e10,147834.03147460808,16,16,0.0,0.2500000000010405,1.3233690343644476e-7
26,26,w26,2.185490086203541e10,147834.03147460808,17,17,0.24999999999981837,0.25000000000063316,-0.6918104090213227
26,26,w26,2.185490086203541e10,147834.03147460808,18,18,0.2500000000002257,0.5000000000012177,0.9999970940937982
26,26,w26,2.185490086203541e10,147834.03147460808,19,19,0.25000000000063316,0.7500000000000954,-2.1007467636679073e-7
26,26,w26,2.185490086203541e10,147834.03147460808,20,20,0.49999999999953393,0.2500000000002257,0.9999993759808009
26,26,w26,2.185490086203541e10,147834.03147460808,21,21,0.5000000000003757,0.5000000000003757,2.0870544975853198e-8
26,26,w26,2.185490086203541e10,147834.03147460808,22,22,0.5000000000012177,0.749999999999844,-0.99999608622157
26,26,w26,2.185490086203541e10,147834.03147460808,23,23,0.7499999999995922,0.24999999999981837,-3.9282375713762694e-7
26,26,w26,2.185490086203541e10,147834.03147460808,24,24,0.749999999999844,0.49999999999953393,-1.0
26,26,w26,2.185490086203541e10,147834.03147460808,25,25,0.7500000000000953,0.7499999999995921,0.691810551081236
27,27,w27,2.185490086292001e10,147834.03147759993,1,1,0.0,0.0,8.65616059687524e-15
27,27,w27,2.185490086292001e10,147834.03147759993,2,2,1.0,0.0,8.771064299080118e-8
27,27,w27,2.185490086292001e10,147834.03147759993,3,3,1.0,1.0,-1.4276981769399077e-14
27,27,w27,2.185490086292001e10,147834.03147759993,4,4,0.0,1.0,-8.771064330495732e-8
27,27,w27,2.185490086292001e10,147834.03147759993,5,5,0.24999999999941094,0.0,-9.283739177223397e-8
27,27,w27,2.185490086292001e10,147834.03147759993,6,6,0.4999999999986921,0.0,1.5610386488138608e-7
27,27,w27,2.185490086292001e10,147834.03147759993,7,7,0.7499999999993406,0.0,-1.3233726297811397e-7
27,27,w27,2.185490086292001e10,147834.03147759993,8,8,1.0,0.24999999999941094,-1.323372458329929e-7
27,27,w27,2.185490086292001e10,147834.03147759993,9,9,1.0,0.4999999999986921,1.561038459240915e-7
27,27,w27,2.185490086292001e10,147834.03147759993,10,10,1.0,0.7499999999993406,-9.28373615670472e-8
27,27,w27,2.185490086292001e10,147834.03147759993,11,11,0.7500000000003471,1.0,9.283740581674154e-8
27,27,w27,2.185490086292001e10,147834.03147759993,12,12,0.5000000000020595,1.0,-1.561038772353348e-7
27,27,w27,2.185490086292001e10,147834.03147759993,13,13,0.2500000000010405,1.0,1.3233725264734278e-7
27,27,w27,2.185490086292001e10,147834.03147759993,14,14,0.0,0.7500000000003471,1.32337237826402e-7
27,27,w27,2.185490086292001e10,147834.03147759993,15,15,0.0,0.5000000000020595,-1.561038120077958e-7
27,27,w27,2.185490086292001e10,147834.03147759993,16,16,0.0,0.2500000000010405,9.283735576613178e-8
27,27,w27,2.185490086292001e10,147834.03147759993,17,17,0.24999999999981837,0.25000000000063316,1.5944788689351242e-7
27,27,w27,2.185490086292001e10,147834.03147759993,18,18,0.2500000000002257,0.5000000000012177,0.9999998906102748
27,27,w27,2.185490086292001e10,147834.03147759993,19,19,0.25000000000063316,0.7500000000000954,-0.6918119718385247
27,27,w27,2.185490086292001e10,147834.03147759993,20,20,0.49999999999953393,0.2500000000002257,-0.9999997227831804
27,27,w27,2.185490086292001e10,147834.03147759993,21,21,0.5000000000003757,0.5000000000003757,1.545840759157085e-7
27,27,w27,2.185490086292001e10,147834.03147759993,22,22,0.5000000000012177,0.749999999999844,1.0
27,27,w27,2.185490086292001e10,147834.03147759993,23,23,0.7499999999995922,0.24999999999981837,0.6918120432332949
27,27,w27,2.185490086292001e10,147834.03147759993,24,24,0.749999999999844,0.49999999999953393,-0.9999997454547903
27,27,w27,2.185490086292001e10,147834.03147759993,25,25,0.7500000000000953,0.7499999999995921,0.0
28,28,w28,2.2638703907231472e10,150461.63599812236,1,1,0.0,0.0,-5.813731660621315e-14
28,28,w28,2.2638703907231472e10,150461.63599812236,2,2,1.0,0.0,-1.3518007109839189e-14
28,28,w28,2.2638703907231472e10,150461.63599812236,3,3,1.0,1.0,8.176338387480496e-15
28,28,w28,2.2638703907231472e10,150461.63599812236,4,4,0.0,1.0,-2.6882089038902654e-14
28,28,w28,2.2638703907231472e10,150461.63599812236,5,5,0.24999999999941094,0.0,1.1496380746282208e-6
28,28,w28,2.2638703907231472e10,150461.63599812236,6,6,0.4999999999986921,0.0,-1.643724462927837e-6
28,28,w28,2.2638703907231472e10,150461.63599812236,7,7,0.7499999999993406,0.0,1.149637882087227e-6
28,28,w28,2.2638703907231472e10,150461.63599812236,8,8,1.0,0.24999999999941094,-1.1496379996779233e-6
28,28,w28,2.2638703907231472e10,150461.63599812236,9,9,1.0,0.4999999999986921,1.6437244769665392e-6
28,28,w28,2.2638703907231472e10,150461.63599812236,10,10,1.0,0.7499999999993406,-1.1496379016539216e-6
28,28,w28,2.2638703907231472e10,150461.63599812236,11,11,0.7500000000003471,1.0,1.149638037815973e-6
28,28,w28,2.2638703907231472e10,150461.63599812236,12,12,0.5000000000020595,1.0,-1.6437245101486153e-6
28,28,w28,2.2638703907231472e10,150461.63599812236,13,13,0.2500000000010405,1.0,1.149637927169071e-6
28,28,w28,2.2638703907231472e10,150461.63599812236,14,14,0.0,0.7500000000003471,-1.149638058529453e-6
28,28,w28,2.2638703907231472e10,150461.63599812236,15,15,0.0,0.5000000000020595,1.6437245480536739e-6
28,28,w28,2.2638703907231472e10,150461.63599812236,16,16,0.0,0.2500000000010405,-1.1496379344369582e-6
28,28,w28,2.2638703907231472e10,150461.63599812236,17,17,0.24999999999981837,0.25000000000063316,-1.578967493276355e-6
28,28,w28,2.2638703907231472e10,150461.63599812236,18,18,0.2500000000002257,0.5000000000012177,1.0
28,28,w28,2.2638703907231472e10,150461.63599812236,19,19,0.25000000000063316,0.7500000000000954,-1.9363643159252616e-6
28,28,w28,2.2638703907231472e10,150461.63599812236,20,20,0.49999999999953393,0.2500000000002257,-0.999997048928182
28,28,w28,2.2638703907231472e10,150461.63599812236,21,21,0.5000000000003757,0.5000000000003757,3.0122104621116684e-6
28,28,w28,2.2638703907231472e10,150461.63599812236,22,22,0.5000000000012177,0.749999999999844,-0.9999995070926085
28,28,w28,2.2638703907231472e10,150461.63599812236,23,23,0.7499999999995922,0.24999999999981837,-2.5241850565853823e-6
28,28,w28,2.2638703907231472e10,150461.63599812236,24,24,0.749999999999844,0.49999999999953393,0.9999990719378371
28,28,w28,2.2638703907231472e10,150461.63599812236,25,25,0.7500000000000953,0.7499999999995921,0.0
29,29,w29,2.3595436069637917e10,153608.05991105386,1,1,0.0,0.0,9.503705802222597e-9
29,29,w29,2.3595436069637917e10,153608.05991105386,2,2,1.0,0.0,9.503701825741276e-9
29,29,w29,2.3595436069637917e10,153608.05991105386,3,3,1.0,1.0,9.503708173322404e-9
29,29,w29,2.3595436069637917e10,153608.05991105386,4,4,0.0,1.0,9.503707165778279e-9
29,29,w29,2.3595436069637917e10,153608.05991105386,5,5,0.24999999999941094,0.0,-5.853406829868282e-9
29,29,w29,2.3595436069637917e10,153608.05991105386,6,6,0.4999999999986921,0.0,-7.157453020261245e-9
29,29,w29,2.3595436069637917e10,153608.05991105386,7,7,0.7499999999993406,0.0,-5.853405932541526e-9
29,29,w29,2.3595436069637917e10,153608.05991105386,8,8,1.0,0.24999999999941094,-5.8534046238534705e-9
29,29,w29,2.3595436069637917e10,153608.05991105386,9,9,1.0,0.4999999999986921,-7.157459551212831e-9
29,29,w29,2.3595436069637917e10,153608.05991105386,10,10,1.0,0.7499999999993406,-5.853402467702635e-9
29,29,w29,2.3595436069637917e10,153608.05991105386,11,11,0.7500000000003471,1.0,-5.853415637924261e-9
29,29,w29,2.3595436069637917e10,153608.05991105386,12,12,0.5000000000020595,1.0,-7.1574482555313135e-9
29,29,w29,2.3595436069637917e10,153608.05991105386,13,13,0.2500000000010405,1.0,-5.853399894729235e-9
29,29,w29,2.3595436069637917e10,153608.05991105386,14,14,0.0,0.7500000000003471,-5.85340724440874e-9
29,29,w29,2.3595436069637917e10,153608.05991105386,15,15,0.0,0.5000000000020595,-7.1574468765026776e-9
29,29,w29,2.3595436069637917e10,153608.05991105386,16,16,0.0,0.2500000000010405,-5.853406804702029e-9
29,29,w29,2.3595436069637917e10,153608.05991105386,17,17,0.24999999999981837,0.25000000000063316,0.02800831141497772
29,29,w29,2.3595436069637917e10,153608.05991105386,18,18,0.2500000000002257,0.5000000000012177,-0.43669275583371336
29,29,w29,2.3595436069637917e10,153608.05991105386,19,19,0.25000000000063316,0.7500000000000954,0.028008384202924494
29,29,w29,2.3595436069637917e10,153608.05991105386,20,20,0.49999999999953393,0.2500000000002257,-0.43669259800901034
29,29,w29,2.3595436069637917e10,153608.05991105386,21,21,0.5000000000003757,0.5000000000003757,1.0
29,29,w29,2.3595436069637917e10,153608.05991105386,22,22,0.5000000000012177,0.749999999999844,-0.4366925039884941
29,29,w29,2.3595436069637917e10,153608.05991105386,23,23,0.7499999999995922,0.24999999999981837,0.028008321119115952
29,29,w29,2.3595436069637917e10,153608.05991105386,24,24,0.749999999999844,0.49999999999953393,-0.4366926206492689
29,29,w29,2.3595436069637917e10,153608.05991105386,25,25,0.7500000000000953,0.7499999999995921,0.02800825100176284
30,30,w30,2.457862979686191e10,156775.73089245002,1,1,0.0,0.0,-2.1572710760097414e-8
30,30,w30,2.457862979686191e10,156775.73089245002,2,2,1.0,0.0,4.933807787427288e-9
30,30,w30,2.457862979686191e10,156775.73089245002,3,3,1.0,1.0,-1.5113805490284444e-8
30,30,w30,2.457862979686191e10,156775.73089245002,4,4,0.0,1.0,2.4626924990141998e-8
30,30,w30,2.457862979686191e10,156775.73089245002,5,5,0.24999999999941094,0.0,-0.14158600170666916
30,30,w30,2.457862979686191e10,156775.73089245002,6,6,0.4999999999986921,0.0,-1.5755883667730834e-8
30,30,w30,2.457862979686191e10,156775.73089245002,7,7,0.7499999999993406,0.0,0.14158600800674548
30,30,w30,2.457862979686191e10,156775.73089245002,8,8,1.0,0.24999999999941094,-0.14158607482948266
30,30,w30,2.457862979686191e10,156775.73089245002,9,9,1.0,0.4999999999986921,6.952271035599112e-10
30,30,w30,2.457862979686191e10,156775.73089245002,10,10,1.0,0.7499999999993406,0.14158604079924716
30,30,w30,2.457862979686191e10,156775.73089245002,11,11,0.7500000000003471,1.0,-0.14158601416330707
30,30,w30,2.457862979686191e10,156775.73089245002,12,12,0.5000000000020595,1.0,-3.3082063446046944e-9
30,30,w30,2.457862979686191e10,156775.73089245002,13,13,0.2500000000010405,1.0,0.14158602218684385
30,30,w30,2.457862979686191e10,156775.73089245002,14,14,0.0,0.7500000000003471,-0.1415860718803872
30,30,w30,2.457862979686191e10,156775.73089245002,15,15,0.0,0.5000000000020595,2.0393138713634688e-8
30,30,w30,2.457862979686191e10,156775.73089245002,16,16,0.0,0.2500000000010405,0.14158605024360882
30,30,w30,2.457862979686191e10,156775.73089245002,17,17,0.24999999999981837,0.25000000000063316,1.0
30,30,w30,2.457862979686191e10,156775.73089245002,18,18,0.2500000000002257,0.5000000000012177,-0.6105101103822763
30,30,w30,2.457862979686191e10,156775.73089245002,19,19,0.25000000000063316,0.7500000000000954,-0.4281688252093438
30,30,w30,2.457862979686191e10,156775.73089245002,20,20,0.49999999999953393,0.2500000000002257,-0.023041526879187896
30,30,w30,2.457862979686191e10,156775.73089245002,21,21,0.5000000000003757,0.5000000000003757,0.39324657532693746
30,30,w30,2.457862979686191e10,156775.73089245002,22,22,0.5000000000012177,0.749999999999844,0.3573418378705111
30,30,w30,2.457862979686191e10,156775.73089245002,23,23,0.7499999999995922,0.24999999999981837,-0.9722104694411495
30,30,w30,2.457862979686191e10,156775.73089245002,24,24,0.749999999999844,0.49999999999953393,0.032486077467826065
30,30,w30,2.457862979686191e10,156775.73089245002,25,25,0.7500000000000953,0.7499999999995921,-0.0
31,31,w31,2.4639755942619617e10,156970.55756612326,1,1,0.0,0.0,-4.235339323412812e-8
31,31,w31,2.4639755942619617e10,156970.55756612326,2,2,1.0,0.0,4.235339487200107e-8
31,31,w31,2.4639755942619617e10,156970.55756612326,3,3,1.0,1.0,-4.235339927948155e-8
31,31,w31,2.4639755942619617e10,156970.55756612326,4,4,0.0,1.0,4.235339664537403e-8
31,31,w31,2.4639755942619617e10,156970.55756612326,5,5,0.24999999999941094,0.0,4.949972113882188e-8
31,31,w31,2.4639755942619617e10,156970.55756612326,6,6,0.4999999999986921,0.0,4.4565225111252655e-15
31,31,w31,2.4639755942619617e10,156970.55756612326,7,7,0.7499999999993406,0.0,-4.949971741467116e-8
31,31,w31,2.4639755942619617e10,156970.55756612326,8,8,1.0,0.24999999999941094,-4.949973705723116e-8
31,31,w31,2.4639755942619617e10,156970.55756612326,9,9,1.0,0.4999999999986921,-1.3616485275124207e-14
31,31,w31,2.4639755942619617e10,156970.55756612326,10,10,1.0,0.7499999999993406,4.9499747953313085e-8
31,31,w31,2.4639755942619617e10,156970.55756612326,11,11,0.7500000000003471,1.0,4.9499704700390075e-8
31,31,w31,2.4639755942619617e10,156970.55756612326,12,12,0.5000000000020595,1.0,1.464223975380878e-14
31,31,w31,2.4639755942619617e10,156970.55756612326,13,13,0.2500000000010405,1.0,-4.949971906042616e-8
31,31,w31,2.4639755942619617e10,156970.55756612326,14,14,0.0,0.7500000000003471,-4.94997206552381e-8
31,31,w31,2.4639755942619617e10,156970.55756612326,15,15,0.0,0.5000000000020595,-8.791533354921084e-15
31,31,w31,2.4639755942619617e10,156970.55756612326,16,16,0.0,0.2500000000010405,4.949972174602233e-8
31,31,w31,2.4639755942619617e10,156970.55756612326,17,17,0.24999999999981837,0.25000000000063316,0.9999997417818243
31,31,w31,2.4639755942619617e10,156970.55756612326,18,18,0.2500000000002257,0.5000000000012177,-3.9093893353565694e-7
31,31,w31,2.4639755942619617e10,156970.55756612326,19,19,0.25000000000063316,0.7500000000000954,-0.9999996678229641
31,31,w31,2.4639755942619617e10,156970.55756612326,20,20,0.49999999999953393,0.2500000000002257,4.664877216685773e-7
31,31,w31,2.4639755942619617e10,156970.55756612326,21,21,0.5000000000003757,0.5000000000003757,7.757837116844005e-8
31,31,w31,2.4639755942619617e10,156970.55756612326,22,22,0.5000000000012177,0.749999999999844,3.849475505048207e-7
31,31,w31,2.4639755942619617e10,156970.55756612326,23,23,0.7499999999995922,0.24999999999981837,-1.0
31,31,w31,2.4639755942619617e10,156970.55756612326,24,24,0.749999999999844,0.49999999999953393,-6.570994006408993e-7
31,31,w31,2.4639755942619617e10,156970.55756612326,25,25,0.7500000000000953,0.7499999999995921,0.9999999564282267
32,32,w32,2.4967305106904575e10,158010.45885290182,1,1,0.0,0.0,1.3687365910787714e-8
32,32,w32,2.4967305106904575e10,158010.45885290182,2,2,1.0,0.0,-1.2590920378859062e-15
32,32,w32,2.4967305106904575e10,158010.45885290182,3,3,1.0,1.0,-1.3687363723699637e-8
32,32,w32,2.4967305106904575e10,158010.45885290182,4,4,0.0,1.0,-8.309954504761739e-16
32,32,w32,2.4967305106904575e10,158010.45885290182,5,5,0.24999999999941094,0.0,-1.6666106957713312e-8
32,32,w32,2.4967305106904575e10,158010.45885290182,6,6,0.4999999999986921,0.0,-1.4991131825193083e-8
32,32,w32,2.4967305106904575e10,158010.45885290182,7,7,0.7499999999993406,0.0,2.849044367135775e-8
32,32,w32,2.4967305106904575e10,158010.45885290182,8,8,1.0,0.24999999999941094,-2.849043981594764e-8
32,32,w32,2.4967305106904575e10,158010.45885290182,9,9,1.0,0.4999999999986921,1.4991132263768833e-8
32,32,w32,2.4967305106904575e10,158010.45885290182,10,10,1.0,0.7499999999993406,1.666610231744558e-8
32,32,w32,2.4967305106904575e10,158010.45885290182,11,11,0.7500000000003471,1.0,1.6666112619261478e-8
32,32,w32,2.4967305106904575e10,158010.45885290182,12,12,0.5000000000020595,1.0,1.4991124310311187e-8
32,32,w32,2.4967305106904575e10,158010.45885290182,13,13,0.2500000000010405,1.0,-2.849044162954592e-8
32,32,w32,2.4967305106904575e10,158010.45885290182,14,14,0.0,0.7500000000003471,2.8490443330537175e-8
32,32,w32,2.4967305106904575e10,158010.45885290182,15,15,0.0,0.5000000000020595,-1.4991128974304216e-8
32,32,w32,2.4967305106904575e10,158010.45885290182,16,16,0.0,0.2500000000010405,-1.6666112101039365e-8
32,32,w32,2.4967305106904575e10,158010.45885290182,17,17,0.24999999999981837,0.25000000000063316,-1.0
32,32,w32,2.4967305106904575e10,158010.45885290182,18,18,0.2500000000002257,0.5000000000012177,0.5771007884254817
32,32,w32,2.4967305106904575e10,158010.45885290182,19,19,0.25000000000063316,0.7500000000000954,-5.077878798077723e-8
32,32,w32,2.4967305106904575e10,158010.45885290182,20,20,0.49999999999953393,0.2500000000002257,0.577100638626407
32,32,w32,2.4967305106904575e10,158010.45885290182,21,21,0.5000000000003757,0.5000000000003757,4.690368515710786e-8
32,32,w32,2.4967305106904575e10,158010.45885290182,22,22,0.5000000000012177,0.749999999999844,-0.5771008845180793
32,32,w32,2.4967305106904575e10,158010.45885290182,23,23,0.7499999999995922,0.24999999999981837,2.1165873081346233e-8
32,32,w32,2.4967305106904575e10,158010.45885290182,24,24,0.749999999999844,0.49999999999953393,-0.5771006368556806
32,32,w32,2.4967305106904575e10,158010.45885290182,25,25,0.7500000000000953,0.7499999999995921,0.999999896527986
33,33,w33,2.4967305176772522e10,158010.45907398828,1,1,0.0,0.0,2.1037129063175317e-15
33,33,w33,2.4967305176772522e10,158010.45907398828,2,2,1.0,0.0,1.368736366591538e-8
33,33,w33,2.4967305176772522e10,158010.45907398828,3,3,1.0,1.0,6.244449793991178e-16
33,33,w33,2.4967305176772522e10,158010.45907398828,4,4,0.0,1.0,-1.3687365958776694e-8
33,33,w33,2.4967305176772522e10,158010.45907398828,5,5,0.24999999999941094,0.0,2.8490440287966698e-8
33,33,w33,2.4967305176772522e10,158010.45907398828,6,6,0.4999999999986921,0.0,-1.4991130790521285e-8
33,33,w33,2.4967305176772522e10,158010.45907398828,7,7,0.7499999999993406,0.0,-1.6666104994557223e-8
33,33,w33,2.4967305176772522e10,158010.45907398828,8,8,1.0,0.24999999999941094,-1.6666107214985435e-8
33,33,w33,2.4967305176772522e10,158010.45907398828,9,9,1.0,0.4999999999986921,-1.4991129943223762e-8
33,33,w33,2.4967305176772522e10,158010.45907398828,10,10,1.0,0.7499999999993406,2.8490442340759774e-8
33,33,w33,2.4967305176772522e10,158010.45907398828,11,11,0.7500000000003471,1.0,-2.8490444364517186e-8
33,33,w33,2.4967305176772522e10,158010.45907398828,12,12,0.5000000000020595,1.0,1.499113122039521e-8
33,33,w33,2.4967305176772522e10,158010.45907398828,13,13,0.2500000000010405,1.0,1.6666108347625008e-8
33,33,w33,2.4967305176772522e10,158010.45907398828,14,14,0.0,0.7500000000003471,1.666611086905495e-8
33,33,w33,2.4967305176772522e10,158010.45907398828,15,15,0.0,0.5000000000020595,1.499112920872481e-8
33,33,w33,2.4967305176772522e10,158010.45907398828,16,16,0.0,0.2500000000010405,-2.849044553583102e-8
33,33,w33,2.4967305176772522e10,158010.45907398828,17,17,0.24999999999981837,0.25000000000063316,-9.926957240864986e-8
33,33,w33,2.4967305176772522e10,158010.45907398828,18,18,0.2500000000002257,0.5000000000012177,-0.5771007019285215
33,33,w33,2.4967305176772522e10,158010.45907398828,19,19,0.25000000000063316,0.7500000000000954,1.0
33,33,w33,2.4967305176772522e10,158010.45907398828,20,20,0.49999999999953393,0.2500000000002257,0.5771007443383656
33,33,w33,2.4967305176772522e10,158010.45907398828,21,21,0.5000000000003757,0.5000000000003757,4.101845957209585e-9
33,33,w33,2.4967305176772522e10,158010.45907398828,22,22,0.5000000000012177,0.749999999999844,-0.5771007452232167
33,33,w33,2.4967305176772522e10,158010.45907398828,23,23,0.7499999999995922,0.24999999999981837,-0.999999951768192
33,33,w33,2.4967305176772522e10,158010.45907398828,24,24,0.749999999999844,0.49999999999953393,0.5771006916463326
33,33,w33,2.4967305176772522e10,158010.45907398828,25,25,0.7500000000000953,0.7499999999995921,0.0
34,34,w34,2.7120416736754883e10,164682.77607799452,1,1,0.0,0.0,1.9223616110417276e-9
34,34,w34,2.7120416736754883e10,164682.77607799452,2,2,1.0,0.0,2.2700395482526327e-15
34,34,w34,2.7120416736754883e10,164682.77607799452,3,3,1.0,1.0,-1.9223576834855894e-9
34,34,w34,2.7120416736754883e10,164682.77607799452,4,4,0.0,1.0,1.0435163010387946e-15
34,34,w34,2.7120416736754883e10,164682.77607799452,5,5,0.24999999999941094,0.0,-6.3008759563322155e-9
34,34,w34,2.7120416736754883e10,164682.77607799452,6,6,0.4999999999986921,0.0,5.775302356819843e-8
34,34,w34,2.7120416736754883e10,164682.77607799452,7,7,0.7499999999993406,0.0,-6.596688562585331e-8
34,34,w34,2.7120416736754883e10,164682.77607799452,8,8,1.0,0.24999999999941094,6.596688789918896e-8
34,34,w34,2.7120416736754883e10,164682.77607799452,9,9,1.0,0.4999999999986921,-5.7753030960207154e-8
34,34,w34,2.7120416736754883e10,164682.77607799452,10,10,1.0,0.7499999999993406,6.300879624067264e-9
34,34,w34,2.7120416736754883e10,164682.77607799452,11,11,0.7500000000003471,1.0,6.300879384960135e-9
34,34,w34,2.7120416736754883e10,164682.77607799452,12,12,0.5000000000020595,1.0,-5.7753030523504184e-8
34,34,w34,2.7120416736754883e10,164682.77607799452,13,13,0.2500000000010405,1.0,6.596686875229953e-8
34,34,w34,2.7120416736754883e10,164682.77607799452,14,14,0.0,0.7500000000003471,-6.596687471820794e-8
34,34,w34,2.7120416736754883e10,164682.77607799452,15,15,0.0,0.5000000000020595,5.7753036053096815e-8
34,34,w34,2.7120416736754883e10,164682.77607799452,16,16,0.0,0.2500000000010405,-6.300890634626754e-9
34,34,w34,2.7120416736754883e10,164682.77607799452,17,17,0.24999999999981837,0.25000000000063316,0.9999999576909742
34,34,w34,2.7120416736754883e10,164682.77607799452,18,18,0.2500000000002257,0.5000000000012177,-0.4961600470273558
34,34,w34,2.7120416736754883e10,164682.77607799452,19,19,0.25000000000063316,0.7500000000000954,-7.67538380135941e-9
34,34,w34,2.7120416736754883e10,164682.77607799452,20,20,0.49999999999953393,0.2500000000002257,-0.496160428474166
34,34,w34,2.7120416736754883e10,164682.77607799452,21,21,0.5000000000003757,0.5000000000003757,1.8463978372330248e-7
34,34,w34,2.7120416736754883e10,164682.77607799452,22,22,0.5000000000012177,0.749999999999844,0.4961597180058728
34,34,w34,2.7120416736754883e10,164682.77607799452,23,23,0.7499999999995922,0.24999999999981837,-8.750056576629202e-9
34,34,w34,2.7120416736754883e10,164682.77607799452,24,24,0.749999999999844,0.49999999999953393,0.49616057724492924
34,34,w34,2.7120416736754883e10,164682.77607799452,25,25,0.7500000000000953,0.7499999999995921,-1.0
35,35,w35,2.7120416781522133e10,164682.77621391416,1,1,0.0,0.0,1.1594132397002913e-15
35,35,w35,2.7120416781522133e10,164682.77621391416,2,2,1.0,0.0,-1.9223580371528984e-9
35,35,w35,2.7120416781522133e10,164682.77621391416,3,3,1.0,1.0,-9.777385576268952e-16
35,35,w35,2.7120416781522133e10,164682.77621391416,4,4,0.0,1.0,1.9223639241454823e-9
35,35,w35,2.7120416781522133e10,164682.77621391416,5,5,0.24999999999941094,0.0,6.596687231616378e-8
35,35,w35,2.7120416781522133e10,164682.77621391416,6,6,0.4999999999986921,0.0,-5.7753034235326305e-8
35,35,w35,2.7120416781522133e10,164682.77621391416,7,7,0.7499999999993406,0.0,6.300881385296865e-9
35,35,w35,2.7120416781522133e10,164682.77621391416,8,8,1.0,0.24999999999941094,6.300880162771383e-9
35,35,w35,2.7120416781522133e10,164682.77621391416,9,9,1.0,0.4999999999986921,-5.775302944769548e-8
35,35,w35,2.7120416781522133e10,164682.77621391416,10,10,1.0,0.7499999999993406,6.596688106980798e-8
35,35,w35,2.7120416781522133e10,164682.77621391416,11,11,0.7500000000003471,1.0,-6.596688408874305e-8
35,35,w35,2.7120416781522133e10,164682.77621391416,12,12,0.5000000000020595,1.0,5.7753032830577484e-8
35,35,w35,2.7120416781522133e10,164682.77621391416,13,13,0.2500000000010405,1.0,-6.300888821550553e-9
35,35,w35,2.7120416781522133e10,164682.77621391416,14,14,0.0,0.7500000000003471,-6.300875214987865e-9
35,35,w35,2.7120416781522133e10,164682.77621391416,15,15,0.0,0.5000000000020595,5.7753023614848655e-8
35,35,w35,2.7120416781522133e10,164682.77621391416,16,16,0.0,0.2500000000010405,-6.596687457245164e-8
35,35,w35,2.7120416781522133e10,164682.77621391416,17,17,0.24999999999981837,0.25000000000063316,3.3070290286028145e-9
35,35,w35,2.7120416781522133e10,164682.77621391416,18,18,0.2500000000002257,0.5000000000012177,-0.49616014363244315
35,35,w35,2.7120416781522133e10,164682.77621391416,19,19,0.25000000000063316,0.7500000000000954,0.9999999250640846
35,35,w35,2.7120416781522133e10,164682.77621391416,20,20,0.49999999999953393,0.2500000000002257,0.496160066944478
35,35,w35,2.7120416781522133e10,164682.77621391416,21,21,0.5000000000003757,0.5000000000003757,9.175606218680989e-8
35,35,w35,2.7120416781522133e10,164682.77621391416,22,22,0.5000000000012177,0.749999999999844,-0.496160349537308
35,35,w35,2.7120416781522133e10,164682.77621391416,23,23,0.7499999999995922,0.24999999999981837,-1.0
35,35,w35,2.7120416781522133e10,164682.77621391416,24,24,0.749999999999844,0.49999999999953393,0.4961603002137897
35,35,w35,2.7120416781522133e10,164682.77621391416,25,25,0.7500000000000953,0.7499999999995921,0.0
36,36,w36,2.7342816202165424e10,165356.63337817875,1,1,0.0,0.0,-3.149153625287627e-16
36,36,w36,2.7342816202165424e10,165356.63337817875,2,2,1.0,0.0,-1.4330628474850284e-16
36,36,w36,2.7342816202165424e10,165356.63337817875,3,3,1.0,1.0,-4.980169231537906e-16
36,36,w36,2.7342816202165424e10,165356.63337817875,4,4,0.0,1.0,6.660193583578889e-16
36,36,w36,2.7342816202165424e10,165356.63337817875,5,5,0.24999999999941094,0.0,2.498872141972543e-8
36,36,w36,2.7342816202165424e10,165356.63337817875,6,6,0.4999999999986921,0.0,-1.2906137578063047e-8
36,36,w36,2.7342816202165424e10,165356.63337817875,7,7,0.7499999999993406,0.0,2.4988718816973286e-8
36,36,w36,2.7342816202165424e10,165356.63337817875,8,8,1.0,0.24999999999941094,-2.4988716515388104e-8
36,36,w36,2.7342816202165424e10,165356.63337817875,9,9,1.0,0.4999999999986921,1.2906134172973112e-8
36,36,w36,2.7342816202165424e10,165356.63337817875,10,10,1.0,0.7499999999993406,-2.4988717422998634e-8
36,36,w36,2.7342816202165424e10,165356.63337817875,11,11,0.7500000000003471,1.0,2.4988717625023804e-8
36,36,w36,2.7342816202165424e10,165356.63337817875,12,12,0.5000000000020595,1.0,-1.2906136165950821e-8
36,36,w36,2.7342816202165424e10,165356.63337817875,13,13,0.2500000000010405,1.0,2.4988720064318087e-8
36,36,w36,2.7342816202165424e10,165356.63337817875,14,14,0.0,0.7500000000003471,-2.4988720727875456e-8
36,36,w36,2.7342816202165424e10,165356.63337817875,15,15,0.0,0.5000000000020595,1.2906139715577793e-8
36,36,w36,2.7342816202165424e10,165356.63337817875,16,16,0.0,0.2500000000010405,-2.4988720808399304e-8
36,36,w36,2.7342816202165424e10,165356.63337817875,17,17,0.24999999999981837,0.25000000000063316,8.617409821341328e-9
36,36,w36,2.7342816202165424e10,165356.63337817875,18,18,0.2500000000002257,0.5000000000012177,-1.0
36,36,w36,2.7342816202165424e10,165356.63337817875,19,19,0.25000000000063316,0.7500000000000954,5.19727622328184e-8
36,36,w36,2.7342816202165424e10,165356.63337817875,20,20,0.49999999999953393,0.2500000000002257,0.9999999559927719
36,36,w36,2.7342816202165424e10,165356.63337817875,21,21,0.5000000000003757,0.5000000000003757,-1.0823710927868552e-8
36,36,w36,2.7342816202165424e10,165356.63337817875,22,22,0.5000000000012177,0.749999999999844,0.9999999601990759
36,36,w36,2.7342816202165424e10,165356.63337817875,23,23,0.7499999999995922,0.24999999999981837,1.0849480812213826e-8
36,36,w36,2.7342816202165424e10,165356.63337817875,24,24,0.749999999999844,0.49999999999953393,-0.9999999618629878
36,36,w36,2.7342816202165424e10,165356.63337817875,25,25,0.7500000000000953,0.7499999999995921,0.0
37,37,w37,2.7993301808735344e10,167311.98943511295,1,1,0.0,0.0,4.631696283855602e-9
37,37,w37,2.7993301808735344e10,167311.98943511295,2,2,1.0,0.0,4.63169486351405e-9
37,37,w37,2.7993301808735344e10,167311.98943511295,3,3,1.0,1.0,4.631696724504417e-9
37,37,w37,2.7993301808735344e10,167311.98943511295,4,4,0.0,1.0,4.631698855842641e-9
37,37,w37,2.7993301808735344e10,167311.98943511295,5,5,0.24999999999941094,0.0,-4.279543759378844e-9
37,37,w37,2.7993301808735344e10,167311.98943511295,6,6,0.4999999999986921,0.0,-1.1642643824667844e-8
37,37,w37,2.7993301808735344e10,167311.98943511295,7,7,0.7499999999993406,0.0,-4.279541506738728e-9
37,37,w37,2.7993301808735344e10,167311.98943511295,8,8,1.0,0.24999999999941094,-4.279543233788335e-9
37,37,w37,2.7993301808735344e10,167311.98943511295,9,9,1.0,0.4999999999986921,-1.164264448483082e-8
37,37,w37,2.7993301808735344e10,167311.98943511295,10,10,1.0,0.7499999999993406,-4.279543260411008e-9
37,37,w37,2.7993301808735344e10,167311.98943511295,11,11,0.7500000000003471,1.0,-4.27954263031377e-9
37,37,w37,2.7993301808735344e10,167311.98943511295,12,12,0.5000000000020595,1.0,-1.164264360314696e-8
37,37,w37,2.7993301808735344e10,167311.98943511295,13,13,0.2500000000010405,1.0,-4.2795410211027135e-9
37,37,w37,2.7993301808735344e10,167311.98943511295,14,14,0.0,0.7500000000003471,-4.279543508665377e-9
37,37,w37,2.7993301808735344e10,167311.98943511295,15,15,0.0,0.5000000000020595,-1.164264403798681e-8
37,37,w37,2.7993301808735344e10,167311.98943511295,16,16,0.0,0.2500000000010405,-4.279540591845116e-9
37,37,w37,2.7993301808735344e10,167311.98943511295,17,17,0.24999999999981837,0.25000000000063316,-0.32805882976690953
37,37,w37,2.7993301808735344e10,167311.98943511295,18,18,0.2500000000002257,0.5000000000012177,-0.14442341042326015
37,37,w37,2.7993301808735344e10,167311.98943511295,19,19,0.25000000000063316,0.7500000000000954,-0.32805882914257567
37,37,w37,2.7993301808735344e10,167311.98943511295,20,20,0.49999999999953393,0.2500000000002257,-0.14442339838188498
37,37,w37,2.7993301808735344e10,167311.98943511295,21,21,0.5000000000003757,0.5000000000003757,1.0
37,37,w37,2.7993301808735344e10,167311.98943511295,22,22,0.5000000000012177,0.749999999999844,-0.14442338181459732
37,37,w37,2.7993301808735344e10,167311.98943511295,23,23,0.7499999999995922,0.24999999999981837,-0.3280588138247253
37,37,w37,2.7993301808735344e10,167311.98943511295,24,24,0.749999999999844,0.49999999999953393,-0.14442348240048003
37,37,w37,2.7993301808735344e10,167311.98943511295,25,25,0.7500000000000953,0.7499999999995921,-0.32805881692355526
38,38,w38,2.8091967873696907e10,167606.5866059473,1,1,0.0,0.0,1.1332181571823112e-8
38,38,w38,2.8091967873696907e10,167606.5866059473,2,2,1.0,0.0,-1.1331975026646032e-8
38,38,w38,2.8091967873696907e10,167606.5866059473,3,3,1.0,1.0,1.133218817937818e-8
38,38,w38,2.8091967873696907e10,167606.5866059473,4,4,0.0,1.0,-1.1331998968609033e-8
38,38,w38,2.8091967873696907e10,167606.5866059473,5,5,0.24999999999941094,0.0,-2.638492891346751e-8
38,38,w38,2.8091967873696907e10,167606.5866059473,6,6,0.4999999999986921,0.0,-3.1014630302239717e-13
38,38,w38,2.8091967873696907e10,167606.5866059473,7,7,0.7499999999993406,0.0,2.6384714674615307e-8
38,38,w38,2.8091967873696907e10,167606.5866059473,8,8,1.0,0.24999999999941094,2.6384645633863604e-8
38,38,w38,2.8091967873696907e10,167606.5866059473,9,9,1.0,0.4999999999986921,-2.6695969734887244e-13
38,38,w38,2.8091967873696907e10,167606.5866059473,10,10,1.0,0.7499999999993406,-2.6384841697662588e-8
38,38,w38,2.8091967873696907e10,167606.5866059473,11,11,0.7500000000003471,1.0,-2.6384971408738285e-8
38,38,w38,2.8091967873696907e10,167606.5866059473,12,12,0.5000000000020595,1.0,-2.716493293594574e-13
38,38,w38,2.8091967873696907e10,167606.5866059473,13,13,0.2500000000010405,1.0,2.638472244378086e-8
38,38,w38,2.8091967873696907e10,167606.5866059473,14,14,0.0,0.7500000000003471,2.6384620882198353e-8
38,38,w38,2.8091967873696907e10,167606.5866059473,15,15,0.0,0.5000000000020595,-2.331216964978864e-13
38,38,w38,2.8091967873696907e10,167606.5866059473,16,16,0.0,0.2500000000010405,-2.6384898909677226e-8
38,38,w38,2.8091967873696907e10,167606.5866059473,17,17,0.24999999999981837,0.25000000000063316,-0.9999974105727687
38,38,w38,2.8091967873696907e10,167606.5866059473,18,18,0.2500000000002257,0.5000000000012177,-5.333210464382309e-6
38,38,w38,2.8091967873696907e10,167606.5866059473,19,19,0.25000000000063316,0.7500000000000954,0.9999831345428812
38,38,w38,2.8091967873696907e10,167606.5866059473,20,20,0.49999999999953393,0.2500000000002257,-6.1028852956626595e-6
38,38,w38,2.8091967873696907e10,167606.5866059473,21,21,0.5000000000003757,0.5000000000003757,2.737486218509098e-5
38,38,w38,2.8091967873696907e10,167606.5866059473,22,22,0.5000000000012177,0.749999999999844,-3.6549023686839787e-6
38,38,w38,2.8091967873696907e10,167606.5866059473,23,23,0.7499999999995922,0.24999999999981837,0.9999846533094927
38,38,w38,2.8091967873696907e10,167606.5866059473,24,24,0.749999999999844,0.49999999999953393,-3.7458917447826425e-6
38,38,w38,2.8091967873696907e10,167606.5866059473,25,25,0.7500000000000953,0.7499999999995921,-1.0
39,39,w39,2.8483516474388103e10,168770.6031108146,1,1,0.0,0.0,1.21446253838155e-8
39,39,w39,2.8483516474388103e10,168770.6031108146,2,2,1.0,0.0,-2.3391935133789598e-9
39,39,w39,2.8483516474388103e10,168770.6031108146,3,3,1.0,1.0,-7.785770966266419e-9
39,39,w39,2.8483516474388103e10,168770.6031108146,4,4,0.0,1.0,-3.3089012878193486e-9
39,39,w39,2.8483516474388103e10,168770.6031108146,5,5,0.24999999999941094,0.0,-3.99513572281936e-8
39,39,w39,2.8483516474388103e10,168770.6031108146,6,6,0.4999999999986921,0.0,-8.486317616735804e-8
39,39,w39,2.8483516474388103e10,168770.6031108146,7,7,0.7499999999993406,0.0,-3.846638250362521e-8
39,39,w39,2.8483516474388103e10,168770.6031108146,8,8,1.0,0.24999999999941094,-2.2558051890743443e-8
39,39,w39,2.8483516474388103e10,168770.6031108146,9,9,1.0,0.4999999999986921,-2.5350889189063013e-9
39,39,w39,2.8483516474388103e10,168770.6031108146,10,10,1.0,0.7499999999993406,-1.8610695621982794e-8
39,39,w39,2.8483516474388103e10,168770.6031108146,11,11,0.7500000000003471,1.0,2.7791502660576543e-8
39,39,w39,2.8483516474388103e10,168770.6031108146,12,12,0.5000000000020595,1.0,-2.0484416080169293e-8
39,39,w39,2.8483516474388103e10,168770.6031108146,13,13,0.2500000000010405,1.0,-2.6197618578935573e-8
39,39,w39,2.8483516474388103e10,168770.6031108146,14,14,0.0,0.7500000000003471,1.646495472607527e-8
39,39,w39,2.8483516474388103e10,168770.6031108146,15,15,0.0,0.5000000000020595,6.394660791172576e-8
39,39,w39,2.8483516474388103e10,168770.6031108146,16,16,0.0,0.2500000000010405,5.0314744660666404e-8
39,39,w39,2.8483516474388103e10,168770.6031108146,17,17,0.24999999999981837,0.25000000000063316,-0.10822129269905378
39,39,w39,2.8483516474388103e10,168770.6031108146,18,18,0.2500000000002257,0.5000000000012177,0.10128185199581698
39,39,w39,2.8483516474388103e10,168770.6031108146,19,19,0.25000000000063316,0.7500000000000954,-0.6921117409137506
39,39,w39,2.8483516474388103e10,168770.6031108146,20,20,0.49999999999953393,0.2500000000002257,-0.1859117106389493
39,39,w39,2.8483516474388103e10,168770.6031108146,21,21,0.5000000000003757,0.5000000000003757,1.0
39,39,w39,2.8483516474388103e10,168770.6031108146,22,22,0.5000000000012177,0.749999999999844,-0.5127747245749433
39,39,w39,2.8483516474388103e10,168770.6031108146,23,23,0.7499999999995922,0.24999999999981837,-0.612218018597808
39,39,w39,2.8483516474388103e10,168770.6031108146,24,24,0.749999999999844,0.49999999999953393,0.14044371704902822
39,39,w39,2.8483516474388103e10,168770.6031108146,25,25,0.7500000000000953,0.7499999999995921,-0.0
40,40,w40,2.848351650052359e10,168770.60318824364,1,1,0.0,0.0,-3.604954971280486e-10
40,40,w40,2.848351650052359e10,168770.60318824364,2,2,1.0,0.0,5.145049404828627e-9
40,40,w40,2.848351650052359e10,168770.60318824364,3,3,1.0,1.0,6.85415085567244e-9
40,40,w40,2.848351650052359e10,168770.60318824364,4,4,0.0,1.0,2.3420188436866505e-9
40,40,w40,2.848351650052359e10,168770.60318824364,5,5,0.24999999999941094,0.0,-2.7782651196557824e-9
40,40,w40,2.848351650052359e10,168770.60318824364,6,6,0.4999999999986921,0.0,-1.1167692085841099e-8
40,40,w40,2.848351650052359e10,168770.60318824364,7,7,0.7499999999993406,0.0,-3.7003526941846357e-9
40,40,w40,2.848351650052359e10,168770.60318824364,8,8,1.0,0.24999999999941094,-7.68415722356998e-9
40,40,w40,2.848351650052359e10,168770.60318824364,9,9,1.0,0.4999999999986921,-8.818596560503835e-9
40,40,w40,2.848351650052359e10,168770.60318824364,10,10,1.0,0.7499999999993406,-4.3300323186023474e-9
40,40,w40,2.848351650052359e10,168770.60318824364,11,11,0.7500000000003471,1.0,-4.130141148895289e-9
40,40,w40,2.848351650052359e10,168770.60318824364,12,12,0.5000000000020595,1.0,-1.0382801409800673e-8
40,40,w40,2.848351650052359e10,168770.60318824364,13,13,0.2500000000010405,1.0,-7.848230545557526e-9
40,40,w40,2.848351650052359e10,168770.60318824364,14,14,0.0,0.7500000000003471,-3.0450970030395732e-9
40,40,w40,2.848351650052359e10,168770.60318824364,15,15,0.0,0.5000000000020595,-1.3354327567557541e-8
40,40,w40,2.848351650052359e10,168770.60318824364,16,16,0.0,0.2500000000010405,1.7428405382813444e-9
40,40,w40,2.848351650052359e10,168770.60318824364,17,17,0.24999999999981837,0.25000000000063316,-0.3658239623073369
40,40,w40,2.848351650052359e10,168770.60318824364,18,18,0.2500000000002257,0.5000000000012177,-0.09415052017494194
40,40,w40,2.848351650052359e10,168770.60318824364,19,19,0.25000000000063316,0.7500000000000954,-0.3646704408245384
40,40,w40,2.848351650052359e10,168770.60318824364,20,20,0.49999999999953393,0.2500000000002257,-0.10475463550887615
40,40,w40,2.848351650052359e10,168770.60318824364,21,21,0.5000000000003757,0.5000000000003757,1.0
40,40,w40,2.848351650052359e10,168770.60318824364,22,22,0.5000000000012177,0.749999999999844,-0.12931437232420093
40,40,w40,2.848351650052359e10,168770.60318824364,23,23,0.7499999999995922,0.24999999999981837,-0.3762654314181967
40,40,w40,2.848351650052359e10,168770.60318824364,24,24,0.749999999999844,0.49999999999953393,-0.14672039882861695
40,40,w40,2.848351650052359e10,168770.60318824364,25,25,0.7500000000000953,0.7499999999995921,-0.2848973823957184
41,41,w41,3.0292101143793148e10,174046.26150478827,1,1,0.0,0.0,-1.465649133515764e-15
41,41,w41,3.0292101143793148e10,174046.26150478827,2,2,1.0,0.0,5.5159081015321585e-15
41,41,w41,3.0292101143793148e10,174046.26150478827,3,3,1.0,1.0,5.62186710388594e-15
41,41,w41,3.0292101143793148e10,174046.26150478827,4,4,0.0,1.0,5.117395921251398e-15
41,41,w41,3.0292101143793148e10,174046.26150478827,5,5,0.24999999999941094,0.0,-3.849087620391522e-9
41,41,w41,3.0292101143793148e10,174046.26150478827,6,6,0.4999999999986921,0.0,-2.0602458945002113e-8
41,41,w41,3.0292101143793148e10,174046.26150478827,7,7,0.7499999999993406,0.0,-3.8490945789733805e-9
41,41,w41,3.0292101143793148e10,174046.26150478827,8,8,1.0,0.24999999999941094,3.8490891882299765e-9
41,41,w41,3.0292101143793148e10,174046.26150478827,9,9,1.0,0.4999999999986921,2.0602463467795697e-8
41,41,w41,3.0292101143793148e10,174046.26150478827,10,10,1.0,0.7499999999993406,3.849083102411171e-9
41,41,w41,3.0292101143793148e10,174046.26150478827,11,11,0.7500000000003471,1.0,-3.849087999619101e-9
41,41,w41,3.0292101143793148e10,174046.26150478827,12,12,0.5000000000020595,1.0,-2.0602473682573934e-8
41,41,w41,3.0292101143793148e10,174046.26150478827,13,13,0.2500000000010405,1.0,-3.849081420509088e-9
41,41,w41,3.0292101143793148e10,174046.26150478827,14,14,0.0,0.7500000000003471,3.849079185780907e-9
41,41,w41,3.0292101143793148e10,174046.26150478827,15,15,0.0,0.5000000000020595,2.0602475879787106e-8
41,41,w41,3.0292101143793148e10,174046.26150478827,16,16,0.0,0.2500000000010405,3.849083444902265e-9
41,41,w41,3.0292101143793148e10,174046.26150478827,17,17,0.24999999999981837,0.25000000000063316,3.7249308744710745e-7
41,41,w41,3.0292101143793148e10,174046.26150478827,18,18,0.2500000000002257,0.5000000000012177,0.9999993518710718
41,41,w41,3.0292101143793148e10,174046.26150478827,19,19,0.25000000000063316,0.7500000000000954,1.196649603135348e-7
41,41,w41,3.0292101143793148e10,174046.26150478827,20,20,0.49999999999953393,0.2500000000002257,-1.0
41,41,w41,3.0292101143793148e10,174046.26150478827,21,21,0.5000000000003757,0.5000000000003757,1.323390991637678e-7
41,41,w41,3.0292101143793148e10,174046.26150478827,22,22,0.5000000000012177,0.749999999999844,-0.9999996623916755
41,41,w41,3.0292101143793148e10,174046.26150478827,23,23,0.7499999999995922,0.24999999999981837,1.4006963956766808e-7
41,41,w41,3.0292101143793148e10,174046.26150478827,24,24,0.749999999999844,0.49999999999953393,0.9999996558303501
41,41,w41,3.0292101143793148e10,174046.26150478827,25,25,0.7500000000000953,0.7499999999995921,-0.0
42,42,w42,3.05247407552393e10,174713.3101833953,1,1,0.0,0.0,1.3216046293163957e-8
42,42,w42,3.05247407552393e10,174713.3101833953,2,2,1.0,0.0,1.3216045465562539e-8
42,42,w42,3.05247407552393e10,174713.3101833953,3,3,1.0,1.0,1.3216044497149503e-8
42,42,w42,3.05247407552393e10,174713.3101833953,4,4,0.0,1.0,1.3216044754490649e-8
42,42,w42,3.05247407552393e10,174713.3101833953,5,5,0.24999999999941094,0.0,-1.0092218545358165e-8
42,42,w42,3.05247407552393e10,174713.3101833953,6,6,0.4999999999986921,0.0,2.2726914849542836e-8
42,42,w42,3.05247407552393e10,174713.3101833953,7,7,0.7499999999993406,0.0,-1.0092220755931779e-8
42,42,w42,3.05247407552393e10,174713.3101833953,8,8,1.0,0.24999999999941094,-1.0092217288163558e-8
42,42,w42,3.05247407552393e10,174713.3101833953,9,9,1.0,0.4999999999986921,2.2726905802053524e-8
42,42,w42,3.05247407552393e10,174713.3101833953,10,10,1.0,0.7499999999993406,-1.0092219705597317e-8
42,42,w42,3.05247407552393e10,174713.3101833953,11,11,0.7500000000003471,1.0,-1.009221520724734e-8
42,42,w42,3.05247407552393e10,174713.3101833953,12,12,0.5000000000020595,1.0,2.272691376201147e-8
42,42,w42,3.05247407552393e10,174713.3101833953,13,13,0.2500000000010405,1.0,-1.0092216333469464e-8
42,42,w42,3.05247407552393e10,174713.3101833953,14,14,0.0,0.7500000000003471,-1.0092220499273584e-8
42,42,w42,3.05247407552393e10,174713.3101833953,15,15,0.0,0.5000000000020595,2.272690643503953e-8
42,42,w42,3.05247407552393e10,174713.3101833953,16,16,0.0,0.2500000000010405,-1.0092220294447452e-8
42,42,w42,3.05247407552393e10,174713.3101833953,17,17,0.24999999999981837,0.25000000000063316,0.9763403922340913
42,42,w42,3.05247407552393e10,174713.3101833953,18,18,0.2500000000002257,0.5000000000012177,-1.0
42,42,w42,3.05247407552393e10,174713.3101833953,19,19,0.25000000000063316,0.7500000000000954,0.9763403243539241
42,42,w42,3.05247407552393e10,174713.3101833953,20,20,0.49999999999953393,0.2500000000002257,-0.9999996449466092
42,42,w42,3.05247407552393e10,174713.3101833953,21,21,0.5000000000003757,0.5000000000003757,0.920643936290645
42,42,w42,3.05247407552393e10,174713.3101833953,22,22,0.5000000000012177,0.749999999999844,-0.9999995100702633
42,42,w42,3.05247407552393e10,174713.3101833953,23,23,0.7499999999995922,0.24999999999981837,0.9763402745513564
42,42,w42,3.05247407552393e10,174713.3101833953,24,24,0.749999999999844,0.49999999999953393,-0.9999997963346156
42,42,w42,3.05247407552393e10,174713.3101833953,25,25,0.7500000000000953,0.7499999999995921,0.9763403080850708
43,43,w43,3.068016548394158e10,175157.54475312098,1,1,0.0,0.0,4.2323298287651254e-8
43,43,w43,3.068016548394158e10,175157.54475312098,2,2,1.0,0.0,1.4036697150503354e-14
43,43,w43,3.068016548394158e10,175157.54475312098,3,3,1.0,1.0,-4.232328651758201e-8
43,43,w43,3.068016548394158e10,175157.54475312098,4,4,0.0,1.0,-2.873722759234968e-15
43,43,w43,3.068016548394158e10,175157.54475312098,5,5,0.24999999999941094,0.0,2.1950748183030914e-9
43,43,w43,3.068016548394158e10,175157.54475312098,6,6,0.4999999999986921,0.0,-7.689605469961847e-8
43,43,w43,3.068016548394158e10,175157.54475312098,7,7,0.7499999999993406,0.0,6.359259210436615e-8
43,43,w43,3.068016548394158e10,175157.54475312098,8,8,1.0,0.24999999999941094,-6.3592625993892e-8
43,43,w43,3.068016548394158e10,175157.54475312098,9,9,1.0,0.4999999999986921,7.689604377257146e-8
43,43,w43,3.068016548394158e10,175157.54475312098,10,10,1.0,0.7499999999993406,-2.195087778067044e-9
43,43,w43,3.068016548394158e10,175157.54475312098,11,11,0.7500000000003471,1.0,-2.1952024859504667e-9
43,43,w43,3.068016548394158e10,175157.54475312098,12,12,0.5000000000020595,1.0,7.689595052230055e-8
43,43,w43,3.068016548394158e10,175157.54475312098,13,13,0.2500000000010405,1.0,-6.359253618770613e-8
43,43,w43,3.068016548394158e10,175157.54475312098,14,14,0.0,0.7500000000003471,6.359255436561856e-8
43,43,w43,3.068016548394158e10,175157.54475312098,15,15,0.0,0.5000000000020595,-7.689589734302337e-8
43,43,w43,3.068016548394158e10,175157.54475312098,16,16,0.0,0.2500000000010405,2.195198819034793e-9
43,43,w43,3.068016548394158e10,175157.54475312098,17,17,0.24999999999981837,0.25000000000063316,-0.9999990467129776
43,43,w43,3.068016548394158e10,175157.54475312098,18,18,0.2500000000002257,0.5000000000012177,0.9214990851804348
43,43,w43,3.068016548394158e10,175157.54475312098,19,19,0.25000000000063316,0.7500000000000954,1.2606725767738616e-7
43,43,w43,3.068016548394158e10,175157.54475312098,20,20,0.49999999999953393,0.2500000000002257,0.9214915405040324
43,43,w43,3.068016548394158e10,175157.54475312098,21,21,0.5000000000003757,0.5000000000003757,5.080760832018006e-7
43,43,w43,3.068016548394158e10,175157.54475312098,22,22,0.5000000000012177,0.749999999999844,-0.9214983399542559
43,43,w43,3.068016548394158e10,175157.54475312098,23,23,0.7499999999995922,0.24999999999981837,7.064919081149894e-7
43,43,w43,3.068016548394158e10,175157.54475312098,24,24,0.749999999999844,0.49999999999953393,-0.9214941799420371
43,43,w43,3.068016548394158e10,175157.54475312098,25,25,0.7500000000000953,0.7499999999995921,1.0
44,44,w44,3.068016548862011e10,175157.54476647617,1,1,0.0,0.0,-1.2357308839012133e-15
44,44,w44,3.068016548862011e10,175157.54476647617,2,2,1.0,0.0,4.232330540369276e-8
44,44,w44,3.068016548862011e10,175157.54476647617,3,3,1.0,1.0,7.473712805318823e-16
44,44,w44,3.068016548862011e10,175157.54476647617,4,4,0.0,1.0,-4.23233023223079e-8
44,44,w44,3.068016548862011e10,175157.54476647617,5,5,0.24999999999941094,0.0,6.359259708616179e-8
44,44,w44,3.068016548862011e10,175157.54476647617,6,6,0.4999999999986921,0.0,-7.689601311611372e-8
44,44,w44,3.068016548862011e10,175157.54476647617,7,7,0.7499999999993406,0.0,2.1951403030575267e-9
44,44,w44,3.068016548862011e10,175157.54476647617,8,8,1.0,0.24999999999941094,2.195144228571804e-9
44,44,w44,3.068016548862011e10,175157.54476647617,9,9,1.0,0.4999999999986921,-7.689601070186661e-8
44,44,w44,3.068016548862011e10,175157.54476647617,10,10,1.0,0.7499999999993406,6.359259803904346e-8
44,44,w44,3.068016548862011e10,175157.54476647617,11,11,0.7500000000003471,1.0,-6.359259857811371e-8
44,44,w44,3.068016548862011e10,175157.54476647617,12,12,0.5000000000020595,1.0,7.689600611652448e-8
44,44,w44,3.068016548862011e10,175157.54476647617,13,13,0.2500000000010405,1.0,-2.195145128030605e-9
44,44,w44,3.068016548862011e10,175157.54476647617,14,14,0.0,0.7500000000003471,-2.195141106318563e-9
44,44,w44,3.068016548862011e10,175157.54476647617,15,15,0.0,0.5000000000020595,7.689601025172087e-8
44,44,w44,3.068016548862011e10,175157.54476647617,16,16,0.0,0.2500000000010405,-6.359259763735931e-8
44,44,w44,3.068016548862011e10,175157.54476647617,17,17,0.24999999999981837,0.25000000000063316,-5.5814410592843784e-8
44,44,w44,3.068016548862011e10,175157.54476647617,18,18,0.2500000000002257,0.5000000000012177,-0.92149606299143
44,44,w44,3.068016548862011e10,175157.54476647617,19,19,0.25000000000063316,0.7500000000000954,0.9999999295337655
44,44,w44,3.068016548862011e10,175157.54476647617,20,20,0.49999999999953393,0.2500000000002257,0.9214961195148185
44,44,w44,3.068016548862011e10,175157.54476647617,21,21,0.5000000000003757,0.5000000000003757,3.995627961538517e-8
44,44,w44,3.068016548862011e10,175157.54476647617,22,22,0.5000000000012177,0.749999999999844,-0.9214963329726239
44,44,w44,3.068016548862011e10,175157.54476647617,23,23,0.7499999999995922,0.24999999999981837,-1.0
44,44,w44,3.068016548862011e10,175157.54476647617,24,24,0.749999999999844,0.49999999999953393,0.9214962850372673
44,44,w44,3.068016548862011e10,175157.54476647617,25,25,0.7500000000000953,0.7499999999995921,-0.0
45,45,w45,3.1536292690644276e10,177584.60713317548,1,1,0.0,0.0,-2.867838650873186e-8
45,45,w45,3.1536292690644276e10,177584.60713317548,2,2,1.0,0.0,1.730043949018983e-15
45,45,w45,3.1536292690644276e10,177584.60713317548,3,3,1.0,1.0,2.867838872209807e-8
45,45,w45,3.1536292690644276e10,177584.60713317548,4,4,0.0,1.0,5.08872104251903e-16
45,45,w45,3.1536292690644276e10,177584.60713317548,5,5,0.24999999999941094,0.0,1.1113720839550623e-8
45,45,w45,3.1536292690644276e10,177584.60713317548,6,6,0.4999999999986921,0.0,1.4403384969016294e-8
45,45,w45,3.1536292690644276e10,177584.60713317548,7,7,0.7499999999993406,0.0,6.32640701847812e-9
45,45,w45,3.1536292690644276e10,177584.60713317548,8,8,1.0,0.24999999999941094,-6.326405451628621e-9
45,45,w45,3.1536292690644276e10,177584.60713317548,9,9,1.0,0.4999999999986921,-1.4403380722920097e-8
45,45,w45,3.1536292690644276e10,177584.60713317548,10,10,1.0,0.7499999999993406,-1.1113718534223727e-8
45,45,w45,3.1536292690644276e10,177584.60713317548,11,11,0.7500000000003471,1.0,-1.1113718254084197e-8
45,45,w45,3.1536292690644276e10,177584.60713317548,12,12,0.5000000000020595,1.0,-1.4403384450849582e-8
45,45,w45,3.1536292690644276e10,177584.60713317548,13,13,0.2500000000010405,1.0,-6.326411810288577e-9
45,45,w45,3.1536292690644276e10,177584.60713317548,14,14,0.0,0.7500000000003471,6.326409642800082e-9
45,45,w45,3.1536292690644276e10,177584.60713317548,15,15,0.0,0.5000000000020595,1.4403386447743507e-8
45,45,w45,3.1536292690644276e10,177584.60713317548,16,16,0.0,0.2500000000010405,1.1113714409695441e-8
45,45,w45,3.1536292690644276e10,177584.60713317548,17,17,0.24999999999981837,0.25000000000063316,-0.7983617965301929
45,45,w45,3.1536292690644276e10,177584.60713317548,18,18,0.2500000000002257,0.5000000000012177,0.9999998066919514
45,45,w45,3.1536292690644276e10,177584.60713317548,19,19,0.25000000000063316,0.7500000000000954,4.9777542756877385e-8
45,45,w45,3.1536292690644276e10,177584.60713317548,20,20,0.49999999999953393,0.2500000000002257,0.9999998128279152
45,45,w45,3.1536292690644276e10,177584.60713317548,21,21,0.5000000000003757,0.5000000000003757,-1.4102067543808154e-9
45,45,w45,3.1536292690644276e10,177584.60713317548,22,22,0.5000000000012177,0.749999999999844,-1.0
45,45,w45,3.1536292690644276e10,177584.60713317548,23,23,0.7499999999995922,0.24999999999981837,1.19552553557486e-7
45,45,w45,3.1536292690644276e10,177584.60713317548,24,24,0.749999999999844,0.49999999999953393,-0.9999999293343198
45,45,w45,3.1536292690644276e10,177584.60713317548,25,25,0.7500000000000953,0.7499999999995921,0.7983620362436198
46,46,w46,3.1536292701088787e10,177584.6071625826,1,1,0.0,0.0,1.3530212773634458e-15
46,46,w46,3.1536292701088787e10,177584.6071625826,2,2,1.0,0.0,-2.8678390237659865e-8
46,46,w46,3.1536292701088787e10,177584.6071625826,3,3,1.0,1.0,-2.1400955342583065e-15
46,46,w46,3.1536292701088787e10,177584.6071625826,4,4,0.0,1.0,2.8678391848783387e-8
46,46,w46,3.1536292701088787e10,177584.6071625826,5,5,0.24999999999941094,0.0,6.326407450657031e-9
46,46,w46,3.1536292701088787e10,177584.6071625826,6,6,0.4999999999986921,0.0,1.4403383269531715e-8
46,46,w46,3.1536292701088787e10,177584.6071625826,7,7,0.7499999999993406,0.0,1.1113722019695262e-8
46,46,w46,3.1536292701088787e10,177584.6071625826,8,8,1.0,0.24999999999941094,1.1113716081048817e-8
46,46,w46,3.1536292701088787e10,177584.6071625826,9,9,1.0,0.4999999999986921,1.4403388636905098e-8
46,46,w46,3.1536292701088787e10,177584.6071625826,10,10,1.0,0.7499999999993406,6.326409939856224e-9
46,46,w46,3.1536292701088787e10,177584.6071625826,11,11,0.7500000000003471,1.0,-6.326410393519304e-9
46,46,w46,3.1536292701088787e10,177584.6071625826,12,12,0.5000000000020595,1.0,-1.4403384624416794e-8
46,46,w46,3.1536292701088787e10,177584.6071625826,13,13,0.2500000000010405,1.0,-1.1113720571240715e-8
46,46,w46,3.1536292701088787e10,177584.6071625826,14,14,0.0,0.7500000000003471,-1.1113716543924652e-8
46,46,w46,3.1536292701088787e10,177584.6071625826,15,15,0.0,0.5000000000020595,-1.440339041901798e-8
46,46,w46,3.1536292701088787e10,177584.6071625826,16,16,0.0,0.2500000000010405,-6.326408255247551e-9
46,46,w46,3.1536292701088787e10,177584.6071625826,17,17,0.24999999999981837,0.25000000000063316,-1.7402966476867942e-8
46,46,w46,3.1536292701088787e10,177584.6071625826,18,18,0.2500000000002257,0.5000000000012177,-0.9999999757416467
46,46,w46,3.1536292701088787e10,177584.6071625826,19,19,0.25000000000063316,0.7500000000000954,0.7983619499414442
46,46,w46,3.1536292701088787e10,177584.6071625826,20,20,0.49999999999953393,0.2500000000002257,0.999999991443239
46,46,w46,3.1536292701088787e10,177584.6071625826,21,21,0.5000000000003757,0.5000000000003757,2.562803512793488e-8
46,46,w46,3.1536292701088787e10,177584.6071625826,22,22,0.5000000000012177,0.749999999999844,-1.0
46,46,w46,3.1536292701088787e10,177584.6071625826,23,23,0.7499999999995922,0.24999999999981837,-0.7983619879638499
46,46,w46,3.1536292701088787e10,177584.6071625826,24,24,0.749999999999844,0.49999999999953393,0.9999999942184142
46,46,w46,3.1536292701088787e10,177584.6071625826,25,25,0.7500000000000953,0.7499999999995921,-0.0
47,47,w47,3.1886239871610207e10,178567.18587582157,1,1,0.0,0.0,4.584366630152092e-8
47,47,w47,3.1886239871610207e10,178567.18587582157,2,2,1.0,0.0,2.4191545641420417e-8
47,47,w47,3.1886239871610207e10,178567.18587582157,3,3,1.0,1.0,-7.97200809941573e-8
47,47,w47,3.1886239871610207e10,178567.18587582157,4,4,0.0,1.0,5.8722521961522035e-8
47,47,w47,3.1886239871610207e10,178567.18587582157,5,5,0.24999999999941094,0.0,0.6355902079143877
47,47,w47,3.1886239871610207e10,178567.18587582157,6,6,0.4999999999986921,0.0,-1.2600411810763338e-7
47,47,w47,3.1886239871610207e10,178567.18587582157,7,7,0.7499999999993406,0.0,-0.6355901307802672
47,47,w47,3.1886239871610207e10,178567.18587582157,8,8,1.0,0.24999999999941094,0.6355901325525953
47,47,w47,3.1886239871610207e10,178567.18587582157,9,9,1.0,0.4999999999986921,6.975607782206433e-8
47,47,w47,3.1886239871610207e10,178567.18587582157,10,10,1.0,0.7499999999993406,-0.6355902155705636
47,47,w47,3.1886239871610207e10,178567.18587582157,11,11,0.7500000000003471,1.0,0.6355901894066758
47,47,w47,3.1886239871610207e10,178567.18587582157,12,12,0.5000000000020595,1.0,7.555857305008814e-8
47,47,w47,3.1886239871610207e10,178567.18587582157,13,13,0.2500000000010405,1.0,-0.6355902825348123
47,47,w47,3.1886239871610207e10,178567.18587582157,14,14,0.0,0.7500000000003471,0.6355902713368174
47,47,w47,3.1886239871610207e10,178567.18587582157,15,15,0.0,0.5000000000020595,-1.3802584359713833e-7
47,47,w47,3.1886239871610207e10,178567.18587582157,16,16,0.0,0.2500000000010405,-0.63559020929716
47,47,w47,3.1886239871610207e10,178567.18587582157,17,17,0.24999999999981837,0.25000000000063316,1.0
47,47,w47,3.1886239871610207e10,178567.18587582157,18,18,0.2500000000002257,0.5000000000012177,-0.9926138432639436
47,47,w47,3.1886239871610207e10,178567.18587582157,19,19,0.25000000000063316,0.7500000000000954,-0.09771910786024131
47,47,w47,3.1886239871610207e10,178567.18587582157,20,20,0.49999999999953393,0.2500000000002257,-0.019952697242405462
47,47,w47,3.1886239871610207e10,178567.18587582157,21,21,0.5000000000003757,0.5000000000003757,0.01880528456276999
47,47,w47,3.1886239871610207e10,178567.18587582157,22,22,0.5000000000012177,0.749999999999844,-0.16313154986487285
47,47,w47,3.1886239871610207e10,178567.18587582157,23,23,0.7499999999995922,0.24999999999981837,-0.6787244479603568
47,47,w47,3.1886239871610207e10,178567.18587582157,24,24,0.749999999999844,0.49999999999953393,0.8443777584860178
47,47,w47,3.1886239871610207e10,178567.18587582157,25,25,0.7500000000000953,0.7499999999995921,-0.0
48,48,w48,3.2556985592327522e10,180435.54414894956,1,1,0.0,0.0,-2.2131800860336938e-8
48,48,w48,3.2556985592327522e10,180435.54414894956,2,2,1.0,0.0,-2.2131799304406067e-8
48,48,w48,3.2556985592327522e10,180435.54414894956,3,3,1.0,1.0,-2.213180007842408e-8
48,48,w48,3.2556985592327522e10,180435.54414894956,4,4,0.0,1.0,-2.2131801085002557e-8
48,48,w48,3.2556985592327522e10,180435.54414894956,5,5,0.24999999999941094,0.0,1.8362980853131944e-9
48,48,w48,3.2556985592327522e10,180435.54414894956,6,6,0.4999999999986921,0.0,1.73000993371618e-8
48,48,w48,3.2556985592327522e10,180435.54414894956,7,7,0.7499999999993406,0.0,1.8362966272100125e-9
48,48,w48,3.2556985592327522e10,180435.54414894956,8,8,1.0,0.24999999999941094,1.8362979113127662e-9
48,48,w48,3.2556985592327522e10,180435.54414894956,9,9,1.0,0.4999999999986921,1.7300099372025564e-8
48,48,w48,3.2556985592327522e10,180435.54414894956,10,10,1.0,0.7499999999993406,1.8362962125574086e-9
48,48,w48,3.2556985592327522e10,180435.54414894956,11,11,0.7500000000003471,1.0,1.8362947278825732e-9
48,48,w48,3.2556985592327522e10,180435.54414894956,12,12,0.5000000000020595,1.0,1.7300095668385546e-8
48,48,w48,3.2556985592327522e10,180435.54414894956,13,13,0.2500000000010405,1.0,1.836291992859178e-9
48,48,w48,3.2556985592327522e10,180435.54414894956,14,14,0.0,0.7500000000003471,1.8362962796424693e-9
48,48,w48,3.2556985592327522e10,180435.54414894956,15,15,0.0,0.5000000000020595,1.7300099330289236e-8
48,48,w48,3.2556985592327522e10,180435.54414894956,16,16,0.0,0.2500000000010405,1.8362947276684891e-9
48,48,w48,3.2556985592327522e10,180435.54414894956,17,17,0.24999999999981837,0.25000000000063316,-0.41384804227133093
48,48,w48,3.2556985592327522e10,180435.54414894956,18,18,0.2500000000002257,0.5000000000012177,0.14960705193964516
48,48,w48,3.2556985592327522e10,180435.54414894956,19,19,0.25000000000063316,0.7500000000000954,-0.41384807779671035
48,48,w48,3.2556985592327522e10,180435.54414894956,20,20,0.49999999999953393,0.2500000000002257,0.14960703745411055
48,48,w48,3.2556985592327522e10,180435.54414894956,21,21,0.5000000000003757,0.5000000000003757,1.0
48,48,w48,3.2556985592327522e10,180435.54414894956,22,22,0.5000000000012177,0.749999999999844,0.14960701781631763
48,48,w48,3.2556985592327522e10,180435.54414894956,23,23,0.7499999999995922,0.24999999999981837,-0.4138479600303443
48,48,w48,3.2556985592327522e10,180435.54414894956,24,24,0.749999999999844,0.49999999999953393,0.14960701579958233
48,48,w48,3.2556985592327522e10,180435.54414894956,25,25,0.7500000000000953,0.7499999999995921,-0.41384804032126066
49,49,w49,3.478773816132297e10,186514.71298887648,1,1,0.0,0.0,3.820902516391825e-9
49,49,w49,3.478773816132297e10,186514.71298887648,2,2,1.0,0.0,-1.2556971261341394e-15
49,49,w49,3.478773816132297e10,186514.71298887648,3,3,1.0,1.0,-3.820900301497329e-9
49,49,w49,3.478773816132297e10,186514.71298887648,4,4,0.0,1.0,2.0624019658564953e-15
49,49,w49,3.478773816132297e10,186514.71298887648,5,5,0.24999999999941094,0.0,-2.2770254823476855e-9
49,49,w49,3.478773816132297e10,186514.71298887648,6,6,0.4999999999986921,0.0,1.9712834302142806e-8
49,49,w49,3.478773816132297e10,186514.71298887648,7,7,0.7499999999993406,0.0,4.049607381158536e-8
49,49,w49,3.478773816132297e10,186514.71298887648,8,8,1.0,0.24999999999941094,-4.0496072299154624e-8
49,49,w49,3.478773816132297e10,186514.71298887648,9,9,1.0,0.4999999999986921,-1.9712835957545703e-8
49,49,w49,3.478773816132297e10,186514.71298887648,10,10,1.0,0.7499999999993406,2.277024844966897e-9
49,49,w49,3.478773816132297e10,186514.71298887648,11,11,0.7500000000003471,1.0,2.2770220466202086e-9
49,49,w49,3.478773816132297e10,186514.71298887648,12,12,0.5000000000020595,1.0,-1.9712836142966095e-8
49,49,w49,3.478773816132297e10,186514.71298887648,13,13,0.2500000000010405,1.0,-4.049607337647378e-8
49,49,w49,3.478773816132297e10,186514.71298887648,14,14,0.0,0.7500000000003471,4.049607137735947e-8
49,49,w49,3.478773816132297e10,186514.71298887648,15,15,0.0,0.5000000000020595,1.9712835935594007e-8
49,49,w49,3.478773816132297e10,186514.71298887648,16,16,0.0,0.2500000000010405,-2.277024928138727e-9
49,49,w49,3.478773816132297e10,186514.71298887648,17,17,0.24999999999981837,0.25000000000063316,1.0
49,49,w49,3.478773816132297e10,186514.71298887648,18,18,0.2500000000002257,0.5000000000012177,-0.07903580912986674
49,49,w49,3.478773816132297e10,186514.71298887648,19,19,0.25000000000063316,0.7500000000000954,7.762466449443861e-9
49,49,w49,3.478773816132297e10,186514.71298887648,20,20,0.49999999999953393,0.2500000000002257,-0.07903583381447148
49,49,w49,3.478773816132297e10,186514.71298887648,21,21,0.5000000000003757,0.5000000000003757,1.8128083577803272e-8
49,49,w49,3.478773816132297e10,186514.71298887648,22,22,0.5000000000012177,0.749999999999844,0.079035775032905
49,49,w49,3.478773816132297e10,186514.71298887648,23,23,0.7499999999995922,0.24999999999981837,2.0071178667705076e-8
49,49,w49,3.478773816132297e10,186514.71298887648,24,24,0.749999999999844,0.49999999999953393,0.07903574731810045
49,49,w49,3.478773816132297e10,186514.71298887648,25,25,0.7500000000000953,0.7499999999995921,-0.99999999093992
50,50,w50,3.478773824209825e10,186514.71320541512,1,1,0.0,0.0,-4.582918491822287e-15
50,50,w50,3.478773824209825e10,186514.71320541512,2,2,1.0,0.0,-3.820900686997685e-9
50,50,w50,3.478773824209825e10,186514.71320541512,3,3,1.0,1.0,-4.749107710637871e-15
50,50,w50,3.478773824209825e10,186514.71320541512,4,4,0.0,1.0,3.82090531076828e-9
50,50,w50,3.478773824209825e10,186514.71320541512,5,5,0.24999999999941094,0.0,-4.049607234231054e-8
50,50,w50,3.478773824209825e10,186514.71320541512,6,6,0.4999999999986921,0.0,-1.9712833099315055e-8
50,50,w50,3.478773824209825e10,186514.71320541512,7,7,0.7499999999993406,0.0,2.2770276683698645e-9
50,50,w50,3.478773824209825e10,186514.71320541512,8,8,1.0,0.24999999999941094,2.27702704741558e-9
50,50,w50,3.478773824209825e10,186514.71320541512,9,9,1.0,0.4999999999986921,-1.9712834199108997e-8
50,50,w50,3.478773824209825e10,186514.71320541512,10,10,1.0,0.7499999999993406,-4.049607302924108e-8
50,50,w50,3.478773824209825e10,186514.71320541512,11,11,0.7500000000003471,1.0,4.049606695485234e-8
50,50,w50,3.478773824209825e10,186514.71320541512,12,12,0.5000000000020595,1.0,1.9712834344842607e-8
50,50,w50,3.478773824209825e10,186514.71320541512,13,13,0.2500000000010405,1.0,-2.2770218366609262e-9
50,50,w50,3.478773824209825e10,186514.71320541512,14,14,0.0,0.7500000000003471,-2.2770215378632923e-9
50,50,w50,3.478773824209825e10,186514.71320541512,15,15,0.0,0.5000000000020595,1.971283597761555e-8
50,50,w50,3.478773824209825e10,186514.71320541512,16,16,0.0,0.2500000000010405,4.049606875700494e-8
50,50,w50,3.478773824209825e10,186514.71320541512,17,17,0.24999999999981837,0.25000000000063316,6.116913524805595e-8
50,50,w50,3.478773824209825e10,186514.71320541512,18,18,0.2500000000002257,0.5000000000012177,-0.07903577338950701
50,50,w50,3.478773824209825e10,186514.71320541512,19,19,0.25000000000063316,0.7500000000000954,0.9999999506936446
50,50,w50,3.478773824209825e10,186514.71320541512,20,20,0.49999999999953393,0.2500000000002257,0.07903585349029749
50,50,w50,3.478773824209825e10,186514.71320541512,21,21,0.5000000000003757,0.5000000000003757,1.22524781086108e-9
50,50,w50,3.478773824209825e10,186514.71320541512,22,22,0.5000000000012177,0.749999999999844,-0.07903582153615428
50,50,w50,3.478773824209825e10,186514.71320541512,23,23,0.7499999999995922,0.24999999999981837,-1.0
50,50,w50,3.478773824209825e10,186514.71320541512,24,24,0.749999999999844,0.49999999999953393,0.07903581195065268
50,50,w50,3.478773824209825e10,186514.71320541512,25,25,0.7500000000000953,0.7499999999995921,0.0
51,51,w51,3.607330234336492e10,189929.73001445804,1,1,0.0,0.0,-2.3495229078836073e-8
51,51,w51,3.607330234336492e10,189929.73001445804,2,2,1.0,0.0,2.3495231080252537e-8
51,51,w51,3.607330234336492e10,189929.73001445804,3,3,1.0,1.0,-2.3495230630436958e-8
51,51,w51,3.607330234336492e10,189929.73001445804,4,4,0.0,1.0,2.3495231561564805e-8
51,51,w51,3.607330234336492e10,189929.73001445804,5,5,0.24999999999941094,0.0,-5.050048805928906e-9
51,51,w51,3.607330234336492e10,189929.73001445804,6,6,0.4999999999986921,0.0,1.1742741438262585e-15
51,51,w51,3.607330234336492e10,189929.73001445804,7,7,0.7499999999993406,0.0,5.0500496994177516e-9
51,51,w51,3.607330234336492e10,189929.73001445804,8,8,1.0,0.24999999999941094,5.050050574050874e-9
51,51,w51,3.607330234336492e10,189929.73001445804,9,9,1.0,0.4999999999986921,1.9471150700291302e-16
51,51,w51,3.607330234336492e10,189929.73001445804,10,10,1.0,0.7499999999993406,-5.050051333909672e-9
51,51,w51,3.607330234336492e10,189929.73001445804,11,11,0.7500000000003471,1.0,-5.05005152705846e-9
51,51,w51,3.607330234336492e10,189929.73001445804,12,12,0.5000000000020595,1.0,4.913324919565828e-17
51,51,w51,3.607330234336492e10,189929.73001445804,13,13,0.2500000000010405,1.0,5.050050516659985e-9
51,51,w51,3.607330234336492e10,189929.73001445804,14,14,0.0,0.7500000000003471,5.050052494499307e-9
51,51,w51,3.607330234336492e10,189929.73001445804,15,15,0.0,0.5000000000020595,1.8904221697422628e-16
51,51,w51,3.607330234336492e10,189929.73001445804,16,16,0.0,0.2500000000010405,-5.050048896395719e-9
51,51,w51,3.607330234336492e10,189929.73001445804,17,17,0.24999999999981837,0.25000000000063316,-0.9999998842123801
51,51,w51,3.607330234336492e10,189929.73001445804,18,18,0.2500000000002257,0.5000000000012177,-1.965162129877066e-8
51,51,w51,3.607330234336492e10,189929.73001445804,19,19,0.25000000000063316,0.7500000000000954,1.0
51,51,w51,3.607330234336492e10,189929.73001445804,20,20,0.49999999999953393,0.2500000000002257,4.0488085913423657e-8
51,51,w51,3.607330234336492e10,189929.73001445804,21,21,0.5000000000003757,0.5000000000003757,-4.577503820017442e-9
51,51,w51,3.607330234336492e10,189929.73001445804,22,22,0.5000000000012177,0.749999999999844,-3.3892870354228255e-8
51,51,w51,3.607330234336492e10,189929.73001445804,23,23,0.7499999999995922,0.24999999999981837,0.9999999662699292
51,51,w51,3.607330234336492e10,189929.73001445804,24,24,0.749999999999844,0.49999999999953393,-2.94199901957403e-8
51,51,w51,3.607330234336492e10,189929.73001445804,25,25,0.7500000000000953,0.7499999999995921,-0.9999999938488493
52,52,w52,3.645984553668563e10,190944.6137933344,1,1,0.0,0.0,-1.1071460889513496e-8
52,52,w52,3.645984553668563e10,190944.6137933344,2,2,1.0,0.0,3.23601142525812e-8
52,52,w52,3.645984553668563e10,190944.6137933344,3,3,1.0,1.0,-4.8902018151264456e-8
52,52,w52,3.645984553668563e10,190944.6137933344,4,4,0.0,1.0,4.9452867939795655e-8
52,52,w52,3.645984553668563e10,190944.6137933344,5,5,0.24999999999941094,0.0,0.2091176805274707
52,52,w52,3.645984553668563e10,190944.6137933344,6,6,0.4999999999986921,0.0,-2.2748759313078452e-8
52,52,w52,3.645984553668563e10,190944.6137933344,7,7,0.7499999999993406,0.0,-0.20911766316854646
52,52,w52,3.645984553668563e10,190944.6137933344,8,8,1.0,0.24999999999941094,0.2091176988401793
52,52,w52,3.645984553668563e10,190944.6137933344,9,9,1.0,0.4999999999986921,6.2885158003296e-9
52,52,w52,3.645984553668563e10,190944.6137933344,10,10,1.0,0.7499999999993406,-0.2091177253805711
52,52,w52,3.645984553668563e10,190944.6137933344,11,11,0.7500000000003471,1.0,0.2091176637775026
52,52,w52,3.645984553668563e10,190944.6137933344,12,12,0.5000000000020595,1.0,1.7391934567100354e-8
52,52,w52,3.645984553668563e10,190944.6137933344,13,13,0.2500000000010405,1.0,-0.2091176706855118
52,52,w52,3.645984553668563e10,190944.6137933344,14,14,0.0,0.7500000000003471,0.20911771831928308
52,52,w52,3.645984553668563e10,190944.6137933344,15,15,0.0,0.5000000000020595,-9.222133842290976e-9
52,52,w52,3.645984553668563e10,190944.6137933344,16,16,0.0,0.2500000000010405,-0.20911770808217015
52,52,w52,3.645984553668563e10,190944.6137933344,17,17,0.24999999999981837,0.25000000000063316,1.0
52,52,w52,3.645984553668563e10,190944.6137933344,18,18,0.2500000000002257,0.5000000000012177,-0.10175150849423227
52,52,w52,3.645984553668563e10,190944.6137933344,19,19,0.25000000000063316,0.7500000000000954,-0.013965320918843631
52,52,w52,3.645984553668563e10,190944.6137933344,20,20,0.49999999999953393,0.2500000000002257,-0.13289610411523076
52,52,w52,3.645984553668563e10,190944.6137933344,21,21,0.5000000000003757,0.5000000000003757,0.061612382512060936
52,52,w52,3.645984553668563e10,190944.6137933344,22,22,0.5000000000012177,0.749999999999844,0.005796041397000269
52,52,w52,3.645984553668563e10,190944.6137933344,23,23,0.7499999999995922,0.24999999999981837,-0.35746222138038886
52,52,w52,3.645984553668563e10,190944.6137933344,24,24,0.749999999999844,0.49999999999953393,-0.09834834083076666
52,52,w52,3.645984553668563e10,190944.6137933344,25,25,0.7500000000000953,0.7499999999995921,-0.0
53,53,w53,3.701320148735261e10,192388.15318868417,1,1,0.0,0.0,-3.784270172328822e-8
53,53,w53,3.701320148735261e10,192388.15318868417,2,2,1.0,0.0,2.3652549416765628e-15
53,53,w53,3.701320148735261e10,192388.15318868417,3,3,1.0,1.0,3.784269366402665e-8
53,53,w53,3.701320148735261e10,192388.15318868417,4,4,0.0,1.0,3.134673561091384e-15
53,53,w53,3.701320148735261e10,192388.15318868417,5,5,0.24999999999941094,0.0,-2.005782797386943e-8
53,53,w53,3.701320148735261e10,192388.15318868417,6,6,0.4999999999986921,0.0,-7.885037356583979e-9
53,53,w53,3.701320148735261e10,192388.15318868417,7,7,0.7499999999993406,0.0,1.2008384036200624e-8
53,53,w53,3.701320148735261e10,192388.15318868417,8,8,1.0,0.24999999999941094,-1.2008383171488661e-8
53,53,w53,3.701320148735261e10,192388.15318868417,9,9,1.0,0.4999999999986921,7.8850370590842e-9
53,53,w53,3.701320148735261e10,192388.15318868417,10,10,1.0,0.7499999999993406,2.0057827272463693e-8
53,53,w53,3.701320148735261e10,192388.15318868417,11,11,0.7500000000003471,1.0,2.0057810741024255e-8
53,53,w53,3.701320148735261e10,192388.15318868417,12,12,0.5000000000020595,1.0,7.885025792950414e-9
53,53,w53,3.701320148735261e10,192388.15318868417,13,13,0.2500000000010405,1.0,-1.2008395825339523e-8
53,53,w53,3.701320148735261e10,192388.15318868417,14,14,0.0,0.7500000000003471,1.2008400806574873e-8
53,53,w53,3.701320148735261e10,192388.15318868417,15,15,0.0,0.5000000000020595,-7.885031168894097e-9
53,53,w53,3.701320148735261e10,192388.15318868417,16,16,0.0,0.2500000000010405,-2.0057818604827762e-8
53,53,w53,3.701320148735261e10,192388.15318868417,17,17,0.24999999999981837,0.25000000000063316,-1.0
53,53,w53,3.701320148735261e10,192388.15318868417,18,18,0.2500000000002257,0.5000000000012177,-0.44071221737643684
53,53,w53,3.701320148735261e10,192388.15318868417,19,19,0.25000000000063316,0.7500000000000954,9.500303951526391e-8
53,53,w53,3.701320148735261e10,192388.15318868417,20,20,0.49999999999953393,0.2500000000002257,-0.4407121104254981
53,53,w53,3.701320148735261e10,192388.15318868417,21,21,0.5000000000003757,0.5000000000003757,5.696347261497144e-9
53,53,w53,3.701320148735261e10,192388.15318868417,22,22,0.5000000000012177,0.749999999999844,0.44071230215490775
53,53,w53,3.701320148735261e10,192388.15318868417,23,23,0.7499999999995922,0.24999999999981837,-9.1014918325996e-8
53,53,w53,3.701320148735261e10,192388.15318868417,24,24,0.749999999999844,0.49999999999953393,0.4407120858171704
53,53,w53,3.701320148735261e10,192388.15318868417,25,25,0.7500000000000953,0.7499999999995921,0.9999998418873712
54,54,w54,3.7013201559600914e10,192388.1533764512,1,1,0.0,0.0,-1.452472667128158e-14
54,54,w54,3.7013201559600914e10,192388.1533764512,2,2,1.0,0.0,-3.78426880543792e-8
54,54,w54,3.7013201559600914e10,192388.1533764512,3,3,1.0,1.0,-1.6833887063205568e-14
54,54,w54,3.7013201559600914e10,192388.1533764512,4,4,0.0,1.0,3.7842713376257105e-8
54,54,w54,3.7013201559600914e10,192388.1533764512,5,5,0.24999999999941094,0.0,1.2008382057858822e-8
54,54,w54,3.7013201559600914e10,192388.1533764512,6,6,0.4999999999986921,0.0,-7.885029386833757e-9
54,54,w54,3.7013201559600914e10,192388.1533764512,7,7,0.7499999999993406,0.0,-2.0057811323225525e-8
54,54,w54,3.7013201559600914e10,192388.1533764512,8,8,1.0,0.24999999999941094,-2.0057808424647843e-8
54,54,w54,3.7013201559600914e10,192388.1533764512,9,9,1.0,0.4999999999986921,-7.88503780568647e-9
54,54,w54,3.7013201559600914e10,192388.1533764512,10,10,1.0,0.7499999999993406,1.2008379193670036e-8
54,54,w54,3.7013201559600914e10,192388.1533764512,11,11,0.7500000000003471,1.0,-1.2008404194585839e-8
54,54,w54,3.7013201559600914e10,192388.1533764512,12,12,0.5000000000020595,1.0,7.885033140052578e-9
54,54,w54,3.7013201559600914e10,192388.1533764512,13,13,0.2500000000010405,1.0,2.0057837812911592e-8
54,54,w54,3.7013201559600914e10,192388.1533764512,14,14,0.0,0.7500000000003471,2.00578295444642e-8
54,54,w54,3.7013201559600914e10,192388.1533764512,15,15,0.0,0.5000000000020595,7.885039427373225e-9
54,54,w54,3.7013201559600914e10,192388.1533764512,16,16,0.0,0.2500000000010405,-1.200840225038026e-8
54,54,w54,3.7013201559600914e10,192388.1533764512,17,17,0.24999999999981837,0.25000000000063316,7.850216630141198e-8
54,54,w54,3.7013201559600914e10,192388.1533764512,18,18,0.2500000000002257,0.5000000000012177,0.44071229473750234
54,54,w54,3.7013201559600914e10,192388.1533764512,19,19,0.25000000000063316,0.7500000000000954,0.9999998946914912
54,54,w54,3.7013201559600914e10,192388.1533764512,20,20,0.49999999999953393,0.2500000000002257,-0.4407121410884031
54,54,w54,3.7013201559600914e10,192388.1533764512,21,21,0.5000000000003757,0.5000000000003757,6.571872550532259e-9
54,54,w54,3.7013201559600914e10,192388.1533764512,22,22,0.5000000000012177,0.749999999999844,0.440712147813151
54,54,w54,3.7013201559600914e10,192388.1533764512,23,23,0.7499999999995922,0.24999999999981837,-1.0
54,54,w54,3.7013201559600914e10,192388.1533764512,24,24,0.749999999999844,0.49999999999953393,-0.4407122511744193
54,54,w54,3.7013201559600914e10,192388.1533764512,25,25,0.7500000000000953,0.7499999999995921,0.0
55,55,w55,3.714247146099077e10,192723.82172681915,1,1,0.0,0.0,2.1105340160593468e-7
55,55,w55,3.714247146099077e10,192723.82172681915,2,2,1.0,0.0,-2.1105358861722806e-7
55,55,w55,3.714247146099077e10,192723.82172681915,3,3,1.0,1.0,2.110533824721377e-7
55,55,w55,3.714247146099077e10,192723.82172681915,4,4,0.0,1.0,-2.1105320148373005e-7
55,55,w55,3.714247146099077e10,192723.82172681915,5,5,0.24999999999941094,0.0,1.6041648835362648e-7
55,55,w55,3.714247146099077e10,192723.82172681915,6,6,0.4999999999986921,0.0,-4.669838930692762e-13
55,55,w55,3.714247146099077e10,192723.82172681915,7,7,0.7499999999993406,0.0,-1.6041761937778648e-7
55,55,w55,3.714247146099077e10,192723.82172681915,8,8,1.0,0.24999999999941094,-1.604162407470004e-7
55,55,w55,3.714247146099077e10,192723.82172681915,9,9,1.0,0.4999999999986921,4.872053186878819e-13
55,55,w55,3.714247146099077e10,192723.82172681915,10,10,1.0,0.7499999999993406,1.6041765689267097e-7
55,55,w55,3.714247146099077e10,192723.82172681915,11,11,0.7500000000003471,1.0,1.604161086539171e-7
55,55,w55,3.714247146099077e10,192723.82172681915,12,12,0.5000000000020595,1.0,-5.691057554750269e-13
55,55,w55,3.714247146099077e10,192723.82172681915,13,13,0.2500000000010405,1.0,-1.604177519361142e-7
55,55,w55,3.714247146099077e10,192723.82172681915,14,14,0.0,0.7500000000003471,-1.6041605085205984e-7
55,55,w55,3.714247146099077e10,192723.82172681915,15,15,0.0,0.5000000000020595,5.540752124218919e-13
55,55,w55,3.714247146099077e10,192723.82172681915,16,16,0.0,0.2500000000010405,1.604173998834946e-7
55,55,w55,3.714247146099077e10,192723.82172681915,17,17,0.24999999999981837,0.25000000000063316,-0.9999909239431071
55,55,w55,3.714247146099077e10,192723.82172681915,18,18,0.2500000000002257,0.5000000000012177,-4.4954596842635774e-6
55,55,w55,3.714247146099077e10,192723.82172681915,19,19,0.25000000000063316,0.7500000000000954,1.0
55,55,w55,3.714247146099077e10,192723.82172681915,20,20,0.49999999999953393,0.2500000000002257,3.4953667968601144e-6
55,55,w55,3.714247146099077e10,192723.82172681915,21,21,0.5000000000003757,0.5000000000003757,6.880593099909369e-8
55,55,w55,3.714247146099077e10,192723.82172681915,22,22,0.5000000000012177,0.749999999999844,1.0030344418209644e-5
55,55,w55,3.714247146099077e10,192723.82172681915,23,23,0.7499999999995922,0.24999999999981837,0.9999792610258892
55,55,w55,3.714247146099077e10,192723.82172681915,24,24,0.749999999999844,0.49999999999953393,-9.215801593885254e-6
55,55,w55,3.714247146099077e10,192723.82172681915,25,25,0.7500000000000953,0.7499999999995921,-0.999988603261037
56,56,w56,3.7296423461048e10,193122.81962794557,1,1,0.0,0.0,-1.3260596128707372e-13
56,56,w56,3.7296423461048e10,193122.81962794557,2,2,1.0,0.0,1.601118626733594e-13
56,56,w56,3.7296423461048e10,193122.81962794557,3,3,1.0,1.0,-1.9496369567710262e-13
56,56,w56,3.7296423461048e10,193122.81962794557,4,4,0.0,1.0,1.675690944851684e-13
56,56,w56,3.7296423461048e10,193122.81962794557,5,5,0.24999999999941094,0.0,-1.2119870831881677e-7
56,56,w56,3.7296423461048e10,193122.81962794557,6,6,0.4999999999986921,0.0,-8.86435776323828e-8
56,56,w56,3.7296423461048e10,193122.81962794557,7,7,0.7499999999993406,0.0,-1.211984855223795e-7
56,56,w56,3.7296423461048e10,193122.81962794557,8,8,1.0,0.24999999999941094,1.2119873530801333e-7
56,56,w56,3.7296423461048e10,193122.81962794557,9,9,1.0,0.4999999999986921,8.864357426645432e-8
56,56,w56,3.7296423461048e10,193122.81962794557,10,10,1.0,0.7499999999993406,1.2119845383662093e-7
56,56,w56,3.7296423461048e10,193122.81962794557,11,11,0.7500000000003471,1.0,-1.211987391022455e-7
56,56,w56,3.7296423461048e10,193122.81962794557,12,12,0.5000000000020595,1.0,-8.864359239972224e-8
56,56,w56,3.7296423461048e10,193122.81962794557,13,13,0.2500000000010405,1.0,-1.2119845745265056e-7
56,56,w56,3.7296423461048e10,193122.81962794557,14,14,0.0,0.7500000000003471,1.2119871032145923e-7
56,56,w56,3.7296423461048e10,193122.81962794557,15,15,0.0,0.5000000000020595,8.864359157457226e-8
56,56,w56,3.7296423461048e10,193122.81962794557,16,16,0.0,0.2500000000010405,1.2119848517627437e-7
56,56,w56,3.7296423461048e10,193122.81962794557,17,17,0.24999999999981837,0.25000000000063316,1.479622151013839e-6
56,56,w56,3.7296423461048e10,193122.81962794557,18,18,0.2500000000002257,0.5000000000012177,-0.99999917238998
56,56,w56,3.7296423461048e10,193122.81962794557,19,19,0.25000000000063316,0.7500000000000954,-6.875049674769529e-7
56,56,w56,3.7296423461048e10,193122.81962794557,20,20,0.49999999999953393,0.2500000000002257,0.9999998313435836
56,56,w56,3.7296423461048e10,193122.81962794557,21,21,0.5000000000003757,0.5000000000003757,1.3145272228909132e-7
56,56,w56,3.7296423461048e10,193122.81962794557,22,22,0.5000000000012177,0.749999999999844,0.9999991106337546
56,56,w56,3.7296423461048e10,193122.81962794557,23,23,0.7499999999995922,0.24999999999981837,-9.196268707238162e-7
56,56,w56,3.7296423461048e10,193122.81962794557,24,24,0.749999999999844,0.49999999999953393,-1.0
56,56,w56,3.7296423461048e10,193122.81962794557,25,25,0.7500000000000953,0.7499999999995921,0.0
57,57,w57,3.839148118700327e10,195937.4420242422,1,1,0.0,0.0,5.2598205273749165e-8
57,57,w57,3.839148118700327e10,195937.4420242422,2,2,1.0,0.0,5.259818853447302e-8
57,57,w57,3.839148118700327e10,195937.4420242422,3,3,1.0,1.0,5.259819138443088e-8
57,57,w57,3.839148118700327e10,195937.4420242422,4,4,0.0,1.0,5.2598201119996775e-8
57,57,w57,3.839148118700327e10,195937.4420242422,5,5,0.24999999999941094,0.0,4.574611906731097e-8
57,57,w57,3.839148118700327e10,195937.4420242422,6,6,0.4999999999986921,0.0,4.813363184275406e-8
57,57,w57,3.839148118700327e10,195937.4420242422,7,7,0.7499999999993406,0.0,4.574612271595829e-8
57,57,w57,3.839148118700327e10,195937.4420242422,8,8,1.0,0.24999999999941094,4.574609951650964e-8
57,57,w57,3.839148118700327e10,195937.4420242422,9,9,1.0,0.4999999999986921,4.8133619830506144e-8
57,57,w57,3.839148118700327e10,195937.4420242422,10,10,1.0,0.7499999999993406,4.5746111268437894e-8
57,57,w57,3.839148118700327e10,195937.4420242422,11,11,0.7500000000003471,1.0,4.5746106568482634e-8
57,57,w57,3.839148118700327e10,195937.4420242422,12,12,0.5000000000020595,1.0,4.8133629395675265e-8
57,57,w57,3.839148118700327e10,195937.4420242422,13,13,0.2500000000010405,1.0,4.574610992628559e-8
57,57,w57,3.839148118700327e10,195937.4420242422,14,14,0.0,0.7500000000003471,4.574613439583847e-8
57,57,w57,3.839148118700327e10,195937.4420242422,15,15,0.0,0.5000000000020595,4.8133648287815476e-8
57,57,w57,3.839148118700327e10,195937.4420242422,16,16,0.0,0.2500000000010405,4.5746126623506834e-8
57,57,w57,3.839148118700327e10,195937.4420242422,17,17,0.24999999999981837,0.25000000000063316,1.0
57,57,w57,3.839148118700327e10,195937.4420242422,18,18,0.2500000000002257,0.5000000000012177,0.8569882492636794
57,57,w57,3.839148118700327e10,195937.4420242422,19,19,0.25000000000063316,0.7500000000000954,0.9999997497705571
57,57,w57,3.839148118700327e10,195937.4420242422,20,20,0.49999999999953393,0.2500000000002257,0.8569881626300029
57,57,w57,3.839148118700327e10,195937.4420242422,21,21,0.5000000000003757,0.5000000000003757,0.5831598735836744
57,57,w57,3.839148118700327e10,195937.4420242422,22,22,0.5000000000012177,0.749999999999844,0.8569884079730659
57,57,w57,3.839148118700327e10,195937.4420242422,23,23,0.7499999999995922,0.24999999999981837,0.9999998804694322
57,57,w57,3.839148118700327e10,195937.4420242422,24,24,0.749999999999844,0.49999999999953393,0.8569883118559197
57,57,w57,3.839148118700327e10,195937.4420242422,25,25,0.7500000000000953,0.7499999999995921,0.9999999564512658
58,58,w58,3.8461538416459526e10,196116.13502325484,1,1,0.0,0.0,-0.11763782438093127
58,58,w58,3.8461538416459526e10,196116.13502325484,2,2,1.0,0.0,0.052747360647467746
58,58,w58,3.8461538416459526e10,196116.13502325484,3,3,1.0,1.0,0.11763790602882138
58,58,w58,3.8461538416459526e10,196116.13502325484,4,4,0.0,1.0,-0.05274726631907687
58,58,w58,3.8461538416459526e10,196116.13502325484,5,5,0.24999999999941094,0.0,-0.05373151568697241
58,58,w58,3.8461538416459526e10,196116.13502325484,6,6,0.4999999999986921,0.0,-0.06083485248140223
58,58,w58,3.8461538416459526e10,196116.13502325484,7,7,0.7499999999993406,0.0,-0.09632781251571339
58,58,w58,3.8461538416459526e10,196116.13502325484,8,8,1.0,0.24999999999941094,0.20511923202687057
58,58,w58,3.8461538416459526e10,196116.13502325484,9,9,1.0,0.4999999999986921,0.15973615053603146
58,58,w58,3.8461538416459526e10,196116.13502325484,10,10,1.0,0.7499999999993406,0.1888965825720899
58,58,w58,3.8461538416459526e10,196116.13502325484,11,11,0.7500000000003471,1.0,0.05373159380648527
58,58,w58,3.8461538416459526e10,196116.13502325484,12,12,0.5000000000020595,1.0,0.06083492929156788
58,58,w58,3.8461538416459526e10,196116.13502325484,13,13,0.2500000000010405,1.0,0.09632788760548194
58,58,w58,3.8461538416459526e10,196116.13502325484,14,14,0.0,0.7500000000003471,-0.20511914877339035
58,58,w58,3.8461538416459526e10,196116.13502325484,15,15,0.0,0.5000000000020595,-0.1597360738864729
58,58,w58,3.8461538416459526e10,196116.13502325484,16,16,0.0,0.2500000000010405,-0.18889651548807418
58,58,w58,3.8461538416459526e10,196116.13502325484,17,17,0.24999999999981837,0.25000000000063316,0.9155476712196151
58,58,w58,3.8461538416459526e10,196116.13502325484,18,18,0.2500000000002257,0.5000000000012177,0.867057958383773
58,58,w58,3.8461538416459526e10,196116.13502325484,19,19,0.25000000000063316,0.7500000000000954,1.0
58,58,w58,3.8461538416459526e10,196116.13502325484,20,20,0.49999999999953393,0.2500000000002257,0.7479640242786906
58,58,w58,3.8461538416459526e10,196116.13502325484,21,21,0.5000000000003757,0.5000000000003757,0.5266448726742996
58,58,w58,3.8461538416459526e10,196116.13502325484,22,22,0.5000000000012177,0.749999999999844,0.6581068069930331
58,58,w58,3.8461538416459526e10,196116.13502325484,23,23,0.7499999999995922,0.24999999999981837,0.7924924492188312
58,58,w58,3.8461538416459526e10,196116.13502325484,24,24,0.749999999999844,0.49999999999953393,0.5629397838817825
58,58,w58,3.8461538416459526e10,196116.13502325484,25,25,0.7500000000000953,0.7499999999995921,0.5685456991830412
59,59,w59,3.846153843196699e10,196116.13506279126,1,1,0.0,0.0,0.037826839627464894
59,59,w59,3.846153843196699e10,196116.13506279126,2,2,1.0,0.0,0.08436221390106254
59,59,w59,3.846153843196699e10,196116.13506279126,3,3,1.0,1.0,-0.03782700753517877
59,59,w59,3.846153843196699e10,196116.13506279126,4,4,0.0,1.0,-0.08436202301799378
59,59,w59,3.846153843196699e10,196116.13506279126,5,5,0.24999999999941094,0.0,0.14709788658513198
59,59,w59,3.846153843196699e10,196116.13506279126,6,6,0.4999999999986921,0.0,0.11455220339132816
59,59,w59,3.846153843196699e10,196116.13506279126,7,7,0.7499999999993406,0.0,0.13546421009711765
59,59,w59,3.846153843196699e10,196116.13506279126,8,8,1.0,0.24999999999941094,0.0385328016353618
59,59,w59,3.846153843196699e10,196116.13506279126,9,9,1.0,0.4999999999986921,0.043626762419930555
59,59,w59,3.846153843196699e10,196116.13506279126,10,10,1.0,0.7499999999993406,0.06907989449509198
59,59,w59,3.846153843196699e10,196116.13506279126,11,11,0.7500000000003471,1.0,-0.14709803920830022
59,59,w59,3.846153843196699e10,196116.13506279126,12,12,0.5000000000020595,1.0,-0.11455220935936365
59,59,w59,3.846153843196699e10,196116.13506279126,13,13,0.2500000000010405,1.0,-0.13546407244726788
59,59,w59,3.846153843196699e10,196116.13506279126,14,14,0.0,0.7500000000003471,-0.03853265771333317
59,59,w59,3.846153843196699e10,196116.13506279126,15,15,0.0,0.5000000000020595,-0.043626775973115206
59,59,w59,3.846153843196699e10,196116.13506279126,16,16,0.0,0.2500000000010405,-0.0690800480893627
59,59,w59,3.846153843196699e10,196116.13506279126,17,17,0.24999999999981837,0.25000000000063316,1.0
59,59,w59,3.846153843196699e10,196116.13506279126,18,18,0.2500000000002257,0.5000000000012177,0.10177272650797205
59,59,w59,3.846153843196699e10,196116.13506279126,19,19,0.25000000000063316,0.7500000000000954,-0.37618275148850605
59,59,w59,3.846153843196699e10,196116.13506279126,20,20,0.49999999999953393,0.2500000000002257,0.011202478516467005
59,59,w59,3.846153843196699e10,196116.13506279126,21,21,0.5000000000003757,0.5000000000003757,0.22718292381026908
59,59,w59,3.846153843196699e10,196116.13506279126,22,22,0.5000000000012177,0.749999999999844,-0.2957552243228747
59,59,w59,3.846153843196699e10,196116.13506279126,23,23,0.7499999999995922,0.24999999999981837,-0.82176752596077
59,59,w59,3.846153843196699e10,196116.13506279126,24,24,0.749999999999844,0.49999999999953393,-0.43201040519353495
59,59,w59,3.846153843196699e10,196116.13506279126,25,25,0.7500000000000953,0.7499999999995921,-0.0
60,60,w60,1.3714285734056957e18,1.1710800883823855e9,1,1,0.0,0.0,2.746131895618465e-10
60,60,w60,1.3714285734056957e18,1.1710800883823855e9,2,2,1.0,0.0,-2.744566631761494e-10
60,60,w60,1.3714285734056957e18,1.1710800883823855e9,3,3,1.0,1.0,2.746117089147087e-10
60,60,w60,1.3714285734056957e18,1.1710800883823855e9,4,4,0.0,1.0,-2.747667620005688e-10
60,60,w60,1.3714285734056957e18,1.1710800883823855e9,5,5,0.24999999999941094,0.0,0.9999992211860571
60,60,w60,1.3714285734056957e18,1.1710800883823855e9,6,6,0.4999999999986921,0.0,-5.985424121262027e-5
60,60,w60,1.3714285734056957e18,1.1710800883823855e9,7,7,0.7499999999993406,0.0,-0.9991778250460527
60,60,w60,1.3714285734056957e18,1.1710800883823855e9,8,8,1.0,0.24999999999941094,-0.9991773457022214
60,60,w60,1.3714285734056957e18,1.1710800883823855e9,9,9,1.0,0.4999999999986921,-5.985894747957384e-5
60,60,w60,1.3714285734056957e18,1.1710800883823855e9,10,10,1.0,0.7499999999993406,0.9999999997560481
60,60,w60,1.3714285734056957e18,1.1710800883823855e9,11,11,0.7500000000003471,1.0,0.9991778252485858
60,60,w60,1.3714285734056957e18,1.1710800883823855e9,12,12,0.5000000000020595,1.0,5.985421819253571e-5
60,60,w60,1.3714285734056957e18,1.1710800883823855e9,13,13,0.2500000000010405,1.0,-0.9999992210145362
60,60,w60,1.3714285734056957e18,1.1710800883823855e9,14,14,0.0,0.7500000000003471,-1.0
60,60,w60,1.3714285734056957e18,1.1710800883823855e9,15,15,0.0,0.5000000000020595,5.985897047703746e-5
60,60,w60,1.3714285734056957e18,1.1710800883823855e9,16,16,0.0,0.2500000000010405,0.9991773455721583
60,60,w60,1.3714285734056957e18,1.1710800883823855e9,17,17,0.24999999999981837,0.25000000000063316,-0.49979414254858673
60,60,w60,1.3714285734056957e18,1.1710800883823855e9,18,18,0.2500000000002257,0.5000000000012177,-1.4964730413876491e-5
60,60,w60,1.3714285734056957e18,1.1710800883823855e9,19,19,0.25000000000063316,0.7500000000000954,0.499999806113805
60,60,w60,1.3714285734056957e18,1.1710800883823855e9,20,20,0.49999999999953393,0.2500000000002257,1.4963551274936765e-5
60,60,w60,1.3714285734056957e18,1.1710800883823855e9,21,21,0.5000000000003757,0.5000000000003757,-2.0090761951710903e-15
60,60,w60,1.3714285734056957e18,1.1710800883823855e9,22,22,0.5000000000012177,0.749999999999844,-1.4963571412834508e-5
60,60,w60,1.3714285734056957e18,1.1710800883823855e9,23,23,0.7499999999995922,0.24999999999981837,0.4995887935439868
60,60,w60,1.3714285734056957e18,1.1710800883823855e9,24,24,0.749999999999844,0.49999999999953393,1.496475056148896e-5
60,60,w60,1.3714285734056957e18,1.1710800883823855e9,25,25,0.7500000000000953,0.7499999999995921,-0.49979445710921716
61,61,w61,1.3714285743085952e18,1.171080088767884e9,1,1,0.0,0.0,1.2287633039627742e-13
61,61,w61,1.3714285743085952e18,1.171080088767884e9,2,2,1.0,0.0,1.4340302429645492e-10
61,61,w61,1.3714285743085952e18,1.171080088767884e9,3,3,1.0,1.0,-4.4992155734012166e-14
61,61,w61,1.3714285743085952e18,1.171080088767884e9,4,4,0.0,1.0,-1.4321593884603743e-10
61,61,w61,1.3714285743085952e18,1.171080088767884e9,5,5,0.24999999999941094,0.0,0.7053703685481694
61,61,w61,1.3714285743085952e18,1.171080088767884e9,6,6,0.4999999999986921,0.0,0.997070914194847
61,61,w61,1.3714285743085952e18,1.171080088767884e9,7,7,0.7499999999993406,0.0,0.7060748545261466
61,61,w61,1.3714285743085952e18,1.171080088767884e9,8,8,1.0,0.24999999999941094,0.7067804336863444
61,61,w61,1.3714285743085952e18,1.171080088767884e9,9,9,1.0,0.4999999999986921,0.9999999999676636
61,61,w61,1.3714285743085952e18,1.171080088767884e9,10,10,1.0,0.7499999999993406,0.7060748325942359
61,61,w61,1.3714285743085952e18,1.171080088767884e9,11,11,0.7500000000003471,1.0,-0.7060748178425247
61,61,w61,1.3714285743085952e18,1.171080088767884e9,12,12,0.5000000000020595,1.0,-0.9970709141857281
61,61,w61,1.3714285743085952e18,1.171080088767884e9,13,13,0.2500000000010405,1.0,-0.7053704052042854
61,61,w61,1.3714285743085952e18,1.171080088767884e9,14,14,0.0,0.7500000000003471,-0.7060748696011484
61,61,w61,1.3714285743085952e18,1.171080088767884e9,15,15,0.0,0.5000000000020595,-1.0
61,61,w61,1.3714285743085952e18,1.171080088767884e9,16,16,0.0,0.2500000000010405,-0.7067803967101044
61,61,w61,1.3714285743085952e18,1.171080088767884e9,17,17,0.24999999999981837,0.25000000000063316,0.0003525070367591143
61,61,w61,1.3714285743085952e18,1.171080088767884e9,18,18,0.2500000000002257,0.5000000000012177,0.24999999812957907
61,61,w61,1.3714285743085952e18,1.171080088767884e9,19,19,0.25000000000063316,0.7500000000000954,0.3528613210866682
61,61,w61,1.3714285743085952e18,1.171080088767884e9,20,20,0.49999999999953393,0.2500000000002257,-0.24926772665402433
61,61,w61,1.3714285743085952e18,1.171080088767884e9,21,21,0.5000000000003757,0.5000000000003757,-1.535130162634357e-12
61,61,w61,1.3714285743085952e18,1.171080088767884e9,22,22,0.5000000000012177,0.749999999999844,0.24926772664918362
61,61,w61,1.3714285743085952e18,1.171080088767884e9,23,23,0.7499999999995922,0.24999999999981837,-0.3532138244387043
61,61,w61,1.3714285743085952e18,1.171080088767884e9,24,24,0.749999999999844,0.49999999999953393,-0.24999999811861992
61,61,w61,1.3714285743085952e18,1.171080088767884e9,25,25,0.7500000000000953,0.7499999999995921,-3.6837994887138264e-9
62,62,w62,1.371428574308596e18,1.1710800887678845e9,1,1,0.0,0.0,1.433085955483931e-10
62,62,w62,1.371428574308596e18,1.1710800887678845e9,2,2,1.0,0.0,-8.461977353615725e-14
62,62,w62,1.371428574308596e18,1.1710800887678845e9,3,3,1.0,1.0,-1.4330830945258866e-10
62,62,w62,1.371428574308596e18,1.1710800887678845e9,4,4,0.0,1.0,8.376887431812094e-14
62,62,w62,1.371428574308596e18,1.1710800887678845e9,5,5,0.24999999999941094,0.0,0.7066929990028223
62,62,w62,1.371428574308596e18,1.1710800887678845e9,6,6,0.4999999999986921,0.0,1.0
62,62,w62,1.371428574308596e18,1.1710800887678845e9,7,7,0.7499999999993406,0.0,0.7061526056856091
62,62,w62,1.371428574308596e18,1.1710800887678845e9,8,8,1.0,0.24999999999941094,-0.7054536266868887
62,62,w62,1.371428574308596e18,1.1710800887678845e9,9,9,1.0,0.4999999999986921,-0.9970625349645567
62,62,w62,1.371428574308596e18,1.1710800887678845e9,10,10,1.0,0.7499999999993406,-0.7059938049396401
62,62,w62,1.371428574308596e18,1.1710800887678845e9,11,11,0.7500000000003471,1.0,-0.7061526426601172
62,62,w62,1.371428574308596e18,1.1710800887678845e9,12,12,0.5000000000020595,1.0,-0.9999999999939286
62,62,w62,1.371428574308596e18,1.1710800887678845e9,13,13,0.2500000000010405,1.0,-0.7066929619936652
62,62,w62,1.371428574308596e18,1.1710800887678845e9,14,14,0.0,0.7500000000003471,0.7059937682821735
62,62,w62,1.371428574308596e18,1.1710800887678845e9,15,15,0.0,0.5000000000020595,0.997062534999802
62,62,w62,1.371428574308596e18,1.1710800887678845e9,16,16,0.0,0.2500000000010405,0.7054536633683287
62,62,w62,1.371428574308596e18,1.1710800887678845e9,17,17,0.24999999999981837,0.25000000000063316,-0.35303666797857114
62,62,w62,1.371428574308596e18,1.1710800887678845e9,18,18,0.2500000000002257,0.5000000000012177,-0.2492656318530886
62,62,w62,1.371428574308596e18,1.1710800887678845e9,19,19,0.25000000000063316,0.7500000000000954,0.00017479842359138708
62,62,w62,1.371428574308596e18,1.1710800887678845e9,20,20,0.49999999999953393,0.2500000000002257,-0.24999999812728418
62,62,w62,1.371428574308596e18,1.1710800887678845e9,21,21,0.5000000000003757,0.5000000000003757,3.166319934924326e-12
62,62,w62,1.371428574308596e18,1.1710800887678845e9,22,22,0.5000000000012177,0.749999999999844,0.24999999812753396
62,62,w62,1.371428574308596e18,1.1710800887678845e9,23,23,0.7499999999995922,0.24999999999981837,-0.00017474474608815727
62,62,w62,1.371428574308596e18,1.1710800887678845e9,24,24,0.749999999999844,0.49999999999953393,0.24926563184602796
62,62,w62,1.371428574308596e18,1.1710800887678845e9,25,25,0.7500000000000953,0.7499999999995921,0.35303661428503336
63,63,w63,1.3714285745750093e18,1.1710800888816311e9,1,1,0.0,0.0,-8.493561515849837e-13
63,63,w63,1.3714285745750093e18,1.1710800888816311e9,2,2,1.0,0.0,-3.002538079394485e-10
63,63,w63,1.3714285745750093e18,1.1710800888816311e9,3,3,1.0,1.0,5.395045960560048e-13
63,63,w63,1.3714285745750093e18,1.1710800888816311e9,4,4,0.0,1.0,3.002994985341825e-10
63,63,w63,1.3714285745750093e18,1.1710800888816311e9,5,5,0.24999999999941094,0.0,-0.706154199121981
63,63,w63,1.3714285745750093e18,1.1710800888816311e9,6,6,0.4999999999986921,0.0,0.9984825926283294
63,63,w63,1.3714285745750093e18,1.1710800888816311e9,7,7,0.7499999999993406,0.0,-0.7065691071123535
63,63,w63,1.3714285745750093e18,1.1710800888816311e9,8,8,1.0,0.24999999999941094,-0.7069829477465164
63,63,w63,1.3714285745750093e18,1.1710800888816311e9,9,9,1.0,0.4999999999986921,0.9999999999722079
63,63,w63,1.3714285745750093e18,1.1710800888816311e9,10,10,1.0,0.7499999999993406,-0.7065690969988818
63,63,w63,1.3714285745750093e18,1.1710800888816311e9,11,11,0.7500000000003471,1.0,0.7065690299918302
63,63,w63,1.3714285745750093e18,1.1710800888816311e9,12,12,0.5000000000020595,1.0,-0.9984825926147305
63,63,w63,1.3714285745750093e18,1.1710800888816311e9,13,13,0.2500000000010405,1.0,0.7061542762148999
63,63,w63,1.3714285745750093e18,1.1710800888816311e9,14,14,0.0,0.7500000000003471,0.7065691742494526
63,63,w63,1.3714285745750093e18,1.1710800888816311e9,15,15,0.0,0.5000000000020595,-1.0
63,63,w63,1.3714285745750093e18,1.1710800888816311e9,16,16,0.0,0.2500000000010405,0.7069828705266943
63,63,w63,1.3714285745750093e18,1.1710800888816311e9,17,17,0.24999999999981837,0.25000000000063316,-0.00020716784875221775
63,63,w63,1.3714285745750093e18,1.1710800888816311e9,18,18,0.2500000000002257,0.5000000000012177,0.25000000524309185
63,63,w63,1.3714285745750093e18,1.1710800888816311e9,19,19,0.25000000000063316,0.7500000000000954,-0.35318086501295637
63,63,w63,1.3714285745750093e18,1.1710800888816311e9,20,20,0.49999999999953393,0.2500000000002257,-0.2496206534090856
63,63,w63,1.3714285745750093e18,1.1710800888816311e9,21,21,0.5000000000003757,0.5000000000003757,-9.601184158629755e-13
63,63,w63,1.3714285745750093e18,1.1710800888816311e9,22,22,0.5000000000012177,0.749999999999844,0.24962065340774453
63,63,w63,1.3714285745750093e18,1.1710800888816311e9,23,23,0.7499999999995922,0.24999999999981837,0.35338801611167703
63,63,w63,1.3714285745750093e18,1.1710800888816311e9,24,24,0.749999999999844,0.49999999999953393,-0.25000000523758276
63,63,w63,1.3714285745750093e18,1.1710800888816311e9,25,25,0.7500000000000953,0.7499999999995921,1.6749114987788108e-8
64,64,w64,1.3714285745750093e18,1.1710800888816311e9,1,1,0.0,0.0,3.002766418292132e-10
64,64,w64,1.3714285745750093e18,1.1710800888816311e9,2,2,1.0,0.0,-6.937653568200227e-13
64,64,w64,1.3714285745750093e18,1.1710800888816311e9,3,3,1.0,1.0,-3.002764798996095e-10
64,64,w64,1.3714285745750093e18,1.1710800888816311e9,4,4,0.0,1.0,6.941495959448543e-13
64,64,w64,1.3714285745750093e18,1.1710800888816311e9,5,5,0.24999999999941094,0.0,0.7070060435366594
64,64,w64,1.3714285745750093e18,1.1710800888816311e9,6,6,0.4999999999986921,0.0,-1.0
64,64,w64,1.3714285745750093e18,1.1710800888816311e9,7,7,0.7499999999993406,0.0,0.7065506412365692
64,64,w64,1.3714285745750093e18,1.1710800888816311e9,8,8,1.0,0.24999999999941094,-0.7061336697961339
64,64,w64,1.3714285745750093e18,1.1710800888816311e9,9,9,1.0,0.4999999999986921,0.9984865989402952
64,64,w64,1.3714285745750093e18,1.1710800888816311e9,10,10,1.0,0.7499999999993406,-0.7065886039596649
64,64,w64,1.3714285745750093e18,1.1710800888816311e9,11,11,0.7500000000003471,1.0,-0.7065507184545279
64,64,w64,1.3714285745750093e18,1.1710800888816311e9,12,12,0.5000000000020595,1.0,0.9999999999833497
64,64,w64,1.3714285745750093e18,1.1710800888816311e9,13,13,0.2500000000010405,1.0,-0.7070059662841189
64,64,w64,1.3714285745750093e18,1.1710800888816311e9,14,14,0.0,0.7500000000003471,0.706588526864771
64,64,w64,1.3714285745750093e18,1.1710800888816311e9,15,15,0.0,0.5000000000020595,-0.9984865989650342
64,64,w64,1.3714285745750093e18,1.1710800888816311e9,16,16,0.0,0.2500000000010405,0.7061337469150779
64,64,w64,1.3714285745750093e18,1.1710800888816311e9,17,17,0.24999999999981837,0.25000000000063316,-0.35328495001019694
64,64,w64,1.3714285745750093e18,1.1710800888816311e9,18,18,0.2500000000002257,0.5000000000012177,0.24962165499588868
64,64,w64,1.3714285745750093e18,1.1710800888816311e9,19,19,0.25000000000063316,0.7500000000000954,0.00010435985196006868
64,64,w64,1.3714285745750093e18,1.1710800888816311e9,20,20,0.49999999999953393,0.2500000000002257,0.2500000052449637
64,64,w64,1.3714285745750093e18,1.1710800888816311e9,21,21,0.5000000000003757,0.5000000000003757,-3.1711109570503434e-12
64,64,w64,1.3714285745750093e18,1.1710800888816311e9,22,22,0.5000000000012177,0.749999999999844,-0.2500000052385207
64,64,w64,1.3714285745750093e18,1.1710800888816311e9,23,23,0.7499999999995922,0.24999999999981837,-0.00010424285792125931
64,64,w64,1.3714285745750093e18,1.1710800888816311e9,24,24,0.749999999999844,0.49999999999953393,-0.2496216549865191
64,64,w64,1.3714285745750093e18,1.1710800888816311e9,25,25,0.7500000000000953,0.7499999999995921,0.3532848330001207
65,65,w65,1.3714285753837181e18,1.1710800892269146e9,1,1,0.0,0.0,6.501935753961299e-13
65,65,w65,1.3714285753837181e18,1.1710800892269146e9,2,2,1.0,0.0,5.44849080360597e-13
65,65,w65,1.3714285753837181e18,1.1710800892269146e9,3,3,1.0,1.0,4.397347889717899e-13
65,65,w65,1.3714285753837181e18,1.1710800892269146e9,4,4,0.0,1.0,5.444457994896282e-13
65,65,w65,1.3714285753837181e18,1.1710800892269146e9,5,5,0.24999999999941094,0.0,0.9992194878982908
65,65,w65,1.3714285753837181e18,1.1710800892269146e9,6,6,0.4999999999986921,0.0,0.00015170160964922636
65,65,w65,1.3714285753837181e18,1.1710800892269146e9,7,7,0.7499999999993406,0.0,-0.9999999997969903
65,65,w65,1.3714285753837181e18,1.1710800892269146e9,8,8,1.0,0.24999999999941094,0.9999998506370338
65,65,w65,1.3714285753837181e18,1.1710800892269146e9,9,9,1.0,0.4999999999986921,-0.0001529864409192315
65,65,w65,1.3714285753837181e18,1.1710800892269146e9,10,10,1.0,0.7499999999993406,-0.9992193379991255
65,65,w65,1.3714285753837181e18,1.1710800892269146e9,11,11,0.7500000000003471,1.0,1.0
65,65,w65,1.3714285753837181e18,1.1710800892269146e9,12,12,0.5000000000020595,1.0,-0.00015170164895251593
65,65,w65,1.3714285753837181e18,1.1710800892269146e9,13,13,0.2500000000010405,1.0,-0.9992194877195382
65,65,w65,1.3714285753837181e18,1.1710800892269146e9,14,14,0.0,0.7500000000003471,0.9992193382433631
65,65,w65,1.3714285753837181e18,1.1710800892269146e9,15,15,0.0,0.5000000000020595,0.00015298640175133736
65,65,w65,1.3714285753837181e18,1.1710800892269146e9,16,16,0.0,0.2500000000010405,-0.9999998504995764
65,65,w65,1.3714285753837181e18,1.1710800892269146e9,17,17,0.24999999999981837,0.25000000000063316,0.00019509064512519006
65,65,w65,1.3714285753837181e18,1.1710800892269146e9,18,18,0.2500000000002257,0.5000000000012177,-3.8246586523336565e-5
65,65,w65,1.3714285753837181e18,1.1710800892269146e9,19,19,0.25000000000063316,0.7500000000000954,3.736228900114381e-8
65,65,w65,1.3714285753837181e18,1.1710800892269146e9,20,20,0.49999999999953393,0.2500000000002257,-3.79253916591473e-5
65,65,w65,1.3714285753837181e18,1.1710800892269146e9,21,21,0.5000000000003757,0.5000000000003757,-5.813136276849606e-12
65,65,w65,1.3714285753837181e18,1.1710800892269146e9,22,22,0.5000000000012177,0.749999999999844,3.792543029545343e-5
65,65,w65,1.3714285753837181e18,1.1710800892269146e9,23,23,0.7499999999995922,0.24999999999981837,3.728420418239468e-8
65,65,w65,1.3714285753837181e18,1.1710800892269146e9,24,24,0.749999999999844,0.49999999999953393,3.824662512520088e-5
65,65,w65,1.3714285753837181e18,1.1710800892269146e9,25,25,0.7500000000000953,0.7499999999995921,-0.0001951655075619502
66,66,w66,1.400000000956805e18,1.1832159570242472e9,1,1,0.0,0.0,3.8762934678490693e-10
66,66,w66,1.400000000956805e18,1.1832159570242472e9,2,2,1.0,0.0,3.876932257570162e-10
66,66,w66,1.400000000956805e18,1.1832159570242472e9,3,3,1.0,1.0,3.876306459793185e-10
66,66,w66,1.400000000956805e18,1.1832159570242472e9,4,4,0.0,1.0,3.875645557811304e-10
66,66,w66,1.400000000956805e18,1.1832159570242472e9,5,5,0.24999999999941094,0.0,-0.9999992104632858
66,66,w66,1.400000000956805e18,1.1832159570242472e9,6,6,0.4999999999986921,0.0,0.9390370052878859
66,66,w66,1.400000000956805e18,1.1832159570242472e9,7,7,0.7499999999993406,0.0,-0.9996829670243771
66,66,w66,1.400000000956805e18,1.1832159570242472e9,8,8,1.0,0.24999999999941094,-0.9996823584573094
66,66,w66,1.400000000956805e18,1.1832159570242472e9,9,9,1.0,0.4999999999986921,0.9390366229461403
66,66,w66,1.400000000956805e18,1.1832159570242472e9,10,10,1.0,0.7499999999993406,-1.0
66,66,w66,1.400000000956805e18,1.1832159570242472e9,11,11,0.7500000000003471,1.0,-0.9996829668772637
66,66,w66,1.400000000956805e18,1.1832159570242472e9,12,12,0.5000000000020595,1.0,0.9390370052886721
66,66,w66,1.400000000956805e18,1.1832159570242472e9,13,13,0.2500000000010405,1.0,-0.9999992106165434
66,66,w66,1.400000000956805e18,1.1832159570242472e9,14,14,0.0,0.7500000000003471,-0.9999999998115537
66,66,w66,1.400000000956805e18,1.1832159570242472e9,15,15,0.0,0.5000000000020595,0.9390366229081072
66,66,w66,1.400000000956805e18,1.1832159570242472e9,16,16,0.0,0.2500000000010405,-0.9996823585691934
66,66,w66,1.400000000956805e18,1.1832159570242472e9,17,17,0.24999999999981837,0.25000000000063316,0.5713375908385057
66,66,w66,1.400000000956805e18,1.1832159570242472e9,18,18,0.2500000000002257,0.5000000000012177,-0.41115320719733284
66,66,w66,1.400000000956805e18,1.1832159570242472e9,19,19,0.25000000000063316,0.7500000000000954,0.5714283455234613
66,66,w66,1.400000000956805e18,1.1832159570242472e9,20,20,0.49999999999953393,0.2500000000002257,-0.4111080518725797
66,66,w66,1.400000000956805e18,1.1832159570242472e9,21,21,0.5000000000003757,0.5000000000003757,0.2682962313270016
66,66,w66,1.400000000956805e18,1.1832159570242472e9,22,22,0.5000000000012177,0.749999999999844,-0.41115342921502857
66,66,w66,1.400000000956805e18,1.1832159570242472e9,23,23,0.7499999999995922,0.24999999999981837,0.5712472355368333
66,66,w66,1.400000000956805e18,1.1832159570242472e9,24,24,0.749999999999844,0.49999999999953393,-0.4111080295512871
66,66,w66,1.400000000956805e18,1.1832159570242472e9,25,25,0.7500000000000953,0.7499999999995921,0.5713379902217794
67,67,w67,1.400000003185896e18,1.18321595796621e9,1,1,0.0,0.0,4.771898983272186e-12
67,67,w67,1.400000003185896e18,1.18321595796621e9,2,2,1.0,0.0,2.7059177575393686e-10
67,67,w67,1.400000003185896e18,1.18321595796621e9,3,3,1.0,1.0,-4.270703529091359e-12
67,67,w67,1.400000003185896e18,1.18321595796621e9,4,4,0.0,1.0,-2.704795519662848e-10
67,67,w67,1.400000003185896e18,1.18321595796621e9,5,5,0.24999999999941094,0.0,0.9712409143974555
67,67,w67,1.400000003185896e18,1.18321595796621e9,6,6,0.4999999999986921,0.0,0.003589984836661757
67,67,w67,1.400000003185896e18,1.18321595796621e9,7,7,0.7499999999993406,0.0,-0.9695880233637132
67,67,w67,1.400000003185896e18,1.18321595796621e9,8,8,1.0,0.24999999999941094,-0.9983018548144224
67,67,w67,1.400000003185896e18,1.18321595796621e9,9,9,1.0,0.4999999999986921,0.003669787690040997
67,67,w67,1.400000003185896e18,1.18321595796621e9,10,10,1.0,0.7499999999993406,1.0
67,67,w67,1.400000003185896e18,1.18321595796621e9,11,11,0.7500000000003471,1.0,-0.9695881247668782
67,67,w67,1.400000003185896e18,1.18321595796621e9,12,12,0.5000000000020595,1.0,0.0035900751134756255
67,67,w67,1.400000003185896e18,1.18321595796621e9,13,13,0.2500000000010405,1.0,0.9712408130313585
67,67,w67,1.400000003185896e18,1.18321595796621e9,14,14,0.0,0.7500000000003471,0.9999999011535579
67,67,w67,1.400000003185896e18,1.18321595796621e9,15,15,0.0,0.5000000000020595,0.0036698754324631833
67,67,w67,1.400000003185896e18,1.18321595796621e9,16,16,0.0,0.2500000000010405,-0.9983019536154655
67,67,w67,1.400000003185896e18,1.18321595796621e9,17,17,0.24999999999981837,0.25000000000063316,0.007731725549725706
67,67,w67,1.400000003185896e18,1.18321595796621e9,18,18,0.2500000000002257,0.5000000000012177,0.13770016106280714
67,67,w67,1.400000003185896e18,1.18321595796621e9,19,19,0.25000000000063316,0.7500000000000954,-0.5632116373776401
67,67,w67,1.400000003185896e18,1.18321595796621e9,20,20,0.49999999999953393,0.2500000000002257,-0.14364026984344935
67,67,w67,1.400000003185896e18,1.18321595796621e9,21,21,0.5000000000003757,0.5000000000003757,0.001037123080372029
67,67,w67,1.400000003185896e18,1.18321595796621e9,22,22,0.5000000000012177,0.749999999999844,0.14183140219494525
67,67,w67,1.400000003185896e18,1.18321595796621e9,23,23,0.7499999999995922,0.24999999999981837,0.5622542556522439
67,67,w67,1.400000003185896e18,1.18321595796621e9,24,24,0.749999999999844,0.49999999999953393,-0.13956109486256815
67,67,w67,1.400000003185896e18,1.18321595796621e9,25,25,0.7500000000000953,0.7499999999995921,-0.008689107277243459
68,68,w68,1.4000000031858967e18,1.1832159579662104e9,1,1,0.0,0.0,-2.705335341822066e-10
68,68,w68,1.4000000031858967e18,1.1832159579662104e9,2,2,1.0,0.0,4.521785901644336e-12
68,68,w68,1.4000000031858967e18,1.1832159579662104e9,3,3,1.0,1.0,2.7053959106281864e-10
68,68,w68,1.4000000031858967e18,1.1832159579662104e9,4,4,0.0,1.0,-4.5207946986895044e-12
68,68,w68,1.4000000031858967e18,1.1832159579662104e9,5,5,0.24999999999941094,0.0,0.9999999011536334
68,68,w68,1.4000000031858967e18,1.1832159579662104e9,6,6,0.4999999999986921,0.0,0.0031235848773643717
68,68,w68,1.4000000031858967e18,1.1832159579662104e9,7,7,0.7499999999993406,0.0,-0.9982994450182777
68,68,w68,1.4000000031858967e18,1.1832159579662104e9,8,8,1.0,0.24999999999941094,0.9695883141300531
68,68,w68,1.4000000031858967e18,1.1832159579662104e9,9,9,1.0,0.4999999999986921,-0.003018141583146235
68,68,w68,1.4000000031858967e18,1.1832159579662104e9,10,10,1.0,0.7499999999993406,-0.9712383511344588
68,68,w68,1.4000000031858967e18,1.1832159579662104e9,11,11,0.7500000000003471,1.0,-0.9982993462173638
68,68,w68,1.4000000031858967e18,1.1832159579662104e9,12,12,0.5000000000020595,1.0,0.0031234971349326486
68,68,w68,1.4000000031858967e18,1.1832159579662104e9,13,13,0.2500000000010405,1.0,1.0
68,68,w68,1.4000000031858967e18,1.1832159579662104e9,14,14,0.0,0.7500000000003471,-0.9712384525005073
68,68,w68,1.4000000031858967e18,1.1832159579662104e9,15,15,0.0,0.5000000000020595,-0.0030180513063805467
68,68,w68,1.4000000031858967e18,1.1832159579662104e9,16,16,0.0,0.2500000000010405,0.969588212727102
68,68,w68,1.4000000031858967e18,1.1832159579662104e9,17,17,0.24999999999981837,0.25000000000063316,-0.56273946585811
68,68,w68,1.4000000031858967e18,1.1832159579662104e9,18,18,0.2500000000002257,0.5000000000012177,0.1437194383186094
68,68,w68,1.4000000031858967e18,1.1832159579662104e9,19,19,0.25000000000063316,0.7500000000000954,-0.008217585062767077
68,68,w68,1.4000000031858967e18,1.1832159579662104e9,20,20,0.49999999999953393,0.2500000000002257,0.13762015831997598
68,68,w68,1.4000000031858967e18,1.1832159579662104e9,21,21,0.5000000000003757,0.5000000000003757,1.5063508824570329e-5
68,68,w68,1.4000000031858967e18,1.1832159579662104e9,22,22,0.5000000000012177,0.749999999999844,-0.13964077295773222
68,68,w68,1.4000000031858967e18,1.1832159579662104e9,23,23,0.7499999999995922,0.24999999999981837,0.008203180317510878
68,68,w68,1.4000000031858967e18,1.1832159579662104e9,24,24,0.749999999999844,0.49999999999953393,-0.1417518753487834
68,68,w68,1.4000000031858967e18,1.1832159579662104e9,25,25,0.7500000000000953,0.7499999999995921,0.5627250611344801
69,69,w69,1.4000000032424596e18,1.1832159579901125e9,1,1,0.0,0.0,3.703039710522017e-13
69,69,w69,1.4000000032424596e18,1.1832159579901125e9,2,2,1.0,0.0,2.1776235148698732e-13
69,69,w69,1.4000000032424596e18,1.1832159579901125e9,3,3,1.0,1.0,-8.103962927431044e-13
69,69,w69,1.4000000032424596e18,1.1832159579901125e9,4,4,0.0,1.0,2.2170745062965584e-13
69,69,w69,1.4000000032424596e18,1.1832159579901125e9,5,5,0.24999999999941094,0.0,0.20499623550895005
69,69,w69,1.4000000032424596e18,1.1832159579901125e9,6,6,0.4999999999986921,0.0,0.99999999979786
69,69,w69,1.4000000032424596e18,1.1832159579901125e9,7,7,0.7499999999993406,0.0,0.20922133272810095
69,69,w69,1.4000000032424596e18,1.1832159579901125e9,8,8,1.0,0.24999999999941094,-0.20919838925975828
69,69,w69,1.4000000032424596e18,1.1832159579901125e9,9,9,1.0,0.4999999999986921,-0.9999437797394357
69,69,w69,1.4000000032424596e18,1.1832159579901125e9,10,10,1.0,0.7499999999993406,-0.20498625322998448
69,69,w69,1.4000000032424596e18,1.1832159579901125e9,11,11,0.7500000000003471,1.0,0.20922133244888855
69,69,w69,1.4000000032424596e18,1.1832159579901125e9,12,12,0.5000000000020595,1.0,1.0
69,69,w69,1.4000000032424596e18,1.1832159579901125e9,13,13,0.2500000000010405,1.0,0.20499623536811534
69,69,w69,1.4000000032424596e18,1.1832159579901125e9,14,14,0.0,0.7500000000003471,-0.2049862529422409
69,69,w69,1.4000000032424596e18,1.1832159579901125e9,15,15,0.0,0.5000000000020595,-0.999943779900589
69,69,w69,1.4000000032424596e18,1.1832159579901125e9,16,16,0.0,0.2500000000010405,-0.20919838911051794
69,69,w69,1.4000000032424596e18,1.1832159579901125e9,17,17,0.24999999999981837,0.25000000000063316,0.0012006153225929022
69,69,w69,1.4000000032424596e18,1.1832159579901125e9,18,18,0.2500000000002257,0.5000000000012177,0.3149834004020083
69,69,w69,1.4000000032424596e18,1.1832159579901125e9,19,19,0.25000000000063316,0.7500000000000954,-2.8521193892093714e-6
69,69,w69,1.4000000032424596e18,1.1832159579901125e9,20,20,0.49999999999953393,0.2500000000002257,-0.3155997709166786
69,69,w69,1.4000000032424596e18,1.1832159579901125e9,21,21,0.5000000000003757,0.5000000000003757,8.03143987805056e-6
69,69,w69,1.4000000032424596e18,1.1832159579901125e9,22,22,0.5000000000012177,0.749999999999844,-0.3149980372367483
69,69,w69,1.4000000032424596e18,1.1832159579901125e9,23,23,0.7499999999995922,0.24999999999981837,-6.555274583684887e-6
69,69,w69,1.4000000032424596e18,1.1832159579901125e9,24,24,0.749999999999844,0.49999999999953393,0.3155869856714225
69,69,w69,1.4000000032424596e18,1.1832159579901125e9,25,25,0.7500000000000953,0.7499999999995921,-0.001210022646346322
70,70,w70,1.4000000032485844e18,1.1832159579927006e9,1,1,0.0,0.0,-1.1610356519632802e-11
70,70,w70,1.4000000032485844e18,1.1832159579927006e9,2,2,1.0,0.0,-1.2293963327927088e-11
70,70,w70,1.4000000032485844e18,1.1832159579927006e9,3,3,1.0,1.0,-1.1607859105863955e-11
70,70,w70,1.4000000032485844e18,1.1832159579927006e9,4,4,0.0,1.0,-1.092295716951333e-11
70,70,w70,1.4000000032485844e18,1.1832159579927006e9,5,5,0.24999999999941094,0.0,0.284393985077521
70,70,w70,1.4000000032485844e18,1.1832159579927006e9,6,6,0.4999999999986921,0.0,0.999936720099904
70,70,w70,1.4000000032485844e18,1.1832159579927006e9,7,7,0.7499999999993406,0.0,0.2895223052914403
70,70,w70,1.4000000032485844e18,1.1832159579927006e9,8,8,1.0,0.24999999999941094,0.28953560954783275
70,70,w70,1.4000000032485844e18,1.1832159579927006e9,9,9,1.0,0.4999999999986921,1.0
70,70,w70,1.4000000032485844e18,1.1832159579927006e9,10,10,1.0,0.7499999999993406,0.2844072992547792
70,70,w70,1.4000000032485844e18,1.1832159579927006e9,11,11,0.7500000000003471,1.0,0.2895223054816693
70,70,w70,1.4000000032485844e18,1.1832159579927006e9,12,12,0.5000000000020595,1.0,0.9999367198795548
70,70,w70,1.4000000032485844e18,1.1832159579927006e9,13,13,0.2500000000010405,1.0,0.28439398542001487
70,70,w70,1.4000000032485844e18,1.1832159579927006e9,14,14,0.0,0.7500000000003471,0.28440729943408977
70,70,w70,1.4000000032485844e18,1.1832159579927006e9,15,15,0.0,0.5000000000020595,0.9999999997380536
70,70,w70,1.4000000032485844e18,1.1832159579927006e9,16,16,0.0,0.2500000000010405,0.28953560987940113
70,70,w70,1.4000000032485844e18,1.1832159579927006e9,17,17,0.24999999999981837,0.25000000000063316,-0.16397988550926798
70,70,w70,1.4000000032485844e18,1.1832159579927006e9,18,18,0.2500000000002257,0.5000000000012177,-0.24508657356186228
70,70,w70,1.4000000032485844e18,1.1832159579927006e9,19,19,0.25000000000063316,0.7500000000000954,-0.16251465403888934
70,70,w70,1.4000000032485844e18,1.1832159579927006e9,20,20,0.49999999999953393,0.2500000000002257,-0.24433397587324668
70,70,w70,1.4000000032485844e18,1.1832159579927006e9,21,21,0.5000000000003757,0.5000000000003757,0.28570524683920184
70,70,w70,1.4000000032485844e18,1.1832159579927006e9,22,22,0.5000000000012177,0.749999999999844,-0.24506659158807498
70,70,w70,1.4000000032485844e18,1.1832159579927006e9,23,23,0.7499999999995922,0.24999999999981837,-0.16544511977355666
70,70,w70,1.4000000032485844e18,1.1832159579927006e9,24,24,0.749999999999844,0.49999999999953393,-0.24435395646244287
70,70,w70,1.4000000032485844e18,1.1832159579927006e9,25,25,0.7500000000000953,0.7499999999995921,-0.1639798883031766
71,71,w71,1.4000000051073577e18,1.1832159587781758e9,1,1,0.0,0.0,1.2962858991908756e-12
71,71,w71,1.4000000051073577e18,1.1832159587781758e9,2,2,1.0,0.0,-9.787757998658291e-13
71,71,w71,1.4000000051073577e18,1.1832159587781758e9,3,3,1.0,1.0,6.622528671535591e-13
71,71,w71,1.4000000051073577e18,1.1832159587781758e9,4,4,0.0,1.0,-9.792876923258561e-13
71,71,w71,1.4000000051073577e18,1.1832159587781758e9,5,5,0.24999999999941094,0.0,0.9996753498157838
71,71,w71,1.4000000051073577e18,1.1832159587781758e9,6,6,0.4999999999986921,0.0,-0.828292507596292
71,71,w71,1.4000000051073577e18,1.1832159587781758e9,7,7,0.7499999999993406,0.0,0.9999999000818618
71,71,w71,1.4000000051073577e18,1.1832159587781758e9,8,8,1.0,0.24999999999941094,-0.9999999998858305
71,71,w71,1.4000000051073577e18,1.1832159587781758e9,9,9,1.0,0.4999999999986921,0.828292722006298
71,71,w71,1.4000000051073577e18,1.1832159587781758e9,10,10,1.0,0.7499999999993406,-0.9996751040063573
71,71,w71,1.4000000051073577e18,1.1832159587781758e9,11,11,0.7500000000003471,1.0,0.9999998999422558
71,71,w71,1.4000000051073577e18,1.1832159587781758e9,12,12,0.5000000000020595,1.0,-0.8282925075979772
71,71,w71,1.4000000051073577e18,1.1832159587781758e9,13,13,0.2500000000010405,1.0,0.9996753499713172
71,71,w71,1.4000000051073577e18,1.1832159587781758e9,14,14,0.0,0.7500000000003471,-0.9996751038254893
71,71,w71,1.4000000051073577e18,1.1832159587781758e9,15,15,0.0,0.5000000000020595,0.8282927219736962
71,71,w71,1.4000000051073577e18,1.1832159587781758e9,16,16,0.0,0.2500000000010405,-1.0
71,71,w71,1.4000000051073577e18,1.1832159587781758e9,17,17,0.24999999999981837,0.25000000000063316,9.275719106984549e-5
71,71,w71,1.4000000051073577e18,1.1832159587781758e9,18,18,0.2500000000002257,0.5000000000012177,-0.09384429847447529
71,71,w71,1.4000000051073577e18,1.1832159587781758e9,19,19,0.25000000000063316,0.7500000000000954,-7.032198394593362e-8
71,71,w71,1.4000000051073577e18,1.1832159587781758e9,20,20,0.49999999999953393,0.2500000000002257,0.09379785864467755
71,71,w71,1.4000000051073577e18,1.1832159587781758e9,21,21,0.5000000000003757,0.5000000000003757,3.062755188372216e-8
71,71,w71,1.4000000051073577e18,1.1832159587781758e9,22,22,0.5000000000012177,0.749999999999844,0.09384427236353576
71,71,w71,1.4000000051073577e18,1.1832159587781758e9,23,23,0.7499999999995922,0.24999999999981837,2.8519864663828353e-8
71,71,w71,1.4000000051073577e18,1.1832159587781758e9,24,24,0.749999999999844,0.49999999999953393,-0.09379793418012145
71,71,w71,1.4000000051073577e18,1.1832159587781758e9,25,25,0.7500000000000953,0.7499999999995921,-9.279884424865273e-5
72,72,w72,2.7428571459165706e18,1.6561573433453026e9,1,1,0.0,0.0,-0.9999999999844035
72,72,w72,2.7428571459165706e18,1.6561573433453026e9,2,2,1.0,0.0,0.9999999999273348
72,72,w72,2.7428571459165706e18,1.6561573433453026e9,3,3,1.0,1.0,-0.9999999999429428
72,72,w72,2.7428571459165706e18,1.6561573433453026e9,4,4,0.0,1.0,1.0
72,72,w72,2.7428571459165706e18,1.6561573433453026e9,5,5,0.24999999999941094,0.0,0.25000000005774703
72,72,w72,2.7428571459165706e18,1.6561573433453026e9,6,6,0.4999999999986921,0.0,-4.309908401822746e-12
72,72,w72,2.7428571459165706e18,1.6561573433453026e9,7,7,0.7499999999993406,0.0,-0.25000000004053646
72,72,w72,2.7428571459165706e18,1.6561573433453026e9,8,8,1.0,0.24999999999941094,-0.25000000004201034
72,72,w72,2.7428571459165706e18,1.6561573433453026e9,9,9,1.0,0.4999999999986921,-1.0337303983202404e-12
72,72,w72,2.7428571459165706e18,1.6561573433453026e9,10,10,1.0,0.7499999999993406,0.2500000000459074
72,72,w72,2.7428571459165706e18,1.6561573433453026e9,11,11,0.7500000000003471,1.0,0.2500000000456497
72,72,w72,2.7428571459165706e18,1.6561573433453026e9,12,12,0.5000000000020595,1.0,4.209271268797894e-12
72,72,w72,2.7428571459165706e18,1.6561573433453026e9,13,13,0.2500000000010405,1.0,-0.2500000000608852
72,72,w72,2.7428571459165706e18,1.6561573433453026e9,14,14,0.0,0.7500000000003471,-0.25000000006138307
72,72,w72,2.7428571459165706e18,1.6561573433453026e9,15,15,0.0,0.5000000000020595,1.1328104191159793e-12
72,72,w72,2.7428571459165706e18,1.6561573433453026e9,16,16,0.0,0.2500000000010405,0.25000000005551704
72,72,w72,2.7428571459165706e18,1.6561573433453026e9,17,17,0.24999999999981837,0.25000000000063316,-0.06249999987153833
72,72,w72,2.7428571459165706e18,1.6561573433453026e9,18,18,0.2500000000002257,0.5000000000012177,-2.6259445183171456e-13
72,72,w72,2.7428571459165706e18,1.6561573433453026e9,19,19,0.25000000000063316,0.7500000000000954,0.06249999987279763
72,72,w72,2.7428571459165706e18,1.6561573433453026e9,20,20,0.49999999999953393,0.2500000000002257,1.0569276089737644e-12
72,72,w72,2.7428571459165706e18,1.6561573433453026e9,21,21,0.5000000000003757,0.5000000000003757,-2.0963483562679016e-16
72,72,w72,2.7428571459165706e18,1.6561573433453026e9,22,22,0.5000000000012177,0.749999999999844,-1.0827166289577583e-12
72,72,w72,2.7428571459165706e18,1.6561573433453026e9,23,23,0.7499999999995922,0.24999999999981837,0.062499999867442785
72,72,w72,2.7428571459165706e18,1.6561573433453026e9,24,24,0.749999999999844,0.49999999999953393,2.8894667679490417e-13
72,72,w72,2.7428571459165706e18,1.6561573433453026e9,25,25,0.7500000000000953,0.7499999999995921,-0.06249999986870299
73,73,w73,2.771428574519378e18,1.664760816009128e9,1,1,0.0,0.0,7.415468488183724e-11
73,73,w73,2.771428574519378e18,1.664760816009128e9,2,2,1.0,0.0,-0.9999999999992414
73,73,w73,2.771428574519378e18,1.664760816009128e9,3,3,1.0,1.0,-4.0405468445568283e-13
73,73,w73,2.771428574519378e18,1.664760816009128e9,4,4,0.0,1.0,1.0
73,73,w73,2.771428574519378e18,1.664760816009128e9,5,5,0.24999999999941094,0.0,0.01785714291051532
73,73,w73,2.771428574519378e18,1.664760816009128e9,6,6,0.4999999999986921,0.0,-0.0714285714615716
73,73,w73,2.771428574519378e18,1.664760816009128e9,7,7,0.7499999999993406,0.0,0.2678571428685162
73,73,w73,2.771428574519378e18,1.664760816009128e9,8,8,1.0,0.24999999999941094,0.26785714287046786
73,73,w73,2.771428574519378e18,1.664760816009128e9,9,9,1.0,0.4999999999986921,-0.0714285714670471
73,73,w73,2.771428574519378e18,1.664760816009128e9,10,10,1.0,0.7499999999993406,0.017857142930550914
73,73,w73,2.771428574519378e18,1.664760816009128e9,11,11,0.7500000000003471,1.0,-0.017857142930320927
73,73,w73,2.771428574519378e18,1.664760816009128e9,12,12,0.5000000000020595,1.0,0.0714285714671336
73,73,w73,2.771428574519378e18,1.664760816009128e9,13,13,0.2500000000010405,1.0,-0.2678571428701415
73,73,w73,2.771428574519378e18,1.664760816009128e9,14,14,0.0,0.7500000000003471,-0.2678571428726082
73,73,w73,2.771428574519378e18,1.664760816009128e9,15,15,0.0,0.5000000000020595,0.07142857147239441
73,73,w73,2.771428574519378e18,1.664760816009128e9,16,16,0.0,0.2500000000010405,-0.017857142950346568
73,73,w73,2.771428574519378e18,1.664760816009128e9,17,17,0.24999999999981837,0.25000000000063316,5.3446920628707675e-12
73,73,w73,2.771428574519378e18,1.664760816009128e9,18,18,0.2500000000002257,0.5000000000012177,-0.01785714276194109
73,73,w73,2.771428574519378e18,1.664760816009128e9,19,19,0.25000000000063316,0.7500000000000954,0.07142857120414839
73,73,w73,2.771428574519378e18,1.664760816009128e9,20,20,0.49999999999953393,0.2500000000002257,0.01785714275905085
73,73,w73,2.771428574519378e18,1.664760816009128e9,21,21,0.5000000000003757,0.5000000000003757,3.936087897184378e-13
73,73,w73,2.771428574519378e18,1.664760816009128e9,22,22,0.5000000000012177,0.749999999999844,-0.017857142760669267
73,73,w73,2.771428574519378e18,1.664760816009128e9,23,23,0.7499999999995922,0.24999999999981837,-0.07142857120323395
73,73,w73,2.771428574519378e18,1.664760816009128e9,24,24,0.749999999999844,0.49999999999953393,0.017857142760420122
73,73,w73,2.771428574519378e18,1.664760816009128e9,25,25,0.7500000000000953,0.7499999999995921,2.9561451626830674e-17
74,74,w74,2.771428574519378e18,1.664760816009128e9,1,1,0.0,0.0,-0.9999999999999869
74,74,w74,2.771428574519378e18,1.664760816009128e9,2,2,1.0,0.0,-5.8002990416264e-11
74,74,w74,2.771428574519378e18,1.664760816009128e9,3,3,1.0,1.0,1.0
74,74,w74,2.771428574519378e18,1.664760816009128e9,4,4,0.0,1.0,1.6555716207355388e-11
74,74,w74,2.771428574519378e18,1.664760816009128e9,5,5,0.24999999999941094,0.0,0.2678571428718395
74,74,w74,2.771428574519378e18,1.664760816009128e9,6,6,0.4999999999986921,0.0,-0.07142857147129153
74,74,w74,2.771428574519378e18,1.664760816009128e9,7,7,0.7499999999993406,0.0,0.017857142946022614
74,74,w74,2.771428574519378e18,1.664760816009128e9,8,8,1.0,0.24999999999941094,-0.017857142914885354
74,74,w74,2.771428574519378e18,1.664760816009128e9,9,9,1.0,0.4999999999986921,0.0714285714628566
74,74,w74,2.771428574519378e18,1.664760816009128e9,10,10,1.0,0.7499999999993406,-0.2678571428691509
74,74,w74,2.771428574519378e18,1.664760816009128e9,11,11,0.7500000000003471,1.0,-0.26785714287143636
74,74,w74,2.771428574519378e18,1.664760816009128e9,12,12,0.5000000000020595,1.0,0.071428571468203
74,74,w74,2.771428574519378e18,1.664760816009128e9,13,13,0.2500000000010405,1.0,-0.017857142934888142
74,74,w74,2.771428574519378e18,1.664760816009128e9,14,14,0.0,0.7500000000003471,0.017857142925964097
74,74,w74,2.771428574519378e18,1.664760816009128e9,15,15,0.0,0.5000000000020595,-0.07142857146590188
74,74,w74,2.771428574519378e18,1.664760816009128e9,16,16,0.0,0.2500000000010405,0.26785714286970613
74,74,w74,2.771428574519378e18,1.664760816009128e9,17,17,0.24999999999981837,0.25000000000063316,-0.07142857120384659
74,74,w74,2.771428574519378e18,1.664760816009128e9,18,18,0.2500000000002257,0.5000000000012177,0.0178571427602934
74,74,w74,2.771428574519378e18,1.664760816009128e9,19,19,0.25000000000063316,0.7500000000000954,1.1822056362785818e-12
74,74,w74,2.771428574519378e18,1.664760816009128e9,20,20,0.49999999999953393,0.2500000000002257,0.017857142761618577
74,74,w74,2.771428574519378e18,1.664760816009128e9,21,21,0.5000000000003757,0.5000000000003757,-2.2670557836837608e-13
74,74,w74,2.771428574519378e18,1.664760816009128e9,22,22,0.5000000000012177,0.749999999999844,-0.017857142760755715
74,74,w74,2.771428574519378e18,1.664760816009128e9,23,23,0.7499999999995922,0.24999999999981837,-4.16243019433832e-12
74,74,w74,2.771428574519378e18,1.664760816009128e9,24,24,0.749999999999844,0.49999999999953393,-0.017857142759440055
74,74,w74,2.771428574519378e18,1.664760816009128e9,25,25,0.7500000000000953,0.7499999999995921,0.0714285712035889
75,75,w75,2.8000000030593905e18,1.6733200539823189e9,1,1,0.0,0.0,0.9999999999418786
75,75,w75,2.8000000030593905e18,1.6733200539823189e9,2,2,1.0,0.0,1.0
75,75,w75,2.8000000030593905e18,1.6733200539823189e9,3,3,1.0,1.0,0.9999999999833138
75,75,w75,2.8000000030593905e18,1.6733200539823189e9,4,4,0.0,1.0,0.9999999999252018
75,75,w75,2.8000000030593905e18,1.6733200539823189e9,5,5,0.24999999999941094,0.0,-0.2857142856126116
75,75,w75,2.8000000030593905e18,1.6733200539823189e9,6,6,0.4999999999986921,0.0,0.14285714277614028
75,75,w75,2.8000000030593905e18,1.6733200539823189e9,7,7,0.7499999999993406,0.0,-0.285714285626509
75,75,w75,2.8000000030593905e18,1.6733200539823189e9,8,8,1.0,0.24999999999941094,-0.28571428562776735
75,75,w75,2.8000000030593905e18,1.6733200539823189e9,9,9,1.0,0.4999999999986921,0.14285714277910017
75,75,w75,2.8000000030593905e18,1.6733200539823189e9,10,10,1.0,0.7499999999993406,-0.2857142856231922
75,75,w75,2.8000000030593905e18,1.6733200539823189e9,11,11,0.7500000000003471,1.0,-0.2857142856227364
75,75,w75,2.8000000030593905e18,1.6733200539823189e9,12,12,0.5000000000020595,1.0,0.1428571427738641
75,75,w75,2.8000000030593905e18,1.6733200539823189e9,13,13,0.2500000000010405,1.0,-0.28571428560727957
75,75,w75,2.8000000030593905e18,1.6733200539823189e9,14,14,0.0,0.7500000000003471,-0.2857142856075824
75,75,w75,2.8000000030593905e18,1.6733200539823189e9,15,15,0.0,0.5000000000020595,0.14285714277090453
75,75,w75,2.8000000030593905e18,1.6733200539823189e9,16,16,0.0,0.2500000000010405,-0.2857142856105944
75,75,w75,2.8000000030593905e18,1.6733200539823189e9,17,17,0.24999999999981837,0.25000000000063316,0.08163265267364098
75,75,w75,2.8000000030593905e18,1.6733200539823189e9,18,18,0.2500000000002257,0.5000000000012177,-0.0408163261971939
75,75,w75,2.8000000030593905e18,1.6733200539823189e9,19,19,0.25000000000063316,0.7500000000000954,0.08163265267259442
75,75,w75,2.8000000030593905e18,1.6733200539823189e9,20,20,0.49999999999953393,0.2500000000002257,-0.04081632619849456
75,75,w75,2.8000000030593905e18,1.6733200539823189e9,21,21,0.5000000000003757,0.5000000000003757,0.02040816297897413
75,75,w75,2.8000000030593905e18,1.6733200539823189e9,22,22,0.5000000000012177,0.749999999999844,-0.04081632619797122
75,75,w75,2.8000000030593905e18,1.6733200539823189e9,23,23,0.7499999999995922,0.24999999999981837,0.08163265267779769
75,75,w75,2.8000000030593905e18,1.6733200539823189e9,24,24,0.749999999999844,0.49999999999953393,-0.04081632619927213
75,75,w75,2.8000000030593905e18,1.6733200539823189e9,25,25,0.7500000000000953,0.7499999999995921,0.08163265267675081
