mode_rank,eigen_index,omega_sq,omega,omega_sq_isfinite,omega_sq_is_positive,vector_isfinite,norm_v,norm_Kv,norm_Mv,residual_norm,relative_residual,residual_within_tolerance,Mv_over_v,selected_positive_mode
1.0,1.0,3.597165605905037e7,5997.637539819355,1.0,1.0,1.0,37.1073389488836,111889.53557967707,0.0031104952071787056,3.1913996198236547,2.852273849440822e-5,0.0,8.38242594399857e-5,1.0
2.0,2.0,2.05245715566901e8,14326.399253367923,1.0,1.0,1.0,49.597354758429965,576432.5001079026,0.002808499033174238,3.5417716649854114,6.144295584170612e-6,0.0,5.662598432624843e-5,1.0
3.0,3.0,2.166379728973797e8,14718.62673272815,1.0,1.0,1.0,49.21528665456392,604065.2615200153,0.002788362608282818,2.7995683143857013,4.6345461206312715e-6,0.0,5.665643335279127e-5,1.0
4.0,4.0,4.919997424375808e8,22181.067206912765,1.0,1.0,1.0,60.98209573142418,1.3993025874398723e6,0.0028441130369513193,2.8556644212372646,2.040776488563664e-6,0.0,4.6638492869731644e-5,1.0
5.0,5.0,7.64042986469605e8,27641.327509177358,1.0,1.0,1.0,62.04672705346554,2.0644472696319805e6,0.0027020043879931884,3.5894242229912545,1.7386851539775211e-6,0.0,4.3547895534681094e-5,1.0
6.0,6.0,7.693607471335403e8,27737.352922251615,1.0,1.0,1.0,48.28176667949863,1.6200672188460587e6,0.0021057320849963827,2.7007998660155605,1.6670908356240422e-6,0.0,4.3613401700367296e-5,1.0
7.0,7.0,1.1443526601994333e9,33828.28195754897,1.0,1.0,1.0,57.1845692354891,2.558165937984003e6,0.0022354699112035466,2.752022129325001,1.0757793646754449e-6,0.0,3.909218764939476e-5,1.0
8.0,8.0,1.2239270581517746e9,34984.66890155993,1.0,1.0,1.0,58.00566634740825,2.7911703091946044e6,0.0022805035761718417,8.09360422161177,2.899717081021541e-6,0.0,3.931518625289849e-5,1.0
9.0,9.0,1.9665163960671475e9,44345.421365312875,1.0,1.0,1.0,60.199264000232745,4.345277724930183e6,0.0022096320363631894,6.731436778149096,1.549138445059286e-6,0.0,3.6705299858062156e-5,1.0
10.0,10.0,1.9728531545429194e9,44416.81162063436,1.0,1.0,1.0,57.71549538126227,4.183595281822733e6,0.002120581278683265,2.545080924022304,6.083477585833893e-7,1.0,3.674197483145447e-5,1.0
11.0,11.0,2.0354628094232776e9,45116.10365959452,1.0,1.0,1.0,71.99426522469136,5.114167471634251e6,0.002512533203140787,5.3274175080570725,1.0416978128423074e-6,0.0,3.4899074187357374e-5,1.0
12.0,12.0,2.513467908192531e9,50134.49818430949,1.0,1.0,1.0,76.39276821889705,6.58466156344363e6,0.0026197515987179164,2.7781566198931684,4.219133496863858e-7,1.0,3.429318847578921e-5,1.0
13.0,13.0,2.5517079455349e9,50514.433041804004,1.0,1.0,1.0,66.28871648656369,5.842284968892667e6,0.0022895585406262895,2.7069873166499745,4.63343936672615e-7,1.0,3.453918950279221e-5,1.0
14.0,14.0,3.4441926514271455e9,58687.24436729966,1.0,1.0,1.0,62.25155982524336,6.753667792987653e6,0.0019608857325119967,2.9954766917299227,4.4353329029881684e-7,1.0,3.149938311612951e-5,1.0
15.0,15.0,3.695385213520543e9,60789.680156425755,1.0,1.0,1.0,69.10387824708515,8.151774773143793e6,0.0022059336886211776,2.9217840494761615,3.584230588781777e-7,1.0,3.1921995473737765e-5,1.0
16.0,16.0,4.0717022686470838e9,63809.891620712566,1.0,1.0,1.0,63.94046140724283,8.515496573293373e6,0.0020913849943058993,2.629930555546622,3.08840523053258e-7,1.0,3.2708318774643664e-5,1.0
17.0,17.0,4.077034450306389e9,63851.65973024029,1.0,1.0,1.0,57.945474027657696,7.738430567498374e6,0.0018980537847368276,2.285228217239073,2.9530899933254835e-7,1.0,3.275585913458704e-5,1.0
18.0,18.0,4.739422711419093e9,68843.46527753446,1.0,1.0,1.0,66.93793275628498,9.890086426198998e6,0.0020867702419161143,2.31162293510599,2.3373131795718826e-7,1.0,3.1174704027891896e-5,1.0
19.0,19.0,4.771274529796829e9,69074.4129891585,1.0,1.0,1.0,66.77738397487109,9.972318184621044e6,0.0020900743089558634,3.023359373005085,3.0317517725482914e-7,1.0,3.1299134295862455e-5,1.0
20.0,20.0,5.209332494299858e9,72175.70570697496,1.0,1.0,1.0,66.04541413623201,1.0045738499791699e7,0.0019284118661840176,2.3535574251815192,2.3428415964421308e-7,1.0,2.9198270484098692e-5,1.0
21.0,21.0,5.942297189315744e9,77086.29702687595,1.0,1.0,1.0,66.82123309618451,1.1598231980254771e7,0.0019518094506370532,3.1653492358451008,2.7291653083279416e-7,1.0,2.9209419823599473e-5,1.0
22.0,22.0,6.076022265262009e9,77948.8438994576,1.0,1.0,1.0,60.740629751476,1.0960554870077012e7,0.001803903027879062,2.3186359455115344,2.115436630352696e-7,1.0,2.969845777463687e-5,1.0
23.0,23.0,7.312100450703168e9,85510.82066442333,1.0,1.0,1.0,68.09632060753185,1.5015535792994615e7,0.0020535188433358845,2.6854463419058043,1.7884452018202483e-7,1.0,3.0156091034215926e-5,1.0
24.0,24.0,7.318738990075366e9,85549.62881319455,1.0,1.0,1.0,62.87879882899675,1.3909857838892952e7,0.001900581258923867,2.1530812961053676,1.547881560544072e-7,1.0,3.022610632389193e-5,1.0
25.0,25.0,7.570075174886371e9,87006.1789465919,1.0,1.0,1.0,67.32919657051308,1.3863106804145418e7,0.0018313037234208025,2.3972533429479657,1.729232392230065e-7,1.0,2.7199251093140547e-5,1.0
26.0,26.0,8.080874973438901e9,89893.68706109957,1.0,1.0,1.0,78.40051185073398,1.8357851445998013e7,0.0022717652979411815,3.3543317458157955,1.827191899707324e-7,1.0,2.8976409009502067e-5,1.0
27.0,27.0,8.106101221349316e9,90033.88929369494,1.0,1.0,1.0,56.92905344721565,1.3462798442456674e7,0.0016608228644801918,2.4283396328140854,1.8037406139543787e-7,1.0,2.9173554870714632e-5,1.0
28.0,28.0,8.118855137392093e9,90104.68987456808,1.0,1.0,1.0,79.75268212424191,1.7999405072506145e7,0.002216988047492905,3.0806703725567357,1.7115401093241795e-7,1.0,2.779828826369993e-5,1.0
29.0,29.0,9.440292091205227e9,97161.16555087855,1.0,1.0,1.0,75.56462014709979,1.9647819852608804e7,0.002081272482513336,3.3733951946425873,1.7169310222735148e-7,1.0,2.7542949047606858e-5,1.0
30.0,30.0,9.530322972054146e9,97623.37308275179,1.0,1.0,1.0,72.29484709011193,1.9160901096455276e7,0.0020105195628113827,3.6673692419833146,1.9139857898759103e-7,1.0,2.780999813590269e-5,1.0
31.0,31.0,1.0391033644379368e10,101936.41961722693,1.0,1.0,1.0,76.9710670946232,2.045662352590146e7,0.0019686803363051122,3.124709509581114,1.527480570214249e-7,1.0,2.5576887662021697e-5,1.0
32.0,32.0,1.145615051326227e10,107033.40839785618,1.0,1.0,1.0,83.37848242251498,2.4708791048719883e7,0.002156814440844154,3.2565974551440844,1.317991418002947e-7,1.0,2.5867758421347112e-5,1.0
33.0,33.0,1.1756153637477419e10,108425.79784109231,1.0,1.0,1.0,71.50492958558256,2.2555532068310156e7,0.0019186149567093976,2.636972671184277,1.1691023947209986e-7,1.0,2.683192568441107e-5,1.0
34.0,34.0,1.1933396090794601e10,109240.08463377626,1.0,1.0,1.0,61.68580737334727,2.100025188491579e7,0.0017597884017522352,3.2935773124567844,1.5683513260266425e-7,1.0,2.85282543373598e-5,1.0
35.0,35.0,1.196287865040219e10,109374.94525896774,1.0,1.0,1.0,54.78971553208738,1.8634863652305085e7,0.0015577240430530094,2.9469119117883382,1.581397084287355e-7,1.0,2.8430956940098265e-5,1.0
36.0,36.0,1.276255780065624e10,112971.49109689683,1.0,1.0,1.0,77.02278414009193,2.700760206770373e7,0.002116159038252192,2.8797264409220245,1.0662651329440546e-7,1.0,2.7474455278106314e-5,1.0
37.0,37.0,1.2784527262425821e10,113068.68382724644,1.0,1.0,1.0,69.85821747172561,2.464893983629359e7,0.001928029059951126,2.58620346374539,1.0492148771443052e-7,1.0,2.759917343627435e-5,1.0
38.0,38.0,1.3861799143912184e10,117736.14204615414,1.0,1.0,1.0,73.22616797707884,2.4438944800441418e7,0.001763042784677821,2.799956085739287,1.1456943374359353e-7,1.0,2.4076676868161205e-5,1.0
39.0,39.0,1.4240250252995914e10,119332.5196792388,1.0,1.0,1.0,66.07343525676123,2.4524041647788912e7,0.0017221636442400837,2.485389586777393,1.0134502389419469e-7,1.0,2.6064387867041565e-5,1.0
40.0,40.0,1.4303081650923122e10,119595.49176671804,1.0,1.0,1.0,58.375196293383134,2.213440288240948e7,0.0015475268428067738,2.770277628667414,1.2515709790703197e-7,1.0,2.6510006664974367e-5,1.0
41.0,41.0,1.4833203774272305e10,121791.64082264555,1.0,1.0,1.0,77.31802394921388,2.8558096824709926e7,0.0019252818019203015,3.1465104727513875,1.1017927562586672e-7,1.0,2.4900814888711036e-5,1.0
42.0,42.0,1.6438666379748503e10,128213.3627191351,1.0,1.0,1.0,69.0455325244362,2.8191770806129444e7,0.0017149670335947804,2.6601371086462873,9.435863807307102e-8,1.0,2.4838204166038247e-5,1.0
43.0,43.0,1.6632763674939262e10,128968.07230837895,1.0,1.0,1.0,62.148825678541236,2.6164822682062767e7,0.0015730892939003552,9.577280087572733,3.660364988499775e-7,1.0,2.5311649523950892e-5,1.0
44.0,44.0,1.7891958224736614e10,133760.82470116808,1.0,1.0,1.0,63.56472741389128,2.5903180346512675e7,0.0014477554646616533,9.528579204956348,3.6785364103906926e-7,1.0,2.2776082326835626e-5,1.0
45.0,45.0,1.814171421779971e10,134691.18092065162,1.0,1.0,1.0,54.92426131166724,2.7398556669903804e7,0.0015102517937377706,13.290319714511634,4.850737166425452e-7,1.0,2.7496988719936716e-5,1.0
46.0,46.0,1.815025171585229e10,134722.8700549847,1.0,1.0,1.0,55.259039827622985,2.766855976387726e7,0.0015244174221192804,9.942005784604325,3.593250176091445e-7,1.0,2.7586751902939362e-5,1.0
47.0,47.0,1.8988302721323982e10,137798.05049899648,1.0,1.0,1.0,56.481771454404594,2.7814159174489457e7,0.0014648049087418302,8.875502126756228,3.191001414451042e-7,1.0,2.5934117698916486e-5,1.0
48.0,48.0,1.9029546312448208e10,137947.6216266457,1.0,1.0,1.0,53.76304569273661,2.7173424213629164e7,0.0014279596550340876,9.508892066500914,3.499335207371782e-7,1.0,2.6560244804490403e-5,1.0
49.0,49.0,1.9422992293554783e10,139366.3958547927,1.0,1.0,1.0,71.74141867314549,3.2649019673118986e7,0.0016809469497953583,8.683622528091412,2.6596885955632307e-7,1.0,2.343063436553669e-5,1.0
50.0,50.0,2.0020756062137493e10,141494.72096914955,1.0,1.0,1.0,59.11391092858179,2.8990680223843392e7,0.0014480312489576746,2.036508514339895,7.024700648064494e-8,1.0,2.4495609006602647e-5,1.0
51.0,51.0,2.0565938706255524e10,143408.29371502725,1.0,1.0,1.0,57.33331576973048,2.9463763298470058e7,0.0014326485953669265,2.871634490323662,9.746326228709471e-8,1.0,2.498806455082619e-5,1.0
52.0,52.0,2.0615800608224358e10,143582.03442013334,1.0,1.0,1.0,55.287760047208344,2.8784986460074663e7,0.0013962584922769235,6.976659757584916,2.4237147776096654e-7,1.0,2.5254387066589527e-5,1.0
53.0,53.0,2.263304067106191e10,150442.81528561577,1.0,1.0,1.0,58.23083241112509,2.8313566787220035e7,0.001250983781920416,1.7446889325036337,6.162024530150833e-8,1.0,2.1483185627300316e-5,1.0
54.0,54.0,2.287843678077974e10,151256.1958426158,1.0,1.0,1.0,63.30074321651493,3.403825584012855e7,0.0014877876589934913,2.906562177214763,8.539104311912972e-8,1.0,2.3503478527963523e-5,1.0
55.0,55.0,2.2999638117658726e10,151656.31578559044,1.0,1.0,1.0,62.112350213214064,3.477881711586444e7,0.001512146274357802,2.2490373028816024,6.466687165894722e-8,1.0,2.4345339842511725e-5,1.0
56.0,56.0,2.41164457763091e10,155294.7062082578,1.0,1.0,1.0,72.49234468427642,3.925270904813649e7,0.001627632424111932,3.005551926940547,7.656928644834413e-8,1.0,2.245247317079765e-5,1.0
57.0,57.0,2.6022125715396034e10,161313.74930673465,1.0,1.0,1.0,62.33106820220678,3.66185402503086e7,0.0014072078770911401,3.0486134982380815,8.325327756051512e-8,1.0,2.2576347841914877e-5,1.0
58.0,58.0,2.6142668548717876e10,161686.94612960526,1.0,1.0,1.0,54.5648442218551,3.805479692643681e7,0.0014556584744817626,4.4647248587333905,1.1732357569958518e-7,1.0,2.6677588752259668e-5,1.0
59.0,59.0,2.6158350842653458e10,161735.4347156289,1.0,1.0,1.0,49.417208748284175,3.498627982723048e7,0.0013374803384209445,4.119386843210189,1.1774292238447063e-7,1.0,2.7065072518232497e-5,1.0
60.0,60.0,2.6344973891629436e10,162311.34862242208,1.0,1.0,1.0,55.93452373217716,3.427388570981343e7,0.0013009648767861003,2.7457265171244294,8.011132849446542e-8,1.0,2.3258710184345434e-5,1.0
61.0,61.0,2.7068441578018654e10,164524.89652942697,1.0,1.0,1.0,66.82785938176664,4.5480376243975885e7,0.0016801992810755093,2.9983619177751715,6.592649765452018e-8,1.0,2.514219812843408e-5,1.0
62.0,62.0,2.7127794500901123e10,164705.17448125643,1.0,1.0,1.0,66.39234317805813,4.61995808384688e7,0.0017030349163873705,2.6089340173837385,5.6470945133731873e-8,1.0,2.5651074127930508e-5,1.0
63.0,63.0,2.80099620738115e10,167361.77004863298,1.0,1.0,1.0,50.1187920411873,2.8548587843508054e7,0.0010192297912859562,1.6554453272621985,5.7986942693512126e-8,1.0,2.033628006134625e-5,1.0
64.0,64.0,2.8596377989111362e10,169104.63621412442,1.0,1.0,1.0,73.91542320118089,4.897369530543557e7,0.0017125838561986052,2.497110054227493,5.098880202226316e-8,1.0,2.3169506200855312e-5,1.0
65.0,65.0,2.868714102742948e10,169372.7871513883,1.0,1.0,1.0,46.67449790692448,3.2719009218547404e7,0.0011405461898447455,1.8195732194257035,5.5612112132813434e-8,1.0,2.4436174806189778e-5,1.0
66.0,66.0,3.0043799790585835e10,173331.47374491984,1.0,1.0,1.0,56.60831095266144,3.545277314664387e7,0.0011800362641859949,3.6624790280781565,1.0330585425609869e-7,1.0,2.0845636344331088e-5,1.0
67.0,67.0,3.098857526811658e10,176035.7215684265,1.0,1.0,1.0,59.69407016050763,4.132783136038196e7,0.0013336473506112144,2.26957911809727,5.491648226848296e-8,1.0,2.2341370709439882e-5,1.0
68.0,68.0,3.0996954750632355e10,176059.52047711692,1.0,1.0,1.0,53.68275800579292,3.741606369985706e7,0.001207088373763872,2.2296582771294333,5.9590936526967916e-8,1.0,2.2485587898326963e-5,1.0
69.0,69.0,3.1073531383655178e10,176276.8600345921,1.0,1.0,1.0,57.79043952925677,4.076046809328038e7,0.0013117423864501092,2.038809495223652,5.001928546522432e-8,1.0,2.2698259385724717e-5,1.0
70.0,70.0,3.4185913637932896e10,184894.33100539588,1.0,1.0,1.0,49.79618463939757,3.2396799453501556e7,0.00094766517364546,3.914590598918251,1.2083263239047438e-7,1.0,1.9030879182974384e-5,1.0
71.0,71.0,3.423110668433348e10,185016.50381610144,1.0,1.0,1.0,66.62461506630281,4.723239907257608e7,0.0013798092931797004,5.3524960110056865,1.1332255212222307e-7,1.0,2.0710202855304393e-5,1.0
72.0,72.0,3.443198849561087e10,185558.585076549,1.0,1.0,1.0,52.494129398744626,4.012019161365534e7,0.0011652011259431461,1.9018143883066374,4.740292368279767e-8,1.0,2.2196789227463814e-5,1.0
73.0,73.0,3.604599989245906e10,189857.84127198713,1.0,1.0,1.0,55.573159351063545,4.8592621117315575e7,0.0013480724972704688,2.172281899954927,4.470394578449386e-8,1.0,2.4257618480074224e-5,1.0
74.0,74.0,3.605883111601474e10,189891.6299261627,1.0,1.0,1.0,52.233888579865386,4.682241972603034e7,0.0012985007694736404,2.2916749668267333,4.8943966784526807e-8,1.0,2.485935481307769e-5,1.0
75.0,75.0,3.621398439745697e10,190299.7225364687,1.0,1.0,1.0,67.09288426727792,4.8670226972650565e7,0.0013439622245903565,2.779042212315024,5.709942981122504e-8,1.0,2.003136754765847e-5,1.0
76.0,76.0,3.6889720275498856e10,192066.9682050999,1.0,1.0,1.0,77.71701676478939,5.6391362548759244e7,0.001528647064129979,2.4033592636884227,4.261927985175056e-8,1.0,1.966939967287255e-5,1.0
77.0,77.0,3.700598238714627e10,192369.39046310427,1.0,1.0,1.0,49.378234226578,4.375378472096434e7,0.001182343558172963,1.9560159880677046,4.4705069356087795e-8,1.0,2.3944630193692962e-5,1.0
78.0,78.0,3.825983672327694e10,195601.21861398753,1.0,1.0,1.0,63.26032671741192,4.863394582180885e7,0.001271148809089322,2.139027678176666,4.398219472378105e-8,1.0,2.0093933671377136e-5,1.0
79.0,79.0,3.838162085151994e10,195912.27846033525,1.0,1.0,1.0,70.58229240780528,5.262635011143034e7,0.0013711341334730917,2.308048459102381,4.385727757054075e-8,1.0,1.9426035719427355e-5,1.0
80.0,80.0,3.846153843708985e10,196116.13507585207,1.0,1.0,1.0,1.8712752797120774e9,2.1078282491928336e13,548.0353451273529,1.3236747059886646e6,6.279803425613777e-8,1.0,2.9286730342083933e-7,1.0
81.0,81.0,3.846153843842089e10,196116.13507924555,1.0,1.0,1.0,1.1236797128560612e9,1.281478018578439e13,333.18428503655116,1.0535945932640955e6,8.22171412986251e-8,1.0,2.9651179177178104e-7,1.0
82.0,82.0,3.8461538440375435e10,196116.13508422868,1.0,1.0,1.0,2.473330362817162e9,2.61032124070532e13,678.6835227994161,3.9658595231339987e6,1.5192994108504463e-7,1.0,2.744006757052806e-7,1.0
83.0,83.0,3.870545993188222e10,196737.03243640283,1.0,1.0,1.0,52.956464080220066,3.924442212845503e7,0.0010139247064013548,1.452674406349497,3.7016073305770595e-8,1.0,1.9146382297455336e-5,1.0
84.0,84.0,3.906541854765163e10,197649.73702904748,1.0,1.0,1.0,4356.388536550163,6.880959680108914e7,0.0017613940839093136,16.252690921224332,2.3619802473187955e-7,1.0,4.043243776653969e-7,1.0
85.0,85.0,3.918614662865275e10,197954.9105949452,1.0,1.0,1.0,46.05911629128669,3.37879032156658e7,0.0008622410230424454,1.2954549469539451,3.834079133840143e-8,1.0,1.872031190501936e-5,1.0
86.0,86.0,3.921835005174369e10,198036.2341889577,1.0,1.0,1.0,811.7367612562139,4.351179021394629e7,0.0011094752895699262,1.8840977337139297,4.3300855275887176e-8,1.0,1.366791973118161e-6,1.0
87.0,87.0,3.922042030366671e10,198041.46107233886,1.0,1.0,1.0,1512.575755024106,4.733550750195681e7,0.001206909750735527,6.352144309426983,1.3419406739438767e-7,1.0,7.979168955516496e-7,1.0
88.0,88.0,3.922539099441469e10,198054.01029621865,1.0,1.0,1.0,179357.63854668217,2.0647710000556424e9,0.052638634001767194,103.34592427087144,5.0052002989340773e-8,1.0,2.9348420523537787e-7,1.0
89.0,89.0,3.954596627522737e10,198861.67623558687,1.0,1.0,1.0,3215.6396891236345,7.64875748009374e7,0.001934143528313945,6.797180845289093,8.886647096576253e-8,1.0,6.014801766677602e-7,1.0
90.0,90.0,4.0045603658841064e10,200113.97667039916,1.0,1.0,1.0,5046.079654100667,8.37480952823288e7,0.0020913180748394497,6.625742248418796,7.911513958714302e-8,1.0,4.1444412656862294e-7,1.0
91.0,91.0,4.004791549136507e10,200119.75287653407,1.0,1.0,1.0,3628.122662022366,7.214275478969081e7,0.0018014109750425433,18.695578089684275,2.591469946522734e-7,1.0,4.965132501993225e-7,1.0
92.0,92.0,4.0210811634153465e10,200526.33651007907,1.0,1.0,1.0,2152.1534791864824,9.342976601780877e7,0.0023234986301717132,7.965975296553442,8.52616423660425e-8,1.0,1.0796156745521697e-6,1.0
93.0,93.0,4.071727097206971e10,201785.20999337317,1.0,1.0,1.0,344.9823801051687,5.222746705968755e7,0.0012826858503823713,5.428834972529287,1.0394597419349602e-7,1.0,3.71811989351845e-6,1.0
94.0,94.0,4.080517048211489e10,202002.89721218083,1.0,1.0,1.0,158.53620579749156,5.708036473286259e7,0.0013988512807071901,2.9362183776713877,5.144007713105963e-8,1.0,8.823544588256592e-6,1.0
95.0,95.0,4.084346157759561e10,202097.65356776316,1.0,1.0,1.0,54.236995772468646,3.751972904370756e7,0.0009186226563711905,1.6105499663325997,4.292541556053421e-8,1.0,1.6937196525872003e-5,1.0
96.0,96.0,4.116009188901639e10,202879.50090883108,1.0,1.0,1.0,59.892206745912205,4.0920049215335965e7,0.0009941680798702546,1.7375976952123235,4.246323539608981e-8,1.0,1.659928952172244e-5,1.0
97.0,97.0,4.141802748434798e10,203514.1947981712,1.0,1.0,1.0,1627.9116942357457,5.891044349650915e7,0.0014223382126662336,14.8680974303702,2.523847478970556e-7,1.0,8.737195129825377e-7,1.0
98.0,98.0,4.1431152902529305e10,203546.43917919396,1.0,1.0,1.0,1429.437299408548,6.087623063577819e7,0.00146933470172576,8.371863982438724,1.3752270610789418e-7,1.0,1.0279112643371768e-6,1.0
99.0,99.0,4.155450097513258e10,203849.21136745313,1.0,1.0,1.0,1263.405374877107,5.679630910272804e7,0.0013667907868921267,2.6806051443243404,4.719681941789393e-8,1.0,1.0818307520854706e-6,1.0
100.0,100.0,4.157476865310277e10,203898.91773401538,1.0,1.0,1.0,27090.257042064994,3.2306886032143897e8,0.007770791531349577,27.211845391032444,8.422924253348925e-8,1.0,2.8684820226265517e-7,1.0
101.0,101.0,4.182213309687252e10,204504.60409700443,1.0,1.0,1.0,741.4462253909746,5.386549485007315e7,0.0012879662266164723,4.006034260649429,7.437106563456037e-8,1.0,1.737099984476029e-6,1.0
102.0,102.0,4.289850138047924e10,207119.53403887147,1.0,1.0,1.0,1385.3606369629515,5.882868811901057e7,0.0013713459995456144,2.7233669304903643,4.629317789142421e-8,1.0,9.89883762362369e-7,1.0
103.0,103.0,4.295192775578569e10,207248.46864521265,1.0,1.0,1.0,1427.3187438810799,5.3121940743269585e7,0.0012367766350346015,1.8832165429068928,3.5450823455569846e-8,1.0,8.665034634601885e-7,1.0
104.0,104.0,4.296226175072223e10,207273.39856026444,1.0,1.0,1.0,2272.848403928352,8.11825149650344e7,0.0018896238467144323,23.194427563222344,2.857071818138705e-7,1.0,8.31390181346208e-7,1.0
105.0,105.0,4.3589313317902245e10,208780.538647409,1.0,1.0,1.0,55.3304924873415,4.315137305146145e7,0.0009899530388313555,2.095720628915892,4.856671930675024e-8,1.0,1.78916361364005e-5,1.0
106.0,106.0,4.3767993197398926e10,209208.01418062102,1.0,1.0,1.0,304.3298686157034,5.104477704447903e7,0.001166258111554112,2.438409990939408,4.777001937927978e-8,1.0,3.8322170507253754e-6,1.0
107.0,107.0,4.388822564583293e10,209495.16855009552,1.0,1.0,1.0,821.6566569327695,4.632040190268883e7,0.0010554175125029352,1.964041235158153,4.240121313567667e-8,1.0,1.284499436106063e-6,1.0
108.0,108.0,4.406209091841207e10,209909.72087640932,1.0,1.0,1.0,1647.39903274583,6.826539416556476e7,0.001549299921368584,9.21098833460557,1.3492910203178592e-7,1.0,9.404521251819981e-7,1.0
109.0,109.0,4.419015260857514e10,210214.53947949258,1.0,1.0,1.0,77.21520947525559,4.718932896723995e7,0.0010678697885412032,1.7692989357240316,3.7493623546804925e-8,1.0,1.3829785553886415e-5,1.0
110.0,110.0,4.4255702850361984e10,210370.3944246005,1.0,1.0,1.0,131.96047076166454,4.997142604740212e7,0.0011291522410015072,2.0460707669979503,4.0944814441093546e-8,1.0,8.55674608073264e-6,1.0
111.0,111.0,4.444453489929977e10,210818.72521030897,1.0,1.0,1.0,1313.2589970149722,7.235433779209444e7,0.001627969293782486,15.776417589771594,2.1804383822296389e-7,1.0,1.2396406934830433e-6,1.0
112.0,112.0,4.465881467351325e10,211326.32271800228,1.0,1.0,1.0,1017.724049800019,6.793019596681847e7,0.001521092678201522,1.4990422869310436,2.206739233543536e-8,1.0,1.4946022730821918e-6,1.0
113.0,113.0,4.4675921330315186e10,211366.7933482343,1.0,1.0,1.0,961.4464988483555,7.894531411748086e7,0.0017670662784883056,3.082440233414779,3.904525896024314e-8,1.0,1.8379247109484942e-6,1.0
114.0,114.0,4.488762309425026e10,211866.99387646548,1.0,1.0,1.0,62.487885644538856,4.822542994676492e7,0.0010743591840343583,2.4759659801360145,5.134150123565432e-8,1.0,1.7193079473769203e-5,1.0
115.0,115.0,4.5240343602069824e10,212697.77526356457,1.0,1.0,1.0,692.8239274880254,4.653217678283852e7,0.0010285548877574174,4.77868702186404,1.0269639961538317e-7,1.0,1.4845833796281445e-6,1.0
116.0,116.0,4.568466598993628e10,213739.7155185163,1.0,1.0,1.0,16506.7739149903,2.051631730067618e8,0.004490854177527178,9.936422799235729,4.8431805029238956e-8,1.0,2.720612883325977e-7,1.0
117.0,117.0,4.601903452341887e10,214520.47576727698,1.0,1.0,1.0,920.4853339109824,5.7842506291838504e7,0.0012569256795429415,5.38352454546001,9.307211755828806e-8,1.0,1.3655032114444263e-6,1.0
118.0,118.0,4.605762599489768e10,214610.4051412645,1.0,1.0,1.0,573.4922573310115,4.265922731003491e7,0.0009262142015588538,1.6138597390123266,3.7831433918932974e-8,1.0,1.6150422080140764e-6,1.0
119.0,119.0,4.627380165272182e10,215113.46227682222,1.0,1.0,1.0,1017.968196632948,5.780874949468915e7,0.0012492759925760617,4.7167715603477465,8.159269317495049e-8,1.0,1.2272249729492453e-6,1.0
120.0,120.0,4.7555473763547134e10,218072.1755831017,1.0,1.0,1.0,584.9939206193842,5.1974079938182466e7,0.0010929147748287562,1.6232316853270383,3.1231561718027454e-8,1.0,1.8682497993681572e-6,1.0
121.0,121.0,4.786347856060278e10,218777.23501452975,1.0,1.0,1.0,73.75419961896638,7.022138344367929e7,0.0014671182673297342,2.914230250396838,4.150060986305075e-8,1.0,1.989199631897917e-5,1.0
122.0,122.0,4.789161382468548e10,218841.5267372385,1.0,1.0,1.0,45.55976321131511,5.435926798416652e7,0.0011350477390234248,2.177359719120014,4.005498601498607e-8,1.0,2.4913380997149855e-5,1.0
123.0,123.0,4.798898248792832e10,219063.87764286544,1.0,1.0,1.0,931.6337448046861,6.043098240727736e7,0.0012592678402730392,2.2224977811507998,3.67774557456666e-8,1.0,1.3516769302265242e-6,1.0
124.0,124.0,4.8053713717911804e10,219211.57295615532,1.0,1.0,1.0,996.5318613192368,4.855271526736277e7,0.0010103842475148754,5.13778811578395,1.0581875959118216e-7,1.0,1.01390059538819e-6,1.0
125.0,125.0,4.825171764546583e10,219662.73613306793,1.0,1.0,1.0,92.21157879325412,4.755497534629147e7,0.0009855602593407202,1.8562265272257006,3.903327702975607e-8,1.0,1.0688031505787649e-5,1.0
126.0,126.0,4.82670438871732e10,219697.61921143616,1.0,1.0,1.0,224.7858932466258,4.715839366110465e7,0.000977030908169947,1.8410684874820857,3.9040101710554135e-8,1.0,4.346495654413639e-6,1.0
127.0,127.0,4.836294559164256e10,219915.76931098543,1.0,1.0,1.0,525.8386348363682,5.546161496744158e7,0.0011467790911153487,1.8512795657063348,3.337947455718911e-8,1.0,2.1808574249630903e-6,1.0
128.0,128.0,4.8369458986976295e10,219930.5776534411,1.0,1.0,1.0,1289.0563209288293,6.754528827263375e7,0.001396444983835651,3.055673815196859,4.523888917778211e-8,1.0,1.0833079681339622e-6,1.0
129.0,129.0,4.875381654190333e10,220802.6642545405,1.0,1.0,1.0,51.061074857480335,3.655988682333393e7,0.0007498876905354322,1.351332064622132,3.6962151131275875e-8,1.0,1.4686092931425538e-5,1.0
130.0,130.0,4.883214340653858e10,220979.96154977172,1.0,1.0,1.0,135.79424482416061,4.610787124645332e7,0.0009442114984288774,1.7408746108175357,3.775656003699301e-8,1.0,6.9532512195309365e-6,1.0
131.0,131.0,4.89226956883159e10,221184.75464714086,1.0,1.0,1.0,55.995798747429966,4.769213075659147e7,0.000974846746329312,1.5373331478197394,3.223452430057901e-8,1.0,1.7409283698699887e-5,1.0
132.0,132.0,4.896523063671387e10,221280.8862887029,1.0,1.0,1.0,82.6389379112244,5.968881581808294e7,0.0012190040735712197,1.8488642908807809,3.0975053961795315e-8,1.0,1.4750964912941468e-5,1.0
133.0,133.0,4.898639419409823e10,221328.7016952348,1.0,1.0,1.0,240.8803637375726,5.301165898911755e7,0.0010821710813015673,1.701389079448555,3.209462042795407e-8,1.0,4.492566619006521e-6,1.0
134.0,134.0,4.9677854123267944e10,222885.2936451123,1.0,1.0,1.0,2136.6429375176394,7.504779978147797e7,0.0015106892366849073,2.467503354196609,3.287908987846965e-8,1.0,7.070386961520264e-7,1.0
135.0,135.0,4.974191718554646e10,223028.9604189251,1.0,1.0,1.0,157.19079222046489,4.4067626187737554e7,0.000885925364584633,1.7538528740628117,3.979912297955469e-8,1.0,5.6359876559569445e-6,1.0
136.0,136.0,5.040899978249419e10,224519.4864204312,1.0,1.0,1.0,781.2852373476762,6.867770658890957e7,0.0013624096281694832,2.48973304351242,3.625241967089067e-8,1.0,1.7438056717859158e-6,1.0
137.0,137.0,5.099166191530205e10,225813.3342283003,1.0,1.0,1.0,127.54794818769959,5.9004640221051656e7,0.0011571429129395264,1.8480038852399905,3.131963652886846e-8,1.0,9.072218952802555e-6,1.0
138.0,138.0,5.1000531288265884e10,225832.9721016528,1.0,1.0,1.0,133.67718362715766,4.7479826507340334e7,0.000930967294152326,1.7618600393592894,3.7107549985205616e-8,1.0,6.964294645441587e-6,1.0
139.0,139.0,5.1280971729313484e10,226453.02322846893,1.0,1.0,1.0,66.40496554365662,5.478789133140152e7,0.0010683863762634077,2.0347179941346534,3.713809632576031e-8,1.0,1.608895310036745e-5,1.0
140.0,140.0,5.132900227727159e10,226559.0481028546,1.0,1.0,1.0,844.2109353274234,5.946528268635322e7,0.0011585123448295894,1.685563725445921,2.8345341121334197e-8,1.0,1.3723019879862912e-6,1.0
141.0,141.0,5.138880145502757e10,226690.98229754876,1.0,1.0,1.0,626.6199164582536,5.971108610585326e7,0.001161947438295679,5.440749662772897,9.111791475108552e-8,1.0,1.8543097781876676e-6,1.0
142.0,142.0,5.141280665639647e10,226743.9230859263,1.0,1.0,1.0,739.4311648629897,8.459053508912545e7,0.0016453203135644206,2.7846403059469185,3.291905294580944e-8,1.0,2.2251162674071013e-6,1.0
143.0,143.0,5.186799291148464e10,227745.45640140583,1.0,1.0,1.0,5224.582175723564,8.491351613247877e7,0.0016371081952950906,6.1630155249962835,7.2579911842063e-8,1.0,3.1334719987792396e-7,1.0
144.0,144.0,5.20296845204624e10,228100.16335036326,1.0,1.0,1.0,989.2588757593404,6.881717229623821e7,0.001322652118555385,4.624397995948129,6.719831447186423e-8,1.0,1.3370131428339593e-6,1.0
145.0,145.0,5.229089076388529e10,228672.01569909093,1.0,1.0,1.0,904.4856879374106,8.280752044372194e7,0.001583593614455411,2.5592795694384156,3.090636632470815e-8,1.0,1.750822191633168e-6,1.0
146.0,146.0,5.234218206036685e10,228784.1385681421,1.0,1.0,1.0,227.68388803018752,6.027492014911577e7,0.0011515553588905773,1.791065474323699,2.971493727349687e-8,1.0,5.057693668415826e-6,1.0
147.0,147.0,5.238208007970359e10,228871.3177305177,1.0,1.0,1.0,174.36194655489646,4.6237047263508506e7,0.0008826882647362571,2.644560851935613,5.719571214918122e-8,1.0,5.062390516834186e-6,1.0
148.0,148.0,5.274845868215545e10,229670.32608100562,1.0,1.0,1.0,166.70605578332794,5.49953391341282e7,0.0010425961379439185,2.092450657386887,3.804778157292514e-8,1.0,6.254098767107818e-6,1.0
149.0,149.0,5.2767717219348785e10,229712.2487359975,1.0,1.0,1.0,159.38458647780675,5.146413037476171e7,0.0009752957520620394,2.9412987604994374,5.715240371844364e-8,1.0,6.119134689337372e-6,1.0
150.0,150.0,5.392708281680319e10,232222.0549749812,1.0,1.0,1.0,90.65680683109053,5.5735654552773006e7,0.0010335373584776384,2.2641094371366317,4.062228116476763e-8,1.0,1.14005488898732e-5,1.0
151.0,151.0,5.417997654401638e10,232765.92650990904,1.0,1.0,1.0,758.5884322490764,4.477858103157738e7,0.0008264784123194982,2.4873035016689933,5.5546724446560136e-8,1.0,1.0894951427998188e-6,1.0
152.0,152.0,5.4283814629788864e10,232988.8723303945,1.0,1.0,1.0,1069.8888900164895,5.594495490857132e7,0.0010306010239658572,1.6011946255782032,2.862089400610906e-8,1.0,9.632785549815114e-7,1.0
153.0,153.0,5.4330912736293e10,233089.92414150597,1.0,1.0,1.0,539.6039288809403,5.554306827942314e7,0.0010223106037150636,6.883058010157422,1.2392289845297159e-7,1.0,1.8945573762503664e-6,1.0
154.0,154.0,5.455992534667622e10,233580.661328536,1.0,1.0,1.0,59.257376637251824,4.074035149979755e7,0.0007467083418997351,1.908377194000698,4.6842433208024263e-8,1.0,1.260110359712281e-5,1.0
155.0,155.0,5.5532427981686035e10,235653.19429552834,1.0,1.0,1.0,1080.2213685130528,8.029688239547093e7,0.0014459458295700371,2.6774053066408667,3.3343826290791415e-8,1.0,1.3385643644139457e-6,1.0
156.0,156.0,5.5561635576796524e10,235715.15771540132,1.0,1.0,1.0,722.1451800646602,5.896206416635748e7,0.001061201014333904,3.545441268801053,6.013088786711791e-8,1.0,1.4695120089825775e-6,1.0
157.0,157.0,5.5644450010908745e10,235890.7586382068,1.0,1.0,1.0,386.48851441071366,5.059953553240825e7,0.0009093366107388984,2.514606419845289,4.96962351739751e-8,1.0,2.3528166474115827e-6,1.0
158.0,158.0,5.5952006463037155e10,236541.76473307447,1.0,1.0,1.0,67.05891719563587,5.144467631203295e7,0.0009194429241952531,1.5578129062710424,3.0281323825212074e-8,1.0,1.3710971823671044e-5,1.0
159.0,159.0,5.5985194270680954e10,236611.90644319012,1.0,1.0,1.0,116.54872651124573,5.676166576908609e7,0.0010138692308925895,2.044779280979125,3.6023947678798034e-8,1.0,8.699101751186974e-6,1.0
160.0,160.0,5.654170475632869e10,237784.99691176627,1.0,1.0,1.0,545.3779990912109,5.948957455970831e7,0.001052136201860366,1.8179839200869183,3.055970619292713e-8,1.0,1.9291871025483066e-6,1.0
161.0,161.0,5.655427843743522e10,237811.43462297018,1.0,1.0,1.0,707.4626928023151,6.534017052846942e7,0.0011553532706456249,1.7900731536720764,2.7396211829320086e-8,1.0,1.6330942711186367e-6,1.0
162.0,162.0,5.671329328182157e10,238145.52962804397,1.0,1.0,1.0,325.6270919068261,5.2912442517856255e7,0.0009329813090180584,2.5686866983922285,4.8545986008955467e-8,1.0,2.8651833100085503e-6,1.0
163.0,163.0,5.732254439018079e10,239421.26971132032,1.0,1.0,1.0,79.15020040689986,4.593888987755778e7,0.0008014105188309399,1.542715415082735,3.358190443270475e-8,1.0,1.0125186224557905e-5,1.0
164.0,164.0,5.777397507423908e10,240362.17479927884,1.0,1.0,1.0,730.4799385884374,5.954716385394703e7,0.0010306918220585105,1.9243247641816732,3.2315976776014345e-8,1.0,1.410978957273208e-6,1.0
165.0,165.0,5.822505978936476e10,241298.69413108053,1.0,1.0,1.0,617.116558873729,6.265336059101165e7,0.0010760548963787463,2.407349437082731,3.842330899764256e-8,1.0,1.743681774384088e-6,1.0
166.0,166.0,5.82455668581792e10,241341.18351035574,1.0,1.0,1.0,507.4026969733934,5.3260440886983484e7,0.0009144119271182104,2.2864139866805075,4.292893453693482e-8,1.0,1.8021424256760686e-6,1.0
167.0,167.0,5.846801971858519e10,241801.6123159339,1.0,1.0,1.0,666.013686549564,6.04235987316271e7,0.0010334469827862059,2.209222773791604,3.656225084513621e-8,1.0,1.551690308558393e-6,1.0
168.0,168.0,5.867947041465508e10,242238.45775321283,1.0,1.0,1.0,822.8674468032511,7.274724622129968e7,0.0012397393115360824,2.8300374010481746,3.8902330284769975e-8,1.0,1.506608769556181e-6,1.0
169.0,169.0,6.0065395457923584e10,245082.42584470144,1.0,1.0,1.0,87.25123221190509,5.7110445652645536e7,0.0009508044556705473,1.8517636974660105,3.24242557785089e-8,1.0,1.0897318370946901e-5,1.0
170.0,170.0,6.033171960427121e10,245625.16077200073,1.0,1.0,1.0,83.18132466434206,6.229400996224742e7,0.0010325250225167886,2.148021111561682,3.448198481097957e-8,1.0,1.2412942769104621e-5,1.0
171.0,171.0,6.036531282452978e10,245693.5343563802,1.0,1.0,1.0,927.2759563035344,5.488134401553134e7,0.0009091536419058279,2.1458920126162306,3.910057326600723e-8,1.0,9.804563956667779e-7,1.0
172.0,172.0,6.041540386736487e10,245795.45127476397,1.0,1.0,1.0,233.70706901704622,6.883441711468174e7,0.0011393521002427203,3.091217637459164,4.490802362337107e-8,1.0,4.875128959661968e-6,1.0
173.0,173.0,6.0484320188577675e10,245935.60171023975,1.0,1.0,1.0,772.0822692805095,1.0847990684825827e8,0.0017935211352902221,2.6884649156300973,2.478306806983825e-8,1.0,2.3229663555952067e-6,1.0
174.0,174.0,6.052599456908109e10,246020.31332611764,1.0,1.0,1.0,141.57163253968363,6.10377336910894e7,0.0010084548666820252,2.1810321548523386,3.5732521829398266e-8,1.0,7.1232834473343195e-6,1.0
175.0,175.0,6.054139360474733e10,246051.6076044766,1.0,1.0,1.0,730.4937282696238,6.2262840432705306e7,0.0010284342125718947,6.2659845150484665,1.0063762701420098e-7,1.0,1.4078617964428322e-6,1.0
176.0,176.0,6.0597051774557686e10,246164.68425539372,1.0,1.0,1.0,1255.4201217965108,5.849146793521093e7,0.0009652527021059113,3.890688050848992,6.651718936468123e-8,1.0,7.688682739325789e-7,1.0
177.0,177.0,6.098319674121786e10,246947.76115854515,1.0,1.0,1.0,397.0868881469704,6.4764619007568695e7,0.0010620076092922976,5.898568262918179,9.107701632937646e-8,1.0,2.674496794009541e-6,1.0
178.0,178.0,6.1100318470764015e10,247184.78608272804,1.0,1.0,1.0,36.46270472367945,6.267316976808618e7,0.0010257421161535818,2.165294776880236,3.454899086897574e-8,1.0,2.8131267933271248e-5,1.0
179.0,179.0,6.1117738760277466e10,247220.02095355763,1.0,1.0,1.0,42.02772754343401,6.730987170226139e7,0.0011013148220975824,1.9518939180516488,2.899862781919508e-8,1.0,2.620448181404566e-5,1.0
180.0,180.0,6.170846102783937e10,248411.87779137972,1.0,1.0,1.0,83.03908144416873,5.549906033870418e7,0.0008993752129679249,2.046069696352154,3.686674483973662e-8,1.0,1.0830746165859495e-5,1.0
181.0,181.0,6.2134519313652084e10,249267.96688233345,1.0,1.0,1.0,66.54644905920232,7.727049968183069e7,0.0012436001889324186,2.1206592577149395,2.744461675382352e-8,1.0,1.8687701695789407e-5,1.0
182.0,182.0,6.218146470889761e10,249362.11562484308,1.0,1.0,1.0,82.43926914066822,7.102560523538688e7,0.001142231139002951,2.828498318152994,3.982364258391166e-8,1.0,1.385542534412736e-5,1.0
183.0,183.0,6.24254891299382e10,249850.93381842342,1.0,1.0,1.0,279.87905988194495,4.787824780625983e7,0.0007669663212715878,1.4870720077896857,3.105944924733145e-8,1.0,2.7403490693269436e-6,1.0
184.0,184.0,6.2502593585567116e10,250005.18711732185,1.0,1.0,1.0,271.95256189335294,5.107469060012156e7,0.0008171611428883864,1.462869065393251,2.864176057171217e-8,1.0,3.0047929580043403e-6,1.0
185.0,185.0,6.283556278237924e10,250670.22715587754,1.0,1.0,1.0,394.7229455361592,6.331163277159921e7,0.0010075764452067862,2.5781659014904452,4.0721835468542994e-8,1.0,2.552616858485835e-6,1.0
186.0,186.0,6.293572098992735e10,250869.92842891184,1.0,1.0,1.0,426.9610109083571,5.637190966315372e7,0.0008957061077239168,2.332675938412737,4.13801120355946e-8,1.0,2.09786393801698e-6,1.0
187.0,187.0,6.353296403771968e10,252057.46177750756,1.0,1.0,1.0,309.17560253889746,7.821967465788768e7,0.001231166784755235,4.16759986806681,5.3280710573836465e-8,1.0,3.982095529676672e-6,1.0
188.0,188.0,6.367589931730257e10,252340.83957477545,1.0,1.0,1.0,482.7385868809431,6.6787774051465765e7,0.001048870528302849,1.6659642821331577,2.4944150380194993e-8,1.0,2.1727505461698883e-6,1.0
189.0,189.0,6.376055739125214e10,252508.5293435692,1.0,1.0,1.0,400.40297383047596,5.6839785169004425e7,0.0008914568423266981,1.4521415660295538,2.5547977736225296e-8,1.0,2.226399154328275e-6,1.0
190.0,190.0,6.39799598472785e10,252942.60188287482,1.0,1.0,1.0,125.92039287334917,6.345222504495889e7,0.000991751561765403,1.8085412218844674,2.850240821386135e-8,1.0,7.876020230995526e-6,1.0
191.0,191.0,6.42132519020704e10,253403.3383798848,1.0,1.0,1.0,227.0426530821208,7.196152139670034e7,0.0011206646533580475,2.292681111542201,3.185981977445426e-8,1.0,4.93592123834417e-6,1.0
192.0,192.0,6.427165295615935e10,253518.54558623387,1.0,1.0,1.0,302.61864361502643,4.867336767017816e7,0.0007573069219698636,1.7629436538500443,3.621988241693389e-8,1.0,2.5025124457740444e-6,1.0
193.0,193.0,6.5157095873853004e10,255258.88010773103,1.0,1.0,1.0,488.9357115719973,4.882010476869294e7,0.0007492676595894287,1.947628092379044,3.989397609052259e-8,1.0,1.5324461720753175e-6,1.0
194.0,194.0,6.521986032655066e10,255381.79325580486,1.0,1.0,1.0,412.5649382663319,5.0559943751255e7,0.0007752231230369673,1.7648563492170826,3.490621658867947e-8,1.0,1.8790329742866344e-6,1.0
195.0,195.0,6.571048905168604e10,256340.57238698294,1.0,1.0,1.0,74.37857476345079,5.84356601044541e7,0.0008892896836079845,2.260089150332576,3.8676540083446525e-8,1.0,1.1956261415820735e-5,1.0
196.0,196.0,6.576724999025085e10,256451.26240720839,1.0,1.0,1.0,67.31331791709115,5.827775978296374e7,0.0008861212815752432,1.8899361216300488,3.242980043485706e-8,1.0,1.3164130204763729e-5,1.0
197.0,197.0,6.6219176425808495e10,257330.8695547592,1.0,1.0,1.0,217.05450190592708,4.888811159060325e7,0.0007382772517173188,1.526779817510467,3.123008371229312e-8,1.0,3.401345031937155e-6,1.0
198.0,198.0,6.623188411284632e10,257355.55970844367,1.0,1.0,1.0,69.7751744838931,4.982175182225631e7,0.0007522321391269961,1.4322309635732866,2.8747101616682114e-8,1.0,1.078079911216333e-5,1.0
199.0,199.0,6.629650621191965e10,257481.07932801518,1.0,1.0,1.0,84.09218946809001,6.062076529415621e7,0.0009143885369193149,2.445541432297535,4.034164563033343e-8,1.0,1.08736440649615e-5,1.0
200.0,200.0,6.643204303661485e10,257744.1425844918,1.0,1.0,1.0,1206.4769487245728,7.09190930565522e7,0.0010675434588888367,3.093905913654762,4.362585278956718e-8,1.0,8.848436433181673e-7,1.0
201.0,201.0,6.707361939088363e10,258985.75132791308,1.0,1.0,1.0,108.77221675128358,4.10358381657756e7,0.0006118029490092137,1.3005053872562327,3.1691941614607267e-8,1.0,5.624625178028231e-6,1.0
202.0,202.0,6.7439873868380974e10,259691.88256158677,1.0,1.0,1.0,603.7339807946269,6.365334180227817e7,0.0009438532142467383,4.815510395749301,7.565212225160742e-8,1.0,1.563359433577767e-6,1.0
203.0,203.0,6.873620757558403e10,262175.9096019007,1.0,1.0,1.0,451.90728631341887,6.489519236307534e7,0.0009441194780157644,4.16867141950109,6.423698373080498e-8,1.0,2.0891884388891517e-6,1.0
204.0,204.0,6.881989869015787e10,262335.4697522961,1.0,1.0,1.0,257.4933234755415,6.212889280889065e7,0.0009027751276374659,1.967592808930793,3.166952957788062e-8,1.0,3.5060137305782135e-6,1.0
205.0,205.0,6.897771875968306e10,262636.0956907543,1.0,1.0,1.0,138.6047927783467,5.663673522719806e7,0.000821087393904195,1.549122681456036,2.7351906361211462e-8,1.0,5.923946621508661e-6,1.0
206.0,206.0,6.904332573462683e10,262760.9669159916,1.0,1.0,1.0,388.96502518948637,5.968034886292259e7,0.000864389835712125,1.8034691968949126,3.021881117407984e-8,1.0,2.2222816441941867e-6,1.0
207.0,207.0,6.9046975204843e10,262767.9112921572,1.0,1.0,1.0,81.15122005141639,5.988620542019665e7,0.0008673255468074219,1.8702235628207335,3.1229622021082955e-8,1.0,1.0687769651003341e-5,1.0
208.0,208.0,6.925005529433682e10,263154.0523996103,1.0,1.0,1.0,639.3725174743685,7.88803381958325e7,0.001139065347780791,2.5248785889353584,3.200897261325958e-8,1.0,1.7815362979320652e-6,1.0
209.0,209.0,6.937297155393645e10,263387.4931615707,1.0,1.0,1.0,102.70240302453931,5.787389129580362e7,0.0008342426459801424,1.84879041613193,3.1945154767525434e-8,1.0,8.122912623386346e-6,1.0
210.0,210.0,7.007335275051686e10,264713.71847812657,1.0,1.0,1.0,905.3723470454659,9.26170110082231e7,0.0013217151355823882,2.287777923823215,2.4701487328500507e-8,1.0,1.4598580792704668e-6,1.0
211.0,211.0,7.035693232988336e10,265248.8121177612,1.0,1.0,1.0,808.5421898701632,1.0381621402828294e8,0.0014755648189467346,5.021081594153142,4.8365100162403747e-8,1.0,1.824969478937992e-6,1.0
212.0,212.0,7.03705078824518e10,265274.4011065746,1.0,1.0,1.0,578.0614403055572,8.063814850502624e7,0.0011459082929234617,1.634842301966178,2.0273807511280775e-8,1.0,1.982329581294588e-6,1.0
213.0,213.0,7.088049964391776e10,266233.9190334653,1.0,1.0,1.0,1347.3338817248152,9.240296427010141e7,0.0013036443655095782,2.442915886460749,2.643763547801244e-8,1.0,9.675733559380937e-7,1.0
214.0,214.0,7.089604270649423e10,266263.10804633494,1.0,1.0,1.0,601.8652693273197,6.042068742596513e7,0.0008522434382921978,4.11183801977418,6.805347961015026e-8,1.0,1.4160036834235603e-6,1.0
215.0,215.0,7.193085811229277e10,268199.28805329214,1.0,1.0,1.0,99.93625236743532,5.188899220502736e7,0.0007213731863373734,1.583169475157504,3.0510699950088714e-8,1.0,7.218333380014119e-6,1.0
216.0,216.0,7.209941441769482e10,268513.3412285036,1.0,1.0,1.0,407.6218506779652,6.6856214106754616e7,0.0009272781824907682,1.5958493147735493,2.386987262283997e-8,1.0,2.2748490566648958e-6,1.0
217.0,217.0,7.293354896367986e10,270062.1205642877,1.0,1.0,1.0,420.2298551091005,6.791629806694415e7,0.0009312079110692372,2.139209163449293,3.1497729180420054e-8,1.0,2.2159489616164374e-6,1.0
218.0,218.0,7.297573090868405e10,270140.20602028875,1.0,1.0,1.0,144.90458761643524,6.083772633801914e7,0.0008336706693456893,1.648631748194327,2.7098838909108145e-8,1.0,5.7532386176235425e-6,1.0
219.0,219.0,7.32334310251923e10,270616.76042919495,1.0,1.0,1.0,63.00800317919275,5.437579416248532e7,0.00074249961284917,1.8182586900221778,3.3438751880577784e-8,1.0,1.1784211138028369e-5,1.0
220.0,220.0,7.345428277758878e10,271024.5058617187,1.0,1.0,1.0,223.11512598333172,6.499059617679254e7,0.0008847761310451807,2.187153144104439,3.365337868504503e-8,1.0,3.9655587094139e-6,1.0
221.0,221.0,7.358357248611798e10,271262.92132563563,1.0,1.0,1.0,495.62943993906873,7.127299027706838e7,0.000968599210140507,5.849238866436061,8.206809962227747e-8,1.0,1.9542810254765816e-6,1.0
222.0,222.0,7.366681557258577e10,271416.31412386725,1.0,1.0,1.0,190.4112581913516,6.852921992455183e7,0.0009302590213020606,1.772365556247933,2.586291742703686e-8,1.0,4.8855253105213324e-6,1.0
223.0,223.0,7.371559058943437e10,271506.15202870517,1.0,1.0,1.0,571.1948147657962,1.0407495484735304e8,0.001411844544957762,6.818277411848428,6.551314311736969e-8,1.0,2.471739078262909e-6,1.0
224.0,224.0,7.372245304069235e10,271518.78948001435,1.0,1.0,1.0,955.7121740399035,1.4836272036833897e8,0.0020124495901269845,7.420067583675896,5.001301919664027e-8,1.0,2.105706764851736e-6,1.0
225.0,225.0,7.383856132729767e10,271732.51797916583,1.0,1.0,1.0,357.53485431228626,6.628802101938425e7,0.0008977425862387501,3.5167525109359254,5.305260976048056e-8,1.0,2.5109232719857386e-6,1.0
226.0,226.0,7.431418456518834e10,272606.28122841986,1.0,1.0,1.0,337.38775146125073,4.784523978342351e7,0.0006438237887940259,2.3439058318260995,4.8989321368179635e-8,1.0,1.908260705984668e-6,1.0
227.0,227.0,7.432586650195425e10,272627.70677602495,1.0,1.0,1.0,385.74985618963063,5.745127507868958e7,0.0007729647529601868,1.9478881003559705,3.390504558320066e-8,1.0,2.003797903116276e-6,1.0
228.0,228.0,7.466568648666309e10,273250.2268739462,1.0,1.0,1.0,28.508532411409973,7.110016077834074e7,0.0009522467962500739,2.0712216309793496,2.9131040046962965e-8,1.0,3.3402168252931745e-5,1.0
229.0,229.0,7.466620769561235e10,273251.1805932636,1.0,1.0,1.0,24.468925585800015,6.335559636311913e7,0.0008485176687543486,1.5802982336154037,2.4943309213409947e-8,1.0,3.4677357033067546e-5,1.0
230.0,230.0,7.559917387220793e10,274953.0393943808,1.0,1.0,1.0,26.986037690343824,6.42957521877371e7,0.000850482206087469,2.922012111027267,4.54464254885033e-8,1.0,3.151563841444532e-5,1.0
231.0,231.0,7.560178081714256e10,274957.7800629445,1.0,1.0,1.0,33.472518383344934,7.360784009052484e7,0.0009736257432540466,2.225054927919065,3.022850453406368e-8,1.0,2.90873167086973e-5,1.0
232.0,232.0,7.664960542247887e10,276856.6513964923,1.0,1.0,1.0,181.63759722643397,4.7353928969661504e7,0.0006177974259976684,5.474808933178554,1.1561467131240852e-7,1.0,3.401264030307044e-6,1.0
233.0,233.0,7.711773677204968e10,277700.80441376055,1.0,1.0,1.0,104.68286612101919,5.337947280550878e7,0.0006921815268342927,2.5218371923122556,4.724357622452954e-8,1.0,6.612175922219139e-6,1.0
234.0,234.0,7.722699474087845e10,277897.4536423075,1.0,1.0,1.0,32.91180691345834,6.4266410978651166e7,0.0008321754741358834,2.376220354013037,3.69745302068043e-8,1.0,2.5285013257524584e-5,1.0
235.0,235.0,7.72755717952409e10,277984.8409450431,1.0,1.0,1.0,57.828069364733906,5.0755996614843965e7,0.0006568181295308838,1.6717213424171553,3.2936430252819584e-8,1.0,1.1358119625059458e-5,1.0
236.0,236.0,7.768493324450922e10,278720.1701429396,1.0,1.0,1.0,427.7542640043013,6.746818799984418e7,0.0008684848541605851,2.2211234053721514,3.2921047255297285e-8,1.0,2.0303359364100975e-6,1.0
237.0,237.0,7.786472045906519e10,279042.50654526666,1.0,1.0,1.0,517.4725069038263,7.964441368567395e7,0.0010228562185792547,2.9037378452335134,3.6458776088093965e-8,1.0,1.976638768114023e-6,1.0
238.0,238.0,7.812316591889516e10,279505.2162641963,1.0,1.0,1.0,1210.8969966214058,1.4482934838006356e8,0.0018538591763546462,7.575758047276385,5.230816911083488e-8,1.0,1.5309800763625697e-6,1.0
239.0,239.0,7.834789595937015e10,279906.94160625985,1.0,1.0,1.0,72.51996490142709,6.581612078611521e7,0.0008400496266034572,2.171832474916107,3.2998488044805646e-8,1.0,1.1583701505444692e-5,1.0
240.0,240.0,7.836529268583931e10,279938.0157924952,1.0,1.0,1.0,408.4765599461852,5.505255284938084e7,0.0007025119285969066,1.4287804093185221,2.5953027317720834e-8,1.0,1.7198341287672886e-6,1.0
241.0,241.0,7.837239834795241e10,279950.70699670044,1.0,1.0,1.0,166.955208733754,6.372507919495938e7,0.0008131061529980359,1.835653873086096,2.8805831120468952e-8,1.0,4.870205363252299e-6,1.0
242.0,242.0,7.851739902926079e10,280209.56270131253,1.0,1.0,1.0,921.5348147648169,6.538703836941187e7,0.0008327713252690161,1.4236192666141658,2.1772193701415397e-8,1.0,9.036786369070017e-7,1.0
243.0,243.0,7.85542864406612e10,280275.3760869142,1.0,1.0,1.0,444.0498318037976,7.597783168801361e7,0.0009672016003616098,2.1978040481520993,2.8926911960016207e-8,1.0,2.178137522162075e-6,1.0
244.0,244.0,7.878067313669463e10,280678.95029142214,1.0,1.0,1.0,192.0449611824058,6.2970999242981896e7,0.0007993204040867879,1.7502998786608304,2.7795332660299947e-8,1.0,4.162152441623225e-6,1.0
245.0,245.0,7.930003221697273e10,281602.614009481,1.0,1.0,1.0,429.6626054108091,6.871483214130306e7,0.0008665170779755323,2.180517868155577,3.1732855896503874e-8,1.0,2.0167384060501095e-6,1.0
246.0,246.0,7.956107480275453e10,282065.7278060462,1.0,1.0,1.0,496.54091774909637,4.789686372525073e7,0.0006020137834975702,2.4035528589544835,5.018184223380278e-8,1.0,1.2124152551749413e-6,1.0
247.0,247.0,7.971139658002893e10,282332.0679271643,1.0,1.0,1.0,743.860919361004,6.803142268185994e7,0.0008534717181904273,3.0582222421565137,4.495308376039541e-8,1.0,1.1473538883096344e-6,1.0
248.0,248.0,7.97383191771447e10,282379.74285905267,1.0,1.0,1.0,687.6457419270855,7.063821080875108e7,0.0008858753428278238,1.7637110081552085,2.4968228770839914e-8,1.0,1.2882728544863985e-6,1.0
249.0,249.0,7.974832785589392e10,282397.46432270587,1.0,1.0,1.0,99.62935787404189,6.045761608859306e7,0.00075810512500255,1.7206737026954952,2.846082617902207e-8,1.0,7.609254352125779e-6,1.0
250.0,250.0,7.98010344250884e10,282490.7687431368,1.0,1.0,1.0,60.10053704812952,6.3789849519379415e7,0.0007993611858899943,1.2587553789736634,1.9732847599699267e-8,1.0,1.3300400048835712e-5,1.0
251.0,251.0,7.986141811722577e10,282597.62581668264,1.0,1.0,1.0,88.5048972135761,6.961127209693153e7,0.0008716508358834069,2.1278595088049093,3.0567743480422695e-8,1.0,9.848617006807857e-6,1.0
252.0,252.0,8.182690595980109e10,286054.0262953855,1.0,1.0,1.0,58.08562749891262,6.141402515269575e7,0.0007505358349483399,1.8945479915133758,3.0848783902086404e-8,1.0,1.292119698564658e-5,1.0
253.0,253.0,8.194591451999257e10,286261.9683436704,1.0,1.0,1.0,1272.7439726324876,8.074276989429292e7,0.0009853178246122423,6.099475047352215,7.554205819201737e-8,1.0,7.741681326325626e-7,1.0
254.0,254.0,8.2079638367474e10,286495.44214083755,1.0,1.0,1.0,787.9547149558099,6.315061961386208e7,0.0007693822850903387,3.2872717599335046,5.205446556451065e-8,1.0,9.764295720135227e-7,1.0
255.0,255.0,8.248937012804652e10,287209.62749888195,1.0,1.0,1.0,125.15825430783815,8.54869568826721e7,0.0010363390673659317,1.9961838092533108,2.3350741229985273e-8,1.0,8.280229483042814e-6,1.0
256.0,256.0,8.256171623522136e10,287335.54641780985,1.0,1.0,1.0,52.39487669373534,5.668294112257713e7,0.0006865523613575437,2.72515314172485,4.8077130123388013e-8,1.0,1.3103425462200433e-5,1.0
257.0,257.0,8.297553713160147e10,288054.7467611,1.0,1.0,1.0,303.6807318414106,6.587128318705229e7,0.0007938638968743017,7.4187229008740685,1.12624538866699e-7,1.0,2.6141398305404396e-6,1.0
258.0,258.0,8.473544562478929e10,291093.5341514636,1.0,1.0,1.0,312.4376475565565,6.753620488154767e7,0.0007970242488745947,1.4553087006456262,2.1548570914728127e-8,1.0,2.550986589189191e-6,1.0
259.0,259.0,8.492479390091478e10,291418.5888046862,1.0,1.0,1.0,329.83327053112305,6.81076135495325e7,0.0008019756126839089,6.290366650518955,9.235922852248266e-8,1.0,2.4314576009645895e-6,1.0
260.0,260.0,8.53424326128165e10,292134.27154789027,1.0,1.0,1.0,174.0110590915817,6.740033131008027e7,0.000789763416943501,3.6147956089290503,5.3631718697329723e-8,1.0,4.538581749151069e-6,1.0
261.0,261.0,8.564356736826138e10,292649.2223947663,1.0,1.0,1.0,81.0204196280991,6.078619530460982e7,0.0007097578621631736,2.5072934065625763,4.12477437352035e-8,1.0,8.760234338715014e-6,1.0
262.0,262.0,8.572375781900916e10,292786.19813612994,1.0,1.0,1.0,353.7000799014581,7.007612610245565e7,0.0008174644692219182,3.69757167063516,5.276506953112351e-8,1.0,2.311179769735043e-6,1.0
263.0,263.0,8.588647355964043e10,293063.94107709744,1.0,1.0,1.0,163.72392688488037,7.223227952639458e7,0.0008410204371990567,2.8767146987688315,3.9825888328384965e-8,1.0,5.136820580845252e-6,1.0
264.0,264.0,8.617345487995967e10,293553.15511838684,1.0,1.0,1.0,144.08656481170058,7.159900775768949e7,0.0008308708061383016,1.6227570288389965,2.2664518348707394e-8,1.0,5.766469672062239e-6,1.0
265.0,265.0,8.61826746294081e10,293568.8584121417,1.0,1.0,1.0,352.62270159693134,4.634640704642906e7,0.0005377694209994369,4.1828447466620835,9.025175872795876e-8,1.0,1.5250561536850208e-6,1.0
266.0,266.0,8.620362846559492e10,293604.5443544683,1.0,1.0,1.0,399.98316669230286,7.399906920404899e7,0.000858421747038593,1.4070769680993604,1.901479276006393e-8,1.0,2.1461446843810695e-6,1.0
267.0,267.0,8.65265611573249e10,294153.97525331,1.0,1.0,1.0,302.28409666762127,6.523448608357039e7,0.0007539244038058691,2.915166067432348,4.468749954890111e-8,1.0,2.494092187174677e-6,1.0
268.0,268.0,8.689627922493698e10,294781.74845966464,1.0,1.0,1.0,24.82895334477679,8.925750159485503e7,0.0010271728832289037,1.7164055086494734,1.9229817958954748e-8,1.0,4.136996308162896e-5,1.0
269.0,269.0,8.689872922885681e10,294785.9040538689,1.0,1.0,1.0,32.66574117750382,8.844346529213884e7,0.0010177762790588728,2.2084476930671992,2.4970162417002148e-8,1.0,3.115729943270943e-5,1.0
270.0,270.0,8.751721582991766e10,295833.0877875524,1.0,1.0,1.0,764.5717837004954,1.146567271124981e8,0.0013101048274300187,3.5222660314123817,3.0720099204963605e-8,1.0,1.7135144866178112e-6,1.0
271.0,271.0,8.754612187042978e10,295881.93907440477,1.0,1.0,1.0,816.0070999054294,8.66237430183165e7,0.0009894640798351804,6.081421467276445,7.020501833995483e-8,1.0,1.212567978820103e-6,1.0
272.0,272.0,8.773949206168037e10,296208.5280029601,1.0,1.0,1.0,589.5490120963653,8.914401673770492e7,0.0010160078980676337,1.7233843212148492,1.9332585416367974e-8,1.0,1.7233646011123518e-6,1.0
273.0,273.0,8.77859177070875e10,296286.88412936457,1.0,1.0,1.0,18.881018343948057,6.890720028978229e7,0.0007849459459116535,1.4588765560302097,2.1171612689168205e-8,1.0,4.1573284428445704e-5,1.0
274.0,274.0,8.778815872999953e10,296290.6659515273,1.0,1.0,1.0,26.376454807686322,7.228257166953838e7,0.0008233749598391754,2.569266949035004,3.554476396857024e-8,1.0,3.12162861098087e-5,1.0
275.0,275.0,8.794286317960416e10,296551.61975548905,1.0,1.0,1.0,66.24242101284408,5.5226449540755525e7,0.0006279810277340328,1.583878726649163,2.8679713037518445e-8,1.0,9.480043424322768e-6,1.0
276.0,276.0,8.83113009433228e10,297172.1739048305,1.0,1.0,1.0,489.55291782939753,1.182716754763196e8,0.001339258672435602,5.6793239524752765,4.8019307417997984e-8,1.0,2.7356770303273226e-6,1.0
277.0,277.0,8.839038773692197e10,297305.2097372698,1.0,1.0,1.0,345.03461049935737,8.958049569900177e7,0.0010134642231381765,2.14878568133577,2.3987204631640758e-8,1.0,2.9372827893161868e-6,1.0
278.0,278.0,8.873805238463597e10,297889.3290882303,1.0,1.0,1.0,1592.0314432724495,7.133864101286004e7,0.0008039239000128018,1.677248614743632,2.3511081619229538e-8,1.0,5.049673506198607e-7,1.0
279.0,279.0,8.932983157593741e10,298880.9655631108,1.0,1.0,1.0,28.095590695594918,7.726802361863391e7,0.0008649744706187822,2.176553281148562,2.8168874713373744e-8,1.0,3.0786840539871646e-5,1.0
280.0,280.0,8.933815750821484e10,298894.8937473085,1.0,1.0,1.0,26.59941961482519,7.543934451011765e7,0.0008444246739269446,1.6372152600752956,2.170240569327573e-8,1.0,3.1745981158788305e-5,1.0
281.0,281.0,8.94738839176095e10,299121.8546305326,1.0,1.0,1.0,654.5730547272874,5.804941083511295e7,0.0006487860852283956,1.8665620394227218,3.215471115417508e-8,1.0,9.911591693897287e-7,1.0
282.0,282.0,8.974555913724861e10,299575.63174805895,1.0,1.0,1.0,560.4418218348213,7.419111308256128e7,0.0008266828317993271,1.407231429754664,1.8967654902126485e-8,1.0,1.4750555715004704e-6,1.0
283.0,283.0,9.004305457174786e10,300071.74903970526,1.0,1.0,1.0,531.5214890364113,6.032244482932652e7,0.0006699289046289477,2.0893079417618576,3.4635664130953066e-8,1.0,1.2603985322276499e-6,1.0
284.0,284.0,9.018922700861131e10,300315.2127492234,1.0,1.0,1.0,940.4745314962587,6.403150857021407e7,0.0007099684829444924,6.583794368327704,1.0282116577190522e-7,1.0,7.549045286903835e-7,1.0
285.0,285.0,9.097714122974454e10,301624.17215757846,1.0,1.0,1.0,144.96927162257361,7.190890270980102e7,0.0007904062701306123,1.8894715097489978,2.6275905130350287e-8,1.0,5.452233161441474e-6,1.0
286.0,286.0,9.130065885895082e10,302159.9888452322,1.0,1.0,1.0,47.327318697022086,7.957712564141533e7,0.0008715942094167674,1.8766583485868464,2.358288683413005e-8,1.0,1.8416302326284322e-5,1.0
287.0,287.0,9.137426403135747e10,302281.7626509371,1.0,1.0,1.0,75.64629717308017,5.904205519511989e7,0.000646156287617867,1.5514027184817671,2.6276231618799705e-8,1.0,8.541809867301886e-6,1.0
288.0,288.0,9.144145673622266e10,302392.8847314742,1.0,1.0,1.0,382.8330091752979,6.415700575912035e7,0.0007016183727391221,3.737931801051308,5.8262254267505225e-8,1.0,1.8327008275763741e-6,1.0
289.0,289.0,9.152442361100543e10,302530.03753512714,1.0,1.0,1.0,784.0849780535295,1.3915510517912465e8,0.00152041498703665,2.5945804716199334,1.8645240972773903e-8,1.0,1.9390946512086487e-6,1.0
290.0,290.0,9.156548187934749e10,302597.88809465856,1.0,1.0,1.0,284.69176341302955,6.955599668217339e7,0.0007596311995483725,1.4606450171238372,2.099955551700109e-8,1.0,2.6682584365684755e-6,1.0
291.0,291.0,9.158242414643575e10,302625.8814880772,1.0,1.0,1.0,392.4807234757158,9.553079890219885e7,0.001043112800110608,3.483082876535294,3.646031349639559e-8,1.0,2.6577427570787414e-6,1.0
292.0,292.0,9.188838113722086e10,303130.96367283375,1.0,1.0,1.0,48.423630646730764,7.377955317716986e7,0.0008029258150432982,1.868110490732875,2.5320165367373255e-8,1.0,1.6581280757342518e-5,1.0
293.0,293.0,9.193200620737334e10,303202.9125971143,1.0,1.0,1.0,37.51642422131391,6.354071633130033e7,0.000691170779753366,2.146559421132224,3.378242396772219e-8,1.0,1.842315183547521e-5,1.0
294.0,294.0,9.312527684132559e10,305164.34398750716,1.0,1.0,1.0,58.73700336455614,6.592032666308277e7,0.000707867174507916,1.855225273019374,2.8143447809374282e-8,1.0,1.205146898820287e-5,1.0
295.0,295.0,9.341337191343423e10,305636.01213442476,1.0,1.0,1.0,1317.335112077957,8.453061707362461e7,0.0009049091733823252,1.6322359564504962,1.9309405411543145e-8,1.0,6.869240522671005e-7,1.0
296.0,296.0,9.389424611090067e10,306421.68022334954,1.0,1.0,1.0,79.69659302149962,6.78077128169581e7,0.0007221711190775469,1.3723222675313347,2.0238439117328982e-8,1.0,9.061505538671245e-6,1.0
297.0,297.0,9.4266306343671e10,307028.1849336816,1.0,1.0,1.0,89.97411231935905,6.895719766514996e7,0.0007315147938139733,1.5072727955907186,2.1858092362017113e-8,1.0,8.1302807547297e-6,1.0
298.0,298.0,9.429702757183824e10,307078.2108386042,1.0,1.0,1.0,96.61919462617276,7.572202709158973e7,0.0008030160552686248,2.2492385164122646,2.9703886734494296e-8,1.0,8.31114416111164e-6,1.0
299.0,299.0,9.516230580634744e10,308483.8825714359,1.0,1.0,1.0,808.7812198222541,7.001476118087089e7,0.0007357404862444861,4.076851066044384,5.8228450647893405e-8,1.0,9.096903689308956e-7,1.0
300.0,300.0,9.530550120729204e10,308715.8907592741,1.0,1.0,1.0,223.64737793945207,6.0752316581185326e7,0.000637448163281377,2.326012876665522,3.828681774121254e-8,1.0,2.8502375889868605e-6,1.0
301.0,301.0,9.544024173801921e10,308934.0410800001,1.0,1.0,1.0,349.0853902231507,7.31269994689503e7,0.0007662071903542666,1.999933511895066,2.7348770309442783e-8,1.0,2.1948990470912386e-6,1.0
302.0,302.0,9.557592660603049e10,309153.5647635823,1.0,1.0,1.0,10.988058354226931,7.154608520650488e7,0.0007485785159704681,1.7572192607318153,2.456066259017592e-8,1.0,6.812655082801794e-5,1.0
303.0,303.0,9.557607409458067e10,309153.8032995562,1.0,1.0,1.0,10.723972615113242,7.294244183631997e7,0.0007631872584391447,1.4176936462355756,1.9435785368975788e-8,1.0,7.116646841895033e-5,1.0
304.0,304.0,9.571661580348016e10,309381.0204318942,1.0,1.0,1.0,1166.1678457585076,8.82095807605205e7,0.0009215702044351095,4.715566718689538,5.345866803659994e-8,1.0,7.902552002157931e-7,1.0
305.0,305.0,9.644160053314378e10,310550.4798469063,1.0,1.0,1.0,14.299506110717008,8.504250830467188e7,0.0008818031615563918,1.5989430908393216,1.8801692503130016e-8,1.0,6.166668657846227e-5,1.0
306.0,306.0,9.644572930932664e10,310557.1272879221,1.0,1.0,1.0,19.529263919738266,8.959952128922813e7,0.0009290149189569492,1.6768972014518277,1.8715470521345454e-8,1.0,4.757040115669654e-5,1.0
307.0,307.0,9.695897196065327e10,311382.3565339778,1.0,1.0,1.0,568.3483650881365,8.07761278339547e7,0.0008330959603615181,2.0884919661641,2.5855311729625696e-8,1.0,1.4658192255595315e-6,1.0
308.0,308.0,9.730959807505309e10,311944.86383823195,1.0,1.0,1.0,451.76733580161294,7.441310125294772e7,0.0007647046412227905,1.482486768002113,1.9922389235650435e-8,1.0,1.6926957321203927e-6,1.0
309.0,309.0,9.762891385639249e10,312456.2591090031,1.0,1.0,1.0,481.21284577375496,9.070228103627819e7,0.0009290514209600318,1.9800572850685447,2.1830292028727613e-8,1.0,1.9306455118964775e-6,1.0
310.0,310.0,9.774801643250977e10,312646.79181547626,1.0,1.0,1.0,113.55522642806632,6.6379064095384754e7,0.0006790834906151324,1.5926717465144546,2.399358541306154e-8,1.0,5.980204627968494e-6,1.0
311.0,311.0,9.775493651482132e10,312657.8585527978,1.0,1.0,1.0,199.7606885461432,5.779265674096351e7,0.000591199367936174,1.396493701995232,2.416386061389345e-8,1.0,2.9595380965039646e-6,1.0
312.0,312.0,9.780930248586891e10,312744.7881034453,1.0,1.0,1.0,336.50896024268354,6.348782776499793e7,0.0006490980519615831,1.4235482690915897,2.2422381095804627e-8,1.0,1.9289175880887882e-6,1.0
313.0,313.0,9.78648694098788e10,312833.6129796138,1.0,1.0,1.0,24.577486532555465,7.937568628830998e7,0.0008110743621275506,1.638238143207471,2.063904219034617e-8,1.0,3.300070416286048e-5,1.0
314.0,314.0,9.800723879239694e10,313061.07837352913,1.0,1.0,1.0,87.55513190201586,7.71977395013434e7,0.000787673854213799,2.600779715814926,3.368984288880182e-8,1.0,8.996318515004871e-6,1.0
315.0,315.0,9.831506457235875e10,313552.33147332637,1.0,1.0,1.0,160.76632057067334,6.5470826478194624e7,0.0006659287346292542,1.803249039604648,2.7542787142711978e-8,1.0,4.142215435828862e-6,1.0
316.0,316.0,9.83914956490877e10,313674.18709400954,1.0,1.0,1.0,81.75282031191982,7.759029035560471e7,0.0007885873663998841,2.3673331690713257,3.0510688334196294e-8,1.0,9.645995861563023e-6,1.0
317.0,317.0,9.84322398020212e10,313739.1269861335,1.0,1.0,1.0,93.40322030267146,6.055382144462872e7,0.0006151828059699769,2.811240465289989,4.6425483918470865e-8,1.0,6.586312591541149e-6,1.0
318.0,318.0,9.91846631955562e10,314935.9668179489,1.0,1.0,1.0,147.90874240368026,6.6644677311113015e7,0.0006719252272167544,1.9518633271487027,2.928761012343436e-8,1.0,4.542836456434069e-6,1.0
319.0,319.0,9.959308015351013e10,315583.71338443644,1.0,1.0,1.0,72.89687717134883,5.428079157756812e7,0.0005450257348049185,2.1803193725444077,4.016742027105771e-8,1.0,7.476667807371229e-6,1.0
320.0,320.0,9.98244913961804e10,315950.1406807416,1.0,1.0,1.0,285.12869244616536,7.566797692794475e7,0.0007580101414507693,5.644178447386611,7.459137506426677e-8,1.0,2.658484261782556e-6,1.0
321.0,321.0,9.989469034977621e10,316061.21297903074,1.0,1.0,1.0,295.87534217311514,6.950817676472478e7,0.0006958145276795725,2.11864911880611,3.048057389575026e-8,1.0,2.3517151600705373e-6,1.0
322.0,322.0,9.997838022142706e10,316193.58029761934,1.0,1.0,1.0,380.2235269557356,7.724276036215612e7,0.0007725946363453986,1.591024309380099,2.0597714296077857e-8,1.0,2.031948529148596e-6,1.0
323.0,323.0,1.0008938076672404e11,316369.0578528881,1.0,1.0,1.0,99.44365813928364,7.960141253087191e7,0.0007953032770900879,2.0710287324514156,2.6017487210395996e-8,1.0,7.99752635785143e-6,1.0
324.0,324.0,1.0011771918847137e11,316413.84165120113,1.0,1.0,1.0,108.74930781803978,7.000540931172428e7,0.0006992309638297759,1.3527365032710252,1.9323313963460727e-8,1.0,6.429750936895477e-6,1.0
325.0,325.0,1.0208520638569649e11,319507.7563779892,1.0,1.0,1.0,612.7807198972054,5.7252190845729664e7,0.000560827495162187,3.492583698515075,6.100349431039424e-8,1.0,9.152172660658554e-7,1.0
326.0,326.0,1.0232331665085564e11,319880.1598268571,1.0,1.0,1.0,80.29654073955055,6.229711962618572e7,0.0006088262361075267,2.250041731294058,3.611790947304731e-8,1.0,7.582222478080498e-6,1.0
327.0,327.0,1.0249705908866553e11,320151.61890683224,1.0,1.0,1.0,746.8523237796259,7.537475327081972e7,0.0007353845468294422,1.9094023651171843,2.5332120906180126e-8,1.0,9.846451880980323e-7,1.0
328.0,328.0,1.0259915790778824e11,320311.0330722129,1.0,1.0,1.0,888.3724291514679,7.910541841139017e7,0.0007710143054462138,1.8327098926481717,2.3167943840141422e-8,1.0,8.678953557604785e-7,1.0
329.0,329.0,1.0283797078748543e11,320683.5991869329,1.0,1.0,1.0,110.152213311695,7.863629575090268e7,0.0007646620722294877,1.6572048579749181,2.1074299598437674e-8,1.0,6.941867523494443e-6,1.0
330.0,330.0,1.0298750836097221e11,320916.6688736692,1.0,1.0,1.0,17.754729755271033,6.601222201391014e7,0.0006409730943564715,1.2998109044811077,1.9690458294332385e-8,1.0,3.6101540445366626e-5,1.0
331.0,331.0,1.0331012690434662e11,321418.9274208142,1.0,1.0,1.0,647.8497855757769,8.362188641967678e7,0.0008094258419221204,2.1576769178250705,2.5802777352440038e-8,1.0,1.2494035808049895e-6,1.0
332.0,332.0,1.0332507880857089e11,321442.18579485005,1.0,1.0,1.0,57.1451391469428,7.403953142476578e7,0.0007165688362127864,1.7727541340872752,2.3943346193687374e-8,1.0,1.2539453869736916e-5,1.0
333.0,333.0,1.033865551380194e11,321537.7973707281,1.0,1.0,1.0,50.32626571857014,6.59066696492661e7,0.0006374781483946181,1.9576095453842948,2.9702753198697785e-8,1.0,1.2666907414896709e-5,1.0
334.0,334.0,1.0350564772228595e11,321722.9362701484,1.0,1.0,1.0,322.3756442623303,6.757187187377916e7,0.0006528327036062455,2.4857825047071214,3.6787237585343756e-8,1.0,2.0250683177386962e-6,1.0
335.0,335.0,1.0369812185735551e11,322021.9276033163,1.0,1.0,1.0,56.72680205442672,6.6953047339906484e7,0.0006456534235582518,1.636552854870265,2.4443291509129028e-8,1.0,1.1381805428389519e-5,1.0
336.0,336.0,1.0489412600803384e11,323873.62660154013,1.0,1.0,1.0,657.9604917406517,7.905713298118182e7,0.0007536850335626059,2.706247402186338,3.423153990204164e-8,1.0,1.1454867625390583e-6,1.0
337.0,337.0,1.0516301922769147e11,324288.4814909272,1.0,1.0,1.0,519.707263165016,6.891653171038714e7,0.0006553304773689719,1.3840671255148338,2.0083238247264066e-8,1.0,1.2609607827645333e-6,1.0
338.0,338.0,1.0541705598878755e11,324679.92852775415,1.0,1.0,1.0,605.063670048884,8.75918237293577e7,0.0008309075130674468,2.82749028477483,3.2280299247728e-8,1.0,1.3732563268925343e-6,1.0
339.0,339.0,1.0601399203492218e11,325597.8993097501,1.0,1.0,1.0,63.94339099720455,7.421387846935081e7,0.0007000385225570896,1.5258389935404402,2.056002226282498e-8,1.0,1.094778540268053e-5,1.0
340.0,340.0,1.0631957219278223e11,326066.8216681701,1.0,1.0,1.0,32.35980141559192,5.868288252767577e7,0.0005519480680192305,1.6293937335474054,2.7766082090104514e-8,1.0,1.705659626678937e-5,1.0
341.0,341.0,1.0672322603025128e11,326685.20938397455,1.0,1.0,1.0,81.41625923484892,6.946677000816076e7,0.0006509058317134174,1.59695901586658,2.2988819132004675e-8,1.0,7.994789220613168e-6,1.0
342.0,342.0,1.0678768781543971e11,326783.85488796677,1.0,1.0,1.0,50.01874227046944,7.159236089344545e7,0.0006704177461742011,2.0480689267189223,2.8607366743579424e-8,1.0,1.3403330746483184e-5,1.0
343.0,343.0,1.0722844281589496e11,327457.5435318218,1.0,1.0,1.0,855.6195779326841,8.487913986600362e7,0.0007915729982480843,1.779085350751887,2.096021886212214e-8,1.0,9.251459628362563e-7,1.0
344.0,344.0,1.0732923730385678e11,327611.4120476525,1.0,1.0,1.0,407.4699410408238,7.222505497833176e7,0.0006729299195297271,2.9682148843493015,4.1096747983677437e-8,1.0,1.6514835862758947e-6,1.0
345.0,345.0,1.075779251754033e11,327990.7394659235,1.0,1.0,1.0,798.363544300012,8.610886772700015e7,0.0008004325015607195,5.520116473154482,6.410624848168776e-8,1.0,1.0025914976647907e-6,1.0
346.0,346.0,1.0767874184983766e11,328144.3917695953,1.0,1.0,1.0,1196.2662185734896,1.487830248648115e8,0.0013817307152700113,2.181104957160868,1.4659635783222497e-8,1.0,1.155036139796443e-6,1.0
347.0,347.0,1.0786568971688951e11,328429.12434327364,1.0,1.0,1.0,878.4882177457052,1.4177833797468668e8,0.0013143969915034763,4.231982354821067,2.984928736658516e-8,1.0,1.4962033240199393e-6,1.0
348.0,348.0,1.0799596234699957e11,328627.39135227236,1.0,1.0,1.0,1019.5539974733208,1.9355634761638734e8,0.00179225540952883,6.108159489293198,3.1557526069943803e-8,1.0,1.7578817933826294e-6,1.0
349.0,349.0,1.0852205655489445e11,329426.86070643127,1.0,1.0,1.0,532.755997955258,1.053977415665489e8,0.0009712103232582312,1.6716863886446596,1.586074201243826e-8,1.0,1.822992752753195e-6,1.0
350.0,350.0,1.0858715512679967e11,329525.65169770876,1.0,1.0,1.0,556.855273545249,1.084524643366021e8,0.0009987596071511463,2.5022379137951103,2.3072208895651632e-8,1.0,1.7935712466050462e-6,1.0
351.0,351.0,1.0940533230022766e11,330764.7688316089,1.0,1.0,1.0,109.8782209072395,6.875849682540965e7,0.0006284748229453097,1.5651308713680099,2.2762726690469745e-8,1.0,5.719739705977545e-6,1.0
352.0,352.0,1.0970151959303233e11,331212.1972286533,1.0,1.0,1.0,33.49030065841713,6.3190509445203036e7,0.0005760221897319237,1.4218861002664365,2.2501576752220667e-8,1.0,1.7199672096319383e-5,1.0
353.0,353.0,1.0978227007984544e11,331334.07624306536,1.0,1.0,1.0,802.7188249950212,1.1222906929092184e8,0.0010222877458588857,3.484488747565008,3.104800534943386e-8,1.0,1.2735315455760319e-6,1.0
354.0,354.0,1.100933245477252e11,331803.1412565668,1.0,1.0,1.0,619.0909588573046,8.956207605128476e7,0.0008135105020206912,3.3465507910412047,3.7365712571523165e-8,1.0,1.3140403528461134e-6,1.0
355.0,355.0,1.1018425335841476e11,331940.1352027422,1.0,1.0,1.0,283.1827464805428,6.3735991805723734e7,0.0005784491878578853,1.5115081886364263,2.3715143426679662e-8,1.0,2.0426710138487547e-6,1.0
356.0,356.0,1.1143322008847978e11,333816.1471356348,1.0,1.0,1.0,1121.2661289152536,1.1478442916406083e8,0.0010300736979707834,5.372930483874307,4.680887924436862e-8,1.0,9.18670127819974e-7,1.0
357.0,357.0,1.1143631658299106e11,333820.78512727615,1.0,1.0,1.0,93.81907143197171,4.7302931730736785e7,0.00042448398629807405,1.1070365432008966,2.340312744194477e-8,1.0,4.524495710937278e-6,1.0
358.0,358.0,1.1182158896750363e11,334397.35191461013,1.0,1.0,1.0,39.91138127712513,6.84009235365468e7,0.0006116969376075218,1.420368073606757,2.0765334737737138e-8,1.0,1.5326378542506387e-5,1.0
359.0,359.0,1.1183334701983871e11,334414.93241157563,1.0,1.0,1.0,24.004246395058182,6.0199540243530214e7,0.0005382968664469787,1.5050482342727793,2.5000992161170962e-8,1.0,2.2425068364479015e-5,1.0
360.0,360.0,1.1235576898909833e11,335195.1207716161,1.0,1.0,1.0,676.5205336343508,8.517462200547959e7,0.0007580796503718837,1.784704403843089,2.095347605209856e-8,1.0,1.1205567498437738e-6,1.0
361.0,361.0,1.1245599546471248e11,335344.5921208697,1.0,1.0,1.0,914.999862400896,8.551638639648901e7,0.0007604431052778864,1.7936082872702734,2.097385498629874e-8,1.0,8.310854859393494e-7,1.0
362.0,362.0,1.1261639425349008e11,335583.6620777151,1.0,1.0,1.0,194.11887063282052,4.935797612862241e7,0.0004382841110253936,1.529914294798657,3.0996293026460296e-8,1.0,2.2578130070332847e-6,1.0
363.0,363.0,1.1390989530058882e11,337505.40040211036,1.0,1.0,1.0,1086.4308404579142,9.216642937958966e7,0.0008091169694016668,1.4010909587168625,1.520174935872188e-8,1.0,7.447477918250519e-7,1.0
364.0,364.0,1.1395171970662029e11,337567.3558071341,1.0,1.0,1.0,51.432686990516444,6.254786602554737e7,0.000548897955823782,1.4450314458412497,2.3102809698592012e-8,1.0,1.0672161769906987e-5,1.0
365.0,365.0,1.142072071050248e11,337945.56825770746,1.0,1.0,1.0,1030.9278958921236,1.719666389690311e8,0.0015057424123270035,12.559878046444936,7.30367129446939e-8,1.0,1.460570053761126e-6,1.0
366.0,366.0,1.1430619181005016e11,338091.98720178235,1.0,1.0,1.0,1267.0537236594707,1.8083332751008594e8,0.001582008149405311,2.635688864425444,1.4575238429312424e-8,1.0,1.2485722742964658e-6,1.0
367.0,367.0,1.1514347663921123e11,339327.97797884454,1.0,1.0,1.0,64.14533194765302,6.018658391339631e7,0.0005227094561655206,1.5630173915361247,2.5969531517280963e-8,1.0,8.148830792427534e-6,1.0
368.0,368.0,1.1577441544620319e11,340256.3966279006,1.0,1.0,1.0,256.27338056781196,7.634834845171516e7,0.0006594578611521656,1.4313259770839697,1.874730765118227e-8,1.0,2.5732593049306886e-6,1.0
369.0,369.0,1.1615978775221031e11,340822.2230902943,1.0,1.0,1.0,145.48170623877616,7.074889709712185e7,0.0006090653093291115,1.5083516415239924,2.1319790179250073e-8,1.0,4.186542246964474e-6,1.0
370.0,370.0,1.1620279723070102e11,340885.3138970657,1.0,1.0,1.0,343.8154349879145,6.2044124369068764e7,0.0005339296975036278,2.537167638825569,4.0892955850462904e-8,1.0,1.552954414400843e-6,1.0
371.0,371.0,1.1683524727940724e11,341811.71319808107,1.0,1.0,1.0,1190.832833190895,7.774878525611052e7,0.000665456590440788,2.452477642662149,3.1543613617454554e-8,1.0,5.588161259021256e-7,1.0
372.0,372.0,1.1709051343307092e11,342184.91117095,1.0,1.0,1.0,49.76934788906645,5.732323905573707e7,0.0004895634782732678,1.3751397144587005,2.39892186329808e-8,1.0,9.836646430740502e-6,1.0
373.0,373.0,1.171349468860605e11,342249.8310971979,1.0,1.0,1.0,866.5189551229388,7.18875155787398e7,0.0006137153540495424,11.32430980725482,1.575281843597875e-7,1.0,7.082538130541767e-7,1.0
374.0,374.0,1.1721986986121404e11,342373.8743847346,1.0,1.0,1.0,42.44821152756883,6.5140568075504616e7,0.0005557126809018062,1.944890859940535,2.985682986205857e-8,1.0,1.309154522425256e-5,1.0
375.0,375.0,1.1741743154715137e11,342662.2703875514,1.0,1.0,1.0,552.4219096115039,6.58807892193535e7,0.0005610818446785122,3.3794112617714425,5.129585273363253e-8,1.0,1.0156763063092455e-6,1.0
376.0,376.0,1.1763489013665457e11,342979.43106934935,1.0,1.0,1.0,1824.029520286202,9.541297984298669e7,0.000811094215818077,7.011731055859157,7.348823050488295e-8,1.0,4.446716496621234e-7,1.0
377.0,377.0,1.1837616403923297e11,344058.37301137287,1.0,1.0,1.0,56.86600055855374,6.44138726760933e7,0.0005441456327995487,1.647720816059476,2.5580216609577823e-8,1.0,9.568909848675804e-6,1.0
378.0,378.0,1.1849911220819167e11,344237.0000569254,1.0,1.0,1.0,27.759720919353235,5.846581292193587e7,0.0004933860835826932,1.2908812945367754,2.207924990729835e-8,1.0,1.7773452586791656e-5,1.0
379.0,379.0,1.1930353117852782e11,345403.4324938416,1.0,1.0,1.0,1039.884631017701,1.0522939877696568e8,0.0008820308816422697,1.561381077621448,1.4837878915954418e-8,1.0,8.482007093220092e-7,1.0
380.0,380.0,1.196986608406482e11,345974.942504003,1.0,1.0,1.0,651.7355423072534,8.198685531186932e7,0.0006849438069913417,5.313937434583422,6.481450399255682e-8,1.0,1.0509535885775473e-6,1.0
381.0,381.0,1.2137958969769604e11,348395.73719793995,1.0,1.0,1.0,2667.9877160447927,1.5291099354261777e8,0.0012597751713287679,2.4918429399473263,1.6296035243880784e-8,1.0,4.7218177345896656e-7,1.0
382.0,382.0,1.2150066283743834e11,348569.45195676334,1.0,1.0,1.0,1043.7469554918125,8.110082843824558e7,0.0006674928881858184,1.4333844657420516,1.7674103869771265e-8,1.0,6.395160097701042e-7,1.0
383.0,383.0,1.215106645750903e11,348583.7984977074,1.0,1.0,1.0,972.4601795095047,8.005032538653776e7,0.0006587925887806345,3.8762821053298073,4.842306494836172e-8,1.0,6.774494243177343e-7,1.0
384.0,384.0,1.223257259206476e11,349750.9484199401,1.0,1.0,1.0,1070.364114359486,1.425075949289892e8,0.0011649846652868263,2.2967814177417005,1.611690534028151e-8,1.0,1.0884003393405635e-6,1.0
385.0,385.0,1.2258218145680038e11,350117.38239739026,1.0,1.0,1.0,1099.243894706368,1.1812152816163753e8,0.0009636109165748351,5.50532604849947,4.660730462114416e-8,1.0,8.766124799194236e-7,1.0
386.0,386.0,1.2279684496900508e11,350423.80765154224,1.0,1.0,1.0,1930.873491193195,1.9277999658264318e8,0.0015699100128599654,2.403729988404837,1.2468772855146192e-8,1.0,8.130568988700705e-7,1.0
387.0,387.0,1.229176300884984e11,350596.10677886655,1.0,1.0,1.0,1946.6956582187695,2.106306644221054e8,0.001713591979539237,4.415358854995243,2.096256427648638e-8,1.0,8.802567429092522e-7,1.0
388.0,388.0,1.2408068546302414e11,352250.884261522,1.0,1.0,1.0,701.6772210846931,6.792498015864597e7,0.0005474258947108729,1.811730704112663,2.667252455998142e-8,1.0,7.801676871662307e-7,1.0
389.0,389.0,1.2415696597213826e11,352359.1434490359,1.0,1.0,1.0,33.21999283737121,4.404323979730947e7,0.00035473837109877725,0.9482343378738276,2.152962272264611e-8,1.0,1.0678460192192164e-5,1.0
390.0,390.0,1.2483254352171988e11,353316.49200358574,1.0,1.0,1.0,50.776216112532374,6.360302019269549e7,0.0005095067228477683,1.966780955895678,3.092276042768097e-8,1.0,1.0034357852081339e-5,1.0
391.0,391.0,1.2511713278239851e11,353719.0025746405,1.0,1.0,1.0,32.62050559873322,6.600080152193101e7,0.0005275121009034852,1.2586400000374722,1.9070071423968218e-8,1.0,1.617118101700945e-5,1.0
392.0,392.0,1.2531205491759251e11,353994.4278058519,1.0,1.0,1.0,265.75359743466663,6.2191292320633985e7,0.0004962913776159579,1.316460105322817,2.1167916845263358e-8,1.0,1.8674869593739633e-6,1.0
393.0,393.0,1.2584460327773218e11,354745.8291195714,1.0,1.0,1.0,1358.5124236370689,1.2735472460023531e8,0.001011999889812807,1.65014147962189,1.2957049564898871e-8,1.0,7.449323776542555e-7,1.0
394.0,394.0,1.259117958444286e11,354840.52170577785,1.0,1.0,1.0,1272.9300439125357,1.1702790299937883e8,0.0009294435233286589,3.919464534279795,3.349170948554531e-8,1.0,7.301607246788512e-7,1.0
395.0,395.0,1.2595209872054974e11,354897.30728838977,1.0,1.0,1.0,74.58446511815696,6.341875739878801e7,0.0005035148923920336,1.342788846629308,2.1173370481602134e-8,1.0,6.750935219477188e-6,1.0
396.0,396.0,1.265012957654147e11,355670.2064629742,1.0,1.0,1.0,73.8950953654429,5.893495322268051e7,0.0004658841856241822,1.302134204057508,2.2094430093759623e-8,1.0,6.304669928635796e-6,1.0
397.0,397.0,1.2741273361339073e11,356949.2031275469,1.0,1.0,1.0,263.06299422302925,5.73715757796713e7,0.00045028133435535695,2.5000803642988,4.357698616994696e-8,1.0,1.7116863422211367e-6,1.0
398.0,398.0,1.2760822151398903e11,357222.92971474974,1.0,1.0,1.0,46.52503820851014,5.5739371525825225e7,0.0004368007865354443,1.1042648138508728,1.981121752223639e-8,1.0,9.388510001385592e-6,1.0
399.0,399.0,1.2829436037587764e11,358182.0212906807,1.0,1.0,1.0,32.81665306838919,4.5230755229146056e7,0.0003525545095114118,1.5019706813518945,3.32068450226547e-8,1.0,1.0743158626709916e-5,1.0
400.0,400.0,1.2842713732057686e11,358367.3217811257,1.0,1.0,1.0,2694.9101631389885,1.7467392526960504e8,0.0013601013696699945,2.2757817191843297,1.3028743210132553e-8,1.0,5.046926566508511e-7,1.0
401.0,401.0,1.2855005393735634e11,358538.7760582617,1.0,1.0,1.0,1457.4344413809715,1.1301524964601544e8,0.0008791536535140926,1.6879763015593425,1.493582774755084e-8,1.0,6.032200341588352e-7,1.0
402.0,402.0,1.2884906585501195e11,358955.52071950637,1.0,1.0,1.0,539.6596553554168,8.670325259471747e7,0.0006729055570965441,2.9231967704225985,3.371496089179818e-8,1.0,1.2469072876188462e-6,1.0
403.0,403.0,1.2941407852625648e11,359741.6830536274,1.0,1.0,1.0,850.7896645776541,1.2901758383438705e8,0.000996936230137459,1.8812566443576082,1.458139726730952e-8,1.0,1.1717775516612021e-6,1.0
404.0,404.0,1.3027126127609961e11,360931.1032262246,1.0,1.0,1.0,960.64879470665,1.969210621003895e8,0.0015116232105766652,2.0112610356979013,1.0213539440952605e-8,1.0,1.5735440661623525e-6,1.0
405.0,405.0,1.3027276678868074e11,360933.18881571526,1.0,1.0,1.0,849.6101864237196,1.7332882440124497e8,0.0013305069730248453,7.501197400440517,4.3277264571679956e-8,1.0,1.5660205047980577e-6,1.0
406.0,406.0,1.3141446115236182e11,362511.3255504741,1.0,1.0,1.0,1544.2307810744064,1.1498682341570228e8,0.0008749936825131237,1.5193903429059576,1.3213603939757795e-8,1.0,5.666210602953675e-7,1.0
407.0,407.0,1.3171357585753862e11,362923.6501766434,1.0,1.0,1.0,1378.253010817588,1.526576997903035e8,0.001159012645560104,3.316329458966831,2.1723957970882696e-8,1.0,8.409287964280018e-7,1.0
408.0,408.0,1.3188585329821321e11,363160.91928814864,1.0,1.0,1.0,2011.6602870782215,1.118805481321131e8,0.0008483134865756684,1.487320271635732,1.3293823604434292e-8,1.0,4.216981823545252e-7,1.0
409.0,409.0,1.3211276604801175e11,363473.1985277756,1.0,1.0,1.0,1078.1326371245696,8.583622601971534e7,0.0006497193901663115,1.3151306348560143,1.5321393959631308e-8,1.0,6.026340060524869e-7,1.0
410.0,410.0,1.3220398174829594e11,363598.65476689534,1.0,1.0,1.0,1195.569053499292,8.958536220820622e7,0.000677629834929006,5.640571900643934,6.296309747484868e-8,1.0,5.667843550697988e-7,1.0
411.0,411.0,1.3222913955384193e11,363633.24869137304,1.0,1.0,1.0,1987.9499000649894,1.582593658693397e8,0.0011968569599492558,2.1061436712810337,1.3308177106596737e-8,1.0,6.020558968362978e-7,1.0
412.0,412.0,1.3237839698050397e11,363838.421528711,1.0,1.0,1.0,1712.7244833692055,1.6045670465518335e8,0.0012121064193965257,5.2852160398253325,3.2938580207153e-8,1.0,7.077065991443741e-7,1.0
413.0,413.0,1.334021890809976e11,365242.64411620615,1.0,1.0,1.0,1347.3501010327866,1.4717663132692042e8,0.0011032549896861353,10.293413744449957,6.993918566858219e-8,1.0,8.188331962423541e-7,1.0
414.0,414.0,1.3426492797985089e11,366421.7897176025,1.0,1.0,1.0,173.34827062954417,5.217186054445876e7,0.0003885740029095604,1.4635267808365613,2.8052033520817272e-8,1.0,2.2415799217285917e-6,1.0
415.0,415.0,1.3437339189563129e11,366569.7640226636,1.0,1.0,1.0,94.55781197881842,6.433116166380836e7,0.0004787492584017573,1.6411142725380539,2.551040939859665e-8,1.0,5.063032322585894e-6,1.0
416.0,416.0,1.3437594275206995e11,366573.2433662746,1.0,1.0,1.0,36.8368031448049,6.264832422115928e7,0.0004662168168707507,1.2521367265617698,1.9986755283160272e-8,1.0,1.265627788160823e-5,1.0
417.0,417.0,1.345293666832942e11,366782.4514385799,1.0,1.0,1.0,706.115001511456,1.1922561221310902e8,0.0008862422772290051,2.3835816180531704,1.9992194398497308e-8,1.0,1.255096231254091e-6,1.0
418.0,418.0,1.36454577647278e11,369397.5874952055,1.0,1.0,1.0,1445.2108239930465,1.8689751267096114e8,0.0013696683257144744,2.332334397101682,1.2479215805947415e-8,1.0,9.477290807511033e-7,1.0
419.0,419.0,1.367916072127096e11,369853.4942551031,1.0,1.0,1.0,35.03911102138593,5.037460905501132e7,0.00036825804045764103,1.0824535422143609,2.1488078198644504e-8,1.0,1.0509913913993902e-5,1.0
420.0,420.0,1.370906717315356e11,370257.5748469376,1.0,1.0,1.0,177.3167140425699,6.983987933113194e7,0.0005094429730472271,1.293808161250745,1.8525349308492434e-8,1.0,2.8730679778157904e-6,1.0
421.0,421.0,1.37336618224433e11,370589.55493164266,1.0,1.0,1.0,1541.5279054870855,1.7095154951179886e8,0.0012447630627273087,16.245115951341518,9.502760282908963e-8,1.0,8.074865581716431e-7,1.0
422.0,422.0,1.3736754756920996e11,370631.2825021789,1.0,1.0,1.0,455.1717498669249,7.418939070997714e7,0.0005400794585329376,1.5860441221916965,2.1378314432669448e-8,1.0,1.1865399350703036e-6,1.0
423.0,423.0,1.3739656744157755e11,370670.4296832667,1.0,1.0,1.0,668.4910541640088,7.410556545148218e7,0.0005393552883908416,2.186205830498879,2.9501236744900285e-8,1.0,8.068249904485861e-7,1.0
424.0,424.0,1.3744641139496848e11,370737.65845266986,1.0,1.0,1.0,2094.7899207580035,1.0982731182739557e8,0.0007990555056594203,1.9146593209790035,1.7433362331476154e-8,1.0,3.8144899292349113e-7,1.0
425.0,425.0,1.3777777453153302e11,371184.286482514,1.0,1.0,1.0,188.58951345403239,6.0382504883190304e7,0.00043826012711142235,1.6615207164315413,2.7516591386869828e-8,1.0,2.323883863342411e-6,1.0
426.0,426.0,1.3789368128285446e11,371340.3846646018,1.0,1.0,1.0,1131.7409738604501,1.5581575062252307e8,0.0011299702001183896,4.108428110743516,2.6367219578381172e-8,1.0,9.984353542171225e-7,1.0
427.0,427.0,1.3857458634013443e11,372256.0762971297,1.0,1.0,1.0,53.657165296280304,6.203335468435985e7,0.0004476531832736492,1.3196172747202661,2.1272705324214278e-8,1.0,8.342840714783008e-6,1.0
428.0,428.0,1.396570229963534e11,373707.13532973034,1.0,1.0,1.0,2454.5668547417063,2.1689655741855273e8,0.0015530658886727098,23.73085086378936,1.094109146991963e-7,1.0,6.327250307615429e-7,1.0
429.0,429.0,1.3981891890797626e11,373923.6805926796,1.0,1.0,1.0,25.49387530508639,4.958113123578707e7,0.00035460960173584977,1.0352261533689888,2.0879437954851965e-8,1.0,1.3909599756499166e-5,1.0
430.0,430.0,1.4032961867162045e11,374605.95119621424,1.0,1.0,1.0,2165.007210167409,2.017829267115688e8,0.0014379211528356903,15.356729768550373,7.610519875247106e-8,1.0,6.641646023546051e-7,1.0
431.0,431.0,1.408123708452447e11,375249.74463048566,1.0,1.0,1.0,1772.842454922324,1.597905525848173e8,0.0011347763826265937,9.49009849089188,5.939086087129218e-8,1.0,6.400886776350994e-7,1.0
432.0,432.0,1.420120679080789e11,376844.88573958236,1.0,1.0,1.0,1525.2686350232013,1.99241656191162e8,0.0014029910217673589,4.2216601434879335,2.118864208812165e-8,1.0,9.198320804295681e-7,1.0
433.0,433.0,1.420940478786993e11,376953.64155118505,1.0,1.0,1.0,1619.9403848445502,1.206647795672109e8,0.0008491895439857418,1.782561061405503,1.4772836493997316e-8,1.0,5.242103672026364e-7,1.0
434.0,434.0,1.4243894097925787e11,377410.8384496368,1.0,1.0,1.0,1149.451389007977,9.950251018090771e7,0.0006985625459806618,4.47397610521878,4.496344963644179e-8,1.0,6.077356142773027e-7,1.0
435.0,435.0,1.4274733104316977e11,377819.1777069684,1.0,1.0,1.0,1753.6306594736027,1.0374661506716281e8,0.0007267849726674076,1.2714548402360561,1.225538625165036e-8,1.0,4.1444586335276025e-7,1.0
436.0,436.0,1.429111326620449e11,378035.8880609682,1.0,1.0,1.0,1572.0150904958427,1.3273557438314058e8,0.0009287980011122636,13.0373092846933,9.822015948084251e-8,1.0,5.908327513696471e-7,1.0
437.0,437.0,1.4489990730991153e11,380657.20446342736,1.0,1.0,1.0,2549.0576040076335,1.944731226940862e8,0.001342120405305212,4.440011515025609,2.283097763596834e-8,1.0,5.26516310653446e-7,1.0
438.0,438.0,1.4508597648212552e11,380901.5312152545,1.0,1.0,1.0,1807.5478730325249,1.5945046596585542e8,0.0010990067497846086,11.992772464517877,7.521315337665527e-8,1.0,6.080097607267263e-7,1.0
439.0,439.0,1.453299076609513e11,381221.59915323695,1.0,1.0,1.0,26.677956404676742,5.23963278990624e7,0.00036053368989192724,1.2578132829310875,2.40057525663663e-8,1.0,1.3514291890390989e-5,1.0
440.0,440.0,1.4533692485850964e11,381230.8026097965,1.0,1.0,1.0,33.94354012141065,5.883107194175219e7,0.00040479095079959854,1.6237737668537922,2.7600614975369695e-8,1.0,1.1925419368507989e-5,1.0
441.0,441.0,1.4567439148330286e11,381673.1474485766,1.0,1.0,1.0,1966.975198202247,1.6926080773304644e8,0.001161911887409235,3.1661158724347693,1.8705546279965068e-8,1.0,5.907099837716233e-7,1.0
442.0,442.0,1.4567683719171973e11,381676.35136555124,1.0,1.0,1.0,2013.4960524641474,1.8822778800385997e8,0.0012920913987232471,2.3479354014829625,1.2473904211123651e-8,1.0,6.417153870959746e-7,1.0
443.0,443.0,1.461307135770483e11,382270.4717566455,1.0,1.0,1.0,1349.7498837074993,7.3304659636335e7,0.0005016375955832359,3.5832389895342516,4.8881462642722904e-8,1.0,3.7165226064353155e-7,1.0
444.0,444.0,1.4623195768987155e11,382402.87353767565,1.0,1.0,1.0,1079.6104490992673,1.0734438746573515e8,0.0007340692775746006,1.6630999022008457,1.549312395662422e-8,1.0,6.799390263284724e-7,1.0
445.0,445.0,1.4789321991564276e11,384568.87538598693,1.0,1.0,1.0,2409.7722753655917,1.2545076076343343e8,0.0008482522791668292,1.8635890120673972,1.4855143158889417e-8,1.0,3.5200516158239016e-7,1.0
446.0,446.0,1.4797512047631747e11,384675.3442531994,1.0,1.0,1.0,2370.0415349900763,1.3454430495587295e8,0.0009092359879564352,6.279380162717404,4.667146754949515e-8,1.0,3.836371534139558e-7,1.0
447.0,447.0,1.4874502808328418e11,385674.7698298194,1.0,1.0,1.0,622.2468255838131,6.739469261320569e7,0.0004530887075655682,2.276141344125508,3.377330255349378e-8,1.0,7.281494881721011e-7,1.0
448.0,448.0,1.494496744794447e11,386587.2145835202,1.0,1.0,1.0,46.95357228656802,5.840997584725102e7,0.00039083374374388933,1.2528146134711613,2.144864118327012e-8,1.0,8.323834049484982e-6,1.0
449.0,449.0,1.4974875081606335e11,386973.8373793031,1.0,1.0,1.0,84.36224649559642,6.77247982954893e7,0.00045225618266946354,2.098558846655829,3.098656468713059e-8,1.0,5.360883587815204e-6,1.0
450.0,450.0,1.5040657555793542e11,387822.8662133467,1.0,1.0,1.0,2129.7378099185144,1.7786905608601126e8,0.0011825882998428069,2.9588871016020786,1.663519872570214e-8,1.0,5.552741254511764e-7,1.0
451.0,451.0,1.50468990604914e11,387903.3263648483,1.0,1.0,1.0,487.18942117635066,7.306308908162425e7,0.0004855690786143636,2.123274751865575,2.9060840120570352e-8,1.0,9.966741015064026e-7,1.0
452.0,452.0,1.5111497599635016e11,388735.097458861,1.0,1.0,1.0,1601.6769698839548,1.6008228360351232e8,0.0010593409609092224,7.069171514687489,4.415961181561968e-8,1.0,6.613948884998791e-7,1.0
453.0,453.0,1.5153591563844666e11,389276.1431663218,1.0,1.0,1.0,40.242015011398784,5.8244265006801076e7,0.0003843594748873616,1.4368086318396516,2.4668671356259333e-8,1.0,9.551198536616259e-6,1.0
454.0,454.0,1.5179226847273462e11,389605.27264493564,1.0,1.0,1.0,1362.1726063351393,1.1780658176006359e8,0.000776103968222588,1.3940541419687955,1.1833414732862402e-8,1.0,5.697544970535408e-7,1.0
455.0,455.0,1.518499709707688e11,389679.31812038575,1.0,1.0,1.0,2389.987897905773,1.0422067679860169e8,0.0006863397882317342,1.8773809967059234,1.8013517587913128e-8,1.0,2.8717291365079275e-7,1.0
456.0,456.0,1.519258958005932e11,389776.72557580087,1.0,1.0,1.0,1195.6492847164307,1.0642547341269964e8,0.0007005091067945335,7.606969725303131,7.147696383581516e-8,1.0,5.858817596003259e-7,1.0
457.0,457.0,1.523271506528285e11,390291.1101380974,1.0,1.0,1.0,721.3213316061583,8.451971464752644e7,0.000554856532950617,4.154858093786158,4.915844911743648e-8,1.0,7.69222409817167e-7,1.0
458.0,458.0,1.533464928612375e11,391594.8069896197,1.0,1.0,1.0,1738.8642370460382,9.601335740474294e7,0.0006261203292670577,15.016925016739139,1.5640454018741899e-7,1.0,3.600743036332172e-7,1.0
459.0,459.0,1.540588818505826e11,392503.3526615825,1.0,1.0,1.0,2544.967292299248,1.0725859570722322e8,0.0006962181911001331,4.348678408552959,4.054386845350519e-8,1.0,2.7356665573141234e-7,1.0
460.0,460.0,1.541534425534883e11,392623.79264824017,1.0,1.0,1.0,2922.4042007432627,1.2507178017445242e8,0.0008113460074703751,2.2095049189735407,1.7665894863666947e-8,1.0,2.77629633595525e-7,1.0
461.0,461.0,1.544866365529703e11,393047.880738429,1.0,1.0,1.0,1670.977719294257,1.4699718558868623e8,0.0009515203955966238,2.6839985061013465,1.8258842816293504e-8,1.0,5.694393076638398e-7,1.0
462.0,462.0,1.555000657298605e11,394334.96640528913,1.0,1.0,1.0,2650.1541284995715,1.6371237597839522e8,0.0010528122629788583,2.244225967629361,1.3708346437627165e-8,1.0,3.972645408268859e-7,1.0
463.0,463.0,1.5577846923316223e11,394687.8123696781,1.0,1.0,1.0,1620.211417473204,1.5562276247691223e8,0.000999000464467191,16.19316833637306,1.0405398292602809e-7,1.0,6.165864859940187e-7,1.0
464.0,464.0,1.5602410277628497e11,394998.86427214567,1.0,1.0,1.0,2199.226486487902,1.4667473257181495e8,0.0009400773975273067,1.7962049087073264,1.22461781740619e-8,1.0,4.274582010098386e-7,1.0
465.0,465.0,1.560676353417041e11,395053.9651005975,1.0,1.0,1.0,2446.430911319287,1.810837596542196e8,0.0011602902745755034,2.2991184810282674,1.2696436640251155e-8,1.0,4.742787826980953e-7,1.0
466.0,466.0,1.5624467048764908e11,395277.96610442264,1.0,1.0,1.0,1963.1234933609032,1.5057622158473516e8,0.0009637206896720808,2.244619837853481,1.490686785737698e-8,1.0,4.909119028585274e-7,1.0
467.0,467.0,1.5632114875665057e11,395374.69412779895,1.0,1.0,1.0,1777.0286562746765,1.811704054602221e8,0.0011589628593869003,2.3886804055641058,1.3184716335815604e-8,1.0,6.521914293810683e-7,1.0
468.0,468.0,1.5693854684576215e11,396154.70064832264,1.0,1.0,1.0,842.9766832936742,1.59971132544818e8,0.001019323398087505,10.698104223258078,6.687521699620908e-8,1.0,1.2091952461897402e-6,1.0
469.0,469.0,1.5699217967833832e11,396222.3866445942,1.0,1.0,1.0,1759.7974555005328,1.0358986394478658e8,0.0006598409175466631,3.1709476565131367,3.061059775310886e-8,1.0,3.7495276259448104e-7,1.0
470.0,470.0,1.570395333302304e11,396282.1385455449,1.0,1.0,1.0,1264.6519798951804,2.5945203999484855e8,0.0016521447474027653,2.499742429639912,9.634699455146962e-9,1.0,1.3064026891727966e-6,1.0
471.0,471.0,1.5708210104984628e11,396335.8437611293,1.0,1.0,1.0,2125.4946299727853,1.2268792135157578e8,0.000781043295594351,5.459610147912153,4.449998063480954e-8,1.0,3.6746425259345463e-7,1.0
472.0,472.0,1.5761205419661667e11,397003.84657660016,1.0,1.0,1.0,2046.9848070247158,2.0859777134349364e8,0.0013234886910239768,4.01127876762007,1.922972974152624e-8,1.0,6.465552096342436e-7,1.0
473.0,473.0,1.576597362201177e11,397063.8943798815,1.0,1.0,1.0,27.044063112060893,5.443470122917048e7,0.0003452669811683131,1.32518372005069,2.4344465756717522e-8,1.0,1.2766830920991814e-5,1.0
474.0,474.0,1.576973205156262e11,397111.2193273141,1.0,1.0,1.0,28.134279525445667,5.693170596537837e7,0.0003610188536713477,1.2131662898988718,2.1309150487017363e-8,1.0,1.2831992137734648e-5,1.0
475.0,475.0,1.5861269257124615e11,398262.0903014071,1.0,1.0,1.0,2419.1742924395544,1.8731451954861483e8,0.001180955426231183,2.0813207170971313,1.1111368822495929e-8,1.0,4.881646725173649e-7,1.0
476.0,476.0,1.5900125459168622e11,398749.6139078836,1.0,1.0,1.0,1345.849704121074,1.1302038013166982e8,0.0007108143975287074,5.081829654473251,4.496383404487406e-8,1.0,5.281528801857669e-7,1.0
477.0,477.0,1.5937403776722232e11,399216.78041788563,1.0,1.0,1.0,1218.5849430509936,1.6340736076295176e8,0.0010253072785724657,8.06736363834741,4.936964645918038e-8,1.0,8.413917178439649e-7,1.0
478.0,478.0,1.593814368815629e11,399226.0473485703,1.0,1.0,1.0,1529.628573521086,1.9825695032851377e8,0.0012439149403346084,1.9102606352775107,9.63527699779503e-9,1.0,8.132137185900058e-7,1.0
479.0,479.0,1.604494467489581e11,400561.41445346194,1.0,1.0,1.0,2348.6482846329945,2.0268716106002775e8,0.0012632462445871574,2.729419631249795,1.346616932703227e-8,1.0,5.378609700109079e-7,1.0
480.0,480.0,1.607265616829871e11,400907.17339926347,1.0,1.0,1.0,1085.4263520276872,1.6568357768822998e8,0.0010308412993124357,1.6829929513769553,1.0157874273718763e-8,1.0,9.497109567928942e-7,1.0
481.0,481.0,1.6101878914964862e11,401271.46565591806,1.0,1.0,1.0,1333.5609556026843,1.3961301628681436e8,0.000867060400848344,4.170749943317056,2.987364684356411e-8,1.0,6.501843033162951e-7,1.0
482.0,482.0,1.6125521007889178e11,401565.94735969807,1.0,1.0,1.0,804.0374731150158,8.867991355674113e7,0.0005499351840479907,1.0353541296551465,1.1675181980159405e-8,1.0,6.839671065546514e-7,1.0
483.0,483.0,1.613025081258483e11,401624.83504615136,1.0,1.0,1.0,1024.7347936363476,1.566213298461819e8,0.0009709788869614863,5.38505208267096,3.438262264762807e-8,1.0,9.475416400334134e-7,1.0
484.0,484.0,1.6153521213495587e11,401914.43384749925,1.0,1.0,1.0,1343.8431641508075,1.2807687597812258e8,0.000792872800902619,1.2088469038836203,9.43844775723339e-9,1.0,5.90003969253098e-7,1.0
485.0,485.0,1.615849374136208e11,401976.289616217,1.0,1.0,1.0,2079.4039535242614,1.8793077039472905e8,0.00116304633518545,9.616923060872312,5.117269003193551e-8,1.0,5.593171702950117e-7,1.0
486.0,486.0,1.619559525295845e11,402437.51381995255,1.0,1.0,1.0,3981.8362423298313,2.1537648734729287e8,0.0013298460713155518,4.104182531026289,1.905585229648735e-8,1.0,3.3397809211195466e-7,1.0
487.0,487.0,1.6215487891911325e11,402684.58987042605,1.0,1.0,1.0,34.396025440821276,5.675542150887909e7,0.0003500074861364424,1.0044807937253857,1.7698411298059492e-8,1.0,1.017581193323147e-5,1.0
488.0,488.0,1.6287065079015845e11,403572.361281293,1.0,1.0,1.0,31.342691527726547,5.559834889167677e7,0.00034136505666335375,3.401738318843001,6.118416075218823e-8,1.0,1.0891376586512153e-5,1.0
489.0,489.0,1.6349679712682745e11,404347.37185596675,1.0,1.0,1.0,2519.047984005616,9.986307068786183e7,0.000610795273016726,5.966643107540824,5.974824384475118e-8,1.0,2.4247067816686904e-7,1.0
490.0,490.0,1.6454959654244775e11,405647.13303861493,1.0,1.0,1.0,1306.1675186766831,5.859014798286835e7,0.000356063760730074,6.4579648759348345,1.1022270940550278e-7,1.0,2.7260191027473465e-7,1.0
491.0,491.0,1.646057725354668e11,405716.36956803553,1.0,1.0,1.0,1958.4717669934332,7.908937977266958e7,0.0004804775580202339,1.198507411957549,1.5153835007967905e-8,1.0,2.453328999262745e-7,1.0
492.0,492.0,1.650574507094542e11,406272.6310120511,1.0,1.0,1.0,3190.710939644394,2.0975395845838133e8,0.001270793639179997,1.8390174226022007,8.767498053895052e-9,1.0,3.9827914944925333e-7,1.0
493.0,493.0,1.6510073149352286e11,406325.89321076113,1.0,1.0,1.0,2228.83399058355,1.776702591566287e8,0.0010761324776402271,6.5619136882367215,3.69331013317564e-8,1.0,4.828230734934528e-7,1.0
494.0,494.0,1.6540607353698163e11,406701.45504655084,1.0,1.0,1.0,2245.0861069806174,1.8339690352106136e8,0.001108767648419232,11.51310702902461,6.277699790990441e-8,1.0,4.93864197445147e-7,1.0
495.0,495.0,1.6766267338609656e11,409466.3275363391,1.0,1.0,1.0,1625.2992196676155,1.4146743713403347e8,0.0008437622660361143,6.784788676110937,4.796007342152895e-8,1.0,5.191427251215129e-7,1.0
496.0,496.0,1.6847899206137326e11,410461.9252273873,1.0,1.0,1.0,1139.147982765086,1.756051617273886e8,0.0010422970799721615,17.65971841339344,1.0056491642773339e-7,1.0,9.149795248218448e-7,1.0
497.0,497.0,1.6848942630391388e11,410474.6353965296,1.0,1.0,1.0,1092.1759248698852,1.685386460271227e8,0.0010002921240634427,6.163266781894529,3.656886372229767e-8,1.0,9.158708787529912e-7,1.0
498.0,498.0,1.698052382262636e11,412074.31153405283,1.0,1.0,1.0,1151.03375658476,1.0512516362326321e8,0.0006190925829143082,9.452047588573357,8.991232225280178e-8,1.0,5.378578858983441e-7,1.0
499.0,499.0,1.7018374079755872e11,412533.32083306764,1.0,1.0,1.0,407.862819327821,6.764889993711857e7,0.00039750507132327295,3.6753257448319285,5.4329423590615086e-8,1.0,9.74604824186676e-7,1.0
500.0,500.0,1.7048846496328146e11,412902.48844404105,1.0,1.0,1.0,26.671402647380344,5.0305606521980114e7,0.0002950675079970731,0.9299972127965354,1.848694960849324e-8,1.0,1.1063066757235377e-5,1.0
501.0,501.0,1.7057375779553748e11,413005.76000285696,1.0,1.0,1.0,90.88580113792871,6.563469609600833e7,0.0003847877715915976,1.528025053166903,2.32807515338866e-8,1.0,4.2337501212938855e-6,1.0
502.0,502.0,1.709073016905141e11,413409.36333193287,1.0,1.0,1.0,914.3269761617886,1.04476322559241e8,0.000611304032180701,1.3297587427020001,1.2727847888793752e-8,1.0,6.685836119009266e-7,1.0
503.0,503.0,1.711642281432739e11,413719.98760426586,1.0,1.0,1.0,1332.7024273097388,1.4096211899545616e8,0.0008235489462150224,8.370173827764534,5.9378887353302914e-8,1.0,6.179541128903624e-7,1.0
504.0,504.0,1.714573346205577e11,414074.0690028267,1.0,1.0,1.0,1580.9974044987625,1.78141566112773e8,0.001038984807547293,8.511830700266431,4.7781272422843715e-8,1.0,6.571704701037707e-7,1.0
505.0,505.0,1.7231844303519623e11,415112.56670353434,1.0,1.0,1.0,1530.3322070864326,1.9228712013193327e8,0.001115882412130035,6.514573019345094,3.3879403960469493e-8,1.0,7.291765846414095e-7,1.0
506.0,506.0,1.7232100533463446e11,415115.65296268277,1.0,1.0,1.0,1088.0393449659985,9.784622696281634e7,0.0005678136958137826,1.8920899649602676,1.9337382990550083e-8,1.0,5.218687159070768e-7,1.0
507.0,507.0,1.7304487287832098e11,415986.62584068853,1.0,1.0,1.0,2171.669195457473,1.2630783010696714e8,0.000729913736570109,18.29452732288646,1.4484080129785505e-7,1.0,3.3610723866088136e-7,1.0
508.0,508.0,1.7387820065781516e11,416987.0509474067,1.0,1.0,1.0,4184.966793952994,1.9345155009085426e8,0.0011125693092030005,8.418328668447609,4.351647047797731e-8,1.0,2.658490172038142e-7,1.0
509.0,509.0,1.7396068053095645e11,417085.9390233102,1.0,1.0,1.0,3121.5062094187488,1.584133195688146e8,0.0009106271514144421,17.214520664901894,1.0866839172209835e-7,1.0,2.917268428512941e-7,1.0
510.0,510.0,1.7402144860127048e11,417158.78104298667,1.0,1.0,1.0,31.428033661827723,6.799369762881497e7,0.0003907202140108196,1.2570026694596372,1.8487046786537345e-8,1.0,1.2432219534160221e-5,1.0
511.0,511.0,1.7501571716922107e11,418348.79845557234,1.0,1.0,1.0,2305.703802522752,2.2183590731408888e8,0.0012675199192397478,2.81223181079982,1.2677081181573802e-8,1.0,5.497323280869423e-7,1.0
512.0,512.0,1.7559553057843665e11,419041.20391488547,1.0,1.0,1.0,2110.282039124231,1.8591200426585653e8,0.001058751344853182,12.185451009176576,6.554418611802617e-8,1.0,5.017108259579202e-7,1.0
513.0,513.0,1.7736300130761963e11,421144.86973916664,1.0,1.0,1.0,2676.633726963986,1.9095785377334252e8,0.0010766498783772518,2.1784907875000377,1.1408228278141427e-8,1.0,4.0224027199958317e-7,1.0
514.0,514.0,1.7742588391711566e11,421219.5198671539,1.0,1.0,1.0,2440.589426395462,1.7587130127853107e8,0.0009912381323982369,7.823003580911093,4.448141055568184e-8,1.0,4.0614702402534346e-7,1.0
515.0,515.0,1.7820548233861127e11,422143.9118814948,1.0,1.0,1.0,3352.6590627273654,2.0410274783623186e8,0.0011453224942423411,14.333738188142046,7.022805101890722e-8,1.0,3.4161615386881274e-7,1.0
516.0,516.0,1.8060654510366177e11,424978.28780263796,1.0,1.0,1.0,2127.204217975505,2.4080248503595826e8,0.0013332987732998678,2.399290656724854,9.963728806036983e-9,1.0,6.267845663491539e-7,1.0
517.0,517.0,1.8070406233927612e11,425093.0043405515,1.0,1.0,1.0,1947.8591153090622,2.0012003844404188e8,0.001107446263437674,8.960109773345046,4.477367601405737e-8,1.0,5.685453607675102e-7,1.0
518.0,518.0,1.8206686296376828e11,426692.9375602182,1.0,1.0,1.0,496.96385224066364,7.360749054817098e7,0.00040428823422022204,1.4049079325678255,1.908648049410693e-8,1.0,8.135163803109733e-7,1.0
519.0,519.0,1.8217096584122662e11,426814.9081759289,1.0,1.0,1.0,23.885680830995323,6.3754445778858766e7,0.0003499703997671639,1.0877393878321295,1.7061388810516934e-8,1.0,1.4651891325325915e-5,1.0
520.0,520.0,1.823196659564298e11,426989.07006670535,1.0,1.0,1.0,56.097096358640044,6.455393414962469e7,0.00035407005501748666,1.192698240335184,1.8475996171722303e-8,1.0,6.3117358651479115e-6,1.0
521.0,521.0,1.8245882335900647e11,427151.990934148,1.0,1.0,1.0,2583.954776777817,2.1864884533466157e8,0.0011983462445926026,15.107483585404294,6.909473284683182e-8,1.0,4.6376440306240044e-7,1.0
522.0,522.0,1.835422293246595e11,428418.2878037065,1.0,1.0,1.0,3665.140878193392,2.154857527920332e8,0.0011740390956451689,4.6826196161008244,2.1730529988417503e-8,1.0,3.2032577591502347e-7,1.0
523.0,523.0,1.8397793611554047e11,428926.4926715771,1.0,1.0,1.0,2445.7626237032055,2.0512124146992123e8,0.0011149230491382933,6.471054922971284,3.154746371167747e-8,1.0,4.5585905939234347e-7,1.0
524.0,524.0,1.8409981095970728e11,429068.5387670684,1.0,1.0,1.0,2163.7561059105697,1.6472687214925468e8,0.0008947693732506717,16.958270407867158,1.0294780780933658e-7,1.0,4.1352598419318033e-7,1.0
525.0,525.0,1.8456876036241623e11,429614.6649759715,1.0,1.0,1.0,1469.8855504331643,1.3101508647837068e8,0.0007098443191707831,8.602985912105112,6.566408604802456e-8,1.0,4.829248909628353e-7,1.0
526.0,526.0,1.8558343204035153e11,430793.95543618244,1.0,1.0,1.0,5418.917474299895,2.6915443242369264e8,0.001450314984095437,4.751940935402865,1.765507219261595e-8,1.0,2.676392454717743e-7,1.0
527.0,527.0,1.868738974438481e11,432289.13639351167,1.0,1.0,1.0,1160.7810253725736,1.5120534282291627e8,0.0008091303542944694,2.527504846172157,1.6715711221444746e-8,1.0,6.970568407032364e-7,1.0
528.0,528.0,1.872397367422018e11,432712.07140799967,1.0,1.0,1.0,942.9660583891782,1.3152804509412572e8,0.0007024579712463322,4.827221307088844,3.6701079870469225e-8,1.0,7.449451281908345e-7,1.0
529.0,529.0,1.8731334499710178e11,432797.11759333813,1.0,1.0,1.0,1883.6508977908522,9.805468280003802e7,0.0005234794289739751,2.9577244916346297,3.0164030975511415e-8,1.0,2.7790681892696377e-7,1.0
530.0,530.0,1.9015615516121365e11,436068.9798199519,1.0,1.0,1.0,1500.2957648471104,1.8658843593089363e8,0.0009812379511197334,13.190930811037386,7.069532864917664e-8,1.0,6.540296747553158e-7,1.0
531.0,531.0,1.9040392796602563e11,436352.9855129052,1.0,1.0,1.0,924.3503957079826,1.6611150878807545e8,0.000872416397148331,5.956446343032905,3.58581195527258e-8,1.0,9.438156798538783e-7,1.0
532.0,532.0,1.904069293840222e11,436356.42470808444,1.0,1.0,1.0,1137.203645170902,2.3032779933394325e8,0.0012096608062511737,6.518928674224868,2.8302830497689406e-8,1.0,1.0637152029787791e-6,1.0
533.0,533.0,1.9041952780156763e11,436370.8603946506,1.0,1.0,1.0,1162.194118490585,2.3212529712586394e8,0.0012190204429460949,3.0645066740322657,1.3201950463699255e-8,1.0,1.0488957253796068e-6,1.0
534.0,534.0,1.9068670560968982e11,436676.8892553049,1.0,1.0,1.0,17.626397059179286,6.89376157547324e7,0.00036152292584868035,1.4435258602180991,2.093959653832392e-8,1.0,2.0510313289488185e-5,1.0
535.0,535.0,1.910213138901902e11,437059.8516109552,1.0,1.0,1.0,1681.5292567861381,3.018698293426474e8,0.0015802939642044,2.841058460809676,9.411534987419264e-9,1.0,9.397956995555186e-7,1.0
536.0,536.0,1.92281645876214e11,438499.3111467953,1.0,1.0,1.0,1839.6519711651586,1.5024081024268824e8,0.0007813580371826637,8.42590183199663,5.6082643713023324e-8,1.0,4.2473144346307213e-7,1.0
537.0,537.0,1.928119997474858e11,439103.6321274123,1.0,1.0,1.0,2453.553499242493,1.986416744332635e8,0.0010302350142392532,7.7555060645412475,3.9042693768405684e-8,1.0,4.1989506833958445e-7,1.0
538.0,538.0,1.93898487972207e11,440339.0602390469,1.0,1.0,1.0,3078.329832405051,2.1077493752091944e8,0.0010870375513515305,2.7611119123618852,1.3099811315875044e-8,1.0,3.531257566711898e-7,1.0
539.0,539.0,1.9428183410595755e11,440774.13048630423,1.0,1.0,1.0,3243.8292001282307,2.807096107793986e8,0.0014448577363469664,7.4692316895203055,2.6608393142850864e-8,1.0,4.454173284739684e-7,1.0
540.0,540.0,1.9577761457140463e11,442467.6424004411,1.0,1.0,1.0,3380.6287178532634,2.688776264776163e8,0.0013733828880583719,21.32638234786329,7.931631436667225e-8,1.0,4.062507310564661e-7,1.0
541.0,541.0,1.9594226922662784e11,442653.6673592887,1.0,1.0,1.0,3209.3154973240034,2.611743401839777e8,0.0013329147453267135,33.71189746840599,1.2907813778588853e-7,1.0,4.1532680300148945e-7,1.0
542.0,542.0,1.9621805438277325e11,442965.0712897951,1.0,1.0,1.0,1662.830346775356,1.8857508145571172e8,0.0009610485722730637,23.71252791750891,1.2574581824098524e-7,1.0,5.779594858469941e-7,1.0
543.0,543.0,1.9665952281787802e11,443463.1019801738,1.0,1.0,1.0,1075.7352989743254,1.7419891289410734e8,0.0008857893593828557,6.501828101591279,3.7324160028160645e-8,1.0,8.234268785522087e-7,1.0
544.0,544.0,1.973801970488704e11,444274.9115681307,1.0,1.0,1.0,1392.6828443936186,2.183465454128969e8,0.0011062231604622844,5.339408899049812,2.4453828151725058e-8,1.0,7.943108977865953e-7,1.0
545.0,545.0,1.9749540298769244e11,444404.54879275535,1.0,1.0,1.0,1712.793023336529,2.771607520672018e8,0.0014033782453223814,5.281936516671858,1.9057303303491935e-8,1.0,8.19350748281654e-7,1.0
546.0,546.0,1.9763883408533078e11,444565.89397448243,1.0,1.0,1.0,1547.6188561659285,2.5795072200442564e8,0.0013051621329645228,6.018539615073966,2.3332129340609205e-8,1.0,8.433356363968916e-7,1.0
547.0,547.0,1.9950211183093958e11,446656.59273197746,1.0,1.0,1.0,1723.6928453992102,1.8410766536727685e8,0.000922835672059163,9.858378395095661,5.3546811161109126e-8,1.0,5.353828987121152e-7,1.0
548.0,548.0,2.0039453365744147e11,447654.4802159825,1.0,1.0,1.0,3512.0499548544212,2.1630142170297652e8,0.0010793778551475021,2.400303035358812,1.1097028461603696e-8,1.0,3.073355644203084e-7,1.0
549.0,549.0,2.0208022024337042e11,449533.3360757247,1.0,1.0,1.0,3166.1187391711646,1.9960603174748513e8,0.0009877564044680689,8.537172467668766,4.277011266804093e-8,1.0,3.1197705640270665e-7,1.0
550.0,550.0,2.021348914252035e11,449594.1407816649,1.0,1.0,1.0,3276.035518873543,1.93055461217842e8,0.0009550823212476377,2.1894294852814995,1.13409352444783e-8,1.0,2.915360092237463e-7,1.0
551.0,551.0,2.025303966684442e11,450033.7728087129,1.0,1.0,1.0,5518.580833377145,2.898711597619814e8,0.0014312476739908348,39.860719017924474,1.3751184854214145e-7,1.0,2.593506767780676e-7,1.0
552.0,552.0,2.0279873541543936e11,450331.80591141834,1.0,1.0,1.0,2867.051864326934,1.7267635290028703e8,0.0008514666157824621,1.8096570958691789,1.0480051640954688e-8,1.0,2.969833320341247e-7,1.0
553.0,553.0,2.078166200076082e11,455869.08209222544,1.0,1.0,1.0,1154.1164432906075,1.6793586688831684e8,0.0008080964226239015,5.797037188206144,3.45193512571652e-8,1.0,7.001862137236893e-7,1.0
554.0,554.0,2.0787599466080457e11,455934.19992451166,1.0,1.0,1.0,1195.510998287142,1.7360368729597628e8,0.0008351309998886466,1.4759293229141364,8.501716443371562e-9,1.0,6.985556812820403e-7,1.0
555.0,555.0,2.0887516812602036e11,457028.62943804776,1.0,1.0,1.0,1964.6871495692853,2.6257155843571094e8,0.001257074074493124,2.2046765692389805,8.396478965653034e-9,1.0,6.398342223435981e-7,1.0
556.0,556.0,2.0893871202905258e11,457098.1426663781,1.0,1.0,1.0,1769.2457652624505,2.5423636843813968e8,0.0012167987730420957,7.475956530364454,2.9405535393271203e-8,1.0,6.877499988598787e-7,1.0
557.0,557.0,2.106337459702777e11,458948.52213541087,1.0,1.0,1.0,3298.217312822859,2.188619058839391e8,0.001039063823015006,6.798169720174397,3.106145719017643e-8,1.0,3.1503801128425285e-7,1.0
558.0,558.0,2.108468179582442e11,459180.5940566785,1.0,1.0,1.0,3002.694961141686,2.3586908966694638e8,0.001118675122094994,2.2685168610948216,9.61769455590502e-9,1.0,3.7255703179041904e-7,1.0
559.0,559.0,2.1344270769401608e11,461998.6013983333,1.0,1.0,1.0,4604.2765424100335,2.301726823780144e8,0.0010783815698734503,23.158479963758683,1.0061350341186593e-7,1.0,2.342130321540133e-7,1.0
560.0,560.0,2.137044722595459e11,462281.81043552415,1.0,1.0,1.0,2487.268070856642,1.5414217523921427e8,0.0007212866156325311,1.9148250322686515,1.2422460144605779e-8,1.0,2.8999150677960984e-7,1.0
561.0,561.0,2.13760614411466e11,462342.52931291756,1.0,1.0,1.0,3171.5938049473566,2.014488501765144e8,0.0009424039626476228,2.105169926093677,1.0450146149998253e-8,1.0,2.9713892150299027e-7,1.0
562.0,562.0,2.1418485589664685e11,462801.0975534164,1.0,1.0,1.0,2098.193251234732,1.578162725028401e8,0.0007368227403041733,1.508535851533516,9.558810556157117e-9,1.0,3.5117010307347634e-7,1.0
563.0,563.0,2.1496165141269135e11,463639.5705854833,1.0,1.0,1.0,3694.5268216453333,3.016969854518744e8,0.001403492128981445,10.291429986759953,3.4111809104729155e-8,1.0,3.7988413584081356e-7,1.0
564.0,564.0,2.167132561045546e11,465524.71051981184,1.0,1.0,1.0,2063.8585840193837,2.519666952358854e8,0.0011626732030391319,10.412487016925198,4.132485442754265e-8,1.0,5.633492585401928e-7,1.0
565.0,565.0,2.1965626210829562e11,468675.00691662193,1.0,1.0,1.0,4152.731476140428,2.37138424990137e8,0.0010795887303238613,2.5503124562671524,1.075453062913332e-8,1.0,2.5997075335273956e-7,1.0
566.0,566.0,2.2194134906943225e11,471106.5156304169,1.0,1.0,1.0,5114.935107963676,2.6760915396998814e8,0.001205765195450727,9.973965325495158,3.727064329160909e-8,1.0,2.357342116761982e-7,1.0
567.0,567.0,2.2262633945231696e11,471832.9571493676,1.0,1.0,1.0,2417.567639932767,1.4781565619065452e8,0.0006639630181855502,1.6035916769419938,1.084859153220519e-8,1.0,2.746409271940847e-7,1.0
568.0,568.0,2.2341484465231583e11,472667.7952349999,1.0,1.0,1.0,1991.004757396334,2.3002540023540598e8,0.0010295887032805407,1.9739483001857219,8.58143621602484e-9,1.0,5.171201622978284e-7,1.0
569.0,569.0,2.2365096224039822e11,472917.50045901054,1.0,1.0,1.0,2192.7002796421466,1.3305534693406698e8,0.0005949240980830299,1.4442309347759703,1.0854362243829628e-8,1.0,2.713203001826236e-7,1.0
570.0,570.0,2.2371628462636313e11,472986.5586106683,1.0,1.0,1.0,1812.9461620272043,2.0537488331827077e8,0.0009180149056938893,7.12698479327322,3.470231927474822e-8,1.0,5.063663361450189e-7,1.0
571.0,571.0,2.2406790810231696e11,473358.11823852453,1.0,1.0,1.0,1974.1533947333126,2.3275097414843017e8,0.0010387519395650834,2.242825248299894,9.636158372723275e-9,1.0,5.26175900178926e-7,1.0
572.0,572.0,2.248260879783549e11,474158.29422077484,1.0,1.0,1.0,2233.9331584515376,2.3249652587934974e8,0.0010341172064330904,7.375485801648025,3.1722993575339195e-8,1.0,4.629132266203946e-7,1.0
573.0,573.0,2.258275293800028e11,475213.14100096474,1.0,1.0,1.0,1337.683247241256,1.990076756583099e8,0.0008812374470879776,1.7667645775262402,8.877871527728011e-9,1.0,6.58778861816039e-7,1.0
574.0,574.0,2.2606816397981628e11,475466.2595598307,1.0,1.0,1.0,1494.768555891939,2.999834562425091e8,0.0013269602013284848,4.2099917674552145,1.403407980605877e-8,1.0,8.877362291961502e-7,1.0
575.0,575.0,2.2607572204038657e11,475474.2075448326,1.0,1.0,1.0,1230.6552335981714,1.9690121804631728e8,0.0008709525140676669,5.714750013515104,2.902343651100443e-8,1.0,7.077144681058958e-7,1.0
576.0,576.0,2.264313802701524e11,475848.06427067914,1.0,1.0,1.0,1530.486077138534,3.1390983503386426e8,0.001386335387194092,2.430907601926332,7.74396762710538e-9,1.0,9.058137855040454e-7,1.0
577.0,577.0,2.295349055209461e11,479098.0124368563,1.0,1.0,1.0,1199.2030952038253,2.1703956723314947e8,0.0009455623619507969,9.179991850557487,4.229639765648809e-8,1.0,7.884922626805614e-7,1.0
578.0,578.0,2.3041964760528067e11,480020.4658191989,1.0,1.0,1.0,4068.266162710147,2.1215436454593906e8,0.0009207303574580277,2.403407690498861,1.1328579997129574e-8,1.0,2.2632008837019332e-7,1.0
579.0,579.0,2.3093468449406314e11,480556.64025592565,1.0,1.0,1.0,1391.0422381592439,2.2167636932463276e8,0.0009599093780977502,1.9210681539331265,8.666093546005827e-9,1.0,6.900648677411775e-7,1.0
580.0,580.0,2.3105471925964783e11,480681.51541290607,1.0,1.0,1.0,1467.6827527548717,2.3176531000404018e8,0.001003075422021836,10.577352542009208,4.563820418410001e-8,1.0,6.834415817308218e-7,1.0
581.0,581.0,2.3185578780969174e11,481514.05774877616,1.0,1.0,1.0,1487.3151413331525,2.6167444007977313e8,0.001128608617055821,2.044778603108217,7.81420838231221e-9,1.0,7.588227845540486e-7,1.0
582.0,582.0,2.3409791422000754e11,483836.660682102,1.0,1.0,1.0,2845.615242520882,2.0596812345186737e8,0.0008798374975630574,10.076328711471259,4.892178722901262e-8,1.0,3.0919060469454907e-7,1.0
583.0,583.0,2.3479258697058734e11,484554.0083113412,1.0,1.0,1.0,5300.505544405165,1.9778531718052626e8,0.0008423831416794975,3.089890625112875,1.5622446949854286e-8,1.0,1.5892505622763793e-7,1.0
584.0,584.0,2.3581308266308914e11,485605.8923273987,1.0,1.0,1.0,4759.089828590879,3.175461707733333e8,0.0013466011595062925,5.080526728476408,1.599933236827763e-8,1.0,2.8295350749977505e-7,1.0
585.0,585.0,2.3750522331087476e11,487345.07621486724,1.0,1.0,1.0,1706.3758756693849,2.077189758831491e8,0.0008745869805895269,4.415354908061914,2.1256386827677105e-8,1.0,5.125406383552159e-7,1.0
586.0,586.0,2.3851957856237662e11,488384.6624970696,1.0,1.0,1.0,1219.6545718358068,1.886121433694598e8,0.000790761687560089,8.65257601896277,4.5874967615316515e-8,1.0,6.483488897760992e-7,1.0
587.0,587.0,2.4070841699586502e11,490620.4408663229,1.0,1.0,1.0,2311.393507713827,3.059737185237734e8,0.0012711384274699425,5.615548756660323,1.835304280796904e-8,1.0,5.499446213843574e-7,1.0
588.0,588.0,2.409606641583181e11,490877.44311418314,1.0,1.0,1.0,1838.8786044827818,2.5742964904316682e8,0.0010683471923426183,3.6333321616613614,1.4113883832596572e-8,1.0,5.809775532426245e-7,1.0
589.0,589.0,2.4097143109917944e11,490888.4100273497,1.0,1.0,1.0,1827.273893020837,2.4468879801240596e8,0.0010154265888063132,3.4922566240663193,1.4272237424037925e-8,1.0,5.557057388521087e-7,1.0
590.0,590.0,2.4171191045789197e11,491642.05521689454,1.0,1.0,1.0,4052.5059085563685,2.5477193416045493e8,0.0010540313623972925,24.60193960959759,9.656455950845489e-8,1.0,2.6009372624771125e-7,1.0
591.0,591.0,2.4290754538301462e11,492856.51601963694,1.0,1.0,1.0,2587.488167603612,2.1593158698598745e8,0.000888945572471061,2.2419196442146374,1.0382546043802149e-8,1.0,3.435554154801616e-7,1.0
592.0,592.0,2.4309201473909647e11,493043.62356600503,1.0,1.0,1.0,2269.5723253998785,2.284672062638919e8,0.0009398383850643423,2.1156976384791353,9.26039964503656e-9,1.0,4.14103738641046e-7,1.0
593.0,593.0,2.436988890835844e11,493658.67670242,1.0,1.0,1.0,4820.290622525679,1.6815272584910637e8,0.000690002016785063,6.67100209296218,3.967228041815078e-8,1.0,1.4314531442577708e-7,1.0
594.0,594.0,2.4401972807830463e11,493983.5301690782,1.0,1.0,1.0,2611.42600340394,1.9656340966480586e8,0.0008055226198558048,8.282619173632536,4.2137136031067665e-8,1.0,3.084608251605915e-7,1.0
595.0,595.0,2.4535577994781067e11,495334.00847086066,1.0,1.0,1.0,2774.5057815015302,2.360782155398383e8,0.0009621872978986226,19.2732329020625,8.16391841068035e-8,1.0,3.4679592463415164e-7,1.0
596.0,596.0,2.45455827548666e11,495434.98821607867,1.0,1.0,1.0,5123.079032763258,2.807933088836699e8,0.0011439667666670557,4.989156744641312,1.7768075583048785e-8,1.0,2.232967243626592e-7,1.0
597.0,597.0,2.5345292301700568e11,503441.0819718686,1.0,1.0,1.0,1613.07968520847,1.9448639376062918e8,0.0007673472160202799,8.103509955835206,4.166620478147538e-8,1.0,4.757032297019537e-7,1.0
598.0,598.0,2.5347660722357025e11,503464.6037444641,1.0,1.0,1.0,1646.3678352142133,2.1861642541228586e8,0.0008624717986691274,5.383768340210006,2.4626550041044846e-8,1.0,5.238633677248128e-7,1.0
599.0,599.0,2.5376193575645273e11,503747.8890838678,1.0,1.0,1.0,1751.4807500496977,2.1611539050976455e8,0.0008516462063059294,5.376646433341648,2.4878591111255077e-8,1.0,4.862435435169722e-7,1.0
600.0,600.0,2.5448493292185004e11,504464.9967260861,1.0,1.0,1.0,2069.625659061688,2.374557654620576e8,0.0009330837612700661,21.548128585729682,9.074586394564843e-8,1.0,4.508466336337852e-7,1.0
601.0,601.0,2.5656239912017157e11,506519.89015257,1.0,1.0,1.0,4643.77544739143,2.2778399166187918e8,0.0008878307668301406,77.04433899651049,3.382342123096803e-7,1.0,1.9118727356398465e-7,1.0
602.0,602.0,2.5868432553482898e11,508610.1901602336,1.0,1.0,1.0,5224.122626925945,2.3537419426399526e8,0.0009098896645591008,8.14182845869088,3.4590998746273006e-8,1.0,1.7417080905976196e-7,1.0
603.0,603.0,2.5884664496496463e11,508769.7366834673,1.0,1.0,1.0,1902.3007378889565,1.6649093141919267e8,0.0006432029721837221,1.8554377089661924,1.1144377012910999e-8,1.0,3.3811844750557416e-7,1.0
604.0,604.0,2.5918711183530023e11,509104.2249238364,1.0,1.0,1.0,3183.773625824036,3.263745551382306e8,0.001259223703460012,10.247210634021975,3.1397088016502804e-8,1.0,3.955129514379639e-7,1.0
605.0,605.0,2.6399356519322592e11,513803.04124559823,1.0,1.0,1.0,3841.5141529074635,2.4304108486889553e8,0.0009206326092369578,2.8201427139558244,1.1603563716303782e-8,1.0,2.3965357736354396e-7,1.0
606.0,606.0,2.6462990227550925e11,514421.91076538456,1.0,1.0,1.0,2990.303067931149,2.380603123382245e8,0.0008995971739832865,8.608683926400316,3.616177699611482e-8,1.0,3.008381269546955e-7,1.0
607.0,607.0,2.6567349132605682e11,515435.24455168645,1.0,1.0,1.0,2135.640975043106,3.450094951114917e8,0.001298622205646805,2.421596678300714,7.01892762771978e-9,1.0,6.080714037716912e-7,1.0
608.0,608.0,2.6587436105034485e11,515630.06220578804,1.0,1.0,1.0,1627.9103547382713,2.8433211099747425e8,0.0010694228276120876,6.990150031779164,2.4584455154420664e-8,1.0,6.569298023686476e-7,1.0
609.0,609.0,2.6634047478678375e11,516081.8489220327,1.0,1.0,1.0,7455.718502366476,2.5162987043276626e8,0.0009447676727596513,3.2103336950873933,1.2758158196308217e-8,1.0,1.2671718660780688e-7,1.0
610.0,610.0,2.6689512190840103e11,516618.93297516793,1.0,1.0,1.0,5753.118997091642,2.4712649960334224e8,0.0009259311236842185,7.957257239606528,3.219912569180689e-8,1.0,1.609441981214541e-7,1.0
611.0,611.0,2.672107685139491e11,516924.3353857014,1.0,1.0,1.0,1872.8713429434677,3.1886999579486793e8,0.0011933276387669318,7.984101843235326,2.5038736627862516e-8,1.0,6.371647701605909e-7,1.0
612.0,612.0,2.6731122812380145e11,517021.49677146063,1.0,1.0,1.0,1863.0368615937732,1.7906655476697126e8,0.0006698804090844072,1.4141678671980884,7.897442760291693e-9,1.0,3.595636902811167e-7,1.0
613.0,613.0,2.6846379286713196e11,518134.9176296961,1.0,1.0,1.0,2351.2982180310855,2.468939684457764e8,0.000919654624551828,2.1916570566593934,8.876916146540735e-9,1.0,3.9112632225865515e-7,1.0
614.0,614.0,2.686227934076087e11,518288.3303795376,1.0,1.0,1.0,1455.085201900573,2.232103073942715e8,0.0008309432893485208,10.44452037293852,4.679228521150398e-8,1.0,5.71061603996231e-7,1.0
615.0,615.0,2.6871862605736935e11,518380.7732327361,1.0,1.0,1.0,1747.8607734873779,2.899142900994459e8,0.0010788767955877282,2.647907695395763,9.133415581584731e-9,1.0,6.172555686086626e-7,1.0
616.0,616.0,2.7153891338748355e11,521093.9583102874,1.0,1.0,1.0,1724.1238268557297,2.0554740986161634e8,0.0007569722040263157,1.7509007120882119,8.51823291408535e-9,1.0,4.390474699295813e-7,1.0
617.0,617.0,2.716172092042133e11,521169.07928638026,1.0,1.0,1.0,2163.663359824225,2.49667525560601e8,0.0009191889075219451,7.358471916894565,2.9473083828322392e-8,1.0,4.2482990865853525e-7,1.0
618.0,618.0,2.7222022597777084e11,521747.2817157468,1.0,1.0,1.0,2592.104321630144,2.5124095184037998e8,0.0009229327142935335,2.9620598164192935,1.178971737004911e-8,1.0,3.560553896662276e-7,1.0
619.0,619.0,2.7268415401781448e11,522191.68321394635,1.0,1.0,1.0,2021.6468197623365,2.2378749456562802e8,0.0008206839002979667,9.78068728042727,4.3705244912905977e-8,1.0,4.0594820632144134e-7,1.0
620.0,620.0,2.7276665485009863e11,522270.6720179668,1.0,1.0,1.0,2358.529999734592,2.450271426759101e8,0.0008983031403611195,4.046290371987528,1.651364141865472e-8,1.0,3.808741633399645e-7,1.0
621.0,621.0,2.732187485699424e11,522703.3083594769,1.0,1.0,1.0,2274.1185291634038,2.099340838027626e8,0.0007683736389102731,9.339597830505868,4.4488239594106336e-8,1.0,3.378775684101832e-7,1.0
622.0,622.0,2.763534099357818e11,525693.2660171536,1.0,1.0,1.0,2049.378288183406,2.5830647494297138e8,0.00093469617474058,7.358138929606362,2.848608005478328e-8,1.0,4.560876730908993e-7,1.0
623.0,623.0,2.7643516425619696e11,525771.0188439421,1.0,1.0,1.0,2037.8255186694646,2.6248656358196974e8,0.0009495411545613645,12.875062030486488,4.905036579321582e-8,1.0,4.659580252883172e-7,1.0
624.0,624.0,2.774100253788114e11,526697.2805880161,1.0,1.0,1.0,2053.4977666700443,2.963810168624424e8,0.0010683861065927491,5.9479784456396585,2.006868896990864e-8,1.0,5.202762447242619e-7,1.0
625.0,625.0,2.834005933876783e11,532353.8234930583,1.0,1.0,1.0,2608.612312031125,2.5039490359573078e8,0.0008835369771842663,7.326587563386191,2.926013052838042e-8,1.0,3.38699995054583e-7,1.0
626.0,626.0,2.840502688309337e11,532963.6655823112,1.0,1.0,1.0,2001.251156543145,2.338560692855643e8,0.0008232911396111334,10.496299576533104,4.488358842902231e-8,1.0,4.1138821427753364e-7,1.0
627.0,627.0,2.856961386907872e11,534505.5085691701,1.0,1.0,1.0,5873.720765778685,1.7540411970083708e8,0.0006139534041842695,48.6386900176849,2.772950264830797e-7,1.0,1.0452546667885004e-7,1.0
628.0,628.0,2.874931044316337e11,536183.8345489667,1.0,1.0,1.0,4842.640313499493,3.278896160651e8,0.0011405129814397073,21.853580140613865,6.664919827388254e-8,1.0,2.355147001647796e-7,1.0
629.0,629.0,2.881515374169311e11,536797.4826849797,1.0,1.0,1.0,2379.2801908080187,2.5949752562296662e8,0.0009005592263557733,4.879526569823204,1.8803749893603398e-8,1.0,3.78500703630848e-7,1.0
630.0,630.0,2.883745098032946e11,537005.1301461604,1.0,1.0,1.0,2197.127965833573,2.5887079422039515e8,0.0008976895895323776,6.731260841729183,2.6002395646710367e-8,1.0,4.08574103780888e-7,1.0
631.0,631.0,2.9016661687775244e11,538671.1583867773,1.0,1.0,1.0,2403.3239282879767,2.7495820963234615e8,0.0009475873318271446,11.783885132792262,4.285700405568462e-8,1.0,3.9428198615829723e-7,1.0
632.0,632.0,2.9143648362333185e11,539848.574716403,1.0,1.0,1.0,7000.216718840937,1.91498033106408e8,0.0006570832525416286,19.45940033423069,1.0161671124537274e-7,1.0,9.386612999753319e-8,1.0
633.0,633.0,2.9331682824435583e11,541587.3228246354,1.0,1.0,1.0,2454.6973132640182,2.1771490723294276e8,0.0007422516727174505,14.74083148850712,6.770703796013038e-8,1.0,3.023801218613289e-7,1.0
634.0,634.0,2.9334651576485364e11,541614.7300109679,1.0,1.0,1.0,2928.7316328234087,2.386911580185639e8,0.0008136832906733411,14.486547683012292,6.069159741363166e-8,1.0,2.7782787659821174e-7,1.0
635.0,635.0,2.9340658070526447e11,541670.1770498949,1.0,1.0,1.0,2623.7726078742317,2.2660695855725327e8,0.0007723308663814164,13.61917380659176,6.010042183187204e-8,1.0,2.9435891817132553e-7,1.0
636.0,636.0,2.934893334884192e11,541746.5583540141,1.0,1.0,1.0,2325.146991857552,2.0194217485013896e8,0.0006880733026126156,7.03272371653405,3.482543315880578e-8,1.0,2.959267973260117e-7,1.0
637.0,637.0,2.9969978247006635e11,547448.4290506882,1.0,1.0,1.0,9378.52310539961,2.5217890772871172e8,0.0008414384026731801,23.58034119337818,9.350639752451213e-8,1.0,8.971971313785308e-8,1.0
638.0,638.0,3.005378988186967e11,548213.3697919969,1.0,1.0,1.0,3720.2711594139923,2.3611538816685992e8,0.0007856426406571157,20.338973716764233,8.613997524969509e-8,1.0,2.1117886492469226e-7,1.0
639.0,639.0,3.016132076063882e11,549193.2333945751,1.0,1.0,1.0,2038.0213675333714,2.360791275483683e8,0.0007827214503400576,3.6820700912416617,1.5596762532457567e-8,1.0,3.8405949162711166e-7,1.0
640.0,640.0,3.025649760339879e11,550059.0659501831,1.0,1.0,1.0,2433.3938672683303,2.4292070453991157e8,0.0008028712024765265,13.274808369239715,5.464667290167001e-8,1.0,3.2993886163517397e-7,1.0
641.0,641.0,3.026809560889568e11,550164.480940888,1.0,1.0,1.0,2243.3499850009594,2.1218363187439233e8,0.0007010141493328803,11.283114645479747,5.3176178051556754e-8,1.0,3.1248541423311644e-7,1.0
642.0,642.0,3.0343915403209094e11,550853.1147521007,1.0,1.0,1.0,2022.3443706939754,1.8392302592724198e8,0.0006061281920121428,21.899188630010066,1.1906713974286806e-7,1.0,2.997156175751351e-7,1.0
643.0,643.0,3.0576248110356055e11,552957.9379153178,1.0,1.0,1.0,2785.000187000505,2.5879995076170945e8,0.000846408460298507,2.1890872368421874,8.458607622103476e-9,1.0,3.039168414599297e-7,1.0
644.0,644.0,3.0622618534268164e11,553377.0733800612,1.0,1.0,1.0,2049.669430569218,2.955684888122927e8,0.000965196652256218,22.629374508605572,7.656220252313542e-8,1.0,4.7090357003966787e-7,1.0
645.0,645.0,3.067610316614413e11,553860.1192191412,1.0,1.0,1.0,1942.7327746033438,2.6667203921909654e8,0.0008693152375264903,1.8263761183729335,6.8487724611892706e-9,1.0,4.4747031032303564e-7,1.0
646.0,646.0,3.079563716617197e11,554938.1692240314,1.0,1.0,1.0,2453.664919229892,3.3215934582460326e8,0.0010785922167422977,12.296934902832168,3.7021191959251885e-8,1.0,4.3958415360188017e-7,1.0
647.0,647.0,3.080550723502784e11,555027.0915462401,1.0,1.0,1.0,1820.754697075076,2.4668550376494047e8,0.000800783775253734,1.8083705708630575,7.3306722237016935e-9,1.0,4.39808710388138e-7,1.0
648.0,648.0,3.096042859578177e11,556420.9611057241,1.0,1.0,1.0,2028.1470766777331,2.707300876599095e8,0.0008744390843989612,13.521950541747167,4.994624212148143e-8,1.0,4.311517120500759e-7,1.0
649.0,649.0,3.100228367751665e11,556796.9439348303,1.0,1.0,1.0,5932.978871351241,2.6013098141694793e8,0.000839070387185008,7.622011760578967,2.9300668882599932e-8,1.0,1.4142480621946141e-7,1.0
650.0,650.0,3.1264246169859326e11,559144.4014729945,1.0,1.0,1.0,2503.3661761032718,2.90335136001124e8,0.0009286490862719819,12.99822713036785,4.476973504535396e-8,1.0,3.7096014763509857e-7,1.0
651.0,651.0,3.12873687577874e11,559351.1308452626,1.0,1.0,1.0,2233.4483572944196,2.7484626292803645e8,0.0008784575819293929,3.990305649551164,1.451831873364446e-8,1.0,3.933189585782718e-7,1.0
652.0,652.0,3.1302729782631116e11,559488.4251048552,1.0,1.0,1.0,2220.1294746720123,2.786588639769726e8,0.0008902062729103647,10.016355729317905,3.594486671382716e-8,1.0,4.0097043125914e-7,1.0
653.0,653.0,3.161428875335934e11,562265.8512959803,1.0,1.0,1.0,3460.911235593989,2.89414268023265e8,0.0009154539926263542,8.73855845770891,3.0193944821664967e-8,1.0,2.645124160398285e-7,1.0
654.0,654.0,3.1643678443175635e11,562527.1410623281,1.0,1.0,1.0,4841.239773255396,2.2223028177128583e8,0.0007022896593704386,3.4970147468750534,1.5735995648307276e-8,1.0,1.450640109275558e-7,1.0
655.0,655.0,3.168230946927047e11,562870.4066592102,1.0,1.0,1.0,2618.949420169998,1.484085712324397e8,0.00046842724969423956,9.258726278711855,6.238673549528822e-8,1.0,1.788607470181053e-7,1.0
656.0,656.0,3.1713417755306274e11,563146.6749906837,1.0,1.0,1.0,2096.9013987032977,2.579209136550328e8,0.0008132864021052695,9.30252124986227,3.606733977750585e-8,1.0,3.8785152349471345e-7,1.0
657.0,657.0,3.17322341044628e11,563313.7145895065,1.0,1.0,1.0,4410.766636476087,2.9626373033272624e8,0.0009336365339780116,10.778560266524876,3.638163957159741e-8,1.0,2.116721674316295e-7,1.0
658.0,658.0,3.1980863338467773e11,565516.2538642703,1.0,1.0,1.0,2257.539616120945,2.4544804305017853e8,0.0007674841030043578,26.946537216077033,1.0978509700551239e-7,1.0,3.39964843816606e-7,1.0
659.0,659.0,3.205219625391298e11,566146.5910337444,1.0,1.0,1.0,1781.4732492162325,2.1085205958283335e8,0.0006578396620420682,7.8454245512725205,3.720819501025761e-8,1.0,3.692672131515238e-7,1.0
660.0,660.0,3.2336003846769147e11,568647.5520633949,1.0,1.0,1.0,3464.95368178403,2.5936978993901557e8,0.0008021083585525911,13.71595749040325,5.2881862200020364e-8,1.0,2.3149179822213463e-7,1.0
661.0,661.0,3.243597617770947e11,569525.9096626727,1.0,1.0,1.0,2503.5738758438797,2.749190785140928e8,0.0008475745453017066,18.935341882249556,6.887605612747207e-8,1.0,3.3854584978684305e-7,1.0
662.0,662.0,3.248581385524314e11,569963.278249074,1.0,1.0,1.0,2820.607198578594,2.5336423376936328e8,0.00077992269285854,9.800117855991715,3.867995767549785e-8,1.0,2.7650879330222633e-7,1.0
663.0,663.0,3.263867048792503e11,571302.6386069386,1.0,1.0,1.0,2462.892600213771,2.1590483109274587e8,0.0006615000789067428,3.3180112601178187,1.53679343038531e-8,1.0,2.6858665247901055e-7,1.0
664.0,664.0,3.2684565059177185e11,571704.163524958,1.0,1.0,1.0,2670.945463949675,2.521289950631563e8,0.0007714007969371704,10.062795994137378,3.9911300088631525e-8,1.0,2.8881188603396545e-7,1.0
665.0,665.0,3.300103337519054e11,574465.2589599352,1.0,1.0,1.0,2535.187012414872,2.833133233675044e8,0.0008584983387500277,10.40776957766168,3.673589880614642e-8,1.0,3.3863314009812317e-7,1.0
666.0,666.0,3.339642025723522e11,577896.3597154357,1.0,1.0,1.0,6455.720933157135,3.041596361028234e8,0.0009107552080408772,49.57308163712336,1.6298376129054197e-7,1.0,1.410772270782587e-7,1.0
667.0,667.0,3.3555462287621796e11,579270.7681872252,1.0,1.0,1.0,6733.778186297667,2.843853250031876e8,0.0008475083171320203,109.78239840906419,3.8603396653904617e-7,1.0,1.2585925667355448e-7,1.0
668.0,668.0,3.3617881317710645e11,579809.290350807,1.0,1.0,1.0,2961.031365332613,2.4712694309477156e8,0.000735105644263178,8.23474212342007,3.332191148523251e-8,1.0,2.4825999915762576e-7,1.0
669.0,669.0,3.365987411875599e11,580171.3033127026,1.0,1.0,1.0,3477.2532765512096,2.721962898200904e8,0.0008086669947671053,27.72805388185788,1.0186786024664352e-7,1.0,2.3255912941986007e-7,1.0
670.0,670.0,3.368886897551604e11,580421.1313823442,1.0,1.0,1.0,10221.506527919331,2.2340884854557696e8,0.0006631533065955897,8.582021667519324,3.841397385382457e-8,1.0,6.487823539360198e-8,1.0
671.0,671.0,3.379007637596946e11,581292.3221234687,1.0,1.0,1.0,3733.926993628028,2.6003194422061998e8,0.0007695512186083652,19.338240200959323,7.436870972394762e-8,1.0,2.060970179442741e-7,1.0
672.0,672.0,3.398817950693291e11,582993.8207814292,1.0,1.0,1.0,3480.0146593073573,2.879458588949976e8,0.0008471941224162904,43.50868585294493,1.5110023109580788e-7,1.0,2.434455614002819e-7,1.0
673.0,673.0,3.4056435879288696e11,583578.922505677,1.0,1.0,1.0,2885.438779675618,2.7901105869511855e8,0.0008192608868030265,10.975932340583112,3.933870002112265e-8,1.0,2.839293949238209e-7,1.0
674.0,674.0,3.41843269091116e11,584673.6432328004,1.0,1.0,1.0,3550.097510695383,3.4984436140077114e8,0.0010234057358470005,28.933612490631095,8.270424109851894e-8,1.0,2.882753875812664e-7,1.0
675.0,675.0,3.419996113358254e11,584807.3283875856,1.0,1.0,1.0,2917.160532740764,3.044830299281613e8,0.0008903022683054248,9.533313380905005,3.1309834847460177e-8,1.0,3.0519481472243756e-7,1.0
676.0,676.0,3.429903254805251e11,585653.759042427,1.0,1.0,1.0,2725.2989108153206,2.741883885694946e8,0.000799405604076126,14.088211235462031,5.138150199927702e-8,1.0,2.933276789946575e-7,1.0
677.0,677.0,3.43616897521512e11,586188.4488127619,1.0,1.0,1.0,2681.7989984040073,2.2868601003714988e8,0.0006655260884018366,13.729695171242753,6.003732003113078e-8,1.0,2.481640454030688e-7,1.0
678.0,678.0,3.4427672648363306e11,586750.9918897735,1.0,1.0,1.0,2815.109196563506,2.868171843139287e8,0.0008331007075450999,9.992568152546745,3.4839502983705584e-8,1.0,2.9593903801745687e-7,1.0
679.0,679.0,3.4444024368608167e11,586890.3165720846,1.0,1.0,1.0,2568.695498156325,2.5484074467768174e8,0.0007398692487666686,48.89539980888674,1.9186649242737385e-7,1.0,2.880330694306538e-7,1.0
680.0,680.0,3.460569346856226e11,588266.0407380513,1.0,1.0,1.0,2858.722060308872,2.318515901171217e8,0.0006699810546109985,12.88096957855963,5.555696026088372e-8,1.0,2.3436383127732607e-7,1.0
681.0,681.0,3.471136925176039e11,589163.5532834698,1.0,1.0,1.0,3336.7012758925557,2.2787858363314462e8,0.000656495518856655,5.602181068035985,2.4584061291646186e-8,1.0,1.967498629858751e-7,1.0
682.0,682.0,3.472271949636039e11,589259.8704846648,1.0,1.0,1.0,2557.787379899937,1.8347318176054448e8,0.0005283951941477005,11.80125079452126,6.432139390226182e-8,1.0,2.0658292331099538e-7,1.0
683.0,683.0,3.494631541908922e11,591154.0866735949,1.0,1.0,1.0,3162.5243219841996,2.543999189195367e8,0.0007279735099376884,1.7786696272374165,6.9916281207044105e-9,1.0,2.301874818407564e-7,1.0
684.0,684.0,3.495004969756489e11,591185.6704755698,1.0,1.0,1.0,2505.4126626154175,2.115930700878914e8,0.0006054156471311476,7.436238596256784,3.5144055489000294e-8,1.0,2.4164308585362943e-7,1.0
685.0,685.0,3.4950992584790784e11,591193.6449657658,1.0,1.0,1.0,2620.5743818022543,2.3569336841131032e8,0.000674353862451266,2.1909164935471765,9.295622137597377e-9,1.0,2.5733055590182903e-7,1.0
686.0,686.0,3.495541438389154e11,591231.0409974391,1.0,1.0,1.0,2020.7528475983347,1.8511311390345055e8,0.0005295692159171246,9.06689129857213,4.898027539691839e-8,1.0,2.620653072672978e-7,1.0
687.0,687.0,3.499376453489611e11,591555.2766639489,1.0,1.0,1.0,2042.3439929535696,2.0253708252508375e8,0.0005787804916933762,3.6220380211410674,1.7883332651898383e-8,1.0,2.8339030725982805e-7,1.0
688.0,688.0,3.5363254277267316e11,594670.1125604626,1.0,1.0,1.0,3958.4406083299727,2.4190331513790214e8,0.0006840527558718859,18.274966501428732,7.554657309041323e-8,1.0,1.7280864450319011e-7,1.0
689.0,689.0,3.548094074548932e11,595658.8012066078,1.0,1.0,1.0,3509.212190568411,2.9250944002897274e8,0.000824412864670612,2.905479309528942,9.932942024849377e-9,1.0,2.349281889782436e-7,1.0
690.0,690.0,3.5679102619768225e11,597319.8692473592,1.0,1.0,1.0,2297.7125858178288,2.002153108588895e8,0.0005611556797886,5.195804529957978,2.5951084897897486e-8,1.0,2.4422361754565004e-7,1.0
691.0,691.0,3.573325217295629e11,597772.968383117,1.0,1.0,1.0,2639.6151033386727,2.5836046525426343e8,0.000723025332418639,2.400081950930801,9.289664144528293e-9,1.0,2.7391316692503107e-7,1.0
692.0,692.0,3.5798070784075287e11,598314.8902047757,1.0,1.0,1.0,2822.2999404559496,2.666819742380111e8,0.0007449618586027814,11.62944584215059,4.360791866559163e-8,1.0,2.639555944866834e-7,1.0
693.0,693.0,3.601007454054494e11,600083.9486317305,1.0,1.0,1.0,3153.3065893740686,2.4518856143932945e8,0.0006808887918215917,2.094476009465156,8.542307181382672e-9,1.0,2.1592850949413967e-7,1.0
694.0,694.0,3.6339834755451434e11,602825.3043415765,1.0,1.0,1.0,2654.4080691383638,2.3151714917800972e8,0.0006370891684202046,43.5478251575526,1.8809762024229821e-7,1.0,2.400117660232277e-7,1.0
695.0,695.0,3.6377767680542755e11,603139.8484642078,1.0,1.0,1.0,2689.48819850707,2.4769667249451825e8,0.0006809012426942099,20.448827507234636,8.255592334486119e-8,1.0,2.531713071179033e-7,1.0
696.0,696.0,3.642204912997242e11,603506.8278816108,1.0,1.0,1.0,5594.900211344797,2.810107274355013e8,0.0007715401362744131,5.474794143799273,1.9482509414051908e-8,1.0,1.379006071832986e-7,1.0
697.0,697.0,3.669214822564364e11,605740.4413248602,1.0,1.0,1.0,4396.889497241106,2.42835228175152e8,0.0006618179665370789,14.063287015459512,5.7912878036615426e-8,1.0,1.5051958138869454e-7,1.0
698.0,698.0,3.670354950605588e11,605834.5442945283,1.0,1.0,1.0,3889.2336243653267,3.266091579781856e8,0.0008898571457751928,3.092177836475497,9.467517246302112e-9,1.0,2.2880012663687853e-7,1.0
699.0,699.0,3.672210505537202e11,605987.6653478354,1.0,1.0,1.0,5267.11011804434,3.3093098430889696e8,0.0009011765086373344,22.167613711619442,6.69856095763091e-8,1.0,1.710950575250054e-7,1.0
700.0,700.0,3.6753905623871893e11,606249.9948360568,1.0,1.0,1.0,3425.7994080535623,2.617100062240041e8,0.0007120603988055599,21.19891970289765,8.100156332951703e-8,1.0,2.0785233283992291e-7,1.0
701.0,701.0,3.6763280000195105e11,606327.3043513306,1.0,1.0,1.0,4780.90135302752,3.106604166956448e8,0.0008450291076292751,7.380088595137116,2.3756127891298798e-8,1.0,1.767510026313674e-7,1.0
702.0,702.0,3.692744342923722e11,607679.5490160683,1.0,1.0,1.0,4422.984794755495,2.4792928685553312e8,0.0006713957533283285,2.583704357493901,1.0421134141885904e-8,1.0,1.5179698427279889e-7,1.0
703.0,703.0,3.6937612908884406e11,607763.217946631,1.0,1.0,1.0,4261.97376565384,2.6775466764548624e8,0.0007248835172529934,13.665610838195589,5.103780620657263e-8,1.0,1.7008164693425493e-7,1.0
704.0,704.0,3.695873241925803e11,607936.9409672193,1.0,1.0,1.0,5660.299184226927,2.2843929369041207e8,0.0006180928800595453,3.420943779489948,1.4975286099974182e-8,1.0,1.0919791691964483e-7,1.0
705.0,705.0,3.696670255702048e11,608002.488128301,1.0,1.0,1.0,3474.824470418176,2.3525266423217788e8,0.0006363907195370222,6.747976321936803,2.868395280191318e-8,1.0,1.831432709636801e-7,1.0
706.0,706.0,3.698800611185207e11,608177.6558856143,1.0,1.0,1.0,3549.041660097652,2.4206822110420135e8,0.000654450581106591,23.774705205618396,9.821489618575034e-8,1.0,1.8440205660718668e-7,1.0
707.0,707.0,3.7212855273476624e11,610023.4034320046,1.0,1.0,1.0,3637.98184655343,1.9543033482025698e8,0.0005251688794818422,8.514892117749362,4.3569961208980574e-8,1.0,1.443572017764133e-7,1.0
708.0,708.0,3.7217682429101764e11,610062.9674804213,1.0,1.0,1.0,2295.991460017196,2.0134006411973718e8,0.000540979585542944,1.9919449911321654,9.893435762551958e-9,1.0,2.356191627728843e-7,1.0
709.0,709.0,3.7262574279458185e11,610430.7846059059,1.0,1.0,1.0,3484.8723542359576,2.122054443228824e8,0.0005694868064422757,21.209770855573353,9.994923044152206e-8,1.0,1.634168338332533e-7,1.0
710.0,710.0,3.726714248494869e11,610468.2013417954,1.0,1.0,1.0,4275.26499353731,3.0976120035848004e8,0.0008311911766982921,7.423321361814498,2.396465843115163e-8,1.0,1.944186332203406e-7,1.0
711.0,711.0,3.743505875437958e11,611841.9628824062,1.0,1.0,1.0,3170.0812269893104,2.4842868582801107e8,0.000663625740633077,14.070886577501804,5.6639540339983224e-8,1.0,2.0934029544199903e-7,1.0
712.0,712.0,3.758441404672449e11,613061.2860613895,1.0,1.0,1.0,2353.635004992736,1.8312409011809754e8,0.0004872341227272658,5.847414550147212,3.193143264971959e-8,1.0,2.0701345862621106e-7,1.0
713.0,713.0,3.760258935918687e11,613209.5022028513,1.0,1.0,1.0,4615.3204941675585,2.7419096718228215e8,0.0007291810796872222,3.537230138271541,1.2900607830454131e-8,1.0,1.5799142889615098e-7,1.0
714.0,714.0,3.761459325845941e11,613307.3720285727,1.0,1.0,1.0,4811.994024157322,2.4974903630979222e8,0.000663968462268048,31.548669040840466,1.2632148451787657e-7,1.0,1.3798197980603735e-7,1.0
715.0,715.0,3.762742651108026e11,613411.986442067,1.0,1.0,1.0,2806.144310379878,2.348783989899474e8,0.0006242212578490308,32.031155938216095,1.3637335777134192e-7,1.0,2.2244802433718303e-7,1.0
716.0,716.0,3.765856195145158e11,613665.7229424793,1.0,1.0,1.0,9213.438049473149,3.7222632788973856e8,0.000988424170377825,92.67194297094228,2.489666524483235e-7,1.0,1.0728070944530267e-7,1.0
717.0,717.0,3.7742814332774744e11,614351.8074586804,1.0,1.0,1.0,7359.971295110834,3.6272241341022223e8,0.0009610370073758265,30.100198120055378,8.29841140420883e-8,1.0,1.305761896128909e-7,1.0
718.0,718.0,3.776616147415159e11,614541.7925100912,1.0,1.0,1.0,6461.084116141822,3.556829376437913e8,0.0009418032554873404,11.600536877692129,3.2614825257627716e-8,1.0,1.4576551528472126e-7,1.0
719.0,719.0,3.7769958012738324e11,614572.6809152708,1.0,1.0,1.0,5425.187747283872,3.060289362330701e8,0.0008102443118279392,20.372974378047516,6.657205236593182e-8,1.0,1.4934862157232976e-7,1.0
720.0,720.0,3.791979734706806e11,615790.5272661155,1.0,1.0,1.0,2737.633791541735,2.286914249617196e8,0.0006030924239495569,8.000372212952637,3.498326276881836e-8,1.0,2.202969680652274e-7,1.0
721.0,721.0,3.7979131129751935e11,616272.1081612564,1.0,1.0,1.0,6111.838313971963,3.520388673808038e8,0.0009269271108055128,112.89099478284453,3.2067764455317727e-7,1.0,1.5166093459745357e-7,1.0
722.0,722.0,3.800594903214787e11,616489.6514309698,1.0,1.0,1.0,5071.339689404178,2.8997352806686044e8,0.0007629687909291418,65.329837049845,2.252958643923902e-7,1.0,1.5044718706641825e-7,1.0
723.0,723.0,3.804726387183286e11,616824.6417891625,1.0,1.0,1.0,3326.8291541266367,2.4247654665967003e8,0.0006373035045331678,20.347003805114458,8.391328598750074e-8,1.0,1.9156484298048467e-7,1.0
724.0,724.0,3.80580837113085e11,616912.3415146475,1.0,1.0,1.0,3077.419044846512,2.175828685375184e8,0.0005717126214297429,12.924970806415248,5.940252048927537e-8,1.0,1.8577665670430573e-7,1.0
725.0,725.0,3.8143792176822675e11,617606.6076138003,1.0,1.0,1.0,4021.058096560706,2.5931823564669213e8,0.0006798438769114648,20.28694223986203,7.823183814771111e-8,1.0,1.6907089143848714e-7,1.0
726.0,726.0,3.8245261513294366e11,618427.5342616495,1.0,1.0,1.0,6625.248654256332,2.775008317628748e8,0.0007255822708059444,133.41268870619436,4.8076499575957e-7,1.0,1.0951774169861543e-7,1.0
727.0,727.0,3.8312826752295074e11,618973.559631549,1.0,1.0,1.0,3783.842250518248,2.4372213634178096e8,0.0006361371816829116,17.61741141887164,7.228482272191339e-8,1.0,1.6811937167723735e-7,1.0
728.0,728.0,3.8328826357806995e11,619102.7891861496,1.0,1.0,1.0,4262.783717868392,2.3333172762387177e8,0.0006087630369243953,21.12372131892309,9.053085722218754e-8,1.0,1.428088022323609e-7,1.0
729.0,729.0,3.835031055335571e11,619276.2756101327,1.0,1.0,1.0,3456.8492207111935,2.238611681682664e8,0.0005837271552648427,188.0755725177824,8.401437675904152e-7,1.0,1.6886104021185795e-7,1.0
730.0,730.0,3.854028849042832e11,620808.2513178149,1.0,1.0,1.0,3505.161584051426,2.726039980360358e8,0.0007073221509051089,6.732967252272858,2.469871058671275e-8,1.0,2.0179444911282908e-7,1.0
731.0,731.0,3.8592214798432965e11,621226.3258944598,1.0,1.0,1.0,3770.7639651229024,3.1516158624870694e8,0.000816645501845284,3.654437867072844,1.1595441914640502e-8,1.0,2.1657295693889096e-7,1.0
732.0,732.0,3.863561156271038e11,621575.510800662,1.0,1.0,1.0,2884.4678504069634,2.1071321862307066e8,0.0005453860051195324,4.343579068453359,2.061369997021054e-8,1.0,1.8907681881168655e-7,1.0
733.0,733.0,3.8666496379990625e11,621823.9009558142,1.0,1.0,1.0,3015.764827664333,2.3574844138356802e8,0.0006096969298533752,7.476008515033499,3.171180463021541e-8,1.0,2.021699186423554e-7,1.0
734.0,734.0,3.882912705341904e11,623130.21956425,1.0,1.0,1.0,2549.4850354729415,1.9136880291014382e8,0.0004928485848523305,19.117703528903025,9.989979144925455e-8,1.0,1.9331299379872796e-7,1.0
735.0,735.0,3.884064225931847e11,623222.6107846093,1.0,1.0,1.0,2740.000413434355,2.1907898891559434e8,0.000564045742473079,1.8443961284293493,8.418863610516614e-9,1.0,2.058560793303298e-7,1.0
736.0,736.0,3.8869602482704407e11,623454.9100191962,1.0,1.0,1.0,2230.6044037877687,1.9129489537705162e8,0.0004921452319585136,2.9866817964722894,1.5612971744935447e-8,1.0,2.2063313025062014e-7,1.0
737.0,737.0,3.9159235174060345e11,625773.4028708822,1.0,1.0,1.0,3083.8332619264847,2.361835323404242e8,0.0006031362252663412,47.135258893794074,1.9957047098342674e-7,1.0,1.9558003758269317e-7,1.0
738.0,738.0,3.920464799765436e11,626136.1513093966,1.0,1.0,1.0,3173.061051065832,2.80715643137405e8,0.0007160264343886395,2.296509003881428,8.180908544781376e-9,1.0,2.2565794444709028e-7,1.0
739.0,739.0,3.943335057386705e11,627959.7962757413,1.0,1.0,1.0,2309.374433449017,1.9257406483648354e8,0.0004883532889179636,19.37085208775356,1.005891011554517e-7,1.0,2.1146561676818043e-7,1.0
740.0,740.0,3.94538035572771e11,628122.6278146418,1.0,1.0,1.0,2516.720785546499,1.877815345453437e8,0.00047595293143151376,1.5456304175149236,8.231003228684983e-9,1.0,1.8911630331219358e-7,1.0
741.0,741.0,3.9510427409006824e11,628573.2050366673,1.0,1.0,1.0,2291.008482325402,1.9739412793098927e8,0.0004996000818870742,22.27774490899409,1.1285920783207182e-7,1.0,2.1806993982840864e-7,1.0
742.0,742.0,3.968569041792749e11,629965.7960391778,1.0,1.0,1.0,3332.3064446461512,2.0365868109088108e8,0.0005131791309189284,18.491240833435683,9.079524980600823e-8,1.0,1.5400118189712936e-7,1.0
743.0,743.0,3.975686119139737e11,630530.4210852745,1.0,1.0,1.0,2531.965382289028,1.921578187837466e8,0.0004833324689823091,1.6868292662177253,8.778353526660787e-9,1.0,1.9089221059782083e-7,1.0
744.0,744.0,3.997181678428983e11,632232.6848897472,1.0,1.0,1.0,3025.1531018288215,2.7169957718530196e8,0.0006797278656408956,2.5485452848970844,9.380011965049727e-9,1.0,2.2469205450460473e-7,1.0
745.0,745.0,4.0062941277984546e11,632952.9309355045,1.0,1.0,1.0,2746.78048266357,2.0920461059091488e8,0.0005221898435946872,8.369385722352384,4.000574221912412e-8,1.0,1.9010978375975516e-7,1.0
746.0,746.0,4.022950748320554e11,634267.3528032602,1.0,1.0,1.0,2823.2143130544796,1.8434466022086307e8,0.0004582324560971747,1.8008437177074657,9.76889547844715e-9,1.0,1.6230877478139655e-7,1.0
747.0,747.0,4.0312960656735236e11,634924.8826178986,1.0,1.0,1.0,3054.299363188903,2.267006762488982e8,0.0005623518414553949,15.983233148700359,7.050368524933389e-8,1.0,1.8411811501943284e-7,1.0
748.0,748.0,4.032990194561026e11,635058.2803618126,1.0,1.0,1.0,2679.755855681986,2.112073136924741e8,0.0005236990513753577,18.206283129156223,8.62010069259907e-8,1.0,1.9542789700969929e-7,1.0
749.0,749.0,4.058472722922763e11,637061.4352574454,1.0,1.0,1.0,2584.879399322165,1.7685914966713697e8,0.0004357775986946111,5.547501614912048,3.136677758858711e-8,1.0,1.6858720712807158e-7,1.0
750.0,750.0,4.059186107122202e11,637117.4230173118,1.0,1.0,1.0,3607.0295732299323,2.0455162705929077e8,0.0005039227609953299,2.593943211887918,1.268111747229488e-8,1.0,1.3970574700447763e-7,1.0
751.0,751.0,4.0669140479946265e11,637723.6116057353,1.0,1.0,1.0,2717.4485305946305,2.155514841602134e8,0.0005300123918007417,6.199739684667269,2.8762222204957036e-8,1.0,1.9504045277529678e-7,1.0
752.0,752.0,4.0858632095014746e11,639207.5726633309,1.0,1.0,1.0,3064.3926121870604,2.253809269587764e8,0.0005516115338054878,10.967939339957974,4.8664008426280356e-8,1.0,1.8000680840037728e-7,1.0
753.0,753.0,4.092631755988999e11,639736.8018168877,1.0,1.0,1.0,2487.3996560236706,1.9943330874574855e8,0.00048729844439362845,5.6110521928505595,2.813498019029981e-8,1.0,1.9590677485765128e-7,1.0
754.0,754.0,4.095285865883523e11,639944.2058401281,1.0,1.0,1.0,2305.02196493786,1.96925496884398e8,0.0004808589764200973,2.4740069704311316,1.2563162254773951e-8,1.0,2.086136200585232e-7,1.0
755.0,755.0,4.101317801890904e11,640415.318515329,1.0,1.0,1.0,2965.7756788756938,2.030309723871096e8,0.0004950383807022429,4.28226868803401,2.1091701614220762e-8,1.0,1.6691700057703242e-7,1.0
756.0,756.0,4.144137570272757e11,643749.7627395879,1.0,1.0,1.0,2575.936418095371,1.9108211763753843e8,0.00046109018970588435,6.531528692711719,3.418178930814036e-8,1.0,1.7899905699023858e-7,1.0
757.0,757.0,4.157030316509055e11,644750.3638237868,1.0,1.0,1.0,1913.086913998258,1.7691911452518678e8,0.00042559014892100356,5.361587326484618,3.030530263517893e-8,1.0,2.2246252682348914e-7,1.0
758.0,758.0,4.183440609054523e11,646795.2233168179,1.0,1.0,1.0,3199.606980811545,2.7469355979271054e8,0.000656621153189712,10.677089216945467,3.886909188916777e-8,1.0,2.0521931509949618e-7,1.0
759.0,759.0,4.193375591160956e11,647562.7839183592,1.0,1.0,1.0,2781.6105387779066,2.316858072126442e8,0.0005525043065394003,4.321405561765482,1.8652008131295867e-8,1.0,1.9862748534959952e-7,1.0
760.0,760.0,4.197050122807048e11,647846.4418986221,1.0,1.0,1.0,13982.976427075604,2.8997130951705235e8,0.0006908931303000118,15.009808575132205,5.1763081626021743e-8,1.0,4.940958986115555e-8,1.0
761.0,761.0,4.2054751694463654e11,648496.3507566073,1.0,1.0,1.0,4856.287450750409,2.1042185236689064e8,0.0005003521454997629,6.116299066803686,2.9066843568747814e-8,1.0,1.0303182226629662e-7,1.0
762.0,762.0,4.2199924943956445e11,649614.6930600973,1.0,1.0,1.0,4241.212044519043,1.7999921981117547e8,0.00042653919417851764,2.260070066674874,1.2555999237361998e-8,1.0,1.0057011762232877e-7,1.0
763.0,763.0,4.2263045289165497e11,650100.3406333941,1.0,1.0,1.0,3357.988101794094,1.789784069627207e8,0.0004234867743694221,2.9745970185961714,1.661986529200739e-8,1.0,1.2611324445824067e-7,1.0
764.0,764.0,4.2333285675302264e11,650640.3436254339,1.0,1.0,1.0,2731.5579395560003,2.165129199052737e8,0.0005114484178468438,1.9240715974878628,8.886636411026468e-9,1.0,1.8723689160698415e-7,1.0
765.0,765.0,4.2636675398476807e11,652967.6515607554,1.0,1.0,1.0,1750.7369769887703,1.3459279119134286e8,0.000315673748535675,5.449002060633821,4.048509582616447e-8,1.0,1.8030906565909577e-7,1.0
766.0,766.0,4.299425519381356e11,655700.0472305425,1.0,1.0,1.0,3695.4569161509376,2.2017389566384178e8,0.0005121007324157633,3.857841335769562,1.752179259366541e-8,1.0,1.3857575505146196e-7,1.0
767.0,767.0,4.305474848068616e11,656161.1728888426,1.0,1.0,1.0,2519.904287891936,2.0836263959032583e8,0.00048394810423229076,9.433772956066152,4.5275741249076386e-8,1.0,1.9205019276233895e-7,1.0
768.0,768.0,4.307000025082407e11,656277.382292153,1.0,1.0,1.0,2732.1345547025553,1.898498365610323e8,0.00044079367444509995,1.770930165904478,9.328057357270069e-9,1.0,1.6133673712607054e-7,1.0
769.0,769.0,4.323798743484489e11,657555.9857141055,1.0,1.0,1.0,4207.394534839307,2.3968236312884858e8,0.0005543328388761192,2.23880667367819,9.34072346248852e-9,1.0,1.3175204613828563e-7,1.0
770.0,770.0,4.326235698815056e11,657741.2636299365,1.0,1.0,1.0,3264.8973089776396,2.4625282626427954e8,0.0005692080689226801,9.773074749197932,3.968715761310804e-8,1.0,1.743417985483042e-7,1.0
771.0,771.0,4.3269669522919385e11,657796.8495129738,1.0,1.0,1.0,2799.369551597477,2.1584602402043468e8,0.0004988390864068791,4.679249760427324,2.1678646984969118e-8,1.0,1.7819693942238302e-7,1.0
772.0,772.0,4.3748918623578143e11,661429.6532782465,1.0,1.0,1.0,4200.445915620503,2.0250122521210605e8,0.0004628713841964301,3.513372124764018,1.7349880827061682e-8,1.0,1.1019577289999539e-7,1.0
773.0,773.0,4.41595050766977e11,664526.1851627646,1.0,1.0,1.0,2872.154863725087,1.983228289050684e8,0.0004491056424008265,3.3496521070434873,1.688989676418555e-8,1.0,1.5636539939853792e-7,1.0
774.0,774.0,4.4345325724623047e11,665922.8613332256,1.0,1.0,1.0,2607.432243358628,1.7722877836827478e8,0.0003996560527096046,3.5605627986315564,2.0090206745277224e-8,1.0,1.532757193317547e-7,1.0
775.0,775.0,4.444844319835613e11,666696.6566464552,1.0,1.0,1.0,2599.239766005079,2.0594109247476372e8,0.00046332577064840864,11.466596739704903,5.567901287650999e-8,1.0,1.782543406376552e-7,1.0
776.0,776.0,4.4524927180975916e11,667270.0141694958,1.0,1.0,1.0,2538.7321930506387,1.7984508864618948e8,0.000403920006550949,9.297544384243892,5.169751616234934e-8,1.0,1.5910303877526488e-7,1.0
777.0,777.0,4.488763224610217e11,669982.3299617846,1.0,1.0,1.0,3399.788503060827,2.079334807450562e8,0.0004632311181795557,11.945756564899378,5.74498946499932e-8,1.0,1.3625292213398246e-7,1.0
778.0,778.0,4.515303402955947e11,671960.0734385896,1.0,1.0,1.0,5089.300281667125,2.3441506821577972e8,0.0005191568478076815,10.036112937605182,4.281342924750431e-8,1.0,1.0200947459866112e-7,1.0
779.0,779.0,4.515673275884189e11,671987.5948173589,1.0,1.0,1.0,4832.657901995287,2.253890936518266e8,0.0004991262209972204,5.8275435719631465,2.5855481625724715e-8,1.0,1.0328192707187972e-7,1.0
780.0,780.0,4.517984306634392e11,672159.5276892526,1.0,1.0,1.0,5252.817211143203,2.1863577653982365e8,0.0004839232759219461,21.72613492133524,9.937136207489821e-8,1.0,9.21264259672624e-8,1.0
781.0,781.0,4.5446273744874786e11,674138.515031405,1.0,1.0,1.0,2401.5485434126745,1.426215906175986e8,0.0003138246075553218,5.392469430618172,3.7809629013861075e-8,1.0,1.3067593758041107e-7,1.0
782.0,782.0,4.586898717211176e11,677266.470247212,1.0,1.0,1.0,3297.7461316566687,2.012792243509205e8,0.00043881331656823774,12.596540784514684,6.25824191499925e-8,1.0,1.330646141483892e-7,1.0
783.0,783.0,4.589922120502838e11,677489.6398102954,1.0,1.0,1.0,3036.601362791095,2.033412929740607e8,0.0004430168692979665,56.39966628948782,2.773645503310656e-7,1.0,1.4589233698122533e-7,1.0
784.0,784.0,4.601837355700963e11,678368.4364488786,1.0,1.0,1.0,10987.794209289134,2.773903245599802e8,0.000602781677591729,42.955771176358205,1.5485677535616375e-7,1.0,5.4859207053781045e-8,1.0
785.0,785.0,4.603589865046808e11,678497.5950618254,1.0,1.0,1.0,6766.53589837621,2.215411129781157e8,0.00048123555586578525,6.91587201514503,3.121710423034751e-8,1.0,7.111992947251918e-8,1.0
786.0,786.0,4.605916389372044e11,678669.0201690397,1.0,1.0,1.0,3015.656270420194,2.0558468550690544e8,0.00044634914769867064,11.696509434951883,5.6893875174174905e-8,1.0,1.4801061781370644e-7,1.0
787.0,787.0,4.6809371649958997e11,684173.747303702,1.0,1.0,1.0,5305.137407637932,2.2829965382649738e8,0.0004877221083333771,12.750709474064347,5.5850761196591247e-8,1.0,9.193392571343997e-8,1.0
788.0,788.0,4.70354887751339e11,685824.2396936251,1.0,1.0,1.0,6435.217601894774,2.624982734694776e8,0.0005580855653129691,4.902653034625496,1.8676896308026803e-8,1.0,8.672365098402381e-8,1.0
789.0,789.0,4.713587093008923e11,686555.685506203,1.0,1.0,1.0,2843.7449201972304,1.5537157765760067e8,0.00032962492169227045,13.269633301854256,8.540579623318972e-8,1.0,1.1591226742988222e-7,1.0
790.0,790.0,4.715093887543122e11,686665.4125222212,1.0,1.0,1.0,2961.214028120085,1.6640170517964923e8,0.00035291281488655107,11.238402254360848,6.753778281156026e-8,1.0,1.1917842193615311e-7,1.0
791.0,791.0,4.7160399697851483e11,686734.298676362,1.0,1.0,1.0,3404.8964963491376,1.9029963887327328e8,0.00040351574652289126,18.342933838693806,9.638974589936358e-8,1.0,1.1851042959912483e-7,1.0
792.0,792.0,4.7764943084773566e11,691121.8639630319,1.0,1.0,1.0,3616.748515583766,2.0634221951165485e8,0.00043199511241536837,9.320738797627044,4.5171263626323176e-8,1.0,1.1944295008458492e-7,1.0
793.0,793.0,4.810607355567172e11,693585.4205191436,1.0,1.0,1.0,5879.472145305865,2.1324696157701e8,0.0004432849026965826,17.3728472795463,8.146820546032695e-8,1.0,7.539535722615824e-8,1.0
794.0,794.0,4.810913369652133e11,693607.4804709168,1.0,1.0,1.0,5711.218273758741,2.0884178976798803e8,0.0004341000839251333,3.5484418839232754,1.6991052834135368e-8,1.0,7.600831611001233e-8,1.0
795.0,795.0,4.82395332286437e11,694546.8539173128,1.0,1.0,1.0,55698.145925165976,9.030427074360514e8,0.0018719971914666301,34.28812249060222,3.796954696412331e-8,1.0,3.3609685930691086e-8,1.0
796.0,796.0,4.851909895011459e11,696556.5228329614,1.0,1.0,1.0,4981.8372313318805,2.3199449807759395e8,0.00047815087865677017,14.197020012761886,6.11955030416863e-8,1.0,9.597882396670311e-8,1.0
797.0,797.0,4.878279327932823e11,698446.8002598926,1.0,1.0,1.0,15174.800754160444,3.33983611382459e8,0.0006846340505520926,26.296929514269994,7.873718482999668e-8,1.0,4.511651003815572e-8,1.0
798.0,798.0,4.8861986444069604e11,699013.493747221,1.0,1.0,1.0,4815.467472614542,1.9920161755622727e8,0.00040768219207246837,16.241847873564218,8.153471880809273e-8,1.0,8.466097931113606e-8,1.0
799.0,799.0,4.8864030029927277e11,699028.111236789,1.0,1.0,1.0,4735.569687410987,1.980323646924775e8,0.0004052722718017231,8.860166121622198,4.474100046919635e-8,1.0,8.558046836035307e-8,1.0
800.0,800.0,4.892589542908002e11,699470.4813577197,1.0,1.0,1.0,14048.99782675684,3.1674372361521554e8,0.000647394842546933,76.0877946850376,2.402187920302515e-7,1.0,4.608121166578482e-8,1.0
801.0,801.0,4.941978021972051e11,702992.035657023,1.0,1.0,1.0,2.99921798749667e11,4.887962865347153e15,9890.70134188681,2.1899682451667657e8,4.4803291381188084e-8,1.0,3.297760077166712e-8,1.0
802.0,802.0,4.941978021977705e11,702992.0356574252,1.0,1.0,1.0,3.5611974534632715e11,5.803846525075479e15,11743.97477944631,2.1007377831729603e8,3.619561223917168e-8,1.0,3.29776007450114e-8,1.0
803.0,803.0,4.9429423847308e11,703060.6221892106,1.0,1.0,1.0,11259.355715804364,3.53338988860293e8,0.0007148353372664149,29.976612825010893,8.48381123229607e-8,1.0,6.348812092889343e-8,1.0
804.0,804.0,5.542562625929486e18,2.354264773964366e9,1.0,1.0,1.0,5.824380459639746,3.4851280278613875e15,0.0006287936218450815,2.574092864848743,7.385934876051909e-16,1.0,0.00010795888527583826,1.0
805.0,805.0,5.542562625929489e18,2.3542647739643664e9,1.0,1.0,1.0,5.824284717692109,3.485070740773475e15,0.0006287832859965256,4.4307356450452025,1.2713474057234907e-15,1.0,0.00010795888533513913,1.0
806.0,806.0,5.542562626893831e18,2.3542647741691737e9,1.0,1.0,1.0,5.849636180998025,3.43466653066392e15,0.0006196892596211905,3.6696434315520783,1.0684133084799756e-15,1.0,0.0001059363762885273,1.0
807.0,807.0,5.542562626893832e18,2.354264774169174e9,1.0,1.0,1.0,5.85554798238524,3.4383980484398675e15,0.0006203625073636412,2.5785415959601705,7.499252732330258e-16,1.0,0.00010594439824074985,1.0
808.0,808.0,5.54256262854239e18,2.3542647745192957e9,1.0,1.0,1.0,5.867023711785967,3.3383506642450175e15,0.0006023117622620264,3.2335046369599585,9.685934649082856e-16,1.0,0.0001026605297422052,1.0
809.0,809.0,5.542562628542395e18,2.3542647745192966e9,1.0,1.0,1.0,5.866933786283809,3.3382994938259355e15,0.0006023025299948404,5.079330357196429,1.5215322551468087e-15,1.0,0.00010266052966252182,1.0
810.0,810.0,5.542562630938637e18,2.354264775028212e9,1.0,1.0,1.0,5.8764819464508395,3.20029049872965e15,0.0005774026766726276,2.9922430329561327,9.349910685120299e-16,1.0,9.825652183299156e-5,1.0
811.0,811.0,5.542562630938639e18,2.3542647750282125e9,1.0,1.0,1.0,5.853176722536948,3.1866805642675965e15,0.0005749471456541629,3.5083354777943745,1.1009372941654421e-15,1.0,9.822822253775433e-5,1.0
812.0,812.0,5.542562634173694e18,2.354264775715275e9,1.0,1.0,1.0,5.867729422101922,3.0197440692289645e15,0.0005448281361062434,2.5864042244751766,8.564978240475746e-16,1.0,9.285161208252791e-5,1.0
813.0,813.0,5.542562634173695e18,2.3542647757152753e9,1.0,1.0,1.0,5.867820491073983,3.019790934486011e15,0.0005448365916276583,4.849271043982096,1.6058300555192157e-15,1.0,9.285161201786137e-5,1.0
814.0,814.0,5.542562638367086e18,2.35426477660587e9,1.0,1.0,1.0,5.839603394068068,2.8049963545855035e15,0.0005060829326796554,3.6200994194925107,1.2905897056067496e-15,1.0,8.666392193581844e-5,1.0
815.0,815.0,5.542562638367087e18,2.35426477660587e9,1.0,1.0,1.0,5.890554797900805,2.8311323896920225e15,0.0005107984472911817,2.583540562617132,9.125467152379177e-16,1.0,8.671482819805241e-5,1.0
816.0,816.0,5.542562641582941e18,2.3542647772888546e9,1.0,1.0,1.0,5.798258799569151,3.4694643774588765e15,0.0006259675536058548,3.3273503801393476,9.5903863482708e-16,1.0,0.00010795784997599078,1.0
817.0,817.0,5.542562641582943e18,2.354264777288855e9,1.0,1.0,1.0,5.799528911215683,3.470290802327976e15,0.0006261166587982615,4.219455934559303,1.215879640901783e-15,1.0,0.00010795991681107362,1.0
818.0,818.0,5.542562642547286e18,2.354264777493663e9,1.0,1.0,1.0,5.847767903333857,3.433699654937894e15,0.0006195148122601666,3.497765477610058,1.0186579576288893e-15,1.0,0.00010594038999170548,1.0
819.0,819.0,5.542562642547287e18,2.3542647774936633e9,1.0,1.0,1.0,5.847448657435369,3.4335121931642705e15,0.0006194809900400648,3.0383480179941222,8.849096339436698e-16,1.0,0.00010594038978903371,1.0
820.0,820.0,5.542562643664402e18,2.3542647777309165e9,1.0,1.0,1.0,5.868937032128155,2.6018654055766875e15,0.0004694336488105966,2.8081505238644966,1.0792835470450046e-15,1.0,7.998614506183817e-5,1.0
821.0,821.0,5.542562643664404e18,2.354264777730917e9,1.0,1.0,1.0,5.8676876154514455,2.6013114934258755e15,0.0004693337108962376,2.980217730059313,1.1456596941931107e-15,1.0,7.998614473959657e-5,1.0
822.0,822.0,5.542562644195843e18,2.3542647778437843e9,1.0,1.0,1.0,5.8570309460515775,3.3323858124342135e15,0.0006012355703230305,3.282549465551596,9.850448448385952e-16,1.0,0.00010265193676812374,1.0
823.0,823.0,5.542562644195843e18,2.3542647778437843e9,1.0,1.0,1.0,5.86789503344743,3.339124513764387e15,0.0006024513800058007,3.541468284209545,1.060597851206526e-15,1.0,0.0001026690792135483,1.0
824.0,824.0,5.542562646592089e18,2.3542647783527e9,1.0,1.0,1.0,5.860623525170716,3.1911963092478235e15,0.0005757618835774402,3.039928440860953,9.525983820084935e-16,1.0,9.824242780731571e-5,1.0
825.0,825.0,5.54256264659209e18,2.3542647783527007e9,1.0,1.0,1.0,5.860809102570097,3.1912973514817125e15,0.0005757801138150273,3.2175537842512094,1.0082275105944941e-15,1.0,9.82424275792458e-5,1.0
826.0,826.0,5.54256264982715e18,2.3542647790397644e9,1.0,1.0,1.0,5.846097246094105,3.0079580747014145e15,0.000542701682369837,3.391797128996417,1.1276078471715743e-15,1.0,9.283144968764023e-5,1.0
827.0,827.0,5.54256264982715e18,2.3542647790397644e9,1.0,1.0,1.0,5.882534308380392,3.0280122623447445e15,0.0005463198981502135,3.0546337765295846,1.0087917458313808e-15,1.0,9.28715192314159e-5,1.0
828.0,828.0,5.54256265022754e18,2.3542647791247993e9,1.0,1.0,1.0,5.819320793131878,2.3531791839456185e15,0.00042456519347580386,2.4217810629762018,1.0291528496846365e-15,1.0,7.295786030165022e-5,1.0
829.0,829.0,5.54256265022754e18,2.3542647791247993e9,1.0,1.0,1.0,5.904461092190643,2.38971359402853e15,0.0004311568032398201,2.875202270710334,1.2031576829520292e-15,1.0,7.302221091948199e-5,1.0
830.0,830.0,5.542562654020539e18,2.3542647799303584e9,1.0,1.0,1.0,5.864372843473634,2.817728722554913e15,0.0005083801299947328,2.6722281000628176,9.483624447849025e-16,1.0,8.668959896717699e-5,1.0
831.0,831.0,5.542562654020539e18,2.3542647799303584e9,1.0,1.0,1.0,5.8643128184178845,2.8176998788773835e15,0.0005083749259619903,2.5255277127390667,8.963082731668629e-16,1.0,8.668959888451912e-5,1.0
832.0,832.0,5.542562658209469e18,2.354264780820006e9,1.0,1.0,1.0,5.865705630845928,2.1445047109972632e15,0.00038691573613893024,2.4024785090788447,1.1202952815905056e-15,1.0,6.596235141843128e-5,1.0
833.0,833.0,5.542562658209474e18,2.3542647808200064e9,1.0,1.0,1.0,5.8668890098075375,2.1449373529020008e15,0.0003869937942379391,3.1984880304417436,1.4911801624948794e-15,1.0,6.596235135708395e-5,1.0
834.0,834.0,5.542562659317857e18,2.3542647810554056e9,1.0,1.0,1.0,5.901755088745195,2.617373969820151e15,0.000472231732990869,2.5774266419534198,9.847376307981408e-16,1.0,8.001547436141964e-5,1.0
835.0,835.0,5.542562659317859e18,2.354264781055406e9,1.0,1.0,1.0,5.832441985076735,2.584715224093938e15,0.0004663393781843232,2.6658297759397844,1.031382394118207e-15,1.0,7.995611090132219e-5,1.0
836.0,836.0,5.542562665880989e18,2.354264782449287e9,1.0,1.0,1.0,5.862333284334035,2.3716330438622995e15,0.0004278946737872072,3.001683032025352,1.2656608237912687e-15,1.0,7.2990506174508e-5,1.0
837.0,837.0,5.542562665880991e18,2.3542647824492874e9,1.0,1.0,1.0,5.862982334553533,2.371895621526508e15,0.00042794204856310726,2.1684384249413204,9.142216905589436e-16,1.0,7.299050622087455e-5,1.0
838.0,838.0,5.542562667700738e18,2.3542647828357663e9,1.0,1.0,1.0,5.917534272757317,1.941446101697166e15,0.00035027950392170314,2.0904914932640803,1.0767702958308359e-15,1.0,5.919348968273705e-5,1.0
839.0,839.0,5.54256266770074e18,2.354264782835767e9,1.0,1.0,1.0,5.806521015210383,1.903011834920478e15,0.0003433451183168883,3.727258634478408,1.95861032815603e-15,1.0,5.913095249590656e-5,1.0
840.0,840.0,5.542562673862925e18,2.354264784144495e9,1.0,1.0,1.0,5.915863604722633,2.1638953417259485e15,0.0003904142305742856,2.314076933573366,1.0694033528107836e-15,1.0,6.5994461106679e-5,1.0
841.0,841.0,5.542562673862928e18,2.3542647841444955e9,1.0,1.0,1.0,5.8156098570827215,2.1251178388251152e15,0.0003834179176442222,3.283190927029044,1.5449453517571408e-15,1.0,6.592909893659127e-5,1.0
842.0,842.0,5.542562678630942e18,2.354264785157129e9,1.0,1.0,1.0,5.864069997431354,1.7176200039748662e15,0.0003098963608651752,1.4898717776402557,8.674047660090344e-16,1.0,5.2846633993270794e-5,1.0
843.0,843.0,5.542562678630944e18,2.3542647851571293e9,1.0,1.0,1.0,5.8638874295808865,1.7175665290194755e15,0.00030988671280912395,2.2410716610615333,1.304794675022525e-15,1.0,5.2846634000147014e-5,1.0
844.0,844.0,5.542562683354192e18,2.354264786160255e9,1.0,1.0,1.0,5.861770373954669,1.9221543348568935e15,0.00034679884462644696,3.2445918807594043,1.6879975878736957e-15,1.0,5.916281643637255e-5,1.0
845.0,845.0,5.542562683354194e18,2.3542647861602554e9,1.0,1.0,1.0,5.861785529986655,1.922159304779043e15,0.0003467997413095218,2.321769126424793,1.2078963073727574e-15,1.0,5.9162816437999456e-5,1.0
846.0,846.0,5.542562690615339e18,2.3542647877023816e9,1.0,1.0,1.0,5.909062266152459,1.548448635762976e15,0.000279374131100909,2.236855989019448,1.4445787463381169e-15,1.0,4.7278928282950145e-5,1.0
847.0,847.0,5.54256269061534e18,2.3542647877023816e9,1.0,1.0,1.0,5.807479955608477,1.5203091042533765e15,0.00027429714179463637,1.882455650261721,1.2382058655014065e-15,1.0,4.723169841158702e-5,1.0
848.0,848.0,5.542562694284397e18,2.354264788481618e9,1.0,1.0,1.0,5.919465281533108,1.7347524646245455e15,0.00031298743204356664,2.170487257632731,1.2511798091622786e-15,1.0,5.2874274475431115e-5,1.0
849.0,849.0,5.5425626942844e18,2.3542647884816184e9,1.0,1.0,1.0,5.806871078561807,1.6999406947714228e15,0.00030670662445089454,2.219110007473609,1.305404367516476e-15,1.0,5.281788080042184e-5,1.0
850.0,850.0,5.542562702772878e18,2.354264790284406e9,1.0,1.0,1.0,5.867601858104919,1.3858855298255522e15,0.00025004417706130956,1.7655604558058715,1.2739583593373046e-15,1.0,4.261437348819493e-5,1.0
851.0,851.0,5.54256270277288e18,2.3542647902844067e9,1.0,1.0,1.0,5.867685015475535,1.3859051737426575e15,0.0002500477212552427,2.255136340841199,1.6271938250660898e-15,1.0,4.2614373572501325e-5,1.0
852.0,852.0,5.542562706268793e18,2.3542647910268703e9,1.0,1.0,1.0,5.7940491032347605,1.5175645908998708e15,0.0002738019705547873,2.1168824480314776,1.3949208229589946e-15,1.0,4.7255721461167176e-5,1.0
853.0,853.0,5.542562706268794e18,2.3542647910268703e9,1.0,1.0,1.0,5.794129233035856,1.517585575761355e15,0.0002738057566845249,1.5909316232607424,1.048330748967873e-15,1.0,4.7255721381461714e-5,1.0
854.0,854.0,5.542562713626524e18,2.354264792589509e9,1.0,1.0,1.0,5.06863552954515,1.0993702087649591e15,0.00019835052223444058,1.5530929627754935,1.4127115237370766e-15,1.0,3.9132922672828315e-5,1.0
855.0,855.0,5.542562713626525e18,2.354264792589509e9,1.0,1.0,1.0,5.033885179604775,1.0913158642746391e15,0.0001968973416559839,1.6458998572417165,1.5081791726135042e-15,1.0,3.9114388713856776e-5,1.0
856.0,856.0,5.542562718426333e18,2.354264793608895e9,1.0,1.0,1.0,4.163027919780566,9.83202781259513e14,0.00017739136771350195,1.237126037216205,1.2582613279748949e-15,1.0,4.2611140528419104e-5,1.0
857.0,857.0,5.542562718426337e18,2.354264793608896e9,1.0,1.0,1.0,4.17323968289479,9.857635053324616e14,0.00017785337855632656,1.1508082315761445,1.1674283186087511e-15,1.0,4.2617580601782643e-5,1.0
858.0,858.0,5.542562721289322e18,2.354264794216938e9,1.0,1.0,1.0,4.394460983295794,9.000120071066578e14,0.00016238192553954438,1.4795125328580023,1.6438808828943431e-15,1.0,3.6951500117258945e-5,1.0
859.0,859.0,5.542562721289324e18,2.3542647942169385e9,1.0,1.0,1.0,4.394515671680595,9.000232084484789e14,0.00016238394650753058,1.4340763066642512,1.5933770298394964e-15,1.0,3.695150015142171e-5,1.0
860.0,860.0,5.54256272927998e18,2.354264795913998e9,1.0,1.0,1.0,5.867699648053723,1.2723852298417038e15,0.00022956622991743687,1.5124013513295143,1.1886347906739456e-15,1.0,3.9123718609827356e-5,1.0
861.0,861.0,5.54256272927998e18,2.354264795913998e9,1.0,1.0,1.0,5.867753430293667,1.2723968930012835e15,0.00022956833420748271,1.359364361376145,1.0683493246904473e-15,1.0,3.9123718631781935e-5,1.0
862.0,862.0,5.542562736942777e18,2.354264797541427e9,1.0,1.0,1.0,5.8710069469795085,1.2025129625773352e15,0.00021695973859930172,1.3242807534969994,1.1012611046276627e-15,1.0,3.69544339767682e-5,1.0
863.0,863.0,5.542562736942779e18,2.3542647975414276e9,1.0,1.0,1.0,5.858628679425136,1.1997866229700955e15,0.00021646784707968607,3.8234332497368295,3.186761026116331e-15,1.0,3.6948552114234085e-5,1.0
864.0,864.0,1.1085125251224295e19,3.329433172662322e9,1.0,1.0,1.0,2.152007400970109,7.207858157824671e14,6.502279400973481e-5,0.3693834164612273,5.124732040685815e-16,1.0,3.0214949065892162e-5,1.0
865.0,865.0,1.108512526687774e19,3.329433175013089e9,1.0,1.0,1.0,1.9805501197019593,6.633585075865854e14,5.984222023802428e-5,0.49595752769543316,7.476462908417556e-16,1.0,3.0214948686594996e-5,1.0
866.0,866.0,1.1085125266877772e19,3.329433175013094e9,1.0,1.0,1.0,1.9798198676132897,6.631139195143811e14,5.982015570863759e-5,0.4726052295477834,7.127059403215165e-16,1.0,3.0214948686595375e-5,1.0
867.0,867.0,1.1085125282531222e19,3.329433177363862e9,1.0,1.0,1.0,2.1520074888657716,7.207858291611305e14,6.50227950329979e-5,0.5137445150957265,7.127561257601801e-16,1.0,3.0214948307298206e-5,1.0
