mode_rank,matched_m,matched_n,w_h_FEM,w_h_exact,log10_Error_w_h,log10_Error_L2_w,log10_Error_L2_phi,log10_Error_L2_Q
1,1,1,19.5112,19.7390,-1.937830,-2.530585,-1.963614,0.465608
2,2,1,48.8762,49.3476,-2.019940,-0.150503,-0.150453,0.239590
3,2,1,48.9913,49.3476,-2.141447,-0.150479,-0.150439,0.243959
4,2,2,77.7546,78.9557,-1.817799,-1.612391,-1.465330,0.347783
5,1,3,98.1421,98.6942,-2.252283,-0.132294,-0.132615,0.265479
6,1,3,98.1645,98.6942,-2.270261,-0.150410,-0.150344,0.209342
7,2,3,125.8777,128.3018,-1.723671,-0.150310,-0.150063,0.213438
8,2,3,126.7353,128.3018,-1.913286,-0.150276,-0.150126,0.217312
9,1,4,167.1165,167.7781,-2.404175,-0.150323,-0.150256,0.198915
10,1,4,167.1993,167.7781,-2.462223,-0.150210,-0.150138,0.197770
11,3,3,173.7282,177.6471,-1.656402,-1.000434,-0.956286,0.302034
12,4,2,194.5702,197.3849,-1.845889,-0.150107,-0.150134,0.215315
13,4,2,194.7191,197.3849,-1.869484,-0.135173,-0.134424,0.157526
14,4,3,239.1754,246.7289,-1.514074,-0.149452,-0.148717,0.195495
15,4,3,242.3955,246.7289,-1.755398,-0.149746,-0.149501,0.205106
16,5,1,255.9170,256.5976,-2.576367,-0.149262,-0.149321,0.213888
17,5,1,255.9436,256.5976,-2.593672,-0.149904,-0.149815,0.192705
18,2,5,282.3843,286.2034,-1.874714,-0.149565,-0.149242,0.194348
19,2,5,282.8064,286.2034,-1.925582,-0.149411,-0.149084,0.194232
20,4,4,305.5089,315.8089,-1.486584,-0.598791,-0.577053,0.259498
21,5,3,327.0097,335.5458,-1.594493,-0.149133,-0.148562,0.192335
22,5,3,328.0334,335.5458,-1.649977,-0.139464,-0.138285,0.173993
23,6,1,364.4362,365.1508,-2.708462,-0.149595,-0.149517,0.190868
24,6,1,364.5302,365.1508,-2.769714,-0.148878,-0.148769,0.186170
25,2,6,385.8401,394.7554,-1.646192,0.027241,0.025926,0.031686
26,2,6,390.0955,394.7554,-1.927946,-0.142619,-0.143370,0.231854
27,2,6,390.3260,394.7554,-1.949977,-0.147661,-0.147169,0.183348
28,2,6,394.3406,394.7554,-2.978475,0.033917,0.033588,0.041879
29,6,3,432.8144,444.0958,-1.595113,-0.145700,-0.144701,0.180681
30,6,3,434.0341,444.0958,-1.644803,-0.138661,-0.137250,0.162644
31,3,6,468.7126,444.0958,-1.256244,0.046490,0.047203,0.064757
32,7,1,492.1695,493.4353,-2.590869,-0.076074,-0.076523,0.122724
33,7,1,492.5231,493.4353,-2.733132,-0.134185,-0.134209,0.174777
34,5,5,493.6980,493.4353,-3.273705,0.023706,0.023355,0.026612
35,5,5,497.2114,493.4353,-2.116183,-0.012271,-0.013917,0.124847
36,4,6,517.1569,513.1708,-2.109720,0.010401,0.010371,0.011327
37,4,6,517.5657,513.1708,-2.067313,0.008784,0.008768,0.009628
38,7,3,558.3576,572.3766,-1.610964,-0.140029,-0.138559,0.163129
39,7,3,558.9045,572.3766,-1.628248,-0.143267,-0.142163,0.176743
40,7,3,561.1654,572.3766,-1.708030,0.031581,0.029493,0.035787
41,3,7,579.3609,572.3766,-1.913557,0.001195,0.001180,0.001486
42,5,6,615.4917,601.9790,-1.648841,-0.002480,-0.002774,0.015667
43,5,6,618.8998,601.9790,-1.551162,0.027661,0.026717,0.110712
44,8,1,640.7265,641.4484,-2.948739,-0.146321,-0.146177,0.177901
45,8,1,640.8790,641.4484,-3.051744,-0.146230,-0.146095,0.179333
46,8,2,657.0231,671.0500,-1.679793,0.000344,-0.000332,0.021354
47,8,2,663.7264,671.0500,-1.962029,-0.143711,-0.143209,0.174478
48,8,2,664.0358,671.0500,-1.980777,-0.136887,-0.136406,0.165937
49,2,8,688.0130,671.0500,-1.597252,0.014897,0.014831,0.006192
50,6,6,699.7114,710.5184,-1.817870,-0.061652,-0.064031,0.142294
51,6,6,702.2346,710.5184,-1.933351,0.001505,0.001455,0.001578
52,6,6,703.4462,710.5184,-2.002022,0.000031,0.000030,0.000032
53,7,5,757.2251,730.2523,-1.432547,0.052824,0.051997,0.115481
54,7,5,758.8301,730.2523,-1.407444,0.048220,0.046223,0.063017
55,7,5,759.0540,730.2523,-1.404056,0.032197,0.031337,0.109064
56,4,8,790.5323,789.4533,-2.864342,0.019516,0.018556,0.022953
57,1,9,807.9476,809.1867,-2.814942,-0.148780,-0.148819,0.190182
58,1,9,808.0756,809.1867,-2.862275,-0.143668,-0.143494,0.170525
59,9,1,823.8605,809.1867,-1.741508,0.044543,0.043529,0.051929
60,2,9,827.6499,838.7865,-1.876897,-0.090641,-0.090086,0.112955
61,2,9,831.6366,838.7865,-2.069348,-0.081121,-0.080950,0.102970
62,2,9,838.2108,838.7865,-3.163385,-0.019031,-0.019087,0.029500
63,5,8,861.5611,878.2525,-1.721128,0.033676,0.030554,0.037118
64,5,8,865.2724,878.2525,-1.830343,0.001538,0.001476,0.001580
65,5,8,867.5534,878.2525,-1.914273,0.015565,0.014746,0.016638
66,9,3,904.8568,888.1188,-1.724769,0.007182,0.007079,-0.000197
67,9,3,915.4975,888.1188,-1.511060,0.023335,0.023136,0.027963
68,9,3,918.5376,888.1188,-1.465330,0.020481,0.020444,0.024837
69,9,4,929.8004,957.1826,-1.543526,0.011996,0.011126,0.012745
70,7,7,970.2444,967.0487,-2.480875,0.055253,0.049565,0.066565
71,6,8,981.2301,986.7808,-2.249876,0.021905,0.018140,0.099953
72,6,8,986.7048,986.7808,-4.113645,-0.014630,-0.014986,0.024904
73,1,10,993.9070,996.6468,-2.560824,-0.146539,-0.146611,0.181334
74,1,10,994.0408,996.6468,-2.582567,-0.141102,-0.140941,0.165034
75,10,2,1014.3402,1026.2445,-1.935546,-0.138378,-0.137930,0.168932
76,10,2,1015.5842,1026.2445,-1.983480,-0.129923,-0.129346,0.158441
77,10,2,1016.9524,1026.2445,-2.043138,0.002089,0.001883,0.002430
78,5,9,1043.3025,1045.9762,-2.592406,0.019740,0.018871,0.021296
79,9,5,1046.0262,1045.9762,-4.320142,0.011505,0.011145,0.012327
80,9,5,1059.9102,1045.9762,-1.875446,0.027833,0.026502,0.032842
81,10,3,1076.3222,1075.5734,-3.157268,0.029428,0.025696,0.035934
82,10,3,1082.9909,1075.5734,-2.161384,-0.006038,-0.006295,0.018843
83,10,3,1091.9392,1075.5734,-1.817704,0.000990,0.000959,0.001142
84,10,3,1095.2837,1075.5734,-1.736947,0.040441,0.039323,0.046645
85,10,4,1133.5706,1144.6323,-2.014841,0.006180,0.005960,-0.002771
86,9,6,1149.5967,1154.4978,-2.372104,0.018470,0.013564,0.106535
87,6,9,1157.7675,1154.4978,-2.547884,-0.006305,-0.008556,0.075655
88,6,9,1173.2638,1154.4978,-1.789020,0.066286,0.061928,0.079974
89,1,11,1185.6125,1203.8243,-1.820211,0.001107,0.000921,0.001336
90,1,11,1197.5219,1203.8243,-2.281057,-0.141231,-0.141404,0.169643
91,1,11,1197.5997,1203.8243,-2.286451,-0.135866,-0.135764,0.156609
92,11,1,1215.8456,1203.8243,-2.000613,0.011869,0.011724,0.012708
93,11,1,1216.8729,1203.8243,-1.964999,0.026147,0.025882,0.027999
94,2,11,1220.8999,1233.4198,-1.993508,0.001272,0.001157,0.001432
95,2,11,1231.8933,1233.4198,-2.907421,0.000354,0.000333,0.000396
96,11,2,1246.4874,1233.4198,-1.974915,-0.000085,-0.000098,0.000319
97,11,2,1247.9391,1233.4198,-1.929164,0.021603,0.021112,0.023895
98,8,8,1256.9261,1263.0150,-2.316867,-0.003639,-0.005130,0.065230
99,7,9,1277.5811,1282.7449,-2.395168,0.001269,0.001159,0.001437
100,9,7,1285.5499,1282.7449,-2.660221,0.001152,0.001090,0.001284
101,9,7,1288.7020,1282.7449,-2.333109,0.006794,0.002630,0.041710
102,9,7,1302.1010,1282.7449,-1.821323,0.001382,0.001274,0.001695
103,6,10,1333.4545,1341.9339,-2.199369,-0.004668,-0.006538,0.043086
104,6,10,1341.4006,1341.9339,-3.400775,-0.000204,-0.003086,0.074842
105,6,10,1342.8276,1341.9339,-3.176529,0.041236,0.038020,0.047984
106,11,4,1362.2084,1351.7986,-2.113470,0.016106,0.013930,0.020412
107,11,4,1380.4811,1351.7986,-1.673296,0.047991,0.041195,0.053358
108,12,1,1404.1035,1430.7149,-1.730485,0.010473,0.006624,0.048547
109,12,1,1410.2737,1430.7149,-1.845047,0.009359,0.007869,0.011223
110,12,1,1410.4283,1430.7149,-1.848344,-0.029039,-0.029966,0.056999
111,12,1,1417.7212,1430.7149,-2.041820,-0.109439,-0.109136,0.119339
112,12,1,1419.8811,1430.7149,-2.120770,-0.079819,-0.080282,0.101030
113,9,8,1432.4085,1430.7149,-2.926745,0.009499,0.009211,0.010013
114,9,8,1433.3460,1430.7149,-2.735419,0.000274,0.000266,0.000289
115,12,2,1459.4249,1460.3079,-3.218457,0.000948,0.000906,0.001019
116,2,12,1460.9394,1460.3079,-3.364067,0.019956,0.014882,0.065257
117,2,12,1463.3760,1460.3079,-2.677578,0.023686,0.021572,0.027452
118,10,7,1467.6732,1470.1722,-2.769599,0.006710,0.006626,-0.005057
119,7,10,1471.8149,1470.1722,-2.951820,0.020781,0.016975,0.027154
120,7,10,1486.7059,1470.1722,-1.948997,0.012334,0.010657,0.015898
121,12,3,1499.5246,1509.6289,-2.174363,0.031981,0.029783,0.034992
122,12,3,1502.7302,1509.6289,-2.340102,0.005098,0.002159,0.029420
123,3,12,1526.1234,1509.6289,-1.961532,0.017244,0.015827,0.021135
124,6,11,1532.5763,1549.0851,-1.972361,0.006779,0.003087,0.058469
125,6,11,1536.8538,1549.0851,-2.102602,-0.000742,-0.001058,0.002750
126,6,11,1547.3621,1549.0851,-2.953785,0.007578,0.007411,-0.004717
127,6,11,1547.4625,1549.0851,-2.979867,0.000518,0.000245,0.001202
128,11,6,1555.1209,1549.0851,-2.409337,0.011578,0.009177,0.015769
129,12,4,1578.0230,1578.6768,-3.382814,0.002750,0.001736,0.004991
130,4,12,1581.1172,1578.6768,-2.810837,0.011578,0.009532,0.013805
131,4,12,1588.4351,1578.6768,-2.208921,0.026842,0.023018,0.034226
132,9,9,1589.2816,1598.4045,-2.243554,0.014100,0.011962,0.017402
133,10,8,1621.6144,1618.1320,-2.667133,0.005922,0.004438,0.008797
134,10,8,1623.5582,1618.1320,-2.474512,-0.001011,-0.001053,0.001524
135,10,8,1640.2853,1618.1320,-1.863574,0.028602,0.022817,0.040391
136,12,5,1649.9568,1667.4501,-1.979183,0.012955,0.012417,0.013123
137,12,5,1650.5925,1667.4501,-1.995259,0.004948,0.004700,0.005106
138,12,5,1654.8916,1667.4501,-2.123116,0.003012,0.002160,0.004634
139,12,5,1657.0937,1667.4501,-2.206845,0.028539,0.024232,0.037557
140,12,5,1661.9734,1667.4501,-2.483533,0.010821,0.008239,0.015191
141,12,5,1663.8940,1667.4501,-2.671085,0.004146,0.003681,0.010601
142,1,13,1673.2959,1677.3136,-2.620637,0.003910,0.003281,0.001726
143,1,13,1674.7968,1677.3136,-2.823769,0.036108,0.031681,0.043726
144,1,13,1675.4831,1677.3136,-2.962058,0.028278,0.020414,0.043128
145,13,1,1686.0337,1677.3136,-2.284094,0.019749,0.018206,0.020482
146,2,13,1693.8924,1706.9039,-2.117880,0.002533,0.002201,0.003068
147,2,13,1700.9026,1706.9039,-2.453963,0.009530,0.007626,0.006876
148,13,2,1716.0039,1706.9039,-2.273170,0.000246,0.000165,0.000413
149,13,2,1722.3650,1706.9039,-2.042969,0.010362,0.007005,0.021166
150,13,2,1724.1587,1706.9039,-1.995300,0.003856,0.003474,0.001559
151,13,3,1734.4773,1756.2204,-1.907257,0.005039,0.004432,0.005952
152,13,3,1739.3697,1756.2204,-2.017960,0.019698,0.014402,0.031983
153,13,3,1740.9763,1756.2204,-2.061476,0.018123,0.013768,0.024652
154,13,3,1743.9668,1756.2204,-2.156314,0.016635,0.011502,0.025103
155,13,3,1749.6744,1756.2204,-2.428604,0.000417,0.000240,0.000798
156,3,13,1759.7731,1756.2204,-2.694026,0.016088,0.013070,0.014470
157,3,13,1759.9819,1756.2204,-2.669219,0.010152,0.005168,0.024891
158,9,10,1782.6341,1785.8099,-2.749983,0.003354,0.001988,0.006459
159,10,9,1786.9615,1785.8099,-3.190540,0.003939,0.003311,0.005139
160,10,9,1793.0159,1785.8099,-2.394141,0.002069,0.001811,0.002233
161,13,4,1810.9445,1825.2620,-2.105458,0.003757,0.003369,-0.000169
162,13,4,1816.9648,1825.2620,-2.342394,0.027759,0.018416,0.036131
163,13,4,1820.9831,1825.2620,-2.629989,0.002005,0.001425,0.003080
164,8,11,1826.9453,1825.2620,-3.035163,0.003904,0.001033,0.016483
165,8,11,1841.5347,1825.2620,-2.049867,0.009535,0.009229,-0.001700
166,8,11,1844.8326,1825.2620,-1.969721,0.024647,0.019410,0.035792
167,8,11,1859.8387,1825.2620,-1.722542,-0.003379,-0.004793,0.010536
168,8,11,1863.3353,1825.2620,-1.680705,0.000455,0.000346,0.000717
169,7,12,1886.4874,1904.1646,-2.032291,0.017299,0.016314,0.017172
170,7,12,1886.9537,1904.1646,-2.043903,0.012279,0.011499,0.018768
171,7,12,1887.7381,1904.1646,-2.064160,0.000307,0.000188,0.000560
172,7,12,1896.5104,1904.1646,-2.395806,0.001343,0.001222,0.001535
173,7,12,1902.5919,1904.1646,-3.083083,0.007340,0.006724,0.008391
174,5,13,1909.7747,1914.0272,-2.653300,-0.000423,-0.000421,0.000597
175,5,13,1911.1586,1914.0272,-2.824269,0.012197,0.010261,0.015692
176,5,13,1911.3670,1914.0272,-2.857028,0.007380,0.006225,0.009445
177,13,5,1917.0929,1914.0272,-2.795415,0.000584,0.000444,0.000857
178,13,5,1921.6075,1914.0272,-2.402263,0.000126,0.000067,0.000316
179,1,14,1930.4899,1943.6150,-2.170510,0.002555,0.001510,0.011385
180,1,14,1936.6991,1943.6150,-2.448766,0.001936,0.001610,0.000761
181,1,14,1938.6631,1943.6150,-2.593842,0.002936,0.002092,0.004633
182,1,14,1939.8668,1943.6150,-2.714795,0.002908,0.002495,0.003642
183,14,1,1952.9207,1943.6150,-2.319857,0.000670,0.000609,0.000794
184,10,10,1972.5779,1973.2024,-3.499678,0.003525,0.002610,0.005474
185,9,11,1987.6665,1992.9272,-2.578453,0.025247,0.019321,0.038715
186,9,11,1991.3140,1992.9272,-3.091804,0.003898,0.003278,0.005020
187,9,11,1993.2669,1992.9272,-3.768325,-0.001085,-0.001491,0.003781
188,9,11,2002.6339,1992.9272,-2.312419,0.002432,0.001656,0.004203
189,14,3,2013.0399,2022.5141,-2.329351,0.000365,-0.000028,0.003184
190,14,3,2014.8277,2022.5141,-2.420172,0.030541,0.021493,0.047198
191,6,13,2023.6197,2022.5141,-3.262264,-0.000013,-0.000001,0.000269
192,8,12,2045.8371,2052.1006,-2.515382,-0.009432,-0.010405,0.015239
193,12,8,2053.0147,2052.1006,-3.351211,0.056092,0.052104,0.004466
194,12,8,2059.3496,2052.1006,-2.451925,0.002590,0.001897,0.004028
195,12,8,2062.0224,2052.1006,-2.315607,0.000430,0.000316,0.000665
196,14,4,2077.3331,2091.5489,-2.167699,0.006605,0.004241,0.011235
197,14,4,2091.0571,2091.5489,-3.628679,0.002187,0.000358,0.010030
198,13,7,2128.8450,2150.7202,-1.992633,0.009967,0.006432,0.025130
199,13,7,2134.0172,2150.7202,-2.109790,0.023058,0.021361,0.027479
200,13,7,2134.3834,2150.7202,-2.119418,0.000394,0.000357,0.000643
201,13,7,2135.7745,2150.7202,-2.158067,0.021152,0.015965,0.030194
202,13,7,2139.3136,2150.7202,-2.275427,0.003433,0.002742,0.004695
203,13,7,2143.5337,2150.7202,-2.476069,0.008284,0.007605,0.009144
204,13,7,2143.8497,2150.7202,-2.495598,0.001552,0.001388,-0.000547
205,13,7,2145.9495,2150.7202,-2.654003,0.000387,0.000352,0.000439
206,13,7,2146.6163,2150.7202,-2.719394,0.032038,0.026255,0.037572
207,13,7,2149.8416,2150.7202,-3.388805,0.006481,0.005315,0.011483
208,11,10,2166.0617,2180.3053,-2.184895,0.000337,0.000286,0.000414
209,11,10,2169.2727,2180.3053,-2.295839,0.000628,0.000503,0.000841
210,11,10,2174.5206,2180.3053,-2.576232,0.002248,0.001512,0.003750
211,11,10,2176.6690,2180.3053,-2.777857,0.009109,0.008190,0.005782
212,5,14,2185.4449,2180.3053,-2.627592,-0.026639,-0.027124,0.043749
213,9,12,2209.8586,2219.7517,-2.350971,-0.000611,-0.000672,0.001252
214,9,12,2219.6018,2219.7517,-4.170436,0.006247,0.005158,0.008227
215,12,9,2224.0182,2219.7517,-2.716239,0.013611,0.011647,0.017221
216,1,15,2236.5547,2229.6132,-2.506776,0.000835,0.000627,0.001269
217,1,15,2237.7117,2229.6132,-2.439824,0.005228,0.004171,0.007332
218,15,2,2257.5926,2259.1975,-3.148494,0.002034,0.001566,0.002956
219,2,15,2259.3298,2259.1975,-4.232522,0.001487,0.001412,-0.000790
220,14,6,2278.3707,2288.7815,-2.342120,0.016540,0.011673,0.025856
221,14,6,2280.5815,2288.7815,-2.445787,0.008078,0.005809,0.012407
222,6,14,2289.3656,2288.7815,-3.593111,0.001726,0.001353,0.002456
223,8,13,2303.4398,2298.6428,-2.680500,0.020660,0.016410,0.028765
224,15,3,2307.0870,2308.5040,-3.211968,0.000442,0.000324,0.000677
225,3,15,2311.1981,2308.5040,-2.932916,0.011100,0.008810,0.017073
226,3,15,2317.9369,2308.5040,-2.388685,0.004375,0.003835,0.005187
227,3,15,2318.1465,2308.5040,-2.379141,0.003591,0.003153,0.004245
228,3,15,2327.4599,2308.5040,-2.085586,0.014638,0.014110,-0.005636
229,3,15,2335.5130,2308.5040,-1.931822,-0.006395,-0.006563,0.008216
230,15,4,2351.5355,2377.5315,-1.961219,0.005616,0.005456,-0.005019
231,15,4,2353.5138,2377.5315,-1.995595,0.012776,0.007792,0.022161
232,15,4,2353.9561,2377.5315,-2.003667,-0.006448,-0.006365,0.007005
233,15,4,2354.5227,2377.5315,-2.014232,0.001700,0.001322,0.002276
234,11,11,2388.8397,2387.3925,-3.217385,-0.001986,-0.004806,0.041258
235,11,11,2395.9427,2387.3925,-2.445946,0.007498,0.005953,0.010516
236,11,11,2397.2252,2387.3925,-2.385251,0.009337,0.007313,0.013362
237,10,12,2401.4142,2407.1142,-2.625617,-0.006225,-0.009758,0.042705
238,10,12,2404.4625,2407.1142,-2.957974,-0.002273,-0.002311,0.002956
239,12,10,2407.6322,2407.1142,-3.667210,0.004630,0.003725,0.006283
240,7,14,2417.9520,2416.9751,-3.393409,0.005834,0.001469,0.033258
241,5,15,2446.6118,2466.2787,-2.098308,0.000862,-0.000695,0.012626
242,5,15,2448.5525,2466.2787,-2.143428,0.001306,-0.002272,0.030221
243,5,15,2455.1602,2466.2787,-2.345997,0.008168,0.006864,0.010395
244,9,13,2484.4707,2466.2787,-2.132162,0.001334,0.001268,-0.000030
245,9,13,2488.5735,2466.2787,-2.043838,0.013785,0.010904,0.019677
246,9,13,2492.6693,2466.2787,-1.970592,0.008999,0.006616,0.013900
247,9,13,2496.1260,2466.2787,-1.917136,-0.000053,-0.000705,0.008481
248,14,8,2535.6348,2564.8831,-1.942967,0.002670,0.001674,0.004483
249,14,8,2540.8329,2564.8831,-2.027948,0.016775,0.012804,0.023530
250,14,8,2552.3638,2564.8831,-2.311485,-0.003798,-0.007016,0.030002
251,6,15,2588.3682,2574.7434,-2.276402,-0.000597,-0.000639,0.001757
252,6,15,2589.6490,2574.7434,-2.237384,0.003105,0.002902,-0.000967
253,6,15,2594.2907,2574.7434,-2.119647,0.001857,0.001470,0.002660
254,12,11,2603.4030,2614.1840,-2.384675,0.000004,0.000003,0.000006
255,11,12,2617.9395,2614.1840,-2.842668,-0.000572,-0.000600,0.001106
256,11,12,2628.0822,2614.1840,-2.274378,0.006623,0.006028,0.007519
257,11,12,2628.2772,2614.1840,-2.268327,0.009377,0.008517,0.010689
258,11,12,2632.3381,2614.1840,-2.158364,0.010688,0.009682,0.011236
259,11,12,2633.3489,2614.1840,-2.134831,0.009551,0.008862,0.005908
260,13,10,2638.0514,2653.6241,-2.231473,0.001132,0.001055,-0.000572
261,13,10,2641.8202,2653.6241,-2.351814,0.005762,0.004976,0.006817
262,13,10,2649.9772,2653.6241,-2.861918,0.001957,0.001711,0.002304
263,10,13,2661.4055,2653.6241,-2.532784,0.000951,0.000760,0.001289
264,10,13,2663.6410,2653.6241,-2.423109,0.004310,0.004028,-0.000059
265,10,13,2665.5290,2653.6241,-2.348114,0.000859,0.000832,-0.000562
266,10,13,2666.1183,2653.6241,-2.327132,0.009859,0.008178,0.012710
267,10,13,2677.8083,2653.6241,-2.040309,0.012687,0.011111,0.013467
268,15,7,2679.5705,2702.9234,-2.063493,0.011155,0.009555,0.012934
269,15,7,2689.4740,2702.9234,-2.303130,0.001061,0.001010,-0.000037
270,7,15,2705.7992,2702.9234,-2.973076,0.004017,0.003263,0.005349
271,7,15,2709.4211,2702.9234,-2.619078,-0.000658,-0.000903,0.001783
272,7,15,2712.5782,2702.9234,-2.447089,0.001269,0.001346,-0.000629
273,7,15,2716.1081,2702.9234,-2.311765,0.000306,0.000255,0.000392
274,14,9,2718.4001,2732.5026,-2.287265,0.000031,0.000026,0.000040
275,14,9,2720.1456,2732.5026,-2.344650,0.001025,0.000905,0.001831
276,14,9,2721.4640,2732.5026,-2.393649,0.005247,0.004369,0.006615
277,14,9,2729.2010,2732.5026,-2.917848,0.002263,0.001477,0.003934
278,9,14,2736.7588,2732.5026,-2.807534,0.007856,0.006476,0.010005
279,9,14,2737.0826,2732.5026,-2.775693,0.014306,0.012317,0.018112
280,9,14,2747.5551,2732.5026,-2.258952,0.000800,0.000793,0.000439
281,9,14,2780.1300,2732.5026,-1.758703,0.005242,0.004168,0.007577
282,9,14,2785.6850,2732.5026,-1.710792,0.015765,0.014362,0.006605
283,12,12,2787.6137,2840.9567,-1.726387,0.018632,0.015018,0.022497
284,12,12,2800.1436,2840.9567,-1.842666,0.005677,0.004716,0.006904
285,12,12,2809.4455,2840.9567,-1.955000,0.008664,0.007054,0.010785
286,12,12,2816.2504,2840.9567,-2.060657,0.000706,0.000547,0.000954
287,12,12,2820.3518,2840.9567,-2.139495,0.006183,0.005240,0.007510
288,12,12,2832.0902,2840.9567,-2.505713,-0.002436,-0.004800,0.024169
289,12,12,2842.4221,2840.9567,-3.287508,-0.015211,-0.017373,0.053730
290,11,13,2879.5673,2860.6751,-2.180186,0.008821,0.007207,0.012003
291,11,13,2884.9510,2860.6751,-2.071294,0.018492,0.015867,0.023283
292,11,13,2887.3539,2860.6751,-2.030303,0.004578,0.003754,0.006179
293,11,13,2889.2901,2860.6751,-1.999875,0.008727,0.006645,0.013555
294,14,10,2903.0228,2919.8296,-2.239871,-0.002363,-0.002476,0.003388
295,14,10,2904.8556,2919.8296,-2.290020,0.022093,0.019643,0.005858
296,10,14,2939.3294,2919.8296,-2.175327,0.002159,0.001756,0.002958
297,10,14,2945.3770,2919.8296,-2.058012,0.016078,0.015496,-0.010078
298,10,14,2945.9813,2919.8296,-2.047858,0.007974,0.005629,0.012379
299,10,14,2954.9482,2919.8296,-1.919821,0.013504,0.012047,0.016863
300,9,15,2993.2567,3018.4176,-2.079053,-0.001213,-0.001257,0.001769
301,9,15,2997.8286,3018.4176,-2.166143,-0.001986,-0.002205,0.003586
302,9,15,3007.1853,3018.4176,-2.429308,0.001559,0.001277,0.001995
303,9,15,3007.7975,3018.4176,-2.453650,-0.002618,-0.002737,0.006738
304,15,9,3043.6351,3018.4176,-2.078078,0.012627,0.011119,0.015667
305,13,12,3068.0781,3087.4271,-2.202938,0.013587,0.010942,0.017710
306,13,12,3068.4907,3087.4271,-2.212299,0.023882,0.021715,-0.007613
307,12,13,3101.2113,3087.4271,-2.350215,0.004693,0.002687,0.013117
308,14,11,3115.0347,3126.8603,-2.422286,0.000360,0.000294,0.000469
309,14,11,3126.2661,3126.8603,-3.721169,-0.000852,-0.001769,0.012562
310,11,14,3133.1864,3126.8603,-2.693972,0.002897,0.002405,0.003732
311,11,14,3145.5718,3126.8603,-2.223001,0.002426,0.002375,-0.001245
312,11,14,3161.9678,3126.8603,-1.949708,-0.000238,-0.000312,0.000540
313,10,15,3175.6514,3205.7250,-2.027741,0.011872,0.010448,0.013731
314,15,10,3234.1236,3205.7250,-2.052628,0.007183,0.006001,0.009344
315,15,10,3238.3318,3205.7250,-1.992618,0.009651,0.008901,0.010670
316,15,10,3238.4197,3205.7250,-1.991449,0.004299,0.003980,0.004657
317,15,10,3240.8374,3205.7250,-1.960466,0.007083,0.006590,0.008024
318,15,10,3242.2504,3205.7250,-1.943332,0.004244,0.003912,0.004891
319,15,10,3248.5502,3205.7250,-1.874227,0.006496,0.006071,0.007376
320,15,10,3248.7735,3205.7250,-1.871968,0.012252,0.011437,0.013985
321,15,10,3248.8096,3205.7250,-1.871604,0.006211,0.005393,0.012464
322,15,10,3252.0523,3205.7250,-1.840089,0.000128,0.000116,0.000154
323,15,10,3255.0547,3205.7250,-1.812817,0.001576,0.001315,0.002139
324,15,10,3256.4802,3205.7250,-1.800445,-0.001923,-0.003298,0.013389
325,15,10,3260.2137,3205.7250,-1.769620,0.000468,0.000434,0.000139
326,15,10,3261.5642,3205.7250,-1.758986,0.009265,0.008611,0.010846
327,15,10,3261.8889,3205.7250,-1.756469,0.000453,0.000452,0.000184
328,15,10,3263.9762,3205.7250,-1.740621,0.009954,0.009214,0.011730
329,13,13,3280.4904,3333.8752,-1.795532,0.006020,0.005425,0.006731
330,13,13,3283.3019,3333.8752,-1.819029,0.011663,0.010278,0.012800
331,13,13,3283.4383,3333.8752,-1.820201,0.013618,0.012053,0.014871
332,13,13,3288.5045,3333.8752,-1.866174,0.009201,0.008037,0.010224
333,13,13,3293.4679,3333.8752,-1.916490,0.000040,0.000033,0.000049
334,13,13,3294.1274,3333.8752,-1.923637,0.004302,0.004075,-0.003164
335,13,13,3295.7267,3333.8752,-1.941473,0.001674,0.001397,0.002013
336,13,13,3301.1679,3333.8752,-2.008305,0.003039,0.002633,0.003481
337,13,13,3305.5645,3333.8752,-2.071000,0.015291,0.013715,0.016743
338,13,13,3319.5189,3333.8752,-2.365907,0.005375,0.004661,0.006386
339,13,13,3322.3444,3333.8752,-2.461092,0.009276,0.008240,0.010633
340,13,13,3335.7186,3333.8752,-3.257311,0.016393,0.015014,-0.001362
341,13,13,3336.8073,3333.8752,-3.055765,0.007822,0.006593,0.016730
342,13,13,3341.1689,3333.8752,-2.659999,0.007856,0.006673,0.009748
343,14,12,3350.6790,3353.5900,-3.061468,0.001136,0.001073,0.001102
344,12,14,3360.5601,3353.5900,-2.682276,0.000259,0.000229,0.000304
345,12,14,3363.7084,3353.5900,-2.520400,0.004968,0.004507,0.005698
346,11,15,3385.4009,3412.7338,-2.096417,0.005045,0.002866,0.012692
347,11,15,3386.1302,3412.7338,-2.108161,0.016844,0.015319,0.018303
348,11,15,3405.0653,3412.7338,-2.648391,0.015862,0.014581,0.009793
349,11,15,3408.1624,3412.7338,-2.873052,0.001655,0.001394,0.002031
350,15,11,3429.5863,3412.7338,-2.306437,0.001781,0.001320,0.004672
351,15,11,3443.6195,3412.7338,-2.043345,0.003139,0.002133,0.004838
352,15,11,3444.2669,3412.7338,-2.034335,0.011204,0.009840,0.012441
353,15,11,3445.6473,3412.7338,-2.015729,0.000554,0.000314,0.002398
354,15,11,3451.1510,3412.7338,-1.948577,0.005468,0.004571,0.007196
355,15,11,3454.2158,3412.7338,-1.915243,0.001029,0.000906,0.001276
356,15,11,3463.2449,3412.7338,-1.829716,0.011375,0.010142,0.014016
357,15,11,3482.9500,3412.7338,-1.686665,0.000162,0.000142,0.000208
358,15,11,3497.6610,3412.7338,-1.604056,0.006002,0.005152,0.001305
359,14,13,3510.0956,3600.0139,-1.602456,0.002872,0.002407,0.003264
360,14,13,3523.2902,3600.0139,-1.671375,0.001146,0.001018,-0.000353
361,14,13,3544.7220,3600.0139,-1.813642,0.012238,0.011012,0.005888
362,14,13,3549.4999,3600.0139,-1.852892,0.002427,0.002055,0.002809
363,14,13,3549.6643,3600.0139,-1.854308,0.000334,0.000279,0.000392
364,14,13,3574.5951,3600.0139,-2.151149,0.011533,0.009455,0.017433
365,14,13,3575.4336,3600.0139,-2.165717,0.015034,0.012996,0.007508
366,13,14,3603.7844,3600.0139,-2.979911,0.011202,0.010065,0.012857
367,15,12,3627.8177,3639.4397,-2.495756,0.001471,0.001318,0.001681
368,12,15,3648.7150,3639.4397,-2.593705,0.001499,0.001298,0.001830
369,12,15,3650.9495,3639.4397,-2.499965,-0.006353,-0.006675,0.018043
370,12,15,3663.1362,3639.4397,-2.186350,0.006781,0.005528,0.005190
371,12,15,3686.3234,3639.4397,-1.890012,-0.002725,-0.003026,0.010576
372,12,15,3696.5091,3639.4397,-1.804631,0.007390,0.006787,0.000321
373,12,15,3703.4939,3639.4397,-1.754487,0.000139,0.000116,0.000185
374,12,15,3713.9851,3639.4397,-1.688613,0.002044,0.001783,0.002627
375,12,15,3735.1356,3639.4397,-1.580141,-0.006782,-0.008019,0.022846
376,14,14,3766.6598,3866.1266,-1.589598,0.011057,0.009284,0.006652
377,14,14,3785.0127,3866.1266,-1.678181,0.006826,0.006348,0.006941
378,14,14,3788.9465,3866.1266,-1.699771,0.016375,0.013961,0.018370
379,14,14,3823.8698,3866.1266,-1.961380,0.000003,0.000002,0.000004
380,14,14,3836.0179,3866.1266,-2.108585,0.005329,0.004766,0.002921
381,14,14,3845.4981,3866.1266,-2.272809,0.000059,0.000050,0.000071
382,14,14,3863.9176,3866.1266,-3.243096,0.006873,0.005885,0.008288
383,14,14,3870.4024,3866.1266,-2.956255,0.016390,0.014065,0.019648
384,13,15,3914.2633,3885.8376,-2.135773,0.008915,0.007756,0.010872
385,13,15,3918.0680,3885.8376,-2.081219,0.001808,0.001878,0.002002
386,13,15,3919.9448,3885.8376,-2.056638,0.013769,0.013035,0.016694
387,13,15,3949.3899,3885.8376,-1.786353,0.006062,0.006131,-0.001773
388,15,14,4030.6744,4151.9222,-1.534576,-0.000635,-0.000612,0.000934
389,15,14,4034.0784,4151.9222,-1.546943,0.002548,0.002076,0.002869
390,15,14,4054.4375,4151.9222,-1.629313,0.000784,0.000652,0.000877
391,15,14,4065.7314,4151.9222,-1.682788,0.004395,0.004540,0.002240
392,15,14,4067.8596,4151.9222,-1.693647,0.011479,0.011096,-0.006024
393,15,14,4143.8080,4151.9222,-2.709003,0.000592,-0.000589,0.005305
394,15,14,4150.7942,4151.9222,-3.565948,0.000071,0.000062,0.000084
395,14,15,4219.4468,4151.9222,-1.788787,0.003995,0.003506,0.004945
396,14,15,4219.6507,4151.9222,-1.787477,-0.002520,-0.002719,0.005312
397,14,15,4247.2364,4151.9222,-1.639091,0.001040,0.001039,0.001147
398,14,15,4247.8434,4151.9222,-1.636334,0.000732,0.000713,0.000902
399,14,15,4247.8953,4151.9222,-1.636100,0.004400,0.004435,0.004800
400,14,15,4248.2224,4151.9222,-1.634622,0.001315,0.001316,0.001049
401,14,15,4253.9433,4151.9222,-1.609559,0.004683,0.004770,0.006825
402,14,15,4255.9774,4151.9222,-1.600985,0.000330,0.000323,0.000378
403,14,15,4259.8569,4151.9222,-1.585088,0.003499,0.003586,0.003795
404,14,15,4260.6068,4151.9222,-1.582081,0.003226,0.003299,0.003588
405,14,15,4262.5544,4151.9222,-1.574367,0.000680,0.000685,0.000755
406,14,15,4263.1739,4151.9222,-1.571942,0.000411,0.000454,0.000829
407,14,15,4263.4873,4151.9222,-1.570721,0.004132,0.004211,0.004517
408,14,15,4264.8614,4151.9222,-1.565404,0.002251,0.002303,0.002465
409,14,15,4265.1421,4151.9222,-1.564326,0.000424,0.000423,0.000478
410,14,15,4267.7091,4151.9222,-1.554590,0.007790,0.007853,0.007222
411,14,15,4269.6220,4151.9222,-1.547473,0.000545,0.000559,0.000312
412,14,15,4272.7614,4151.9222,-1.536041,0.000347,0.000386,0.000715
413,14,15,4273.2607,4151.9222,-1.534251,0.000008,0.000009,0.000013
414,14,15,4273.4564,4151.9222,-1.533551,0.006311,0.006513,0.006877
415,14,15,4274.8972,4151.9222,-1.528432,0.000557,0.000577,0.000607
416,14,15,4277.6510,4151.9222,-1.518814,0.007414,0.007728,0.008026
417,14,15,4278.6483,4151.9222,-1.515383,0.008762,0.009163,0.009466
418,14,15,4279.0411,4151.9222,-1.514039,-0.000116,-0.000090,0.000219
419,14,15,4281.2702,4151.9222,-1.506489,0.006635,0.006788,0.007357
420,14,15,4282.9818,4151.9222,-1.500780,0.007908,0.008360,0.010017
421,14,15,4284.4535,4151.9222,-1.495931,0.003285,0.003518,0.005338
422,14,15,4284.6626,4151.9222,-1.495246,0.000045,0.000044,0.000051
423,14,15,4287.5021,4151.9222,-1.486054,0.000276,0.000298,0.000357
424,14,15,4287.8200,4151.9222,-1.485037,0.001500,0.001574,0.001417
425,14,15,4290.2249,4151.9222,-1.477419,0.000947,0.000985,0.001044
426,14,15,4290.8756,4151.9222,-1.475380,0.000106,0.000112,0.000116
427,14,15,4291.4572,4151.9222,-1.473566,0.011061,0.011684,0.011955
428,14,15,4292.9885,4151.9222,-1.468826,0.000116,0.000123,0.000126
429,15,15,4295.4989,4437.6877,-1.494291,0.003538,0.003532,0.003125
430,15,15,4295.6506,4437.6877,-1.494755,0.005780,0.005760,0.005118
431,15,15,4295.8054,4437.6877,-1.495229,0.000728,0.000717,0.000652
432,15,15,4297.7425,4437.6877,-1.501199,0.001399,0.001406,0.001228
433,15,15,4297.7876,4437.6877,-1.501339,0.016805,0.016892,0.014815
434,15,15,4299.0618,4437.6877,-1.505312,0.000282,0.000284,-0.000118
435,15,15,4299.3998,4437.6877,-1.506373,0.001726,0.001739,0.001514
436,15,15,4300.0185,4437.6877,-1.508320,-0.000184,-0.000188,0.000240
437,15,15,4302.8235,4437.6877,-1.517260,0.001099,0.001036,0.001038
438,15,15,4304.6612,4437.6877,-1.523219,0.000037,0.000034,0.000035
439,15,15,4323.4539,4437.6877,-1.589362,0.006405,0.004998,0.007565
440,15,15,4334.4162,4437.6877,-1.633176,0.000319,0.000287,0.000329
441,15,15,4335.2244,4437.6877,-1.636588,-0.000125,-0.000159,0.000278
442,15,15,4340.1736,4437.6877,-1.658089,0.000952,0.000885,0.000946
443,15,15,4352.4491,4437.6877,-1.716520,0.000033,0.000031,0.000032
444,15,15,4364.9228,4437.6877,-1.785235,-0.000261,-0.000266,0.000576
445,15,15,4374.2446,4437.6877,-1.844772,0.010760,0.009288,0.011928
446,15,15,4375.5927,4437.6877,-1.854100,0.001257,0.001075,0.001424
447,15,15,4392.6860,4437.6877,-1.993928,0.008613,0.007750,0.009373
448,15,15,4402.5686,4437.6877,-2.101613,0.005156,0.004891,0.005299
449,15,15,4420.6556,4437.6877,-2.415890,0.002773,0.002493,0.003105
450,15,15,4422.2677,4437.6877,-2.459074,0.001289,0.001365,0.000140
451,15,15,4426.6502,4437.6877,-2.604286,0.007504,0.006381,0.008912
452,15,15,4452.6250,4437.6877,-2.472885,-0.000063,-0.000067,0.000065
453,15,15,4481.3172,4437.6877,-2.007376,0.006087,0.005794,0.006703
454,15,15,4488.9895,4437.6877,-1.937024,-0.000413,-0.000419,0.005659
455,15,15,4496.9048,4437.6877,-1.874710,0.004847,0.004716,0.005313
456,15,15,4507.4142,4437.6877,-1.803759,0.007458,0.007240,0.008235
457,15,15,4570.9676,4437.6877,-1.522392,0.000232,0.000221,0.000277
458,15,15,4581.0338,4437.6877,-1.490771,0.000165,0.000161,0.000193
459,15,15,4588.9603,4437.6877,-1.467396,0.004460,0.004394,0.005226
460,15,15,4592.6672,4437.6877,-1.456882,-0.000941,-0.001326,0.018802
461,15,15,4623.4949,4437.6877,-1.378094,0.000033,0.000027,0.000047
462,15,15,4645.7193,4437.6877,-1.329027,0.000592,0.000534,0.000802
463,15,15,4649.4252,4437.6877,-1.321359,0.000478,0.000496,-0.000395
464,15,15,4649.5671,4437.6877,-1.321068,0.001087,0.000918,0.001572
465,15,15,4672.2783,4437.6877,-1.276846,0.000101,0.000097,0.000131
466,15,15,4681.9021,4437.6877,-1.259385,0.000290,0.000281,0.000380
467,15,15,4682.7397,4437.6877,-1.257899,0.000004,0.000007,0.000067
468,15,15,4691.9651,4437.6877,-1.241849,0.003841,0.003704,0.008346
469,15,15,4709.9731,4437.6877,-1.212132,0.001715,0.001676,0.002247
470,15,15,4716.8909,4437.6877,-1.201236,0.001324,0.001242,0.001819
471,15,15,4726.2717,4437.6877,-1.186884,0.000361,0.000345,0.000495
472,15,15,4754.7268,4437.6877,-1.146044,0.000917,0.000895,0.001254
473,15,15,4795.5458,4437.6877,-1.093446,0.000446,0.000429,0.000643
474,15,15,4829.9488,4437.6877,-1.053581,0.001093,0.001104,0.001531
475,15,15,4836.3519,4437.6877,-1.046550,0.000505,0.000597,0.000183
476,15,15,4860.7287,4437.6877,-1.020774,0.002915,0.002942,0.004179
477,15,15,4908.7529,4437.6877,-0.974076,0.001908,0.002009,0.004479
478,15,15,4962.9953,4437.6877,-0.926743,0.004811,0.004984,0.007261
479,15,15,4993.4880,4437.6877,-0.902238,0.006177,0.006345,0.009651
480,15,15,4999.4686,4437.6877,-0.897590,0.006529,0.006466,0.010612
481,15,15,5025.2858,4437.6877,-0.878076,0.002644,0.002772,0.002666
482,15,15,5026.9295,4437.6877,-0.876863,0.002197,0.002217,0.003631
483,15,15,5050.2247,4437.6877,-0.860024,0.000258,0.000257,0.000435
484,15,15,5058.3431,4437.6877,-0.854306,0.000290,0.000338,0.000247
485,15,15,90783.9703,4437.6877,1.289087,0.000000,0.000000,0.000000
486,15,15,90783.9703,4437.6877,1.289087,0.000000,0.000000,0.000000
487,15,15,90785.1745,4437.6877,1.289093,0.000000,0.000000,0.000000
488,15,15,90785.1752,4437.6877,1.289093,0.000000,0.000000,0.000000
489,15,15,90785.1768,4437.6877,1.289093,0.000000,0.000000,0.000000
490,15,15,90785.1775,4437.6877,1.289093,0.000000,0.000000,0.000000
491,15,15,90787.7961,4437.6877,1.289106,0.000000,-0.000000,0.000000
492,15,15,90787.7961,4437.6877,1.289106,0.000000,0.000000,0.000000
493,15,15,90790.1558,4437.6877,1.289118,0.000000,-0.000000,0.000000
494,15,15,90790.1692,4437.6877,1.289118,0.000000,0.000000,0.000000
495,15,15,90790.1774,4437.6877,1.289118,0.000000,0.000000,0.000000
496,15,15,90790.1911,4437.6877,1.289118,0.000000,0.000000,0.000000
497,15,15,90792.6629,4437.6877,1.289131,0.000000,0.000000,0.000000
498,15,15,90792.6672,4437.6877,1.289131,0.000000,0.000000,0.000000
499,15,15,90792.7869,4437.6877,1.289131,0.000000,0.000000,0.000000
500,15,15,90792.7911,4437.6877,1.289131,0.000000,0.000000,0.000000
501,15,15,90805.0616,4437.6877,1.289193,0.000000,-0.000000,0.000000
502,15,15,90805.1607,4437.6877,1.289193,0.000000,0.000000,0.000000
503,15,15,90805.4131,4437.6877,1.289195,0.000000,0.000000,0.000000
504,15,15,90805.5431,4437.6877,1.289195,0.000000,0.000000,0.000000
505,15,15,90808.7687,4437.6877,1.289212,0.000000,-0.000000,-0.000000
506,15,15,90808.8596,4437.6877,1.289212,0.000000,-0.000000,-0.000000
507,15,15,90813.1676,4437.6877,1.289234,0.000000,0.000000,0.000000
508,15,15,90813.4862,4437.6877,1.289235,0.000000,0.000000,0.000000
509,15,15,90816.6188,4437.6877,1.289251,0.000000,0.000000,-0.000000
510,15,15,90817.9227,4437.6877,1.289258,0.000000,0.000000,0.000000
511,15,15,90818.8932,4437.6877,1.289263,0.000000,-0.000000,0.000000
512,15,15,90820.9417,4437.6877,1.289273,0.000000,0.000000,0.000000
513,15,15,90823.4324,4437.6877,1.289285,0.000000,0.000000,-0.000000
514,15,15,90826.1897,4437.6877,1.289299,0.000000,0.000000,0.000000
515,15,15,90827.1583,4437.6877,1.289304,0.000000,0.000000,-0.000000
516,15,15,90830.1062,4437.6877,1.289319,0.000000,0.000000,0.000000
517,15,15,90834.0879,4437.6877,1.289339,0.000000,0.000000,0.000000
518,15,15,90837.3901,4437.6877,1.289356,0.000000,-0.000000,0.000000
519,15,15,90839.1915,4437.6877,1.289365,0.000000,0.000000,0.000000
520,15,15,90843.4170,4437.6877,1.289386,0.000000,0.000000,0.000000
521,15,15,90846.4066,4437.6877,1.289401,0.000000,0.000000,0.000000
522,15,15,90851.1559,4437.6877,1.289425,0.000000,0.000000,0.000000
523,15,15,90853.8057,4437.6877,1.289438,0.000000,0.000000,0.000000
524,15,15,90860.3014,4437.6877,1.289471,0.000000,0.000000,-0.000000
525,15,15,90860.9926,4437.6877,1.289474,0.000000,0.000000,0.000000
526,15,15,90868.2284,4437.6877,1.289510,0.000000,0.000000,0.000000
527,15,15,90871.2119,4437.6877,1.289525,0.000000,0.000000,0.000000
528,15,15,90878.2668,4437.6877,1.289561,0.000000,-0.000000,0.000000
529,15,15,90881.5910,4437.6877,1.289578,0.000000,0.000000,0.000000
530,15,15,90889.3566,4437.6877,1.289617,0.000000,-0.000000,0.000000
531,15,15,90892.8111,4437.6877,1.289634,0.000000,0.000000,0.000000
532,15,15,90900.7963,4437.6877,1.289674,0.000000,0.000000,0.000000
533,15,15,90906.1257,4437.6877,1.289701,0.000000,-0.000000,0.000000
534,15,15,90914.0530,4437.6877,1.289741,0.000000,0.000000,0.000000
535,15,15,90920.6158,4437.6877,1.289774,0.000000,-0.000000,-0.000000
536,15,15,90929.8117,4437.6877,1.289820,0.000000,0.000000,0.000000
537,15,15,90934.3520,4437.6877,1.289843,0.000000,-0.000000,0.000000
538,15,15,90944.4221,4437.6877,1.289893,0.000000,0.000000,0.000000
539,15,15,90950.3315,4437.6877,1.289923,0.000000,-0.000000,0.000000
540,15,15,90957.9217,4437.6877,1.289961,0.000000,0.000000,0.000000
541,15,15,90975.4482,4437.6877,1.290049,0.000000,0.000000,0.000000
542,15,15,90982.0785,4437.6877,1.290082,0.000000,0.000000,0.000000
543,15,15,90995.3229,4437.6877,1.290149,0.000000,-0.000000,0.000000
544,15,15,91008.0685,4437.6877,1.290213,0.000000,0.000000,0.000000
545,15,15,91008.7889,4437.6877,1.290216,0.000000,0.000000,-0.000000
546,15,15,91021.8545,4437.6877,1.290282,0.000000,0.000000,0.000000
547,15,15,91039.7419,4437.6877,1.290371,0.000000,-0.000000,-0.000000
548,15,15,91052.9024,4437.6877,1.290437,0.000000,0.000000,0.000000
549,15,15,91056.2105,4437.6877,1.290454,0.000000,-0.000000,0.000000
550,15,15,91074.9929,4437.6877,1.290548,0.000000,0.000000,0.000000
551,15,15,91076.5749,4437.6877,1.290556,0.000000,-0.000000,-0.000000
552,15,15,91093.8311,4437.6877,1.290643,0.000000,-0.000000,-0.000000
553,15,15,91098.5069,4437.6877,1.290666,0.000000,0.000000,0.000000
554,15,15,91108.8019,4437.6877,1.290718,0.000000,0.000000,0.000000
555,15,15,91120.5136,4437.6877,1.290776,0.000000,0.000000,0.000000
556,15,15,91123.7213,4437.6877,1.290792,0.000000,0.000000,0.000000
557,15,15,91154.0837,4437.6877,1.290944,0.000000,-0.000000,0.000000
558,15,15,91154.3811,4437.6877,1.290946,0.000000,0.000000,0.000000
559,15,15,91242.8282,4437.6877,1.291389,0.000000,0.000000,0.000000
560,15,15,91242.8436,4437.6877,1.291389,0.000000,0.000000,0.000000
561,15,15,91283.1307,4437.6877,1.291590,0.000000,0.000000,0.000000
562,15,15,91283.1952,4437.6877,1.291591,0.000000,-0.000000,0.000000
563,15,15,91288.8411,4437.6877,1.291619,0.000000,0.000000,0.000000
564,15,15,91288.9270,4437.6877,1.291619,0.000000,0.000000,0.000000
565,15,15,91340.3712,4437.6877,1.291876,0.000000,0.000000,0.000000
566,15,15,91340.4684,4437.6877,1.291877,0.000000,0.000000,0.000000
567,15,15,91355.1436,4437.6877,1.291950,0.000000,0.000000,0.000000
568,15,15,91355.3927,4437.6877,1.291952,0.000000,-0.000000,0.000000
569,15,15,91362.4686,4437.6877,1.291987,0.000000,0.000000,0.000000
570,15,15,91362.6954,4437.6877,1.291988,0.000000,0.000000,0.000000
571,15,15,91369.9139,4437.6877,1.292024,0.000000,0.000000,0.000000
572,15,15,91369.9730,4437.6877,1.292024,0.000000,0.000000,0.000000
573,15,15,128261.2036,4437.6877,1.445646,0.000000,0.000000,0.000000
574,15,15,128261.2036,4437.6877,1.445646,0.000000,0.000000,0.000000
575,15,15,128483.7797,4437.6877,1.446426,0.000000,0.000000,0.000000
576,15,15,128483.7797,4437.6877,1.446426,0.000000,0.000000,0.000000
577,15,15,6480080.8567,4437.6877,3.164126,0.006462,3.856317,6.752676
578,15,15,6480081.7108,4437.6877,3.164126,0.000348,3.244587,6.140946
579,15,15,6480083.4687,4437.6877,3.164126,0.001369,3.429782,6.326141
580,15,15,6480084.3419,4437.6877,3.164126,0.001552,3.474909,6.371268
581,15,15,6480214.1004,4437.6877,3.164135,0.000000,0.000000,0.000000
582,15,15,6480214.1171,4437.6877,3.164135,0.000000,-0.000000,0.000000
583,15,15,6480215.1386,4437.6877,3.164135,0.000000,-0.000000,0.000000
584,15,15,6480218.3060,4437.6877,3.164135,0.000000,0.000000,0.000000
585,15,15,6480218.5080,4437.6877,3.164135,-0.015186,3.516118,6.412495
586,15,15,6480220.9083,4437.6877,3.164136,0.001940,3.625713,6.522088
587,15,15,6480224.3129,4437.6877,3.164136,0.000000,0.000000,0.000000
588,15,15,6480224.9933,4437.6877,3.164136,0.001532,3.485626,6.382002
589,15,15,6480334.8930,4437.6877,3.164143,0.000000,0.000000,0.000000
590,15,15,6480334.8944,4437.6877,3.164143,0.000000,0.000000,0.000000
591,15,15,6480335.9540,4437.6877,3.164143,0.000000,0.000000,0.000000
592,15,15,6480336.0730,4437.6877,3.164143,0.000000,0.000000,0.000000
593,15,15,6480337.8632,4437.6877,3.164143,0.000000,-0.000000,0.000000
594,15,15,6480337.9251,4437.6877,3.164143,0.000000,0.000000,0.000000
595,15,15,6480338.3757,4437.6877,3.164143,0.000000,-0.000000,0.000000
596,15,15,6480339.4095,4437.6877,3.164144,0.000000,-0.000000,-0.000000
597,15,15,6480345.1176,4437.6877,3.164144,0.000000,-0.000000,0.000000
598,15,15,6480346.4061,4437.6877,3.164144,0.000000,0.000000,0.000000
599,15,15,6480351.9249,4437.6877,3.164144,0.000000,0.000000,0.000000
600,15,15,6480351.9879,4437.6877,3.164144,0.000000,0.000000,0.000000
601,15,15,6480354.6808,4437.6877,3.164145,0.000000,-0.000000,-0.000000
602,15,15,6480355.6102,4437.6877,3.164145,0.000000,-0.000000,-0.000000
603,15,15,6480357.8846,4437.6877,3.164145,0.000000,-0.000000,0.000000
604,15,15,6480358.3712,4437.6877,3.164145,0.000000,-0.000000,-0.000000
605,15,15,6480372.9923,4437.6877,3.164146,0.000000,0.000000,0.000000
606,15,15,6480373.6828,4437.6877,3.164146,0.000000,-0.000000,0.000000
607,15,15,6480374.0673,4437.6877,3.164146,0.000000,-0.000000,0.000000
608,15,15,6480374.0871,4437.6877,3.164146,0.000000,-0.000000,-0.000000
609,15,15,6480395.8462,4437.6877,3.164147,0.006861,3.794814,6.691232
610,15,15,6480396.5493,4437.6877,3.164147,0.002132,3.556418,6.452839
611,15,15,6480396.6914,4437.6877,3.164147,0.001670,3.584798,6.481211
612,15,15,6480397.6539,4437.6877,3.164147,0.000745,3.359803,6.256223
613,15,15,6480398.2760,4437.6877,3.164147,0.000000,0.000000,0.000000
614,15,15,6480398.2820,4437.6877,3.164147,0.000000,-0.000000,0.000000
615,15,15,6480399.1912,4437.6877,3.164148,0.000000,0.000000,0.000000
616,15,15,6480399.6423,4437.6877,3.164148,0.000278,3.017922,5.914321
617,15,15,6480411.9407,4437.6877,3.164148,0.000000,0.000000,0.000000
618,15,15,6480412.4881,4437.6877,3.164148,0.000000,-0.000000,0.000000
619,15,15,6480412.4958,4437.6877,3.164148,0.000000,0.000000,0.000000
620,15,15,6480413.1513,4437.6877,3.164148,0.000000,-0.000000,0.000000
621,15,15,6480452.6324,4437.6877,3.164151,0.000000,-0.000000,0.000000
622,15,15,6480452.7302,4437.6877,3.164151,0.000000,-0.000000,0.000000
623,15,15,6480452.8183,4437.6877,3.164151,0.000000,0.000000,0.000000
624,15,15,6480453.5335,4437.6877,3.164151,0.000000,-0.000000,-0.000000
625,15,15,6480466.2628,4437.6877,3.164152,0.000000,-0.000000,0.000000
626,15,15,6480467.3960,4437.6877,3.164152,0.000000,0.000000,0.000000
627,15,15,6480468.2014,4437.6877,3.164152,0.000000,-0.000000,0.000000
628,15,15,6480469.0317,4437.6877,3.164152,0.000000,-0.000000,0.000000
629,15,15,6480469.0991,4437.6877,3.164152,0.000000,-0.000000,-0.000000
630,15,15,6480470.4934,4437.6877,3.164152,0.000000,0.000000,0.000000
631,15,15,6480471.0121,4437.6877,3.164152,0.000000,-0.000000,-0.000000
632,15,15,6480471.2732,4437.6877,3.164152,0.000000,0.000000,0.000000
633,15,15,6480484.7201,4437.6877,3.164153,0.000000,-0.000000,0.000000
634,15,15,6480486.0110,4437.6877,3.164153,0.000000,-0.000000,0.000000
635,15,15,6480486.1006,4437.6877,3.164153,0.000000,0.000000,0.000000
636,15,15,6480487.4600,4437.6877,3.164153,0.000000,0.000000,0.000000
637,15,15,6480493.4128,4437.6877,3.164154,0.000000,0.000000,0.000000
638,15,15,6480493.4622,4437.6877,3.164154,0.000000,-0.000000,0.000000
639,15,15,6480493.8160,4437.6877,3.164154,0.000000,0.000000,0.000000
640,15,15,6480493.8884,4437.6877,3.164154,0.000000,0.000000,0.000000
641,15,15,6480504.9607,4437.6877,3.164155,0.000000,0.000000,0.000000
642,15,15,6480505.5630,4437.6877,3.164155,0.000000,0.000000,0.000000
643,15,15,6480506.0419,4437.6877,3.164155,0.000000,0.000000,0.000000
644,15,15,6480507.1974,4437.6877,3.164155,0.000000,0.000000,0.000000
645,15,15,6480521.5762,4437.6877,3.164156,0.000000,0.000000,0.000000
646,15,15,6480521.7131,4437.6877,3.164156,0.000000,0.000000,0.000000
647,15,15,6480523.2977,4437.6877,3.164156,0.000000,0.000000,0.000000
648,15,15,6480524.4367,4437.6877,3.164156,0.000000,0.000000,0.000000
649,15,15,6480524.8721,4437.6877,3.164156,0.000000,0.000000,0.000000
650,15,15,6480524.9150,4437.6877,3.164156,0.000000,0.000000,0.000000
651,15,15,6480525.8644,4437.6877,3.164156,0.000000,-0.000000,0.000000
652,15,15,6480526.4207,4437.6877,3.164156,0.000000,0.000000,0.000000
653,15,15,6480527.9358,4437.6877,3.164156,0.000000,0.000000,0.000000
654,15,15,6480528.4207,4437.6877,3.164156,0.000000,0.000000,0.000000
655,15,15,6480531.8466,4437.6877,3.164156,0.000000,-0.000000,0.000000
656,15,15,6480532.2810,4437.6877,3.164156,0.000000,-0.000000,0.000000
657,15,15,6480540.1859,4437.6877,3.164157,0.000000,-0.000000,0.000000
658,15,15,6480540.7564,4437.6877,3.164157,0.000000,0.000000,0.000000
659,15,15,6480540.7961,4437.6877,3.164157,0.000000,0.000000,0.000000
660,15,15,6480541.8837,4437.6877,3.164157,0.000000,-0.000000,0.000000
661,15,15,6480543.3696,4437.6877,3.164157,0.000000,-0.000000,0.000000
662,15,15,6480544.0789,4437.6877,3.164157,0.000000,0.000000,0.000000
663,15,15,6480545.5297,4437.6877,3.164157,0.000000,-0.000000,0.000000
664,15,15,6480548.0684,4437.6877,3.164158,0.000000,-0.000000,0.000000
665,15,15,6480552.3421,4437.6877,3.164158,0.000000,0.000000,0.000000
666,15,15,6480552.8868,4437.6877,3.164158,-0.000000,0.000000,0.000000
667,15,15,6480552.9402,4437.6877,3.164158,0.000000,-0.000000,0.000000
668,15,15,6480552.9776,4437.6877,3.164158,0.000000,0.000000,0.000000
669,15,15,6480570.8538,4437.6877,3.164159,0.000000,-0.000000,-0.000000
670,15,15,6480570.8663,4437.6877,3.164159,0.000000,-0.000000,-0.000000
671,15,15,6480571.2715,4437.6877,3.164159,0.000000,-0.000000,0.000000
672,15,15,6480571.3500,4437.6877,3.164159,0.000000,-0.000000,0.000000
673,15,15,6480582.8835,4437.6877,3.164160,0.000000,-0.000000,-0.000000
674,15,15,6480583.1228,4437.6877,3.164160,0.000000,0.000000,0.000000
675,15,15,6480583.1921,4437.6877,3.164160,0.000000,-0.000000,0.000000
676,15,15,6480583.3255,4437.6877,3.164160,0.000000,-0.000000,0.000000
677,15,15,6480594.1323,4437.6877,3.164161,0.000997,3.448829,6.345283
678,15,15,6480594.1639,4437.6877,3.164161,0.003775,3.737797,6.634250
679,15,15,6480594.2288,4437.6877,3.164161,0.002869,3.672538,6.568992
680,15,15,6480594.3058,4437.6877,3.164161,0.000335,3.148689,6.045142
681,15,15,6480599.9806,4437.6877,3.164161,0.000000,0.000000,0.000000
682,15,15,6480600.3389,4437.6877,3.164161,0.000000,0.000000,0.000000
683,15,15,6480600.5289,4437.6877,3.164161,0.000000,0.000000,0.000000
684,15,15,6480600.6935,4437.6877,3.164161,0.000000,0.000000,0.000000
685,15,15,6480621.6432,4437.6877,3.164162,0.000000,-0.000000,0.000000
686,15,15,6480622.8378,4437.6877,3.164163,0.000000,0.000000,0.000000
687,15,15,6480623.6884,4437.6877,3.164163,0.000000,0.000000,0.000000
688,15,15,6480623.9620,4437.6877,3.164163,0.000000,0.000000,0.000000
689,15,15,6480645.1823,4437.6877,3.164164,0.000000,0.000000,0.000000
690,15,15,6480645.5831,4437.6877,3.164164,0.000000,0.000000,0.000000
691,15,15,6480645.9423,4437.6877,3.164164,0.000000,-0.000000,0.000000
692,15,15,6480649.7316,4437.6877,3.164164,0.000000,0.000000,0.000000
693,15,15,6480649.7869,4437.6877,3.164164,0.000000,0.000000,0.000000
694,15,15,6480651.1935,4437.6877,3.164164,0.000000,0.000000,0.000000
695,15,15,6480651.6927,4437.6877,3.164164,0.000000,-0.000000,0.000000
696,15,15,6480652.2354,4437.6877,3.164164,0.000000,0.000000,0.000000
697,15,15,6480654.6986,4437.6877,3.164165,0.000000,0.000000,0.000000
698,15,15,6480655.0186,4437.6877,3.164165,0.000000,0.000000,0.000000
699,15,15,6480655.9796,4437.6877,3.164165,0.000000,-0.000000,-0.000000
700,15,15,6480656.4248,4437.6877,3.164165,0.000000,0.000000,0.000000
701,15,15,6480662.4664,4437.6877,3.164165,0.000000,0.000000,0.000000
702,15,15,6480663.2655,4437.6877,3.164165,0.000000,0.000000,0.000000
703,15,15,6480664.5821,4437.6877,3.164165,0.000000,0.000000,0.000000
704,15,15,6480667.9643,4437.6877,3.164166,0.000000,0.000000,0.000000
705,15,15,6480668.8019,4437.6877,3.164166,0.000000,-0.000000,0.000000
706,15,15,6480670.7070,4437.6877,3.164166,-0.000000,-0.000000,0.000000
707,15,15,6480671.1140,4437.6877,3.164166,0.000000,-0.000000,-0.000000
708,15,15,6480673.3910,4437.6877,3.164166,0.000000,-0.000000,0.000000
709,15,15,6480674.9949,4437.6877,3.164166,0.000000,0.000000,0.000000
710,15,15,6480677.1806,4437.6877,3.164166,0.000000,0.000000,0.000000
711,15,15,6480679.3212,4437.6877,3.164166,0.000000,0.000000,0.000000
712,15,15,6480679.9616,4437.6877,3.164166,0.000000,0.000000,0.000000
713,15,15,6480683.4853,4437.6877,3.164167,0.000000,0.000000,0.000000
714,15,15,6480686.5070,4437.6877,3.164167,0.000000,0.000000,0.000000
715,15,15,6480689.1791,4437.6877,3.164167,0.000000,0.000000,0.000000
716,15,15,6480690.7198,4437.6877,3.164167,0.000000,-0.000000,-0.000000
717,15,15,6480695.7215,4437.6877,3.164167,0.000000,0.000000,0.000000
718,15,15,6480698.3376,4437.6877,3.164168,0.000000,0.000000,0.000000
719,15,15,6480698.7412,4437.6877,3.164168,0.000000,0.000000,0.000000
720,15,15,6480699.3514,4437.6877,3.164168,0.000000,0.000000,0.000000
721,15,15,6480699.6388,4437.6877,3.164168,0.000000,0.000000,0.000000
722,15,15,6480700.3771,4437.6877,3.164168,0.000000,-0.000000,0.000000
723,15,15,6480705.1403,4437.6877,3.164168,0.000000,-0.000000,0.000000
724,15,15,6480707.7358,4437.6877,3.164168,0.000000,-0.000000,-0.000000
725,15,15,6480717.3869,4437.6877,3.164169,0.000000,0.000000,0.000000
726,15,15,6480717.6666,4437.6877,3.164169,0.000000,-0.000000,0.000000
727,15,15,6480721.6482,4437.6877,3.164169,0.000000,-0.000000,0.000000
728,15,15,6480722.5705,4437.6877,3.164169,0.000000,0.000000,0.000000
729,15,15,6480722.6835,4437.6877,3.164169,0.000000,0.000000,0.000000
730,15,15,6480722.8546,4437.6877,3.164169,0.000000,0.000000,0.000000
731,15,15,6480723.4237,4437.6877,3.164169,0.000000,-0.000000,0.000000
732,15,15,6480724.4933,4437.6877,3.164169,0.000000,0.000000,0.000000
733,15,15,6480729.9348,4437.6877,3.164170,0.000000,0.000000,0.000000
734,15,15,6480730.2435,4437.6877,3.164170,0.000000,0.000000,0.000000
735,15,15,6480731.9651,4437.6877,3.164170,0.000000,0.000000,0.000000
736,15,15,6480732.4836,4437.6877,3.164170,-0.000000,-0.000000,0.000000
737,15,15,6480746.1891,4437.6877,3.164171,0.000000,-0.000000,0.000000
738,15,15,6480748.7377,4437.6877,3.164171,0.000000,0.000000,0.000000
739,15,15,6480750.7542,4437.6877,3.164171,0.000000,0.000000,0.000000
740,15,15,6480750.7713,4437.6877,3.164171,0.000000,0.000000,0.000000
741,15,15,6480750.7880,4437.6877,3.164171,0.000000,0.000000,0.000000
742,15,15,6480753.6785,4437.6877,3.164171,0.000000,-0.000000,-0.000000
743,15,15,6480755.0991,4437.6877,3.164171,0.000000,-0.000000,0.000000
744,15,15,6480755.2279,4437.6877,3.164171,0.000000,0.000000,0.000000
745,15,15,6480756.9961,4437.6877,3.164172,0.000000,0.000000,0.000000
746,15,15,6480757.5035,4437.6877,3.164172,0.000000,0.000000,0.000000
747,15,15,6480761.3644,4437.6877,3.164172,0.000000,0.000000,0.000000
748,15,15,6480762.6029,4437.6877,3.164172,0.000000,0.000000,0.000000
749,15,15,6480763.2274,4437.6877,3.164172,0.000000,-0.000000,-0.000000
750,15,15,6480764.0214,4437.6877,3.164172,0.000000,0.000000,0.000000
751,15,15,6480764.4714,4437.6877,3.164172,0.000000,-0.000000,0.000000
752,15,15,6480770.5025,4437.6877,3.164172,0.000000,-0.000000,0.000000
753,15,15,6480771.2984,4437.6877,3.164172,0.000000,0.000000,0.000000
754,15,15,6480776.8648,4437.6877,3.164173,0.000000,0.000000,0.000000
755,15,15,6480776.9777,4437.6877,3.164173,0.000000,0.000000,0.000000
756,15,15,6480780.8335,4437.6877,3.164173,0.000000,-0.000000,0.000000
757,15,15,6480781.1657,4437.6877,3.164173,0.000000,0.000000,0.000000
758,15,15,6480789.5200,4437.6877,3.164174,0.000000,0.000000,0.000000
759,15,15,6480789.9422,4437.6877,3.164174,0.000000,0.000000,0.000000
760,15,15,6480790.0513,4437.6877,3.164174,0.000000,0.000000,0.000000
761,15,15,6480793.5469,4437.6877,3.164174,0.000000,-0.000000,0.000000
762,15,15,6480793.9524,4437.6877,3.164174,0.000000,-0.000000,0.000000
763,15,15,6480794.2607,4437.6877,3.164174,0.000000,0.000000,0.000000
764,15,15,6480794.2841,4437.6877,3.164174,0.000000,0.000000,0.000000
765,15,15,6480796.2684,4437.6877,3.164174,0.000000,0.000000,0.000000
766,15,15,6480797.8113,4437.6877,3.164174,0.000000,0.000000,-0.000000
767,15,15,6480797.8213,4437.6877,3.164174,0.000000,-0.000000,0.000000
768,15,15,6480800.5091,4437.6877,3.164174,0.000000,0.000000,0.000000
769,15,15,6480809.0670,4437.6877,3.164175,0.000000,-0.000000,0.000000
770,15,15,6480809.1339,4437.6877,3.164175,0.000000,-0.000000,0.000000
771,15,15,6480810.4743,4437.6877,3.164175,0.000000,0.000000,0.000000
772,15,15,6480810.8563,4437.6877,3.164175,0.000000,0.000000,0.000000
773,15,15,6480812.1720,4437.6877,3.164175,0.000000,0.000000,0.000000
774,15,15,6480815.2059,4437.6877,3.164175,0.000000,0.000000,0.000000
775,15,15,6480815.8677,4437.6877,3.164175,0.000000,0.000000,0.000000
776,15,15,6480815.9755,4437.6877,3.164175,0.000000,-0.000000,0.000000
777,15,15,6480818.7509,4437.6877,3.164176,0.000000,0.000000,0.000000
778,15,15,6480818.8208,4437.6877,3.164176,0.000000,0.000000,0.000000
779,15,15,6480818.8255,4437.6877,3.164176,0.000000,-0.000000,0.000000
780,15,15,6480819.9803,4437.6877,3.164176,0.000000,0.000000,0.000000
781,15,15,6480821.1514,4437.6877,3.164176,0.000000,0.000000,0.000000
782,15,15,6480822.6151,4437.6877,3.164176,0.000000,-0.000000,0.000000
783,15,15,6480822.8334,4437.6877,3.164176,0.000000,-0.000000,0.000000
784,15,15,6480824.1386,4437.6877,3.164176,0.000000,0.000000,0.000000
785,15,15,6480824.1388,4437.6877,3.164176,0.000000,0.000000,0.000000
786,15,15,6480824.7937,4437.6877,3.164176,0.000000,-0.000000,-0.000000
787,15,15,6480826.6906,4437.6877,3.164176,0.000000,0.000000,0.000000
788,15,15,6480826.8619,4437.6877,3.164176,0.000000,0.000000,0.000000
789,15,15,6480828.5074,4437.6877,3.164176,0.000000,0.000000,0.000000
790,15,15,6480828.6469,4437.6877,3.164176,0.000000,0.000000,0.000000
791,15,15,6480828.8783,4437.6877,3.164176,0.000000,0.000000,0.000000
792,15,15,6480830.6691,4437.6877,3.164176,0.000000,-0.000000,0.000000
793,15,15,6480831.5636,4437.6877,3.164177,0.000000,0.000000,0.000000
794,15,15,6480831.7335,4437.6877,3.164177,0.000000,0.000000,0.000000
795,15,15,6480832.6881,4437.6877,3.164177,0.000000,0.000000,0.000000
796,15,15,6480833.8599,4437.6877,3.164177,0.000000,-0.000000,-0.000000
797,15,15,6480835.6107,4437.6877,3.164177,0.000000,0.000000,0.000000
798,15,15,6480836.5122,4437.6877,3.164177,0.000000,0.000000,0.000000
799,15,15,6480837.0036,4437.6877,3.164177,0.000000,0.000000,0.000000
800,15,15,6480841.7526,4437.6877,3.164177,0.000000,0.000000,0.000000
801,15,15,6480842.1465,4437.6877,3.164177,0.000000,0.000000,0.000000
802,15,15,6480843.9586,4437.6877,3.164177,0.000000,0.000000,0.000000
803,15,15,6480844.3100,4437.6877,3.164177,0.000000,0.000000,0.000000
804,15,15,6480845.8956,4437.6877,3.164177,0.000000,-0.000000,0.000000
805,15,15,6480849.4875,4437.6877,3.164178,0.000000,0.000000,0.000000
806,15,15,6480849.6509,4437.6877,3.164178,0.000000,-0.000000,-0.000000
807,15,15,6480849.9431,4437.6877,3.164178,0.000000,-0.000000,0.000000
808,15,15,6480851.0482,4437.6877,3.164178,0.000000,-0.000000,0.000000
809,15,15,6480851.5137,4437.6877,3.164178,0.000000,0.000000,0.000000
810,15,15,6480852.2107,4437.6877,3.164178,0.000000,0.000000,0.000000
811,15,15,6480852.4623,4437.6877,3.164178,0.000000,0.000000,0.000000
812,15,15,6480853.7564,4437.6877,3.164178,0.000000,-0.000000,0.000000
813,15,15,6480853.7932,4437.6877,3.164178,0.000000,0.000000,0.000000
814,15,15,6480856.3291,4437.6877,3.164178,0.000000,0.000000,0.000000
815,15,15,6480858.2058,4437.6877,3.164178,0.000000,0.000000,0.000000
816,15,15,6480859.6758,4437.6877,3.164178,0.000000,0.000000,0.000000
817,15,15,6480863.4591,4437.6877,3.164179,0.000000,0.000000,0.000000
818,15,15,6480863.5923,4437.6877,3.164179,0.000000,0.000000,0.000000
819,15,15,6480864.5851,4437.6877,3.164179,0.000000,0.000000,0.000000
820,15,15,6480865.4514,4437.6877,3.164179,0.000000,-0.000000,0.000000
821,15,15,6480866.2469,4437.6877,3.164179,0.000000,0.000000,0.000000
822,15,15,6480869.1738,4437.6877,3.164179,0.000000,0.000000,0.000000
823,15,15,6480872.9040,4437.6877,3.164179,0.000000,0.000000,0.000000
824,15,15,6480874.0677,4437.6877,3.164179,0.000000,0.000000,0.000000
825,15,15,6480874.1305,4437.6877,3.164179,0.000000,0.000000,0.000000
826,15,15,6480874.3070,4437.6877,3.164179,0.000000,0.000000,0.000000
827,15,15,6480877.3197,4437.6877,3.164180,0.000000,0.000000,0.000000
828,15,15,6480879.2852,4437.6877,3.164180,0.000000,0.000000,0.000000
829,15,15,6480881.0935,4437.6877,3.164180,0.000000,0.000000,0.000000
830,15,15,6480881.7262,4437.6877,3.164180,0.000000,0.000000,0.000000
831,15,15,6480882.0233,4437.6877,3.164180,0.000000,0.000000,0.000000
832,15,15,6480882.5856,4437.6877,3.164180,0.000000,0.000000,0.000000
833,15,15,6480882.9183,4437.6877,3.164180,0.000000,-0.000000,-0.000000
834,15,15,6480883.3988,4437.6877,3.164180,0.000000,-0.000000,-0.000000
835,15,15,6480883.5768,4437.6877,3.164180,0.000000,0.000000,0.000000
836,15,15,6480885.6326,4437.6877,3.164180,0.000000,0.000000,0.000000
837,15,15,6480886.2173,4437.6877,3.164180,0.000000,0.000000,0.000000
838,15,15,6480887.9741,4437.6877,3.164180,0.000000,0.000000,0.000000
839,15,15,6480888.1230,4437.6877,3.164180,0.000000,0.000000,0.000000
840,15,15,6480888.9873,4437.6877,3.164180,0.000000,0.000000,0.000000
841,15,15,6480890.3713,4437.6877,3.164180,0.000000,0.000000,0.000000
842,15,15,6480891.8127,4437.6877,3.164181,0.000000,-0.000000,-0.000000
843,15,15,6480893.7135,4437.6877,3.164181,0.000000,0.000000,0.000000
844,15,15,6480894.7487,4437.6877,3.164181,0.000000,0.000000,0.000000
845,15,15,6480895.3794,4437.6877,3.164181,0.000000,0.000000,0.000000
846,15,15,6480897.7034,4437.6877,3.164181,0.000000,0.000000,0.000000
847,15,15,6480899.0452,4437.6877,3.164181,0.000000,0.000000,0.000000
848,15,15,6480899.3504,4437.6877,3.164181,0.000000,-0.000000,0.000000
849,15,15,6480900.1632,4437.6877,3.164181,0.000000,0.000000,0.000000
850,15,15,6480902.1334,4437.6877,3.164181,0.000000,0.000000,0.000000
851,15,15,6480903.4665,4437.6877,3.164181,0.000000,-0.000000,0.000000
852,15,15,6480903.5019,4437.6877,3.164181,0.000000,0.000000,0.000000
853,15,15,6480904.0194,4437.6877,3.164181,0.000000,0.000000,0.000000
854,15,15,6480906.4775,4437.6877,3.164182,0.000000,0.000000,0.000000
855,15,15,6480906.8492,4437.6877,3.164182,0.000000,-0.000000,0.000000
856,15,15,6480909.4935,4437.6877,3.164182,0.000000,0.000000,0.000000
857,15,15,6480909.5438,4437.6877,3.164182,0.000000,0.000000,0.000000
858,15,15,6480910.2151,4437.6877,3.164182,0.000000,0.000000,0.000000
859,15,15,6480911.6132,4437.6877,3.164182,0.000000,0.000000,0.000000
860,15,15,6480913.0574,4437.6877,3.164182,0.000000,-0.000000,0.000000
861,15,15,6480914.0035,4437.6877,3.164182,0.000000,-0.000000,0.000000
862,15,15,6480914.3716,4437.6877,3.164182,0.000000,-0.000000,0.000000
863,15,15,6480915.3115,4437.6877,3.164182,0.000000,0.000000,0.000000
864,15,15,6480915.6585,4437.6877,3.164182,0.000000,-0.000000,-0.000000
865,15,15,6480916.3213,4437.6877,3.164182,0.000000,0.000000,0.000000
866,15,15,6480917.2553,4437.6877,3.164182,0.000000,-0.000000,0.000000
867,15,15,6480920.3519,4437.6877,3.164182,0.000000,0.000000,0.000000
868,15,15,6480920.6051,4437.6877,3.164182,0.000000,-0.000000,0.000000
869,15,15,6480922.3883,4437.6877,3.164183,0.000000,0.000000,0.000000
870,15,15,6480922.4965,4437.6877,3.164183,0.000000,0.000000,0.000000
871,15,15,6480922.6184,4437.6877,3.164183,0.000000,0.000000,0.000000
872,15,15,6480926.3909,4437.6877,3.164183,0.000000,0.000000,0.000000
873,15,15,6480926.6837,4437.6877,3.164183,0.000000,-0.000000,0.000000
874,15,15,6480926.7166,4437.6877,3.164183,0.000000,-0.000000,0.000000
875,15,15,6480928.2681,4437.6877,3.164183,0.000000,-0.000000,0.000000
876,15,15,6480930.4765,4437.6877,3.164183,0.000000,-0.000000,0.000000
877,15,15,6480931.2864,4437.6877,3.164183,0.000000,-0.000000,0.000000
878,15,15,6480931.3316,4437.6877,3.164183,0.000000,0.000000,0.000000
879,15,15,6480931.6394,4437.6877,3.164183,0.000000,0.000000,0.000000
880,15,15,6480932.6447,4437.6877,3.164183,0.000000,-0.000000,0.000000
881,15,15,6480934.5545,4437.6877,3.164183,0.000000,0.000000,0.000000
882,15,15,6480934.9534,4437.6877,3.164183,0.000000,0.000000,0.000000
883,15,15,6480935.3869,4437.6877,3.164183,0.000000,-0.000000,0.000000
884,15,15,6480935.6390,4437.6877,3.164183,0.000000,-0.000000,0.000000
885,15,15,6480937.1867,4437.6877,3.164184,0.000000,-0.000000,-0.000000
886,15,15,6480937.9537,4437.6877,3.164184,0.000000,-0.000000,0.000000
887,15,15,6480938.9697,4437.6877,3.164184,0.000000,0.000000,0.000000
888,15,15,6480941.8581,4437.6877,3.164184,0.000000,-0.000000,0.000000
889,15,15,6480942.1833,4437.6877,3.164184,0.000000,0.000000,0.000000
890,15,15,6480945.3955,4437.6877,3.164184,0.000000,-0.000000,0.000000
891,15,15,6480946.0917,4437.6877,3.164184,0.000000,0.000000,0.000000
892,15,15,6480947.1603,4437.6877,3.164184,0.000000,0.000000,0.000000
893,15,15,6480948.2582,4437.6877,3.164184,0.000000,0.000000,0.000000
894,15,15,6480949.0047,4437.6877,3.164184,0.000000,0.000000,0.000000
895,15,15,6480950.0417,4437.6877,3.164184,0.000000,-0.000000,0.000000
896,15,15,6480950.1926,4437.6877,3.164184,0.000000,0.000000,0.000000
897,15,15,6480952.4331,4437.6877,3.164185,0.000000,0.000000,0.000000
898,15,15,6480953.6127,4437.6877,3.164185,0.000000,0.000000,0.000000
899,15,15,6480953.7853,4437.6877,3.164185,0.000000,0.000000,0.000000
900,15,15,6480956.5743,4437.6877,3.164185,0.000000,-0.000000,0.000000
901,15,15,6480958.9512,4437.6877,3.164185,0.000000,-0.000000,0.000000
902,15,15,6480958.9530,4437.6877,3.164185,0.000000,0.000000,0.000000
903,15,15,6480961.2067,4437.6877,3.164185,0.000000,0.000000,0.000000
904,15,15,6480963.7850,4437.6877,3.164185,0.000000,0.000000,0.000000
905,15,15,6480963.7919,4437.6877,3.164185,0.000000,-0.000000,0.000000
906,15,15,6480965.1117,4437.6877,3.164185,0.000000,0.000000,0.000000
907,15,15,6480965.5683,4437.6877,3.164186,0.000000,-0.000000,-0.000000
908,15,15,6480966.8795,4437.6877,3.164186,0.000000,-0.000000,0.000000
909,15,15,6480967.6425,4437.6877,3.164186,0.000000,-0.000000,0.000000
910,15,15,6480970.0361,4437.6877,3.164186,0.000000,0.000000,0.000000
911,15,15,6480970.7826,4437.6877,3.164186,0.000000,0.000000,0.000000
912,15,15,6480975.1073,4437.6877,3.164186,0.000000,-0.000000,0.000000
913,15,15,6480976.4799,4437.6877,3.164186,0.000000,0.000000,0.000000
914,15,15,6480976.7383,4437.6877,3.164186,0.000000,0.000000,0.000000
915,15,15,6480978.5209,4437.6877,3.164186,0.000000,0.000000,0.000000
916,15,15,6480981.1818,4437.6877,3.164187,0.000000,-0.000000,0.000000
917,15,15,6480984.2352,4437.6877,3.164187,0.000000,0.000000,0.000000
918,15,15,6480986.3423,4437.6877,3.164187,0.000000,0.000000,0.000000
919,15,15,6480986.7073,4437.6877,3.164187,0.000000,0.000000,0.000000
920,15,15,6480986.8111,4437.6877,3.164187,0.000000,-0.000000,0.000000
921,15,15,6480987.2727,4437.6877,3.164187,0.000000,0.000000,0.000000
922,15,15,6480988.3366,4437.6877,3.164187,0.000000,0.000000,0.000000
923,15,15,6480992.2332,4437.6877,3.164187,0.000000,0.000000,0.000000
924,15,15,6480994.0615,4437.6877,3.164187,0.000000,0.000000,0.000000
925,15,15,6480994.1387,4437.6877,3.164187,0.000000,0.000000,0.000000
926,15,15,6480994.1852,4437.6877,3.164187,0.000000,0.000000,0.000000
927,15,15,6480996.3076,4437.6877,3.164188,0.000000,-0.000000,0.000000
928,15,15,6480997.1770,4437.6877,3.164188,0.000000,0.000000,0.000000
929,15,15,6481001.6604,4437.6877,3.164188,0.000000,-0.000000,-0.000000
930,15,15,6481002.3389,4437.6877,3.164188,0.000000,0.000000,0.000000
931,15,15,6481002.4319,4437.6877,3.164188,0.000000,0.000000,0.000000
932,15,15,6481004.5654,4437.6877,3.164188,0.000000,-0.000000,0.000000
933,15,15,6481005.0506,4437.6877,3.164188,0.000000,0.000000,0.000000
934,15,15,6481005.1720,4437.6877,3.164188,0.000000,0.000000,0.000000
935,15,15,6481006.4172,4437.6877,3.164188,0.000000,0.000000,0.000000
936,15,15,6481007.5324,4437.6877,3.164188,0.000000,0.000000,0.000000
937,15,15,6481013.3620,4437.6877,3.164189,0.000000,0.000000,0.000000
938,15,15,6481013.3819,4437.6877,3.164189,0.000000,0.000000,0.000000
939,15,15,6481013.7188,4437.6877,3.164189,0.000000,0.000000,0.000000
940,15,15,6481013.8360,4437.6877,3.164189,0.000000,0.000000,0.000000
941,15,15,6481016.7612,4437.6877,3.164189,0.000000,-0.000000,0.000000
942,15,15,6481020.8686,4437.6877,3.164189,0.000000,0.000000,0.000000
943,15,15,6481021.4068,4437.6877,3.164189,0.000000,0.000000,0.000000
944,15,15,6481021.9103,4437.6877,3.164189,0.000000,-0.000000,0.000000
945,15,15,6481023.7134,4437.6877,3.164189,0.000000,-0.000000,-0.000000
946,15,15,6481024.5039,4437.6877,3.164189,0.000000,0.000000,0.000000
947,15,15,6481026.8706,4437.6877,3.164190,0.000000,-0.000000,0.000000
948,15,15,6481026.9551,4437.6877,3.164190,0.000000,-0.000000,-0.000000
949,15,15,6481027.7683,4437.6877,3.164190,0.000000,-0.000000,0.000000
950,15,15,6481032.6579,4437.6877,3.164190,0.000000,0.000000,0.000000
951,15,15,6481033.3659,4437.6877,3.164190,0.000000,0.000000,0.000000
952,15,15,6481034.5931,4437.6877,3.164190,0.000000,-0.000000,0.000000
953,15,15,6481035.8928,4437.6877,3.164190,0.000000,-0.000000,0.000000
954,15,15,6481035.9651,4437.6877,3.164190,0.000000,0.000000,0.000000
955,15,15,6481036.6484,4437.6877,3.164190,0.000000,-0.000000,-0.000000
956,15,15,6481036.7160,4437.6877,3.164190,0.000000,-0.000000,0.000000
957,15,15,6481038.8373,4437.6877,3.164190,0.000000,-0.000000,-0.000000
958,15,15,6481039.2968,4437.6877,3.164190,0.000000,0.000000,0.000000
959,15,15,6481040.7562,4437.6877,3.164191,0.000000,0.000000,0.000000
960,15,15,6481040.9895,4437.6877,3.164191,0.000000,-0.000000,-0.000000
961,15,15,6481041.3049,4437.6877,3.164191,0.000000,0.000000,0.000000
962,15,15,6481041.5032,4437.6877,3.164191,0.000000,0.000000,0.000000
963,15,15,6481042.4677,4437.6877,3.164191,0.000000,0.000000,0.000000
964,15,15,6481047.0666,4437.6877,3.164191,0.000000,-0.000000,0.000000
965,15,15,6481047.3209,4437.6877,3.164191,0.000000,-0.000000,0.000000
966,15,15,6481047.4010,4437.6877,3.164191,0.000000,0.000000,0.000000
967,15,15,6481047.4749,4437.6877,3.164191,0.000000,0.000000,0.000000
968,15,15,6481051.9646,4437.6877,3.164191,0.000000,0.000000,0.000000
969,15,15,6481058.9039,4437.6877,3.164192,0.000000,0.000000,0.000000
970,15,15,6481060.3078,4437.6877,3.164192,0.000000,0.000000,0.000000
971,15,15,6481068.3892,4437.6877,3.164192,0.000000,0.000000,0.000000
972,15,15,6481070.1003,4437.6877,3.164193,0.000000,0.000000,0.000000
973,15,15,6481072.6590,4437.6877,3.164193,0.000000,-0.000000,0.000000
974,15,15,6481073.2482,4437.6877,3.164193,0.000000,-0.000000,0.000000
975,15,15,6481073.3275,4437.6877,3.164193,0.000000,-0.000000,0.000000
976,15,15,6481079.0629,4437.6877,3.164193,0.000000,-0.000000,0.000000
977,15,15,6481079.0833,4437.6877,3.164193,0.000000,0.000000,0.000000
978,15,15,6481079.2532,4437.6877,3.164193,0.000000,0.000000,0.000000
979,15,15,6481079.6554,4437.6877,3.164193,0.000000,0.000000,0.000000
980,15,15,6481079.8721,4437.6877,3.164193,0.000000,-0.000000,0.000000
981,15,15,6481084.5303,4437.6877,3.164193,0.000000,0.000000,0.000000
982,15,15,6481085.7897,4437.6877,3.164194,0.000000,0.000000,0.000000
983,15,15,6481089.1579,4437.6877,3.164194,0.000000,0.000000,0.000000
984,15,15,6481093.4601,4437.6877,3.164194,0.000000,0.000000,0.000000
985,15,15,6481101.8382,4437.6877,3.164195,0.000000,0.000000,0.000000
986,15,15,6481102.3807,4437.6877,3.164195,0.000000,-0.000000,-0.000000
987,15,15,6481103.0280,4437.6877,3.164195,0.000000,0.000000,0.000000
988,15,15,6481103.0878,4437.6877,3.164195,0.000000,0.000000,0.000000
989,15,15,6481103.2401,4437.6877,3.164195,0.000000,-0.000000,0.000000
990,15,15,6481103.8844,4437.6877,3.164195,0.000000,0.000000,0.000000
991,15,15,6481105.4093,4437.6877,3.164195,0.000000,0.000000,0.000000
992,15,15,6481110.0362,4437.6877,3.164195,0.000000,0.000000,0.000000
993,15,15,6481111.1941,4437.6877,3.164195,0.000000,0.000000,0.000000
994,15,15,6481111.4040,4437.6877,3.164195,0.000000,0.000000,0.000000
995,15,15,6481111.9196,4437.6877,3.164195,0.000000,0.000000,0.000000
996,15,15,6481112.7282,4437.6877,3.164195,0.000000,0.000000,0.000000
997,15,15,6481112.7591,4437.6877,3.164195,0.000000,-0.000000,0.000000
998,15,15,6481112.9472,4437.6877,3.164195,0.000000,-0.000000,0.000000
999,15,15,6481114.6640,4437.6877,3.164196,0.000000,0.000000,0.000000
1000,15,15,6481115.0191,4437.6877,3.164196,0.000000,-0.000000,0.000000
1001,15,15,6481120.1878,4437.6877,3.164196,0.000000,-0.000000,0.000000
1002,15,15,6481120.9215,4437.6877,3.164196,0.000000,-0.000000,0.000000
1003,15,15,6481122.9204,4437.6877,3.164196,0.000000,0.000000,0.000000
1004,15,15,6481125.1372,4437.6877,3.164196,0.000000,0.000000,0.000000
1005,15,15,6481141.1804,4437.6877,3.164197,0.000000,0.000000,0.000000
1006,15,15,6481142.9732,4437.6877,3.164197,0.000000,-0.000000,-0.000000
1007,15,15,6481150.3453,4437.6877,3.164198,0.000000,0.000000,0.000000
1008,15,15,6481152.7925,4437.6877,3.164198,0.000000,0.000000,0.000000
1009,15,15,6481157.6089,4437.6877,3.164198,0.000000,0.000000,0.000000
1010,15,15,6481168.2564,4437.6877,3.164199,0.000000,0.000000,0.000000
1011,15,15,6481170.8942,4437.6877,3.164199,0.000000,-0.000000,0.000000
1012,15,15,6481174.4797,4437.6877,3.164200,0.000000,0.000000,0.000000
1013,15,15,6481183.4092,4437.6877,3.164200,0.000000,-0.000000,0.000000
1014,15,15,6481185.5561,4437.6877,3.164200,0.000000,0.000000,0.000000
1015,15,15,6481185.8502,4437.6877,3.164200,0.000000,-0.000000,-0.000000
1016,15,15,6481195.9463,4437.6877,3.164201,0.000000,-0.000000,0.000000
1017,15,15,6481196.6040,4437.6877,3.164201,0.000000,0.000000,0.000000
1018,15,15,6481199.3887,4437.6877,3.164201,0.000000,0.000000,0.000000
1019,15,15,6481203.7206,4437.6877,3.164201,0.000000,0.000000,0.000000
1020,15,15,6481207.0996,4437.6877,3.164202,0.000000,0.000000,0.000000
1021,15,15,6481210.1195,4437.6877,3.164202,0.000000,-0.000000,0.000000
1022,15,15,6481224.2927,4437.6877,3.164203,-0.000000,0.000000,0.000000
1023,15,15,6481226.5515,4437.6877,3.164203,0.000000,-0.000000,0.000000
1024,15,15,6481227.4961,4437.6877,3.164203,0.000000,0.000000,0.000000
1025,15,15,6481227.9498,4437.6877,3.164203,0.000000,0.000000,0.000000
1026,15,15,6481228.9888,4437.6877,3.164203,0.000000,0.000000,0.000000
1027,15,15,6481235.1612,4437.6877,3.164204,0.000000,-0.000000,0.000000
1028,15,15,6481235.3208,4437.6877,3.164204,0.000000,-0.000000,-0.000000
1029,15,15,6481236.0635,4437.6877,3.164204,0.000000,0.000000,0.000000
1030,15,15,6481237.0651,4437.6877,3.164204,0.000000,0.000000,0.000000
1031,15,15,6481237.5951,4437.6877,3.164204,0.000000,0.000000,0.000000
1032,15,15,6481237.8228,4437.6877,3.164204,0.000000,0.000000,0.000000
1033,15,15,6481241.0698,4437.6877,3.164204,0.000000,-0.000000,0.000000
1034,15,15,6481263.4637,4437.6877,3.164205,0.000000,0.000000,0.000000
1035,15,15,6481263.6090,4437.6877,3.164205,0.000000,0.000000,0.000000
1036,15,15,6481264.2142,4437.6877,3.164206,0.000000,-0.000000,-0.000000
1037,15,15,6481271.5583,4437.6877,3.164206,0.000000,-0.000000,0.000000
1038,15,15,6481274.0379,4437.6877,3.164206,0.000000,0.000000,0.000000
1039,15,15,6481274.2476,4437.6877,3.164206,0.000000,0.000000,0.000000
1040,15,15,6481276.3914,4437.6877,3.164206,0.000000,0.000000,0.000000
1041,15,15,6481287.2443,4437.6877,3.164207,0.000000,0.000000,0.000000
1042,15,15,6481305.6847,4437.6877,3.164208,0.000000,0.000000,0.000000
1043,15,15,6481305.6888,4437.6877,3.164208,0.000000,0.000000,0.000000
1044,15,15,6481310.0477,4437.6877,3.164209,0.000000,0.000000,0.000000
1045,15,15,6481313.9079,4437.6877,3.164209,0.000000,-0.000000,0.000000
1046,15,15,6481315.2936,4437.6877,3.164209,0.000000,0.000000,0.000000
1047,15,15,6481318.8910,4437.6877,3.164209,0.000000,0.000000,0.000000
1048,15,15,6481331.7012,4437.6877,3.164210,0.000000,-0.000000,0.000000
1049,15,15,6481345.5669,4437.6877,3.164211,0.000000,0.000000,0.000000
1050,15,15,6481347.7982,4437.6877,3.164211,0.000000,0.000000,0.000000
1051,15,15,6481350.1913,4437.6877,3.164211,0.000000,0.000000,0.000000
1052,15,15,6481364.4111,4437.6877,3.164212,0.000000,0.000000,0.000000
1053,15,15,6481368.0473,4437.6877,3.164212,0.000000,0.000000,0.000000
1054,15,15,6481373.0095,4437.6877,3.164213,0.000000,-0.000000,0.000000
1055,15,15,6481377.1469,4437.6877,3.164213,0.000000,0.000000,0.000000
1056,15,15,6481380.9107,4437.6877,3.164213,0.000000,0.000000,0.000000
1057,15,15,6481382.5274,4437.6877,3.164213,0.000000,0.000000,0.000000
1058,15,15,6481382.6178,4437.6877,3.164213,0.000000,0.000000,0.000000
1059,15,15,6481383.7104,4437.6877,3.164214,0.000000,-0.000000,0.000000
1060,15,15,6481392.3751,4437.6877,3.164214,0.000000,-0.000000,0.000000
1061,15,15,6481399.2636,4437.6877,3.164215,0.000000,0.000000,0.000000
1062,15,15,6481412.7920,4437.6877,3.164215,0.000000,-0.000000,0.000000
1063,15,15,6481413.3169,4437.6877,3.164216,0.000000,0.000000,0.000000
1064,15,15,6481413.9449,4437.6877,3.164216,0.000000,0.000000,0.000000
1065,15,15,6481415.2798,4437.6877,3.164216,0.000000,0.000000,0.000000
1066,15,15,6481418.6736,4437.6877,3.164216,0.000000,0.000000,0.000000
1067,15,15,6481421.7858,4437.6877,3.164216,0.000000,-0.000000,0.000000
1068,15,15,6481423.5805,4437.6877,3.164216,-0.000000,-0.000000,-0.000000
1069,15,15,6481432.9118,4437.6877,3.164217,0.000000,0.000000,0.000000
1070,15,15,6481444.3401,4437.6877,3.164218,0.000000,0.000000,0.000000
1071,15,15,6481446.8690,4437.6877,3.164218,0.000000,0.000000,0.000000
1072,15,15,6481447.2837,4437.6877,3.164218,0.000000,-0.000000,0.000000
1073,15,15,6481452.5328,4437.6877,3.164218,0.000000,-0.000000,-0.000000
1074,15,15,6481463.4412,4437.6877,3.164219,0.000000,-0.000000,0.000000
1075,15,15,6481465.6666,4437.6877,3.164219,0.000000,0.000000,0.000000
1076,15,15,6481468.9945,4437.6877,3.164219,0.000000,-0.000000,-0.000000
1077,15,15,6481475.4849,4437.6877,3.164220,0.000000,0.000000,0.000000
1078,15,15,6481475.7874,4437.6877,3.164220,0.000000,0.000000,0.000000
1079,15,15,6481476.2691,4437.6877,3.164220,0.000000,-0.000000,0.000000
1080,15,15,6481478.4836,4437.6877,3.164220,0.000000,-0.000000,0.000000
1081,15,15,6481497.9498,4437.6877,3.164221,0.000000,0.000000,0.000000
1082,15,15,6481500.6695,4437.6877,3.164221,0.000000,-0.000000,-0.000000
1083,15,15,6481502.4806,4437.6877,3.164222,0.000000,-0.000000,0.000000
1084,15,15,6481508.2789,4437.6877,3.164222,0.000000,-0.000000,0.000000
1085,15,15,6481519.5674,4437.6877,3.164223,0.000000,0.000000,0.000000
1086,15,15,6481525.1780,4437.6877,3.164223,0.000000,0.000000,0.000000
1087,15,15,6481537.4268,4437.6877,3.164224,0.000000,0.000000,0.000000
1088,15,15,6481537.8022,4437.6877,3.164224,0.000000,0.000000,0.000000
1089,15,15,6481542.7642,4437.6877,3.164224,0.000000,-0.000000,0.000000
1090,15,15,6481558.5465,4437.6877,3.164225,0.000000,0.000000,0.000000
1091,15,15,6481560.2169,4437.6877,3.164225,0.000000,-0.000000,-0.000000
1092,15,15,6481570.2347,4437.6877,3.164226,0.000000,-0.000000,0.000000
1093,15,15,6481571.3111,4437.6877,3.164226,0.000000,0.000000,0.000000
1094,15,15,6481581.0554,4437.6877,3.164227,0.000000,0.000000,0.000000
1095,15,15,6481583.0083,4437.6877,3.164227,0.000000,0.000000,0.000000
1096,15,15,6481583.7668,4437.6877,3.164227,0.000000,0.000000,0.000000
1097,15,15,6481585.2529,4437.6877,3.164227,0.000000,-0.000000,-0.000000
1098,15,15,6481585.3730,4437.6877,3.164227,0.000000,-0.000000,0.000000
1099,15,15,6481587.4632,4437.6877,3.164227,0.000000,0.000000,0.000000
1100,15,15,6481588.2687,4437.6877,3.164227,0.000000,-0.000000,-0.000000
1101,15,15,6481596.3200,4437.6877,3.164228,0.000000,-0.000000,0.000000
1102,15,15,6481597.0110,4437.6877,3.164228,0.000000,0.000000,0.000000
1103,15,15,6481605.8111,4437.6877,3.164228,0.000000,-0.000000,0.000000
1104,15,15,6481610.8551,4437.6877,3.164229,0.000000,0.000000,0.000000
1105,15,15,6481614.8866,4437.6877,3.164229,0.000000,0.000000,0.000000
1106,15,15,6481620.1677,4437.6877,3.164229,0.000000,0.000000,0.000000
1107,15,15,6481626.7136,4437.6877,3.164230,0.000000,-0.000000,0.000000
1108,15,15,6481632.8991,4437.6877,3.164230,0.000000,0.000000,0.000000
1109,15,15,6481635.6645,4437.6877,3.164230,0.000000,0.000000,0.000000
1110,15,15,6481649.0279,4437.6877,3.164231,0.000000,0.000000,0.000000
1111,15,15,6481651.4156,4437.6877,3.164231,0.000000,0.000000,0.000000
1112,15,15,6481651.8899,4437.6877,3.164232,0.000000,-0.000000,0.000000
1113,15,15,6481667.0813,4437.6877,3.164233,0.000000,0.000000,0.000000
1114,15,15,6481669.4332,4437.6877,3.164233,0.000000,-0.000000,0.000000
1115,15,15,6481669.6921,4437.6877,3.164233,0.000000,0.000000,0.000000
1116,15,15,6481679.4692,4437.6877,3.164233,0.000000,0.000000,0.000000
1117,15,15,6481685.2220,4437.6877,3.164234,0.000000,0.000000,0.000000
1118,15,15,6481687.4581,4437.6877,3.164234,0.000000,-0.000000,0.000000
1119,15,15,6481691.6675,4437.6877,3.164234,0.000000,-0.000000,0.000000
1120,15,15,6481698.7423,4437.6877,3.164235,0.000000,0.000000,0.000000
1121,15,15,6481700.2561,4437.6877,3.164235,0.000000,-0.000000,0.000000
1122,15,15,6481715.1118,4437.6877,3.164236,0.000000,0.000000,0.000000
1123,15,15,6481718.1622,4437.6877,3.164236,0.000000,0.000000,0.000000
1124,15,15,6481725.1788,4437.6877,3.164236,0.000000,0.000000,0.000000
1125,15,15,6481729.9014,4437.6877,3.164237,0.000000,-0.000000,0.000000
1126,15,15,6481731.6182,4437.6877,3.164237,0.000000,-0.000000,-0.000000
1127,15,15,6481733.3765,4437.6877,3.164237,0.000000,0.000000,0.000000
1128,15,15,6481735.2642,4437.6877,3.164237,0.000000,0.000000,0.000000
1129,15,15,6481738.0965,4437.6877,3.164237,0.000000,0.000000,0.000000
1130,15,15,6481738.2327,4437.6877,3.164237,0.000000,0.000000,0.000000
1131,15,15,6481750.2104,4437.6877,3.164238,0.000000,-0.000000,0.000000
1132,15,15,6481753.0115,4437.6877,3.164238,0.000000,0.000000,0.000000
1133,15,15,6481757.6619,4437.6877,3.164239,0.000000,-0.000000,-0.000000
1134,15,15,6481759.8887,4437.6877,3.164239,0.000000,-0.000000,-0.000000
1135,15,15,6481763.8691,4437.6877,3.164239,0.000000,-0.000000,0.000000
1136,15,15,6481774.2411,4437.6877,3.164240,0.000000,0.000000,0.000000
1137,15,15,6481777.1235,4437.6877,3.164240,0.000000,0.000000,0.000000
1138,15,15,6481784.2886,4437.6877,3.164240,0.000000,-0.000000,0.000000
1139,15,15,6481785.6453,4437.6877,3.164240,0.000000,-0.000000,0.000000
1140,15,15,6481787.8680,4437.6877,3.164241,0.000000,-0.000000,-0.000000
1141,15,15,6481788.9452,4437.6877,3.164241,0.000000,-0.000000,0.000000
1142,15,15,6481790.0791,4437.6877,3.164241,0.000000,0.000000,0.000000
1143,15,15,6481792.3358,4437.6877,3.164241,0.000000,0.000000,0.000000
1144,15,15,6481802.4897,4437.6877,3.164242,0.000000,-0.000000,0.000000
1145,15,15,6481805.8736,4437.6877,3.164242,0.000000,0.000000,0.000000
1146,15,15,6481808.1892,4437.6877,3.164242,0.000000,0.000000,0.000000
1147,15,15,6481810.5096,4437.6877,3.164242,0.000000,0.000000,0.000000
1148,15,15,6481825.0130,4437.6877,3.164243,0.000000,-0.000000,0.000000
1149,15,15,6481827.4182,4437.6877,3.164243,0.000000,0.000000,0.000000
1150,15,15,6481835.4568,4437.6877,3.164244,0.000000,0.000000,0.000000
1151,15,15,6481845.7399,4437.6877,3.164245,0.000000,0.000000,0.000000
1152,15,15,6481863.3129,4437.6877,3.164246,0.000000,0.000000,0.000000
1153,15,15,6481869.8635,4437.6877,3.164246,0.000000,0.000000,0.000000
1154,15,15,6481876.3773,4437.6877,3.164247,0.000000,0.000000,0.000000
1155,15,15,6481879.5445,4437.6877,3.164247,0.000000,-0.000000,0.000000
1156,15,15,6481880.6912,4437.6877,3.164247,0.000000,-0.000000,0.000000
1157,15,15,6481891.0196,4437.6877,3.164248,0.000000,0.000000,0.000000
1158,15,15,6481893.0859,4437.6877,3.164248,0.000000,0.000000,0.000000
1159,15,15,6481894.6623,4437.6877,3.164248,0.000000,0.000000,0.000000
1160,15,15,6481896.5128,4437.6877,3.164248,0.000000,0.000000,0.000000
1161,15,15,6481901.4874,4437.6877,3.164248,0.000000,-0.000000,0.000000
1162,15,15,6481906.0355,4437.6877,3.164249,0.000000,0.000000,0.000000
1163,15,15,6481908.7320,4437.6877,3.164249,0.000000,-0.000000,0.000000
1164,15,15,6481909.0791,4437.6877,3.164249,0.000000,0.000000,0.000000
1165,15,15,6481913.1216,4437.6877,3.164249,0.000000,0.000000,0.000000
1166,15,15,6481923.5000,4437.6877,3.164250,0.000000,-0.000000,0.000000
1167,15,15,6481929.5488,4437.6877,3.164250,0.000000,0.000000,0.000000
1168,15,15,6481931.8171,4437.6877,3.164250,0.000000,0.000000,0.000000
1169,15,15,6481938.1338,4437.6877,3.164251,0.000000,0.000000,0.000000
1170,15,15,6481940.6489,4437.6877,3.164251,0.000000,0.000000,0.000000
1171,15,15,6481943.8590,4437.6877,3.164251,0.000000,-0.000000,0.000000
1172,15,15,6481955.5518,4437.6877,3.164252,0.000000,-0.000000,0.000000
1173,15,15,6481956.1584,4437.6877,3.164252,0.000000,0.000000,0.000000
1174,15,15,6481956.2384,4437.6877,3.164252,0.000000,-0.000000,0.000000
1175,15,15,6481960.0927,4437.6877,3.164252,0.000000,0.000000,0.000000
1176,15,15,6481968.6217,4437.6877,3.164253,0.000000,0.000000,0.000000
1177,15,15,6481985.5003,4437.6877,3.164254,0.000000,0.000000,0.000000
1178,15,15,6481990.4553,4437.6877,3.164254,0.000000,0.000000,0.000000
1179,15,15,6481992.0309,4437.6877,3.164254,0.000000,-0.000000,0.000000
1180,15,15,6481994.8466,4437.6877,3.164255,0.000000,0.000000,0.000000
1181,15,15,6481997.0245,4437.6877,3.164255,0.000000,0.000000,0.000000
1182,15,15,6482004.1689,4437.6877,3.164255,0.000000,0.000000,0.000000
1183,15,15,6482023.6714,4437.6877,3.164256,0.000000,-0.000000,0.000000
1184,15,15,6482029.7836,4437.6877,3.164257,0.000000,0.000000,0.000000
1185,15,15,6482033.8538,4437.6877,3.164257,0.000000,0.000000,0.000000
1186,15,15,6482041.0397,4437.6877,3.164258,0.000000,-0.000000,0.000000
1187,15,15,6482042.5757,4437.6877,3.164258,0.000000,0.000000,0.000000
1188,15,15,6482042.7768,4437.6877,3.164258,0.022018,3.311498,6.208063
1189,15,15,6482066.4951,4437.6877,3.164259,0.000000,0.000000,0.000000
1190,15,15,6482067.1815,4437.6877,3.164259,0.000000,-0.000000,0.000000
1191,15,15,6482068.9814,4437.6877,3.164259,0.000000,-0.000000,0.000000
1192,15,15,6482070.0701,4437.6877,3.164260,-0.000000,0.000000,0.000000
1193,15,15,6482070.5877,4437.6877,3.164260,0.000000,-0.000000,0.000000
1194,15,15,6482070.9210,4437.6877,3.164260,0.000000,0.000000,0.000000
1195,15,15,6482071.5047,4437.6877,3.164260,0.000000,0.000000,0.000000
1196,15,15,6482071.8395,4437.6877,3.164260,0.000000,0.000000,0.000000
1197,15,15,6482072.6801,4437.6877,3.164260,0.000000,0.000000,0.000000
1198,15,15,6482075.9324,4437.6877,3.164260,0.000000,0.000000,0.000000
1199,15,15,6482080.0770,4437.6877,3.164260,0.000000,0.000000,0.000000
1200,15,15,6482080.8073,4437.6877,3.164260,0.000000,-0.000000,0.000000
1201,15,15,6482089.8783,4437.6877,3.164261,0.000000,0.000000,0.000000
1202,15,15,6482102.2627,4437.6877,3.164262,0.000000,0.000000,0.000000
1203,15,15,6482102.8740,4437.6877,3.164262,0.000000,-0.000000,0.000000
1204,15,15,6482107.1117,4437.6877,3.164262,0.000000,0.000000,0.000000
1205,15,15,6482107.2706,4437.6877,3.164262,0.000000,0.000000,0.000000
1206,15,15,6482109.6070,4437.6877,3.164262,0.000000,-0.000000,0.000000
1207,15,15,6482115.0539,4437.6877,3.164263,0.000000,0.000000,0.000000
1208,15,15,6482117.9645,4437.6877,3.164263,0.000000,-0.000000,0.000000
1209,15,15,6482119.9067,4437.6877,3.164263,0.000000,0.000000,0.000000
1210,15,15,6482120.1354,4437.6877,3.164263,0.000000,-0.000000,-0.000000
1211,15,15,6482123.6335,4437.6877,3.164263,0.000000,-0.000000,-0.000000
1212,15,15,6482123.9457,4437.6877,3.164263,0.000000,0.000000,0.000000
1213,15,15,6482133.8667,4437.6877,3.164264,0.000000,-0.000000,0.000000
1214,15,15,6482134.1896,4437.6877,3.164264,0.000000,0.000000,0.000000
1215,15,15,6482136.4881,4437.6877,3.164264,0.000000,0.000000,0.000000
1216,15,15,6482143.8446,4437.6877,3.164265,0.000000,-0.000000,-0.000000
1217,15,15,6482144.8625,4437.6877,3.164265,0.000000,0.000000,0.000000
1218,15,15,6482145.8133,4437.6877,3.164265,0.000000,-0.000000,0.000000
1219,15,15,6482148.4286,4437.6877,3.164265,0.006969,3.235343,6.131894
1220,15,15,6482157.1108,4437.6877,3.164265,0.000000,0.000000,0.000000
1221,15,15,6482163.9945,4437.6877,3.164266,0.000000,0.000000,0.000000
1222,15,15,6482168.5005,4437.6877,3.164266,0.000000,-0.000000,-0.000000
1223,15,15,6482169.0663,4437.6877,3.164266,0.000000,-0.000000,0.000000
1224,15,15,6482175.1831,4437.6877,3.164267,0.000000,0.000000,0.000000
1225,15,15,6482180.7847,4437.6877,3.164267,0.000000,-0.000000,0.000000
1226,15,15,6482186.6015,4437.6877,3.164267,0.000000,-0.000000,0.000000
1227,15,15,6482187.0754,4437.6877,3.164267,0.000000,0.000000,0.000000
1228,15,15,6482197.3487,4437.6877,3.164268,0.000000,0.000000,0.000000
1229,15,15,6482198.5170,4437.6877,3.164268,0.000000,0.000000,0.000000
1230,15,15,6482198.9365,4437.6877,3.164268,0.000000,-0.000000,0.000000
1231,15,15,6482210.0892,4437.6877,3.164269,0.000000,0.000000,0.000000
1232,15,15,6482210.1948,4437.6877,3.164269,0.000000,0.000000,0.000000
1233,15,15,6482211.5568,4437.6877,3.164269,0.000000,-0.000000,0.000000
1234,15,15,6482214.1639,4437.6877,3.164269,0.000000,-0.000000,0.000000
1235,15,15,6482220.8000,4437.6877,3.164270,0.000000,0.000000,0.000000
1236,15,15,6482227.3977,4437.6877,3.164270,0.000000,0.000000,0.000000
1237,15,15,6482228.8761,4437.6877,3.164270,0.000000,-0.000000,0.000000
1238,15,15,6482230.5134,4437.6877,3.164270,0.000000,0.000000,0.000000
1239,15,15,6482233.2597,4437.6877,3.164271,0.000000,0.000000,0.000000
1240,15,15,6482233.8486,4437.6877,3.164271,0.000000,0.000000,0.000000
1241,15,15,6482237.5419,4437.6877,3.164271,0.000000,0.000000,0.000000
1242,15,15,6482240.0493,4437.6877,3.164271,0.000000,0.000000,0.000000
1243,15,15,6482246.5835,4437.6877,3.164271,0.000000,0.000000,0.000000
1244,15,15,6482248.6921,4437.6877,3.164272,0.000000,-0.000000,0.000000
1245,15,15,6482252.6324,4437.6877,3.164272,0.000000,-0.000000,0.000000
1246,15,15,6482257.2390,4437.6877,3.164272,0.000000,0.000000,0.000000
1247,15,15,6482257.4216,4437.6877,3.164272,0.000000,-0.000000,0.000000
1248,15,15,6482259.9335,4437.6877,3.164272,0.000000,0.000000,0.000000
1249,15,15,6482264.4789,4437.6877,3.164273,0.000000,0.000000,0.000000
1250,15,15,6482268.0668,4437.6877,3.164273,0.000000,0.000000,0.000000
1251,15,15,6482271.9208,4437.6877,3.164273,0.000000,0.000000,0.000000
1252,15,15,6482274.8030,4437.6877,3.164273,0.000000,0.000000,0.000000
1253,15,15,6482276.8897,4437.6877,3.164273,0.039097,3.535343,6.431896
1254,15,15,6482278.1425,4437.6877,3.164274,0.000000,-0.000000,-0.000000
1255,15,15,6482278.2330,4437.6877,3.164274,0.000000,0.000000,0.000000
1256,15,15,6482282.7691,4437.6877,3.164274,0.000000,0.000000,0.000000
1257,15,15,6482291.5800,4437.6877,3.164274,0.000000,0.000000,0.000000
1258,15,15,6482294.4293,4437.6877,3.164275,0.000000,-0.000000,0.000000
1259,15,15,6482296.1665,4437.6877,3.164275,0.000000,-0.000000,0.000000
1260,15,15,6482300.7570,4437.6877,3.164275,0.000000,-0.000000,0.000000
1261,15,15,6482301.6160,4437.6877,3.164275,0.000000,0.000000,0.000000
1262,15,15,6482304.2626,4437.6877,3.164275,0.000000,0.000000,0.000000
1263,15,15,6482315.4368,4437.6877,3.164276,0.000000,-0.000000,0.000000
1264,15,15,6482317.6635,4437.6877,3.164276,0.000000,0.000000,0.000000
1265,15,15,6482319.2622,4437.6877,3.164276,0.000000,0.000000,0.000000
1266,15,15,6482327.4770,4437.6877,3.164277,0.000000,0.000000,0.000000
1267,15,15,6482327.6480,4437.6877,3.164277,0.014249,3.138289,6.034858
1268,15,15,6482331.4668,4437.6877,3.164277,0.031202,3.309997,6.206569
1269,15,15,6482340.9674,4437.6877,3.164278,0.017923,3.106863,6.003440
1270,15,15,6482342.6340,4437.6877,3.164278,0.016188,3.119978,6.016545
1271,15,15,6482349.6018,4437.6877,3.164278,0.000000,-0.000000,0.000000
1272,15,15,6482355.4243,4437.6877,3.164279,0.000000,0.000000,0.000000
1273,15,15,6482356.7992,4437.6877,3.164279,0.000000,0.000000,0.000000
1274,15,15,6482368.5542,4437.6877,3.164280,0.000000,0.000000,0.000000
1275,15,15,6482370.9033,4437.6877,3.164280,0.000000,0.000000,0.000000
1276,15,15,6482377.1207,4437.6877,3.164280,0.000000,0.000000,0.000000
1277,15,15,6482377.5920,4437.6877,3.164280,0.020599,3.578189,6.474592
1278,15,15,6482380.4441,4437.6877,3.164280,0.000000,0.000000,0.000000
1279,15,15,6482380.7051,4437.6877,3.164280,0.000000,-0.000000,0.000000
1280,15,15,6482390.8442,4437.6877,3.164281,0.000000,-0.000000,0.000000
1281,15,15,6482390.8919,4437.6877,3.164281,0.000000,0.000000,0.000000
1282,15,15,6482391.4323,4437.6877,3.164281,0.000000,-0.000000,0.000000
1283,15,15,6482394.1504,4437.6877,3.164281,0.000000,0.000000,0.000000
1284,15,15,6482403.8333,4437.6877,3.164282,0.000000,0.000000,0.000000
1285,15,15,6482404.8734,4437.6877,3.164282,0.000000,0.000000,0.000000
1286,15,15,6482408.1842,4437.6877,3.164282,0.000000,-0.000000,-0.000000
1287,15,15,6482408.5689,4437.6877,3.164282,0.000000,-0.000000,-0.000000
1288,15,15,6482418.0168,4437.6877,3.164283,0.000000,0.000000,0.000000
1289,15,15,6482424.2168,4437.6877,3.164283,0.000000,0.000000,0.000000
1290,15,15,6482424.6975,4437.6877,3.164283,0.000000,-0.000000,-0.000000
1291,15,15,6482430.6574,4437.6877,3.164284,0.000000,0.000000,0.000000
1292,15,15,6482431.0124,4437.6877,3.164284,0.000000,0.000000,0.000000
1293,15,15,6482434.1606,4437.6877,3.164284,0.000000,-0.000000,0.000000
1294,15,15,6482443.8219,4437.6877,3.164285,0.000000,0.000000,0.000000
1295,15,15,6482445.5511,4437.6877,3.164285,0.002065,2.621347,5.517917
1296,15,15,6482449.4307,4437.6877,3.164285,-0.000043,1.894492,4.790917
1297,15,15,6482450.3095,4437.6877,3.164285,0.000000,-0.000000,0.000000
1298,15,15,6482450.4843,4437.6877,3.164285,0.002646,2.662535,5.559103
1299,15,15,6482452.3157,4437.6877,3.164285,0.000000,0.000000,0.000000
1300,15,15,6482457.8920,4437.6877,3.164286,0.000000,0.000000,0.000000
1301,15,15,6482459.0182,4437.6877,3.164286,0.000000,-0.000000,-0.000000
1302,15,15,6482463.8446,4437.6877,3.164286,0.000000,0.000000,0.000000
1303,15,15,6482465.0079,4437.6877,3.164286,0.000000,0.000000,0.000000
1304,15,15,6482466.1587,4437.6877,3.164286,0.000000,0.000000,0.000000
1305,15,15,6482467.8066,4437.6877,3.164286,0.002062,2.732710,5.629270
1306,15,15,6482468.9284,4437.6877,3.164286,0.000000,0.000000,0.000000
1307,15,15,6482471.3593,4437.6877,3.164286,0.000000,0.000000,0.000000
1308,15,15,6482473.0592,4437.6877,3.164287,0.000000,-0.000000,0.000000
1309,15,15,6482481.8363,4437.6877,3.164287,0.000000,0.000000,0.000000
1310,15,15,6482487.8785,4437.6877,3.164288,0.000000,0.000000,0.000000
1311,15,15,6482490.1127,4437.6877,3.164288,0.000000,0.000000,0.000000
1312,15,15,6482503.7425,4437.6877,3.164289,0.000000,0.000000,0.000000
1313,15,15,6482507.9259,4437.6877,3.164289,0.000000,-0.000000,-0.000000
1314,15,15,6482509.8793,4437.6877,3.164289,0.000000,-0.000000,0.000000
1315,15,15,6482512.1917,4437.6877,3.164289,0.000000,0.000000,0.000000
1316,15,15,6482513.3869,4437.6877,3.164289,0.000000,0.000000,0.000000
1317,15,15,6482515.8892,4437.6877,3.164289,0.000000,0.000000,0.000000
1318,15,15,6482516.9061,4437.6877,3.164290,0.009357,3.373065,6.269461
1319,15,15,6482521.0235,4437.6877,3.164290,0.000000,-0.000000,0.000000
1320,15,15,6482522.1718,4437.6877,3.164290,0.000000,-0.000000,0.000000
1321,15,15,6482528.6759,4437.6877,3.164290,0.011908,3.361418,6.257813
1322,15,15,6482532.1986,4437.6877,3.164291,0.000000,0.000000,0.000000
1323,15,15,6482534.1990,4437.6877,3.164291,0.000000,-0.000000,0.000000
1324,15,15,6482535.8684,4437.6877,3.164291,0.000000,0.000000,0.000000
1325,15,15,6482536.7598,4437.6877,3.164291,0.000000,-0.000000,0.000000
1326,15,15,6482539.8511,4437.6877,3.164291,0.000000,0.000000,0.000000
1327,15,15,6482545.7168,4437.6877,3.164291,0.000000,0.000000,0.000000
1328,15,15,6482547.2611,4437.6877,3.164292,0.000000,-0.000000,0.000000
1329,15,15,6482551.1461,4437.6877,3.164292,0.000000,0.000000,0.000000
1330,15,15,6482552.3731,4437.6877,3.164292,0.000000,0.000000,0.000000
1331,15,15,6482552.6331,4437.6877,3.164292,0.000000,-0.000000,0.000000
1332,15,15,6482555.3761,4437.6877,3.164292,0.000000,0.000000,0.000000
1333,15,15,6482557.2299,4437.6877,3.164292,0.001194,2.407722,5.304269
1334,15,15,6482557.2871,4437.6877,3.164292,0.003196,2.691098,5.587662
1335,15,15,6482562.7258,4437.6877,3.164293,0.000000,0.000000,0.000000
1336,15,15,6482564.9128,4437.6877,3.164293,0.000000,0.000000,0.000000
1337,15,15,6482565.0878,4437.6877,3.164293,0.000000,0.000000,0.000000
1338,15,15,6482569.4326,4437.6877,3.164293,0.000000,-0.000000,-0.000000
1339,15,15,6482576.1233,4437.6877,3.164293,0.000000,0.000000,0.000000
1340,15,15,6482580.9279,4437.6877,3.164294,0.000000,0.000000,0.000000
1341,15,15,6482590.7915,4437.6877,3.164294,0.002316,2.692231,5.588774
1342,15,15,6482592.8377,4437.6877,3.164295,0.002265,2.679483,5.576028
1343,15,15,6482597.0868,4437.6877,3.164295,0.000000,0.000000,0.000000
1344,15,15,6482599.5656,4437.6877,3.164295,0.030285,3.217699,6.114253
1345,15,15,6482601.1283,4437.6877,3.164295,0.008280,2.924879,5.821403
1346,15,15,6482609.4028,4437.6877,3.164296,0.000000,0.000000,0.000000
1347,15,15,6482610.1688,4437.6877,3.164296,0.001362,2.566300,5.462855
1348,15,15,6482611.3820,4437.6877,3.164296,-0.000000,-0.000000,0.000000
1349,15,15,6482613.7331,4437.6877,3.164296,0.000708,2.200412,5.097077
1350,15,15,6482613.8018,4437.6877,3.164296,0.004894,2.849731,5.746281
1351,15,15,6482619.5081,4437.6877,3.164296,0.003492,2.785672,5.682224
1352,15,15,6482620.9303,4437.6877,3.164296,0.000000,0.000000,0.000000
1353,15,15,6482622.7928,4437.6877,3.164297,-0.000001,2.527261,5.423729
1354,15,15,6482629.3323,4437.6877,3.164297,0.000000,-0.000000,0.000000
1355,15,15,6482632.4673,4437.6877,3.164297,0.003077,2.866331,5.762859
1356,15,15,6482645.0440,4437.6877,3.164298,0.000000,0.000000,0.000000
1357,15,15,6482646.6733,4437.6877,3.164298,0.020446,3.220133,6.116686
1358,15,15,6482649.7544,4437.6877,3.164298,0.000000,-0.000000,0.000000
1359,15,15,6482651.1768,4437.6877,3.164299,0.000000,0.000000,0.000000
1360,15,15,6482654.5989,4437.6877,3.164299,0.000000,-0.000000,0.000000
1361,15,15,6482658.5006,4437.6877,3.164299,-0.007981,3.260429,6.156807
1362,15,15,6482659.4355,4437.6877,3.164299,0.000000,0.000000,0.000000
1363,15,15,6482661.3092,4437.6877,3.164299,0.000000,0.000000,0.000000
1364,15,15,6482662.3625,4437.6877,3.164299,0.000000,-0.000000,0.000000
1365,15,15,6482671.1998,4437.6877,3.164300,0.000000,-0.000000,0.000000
1366,15,15,6482671.3380,4437.6877,3.164300,0.000029,1.788491,4.684937
1367,15,15,6482673.1305,4437.6877,3.164300,0.000000,0.000000,0.000000
1368,15,15,6482677.7975,4437.6877,3.164300,-0.002020,2.217473,5.113661
1369,15,15,6482678.7949,4437.6877,3.164300,0.000000,0.000000,0.000000
1370,15,15,6482684.3578,4437.6877,3.164301,0.000000,0.000000,0.000000
1371,15,15,6482685.3041,4437.6877,3.164301,0.000000,-0.000000,-0.000000
1372,15,15,6482686.3849,4437.6877,3.164301,0.000000,0.000000,0.000000
1373,15,15,6482687.6445,4437.6877,3.164301,0.000000,0.000000,0.000000
1374,15,15,6482691.9321,4437.6877,3.164301,0.010106,2.944468,5.841017
1375,15,15,6482694.9405,4437.6877,3.164301,0.011915,2.944500,5.841064
1376,15,15,6482696.0122,4437.6877,3.164302,0.000000,0.000000,0.000000
1377,15,15,6482697.3486,4437.6877,3.164302,0.000000,0.000000,0.000000
1378,15,15,6482702.1015,4437.6877,3.164302,0.000000,-0.000000,0.000000
1379,15,15,6482704.3331,4437.6877,3.164302,0.000000,-0.000000,-0.000000
1380,15,15,6482708.2805,4437.6877,3.164302,0.004160,2.844362,5.740855
1381,15,15,6482710.2944,4437.6877,3.164302,-0.002461,2.933915,5.830359
1382,15,15,6482715.9399,4437.6877,3.164303,0.003038,2.746403,5.642962
1383,15,15,6482721.5498,4437.6877,3.164303,0.000000,0.000000,0.000000
1384,15,15,6482724.9951,4437.6877,3.164303,0.035672,3.331526,6.228031
1385,15,15,6482725.2276,4437.6877,3.164303,0.000000,0.000000,0.000000
1386,15,15,6482729.5559,4437.6877,3.164304,0.025748,3.211714,6.108269
1387,15,15,6482731.7916,4437.6877,3.164304,0.000571,2.354055,5.250603
1388,15,15,6482733.9920,4437.6877,3.164304,0.000000,-0.000000,-0.000000
1389,15,15,6482734.3101,4437.6877,3.164304,0.000000,0.000000,0.000000
1390,15,15,6482736.7698,4437.6877,3.164304,0.001361,2.574603,5.471137
1391,15,15,6482739.6182,4437.6877,3.164304,0.000317,2.283095,5.179629
1392,15,15,6482747.3982,4437.6877,3.164305,0.000000,0.000000,0.000000
1393,15,15,6482751.0675,4437.6877,3.164305,0.000000,-0.000000,0.000000
1394,15,15,6482752.9712,4437.6877,3.164305,0.013268,3.142559,6.039088
1395,15,15,6482756.8417,4437.6877,3.164306,0.000000,0.000000,0.000000
1396,15,15,6482758.0844,4437.6877,3.164306,0.000000,0.000000,0.000000
1397,15,15,6482758.6859,4437.6877,3.164306,0.000754,2.749346,5.645857
1398,15,15,6482765.7658,4437.6877,3.164306,0.000529,2.522782,5.419260
1399,15,15,6482769.1634,4437.6877,3.164306,0.000000,0.000000,0.000000
1400,15,15,6482770.6951,4437.6877,3.164307,0.000977,2.670849,5.567320
1401,15,15,6482772.6989,4437.6877,3.164307,0.000000,-0.000000,0.000000
1402,15,15,6482772.8084,4437.6877,3.164307,-0.000145,2.860078,5.756578
1403,15,15,6482780.7356,4437.6877,3.164307,0.000000,-0.000000,0.000000
1404,15,15,6482781.1980,4437.6877,3.164307,0.000000,-0.000000,0.000000
1405,15,15,6482782.7097,4437.6877,3.164307,0.000000,0.000000,0.000000
1406,15,15,6482785.5743,4437.6877,3.164308,0.000000,0.000000,0.000000
1407,15,15,6482789.0634,4437.6877,3.164308,0.000000,-0.000000,0.000000
1408,15,15,6482794.2923,4437.6877,3.164308,0.008793,3.083049,5.979589
1409,15,15,6482797.0940,4437.6877,3.164308,0.001493,2.714431,5.610903
1410,15,15,6482798.7658,4437.6877,3.164308,0.000000,0.000000,0.000000
1411,15,15,6482801.4891,4437.6877,3.164309,0.000000,0.000000,0.000000
1412,15,15,6482804.8979,4437.6877,3.164309,0.000000,0.000000,0.000000
1413,15,15,6482807.2180,4437.6877,3.164309,0.000000,0.000000,0.000000
1414,15,15,6482812.5440,4437.6877,3.164309,-0.000000,0.000000,0.000000
1415,15,15,6482815.1375,4437.6877,3.164310,0.000281,2.280571,5.177103
1416,15,15,6482815.6556,4437.6877,3.164310,0.000006,1.544047,4.440388
1417,15,15,6482815.7102,4437.6877,3.164310,0.026038,3.265289,6.161798
1418,15,15,6482820.3850,4437.6877,3.164310,-0.002469,2.940098,5.836544
1419,15,15,6482823.4537,4437.6877,3.164310,0.000000,0.000000,0.000000
1420,15,15,6482825.3555,4437.6877,3.164310,0.000000,0.000000,0.000000
1421,15,15,6482826.1303,4437.6877,3.164310,0.000000,0.000000,0.000000
1422,15,15,6482826.8557,4437.6877,3.164310,0.016237,3.200120,6.096632
1423,15,15,6482828.9799,4437.6877,3.164310,0.022721,3.314733,6.211231
1424,15,15,6482830.5707,4437.6877,3.164311,0.006617,2.957416,5.853949
1425,15,15,6482838.7514,4437.6877,3.164311,0.000000,-0.000000,0.000000
1426,15,15,6482840.9055,4437.6877,3.164311,0.016451,3.116832,6.013356
1427,15,15,6482841.4642,4437.6877,3.164311,0.000000,-0.000000,0.000000
1428,15,15,6482843.7510,4437.6877,3.164311,0.000000,-0.000000,0.000000
1429,15,15,6482852.1432,4437.6877,3.164312,0.000000,0.000000,0.000000
1430,15,15,6482853.9905,4437.6877,3.164312,0.013805,3.201537,6.098040
1431,15,15,6482859.2061,4437.6877,3.164312,0.013409,3.222599,6.119107
1432,15,15,6482863.6144,4437.6877,3.164313,0.000000,0.000000,0.000000
1433,15,15,6482867.5688,4437.6877,3.164313,0.017123,3.286015,6.182530
1434,15,15,6482869.8591,4437.6877,3.164313,0.000000,-0.000000,0.000000
1435,15,15,6482869.9965,4437.6877,3.164313,0.003121,2.699680,5.596220
1436,15,15,6482874.3700,4437.6877,3.164313,0.005579,2.840665,5.737186
1437,15,15,6482877.7809,4437.6877,3.164314,0.000000,0.000000,0.000000
1438,15,15,6482880.0675,4437.6877,3.164314,0.035851,3.259988,6.156512
1439,15,15,6482882.3262,4437.6877,3.164314,0.003630,2.861145,5.757668
1440,15,15,6482882.8193,4437.6877,3.164314,0.014388,3.061222,5.957765
1441,15,15,6482884.2299,4437.6877,3.164314,0.000293,2.289836,5.186336
1442,15,15,6482884.9017,4437.6877,3.164314,0.000618,2.041077,4.937935
1443,15,15,6482887.5311,4437.6877,3.164314,0.004773,2.884695,5.781225
1444,15,15,6482887.7752,4437.6877,3.164314,0.013945,3.159631,6.056137
1445,15,15,6482888.1848,4437.6877,3.164314,0.000000,0.000000,0.000000
1446,15,15,6482897.1550,4437.6877,3.164315,0.012814,3.083539,5.980067
1447,15,15,6482899.6538,4437.6877,3.164315,0.000000,0.000000,0.000000
1448,15,15,6482901.0570,4437.6877,3.164315,0.011529,3.128833,6.025356
1449,15,15,6482905.6467,4437.6877,3.164316,0.000000,0.000000,0.000000
1450,15,15,6482913.1614,4437.6877,3.164316,0.022204,3.194314,6.090832
1451,15,15,6482913.3726,4437.6877,3.164316,0.005992,3.112043,6.008533
1452,15,15,6482914.7049,4437.6877,3.164316,0.000000,0.000000,0.000000
1453,15,15,6482922.6386,4437.6877,3.164317,0.011869,3.175187,6.071697
1454,15,15,6482928.8063,4437.6877,3.164317,0.000000,-0.000000,0.000000
1455,15,15,6482930.1101,4437.6877,3.164317,0.027104,3.215943,6.112467
1456,15,15,6482930.3085,4437.6877,3.164317,0.000000,-0.000000,-0.000000
1457,15,15,6482936.6170,4437.6877,3.164318,0.022262,3.244246,6.140773
1458,15,15,6482937.9283,4437.6877,3.164318,0.017802,3.233545,6.130042
1459,15,15,6482944.3336,4437.6877,3.164318,0.025152,3.271168,6.167697
1460,15,15,6482948.1838,4437.6877,3.164318,0.000000,0.000000,0.000000
1461,15,15,6482953.3778,4437.6877,3.164319,0.000000,0.000000,0.000000
1462,15,15,6482954.8240,4437.6877,3.164319,0.000000,0.000000,0.000000
1463,15,15,6482963.6808,4437.6877,3.164319,0.000000,-0.000000,-0.000000
1464,15,15,6482975.8819,4437.6877,3.164320,0.000000,-0.000000,0.000000
1465,15,15,6482979.2354,4437.6877,3.164321,0.000000,-0.000000,0.000000
1466,15,15,6482986.0548,4437.6877,3.164321,0.010760,3.058681,5.955201
1467,15,15,6483000.3420,4437.6877,3.164322,0.000000,0.000000,0.000000
1468,15,15,6483002.3145,4437.6877,3.164322,0.000000,0.000000,0.000000
1469,15,15,6483004.0173,4437.6877,3.164322,0.002337,2.637730,5.534266
1470,15,15,6483008.3463,4437.6877,3.164322,0.002902,2.680341,5.576897
1471,15,15,6483013.1771,4437.6877,3.164323,0.000000,0.000000,0.000000
1472,15,15,6483019.2593,4437.6877,3.164323,0.004632,2.874080,5.770606
1473,15,15,6483021.6016,4437.6877,3.164323,0.000000,0.000000,0.000000
1474,15,15,6483024.5799,4437.6877,3.164324,0.000000,-0.000000,0.000000
1475,15,15,6483029.7775,4437.6877,3.164324,0.016003,3.059426,5.955953
1476,15,15,6483043.3881,4437.6877,3.164325,0.000000,0.000000,0.000000
1477,15,15,6483046.2010,4437.6877,3.164325,0.000000,0.000000,0.000000
1478,15,15,6483046.6797,4437.6877,3.164325,0.000000,0.000000,0.000000
1479,15,15,6483052.0464,4437.6877,3.164325,0.000000,0.000000,0.000000
1480,15,15,6483073.1360,4437.6877,3.164327,0.000000,0.000000,0.000000
1481,15,15,6483075.6122,4437.6877,3.164327,0.003673,2.920245,5.816718
1482,15,15,6483077.1770,4437.6877,3.164327,0.000000,0.000000,0.000000
1483,15,15,6483080.4171,4437.6877,3.164327,0.000000,-0.000000,0.000000
1484,15,15,6483094.0062,4437.6877,3.164328,0.000000,0.000000,0.000000
1485,15,15,6483096.4533,4437.6877,3.164328,0.000000,0.000000,0.000000
1486,15,15,6483101.2016,4437.6877,3.164329,0.000000,0.000000,0.000000
1487,15,15,6483107.2505,4437.6877,3.164329,0.000000,-0.000000,0.000000
1488,15,15,6483113.7976,4437.6877,3.164330,0.007805,2.946646,5.843183
1489,15,15,6483119.5180,4437.6877,3.164330,0.000000,0.000000,0.000000
1490,15,15,6483122.1990,4437.6877,3.164330,0.000000,0.000000,0.000000
1491,15,15,6483133.2364,4437.6877,3.164331,0.007446,2.820187,5.716752
1492,15,15,6483133.5442,4437.6877,3.164331,0.001022,2.370893,5.267464
1493,15,15,6483137.0470,4437.6877,3.164331,0.000000,0.000000,0.000000
1494,15,15,6483148.2069,4437.6877,3.164332,0.006603,2.801827,5.698382
1495,15,15,6483150.9937,4437.6877,3.164332,0.018868,3.082392,5.978929
1496,15,15,6483152.0509,4437.6877,3.164332,0.000000,0.000000,0.000000
1497,15,15,6483156.4557,4437.6877,3.164332,0.000000,0.000000,0.000000
1498,15,15,6483158.0747,4437.6877,3.164333,0.017752,3.048254,5.944806
1499,15,15,6483161.9237,4437.6877,3.164333,0.002813,2.616016,5.512577
1500,15,15,6483173.7367,4437.6877,3.164334,0.000000,0.000000,0.000000
1501,15,15,6483174.0845,4437.6877,3.164334,0.000000,0.000000,0.000000
1502,15,15,6483179.3092,4437.6877,3.164334,0.000000,0.000000,0.000000
1503,15,15,6483180.3868,4437.6877,3.164334,0.000000,0.000000,0.000000
1504,15,15,6483186.0286,4437.6877,3.164334,0.020894,3.098366,5.994912
1505,15,15,6483189.1970,4437.6877,3.164335,0.000000,0.000000,0.000000
1506,15,15,6483192.9710,4437.6877,3.164335,0.000000,-0.000000,0.000000
1507,15,15,6483212.0122,4437.6877,3.164336,0.000000,0.000000,0.000000
1508,15,15,6483212.6630,4437.6877,3.164336,0.000000,-0.000000,0.000000
1509,15,15,6483220.5714,4437.6877,3.164337,0.000000,0.000000,0.000000
1510,15,15,6483221.5502,4437.6877,3.164337,0.000000,0.000000,0.000000
1511,15,15,6483227.4763,4437.6877,3.164337,0.000111,1.964689,4.861204
1512,15,15,6483232.8226,4437.6877,3.164338,0.000000,0.000000,0.000000
1513,15,15,6483238.0464,4437.6877,3.164338,0.000000,0.000000,0.000000
1514,15,15,6483240.6993,4437.6877,3.164338,0.000000,0.000000,0.000000
1515,15,15,6483246.0238,4437.6877,3.164338,0.000000,0.000000,-0.000000
1516,15,15,6483246.6876,4437.6877,3.164338,0.000000,0.000000,0.000000
1517,15,15,6483263.6710,4437.6877,3.164340,0.000000,0.000000,0.000000
1518,15,15,6483268.2241,4437.6877,3.164340,0.000000,0.000000,0.000000
1519,15,15,6483279.0002,4437.6877,3.164341,0.004157,2.733555,5.630101
1520,15,15,6483294.2110,4437.6877,3.164342,0.000000,-0.000000,-0.000000
1521,15,15,6483295.0658,4437.6877,3.164342,0.000000,0.000000,0.000000
1522,15,15,6483300.3854,4437.6877,3.164342,0.000000,0.000000,0.000000
1523,15,15,6483313.6735,4437.6877,3.164343,0.000000,0.000000,0.000000
1524,15,15,6483318.0797,4437.6877,3.164343,0.000000,0.000000,0.000000
1525,15,15,6483322.1399,4437.6877,3.164343,0.000000,0.000000,0.000000
1526,15,15,6483324.0960,4437.6877,3.164344,0.000000,0.000000,0.000000
1527,15,15,6483329.7176,4437.6877,3.164344,0.000000,0.000000,0.000000
1528,15,15,6483331.8598,4437.6877,3.164344,0.000000,0.000000,0.000000
1529,15,15,6483340.1963,4437.6877,3.164345,0.000000,0.000000,0.000000
1530,15,15,6483343.2613,4437.6877,3.164345,0.008193,2.922211,5.818739
1531,15,15,6483349.0879,4437.6877,3.164345,0.000000,0.000000,0.000000
1532,15,15,6483363.1517,4437.6877,3.164346,0.025149,3.092258,5.988831
1533,15,15,6483368.9837,4437.6877,3.164347,-0.000000,-0.000000,0.000000
1534,15,15,6483383.4382,4437.6877,3.164348,0.000000,0.000000,0.000000
1535,15,15,6483387.3319,4437.6877,3.164348,0.000000,0.000000,0.000000
1536,15,15,6483387.8059,4437.6877,3.164348,0.013230,3.006075,5.902620
1537,15,15,6483392.0704,4437.6877,3.164348,0.000000,0.000000,0.000000
1538,15,15,6483409.6747,4437.6877,3.164349,0.005837,2.797592,5.694142
1539,15,15,6483412.4267,4437.6877,3.164350,0.000000,-0.000000,-0.000000
1540,15,15,6483418.8327,4437.6877,3.164350,0.000000,0.000000,0.000000
1541,15,15,6483422.7671,4437.6877,3.164350,0.010772,2.965021,5.861562
1542,15,15,6483423.9058,4437.6877,3.164350,0.000000,-0.000000,0.000000
1543,15,15,6483428.3011,4437.6877,3.164351,0.024577,3.109140,6.005703
1544,15,15,6483431.9915,4437.6877,3.164351,0.000000,-0.000000,0.000000
1545,15,15,6483438.0301,4437.6877,3.164351,0.004756,2.743617,5.640177
1546,15,15,6483439.4391,4437.6877,3.164351,0.000000,0.000000,0.000000
1547,15,15,6483445.0654,4437.6877,3.164352,0.025902,3.106130,6.002700
1548,15,15,6483445.9294,4437.6877,3.164352,0.005518,2.779725,5.676282
1549,15,15,6483447.6136,4437.6877,3.164352,0.004384,2.957112,5.853622
1550,15,15,6483460.7431,4437.6877,3.164353,0.024963,3.094953,5.991517
1551,15,15,6483472.4057,4437.6877,3.164354,0.000000,0.000000,0.000000
1552,15,15,6483476.9064,4437.6877,3.164354,-0.000708,1.880517,4.776610
1553,15,15,6483479.2562,4437.6877,3.164354,0.000000,-0.000000,0.000000
1554,15,15,6483487.9463,4437.6877,3.164355,0.000000,0.000000,0.000000
1555,15,15,6483496.5908,4437.6877,3.164355,0.000543,2.252527,5.149088
1556,15,15,6483497.2528,4437.6877,3.164355,0.023714,3.107308,6.003849
1557,15,15,6483498.7229,4437.6877,3.164355,0.001073,2.156522,5.053184
1558,15,15,6483502.5265,4437.6877,3.164356,0.009955,2.933342,5.829887
1559,15,15,6483505.5339,4437.6877,3.164356,0.007005,2.837389,5.733941
1560,15,15,6483506.9763,4437.6877,3.164356,0.000671,2.333585,5.230128
1561,15,15,6483517.0718,4437.6877,3.164357,0.000000,0.000000,0.000000
1562,15,15,6483520.0514,4437.6877,3.164357,0.004141,2.661245,5.557780
1563,15,15,6483529.1760,4437.6877,3.164357,-0.004596,2.449511,5.345822
1564,15,15,6483541.8409,4437.6877,3.164358,0.002265,2.529340,5.425868
1565,15,15,6483544.7220,4437.6877,3.164358,0.000000,0.000000,0.000000
1566,15,15,6483552.7012,4437.6877,3.164359,-0.004529,2.358493,5.254663
1567,15,15,6483555.0186,4437.6877,3.164359,0.005630,2.779081,5.675636
1568,15,15,6483565.0333,4437.6877,3.164360,0.000000,0.000000,0.000000
1569,15,15,6483566.5741,4437.6877,3.164360,0.000000,0.000000,0.000000
1570,15,15,6483567.4277,4437.6877,3.164360,0.000000,-0.000000,0.000000
1571,15,15,6483569.4946,4437.6877,3.164360,0.000673,1.902281,4.799326
1572,15,15,6483570.2140,4437.6877,3.164360,0.000065,1.828870,4.725366
1573,15,15,6483581.0945,4437.6877,3.164361,0.000000,0.000000,0.000000
1574,15,15,6483590.5567,4437.6877,3.164361,0.000450,2.178995,5.075548
1575,15,15,6483598.8972,4437.6877,3.164362,0.005679,2.144248,5.041598
1576,15,15,6483603.6124,4437.6877,3.164362,0.000000,0.000000,0.000000
1577,15,15,6483612.9783,4437.6877,3.164363,0.005366,2.763508,5.660050
1578,15,15,6483623.1784,4437.6877,3.164364,0.002900,2.578915,5.475466
1579,15,15,6483624.1672,4437.6877,3.164364,0.000000,-0.000000,0.000000
1580,15,15,6483629.2179,4437.6877,3.164364,-0.013413,2.777924,5.674329
1581,15,15,6483630.6547,4437.6877,3.164364,0.000000,-0.000000,-0.000000
1582,15,15,6483637.8582,4437.6877,3.164365,0.004460,2.637718,5.534248
1583,15,15,6483642.1734,4437.6877,3.164365,0.000363,2.135368,5.031918
1584,15,15,6483647.0753,4437.6877,3.164365,0.007860,2.783329,5.679881
1585,15,15,6483647.4786,4437.6877,3.164365,0.000669,2.282277,5.178823
1586,15,15,6483651.0826,4437.6877,3.164366,-0.004377,2.264083,5.160260
1587,15,15,6483653.6782,4437.6877,3.164366,0.007746,2.823101,5.719632
1588,15,15,6483660.3744,4437.6877,3.164366,0.004020,2.280957,5.177853
1589,15,15,6483665.9300,4437.6877,3.164367,0.002168,2.599323,5.495820
1590,15,15,6483672.6358,4437.6877,3.164367,0.000000,0.000000,0.000000
1591,15,15,6483674.9201,4437.6877,3.164367,0.000262,2.130263,5.026789
1592,15,15,6483687.9616,4437.6877,3.164368,0.002383,2.533899,5.430443
1593,15,15,6483689.0849,4437.6877,3.164368,0.002146,2.604983,5.501502
1594,15,15,6483712.7159,4437.6877,3.164370,0.000052,1.726171,4.622650
1595,15,15,6483718.6756,4437.6877,3.164370,0.003780,2.643521,5.540083
1596,15,15,6483722.5414,4437.6877,3.164370,0.000000,0.000000,0.000000
1597,15,15,6483730.2772,4437.6877,3.164371,-0.001862,1.787964,4.683542
1598,15,15,6483732.4568,4437.6877,3.164371,0.007369,2.800962,5.697506
1599,15,15,6483735.6765,4437.6877,3.164371,0.003354,2.607483,5.504029
1600,15,15,6483742.5845,4437.6877,3.164372,0.000000,0.000000,0.000000
1601,15,15,6483746.3127,4437.6877,3.164372,0.009074,2.908693,5.805228
1602,15,15,6483753.2878,4437.6877,3.164372,0.010657,2.907113,5.803650
1603,15,15,6483758.0445,4437.6877,3.164373,-0.004041,2.157858,5.053951
1604,15,15,6483759.8703,4437.6877,3.164373,0.003700,2.684935,5.581475
1605,15,15,6483761.5889,4437.6877,3.164373,0.000000,0.000000,0.000000
1606,15,15,6483770.6145,4437.6877,3.164374,0.000000,-0.000000,0.000000
1607,15,15,6483779.8679,4437.6877,3.164374,0.000027,1.605987,4.502408
1608,15,15,6483790.3916,4437.6877,3.164375,0.000000,0.000000,0.000000
1609,15,15,6483794.9639,4437.6877,3.164375,0.000000,-0.000000,0.000000
1610,15,15,6483803.8782,4437.6877,3.164376,0.000093,1.880147,4.776631
1611,15,15,6483811.4464,4437.6877,3.164376,0.000812,2.327190,5.223700
1612,15,15,6483820.0026,4437.6877,3.164377,-0.006279,2.610794,5.507119
1613,15,15,6483824.6149,4437.6877,3.164377,0.006964,2.811270,5.707830
1614,15,15,6483828.0075,4437.6877,3.164377,0.000000,-0.000000,0.000000
1615,15,15,6483830.0826,4437.6877,3.164378,0.000000,0.000000,0.000000
1616,15,15,6483851.8762,4437.6877,3.164379,0.000000,0.000000,0.000000
1617,15,15,6483857.0504,4437.6877,3.164379,0.000554,1.655261,4.553012
1618,15,15,6483861.2124,4437.6877,3.164380,0.000000,-0.000000,0.000000
1619,15,15,6483862.9525,4437.6877,3.164380,0.000000,0.000000,0.000000
1620,15,15,6483865.5952,4437.6877,3.164380,0.001271,2.407638,5.304225
1621,15,15,6483868.1127,4437.6877,3.164380,0.006057,2.758107,5.654670
1622,15,15,6483871.1918,4437.6877,3.164380,0.001077,2.380022,5.276571
1623,15,15,6483875.4909,4437.6877,3.164381,0.002533,2.539355,5.435820
1624,15,15,6483877.2578,4437.6877,3.164381,0.000081,1.817365,4.713876
1625,15,15,6483882.2901,4437.6877,3.164381,0.003322,2.569703,5.466248
1626,15,15,6483883.1510,4437.6877,3.164381,0.004563,2.717333,5.613874
1627,15,15,6483884.2455,4437.6877,3.164381,0.000000,0.000000,0.000000
1628,15,15,6483887.2831,4437.6877,3.164381,0.005685,2.741505,5.638040
1629,15,15,6483890.5067,4437.6877,3.164382,0.000163,1.972120,4.868665
1630,15,15,6483890.6465,4437.6877,3.164382,0.000296,2.141940,5.038472
1631,15,15,6483891.8766,4437.6877,3.164382,0.010138,2.794656,5.691188
1632,15,15,6483913.6961,4437.6877,3.164383,0.000006,1.274800,4.170736
1633,15,15,6483922.3926,4437.6877,3.164384,0.000150,2.009527,4.906040
1634,15,15,6483926.0367,4437.6877,3.164384,0.000000,0.000000,0.000000
1635,15,15,6483926.1572,4437.6877,3.164384,0.001100,2.377997,5.274572
1636,15,15,6483927.0135,4437.6877,3.164384,0.012788,2.858686,5.755294
1637,15,15,6483943.9735,4437.6877,3.164385,0.002239,2.579392,5.475904
1638,15,15,6483950.0038,4437.6877,3.164386,0.008875,2.842488,5.739024
1639,15,15,6483965.1923,4437.6877,3.164387,0.002252,2.537262,5.433822
1640,15,15,6483978.7860,4437.6877,3.164388,0.009421,2.943117,5.839621
1641,15,15,6483979.5219,4437.6877,3.164388,0.000000,-0.000000,-0.000000
1642,15,15,6483992.3732,4437.6877,3.164388,0.000000,0.000000,0.000000
1643,15,15,6483993.6173,4437.6877,3.164389,0.000127,1.955899,4.852419
1644,15,15,6484001.4535,4437.6877,3.164389,0.008858,2.890383,5.786893
1645,15,15,6484005.0883,4437.6877,3.164389,0.000114,1.890342,4.786887
1646,15,15,6484020.5536,4437.6877,3.164390,0.000000,0.000000,0.000000
1647,15,15,6484023.2416,4437.6877,3.164390,-0.001556,2.180581,5.076758
1648,15,15,6484026.4991,4437.6877,3.164391,0.009315,2.864342,5.760882
1649,15,15,6484040.4805,4437.6877,3.164392,0.000027,1.250133,4.144818
1650,15,15,6484048.4730,4437.6877,3.164392,0.000000,0.000000,0.000000
1651,15,15,6484048.6297,4437.6877,3.164392,0.002868,2.619445,5.515972
1652,15,15,6484052.9950,4437.6877,3.164392,0.002445,2.568533,5.464972
1653,15,15,6484061.6887,4437.6877,3.164393,0.000000,-0.000000,0.000000
1654,15,15,6484073.0327,4437.6877,3.164394,0.005069,2.730312,5.626876
1655,15,15,6484088.1301,4437.6877,3.164395,0.000000,-0.000000,0.000000
1656,15,15,6484091.5166,4437.6877,3.164395,0.000004,1.189339,4.084950
1657,15,15,6484091.7159,4437.6877,3.164395,0.000000,0.000000,0.000000
1658,15,15,6484094.8422,4437.6877,3.164395,0.000000,-0.000000,0.000000
1659,15,15,6484102.5513,4437.6877,3.164396,0.000000,0.000000,0.000000
1660,15,15,6484111.5601,4437.6877,3.164396,0.010507,2.881158,5.777724
1661,15,15,6484122.4795,4437.6877,3.164397,0.000000,0.000000,0.000000
1662,15,15,6484129.6968,4437.6877,3.164398,0.017433,3.019578,5.916125
1663,15,15,6484131.1169,4437.6877,3.164398,0.000000,0.000000,0.000000
1664,15,15,6484138.3939,4437.6877,3.164398,0.008457,2.856904,5.753427
1665,15,15,6484140.7023,4437.6877,3.164398,0.000000,0.000000,0.000000
1666,15,15,6484145.8887,4437.6877,3.164399,0.001784,2.497855,5.394387
1667,15,15,6484149.0388,4437.6877,3.164399,0.010905,2.981868,5.878391
1668,15,15,6484152.6472,4437.6877,3.164399,0.001021,2.383151,5.279713
1669,15,15,6484153.2308,4437.6877,3.164399,0.002226,2.563051,5.459610
1670,15,15,6484161.6479,4437.6877,3.164400,0.000144,2.210110,5.106615
1671,15,15,6484162.1287,4437.6877,3.164400,0.000092,1.850352,4.746866
1672,15,15,6484180.7114,4437.6877,3.164401,0.006088,2.802782,5.699340
1673,15,15,6484191.7535,4437.6877,3.164402,0.000002,1.130511,4.025849
1674,15,15,6484194.2850,4437.6877,3.164402,0.002688,2.789048,5.685557
1675,15,15,6484196.5280,4437.6877,3.164402,0.000043,1.748664,4.645139
1676,15,15,6484202.1967,4437.6877,3.164402,0.000000,0.000000,0.000000
1677,15,15,6484206.5753,4437.6877,3.164403,0.003998,2.801020,5.697577
1678,15,15,6484208.5628,4437.6877,3.164403,0.000095,1.941554,4.838070
1679,15,15,6484216.7579,4437.6877,3.164403,0.012148,3.011335,5.907855
1680,15,15,6484221.3457,4437.6877,3.164404,0.010002,2.937765,5.834315
1681,15,15,6484225.8794,4437.6877,3.164404,0.000000,0.000000,0.000000
1682,15,15,6484229.0233,4437.6877,3.164404,0.000127,1.995372,4.891915
1683,15,15,6484235.1034,4437.6877,3.164405,0.004024,2.766062,5.662606
1684,15,15,6484238.5649,4437.6877,3.164405,0.000000,0.000000,0.000000
1685,15,15,6484255.0636,4437.6877,3.164406,0.000119,1.844109,4.740604
1686,15,15,6484257.5945,4437.6877,3.164406,0.000002,1.129698,4.025034
1687,15,15,6484262.3839,4437.6877,3.164407,0.012039,2.982046,5.878616
1688,15,15,6484278.2462,4437.6877,3.164408,0.000000,0.000000,0.000000
1689,15,15,6484292.7975,4437.6877,3.164409,0.007732,2.882946,5.779513
1690,15,15,6484296.5913,4437.6877,3.164409,0.000166,2.087974,4.984462
1691,15,15,6484301.0247,4437.6877,3.164409,0.000000,0.000000,0.000000
1692,15,15,6484301.1732,4437.6877,3.164409,0.003892,2.852655,5.749119
1693,15,15,6484307.0299,4437.6877,3.164410,0.000000,0.000000,0.000000
1694,15,15,6484307.6916,4437.6877,3.164410,0.009153,2.924159,5.820724
1695,15,15,6484326.9671,4437.6877,3.164411,0.000000,-0.000000,0.000000
1696,15,15,6484330.6270,4437.6877,3.164411,0.000283,2.148485,5.045032
1697,15,15,6484345.1561,4437.6877,3.164412,0.000000,-0.000000,0.000000
1698,15,15,6484353.1456,4437.6877,3.164413,0.000000,0.000000,0.000000
1699,15,15,6484361.8664,4437.6877,3.164413,0.000000,0.000000,0.000000
1700,15,15,6484371.0172,4437.6877,3.164414,0.000000,-0.000000,0.000000
1701,15,15,6484393.4074,4437.6877,3.164415,0.002036,2.566201,5.462739
1702,15,15,6484393.8847,4437.6877,3.164415,0.010526,2.940958,5.837527
1703,15,15,6484404.0662,4437.6877,3.164416,0.000000,0.000000,0.000000
1704,15,15,6484408.0461,4437.6877,3.164416,-0.000145,2.535357,5.431761
1705,15,15,6484427.9913,4437.6877,3.164418,0.000000,-0.000000,0.000000
1706,15,15,6484429.2068,4437.6877,3.164418,0.000000,0.000000,0.000000
1707,15,15,6484433.2465,4437.6877,3.164418,0.000000,0.000000,0.000000
1708,15,15,6484433.8985,4437.6877,3.164418,0.000192,2.092107,4.988626
1709,15,15,6484439.1928,4437.6877,3.164418,-0.000090,1.230854,4.125470
1710,15,15,6484453.7043,4437.6877,3.164419,0.000000,0.000000,0.000000
1711,15,15,6484456.8636,4437.6877,3.164420,0.000970,2.418547,5.315105
1712,15,15,6484464.0288,4437.6877,3.164420,0.007584,2.865308,5.761877
1713,15,15,6484476.3622,4437.6877,3.164421,0.000614,2.345096,5.241615
1714,15,15,6484486.0478,4437.6877,3.164422,-0.000059,2.207126,5.103517
1715,15,15,6484486.5836,4437.6877,3.164422,0.004139,2.721725,5.618284
1716,15,15,6484489.4018,4437.6877,3.164422,0.003184,2.665647,5.562210
1717,15,15,6484494.1714,4437.6877,3.164422,0.016015,3.016161,5.912724
1718,15,15,6484498.8023,4437.6877,3.164422,0.002722,2.625384,5.521948
1719,15,15,6484503.3043,4437.6877,3.164423,0.000003,1.157258,4.052741
1720,15,15,6484505.5124,4437.6877,3.164423,0.000751,2.365819,5.262356
1721,15,15,6484518.5260,4437.6877,3.164424,0.000294,2.140124,5.036651
1722,15,15,6484521.3259,4437.6877,3.164424,0.000000,0.000000,0.000000
1723,15,15,6484557.0960,4437.6877,3.164426,0.000000,0.000000,0.000000
1724,15,15,6484557.9171,4437.6877,3.164426,0.000000,0.000000,0.000000
1725,15,15,6484581.0704,4437.6877,3.164428,0.005956,2.920343,5.816863
1726,15,15,6484596.8866,4437.6877,3.164429,0.001980,2.589843,5.486370
1727,15,15,6484598.8648,4437.6877,3.164429,0.002075,2.590365,5.486883
1728,15,15,6484603.5789,4437.6877,3.164429,0.000297,1.605723,4.503078
1729,15,15,6484621.3539,4437.6877,3.164431,0.006418,2.926783,5.823287
1730,15,15,6484624.4585,4437.6877,3.164431,0.000000,0.000000,0.000000
1731,15,15,6484659.7543,4437.6877,3.164433,0.000000,-0.000000,-0.000000
1732,15,15,6484673.4862,4437.6877,3.164434,0.005229,2.861036,5.757557
1733,15,15,6484677.7950,4437.6877,3.164434,0.003283,2.699497,5.596011
1734,15,15,6484704.7534,4437.6877,3.164436,0.000000,0.000000,0.000000
1735,15,15,6484722.1415,4437.6877,3.164437,0.003186,2.720035,5.616556
1736,15,15,6484729.1565,4437.6877,3.164438,0.000000,0.000000,0.000000
1737,15,15,6484742.5371,4437.6877,3.164439,0.004546,2.778858,5.675390
1738,15,15,6484753.9598,4437.6877,3.164439,0.000398,2.472151,5.368689
1739,15,15,6484771.2339,4437.6877,3.164441,0.008240,2.954526,5.851062
1740,15,15,6484810.1549,4437.6877,3.164443,0.000000,0.000000,0.000000
1741,15,15,6484814.5191,4437.6877,3.164444,0.004909,2.764312,5.660819
1742,15,15,6484815.6725,4437.6877,3.164444,0.000064,1.888445,4.784924
1743,15,15,6484829.2721,4437.6877,3.164445,0.000155,2.047303,4.943820
1744,15,15,6484862.7918,4437.6877,3.164447,0.000000,0.000000,0.000000
1745,15,15,6484866.0671,4437.6877,3.164447,0.000000,-0.000000,0.000000
1746,15,15,6484866.4171,4437.6877,3.164447,0.005808,2.897598,5.794165
1747,15,15,6484876.6711,4437.6877,3.164448,0.011479,3.063795,5.960359
1748,15,15,6484881.5246,4437.6877,3.164448,0.000000,0.000000,0.000000
1749,15,15,6484888.3149,4437.6877,3.164448,0.001136,2.521331,5.417897
1750,15,15,6484908.8168,4437.6877,3.164450,0.000182,2.123724,5.020283
1751,15,15,6484911.1398,4437.6877,3.164450,0.000134,1.998660,4.895186
1752,15,15,6484917.8231,4437.6877,3.164450,0.000229,2.194997,5.091519
1753,15,15,6484920.1629,4437.6877,3.164451,0.006669,2.924060,5.820620
1754,15,15,6484931.5909,4437.6877,3.164451,0.000085,1.849361,4.745877
1755,15,15,6484933.6397,4437.6877,3.164452,0.000000,0.000000,0.000000
1756,15,15,6484933.8607,4437.6877,3.164452,0.003767,2.925113,5.821667
1757,15,15,6484936.3770,4437.6877,3.164452,0.009176,3.125011,6.021565
1758,15,15,6484946.2139,4437.6877,3.164452,0.000758,2.514945,5.411497
1759,15,15,6484948.2950,4437.6877,3.164452,0.012320,3.162751,6.059304
1760,15,15,6484956.6651,4437.6877,3.164453,0.000000,0.000000,0.000000
1761,15,15,6484958.5670,4437.6877,3.164453,0.000586,2.354965,5.251535
1762,15,15,6484963.4908,4437.6877,3.164454,0.000000,0.000000,0.000000
1763,15,15,6484972.3013,4437.6877,3.164454,0.012540,3.011436,5.908000
1764,15,15,6484972.5436,4437.6877,3.164454,0.000000,0.000000,0.000000
1765,15,15,6484972.8611,4437.6877,3.164454,0.000071,1.962935,4.859457
1766,15,15,6484988.4405,4437.6877,3.164455,0.000000,0.000000,0.000000
1767,15,15,6484992.0706,4437.6877,3.164455,0.017889,3.214639,6.111200
1768,15,15,6484993.1667,4437.6877,3.164455,0.000000,0.000000,0.000000
1769,15,15,6484997.5690,4437.6877,3.164456,0.000019,1.522345,4.418726
1770,15,15,6485005.9797,4437.6877,3.164456,0.000063,1.858613,4.755136
1771,15,15,6485022.1477,4437.6877,3.164457,0.001044,2.440097,5.336662
1772,15,15,6485024.6983,4437.6877,3.164458,0.000000,0.000000,0.000000
1773,15,15,6485028.6811,4437.6877,3.164458,0.012956,3.088384,5.984931
1774,15,15,6485030.7603,4437.6877,3.164458,0.006414,2.895210,5.791750
1775,15,15,6485033.3523,4437.6877,3.164458,0.001059,2.444938,5.341517
1776,15,15,6485040.5840,4437.6877,3.164459,0.000000,0.000000,0.000000
1777,15,15,6485054.7767,4437.6877,3.164460,0.000000,-0.000000,0.000000
1778,15,15,6485061.3220,4437.6877,3.164460,0.000391,2.249209,5.145779
1779,15,15,6485067.0137,4437.6877,3.164460,0.015838,3.047024,5.943592
1780,15,15,6485087.7623,4437.6877,3.164462,0.005281,2.783707,5.680290
1781,15,15,6485088.2051,4437.6877,3.164462,0.000894,2.431451,5.328030
1782,15,15,6485096.1076,4437.6877,3.164462,0.000000,0.000000,0.000000
1783,15,15,6485097.7614,4437.6877,3.164463,0.003087,2.679901,5.576476
1784,15,15,6485099.2534,4437.6877,3.164463,0.008759,2.881474,5.778045
1785,15,15,6485099.6796,4437.6877,3.164463,0.000452,2.242569,5.139153
1786,15,15,6485126.4971,4437.6877,3.164464,0.001355,2.466911,5.363491
1787,15,15,6485128.3981,4437.6877,3.164465,0.000000,0.000000,0.000000
1788,15,15,6485132.8783,4437.6877,3.164465,0.000173,1.980986,4.877566
1789,15,15,6485133.3949,4437.6877,3.164465,0.001031,2.397576,5.294167
1790,15,15,6485135.0958,4437.6877,3.164465,0.000573,2.259248,5.155833
1791,15,15,6485136.7867,4437.6877,3.164465,0.000062,1.814889,4.711409
1792,15,15,6485145.8256,4437.6877,3.164466,0.000000,0.000000,0.000000
1793,15,15,6485167.6342,4437.6877,3.164467,0.000637,2.378330,5.274878
1794,15,15,6485168.3201,4437.6877,3.164467,0.006756,2.842798,5.739362
1795,15,15,6485171.6043,4437.6877,3.164467,0.000000,0.000000,0.000000
1796,15,15,6485178.8127,4437.6877,3.164468,0.003208,2.779620,5.676144
1797,15,15,6485189.8143,4437.6877,3.164469,0.000000,0.000000,0.000000
1798,15,15,6485196.6465,4437.6877,3.164469,0.008818,2.927031,5.823590
1799,15,15,6485201.9438,4437.6877,3.164469,0.007467,2.879895,5.776457
1800,15,15,6485202.0282,4437.6877,3.164469,0.006668,2.877534,5.774057
1801,15,15,6485228.4946,4437.6877,3.164471,0.000078,1.800434,4.697071
1802,15,15,6485232.5156,4437.6877,3.164472,0.000313,2.231452,5.127979
1803,15,15,6485243.9372,4437.6877,3.164472,0.003041,2.665219,5.561788
1804,15,15,6485247.0641,4437.6877,3.164473,0.000000,0.000000,0.000000
1805,15,15,6485248.9039,4437.6877,3.164473,0.000000,0.000000,0.000000
1806,15,15,6485256.3344,4437.6877,3.164473,0.000908,2.404420,5.300995
1807,15,15,6485259.1963,4437.6877,3.164473,0.000000,0.000000,0.000000
1808,15,15,6485267.6048,4437.6877,3.164474,0.005948,2.804814,5.701407
1809,15,15,6485268.6902,4437.6877,3.164474,0.000000,0.000000,0.000000
1810,15,15,6485281.9989,4437.6877,3.164475,0.000000,-0.000000,0.000000
1811,15,15,6485287.2098,4437.6877,3.164475,0.009530,2.899020,5.795612
1812,15,15,6485292.8277,4437.6877,3.164476,0.003665,2.688990,5.585527
1813,15,15,6485303.6128,4437.6877,3.164476,0.000000,0.000000,0.000000
1814,15,15,6485314.0471,4437.6877,3.164477,0.000000,-0.000000,0.000000
1815,15,15,6485317.2679,4437.6877,3.164477,0.000599,2.313362,5.209918
1816,15,15,6485344.9594,4437.6877,3.164479,0.002727,2.661046,5.557603
1817,15,15,6485349.2676,4437.6877,3.164479,0.001485,2.447740,5.344302
1818,15,15,6485375.8410,4437.6877,3.164481,-0.000931,2.685352,5.581831
1819,15,15,6485386.5278,4437.6877,3.164482,0.000000,0.000000,0.000000
1820,15,15,6485403.3809,4437.6877,3.164483,0.000000,-0.000000,0.000000
1821,15,15,6485413.5905,4437.6877,3.164484,0.001500,2.453323,5.349878
1822,15,15,6485416.8256,4437.6877,3.164484,0.002718,2.591291,5.487848
1823,15,15,6485421.4103,4437.6877,3.164484,0.002717,2.564881,5.461441
1824,15,15,6485456.2392,4437.6877,3.164487,0.001290,2.093510,4.990546
1825,15,15,6485464.3508,4437.6877,3.164487,0.000000,0.000000,0.000000
1826,15,15,6485473.5625,4437.6877,3.164488,0.000000,-0.000000,-0.000000
1827,15,15,6485474.6913,4437.6877,3.164488,0.000000,-0.000000,-0.000000
1828,15,15,6485497.1406,4437.6877,3.164489,0.000000,0.000000,0.000000
1829,15,15,6485500.2694,4437.6877,3.164489,0.000000,0.000000,0.000000
1830,15,15,6485533.0173,4437.6877,3.164492,0.000000,0.000000,0.000000
1831,15,15,6485537.2309,4437.6877,3.164492,0.000000,-0.000000,-0.000000
1832,15,15,6485543.8155,4437.6877,3.164492,0.000000,-0.000000,-0.000000
1833,15,15,6485554.8897,4437.6877,3.164493,0.000161,1.966487,4.863094
1834,15,15,6485555.5311,4437.6877,3.164493,0.002310,2.534396,5.431040
1835,15,15,6485558.0504,4437.6877,3.164493,0.000000,0.000000,0.000000
1836,15,15,6485559.8639,4437.6877,3.164493,-0.000279,1.829154,4.725449
1837,15,15,6485560.4142,4437.6877,3.164494,0.000000,0.000000,0.000000
1838,15,15,6485565.1024,4437.6877,3.164494,0.000506,2.210144,5.106739
1839,15,15,6485573.1454,4437.6877,3.164494,0.006074,2.756101,5.652739
1840,15,15,6485573.8471,4437.6877,3.164494,0.002078,2.888484,5.785046
1841,15,15,6485573.8919,4437.6877,3.164494,0.015523,2.964114,5.860752
1842,15,15,6485588.3462,4437.6877,3.164495,0.027931,3.106235,6.002867
1843,15,15,6485595.8010,4437.6877,3.164496,0.022828,2.982841,5.879492
1844,15,15,6485599.6283,4437.6877,3.164496,0.000000,-0.000000,0.000000
1845,15,15,6485605.8664,4437.6877,3.164497,0.000111,1.898567,4.795164
1846,15,15,6485606.4288,4437.6877,3.164497,0.000000,-0.000000,0.000000
1847,15,15,6485610.6840,4437.6877,3.164497,0.000000,0.000000,0.000000
1848,15,15,6485623.8957,4437.6877,3.164498,0.000000,0.000000,0.000000
1849,15,15,6485626.6818,4437.6877,3.164498,0.000000,-0.000000,-0.000000
1850,15,15,6485627.6530,4437.6877,3.164498,0.000472,2.212134,5.108762
1851,15,15,6485627.8639,4437.6877,3.164498,0.000161,1.966900,4.863524
1852,15,15,6485631.4483,4437.6877,3.164498,0.000000,0.000000,0.000000
1853,15,15,6485632.1992,4437.6877,3.164498,0.000000,-0.000000,-0.000000
1854,15,15,6485632.2267,4437.6877,3.164498,0.000717,2.290532,5.187152
1855,15,15,6485634.2475,4437.6877,3.164498,0.004814,2.711389,5.608030
1856,15,15,6485635.8031,4437.6877,3.164499,0.000000,0.000000,0.000000
1857,15,15,6485636.2467,4437.6877,3.164499,0.008359,2.836900,5.733507
1858,15,15,6485639.2051,4437.6877,3.164499,0.008883,2.884297,5.780898
1859,15,15,6485642.3782,4437.6877,3.164499,0.003271,2.663475,5.560085
1860,15,15,6485643.3215,4437.6877,3.164499,0.021278,3.035245,5.931893
1861,15,15,6485648.5286,4437.6877,3.164499,0.007131,2.807253,5.703879
1862,15,15,6485655.3784,4437.6877,3.164500,0.006155,2.795638,5.692248
1863,15,15,6485655.6534,4437.6877,3.164500,0.024179,3.075612,5.972251
1864,15,15,6485657.7084,4437.6877,3.164500,0.008460,2.853303,5.749935
1865,15,15,6485658.4014,4437.6877,3.164500,0.000000,0.000000,0.000000
1866,15,15,6485660.3819,4437.6877,3.164500,0.002697,2.637094,5.533680
1867,15,15,6485661.4470,4437.6877,3.164500,0.012023,2.927880,5.824483
1868,15,15,6485667.4962,4437.6877,3.164501,0.000000,-0.000000,0.000000
1869,15,15,6485670.5347,4437.6877,3.164501,0.015646,2.997058,5.893690
1870,15,15,6485674.6239,4437.6877,3.164501,-0.000134,1.808988,4.705436
1871,15,15,6485675.2372,4437.6877,3.164501,0.006931,2.828373,5.724972
1872,15,15,6485676.5794,4437.6877,3.164501,0.000000,0.000000,0.000000
1873,15,15,6485679.7228,4437.6877,3.164502,0.000000,-0.000000,0.000000
1874,15,15,6485680.3948,4437.6877,3.164502,0.000000,0.000000,0.000000
1875,15,15,6485683.0009,4437.6877,3.164502,0.000000,0.000000,0.000000
1876,15,15,6485686.7498,4437.6877,3.164502,0.004088,2.689785,5.586405
1877,15,15,6485687.7914,4437.6877,3.164502,0.005146,2.748276,5.644905
1878,15,15,6485690.0290,4437.6877,3.164502,0.002066,2.630308,5.526890
1879,15,15,6485699.4186,4437.6877,3.164503,0.000061,1.818819,4.715369
1880,15,15,6485703.7514,4437.6877,3.164503,0.002829,2.663573,5.560186
1881,15,15,6485708.1246,4437.6877,3.164503,0.000072,1.834164,4.730729
1882,15,15,6485712.8605,4437.6877,3.164504,0.002256,2.576797,5.473420
1883,15,15,6485715.0290,4437.6877,3.164504,0.000000,0.000000,0.000000
1884,15,15,6485715.7222,4437.6877,3.164504,0.018042,3.059753,5.956366
1885,15,15,6485716.0265,4437.6877,3.164504,0.006966,2.839899,5.736518
1886,15,15,6485717.7207,4437.6877,3.164504,0.000025,1.861451,4.757993
1887,15,15,6485732.9682,4437.6877,3.164505,0.000143,1.981002,4.877580
1888,15,15,6485745.6238,4437.6877,3.164506,0.000000,-0.000000,0.000000
1889,15,15,6485748.3032,4437.6877,3.164506,0.000000,0.000000,0.000000
1890,15,15,6485760.1250,4437.6877,3.164507,0.000386,2.238444,5.135012
1891,15,15,6485766.5146,4437.6877,3.164507,0.000000,0.000000,0.000000
1892,15,15,6485790.0045,4437.6877,3.164509,0.000000,-0.000000,0.000000
1893,15,15,6485801.0744,4437.6877,3.164510,0.000000,-0.000000,-0.000000
1894,15,15,6485837.1793,4437.6877,3.164512,0.000000,0.000000,0.000000
1895,15,15,6485889.4380,4437.6877,3.164516,0.000000,-0.000000,0.000000
1896,15,15,6485921.9033,4437.6877,3.164518,0.001066,2.594130,5.490669
1897,15,15,6485945.1841,4437.6877,3.164519,0.000000,0.000000,0.000000
1898,15,15,6486016.2967,4437.6877,3.164524,0.000000,0.000000,0.000000
1899,15,15,6486058.7275,4437.6877,3.164527,0.000000,0.000000,-0.000000
1900,15,15,6486163.7753,4437.6877,3.164534,0.000000,0.000000,0.000000
1901,15,15,6486192.2910,4437.6877,3.164536,0.000090,2.505962,5.402527
1902,15,15,6486218.2098,4437.6877,3.164538,0.000000,0.000000,0.000000
1903,15,15,6486232.2634,4437.6877,3.164539,0.000000,0.000000,0.000000
1904,15,15,6486254.4272,4437.6877,3.164540,0.001388,2.486685,5.383264
1905,15,15,6486263.6077,4437.6877,3.164541,0.000000,-0.000000,0.000000
1906,15,15,6486278.9579,4437.6877,3.164542,0.000000,0.000000,0.000000
1907,15,15,6486294.0714,4437.6877,3.164543,0.000000,0.000000,0.000000
1908,15,15,6486363.0634,4437.6877,3.164547,0.001066,2.430336,5.326925
1909,15,15,6486435.4355,4437.6877,3.164552,0.007147,2.839303,5.735901
1910,15,15,6486447.3534,4437.6877,3.164553,0.000000,0.000000,0.000000
1911,15,15,6486678.8498,4437.6877,3.164568,0.000000,-0.000000,0.000000
1912,15,15,6486695.9317,4437.6877,3.164570,0.000000,0.000000,0.000000
1913,15,15,6486823.9174,4437.6877,3.164578,0.000000,-0.000000,0.000000
1914,15,15,6486850.3315,4437.6877,3.164580,0.000000,0.000000,0.000000
1915,15,15,6486953.3626,4437.6877,3.164587,0.000000,0.000000,0.000000
1916,15,15,6486970.8315,4437.6877,3.164588,0.000000,0.000000,0.000000
1917,15,15,6487131.1927,4437.6877,3.164599,0.000000,0.000000,0.000000
1918,15,15,6487131.2756,4437.6877,3.164599,0.000000,0.000000,0.000000
1919,15,15,6487305.3696,4437.6877,3.164610,0.000000,-0.000000,0.000000
1920,15,15,6487306.4004,4437.6877,3.164610,0.000000,0.000000,0.000000
1921,15,15,6487409.2275,4437.6877,3.164617,0.000000,0.000000,0.000000
1922,15,15,6487410.4579,4437.6877,3.164617,0.000000,-0.000000,0.000000
1923,15,15,6487696.4294,4437.6877,3.164637,0.000000,-0.000000,0.000000
1924,15,15,6487699.7258,4437.6877,3.164637,0.000000,-0.000000,0.000000
1925,15,15,6487704.8068,4437.6877,3.164637,0.000000,0.000000,0.000000
1926,15,15,6487711.1954,4437.6877,3.164638,0.000000,0.000000,0.000000
1927,15,15,6491171.5247,4437.6877,3.164869,0.000000,0.000000,0.000000
1928,15,15,6491171.5247,4437.6877,3.164869,0.000000,0.000000,0.000000
