mode_rank,matched_m,matched_n,w_h_FEM,w_h_exact,log10_Error_w_h,log10_Error_L2_w,log10_Error_L2_phi,log10_Error_L2_Q
1,1,1,19.5030,19.7390,-1.922380,-2.490833,-1.936076,0.461408
2,2,1,48.8545,49.3476,-2.000342,-0.150488,-0.150432,0.237968
3,2,1,48.9792,49.3476,-2.126988,-0.150490,-0.150446,0.242441
4,2,2,77.6982,78.9557,-1.797900,-1.530749,-1.403242,0.344473
5,1,3,98.1161,98.6942,-2.232306,-0.135736,-0.136039,0.259527
6,1,3,98.1397,98.6942,-2.250403,-0.150391,-0.150316,0.208501
7,2,3,125.7352,128.3018,-1.698866,-0.150291,-0.150010,0.212076
8,2,3,126.6654,128.3018,-1.894339,-0.150246,-0.150078,0.216175
9,1,4,167.0814,167.7781,-2.381682,-0.150273,-0.150195,0.198078
10,1,4,167.1714,167.7781,-2.441744,-0.150145,-0.150062,0.196909
11,3,3,173.4917,177.6471,-1.630947,-0.976181,-0.931843,0.299911
12,4,2,194.4057,197.3849,-1.821211,-0.149852,-0.149551,0.198647
13,4,2,194.5708,197.3849,-1.845969,-0.147539,-0.147020,0.189956
14,4,3,238.6600,246.7289,-1.485405,-0.149300,-0.148460,0.193897
15,4,3,242.1543,246.7289,-1.731869,-0.149642,-0.149370,0.204251
16,5,1,255.8752,256.5976,-2.550491,-0.150392,-0.150368,0.202723
17,5,1,255.9035,256.5976,-2.567870,-0.149782,-0.149679,0.191779
18,2,5,282.1323,286.2034,-1.846958,-0.149256,-0.148860,0.192038
19,2,5,282.5949,286.2034,-1.899345,-0.149179,-0.148798,0.192756
20,4,4,304.7598,315.8089,-1.456095,-0.576044,-0.554185,0.256116
21,5,3,326.4094,335.5458,-1.564980,-0.146309,-0.145230,0.178757
22,5,3,327.5844,335.5458,-1.624764,-0.142081,-0.141280,0.192366
23,6,1,364.3723,365.1508,-2.671233,-0.149286,-0.149193,0.189161
24,6,1,364.4762,365.1508,-2.733489,-0.148846,-0.148730,0.186248
25,2,6,384.4210,394.7554,-1.582044,0.026654,0.025198,0.030603
26,2,6,389.7549,394.7554,-1.897315,-0.144232,-0.144911,0.227469
27,2,6,390.0129,394.7554,-1.920318,-0.147035,-0.146461,0.181051
28,2,6,393.6189,394.7554,-2.540739,0.033753,0.033318,0.041302
29,6,3,431.9905,444.0958,-1.564503,-0.147076,-0.146956,0.201337
30,6,3,433.3389,444.0958,-1.615787,-0.137002,-0.135423,0.159549
31,3,6,466.6216,444.0958,-1.294797,0.045243,0.045566,0.062271
32,7,1,491.1020,493.4353,-2.325254,-0.007365,-0.009099,0.125216
33,7,1,492.2902,493.4353,-2.634382,-0.126347,-0.126537,0.177547
34,7,1,493.0912,493.4353,-3.156617,-0.108544,-0.109255,0.180591
35,5,5,496.3244,493.4353,-2.232464,-0.014437,-0.016148,0.124695
36,4,6,516.6597,513.1708,-2.167578,0.006927,0.006892,0.007528
37,4,6,517.1110,513.1708,-2.114748,0.005581,0.005560,0.006105
38,7,3,557.2464,572.3766,-1.577838,-0.146245,-0.145678,0.189415
39,7,3,557.8247,572.3766,-1.594763,0.030607,0.028268,0.034160
40,7,3,557.8694,572.3766,-1.596098,-0.142319,-0.141105,0.175490
41,3,7,577.4058,572.3766,-2.056182,0.018253,0.017898,0.022248
42,5,6,613.4126,601.9790,-1.721399,0.006046,0.005287,0.042970
43,5,6,617.2855,601.9790,-1.594704,0.022797,0.021536,0.110324
44,8,1,640.5189,641.4484,-2.838910,-0.144315,-0.144119,0.171883
45,8,1,640.6904,641.4484,-2.927519,-0.134614,-0.134305,0.151680
46,4,7,652.2491,641.4484,-1.773708,0.038457,0.036464,0.047840
47,8,2,662.9587,671.0500,-1.918736,-0.141445,-0.140859,0.170055
48,8,2,663.2554,671.0500,-1.934961,-0.136846,-0.136165,0.162267
49,2,8,684.3809,671.0500,-1.701896,0.000000,0.000000,-0.000000
50,6,6,697.5028,710.5184,-1.737113,-0.065739,-0.068165,0.142394
51,6,6,700.6174,710.5184,-1.855900,0.003774,0.003633,0.003936
52,6,6,701.9845,710.5184,-1.920429,0.000497,0.000480,0.000523
53,7,5,751.9295,730.2523,-1.527469,0.048847,0.046068,0.062620
54,7,5,754.4694,730.2523,-1.479351,0.015200,0.014251,0.062758
55,7,5,756.6153,730.2523,-1.442478,0.003641,0.002630,0.064128
56,8,4,785.5812,789.4533,-2.309377,0.016638,0.015602,0.019318
57,1,9,807.4708,809.1867,-2.673547,-0.145786,-0.145689,0.176831
58,1,9,807.6167,809.1867,-2.712152,-0.142065,-0.141860,0.166864
59,9,1,819.7314,809.1867,-1.885017,0.000587,0.000565,0.000697
60,2,9,825.6820,838.7865,-1.806230,-0.088895,-0.090015,0.160565
61,2,9,830.0197,838.7865,-1.980810,-0.111682,-0.111683,0.147562
62,2,9,836.0238,838.7865,-2.482318,-0.023024,-0.022991,0.031228
63,6,7,852.8434,838.7865,-1.775764,0.046982,0.043113,0.058402
64,5,8,862.9061,878.2525,-1.757613,0.001808,0.001724,0.001848
65,5,8,864.4541,878.2525,-1.803793,-0.000000,-0.000000,0.000000
66,9,3,897.1921,888.1188,-1.990706,0.009091,0.007361,0.038287
67,9,3,911.4796,888.1188,-1.579985,0.006024,0.005913,0.007218
68,9,3,915.0491,888.1188,-1.518230,0.026987,0.026746,0.032388
69,9,4,924.3922,957.1826,-1.465248,0.008566,0.007834,0.008997
70,4,9,957.3683,957.1826,-3.712070,0.014530,0.013672,0.000722
71,7,7,975.2508,967.0487,-2.071523,0.004766,0.004524,0.005581
72,6,8,981.8780,986.7808,-2.303784,-0.019794,-0.020570,0.043694
73,1,10,992.8300,996.6468,-2.416842,-0.138740,-0.138549,0.160165
74,1,10,992.9835,996.6468,-2.434674,-0.138520,-0.138332,0.160060
75,10,1,1006.2145,996.6468,-2.017730,0.000132,0.000074,0.001214
76,10,2,1012.4797,1026.2445,-1.872480,-0.104689,-0.103506,0.111176
77,10,2,1013.8871,1026.2445,-1.919324,-0.112799,-0.111783,0.126177
78,5,9,1037.6053,1045.9762,-2.096749,0.021391,0.020004,0.023276
79,5,9,1042.2804,1045.9762,-2.451810,0.002980,0.002860,0.003184
80,9,5,1052.5916,1045.9762,-2.198961,0.046588,0.044292,0.053094
81,9,5,1059.4423,1045.9762,-1.890278,0.016407,0.015375,0.002151
82,10,3,1077.1713,1075.5734,-2.828086,-0.007789,-0.008326,0.031553
83,10,3,1086.0004,1075.5734,-2.013483,0.049757,0.047713,0.056160
84,10,3,1089.5349,1075.5734,-1.886709,0.005383,0.005179,0.006206
85,7,8,1118.9301,1115.0359,-2.456866,0.026432,0.023470,0.032274
86,10,4,1139.7851,1144.6323,-2.373168,0.010789,0.009823,0.012383
87,9,6,1150.6499,1154.4978,-2.477178,-0.004718,-0.007723,0.087458
88,6,9,1160.4369,1154.4978,-2.288673,0.030430,0.027576,0.036714
89,6,9,1164.3410,1154.4978,-2.069254,0.000646,-0.000022,0.008242
90,1,11,1194.9239,1203.8243,-2.131154,-0.130297,-0.130431,0.151339
91,1,11,1195.0787,1203.8243,-2.138772,-0.131292,-0.131228,0.149960
92,11,1,1208.9762,1203.8243,-2.368598,0.023601,0.019693,0.069248
93,11,1,1212.3702,1203.8243,-2.148805,0.042008,0.041281,0.044603
94,11,1,1213.5976,1203.8243,-2.090525,0.011187,0.011006,0.011958
95,2,11,1222.7251,1233.4198,-2.061942,-0.000000,-0.000000,0.000000
96,2,11,1226.1398,1233.4198,-2.228979,-0.000000,-0.000000,0.000000
97,11,2,1242.4737,1233.4198,-2.134274,0.000000,0.000000,0.000000
98,8,8,1250.5454,1263.0150,-2.005557,0.000000,0.000000,-0.000000
99,8,8,1261.3218,1263.0150,-2.872705,0.024583,0.020349,0.031780
100,8,8,1262.9372,1263.0150,-4.210160,0.004151,0.003667,0.004978
101,7,9,1276.5521,1282.7449,-2.316249,0.000440,0.000408,0.000488
102,9,7,1288.8336,1282.7449,-2.323619,0.001171,0.001077,0.001377
103,6,10,1316.6144,1341.9339,-1.724277,0.024624,0.016831,0.087035
104,6,10,1328.4615,1341.9339,-1.998285,0.003851,0.003432,0.004474
105,6,10,1328.6193,1341.9339,-2.003403,0.000000,0.000000,0.000000
106,6,10,1339.3165,1341.9339,-2.709857,-0.000000,-0.000000,0.000000
107,6,10,1345.3107,1341.9339,-2.599220,0.000000,-0.000000,0.000000
108,11,4,1382.4443,1351.7986,-1.644542,0.017899,0.016016,0.024409
109,11,4,1382.8953,1351.7986,-1.638198,0.032916,0.027980,0.044784
110,12,1,1395.5736,1430.7149,-1.609736,-0.006760,-0.007714,0.025980
111,12,1,1412.8664,1430.7149,-1.903951,-0.123671,-0.123609,0.138117
112,12,1,1413.7592,1430.7149,-1.926236,-0.105342,-0.105524,0.118915
113,12,1,1421.0673,1430.7149,-2.171133,0.000000,-0.000000,-0.000000
114,12,1,1424.4600,1430.7149,-2.359330,0.007694,0.007161,0.008411
115,12,1,1427.2049,1430.7149,-2.610246,0.007487,0.007049,0.008182
116,9,8,1431.7890,1430.7149,-3.124500,0.017325,0.014882,0.014295
117,11,5,1437.0894,1440.5793,-2.615723,0.000000,0.000000,-0.000000
118,5,11,1441.7782,1440.5793,-3.079735,-0.000000,0.000000,0.000000
119,12,2,1450.4990,1460.3079,-2.172822,-0.000000,-0.000000,0.000000
120,12,2,1456.7033,1460.3079,-2.607583,0.000000,0.000000,0.000000
121,12,2,1457.8139,1460.3079,-2.767544,0.003998,0.003817,0.004311
122,10,7,1468.6670,1470.1722,-2.989781,0.006575,0.004678,0.010888
123,10,7,1469.5012,1470.1722,-3.340614,-0.006215,-0.008311,0.023796
124,7,10,1486.5374,1470.1722,-1.953448,0.013959,0.013032,0.016400
125,12,3,1506.0884,1509.6289,-2.629808,0.012987,0.009977,0.027490
126,12,3,1509.2048,1509.6289,-3.551419,0.001020,0.000763,0.001463
127,3,12,1509.7089,1509.6289,-4.275747,0.027124,0.023912,0.033422
128,3,12,1518.6160,1509.6289,-2.225255,0.005469,0.004024,0.007799
129,3,12,1527.5376,1509.6289,-1.925808,0.012657,0.009966,0.021720
130,6,11,1532.6902,1549.0851,-1.975367,0.011656,0.008456,0.017183
131,11,6,1554.1357,1549.0851,-2.486733,0.011568,0.009064,0.016321
132,11,6,1555.4952,1549.0851,-2.383211,0.002073,-0.011519,0.125764
133,11,6,1562.9925,1549.0851,-2.046829,-0.000000,-0.000000,0.000000
134,4,12,1578.7966,1578.6768,-4.119751,0.008775,0.004216,0.028976
135,9,9,1589.3040,1598.4045,-2.244625,0.000149,0.000110,0.000218
136,9,9,1606.0753,1598.4045,-2.318845,0.002287,0.001648,0.003576
137,9,9,1606.2846,1598.4045,-2.307151,0.007445,0.005045,0.012401
138,8,10,1608.4962,1618.1320,-2.225130,0.002079,0.001857,-0.001241
139,8,10,1614.3766,1618.1320,-2.634363,0.002216,-0.002496,0.041723
140,10,8,1627.6583,1618.1320,-2.230086,0.001812,0.001357,0.002799
141,10,8,1630.9839,1618.1320,-2.100045,0.005757,0.001165,0.025443
142,10,8,1639.1227,1618.1320,-1.886986,0.000000,0.000000,0.000000
143,10,8,1639.3322,1618.1320,-1.882673,0.000000,0.000000,-0.000000
144,10,8,1642.1823,1618.1320,-1.827893,0.002649,0.001782,0.004825
145,12,5,1649.7904,1667.4501,-1.975069,0.029737,0.024781,0.044576
146,12,5,1653.6643,1667.4501,-2.082623,0.000918,0.000378,0.008856
147,12,5,1664.0630,1667.4501,-2.692230,0.000253,0.000233,-0.000145
148,1,13,1672.7342,1677.3136,-2.563811,0.027942,0.025860,0.024797
149,1,13,1674.5477,1677.3136,-2.782787,0.030151,0.028341,0.023496
150,13,1,1683.0837,1677.3136,-2.463434,0.002560,0.001846,0.004141
151,13,1,1686.6112,1677.3136,-2.256243,0.004556,0.003364,0.006577
152,13,1,1686.8121,1677.3136,-2.246959,0.003949,0.002814,0.006209
153,2,13,1698.8790,1706.9039,-2.327767,0.019774,0.016977,0.030718
154,2,13,1700.0612,1706.9039,-2.396983,0.007842,0.005423,0.012271
155,13,2,1709.5649,1706.9039,-2.807166,0.002848,0.001811,0.005290
156,13,2,1717.0976,1706.9039,-2.223879,-0.001211,-0.001506,0.007928
157,13,2,1719.0392,1706.9039,-2.148160,0.001393,0.000962,0.002453
158,13,3,1740.5277,1756.2204,-2.048880,0.021713,0.015798,0.036694
159,13,3,1748.7169,1756.2204,-2.369311,0.012379,0.008930,0.018559
160,13,3,1754.6694,1756.2204,-3.053968,0.011384,0.010204,0.003251
161,6,12,1769.3180,1775.9468,-2.427996,0.017226,0.012865,0.025163
162,12,6,1776.0599,1775.9468,-4.195963,0.000000,0.000000,0.000000
163,9,10,1781.7354,1785.8099,-2.641761,0.000686,0.000475,0.001389
164,10,9,1799.4951,1785.8099,-2.115583,-0.000141,-0.000400,0.003406
165,10,9,1803.5373,1785.8099,-2.003190,0.003425,0.002621,0.005158
166,13,4,1808.3634,1825.2620,-2.033473,0.010135,0.006654,0.016368
167,13,4,1814.1155,1825.2620,-2.214187,0.021726,0.015275,0.031786
168,13,4,1817.4036,1825.2620,-2.365992,0.004414,0.003073,0.006704
169,7,12,1867.7666,1904.1646,-1.718627,0.004493,0.002860,0.013514
170,7,12,1869.2257,1904.1646,-1.736396,0.006377,0.004401,0.009908
171,7,12,1873.2635,1904.1646,-1.789731,-0.000556,-0.000689,0.005402
172,7,12,1875.1053,1904.1646,-1.816420,0.000562,0.000515,0.002010
173,7,12,1877.0448,1904.1646,-1.846418,0.000067,0.000049,0.000096
174,7,12,1877.7403,1904.1646,-1.857702,-0.000516,-0.000523,0.002042
175,7,12,1882.5743,1904.1646,-1.945447,0.017014,0.010681,0.037535
176,7,12,1884.1538,1904.1646,-1.978442,0.001643,0.001511,0.001762
177,7,12,1887.8054,1904.1646,-2.065943,0.007056,0.006328,0.008038
178,12,7,1905.6815,1904.1646,-3.098738,0.005409,0.004173,0.010585
179,12,7,1906.4822,1904.1646,-2.914660,0.000451,0.000303,0.000782
180,12,7,1907.3273,1904.1646,-2.779646,0.006396,0.006125,0.003321
181,5,13,1910.8631,1914.0272,-2.781699,0.026303,0.020279,0.037900
182,13,5,1918.8794,1914.0272,-2.596015,-0.003790,-0.003754,0.004294
183,1,14,1933.7473,1943.6150,-2.294395,0.000590,0.000523,0.000697
184,14,1,1954.7383,1943.6150,-2.242376,0.014659,0.010490,0.023378
185,14,1,1955.4900,1943.6150,-2.213976,0.005333,0.004136,0.007790
186,14,1,1956.0673,1943.6150,-2.193361,0.034227,0.027994,0.054233
187,10,10,1965.0226,1973.2024,-2.382432,0.008020,0.006617,0.010421
188,2,14,1981.9474,1973.2024,-2.353410,0.016319,0.010791,0.035384
189,9,11,1989.7832,1992.9272,-2.802009,0.000000,0.000000,0.000000
190,9,11,1997.9098,1992.9272,-2.602028,-0.000000,-0.000000,-0.000000
191,6,13,2024.1418,2022.5141,-3.094305,0.019740,0.015568,0.027716
192,6,13,2024.5524,2022.5141,-2.996608,0.017358,0.014825,0.022191
193,6,13,2027.3186,2022.5141,-2.624242,0.049473,0.040347,0.037985
194,6,13,2030.1037,2022.5141,-2.425670,-0.001483,-0.002078,0.011431
195,8,12,2039.4196,2052.1006,-2.209046,0.001764,0.001132,0.003027
196,12,8,2052.5514,2052.1006,-3.658199,0.001123,0.000787,0.001811
197,12,8,2070.7568,2052.1006,-2.041376,-0.000000,-0.000000,0.000000
198,12,8,2071.3075,2052.1006,-2.028741,0.000000,0.000000,0.000000
199,14,4,2083.7017,2091.5489,-2.425757,-0.000000,-0.000000,0.000000
200,14,4,2084.6627,2091.5489,-2.482489,0.002866,0.002529,0.003305
201,4,14,2094.0609,2091.5489,-2.920445,-0.000000,-0.000000,0.000000
202,4,14,2098.0468,2091.5489,-2.507690,0.021068,0.020160,-0.008835
203,4,14,2112.0340,2091.5489,-2.009028,-0.004308,-0.004595,0.007743
204,4,14,2112.6058,2091.5489,-1.997073,0.014018,0.010838,0.020917
205,4,14,2116.2265,2091.5489,-1.928164,-0.003347,-0.006929,0.028858
206,4,14,2120.2780,2091.5489,-1.862146,0.010272,0.008323,0.014856
207,13,7,2130.3735,2150.7202,-2.024091,0.022480,0.017449,0.027195
208,13,7,2131.2802,2150.7202,-2.043889,0.016457,0.014013,0.019791
209,13,7,2132.3857,2150.7202,-2.069316,0.001431,0.000774,0.004832
210,13,7,2141.3341,2150.7202,-2.360102,0.015336,0.013671,0.017832
211,5,14,2186.7956,2180.3053,-2.526253,0.006033,0.004125,0.010025
212,5,14,2188.1230,2180.3053,-2.445442,0.016955,0.012631,0.025659
213,5,14,2189.4554,2180.3053,-2.377093,0.008125,0.006058,0.012370
214,5,14,2192.1595,2180.3053,-2.264646,0.000000,0.000000,0.000000
215,9,12,2200.9623,2219.7517,-2.072392,0.001434,0.000987,0.002678
216,9,12,2214.2557,2219.7517,-2.606256,-0.000803,-0.000936,0.001779
217,15,2,2246.2955,2259.1975,-2.243295,0.001258,0.000963,0.001803
218,15,2,2252.0595,2259.1975,-2.500374,0.001518,0.000384,0.008399
219,2,15,2273.3232,2259.1975,-2.203947,0.009135,0.007573,0.008321
220,14,6,2280.4550,2288.7815,-2.439140,0.001036,0.000665,0.001777
221,14,6,2286.3865,2288.7815,-2.980299,0.000482,0.000362,0.000708
222,6,14,2289.1031,2288.7815,-3.852282,0.001119,0.000636,0.004452
223,15,3,2308.0762,2308.5040,-3.732037,0.013776,0.010547,0.024733
224,15,4,2343.0179,2377.5315,-1.838135,-0.003495,-0.006557,0.035046
225,15,4,2351.8619,2377.5315,-1.966707,0.007038,0.006293,0.009539
226,15,4,2352.1476,2377.5315,-1.971567,0.002127,0.001899,0.004438
227,15,4,2357.1959,2377.5315,-2.067868,0.026412,0.023772,0.028926
228,15,4,2359.1078,2377.5315,-2.110748,0.003567,0.003199,0.003934
229,15,4,2360.2272,2377.5315,-2.137971,-0.000337,-0.001683,0.013344
230,15,4,2370.7448,2377.5315,-2.544464,-0.022489,-0.022669,0.033954
231,15,4,2371.7395,2377.5315,-2.613296,-0.017282,-0.017250,0.023001
232,4,15,2378.3541,2377.5315,-3.460966,0.006444,0.005342,0.008312
233,11,11,2391.3459,2387.3925,-2.780952,0.014951,0.010492,0.056452
234,11,11,2395.4439,2387.3925,-2.472053,-0.000000,-0.000000,-0.000000
235,11,11,2395.5639,2387.3925,-2.465625,0.016978,0.013477,0.023734
236,10,12,2403.4482,2407.1142,-2.817298,-0.008351,-0.008501,0.011369
237,14,7,2412.6982,2416.9751,-2.752147,0.004093,0.002257,0.009881
238,14,7,2414.7238,2416.9751,-3.030838,0.000073,0.000060,0.000095
239,14,7,2415.4256,2416.9751,-3.193098,0.000299,0.000242,0.000395
240,7,14,2421.4845,2416.9751,-2.729152,0.014056,0.011414,0.018133
241,7,14,2422.5706,2416.9751,-2.635432,0.012345,0.012282,0.000019
242,7,14,2428.1448,2416.9751,-2.335229,0.004123,0.003432,0.005232
243,7,14,2432.1459,2416.9751,-2.202261,0.001900,0.001806,-0.000307
244,5,15,2444.2100,2466.2787,-2.048267,0.017183,0.014485,0.020345
245,5,15,2450.8823,2466.2787,-2.204623,0.017421,0.014234,0.008660
246,5,15,2461.5871,2466.2787,-2.720723,0.000872,0.000763,0.001045
247,9,13,2480.9307,2466.2787,-2.226145,0.009020,0.007546,0.008781
248,9,13,2488.1412,2466.2787,-2.052341,0.006947,0.005783,0.009082
249,9,13,2488.5515,2466.2787,-2.044266,0.019377,0.016110,0.025331
250,9,13,2491.3310,2466.2787,-1.993193,0.004369,0.002682,0.018360
251,9,13,2504.6769,2466.2787,-1.807730,0.016428,0.013686,0.028753
252,9,13,2504.8350,2466.2787,-1.805946,-0.002137,-0.002408,0.006131
253,9,13,2510.3687,2466.2787,-1.747702,0.006105,0.004858,0.008895
254,14,8,2533.0384,2564.8831,-1.906030,0.005674,0.003704,0.011545
255,14,8,2544.8313,2564.8831,-2.106913,0.000000,-0.000000,-0.000000
256,14,8,2555.3994,2564.8831,-2.432086,-0.004265,-0.006418,0.021488
257,8,14,2565.8673,2564.8831,-3.415984,0.013315,0.011096,0.016847
258,15,6,2570.1274,2574.7434,-2.746473,-0.001323,-0.001633,0.001803
259,6,15,2584.6530,2574.7434,-2.414677,0.001850,0.001458,0.002566
260,6,15,2584.7513,2574.7434,-2.410391,0.004827,0.003964,0.006349
261,6,15,2593.0358,2574.7434,-2.148463,-0.000905,-0.001801,0.016212
262,12,11,2604.5754,2614.1840,-2.434675,0.003530,0.002810,0.002275
263,12,11,2613.7622,2614.1840,-3.792172,-0.000000,0.000000,0.000000
264,10,13,2655.9306,2653.6241,-3.060899,0.000010,-0.000079,0.000394
265,10,13,2659.6823,2653.6241,-2.641497,-0.000000,0.000000,0.000000
266,10,13,2672.6380,2653.6241,-2.144769,0.005683,0.004511,0.007849
267,10,13,2672.9561,2653.6241,-2.137563,-0.000000,-0.000000,0.000000
268,15,7,2693.1211,2702.9234,-2.440506,0.015199,0.012667,0.019064
269,7,15,2703.9826,2702.9234,-3.406863,0.005068,0.004755,0.008496
270,14,9,2725.4223,2732.5026,-2.586512,-0.000753,-0.000832,0.002968
271,14,9,2726.6854,2732.5026,-2.671852,0.000034,0.000027,0.000046
272,9,14,2759.8850,2732.5026,-1.999088,0.011392,0.009117,0.016059
273,9,14,2775.6730,2732.5026,-1.801374,-0.007104,-0.007389,0.011948
274,9,14,2780.9504,2732.5026,-1.751286,-0.003447,-0.005673,0.019770
275,12,12,2786.8043,2840.9567,-1.719847,0.013679,0.011097,0.016632
276,12,12,2804.2103,2840.9567,-1.888251,-0.000961,-0.003004,0.036378
277,12,12,2811.1984,2840.9567,-1.979857,0.004500,0.003447,0.006035
278,12,12,2844.4293,2840.9567,-2.912807,0.000106,0.000083,0.000146
279,14,10,2900.9048,2919.8296,-2.188325,0.000000,0.000000,0.000000
280,14,10,2903.6561,2919.8296,-2.256553,0.001356,0.001092,0.001770
281,14,10,2918.7282,2919.8296,-3.423408,0.000355,0.000393,-0.000178
282,10,14,2929.3748,2919.8296,-2.485574,0.000523,0.000483,0.000578
283,10,14,2929.5311,2919.8296,-2.478518,0.001394,0.001288,0.001544
284,10,14,2929.6470,2919.8296,-2.473363,0.001095,0.000985,0.001601
285,10,14,2930.7590,2919.8296,-2.426762,0.000179,0.000145,0.000141
286,10,14,2935.7874,2919.8296,-2.262384,-0.000226,-0.000308,0.002012
287,10,14,2936.6965,2919.8296,-2.238322,0.002578,0.002266,0.003117
288,10,14,2937.6111,2919.8296,-2.215390,0.001646,0.001646,-0.001286
289,10,14,2938.2416,2919.8296,-2.200258,0.000491,0.000444,0.000569
290,10,14,2939.3992,2919.8296,-2.173776,0.002199,0.001892,0.002749
291,10,14,2940.4848,2919.8296,-2.150328,0.017300,0.015184,0.021314
292,10,14,2944.9606,2919.8296,-2.065149,-0.013336,-0.015527,0.039379
293,10,14,2952.3765,2919.8296,-1.952849,0.000480,0.000440,0.000558
294,10,14,2952.7769,2919.8296,-1.947539,0.004045,0.003439,0.010406
295,10,14,2954.1217,2919.8296,-1.930164,0.001246,0.001151,0.001437
296,10,14,2956.3263,2919.8296,-1.903104,-0.001187,-0.001282,0.002500
297,10,14,2958.5691,2919.8296,-1.877204,0.000778,0.000778,0.000645
298,9,15,2969.8463,3018.4176,-1.793399,0.000115,0.000101,0.000125
299,9,15,2974.9028,3018.4176,-1.841142,0.006241,0.005591,0.006652
300,9,15,2978.7069,3018.4176,-1.880872,0.002164,0.001932,0.003725
301,9,15,2989.9736,3018.4176,-2.025787,0.008469,0.007087,0.004838
302,9,15,3000.3491,3018.4176,-2.222858,0.002354,0.002084,0.001405
303,9,15,3001.2074,3018.4176,-2.243992,0.000145,0.000126,0.000169
304,9,15,3007.4101,3018.4176,-2.438091,0.005159,0.004637,0.005814
305,9,15,3011.6789,3018.4176,-2.651199,0.005180,0.004588,0.005741
306,9,15,3018.3435,3018.4176,-4.609610,0.007367,0.006345,0.008887
307,15,9,3037.9923,3018.4176,-2.188086,0.000241,0.000218,0.000278
308,15,9,3046.5206,3018.4176,-2.031027,0.002025,0.001057,0.010767
309,15,9,3047.2570,3018.4176,-2.019794,0.016688,0.015837,0.004447
310,13,12,3062.7152,3087.4271,-2.096690,0.003876,0.003621,-0.001718
311,13,12,3070.3690,3087.4271,-2.257667,0.008632,0.007506,0.010135
312,13,12,3081.0845,3087.4271,-2.687331,0.001636,0.001341,0.002101
313,12,13,3089.6146,3087.4271,-3.149659,0.004210,0.003928,-0.002848
314,12,13,3089.8736,3087.4271,-3.101050,-0.002371,-0.002536,0.004119
315,12,13,3093.6123,3087.4271,-2.698245,0.000681,0.000600,0.000801
316,12,13,3097.2963,3087.4271,-2.495317,0.003922,0.003277,0.004965
317,12,13,3101.2178,3087.4271,-2.350012,0.010433,0.009410,0.004557
318,14,11,3122.5651,3126.8603,-2.862127,0.000000,-0.000000,0.000000
319,14,11,3124.4383,3126.8603,-3.110942,0.003528,0.003512,-0.000787
320,11,14,3149.8634,3126.8603,-2.133323,0.004169,0.003497,0.005366
321,11,14,3164.8668,3126.8603,-1.915251,0.016875,0.015263,0.022272
322,11,14,3165.8350,3126.8603,-1.904326,0.000000,0.000000,-0.000000
323,10,15,3187.2433,3205.7250,-2.239186,0.001446,0.001234,0.001725
324,10,15,3189.1691,3205.7250,-2.286974,0.001506,0.001222,0.001905
325,15,10,3210.6811,3205.7250,-2.810782,-0.013096,-0.013170,0.019896
326,15,10,3216.1434,3205.7250,-2.488125,-0.000441,-0.000443,0.000469
327,15,10,3229.1780,3205.7250,-2.135727,0.001946,0.001781,0.002260
328,15,10,3230.1462,3205.7250,-2.118158,0.000791,0.000696,0.000955
329,13,13,3272.6220,3333.8752,-1.735821,-0.019254,-0.020305,0.040737
330,13,13,3273.4037,3333.8752,-1.741399,0.000092,0.000076,0.000110
331,13,13,3301.6443,3333.8752,-2.014677,0.006958,0.005812,0.008390
332,13,13,3316.4197,3333.8752,-2.281019,0.000532,0.000441,0.000655
333,13,13,3332.3189,3333.8752,-3.330877,0.022510,0.020836,-0.002913
334,13,13,3333.0473,3333.8752,-3.604970,0.003965,0.003124,0.005256
335,13,13,3336.7764,3333.8752,-3.060361,0.000196,0.000167,0.000240
336,12,14,3357.4525,3353.5900,-2.938644,0.008612,0.006861,0.011404
337,12,14,3358.5492,3353.5900,-2.830101,0.008819,0.008273,0.009728
338,11,15,3402.7998,3412.7338,-2.535979,0.000000,0.000000,-0.000000
339,15,11,3418.9645,3412.7338,-2.738566,0.008409,0.005672,0.016739
340,15,11,3461.7285,3412.7338,-1.842954,-0.000000,-0.000000,0.000000
341,15,11,3473.4362,3412.7338,-1.749897,0.013850,0.011339,0.018779
342,15,11,3476.1002,3412.7338,-1.731244,0.000000,0.000000,-0.000000
343,15,11,3485.2448,3412.7338,-1.672699,0.000499,0.000465,0.001246
344,15,11,3495.8615,3412.7338,-1.613357,0.010993,0.008948,0.015301
345,15,11,3499.2928,3412.7338,-1.595790,0.015003,0.015031,0.002812
346,14,13,3523.0883,3600.0139,-1.670233,-0.004073,-0.004077,0.008933
347,14,13,3543.8747,3600.0139,-1.807038,0.006054,0.004913,0.007269
348,14,13,3560.4994,3600.0139,-1.959548,0.000503,0.000401,0.000629
349,15,12,3630.7389,3639.4397,-2.621478,-0.004767,-0.005277,0.010408
350,12,15,3651.5029,3639.4397,-2.479572,0.000000,-0.000000,-0.000000
351,12,15,3659.9710,3639.4397,-2.248617,-0.000887,-0.000799,0.001099
352,12,15,3667.0191,3639.4397,-2.120449,0.007108,0.006086,0.008758
353,12,15,3678.2089,3639.4397,-1.972547,-0.002252,-0.002424,0.003974
354,14,14,3756.7536,3866.1266,-1.548366,0.014351,0.013781,-0.007936
355,14,14,3760.3167,3866.1266,-1.562750,0.000054,0.000043,0.000061
356,14,14,3825.6218,3866.1266,-1.979770,0.000957,0.000814,0.001103
357,14,14,3827.3921,3866.1266,-1.999179,0.003508,0.002980,0.004061
358,14,14,3862.6009,3866.1266,-3.040041,-0.000043,-0.000192,0.000304
359,14,14,3870.0469,3866.1266,-2.993951,0.009762,0.009010,0.010815
360,14,14,3874.0529,3866.1266,-2.688205,0.000420,0.000414,0.000431
361,14,14,3874.5597,3866.1266,-2.661285,0.000403,0.000477,0.000360
362,14,14,3874.6806,3866.1266,-2.655107,0.005742,0.005663,0.005907
363,15,13,3877.2004,3885.8376,-2.653112,0.001027,0.000994,0.001064
364,15,13,3883.9734,3885.8376,-3.319009,0.000130,0.000129,0.000131
365,13,15,3886.5191,3885.8376,-3.755986,0.000152,0.000159,0.000083
366,13,15,3887.6245,3885.8376,-3.337374,0.000440,0.000419,0.000520
367,13,15,3888.6414,3885.8376,-3.141736,0.001522,0.001472,0.001597
368,13,15,3891.2311,3885.8376,-2.857612,0.000670,0.000663,0.000683
369,13,15,3891.3618,3885.8376,-2.847214,0.000096,0.000097,0.000215
370,13,15,3891.4857,3885.8376,-2.837584,0.000848,0.000839,0.000666
371,13,15,3891.7677,3885.8376,-2.816424,0.000104,0.000102,0.000107
372,13,15,3895.5732,3885.8376,-2.601121,0.000697,0.000705,0.000698
373,13,15,3896.2300,3885.8376,-2.572770,0.004092,0.004041,0.006426
374,13,15,3896.7578,3885.8376,-2.551255,0.000018,0.000018,0.000018
375,13,15,3899.0101,3885.8376,-2.469815,-0.000005,-0.000007,0.000154
376,13,15,3899.4651,3885.8376,-2.455067,0.007907,0.007991,0.007965
377,13,15,3899.5946,3885.8376,-2.450961,0.000417,0.000421,0.000419
378,13,15,3901.2765,3885.8376,-2.400868,0.000099,0.000101,0.000075
379,13,15,3902.2211,3885.8376,-2.375077,0.000041,0.000046,0.000145
380,13,15,3903.8154,3885.8376,-2.334748,0.002943,0.003013,0.004295
381,13,15,3903.8678,3885.8376,-2.333483,0.000206,0.000204,0.000046
382,13,15,3907.4532,3885.8376,-2.254716,0.003700,0.003790,0.003709
383,13,15,3907.7742,3885.8376,-2.248315,0.000092,0.000094,0.000092
384,13,15,3907.8274,3885.8376,-2.247263,0.000342,0.000356,0.000279
385,13,15,3908.3307,3885.8376,-2.237434,0.000315,0.000337,0.000476
386,13,15,3911.5697,3885.8376,-2.179008,0.009248,0.009553,0.009222
387,13,15,3911.7338,3885.8376,-2.176248,0.000231,0.000239,0.000231
388,13,15,3913.3593,3885.8376,-2.149810,0.001008,0.001052,0.001124
389,13,15,3913.4388,3885.8376,-2.148557,0.005890,0.006099,0.005352
390,13,15,3915.3418,3885.8376,-2.119600,0.006909,0.007166,0.006936
391,13,15,3915.3911,3885.8376,-2.118875,0.001226,0.001283,0.001298
392,13,15,3915.6835,3885.8376,-2.114600,0.014442,0.014806,0.014577
393,13,15,3915.7068,3885.8376,-2.114260,0.000366,0.000377,0.000368
394,13,15,3917.7927,3885.8376,-2.084943,0.000150,0.000149,0.000157
395,13,15,3918.3276,3885.8376,-2.077735,0.000613,0.000607,0.000645
396,13,15,3930.7173,3885.8376,-1.937435,0.000199,0.000194,0.000216
397,13,15,3944.4353,3885.8376,-1.821604,0.001642,0.001602,0.000379
398,13,15,3944.7987,3885.8376,-1.818919,0.000634,0.000626,0.000688
399,13,15,3946.6073,3885.8376,-1.805797,0.003232,0.002505,0.004502
400,13,15,3946.9958,3885.8376,-1.803030,0.006839,0.006728,0.007519
401,13,15,3976.1311,3885.8376,-1.633828,0.010093,0.009620,0.013572
402,13,15,3976.1326,3885.8376,-1.633821,0.003447,0.003190,-0.000568
403,13,15,3978.6542,3885.8376,-1.621859,0.000243,0.000217,0.000304
404,13,15,3993.7724,3885.8376,-1.556323,0.001508,0.001455,0.001769
405,13,15,3999.4166,3885.8376,-1.534187,0.001867,0.001829,0.002153
406,13,15,4005.5544,3885.8376,-1.511330,0.000340,0.000392,0.001035
407,15,14,4022.6523,4151.9222,-1.506752,0.003031,0.002481,0.003351
408,15,14,4039.8480,4151.9222,-1.568744,0.000056,0.000046,0.000380
409,15,14,4066.8859,4151.9222,-1.688645,0.004165,0.003738,0.004349
410,15,14,4072.0454,4151.9222,-1.715829,0.009234,0.008404,0.009517
411,15,14,4075.6618,4151.9222,-1.735950,-0.000017,0.000047,0.000731
412,15,14,4081.8444,4151.9222,-1.772669,0.007474,0.007101,0.001661
413,15,14,4085.2052,4151.9222,-1.794013,0.000504,0.000399,0.000608
414,14,15,4155.7388,4151.9222,-3.036576,0.002656,0.002633,-0.001368
415,14,15,4156.1005,4151.9222,-2.997245,-0.000381,-0.000428,0.000577
416,14,15,4157.0268,4151.9222,-2.910290,0.007277,0.006995,0.007703
417,14,15,4176.4732,4151.9222,-2.228180,0.004411,0.004135,0.004886
418,14,15,4233.2679,4151.9222,-1.707914,0.000743,0.000661,0.000919
419,14,15,4239.0007,4151.9222,-1.678338,-0.000727,-0.000695,0.001057
420,14,15,4239.3193,4151.9222,-1.676752,0.000131,0.000122,0.000156
421,14,15,4247.0532,4151.9222,-1.639927,-0.000176,-0.000041,0.000740
422,14,15,4254.9725,4151.9222,-1.605200,0.000789,0.000728,0.000958
423,14,15,4266.8348,4151.9222,-1.557881,-0.000104,-0.000428,0.002873
424,14,15,4277.4007,4151.9222,-1.519680,0.001593,0.001394,0.002081
425,14,15,4284.8240,4151.9222,-1.494718,-0.001598,-0.001605,0.001981
426,15,15,4303.6140,4437.6877,-1.519813,0.000483,0.000413,-0.000277
427,15,15,4305.2315,4437.6877,-1.525084,0.005914,0.004904,0.006440
428,15,15,4306.3859,4437.6877,-1.528886,0.000412,0.000360,0.000426
429,15,15,4336.3867,4437.6877,-1.641543,0.000797,0.000710,0.000826
430,15,15,4377.2971,4437.6877,-1.866188,0.009061,0.008136,0.009706
431,15,15,4400.5017,4437.6877,-2.076777,0.002316,0.002054,0.002561
432,15,15,4408.1611,4437.6877,-2.176943,-0.004459,-0.004195,0.007549
433,15,15,4430.7599,4437.6877,-2.806559,0.007009,0.006436,0.007653
434,15,15,4473.1182,4437.6877,-2.097779,0.009104,0.008929,0.008398
435,15,15,4529.3441,4437.6877,-1.684994,0.005294,0.005031,0.006086
436,15,15,4560.7510,4437.6877,-1.557028,0.003597,0.003379,0.004311
437,15,15,4582.4245,4437.6877,-1.486578,0.001969,0.001792,0.002482
438,15,15,4597.9164,4437.6877,-1.442416,-0.000111,-0.000024,0.000171
439,15,15,4605.3475,4437.6877,-1.422728,0.000075,0.000070,0.000095
440,15,15,4631.9848,4437.6877,-1.358690,0.006564,0.006339,0.004516
441,15,15,4632.2307,4437.6877,-1.358141,0.001096,0.000999,0.001433
442,15,15,88845.2519,4437.6877,1.279225,0.000000,0.000000,0.000000
443,15,15,88845.2519,4437.6877,1.279225,0.000000,0.000000,0.000000
444,15,15,88846.5270,4437.6877,1.279231,0.000000,0.000000,0.000000
445,15,15,88846.5278,4437.6877,1.279231,0.000000,0.000000,0.000000
446,15,15,88846.5292,4437.6877,1.279231,0.000000,0.000000,0.000000
447,15,15,88846.5300,4437.6877,1.279231,0.000000,0.000000,0.000000
448,15,15,88848.8254,4437.6877,1.279243,0.000000,0.000000,0.000000
449,15,15,88848.8254,4437.6877,1.279243,0.000000,0.000000,0.000000
450,15,15,88851.3842,4437.6877,1.279256,-0.000000,0.000000,0.000000
451,15,15,88851.3961,4437.6877,1.279256,0.000000,0.000000,0.000000
452,15,15,88851.4028,4437.6877,1.279256,-0.000000,0.000000,0.000000
453,15,15,88851.4149,4437.6877,1.279256,0.000000,0.000000,0.000000
454,15,15,88854.0961,4437.6877,1.279270,0.000000,0.000000,0.000000
455,15,15,88854.0995,4437.6877,1.279270,0.000000,0.000000,0.000000
456,15,15,88854.2313,4437.6877,1.279271,0.000000,0.000000,0.000000
457,15,15,88854.2346,4437.6877,1.279271,0.000000,0.000000,0.000000
458,15,15,88866.4960,4437.6877,1.279334,-0.000000,0.000000,0.000000
459,15,15,88866.6038,4437.6877,1.279334,0.000000,0.000000,0.000000
460,15,15,88866.8318,4437.6877,1.279336,0.000000,0.000000,0.000000
461,15,15,88866.9705,4437.6877,1.279336,0.000000,0.000000,0.000000
462,15,15,88870.4350,4437.6877,1.279354,-0.000000,0.000000,0.000000
463,15,15,88870.5373,4437.6877,1.279355,0.000000,0.000000,0.000000
464,15,15,88874.5745,4437.6877,1.279375,-0.000000,0.000000,0.000000
465,15,15,88874.9044,4437.6877,1.279377,0.000000,0.000000,0.000000
466,15,15,88878.2606,4437.6877,1.279394,-0.000000,0.000000,0.000000
467,15,15,88879.5931,4437.6877,1.279401,0.000000,0.000000,0.000000
468,15,15,88880.5675,4437.6877,1.279406,0.000000,0.000000,0.000000
469,15,15,88882.6039,4437.6877,1.279417,0.000000,0.000000,0.000000
470,15,15,88885.4505,4437.6877,1.279431,0.000000,0.000000,0.000000
471,15,15,88888.2559,4437.6877,1.279446,0.000000,0.000000,0.000000
472,15,15,88889.1578,4437.6877,1.279450,0.000000,0.000000,0.000000
473,15,15,88892.2062,4437.6877,1.279466,0.000000,0.000000,0.000000
474,15,15,88896.5035,4437.6877,1.279488,0.000000,0.000000,0.000000
475,15,15,88899.8873,4437.6877,1.279506,-0.000000,0.000000,0.000000
476,15,15,88901.8732,4437.6877,1.279516,0.000000,0.000000,0.000000
477,15,15,88906.5654,4437.6877,1.279540,0.000000,0.000000,0.000000
478,15,15,88908.8758,4437.6877,1.279552,0.000000,0.000000,0.000000
479,15,15,88914.2055,4437.6877,1.279579,0.000000,0.000000,0.000000
480,15,15,88916.8625,4437.6877,1.279593,0.000000,0.000000,0.000000
481,15,15,88922.9903,4437.6877,1.279624,0.000000,0.000000,0.000000
482,15,15,88925.4951,4437.6877,1.279637,0.000000,0.000000,0.000000
483,15,15,88932.3636,4437.6877,1.279673,0.000000,0.000000,0.000000
484,15,15,88935.4490,4437.6877,1.279688,0.000000,0.000000,0.000000
485,15,15,88942.7543,4437.6877,1.279726,0.000000,0.000000,0.000000
486,15,15,88946.5772,4437.6877,1.279746,0.000000,0.000000,0.000000
487,15,15,88954.0509,4437.6877,1.279784,0.000000,0.000000,0.000000
488,15,15,88959.5044,4437.6877,1.279812,0.000000,0.000000,0.000000
489,15,15,88968.1229,4437.6877,1.279856,0.000000,0.000000,0.000000
490,15,15,88971.5990,4437.6877,1.279874,0.000000,0.000000,0.000000
491,15,15,88981.1015,4437.6877,1.279923,0.000000,0.000000,0.000000
492,15,15,88986.2414,4437.6877,1.279949,0.000000,0.000000,-0.000000
493,15,15,88993.7305,4437.6877,1.279988,-0.000000,0.000000,-0.000000
494,15,15,89007.5700,4437.6877,1.280059,0.000000,0.000000,0.000000
495,15,15,89014.3613,4437.6877,1.280094,0.000000,0.000000,0.000000
496,15,15,89025.7190,4437.6877,1.280152,0.000000,0.000000,0.000000
497,15,15,89037.3490,4437.6877,1.280212,0.000000,0.000000,0.000000
498,15,15,89039.2364,4437.6877,1.280222,0.000000,0.000000,0.000000
499,15,15,89051.4098,4437.6877,1.280284,0.000000,0.000000,0.000000
500,15,15,89065.9758,4437.6877,1.280359,0.000000,0.000000,-0.000000
501,15,15,89077.9584,4437.6877,1.280420,0.000000,0.000000,0.000000
502,15,15,89083.4154,4437.6877,1.280448,-0.000000,0.000000,-0.000000
503,15,15,89100.2520,4437.6877,1.280535,0.000000,0.000000,0.000000
504,15,15,89102.1332,4437.6877,1.280544,0.000000,0.000000,0.000000
505,15,15,89119.5043,4437.6877,1.280633,0.000000,0.000000,0.000000
506,15,15,89122.1239,4437.6877,1.280647,0.000000,0.000000,0.000000
507,15,15,89133.3966,4437.6877,1.280705,0.000000,0.000000,0.000000
508,15,15,89143.6135,4437.6877,1.280757,0.000000,0.000000,0.000000
509,15,15,89147.0784,4437.6877,1.280775,0.000000,0.000000,0.000000
510,15,15,89185.1471,4437.6877,1.280970,0.000000,0.000000,-0.000000
511,15,15,89185.4367,4437.6877,1.280971,0.000000,0.000000,0.000000
512,15,15,89256.7864,4437.6877,1.281337,0.000000,0.000000,0.000000
513,15,15,89256.8855,4437.6877,1.281337,0.000000,0.000000,0.000000
514,15,15,89294.2965,4437.6877,1.281529,0.000000,0.000000,0.000000
515,15,15,89294.6857,4437.6877,1.281531,0.000000,0.000000,0.000000
516,15,15,89301.0666,4437.6877,1.281564,0.000000,0.000000,0.000000
517,15,15,89301.4134,4437.6877,1.281565,0.000000,0.000000,0.000000
518,15,15,89351.5963,4437.6877,1.281822,0.000000,0.000000,0.000000
519,15,15,89351.6715,4437.6877,1.281822,0.000000,0.000000,0.000000
520,15,15,89366.0624,4437.6877,1.281896,0.000000,0.000000,0.000000
521,15,15,89366.1854,4437.6877,1.281897,0.000000,0.000000,0.000000
522,15,15,89373.7133,4437.6877,1.281935,0.000000,0.000000,0.000000
523,15,15,89373.8003,4437.6877,1.281936,0.000000,0.000000,0.000000
524,15,15,89381.6944,4437.6877,1.281976,0.000000,0.000000,0.000000
525,15,15,89381.7118,4437.6877,1.281976,0.000000,0.000000,0.000000
526,15,15,125494.9459,4437.6877,1.435834,0.000000,0.000000,0.000000
527,15,15,125494.9459,4437.6877,1.435834,0.000000,0.000000,0.000000
528,15,15,125684.0391,4437.6877,1.436512,0.000000,0.000000,0.000000
529,15,15,125684.0391,4437.6877,1.436512,0.000000,0.000000,0.000000
530,15,15,6479793.4148,4437.6877,3.164107,-0.000000,-0.000000,0.000000
531,15,15,6479793.5640,4437.6877,3.164107,0.000457,3.288824,6.185171
532,15,15,6479794.7966,4437.6877,3.164107,0.007434,3.799234,6.695581
533,15,15,6479794.9074,4437.6877,3.164107,0.000745,3.316328,6.212676
534,15,15,6479952.3266,4437.6877,3.164118,-0.018394,3.573448,6.469813
535,15,15,6479952.4903,4437.6877,3.164118,0.001525,3.481187,6.377551
536,15,15,6479955.2871,4437.6877,3.164118,0.003937,3.750864,6.647230
537,15,15,6479956.3780,4437.6877,3.164118,0.000000,-0.000000,0.000000
538,15,15,6479956.5144,4437.6877,3.164118,-0.000000,-0.000000,-0.000000
539,15,15,6479957.9107,4437.6877,3.164118,0.000000,0.000000,0.000000
540,15,15,6479964.0478,4437.6877,3.164118,0.000000,0.000000,0.000000
541,15,15,6479964.6224,4437.6877,3.164118,-0.000000,0.000000,0.000000
542,15,15,6480109.5040,4437.6877,3.164128,0.000000,0.000000,0.000000
543,15,15,6480109.9554,4437.6877,3.164128,0.000000,0.000000,0.000000
544,15,15,6480119.3699,4437.6877,3.164129,0.000000,-0.000000,0.000000
545,15,15,6480119.7633,4437.6877,3.164129,0.000000,0.000000,0.000000
546,15,15,6480156.2581,4437.6877,3.164131,0.000000,0.000000,0.000000
547,15,15,6480156.4535,4437.6877,3.164131,0.000000,-0.000000,0.000000
548,15,15,6480157.2807,4437.6877,3.164131,0.000000,0.000000,0.000000
549,15,15,6480158.9597,4437.6877,3.164131,-0.000000,-0.000000,0.000000
550,15,15,6480171.3953,4437.6877,3.164132,-0.010916,3.776115,6.672508
551,15,15,6480171.3973,4437.6877,3.164132,0.002320,3.530258,6.426653
552,15,15,6480171.6863,4437.6877,3.164132,0.003253,3.603250,6.499644
553,15,15,6480171.7547,4437.6877,3.164132,0.008592,3.823838,6.720232
554,15,15,6480199.1267,4437.6877,3.164134,0.000000,0.000000,0.000000
555,15,15,6480199.4322,4437.6877,3.164134,0.000000,-0.000000,0.000000
556,15,15,6480201.0320,4437.6877,3.164134,0.000000,0.000000,0.000000
557,15,15,6480201.1831,4437.6877,3.164134,0.000000,-0.000000,0.000000
558,15,15,6480204.9818,4437.6877,3.164134,0.000000,0.000000,0.000000
559,15,15,6480205.5849,4437.6877,3.164135,-0.000000,-0.000000,-0.000000
560,15,15,6480206.9152,4437.6877,3.164135,0.000000,0.000000,0.000000
561,15,15,6480207.0583,4437.6877,3.164135,0.000000,-0.000000,0.000000
562,15,15,6480219.7266,4437.6877,3.164135,0.000000,0.000000,0.000000
563,15,15,6480220.0430,4437.6877,3.164136,0.000000,0.000000,0.000000
564,15,15,6480221.4960,4437.6877,3.164136,0.000000,0.000000,0.000000
565,15,15,6480221.5393,4437.6877,3.164136,0.000000,0.000000,0.000000
566,15,15,6480242.5020,4437.6877,3.164137,0.000000,0.000000,0.000000
567,15,15,6480242.9423,4437.6877,3.164137,-0.000000,-0.000000,-0.000000
568,15,15,6480244.4054,4437.6877,3.164137,0.000000,0.000000,0.000000
569,15,15,6480244.5069,4437.6877,3.164137,0.000000,0.000000,0.000000
570,15,15,6480276.3410,4437.6877,3.164139,0.000000,0.000000,0.000000
571,15,15,6480276.4120,4437.6877,3.164139,0.000000,0.000000,0.000000
572,15,15,6480277.7729,4437.6877,3.164139,0.000000,0.000000,0.000000
573,15,15,6480278.2450,4437.6877,3.164139,0.000000,0.000000,0.000000
574,15,15,6480307.4884,4437.6877,3.164141,0.000000,-0.000000,0.000000
575,15,15,6480308.0306,4437.6877,3.164141,0.000000,-0.000000,0.000000
576,15,15,6480308.1883,4437.6877,3.164141,0.000000,0.000000,0.000000
577,15,15,6480309.2619,4437.6877,3.164141,0.000000,0.000000,0.000000
578,15,15,6480309.5834,4437.6877,3.164142,0.000000,0.000000,0.000000
579,15,15,6480310.9965,4437.6877,3.164142,0.000000,0.000000,0.000000
580,15,15,6480315.6801,4437.6877,3.164142,0.000000,-0.000000,0.000000
581,15,15,6480317.4461,4437.6877,3.164142,0.000000,-0.000000,0.000000
582,15,15,6480322.1814,4437.6877,3.164142,-0.023248,3.469109,6.365519
583,15,15,6480327.7390,4437.6877,3.164143,0.000000,0.000000,0.000000
584,15,15,6480328.2251,4437.6877,3.164143,0.000113,2.997566,5.893981
585,15,15,6480328.4946,4437.6877,3.164143,0.007095,3.750604,6.647016
586,15,15,6480342.6573,4437.6877,3.164144,0.013576,3.973498,6.869930
587,15,15,6480342.6879,4437.6877,3.164144,0.000000,-0.000000,0.000000
588,15,15,6480343.1179,4437.6877,3.164144,0.013086,4.030962,6.927395
589,15,15,6480343.2940,4437.6877,3.164144,0.000000,0.000000,0.000000
590,15,15,6480347.2980,4437.6877,3.164144,0.007848,3.791235,6.687671
591,15,15,6480347.3447,4437.6877,3.164144,0.000000,-0.000000,0.000000
592,15,15,6480347.7147,4437.6877,3.164144,0.000000,0.000000,0.000000
593,15,15,6480347.8988,4437.6877,3.164144,0.025356,3.928526,6.824962
594,15,15,6480351.5750,4437.6877,3.164144,0.000000,-0.000000,-0.000000
595,15,15,6480352.1151,4437.6877,3.164144,0.000000,-0.000000,0.000000
596,15,15,6480356.2928,4437.6877,3.164145,-0.000000,-0.000000,0.000000
597,15,15,6480357.4142,4437.6877,3.164145,0.000000,-0.000000,0.000000
598,15,15,6480357.7914,4437.6877,3.164145,0.000000,0.000000,0.000000
599,15,15,6480360.0098,4437.6877,3.164145,0.000000,-0.000000,0.000000
600,15,15,6480362.4559,4437.6877,3.164145,0.000000,0.000000,0.000000
601,15,15,6480363.5139,4437.6877,3.164145,0.000000,0.000000,0.000000
602,15,15,6480363.5486,4437.6877,3.164145,0.000000,-0.000000,-0.000000
603,15,15,6480364.7210,4437.6877,3.164145,0.000000,-0.000000,-0.000000
604,15,15,6480364.7255,4437.6877,3.164145,0.000000,-0.000000,0.000000
605,15,15,6480364.8435,4437.6877,3.164145,0.000000,0.000000,0.000000
606,15,15,6480370.8106,4437.6877,3.164146,-0.000000,0.000000,0.000000
607,15,15,6480372.9942,4437.6877,3.164146,0.000000,0.000000,0.000000
608,15,15,6480377.2704,4437.6877,3.164146,0.000000,-0.000000,0.000000
609,15,15,6480379.1267,4437.6877,3.164146,0.000000,0.000000,0.000000
610,15,15,6480391.0530,4437.6877,3.164147,0.000000,0.000000,0.000000
611,15,15,6480391.1894,4437.6877,3.164147,0.000000,0.000000,0.000000
612,15,15,6480392.2911,4437.6877,3.164147,0.000000,0.000000,0.000000
613,15,15,6480392.4048,4437.6877,3.164147,0.000000,0.000000,0.000000
614,15,15,6480394.6861,4437.6877,3.164147,0.000000,0.000000,0.000000
615,15,15,6480394.8356,4437.6877,3.164147,0.000000,0.000000,0.000000
616,15,15,6480400.4711,4437.6877,3.164148,0.000000,0.000000,0.000000
617,15,15,6480401.7244,4437.6877,3.164148,0.000000,-0.000000,-0.000000
618,15,15,6480421.8625,4437.6877,3.164149,0.000000,0.000000,0.000000
619,15,15,6480421.9134,4437.6877,3.164149,0.000000,0.000000,0.000000
620,15,15,6480422.6544,4437.6877,3.164149,-0.000000,-0.000000,0.000000
621,15,15,6480422.8186,4437.6877,3.164149,0.000000,0.000000,0.000000
622,15,15,6480425.2779,4437.6877,3.164149,0.000000,0.000000,0.000000
623,15,15,6480425.2785,4437.6877,3.164149,0.000000,0.000000,0.000000
624,15,15,6480426.0215,4437.6877,3.164149,0.000664,3.318005,6.214453
625,15,15,6480426.0349,4437.6877,3.164149,0.000421,3.217298,6.113746
626,15,15,6480427.5281,4437.6877,3.164149,0.000000,0.000000,0.000000
627,15,15,6480427.7365,4437.6877,3.164149,0.000000,0.000000,0.000000
628,15,15,6480432.8698,4437.6877,3.164150,-0.000000,0.000000,0.000000
629,15,15,6480434.1675,4437.6877,3.164150,0.000000,-0.000000,-0.000000
630,15,15,6480451.3518,4437.6877,3.164151,0.000000,0.000000,0.000000
631,15,15,6480452.9976,4437.6877,3.164151,0.000000,0.000000,0.000000
632,15,15,6480456.7236,4437.6877,3.164151,0.000000,0.000000,0.000000
633,15,15,6480458.1670,4437.6877,3.164151,-0.000000,0.000000,0.000000
634,15,15,6480459.6538,4437.6877,3.164152,0.000000,-0.000000,0.000000
635,15,15,6480462.3939,4437.6877,3.164152,0.000000,0.000000,0.000000
636,15,15,6480465.0161,4437.6877,3.164152,0.000000,0.000000,0.000000
637,15,15,6480465.7314,4437.6877,3.164152,0.000000,0.000000,0.000000
638,15,15,6480493.3905,4437.6877,3.164154,-0.000000,-0.000000,0.000000
639,15,15,6480493.7752,4437.6877,3.164154,0.000000,-0.000000,0.000000
640,15,15,6480494.8050,4437.6877,3.164154,0.000000,-0.000000,0.000000
641,15,15,6480496.3868,4437.6877,3.164154,0.000000,0.000000,0.000000
642,15,15,6480499.9221,4437.6877,3.164154,0.000000,0.000000,0.000000
643,15,15,6480501.3450,4437.6877,3.164154,0.000000,0.000000,0.000000
644,15,15,6480503.1654,4437.6877,3.164154,0.008629,3.800059,6.696505
645,15,15,6480503.9391,4437.6877,3.164155,0.000000,0.000000,0.000000
646,15,15,6480509.0178,4437.6877,3.164155,0.000000,0.000000,0.000000
647,15,15,6480511.0869,4437.6877,3.164155,0.000000,0.000000,0.000000
648,15,15,6480511.2042,4437.6877,3.164155,0.000000,-0.000000,0.000000
649,15,15,6480514.4106,4437.6877,3.164155,-0.000000,-0.000000,0.000000
650,15,15,6480520.2073,4437.6877,3.164156,0.000000,0.000000,0.000000
651,15,15,6480528.8670,4437.6877,3.164156,0.000000,-0.000000,0.000000
652,15,15,6480532.5466,4437.6877,3.164156,-0.000000,0.000000,0.000000
653,15,15,6480535.4667,4437.6877,3.164157,0.000000,0.000000,0.000000
654,15,15,6480543.1465,4437.6877,3.164157,0.000000,0.000000,0.000000
655,15,15,6480543.3346,4437.6877,3.164157,0.000000,0.000000,0.000000
656,15,15,6480546.8187,4437.6877,3.164157,0.000000,-0.000000,0.000000
657,15,15,6480547.3519,4437.6877,3.164157,0.000000,0.000000,0.000000
658,15,15,6480560.6342,4437.6877,3.164158,0.000000,0.000000,0.000000
659,15,15,6480561.1373,4437.6877,3.164158,0.000000,-0.000000,0.000000
660,15,15,6480565.8139,4437.6877,3.164159,0.000000,-0.000000,0.000000
661,15,15,6480566.0090,4437.6877,3.164159,-0.000000,-0.000000,-0.000000
662,15,15,6480568.4093,4437.6877,3.164159,0.000000,0.000000,0.000000
663,15,15,6480569.3182,4437.6877,3.164159,0.000000,-0.000000,-0.000000
664,15,15,6480572.3191,4437.6877,3.164159,0.000000,0.000000,0.000000
665,15,15,6480572.8756,4437.6877,3.164159,0.000000,0.000000,0.000000
666,15,15,6480573.9901,4437.6877,3.164159,0.000000,0.000000,0.000000
667,15,15,6480574.1159,4437.6877,3.164159,0.000000,-0.000000,0.000000
668,15,15,6480575.5966,4437.6877,3.164159,0.000000,0.000000,0.000000
669,15,15,6480576.0917,4437.6877,3.164159,0.000000,0.000000,0.000000
670,15,15,6480579.4210,4437.6877,3.164160,0.000000,0.000000,0.000000
671,15,15,6480580.0988,4437.6877,3.164160,0.000000,0.000000,0.000000
672,15,15,6480580.6368,4437.6877,3.164160,0.000000,0.000000,0.000000
673,15,15,6480580.9871,4437.6877,3.164160,-0.000000,0.000000,0.000000
674,15,15,6480581.3547,4437.6877,3.164160,0.000000,0.000000,0.000000
675,15,15,6480581.6429,4437.6877,3.164160,-0.000000,-0.000000,0.000000
676,15,15,6480584.6832,4437.6877,3.164160,0.000000,0.000000,0.000000
677,15,15,6480588.4533,4437.6877,3.164160,0.000000,0.000000,0.000000
678,15,15,6480599.4621,4437.6877,3.164161,0.000000,0.000000,0.000000
679,15,15,6480602.9086,4437.6877,3.164161,0.000000,-0.000000,0.000000
680,15,15,6480603.7332,4437.6877,3.164161,0.000000,0.000000,0.000000
681,15,15,6480604.5984,4437.6877,3.164161,0.000000,0.000000,0.000000
682,15,15,6480608.1222,4437.6877,3.164162,0.000000,0.000000,0.000000
683,15,15,6480610.1621,4437.6877,3.164162,0.000000,-0.000000,0.000000
684,15,15,6480610.3912,4437.6877,3.164162,0.000000,0.000000,0.000000
685,15,15,6480614.2865,4437.6877,3.164162,0.000000,0.000000,0.000000
686,15,15,6480635.0978,4437.6877,3.164163,0.000000,0.000000,0.000000
687,15,15,6480636.2726,4437.6877,3.164163,0.000000,0.000000,0.000000
688,15,15,6480639.3052,4437.6877,3.164164,0.000000,-0.000000,0.000000
689,15,15,6480641.3858,4437.6877,3.164164,0.000000,-0.000000,-0.000000
690,15,15,6480665.2782,4437.6877,3.164165,-0.000000,-0.000000,0.000000
691,15,15,6480666.5833,4437.6877,3.164165,-0.000000,-0.000000,-0.000000
692,15,15,6480668.9657,4437.6877,3.164166,-0.000000,-0.000000,0.000000
693,15,15,6480669.0655,4437.6877,3.164166,0.000000,0.000000,0.000000
694,15,15,6480687.9884,4437.6877,3.164167,0.000000,-0.000000,-0.000000
695,15,15,6480690.7402,4437.6877,3.164167,0.000000,0.000000,0.000000
696,15,15,6480693.3535,4437.6877,3.164167,0.000000,-0.000000,0.000000
697,15,15,6480695.7991,4437.6877,3.164167,0.000000,0.000000,0.000000
698,15,15,6480696.9784,4437.6877,3.164167,0.000000,-0.000000,-0.000000
699,15,15,6480700.7469,4437.6877,3.164168,0.000000,0.000000,0.000000
700,15,15,6480703.9849,4437.6877,3.164168,0.000000,0.000000,0.000000
701,15,15,6480704.3311,4437.6877,3.164168,0.000000,-0.000000,0.000000
702,15,15,6480714.4797,4437.6877,3.164169,0.000000,0.000000,0.000000
703,15,15,6480716.0073,4437.6877,3.164169,0.000000,0.000000,0.000000
704,15,15,6480717.7343,4437.6877,3.164169,0.000000,0.000000,0.000000
705,15,15,6480727.1681,4437.6877,3.164170,0.000000,0.000000,0.000000
706,15,15,6480739.1238,4437.6877,3.164170,0.000000,0.000000,0.000000
707,15,15,6480740.9639,4437.6877,3.164170,0.000000,0.000000,0.000000
708,15,15,6480743.2040,4437.6877,3.164171,0.000000,0.000000,0.000000
709,15,15,6480743.9731,4437.6877,3.164171,0.000000,0.000000,0.000000
710,15,15,6480746.1225,4437.6877,3.164171,-0.000000,-0.000000,0.000000
711,15,15,6480746.7826,4437.6877,3.164171,0.000000,-0.000000,0.000000
712,15,15,6480748.4521,4437.6877,3.164171,0.000000,-0.000000,0.000000
713,15,15,6480750.6696,4437.6877,3.164171,0.000000,0.000000,0.000000
714,15,15,6480750.6902,4437.6877,3.164171,0.000000,0.000000,0.000000
715,15,15,6480751.4292,4437.6877,3.164171,0.000000,0.000000,0.000000
716,15,15,6480753.4198,4437.6877,3.164171,-0.000000,0.000000,0.000000
717,15,15,6480755.1101,4437.6877,3.164171,0.000000,-0.000000,0.000000
718,15,15,6480755.1279,4437.6877,3.164171,-0.000000,0.000000,0.000000
719,15,15,6480755.9355,4437.6877,3.164171,0.000000,0.000000,0.000000
720,15,15,6480756.6768,4437.6877,3.164171,0.000000,-0.000000,0.000000
721,15,15,6480759.3013,4437.6877,3.164172,0.000000,-0.000000,0.000000
722,15,15,6480761.2318,4437.6877,3.164172,0.000000,0.000000,0.000000
723,15,15,6480762.3311,4437.6877,3.164172,0.000000,0.000000,0.000000
724,15,15,6480763.5244,4437.6877,3.164172,0.000000,0.000000,0.000000
725,15,15,6480764.2074,4437.6877,3.164172,0.000000,0.000000,0.000000
726,15,15,6480765.3883,4437.6877,3.164172,-0.000000,0.000000,0.000000
727,15,15,6480770.1246,4437.6877,3.164172,-0.000000,-0.000000,0.000000
728,15,15,6480770.1886,4437.6877,3.164172,0.000000,0.000000,0.000000
729,15,15,6480770.3251,4437.6877,3.164172,0.000000,0.000000,0.000000
730,15,15,6480771.9403,4437.6877,3.164173,0.000000,0.000000,0.000000
731,15,15,6480773.8502,4437.6877,3.164173,0.000000,0.000000,0.000000
732,15,15,6480773.9983,4437.6877,3.164173,0.000000,0.000000,0.000000
733,15,15,6480774.4929,4437.6877,3.164173,0.000000,0.000000,0.000000
734,15,15,6480774.5545,4437.6877,3.164173,0.000000,0.000000,0.000000
735,15,15,6480774.6184,4437.6877,3.164173,0.000000,0.000000,0.000000
736,15,15,6480775.4730,4437.6877,3.164173,0.000000,0.000000,0.000000
737,15,15,6480776.1129,4437.6877,3.164173,0.000000,-0.000000,0.000000
738,15,15,6480776.4443,4437.6877,3.164173,0.000000,0.000000,0.000000
739,15,15,6480776.5838,4437.6877,3.164173,0.000000,0.000000,0.000000
740,15,15,6480776.7457,4437.6877,3.164173,-0.000000,-0.000000,0.000000
741,15,15,6480777.2333,4437.6877,3.164173,0.000000,0.000000,0.000000
742,15,15,6480777.2527,4437.6877,3.164173,0.000000,-0.000000,0.000000
743,15,15,6480780.5135,4437.6877,3.164173,0.000000,-0.000000,0.000000
744,15,15,6480780.8779,4437.6877,3.164173,0.000000,0.000000,0.000000
745,15,15,6480781.7797,4437.6877,3.164173,0.000000,0.000000,0.000000
746,15,15,6480785.4425,4437.6877,3.164173,0.000000,0.000000,0.000000
747,15,15,6480789.3012,4437.6877,3.164174,0.000000,0.000000,0.000000
748,15,15,6480789.3365,4437.6877,3.164174,-0.000000,0.000000,0.000000
749,15,15,6480789.6654,4437.6877,3.164174,0.000000,0.000000,0.000000
750,15,15,6480792.5748,4437.6877,3.164174,0.000000,0.000000,0.000000
751,15,15,6480793.2401,4437.6877,3.164174,0.000000,0.000000,0.000000
752,15,15,6480794.1516,4437.6877,3.164174,0.000000,0.000000,0.000000
753,15,15,6480794.4448,4437.6877,3.164174,0.000000,-0.000000,0.000000
754,15,15,6480794.8447,4437.6877,3.164174,0.000000,0.000000,0.000000
755,15,15,6480796.3011,4437.6877,3.164174,0.000000,-0.000000,0.000000
756,15,15,6480797.0827,4437.6877,3.164174,0.000000,0.000000,0.000000
757,15,15,6480798.4800,4437.6877,3.164174,0.000000,0.000000,0.000000
758,15,15,6480801.1131,4437.6877,3.164174,0.000000,-0.000000,0.000000
759,15,15,6480806.7279,4437.6877,3.164175,0.000000,0.000000,0.000000
760,15,15,6480806.7382,4437.6877,3.164175,0.000000,0.000000,0.000000
761,15,15,6480809.6532,4437.6877,3.164175,-0.000000,-0.000000,0.000000
762,15,15,6480810.2916,4437.6877,3.164175,0.000000,0.000000,0.000000
763,15,15,6480816.6645,4437.6877,3.164176,0.000000,0.000000,0.000000
764,15,15,6480819.3231,4437.6877,3.164176,0.000000,0.000000,0.000000
765,15,15,6480823.5047,4437.6877,3.164176,0.000000,0.000000,0.000000
766,15,15,6480823.6619,4437.6877,3.164176,0.000000,0.000000,0.000000
767,15,15,6480823.6847,4437.6877,3.164176,-0.000000,0.000000,0.000000
768,15,15,6480823.7066,4437.6877,3.164176,0.000000,-0.000000,0.000000
769,15,15,6480823.9259,4437.6877,3.164176,0.000000,0.000000,0.000000
770,15,15,6480824.5231,4437.6877,3.164176,0.000000,-0.000000,0.000000
771,15,15,6480826.4109,4437.6877,3.164176,0.000000,0.000000,0.000000
772,15,15,6480830.9023,4437.6877,3.164176,0.000000,0.000000,0.000000
773,15,15,6480831.0452,4437.6877,3.164176,0.000000,0.000000,0.000000
774,15,15,6480831.7013,4437.6877,3.164177,0.000000,0.000000,0.000000
775,15,15,6480832.5357,4437.6877,3.164177,0.000000,0.000000,0.000000
776,15,15,6480834.3433,4437.6877,3.164177,0.000000,0.000000,0.000000
777,15,15,6480838.5715,4437.6877,3.164177,0.000000,0.000000,0.000000
778,15,15,6480841.7715,4437.6877,3.164177,0.000000,0.000000,0.000000
779,15,15,6480843.2819,4437.6877,3.164177,0.000000,0.000000,0.000000
780,15,15,6480843.7007,4437.6877,3.164177,0.000000,0.000000,0.000000
781,15,15,6480846.1000,4437.6877,3.164177,0.000000,0.000000,0.000000
782,15,15,6480846.1334,4437.6877,3.164177,0.000000,-0.000000,0.000000
783,15,15,6480848.5673,4437.6877,3.164178,0.000000,0.000000,0.000000
784,15,15,6480848.9716,4437.6877,3.164178,0.000000,0.000000,0.000000
785,15,15,6480849.5141,4437.6877,3.164178,0.000000,-0.000000,0.000000
786,15,15,6480852.7730,4437.6877,3.164178,0.000000,-0.000000,-0.000000
787,15,15,6480855.2134,4437.6877,3.164178,0.000000,-0.000000,0.000000
788,15,15,6480858.0462,4437.6877,3.164178,0.000000,0.000000,0.000000
789,15,15,6480859.7649,4437.6877,3.164178,-0.000000,0.000000,0.000000
790,15,15,6480860.1724,4437.6877,3.164178,0.000000,0.000000,0.000000
791,15,15,6480860.2451,4437.6877,3.164178,0.000000,0.000000,0.000000
792,15,15,6480864.5887,4437.6877,3.164179,0.000000,-0.000000,0.000000
793,15,15,6480870.0942,4437.6877,3.164179,0.000000,0.000000,0.000000
794,15,15,6480870.1603,4437.6877,3.164179,0.000000,0.000000,0.000000
795,15,15,6480872.0650,4437.6877,3.164179,0.000000,0.000000,0.000000
796,15,15,6480873.2370,4437.6877,3.164179,0.000000,0.000000,0.000000
797,15,15,6480873.9055,4437.6877,3.164179,0.000000,0.000000,0.000000
798,15,15,6480874.6774,4437.6877,3.164179,0.000000,0.000000,0.000000
799,15,15,6480875.2793,4437.6877,3.164179,0.000000,0.000000,0.000000
800,15,15,6480875.3360,4437.6877,3.164179,0.000000,-0.000000,0.000000
801,15,15,6480879.6226,4437.6877,3.164180,0.000000,-0.000000,-0.000000
802,15,15,6480880.6199,4437.6877,3.164180,0.000000,0.000000,0.000000
803,15,15,6480880.7404,4437.6877,3.164180,0.000000,0.000000,0.000000
804,15,15,6480880.9988,4437.6877,3.164180,0.000000,0.000000,0.000000
805,15,15,6480881.2780,4437.6877,3.164180,0.000000,-0.000000,0.000000
806,15,15,6480883.4920,4437.6877,3.164180,0.000000,0.000000,0.000000
807,15,15,6480883.7625,4437.6877,3.164180,0.000000,0.000000,0.000000
808,15,15,6480884.8020,4437.6877,3.164180,0.000000,0.000000,0.000000
809,15,15,6480885.4594,4437.6877,3.164180,0.000000,-0.000000,0.000000
810,15,15,6480885.7733,4437.6877,3.164180,0.000000,0.000000,0.000000
811,15,15,6480886.7355,4437.6877,3.164180,0.000000,0.000000,0.000000
812,15,15,6480889.6066,4437.6877,3.164180,0.000000,0.000000,0.000000
813,15,15,6480890.1569,4437.6877,3.164180,0.000000,0.000000,0.000000
814,15,15,6480891.5239,4437.6877,3.164181,0.000000,-0.000000,-0.000000
815,15,15,6480892.8467,4437.6877,3.164181,-0.000000,0.000000,0.000000
816,15,15,6480893.4879,4437.6877,3.164181,0.000000,-0.000000,0.000000
817,15,15,6480893.7323,4437.6877,3.164181,0.000000,0.000000,0.000000
818,15,15,6480894.9256,4437.6877,3.164181,0.000000,-0.000000,0.000000
819,15,15,6480896.4137,4437.6877,3.164181,0.000000,-0.000000,0.000000
820,15,15,6480897.2444,4437.6877,3.164181,0.000000,-0.000000,0.000000
821,15,15,6480897.9393,4437.6877,3.164181,0.000000,0.000000,0.000000
822,15,15,6480897.9586,4437.6877,3.164181,0.000000,-0.000000,0.000000
823,15,15,6480898.2588,4437.6877,3.164181,0.000000,-0.000000,0.000000
824,15,15,6480900.4298,4437.6877,3.164181,-0.000000,-0.000000,0.000000
825,15,15,6480900.4796,4437.6877,3.164181,0.000000,0.000000,0.000000
826,15,15,6480901.8873,4437.6877,3.164181,0.000000,-0.000000,0.000000
827,15,15,6480902.2896,4437.6877,3.164181,0.000000,0.000000,0.000000
828,15,15,6480902.9964,4437.6877,3.164181,-0.000000,-0.000000,0.000000
829,15,15,6480903.1490,4437.6877,3.164181,-0.000000,-0.000000,0.000000
830,15,15,6480904.7805,4437.6877,3.164181,0.000000,-0.000000,0.000000
831,15,15,6480905.3097,4437.6877,3.164181,0.000000,0.000000,0.000000
832,15,15,6480905.7614,4437.6877,3.164181,0.000000,-0.000000,-0.000000
833,15,15,6480906.1477,4437.6877,3.164182,0.000000,0.000000,0.000000
834,15,15,6480906.8127,4437.6877,3.164182,0.000000,0.000000,0.000000
835,15,15,6480906.8834,4437.6877,3.164182,0.000000,0.000000,0.000000
836,15,15,6480908.5889,4437.6877,3.164182,0.000000,0.000000,0.000000
837,15,15,6480912.8270,4437.6877,3.164182,0.000000,0.000000,0.000000
838,15,15,6480913.3189,4437.6877,3.164182,0.000000,0.000000,0.000000
839,15,15,6480914.0485,4437.6877,3.164182,0.000000,-0.000000,0.000000
840,15,15,6480914.7041,4437.6877,3.164182,0.000000,0.000000,0.000000
841,15,15,6480915.8693,4437.6877,3.164182,-0.000000,-0.000000,0.000000
842,15,15,6480916.0338,4437.6877,3.164182,0.000000,0.000000,0.000000
843,15,15,6480918.2846,4437.6877,3.164182,-0.000000,-0.000000,0.000000
844,15,15,6480920.6892,4437.6877,3.164182,0.000000,0.000000,0.000000
845,15,15,6480921.5514,4437.6877,3.164183,0.000000,0.000000,0.000000
846,15,15,6480922.0608,4437.6877,3.164183,0.000000,-0.000000,0.000000
847,15,15,6480922.1209,4437.6877,3.164183,0.000000,0.000000,0.000000
848,15,15,6480924.2728,4437.6877,3.164183,0.000000,0.000000,0.000000
849,15,15,6480927.9803,4437.6877,3.164183,0.000000,-0.000000,0.000000
850,15,15,6480928.5216,4437.6877,3.164183,0.000000,0.000000,-0.000000
851,15,15,6480929.0227,4437.6877,3.164183,0.000000,0.000000,0.000000
852,15,15,6480929.0620,4437.6877,3.164183,0.000000,0.000000,0.000000
853,15,15,6480929.8876,4437.6877,3.164183,0.000000,0.000000,0.000000
854,15,15,6480931.6482,4437.6877,3.164183,-0.000000,-0.000000,0.000000
855,15,15,6480932.4801,4437.6877,3.164183,0.000000,0.000000,0.000000
856,15,15,6480932.6314,4437.6877,3.164183,0.000000,0.000000,0.000000
857,15,15,6480932.7339,4437.6877,3.164183,0.000000,0.000000,0.000000
858,15,15,6480932.7610,4437.6877,3.164183,0.000000,0.000000,0.000000
859,15,15,6480935.3404,4437.6877,3.164183,0.000000,0.000000,-0.000000
860,15,15,6480941.2871,4437.6877,3.164184,0.000000,-0.000000,0.000000
861,15,15,6480941.7927,4437.6877,3.164184,0.000000,0.000000,0.000000
862,15,15,6480943.3249,4437.6877,3.164184,0.000000,0.000000,0.000000
863,15,15,6480945.4981,4437.6877,3.164184,0.000000,0.000000,0.000000
864,15,15,6480948.5023,4437.6877,3.164184,0.000000,0.000000,0.000000
865,15,15,6480948.5912,4437.6877,3.164184,0.000000,0.000000,0.000000
866,15,15,6480949.0050,4437.6877,3.164184,0.000000,0.000000,0.000000
867,15,15,6480949.0560,4437.6877,3.164184,0.000555,3.468989,6.365502
868,15,15,6480949.1022,4437.6877,3.164184,0.000000,0.000000,0.000000
869,15,15,6480949.7510,4437.6877,3.164184,0.000000,0.000000,0.000000
870,15,15,6480949.8759,4437.6877,3.164184,0.000000,0.000000,0.000000
871,15,15,6480951.7999,4437.6877,3.164185,0.000000,0.000000,0.000000
872,15,15,6480952.3296,4437.6877,3.164185,0.000000,0.000000,0.000000
873,15,15,6480954.3205,4437.6877,3.164185,0.000000,0.000000,0.000000
874,15,15,6480955.2454,4437.6877,3.164185,0.000000,-0.000000,0.000000
875,15,15,6480957.3677,4437.6877,3.164185,0.000000,0.000000,0.000000
876,15,15,6480957.7598,4437.6877,3.164185,0.000000,0.000000,0.000000
877,15,15,6480959.4710,4437.6877,3.164185,-0.000000,-0.000000,0.000000
878,15,15,6480960.0188,4437.6877,3.164185,0.000000,0.000000,0.000000
879,15,15,6480961.3853,4437.6877,3.164185,0.000000,-0.000000,0.000000
880,15,15,6480961.8445,4437.6877,3.164185,-0.000000,-0.000000,0.000000
881,15,15,6480966.8237,4437.6877,3.164186,0.000000,0.000000,0.000000
882,15,15,6480968.4713,4437.6877,3.164186,-0.000000,0.000000,0.000000
883,15,15,6480969.4055,4437.6877,3.164186,0.000000,0.000000,0.000000
884,15,15,6480970.4229,4437.6877,3.164186,0.000000,0.000000,0.000000
885,15,15,6480971.0324,4437.6877,3.164186,0.000000,0.000000,0.000000
886,15,15,6480974.3304,4437.6877,3.164186,-0.000000,-0.000000,0.000000
887,15,15,6480975.6071,4437.6877,3.164186,0.000000,-0.000000,-0.000000
888,15,15,6480983.1347,4437.6877,3.164187,-0.000000,-0.000000,0.000000
889,15,15,6480983.2207,4437.6877,3.164187,0.000000,0.000000,0.000000
890,15,15,6480985.1649,4437.6877,3.164187,0.000000,0.000000,0.000000
891,15,15,6480985.3791,4437.6877,3.164187,0.000000,-0.000000,0.000000
892,15,15,6480985.6389,4437.6877,3.164187,0.000000,0.000000,0.000000
893,15,15,6480988.4336,4437.6877,3.164187,0.000000,0.000000,0.000000
894,15,15,6480989.2556,4437.6877,3.164187,0.000000,0.000000,0.000000
895,15,15,6480990.9901,4437.6877,3.164187,0.000000,0.000000,0.000000
896,15,15,6480993.0665,4437.6877,3.164187,0.000000,0.000000,0.000000
897,15,15,6480994.0328,4437.6877,3.164187,0.000000,0.000000,0.000000
898,15,15,6480994.0380,4437.6877,3.164187,0.000000,0.000000,0.000000
899,15,15,6481000.5733,4437.6877,3.164188,0.000000,-0.000000,-0.000000
900,15,15,6481001.4198,4437.6877,3.164188,0.000000,-0.000000,0.000000
901,15,15,6481006.7060,4437.6877,3.164188,0.000000,0.000000,0.000000
902,15,15,6481008.1141,4437.6877,3.164188,0.000000,0.000000,0.000000
903,15,15,6481009.5182,4437.6877,3.164188,0.000000,0.000000,0.000000
904,15,15,6481010.8275,4437.6877,3.164189,0.000000,0.000000,0.000000
905,15,15,6481013.8928,4437.6877,3.164189,0.000000,-0.000000,0.000000
906,15,15,6481014.5384,4437.6877,3.164189,0.000000,0.000000,0.000000
907,15,15,6481015.3248,4437.6877,3.164189,0.000000,-0.000000,0.000000
908,15,15,6481015.4076,4437.6877,3.164189,0.000000,0.000000,0.000000
909,15,15,6481019.1856,4437.6877,3.164189,0.000000,0.000000,0.000000
910,15,15,6481030.8197,4437.6877,3.164190,0.000000,0.000000,0.000000
911,15,15,6481032.3788,4437.6877,3.164190,0.000000,0.000000,0.000000
912,15,15,6481032.6614,4437.6877,3.164190,0.000000,0.000000,0.000000
913,15,15,6481033.6302,4437.6877,3.164190,0.000000,0.000000,0.000000
914,15,15,6481034.4955,4437.6877,3.164190,0.000000,0.000000,0.000000
915,15,15,6481035.5435,4437.6877,3.164190,0.000000,-0.000000,0.000000
916,15,15,6481036.0706,4437.6877,3.164190,0.000000,-0.000000,0.000000
917,15,15,6481036.4322,4437.6877,3.164190,-0.000000,-0.000000,0.000000
918,15,15,6481038.0569,4437.6877,3.164190,0.000000,0.000000,0.000000
919,15,15,6481041.4922,4437.6877,3.164191,0.000000,0.000000,0.000000
920,15,15,6481044.9482,4437.6877,3.164191,0.000000,0.000000,0.000000
921,15,15,6481051.1931,4437.6877,3.164191,0.000000,0.000000,0.000000
922,15,15,6481051.7244,4437.6877,3.164191,0.000000,0.000000,0.000000
923,15,15,6481051.7634,4437.6877,3.164191,0.000000,0.000000,0.000000
924,15,15,6481052.8023,4437.6877,3.164191,0.000000,0.000000,0.000000
925,15,15,6481056.2958,4437.6877,3.164192,0.000000,0.000000,0.000000
926,15,15,6481059.4814,4437.6877,3.164192,0.000000,0.000000,0.000000
927,15,15,6481060.7564,4437.6877,3.164192,0.000000,0.000000,0.000000
928,15,15,6481077.6113,4437.6877,3.164193,0.000000,-0.000000,0.000000
929,15,15,6481081.6529,4437.6877,3.164193,0.000000,-0.000000,0.000000
930,15,15,6481081.7602,4437.6877,3.164193,0.000000,0.000000,0.000000
931,15,15,6481082.3196,4437.6877,3.164193,-0.000000,-0.000000,0.000000
932,15,15,6481089.6115,4437.6877,3.164194,0.000000,0.000000,-0.000000
933,15,15,6481089.8323,4437.6877,3.164194,0.000000,0.000000,0.000000
934,15,15,6481092.1401,4437.6877,3.164194,0.000000,0.000000,0.000000
935,15,15,6481095.5390,4437.6877,3.164194,0.000000,0.000000,0.000000
936,15,15,6481099.3975,4437.6877,3.164194,0.000000,0.000000,0.000000
937,15,15,6481102.0923,4437.6877,3.164195,0.000000,0.000000,0.000000
938,15,15,6481105.8529,4437.6877,3.164195,0.000000,0.000000,0.000000
939,15,15,6481106.5166,4437.6877,3.164195,0.000000,0.000000,0.000000
940,15,15,6481107.7201,4437.6877,3.164195,0.000000,-0.000000,-0.000000
941,15,15,6481108.3247,4437.6877,3.164195,0.000000,0.000000,0.000000
942,15,15,6481109.0766,4437.6877,3.164195,0.000000,-0.000000,0.000000
943,15,15,6481120.6119,4437.6877,3.164196,0.000000,-0.000000,0.000000
944,15,15,6481133.5865,4437.6877,3.164197,0.000000,0.000000,0.000000
945,15,15,6481134.5280,4437.6877,3.164197,0.000000,0.000000,0.000000
946,15,15,6481134.6642,4437.6877,3.164197,0.000000,0.000000,0.000000
947,15,15,6481135.5209,4437.6877,3.164197,0.000000,0.000000,0.000000
948,15,15,6481137.3537,4437.6877,3.164197,0.000000,0.000000,0.000000
949,15,15,6481154.2739,4437.6877,3.164198,-0.000000,0.000000,0.000000
950,15,15,6481159.2405,4437.6877,3.164198,0.000000,0.000000,0.000000
951,15,15,6481160.8522,4437.6877,3.164199,0.000000,0.000000,0.000000
952,15,15,6481160.8558,4437.6877,3.164199,0.000000,0.000000,0.000000
953,15,15,6481173.6720,4437.6877,3.164199,0.000000,0.000000,0.000000
954,15,15,6481178.5696,4437.6877,3.164200,0.000000,0.000000,0.000000
955,15,15,6481189.0058,4437.6877,3.164200,-0.000000,0.000000,0.000000
956,15,15,6481192.7497,4437.6877,3.164201,0.000000,0.000000,0.000000
957,15,15,6481193.1141,4437.6877,3.164201,0.000000,0.000000,0.000000
958,15,15,6481204.0732,4437.6877,3.164201,0.000000,0.000000,0.000000
959,15,15,6481204.4430,4437.6877,3.164202,0.000000,0.000000,0.000000
960,15,15,6481207.2361,4437.6877,3.164202,0.000000,-0.000000,0.000000
961,15,15,6481211.3341,4437.6877,3.164202,0.000000,0.000000,0.000000
962,15,15,6481211.8863,4437.6877,3.164202,0.000000,0.000000,0.000000
963,15,15,6481212.8660,4437.6877,3.164202,-0.000000,0.000000,0.000000
964,15,15,6481214.3163,4437.6877,3.164202,0.000000,-0.000000,0.000000
965,15,15,6481231.4316,4437.6877,3.164203,0.000000,-0.000000,0.000000
966,15,15,6481231.8962,4437.6877,3.164203,0.000000,0.000000,0.000000
967,15,15,6481233.6828,4437.6877,3.164203,0.000000,0.000000,0.000000
968,15,15,6481235.7010,4437.6877,3.164204,0.000000,-0.000000,-0.000000
969,15,15,6481237.3172,4437.6877,3.164204,0.000000,0.000000,0.000000
970,15,15,6481240.3455,4437.6877,3.164204,0.000000,0.000000,0.000000
971,15,15,6481242.2507,4437.6877,3.164204,0.000000,0.000000,0.000000
972,15,15,6481242.9879,4437.6877,3.164204,0.000000,-0.000000,0.000000
973,15,15,6481247.6911,4437.6877,3.164204,0.000000,-0.000000,0.000000
974,15,15,6481248.1684,4437.6877,3.164204,0.000000,0.000000,0.000000
975,15,15,6481249.9884,4437.6877,3.164205,0.000000,-0.000000,0.000000
976,15,15,6481251.3421,4437.6877,3.164205,0.000000,0.000000,0.000000
977,15,15,6481274.3051,4437.6877,3.164206,0.000000,0.000000,0.000000
978,15,15,6481277.1054,4437.6877,3.164206,0.000000,0.000000,0.000000
979,15,15,6481277.6468,4437.6877,3.164206,0.000000,0.000000,0.000000
980,15,15,6481286.5501,4437.6877,3.164207,0.000000,0.000000,0.000000
981,15,15,6481291.0010,4437.6877,3.164207,0.000000,0.000000,0.000000
982,15,15,6481291.2058,4437.6877,3.164207,0.000000,0.000000,0.000000
983,15,15,6481292.5001,4437.6877,3.164207,0.000000,0.000000,0.000000
984,15,15,6481296.2188,4437.6877,3.164208,0.000000,0.000000,0.000000
985,15,15,6481302.7976,4437.6877,3.164208,0.000000,0.000000,0.000000
986,15,15,6481312.0037,4437.6877,3.164209,0.000000,-0.000000,0.000000
987,15,15,6481312.2033,4437.6877,3.164209,0.000000,0.000000,0.000000
988,15,15,6481322.1776,4437.6877,3.164209,0.000000,0.000000,0.000000
989,15,15,6481326.1145,4437.6877,3.164210,0.000000,-0.000000,0.000000
990,15,15,6481327.5679,4437.6877,3.164210,0.000000,0.000000,0.000000
991,15,15,6481341.8410,4437.6877,3.164211,0.000000,0.000000,0.000000
992,15,15,6481350.9330,4437.6877,3.164211,0.000000,-0.000000,-0.000000
993,15,15,6481362.6765,4437.6877,3.164212,0.000000,0.000000,0.000000
994,15,15,6481363.5391,4437.6877,3.164212,0.000000,0.000000,0.000000
995,15,15,6481370.3496,4437.6877,3.164213,0.000000,0.000000,0.000000
996,15,15,6481371.0101,4437.6877,3.164213,-0.000000,-0.000000,0.000000
997,15,15,6481374.0496,4437.6877,3.164213,0.000000,-0.000000,0.000000
998,15,15,6481374.7899,4437.6877,3.164213,0.000000,0.000000,0.000000
999,15,15,6481381.6995,4437.6877,3.164213,0.000000,0.000000,0.000000
1000,15,15,6481398.9997,4437.6877,3.164215,0.000000,0.000000,0.000000
1001,15,15,6481405.1277,4437.6877,3.164215,0.000000,0.000000,0.000000
1002,15,15,6481407.4799,4437.6877,3.164215,0.000000,0.000000,0.000000
1003,15,15,6481411.1891,4437.6877,3.164215,-0.000000,0.000000,0.000000
1004,15,15,6481416.7663,4437.6877,3.164216,0.000000,0.000000,0.000000
1005,15,15,6481425.8942,4437.6877,3.164216,0.000000,-0.000000,-0.000000
1006,15,15,6481430.8338,4437.6877,3.164217,0.000000,0.000000,0.000000
1007,15,15,6481441.1900,4437.6877,3.164217,0.000000,0.000000,0.000000
1008,15,15,6481442.4033,4437.6877,3.164217,0.000000,0.000000,0.000000
1009,15,15,6481442.5000,4437.6877,3.164217,0.000000,0.000000,0.000000
1010,15,15,6481447.7297,4437.6877,3.164218,0.000000,-0.000000,0.000000
1011,15,15,6481452.2323,4437.6877,3.164218,0.000000,0.000000,0.000000
1012,15,15,6481467.6423,4437.6877,3.164219,0.000000,0.000000,0.000000
1013,15,15,6481476.6010,4437.6877,3.164220,0.000000,-0.000000,0.000000
1014,15,15,6481476.9625,4437.6877,3.164220,0.000000,0.000000,0.000000
1015,15,15,6481487.6709,4437.6877,3.164221,0.000000,0.000000,0.000000
1016,15,15,6481488.3265,4437.6877,3.164221,0.000000,0.000000,0.000000
1017,15,15,6481492.5113,4437.6877,3.164221,-0.000000,-0.000000,0.000000
1018,15,15,6481500.4976,4437.6877,3.164221,0.000000,0.000000,0.000000
1019,15,15,6481500.5045,4437.6877,3.164221,0.000000,-0.000000,0.000000
1020,15,15,6481501.0722,4437.6877,3.164221,0.000000,0.000000,0.000000
1021,15,15,6481501.6987,4437.6877,3.164221,0.000000,0.000000,0.000000
1022,15,15,6481507.3815,4437.6877,3.164222,0.000000,0.000000,0.000000
1023,15,15,6481507.9117,4437.6877,3.164222,0.000000,0.000000,0.000000
1024,15,15,6481520.9142,4437.6877,3.164223,0.000000,0.000000,0.000000
1025,15,15,6481522.2816,4437.6877,3.164223,0.000000,0.000000,0.000000
1026,15,15,6481525.4972,4437.6877,3.164223,0.000000,0.000000,0.000000
1027,15,15,6481526.3834,4437.6877,3.164223,0.000000,-0.000000,0.000000
1028,15,15,6481526.5152,4437.6877,3.164223,0.000000,0.000000,0.000000
1029,15,15,6481547.1896,4437.6877,3.164225,0.000000,0.000000,0.000000
1030,15,15,6481555.5920,4437.6877,3.164225,0.000000,-0.000000,0.000000
1031,15,15,6481557.4826,4437.6877,3.164225,0.000000,0.000000,0.000000
1032,15,15,6481559.7660,4437.6877,3.164225,0.000000,0.000000,0.000000
1033,15,15,6481565.0289,4437.6877,3.164226,0.000000,0.000000,0.000000
1034,15,15,6481569.6909,4437.6877,3.164226,0.000000,0.000000,0.000000
1035,15,15,6481570.8298,4437.6877,3.164226,0.000000,0.000000,0.000000
1036,15,15,6481572.1511,4437.6877,3.164226,0.000000,0.000000,0.000000
1037,15,15,6481572.3758,4437.6877,3.164226,0.000000,0.000000,0.000000
1038,15,15,6481575.6479,4437.6877,3.164226,0.000000,0.000000,0.000000
1039,15,15,6481578.3846,4437.6877,3.164227,-0.000000,-0.000000,0.000000
1040,15,15,6481587.1458,4437.6877,3.164227,0.000000,0.000000,0.000000
1041,15,15,6481606.8802,4437.6877,3.164229,0.000000,0.000000,0.000000
1042,15,15,6481607.3123,4437.6877,3.164229,0.000000,0.000000,0.000000
1043,15,15,6481613.1575,4437.6877,3.164229,0.000000,0.000000,0.000000
1044,15,15,6481639.9571,4437.6877,3.164231,0.000000,0.000000,0.000000
1045,15,15,6481642.6872,4437.6877,3.164231,0.000000,0.000000,0.000000
1046,15,15,6481646.6425,4437.6877,3.164231,0.000000,-0.000000,0.000000
1047,15,15,6481647.5339,4437.6877,3.164231,0.000000,0.000000,0.000000
1048,15,15,6481656.0004,4437.6877,3.164232,0.000000,0.000000,0.000000
1049,15,15,6481674.2347,4437.6877,3.164233,0.000000,0.000000,0.000000
1050,15,15,6481676.2286,4437.6877,3.164233,0.000000,0.000000,0.000000
1051,15,15,6481679.0781,4437.6877,3.164233,0.000000,0.000000,0.000000
1052,15,15,6481681.5410,4437.6877,3.164234,0.000000,0.000000,0.000000
1053,15,15,6481682.4892,4437.6877,3.164234,0.000000,0.000000,0.000000
1054,15,15,6481688.9342,4437.6877,3.164234,0.000000,0.000000,0.000000
1055,15,15,6481689.4032,4437.6877,3.164234,0.000000,-0.000000,0.000000
1056,15,15,6481691.3655,4437.6877,3.164234,0.000000,0.000000,0.000000
1057,15,15,6481691.4550,4437.6877,3.164234,0.000000,0.000000,0.000000
1058,15,15,6481691.8283,4437.6877,3.164234,0.000000,0.000000,0.000000
1059,15,15,6481695.7316,4437.6877,3.164234,-0.000000,0.000000,0.000000
1060,15,15,6481698.3305,4437.6877,3.164235,0.000000,0.000000,0.000000
1061,15,15,6481698.8333,4437.6877,3.164235,0.000000,0.000000,0.000000
1062,15,15,6481702.2365,4437.6877,3.164235,0.000000,-0.000000,0.000000
1063,15,15,6481703.8938,4437.6877,3.164235,0.000000,0.000000,0.000000
1064,15,15,6481710.3367,4437.6877,3.164235,0.000000,0.000000,0.000000
1065,15,15,6481747.2541,4437.6877,3.164238,0.000000,-0.000000,0.000000
1066,15,15,6481748.3358,4437.6877,3.164238,0.000000,0.000000,0.000000
1067,15,15,6481751.4311,4437.6877,3.164238,0.000000,0.000000,0.000000
1068,15,15,6481755.7679,4437.6877,3.164238,0.000000,0.000000,0.000000
1069,15,15,6481756.3649,4437.6877,3.164239,0.000000,0.000000,0.000000
1070,15,15,6481759.9921,4437.6877,3.164239,0.000000,-0.000000,0.000000
1071,15,15,6481764.6616,4437.6877,3.164239,0.000000,0.000000,0.000000
1072,15,15,6481768.4135,4437.6877,3.164239,0.000000,0.000000,0.000000
1073,15,15,6481775.8267,4437.6877,3.164240,0.000000,0.000000,0.000000
1074,15,15,6481781.6779,4437.6877,3.164240,0.000000,0.000000,0.000000
1075,15,15,6481782.6360,4437.6877,3.164240,0.000000,0.000000,0.000000
1076,15,15,6481786.1596,4437.6877,3.164241,0.000000,0.000000,0.000000
1077,15,15,6481793.5751,4437.6877,3.164241,0.000000,-0.000000,0.000000
1078,15,15,6481799.1943,4437.6877,3.164241,0.000000,0.000000,0.000000
1079,15,15,6481802.3763,4437.6877,3.164242,0.000000,0.000000,0.000000
1080,15,15,6481803.4826,4437.6877,3.164242,0.000000,0.000000,0.000000
1081,15,15,6481809.0819,4437.6877,3.164242,0.000000,-0.000000,0.000000
1082,15,15,6481812.8944,4437.6877,3.164242,-0.000000,-0.000000,0.000000
1083,15,15,6481816.9838,4437.6877,3.164243,0.000000,0.000000,0.000000
1084,15,15,6481821.1115,4437.6877,3.164243,0.000000,0.000000,0.000000
1085,15,15,6481825.8818,4437.6877,3.164243,0.000000,-0.000000,0.000000
1086,15,15,6481833.4547,4437.6877,3.164244,0.000000,0.000000,0.000000
1087,15,15,6481833.8857,4437.6877,3.164244,0.000000,0.000000,0.000000
1088,15,15,6481835.0518,4437.6877,3.164244,0.000000,0.000000,0.000000
1089,15,15,6481835.9494,4437.6877,3.164244,0.000000,0.000000,0.000000
1090,15,15,6481837.7540,4437.6877,3.164244,0.000000,0.000000,0.000000
1091,15,15,6481842.3249,4437.6877,3.164244,0.000000,0.000000,0.000000
1092,15,15,6481843.8250,4437.6877,3.164244,0.000000,0.000000,0.000000
1093,15,15,6481848.4390,4437.6877,3.164245,0.000000,0.000000,0.000000
1094,15,15,6481850.2911,4437.6877,3.164245,-0.000000,-0.000000,0.000000
1095,15,15,6481860.1545,4437.6877,3.164245,0.000000,0.000000,0.000000
1096,15,15,6481861.8086,4437.6877,3.164246,0.000000,-0.000000,0.000000
1097,15,15,6481870.3222,4437.6877,3.164246,0.000000,0.000000,0.000000
1098,15,15,6481870.5747,4437.6877,3.164246,0.000000,-0.000000,0.000000
1099,15,15,6481874.5624,4437.6877,3.164246,0.000000,0.000000,0.000000
1100,15,15,6481876.8293,4437.6877,3.164247,0.000000,0.000000,0.000000
1101,15,15,6481881.8110,4437.6877,3.164247,0.000000,0.000000,0.000000
1102,15,15,6481888.3098,4437.6877,3.164247,0.000000,0.000000,0.000000
1103,15,15,6481892.2708,4437.6877,3.164248,0.000000,-0.000000,0.000000
1104,15,15,6481895.9732,4437.6877,3.164248,0.000000,0.000000,0.000000
1105,15,15,6481905.1754,4437.6877,3.164249,0.000000,0.000000,0.000000
1106,15,15,6481908.7114,4437.6877,3.164249,0.000000,0.000000,0.000000
1107,15,15,6481909.9345,4437.6877,3.164249,0.000000,-0.000000,0.000000
1108,15,15,6481915.9189,4437.6877,3.164249,0.000000,-0.000000,0.000000
1109,15,15,6481917.3577,4437.6877,3.164249,0.000000,-0.000000,0.000000
1110,15,15,6481919.7173,4437.6877,3.164249,0.000000,0.000000,0.000000
1111,15,15,6481938.0134,4437.6877,3.164251,0.000000,0.000000,0.000000
1112,15,15,6481958.9745,4437.6877,3.164252,-0.000000,-0.000000,-0.000000
1113,15,15,6481964.9381,4437.6877,3.164253,0.000000,-0.000000,0.000000
1114,15,15,6481965.2084,4437.6877,3.164253,0.000000,0.000000,0.000000
1115,15,15,6481965.9454,4437.6877,3.164253,0.000000,0.000000,0.000000
1116,15,15,6481969.1849,4437.6877,3.164253,0.000000,-0.000000,-0.000000
1117,15,15,6481973.3290,4437.6877,3.164253,0.000000,0.000000,0.000000
1118,15,15,6481975.1953,4437.6877,3.164253,0.000000,-0.000000,0.000000
1119,15,15,6481975.7865,4437.6877,3.164253,0.000000,0.000000,0.000000
1120,15,15,6481976.1247,4437.6877,3.164253,0.050705,3.415340,6.311916
1121,15,15,6481978.4203,4437.6877,3.164253,0.000000,-0.000000,0.000000
1122,15,15,6481979.0710,4437.6877,3.164253,0.000000,0.000000,0.000000
1123,15,15,6481991.1848,4437.6877,3.164254,0.000000,-0.000000,0.000000
1124,15,15,6481996.7677,4437.6877,3.164255,0.000000,0.000000,0.000000
1125,15,15,6481998.2967,4437.6877,3.164255,0.000000,-0.000000,0.000000
1126,15,15,6482001.6277,4437.6877,3.164255,0.000000,0.000000,0.000000
1127,15,15,6482002.7240,4437.6877,3.164255,0.000000,-0.000000,0.000000
1128,15,15,6482004.6733,4437.6877,3.164255,0.000000,0.000000,0.000000
1129,15,15,6482010.7305,4437.6877,3.164256,0.000000,-0.000000,0.000000
1130,15,15,6482016.6847,4437.6877,3.164256,0.000000,0.000000,0.000000
1131,15,15,6482018.4617,4437.6877,3.164256,0.000000,0.000000,0.000000
1132,15,15,6482019.4030,4437.6877,3.164256,0.000000,0.000000,0.000000
1133,15,15,6482020.5373,4437.6877,3.164256,0.000000,0.000000,0.000000
1134,15,15,6482021.8103,4437.6877,3.164256,0.000000,0.000000,0.000000
1135,15,15,6482023.1011,4437.6877,3.164256,0.000000,-0.000000,0.000000
1136,15,15,6482033.4283,4437.6877,3.164257,0.000000,0.000000,0.000000
1137,15,15,6482038.4018,4437.6877,3.164257,-0.000000,-0.000000,-0.000000
1138,15,15,6482045.2468,4437.6877,3.164258,0.000000,0.000000,0.000000
1139,15,15,6482047.3656,4437.6877,3.164258,0.000000,0.000000,0.000000
1140,15,15,6482048.7869,4437.6877,3.164258,0.018975,3.347867,6.244420
1141,15,15,6482060.1562,4437.6877,3.164259,0.000000,0.000000,0.000000
1142,15,15,6482062.8929,4437.6877,3.164259,0.000000,0.000000,0.000000
1143,15,15,6482065.8091,4437.6877,3.164259,0.015555,3.490683,6.387062
1144,15,15,6482066.0381,4437.6877,3.164259,-0.005466,3.454858,6.351210
1145,15,15,6482073.0692,4437.6877,3.164260,-0.000000,-0.000000,0.000000
1146,15,15,6482075.9008,4437.6877,3.164260,0.000076,2.368039,5.264402
1147,15,15,6482076.3020,4437.6877,3.164260,0.009940,3.279719,6.176124
1148,15,15,6482083.3960,4437.6877,3.164260,0.000000,0.000000,0.000000
1149,15,15,6482084.0846,4437.6877,3.164261,0.000000,0.000000,0.000000
1150,15,15,6482085.7515,4437.6877,3.164261,0.004845,2.945380,5.841943
1151,15,15,6482085.9401,4437.6877,3.164261,0.018102,3.136716,6.033287
1152,15,15,6482089.2019,4437.6877,3.164261,0.000000,-0.000000,0.000000
1153,15,15,6482096.0424,4437.6877,3.164261,0.000000,0.000000,0.000000
1154,15,15,6482101.7140,4437.6877,3.164262,0.000000,-0.000000,-0.000000
1155,15,15,6482107.2085,4437.6877,3.164262,0.000000,0.000000,0.000000
1156,15,15,6482107.6626,4437.6877,3.164262,0.000000,-0.000000,0.000000
1157,15,15,6482110.1610,4437.6877,3.164262,0.000000,0.000000,0.000000
1158,15,15,6482115.4111,4437.6877,3.164263,-0.000000,-0.000000,0.000000
1159,15,15,6482115.9160,4437.6877,3.164263,0.000000,0.000000,0.000000
1160,15,15,6482117.1709,4437.6877,3.164263,0.000000,0.000000,0.000000
1161,15,15,6482119.4364,4437.6877,3.164263,0.000000,0.000000,0.000000
1162,15,15,6482119.8928,4437.6877,3.164263,0.000000,0.000000,0.000000
1163,15,15,6482123.1878,4437.6877,3.164263,0.000000,0.000000,0.000000
1164,15,15,6482123.1943,4437.6877,3.164263,0.000000,-0.000000,0.000000
1165,15,15,6482124.1609,4437.6877,3.164263,0.000000,0.000000,0.000000
1166,15,15,6482124.2670,4437.6877,3.164263,0.000000,0.000000,0.000000
1167,15,15,6482126.3563,4437.6877,3.164263,0.000000,-0.000000,-0.000000
1168,15,15,6482129.7163,4437.6877,3.164264,-0.000000,-0.000000,0.000000
1169,15,15,6482129.8958,4437.6877,3.164264,0.000000,0.000000,0.000000
1170,15,15,6482132.9018,4437.6877,3.164264,0.000000,-0.000000,0.000000
1171,15,15,6482140.9911,4437.6877,3.164264,0.000000,0.000000,0.000000
1172,15,15,6482145.4076,4437.6877,3.164265,0.000000,0.000000,0.000000
1173,15,15,6482149.0389,4437.6877,3.164265,-0.000000,-0.000000,0.000000
1174,15,15,6482150.3965,4437.6877,3.164265,0.000000,0.000000,0.000000
1175,15,15,6482156.0599,4437.6877,3.164265,0.000000,0.000000,0.000000
1176,15,15,6482159.9732,4437.6877,3.164266,0.000000,0.000000,0.000000
1177,15,15,6482161.9726,4437.6877,3.164266,0.000000,0.000000,0.000000
1178,15,15,6482163.9363,4437.6877,3.164266,0.000000,-0.000000,-0.000000
1179,15,15,6482167.2745,4437.6877,3.164266,0.000000,-0.000000,-0.000000
1180,15,15,6482172.4301,4437.6877,3.164266,0.000000,0.000000,0.000000
1181,15,15,6482173.7812,4437.6877,3.164267,0.047339,3.282460,6.179033
1182,15,15,6482173.9823,4437.6877,3.164267,0.000000,0.000000,0.000000
1183,15,15,6482175.4837,4437.6877,3.164267,0.000000,-0.000000,0.000000
1184,15,15,6482175.9366,4437.6877,3.164267,0.000000,0.000000,0.000000
1185,15,15,6482181.9622,4437.6877,3.164267,0.000000,0.000000,0.000000
1186,15,15,6482184.1872,4437.6877,3.164267,0.000000,-0.000000,-0.000000
1187,15,15,6482185.4243,4437.6877,3.164267,-0.000000,0.000000,0.000000
1188,15,15,6482188.1864,4437.6877,3.164267,0.000000,0.000000,0.000000
1189,15,15,6482198.7374,4437.6877,3.164268,0.001106,2.280933,5.177509
1190,15,15,6482199.1391,4437.6877,3.164268,0.000000,0.000000,0.000000
1191,15,15,6482200.9382,4437.6877,3.164268,0.000000,0.000000,0.000000
1192,15,15,6482202.2325,4437.6877,3.164268,0.000000,-0.000000,0.000000
1193,15,15,6482207.8965,4437.6877,3.164269,0.000000,0.000000,0.000000
1194,15,15,6482211.0877,4437.6877,3.164269,0.029655,3.319714,6.216233
1195,15,15,6482215.6392,4437.6877,3.164269,0.030700,3.318576,6.215119
1196,15,15,6482217.6970,4437.6877,3.164269,0.000000,-0.000000,0.000000
1197,15,15,6482225.6516,4437.6877,3.164270,0.000000,0.000000,0.000000
1198,15,15,6482229.4138,4437.6877,3.164270,0.000000,0.000000,0.000000
1199,15,15,6482233.0556,4437.6877,3.164270,0.000000,-0.000000,0.000000
1200,15,15,6482235.1772,4437.6877,3.164271,0.000000,0.000000,0.000000
1201,15,15,6482237.2322,4437.6877,3.164271,0.005511,3.032545,5.929039
1202,15,15,6482238.6233,4437.6877,3.164271,-0.000000,-0.000000,0.000000
1203,15,15,6482239.0574,4437.6877,3.164271,0.030622,3.256941,6.153514
1204,15,15,6482244.8211,4437.6877,3.164271,0.000000,0.000000,0.000000
1205,15,15,6482245.4173,4437.6877,3.164271,0.000000,0.000000,0.000000
1206,15,15,6482247.0067,4437.6877,3.164271,0.000000,0.000000,0.000000
1207,15,15,6482248.8214,4437.6877,3.164272,0.000000,-0.000000,-0.000000
1208,15,15,6482251.7429,4437.6877,3.164272,0.000000,0.000000,0.000000
1209,15,15,6482258.2787,4437.6877,3.164272,0.000000,0.000000,0.000000
1210,15,15,6482262.5539,4437.6877,3.164272,0.000000,0.000000,0.000000
1211,15,15,6482262.5967,4437.6877,3.164272,0.009670,3.128951,6.025500
1212,15,15,6482264.7436,4437.6877,3.164273,0.000000,0.000000,0.000000
1213,15,15,6482268.8622,4437.6877,3.164273,0.000000,0.000000,0.000000
1214,15,15,6482269.6960,4437.6877,3.164273,0.000810,2.434627,5.331173
1215,15,15,6482270.8656,4437.6877,3.164273,0.002153,2.652145,5.548683
1216,15,15,6482272.5809,4437.6877,3.164273,0.000000,0.000000,0.000000
1217,15,15,6482272.7709,4437.6877,3.164273,0.003303,2.757973,5.654521
1218,15,15,6482273.3093,4437.6877,3.164273,0.000000,0.000000,0.000000
1219,15,15,6482276.5210,4437.6877,3.164273,0.000000,0.000000,0.000000
1220,15,15,6482281.5139,4437.6877,3.164274,0.000000,-0.000000,0.000000
1221,15,15,6482282.9035,4437.6877,3.164274,0.000000,-0.000000,0.000000
1222,15,15,6482284.4541,4437.6877,3.164274,-0.003721,2.187924,5.083595
1223,15,15,6482287.2763,4437.6877,3.164274,0.000000,0.000000,0.000000
1224,15,15,6482292.9871,4437.6877,3.164275,0.000000,0.000000,0.000000
1225,15,15,6482295.8086,4437.6877,3.164275,0.000000,0.000000,0.000000
1226,15,15,6482296.4749,4437.6877,3.164275,0.000000,-0.000000,-0.000000
1227,15,15,6482298.5151,4437.6877,3.164275,0.002030,2.730190,5.626715
1228,15,15,6482299.3546,4437.6877,3.164275,0.000000,0.000000,0.000000
1229,15,15,6482301.0160,4437.6877,3.164275,0.000000,0.000000,0.000000
1230,15,15,6482303.3770,4437.6877,3.164275,0.000000,-0.000000,0.000000
1231,15,15,6482305.6080,4437.6877,3.164275,0.000446,1.725965,4.623159
1232,15,15,6482311.1076,4437.6877,3.164276,0.000000,0.000000,0.000000
1233,15,15,6482314.0783,4437.6877,3.164276,0.000000,0.000000,0.000000
1234,15,15,6482323.0036,4437.6877,3.164277,0.000000,0.000000,0.000000
1235,15,15,6482324.9631,4437.6877,3.164277,0.000713,2.456692,5.353232
1236,15,15,6482329.0761,4437.6877,3.164277,0.000000,0.000000,0.000000
1237,15,15,6482333.4724,4437.6877,3.164277,0.000000,-0.000000,0.000000
1238,15,15,6482335.3877,4437.6877,3.164277,0.000000,0.000000,0.000000
1239,15,15,6482337.0694,4437.6877,3.164277,0.000448,2.471364,5.367924
1240,15,15,6482339.8353,4437.6877,3.164278,0.000132,2.137297,5.033838
1241,15,15,6482342.5312,4437.6877,3.164278,0.000000,0.000000,0.000000
1242,15,15,6482343.8373,4437.6877,3.164278,0.000000,0.000000,0.000000
1243,15,15,6482344.1955,4437.6877,3.164278,0.000000,-0.000000,-0.000000
1244,15,15,6482356.8905,4437.6877,3.164279,0.013713,3.155162,6.051700
1245,15,15,6482358.0137,4437.6877,3.164279,0.001943,2.616975,5.513522
1246,15,15,6482358.7341,4437.6877,3.164279,0.003882,2.673348,5.569896
1247,15,15,6482361.3338,4437.6877,3.164279,0.000000,-0.000000,0.000000
1248,15,15,6482361.4783,4437.6877,3.164279,0.000000,0.000000,0.000000
1249,15,15,6482362.4105,4437.6877,3.164279,0.000000,0.000000,0.000000
1250,15,15,6482369.2368,4437.6877,3.164280,0.023560,3.242191,6.138735
1251,15,15,6482370.7529,4437.6877,3.164280,0.001869,2.682854,5.579389
1252,15,15,6482377.7376,4437.6877,3.164280,0.000273,2.264158,5.160691
1253,15,15,6482378.8312,4437.6877,3.164280,0.009751,3.010311,5.906848
1254,15,15,6482379.5424,4437.6877,3.164280,0.000000,0.000000,0.000000
1255,15,15,6482381.3418,4437.6877,3.164280,0.017989,3.170534,6.067083
1256,15,15,6482392.8634,4437.6877,3.164281,0.000000,0.000000,0.000000
1257,15,15,6482395.0788,4437.6877,3.164281,0.002251,2.761024,5.657508
1258,15,15,6482395.4657,4437.6877,3.164281,0.000625,2.533950,5.430443
1259,15,15,6482397.8096,4437.6877,3.164282,0.000941,2.515940,5.412424
1260,15,15,6482400.0315,4437.6877,3.164282,0.003406,2.804987,5.701495
1261,15,15,6482400.4327,4437.6877,3.164282,0.005389,2.932465,5.828985
1262,15,15,6482401.2713,4437.6877,3.164282,0.014573,3.198090,6.094603
1263,15,15,6482402.9667,4437.6877,3.164282,0.002868,2.894817,5.791294
1264,15,15,6482407.1999,4437.6877,3.164282,0.000629,2.338090,5.234543
1265,15,15,6482412.2344,4437.6877,3.164283,0.003475,2.806859,5.703416
1266,15,15,6482413.0278,4437.6877,3.164283,0.000017,1.722850,4.619311
1267,15,15,6482417.4713,4437.6877,3.164283,0.000000,0.000000,0.000000
1268,15,15,6482418.6665,4437.6877,3.164283,0.000000,0.000000,0.000000
1269,15,15,6482420.6623,4437.6877,3.164283,0.000651,2.517452,5.413994
1270,15,15,6482422.4552,4437.6877,3.164283,0.003371,2.858013,5.754496
1271,15,15,6482422.5747,4437.6877,3.164283,0.000000,0.000000,0.000000
1272,15,15,6482423.9914,4437.6877,3.164283,0.000211,2.190768,5.087287
1273,15,15,6482424.5951,4437.6877,3.164283,0.002085,2.761624,5.658142
1274,15,15,6482434.3044,4437.6877,3.164284,0.001266,2.736394,5.632891
1275,15,15,6482438.3787,4437.6877,3.164284,0.000051,1.953414,4.849891
1276,15,15,6482441.7894,4437.6877,3.164284,0.006948,2.964143,5.860665
1277,15,15,6482444.8881,4437.6877,3.164285,0.000000,0.000000,0.000000
1278,15,15,6482445.9522,4437.6877,3.164285,0.012774,3.203075,6.099548
1279,15,15,6482447.7551,4437.6877,3.164285,0.000645,2.514557,5.411061
1280,15,15,6482449.2499,4437.6877,3.164285,0.006769,2.965387,5.861911
1281,15,15,6482456.1550,4437.6877,3.164285,0.000000,0.000000,0.000000
1282,15,15,6482456.3916,4437.6877,3.164285,0.003294,2.841673,5.738186
1283,15,15,6482457.6759,4437.6877,3.164286,0.000000,0.000000,0.000000
1284,15,15,6482461.4913,4437.6877,3.164286,-0.000535,2.164030,5.060290
1285,15,15,6482464.7880,4437.6877,3.164286,0.000000,0.000000,0.000000
1286,15,15,6482470.7500,4437.6877,3.164286,0.000000,0.000000,0.000000
1287,15,15,6482471.8459,4437.6877,3.164286,0.000000,0.000000,0.000000
1288,15,15,6482474.4136,4437.6877,3.164287,0.000000,0.000000,0.000000
1289,15,15,6482477.7733,4437.6877,3.164287,0.000110,2.181513,5.078032
1290,15,15,6482482.6681,4437.6877,3.164287,0.000000,0.000000,0.000000
1291,15,15,6482489.6950,4437.6877,3.164288,-0.000000,-0.000000,0.000000
1292,15,15,6482492.1275,4437.6877,3.164288,0.000000,0.000000,0.000000
1293,15,15,6482494.0882,4437.6877,3.164288,0.016460,3.160170,6.056710
1294,15,15,6482495.3918,4437.6877,3.164288,0.019711,3.140269,6.036803
1295,15,15,6482495.4748,4437.6877,3.164288,0.000350,2.351355,5.247894
1296,15,15,6482504.8827,4437.6877,3.164289,0.006570,2.998391,5.894938
1297,15,15,6482506.4036,4437.6877,3.164289,0.000000,0.000000,0.000000
1298,15,15,6482508.0376,4437.6877,3.164289,0.018971,3.213503,6.110033
1299,15,15,6482508.5750,4437.6877,3.164289,0.006131,2.982369,5.878885
1300,15,15,6482509.5733,4437.6877,3.164289,0.000100,1.676627,4.573285
1301,15,15,6482512.7896,4437.6877,3.164289,0.000000,0.000000,0.000000
1302,15,15,6482515.7795,4437.6877,3.164289,0.003665,2.817814,5.714326
1303,15,15,6482516.1005,4437.6877,3.164289,0.000000,0.000000,0.000000
1304,15,15,6482516.7902,4437.6877,3.164290,0.000000,0.000000,0.000000
1305,15,15,6482523.4299,4437.6877,3.164290,0.000000,0.000000,0.000000
1306,15,15,6482525.3114,4437.6877,3.164290,0.013718,3.056407,5.952929
1307,15,15,6482526.3739,4437.6877,3.164290,0.005131,2.822844,5.719377
1308,15,15,6482530.7127,4437.6877,3.164290,0.004889,2.775863,5.672435
1309,15,15,6482532.9678,4437.6877,3.164291,0.000000,0.000000,0.000000
1310,15,15,6482533.4557,4437.6877,3.164291,0.004509,2.836752,5.733266
1311,15,15,6482543.4124,4437.6877,3.164291,0.000000,0.000000,0.000000
1312,15,15,6482545.3252,4437.6877,3.164291,0.000000,0.000000,0.000000
1313,15,15,6482552.6152,4437.6877,3.164292,0.000503,2.128685,5.025234
1314,15,15,6482553.7576,4437.6877,3.164292,0.000008,1.548040,4.444362
1315,15,15,6482558.8402,4437.6877,3.164292,-0.000000,0.000000,-0.000000
1316,15,15,6482560.0657,4437.6877,3.164292,0.000000,0.000000,0.000000
1317,15,15,6482562.5873,4437.6877,3.164293,0.000000,-0.000000,0.000000
1318,15,15,6482562.8135,4437.6877,3.164293,0.000000,0.000000,0.000000
1319,15,15,6482565.6131,4437.6877,3.164293,0.000000,0.000000,0.000000
1320,15,15,6482566.8296,4437.6877,3.164293,0.000000,-0.000000,0.000000
1321,15,15,6482571.8146,4437.6877,3.164293,0.005632,3.029343,5.925825
1322,15,15,6482573.8890,4437.6877,3.164293,0.008699,3.022024,5.918542
1323,15,15,6482575.2072,4437.6877,3.164293,0.010576,3.110295,6.006811
1324,15,15,6482576.5079,4437.6877,3.164294,0.012494,3.109065,6.005582
1325,15,15,6482585.8136,4437.6877,3.164294,0.000183,2.179894,5.076432
1326,15,15,6482586.2902,4437.6877,3.164294,0.007028,2.931407,5.827940
1327,15,15,6482587.1835,4437.6877,3.164294,0.000000,0.000000,0.000000
1328,15,15,6482591.8948,4437.6877,3.164295,0.000000,-0.000000,0.000000
1329,15,15,6482595.9362,4437.6877,3.164295,0.006130,2.943757,5.840261
1330,15,15,6482596.4571,4437.6877,3.164295,0.000136,2.110499,5.007009
1331,15,15,6482596.6459,4437.6877,3.164295,0.000448,2.317055,5.213572
1332,15,15,6482600.8775,4437.6877,3.164295,0.001042,2.834233,5.730745
1333,15,15,6482601.4786,4437.6877,3.164295,0.011122,2.936056,5.832623
1334,15,15,6482602.3844,4437.6877,3.164295,0.000000,0.000000,0.000000
1335,15,15,6482608.8317,4437.6877,3.164296,0.011679,3.176229,6.072769
1336,15,15,6482614.4653,4437.6877,3.164296,0.007689,3.064774,5.961298
1337,15,15,6482617.2147,4437.6877,3.164296,0.002135,2.679292,5.575826
1338,15,15,6482618.1654,4437.6877,3.164296,0.000000,0.000000,0.000000
1339,15,15,6482628.7372,4437.6877,3.164297,0.000000,0.000000,0.000000
1340,15,15,6482632.3632,4437.6877,3.164297,0.006923,2.766561,5.663158
1341,15,15,6482639.1065,4437.6877,3.164298,0.000000,0.000000,0.000000
1342,15,15,6482645.1237,4437.6877,3.164298,0.000000,-0.000000,0.000000
1343,15,15,6482646.4722,4437.6877,3.164298,0.000000,0.000000,0.000000
1344,15,15,6482647.2044,4437.6877,3.164298,-0.000000,0.000000,0.000000
1345,15,15,6482648.7262,4437.6877,3.164298,0.000000,0.000000,0.000000
1346,15,15,6482656.9152,4437.6877,3.164299,0.000000,0.000000,0.000000
1347,15,15,6482659.3812,4437.6877,3.164299,0.000000,0.000000,0.000000
1348,15,15,6482659.9221,4437.6877,3.164299,0.000000,0.000000,0.000000
1349,15,15,6482665.4626,4437.6877,3.164299,0.000000,0.000000,0.000000
1350,15,15,6482670.4139,4437.6877,3.164300,0.005847,2.987329,5.883856
1351,15,15,6482680.2608,4437.6877,3.164300,0.003385,3.031709,5.928195
1352,15,15,6482682.4027,4437.6877,3.164301,0.000000,0.000000,0.000000
1353,15,15,6482683.7172,4437.6877,3.164301,0.000000,0.000000,0.000000
1354,15,15,6482695.2266,4437.6877,3.164301,-0.000000,0.000000,0.000000
1355,15,15,6482697.3824,4437.6877,3.164302,0.005894,2.905235,5.801760
1356,15,15,6482697.7215,4437.6877,3.164302,0.000000,0.000000,0.000000
1357,15,15,6482698.8610,4437.6877,3.164302,0.000000,-0.000000,0.000000
1358,15,15,6482720.4155,4437.6877,3.164303,0.005580,2.858216,5.754743
1359,15,15,6482721.1315,4437.6877,3.164303,0.000000,0.000000,0.000000
1360,15,15,6482722.1211,4437.6877,3.164303,0.000000,0.000000,0.000000
1361,15,15,6482727.8605,4437.6877,3.164304,0.016202,3.109648,6.006181
1362,15,15,6482731.2091,4437.6877,3.164304,0.000000,0.000000,0.000000
1363,15,15,6482731.7475,4437.6877,3.164304,0.005033,2.819043,5.715589
1364,15,15,6482734.5012,4437.6877,3.164304,0.000000,0.000000,0.000000
1365,15,15,6482738.9535,4437.6877,3.164304,0.012361,2.954234,5.850791
1366,15,15,6482739.7460,4437.6877,3.164304,0.034403,3.212813,6.109364
1367,15,15,6482749.1655,4437.6877,3.164305,0.000000,0.000000,0.000000
1368,15,15,6482750.4456,4437.6877,3.164305,0.000000,0.000000,0.000000
1369,15,15,6482766.6369,4437.6877,3.164306,0.002014,2.602593,5.499133
1370,15,15,6482771.0059,4437.6877,3.164307,0.005148,2.799820,5.696370
1371,15,15,6482771.7940,4437.6877,3.164307,0.000000,0.000000,0.000000
1372,15,15,6482779.5522,4437.6877,3.164307,0.000000,0.000000,0.000000
1373,15,15,6482780.6871,4437.6877,3.164307,0.009247,3.020162,5.916683
1374,15,15,6482792.5766,4437.6877,3.164308,0.000000,0.000000,-0.000000
1375,15,15,6482792.6041,4437.6877,3.164308,0.000000,0.000000,0.000000
1376,15,15,6482797.1030,4437.6877,3.164308,0.001733,2.567285,5.463818
1377,15,15,6482800.4457,4437.6877,3.164309,0.001359,2.512534,5.409076
1378,15,15,6482802.6901,4437.6877,3.164309,0.000000,0.000000,0.000000
1379,15,15,6482805.7237,4437.6877,3.164309,0.000000,0.000000,0.000000
1380,15,15,6482829.1996,4437.6877,3.164310,0.011840,3.068390,5.964912
1381,15,15,6482831.2676,4437.6877,3.164311,0.002368,2.626119,5.522660
1382,15,15,6482838.0331,4437.6877,3.164311,-0.000000,-0.000000,0.000000
1383,15,15,6482838.0815,4437.6877,3.164311,0.000000,-0.000000,0.000000
1384,15,15,6482839.5956,4437.6877,3.164311,0.005108,2.941399,5.837912
1385,15,15,6482843.6507,4437.6877,3.164311,0.000000,0.000000,0.000000
1386,15,15,6482846.3475,4437.6877,3.164312,-0.000000,0.000000,0.000000
1387,15,15,6482863.2409,4437.6877,3.164313,0.000000,0.000000,0.000000
1388,15,15,6482865.0452,4437.6877,3.164313,0.000000,0.000000,0.000000
1389,15,15,6482868.0887,4437.6877,3.164313,0.000000,0.000000,0.000000
1390,15,15,6482889.9016,4437.6877,3.164315,0.009537,2.939551,5.836086
1391,15,15,6482891.3583,4437.6877,3.164315,0.000000,0.000000,0.000000
1392,15,15,6482891.8423,4437.6877,3.164315,0.000000,0.000000,0.000000
1393,15,15,6482900.1954,4437.6877,3.164315,0.000000,0.000000,0.000000
1394,15,15,6482923.5937,4437.6877,3.164317,0.000000,0.000000,0.000000
1395,15,15,6482926.3328,4437.6877,3.164317,0.000997,2.470373,5.366859
1396,15,15,6482931.3970,4437.6877,3.164317,0.006670,2.883928,5.780478
1397,15,15,6482935.5090,4437.6877,3.164318,0.000000,0.000000,0.000000
1398,15,15,6482936.7614,4437.6877,3.164318,0.009825,2.972560,5.869105
1399,15,15,6482938.6040,4437.6877,3.164318,0.000108,1.927773,4.824279
1400,15,15,6482948.7215,4437.6877,3.164318,0.000157,2.072443,4.968952
1401,15,15,6482953.9950,4437.6877,3.164319,0.004511,2.946514,5.843012
1402,15,15,6482957.1627,4437.6877,3.164319,0.022648,3.136619,6.033157
1403,15,15,6482962.2010,4437.6877,3.164319,0.000000,0.000000,0.000000
1404,15,15,6482962.6562,4437.6877,3.164319,0.000000,0.000000,0.000000
1405,15,15,6482969.8978,4437.6877,3.164320,0.000000,-0.000000,0.000000
1406,15,15,6482972.9134,4437.6877,3.164320,0.008327,2.918025,5.814558
1407,15,15,6482986.8028,4437.6877,3.164321,-0.003786,2.784972,5.681380
1408,15,15,6482991.2718,4437.6877,3.164321,0.001882,2.516045,5.412555
1409,15,15,6482997.0271,4437.6877,3.164322,0.000082,1.876440,4.772910
1410,15,15,6482998.0393,4437.6877,3.164322,0.000000,-0.000000,0.000000
1411,15,15,6482998.4122,4437.6877,3.164322,-0.001190,2.370755,5.267251
1412,15,15,6483002.1494,4437.6877,3.164322,0.000000,0.000000,0.000000
1413,15,15,6483006.5764,4437.6877,3.164322,0.015268,3.019857,5.916409
1414,15,15,6483009.1454,4437.6877,3.164323,0.007077,2.822216,5.718781
1415,15,15,6483015.4028,4437.6877,3.164323,0.000000,0.000000,0.000000
1416,15,15,6483022.0805,4437.6877,3.164323,0.000000,0.000000,0.000000
1417,15,15,6483039.1782,4437.6877,3.164325,0.013583,2.976112,5.872670
1418,15,15,6483039.8038,4437.6877,3.164325,0.000000,0.000000,0.000000
1419,15,15,6483041.7886,4437.6877,3.164325,0.013494,2.987016,5.883570
1420,15,15,6483043.7081,4437.6877,3.164325,0.000389,1.920592,4.817036
1421,15,15,6483050.8021,4437.6877,3.164325,0.000000,0.000000,0.000000
1422,15,15,6483062.5502,4437.6877,3.164326,0.000000,0.000000,0.000000
1423,15,15,6483068.9420,4437.6877,3.164327,0.000456,2.267871,5.164395
1424,15,15,6483069.6610,4437.6877,3.164327,0.003473,2.685347,5.581874
1425,15,15,6483073.5272,4437.6877,3.164327,0.015182,3.010292,5.906824
1426,15,15,6483079.7287,4437.6877,3.164327,-0.004077,2.613952,5.510398
1427,15,15,6483088.5070,4437.6877,3.164328,0.000126,1.951149,4.847679
1428,15,15,6483090.2768,4437.6877,3.164328,0.000000,0.000000,0.000000
1429,15,15,6483095.4603,4437.6877,3.164328,0.006034,3.014097,5.910635
1430,15,15,6483096.4138,4437.6877,3.164328,0.000379,2.191244,5.087786
1431,15,15,6483097.5479,4437.6877,3.164328,0.014931,3.004764,5.901298
1432,15,15,6483110.5276,4437.6877,3.164329,0.000333,2.134439,5.030988
1433,15,15,6483112.0226,4437.6877,3.164329,0.004526,2.751588,5.648123
1434,15,15,6483114.7910,4437.6877,3.164330,0.003172,2.010035,4.907509
1435,15,15,6483118.1355,4437.6877,3.164330,0.000495,2.252994,5.149509
1436,15,15,6483131.4525,4437.6877,3.164331,0.002206,2.551943,5.448454
1437,15,15,6483132.4395,4437.6877,3.164331,-0.022051,2.867088,5.763432
1438,15,15,6483135.1340,4437.6877,3.164331,0.000036,1.731297,4.627749
1439,15,15,6483136.6509,4437.6877,3.164331,0.002200,2.506744,5.403292
1440,15,15,6483139.8216,4437.6877,3.164331,0.000803,2.292305,5.188835
1441,15,15,6483148.5848,4437.6877,3.164332,0.000000,0.000000,0.000000
1442,15,15,6483150.4181,4437.6877,3.164332,0.000000,0.000000,0.000000
1443,15,15,6483167.9453,4437.6877,3.164333,0.003031,2.637506,5.534057
1444,15,15,6483168.7195,4437.6877,3.164333,0.000000,0.000000,0.000000
1445,15,15,6483169.1319,4437.6877,3.164333,0.008077,2.797103,5.693675
1446,15,15,6483171.0490,4437.6877,3.164333,0.000732,2.286412,5.182965
1447,15,15,6483177.8389,4437.6877,3.164334,0.010276,2.849972,5.746522
1448,15,15,6483179.3942,4437.6877,3.164334,0.002976,2.583339,5.479889
1449,15,15,6483185.2797,4437.6877,3.164334,0.021203,3.104561,6.001108
1450,15,15,6483186.4255,4437.6877,3.164334,-0.003060,2.935334,5.831820
1451,15,15,6483189.5457,4437.6877,3.164335,-0.005284,2.762731,5.659186
1452,15,15,6483200.3872,4437.6877,3.164335,0.003655,2.730145,5.626677
1453,15,15,6483200.8553,4437.6877,3.164335,-0.001544,2.298788,5.195196
1454,15,15,6483208.2278,4437.6877,3.164336,0.000000,-0.000000,0.000000
1455,15,15,6483209.3581,4437.6877,3.164336,0.000029,1.618224,4.514645
1456,15,15,6483229.8868,4437.6877,3.164337,0.011706,3.041046,5.937530
1457,15,15,6483233.1248,4437.6877,3.164338,0.004989,2.778955,5.675479
1458,15,15,6483235.5190,4437.6877,3.164338,-0.001102,2.833044,5.729517
1459,15,15,6483241.2505,4437.6877,3.164338,0.000000,0.000000,0.000000
1460,15,15,6483251.6717,4437.6877,3.164339,0.003773,2.675569,5.572102
1461,15,15,6483252.4391,4437.6877,3.164339,0.002170,2.562700,5.459210
1462,15,15,6483253.6752,4437.6877,3.164339,0.000000,0.000000,0.000000
1463,15,15,6483257.1074,4437.6877,3.164339,0.000880,2.312708,5.209237
1464,15,15,6483262.2491,4437.6877,3.164339,-0.012461,2.588988,5.485229
1465,15,15,6483262.2546,4437.6877,3.164339,0.000096,1.950751,4.847250
1466,15,15,6483271.7800,4437.6877,3.164340,0.000313,2.144748,5.041269
1467,15,15,6483282.7325,4437.6877,3.164341,0.001308,2.784614,5.681117
1468,15,15,6483285.5319,4437.6877,3.164341,0.000000,-0.000000,0.000000
1469,15,15,6483293.7779,4437.6877,3.164342,0.000000,0.000000,0.000000
1470,15,15,6483304.8654,4437.6877,3.164342,-0.006810,2.781811,5.678286
1471,15,15,6483305.7219,4437.6877,3.164342,0.004138,2.723602,5.620139
1472,15,15,6483311.8034,4437.6877,3.164343,-0.006638,2.840335,5.736772
1473,15,15,6483312.3728,4437.6877,3.164343,0.007786,2.827462,5.724017
1474,15,15,6483312.5147,4437.6877,3.164343,0.008203,2.945289,5.841788
1475,15,15,6483319.7564,4437.6877,3.164343,0.004130,2.729711,5.626235
1476,15,15,6483326.9798,4437.6877,3.164344,0.002588,2.706599,5.603095
1477,15,15,6483329.2437,4437.6877,3.164344,-0.000000,0.000000,0.000000
1478,15,15,6483356.2710,4437.6877,3.164346,0.000000,0.000000,0.000000
1479,15,15,6483362.0202,4437.6877,3.164346,0.005486,2.766087,5.662646
1480,15,15,6483372.4973,4437.6877,3.164347,-0.000834,1.850193,4.746491
1481,15,15,6483377.5109,4437.6877,3.164347,0.007605,2.835619,5.732120
1482,15,15,6483384.8151,4437.6877,3.164348,0.005555,2.795680,5.692208
1483,15,15,6483392.3571,4437.6877,3.164348,0.004371,2.715996,5.612511
1484,15,15,6483401.1837,4437.6877,3.164349,0.000442,2.241042,5.137574
1485,15,15,6483406.2076,4437.6877,3.164349,0.000072,1.831299,4.727789
1486,15,15,6483410.0675,4437.6877,3.164349,-0.000021,1.747725,4.644056
1487,15,15,6483412.9855,4437.6877,3.164350,0.011447,2.929925,5.826472
1488,15,15,6483416.5243,4437.6877,3.164350,0.000438,2.214237,5.110786
1489,15,15,6483416.6639,4437.6877,3.164350,0.024277,3.019718,5.916297
1490,15,15,6483419.3346,4437.6877,3.164350,0.000079,1.847596,4.744090
1491,15,15,6483421.8617,4437.6877,3.164350,0.000443,2.218165,5.114707
1492,15,15,6483422.5846,4437.6877,3.164350,0.015496,2.826689,5.723256
1493,15,15,6483431.5889,4437.6877,3.164351,0.000145,2.000209,4.896702
1494,15,15,6483439.1110,4437.6877,3.164351,0.000141,1.976967,4.873490
1495,15,15,6483441.3962,4437.6877,3.164351,0.010408,2.937189,5.833701
1496,15,15,6483444.0116,4437.6877,3.164352,0.004918,2.732834,5.629400
1497,15,15,6483444.7505,4437.6877,3.164352,0.006372,2.795239,5.691791
1498,15,15,6483446.7289,4437.6877,3.164352,0.000417,2.234690,5.131227
1499,15,15,6483447.8628,4437.6877,3.164352,0.005965,2.836100,5.732676
1500,15,15,6483450.2823,4437.6877,3.164352,0.004389,2.712707,5.609256
1501,15,15,6483463.6465,4437.6877,3.164353,-0.003531,2.702478,5.598922
1502,15,15,6483479.3174,4437.6877,3.164354,0.000000,0.000000,0.000000
1503,15,15,6483482.9147,4437.6877,3.164354,0.002064,2.565596,5.462151
1504,15,15,6483494.0559,4437.6877,3.164355,0.004236,2.697263,5.593818
1505,15,15,6483498.5311,4437.6877,3.164355,0.000000,0.000000,0.000000
1506,15,15,6483503.3604,4437.6877,3.164356,0.005089,2.805713,5.702224
1507,15,15,6483512.0671,4437.6877,3.164356,0.007472,2.966076,5.862634
1508,15,15,6483514.5570,4437.6877,3.164356,0.000454,2.208174,5.104740
1509,15,15,6483525.4741,4437.6877,3.164357,0.000000,0.000000,0.000000
1510,15,15,6483526.6817,4437.6877,3.164357,0.002039,2.366315,5.262877
1511,15,15,6483550.6488,4437.6877,3.164359,0.000042,1.718352,4.614787
1512,15,15,6483550.9553,4437.6877,3.164359,-0.000157,1.268830,4.166148
1513,15,15,6483552.3409,4437.6877,3.164359,0.011857,2.931776,5.828316
1514,15,15,6483562.5197,4437.6877,3.164360,0.000000,0.000000,0.000000
1515,15,15,6483566.4198,4437.6877,3.164360,0.013446,2.982434,5.878979
1516,15,15,6483571.7073,4437.6877,3.164360,0.000000,0.000000,0.000000
1517,15,15,6483584.9839,4437.6877,3.164361,0.000007,1.337455,4.233511
1518,15,15,6483585.9391,4437.6877,3.164361,0.000000,0.000000,0.000000
1519,15,15,6483594.5010,4437.6877,3.164362,0.000995,2.442079,5.338596
1520,15,15,6483601.8203,4437.6877,3.164362,0.000000,0.000000,0.000000
1521,15,15,6483601.8615,4437.6877,3.164362,0.000000,0.000000,0.000000
1522,15,15,6483602.9709,4437.6877,3.164362,0.000000,-0.000000,-0.000000
1523,15,15,6483605.5180,4437.6877,3.164362,-0.000000,0.000000,0.000000
1524,15,15,6483628.5168,4437.6877,3.164364,0.000000,-0.000000,0.000000
1525,15,15,6483646.1644,4437.6877,3.164365,0.000000,0.000000,0.000000
1526,15,15,6483650.6050,4437.6877,3.164366,0.016327,3.001572,5.898133
1527,15,15,6483652.0828,4437.6877,3.164366,0.000000,-0.000000,0.000000
1528,15,15,6483659.1099,4437.6877,3.164366,-0.000000,0.000000,0.000000
1529,15,15,6483669.0066,4437.6877,3.164367,0.000043,1.756947,4.653407
1530,15,15,6483675.2592,4437.6877,3.164367,0.001349,2.224541,5.121238
1531,15,15,6483679.1901,4437.6877,3.164367,0.017223,3.024923,5.921473
1532,15,15,6483682.4429,4437.6877,3.164368,0.003730,2.674513,5.571066
1533,15,15,6483685.6462,4437.6877,3.164368,0.000126,2.004711,4.901208
1534,15,15,6483688.7019,4437.6877,3.164368,0.008821,2.953616,5.850120
1535,15,15,6483692.3198,4437.6877,3.164368,0.000000,-0.000000,0.000000
1536,15,15,6483695.6994,4437.6877,3.164369,0.000000,-0.000000,0.000000
1537,15,15,6483711.5470,4437.6877,3.164370,0.000000,0.000000,0.000000
1538,15,15,6483718.1120,4437.6877,3.164370,0.000000,0.000000,0.000000
1539,15,15,6483724.8981,4437.6877,3.164370,0.005867,2.846240,5.742786
1540,15,15,6483737.1237,4437.6877,3.164371,0.000133,2.005938,4.902453
1541,15,15,6483738.6709,4437.6877,3.164371,0.000000,0.000000,0.000000
1542,15,15,6483755.4021,4437.6877,3.164373,0.000053,1.803585,4.700043
1543,15,15,6483766.7416,4437.6877,3.164373,0.002476,2.601098,5.497544
1544,15,15,6483769.7723,4437.6877,3.164374,0.000000,-0.000000,0.000000
1545,15,15,6483773.5534,4437.6877,3.164374,0.007379,2.896544,5.793108
1546,15,15,6483776.3263,4437.6877,3.164374,0.000064,1.860899,4.757424
1547,15,15,6483788.0459,4437.6877,3.164375,-0.000034,1.325054,4.219852
1548,15,15,6483788.5609,4437.6877,3.164375,0.000000,0.000000,0.000000
1549,15,15,6483794.2758,4437.6877,3.164375,0.000000,0.000000,0.000000
1550,15,15,6483804.0398,4437.6877,3.164376,0.000000,-0.000000,0.000000
1551,15,15,6483804.9926,4437.6877,3.164376,0.000004,1.271950,4.167847
1552,15,15,6483811.5258,4437.6877,3.164376,0.011628,2.982238,5.878792
1553,15,15,6483815.4052,4437.6877,3.164377,0.000000,0.000000,0.000000
1554,15,15,6483832.6615,4437.6877,3.164378,0.014546,3.044255,5.940815
1555,15,15,6483834.3387,4437.6877,3.164378,0.000000,0.000000,0.000000
1556,15,15,6483851.7456,4437.6877,3.164379,0.000307,2.199019,5.095553
1557,15,15,6483857.7153,4437.6877,3.164379,0.003910,2.749692,5.646236
1558,15,15,6483869.6040,4437.6877,3.164380,-0.000148,1.845102,4.741620
1559,15,15,6483873.3646,4437.6877,3.164380,0.000217,2.169559,5.066063
1560,15,15,6483882.8034,4437.6877,3.164381,0.000000,0.000000,0.000000
1561,15,15,6483886.5216,4437.6877,3.164381,0.010429,3.002997,5.899511
1562,15,15,6483911.3690,4437.6877,3.164383,0.005835,2.830087,5.726651
1563,15,15,6483911.9357,4437.6877,3.164383,0.000766,2.758080,5.654615
1564,15,15,6483917.7951,4437.6877,3.164383,0.000000,-0.000000,0.000000
1565,15,15,6483918.0497,4437.6877,3.164383,0.007341,2.855132,5.751663
1566,15,15,6483922.3848,4437.6877,3.164384,0.000000,0.000000,0.000000
1567,15,15,6483932.0569,4437.6877,3.164384,0.010797,2.973694,5.870229
1568,15,15,6483943.3690,4437.6877,3.164385,0.003329,2.805130,5.701668
1569,15,15,6483956.7134,4437.6877,3.164386,0.000084,1.289471,4.185594
1570,15,15,6483966.1602,4437.6877,3.164387,0.000185,2.099102,4.995616
1571,15,15,6483968.7257,4437.6877,3.164387,0.000053,1.869337,4.765816
1572,15,15,6483973.5049,4437.6877,3.164387,-0.000000,-0.000000,0.000000
1573,15,15,6483985.3920,4437.6877,3.164388,0.002385,2.661146,5.557698
1574,15,15,6483991.9692,4437.6877,3.164388,0.000000,0.000000,0.000000
1575,15,15,6483994.3963,4437.6877,3.164389,0.008757,2.966200,5.862726
1576,15,15,6484003.0883,4437.6877,3.164389,0.003895,2.758817,5.655342
1577,15,15,6484009.4417,4437.6877,3.164390,0.000005,1.271252,4.167168
1578,15,15,6484018.4369,4437.6877,3.164390,0.000000,0.000000,0.000000
1579,15,15,6484018.5762,4437.6877,3.164390,0.000000,0.000000,0.000000
1580,15,15,6484020.5262,4437.6877,3.164390,0.000079,1.784299,4.680863
1581,15,15,6484022.2809,4437.6877,3.164390,0.000481,2.272946,5.169490
1582,15,15,6484024.7507,4437.6877,3.164391,0.024840,3.117825,6.014387
1583,15,15,6484039.8805,4437.6877,3.164392,0.000022,1.576567,4.472954
1584,15,15,6484040.7428,4437.6877,3.164392,0.000000,0.000000,0.000000
1585,15,15,6484079.4876,4437.6877,3.164394,0.000000,0.000000,0.000000
1586,15,15,6484081.1478,4437.6877,3.164394,0.002342,2.721147,5.617666
1587,15,15,6484084.8305,4437.6877,3.164395,0.000000,0.000000,0.000000
1588,15,15,6484090.6952,4437.6877,3.164395,0.007226,2.887180,5.783684
1589,15,15,6484103.4275,4437.6877,3.164396,0.000327,2.304118,5.200612
1590,15,15,6484132.2182,4437.6877,3.164398,0.000000,-0.000000,0.000000
1591,15,15,6484151.6895,4437.6877,3.164399,0.001492,2.565943,5.462445
1592,15,15,6484171.5439,4437.6877,3.164400,0.000000,0.000000,0.000000
1593,15,15,6484198.3883,4437.6877,3.164402,0.004053,2.839852,5.736381
1594,15,15,6484219.6135,4437.6877,3.164404,0.006706,2.886117,5.782633
1595,15,15,6484245.2203,4437.6877,3.164405,0.000212,2.172426,5.068927
1596,15,15,6484259.5565,4437.6877,3.164406,0.000000,0.000000,0.000000
1597,15,15,6484269.6308,4437.6877,3.164407,0.002003,2.571942,5.468475
1598,15,15,6484278.0433,4437.6877,3.164408,0.000000,0.000000,0.000000
1599,15,15,6484293.5816,4437.6877,3.164409,-0.000020,1.246646,4.142028
1600,15,15,6484299.0211,4437.6877,3.164409,0.000000,0.000000,0.000000
1601,15,15,6484308.7277,4437.6877,3.164410,0.001602,2.638833,5.535345
1602,15,15,6484353.8026,4437.6877,3.164413,0.001224,2.515767,5.412296
1603,15,15,6484386.6872,4437.6877,3.164415,0.000000,0.000000,0.000000
1604,15,15,6484406.4683,4437.6877,3.164416,0.000000,-0.000000,0.000000
1605,15,15,6484409.4581,4437.6877,3.164416,-0.000000,-0.000000,0.000000
1606,15,15,6484421.2046,4437.6877,3.164417,0.000000,0.000000,0.000000
1607,15,15,6484424.4463,4437.6877,3.164417,0.004440,2.811495,5.708019
1608,15,15,6484429.6801,4437.6877,3.164418,0.004760,2.842074,5.738632
1609,15,15,6484432.8331,4437.6877,3.164418,0.012669,3.047754,5.944324
1610,15,15,6484439.5548,4437.6877,3.164418,0.000000,0.000000,0.000000
1611,15,15,6484445.0576,4437.6877,3.164419,0.000405,2.232215,5.128759
1612,15,15,6484446.3100,4437.6877,3.164419,0.000030,1.722395,4.618883
1613,15,15,6484454.6902,4437.6877,3.164419,0.004258,2.813126,5.709675
1614,15,15,6484455.0764,4437.6877,3.164419,0.003734,2.773008,5.669577
1615,15,15,6484461.8876,4437.6877,3.164420,0.009700,2.923589,5.820136
1616,15,15,6484481.9362,4437.6877,3.164421,0.001837,2.603407,5.499980
1617,15,15,6484486.2778,4437.6877,3.164422,0.000157,2.057367,4.953913
1618,15,15,6484494.4253,4437.6877,3.164422,0.000052,1.943069,4.839567
1619,15,15,6484500.3773,4437.6877,3.164422,0.000000,0.000000,0.000000
1620,15,15,6484518.7651,4437.6877,3.164424,0.005804,2.854411,5.750982
1621,15,15,6484519.5572,4437.6877,3.164424,0.012549,3.179188,6.075740
1622,15,15,6484521.6928,4437.6877,3.164424,0.002285,2.759388,5.655943
1623,15,15,6484532.8080,4437.6877,3.164425,0.000034,2.073320,4.969840
1624,15,15,6484533.0232,4437.6877,3.164425,0.000620,2.382855,5.279416
1625,15,15,6484534.3111,4437.6877,3.164425,0.000000,0.000000,0.000000
1626,15,15,6484541.3528,4437.6877,3.164425,0.001378,2.670473,5.567027
1627,15,15,6484543.4810,4437.6877,3.164425,0.002878,2.855473,5.752009
1628,15,15,6484555.3804,4437.6877,3.164426,0.000357,2.228903,5.125471
1629,15,15,6484556.2323,4437.6877,3.164426,-0.000000,-0.000000,0.000000
1630,15,15,6484561.3759,4437.6877,3.164427,0.004440,2.871143,5.767706
1631,15,15,6484571.3339,4437.6877,3.164427,0.000000,-0.000000,-0.000000
1632,15,15,6484585.4130,4437.6877,3.164428,0.000344,2.230447,5.126993
1633,15,15,6484587.0571,4437.6877,3.164428,0.010822,3.047861,5.944424
1634,15,15,6484592.5868,4437.6877,3.164429,0.003102,2.758790,5.655354
1635,15,15,6484603.4331,4437.6877,3.164429,0.008659,2.941691,5.838261
1636,15,15,6484605.1021,4437.6877,3.164429,0.000066,1.859896,4.756433
1637,15,15,6484605.2879,4437.6877,3.164430,0.000574,2.329385,5.225955
1638,15,15,6484606.9516,4437.6877,3.164430,0.000000,-0.000000,0.000000
1639,15,15,6484617.9689,4437.6877,3.164430,0.000631,2.364882,5.261425
1640,15,15,6484620.9726,4437.6877,3.164431,0.004234,2.793373,5.689934
1641,15,15,6484629.0186,4437.6877,3.164431,0.001533,2.611615,5.508159
1642,15,15,6484645.2071,4437.6877,3.164432,0.000000,0.000000,0.000000
1643,15,15,6484646.0361,4437.6877,3.164432,0.014318,2.993852,5.890431
1644,15,15,6484648.4137,4437.6877,3.164432,0.002219,2.576575,5.473150
1645,15,15,6484651.8728,4437.6877,3.164433,0.000000,-0.000000,-0.000000
1646,15,15,6484654.4314,4437.6877,3.164433,0.001799,2.534521,5.431102
1647,15,15,6484655.1989,4437.6877,3.164433,0.000000,0.000000,0.000000
1648,15,15,6484655.5327,4437.6877,3.164433,0.000323,1.840043,4.736691
1649,15,15,6484656.1972,4437.6877,3.164433,0.000000,-0.000000,0.000000
1650,15,15,6484674.9942,4437.6877,3.164434,0.000000,0.000000,0.000000
1651,15,15,6484676.9914,4437.6877,3.164434,0.004143,2.776515,5.673056
1652,15,15,6484680.7356,4437.6877,3.164435,0.000000,0.000000,0.000000
1653,15,15,6484693.0958,4437.6877,3.164435,0.000000,0.000000,0.000000
1654,15,15,6484695.5003,4437.6877,3.164436,0.000000,0.000000,0.000000
1655,15,15,6484696.4382,4437.6877,3.164436,0.010824,2.978270,5.874831
1656,15,15,6484704.0771,4437.6877,3.164436,0.000000,-0.000000,0.000000
1657,15,15,6484714.5029,4437.6877,3.164437,0.000000,0.000000,0.000000
1658,15,15,6484715.4820,4437.6877,3.164437,0.000378,2.261923,5.158440
1659,15,15,6484745.8443,4437.6877,3.164439,0.003796,2.725809,5.622377
1660,15,15,6484747.2345,4437.6877,3.164439,-0.000466,2.760356,5.656902
1661,15,15,6484747.3602,4437.6877,3.164439,0.000000,-0.000000,-0.000000
1662,15,15,6484764.4671,4437.6877,3.164440,0.011481,3.030318,5.926887
1663,15,15,6484768.0863,4437.6877,3.164440,0.000000,-0.000000,-0.000000
1664,15,15,6484777.7079,4437.6877,3.164441,0.000000,0.000000,0.000000
1665,15,15,6484784.0689,4437.6877,3.164441,0.007211,2.869486,5.766062
1666,15,15,6484792.0408,4437.6877,3.164442,0.000000,-0.000000,0.000000
1667,15,15,6484800.9841,4437.6877,3.164443,-0.000000,-0.000000,0.000000
1668,15,15,6484808.1479,4437.6877,3.164443,0.000000,-0.000000,-0.000000
1669,15,15,6484809.3040,4437.6877,3.164443,0.002450,2.632916,5.529499
1670,15,15,6484816.9039,4437.6877,3.164444,0.000000,-0.000000,-0.000000
1671,15,15,6484818.8963,4437.6877,3.164444,0.000000,0.000000,0.000000
1672,15,15,6484822.1835,4437.6877,3.164444,0.000000,-0.000000,0.000000
1673,15,15,6484823.7701,4437.6877,3.164444,0.000591,2.305673,5.202238
1674,15,15,6484853.6813,4437.6877,3.164446,0.001643,2.516741,5.413276
1675,15,15,6484864.0733,4437.6877,3.164447,0.000000,0.000000,0.000000
1676,15,15,6484864.1501,4437.6877,3.164447,0.000000,0.000000,0.000000
1677,15,15,6484866.3165,4437.6877,3.164447,0.001816,2.504665,5.401213
1678,15,15,6484879.3934,4437.6877,3.164448,0.002027,2.545105,5.441663
1679,15,15,6484923.3538,4437.6877,3.164451,0.000000,0.000000,0.000000
1680,15,15,6484936.1723,4437.6877,3.164452,-0.000000,-0.000000,0.000000
1681,15,15,6484952.7013,4437.6877,3.164453,0.000000,0.000000,0.000000
1682,15,15,6484957.3135,4437.6877,3.164453,0.000000,0.000000,0.000000
1683,15,15,6484961.1857,4437.6877,3.164453,0.000000,-0.000000,0.000000
1684,15,15,6484965.3706,4437.6877,3.164454,0.000000,0.000000,0.000000
1685,15,15,6484986.2893,4437.6877,3.164455,0.003871,2.743866,5.640401
1686,15,15,6485025.6461,4437.6877,3.164458,0.000000,0.000000,0.000000
1687,15,15,6485026.0224,4437.6877,3.164458,0.000000,0.000000,0.000000
1688,15,15,6485033.4560,4437.6877,3.164458,0.000000,-0.000000,0.000000
1689,15,15,6485047.9876,4437.6877,3.164459,0.000000,0.000000,0.000000
1690,15,15,6485074.4696,4437.6877,3.164461,0.002106,2.716939,5.613442
1691,15,15,6485080.8608,4437.6877,3.164461,0.000000,0.000000,0.000000
1692,15,15,6485094.5548,4437.6877,3.164462,0.000000,-0.000000,0.000000
1693,15,15,6485102.3104,4437.6877,3.164463,0.000000,0.000000,0.000000
1694,15,15,6485112.0405,4437.6877,3.164463,0.002537,2.595158,5.491784
1695,15,15,6485112.2072,4437.6877,3.164463,0.000222,2.053318,4.949940
1696,15,15,6485119.1222,4437.6877,3.164464,0.015554,2.997808,5.894431
1697,15,15,6485119.4741,4437.6877,3.164464,0.001355,2.461060,5.357684
1698,15,15,6485130.4671,4437.6877,3.164465,0.015569,2.999305,5.895925
1699,15,15,6485132.1412,4437.6877,3.164465,0.005697,2.776543,5.673164
1700,15,15,6485141.7176,4437.6877,3.164465,0.000000,0.000000,0.000000
1701,15,15,6485142.6370,4437.6877,3.164466,0.000000,0.000000,0.000000
1702,15,15,6485147.1283,4437.6877,3.164466,0.010340,2.919161,5.815780
1703,15,15,6485149.1512,4437.6877,3.164466,0.000000,0.000000,0.000000
1704,15,15,6485149.1569,4437.6877,3.164466,-0.000000,0.000000,0.000000
1705,15,15,6485166.3980,4437.6877,3.164467,0.000000,0.000000,0.000000
1706,15,15,6485166.4760,4437.6877,3.164467,-0.000000,-0.000000,0.000000
1707,15,15,6485169.7789,4437.6877,3.164467,0.000000,0.000000,0.000000
1708,15,15,6485169.9955,4437.6877,3.164467,0.000261,1.983312,4.879891
1709,15,15,6485174.6859,4437.6877,3.164468,0.000000,0.000000,0.000000
1710,15,15,6485179.9061,4437.6877,3.164468,0.000000,0.000000,0.000000
1711,15,15,6485187.0214,4437.6877,3.164468,0.016857,3.050907,5.947513
1712,15,15,6485188.2261,4437.6877,3.164469,0.000000,0.000000,0.000000
1713,15,15,6485196.8326,4437.6877,3.164469,0.001422,2.502267,5.398874
1714,15,15,6485199.9531,4437.6877,3.164469,0.000000,0.000000,0.000000
1715,15,15,6485200.2015,4437.6877,3.164469,0.005218,2.755802,5.652435
1716,15,15,6485202.1070,4437.6877,3.164469,0.000396,2.210523,5.107133
1717,15,15,6485204.8735,4437.6877,3.164470,0.008543,2.900984,5.797597
1718,15,15,6485205.4908,4437.6877,3.164470,0.000000,0.000000,0.000000
1719,15,15,6485207.2330,4437.6877,3.164470,0.001265,2.448388,5.345018
1720,15,15,6485208.1307,4437.6877,3.164470,0.000000,0.000000,0.000000
1721,15,15,6485212.0045,4437.6877,3.164470,0.013002,3.004408,5.901009
1722,15,15,6485218.6352,4437.6877,3.164471,0.000000,-0.000000,-0.000000
1723,15,15,6485219.1752,4437.6877,3.164471,0.006980,2.829342,5.725969
1724,15,15,6485220.9004,4437.6877,3.164471,0.000000,0.000000,0.000000
1725,15,15,6485221.2132,4437.6877,3.164471,0.009940,2.921284,5.817901
1726,15,15,6485223.6847,4437.6877,3.164471,0.004765,2.784403,5.680998
1727,15,15,6485225.9765,4437.6877,3.164471,0.008682,2.931892,5.828488
1728,15,15,6485226.9142,4437.6877,3.164471,0.010112,2.951464,5.848065
1729,15,15,6485231.6284,4437.6877,3.164471,0.000289,2.160036,5.056633
1730,15,15,6485234.3090,4437.6877,3.164472,0.000865,2.392847,5.289455
1731,15,15,6485241.2975,4437.6877,3.164472,0.000000,0.000000,0.000000
1732,15,15,6485241.9264,4437.6877,3.164472,0.005384,2.838026,5.734617
1733,15,15,6485250.3395,4437.6877,3.164473,0.000000,0.000000,0.000000
1734,15,15,6485253.7951,4437.6877,3.164473,0.000000,-0.000000,0.000000
1735,15,15,6485258.1072,4437.6877,3.164473,0.003441,2.697163,5.593774
1736,15,15,6485262.4003,4437.6877,3.164474,0.000000,0.000000,0.000000
1737,15,15,6485262.8784,4437.6877,3.164474,0.000060,1.628371,4.524882
1738,15,15,6485266.5570,4437.6877,3.164474,0.001421,2.494547,5.391167
1739,15,15,6485278.4934,4437.6877,3.164475,0.000000,0.000000,0.000000
1740,15,15,6485278.7580,4437.6877,3.164475,0.000000,0.000000,0.000000
1741,15,15,6485281.4340,4437.6877,3.164475,0.000000,0.000000,0.000000
1742,15,15,6485281.7393,4437.6877,3.164475,0.017206,3.070558,5.967168
1743,15,15,6485282.8366,4437.6877,3.164475,0.000168,2.050023,4.946618
1744,15,15,6485291.1480,4437.6877,3.164475,0.000000,0.000000,0.000000
1745,15,15,6485304.4997,4437.6877,3.164476,0.000000,-0.000000,0.000000
1746,15,15,6485332.7287,4437.6877,3.164478,-0.000000,-0.000000,0.000000
1747,15,15,6485341.6028,4437.6877,3.164479,0.000000,0.000000,0.000000
1748,15,15,6485366.5612,4437.6877,3.164481,0.000000,0.000000,0.000000
1749,15,15,6485440.4143,4437.6877,3.164485,0.002354,2.607961,5.504532
1750,15,15,6485502.2086,4437.6877,3.164490,0.002767,2.754576,5.651129
1751,15,15,6485591.0630,4437.6877,3.164496,-0.001268,2.472517,5.368996
1752,15,15,6485617.3069,4437.6877,3.164497,0.000000,-0.000000,0.000000
1753,15,15,6485637.1234,4437.6877,3.164499,0.000000,0.000000,0.000000
1754,15,15,6485647.7414,4437.6877,3.164499,0.000000,0.000000,0.000000
1755,15,15,6485675.7449,4437.6877,3.164501,0.001033,2.454881,5.351447
1756,15,15,6485682.5049,4437.6877,3.164502,0.000000,-0.000000,0.000000
1757,15,15,6485698.0422,4437.6877,3.164503,0.000000,0.000000,0.000000
1758,15,15,6485713.4722,4437.6877,3.164504,0.000000,0.000000,0.000000
1759,15,15,6485786.8182,4437.6877,3.164509,0.000000,-0.000000,0.000000
1760,15,15,6485825.4586,4437.6877,3.164511,0.004127,2.761002,5.657579
1761,15,15,6485857.3406,4437.6877,3.164513,0.000000,0.000000,0.000000
1762,15,15,6486044.6979,4437.6877,3.164526,0.000000,0.000000,0.000000
1763,15,15,6486073.2506,4437.6877,3.164528,0.000000,0.000000,0.000000
1764,15,15,6486202.2112,4437.6877,3.164537,0.000000,0.000000,-0.000000
1765,15,15,6486252.2004,4437.6877,3.164540,0.000000,0.000000,0.000000
1766,15,15,6486320.5968,4437.6877,3.164544,0.000000,0.000000,0.000000
1767,15,15,6486359.4921,4437.6877,3.164547,0.000000,0.000000,0.000000
1768,15,15,6486562.3461,4437.6877,3.164561,0.000000,0.000000,0.000000
1769,15,15,6486562.3482,4437.6877,3.164561,0.000000,0.000000,0.000000
1770,15,15,6486628.7167,4437.6877,3.164565,0.000000,-0.000000,0.000000
1771,15,15,6486630.9261,4437.6877,3.164565,0.000000,0.000000,0.000000
1772,15,15,6486742.8464,4437.6877,3.164573,0.000000,0.000000,0.000000
1773,15,15,6486746.0163,4437.6877,3.164573,0.000000,-0.000000,0.000000
1774,15,15,6487012.0182,4437.6877,3.164591,0.000000,-0.000000,0.000000
1775,15,15,6487025.2410,4437.6877,3.164592,0.000000,0.000000,0.000000
1776,15,15,6487025.3518,4437.6877,3.164592,-0.000000,-0.000000,0.000000
1777,15,15,6487043.8526,4437.6877,3.164593,0.000000,0.000000,0.000000
1778,15,15,6490228.2519,4437.6877,3.164806,0.000000,0.000000,0.000000
1779,15,15,6490228.2520,4437.6877,3.164806,0.000000,0.000000,0.000000
