mode_rank,matched_m,matched_n,w_h_FEM,w_h_exact,log10_Error_w_h,log10_Error_L2_w,log10_Error_L2_phi
1,1,1,19.4602,19.7390,-1.849997,-2.555119,-1.999142
2,2,1,48.7880,49.3476,-1.945422,-0.150493,-0.150447
3,2,1,48.9056,49.3476,-2.047891,-0.150491,-0.150456
4,2,2,77.5096,78.9557,-1.737182,-1.531309,-1.423486
5,1,3,98.0261,98.6942,-2.169462,-0.140056,-0.140301
6,1,3,98.0674,98.6942,-2.197138,-0.150393,-0.150332
7,2,3,125.5088,128.3018,-1.662159,-0.150418,-0.150247
8,2,3,126.4129,128.3018,-1.832021,-0.150395,-0.150297
9,1,4,166.9357,167.7781,-2.299237,-0.150399,-0.150344
10,1,4,167.0325,167.7781,-2.352234,-0.150332,-0.150269
11,3,3,173.1860,177.6471,-1.600120,-0.972922,-0.933438
12,4,2,194.0105,197.3849,-1.767113,-0.147019,-0.146559
13,4,2,194.2567,197.3849,-1.800013,-0.147793,-0.147342
14,4,3,238.2185,246.7289,-1.462270,-0.144709,-0.143354
15,4,3,241.5608,246.7289,-1.678890,-0.149566,-0.149363
16,5,1,255.6074,256.5976,-2.413555,-0.147239,-0.147060
17,5,1,255.6473,256.5976,-2.431412,-0.149977,-0.149881
18,2,5,281.7203,286.2034,-1.805093,-0.149742,-0.149489
19,2,5,282.1739,286.2034,-1.851420,-0.149628,-0.149360
20,4,4,304.0693,315.8089,-1.429770,-0.632941,-0.613346
21,5,3,325.8261,335.5458,-1.538102,-0.147999,-0.147328
22,5,3,326.8532,335.5458,-1.586603,-0.142504,-0.141837
23,6,1,363.7474,365.1508,-2.415314,-0.148772,-0.148796
24,6,1,363.8450,365.1508,-2.446616,-0.148568,-0.148427
25,1,6,368.6927,365.1508,-2.013225,0.002817,0.001037
26,1,6,368.7092,365.1508,-2.011214,0.008487,0.000698
27,2,6,383.9595,394.7554,-1.563067,0.024503,0.023232
28,2,6,388.9558,394.7554,-1.832926,-0.129020,-0.128040
29,2,6,389.1953,394.7554,-1.851246,-0.148097,-0.147791
30,2,6,392.4065,394.7554,-2.225457,0.035518,0.035066
31,6,3,428.9161,444.0958,-1.466214,0.002944,0.000376
32,6,3,429.0038,444.0958,-1.468730,0.004363,0.000398
33,6,3,430.7257,444.0958,-1.521342,-0.140377,-0.139262
34,6,3,432.2034,444.0958,-1.572208,-0.145518,-0.145780
35,3,6,461.2625,444.0958,-1.412791,0.000597,0.000073
36,3,6,461.5346,444.0958,-1.405960,0.001445,0.000635
37,3,6,465.4265,444.0958,-1.318472,0.012302,0.012205
38,7,1,489.8564,493.4353,-2.139480,0.002538,0.000626
39,7,1,490.9661,493.4353,-2.300671,-0.125679,-0.125791
40,7,1,491.7133,493.4353,-2.457201,-0.111330,-0.111750
41,5,5,494.8814,493.4353,-2.533043,-0.011224,-0.012980
42,5,5,499.8000,493.4353,-1.889451,0.004948,0.000568
43,5,5,499.9902,493.4353,-1.876662,0.001555,0.000176
44,4,6,515.0640,513.1708,-2.433077,0.013486,0.013347
45,4,6,515.5518,513.1708,-2.333509,0.012163,0.012062
46,7,2,528.5314,523.0386,-1.978734,0.005034,0.001353
47,7,2,529.1995,523.0386,-1.928888,0.004787,0.000606
48,7,3,554.2588,572.3766,-1.499575,-0.113126,-0.123322
49,7,3,555.5582,572.3766,-1.531897,0.000216,0.000191
50,7,3,555.8767,572.3766,-1.540201,-0.139163,-0.139879
51,7,3,559.0148,572.3766,-1.631819,0.000106,0.000014
52,7,3,559.4394,572.3766,-1.645841,0.012274,0.010531
53,3,7,573.7097,572.3766,-2.632824,0.000173,0.000161
54,3,7,582.2099,572.3766,-1.764983,-0.000423,-0.000455
55,3,7,583.8022,572.3766,-1.699803,0.001582,0.000330
56,5,6,607.0282,601.9790,-2.076355,0.035426,0.027158
57,5,6,607.3368,601.9790,-2.050592,0.002455,0.000416
58,5,6,610.9937,601.9790,-1.824628,0.008523,0.006094
59,5,6,615.3419,601.9790,-1.653679,0.008242,0.002527
60,8,1,625.8487,641.4484,-1.614046,0.005267,0.001014
61,8,1,628.1316,641.4484,-1.682762,0.001580,-0.001976
62,8,1,636.9909,641.4484,-2.158071,-0.117285,-0.118404
63,8,1,637.1045,641.4484,-2.169285,-0.127770,-0.129565
64,4,7,642.7150,641.4484,-2.704511,0.001478,0.000281
65,4,7,646.5292,641.4484,-2.101229,0.001467,0.001350
66,4,7,652.9708,641.4484,-1.745617,0.000136,0.000111
67,4,7,655.2792,641.4484,-1.666315,0.008683,0.005390
68,8,2,656.9186,671.0500,-1.676570,-0.079894,-0.091455
69,8,2,657.8355,671.0500,-1.705703,0.001073,0.000187
70,8,2,663.7143,671.0500,-1.961311,-0.028216,-0.029710
71,8,2,669.2510,671.0500,-2.571728,-0.030241,-0.040539
72,8,2,670.1982,671.0500,-2.896436,0.000074,0.000013
73,2,8,672.0357,671.0500,-2.833026,0.000098,0.000017
74,2,8,686.2155,671.0500,-1.645897,0.022583,0.021294
75,2,8,688.2180,671.0500,-1.592035,-0.003609,-0.004113
76,2,8,690.6963,671.0500,-1.533475,0.000501,0.000147
77,6,6,697.5323,710.5184,-1.738097,0.001261,0.001184
78,6,6,700.2206,710.5184,-1.838833,-0.027690,-0.031177
79,6,6,701.0825,710.5184,-1.876792,0.028112,0.023433
80,8,3,721.7482,720.3854,-2.723112,-0.000169,-0.000314
81,8,3,722.2220,720.3854,-2.593529,0.000511,0.000083
82,7,5,747.3531,730.2523,-1.630458,0.005295,0.003720
83,7,5,748.4582,730.2523,-1.603262,-0.000000,-0.000000
84,7,5,752.1400,730.2523,-1.523273,0.000000,0.000000
85,7,5,753.4975,730.2523,-1.497139,0.027759,0.026134
86,7,5,753.7617,730.2523,-1.492232,0.049735,0.043977
87,8,4,781.9229,789.4533,-2.020507,0.021430,0.019779
88,1,9,802.0699,809.1867,-2.055763,-0.148827,-0.148677
89,1,9,802.2381,809.1867,-2.066147,-0.144858,-0.144528
90,9,1,815.0345,809.1867,-2.141059,0.000869,0.000520
91,9,1,815.3121,809.1867,-2.120916,0.000772,0.000736
92,9,1,820.3766,809.1867,-1.859225,0.001290,0.000836
93,2,9,824.0674,838.7865,-1.755770,-0.109438,-0.109528
94,2,9,825.0102,838.7865,-1.784517,0.038105,0.036473
95,2,9,831.2082,838.7865,-2.044075,0.000101,-0.001522
96,2,9,831.2908,838.7865,-2.048839,0.001399,0.000265
97,2,9,833.8418,838.7865,-2.229510,-0.008327,-0.010496
98,6,7,850.1278,838.7865,-1.868992,0.031734,0.028685
99,6,7,856.4663,838.7865,-1.676176,0.000492,0.000481
100,5,8,859.4242,878.2525,-1.668809,0.017218,0.016088
101,8,5,881.4197,878.2525,-2.442943,0.007889,0.001223
102,8,5,882.0204,878.2525,-2.367513,-0.000000,0.000000
103,9,3,893.9976,888.1188,-2.179187,0.001742,0.001723
104,9,3,900.9439,888.1188,-1.840412,0.006130,0.004651
105,9,3,908.7262,888.1188,-1.634449,0.025493,0.024824
106,9,3,913.1987,888.1188,-1.549147,-0.000648,-0.004356
107,9,3,916.9636,888.1188,-1.488404,0.006965,0.002971
108,9,3,919.6908,888.1188,-1.449169,0.049542,0.048792
109,9,4,952.9587,957.1826,-2.355284,0.001137,0.000316
110,9,4,953.4134,957.1826,-2.404748,-0.002649,-0.003254
111,9,4,954.8170,957.1826,-2.607058,-0.000859,-0.001134
112,7,7,967.8873,967.0487,-3.061867,0.007512,0.006618
113,7,7,973.3943,967.0487,-2.182973,0.000563,0.000567
114,6,8,983.3340,986.7808,-2.456809,0.060330,0.058955
115,6,8,983.5533,986.7808,-2.485366,0.057567,0.056289
116,1,10,996.2936,996.6468,-3.450565,0.012966,0.010813
117,10,1,1000.7101,996.6468,-2.389659,0.006542,0.003726
118,10,1,1002.4058,996.6468,-2.238191,0.057004,0.055456
119,10,1,1002.7149,996.6468,-2.215486,0.007831,0.001465
120,10,1,1006.2531,996.6468,-2.015981,0.009800,0.006828
121,10,2,1018.7915,1026.2445,-2.138920,0.003856,0.001405
122,10,2,1022.4903,1026.2445,-2.436733,0.002205,0.000179
123,2,10,1029.7498,1026.2445,-2.466522,0.017523,0.016061
124,2,10,1033.3983,1026.2445,-2.156712,0.008574,0.007627
125,5,9,1040.2967,1045.9762,-2.265213,0.006181,-0.000123
126,5,9,1041.4809,1045.9762,-2.366762,0.002339,0.000625
127,5,9,1043.4835,1045.9762,-2.622855,0.000000,-0.000000
128,9,5,1053.1766,1045.9762,-2.162162,-0.000954,-0.001012
129,9,5,1054.9414,1045.9762,-2.066961,0.000000,0.000000
130,3,10,1066.1994,1075.5734,-2.059716,0.015028,0.002994
131,3,10,1069.5581,1075.5734,-2.252380,-0.000000,-0.000000
132,10,3,1076.8435,1075.5734,-2.927813,0.031668,0.025831
133,10,3,1078.6547,1075.5734,-2.542907,0.002281,0.002107
134,10,3,1088.3813,1075.5734,-1.924163,0.004727,0.000848
135,7,8,1102.5965,1115.0359,-1.952489,0.000666,0.000212
136,7,8,1106.1632,1115.0359,-2.099234,0.018496,0.013844
137,7,8,1115.6689,1115.0359,-3.245860,0.000155,0.000051
138,7,8,1123.2867,1115.0359,-2.130792,0.003082,0.002890
139,10,4,1136.6690,1144.6323,-2.157571,0.014448,0.013216
140,4,10,1147.5462,1144.6323,-2.594203,-0.001297,-0.001377
141,6,9,1155.0322,1154.4978,-3.334519,-0.000246,-0.000313
142,6,9,1155.3784,1154.4978,-3.117606,0.000216,0.000078
143,6,9,1161.3008,1154.4978,-2.229688,0.000137,0.000116
144,6,9,1163.4530,1154.4978,-2.110317,0.000005,0.000002
145,6,9,1168.9515,1154.4978,-1.902412,0.000207,0.000200
146,6,9,1176.2302,1154.4978,-1.725285,0.000364,0.000209
147,6,9,1177.0687,1154.4978,-1.708843,0.051398,0.049716
148,6,9,1177.3912,1154.4978,-1.702683,0.000369,0.000258
149,6,9,1178.5925,1154.4978,-1.680472,0.003331,0.002459
150,1,11,1185.0379,1203.8243,-1.806719,0.017056,0.005823
151,1,11,1187.7699,1203.8243,-1.874970,0.006553,0.005420
152,1,11,1195.7190,1203.8243,-2.171792,0.029831,0.027704
153,1,11,1196.9318,1203.8243,-2.242186,0.001840,0.001564
154,1,11,1198.7124,1203.8243,-2.371980,0.013249,0.008966
155,11,1,1210.1818,1203.8243,-2.277276,0.000798,0.000745
156,11,1,1214.9528,1203.8243,-2.034125,0.000076,0.000064
157,2,11,1219.5994,1233.4198,-1.950591,0.014051,0.009865
158,2,11,1221.4963,1233.4198,-2.014708,0.020071,0.009105
159,2,11,1224.2913,1233.4198,-2.130710,0.001243,0.000491
160,2,11,1226.2001,1233.4198,-2.232590,-0.001300,-0.002106
161,2,11,1227.6430,1233.4198,-2.329424,0.006232,0.005100
162,11,2,1233.7232,1233.4198,-3.609107,0.001781,0.001574
163,11,2,1247.5149,1233.4198,-1.942044,0.020317,0.013335
164,8,8,1250.3942,1263.0150,-2.000323,0.001013,0.000791
165,8,8,1255.0663,1263.0150,-2.201112,0.007514,0.002424
166,8,8,1258.7192,1263.0150,-2.468368,0.006286,0.004562
167,8,8,1259.2525,1263.0150,-2.525935,0.005039,0.004190
168,8,8,1268.5291,1263.0150,-2.359936,0.004384,0.001388
169,8,8,1271.4182,1263.0150,-2.176962,0.000714,0.000619
170,7,9,1275.9043,1282.7449,-2.273041,0.014114,0.004613
171,7,9,1280.4033,1282.7449,-2.738628,0.000397,-0.000015
172,9,7,1296.7606,1282.7449,-1.961526,0.002484,-0.002471
173,9,7,1301.7160,1282.7449,-1.830050,0.003417,0.002633
174,9,7,1307.6408,1282.7449,-1.712013,0.002716,0.000988
175,9,7,1309.8810,1282.7449,-1.674594,-0.003572,-0.004494
176,9,7,1310.9059,1282.7449,-1.658493,0.019820,0.016614
177,9,7,1311.7146,1282.7449,-1.646197,0.013325,0.006340
178,9,7,1311.8434,1282.7449,-1.644270,0.008922,0.002514
179,6,10,1312.9879,1341.9339,-1.666142,-0.000668,-0.003515
180,6,10,1321.5285,1341.9339,-1.817987,0.002570,0.001206
181,6,10,1332.8022,1341.9339,-2.167182,0.007378,0.004923
182,6,10,1334.4856,1341.9339,-2.255676,0.000657,0.000291
183,6,10,1338.8964,1341.9339,-2.645209,0.000782,0.000333
184,6,10,1342.5510,1341.9339,-3.337401,-0.000750,-0.003659
185,11,4,1363.2302,1351.7986,-2.072806,0.019006,0.015470
186,11,4,1363.4372,1351.7986,-2.065011,0.017367,0.012336
187,11,4,1368.7161,1351.7986,-1.902576,0.002803,0.001495
188,11,4,1377.2488,1351.7986,-1.725220,0.010983,0.009082
189,11,4,1385.6415,1351.7986,-1.601444,0.002428,0.002407
190,11,4,1386.9395,1351.7986,-1.585099,0.002098,0.001782
191,11,4,1389.7751,1351.7986,-1.551397,0.001283,0.000769
192,12,1,1392.6772,1430.7149,-1.575339,0.002958,-0.001179
193,12,1,1393.4120,1430.7149,-1.583811,0.000398,0.000182
194,12,1,1394.0080,1430.7149,-1.590806,0.007565,0.006443
195,12,1,1401.5987,1430.7149,-1.691418,0.003697,0.003226
196,12,1,1406.5772,1430.7149,-1.772857,0.024417,0.019593
197,12,1,1410.3787,1430.7149,-1.847282,0.005270,0.004222
198,12,1,1415.3334,1430.7149,-1.968555,0.000488,0.000463
199,12,1,1418.8073,1430.7149,-2.079729,0.007033,0.003948
200,12,1,1420.1805,1430.7149,-2.132944,0.000748,0.000351
201,12,1,1422.6482,1430.7149,-2.248859,0.000253,0.000190
202,12,1,1426.2578,1430.7149,-2.506498,0.000909,0.000633
203,12,1,1429.4486,1430.7149,-3.053018,0.004863,0.003709
204,5,11,1441.6839,1440.5793,-3.115342,0.001701,-0.000822
205,5,11,1442.1726,1440.5793,-2.956235,0.002081,0.000550
206,12,2,1450.8268,1460.3079,-2.187584,0.021415,0.011160
207,12,2,1454.1034,1460.3079,-2.371738,0.019589,0.010887
208,10,7,1465.2417,1470.1722,-2.474475,-0.000316,-0.000394
209,10,7,1466.3543,1470.1722,-2.585543,0.010304,0.004888
210,10,7,1468.6816,1470.1722,-2.993996,0.006985,0.005659
211,10,7,1469.3633,1470.1722,-3.259475,0.007590,0.001775
212,7,10,1472.9936,1470.1722,-2.716902,0.001719,0.001639
213,7,10,1473.1150,1470.1722,-2.698611,-0.001967,-0.003576
214,7,10,1474.6818,1470.1722,-2.513229,0.000771,0.000450
215,7,10,1476.3350,1470.1722,-2.377589,0.038002,0.028488
216,7,10,1484.2706,1470.1722,-2.018200,0.013796,0.010528
217,7,10,1485.2582,1470.1722,-1.988795,0.006418,0.003710
218,12,3,1492.1802,1509.6289,-1.937107,0.002053,0.001349
219,12,3,1505.7621,1509.6289,-2.591519,0.009104,0.007760
220,12,3,1506.2968,1509.6289,-2.656146,0.004931,0.003938
221,3,12,1517.7623,1509.6289,-2.268601,0.001629,0.000876
222,3,12,1520.1717,1509.6289,-2.155915,0.003323,0.001782
223,3,12,1525.2816,1509.6289,-1.984281,0.014349,0.005718
224,3,12,1527.2243,1509.6289,-1.933471,0.000322,0.000234
225,6,11,1533.2278,1549.0851,-1.989846,-0.006961,-0.008636
226,6,11,1538.3980,1549.0851,-2.161214,0.022690,0.013653
227,6,11,1545.6266,1549.0851,-2.651188,0.021739,0.010009
228,6,11,1546.9742,1549.0851,-2.865605,-0.002751,-0.003400
229,11,6,1549.6067,1549.0851,-3.472718,-0.000753,-0.008770
230,11,6,1558.1890,1549.0851,-2.230847,0.006591,0.005056
231,11,6,1559.0602,1549.0851,-2.191155,0.006963,0.005280
232,11,6,1561.4305,1549.0851,-2.098568,0.006079,0.002922
233,12,4,1570.0549,1578.6768,-2.262690,0.013041,0.010076
234,12,4,1574.5780,1578.6768,-2.585632,0.009912,0.005677
235,4,12,1581.6493,1578.6768,-2.725168,0.000223,0.000134
236,9,9,1589.8581,1598.4045,-2.271906,0.003142,0.001875
237,9,9,1590.5489,1598.4045,-2.308509,0.000141,0.000077
238,9,9,1590.7656,1598.4045,-2.320660,-0.002932,-0.003139
239,9,9,1591.6195,1598.4045,-2.372140,0.000027,0.000014
240,9,9,1600.2305,1598.4045,-2.942166,0.006999,0.006208
241,9,9,1600.8610,1598.4045,-2.813355,0.000557,0.000519
242,9,9,1605.3245,1598.4045,-2.363577,0.017403,0.011133
243,9,9,1608.1583,1598.4045,-2.214509,0.026736,0.024499
244,8,10,1612.4851,1618.1320,-2.457211,0.015796,0.012719
245,8,10,1613.0849,1618.1320,-2.505980,-0.000000,0.000000
246,8,10,1614.9076,1618.1320,-2.700567,0.000000,0.000000
247,10,8,1626.0573,1618.1320,-2.309994,0.041554,0.036213
248,10,8,1638.1708,1618.1320,-1.907142,0.015509,0.013712
249,10,8,1640.6805,1618.1320,-1.855895,0.004410,0.001287
250,12,5,1645.9622,1667.4501,-1.889860,0.021117,0.012013
251,12,5,1648.5448,1667.4501,-1.945471,-0.002249,-0.005568
252,12,5,1653.7515,1667.4501,-2.085377,-0.003651,-0.012000
253,12,5,1665.6323,1667.4501,-2.962503,-0.000000,0.000000
254,5,12,1671.1631,1667.4501,-2.652330,0.002174,-0.000035
255,1,13,1673.1396,1677.3136,-2.604064,-0.000523,-0.000973
256,1,13,1674.5512,1677.3136,-2.783324,0.009294,0.006370
257,13,1,1683.6901,1677.3136,-2.420028,0.002896,0.001715
258,13,1,1688.2908,1677.3136,-2.184123,0.000750,0.000698
259,2,13,1692.4506,1706.9039,-2.072242,0.011364,0.007873
260,2,13,1696.3009,1706.9039,-2.206781,-0.001303,-0.001358
261,2,13,1697.2836,1706.9039,-2.249019,0.007339,0.004333
262,2,13,1703.5672,1706.9039,-2.708893,0.013222,0.008675
263,2,13,1703.7854,1706.9039,-2.738263,0.012145,0.006980
264,13,2,1707.9619,1706.9039,-3.207717,0.016558,0.010671
265,13,2,1718.1003,1706.9039,-2.183132,0.011519,0.007610
266,13,2,1720.5346,1706.9039,-2.097692,0.005288,0.002665
267,13,2,1722.0666,1706.9039,-2.051433,0.010590,0.007029
268,13,2,1722.0769,1706.9039,-2.051139,0.000300,0.000164
269,13,3,1734.9316,1756.2204,-1.916427,0.013892,0.008195
270,13,3,1739.5225,1756.2204,-2.021917,0.013592,0.007407
271,13,3,1742.3462,1756.2204,-2.102369,-0.001428,-0.001919
272,13,3,1752.2169,1756.2204,-2.642141,0.012189,0.008277
273,3,13,1765.3630,1756.2204,-2.283511,0.015251,0.008088
274,6,12,1767.0251,1775.9468,-2.298986,0.011579,0.005800
275,6,12,1767.4015,1775.9468,-2.317704,0.000281,-0.000125
276,10,9,1792.2805,1785.8099,-2.440891,0.004668,0.002405
277,10,9,1802.9260,1785.8099,-2.018430,-0.000331,-0.000387
278,13,4,1806.5555,1825.2620,-1.989331,0.001919,0.001506
279,13,4,1808.9181,1825.2620,-2.047969,-0.003103,-0.003291
280,13,4,1810.1271,1825.2620,-2.081345,0.009110,0.007440
281,13,4,1817.7447,1825.2620,-2.385263,0.000662,0.000574
282,13,4,1821.2621,1825.2620,-2.659273,0.000087,0.000067
283,13,4,1823.1329,1825.2620,-2.933121,-0.004949,-0.006287
284,13,4,1823.3582,1825.2620,-2.981697,0.006720,0.004972
285,13,4,1824.6113,1825.2620,-3.447928,0.023937,0.014930
286,8,11,1827.6113,1825.2620,-2.890401,0.003840,0.002871
287,8,11,1828.3697,1825.2620,-2.768894,0.028793,0.023865
288,8,11,1842.6324,1825.2620,-2.021516,0.001870,0.001343
289,8,11,1846.3935,1825.2620,-1.936395,0.004798,0.004125
290,8,11,1850.7400,1825.2620,-1.855160,0.020497,0.015918
291,8,11,1860.3659,1825.2620,-1.715970,0.010782,0.007033
292,7,12,1868.8764,1904.1646,-1.732075,0.002066,0.001932
293,7,12,1880.5514,1904.1646,-1.906550,0.004208,0.003779
294,7,12,1886.0453,1904.1646,-2.021565,0.002226,0.001366
295,7,12,1887.1636,1904.1646,-2.049230,0.000339,0.000190
296,7,12,1895.1467,1904.1646,-2.324600,-0.006781,-0.006946
297,13,5,1914.5051,1914.0272,-3.602586,0.000000,-0.000000
298,1,14,1929.5820,1943.6150,-2.141460,0.002687,0.001560
299,1,14,1936.4618,1943.6150,-2.434112,0.001845,0.001255
300,1,14,1937.8853,1943.6150,-2.530479,0.003038,0.001758
301,14,1,1945.9509,1943.6150,-2.920157,0.014934,0.010325
302,14,1,1951.4431,1943.6150,-2.394951,0.000349,0.000316
303,10,10,1963.9089,1973.2024,-2.326995,-0.000000,0.000000
304,2,14,1976.4821,1973.2024,-2.779332,0.007497,0.005954
305,2,14,1977.4454,1973.2024,-2.667495,0.004627,0.002834
306,2,14,1980.0040,1973.2024,-2.462559,0.000171,0.000126
307,9,11,1986.4390,1992.9272,-2.487373,0.013675,0.010086
308,9,11,1986.7238,1992.9272,-2.506862,0.029555,0.023039
309,9,11,1998.3835,1992.9272,-2.562594,0.014230,0.010792
310,9,11,2004.4247,1992.9272,-2.238888,0.000433,0.000323
311,14,3,2011.9408,2022.5141,-2.281681,0.003617,0.003313
312,14,3,2015.0647,2022.5141,-2.433776,0.006937,0.005711
313,14,3,2015.7015,2022.5141,-2.472584,0.004899,0.004242
314,14,3,2017.2034,2022.5141,-2.580746,-0.004419,-0.006327
315,14,3,2020.5082,2022.5141,-3.003601,0.000438,0.000342
316,8,12,2043.8706,2052.1006,-2.396797,-0.000213,-0.000214
317,8,12,2046.4862,2052.1006,-2.562894,0.017328,0.013082
318,8,12,2047.3050,2052.1006,-2.631353,0.001371,0.000861
319,12,8,2052.7680,2052.1006,-3.487836,0.001808,0.001045
320,12,8,2055.4810,2052.1006,-2.783230,0.004043,0.003495
321,12,8,2068.5576,2052.1006,-2.095849,0.000498,0.000266
322,12,8,2069.0862,2052.1006,-2.082117,0.000314,0.000214
323,14,4,2088.2603,2091.5489,-2.803462,0.001610,0.001307
324,4,14,2095.2189,2091.5489,-2.755802,0.007177,0.003900
325,4,14,2107.2838,2091.5489,-2.123603,0.008582,0.006689
326,4,14,2109.2592,2091.5489,-2.072241,0.004845,0.003189
327,4,14,2113.5957,2091.5489,-1.977122,0.002042,0.001486
328,13,7,2122.8045,2150.7202,-1.886737,0.000102,0.000067
329,13,7,2124.5258,2150.7202,-1.914376,0.000862,0.000802
330,13,7,2138.2029,2150.7202,-2.235075,0.002691,0.002435
331,7,13,2152.2885,2150.7202,-3.137158,0.000169,0.000114
332,7,13,2163.9408,2150.7202,-2.211331,0.001339,0.000997
333,11,10,2175.4961,2180.3053,-2.656441,0.000593,0.000431
334,11,10,2178.1614,2180.3053,-3.007310,0.000624,0.000598
335,5,14,2184.5066,2180.3053,-2.715142,0.000000,-0.000000
336,5,14,2187.2492,2180.3053,-2.496914,0.002432,0.001333
337,5,14,2194.5923,2180.3053,-2.183577,0.027449,0.021033
338,5,14,2194.9229,2180.3053,-2.173643,0.000706,0.000501
339,5,14,2195.6510,2180.3053,-2.152531,0.002206,0.001109
340,9,12,2202.1122,2219.7517,-2.099818,0.000523,-0.000245
341,9,12,2216.6565,2219.7517,-2.855617,-0.001242,-0.001464
342,9,12,2217.3735,2219.7517,-2.970042,0.003019,0.001159
343,15,1,2224.8930,2229.6132,-2.674268,0.005522,0.002765
344,15,1,2226.2872,2229.6132,-2.826305,0.018887,0.014609
345,15,1,2228.9074,2229.6132,-3.499517,0.002348,0.001523
346,1,15,2235.6061,2229.6132,-2.570594,0.004292,0.001757
347,1,15,2235.6431,2229.6132,-2.567924,0.016897,0.011990
348,15,2,2250.9720,2259.1975,-2.438792,0.000873,0.000801
349,15,2,2251.0168,2259.1975,-2.441160,0.024793,0.018095
350,15,2,2258.9293,2259.1975,-3.925357,0.000692,0.000497
351,2,15,2259.4407,2259.1975,-3.968092,0.009162,0.006366
352,6,14,2292.9579,2288.7815,-2.738810,0.000269,-0.000723
353,6,14,2293.5218,2288.7815,-2.683797,0.003678,0.001849
354,8,13,2301.3884,2298.6428,-2.922829,-0.007547,-0.007635
355,3,15,2312.5250,2308.5040,-2.758999,0.009890,0.006666
356,3,15,2321.3121,2308.5040,-2.255847,0.008330,0.005118
357,3,15,2321.8754,2308.5040,-2.237153,0.000375,-0.002798
358,3,15,2333.9156,2308.5040,-1.958299,0.005453,0.002885
359,3,15,2341.4831,2308.5040,-1.845092,0.003834,0.003459
360,15,4,2353.6136,2377.5315,-1.997402,-0.005271,-0.006228
361,15,4,2355.4615,2377.5315,-2.032323,0.008005,0.005507
362,15,4,2363.6011,2377.5315,-2.232160,-0.000617,-0.000742
363,11,11,2383.0732,2387.3925,-2.742510,-0.007409,-0.010326
364,11,11,2388.6655,2387.3925,-3.273099,0.019595,0.013163
365,11,11,2395.4258,2387.3925,-2.473027,-0.023964,-0.024851
366,10,12,2398.7144,2407.1142,-2.457224,-0.000000,-0.000000
367,14,7,2415.3038,2416.9751,-3.160235,0.005594,0.004079
368,14,7,2416.2512,2416.9751,-3.523608,0.008436,0.006408
369,7,14,2421.7534,2416.9751,-2.703992,0.005567,0.003139
370,7,14,2424.4081,2416.9751,-2.512105,0.013589,0.010778
371,7,14,2428.6258,2416.9751,-2.316920,0.004069,0.001886
372,7,14,2440.5971,2416.9751,-2.009955,0.001109,-0.001770
373,5,15,2449.8400,2466.2787,-2.176176,0.007715,0.005335
374,5,15,2451.6784,2466.2787,-2.227682,-0.001065,-0.002236
375,5,15,2455.2192,2466.2787,-2.348310,0.013373,0.011427
376,5,15,2465.1156,2466.2787,-3.326447,-0.001691,-0.006534
377,9,13,2471.1878,2466.2787,-2.701035,0.004951,0.003509
378,9,13,2486.0775,2466.2787,-2.095402,0.010390,0.009637
379,9,13,2489.2938,2466.2787,-2.030029,0.008192,0.005347
380,9,13,2489.9503,2466.2787,-2.017814,0.000082,0.000057
381,9,13,2495.5815,2466.2787,-1.925132,0.017418,0.012891
382,9,13,2503.3790,2466.2787,-1.822665,-0.000417,-0.000480
383,9,13,2510.8376,2466.2787,-1.743108,0.000629,0.000542
384,14,8,2518.1361,2564.8831,-1.739314,0.011103,0.007507
385,14,8,2526.5119,2564.8831,-1.825061,0.005150,0.001282
386,14,8,2526.7956,2564.8831,-1.828285,0.000350,0.000233
387,14,8,2535.8129,2564.8831,-1.945619,0.027220,0.023272
388,14,8,2548.4878,2564.8831,-2.194347,0.009850,0.007167
389,14,8,2548.7077,2564.8831,-2.200212,0.001247,0.000863
390,14,8,2551.4540,2564.8831,-2.281021,0.001124,0.000055
391,14,8,2556.9946,2564.8831,-2.512069,0.015430,0.012804
392,14,8,2557.5259,2564.8831,-2.542351,0.008073,0.007428
393,8,14,2566.0621,2564.8831,-3.337585,0.019192,0.013898
394,6,15,2582.5572,2574.7434,-2.517874,0.000000,0.000000
395,6,15,2588.1003,2574.7434,-2.285029,0.009013,0.006343
396,12,11,2596.3660,2614.1840,-2.166475,-0.000930,-0.000971
397,11,12,2617.3742,2614.1840,-2.913530,0.010700,0.007745
398,11,12,2618.9297,2614.1840,-2.741042,0.009494,0.006729
399,11,12,2620.1019,2614.1840,-2.645170,0.002921,0.001733
400,11,12,2624.9648,2614.1840,-2.384689,0.000156,0.000139
401,11,12,2625.3304,2614.1840,-2.370202,0.002459,0.001801
402,11,12,2628.7100,2614.1840,-2.255192,0.006014,0.004152
403,11,12,2630.3270,2614.1840,-2.209353,-0.000095,-0.000145
404,11,12,2630.6917,2614.1840,-2.199651,0.000474,0.000379
405,13,10,2635.7562,2653.6241,-2.171766,0.017311,0.011888
406,10,13,2654.7650,2653.6241,-3.366582,0.009950,0.006142
407,10,13,2662.8118,2653.6241,-2.460635,0.000000,0.000000
408,10,13,2670.8680,2653.6241,-2.187205,0.037129,0.031529
409,10,13,2677.0450,2653.6241,-2.054236,-0.000000,-0.000000
410,15,7,2691.8808,2702.9234,-2.388761,0.016276,0.014232
411,7,15,2705.7512,2702.9234,-2.980385,0.008687,0.007663
412,7,15,2715.2359,2702.9234,-2.341487,0.003926,0.003248
413,14,9,2722.7536,2732.5026,-2.447604,0.010427,0.006458
414,14,9,2727.8582,2732.5026,-2.769631,0.001466,0.001127
415,9,14,2737.1271,2732.5026,-2.771495,0.008932,0.006507
416,9,14,2738.6920,2732.5026,-2.644910,0.011493,0.009831
417,9,14,2742.1112,2732.5026,-2.453897,0.001339,0.000945
418,9,14,2743.2632,2732.5026,-2.404723,0.001679,-0.000073
419,9,14,2755.4117,2732.5026,-2.076551,0.016835,0.013911
420,9,14,2768.1107,2732.5026,-1.885012,0.004755,0.004440
421,9,14,2769.4258,2732.5026,-1.869261,0.007530,0.005528
422,9,14,2779.0985,2732.5026,-1.768212,-0.000819,-0.000818
423,9,14,2781.3249,2732.5026,-1.747942,0.000189,0.000141
424,9,14,2781.7515,2732.5026,-1.744164,-0.002672,-0.002812
425,9,14,2784.3918,2732.5026,-1.721483,0.000219,0.000157
426,12,12,2787.8645,2840.9567,-1.728434,0.009952,0.007063
427,12,12,2805.9171,2840.9567,-1.908906,0.008500,0.005873
428,12,12,2810.7794,2840.9567,-1.973786,0.013981,0.010277
429,12,12,2812.5593,2840.9567,-2.000186,0.009093,0.006185
430,12,12,2813.4735,2840.9567,-2.014398,0.013010,0.008459
431,8,15,2846.9387,2850.8159,-2.866453,-0.009307,-0.010171
432,11,13,2862.7529,2860.6751,-3.138876,0.007068,0.005574
433,11,13,2873.9874,2860.6751,-2.332216,0.023749,0.020442
434,11,13,2881.8725,2860.6751,-2.130187,0.006055,0.004937
435,14,10,2893.5067,2919.8296,-2.045023,0.005402,0.004493
436,14,10,2903.2065,2919.8296,-2.244645,-0.008850,-0.010833
437,14,10,2906.4845,2919.8296,-2.340033,0.008675,0.007706
438,10,14,2941.4095,2919.8296,-2.131308,0.004471,0.003364
439,10,14,2945.3222,2919.8296,-2.058944,0.005233,0.003945
440,10,14,2951.2816,2919.8296,-1.967709,0.003630,0.002878
441,10,14,2953.3300,2919.8296,-1.940308,0.001301,0.000373
442,10,14,2953.9163,2919.8296,-1.932773,0.014186,0.011438
443,9,15,2973.2795,3018.4176,-1.825236,0.000697,0.000501
444,9,15,2976.0954,3018.4176,-1.853211,-0.002544,-0.004394
445,9,15,2980.7141,3018.4176,-1.903398,0.000248,0.000180
446,9,15,2988.0392,3018.4176,-1.997214,0.001452,0.001053
447,9,15,2988.5471,3018.4176,-2.004536,0.000233,0.000163
448,9,15,2988.8197,3018.4176,-2.008518,0.000533,-0.000845
449,9,15,2990.8693,3018.4176,-2.039684,0.004202,0.002782
450,9,15,2996.6904,3018.4176,-2.142775,0.000288,0.000212
451,9,15,3003.4426,3018.4176,-2.304411,-0.008500,-0.011269
452,9,15,3016.1776,3018.4176,-3.129522,-0.001564,-0.001596
453,15,9,3026.9185,3018.4176,-2.550318,0.007441,0.005748
454,15,9,3036.2383,3018.4176,-2.228854,0.005199,0.003186
455,13,12,3069.6656,3087.4271,-2.240117,0.008871,0.006147
456,13,12,3073.8757,3087.4271,-2.357614,0.000527,0.000493
457,13,12,3081.4220,3087.4271,-2.711073,0.001394,0.000992
458,13,12,3081.7582,3087.4271,-2.736098,0.000655,-0.001517
459,14,11,3108.1455,3126.8603,-2.222923,0.009437,0.007380
460,14,11,3119.3174,3126.8603,-2.617570,0.022930,0.018441
461,11,14,3127.8990,3126.8603,-3.478607,0.008520,0.006351
462,11,14,3142.2992,3126.8603,-2.306491,0.003224,0.002450
463,11,14,3146.5501,3126.8603,-2.200868,0.002657,0.002406
464,11,14,3149.5772,3126.8603,-2.138759,0.006162,0.004783
465,11,14,3163.9884,3126.8603,-1.925406,0.015752,0.011364
466,10,15,3181.6990,3205.7250,-2.125246,-0.003574,-0.004507
467,10,15,3185.2701,3205.7250,-2.195130,0.003426,-0.000470
468,10,15,3199.0623,3205.7250,-2.682277,0.005312,0.003979
469,15,10,3207.4460,3205.7250,-3.270127,-0.004373,-0.005152
470,15,10,3207.7262,3205.7250,-3.204635,0.016541,0.013242
471,15,10,3218.9444,3205.7250,-2.384713,0.000000,-0.000000
472,15,10,3221.5147,3205.7250,-2.307552,0.002097,0.001592
473,15,10,3221.7356,3205.7250,-2.301518,0.024700,0.019638
474,15,10,3232.5266,3205.7250,-2.077765,0.012702,0.010615
475,15,10,3247.3812,3205.7250,-1.886246,0.000000,-0.000000
476,13,13,3277.4231,3333.8752,-1.771269,0.000802,0.000613
477,13,13,3287.2147,3333.8752,-1.854000,0.002116,0.001987
478,13,13,3294.8859,3333.8752,-1.932004,0.011193,0.008500
479,13,13,3300.9735,3333.8752,-2.005731,0.000047,0.000036
480,13,13,3313.8197,3333.8752,-2.220717,0.005996,0.004311
481,13,13,3314.1453,3333.8752,-2.227826,0.000892,0.000708
482,13,13,3315.4173,3333.8752,-2.256767,0.000021,0.000016
483,13,13,3330.7901,3333.8752,-3.033678,0.011822,0.009541
484,13,13,3342.1090,3333.8752,-2.607349,0.019573,0.017481
485,12,14,3363.1400,3353.5900,-2.545510,0.004571,0.003372
486,11,15,3384.3774,3412.7338,-2.080451,0.012292,0.010502
487,11,15,3393.5615,3412.7338,-2.250428,-0.001106,-0.003729
488,11,15,3396.2724,3412.7338,-2.316635,0.002165,0.001675
489,11,15,3398.1412,3412.7338,-2.368969,-0.001249,-0.001285
490,11,15,3405.3588,3412.7338,-2.665338,0.000419,0.000319
491,15,11,3424.3118,3412.7338,-2.469468,0.002894,0.002247
492,15,11,3442.7129,3412.7338,-2.056284,0.004847,0.003771
493,15,11,3447.4422,3412.7338,-1.992668,0.001882,0.000663
494,15,11,3447.9540,3412.7338,-1.986311,0.003457,0.000110
495,15,11,3458.6738,3412.7338,-1.870912,0.000494,0.000394
496,15,11,3483.0376,3412.7338,-1.686124,-0.000000,0.000000
497,15,11,3493.6097,3412.7338,-1.625284,-0.000940,-0.000964
498,15,11,3494.8229,3412.7338,-1.618817,0.006661,0.005281
499,15,11,3499.8429,3412.7338,-1.593039,0.002990,0.002476
500,14,13,3515.0518,3600.0139,-1.627079,0.009384,0.007477
501,14,13,3520.9541,3600.0139,-1.658348,0.004124,0.003168
502,14,13,3530.0559,3600.0139,-1.711467,0.012519,0.010183
503,14,13,3533.4236,3600.0139,-1.732893,0.001201,0.001170
504,14,13,3561.0071,3600.0139,-1.965163,0.001510,0.000704
505,14,13,3576.4801,3600.0139,-2.184611,-0.000334,-0.002455
506,14,13,3597.5789,3600.0139,-3.169806,0.009661,0.007776
507,14,13,3599.6739,3600.0139,-4.024773,0.000877,0.000701
508,15,12,3625.1405,3639.4397,-2.405724,0.016969,0.013441
509,15,12,3633.2102,3639.4397,-2.766587,0.001321,0.000998
510,12,15,3642.9907,3639.4397,-3.010679,0.000070,0.000052
511,12,15,3652.0638,3639.4397,-2.459832,-0.001462,-0.001456
512,12,15,3665.8455,3639.4397,-2.139334,0.011343,0.010491
513,12,15,3673.3300,3639.4397,-2.030958,0.002368,0.001889
514,12,15,3674.4071,3639.4397,-2.017371,-0.000000,0.000000
515,12,15,3678.3084,3639.4397,-1.971434,0.000000,0.000000
516,12,15,3679.3683,3639.4397,-1.959750,0.009712,0.008747
517,12,15,3692.0439,3639.4397,-1.840014,0.002123,0.002165
518,12,15,3718.9614,3639.4397,-1.660549,0.002107,0.001706
519,12,15,3727.8452,3639.4397,-1.614555,0.000012,0.000077
520,12,15,3738.2073,3639.4397,-1.566420,0.000216,0.000176
521,12,15,3741.5986,3639.4397,-1.551758,0.000598,0.000492
522,14,14,3799.2762,3866.1266,-1.762172,0.010955,0.008693
523,14,14,3801.1044,3866.1266,-1.774215,0.000027,0.000021
524,14,14,3804.1651,3866.1266,-1.795154,0.010902,0.008727
525,14,14,3817.8339,3866.1266,-1.903395,0.000817,0.000649
526,14,14,3830.1331,3866.1266,-2.031052,0.008130,0.008096
527,14,14,3837.5177,3866.1266,-2.130775,0.011155,0.008919
528,14,14,3851.2616,3866.1266,-2.415113,0.000124,0.000092
529,14,14,3851.7608,3866.1266,-2.429947,0.003290,0.003858
530,14,14,3860.7300,3866.1266,-2.855156,0.000602,0.000490
531,14,14,3861.3267,3866.1266,-2.906044,0.005530,0.004572
532,15,13,3880.8835,3885.8376,-2.894519,0.013516,0.010902
533,15,13,3883.8944,3885.8376,-3.300967,0.000182,0.000147
534,13,15,3920.1563,3885.8376,-2.053953,0.006467,0.005705
535,13,15,3932.3476,3885.8376,-1.921938,0.000082,0.000066
536,13,15,3950.5311,3885.8376,-1.778624,0.005285,0.003403
537,13,15,3959.0862,3885.8376,-1.724685,-0.000000,-0.000000
538,13,15,3985.1439,3885.8376,-1.592508,0.004523,0.003995
539,13,15,3990.5501,3885.8376,-1.569486,0.005178,0.004357
540,13,15,3992.9131,3885.8376,-1.559794,-0.000000,-0.000000
541,13,15,4000.6347,3885.8376,-1.529554,0.000881,0.000809
542,13,15,4018.5058,3885.8376,-1.466718,0.003574,0.003420
543,15,14,4029.5130,4151.9222,-1.530435,0.000357,0.000300
544,15,14,4031.6144,4151.9222,-1.537956,0.000342,0.000262
545,15,14,4033.2595,4151.9222,-1.543935,0.001768,0.001421
546,15,14,4075.9835,4151.9222,-1.737786,0.002213,0.002347
547,15,14,4079.1702,4151.9222,-1.756404,0.009904,0.009882
548,15,14,4099.0833,4151.9222,-1.895295,-0.000196,-0.000168
549,15,14,4104.3758,4151.9222,-1.941132,0.002401,0.001960
550,15,14,4120.5791,4151.9222,-2.122108,0.000349,0.000285
551,15,14,4136.8614,4151.9222,-2.440403,0.000456,0.000379
552,15,14,4139.4784,4151.9222,-2.523297,0.003438,0.003197
553,14,15,4170.2811,4151.9222,-2.354403,0.001044,0.001112
554,14,15,4174.9173,4151.9222,-2.256614,0.004900,0.003977
555,14,15,4177.2489,4151.9222,-2.214671,0.002083,0.001749
556,14,15,4185.3972,4151.9222,-2.093528,0.000814,0.000686
557,14,15,4186.1053,4151.9222,-2.084438,0.006266,0.005723
558,14,15,4224.7521,4151.9222,-1.755939,0.006355,0.005292
559,14,15,4233.2293,4151.9222,-1.708121,0.003891,0.003276
560,14,15,4244.8674,4151.9222,-1.650022,-0.000904,-0.000713
561,14,15,4256.1509,4151.9222,-1.600262,0.000000,0.000000
562,14,15,4271.2904,4151.9222,-1.541360,0.000732,0.000840
563,14,15,4283.0606,4151.9222,-1.500519,0.002507,0.002144
564,15,15,4296.1467,4437.6877,-1.496275,-0.002355,-0.002185
565,15,15,4301.7201,4437.6877,-1.513721,0.019042,0.015543
566,15,15,4305.2040,4437.6877,-1.524994,0.000000,-0.000000
567,15,15,4316.7901,4437.6877,-1.564739,0.000000,-0.000000
568,15,15,4331.4035,4437.6877,-1.620688,0.000866,0.000693
569,15,15,4363.5705,4437.6877,-1.777238,0.000000,-0.000000
570,15,15,4366.0855,4437.6877,-1.792230,0.008458,0.006807
571,15,15,4373.4152,4437.6877,-1.839131,0.015926,0.012153
572,15,15,4375.9065,4437.6877,-1.856300,0.002001,0.001657
573,15,15,4403.9672,4437.6877,-2.119263,0.006307,0.005275
574,15,15,4404.7736,4437.6877,-2.129775,0.002368,0.001975
575,15,15,4436.2272,4437.6877,-3.482666,0.006509,0.005473
576,15,15,4437.0481,4437.6877,-3.841265,0.002145,0.001779
577,15,15,94050.4214,4437.6877,1.305213,0.000000,-0.000000
578,15,15,94050.4564,4437.6877,1.305213,0.000000,0.000000
579,15,15,94051.0068,4437.6877,1.305216,0.000000,0.000000
580,15,15,94051.1418,4437.6877,1.305216,0.000000,0.000000
581,15,15,94052.0217,4437.6877,1.305221,0.000000,-0.000000
582,15,15,94052.3210,4437.6877,1.305222,0.000000,-0.000000
583,15,15,94053.4399,4437.6877,1.305228,0.000000,0.000000
584,15,15,94053.9615,4437.6877,1.305230,0.000000,0.000000
585,15,15,94055.3109,4437.6877,1.305237,0.000000,0.000000
586,15,15,94056.1067,4437.6877,1.305241,0.000000,0.000000
587,15,15,94057.6356,4437.6877,1.305248,0.000000,0.000000
588,15,15,94058.7558,4437.6877,1.305253,0.000000,0.000000
589,15,15,94060.4445,4437.6877,1.305262,0.000000,-0.000000
590,15,15,94061.9291,4437.6877,1.305269,0.000000,-0.000000
591,15,15,94063.7743,4437.6877,1.305278,0.000000,0.000000
592,15,15,94065.6689,4437.6877,1.305287,0.000000,0.000000
593,15,15,94067.6263,4437.6877,1.305296,0.000000,0.000000
594,15,15,94069.9640,4437.6877,1.305308,0.000000,0.000000
595,15,15,94072.0812,4437.6877,1.305318,0.000000,0.000000
596,15,15,94074.9067,4437.6877,1.305332,0.000000,-0.000000
597,15,15,94077.1069,4437.6877,1.305342,0.000000,0.000000
598,15,15,94080.4518,4437.6877,1.305359,0.000000,-0.000000
599,15,15,94082.8306,4437.6877,1.305370,0.000000,0.000000
600,15,15,94086.7407,4437.6877,1.305389,0.000000,0.000000
601,15,15,94089.1909,4437.6877,1.305401,0.000000,0.000000
602,15,15,94093.7017,4437.6877,1.305423,0.000000,-0.000000
603,15,15,94096.3552,4437.6877,1.305436,0.000000,-0.000000
604,15,15,94101.5129,4437.6877,1.305461,0.000000,0.000000
605,15,15,94104.2482,4437.6877,1.305474,0.000000,0.000000
606,15,15,94110.0974,4437.6877,1.305502,0.000000,0.000000
607,15,15,94113.0564,4437.6877,1.305516,0.000000,0.000000
608,15,15,94119.6403,4437.6877,1.305548,0.000000,-0.000000
609,15,15,94122.7239,4437.6877,1.305563,0.000000,0.000000
610,15,15,94130.1019,4437.6877,1.305599,0.000000,0.000000
611,15,15,94133.4130,4437.6877,1.305615,0.000000,-0.000000
612,15,15,94141.6196,4437.6877,1.305655,0.000000,0.000000
613,15,15,94145.1465,4437.6877,1.305672,0.000000,-0.000000
614,15,15,94154.2621,4437.6877,1.305716,0.000000,-0.000000
615,15,15,94157.9882,4437.6877,1.305734,0.000000,0.000000
616,15,15,94168.0295,4437.6877,1.305783,0.000000,0.000000
617,15,15,94172.1337,4437.6877,1.305802,0.000000,0.000000
618,15,15,94183.2090,4437.6877,1.305856,0.000000,-0.000000
619,15,15,94187.4321,4437.6877,1.305876,0.000000,0.000000
620,15,15,94199.5276,4437.6877,1.305935,0.000000,0.000000
621,15,15,94204.3930,4437.6877,1.305959,0.000000,0.000000
622,15,15,94217.6518,4437.6877,1.306023,0.000000,-0.000000
623,15,15,94222.4782,4437.6877,1.306046,0.000000,-0.000000
624,15,15,94236.8381,4437.6877,1.306115,-0.000000,0.000000
625,15,15,94242.7134,4437.6877,1.306144,0.000000,0.000000
626,15,15,94258.3571,4437.6877,1.306220,0.000000,-0.000000
627,15,15,94263.9267,4437.6877,1.306246,0.000000,0.000000
628,15,15,94280.7208,4437.6877,1.306328,0.000000,0.000000
629,15,15,94287.9379,4437.6877,1.306363,0.000000,-0.000000
630,15,15,94306.1027,4437.6877,1.306450,0.000000,-0.000000
631,15,15,94312.6055,4437.6877,1.306482,0.000000,0.000000
632,15,15,94331.9073,4437.6877,1.306575,0.000000,0.000000
633,15,15,94340.9064,4437.6877,1.306619,0.000000,0.000000
634,15,15,94361.5873,4437.6877,1.306718,0.000000,0.000000
635,15,15,94369.2915,4437.6877,1.306756,0.000000,0.000000
636,15,15,94390.9838,4437.6877,1.306860,0.000000,0.000000
637,15,15,94402.3446,4437.6877,1.306915,0.000000,0.000000
638,15,15,94425.2685,4437.6877,1.307026,0.000000,0.000000
639,15,15,94434.5683,4437.6877,1.307071,0.000000,0.000000
640,15,15,94458.1886,4437.6877,1.307185,0.000000,-0.000000
641,15,15,94472.6700,4437.6877,1.307255,0.000000,0.000000
642,15,15,94497.0975,4437.6877,1.307372,0.000000,-0.000000
643,15,15,94508.5861,4437.6877,1.307428,0.000000,0.000000
644,15,15,94533.1016,4437.6877,1.307546,0.000000,0.000000
645,15,15,94551.6780,4437.6877,1.307635,0.000000,0.000000
646,15,15,94576.1417,4437.6877,1.307753,0.000000,-0.000000
647,15,15,94590.6897,4437.6877,1.307823,0.000000,0.000000
648,15,15,94614.2461,4437.6877,1.307937,0.000000,0.000000
649,15,15,94638.0850,4437.6877,1.308052,0.000000,-0.000000
650,15,15,94660.1941,4437.6877,1.308158,0.000000,0.000000
651,15,15,94678.9094,4437.6877,1.308248,0.000000,0.000000
652,15,15,94698.7975,4437.6877,1.308344,0.000000,0.000000
653,15,15,94728.9655,4437.6877,1.308489,0.000000,0.000000
654,15,15,94745.7247,4437.6877,1.308570,0.000000,-0.000000
655,15,15,94769.4036,4437.6877,1.308684,0.000000,0.000000
656,15,15,94782.8435,4437.6877,1.308748,0.000000,0.000000
657,15,15,94819.2667,4437.6877,1.308923,0.000000,-0.000000
658,15,15,94828.5772,4437.6877,1.308968,0.000000,-0.000000
659,15,15,94856.1335,4437.6877,1.309100,0.000000,0.000000
660,15,15,94862.2012,4437.6877,1.309129,0.000000,0.000000
661,15,15,94901.8045,4437.6877,1.309320,0.000000,-0.000000
662,15,15,94904.4934,4437.6877,1.309333,0.000000,-0.000000
663,15,15,94931.2803,4437.6877,1.309461,0.000000,0.000000
664,15,15,94932.1851,4437.6877,1.309465,0.000000,0.000000
665,15,15,94967.8011,4437.6877,1.309636,0.000000,0.000000
666,15,15,94968.2539,4437.6877,1.309639,0.000000,-0.000000
667,15,15,94986.2114,4437.6877,1.309725,0.000000,0.000000
668,15,15,94986.8716,4437.6877,1.309728,0.000000,0.000000
669,15,15,95010.6943,4437.6877,1.309842,0.000000,-0.000000
670,15,15,95011.1801,4437.6877,1.309844,0.000000,-0.000000
671,15,15,95017.4198,4437.6877,1.309874,0.000000,0.000000
672,15,15,95017.6735,4437.6877,1.309876,0.000000,0.000000
673,15,15,133067.3248,4437.6877,1.462184,0.000000,0.000000
674,15,15,133067.3248,4437.6877,1.462184,0.000000,0.000000
675,15,15,133326.5950,4437.6877,1.463059,0.000000,0.000000
676,15,15,133326.5950,4437.6877,1.463059,0.000000,0.000000
677,15,15,6480075.2172,4437.6877,3.164126,0.000000,-0.000000
678,15,15,6480075.9291,4437.6877,3.164126,0.000000,-0.000000
679,15,15,6480077.7762,4437.6877,3.164126,0.000000,-0.000000
680,15,15,6480078.5019,4437.6877,3.164126,0.000000,-0.000000
681,15,15,6480208.7927,4437.6877,3.164135,0.000000,-0.000000
682,15,15,6480208.9406,4437.6877,3.164135,0.000000,0.000000
683,15,15,6480211.9936,4437.6877,3.164135,0.000000,0.000000
684,15,15,6480214.1938,4437.6877,3.164135,0.000000,0.000000
685,15,15,6480215.8048,4437.6877,3.164135,0.000000,0.000000
686,15,15,6480218.0107,4437.6877,3.164135,0.000000,0.000000
687,15,15,6480219.0769,4437.6877,3.164135,0.000000,-0.000000
688,15,15,6480219.1698,4437.6877,3.164135,0.000000,0.000000
689,15,15,6480337.6676,4437.6877,3.164143,0.000000,0.000000
690,15,15,6480337.7327,4437.6877,3.164143,0.000000,-0.000000
691,15,15,6480339.0640,4437.6877,3.164143,0.000000,0.000000
692,15,15,6480339.0789,4437.6877,3.164143,0.000000,-0.000000
693,15,15,6480344.6708,4437.6877,3.164144,0.000000,0.000000
694,15,15,6480345.1405,4437.6877,3.164144,0.000000,-0.000000
695,15,15,6480345.1627,4437.6877,3.164144,0.000000,-0.000000
696,15,15,6480346.4525,4437.6877,3.164144,0.000000,0.000000
697,15,15,6480346.5131,4437.6877,3.164144,0.000000,0.000000
698,15,15,6480346.8076,4437.6877,3.164144,0.000000,-0.000000
699,15,15,6480350.9575,4437.6877,3.164144,0.000000,-0.000000
700,15,15,6480352.2257,4437.6877,3.164144,0.000000,0.000000
701,15,15,6480362.2875,4437.6877,3.164145,0.000000,-0.000000
702,15,15,6480363.2447,4437.6877,3.164145,0.000000,0.000000
703,15,15,6480363.2784,4437.6877,3.164145,0.000000,0.000000
704,15,15,6480364.1298,4437.6877,3.164145,0.000000,0.000000
705,15,15,6480377.6072,4437.6877,3.164146,0.000000,-0.000000
706,15,15,6480378.2048,4437.6877,3.164146,0.000000,0.000000
707,15,15,6480378.3650,4437.6877,3.164146,0.000000,0.000000
708,15,15,6480379.2086,4437.6877,3.164146,0.000000,0.000000
709,15,15,6480387.5190,4437.6877,3.164147,0.000000,0.000000
710,15,15,6480387.8449,4437.6877,3.164147,0.000000,0.000000
711,15,15,6480390.4625,4437.6877,3.164147,0.000000,-0.000000
712,15,15,6480390.5458,4437.6877,3.164147,0.000000,-0.000000
713,15,15,6480398.6689,4437.6877,3.164147,0.000000,0.000000
714,15,15,6480398.9813,4437.6877,3.164148,0.000000,0.000000
715,15,15,6480399.3739,4437.6877,3.164148,0.000000,-0.000000
716,15,15,6480399.5780,4437.6877,3.164148,0.000000,0.000000
717,15,15,6480419.3355,4437.6877,3.164149,0.000000,0.000000
718,15,15,6480419.7320,4437.6877,3.164149,0.000000,-0.000000
719,15,15,6480419.9744,4437.6877,3.164149,0.000000,0.000000
720,15,15,6480420.4764,4437.6877,3.164149,0.000000,0.000000
721,15,15,6480458.7863,4437.6877,3.164152,0.000000,-0.000000
722,15,15,6480458.8565,4437.6877,3.164152,0.000000,0.000000
723,15,15,6480459.1163,4437.6877,3.164152,0.000000,0.000000
724,15,15,6480459.6080,4437.6877,3.164152,0.000000,0.000000
725,15,15,6480471.1228,4437.6877,3.164152,0.000000,-0.000000
726,15,15,6480471.3058,4437.6877,3.164152,0.000000,-0.000000
727,15,15,6480473.2843,4437.6877,3.164152,0.000000,0.000000
728,15,15,6480473.4896,4437.6877,3.164153,0.000000,0.000000
729,15,15,6480478.7607,4437.6877,3.164153,-0.000000,0.000000
730,15,15,6480479.3571,4437.6877,3.164153,0.000000,-0.000000
731,15,15,6480480.3550,4437.6877,3.164153,0.000000,0.000000
732,15,15,6480480.8035,4437.6877,3.164153,0.000000,0.000000
733,15,15,6480494.2767,4437.6877,3.164154,0.000000,0.000000
734,15,15,6480494.5555,4437.6877,3.164154,0.000000,0.000000
735,15,15,6480494.6380,4437.6877,3.164154,0.000000,0.000000
736,15,15,6480495.5824,4437.6877,3.164154,0.000000,-0.000000
737,15,15,6480499.9231,4437.6877,3.164154,0.000000,0.000000
738,15,15,6480500.1519,4437.6877,3.164154,0.000000,0.000000
739,15,15,6480500.4122,4437.6877,3.164154,0.000000,-0.000000
740,15,15,6480500.5742,4437.6877,3.164154,0.000000,-0.000000
741,15,15,6480508.0994,4437.6877,3.164155,0.000000,-0.000000
742,15,15,6480510.1736,4437.6877,3.164155,0.000000,0.000000
743,15,15,6480511.7068,4437.6877,3.164155,0.000000,0.000000
744,15,15,6480512.4892,4437.6877,3.164155,0.000000,0.000000
745,15,15,6480515.2748,4437.6877,3.164155,0.000000,-0.000000
746,15,15,6480515.6074,4437.6877,3.164155,0.000000,0.000000
747,15,15,6480522.2941,4437.6877,3.164156,-0.000000,-0.000000
748,15,15,6480523.2532,4437.6877,3.164156,0.000000,0.000000
749,15,15,6480525.0277,4437.6877,3.164156,0.000000,0.000000
750,15,15,6480525.9882,4437.6877,3.164156,0.000000,0.000000
751,15,15,6480526.7341,4437.6877,3.164156,0.000000,0.000000
752,15,15,6480527.8598,4437.6877,3.164156,0.000000,0.000000
753,15,15,6480528.1030,4437.6877,3.164156,0.000000,0.000000
754,15,15,6480528.6494,4437.6877,3.164156,0.000000,0.000000
755,15,15,6480532.2450,4437.6877,3.164156,0.000000,-0.000000
756,15,15,6480532.6540,4437.6877,3.164156,0.000000,-0.000000
757,15,15,6480534.1411,4437.6877,3.164157,-0.000000,0.000000
758,15,15,6480536.4784,4437.6877,3.164157,0.000000,0.000000
759,15,15,6480538.3965,4437.6877,3.164157,0.000000,0.000000
760,15,15,6480539.9338,4437.6877,3.164157,0.000000,-0.000000
761,15,15,6480550.8373,4437.6877,3.164158,0.000000,0.000000
762,15,15,6480551.1997,4437.6877,3.164158,0.000000,0.000000
763,15,15,6480551.3583,4437.6877,3.164158,0.000000,-0.000000
764,15,15,6480552.1427,4437.6877,3.164158,0.000000,-0.000000
765,15,15,6480552.4057,4437.6877,3.164158,0.000000,-0.000000
766,15,15,6480552.8972,4437.6877,3.164158,0.000000,0.000000
767,15,15,6480554.6353,4437.6877,3.164158,0.000000,0.000000
768,15,15,6480554.7896,4437.6877,3.164158,0.000000,-0.000000
769,15,15,6480574.0874,4437.6877,3.164159,0.000000,-0.000000
770,15,15,6480574.2562,4437.6877,3.164159,0.000000,0.000000
771,15,15,6480574.6415,4437.6877,3.164159,0.000000,-0.000000
772,15,15,6480574.7806,4437.6877,3.164159,0.000000,0.000000
773,15,15,6480590.1750,4437.6877,3.164160,0.000000,0.000000
774,15,15,6480590.3884,4437.6877,3.164160,0.000000,0.000000
775,15,15,6480590.5476,4437.6877,3.164160,0.000000,0.000000
776,15,15,6480590.6769,4437.6877,3.164160,0.000000,0.000000
777,15,15,6480593.4213,4437.6877,3.164161,0.000000,-0.000000
778,15,15,6480593.4521,4437.6877,3.164161,0.000000,0.000000
779,15,15,6480593.4960,4437.6877,3.164161,0.000000,0.000000
780,15,15,6480593.5282,4437.6877,3.164161,0.000000,0.000000
781,15,15,6480599.5750,4437.6877,3.164161,0.000000,0.000000
782,15,15,6480599.7083,4437.6877,3.164161,0.000000,0.000000
783,15,15,6480599.7805,4437.6877,3.164161,0.000000,0.000000
784,15,15,6480599.8742,4437.6877,3.164161,0.000000,0.000000
785,15,15,6480629.1629,4437.6877,3.164163,0.000000,-0.000000
786,15,15,6480629.5913,4437.6877,3.164163,0.000000,0.000000
787,15,15,6480630.2802,4437.6877,3.164163,0.000000,0.000000
788,15,15,6480631.0885,4437.6877,3.164163,0.000000,0.000000
789,15,15,6480647.6813,4437.6877,3.164164,0.000000,-0.000000
790,15,15,6480647.8369,4437.6877,3.164164,0.000000,0.000000
791,15,15,6480651.9265,4437.6877,3.164164,0.000000,0.000000
792,15,15,6480652.9267,4437.6877,3.164165,0.000000,0.000000
793,15,15,6480653.1234,4437.6877,3.164165,0.000000,-0.000000
794,15,15,6480653.3873,4437.6877,3.164165,0.000000,0.000000
795,15,15,6480654.9398,4437.6877,3.164165,0.000000,0.000000
796,15,15,6480655.2483,4437.6877,3.164165,0.000000,0.000000
797,15,15,6480657.5643,4437.6877,3.164165,0.000000,0.000000
798,15,15,6480657.7698,4437.6877,3.164165,0.000000,0.000000
799,15,15,6480659.6550,4437.6877,3.164165,0.000000,-0.000000
800,15,15,6480661.3088,4437.6877,3.164165,0.000000,-0.000000
801,15,15,6480661.5658,4437.6877,3.164165,0.000000,0.000000
802,15,15,6480662.1403,4437.6877,3.164165,0.000000,0.000000
803,15,15,6480663.2198,4437.6877,3.164165,0.000000,-0.000000
804,15,15,6480664.6455,4437.6877,3.164165,0.000000,0.000000
805,15,15,6480670.7793,4437.6877,3.164166,0.000000,0.000000
806,15,15,6480671.7056,4437.6877,3.164166,0.000000,0.000000
807,15,15,6480674.7990,4437.6877,3.164166,0.000000,-0.000000
808,15,15,6480677.0957,4437.6877,3.164166,0.000000,0.000000
809,15,15,6480678.1019,4437.6877,3.164166,0.000000,0.000000
810,15,15,6480678.9656,4437.6877,3.164166,0.000000,-0.000000
811,15,15,6480679.6156,4437.6877,3.164166,0.000000,-0.000000
812,15,15,6480680.8748,4437.6877,3.164166,0.000000,0.000000
813,15,15,6480684.4529,4437.6877,3.164167,0.000000,-0.000000
814,15,15,6480688.2276,4437.6877,3.164167,0.000000,-0.000000
815,15,15,6480689.4574,4437.6877,3.164167,0.000000,0.000000
816,15,15,6480692.7121,4437.6877,3.164167,0.000000,-0.000000
817,15,15,6480694.5494,4437.6877,3.164167,-0.000000,-0.000000
818,15,15,6480699.9336,4437.6877,3.164168,0.000000,-0.000000
819,15,15,6480700.3028,4437.6877,3.164168,0.000000,0.000000
820,15,15,6480702.9171,4437.6877,3.164168,0.000000,0.000000
821,15,15,6480703.3332,4437.6877,3.164168,0.000000,0.000000
822,15,15,6480704.7575,4437.6877,3.164168,0.000000,0.000000
823,15,15,6480707.5961,4437.6877,3.164168,0.000000,-0.000000
824,15,15,6480708.7260,4437.6877,3.164168,0.000000,0.000000
825,15,15,6480721.6822,4437.6877,3.164169,0.000000,0.000000
826,15,15,6480721.9974,4437.6877,3.164169,0.000000,-0.000000
827,15,15,6480722.4628,4437.6877,3.164169,0.000000,0.000000
828,15,15,6480723.4034,4437.6877,3.164169,0.000000,-0.000000
829,15,15,6480723.7640,4437.6877,3.164169,0.000000,-0.000000
830,15,15,6480723.7809,4437.6877,3.164169,0.000000,-0.000000
831,15,15,6480727.2759,4437.6877,3.164170,0.000000,0.000000
832,15,15,6480727.6659,4437.6877,3.164170,0.000000,0.000000
833,15,15,6480729.4473,4437.6877,3.164170,0.000000,0.000000
834,15,15,6480730.9262,4437.6877,3.164170,0.000000,0.000000
835,15,15,6480731.3832,4437.6877,3.164170,0.000000,-0.000000
836,15,15,6480733.9359,4437.6877,3.164170,0.000000,-0.000000
837,15,15,6480746.2780,4437.6877,3.164171,0.000000,-0.000000
838,15,15,6480750.9174,4437.6877,3.164171,0.000000,0.000000
839,15,15,6480750.9227,4437.6877,3.164171,0.000000,0.000000
840,15,15,6480755.2854,4437.6877,3.164171,0.000000,0.000000
841,15,15,6480755.2941,4437.6877,3.164171,0.000000,0.000000
842,15,15,6480759.8754,4437.6877,3.164172,0.000000,0.000000
843,15,15,6480760.2399,4437.6877,3.164172,0.000000,0.000000
844,15,15,6480761.2985,4437.6877,3.164172,0.000000,-0.000000
845,15,15,6480761.6427,4437.6877,3.164172,0.000000,0.000000
846,15,15,6480762.7107,4437.6877,3.164172,0.000000,0.000000
847,15,15,6480762.8332,4437.6877,3.164172,0.000000,0.000000
848,15,15,6480763.3174,4437.6877,3.164172,0.000000,0.000000
849,15,15,6480765.1668,4437.6877,3.164172,0.000000,-0.000000
850,15,15,6480766.3970,4437.6877,3.164172,0.000000,0.000000
851,15,15,6480766.9075,4437.6877,3.164172,0.000000,-0.000000
852,15,15,6480770.7175,4437.6877,3.164172,0.000000,0.000000
853,15,15,6480771.4059,4437.6877,3.164172,0.000000,0.000000
854,15,15,6480777.3911,4437.6877,3.164173,0.000000,-0.000000
855,15,15,6480777.5310,4437.6877,3.164173,0.000000,-0.000000
856,15,15,6480781.4935,4437.6877,3.164173,0.000000,0.000000
857,15,15,6480781.7678,4437.6877,3.164173,0.000000,0.000000
858,15,15,6480790.4374,4437.6877,3.164174,0.000000,0.000000
859,15,15,6480790.5920,4437.6877,3.164174,0.000000,0.000000
860,15,15,6480790.6760,4437.6877,3.164174,0.000000,0.000000
861,15,15,6480794.4618,4437.6877,3.164174,0.000000,0.000000
862,15,15,6480794.5426,4437.6877,3.164174,0.000000,0.000000
863,15,15,6480797.2747,4437.6877,3.164174,0.000000,-0.000000
864,15,15,6480798.3960,4437.6877,3.164174,0.000000,-0.000000
865,15,15,6480798.4543,4437.6877,3.164174,0.000000,0.000000
866,15,15,6480799.1966,4437.6877,3.164174,0.000000,0.000000
867,15,15,6480802.8513,4437.6877,3.164175,0.000000,0.000000
868,15,15,6480804.9770,4437.6877,3.164175,0.000000,0.000000
869,15,15,6480810.1086,4437.6877,3.164175,0.000000,-0.000000
870,15,15,6480810.1383,4437.6877,3.164175,0.000000,0.000000
871,15,15,6480812.4807,4437.6877,3.164175,0.000000,-0.000000
872,15,15,6480812.7942,4437.6877,3.164175,0.000000,0.000000
873,15,15,6480816.9038,4437.6877,3.164176,0.000000,-0.000000
874,15,15,6480817.7424,4437.6877,3.164176,0.000000,0.000000
875,15,15,6480819.1047,4437.6877,3.164176,0.000000,-0.000000
876,15,15,6480819.1669,4437.6877,3.164176,0.000000,0.000000
877,15,15,6480819.5774,4437.6877,3.164176,0.000000,0.000000
878,15,15,6480820.2133,4437.6877,3.164176,0.000000,0.000000
879,15,15,6480820.3611,4437.6877,3.164176,0.000000,0.000000
880,15,15,6480820.4615,4437.6877,3.164176,0.000000,-0.000000
881,15,15,6480823.3817,4437.6877,3.164176,0.000000,0.000000
882,15,15,6480823.9789,4437.6877,3.164176,0.000000,0.000000
883,15,15,6480824.3985,4437.6877,3.164176,0.000000,0.000000
884,15,15,6480825.0467,4437.6877,3.164176,0.000000,0.000000
885,15,15,6480825.5360,4437.6877,3.164176,0.000000,0.000000
886,15,15,6480826.0758,4437.6877,3.164176,0.000000,-0.000000
887,15,15,6480826.6407,4437.6877,3.164176,0.000000,0.000000
888,15,15,6480827.0491,4437.6877,3.164176,0.000000,0.000000
889,15,15,6480828.4231,4437.6877,3.164176,0.000000,0.000000
890,15,15,6480828.7993,4437.6877,3.164176,0.000000,0.000000
891,15,15,6480830.5535,4437.6877,3.164176,0.000000,-0.000000
892,15,15,6480832.9005,4437.6877,3.164177,0.000000,0.000000
893,15,15,6480832.9406,4437.6877,3.164177,0.000000,0.000000
894,15,15,6480833.0344,4437.6877,3.164177,0.000000,0.000000
895,15,15,6480834.7090,4437.6877,3.164177,0.000000,0.000000
896,15,15,6480835.1130,4437.6877,3.164177,0.000000,0.000000
897,15,15,6480837.5244,4437.6877,3.164177,0.000000,0.000000
898,15,15,6480840.2398,4437.6877,3.164177,0.000000,0.000000
899,15,15,6480840.7913,4437.6877,3.164177,0.000000,0.000000
900,15,15,6480841.0268,4437.6877,3.164177,0.000000,-0.000000
901,15,15,6480843.8822,4437.6877,3.164177,0.000000,0.000000
902,15,15,6480844.0362,4437.6877,3.164177,0.000000,-0.000000
903,15,15,6480845.3872,4437.6877,3.164177,0.000000,0.000000
904,15,15,6480847.8073,4437.6877,3.164178,0.000000,0.000000
905,15,15,6480849.6324,4437.6877,3.164178,0.000000,0.000000
906,15,15,6480850.7484,4437.6877,3.164178,0.000000,-0.000000
907,15,15,6480851.4820,4437.6877,3.164178,0.000000,0.000000
908,15,15,6480852.0272,4437.6877,3.164178,0.000000,0.000000
909,15,15,6480852.7125,4437.6877,3.164178,0.000000,0.000000
910,15,15,6480853.9131,4437.6877,3.164178,0.000000,0.000000
911,15,15,6480853.9374,4437.6877,3.164178,0.000000,0.000000
912,15,15,6480857.7959,4437.6877,3.164178,0.000000,0.000000
913,15,15,6480857.9493,4437.6877,3.164178,0.000000,-0.000000
914,15,15,6480858.3112,4437.6877,3.164178,0.000000,-0.000000
915,15,15,6480861.6156,4437.6877,3.164179,0.000000,0.000000
916,15,15,6480863.7073,4437.6877,3.164179,0.000000,0.000000
917,15,15,6480865.4836,4437.6877,3.164179,0.000000,0.000000
918,15,15,6480865.5661,4437.6877,3.164179,0.000000,-0.000000
919,15,15,6480868.3281,4437.6877,3.164179,0.000000,0.000000
920,15,15,6480868.9636,4437.6877,3.164179,0.000000,0.000000
921,15,15,6480870.2902,4437.6877,3.164179,0.000000,-0.000000
922,15,15,6480874.8304,4437.6877,3.164179,0.000000,0.000000
923,15,15,6480875.7430,4437.6877,3.164179,0.000000,0.000000
924,15,15,6480876.0142,4437.6877,3.164179,0.000000,0.000000
925,15,15,6480876.6526,4437.6877,3.164180,0.000000,-0.000000
926,15,15,6480879.4230,4437.6877,3.164180,0.000000,-0.000000
927,15,15,6480881.8744,4437.6877,3.164180,0.000000,0.000000
928,15,15,6480882.8049,4437.6877,3.164180,0.000000,0.000000
929,15,15,6480883.1865,4437.6877,3.164180,0.000000,0.000000
930,15,15,6480884.3285,4437.6877,3.164180,0.000000,-0.000000
931,15,15,6480885.1040,4437.6877,3.164180,0.000000,0.000000
932,15,15,6480885.1715,4437.6877,3.164180,0.000000,0.000000
933,15,15,6480885.9958,4437.6877,3.164180,0.000000,0.000000
934,15,15,6480886.6105,4437.6877,3.164180,0.000000,-0.000000
935,15,15,6480888.1826,4437.6877,3.164180,0.000000,0.000000
936,15,15,6480888.8860,4437.6877,3.164180,0.000000,-0.000000
937,15,15,6480888.9290,4437.6877,3.164180,0.000000,0.000000
938,15,15,6480888.9601,4437.6877,3.164180,0.000000,0.000000
939,15,15,6480889.4754,4437.6877,3.164180,0.000000,0.000000
940,15,15,6480891.8616,4437.6877,3.164181,0.000000,-0.000000
941,15,15,6480892.8386,4437.6877,3.164181,0.000000,0.000000
942,15,15,6480893.6356,4437.6877,3.164181,0.000000,0.000000
943,15,15,6480893.8234,4437.6877,3.164181,0.000000,-0.000000
944,15,15,6480894.9381,4437.6877,3.164181,0.000000,-0.000000
945,15,15,6480896.6728,4437.6877,3.164181,0.000000,0.000000
946,15,15,6480897.0848,4437.6877,3.164181,0.000000,0.000000
947,15,15,6480900.6234,4437.6877,3.164181,0.000000,-0.000000
948,15,15,6480903.3117,4437.6877,3.164181,0.000000,-0.000000
949,15,15,6480904.0419,4437.6877,3.164181,0.000000,0.000000
950,15,15,6480904.6705,4437.6877,3.164181,0.000000,0.000000
951,15,15,6480905.5461,4437.6877,3.164181,0.000000,0.000000
952,15,15,6480905.5742,4437.6877,3.164181,0.000000,0.000000
953,15,15,6480906.5798,4437.6877,3.164182,0.000000,0.000000
954,15,15,6480908.3001,4437.6877,3.164182,0.000000,0.000000
955,15,15,6480908.9925,4437.6877,3.164182,0.000000,-0.000000
956,15,15,6480911.5909,4437.6877,3.164182,0.000000,0.000000
957,15,15,6480911.6540,4437.6877,3.164182,0.000000,0.000000
958,15,15,6480911.8131,4437.6877,3.164182,0.000000,-0.000000
959,15,15,6480912.7621,4437.6877,3.164182,0.000000,0.000000
960,15,15,6480916.3101,4437.6877,3.164182,0.000000,-0.000000
961,15,15,6480916.3763,4437.6877,3.164182,0.000000,0.000000
962,15,15,6480916.6415,4437.6877,3.164182,0.000000,0.000000
963,15,15,6480916.9687,4437.6877,3.164182,0.000000,0.000000
964,15,15,6480918.3558,4437.6877,3.164182,0.000000,-0.000000
965,15,15,6480919.1563,4437.6877,3.164182,0.000000,0.000000
966,15,15,6480920.3281,4437.6877,3.164182,0.000000,0.000000
967,15,15,6480922.4775,4437.6877,3.164183,0.000000,0.000000
968,15,15,6480922.9405,4437.6877,3.164183,0.000000,0.000000
969,15,15,6480924.1785,4437.6877,3.164183,0.000000,0.000000
970,15,15,6480924.2594,4437.6877,3.164183,0.000000,-0.000000
971,15,15,6480926.1070,4437.6877,3.164183,0.000000,0.000000
972,15,15,6480927.3604,4437.6877,3.164183,0.000000,-0.000000
973,15,15,6480927.3687,4437.6877,3.164183,0.000000,-0.000000
974,15,15,6480928.4404,4437.6877,3.164183,0.000000,0.000000
975,15,15,6480930.4486,4437.6877,3.164183,0.000000,0.000000
976,15,15,6480931.8318,4437.6877,3.164183,0.000000,-0.000000
977,15,15,6480932.5864,4437.6877,3.164183,0.000000,0.000000
978,15,15,6480932.9669,4437.6877,3.164183,0.000000,0.000000
979,15,15,6480933.1795,4437.6877,3.164183,0.000000,0.000000
980,15,15,6480935.1387,4437.6877,3.164183,0.000000,0.000000
981,15,15,6480936.4904,4437.6877,3.164184,0.000000,-0.000000
982,15,15,6480936.8185,4437.6877,3.164184,0.000000,0.000000
983,15,15,6480936.9233,4437.6877,3.164184,0.000000,0.000000
984,15,15,6480937.7168,4437.6877,3.164184,0.000000,0.000000
985,15,15,6480938.9168,4437.6877,3.164184,0.000000,-0.000000
986,15,15,6480940.2195,4437.6877,3.164184,0.000000,0.000000
987,15,15,6480940.8467,4437.6877,3.164184,0.000000,0.000000
988,15,15,6480944.4024,4437.6877,3.164184,0.000000,0.000000
989,15,15,6480944.5021,4437.6877,3.164184,0.000000,-0.000000
990,15,15,6480947.2542,4437.6877,3.164184,0.000000,0.000000
991,15,15,6480948.1258,4437.6877,3.164184,0.000000,0.000000
992,15,15,6480949.4296,4437.6877,3.164184,0.000000,0.000000
993,15,15,6480950.3833,4437.6877,3.164184,0.000000,0.000000
994,15,15,6480951.3931,4437.6877,3.164185,0.000000,0.000000
995,15,15,6480953.3728,4437.6877,3.164185,0.000000,0.000000
996,15,15,6480954.7046,4437.6877,3.164185,0.000000,0.000000
997,15,15,6480956.2279,4437.6877,3.164185,0.000000,0.000000
998,15,15,6480957.1502,4437.6877,3.164185,0.000000,0.000000
999,15,15,6480958.2061,4437.6877,3.164185,0.000000,0.000000
1000,15,15,6480960.3627,4437.6877,3.164185,0.000000,-0.000000
1001,15,15,6480961.9139,4437.6877,3.164185,0.000000,0.000000
1002,15,15,6480962.4850,4437.6877,3.164185,0.000000,-0.000000
1003,15,15,6480963.3304,4437.6877,3.164185,0.000000,-0.000000
1004,15,15,6480965.5631,4437.6877,3.164186,0.000000,0.000000
1005,15,15,6480965.6419,4437.6877,3.164186,0.000000,-0.000000
1006,15,15,6480966.9868,4437.6877,3.164186,0.000000,-0.000000
1007,15,15,6480967.8437,4437.6877,3.164186,0.000000,0.000000
1008,15,15,6480968.6300,4437.6877,3.164186,0.000000,-0.000000
1009,15,15,6480969.6752,4437.6877,3.164186,0.000000,0.000000
1010,15,15,6480970.7766,4437.6877,3.164186,0.000000,0.000000
1011,15,15,6480971.5642,4437.6877,3.164186,0.000000,0.000000
1012,15,15,6480977.4999,4437.6877,3.164186,0.000000,0.000000
1013,15,15,6480979.9458,4437.6877,3.164186,0.000000,0.000000
1014,15,15,6480983.7548,4437.6877,3.164187,0.000000,0.000000
1015,15,15,6480986.6947,4437.6877,3.164187,0.000000,-0.000000
1016,15,15,6480987.1648,4437.6877,3.164187,0.000000,0.000000
1017,15,15,6480988.1595,4437.6877,3.164187,0.000000,0.000000
1018,15,15,6480988.5611,4437.6877,3.164187,0.000000,-0.000000
1019,15,15,6480988.8784,4437.6877,3.164187,0.000000,0.000000
1020,15,15,6480989.1879,4437.6877,3.164187,0.000000,-0.000000
1021,15,15,6480990.6350,4437.6877,3.164187,0.000000,0.000000
1022,15,15,6480991.5849,4437.6877,3.164187,0.000000,-0.000000
1023,15,15,6480994.6130,4437.6877,3.164187,0.000000,0.000000
1024,15,15,6480997.0190,4437.6877,3.164188,0.000000,-0.000000
1025,15,15,6480997.3153,4437.6877,3.164188,0.000000,0.000000
1026,15,15,6480997.6469,4437.6877,3.164188,0.000000,0.000000
1027,15,15,6480999.1234,4437.6877,3.164188,0.000000,0.000000
1028,15,15,6481001.5817,4437.6877,3.164188,0.000000,0.000000
1029,15,15,6481003.6632,4437.6877,3.164188,0.000000,-0.000000
1030,15,15,6481004.8626,4437.6877,3.164188,0.000000,0.000000
1031,15,15,6481005.1446,4437.6877,3.164188,0.000000,0.000000
1032,15,15,6481008.0509,4437.6877,3.164188,0.000000,0.000000
1033,15,15,6481009.2007,4437.6877,3.164188,0.000000,0.000000
1034,15,15,6481012.8301,4437.6877,3.164189,0.000000,0.000000
1035,15,15,6481013.3111,4437.6877,3.164189,0.000000,-0.000000
1036,15,15,6481014.4608,4437.6877,3.164189,0.000000,0.000000
1037,15,15,6481015.2287,4437.6877,3.164189,0.000000,0.000000
1038,15,15,6481015.4011,4437.6877,3.164189,0.000000,0.000000
1039,15,15,6481015.5599,4437.6877,3.164189,0.000000,0.000000
1040,15,15,6481016.2993,4437.6877,3.164189,0.000000,0.000000
1041,15,15,6481019.7196,4437.6877,3.164189,0.000000,0.000000
1042,15,15,6481022.8796,4437.6877,3.164189,0.000000,0.000000
1043,15,15,6481023.6484,4437.6877,3.164189,0.000000,0.000000
1044,15,15,6481023.6523,4437.6877,3.164189,0.000000,0.000000
1045,15,15,6481025.7721,4437.6877,3.164190,0.000000,-0.000000
1046,15,15,6481026.4029,4437.6877,3.164190,0.000000,0.000000
1047,15,15,6481029.4349,4437.6877,3.164190,0.000000,0.000000
1048,15,15,6481030.2309,4437.6877,3.164190,0.000000,-0.000000
1049,15,15,6481031.3889,4437.6877,3.164190,0.000000,-0.000000
1050,15,15,6481034.6869,4437.6877,3.164190,0.000000,-0.000000
1051,15,15,6481035.7188,4437.6877,3.164190,0.000000,-0.000000
1052,15,15,6481036.0330,4437.6877,3.164190,0.000000,0.000000
1053,15,15,6481036.6956,4437.6877,3.164190,0.000000,0.000000
1054,15,15,6481037.4735,4437.6877,3.164190,0.000000,0.000000
1055,15,15,6481037.7851,4437.6877,3.164190,0.000000,0.000000
1056,15,15,6481038.6523,4437.6877,3.164190,0.000000,0.000000
1057,15,15,6481039.1559,4437.6877,3.164190,0.000000,-0.000000
1058,15,15,6481040.0986,4437.6877,3.164191,0.000000,-0.000000
1059,15,15,6481040.3796,4437.6877,3.164191,0.000000,-0.000000
1060,15,15,6481040.7054,4437.6877,3.164191,0.000000,0.000000
1061,15,15,6481042.1487,4437.6877,3.164191,0.000000,0.000000
1062,15,15,6481043.8713,4437.6877,3.164191,0.000000,0.000000
1063,15,15,6481044.1860,4437.6877,3.164191,0.000000,0.000000
1064,15,15,6481048.8857,4437.6877,3.164191,0.000000,0.000000
1065,15,15,6481049.0696,4437.6877,3.164191,0.000000,0.000000
1066,15,15,6481049.1210,4437.6877,3.164191,0.000000,-0.000000
1067,15,15,6481049.1477,4437.6877,3.164191,-0.000000,0.000000
1068,15,15,6481053.6446,4437.6877,3.164191,0.000000,0.000000
1069,15,15,6481062.3319,4437.6877,3.164192,0.000000,0.000000
1070,15,15,6481064.2822,4437.6877,3.164192,0.000000,0.000000
1071,15,15,6481072.0093,4437.6877,3.164193,0.000000,0.000000
1072,15,15,6481072.2518,4437.6877,3.164193,0.000000,-0.000000
1073,15,15,6481074.2153,4437.6877,3.164193,0.000000,0.000000
1074,15,15,6481076.0649,4437.6877,3.164193,0.000000,0.000000
1075,15,15,6481076.6353,4437.6877,3.164193,0.000000,0.000000
1076,15,15,6481080.1661,4437.6877,3.164193,0.000000,0.000000
1077,15,15,6481080.2663,4437.6877,3.164193,0.000000,-0.000000
1078,15,15,6481080.3380,4437.6877,3.164193,0.000000,0.000000
1079,15,15,6481081.1426,4437.6877,3.164193,0.000000,-0.000000
1080,15,15,6481086.8621,4437.6877,3.164194,0.000000,-0.000000
1081,15,15,6481090.5351,4437.6877,3.164194,0.000000,0.000000
1082,15,15,6481092.3753,4437.6877,3.164194,0.000000,0.000000
1083,15,15,6481093.4019,4437.6877,3.164194,0.000000,0.000000
1084,15,15,6481098.2391,4437.6877,3.164194,0.000000,0.000000
1085,15,15,6481103.4292,4437.6877,3.164195,0.000000,0.000000
1086,15,15,6481104.0432,4437.6877,3.164195,0.000000,-0.000000
1087,15,15,6481104.4109,4437.6877,3.164195,0.000000,-0.000000
1088,15,15,6481104.5501,4437.6877,3.164195,0.000000,-0.000000
1089,15,15,6481106.0434,4437.6877,3.164195,0.000000,0.000000
1090,15,15,6481108.1536,4437.6877,3.164195,0.000000,0.000000
1091,15,15,6481111.5159,4437.6877,3.164195,0.000000,-0.000000
1092,15,15,6481112.2720,4437.6877,3.164195,0.000000,-0.000000
1093,15,15,6481112.4207,4437.6877,3.164195,0.000000,-0.000000
1094,15,15,6481112.4520,4437.6877,3.164195,0.000000,0.000000
1095,15,15,6481113.5918,4437.6877,3.164195,0.000000,0.000000
1096,15,15,6481116.7907,4437.6877,3.164196,0.000000,0.000000
1097,15,15,6481117.7861,4437.6877,3.164196,0.000000,0.000000
1098,15,15,6481119.6580,4437.6877,3.164196,0.000000,-0.000000
1099,15,15,6481122.5407,4437.6877,3.164196,0.000000,-0.000000
1100,15,15,6481125.0730,4437.6877,3.164196,0.000000,0.000000
1101,15,15,6481125.2258,4437.6877,3.164196,0.000000,0.000000
1102,15,15,6481127.6198,4437.6877,3.164196,0.000000,0.000000
1103,15,15,6481129.5637,4437.6877,3.164197,0.000000,0.000000
1104,15,15,6481144.4430,4437.6877,3.164197,0.000000,0.000000
1105,15,15,6481146.5113,4437.6877,3.164198,0.000000,0.000000
1106,15,15,6481153.0615,4437.6877,3.164198,0.000000,-0.000000
1107,15,15,6481158.5176,4437.6877,3.164198,0.000000,0.000000
1108,15,15,6481160.4928,4437.6877,3.164199,0.000000,0.000000
1109,15,15,6481161.1030,4437.6877,3.164199,0.000000,0.000000
1110,15,15,6481175.5421,4437.6877,3.164200,0.000000,-0.000000
1111,15,15,6481176.9872,4437.6877,3.164200,0.000000,-0.000000
1112,15,15,6481178.1232,4437.6877,3.164200,0.000000,0.000000
1113,15,15,6481188.9557,4437.6877,3.164200,0.000000,0.000000
1114,15,15,6481196.0480,4437.6877,3.164201,0.000000,0.000000
1115,15,15,6481197.9293,4437.6877,3.164201,0.000000,0.000000
1116,15,15,6481200.9271,4437.6877,3.164201,0.000000,0.000000
1117,15,15,6481201.5954,4437.6877,3.164201,0.000000,0.000000
1118,15,15,6481208.1317,4437.6877,3.164202,0.000000,0.000000
1119,15,15,6481223.6250,4437.6877,3.164203,0.000000,0.000000
1120,15,15,6481224.6945,4437.6877,3.164203,0.000000,0.000000
1121,15,15,6481226.9733,4437.6877,3.164203,0.000000,-0.000000
1122,15,15,6481227.3887,4437.6877,3.164203,0.000000,0.000000
1123,15,15,6481231.7498,4437.6877,3.164203,0.000000,0.000000
1124,15,15,6481234.6406,4437.6877,3.164204,0.000000,0.000000
1125,15,15,6481238.8851,4437.6877,3.164204,0.000000,-0.000000
1126,15,15,6481238.9108,4437.6877,3.164204,0.000000,-0.000000
1127,15,15,6481240.8943,4437.6877,3.164204,0.000000,0.000000
1128,15,15,6481241.3157,4437.6877,3.164204,0.000000,0.000000
1129,15,15,6481241.8870,4437.6877,3.164204,0.000000,0.000000
1130,15,15,6481244.5372,4437.6877,3.164204,0.000000,-0.000000
1131,15,15,6481246.9011,4437.6877,3.164204,0.000000,0.000000
1132,15,15,6481250.3272,4437.6877,3.164205,0.000000,0.000000
1133,15,15,6481253.2835,4437.6877,3.164205,0.000000,0.000000
1134,15,15,6481271.8552,4437.6877,3.164206,0.000000,-0.000000
1135,15,15,6481272.4513,4437.6877,3.164206,0.000000,0.000000
1136,15,15,6481272.6108,4437.6877,3.164206,0.000000,0.000000
1137,15,15,6481274.9069,4437.6877,3.164206,0.000000,-0.000000
1138,15,15,6481276.6894,4437.6877,3.164206,0.000000,0.000000
1139,15,15,6481277.2211,4437.6877,3.164206,0.000000,0.000000
1140,15,15,6481280.0247,4437.6877,3.164207,0.000000,0.000000
1141,15,15,6481291.8641,4437.6877,3.164207,0.000000,-0.000000
1142,15,15,6481306.7074,4437.6877,3.164208,0.000000,0.000000
1143,15,15,6481306.8708,4437.6877,3.164208,0.000000,0.000000
1144,15,15,6481318.3595,4437.6877,3.164209,0.000000,0.000000
1145,15,15,6481320.7135,4437.6877,3.164209,0.000000,-0.000000
1146,15,15,6481329.5362,4437.6877,3.164210,0.000000,0.000000
1147,15,15,6481330.8428,4437.6877,3.164210,0.000000,0.000000
1148,15,15,6481336.0955,4437.6877,3.164210,0.000000,0.000000
1149,15,15,6481354.4860,4437.6877,3.164212,0.000000,0.000000
1150,15,15,6481354.6514,4437.6877,3.164212,0.000000,0.000000
1151,15,15,6481358.2559,4437.6877,3.164212,0.000000,0.000000
1152,15,15,6481371.2771,4437.6877,3.164213,0.000000,0.000000
1153,15,15,6481372.0873,4437.6877,3.164213,0.000000,0.000000
1154,15,15,6481375.7125,4437.6877,3.164213,0.000000,-0.000000
1155,15,15,6481378.3935,4437.6877,3.164213,0.000000,0.000000
1156,15,15,6481386.1037,4437.6877,3.164214,0.000000,0.000000
1157,15,15,6481386.3257,4437.6877,3.164214,0.000000,-0.000000
1158,15,15,6481392.4423,4437.6877,3.164214,0.000000,0.000000
1159,15,15,6481392.7562,4437.6877,3.164214,0.000000,0.000000
1160,15,15,6481392.8820,4437.6877,3.164214,0.000000,-0.000000
1161,15,15,6481404.1649,4437.6877,3.164215,0.000000,0.000000
1162,15,15,6481417.0781,4437.6877,3.164216,0.000000,0.000000
1163,15,15,6481417.8813,4437.6877,3.164216,0.000000,0.000000
1164,15,15,6481418.6846,4437.6877,3.164216,0.000000,-0.000000
1165,15,15,6481420.9963,4437.6877,3.164216,0.000000,0.000000
1166,15,15,6481425.7137,4437.6877,3.164216,0.000000,0.000000
1167,15,15,6481426.1192,4437.6877,3.164216,0.000000,-0.000000
1168,15,15,6481436.8790,4437.6877,3.164217,0.000000,0.000000
1169,15,15,6481440.7590,4437.6877,3.164217,0.000000,-0.000000
1170,15,15,6481450.3740,4437.6877,3.164218,0.000000,-0.000000
1171,15,15,6481452.0902,4437.6877,3.164218,0.000000,0.000000
1172,15,15,6481455.7416,4437.6877,3.164218,0.000000,0.000000
1173,15,15,6481478.3933,4437.6877,3.164220,0.000000,0.000000
1174,15,15,6481478.5727,4437.6877,3.164220,0.000000,0.000000
1175,15,15,6481479.0941,4437.6877,3.164220,0.000000,0.000000
1176,15,15,6481479.3680,4437.6877,3.164220,0.000000,0.000000
1177,15,15,6481480.4413,4437.6877,3.164220,0.000000,-0.000000
1178,15,15,6481481.9515,4437.6877,3.164220,0.000000,0.000000
1179,15,15,6481492.9856,4437.6877,3.164221,0.000000,-0.000000
1180,15,15,6481507.8062,4437.6877,3.164222,0.000000,-0.000000
1181,15,15,6481510.6796,4437.6877,3.164222,0.000000,-0.000000
1182,15,15,6481520.1926,4437.6877,3.164223,0.000000,0.000000
1183,15,15,6481522.3170,4437.6877,3.164223,0.000000,0.000000
1184,15,15,6481531.7839,4437.6877,3.164223,0.000000,0.000000
1185,15,15,6481532.8642,4437.6877,3.164224,0.000000,-0.000000
1186,15,15,6481538.0096,4437.6877,3.164224,0.000000,-0.000000
1187,15,15,6481540.9988,4437.6877,3.164224,0.000000,0.000000
1188,15,15,6481543.6709,4437.6877,3.164224,0.000000,0.000000
1189,15,15,6481544.5985,4437.6877,3.164224,0.000000,0.000000
1190,15,15,6481560.7169,4437.6877,3.164225,0.000000,0.000000
1191,15,15,6481561.3822,4437.6877,3.164225,0.000000,0.000000
1192,15,15,6481574.4313,4437.6877,3.164226,0.000000,0.000000
1193,15,15,6481576.1166,4437.6877,3.164226,0.000000,0.000000
1194,15,15,6481584.8312,4437.6877,3.164227,0.000000,-0.000000
1195,15,15,6481585.6483,4437.6877,3.164227,0.000000,0.000000
1196,15,15,6481586.7133,4437.6877,3.164227,0.000000,0.000000
1197,15,15,6481588.9501,4437.6877,3.164227,0.000000,0.000000
1198,15,15,6481589.0765,4437.6877,3.164227,0.000000,-0.000000
1199,15,15,6481591.0420,4437.6877,3.164227,0.000000,0.000000
1200,15,15,6481592.8184,4437.6877,3.164228,0.000000,0.000000
1201,15,15,6481594.3051,4437.6877,3.164228,0.000000,0.000000
1202,15,15,6481596.1395,4437.6877,3.164228,0.000000,0.000000
1203,15,15,6481607.2012,4437.6877,3.164229,0.000000,-0.000000
1204,15,15,6481620.3083,4437.6877,3.164229,0.000000,0.000000
1205,15,15,6481623.7185,4437.6877,3.164230,0.000000,0.000000
1206,15,15,6481630.6795,4437.6877,3.164230,0.000000,-0.000000
1207,15,15,6481632.1911,4437.6877,3.164230,0.000000,0.000000
1208,15,15,6481639.2480,4437.6877,3.164231,0.000000,0.000000
1209,15,15,6481639.4708,4437.6877,3.164231,0.000000,0.000000
1210,15,15,6481658.3489,4437.6877,3.164232,0.000000,0.000000
1211,15,15,6481658.7523,4437.6877,3.164232,0.000000,-0.000000
1212,15,15,6481660.8886,4437.6877,3.164232,0.000000,-0.000000
1213,15,15,6481674.7322,4437.6877,3.164233,0.000000,0.000000
1214,15,15,6481678.8281,4437.6877,3.164233,0.000000,0.000000
1215,15,15,6481686.2119,4437.6877,3.164234,0.000000,-0.000000
1216,15,15,6481687.8512,4437.6877,3.164234,0.000000,-0.000000
1217,15,15,6481687.8661,4437.6877,3.164234,0.000000,0.000000
1218,15,15,6481688.6101,4437.6877,3.164234,0.000000,-0.000000
1219,15,15,6481697.6579,4437.6877,3.164235,0.000000,0.000000
1220,15,15,6481700.9211,4437.6877,3.164235,0.000000,0.000000
1221,15,15,6481702.5153,4437.6877,3.164235,0.000000,0.000000
1222,15,15,6481717.0123,4437.6877,3.164236,0.000000,0.000000
1223,15,15,6481719.5071,4437.6877,3.164236,0.000000,0.000000
1224,15,15,6481732.5300,4437.6877,3.164237,0.000000,-0.000000
1225,15,15,6481732.7950,4437.6877,3.164237,-0.000000,-0.000000
1226,15,15,6481736.3651,4437.6877,3.164237,0.000000,0.000000
1227,15,15,6481736.4360,4437.6877,3.164237,0.000000,0.000000
1228,15,15,6481736.8786,4437.6877,3.164237,0.000000,0.000000
1229,15,15,6481741.7645,4437.6877,3.164238,0.000000,0.000000
1230,15,15,6481755.5806,4437.6877,3.164238,0.000000,-0.000000
1231,15,15,6481763.0304,4437.6877,3.164239,0.000000,0.000000
1232,15,15,6481766.0984,4437.6877,3.164239,0.000000,-0.000000
1233,15,15,6481767.1658,4437.6877,3.164239,0.000000,-0.000000
1234,15,15,6481775.9662,4437.6877,3.164240,0.000000,0.000000
1235,15,15,6481777.5691,4437.6877,3.164240,0.000000,0.000000
1236,15,15,6481785.7775,4437.6877,3.164241,0.000000,-0.000000
1237,15,15,6481786.4890,4437.6877,3.164241,0.000000,0.000000
1238,15,15,6481790.4518,4437.6877,3.164241,0.000000,0.000000
1239,15,15,6481790.7724,4437.6877,3.164241,0.000000,0.000000
1240,15,15,6481794.5045,4437.6877,3.164241,0.000000,0.000000
1241,15,15,6481794.5141,4437.6877,3.164241,0.000000,-0.000000
1242,15,15,6481795.7953,4437.6877,3.164241,0.000000,-0.000000
1243,15,15,6481796.2471,4437.6877,3.164241,0.000000,0.000000
1244,15,15,6481809.1375,4437.6877,3.164242,0.000000,0.000000
1245,15,15,6481814.6325,4437.6877,3.164242,0.000000,0.000000
1246,15,15,6481815.3800,4437.6877,3.164242,0.000000,0.000000
1247,15,15,6481822.9739,4437.6877,3.164243,0.000000,0.000000
1248,15,15,6481838.4177,4437.6877,3.164244,0.000000,0.000000
1249,15,15,6481848.8292,4437.6877,3.164245,0.000000,0.000000
1250,15,15,6481859.7753,4437.6877,3.164245,0.000000,-0.000000
1251,15,15,6481863.5130,4437.6877,3.164246,0.000000,-0.000000
1252,15,15,6481866.7810,4437.6877,3.164246,0.000000,-0.000000
1253,15,15,6481868.8848,4437.6877,3.164246,0.000000,0.000000
1254,15,15,6481876.7521,4437.6877,3.164247,0.000000,0.000000
1255,15,15,6481877.5595,4437.6877,3.164247,0.000000,0.000000
1256,15,15,6481878.2955,4437.6877,3.164247,0.000000,-0.000000
1257,15,15,6481890.7975,4437.6877,3.164248,0.000000,-0.000000
1258,15,15,6481892.8596,4437.6877,3.164248,0.000000,0.000000
1259,15,15,6481894.0313,4437.6877,3.164248,0.000000,0.000000
1260,15,15,6481895.9812,4437.6877,3.164248,0.000000,0.000000
1261,15,15,6481907.2999,4437.6877,3.164249,0.000000,0.000000
1262,15,15,6481907.5749,4437.6877,3.164249,0.000000,0.000000
1263,15,15,6481909.0096,4437.6877,3.164249,0.000000,0.000000
1264,15,15,6481913.4332,4437.6877,3.164249,0.000000,0.000000
1265,15,15,6481914.2266,4437.6877,3.164249,0.000000,0.000000
1266,15,15,6481928.9180,4437.6877,3.164250,0.000000,0.000000
1267,15,15,6481938.1934,4437.6877,3.164251,0.000000,0.000000
1268,15,15,6481944.8282,4437.6877,3.164251,0.000000,0.000000
1269,15,15,6481948.1934,4437.6877,3.164251,0.000000,0.000000
1270,15,15,6481948.3552,4437.6877,3.164251,0.000000,0.000000
1271,15,15,6481951.6789,4437.6877,3.164252,0.000000,0.000000
1272,15,15,6481955.0787,4437.6877,3.164252,0.000000,0.000000
1273,15,15,6481957.7908,4437.6877,3.164252,0.000000,0.000000
1274,15,15,6481962.1828,4437.6877,3.164252,0.000000,-0.000000
1275,15,15,6481973.7361,4437.6877,3.164253,0.000000,0.000000
1276,15,15,6481981.0439,4437.6877,3.164254,0.000000,0.000000
1277,15,15,6481987.6254,4437.6877,3.164254,0.000000,0.000000
1278,15,15,6481991.2349,4437.6877,3.164254,0.000000,-0.000000
1279,15,15,6481996.3455,4437.6877,3.164255,0.000000,0.000000
1280,15,15,6482019.0272,4437.6877,3.164256,0.000000,0.000000
1281,15,15,6482021.5417,4437.6877,3.164256,0.000000,0.000000
1282,15,15,6482024.4113,4437.6877,3.164257,0.000000,0.000000
1283,15,15,6482028.4106,4437.6877,3.164257,0.000000,-0.000000
1284,15,15,6482031.2754,4437.6877,3.164257,0.000000,0.000000
1285,15,15,6482034.8505,4437.6877,3.164257,0.000000,0.000000
1286,15,15,6482035.3194,4437.6877,3.164257,0.000000,0.000000
1287,15,15,6482051.1015,4437.6877,3.164258,0.000000,0.000000
1288,15,15,6482056.4049,4437.6877,3.164259,0.000000,0.000000
1289,15,15,6482060.4700,4437.6877,3.164259,0.000000,0.000000
1290,15,15,6482062.0362,4437.6877,3.164259,0.000000,-0.000000
1291,15,15,6482063.3204,4437.6877,3.164259,0.000000,0.000000
1292,15,15,6482063.3791,4437.6877,3.164259,0.000000,0.000000
1293,15,15,6482063.8351,4437.6877,3.164259,0.000000,0.000000
1294,15,15,6482064.9829,4437.6877,3.164259,0.000000,0.000000
1295,15,15,6482067.1218,4437.6877,3.164259,0.000000,0.000000
1296,15,15,6482076.4821,4437.6877,3.164260,0.000000,0.000000
1297,15,15,6482076.9028,4437.6877,3.164260,0.000000,-0.000000
1298,15,15,6482077.7570,4437.6877,3.164260,0.000000,-0.000000
1299,15,15,6482085.9503,4437.6877,3.164261,0.000000,-0.000000
1300,15,15,6482086.1243,4437.6877,3.164261,0.000000,0.000000
1301,15,15,6482091.6952,4437.6877,3.164261,0.000000,0.000000
1302,15,15,6482105.3729,4437.6877,3.164262,0.000000,0.000000
1303,15,15,6482110.6655,4437.6877,3.164262,0.000000,-0.000000
1304,15,15,6482111.0004,4437.6877,3.164262,0.000000,0.000000
1305,15,15,6482115.3828,4437.6877,3.164263,0.000000,0.000000
1306,15,15,6482115.9124,4437.6877,3.164263,0.000000,0.000000
1307,15,15,6482118.5228,4437.6877,3.164263,0.000000,-0.000000
1308,15,15,6482120.1885,4437.6877,3.164263,0.000000,0.000000
1309,15,15,6482124.8086,4437.6877,3.164263,0.000000,-0.000000
1310,15,15,6482125.6917,4437.6877,3.164263,0.000000,0.000000
1311,15,15,6482127.7852,4437.6877,3.164263,0.000000,0.000000
1312,15,15,6482136.4176,4437.6877,3.164264,0.000000,0.000000
1313,15,15,6482138.3524,4437.6877,3.164264,0.000000,0.000000
1314,15,15,6482139.8781,4437.6877,3.164264,0.000000,-0.000000
1315,15,15,6482142.2339,4437.6877,3.164264,0.000000,0.000000
1316,15,15,6482145.0718,4437.6877,3.164265,0.000000,0.000000
1317,15,15,6482151.0152,4437.6877,3.164265,0.000000,0.000000
1318,15,15,6482159.4984,4437.6877,3.164266,0.000000,0.000000
1319,15,15,6482162.4363,4437.6877,3.164266,0.000000,0.000000
1320,15,15,6482164.3895,4437.6877,3.164266,0.000000,0.000000
1321,15,15,6482166.1859,4437.6877,3.164266,0.000000,-0.000000
1322,15,15,6482169.5587,4437.6877,3.164266,0.000000,0.000000
1323,15,15,6482169.7012,4437.6877,3.164266,0.000000,0.000000
1324,15,15,6482176.8183,4437.6877,3.164267,0.000000,0.000000
1325,15,15,6482176.9115,4437.6877,3.164267,0.000000,-0.000000
1326,15,15,6482178.2022,4437.6877,3.164267,0.000000,-0.000000
1327,15,15,6482186.5552,4437.6877,3.164267,0.000000,0.000000
1328,15,15,6482188.1742,4437.6877,3.164267,0.000000,0.000000
1329,15,15,6482194.8555,4437.6877,3.164268,0.000000,0.000000
1330,15,15,6482198.9452,4437.6877,3.164268,0.000000,0.000000
1331,15,15,6482212.4635,4437.6877,3.164269,0.000000,-0.000000
1332,15,15,6482212.9452,4437.6877,3.164269,0.000000,0.000000
1333,15,15,6482220.8116,4437.6877,3.164270,0.000000,0.000000
1334,15,15,6482221.7784,4437.6877,3.164270,0.000000,-0.000000
1335,15,15,6482230.8277,4437.6877,3.164270,0.000000,-0.000000
1336,15,15,6482234.8615,4437.6877,3.164271,0.000000,0.000000
1337,15,15,6482235.3800,4437.6877,3.164271,0.000000,0.000000
1338,15,15,6482236.5945,4437.6877,3.164271,0.000000,0.000000
1339,15,15,6482240.6911,4437.6877,3.164271,0.000000,0.000000
1340,15,15,6482241.8452,4437.6877,3.164271,0.000000,-0.000000
1341,15,15,6482243.4281,4437.6877,3.164271,0.000000,0.000000
1342,15,15,6482244.2683,4437.6877,3.164271,0.000000,0.000000
1343,15,15,6482246.5839,4437.6877,3.164271,0.000000,0.000000
1344,15,15,6482247.0134,4437.6877,3.164271,0.000000,-0.000000
1345,15,15,6482247.0854,4437.6877,3.164271,0.000000,0.000000
1346,15,15,6482253.6098,4437.6877,3.164272,0.000000,0.000000
1347,15,15,6482257.7360,4437.6877,3.164272,0.000000,0.000000
1348,15,15,6482263.5360,4437.6877,3.164273,0.000000,-0.000000
1349,15,15,6482268.8973,4437.6877,3.164273,0.000000,0.000000
1350,15,15,6482270.7313,4437.6877,3.164273,0.000000,0.000000
1351,15,15,6482271.8111,4437.6877,3.164273,0.000000,0.000000
1352,15,15,6482272.0784,4437.6877,3.164273,0.000000,0.000000
1353,15,15,6482275.2877,4437.6877,3.164273,0.000000,0.000000
1354,15,15,6482277.3158,4437.6877,3.164273,0.000000,0.000000
1355,15,15,6482277.7686,4437.6877,3.164273,0.000000,-0.000000
1356,15,15,6482279.5589,4437.6877,3.164274,0.000000,-0.000000
1357,15,15,6482286.0944,4437.6877,3.164274,0.000000,0.000000
1358,15,15,6482287.1660,4437.6877,3.164274,0.000000,-0.000000
1359,15,15,6482293.9322,4437.6877,3.164275,0.000000,0.000000
1360,15,15,6482294.3839,4437.6877,3.164275,0.000000,0.000000
1361,15,15,6482297.0809,4437.6877,3.164275,0.042896,3.379185
1362,15,15,6482297.1488,4437.6877,3.164275,0.040304,3.353362
1363,15,15,6482302.4198,4437.6877,3.164275,0.000000,-0.000000
1364,15,15,6482304.6279,4437.6877,3.164275,0.000000,0.000000
1365,15,15,6482319.8691,4437.6877,3.164276,0.000000,-0.000000
1366,15,15,6482321.1720,4437.6877,3.164276,0.000000,-0.000000
1367,15,15,6482321.5186,4437.6877,3.164276,0.000000,0.000000
1368,15,15,6482323.4091,4437.6877,3.164277,0.000000,0.000000
1369,15,15,6482328.6716,4437.6877,3.164277,0.000000,0.000000
1370,15,15,6482329.8571,4437.6877,3.164277,0.000000,0.000000
1371,15,15,6482335.5816,4437.6877,3.164277,0.000000,0.000000
1372,15,15,6482342.1730,4437.6877,3.164278,0.000000,0.000000
1373,15,15,6482349.6445,4437.6877,3.164278,0.000000,0.000000
1374,15,15,6482352.5225,4437.6877,3.164278,0.000000,0.000000
1375,15,15,6482360.1582,4437.6877,3.164279,0.000000,0.000000
1376,15,15,6482365.1049,4437.6877,3.164279,0.000000,-0.000000
1377,15,15,6482370.9526,4437.6877,3.164280,0.000000,0.000000
1378,15,15,6482371.3916,4437.6877,3.164280,0.000000,0.000000
1379,15,15,6482374.9027,4437.6877,3.164280,0.005559,3.134259
1380,15,15,6482375.4705,4437.6877,3.164280,0.000000,-0.000000
1381,15,15,6482375.5981,4437.6877,3.164280,0.000000,0.000000
1382,15,15,6482376.5173,4437.6877,3.164280,0.000000,0.000000
1383,15,15,6482378.0823,4437.6877,3.164280,0.000000,0.000000
1384,15,15,6482383.2835,4437.6877,3.164281,0.000000,0.000000
1385,15,15,6482384.0092,4437.6877,3.164281,0.000000,-0.000000
1386,15,15,6482384.9541,4437.6877,3.164281,0.000000,0.000000
1387,15,15,6482388.1939,4437.6877,3.164281,0.000000,0.000000
1388,15,15,6482396.8985,4437.6877,3.164281,0.000000,-0.000000
1389,15,15,6482397.6346,4437.6877,3.164282,0.000000,0.000000
1390,15,15,6482399.9961,4437.6877,3.164282,0.000000,0.000000
1391,15,15,6482400.1369,4437.6877,3.164282,0.000000,0.000000
1392,15,15,6482401.5935,4437.6877,3.164282,0.000000,0.000000
1393,15,15,6482405.2448,4437.6877,3.164282,0.000000,0.000000
1394,15,15,6482413.1092,4437.6877,3.164283,0.000000,0.000000
1395,15,15,6482414.2123,4437.6877,3.164283,0.000000,0.000000
1396,15,15,6482414.2589,4437.6877,3.164283,0.000000,0.000000
1397,15,15,6482417.3865,4437.6877,3.164283,0.000000,0.000000
1398,15,15,6482423.9110,4437.6877,3.164283,0.000000,0.000000
1399,15,15,6482429.2085,4437.6877,3.164284,0.004054,2.846798
1400,15,15,6482431.5500,4437.6877,3.164284,0.000000,0.000000
1401,15,15,6482436.2675,4437.6877,3.164284,0.000000,-0.000000
1402,15,15,6482442.7986,4437.6877,3.164285,-0.000000,0.000000
1403,15,15,6482443.4753,4437.6877,3.164285,0.000000,-0.000000
1404,15,15,6482452.8152,4437.6877,3.164285,0.000000,0.000000
1405,15,15,6482453.3124,4437.6877,3.164285,0.000000,-0.000000
1406,15,15,6482456.2845,4437.6877,3.164285,0.000000,0.000000
1407,15,15,6482458.3352,4437.6877,3.164286,0.000000,0.000000
1408,15,15,6482461.3165,4437.6877,3.164286,0.000000,0.000000
1409,15,15,6482462.6343,4437.6877,3.164286,0.000000,0.000000
1410,15,15,6482462.8525,4437.6877,3.164286,0.000000,0.000000
1411,15,15,6482463.2720,4437.6877,3.164286,0.000000,0.000000
1412,15,15,6482465.7501,4437.6877,3.164286,0.047774,3.326925
1413,15,15,6482466.0764,4437.6877,3.164286,-0.000000,-0.000000
1414,15,15,6482467.2643,4437.6877,3.164286,0.000000,0.000000
1415,15,15,6482470.6211,4437.6877,3.164286,0.021111,3.216359
1416,15,15,6482473.8112,4437.6877,3.164287,0.000000,0.000000
1417,15,15,6482474.2874,4437.6877,3.164287,0.000000,-0.000000
1418,15,15,6482477.2418,4437.6877,3.164287,0.000000,0.000000
1419,15,15,6482479.1523,4437.6877,3.164287,0.000000,0.000000
1420,15,15,6482480.1101,4437.6877,3.164287,0.000000,-0.000000
1421,15,15,6482486.6597,4437.6877,3.164287,0.000000,0.000000
1422,15,15,6482489.8045,4437.6877,3.164288,0.000000,0.000000
1423,15,15,6482491.6206,4437.6877,3.164288,0.000000,0.000000
1424,15,15,6482493.1536,4437.6877,3.164288,0.000000,0.000000
1425,15,15,6482493.7905,4437.6877,3.164288,0.000000,0.000000
1426,15,15,6482494.8425,4437.6877,3.164288,0.000000,0.000000
1427,15,15,6482495.5840,4437.6877,3.164288,0.000000,0.000000
1428,15,15,6482501.8410,4437.6877,3.164289,0.000000,0.000000
1429,15,15,6482507.3303,4437.6877,3.164289,0.000000,-0.000000
1430,15,15,6482516.6230,4437.6877,3.164290,0.000000,-0.000000
1431,15,15,6482518.7041,4437.6877,3.164290,0.000000,0.000000
1432,15,15,6482519.3686,4437.6877,3.164290,0.000000,-0.000000
1433,15,15,6482519.6410,4437.6877,3.164290,0.000000,-0.000000
1434,15,15,6482526.1794,4437.6877,3.164290,0.000000,0.000000
1435,15,15,6482527.3814,4437.6877,3.164290,0.000000,-0.000000
1436,15,15,6482529.6553,4437.6877,3.164290,0.000000,-0.000000
1437,15,15,6482530.5117,4437.6877,3.164290,0.000000,-0.000000
1438,15,15,6482537.2104,4437.6877,3.164291,0.000000,0.000000
1439,15,15,6482539.9973,4437.6877,3.164291,0.000000,0.000000
1440,15,15,6482545.3067,4437.6877,3.164291,0.000000,0.000000
1441,15,15,6482545.6379,4437.6877,3.164291,0.000000,0.000000
1442,15,15,6482549.5202,4437.6877,3.164292,0.000000,0.000000
1443,15,15,6482550.8356,4437.6877,3.164292,0.000000,0.000000
1444,15,15,6482551.5846,4437.6877,3.164292,0.000000,0.000000
1445,15,15,6482552.3309,4437.6877,3.164292,0.000000,0.000000
1446,15,15,6482554.0846,4437.6877,3.164292,0.000000,0.000000
1447,15,15,6482558.7883,4437.6877,3.164292,0.000000,0.000000
1448,15,15,6482559.8881,4437.6877,3.164292,0.000000,0.000000
1449,15,15,6482560.1589,4437.6877,3.164292,0.000000,0.000000
1450,15,15,6482562.8161,4437.6877,3.164293,0.015825,3.077365
1451,15,15,6482567.4476,4437.6877,3.164293,0.023286,3.190361
1452,15,15,6482568.7913,4437.6877,3.164293,0.000000,0.000000
1453,15,15,6482571.8758,4437.6877,3.164293,0.000000,-0.000000
1454,15,15,6482575.9342,4437.6877,3.164293,0.000000,0.000000
1455,15,15,6482579.4547,4437.6877,3.164294,0.000000,0.000000
1456,15,15,6482579.7473,4437.6877,3.164294,0.000000,0.000000
1457,15,15,6482584.0059,4437.6877,3.164294,0.028452,3.456434
1458,15,15,6482584.7006,4437.6877,3.164294,-0.023092,3.450808
1459,15,15,6482590.4626,4437.6877,3.164294,0.000000,0.000000
1460,15,15,6482593.3316,4437.6877,3.164295,0.000000,0.000000
1461,15,15,6482597.1700,4437.6877,3.164295,0.024185,3.324050
1462,15,15,6482604.4934,4437.6877,3.164295,0.000000,0.000000
1463,15,15,6482606.5511,4437.6877,3.164296,0.012781,3.097855
1464,15,15,6482610.8094,4437.6877,3.164296,0.016441,3.192250
1465,15,15,6482612.5970,4437.6877,3.164296,0.000000,0.000000
1466,15,15,6482613.4761,4437.6877,3.164296,0.000000,-0.000000
1467,15,15,6482614.2732,4437.6877,3.164296,0.028438,3.252496
1468,15,15,6482616.0566,4437.6877,3.164296,0.000000,-0.000000
1469,15,15,6482616.3126,4437.6877,3.164296,0.000000,0.000000
1470,15,15,6482616.7800,4437.6877,3.164296,0.000000,0.000000
1471,15,15,6482619.3462,4437.6877,3.164296,0.000000,0.000000
1472,15,15,6482620.2255,4437.6877,3.164296,0.000000,0.000000
1473,15,15,6482623.2511,4437.6877,3.164297,0.000000,0.000000
1474,15,15,6482624.9676,4437.6877,3.164297,0.000000,0.000000
1475,15,15,6482626.6738,4437.6877,3.164297,0.017240,3.148300
1476,15,15,6482629.0174,4437.6877,3.164297,0.000000,0.000000
1477,15,15,6482635.2381,4437.6877,3.164297,0.000000,0.000000
1478,15,15,6482640.9545,4437.6877,3.164298,0.000000,0.000000
1479,15,15,6482641.5478,4437.6877,3.164298,0.000000,0.000000
1480,15,15,6482645.8084,4437.6877,3.164298,0.000000,0.000000
1481,15,15,6482654.7628,4437.6877,3.164299,0.038147,3.376798
1482,15,15,6482655.4289,4437.6877,3.164299,0.003323,2.858261
1483,15,15,6482657.0516,4437.6877,3.164299,0.004169,2.882333
1484,15,15,6482662.4647,4437.6877,3.164299,0.000000,0.000000
1485,15,15,6482663.8197,4437.6877,3.164299,0.000000,0.000000
1486,15,15,6482669.3025,4437.6877,3.164300,0.000000,-0.000000
1487,15,15,6482669.3253,4437.6877,3.164300,0.000000,0.000000
1488,15,15,6482671.9640,4437.6877,3.164300,0.000000,-0.000000
1489,15,15,6482673.7804,4437.6877,3.164300,0.000000,0.000000
1490,15,15,6482674.3995,4437.6877,3.164300,0.000000,-0.000000
1491,15,15,6482675.9307,4437.6877,3.164300,0.000000,0.000000
1492,15,15,6482680.4275,4437.6877,3.164300,0.000000,-0.000000
1493,15,15,6482680.6559,4437.6877,3.164300,0.000000,-0.000000
1494,15,15,6482690.8417,4437.6877,3.164301,0.000000,0.000000
1495,15,15,6482696.7888,4437.6877,3.164302,0.000000,0.000000
1496,15,15,6482697.2532,4437.6877,3.164302,0.000000,0.000000
1497,15,15,6482697.6687,4437.6877,3.164302,0.000000,0.000000
1498,15,15,6482698.1616,4437.6877,3.164302,0.021639,3.411582
1499,15,15,6482699.9426,4437.6877,3.164302,0.001697,2.898282
1500,15,15,6482702.7880,4437.6877,3.164302,0.000000,0.000000
1501,15,15,6482703.8828,4437.6877,3.164302,0.007950,3.172827
1502,15,15,6482704.5271,4437.6877,3.164302,0.000000,-0.000000
1503,15,15,6482707.2327,4437.6877,3.164302,0.025159,3.261181
1504,15,15,6482709.3892,4437.6877,3.164302,0.012316,3.096518
1505,15,15,6482710.2116,4437.6877,3.164302,0.000000,0.000000
1506,15,15,6482711.9470,4437.6877,3.164303,0.000000,0.000000
1507,15,15,6482712.8390,4437.6877,3.164303,0.000000,0.000000
1508,15,15,6482715.0501,4437.6877,3.164303,0.002410,2.924695
1509,15,15,6482719.4746,4437.6877,3.164303,0.000000,0.000000
1510,15,15,6482724.1609,4437.6877,3.164303,0.000000,0.000000
1511,15,15,6482724.2224,4437.6877,3.164303,0.000000,0.000000
1512,15,15,6482724.5190,4437.6877,3.164303,0.000000,0.000000
1513,15,15,6482729.0905,4437.6877,3.164304,0.000000,0.000000
1514,15,15,6482737.4359,4437.6877,3.164304,0.000000,0.000000
1515,15,15,6482738.3510,4437.6877,3.164304,0.000000,0.000000
1516,15,15,6482741.9311,4437.6877,3.164305,0.000000,0.000000
1517,15,15,6482743.4195,4437.6877,3.164305,0.024242,3.346603
1518,15,15,6482749.7395,4437.6877,3.164305,0.000000,-0.000000
1519,15,15,6482750.8580,4437.6877,3.164305,0.000000,-0.000000
1520,15,15,6482755.2049,4437.6877,3.164305,0.000000,0.000000
1521,15,15,6482756.5674,4437.6877,3.164306,0.004563,2.954825
1522,15,15,6482757.2130,4437.6877,3.164306,0.000000,0.000000
1523,15,15,6482758.5385,4437.6877,3.164306,0.000000,0.000000
1524,15,15,6482761.6565,4437.6877,3.164306,0.000000,0.000000
1525,15,15,6482762.4525,4437.6877,3.164306,0.000000,0.000000
1526,15,15,6482763.2842,4437.6877,3.164306,0.000000,0.000000
1527,15,15,6482768.1202,4437.6877,3.164306,0.000000,-0.000000
1528,15,15,6482771.8250,4437.6877,3.164307,0.000000,0.000000
1529,15,15,6482772.7421,4437.6877,3.164307,0.015715,3.347208
1530,15,15,6482774.1380,4437.6877,3.164307,0.000000,0.000000
1531,15,15,6482776.5611,4437.6877,3.164307,0.000000,0.000000
1532,15,15,6482791.7041,4437.6877,3.164308,0.000000,0.000000
1533,15,15,6482792.9123,4437.6877,3.164308,0.000000,0.000000
1534,15,15,6482793.1968,4437.6877,3.164308,0.000000,0.000000
1535,15,15,6482793.2692,4437.6877,3.164308,0.000000,0.000000
1536,15,15,6482793.3492,4437.6877,3.164308,0.000000,-0.000000
1537,15,15,6482799.0989,4437.6877,3.164308,0.000000,0.000000
1538,15,15,6482800.2096,4437.6877,3.164309,0.000000,0.000000
1539,15,15,6482805.2102,4437.6877,3.164309,0.000000,0.000000
1540,15,15,6482810.0692,4437.6877,3.164309,0.000000,0.000000
1541,15,15,6482812.5210,4437.6877,3.164309,0.000000,0.000000
1542,15,15,6482814.6675,4437.6877,3.164309,0.000000,0.000000
1543,15,15,6482818.0010,4437.6877,3.164310,0.000000,0.000000
1544,15,15,6482820.2031,4437.6877,3.164310,0.000000,0.000000
1545,15,15,6482823.1589,4437.6877,3.164310,0.000000,0.000000
1546,15,15,6482829.5648,4437.6877,3.164310,0.000000,0.000000
1547,15,15,6482829.5707,4437.6877,3.164310,0.000000,0.000000
1548,15,15,6482831.2096,4437.6877,3.164311,0.000000,0.000000
1549,15,15,6482835.6919,4437.6877,3.164311,0.000000,0.000000
1550,15,15,6482835.9374,4437.6877,3.164311,0.000000,0.000000
1551,15,15,6482840.9286,4437.6877,3.164311,0.000000,-0.000000
1552,15,15,6482842.7633,4437.6877,3.164311,0.000000,0.000000
1553,15,15,6482845.4044,4437.6877,3.164312,-0.000669,3.103597
1554,15,15,6482850.4590,4437.6877,3.164312,0.000000,-0.000000
1555,15,15,6482851.4572,4437.6877,3.164312,0.000000,0.000000
1556,15,15,6482853.5743,4437.6877,3.164312,0.000000,-0.000000
1557,15,15,6482860.5471,4437.6877,3.164313,0.000000,0.000000
1558,15,15,6482862.4148,4437.6877,3.164313,0.000000,0.000000
1559,15,15,6482865.5847,4437.6877,3.164313,0.000000,0.000000
1560,15,15,6482872.1633,4437.6877,3.164313,0.000000,0.000000
1561,15,15,6482876.8316,4437.6877,3.164314,0.000000,0.000000
1562,15,15,6482884.6134,4437.6877,3.164314,0.000000,0.000000
1563,15,15,6482888.4847,4437.6877,3.164314,0.000000,0.000000
1564,15,15,6482892.8055,4437.6877,3.164315,0.000000,-0.000000
1565,15,15,6482896.1762,4437.6877,3.164315,0.000000,0.000000
1566,15,15,6482902.7959,4437.6877,3.164315,0.000000,-0.000000
1567,15,15,6482908.9679,4437.6877,3.164316,0.000000,0.000000
1568,15,15,6482914.2502,4437.6877,3.164316,0.000000,0.000000
1569,15,15,6482915.0151,4437.6877,3.164316,0.000000,0.000000
1570,15,15,6482915.4630,4437.6877,3.164316,0.000000,-0.000000
1571,15,15,6482921.6308,4437.6877,3.164317,0.022941,3.357058
1572,15,15,6482923.3595,4437.6877,3.164317,0.000000,0.000000
1573,15,15,6482927.6574,4437.6877,3.164317,0.000000,-0.000000
1574,15,15,6482933.8487,4437.6877,3.164317,0.000000,-0.000000
1575,15,15,6482935.1770,4437.6877,3.164318,0.000000,0.000000
1576,15,15,6482935.2592,4437.6877,3.164318,0.000000,0.000000
1577,15,15,6482939.8901,4437.6877,3.164318,0.000000,0.000000
1578,15,15,6482945.7077,4437.6877,3.164318,0.000000,0.000000
1579,15,15,6482950.7248,4437.6877,3.164319,0.000000,0.000000
1580,15,15,6482967.5008,4437.6877,3.164320,0.000000,0.000000
1581,15,15,6482969.2186,4437.6877,3.164320,0.000000,0.000000
1582,15,15,6482974.0465,4437.6877,3.164320,0.000000,-0.000000
1583,15,15,6482978.7001,4437.6877,3.164320,0.000000,0.000000
1584,15,15,6482979.8443,4437.6877,3.164321,0.000000,0.000000
1585,15,15,6482989.9204,4437.6877,3.164321,0.000000,0.000000
1586,15,15,6482991.2509,4437.6877,3.164321,0.000000,0.000000
1587,15,15,6482993.0030,4437.6877,3.164321,0.000000,0.000000
1588,15,15,6482993.4116,4437.6877,3.164321,0.000000,-0.000000
1589,15,15,6483021.9837,4437.6877,3.164323,0.000000,0.000000
1590,15,15,6483022.4325,4437.6877,3.164323,0.000000,-0.000000
1591,15,15,6483025.4633,4437.6877,3.164324,0.000000,0.000000
1592,15,15,6483026.9096,4437.6877,3.164324,0.000000,0.000000
1593,15,15,6483031.4217,4437.6877,3.164324,0.000000,0.000000
1594,15,15,6483046.3546,4437.6877,3.164325,0.000000,0.000000
1595,15,15,6483048.2569,4437.6877,3.164325,0.000000,0.000000
1596,15,15,6483059.8990,4437.6877,3.164326,0.000000,-0.000000
1597,15,15,6483060.5100,4437.6877,3.164326,0.000000,0.000000
1598,15,15,6483067.1568,4437.6877,3.164326,0.000000,0.000000
1599,15,15,6483070.7400,4437.6877,3.164327,0.000000,0.000000
1600,15,15,6483072.8709,4437.6877,3.164327,0.000000,0.000000
1601,15,15,6483073.9534,4437.6877,3.164327,0.000000,0.000000
1602,15,15,6483088.4528,4437.6877,3.164328,0.000000,0.000000
1603,15,15,6483092.7125,4437.6877,3.164328,0.008586,3.038390
1604,15,15,6483096.4245,4437.6877,3.164328,0.000000,0.000000
1605,15,15,6483105.9378,4437.6877,3.164329,0.000000,0.000000
1606,15,15,6483121.4455,4437.6877,3.164330,0.000000,0.000000
1607,15,15,6483127.8780,4437.6877,3.164330,0.000000,0.000000
1608,15,15,6483130.0839,4437.6877,3.164331,0.000000,0.000000
1609,15,15,6483140.0179,4437.6877,3.164331,0.000000,0.000000
1610,15,15,6483147.5965,4437.6877,3.164332,0.000000,0.000000
1611,15,15,6483155.7591,4437.6877,3.164332,0.000000,0.000000
1612,15,15,6483159.1344,4437.6877,3.164333,0.000000,0.000000
1613,15,15,6483168.5002,4437.6877,3.164333,0.000000,-0.000000
1614,15,15,6483186.9599,4437.6877,3.164334,0.011890,3.017457
1615,15,15,6483188.3851,4437.6877,3.164335,0.000000,0.000000
1616,15,15,6483190.5342,4437.6877,3.164335,0.000000,0.000000
1617,15,15,6483191.3919,4437.6877,3.164335,0.000000,0.000000
1618,15,15,6483191.9414,4437.6877,3.164335,0.000000,0.000000
1619,15,15,6483193.4482,4437.6877,3.164335,0.000000,-0.000000
1620,15,15,6483197.3313,4437.6877,3.164335,0.000000,-0.000000
1621,15,15,6483199.9902,4437.6877,3.164335,0.000000,0.000000
1622,15,15,6483202.6190,4437.6877,3.164335,0.000000,0.000000
1623,15,15,6483217.6549,4437.6877,3.164336,0.000000,0.000000
1624,15,15,6483218.9237,4437.6877,3.164337,0.000000,0.000000
1625,15,15,6483230.4290,4437.6877,3.164337,0.000000,0.000000
1626,15,15,6483234.1421,4437.6877,3.164338,0.000000,0.000000
1627,15,15,6483234.8525,4437.6877,3.164338,0.030321,3.216162
1628,15,15,6483243.1236,4437.6877,3.164338,0.000000,0.000000
1629,15,15,6483244.0638,4437.6877,3.164338,0.021805,3.122307
1630,15,15,6483258.2276,4437.6877,3.164339,0.000000,0.000000
1631,15,15,6483258.5138,4437.6877,3.164339,0.000000,0.000000
1632,15,15,6483262.4137,4437.6877,3.164339,0.000000,-0.000000
1633,15,15,6483268.2188,4437.6877,3.164340,0.000000,0.000000
1634,15,15,6483281.0568,4437.6877,3.164341,0.000000,0.000000
1635,15,15,6483281.6760,4437.6877,3.164341,0.000000,-0.000000
1636,15,15,6483292.2501,4437.6877,3.164341,0.000000,0.000000
1637,15,15,6483292.8432,4437.6877,3.164342,0.000000,0.000000
1638,15,15,6483312.7965,4437.6877,3.164343,0.000000,0.000000
1639,15,15,6483313.4477,4437.6877,3.164343,0.000000,0.000000
1640,15,15,6483316.9535,4437.6877,3.164343,0.000000,-0.000000
1641,15,15,6483317.1417,4437.6877,3.164343,0.000000,0.000000
1642,15,15,6483317.4384,4437.6877,3.164343,0.000000,-0.000000
1643,15,15,6483327.0319,4437.6877,3.164344,0.000000,0.000000
1644,15,15,6483327.3185,4437.6877,3.164344,0.000000,0.000000
1645,15,15,6483331.4057,4437.6877,3.164344,0.000000,0.000000
1646,15,15,6483337.8809,4437.6877,3.164345,0.002348,2.651802
1647,15,15,6483339.2951,4437.6877,3.164345,0.003404,2.689883
1648,15,15,6483349.6801,4437.6877,3.164345,0.000000,0.000000
1649,15,15,6483350.5124,4437.6877,3.164345,0.000000,0.000000
1650,15,15,6483353.5821,4437.6877,3.164346,0.000000,-0.000000
1651,15,15,6483361.3437,4437.6877,3.164346,0.000000,0.000000
1652,15,15,6483372.3186,4437.6877,3.164347,0.000000,0.000000
1653,15,15,6483374.3637,4437.6877,3.164347,0.000000,0.000000
1654,15,15,6483377.1768,4437.6877,3.164347,0.000000,0.000000
1655,15,15,6483381.8843,4437.6877,3.164348,0.000000,-0.000000
1656,15,15,6483384.6525,4437.6877,3.164348,-0.000929,2.468855
1657,15,15,6483394.7193,4437.6877,3.164348,0.000000,0.000000
1658,15,15,6483406.1976,4437.6877,3.164349,0.000000,0.000000
1659,15,15,6483419.1879,4437.6877,3.164350,0.000000,0.000000
1660,15,15,6483427.3372,4437.6877,3.164351,0.000000,0.000000
1661,15,15,6483443.9547,4437.6877,3.164352,0.000000,0.000000
1662,15,15,6483446.8449,4437.6877,3.164352,0.000000,0.000000
1663,15,15,6483448.3312,4437.6877,3.164352,0.000000,0.000000
1664,15,15,6483455.1863,4437.6877,3.164352,0.004185,2.731156
1665,15,15,6483457.5992,4437.6877,3.164353,0.000000,0.000000
1666,15,15,6483457.7295,4437.6877,3.164353,0.000000,0.000000
1667,15,15,6483467.4280,4437.6877,3.164353,0.014517,2.903608
1668,15,15,6483471.6294,4437.6877,3.164354,-0.003848,2.406577
1669,15,15,6483472.6189,4437.6877,3.164354,0.017032,3.042648
1670,15,15,6483476.6073,4437.6877,3.164354,0.000000,-0.000000
1671,15,15,6483479.9942,4437.6877,3.164354,0.000000,-0.000000
1672,15,15,6483481.7367,4437.6877,3.164354,0.000000,-0.000000
1673,15,15,6483487.0372,4437.6877,3.164355,0.001775,2.463531
1674,15,15,6483487.7144,4437.6877,3.164355,-0.002005,2.692065
1675,15,15,6483493.4132,4437.6877,3.164355,0.000000,0.000000
1676,15,15,6483497.1529,4437.6877,3.164355,0.001744,2.489557
1677,15,15,6483507.2465,4437.6877,3.164356,0.011243,2.893989
1678,15,15,6483521.8143,4437.6877,3.164357,0.000000,0.000000
1679,15,15,6483523.1680,4437.6877,3.164357,-0.017919,2.583383
1680,15,15,6483529.7278,4437.6877,3.164357,0.004118,2.657145
1681,15,15,6483532.0715,4437.6877,3.164358,0.000000,-0.000000
1682,15,15,6483535.2905,4437.6877,3.164358,0.019085,3.092462
1683,15,15,6483543.8010,4437.6877,3.164358,-0.008052,2.471194
1684,15,15,6483544.2492,4437.6877,3.164358,0.007763,2.798441
1685,15,15,6483546.8199,4437.6877,3.164359,-0.000000,0.000000
1686,15,15,6483550.1261,4437.6877,3.164359,0.000000,0.000000
1687,15,15,6483550.9080,4437.6877,3.164359,0.002401,2.595919
1688,15,15,6483551.6467,4437.6877,3.164359,0.000000,0.000000
1689,15,15,6483552.4539,4437.6877,3.164359,0.000000,-0.000000
1690,15,15,6483553.7647,4437.6877,3.164359,0.018551,3.011879
1691,15,15,6483558.2579,4437.6877,3.164359,0.001908,2.599916
1692,15,15,6483568.8721,4437.6877,3.164360,0.000000,0.000000
1693,15,15,6483572.0543,4437.6877,3.164360,0.000000,0.000000
1694,15,15,6483576.8497,4437.6877,3.164361,0.000000,0.000000
1695,15,15,6483584.4406,4437.6877,3.164361,0.000000,-0.000000
1696,15,15,6483585.3000,4437.6877,3.164361,0.000000,0.000000
1697,15,15,6483588.6204,4437.6877,3.164361,0.000000,-0.000000
1698,15,15,6483602.5247,4437.6877,3.164362,0.026815,3.098910
1699,15,15,6483607.8513,4437.6877,3.164363,0.019946,3.057766
1700,15,15,6483610.8656,4437.6877,3.164363,0.000000,0.000000
1701,15,15,6483619.6656,4437.6877,3.164363,0.000000,0.000000
1702,15,15,6483626.4487,4437.6877,3.164364,0.000000,0.000000
1703,15,15,6483631.5853,4437.6877,3.164364,0.000000,0.000000
1704,15,15,6483638.8805,4437.6877,3.164365,0.016537,2.991390
1705,15,15,6483639.3969,4437.6877,3.164365,0.009397,2.565978
1706,15,15,6483640.5884,4437.6877,3.164365,0.002641,2.593660
1707,15,15,6483641.2146,4437.6877,3.164365,0.021026,3.041698
1708,15,15,6483663.5569,4437.6877,3.164366,0.020971,3.078867
1709,15,15,6483666.1338,4437.6877,3.164367,0.000000,0.000000
1710,15,15,6483673.2926,4437.6877,3.164367,0.000000,0.000000
1711,15,15,6483687.9616,4437.6877,3.164368,0.000000,0.000000
1712,15,15,6483688.2693,4437.6877,3.164368,0.012183,2.964315
1713,15,15,6483688.5997,4437.6877,3.164368,0.000000,0.000000
1714,15,15,6483708.0850,4437.6877,3.164369,0.007523,2.887018
1715,15,15,6483711.9021,4437.6877,3.164370,0.000000,0.000000
1716,15,15,6483716.1201,4437.6877,3.164370,0.016491,3.013310
1717,15,15,6483721.1978,4437.6877,3.164370,0.000000,-0.000000
1718,15,15,6483724.4935,4437.6877,3.164370,0.000000,-0.000000
1719,15,15,6483734.2268,4437.6877,3.164371,0.000000,0.000000
1720,15,15,6483736.6325,4437.6877,3.164371,0.000000,-0.000000
1721,15,15,6483741.9120,4437.6877,3.164372,0.000000,0.000000
1722,15,15,6483746.8244,4437.6877,3.164372,0.000000,0.000000
1723,15,15,6483770.9927,4437.6877,3.164374,0.000000,-0.000000
1724,15,15,6483772.0372,4437.6877,3.164374,0.000000,0.000000
1725,15,15,6483776.6567,4437.6877,3.164374,0.003097,2.669501
1726,15,15,6483778.9435,4437.6877,3.164374,0.030357,3.066691
1727,15,15,6483787.9867,4437.6877,3.164375,0.000000,0.000000
1728,15,15,6483795.9957,4437.6877,3.164375,0.000000,0.000000
1729,15,15,6483798.1895,4437.6877,3.164375,0.000000,0.000000
1730,15,15,6483803.8358,4437.6877,3.164376,0.000000,0.000000
1731,15,15,6483810.4328,4437.6877,3.164376,0.000000,0.000000
1732,15,15,6483813.2875,4437.6877,3.164376,0.000000,0.000000
1733,15,15,6483813.5172,4437.6877,3.164376,0.000000,0.000000
1734,15,15,6483822.0043,4437.6877,3.164377,0.000000,-0.000000
1735,15,15,6483827.6657,4437.6877,3.164377,0.000000,-0.000000
1736,15,15,6483831.2832,4437.6877,3.164378,0.000000,0.000000
1737,15,15,6483848.3058,4437.6877,3.164379,0.000000,0.000000
1738,15,15,6483858.5195,4437.6877,3.164379,0.000000,0.000000
1739,15,15,6483863.8915,4437.6877,3.164380,0.000000,0.000000
1740,15,15,6483880.6758,4437.6877,3.164381,0.000000,-0.000000
1741,15,15,6483884.9900,4437.6877,3.164381,0.000000,0.000000
1742,15,15,6483888.0794,4437.6877,3.164381,0.000000,0.000000
1743,15,15,6483908.0338,4437.6877,3.164383,0.000000,0.000000
1744,15,15,6483938.4558,4437.6877,3.164385,0.000000,0.000000
1745,15,15,6483938.7362,4437.6877,3.164385,0.017253,3.085065
1746,15,15,6483940.8248,4437.6877,3.164385,0.019601,3.044414
1747,15,15,6483946.7053,4437.6877,3.164385,0.000000,-0.000000
1748,15,15,6483954.4973,4437.6877,3.164386,0.000000,-0.000000
1749,15,15,6483960.8509,4437.6877,3.164386,-0.000000,-0.000000
1750,15,15,6483963.8849,4437.6877,3.164387,0.009723,3.120964
1751,15,15,6483964.9064,4437.6877,3.164387,0.000000,0.000000
1752,15,15,6483966.7769,4437.6877,3.164387,0.000000,-0.000000
1753,15,15,6483969.8554,4437.6877,3.164387,0.000000,0.000000
1754,15,15,6483972.6290,4437.6877,3.164387,0.000000,-0.000000
1755,15,15,6483978.9797,4437.6877,3.164388,0.000000,0.000000
1756,15,15,6483984.4531,4437.6877,3.164388,0.003127,2.757773
1757,15,15,6483996.8657,4437.6877,3.164389,0.000000,0.000000
1758,15,15,6483999.4371,4437.6877,3.164389,0.000000,0.000000
1759,15,15,6484005.4018,4437.6877,3.164389,0.000000,0.000000
1760,15,15,6484009.1386,4437.6877,3.164390,0.000000,0.000000
1761,15,15,6484016.0582,4437.6877,3.164390,0.010549,2.937924
1762,15,15,6484017.8058,4437.6877,3.164390,0.002267,2.679253
1763,15,15,6484024.9677,4437.6877,3.164391,0.000000,0.000000
1764,15,15,6484026.2338,4437.6877,3.164391,0.000000,-0.000000
1765,15,15,6484041.7958,4437.6877,3.164392,0.000601,2.666525
1766,15,15,6484043.5467,4437.6877,3.164392,0.000000,0.000000
1767,15,15,6484044.2815,4437.6877,3.164392,0.000000,0.000000
1768,15,15,6484044.5351,4437.6877,3.164392,0.000000,0.000000
1769,15,15,6484047.9742,4437.6877,3.164392,0.000000,0.000000
1770,15,15,6484055.6214,4437.6877,3.164393,0.002327,2.647017
1771,15,15,6484080.3572,4437.6877,3.164394,0.000000,-0.000000
1772,15,15,6484081.8139,4437.6877,3.164394,0.000000,0.000000
1773,15,15,6484110.3350,4437.6877,3.164396,0.000000,0.000000
1774,15,15,6484116.7719,4437.6877,3.164397,0.000000,0.000000
1775,15,15,6484143.4805,4437.6877,3.164399,0.000000,0.000000
1776,15,15,6484144.9847,4437.6877,3.164399,0.000000,-0.000000
1777,15,15,6484163.7183,4437.6877,3.164400,0.005971,2.892051
1778,15,15,6484177.6617,4437.6877,3.164401,0.000000,-0.000000
1779,15,15,6484183.0436,4437.6877,3.164401,0.000000,0.000000
1780,15,15,6484186.0259,4437.6877,3.164401,0.000000,0.000000
1781,15,15,6484186.4365,4437.6877,3.164401,0.000000,0.000000
1782,15,15,6484186.5143,4437.6877,3.164401,0.000000,0.000000
1783,15,15,6484207.5110,4437.6877,3.164403,0.010765,2.911066
1784,15,15,6484207.6319,4437.6877,3.164403,0.000000,0.000000
1785,15,15,6484225.3631,4437.6877,3.164404,0.003365,2.726973
1786,15,15,6484229.3682,4437.6877,3.164404,0.000000,0.000000
1787,15,15,6484243.3092,4437.6877,3.164405,0.000000,-0.000000
1788,15,15,6484247.4890,4437.6877,3.164406,0.004072,2.500822
1789,15,15,6484258.1181,4437.6877,3.164406,0.011499,2.962791
1790,15,15,6484260.1202,4437.6877,3.164406,0.000000,0.000000
1791,15,15,6484264.7175,4437.6877,3.164407,0.000000,-0.000000
1792,15,15,6484272.7183,4437.6877,3.164407,0.000000,0.000000
1793,15,15,6484274.9099,4437.6877,3.164407,0.003049,2.665175
1794,15,15,6484302.6820,4437.6877,3.164409,0.000000,0.000000
1795,15,15,6484314.9836,4437.6877,3.164410,0.000000,0.000000
1796,15,15,6484322.6426,4437.6877,3.164411,0.000000,0.000000
1797,15,15,6484329.1819,4437.6877,3.164411,0.000000,0.000000
1798,15,15,6484333.7939,4437.6877,3.164411,0.000000,-0.000000
1799,15,15,6484347.3986,4437.6877,3.164412,0.000000,0.000000
1800,15,15,6484347.6824,4437.6877,3.164412,0.000000,-0.000000
1801,15,15,6484352.3872,4437.6877,3.164413,0.000000,-0.000000
1802,15,15,6484364.8905,4437.6877,3.164413,0.000000,0.000000
1803,15,15,6484368.4693,4437.6877,3.164414,0.018318,3.240186
1804,15,15,6484370.6987,4437.6877,3.164414,0.010017,3.090219
1805,15,15,6484376.3770,4437.6877,3.164414,0.014753,3.169558
1806,15,15,6484379.9810,4437.6877,3.164414,0.010521,2.940359
1807,15,15,6484380.4858,4437.6877,3.164414,0.000000,0.000000
1808,15,15,6484387.1699,4437.6877,3.164415,0.000000,-0.000000
1809,15,15,6484387.1960,4437.6877,3.164415,0.000000,0.000000
1810,15,15,6484389.7751,4437.6877,3.164415,0.003066,2.676997
1811,15,15,6484392.6624,4437.6877,3.164415,0.000000,0.000000
1812,15,15,6484396.1329,4437.6877,3.164415,0.002998,2.763887
1813,15,15,6484402.3471,4437.6877,3.164416,0.000000,0.000000
1814,15,15,6484402.4794,4437.6877,3.164416,0.000000,-0.000000
1815,15,15,6484404.9878,4437.6877,3.164416,0.000000,0.000000
1816,15,15,6484414.8599,4437.6877,3.164417,0.000000,0.000000
1817,15,15,6484417.7236,4437.6877,3.164417,0.000000,0.000000
1818,15,15,6484419.7456,4437.6877,3.164417,0.000000,0.000000
1819,15,15,6484440.7951,4437.6877,3.164418,0.000000,0.000000
1820,15,15,6484442.4327,4437.6877,3.164419,0.012442,3.136815
1821,15,15,6484461.1662,4437.6877,3.164420,0.000000,0.000000
1822,15,15,6484462.1911,4437.6877,3.164420,0.000000,0.000000
1823,15,15,6484496.8826,4437.6877,3.164422,0.006330,2.879652
1824,15,15,6484511.8446,4437.6877,3.164423,0.011365,3.198775
1825,15,15,6484514.2680,4437.6877,3.164423,0.002070,2.608526
1826,15,15,6484515.3949,4437.6877,3.164423,0.000000,0.000000
1827,15,15,6484531.5439,4437.6877,3.164425,0.007755,2.898188
1828,15,15,6484537.6873,4437.6877,3.164425,0.005987,3.027410
1829,15,15,6484549.9204,4437.6877,3.164426,0.000000,0.000000
1830,15,15,6484560.0113,4437.6877,3.164426,0.000000,-0.000000
1831,15,15,6484562.4663,4437.6877,3.164427,0.000000,0.000000
1832,15,15,6484577.1250,4437.6877,3.164428,0.004760,2.806229
1833,15,15,6484577.1743,4437.6877,3.164428,0.000000,0.000000
1834,15,15,6484583.0538,4437.6877,3.164428,0.011686,2.936148
1835,15,15,6484592.0941,4437.6877,3.164429,0.011450,2.945376
1836,15,15,6484593.6064,4437.6877,3.164429,0.000000,0.000000
1837,15,15,6484610.6871,4437.6877,3.164430,0.001624,2.572658
1838,15,15,6484617.7465,4437.6877,3.164430,0.000000,0.000000
1839,15,15,6484626.2954,4437.6877,3.164431,0.000000,0.000000
1840,15,15,6484626.5883,4437.6877,3.164431,-0.000000,0.000000
1841,15,15,6484630.8424,4437.6877,3.164431,0.001636,2.613145
1842,15,15,6484657.2008,4437.6877,3.164433,-0.000000,0.000000
1843,15,15,6484661.9865,4437.6877,3.164433,0.000000,0.000000
1844,15,15,6484673.0470,4437.6877,3.164434,-0.000000,-0.000000
1845,15,15,6484675.9820,4437.6877,3.164434,0.000000,-0.000000
1846,15,15,6484683.0631,4437.6877,3.164435,0.000000,0.000000
1847,15,15,6484686.1948,4437.6877,3.164435,0.010027,2.895089
1848,15,15,6484696.4001,4437.6877,3.164436,0.000000,-0.000000
1849,15,15,6484696.8919,4437.6877,3.164436,0.001934,2.646252
1850,15,15,6484713.7110,4437.6877,3.164437,0.001645,2.686787
1851,15,15,6484725.6364,4437.6877,3.164438,0.000000,-0.000000
1852,15,15,6484728.4856,4437.6877,3.164438,0.008185,2.910567
1853,15,15,6484729.4666,4437.6877,3.164438,0.000000,0.000000
1854,15,15,6484737.4231,4437.6877,3.164438,0.000000,0.000000
1855,15,15,6484740.6447,4437.6877,3.164439,0.000000,0.000000
1856,15,15,6484743.0441,4437.6877,3.164439,0.007124,3.162652
1857,15,15,6484747.6658,4437.6877,3.164439,0.000000,0.000000
1858,15,15,6484751.6109,4437.6877,3.164439,0.000000,0.000000
1859,15,15,6484769.3004,4437.6877,3.164440,0.000000,-0.000000
1860,15,15,6484769.9027,4437.6877,3.164441,0.000000,0.000000
1861,15,15,6484772.5147,4437.6877,3.164441,0.000000,0.000000
1862,15,15,6484774.0199,4437.6877,3.164441,0.000000,0.000000
1863,15,15,6484777.9712,4437.6877,3.164441,0.006558,2.866290
1864,15,15,6484779.8761,4437.6877,3.164441,0.000000,0.000000
1865,15,15,6484782.0954,4437.6877,3.164441,0.000000,-0.000000
1866,15,15,6484782.4483,4437.6877,3.164441,0.001246,2.578912
1867,15,15,6484795.7856,4437.6877,3.164442,0.005149,3.023450
1868,15,15,6484799.4307,4437.6877,3.164443,0.002382,2.646336
1869,15,15,6484803.8910,4437.6877,3.164443,0.002183,2.810036
1870,15,15,6484819.7676,4437.6877,3.164444,0.000000,0.000000
1871,15,15,6484832.2146,4437.6877,3.164445,0.000000,0.000000
1872,15,15,6484842.7742,4437.6877,3.164445,0.000000,-0.000000
1873,15,15,6484844.1945,4437.6877,3.164446,0.000000,0.000000
1874,15,15,6484852.6225,4437.6877,3.164446,0.000000,-0.000000
1875,15,15,6484862.0992,4437.6877,3.164447,0.005950,3.054551
1876,15,15,6484883.1950,4437.6877,3.164448,0.000000,0.000000
1877,15,15,6484896.6534,4437.6877,3.164449,0.000000,0.000000
1878,15,15,6484904.7973,4437.6877,3.164450,0.000000,-0.000000
1879,15,15,6484922.1085,4437.6877,3.164451,0.000000,-0.000000
1880,15,15,6484934.9961,4437.6877,3.164452,0.000000,0.000000
1881,15,15,6484938.0389,4437.6877,3.164452,0.009702,3.085324
1882,15,15,6484960.2952,4437.6877,3.164453,0.000000,-0.000000
1883,15,15,6484978.8911,4437.6877,3.164455,0.000000,0.000000
1884,15,15,6484985.5461,4437.6877,3.164455,0.000000,0.000000
1885,15,15,6484989.4894,4437.6877,3.164455,0.000000,-0.000000
1886,15,15,6484993.9471,4437.6877,3.164456,0.019173,3.180690
1887,15,15,6485008.0979,4437.6877,3.164456,0.002572,2.750251
1888,15,15,6485019.3264,4437.6877,3.164457,0.000000,0.000000
1889,15,15,6485023.7516,4437.6877,3.164458,0.006511,2.990422
1890,15,15,6485047.0617,4437.6877,3.164459,0.000000,0.000000
1891,15,15,6485061.2602,4437.6877,3.164460,0.000000,0.000000
1892,15,15,6485071.5290,4437.6877,3.164461,0.000000,0.000000
1893,15,15,6485074.8173,4437.6877,3.164461,0.000000,0.000000
1894,15,15,6485075.5481,4437.6877,3.164461,0.002469,2.763964
1895,15,15,6485087.6863,4437.6877,3.164462,0.018433,3.142214
1896,15,15,6485099.8098,4437.6877,3.164463,0.010258,3.058654
1897,15,15,6485120.1985,4437.6877,3.164464,0.000000,-0.000000
1898,15,15,6485124.6566,4437.6877,3.164464,0.002262,2.648054
1899,15,15,6485129.2623,4437.6877,3.164465,0.001550,2.575126
1900,15,15,6485130.1703,4437.6877,3.164465,0.004044,2.798948
1901,15,15,6485133.3657,4437.6877,3.164465,0.000000,0.000000
1902,15,15,6485135.7651,4437.6877,3.164465,0.018203,3.148466
1903,15,15,6485149.3608,4437.6877,3.164466,0.000000,0.000000
1904,15,15,6485179.5527,4437.6877,3.164468,0.000000,0.000000
1905,15,15,6485185.4558,4437.6877,3.164468,0.000000,0.000000
1906,15,15,6485241.0583,4437.6877,3.164472,0.000000,0.000000
1907,15,15,6485290.6546,4437.6877,3.164475,0.000000,-0.000000
1908,15,15,6485298.5527,4437.6877,3.164476,0.005552,2.915263
1909,15,15,6485314.4784,4437.6877,3.164477,0.035168,3.414778
1910,15,15,6485320.4900,4437.6877,3.164477,-0.000000,0.000000
1911,15,15,6485320.7034,4437.6877,3.164477,0.025849,3.349670
1912,15,15,6485321.3316,4437.6877,3.164477,0.000000,0.000000
1913,15,15,6485336.6324,4437.6877,3.164479,0.012623,3.163298
1914,15,15,6485340.3388,4437.6877,3.164479,0.009480,3.108720
1915,15,15,6485340.3812,4437.6877,3.164479,0.000000,-0.000000
1916,15,15,6485340.8287,4437.6877,3.164479,0.000000,0.000000
1917,15,15,6485363.9018,4437.6877,3.164480,0.004489,2.934676
1918,15,15,6485370.8756,4437.6877,3.164481,0.000000,0.000000
1919,15,15,6485371.6586,4437.6877,3.164481,0.000000,-0.000000
1920,15,15,6485381.4854,4437.6877,3.164482,0.000000,0.000000
1921,15,15,6485385.6435,4437.6877,3.164482,0.010043,3.019400
1922,15,15,6485393.6259,4437.6877,3.164482,0.000000,-0.000000
1923,15,15,6485410.1065,4437.6877,3.164483,0.004395,2.892229
1924,15,15,6485418.2874,4437.6877,3.164484,0.000000,0.000000
1925,15,15,6485418.3702,4437.6877,3.164484,0.002435,2.762915
1926,15,15,6485422.9081,4437.6877,3.164484,0.009980,3.039938
1927,15,15,6485432.7502,4437.6877,3.164485,0.000000,0.000000
1928,15,15,6485458.4692,4437.6877,3.164487,0.008807,3.001752
1929,15,15,6485459.0393,4437.6877,3.164487,0.005153,2.862649
1930,15,15,6485479.5818,4437.6877,3.164488,0.006590,2.951725
1931,15,15,6485499.3949,4437.6877,3.164489,0.000000,0.000000
1932,15,15,6485503.0180,4437.6877,3.164490,0.006916,3.020080
1933,15,15,6485508.1444,4437.6877,3.164490,0.000000,0.000000
1934,15,15,6485511.6714,4437.6877,3.164490,-0.000000,-0.000000
1935,15,15,6485526.8783,4437.6877,3.164491,0.000000,0.000000
1936,15,15,6485527.9389,4437.6877,3.164491,0.000000,-0.000000
1937,15,15,6485551.2323,4437.6877,3.164493,0.001175,2.557711
1938,15,15,6485569.1253,4437.6877,3.164494,0.009002,2.969731
1939,15,15,6485574.5352,4437.6877,3.164494,-0.000000,-0.000000
1940,15,15,6485588.6694,4437.6877,3.164495,0.000000,0.000000
1941,15,15,6485612.5115,4437.6877,3.164497,0.000000,0.000000
1942,15,15,6485620.7381,4437.6877,3.164498,0.001420,2.546568
1943,15,15,6485629.2144,4437.6877,3.164498,0.000000,0.000000
1944,15,15,6485630.8837,4437.6877,3.164498,0.000000,0.000000
1945,15,15,6485644.2638,4437.6877,3.164499,0.000000,-0.000000
1946,15,15,6485649.3326,4437.6877,3.164499,0.000000,0.000000
1947,15,15,6485656.3379,4437.6877,3.164500,0.000000,-0.000000
1948,15,15,6485660.7807,4437.6877,3.164500,0.000000,0.000000
1949,15,15,6485662.6361,4437.6877,3.164500,0.000000,0.000000
1950,15,15,6485662.7005,4437.6877,3.164500,0.000000,0.000000
1951,15,15,6485664.2235,4437.6877,3.164500,0.000000,0.000000
1952,15,15,6485664.4775,4437.6877,3.164500,0.000000,0.000000
1953,15,15,6485668.3860,4437.6877,3.164501,-0.000000,-0.000000
1954,15,15,6485678.3774,4437.6877,3.164501,0.000000,0.000000
1955,15,15,6485689.3588,4437.6877,3.164502,0.001327,2.496659
1956,15,15,6485707.7088,4437.6877,3.164503,0.000000,0.000000
1957,15,15,6485708.7109,4437.6877,3.164503,0.000000,-0.000000
1958,15,15,6485724.8723,4437.6877,3.164505,0.000000,0.000000
1959,15,15,6485738.0111,4437.6877,3.164505,0.000000,0.000000
1960,15,15,6485742.6031,4437.6877,3.164506,0.000000,0.000000
1961,15,15,6485747.7495,4437.6877,3.164506,0.000000,0.000000
1962,15,15,6485750.3523,4437.6877,3.164506,0.000000,0.000000
1963,15,15,6485751.1324,4437.6877,3.164506,0.000000,0.000000
1964,15,15,6485751.6017,4437.6877,3.164506,0.000000,-0.000000
1965,15,15,6485760.2920,4437.6877,3.164507,0.000000,0.000000
1966,15,15,6485769.7241,4437.6877,3.164508,0.000000,0.000000
1967,15,15,6485773.6902,4437.6877,3.164508,0.000000,0.000000
1968,15,15,6485779.9664,4437.6877,3.164508,0.000000,0.000000
1969,15,15,6485782.8104,4437.6877,3.164508,0.000000,0.000000
1970,15,15,6485786.8196,4437.6877,3.164509,0.000000,0.000000
1971,15,15,6485806.1876,4437.6877,3.164510,0.000000,0.000000
1972,15,15,6485811.6605,4437.6877,3.164510,0.000000,-0.000000
1973,15,15,6485815.4774,4437.6877,3.164511,0.000000,0.000000
1974,15,15,6485816.8639,4437.6877,3.164511,0.000000,-0.000000
1975,15,15,6485824.8556,4437.6877,3.164511,0.000000,0.000000
1976,15,15,6485825.4915,4437.6877,3.164511,0.000000,-0.000000
1977,15,15,6485839.5684,4437.6877,3.164512,0.000000,0.000000
1978,15,15,6485840.2011,4437.6877,3.164512,0.000000,0.000000
1979,15,15,6485852.0810,4437.6877,3.164513,0.000000,0.000000
1980,15,15,6485856.4583,4437.6877,3.164513,0.000000,0.000000
1981,15,15,6485856.4708,4437.6877,3.164513,-0.000000,-0.000000
1982,15,15,6485857.5495,4437.6877,3.164513,0.000000,0.000000
1983,15,15,6485859.6638,4437.6877,3.164514,0.000000,0.000000
1984,15,15,6485860.3090,4437.6877,3.164514,0.000000,0.000000
1985,15,15,6485862.0540,4437.6877,3.164514,0.000000,0.000000
1986,15,15,6485865.1384,4437.6877,3.164514,0.000000,0.000000
1987,15,15,6485866.7789,4437.6877,3.164514,0.000000,-0.000000
1988,15,15,6485898.5412,4437.6877,3.164516,0.000000,0.000000
1989,15,15,6485908.4447,4437.6877,3.164517,0.000000,0.000000
1990,15,15,6485918.2178,4437.6877,3.164517,0.000000,0.000000
1991,15,15,6485929.6195,4437.6877,3.164518,0.000000,0.000000
1992,15,15,6486000.0042,4437.6877,3.164523,0.000000,0.000000
1993,15,15,6486034.4217,4437.6877,3.164525,0.000000,0.000000
1994,15,15,6486057.9089,4437.6877,3.164527,0.000000,-0.000000
1995,15,15,6486099.0678,4437.6877,3.164530,0.000000,-0.000000
1996,15,15,6486103.6698,4437.6877,3.164530,0.000000,0.000000
1997,15,15,6486155.8089,4437.6877,3.164533,0.000000,-0.000000
1998,15,15,6486185.8290,4437.6877,3.164535,0.000000,0.000000
1999,15,15,6486203.1704,4437.6877,3.164537,0.003475,2.729270
2000,15,15,6486251.6263,4437.6877,3.164540,0.000000,0.000000
2001,15,15,6486341.0877,4437.6877,3.164546,0.004390,2.567526
2002,15,15,6486375.8079,4437.6877,3.164548,0.000000,0.000000
2003,15,15,6486396.7811,4437.6877,3.164550,0.000000,0.000000
2004,15,15,6486438.9349,4437.6877,3.164552,-0.000560,2.420803
2005,15,15,6486475.3855,4437.6877,3.164555,0.000000,0.000000
2006,15,15,6486522.0236,4437.6877,3.164558,0.000000,0.000000
2007,15,15,6486522.6086,4437.6877,3.164558,0.000000,-0.000000
2008,15,15,6486597.8302,4437.6877,3.164563,0.001970,2.382653
2009,15,15,6486715.1792,4437.6877,3.164571,0.000000,-0.000000
2010,15,15,6486748.7737,4437.6877,3.164573,0.003177,2.526534
2011,15,15,6487055.3875,4437.6877,3.164594,0.000000,-0.000000
2012,15,15,6487067.1528,4437.6877,3.164594,0.000000,0.000000
2013,15,15,6487277.8137,4437.6877,3.164609,0.000000,0.000000
2014,15,15,6487288.4397,4437.6877,3.164609,0.000000,0.000000
2015,15,15,6487583.8307,4437.6877,3.164629,0.000000,0.000000
2016,15,15,6487587.4876,4437.6877,3.164629,0.000000,0.000000
2017,15,15,6487699.6867,4437.6877,3.164637,0.000000,0.000000
2018,15,15,6487719.2673,4437.6877,3.164638,0.000000,0.000000
2019,15,15,6487963.0691,4437.6877,3.164654,0.000000,-0.000000
2020,15,15,6487983.2317,4437.6877,3.164656,0.000000,0.000000
2021,15,15,6488302.4010,4437.6877,3.164677,0.000000,0.000000
2022,15,15,6488321.7005,4437.6877,3.164679,0.000000,0.000000
2023,15,15,6488444.8157,4437.6877,3.164687,0.000000,-0.000000
2024,15,15,6488456.2799,4437.6877,3.164688,0.000000,0.000000
2025,15,15,6488760.2470,4437.6877,3.164708,0.000000,0.000000
2026,15,15,6488761.2361,4437.6877,3.164708,0.000000,-0.000000
2027,15,15,6492112.8671,4437.6877,3.164932,0.000000,0.000000
2028,15,15,6492112.8671,4437.6877,3.164932,0.000000,0.000000
