mode_rank,matched_m,matched_n,w_h_FEM,w_h_exact,log10_Error_w_h,log10_Error_L2_w,log10_Error_L2_phi
1,1,1,19.4389,19.7390,-1.818135,-2.511101,-1.951006
2,2,1,48.7343,49.3476,-1.905657,-0.150514,-0.150462
3,2,1,48.8719,49.3476,-2.016015,-0.150484,-0.150442
4,2,2,77.3646,78.9557,-1.695690,-1.489207,-1.379498
5,1,3,97.9573,98.6942,-2.126898,-0.132643,-0.133045
6,1,3,98.0047,98.6942,-2.155714,-0.150384,-0.150305
7,2,3,125.1643,128.3018,-1.611642,-0.150141,-0.149821
8,2,3,126.2282,128.3018,-1.791504,-0.150149,-0.149983
9,1,4,166.8248,167.7781,-2.245511,-0.150309,-0.150226
10,1,4,166.9390,167.7781,-2.300921,-0.150106,-0.150013
11,4,1,172.6188,167.7781,-1.539831,0.030234,0.031007
12,4,2,193.5658,197.3849,-1.713349,-0.149552,-0.149792
13,4,2,193.8694,197.3849,-1.749322,-0.134505,-0.133600
14,4,3,236.9615,246.7289,-1.402444,-0.149569,-0.149868
15,4,3,240.9109,246.7289,-1.627445,-0.149538,-0.149437
16,5,1,255.4320,256.5976,-2.342723,-0.144643,-0.144376
17,5,1,255.4778,256.5976,-2.360135,-0.149872,-0.149750
18,2,5,281.0458,286.2034,-1.744228,-0.149565,-0.149273
19,2,5,281.5893,286.2034,-1.792584,-0.149354,-0.149019
20,4,4,302.1889,315.8089,-1.365248,-0.577810,-0.558599
21,4,4,324.3003,315.8089,-1.570447,0.009183,0.009304
22,4,4,325.6431,315.8089,-1.506685,0.004734,0.004907
23,3,5,341.8994,335.5458,-1.722732,0.012083,0.001104
24,3,5,341.9649,335.5458,-1.718278,0.003212,0.001321
25,6,1,363.3714,365.1508,-2.312219,-0.148600,-0.148479
26,6,1,363.4826,365.1508,-2.340247,-0.147902,-0.147721
27,2,6,380.5170,394.7554,-1.442865,0.023653,0.022077
28,2,6,387.8943,394.7554,-1.759934,-0.115595,-0.114366
29,2,6,388.1749,394.7554,-1.778067,-0.147285,-0.146833
30,2,6,390.3903,394.7554,-1.956335,0.035010,0.034261
31,5,4,400.5296,404.6236,-1.994912,0.004076,0.000423
32,5,4,400.6564,404.6236,-2.008572,0.010342,0.001307
33,6,3,428.0780,444.0958,-1.442874,-0.107891,-0.109837
34,6,3,430.2010,444.0958,-1.504623,-0.133649,-0.132145
35,6,3,431.8975,444.0958,-1.561177,0.002549,0.000288
36,6,3,432.2378,444.0958,-1.573466,0.003596,0.003217
37,3,6,459.7541,444.0958,-1.452733,0.037742,0.036947
38,7,1,469.1111,493.4353,-1.307192,0.009292,0.001124
39,7,1,469.6074,493.4353,-1.316144,0.000228,0.000080
40,7,1,485.8999,493.4353,-1.816127,0.046238,0.043401
41,7,1,489.5354,493.4353,-2.102175,-0.084856,-0.085862
42,7,1,490.7184,493.4353,-2.259166,-0.134598,-0.134361
43,7,1,492.6878,493.4353,-2.819598,-0.024031,-0.024011
44,5,5,496.8069,493.4353,-2.165397,0.000629,0.000433
45,5,5,497.0127,493.4353,-2.139658,0.009061,0.001435
46,4,6,513.3593,513.1708,-3.434959,0.008677,0.008214
47,4,6,513.5533,513.1708,-3.127665,0.044680,0.043162
48,7,2,525.0571,523.0386,-2.413497,0.009297,0.001549
49,7,2,526.5195,523.0386,-2.176832,-0.004512,-0.005876
50,7,2,540.8274,523.0386,-1.468387,0.009468,0.007407
51,7,3,548.7548,572.3766,-1.384369,0.006542,0.006195
52,7,3,551.7940,572.3766,-1.444182,-0.130850,-0.134109
53,7,3,554.8071,572.3766,-1.512922,-0.011957,-0.011764
54,7,3,555.7917,572.3766,-1.537969,0.002515,0.001393
55,7,3,562.8589,572.3766,-1.779148,0.000652,0.000383
56,7,3,569.5260,572.3766,-2.302743,0.003995,0.002913
57,3,7,580.9503,572.3766,-1.824512,0.002590,0.001392
58,3,7,585.4610,572.3766,-1.640929,0.015810,0.004991
59,5,6,589.3585,601.9790,-1.678504,0.008654,0.001570
60,5,6,599.3575,601.9790,-2.361024,0.015307,0.009437
61,5,6,605.3764,601.9790,-2.248435,0.000033,0.000006
62,5,6,610.3571,601.9790,-1.856434,0.023197,0.021446
63,5,6,611.1272,601.9790,-1.818244,0.013367,0.002529
64,5,6,614.1540,601.9790,-1.694111,0.002431,0.000488
65,5,6,614.1995,601.9790,-1.692492,-0.004537,-0.005725
66,5,6,616.3158,601.9790,-1.623128,-0.001489,-0.001794
67,8,1,636.3214,641.4484,-2.097305,-0.011264,-0.011301
68,8,1,638.3965,641.4484,-2.322601,-0.108472,-0.112285
69,8,1,638.8363,641.4484,-2.390186,0.000225,0.000044
70,8,1,640.5547,641.4484,-2.855998,0.008092,0.007757
71,8,1,640.7258,641.4484,-2.948289,0.002652,0.002387
72,8,2,658.2994,671.0500,-1.721223,-0.093696,-0.093553
73,8,2,658.3618,671.0500,-1.723355,-0.128265,-0.131033
74,8,2,666.2514,671.0500,-2.145638,0.010758,0.001947
75,8,2,666.4673,671.0500,-2.165636,0.000499,-0.005737
76,2,8,674.7842,671.0500,-2.254562,-0.001543,-0.001648
77,2,8,684.2013,671.0500,-1.707787,0.016395,0.014881
78,6,6,691.9848,710.5184,-1.583616,0.001299,0.001211
79,6,6,692.6553,710.5184,-1.599620,0.004754,0.003336
80,6,6,697.8280,710.5184,-1.748103,0.004925,0.002157
81,6,6,701.4173,710.5184,-1.892485,0.021678,0.018848
82,7,5,735.5151,730.2523,-2.142257,0.040127,0.036123
83,7,5,741.2554,730.2523,-1.821957,0.014308,0.011238
84,7,5,746.0439,730.2523,-1.665048,0.013640,0.011289
85,8,4,768.7418,789.4533,-1.581114,0.003423,0.003045
86,8,4,770.2551,789.4533,-1.614064,0.007713,0.001655
87,8,4,770.2789,789.4533,-1.614603,0.008267,0.000980
88,8,4,772.2720,789.4533,-1.662269,0.002327,0.000513
89,8,4,773.7579,789.4533,-1.701554,-0.002837,-0.003401
90,4,8,798.7440,789.4533,-1.929281,0.002109,0.002102
91,4,8,798.8888,789.4533,-1.922562,0.008413,0.008267
92,1,9,801.1856,809.1867,-2.004895,0.002020,0.001752
93,9,1,812.6484,809.1867,-2.368767,0.009057,0.008577
94,9,1,815.9798,809.1867,-2.075984,0.005125,0.002017
95,9,1,816.2966,809.1867,-2.056189,0.013803,0.007244
96,9,1,820.2476,809.1867,-1.864259,0.008621,0.006467
97,9,1,823.8750,809.1867,-1.741080,0.001656,0.001625
98,2,9,825.4600,838.7865,-1.798933,0.005337,0.004482
99,6,7,848.4529,838.7865,-1.938390,0.000778,0.000747
100,6,7,850.0278,838.7865,-1.872837,0.045353,0.043046
101,5,8,863.4316,878.2525,-1.772745,0.000689,0.000206
102,5,8,866.0545,878.2525,-1.857331,0.002053,0.001506
103,5,8,871.9139,878.2525,-2.141629,0.044666,0.037587
104,8,5,883.1078,878.2525,-2.257403,0.005013,0.004260
105,3,9,887.5000,888.1188,-3.156888,0.024508,0.013000
106,9,3,890.7002,888.1188,-2.536627,0.028752,0.025937
107,9,3,901.6714,888.1188,-1.816448,0.008034,0.006490
108,9,3,904.4084,888.1188,-1.736563,0.002021,0.001999
109,9,3,919.0319,888.1188,-1.458329,0.000548,0.000426
110,9,4,935.1063,957.1826,-1.637069,0.005202,0.001564
111,9,4,936.2843,957.1826,-1.660884,0.024468,0.012984
112,9,4,945.1810,957.1826,-1.901758,0.000263,0.000223
113,9,4,952.1052,957.1826,-2.275354,0.000948,0.000297
114,9,4,952.7326,957.1826,-2.332638,0.000600,-0.000086
115,4,9,958.3304,957.1826,-2.921116,0.000604,-0.001567
116,4,9,960.2506,957.1826,-2.494136,0.017906,0.015888
117,7,7,975.1460,967.0487,-2.077104,0.000971,0.000868
118,7,7,976.8344,967.0487,-1.994855,0.070480,0.069298
119,6,8,981.0618,986.7808,-2.236904,0.001727,0.000554
120,6,8,985.4084,986.7808,-2.856768,0.000002,0.000001
121,6,8,987.2821,986.7808,-3.294072,-0.001024,-0.001260
122,1,10,994.8251,996.6468,-2.738066,0.062833,0.059691
123,10,1,997.6448,996.6468,-2.999402,0.005703,0.001153
124,10,1,999.5900,996.6468,-2.529719,0.001195,0.000871
125,10,1,1000.9100,996.6468,-2.368803,0.006426,0.005578
126,10,1,1004.1451,996.6468,-2.123573,0.024744,0.017048
127,10,1,1005.7309,996.6468,-2.040255,0.012949,0.005121
128,10,2,1016.7990,1026.2445,-2.036027,0.017724,0.016170
129,10,2,1024.3891,1026.2445,-2.742820,0.011501,0.009468
130,5,9,1042.2727,1045.9762,-2.450911,0.003030,0.001301
131,5,9,1042.6442,1045.9762,-2.496814,0.023537,0.020060
132,5,9,1045.0753,1045.9762,-3.064840,0.011409,0.001533
133,9,5,1051.4620,1045.9762,-2.280277,0.055070,0.049633
134,9,5,1054.7323,1045.9762,-2.077208,0.024375,0.023134
135,3,10,1061.0662,1075.5734,-1.870056,0.005864,0.003439
136,3,10,1069.9653,1075.5734,-2.282824,0.000663,0.000539
137,3,10,1074.6049,1075.5734,-3.045557,0.002375,0.001143
138,10,3,1079.6454,1075.5734,-2.421838,0.000214,0.000201
139,10,3,1086.5485,1075.5734,-1.991232,0.025164,0.019576
140,10,3,1089.5471,1075.5734,-1.886329,0.013196,0.006469
141,10,3,1093.7840,1075.5734,-1.771317,0.008326,0.001661
142,7,8,1095.4918,1115.0359,-1.756274,0.000244,0.000154
143,7,8,1100.9301,1115.0359,-1.897892,0.005536,0.002454
144,7,8,1106.9929,1115.0359,-2.141872,0.012985,0.010315
145,7,8,1111.5116,1115.0359,-2.500223,-0.006473,-0.010010
146,7,8,1124.9109,1115.0359,-2.052749,0.000010,0.000004
147,7,8,1128.5897,1115.0359,-1.915227,0.004068,0.001137
148,10,4,1131.9214,1144.6323,-1.954489,0.002184,0.000844
149,10,4,1132.2423,1144.6323,-1.965594,0.000484,-0.001615
150,10,4,1133.6049,1144.6323,-2.016193,0.023652,0.012955
151,10,4,1138.1617,1144.6323,-2.247718,0.000011,0.000004
152,9,6,1150.8867,1154.4978,-2.504754,0.003982,0.002412
153,9,6,1151.6770,1154.4978,-2.612031,0.007156,0.004538
154,9,6,1153.5810,1154.4978,-3.100119,0.004250,0.002634
155,6,9,1158.3537,1154.4978,-2.476264,0.009426,0.007176
156,6,9,1158.5763,1154.4978,-2.451893,0.002772,-0.005527
157,6,9,1163.7214,1154.4978,-2.097489,0.000262,0.000169
158,6,9,1172.0030,1154.4978,-1.819224,0.006466,0.005514
159,6,9,1174.8154,1154.4978,-1.754520,0.000270,0.000171
160,6,9,1179.1221,1154.4978,-1.671029,0.024514,0.015732
161,1,11,1180.5859,1203.8243,-1.714357,-0.048523,-0.058801
162,1,11,1180.7082,1203.8243,-1.716648,0.002114,0.001695
163,1,11,1181.9990,1203.8243,-1.741602,0.026655,0.023759
164,1,11,1188.0184,1203.8243,-1.881743,0.001940,0.000916
165,1,11,1188.1645,1203.8243,-1.885775,0.015124,0.009714
166,1,11,1192.6286,1203.8243,-2.031512,0.016586,0.011892
167,1,11,1195.9771,1203.8243,-2.185849,0.004283,0.003926
168,1,11,1199.3319,1203.8243,-2.428079,0.000134,-0.000141
169,11,1,1206.8191,1203.8243,-2.604199,-0.001144,-0.001405
170,11,1,1213.7833,1203.8243,-2.082347,-0.000625,-0.000679
171,11,1,1216.6445,1203.8243,-1.972668,0.021512,0.009380
172,2,11,1220.9278,1233.4198,-1.994478,0.010544,0.009048
173,2,11,1225.7554,1233.4198,-2.206630,0.005103,0.003994
174,2,11,1226.1493,1233.4198,-2.229543,0.001348,0.001162
175,11,2,1239.1690,1233.4198,-2.331507,0.003383,0.001973
176,11,2,1246.1110,1233.4198,-1.987610,0.000317,0.000221
177,11,2,1247.5252,1233.4198,-1.941727,0.015199,0.010064
178,8,8,1253.2853,1263.0150,-2.113308,0.000032,0.000020
179,8,8,1255.0533,1263.0150,-2.200401,0.000073,0.000058
180,8,8,1258.5289,1263.0150,-2.449536,0.000067,-0.001007
181,8,8,1259.7881,1263.0150,-2.592627,0.004311,0.002254
182,8,8,1261.9447,1263.0150,-3.071915,0.005990,0.003505
183,8,8,1265.2784,1263.0150,-2.746641,0.000573,0.000299
184,8,8,1270.3023,1263.0150,-2.238841,-0.001855,-0.002060
185,8,8,1271.2419,1263.0150,-2.186175,0.001291,0.000627
186,7,9,1276.0687,1282.7449,-2.283610,-0.000803,-0.000825
187,7,9,1280.4726,1282.7449,-2.751663,0.007080,0.004749
188,9,7,1284.8382,1282.7449,-2.787314,0.000452,-0.000258
189,9,7,1290.8322,1282.7449,-2.200338,0.007130,0.005077
190,9,7,1301.1496,1282.7449,-1.843211,0.006261,0.004405
191,9,7,1301.7687,1282.7449,-1.828844,0.017116,0.013119
192,9,7,1309.4390,1282.7449,-1.681726,0.000089,0.000049
193,6,10,1314.4730,1341.9339,-1.689017,-0.007552,-0.009121
194,6,10,1314.9449,1341.9339,-1.696545,0.023424,0.014203
195,6,10,1334.2760,1341.9339,-2.243623,0.013849,0.010528
196,6,10,1338.0214,1341.9339,-2.535274,0.007131,0.004172
197,4,11,1347.1310,1351.7986,-2.461818,0.016612,0.012687
198,11,4,1352.8847,1351.7986,-3.095033,0.000290,0.000170
199,11,4,1353.1364,1351.7986,-3.004510,0.000008,0.000005
200,11,4,1362.7428,1351.7986,-2.091726,0.026490,0.023589
201,11,4,1362.8729,1351.7986,-2.086595,0.033999,0.032268
202,11,4,1367.2675,1351.7986,-1.941453,0.006040,0.004166
203,11,4,1368.0920,1351.7986,-1.918900,0.006218,0.003453
204,11,4,1374.1295,1351.7986,-1.782005,0.007739,0.007224
205,11,4,1376.7620,1351.7986,-1.733609,0.002059,0.000544
206,11,4,1379.0177,1351.7986,-1.696038,0.013996,0.012532
207,11,4,1389.6535,1351.7986,-1.552790,0.001607,-0.004485
208,11,4,1390.7638,1351.7986,-1.540235,0.001517,0.001533
209,12,1,1401.3974,1430.7149,-1.688425,0.006259,0.002338
210,12,1,1402.1147,1430.7149,-1.699184,0.015559,0.008202
211,12,1,1402.8579,1430.7149,-1.710618,0.002635,0.001695
212,12,1,1403.4674,1430.7149,-1.720226,0.011756,0.009081
213,12,1,1413.1743,1430.7149,-1.911509,0.033055,0.025365
214,12,1,1414.7281,1430.7149,-1.951791,0.009921,0.006212
215,12,1,1419.1181,1430.7149,-2.091213,0.000229,0.000090
216,12,1,1425.5441,1430.7149,-2.441995,0.005825,0.003247
217,12,1,1428.1186,1430.7149,-2.741192,0.000136,0.000095
218,9,8,1434.2024,1430.7149,-2.613043,0.000227,0.000154
219,11,5,1439.0019,1440.5793,-2.960595,0.020277,0.013486
220,5,11,1443.8144,1440.5793,-2.648645,-0.001483,-0.005038
221,5,11,1448.6171,1440.5793,-2.253400,0.001500,0.001127
222,12,2,1454.7595,1460.3079,-2.420271,0.000358,0.000228
223,7,10,1473.4874,1470.1722,-2.646865,0.008808,0.006449
224,7,10,1486.9729,1470.1722,-1.942042,0.000350,0.000196
225,12,3,1490.5052,1509.6289,-1.897298,-0.000195,-0.000231
226,12,3,1497.5772,1509.6289,-2.097821,0.024854,0.018111
227,3,12,1509.8902,1509.6289,-3.761790,-0.001308,-0.004239
228,3,12,1517.3905,1509.6289,-2.288919,0.015178,0.008179
229,3,12,1519.6363,1509.6289,-2.178552,0.002083,0.001075
230,3,12,1525.1299,1509.6289,-1.988512,-0.000005,-0.000039
231,3,12,1528.3945,1509.6289,-1.905508,0.006111,0.003681
232,6,11,1540.2653,1549.0851,-2.244618,0.001429,0.000908
233,6,11,1542.1062,1549.0851,-2.346292,0.004704,0.003166
234,6,11,1549.0469,1549.0851,-4.608374,0.003562,0.000409
235,11,6,1549.6556,1549.0851,-3.433777,-0.003031,-0.003568
236,11,6,1552.8632,1549.0851,-2.612799,0.003808,0.003613
237,11,6,1557.3653,1549.0851,-2.272034,0.001679,0.001429
238,11,6,1563.4216,1549.0851,-2.033631,0.002636,0.002119
239,12,4,1565.7944,1578.6768,-2.088295,-0.012167,-0.018446
240,12,4,1568.4615,1578.6768,-2.189042,0.005881,0.004457
241,12,4,1570.2982,1578.6768,-2.275119,-0.012888,-0.013417
242,12,4,1571.0718,1578.6768,-2.317195,0.000079,0.000051
243,4,12,1586.6846,1578.6768,-2.294779,0.013879,0.009477
244,9,9,1590.1790,1598.4045,-2.288525,0.000528,0.000327
245,9,9,1592.2121,1598.4045,-2.411828,0.025248,0.015974
246,9,9,1592.7460,1598.4045,-2.450992,0.000883,0.000574
247,9,9,1593.8805,1598.4045,-2.548170,-0.008087,-0.018102
248,9,9,1595.5872,1598.4045,-2.753863,-0.009918,-0.012108
249,9,9,1605.1692,1598.4045,-2.373438,0.000007,0.000004
250,8,10,1614.7725,1618.1320,-2.682751,0.006151,0.003458
251,10,8,1623.8695,1618.1320,-2.450290,0.003215,0.000547
252,10,8,1624.3707,1618.1320,-2.413915,0.001491,0.001102
253,10,8,1625.0587,1618.1320,-2.368485,-0.011148,-0.012867
254,12,5,1655.1106,1667.4501,-2.130755,0.004066,0.003920
255,12,5,1661.7249,1667.4501,-2.464263,0.026687,0.017093
256,5,12,1671.9651,1667.4501,-2.567394,0.000502,0.000344
257,1,13,1676.1715,1677.3136,-3.166910,0.005274,0.003231
258,13,1,1691.5914,1677.3136,-2.069952,0.006025,0.003967
259,2,13,1703.0362,1706.9039,-2.644758,0.032471,0.024507
260,13,2,1717.4404,1706.9039,-2.209513,0.003463,0.002757
261,13,2,1718.1334,1706.9039,-2.181851,0.000395,-0.000382
262,13,2,1720.9585,1706.9039,-2.084390,0.001513,0.000882
263,13,2,1722.8790,1706.9039,-2.028765,-0.003164,-0.004127
264,13,2,1724.3446,1706.9039,-1.990645,0.001058,0.000747
265,13,2,1727.9546,1706.9039,-1.908943,-0.008307,-0.008847
266,13,3,1740.0574,1756.2204,-2.036056,-0.006225,-0.011680
267,13,3,1743.8345,1756.2204,-2.151649,0.008638,0.006703
268,13,3,1744.7031,1756.2204,-2.183227,-0.000075,-0.000674
269,13,3,1748.6377,1756.2204,-2.364754,0.000323,0.000260
270,3,13,1763.6328,1756.2204,-2.374619,0.010618,0.007567
271,12,6,1779.9379,1775.9468,-2.648334,-0.001897,-0.003181
272,10,9,1786.2673,1785.8099,-3.591524,0.003071,0.002864
273,10,9,1800.2359,1785.8099,-2.092689,0.000825,-0.002454
274,10,9,1805.2621,1785.8099,-1.962866,0.009295,0.004034
275,13,4,1813.0947,1825.2620,-2.176129,0.003795,0.003544
276,13,4,1817.0285,1825.2620,-2.345738,0.000161,0.000113
277,13,4,1822.2658,1825.2620,-2.784755,-0.007900,-0.008043
278,8,11,1829.7057,1825.2620,-2.613580,0.000584,0.000343
279,8,11,1831.6610,1825.2620,-2.455217,-0.000249,-0.000646
280,8,11,1841.3695,1825.2620,-2.054298,0.003927,0.002822
281,8,11,1846.2937,1825.2620,-1.938451,0.001957,0.001374
282,8,11,1851.0720,1825.2620,-1.849537,0.034952,0.031442
283,8,11,1853.3237,1825.2620,-1.813212,0.000765,0.000493
284,7,12,1869.7477,1904.1646,-1.742933,0.009016,0.006943
285,7,12,1871.7680,1904.1646,-1.769206,0.003545,0.002060
286,7,12,1875.2524,1904.1646,-1.818624,-0.020132,-0.020340
287,7,12,1888.9581,1904.1646,-2.097678,0.000590,0.000453
288,7,12,1900.8106,1904.1646,-2.754153,-0.001746,-0.002147
289,7,12,1901.7581,1904.1646,-2.898333,0.001708,0.001269
290,12,7,1907.4158,1904.1646,-2.767651,0.000067,0.000050
291,5,13,1913.0722,1914.0272,-3.301932,-0.022327,-0.025371
292,13,5,1928.3075,1914.0272,-2.127210,0.005927,-0.000450
293,1,14,1929.2047,1943.6150,-2.129939,-0.001210,-0.002588
294,1,14,1939.6439,1943.6150,-2.689703,0.000600,0.000413
295,1,14,1939.9567,1943.6150,-2.725340,0.008408,0.004571
296,14,1,1953.5078,1943.6150,-2.293290,0.023099,0.019324
297,10,10,1963.5079,1973.2024,-2.308645,0.001400,0.000592
298,9,11,1984.8239,1992.9272,-2.390831,0.017089,0.012921
299,9,11,1986.5280,1992.9272,-2.493367,0.005148,0.004526
300,9,11,1987.3059,1992.9272,-2.549655,-0.004933,-0.004955
301,9,11,1996.0327,1992.9272,-2.807348,0.000497,0.000347
302,9,11,2000.7312,1992.9272,-2.407174,0.000894,0.000503
303,14,3,2009.0316,2022.5141,-2.176123,0.000176,0.000097
304,14,3,2022.4684,2022.5141,-4.646815,-0.000597,-0.000580
305,6,13,2023.9990,2022.5141,-3.134167,0.000154,0.000114
306,6,13,2028.5170,2022.5141,-2.527528,-0.000686,-0.000818
307,8,12,2041.3928,2052.1006,-2.282500,0.001059,0.000630
308,8,12,2042.8544,2052.1006,-2.346233,-0.002234,-0.003845
309,12,8,2052.2255,2052.1006,-4.215665,0.003243,0.002412
310,12,8,2055.9346,2052.1006,-2.728547,0.024286,0.017417
311,12,8,2058.7000,2052.1006,-2.492695,-0.006047,-0.006258
312,12,8,2063.9435,2052.1006,-2.238742,0.005008,0.003647
313,12,8,2065.7899,2052.1006,-2.175817,0.003223,0.002593
314,14,4,2083.4965,2091.5489,-2.414545,0.006301,0.003984
315,4,14,2097.3038,2091.5489,-2.560426,-0.003590,-0.004200
316,4,14,2104.8345,2091.5489,-2.197085,0.000337,0.000206
317,4,14,2107.4751,2091.5489,-2.118355,0.018839,0.014638
318,4,14,2110.7178,2091.5489,-2.037870,0.002073,0.001471
319,4,14,2112.0916,2091.5489,-2.007809,0.003222,0.002850
320,4,14,2116.9707,2091.5489,-1.915261,0.001616,0.001404
321,13,7,2132.1781,2150.7202,-2.064426,0.000912,0.000613
322,13,7,2132.3331,2150.7202,-2.068072,0.010118,0.007761
323,13,7,2139.3883,2150.7202,-2.278284,-0.000536,-0.000856
324,7,13,2151.5366,2150.7202,-3.420688,0.027606,0.021016
325,7,13,2155.7983,2150.7202,-2.626883,0.014822,0.012187
326,7,13,2158.4312,2150.7202,-2.445471,0.001620,0.001098
327,7,13,2165.0121,2150.7202,-2.177493,0.000532,0.000336
328,11,10,2167.8471,2180.3053,-2.243059,0.003313,0.003107
329,11,10,2176.8018,2180.3053,-2.794005,0.015804,0.011383
330,11,10,2179.9125,2180.3053,-3.744319,0.009651,0.007173
331,9,12,2200.3235,2219.7517,-2.057870,-0.000101,-0.000111
332,9,12,2203.7686,2219.7517,-2.142642,0.008715,0.006298
333,9,12,2207.6787,2219.7517,-2.264488,0.000066,0.000043
334,9,12,2214.7004,2219.7517,-2.642895,0.004762,0.003920
335,9,12,2218.2999,2219.7517,-3.184388,0.000250,0.000183
336,12,9,2220.1570,2219.7517,-3.738582,0.004009,0.001840
337,12,9,2222.2368,2219.7517,-2.950974,0.015797,0.010697
338,15,1,2227.3682,2229.6132,-2.997015,0.000743,0.000587
339,1,15,2244.2493,2229.6132,-2.182806,0.000724,0.000472
340,15,2,2252.5394,2259.1975,-2.530599,0.002835,0.002647
341,14,6,2280.3012,2288.7815,-2.431190,0.005959,0.004164
342,14,6,2288.2864,2288.7815,-3.664852,0.000244,0.000163
343,6,14,2288.8684,2288.7815,-4.420783,0.016209,0.014416
344,6,14,2289.6203,2288.7815,-3.435985,-0.005037,-0.007162
345,13,8,2296.0763,2298.6428,-2.952126,0.000187,0.000147
346,13,8,2298.3553,2298.6428,-3.902910,0.010483,0.003939
347,8,13,2300.7076,2298.6428,-3.046594,0.017283,0.012476
348,3,15,2324.4333,2308.5040,-2.161133,0.003964,0.002920
349,3,15,2330.6649,2308.5040,-2.017743,0.021044,0.016478
350,3,15,2334.0298,2308.5040,-1.956350,0.004366,0.003378
351,3,15,2339.3219,2308.5040,-1.874527,0.002245,0.001596
352,3,15,2339.7474,2308.5040,-1.868572,-0.000585,-0.000687
353,15,4,2344.9602,2377.5315,-1.863291,0.000072,0.000050
354,15,4,2350.0422,2377.5315,-1.936961,0.002054,0.000868
355,15,4,2356.3578,2377.5315,-2.050328,0.002155,0.001423
356,15,4,2357.6112,2377.5315,-2.076831,0.002357,0.002216
357,15,4,2369.8638,2377.5315,-2.491458,0.000272,0.000189
358,15,4,2370.5689,2377.5315,-2.533350,0.000254,0.000176
359,4,15,2379.6773,2377.5315,-3.044555,0.000067,0.000051
360,4,15,2380.7420,2377.5315,-2.869559,0.006046,0.004788
361,10,12,2405.9256,2407.1142,-3.306445,0.017749,0.011977
362,12,10,2410.6672,2407.1142,-2.830907,0.006935,0.005033
363,7,14,2428.0515,2416.9751,-2.338873,0.001504,0.001441
364,7,14,2430.0845,2416.9751,-2.265689,0.010534,0.005665
365,5,15,2448.6154,2466.2787,-2.144972,0.000554,0.000429
366,5,15,2457.2230,2466.2787,-2.435121,0.020509,0.017829
367,9,13,2480.3936,2466.2787,-2.242362,0.010347,0.008539
368,9,13,2482.2136,2466.2787,-2.189692,-0.002404,-0.002824
369,9,13,2503.3814,2466.2787,-1.822636,0.002978,0.002364
370,9,13,2509.1127,2466.2787,-1.760253,-0.000049,-0.000495
371,9,13,2510.3665,2466.2787,-1.747723,0.017387,0.014504
372,14,8,2525.4514,2564.8831,-1.813221,0.010622,0.007716
373,14,8,2525.6577,2564.8831,-1.815500,0.000842,0.000598
374,14,8,2528.3685,2564.8831,-1.846600,0.005544,0.004217
375,14,8,2533.7600,2564.8831,-1.915984,-0.000842,-0.002478
376,14,8,2536.3269,2564.8831,-1.953366,0.005674,0.004149
377,14,8,2541.0479,2564.8831,-2.031849,0.008891,0.006501
378,14,8,2541.8670,2564.8831,-2.047036,-0.016109,-0.018852
379,14,8,2562.0166,2564.8831,-2.951703,0.000821,0.000605
380,8,14,2568.1489,2564.8831,-2.895084,-0.006118,-0.006688
381,15,6,2570.8324,2574.7434,-2.818445,0.000376,0.000290
382,6,15,2582.6469,2574.7434,-2.512913,0.000098,0.000016
383,6,15,2591.8758,2574.7434,-2.176916,0.001175,0.000456
384,12,11,2605.5200,2614.1840,-2.479617,0.000061,0.000048
385,11,12,2625.6028,2614.1840,-2.359717,0.004861,0.002182
386,13,10,2648.1667,2653.6241,-2.686855,0.002121,0.001131
387,10,13,2664.1045,2653.6241,-2.403463,0.007145,0.005498
388,15,7,2679.7439,2702.9234,-2.066729,0.000365,0.000277
389,15,7,2679.8145,2702.9234,-2.068055,0.004949,0.003822
390,15,7,2681.0604,2702.9234,-2.092124,0.001162,0.000839
391,15,7,2688.4386,2702.9234,-2.270921,0.008667,0.007381
392,15,7,2692.2881,2702.9234,-2.405084,0.000656,0.000520
393,7,15,2703.5464,2702.9234,-3.637341,-0.001624,-0.004299
394,7,15,2717.5682,2702.9234,-2.266149,0.009109,0.007042
395,14,9,2726.9027,2732.5026,-2.688385,0.003140,0.002337
396,9,14,2742.3331,2732.5026,-2.443982,0.001510,0.001484
397,9,14,2744.0502,2732.5026,-2.374065,-0.005473,-0.006500
398,9,14,2751.8708,2732.5026,-2.149471,0.013511,0.010335
399,9,14,2753.7826,2732.5026,-2.108588,-0.005392,-0.007373
400,9,14,2759.9197,2732.5026,-1.998539,0.000886,0.000680
401,9,14,2763.3170,2732.5026,-1.947806,0.001638,0.001259
402,12,12,2792.9809,2840.9567,-1.772443,0.013004,0.009988
403,12,12,2798.9897,2840.9567,-1.830557,0.001080,-0.002699
404,12,12,2806.4885,2840.9567,-1.916046,0.001240,0.000947
405,12,12,2816.5864,2840.9567,-2.066604,0.002073,0.002025
406,12,12,2841.5441,2840.9567,-3.684462,0.001142,0.000927
407,13,11,2857.9411,2860.6751,-3.019665,0.002139,-0.000531
408,11,13,2862.8071,2860.6751,-3.127678,0.007122,0.006116
409,11,13,2864.4990,2860.6751,-2.873968,0.000179,0.000136
410,11,13,2876.2814,2860.6751,-2.263169,0.009843,0.007751
411,11,13,2882.9167,2860.6751,-2.109304,-0.000792,-0.000938
412,11,13,2885.9281,2860.6751,-2.054155,0.000573,0.000447
413,14,10,2900.9657,2919.8296,-2.189724,0.005114,0.003955
414,10,14,2928.5780,2919.8296,-2.523433,0.002467,0.001557
415,10,14,2939.8653,2919.8296,-2.163555,0.002202,0.001756
416,10,14,2942.1529,2919.8296,-2.116599,-0.001963,-0.002847
417,10,14,2947.9178,2919.8296,-2.016835,0.006615,0.005992
418,10,14,2956.3988,2919.8296,-1.902242,0.000342,0.000268
419,9,15,2984.0040,3018.4176,-1.943048,0.002648,0.001820
420,9,15,2987.4922,3018.4176,-1.989463,0.005722,0.003233
421,9,15,2998.7412,3018.4176,-2.185833,0.000876,0.000678
422,9,15,3004.5300,3018.4176,-2.337150,0.008358,0.006406
423,9,15,3015.8049,3018.4176,-3.062681,0.009959,0.009759
424,9,15,3016.8022,3018.4176,-3.271480,0.000265,0.000211
425,15,9,3027.3651,3018.4176,-2.528078,0.003791,0.002158
426,15,9,3032.1167,3018.4176,-2.343087,0.000072,0.000131
427,13,12,3058.5407,3087.4271,-2.028903,0.013526,0.010691
428,13,12,3062.8243,3087.4271,-2.098612,0.012293,0.009797
429,13,12,3071.1412,3087.4271,-2.277785,-0.000414,-0.000496
430,12,13,3106.8231,3087.4271,-2.201885,0.028042,0.025956
431,14,11,3119.0829,3126.8603,-2.604275,0.004688,0.004239
432,11,14,3129.1374,3126.8603,-3.137719,0.000895,0.000720
433,11,14,3136.6863,3126.8603,-2.502731,0.000679,0.000755
434,11,14,3142.9130,3126.8603,-2.289561,0.018389,0.014779
435,11,14,3159.1156,3126.8603,-1.986508,0.008119,0.008315
436,11,14,3163.5004,3126.8603,-1.931152,0.001975,0.001592
437,10,15,3185.7453,3205.7250,-2.205338,0.017293,0.014425
438,10,15,3192.5109,3205.7250,-2.384891,0.002355,0.001898
439,10,15,3194.1303,3205.7250,-2.441668,0.001434,0.001622
440,10,15,3194.4433,3205.7250,-2.453552,0.000847,0.000622
441,10,15,3198.7204,3205.7250,-2.660542,-0.000540,-0.000666
442,15,10,3245.0940,3205.7250,-1.910772,0.000226,0.000117
443,15,10,3258.0393,3205.7250,-1.787306,0.001752,0.001412
444,15,10,3259.9819,3205.7250,-1.771471,0.000271,0.000222
445,15,10,3267.4807,3205.7250,-1.715249,0.002845,0.002330
446,13,13,3298.6513,3333.8752,-1.976112,0.003307,0.002643
447,13,13,3305.4903,3333.8752,-2.069863,0.000057,0.000046
448,13,13,3307.9265,3333.8752,-2.108834,0.001977,0.002152
449,13,13,3319.6060,3333.8752,-2.368551,0.002288,0.001868
450,13,13,3331.5106,3333.8752,-3.149195,0.001315,-0.003050
451,12,14,3354.8388,3353.5900,-3.429043,0.003366,0.002579
452,12,14,3355.2384,3353.5900,-3.308447,0.000005,0.000004
453,12,14,3356.5258,3353.5900,-3.057787,0.000060,0.000048
454,11,15,3389.0770,3412.7338,-2.159146,0.009115,0.007353
455,11,15,3389.5727,3412.7338,-2.168342,0.012173,0.009994
456,15,11,3414.5257,3412.7338,-3.279786,0.004718,0.003944
457,15,11,3424.6958,3412.7338,-2.455300,0.004089,0.003405
458,15,11,3430.2214,3412.7338,-2.290373,-0.000900,-0.000916
459,15,11,3453.2196,3412.7338,-1.925800,0.000116,0.000096
460,15,11,3458.3742,3412.7338,-1.873754,0.000003,0.000002
461,15,11,3485.5427,3412.7338,-1.670918,0.002089,0.001136
462,15,11,3489.8022,3412.7338,-1.646226,0.000168,0.000087
463,15,11,3494.7644,3412.7338,-1.619127,0.007948,0.006869
464,15,11,3503.8969,3412.7338,-1.573283,0.000288,0.000247
465,15,11,3504.9798,3412.7338,-1.568155,-0.000001,-0.000040
466,14,13,3535.6643,3600.0139,-1.747758,0.005744,0.005756
467,14,13,3551.2457,3600.0139,-1.868168,0.001939,0.001589
468,14,13,3565.0402,3600.0139,-2.012563,0.000222,0.000975
469,14,13,3569.0193,3600.0139,-2.065018,0.004168,0.003405
470,14,13,3589.7191,3600.0139,-2.543685,0.000509,0.000415
471,13,14,3604.9512,3600.0139,-2.862812,0.003485,0.001778
472,13,14,3615.9728,3600.0139,-2.353302,0.013505,0.011387
473,13,14,3617.1547,3600.0139,-2.322274,0.000273,0.000218
474,15,12,3621.6978,3639.4397,-2.312036,0.002550,0.001980
475,15,12,3631.7408,3639.4397,-2.674609,0.011255,0.009489
476,12,15,3653.1385,3639.4397,-2.424350,-0.000343,-0.000241
477,12,15,3677.2537,3639.4397,-1.983382,0.002417,0.001381
478,12,15,3685.2898,3639.4397,-1.899693,0.000201,0.000168
479,12,15,3688.4702,3639.4397,-1.870568,0.000322,0.000276
480,12,15,3692.0110,3639.4397,-1.840286,0.008519,0.007294
481,12,15,3718.6863,3639.4397,-1.662054,0.000407,0.000351
482,12,15,3720.0090,3639.4397,-1.654865,0.017591,0.015853
483,12,15,3750.9709,3639.4397,-1.513638,0.002991,0.002592
484,12,15,3751.4135,3639.4397,-1.511918,0.002915,0.002660
485,15,15,90251.1671,4437.6877,1.286399,0.000000,-0.000000
486,15,15,90251.2081,4437.6877,1.286399,0.000000,0.000000
487,15,15,90251.7836,4437.6877,1.286402,0.000000,0.000000
488,15,15,90251.9553,4437.6877,1.286403,0.000000,0.000000
489,15,15,90252.7586,4437.6877,1.286407,0.000000,-0.000000
490,15,15,90253.1322,4437.6877,1.286409,0.000000,0.000000
491,15,15,90254.2223,4437.6877,1.286414,0.000000,0.000000
492,15,15,90254.8756,4437.6877,1.286418,0.000000,0.000000
493,15,15,90256.0684,4437.6877,1.286424,0.000000,0.000000
494,15,15,90257.0505,4437.6877,1.286429,0.000000,-0.000000
495,15,15,90258.4829,4437.6877,1.286436,0.000000,0.000000
496,15,15,90259.8613,4437.6877,1.286443,0.000000,-0.000000
497,15,15,90261.3019,4437.6877,1.286450,-0.000000,0.000000
498,15,15,90263.1074,4437.6877,1.286459,-0.000000,0.000000
499,15,15,90264.7949,4437.6877,1.286468,0.000000,0.000000
500,15,15,90267.0935,4437.6877,1.286479,-0.000000,0.000000
501,15,15,90268.7115,4437.6877,1.286488,-0.000000,0.000000
502,15,15,90271.5235,4437.6877,1.286502,0.000000,0.000000
503,15,15,90273.4343,4437.6877,1.286511,0.000000,0.000000
504,15,15,90276.8314,4437.6877,1.286529,0.000000,0.000000
505,15,15,90278.6018,4437.6877,1.286538,0.000000,0.000000
506,15,15,90282.6012,4437.6877,1.286558,0.000000,-0.000000
507,15,15,90284.7364,4437.6877,1.286569,0.000000,0.000000
508,15,15,90289.4183,4437.6877,1.286592,0.000000,0.000000
509,15,15,90291.3473,4437.6877,1.286602,0.000000,-0.000000
510,15,15,90296.7314,4437.6877,1.286629,0.000000,-0.000000
511,15,15,90299.1135,4437.6877,1.286641,0.000000,0.000000
512,15,15,90305.2878,4437.6877,1.286673,0.000000,0.000000
513,15,15,90307.4084,4437.6877,1.286683,0.000000,0.000000
514,15,15,90314.4009,4437.6877,1.286719,0.000000,-0.000000
515,15,15,90317.0687,4437.6877,1.286732,0.000000,0.000000
516,15,15,90324.9707,4437.6877,1.286772,0.000000,0.000000
517,15,15,90327.3445,4437.6877,1.286784,-0.000000,0.000000
518,15,15,90336.1986,4437.6877,1.286829,-0.000000,-0.000000
519,15,15,90339.2064,4437.6877,1.286844,0.000000,0.000000
520,15,15,90349.0985,4437.6877,1.286894,0.000000,0.000000
521,15,15,90351.8235,4437.6877,1.286908,0.000000,0.000000
522,15,15,90362.8187,4437.6877,1.286963,0.000000,0.000000
523,15,15,90366.2384,4437.6877,1.286981,0.000000,0.000000
524,15,15,90378.4027,4437.6877,1.287042,0.000000,0.000000
525,15,15,90381.6253,4437.6877,1.287059,0.000000,0.000000
526,15,15,90395.0547,4437.6877,1.287126,0.000000,0.000000
527,15,15,90398.9810,4437.6877,1.287146,0.000000,-0.000000
528,15,15,90413.7007,4437.6877,1.287221,0.000000,0.000000
529,15,15,90417.6324,4437.6877,1.287240,0.000000,0.000000
530,15,15,90433.7765,4437.6877,1.287322,0.000000,0.000000
531,15,15,90438.3352,4437.6877,1.287345,0.000000,0.000000
532,15,15,90455.8575,4437.6877,1.287433,0.000000,-0.000000
533,15,15,90460.7969,4437.6877,1.287458,0.000000,0.000000
534,15,15,90479.8714,4437.6877,1.287555,0.000000,0.000000
535,15,15,90485.2353,4437.6877,1.287582,0.000000,0.000000
536,15,15,90505.7027,4437.6877,1.287685,0.000000,0.000000
537,15,15,90512.0634,4437.6877,1.287717,0.000000,0.000000
538,15,15,90534.1240,4437.6877,1.287828,0.000000,0.000000
539,15,15,90540.5400,4437.6877,1.287861,0.000000,-0.000000
540,15,15,90563.8683,4437.6877,1.287978,0.000000,0.000000
541,15,15,90572.2130,4437.6877,1.288021,0.000000,0.000000
542,15,15,90596.9911,4437.6877,1.288145,0.000000,0.000000
543,15,15,90604.8269,4437.6877,1.288185,0.000000,0.000000
544,15,15,90630.5033,4437.6877,1.288314,-0.000000,0.000000
545,15,15,90641.5807,4437.6877,1.288370,-0.000000,0.000000
546,15,15,90668.2242,4437.6877,1.288504,0.000000,0.000000
547,15,15,90678.0384,4437.6877,1.288554,0.000000,0.000000
548,15,15,90704.8273,4437.6877,1.288689,-0.000000,0.000000
549,15,15,90719.5935,4437.6877,1.288763,0.000000,-0.000000
550,15,15,90746.3331,4437.6877,1.288898,0.000000,0.000000
551,15,15,90758.9353,4437.6877,1.288961,0.000000,0.000000
552,15,15,90784.5759,4437.6877,1.289090,0.000000,0.000000
553,15,15,90804.1131,4437.6877,1.289188,0.000000,-0.000000
554,15,15,90828.0700,4437.6877,1.289309,0.000000,0.000000
555,15,15,90844.3912,4437.6877,1.289391,0.000000,0.000000
556,15,15,90865.6767,4437.6877,1.289498,0.000000,0.000000
557,15,15,90890.7151,4437.6877,1.289623,0.000000,-0.000000
558,15,15,90908.5067,4437.6877,1.289713,0.000000,0.000000
559,15,15,90928.7738,4437.6877,1.289815,0.000000,0.000000
560,15,15,90942.8049,4437.6877,1.289885,0.000000,0.000000
561,15,15,90972.3265,4437.6877,1.290033,0.000000,0.000000
562,15,15,90982.1388,4437.6877,1.290082,0.000000,0.000000
563,15,15,91003.9938,4437.6877,1.290192,0.000000,0.000000
564,15,15,91010.5070,4437.6877,1.290225,0.000000,0.000000
565,15,15,91039.9178,4437.6877,1.290372,0.000000,0.000000
566,15,15,91043.3769,4437.6877,1.290390,0.000000,0.000000
567,15,15,91060.9266,4437.6877,1.290478,0.000000,0.000000
568,15,15,91062.7393,4437.6877,1.290487,0.000000,0.000000
569,15,15,91084.6058,4437.6877,1.290596,0.000000,0.000000
570,15,15,91085.1887,4437.6877,1.290599,0.000000,0.000000
571,15,15,91092.4636,4437.6877,1.290636,0.000000,0.000000
572,15,15,91092.6761,4437.6877,1.290637,0.000000,0.000000
573,15,15,127639.9960,4437.6877,1.443462,0.000000,0.000000
574,15,15,127639.9960,4437.6877,1.443462,0.000000,0.000000
575,15,15,127828.7253,4437.6877,1.444127,0.000000,0.000000
576,15,15,127828.7253,4437.6877,1.444127,0.000000,0.000000
577,15,15,6479486.2490,4437.6877,3.164086,-0.000000,-0.000000
578,15,15,6479486.6819,4437.6877,3.164086,0.000000,-0.000000
579,15,15,6479489.8913,4437.6877,3.164087,-0.000000,-0.000000
580,15,15,6479490.3504,4437.6877,3.164087,0.000000,-0.000000
581,15,15,6479675.5712,4437.6877,3.164099,0.000000,0.000000
582,15,15,6479675.5749,4437.6877,3.164099,0.000000,0.000000
583,15,15,6479680.8136,4437.6877,3.164099,-0.000000,-0.000000
584,15,15,6479683.8286,4437.6877,3.164100,-0.000000,0.000000
585,15,15,6479684.1155,4437.6877,3.164100,-0.000000,-0.000000
586,15,15,6479687.0527,4437.6877,3.164100,0.000000,-0.000000
587,15,15,6479690.2938,4437.6877,3.164100,0.000000,-0.000000
588,15,15,6479690.3796,4437.6877,3.164100,0.000000,0.000000
589,15,15,6479868.5925,4437.6877,3.164112,0.000000,0.000000
590,15,15,6479870.0577,4437.6877,3.164112,0.000000,0.000000
591,15,15,6479878.3628,4437.6877,3.164113,0.000000,-0.000000
592,15,15,6479879.5582,4437.6877,3.164113,0.000000,-0.000000
593,15,15,6479925.8928,4437.6877,3.164116,0.000000,-0.000000
594,15,15,6479926.0576,4437.6877,3.164116,0.000000,0.000000
595,15,15,6479928.3828,4437.6877,3.164116,0.000000,0.000000
596,15,15,6479928.9612,4437.6877,3.164116,0.000000,0.000000
597,15,15,6479932.6071,4437.6877,3.164116,-0.000000,0.000000
598,15,15,6479933.9563,4437.6877,3.164116,0.000000,0.000000
599,15,15,6479935.8005,4437.6877,3.164116,0.000000,0.000000
600,15,15,6479935.8662,4437.6877,3.164116,0.000000,-0.000000
601,15,15,6480061.1456,4437.6877,3.164125,0.000000,-0.000000
602,15,15,6480061.2762,4437.6877,3.164125,0.000000,0.000000
603,15,15,6480061.7049,4437.6877,3.164125,0.000000,-0.000000
604,15,15,6480061.7096,4437.6877,3.164125,0.000000,0.000000
605,15,15,6480068.3271,4437.6877,3.164125,0.000000,0.000000
606,15,15,6480068.4730,4437.6877,3.164125,0.000000,0.000000
607,15,15,6480069.1651,4437.6877,3.164125,0.000000,0.000000
608,15,15,6480069.1879,4437.6877,3.164125,0.000000,0.000000
609,15,15,6480084.9592,4437.6877,3.164126,0.000000,0.000000
610,15,15,6480085.4612,4437.6877,3.164126,0.000000,0.000000
611,15,15,6480086.0415,4437.6877,3.164127,0.000000,0.000000
612,15,15,6480086.1376,4437.6877,3.164127,0.000000,0.000000
613,15,15,6480103.7608,4437.6877,3.164128,0.000000,-0.000000
614,15,15,6480103.7781,4437.6877,3.164128,0.000000,0.000000
615,15,15,6480107.1736,4437.6877,3.164128,-0.000000,-0.000000
616,15,15,6480107.5265,4437.6877,3.164128,0.000000,0.000000
617,15,15,6480107.9578,4437.6877,3.164128,0.000000,0.000000
618,15,15,6480108.5583,4437.6877,3.164128,0.000000,0.000000
619,15,15,6480113.0310,4437.6877,3.164128,0.000000,0.000000
620,15,15,6480113.4652,4437.6877,3.164128,-0.000000,0.000000
621,15,15,6480119.1430,4437.6877,3.164129,0.000000,0.000000
622,15,15,6480120.7331,4437.6877,3.164129,0.000000,-0.000000
623,15,15,6480126.4675,4437.6877,3.164129,0.000000,-0.000000
624,15,15,6480128.1496,4437.6877,3.164129,0.000000,0.000000
625,15,15,6480133.2024,4437.6877,3.164130,0.000000,0.000000
626,15,15,6480133.5766,4437.6877,3.164130,0.000000,0.000000
627,15,15,6480133.7086,4437.6877,3.164130,0.000000,0.000000
628,15,15,6480134.7197,4437.6877,3.164130,0.000000,0.000000
629,15,15,6480140.3156,4437.6877,3.164130,0.000000,0.000000
630,15,15,6480140.9167,4437.6877,3.164130,0.000000,-0.000000
631,15,15,6480144.3516,4437.6877,3.164130,-0.000000,-0.000000
632,15,15,6480146.0100,4437.6877,3.164131,0.000000,0.000000
633,15,15,6480155.7202,4437.6877,3.164131,0.000000,0.000000
634,15,15,6480156.2729,4437.6877,3.164131,0.000000,-0.000000
635,15,15,6480156.8577,4437.6877,3.164131,0.000000,-0.000000
636,15,15,6480157.3496,4437.6877,3.164131,0.000000,-0.000000
637,15,15,6480176.6216,4437.6877,3.164133,0.000000,0.000000
638,15,15,6480176.7098,4437.6877,3.164133,0.000000,-0.000000
639,15,15,6480177.9775,4437.6877,3.164133,0.000000,0.000000
640,15,15,6480178.0060,4437.6877,3.164133,0.000000,0.000000
641,15,15,6480214.8228,4437.6877,3.164135,0.000000,-0.000000
642,15,15,6480215.1130,4437.6877,3.164135,0.000000,0.000000
643,15,15,6480216.2415,4437.6877,3.164135,-0.000000,-0.000000
644,15,15,6480216.2457,4437.6877,3.164135,0.000000,0.000000
645,15,15,6480237.5570,4437.6877,3.164137,0.000000,0.000000
646,15,15,6480237.5920,4437.6877,3.164137,0.000000,-0.000000
647,15,15,6480237.8711,4437.6877,3.164137,0.000000,-0.000000
648,15,15,6480238.4706,4437.6877,3.164137,0.000000,0.000000
649,15,15,6480241.8107,4437.6877,3.164137,0.000000,0.000000
650,15,15,6480241.8713,4437.6877,3.164137,0.000000,-0.000000
651,15,15,6480247.2068,4437.6877,3.164137,0.000000,0.000000
652,15,15,6480247.3120,4437.6877,3.164137,0.000000,-0.000000
653,15,15,6480247.4469,4437.6877,3.164137,0.000000,-0.000000
654,15,15,6480247.4659,4437.6877,3.164137,0.000000,0.000000
655,15,15,6480247.4879,4437.6877,3.164137,0.000000,0.000000
656,15,15,6480247.5902,4437.6877,3.164137,0.000000,0.000000
657,15,15,6480249.8254,4437.6877,3.164138,0.000000,-0.000000
658,15,15,6480250.0529,4437.6877,3.164138,0.000000,-0.000000
659,15,15,6480252.9526,4437.6877,3.164138,0.016150,4.046561
660,15,15,6480252.9732,4437.6877,3.164138,-0.000004,3.346318
661,15,15,6480252.9889,4437.6877,3.164138,0.018295,4.076857
662,15,15,6480253.0215,4437.6877,3.164138,0.006566,3.860850
663,15,15,6480254.8215,4437.6877,3.164138,-0.000000,-0.000000
664,15,15,6480255.8323,4437.6877,3.164138,0.000000,0.000000
665,15,15,6480265.3086,4437.6877,3.164139,0.000000,0.000000
666,15,15,6480265.4315,4437.6877,3.164139,-0.000000,-0.000000
667,15,15,6480271.3816,4437.6877,3.164139,0.000000,0.000000
668,15,15,6480271.8554,4437.6877,3.164139,0.000000,0.000000
669,15,15,6480287.9672,4437.6877,3.164140,-0.000000,-0.000000
670,15,15,6480288.1362,4437.6877,3.164140,0.000000,-0.000000
671,15,15,6480292.7390,4437.6877,3.164140,0.000000,0.000000
672,15,15,6480295.1194,4437.6877,3.164141,0.000000,0.000000
673,15,15,6480313.9640,4437.6877,3.164142,0.000000,0.000000
674,15,15,6480314.1579,4437.6877,3.164142,0.000000,0.000000
675,15,15,6480317.5544,4437.6877,3.164142,0.000000,0.000000
676,15,15,6480318.7721,4437.6877,3.164142,0.000000,-0.000000
677,15,15,6480319.0050,4437.6877,3.164142,0.000000,0.000000
678,15,15,6480319.9386,4437.6877,3.164142,0.000000,0.000000
679,15,15,6480321.8600,4437.6877,3.164142,0.000000,-0.000000
680,15,15,6480322.1353,4437.6877,3.164142,0.000000,0.000000
681,15,15,6480332.2845,4437.6877,3.164143,0.000000,0.000000
682,15,15,6480333.9864,4437.6877,3.164143,0.000000,0.000000
683,15,15,6480336.2637,4437.6877,3.164143,0.000000,0.000000
684,15,15,6480336.5348,4437.6877,3.164143,0.000000,0.000000
685,15,15,6480353.6261,4437.6877,3.164144,-0.000000,-0.000000
686,15,15,6480355.0953,4437.6877,3.164145,0.000000,-0.000000
687,15,15,6480356.3091,4437.6877,3.164145,0.000000,-0.000000
688,15,15,6480357.2686,4437.6877,3.164145,0.000000,0.000000
689,15,15,6480359.3317,4437.6877,3.164145,0.000000,0.000000
690,15,15,6480362.1344,4437.6877,3.164145,0.000000,0.000000
691,15,15,6480363.4640,4437.6877,3.164145,0.000000,0.000000
692,15,15,6480367.7001,4437.6877,3.164145,0.000000,0.000000
693,15,15,6480393.4925,4437.6877,3.164147,0.000000,0.000000
694,15,15,6480394.2811,4437.6877,3.164147,0.000000,0.000000
695,15,15,6480399.4074,4437.6877,3.164148,0.000000,0.000000
696,15,15,6480399.6889,4437.6877,3.164148,0.000000,0.000000
697,15,15,6480410.5815,4437.6877,3.164148,0.000000,0.000000
698,15,15,6480410.7118,4437.6877,3.164148,0.000000,0.000000
699,15,15,6480411.3503,4437.6877,3.164148,-0.000000,-0.000000
700,15,15,6480413.6460,4437.6877,3.164148,0.000000,-0.000000
701,15,15,6480417.0464,4437.6877,3.164149,0.000000,0.000000
702,15,15,6480420.2427,4437.6877,3.164149,0.000000,0.000000
703,15,15,6480421.2609,4437.6877,3.164149,0.000000,0.000000
704,15,15,6480422.9377,4437.6877,3.164149,0.000000,0.000000
705,15,15,6480428.3363,4437.6877,3.164149,-0.000000,-0.000000
706,15,15,6480429.8377,4437.6877,3.164150,0.000000,0.000000
707,15,15,6480430.6051,4437.6877,3.164150,0.000000,-0.000000
708,15,15,6480430.7278,4437.6877,3.164150,0.000000,0.000000
709,15,15,6480434.4566,4437.6877,3.164150,0.000000,0.000000
710,15,15,6480434.5882,4437.6877,3.164150,0.000000,0.000000
711,15,15,6480435.6348,4437.6877,3.164150,0.000000,0.000000
712,15,15,6480436.4235,4437.6877,3.164150,0.000000,0.000000
713,15,15,6480478.1820,4437.6877,3.164153,-0.000000,-0.000000
714,15,15,6480478.5339,4437.6877,3.164153,0.000000,-0.000000
715,15,15,6480485.8665,4437.6877,3.164153,0.000000,-0.000000
716,15,15,6480486.5973,4437.6877,3.164153,0.000000,-0.000000
717,15,15,6480493.7245,4437.6877,3.164154,0.000000,-0.000000
718,15,15,6480493.8256,4437.6877,3.164154,0.000000,0.000000
719,15,15,6480498.7930,4437.6877,3.164154,0.000000,0.000000
720,15,15,6480501.2872,4437.6877,3.164154,0.000000,0.000000
721,15,15,6480501.3434,4437.6877,3.164154,0.000000,0.000000
722,15,15,6480502.5435,4437.6877,3.164154,0.000000,0.000000
723,15,15,6480515.8300,4437.6877,3.164155,0.000000,0.000000
724,15,15,6480515.9144,4437.6877,3.164155,0.000000,0.000000
725,15,15,6480524.0220,4437.6877,3.164156,0.000000,-0.000000
726,15,15,6480525.3179,4437.6877,3.164156,-0.000000,-0.000000
727,15,15,6480534.2876,4437.6877,3.164157,0.000000,-0.000000
728,15,15,6480537.4358,4437.6877,3.164157,0.000000,0.000000
729,15,15,6480546.8006,4437.6877,3.164157,0.000000,0.000000
730,15,15,6480547.6020,4437.6877,3.164157,0.000000,0.000000
731,15,15,6480549.3093,4437.6877,3.164158,0.000000,0.000000
732,15,15,6480551.4973,4437.6877,3.164158,0.000000,-0.000000
733,15,15,6480552.2003,4437.6877,3.164158,0.000000,-0.000000
734,15,15,6480553.3419,4437.6877,3.164158,-0.000000,0.000000
735,15,15,6480554.1619,4437.6877,3.164158,0.000000,0.000000
736,15,15,6480557.1281,4437.6877,3.164158,0.000000,-0.000000
737,15,15,6480562.6442,4437.6877,3.164158,0.000000,0.000000
738,15,15,6480571.7143,4437.6877,3.164159,0.000000,-0.000000
739,15,15,6480572.9205,4437.6877,3.164159,0.000000,-0.000000
740,15,15,6480573.8852,4437.6877,3.164159,0.000000,0.000000
741,15,15,6480589.6417,4437.6877,3.164160,0.000000,0.000000
742,15,15,6480590.9335,4437.6877,3.164160,0.000000,0.000000
743,15,15,6480592.7257,4437.6877,3.164161,0.000000,0.000000
744,15,15,6480599.2531,4437.6877,3.164161,0.000000,-0.000000
745,15,15,6480603.2747,4437.6877,3.164161,0.000000,0.000000
746,15,15,6480603.7947,4437.6877,3.164161,0.000000,0.000000
747,15,15,6480609.7969,4437.6877,3.164162,0.000000,0.000000
748,15,15,6480613.2989,4437.6877,3.164162,0.000000,0.000000
749,15,15,6480627.5020,4437.6877,3.164163,0.000000,-0.000000
750,15,15,6480627.7484,4437.6877,3.164163,0.000000,0.000000
751,15,15,6480636.7903,4437.6877,3.164163,0.000000,-0.000000
752,15,15,6480637.2685,4437.6877,3.164163,0.000000,-0.000000
753,15,15,6480652.7465,4437.6877,3.164165,0.000000,-0.000000
754,15,15,6480653.2153,4437.6877,3.164165,-0.000000,-0.000000
755,15,15,6480657.4956,4437.6877,3.164165,0.000000,0.000000
756,15,15,6480657.6799,4437.6877,3.164165,0.000000,-0.000000
757,15,15,6480660.9512,4437.6877,3.164165,0.000000,-0.000000
758,15,15,6480661.6001,4437.6877,3.164165,0.000000,0.000000
759,15,15,6480662.6617,4437.6877,3.164165,0.000000,-0.000000
760,15,15,6480663.9187,4437.6877,3.164165,0.000000,0.000000
761,15,15,6480669.0480,4437.6877,3.164166,0.000000,0.000000
762,15,15,6480669.8916,4437.6877,3.164166,0.000000,0.000000
763,15,15,6480671.3324,4437.6877,3.164166,0.000000,0.000000
764,15,15,6480671.9813,4437.6877,3.164166,-0.000000,0.000000
765,15,15,6480708.2203,4437.6877,3.164168,0.000000,-0.000000
766,15,15,6480708.2222,4437.6877,3.164168,0.000000,0.000000
767,15,15,6480714.0289,4437.6877,3.164169,0.000000,0.000000
768,15,15,6480714.8722,4437.6877,3.164169,0.000000,0.000000
769,15,15,6480715.2832,4437.6877,3.164169,0.000000,-0.000000
770,15,15,6480716.6233,4437.6877,3.164169,0.000000,0.000000
771,15,15,6480720.8231,4437.6877,3.164169,0.000000,-0.000000
772,15,15,6480721.5862,4437.6877,3.164169,0.000000,0.000000
773,15,15,6480730.5895,4437.6877,3.164170,0.000000,-0.000000
774,15,15,6480730.7424,4437.6877,3.164170,0.000000,0.000000
775,15,15,6480732.3686,4437.6877,3.164170,0.000000,0.000000
776,15,15,6480736.5944,4437.6877,3.164170,0.000000,0.000000
777,15,15,6480746.1801,4437.6877,3.164171,0.000000,-0.000000
778,15,15,6480747.3878,4437.6877,3.164171,0.000000,0.000000
779,15,15,6480750.7707,4437.6877,3.164171,0.000000,0.000000
780,15,15,6480750.7798,4437.6877,3.164171,0.000000,0.000000
781,15,15,6480752.9526,4437.6877,3.164171,0.000000,0.000000
782,15,15,6480754.0700,4437.6877,3.164171,0.000000,0.000000
783,15,15,6480754.7468,4437.6877,3.164171,0.000000,-0.000000
784,15,15,6480755.1610,4437.6877,3.164171,0.000000,0.000000
785,15,15,6480756.0495,4437.6877,3.164171,0.000000,0.000000
786,15,15,6480757.0811,4437.6877,3.164172,0.000000,0.000000
787,15,15,6480758.4289,4437.6877,3.164172,0.000000,-0.000000
788,15,15,6480761.4164,4437.6877,3.164172,0.000000,0.000000
789,15,15,6480761.7180,4437.6877,3.164172,0.000000,0.000000
790,15,15,6480762.4067,4437.6877,3.164172,0.000000,0.000000
791,15,15,6480764.5100,4437.6877,3.164172,0.000000,0.000000
792,15,15,6480770.3286,4437.6877,3.164172,0.000000,0.000000
793,15,15,6480771.2057,4437.6877,3.164172,-0.000000,-0.000000
794,15,15,6480776.6287,4437.6877,3.164173,0.000000,0.000000
795,15,15,6480776.6481,4437.6877,3.164173,0.000000,0.000000
796,15,15,6480780.9621,4437.6877,3.164173,0.000000,-0.000000
797,15,15,6480781.2505,4437.6877,3.164173,0.000000,0.000000
798,15,15,6480782.2507,4437.6877,3.164173,0.000000,0.000000
799,15,15,6480782.8143,4437.6877,3.164173,0.000000,-0.000000
800,15,15,6480784.3250,4437.6877,3.164173,0.000000,0.000000
801,15,15,6480785.7251,4437.6877,3.164173,0.000000,0.000000
802,15,15,6480786.9721,4437.6877,3.164174,0.000000,-0.000000
803,15,15,6480789.8214,4437.6877,3.164174,0.000000,0.000000
804,15,15,6480789.9834,4437.6877,3.164174,0.000000,0.000000
805,15,15,6480790.4064,4437.6877,3.164174,0.000000,-0.000000
806,15,15,6480794.2748,4437.6877,3.164174,0.000000,0.000000
807,15,15,6480794.3504,4437.6877,3.164174,0.000000,0.000000
808,15,15,6480796.3391,4437.6877,3.164174,0.000000,-0.000000
809,15,15,6480797.9751,4437.6877,3.164174,0.000000,0.000000
810,15,15,6480805.5502,4437.6877,3.164175,0.000000,-0.000000
811,15,15,6480806.8207,4437.6877,3.164175,0.000000,0.000000
812,15,15,6480808.8906,4437.6877,3.164175,0.000000,-0.000000
813,15,15,6480813.7539,4437.6877,3.164175,0.000000,0.000000
814,15,15,6480813.9329,4437.6877,3.164175,0.000000,-0.000000
815,15,15,6480814.0993,4437.6877,3.164175,0.000000,0.000000
816,15,15,6480815.2922,4437.6877,3.164175,0.000000,0.000000
817,15,15,6480815.7898,4437.6877,3.164175,0.000000,0.000000
818,15,15,6480817.0604,4437.6877,3.164176,0.000000,0.000000
819,15,15,6480818.2865,4437.6877,3.164176,0.000000,0.000000
820,15,15,6480818.9231,4437.6877,3.164176,0.000000,-0.000000
821,15,15,6480819.5464,4437.6877,3.164176,0.000000,-0.000000
822,15,15,6480821.6590,4437.6877,3.164176,0.000000,0.000000
823,15,15,6480821.9556,4437.6877,3.164176,0.000000,-0.000000
824,15,15,6480824.1030,4437.6877,3.164176,0.000000,0.000000
825,15,15,6480824.3190,4437.6877,3.164176,0.000000,0.000000
826,15,15,6480828.2449,4437.6877,3.164176,0.000000,0.000000
827,15,15,6480828.6404,4437.6877,3.164176,0.000000,0.000000
828,15,15,6480829.4191,4437.6877,3.164176,0.000000,0.000000
829,15,15,6480831.9140,4437.6877,3.164177,0.000000,0.000000
830,15,15,6480832.1541,4437.6877,3.164177,0.000000,0.000000
831,15,15,6480833.7283,4437.6877,3.164177,0.000000,0.000000
832,15,15,6480839.9793,4437.6877,3.164177,0.000000,-0.000000
833,15,15,6480843.8598,4437.6877,3.164177,0.000000,0.000000
834,15,15,6480844.5333,4437.6877,3.164177,0.000000,0.000000
835,15,15,6480845.2222,4437.6877,3.164177,0.000000,-0.000000
836,15,15,6480845.2810,4437.6877,3.164177,0.000000,-0.000000
837,15,15,6480845.9129,4437.6877,3.164177,0.000000,0.000000
838,15,15,6480847.0933,4437.6877,3.164178,0.000000,0.000000
839,15,15,6480847.6583,4437.6877,3.164178,0.000000,0.000000
840,15,15,6480848.1747,4437.6877,3.164178,0.000000,-0.000000
841,15,15,6480848.6294,4437.6877,3.164178,0.000000,-0.000000
842,15,15,6480849.8167,4437.6877,3.164178,0.000000,0.000000
843,15,15,6480850.0124,4437.6877,3.164178,0.000000,-0.000000
844,15,15,6480850.8543,4437.6877,3.164178,-0.000000,0.000000
845,15,15,6480851.1385,4437.6877,3.164178,0.000000,0.000000
846,15,15,6480851.8151,4437.6877,3.164178,0.000000,-0.000000
847,15,15,6480853.3577,4437.6877,3.164178,0.000000,-0.000000
848,15,15,6480853.6678,4437.6877,3.164178,0.000000,0.000000
849,15,15,6480855.0095,4437.6877,3.164178,0.000000,-0.000000
850,15,15,6480855.8433,4437.6877,3.164178,-0.000000,0.000000
851,15,15,6480859.0664,4437.6877,3.164178,-0.000000,-0.000000
852,15,15,6480859.3084,4437.6877,3.164178,0.000000,0.000000
853,15,15,6480859.4944,4437.6877,3.164178,0.000000,0.000000
854,15,15,6480859.5242,4437.6877,3.164178,0.000000,-0.000000
855,15,15,6480862.3576,4437.6877,3.164179,0.000000,0.000000
856,15,15,6480865.7554,4437.6877,3.164179,0.000000,0.000000
857,15,15,6480867.6106,4437.6877,3.164179,0.000000,0.000000
858,15,15,6480867.7418,4437.6877,3.164179,0.000000,0.000000
859,15,15,6480869.9070,4437.6877,3.164179,0.000000,0.000000
860,15,15,6480870.6816,4437.6877,3.164179,0.000000,0.000000
861,15,15,6480871.1741,4437.6877,3.164179,0.000000,0.000000
862,15,15,6480871.3411,4437.6877,3.164179,0.000000,-0.000000
863,15,15,6480871.4504,4437.6877,3.164179,0.000000,-0.000000
864,15,15,6480872.6353,4437.6877,3.164179,0.000000,0.000000
865,15,15,6480872.6776,4437.6877,3.164179,0.000000,0.000000
866,15,15,6480873.9935,4437.6877,3.164179,0.000000,-0.000000
867,15,15,6480874.2170,4437.6877,3.164179,0.000000,0.000000
868,15,15,6480874.4002,4437.6877,3.164179,-0.000000,-0.000000
869,15,15,6480874.5315,4437.6877,3.164179,0.000000,0.000000
870,15,15,6480875.3229,4437.6877,3.164179,-0.000000,-0.000000
871,15,15,6480875.8824,4437.6877,3.164179,0.000000,0.000000
872,15,15,6480876.1530,4437.6877,3.164180,0.000000,-0.000000
873,15,15,6480877.0330,4437.6877,3.164180,0.000000,0.000000
874,15,15,6480877.3468,4437.6877,3.164180,-0.000000,-0.000000
875,15,15,6480878.2450,4437.6877,3.164180,0.000000,0.000000
876,15,15,6480878.8503,4437.6877,3.164180,0.000000,0.000000
877,15,15,6480880.1627,4437.6877,3.164180,0.000000,-0.000000
878,15,15,6480881.7146,4437.6877,3.164180,0.000000,0.000000
879,15,15,6480882.1147,4437.6877,3.164180,-0.000000,-0.000000
880,15,15,6480884.3281,4437.6877,3.164180,0.000000,0.000000
881,15,15,6480884.3793,4437.6877,3.164180,0.000000,-0.000000
882,15,15,6480887.7877,4437.6877,3.164180,0.000000,0.000000
883,15,15,6480889.0088,4437.6877,3.164180,0.000000,-0.000000
884,15,15,6480889.4336,4437.6877,3.164180,0.000000,0.000000
885,15,15,6480890.3650,4437.6877,3.164180,0.000000,0.000000
886,15,15,6480890.5881,4437.6877,3.164180,-0.000000,-0.000000
887,15,15,6480890.8125,4437.6877,3.164180,0.000000,-0.000000
888,15,15,6480891.0948,4437.6877,3.164181,0.000000,0.000000
889,15,15,6480891.2274,4437.6877,3.164181,0.000000,-0.000000
890,15,15,6480896.4679,4437.6877,3.164181,0.000000,0.000000
891,15,15,6480898.0226,4437.6877,3.164181,0.000000,0.000000
892,15,15,6480901.8591,4437.6877,3.164181,-0.000000,-0.000000
893,15,15,6480902.0507,4437.6877,3.164181,0.000000,-0.000000
894,15,15,6480902.0628,4437.6877,3.164181,-0.000000,-0.000000
895,15,15,6480903.3572,4437.6877,3.164181,0.000000,0.000000
896,15,15,6480906.6953,4437.6877,3.164182,-0.000000,-0.000000
897,15,15,6480906.9980,4437.6877,3.164182,0.000000,0.000000
898,15,15,6480912.7432,4437.6877,3.164182,0.000000,0.000000
899,15,15,6480912.9829,4437.6877,3.164182,0.000000,0.000000
900,15,15,6480914.1922,4437.6877,3.164182,0.000000,0.000000
901,15,15,6480914.2440,4437.6877,3.164182,0.000000,0.000000
902,15,15,6480915.2308,4437.6877,3.164182,0.000000,0.000000
903,15,15,6480916.0126,4437.6877,3.164182,0.000000,0.000000
904,15,15,6480916.3723,4437.6877,3.164182,0.000000,0.000000
905,15,15,6480918.6705,4437.6877,3.164182,0.000000,-0.000000
906,15,15,6480924.4975,4437.6877,3.164183,0.000000,0.000000
907,15,15,6480925.8765,4437.6877,3.164183,-0.000000,-0.000000
908,15,15,6480928.8791,4437.6877,3.164183,0.000000,-0.000000
909,15,15,6480929.0143,4437.6877,3.164183,0.000000,-0.000000
910,15,15,6480931.8045,4437.6877,3.164183,0.000000,0.000000
911,15,15,6480936.2967,4437.6877,3.164184,0.000000,0.000000
912,15,15,6480939.7735,4437.6877,3.164184,0.000000,0.000000
913,15,15,6480941.9264,4437.6877,3.164184,0.000000,-0.000000
914,15,15,6480942.2069,4437.6877,3.164184,0.000000,0.000000
915,15,15,6480943.7804,4437.6877,3.164184,0.000000,-0.000000
916,15,15,6480943.8525,4437.6877,3.164184,0.000000,0.000000
917,15,15,6480944.6539,4437.6877,3.164184,0.000000,0.000000
918,15,15,6480944.7311,4437.6877,3.164184,0.000000,-0.000000
919,15,15,6480947.0364,4437.6877,3.164184,-0.000000,-0.000000
920,15,15,6480947.9799,4437.6877,3.164184,0.000000,0.000000
921,15,15,6480959.1200,4437.6877,3.164185,0.000000,-0.000000
922,15,15,6480959.5198,4437.6877,3.164185,0.000000,0.000000
923,15,15,6480963.2803,4437.6877,3.164185,0.000000,0.000000
924,15,15,6480965.5024,4437.6877,3.164186,0.000000,0.000000
925,15,15,6480968.0624,4437.6877,3.164186,0.000000,-0.000000
926,15,15,6480969.4599,4437.6877,3.164186,0.000000,0.000000
927,15,15,6480970.4150,4437.6877,3.164186,0.000000,0.000000
928,15,15,6480973.1228,4437.6877,3.164186,0.000000,-0.000000
929,15,15,6480979.9368,4437.6877,3.164186,0.000000,0.000000
930,15,15,6480980.2514,4437.6877,3.164186,0.000000,0.000000
931,15,15,6480981.4656,4437.6877,3.164187,0.000000,0.000000
932,15,15,6480981.9238,4437.6877,3.164187,0.000000,0.000000
933,15,15,6480986.8612,4437.6877,3.164187,0.000000,0.000000
934,15,15,6480987.4560,4437.6877,3.164187,0.000000,-0.000000
935,15,15,6480989.5084,4437.6877,3.164187,0.000000,-0.000000
936,15,15,6480990.0996,4437.6877,3.164187,0.000000,-0.000000
937,15,15,6480990.3121,4437.6877,3.164187,-0.000000,-0.000000
938,15,15,6480991.8972,4437.6877,3.164187,0.000000,0.000000
939,15,15,6480993.2205,4437.6877,3.164187,0.000000,0.000000
940,15,15,6480993.2653,4437.6877,3.164187,0.000000,0.000000
941,15,15,6480993.7263,4437.6877,3.164187,0.000000,0.000000
942,15,15,6480994.0248,4437.6877,3.164187,0.000000,0.000000
943,15,15,6480994.5458,4437.6877,3.164187,0.000000,0.000000
944,15,15,6480994.7179,4437.6877,3.164187,0.000000,-0.000000
945,15,15,6480995.1312,4437.6877,3.164187,0.000000,0.000000
946,15,15,6480996.9780,4437.6877,3.164188,0.000000,0.000000
947,15,15,6480998.1886,4437.6877,3.164188,0.000000,0.000000
948,15,15,6481001.6195,4437.6877,3.164188,0.000000,0.000000
949,15,15,6481003.6141,4437.6877,3.164188,0.000000,0.000000
950,15,15,6481004.2723,4437.6877,3.164188,0.000000,0.000000
951,15,15,6481006.6479,4437.6877,3.164188,-0.000000,-0.000000
952,15,15,6481008.3837,4437.6877,3.164188,0.000000,0.000000
953,15,15,6481010.8972,4437.6877,3.164189,0.000000,0.000000
954,15,15,6481011.3083,4437.6877,3.164189,0.000000,-0.000000
955,15,15,6481011.5306,4437.6877,3.164189,0.000000,0.000000
956,15,15,6481015.3637,4437.6877,3.164189,0.000000,0.000000
957,15,15,6481028.1056,4437.6877,3.164190,0.000000,0.000000
958,15,15,6481030.2182,4437.6877,3.164190,0.000000,-0.000000
959,15,15,6481032.3119,4437.6877,3.164190,0.000000,-0.000000
960,15,15,6481044.7207,4437.6877,3.164191,0.000000,0.000000
961,15,15,6481045.0793,4437.6877,3.164191,0.000000,0.000000
962,15,15,6481047.4414,4437.6877,3.164191,0.000000,0.000000
963,15,15,6481060.2552,4437.6877,3.164192,0.000000,0.000000
964,15,15,6481061.0153,4437.6877,3.164192,-0.000000,0.000000
965,15,15,6481062.0094,4437.6877,3.164192,0.000000,-0.000000
966,15,15,6481064.9112,4437.6877,3.164192,0.000000,0.000000
967,15,15,6481082.4021,4437.6877,3.164193,0.000000,-0.000000
968,15,15,6481085.7869,4437.6877,3.164194,0.000000,-0.000000
969,15,15,6481086.4157,4437.6877,3.164194,0.000000,0.000000
970,15,15,6481090.2524,4437.6877,3.164194,0.000000,-0.000000
971,15,15,6481090.6109,4437.6877,3.164194,0.000000,0.000000
972,15,15,6481101.9582,4437.6877,3.164195,0.000000,0.000000
973,15,15,6481105.5219,4437.6877,3.164195,0.000000,0.000000
974,15,15,6481107.8025,4437.6877,3.164195,0.000000,0.000000
975,15,15,6481110.1577,4437.6877,3.164195,0.000000,0.000000
976,15,15,6481113.0420,4437.6877,3.164195,0.000000,0.000000
977,15,15,6481114.6756,4437.6877,3.164196,0.000000,0.000000
978,15,15,6481115.1899,4437.6877,3.164196,0.000000,0.000000
979,15,15,6481120.3145,4437.6877,3.164196,0.000000,-0.000000
980,15,15,6481120.6153,4437.6877,3.164196,0.000000,0.000000
981,15,15,6481130.5968,4437.6877,3.164197,-0.000000,-0.000000
982,15,15,6481136.2694,4437.6877,3.164197,0.000000,0.000000
983,15,15,6481141.2315,4437.6877,3.164197,0.000000,0.000000
984,15,15,6481143.5267,4437.6877,3.164197,0.000000,0.000000
985,15,15,6481144.9554,4437.6877,3.164198,0.000000,0.000000
986,15,15,6481165.5617,4437.6877,3.164199,0.000000,0.000000
987,15,15,6481168.6282,4437.6877,3.164199,-0.000000,-0.000000
988,15,15,6481189.0997,4437.6877,3.164200,0.000000,0.000000
989,15,15,6481191.0513,4437.6877,3.164201,-0.000000,-0.000000
990,15,15,6481193.4303,4437.6877,3.164201,0.000000,0.000000
991,15,15,6481207.2237,4437.6877,3.164202,0.000000,0.000000
992,15,15,6481210.7159,4437.6877,3.164202,-0.000000,-0.000000
993,15,15,6481218.6993,4437.6877,3.164202,-0.000000,-0.000000
994,15,15,6481221.3181,4437.6877,3.164203,0.000000,0.000000
995,15,15,6481223.7568,4437.6877,3.164203,0.000000,0.000000
996,15,15,6481227.6054,4437.6877,3.164203,0.000000,0.000000
997,15,15,6481231.1463,4437.6877,3.164203,0.000000,0.000000
998,15,15,6481232.4136,4437.6877,3.164203,0.000000,0.000000
999,15,15,6481239.2500,4437.6877,3.164204,0.000000,0.000000
1000,15,15,6481245.0734,4437.6877,3.164204,0.000000,0.000000
1001,15,15,6481257.6096,4437.6877,3.164205,0.000000,-0.000000
1002,15,15,6481259.0642,4437.6877,3.164205,0.000000,0.000000
1003,15,15,6481259.2692,4437.6877,3.164205,0.000000,0.000000
1004,15,15,6481282.2147,4437.6877,3.164207,0.000000,0.000000
1005,15,15,6481282.2184,4437.6877,3.164207,0.000000,0.000000
1006,15,15,6481284.8954,4437.6877,3.164207,0.000000,0.000000
1007,15,15,6481296.1604,4437.6877,3.164208,0.000000,0.000000
1008,15,15,6481303.0170,4437.6877,3.164208,0.000000,0.000000
1009,15,15,6481304.8776,4437.6877,3.164208,0.000000,0.000000
1010,15,15,6481305.7458,4437.6877,3.164208,0.000000,-0.000000
1011,15,15,6481309.2593,4437.6877,3.164209,0.000000,-0.000000
1012,15,15,6481310.0867,4437.6877,3.164209,0.000000,-0.000000
1013,15,15,6481310.1935,4437.6877,3.164209,0.000000,-0.000000
1014,15,15,6481311.6123,4437.6877,3.164209,0.000000,0.000000
1015,15,15,6481316.3368,4437.6877,3.164209,-0.000000,-0.000000
1016,15,15,6481317.1102,4437.6877,3.164209,0.000000,0.000000
1017,15,15,6481318.9097,4437.6877,3.164209,-0.000000,-0.000000
1018,15,15,6481320.0338,4437.6877,3.164209,0.000000,0.000000
1019,15,15,6481322.4910,4437.6877,3.164209,0.000000,0.000000
1020,15,15,6481330.3780,4437.6877,3.164210,0.000000,0.000000
1021,15,15,6481338.2063,4437.6877,3.164210,-0.000000,-0.000000
1022,15,15,6481341.0980,4437.6877,3.164211,0.000000,0.000000
1023,15,15,6481350.8315,4437.6877,3.164211,0.000000,-0.000000
1024,15,15,6481354.3283,4437.6877,3.164212,0.000000,0.000000
1025,15,15,6481359.0604,4437.6877,3.164212,0.000000,0.000000
1026,15,15,6481361.0515,4437.6877,3.164212,0.000000,-0.000000
1027,15,15,6481363.2590,4437.6877,3.164212,-0.000000,-0.000000
1028,15,15,6481364.6684,4437.6877,3.164212,-0.000000,-0.000000
1029,15,15,6481371.6292,4437.6877,3.164213,0.000000,0.000000
1030,15,15,6481376.7348,4437.6877,3.164213,0.000000,0.000000
1031,15,15,6481377.0895,4437.6877,3.164213,0.000000,0.000000
1032,15,15,6481381.4790,4437.6877,3.164213,-0.000000,0.000000
1033,15,15,6481384.9413,4437.6877,3.164214,0.000000,0.000000
1034,15,15,6481388.2085,4437.6877,3.164214,0.000000,0.000000
1035,15,15,6481395.5177,4437.6877,3.164214,0.000000,0.000000
1036,15,15,6481411.0473,4437.6877,3.164215,0.000000,0.000000
1037,15,15,6481413.5819,4437.6877,3.164216,-0.000000,-0.000000
1038,15,15,6481414.8251,4437.6877,3.164216,0.000000,0.000000
1039,15,15,6481423.4847,4437.6877,3.164216,0.001026,3.096764
1040,15,15,6481423.5714,4437.6877,3.164216,0.036183,3.777457
1041,15,15,6481428.1716,4437.6877,3.164217,0.000000,0.000000
1042,15,15,6481432.3390,4437.6877,3.164217,0.000000,-0.000000
1043,15,15,6481445.1544,4437.6877,3.164218,0.000000,0.000000
1044,15,15,6481450.0497,4437.6877,3.164218,0.000000,0.000000
1045,15,15,6481455.8628,4437.6877,3.164218,0.000000,-0.000000
1046,15,15,6481455.9924,4437.6877,3.164218,0.000000,0.000000
1047,15,15,6481461.6077,4437.6877,3.164219,0.000000,0.000000
1048,15,15,6481462.7744,4437.6877,3.164219,-0.000000,0.000000
1049,15,15,6481463.4831,4437.6877,3.164219,0.000000,0.000000
1050,15,15,6481464.6795,4437.6877,3.164219,0.000000,-0.000000
1051,15,15,6481479.7076,4437.6877,3.164220,-0.000000,-0.000000
1052,15,15,6481495.1721,4437.6877,3.164221,0.000000,0.000000
1053,15,15,6481500.3884,4437.6877,3.164221,-0.000000,-0.000000
1054,15,15,6481504.5117,4437.6877,3.164222,0.000000,0.000000
1055,15,15,6481508.5902,4437.6877,3.164222,0.000000,-0.000000
1056,15,15,6481510.6785,4437.6877,3.164222,-0.000000,-0.000000
1057,15,15,6481512.1098,4437.6877,3.164222,0.000000,-0.000000
1058,15,15,6481525.2633,4437.6877,3.164223,0.000000,0.000000
1059,15,15,6481537.4379,4437.6877,3.164224,0.000000,0.000000
1060,15,15,6481541.4596,4437.6877,3.164224,0.000000,0.000000
1061,15,15,6481543.9633,4437.6877,3.164224,-0.000000,-0.000000
1062,15,15,6481544.8166,4437.6877,3.164224,0.000000,0.000000
1063,15,15,6481555.3777,4437.6877,3.164225,0.000000,0.000000
1064,15,15,6481569.6659,4437.6877,3.164226,-0.000000,-0.000000
1065,15,15,6481585.3988,4437.6877,3.164227,0.000000,0.000000
1066,15,15,6481586.2249,4437.6877,3.164227,0.000000,0.000000
1067,15,15,6481596.1557,4437.6877,3.164228,0.000000,0.000000
1068,15,15,6481596.1829,4437.6877,3.164228,0.000000,0.000000
1069,15,15,6481597.4446,4437.6877,3.164228,-0.000000,-0.000000
1070,15,15,6481598.6909,4437.6877,3.164228,0.000000,0.000000
1071,15,15,6481599.0131,4437.6877,3.164228,-0.000000,-0.000000
1072,15,15,6481601.6774,4437.6877,3.164228,0.000000,0.000000
1073,15,15,6481602.8154,4437.6877,3.164228,0.000000,0.000000
1074,15,15,6481603.8991,4437.6877,3.164228,0.000000,0.000000
1075,15,15,6481604.4227,4437.6877,3.164228,0.000000,0.000000
1076,15,15,6481612.1078,4437.6877,3.164229,-0.000000,-0.000000
1077,15,15,6481615.0122,4437.6877,3.164229,0.000000,0.000000
1078,15,15,6481617.1498,4437.6877,3.164229,0.000000,0.000000
1079,15,15,6481623.4970,4437.6877,3.164230,0.000000,0.000000
1080,15,15,6481627.9430,4437.6877,3.164230,0.000000,0.000000
1081,15,15,6481629.5414,4437.6877,3.164230,0.000000,0.000000
1082,15,15,6481630.8190,4437.6877,3.164230,0.000000,0.000000
1083,15,15,6481631.6337,4437.6877,3.164230,0.000000,0.000000
1084,15,15,6481634.1834,4437.6877,3.164230,0.000000,0.000000
1085,15,15,6481635.9442,4437.6877,3.164230,-0.000000,-0.000000
1086,15,15,6481640.3506,4437.6877,3.164231,0.000000,0.000000
1087,15,15,6481640.7311,4437.6877,3.164231,0.000000,0.000000
1088,15,15,6481647.4664,4437.6877,3.164231,-0.000000,-0.000000
1089,15,15,6481654.8876,4437.6877,3.164232,-0.000000,0.000000
1090,15,15,6481660.7895,4437.6877,3.164232,0.000000,0.000000
1091,15,15,6481665.1969,4437.6877,3.164232,0.000000,-0.000000
1092,15,15,6481671.5462,4437.6877,3.164233,0.000000,0.000000
1093,15,15,6481685.5624,4437.6877,3.164234,-0.000000,-0.000000
1094,15,15,6481687.3180,4437.6877,3.164234,0.000000,0.000000
1095,15,15,6481688.9824,4437.6877,3.164234,-0.000000,-0.000000
1096,15,15,6481693.8671,4437.6877,3.164234,0.000000,0.000000
1097,15,15,6481709.5326,4437.6877,3.164235,0.000000,0.000000
1098,15,15,6481711.8147,4437.6877,3.164236,0.000000,0.000000
1099,15,15,6481719.1368,4437.6877,3.164236,-0.000000,-0.000000
1100,15,15,6481721.9280,4437.6877,3.164236,0.000000,-0.000000
1101,15,15,6481723.4549,4437.6877,3.164236,0.000000,0.000000
1102,15,15,6481723.5910,4437.6877,3.164236,0.000000,0.000000
1103,15,15,6481727.3273,4437.6877,3.164237,-0.000000,-0.000000
1104,15,15,6481729.6077,4437.6877,3.164237,0.000000,0.000000
1105,15,15,6481730.8468,4437.6877,3.164237,0.000000,0.000000
1106,15,15,6481731.6465,4437.6877,3.164237,0.000000,0.000000
1107,15,15,6481734.1774,4437.6877,3.164237,0.000000,-0.000000
1108,15,15,6481750.3341,4437.6877,3.164238,0.000000,0.000000
1109,15,15,6481750.3995,4437.6877,3.164238,0.000000,0.000000
1110,15,15,6481755.8426,4437.6877,3.164238,0.000000,0.000000
1111,15,15,6481757.1220,4437.6877,3.164239,-0.000000,0.000000
1112,15,15,6481757.1813,4437.6877,3.164239,0.000000,0.000000
1113,15,15,6481757.5987,4437.6877,3.164239,-0.000000,-0.000000
1114,15,15,6481762.6834,4437.6877,3.164239,0.000000,0.000000
1115,15,15,6481763.8197,4437.6877,3.164239,0.000000,0.000000
1116,15,15,6481763.8275,4437.6877,3.164239,-0.000000,-0.000000
1117,15,15,6481767.4925,4437.6877,3.164239,0.000000,0.000000
1118,15,15,6481770.1087,4437.6877,3.164239,0.000000,0.000000
1119,15,15,6481772.5290,4437.6877,3.164240,0.000000,0.000000
1120,15,15,6481780.4828,4437.6877,3.164240,0.000000,0.000000
1121,15,15,6481782.6921,4437.6877,3.164240,0.000000,0.000000
1122,15,15,6481792.1707,4437.6877,3.164241,0.000000,-0.000000
1123,15,15,6481794.3212,4437.6877,3.164241,0.000000,-0.000000
1124,15,15,6481808.4398,4437.6877,3.164242,0.000000,0.000000
1125,15,15,6481813.5609,4437.6877,3.164242,0.000000,-0.000000
1126,15,15,6481814.3726,4437.6877,3.164242,0.000000,0.000000
1127,15,15,6481814.4014,4437.6877,3.164242,0.000000,0.000000
1128,15,15,6481820.1259,4437.6877,3.164243,0.000000,0.000000
1129,15,15,6481820.4467,4437.6877,3.164243,0.000000,0.000000
1130,15,15,6481823.2742,4437.6877,3.164243,0.000000,0.000000
1131,15,15,6481831.1855,4437.6877,3.164244,0.000000,-0.000000
1132,15,15,6481833.8993,4437.6877,3.164244,-0.000000,-0.000000
1133,15,15,6481836.7955,4437.6877,3.164244,0.000000,0.000000
1134,15,15,6481844.8752,4437.6877,3.164244,0.050137,3.587769
1135,15,15,6481845.6207,4437.6877,3.164245,0.000000,-0.000000
1136,15,15,6481846.5326,4437.6877,3.164245,0.000000,-0.000000
1137,15,15,6481848.0292,4437.6877,3.164245,-0.000000,-0.000000
1138,15,15,6481848.8089,4437.6877,3.164245,0.000000,0.000000
1139,15,15,6481852.0428,4437.6877,3.164245,0.000000,0.000000
1140,15,15,6481856.1916,4437.6877,3.164245,0.000000,-0.000000
1141,15,15,6481860.7134,4437.6877,3.164246,0.000000,-0.000000
1142,15,15,6481861.6994,4437.6877,3.164246,0.000000,0.000000
1143,15,15,6481862.0488,4437.6877,3.164246,0.000000,0.000000
1144,15,15,6481864.8270,4437.6877,3.164246,-0.000000,-0.000000
1145,15,15,6481868.8259,4437.6877,3.164246,-0.000000,-0.000000
1146,15,15,6481869.5266,4437.6877,3.164246,0.000000,0.000000
1147,15,15,6481869.7422,4437.6877,3.164246,0.000000,0.000000
1148,15,15,6481873.8994,4437.6877,3.164246,0.000000,-0.000000
1149,15,15,6481874.2121,4437.6877,3.164246,0.000000,0.000000
1150,15,15,6481874.4636,4437.6877,3.164246,-0.000000,-0.000000
1151,15,15,6481879.3411,4437.6877,3.164247,0.000000,-0.000000
1152,15,15,6481883.5897,4437.6877,3.164247,0.000000,0.000000
1153,15,15,6481884.4269,4437.6877,3.164247,0.000000,0.000000
1154,15,15,6481890.1327,4437.6877,3.164247,0.001887,2.699334
1155,15,15,6481891.0006,4437.6877,3.164248,0.005736,2.931009
1156,15,15,6481893.8211,4437.6877,3.164248,0.002587,2.759370
1157,15,15,6481894.2003,4437.6877,3.164248,0.001736,2.652196
1158,15,15,6481895.0710,4437.6877,3.164248,0.003901,2.898906
1159,15,15,6481896.2739,4437.6877,3.164248,0.000000,-0.000000
1160,15,15,6481900.3123,4437.6877,3.164248,0.008184,3.077812
1161,15,15,6481901.1015,4437.6877,3.164248,0.000000,0.000000
1162,15,15,6481904.0845,4437.6877,3.164248,0.000000,0.000000
1163,15,15,6481905.5641,4437.6877,3.164249,0.000000,0.000000
1164,15,15,6481906.0088,4437.6877,3.164249,0.000000,0.000000
1165,15,15,6481907.0222,4437.6877,3.164249,0.018100,3.259934
1166,15,15,6481908.1866,4437.6877,3.164249,0.000000,0.000000
1167,15,15,6481908.6245,4437.6877,3.164249,0.000000,0.000000
1168,15,15,6481910.5924,4437.6877,3.164249,0.000000,0.000000
1169,15,15,6481916.9858,4437.6877,3.164249,0.033787,3.313029
1170,15,15,6481917.1146,4437.6877,3.164249,0.011940,3.074362
1171,15,15,6481918.2922,4437.6877,3.164249,0.014032,3.132417
1172,15,15,6481919.6005,4437.6877,3.164249,0.000000,0.000000
1173,15,15,6481920.0387,4437.6877,3.164250,0.000000,0.000000
1174,15,15,6481921.5795,4437.6877,3.164250,0.000000,0.000000
1175,15,15,6481921.6473,4437.6877,3.164250,-0.000000,-0.000000
1176,15,15,6481922.5369,4437.6877,3.164250,0.000000,0.000000
1177,15,15,6481924.7742,4437.6877,3.164250,0.000000,0.000000
1178,15,15,6481927.2681,4437.6877,3.164250,0.028635,3.383435
1179,15,15,6481928.5690,4437.6877,3.164250,0.022549,3.248670
1180,15,15,6481934.7280,4437.6877,3.164250,-0.000000,-0.000000
1181,15,15,6481935.5589,4437.6877,3.164251,0.021175,3.228805
1182,15,15,6481939.1104,4437.6877,3.164251,0.000000,0.000000
1183,15,15,6481947.6917,4437.6877,3.164251,0.025536,3.322865
1184,15,15,6481947.7798,4437.6877,3.164251,0.003319,2.821855
1185,15,15,6481949.3527,4437.6877,3.164251,0.000000,-0.000000
1186,15,15,6481950.4833,4437.6877,3.164252,0.000000,0.000000
1187,15,15,6481950.6055,4437.6877,3.164252,0.007347,2.947934
1188,15,15,6481954.4467,4437.6877,3.164252,0.000000,-0.000000
1189,15,15,6481954.9489,4437.6877,3.164252,0.003853,2.909531
1190,15,15,6481962.7633,4437.6877,3.164252,0.002540,2.862657
1191,15,15,6481963.8257,4437.6877,3.164252,-0.000000,0.000000
1192,15,15,6481970.4238,4437.6877,3.164253,0.030552,3.579326
1193,15,15,6481971.3002,4437.6877,3.164253,0.004636,3.181917
1194,15,15,6481971.4792,4437.6877,3.164253,0.000000,0.000000
1195,15,15,6481971.6425,4437.6877,3.164253,0.002664,2.901352
1196,15,15,6481972.9666,4437.6877,3.164253,0.010009,3.309398
1197,15,15,6481975.8181,4437.6877,3.164253,0.000000,0.000000
1198,15,15,6481976.3624,4437.6877,3.164253,0.000000,0.000000
1199,15,15,6481977.2668,4437.6877,3.164253,-0.000000,-0.000000
1200,15,15,6481979.8545,4437.6877,3.164254,-0.000000,0.000000
1201,15,15,6481981.2646,4437.6877,3.164254,0.000000,0.000000
1202,15,15,6481982.9096,4437.6877,3.164254,0.000000,-0.000000
1203,15,15,6481983.2835,4437.6877,3.164254,0.000000,0.000000
1204,15,15,6481989.5110,4437.6877,3.164254,-0.000000,0.000000
1205,15,15,6481993.2099,4437.6877,3.164254,0.000000,0.000000
1206,15,15,6481993.6590,4437.6877,3.164254,0.000963,2.596738
1207,15,15,6481994.1927,4437.6877,3.164254,0.003392,2.981972
1208,15,15,6481996.7636,4437.6877,3.164255,0.000000,0.000000
1209,15,15,6481997.1326,4437.6877,3.164255,0.006134,3.069983
1210,15,15,6481997.9209,4437.6877,3.164255,0.000337,2.413085
1211,15,15,6482001.8223,4437.6877,3.164255,0.041736,3.430568
1212,15,15,6482002.2400,4437.6877,3.164255,0.018063,3.218081
1213,15,15,6482002.2802,4437.6877,3.164255,0.000000,0.000000
1214,15,15,6482002.9555,4437.6877,3.164255,-0.000000,-0.000000
1215,15,15,6482005.4773,4437.6877,3.164255,0.000000,0.000000
1216,15,15,6482006.2130,4437.6877,3.164255,0.000000,-0.000000
1217,15,15,6482008.5773,4437.6877,3.164255,-0.000000,0.000000
1218,15,15,6482011.1839,4437.6877,3.164256,-0.000000,0.000000
1219,15,15,6482017.7914,4437.6877,3.164256,0.000000,0.000000
1220,15,15,6482017.9186,4437.6877,3.164256,0.000000,0.000000
1221,15,15,6482020.3553,4437.6877,3.164256,0.000000,0.000000
1222,15,15,6482020.4434,4437.6877,3.164256,0.000000,0.000000
1223,15,15,6482025.7792,4437.6877,3.164257,0.003280,2.812968
1224,15,15,6482025.8337,4437.6877,3.164257,-0.000000,-0.000000
1225,15,15,6482026.4816,4437.6877,3.164257,0.000000,0.000000
1226,15,15,6482028.1950,4437.6877,3.164257,-0.000000,-0.000000
1227,15,15,6482029.1527,4437.6877,3.164257,0.028442,3.292782
1228,15,15,6482031.0047,4437.6877,3.164257,-0.000000,0.000000
1229,15,15,6482031.2309,4437.6877,3.164257,0.000468,2.221084
1230,15,15,6482031.3680,4437.6877,3.164257,0.003308,2.835345
1231,15,15,6482034.7630,4437.6877,3.164257,0.000000,0.000000
1232,15,15,6482036.7049,4437.6877,3.164257,0.000000,-0.000000
1233,15,15,6482040.0081,4437.6877,3.164258,-0.000000,-0.000000
1234,15,15,6482042.5096,4437.6877,3.164258,0.000000,-0.000000
1235,15,15,6482042.8907,4437.6877,3.164258,0.028884,3.441987
1236,15,15,6482045.7836,4437.6877,3.164258,0.000000,0.000000
1237,15,15,6482051.2932,4437.6877,3.164258,0.000000,0.000000
1238,15,15,6482052.7462,4437.6877,3.164258,0.000000,0.000000
1239,15,15,6482053.4845,4437.6877,3.164258,0.000000,0.000000
1240,15,15,6482056.1737,4437.6877,3.164259,-0.000000,-0.000000
1241,15,15,6482058.1843,4437.6877,3.164259,-0.000000,-0.000000
1242,15,15,6482064.3840,4437.6877,3.164259,0.000000,-0.000000
1243,15,15,6482071.3109,4437.6877,3.164260,0.000000,0.000000
1244,15,15,6482072.8902,4437.6877,3.164260,-0.000000,-0.000000
1245,15,15,6482078.5922,4437.6877,3.164260,0.031273,3.352431
1246,15,15,6482081.3770,4437.6877,3.164260,0.000000,0.000000
1247,15,15,6482081.6615,4437.6877,3.164260,0.000000,0.000000
1248,15,15,6482085.0982,4437.6877,3.164261,0.000000,-0.000000
1249,15,15,6482088.7524,4437.6877,3.164261,0.000186,2.234457
1250,15,15,6482089.2815,4437.6877,3.164261,0.000000,0.000000
1251,15,15,6482091.3878,4437.6877,3.164261,0.001596,2.589924
1252,15,15,6482094.2094,4437.6877,3.164261,0.000000,0.000000
1253,15,15,6482094.5721,4437.6877,3.164261,0.000000,0.000000
1254,15,15,6482097.4186,4437.6877,3.164261,0.000000,0.000000
1255,15,15,6482100.6714,4437.6877,3.164262,-0.000000,-0.000000
1256,15,15,6482101.5690,4437.6877,3.164262,0.000000,0.000000
1257,15,15,6482101.8059,4437.6877,3.164262,0.005463,3.072755
1258,15,15,6482105.7825,4437.6877,3.164262,0.000000,0.000000
1259,15,15,6482110.9752,4437.6877,3.164262,0.000000,0.000000
1260,15,15,6482111.6985,4437.6877,3.164262,0.000000,-0.000000
1261,15,15,6482117.5069,4437.6877,3.164263,0.000000,-0.000000
1262,15,15,6482118.9977,4437.6877,3.164263,0.000000,-0.000000
1263,15,15,6482123.6349,4437.6877,3.164263,0.000000,0.000000
1264,15,15,6482128.6361,4437.6877,3.164263,-0.000337,2.347267
1265,15,15,6482129.6000,4437.6877,3.164264,0.000000,0.000000
1266,15,15,6482129.9584,4437.6877,3.164264,0.000000,0.000000
1267,15,15,6482132.6185,4437.6877,3.164264,0.000000,0.000000
1268,15,15,6482137.0214,4437.6877,3.164264,-0.000000,-0.000000
1269,15,15,6482137.2782,4437.6877,3.164264,0.007385,3.075609
1270,15,15,6482139.1279,4437.6877,3.164264,0.007439,2.980016
1271,15,15,6482139.3708,4437.6877,3.164264,0.000000,0.000000
1272,15,15,6482139.5204,4437.6877,3.164264,0.000000,0.000000
1273,15,15,6482144.5846,4437.6877,3.164265,0.000000,0.000000
1274,15,15,6482145.4478,4437.6877,3.164265,0.000000,-0.000000
1275,15,15,6482146.3883,4437.6877,3.164265,-0.000000,-0.000000
1276,15,15,6482151.7041,4437.6877,3.164265,0.000000,0.000000
1277,15,15,6482154.2830,4437.6877,3.164265,0.029045,3.383220
1278,15,15,6482157.5952,4437.6877,3.164265,0.000000,0.000000
1279,15,15,6482162.6729,4437.6877,3.164266,0.000000,0.000000
1280,15,15,6482164.3353,4437.6877,3.164266,0.000000,0.000000
1281,15,15,6482164.9873,4437.6877,3.164266,0.012622,3.266921
1282,15,15,6482168.2039,4437.6877,3.164266,0.002409,2.877377
1283,15,15,6482169.5118,4437.6877,3.164266,0.000000,0.000000
1284,15,15,6482171.1959,4437.6877,3.164266,-0.000000,-0.000000
1285,15,15,6482177.8733,4437.6877,3.164267,0.024631,3.278080
1286,15,15,6482181.6536,4437.6877,3.164267,0.031407,3.258407
1287,15,15,6482182.9036,4437.6877,3.164267,-0.000000,-0.000000
1288,15,15,6482190.9847,4437.6877,3.164268,0.000000,0.000000
1289,15,15,6482191.2023,4437.6877,3.164268,-0.000000,-0.000000
1290,15,15,6482197.2985,4437.6877,3.164268,0.000000,0.000000
1291,15,15,6482198.0113,4437.6877,3.164268,-0.000000,0.000000
1292,15,15,6482200.3453,4437.6877,3.164268,0.000000,0.000000
1293,15,15,6482200.7073,4437.6877,3.164268,0.000000,0.000000
1294,15,15,6482204.4380,4437.6877,3.164269,0.000000,-0.000000
1295,15,15,6482204.8819,4437.6877,3.164269,0.000169,2.180859
1296,15,15,6482207.0888,4437.6877,3.164269,0.025687,3.270768
1297,15,15,6482207.6081,4437.6877,3.164269,0.000239,2.200439
1298,15,15,6482215.2387,4437.6877,3.164269,-0.000922,2.170315
1299,15,15,6482216.2844,4437.6877,3.164269,0.002321,2.783634
1300,15,15,6482216.3303,4437.6877,3.164269,-0.000000,-0.000000
1301,15,15,6482220.5878,4437.6877,3.164270,-0.000148,2.283026
1302,15,15,6482225.7009,4437.6877,3.164270,0.000000,-0.000000
1303,15,15,6482228.0498,4437.6877,3.164270,0.000000,0.000000
1304,15,15,6482232.8355,4437.6877,3.164270,0.000000,0.000000
1305,15,15,6482232.9014,4437.6877,3.164270,0.000000,0.000000
1306,15,15,6482235.6564,4437.6877,3.164271,0.000000,0.000000
1307,15,15,6482235.7646,4437.6877,3.164271,0.000000,-0.000000
1308,15,15,6482243.5194,4437.6877,3.164271,0.027422,3.378477
1309,15,15,6482245.7988,4437.6877,3.164271,-0.000000,0.000000
1310,15,15,6482247.6607,4437.6877,3.164271,0.007002,2.814091
1311,15,15,6482248.4611,4437.6877,3.164272,-0.003248,2.396451
1312,15,15,6482252.2224,4437.6877,3.164272,0.000000,0.000000
1313,15,15,6482256.1886,4437.6877,3.164272,0.000000,0.000000
1314,15,15,6482257.0224,4437.6877,3.164272,0.000000,-0.000000
1315,15,15,6482264.0519,4437.6877,3.164273,-0.000398,2.490211
1316,15,15,6482264.9534,4437.6877,3.164273,0.000000,-0.000000
1317,15,15,6482264.9653,4437.6877,3.164273,0.000000,0.000000
1318,15,15,6482268.3121,4437.6877,3.164273,0.007456,3.090248
1319,15,15,6482276.7283,4437.6877,3.164273,0.000000,0.000000
1320,15,15,6482278.9496,4437.6877,3.164274,0.000000,0.000000
1321,15,15,6482283.8023,4437.6877,3.164274,0.001671,2.786605
1322,15,15,6482292.9819,4437.6877,3.164275,0.000000,0.000000
1323,15,15,6482296.7758,4437.6877,3.164275,0.000000,0.000000
1324,15,15,6482298.7481,4437.6877,3.164275,0.000000,0.000000
1325,15,15,6482301.1281,4437.6877,3.164275,0.000000,0.000000
1326,15,15,6482303.9614,4437.6877,3.164275,0.000000,0.000000
1327,15,15,6482308.5258,4437.6877,3.164276,0.000000,0.000000
1328,15,15,6482312.8734,4437.6877,3.164276,-0.000000,0.000000
1329,15,15,6482320.1563,4437.6877,3.164276,0.000000,0.000000
1330,15,15,6482320.9770,4437.6877,3.164276,-0.000000,0.000000
1331,15,15,6482321.0834,4437.6877,3.164276,0.000000,0.000000
1332,15,15,6482323.7142,4437.6877,3.164277,0.000000,0.000000
1333,15,15,6482326.7233,4437.6877,3.164277,0.000000,0.000000
1334,15,15,6482328.0068,4437.6877,3.164277,0.000181,2.211933
1335,15,15,6482335.8587,4437.6877,3.164277,0.000000,0.000000
1336,15,15,6482339.6297,4437.6877,3.164278,0.000000,0.000000
1337,15,15,6482341.5412,4437.6877,3.164278,-0.000000,-0.000000
1338,15,15,6482341.6904,4437.6877,3.164278,0.000000,0.000000
1339,15,15,6482345.9649,4437.6877,3.164278,0.000000,-0.000000
1340,15,15,6482351.4415,4437.6877,3.164278,0.001824,2.665537
1341,15,15,6482353.9875,4437.6877,3.164279,-0.008219,3.025906
1342,15,15,6482356.6074,4437.6877,3.164279,-0.000000,-0.000000
1343,15,15,6482359.8415,4437.6877,3.164279,0.000000,0.000000
1344,15,15,6482361.8491,4437.6877,3.164279,0.000000,0.000000
1345,15,15,6482363.6666,4437.6877,3.164279,0.000000,0.000000
1346,15,15,6482370.6702,4437.6877,3.164280,0.000000,0.000000
1347,15,15,6482381.6109,4437.6877,3.164280,0.000000,0.000000
1348,15,15,6482393.1142,4437.6877,3.164281,-0.000000,-0.000000
1349,15,15,6482393.5843,4437.6877,3.164281,-0.010948,2.673211
1350,15,15,6482397.5815,4437.6877,3.164282,0.002693,2.602707
1351,15,15,6482398.1697,4437.6877,3.164282,0.003518,2.766031
1352,15,15,6482403.7136,4437.6877,3.164282,-0.011414,2.546070
1353,15,15,6482407.0157,4437.6877,3.164282,0.000039,1.881264
1354,15,15,6482407.0512,4437.6877,3.164282,0.016801,3.166901
1355,15,15,6482408.0041,4437.6877,3.164282,0.000000,-0.000000
1356,15,15,6482412.7349,4437.6877,3.164283,0.002440,2.586743
1357,15,15,6482417.1053,4437.6877,3.164283,0.000493,2.273313
1358,15,15,6482421.2980,4437.6877,3.164283,0.000000,0.000000
1359,15,15,6482422.7372,4437.6877,3.164283,0.003503,2.879208
1360,15,15,6482425.6233,4437.6877,3.164283,-0.000000,-0.000000
1361,15,15,6482426.6518,4437.6877,3.164283,-0.000000,0.000000
1362,15,15,6482445.3814,4437.6877,3.164285,0.000000,0.000000
1363,15,15,6482447.4864,4437.6877,3.164285,0.000000,0.000000
1364,15,15,6482453.3378,4437.6877,3.164285,0.000000,-0.000000
1365,15,15,6482454.0592,4437.6877,3.164285,0.000269,2.180106
1366,15,15,6482457.8624,4437.6877,3.164286,0.000000,0.000000
1367,15,15,6482460.9579,4437.6877,3.164286,0.019410,3.325818
1368,15,15,6482467.7852,4437.6877,3.164286,0.000000,0.000000
1369,15,15,6482469.2301,4437.6877,3.164286,-0.000000,-0.000000
1370,15,15,6482477.4660,4437.6877,3.164287,0.000000,0.000000
1371,15,15,6482479.5556,4437.6877,3.164287,0.000000,-0.000000
1372,15,15,6482486.6388,4437.6877,3.164287,0.000000,0.000000
1373,15,15,6482489.4416,4437.6877,3.164288,0.007128,2.893595
1374,15,15,6482494.3559,4437.6877,3.164288,-0.000000,-0.000000
1375,15,15,6482510.3685,4437.6877,3.164289,-0.005999,2.774582
1376,15,15,6482511.9514,4437.6877,3.164289,0.014930,3.033841
1377,15,15,6482513.6112,4437.6877,3.164289,0.000204,2.117129
1378,15,15,6482517.8509,4437.6877,3.164290,0.000532,2.343680
1379,15,15,6482518.8311,4437.6877,3.164290,0.000000,0.000000
1380,15,15,6482532.6262,4437.6877,3.164291,0.022368,3.173627
1381,15,15,6482533.2590,4437.6877,3.164291,0.000000,0.000000
1382,15,15,6482540.5808,4437.6877,3.164291,-0.008687,2.912101
1383,15,15,6482543.6270,4437.6877,3.164291,0.049214,3.406222
1384,15,15,6482546.4935,4437.6877,3.164292,0.000000,0.000000
1385,15,15,6482547.5038,4437.6877,3.164292,0.001004,2.440920
1386,15,15,6482550.1215,4437.6877,3.164292,0.017266,3.037162
1387,15,15,6482551.2030,4437.6877,3.164292,-0.025575,2.867135
1388,15,15,6482564.9715,4437.6877,3.164293,0.014386,3.158279
1389,15,15,6482567.8911,4437.6877,3.164293,0.000000,0.000000
1390,15,15,6482583.5151,4437.6877,3.164294,0.000000,0.000000
1391,15,15,6482584.7227,4437.6877,3.164294,0.004578,2.792609
1392,15,15,6482601.8030,4437.6877,3.164295,0.007400,2.858722
1393,15,15,6482609.9344,4437.6877,3.164296,0.001531,2.720749
1394,15,15,6482613.7125,4437.6877,3.164296,0.013692,2.979303
1395,15,15,6482618.9408,4437.6877,3.164296,0.000000,-0.000000
1396,15,15,6482620.5847,4437.6877,3.164296,0.009846,2.955944
1397,15,15,6482622.1540,4437.6877,3.164297,0.000668,2.293237
1398,15,15,6482623.8562,4437.6877,3.164297,0.002237,2.589545
1399,15,15,6482629.1992,4437.6877,3.164297,0.001637,2.411636
1400,15,15,6482631.8307,4437.6877,3.164297,-0.000178,2.826529
1401,15,15,6482635.1670,4437.6877,3.164297,0.000000,0.000000
1402,15,15,6482640.6360,4437.6877,3.164298,0.000074,1.907040
1403,15,15,6482649.1346,4437.6877,3.164298,0.000409,2.220467
1404,15,15,6482651.1347,4437.6877,3.164299,0.000854,2.395173
1405,15,15,6482657.7385,4437.6877,3.164299,0.004769,2.445430
1406,15,15,6482662.3667,4437.6877,3.164299,0.002118,2.618572
1407,15,15,6482667.1285,4437.6877,3.164300,0.000000,0.000000
1408,15,15,6482676.1035,4437.6877,3.164300,0.003551,2.737313
1409,15,15,6482676.1595,4437.6877,3.164300,0.000000,0.000000
1410,15,15,6482677.1528,4437.6877,3.164300,0.000000,0.000000
1411,15,15,6482682.5912,4437.6877,3.164301,0.000000,0.000000
1412,15,15,6482695.1929,4437.6877,3.164301,0.006888,2.924977
1413,15,15,6482700.9812,4437.6877,3.164302,0.003078,2.622475
1414,15,15,6482700.9899,4437.6877,3.164302,0.012510,2.989783
1415,15,15,6482701.2091,4437.6877,3.164302,0.036076,3.232226
1416,15,15,6482709.0270,4437.6877,3.164302,0.000189,2.198368
1417,15,15,6482709.0308,4437.6877,3.164302,0.001040,2.393728
1418,15,15,6482710.2721,4437.6877,3.164302,0.000408,2.202235
1419,15,15,6482719.1728,4437.6877,3.164303,0.005658,2.833051
1420,15,15,6482719.2300,4437.6877,3.164303,-0.000000,-0.000000
1421,15,15,6482726.2681,4437.6877,3.164304,0.012141,3.000477
1422,15,15,6482732.4207,4437.6877,3.164304,0.013674,3.052716
1423,15,15,6482735.0746,4437.6877,3.164304,0.017364,3.088469
1424,15,15,6482738.7241,4437.6877,3.164304,0.007211,2.863759
1425,15,15,6482742.2747,4437.6877,3.164305,0.000000,-0.000000
1426,15,15,6482745.1864,4437.6877,3.164305,0.000000,0.000000
1427,15,15,6482753.8663,4437.6877,3.164305,0.000000,0.000000
1428,15,15,6482758.0097,4437.6877,3.164306,0.000000,0.000000
1429,15,15,6482759.5469,4437.6877,3.164306,0.000000,0.000000
1430,15,15,6482766.8803,4437.6877,3.164306,0.000000,0.000000
1431,15,15,6482768.8182,4437.6877,3.164306,0.000000,-0.000000
1432,15,15,6482769.1000,4437.6877,3.164306,0.000000,0.000000
1433,15,15,6482770.5418,4437.6877,3.164307,0.021756,3.119543
1434,15,15,6482772.4059,4437.6877,3.164307,0.002102,2.557282
1435,15,15,6482773.7490,4437.6877,3.164307,0.000415,1.975595
1436,15,15,6482792.2676,4437.6877,3.164308,0.000000,0.000000
1437,15,15,6482793.9706,4437.6877,3.164308,0.000897,2.419951
1438,15,15,6482794.9601,4437.6877,3.164308,0.004276,2.808844
1439,15,15,6482797.2062,4437.6877,3.164308,0.027916,3.196991
1440,15,15,6482800.1529,4437.6877,3.164309,0.000000,0.000000
1441,15,15,6482809.8084,4437.6877,3.164309,0.006809,2.943936
1442,15,15,6482810.3085,4437.6877,3.164309,0.003220,2.728870
1443,15,15,6482822.6166,4437.6877,3.164310,0.000000,0.000000
1444,15,15,6482824.4862,4437.6877,3.164310,0.000029,1.679423
1445,15,15,6482829.6553,4437.6877,3.164310,0.015249,3.036763
1446,15,15,6482833.8555,4437.6877,3.164311,0.000000,0.000000
1447,15,15,6482835.3088,4437.6877,3.164311,0.019290,3.114037
1448,15,15,6482845.9760,4437.6877,3.164312,0.000000,0.000000
1449,15,15,6482856.8170,4437.6877,3.164312,0.000000,0.000000
1450,15,15,6482866.5907,4437.6877,3.164313,0.000000,0.000000
1451,15,15,6482889.5159,4437.6877,3.164314,0.000000,0.000000
1452,15,15,6482899.6633,4437.6877,3.164315,0.000000,0.000000
1453,15,15,6482901.3822,4437.6877,3.164315,0.000000,-0.000000
1454,15,15,6482910.8198,4437.6877,3.164316,-0.000000,-0.000000
1455,15,15,6482914.9102,4437.6877,3.164316,0.000000,-0.000000
1456,15,15,6482918.9047,4437.6877,3.164316,0.000000,0.000000
1457,15,15,6482925.6000,4437.6877,3.164317,0.009146,2.969940
1458,15,15,6482931.4620,4437.6877,3.164317,0.000227,1.276394
1459,15,15,6482944.4639,4437.6877,3.164318,0.003644,2.727106
1460,15,15,6482948.9598,4437.6877,3.164318,0.002840,2.674674
1461,15,15,6482949.5844,4437.6877,3.164319,0.000000,0.000000
1462,15,15,6482950.2694,4437.6877,3.164319,0.000000,0.000000
1463,15,15,6482964.5771,4437.6877,3.164320,0.000000,0.000000
1464,15,15,6482974.0293,4437.6877,3.164320,-0.001372,3.064099
1465,15,15,6482974.1869,4437.6877,3.164320,0.000000,0.000000
1466,15,15,6482974.5123,4437.6877,3.164320,-0.000000,-0.000000
1467,15,15,6482985.4834,4437.6877,3.164321,-0.000000,0.000000
1468,15,15,6483002.2805,4437.6877,3.164322,0.000000,-0.000000
1469,15,15,6483017.0674,4437.6877,3.164323,0.000000,0.000000
1470,15,15,6483022.6255,4437.6877,3.164323,0.000000,0.000000
1471,15,15,6483028.1054,4437.6877,3.164324,0.000000,-0.000000
1472,15,15,6483035.5381,4437.6877,3.164324,0.014876,3.052855
1473,15,15,6483063.0256,4437.6877,3.164326,0.000000,0.000000
1474,15,15,6483070.2448,4437.6877,3.164327,0.000000,0.000000
1475,15,15,6483075.8137,4437.6877,3.164327,0.003279,3.036454
1476,15,15,6483075.9798,4437.6877,3.164327,0.017284,3.065665
1477,15,15,6483091.0811,4437.6877,3.164328,0.000000,0.000000
1478,15,15,6483110.7580,4437.6877,3.164329,-0.000000,-0.000000
1479,15,15,6483114.2246,4437.6877,3.164330,0.000000,0.000000
1480,15,15,6483118.8479,4437.6877,3.164330,0.000000,0.000000
1481,15,15,6483129.4445,4437.6877,3.164331,0.000000,-0.000000
1482,15,15,6483130.4314,4437.6877,3.164331,0.000000,0.000000
1483,15,15,6483139.5533,4437.6877,3.164331,0.000000,0.000000
1484,15,15,6483144.4759,4437.6877,3.164332,0.000000,-0.000000
1485,15,15,6483157.8653,4437.6877,3.164332,0.000000,0.000000
1486,15,15,6483158.4690,4437.6877,3.164333,0.000000,0.000000
1487,15,15,6483161.5014,4437.6877,3.164333,-0.000000,-0.000000
1488,15,15,6483163.3476,4437.6877,3.164333,0.000000,-0.000000
1489,15,15,6483163.3966,4437.6877,3.164333,0.000000,-0.000000
1490,15,15,6483165.4737,4437.6877,3.164333,0.000000,0.000000
1491,15,15,6483166.3962,4437.6877,3.164333,0.014321,3.094660
1492,15,15,6483179.2055,4437.6877,3.164334,0.000000,-0.000000
1493,15,15,6483180.9193,4437.6877,3.164334,0.000000,0.000000
1494,15,15,6483182.9641,4437.6877,3.164334,0.000000,0.000000
1495,15,15,6483192.0951,4437.6877,3.164335,-0.000000,0.000000
1496,15,15,6483198.1174,4437.6877,3.164335,0.000000,0.000000
1497,15,15,6483198.2639,4437.6877,3.164335,0.000000,0.000000
1498,15,15,6483205.1364,4437.6877,3.164336,0.000000,0.000000
1499,15,15,6483228.5299,4437.6877,3.164337,0.000000,0.000000
1500,15,15,6483228.7762,4437.6877,3.164337,0.000000,0.000000
1501,15,15,6483229.2871,4437.6877,3.164337,0.000000,0.000000
1502,15,15,6483248.9059,4437.6877,3.164339,0.000000,0.000000
1503,15,15,6483255.5759,4437.6877,3.164339,0.000000,0.000000
1504,15,15,6483260.6369,4437.6877,3.164339,-0.000000,-0.000000
1505,15,15,6483284.4929,4437.6877,3.164341,0.000000,0.000000
1506,15,15,6483285.8099,4437.6877,3.164341,0.000000,0.000000
1507,15,15,6483293.5907,4437.6877,3.164342,0.000000,-0.000000
1508,15,15,6483310.1409,4437.6877,3.164343,0.000000,0.000000
1509,15,15,6483314.9497,4437.6877,3.164343,0.000000,0.000000
1510,15,15,6483319.8047,4437.6877,3.164343,0.000000,0.000000
1511,15,15,6483322.5008,4437.6877,3.164344,0.000000,0.000000
1512,15,15,6483350.2162,4437.6877,3.164345,0.000000,0.000000
1513,15,15,6483363.9637,4437.6877,3.164346,0.000000,-0.000000
1514,15,15,6483366.5293,4437.6877,3.164346,0.000000,-0.000000
1515,15,15,6483373.6066,4437.6877,3.164347,0.000000,0.000000
1516,15,15,6483374.8242,4437.6877,3.164347,-0.000000,-0.000000
1517,15,15,6483384.5007,4437.6877,3.164348,-0.000000,-0.000000
1518,15,15,6483389.1929,4437.6877,3.164348,0.000000,-0.000000
1519,15,15,6483392.0552,4437.6877,3.164348,0.000000,0.000000
1520,15,15,6483393.1397,4437.6877,3.164348,0.000000,0.000000
1521,15,15,6483417.2355,4437.6877,3.164350,0.000000,-0.000000
1522,15,15,6483419.3427,4437.6877,3.164350,-0.000000,-0.000000
1523,15,15,6483435.4601,4437.6877,3.164351,0.000140,2.021685
1524,15,15,6483437.7554,4437.6877,3.164351,-0.000031,1.437203
1525,15,15,6483450.2203,4437.6877,3.164352,0.000000,-0.000000
1526,15,15,6483469.2461,4437.6877,3.164353,0.000000,-0.000000
1527,15,15,6483472.8979,4437.6877,3.164354,-0.000000,-0.000000
1528,15,15,6483481.0953,4437.6877,3.164354,0.001446,2.535607
1529,15,15,6483482.2846,4437.6877,3.164354,0.000000,0.000000
1530,15,15,6483486.4775,4437.6877,3.164355,0.000000,0.000000
1531,15,15,6483500.7851,4437.6877,3.164355,0.000000,0.000000
1532,15,15,6483502.1616,4437.6877,3.164356,0.000000,0.000000
1533,15,15,6483505.0257,4437.6877,3.164356,0.000000,0.000000
1534,15,15,6483505.8644,4437.6877,3.164356,0.000000,0.000000
1535,15,15,6483532.4234,4437.6877,3.164358,0.003833,2.914827
1536,15,15,6483547.4117,4437.6877,3.164359,0.000000,-0.000000
1537,15,15,6483556.7113,4437.6877,3.164359,-0.000000,-0.000000
1538,15,15,6483562.7582,4437.6877,3.164360,0.000000,-0.000000
1539,15,15,6483563.9671,4437.6877,3.164360,0.000000,-0.000000
1540,15,15,6483568.2641,4437.6877,3.164360,0.000006,1.372217
1541,15,15,6483588.7103,4437.6877,3.164361,0.000000,0.000000
1542,15,15,6483589.7101,4437.6877,3.164361,0.000000,-0.000000
1543,15,15,6483594.8395,4437.6877,3.164362,0.000000,0.000000
1544,15,15,6483605.3653,4437.6877,3.164362,0.000000,0.000000
1545,15,15,6483605.5131,4437.6877,3.164362,-0.000000,-0.000000
1546,15,15,6483606.2213,4437.6877,3.164363,0.008525,3.001508
1547,15,15,6483611.5721,4437.6877,3.164363,-0.000000,-0.000000
1548,15,15,6483625.0414,4437.6877,3.164364,0.006890,2.994112
1549,15,15,6483635.3213,4437.6877,3.164364,0.000000,0.000000
1550,15,15,6483650.0152,4437.6877,3.164365,0.000000,0.000000
1551,15,15,6483651.4635,4437.6877,3.164366,0.000000,0.000000
1552,15,15,6483678.1725,4437.6877,3.164367,0.000000,0.000000
1553,15,15,6483684.8586,4437.6877,3.164368,0.000202,2.148244
1554,15,15,6483686.5498,4437.6877,3.164368,-0.000000,-0.000000
1555,15,15,6483695.7590,4437.6877,3.164369,0.000000,0.000000
1556,15,15,6483720.5568,4437.6877,3.164370,0.000000,0.000000
1557,15,15,6483735.2774,4437.6877,3.164371,-0.000000,-0.000000
1558,15,15,6483741.6756,4437.6877,3.164372,0.000000,0.000000
1559,15,15,6483744.4165,4437.6877,3.164372,0.000000,0.000000
1560,15,15,6483760.1302,4437.6877,3.164373,0.000000,0.000000
1561,15,15,6483767.9097,4437.6877,3.164373,-0.000000,-0.000000
1562,15,15,6483778.8562,4437.6877,3.164374,0.000000,0.000000
1563,15,15,6483782.5650,4437.6877,3.164374,0.000000,0.000000
1564,15,15,6483786.7603,4437.6877,3.164375,0.000000,0.000000
1565,15,15,6483817.2733,4437.6877,3.164377,0.000000,0.000000
1566,15,15,6483821.4653,4437.6877,3.164377,0.000000,-0.000000
1567,15,15,6483822.0427,4437.6877,3.164377,0.000000,0.000000
1568,15,15,6483845.7009,4437.6877,3.164379,0.000000,0.000000
1569,15,15,6483851.5361,4437.6877,3.164379,0.000000,0.000000
1570,15,15,6483851.8078,4437.6877,3.164379,0.000000,0.000000
1571,15,15,6483853.1353,4437.6877,3.164379,-0.000000,-0.000000
1572,15,15,6483868.0018,4437.6877,3.164380,0.000000,0.000000
1573,15,15,6483875.3663,4437.6877,3.164381,0.000000,-0.000000
1574,15,15,6483879.5465,4437.6877,3.164381,0.011417,3.011926
1575,15,15,6483898.8496,4437.6877,3.164382,0.000000,0.000000
1576,15,15,6483900.8186,4437.6877,3.164382,0.027025,3.208331
1577,15,15,6483902.5630,4437.6877,3.164382,0.000000,0.000000
1578,15,15,6483904.0252,4437.6877,3.164383,0.003688,2.765228
1579,15,15,6483929.2552,4437.6877,3.164384,0.000000,0.000000
1580,15,15,6483948.0080,4437.6877,3.164385,0.005187,3.016427
1581,15,15,6483959.9177,4437.6877,3.164386,0.000000,0.000000
1582,15,15,6483965.0945,4437.6877,3.164387,0.000000,-0.000000
1583,15,15,6483970.8323,4437.6877,3.164387,0.000000,0.000000
1584,15,15,6483992.4917,4437.6877,3.164388,0.008389,3.052068
1585,15,15,6484017.5373,4437.6877,3.164390,0.000000,0.000000
1586,15,15,6484023.8486,4437.6877,3.164391,0.000000,0.000000
1587,15,15,6484024.8293,4437.6877,3.164391,0.011119,3.309754
1588,15,15,6484031.4127,4437.6877,3.164391,0.028169,3.480935
1589,15,15,6484042.4058,4437.6877,3.164392,0.000000,0.000000
1590,15,15,6484051.4756,4437.6877,3.164392,0.003061,3.077013
1591,15,15,6484055.4817,4437.6877,3.164393,0.000000,0.000000
1592,15,15,6484059.3244,4437.6877,3.164393,0.000000,-0.000000
1593,15,15,6484089.0621,4437.6877,3.164395,0.000000,0.000000
1594,15,15,6484103.2403,4437.6877,3.164396,0.014564,3.110314
1595,15,15,6484103.8519,4437.6877,3.164396,0.000000,0.000000
1596,15,15,6484114.9786,4437.6877,3.164397,0.000000,0.000000
1597,15,15,6484119.6673,4437.6877,3.164397,0.000414,2.454196
1598,15,15,6484132.1559,4437.6877,3.164398,0.002254,2.805831
1599,15,15,6484134.2336,4437.6877,3.164398,0.000000,0.000000
1600,15,15,6484179.4718,4437.6877,3.164401,0.000000,0.000000
1601,15,15,6484181.0441,4437.6877,3.164401,0.000000,0.000000
1602,15,15,6484186.8837,4437.6877,3.164401,0.001101,2.566753
1603,15,15,6484203.0103,4437.6877,3.164403,0.000000,0.000000
1604,15,15,6484217.7506,4437.6877,3.164404,0.000000,-0.000000
1605,15,15,6484239.6524,4437.6877,3.164405,0.002784,2.790899
1606,15,15,6484242.7866,4437.6877,3.164405,0.000000,0.000000
1607,15,15,6484259.8478,4437.6877,3.164406,0.000000,0.000000
1608,15,15,6484263.2727,4437.6877,3.164407,0.000000,0.000000
1609,15,15,6484266.9220,4437.6877,3.164407,0.004703,2.914340
1610,15,15,6484283.6513,4437.6877,3.164408,0.000000,0.000000
1611,15,15,6484296.5885,4437.6877,3.164409,0.000000,0.000000
1612,15,15,6484298.8680,4437.6877,3.164409,0.000000,0.000000
1613,15,15,6484310.0878,4437.6877,3.164410,0.005507,2.904723
1614,15,15,6484311.0410,4437.6877,3.164410,0.000000,0.000000
1615,15,15,6484312.6459,4437.6877,3.164410,0.000854,2.495724
1616,15,15,6484341.0842,4437.6877,3.164412,0.010848,3.105627
1617,15,15,6484345.9312,4437.6877,3.164412,0.000000,0.000000
1618,15,15,6484360.5290,4437.6877,3.164413,0.000000,0.000000
1619,15,15,6484430.3506,4437.6877,3.164418,0.000000,0.000000
1620,15,15,6484440.9929,4437.6877,3.164418,0.000000,0.000000
1621,15,15,6484473.6086,4437.6877,3.164421,0.000000,0.000000
1622,15,15,6484494.5680,4437.6877,3.164422,0.000000,-0.000000
1623,15,15,6484495.2262,4437.6877,3.164422,0.000000,0.000000
1624,15,15,6484498.3090,4437.6877,3.164422,0.000000,0.000000
1625,15,15,6484508.6911,4437.6877,3.164423,-0.000000,-0.000000
1626,15,15,6484509.3796,4437.6877,3.164423,0.000000,0.000000
1627,15,15,6484517.7698,4437.6877,3.164424,0.000000,-0.000000
1628,15,15,6484520.2074,4437.6877,3.164424,0.000000,0.000000
1629,15,15,6484526.4844,4437.6877,3.164424,0.000000,-0.000000
1630,15,15,6484531.7502,4437.6877,3.164425,0.000000,-0.000000
1631,15,15,6484539.1702,4437.6877,3.164425,0.000000,-0.000000
1632,15,15,6484539.7277,4437.6877,3.164425,-0.000000,-0.000000
1633,15,15,6484542.2011,4437.6877,3.164425,0.000000,0.000000
1634,15,15,6484547.3554,4437.6877,3.164426,0.000000,0.000000
1635,15,15,6484554.7567,4437.6877,3.164426,0.002366,2.921821
1636,15,15,6484555.4526,4437.6877,3.164426,0.000000,0.000000
1637,15,15,6484561.2161,4437.6877,3.164427,0.000000,0.000000
1638,15,15,6484561.9690,4437.6877,3.164427,0.000000,0.000000
1639,15,15,6484562.9976,4437.6877,3.164427,0.000000,-0.000000
1640,15,15,6484574.9851,4437.6877,3.164427,-0.000000,0.000000
1641,15,15,6484590.3959,4437.6877,3.164429,0.000131,2.107409
1642,15,15,6484594.7663,4437.6877,3.164429,0.000000,0.000000
1643,15,15,6484597.8884,4437.6877,3.164429,0.007958,3.061980
1644,15,15,6484599.5833,4437.6877,3.164429,0.005948,2.820585
1645,15,15,6484604.6088,4437.6877,3.164429,0.000000,0.000000
1646,15,15,6484625.0609,4437.6877,3.164431,0.000000,0.000000
1647,15,15,6484629.6728,4437.6877,3.164431,0.000000,-0.000000
1648,15,15,6484631.8972,4437.6877,3.164431,0.000000,-0.000000
1649,15,15,6484647.1436,4437.6877,3.164432,0.004322,2.824025
1650,15,15,6484655.2021,4437.6877,3.164433,0.000000,-0.000000
1651,15,15,6484655.6310,4437.6877,3.164433,0.000000,0.000000
1652,15,15,6484657.1997,4437.6877,3.164433,-0.000000,-0.000000
1653,15,15,6484660.5343,4437.6877,3.164433,-0.000000,-0.000000
1654,15,15,6484665.8057,4437.6877,3.164434,-0.000000,-0.000000
1655,15,15,6484679.6902,4437.6877,3.164434,0.000000,0.000000
1656,15,15,6484685.3639,4437.6877,3.164435,-0.000000,-0.000000
1657,15,15,6484692.2359,4437.6877,3.164435,0.000000,0.000000
1658,15,15,6484703.7767,4437.6877,3.164436,0.000000,-0.000000
1659,15,15,6484708.7579,4437.6877,3.164436,-0.000000,-0.000000
1660,15,15,6484709.0500,4437.6877,3.164436,0.000000,0.000000
1661,15,15,6484724.9535,4437.6877,3.164438,0.003952,2.839597
1662,15,15,6484730.4739,4437.6877,3.164438,0.000000,0.000000
1663,15,15,6484760.7243,4437.6877,3.164440,0.004270,2.843008
1664,15,15,6484761.3128,4437.6877,3.164440,0.000000,0.000000
1665,15,15,6484776.1031,4437.6877,3.164441,0.001484,2.525249
1666,15,15,6484777.3515,4437.6877,3.164441,0.003509,2.720765
1667,15,15,6484777.4929,4437.6877,3.164441,0.000000,0.000000
1668,15,15,6484791.5563,4437.6877,3.164442,0.000000,0.000000
1669,15,15,6484796.2339,4437.6877,3.164442,0.000000,-0.000000
1670,15,15,6484803.1938,4437.6877,3.164443,0.000000,0.000000
1671,15,15,6484810.9168,4437.6877,3.164443,0.000000,0.000000
1672,15,15,6484826.5542,4437.6877,3.164444,0.000000,-0.000000
1673,15,15,6484826.6230,4437.6877,3.164444,0.000000,0.000000
1674,15,15,6484831.7048,4437.6877,3.164445,-0.000000,-0.000000
1675,15,15,6484844.4143,4437.6877,3.164446,0.000000,-0.000000
1676,15,15,6484850.5279,4437.6877,3.164446,0.000000,-0.000000
1677,15,15,6484851.8397,4437.6877,3.164446,0.000000,-0.000000
1678,15,15,6484854.0463,4437.6877,3.164446,0.000000,0.000000
1679,15,15,6484870.2262,4437.6877,3.164447,0.000000,0.000000
1680,15,15,6484878.9577,4437.6877,3.164448,0.000000,-0.000000
1681,15,15,6484880.3561,4437.6877,3.164448,-0.000000,-0.000000
1682,15,15,6484883.6328,4437.6877,3.164448,0.000000,-0.000000
1683,15,15,6484891.7342,4437.6877,3.164449,0.000000,0.000000
1684,15,15,6484902.7358,4437.6877,3.164449,0.000000,-0.000000
1685,15,15,6484903.4774,4437.6877,3.164449,0.000000,-0.000000
1686,15,15,6484905.5547,4437.6877,3.164450,0.000000,0.000000
1687,15,15,6484924.7492,4437.6877,3.164451,-0.000000,-0.000000
1688,15,15,6484925.5782,4437.6877,3.164451,0.000000,0.000000
1689,15,15,6484927.9524,4437.6877,3.164451,0.000000,0.000000
1690,15,15,6484930.9862,4437.6877,3.164451,0.000000,0.000000
1691,15,15,6484937.2872,4437.6877,3.164452,0.000000,0.000000
1692,15,15,6484937.4716,4437.6877,3.164452,0.000170,2.046206
1693,15,15,6484938.7085,4437.6877,3.164452,0.000000,0.000000
1694,15,15,6484938.9568,4437.6877,3.164452,-0.000000,0.000000
1695,15,15,6484951.9452,4437.6877,3.164453,0.000000,0.000000
1696,15,15,6485009.9635,4437.6877,3.164457,0.000000,-0.000000
1697,15,15,6485068.0368,4437.6877,3.164461,0.000000,0.000000
1698,15,15,6485083.3094,4437.6877,3.164462,0.000000,0.000000
1699,15,15,6485097.9260,4437.6877,3.164463,0.000000,0.000000
1700,15,15,6485104.5386,4437.6877,3.164463,0.000000,0.000000
1701,15,15,6485153.5411,4437.6877,3.164466,0.000000,0.000000
1702,15,15,6485197.4517,4437.6877,3.164469,0.000000,0.000000
1703,15,15,6485217.6589,4437.6877,3.164471,0.004499,2.854080
1704,15,15,6485286.3029,4437.6877,3.164475,0.000000,0.000000
1705,15,15,6485388.2963,4437.6877,3.164482,0.000000,-0.000000
1706,15,15,6485394.2594,4437.6877,3.164482,0.001741,2.405028
1707,15,15,6485433.0391,4437.6877,3.164485,-0.000000,-0.000000
1708,15,15,6485437.6635,4437.6877,3.164485,-0.000695,2.510914
1709,15,15,6485518.4825,4437.6877,3.164491,0.000434,2.459265
1710,15,15,6485565.7416,4437.6877,3.164494,0.000000,0.000000
1711,15,15,6485630.3236,4437.6877,3.164498,0.000000,-0.000000
1712,15,15,6485670.5821,4437.6877,3.164501,0.003205,2.490101
1713,15,15,6485870.3958,4437.6877,3.164514,0.000000,-0.000000
1714,15,15,6485886.6064,4437.6877,3.164515,0.000000,0.000000
1715,15,15,6486263.6852,4437.6877,3.164541,0.000000,0.000000
1716,15,15,6486282.8058,4437.6877,3.164542,0.000000,-0.000000
1717,15,15,6486359.7475,4437.6877,3.164547,0.000000,0.000000
1718,15,15,6486365.3243,4437.6877,3.164547,0.000000,0.000000
1719,15,15,6486586.9130,4437.6877,3.164562,0.000000,0.000000
1720,15,15,6486606.7015,4437.6877,3.164564,0.000000,0.000000
1721,15,15,6486919.2916,4437.6877,3.164585,0.000000,0.000000
1722,15,15,6486944.1797,4437.6877,3.164586,0.000000,-0.000000
1723,15,15,6487109.0913,4437.6877,3.164597,0.000000,-0.000000
1724,15,15,6487123.8517,4437.6877,3.164598,0.000000,0.000000
1725,15,15,6487406.0604,4437.6877,3.164617,0.000000,0.000000
1726,15,15,6487408.7544,4437.6877,3.164617,0.000000,-0.000000
1727,15,15,6490220.2235,4437.6877,3.164806,0.000000,0.000000
1728,15,15,6490220.2237,4437.6877,3.164806,0.000000,0.000000
