mode_rank,matched_m,matched_n,w_h_FEM,w_h_exact,log10_Error_w_h,log10_Error_L2_w,log10_Error_L2_phi,log10_Error_L2_Q
1,1,1,19.4942,19.7390,-1.906498,-2.442687,-1.906322,0.457049
2,2,1,48.8304,49.3476,-1.979663,-0.150479,-0.150413,0.235958
3,2,1,48.9663,49.3476,-2.112047,-0.150473,-0.150421,0.240233
4,2,2,77.6364,78.9557,-1.777060,-1.505309,-1.377103,0.342196
5,1,3,98.0877,98.6942,-2.211477,-0.132268,-0.132007,0.152675
6,1,3,98.1125,98.6942,-2.229576,-0.150364,-0.150278,0.207554
7,2,3,125.5765,128.3018,-1.672816,-0.150259,-0.149939,0.210632
8,2,3,126.5890,128.3018,-1.874513,-0.150216,-0.150027,0.214964
9,1,4,167.0423,167.7781,-2.358003,-0.150232,-0.150142,0.197437
10,1,4,167.1405,167.7781,-2.420214,-0.150070,-0.149974,0.196025
11,3,3,173.2270,177.6471,-1.604124,-0.911735,-0.870240,0.294297
12,4,2,194.2226,197.3849,-1.795311,-0.145383,-0.144724,0.178410
13,4,2,194.4066,197.3849,-1.821340,-0.147119,-0.146530,0.188170
14,4,3,238.0805,246.7289,-1.455284,-0.149119,-0.148155,0.192177
15,4,3,241.8857,246.7289,-1.707089,-0.149509,-0.149206,0.203261
16,5,1,255.8277,256.5976,-2.522812,-0.149134,-0.149207,0.214207
17,5,1,255.8578,256.5976,-2.540152,-0.149612,-0.149492,0.190612
18,2,5,281.8488,286.2034,-1.817725,-0.149103,-0.148657,0.191212
19,2,5,282.3582,286.2034,-1.871753,-0.148921,-0.148478,0.191325
20,4,4,303.9092,315.8089,-1.423887,-0.553707,-0.531695,0.252722
21,5,3,325.7316,335.5458,-1.533900,-0.138630,-0.136930,0.158753
22,5,3,327.0878,335.5458,-1.598485,-0.134883,-0.133354,0.164565
23,6,1,364.2950,365.1508,-2.630129,-0.149135,-0.149035,0.188856
24,6,1,364.4110,365.1508,-2.693378,-0.148193,-0.148048,0.183371
25,2,6,382.8154,394.7554,-1.519322,0.025974,0.024366,0.029406
26,2,6,389.3675,394.7554,-1.864908,-0.147178,-0.147586,0.217763
27,2,6,389.6574,394.7554,-1.888929,-0.146710,-0.146071,0.180211
28,2,6,392.7972,394.7554,-2.304477,0.033499,0.032942,0.040603
29,6,3,431.0581,444.0958,-1.532275,-0.139077,-0.137306,0.161664
30,6,3,432.5584,444.0958,-1.585370,-0.134997,-0.133225,0.156039
31,3,6,464.2300,444.0958,-1.343543,0.043969,0.043867,0.059723
32,7,1,489.4732,493.4353,-2.095307,0.022541,0.020453,0.103286
33,7,1,491.9309,493.4353,-2.515875,-0.104130,-0.104122,0.138464
34,7,1,492.7980,493.4353,-2.888878,-0.133523,-0.133693,0.179270
35,5,5,495.4160,493.4353,-2.396399,-0.013165,-0.014876,0.124988
36,4,6,516.0811,513.1708,-2.246335,0.077945,0.077449,0.083439
37,4,6,516.5828,513.1708,-2.177251,0.002074,0.002061,0.002264
38,7,3,554.0247,572.3766,-1.494000,0.029475,0.026874,0.032345
39,7,3,555.9766,572.3766,-1.542837,-0.143274,-0.142018,0.175055
40,7,3,556.6914,572.3766,-1.562192,-0.140364,-0.138917,0.171065
41,3,7,575.1370,572.3766,-2.316713,0.000000,0.000000,0.000000
42,5,6,611.0345,601.9790,-1.822670,-0.002932,-0.003345,0.019824
43,5,6,615.4770,601.9790,-1.649311,0.017459,0.015874,0.109918
44,8,1,640.2417,641.4484,-2.725566,-0.145227,-0.145051,0.174951
45,8,1,640.4361,641.4484,-2.801860,-0.144247,-0.144057,0.173608
46,4,7,646.7643,641.4484,-2.081585,0.038154,0.035603,0.046617
47,8,2,662.0192,671.0500,-1.871030,-0.126423,-0.125376,0.140968
48,8,2,662.3441,671.0500,-1.886943,-0.134648,-0.133807,0.157200
49,2,8,680.2303,671.0500,-1.863899,0.015330,0.013840,0.050781
50,6,6,694.9642,710.5184,-1.659728,-0.069461,-0.071908,0.141986
51,6,6,698.7278,710.5184,-1.780042,0.015146,0.014512,0.015685
52,6,6,700.2896,710.5184,-1.841753,0.002696,0.002590,0.002821
53,7,5,744.0650,730.2523,-1.723196,0.049973,0.046259,0.062682
54,7,5,751.2936,730.2523,-1.540401,0.024750,0.023260,0.082117
55,7,5,753.8357,730.2523,-1.490867,0.007573,0.006168,0.080085
56,8,4,779.7873,789.4533,-1.912076,0.003803,0.003502,0.004365
57,1,9,806.8313,809.1867,-2.535975,-0.129966,-0.129564,0.143537
58,1,9,806.9980,809.1867,-2.567849,-0.142546,-0.142374,0.168732
59,9,1,814.6507,809.1867,-2.170539,0.035522,0.033779,0.041266
60,9,1,823.1121,809.1867,-1.764243,0.035234,0.034742,0.040114
61,2,9,828.3711,838.7865,-1.905974,-0.115286,-0.114723,0.138502
62,2,9,833.7877,838.7865,-2.224782,-0.026120,-0.025979,0.032013
63,6,7,842.1474,838.7865,-2.397198,0.030348,0.027028,0.037280
64,5,8,860.0389,878.2525,-1.683224,0.000056,0.000053,0.000057
65,5,8,861.5335,878.2525,-1.720410,0.001923,0.001824,0.001970
66,9,3,888.3895,888.1188,-3.516105,0.022460,0.021545,0.001028
67,9,3,906.6730,888.1188,-1.680031,0.016074,0.015592,0.019025
68,9,3,910.9931,888.1188,-1.589125,0.013832,0.013584,0.016561
69,9,3,917.9624,888.1188,-1.473620,0.004508,0.003789,0.029399
70,9,4,942.7584,957.1826,-1.821906,0.002167,-0.000616,0.037615
71,7,7,968.2699,967.0487,-2.898632,-0.000000,-0.000000,-0.000000
72,7,7,976.3093,967.0487,-2.018810,0.000000,0.000000,0.000000
73,6,8,991.2964,986.7808,-2.339503,0.070894,0.070224,0.073364
74,6,8,991.4289,986.7808,-2.326943,0.073900,0.073055,0.076811
75,1,10,993.7467,996.6468,-2.536139,0.002402,0.002349,-0.001643
76,10,1,1010.0694,996.6468,-1.870702,0.029950,0.029683,0.032442
77,10,2,1011.6794,1026.2445,-1.847936,-0.116114,-0.115100,0.132322
78,2,10,1029.0763,1026.2445,-2.559188,0.037885,0.035029,0.043714
79,5,9,1037.5171,1045.9762,-2.092198,0.020465,0.019448,0.021719
80,5,9,1039.9053,1045.9762,-2.236271,-0.002197,-0.002326,0.004077
81,5,9,1045.6049,1045.9762,-3.449821,0.004380,0.004145,0.004884
82,3,10,1070.3744,1075.5734,-2.315722,-0.011498,-0.012077,0.034756
83,10,3,1078.2655,1075.5734,-2.601543,0.049202,0.046181,0.055462
84,10,3,1082.7530,1075.5734,-2.175538,0.059290,0.056594,0.066606
85,7,8,1102.4797,1115.0359,-1.948432,0.046089,0.040261,0.053979
86,7,8,1124.9064,1115.0359,-2.052948,0.021246,0.015845,0.065590
87,10,4,1142.1335,1144.6323,-2.660927,0.020151,0.018801,0.022893
88,10,4,1143.0546,1144.6323,-2.860641,0.001658,0.001427,0.002051
89,4,10,1145.0115,1144.6323,-3.479877,-0.003485,-0.004177,0.017104
90,1,11,1190.3682,1203.8243,-1.951643,-0.075523,-0.076917,0.104900
91,1,11,1191.6483,1203.8243,-1.995058,-0.115009,-0.114834,0.127788
92,1,11,1195.6568,1203.8243,-2.168476,-0.010708,-0.010679,0.011997
93,1,11,1202.4487,1203.8243,-2.942066,0.053622,0.045384,0.066854
94,11,1,1207.9139,1203.8243,-2.468889,0.037347,0.036371,0.039563
95,11,1,1209.0576,1203.8243,-2.361789,0.007289,0.004189,0.047714
96,11,1,1209.4733,1203.8243,-2.328595,0.010491,0.010243,0.011161
97,2,11,1228.1242,1233.4198,-2.367190,0.003679,0.003018,0.004703
98,11,2,1235.9722,1233.4198,-2.684172,0.001527,0.001461,0.001668
99,11,2,1241.6039,1233.4198,-2.178143,0.038958,0.035172,0.022131
100,11,2,1246.8411,1233.4198,-1.963317,0.004063,0.003909,0.004660
101,8,8,1264.8109,1263.0150,-2.847129,0.001671,0.001528,0.001939
102,7,9,1275.9996,1282.7449,-2.279136,-0.000000,0.000000,0.000000
103,9,7,1290.1295,1282.7449,-2.239816,-0.005208,-0.010692,0.059853
104,9,7,1299.8116,1282.7449,-1.875992,0.005990,0.004348,0.009357
105,9,7,1309.2601,1282.7449,-1.684645,-0.006391,-0.007449,0.020129
106,9,7,1311.1094,1282.7449,-1.655365,0.000000,0.000000,0.000000
107,6,10,1318.4801,1341.9339,-1.757519,0.000000,0.000000,-0.000000
108,6,10,1338.2053,1341.9339,-2.556185,-0.002515,-0.002939,0.005148
109,4,11,1349.7231,1351.7986,-2.813798,0.000060,-0.000112,0.001626
110,11,4,1358.9667,1351.7986,-2.275507,0.000466,0.000345,0.000746
111,11,4,1364.8420,1351.7986,-2.015520,0.005934,0.004088,0.010362
112,11,4,1369.4377,1351.7986,-1.884435,0.004020,0.003004,0.008198
113,12,1,1396.4804,1430.7149,-1.621089,-0.015761,-0.016540,0.027543
114,12,1,1397.8468,1430.7149,-1.638778,0.011481,0.008920,0.014548
115,12,1,1399.0339,1430.7149,-1.654753,0.015998,0.010497,0.025172
116,12,1,1404.8250,1430.7149,-1.742423,-0.103085,-0.102778,0.110560
117,12,1,1406.9613,1430.7149,-1.779823,-0.086798,-0.087462,0.104576
118,12,1,1414.6455,1430.7149,-1.949553,0.005063,0.004412,0.006058
119,12,1,1414.7295,1430.7149,-1.951830,0.009309,0.003884,0.035461
120,12,1,1419.6516,1430.7149,-2.111670,0.054872,0.051831,0.057931
121,9,8,1431.7389,1430.7149,-3.145262,0.000767,0.000605,0.001098
122,5,11,1440.5807,1440.5793,-6.011102,0.000602,0.000549,0.000704
123,5,11,1446.4284,1440.5793,-2.391451,0.018992,0.017870,0.021503
124,12,2,1457.6036,1460.3079,-2.732378,0.010904,0.007636,0.018767
125,2,12,1461.8510,1460.3079,-2.976050,0.020618,0.015302,0.030358
126,10,7,1467.6567,1470.1722,-2.766736,0.000000,-0.000000,-0.000000
127,7,10,1471.0999,1470.1722,-3.199969,-0.003444,-0.006215,0.028701
128,7,10,1473.7270,1470.1722,-2.616559,0.002746,0.002084,0.004120
129,7,10,1484.6522,1470.1722,-2.006599,0.020797,0.016948,0.013432
130,12,3,1497.7557,1509.6289,-2.104302,0.008017,0.006953,0.009740
131,12,3,1500.0053,1509.6289,-2.195533,0.014269,0.009830,0.022333
132,3,12,1509.9344,1509.6289,-3.693854,0.000000,0.000000,-0.000000
133,3,12,1516.1769,1509.6289,-2.362765,0.029832,0.025052,0.031822
134,6,11,1536.3871,1549.0851,-2.086342,0.000681,0.000404,0.001285
135,6,11,1537.3009,1549.0851,-2.118776,-0.012593,-0.013093,0.018842
136,11,6,1550.3796,1549.0851,-3.077951,0.000000,-0.000000,-0.000000
137,11,6,1552.1498,1549.0851,-2.703681,-0.001628,-0.008858,0.066672
138,11,6,1553.2791,1549.0851,-2.567444,0.000000,-0.000000,-0.000000
139,12,4,1572.3004,1578.6768,-2.393717,0.000334,0.000194,0.000922
140,4,12,1582.2733,1578.6768,-2.642418,0.020610,0.014754,0.031591
141,4,12,1584.7155,1578.6768,-2.417351,0.036077,0.032089,0.023435
142,9,9,1603.9244,1598.4045,-2.461755,0.001009,0.000620,0.001936
143,8,10,1616.9512,1618.1320,-3.136865,0.007033,0.004756,0.012141
144,10,8,1628.6914,1618.1320,-2.185372,0.023938,0.023065,0.025907
145,10,8,1629.2044,1618.1320,-2.164772,0.015255,0.014449,0.026233
146,10,8,1639.1569,1618.1320,-1.886279,0.018900,0.015878,0.026206
147,10,8,1639.7526,1618.1320,-1.874145,0.008428,0.007920,0.009808
148,10,8,1641.1022,1618.1320,-1.847849,0.006623,0.006709,-0.004939
149,10,8,1641.1074,1618.1320,-1.847750,0.007564,0.005583,0.012061
150,12,5,1644.0625,1667.4501,-1.853068,0.010161,0.007010,0.015455
151,12,5,1650.5348,1667.4501,-1.993774,0.000000,0.000000,-0.000000
152,12,5,1658.2322,1667.4501,-2.257424,0.043436,0.040087,0.047870
153,12,5,1663.5375,1667.4501,-2.629590,0.000104,0.000093,0.000123
154,1,13,1673.7309,1677.3136,-2.670407,0.009446,0.007666,0.012693
155,13,1,1689.5029,1677.3136,-2.138635,0.000725,0.000399,0.001888
156,2,13,1699.3275,1706.9039,-2.352745,0.011213,0.010680,-0.000342
157,2,13,1700.5317,1706.9039,-2.427922,0.003514,0.002597,0.005422
158,2,13,1705.9923,1706.9039,-3.272418,-0.000409,-0.000574,0.002078
159,13,2,1715.9263,1706.9039,-2.276890,0.018487,0.013686,0.028759
160,13,2,1723.2914,1706.9039,-2.017698,0.010866,0.008246,0.016723
161,13,2,1730.7210,1706.9039,-1.855320,0.000352,0.000210,0.001087
162,13,3,1745.5251,1756.2204,-2.215385,-0.000903,-0.000918,0.001145
163,3,13,1762.7613,1756.2204,-2.428942,0.000812,-0.000415,0.009646
164,3,13,1765.6659,1756.2204,-2.269354,0.013544,0.010226,0.020558
165,6,12,1769.5477,1775.9468,-2.443311,-0.010030,-0.010369,0.017024
166,12,6,1779.9353,1775.9468,-2.648623,0.004130,0.003502,0.005382
167,10,9,1801.3298,1785.8099,-2.060947,0.000205,0.000188,-0.000014
168,13,4,1812.1165,1825.2620,-2.142547,0.003261,0.002810,-0.000522
169,8,11,1825.9914,1825.2620,-3.398379,-0.001756,-0.002004,0.003087
170,8,11,1831.3821,1825.2620,-2.474565,0.000650,0.000375,0.005723
171,8,11,1833.3825,1825.2620,-2.351741,-0.001521,-0.001939,0.005513
172,8,11,1840.5200,1825.2620,-2.077829,0.013830,0.012491,0.016373
173,8,11,1841.1136,1825.2620,-2.061252,0.003486,0.003116,0.004212
174,8,11,1845.8120,1825.2620,-1.948513,-0.003991,-0.004173,0.004747
175,8,11,1847.9718,1825.2620,-1.905113,0.014504,0.011368,0.021474
176,8,11,1851.4362,1825.2620,-1.843452,-0.008039,-0.009039,0.015315
177,8,11,1859.9201,1825.2620,-1.721521,0.014904,0.012221,0.021550
178,7,12,1866.6475,1904.1646,-1.705476,0.011019,0.008196,0.019252
179,7,12,1867.4528,1904.1646,-1.714899,0.011205,0.010189,0.007113
180,7,12,1878.3929,1904.1646,-1.868562,0.005254,0.004416,0.006326
181,7,12,1897.7375,1904.1646,-2.471694,0.026430,0.021536,0.035333
182,13,5,1914.8669,1914.0272,-3.357817,0.001614,0.001543,-0.001395
183,13,5,1923.3875,1914.0272,-2.310659,-0.010712,-0.010808,0.014792
184,13,5,1926.2715,1914.0272,-2.194014,0.005919,0.004972,0.007829
185,1,14,1934.0990,1943.6150,-2.310156,0.016083,0.014092,0.012551
186,1,14,1935.7548,1943.6150,-2.393180,0.001719,0.001275,0.002578
187,14,1,1948.0603,1943.6150,-2.640709,0.000359,0.000236,0.000623
188,10,10,1970.0927,1973.2024,-2.802456,0.003863,0.003049,0.005424
189,10,10,1970.4495,1973.2024,-2.855375,-0.007226,-0.007261,0.007863
190,9,11,2002.6257,1992.9272,-2.312783,0.017310,0.014688,0.016369
191,9,11,2004.0231,1992.9272,-2.254326,-0.004094,-0.005190,0.019589
192,9,11,2006.2594,1992.9272,-2.174588,0.001460,0.001131,0.002153
193,14,3,2018.0093,2022.5141,-2.652221,0.018950,0.016388,0.007873
194,8,12,2046.3871,2052.1006,-2.555293,0.010361,0.006527,0.017917
195,14,4,2085.7908,2091.5489,-2.560187,0.004282,0.003069,0.006583
196,14,4,2087.9205,2091.5489,-2.760753,-0.000000,-0.000000,0.000000
197,14,4,2087.9727,2091.5489,-2.767047,0.027534,0.025687,0.024289
198,14,4,2090.4450,2091.5489,-3.277568,0.011406,0.008344,0.017415
199,4,14,2095.4767,2091.5489,-2.726317,0.029533,0.027047,0.033113
200,4,14,2096.1367,2091.5489,-2.658858,0.014370,0.013053,0.016344
201,4,14,2098.2693,2091.5489,-2.493072,0.003939,0.002055,0.018913
202,4,14,2104.0186,2091.5489,-2.224612,-0.012133,-0.013236,0.032090
203,4,14,2108.9351,2091.5489,-2.080263,0.000000,0.000000,-0.000000
204,4,14,2112.0687,2091.5489,-2.008295,0.008531,0.006296,0.013383
205,4,14,2113.2049,2091.5489,-1.984889,0.005958,0.004930,0.008327
206,13,7,2125.0272,2150.7202,-1.922769,0.011837,0.008678,0.029724
207,13,7,2134.3895,2150.7202,-2.119580,0.000000,-0.000000,-0.000000
208,13,7,2139.8128,2150.7202,-2.294863,0.021114,0.018865,0.024162
209,13,7,2142.1980,2150.7202,-2.402036,0.004966,0.003934,0.005999
210,7,13,2155.8833,2150.7202,-2.619669,0.024464,0.019806,0.023883
211,5,14,2181.4402,2180.3053,-3.283585,0.005673,0.005121,0.000915
212,5,14,2181.6408,2180.3053,-3.212902,0.015160,0.013321,0.009467
213,5,14,2191.2872,2180.3053,-2.297841,0.001158,0.000971,0.001526
214,5,14,2191.5835,2180.3053,-2.286281,0.000000,-0.000000,-0.000000
215,5,14,2192.8288,2180.3053,-2.240793,0.000000,-0.000000,-0.000000
216,9,12,2201.2018,2219.7517,-2.077961,0.000390,0.000178,0.001798
217,9,12,2203.6964,2219.7517,-2.140686,0.010047,0.007698,0.018345
218,9,12,2209.5720,2219.7517,-2.338567,0.001083,0.000898,0.001342
219,12,9,2222.0692,2219.7517,-2.981288,0.002852,0.002287,0.003795
220,15,1,2226.7667,2229.6132,-2.893910,0.019545,0.016233,0.024580
221,1,15,2234.2387,2229.6132,-2.683071,0.001499,0.001225,0.002000
222,1,15,2239.2259,2229.6132,-2.365384,0.004856,0.003851,0.006422
223,15,2,2257.0194,2259.1975,-3.015869,0.000866,0.000618,0.001326
224,2,15,2261.4682,2259.1975,-2.997812,0.000652,0.000571,0.000416
225,14,6,2276.0726,2288.7815,-2.255495,0.003816,0.003056,0.004955
226,14,6,2278.2161,2288.7815,-2.335718,0.000000,0.000000,0.000000
227,14,6,2284.2593,2288.7815,-2.704256,0.000000,0.000000,0.000000
228,6,14,2289.7396,2288.7815,-3.378210,0.008194,0.007299,0.012832
229,13,8,2297.1378,2298.6428,-3.183947,-0.011571,-0.019168,0.062575
230,13,8,2298.4865,2298.6428,-4.167531,0.014088,0.011741,0.018241
231,3,15,2327.1225,2308.5040,-2.093385,0.009789,0.009147,0.007975
232,15,4,2360.0336,2377.5315,-2.133140,0.013886,0.011756,0.014055
233,15,4,2365.2673,2377.5315,-2.287485,0.000245,0.000200,0.000558
234,15,4,2370.6481,2377.5315,-2.538320,0.004110,0.003287,0.005437
235,11,11,2388.5006,2387.3925,-3.333317,0.000485,-0.002432,0.029383
236,11,11,2392.4895,2387.3925,-2.670606,0.000578,0.000415,0.000874
237,10,12,2403.3483,2407.1142,-2.805622,0.007019,0.005589,0.009582
238,12,10,2407.7783,2407.1142,-3.559299,-0.009905,-0.009908,0.011751
239,7,14,2440.9473,2416.9751,-2.003563,0.000000,0.000000,0.000000
240,5,15,2458.0521,2466.2787,-2.476825,0.000390,-0.000001,0.004204
241,9,13,2466.3573,2466.2787,-4.496347,-0.000793,-0.002460,0.019146
242,9,13,2468.1678,2466.2787,-3.115786,0.002816,0.000781,0.027418
243,9,13,2471.6932,2466.2787,-2.658481,0.015865,0.012196,0.022526
244,9,13,2500.5687,2466.2787,-1.856874,0.006322,0.004489,0.010114
245,14,8,2516.5258,2564.8831,-1.724605,0.012117,0.010255,0.014233
246,8,14,2567.7455,2564.8831,-2.952345,-0.000448,-0.000688,0.001615
247,15,6,2570.8533,2574.7434,-2.820778,0.009544,0.006842,0.023575
248,12,11,2601.0269,2614.1840,-2.298174,0.001517,0.001476,-0.001301
249,12,11,2605.5546,2614.1840,-2.481351,-0.000000,-0.000000,0.000000
250,12,11,2605.6786,2614.1840,-2.487637,0.003407,0.002772,0.004432
251,11,12,2620.7200,2614.1840,-2.602030,0.002165,0.001709,0.002950
252,11,12,2629.5007,2614.1840,-2.232174,0.000066,0.000059,0.000080
253,11,12,2632.9097,2614.1840,-2.144900,0.000000,0.000000,0.000000
254,13,10,2634.9024,2653.6241,-2.151495,0.008956,0.008015,0.010032
255,13,10,2635.9127,2653.6241,-2.175587,-0.000056,-0.000058,0.000315
256,13,10,2636.4524,2653.6241,-2.189027,0.004539,0.004109,0.005139
257,13,10,2644.5799,2653.6241,-2.467467,0.006518,0.005884,0.008049
258,13,10,2645.0471,2653.6241,-2.490501,0.009710,0.008749,0.011561
259,13,10,2645.8660,2653.6241,-2.534085,0.011963,0.010835,0.013235
260,13,10,2647.1512,2653.6241,-2.612742,0.005799,0.005214,0.006522
261,10,13,2658.5849,2653.6241,-2.728288,0.005090,0.004644,0.002005
262,10,13,2662.0025,2653.6241,-2.500679,0.031623,0.028759,0.037701
263,10,13,2662.2108,2653.6241,-2.490013,0.001778,0.001609,0.002043
264,10,13,2662.6337,2653.6241,-2.469134,0.000313,0.000281,0.000360
265,15,7,2679.4936,2702.9234,-2.062066,0.000000,-0.000000,0.000000
266,15,7,2682.3548,2702.9234,-2.118629,0.007075,0.006295,0.007916
267,15,7,2683.8245,2702.9234,-2.150825,0.000000,0.000000,0.000000
268,15,7,2690.4083,2702.9234,-2.334399,0.004969,0.005155,0.000234
269,15,7,2699.9016,2702.9234,-2.951569,-0.000000,-0.000000,-0.000000
270,7,15,2712.2693,2702.9234,-2.461215,0.000000,0.000000,-0.000000
271,7,15,2715.0800,2702.9234,-2.347023,0.000000,0.000000,-0.000000
272,7,15,2715.3693,2702.9234,-2.336809,-0.000000,-0.000000,0.000000
273,14,9,2730.0839,2732.5026,-3.052991,0.000000,0.000000,-0.000000
274,9,14,2736.0824,2732.5026,-2.882693,-0.000000,0.000000,-0.000000
275,9,14,2737.3326,2732.5026,-2.752608,0.016673,0.013787,0.021582
276,9,14,2749.2543,2732.5026,-2.212501,-0.000000,-0.000000,0.000000
277,9,14,2750.7146,2732.5026,-2.176201,0.001462,0.000938,0.005730
278,9,14,2761.8753,2732.5026,-1.968616,0.000000,-0.000000,0.000000
279,9,14,2762.8650,2732.5026,-1.954223,0.009775,0.008693,0.011809
280,9,14,2765.7249,2732.5026,-1.915130,0.000000,0.000000,-0.000000
281,9,14,2772.6416,2732.5026,-1.832994,0.000000,0.000000,-0.000000
282,12,12,2787.0939,2840.9567,-1.722176,0.006665,0.005648,0.007595
283,12,12,2806.9961,2840.9567,-1.922490,0.019014,0.016752,0.021474
284,12,12,2808.8414,2840.9567,-1.946753,0.007664,0.006636,0.008806
285,12,12,2830.6082,2840.9567,-2.438591,0.012346,0.010366,0.015071
286,12,12,2839.3952,2840.9567,-3.259933,0.000000,0.000000,0.000000
287,15,8,2854.9104,2850.8159,-2.842770,-0.000000,-0.000000,0.000000
288,11,13,2862.2057,2860.6751,-3.271607,0.002888,0.002490,0.003514
289,11,13,2869.6162,2860.6751,-2.505076,0.000689,0.000320,0.003091
290,11,13,2872.6200,2860.6751,-2.379285,0.015333,0.013033,0.019159
291,11,13,2888.1023,2860.6751,-2.018287,-0.000290,-0.000437,0.003600
292,14,10,2913.3798,2919.8296,-2.655809,-0.000000,-0.000000,-0.000000
293,14,10,2918.0588,2919.8296,-3.217171,0.020477,0.019494,-0.006126
294,10,14,2945.9991,2919.8296,-2.047562,0.012074,0.010834,0.014598
295,10,14,2946.4866,2919.8296,-2.039546,0.000000,-0.000000,0.000000
296,9,15,2977.3990,3018.4176,-1.866798,-0.003373,-0.003456,0.005843
297,9,15,2978.3280,3018.4176,-1.876747,0.003578,0.003034,0.009421
298,9,15,2984.8630,3018.4176,-1.954026,0.000000,0.000000,0.000000
299,9,15,2987.5526,3018.4176,-1.990313,0.008738,0.007117,0.010800
300,9,15,3016.7075,3018.4176,-3.246746,0.003603,0.002613,0.005208
301,15,9,3033.5723,3018.4176,-2.299234,-0.005421,-0.006514,0.015286
302,13,12,3078.8066,3087.4271,-2.554063,0.009312,0.008144,0.011120
303,12,13,3094.5876,3087.4271,-2.634652,0.005680,0.004608,0.007412
304,12,13,3098.2786,3087.4271,-2.454108,0.009618,0.008976,-0.004513
305,14,11,3109.3986,3126.8603,-2.253022,0.004392,0.003682,0.005353
306,14,11,3117.9149,3126.8603,-2.543510,0.021556,0.019456,0.008937
307,11,14,3143.9237,3126.8603,-2.263044,0.006825,0.005416,0.009145
308,11,14,3147.8534,3126.8603,-2.173033,0.012790,0.012789,-0.001877
309,11,14,3162.3392,3126.8603,-1.945138,0.004697,0.003658,0.010470
310,10,15,3185.0662,3205.7250,-2.190821,0.011244,0.009293,0.013784
311,15,10,3211.7801,3205.7250,-2.723802,0.001127,0.000878,0.001514
312,15,10,3226.5811,3205.7250,-2.186692,0.011217,0.011368,0.009004
313,13,13,3280.1368,3333.8752,-1.792665,0.005567,0.004684,0.006423
314,13,13,3287.3813,3333.8752,-1.855554,0.008616,0.007825,-0.003195
315,13,13,3297.5492,3333.8752,-1.962732,0.002697,0.002248,0.003188
316,13,13,3308.4838,3333.8752,-2.118263,0.003274,0.002771,0.003873
317,12,14,3364.3393,3353.5900,-2.494132,0.004103,0.004496,-0.001030
318,11,15,3399.4294,3412.7338,-2.409107,0.000049,0.000041,0.000061
319,15,11,3449.2799,3412.7338,-1.970262,0.000000,0.000000,-0.000000
320,15,11,3451.6799,3412.7338,-1.942639,0.002344,0.002026,0.002916
321,15,11,3489.2296,3412.7338,-1.649465,-0.000451,-0.000655,0.003795
322,15,11,3499.8708,3412.7338,-1.592900,0.001994,0.001777,0.002537
323,14,13,3517.4688,3600.0139,-1.639613,0.011507,0.010991,0.010896
324,14,13,3517.8226,3600.0139,-1.641478,0.009430,0.009074,0.009011
325,14,13,3518.2536,3600.0139,-1.643762,-0.000000,0.000000,0.000000
326,14,13,3518.4378,3600.0139,-1.644741,0.000401,0.000287,0.001492
327,14,13,3526.6446,3600.0139,-1.690790,-0.000000,-0.000000,0.000000
328,14,13,3527.5435,3600.0139,-1.696143,-0.000000,-0.000000,0.000000
329,14,13,3527.7422,3600.0139,-1.697336,0.000793,0.000766,0.000762
330,14,13,3529.6917,3600.0139,-1.709212,0.000586,0.000566,0.000565
331,14,13,3534.8885,3600.0139,-1.742553,0.005984,0.005881,0.005705
332,14,13,3535.4382,3600.0139,-1.746235,0.006394,0.006218,0.005670
333,14,13,3535.5097,3600.0139,-1.746716,-0.000000,-0.000000,0.000000
334,14,13,3535.5309,3600.0139,-1.746859,0.000556,0.000543,0.000534
335,14,13,3536.3914,3600.0139,-1.752693,0.007745,0.007541,0.007446
336,14,13,3536.4666,3600.0139,-1.753207,0.010955,0.010660,0.010547
337,14,13,3538.5103,3600.0139,-1.767404,0.005422,0.005382,0.006213
338,14,13,3539.0038,3600.0139,-1.770902,0.000828,0.000839,0.000791
339,14,13,3541.8777,3600.0139,-1.791858,0.000000,0.000000,0.000000
340,14,13,3541.9261,3600.0139,-1.792219,0.004899,0.004795,0.004714
341,14,13,3542.9767,3600.0139,-1.800146,0.000624,0.000621,0.000686
342,14,13,3543.1253,3600.0139,-1.801279,0.006781,0.006778,0.005398
343,14,13,3544.7944,3600.0139,-1.814211,0.007865,0.007875,0.007428
344,14,13,3544.8623,3600.0139,-1.814746,-0.000000,0.000000,0.000000
345,14,13,3547.2573,3600.0139,-1.834027,0.000739,0.000716,0.000165
346,14,13,3547.8822,3600.0139,-1.839202,0.000365,0.000345,0.000528
347,14,13,3548.5877,3600.0139,-1.845120,0.000905,0.000910,0.000854
348,14,13,3548.6400,3600.0139,-1.845562,0.009902,0.009958,0.009349
349,14,13,3550.6065,3600.0139,-1.862512,-0.000000,-0.000000,0.000000
350,14,13,3551.1254,3600.0139,-1.867097,0.000977,0.000964,0.001343
351,14,13,3551.1673,3600.0139,-1.867470,-0.000000,-0.000000,0.000000
352,14,13,3551.3613,3600.0139,-1.869198,-0.000000,-0.000000,0.000000
353,14,13,3551.3789,3600.0139,-1.869355,0.010875,0.011045,0.010192
354,14,13,3551.4800,3600.0139,-1.870259,0.004318,0.004038,0.005516
355,14,13,3556.7693,3600.0139,-1.920372,0.005991,0.005831,0.005029
356,14,13,3560.7282,3600.0139,-1.962069,0.008977,0.008954,0.004707
357,14,13,3573.5374,3600.0139,-2.133443,-0.000000,-0.000000,0.000000
358,14,13,3574.5108,3600.0139,-2.149710,0.000000,0.000000,0.000000
359,14,13,3580.9100,3600.0139,-2.275181,0.004361,0.003659,0.003242
360,14,13,3590.3920,3600.0139,-2.573043,0.000828,0.000797,0.000861
361,13,14,3601.1372,3600.0139,-3.505799,-0.000000,-0.000000,0.000000
362,13,14,3601.3406,3600.0139,-3.433535,-0.000000,-0.000000,0.000000
363,13,14,3611.7730,3600.0139,-2.485933,0.000000,0.000000,0.000000
364,13,14,3614.3841,3600.0139,-2.398842,0.000179,0.000193,0.000266
365,13,14,3619.1077,3600.0139,-2.275411,0.000000,-0.000000,0.000000
366,12,15,3647.7379,3639.4397,-2.642047,0.000000,0.000000,0.000000
367,12,15,3652.8348,3639.4397,-2.434086,0.007204,0.006303,0.008864
368,12,15,3675.8502,3639.4397,-1.999808,-0.000000,-0.000000,0.000000
369,12,15,3676.8750,3639.4397,-1.987753,0.002199,0.002104,0.002418
370,12,15,3687.3153,3639.4397,-1.880920,0.000000,-0.000000,0.000000
371,12,15,3694.7885,3639.4397,-1.817926,-0.001630,-0.001848,0.013070
372,12,15,3725.4573,3639.4397,-1.626447,0.004412,0.003535,0.006142
373,12,15,3744.1278,3639.4397,-1.541137,0.001837,0.001813,0.002115
374,14,14,3754.4882,3866.1266,-1.539463,-0.000000,0.000000,-0.000000
375,14,14,3761.9901,3866.1266,-1.569673,0.000000,0.000000,0.000000
376,14,14,3768.0513,3866.1266,-1.595717,0.011712,0.010522,0.004271
377,14,14,3832.4357,3866.1266,-2.059765,0.003266,0.003040,0.003466
378,14,14,3835.0291,3866.1266,-2.094551,0.000000,0.000000,-0.000000
379,14,14,3839.9467,3866.1266,-2.169308,0.000000,-0.000000,-0.000000
380,14,14,3857.6047,3866.1266,-2.656740,0.000000,0.000000,0.000000
381,14,14,3858.4044,3866.1266,-2.699536,0.006827,0.006048,0.007794
382,15,13,3880.6074,3885.8376,-2.870966,0.003715,0.003272,0.004271
383,15,13,3884.4031,3885.8376,-3.432790,0.001113,0.000961,0.001306
384,13,15,3902.5936,3885.8376,-2.365313,-0.000159,-0.000192,0.000450
385,13,15,3902.9350,3885.8376,-2.356555,0.005899,0.006570,0.004567
386,13,15,3925.7736,3885.8376,-1.988120,0.000406,0.000338,0.000520
387,13,15,3936.6031,3885.8376,-1.883916,0.007154,0.006548,0.008331
388,13,15,3936.9276,3885.8376,-1.881148,0.004153,0.003948,0.002415
389,13,15,3969.5890,3885.8376,-1.666493,0.000150,0.000141,0.000177
390,13,15,4001.0105,3885.8376,-1.528134,0.000747,0.000684,0.007482
391,13,15,4006.4101,3885.8376,-1.508236,0.000645,0.000576,0.000830
392,15,14,4021.3741,4151.9222,-1.502479,0.001832,0.001626,0.001836
393,15,14,4057.8016,4151.9222,-1.644565,0.001511,0.001366,0.001545
394,15,14,4110.8365,4151.9222,-2.004559,0.000000,0.000000,-0.000000
395,15,14,4146.6251,4151.9222,-2.894211,0.013393,0.012283,0.003540
396,14,15,4181.9684,4151.9222,-2.140459,0.000000,-0.000000,0.000000
397,14,15,4183.9624,4151.9222,-2.112554,0.005076,0.004683,0.005775
398,14,15,4199.8987,4151.9222,-1.937221,-0.000152,0.000158,0.001859
399,14,15,4226.5608,4151.9222,-1.745286,0.000000,-0.000000,0.000000
400,14,15,4233.1719,4151.9222,-1.708427,-0.000000,-0.000000,0.000000
401,15,15,86864.6620,4437.6877,1.268913,0.000000,0.000000,0.000000
402,15,15,86864.6620,4437.6877,1.268913,0.000000,0.000000,0.000000
403,15,15,86865.9615,4437.6877,1.268919,0.000000,0.000000,0.000000
404,15,15,86865.9624,4437.6877,1.268919,0.000000,0.000000,0.000000
405,15,15,86865.9635,4437.6877,1.268919,0.000000,0.000000,0.000000
406,15,15,86865.9644,4437.6877,1.268919,0.000000,0.000000,0.000000
407,15,15,86867.9739,4437.6877,1.268930,0.000000,0.000000,0.000000
408,15,15,86867.9739,4437.6877,1.268930,0.000000,0.000000,0.000000
409,15,15,86870.6488,4437.6877,1.268944,0.000000,0.000000,-0.000000
410,15,15,86870.6587,4437.6877,1.268944,0.000000,0.000000,0.000000
411,15,15,86870.6643,4437.6877,1.268944,0.000000,0.000000,-0.000000
412,15,15,86870.6744,4437.6877,1.268944,0.000000,0.000000,0.000000
413,15,15,86873.6932,4437.6877,1.268960,0.000000,0.000000,0.000000
414,15,15,86873.6956,4437.6877,1.268960,0.000000,0.000000,0.000000
415,15,15,86873.8463,4437.6877,1.268961,0.000000,0.000000,-0.000000
416,15,15,86873.8487,4437.6877,1.268961,0.000000,0.000000,0.000000
417,15,15,86886.1918,4437.6877,1.269026,0.000000,0.000000,0.000000
418,15,15,86886.3109,4437.6877,1.269027,0.000000,0.000000,0.000000
419,15,15,86886.5213,4437.6877,1.269028,0.000000,0.000000,0.000000
420,15,15,86886.6731,4437.6877,1.269029,0.000000,0.000000,0.000000
421,15,15,86890.3418,4437.6877,1.269048,0.000000,0.000000,0.000000
422,15,15,86890.4623,4437.6877,1.269049,-0.000000,-0.000000,0.000000
423,15,15,86894.2620,4437.6877,1.269069,0.000000,0.000000,0.000000
424,15,15,86894.6204,4437.6877,1.269070,0.000000,0.000000,0.000000
425,15,15,86898.2073,4437.6877,1.269089,-0.000000,-0.000000,0.000000
426,15,15,86899.6502,4437.6877,1.269097,0.000000,0.000000,0.000000
427,15,15,86900.5807,4437.6877,1.269102,0.000000,-0.000000,0.000000
428,15,15,86902.8692,4437.6877,1.269114,0.000000,0.000000,0.000000
429,15,15,86905.4771,4437.6877,1.269128,0.000000,0.000000,0.000000
430,15,15,86908.5370,4437.6877,1.269144,0.000000,0.000000,0.000000
431,15,15,86909.5857,4437.6877,1.269149,0.000000,0.000000,-0.000000
432,15,15,86913.0219,4437.6877,1.269167,0.000000,0.000000,0.000000
433,15,15,86916.6758,4437.6877,1.269187,0.000000,0.000000,0.000000
434,15,15,86920.4935,4437.6877,1.269207,0.000000,0.000000,0.000000
435,15,15,86922.5139,4437.6877,1.269217,0.000000,0.000000,0.000000
436,15,15,86927.0714,4437.6877,1.269241,0.000000,0.000000,0.000000
437,15,15,86930.7216,4437.6877,1.269261,0.000000,0.000000,-0.000000
438,15,15,86935.9125,4437.6877,1.269288,0.000000,0.000000,0.000000
439,15,15,86938.6650,4437.6877,1.269302,0.000000,0.000000,0.000000
440,15,15,86944.9811,4437.6877,1.269336,-0.000000,0.000000,-0.000000
441,15,15,86947.9578,4437.6877,1.269351,0.000000,0.000000,0.000000
442,15,15,86954.6385,4437.6877,1.269386,0.000000,0.000000,0.000000
443,15,15,86959.2574,4437.6877,1.269411,0.000000,0.000000,0.000000
444,15,15,86967.3599,4437.6877,1.269453,0.000000,0.000000,0.000000
445,15,15,86969.3744,4437.6877,1.269464,0.000000,0.000000,0.000000
446,15,15,86978.4227,4437.6877,1.269512,0.000000,0.000000,-0.000000
447,15,15,86982.8096,4437.6877,1.269535,0.000000,0.000000,-0.000000
448,15,15,86990.0661,4437.6877,1.269573,0.000000,0.000000,0.000000
449,15,15,87000.8276,4437.6877,1.269629,0.000000,0.000000,0.000000
450,15,15,87007.6161,4437.6877,1.269665,0.000000,0.000000,0.000000
451,15,15,87017.2129,4437.6877,1.269716,0.000000,0.000000,0.000000
452,15,15,87027.6891,4437.6877,1.269771,0.000000,0.000000,0.000000
453,15,15,87030.5221,4437.6877,1.269786,0.000000,0.000000,0.000000
454,15,15,87041.7335,4437.6877,1.269845,0.000000,0.000000,0.000000
455,15,15,87053.4300,4437.6877,1.269906,0.000000,-0.000000,0.000000
456,15,15,87064.3649,4437.6877,1.269964,0.000000,0.000000,0.000000
457,15,15,87071.3180,4437.6877,1.270000,0.000000,0.000000,0.000000
458,15,15,87086.3610,4437.6877,1.270079,0.000000,0.000000,0.000000
459,15,15,87088.5154,4437.6877,1.270090,0.000000,0.000000,0.000000
460,15,15,87105.7073,4437.6877,1.270181,0.000000,0.000000,-0.000000
461,15,15,87106.6749,4437.6877,1.270186,0.000000,0.000000,0.000000
462,15,15,87118.6912,4437.6877,1.270249,0.000000,0.000000,0.000000
463,15,15,87127.5556,4437.6877,1.270296,0.000000,0.000000,-0.000000
464,15,15,87131.2792,4437.6877,1.270315,0.000000,0.000000,0.000000
465,15,15,87175.7152,4437.6877,1.270548,0.000000,0.000000,0.000000
466,15,15,87176.0643,4437.6877,1.270550,0.000000,0.000000,0.000000
467,15,15,87231.8281,4437.6877,1.270843,0.000000,0.000000,0.000000
468,15,15,87232.1145,4437.6877,1.270844,0.000000,0.000000,0.000000
469,15,15,87266.3413,4437.6877,1.271024,0.000000,0.000000,-0.000000
470,15,15,87267.4069,4437.6877,1.271029,0.000000,0.000000,0.000000
471,15,15,87274.3830,4437.6877,1.271066,0.000000,0.000000,0.000000
472,15,15,87275.3501,4437.6877,1.271071,0.000000,0.000000,0.000000
473,15,15,87323.2177,4437.6877,1.271322,0.000000,0.000000,0.000000
474,15,15,87323.6013,4437.6877,1.271324,0.000000,0.000000,0.000000
475,15,15,87337.4790,4437.6877,1.271397,0.000000,0.000000,0.000000
476,15,15,87338.1860,4437.6877,1.271400,0.000000,0.000000,0.000000
477,15,15,87345.5383,4437.6877,1.271439,0.000000,0.000000,-0.000000
478,15,15,87346.0663,4437.6877,1.271442,0.000000,0.000000,0.000000
479,15,15,87354.3317,4437.6877,1.271485,0.000000,0.000000,0.000000
480,15,15,87354.4429,4437.6877,1.271486,0.000000,0.000000,0.000000
481,15,15,122669.3526,4437.6877,1.425577,0.000000,0.000000,0.000000
482,15,15,122669.3526,4437.6877,1.425577,0.000000,0.000000,0.000000
483,15,15,122828.6956,4437.6877,1.426162,0.000000,0.000000,0.000000
484,15,15,122828.6956,4437.6877,1.426162,0.000000,0.000000,0.000000
485,15,15,6479492.5726,4437.6877,3.164087,0.004447,3.752808,6.649143
486,15,15,6479493.4449,4437.6877,3.164087,0.005586,3.819421,6.715756
487,15,15,6479494.0583,4437.6877,3.164087,0.002923,3.596564,6.492899
488,15,15,6479494.9937,4437.6877,3.164087,0.000000,-0.000000,0.000000
489,15,15,6479680.7702,4437.6877,3.164099,0.000000,0.000000,0.000000
490,15,15,6479680.9876,4437.6877,3.164099,0.005723,3.757851,6.654205
491,15,15,6479683.7138,4437.6877,3.164100,-0.000000,-0.000000,0.000000
492,15,15,6479686.4650,4437.6877,3.164100,0.000000,0.000000,0.000000
493,15,15,6479687.4242,4437.6877,3.164100,-0.000044,3.637329,6.533683
494,15,15,6479689.6802,4437.6877,3.164100,0.000000,0.000000,0.000000
495,15,15,6479695.7395,4437.6877,3.164100,0.000000,-0.000000,0.000000
496,15,15,6479696.0469,4437.6877,3.164100,0.000000,0.000000,0.000000
497,15,15,6479867.8265,4437.6877,3.164112,0.000000,0.000000,0.000000
498,15,15,6479869.2172,4437.6877,3.164112,0.000000,0.000000,0.000000
499,15,15,6479880.5306,4437.6877,3.164113,0.000000,-0.000000,-0.000000
500,15,15,6479881.6368,4437.6877,3.164113,0.000000,-0.000000,0.000000
501,15,15,6479931.3807,4437.6877,3.164116,0.005274,3.754966,6.651350
502,15,15,6479931.8445,4437.6877,3.164116,0.000000,0.000000,0.000000
503,15,15,6479932.6370,4437.6877,3.164116,0.000000,0.000000,0.000000
504,15,15,6479932.6673,4437.6877,3.164116,-0.000000,0.000000,0.000000
505,15,15,6479936.9361,4437.6877,3.164117,0.000000,0.000000,0.000000
506,15,15,6479938.4579,4437.6877,3.164117,-0.000000,-0.000000,0.000000
507,15,15,6479938.8093,4437.6877,3.164117,0.000000,0.000000,0.000000
508,15,15,6479938.8551,4437.6877,3.164117,0.000000,0.000000,0.000000
509,15,15,6480058.3431,4437.6877,3.164125,0.000000,0.000000,0.000000
510,15,15,6480058.7787,4437.6877,3.164125,0.000000,0.000000,0.000000
511,15,15,6480058.7862,4437.6877,3.164125,-0.000000,-0.000000,-0.000000
512,15,15,6480058.8357,4437.6877,3.164125,0.000000,0.000000,0.000000
513,15,15,6480060.9809,4437.6877,3.164125,-0.000000,0.000000,0.000000
514,15,15,6480061.3249,4437.6877,3.164125,0.000000,-0.000000,-0.000000
515,15,15,6480061.3411,4437.6877,3.164125,0.000000,0.000000,0.000000
516,15,15,6480061.3547,4437.6877,3.164125,0.000000,0.000000,0.000000
517,15,15,6480077.9384,4437.6877,3.164126,0.000000,0.000000,0.000000
518,15,15,6480078.6601,4437.6877,3.164126,0.000000,-0.000000,-0.000000
519,15,15,6480078.7443,4437.6877,3.164126,0.000000,-0.000000,0.000000
520,15,15,6480078.7532,4437.6877,3.164126,0.000000,0.000000,0.000000
521,15,15,6480099.5641,4437.6877,3.164127,0.000000,0.000000,0.000000
522,15,15,6480099.9067,4437.6877,3.164127,0.000000,0.000000,0.000000
523,15,15,6480099.9144,4437.6877,3.164127,0.000000,0.000000,0.000000
524,15,15,6480100.3431,4437.6877,3.164127,0.000000,0.000000,0.000000
525,15,15,6480112.1463,4437.6877,3.164128,0.000000,0.000000,0.000000
526,15,15,6480112.2304,4437.6877,3.164128,-0.000000,-0.000000,-0.000000
527,15,15,6480116.1859,4437.6877,3.164129,0.000000,-0.000000,-0.000000
528,15,15,6480116.4451,4437.6877,3.164129,0.000000,0.000000,0.000000
529,15,15,6480119.9768,4437.6877,3.164129,0.000000,-0.000000,0.000000
530,15,15,6480122.2569,4437.6877,3.164129,0.000000,0.000000,-0.000000
531,15,15,6480125.5427,4437.6877,3.164129,0.000000,0.000000,0.000000
532,15,15,6480127.1917,4437.6877,3.164129,-0.000000,-0.000000,0.000000
533,15,15,6480129.1570,4437.6877,3.164129,0.000000,0.000000,0.000000
534,15,15,6480129.4333,4437.6877,3.164129,0.000000,0.000000,0.000000
535,15,15,6480130.1559,4437.6877,3.164129,-0.000000,-0.000000,0.000000
536,15,15,6480130.3502,4437.6877,3.164129,0.000000,0.000000,0.000000
537,15,15,6480146.6608,4437.6877,3.164131,0.000000,0.000000,0.000000
538,15,15,6480147.3950,4437.6877,3.164131,0.000000,0.000000,0.000000
539,15,15,6480147.7330,4437.6877,3.164131,-0.000000,-0.000000,-0.000000
540,15,15,6480150.5126,4437.6877,3.164131,0.000000,0.000000,0.000000
541,15,15,6480156.5411,4437.6877,3.164131,0.000000,-0.000000,0.000000
542,15,15,6480156.6766,4437.6877,3.164131,0.000000,0.000000,0.000000
543,15,15,6480156.7583,4437.6877,3.164131,0.000000,0.000000,0.000000
544,15,15,6480157.4579,4437.6877,3.164131,0.000000,0.000000,0.000000
545,15,15,6480171.2144,4437.6877,3.164132,0.000000,-0.000000,0.000000
546,15,15,6480171.2306,4437.6877,3.164132,0.000000,0.000000,0.000000
547,15,15,6480172.0928,4437.6877,3.164132,0.000000,-0.000000,-0.000000
548,15,15,6480172.1128,4437.6877,3.164132,0.000000,0.000000,0.000000
549,15,15,6480211.5405,4437.6877,3.164135,0.000000,0.000000,0.000000
550,15,15,6480211.9620,4437.6877,3.164135,-0.000000,0.000000,0.000000
551,15,15,6480212.6181,4437.6877,3.164135,-0.000000,-0.000000,0.000000
552,15,15,6480212.7473,4437.6877,3.164135,0.000000,0.000000,0.000000
553,15,15,6480232.9820,4437.6877,3.164136,0.000000,0.000000,0.000000
554,15,15,6480234.0340,4437.6877,3.164136,0.000000,0.000000,0.000000
555,15,15,6480234.6282,4437.6877,3.164136,-0.000000,-0.000000,0.000000
556,15,15,6480235.3990,4437.6877,3.164137,0.000000,0.000000,0.000000
557,15,15,6480237.8768,4437.6877,3.164137,0.000000,0.000000,0.000000
558,15,15,6480238.0648,4437.6877,3.164137,0.000000,-0.000000,-0.000000
559,15,15,6480239.9386,4437.6877,3.164137,0.000000,-0.000000,0.000000
560,15,15,6480240.2988,4437.6877,3.164137,0.000000,0.000000,0.000000
561,15,15,6480243.2503,4437.6877,3.164137,0.000000,-0.000000,0.000000
562,15,15,6480243.4528,4437.6877,3.164137,0.000000,0.000000,0.000000
563,15,15,6480243.5047,4437.6877,3.164137,0.000000,-0.000000,0.000000
564,15,15,6480245.3256,4437.6877,3.164137,0.000000,0.000000,0.000000
565,15,15,6480250.5463,4437.6877,3.164138,0.009222,4.006690,6.903133
566,15,15,6480250.5516,4437.6877,3.164138,0.002786,3.434031,6.330475
567,15,15,6480250.6143,4437.6877,3.164138,0.000452,3.337512,6.233955
568,15,15,6480250.7916,4437.6877,3.164138,0.000000,-0.000000,0.000000
569,15,15,6480253.0786,4437.6877,3.164138,0.002636,3.619435,6.515878
570,15,15,6480253.1564,4437.6877,3.164138,0.012702,3.963869,6.860312
571,15,15,6480253.3019,4437.6877,3.164138,0.000000,0.000000,0.000000
572,15,15,6480253.3639,4437.6877,3.164138,0.012515,3.765435,6.661877
573,15,15,6480256.6589,4437.6877,3.164138,0.000000,-0.000000,0.000000
574,15,15,6480256.7983,4437.6877,3.164138,0.000000,0.000000,0.000000
575,15,15,6480262.0732,4437.6877,3.164138,0.000000,-0.000000,0.000000
576,15,15,6480262.1843,4437.6877,3.164138,0.000000,0.000000,0.000000
577,15,15,6480278.1776,4437.6877,3.164139,0.000000,0.000000,0.000000
578,15,15,6480278.7116,4437.6877,3.164139,-0.000000,-0.000000,-0.000000
579,15,15,6480282.5831,4437.6877,3.164140,0.000000,-0.000000,0.000000
580,15,15,6480284.5964,4437.6877,3.164140,0.000000,-0.000000,0.000000
581,15,15,6480307.8199,4437.6877,3.164141,-0.000000,-0.000000,0.000000
582,15,15,6480307.9464,4437.6877,3.164141,0.000000,0.000000,0.000000
583,15,15,6480312.5959,4437.6877,3.164142,-0.000000,-0.000000,-0.000000
584,15,15,6480312.6544,4437.6877,3.164142,0.000000,0.000000,0.000000
585,15,15,6480325.9290,4437.6877,3.164143,0.000000,0.000000,0.000000
586,15,15,6480325.9474,4437.6877,3.164143,0.000000,0.000000,0.000000
587,15,15,6480326.1080,4437.6877,3.164143,-0.000000,-0.000000,0.000000
588,15,15,6480326.9304,4437.6877,3.164143,-0.000000,-0.000000,-0.000000
589,15,15,6480331.6971,4437.6877,3.164143,0.000000,0.000000,0.000000
590,15,15,6480333.3534,4437.6877,3.164143,0.000000,0.000000,0.000000
591,15,15,6480334.0845,4437.6877,3.164143,0.000000,0.000000,0.000000
592,15,15,6480335.4815,4437.6877,3.164143,0.000000,0.000000,0.000000
593,15,15,6480347.8098,4437.6877,3.164144,0.000000,-0.000000,-0.000000
594,15,15,6480350.0716,4437.6877,3.164144,0.000000,-0.000000,-0.000000
595,15,15,6480354.0431,4437.6877,3.164144,0.000000,0.000000,0.000000
596,15,15,6480354.9188,4437.6877,3.164145,0.000000,0.000000,0.000000
597,15,15,6480356.4668,4437.6877,3.164145,0.000000,0.000000,0.000000
598,15,15,6480360.4604,4437.6877,3.164145,-0.000000,-0.000000,-0.000000
599,15,15,6480362.2732,4437.6877,3.164145,0.000000,0.000000,0.000000
600,15,15,6480370.6023,4437.6877,3.164146,0.000000,0.000000,0.000000
601,15,15,6480390.0311,4437.6877,3.164147,-0.000000,-0.000000,0.000000
602,15,15,6480390.1781,4437.6877,3.164147,0.000000,0.000000,0.000000
603,15,15,6480395.2313,4437.6877,3.164147,0.000000,0.000000,0.000000
604,15,15,6480395.2677,4437.6877,3.164147,0.000000,0.000000,0.000000
605,15,15,6480395.7273,4437.6877,3.164147,0.000000,0.000000,0.000000
606,15,15,6480398.0217,4437.6877,3.164147,0.000000,-0.000000,0.000000
607,15,15,6480404.0149,4437.6877,3.164148,0.000000,0.000000,0.000000
608,15,15,6480406.2349,4437.6877,3.164148,0.000000,0.000000,0.000000
609,15,15,6480413.4334,4437.6877,3.164148,0.000000,0.000000,0.000000
610,15,15,6480415.1173,4437.6877,3.164149,0.000000,0.000000,0.000000
611,15,15,6480417.0497,4437.6877,3.164149,0.000000,0.000000,0.000000
612,15,15,6480419.5671,4437.6877,3.164149,0.000000,-0.000000,0.000000
613,15,15,6480430.2003,4437.6877,3.164150,0.000000,0.000000,0.000000
614,15,15,6480430.6382,4437.6877,3.164150,-0.000000,-0.000000,0.000000
615,15,15,6480431.2418,4437.6877,3.164150,0.000000,-0.000000,0.000000
616,15,15,6480431.4048,4437.6877,3.164150,0.000000,0.000000,0.000000
617,15,15,6480436.5174,4437.6877,3.164150,0.000000,0.000000,0.000000
618,15,15,6480436.6258,4437.6877,3.164150,0.000000,0.000000,0.000000
619,15,15,6480437.4806,4437.6877,3.164150,0.000000,-0.000000,-0.000000
620,15,15,6480437.4902,4437.6877,3.164150,0.000000,0.000000,0.000000
621,15,15,6480475.6886,4437.6877,3.164153,0.000000,-0.000000,-0.000000
622,15,15,6480476.4157,4437.6877,3.164153,0.000000,0.000000,0.000000
623,15,15,6480479.2519,4437.6877,3.164153,0.000000,-0.000000,-0.000000
624,15,15,6480479.7654,4437.6877,3.164153,0.000000,0.000000,0.000000
625,15,15,6480491.1037,4437.6877,3.164154,0.000000,-0.000000,-0.000000
626,15,15,6480491.6652,4437.6877,3.164154,0.000000,0.000000,0.000000
627,15,15,6480491.8119,4437.6877,3.164154,0.000000,0.000000,0.000000
628,15,15,6480494.6535,4437.6877,3.164154,0.000000,-0.000000,-0.000000
629,15,15,6480495.8784,4437.6877,3.164154,-0.000000,0.000000,0.000000
630,15,15,6480496.1831,4437.6877,3.164154,0.000000,0.000000,0.000000
631,15,15,6480509.9526,4437.6877,3.164155,0.000000,0.000000,0.000000
632,15,15,6480510.0533,4437.6877,3.164155,0.000000,0.000000,0.000000
633,15,15,6480516.4772,4437.6877,3.164155,0.000000,-0.000000,0.000000
634,15,15,6480517.1816,4437.6877,3.164155,0.000000,0.000000,0.000000
635,15,15,6480527.6910,4437.6877,3.164156,0.000000,-0.000000,-0.000000
636,15,15,6480531.7105,4437.6877,3.164156,0.000000,0.000000,0.000000
637,15,15,6480538.6631,4437.6877,3.164157,0.000000,0.000000,0.000000
638,15,15,6480542.0667,4437.6877,3.164157,0.000000,0.000000,0.000000
639,15,15,6480542.4703,4437.6877,3.164157,0.000000,-0.000000,-0.000000
640,15,15,6480544.9843,4437.6877,3.164157,0.000000,0.000000,0.000000
641,15,15,6480553.2917,4437.6877,3.164158,0.000000,-0.000000,-0.000000
642,15,15,6480553.3998,4437.6877,3.164158,0.000000,-0.000000,-0.000000
643,15,15,6480557.7580,4437.6877,3.164158,0.000000,0.000000,0.000000
644,15,15,6480558.1466,4437.6877,3.164158,0.000000,0.000000,0.000000
645,15,15,6480559.2539,4437.6877,3.164158,0.000000,0.000000,0.000000
646,15,15,6480567.2742,4437.6877,3.164159,0.000000,-0.000000,-0.000000
647,15,15,6480567.9552,4437.6877,3.164159,0.000000,-0.000000,-0.000000
648,15,15,6480570.9826,4437.6877,3.164159,0.000000,0.000000,0.000000
649,15,15,6480574.0271,4437.6877,3.164159,0.000000,0.000000,0.000000
650,15,15,6480584.4710,4437.6877,3.164160,0.000000,0.000000,0.000000
651,15,15,6480584.7605,4437.6877,3.164160,0.000000,-0.000000,-0.000000
652,15,15,6480593.9016,4437.6877,3.164161,0.000000,0.000000,0.000000
653,15,15,6480596.9654,4437.6877,3.164161,0.000000,0.000000,0.000000
654,15,15,6480598.6708,4437.6877,3.164161,0.000000,0.000000,0.000000
655,15,15,6480600.5772,4437.6877,3.164161,0.000000,0.000000,0.000000
656,15,15,6480603.1105,4437.6877,3.164161,0.000000,0.000000,0.000000
657,15,15,6480624.2067,4437.6877,3.164163,0.000000,-0.000000,0.000000
658,15,15,6480624.4723,4437.6877,3.164163,0.000000,0.000000,0.000000
659,15,15,6480633.9947,4437.6877,3.164163,-0.000000,0.000000,-0.000000
660,15,15,6480634.8762,4437.6877,3.164163,-0.000000,-0.000000,0.000000
661,15,15,6480647.9785,4437.6877,3.164164,0.000000,0.000000,0.000000
662,15,15,6480649.6412,4437.6877,3.164164,0.000000,0.000000,0.000000
663,15,15,6480653.8850,4437.6877,3.164165,0.000000,-0.000000,-0.000000
664,15,15,6480655.6233,4437.6877,3.164165,0.000000,0.000000,0.000000
665,15,15,6480662.7531,4437.6877,3.164165,0.000000,-0.000000,-0.000000
666,15,15,6480663.2990,4437.6877,3.164165,0.000000,-0.000000,0.000000
667,15,15,6480663.3127,4437.6877,3.164165,0.000000,0.000000,0.000000
668,15,15,6480664.0516,4437.6877,3.164165,0.000000,0.000000,0.000000
669,15,15,6480669.7277,4437.6877,3.164166,0.000000,0.000000,0.000000
670,15,15,6480670.9380,4437.6877,3.164166,0.000000,-0.000000,0.000000
671,15,15,6480671.5547,4437.6877,3.164166,0.000000,0.000000,0.000000
672,15,15,6480672.4746,4437.6877,3.164166,0.000000,0.000000,0.000000
673,15,15,6480706.3878,4437.6877,3.164168,0.000000,0.000000,0.000000
674,15,15,6480706.8092,4437.6877,3.164168,0.000000,0.000000,0.000000
675,15,15,6480708.3871,4437.6877,3.164168,0.000000,0.000000,0.000000
676,15,15,6480711.0967,4437.6877,3.164168,0.000000,-0.000000,0.000000
677,15,15,6480712.6082,4437.6877,3.164169,0.000000,0.000000,0.000000
678,15,15,6480713.8008,4437.6877,3.164169,0.000000,0.000000,0.000000
679,15,15,6480714.0224,4437.6877,3.164169,0.000000,0.000000,0.000000
680,15,15,6480715.1489,4437.6877,3.164169,0.000000,-0.000000,0.000000
681,15,15,6480724.9952,4437.6877,3.164169,0.000000,0.000000,0.000000
682,15,15,6480725.9361,4437.6877,3.164169,0.000000,-0.000000,-0.000000
683,15,15,6480726.2158,4437.6877,3.164169,0.000000,0.000000,0.000000
684,15,15,6480731.4422,4437.6877,3.164170,0.000000,0.000000,0.000000
685,15,15,6480740.9764,4437.6877,3.164170,0.000000,0.000000,0.000000
686,15,15,6480746.0966,4437.6877,3.164171,0.000000,0.000000,0.000000
687,15,15,6480746.8965,4437.6877,3.164171,0.000000,-0.000000,-0.000000
688,15,15,6480748.2728,4437.6877,3.164171,0.000000,-0.000000,-0.000000
689,15,15,6480748.4322,4437.6877,3.164171,0.000000,0.000000,-0.000000
690,15,15,6480750.6012,4437.6877,3.164171,0.000000,0.000000,0.000000
691,15,15,6480750.6251,4437.6877,3.164171,0.000000,0.000000,0.000000
692,15,15,6480754.7385,4437.6877,3.164171,0.000000,0.000000,0.000000
693,15,15,6480754.9014,4437.6877,3.164171,0.000000,-0.000000,-0.000000
694,15,15,6480756.9006,4437.6877,3.164172,0.000000,0.000000,0.000000
695,15,15,6480757.0904,4437.6877,3.164172,0.000000,-0.000000,-0.000000
696,15,15,6480757.5796,4437.6877,3.164172,0.000000,-0.000000,0.000000
697,15,15,6480761.0859,4437.6877,3.164172,0.000000,0.000000,0.000000
698,15,15,6480762.1385,4437.6877,3.164172,0.000000,0.000000,0.000000
699,15,15,6480762.1643,4437.6877,3.164172,0.000000,0.000000,0.000000
700,15,15,6480766.5799,4437.6877,3.164172,-0.000000,-0.000000,0.000000
701,15,15,6480769.9920,4437.6877,3.164172,0.000000,0.000000,0.000000
702,15,15,6480771.0832,4437.6877,3.164172,0.000000,0.000000,0.000000
703,15,15,6480775.9491,4437.6877,3.164173,0.000000,0.000000,0.000000
704,15,15,6480775.9547,4437.6877,3.164173,0.000000,-0.000000,-0.000000
705,15,15,6480779.3832,4437.6877,3.164173,0.000000,0.000000,0.000000
706,15,15,6480780.0966,4437.6877,3.164173,0.000000,0.000000,0.000000
707,15,15,6480780.2875,4437.6877,3.164173,0.000000,-0.000000,0.000000
708,15,15,6480780.5660,4437.6877,3.164173,0.000000,0.000000,0.000000
709,15,15,6480782.3709,4437.6877,3.164173,0.000000,0.000000,0.000000
710,15,15,6480783.5752,4437.6877,3.164173,0.000000,0.000000,0.000000
711,15,15,6480788.6012,4437.6877,3.164174,0.000000,0.000000,0.000000
712,15,15,6480789.0273,4437.6877,3.164174,0.000000,0.000000,0.000000
713,15,15,6480789.4549,4437.6877,3.164174,0.000000,0.000000,0.000000
714,15,15,6480792.6203,4437.6877,3.164174,0.000000,0.000000,0.000000
715,15,15,6480793.7597,4437.6877,3.164174,-0.000000,-0.000000,0.000000
716,15,15,6480793.8961,4437.6877,3.164174,0.000000,0.000000,0.000000
717,15,15,6480796.2372,4437.6877,3.164174,0.000000,0.000000,0.000000
718,15,15,6480797.2192,4437.6877,3.164174,0.000000,0.000000,0.000000
719,15,15,6480797.6227,4437.6877,3.164174,0.000000,0.000000,0.000000
720,15,15,6480798.2323,4437.6877,3.164174,0.000000,0.000000,0.000000
721,15,15,6480807.9916,4437.6877,3.164175,0.000000,0.000000,0.000000
722,15,15,6480808.8073,4437.6877,3.164175,0.000000,0.000000,0.000000
723,15,15,6480809.0069,4437.6877,3.164175,0.000000,0.000000,0.000000
724,15,15,6480810.9605,4437.6877,3.164175,0.000000,0.000000,0.000000
725,15,15,6480811.5035,4437.6877,3.164175,0.000000,0.000000,0.000000
726,15,15,6480813.5913,4437.6877,3.164175,0.000000,-0.000000,-0.000000
727,15,15,6480814.9054,4437.6877,3.164175,0.000000,0.000000,0.000000
728,15,15,6480815.2539,4437.6877,3.164175,0.000000,0.000000,0.000000
729,15,15,6480816.7733,4437.6877,3.164176,-0.000000,0.000000,0.000000
730,15,15,6480818.0175,4437.6877,3.164176,-0.000000,0.000000,0.000000
731,15,15,6480819.1239,4437.6877,3.164176,0.000000,0.000000,0.000000
732,15,15,6480821.9058,4437.6877,3.164176,0.000000,0.000000,0.000000
733,15,15,6480823.0451,4437.6877,3.164176,0.000000,0.000000,0.000000
734,15,15,6480823.6724,4437.6877,3.164176,0.000000,0.000000,0.000000
735,15,15,6480826.3912,4437.6877,3.164176,0.000000,-0.000000,0.000000
736,15,15,6480827.2930,4437.6877,3.164176,0.000000,0.000000,0.000000
737,15,15,6480830.2900,4437.6877,3.164176,0.000000,0.000000,0.000000
738,15,15,6480830.3412,4437.6877,3.164176,0.000000,0.000000,0.000000
739,15,15,6480832.4465,4437.6877,3.164177,0.000000,0.000000,0.000000
740,15,15,6480837.1820,4437.6877,3.164177,0.000000,0.000000,0.000000
741,15,15,6480840.5749,4437.6877,3.164177,0.000000,0.000000,0.000000
742,15,15,6480842.5526,4437.6877,3.164177,0.000000,0.000000,0.000000
743,15,15,6480843.2143,4437.6877,3.164177,0.000000,-0.000000,0.000000
744,15,15,6480844.6583,4437.6877,3.164177,0.000000,-0.000000,0.000000
745,15,15,6480844.7532,4437.6877,3.164177,0.000000,-0.000000,-0.000000
746,15,15,6480845.4891,4437.6877,3.164177,0.000000,0.000000,0.000000
747,15,15,6480846.1483,4437.6877,3.164177,0.000000,0.000000,0.000000
748,15,15,6480846.7145,4437.6877,3.164178,0.000000,0.000000,0.000000
749,15,15,6480847.2606,4437.6877,3.164178,0.000000,0.000000,-0.000000
750,15,15,6480848.5641,4437.6877,3.164178,0.000000,0.000000,0.000000
751,15,15,6480848.7383,4437.6877,3.164178,0.000000,0.000000,0.000000
752,15,15,6480849.4102,4437.6877,3.164178,0.000000,-0.000000,0.000000
753,15,15,6480849.7072,4437.6877,3.164178,0.000000,0.000000,0.000000
754,15,15,6480851.0053,4437.6877,3.164178,0.000000,0.000000,0.000000
755,15,15,6480852.4023,4437.6877,3.164178,0.000000,0.000000,0.000000
756,15,15,6480852.8514,4437.6877,3.164178,-0.000000,-0.000000,0.000000
757,15,15,6480853.1211,4437.6877,3.164178,0.000000,0.000000,0.000000
758,15,15,6480854.0864,4437.6877,3.164178,-0.000000,0.000000,0.000000
759,15,15,6480857.0673,4437.6877,3.164178,0.000000,-0.000000,0.000000
760,15,15,6480857.6289,4437.6877,3.164178,0.000000,0.000000,0.000000
761,15,15,6480857.6878,4437.6877,3.164178,-0.000000,-0.000000,0.000000
762,15,15,6480857.9685,4437.6877,3.164178,0.000000,0.000000,0.000000
763,15,15,6480859.8724,4437.6877,3.164178,0.000000,0.000000,0.000000
764,15,15,6480862.3936,4437.6877,3.164179,0.000000,-0.000000,-0.000000
765,15,15,6480863.6123,4437.6877,3.164179,0.000000,-0.000000,0.000000
766,15,15,6480866.4765,4437.6877,3.164179,0.000000,0.000000,0.000000
767,15,15,6480866.8215,4437.6877,3.164179,0.000000,0.000000,0.000000
768,15,15,6480867.2344,4437.6877,3.164179,-0.000000,-0.000000,0.000000
769,15,15,6480868.1885,4437.6877,3.164179,0.000000,-0.000000,0.000000
770,15,15,6480869.4968,4437.6877,3.164179,-0.000000,0.000000,0.000000
771,15,15,6480869.6117,4437.6877,3.164179,0.000000,0.000000,0.000000
772,15,15,6480870.6900,4437.6877,3.164179,0.000000,-0.000000,0.000000
773,15,15,6480871.8011,4437.6877,3.164179,0.000000,0.000000,0.000000
774,15,15,6480873.4653,4437.6877,3.164179,0.000000,0.000000,0.000000
775,15,15,6480873.6331,4437.6877,3.164179,0.000000,0.000000,0.000000
776,15,15,6480874.9505,4437.6877,3.164179,-0.000000,-0.000000,0.000000
777,15,15,6480875.0804,4437.6877,3.164179,0.000000,0.000000,0.000000
778,15,15,6480875.1025,4437.6877,3.164179,0.000000,-0.000000,0.000000
779,15,15,6480875.1965,4437.6877,3.164179,0.000000,0.000000,0.000000
780,15,15,6480876.1733,4437.6877,3.164180,0.000000,0.000000,0.000000
781,15,15,6480876.2105,4437.6877,3.164180,0.000000,-0.000000,0.000000
782,15,15,6480877.0242,4437.6877,3.164180,0.000000,-0.000000,0.000000
783,15,15,6480877.0778,4437.6877,3.164180,0.000000,0.000000,0.000000
784,15,15,6480877.2196,4437.6877,3.164180,0.000000,0.000000,0.000000
785,15,15,6480878.1854,4437.6877,3.164180,-0.000000,-0.000000,-0.000000
786,15,15,6480881.1120,4437.6877,3.164180,0.000000,0.000000,0.000000
787,15,15,6480881.2269,4437.6877,3.164180,0.000000,-0.000000,0.000000
788,15,15,6480883.6942,4437.6877,3.164180,0.000000,0.000000,0.000000
789,15,15,6480883.7788,4437.6877,3.164180,0.000000,-0.000000,0.000000
790,15,15,6480884.8867,4437.6877,3.164180,0.000000,0.000000,0.000000
791,15,15,6480886.6879,4437.6877,3.164180,0.000000,0.000000,0.000000
792,15,15,6480887.6088,4437.6877,3.164180,0.000000,0.000000,0.000000
793,15,15,6480888.0882,4437.6877,3.164180,-0.000000,-0.000000,0.000000
794,15,15,6480888.3191,4437.6877,3.164180,0.000000,-0.000000,0.000000
795,15,15,6480889.0698,4437.6877,3.164180,0.000000,0.000000,0.000000
796,15,15,6480889.4211,4437.6877,3.164180,0.000000,0.000000,0.000000
797,15,15,6480889.8505,4437.6877,3.164180,0.000000,0.000000,0.000000
798,15,15,6480893.5795,4437.6877,3.164181,0.000000,0.000000,0.000000
799,15,15,6480895.9703,4437.6877,3.164181,0.000000,-0.000000,0.000000
800,15,15,6480899.2572,4437.6877,3.164181,-0.000000,-0.000000,0.000000
801,15,15,6480900.4155,4437.6877,3.164181,0.000000,0.000000,0.000000
802,15,15,6480900.4331,4437.6877,3.164181,0.000000,0.000000,0.000000
803,15,15,6480901.0268,4437.6877,3.164181,0.000000,0.000000,0.000000
804,15,15,6480904.0398,4437.6877,3.164181,-0.000000,-0.000000,0.000000
805,15,15,6480904.6548,4437.6877,3.164181,0.000000,0.000000,0.000000
806,15,15,6480910.1167,4437.6877,3.164182,-0.000000,-0.000000,-0.000000
807,15,15,6480910.4346,4437.6877,3.164182,0.000000,0.000000,0.000000
808,15,15,6480911.5964,4437.6877,3.164182,0.000000,0.000000,0.000000
809,15,15,6480911.6248,4437.6877,3.164182,0.000000,-0.000000,0.000000
810,15,15,6480912.2089,4437.6877,3.164182,0.000000,0.000000,0.000000
811,15,15,6480913.7756,4437.6877,3.164182,0.000000,0.000000,0.000000
812,15,15,6480914.2253,4437.6877,3.164182,-0.000000,-0.000000,0.000000
813,15,15,6480916.3687,4437.6877,3.164182,0.000000,0.000000,0.000000
814,15,15,6480916.7184,4437.6877,3.164182,-0.000000,-0.000000,-0.000000
815,15,15,6480920.6553,4437.6877,3.164182,0.000000,0.000000,0.000000
816,15,15,6480921.6870,4437.6877,3.164183,0.000000,0.000000,0.000000
817,15,15,6480923.8365,4437.6877,3.164183,0.000000,-0.000000,0.000000
818,15,15,6480925.7851,4437.6877,3.164183,0.000000,0.000000,0.000000
819,15,15,6480929.8775,4437.6877,3.164183,0.000000,0.000000,0.000000
820,15,15,6480933.5541,4437.6877,3.164183,0.000000,0.000000,0.000000
821,15,15,6480938.1126,4437.6877,3.164184,0.000000,-0.000000,-0.000000
822,15,15,6480938.8255,4437.6877,3.164184,0.000000,-0.000000,-0.000000
823,15,15,6480939.0649,4437.6877,3.164184,0.000000,0.000000,0.000000
824,15,15,6480940.5466,4437.6877,3.164184,-0.000000,0.000000,0.000000
825,15,15,6480940.9250,4437.6877,3.164184,0.000000,0.000000,0.000000
826,15,15,6480941.3439,4437.6877,3.164184,-0.000000,-0.000000,-0.000000
827,15,15,6480943.9820,4437.6877,3.164184,0.000000,0.000000,0.000000
828,15,15,6480945.6791,4437.6877,3.164184,0.000000,0.000000,0.000000
829,15,15,6480957.1868,4437.6877,3.164185,0.000000,0.000000,0.000000
830,15,15,6480957.2091,4437.6877,3.164185,0.000000,-0.000000,0.000000
831,15,15,6480959.6428,4437.6877,3.164185,-0.000000,0.000000,0.000000
832,15,15,6480961.5640,4437.6877,3.164185,-0.000000,0.000000,0.000000
833,15,15,6480961.8325,4437.6877,3.164185,0.000000,0.000000,0.000000
834,15,15,6480963.6929,4437.6877,3.164185,0.000000,-0.000000,0.000000
835,15,15,6480965.9943,4437.6877,3.164186,0.000000,-0.000000,-0.000000
836,15,15,6480966.1685,4437.6877,3.164186,0.000000,0.000000,0.000000
837,15,15,6480967.2834,4437.6877,3.164186,0.000000,-0.000000,0.000000
838,15,15,6480970.9111,4437.6877,3.164186,0.000000,-0.000000,-0.000000
839,15,15,6480975.3828,4437.6877,3.164186,0.000000,-0.000000,0.000000
840,15,15,6480977.0710,4437.6877,3.164186,0.000000,-0.000000,0.000000
841,15,15,6480979.2299,4437.6877,3.164186,0.000000,0.000000,0.000000
842,15,15,6480980.3406,4437.6877,3.164186,0.000000,0.000000,-0.000000
843,15,15,6480985.8263,4437.6877,3.164187,0.000000,-0.000000,0.000000
844,15,15,6480985.8747,4437.6877,3.164187,0.000000,0.000000,0.000000
845,15,15,6480985.9977,4437.6877,3.164187,0.000000,0.000000,0.000000
846,15,15,6480987.3459,4437.6877,3.164187,-0.000000,-0.000000,-0.000000
847,15,15,6480988.4873,4437.6877,3.164187,0.000000,0.000000,0.000000
848,15,15,6480989.7266,4437.6877,3.164187,0.000000,0.000000,0.000000
849,15,15,6480990.0958,4437.6877,3.164187,0.000000,0.000000,0.000000
850,15,15,6480990.1832,4437.6877,3.164187,-0.000000,-0.000000,-0.000000
851,15,15,6480990.5240,4437.6877,3.164187,0.000000,0.000000,0.000000
852,15,15,6480990.8482,4437.6877,3.164187,0.000000,0.000000,0.000000
853,15,15,6480990.9091,4437.6877,3.164187,0.000000,0.000000,0.000000
854,15,15,6480993.2095,4437.6877,3.164187,-0.000000,-0.000000,0.000000
855,15,15,6480993.2448,4437.6877,3.164187,0.000000,0.000000,0.000000
856,15,15,6480998.2469,4437.6877,3.164188,0.000000,0.000000,0.000000
857,15,15,6481002.1072,4437.6877,3.164188,0.000000,0.000000,0.000000
858,15,15,6481002.7672,4437.6877,3.164188,0.000000,0.000000,0.000000
859,15,15,6481003.5800,4437.6877,3.164188,0.000000,0.000000,0.000000
860,15,15,6481004.3456,4437.6877,3.164188,0.000000,0.000000,0.000000
861,15,15,6481009.0299,4437.6877,3.164188,0.000000,0.000000,0.000000
862,15,15,6481009.4426,4437.6877,3.164188,0.000000,0.000000,0.000000
863,15,15,6481010.0877,4437.6877,3.164188,0.000000,0.000000,0.000000
864,15,15,6481011.7475,4437.6877,3.164189,0.000000,0.000000,0.000000
865,15,15,6481024.2964,4437.6877,3.164189,0.000000,0.000000,0.000000
866,15,15,6481025.9447,4437.6877,3.164190,0.000000,0.000000,0.000000
867,15,15,6481026.6405,4437.6877,3.164190,0.000000,0.000000,0.000000
868,15,15,6481042.6153,4437.6877,3.164191,0.000000,0.000000,0.000000
869,15,15,6481043.1068,4437.6877,3.164191,0.000000,0.000000,0.000000
870,15,15,6481043.1191,4437.6877,3.164191,0.000000,-0.000000,-0.000000
871,15,15,6481043.9380,4437.6877,3.164191,0.000000,0.000000,0.000000
872,15,15,6481056.6897,4437.6877,3.164192,0.000000,0.000000,0.000000
873,15,15,6481056.8669,4437.6877,3.164192,0.000000,0.000000,0.000000
874,15,15,6481058.2781,4437.6877,3.164192,-0.000000,-0.000000,-0.000000
875,15,15,6481059.9833,4437.6877,3.164192,0.000000,0.000000,0.000000
876,15,15,6481079.2583,4437.6877,3.164193,0.000000,0.000000,0.000000
877,15,15,6481081.7257,4437.6877,3.164193,-0.000000,-0.000000,-0.000000
878,15,15,6481085.4063,4437.6877,3.164194,0.000000,0.000000,0.000000
879,15,15,6481085.4849,4437.6877,3.164194,0.000000,-0.000000,-0.000000
880,15,15,6481096.5082,4437.6877,3.164194,0.000000,0.000000,0.000000
881,15,15,6481097.8460,4437.6877,3.164194,0.000000,0.000000,0.000000
882,15,15,6481097.8907,4437.6877,3.164194,0.000000,0.000000,0.000000
883,15,15,6481100.5930,4437.6877,3.164195,0.000000,0.000000,0.000000
884,15,15,6481105.5036,4437.6877,3.164195,0.000000,0.000000,0.000000
885,15,15,6481107.3035,4437.6877,3.164195,0.000000,0.000000,0.000000
886,15,15,6481111.8239,4437.6877,3.164195,0.000000,-0.000000,-0.000000
887,15,15,6481116.5946,4437.6877,3.164196,0.000000,0.000000,0.000000
888,15,15,6481117.0517,4437.6877,3.164196,0.000000,0.000000,0.000000
889,15,15,6481121.9831,4437.6877,3.164196,0.000000,0.000000,0.000000
890,15,15,6481122.2229,4437.6877,3.164196,0.000000,0.000000,0.000000
891,15,15,6481127.6342,4437.6877,3.164196,0.000000,0.000000,0.000000
892,15,15,6481129.5289,4437.6877,3.164196,0.000000,0.000000,0.000000
893,15,15,6481133.2943,4437.6877,3.164197,0.000000,0.000000,0.000000
894,15,15,6481159.2839,4437.6877,3.164198,0.000000,0.000000,0.000000
895,15,15,6481162.6088,4437.6877,3.164199,-0.000000,-0.000000,-0.000000
896,15,15,6481175.4865,4437.6877,3.164200,0.000000,0.000000,0.000000
897,15,15,6481186.7216,4437.6877,3.164200,-0.000000,-0.000000,0.000000
898,15,15,6481187.7829,4437.6877,3.164200,-0.000000,-0.000000,0.000000
899,15,15,6481188.7909,4437.6877,3.164200,0.000000,0.000000,0.000000
900,15,15,6481207.4218,4437.6877,3.164202,0.000000,0.000000,0.000000
901,15,15,6481207.7527,4437.6877,3.164202,0.000000,0.000000,0.000000
902,15,15,6481207.9650,4437.6877,3.164202,0.000000,0.000000,0.000000
903,15,15,6481211.2842,4437.6877,3.164202,0.000000,0.000000,0.000000
904,15,15,6481220.1491,4437.6877,3.164203,0.000000,0.000000,0.000000
905,15,15,6481220.2082,4437.6877,3.164203,0.000000,0.000000,0.000000
906,15,15,6481223.7407,4437.6877,3.164203,0.000000,0.000000,0.000000
907,15,15,6481235.0853,4437.6877,3.164204,-0.000000,-0.000000,0.000000
908,15,15,6481235.4687,4437.6877,3.164204,0.000000,0.000000,0.000000
909,15,15,6481252.1889,4437.6877,3.164205,0.000000,0.000000,0.000000
910,15,15,6481253.6307,4437.6877,3.164205,0.000000,0.000000,0.000000
911,15,15,6481254.2734,4437.6877,3.164205,0.000000,0.000000,0.000000
912,15,15,6481271.7118,4437.6877,3.164206,0.000000,-0.000000,-0.000000
913,15,15,6481281.6749,4437.6877,3.164207,-0.000000,-0.000000,0.000000
914,15,15,6481281.7426,4437.6877,3.164207,0.000000,-0.000000,0.000000
915,15,15,6481292.9596,4437.6877,3.164207,0.000000,0.000000,0.000000
916,15,15,6481294.3797,4437.6877,3.164208,0.000000,0.000000,0.000000
917,15,15,6481294.4675,4437.6877,3.164208,0.000000,0.000000,0.000000
918,15,15,6481296.5789,4437.6877,3.164208,0.000000,0.000000,0.000000
919,15,15,6481299.0973,4437.6877,3.164208,-0.000000,-0.000000,-0.000000
920,15,15,6481299.5772,4437.6877,3.164208,0.000000,0.000000,0.000000
921,15,15,6481305.6491,4437.6877,3.164208,0.000000,0.000000,0.000000
922,15,15,6481310.0404,4437.6877,3.164209,0.000000,0.000000,0.000000
923,15,15,6481310.6641,4437.6877,3.164209,0.000000,0.000000,0.000000
924,15,15,6481312.0701,4437.6877,3.164209,0.000000,0.000000,0.000000
925,15,15,6481313.7569,4437.6877,3.164209,0.000000,0.000000,0.000000
926,15,15,6481315.2189,4437.6877,3.164209,0.000000,-0.000000,-0.000000
927,15,15,6481319.0793,4437.6877,3.164209,0.000000,-0.000000,0.000000
928,15,15,6481322.6340,4437.6877,3.164209,0.000000,0.000000,0.000000
929,15,15,6481332.8559,4437.6877,3.164210,0.000000,0.000000,0.000000
930,15,15,6481337.4400,4437.6877,3.164210,0.000000,0.000000,0.000000
931,15,15,6481337.5881,4437.6877,3.164210,0.000000,-0.000000,0.000000
932,15,15,6481349.6903,4437.6877,3.164211,0.000000,-0.000000,0.000000
933,15,15,6481349.7690,4437.6877,3.164211,-0.000000,-0.000000,0.000000
934,15,15,6481355.5501,4437.6877,3.164212,0.000000,0.000000,0.000000
935,15,15,6481356.8291,4437.6877,3.164212,0.000000,0.000000,0.000000
936,15,15,6481362.6944,4437.6877,3.164212,-0.000000,-0.000000,0.000000
937,15,15,6481367.3988,4437.6877,3.164212,0.000000,-0.000000,-0.000000
938,15,15,6481367.7156,4437.6877,3.164212,0.000000,0.000000,0.000000
939,15,15,6481370.6728,4437.6877,3.164213,0.000000,-0.000000,0.000000
940,15,15,6481373.2408,4437.6877,3.164213,0.000000,0.000000,0.000000
941,15,15,6481377.4907,4437.6877,3.164213,0.000000,0.000000,0.000000
942,15,15,6481380.0831,4437.6877,3.164213,0.000000,0.000000,0.000000
943,15,15,6481386.5265,4437.6877,3.164214,0.000000,0.000000,0.000000
944,15,15,6481409.0218,4437.6877,3.164215,0.000000,0.000000,0.000000
945,15,15,6481409.6108,4437.6877,3.164215,0.000000,0.000000,0.000000
946,15,15,6481409.9434,4437.6877,3.164215,-0.003866,3.097337,5.993604
947,15,15,6481411.3987,4437.6877,3.164215,0.000000,0.000000,0.000000
948,15,15,6481411.5262,4437.6877,3.164215,0.000000,0.000000,0.000000
949,15,15,6481417.7779,4437.6877,3.164216,0.000000,0.000000,0.000000
950,15,15,6481425.7223,4437.6877,3.164216,0.000000,0.000000,0.000000
951,15,15,6481431.0966,4437.6877,3.164217,0.000000,0.000000,0.000000
952,15,15,6481441.0264,4437.6877,3.164217,0.000000,-0.000000,-0.000000
953,15,15,6481443.8797,4437.6877,3.164218,0.000000,0.000000,0.000000
954,15,15,6481444.0460,4437.6877,3.164218,0.000000,-0.000000,-0.000000
955,15,15,6481452.8828,4437.6877,3.164218,0.000000,0.000000,0.000000
956,15,15,6481456.3850,4437.6877,3.164218,0.000000,0.000000,0.000000
957,15,15,6481457.2718,4437.6877,3.164218,-0.000000,0.000000,0.000000
958,15,15,6481458.5885,4437.6877,3.164219,0.000000,0.000000,0.000000
959,15,15,6481461.5339,4437.6877,3.164219,0.000000,0.000000,0.000000
960,15,15,6481487.2635,4437.6877,3.164220,0.000000,0.000000,0.000000
961,15,15,6481494.8094,4437.6877,3.164221,-0.000000,-0.000000,-0.000000
962,15,15,6481501.3809,4437.6877,3.164221,0.000000,0.000000,0.000000
963,15,15,6481504.1410,4437.6877,3.164222,0.000000,-0.000000,0.000000
964,15,15,6481505.8533,4437.6877,3.164222,0.000000,0.000000,0.000000
965,15,15,6481506.7400,4437.6877,3.164222,0.000000,0.000000,0.000000
966,15,15,6481518.4511,4437.6877,3.164223,0.000000,0.000000,0.000000
967,15,15,6481534.0580,4437.6877,3.164224,0.000000,-0.000000,0.000000
968,15,15,6481536.3633,4437.6877,3.164224,0.000000,0.000000,0.000000
969,15,15,6481540.6157,4437.6877,3.164224,-0.000000,-0.000000,0.000000
970,15,15,6481540.9052,4437.6877,3.164224,0.000000,0.000000,0.000000
971,15,15,6481549.3695,4437.6877,3.164225,0.000000,0.000000,0.000000
972,15,15,6481561.5868,4437.6877,3.164225,0.000000,-0.000000,-0.000000
973,15,15,6481580.0449,4437.6877,3.164227,0.000000,-0.000000,-0.000000
974,15,15,6481580.6489,4437.6877,3.164227,0.000000,0.000000,0.000000
975,15,15,6481582.9435,4437.6877,3.164227,-0.000000,0.000000,0.000000
976,15,15,6481592.6107,4437.6877,3.164228,0.000000,0.000000,0.000000
977,15,15,6481594.9453,4437.6877,3.164228,0.000000,0.000000,0.000000
978,15,15,6481595.9047,4437.6877,3.164228,0.000000,0.000000,0.000000
979,15,15,6481599.8338,4437.6877,3.164228,0.000000,0.000000,0.000000
980,15,15,6481602.8244,4437.6877,3.164228,0.000000,0.000000,0.000000
981,15,15,6481603.9290,4437.6877,3.164228,-0.000000,-0.000000,0.000000
982,15,15,6481606.8407,4437.6877,3.164229,0.000000,0.000000,0.000000
983,15,15,6481615.7367,4437.6877,3.164229,0.000000,0.000000,0.000000
984,15,15,6481616.8934,4437.6877,3.164229,0.000000,0.000000,0.000000
985,15,15,6481618.8958,4437.6877,3.164229,0.000000,0.000000,0.000000
986,15,15,6481621.4204,4437.6877,3.164229,0.000000,-0.000000,-0.000000
987,15,15,6481622.3023,4437.6877,3.164230,-0.000000,0.000000,0.000000
988,15,15,6481627.7135,4437.6877,3.164230,0.000000,-0.000000,-0.000000
989,15,15,6481628.2953,4437.6877,3.164230,-0.000000,0.000000,0.000000
990,15,15,6481628.5267,4437.6877,3.164230,0.000000,0.000000,0.000000
991,15,15,6481628.8104,4437.6877,3.164230,-0.000000,-0.000000,-0.000000
992,15,15,6481632.1804,4437.6877,3.164230,0.000000,0.000000,0.000000
993,15,15,6481636.5132,4437.6877,3.164230,0.000000,-0.000000,-0.000000
994,15,15,6481637.1579,4437.6877,3.164231,0.000000,-0.000000,0.000000
995,15,15,6481640.9496,4437.6877,3.164231,-0.000000,-0.000000,0.000000
996,15,15,6481643.0562,4437.6877,3.164231,-0.000000,0.000000,0.000000
997,15,15,6481651.7201,4437.6877,3.164232,0.000000,0.000000,0.000000
998,15,15,6481652.7839,4437.6877,3.164232,0.000000,0.000000,0.000000
999,15,15,6481661.7777,4437.6877,3.164232,0.000000,-0.000000,-0.000000
1000,15,15,6481662.7157,4437.6877,3.164232,-0.000000,-0.000000,0.000000
1001,15,15,6481670.6022,4437.6877,3.164233,0.000000,0.000000,0.000000
1002,15,15,6481673.2894,4437.6877,3.164233,0.000000,0.000000,0.000000
1003,15,15,6481681.3373,4437.6877,3.164233,0.000000,0.000000,0.000000
1004,15,15,6481686.3335,4437.6877,3.164234,0.000000,0.000000,0.000000
1005,15,15,6481686.6101,4437.6877,3.164234,0.000000,0.000000,0.000000
1006,15,15,6481688.6119,4437.6877,3.164234,0.000000,0.000000,0.000000
1007,15,15,6481692.3938,4437.6877,3.164234,0.000000,0.000000,0.000000
1008,15,15,6481708.8818,4437.6877,3.164235,0.000000,0.000000,0.000000
1009,15,15,6481714.8743,4437.6877,3.164236,0.000000,0.000000,0.000000
1010,15,15,6481715.7723,4437.6877,3.164236,0.000000,0.000000,0.000000
1011,15,15,6481719.5774,4437.6877,3.164236,0.000000,0.000000,0.000000
1012,15,15,6481725.2570,4437.6877,3.164236,-0.000000,0.000000,0.000000
1013,15,15,6481725.5107,4437.6877,3.164236,-0.000000,-0.000000,-0.000000
1014,15,15,6481729.7966,4437.6877,3.164237,-0.000000,-0.000000,0.000000
1015,15,15,6481730.2771,4437.6877,3.164237,0.000000,0.000000,0.000000
1016,15,15,6481743.7221,4437.6877,3.164238,0.000000,0.000000,0.000000
1017,15,15,6481750.8026,4437.6877,3.164238,0.000000,0.000000,0.000000
1018,15,15,6481751.6779,4437.6877,3.164238,0.000000,0.000000,0.000000
1019,15,15,6481753.8474,4437.6877,3.164238,0.000000,0.000000,0.000000
1020,15,15,6481759.9495,4437.6877,3.164239,0.000000,0.000000,0.000000
1021,15,15,6481759.9660,4437.6877,3.164239,0.000000,0.000000,0.000000
1022,15,15,6481761.4016,4437.6877,3.164239,0.000000,-0.000000,0.000000
1023,15,15,6481769.5728,4437.6877,3.164239,0.000000,0.000000,0.000000
1024,15,15,6481770.2388,4437.6877,3.164239,0.000000,0.000000,0.000000
1025,15,15,6481771.9058,4437.6877,3.164240,-0.000000,0.000000,0.000000
1026,15,15,6481778.3574,4437.6877,3.164240,-0.000000,-0.000000,0.000000
1027,15,15,6481786.9702,4437.6877,3.164241,0.000000,-0.000000,0.000000
1028,15,15,6481791.0707,4437.6877,3.164241,0.000000,0.000000,0.000000
1029,15,15,6481792.4663,4437.6877,3.164241,0.000000,0.000000,0.000000
1030,15,15,6481796.4066,4437.6877,3.164241,0.000000,0.000000,0.000000
1031,15,15,6481799.0449,4437.6877,3.164241,0.000000,0.000000,0.000000
1032,15,15,6481801.5792,4437.6877,3.164242,0.000000,-0.000000,0.000000
1033,15,15,6481809.9847,4437.6877,3.164242,-0.000000,-0.000000,-0.000000
1034,15,15,6481814.2850,4437.6877,3.164242,0.000000,0.000000,0.000000
1035,15,15,6481818.9437,4437.6877,3.164243,0.000000,-0.000000,-0.000000
1036,15,15,6481826.4507,4437.6877,3.164243,-0.000000,-0.000000,0.000000
1037,15,15,6481828.2489,4437.6877,3.164243,0.000000,0.000000,0.000000
1038,15,15,6481832.1062,4437.6877,3.164244,-0.000000,-0.000000,-0.000000
1039,15,15,6481840.1060,4437.6877,3.164244,0.000000,0.000000,0.000000
1040,15,15,6481845.6034,4437.6877,3.164245,0.000000,0.000000,0.000000
1041,15,15,6481845.7098,4437.6877,3.164245,0.000000,-0.000000,-0.000000
1042,15,15,6481848.7541,4437.6877,3.164245,0.000000,0.000000,0.000000
1043,15,15,6481853.2494,4437.6877,3.164245,0.000000,-0.000000,0.000000
1044,15,15,6481854.0275,4437.6877,3.164245,0.030520,3.605988,6.502535
1045,15,15,6481855.1597,4437.6877,3.164245,0.002062,3.002736,5.899284
1046,15,15,6481863.9974,4437.6877,3.164246,-0.000000,0.000000,0.000000
1047,15,15,6481864.9801,4437.6877,3.164246,-0.000000,-0.000000,-0.000000
1048,15,15,6481866.9947,4437.6877,3.164246,-0.016788,3.270669,6.167092
1049,15,15,6481867.7766,4437.6877,3.164246,0.000000,0.000000,0.000000
1050,15,15,6481867.7811,4437.6877,3.164246,0.000000,0.000000,0.000000
1051,15,15,6481867.8381,4437.6877,3.164246,0.000000,0.000000,0.000000
1052,15,15,6481872.8228,4437.6877,3.164246,0.000000,0.000000,0.000000
1053,15,15,6481876.0787,4437.6877,3.164247,0.000000,-0.000000,-0.000000
1054,15,15,6481876.1487,4437.6877,3.164247,0.000000,-0.000000,0.000000
1055,15,15,6481880.8481,4437.6877,3.164247,0.000000,0.000000,0.000000
1056,15,15,6481886.5477,4437.6877,3.164247,0.000000,0.000000,0.000000
1057,15,15,6481886.8308,4437.6877,3.164247,-0.000000,0.000000,0.000000
1058,15,15,6481889.3185,4437.6877,3.164247,-0.000000,-0.000000,0.000000
1059,15,15,6481889.4263,4437.6877,3.164247,0.000000,0.000000,0.000000
1060,15,15,6481889.8580,4437.6877,3.164247,0.000000,0.000000,0.000000
1061,15,15,6481890.8001,4437.6877,3.164248,0.000000,0.000000,0.000000
1062,15,15,6481893.2828,4437.6877,3.164248,0.000000,0.000000,0.000000
1063,15,15,6481896.7513,4437.6877,3.164248,-0.000000,0.000000,-0.000000
1064,15,15,6481897.8299,4437.6877,3.164248,0.000000,-0.000000,-0.000000
1065,15,15,6481906.2433,4437.6877,3.164249,-0.000000,-0.000000,-0.000000
1066,15,15,6481906.6810,4437.6877,3.164249,0.000000,0.000000,0.000000
1067,15,15,6481913.3959,4437.6877,3.164249,0.000000,0.000000,0.000000
1068,15,15,6481913.5810,4437.6877,3.164249,-0.000000,-0.000000,0.000000
1069,15,15,6481921.5151,4437.6877,3.164250,-0.000000,-0.000000,-0.000000
1070,15,15,6481923.4926,4437.6877,3.164250,0.000000,0.000000,0.000000
1071,15,15,6481928.1422,4437.6877,3.164250,0.026621,3.343174,6.239729
1072,15,15,6481930.5900,4437.6877,3.164250,-0.000000,-0.000000,-0.000000
1073,15,15,6481933.8068,4437.6877,3.164250,0.000000,0.000000,0.000000
1074,15,15,6481935.1330,4437.6877,3.164251,0.020059,3.237532,6.134082
1075,15,15,6481938.3250,4437.6877,3.164251,0.000000,0.000000,0.000000
1076,15,15,6481939.2239,4437.6877,3.164251,0.000874,2.470331,5.366886
1077,15,15,6481939.6919,4437.6877,3.164251,0.000000,-0.000000,0.000000
1078,15,15,6481939.8742,4437.6877,3.164251,0.000911,2.487850,5.384404
1079,15,15,6481949.2392,4437.6877,3.164251,0.000000,0.000000,0.000000
1080,15,15,6481951.6443,4437.6877,3.164252,0.000000,0.000000,0.000000
1081,15,15,6481955.3434,4437.6877,3.164252,0.000000,0.000000,0.000000
1082,15,15,6481959.2127,4437.6877,3.164252,-0.000000,-0.000000,-0.000000
1083,15,15,6481959.2636,4437.6877,3.164252,0.000000,0.000000,0.000000
1084,15,15,6481959.6744,4437.6877,3.164252,0.004644,2.988696,5.885225
1085,15,15,6481965.2420,4437.6877,3.164253,0.006182,2.926712,5.823246
1086,15,15,6481970.3285,4437.6877,3.164253,0.007301,3.119715,6.016263
1087,15,15,6481973.8457,4437.6877,3.164253,0.019467,3.399495,6.296047
1088,15,15,6481973.8994,4437.6877,3.164253,-0.000000,-0.000000,-0.000000
1089,15,15,6481977.4597,4437.6877,3.164253,-0.000000,-0.000000,0.000000
1090,15,15,6481979.2206,4437.6877,3.164253,0.018775,3.251735,6.148268
1091,15,15,6481980.0805,4437.6877,3.164254,0.019507,3.145329,6.041874
1092,15,15,6481986.5753,4437.6877,3.164254,0.000000,-0.000000,0.000000
1093,15,15,6481993.7936,4437.6877,3.164254,0.001405,2.629603,5.526146
1094,15,15,6481994.5126,4437.6877,3.164254,0.017578,3.073335,5.969888
1095,15,15,6481994.6303,4437.6877,3.164255,-0.000000,-0.000000,-0.000000
1096,15,15,6481996.2102,4437.6877,3.164255,-0.000000,0.000000,0.000000
1097,15,15,6481998.3884,4437.6877,3.164255,0.000000,0.000000,0.000000
1098,15,15,6481999.9186,4437.6877,3.164255,-0.000000,-0.000000,-0.000000
1099,15,15,6482000.0541,4437.6877,3.164255,0.000000,0.000000,0.000000
1100,15,15,6482002.9461,4437.6877,3.164255,0.004164,2.927109,5.823643
1101,15,15,6482003.4099,4437.6877,3.164255,0.010017,3.061356,5.957879
1102,15,15,6482007.6974,4437.6877,3.164255,0.000000,0.000000,0.000000
1103,15,15,6482010.3496,4437.6877,3.164256,0.009411,3.120727,6.017237
1104,15,15,6482010.5117,4437.6877,3.164256,-0.000000,0.000000,0.000000
1105,15,15,6482014.7415,4437.6877,3.164256,0.000000,-0.000000,-0.000000
1106,15,15,6482016.2799,4437.6877,3.164256,0.000000,0.000000,0.000000
1107,15,15,6482017.2845,4437.6877,3.164256,0.000000,0.000000,0.000000
1108,15,15,6482021.4912,4437.6877,3.164256,0.000000,0.000000,0.000000
1109,15,15,6482021.5703,4437.6877,3.164256,0.000000,0.000000,0.000000
1110,15,15,6482021.9632,4437.6877,3.164256,0.001583,2.739677,5.636219
1111,15,15,6482023.5508,4437.6877,3.164256,-0.000000,-0.000000,0.000000
1112,15,15,6482025.9258,4437.6877,3.164257,0.001032,2.569075,5.465606
1113,15,15,6482028.0543,4437.6877,3.164257,0.012256,3.213452,6.109942
1114,15,15,6482031.8992,4437.6877,3.164257,0.000000,-0.000000,0.000000
1115,15,15,6482032.9877,4437.6877,3.164257,0.001272,2.665995,5.562530
1116,15,15,6482035.6228,4437.6877,3.164257,-0.000704,2.640012,5.536555
1117,15,15,6482035.6863,4437.6877,3.164257,0.003202,2.918064,5.814554
1118,15,15,6482035.8593,4437.6877,3.164257,0.000000,0.000000,0.000000
1119,15,15,6482044.3210,4437.6877,3.164258,-0.000000,-0.000000,-0.000000
1120,15,15,6482044.9603,4437.6877,3.164258,0.000000,0.000000,0.000000
1121,15,15,6482046.0943,4437.6877,3.164258,0.000000,0.000000,-0.000000
1122,15,15,6482046.3231,4437.6877,3.164258,0.000000,0.000000,0.000000
1123,15,15,6482052.3703,4437.6877,3.164258,0.002165,3.191148,6.087637
1124,15,15,6482052.8474,4437.6877,3.164258,0.000000,0.000000,0.000000
1125,15,15,6482055.0615,4437.6877,3.164259,0.000000,0.000000,0.000000
1126,15,15,6482056.3712,4437.6877,3.164259,0.000000,0.000000,0.000000
1127,15,15,6482057.9218,4437.6877,3.164259,0.000000,0.000000,0.000000
1128,15,15,6482059.3956,4437.6877,3.164259,0.000000,0.000000,0.000000
1129,15,15,6482062.6465,4437.6877,3.164259,0.010036,3.060185,5.956677
1130,15,15,6482063.9838,4437.6877,3.164259,0.000000,0.000000,0.000000
1131,15,15,6482064.2635,4437.6877,3.164259,0.000000,0.000000,0.000000
1132,15,15,6482067.6930,4437.6877,3.164259,0.000000,-0.000000,0.000000
1133,15,15,6482072.8599,4437.6877,3.164260,0.004722,2.984960,5.881445
1134,15,15,6482074.3776,4437.6877,3.164260,0.022667,3.274355,6.170871
1135,15,15,6482079.3098,4437.6877,3.164260,0.001133,2.637918,5.534424
1136,15,15,6482084.2416,4437.6877,3.164261,0.012643,3.114649,6.011177
1137,15,15,6482084.5831,4437.6877,3.164261,0.000000,0.000000,0.000000
1138,15,15,6482086.8871,4437.6877,3.164261,0.029487,3.330271,6.226797
1139,15,15,6482091.1651,4437.6877,3.164261,0.000000,0.000000,0.000000
1140,15,15,6482093.3361,4437.6877,3.164261,0.010275,3.132565,6.029082
1141,15,15,6482094.5314,4437.6877,3.164261,0.000000,0.000000,0.000000
1142,15,15,6482097.2581,4437.6877,3.164261,-0.000000,0.000000,0.000000
1143,15,15,6482098.7097,4437.6877,3.164261,0.000000,0.000000,0.000000
1144,15,15,6482102.2290,4437.6877,3.164262,0.033595,3.374350,6.270888
1145,15,15,6482104.0305,4437.6877,3.164262,-0.000000,-0.000000,0.000000
1146,15,15,6482104.2064,4437.6877,3.164262,0.000000,0.000000,0.000000
1147,15,15,6482104.3783,4437.6877,3.164262,0.012905,3.103163,5.999672
1148,15,15,6482106.6636,4437.6877,3.164262,0.000000,0.000000,0.000000
1149,15,15,6482113.7608,4437.6877,3.164262,-0.000000,-0.000000,-0.000000
1150,15,15,6482119.1805,4437.6877,3.164263,0.000000,-0.000000,0.000000
1151,15,15,6482119.9975,4437.6877,3.164263,0.001339,2.509081,5.405566
1152,15,15,6482121.6155,4437.6877,3.164263,0.000401,2.440397,5.336880
1153,15,15,6482122.4925,4437.6877,3.164263,0.002619,2.847975,5.744468
1154,15,15,6482126.3356,4437.6877,3.164263,0.034389,3.418364,6.314894
1155,15,15,6482127.9011,4437.6877,3.164263,-0.000135,2.552871,5.449393
1156,15,15,6482128.1116,4437.6877,3.164263,0.000000,-0.000000,0.000000
1157,15,15,6482128.8073,4437.6877,3.164264,-0.000000,-0.000000,-0.000000
1158,15,15,6482131.8742,4437.6877,3.164264,0.000801,2.571025,5.467500
1159,15,15,6482141.0326,4437.6877,3.164264,0.009483,3.302578,6.199103
1160,15,15,6482142.7634,4437.6877,3.164264,-0.000000,-0.000000,-0.000000
1161,15,15,6482142.8346,4437.6877,3.164264,0.001124,2.605622,5.502141
1162,15,15,6482143.2192,4437.6877,3.164264,0.000000,0.000000,0.000000
1163,15,15,6482143.6019,4437.6877,3.164264,0.000000,-0.000000,0.000000
1164,15,15,6482147.7254,4437.6877,3.164265,0.005229,2.970977,5.867531
1165,15,15,6482149.5405,4437.6877,3.164265,0.000000,0.000000,0.000000
1166,15,15,6482152.4969,4437.6877,3.164265,0.003082,2.891632,5.788126
1167,15,15,6482152.6422,4437.6877,3.164265,0.000000,0.000000,0.000000
1168,15,15,6482157.2209,4437.6877,3.164265,0.000000,0.000000,0.000000
1169,15,15,6482158.5693,4437.6877,3.164265,0.005311,2.820414,5.716950
1170,15,15,6482160.3561,4437.6877,3.164266,0.000000,0.000000,0.000000
1171,15,15,6482160.8183,4437.6877,3.164266,0.000000,0.000000,-0.000000
1172,15,15,6482163.6217,4437.6877,3.164266,0.000000,0.000000,0.000000
1173,15,15,6482173.5423,4437.6877,3.164266,0.000000,0.000000,0.000000
1174,15,15,6482178.8583,4437.6877,3.164267,0.000000,0.000000,0.000000
1175,15,15,6482179.8107,4437.6877,3.164267,0.000000,0.000000,0.000000
1176,15,15,6482181.2436,4437.6877,3.164267,0.000000,0.000000,0.000000
1177,15,15,6482185.1854,4437.6877,3.164267,0.001031,2.596505,5.493031
1178,15,15,6482189.2823,4437.6877,3.164268,0.011101,3.129044,6.025554
1179,15,15,6482192.6319,4437.6877,3.164268,-0.001044,2.540183,5.436675
1180,15,15,6482193.5505,4437.6877,3.164268,0.003784,2.847144,5.743685
1181,15,15,6482195.9287,4437.6877,3.164268,0.001161,2.528255,5.424789
1182,15,15,6482199.7621,4437.6877,3.164268,0.000000,0.000000,0.000000
1183,15,15,6482203.9278,4437.6877,3.164269,0.000000,-0.000000,0.000000
1184,15,15,6482205.0322,4437.6877,3.164269,-0.000000,0.000000,0.000000
1185,15,15,6482206.5592,4437.6877,3.164269,0.000000,-0.000000,-0.000000
1186,15,15,6482208.4754,4437.6877,3.164269,0.000000,0.000000,0.000000
1187,15,15,6482208.4936,4437.6877,3.164269,0.000977,2.579764,5.476286
1188,15,15,6482211.5646,4437.6877,3.164269,0.005172,2.901463,5.797998
1189,15,15,6482213.9777,4437.6877,3.164269,0.000000,0.000000,0.000000
1190,15,15,6482217.0501,4437.6877,3.164269,0.000000,0.000000,0.000000
1191,15,15,6482223.2948,4437.6877,3.164270,0.000000,0.000000,0.000000
1192,15,15,6482229.3560,4437.6877,3.164270,0.000000,0.000000,0.000000
1193,15,15,6482229.9469,4437.6877,3.164270,0.001168,2.694158,5.590680
1194,15,15,6482230.6589,4437.6877,3.164270,0.000000,0.000000,0.000000
1195,15,15,6482235.3766,4437.6877,3.164271,0.000000,0.000000,0.000000
1196,15,15,6482236.4692,4437.6877,3.164271,0.000000,0.000000,0.000000
1197,15,15,6482241.6875,4437.6877,3.164271,-0.000000,-0.000000,0.000000
1198,15,15,6482245.5027,4437.6877,3.164271,-0.000000,-0.000000,-0.000000
1199,15,15,6482251.7856,4437.6877,3.164272,0.002956,2.572810,5.469303
1200,15,15,6482252.3318,4437.6877,3.164272,-0.000000,-0.000000,-0.000000
1201,15,15,6482257.4805,4437.6877,3.164272,0.003672,2.897911,5.794446
1202,15,15,6482262.0639,4437.6877,3.164272,0.000000,0.000000,0.000000
1203,15,15,6482265.0895,4437.6877,3.164273,0.000000,0.000000,0.000000
1204,15,15,6482265.5367,4437.6877,3.164273,0.000886,2.521262,5.417795
1205,15,15,6482269.4536,4437.6877,3.164273,0.010064,3.116510,6.013025
1206,15,15,6482271.7769,4437.6877,3.164273,0.015955,3.175510,6.072022
1207,15,15,6482274.4680,4437.6877,3.164273,0.000000,-0.000000,0.000000
1208,15,15,6482278.5751,4437.6877,3.164274,0.026293,3.325496,6.222023
1209,15,15,6482281.7057,4437.6877,3.164274,0.000000,0.000000,0.000000
1210,15,15,6482284.1987,4437.6877,3.164274,0.000000,0.000000,-0.000000
1211,15,15,6482285.9974,4437.6877,3.164274,0.000943,2.468240,5.364768
1212,15,15,6482290.9110,4437.6877,3.164274,-0.000000,0.000000,0.000000
1213,15,15,6482291.0780,4437.6877,3.164274,0.000000,0.000000,0.000000
1214,15,15,6482291.5420,4437.6877,3.164274,0.005878,2.937196,5.833715
1215,15,15,6482292.1210,4437.6877,3.164274,0.009673,3.049845,5.946376
1216,15,15,6482293.2769,4437.6877,3.164275,-0.001237,2.819611,5.716090
1217,15,15,6482298.1904,4437.6877,3.164275,0.001279,2.710545,5.607078
1218,15,15,6482298.8128,4437.6877,3.164275,0.015219,3.178332,6.074854
1219,15,15,6482300.2114,4437.6877,3.164275,0.008181,3.070926,5.967461
1220,15,15,6482321.4977,4437.6877,3.164276,0.010842,3.180138,6.076676
1221,15,15,6482323.2249,4437.6877,3.164277,0.000000,0.000000,0.000000
1222,15,15,6482327.1772,4437.6877,3.164277,0.000000,0.000000,-0.000000
1223,15,15,6482330.9761,4437.6877,3.164277,0.000000,0.000000,0.000000
1224,15,15,6482335.8799,4437.6877,3.164277,0.000000,0.000000,0.000000
1225,15,15,6482339.3414,4437.6877,3.164278,0.002440,2.872544,5.769077
1226,15,15,6482341.8235,4437.6877,3.164278,0.000000,0.000000,0.000000
1227,15,15,6482343.6826,4437.6877,3.164278,0.000000,0.000000,0.000000
1228,15,15,6482346.7641,4437.6877,3.164278,0.017594,3.148859,6.045387
1229,15,15,6482349.3898,4437.6877,3.164278,0.000000,0.000000,0.000000
1230,15,15,6482351.8527,4437.6877,3.164278,0.000000,-0.000000,-0.000000
1231,15,15,6482352.1925,4437.6877,3.164278,0.002030,2.619871,5.516406
1232,15,15,6482354.5296,4437.6877,3.164279,-0.000000,-0.000000,0.000000
1233,15,15,6482359.5349,4437.6877,3.164279,0.000000,0.000000,0.000000
1234,15,15,6482365.8670,4437.6877,3.164279,0.006330,2.834977,5.731519
1235,15,15,6482367.8114,4437.6877,3.164280,0.000857,2.420748,5.317281
1236,15,15,6482370.1375,4437.6877,3.164280,0.000000,0.000000,0.000000
1237,15,15,6482372.6697,4437.6877,3.164280,0.000000,-0.000000,-0.000000
1238,15,15,6482372.9727,4437.6877,3.164280,0.000000,-0.000000,-0.000000
1239,15,15,6482374.0304,4437.6877,3.164280,0.000000,0.000000,0.000000
1240,15,15,6482382.2286,4437.6877,3.164280,0.009548,3.207324,6.103850
1241,15,15,6482385.0638,4437.6877,3.164281,-0.000000,-0.000000,0.000000
1242,15,15,6482385.5645,4437.6877,3.164281,0.000000,0.000000,0.000000
1243,15,15,6482388.7389,4437.6877,3.164281,0.003956,2.807130,5.703671
1244,15,15,6482393.1779,4437.6877,3.164281,0.006628,3.007756,5.904280
1245,15,15,6482397.4110,4437.6877,3.164282,0.002556,2.708837,5.605358
1246,15,15,6482397.4226,4437.6877,3.164282,0.019128,3.168683,6.065202
1247,15,15,6482399.4433,4437.6877,3.164282,-0.002808,2.345853,5.242069
1248,15,15,6482402.9272,4437.6877,3.164282,-0.000000,-0.000000,0.000000
1249,15,15,6482405.1239,4437.6877,3.164282,0.003865,2.765960,5.662488
1250,15,15,6482411.9239,4437.6877,3.164282,0.000000,-0.000000,0.000000
1251,15,15,6482417.2886,4437.6877,3.164283,-0.000767,3.041295,5.937782
1252,15,15,6482417.3605,4437.6877,3.164283,0.001522,2.607049,5.503560
1253,15,15,6482426.9220,4437.6877,3.164283,0.005942,2.881517,5.778049
1254,15,15,6482430.5364,4437.6877,3.164284,0.000545,2.346879,5.243407
1255,15,15,6482431.0007,4437.6877,3.164284,0.016780,3.150060,6.046594
1256,15,15,6482435.1826,4437.6877,3.164284,-0.013004,2.774559,5.670887
1257,15,15,6482444.1060,4437.6877,3.164285,0.006519,2.988726,5.885243
1258,15,15,6482450.4666,4437.6877,3.164285,0.003720,2.793640,5.690167
1259,15,15,6482451.0781,4437.6877,3.164285,-0.002226,2.249630,5.145971
1260,15,15,6482454.1520,4437.6877,3.164285,-0.000000,-0.000000,0.000000
1261,15,15,6482470.4958,4437.6877,3.164286,0.000000,0.000000,0.000000
1262,15,15,6482473.4833,4437.6877,3.164287,0.002617,2.647392,5.543909
1263,15,15,6482475.1659,4437.6877,3.164287,0.000000,0.000000,0.000000
1264,15,15,6482493.7198,4437.6877,3.164288,0.000000,0.000000,0.000000
1265,15,15,6482501.3032,4437.6877,3.164288,0.000000,-0.000000,0.000000
1266,15,15,6482505.9152,4437.6877,3.164289,0.008530,2.962271,5.858794
1267,15,15,6482507.7504,4437.6877,3.164289,0.000779,2.435795,5.332313
1268,15,15,6482517.5404,4437.6877,3.164290,0.000000,0.000000,0.000000
1269,15,15,6482519.4254,4437.6877,3.164290,0.001480,2.577524,5.474036
1270,15,15,6482521.1775,4437.6877,3.164290,0.000000,0.000000,0.000000
1271,15,15,6482521.7591,4437.6877,3.164290,0.000000,0.000000,-0.000000
1272,15,15,6482523.2872,4437.6877,3.164290,0.000773,2.438273,5.334791
1273,15,15,6482539.1317,4437.6877,3.164291,0.018613,3.110557,6.007084
1274,15,15,6482555.4733,4437.6877,3.164292,0.007744,2.922008,5.818544
1275,15,15,6482555.8038,4437.6877,3.164292,-0.000000,-0.000000,0.000000
1276,15,15,6482557.0618,4437.6877,3.164292,0.006459,2.827536,5.724107
1277,15,15,6482564.0980,4437.6877,3.164293,0.000000,0.000000,0.000000
1278,15,15,6482575.2994,4437.6877,3.164293,0.034206,3.142962,6.039520
1279,15,15,6482577.5334,4437.6877,3.164294,0.000000,0.000000,0.000000
1280,15,15,6482579.2074,4437.6877,3.164294,0.000000,0.000000,0.000000
1281,15,15,6482582.1785,4437.6877,3.164294,-0.000000,-0.000000,0.000000
1282,15,15,6482586.6054,4437.6877,3.164294,0.008303,2.898850,5.795386
1283,15,15,6482591.4265,4437.6877,3.164295,0.001980,2.632873,5.529408
1284,15,15,6482597.4798,4437.6877,3.164295,0.005108,2.741000,5.637524
1285,15,15,6482604.2305,4437.6877,3.164295,0.000304,2.142691,5.039202
1286,15,15,6482604.4271,4437.6877,3.164295,-0.000066,2.881280,5.777788
1287,15,15,6482606.7326,4437.6877,3.164296,-0.015088,2.877261,5.773658
1288,15,15,6482609.2851,4437.6877,3.164296,0.002640,2.589322,5.485846
1289,15,15,6482612.3459,4437.6877,3.164296,0.016036,3.014075,5.910629
1290,15,15,6482621.6373,4437.6877,3.164297,0.002790,2.739364,5.635891
1291,15,15,6482622.4536,4437.6877,3.164297,0.000000,0.000000,0.000000
1292,15,15,6482623.8661,4437.6877,3.164297,0.000000,0.000000,0.000000
1293,15,15,6482624.5889,4437.6877,3.164297,0.013762,3.029117,5.925648
1294,15,15,6482645.2909,4437.6877,3.164298,0.000000,0.000000,0.000000
1295,15,15,6482654.4188,4437.6877,3.164299,0.000000,0.000000,0.000000
1296,15,15,6482656.0474,4437.6877,3.164299,-0.005099,2.893425,5.789870
1297,15,15,6482656.8742,4437.6877,3.164299,0.018925,3.074254,5.970802
1298,15,15,6482657.5678,4437.6877,3.164299,0.000000,0.000000,0.000000
1299,15,15,6482659.3055,4437.6877,3.164299,0.003807,2.706697,5.603231
1300,15,15,6482668.0646,4437.6877,3.164300,0.001949,2.689677,5.586106
1301,15,15,6482674.1356,4437.6877,3.164300,0.000000,0.000000,0.000000
1302,15,15,6482677.9752,4437.6877,3.164300,0.010139,2.909168,5.805708
1303,15,15,6482678.4456,4437.6877,3.164300,-0.001301,2.670533,5.567042
1304,15,15,6482685.1696,4437.6877,3.164301,-0.000000,-0.000000,0.000000
1305,15,15,6482686.0681,4437.6877,3.164301,0.018913,3.082245,5.978778
1306,15,15,6482691.7320,4437.6877,3.164301,0.023514,3.164274,6.060823
1307,15,15,6482691.7859,4437.6877,3.164301,0.000000,-0.000000,0.000000
1308,15,15,6482693.3624,4437.6877,3.164301,0.000000,0.000000,0.000000
1309,15,15,6482710.7213,4437.6877,3.164303,0.000000,0.000000,0.000000
1310,15,15,6482718.5252,4437.6877,3.164303,0.003170,2.681791,5.578309
1311,15,15,6482720.1739,4437.6877,3.164303,0.000000,0.000000,0.000000
1312,15,15,6482721.3333,4437.6877,3.164303,0.000000,0.000000,0.000000
1313,15,15,6482726.6406,4437.6877,3.164304,0.002153,2.582479,5.479004
1314,15,15,6482731.1650,4437.6877,3.164304,-0.006222,2.651741,5.548105
1315,15,15,6482731.4757,4437.6877,3.164304,0.002151,2.600718,5.497231
1316,15,15,6482737.1720,4437.6877,3.164304,0.000000,-0.000000,-0.000000
1317,15,15,6482745.3833,4437.6877,3.164305,0.013382,2.963733,5.860269
1318,15,15,6482745.5216,4437.6877,3.164305,0.004819,2.716165,5.612700
1319,15,15,6482751.1923,4437.6877,3.164305,-0.005433,2.930753,5.827215
1320,15,15,6482753.6215,4437.6877,3.164305,0.000000,0.000000,0.000000
1321,15,15,6482758.0159,4437.6877,3.164306,0.018344,3.061101,5.957640
1322,15,15,6482758.5626,4437.6877,3.164306,0.007841,2.818261,5.714802
1323,15,15,6482758.9707,4437.6877,3.164306,0.003235,2.662564,5.559093
1324,15,15,6482765.7429,4437.6877,3.164306,-0.003208,2.150561,5.046600
1325,15,15,6482772.4095,4437.6877,3.164307,0.002210,2.600810,5.497359
1326,15,15,6482773.5520,4437.6877,3.164307,0.004253,2.805484,5.702007
1327,15,15,6482776.7494,4437.6877,3.164307,-0.000000,0.000000,0.000000
1328,15,15,6482780.8961,4437.6877,3.164307,0.002995,2.656441,5.552955
1329,15,15,6482789.4230,4437.6877,3.164308,0.000000,0.000000,0.000000
1330,15,15,6482797.2244,4437.6877,3.164308,0.000465,2.303275,5.199757
1331,15,15,6482799.4365,4437.6877,3.164308,-0.005422,2.824678,5.721152
1332,15,15,6482815.1806,4437.6877,3.164310,0.006723,2.811520,5.708057
1333,15,15,6482819.0477,4437.6877,3.164310,-0.000882,2.747317,5.643828
1334,15,15,6482821.5255,4437.6877,3.164310,0.000000,-0.000000,0.000000
1335,15,15,6482821.5792,4437.6877,3.164310,0.004142,2.754575,5.651113
1336,15,15,6482823.5682,4437.6877,3.164310,-0.000000,0.000000,0.000000
1337,15,15,6482826.5852,4437.6877,3.164310,0.002397,2.620730,5.517245
1338,15,15,6482831.7196,4437.6877,3.164311,0.001984,2.602708,5.499242
1339,15,15,6482846.4942,4437.6877,3.164312,0.002808,2.689486,5.586019
1340,15,15,6482860.3401,4437.6877,3.164313,0.000000,-0.000000,0.000000
1341,15,15,6482862.6708,4437.6877,3.164313,-0.001054,2.898864,5.795381
1342,15,15,6482864.9629,4437.6877,3.164313,0.000210,2.187643,5.084136
1343,15,15,6482875.5314,4437.6877,3.164314,0.006896,2.845616,5.742130
1344,15,15,6482882.6595,4437.6877,3.164314,0.000000,-0.000000,0.000000
1345,15,15,6482884.8535,4437.6877,3.164314,0.012073,2.946380,5.842921
1346,15,15,6482885.2367,4437.6877,3.164314,0.000000,-0.000000,0.000000
1347,15,15,6482889.3677,4437.6877,3.164314,0.000000,0.000000,0.000000
1348,15,15,6482893.0314,4437.6877,3.164315,0.009364,2.897879,5.794426
1349,15,15,6482917.5666,4437.6877,3.164316,0.000260,2.149998,5.046502
1350,15,15,6482921.3918,4437.6877,3.164317,0.000000,0.000000,0.000000
1351,15,15,6482921.7749,4437.6877,3.164317,0.014913,2.942125,5.838650
1352,15,15,6482924.3792,4437.6877,3.164317,0.000000,0.000000,0.000000
1353,15,15,6482929.5041,4437.6877,3.164317,0.000000,-0.000000,-0.000000
1354,15,15,6482938.2988,4437.6877,3.164318,0.001444,2.504980,5.401478
1355,15,15,6482940.8383,4437.6877,3.164318,0.000000,-0.000000,-0.000001
1356,15,15,6482962.4151,4437.6877,3.164319,0.000354,2.202256,5.098755
1357,15,15,6482970.5656,4437.6877,3.164320,0.002659,2.057411,4.954203
1358,15,15,6482975.7324,4437.6877,3.164320,0.003213,2.676819,5.573371
1359,15,15,6482977.1991,4437.6877,3.164320,0.006127,2.834895,5.731427
1360,15,15,6482977.2977,4437.6877,3.164320,0.011946,2.975744,5.872281
1361,15,15,6482984.9438,4437.6877,3.164321,0.012839,2.953971,5.850537
1362,15,15,6482988.0953,4437.6877,3.164321,0.000000,0.000000,0.000000
1363,15,15,6482989.6514,4437.6877,3.164321,0.000000,-0.000000,0.000000
1364,15,15,6482990.7193,4437.6877,3.164321,-0.000000,0.000000,0.000000
1365,15,15,6483005.1556,4437.6877,3.164322,-0.000000,-0.000000,-0.000000
1366,15,15,6483009.5364,4437.6877,3.164323,0.000000,0.000000,0.000000
1367,15,15,6483010.2320,4437.6877,3.164323,0.006760,2.840391,5.736936
1368,15,15,6483013.8477,4437.6877,3.164323,0.000000,0.000000,0.000000
1369,15,15,6483026.0881,4437.6877,3.164324,0.000000,-0.000000,-0.000000
1370,15,15,6483026.2491,4437.6877,3.164324,-0.000000,-0.000000,-0.000000
1371,15,15,6483028.9657,4437.6877,3.164324,0.002992,2.684059,5.580600
1372,15,15,6483032.3039,4437.6877,3.164324,0.000000,0.000000,0.000000
1373,15,15,6483034.2059,4437.6877,3.164324,0.000000,0.000000,0.000000
1374,15,15,6483045.2224,4437.6877,3.164325,0.000000,0.000000,0.000000
1375,15,15,6483046.6980,4437.6877,3.164325,0.005524,2.769432,5.665999
1376,15,15,6483049.6185,4437.6877,3.164325,0.000000,0.000000,0.000000
1377,15,15,6483053.4436,4437.6877,3.164325,0.000000,0.000000,0.000000
1378,15,15,6483064.3452,4437.6877,3.164326,0.003294,2.702456,5.598973
1379,15,15,6483075.1164,4437.6877,3.164327,0.000000,0.000000,0.000000
1380,15,15,6483084.6202,4437.6877,3.164328,0.000000,0.000000,0.000000
1381,15,15,6483087.4005,4437.6877,3.164328,0.000000,0.000000,0.000000
1382,15,15,6483088.9021,4437.6877,3.164328,0.000000,0.000000,0.000000
1383,15,15,6483092.6885,4437.6877,3.164328,0.000000,0.000000,0.000000
1384,15,15,6483119.7430,4437.6877,3.164330,-0.000000,-0.000000,0.000000
1385,15,15,6483123.9487,4437.6877,3.164330,0.000000,0.000000,0.000000
1386,15,15,6483129.7683,4437.6877,3.164331,0.000000,0.000000,0.000000
1387,15,15,6483135.3255,4437.6877,3.164331,-0.000000,-0.000000,-0.000000
1388,15,15,6483139.2289,4437.6877,3.164331,0.000000,0.000000,0.000000
1389,15,15,6483139.5968,4437.6877,3.164331,0.000000,0.000000,0.000000
1390,15,15,6483144.1853,4437.6877,3.164332,-0.000799,2.276350,5.172854
1391,15,15,6483147.5913,4437.6877,3.164332,0.013201,3.069840,5.966334
1392,15,15,6483163.8564,4437.6877,3.164333,-0.000000,-0.000000,-0.000000
1393,15,15,6483173.8709,4437.6877,3.164334,0.000000,0.000000,0.000000
1394,15,15,6483189.0614,4437.6877,3.164335,-0.000000,-0.000000,-0.000000
1395,15,15,6483189.5362,4437.6877,3.164335,0.000000,0.000000,0.000000
1396,15,15,6483193.3501,4437.6877,3.164335,0.000000,0.000000,0.000000
1397,15,15,6483200.3428,4437.6877,3.164335,0.000382,2.239916,5.136404
1398,15,15,6483201.2701,4437.6877,3.164335,0.000000,0.000000,0.000000
1399,15,15,6483206.7262,4437.6877,3.164336,0.000000,-0.000000,-0.000000
1400,15,15,6483208.3070,4437.6877,3.164336,0.000000,0.000000,0.000000
1401,15,15,6483227.8876,4437.6877,3.164337,0.000000,0.000000,0.000000
1402,15,15,6483231.9115,4437.6877,3.164337,0.000000,-0.000000,-0.000000
1403,15,15,6483235.5592,4437.6877,3.164338,0.000000,0.000000,0.000000
1404,15,15,6483236.9653,4437.6877,3.164338,0.000000,0.000000,-0.000000
1405,15,15,6483241.6230,4437.6877,3.164338,0.000000,0.000000,0.000000
1406,15,15,6483252.4413,4437.6877,3.164339,0.000000,0.000000,0.000000
1407,15,15,6483265.2892,4437.6877,3.164340,-0.000000,-0.000000,-0.000000
1408,15,15,6483266.7379,4437.6877,3.164340,0.000000,-0.000000,0.000000
1409,15,15,6483281.8588,4437.6877,3.164341,0.002037,2.614263,5.510795
1410,15,15,6483289.8033,4437.6877,3.164341,0.005572,2.850152,5.746693
1411,15,15,6483290.3529,4437.6877,3.164341,0.000000,0.000000,0.000000
1412,15,15,6483296.5462,4437.6877,3.164342,0.000000,-0.000000,0.000000
1413,15,15,6483302.0202,4437.6877,3.164342,-0.000785,2.299497,5.195826
1414,15,15,6483310.1626,4437.6877,3.164343,-0.000000,-0.000000,-0.000000
1415,15,15,6483349.0550,4437.6877,3.164345,0.000000,0.000000,0.000000
1416,15,15,6483351.5716,4437.6877,3.164345,0.000350,2.256283,5.152789
1417,15,15,6483353.3228,4437.6877,3.164346,0.000486,2.409134,5.305741
1418,15,15,6483354.0075,4437.6877,3.164346,0.000000,0.000000,0.000000
1419,15,15,6483356.5021,4437.6877,3.164346,0.000000,0.000000,0.000000
1420,15,15,6483359.1559,4437.6877,3.164346,0.017047,3.095083,5.991633
1421,15,15,6483377.1966,4437.6877,3.164347,0.000000,0.000000,0.000000
1422,15,15,6483382.2251,4437.6877,3.164348,0.000000,0.000000,0.000000
1423,15,15,6483385.4965,4437.6877,3.164348,0.000505,2.391729,5.288342
1424,15,15,6483391.9724,4437.6877,3.164348,0.000000,-0.000000,-0.000000
1425,15,15,6483399.8695,4437.6877,3.164349,-0.000000,-0.000000,0.000000
1426,15,15,6483404.3762,4437.6877,3.164349,0.000000,0.000000,0.000000
1427,15,15,6483411.8761,4437.6877,3.164350,0.000000,0.000000,0.000000
1428,15,15,6483434.5527,4437.6877,3.164351,0.001071,2.364228,5.260718
1429,15,15,6483436.0135,4437.6877,3.164351,-0.000000,-0.000000,0.000000
1430,15,15,6483440.3710,4437.6877,3.164351,0.000000,0.000000,0.000000
1431,15,15,6483440.7241,4437.6877,3.164351,0.016139,3.092794,5.989336
1432,15,15,6483450.7955,4437.6877,3.164352,0.000000,-0.000000,0.000000
1433,15,15,6483457.6305,4437.6877,3.164353,0.000419,2.237443,5.133959
1434,15,15,6483463.4488,4437.6877,3.164353,0.000000,-0.000000,0.000000
1435,15,15,6483477.9327,4437.6877,3.164354,0.005093,2.838947,5.735454
1436,15,15,6483480.0589,4437.6877,3.164354,0.000000,-0.000000,-0.000000
1437,15,15,6483486.6496,4437.6877,3.164355,0.007884,2.923474,5.820016
1438,15,15,6483493.0068,4437.6877,3.164355,0.000437,2.320050,5.216657
1439,15,15,6483506.0510,4437.6877,3.164356,-0.000000,-0.000000,0.000000
1440,15,15,6483520.2756,4437.6877,3.164357,0.000000,0.000000,0.000000
1441,15,15,6483526.3050,4437.6877,3.164357,0.000874,2.332275,5.228811
1442,15,15,6483526.5900,4437.6877,3.164357,0.003368,2.729695,5.626244
1443,15,15,6483532.7931,4437.6877,3.164358,0.000000,-0.000000,0.000000
1444,15,15,6483539.2387,4437.6877,3.164358,0.011470,3.009081,5.905617
1445,15,15,6483554.5771,4437.6877,3.164359,0.000000,0.000000,0.000000
1446,15,15,6483558.4826,4437.6877,3.164359,0.001832,2.568353,5.464887
1447,15,15,6483565.2472,4437.6877,3.164360,0.017331,3.083669,5.980217
1448,15,15,6483566.0687,4437.6877,3.164360,-0.000000,-0.000000,-0.000000
1449,15,15,6483567.0740,4437.6877,3.164360,0.002575,2.649165,5.545715
1450,15,15,6483579.6081,4437.6877,3.164361,0.000000,0.000000,0.000000
1451,15,15,6483581.4410,4437.6877,3.164361,0.013113,3.084128,5.980650
1452,15,15,6483599.3514,4437.6877,3.164362,0.001084,2.481510,5.378005
1453,15,15,6483605.7185,4437.6877,3.164363,0.000000,0.000000,0.000000
1454,15,15,6483606.6388,4437.6877,3.164363,0.000238,2.187196,5.083701
1455,15,15,6483620.5200,4437.6877,3.164364,-0.000000,0.000000,0.000000
1456,15,15,6483654.6167,4437.6877,3.164366,0.000000,0.000000,0.000000
1457,15,15,6483664.9747,4437.6877,3.164366,0.000000,0.000000,0.000000
1458,15,15,6483738.6888,4437.6877,3.164371,0.000523,2.341984,5.238489
1459,15,15,6483742.8895,4437.6877,3.164372,0.000000,0.000000,0.000000
1460,15,15,6483769.5873,4437.6877,3.164373,-0.000000,-0.000000,-0.000000
1461,15,15,6483770.0557,4437.6877,3.164374,0.000000,0.000000,0.000000
1462,15,15,6483775.1351,4437.6877,3.164374,0.000000,0.000000,0.000000
1463,15,15,6483786.5757,4437.6877,3.164375,0.000000,0.000000,0.000000
1464,15,15,6483805.7194,4437.6877,3.164376,0.001610,2.291555,5.188016
1465,15,15,6483818.8142,4437.6877,3.164377,0.000000,0.000000,0.000000
1466,15,15,6483857.6282,4437.6877,3.164379,0.003870,2.786008,5.682522
1467,15,15,6483858.4539,4437.6877,3.164379,0.000000,0.000000,0.000000
1468,15,15,6483866.6028,4437.6877,3.164380,0.000000,0.000000,0.000000
1469,15,15,6483900.1299,4437.6877,3.164382,0.000000,0.000000,0.000000
1470,15,15,6483922.9468,4437.6877,3.164384,0.006261,2.953143,5.849667
1471,15,15,6483942.6789,4437.6877,3.164385,0.000000,0.000000,0.000000
1472,15,15,6483955.0554,4437.6877,3.164386,-0.000000,-0.000000,-0.000000
1473,15,15,6483958.5576,4437.6877,3.164386,0.000000,0.000000,0.000000
1474,15,15,6483981.5434,4437.6877,3.164388,0.000000,0.000000,0.000000
1475,15,15,6484007.7610,4437.6877,3.164389,0.000000,-0.000000,0.000000
1476,15,15,6484008.4868,4437.6877,3.164390,0.014024,3.060194,5.956764
1477,15,15,6484009.6168,4437.6877,3.164390,0.002942,2.714392,5.610945
1478,15,15,6484013.5539,4437.6877,3.164390,0.001287,2.502653,5.399199
1479,15,15,6484018.5143,4437.6877,3.164390,0.000000,-0.000000,-0.000000
1480,15,15,6484025.8585,4437.6877,3.164391,0.013083,3.037058,5.933628
1481,15,15,6484033.1671,4437.6877,3.164391,0.001784,2.570806,5.467366
1482,15,15,6484040.6566,4437.6877,3.164392,0.000000,0.000000,0.000000
1483,15,15,6484052.8396,4437.6877,3.164392,0.000829,2.427065,5.323632
1484,15,15,6484063.1321,4437.6877,3.164393,0.012955,3.020062,5.916629
1485,15,15,6484076.6062,4437.6877,3.164394,0.000000,0.000000,0.000000
1486,15,15,6484081.4761,4437.6877,3.164394,0.000000,0.000000,-0.000000
1487,15,15,6484083.8534,4437.6877,3.164395,0.000000,0.000000,0.000000
1488,15,15,6484087.4848,4437.6877,3.164395,-0.000000,-0.000000,-0.000000
1489,15,15,6484101.6257,4437.6877,3.164396,0.004640,2.810088,5.706667
1490,15,15,6484103.8257,4437.6877,3.164396,0.001389,2.546826,5.443370
1491,15,15,6484113.6491,4437.6877,3.164397,0.002202,2.746572,5.643087
1492,15,15,6484115.5961,4437.6877,3.164397,0.000000,0.000000,0.000000
1493,15,15,6484120.7886,4437.6877,3.164397,0.022915,3.122093,6.018668
1494,15,15,6484120.7921,4437.6877,3.164397,0.006094,3.074045,5.970597
1495,15,15,6484121.7095,4437.6877,3.164397,-0.000000,0.000000,0.000000
1496,15,15,6484124.7492,4437.6877,3.164397,0.000000,0.000000,0.000000
1497,15,15,6484130.4907,4437.6877,3.164398,-0.000481,2.709615,5.606153
1498,15,15,6484139.7630,4437.6877,3.164398,0.000000,0.000000,0.000000
1499,15,15,6484144.0351,4437.6877,3.164399,0.000000,0.000000,0.000000
1500,15,15,6484145.1735,4437.6877,3.164399,0.000000,0.000000,0.000000
1501,15,15,6484148.3939,4437.6877,3.164399,-0.000000,-0.000000,-0.000000
1502,15,15,6484150.0063,4437.6877,3.164399,0.000000,0.000000,0.000000
1503,15,15,6484153.6731,4437.6877,3.164399,0.000000,0.000000,0.000000
1504,15,15,6484154.6227,4437.6877,3.164399,0.000000,0.000000,0.000000
1505,15,15,6484164.5347,4437.6877,3.164400,0.000000,0.000000,0.000000
1506,15,15,6484171.8918,4437.6877,3.164400,0.000000,0.000000,0.000000
1507,15,15,6484172.5254,4437.6877,3.164400,0.002740,2.695646,5.592198
1508,15,15,6484175.1176,4437.6877,3.164401,-0.000000,-0.000000,-0.000000
1509,15,15,6484179.7062,4437.6877,3.164401,0.000000,0.000000,0.000000
1510,15,15,6484185.0694,4437.6877,3.164401,0.000000,0.000000,0.000000
1511,15,15,6484186.3831,4437.6877,3.164401,-0.000000,0.000000,0.000000
1512,15,15,6484186.5333,4437.6877,3.164401,0.000000,-0.000000,0.000000
1513,15,15,6484190.8661,4437.6877,3.164402,0.000000,0.000000,0.000000
1514,15,15,6484191.7095,4437.6877,3.164402,0.013067,2.959538,5.856128
1515,15,15,6484208.7743,4437.6877,3.164403,0.005328,3.077128,5.973666
1516,15,15,6484218.0165,4437.6877,3.164404,-0.000000,0.000000,-0.000000
1517,15,15,6484220.2736,4437.6877,3.164404,-0.000000,-0.000000,0.000000
1518,15,15,6484224.0524,4437.6877,3.164404,0.000000,0.000000,0.000000
1519,15,15,6484231.2537,4437.6877,3.164404,0.000000,0.000000,0.000000
1520,15,15,6484245.8326,4437.6877,3.164405,0.010768,3.017847,5.914409
1521,15,15,6484260.0209,4437.6877,3.164406,0.000000,0.000000,0.000000
1522,15,15,6484262.9853,4437.6877,3.164407,0.000000,0.000000,0.000000
1523,15,15,6484286.5596,4437.6877,3.164408,0.000000,0.000000,0.000000
1524,15,15,6484289.9606,4437.6877,3.164408,0.004275,2.796320,5.692877
1525,15,15,6484296.4054,4437.6877,3.164409,0.000000,0.000000,0.000000
1526,15,15,6484305.4935,4437.6877,3.164409,0.001711,2.584108,5.480666
1527,15,15,6484311.5459,4437.6877,3.164410,0.000000,0.000000,0.000000
1528,15,15,6484316.0650,4437.6877,3.164410,0.000000,0.000000,0.000000
1529,15,15,6484325.5718,4437.6877,3.164411,0.003392,2.735377,5.631935
1530,15,15,6484329.1853,4437.6877,3.164411,0.000000,-0.000000,-0.000000
1531,15,15,6484333.3351,4437.6877,3.164411,0.000745,2.342550,5.239088
1532,15,15,6484341.8329,4437.6877,3.164412,0.002474,2.603675,5.500220
1533,15,15,6484345.0434,4437.6877,3.164412,-0.000000,-0.000000,0.000000
1534,15,15,6484358.9693,4437.6877,3.164413,0.000745,2.393555,5.290117
1535,15,15,6484362.3200,4437.6877,3.164413,0.000000,0.000000,0.000000
1536,15,15,6484369.9793,4437.6877,3.164414,0.000000,0.000000,0.000000
1537,15,15,6484370.8092,4437.6877,3.164414,0.000000,0.000000,0.000000
1538,15,15,6484374.6245,4437.6877,3.164414,0.000000,0.000000,0.000000
1539,15,15,6484375.8658,4437.6877,3.164414,0.000000,-0.000000,-0.000000
1540,15,15,6484381.9228,4437.6877,3.164415,0.000000,0.000000,0.000000
1541,15,15,6484402.7370,4437.6877,3.164416,0.000000,-0.000000,0.000000
1542,15,15,6484421.9590,4437.6877,3.164417,0.003039,2.704762,5.601292
1543,15,15,6484453.9476,4437.6877,3.164419,0.007725,2.904766,5.801357
1544,15,15,6484457.6651,4437.6877,3.164420,0.000000,-0.000000,-0.000000
1545,15,15,6484476.2635,4437.6877,3.164421,0.000000,0.000000,0.000000
1546,15,15,6484477.6765,4437.6877,3.164421,0.000000,-0.000000,-0.000000
1547,15,15,6484514.1982,4437.6877,3.164423,-0.000000,-0.000000,0.000000
1548,15,15,6484536.8953,4437.6877,3.164425,0.000000,-0.000000,-0.000000
1549,15,15,6484546.7168,4437.6877,3.164426,0.000000,0.000000,0.000000
1550,15,15,6484558.6389,4437.6877,3.164426,0.001075,2.440447,5.337001
1551,15,15,6484587.7369,4437.6877,3.164428,0.000000,-0.000000,0.000000
1552,15,15,6484591.8447,4437.6877,3.164429,0.000000,0.000000,0.000000
1553,15,15,6484599.6545,4437.6877,3.164429,0.000000,0.000000,0.000000
1554,15,15,6484618.8039,4437.6877,3.164430,0.000000,0.000000,0.000000
1555,15,15,6484627.4368,4437.6877,3.164431,0.000000,0.000000,0.000000
1556,15,15,6484642.2696,4437.6877,3.164432,0.000000,-0.000000,-0.000000
1557,15,15,6484655.1191,4437.6877,3.164433,0.000000,-0.000000,-0.000000
1558,15,15,6484658.3103,4437.6877,3.164433,0.000000,0.000000,0.000000
1559,15,15,6484687.1655,4437.6877,3.164435,0.011895,2.979823,5.876432
1560,15,15,6484687.2315,4437.6877,3.164435,0.012814,2.996654,5.893264
1561,15,15,6484689.3756,4437.6877,3.164435,0.000000,0.000000,0.000000
1562,15,15,6484695.3916,4437.6877,3.164436,0.016952,3.057788,5.954397
1563,15,15,6484704.2709,4437.6877,3.164436,0.000000,-0.000000,0.000000
1564,15,15,6484706.0930,4437.6877,3.164436,0.000671,2.354794,5.251391
1565,15,15,6484706.7509,4437.6877,3.164436,0.000000,0.000000,0.000000
1566,15,15,6484712.0075,4437.6877,3.164437,0.000524,2.315649,5.212223
1567,15,15,6484716.9169,4437.6877,3.164437,0.000000,0.000000,0.000000
1568,15,15,6484720.6393,4437.6877,3.164437,0.000000,0.000000,0.000000
1569,15,15,6484725.4576,4437.6877,3.164438,0.000000,0.000000,0.000000
1570,15,15,6484728.0397,4437.6877,3.164438,-0.000000,-0.000000,-0.000000
1571,15,15,6484739.2690,4437.6877,3.164438,0.001818,2.586606,5.483197
1572,15,15,6484745.1210,4437.6877,3.164439,0.020634,3.129174,6.025772
1573,15,15,6484747.0884,4437.6877,3.164439,0.000000,0.000000,0.000000
1574,15,15,6484747.8258,4437.6877,3.164439,-0.000000,-0.000000,0.000000
1575,15,15,6484761.8573,4437.6877,3.164440,0.014114,3.037221,5.933807
1576,15,15,6484770.1450,4437.6877,3.164441,0.011516,3.001433,5.898020
1577,15,15,6484775.2126,4437.6877,3.164441,0.002025,2.626753,5.523336
1578,15,15,6484781.3501,4437.6877,3.164441,-0.000000,-0.000000,-0.000000
1579,15,15,6484786.1275,4437.6877,3.164442,0.000000,0.000000,0.000000
1580,15,15,6484790.5663,4437.6877,3.164442,0.016247,3.110468,6.007047
1581,15,15,6484790.8717,4437.6877,3.164442,0.008739,2.962229,5.858816
1582,15,15,6484791.6744,4437.6877,3.164442,0.000000,0.000000,0.000000
1583,15,15,6484792.9146,4437.6877,3.164442,0.000000,0.000000,0.000000
1584,15,15,6484792.9365,4437.6877,3.164442,0.025304,3.151544,6.048161
1585,15,15,6484799.1570,4437.6877,3.164442,0.009222,2.924024,5.820641
1586,15,15,6484799.8822,4437.6877,3.164443,0.000841,2.399365,5.295980
1587,15,15,6484804.7047,4437.6877,3.164443,0.000000,-0.000000,-0.000000
1588,15,15,6484807.0011,4437.6877,3.164443,0.000000,-0.000000,0.000000
1589,15,15,6484807.9061,4437.6877,3.164443,0.000000,0.000000,0.000000
1590,15,15,6484809.9756,4437.6877,3.164443,0.032255,3.210401,6.107016
1591,15,15,6484811.9325,4437.6877,3.164443,0.000000,0.000000,0.000000
1592,15,15,6484812.9210,4437.6877,3.164443,0.000692,2.338518,5.235136
1593,15,15,6484825.1014,4437.6877,3.164444,0.001482,2.523717,5.420331
1594,15,15,6484827.0403,4437.6877,3.164444,0.000000,0.000000,0.000000
1595,15,15,6484838.1390,4437.6877,3.164445,0.016545,3.051136,5.947751
1596,15,15,6484842.6220,4437.6877,3.164445,0.005887,2.860145,5.756732
1597,15,15,6484845.1018,4437.6877,3.164446,0.005223,2.828241,5.724848
1598,15,15,6484853.9349,4437.6877,3.164446,0.006716,2.863427,5.760031
1599,15,15,6484857.3809,4437.6877,3.164446,-0.000000,-0.000000,-0.000000
1600,15,15,6484858.1749,4437.6877,3.164446,0.012783,3.018126,5.914732
1601,15,15,6484864.3221,4437.6877,3.164447,0.012169,3.031643,5.928243
1602,15,15,6484867.7402,4437.6877,3.164447,0.005513,2.852971,5.749568
1603,15,15,6484868.2228,4437.6877,3.164447,0.000000,0.000000,0.000000
1604,15,15,6484868.9821,4437.6877,3.164447,0.007992,2.924444,5.821036
1605,15,15,6484883.7510,4437.6877,3.164448,0.000000,0.000000,0.000000
1606,15,15,6484901.0357,4437.6877,3.164449,0.000000,0.000000,0.000000
1607,15,15,6484949.3714,4437.6877,3.164453,0.000000,-0.000000,-0.000000
1608,15,15,6485015.3121,4437.6877,3.164457,-0.001083,2.444855,5.341320
1609,15,15,6485071.8938,4437.6877,3.164461,0.000000,-0.000000,0.000000
1610,15,15,6485094.4390,4437.6877,3.164462,0.000000,0.000000,0.000000
1611,15,15,6485113.7459,4437.6877,3.164464,0.000000,0.000000,0.000000
1612,15,15,6485120.5484,4437.6877,3.164464,0.000786,2.424770,5.321326
1613,15,15,6485136.7263,4437.6877,3.164465,0.000000,-0.000000,-0.000000
1614,15,15,6485144.4891,4437.6877,3.164466,0.000000,0.000000,0.000000
1615,15,15,6485160.4488,4437.6877,3.164467,0.000000,0.000000,0.000000
1616,15,15,6485236.5746,4437.6877,3.164472,0.000000,0.000000,0.000000
1617,15,15,6485237.6756,4437.6877,3.164472,0.001918,2.657436,5.553989
1618,15,15,6485284.0011,4437.6877,3.164475,0.000000,0.000000,0.000000
1619,15,15,6485442.8130,4437.6877,3.164486,0.000000,-0.000000,-0.000000
1620,15,15,6485488.5805,4437.6877,3.164489,0.000000,0.000000,0.000000
1621,15,15,6485604.9355,4437.6877,3.164496,0.000000,0.000000,0.000000
1622,15,15,6485689.4124,4437.6877,3.164502,0.000000,0.000000,0.000000
1623,15,15,6485731.1918,4437.6877,3.164505,0.000000,0.000000,0.000000
1624,15,15,6485800.8353,4437.6877,3.164510,0.000000,0.000000,0.000000
1625,15,15,6485980.2076,4437.6877,3.164522,0.000000,-0.000000,-0.000000
1626,15,15,6485982.6504,4437.6877,3.164522,0.000000,0.000000,0.000000
1627,15,15,6486017.1921,4437.6877,3.164524,0.000000,0.000000,0.000000
1628,15,15,6486019.0300,4437.6877,3.164524,0.000000,0.000000,0.000000
1629,15,15,6486097.5414,4437.6877,3.164530,0.000000,0.000000,0.000000
1630,15,15,6486105.1669,4437.6877,3.164530,0.000000,-0.000000,0.000000
1631,15,15,6486353.9832,4437.6877,3.164547,0.000000,-0.000000,-0.000000
1632,15,15,6486374.0785,4437.6877,3.164548,0.000000,0.000000,0.000000
1633,15,15,6486382.3648,4437.6877,3.164549,0.000000,-0.000000,0.000000
1634,15,15,6486411.0261,4437.6877,3.164551,0.000000,0.000000,0.000000
1635,15,15,6489321.2088,4437.6877,3.164745,0.000000,0.000000,0.000000
1636,15,15,6489321.2089,4437.6877,3.164745,0.000000,0.000000,0.000000
