mode_rank,matched_m,matched_n,w_h_FEM,w_h_exact,log10_Error_w_h,log10_Error_L2_w,log10_Error_L2_phi,log10_Error_L2_Q
1,1,1,19.4846,19.7390,-1.889848,-2.396524,-1.875548,0.452557
2,2,1,48.8042,49.3476,-1.958162,-0.150481,-0.150406,0.234222
3,2,1,48.9525,49.3476,-2.096578,-0.150463,-0.150405,0.238615
4,2,2,77.5682,78.9557,-1.755170,-1.479262,-1.350122,0.339848
5,1,3,98.0565,98.6942,-2.189669,-0.141665,-0.141919,0.247435
6,1,3,98.0823,98.6942,-2.207615,-0.150332,-0.150232,0.206576
7,2,3,125.3988,128.3018,-1.645384,-0.150221,-0.149852,0.209093
8,2,3,126.5049,128.3018,-1.853712,-0.150179,-0.149964,0.213658
9,1,4,166.9987,167.7781,-2.333011,-0.150172,-0.150067,0.196610
10,1,4,167.1063,167.7781,-2.397480,-0.149966,-0.149853,0.194957
11,3,3,172.9288,177.6471,-1.575780,-0.880672,-0.839261,0.291207
12,4,2,194.0179,197.3849,-1.768075,-0.149695,-0.149308,0.196530
13,4,2,194.2239,197.3849,-1.795491,-0.146591,-0.145916,0.186139
14,4,3,237.4252,246.7289,-1.423567,-0.148905,-0.147791,0.190328
15,4,3,241.5849,246.7289,-1.680918,-0.149338,-0.148995,0.202076
16,5,1,255.7729,256.5976,-2.493000,-0.144670,-0.144426,0.171342
17,5,1,255.8049,256.5976,-2.510171,-0.149408,-0.149267,0.189362
18,2,5,281.5280,286.2034,-1.786857,-0.148890,-0.148380,0.190105
19,2,5,282.0918,286.2034,-1.842662,-0.148614,-0.148099,0.189822
20,4,4,302.9370,315.8089,-1.389782,-0.488150,-0.466929,0.238014
21,4,4,324.9616,315.8089,-1.537879,-0.000000,0.000000,0.000000
22,5,3,326.5363,335.5458,-1.571051,-0.139280,-0.138272,0.188858
23,6,1,364.1998,365.1508,-2.584334,-0.148522,-0.148397,0.186138
24,6,1,364.3306,365.1508,-2.648602,-0.148261,-0.148110,0.184043
25,2,6,380.9883,394.7554,-1.457486,0.025177,0.023410,0.028072
26,2,6,388.9233,394.7554,-1.830502,-0.125277,-0.124061,0.135493
27,2,6,389.2505,394.7554,-1.855577,-0.145856,-0.145106,0.177552
28,2,6,391.8549,394.7554,-2.133853,0.033103,0.032407,0.039722
29,6,3,429.9959,444.0958,-1.498260,-0.128648,-0.126318,0.141706
30,6,3,431.6779,444.0958,-1.553429,-0.132574,-0.130583,0.152019
31,3,6,461.4789,444.0958,-1.407350,0.042661,0.042095,0.057101
32,7,1,487.4784,493.4353,-1.918210,0.010426,0.010170,-0.003436
33,7,1,491.3491,493.4353,-2.373884,-0.073713,-0.073633,0.100583
34,7,1,492.5673,493.4353,-2.754703,-0.137898,-0.137805,0.169361
35,5,5,494.5481,493.4353,-2.646811,0.000000,0.000000,0.000000
36,4,6,515.3985,513.1708,-2.362414,0.012621,0.012492,0.013616
37,4,6,515.9616,513.1708,-2.264534,0.010639,0.010547,0.011556
38,7,3,549.6782,572.3766,-1.401686,0.028128,0.025265,0.030292
39,7,3,554.5136,572.3766,-1.505728,-0.142062,-0.140639,0.172786
40,7,3,555.3406,572.3766,-1.526313,-0.138927,-0.137331,0.169371
41,3,7,572.4828,572.3766,-3.731537,0.049578,0.047862,0.058242
42,5,6,608.2932,601.9790,-1.979264,0.012955,0.011455,0.061772
43,5,6,613.4413,601.9790,-1.720308,0.011597,0.009689,0.109443
44,8,1,639.8709,641.4484,-2.609193,-0.141927,-0.141667,0.166276
45,8,1,640.0927,641.4484,-2.675019,-0.143410,-0.143201,0.171708
46,8,1,640.4477,641.4484,-2.806875,0.002279,0.002073,0.002773
47,8,2,660.8323,671.0500,-1.817402,-0.131806,-0.131082,0.156045
48,8,2,661.2436,671.0500,-1.835243,-0.130589,-0.129577,0.150054
49,2,8,675.4834,671.0500,-2.180022,0.002564,0.001329,0.039775
50,6,6,692.0188,710.5184,-1.584413,-0.072579,-0.075008,0.140798
51,6,6,696.4916,710.5184,-1.704619,0.017237,0.016406,0.017738
52,6,6,698.3070,710.5184,-1.764812,0.009704,0.009275,0.010084
53,7,5,735.0617,730.2523,-2.181383,0.051970,0.047094,0.063578
54,7,5,747.6067,730.2523,-1.624063,-0.004636,-0.005028,0.015769
55,7,5,750.6466,730.2523,-1.553965,0.017132,0.015020,0.105958
56,8,4,772.9660,789.4533,-1.680177,0.013418,0.012140,0.015076
57,1,9,805.9246,809.1867,-2.394547,-0.138799,-0.138544,0.159908
58,1,9,806.1139,809.1867,-2.420504,-0.136985,-0.136703,0.156889
59,1,9,808.5417,809.1867,-3.098475,0.000210,0.000195,0.000244
60,9,1,819.7790,809.1867,-1.883059,0.026732,0.026091,0.030583
61,2,9,826.4779,838.7865,-1.833442,-0.112001,-0.111035,0.127041
62,2,9,829.6829,838.7865,-1.964437,0.000668,0.000572,0.000809
63,2,9,831.4513,838.7865,-2.058236,-0.050705,-0.050506,0.068739
64,6,7,856.3943,838.7865,-1.677947,0.002606,0.002550,0.003030
65,6,7,858.1442,838.7865,-1.636800,-0.000000,0.000000,0.000000
66,8,5,878.3087,878.2525,-4.193898,0.034479,0.031267,0.041077
67,9,3,900.6352,888.1188,-1.850993,0.060217,0.057580,0.069715
68,9,3,906.1834,888.1188,-1.691644,0.045513,0.044306,0.053313
69,9,3,910.2393,888.1188,-1.603677,-0.002063,-0.002485,0.015184
70,9,4,926.2825,957.1826,-1.491035,-0.008545,-0.009399,0.022120
71,4,9,960.0004,957.1826,-2.531074,-0.000000,0.000000,0.000000
72,7,7,969.7061,967.0487,-2.560981,-0.006132,-0.009237,0.088224
73,6,8,978.9850,986.7808,-2.102361,0.026613,0.023145,0.031957
74,6,8,989.2414,986.7808,-2.603180,0.033572,0.033074,0.034758
75,6,8,989.5036,986.7808,-2.559199,0.034472,0.033984,0.035702
76,10,1,1007.0457,996.6468,-1.981553,0.049102,0.048394,0.052783
77,10,1,1008.9003,996.6468,-1.910280,0.046514,0.045993,0.050303
78,10,2,1017.0469,1026.2445,-2.047577,0.046643,0.041663,0.053662
79,10,2,1017.4142,1026.2445,-2.065276,0.000000,0.000000,0.000000
80,2,10,1031.4151,1026.2445,-2.297712,0.028267,0.026943,0.031521
81,5,9,1039.0039,1045.9762,-2.176149,0.013943,0.013170,0.015076
82,3,10,1062.3887,1075.5734,-1.911571,-0.016583,-0.017164,0.039097
83,3,10,1066.8673,1075.5734,-2.091814,0.055020,0.049355,0.062875
84,3,10,1074.3124,1075.5734,-2.930929,0.059299,0.055534,0.066234
85,10,3,1085.2950,1075.5734,-2.043905,0.024283,0.021704,0.030022
86,7,8,1099.7981,1115.0359,-1.864367,0.000000,0.000000,-0.000000
87,7,8,1125.5374,1115.0359,-2.026037,0.000000,0.000000,-0.000000
88,7,8,1126.2615,1115.0359,-1.997079,0.000000,-0.000000,-0.000000
89,10,4,1131.4939,1144.6323,-1.940123,0.000000,0.000000,-0.000000
90,6,9,1174.9411,1154.4978,-1.751841,0.019325,0.017151,0.024872
91,6,9,1175.2050,1154.4978,-1.746270,-0.009091,-0.010846,0.026232
92,6,9,1177.8502,1154.4978,-1.694062,0.000000,-0.000000,0.000000
93,1,11,1186.8423,1203.8243,-1.850573,-0.086887,-0.086945,0.094521
94,1,11,1187.7032,1203.8243,-1.873169,-0.119955,-0.120498,0.139436
95,1,11,1200.1217,1203.8243,-2.512055,0.016257,0.015146,0.017876
96,1,11,1203.1251,1203.8243,-3.235944,0.009586,0.009248,0.010125
97,11,1,1204.3160,1203.8243,-3.388889,-0.002808,-0.002902,0.004694
98,11,1,1211.4736,1203.8243,-2.196941,0.020299,0.016383,0.027624
99,2,11,1227.0684,1233.4198,-2.288237,0.031744,0.029957,0.034212
100,11,2,1237.9923,1233.4198,-2.430961,0.000000,-0.000000,-0.000000
101,11,2,1239.2726,1233.4198,-2.323749,-0.000000,-0.000000,0.000000
102,11,2,1247.2437,1233.4198,-1.950480,0.031706,0.028807,0.026416
103,8,8,1254.2070,1263.0150,-2.156532,0.000000,0.000000,0.000000
104,8,8,1254.9631,1263.0150,-2.195510,0.000000,0.000000,0.000000
105,8,8,1262.1835,1263.0150,-3.181531,0.007576,0.006863,0.008879
106,7,9,1282.1831,1282.7449,-3.358530,0.002238,0.002155,-0.001759
107,9,7,1285.0954,1282.7449,-2.736983,0.000108,0.000065,0.000206
108,9,7,1289.5563,1282.7449,-2.274907,0.054186,0.047581,0.067137
109,9,7,1296.2763,1282.7449,-1.976799,0.055091,0.048416,0.073628
110,6,10,1322.7409,1341.9339,-1.844589,0.023040,0.016198,0.035022
111,6,10,1324.9443,1341.9339,-1.897547,0.000000,0.000000,0.000000
112,6,10,1328.6060,1341.9339,-2.002970,0.021975,0.016562,0.030489
113,11,4,1351.8405,1351.7986,-4.509131,0.005129,0.003705,0.007901
114,11,4,1352.9302,1351.7986,-3.077209,0.024242,0.017723,0.036006
115,11,4,1363.2980,1351.7986,-2.070236,0.034390,0.028977,0.028759
116,11,4,1366.9656,1351.7986,-1.950012,-0.000000,-0.000000,0.000000
117,11,4,1375.6410,1351.7986,-1.753562,0.027647,0.018231,0.049958
118,12,1,1397.3703,1430.7149,-1.632527,-0.126036,-0.126821,0.143888
119,12,1,1398.2033,1430.7149,-1.643514,-0.077611,-0.077106,0.081670
120,12,1,1401.1474,1430.7149,-1.684738,0.018958,0.013681,0.027113
121,12,1,1408.6782,1430.7149,-1.812406,0.001418,-0.000441,0.015131
122,12,1,1411.5108,1430.7149,-1.872159,0.045289,0.041671,0.048849
123,12,1,1412.5126,1430.7149,-1.895427,0.015916,0.014056,0.018243
124,12,1,1424.5596,1430.7149,-2.366305,0.025568,0.020323,0.038961
125,12,1,1427.4143,1430.7149,-2.636953,0.008865,0.006228,0.013830
126,12,1,1427.8105,1430.7149,-2.692500,0.035424,0.024952,0.055119
127,11,5,1435.8478,1440.5793,-2.483543,0.000304,0.000277,0.000352
128,11,5,1436.8701,1440.5793,-2.589260,0.009165,0.006334,0.021006
129,11,5,1439.4297,1440.5793,-3.098005,0.000411,0.000297,0.000661
130,12,2,1456.9613,1460.3079,-2.639837,0.002117,0.001372,0.003730
131,2,12,1462.8288,1460.3079,-2.762897,0.003240,0.003032,0.000244
132,7,10,1475.7489,1470.1722,-2.420990,-0.000000,0.000000,-0.000000
133,7,10,1486.9545,1470.1722,-1.942516,-0.000000,-0.000000,0.000000
134,12,3,1497.9807,1509.6289,-2.112612,0.000000,0.000000,-0.000000
135,12,3,1498.7119,1509.6289,-2.140766,-0.000000,-0.000000,0.000000
136,3,12,1512.1516,1509.6289,-2.777014,-0.000000,0.000000,0.000000
137,3,12,1517.1311,1509.6289,-2.303685,0.007733,0.005311,0.013268
138,3,12,1522.1790,1509.6289,-2.080224,0.025246,0.023203,0.009772
139,6,11,1537.6833,1549.0851,-2.133102,-0.011980,-0.012293,0.018169
140,6,11,1538.1973,1549.0851,-2.153138,0.011129,0.008106,0.016746
141,11,6,1554.4307,1549.0851,-2.462077,0.003537,0.002739,0.005185
142,9,9,1590.4603,1598.4045,-2.303637,0.000233,0.000158,0.000389
143,9,9,1595.8415,1598.4045,-2.794947,0.002852,0.002213,0.004142
144,9,9,1599.2464,1598.4045,-3.278378,0.000751,0.000701,0.000815
145,9,9,1599.8905,1598.4045,-3.031645,0.017971,0.016647,0.025770
146,9,9,1605.2571,1598.4045,-2.367828,0.013576,0.010177,0.020417
147,9,9,1605.9496,1598.4045,-2.326020,0.013839,0.012867,-0.003795
148,8,10,1609.1241,1618.1320,-2.254391,0.000000,0.000000,0.000000
149,8,10,1611.6057,1618.1320,-2.394350,-0.000000,-0.000000,0.000000
150,8,10,1614.0612,1618.1320,-2.599341,0.000000,0.000000,0.000000
151,10,8,1623.1127,1618.1320,-2.511723,0.009440,0.007092,0.014319
152,10,8,1628.7171,1618.1320,-2.184316,0.000000,0.000000,-0.000000
153,10,8,1634.2117,1618.1320,-2.002736,0.000000,0.000000,0.000000
154,10,8,1634.8651,1618.1320,-1.985437,-0.000000,0.000000,-0.000000
155,5,12,1671.0268,1667.4501,-2.668570,-0.022449,-0.022697,0.031162
156,5,12,1671.4758,1667.4501,-2.617205,-0.028311,-0.030558,0.054340
157,13,1,1678.5095,1677.3136,-3.146905,0.036577,0.030065,0.053769
158,13,1,1685.2938,1677.3136,-2.322602,0.003444,0.002323,0.009027
159,2,13,1704.7009,1706.9039,-2.889197,0.000437,0.000371,0.000311
160,2,13,1705.4317,1706.9039,-3.064244,0.000380,0.000230,0.000705
161,13,2,1723.4184,1706.9039,-2.014344,0.000619,0.000426,0.001066
162,13,2,1724.6485,1706.9039,-1.983144,0.000000,0.000000,0.000000
163,13,3,1738.6467,1756.2204,-1.999716,0.006548,0.001158,0.037535
164,13,3,1744.2020,1756.2204,-2.164730,0.021087,0.014148,0.044032
165,13,3,1745.4180,1756.2204,-2.211056,0.000609,0.000477,0.000843
166,3,13,1761.9580,1756.2204,-2.485854,0.005417,0.004626,0.007027
167,13,4,1821.8870,1825.2620,-2.733051,-0.000450,-0.000752,0.004159
168,8,11,1828.9976,1825.2620,-2.688967,0.018439,0.014336,0.026493
169,8,11,1829.2518,1825.2620,-2.660381,0.007822,0.007114,-0.001795
170,8,11,1829.3076,1825.2620,-2.654347,-0.006689,-0.007027,0.008448
171,8,11,1837.4027,1825.2620,-2.177082,0.000254,0.000224,0.000396
172,8,11,1837.5851,1825.2620,-2.170607,0.010259,0.009845,0.005070
173,8,11,1841.7381,1825.2620,-2.044470,0.008496,0.007455,0.010666
174,8,11,1845.3554,1825.2620,-1.958273,0.017486,0.016295,0.019961
175,8,11,1847.8703,1825.2620,-1.907058,0.000171,-0.000280,0.004128
176,8,11,1853.9981,1825.2620,-1.802898,0.000000,0.000000,0.000000
177,8,11,1859.6764,1825.2620,-1.724586,-0.000603,-0.000719,0.002188
178,7,12,1865.2902,1904.1646,-1.690041,0.009207,0.008542,0.004305
179,7,12,1868.2546,1904.1646,-1.724490,0.003314,0.002831,0.004983
180,7,12,1878.7511,1904.1646,-1.874640,0.009095,0.007842,0.010552
181,7,12,1894.8934,1904.1646,-2.312568,0.022016,0.019645,0.025479
182,13,5,1922.0208,1914.0272,-2.379208,0.005844,0.004954,0.007540
183,13,5,1923.2218,1914.0272,-2.318418,-0.012838,-0.014277,0.036561
184,13,5,1926.1819,1914.0272,-2.197206,0.005839,0.004966,0.007571
185,13,5,1926.5394,1914.0272,-2.184613,-0.002092,-0.005714,0.052815
186,14,1,1949.6283,1943.6150,-2.509492,-0.000000,0.000000,0.000000
187,14,1,1952.8594,1943.6150,-2.322729,0.000000,0.000000,0.000000
188,14,1,1957.4776,1943.6150,-2.146763,-0.000000,-0.000000,0.000000
189,10,10,1961.8894,1973.2024,-2.241594,0.000000,0.000000,0.000000
190,10,10,1967.5139,1973.2024,-2.540175,0.000000,0.000000,0.000000
191,10,10,1969.0473,1973.2024,-2.676587,0.000000,0.000000,0.000000
192,10,10,1970.8041,1973.2024,-2.915261,0.000000,0.000000,-0.000000
193,9,11,1992.1658,1992.9272,-3.417888,0.004018,0.001522,0.021637
194,9,11,2000.8251,1992.9272,-2.401979,0.007812,0.006844,0.004890
195,9,11,2004.1870,1992.9272,-2.247959,0.008482,0.006906,0.011481
196,9,11,2004.9041,1992.9272,-2.221146,0.000576,0.000474,0.000761
197,14,3,2010.6881,2022.5141,-2.233054,0.000000,-0.000000,-0.000000
198,14,3,2011.3232,2022.5141,-2.257029,0.000000,0.000000,0.000000
199,14,3,2020.4929,2022.5141,-3.000301,0.007888,0.005858,0.011622
200,14,3,2020.8733,2022.5141,-3.090861,-0.005556,-0.008030,0.030938
201,14,4,2072.4620,2091.5489,-2.039733,-0.000000,-0.000000,0.000000
202,14,4,2072.8647,2091.5489,-2.048994,0.008717,0.007043,0.011155
203,14,4,2083.3857,2091.5489,-2.408608,0.002456,-0.000634,0.034900
204,14,4,2091.3967,2091.5489,-4.138250,0.000000,0.000000,0.000000
205,4,14,2103.9224,2091.5489,-2.227973,0.006005,0.004729,0.008607
206,4,14,2108.7594,2091.5489,-2.084674,-0.000000,-0.000000,0.000000
207,4,14,2110.7623,2091.5489,-2.036864,0.004927,0.004178,0.006584
208,13,7,2137.8000,2150.7202,-2.221315,0.011182,0.007827,0.016883
209,7,13,2157.8166,2150.7202,-2.481542,0.003787,0.003973,-0.003379
210,11,10,2170.6331,2180.3053,-2.352992,-0.000555,-0.000575,0.001718
211,11,10,2173.0290,2180.3053,-2.476601,0.015769,0.012450,0.021143
212,5,14,2189.9526,2180.3053,-2.354114,-0.000000,-0.000000,0.000000
213,5,14,2191.8219,2180.3053,-2.277194,0.001583,0.001148,0.002409
214,9,12,2217.3045,2219.7517,-2.957628,0.003373,0.000733,0.016552
215,15,2,2255.9491,2259.1975,-2.842274,-0.000000,-0.000000,-0.000000
216,15,2,2256.1638,2259.1975,-2.871980,0.001077,0.000881,0.001217
217,14,6,2287.7211,2288.7815,-3.334117,0.001774,0.000966,0.009847
218,13,8,2295.1884,2298.6428,-2.823102,0.010149,0.010327,-0.006393
219,13,8,2298.4208,2298.6428,-4.015219,0.000000,-0.000000,0.000000
220,3,15,2311.9014,2308.5040,-2.832190,0.006518,0.005029,0.009057
221,3,15,2338.2815,2308.5040,-1.889442,-0.005667,-0.006286,0.015482
222,15,4,2350.8494,2377.5315,-1.949906,0.011732,0.010870,0.012252
223,15,4,2351.0725,2377.5315,-1.953553,0.008143,0.007547,0.010476
224,15,4,2355.9624,2377.5315,-2.042294,0.000000,0.000000,0.000000
225,15,4,2356.1763,2377.5315,-2.046621,0.008354,0.007625,0.008942
226,15,4,2364.6211,2377.5315,-2.265186,-0.009060,-0.009989,0.033583
227,15,4,2367.7034,2377.5315,-2.383654,-0.009956,-0.010184,0.017127
228,15,4,2369.9133,2377.5315,-2.494270,0.009331,0.008298,0.010508
229,15,4,2373.0601,2377.5315,-2.725682,0.004193,0.003711,0.004778
230,4,15,2381.3340,2377.5315,-2.796065,-0.017361,-0.016974,0.027356
231,11,11,2383.3013,2387.3925,-2.766076,0.012539,0.011210,0.014196
232,11,11,2385.0095,2387.3925,-3.000796,0.031407,0.027681,0.045318
233,11,11,2386.5398,2387.3925,-3.447146,0.007575,0.006794,0.008656
234,10,12,2398.3438,2407.1142,-2.438474,0.014562,0.012394,0.017665
235,10,12,2398.5036,2407.1142,-2.446464,-0.000000,-0.000000,0.000000
236,12,10,2410.3286,2407.1142,-2.874400,0.038431,0.035798,0.003402
237,14,7,2412.3645,2416.9751,-2.719521,-0.000245,-0.000394,0.001749
238,14,7,2412.5217,2416.9751,-2.734583,0.005578,0.004916,0.006501
239,14,7,2414.3180,2416.9751,-2.958873,0.013177,0.011075,0.016570
240,7,14,2431.3072,2416.9751,-2.226962,0.002410,0.001957,0.003213
241,7,14,2432.2810,2416.9751,-2.198412,-0.001222,-0.001401,0.001402
242,7,14,2434.5935,2416.9751,-2.137306,0.003859,0.004272,-0.002676
243,7,14,2438.9495,2416.9751,-2.041354,0.018567,0.015735,0.023952
244,5,15,2449.4427,2466.2787,-2.165803,0.004537,0.004003,0.005293
245,5,15,2449.9911,2466.2787,-2.180186,0.000000,0.000000,-0.000000
246,5,15,2457.5495,2466.2787,-2.451070,0.005879,0.004925,0.007248
247,5,15,2465.9124,2466.2787,-3.828308,0.003320,0.004272,0.001453
248,9,13,2482.2189,2466.2787,-2.189548,0.003494,0.003110,0.004135
249,9,13,2485.2591,2466.2787,-2.113737,0.001859,0.001827,-0.000421
250,9,13,2506.6596,2466.2787,-1.785866,-0.003554,-0.003586,0.008120
251,9,13,2515.3575,2466.2787,-1.701147,0.022336,0.019141,0.029412
252,14,8,2532.9486,2564.8831,-1.904807,0.003039,0.002593,0.003538
253,14,8,2536.4587,2564.8831,-1.955376,0.005152,0.005356,-0.003408
254,14,8,2539.7312,2564.8831,-2.008497,0.001796,0.001534,0.002130
255,14,8,2544.3946,2564.8831,-2.097557,0.008814,0.007303,0.013836
256,15,6,2573.6692,2574.7434,-3.379655,0.001465,0.001196,0.001874
257,6,15,2575.3091,2574.7434,-3.658122,0.001200,-0.001543,0.013735
258,6,15,2581.5802,2574.7434,-2.575878,0.000000,0.000000,0.000000
259,12,11,2594.8010,2614.1840,-2.129913,0.012599,0.011525,0.000722
260,11,12,2615.2977,2614.1840,-3.370588,0.002680,0.002190,0.007172
261,13,10,2637.7199,2653.6241,-2.222328,-0.000000,-0.000000,-0.000000
262,13,10,2640.0924,2653.6241,-2.292488,-0.000000,0.000000,-0.000000
263,13,10,2653.0010,2653.6241,-3.629240,-0.016032,-0.018244,0.050237
264,13,10,2653.2668,2653.6241,-3.870828,0.000000,0.000000,-0.000000
265,15,7,2687.7589,2702.9234,-2.251005,0.000000,0.000000,-0.000000
266,15,7,2697.1270,2702.9234,-2.668676,0.004136,0.004979,0.004020
267,15,7,2700.8848,2702.9234,-3.122497,0.002621,0.001892,0.003821
268,9,14,2755.1103,2732.5026,-2.082304,-0.001848,-0.001912,0.002158
269,9,14,2762.7497,2732.5026,-1.955877,0.011138,0.009469,0.014342
270,9,14,2772.1833,2732.5026,-1.837981,0.006779,0.005288,0.009633
271,9,14,2775.0810,2732.5026,-1.807371,0.002795,0.002740,-0.001786
272,12,12,2793.8634,2840.9567,-1.780506,0.015536,0.013062,0.018069
273,12,12,2814.6909,2840.9567,-2.034076,0.000000,0.000000,-0.000000
274,12,12,2824.3745,2840.9567,-2.233822,0.008451,0.007750,0.009404
275,12,12,2840.1957,2840.9567,-3.572124,0.016805,0.014218,0.020662
276,13,11,2859.8483,2860.6751,-3.539047,0.000203,0.000154,0.000278
277,11,13,2885.6363,2860.6751,-2.059203,0.012185,0.010700,0.007435
278,10,14,2924.6573,2919.8296,-2.781621,0.000000,0.000000,-0.000000
279,10,14,2936.7388,2919.8296,-2.237236,0.000000,0.000000,-0.000000
280,10,14,2948.2990,2919.8296,-2.010980,0.000872,-0.001907,0.021157
281,10,14,2955.3625,2919.8296,-1.914727,-0.000000,0.000000,0.000000
282,9,15,2985.0640,3018.4176,-1.956636,0.003717,0.003176,0.007283
283,15,9,3049.5792,3018.4176,-1.986161,0.000882,0.000766,0.001103
284,12,13,3090.7733,3087.4271,-2.965047,0.000104,0.000089,0.000126
285,12,13,3093.1707,3087.4271,-2.730413,0.007702,0.007183,-0.003703
286,11,14,3136.7832,3126.8603,-2.498472,0.002319,0.001545,0.003325
287,11,14,3137.5076,3126.8603,-2.467870,0.009018,0.007865,0.010795
288,10,15,3177.5949,3205.7250,-2.056756,0.000000,0.000000,-0.000000
289,10,15,3177.8799,3205.7250,-2.061178,0.000000,0.000000,-0.000000
290,10,15,3178.2135,3205.7250,-2.066412,0.007871,0.007647,0.007894
291,10,15,3178.8304,3205.7250,-2.076262,0.000000,0.000000,-0.000000
292,10,15,3184.9293,3205.7250,-2.187954,0.013888,0.013643,0.013900
293,10,15,3185.6604,3205.7250,-2.203496,0.003465,0.003394,0.003481
294,10,15,3187.1616,3205.7250,-2.237270,-0.000000,-0.000000,0.000000
295,10,15,3187.7410,3205.7250,-2.251041,0.000000,0.000000,0.000000
296,10,15,3194.4687,3205.7250,-2.454533,0.000000,0.000000,0.000000
297,10,15,3194.6453,3205.7250,-2.461401,0.008582,0.008601,0.008505
298,10,15,3194.7358,3205.7250,-2.464961,0.000000,0.000000,0.000000
299,10,15,3195.6416,3205.7250,-2.502320,-0.000000,-0.000000,0.000000
300,10,15,3197.6095,3205.7250,-2.596614,0.005935,0.006022,0.009267
301,10,15,3197.6257,3205.7250,-2.597480,0.005032,0.004968,0.005072
302,10,15,3197.6488,3205.7250,-2.598721,0.014167,0.013992,0.014271
303,10,15,3197.6697,3205.7250,-2.599848,0.000000,0.000000,0.000000
304,10,15,3200.4244,3205.7250,-2.781605,0.012414,0.011971,0.003934
305,10,15,3200.6592,3205.7250,-2.801277,0.000000,0.000000,-0.000000
306,10,15,3200.9063,3205.7250,-2.822995,0.008535,0.008517,0.008549
307,10,15,3200.9399,3205.7250,-2.826038,0.000000,0.000000,0.000000
308,10,15,3202.5368,3205.7250,-3.002379,-0.000000,-0.000000,0.000000
309,10,15,3202.6420,3205.7250,-3.016960,0.003901,0.003914,0.002967
310,10,15,3202.8438,3205.7250,-3.046359,0.000000,0.000000,-0.000000
311,10,15,3202.8587,3205.7250,-3.048609,0.000000,0.000000,0.000000
312,10,15,3205.0480,3205.7250,-3.675379,-0.000000,-0.000000,0.000000
313,10,15,3205.0913,3205.7250,-3.704081,0.013318,0.013772,0.018180
314,15,10,3205.8656,3205.7250,-4.357745,0.000000,0.000000,0.000000
315,15,10,3205.8778,3205.7250,-4.321815,0.010051,0.010243,0.009917
316,15,10,3208.7784,3205.7250,-3.021134,0.009282,0.009094,0.008919
317,15,10,3209.1582,3205.7250,-2.970222,0.011431,0.011194,0.009944
318,15,10,3220.3389,3205.7250,-2.341159,-0.000000,0.000000,0.000000
319,15,10,3222.1100,3205.7250,-2.291478,0.000000,0.000000,0.000000
320,15,10,3228.6139,3205.7250,-2.146300,0.000000,0.000000,0.000000
321,15,10,3230.9447,3205.7250,-2.104186,-0.000257,-0.000897,0.006858
322,15,10,3236.1155,3205.7250,-2.023188,0.000000,-0.000000,0.000000
323,15,10,3242.7317,3205.7250,-1.937646,0.003915,0.003998,0.007199
324,15,10,3246.2956,3205.7250,-1.897714,0.000000,0.000000,0.000000
325,15,10,3256.3644,3205.7250,-1.801438,-0.000000,-0.000000,0.000000
326,15,10,3259.6672,3205.7250,-1.773997,-0.000000,-0.000000,0.000000
327,13,13,3275.7872,3333.8752,-1.758863,0.000189,0.000178,0.000190
328,13,13,3288.7144,3333.8752,-1.868188,0.009859,0.008568,0.011036
329,13,13,3292.2514,3333.8752,-1.903608,0.000074,0.000070,0.000075
330,13,13,3307.4485,3333.8752,-2.100907,0.002479,0.002468,0.004542
331,13,13,3324.5361,3333.8752,-2.552644,0.001067,0.000941,0.001225
332,13,13,3341.2568,3333.8752,-2.654795,0.000070,0.000059,0.000086
333,12,14,3354.0799,3353.5900,-3.835481,0.012287,0.011909,0.001329
334,12,14,3365.5634,3353.5900,-2.447294,0.001654,0.001783,0.000939
335,12,14,3375.8522,3353.5900,-2.177943,0.000000,0.000000,-0.000000
336,11,15,3391.4658,3412.7338,-2.205376,0.003587,0.003202,0.003995
337,11,15,3393.0181,3412.7338,-2.238289,-0.000856,-0.000902,0.002536
338,15,11,3436.5006,3412.7338,-2.157132,0.001623,0.001532,0.001811
339,15,11,3450.3287,3412.7338,-1.957974,0.006081,0.006043,0.010701
340,15,11,3464.1745,3412.7338,-1.821796,0.015111,0.013084,0.012319
341,15,11,3466.9770,3412.7338,-1.798757,0.000000,0.000000,0.000000
342,15,11,3480.1522,3412.7338,-1.704324,0.001865,0.002404,0.005487
343,14,13,3510.3175,3600.0139,-1.603529,0.004045,0.003696,-0.001048
344,14,13,3510.8262,3600.0139,-1.605999,-0.003026,-0.003144,0.007748
345,14,13,3516.9985,3600.0139,-1.637145,0.013812,0.012173,0.014530
346,14,13,3542.0964,3600.0139,-1.793494,0.007477,0.006285,0.008485
347,14,13,3550.9757,3600.0139,-1.865769,0.008309,0.006768,0.004260
348,14,13,3575.8957,3600.0139,-2.173960,0.002725,0.002006,0.002785
349,14,13,3577.2774,3600.0139,-2.199580,0.000342,0.000287,0.000406
350,14,13,3582.2957,3600.0139,-2.307885,-0.005480,-0.005746,0.010574
351,15,12,3621.2151,3639.4397,-2.300376,0.011125,0.009585,0.012888
352,15,12,3632.2691,3639.4397,-2.705482,0.004708,0.004298,0.005173
353,15,12,3638.7827,3639.4397,-3.743509,0.003383,0.003348,0.009685
354,12,15,3667.0837,3639.4397,-2.119433,0.004204,0.003850,0.004790
355,12,15,3708.6346,3639.4397,-1.720960,-0.001582,-0.001861,0.005946
356,12,15,3751.2607,3639.4397,-1.512511,0.004118,0.003736,0.004754
357,14,14,3784.9016,3866.1266,-1.677587,0.000573,0.000447,-0.000242
358,14,14,3798.1499,3866.1266,-1.754916,0.000275,0.000239,0.000299
359,14,14,3810.5192,3866.1266,-1.842143,0.000069,0.000061,0.000074
360,14,14,3840.0329,3866.1266,-2.170742,0.001519,0.001190,-0.000272
361,14,14,3851.9638,3866.1266,-2.436129,0.009573,0.008357,0.010871
362,15,15,84839.3110,4437.6877,1.258108,0.000000,-0.000000,0.000000
363,15,15,84839.3110,4437.6877,1.258108,0.000000,-0.000000,0.000000
364,15,15,84840.6434,4437.6877,1.258115,0.000000,0.000000,0.000000
365,15,15,84840.6445,4437.6877,1.258115,0.000000,0.000000,0.000000
366,15,15,84840.6453,4437.6877,1.258115,0.000000,0.000000,0.000000
367,15,15,84840.6462,4437.6877,1.258115,0.000000,0.000000,0.000000
368,15,15,84842.3552,4437.6877,1.258125,0.000000,0.000000,0.000000
369,15,15,84842.3552,4437.6877,1.258125,0.000000,0.000000,0.000000
370,15,15,84845.2511,4437.6877,1.258140,0.000000,0.000000,0.000000
371,15,15,84845.2600,4437.6877,1.258140,0.000000,0.000000,0.000000
372,15,15,84845.2645,4437.6877,1.258140,0.000000,0.000000,0.000000
373,15,15,84845.2732,4437.6877,1.258140,0.000000,0.000000,0.000000
374,15,15,84848.5421,4437.6877,1.258158,0.000000,0.000000,0.000000
375,15,15,84848.5440,4437.6877,1.258158,0.000000,0.000000,0.000000
376,15,15,84848.7251,4437.6877,1.258159,0.000000,0.000000,0.000000
377,15,15,84848.7269,4437.6877,1.258159,-0.000000,0.000000,0.000000
378,15,15,84861.1748,4437.6877,1.258226,-0.000000,0.000000,-0.000000
379,15,15,84861.3077,4437.6877,1.258227,0.000000,0.000000,-0.000000
380,15,15,84861.5157,4437.6877,1.258228,0.000000,0.000000,0.000000
381,15,15,84861.6861,4437.6877,1.258229,0.000000,0.000000,0.000000
382,15,15,84865.6151,4437.6877,1.258250,0.000000,0.000000,0.000000
383,15,15,84865.7757,4437.6877,1.258251,0.000000,-0.000000,0.000000
384,15,15,84869.2910,4437.6877,1.258270,0.000000,0.000000,0.000000
385,15,15,84869.7744,4437.6877,1.258273,0.000000,0.000000,0.000000
386,15,15,84873.0289,4437.6877,1.258290,-0.000000,0.000000,0.000000
387,15,15,84874.5966,4437.6877,1.258299,0.000000,0.000000,0.000000
388,15,15,84875.6766,4437.6877,1.258304,-0.000000,0.000000,0.000000
389,15,15,84877.9358,4437.6877,1.258317,0.000000,0.000000,0.000000
390,15,15,84881.1012,4437.6877,1.258334,0.000000,0.000000,0.000000
391,15,15,84884.1347,4437.6877,1.258350,0.000000,0.000000,0.000000
392,15,15,84885.2716,4437.6877,1.258356,0.000000,0.000000,0.000000
393,15,15,84888.6555,4437.6877,1.258375,0.000000,0.000000,0.000000
394,15,15,84893.1218,4437.6877,1.258399,0.000000,0.000000,0.000000
395,15,15,84896.9743,4437.6877,1.258419,0.000000,0.000000,0.000000
396,15,15,84899.0509,4437.6877,1.258431,0.000000,0.000000,0.000000
397,15,15,84903.8330,4437.6877,1.258456,0.000000,0.000000,0.000000
398,15,15,84907.7637,4437.6877,1.258478,0.000000,0.000000,0.000000
399,15,15,84912.9238,4437.6877,1.258506,0.000000,0.000000,0.000000
400,15,15,84916.8343,4437.6877,1.258527,0.000000,0.000000,-0.000000
401,15,15,84924.0237,4437.6877,1.258565,0.000000,0.000000,-0.000000
402,15,15,84925.3018,4437.6877,1.258572,0.000000,0.000000,0.000000
403,15,15,84933.5024,4437.6877,1.258617,0.000000,-0.000000,0.000000
404,15,15,84937.3278,4437.6877,1.258637,-0.000000,0.000000,-0.000000
405,15,15,84944.3427,4437.6877,1.258675,0.000000,0.000000,0.000000
406,15,15,84951.9553,4437.6877,1.258716,0.000000,0.000000,0.000000
407,15,15,84958.8080,4437.6877,1.258753,0.000000,0.000000,0.000000
408,15,15,84966.6781,4437.6877,1.258796,0.000000,0.000000,0.000000
409,15,15,84976.1511,4437.6877,1.258847,0.000000,0.000000,0.000000
410,15,15,84979.4699,4437.6877,1.258865,0.000000,-0.000000,-0.000000
411,15,15,84989.7520,4437.6877,1.258920,0.000000,0.000000,0.000000
412,15,15,84999.0866,4437.6877,1.258970,0.000000,0.000000,-0.000000
413,15,15,85008.9994,4437.6877,1.259024,0.000000,0.000000,0.000000
414,15,15,85016.9521,4437.6877,1.259067,0.000000,0.000000,0.000000
415,15,15,85030.3337,4437.6877,1.259139,0.000000,0.000000,0.000000
416,15,15,85032.6466,4437.6877,1.259151,0.000000,0.000000,0.000000
417,15,15,85049.0515,4437.6877,1.259240,0.000000,0.000000,0.000000
418,15,15,85049.4865,4437.6877,1.259242,0.000000,0.000000,0.000000
419,15,15,85061.6333,4437.6877,1.259307,0.000000,0.000000,0.000000
420,15,15,85069.2605,4437.6877,1.259348,0.000000,0.000000,-0.000000
421,15,15,85073.2333,4437.6877,1.259370,0.000000,0.000000,0.000000
422,15,15,85122.4697,4437.6877,1.259635,0.000000,0.000000,0.000000
423,15,15,85122.9807,4437.6877,1.259638,0.000000,0.000000,0.000000
424,15,15,85164.8504,4437.6877,1.259863,0.000000,0.000000,0.000000
425,15,15,85165.5366,4437.6877,1.259867,0.000000,0.000000,0.000000
426,15,15,85196.3940,4437.6877,1.260033,0.000000,0.000000,-0.000000
427,15,15,85198.4678,4437.6877,1.260044,0.000000,0.000000,-0.000000
428,15,15,85205.9372,4437.6877,1.260084,0.000000,0.000000,0.000000
429,15,15,85207.7875,4437.6877,1.260094,0.000000,0.000000,0.000000
430,15,15,85252.3893,4437.6877,1.260334,0.000000,0.000000,0.000000
431,15,15,85253.2813,4437.6877,1.260338,0.000000,0.000000,0.000000
432,15,15,85266.6738,4437.6877,1.260410,0.000000,0.000000,-0.000000
433,15,15,85268.2423,4437.6877,1.260419,0.000000,-0.000000,-0.000000
434,15,15,85275.1871,4437.6877,1.260456,0.000000,0.000000,0.000000
435,15,15,85276.3127,4437.6877,1.260462,0.000000,0.000000,0.000000
436,15,15,85284.9390,4437.6877,1.260509,0.000000,0.000000,0.000000
437,15,15,85285.1612,4437.6877,1.260510,0.000000,0.000000,0.000000
438,15,15,119780.2215,4437.6877,1.414833,0.000000,0.000000,0.000000
439,15,15,119780.2215,4437.6877,1.414833,0.000000,0.000000,0.000000
440,15,15,119913.2853,4437.6877,1.415333,0.000000,0.000000,0.000000
441,15,15,119913.2853,4437.6877,1.415333,0.000000,0.000000,0.000000
442,15,15,6479179.1516,4437.6877,3.164066,0.003631,3.650083,6.546406
443,15,15,6479179.7769,4437.6877,3.164066,0.001918,3.512332,6.408655
444,15,15,6479179.9565,4437.6877,3.164066,0.000000,0.000000,0.000000
445,15,15,6479180.5842,4437.6877,3.164066,0.003058,3.673470,6.569793
446,15,15,6479401.8132,4437.6877,3.164081,-0.001426,3.687025,6.583367
447,15,15,6479401.9172,4437.6877,3.164081,0.000000,0.000000,0.000000
448,15,15,6479407.2641,4437.6877,3.164081,0.008770,3.938669,6.835013
449,15,15,6479407.5182,4437.6877,3.164081,0.000000,0.000000,0.000000
450,15,15,6479407.8793,4437.6877,3.164081,0.000000,0.000000,0.000000
451,15,15,6479408.5911,4437.6877,3.164081,0.000000,0.000000,-0.000000
452,15,15,6479417.8738,4437.6877,3.164082,0.000000,0.000000,-0.000000
453,15,15,6479418.2271,4437.6877,3.164082,0.000000,0.000000,0.000000
454,15,15,6479623.9677,4437.6877,3.164096,0.000000,0.000000,0.000000
455,15,15,6479624.0801,4437.6877,3.164096,0.000000,0.000000,0.000000
456,15,15,6479637.1401,4437.6877,3.164096,0.000000,0.000000,0.000000
457,15,15,6479637.3476,4437.6877,3.164096,0.000000,0.000000,-0.000000
458,15,15,6479692.3201,4437.6877,3.164100,0.000000,0.000000,0.000000
459,15,15,6479692.8319,4437.6877,3.164100,0.000000,0.000000,-0.000000
460,15,15,6479693.3027,4437.6877,3.164100,0.000000,0.000000,0.000000
461,15,15,6479695.7353,4437.6877,3.164100,0.000000,0.000000,0.000000
462,15,15,6479706.0720,4437.6877,3.164101,0.000000,0.000000,0.000000
463,15,15,6479706.3694,4437.6877,3.164101,0.000000,0.000000,-0.000000
464,15,15,6479706.5836,4437.6877,3.164101,0.000000,0.000000,-0.000000
465,15,15,6479707.0383,4437.6877,3.164101,0.000000,0.000000,0.000000
466,15,15,6479905.1342,4437.6877,3.164114,0.000000,0.000000,0.000000
467,15,15,6479905.2774,4437.6877,3.164114,0.000000,0.000000,0.000000
468,15,15,6479907.5848,4437.6877,3.164115,0.000000,-0.000000,-0.000000
469,15,15,6479907.7037,4437.6877,3.164115,0.000000,0.000000,0.000000
470,15,15,6479907.9524,4437.6877,3.164115,0.000000,0.000000,-0.000000
471,15,15,6479908.2161,4437.6877,3.164115,0.000000,0.000000,0.000000
472,15,15,6479911.0292,4437.6877,3.164115,0.000000,0.000000,0.000000
473,15,15,6479913.4096,4437.6877,3.164115,0.000000,0.000000,0.000000
474,15,15,6479913.6025,4437.6877,3.164115,0.000000,0.000000,-0.000000
475,15,15,6479915.3062,4437.6877,3.164115,0.000000,0.000000,0.000000
476,15,15,6479916.1550,4437.6877,3.164115,0.000000,0.000000,0.000000
477,15,15,6479916.7348,4437.6877,3.164115,0.000000,0.000000,0.000000
478,15,15,6479918.0436,4437.6877,3.164115,0.000000,-0.000000,-0.000000
479,15,15,6479922.2218,4437.6877,3.164116,0.000000,0.000000,0.000000
480,15,15,6479922.9469,4437.6877,3.164116,0.000000,0.000000,-0.000000
481,15,15,6479923.1115,4437.6877,3.164116,0.000000,0.000000,0.000000
482,15,15,6479923.6030,4437.6877,3.164116,0.000000,0.000000,-0.000000
483,15,15,6479924.7911,4437.6877,3.164116,0.000000,0.000000,0.000000
484,15,15,6479930.6938,4437.6877,3.164116,-0.000000,-0.000000,0.000000
485,15,15,6479931.0276,4437.6877,3.164116,0.000000,0.000000,0.000000
486,15,15,6479948.3881,4437.6877,3.164117,-0.015150,3.655088,6.551516
487,15,15,6479949.0186,4437.6877,3.164117,-0.000000,0.000000,0.000000
488,15,15,6479949.1390,4437.6877,3.164117,0.000000,0.000000,0.000000
489,15,15,6479949.1429,4437.6877,3.164117,0.000000,0.000000,0.000000
490,15,15,6479953.9503,4437.6877,3.164118,0.000000,0.000000,0.000000
491,15,15,6479954.3909,4437.6877,3.164118,0.000000,0.000000,0.000000
492,15,15,6479955.4232,4437.6877,3.164118,-0.005084,3.945201,6.841625
493,15,15,6479955.8298,4437.6877,3.164118,0.000000,0.000000,0.000000
494,15,15,6479958.8908,4437.6877,3.164118,0.000000,0.000000,0.000000
495,15,15,6479959.9786,4437.6877,3.164118,0.000000,0.000000,0.000000
496,15,15,6479960.0871,4437.6877,3.164118,0.000000,0.000000,0.000000
497,15,15,6479960.8993,4437.6877,3.164118,0.000000,0.000000,-0.000000
498,15,15,6479988.8182,4437.6877,3.164120,0.000000,0.000000,0.000000
499,15,15,6479989.1455,4437.6877,3.164120,0.000000,0.000000,0.000000
500,15,15,6479991.3471,4437.6877,3.164120,0.000000,0.000000,0.000000
501,15,15,6479991.3767,4437.6877,3.164120,0.000000,0.000000,-0.000000
502,15,15,6480022.7960,4437.6877,3.164122,0.000000,0.000000,0.000000
503,15,15,6480023.3865,4437.6877,3.164122,0.000000,0.000000,0.000000
504,15,15,6480024.7634,4437.6877,3.164122,0.000000,0.000000,0.000000
505,15,15,6480025.7153,4437.6877,3.164122,0.000000,0.000000,0.000000
506,15,15,6480048.7215,4437.6877,3.164124,0.000000,0.000000,0.000000
507,15,15,6480048.7488,4437.6877,3.164124,0.000000,0.000000,0.000000
508,15,15,6480050.0980,4437.6877,3.164124,0.000000,0.000000,0.000000
509,15,15,6480050.1828,4437.6877,3.164124,0.000000,0.000000,0.000000
510,15,15,6480073.6811,4437.6877,3.164126,0.004464,3.857036,6.753474
511,15,15,6480073.7561,4437.6877,3.164126,-0.005594,3.778372,6.674811
512,15,15,6480074.0775,4437.6877,3.164126,0.000000,0.000000,0.000000
513,15,15,6480074.0986,4437.6877,3.164126,0.000000,0.000000,0.000000
514,15,15,6480075.6245,4437.6877,3.164126,0.003651,3.708629,6.605067
515,15,15,6480075.9273,4437.6877,3.164126,0.000000,0.000000,0.000000
516,15,15,6480075.9792,4437.6877,3.164126,0.000000,0.000000,0.000000
517,15,15,6480076.2697,4437.6877,3.164126,-0.002496,3.852660,6.749099
518,15,15,6480097.5189,4437.6877,3.164127,0.000000,0.000000,0.000000
519,15,15,6480097.9059,4437.6877,3.164127,0.000000,0.000000,0.000000
520,15,15,6480103.4217,4437.6877,3.164128,0.000000,0.000000,0.000000
521,15,15,6480105.4339,4437.6877,3.164128,0.000000,0.000000,0.000000
522,15,15,6480116.1612,4437.6877,3.164129,0.000000,0.000000,0.000000
523,15,15,6480118.4324,4437.6877,3.164129,0.000000,0.000000,0.000000
524,15,15,6480119.3380,4437.6877,3.164129,0.000000,0.000000,0.000000
525,15,15,6480122.7723,4437.6877,3.164129,0.000000,0.000000,0.000000
526,15,15,6480123.7616,4437.6877,3.164129,0.000000,0.000000,0.000000
527,15,15,6480124.7030,4437.6877,3.164129,0.000000,0.000000,0.000000
528,15,15,6480129.0325,4437.6877,3.164129,0.000000,0.000000,-0.000000
529,15,15,6480129.2749,4437.6877,3.164129,0.000000,0.000000,0.000000
530,15,15,6480133.8700,4437.6877,3.164130,0.000000,0.000000,0.000000
531,15,15,6480135.7894,4437.6877,3.164130,0.000000,0.000000,0.000000
532,15,15,6480138.2787,4437.6877,3.164130,0.000000,0.000000,-0.000000
533,15,15,6480138.9329,4437.6877,3.164130,0.000000,0.000000,0.000000
534,15,15,6480159.8595,4437.6877,3.164131,0.000000,0.000000,-0.000000
535,15,15,6480160.7488,4437.6877,3.164132,0.000000,0.000000,0.000000
536,15,15,6480161.0405,4437.6877,3.164132,0.000000,0.000000,0.000000
537,15,15,6480161.3163,4437.6877,3.164132,0.000000,0.000000,0.000000
538,15,15,6480164.7424,4437.6877,3.164132,0.000000,0.000000,0.000000
539,15,15,6480166.4913,4437.6877,3.164132,0.000000,0.000000,0.000000
540,15,15,6480168.0163,4437.6877,3.164132,0.000000,0.000000,0.000000
541,15,15,6480168.7901,4437.6877,3.164132,0.000000,0.000000,0.000000
542,15,15,6480169.0236,4437.6877,3.164132,0.000000,0.000000,0.000000
543,15,15,6480169.2114,4437.6877,3.164132,0.000000,0.000000,0.000000
544,15,15,6480169.3747,4437.6877,3.164132,0.000000,0.000000,0.000000
545,15,15,6480170.0261,4437.6877,3.164132,0.000000,0.000000,-0.000000
546,15,15,6480192.7809,4437.6877,3.164134,0.000000,0.000000,0.000000
547,15,15,6480198.3890,4437.6877,3.164134,-0.000000,0.000000,0.000000
548,15,15,6480198.8142,4437.6877,3.164134,0.000000,0.000000,0.000000
549,15,15,6480203.9185,4437.6877,3.164134,0.000000,0.000000,0.000000
550,15,15,6480204.8197,4437.6877,3.164134,0.000000,0.000000,0.000000
551,15,15,6480206.4717,4437.6877,3.164135,0.000000,0.000000,0.000000
552,15,15,6480208.5321,4437.6877,3.164135,0.000000,0.000000,0.000000
553,15,15,6480211.2230,4437.6877,3.164135,0.000000,0.000000,0.000000
554,15,15,6480233.8579,4437.6877,3.164136,0.000000,0.000000,0.000000
555,15,15,6480235.7535,4437.6877,3.164137,0.000000,0.000000,0.000000
556,15,15,6480236.7143,4437.6877,3.164137,0.000000,0.000000,0.000000
557,15,15,6480237.3532,4437.6877,3.164137,0.000000,0.000000,0.000000
558,15,15,6480261.2435,4437.6877,3.164138,0.000000,0.000000,0.000000
559,15,15,6480261.2882,4437.6877,3.164138,0.000000,0.000000,-0.000000
560,15,15,6480262.1801,4437.6877,3.164138,0.000000,-0.000000,-0.000000
561,15,15,6480262.2731,4437.6877,3.164138,0.000000,0.000000,0.000000
562,15,15,6480286.1409,4437.6877,3.164140,0.000000,0.000000,0.000000
563,15,15,6480286.3338,4437.6877,3.164140,0.000000,0.000000,0.000000
564,15,15,6480286.3544,4437.6877,3.164140,0.000000,0.000000,0.000000
565,15,15,6480286.6954,4437.6877,3.164140,0.000000,0.000000,0.000000
566,15,15,6480289.9995,4437.6877,3.164140,0.004692,3.713419,6.609875
567,15,15,6480290.1350,4437.6877,3.164140,-0.000000,-0.000000,-0.000000
568,15,15,6480290.2732,4437.6877,3.164140,0.004135,3.701516,6.597972
569,15,15,6480290.3303,4437.6877,3.164140,0.000000,0.000000,0.000000
570,15,15,6480308.0500,4437.6877,3.164141,0.000000,0.000000,0.000000
571,15,15,6480311.9270,4437.6877,3.164142,0.000000,0.000000,-0.000000
572,15,15,6480313.7819,4437.6877,3.164142,0.000000,0.000000,0.000000
573,15,15,6480317.9564,4437.6877,3.164142,0.000000,0.000000,0.000000
574,15,15,6480396.8563,4437.6877,3.164147,0.000000,0.000000,-0.000000
575,15,15,6480396.8859,4437.6877,3.164147,0.000000,0.000000,0.000000
576,15,15,6480402.0307,4437.6877,3.164148,0.000000,0.000000,0.000000
577,15,15,6480404.5237,4437.6877,3.164148,0.000000,0.000000,-0.000000
578,15,15,6480405.2203,4437.6877,3.164148,0.000000,0.000000,0.000000
579,15,15,6480407.6959,4437.6877,3.164148,0.000000,0.000000,0.000000
580,15,15,6480412.2619,4437.6877,3.164148,0.000000,0.000000,0.000000
581,15,15,6480412.7248,4437.6877,3.164148,0.000000,0.000000,0.000000
582,15,15,6480413.4731,4437.6877,3.164148,0.000000,0.000000,0.000000
583,15,15,6480413.6481,4437.6877,3.164148,0.000000,0.000000,0.000000
584,15,15,6480418.7159,4437.6877,3.164149,0.000000,0.000000,0.000000
585,15,15,6480419.2038,4437.6877,3.164149,0.000000,0.000000,0.000000
586,15,15,6480421.9188,4437.6877,3.164149,0.000000,0.000000,0.000000
587,15,15,6480424.6747,4437.6877,3.164149,0.000000,0.000000,-0.000000
588,15,15,6480424.8397,4437.6877,3.164149,0.000000,0.000000,0.000000
589,15,15,6480428.5065,4437.6877,3.164149,0.000000,0.000000,0.000000
590,15,15,6480433.7277,4437.6877,3.164150,0.000000,0.000000,0.000000
591,15,15,6480435.7310,4437.6877,3.164150,0.000000,0.000000,0.000000
592,15,15,6480436.8204,4437.6877,3.164150,0.000000,0.000000,0.000000
593,15,15,6480440.1643,4437.6877,3.164150,0.000000,0.000000,0.000000
594,15,15,6480440.7144,4437.6877,3.164150,0.000000,0.000000,0.000000
595,15,15,6480444.5193,4437.6877,3.164151,0.000000,0.000000,0.000000
596,15,15,6480445.0147,4437.6877,3.164151,0.000000,0.000000,0.000000
597,15,15,6480447.1950,4437.6877,3.164151,0.000000,0.000000,0.000000
598,15,15,6480449.4906,4437.6877,3.164151,0.000000,0.000000,0.000000
599,15,15,6480451.8517,4437.6877,3.164151,0.000000,0.000000,0.000000
600,15,15,6480456.1493,4437.6877,3.164151,0.000000,0.000000,0.000000
601,15,15,6480464.8482,4437.6877,3.164152,0.000000,0.000000,0.000000
602,15,15,6480475.5197,4437.6877,3.164153,0.000000,0.000000,-0.000000
603,15,15,6480477.2971,4437.6877,3.164153,0.000000,0.000000,0.000000
604,15,15,6480485.0904,4437.6877,3.164153,0.000000,0.000000,0.000000
605,15,15,6480485.2362,4437.6877,3.164153,0.000000,0.000000,0.000000
606,15,15,6480508.1333,4437.6877,3.164155,0.000000,-0.000000,0.000000
607,15,15,6480508.6335,4437.6877,3.164155,-0.000000,-0.000000,-0.000000
608,15,15,6480516.3716,4437.6877,3.164155,0.000000,0.000000,0.000000
609,15,15,6480519.3668,4437.6877,3.164156,0.000000,0.000000,0.000000
610,15,15,6480531.0272,4437.6877,3.164156,0.000000,0.000000,0.000000
611,15,15,6480531.3671,4437.6877,3.164156,0.000000,0.000000,0.000000
612,15,15,6480537.9748,4437.6877,3.164157,0.000000,0.000000,0.000000
613,15,15,6480541.2903,4437.6877,3.164157,0.000000,0.000000,0.000000
614,15,15,6480556.0826,4437.6877,3.164158,0.000000,0.000000,0.000000
615,15,15,6480556.3212,4437.6877,3.164158,0.000000,0.000000,0.000000
616,15,15,6480557.6553,4437.6877,3.164158,-0.000000,0.000000,0.000000
617,15,15,6480558.4894,4437.6877,3.164158,0.000000,0.000000,0.000000
618,15,15,6480563.5008,4437.6877,3.164159,0.000000,0.000000,0.000000
619,15,15,6480563.6506,4437.6877,3.164159,0.000000,0.000000,0.000000
620,15,15,6480565.1585,4437.6877,3.164159,0.000000,0.000000,0.000000
621,15,15,6480565.4837,4437.6877,3.164159,0.000000,0.000000,0.000000
622,15,15,6480575.5618,4437.6877,3.164159,0.000000,-0.000000,-0.000000
623,15,15,6480580.4396,4437.6877,3.164160,0.000000,0.000000,0.000000
624,15,15,6480592.7776,4437.6877,3.164161,0.000000,0.000000,0.000000
625,15,15,6480608.1900,4437.6877,3.164162,0.000000,0.000000,0.000000
626,15,15,6480625.7284,4437.6877,3.164163,0.000000,0.000000,0.000000
627,15,15,6480625.8233,4437.6877,3.164163,0.000000,0.000000,0.000000
628,15,15,6480630.3852,4437.6877,3.164163,0.000000,0.000000,-0.000000
629,15,15,6480634.6524,4437.6877,3.164163,0.000000,0.000000,0.000000
630,15,15,6480650.6593,4437.6877,3.164164,0.000000,0.000000,-0.000000
631,15,15,6480655.4893,4437.6877,3.164165,0.000000,-0.000000,-0.000000
632,15,15,6480659.0885,4437.6877,3.164165,0.000000,0.000000,0.000000
633,15,15,6480660.1835,4437.6877,3.164165,0.000000,0.000000,0.000000
634,15,15,6480662.5182,4437.6877,3.164165,0.000000,0.000000,0.000000
635,15,15,6480663.5378,4437.6877,3.164165,-0.000000,0.000000,0.000000
636,15,15,6480667.1615,4437.6877,3.164165,0.000000,0.000000,0.000000
637,15,15,6480670.6890,4437.6877,3.164166,0.000000,0.000000,0.000000
638,15,15,6480674.9847,4437.6877,3.164166,0.000000,0.000000,0.000000
639,15,15,6480679.0400,4437.6877,3.164166,0.000000,0.000000,0.000000
640,15,15,6480679.3156,4437.6877,3.164166,0.000000,0.000000,0.000000
641,15,15,6480680.4145,4437.6877,3.164166,0.000000,0.000000,0.000000
642,15,15,6480682.6974,4437.6877,3.164167,0.000000,0.000000,0.000000
643,15,15,6480695.7529,4437.6877,3.164167,0.000000,0.000000,0.000000
644,15,15,6480696.2071,4437.6877,3.164167,0.000000,0.000000,0.000000
645,15,15,6480696.5085,4437.6877,3.164167,0.000000,0.000000,0.000000
646,15,15,6480698.0601,4437.6877,3.164168,0.000000,0.000000,0.000000
647,15,15,6480699.4857,4437.6877,3.164168,0.000000,0.000000,-0.000000
648,15,15,6480706.7243,4437.6877,3.164168,0.000000,0.000000,0.000000
649,15,15,6480715.0832,4437.6877,3.164169,0.000000,0.000000,0.000000
650,15,15,6480725.0872,4437.6877,3.164169,0.000000,0.000000,0.000000
651,15,15,6480725.6916,4437.6877,3.164169,-0.000000,0.000000,0.000000
652,15,15,6480738.7300,4437.6877,3.164170,0.000000,0.000000,0.000000
653,15,15,6480739.6442,4437.6877,3.164170,0.000000,0.000000,0.000000
654,15,15,6480746.0185,4437.6877,3.164171,0.000000,0.000000,0.000000
655,15,15,6480750.5032,4437.6877,3.164171,0.000000,0.000000,0.000000
656,15,15,6480750.5103,4437.6877,3.164171,0.000000,0.000000,0.000000
657,15,15,6480754.9115,4437.6877,3.164171,0.000000,0.000000,0.000000
658,15,15,6480754.9806,4437.6877,3.164171,0.000000,0.000000,0.000000
659,15,15,6480757.3941,4437.6877,3.164172,0.000000,0.000000,0.000000
660,15,15,6480758.5456,4437.6877,3.164172,0.000000,0.000000,-0.000000
661,15,15,6480759.2586,4437.6877,3.164172,0.000000,0.000000,0.000000
662,15,15,6480760.9225,4437.6877,3.164172,0.000000,0.000000,0.000000
663,15,15,6480763.7001,4437.6877,3.164172,0.000000,0.000000,0.000000
664,15,15,6480769.7685,4437.6877,3.164172,0.000000,0.000000,0.000000
665,15,15,6480770.9424,4437.6877,3.164172,0.000000,0.000000,0.000000
666,15,15,6480773.5161,4437.6877,3.164173,0.000000,0.000000,0.000000
667,15,15,6480775.6389,4437.6877,3.164173,-0.000000,0.000000,0.000000
668,15,15,6480775.7414,4437.6877,3.164173,0.000000,0.000000,0.000000
669,15,15,6480776.6850,4437.6877,3.164173,0.000000,0.000000,0.000000
670,15,15,6480779.8375,4437.6877,3.164173,0.000000,0.000000,0.000000
671,15,15,6480780.0010,4437.6877,3.164173,0.000000,0.000000,0.000000
672,15,15,6480780.2303,4437.6877,3.164173,0.000000,0.000000,0.000000
673,15,15,6480783.9572,4437.6877,3.164173,0.000000,0.000000,0.000000
674,15,15,6480784.2155,4437.6877,3.164173,0.000000,0.000000,-0.000000
675,15,15,6480787.9577,4437.6877,3.164174,0.000000,0.000000,0.000000
676,15,15,6480789.0296,4437.6877,3.164174,-0.000000,0.000000,-0.000000
677,15,15,6480789.1688,4437.6877,3.164174,0.000000,0.000000,0.000000
678,15,15,6480793.2660,4437.6877,3.164174,0.000000,0.000000,0.000000
679,15,15,6480793.3588,4437.6877,3.164174,0.000000,0.000000,0.000000
680,15,15,6480793.7385,4437.6877,3.164174,0.000000,0.000000,0.000000
681,15,15,6480796.2754,4437.6877,3.164174,0.000000,0.000000,0.000000
682,15,15,6480796.9228,4437.6877,3.164174,0.000000,0.000000,0.000000
683,15,15,6480798.1893,4437.6877,3.164174,0.000000,-0.000000,-0.000000
684,15,15,6480798.7012,4437.6877,3.164174,0.000000,0.000000,0.000000
685,15,15,6480799.2611,4437.6877,3.164174,-0.000000,0.000000,0.000000
686,15,15,6480806.5805,4437.6877,3.164175,0.000000,0.000000,-0.000000
687,15,15,6480807.1193,4437.6877,3.164175,0.000000,0.000000,0.000000
688,15,15,6480807.3017,4437.6877,3.164175,0.000000,0.000000,0.000000
689,15,15,6480808.8750,4437.6877,3.164175,0.000000,0.000000,0.000000
690,15,15,6480809.5897,4437.6877,3.164175,0.000000,0.000000,0.000000
691,15,15,6480809.8441,4437.6877,3.164175,0.000000,0.000000,-0.000000
692,15,15,6480812.2869,4437.6877,3.164175,-0.000000,0.000000,-0.000000
693,15,15,6480812.5153,4437.6877,3.164175,0.000000,0.000000,0.000000
694,15,15,6480812.9043,4437.6877,3.164175,0.000000,0.000000,0.000000
695,15,15,6480814.6676,4437.6877,3.164175,0.000000,-0.000000,-0.000000
696,15,15,6480818.0605,4437.6877,3.164176,0.000000,0.000000,-0.000000
697,15,15,6480819.0800,4437.6877,3.164176,0.000000,0.000000,0.000000
698,15,15,6480820.1463,4437.6877,3.164176,-0.000000,-0.000000,0.000000
699,15,15,6480822.2258,4437.6877,3.164176,0.000000,0.000000,0.000000
700,15,15,6480823.1481,4437.6877,3.164176,0.000000,0.000000,0.000000
701,15,15,6480823.8082,4437.6877,3.164176,0.000000,0.000000,0.000000
702,15,15,6480825.7101,4437.6877,3.164176,0.000000,0.000000,0.000000
703,15,15,6480826.7731,4437.6877,3.164176,0.000000,0.000000,-0.000000
704,15,15,6480827.2991,4437.6877,3.164176,0.000000,0.000000,0.000000
705,15,15,6480827.4092,4437.6877,3.164176,0.000000,0.000000,-0.000000
706,15,15,6480828.0482,4437.6877,3.164176,0.000000,0.000000,0.000000
707,15,15,6480828.3313,4437.6877,3.164176,0.000000,0.000000,0.000000
708,15,15,6480829.3528,4437.6877,3.164176,0.000000,0.000000,0.000000
709,15,15,6480829.5175,4437.6877,3.164176,0.000000,0.000000,0.000000
710,15,15,6480829.7125,4437.6877,3.164176,0.000000,0.000000,0.000000
711,15,15,6480832.3981,4437.6877,3.164177,-0.000000,0.000000,0.000000
712,15,15,6480832.8998,4437.6877,3.164177,-0.000000,0.000000,0.000000
713,15,15,6480833.2837,4437.6877,3.164177,0.000000,0.000000,0.000000
714,15,15,6480836.9084,4437.6877,3.164177,-0.000000,0.000000,-0.000000
715,15,15,6480840.6202,4437.6877,3.164177,0.000000,0.000000,0.000000
716,15,15,6480841.0159,4437.6877,3.164177,0.000000,0.000000,0.000000
717,15,15,6480841.8341,4437.6877,3.164177,0.000000,0.000000,0.000000
718,15,15,6480844.6020,4437.6877,3.164177,0.000000,0.000000,0.000000
719,15,15,6480844.7670,4437.6877,3.164177,0.000000,0.000000,0.000000
720,15,15,6480845.5998,4437.6877,3.164177,0.000000,0.000000,-0.000000
721,15,15,6480845.8665,4437.6877,3.164177,0.000000,-0.000000,-0.000000
722,15,15,6480847.3714,4437.6877,3.164178,0.000000,0.000000,0.000000
723,15,15,6480847.4740,4437.6877,3.164178,0.000000,0.000000,0.000000
724,15,15,6480852.1124,4437.6877,3.164178,0.000000,0.000000,0.000000
725,15,15,6480852.4802,4437.6877,3.164178,0.000000,0.000000,0.000000
726,15,15,6480855.3711,4437.6877,3.164178,0.000000,0.000000,0.000000
727,15,15,6480857.5517,4437.6877,3.164178,-0.000000,0.000000,-0.000000
728,15,15,6480857.8230,4437.6877,3.164178,0.000000,0.000000,0.000000
729,15,15,6480858.7552,4437.6877,3.164178,0.000000,0.000000,0.000000
730,15,15,6480859.7216,4437.6877,3.164178,0.000000,0.000000,0.000000
731,15,15,6480859.7420,4437.6877,3.164178,0.000000,0.000000,0.000000
732,15,15,6480860.4288,4437.6877,3.164178,0.000000,0.000000,0.000000
733,15,15,6480861.4402,4437.6877,3.164179,0.000000,0.000000,0.000000
734,15,15,6480861.4523,4437.6877,3.164179,0.000000,0.000000,0.000000
735,15,15,6480862.9934,4437.6877,3.164179,0.000000,0.000000,0.000000
736,15,15,6480863.9718,4437.6877,3.164179,-0.000000,-0.000000,-0.000000
737,15,15,6480870.0014,4437.6877,3.164179,0.000000,0.000000,0.000000
738,15,15,6480872.9150,4437.6877,3.164179,0.000000,0.000000,0.000000
739,15,15,6480873.4516,4437.6877,3.164179,0.000000,0.000000,0.000000
740,15,15,6480873.8651,4437.6877,3.164179,0.000000,0.000000,0.000000
741,15,15,6480874.1230,4437.6877,3.164179,-0.000000,-0.000000,-0.000000
742,15,15,6480876.5526,4437.6877,3.164180,-0.000000,0.000000,-0.000000
743,15,15,6480879.4037,4437.6877,3.164180,-0.000000,0.000000,0.000000
744,15,15,6480879.4821,4437.6877,3.164180,0.000000,0.000000,-0.000000
745,15,15,6480880.4796,4437.6877,3.164180,0.000000,0.000000,0.000000
746,15,15,6480882.8583,4437.6877,3.164180,-0.000000,0.000000,-0.000000
747,15,15,6480885.8258,4437.6877,3.164180,0.000000,0.000000,0.000000
748,15,15,6480886.3016,4437.6877,3.164180,0.000000,0.000000,0.000000
749,15,15,6480886.8511,4437.6877,3.164180,0.000000,0.000000,0.000000
750,15,15,6480887.2285,4437.6877,3.164180,0.000000,0.000000,-0.000000
751,15,15,6480890.5337,4437.6877,3.164180,0.000000,0.000000,0.000000
752,15,15,6480890.8014,4437.6877,3.164180,0.000000,0.000000,0.000000
753,15,15,6480891.3575,4437.6877,3.164181,0.000000,0.000000,-0.000000
754,15,15,6480892.0778,4437.6877,3.164181,0.000000,0.000000,0.000000
755,15,15,6480896.6463,4437.6877,3.164181,0.000000,0.000000,0.000000
756,15,15,6480897.8112,4437.6877,3.164181,-0.000000,0.000000,-0.000000
757,15,15,6480898.7268,4437.6877,3.164181,0.000000,0.000000,0.000000
758,15,15,6480899.0385,4437.6877,3.164181,0.000000,0.000000,0.000000
759,15,15,6480901.5231,4437.6877,3.164181,0.000000,0.000000,0.000000
760,15,15,6480901.5466,4437.6877,3.164181,0.000000,0.000000,0.000000
761,15,15,6480905.5479,4437.6877,3.164181,0.000000,0.000000,0.000000
762,15,15,6480907.6092,4437.6877,3.164182,0.000000,0.000000,-0.000000
763,15,15,6480908.2616,4437.6877,3.164182,0.000000,0.000000,0.000000
764,15,15,6480908.8758,4437.6877,3.164182,0.000000,0.000000,0.000000
765,15,15,6480911.3978,4437.6877,3.164182,0.000000,0.000000,0.000000
766,15,15,6480911.6507,4437.6877,3.164182,0.000000,0.000000,0.000000
767,15,15,6480911.7365,4437.6877,3.164182,0.000000,0.000000,0.000000
768,15,15,6480911.8616,4437.6877,3.164182,0.000000,-0.000000,-0.000000
769,15,15,6480912.3151,4437.6877,3.164182,0.000000,0.000000,-0.000000
770,15,15,6480914.8319,4437.6877,3.164182,-0.000000,0.000000,0.000000
771,15,15,6480916.2287,4437.6877,3.164182,0.000000,0.000000,0.000000
772,15,15,6480916.3473,4437.6877,3.164182,0.000000,0.000000,0.000000
773,15,15,6480919.5993,4437.6877,3.164182,0.000000,0.000000,0.000000
774,15,15,6480919.9541,4437.6877,3.164182,0.000000,0.000000,0.000000
775,15,15,6480921.8221,4437.6877,3.164183,-0.000000,0.000000,-0.000000
776,15,15,6480922.5728,4437.6877,3.164183,0.000000,0.000000,0.000000
777,15,15,6480923.8873,4437.6877,3.164183,0.000000,0.000000,0.000000
778,15,15,6480929.0147,4437.6877,3.164183,0.000000,0.000000,0.000000
779,15,15,6480929.5480,4437.6877,3.164183,0.000000,0.000000,0.000000
780,15,15,6480934.4567,4437.6877,3.164183,0.000000,0.000000,0.000000
781,15,15,6480935.3706,4437.6877,3.164183,0.000000,0.000000,-0.000000
782,15,15,6480935.6826,4437.6877,3.164184,0.000000,0.000000,0.000000
783,15,15,6480936.2725,4437.6877,3.164184,0.000000,0.000000,0.000000
784,15,15,6480937.4350,4437.6877,3.164184,0.000000,-0.000000,-0.000000
785,15,15,6480939.6604,4437.6877,3.164184,0.000000,0.000000,0.000000
786,15,15,6480942.6047,4437.6877,3.164184,-0.000000,0.000000,-0.000000
787,15,15,6480943.4942,4437.6877,3.164184,0.000000,0.000000,0.000000
788,15,15,6480946.4607,4437.6877,3.164184,0.000000,0.000000,0.000000
789,15,15,6480946.5950,4437.6877,3.164184,0.000000,0.000000,0.000000
790,15,15,6480950.3148,4437.6877,3.164184,-0.000000,0.000000,0.000000
791,15,15,6480951.4133,4437.6877,3.164185,0.000000,0.000000,-0.000000
792,15,15,6480952.6251,4437.6877,3.164185,0.000000,0.000000,0.000000
793,15,15,6480953.4028,4437.6877,3.164185,0.000000,0.000000,0.000000
794,15,15,6480954.3493,4437.6877,3.164185,-0.000000,0.000000,0.000000
795,15,15,6480959.4273,4437.6877,3.164185,0.000000,0.000000,0.000000
796,15,15,6480968.8421,4437.6877,3.164186,0.000000,0.000000,-0.000000
797,15,15,6480970.2994,4437.6877,3.164186,-0.000000,0.000000,0.000000
798,15,15,6480971.7421,4437.6877,3.164186,0.000000,0.000000,0.000000
799,15,15,6480972.0262,4437.6877,3.164186,0.000000,0.000000,0.000000
800,15,15,6480980.0769,4437.6877,3.164186,0.000000,0.000000,0.000000
801,15,15,6480980.2493,4437.6877,3.164186,0.000000,0.000000,0.000000
802,15,15,6480984.8550,4437.6877,3.164187,0.000000,0.000000,0.000000
803,15,15,6480986.8940,4437.6877,3.164187,0.000000,0.000000,0.000000
804,15,15,6480990.1425,4437.6877,3.164187,0.000000,0.000000,0.000000
805,15,15,6480990.6205,4437.6877,3.164187,0.000000,0.000000,0.000000
806,15,15,6480991.1401,4437.6877,3.164187,0.000000,0.000000,0.000000
807,15,15,6480993.6723,4437.6877,3.164187,0.000000,0.000000,0.000000
808,15,15,6480996.0954,4437.6877,3.164188,0.000000,0.000000,0.000000
809,15,15,6480997.5969,4437.6877,3.164188,0.000000,0.000000,-0.000000
810,15,15,6480998.3579,4437.6877,3.164188,0.000000,0.000000,0.000000
811,15,15,6481005.0461,4437.6877,3.164188,0.000000,0.000000,-0.000000
812,15,15,6481010.1760,4437.6877,3.164188,0.000000,0.000000,0.000000
813,15,15,6481011.7328,4437.6877,3.164189,0.000000,0.000000,-0.000000
814,15,15,6481012.8544,4437.6877,3.164189,0.000000,-0.000000,-0.000000
815,15,15,6481035.0708,4437.6877,3.164190,0.000000,0.000000,0.000000
816,15,15,6481035.8853,4437.6877,3.164190,0.000000,0.000000,0.000000
817,15,15,6481057.3655,4437.6877,3.164192,0.000000,0.000000,0.000000
818,15,15,6481060.3119,4437.6877,3.164192,0.000000,0.000000,0.000000
819,15,15,6481070.2739,4437.6877,3.164193,0.000000,0.000000,0.000000
820,15,15,6481079.8514,4437.6877,3.164193,0.000000,0.000000,0.000000
821,15,15,6481088.7079,4437.6877,3.164194,0.000000,0.000000,0.000000
822,15,15,6481092.9692,4437.6877,3.164194,0.000000,0.000000,-0.000000
823,15,15,6481094.7076,4437.6877,3.164194,0.000000,0.000000,0.000000
824,15,15,6481095.1271,4437.6877,3.164194,0.000000,0.000000,0.000000
825,15,15,6481095.7136,4437.6877,3.164194,0.000000,0.000000,-0.000000
826,15,15,6481100.0351,4437.6877,3.164195,0.000000,0.000000,0.000000
827,15,15,6481107.4220,4437.6877,3.164195,0.000000,0.000000,-0.000000
828,15,15,6481120.4254,4437.6877,3.164196,0.000000,-0.000000,-0.000000
829,15,15,6481121.7293,4437.6877,3.164196,0.000000,0.000000,0.000000
830,15,15,6481127.8145,4437.6877,3.164196,0.000000,0.000000,-0.000000
831,15,15,6481128.4398,4437.6877,3.164196,0.000000,0.000000,0.000000
832,15,15,6481130.7430,4437.6877,3.164197,0.000000,0.000000,-0.000000
833,15,15,6481134.7213,4437.6877,3.164197,0.000000,0.000000,0.000000
834,15,15,6481137.3236,4437.6877,3.164197,0.000000,0.000000,0.000000
835,15,15,6481138.1047,4437.6877,3.164197,0.000000,0.000000,0.000000
836,15,15,6481141.0142,4437.6877,3.164197,0.000000,0.000000,0.000000
837,15,15,6481147.0325,4437.6877,3.164198,0.000000,0.000000,-0.000000
838,15,15,6481149.7754,4437.6877,3.164198,0.000000,0.000000,0.000000
839,15,15,6481150.0280,4437.6877,3.164198,0.000000,0.000000,0.000000
840,15,15,6481151.6505,4437.6877,3.164198,0.000000,0.000000,0.000000
841,15,15,6481164.8686,4437.6877,3.164199,0.000000,0.000000,-0.000000
842,15,15,6481165.2708,4437.6877,3.164199,0.000000,0.000000,0.000000
843,15,15,6481168.4635,4437.6877,3.164199,0.000000,0.000000,0.000000
844,15,15,6481171.0713,4437.6877,3.164199,-0.000000,0.000000,0.000000
845,15,15,6481171.4449,4437.6877,3.164199,0.000000,0.000000,0.000000
846,15,15,6481173.2187,4437.6877,3.164199,0.000000,0.000000,0.000000
847,15,15,6481173.6835,4437.6877,3.164199,0.000000,0.000000,0.000000
848,15,15,6481176.3569,4437.6877,3.164200,0.000000,-0.000000,-0.000000
849,15,15,6481183.6611,4437.6877,3.164200,-0.000000,-0.000000,-0.000000
850,15,15,6481189.6601,4437.6877,3.164201,0.000000,0.000000,0.000000
851,15,15,6481192.9750,4437.6877,3.164201,0.000000,0.000000,0.000000
852,15,15,6481193.6607,4437.6877,3.164201,-0.000000,0.000000,0.000000
853,15,15,6481209.9336,4437.6877,3.164202,0.000000,0.000000,0.000000
854,15,15,6481211.1941,4437.6877,3.164202,0.000000,0.000000,0.000000
855,15,15,6481211.3447,4437.6877,3.164202,0.000000,0.000000,0.000000
856,15,15,6481212.4387,4437.6877,3.164202,0.000000,0.000000,0.000000
857,15,15,6481214.4603,4437.6877,3.164202,0.000000,0.000000,0.000000
858,15,15,6481229.3964,4437.6877,3.164203,0.000000,0.000000,0.000000
859,15,15,6481234.7100,4437.6877,3.164204,0.000000,0.000000,-0.000000
860,15,15,6481236.4103,4437.6877,3.164204,0.000000,0.000000,-0.000000
861,15,15,6481237.4859,4437.6877,3.164204,0.000000,0.000000,0.000000
862,15,15,6481237.7390,4437.6877,3.164204,0.000000,0.000000,0.000000
863,15,15,6481239.8890,4437.6877,3.164204,0.000000,0.000000,0.000000
864,15,15,6481258.8579,4437.6877,3.164205,0.000000,0.000000,0.000000
865,15,15,6481259.0120,4437.6877,3.164205,0.000000,0.000000,0.000000
866,15,15,6481261.5615,4437.6877,3.164205,0.000000,0.000000,-0.000000
867,15,15,6481294.3791,4437.6877,3.164208,0.000000,0.000000,0.000000
868,15,15,6481299.8725,4437.6877,3.164208,0.000000,-0.000000,-0.000000
869,15,15,6481301.9565,4437.6877,3.164208,0.000000,0.000000,0.000000
870,15,15,6481307.8214,4437.6877,3.164208,0.000000,0.000000,0.000000
871,15,15,6481322.6427,4437.6877,3.164209,0.000000,0.000000,0.000000
872,15,15,6481326.1751,4437.6877,3.164210,0.000000,0.000000,0.000000
873,15,15,6481327.4312,4437.6877,3.164210,0.000000,0.000000,0.000000
874,15,15,6481328.3313,4437.6877,3.164210,0.000000,0.000000,0.000000
875,15,15,6481337.8501,4437.6877,3.164210,0.000000,0.000000,0.000000
876,15,15,6481338.8037,4437.6877,3.164211,0.000000,0.000000,0.000000
877,15,15,6481341.7259,4437.6877,3.164211,0.000000,0.000000,0.000000
878,15,15,6481349.6890,4437.6877,3.164211,0.000000,0.000000,0.000000
879,15,15,6481350.5459,4437.6877,3.164211,0.000000,0.000000,0.000000
880,15,15,6481358.6033,4437.6877,3.164212,0.000000,0.000000,0.000000
881,15,15,6481359.0417,4437.6877,3.164212,0.000000,0.000000,0.000000
882,15,15,6481363.2093,4437.6877,3.164212,0.000000,0.000000,-0.000000
883,15,15,6481364.1771,4437.6877,3.164212,0.000000,0.000000,0.000000
884,15,15,6481365.2881,4437.6877,3.164212,0.000000,0.000000,0.000000
885,15,15,6481370.8440,4437.6877,3.164213,0.000000,0.000000,0.000000
886,15,15,6481371.1482,4437.6877,3.164213,0.000000,0.000000,0.000000
887,15,15,6481374.6905,4437.6877,3.164213,0.000000,-0.000000,-0.000000
888,15,15,6481379.3706,4437.6877,3.164213,0.000000,0.000000,0.000000
889,15,15,6481384.3938,4437.6877,3.164214,0.000000,0.000000,0.000000
890,15,15,6481390.9903,4437.6877,3.164214,0.000000,0.000000,0.000000
891,15,15,6481413.0587,4437.6877,3.164216,0.000000,-0.000000,-0.000000
892,15,15,6481414.6099,4437.6877,3.164216,0.000000,0.000000,0.000000
893,15,15,6481416.8712,4437.6877,3.164216,0.000000,-0.000000,-0.000000
894,15,15,6481418.6430,4437.6877,3.164216,0.000000,0.000000,0.000000
895,15,15,6481422.0786,4437.6877,3.164216,0.000000,0.000000,0.000000
896,15,15,6481429.0256,4437.6877,3.164217,0.000000,0.000000,0.000000
897,15,15,6481439.8738,4437.6877,3.164217,0.000000,0.000000,0.000000
898,15,15,6481444.0138,4437.6877,3.164218,-0.000000,0.000000,-0.000000
899,15,15,6481448.0804,4437.6877,3.164218,0.000000,0.000000,0.000000
900,15,15,6481448.3590,4437.6877,3.164218,0.000000,0.000000,0.000000
901,15,15,6481452.6637,4437.6877,3.164218,0.000000,0.000000,0.000000
902,15,15,6481459.5547,4437.6877,3.164219,0.000000,0.000000,0.000000
903,15,15,6481459.7058,4437.6877,3.164219,0.000000,0.000000,0.000000
904,15,15,6481461.2592,4437.6877,3.164219,0.000000,0.000000,0.000000
905,15,15,6481462.8440,4437.6877,3.164219,0.000000,0.000000,0.000000
906,15,15,6481473.9025,4437.6877,3.164220,0.000000,0.000000,0.000000
907,15,15,6481474.1879,4437.6877,3.164220,0.000000,0.000000,-0.000000
908,15,15,6481474.2200,4437.6877,3.164220,0.000000,0.000000,0.000000
909,15,15,6481477.1609,4437.6877,3.164220,0.000000,0.000000,0.000000
910,15,15,6481478.2719,4437.6877,3.164220,0.000000,0.000000,0.000000
911,15,15,6481481.1206,4437.6877,3.164220,0.000000,0.000000,0.000000
912,15,15,6481482.2423,4437.6877,3.164220,0.000000,0.000000,0.000000
913,15,15,6481483.2407,4437.6877,3.164220,0.000000,0.000000,-0.000000
914,15,15,6481485.3008,4437.6877,3.164220,0.000000,0.000000,0.000000
915,15,15,6481487.3852,4437.6877,3.164220,0.000000,0.000000,-0.000000
916,15,15,6481488.6646,4437.6877,3.164221,0.000000,0.000000,-0.000000
917,15,15,6481490.4054,4437.6877,3.164221,0.000000,0.000000,-0.000000
918,15,15,6481500.1873,4437.6877,3.164221,0.000000,0.000000,0.000000
919,15,15,6481503.7552,4437.6877,3.164222,0.000000,0.000000,0.000000
920,15,15,6481504.8229,4437.6877,3.164222,0.000000,-0.000000,-0.000000
921,15,15,6481511.3420,4437.6877,3.164222,0.000000,0.000000,0.000000
922,15,15,6481515.2493,4437.6877,3.164222,0.000000,0.000000,0.000000
923,15,15,6481530.5755,4437.6877,3.164223,0.000000,0.000000,0.000000
924,15,15,6481536.1197,4437.6877,3.164224,0.000000,0.000000,0.000000
925,15,15,6481537.2837,4437.6877,3.164224,-0.000000,0.000000,-0.000000
926,15,15,6481541.2223,4437.6877,3.164224,0.000000,0.000000,0.000000
927,15,15,6481546.8100,4437.6877,3.164224,-0.000000,0.000000,-0.000000
928,15,15,6481547.8024,4437.6877,3.164225,0.000000,0.000000,0.000000
929,15,15,6481557.1005,4437.6877,3.164225,0.000000,0.000000,0.000000
930,15,15,6481564.2027,4437.6877,3.164226,0.000000,0.000000,0.000000
931,15,15,6481571.7208,4437.6877,3.164226,0.000000,0.000000,0.000000
932,15,15,6481575.9605,4437.6877,3.164226,0.000000,0.000000,0.000000
933,15,15,6481580.1002,4437.6877,3.164227,0.000000,0.000000,0.000000
934,15,15,6481588.5681,4437.6877,3.164227,0.000000,0.000000,-0.000000
935,15,15,6481593.6553,4437.6877,3.164228,0.067873,3.542105,6.438677
936,15,15,6481594.8867,4437.6877,3.164228,0.000000,0.000000,0.000000
937,15,15,6481595.9494,4437.6877,3.164228,0.000000,0.000000,0.000000
938,15,15,6481597.1988,4437.6877,3.164228,0.000000,0.000000,0.000000
939,15,15,6481601.7673,4437.6877,3.164228,0.024837,3.461786,6.358338
940,15,15,6481606.6998,4437.6877,3.164228,0.000000,0.000000,0.000000
941,15,15,6481616.1234,4437.6877,3.164229,0.000000,0.000000,-0.000000
942,15,15,6481628.0716,4437.6877,3.164230,0.000000,0.000000,0.000000
943,15,15,6481628.7074,4437.6877,3.164230,0.000000,0.000000,0.000000
944,15,15,6481630.8448,4437.6877,3.164230,0.000000,0.000000,-0.000000
945,15,15,6481636.7573,4437.6877,3.164231,0.055698,3.519529,6.416093
946,15,15,6481640.3357,4437.6877,3.164231,0.000000,0.000000,0.000000
947,15,15,6481640.5740,4437.6877,3.164231,0.000000,0.000000,0.000000
948,15,15,6481644.1169,4437.6877,3.164231,0.000000,0.000000,0.000000
949,15,15,6481647.4126,4437.6877,3.164231,0.004789,3.075150,5.971560
950,15,15,6481647.7396,4437.6877,3.164231,0.000000,0.000000,0.000000
951,15,15,6481652.0895,4437.6877,3.164232,0.018646,3.369907,6.266341
952,15,15,6481654.5110,4437.6877,3.164232,-0.004214,3.202487,6.098937
953,15,15,6481655.1142,4437.6877,3.164232,-0.000000,0.000000,0.000000
954,15,15,6481666.0892,4437.6877,3.164232,0.000000,0.000000,0.000000
955,15,15,6481669.0192,4437.6877,3.164233,0.000000,0.000000,0.000000
956,15,15,6481670.1822,4437.6877,3.164233,0.000000,0.000000,0.000000
957,15,15,6481670.5315,4437.6877,3.164233,0.000000,0.000000,0.000000
958,15,15,6481673.0244,4437.6877,3.164233,0.000000,0.000000,0.000000
959,15,15,6481674.4477,4437.6877,3.164233,0.000000,0.000000,-0.000000
960,15,15,6481674.7310,4437.6877,3.164233,0.000000,0.000000,0.000000
961,15,15,6481674.9211,4437.6877,3.164233,-0.000000,0.000000,0.000000
962,15,15,6481676.8234,4437.6877,3.164233,0.000000,0.000000,0.000000
963,15,15,6481677.6877,4437.6877,3.164233,0.000000,0.000000,0.000000
964,15,15,6481677.8003,4437.6877,3.164233,0.000000,0.000000,0.000000
965,15,15,6481681.1071,4437.6877,3.164233,0.013191,3.141232,6.037786
966,15,15,6481683.7842,4437.6877,3.164234,0.004661,2.918386,5.814919
967,15,15,6481685.7357,4437.6877,3.164234,0.000000,0.000000,0.000000
968,15,15,6481687.0966,4437.6877,3.164234,0.000000,0.000000,0.000000
969,15,15,6481688.8570,4437.6877,3.164234,0.009941,3.058224,5.954734
970,15,15,6481689.8640,4437.6877,3.164234,0.000000,0.000000,0.000000
971,15,15,6481693.1615,4437.6877,3.164234,0.010125,3.056284,5.952804
972,15,15,6481693.3753,4437.6877,3.164234,0.026818,3.318065,6.214578
973,15,15,6481700.6475,4437.6877,3.164235,0.000000,-0.000000,-0.000000
974,15,15,6481703.6678,4437.6877,3.164235,0.015000,3.167268,6.063791
975,15,15,6481705.0684,4437.6877,3.164235,0.000000,0.000000,0.000000
976,15,15,6481705.8800,4437.6877,3.164235,0.009690,2.998302,5.894823
977,15,15,6481706.7923,4437.6877,3.164235,0.000000,0.000000,0.000000
978,15,15,6481707.4011,4437.6877,3.164235,0.014593,3.198994,6.095551
979,15,15,6481707.6911,4437.6877,3.164235,0.028971,3.319910,6.216430
980,15,15,6481710.9663,4437.6877,3.164235,0.000000,0.000000,0.000000
981,15,15,6481711.6537,4437.6877,3.164236,0.000000,0.000000,0.000000
982,15,15,6481714.0174,4437.6877,3.164236,0.024091,3.321426,6.217970
983,15,15,6481718.7770,4437.6877,3.164236,0.001860,2.838741,5.735245
984,15,15,6481720.2024,4437.6877,3.164236,0.000000,0.000000,0.000000
985,15,15,6481721.9964,4437.6877,3.164236,0.002133,2.748788,5.645316
986,15,15,6481728.2696,4437.6877,3.164237,0.000000,0.000000,0.000000
987,15,15,6481728.4061,4437.6877,3.164237,0.004867,3.126753,6.023286
988,15,15,6481730.4334,4437.6877,3.164237,0.000000,0.000000,-0.000000
989,15,15,6481735.0503,4437.6877,3.164237,-0.000000,-0.000000,0.000000
990,15,15,6481737.7178,4437.6877,3.164237,0.000000,0.000000,0.000000
991,15,15,6481744.0532,4437.6877,3.164238,0.000000,0.000000,0.000000
992,15,15,6481744.1017,4437.6877,3.164238,0.000000,0.000000,-0.000000
993,15,15,6481744.7919,4437.6877,3.164238,0.007437,2.997564,5.894083
994,15,15,6481746.8833,4437.6877,3.164238,0.000000,0.000000,0.000000
995,15,15,6481747.2121,4437.6877,3.164238,-0.002125,2.861435,5.757922
996,15,15,6481752.1579,4437.6877,3.164238,0.015391,3.174634,6.071149
997,15,15,6481754.2821,4437.6877,3.164238,0.000000,0.000000,0.000000
998,15,15,6481757.2758,4437.6877,3.164239,0.000000,0.000000,0.000000
999,15,15,6481758.8126,4437.6877,3.164239,0.007293,3.011972,5.908500
1000,15,15,6481759.3605,4437.6877,3.164239,0.000000,0.000000,0.000000
1001,15,15,6481761.2438,4437.6877,3.164239,-0.000000,0.000000,0.000000
1002,15,15,6481761.8288,4437.6877,3.164239,0.022079,3.365649,6.262203
1003,15,15,6481763.2767,4437.6877,3.164239,0.012372,3.195148,6.091701
1004,15,15,6481765.4793,4437.6877,3.164239,0.014077,3.147358,6.043887
1005,15,15,6481768.5640,4437.6877,3.164239,0.000000,0.000000,0.000000
1006,15,15,6481769.5642,4437.6877,3.164239,0.000000,0.000000,-0.000000
1007,15,15,6481769.7185,4437.6877,3.164239,0.021438,3.223121,6.119658
1008,15,15,6481770.7842,4437.6877,3.164239,0.015881,3.243668,6.140179
1009,15,15,6481771.4503,4437.6877,3.164240,0.018567,3.217927,6.114455
1010,15,15,6481772.3325,4437.6877,3.164240,0.010518,3.062061,5.958597
1011,15,15,6481775.1474,4437.6877,3.164240,0.015093,3.223418,6.119923
1012,15,15,6481776.7365,4437.6877,3.164240,0.000000,0.000000,0.000000
1013,15,15,6481778.8600,4437.6877,3.164240,0.000000,0.000000,0.000000
1014,15,15,6481786.7118,4437.6877,3.164241,0.000000,0.000000,0.000000
1015,15,15,6481786.8474,4437.6877,3.164241,0.016381,3.207973,6.104492
1016,15,15,6481787.7039,4437.6877,3.164241,0.010480,3.108186,6.004704
1017,15,15,6481788.5754,4437.6877,3.164241,0.005428,3.359481,6.255984
1018,15,15,6481794.2681,4437.6877,3.164241,0.005163,2.943825,5.840366
1019,15,15,6481795.7286,4437.6877,3.164241,0.017979,3.220841,6.117338
1020,15,15,6481795.9843,4437.6877,3.164241,0.005261,3.026599,5.923083
1021,15,15,6481796.5358,4437.6877,3.164241,0.000000,0.000000,0.000000
1022,15,15,6481796.5596,4437.6877,3.164241,0.000000,0.000000,-0.000000
1023,15,15,6481805.1036,4437.6877,3.164242,0.009920,3.036751,5.933287
1024,15,15,6481807.5203,4437.6877,3.164242,0.009738,3.165416,6.061967
1025,15,15,6481808.8174,4437.6877,3.164242,0.028565,3.360273,6.256813
1026,15,15,6481809.1634,4437.6877,3.164242,0.000000,0.000000,0.000000
1027,15,15,6481809.2754,4437.6877,3.164242,0.000000,0.000000,0.000000
1028,15,15,6481810.8432,4437.6877,3.164242,0.000000,0.000000,0.000000
1029,15,15,6481811.5387,4437.6877,3.164242,0.000000,0.000000,-0.000000
1030,15,15,6481812.7680,4437.6877,3.164242,0.000000,0.000000,0.000000
1031,15,15,6481813.6830,4437.6877,3.164242,0.000000,0.000000,0.000000
1032,15,15,6481822.8035,4437.6877,3.164243,0.000000,0.000000,-0.000000
1033,15,15,6481827.5105,4437.6877,3.164243,-0.000000,0.000000,-0.000000
1034,15,15,6481829.3627,4437.6877,3.164243,0.000000,0.000000,0.000000
1035,15,15,6481835.7103,4437.6877,3.164244,0.000000,0.000000,0.000000
1036,15,15,6481835.9677,4437.6877,3.164244,0.000000,0.000000,0.000000
1037,15,15,6481838.3275,4437.6877,3.164244,0.007519,3.010517,5.907032
1038,15,15,6481838.7664,4437.6877,3.164244,0.000000,0.000000,0.000000
1039,15,15,6481840.7075,4437.6877,3.164244,0.000000,0.000000,0.000000
1040,15,15,6481842.1749,4437.6877,3.164244,0.003663,2.839216,5.735697
1041,15,15,6481845.7948,4437.6877,3.164245,0.021132,3.194180,6.090688
1042,15,15,6481847.1242,4437.6877,3.164245,0.000000,0.000000,0.000000
1043,15,15,6481848.2784,4437.6877,3.164245,0.017444,3.169429,6.065937
1044,15,15,6481849.1584,4437.6877,3.164245,0.000000,0.000000,-0.000000
1045,15,15,6481851.5266,4437.6877,3.164245,0.009054,3.061052,5.957572
1046,15,15,6481854.3945,4437.6877,3.164245,0.007013,3.056695,5.953230
1047,15,15,6481854.6275,4437.6877,3.164245,0.011950,3.276696,6.173199
1048,15,15,6481859.0521,4437.6877,3.164245,0.000000,0.000000,0.000000
1049,15,15,6481861.4745,4437.6877,3.164246,0.000000,0.000000,-0.000000
1050,15,15,6481864.4300,4437.6877,3.164246,0.000000,0.000000,0.000000
1051,15,15,6481864.8641,4437.6877,3.164246,0.000000,0.000000,-0.000000
1052,15,15,6481866.2665,4437.6877,3.164246,0.006556,2.986911,5.883443
1053,15,15,6481870.9894,4437.6877,3.164246,0.000000,0.000000,0.000000
1054,15,15,6481880.6891,4437.6877,3.164247,0.047795,3.528854,6.425399
1055,15,15,6481880.7863,4437.6877,3.164247,0.011635,3.236738,6.133229
1056,15,15,6481881.3563,4437.6877,3.164247,0.000000,0.000000,0.000000
1057,15,15,6481881.8766,4437.6877,3.164247,0.000000,0.000000,0.000000
1058,15,15,6481890.9042,4437.6877,3.164248,0.005907,2.986238,5.882743
1059,15,15,6481891.2505,4437.6877,3.164248,-0.007489,3.110940,6.007441
1060,15,15,6481893.2250,4437.6877,3.164248,-0.000000,0.000000,-0.000000
1061,15,15,6481895.4877,4437.6877,3.164248,0.007061,2.986053,5.882565
1062,15,15,6481897.2908,4437.6877,3.164248,0.005278,2.878341,5.774868
1063,15,15,6481897.3424,4437.6877,3.164248,0.000000,0.000000,-0.000000
1064,15,15,6481899.9785,4437.6877,3.164248,0.000000,0.000000,0.000000
1065,15,15,6481900.2338,4437.6877,3.164248,0.000000,0.000000,-0.000000
1066,15,15,6481901.5269,4437.6877,3.164248,0.000000,0.000000,-0.000000
1067,15,15,6481908.7006,4437.6877,3.164249,0.000000,0.000000,0.000000
1068,15,15,6481909.5169,4437.6877,3.164249,0.000000,0.000000,0.000000
1069,15,15,6481909.5558,4437.6877,3.164249,0.000000,0.000000,0.000000
1070,15,15,6481914.5640,4437.6877,3.164249,-0.033786,2.984353,5.880677
1071,15,15,6481915.3416,4437.6877,3.164249,0.000000,0.000000,0.000000
1072,15,15,6481918.2664,4437.6877,3.164249,0.016442,3.212167,6.108682
1073,15,15,6481922.7954,4437.6877,3.164250,0.004441,2.992320,5.888818
1074,15,15,6481924.4690,4437.6877,3.164250,0.000000,0.000000,0.000000
1075,15,15,6481928.5092,4437.6877,3.164250,0.007704,3.050147,5.946673
1076,15,15,6481929.3505,4437.6877,3.164250,0.000000,0.000000,0.000000
1077,15,15,6481930.2942,4437.6877,3.164250,0.000000,0.000000,-0.000000
1078,15,15,6481934.3069,4437.6877,3.164250,-0.000000,0.000000,0.000000
1079,15,15,6481935.7935,4437.6877,3.164251,0.000000,0.000000,0.000000
1080,15,15,6481941.6073,4437.6877,3.164251,0.000000,0.000000,-0.000000
1081,15,15,6481942.2941,4437.6877,3.164251,0.004159,2.898512,5.795051
1082,15,15,6481943.2492,4437.6877,3.164251,0.000000,0.000000,0.000000
1083,15,15,6481943.2755,4437.6877,3.164251,0.000000,0.000000,-0.000000
1084,15,15,6481949.0398,4437.6877,3.164251,0.000460,2.970313,5.866807
1085,15,15,6481950.3929,4437.6877,3.164252,0.000000,0.000000,0.000000
1086,15,15,6481957.6718,4437.6877,3.164252,0.007675,3.015971,5.912479
1087,15,15,6481958.3067,4437.6877,3.164252,0.003467,2.972586,5.869106
1088,15,15,6481961.0768,4437.6877,3.164252,0.014951,3.220532,6.117029
1089,15,15,6481970.2231,4437.6877,3.164253,0.011950,3.122373,6.018896
1090,15,15,6481970.2864,4437.6877,3.164253,0.000000,0.000000,0.000000
1091,15,15,6481972.1690,4437.6877,3.164253,0.000000,0.000000,0.000000
1092,15,15,6481973.6205,4437.6877,3.164253,0.005957,2.960654,5.857184
1093,15,15,6481977.7730,4437.6877,3.164253,0.000000,0.000000,0.000000
1094,15,15,6481986.4177,4437.6877,3.164254,0.022693,3.266824,6.163351
1095,15,15,6481987.6287,4437.6877,3.164254,0.000000,0.000000,0.000000
1096,15,15,6481991.1820,4437.6877,3.164254,0.005995,2.938347,5.834875
1097,15,15,6481992.7598,4437.6877,3.164254,0.006489,2.928353,5.824890
1098,15,15,6481994.5079,4437.6877,3.164254,0.009071,3.064954,5.961481
1099,15,15,6481997.1145,4437.6877,3.164255,0.005370,2.950142,5.846673
1100,15,15,6481997.7627,4437.6877,3.164255,0.005320,2.804582,5.701136
1101,15,15,6482002.9045,4437.6877,3.164255,0.008143,3.172838,6.069367
1102,15,15,6482003.5917,4437.6877,3.164255,0.000000,0.000000,0.000000
1103,15,15,6482004.1202,4437.6877,3.164255,0.013553,3.079609,5.976137
1104,15,15,6482007.2275,4437.6877,3.164255,0.001121,3.047519,5.944027
1105,15,15,6482018.0327,4437.6877,3.164256,0.000000,0.000000,0.000000
1106,15,15,6482018.4773,4437.6877,3.164256,0.000000,0.000000,0.000000
1107,15,15,6482019.8864,4437.6877,3.164256,0.000000,0.000000,0.000000
1108,15,15,6482019.9244,4437.6877,3.164256,0.012954,3.152632,6.049152
1109,15,15,6482021.6176,4437.6877,3.164256,0.002014,2.700124,5.596638
1110,15,15,6482022.7458,4437.6877,3.164256,0.002921,2.752629,5.649162
1111,15,15,6482027.9592,4437.6877,3.164257,0.007351,2.954542,5.851061
1112,15,15,6482031.0177,4437.6877,3.164257,0.009545,2.978022,5.874537
1113,15,15,6482033.8136,4437.6877,3.164257,0.000000,0.000000,-0.000000
1114,15,15,6482037.5224,4437.6877,3.164257,0.001989,2.673400,5.569907
1115,15,15,6482040.2011,4437.6877,3.164258,0.006322,2.878672,5.775212
1116,15,15,6482040.3664,4437.6877,3.164258,0.009952,3.078812,5.975350
1117,15,15,6482042.8326,4437.6877,3.164258,0.000000,-0.000000,-0.000001
1118,15,15,6482043.0035,4437.6877,3.164258,0.024004,3.278098,6.174624
1119,15,15,6482052.5395,4437.6877,3.164258,-0.007652,3.094705,5.991180
1120,15,15,6482060.6383,4437.6877,3.164259,0.011972,3.113465,6.009993
1121,15,15,6482060.7217,4437.6877,3.164259,0.000000,0.000000,0.000000
1122,15,15,6482060.9863,4437.6877,3.164259,0.000000,0.000000,0.000000
1123,15,15,6482069.4409,4437.6877,3.164260,-0.000000,0.000000,0.000000
1124,15,15,6482070.7396,4437.6877,3.164260,0.000000,0.000000,0.000000
1125,15,15,6482075.4697,4437.6877,3.164260,0.000000,0.000000,0.000000
1126,15,15,6482076.6724,4437.6877,3.164260,0.021086,3.130631,6.027147
1127,15,15,6482078.4613,4437.6877,3.164260,0.000000,0.000000,0.000000
1128,15,15,6482082.5070,4437.6877,3.164260,-0.000000,0.000000,0.000000
1129,15,15,6482083.4156,4437.6877,3.164260,0.008505,3.009628,5.906164
1130,15,15,6482085.4341,4437.6877,3.164261,0.009885,3.289456,6.185975
1131,15,15,6482089.8826,4437.6877,3.164261,0.000000,0.000000,0.000000
1132,15,15,6482090.1084,4437.6877,3.164261,-0.003771,2.826145,5.722630
1133,15,15,6482094.8857,4437.6877,3.164261,0.003250,2.789669,5.686191
1134,15,15,6482095.4247,4437.6877,3.164261,-0.000746,2.797741,5.694252
1135,15,15,6482102.1206,4437.6877,3.164262,0.005676,2.970304,5.866827
1136,15,15,6482102.2311,4437.6877,3.164262,0.000000,0.000000,0.000000
1137,15,15,6482109.4117,4437.6877,3.164262,0.011053,3.151739,6.048263
1138,15,15,6482117.9483,4437.6877,3.164263,-0.000000,0.000000,0.000000
1139,15,15,6482119.2968,4437.6877,3.164263,0.000000,0.000000,0.000000
1140,15,15,6482120.7296,4437.6877,3.164263,0.000000,0.000000,0.000000
1141,15,15,6482130.2557,4437.6877,3.164264,-0.000000,0.000000,0.000000
1142,15,15,6482133.7661,4437.6877,3.164264,-0.000000,0.000000,0.000001
1143,15,15,6482134.0276,4437.6877,3.164264,0.000000,0.000000,0.000000
1144,15,15,6482134.5487,4437.6877,3.164264,0.000000,0.000000,0.000000
1145,15,15,6482137.8576,4437.6877,3.164264,-0.000000,0.000000,0.000000
1146,15,15,6482138.8402,4437.6877,3.164264,0.005581,2.954349,5.850883
1147,15,15,6482146.7612,4437.6877,3.164265,-0.000000,0.000000,0.000001
1148,15,15,6482152.3827,4437.6877,3.164265,0.000000,0.000000,0.000000
1149,15,15,6482153.9018,4437.6877,3.164265,0.000000,0.000000,0.000000
1150,15,15,6482158.4828,4437.6877,3.164265,0.006128,2.808833,5.705344
1151,15,15,6482159.5553,4437.6877,3.164266,0.000000,0.000000,0.000000
1152,15,15,6482169.6874,4437.6877,3.164266,0.000000,0.000000,0.000000
1153,15,15,6482173.1725,4437.6877,3.164266,0.008008,3.058287,5.954789
1154,15,15,6482174.5227,4437.6877,3.164267,0.000000,0.000000,0.000000
1155,15,15,6482180.8110,4437.6877,3.164267,-0.000222,2.817505,5.713980
1156,15,15,6482180.8292,4437.6877,3.164267,0.014251,3.094875,5.991412
1157,15,15,6482189.5503,4437.6877,3.164268,0.000000,0.000000,0.000000
1158,15,15,6482197.3258,4437.6877,3.164268,0.000000,0.000000,-0.000000
1159,15,15,6482203.1165,4437.6877,3.164268,0.000000,0.000000,0.000000
1160,15,15,6482208.3978,4437.6877,3.164269,0.000000,0.000000,0.000000
1161,15,15,6482209.6050,4437.6877,3.164269,0.000000,0.000000,0.000000
1162,15,15,6482211.9988,4437.6877,3.164269,0.000000,0.000000,0.000000
1163,15,15,6482212.1458,4437.6877,3.164269,0.000000,0.000000,0.000000
1164,15,15,6482215.9194,4437.6877,3.164269,0.000000,0.000000,-0.000000
1165,15,15,6482217.6823,4437.6877,3.164269,-0.000000,0.000000,0.000000
1166,15,15,6482221.9439,4437.6877,3.164270,0.000000,0.000000,0.000000
1167,15,15,6482223.1384,4437.6877,3.164270,0.000000,0.000000,0.000000
1168,15,15,6482228.5767,4437.6877,3.164270,0.024067,3.142531,6.039075
1169,15,15,6482235.7773,4437.6877,3.164271,0.005064,2.838897,5.735421
1170,15,15,6482239.0387,4437.6877,3.164271,-0.001017,2.687716,5.584170
1171,15,15,6482243.9067,4437.6877,3.164271,0.000000,-0.000000,0.000000
1172,15,15,6482244.6914,4437.6877,3.164271,0.003272,2.754302,5.650820
1173,15,15,6482244.8412,4437.6877,3.164271,0.007979,2.920451,5.816976
1174,15,15,6482254.4280,4437.6877,3.164272,0.012169,3.089475,5.986022
1175,15,15,6482258.7099,4437.6877,3.164272,0.000000,0.000000,0.000000
1176,15,15,6482260.7735,4437.6877,3.164272,0.000000,0.000000,0.000000
1177,15,15,6482264.4033,4437.6877,3.164273,-0.003045,2.536944,5.433364
1178,15,15,6482266.0426,4437.6877,3.164273,0.000000,0.000000,0.000000
1179,15,15,6482267.6211,4437.6877,3.164273,0.004939,2.777960,5.674493
1180,15,15,6482271.1526,4437.6877,3.164273,0.010337,2.939744,5.836278
1181,15,15,6482279.8310,4437.6877,3.164274,0.010683,2.814826,5.711442
1182,15,15,6482281.9296,4437.6877,3.164274,0.007574,2.988855,5.885387
1183,15,15,6482283.8939,4437.6877,3.164274,0.000000,0.000000,0.000000
1184,15,15,6482285.8507,4437.6877,3.164274,0.010113,2.981096,5.877621
1185,15,15,6482286.7116,4437.6877,3.164274,0.009241,2.960461,5.856973
1186,15,15,6482297.0436,4437.6877,3.164275,0.000000,0.000000,0.000000
1187,15,15,6482306.9585,4437.6877,3.164275,0.005091,2.825037,5.721556
1188,15,15,6482307.4032,4437.6877,3.164275,0.000000,0.000000,0.000000
1189,15,15,6482312.7492,4437.6877,3.164276,0.000000,0.000000,0.000000
1190,15,15,6482316.0511,4437.6877,3.164276,0.002271,3.079854,5.976319
1191,15,15,6482328.5485,4437.6877,3.164277,0.002273,2.597012,5.493512
1192,15,15,6482330.5845,4437.6877,3.164277,0.000000,0.000000,0.000000
1193,15,15,6482331.8393,4437.6877,3.164277,0.000000,0.000000,0.000000
1194,15,15,6482336.1603,4437.6877,3.164277,0.000000,0.000000,0.000000
1195,15,15,6482340.5492,4437.6877,3.164278,0.007142,2.841652,5.738186
1196,15,15,6482341.9215,4437.6877,3.164278,0.013652,3.023150,5.919652
1197,15,15,6482345.6131,4437.6877,3.164278,0.019288,3.257067,6.153564
1198,15,15,6482345.6398,4437.6877,3.164278,-0.000484,2.686405,5.582938
1199,15,15,6482350.6568,4437.6877,3.164278,0.015276,3.009424,5.905947
1200,15,15,6482356.3087,4437.6877,3.164279,0.008959,2.903273,5.799796
1201,15,15,6482356.3717,4437.6877,3.164279,0.004398,2.800374,5.696887
1202,15,15,6482364.3450,4437.6877,3.164279,0.002136,2.795634,5.692115
1203,15,15,6482371.3328,4437.6877,3.164280,0.013710,3.079000,5.975543
1204,15,15,6482372.3477,4437.6877,3.164280,0.000000,0.000000,0.000000
1205,15,15,6482383.0843,4437.6877,3.164281,-0.000000,0.000000,0.000000
1206,15,15,6482399.4557,4437.6877,3.164282,0.000000,0.000000,0.000000
1207,15,15,6482400.6494,4437.6877,3.164282,0.002933,2.678547,5.575113
1208,15,15,6482403.6039,4437.6877,3.164282,0.000000,0.000000,0.000000
1209,15,15,6482407.7700,4437.6877,3.164282,0.002889,2.693960,5.590448
1210,15,15,6482411.2442,4437.6877,3.164282,0.000000,0.000000,0.000000
1211,15,15,6482411.5637,4437.6877,3.164282,0.000000,0.000000,0.000000
1212,15,15,6482418.4254,4437.6877,3.164283,0.008139,2.912284,5.808802
1213,15,15,6482418.8292,4437.6877,3.164283,0.002770,2.662491,5.559021
1214,15,15,6482420.7788,4437.6877,3.164283,0.010432,2.679164,5.575679
1215,15,15,6482428.9398,4437.6877,3.164284,0.000000,0.000000,0.000000
1216,15,15,6482439.2164,4437.6877,3.164284,0.000000,0.000000,0.000000
1217,15,15,6482454.9936,4437.6877,3.164285,0.003198,2.703440,5.599985
1218,15,15,6482463.5802,4437.6877,3.164286,0.009426,2.869960,5.766504
1219,15,15,6482464.5792,4437.6877,3.164286,0.000000,0.000000,0.000000
1220,15,15,6482467.3065,4437.6877,3.164286,0.002550,2.657453,5.553966
1221,15,15,6482478.3511,4437.6877,3.164287,0.005817,2.780427,5.676990
1222,15,15,6482486.0181,4437.6877,3.164287,0.005852,2.831701,5.728241
1223,15,15,6482488.8484,4437.6877,3.164288,0.000000,0.000000,-0.000000
1224,15,15,6482497.6075,4437.6877,3.164288,0.005847,2.896533,5.793022
1225,15,15,6482505.3381,4437.6877,3.164289,-0.000000,0.000000,0.000000
1226,15,15,6482509.1473,4437.6877,3.164289,0.000000,0.000000,-0.000000
1227,15,15,6482510.3217,4437.6877,3.164289,0.000000,0.000000,0.000000
1228,15,15,6482514.3339,4437.6877,3.164289,0.002877,2.692186,5.588733
1229,15,15,6482518.2232,4437.6877,3.164290,0.000000,0.000000,0.000000
1230,15,15,6482519.9767,4437.6877,3.164290,0.002674,2.491543,5.388028
1231,15,15,6482520.8427,4437.6877,3.164290,0.000000,0.000000,-0.000000
1232,15,15,6482529.8061,4437.6877,3.164290,0.000000,0.000000,0.000000
1233,15,15,6482549.7960,4437.6877,3.164292,0.000000,0.000000,0.000000
1234,15,15,6482557.6994,4437.6877,3.164292,0.000000,0.000000,0.000000
1235,15,15,6482564.5173,4437.6877,3.164293,0.018537,3.075100,5.971654
1236,15,15,6482564.8362,4437.6877,3.164293,0.003749,2.756547,5.653057
1237,15,15,6482572.6555,4437.6877,3.164293,0.000000,0.000000,0.000000
1238,15,15,6482576.8399,4437.6877,3.164294,0.018484,3.087349,5.983884
1239,15,15,6482579.9276,4437.6877,3.164294,-0.000000,0.000000,0.000000
1240,15,15,6482585.3328,4437.6877,3.164294,0.000000,0.000000,-0.000000
1241,15,15,6482593.9082,4437.6877,3.164295,0.000000,0.000000,0.000000
1242,15,15,6482600.2629,4437.6877,3.164295,0.019090,3.104623,6.001152
1243,15,15,6482600.7990,4437.6877,3.164295,0.000000,0.000000,0.000000
1244,15,15,6482603.4192,4437.6877,3.164295,0.000000,0.000000,0.000000
1245,15,15,6482609.6242,4437.6877,3.164296,0.005669,2.848954,5.745470
1246,15,15,6482610.8935,4437.6877,3.164296,0.000000,0.000000,0.000000
1247,15,15,6482613.1344,4437.6877,3.164296,0.000000,0.000000,0.000000
1248,15,15,6482625.0448,4437.6877,3.164297,-0.000000,0.000000,0.000000
1249,15,15,6482631.5819,4437.6877,3.164297,0.000000,0.000000,0.000000
1250,15,15,6482636.8721,4437.6877,3.164298,0.000000,0.000000,0.000000
1251,15,15,6482646.5027,4437.6877,3.164298,0.000000,0.000000,0.000000
1252,15,15,6482649.0575,4437.6877,3.164298,0.009143,2.946065,5.842606
1253,15,15,6482660.4069,4437.6877,3.164299,-0.000000,0.000000,0.000000
1254,15,15,6482662.9304,4437.6877,3.164299,0.000000,0.000000,0.000000
1255,15,15,6482668.6350,4437.6877,3.164300,0.000000,0.000000,0.000000
1256,15,15,6482670.6494,4437.6877,3.164300,0.000000,0.000000,0.000000
1257,15,15,6482673.8900,4437.6877,3.164300,0.000000,0.000000,0.000000
1258,15,15,6482681.2371,4437.6877,3.164301,0.000000,0.000000,0.000000
1259,15,15,6482682.5022,4437.6877,3.164301,0.000000,0.000000,0.000000
1260,15,15,6482686.0354,4437.6877,3.164301,0.000000,0.000000,0.000000
1261,15,15,6482690.0110,4437.6877,3.164301,0.010259,3.070479,5.966990
1262,15,15,6482697.9784,4437.6877,3.164302,0.000000,0.000000,0.000000
1263,15,15,6482713.2300,4437.6877,3.164303,0.000000,0.000000,0.000000
1264,15,15,6482714.9395,4437.6877,3.164303,0.000000,0.000000,0.000000
1265,15,15,6482715.2629,4437.6877,3.164303,0.000000,0.000000,0.000000
1266,15,15,6482731.6215,4437.6877,3.164304,0.000000,0.000000,0.000000
1267,15,15,6482732.5117,4437.6877,3.164304,0.000000,0.000000,-0.000000
1268,15,15,6482737.6548,4437.6877,3.164304,0.007275,2.884431,5.780963
1269,15,15,6482741.3684,4437.6877,3.164305,0.000000,0.000000,0.000000
1270,15,15,6482754.5375,4437.6877,3.164305,0.000000,0.000000,0.000000
1271,15,15,6482755.7355,4437.6877,3.164306,-0.000000,0.000000,-0.000000
1272,15,15,6482756.8010,4437.6877,3.164306,0.000000,0.000000,0.000000
1273,15,15,6482772.2190,4437.6877,3.164307,0.011792,2.990966,5.887477
1274,15,15,6482785.8112,4437.6877,3.164308,0.000000,0.000000,0.000000
1275,15,15,6482786.3641,4437.6877,3.164308,0.000000,0.000000,-0.000000
1276,15,15,6482799.0431,4437.6877,3.164308,0.000000,0.000000,0.000000
1277,15,15,6482805.0446,4437.6877,3.164309,0.000000,0.000000,0.000000
1278,15,15,6482809.2777,4437.6877,3.164309,0.000000,0.000000,0.000000
1279,15,15,6482814.8691,4437.6877,3.164309,0.000000,0.000000,-0.000000
1280,15,15,6482823.6874,4437.6877,3.164310,0.000000,0.000000,0.000000
1281,15,15,6482826.4318,4437.6877,3.164310,0.000000,0.000000,0.000000
1282,15,15,6482827.2959,4437.6877,3.164310,0.000000,0.000000,0.000000
1283,15,15,6482828.4495,4437.6877,3.164310,0.000000,0.000000,0.000000
1284,15,15,6482843.1800,4437.6877,3.164311,0.000000,0.000000,-0.000000
1285,15,15,6482843.3118,4437.6877,3.164311,0.000000,0.000000,0.000000
1286,15,15,6482862.8906,4437.6877,3.164313,0.000000,0.000000,0.000000
1287,15,15,6482870.7568,4437.6877,3.164313,0.009352,3.012947,5.909476
1288,15,15,6482878.3640,4437.6877,3.164314,0.000000,0.000000,0.000000
1289,15,15,6482885.3850,4437.6877,3.164314,0.000000,0.000000,0.000000
1290,15,15,6482906.3978,4437.6877,3.164316,0.000000,0.000000,0.000000
1291,15,15,6482909.0131,4437.6877,3.164316,0.000000,0.000000,0.000000
1292,15,15,6482912.7819,4437.6877,3.164316,0.000000,0.000000,-0.000000
1293,15,15,6482932.6505,4437.6877,3.164317,0.000000,0.000000,0.000000
1294,15,15,6482943.5642,4437.6877,3.164318,-0.000000,0.000000,-0.000000
1295,15,15,6482944.8000,4437.6877,3.164318,0.032921,3.244971,6.141523
1296,15,15,6482947.2517,4437.6877,3.164318,0.000000,0.000000,0.000000
1297,15,15,6482949.0010,4437.6877,3.164318,0.015164,2.959608,5.856072
1298,15,15,6482954.9047,4437.6877,3.164319,0.024398,3.118941,6.015475
1299,15,15,6482960.6052,4437.6877,3.164319,0.000000,0.000000,0.000000
1300,15,15,6482966.3738,4437.6877,3.164320,0.000000,0.000000,0.000000
1301,15,15,6482985.2588,4437.6877,3.164321,0.000000,0.000000,0.000000
1302,15,15,6482989.1889,4437.6877,3.164321,0.000000,0.000000,0.000000
1303,15,15,6482989.4049,4437.6877,3.164321,-0.002054,2.749786,5.646265
1304,15,15,6482997.2846,4437.6877,3.164322,0.000574,2.978515,5.875035
1305,15,15,6482999.0065,4437.6877,3.164322,0.001623,2.571297,5.467804
1306,15,15,6483000.2004,4437.6877,3.164322,0.000000,0.000000,-0.000000
1307,15,15,6483016.0615,4437.6877,3.164323,0.000000,0.000000,0.000000
1308,15,15,6483031.7374,4437.6877,3.164324,0.000000,0.000000,0.000000
1309,15,15,6483039.7884,4437.6877,3.164325,0.000000,0.000000,0.000000
1310,15,15,6483046.7050,4437.6877,3.164325,0.000000,0.000000,0.000000
1311,15,15,6483050.6063,4437.6877,3.164325,0.000000,0.000000,0.000000
1312,15,15,6483073.6807,4437.6877,3.164327,0.000000,0.000000,-0.000000
1313,15,15,6483074.4542,4437.6877,3.164327,0.000000,0.000000,0.000000
1314,15,15,6483082.7237,4437.6877,3.164327,0.000000,0.000000,0.000000
1315,15,15,6483087.1519,4437.6877,3.164328,0.000000,0.000000,-0.000000
1316,15,15,6483098.8411,4437.6877,3.164329,0.003481,2.768876,5.665384
1317,15,15,6483102.7685,4437.6877,3.164329,0.008208,2.968239,5.864757
1318,15,15,6483114.4241,4437.6877,3.164330,0.000000,0.000000,0.000000
1319,15,15,6483116.8055,4437.6877,3.164330,0.000000,0.000000,0.000000
1320,15,15,6483117.2851,4437.6877,3.164330,0.000000,0.000000,0.000000
1321,15,15,6483121.6607,4437.6877,3.164330,0.000000,0.000000,-0.000000
1322,15,15,6483128.3123,4437.6877,3.164331,0.032616,3.251307,6.147857
1323,15,15,6483137.7769,4437.6877,3.164331,-0.000000,0.000000,0.000000
1324,15,15,6483143.0060,4437.6877,3.164331,0.002960,2.714083,5.610615
1325,15,15,6483143.6462,4437.6877,3.164332,0.000000,0.000000,0.000000
1326,15,15,6483148.3729,4437.6877,3.164332,0.000000,0.000000,-0.000000
1327,15,15,6483167.5717,4437.6877,3.164333,0.000000,0.000000,0.000000
1328,15,15,6483222.3344,4437.6877,3.164337,0.000000,0.000000,0.000000
1329,15,15,6483274.4553,4437.6877,3.164340,0.012789,3.053666,5.950169
1330,15,15,6483274.5202,4437.6877,3.164340,0.000000,0.000000,0.000000
1331,15,15,6483283.2958,4437.6877,3.164341,0.000000,0.000000,0.000000
1332,15,15,6483285.3628,4437.6877,3.164341,0.012688,3.171095,6.067582
1333,15,15,6483297.0410,4437.6877,3.164342,0.000000,0.000000,0.000000
1334,15,15,6483301.3551,4437.6877,3.164342,0.000000,0.000000,0.000000
1335,15,15,6483345.5887,4437.6877,3.164345,0.025018,3.084050,5.980586
1336,15,15,6483355.1984,4437.6877,3.164346,0.000000,0.000000,0.000000
1337,15,15,6483358.1694,4437.6877,3.164346,0.001781,2.652862,5.549371
1338,15,15,6483422.4026,4437.6877,3.164350,0.000000,0.000000,0.000000
1339,15,15,6483423.0338,4437.6877,3.164350,0.000000,0.000000,0.000000
1340,15,15,6483425.9235,4437.6877,3.164350,0.000000,0.000000,0.000000
1341,15,15,6483460.0841,4437.6877,3.164353,0.000000,0.000000,-0.000000
1342,15,15,6483463.0753,4437.6877,3.164353,0.000000,0.000000,0.000000
1343,15,15,6483470.9380,4437.6877,3.164353,-0.000000,-0.000000,-0.000000
1344,15,15,6483492.9196,4437.6877,3.164355,0.002540,2.716397,5.612903
1345,15,15,6483514.7970,4437.6877,3.164356,0.000000,0.000000,0.000000
1346,15,15,6483548.6236,4437.6877,3.164359,0.000000,0.000000,0.000000
1347,15,15,6483578.1213,4437.6877,3.164361,0.006349,2.567142,5.463778
1348,15,15,6483583.0897,4437.6877,3.164361,0.000000,0.000000,0.000000
1349,15,15,6483585.1595,4437.6877,3.164361,0.000000,0.000000,0.000000
1350,15,15,6483592.3144,4437.6877,3.164362,0.000000,0.000000,0.000000
1351,15,15,6483593.1068,4437.6877,3.164362,0.017968,3.106579,6.003146
1352,15,15,6483596.5261,4437.6877,3.164362,0.038658,3.211350,6.107929
1353,15,15,6483604.4326,4437.6877,3.164362,0.000000,0.000000,-0.000000
1354,15,15,6483608.8764,4437.6877,3.164363,0.000000,0.000000,0.000000
1355,15,15,6483610.9348,4437.6877,3.164363,0.003269,2.732588,5.629153
1356,15,15,6483618.4488,4437.6877,3.164363,0.002185,2.666744,5.563279
1357,15,15,6483619.3741,4437.6877,3.164363,0.000000,0.000000,0.000000
1358,15,15,6483620.3982,4437.6877,3.164363,-0.000000,0.000000,-0.000000
1359,15,15,6483628.0402,4437.6877,3.164364,0.000000,0.000000,0.000000
1360,15,15,6483632.0125,4437.6877,3.164364,0.000000,0.000000,0.000000
1361,15,15,6483634.0546,4437.6877,3.164364,0.002576,2.682522,5.579067
1362,15,15,6483646.3555,4437.6877,3.164365,0.000000,0.000000,-0.000000
1363,15,15,6483649.4364,4437.6877,3.164365,0.000000,0.000000,0.000000
1364,15,15,6483661.8595,4437.6877,3.164366,0.000000,0.000000,-0.000000
1365,15,15,6483667.1605,4437.6877,3.164367,0.000000,0.000000,0.000000
1366,15,15,6483671.3385,4437.6877,3.164367,0.000000,0.000000,0.000000
1367,15,15,6483676.7576,4437.6877,3.164367,0.000000,0.000000,0.000000
1368,15,15,6483685.0974,4437.6877,3.164368,0.000000,0.000000,0.000000
1369,15,15,6483689.4169,4437.6877,3.164368,0.004020,2.808826,5.705343
1370,15,15,6483703.3029,4437.6877,3.164369,0.000000,0.000000,0.000000
1371,15,15,6483707.1717,4437.6877,3.164369,0.008445,2.900873,5.797446
1372,15,15,6483717.4793,4437.6877,3.164370,-0.000000,0.000000,-0.000000
1373,15,15,6483723.7438,4437.6877,3.164370,0.000984,2.529991,5.426537
1374,15,15,6483729.3494,4437.6877,3.164371,0.022806,3.210535,6.107095
1375,15,15,6483736.7228,4437.6877,3.164371,0.000000,0.000000,0.000000
1376,15,15,6483737.4373,4437.6877,3.164371,0.004564,2.738054,5.634635
1377,15,15,6483739.3882,4437.6877,3.164371,0.017293,3.073290,5.969867
1378,15,15,6483739.5358,4437.6877,3.164371,0.000000,0.000000,0.000000
1379,15,15,6483739.7933,4437.6877,3.164371,0.017138,3.108407,6.004975
1380,15,15,6483740.7933,4437.6877,3.164372,0.010826,3.026321,5.922882
1381,15,15,6483743.2295,4437.6877,3.164372,0.012032,3.049666,5.946226
1382,15,15,6483744.2320,4437.6877,3.164372,0.006680,2.879447,5.776014
1383,15,15,6483759.9017,4437.6877,3.164373,0.004694,2.788297,5.684901
1384,15,15,6483760.2634,4437.6877,3.164373,0.000000,0.000000,0.000000
1385,15,15,6483767.0439,4437.6877,3.164373,0.000000,0.000000,0.000000
1386,15,15,6483783.5350,4437.6877,3.164374,0.000000,0.000000,0.000000
1387,15,15,6483790.3798,4437.6877,3.164375,0.000000,0.000000,0.000000
1388,15,15,6483795.8498,4437.6877,3.164375,0.000000,0.000000,0.000000
1389,15,15,6483800.7533,4437.6877,3.164376,0.000000,0.000000,0.000000
1390,15,15,6483807.8562,4437.6877,3.164376,0.004453,2.784982,5.681523
1391,15,15,6483812.2152,4437.6877,3.164376,0.000000,-0.000000,-0.000000
1392,15,15,6483824.4216,4437.6877,3.164377,0.000000,0.000000,0.000000
1393,15,15,6483828.5994,4437.6877,3.164377,0.000000,0.000000,0.000000
1394,15,15,6483830.9505,4437.6877,3.164378,0.022103,3.253121,6.149677
1395,15,15,6483833.9651,4437.6877,3.164378,0.001518,2.510324,5.406858
1396,15,15,6483846.2744,4437.6877,3.164379,-0.000000,0.000000,0.000000
1397,15,15,6483859.5218,4437.6877,3.164380,0.000000,0.000000,0.000000
1398,15,15,6483862.9543,4437.6877,3.164380,0.000000,0.000000,0.000000
1399,15,15,6483890.3491,4437.6877,3.164382,0.013055,3.094063,5.990621
1400,15,15,6483893.0420,4437.6877,3.164382,0.001082,2.700452,5.597018
1401,15,15,6483898.5521,4437.6877,3.164382,0.000000,0.000000,0.000000
1402,15,15,6483903.6052,4437.6877,3.164382,0.000000,0.000000,-0.000000
1403,15,15,6483906.9257,4437.6877,3.164383,0.000000,0.000000,0.000000
1404,15,15,6483908.5427,4437.6877,3.164383,0.000000,0.000000,-0.000000
1405,15,15,6483918.5336,4437.6877,3.164383,0.000000,0.000000,-0.000000
1406,15,15,6483938.5001,4437.6877,3.164385,0.000000,0.000000,-0.000000
1407,15,15,6483950.9152,4437.6877,3.164386,0.000000,0.000000,0.000000
1408,15,15,6483951.2820,4437.6877,3.164386,0.000000,0.000000,-0.000000
1409,15,15,6483954.6289,4437.6877,3.164386,0.005431,2.884771,5.781337
1410,15,15,6483974.1752,4437.6877,3.164387,0.000000,0.000000,0.000000
1411,15,15,6483990.1325,4437.6877,3.164388,0.000000,-0.000000,-0.000000
1412,15,15,6483993.1707,4437.6877,3.164388,0.000000,0.000000,0.000000
1413,15,15,6484029.1912,4437.6877,3.164391,0.000000,0.000000,-0.000000
1414,15,15,6484044.7117,4437.6877,3.164392,-0.000000,0.000000,0.000000
1415,15,15,6484044.7530,4437.6877,3.164392,0.000000,0.000000,-0.000000
1416,15,15,6484055.6978,4437.6877,3.164393,0.000000,-0.000000,-0.000000
1417,15,15,6484061.7279,4437.6877,3.164393,-0.000000,-0.000000,-0.000000
1418,15,15,6484117.8100,4437.6877,3.164397,0.000000,0.000000,-0.000000
1419,15,15,6484124.4554,4437.6877,3.164397,0.000000,0.000000,0.000000
1420,15,15,6484127.5155,4437.6877,3.164397,0.000000,0.000000,0.000000
1421,15,15,6484135.4601,4437.6877,3.164398,0.000000,0.000000,0.000000
1422,15,15,6484146.2454,4437.6877,3.164399,0.000000,0.000000,0.000000
1423,15,15,6484148.2201,4437.6877,3.164399,0.000000,0.000000,0.000000
1424,15,15,6484193.3484,4437.6877,3.164402,0.000000,0.000000,0.000000
1425,15,15,6484202.5406,4437.6877,3.164403,0.000000,0.000000,0.000000
1426,15,15,6484231.7078,4437.6877,3.164404,0.000000,0.000000,0.000000
1427,15,15,6484268.6283,4437.6877,3.164407,0.000000,0.000000,0.000000
1428,15,15,6484276.9434,4437.6877,3.164407,0.000000,0.000000,0.000000
1429,15,15,6484278.7995,4437.6877,3.164408,0.009730,2.968270,5.864841
1430,15,15,6484280.2575,4437.6877,3.164408,0.029767,3.242116,6.138709
1431,15,15,6484281.2153,4437.6877,3.164408,0.016291,3.100452,5.997046
1432,15,15,6484291.4947,4437.6877,3.164408,0.000000,0.000000,0.000000
1433,15,15,6484297.3651,4437.6877,3.164409,0.000000,0.000000,0.000000
1434,15,15,6484300.7678,4437.6877,3.164409,0.000000,0.000000,-0.000000
1435,15,15,6484308.3636,4437.6877,3.164410,0.000000,0.000000,0.000000
1436,15,15,6484308.4672,4437.6877,3.164410,0.000000,0.000000,0.000000
1437,15,15,6484319.0462,4437.6877,3.164410,0.000000,0.000000,-0.000000
1438,15,15,6484321.8181,4437.6877,3.164411,0.006554,2.910628,5.807215
1439,15,15,6484327.6609,4437.6877,3.164411,0.005401,2.855595,5.752173
1440,15,15,6484332.4272,4437.6877,3.164411,0.009487,3.075047,5.971618
1441,15,15,6484345.9812,4437.6877,3.164412,0.000000,0.000000,0.000000
1442,15,15,6484351.9801,4437.6877,3.164413,0.015228,3.106424,6.003010
1443,15,15,6484352.5143,4437.6877,3.164413,0.009638,2.934649,5.831230
1444,15,15,6484356.7150,4437.6877,3.164413,0.004042,2.816082,5.712662
1445,15,15,6484375.6616,4437.6877,3.164414,0.003673,2.797164,5.693739
1446,15,15,6484377.6456,4437.6877,3.164414,0.000000,0.000000,0.000000
1447,15,15,6484379.6284,4437.6877,3.164414,0.004302,2.863695,5.760265
1448,15,15,6484380.8719,4437.6877,3.164414,0.000000,0.000000,0.000000
1449,15,15,6484384.9075,4437.6877,3.164415,0.004615,2.859605,5.756181
1450,15,15,6484386.4189,4437.6877,3.164415,0.004665,2.812606,5.709190
1451,15,15,6484388.0844,4437.6877,3.164415,0.003323,2.775576,5.672154
1452,15,15,6484396.4804,4437.6877,3.164416,0.000000,0.000000,0.000000
1453,15,15,6484405.4360,4437.6877,3.164416,0.030871,3.235116,6.131724
1454,15,15,6484405.6396,4437.6877,3.164416,0.009111,2.960034,5.856641
1455,15,15,6484408.8967,4437.6877,3.164416,0.000000,0.000000,0.000000
1456,15,15,6484412.5548,4437.6877,3.164417,0.004922,2.830143,5.726746
1457,15,15,6484413.7980,4437.6877,3.164417,0.000000,0.000000,-0.000000
1458,15,15,6484422.8793,4437.6877,3.164417,0.000000,0.000000,0.000000
1459,15,15,6484424.4337,4437.6877,3.164417,0.000000,0.000000,-0.000000
1460,15,15,6484431.6968,4437.6877,3.164418,0.000000,0.000000,-0.000000
1461,15,15,6484437.7829,4437.6877,3.164418,0.004042,2.807666,5.704258
1462,15,15,6484449.6274,4437.6877,3.164419,0.002330,2.654513,5.551105
1463,15,15,6484453.5388,4437.6877,3.164419,0.007154,2.929456,5.826051
1464,15,15,6484453.6494,4437.6877,3.164419,-0.000000,0.000000,0.000000
1465,15,15,6484453.9069,4437.6877,3.164419,0.003481,2.762590,5.659189
1466,15,15,6484460.8171,4437.6877,3.164420,-0.000132,2.454801,5.351302
1467,15,15,6484466.1163,4437.6877,3.164420,0.003345,2.823001,5.719560
1468,15,15,6484472.2857,4437.6877,3.164421,0.005662,2.889507,5.786099
1469,15,15,6484472.3208,4437.6877,3.164421,0.010313,3.021007,5.917601
1470,15,15,6484472.9601,4437.6877,3.164421,0.000000,-0.000000,-0.000000
1471,15,15,6484476.7103,4437.6877,3.164421,0.005515,2.865359,5.761956
1472,15,15,6484557.0319,4437.6877,3.164426,-0.000000,0.000000,0.000000
1473,15,15,6484574.7296,4437.6877,3.164427,0.000000,-0.000000,-0.000000
1474,15,15,6484594.9157,4437.6877,3.164429,0.000673,2.418802,5.315355
1475,15,15,6484606.7199,4437.6877,3.164430,0.000000,0.000000,0.000000
1476,15,15,6484634.3723,4437.6877,3.164431,0.000000,0.000000,0.000000
1477,15,15,6484634.8235,4437.6877,3.164431,0.000000,0.000000,0.000000
1478,15,15,6484637.7171,4437.6877,3.164432,0.000000,0.000000,0.000000
1479,15,15,6484683.1393,4437.6877,3.164435,-0.001520,2.574584,5.471083
1480,15,15,6484708.2751,4437.6877,3.164436,0.000000,0.000000,-0.000000
1481,15,15,6484735.7059,4437.6877,3.164438,0.000000,0.000000,0.000000
1482,15,15,6484874.7542,4437.6877,3.164448,0.000000,0.000000,0.000000
1483,15,15,6484940.0486,4437.6877,3.164452,0.000000,0.000000,0.000000
1484,15,15,6485034.6354,4437.6877,3.164458,0.000000,0.000000,0.000000
1485,15,15,6485157.8924,4437.6877,3.164467,0.000000,0.000000,0.000000
1486,15,15,6485182.7053,4437.6877,3.164468,0.000000,0.000000,0.000000
1487,15,15,6485285.0458,4437.6877,3.164475,0.000000,0.000000,0.000000
1488,15,15,6485360.7658,4437.6877,3.164480,0.000000,0.000000,0.000000
1489,15,15,6485366.7214,4437.6877,3.164481,0.000000,-0.000000,-0.000000
1490,15,15,6485472.0506,4437.6877,3.164488,0.000000,0.000000,0.000000
1491,15,15,6485488.7177,4437.6877,3.164489,0.000000,0.000000,0.000000
1492,15,15,6485494.6737,4437.6877,3.164489,0.000000,0.000000,0.000000
1493,15,15,6485497.0613,4437.6877,3.164489,0.000000,0.000000,0.000000
1494,15,15,6485723.4613,4437.6877,3.164504,0.000000,0.000000,0.000000
1495,15,15,6485752.0560,4437.6877,3.164506,0.000000,0.000000,0.000000
1496,15,15,6485771.4696,4437.6877,3.164508,-0.000000,0.000000,-0.000000
1497,15,15,6485813.9701,4437.6877,3.164511,0.000000,0.000000,0.000000
1498,15,15,6488450.3109,4437.6877,3.164687,0.000000,0.000000,0.000000
1499,15,15,6488450.3116,4437.6877,3.164687,0.000000,0.000000,0.000000
