mode_rank,eigen_index,vtk_w_field,lambda_real,lambda_imag,k_num,node_row,node_id,x,y,w_normalized,phi_1,phi_2
1,16,w1,9.458912253472652e6,0.0,104.65598985560207,1,1,0.0,0.0,-1.1298027928519407e-10,0.18147894482052368,0.17957684712049132
1,16,w1,9.458912253472652e6,0.0,104.65598985560207,2,2,1.0,0.0,-3.1118498605407794e-10,-1.8687732895255398,1.79943400983994
1,16,w1,9.458912253472652e6,0.0,104.65598985560207,3,3,1.0,1.0,-1.1297781958164148e-10,-0.18142522603156874,-0.17956272223951292
1,16,w1,9.458912253472652e6,0.0,104.65598985560207,4,4,0.0,1.0,-3.111900601595198e-10,1.8687383098767956,-1.7994541355373044
1,16,w1,9.458912253472652e6,0.0,104.65598985560207,5,5,0.24999999999941094,0.0,3.1361684390607847e-12,0.6244307512810536,1.0776827632794994
1,16,w1,9.458912253472652e6,0.0,104.65598985560207,6,6,0.4999999999986921,0.0,2.2963062190886522e-10,0.39725947438261233,2.676875596313249
1,16,w1,9.458912253472652e6,0.0,104.65598985560207,7,7,0.7499999999993406,0.0,3.4220578492498003e-10,-0.13621280649339082,2.563554862874742
1,16,w1,9.458912253472652e6,0.0,104.65598985560207,8,8,1.0,0.24999999999941094,4.686332403274654e-11,-2.5798104036570333,0.12551824278239246
1,16,w1,9.458912253472652e6,0.0,104.65598985560207,9,9,1.0,0.4999999999986921,-5.486104239909533e-11,-2.6765813925723156,-0.390620786409638
1,16,w1,9.458912253472652e6,0.0,104.65598985560207,10,10,1.0,0.7499999999993406,-1.4280983134970695e-10,-1.0641119280480609,-0.6099259997914168
1,16,w1,9.458912253472652e6,0.0,104.65598985560207,11,11,0.7500000000003471,1.0,3.1377463620945255e-12,-0.6244271163924635,-1.077633953260455
1,16,w1,9.458912253472652e6,0.0,104.65598985560207,12,12,0.5000000000020595,1.0,2.2963383963426732e-10,-0.397280397084837,-2.6768507351876303
1,16,w1,9.458912253472652e6,0.0,104.65598985560207,13,13,0.2500000000010405,1.0,3.422019097316471e-10,0.13627287017464357,-2.5636520061888275
1,16,w1,9.458912253472652e6,0.0,104.65598985560207,14,14,0.0,0.7500000000003471,4.68753286236699e-11,2.5797922516810945,-0.12551348103880228
1,16,w1,9.458912253472652e6,0.0,104.65598985560207,15,15,0.0,0.5000000000020595,-5.488220513154785e-11,2.6766622751374225,0.39066547190866824
1,16,w1,9.458912253472652e6,0.0,104.65598985560207,16,16,0.0,0.2500000000010405,-1.427946709127161e-10,1.0640309486404746,0.6098712162296546
1,16,w1,9.458912253472652e6,0.0,104.65598985560207,17,17,0.24999999999981837,0.25000000000063316,0.3890245413248292,1.377401079611364,1.380143023537611
1,16,w1,9.458912253472652e6,0.0,104.65598985560207,18,18,0.2500000000002257,0.5000000000012177,0.6981272305246435,2.2216298969761565,0.4881985692330485
1,16,w1,9.458912253472652e6,0.0,104.65598985560207,19,19,0.25000000000063316,0.7500000000000954,0.6295118392924233,1.1429297661148046,-1.1521782128991978
1,16,w1,9.458912253472652e6,0.0,104.65598985560207,20,20,0.49999999999953393,0.2500000000002257,0.695965570759225,0.48689719303319856,2.2259342576958394
1,16,w1,9.458912253472652e6,0.0,104.65598985560207,21,21,0.5000000000003757,0.5000000000003757,1.0,-3.0575069711178146e-5,-3.329309605838697e-5
1,16,w1,9.458912253472652e6,0.0,104.65598985560207,22,22,0.5000000000012177,0.749999999999844,0.695965428613814,-0.4868605737486678,-2.225900297217516
1,16,w1,9.458912253472652e6,0.0,104.65598985560207,23,23,0.7499999999995922,0.24999999999981837,0.6295112170942725,-1.1429370285206575,1.1522250672693315
1,16,w1,9.458912253472652e6,0.0,104.65598985560207,24,24,0.749999999999844,0.49999999999953393,0.6981269099454797,-2.2216169394922214,-0.48821279964445646
1,16,w1,9.458912253472652e6,0.0,104.65598985560207,25,25,0.7500000000000953,0.7499999999995921,0.38902333339100803,-1.3774101795202407,-1.380178318393945
2,17,w2,1.3990114366895234e7,0.0,154.7904482064486,1,1,0.0,0.0,2.719912100841897e-10,-0.3858061265793047,-0.3653517404934835
2,17,w2,1.3990114366895234e7,0.0,154.7904482064486,2,2,1.0,0.0,-2.0471049791179703e-10,-2.5267779398610513,2.5296251464959667
2,17,w2,1.3990114366895234e7,0.0,154.7904482064486,3,3,1.0,1.0,-2.720098516224722e-10,-0.3858719673623273,-0.3656685914648496
2,17,w2,1.3990114366895234e7,0.0,154.7904482064486,4,4,0.0,1.0,2.0470902742069175e-10,-2.5266487668410464,2.529595136885312
2,17,w2,1.3990114366895234e7,0.0,154.7904482064486,5,5,0.24999999999941094,0.0,-3.6988120557559886e-10,-0.953456009755831,-1.9480701576582904
2,17,w2,1.3990114366895234e7,0.0,154.7904482064486,6,6,0.4999999999986921,0.0,-5.638592322498233e-10,0.9728629155151467,-1.8926063733577119
2,17,w2,1.3990114366895234e7,0.0,154.7904482064486,7,7,0.7499999999993406,0.0,7.097929446391344e-10,1.568181421972444,1.2015404058520143
2,17,w2,1.3990114366895234e7,0.0,154.7904482064486,8,8,1.0,0.24999999999941094,9.813634870439044e-11,-4.146550294958325,0.4307285246231342
2,17,w2,1.3990114366895234e7,0.0,154.7904482064486,9,9,1.0,0.4999999999986921,2.5416933273429467e-11,-5.041142157093187,-0.4372122442651405
2,17,w2,1.3990114366895234e7,0.0,154.7904482064486,10,10,1.0,0.7499999999993406,-2.263982810598547e-10,-2.336270059580399,-1.305679951109736
2,17,w2,1.3990114366895234e7,0.0,154.7904482064486,11,11,0.7500000000003471,1.0,3.6989198917703757e-10,-0.9534645540732476,-1.9479502018373218
2,17,w2,1.3990114366895234e7,0.0,154.7904482064486,12,12,0.5000000000020595,1.0,5.638683921839999e-10,0.9729530130982001,-1.8926193067612462
2,17,w2,1.3990114366895234e7,0.0,154.7904482064486,13,13,0.2500000000010405,1.0,-7.097988266035554e-10,1.568026662096274,1.2016048950173512
2,17,w2,1.3990114366895234e7,0.0,154.7904482064486,14,14,0.0,0.7500000000003471,-9.812807719192326e-11,-4.1466480867255315,0.4306650228225611
2,17,w2,1.3990114366895234e7,0.0,154.7904482064486,15,15,0.0,0.5000000000020595,-2.5439771838408334e-11,-5.041012637541129,-0.437096432055481
2,17,w2,1.3990114366895234e7,0.0,154.7904482064486,16,16,0.0,0.2500000000010405,2.2642092049582976e-10,-2.3363565871952727,-1.3058652172821126
2,17,w2,1.3990114366895234e7,0.0,154.7904482064486,17,17,0.24999999999981837,0.25000000000063316,-0.7208051967682585,-1.0835662829857995,-1.4955598780430144
2,17,w2,1.3990114366895234e7,0.0,154.7904482064486,18,18,0.2500000000002257,0.5000000000012177,-0.9999951452222233,-0.29729135500200554,0.3806770962317395
2,17,w2,1.3990114366895234e7,0.0,154.7904482064486,19,19,0.25000000000063316,0.7500000000000954,-0.72385079244873,1.0353830298934463,1.5315212082425986
2,17,w2,1.3990114366895234e7,0.0,154.7904482064486,20,20,0.49999999999953393,0.2500000000002257,-0.28286792237870595,3.2314301590676813,0.4300710361209518
2,17,w2,1.3990114366895234e7,0.0,154.7904482064486,21,21,0.5000000000003757,0.5000000000003757,4.2715223726379614e-6,5.621026062415517,1.1758497040393479
2,17,w2,1.3990114366895234e7,0.0,154.7904482064486,22,22,0.5000000000012177,0.749999999999844,0.28286964984286406,3.2314104583242105,0.43004248385778987
2,17,w2,1.3990114366895234e7,0.0,154.7904482064486,23,23,0.7499999999995922,0.24999999999981837,0.7238524897709164,1.0352806312807297,1.5315245863348779
2,17,w2,1.3990114366895234e7,0.0,154.7904482064486,24,24,0.749999999999844,0.49999999999953393,1.0,-0.2972537453100209,0.38072546275148955
2,17,w2,1.3990114366895234e7,0.0,154.7904482064486,25,25,0.7500000000000953,0.7499999999995921,0.7208066737370588,-1.0836305478532648,-1.4956293340894034
3,18,w3,2.42401163067175e7,0.0,268.19927052004084,1,1,0.0,0.0,4.723465139620576e-10,-0.5183446721387789,-0.5565050283446209
3,18,w3,2.42401163067175e7,0.0,268.19927052004084,2,2,1.0,0.0,-2.340202215261619e-10,0.02350330771756749,-0.23522713139442103
3,18,w3,2.42401163067175e7,0.0,268.19927052004084,3,3,1.0,1.0,4.723325271612901e-10,0.5182302340865665,0.5565075657225236
3,18,w3,2.42401163067175e7,0.0,268.19927052004084,4,4,0.0,1.0,-2.3401903467535247e-10,-0.023470367837607174,0.23523923236291028
3,18,w3,2.42401163067175e7,0.0,268.19927052004084,5,5,0.24999999999941094,0.0,-1.0928478015950128e-9,-1.256586658302229,-2.6942296598504103
3,18,w3,2.42401163067175e7,0.0,268.19927052004084,6,6,0.4999999999986921,0.0,1.7252195200541716e-10,2.580525558042761,-0.6529797432384751
3,18,w3,2.42401163067175e7,0.0,268.19927052004084,7,7,0.7499999999993406,0.0,5.4160766021289e-10,-1.036041307645223,1.3680160234139769
3,18,w3,2.42401163067175e7,0.0,268.19927052004084,8,8,1.0,0.24999999999941094,-1.6792255783019307e-10,2.362577304906303,-1.1944513764142317
3,18,w3,2.42401163067175e7,0.0,268.19927052004084,9,9,1.0,0.4999999999986921,-1.873172105934694e-10,5.957636228243446,-0.42197516234505045
3,18,w3,2.42401163067175e7,0.0,268.19927052004084,10,10,1.0,0.7499999999993406,4.956402270432161e-10,3.894826897813909,2.228292230294534
3,18,w3,2.42401163067175e7,0.0,268.19927052004084,11,11,0.7500000000003471,1.0,-1.092840572594628e-9,1.256602835051011,2.694145838503733
3,18,w3,2.42401163067175e7,0.0,268.19927052004084,12,12,0.5000000000020595,1.0,1.7251350580860584e-10,-2.5805242440094847,0.653005475778731
3,18,w3,2.42401163067175e7,0.0,268.19927052004084,13,13,0.2500000000010405,1.0,5.416096023323963e-10,1.0360101015940126,-1.367975028283704
3,18,w3,2.42401163067175e7,0.0,268.19927052004084,14,14,0.0,0.7500000000003471,-1.6792854603200422e-10,-2.362594746291137,1.1944600444989977
3,18,w3,2.42401163067175e7,0.0,268.19927052004084,15,15,0.0,0.5000000000020595,-1.872985446671031e-10,-5.957699085320918,0.42194805046393374
3,18,w3,2.42401163067175e7,0.0,268.19927052004084,16,16,0.0,0.2500000000010405,4.956243664005811e-10,-3.8947627664422884,-2.2282226133398013
3,18,w3,2.42401163067175e7,0.0,268.19927052004084,17,17,0.24999999999981837,0.25000000000063316,-1.0,0.8850845038814195,-0.0852869055235258
3,18,w3,2.42401163067175e7,0.0,268.19927052004084,18,18,0.2500000000002257,0.5000000000012177,-0.7616818312810629,3.7855350019619465,2.0539046022643865
3,18,w3,2.42401163067175e7,0.0,268.19927052004084,19,19,0.25000000000063316,0.7500000000000954,-0.05789315673780296,2.835988508802724,0.5842137877838183
3,18,w3,2.42401163067175e7,0.0,268.19927052004084,20,20,0.49999999999953393,0.2500000000002257,0.5107120631113825,2.6949069369479575,1.1616094685362595
3,18,w3,2.42401163067175e7,0.0,268.19927052004084,21,21,0.5000000000003757,0.5000000000003757,0.8785726757418206,1.252953553773659e-5,2.4304295642722834e-5
3,18,w3,2.42401163067175e7,0.0,268.19927052004084,22,22,0.5000000000012177,0.749999999999844,0.5107112974693176,-2.694936191185058,-1.161641663109306
3,18,w3,2.42401163067175e7,0.0,268.19927052004084,23,23,0.7499999999995922,0.24999999999981837,-0.05789277460248629,-2.8359763922701955,-0.5842544732586086
3,18,w3,2.42401163067175e7,0.0,268.19927052004084,24,24,0.749999999999844,0.49999999999953393,-0.7616818857093954,-3.7855370325102315,-2.053897840606789
3,18,w3,2.42401163067175e7,0.0,268.19927052004084,25,25,0.7500000000000953,0.7499999999995921,-0.9999989204368892,-0.8850782336886733,0.08531679259810576
4,19,w4,3.2067765211217396e7,0.0,354.80651693379195,1,1,0.0,0.0,-5.687957315805113e-10,0.4860961542241195,0.5506663120107224
4,19,w4,3.2067765211217396e7,0.0,354.80651693379195,2,2,1.0,0.0,3.502978627620551e-10,-3.2999480094550244,3.0504479652695036
4,19,w4,3.2067765211217396e7,0.0,354.80651693379195,3,3,1.0,1.0,5.687834443028392e-10,0.486003288831904,0.550758442571338
4,19,w4,3.2067765211217396e7,0.0,354.80651693379195,4,4,0.0,1.0,-3.503002288932285e-10,-3.300052227210316,3.0504629836544233
4,19,w4,3.2067765211217396e7,0.0,354.80651693379195,5,5,0.24999999999941094,0.0,1.6145814949802682e-9,1.4142168587932824,2.9584119294947513
4,19,w4,3.2067765211217396e7,0.0,354.80651693379195,6,6,0.4999999999986921,0.0,-1.035387500485706e-9,-3.6039978078880255,-0.47411818415099827
4,19,w4,3.2067765211217396e7,0.0,354.80651693379195,7,7,0.7499999999993406,0.0,1.297101011720415e-10,3.586359886249926,-0.49291767648594215
4,19,w4,3.2067765211217396e7,0.0,354.80651693379195,8,8,1.0,0.24999999999941094,-2.791392311748507e-10,-2.9488534530557553,-1.5741803130555037
4,19,w4,3.2067765211217396e7,0.0,354.80651693379195,9,9,1.0,0.4999999999986921,-5.590200873234853e-10,2.8592887526553725,-2.5243075187781296
4,19,w4,3.2067765211217396e7,0.0,354.80651693379195,10,10,1.0,0.7499999999993406,7.380931286524556e-10,4.132502070301626,2.324301902709217
4,19,w4,3.2067765211217396e7,0.0,354.80651693379195,11,11,0.7500000000003471,1.0,-1.6145732402068513e-9,1.4142581861138093,2.9583040248144905
4,19,w4,3.2067765211217396e7,0.0,354.80651693379195,12,12,0.5000000000020595,1.0,1.035385270748059e-9,-3.6040119587670585,-0.47410313587232006
4,19,w4,3.2067765211217396e7,0.0,354.80651693379195,13,13,0.2500000000010405,1.0,-1.2971109743779875e-10,3.5864419661189424,-0.4929619065579266
4,19,w4,3.2067765211217396e7,0.0,354.80651693379195,14,14,0.0,0.7500000000003471,2.791420895087493e-10,-2.948812742320164,-1.5741594596891761
4,19,w4,3.2067765211217396e7,0.0,354.80651693379195,15,15,0.0,0.5000000000020595,5.590242621514203e-10,2.8592421468315736,-2.5243640120681703
4,19,w4,3.2067765211217396e7,0.0,354.80651693379195,16,16,0.0,0.2500000000010405,-7.380949907205971e-10,4.132525057336555,2.324359270687621
4,19,w4,3.2067765211217396e7,0.0,354.80651693379195,17,17,0.24999999999981837,0.25000000000063316,1.0,-2.0754833094107625,-1.1947368749268932
4,19,w4,3.2067765211217396e7,0.0,354.80651693379195,18,18,0.2500000000002257,0.5000000000012177,0.0774284559865,-2.4888453326655497,-1.2159406053542223
4,19,w4,3.2067765211217396e7,0.0,354.80651693379195,19,19,0.25000000000063316,0.7500000000000954,-0.5936230949427416,2.036619473134622,1.261781098766072
4,19,w4,3.2067765211217396e7,0.0,354.80651693379195,20,20,0.49999999999953393,0.2500000000002257,-0.8346638264571796,-0.6033063905345737,-0.3918493045501607
4,19,w4,3.2067765211217396e7,0.0,354.80651693379195,21,21,0.5000000000003757,0.5000000000003757,4.469936791941964e-7,2.2293856406757033,1.063777609488893
4,19,w4,3.2067765211217396e7,0.0,354.80651693379195,22,22,0.5000000000012177,0.749999999999844,0.8346674647306217,-0.6033147865909129,-0.3918455704553668
4,19,w4,3.2067765211217396e7,0.0,354.80651693379195,23,23,0.7499999999995922,0.24999999999981837,0.5936204073285162,2.0366420216369847,1.2617701419034406
4,19,w4,3.2067765211217396e7,0.0,354.80651693379195,24,24,0.749999999999844,0.49999999999953393,-0.07742963061291394,-2.488838617684464,-1.215951576988797
4,19,w4,3.2067765211217396e7,0.0,354.80651693379195,25,25,0.7500000000000953,0.7499999999995921,-0.9999963253641772,-2.075494842532775,-1.1947129599740047
5,20,w5,3.2861071794967663e7,0.0,363.5838777503985,1,1,0.0,0.0,-3.755616567655074e-10,0.43451560958233704,0.3963491774229153
5,20,w5,3.2861071794967663e7,0.0,363.5838777503985,2,2,1.0,0.0,-3.996259660472262e-12,4.991023701921685,-4.272735168330537
5,20,w5,3.2861071794967663e7,0.0,363.5838777503985,3,3,1.0,1.0,-3.755411562257343e-10,-0.4344240118449514,-0.3962936715808792
5,20,w5,3.2861071794967663e7,0.0,363.5838777503985,4,4,0.0,1.0,-3.998238477052673e-12,-4.99105034954636,4.272746503736734
5,20,w5,3.2861071794967663e7,0.0,363.5838777503985,5,5,0.24999999999941094,0.0,6.283390921669078e-10,1.6353039372175955,3.089155817292
5,20,w5,3.2861071794967663e7,0.0,363.5838777503985,6,6,0.4999999999986921,0.0,1.2739491334320381e-9,-1.120852860261404,3.5427905670422226
5,20,w5,3.2861071794967663e7,0.0,363.5838777503985,7,7,0.7499999999993406,0.0,-1.4423035335756607e-9,-3.3549405900783045,-2.0708375710938314
5,20,w5,3.2861071794967663e7,0.0,363.5838777503985,8,8,1.0,0.24999999999941094,6.038562217469598e-10,3.176670550574218,2.4755919547746292
5,20,w5,3.2861071794967663e7,0.0,363.5838777503985,9,9,1.0,0.4999999999986921,1.94988153284591e-10,-2.0291334854825838,1.5436713943094402
5,20,w5,3.2861071794967663e7,0.0,363.5838777503985,10,10,1.0,0.7499999999993406,-8.792782428311567e-10,-2.5495874722803613,-1.1953932384368513
5,20,w5,3.2861071794967663e7,0.0,363.5838777503985,11,11,0.7500000000003471,1.0,6.28322448464326e-10,-1.6353134292519411,-3.089105764972816
5,20,w5,3.2861071794967663e7,0.0,363.5838777503985,12,12,0.5000000000020595,1.0,1.273959423278256e-9,1.120842430061021,-3.542829630428829
5,20,w5,3.2861071794967663e7,0.0,363.5838777503985,13,13,0.2500000000010405,1.0,-1.442308767545516e-9,3.3549750195916874,2.0708172382287606
5,20,w5,3.2861071794967663e7,0.0,363.5838777503985,14,14,0.0,0.7500000000003471,6.038593878534885e-10,-3.1766638278373875,-2.475616558125549
5,20,w5,3.2861071794967663e7,0.0,363.5838777503985,15,15,0.0,0.5000000000020595,1.9497857581234184e-10,2.029171746790195,-1.5436687725295042
5,20,w5,3.2861071794967663e7,0.0,363.5838777503985,16,16,0.0,0.2500000000010405,-8.792665678133323e-10,2.5495751257304944,1.1953516257792371
5,20,w5,3.2861071794967663e7,0.0,363.5838777503985,17,17,0.24999999999981837,0.25000000000063316,0.9220619504601898,1.3428134392658142,1.017230341052842
5,20,w5,3.2861071794967663e7,0.0,363.5838777503985,18,18,0.2500000000002257,0.5000000000012177,0.19513516267322745,-0.3496046440387046,-3.692458657465195
5,20,w5,3.2861071794967663e7,0.0,363.5838777503985,19,19,0.25000000000063316,0.7500000000000954,-1.0,0.6862470959272761,0.4942786960694848
5,20,w5,3.2861071794967663e7,0.0,363.5838777503985,20,20,0.49999999999953393,0.2500000000002257,0.6277433013966682,-3.4033118923880727,-1.193090039260828
5,20,w5,3.2861071794967663e7,0.0,363.5838777503985,21,21,0.5000000000003757,0.5000000000003757,0.23961967576432577,-3.983788683189496e-6,-8.595948412896539e-6
5,20,w5,3.2861071794967663e7,0.0,363.5838777503985,22,22,0.5000000000012177,0.749999999999844,0.6277479875862814,3.4033407618172524,1.1930960054831377
5,20,w5,3.2861071794967663e7,0.0,363.5838777503985,23,23,0.7499999999995922,0.24999999999981837,-0.999997278104626,-0.6862464170123251,-0.49425789505745227
5,20,w5,3.2861071794967663e7,0.0,363.5838777503985,24,24,0.749999999999844,0.49999999999953393,0.19513455520414524,0.3496022426893331,3.692450442484676
5,20,w5,3.2861071794967663e7,0.0,363.5838777503985,25,25,0.7500000000000953,0.7499999999995921,0.9220572731125863,-1.3428315989980815,-1.0172390380343823
6,21,w6,5.2223507500621125e7,0.0,577.8151572557841,1,1,0.0,0.0,-5.332099800401506e-10,0.20212775734357535,0.22052094573968908
6,21,w6,5.2223507500621125e7,0.0,577.8151572557841,2,2,1.0,0.0,5.525476646420008e-10,-3.0818331119824767,2.1343554890435144
6,21,w6,5.2223507500621125e7,0.0,577.8151572557841,3,3,1.0,1.0,-5.332023693796998e-10,-0.2020672120499392,-0.22049098573599418
6,21,w6,5.2223507500621125e7,0.0,577.8151572557841,4,4,0.0,1.0,5.525492118641804e-10,3.0818071768730735,-2.134356569409648
6,21,w6,5.2223507500621125e7,0.0,577.8151572557841,5,5,0.24999999999941094,0.0,1.901179277600273e-9,1.669637999181754,3.095669399976431
6,21,w6,5.2223507500621125e7,0.0,577.8151572557841,6,6,0.4999999999986921,0.0,-1.3180309035919527e-9,-3.9208678182817693,-0.946605606141267
6,21,w6,5.2223507500621125e7,0.0,577.8151572557841,7,7,0.7499999999993406,0.0,2.1714594220985763e-10,3.578928039229975,-0.6826113592914409
6,21,w6,5.2223507500621125e7,0.0,577.8151572557841,8,8,1.0,0.24999999999941094,-1.4077647301713729e-9,1.58694135870682,-3.2643096731924257
6,21,w6,5.2223507500621125e7,0.0,577.8151572557841,9,9,1.0,0.4999999999986921,1.939292712435086e-9,1.1976462223585251,3.9252214899249003
6,21,w6,5.2223507500621125e7,0.0,577.8151572557841,10,10,1.0,0.7499999999993406,-1.3511636211467038e-9,-3.1912540617981424,-1.8119265671426843
6,21,w6,5.2223507500621125e7,0.0,577.8151572557841,11,11,0.7500000000003471,1.0,1.9011784830807756e-9,-1.6696305364469068,-3.0956294739674806
6,21,w6,5.2223507500621125e7,0.0,577.8151572557841,12,12,0.5000000000020595,1.0,-1.3180338307690492e-9,3.9208665378515817,0.9466085971650422
6,21,w6,5.2223507500621125e7,0.0,577.8151572557841,13,13,0.2500000000010405,1.0,2.1713983695477074e-10,-3.5789333794404867,0.6826349826826422
6,21,w6,5.2223507500621125e7,0.0,577.8151572557841,14,14,0.0,0.7500000000003471,-1.407750805171757e-9,-1.5869519312209381,3.2642907878431733
6,21,w6,5.2223507500621125e7,0.0,577.8151572557841,15,15,0.0,0.5000000000020595,1.9392825927656954e-9,-1.197614060890788,-3.9252016716588924
6,21,w6,5.2223507500621125e7,0.0,577.8151572557841,16,16,0.0,0.2500000000010405,-1.351157505437413e-9,3.191214769455217,1.8118998645181756
6,21,w6,5.2223507500621125e7,0.0,577.8151572557841,17,17,0.24999999999981837,0.25000000000063316,0.7728797164842254,-2.3111655035567766,-2.4210251240419667
6,21,w6,5.2223507500621125e7,0.0,577.8151572557841,18,18,0.2500000000002257,0.5000000000012177,-0.6964485551221979,0.8957112775604398,1.4388707884869192
6,21,w6,5.2223507500621125e7,0.0,577.8151572557841,19,19,0.25000000000063316,0.7500000000000954,0.24242264600611477,1.5269204014176638,-1.0213130075923629
6,21,w6,5.2223507500621125e7,0.0,577.8151572557841,20,20,0.49999999999953393,0.2500000000002257,-0.5825549040406484,1.5411728449364632,0.7189219957726722
6,21,w6,5.2223507500621125e7,0.0,577.8151572557841,21,21,0.5000000000003757,0.5000000000003757,1.0,-1.1305148850721456e-5,-2.8678634077837747e-5
6,21,w6,5.2223507500621125e7,0.0,577.8151572557841,22,22,0.5000000000012177,0.749999999999844,-0.582560325402326,-1.5411484799867918,-0.7189000928840574
6,21,w6,5.2223507500621125e7,0.0,577.8151572557841,23,23,0.7499999999995922,0.24999999999981837,0.24242738473316766,-1.5269248946343206,1.0213164063824742
6,21,w6,5.2223507500621125e7,0.0,577.8151572557841,24,24,0.749999999999844,0.49999999999953393,-0.6964495263018824,-0.8957244494511604,-1.438892026132813
6,21,w6,5.2223507500621125e7,0.0,577.8151572557841,25,25,0.7500000000000953,0.7499999999995921,0.7728772857021474,2.311180202056869,2.4210189625727585
7,22,w7,6.274204795580246e7,0.0,694.1951630824636,1,1,0.0,0.0,-8.992613937765777e-11,0.0942944730054385,0.09019446378908788
7,22,w7,6.274204795580246e7,0.0,694.1951630824636,2,2,1.0,0.0,-1.7910105317538805e-10,-4.312765569771484,2.8780480919418334
7,22,w7,6.274204795580246e7,0.0,694.1951630824636,3,3,1.0,1.0,8.990539770752925e-11,0.0940525089805999,0.09022703892241422
7,22,w7,6.274204795580246e7,0.0,694.1951630824636,4,4,0.0,1.0,1.7909619250117607e-10,-4.312793266277224,2.878037803921233
7,22,w7,6.274204795580246e7,0.0,694.1951630824636,5,5,0.24999999999941094,0.0,-1.4458041921512654e-10,0.8140345761847182,1.3751011858356559
7,22,w7,6.274204795580246e7,0.0,694.1951630824636,6,6,0.4999999999986921,0.0,6.623572028728462e-10,1.2159708426375857,4.454866279535296
7,22,w7,6.274204795580246e7,0.0,694.1951630824636,7,7,0.7499999999993406,0.0,1.2892329924836594e-9,0.11040452213035891,5.226596762072695
7,22,w7,6.274204795580246e7,0.0,694.1951630824636,8,8,1.0,0.24999999999941094,-2.1840250617948056e-9,-1.5493974123086103,-2.1243897963637526
7,22,w7,6.274204795580246e7,0.0,694.1951630824636,9,9,1.0,0.4999999999986921,6.120721034699953e-10,1.580421982443793,-0.00030358670905657355
7,22,w7,6.274204795580246e7,0.0,694.1951630824636,10,10,1.0,0.7499999999993406,9.367936344347726e-10,0.8988639449130899,0.3578169347725639
7,22,w7,6.274204795580246e7,0.0,694.1951630824636,11,11,0.7500000000003471,1.0,1.446019570301691e-10,0.8141149097324483,1.3750482260441126
7,22,w7,6.274204795580246e7,0.0,694.1951630824636,12,12,0.5000000000020595,1.0,-6.623661699787199e-10,1.2160536780411562,4.454915026130119
7,22,w7,6.274204795580246e7,0.0,694.1951630824636,13,13,0.2500000000010405,1.0,-1.2892361770633154e-9,0.11044786471722733,5.226549056570066
7,22,w7,6.274204795580246e7,0.0,694.1951630824636,14,14,0.0,0.7500000000003471,2.184025708662548e-9,-1.5493898182259647,-2.124378429581801
7,22,w7,6.274204795580246e7,0.0,694.1951630824636,15,15,0.0,0.5000000000020595,-6.120751204401957e-10,1.5804370903299534,-0.00029423885446898244
7,22,w7,6.274204795580246e7,0.0,694.1951630824636,16,16,0.0,0.2500000000010405,-9.367870596919875e-10,0.8987752958658776,0.3578064039387718
7,22,w7,6.274204795580246e7,0.0,694.1951630824636,17,17,0.24999999999981837,0.25000000000063316,0.4321706303708153,1.6853175416521677,1.3651626009350324
7,22,w7,6.274204795580246e7,0.0,694.1951630824636,18,18,0.2500000000002257,0.5000000000012177,0.3124432433674532,-0.44295605295594753,-3.273034554592164
7,22,w7,6.274204795580246e7,0.0,694.1951630824636,19,19,0.25000000000063316,0.7500000000000954,-0.9716284563355393,-1.722104834825316,-1.278804617288145
7,22,w7,6.274204795580246e7,0.0,694.1951630824636,20,20,0.49999999999953393,0.2500000000002257,1.0,0.30599221493323203,0.855508006361077
7,22,w7,6.274204795580246e7,0.0,694.1951630824636,21,21,0.5000000000003757,0.5000000000003757,4.535896269913874e-7,-0.6135009440748913,-6.111404956774081
7,22,w7,6.274204795580246e7,0.0,694.1951630824636,22,22,0.5000000000012177,0.749999999999844,-0.99999999398604,0.3059496583821951,0.8554808304438688
7,22,w7,6.274204795580246e7,0.0,694.1951630824636,23,23,0.7499999999995922,0.24999999999981837,0.9716289401558019,-1.722114933380408,-1.2788366763449366
7,22,w7,6.274204795580246e7,0.0,694.1951630824636,24,24,0.749999999999844,0.49999999999953393,-0.3124436565515556,-0.4429250870640159,-3.2730106119443487
7,22,w7,6.274204795580246e7,0.0,694.1951630824636,25,25,0.7500000000000953,0.7499999999995921,-0.4321693919996621,1.6852817637754445,1.3651517499607038
8,23,w8,9.05314756574576e7,0.0,1001.6649847387193,1,1,0.0,0.0,4.3210393343288254e-10,0.14374192603756467,0.20043782274681987
8,23,w8,9.05314756574576e7,0.0,1001.6649847387193,2,2,1.0,0.0,5.26105064706531e-10,-2.563226513607185,0.9835463575492857
8,23,w8,9.05314756574576e7,0.0,1001.6649847387193,3,3,1.0,1.0,-4.320960583346176e-10,0.14378842127004945,0.2003594577211071
8,23,w8,9.05314756574576e7,0.0,1001.6649847387193,4,4,0.0,1.0,-5.261056480471432e-10,-2.56318164609055,0.9835624994782279
8,23,w8,9.05314756574576e7,0.0,1001.6649847387193,5,5,0.24999999999941094,0.0,-1.4678813161324786e-9,-2.7484390736423316,-4.565170232139946
8,23,w8,9.05314756574576e7,0.0,1001.6649847387193,6,6,0.4999999999986921,0.0,-1.3613978207713278e-9,1.581236280768334,-4.870915991431925
8,23,w8,9.05314756574576e7,0.0,1001.6649847387193,7,7,0.7499999999993406,0.0,1.0185913765870055e-9,2.383740465269859,0.5304475324405158
8,23,w8,9.05314756574576e7,0.0,1001.6649847387193,8,8,1.0,0.24999999999941094,-1.6400971004470744e-9,2.08983227174796,-2.4052488052008245
8,23,w8,9.05314756574576e7,0.0,1001.6649847387193,9,9,1.0,0.4999999999986921,3.815445233890174e-9,0.7201390016052106,3.2543198002535023
8,23,w8,9.05314756574576e7,0.0,1001.6649847387193,10,10,1.0,0.7499999999993406,-3.504755023783572e-9,-3.0514568708075926,-1.62124437807096
8,23,w8,9.05314756574576e7,0.0,1001.6649847387193,11,11,0.7500000000003471,1.0,1.467877816088805e-9,-2.74846196699863,-4.565105759148809
8,23,w8,9.05314756574576e7,0.0,1001.6649847387193,12,12,0.5000000000020595,1.0,1.3613994041244182e-9,1.581253119892903,-4.870941229890395
8,23,w8,9.05314756574576e7,0.0,1001.6649847387193,13,13,0.2500000000010405,1.0,-1.0185942099556936e-9,2.3836947797249515,0.5304767878147737
8,23,w8,9.05314756574576e7,0.0,1001.6649847387193,14,14,0.0,0.7500000000003471,1.64009848067263e-9,2.089800837962509,-2.4052804568539727
8,23,w8,9.05314756574576e7,0.0,1001.6649847387193,15,15,0.0,0.5000000000020595,-3.8154461505682786e-9,0.7201750195888886,3.2543564094205286
8,23,w8,9.05314756574576e7,0.0,1001.6649847387193,16,16,0.0,0.2500000000010405,3.504755607124184e-9,-3.0514775063683093,-1.6212715370331707
8,23,w8,9.05314756574576e7,0.0,1001.6649847387193,17,17,0.24999999999981837,0.25000000000063316,-1.0,0.3343211421579061,1.681608364711404
8,23,w8,9.05314756574576e7,0.0,1001.6649847387193,18,18,0.2500000000002257,0.5000000000012177,0.8767295548669373,0.2046107561181952,2.052006952151438
8,23,w8,9.05314756574576e7,0.0,1001.6649847387193,19,19,0.25000000000063316,0.7500000000000954,-0.13694326611553528,-0.3278400708878959,-1.610958071533958
8,23,w8,9.05314756574576e7,0.0,1001.6649847387193,20,20,0.49999999999953393,0.2500000000002257,-0.7187455706720848,0.4585742183697656,1.9785897616527746
8,23,w8,9.05314756574576e7,0.0,1001.6649847387193,21,21,0.5000000000003757,0.5000000000003757,6.546186606662508e-7,-1.1046156962441755,0.8833306046382022
8,23,w8,9.05314756574576e7,0.0,1001.6649847387193,22,22,0.5000000000012177,0.749999999999844,0.7187444025415564,0.4585809340794503,1.9785903919010384
8,23,w8,9.05314756574576e7,0.0,1001.6649847387193,23,23,0.7499999999995922,0.24999999999981837,0.136942697367758,-0.3278626885066307,-1.610951620370148
8,23,w8,9.05314756574576e7,0.0,1001.6649847387193,24,24,0.749999999999844,0.49999999999953393,-0.8767291992757896,0.20461918132596568,2.052015258819696
8,23,w8,9.05314756574576e7,0.0,1001.6649847387193,25,25,0.7500000000000953,0.7499999999995921,0.9999996989387143,0.33432075265901445,1.6815870102109216
9,24,w9,1.3459270372325113e8,0.0,1489.1704519541615,1,1,0.0,0.0,2.4345960823109364e-8,-154.3382478990842,-233.37071243611373
9,24,w9,1.3459270372325113e8,0.0,1489.1704519541615,2,2,1.0,0.0,3.687949034322791e-8,-308.5710387464453,-374.4814967323275
9,24,w9,1.3459270372325113e8,0.0,1489.1704519541615,3,3,1.0,1.0,-2.4350090080979032e-8,-154.37031761711523,-233.40596707393016
9,24,w9,1.3459270372325113e8,0.0,1489.1704519541615,4,4,0.0,1.0,-3.6881479953482736e-8,-308.59197860748975,-374.5060224909684
9,24,w9,1.3459270372325113e8,0.0,1489.1704519541615,5,5,0.24999999999941094,0.0,-4.8126262134058126e-8,197.26212553812078,265.1734212008823
9,24,w9,1.3459270372325113e8,0.0,1489.1704519541615,6,6,0.4999999999986921,0.0,5.9278213184892425e-8,-228.46577900760687,-295.3628242536751
9,24,w9,1.3459270372325113e8,0.0,1489.1704519541615,7,7,0.7499999999993406,0.0,-5.988001662529048e-8,258.578949800544,327.36079501440327
9,24,w9,1.3459270372325113e8,0.0,1489.1704519541615,8,8,1.0,0.24999999999941094,-1.0568694812508674e-8,-201.90273391030058,-273.26985408756593
9,24,w9,1.3459270372325113e8,0.0,1489.1704519541615,9,9,1.0,0.4999999999986921,7.345082548546489e-10,-213.30674972331482,-276.4109815395952
9,24,w9,1.3459270372325113e8,0.0,1489.1704519541615,10,10,1.0,0.7499999999993406,4.2240297936753116e-9,-229.54523125447568,-289.55748624313424
9,24,w9,1.3459270372325113e8,0.0,1489.1704519541615,11,11,0.7500000000003471,1.0,4.8131617534563635e-8,197.28626955418764,265.1961288085313
9,24,w9,1.3459270372325113e8,0.0,1489.1704519541615,12,12,0.5000000000020595,1.0,-5.928296125713685e-8,-228.47756251030356,-295.3763837311379
9,24,w9,1.3459270372325113e8,0.0,1489.1704519541615,13,13,0.2500000000010405,1.0,5.988370941084012e-8,258.5866061170614,327.38317016884713
9,24,w9,1.3459270372325113e8,0.0,1489.1704519541615,14,14,0.0,0.7500000000003471,1.0571020750529832e-8,-201.9158407017704,-273.284615273028
9,24,w9,1.3459270372325113e8,0.0,1489.1704519541615,15,15,0.0,0.5000000000020595,-7.380574639832323e-10,-213.2962983044997,-276.40323148886984
9,24,w9,1.3459270372325113e8,0.0,1489.1704519541615,16,16,0.0,0.2500000000010405,-4.22038869563725e-9,-229.548816851833,-289.56072321748303
9,24,w9,1.3459270372325113e8,0.0,1489.1704519541615,17,17,0.24999999999981837,0.25000000000063316,0.2669936817960258,223.87574855273445,286.862241387101
9,24,w9,1.3459270372325113e8,0.0,1489.1704519541615,18,18,0.2500000000002257,0.5000000000012177,-0.6982216362278136,210.45115989348866,274.3934994101104
9,24,w9,1.3459270372325113e8,0.0,1489.1704519541615,19,19,0.25000000000063316,0.7500000000000954,1.0,217.3530047366128,285.8654104928419
9,24,w9,1.3459270372325113e8,0.0,1489.1704519541615,20,20,0.49999999999953393,0.2500000000002257,0.010763452813441104,-222.64803175615347,-289.25066339624374
9,24,w9,1.3459270372325113e8,0.0,1489.1704519541615,21,21,0.5000000000003757,0.5000000000003757,0.00030906272467385687,-209.2066703656844,-269.7274266361838
9,24,w9,1.3459270372325113e8,0.0,1489.1704519541615,22,22,0.5000000000012177,0.749999999999844,-0.010917882923436059,-222.65824748743847,-289.26332434475864
9,24,w9,1.3459270372325113e8,0.0,1489.1704519541615,23,23,0.7499999999995922,0.24999999999981837,-0.9998801478292633,217.33930098448755,285.852356179063
9,24,w9,1.3459270372325113e8,0.0,1489.1704519541615,24,24,0.749999999999844,0.49999999999953393,0.6986293441801429,210.45835834139834,274.3991165251317
9,24,w9,1.3459270372325113e8,0.0,1489.1704519541615,25,25,0.7500000000000953,0.7499999999995921,-0.26694665320950617,223.87686520880288,286.86626069717335
10,25,w10,1.368173906490636e8,0.0,1513.7849960053807,1,1,0.0,0.0,-1.6189724496064855e-8,99.79197514841036,147.2387701217334
10,25,w10,1.368173906490636e8,0.0,1513.7849960053807,2,2,1.0,0.0,-2.1607991613670752e-8,188.21314459419958,227.06175105729005
10,25,w10,1.368173906490636e8,0.0,1513.7849960053807,3,3,1.0,1.0,-1.6189662896768385e-8,-99.79194040837932,-147.23832865097177
10,25,w10,1.368173906490636e8,0.0,1513.7849960053807,4,4,0.0,1.0,-2.1607824315581478e-8,-188.21088307491084,-227.05765935937444
10,25,w10,1.368173906490636e8,0.0,1513.7849960053807,5,5,0.24999999999941094,0.0,3.0737701742635754e-8,-124.36281712381806,-163.77440582510977
10,25,w10,1.368173906490636e8,0.0,1513.7849960053807,6,6,0.4999999999986921,0.0,-3.611516650124814e-8,141.46943807004925,182.41371414331553
10,25,w10,1.368173906490636e8,0.0,1513.7849960053807,7,7,0.7499999999993406,0.0,3.4699924239825436e-8,-159.30495480152817,-200.42858197073096
10,25,w10,1.368173906490636e8,0.0,1513.7849960053807,8,8,1.0,0.24999999999941094,9.179960105056635e-9,71.8307028222217,109.43130081826831
10,25,w10,1.368173906490636e8,0.0,1513.7849960053807,9,9,1.0,0.4999999999986921,-4.357203836081182e-9,-19.91085401769487,-18.98868195678041
10,25,w10,1.368173906490636e8,0.0,1513.7849960053807,10,10,1.0,0.7499999999993406,3.6524070856123936e-9,-120.23321884574966,-143.2693742887645
10,25,w10,1.368173906490636e8,0.0,1513.7849960053807,11,11,0.7500000000003471,1.0,3.073776474191623e-8,124.36151100375199,163.77343515877334
10,25,w10,1.368173906490636e8,0.0,1513.7849960053807,12,12,0.5000000000020595,1.0,-3.611483120507758e-8,-141.46705992349814,-182.41106080166864
10,25,w10,1.368173906490636e8,0.0,1513.7849960053807,13,13,0.2500000000010405,1.0,3.469943809537772e-8,159.3027333536003,200.4257517337691
10,25,w10,1.368173906490636e8,0.0,1513.7849960053807,14,14,0.0,0.7500000000003471,9.180115153285819e-9,-71.8309963145868,-109.43361496609312
10,25,w10,1.368173906490636e8,0.0,1513.7849960053807,15,15,0.0,0.5000000000020595,-4.357591631652142e-9,19.905788324101554,18.982971126342903
10,25,w10,1.368173906490636e8,0.0,1513.7849960053807,16,16,0.0,0.2500000000010405,3.652801181111402e-9,120.23354151117888,143.26901358884714
10,25,w10,1.368173906490636e8,0.0,1513.7849960053807,17,17,0.24999999999981837,0.25000000000063316,0.43989535039801264,-109.01005378073921,-135.35984151759237
10,25,w10,1.368173906490636e8,0.0,1513.7849960053807,18,18,0.2500000000002257,0.5000000000012177,1.0,-9.003928610783491,-9.665662712189514
10,25,w10,1.368173906490636e8,0.0,1513.7849960053807,19,19,0.25000000000063316,0.7500000000000954,0.9286497954285221,90.11534553030278,117.81323865627975
10,25,w10,1.368173906490636e8,0.0,1513.7849960053807,20,20,0.49999999999953393,0.2500000000002257,-0.26725711042014777,101.35525397811348,130.50172378284148
10,25,w10,1.368173906490636e8,0.0,1513.7849960053807,21,21,0.5000000000003757,0.5000000000003757,0.15910002962792702,-0.0014512117495298035,-0.002378116779467105
10,25,w10,1.368173906490636e8,0.0,1513.7849960053807,22,22,0.5000000000012177,0.749999999999844,-0.2672390867250361,-101.35626164762078,-130.50289906067766
10,25,w10,1.368173906490636e8,0.0,1513.7849960053807,23,23,0.7499999999995922,0.24999999999981837,0.9287483912085993,-90.11470398888362,-117.81209801294852
10,25,w10,1.368173906490636e8,0.0,1513.7849960053807,24,24,0.749999999999844,0.49999999999953393,0.9999040125160924,9.008367701139576,9.67058665016871
10,25,w10,1.368173906490636e8,0.0,1513.7849960053807,25,25,0.7500000000000953,0.7499999999995921,0.4399098319174538,109.01017139737917,135.36040884239642
11,26,w11,1.459907360042147e8,0.0,1615.2813956657294,1,1,0.0,0.0,5.7429521928888385e-9,-41.9154811672334,-55.673769989384596
11,26,w11,1.459907360042147e8,0.0,1615.2813956657294,2,2,1.0,0.0,5.5030845686489476e-9,-58.53907832052385,-74.89168820857077
11,26,w11,1.459907360042147e8,0.0,1615.2813956657294,3,3,1.0,1.0,-5.742903024864157e-9,-41.9147217734048,-55.67385478799356
11,26,w11,1.459907360042147e8,0.0,1615.2813956657294,4,4,0.0,1.0,-5.50306757865089e-9,-58.5385321023833,-74.89144945542432
11,26,w11,1.459907360042147e8,0.0,1615.2813956657294,5,5,0.24999999999941094,0.0,-1.051733600228262e-8,47.46461794694249,57.63586393798891
11,26,w11,1.459907360042147e8,0.0,1615.2813956657294,6,6,0.4999999999986921,0.0,1.0853252976600709e-8,-51.78809648873028,-65.98400305549993
11,26,w11,1.459907360042147e8,0.0,1615.2813956657294,7,7,0.7499999999993406,0.0,-1.0625080391781168e-8,54.60666429837466,63.566908530794244
11,26,w11,1.459907360042147e8,0.0,1615.2813956657294,8,8,1.0,0.24999999999941094,-3.995378240132957e-10,17.876215600565214,16.22759224580116
11,26,w11,1.459907360042147e8,0.0,1615.2813956657294,9,9,1.0,0.4999999999986921,1.0333811072964069e-9,50.887213884850354,65.80379092038945
11,26,w11,1.459907360042147e8,0.0,1615.2813956657294,10,10,1.0,0.7499999999993406,-3.601372462456817e-10,-15.413040940666017,-12.718188057593425
11,26,w11,1.459907360042147e8,0.0,1615.2813956657294,11,11,0.7500000000003471,1.0,1.0517154775636674e-8,47.46393383510248,57.63537675317457
11,26,w11,1.459907360042147e8,0.0,1615.2813956657294,12,12,0.5000000000020595,1.0,-1.0853036225413372e-8,-51.787589766067754,-65.98343934734778
11,26,w11,1.459907360042147e8,0.0,1615.2813956657294,13,13,0.2500000000010405,1.0,1.0624986174519214e-8,54.605847047472636,63.56681330187597
11,26,w11,1.459907360042147e8,0.0,1615.2813956657294,14,14,0.0,0.7500000000003471,3.9955835359428164e-10,17.876240923384916,16.227299758397468
11,26,w11,1.459907360042147e8,0.0,1615.2813956657294,15,15,0.0,0.5000000000020595,-1.0334346515327089e-9,50.886882721538676,65.803523044278
11,26,w11,1.459907360042147e8,0.0,1615.2813956657294,16,16,0.0,0.2500000000010405,3.601353155640843e-10,-15.413484470146514,-12.719256449225261
11,26,w11,1.459907360042147e8,0.0,1615.2813956657294,17,17,0.24999999999981837,0.25000000000063316,-0.7687476796076796,5.967491463012864,5.770234544536848
11,26,w11,1.459907360042147e8,0.0,1615.2813956657294,18,18,0.2500000000002257,0.5000000000012177,-0.21872946434427712,-52.793308466110446,-62.74294038969293
11,26,w11,1.459907360042147e8,0.0,1615.2813956657294,19,19,0.25000000000063316,0.7500000000000954,1.0,-7.339564802507695,-7.691884637750247
11,26,w11,1.459907360042147e8,0.0,1615.2813956657294,20,20,0.49999999999953393,0.2500000000002257,-0.18238935543818635,0.5274061751553356,0.3881342718381949
11,26,w11,1.459907360042147e8,0.0,1615.2813956657294,21,21,0.5000000000003757,0.5000000000003757,3.5480581299175446e-6,53.87015519540511,69.30462862370973
11,26,w11,1.459907360042147e8,0.0,1615.2813956657294,22,22,0.5000000000012177,0.749999999999844,0.18238710450023418,0.5277245783563371,0.38868748694431665
11,26,w11,1.459907360042147e8,0.0,1615.2813956657294,23,23,0.7499999999995922,0.24999999999981837,-0.9999986118927094,-7.339536396941063,-7.691565431003481
11,26,w11,1.459907360042147e8,0.0,1615.2813956657294,24,24,0.749999999999844,0.49999999999953393,0.2187357527718838,-52.79328223988328,-62.74319217375751
11,26,w11,1.459907360042147e8,0.0,1615.2813956657294,25,25,0.7500000000000953,0.7499999999995921,0.7687430727344179,5.966815818203445,5.769485797278715
12,27,w12,1.6248539971081424e8,0.0,1797.7828621441486,1,1,0.0,0.0,-3.336476470359262e-9,46.13193537436561,51.9158718327902
12,27,w12,1.6248539971081424e8,0.0,1797.7828621441486,2,2,1.0,0.0,-1.6665297375465415e-9,50.55673275587628,54.71287422647303
12,27,w12,1.6248539971081424e8,0.0,1797.7828621441486,3,3,1.0,1.0,-3.336681490075233e-9,-46.13328905525598,-51.9172073031002
12,27,w12,1.6248539971081424e8,0.0,1797.7828621441486,4,4,0.0,1.0,-1.6666232553117215e-9,-50.55727268722361,-54.713395651603115
12,27,w12,1.6248539971081424e8,0.0,1797.7828621441486,5,5,0.24999999999941094,0.0,5.717129443840222e-9,-48.24272749411624,-52.473063303329546
12,27,w12,1.6248539971081424e8,0.0,1797.7828621441486,6,6,0.4999999999986921,0.0,-6.347906769976851e-9,46.64380829552509,49.93399398159369
12,27,w12,1.6248539971081424e8,0.0,1797.7828621441486,7,7,0.7499999999993406,0.0,3.3631829192541037e-9,-47.193701574438094,-54.74725240039187
12,27,w12,1.6248539971081424e8,0.0,1797.7828621441486,8,8,1.0,0.24999999999941094,2.556005976867017e-9,-42.57038858239214,-45.87213713048558
12,27,w12,1.6248539971081424e8,0.0,1797.7828621441486,9,9,1.0,0.4999999999986921,-3.2558675288092204e-9,11.592222652995128,11.395844444446173
12,27,w12,1.6248539971081424e8,0.0,1797.7828621441486,10,10,1.0,0.7499999999993406,2.9704821073988375e-9,25.217911448164116,29.61811357176761
12,27,w12,1.6248539971081424e8,0.0,1797.7828621441486,11,11,0.7500000000003471,1.0,5.717585118143152e-9,48.24403412434283,52.47429284322975
12,27,w12,1.6248539971081424e8,0.0,1797.7828621441486,12,12,0.5000000000020595,1.0,-6.34820216022552e-9,-46.64448337318727,-49.93476523015443
12,27,w12,1.6248539971081424e8,0.0,1797.7828621441486,13,13,0.2500000000010405,1.0,3.3633278710876247e-9,47.19418292093536,54.74761707332771
12,27,w12,1.6248539971081424e8,0.0,1797.7828621441486,14,14,0.0,0.7500000000003471,2.556046441284643e-9,42.57032569700382,45.87198513837965
12,27,w12,1.6248539971081424e8,0.0,1797.7828621441486,15,15,0.0,0.5000000000020595,-3.25594576001663e-9,-11.591053728630062,-11.394335535651868
12,27,w12,1.6248539971081424e8,0.0,1797.7828621441486,16,16,0.0,0.2500000000010405,2.9704762625385136e-9,-25.218439382875992,-29.618438525674012
12,27,w12,1.6248539971081424e8,0.0,1797.7828621441486,17,17,0.24999999999981837,0.25000000000063316,0.16076251787598642,29.457968197167883,32.809404184762656
12,27,w12,1.6248539971081424e8,0.0,1797.7828621441486,18,18,0.2500000000002257,0.5000000000012177,-0.09350903955662962,6.479562267291702,7.207509171450279
12,27,w12,1.6248539971081424e8,0.0,1797.7828621441486,19,19,0.25000000000063316,0.7500000000000954,-0.007625944474976157,-38.49894806152031,-43.612137952295015
12,27,w12,1.6248539971081424e8,0.0,1797.7828621441486,20,20,0.49999999999953393,0.2500000000002257,-0.6833303141935584,-33.73707883456193,-35.728398930290325
12,27,w12,1.6248539971081424e8,0.0,1797.7828621441486,21,21,0.5000000000003757,0.5000000000003757,1.0,0.0006493702194805256,0.0008036865740741755
12,27,w12,1.6248539971081424e8,0.0,1797.7828621441486,22,22,0.5000000000012177,0.749999999999844,-0.6833221705212652,33.73673127151317,35.72795099268882
12,27,w12,1.6248539971081424e8,0.0,1797.7828621441486,23,23,0.7499999999995922,0.24999999999981837,-0.007629862309102825,38.49922343691146,43.61241142953629
12,27,w12,1.6248539971081424e8,0.0,1797.7828621441486,24,24,0.749999999999844,0.49999999999953393,-0.09352342173976663,-6.480604276564145,-7.20889851783708
12,27,w12,1.6248539971081424e8,0.0,1797.7828621441486,25,25,0.7500000000000953,0.7499999999995921,0.16079157823169163,-29.457739199266154,-32.8089821069781
13,28,w13,1.7433601027647492e8,0.0,1928.9012556663158,1,1,0.0,0.0,5.3634118606124174e-9,-2.635878823880719e6,-2.6358695436708275e6
13,28,w13,1.7433601027647492e8,0.0,1928.9012556663158,2,2,1.0,0.0,-5.820696975895846e-9,-2.6357914974129735e6,-2.635794693753899e6
13,28,w13,1.7433601027647492e8,0.0,1928.9012556663158,3,3,1.0,1.0,-8.959688021485484e-9,-2.635868021039526e6,-2.6358801003119773e6
13,28,w13,1.7433601027647492e8,0.0,1928.9012556663158,4,4,0.0,1.0,4.9477861943908274e-9,-2.635816405352733e6,-2.6357939361111326e6
13,28,w13,1.7433601027647492e8,0.0,1928.9012556663158,5,5,0.24999999999941094,0.0,-1.7105563549669952e-8,2.635876769342876e6,2.635862784785497e6
13,28,w13,1.7433601027647492e8,0.0,1928.9012556663158,6,6,0.4999999999986921,0.0,2.4801904557745285e-10,-2.63581040985314e6,-2.63581529747614e6
13,28,w13,1.7433601027647492e8,0.0,1928.9012556663158,7,7,0.7499999999993406,0.0,9.335107475240418e-9,2.635797405612398e6,2.635795551396578e6
13,28,w13,1.7433601027647492e8,0.0,1928.9012556663158,8,8,1.0,0.24999999999941094,3.1002380697181605e-9,2.635860043655678e6,2.6358626615171647e6
13,28,w13,1.7433601027647492e8,0.0,1928.9012556663158,9,9,1.0,0.4999999999986921,1.3641047506759908e-9,-2.6358783822712703e6,-2.63587212538652e6
13,28,w13,1.7433601027647492e8,0.0,1928.9012556663158,10,10,1.0,0.7499999999993406,-3.332755924947023e-10,2.6358548607788044e6,2.6358486001329357e6
13,28,w13,1.7433601027647492e8,0.0,1928.9012556663158,11,11,0.7500000000003471,1.0,6.25473030565639e-9,2.635871788927518e6,2.6358265063345158e6
13,28,w13,1.7433601027647492e8,0.0,1928.9012556663158,12,12,0.5000000000020595,1.0,3.57302437535018e-9,-2.6358517351453207e6,-2.6357925935410922e6
13,28,w13,1.7433601027647492e8,0.0,1928.9012556663158,13,13,0.2500000000010405,1.0,-9.176704686365756e-9,2.6358038535037944e6,2.635791332320597e6
13,28,w13,1.7433601027647492e8,0.0,1928.9012556663158,14,14,0.0,0.7500000000003471,4.960380911549057e-10,2.6358565241309255e6,2.6358585730319587e6
13,28,w13,1.7433601027647492e8,0.0,1928.9012556663158,15,15,0.0,0.5000000000020595,-3.0072309276266157e-9,-2.6358867008123924e6,-2.635902209138949e6
13,28,w13,1.7433601027647492e8,0.0,1928.9012556663158,16,16,0.0,0.2500000000010405,4.030309490633609e-9,2.635817550730318e6,2.6358523578534327e6
13,28,w13,1.7433601027647492e8,0.0,1928.9012556663158,17,17,0.24999999999981837,0.25000000000063316,-0.39762330602870183,-2.6358422951054755e6,-2.635835744257583e6
13,28,w13,1.7433601027647492e8,0.0,1928.9012556663158,18,18,0.2500000000002257,0.5000000000012177,0.804128633193788,2.635883715892933e6,2.6358945533496435e6
13,28,w13,1.7433601027647492e8,0.0,1928.9012556663158,19,19,0.25000000000063316,0.7500000000000954,-0.6236596486921195,-2.6358566698510405e6,-2.6358601753570493e6
13,28,w13,1.7433601027647492e8,0.0,1928.9012556663158,20,20,0.49999999999953393,0.2500000000002257,-1.0,2.6358442446069163e6,2.635839366865103e6
13,28,w13,1.7433601027647492e8,0.0,1928.9012556663158,21,21,0.5000000000003757,0.5000000000003757,0.25117843222123654,-2.635874522082806e6,-2.6358784876242424e6
13,28,w13,1.7433601027647492e8,0.0,1928.9012556663158,22,22,0.5000000000012177,0.749999999999844,0.766412724609023,2.6358639093150785e6,2.6358434879414155e6
13,28,w13,1.7433601027647492e8,0.0,1928.9012556663158,23,23,0.7499999999995922,0.24999999999981837,0.8257491189868857,-2.6358412442723108e6,-2.6358594052339545e6
13,28,w13,1.7433601027647492e8,0.0,1928.9012556663158,24,24,0.749999999999844,0.49999999999953393,-0.6245838183293324,2.635877860898514e6,2.635871173294388e6
13,28,w13,1.7433601027647492e8,0.0,1928.9012556663158,25,25,0.7500000000000953,0.7499999999995921,0.6705685297494662,-2.635868602540214e6,-2.6358386106882864e6
14,29,w14,1.899894129244401e8,0.0,2102.094779914271,1,1,0.0,0.0,-1.3745163288152366e-8,60.58232640917406,78.01155371950001
14,29,w14,1.899894129244401e8,0.0,2102.094779914271,2,2,1.0,0.0,7.616795543578661e-9,-91.66015893664472,-110.25436316570398
14,29,w14,1.899894129244401e8,0.0,2102.094779914271,3,3,1.0,1.0,-1.3746827678217001e-8,-60.586694938562815,-78.02118253317582
14,29,w14,1.899894129244401e8,0.0,2102.094779914271,4,4,0.0,1.0,7.617619140285921e-9,91.67151206354075,110.26870100028745
14,29,w14,1.899894129244401e8,0.0,2102.094779914271,5,5,0.24999999999941094,0.0,2.1321814077324825e-8,-53.167650361623046,-62.85955708908028
14,29,w14,1.899894129244401e8,0.0,2102.094779914271,6,6,0.4999999999986921,0.0,-1.1662115479301624e-8,7.789227045739565,5.692796647393281
14,29,w14,1.899894129244401e8,0.0,2102.094779914271,7,7,0.7499999999993406,0.0,-3.4352473538757974e-9,52.13370528900007,68.42612276365942
14,29,w14,1.899894129244401e8,0.0,2102.094779914271,8,8,1.0,0.24999999999941094,-3.888046513458077e-9,-53.33659647313047,-70.99808731052433
14,29,w14,1.899894129244401e8,0.0,2102.094779914271,9,9,1.0,0.4999999999986921,1.5501820443560898e-9,-53.15921138107147,-68.56327339740093
14,29,w14,1.899894129244401e8,0.0,2102.094779914271,10,10,1.0,0.7499999999993406,2.2421265722945926e-9,-64.49185070761978,-77.66681298498087
14,29,w14,1.899894129244401e8,0.0,2102.094779914271,11,11,0.7500000000003471,1.0,2.1324491630294465e-8,53.173613245533026,62.868404183138296
14,29,w14,1.899894129244401e8,0.0,2102.094779914271,12,12,0.5000000000020595,1.0,-1.166324592873436e-8,-7.78937488521005,-5.6917030024665705
14,29,w14,1.899894129244401e8,0.0,2102.094779914271,13,13,0.2500000000010405,1.0,-3.4360079985603184e-9,-52.141664688262026,-68.43833741280896
14,29,w14,1.899894129244401e8,0.0,2102.094779914271,14,14,0.0,0.7500000000003471,-3.887963908120921e-9,53.33820067461823,71.00159055558562
14,29,w14,1.899894129244401e8,0.0,2102.094779914271,15,15,0.0,0.5000000000020595,1.5493986755267751e-9,53.162020674138155,68.56453686461357
14,29,w14,1.899894129244401e8,0.0,2102.094779914271,16,16,0.0,0.2500000000010405,2.2422196184550327e-9,64.48173248142771,77.65677530921828
14,29,w14,1.899894129244401e8,0.0,2102.094779914271,17,17,0.24999999999981837,0.25000000000063316,-0.37843383299306377,-42.96362171651372,-54.028396551767514
14,29,w14,1.899894129244401e8,0.0,2102.094779914271,18,18,0.2500000000002257,0.5000000000012177,-0.4499811769358566,-37.595875937555256,-49.41496924036445
14,29,w14,1.899894129244401e8,0.0,2102.094779914271,19,19,0.25000000000063316,0.7500000000000954,-0.659233037990854,-41.386463093102954,-51.08015934785424
14,29,w14,1.899894129244401e8,0.0,2102.094779914271,20,20,0.49999999999953393,0.2500000000002257,0.9999115101108785,-1.5137634880598092,-1.0802945685093472
14,29,w14,1.899894129244401e8,0.0,2102.094779914271,21,21,0.5000000000003757,0.5000000000003757,0.18276647352998007,-0.0010243377684725258,-0.0014510325141056522
14,29,w14,1.899894129244401e8,0.0,2102.094779914271,22,22,0.5000000000012177,0.749999999999844,1.0,1.5153960181675679,1.0814820672977052
14,29,w14,1.899894129244401e8,0.0,2102.094779914271,23,23,0.7499999999995922,0.24999999999981837,-0.6591253876580405,41.38417901198648,51.07848145591498
14,29,w14,1.899894129244401e8,0.0,2102.094779914271,24,24,0.749999999999844,0.49999999999953393,-0.44997678354859666,37.59597783870543,49.41516471425202
14,29,w14,1.899894129244401e8,0.0,2102.094779914271,25,25,0.7500000000000953,0.7499999999995921,-0.37844200898160973,42.967434280839385,54.03220295845356
15,30,w15,1.9276385038458037e8,0.0,2132.7919140986846,1,1,0.0,0.0,1.5062758582622527e-8,-67.77692029409302,-85.51897227158832
15,30,w15,1.9276385038458037e8,0.0,2132.7919140986846,2,2,1.0,0.0,-7.563794311671568e-9,93.90732976865468,114.35503513677278
15,30,w15,1.9276385038458037e8,0.0,2132.7919140986846,3,3,1.0,1.0,-1.5062577864716512e-8,-67.77387499648914,-85.52096914903677
15,30,w15,1.9276385038458037e8,0.0,2132.7919140986846,4,4,0.0,1.0,7.564030000803747e-9,93.91160325557514,114.35774000502798
15,30,w15,1.9276385038458037e8,0.0,2132.7919140986846,5,5,0.24999999999941094,0.0,-2.3163332762696693e-8,58.61959231485182,68.17741235205088
15,30,w15,1.9276385038458037e8,0.0,2132.7919140986846,6,6,0.4999999999986921,0.0,1.3231345182564092e-8,-7.770015000811311,-5.278448711108456
15,30,w15,1.9276385038458037e8,0.0,2132.7919140986846,7,7,0.7499999999993406,0.0,3.686919314263979e-9,-54.9273219022619,-68.39043992070411
15,30,w15,1.9276385038458037e8,0.0,2132.7919140986846,8,8,1.0,0.24999999999941094,3.2417321249689766e-9,37.6091438892313,51.3085632825467
15,30,w15,1.9276385038458037e8,0.0,2132.7919140986846,9,9,1.0,0.4999999999986921,-4.2530138258712236e-10,-8.429877621853239,-11.467684017956804
15,30,w15,1.9276385038458037e8,0.0,2132.7919140986846,10,10,1.0,0.7499999999993406,4.499338859602478e-9,-55.9415227077896,-65.42776237001887
15,30,w15,1.9276385038458037e8,0.0,2132.7919140986846,11,11,0.7500000000003471,1.0,2.3163484620708972e-8,58.619058523427306,68.18117267425164
15,30,w15,1.9276385038458037e8,0.0,2132.7919140986846,12,12,0.5000000000020595,1.0,-1.3231632956933063e-8,-7.771693799630582,-5.280419022208198
15,30,w15,1.9276385038458037e8,0.0,2132.7919140986846,13,13,0.2500000000010405,1.0,-3.686948998726108e-9,-54.93015528157156,-68.390216205762
15,30,w15,1.9276385038458037e8,0.0,2132.7919140986846,14,14,0.0,0.7500000000003471,-3.2417830764242277e-9,37.609683546423575,51.309931297080254
15,30,w15,1.9276385038458037e8,0.0,2132.7919140986846,15,15,0.0,0.5000000000020595,4.252268965756698e-10,-8.428018869724463,-11.465229674275815
15,30,w15,1.9276385038458037e8,0.0,2132.7919140986846,16,16,0.0,0.2500000000010405,-4.4995476128338366e-9,-55.93842735848742,-65.42589820425965
15,30,w15,1.9276385038458037e8,0.0,2132.7919140986846,17,17,0.24999999999981837,0.25000000000063316,0.24104202817775533,34.58514506549986,43.24306540107939
15,30,w15,1.9276385038458037e8,0.0,2132.7919140986846,18,18,0.2500000000002257,0.5000000000012177,-0.14606637131199587,3.123055596053252,5.116178725183407
15,30,w15,1.9276385038458037e8,0.0,2132.7919140986846,19,19,0.25000000000063316,0.7500000000000954,-1.0,-33.64232026123161,-40.380943487908574
15,30,w15,1.9276385038458037e8,0.0,2132.7919140986846,20,20,0.49999999999953393,0.2500000000002257,-0.5539395927101199,4.1958419757764895,2.046860161916647
15,30,w15,1.9276385038458037e8,0.0,2132.7919140986846,21,21,0.5000000000003757,0.5000000000003757,2.806727867726115e-5,1.2452207366610153,-3.400050134592466
15,30,w15,1.9276385038458037e8,0.0,2132.7919140986846,22,22,0.5000000000012177,0.749999999999844,0.5539318873692607,4.196968615347187,2.047405233603691
15,30,w15,1.9276385038458037e8,0.0,2132.7919140986846,23,23,0.7499999999995922,0.24999999999981837,0.9999656538649953,-33.64115777138374,-40.378730144090454
15,30,w15,1.9276385038458037e8,0.0,2132.7919140986846,24,24,0.749999999999844,0.49999999999953393,0.14608414379328508,3.1233440133455166,5.117588856718502
15,30,w15,1.9276385038458037e8,0.0,2132.7919140986846,25,25,0.7500000000000953,0.7499999999995921,-0.24107667561705698,34.58719434325052,43.24426712048223
16,31,w16,2.0617653411959827e8,0.0,2281.1935120089606,1,1,0.0,0.0,1.0305234625897679e-8,-53.770679718061054,-63.01138334804671
16,31,w16,2.0617653411959827e8,0.0,2281.1935120089606,2,2,1.0,0.0,-2.815061135569986e-9,64.41158642346552,73.28181237988989
16,31,w16,2.0617653411959827e8,0.0,2281.1935120089606,3,3,1.0,1.0,1.0305114918559478e-8,53.76964078956801,63.010478017651415
16,31,w16,2.0617653411959827e8,0.0,2281.1935120089606,4,4,0.0,1.0,-2.815061452815582e-9,-64.41168767020365,-73.28130048968086
16,31,w16,2.0617653411959827e8,0.0,2281.1935120089606,5,5,0.24999999999941094,0.0,-1.5939711833081653e-8,42.452212708029975,46.14978488903398
16,31,w16,2.0617653411959827e8,0.0,2281.1935120089606,6,6,0.4999999999986921,0.0,8.76687266171243e-9,-3.6380245768566306,-6.266755401918598
16,31,w16,2.0617653411959827e8,0.0,2281.1935120089606,7,7,0.7499999999993406,0.0,5.135571707078976e-12,-39.528527467022215,-46.18870159432256
16,31,w16,2.0617653411959827e8,0.0,2281.1935120089606,8,8,1.0,0.24999999999941094,4.295389468638437e-9,-18.94735632548528,-20.164147552812743
16,31,w16,2.0617653411959827e8,0.0,2281.1935120089606,9,9,1.0,0.4999999999986921,-2.881516579773675e-9,-59.384342449030456,-70.70031736380083
16,31,w16,2.0617653411959827e8,0.0,2281.1935120089606,10,10,1.0,0.7499999999993406,-1.7363016433513716e-9,8.633488194948926,6.410418404184921
16,31,w16,2.0617653411959827e8,0.0,2281.1935120089606,11,11,0.7500000000003471,1.0,-1.593961073748508e-8,-42.452123225878296,-46.14971235083622
16,31,w16,2.0617653411959827e8,0.0,2281.1935120089606,12,12,0.5000000000020595,1.0,8.766841042901367e-9,3.638170185297305,6.266952905403852
16,31,w16,2.0617653411959827e8,0.0,2281.1935120089606,13,13,0.2500000000010405,1.0,5.229172376447815e-12,39.52898868186778,46.18886053000682
16,31,w16,2.0617653411959827e8,0.0,2281.1935120089606,14,14,0.0,0.7500000000003471,4.295264262376572e-9,18.947779508880004,20.164344103745233
16,31,w16,2.0617653411959827e8,0.0,2281.1935120089606,15,15,0.0,0.5000000000020595,-2.881433990170198e-9,59.383874071714835,70.69985087589798
16,31,w16,2.0617653411959827e8,0.0,2281.1935120089606,16,16,0.0,0.2500000000010405,-1.736379897265037e-9,-8.632805742516796,-6.409861628473181
16,31,w16,2.0617653411959827e8,0.0,2281.1935120089606,17,17,0.24999999999981837,0.25000000000063316,-0.6369485696432285,-1.335546948229702,-0.509047669147969
16,31,w16,2.0617653411959827e8,0.0,2281.1935120089606,18,18,0.2500000000002257,0.5000000000012177,-0.2933090652304167,-42.19839131436736,-46.96283579607583
16,31,w16,2.0617653411959827e8,0.0,2281.1935120089606,19,19,0.25000000000063316,0.7500000000000954,0.4189462370448941,-6.206348692205716,-10.313368028020786
16,31,w16,2.0617653411959827e8,0.0,2281.1935120089606,20,20,0.49999999999953393,0.2500000000002257,-0.42607957151899284,4.746618178929683,2.6168957901374386
16,31,w16,2.0617653411959827e8,0.0,2281.1935120089606,21,21,0.5000000000003757,0.5000000000003757,1.0,0.000189844077073783,0.00021946541950715613
16,31,w16,2.0617653411959827e8,0.0,2281.1935120089606,22,22,0.5000000000012177,0.749999999999844,-0.4260782189022676,-4.746953038133888,-2.617053075465347
16,31,w16,2.0617653411959827e8,0.0,2281.1935120089606,23,23,0.7499999999995922,0.24999999999981837,0.41894694178066755,6.205958107516103,10.31328351173093
16,31,w16,2.0617653411959827e8,0.0,2281.1935120089606,24,24,0.749999999999844,0.49999999999953393,-0.29331330953936147,42.19860883748785,46.96286980022268
16,31,w16,2.0617653411959827e8,0.0,2281.1935120089606,25,25,0.7500000000000953,0.7499999999995921,-0.6369432478811577,1.3353835465440638,0.5090418151577358
17,32,w17,2.3107528279035506e8,0.0,2556.680070978491,1,1,0.0,0.0,-9.477679861310863e-9,77.63602042396795,79.43085676602676
17,32,w17,2.3107528279035506e8,0.0,2556.680070978491,2,2,1.0,0.0,-1.6676948408587796e-9,-66.89840629497927,-68.1613473902671
17,32,w17,2.3107528279035506e8,0.0,2556.680070978491,3,3,1.0,1.0,9.477690517836088e-9,77.63595811130418,79.43108913293663
17,32,w17,2.3107528279035506e8,0.0,2556.680070978491,4,4,0.0,1.0,1.6677297634474666e-9,-66.8986950992743,-68.1613227958364
17,32,w17,2.3107528279035506e8,0.0,2556.680070978491,5,5,0.24999999999941094,0.0,1.6406888948866772e-8,-55.75206203349356,-54.13098779245154
17,32,w17,2.3107528279035506e8,0.0,2556.680070978491,6,6,0.4999999999986921,0.0,-1.1664013533339947e-8,2.21761150257507,7.226450818229124
17,32,w17,2.3107528279035506e8,0.0,2556.680070978491,7,7,0.7499999999993406,0.0,4.373097970390727e-9,46.093925611335244,43.47531163178024
17,32,w17,2.3107528279035506e8,0.0,2556.680070978491,8,8,1.0,0.24999999999941094,9.721740930260963e-10,59.7367831189816,64.04324413421638
17,32,w17,2.3107528279035506e8,0.0,2556.680070978491,9,9,1.0,0.4999999999986921,-8.85385682504882e-10,-12.351451319467294,-14.547181773913145
17,32,w17,2.3107528279035506e8,0.0,2556.680070978491,10,10,1.0,0.7499999999993406,-1.2290291550551559e-9,-45.79559725081628,-49.03871818487731
17,32,w17,2.3107528279035506e8,0.0,2556.680070978491,11,11,0.7500000000003471,1.0,-1.6406856337331748e-8,-55.75224447994593,-54.130710427730776
17,32,w17,2.3107528279035506e8,0.0,2556.680070978491,12,12,0.5000000000020595,1.0,1.1664003647165943e-8,2.2178880772091887,7.226567849858376
17,32,w17,2.3107528279035506e8,0.0,2556.680070978491,13,13,0.2500000000010405,1.0,-4.373190268096397e-9,46.09407217077561,43.47526643038155
17,32,w17,2.3107528279035506e8,0.0,2556.680070978491,14,14,0.0,0.7500000000003471,-9.720977640592788e-10,59.73688594000898,64.04338565639291
17,32,w17,2.3107528279035506e8,0.0,2556.680070978491,15,15,0.0,0.5000000000020595,8.853082943051355e-10,-12.351882692870822,-14.547638289094873
17,32,w17,2.3107528279035506e8,0.0,2556.680070978491,16,16,0.0,0.2500000000010405,1.2290488391337517e-9,-45.79547617362901,-49.038460072545604
17,32,w17,2.3107528279035506e8,0.0,2556.680070978491,17,17,0.24999999999981837,0.25000000000063316,0.9999941284727526,38.09361640659349,37.254680135003106
17,32,w17,2.3107528279035506e8,0.0,2556.680070978491,18,18,0.2500000000002257,0.5000000000012177,-0.8986064490376459,1.7783030486594102,2.5159170898736294
17,32,w17,2.3107528279035506e8,0.0,2556.680070978491,19,19,0.25000000000063316,0.7500000000000954,0.24367126568977313,-38.17343762663113,-38.14699338770169
17,32,w17,2.3107528279035506e8,0.0,2556.680070978491,20,20,0.49999999999953393,0.2500000000002257,-0.08845399922808028,-3.9195129607846875,-4.689848283668923
17,32,w17,2.3107528279035506e8,0.0,2556.680070978491,21,21,0.5000000000003757,0.5000000000003757,7.195721573570806e-6,4.924304518499169,3.4700229149735518
17,32,w17,2.3107528279035506e8,0.0,2556.680070978491,22,22,0.5000000000012177,0.749999999999844,0.08844442089407303,-3.9195422471415866,-4.690021757816916
17,32,w17,2.3107528279035506e8,0.0,2556.680070978491,23,23,0.7499999999995922,0.24999999999981837,-0.24368176073540165,-38.173195454450294,-38.14690295703169
17,32,w17,2.3107528279035506e8,0.0,2556.680070978491,24,24,0.749999999999844,0.49999999999953393,0.8986225191005472,1.7778656182129777,2.5156104410554248
17,32,w17,2.3107528279035506e8,0.0,2556.680070978491,25,25,0.7500000000000953,0.7499999999995921,-1.0,38.09390565596416,37.25464417550596
18,33,w18,2.478211924840012e8,0.0,2741.9613917115003,1,1,0.0,0.0,-5.0365787337280856e-9,92.15834334187522,85.75606176508562
18,33,w18,2.478211924840012e8,0.0,2741.9613917115003,2,2,1.0,0.0,-4.716324656794561e-9,-69.27586062648389,-59.00954598204211
18,33,w18,2.478211924840012e8,0.0,2741.9613917115003,3,3,1.0,1.0,-5.036658177919554e-9,-92.15900228845035,-85.75654411675441
18,33,w18,2.478211924840012e8,0.0,2741.9613917115003,4,4,0.0,1.0,-4.716354803027931e-9,69.27627651190299,59.010351266961784
18,33,w18,2.478211924840012e8,0.0,2741.9613917115003,5,5,0.24999999999941094,0.0,1.0868302410035615e-8,-65.4097716558818,-60.41118979686422
18,33,w18,2.478211924840012e8,0.0,2741.9613917115003,6,6,0.4999999999986921,0.0,-1.4054891122652499e-8,3.1969201654560675,2.971958312451242
18,33,w18,2.478211924840012e8,0.0,2741.9613917115003,7,7,0.7499999999993406,0.0,9.963546117585466e-9,51.070001593797315,41.72112212850337
18,33,w18,2.478211924840012e8,0.0,2741.9613917115003,8,8,1.0,0.24999999999941094,3.0716798715545916e-9,78.93729740628243,71.60206563956099
18,33,w18,2.478211924840012e8,0.0,2741.9613917115003,9,9,1.0,0.4999999999986921,-2.8568835255257784e-9,-85.2315194746597,-78.43987881456584
18,33,w18,2.478211924840012e8,0.0,2741.9613917115003,10,10,1.0,0.7499999999993406,2.761270135793338e-9,88.01195734778473,82.37819854029789
18,33,w18,2.478211924840012e8,0.0,2741.9613917115003,11,11,0.7500000000003471,1.0,1.0868310389920917e-8,65.41003623453507,60.411160204751795
18,33,w18,2.478211924840012e8,0.0,2741.9613917115003,12,12,0.5000000000020595,1.0,-1.4054972694813383e-8,-3.1971178445876927,-2.9717257616134374
18,33,w18,2.478211924840012e8,0.0,2741.9613917115003,13,13,0.2500000000010405,1.0,9.96353175379192e-9,-51.0705684876574,-41.72150023411033
18,33,w18,2.478211924840012e8,0.0,2741.9613917115003,14,14,0.0,0.7500000000003471,3.0717054071875635e-9,-78.9378395437875,-71.6025862183484
18,33,w18,2.478211924840012e8,0.0,2741.9613917115003,15,15,0.0,0.5000000000020595,-2.8568539112847624e-9,85.23164704214149,78.43999004089405
18,33,w18,2.478211924840012e8,0.0,2741.9613917115003,16,16,0.0,0.2500000000010405,2.761146713567307e-9,-88.01142109013293,-82.37819542484853
18,33,w18,2.478211924840012e8,0.0,2741.9613917115003,17,17,0.24999999999981837,0.25000000000063316,0.20146059658396195,62.06223064515283,58.16915603210399
18,33,w18,2.478211924840012e8,0.0,2741.9613917115003,18,18,0.2500000000002257,0.5000000000012177,-0.18846719135066495,-60.22661113014539,-54.91304338606086
18,33,w18,2.478211924840012e8,0.0,2741.9613917115003,19,19,0.25000000000063316,0.7500000000000954,0.19378081948656903,56.748519784208774,50.05856548285753
18,33,w18,2.478211924840012e8,0.0,2741.9613917115003,20,20,0.49999999999953393,0.2500000000002257,-0.741483266851613,-0.9799484962867068,-0.7867749762144071
18,33,w18,2.478211924840012e8,0.0,2741.9613917115003,21,21,0.5000000000003757,0.5000000000003757,1.0,-4.84524992032869e-5,6.317700538423094e-5
18,33,w18,2.478211924840012e8,0.0,2741.9613917115003,22,22,0.5000000000012177,0.749999999999844,-0.7414935485144362,0.9800740526674474,0.7866248628894836
18,33,w18,2.478211924840012e8,0.0,2741.9613917115003,23,23,0.7499999999995922,0.24999999999981837,0.1937863888429267,-56.74817766793849,-50.05835349644606
18,33,w18,2.478211924840012e8,0.0,2741.9613917115003,24,24,0.749999999999844,0.49999999999953393,-0.18847113212499889,60.22667248523991,54.913060632294105
18,33,w18,2.478211924840012e8,0.0,2741.9613917115003,25,25,0.7500000000000953,0.7499999999995921,0.20145820574940895,-62.06258140985485,-58.16924197274913
19,34,w19,3.0461485446590924e8,0.0,3370.3419869600625,1,1,0.0,0.0,-5.4068076280433564e-11,0.9841549685973094,0.8839531435967214
19,34,w19,3.0461485446590924e8,0.0,3370.3419869600625,2,2,1.0,0.0,-4.04255327718829e-12,3.413701167763984,-1.1688247961608242
19,34,w19,3.0461485446590924e8,0.0,3370.3419869600625,3,3,1.0,1.0,-5.4070003102641826e-11,-0.9842269099852063,-0.8839561719473044
19,34,w19,3.0461485446590924e8,0.0,3370.3419869600625,4,4,0.0,1.0,-4.0431152669990325e-12,-3.4136904957140537,1.1688224769878715
19,34,w19,3.0461485446590924e8,0.0,3370.3419869600625,5,5,0.24999999999941094,0.0,-5.780146491298712e-10,-1.0791351479186002,-1.9512090777591742
19,34,w19,3.0461485446590924e8,0.0,3370.3419869600625,6,6,0.4999999999986921,0.0,-1.4347800177481896e-9,-2.2592243437894197,-6.453178919975763
19,34,w19,3.0461485446590924e8,0.0,3370.3419869600625,7,7,0.7499999999993406,0.0,-1.7614773395035574e-9,1.1440250284030158,-2.9760150207533886
19,34,w19,3.0461485446590924e8,0.0,3370.3419869600625,8,8,1.0,0.24999999999941094,6.987194348557283e-9,-1.2282684986205221,1.4397841007549048
19,34,w19,3.0461485446590924e8,0.0,3370.3419869600625,9,9,1.0,0.4999999999986921,-9.22880441128517e-9,-0.44804641490848884,-1.2061714918760718
19,34,w19,3.0461485446590924e8,0.0,3370.3419869600625,10,10,1.0,0.7499999999993406,6.073992297245833e-9,1.4433247827624676,0.7180656617583261
19,34,w19,3.0461485446590924e8,0.0,3370.3419869600625,11,11,0.7500000000003471,1.0,-5.780081260338537e-10,1.0791393376030372,1.9511915374164461
19,34,w19,3.0461485446590924e8,0.0,3370.3419869600625,12,12,0.5000000000020595,1.0,-1.4347847545194516e-9,2.2592549988594355,6.453182969405234
19,34,w19,3.0461485446590924e8,0.0,3370.3419869600625,13,13,0.2500000000010405,1.0,-1.761475412681349e-9,-1.1439999615839775,2.976029012988215
19,34,w19,3.0461485446590924e8,0.0,3370.3419869600625,14,14,0.0,0.7500000000003471,6.9871870426897426e-9,1.2282996577185197,-1.4397618514170114
19,34,w19,3.0461485446590924e8,0.0,3370.3419869600625,15,15,0.0,0.5000000000020595,-9.228799654442844e-9,0.44799986579910867,1.2061205112962132
19,34,w19,3.0461485446590924e8,0.0,3370.3419869600625,16,16,0.0,0.2500000000010405,6.073991735256023e-9,-1.443265202310629,-0.718021125325042
19,34,w19,3.0461485446590924e8,0.0,3370.3419869600625,17,17,0.24999999999981837,0.25000000000063316,-0.47413630248217836,-0.353865355202346,0.7216995113134937
19,34,w19,3.0461485446590924e8,0.0,3370.3419869600625,18,18,0.2500000000002257,0.5000000000012177,0.7175093524490194,0.833508068712625,1.3482367759431686
19,34,w19,3.0461485446590924e8,0.0,3370.3419869600625,19,19,0.25000000000063316,0.7500000000000954,-0.5254907450308364,-0.3721485282517362,-2.7608337960485416
19,34,w19,3.0461485446590924e8,0.0,3370.3419869600625,20,20,0.49999999999953393,0.2500000000002257,-0.6954280233654013,1.3123838669494976,4.389001548765482
19,34,w19,3.0461485446590924e8,0.0,3370.3419869600625,21,21,0.5000000000003757,0.5000000000003757,1.0,3.001846618672686e-5,1.5162597226375538e-5
19,34,w19,3.0461485446590924e8,0.0,3370.3419869600625,22,22,0.5000000000012177,0.749999999999844,-0.6954280533563838,-1.3124268526923641,-4.389024970581932
19,34,w19,3.0461485446590924e8,0.0,3370.3419869600625,23,23,0.7499999999995922,0.24999999999981837,-0.5254905285465109,0.37213992511997096,2.7608267067031544
19,34,w19,3.0461485446590924e8,0.0,3370.3419869600625,24,24,0.749999999999844,0.49999999999953393,0.7175089631510764,-0.8335098201324471,-1.348238119552736
19,34,w19,3.0461485446590924e8,0.0,3370.3419869600625,25,25,0.7500000000000953,0.7499999999995921,-0.47413594061522907,0.3538685936355655,-0.7216861072424056
20,35,w20,4.452460254330187e8,0.0,4926.323690534051,1,1,0.0,0.0,-2.0882019014537e-8,72.73852596416756,79.8404832756711
20,35,w20,4.452460254330187e8,0.0,4926.323690534051,2,2,1.0,0.0,-3.2301939831395052e-9,90.17233992039955,102.412325439336
20,35,w20,4.452460254330187e8,0.0,4926.323690534051,3,3,1.0,1.0,2.0895637184362383e-8,72.78641378465534,79.89413282020249
20,35,w20,4.452460254330187e8,0.0,4926.323690534051,4,4,0.0,1.0,3.229917989310727e-9,90.23117927579503,102.48253719033995
20,35,w20,4.452460254330187e8,0.0,4926.323690534051,5,5,0.24999999999941094,0.0,8.416477948160772e-9,-3.7945418509122173,-3.426991253985507
20,35,w20,4.452460254330187e8,0.0,4926.323690534051,6,6,0.4999999999986921,0.0,2.8842706060049194e-8,-81.35822032764592,-90.22730795530275
20,35,w20,4.452460254330187e8,0.0,4926.323690534051,7,7,0.7499999999993406,0.0,-1.793737674915128e-8,4.338302662255156,4.805753488594445
20,35,w20,4.452460254330187e8,0.0,4926.323690534051,8,8,1.0,0.24999999999941094,4.796259895004959e-10,64.90329159488438,74.64797026530186
20,35,w20,4.452460254330187e8,0.0,4926.323690534051,9,9,1.0,0.4999999999986921,1.5975575500107913e-9,63.923074751490525,74.24618432907708
20,35,w20,4.452460254330187e8,0.0,4926.323690534051,10,10,1.0,0.7499999999993406,-5.0828292134770784e-9,70.56578166557226,77.72172906638103
20,35,w20,4.452460254330187e8,0.0,4926.323690534051,11,11,0.7500000000003471,1.0,-8.42330398746209e-9,-3.788722508093238,-3.4219893725216393
20,35,w20,4.452460254330187e8,0.0,4926.323690534051,12,12,0.5000000000020595,1.0,-2.8861350826526344e-8,-81.41695503675405,-90.27916044114917
20,35,w20,4.452460254330187e8,0.0,4926.323690534051,13,13,0.2500000000010405,1.0,1.7948612869549796e-8,4.33771167305038,4.8045002028899715
20,35,w20,4.452460254330187e8,0.0,4926.323690534051,14,14,0.0,0.7500000000003471,-4.730723169696928e-10,64.9103647454847,74.65570412642803
20,35,w20,4.452460254330187e8,0.0,4926.323690534051,15,15,0.0,0.5000000000020595,-1.605275929995071e-9,63.92801674224205,74.24992476311738
20,35,w20,4.452460254330187e8,0.0,4926.323690534051,16,16,0.0,0.2500000000010405,5.084884658959866e-9,70.54034393730389,77.69626540975537
20,35,w20,4.452460254330187e8,0.0,4926.323690534051,17,17,0.24999999999981837,0.25000000000063316,-0.8103088418533366,0.7484583716052401,0.019942975740230566
20,35,w20,4.452460254330187e8,0.0,4926.323690534051,18,18,0.2500000000002257,0.5000000000012177,-0.47176341195170196,0.004596667461596311,-0.48819514710689954
20,35,w20,4.452460254330187e8,0.0,4926.323690534051,19,19,0.25000000000063316,0.7500000000000954,-1.0,-0.9195876540743116,-0.0440584136774205
20,35,w20,4.452460254330187e8,0.0,4926.323690534051,20,20,0.49999999999953393,0.2500000000002257,0.18881653605487791,-68.0035521688878,-76.37365975859285
20,35,w20,4.452460254330187e8,0.0,4926.323690534051,21,21,0.5000000000003757,0.5000000000003757,0.00034973670010142883,-63.674231444998114,-75.09625164370637
20,35,w20,4.452460254330187e8,0.0,4926.323690534051,22,22,0.5000000000012177,0.749999999999844,-0.18984000110731397,-68.01839258800526,-76.39466936154511
20,35,w20,4.452460254330187e8,0.0,4926.323690534051,23,23,0.7499999999995922,0.24999999999981837,0.9991293014914079,-0.9214008515407361,-0.046550265689123266
20,35,w20,4.452460254330187e8,0.0,4926.323690534051,24,24,0.749999999999844,0.49999999999953393,0.4722196109955846,0.009538229269836631,-0.485178572944309
20,35,w20,4.452460254330187e8,0.0,4926.323690534051,25,25,0.7500000000000953,0.7499999999995921,0.8100556689802085,0.7448851626473117,0.014913426221420339
21,36,w21,4.542660547317715e8,0.0,5026.123759452223,1,1,0.0,0.0,-1.9158099177369745e-8,67.19993195072456,72.76174057129356
21,36,w21,4.542660547317715e8,0.0,5026.123759452223,2,2,1.0,0.0,-2.3738374339054887e-9,80.1075502257752,90.42952857955798
21,36,w21,4.542660547317715e8,0.0,5026.123759452223,3,3,1.0,1.0,-1.9157638535312798e-8,-67.19850383588533,-72.76110010417702
21,36,w21,4.542660547317715e8,0.0,5026.123759452223,4,4,0.0,1.0,-2.3739094092268866e-9,-80.10605742581397,-90.42801178736683
21,36,w21,4.542660547317715e8,0.0,5026.123759452223,5,5,0.24999999999941094,0.0,8.679527833692634e-9,-2.7554388098267766,-1.824260593866793
21,36,w21,4.542660547317715e8,0.0,5026.123759452223,6,6,0.4999999999986921,0.0,2.554488001458068e-8,-73.72545323714313,-77.75603086178927
21,36,w21,4.542660547317715e8,0.0,5026.123759452223,7,7,0.7499999999993406,0.0,-1.5925557441427562e-8,3.214412309185629,5.876999774049187
21,36,w21,4.542660547317715e8,0.0,5026.123759452223,8,8,1.0,0.24999999999941094,-4.920501016788691e-10,40.401088218626576,45.88950053187365
21,36,w21,4.542660547317715e8,0.0,5026.123759452223,9,9,1.0,0.4999999999986921,1.4133555599783438e-9,-4.449887774734439,-6.4334390379671165
21,36,w21,4.542660547317715e8,0.0,5026.123759452223,10,10,1.0,0.7499999999993406,2.3117142930530967e-9,-51.32376945863166,-54.83961636927893
21,36,w21,4.542660547317715e8,0.0,5026.123759452223,11,11,0.7500000000003471,1.0,8.679325310029665e-9,2.7556578582902223,1.82540825270225
21,36,w21,4.542660547317715e8,0.0,5026.123759452223,12,12,0.5000000000020595,1.0,2.554464268216314e-8,73.72551812466723,77.75468608323284
21,36,w21,4.542660547317715e8,0.0,5026.123759452223,13,13,0.2500000000010405,1.0,-1.5925346479278638e-8,-3.2146279944220337,-5.876855278901675
21,36,w21,4.542660547317715e8,0.0,5026.123759452223,14,14,0.0,0.7500000000003471,-4.920947760162886e-10,-40.402006034979884,-45.89275347615148
21,36,w21,4.542660547317715e8,0.0,5026.123759452223,15,15,0.0,0.5000000000020595,1.4132597583436557e-9,4.444123352751926,6.427036374159141
21,36,w21,4.542660547317715e8,0.0,5026.123759452223,16,16,0.0,0.2500000000010405,2.3118458341577206e-9,51.32368030169653,54.83814375745388
21,36,w21,4.542660547317715e8,0.0,5026.123759452223,17,17,0.24999999999981837,0.25000000000063316,-0.2426233157974678,1.697493713124085,0.524613773065834
21,36,w21,4.542660547317715e8,0.0,5026.123759452223,18,18,0.2500000000002257,0.5000000000012177,0.08298160416380444,1.211871647663224,0.33241776333853745
21,36,w21,4.542660547317715e8,0.0,5026.123759452223,19,19,0.25000000000063316,0.7500000000000954,0.9999774866796779,1.9322564303744951,0.3512695567762083
21,36,w21,4.542660547317715e8,0.0,5026.123759452223,20,20,0.49999999999953393,0.2500000000002257,0.7206946470526703,-46.060115512953196,-50.71730359018373
21,36,w21,4.542660547317715e8,0.0,5026.123759452223,21,21,0.5000000000003757,0.5000000000003757,0.31820990854526293,0.003294309059582558,0.002701452911361784
21,36,w21,4.542660547317715e8,0.0,5026.123759452223,22,22,0.5000000000012177,0.749999999999844,0.720629356488654,46.061367385910714,50.718989556655515
21,36,w21,4.542660547317715e8,0.0,5026.123759452223,23,23,0.7499999999995922,0.24999999999981837,1.0,-1.9323931330477628,-0.35054086076970425
21,36,w21,4.542660547317715e8,0.0,5026.123759452223,24,24,0.749999999999844,0.49999999999953393,0.08292112179364997,-1.211996160641224,-0.3325619120405324
21,36,w21,4.542660547317715e8,0.0,5026.123759452223,25,25,0.7500000000000953,0.7499999999995921,-0.24265982021391416,-1.69767290213158,-0.524729900427582
22,37,w22,4.9104379280942875e8,0.0,5433.042703198021,1,1,0.0,0.0,1.2938380591414972e-8,-53.29698920434753,-53.84122157868091
22,37,w22,4.9104379280942875e8,0.0,5433.042703198021,2,2,1.0,0.0,-7.740973060797763e-10,-56.898362728526514,-60.10616115361181
22,37,w22,4.9104379280942875e8,0.0,5433.042703198021,3,3,1.0,1.0,-1.293836303268312e-8,-53.296780889300074,-53.841040248869966
22,37,w22,4.9104379280942875e8,0.0,5433.042703198021,4,4,0.0,1.0,7.740744033860575e-10,-56.89812890759574,-60.1064169862234
22,37,w22,4.9104379280942875e8,0.0,5433.042703198021,5,5,0.24999999999941094,0.0,-7.175089487277617e-9,1.1069907608494733,0.051743741784882544
22,37,w22,4.9104379280942875e8,0.0,5433.042703198021,6,6,0.4999999999986921,0.0,-1.457828751372528e-8,55.32642827143273,52.10371734104136
22,37,w22,4.9104379280942875e8,0.0,5433.042703198021,7,7,0.7499999999993406,0.0,1.0774810066320472e-8,-1.1830143427690643,-5.39997505122507
22,37,w22,4.9104379280942875e8,0.0,5433.042703198021,8,8,1.0,0.24999999999941094,1.7725447596479065e-9,11.288596619821803,12.528343741996329
22,37,w22,4.9104379280942875e8,0.0,5433.042703198021,9,9,1.0,0.4999999999986921,-2.943667955217043e-10,54.08137737583476,56.39793736460315
22,37,w22,4.9104379280942875e8,0.0,5433.042703198021,10,10,1.0,0.7499999999993406,2.116617283276045e-9,-3.636208763594738,-2.799151918239997
22,37,w22,4.9104379280942875e8,0.0,5433.042703198021,11,11,0.7500000000003471,1.0,7.175051697832982e-9,1.1070210757609629,0.05167029645147903
22,37,w22,4.9104379280942875e8,0.0,5433.042703198021,12,12,0.5000000000020595,1.0,1.4578357748652682e-8,55.32647222654399,52.103747494395634
22,37,w22,4.9104379280942875e8,0.0,5433.042703198021,13,13,0.2500000000010405,1.0,-1.0774875338997573e-8,-1.1829531329669565,-5.399721053371625
22,37,w22,4.9104379280942875e8,0.0,5433.042703198021,14,14,0.0,0.7500000000003471,-1.772524397721772e-9,11.288346126358848,12.52818616736909
22,37,w22,4.9104379280942875e8,0.0,5433.042703198021,15,15,0.0,0.5000000000020595,2.943209901342667e-10,54.08137571334064,56.39793285016318
22,37,w22,4.9104379280942875e8,0.0,5433.042703198021,16,16,0.0,0.2500000000010405,-2.116593951156819e-9,-3.6359174844106734,-2.798698291504641
22,37,w22,4.9104379280942875e8,0.0,5433.042703198021,17,17,0.24999999999981837,0.25000000000063316,-0.36303322970589363,-1.9283566657901319,-1.2103418039781422
22,37,w22,4.9104379280942875e8,0.0,5433.042703198021,18,18,0.2500000000002257,0.5000000000012177,-0.5679258445535706,-0.03015692967588089,2.6257613664221524
22,37,w22,4.9104379280942875e8,0.0,5433.042703198021,19,19,0.25000000000063316,0.7500000000000954,0.6094700721326242,1.9862003784722357,1.2098491469741215
22,37,w22,4.9104379280942875e8,0.0,5433.042703198021,20,20,0.49999999999953393,0.2500000000002257,-1.0,-3.758070439035014,-4.816537239525273
22,37,w22,4.9104379280942875e8,0.0,5433.042703198021,21,21,0.5000000000003757,0.5000000000003757,2.911372567959772e-6,-54.42628571333628,-51.52705266097986
22,37,w22,4.9104379280942875e8,0.0,5433.042703198021,22,22,0.5000000000012177,0.749999999999844,0.9999981591902029,-3.7577073379191974,-4.816301107769612
22,37,w22,4.9104379280942875e8,0.0,5433.042703198021,23,23,0.7499999999995922,0.24999999999981837,-0.6094702853746847,1.98628024807911,1.2099979097106746
22,37,w22,4.9104379280942875e8,0.0,5433.042703198021,24,24,0.749999999999844,0.49999999999953393,0.5679298362359569,-0.030295591486233966,2.625620315159196
22,37,w22,4.9104379280942875e8,0.0,5433.042703198021,25,25,0.7500000000000953,0.7499999999995921,0.3630294001609755,-1.9282806122111638,-1.2102009119672978
23,38,w23,5.572048030546284e8,0.0,6165.066199294619,1,1,0.0,0.0,5.9383855396451434e-9,-34.888877170213924,-31.19814605573487
23,38,w23,5.572048030546284e8,0.0,6165.066199294619,2,2,1.0,0.0,-2.5120516694517513e-9,-30.38006430019111,-29.169261589692567
23,38,w23,5.572048030546284e8,0.0,6165.066199294619,3,3,1.0,1.0,5.938283574922635e-9,34.88808477618764,31.197349635211935
23,38,w23,5.572048030546284e8,0.0,6165.066199294619,4,4,0.0,1.0,-2.5119833974201586e-9,30.379554203387553,29.1687788831715
23,38,w23,5.572048030546284e8,0.0,6165.066199294619,5,5,0.24999999999941094,0.0,-5.865121226573635e-9,0.11927408851212931,-1.2519257869475309
23,38,w23,5.572048030546284e8,0.0,6165.066199294619,6,6,0.4999999999986921,0.0,-4.785747500293897e-9,32.86943963004822,24.952973870467694
23,38,w23,5.572048030546284e8,0.0,6165.066199294619,7,7,0.7499999999993406,0.0,4.539792186583259e-9,-0.1184788730201831,-3.635939382209394
23,38,w23,5.572048030546284e8,0.0,6165.066199294619,8,8,1.0,0.24999999999941094,7.035762467658367e-9,25.978967751993743,25.29103326055585
23,38,w23,5.572048030546284e8,0.0,6165.066199294619,9,9,1.0,0.4999999999986921,-8.011924176878583e-9,-3.8333042019926307,-4.396867862446354
23,38,w23,5.572048030546284e8,0.0,6165.066199294619,10,10,1.0,0.7499999999993406,3.660945830187421e-9,-21.724769864563584,-20.316512832300997
23,38,w23,5.572048030546284e8,0.0,6165.066199294619,11,11,0.7500000000003471,1.0,-5.865027685023857e-9,-0.11934746869137908,1.2518657001635976
23,38,w23,5.572048030546284e8,0.0,6165.066199294619,12,12,0.5000000000020595,1.0,-4.785738633796288e-9,-32.86873368657247,-24.95245992031725
23,38,w23,5.572048030546284e8,0.0,6165.066199294619,13,13,0.2500000000010405,1.0,4.539687561911468e-9,0.11844758795525687,3.635954568538866
23,38,w23,5.572048030546284e8,0.0,6165.066199294619,14,14,0.0,0.7500000000003471,7.035744069675828e-9,-25.978369482541982,-25.290558619409982
23,38,w23,5.572048030546284e8,0.0,6165.066199294619,15,15,0.0,0.5000000000020595,-8.01189292247451e-9,3.832691438263425,4.396344577202701
23,38,w23,5.572048030546284e8,0.0,6165.066199294619,16,16,0.0,0.2500000000010405,3.660878001480709e-9,21.725387891394476,20.317145824371465
23,38,w23,5.572048030546284e8,0.0,6165.066199294619,17,17,0.24999999999981837,0.25000000000063316,-0.5170934837559523,-0.5571117386707938,0.5230225456488127
23,38,w23,5.572048030546284e8,0.0,6165.066199294619,18,18,0.2500000000002257,0.5000000000012177,0.5837301283092775,0.8418867133577891,1.6128152573706602
23,38,w23,5.572048030546284e8,0.0,6165.066199294619,19,19,0.25000000000063316,0.7500000000000954,-0.29786297334365963,-0.6114948941257796,-2.9686887206768047
23,38,w23,5.572048030546284e8,0.0,6165.066199294619,20,20,0.49999999999953393,0.2500000000002257,-0.6960192398659983,-24.081278529761693,-19.073339254433225
23,38,w23,5.572048030546284e8,0.0,6165.066199294619,21,21,0.5000000000003757,0.5000000000003757,1.0,0.00033840920229850777,0.00024854348657888265
23,38,w23,5.572048030546284e8,0.0,6165.066199294619,22,22,0.5000000000012177,0.749999999999844,-0.6960199440174012,24.080623457078065,19.072799769025814
23,38,w23,5.572048030546284e8,0.0,6165.066199294619,23,23,0.7499999999995922,0.24999999999981837,-0.29785952998460535,0.6115133389925439,2.968670602431086
23,38,w23,5.572048030546284e8,0.0,6165.066199294619,24,24,0.749999999999844,0.49999999999953393,0.5837267185160252,-0.8419144075521726,-1.612779743418884
23,38,w23,5.572048030546284e8,0.0,6165.066199294619,25,25,0.7500000000000953,0.7499999999995921,-0.5170915245696781,0.5571197279195108,-0.5230040660557074
24,39,w24,5.869707735134584e8,0.0,6494.405030113964,1,1,0.0,0.0,1.688447318140235e-8,-171.60316120791026,-139.52664801062542
24,39,w24,5.869707735134584e8,0.0,6494.405030113964,2,2,1.0,0.0,-1.58467681263299e-8,-142.05404040454934,-110.67221542861517
24,39,w24,5.869707735134584e8,0.0,6494.405030113964,3,3,1.0,1.0,-1.688440993374129e-8,-171.60222274223094,-139.52674333848773
24,39,w24,5.869707735134584e8,0.0,6494.405030113964,4,4,0.0,1.0,1.5846890541157757e-8,-142.053680428748,-110.67179303067388
24,39,w24,5.869707735134584e8,0.0,6494.405030113964,5,5,0.24999999999941094,0.0,-2.5772646587509968e-8,6.263432414504146,1.2715785087205196
24,39,w24,5.869707735134584e8,0.0,6494.405030113964,6,6,0.4999999999986921,0.0,3.2455292442615526e-9,156.86844247068234,125.33085299858625
24,39,w24,5.869707735134584e8,0.0,6494.405030113964,7,7,0.7499999999993406,0.0,2.174875762214122e-8,-5.676884599046486,-0.500698205279083
24,39,w24,5.869707735134584e8,0.0,6494.405030113964,8,8,1.0,0.24999999999941094,2.5242291146649587e-9,157.38750835239023,127.38152934908156
24,39,w24,5.869707735134584e8,0.0,6494.405030113964,9,9,1.0,0.4999999999986921,8.48935949860179e-10,-165.4766928083307,-136.23662932903565
24,39,w24,5.869707735134584e8,0.0,6494.405030113964,10,10,1.0,0.7499999999993406,2.869962592647869e-9,167.24324895309098,139.840453941189
24,39,w24,5.869707735134584e8,0.0,6494.405030113964,11,11,0.7500000000003471,1.0,2.577247656691572e-8,6.263513858657752,1.2715663442069112
24,39,w24,5.869707735134584e8,0.0,6494.405030113964,12,12,0.5000000000020595,1.0,-3.2456366972771143e-9,156.86754925900584,125.33064778506869
24,39,w24,5.869707735134584e8,0.0,6494.405030113964,13,13,0.2500000000010405,1.0,-2.1748623645912955e-8,-5.676999763750916,-0.5007637573548287
24,39,w24,5.869707735134584e8,0.0,6494.405030113964,14,14,0.0,0.7500000000003471,-2.524133903132182e-9,157.38729841066896,127.38135783921277
24,39,w24,5.869707735134584e8,0.0,6494.405030113964,15,15,0.0,0.5000000000020595,-8.490257207339396e-10,-165.47658396322726,-136.23677552126023
24,39,w24,5.869707735134584e8,0.0,6494.405030113964,16,16,0.0,0.2500000000010405,-2.8697908718476822e-9,167.24302836351217,139.8407372104132
24,39,w24,5.869707735134584e8,0.0,6494.405030113964,17,17,0.24999999999981837,0.25000000000063316,-0.7824344516505712,-1.6137969784111381,0.14644513995240638
24,39,w24,5.869707735134584e8,0.0,6494.405030113964,18,18,0.2500000000002257,0.5000000000012177,1.0,0.0818807480993474,-0.12772248765888783
24,39,w24,5.869707735134584e8,0.0,6494.405030113964,19,19,0.25000000000063316,0.7500000000000954,-0.8263330143436938,1.4079977814761364,-0.2815072207223025
24,39,w24,5.869707735134584e8,0.0,6494.405030113964,20,20,0.49999999999953393,0.2500000000002257,0.05470757277152653,-162.69056200702184,-133.86874253541131
24,39,w24,5.869707735134584e8,0.0,6494.405030113964,21,21,0.5000000000003757,0.5000000000003757,5.252930577403595e-6,165.84871500350138,136.27530037039799
24,39,w24,5.869707735134584e8,0.0,6494.405030113964,22,22,0.5000000000012177,0.749999999999844,-0.0547166016481245,-162.69020679842112,-133.8686624948217
24,39,w24,5.869707735134584e8,0.0,6494.405030113964,23,23,0.7499999999995922,0.24999999999981837,0.8263281626852639,1.4080731710103798,-0.28162018735343863
24,39,w24,5.869707735134584e8,0.0,6494.405030113964,24,24,0.749999999999844,0.49999999999953393,-0.9999946040984717,0.08183017947941895,-0.12751988972278455
24,39,w24,5.869707735134584e8,0.0,6494.405030113964,25,25,0.7500000000000953,0.7499999999995921,0.782429801511031,-1.613808543828014,0.1465466189070692
25,40,w25,1.9004417640448182e9,0.0,21027.006980217786,1,1,0.0,0.0,4.626349607232097e-8,-147.21645082058248,-150.1252369350019
25,40,w25,1.9004417640448182e9,0.0,21027.006980217786,2,2,1.0,0.0,-1.2626914361313798e-9,157.5786552206236,163.41268603713038
25,40,w25,1.9004417640448182e9,0.0,21027.006980217786,3,3,1.0,1.0,4.6264487818552354e-8,147.20010279665118,150.1261901005261
25,40,w25,1.9004417640448182e9,0.0,21027.006980217786,4,4,0.0,1.0,-1.2663689238501808e-9,-157.5667025268037,-163.41194955876892
25,40,w25,1.9004417640448182e9,0.0,21027.006980217786,5,5,0.24999999999941094,0.0,2.6872898230969525e-8,-103.7110847267055,-105.22998230865511
25,40,w25,1.9004417640448182e9,0.0,21027.006980217786,6,6,0.4999999999986921,0.0,-6.701835813782831e-9,2.1628210090504356,5.538347788705646
25,40,w25,1.9004417640448182e9,0.0,21027.006980217786,7,7,0.7499999999993406,0.0,-5.578244381916129e-8,111.85086958795338,116.59511223523107
25,40,w25,1.9004417640448182e9,0.0,21027.006980217786,8,8,1.0,0.24999999999941094,4.784401446851062e-10,142.34874966902206,147.45248598559238
25,40,w25,1.9004417640448182e9,0.0,21027.006980217786,9,9,1.0,0.4999999999986921,5.675476955695047e-9,139.8927279140337,145.84293392434404
25,40,w25,1.9004417640448182e9,0.0,21027.006980217786,10,10,1.0,0.7499999999993406,-1.554800540723288e-8,144.68609241028702,148.19848109587525
25,40,w25,1.9004417640448182e9,0.0,21027.006980217786,11,11,0.7500000000003471,1.0,2.6877575567147216e-8,103.70716163817195,105.22050867611254
25,40,w25,1.9004417640448182e9,0.0,21027.006980217786,12,12,0.5000000000020595,1.0,-6.700400171484638e-9,-2.164032729684675,-5.542074333254615
25,40,w25,1.9004417640448182e9,0.0,21027.006980217786,13,13,0.2500000000010405,1.0,-5.578616605804343e-8,-111.85663831968616,-116.58156478554262
25,40,w25,1.9004417640448182e9,0.0,21027.006980217786,14,14,0.0,0.7500000000003471,4.732229293814379e-10,-142.40244176456778,-147.50267823401018
25,40,w25,1.9004417640448182e9,0.0,21027.006980217786,15,15,0.0,0.5000000000020595,5.696940302110472e-9,-139.8880224229146,-145.83471258179543
25,40,w25,1.9004417640448182e9,0.0,21027.006980217786,16,16,0.0,0.2500000000010405,-1.5554749734995167e-8,-144.63846845003513,-148.1560757666778
25,40,w25,1.9004417640448182e9,0.0,21027.006980217786,17,17,0.24999999999981837,0.25000000000063316,0.7154208489826197,-102.34608823349298,-104.64054737161672
25,40,w25,1.9004417640448182e9,0.0,21027.006980217786,18,18,0.2500000000002257,0.5000000000012177,0.3999476446751635,-98.8808138352437,-103.12680124847193
25,40,w25,1.9004417640448182e9,0.0,21027.006980217786,19,19,0.25000000000063316,0.7500000000000954,0.6936829449146132,-100.67600573997863,-104.42329953607039
25,40,w25,1.9004417640448182e9,0.0,21027.006980217786,20,20,0.49999999999953393,0.2500000000002257,0.9997474213616392,-0.7422766285274942,0.2190547003300874
25,40,w25,1.9004417640448182e9,0.0,21027.006980217786,21,21,0.5000000000003757,0.5000000000003757,0.5635711247532323,-0.0036103900926435966,-0.0008042839845606827
25,40,w25,1.9004417640448182e9,0.0,21027.006980217786,22,22,0.5000000000012177,0.749999999999844,1.0,0.7463500392274837,-0.2161624093529766
25,40,w25,1.9004417640448182e9,0.0,21027.006980217786,23,23,0.7499999999995922,0.24999999999981837,0.693462971747395,100.64525855545779,104.38503447166678
25,40,w25,1.9004417640448182e9,0.0,21027.006980217786,24,24,0.749999999999844,0.49999999999953393,0.4000854514120298,98.87894598617112,103.13040056188261
25,40,w25,1.9004417640448182e9,0.0,21027.006980217786,25,25,0.7500000000000953,0.7499999999995921,0.7155434702812162,102.37985380085658,104.67583037947539
26,41,w26,1.9370372696754506e9,0.0,21431.909654374005,1,1,0.0,0.0,-6.267833021358921e-8,204.47088829563492,204.49696709580596
26,41,w26,1.9370372696754506e9,0.0,21431.909654374005,2,2,1.0,0.0,-6.925725000840527e-10,-217.0981135373814,-219.09633324629212
26,41,w26,1.9370372696754506e9,0.0,21431.909654374005,3,3,1.0,1.0,6.267745150433238e-8,204.45158424039573,204.51384473651953
26,41,w26,1.9370372696754506e9,0.0,21431.909654374005,4,4,0.0,1.0,6.902390816880371e-10,-217.09470153135211,-219.0846787028289
26,41,w26,1.9370372696754506e9,0.0,21431.909654374005,5,5,0.24999999999941094,0.0,-3.286278767195125e-8,143.7416887313599,143.36142068652455
26,41,w26,1.9370372696754506e9,0.0,21431.909654374005,6,6,0.4999999999986921,0.0,1.0054946632628421e-8,-2.9956691760661935,-6.761992170266678
26,41,w26,1.9370372696754506e9,0.0,21431.909654374005,7,7,0.7499999999993406,0.0,7.354566321905751e-8,-154.3470629480712,-156.51519585292567
26,41,w26,1.9370372696754506e9,0.0,21431.909654374005,8,8,1.0,0.24999999999941094,-3.1364695346363513e-8,-137.80706438476759,-139.5235501809624
26,41,w26,1.9370372696754506e9,0.0,21431.909654374005,9,9,1.0,0.4999999999986921,-3.2603968017559875e-8,2.9138571979682855,5.843893874338357
26,41,w26,1.9370372696754506e9,0.0,21431.909654374005,10,10,1.0,0.7499999999993406,-4.605521936414096e-8,144.84375371661056,145.4131790150365
26,41,w26,1.9370372696754506e9,0.0,21431.909654374005,11,11,0.7500000000003471,1.0,3.286432839539862e-8,143.750810435172,143.34678471392115
26,41,w26,1.9370372696754506e9,0.0,21431.909654374005,12,12,0.5000000000020595,1.0,-1.0057763646067361e-8,-3.0002420745454366,-6.761917910262517
26,41,w26,1.9370372696754506e9,0.0,21431.909654374005,13,13,0.2500000000010405,1.0,-7.354421676155166e-8,-154.32999049918442,-156.52480694990223
26,41,w26,1.9370372696754506e9,0.0,21431.909654374005,14,14,0.0,0.7500000000003471,3.13571275671556e-8,-137.82895430804297,-139.5476844767115
26,41,w26,1.9370372696754506e9,0.0,21431.909654374005,15,15,0.0,0.5000000000020595,3.2601084968631464e-8,2.8552332493616324,5.787156824064523
26,41,w26,1.9370372696754506e9,0.0,21431.909654374005,16,16,0.0,0.2500000000010405,4.606890864443425e-8,144.82353556411064,145.3992649844965
26,41,w26,1.9370372696754506e9,0.0,21431.909654374005,17,17,0.24999999999981837,0.25000000000063316,-0.8672296241648457,101.78864948501652,102.22806543189944
26,41,w26,1.9370372696754506e9,0.0,21431.909654374005,18,18,0.2500000000002257,0.5000000000012177,-0.21037999960089285,0.5225348011100532,3.722523795802802
26,41,w26,1.9370372696754506e9,0.0,21431.909654374005,19,19,0.25000000000063316,0.7500000000000954,0.5390043065073918,-98.02384943543741,-99.48477816550876
26,41,w26,1.9370372696754506e9,0.0,21431.909654374005,20,20,0.49999999999953393,0.2500000000002257,-0.9999656965002816,1.2427840727952206,-0.09392918886540304
26,41,w26,1.9370372696754506e9,0.0,21431.909654374005,21,21,0.5000000000003757,0.5000000000003757,0.00018603334120505894,-1.127964895033875,2.725361275424545
26,41,w26,1.9370372696754506e9,0.0,21431.909654374005,22,22,0.5000000000012177,0.749999999999844,1.0,1.2435980157149804,-0.09252695293965527
26,41,w26,1.9370372696754506e9,0.0,21431.909654374005,23,23,0.7499999999995922,0.24999999999981837,-0.5389078217308755,-98.00633524512924,-99.47245544074647
26,41,w26,1.9370372696754506e9,0.0,21431.909654374005,24,24,0.749999999999844,0.49999999999953393,0.21063310943817465,0.5651314096783013,3.7617838171351456
26,41,w26,1.9370372696754506e9,0.0,21431.909654374005,25,25,0.7500000000000953,0.7499999999995921,0.8671968476671877,101.79974080050786,102.24352020363023
27,42,w27,2.0736664062565057e9,0.0,22943.61175592981,1,1,0.0,0.0,-4.4542177621658454e-8,169.66332886187885,158.37507324976426
27,42,w27,2.0736664062565057e9,0.0,22943.61175592981,2,2,1.0,0.0,-7.347748230742783e-9,-175.22263261537512,-164.04648046391796
27,42,w27,2.0736664062565057e9,0.0,22943.61175592981,3,3,1.0,1.0,-4.4541359272060154e-8,-169.65299039881853,-158.3700867636667
27,42,w27,2.0736664062565057e9,0.0,22943.61175592981,4,4,0.0,1.0,-7.345959480353164e-9,175.2129109737147,164.03960690657595
27,42,w27,2.0736664062565057e9,0.0,22943.61175592981,5,5,0.24999999999941094,0.0,-1.6941739547689012e-8,118.47393856122692,110.9703625863955
27,42,w27,2.0736664062565057e9,0.0,22943.61175592981,6,6,0.4999999999986921,0.0,7.864877153966109e-9,-1.9037009999385688,-4.62460946031616
27,42,w27,2.0736664062565057e9,0.0,22943.61175592981,7,7,0.7499999999993406,0.0,4.80142257116065e-8,-125.21562104515088,-117.70109910544662
27,42,w27,2.0736664062565057e9,0.0,22943.61175592981,8,8,1.0,0.24999999999941094,-5.4435770550051766e-8,9.676064468556175,9.998454376699948
27,42,w27,2.0736664062565057e9,0.0,22943.61175592981,9,9,1.0,0.4999999999986921,-7.350488227326551e-9,172.4885736462996,161.3453662543182
27,42,w27,2.0736664062565057e9,0.0,22943.61175592981,10,10,1.0,0.7499999999993406,7.47391888800943e-8,-2.122414686602377,-0.9844077670941724
27,42,w27,2.0736664062565057e9,0.0,22943.61175592981,11,11,0.7500000000003471,1.0,-1.69430931886218e-8,-118.46776312460516,-110.96477577094186
27,42,w27,2.0736664062565057e9,0.0,22943.61175592981,12,12,0.5000000000020595,1.0,7.86439432473915e-9,1.9042636943467461,4.62554675415086
27,42,w27,2.0736664062565057e9,0.0,22943.61175592981,13,13,0.2500000000010405,1.0,4.801405413532119e-8,125.20922769664037,117.69636790857383
27,42,w27,2.0736664062565057e9,0.0,22943.61175592981,14,14,0.0,0.7500000000003471,-5.443302770065565e-8,-9.657508243490847,-9.980762656953397
27,42,w27,2.0736664062565057e9,0.0,22943.61175592981,15,15,0.0,0.5000000000020595,-7.3582394666650645e-9,-172.49040465032894,-161.3468305918526
27,42,w27,2.0736664062565057e9,0.0,22943.61175592981,16,16,0.0,0.2500000000010405,7.474276163853612e-8,2.1049428166765805,0.9693723380939645
27,42,w27,2.0736664062565057e9,0.0,22943.61175592981,17,17,0.24999999999981837,0.25000000000063316,-0.49917050337437313,-0.6431065546073962,0.4448717734343345
27,42,w27,2.0736664062565057e9,0.0,22943.61175592981,18,18,0.2500000000002257,0.5000000000012177,0.7030612254318719,-121.89310724486892,-114.396163141029
27,42,w27,2.0736664062565057e9,0.0,22943.61175592981,19,19,0.25000000000063316,0.7500000000000954,0.12891199272688622,-4.606855294909613,-6.881441485823303
27,42,w27,2.0736664062565057e9,0.0,22943.61175592981,20,20,0.49999999999953393,0.2500000000002257,-0.26455449635430817,-0.01699608245131844,2.0303641646657073
27,42,w27,2.0736664062565057e9,0.0,22943.61175592981,21,21,0.5000000000003757,0.5000000000003757,1.0,0.0005502340312796816,0.0002471682068307367
27,42,w27,2.0736664062565057e9,0.0,22943.61175592981,22,22,0.5000000000012177,0.749999999999844,-0.26462594418991336,0.016085576103666007,-2.0313283724585056
27,42,w27,2.0736664062565057e9,0.0,22943.61175592981,23,23,0.7499999999995922,0.24999999999981837,0.1289810687492528,4.619748290135918,6.892892407521398
27,42,w27,2.0736664062565057e9,0.0,22943.61175592981,24,24,0.749999999999844,0.49999999999953393,0.7030174248852986,121.89321017437057,114.39534820042051
27,42,w27,2.0736664062565057e9,0.0,22943.61175592981,25,25,0.7500000000000953,0.7499999999995921,-0.4992015254964147,0.6305372814309603,-0.4567183373627949
28,43,w28,2.335944688218106e9,0.0,25845.53033607528,1,1,0.0,0.0,-7.670130978659449e-8,419.2290741893332,343.59820141934176
28,43,w28,2.335944688218106e9,0.0,25845.53033607528,2,2,1.0,0.0,-3.809660497607518e-8,-404.1223958362158,-339.63593966121846
28,43,w28,2.335944688218106e9,0.0,25845.53033607528,3,3,1.0,1.0,7.670066047468531e-8,419.22909866193436,343.5962414482577
28,43,w28,2.335944688218106e9,0.0,25845.53033607528,4,4,0.0,1.0,3.809675787855702e-8,-404.12074971385016,-339.63519885251685
28,43,w28,2.335944688218106e9,0.0,25845.53033607528,5,5,0.24999999999941094,0.0,4.888080270737338e-9,285.3074739935931,243.78109031899945
28,43,w28,2.335944688218106e9,0.0,25845.53033607528,6,6,0.4999999999986921,0.0,2.001785119080594e-8,-6.767653427899457,-3.2622667838136388
28,43,w28,2.335944688218106e9,0.0,25845.53033607528,7,7,0.7499999999993406,0.0,6.637689016727786e-8,-296.3135214918279,-240.67009364059297
28,43,w28,2.335944688218106e9,0.0,25845.53033607528,8,8,1.0,0.24999999999941094,-9.293994818140246e-8,303.1433674636894,250.9641259748685
28,43,w28,2.335944688218106e9,0.0,25845.53033607528,9,9,1.0,0.4999999999986921,1.4764480502564446e-7,-13.232135486384335,-6.738216276976321
28,43,w28,2.335944688218106e9,0.0,25845.53033607528,10,10,1.0,0.7499999999993406,-1.2083636191736106e-7,-287.9885152902146,-245.10995661322667
28,43,w28,2.335944688218106e9,0.0,25845.53033607528,11,11,0.7500000000003471,1.0,-4.888255166041908e-9,285.3069785906032,243.7805916796401
28,43,w28,2.335944688218106e9,0.0,25845.53033607528,12,12,0.5000000000020595,1.0,-2.0017705270172586e-8,-6.767363086216472,-3.2618014575489207
28,43,w28,2.335944688218106e9,0.0,25845.53033607528,13,13,0.2500000000010405,1.0,-6.637634244126414e-8,-296.3130350357599,-240.6685723064457
28,43,w28,2.335944688218106e9,0.0,25845.53033607528,14,14,0.0,0.7500000000003471,9.293918681082509e-8,303.1440477760703,250.96528055130432
28,43,w28,2.335944688218106e9,0.0,25845.53033607528,15,15,0.0,0.5000000000020595,-1.476448692586505e-7,-13.234344821766692,-6.740098201465805
28,43,w28,2.335944688218106e9,0.0,25845.53033607528,16,16,0.0,0.2500000000010405,1.2083703426937024e-7,-287.9864288688693,-245.1102390966843
28,43,w28,2.335944688218106e9,0.0,25845.53033607528,17,17,0.24999999999981837,0.25000000000063316,0.05541693539707373,-206.15851200843733,-172.77180736606923
28,43,w28,2.335944688218106e9,0.0,25845.53033607528,18,18,0.2500000000002257,0.5000000000012177,0.6755970953670705,-2.7589126869752394,-6.428777526512175
28,43,w28,2.335944688218106e9,0.0,25845.53033607528,19,19,0.25000000000063316,0.7500000000000954,-0.9999997653945882,211.65463626721265,178.83788161208605
28,43,w28,2.335944688218106e9,0.0,25845.53033607528,20,20,0.49999999999953393,0.2500000000002257,0.7491362053154788,0.6833788517412067,1.9448068924888404
28,43,w28,2.335944688218106e9,0.0,25845.53033607528,21,21,0.5000000000003757,0.5000000000003757,3.548786552962851e-6,1.4555111430795225,-4.109914308170305
28,43,w28,2.335944688218106e9,0.0,25845.53033607528,22,22,0.5000000000012177,0.749999999999844,-0.7491386438988252,0.6833142144668712,1.9446132548182624
28,43,w28,2.335944688218106e9,0.0,25845.53033607528,23,23,0.7499999999995922,0.24999999999981837,1.0,211.65375681411913,178.8375947322169
28,43,w28,2.335944688218106e9,0.0,25845.53033607528,24,24,0.749999999999844,0.49999999999953393,-0.6755911128224064,-2.7573940832901274,-6.427398884374754
28,43,w28,2.335944688218106e9,0.0,25845.53033607528,25,25,0.7500000000000953,0.7499999999995921,-0.05542233916121707,-206.15941805715036,-172.7723141913388
29,44,w29,2.542946549077055e9,0.0,28135.855488652043,1,1,0.0,0.0,3.98539094765759e-8,-342.15486353170144,-255.10197778503735
29,44,w29,2.542946549077055e9,0.0,28135.855488652043,2,2,1.0,0.0,3.873630392959235e-8,312.9174144777641,250.8580486755121
29,44,w29,2.542946549077055e9,0.0,28135.855488652043,3,3,1.0,1.0,3.985446389001086e-8,342.1566198633901,255.10346886363826
29,44,w29,2.542946549077055e9,0.0,28135.855488652043,4,4,0.0,1.0,3.8736440443453225e-8,-312.9199528317448,-250.85898421954374
29,44,w29,2.542946549077055e9,0.0,28135.855488652043,5,5,0.24999999999941094,0.0,-2.7569121164214157e-8,-227.60530133734932,-184.21811881487983
29,44,w29,2.542946549077055e9,0.0,28135.855488652043,6,6,0.4999999999986921,0.0,-1.4634385484751371e-8,7.1988638098259,-1.132807669957165
29,44,w29,2.542946549077055e9,0.0,28135.855488652043,7,7,0.7499999999993406,0.0,-2.3643511168530343e-8,234.69365378658463,174.25600074835853
29,44,w29,2.542946549077055e9,0.0,28135.855488652043,8,8,1.0,0.24999999999941094,-4.940687364659762e-9,-326.8092815529918,-256.03388054124366
29,44,w29,2.542946549077055e9,0.0,28135.855488652043,9,9,1.0,0.4999999999986921,-4.232884239272863e-9,332.3252278931873,259.4116500626028
29,44,w29,2.542946549077055e9,0.0,28135.855488652043,10,10,1.0,0.7499999999993406,-3.570130339723692e-9,-334.55085517441466,-260.25364960244656
29,44,w29,2.542946549077055e9,0.0,28135.855488652043,11,11,0.7500000000003471,1.0,-2.7569050817785855e-8,227.60671834234324,184.21877002844704
29,44,w29,2.542946549077055e9,0.0,28135.855488652043,12,12,0.5000000000020595,1.0,-1.4634483691151286e-8,-7.199236063792288,1.1327751338131065
29,44,w29,2.542946549077055e9,0.0,28135.855488652043,13,13,0.2500000000010405,1.0,-2.3643864990169746e-8,-234.6947986191741,-174.25746888888753
29,44,w29,2.542946549077055e9,0.0,28135.855488652043,14,14,0.0,0.7500000000003471,-4.9402541421012844e-9,326.8106499918348,256.03424891536525
29,44,w29,2.542946549077055e9,0.0,28135.855488652043,15,15,0.0,0.5000000000020595,-4.233450319070938e-9,-332.3254926804227,-259.4116323712423
29,44,w29,2.542946549077055e9,0.0,28135.855488652043,16,16,0.0,0.2500000000010405,-3.5694947841214237e-9,334.5502347783208,260.2526279760223
29,44,w29,2.542946549077055e9,0.0,28135.855488652043,17,17,0.24999999999981837,0.25000000000063316,-0.5775396547142625,233.22914411672076,184.85526218788493
29,44,w29,2.542946549077055e9,0.0,28135.855488652043,18,18,0.2500000000002257,0.5000000000012177,0.7058096110816301,-235.07073614858666,-183.39978174833078
29,44,w29,2.542946549077055e9,0.0,28135.855488652043,19,19,0.25000000000063316,0.7500000000000954,-0.5733172624880819,234.5217475628977,180.1839582129577
29,44,w29,2.542946549077055e9,0.0,28135.855488652043,20,20,0.49999999999953393,0.2500000000002257,-0.8148057257604983,-2.359561000386386,1.7759460404711054
29,44,w29,2.542946549077055e9,0.0,28135.855488652043,21,21,0.5000000000003757,0.5000000000003757,1.0,-0.0001390157166776474,-6.357146942378166e-5
29,44,w29,2.542946549077055e9,0.0,28135.855488652043,22,22,0.5000000000012177,0.749999999999844,-0.8148066341884935,2.35966658684884,-1.7758899363227811
29,44,w29,2.542946549077055e9,0.0,28135.855488652043,23,23,0.7499999999995922,0.24999999999981837,-0.5733151090409367,-234.52174757281048,-180.18266582744405
29,44,w29,2.542946549077055e9,0.0,28135.855488652043,24,24,0.749999999999844,0.49999999999953393,0.7058075874059428,235.0706785846556,183.39951995469912
29,44,w29,2.542946549077055e9,0.0,28135.855488652043,25,25,0.7500000000000953,0.7499999999995921,-0.5775384711342753,-233.22986030262126,-184.85564014844888
30,45,w30,8.897306485669344e15,0.0,9.844223017974797e10,1,1,0.0,0.0,0.440391914194613,-2.871518746266354,3.2481534908952034
30,45,w30,8.897306485669344e15,0.0,9.844223017974797e10,2,2,1.0,0.0,0.4403919139406801,-1.5915923385123825,1.9682259982391959
30,45,w30,8.897306485669344e15,0.0,9.844223017974797e10,3,3,1.0,1.0,-0.4403919141992217,-2.871520716201708,3.2481537375621024
30,45,w30,8.897306485669344e15,0.0,9.844223017974797e10,4,4,0.0,1.0,-0.44039191394244154,-1.5916075952543358,1.9682395317115364
30,45,w30,8.897306485669344e15,0.0,9.844223017974797e10,5,5,0.24999999999941094,0.0,-0.8486435988486192,1.9197952566968606,-1.5431608766787008
30,45,w30,8.897306485669344e15,0.0,9.844223017974797e10,6,6,0.4999999999986921,0.0,0.9999999999904703,-1.3431256131599674,1.7197599790213487
30,45,w30,8.897306485669344e15,0.0,9.844223017974797e10,7,7,0.7499999999993406,0.0,-0.8486435983032828,1.5572781567566572,-1.1806441749460268
30,45,w30,8.897306485669344e15,0.0,9.844223017974797e10,8,8,1.0,0.24999999999941094,-0.11009797860189151,0.5591734036168778,-0.4285322173212128
30,45,w30,8.897306485669344e15,0.0,9.844223017974797e10,9,9,1.0,0.4999999999986921,-1.2923875695150748e-10,0.7815358672521387,-0.9056603313858755
30,45,w30,8.897306485669344e15,0.0,9.844223017974797e10,10,10,1.0,0.7499999999993406,0.11009797865808511,-1.937618768875348,2.0682591608702396
30,45,w30,8.897306485669344e15,0.0,9.844223017974797e10,11,11,0.7500000000003471,1.0,0.8486435988580173,1.9197888974095212,-1.5431562406601873
30,45,w30,8.897306485669344e15,0.0,9.844223017974797e10,12,12,0.5000000000020595,1.0,-1.0,-1.343123206352833,1.7197558489444915
30,45,w30,8.897306485669344e15,0.0,9.844223017974797e10,13,13,0.2500000000010405,1.0,0.8486435983076137,1.5572793159972276,-1.1806470574564298
30,45,w30,8.897306485669344e15,0.0,9.844223017974797e10,14,14,0.0,0.7500000000003471,0.11009797860273239,0.5591864805871729,-0.4285458146252258
30,45,w30,8.897306485669344e15,0.0,9.844223017974797e10,15,15,0.0,0.5000000000020595,1.2888019655371448e-10,0.7815325763222504,-0.9056570404563117
30,45,w30,8.897306485669344e15,0.0,9.844223017974797e10,16,16,0.0,0.2500000000010405,-0.11009797865688599,-1.9376133672954212,2.068254279623893
30,45,w30,8.897306485669344e15,0.0,9.844223017974797e10,17,17,0.24999999999981837,0.25000000000063316,0.21216090031295365,1.0923322402200786,-0.9616912417419421
30,45,w30,8.897306485669344e15,0.0,9.844223017974797e10,18,18,0.2500000000002257,0.5000000000012177,-1.7721171593184806e-10,-0.5961229431086721,0.4719984898689771
30,45,w30,8.897306485669344e15,0.0,9.844223017974797e10,19,19,0.25000000000063316,0.7500000000000954,-0.21216089997568657,0.07585868860236948,0.05478188185698781
30,45,w30,8.897306485669344e15,0.0,9.844223017974797e10,20,20,0.49999999999953393,0.2500000000002257,-0.2500000010544119,-0.4532019421572667,0.583843043435587
30,45,w30,8.897306485669344e15,0.0,9.844223017974797e10,21,21,0.5000000000003757,0.5000000000003757,-7.063287303304973e-13,0.45677046374624836,-0.5808949896623422
30,45,w30,8.897306485669344e15,0.0,9.844223017974797e10,22,22,0.5000000000012177,0.749999999999844,0.2500000010576774,-0.4532040703151281,0.5838446512603559
30,45,w30,8.897306485669344e15,0.0,9.844223017974797e10,23,23,0.7499999999995922,0.24999999999981837,0.21216089997426413,0.07586594441789918,0.05477514637479277
30,45,w30,8.897306485669344e15,0.0,9.844223017974797e10,24,24,0.749999999999844,0.49999999999953393,1.7786559681712237e-10,-0.5961228082124719,0.47199835497311343
30,45,w30,8.897306485669344e15,0.0,9.844223017974797e10,25,25,0.7500000000000953,0.7499999999995921,-0.21216090031550502,1.092337505427476,-0.9616970272829073
31,46,w31,9.062584801516046e15,0.0,1.0027091462919438e11,1,1,0.0,0.0,0.44572644190937266,-2.695816029258985,3.093781166715635
31,46,w31,9.062584801516046e15,0.0,1.0027091462919438e11,2,2,1.0,0.0,0.44572644167071734,-2.1492302297376886,2.5471943184370254
31,46,w31,9.062584801516046e15,0.0,1.0027091462919438e11,3,3,1.0,1.0,0.4457264419065779,2.695817388849923,-3.093777079705286
31,46,w31,9.062584801516046e15,0.0,1.0027091462919438e11,4,4,0.0,1.0,0.4457264416650401,2.1492345545571623,-2.547193196653464
31,46,w31,9.062584801516046e15,0.0,1.0027091462919438e11,5,5,0.24999999999941094,0.0,-0.8502136330351412,1.9165239237580172,-1.5185591467284645
31,46,w31,9.062584801516046e15,0.0,1.0027091462919438e11,6,6,0.4999999999986921,0.0,1.0,-1.4524700242326483,1.8504348149849132
31,46,w31,9.062584801516046e15,0.0,1.0027091462919438e11,7,7,0.7499999999993406,0.0,-0.8502136324263928,1.8313705851278452,-1.433406192803393
31,46,w31,9.062584801516046e15,0.0,1.0027091462919438e11,8,8,1.0,0.24999999999941094,-0.12735041233069844,1.5000139492671112,-1.4155280913987172
31,46,w31,9.062584801516046e15,0.0,1.0027091462919438e11,9,9,1.0,0.4999999999986921,0.06367520640530165,-1.5619114691457687,1.5619115986265717
31,46,w31,9.062584801516046e15,0.0,1.0027091462919438e11,10,10,1.0,0.7499999999993406,-0.12735041219272977,2.196293977899996,-2.2807789448779547
31,46,w31,9.062584801516046e15,0.0,1.0027091462919438e11,11,11,0.7500000000003471,1.0,-0.8502136330303458,-1.9165166998554843,1.5185573694280832
31,46,w31,9.062584801516046e15,0.0,1.0027091462919438e11,12,12,0.5000000000020595,1.0,0.9999999999928326,1.4524796648284182,-1.8504390089776328
31,46,w31,9.062584801516046e15,0.0,1.0027091462919438e11,13,13,0.2500000000010405,1.0,-0.8502136324165142,-1.8313735679885992,1.433414622267351
31,46,w31,9.062584801516046e15,0.0,1.0027091462919438e11,14,14,0.0,0.7500000000003471,-0.12735041232953068,-1.5000183468637631,1.4155331038214736
31,46,w31,9.062584801516046e15,0.0,1.0027091462919438e11,15,15,0.0,0.5000000000020595,0.06367520640522173,1.5619125914955663,-1.5619123542257258
31,46,w31,9.062584801516046e15,0.0,1.0027091462919438e11,16,16,0.0,0.2500000000010405,-0.12735041219344662,-2.1962849907418898,2.2807705725458054
31,46,w31,9.062584801516046e15,0.0,1.0027091462919438e11,17,17,0.24999999999981837,0.25000000000063316,0.24291818154372843,1.0765956721517695,-0.9921099937476626
31,46,w31,9.062584801516046e15,0.0,1.0027091462919438e11,18,18,0.2500000000002257,0.5000000000012177,-0.12145909096767224,-0.6049444126021774,0.6049446104522579
31,46,w31,9.062584801516046e15,0.0,1.0027091462919438e11,19,19,0.25000000000063316,0.7500000000000954,0.24291818132116325,0.3893216191114191,-0.4738067719666187
31,46,w31,9.062584801516046e15,0.0,1.0027091462919438e11,20,20,0.49999999999953393,0.2500000000002257,-0.2857142871612745,-0.2696987588517503,0.35418450056264394
31,46,w31,9.062584801516046e15,0.0,1.0027091462919438e11,21,21,0.5000000000003757,0.5000000000003757,0.14285714404630132,-5.726528541894019e-7,7.560282485473239e-7
31,46,w31,9.062584801516046e15,0.0,1.0027091462919438e11,22,22,0.5000000000012177,0.749999999999844,-0.28571428715993047,0.2697006285546523,-0.3541857554399534
31,46,w31,9.062584801516046e15,0.0,1.0027091462919438e11,23,23,0.7499999999995922,0.24999999999981837,0.24291818132359172,-0.3893141832211205,0.4737999509021062
31,46,w31,9.062584801516046e15,0.0,1.0027091462919438e11,24,24,0.749999999999844,0.49999999999953393,-0.12145909096806151,0.6049439514196002,-0.604943782518952
31,46,w31,9.062584801516046e15,0.0,1.0027091462919438e11,25,25,0.7500000000000953,0.7499999999995921,0.24291818154264638,-1.0765977072267734,0.9921126436484509
32,47,w32,1.6170696286175978e16,0.0,1.7891700241354272e11,1,1,0.0,0.0,-0.8143265820683866,3.029300953550802,-1.6325581105724993
32,47,w32,1.6170696286175978e16,0.0,1.7891700241354272e11,2,2,1.0,0.0,0.8143265823014885,-0.3522543430909682,1.7489968744266051
32,47,w32,1.6170696286175978e16,0.0,1.7891700241354272e11,3,3,1.0,1.0,-0.8143265820111005,-3.0293365064245537,1.6325878964000744
32,47,w32,1.6170696286175978e16,0.0,1.7891700241354272e11,4,4,0.0,1.0,0.814326582246386,0.35224971654324894,-1.7489980149243975
32,47,w32,1.6170696286175978e16,0.0,1.7891700241354272e11,5,5,0.24999999999941094,0.0,0.99999999948505,0.8592438335685083,0.5374992619157339
32,47,w32,1.6170696286175978e16,0.0,1.7891700241354272e11,6,6,0.4999999999986921,0.0,8.263198153357202e-11,0.4148171194839736,0.9819259777653764
32,47,w32,1.6170696286175978e16,0.0,1.7891700241354272e11,7,7,0.7499999999993406,0.0,-1.0,0.8260835098377598,0.5706591788195815
32,47,w32,1.6170696286175978e16,0.0,1.7891700241354272e11,8,8,1.0,0.24999999999941094,-0.20358164548507449,0.8114257440465273,-1.0623581818215222
32,47,w32,1.6170696286175978e16,0.0,1.7891700241354272e11,9,9,1.0,0.4999999999986921,-5.058969654370953e-10,0.5538885453182422,-0.5538881489380086
32,47,w32,1.6170696286175978e16,0.0,1.7891700241354272e11,10,10,1.0,0.7499999999993406,0.20358164618247923,-1.9175644829830336,2.168501815099679
32,47,w32,1.6170696286175978e16,0.0,1.7891700241354272e11,11,11,0.7500000000003471,1.0,0.9999999994159522,-0.8592493214016081,-0.5374995411288729
32,47,w32,1.6170696286175978e16,0.0,1.7891700241354272e11,12,12,0.5000000000020595,1.0,8.629477381356202e-11,-0.4148216014364989,-0.9819272628590899
32,47,w32,1.6170696286175978e16,0.0,1.7891700241354272e11,13,13,0.2500000000010405,1.0,-0.9999999999339322,-0.8260975214850987,-0.5706509342182731
32,47,w32,1.6170696286175978e16,0.0,1.7891700241354272e11,14,14,0.0,0.7500000000003471,-0.2035816454699843,-0.8114140909083577,1.0623515254635205
32,47,w32,1.6170696286175978e16,0.0,1.7891700241354272e11,15,15,0.0,0.5000000000020595,-5.139742161604111e-10,-0.5538806029613238,0.5538808875009018
32,47,w32,1.6170696286175978e16,0.0,1.7891700241354272e11,16,16,0.0,0.2500000000010405,0.20358164619879393,1.9175658308583463,-2.1684981661971867
32,47,w32,1.6170696286175978e16,0.0,1.7891700241354272e11,17,17,0.24999999999981837,0.25000000000063316,-0.25000000123358135,0.03764782535898036,-0.2885801997014257
32,47,w32,1.6170696286175978e16,0.0,1.7891700241354272e11,18,18,0.2500000000002257,0.5000000000012177,-5.322620476367693e-11,-0.04717735886110524,0.04717762311258239
32,47,w32,1.6170696286175978e16,0.0,1.7891700241354272e11,19,19,0.25000000000063316,0.7500000000000954,0.25000000083257673,-0.10423488123370545,0.3551723814043199
32,47,w32,1.6170696286175978e16,0.0,1.7891700241354272e11,20,20,0.49999999999953393,0.2500000000002257,-4.215469487867641e-10,-1.1337857773144628,0.882853286418486
32,47,w32,1.6170696286175978e16,0.0,1.7891700241354272e11,21,21,0.5000000000003757,0.5000000000003757,4.0738338547698705e-11,-9.434561697883354e-8,4.3480533237519215e-7
32,47,w32,1.6170696286175978e16,0.0,1.7891700241354272e11,22,22,0.5000000000012177,0.749999999999844,-4.227317771751176e-10,1.133797334144792,-0.8828598464694429
32,47,w32,1.6170696286175978e16,0.0,1.7891700241354272e11,23,23,0.7499999999995922,0.24999999999981837,0.2500000008513907,0.10423292068860746,-0.35516542407927526
32,47,w32,1.6170696286175978e16,0.0,1.7891700241354272e11,24,24,0.749999999999844,0.49999999999953393,-6.322658467910625e-11,0.047177908030297894,-0.04717749136219007
32,47,w32,1.6170696286175978e16,0.0,1.7891700241354272e11,25,25,0.7500000000000953,0.7499999999995921,-0.25000000121392646,-0.03765238029124636,0.2885897514122696
33,48,w33,1.6426636654120014e16,0.0,1.8174879658113913e11,1,1,0.0,0.0,-0.8216731648315007,2.71073833493843,-1.353277921492384
33,48,w33,1.6426636654120014e16,0.0,1.8174879658113913e11,2,2,1.0,0.0,0.8216731652496798,-0.8412277563465432,2.198687841131001
33,48,w33,1.6426636654120014e16,0.0,1.8174879658113913e11,3,3,1.0,1.0,0.8216731648855035,2.710733828654276,-1.3532709537437373
33,48,w33,1.6426636654120014e16,0.0,1.8174879658113913e11,4,4,0.0,1.0,-0.8216731653059072,-0.8412218019276736,2.1986843481773697
33,48,w33,1.6426636654120014e16,0.0,1.8174879658113913e11,5,5,0.24999999999941094,0.0,0.9999999994652276,0.8040462819114732,0.5534143855438584
33,48,w33,1.6426636654120014e16,0.0,1.8174879658113913e11,6,6,0.4999999999986921,0.0,-2.431392057033622e-14,0.6606687762293899,0.6967918676252525
33,48,w33,1.6426636654120014e16,0.0,1.8174879658113913e11,7,7,0.7499999999993406,0.0,-0.9999999999299696,0.6833672040778298,0.6740930210861318
33,48,w33,1.6426636654120014e16,0.0,1.8174879658113913e11,8,8,1.0,0.24999999999941094,-0.23476376205912047,1.6770643312238276,-1.9031819494718405
33,48,w33,1.6426636654120014e16,0.0,1.8174879658113913e11,9,9,1.0,0.4999999999986921,0.11738188158501144,-1.7165666743562442,1.7504003637513894
33,48,w33,1.6426636654120014e16,0.0,1.8174879658113913e11,10,10,1.0,0.7499999999993406,-0.2347637622448808,2.353918771864878,-2.580039754430554
33,48,w33,1.6426636654120014e16,0.0,1.8174879658113913e11,11,11,0.7500000000003471,1.0,-0.9999999995322143,0.8040591723031396,0.5534039566168896
33,48,w33,1.6426636654120014e16,0.0,1.8174879658113913e11,12,12,0.5000000000020595,1.0,-3.6319685046915688e-12,0.6606772855991868,0.6967858197205854
33,48,w33,1.6426636654120014e16,0.0,1.8174879658113913e11,13,13,0.2500000000010405,1.0,1.0,0.6833593400410426,0.6741033465882362
33,48,w33,1.6426636654120014e16,0.0,1.8174879658113913e11,14,14,0.0,0.7500000000003471,0.23476376207389363,1.6770711587891851,-1.9031921939985834
33,48,w33,1.6426636654120014e16,0.0,1.8174879658113913e11,15,15,0.0,0.5000000000020595,-0.11738188158541657,-1.7165665930498757,1.7504002824454925
33,48,w33,1.6426636654120014e16,0.0,1.8174879658113913e11,16,16,0.0,0.2500000000010405,0.23476376223145023,2.3539168594553943,-2.5800344250620677
33,48,w33,1.6426636654120014e16,0.0,1.8174879658113913e11,17,17,0.24999999999981837,0.25000000000063316,-0.2857142871701164,0.11901204759741349,-0.34512966422119357
33,48,w33,1.6426636654120014e16,0.0,1.8174879658113913e11,18,18,0.2500000000002257,0.5000000000012177,0.14285714361663449,-0.26731390601513155,0.301147615720889
33,48,w33,1.6426636654120014e16,0.0,1.8174879658113913e11,19,19,0.25000000000063316,0.7500000000000954,-0.2857142865639655,0.28587665835952375,-0.5119977475345475
33,48,w33,1.6426636654120014e16,0.0,1.8174879658113913e11,20,20,0.49999999999953393,0.2500000000002257,-5.175798300957577e-10,-1.552838155249322,1.3267204585386123
33,48,w33,1.6426636654120014e16,0.0,1.8174879658113913e11,21,21,0.5000000000003757,0.5000000000003757,-4.585081001670757e-13,1.1894932463991632,-1.1556595163342742
33,48,w33,1.6426636654120014e16,0.0,1.8174879658113913e11,22,22,0.5000000000012177,0.749999999999844,5.189529664219172e-10,-1.552847067397339,1.3267259537264025
33,48,w33,1.6426636654120014e16,0.0,1.8174879658113913e11,23,23,0.7499999999995922,0.24999999999981837,0.28571428654626935,0.28587342301711494,-0.5119910952312512
33,48,w33,1.6426636654120014e16,0.0,1.8174879658113913e11,24,24,0.749999999999844,0.49999999999953393,-0.14285714361650617,-0.2673138523363497,0.3011475620418976
33,48,w33,1.6426636654120014e16,0.0,1.8174879658113913e11,25,25,0.7500000000000953,0.7499999999995921,0.2857142871869106,0.11900740760533718,-0.34512844118877434
34,49,w34,4.045334298843946e16,0.0,4.475868408514941e11,1,1,0.0,0.0,0.9057658745321532,0.9826846466726223,-0.19847970320470976
34,49,w34,4.045334298843946e16,0.0,4.475868408514941e11,2,2,1.0,0.0,0.9057658747206137,1.3947959739064244,-0.6105915135012414
34,49,w34,4.045334298843946e16,0.0,4.475868408514941e11,3,3,1.0,1.0,-0.9057658744956588,0.9826758422590284,-0.19846946500141235
34,49,w34,4.045334298843946e16,0.0,4.475868408514941e11,4,4,0.0,1.0,-0.9057658746825838,1.3948446909108736,-0.610638796714627
34,49,w34,4.045334298843946e16,0.0,4.475868408514941e11,5,5,0.24999999999941094,0.0,-0.21706465079166093,-0.025775351900835314,0.8099801656295998
34,49,w34,4.045334298843946e16,0.0,4.475868408514941e11,6,6,0.4999999999986921,0.0,-1.0,-1.5722159060232077,2.356420484488704
34,49,w34,4.045334298843946e16,0.0,4.475868408514941e11,7,7,0.7499999999993406,0.0,-0.21706465044836687,0.36303731816524804,0.42116714354322526
34,49,w34,4.045334298843946e16,0.0,4.475868408514941e11,8,8,1.0,0.24999999999941094,-0.22644146865712617,1.0936068531830194,-0.8287137830331994
34,49,w34,4.045334298843946e16,0.0,4.475868408514941e11,9,9,1.0,0.4999999999986921,-1.9233987372735213e-9,-0.45000084170472676,0.19274208050254044
34,49,w34,4.045334298843946e16,0.0,4.475868408514941e11,10,10,1.0,0.7499999999993406,0.2264414691499656,-0.35491445019710016,0.619799856940946
34,49,w34,4.045334298843946e16,0.0,4.475868408514941e11,11,11,0.7500000000003471,1.0,0.21706465078448675,-0.02576608981913309,0.8099723373378942
34,49,w34,4.045334298843946e16,0.0,4.475868408514941e11,12,12,0.5000000000020595,1.0,0.999999999958416,-1.5722103009189672,2.356416313175032
34,49,w34,4.045334298843946e16,0.0,4.475868408514941e11,13,13,0.2500000000010405,1.0,0.21706465044071593,0.3630193393426263,0.4211865561567196
34,49,w34,4.045334298843946e16,0.0,4.475868408514941e11,14,14,0.0,0.7500000000003471,0.22644146864834003,1.0935835947259125,-0.8286980737836538
34,49,w34,4.045334298843946e16,0.0,4.475868408514941e11,15,15,0.0,0.5000000000020595,1.928915038298079e-9,-0.4500021501704522,0.19274338896848786
34,49,w34,4.045334298843946e16,0.0,4.475868408514941e11,16,16,0.0,0.2500000000010405,-0.22644146916201136,-0.3549024916711435,0.6197954476208472
34,49,w34,4.045334298843946e16,0.0,4.475868408514941e11,17,17,0.24999999999981837,0.25000000000063316,0.05426616300434424,-0.7094044706578425,0.9742974217081872
34,49,w34,4.045334298843946e16,0.0,4.475868408514941e11,18,18,0.2500000000002257,0.5000000000012177,8.809819356976544e-10,-0.04541360351093569,-0.21184513341056793
34,49,w34,4.045334298843946e16,0.0,4.475868408514941e11,19,19,0.25000000000063316,0.7500000000000954,-0.054266163298477686,0.8409307806534525,-0.5760452947897028
34,49,w34,4.045334298843946e16,0.0,4.475868408514941e11,20,20,0.49999999999953393,0.2500000000002257,0.2500000010853867,-0.49255393247287704,0.7574469069991607
34,49,w34,4.045334298843946e16,0.0,4.475868408514941e11,21,21,0.5000000000003757,0.5000000000003757,-3.1142670608896847e-12,0.5704277542571513,-0.8276864689536387
34,49,w34,4.045334298843946e16,0.0,4.475868408514941e11,22,22,0.5000000000012177,0.749999999999844,-0.25000000107363984,-0.4925575058705244,0.7574429311899522
34,49,w34,4.045334298843946e16,0.0,4.475868408514941e11,23,23,0.7499999999995922,0.24999999999981837,0.05426616330134937,0.8409419522996598,-0.5760489172286692
34,49,w34,4.045334298843946e16,0.0,4.475868408514941e11,24,24,0.749999999999844,0.49999999999953393,-8.822134192514887e-10,-0.045433717375075504,-0.21182501954661134
34,49,w34,4.045334298843946e16,0.0,4.475868408514941e11,25,25,0.7500000000000953,0.7499999999995921,-0.054266163002767,-0.7094023212789959,0.9742877231230609
35,50,w35,4.106762366299018e16,0.0,4.54383410089217e11,1,1,0.0,0.0,-0.9085363581721921,-1.3338865205876924,0.5090291381883232
35,50,w35,4.106762366299018e16,0.0,4.54383410089217e11,2,2,1.0,0.0,-0.9085363585900088,-1.349186786492987,0.5243298670165498
35,50,w35,4.106762366299018e16,0.0,4.54383410089217e11,3,3,1.0,1.0,-0.9085363582103323,1.3338829481046839,-0.5090417016337738
35,50,w35,4.106762366299018e16,0.0,4.54383410089217e11,4,4,0.0,1.0,-0.9085363586266005,1.3491655717706452,-0.524324788223526
35,50,w35,4.106762366299018e16,0.0,4.54383410089217e11,5,5,0.24999999999941094,0.0,0.2138499958540731,-0.13331863823199308,-0.6915386103932635
35,50,w35,4.106762366299018e16,0.0,4.54383410089217e11,6,6,0.4999999999986921,0.0,0.9999999999592694,1.7306913147066512,-2.5555483292674572
35,50,w35,4.106762366299018e16,0.0,4.54383410089217e11,7,7,0.7499999999993406,0.0,0.2138499954843565,-0.19452188285662575,-0.630335028392665
35,50,w35,4.106762366299018e16,0.0,4.54383410089217e11,8,8,1.0,0.24999999999941094,0.2595818184783853,-1.187577276248778,1.02382636549708
35,50,w35,4.106762366299018e16,0.0,4.54383410089217e11,9,9,1.0,0.4999999999986921,-0.1297909092599386,0.8269379266414529,-0.8269452659411024
35,50,w35,4.106762366299018e16,0.0,4.54383410089217e11,10,10,1.0,0.7499999999993406,0.25958181625395577,-0.8665684717360661,1.0303240647537921
35,50,w35,4.106762366299018e16,0.0,4.54383410089217e11,11,11,0.7500000000003471,1.0,0.21384999586459957,0.13333153903170142,0.6915095736648038
35,50,w35,4.106762366299018e16,0.0,4.54383410089217e11,12,12,0.5000000000020595,1.0,1.0,-1.7307000936862493,2.5555409723180045
35,50,w35,4.106762366299018e16,0.0,4.54383410089217e11,13,13,0.2500000000010405,1.0,0.21384999549440498,0.1945386140157633,0.6303021613042309
35,50,w35,4.106762366299018e16,0.0,4.54383410089217e11,14,14,0.0,0.7500000000003471,0.2595818184900739,1.1875611856638464,-1.0238054808387085
35,50,w35,4.106762366299018e16,0.0,4.54383410089217e11,15,15,0.0,0.5000000000020595,-0.12979090926242168,-0.8269330868161364,0.8269257084989736
35,50,w35,4.106762366299018e16,0.0,4.54383410089217e11,16,16,0.0,0.2500000000010405,0.25958181624647736,0.8665857637129447,-1.0303365626562695
35,50,w35,4.106762366299018e16,0.0,4.54383410089217e11,17,17,0.24999999999981837,0.25000000000063316,-0.06109999964908157,1.0055498456185978,-1.1693006512535797
35,50,w35,4.106762366299018e16,0.0,4.54383410089217e11,18,18,0.2500000000002257,0.5000000000012177,0.030549999506605682,-0.822384313953235,0.8223769407007746
35,50,w35,4.106762366299018e16,0.0,4.54383410089217e11,19,19,0.25000000000063316,0.7500000000000954,-0.06109999874550568,1.1159279988778266,-0.9521723168140985
35,50,w35,4.106762366299018e16,0.0,4.54383410089217e11,20,20,0.49999999999953393,0.2500000000002257,-0.28571428698656987,0.23855394913926728,-0.4023047882416619
35,50,w35,4.106762366299018e16,0.0,4.54383410089217e11,21,21,0.5000000000003757,0.5000000000003757,0.1428571437412701,-7.924994336807428e-6,5.661858634962939e-7
35,50,w35,4.106762366299018e16,0.0,4.54383410089217e11,22,22,0.5000000000012177,0.749999999999844,-0.2857142869969045,-0.23855923123157383,0.40231486440798414
35,50,w35,4.106762366299018e16,0.0,4.54383410089217e11,23,23,0.7499999999995922,0.24999999999981837,-0.06109999874388426,-1.115932518990516,0.9521816310005887
35,50,w35,4.106762366299018e16,0.0,4.54383410089217e11,24,24,0.749999999999844,0.49999999999953393,0.03054999950763277,0.8223765356438788,-0.822383880008341
35,50,w35,4.106762366299018e16,0.0,4.54383410089217e11,25,25,0.7500000000000953,0.7499999999995921,-0.06109999965245858,-1.0055538104579236,1.1693094101671202
36,51,w36,5.000000002038908e16,0.0,5.532136629127545e11,1,1,0.0,0.0,-6.825941189894942e-11,1.664807460671733,-1.512550529859481
36,51,w36,5.000000002038908e16,0.0,5.532136629127545e11,2,2,1.0,0.0,1.342249663586174e-9,-0.5981766937771782,0.7504334169715774
36,51,w36,5.000000002038908e16,0.0,5.532136629127545e11,3,3,1.0,1.0,6.809722755489881e-11,1.6650274444221187,-1.512735671091979
36,51,w36,5.000000002038908e16,0.0,5.532136629127545e11,4,4,0.0,1.0,-1.3426647305293854e-9,-0.5982220392124727,0.7505136048989839
36,51,w36,5.000000002038908e16,0.0,5.532136629127545e11,5,5,0.24999999999941094,0.0,-5.198922460936203e-10,1.4208698319034012,-1.2686129333805627
36,51,w36,5.000000002038908e16,0.0,5.532136629127545e11,6,6,0.4999999999986921,0.0,-5.729633663296636e-10,0.5541746752048317,-0.40191784833213495
36,51,w36,5.000000002038908e16,0.0,5.532136629127545e11,7,7,0.7499999999993406,0.0,3.069838442339261e-10,-0.3537708835823254,0.5060276389097585
36,51,w36,5.000000002038908e16,0.0,5.532136629127545e11,8,8,1.0,0.24999999999941094,0.7278959280221601,0.5025156310766185,0.8686596475925332
36,51,w36,5.000000002038908e16,0.0,5.532136629127545e11,9,9,1.0,0.4999999999986921,1.0,1.9785647499853964,0.038400404420705164
36,51,w36,5.000000002038908e16,0.0,5.532136629127545e11,10,10,1.0,0.7499999999993406,0.727964663104706,1.9933176836391782,-0.6220181105762015
36,51,w36,5.000000002038908e16,0.0,5.532136629127545e11,11,11,0.7500000000003471,1.0,5.19939658783292e-10,1.421049344828765,-1.268757603792199
36,51,w36,5.000000002038908e16,0.0,5.532136629127545e11,12,12,0.5000000000020595,1.0,5.732227126678621e-10,0.5542376822961681,-0.40194601291881366
36,51,w36,5.000000002038908e16,0.0,5.532136629127545e11,13,13,0.2500000000010405,1.0,-3.069278370989967e-10,-0.3537792708033423,0.5060708686267492
36,51,w36,5.000000002038908e16,0.0,5.532136629127545e11,14,14,0.0,0.7500000000003471,-0.727964662337538,0.5026023576766928,0.868697076905945
36,51,w36,5.000000002038908e16,0.0,5.532136629127545e11,15,15,0.0,0.5000000000020595,-0.9999999999999243,1.9786926890025691,0.03827246541645402
36,51,w36,5.000000002038908e16,0.0,5.532136629127545e11,16,16,0.0,0.2500000000010405,-0.7278959287904245,1.9932099768803386,-0.6220345597285479
36,51,w36,5.000000002038908e16,0.0,5.532136629127545e11,17,17,0.24999999999981837,0.25000000000063316,-0.3639479644914649,1.8074461742383454,-0.4362707785484357
36,51,w36,5.000000002038908e16,0.0,5.532136629127545e11,18,18,0.2500000000002257,0.5000000000012177,-0.5000000000589228,1.9267126844794167,0.09025246985493529
36,51,w36,5.000000002038908e16,0.0,5.532136629127545e11,19,19,0.25000000000063316,0.7500000000000954,-0.36398233115290574,0.607216527673203,0.7640829283257685
36,51,w36,5.000000002038908e16,0.0,5.532136629127545e11,20,20,0.49999999999953393,0.2500000000002257,-1.619958615993213e-10,1.2035337954422032,0.16764155246496837
36,51,w36,5.000000002038908e16,0.0,5.532136629127545e11,21,21,0.5000000000003757,0.5000000000003757,7.517140497198715e-13,1.9278747473684432,0.08909040693680607
36,51,w36,5.000000002038908e16,0.0,5.532136629127545e11,22,22,0.5000000000012177,0.749999999999844,1.6303753969847011e-10,1.2036286147238124,0.16767088909597547
36,51,w36,5.000000002038908e16,0.0,5.532136629127545e11,23,23,0.7499999999995922,0.24999999999981837,0.36394796399566104,0.6071356520229598,0.764039648062987
36,51,w36,5.000000002038908e16,0.0,5.532136629127545e11,24,24,0.749999999999844,0.49999999999953393,0.5000000000590725,1.926617687422499,0.09034746690292049
36,51,w36,5.000000002038908e16,0.0,5.532136629127545e11,25,25,0.7500000000000953,0.7499999999995921,0.3639823316485988,1.8075237540110642,-0.4362242024092496
37,52,w37,5.000000010260463e16,0.0,5.532136638224099e11,1,1,0.0,0.0,-7.784704730210681e-10,2.955819378155052,-2.65866597396124
37,52,w37,5.000000010260463e16,0.0,5.532136638224099e11,2,2,1.0,0.0,2.093634283297367e-9,-0.9826550286017379,1.2798080621260703
37,52,w37,5.000000010260463e16,0.0,5.532136638224099e11,3,3,1.0,1.0,-7.774482101191816e-10,-2.955867188586667,2.6587036563084823
37,52,w37,5.000000010260463e16,0.0,5.532136638224099e11,4,4,0.0,1.0,2.094838991675972e-9,0.9826736509066852,-1.2798368125132529
37,52,w37,5.000000010260463e16,0.0,5.532136638224099e11,5,5,0.24999999999941094,0.0,-9.192014502317296e-10,2.430683845491014,-2.133530499228189
37,52,w37,5.000000010260463e16,0.0,5.532136638224099e11,6,6,0.4999999999986921,0.0,-5.911164539360217e-10,0.9375617255094623,-0.6404085070295572
37,52,w37,5.000000010260463e16,0.0,5.532136638224099e11,7,7,0.7499999999993406,0.0,6.931461721513417e-10,-0.6223648121555502,0.9195179030851214
37,52,w37,5.000000010260463e16,0.0,5.532136638224099e11,8,8,1.0,0.24999999999941094,0.9999999986175324,1.3120002434653146,0.4545522024850534
37,52,w37,5.000000010260463e16,0.0,5.532136638224099e11,9,9,1.0,0.4999999999986921,4.443230444648951e-5,1.9300819023123823,-1.930000317551325
37,52,w37,5.000000010260463e16,0.0,5.532136638224099e11,10,10,1.0,0.7499999999993406,-0.9999923516974595,-1.344002557871169,-0.4225258471662787
37,52,w37,5.000000010260463e16,0.0,5.532136638224099e11,11,11,0.7500000000003471,1.0,-9.193118309814461e-10,-2.4307090133359064,2.133545538988958
37,52,w37,5.000000010260463e16,0.0,5.532136638224099e11,12,12,0.5000000000020595,1.0,-5.920919706370563e-10,-0.9375747104839188,0.6404113639208722
37,52,w37,5.000000010260463e16,0.0,5.532136638224099e11,13,13,0.2500000000010405,1.0,6.928632689956861e-10,0.6223669563239941,-0.9195301753358048
37,52,w37,5.000000010260463e16,0.0,5.532136638224099e11,14,14,0.0,0.7500000000003471,0.9999923503144726,-1.3120544440386166,-0.4544739606402059
37,52,w37,5.000000010260463e16,0.0,5.532136638224099e11,15,15,0.0,0.5000000000020595,-4.443052236420493e-5,-1.9299412510575409,1.9300224656839633
37,52,w37,5.000000010260463e16,0.0,5.532136638224099e11,16,16,0.0,0.2500000000010405,-1.0,1.3441205782361199,0.42243186808993105
37,52,w37,5.000000010260463e16,0.0,5.532136638224099e11,17,17,0.24999999999981837,0.25000000000063316,-0.5000000003013322,1.1653579861708776,0.6011944599313203
37,52,w37,5.000000010260463e16,0.0,5.532136638224099e11,18,18,0.2500000000002257,0.5000000000012177,-2.2215071153577876e-5,-1.533241699668407,1.5333229718037527
37,52,w37,5.000000010260463e16,0.0,5.532136638224099e11,19,19,0.25000000000063316,0.7500000000000954,0.49999617550238484,-1.1728227936860516,-0.5937056109643134
37,52,w37,5.000000010260463e16,0.0,5.532136638224099e11,20,20,0.49999999999953393,0.2500000000002257,-1.4144827276175344e-10,1.1648336394844307,0.6017188065615874
37,52,w37,5.000000010260463e16,0.0,5.532136638224099e11,21,21,0.5000000000003757,0.5000000000003757,5.322311278012413e-10,6.689189959937887e-5,1.4507794151087143e-5
37,52,w37,5.000000010260463e16,0.0,5.532136638224099e11,22,22,0.5000000000012177,0.749999999999844,-1.426908280098972e-10,-1.164796947267676,-0.6017314574984347
37,52,w37,5.000000010260463e16,0.0,5.532136638224099e11,23,23,0.7499999999995922,0.24999999999981837,0.4999999996541266,1.172808968362434,0.5937434775619457
37,52,w37,5.000000010260463e16,0.0,5.532136638224099e11,24,24,0.749999999999844,0.49999999999953393,2.2216342228160648e-5,1.5333477833625906,-1.533266256110445
37,52,w37,5.000000010260463e16,0.0,5.532136638224099e11,25,25,0.7500000000000953,0.7499999999995921,-0.4999961761497371,-1.165221841446366,-0.6013065633699093
38,53,w38,5.000000031386845e16,0.0,5.532136661598905e11,1,1,0.0,0.0,-2.311877730361685e-9,3.019122792973452,-2.6537234781440717
38,53,w38,5.000000031386845e16,0.0,5.532136661598905e11,2,2,1.0,0.0,1.372612207050855e-9,-0.8281165449492156,1.1935154773396117
38,53,w38,5.000000031386845e16,0.0,5.532136661598905e11,3,3,1.0,1.0,2.3106286843036154e-9,3.0190629493317984,-2.653681366930112
38,53,w38,5.000000031386845e16,0.0,5.532136661598905e11,4,4,0.0,1.0,-1.3739229928303757e-9,-0.8281288457367422,1.1935100457101664
38,53,w38,5.000000031386845e16,0.0,5.532136661598905e11,5,5,0.24999999999941094,0.0,-8.837403183290077e-10,2.3048662092952545,-1.93946695469015
38,53,w38,5.000000031386845e16,0.0,5.532136661598905e11,6,6,0.4999999999986921,0.0,4.0788359980032434e-10,0.8966397837384046,-0.5312406605445308
38,53,w38,5.000000031386845e16,0.0,5.532136661598905e11,7,7,0.7499999999993406,0.0,1.0027278193997679e-9,-0.583717464102573,0.9491164560246268
38,53,w38,5.000000031386845e16,0.0,5.532136661598905e11,8,8,1.0,0.24999999999941094,0.6973855794931257,1.54718934857515,-0.5831665940320596
38,53,w38,5.000000031386845e16,0.0,5.532136661598905e11,9,9,1.0,0.4999999999986921,-0.9999999999993155,-0.6036766925289333,-0.9002166192363631
38,53,w38,5.000000031386845e16,0.0,5.532136661598905e11,10,10,1.0,0.7499999999993406,0.6973605340101063,-1.0887720843011088,2.0527510629853207
38,53,w38,5.000000031386845e16,0.0,5.532136661598905e11,11,11,0.7500000000003471,1.0,8.838492535683626e-10,2.30479501650169,-1.9394134943223222
38,53,w38,5.000000031386845e16,0.0,5.532136661598905e11,12,12,0.5000000000020595,1.0,-4.0674294934419595e-10,0.8965992286234712,-0.5312178378515869
38,53,w38,5.000000031386845e16,0.0,5.532136661598905e11,13,13,0.2500000000010405,1.0,-1.0023860273655757e-9,-0.5837032411456468,0.9490845006490084
38,53,w38,5.000000031386845e16,0.0,5.532136661598905e11,14,14,0.0,0.7500000000003471,-0.6973605346811753,1.5471558123679,-0.5831765623916204
38,53,w38,5.000000031386845e16,0.0,5.532136661598905e11,15,15,0.0,0.5000000000020595,1.0,-0.6037105913114528,-0.9001827204594566
38,53,w38,5.000000031386845e16,0.0,5.532136661598905e11,16,16,0.0,0.2500000000010405,-0.6973855788205351,-1.0887234922364657,2.052745975485308
38,53,w38,5.000000031386845e16,0.0,5.532136661598905e11,17,17,0.24999999999981837,0.25000000000063316,-0.34869279028353095,-0.879770256676127,1.843792782224019
38,53,w38,5.000000031386845e16,0.0,5.532136661598905e11,18,18,0.2500000000002257,0.5000000000012177,0.5000000011128035,-0.4584030869226819,-1.0454902247602915
38,53,w38,5.000000031386845e16,0.0,5.532136661598905e11,19,19,0.25000000000063316,0.7500000000000954,-0.34868026803407814,1.2045111888581672,-0.2405319812656464
38,53,w38,5.000000031386845e16,0.0,5.532136661598905e11,20,20,0.49999999999953393,0.2500000000002257,-5.855952764412909e-11,0.15810235864225833,0.8059202602396478
38,53,w38,5.000000031386845e16,0.0,5.532136661598905e11,21,21,0.5000000000003757,0.5000000000003757,-6.643879302645674e-13,-0.4588874216673769,-1.0450058900612018
38,53,w38,5.000000031386845e16,0.0,5.532136661598905e11,22,22,0.5000000000012177,0.749999999999844,5.927242117589814e-11,0.15808321651847584,0.8058958977975396
38,53,w38,5.000000031386845e16,0.0,5.532136661598905e11,23,23,0.7499999999995922,0.24999999999981837,0.3486927904399525,1.2045455045856008,-0.2405227924267772
38,53,w38,5.000000031386845e16,0.0,5.532136661598905e11,24,24,0.749999999999844,0.49999999999953393,-0.5000000011126867,-0.4583618396185297,-1.045531472060716
38,53,w38,5.000000031386845e16,0.0,5.532136661598905e11,25,25,0.7500000000000953,0.7499999999995921,0.34868026787790624,-0.8798024504404752,1.8437814714231073
39,54,w39,1.7668644682546157e17,0.0,1.9549071279098894e12,1,1,0.0,0.0,-1.0,-1.6536399557541024,3.3425257525879264
39,54,w39,1.7668644682546157e17,0.0,1.9549071279098894e12,2,2,1.0,0.0,0.9999999997146848,3.418571859442967,-1.7296859351696623
39,54,w39,1.7668644682546157e17,0.0,1.9549071279098894e12,3,3,1.0,1.0,-0.9999999999731102,1.653746430429304,-3.342615983266656
39,54,w39,1.7668644682546157e17,0.0,1.9549071279098894e12,4,4,0.0,1.0,0.9999999996873918,-3.418534565791804,1.7296648855167285
39,54,w39,1.7668644682546157e17,0.0,1.9549071279098894e12,5,5,0.24999999999941094,0.0,-0.6446752106312446,-0.857103314770102,2.545989128641855
39,54,w39,1.7668644682546157e17,0.0,1.9549071279098894e12,6,6,0.4999999999986921,0.0,-1.9738669289368253e-11,0.9900553775279549,0.6988304792700379
39,54,w39,1.7668644682546157e17,0.0,1.9549071279098894e12,7,7,0.7499999999993406,0.0,0.6446752105212381,2.8314745744077663,-1.1425886708914654
39,54,w39,1.7668644682546157e17,0.0,1.9549071279098894e12,8,8,1.0,0.24999999999941094,-0.25000000004191963,0.7579027625596455,-1.049144566956392
39,54,w39,1.7668644682546157e17,0.0,1.9549071279098894e12,9,9,1.0,0.4999999999986921,-7.33753139079465e-10,-0.889726863904055,0.8897269120772295
39,54,w39,1.7668644682546157e17,0.0,1.9549071279098894e12,10,10,1.0,0.7499999999993406,0.25000000118014737,0.8802593157704277,-0.5890229514150889
39,54,w39,1.7668644682546157e17,0.0,1.9549071279098894e12,11,11,0.7500000000003471,1.0,-0.644675210612996,0.8570928431377477,-2.5459624130125684
39,54,w39,1.7668644682546157e17,0.0,1.9549071279098894e12,12,12,0.5000000000020595,1.0,-2.1341187600993978e-11,-0.9900645527422265,-0.698805060058315
39,54,w39,1.7668644682546157e17,0.0,1.9549071279098894e12,13,13,0.2500000000010405,1.0,0.6446752105031778,-2.8314564314035575,1.1425867718851292
39,54,w39,1.7668644682546157e17,0.0,1.9549071279098894e12,14,14,0.0,0.7500000000003471,-0.2500000000357707,-0.7579261670779679,1.0491624912068371
39,54,w39,1.7668644682546157e17,0.0,1.9549071279098894e12,15,15,0.0,0.5000000000020595,-7.378339670337002e-10,0.8897546424096,-0.889754547164271
39,54,w39,1.7668644682546157e17,0.0,1.9549071279098894e12,16,16,0.0,0.2500000000010405,0.2500000011890213,-0.8802507818880827,0.5890089372631504
39,54,w39,1.7668644682546157e17,0.0,1.9549071279098894e12,17,17,0.24999999999981837,0.25000000000063316,0.16116880360243627,-0.39417076563617476,0.10292892748845146
39,54,w39,1.7668644682546157e17,0.0,1.9549071279098894e12,18,18,0.2500000000002257,0.5000000000012177,-6.560412728621316e-10,0.6446236129776142,-0.6446235247250334
39,54,w39,1.7668644682546157e17,0.0,1.9549071279098894e12,19,19,0.25000000000063316,0.7500000000000954,-0.161168802515006,-0.802220463180838,1.0934567927521182
39,54,w39,1.7668644682546157e17,0.0,1.9549071279098894e12,20,20,0.49999999999953393,0.2500000000002257,5.334868648421848e-10,0.33330362741722447,-0.6245454509328929
39,54,w39,1.7668644682546157e17,0.0,1.9549071279098894e12,21,21,0.5000000000003757,0.5000000000003757,-6.254468497246928e-10,-8.839467378968006e-6,8.91117663352985e-6
39,54,w39,1.7668644682546157e17,0.0,1.9549071279098894e12,22,22,0.5000000000012177,0.749999999999844,5.33143038653605e-10,-0.3333001544837042,0.6245364977305983
39,54,w39,1.7668644682546157e17,0.0,1.9549071279098894e12,23,23,0.7499999999995922,0.24999999999981837,-0.16116880251902876,0.8022124655143841,-1.0934542753539942
39,54,w39,1.7668644682546157e17,0.0,1.9549071279098894e12,24,24,0.749999999999844,0.49999999999953393,-6.53353333500285e-10,-0.644627463589023,0.6446275187549372
39,54,w39,1.7668644682546157e17,0.0,1.9549071279098894e12,25,25,0.7500000000000953,0.7499999999995921,0.1611688035964761,0.3941524373033033,-0.10291607942475457
40,55,w40,1.794066969774398e17,0.0,1.9850047189099133e12,1,1,0.0,0.0,-0.9999999999722646,-2.017513112722658,3.6446956127099175
40,55,w40,1.794066969774398e17,0.0,1.9850047189099133e12,2,2,1.0,0.0,0.9999999998028606,3.5310697003750233,-1.9038870606447342
40,55,w40,1.794066969774398e17,0.0,1.9850047189099133e12,3,3,1.0,1.0,1.0,-2.0174813220535377,3.6446630910182103
40,55,w40,1.794066969774398e17,0.0,1.9850047189099133e12,4,4,0.0,1.0,-0.9999999998301926,3.531081917522129,-1.9039000088155709
40,55,w40,1.794066969774398e17,0.0,1.9850047189099133e12,5,5,0.24999999999941094,0.0,-0.6456003436461072,-1.1112279379585979,2.7384104569009753
40,55,w40,1.794066969774398e17,0.0,1.9850047189099133e12,6,6,0.4999999999986921,0.0,-1.0285744906071318e-11,0.8553552649591368,0.7718273012801837
40,55,w40,1.794066969774398e17,0.0,1.9850047189099133e12,7,7,0.7499999999993406,0.0,0.6456003435868307,2.900197825197957,-1.2730152079898065
40,55,w40,1.794066969774398e17,0.0,1.9850047189099133e12,8,8,1.0,0.24999999999941094,-0.28571428649704694,0.4968190227680386,-0.7551146368853046
40,55,w40,1.794066969774398e17,0.0,1.9850047189099133e12,9,9,1.0,0.4999999999986921,0.1428571438614153,-0.18555552177941134,0.21781363498526918
40,55,w40,1.794066969774398e17,0.0,1.9850047189099133e12,10,10,1.0,0.7499999999993406,-0.2857142869444793,-0.38231042841165436,0.12402104904635328
40,55,w40,1.794066969774398e17,0.0,1.9850047189099133e12,11,11,0.7500000000003471,1.0,0.6456003436631159,-1.1112175895206038,2.738399377440139
40,55,w40,1.794066969774398e17,0.0,1.9850047189099133e12,12,12,0.5000000000020595,1.0,1.188750390752261e-11,0.8553646841513188,0.7718171510650167
40,55,w40,1.794066969774398e17,0.0,1.9850047189099133e12,13,13,0.2500000000010405,1.0,-0.6456003436040318,2.9001789476253643,-1.2729970614405752
40,55,w40,1.794066969774398e17,0.0,1.9850047189099133e12,14,14,0.0,0.7500000000003471,0.2857142865057861,0.4968144559368372,-0.7551038175611989
40,55,w40,1.794066969774398e17,0.0,1.9850047189099133e12,15,15,0.0,0.5000000000020595,-0.14285714386319745,-0.18554820261937366,0.21780631582602153
40,55,w40,1.794066969774398e17,0.0,1.9850047189099133e12,16,16,0.0,0.2500000000010405,0.28571428693899,-0.3823089800584895,0.12401334819818079
40,55,w40,1.794066969774398e17,0.0,1.9850047189099133e12,17,17,0.24999999999981837,0.25000000000063316,0.18445724194896077,0.009405399637006415,-0.2677010283780271
40,55,w40,1.794066969774398e17,0.0,1.9850047189099133e12,18,18,0.2500000000002257,0.5000000000012177,-0.09222862117624667,-0.3338053250245214,0.3660634380599146
40,55,w40,1.794066969774398e17,0.0,1.9850047189099133e12,19,19,0.25000000000063316,0.7500000000000954,0.1844572414571184,0.6630129728207016,-0.9213023365419598
40,55,w40,1.794066969774398e17,0.0,1.9850047189099133e12,20,20,0.49999999999953393,0.2500000000002257,2.6402444439062657e-10,0.5248991152160999,-0.783194737211564
40,55,w40,1.794066969774398e17,0.0,1.9850047189099133e12,21,21,0.5000000000003757,0.5000000000003757,-4.5196578067861927e-13,-0.48567196792886674,0.5179300807882155
40,55,w40,1.794066969774398e17,0.0,1.9850047189099133e12,22,22,0.5000000000012177,0.749999999999844,-2.635425113874876e-10,0.5249109256422702,-0.783200295143819
40,55,w40,1.794066969774398e17,0.0,1.9850047189099133e12,23,23,0.7499999999995922,0.24999999999981837,-0.18445724145147255,0.6630050545812166,-0.9213006707958775
40,55,w40,1.794066969774398e17,0.0,1.9850047189099133e12,24,24,0.749999999999844,0.49999999999953393,0.09222862117490342,-0.33379685679629306,0.36605496983126956
40,55,w40,1.794066969774398e17,0.0,1.9850047189099133e12,25,25,0.7500000000000953,0.7499999999995921,-0.18445724195222934,0.009398040756740944,-0.26768741700326826
