mode_rank,eigen_index,omega_sq,omega,Omega_FEM,Omega_exact,matched_m,matched_n,MAC,relative_residual,residual_ok
1.0,1.0,5.124071789572078e6,2263.6412678629267,74.80298385901935,19.739208802178716,1.0,1.0,0.9460121080054374,0.0021094309633198187,0.0
2.0,2.0,2.390709072615785e7,4889.487777483226,161.57519324749197,49.34802200544679,1.0,2.0,0.4702297657446305,0.0004940200478596032,0.0
3.0,3.0,3.7057606219994925e7,6087.495890757949,201.16387844798192,49.34802200544679,2.0,1.0,0.4612062167072723,0.0007427755626501886,0.0
4.0,4.0,6.6593507617094e7,8160.4845209763125,269.6666651958796,78.95683520871486,2.0,2.0,0.6408207783724518,0.00018193724697009153,0.0
5.0,5.0,1.1534461532488847e8,10739.861047745844,354.9032543310616,98.69604401089359,3.0,1.0,0.4543153940064961,0.00018282207742222102,0.0
6.0,6.0,1.3902792791717407e8,11791.010470573507,389.6389319428361,98.69604401089359,1.0,3.0,0.3714029403021273,9.717537255641095e-5,0.0
7.0,7.0,1.5190591524346775e8,12325.011774577246,407.2852310676963,128.30485721416164,3.0,2.0,0.41035617883794606,0.00010106802260485439,0.0
8.0,8.0,2.379949560576025e8,15427.085144563198,509.7945586360273,128.30485721416164,2.0,3.0,0.2901446559367848,4.690779675728757e-5,0.0
9.0,9.0,3.022143563228527e8,17384.313513131678,574.4719985382709,177.65287921960845,3.0,3.0,0.47285472168703113,4.469276480314097e-5,0.0
10.0,10.0,3.533522881557794e8,18797.667093439533,621.1768658491003,167.7832748185191,1.0,4.0,0.43480886020981396,0.00014729664091979528,0.0
11.0,11.0,3.8748431744375765e8,19684.621343672265,650.4866444813324,167.7832748185191,4.0,1.0,0.3782563336073307,3.21609724416881e-5,0.0
12.0,12.0,4.6120290488088137e8,21475.635144993532,709.671453652972,197.39208802178717,4.0,2.0,0.35829411542180234,0.00011636681186185823,0.0
13.0,13.0,5.483040134369829e8,23415.8923263023,773.7880734885911,246.74011002723395,3.0,4.0,0.3448910378739912,2.4172389145084166e-5,0.0
14.0,14.0,5.983008604450057e8,24460.189296998615,808.2973089191538,177.65287921960845,3.0,3.0,0.22181349500559244,2.296399301078094e-5,0.0
15.0,15.0,8.043369322382721e8,28360.834477114247,937.195779975664,286.21852763159137,5.0,2.0,0.20464493014870408,1.2342345780891626e-5,0.0
16.0,16.0,8.732701417292813e8,29551.14450794218,976.5300787832267,256.6097144283233,5.0,1.0,0.4385038986808872,2.1324178158584505e-5,0.0
17.0,17.0,8.867696004861996e8,29778.67694317865,984.0489844163907,256.6097144283233,1.0,5.0,0.2193178275595873,2.2565574417749316e-5,0.0
18.0,18.0,9.469101558096952e8,30771.90530028479,1016.8706358943535,315.82734083485946,4.0,4.0,0.26055352647487406,1.4949654414860931e-5,0.0
19.0,19.0,1.0654726765725789e9,32641.578953423483,1078.6547931647344,286.21852763159137,5.0,2.0,0.306891018235963,1.191293543142548e-5,0.0
20.0,20.0,1.2689763945768125e9,35622.69493703154,1177.1670327009158,286.21852763159137,2.0,5.0,0.1893877338005463,9.342067673941512e-6,0.0
21.0,21.0,1.3272600653003895e9,36431.58060392644,1203.8970019515893,335.5665496370382,3.0,5.0,0.2607075858307761,8.623986190520072e-6,0.0
22.0,22.0,1.4789535763822377e9,38457.16547513919,1270.8333114179072,404.65378044466365,5.0,4.0,0.2815778174474546,1.13617476371034e-5,0.0
23.0,23.0,1.6863271385753064e9,41064.91371688618,1357.0074558838041,394.78417604357435,2.0,6.0,0.17678596560047483,8.455983727043527e-6,0.0
24.0,24.0,1.881345779405179e9,43374.48304481771,1433.3281519283905,365.17536284030626,1.0,6.0,0.4376580591832626,7.076931920202847e-6,0.0
25.0,25.0,1.8851396264166076e9,43418.19464713621,1434.7726203294148,365.17536284030626,6.0,1.0,0.37196440799321795,6.722657134878194e-6,0.0
26.0,26.0,2.0989157901648793e9,45813.92572313444,1513.94056780973,444.1321980490211,3.0,6.0,0.18108884470196937,6.0126897452532565e-6,0.0
27.0,27.0,2.186860817407998e9,46763.883686109715,1545.3323307979854,394.78417604357435,2.0,6.0,0.3107539700793097,5.433808994430812e-6,0.0
28.0,28.0,2.2420752106778293e9,47350.55660367499,1564.7191856880227,513.2194288566466,6.0,4.0,0.2290291694332936,5.571932267105723e-6,0.0
29.0,29.0,2.443713210066741e9,49433.92772243311,1633.5650661644552,394.78417604357435,6.0,2.0,0.1819199929421495,4.317611496800862e-6,0.0
30.0,30.0,2.6150370084911337e9,51137.43255670091,1689.858104478692,444.1321980490211,6.0,3.0,0.19105411742440215,5.002420400564378e-6,0.0
31.0,31.0,3.119742849691798e9,55854.65826313682,1845.740824672696,513.2194288566466,4.0,6.0,0.18022932245602555,3.7231025218580098e-6,0.0
32.0,32.0,3.1747910067556534e9,56345.28380224607,1861.9537532863626,523.089033257736,2.0,7.0,0.1401477075153015,3.8864465054720966e-6,0.0
33.0,33.0,3.3566674426755605e9,57936.75381548021,1914.5445535170268,602.0458684664509,6.0,5.0,0.22343159032359886,5.9199442578384955e-6,0.0
34.0,34.0,3.624438850272499e9,60203.312618762924,1989.4439485689384,493.4802200544679,7.0,1.0,0.3291855500796049,3.755888570047127e-6,0.0
35.0,35.0,3.6851405176907496e9,60705.358228831414,2006.0342582613832,493.4802200544679,1.0,7.0,0.43674504162883127,3.969107334466929e-6,0.0
36.0,36.0,3.927868160699395e9,62672.706664858466,2071.0461200764553,710.6115168784338,6.0,6.0,0.16506422674672847,3.914624544668251e-6,0.0
37.0,37.0,4.123916960814281e9,64217.73089119765,2122.10209961943,523.089033257736,7.0,2.0,0.31604849798686746,3.1283176099465064e-6,0.0
38.0,38.0,4.22604176450975e9,65008.01307923316,2148.2173090366455,523.089033257736,2.0,7.0,0.19657328510642186,3.2032279531455895e-6,0.0
39.0,39.0,4.643244611439764e9,68141.35756968572,2251.7600040173515,641.5242860708082,4.0,7.0,0.13251816730249052,2.3397641084238327e-6,0.0
40.0,40.0,4.790629106034838e9,69214.37066126397,2287.218175817524,572.4370552631827,7.0,3.0,0.1964119177476861,1.4848766010420563e-5,0.0
41.0,41.0,4.815114380969838e9,69391.02521918694,2293.0558004590866,730.3507256806125,7.0,5.0,0.22118666473113688,1.597062956228309e-5,0.0
42.0,42.0,5.480879169368629e9,74032.96002030872,2446.4505008175706,513.2194288566466,4.0,6.0,0.10925212723689294,2.1346251308143393e-6,0.0
43.0,43.0,5.537387678093401e9,74413.62562120866,2459.0297567288594,838.9163740925954,7.0,6.0,0.13275589861633613,2.4760086909721254e-6,0.0
44.0,44.0,6.426941182207172e9,80168.20555686133,2649.1922865224847,789.5683520871487,4.0,8.0,0.1508713935024302,2.3725279332674936e-6,0.0
45.0,45.0,6.496403035867829e9,80600.26697144266,2663.469938851886,641.5242860708082,1.0,8.0,0.22306558417260064,2.1756721412052922e-6,0.0
46.0,46.0,6.720732079460136e9,81980.07123356345,2709.0661547423438,641.5242860708082,8.0,1.0,0.4375851748436938,2.0850275205769813e-6,0.0
47.0,47.0,6.788099920301385e9,82389.9260850584,2722.6099817948793,838.9163740925954,6.0,7.0,0.17769490064304042,3.458611616987558e-6,0.0
48.0,48.0,6.931763469200607e9,83257.21271577981,2751.269835615377,641.5242860708082,8.0,1.0,0.19991040831249746,1.6874523450024341e-6,0.0
49.0,49.0,7.216645705908865e9,84950.84287933148,2807.236561256012,671.1330992740764,2.0,8.0,0.22326408949098392,1.8807943979127565e-6,0.0
50.0,50.0,7.319936758695516e9,85556.62895822576,2827.2550186524563,671.1330992740764,8.0,2.0,0.31549775713024986,2.098438814326049e-6,0.0
51.0,51.0,7.948804119845724e9,89156.06608552064,2946.1999421070404,967.2212313067571,7.0,7.0,0.18921384099191976,2.565631004219909e-6,0.0
52.0,52.0,8.234718615835309e9,90745.35038135733,2998.7185143811275,720.4811212795231,3.0,8.0,0.20768388769599036,1.5448122625825537e-6,0.0
53.0,53.0,8.553592397476108e9,92485.63346529074,3056.2269055231986,878.3947916969529,8.0,5.0,0.1374999872860074,1.5864853022899464e-6,0.0
54.0,54.0,9.220383508356016e9,96022.82805851959,3173.11499809332,957.3516269056677,4.0,9.0,0.0955529228242776,2.021023695842357e-6,0.0
55.0,55.0,9.318117821653152e9,96530.3984331006,3189.887875967624,986.9604401089358,8.0,6.0,0.19876228268112067,1.7911358617725996e-6,0.0
56.0,56.0,9.39724102482568e9,96939.36777607785,3203.4024410163706,789.5683520871487,8.0,4.0,0.11759854573409541,1.8664409605759354e-6,0.0
57.0,57.0,1.0561329201405924e10,102768.32781263848,3396.022892728385,1115.2652973230975,7.0,8.0,0.1525503674422609,2.304710215486693e-6,0.0
58.0,58.0,1.0725245141657396e10,103562.75943435167,3422.2752219378667,888.2643960980422,9.0,3.0,0.09873794211569739,1.2573220220635015e-6,0.0
59.0,59.0,1.1582197592378593e10,107620.61880689311,3556.368902529295,809.3075608893273,9.0,1.0,0.4467029483881871,1.403080144258412e-6,0.0
60.0,60.0,1.1690702788117939e10,108123.55334578095,3572.988587250845,809.3075608893273,1.0,9.0,0.39373796946396333,1.2285239647775801e-6,0.0
61.0,61.0,1.1953142373901045e10,109330.42748430578,3612.8702540085687,838.9163740925954,9.0,2.0,0.2316056429289087,1.128533521953406e-6,0.0
62.0,62.0,1.206749171881333e10,109852.13570437914,3630.110322971487,1046.178066515472,5.0,9.0,0.1572005012025712,1.1093224815780263e-6,0.0
63.0,63.0,1.2334338942413689e10,111060.06907261354,3670.0269924233185,838.9163740925954,2.0,9.0,0.3346467102362947,1.332889354568527e-6,0.0
64.0,64.0,1.259112684042858e10,112210.19044823237,3708.0332401082933,1154.743714927455,6.0,9.0,0.1846593161217713,3.3307094784095087e-6,0.0
65.0,65.0,1.3078100625622261e10,114359.52354579946,3779.0588620950994,957.3516269056677,4.0,9.0,0.0927676797151798,1.1394647395758322e-6,0.0
66.0,66.0,1.3398286955058952e10,115750.9695642285,3825.0397847505287,888.2643960980422,3.0,9.0,0.11913724434577644,1.419974905135537e-6,0.0
67.0,67.0,1.3544421201416134e10,116380.50180943598,3845.842944264159,888.2643960980422,9.0,3.0,0.21202378898302887,1.9083312142154796e-6,0.0
68.0,68.0,1.4680139054049868e10,121161.62368526541,4003.8371404219797,1263.3093633394378,8.0,8.0,0.19045068175730037,1.465037923101127e-6,0.0
69.0,69.0,1.5084341293479061e10,122818.32637468669,4058.5835820491775,957.3516269056677,9.0,4.0,0.1307363634383787,2.2631841276830308e-6,0.0
70.0,70.0,1.5678063229692398e10,125212.0730189082,4137.685953141453,1154.743714927455,9.0,6.0,0.1432849536838743,1.4254805010528932e-6,0.0
71.0,71.0,1.6680170854660227e10,129151.7357787352,4267.873776635031,1283.0485721416164,9.0,7.0,0.17646733571384204,1.6167050866756724e-6,0.0
72.0,72.0,1.6799776355654728e10,129613.9512384941,4283.147882151043,1233.7005501361698,5.0,10.0,0.08331514566363599,1.4595024172653504e-6,0.0
73.0,73.0,1.6887809577084156e10,129953.10529988946,4294.355371668244,1144.8741105263655,10.0,4.0,0.11531555663419132,2.365222124425718e-6,0.0
74.0,74.0,1.858954599478572e10,136343.48534046547,4505.528185052892,1431.0926381579568,9.0,8.0,0.14755619980224877,2.2743457831788024e-6,0.0
75.0,75.0,1.8871864375122147e10,137374.90445901008,4539.611866408117,1026.4388577132931,2.0,10.0,0.14413357826639744,8.028832123678495e-7,1.0
76.0,76.0,1.905575857780289e10,138042.59696848248,4561.676048006999,996.8300445100251,1.0,10.0,0.4492307913361848,1.0226108901655647e-6,0.0
77.0,77.0,1.906561886632523e10,138078.30700846977,4562.856101393857,996.8300445100251,10.0,1.0,0.4016935255438222,7.004797515662448e-7,1.0
78.0,78.0,1.9874547676542355e10,140977.11756360446,4658.648523207589,1026.4388577132931,10.0,2.0,0.3545860387505235,4.315764151823823e-6,0.0
79.0,79.0,2.0406055288464466e10,142849.7647476693,4720.5309420660715,1026.4388577132931,2.0,10.0,0.20024671787923834,4.270730415795664e-6,0.0
80.0,80.0,2.069872283315705e10,143870.50716931894,4754.261807453129,1075.78687971874,10.0,3.0,0.17054652799043127,7.864866732590995e-7,1.0
81.0,81.0,2.1003745301724964e10,144926.6894044191,4789.163796476756,1342.2661985481527,6.0,10.0,0.1574121083416371,8.704635385669009e-7,1.0
82.0,82.0,2.1331611572026646e10,146053.4545022015,4826.398226074294,1075.78687971874,3.0,10.0,0.2297475075935262,7.632278178376058e-7,1.0
83.0,83.0,2.1778465006245007e10,147575.28589247254,4876.687788532247,1470.5710557623142,7.0,10.0,0.18524048120809322,1.3043359442270242e-6,0.0
84.0,84.0,2.277145488781342e10,150902.13679008465,4986.624984645652,1352.1358029492421,11.0,4.0,0.09243225541561034,1.838371966227734e-6,0.0
85.0,85.0,2.3102644048965683e10,151995.53956931,5022.756942304746,1598.875912976476,9.0,9.0,0.11402647883101458,9.86576956797042e-7,1.0
86.0,86.0,2.3309519808884296e10,152674.5552110249,5045.1953016014795,1144.8741105263655,4.0,10.0,0.13785973185428985,1.0297836326308543e-6,0.0
87.0,87.0,2.5134453875665585e10,158538.49335623696,5238.971619719544,1598.875912976476,9.0,9.0,0.18338267089801544,9.55574328795303e-7,1.0
88.0,88.0,2.5609691505248783e10,160030.283088073,5288.268442858368,1352.1358029492421,4.0,11.0,0.09605040415499441,6.783395233850803e-7,1.0
89.0,89.0,2.6518160741751842e10,162843.9766824424,5381.248138674986,1470.5710557623142,10.0,7.0,0.12674303785176114,1.092072028006201e-6,0.0
90.0,90.0,2.795204894673128e10,167188.66273384474,5524.820128278437,1618.6151217786546,8.0,10.0,0.15820973514046055,8.764110192677289e-7,1.0
91.0,91.0,2.8187852406324738e10,167892.38340771967,5548.074875820135,1440.9622425590462,11.0,5.0,0.11689317569882508,7.171357362496511e-7,1.0
92.0,92.0,2.8279431895965054e10,168164.89495719687,5557.080135322311,1549.5278909710291,11.0,6.0,0.06687774419790624,6.507253336336735e-7,1.0
93.0,93.0,2.973219980279776e10,172430.27519202585,5698.031430648233,1204.0917369329018,1.0,11.0,0.4384082469525891,5.434875506544419e-7,1.0
94.0,94.0,2.9799888724245335e10,172626.44271445012,5704.5138694612615,1204.0917369329018,11.0,1.0,0.45307281213769723,4.954919496521304e-7,1.0
95.0,95.0,3.0435586658304134e10,174457.97963493713,5765.03778225851,1233.7005501361698,2.0,11.0,0.16939043428144032,7.542233008326602e-7,1.0
96.0,96.0,3.0857040201054874e10,175661.72093274866,5804.815922968782,1233.7005501361698,11.0,2.0,0.33687320196972304,5.396595813922405e-7,1.0
97.0,97.0,3.0957738551273785e10,175948.11323590198,5814.279877851682,1283.0485721416164,11.0,3.0,0.14713649019818406,4.808352368149945e-7,1.0
98.0,98.0,3.099004152086342e10,176039.8861646514,5817.312553128193,1786.3983965971738,10.0,9.0,0.11393686287524682,7.595140580226505e-7,1.0
99.0,99.0,3.2268934884901062e10,179635.56130371586,5936.1331600893145,1283.0485721416164,3.0,11.0,0.2571752971931719,5.627540456445716e-7,1.0
100.0,100.0,3.3445223474118813e10,182880.35289259153,6043.358671611154,1283.0485721416164,11.0,3.0,0.09646987400916128,6.128056211367083e-7,1.0
101.0,101.0,3.359033412906978e10,183276.66007724436,6056.454810278386,1352.1358029492421,11.0,4.0,0.11805657934106338,5.379817885068186e-7,1.0
102.0,102.0,3.4184787600388935e10,184891.2858963043,6109.810803914039,1677.832748185191,7.0,11.0,0.1511855525177805,5.572151813004553e-7,1.0
103.0,103.0,3.4539855903943634e10,185849.01372873527,6141.459325527317,1352.1358029492421,4.0,11.0,0.15187218983784354,6.395078584556908e-7,1.0
104.0,104.0,3.5389438356925964e10,188120.80787867663,6216.5317248256,1825.8768142015313,11.0,8.0,0.17630687602292963,6.195995611743208e-7,1.0
105.0,105.0,3.681137992998109e10,191862.91963269268,6340.191391712031,1667.9631437841015,12.0,5.0,0.10036920070194844,1.1537912474725838e-6,0.0
106.0,106.0,3.713454066669096e10,192703.24508604145,6367.960302014023,1973.9208802178716,10.0,10.0,0.10373733035041892,5.5383317474842e-7,1.0
107.0,107.0,3.738611887931061e10,193354.9039443029,6389.494644821856,1440.9622425590462,11.0,5.0,0.08473252072400421,1.2217969581412714e-6,0.0
108.0,108.0,4.011340499068352e10,200283.31181275068,6618.446815516945,1973.9208802178716,10.0,10.0,0.17502366332447944,6.008764043825825e-7,1.0
109.0,109.0,4.0518794040115074e10,201292.80672720293,6651.806002267779,1667.9631437841015,12.0,5.0,0.09614241508634092,7.69515204824414e-7,1.0
110.0,110.0,4.1793653473213264e10,204434.9614748252,6755.6398359258965,1825.8768142015313,8.0,11.0,0.10253726971696264,7.920392076342961e-7,1.0
111.0,111.0,4.387808486788225e10,209470.96425968505,6922.056679609566,1776.5287921960844,6.0,12.0,0.10911190405468024,4.619441397661063e-7,1.0
112.0,112.0,4.4012079002939354e10,209790.55985181828,6932.617851231219,1431.0926381579568,12.0,1.0,0.18219745163611067,6.508698420124089e-7,1.0
113.0,113.0,4.4044571111920105e10,209867.9849617852,6935.176396762864,1993.6600890200502,9.0,11.0,0.14366698484365853,6.63448319282426e-7,1.0
114.0,114.0,4.419916972464003e10,210235.98579843563,6947.33714017874,1431.0926381579568,1.0,12.0,0.46626938035627813,3.720851024617076e-7,1.0
115.0,115.0,4.447987470012825e10,210902.52416727555,6969.3631827118925,1431.0926381579568,12.0,1.0,0.14760950800224115,4.3403259656806876e-7,1.0
116.0,116.0,4.5073050034857086e10,212304.14511934778,7015.680340356445,1460.701451361225,12.0,2.0,0.322108185103033,6.039149359841708e-7,1.0
117.0,117.0,4.5245367868689224e10,212709.58574706787,7029.078297515872,1460.701451361225,2.0,12.0,0.3066612736576165,3.6349230058360545e-7,1.0
118.0,118.0,4.649279916801109e10,215621.8893526608,7125.316602893384,1510.0494733666717,12.0,3.0,0.2285040119125259,5.146407782685573e-7,1.0
119.0,119.0,4.7099521546352196e10,217024.2418402889,7171.657934440027,1510.0494733666717,3.0,12.0,0.21288590286106,1.3509436141783645e-6,0.0
120.0,120.0,4.744120146638191e10,217810.01231895175,7197.62405251129,1579.1367041742974,4.0,12.0,0.12167569139019148,1.4635860425965037e-6,0.0
121.0,121.0,4.777179794010501e10,218567.60496492844,7222.659022174221,2181.1825726407483,10.0,11.0,0.13094005880625917,5.79030214124089e-7,1.0
122.0,122.0,4.902326727248768e10,221411.98538581346,7316.652777162282,1579.1367041742974,12.0,4.0,0.16930044173346212,3.9880532879593304e-7,1.0
123.0,123.0,5.0892688041389244e10,225594.07802819036,7454.851798741343,1667.9631437841015,5.0,12.0,0.07840031160335387,3.457411725633643e-7,1.0
124.0,124.0,5.095420032811037e10,225730.37085893066,7459.355653023693,1914.7032538113353,5.0,13.0,0.07819861672548845,4.1909809354545926e-7,1.0
125.0,125.0,5.210682962929279e10,228269.2042946065,7543.252478552453,2052.8777154265863,8.0,12.0,0.14082162709533824,6.378177505472361e-7,1.0
126.0,126.0,5.214341023343532e10,228349.31625348766,7545.899812143769,1667.9631437841015,12.0,5.0,0.08876353410716109,4.984628485520836e-7,1.0
127.0,127.0,5.419144518450442e10,232790.5607719188,7692.662617161812,2220.6609902451055,9.0,12.0,0.1604388385923982,5.528572513940343e-7,1.0
128.0,128.0,5.532035204652231e10,235202.7891980074,7772.375726558924,2023.2689022233185,13.0,6.0,0.09745926358323398,6.95394815384755e-7,1.0
129.0,129.0,5.5635311945162025e10,235871.38856835102,7794.469875759154,2388.4442650636247,11.0,11.0,0.07524038385396907,3.7454725057201327e-7,1.0
130.0,130.0,5.5846834281564384e10,236319.3480897499,7809.272887757752,2408.1834738658035,10.0,12.0,0.06693940949181959,6.107105958511838e-7,1.0
131.0,131.0,5.968583106343722e10,244306.83793835412,8073.222870779267,2388.4442650636247,11.0,11.0,0.16124411904767708,4.5746445134740465e-7,1.0
132.0,132.0,5.9691031668351746e10,244317.48129913205,8073.574585141336,2023.2689022233185,6.0,13.0,0.085319421367676,1.2268320191468042e-6,0.0
133.0,133.0,6.116597077060154e10,247317.5504702437,8172.713140781149,3602.405606397616,19.0,2.0,0.06239517442932037,1.0183278978302112e-6,0.0
134.0,134.0,6.156305463407261e10,248119.03319590903,8199.198476705347,1677.832748185191,13.0,1.0,0.4644891793941612,4.1375535565260183e-7,1.0
135.0,135.0,6.159013707551257e10,248173.60269680692,8201.001748960898,1677.832748185191,1.0,13.0,0.4612816835519255,2.956283002027013e-7,1.0
136.0,136.0,6.2468771440255714e10,249937.53507677815,8259.291641100901,1707.441561388459,2.0,13.0,0.3653971372570187,3.5099013238758946e-7,1.0
137.0,137.0,6.268350928918463e10,250366.74956787817,8273.475215638808,1707.441561388459,13.0,2.0,0.20373497693156176,2.6881585316039515e-7,1.0
138.0,138.0,6.326542071626376e10,251526.18296365044,8311.789182971379,1756.7895833939058,3.0,13.0,0.1431923148890457,3.4970266922966135e-7,1.0
139.0,139.0,6.373498814948283e10,252457.89381495447,8342.577962430752,1756.7895833939058,3.0,13.0,0.24175527616661482,3.598017789343589e-7,1.0
140.0,140.0,6.459371864417242e10,254152.94341040478,8398.5915937993,2299.6178254538204,13.0,8.0,0.0610417860874833,3.7031091875855647e-7,1.0
141.0,141.0,6.463092440455868e10,254226.128485171,8401.010025573001,2151.57375943748,13.0,7.0,0.05973953574161726,4.990826060099257e-7,1.0
142.0,142.0,6.552652929168678e10,255981.5018545027,8459.01708158353,2408.1834738658035,10.0,12.0,0.13087876625008119,4.735906181067201e-7,1.0
143.0,143.0,6.588148995490885e10,256673.89807868827,8481.89760789179,1825.8768142015313,4.0,13.0,0.1726032323065105,6.085091859792564e-7,1.0
144.0,144.0,6.6829321285666855e10,258513.677173311,8542.693886822131,1825.8768142015313,4.0,13.0,0.08835070643227504,2.722132059339672e-7,1.0
145.0,145.0,6.7610213678670906e10,260019.64094789245,8592.459097203118,2388.4442650636247,11.0,11.0,0.11624324220629184,3.65263611259165e-7,1.0
146.0,146.0,6.885869051809639e10,262409.3948739191,8671.429527232593,2615.44516628868,12.0,11.0,0.10097561647670511,4.083459140173214e-7,1.0
147.0,147.0,6.908195241949721e10,262834.4582042035,8685.475924904227,1914.7032538113353,13.0,5.0,0.08321693117662783,3.4037036328355054e-7,1.0
148.0,148.0,7.150949557369473e10,267412.5942690335,8836.762369016984,3444.491935980186,5.0,18.0,0.07796129039544485,4.0543816566167516e-7,1.0
149.0,149.0,7.190850863525214e10,268157.61901398987,8861.38202707091,2289.748221052731,6.0,14.0,0.06532507360685356,2.6718559937705123e-7,1.0
150.0,150.0,7.30335249595386e10,270247.155321825,8930.431638830016,2418.0530782668925,7.0,14.0,0.07329448526701324,3.932091936950051e-7,1.0
151.0,151.0,7.397022671734433e10,271974.6802872362,8987.518432545216,2467.4011002723396,13.0,9.0,0.12112674994419712,3.1522078710316854e-7,1.0
152.0,152.0,7.707254171133405e10,277619.41882968857,9174.051207006463,2418.0530782668925,14.0,7.0,0.08381520139537138,4.5739255796471595e-7,1.0
153.0,153.0,7.707307780512857e10,277620.3843472748,9174.083112943788,3553.057584392169,6.0,18.0,0.06032865091807832,3.6623463810552194e-7,1.0
154.0,154.0,7.751202236009727e10,278409.81010032183,9200.170021104295,2862.1852763159136,13.0,11.0,0.08058169574537102,2.9149911360503393e-7,1.0
155.0,155.0,7.811123063852473e10,279483.8647194588,9235.662610623507,2654.923583893037,10.0,13.0,0.1451274675348109,4.79284583958705e-7,1.0
156.0,156.0,7.939695894598279e10,281774.65987200267,9311.362906095605,1944.3120670146036,1.0,14.0,0.4556219116197525,1.9732648800169608e-7,1.0
157.0,157.0,7.94062988862777e10,281791.2328059155,9311.910565711809,1944.3120670146036,14.0,1.0,0.41979888275546917,3.1614780157974826e-7,1.0
158.0,158.0,8.01261402543177e10,283065.6112181727,9354.022939768478,1973.9208802178716,14.0,2.0,0.3549042062107362,2.003848865419829e-7,1.0
159.0,159.0,8.021057220772e10,283214.71043665794,9358.949986554595,1973.9208802178716,2.0,14.0,0.31868550884088426,5.365259605209946e-7,1.0
160.0,160.0,8.089065192121654e10,284412.8195444371,9398.542009161232,2023.2689022233185,3.0,14.0,0.10866951532016032,4.488369434136831e-7,1.0
161.0,161.0,8.100411754182259e10,284612.22310684866,9405.131384285403,2023.2689022233185,3.0,14.0,0.21443015408913776,2.459608291644654e-7,1.0
162.0,162.0,8.220870375187117e10,286720.6022452366,9474.80366535599,2852.3156719148246,15.0,8.0,0.07331616569622423,4.3588974019488283e-7,1.0
163.0,163.0,8.252974131944476e10,287279.90065343026,9493.285917996658,2842.446067513735,12.0,12.0,0.1318684537681044,5.844879927018052e-7,1.0
164.0,164.0,8.289896419816309e10,287921.80222790194,9514.49782723156,2092.356133030944,14.0,4.0,0.1438370455231173,4.37838765411911e-7,1.0
165.0,165.0,8.31980654053132e10,288440.74851746106,9531.646627031556,2092.356133030944,4.0,14.0,0.12593949559833323,2.6149773975629196e-7,1.0
166.0,166.0,8.344584820364792e10,288869.95032998483,9545.829782600542,3010.229342332254,4.0,17.0,0.05596984668570572,3.855185451167472e-7,1.0
167.0,167.0,8.579890618248407e10,292914.50319587125,9679.483744047127,2575.9667486843223,6.0,15.0,0.06406141992748998,2.2772665430953472e-7,1.0
168.0,168.0,8.612865020665521e10,293476.8307833775,9698.066097200383,3020.0989467333434,15.0,9.0,0.060282636642523195,4.5860880545680895e-7,1.0
169.0,169.0,8.676761142290569e10,294563.4251276042,9733.973067243047,3128.6645951453265,11.0,14.0,0.05399919610104242,8.366028952676448e-7,1.0
170.0,170.0,8.77028425478081e10,296146.6571612925,9786.291639952615,3099.0557819420583,17.0,5.0,0.07222752594487857,3.104391225903288e-7,1.0
171.0,171.0,8.857638540272995e10,297617.8512837057,9834.907872460275,2852.3156719148246,8.0,15.0,0.07257635306169362,3.6008167555206687e-7,1.0
172.0,172.0,8.990188583380293e10,299836.43179874413,9908.221804668727,2704.2716058984843,7.0,15.0,0.0665007834619619,2.8798910499858467e-7,1.0
173.0,173.0,9.081006429244789e10,301347.08276744257,9958.141905363324,3207.6214303540414,6.0,17.0,0.06361454228168857,3.0158171803964206e-7,1.0
174.0,174.0,9.195780935258054e10,303245.4605638484,10020.874603197963,2862.1852763159136,13.0,11.0,0.10707500214079335,2.6692115849788017e-7,1.0
175.0,175.0,9.21881101160379e10,303624.94975880673,10033.414984276958,3010.229342332254,16.0,7.0,0.08709510280221008,3.1380534880894414e-7,1.0
176.0,176.0,9.327919399632819e10,305416.42718807416,10092.615114230324,2230.530594646195,15.0,1.0,0.3881420097022295,3.310025477497164e-7,1.0
177.0,177.0,9.32906979166471e10,305435.25977962516,10093.237445189658,2230.530594646195,1.0,15.0,0.4043692977508309,3.317991998808731e-7,1.0
178.0,178.0,9.384794270155193e10,306346.11585843866,10123.337069864596,2260.139407849463,2.0,15.0,0.21823684347524477,5.083413954829641e-7,1.0
179.0,179.0,9.394029484942154e10,306496.81050448393,10128.316838229752,2260.139407849463,15.0,2.0,0.17806607700894783,5.105659258002726e-7,1.0
180.0,180.0,9.434629956582146e10,307158.42746996455,10150.180250905745,2842.446067513735,12.0,12.0,0.143666161690237,4.252010379844119e-7,1.0
181.0,181.0,9.440370313754105e10,307251.85619869095,10153.26764279337,2309.48742985491,15.0,3.0,0.07105942147977956,2.213632872703638e-7,1.0
182.0,182.0,9.460463891660097e10,307578.67110155895,10164.06737959407,2309.48742985491,3.0,15.0,0.11212005219370644,1.8491423520848339e-7,1.0
183.0,183.0,9.513999809920628e10,308447.7234463018,10192.785582181805,3089.186177540969,13.0,12.0,0.08001502634281461,3.2608511312600815e-7,1.0
184.0,184.0,9.595727554443459e10,309769.71373011044,10236.47131068722,2921.40290272245,14.0,10.0,0.061010485702881916,2.382830599934007e-7,1.0
185.0,185.0,9.610930745671983e10,310015.01166349964,10244.577284726687,2615.44516628868,3.0,16.0,0.0780004302609301,2.084209145348139e-7,1.0
186.0,186.0,9.621663420726613e10,310188.06264469,10250.295827649785,2615.44516628868,16.0,3.0,0.07153935201886229,3.120283762915275e-7,1.0
187.0,187.0,9.710814769901666e10,311621.8023486429,10297.67436304558,2684.5323970963054,4.0,16.0,0.08501680964886434,2.354949597297439e-7,1.0
188.0,188.0,9.866175638060959e10,314104.69016015914,10379.722441743115,2881.9244851180924,16.0,6.0,0.0988356857066097,2.010031260748798e-7,1.0
189.0,189.0,9.883486650336646e10,314380.13057979103,10388.824486999294,3326.0566831671135,9.0,16.0,0.10338694722849805,2.16601309495509e-7,1.0
190.0,190.0,9.975208896201822e10,315835.54100515385,10436.919140556944,2773.3588367061097,5.0,16.0,0.11109660456844025,2.586583670316769e-7,1.0
191.0,191.0,1.0002267264055898e11,316263.61257748096,10451.064946860219,2881.9244851180924,6.0,16.0,0.06834644730081356,2.3718292860600087e-7,1.0
192.0,192.0,1.0079015186233353e11,317474.6475899037,10491.084111457129,3010.229342332254,16.0,7.0,0.0763320675631579,2.2529268310665505e-7,1.0
193.0,193.0,1.009329247290511e11,317699.42513176054,10498.511980472462,3355.665496370382,12.0,14.0,0.06470223630529291,2.616310871660923e-7,1.0
194.0,194.0,1.0353906963265028e11,321774.8741475168,10633.186918269334,3010.229342332254,7.0,16.0,0.09379896468875086,5.260566115373671e-7,1.0
195.0,195.0,1.0377167906736012e11,322136.11884940835,10645.12440235234,2881.9244851180924,6.0,16.0,0.10119361351977922,2.0599958292665255e-7,1.0
196.0,196.0,1.0391555558379271e11,322359.35783499863,10652.501429124599,2881.9244851180924,16.0,6.0,0.08220839832969448,4.182745947256023e-7,1.0
197.0,197.0,1.0616527260148788e11,325830.1284434696,10767.194513002203,3010.229342332254,7.0,16.0,0.08428646227622485,2.4751089744681565e-7,1.0
198.0,198.0,1.0622239822020088e11,325917.778312569,10770.090940027356,3335.926287568203,13.0,13.0,0.11709445630655702,2.80501723233522e-7,1.0
199.0,199.0,1.080491817521448e11,328708.3536391261,10862.306682898532,3089.186177540969,12.0,13.0,0.12611526101150666,2.9563015739523854e-7,1.0
200.0,200.0,1.0911806499890724e11,330330.2362771341,10915.902481188017,3010.229342332254,16.0,7.0,0.05752075491924554,2.644659854333408e-7,1.0
201.0,201.0,1.097381993071484e11,331267.5645262427,10946.876889935596,3513.5791667878116,16.0,10.0,0.10067943972422992,2.2932944857003897e-7,1.0
202.0,202.0,1.108465924262589e11,332936.3188753352,11002.0215837579,3010.229342332254,7.0,16.0,0.03728478402079871,1.9831907991422385e-7,1.0
203.0,203.0,1.1275803780408852e11,335794.63635396044,11096.475894718316,3158.273408348595,8.0,16.0,0.07296806287843134,3.983651057148035e-7,1.0
204.0,204.0,1.1284214478101074e11,335919.8487452189,11100.613591187817,3326.0566831671135,9.0,16.0,0.09560099704291328,2.1245437626047371e-7,1.0
205.0,205.0,1.1602149345228001e11,340619.27933145536,11255.908264102447,3020.0989467333434,15.0,9.0,0.04949147806858773,1.9657280311649643e-7,1.0
206.0,206.0,1.1679968385724513e11,341759.6872910044,11293.593527841864,3720.840859210688,11.0,16.0,0.13529142658938256,2.1938818676966617e-7,1.0
207.0,207.0,1.1949330441110529e11,345678.03576609446,11423.077011774321,3020.0989467333434,9.0,15.0,0.03933698452823798,2.1198069938145175e-7,1.0
208.0,208.0,1.2032483846992792e11,346878.7085854765,11462.753753316054,3641.884024001973,12.0,15.0,0.07202275450003502,2.217084008967144e-7,1.0
209.0,209.0,1.2310470296203545e11,350862.79791684303,11594.409671671201,3335.926287568203,13.0,13.0,0.10427164048293094,3.1527402758269973e-7,1.0
210.0,210.0,1.2419775712481357e11,352417.02161617216,11645.769651693116,3641.884024001973,12.0,15.0,0.06227725210929268,1.8653453243616836e-7,1.0
211.0,211.0,1.2524608893922095e11,353901.24178818724,11694.816335523585,3513.5791667878116,16.0,10.0,0.13230876839623604,2.0108502725554158e-7,1.0
212.0,212.0,1.2874024222712097e11,358803.90497752524,11856.826915832755,3128.6645951453265,11.0,14.0,0.05577052042570842,2.5937311632216644e-7,1.0
213.0,213.0,1.2946024178826161e11,359805.83901357354,11889.936250156334,3335.926287568203,13.0,13.0,0.060711804502936624,2.8908690999410414e-7,1.0
214.0,214.0,1.3358555266358444e11,365493.5740387024,12077.889861587337,3414.883122776918,15.0,11.0,0.0730120669257453,3.0360179751373146e-7,1.0
215.0,215.0,1.386145935706289e11,372309.8085877256,12303.135217460902,3355.665496370382,12.0,14.0,0.07562969593753838,4.671987924474698e-7,1.0
216.0,216.0,1.3870289754592184e11,372428.3790823705,12307.053429645403,3720.840859210688,11.0,16.0,0.13990157696036853,2.6107630193015105e-7,1.0
217.0,217.0,1.397274980640071e11,373801.4152782291,12352.425991921415,3720.840859210688,11.0,16.0,0.15007203116939127,2.1082565636493282e-7,1.0
218.0,218.0,1.4511894953920267e11,380944.81167119555,12588.482549410364,3641.884024001973,12.0,15.0,0.07933183452215649,2.917025530818447e-7,1.0
219.0,219.0,1.4953823442190015e11,386701.73832283216,12778.722627427005,3641.884024001973,12.0,15.0,0.0923972291232296,8.731610674484298e-7,1.0
220.0,220.0,1.557850285559883e11,394696.12178990094,13042.90041298864,3513.5791667878116,16.0,10.0,0.02185208412879485,1.8638155639741225e-7,1.0
221.0,221.0,1.564525472025511e11,395540.8287428127,13070.814111798307,3355.665496370382,14.0,12.0,0.043946016853671936,5.300272401782874e-7,1.0
222.0,222.0,1.6206821947099704e11,402576.9733491932,13303.326488601591,3335.926287568203,13.0,13.0,0.07084121509071792,2.565983460779812e-7,1.0
223.0,223.0,1.7283544038703513e11,415734.81979145686,13738.133093788338,3602.405606397616,13.0,14.0,0.02974745330795324,2.0373469901475535e-7,1.0
224.0,224.0,1.7371360200762778e11,416789.6375962672,13772.989994635496,3602.405606397616,13.0,14.0,0.0356110413948919,1.5141196127001483e-7,1.0
225.0,225.0,1.8652329395162402e11,431883.426345147,14271.770632797228,3513.5791667878116,16.0,10.0,0.01309170412737437,6.220509637213168e-7,1.0
226.0,226.0,3.846153845894417e12,1.9611613513156986e6,64807.40698189292,3207.6214303540414,18.0,1.0,0.003387397122618384,9.961317334186363e-8,1.0
227.0,227.0,3.8461538459045493e12,1.9611613513182818e6,64807.40698197828,3207.6214303540414,1.0,18.0,0.0032230077346589634,9.53429451723319e-8,1.0
228.0,228.0,3.8461538459140005e12,1.9611613513206914e6,64807.40698205791,3237.230243557309,2.0,18.0,0.0015218064424134161,1.044409600939292e-7,1.0
229.0,229.0,3.8467549061690903e12,1.9613145862326855e6,64812.47069458659,78.95683520871486,2.0,2.0,0.008309545361644554,8.086720446534066e-7,1.0
230.0,230.0,3.846886486022286e12,1.961348129736862e6,64813.57915388052,49.34802200544679,1.0,2.0,0.006851843989477559,1.2153879151229916e-7,1.0
231.0,231.0,3.846887136889894e12,1.9613482956603842e6,64813.58463689355,49.34802200544679,2.0,1.0,0.006792192863600407,1.355805712816719e-6,0.0
232.0,232.0,3.8469176975099688e12,1.9613560863621803e6,64813.84208393208,3572.7967931943476,1.0,19.0,0.0062006269604564035,3.8592274864429997e-7,1.0
233.0,233.0,3.8472363182687417e12,1.9614373092884568e6,64816.52612991123,98.69604401089359,1.0,3.0,0.00337722407410009,1.7852259216071975e-6,0.0
234.0,234.0,3.8477370860945234e12,1.9615649584182838e6,64820.74434943816,128.30485721416164,3.0,2.0,0.0066291343260005626,6.706821962856616e-8,1.0
235.0,235.0,3.847737244366883e12,1.9615649987616732e6,64820.74568260254,128.30485721416164,2.0,3.0,0.006597966954161447,1.2407050898760292e-6,0.0
236.0,236.0,3.847913922583965e12,1.9616100332594053e6,64822.23386664246,19.739208802178716,1.0,1.0,0.48798386517375975,2.3134943424409565e-7,1.0
237.0,237.0,3.848355630572399e12,1.9617226181528312e6,64825.95428210108,197.39208802178717,4.0,2.0,0.004166647909969698,8.279853394783944e-8,1.0
238.0,238.0,3.849078329470629e12,1.9619068095785358e6,64832.04096572872,246.74011002723395,3.0,4.0,0.0019583612593650356,3.034632531969974e-7,1.0
239.0,239.0,3.8490823745442285e12,1.9619078404818685e6,64832.07503236571,246.74011002723395,3.0,4.0,0.0019580490667843006,2.68781851366504e-7,1.0
240.0,240.0,3.849253684921081e12,1.9619514991255724e6,64833.517750726896,19.739208802178716,1.0,1.0,0.33937121617303156,1.990893910380799e-7,1.0
241.0,241.0,3.849267029550651e12,1.9619548999787562e6,64833.63013335988,3237.230243557309,18.0,2.0,0.006223227659045805,4.012956873841927e-7,1.0
242.0,242.0,3.849453481533138e12,1.9620024162913607e6,64835.20033002278,78.95683520871486,2.0,2.0,0.018421645995101456,9.155301797836166e-8,1.0
243.0,243.0,3.8506038625722573e12,1.9622955594334553e6,64844.887369236014,335.5665496370382,5.0,3.0,0.004880007751698529,6.793354424062592e-8,1.0
244.0,244.0,3.8506479967146733e12,1.9623068049402146e6,64845.258981766914,49.34802200544679,1.0,2.0,0.014584456047620488,3.6722202176398613e-7,1.0
245.0,245.0,3.850648608433207e12,1.9623069608074082e6,64845.264132464305,49.34802200544679,2.0,1.0,0.014354283492303905,9.32924958187072e-8,1.0
246.0,246.0,3.8515667426860815e12,1.9625408894303532e6,64852.994402827695,49.34802200544679,1.0,2.0,0.03281976942050527,7.530287688147005e-7,1.0
247.0,247.0,3.851573298373612e12,1.9625425596337044e6,64853.04959540441,49.34802200544679,1.0,2.0,0.03213737806839803,1.5917630997423268e-7,1.0
248.0,248.0,3.851692140595221e12,1.962572837016558e6,64854.05012433673,3237.230243557309,18.0,2.0,0.0018952430773295852,6.17777114591269e-7,1.0
249.0,249.0,3.8521087203228467e12,1.962678965170526e6,64857.55717410692,78.95683520871486,2.0,2.0,0.06065868911764167,2.523286018305879e-7,1.0
250.0,250.0,3.852459993039863e12,1.9627684512035195e6,64860.51427794517,49.34802200544679,1.0,2.0,0.2831462543282021,1.0008860009410244e-8,1.0
251.0,251.0,3.852464389918633e12,1.9627695712738754e6,64860.55129114419,49.34802200544679,2.0,1.0,0.28272629658500886,2.2644943930046673e-8,1.0
252.0,252.0,3.852950838454689e12,1.9628934862734373e6,64864.64611475592,19.739208802178716,1.0,1.0,0.04909198630671929,1.6425706857189986e-7,1.0
253.0,253.0,3.8533771710853096e12,1.96300208127381e6,64868.23468250973,3651.7536284030625,19.0,3.0,0.00638075636445631,1.2181872308526321e-6,0.0
254.0,254.0,3.853779505302953e12,1.963104557914059e6,64871.62106646344,49.34802200544679,1.0,2.0,0.03241650176879221,2.238668491052551e-7,1.0
255.0,255.0,3.8537958917902036e12,1.9631087315251296e6,64871.758985207896,49.34802200544679,1.0,2.0,0.032953219512373066,2.806377771340118e-7,1.0
256.0,256.0,3.853826977408837e12,1.9631166489561533e6,64872.02062006739,513.2194288566466,6.0,4.0,0.005488993340309747,2.903687725293336e-7,1.0
257.0,257.0,3.855436951815782e12,1.9635266618550874e6,64885.56966986445,78.95683520871486,2.0,2.0,0.46716083003598047,4.656554478295284e-8,1.0
258.0,258.0,3.85573874498857e12,1.9636035101283991e6,64888.109153584664,49.34802200544679,2.0,1.0,0.023607743412185894,3.7403262027662264e-7,1.0
259.0,259.0,3.855740816759406e12,1.963604037671395e6,64888.12658646627,49.34802200544679,1.0,2.0,0.024079515077177982,3.0625772370205476e-8,1.0
260.0,260.0,3.856048001764968e12,1.9636822558053958e6,64890.71133781278,49.34802200544679,1.0,2.0,0.024946319249224958,4.127636092480359e-8,1.0
261.0,261.0,3.8560608082972334e12,1.9636855166490467e6,64890.81909377149,49.34802200544679,2.0,1.0,0.025889959244526237,2.3222679421055815e-7,1.0
262.0,262.0,3.856148418497489e12,1.9637078241167876e6,64891.556253485374,710.6115168784338,6.0,6.0,0.0037760950250298455,1.1239202970109845e-6,0.0
263.0,263.0,3.857147684462842e12,1.9639622410990598e6,64899.963570355125,98.69604401089359,3.0,1.0,0.01656025512031333,6.243642245429225e-8,1.0
264.0,264.0,3.8573621078035903e12,1.9640168298167891e6,64901.767477639005,197.39208802178717,2.0,4.0,0.0011909277301526383,7.422026138382613e-7,1.0
265.0,265.0,3.8579781626349854e12,1.9641736589810448e6,64906.94996375507,98.69604401089359,1.0,3.0,0.01917254630311991,1.0828872613686899e-7,1.0
266.0,266.0,3.8582246321070737e12,1.9642363992419736e6,64909.02324223439,98.69604401089359,3.0,1.0,0.06435556376727591,2.518719441516492e-8,1.0
267.0,267.0,3.8590444594528965e12,1.964445076720878e6,64915.91907785457,128.30485721416164,2.0,3.0,0.006736812662199197,2.9958979708073474e-8,1.0
268.0,268.0,3.859058856809814e12,1.9644487412019216e6,64916.04017218176,128.30485721416164,2.0,3.0,0.007559032049964022,1.9268670977507254e-7,1.0
269.0,269.0,3.85955417806875e12,1.9645748084684254e6,64920.206118365604,98.69604401089359,1.0,3.0,0.31774562805024975,2.9913904692668755e-7,1.0
270.0,270.0,3.859558895632373e12,1.9645760091257282e6,64920.24579459439,3355.665496370382,18.0,4.0,0.00654323269208885,6.350018415172901e-8,1.0
271.0,271.0,3.8598139095058726e12,1.9646409110842298e6,64922.390507285025,78.95683520871486,2.0,2.0,0.2539120957484752,1.993060808272034e-7,1.0
272.0,272.0,3.8603988675629272e12,1.9647897769387257e6,64927.30984245933,98.69604401089359,1.0,3.0,0.29371758410292614,9.36430550438686e-9,1.0
273.0,273.0,3.8604850467761997e12,1.9648117077155765e6,64928.03455426331,128.30485721416164,2.0,3.0,0.11476116661455277,4.61915826849409e-8,1.0
274.0,274.0,3.8605084232050747e12,1.9648176564773319e6,64928.231133613524,128.30485721416164,3.0,2.0,0.10996072215280592,7.706315398949807e-8,1.0
275.0,275.0,3.861960823972148e12,1.9651872236436273e6,64940.44363705552,98.69604401089359,1.0,3.0,0.06076217367544971,6.187198367625386e-8,1.0
276.0,276.0,3.861976009640253e12,1.9651910873093875e6,64940.571313525994,128.30485721416164,2.0,3.0,0.01246222637497657,2.2605606910266356e-8,1.0
277.0,277.0,3.8619953513276025e12,1.9651960083736184e6,64940.73393217651,128.30485721416164,3.0,2.0,0.012330115005664865,8.054360636561171e-8,1.0
278.0,278.0,3.863143066491227e12,1.965487997035654e6,64950.38282110752,602.0458684664509,6.0,5.0,0.004057044444025366,3.545062795168744e-8,1.0
279.0,279.0,3.8631499559318384e12,1.9654897496379467e6,64950.440736592136,602.0458684664509,5.0,6.0,0.003957053266889945,3.049265810623901e-7,1.0
280.0,280.0,3.863298229453691e12,1.9655274685065306e6,64951.68717257027,986.9604401089358,8.0,6.0,0.0036949510056360183,1.7474505773663498e-7,1.0
281.0,281.0,3.8645225138447544e12,1.9658388829822128e6,64961.97799573587,128.30485721416164,2.0,3.0,0.10982178727144311,1.1874352423281352e-8,1.0
282.0,282.0,3.8645988499782607e12,1.9658582985500915e6,64962.61959139471,128.30485721416164,3.0,2.0,0.11040616931828756,4.189653450203102e-7,1.0
283.0,283.0,3.8647191001753745e12,1.965888882967543e6,64963.63026641529,177.65287921960845,3.0,3.0,0.15545014377175329,1.1835020117788977e-7,1.0
284.0,284.0,3.865405729841083e12,1.9660635111412557e6,64969.400928332885,98.69604401089359,1.0,3.0,0.030154609804495143,1.7787073851531525e-8,1.0
285.0,285.0,3.866008487614327e12,1.966216795680051e6,64974.46628080022,710.6115168784338,6.0,6.0,0.009419787131214288,1.7201317456872414e-7,1.0
286.0,286.0,3.866208403954178e12,1.96626763283999e6,64976.14621626895,128.30485721416164,3.0,2.0,0.07554207718998515,1.605796717850054e-8,1.0
287.0,287.0,3.8662105498199395e12,1.9662681785097218e6,64976.16424815621,128.30485721416164,2.0,3.0,0.07672967575537674,3.7789094895772184e-7,1.0
288.0,288.0,3.8665637259447607e12,1.966357985196175e6,64979.131948123766,197.39208802178717,2.0,4.0,0.021842312987694734,2.8042015362043493e-8,1.0
289.0,289.0,3.868086066596835e12,1.9667450436182201e6,64991.92245751577,1263.3093633394378,8.0,8.0,0.002433823725982926,2.162034676586867e-7,1.0
290.0,290.0,3.8682762936080005e12,1.9667934038957932e6,64993.520543358296,3809.6672988204923,19.0,5.0,0.00692373728894805,1.1719294914216814e-7,1.0
291.0,291.0,3.8683764243252563e12,1.9668188590526725e6,64994.36171979212,197.39208802178717,4.0,2.0,0.01483062436142956,5.7490919653302826e-8,1.0
292.0,292.0,3.8691612831328906e12,1.9670183738676389e6,65000.95477130406,167.7832748185191,4.0,1.0,0.210501538900461,7.287016237717575e-9,1.0
293.0,293.0,3.869176554788427e12,1.9670222557938755e6,65001.083051199705,167.7832748185191,1.0,4.0,0.20944748491793633,7.04765911796344e-8,1.0
294.0,294.0,3.869240683117788e12,1.967038556591555e6,65001.621717958886,197.39208802178717,2.0,4.0,0.048025912393423804,1.1925405196957806e-7,1.0
295.0,295.0,3.8706136931988545e12,1.9673875299998356e6,65013.15369195028,246.74011002723395,4.0,3.0,0.01953471957694298,2.1841835161232568e-8,1.0
296.0,296.0,3.870689016443233e12,1.9674066728674152e6,65013.78627611231,246.74011002723395,4.0,3.0,0.017362622446192227,1.1042292348781054e-7,1.0
297.0,297.0,3.8707622220833564e12,1.9674252773824362e6,65014.40107018617,1283.0485721416164,7.0,9.0,0.004487861608215384,4.64754150796465e-8,1.0
298.0,298.0,3.871313153742969e12,1.9675652857638472e6,65019.02770641316,177.65287921960845,3.0,3.0,0.4727539299243267,3.852594754682031e-8,1.0
299.0,299.0,3.872079229446809e12,1.967759952191021e6,65025.46054089825,167.7832748185191,4.0,1.0,0.17747436088781288,8.402518189253739e-8,1.0
300.0,300.0,3.872085376281144e12,1.9677615140766283e6,65025.51215406926,167.7832748185191,1.0,4.0,0.17752386550499585,7.140216625981164e-9,1.0
301.0,301.0,3.872500085780527e12,1.96786688721075e6,65028.99425388905,197.39208802178717,4.0,2.0,0.18354258495872167,9.686157201797391e-9,1.0
302.0,302.0,3.873042116335056e12,1.9680046027220201e6,65033.5451212517,128.30485721416164,3.0,2.0,0.008913519888110134,2.699599157315362e-8,1.0
303.0,303.0,3.873088564228728e12,1.9680164034450343e6,65033.935081138756,128.30485721416164,2.0,3.0,0.009015190565058302,9.04575916670628e-8,1.0
304.0,304.0,3.87315621946499e12,1.968033592057054e6,65034.50308609861,197.39208802178717,2.0,4.0,0.20811213022283115,5.036648561503512e-8,1.0
305.0,305.0,3.874280816906677e12,1.9683192873379758e6,65043.94400758683,246.74011002723395,4.0,3.0,0.0070152394032454175,2.8874662446234175e-8,1.0
306.0,306.0,3.874321565513935e12,1.968329638427958e6,65044.286063736734,246.74011002723395,3.0,4.0,0.005987290277910539,8.445386832558466e-8,1.0
307.0,307.0,3.8750645533183853e12,1.9685183649939324e6,65050.522612994246,177.65287921960845,3.0,3.0,0.01073242610119716,2.1258174120783206e-7,1.0
308.0,308.0,3.876665625386067e12,1.9689249923209536e6,65063.959785134386,128.30485721416164,3.0,2.0,0.005096402811891464,2.7839307361088594e-8,1.0
309.0,309.0,3.876698126801388e12,1.9689332458977343e6,65064.23252807271,128.30485721416164,2.0,3.0,0.005734042670663467,3.696313210370699e-7,1.0
310.0,310.0,3.877222239207387e12,1.9690663369240223e6,65068.63057737166,197.39208802178717,4.0,2.0,0.09108673655065423,1.1412738083139616e-8,1.0
311.0,311.0,3.877305327026227e12,1.9690874350892159e6,65069.32777517099,197.39208802178717,2.0,4.0,0.09657564800979597,8.525200916211794e-8,1.0
312.0,312.0,3.8781204745569424e12,1.9692944103299899e6,65076.167359611616,256.6097144283233,1.0,5.0,0.010683212406705266,1.5872980751239254e-8,1.0
313.0,313.0,3.878806776330409e12,1.9694686532997699e6,65081.925292302214,335.5665496370382,3.0,5.0,0.009190857264402065,1.7526709945416395e-8,1.0
314.0,314.0,3.87899205297274e12,1.9695156899534313e6,65083.4796384323,256.6097144283233,1.0,5.0,0.010591274126257808,1.478178116708029e-7,1.0
315.0,315.0,3.8793690468509097e12,1.9696113948824804e6,65086.64224832307,246.74011002723395,4.0,3.0,0.20996772892586926,7.688421374716615e-9,1.0
316.0,316.0,3.8794499000338164e12,1.9696319199367724e6,65087.32050743007,246.74011002723395,3.0,4.0,0.1970048829127386,1.3813886730756482e-7,1.0
317.0,317.0,3.880100536516374e12,1.969797080035498e6,65092.77829280203,197.39208802178717,4.0,2.0,0.01066883435592759,2.286680951252738e-8,1.0
318.0,318.0,3.8809282785453022e12,1.9700071772826875e6,65099.72104526616,197.39208802178717,4.0,2.0,0.013685203290366954,2.7094930914091553e-8,1.0
319.0,319.0,3.8815425287704287e12,1.970163071618801e6,65104.87263959056,246.74011002723395,3.0,4.0,0.014651735056230105,1.6897404004380903e-8,1.0
320.0,320.0,3.881560508961688e12,1.9701676347361126e6,65105.023429733614,177.65287921960845,3.0,3.0,0.07556792574828614,1.34111491459046e-7,1.0
321.0,321.0,3.8817202994896855e12,1.970208186839575e6,65106.36349115757,246.74011002723395,3.0,4.0,0.019951510859397333,1.0458289341962994e-7,1.0
322.0,322.0,3.882716130923419e12,1.970460893020569e6,65114.71427387494,286.21852763159137,2.0,5.0,0.052217448563018916,8.146563451782555e-8,1.0
323.0,323.0,3.8827330862567607e12,1.9704651953934028e6,65114.856447606355,286.21852763159137,2.0,5.0,0.052281442040708656,9.682436991324305e-9,1.0
324.0,324.0,3.884120987067244e12,1.9708173398535047e6,65126.493210347435,256.6097144283233,1.0,5.0,0.39051015945395423,4.69678139561057e-9,1.0
325.0,325.0,3.8841970279276304e12,1.9708366314658427e6,65127.13070984297,256.6097144283233,5.0,1.0,0.42177206605610196,4.591495959804969e-8,1.0
326.0,326.0,3.884770641098366e12,1.9709821513901048e6,65131.939477336426,315.82734083485946,4.0,4.0,0.004714133093448249,1.7837698864596177e-7,1.0
327.0,327.0,3.8860537418233647e12,1.9713076223216318e6,65142.69480203528,246.74011002723395,4.0,3.0,0.03538756310987922,1.4442277868679975e-8,1.0
328.0,328.0,3.886245895391064e12,1.9713563593097683e6,65144.30533643783,197.39208802178717,2.0,4.0,0.004067135950624025,2.4859845610329288e-8,1.0
329.0,329.0,3.8862945214362227e12,1.9713686924155569e6,65144.71288913901,246.74011002723395,3.0,4.0,0.038874908593793715,1.0845521277670676e-7,1.0
330.0,330.0,3.8874393044513896e12,1.971659023373816e6,65154.30699854705,197.39208802178717,4.0,2.0,0.011812137279745987,6.598172910726678e-8,1.0
331.0,331.0,3.88744119612108e12,1.971659503088979e6,65154.32285093767,3918.232947232475,19.0,6.0,0.004354818099533428,2.7226309687842726e-7,1.0
332.0,332.0,3.8874479424402886e12,1.97166121391082e6,65154.379385769564,3918.232947232475,6.0,19.0,0.004381886700951258,4.088931127901732e-8,1.0
333.0,333.0,3.887573479418102e12,1.9716930489855926e6,65155.431389290694,335.5665496370382,5.0,3.0,0.04154296403942324,9.779993767339586e-9,1.0
334.0,334.0,3.887836365088266e12,1.9717597128170223e6,65157.634323818005,315.82734083485946,4.0,4.0,0.4129253417543643,7.171270002910588e-8,1.0
335.0,335.0,3.888327018394318e12,1.9718841290487426e6,65161.745710858566,286.21852763159137,2.0,5.0,0.25656592106856957,7.177093172239022e-9,1.0
336.0,336.0,3.8884344376735854e12,1.9719113665866388e6,65162.645786827554,286.21852763159137,5.0,2.0,0.27839614576949534,7.186806500796725e-8,1.0
337.0,337.0,3.8891044379762134e12,1.9720812452777429e6,65168.25950008197,335.5665496370382,5.0,3.0,0.0882339919476077,7.542400049621533e-8,1.0
338.0,338.0,3.890127415846616e12,1.972340593266441e6,65176.829764146285,246.74011002723395,3.0,4.0,0.03359302806998835,1.6728959483587707e-8,1.0
339.0,339.0,3.8901604146504766e12,1.9723489586405538e6,65177.106201474766,246.74011002723395,4.0,3.0,0.03723820462765293,7.90324286909303e-8,1.0
340.0,340.0,3.891298563891302e12,1.9726374638770556e6,65186.63997913453,335.5665496370382,3.0,5.0,0.0609088154096276,1.0710108257438083e-8,1.0
341.0,341.0,3.8928950581128306e12,1.9730420821951139e6,65200.01076272312,394.78417604357435,2.0,6.0,0.004536284342434108,3.856581037438994e-8,1.0
342.0,342.0,3.893873573279024e12,1.9732900377995688e6,65208.2045606279,513.2194288566466,4.0,6.0,0.0059603883244839055,1.3391994120642297e-8,1.0
343.0,343.0,3.894252865901452e12,1.9733861421175157e6,65211.38036849385,246.74011002723395,4.0,3.0,0.005669006751608362,1.1235168047248729e-7,1.0
344.0,344.0,3.8942535191951665e12,1.9733863076435812e6,65211.38583837275,246.74011002723395,3.0,4.0,0.005281527995614634,4.4284225169726595e-7,1.0
345.0,345.0,3.8945113239584385e12,1.9734516269618666e6,65213.54434289409,335.5665496370382,5.0,3.0,0.03449936239239904,1.1345083334545882e-7,1.0
346.0,346.0,3.894529364173139e12,1.9734561976829227e6,65213.695384306106,335.5665496370382,3.0,5.0,0.11969187157403029,5.887170624360463e-8,1.0
347.0,347.0,3.8963509218542207e12,1.9739176583267653e6,65228.944546610655,335.5665496370382,5.0,3.0,0.08174767327439493,1.3991321176075443e-8,1.0
348.0,348.0,3.896505284559885e12,1.9739567585334498e6,65230.23662949103,335.5665496370382,3.0,5.0,0.042471015677935285,2.2254431698803244e-8,1.0
349.0,349.0,3.897355503019228e12,1.9741721057241256e6,65237.35286855987,404.65378044466365,5.0,4.0,0.055335410821108884,1.0278310399759273e-8,1.0
350.0,350.0,3.8974029825093477e12,1.9741841308523752e6,65237.75024401292,404.65378044466365,4.0,5.0,0.03841904580561592,9.64892320752017e-8,1.0
351.0,351.0,3.8974501667769316e12,1.9741960811370616e6,65238.145146228744,335.5665496370382,5.0,3.0,0.012496560551606391,1.525149918514206e-7,1.0
352.0,352.0,3.8984740315027993e12,1.9744553759208638e6,65246.71365211475,404.65378044466365,4.0,5.0,0.08597669988973251,6.795015477531566e-9,1.0
353.0,353.0,3.8987294944476772e12,1.9745200668637624e6,65248.85139170545,315.82734083485946,4.0,4.0,0.1893624732054343,7.218462535549311e-8,1.0
354.0,354.0,3.898756341055275e12,1.9745268651135834e6,65249.07604274838,404.65378044466365,5.0,4.0,0.07223273952506747,8.185132577023521e-8,1.0
355.0,355.0,3.89929129799741e12,1.9746623250564665e6,65253.552373898936,365.17536284030626,1.0,6.0,0.059659341598924887,1.6501833601004695e-8,1.0
356.0,356.0,3.8992977505780625e12,1.9746639588998586e6,65253.60636494541,365.17536284030626,6.0,1.0,0.04983101199886959,6.209323468173332e-8,1.0
357.0,357.0,3.9015379392522417e12,1.9752311103393044e6,65272.348124327866,335.5665496370382,3.0,5.0,0.03959482116523788,2.223030283707158e-8,1.0
358.0,358.0,3.902172637121506e12,1.9753917680099576e6,65277.65712505837,365.17536284030626,6.0,1.0,0.30906588441186444,4.482019565675111e-8,1.0
359.0,359.0,3.90223457449593e12,1.9754074451859116e6,65278.17518397367,365.17536284030626,1.0,6.0,0.3029717952186698,4.862623319358037e-9,1.0
360.0,360.0,3.903111145768168e12,1.9756293037329062e6,65285.506593568214,394.78417604357435,6.0,2.0,0.029446491446652092,1.0045277192993007e-8,1.0
361.0,361.0,3.9033310673290264e12,1.9756849615586556e6,65287.34582997915,404.65378044466365,5.0,4.0,0.02535041227392023,1.122633987829798e-8,1.0
362.0,362.0,3.903759681772278e12,1.9757934309467368e6,65290.93024682163,394.78417604357435,6.0,2.0,0.19488240780347788,6.428455097843124e-9,1.0
363.0,363.0,3.9037809842063003e12,1.975798821794947e6,65291.10838968258,394.78417604357435,2.0,6.0,0.16947317750874846,4.0322267555005585e-8,1.0
364.0,364.0,3.903841183018533e12,1.9758140557801824e6,65291.611803172986,404.65378044466365,4.0,5.0,0.021564910692005584,2.393872599489493e-8,1.0
365.0,365.0,3.9039756077444453e12,1.9758480730421671e6,65292.73591799423,394.78417604357435,2.0,6.0,0.09433178885978995,2.5660161202594744e-8,1.0
366.0,366.0,3.9057290413910273e12,1.9762917399490965e6,65307.39707873068,404.65378044466365,5.0,4.0,0.005717604649952652,3.903579620015359e-8,1.0
367.0,367.0,3.9057622101372534e12,1.9763001315936942e6,65307.67438417846,3681.3624416063303,18.0,7.0,0.004756466815620461,1.7485318650613614e-7,1.0
368.0,368.0,3.907092280324736e12,1.9766366080604538e6,65318.79339144754,444.1321980490211,6.0,3.0,0.033445654093795775,9.204200181890929e-9,1.0
369.0,369.0,3.9076683804432563e12,1.9767823300614704e6,65323.608836652886,404.65378044466365,5.0,4.0,0.03509693706536475,8.76715367749939e-9,1.0
370.0,370.0,3.908238272887833e12,1.9769264712901774e6,65328.37204456815,394.78417604357435,6.0,2.0,0.024737589415669264,1.209913518117508e-7,1.0
371.0,371.0,3.908763435888754e12,1.9770592899275313e6,65332.76109265947,493.4802200544679,5.0,5.0,0.26387198157175534,7.918950160752837e-8,1.0
372.0,372.0,3.909912499222554e12,1.9773498676821343e6,65342.36335755716,513.2194288566466,4.0,6.0,0.026982983897654998,8.850907169378711e-9,1.0
373.0,373.0,3.9099307728918125e12,1.977354488424322e6,65342.51605193864,444.1321980490211,3.0,6.0,0.21035557739411345,9.239902293210094e-8,1.0
374.0,374.0,3.910008862512697e12,1.9773742343099085e6,65343.16856308595,444.1321980490211,6.0,3.0,0.16157910686387697,6.917643591867912e-9,1.0
375.0,375.0,3.910386018789334e12,1.9774695999659095e6,65346.31996155524,513.2194288566466,6.0,4.0,0.012342271398948657,9.693367589317148e-8,1.0
376.0,376.0,3.911164432674161e12,1.9776664108676573e6,65352.82366111034,404.65378044466365,4.0,5.0,0.07250590143348519,8.341771200466102e-9,1.0
377.0,377.0,3.9112835608839824e12,1.9776965290165178e6,65353.81892808796,404.65378044466365,5.0,4.0,0.07885271528019258,1.978252702558612e-7,1.0
378.0,378.0,3.9114329560485205e12,1.9777342986479555e6,65355.06704154609,335.5665496370382,3.0,5.0,0.006635687231510784,1.5307600439885804e-8,1.0
379.0,379.0,3.911987623449323e12,1.9778745216644364e6,65359.70077047982,394.78417604357435,2.0,6.0,0.0424719525118319,7.839971359129486e-9,1.0
380.0,380.0,3.9141121976732754e12,1.9784115339517395e6,65377.446568822306,335.5665496370382,5.0,3.0,0.006235364128454288,1.4687379913259275e-8,1.0
381.0,381.0,3.9142765178786553e12,1.978453061833577e6,65378.8188752557,394.78417604357435,6.0,2.0,0.033876020702652596,8.270147389026365e-8,1.0
382.0,382.0,3.914758658107731e12,1.9785749058622296e6,65382.845262757124,4046.537804446637,19.0,7.0,0.006214390072048844,1.0786440311325699e-7,1.0
383.0,383.0,3.915415776549953e12,1.978740957414576e6,65388.33250659133,444.1321980490211,3.0,6.0,0.02095966735163694,1.5404698453997084e-8,1.0
384.0,384.0,3.91552202491335e12,1.9787678046990128e6,65389.21968646956,444.1321980490211,6.0,3.0,0.024893959273463755,1.8453465059862074e-7,1.0
385.0,385.0,3.916915317382163e12,1.9791198340126257e6,65400.85264414617,513.2194288566466,4.0,6.0,0.04789072246187087,9.538383646894843e-9,1.0
386.0,386.0,3.917612773570396e12,1.9792960297970579e6,65406.675108423544,513.2194288566466,6.0,4.0,0.11545120701150396,5.65261963269208e-8,1.0
387.0,387.0,3.9178785549660576e12,1.979363169043533e6,65408.893753242264,513.2194288566466,4.0,6.0,0.010382247867524907,2.2035483794278902e-8,1.0
388.0,388.0,3.91978499709747e12,1.9798446901455352e6,65424.80582187796,523.089033257736,2.0,7.0,0.00950082040841262,1.2386448570948164e-7,1.0
389.0,389.0,3.919843987142784e12,1.9798595877341363e6,65425.29811899919,523.089033257736,2.0,7.0,0.012686018632357144,8.49075983984033e-9,1.0
390.0,390.0,3.920048252362822e12,1.9799111728466058e6,65427.002770875886,493.4802200544679,7.0,1.0,0.012770907358971566,1.9649952265166267e-8,1.0
391.0,391.0,3.9213821847771177e12,1.9802480109261863e6,65438.133727793705,602.0458684664509,5.0,6.0,0.07534104529235593,6.948606135533905e-9,1.0
392.0,392.0,3.921553524975855e12,1.9802912727616245e6,65439.56333345779,602.0458684664509,5.0,6.0,0.052782365100377406,1.760098756676338e-7,1.0
393.0,393.0,3.921629325879036e12,1.9803104114958937e6,65440.19578103283,493.4802200544679,5.0,5.0,0.25942583022237947,1.1752908750696227e-7,1.0
394.0,394.0,3.9231784413960923e12,1.9807015023460987e6,65453.11954372024,493.4802200544679,1.0,7.0,0.34919851652475303,1.7965257198330162e-8,1.0
395.0,395.0,3.923370605951476e12,1.9807500109684402e6,65454.722531678424,523.089033257736,2.0,7.0,0.07800827746370421,6.711513129690363e-9,1.0
396.0,396.0,3.9235188797426997e12,1.9807874393136431e6,65455.959367188465,493.4802200544679,7.0,1.0,0.38254232784110154,3.796040389472466e-9,1.0
397.0,397.0,3.923532814612156e12,1.9807909568180474e6,65456.07560461041,523.089033257736,7.0,2.0,0.09084747760114549,7.998189342311748e-8,1.0
398.0,398.0,3.923723035336312e12,1.980838972591238e6,65457.662306159786,513.2194288566466,4.0,6.0,0.13581796013363415,6.976441557424124e-9,1.0
399.0,399.0,3.9249276577527964e12,1.9811430179956206e6,65467.709615245076,523.089033257736,2.0,7.0,0.00720549775497658,9.206355872252658e-8,1.0
400.0,400.0,3.924939967449337e12,1.9811461247089617e6,65467.812277902456,523.089033257736,7.0,2.0,0.007936139076358845,1.601278089010195e-8,1.0
401.0,401.0,3.925337326708245e12,1.9812464073679086e6,65471.12616081537,493.4802200544679,7.0,1.0,0.03029886699889792,6.635605099215873e-8,1.0
402.0,402.0,3.925877891006171e12,1.9813828229310384e6,65475.63407084149,513.2194288566466,6.0,4.0,0.08207159522420443,1.0505332108172036e-7,1.0
403.0,403.0,3.9260317060233145e12,1.9814216376186353e6,65476.91671862275,523.089033257736,7.0,2.0,0.03784001955140352,9.791881565282986e-9,1.0
404.0,404.0,3.927082032689544e12,1.98168666359986e6,65485.6746143535,523.089033257736,7.0,2.0,0.041185450334161815,3.333454861442155e-8,1.0
405.0,405.0,3.927248836474642e12,1.9817287494696751e6,65487.0653597358,572.4370552631827,3.0,7.0,0.12309548605696603,6.071672087088352e-9,1.0
406.0,406.0,3.928756507431401e12,1.9821091058343386e6,65499.634396804766,572.4370552631827,7.0,3.0,0.17351175274674827,6.252012552433678e-8,1.0
407.0,407.0,3.9296252967301353e12,1.9823282515088501e6,65506.87615837979,523.089033257736,2.0,7.0,0.019651111508620533,1.4416621150799498e-8,1.0
408.0,408.0,3.9297156411528906e12,1.9823510388306333e6,65507.62917507362,523.089033257736,2.0,7.0,0.014298005241199032,1.2565156258876783e-7,1.0
409.0,409.0,3.930036144354e12,1.9824318763463222e6,65510.30048499676,523.089033257736,7.0,2.0,0.11926885954383667,7.036316463171619e-9,1.0
410.0,410.0,3.930088696292174e12,1.9824451307141325e6,65510.73848119141,523.089033257736,2.0,7.0,0.11363146487038893,5.0375086345322224e-8,1.0
411.0,411.0,3.9301091625456455e12,1.9824502925787687e6,65510.90905719325,572.4370552631827,7.0,3.0,0.039615593553135604,9.285828145872558e-9,1.0
412.0,412.0,3.9317220646386e12,1.9828570459411843e6,65524.35039422635,572.4370552631827,7.0,3.0,0.012354831154093119,7.443840073516203e-8,1.0
413.0,413.0,3.932312642784287e12,1.9830059613587365e6,65529.27136723283,513.2194288566466,4.0,6.0,0.006889902420741539,2.819485138260062e-8,1.0
414.0,414.0,3.933240423671081e12,1.9832398805164949e6,65537.00132481512,641.5242860708082,4.0,7.0,0.053625932704743993,7.036087022777911e-9,1.0
415.0,415.0,3.9338614096835503e12,1.9833964328100297e6,65542.17466162103,641.5242860708082,4.0,7.0,0.052429083810671816,1.2871782339053248e-7,1.0
416.0,416.0,3.9345890310295957e12,1.983579852445975e6,65548.23584112938,710.6115168784338,6.0,6.0,0.1553525495997304,5.7054006651242107e-8,1.0
417.0,417.0,3.9363102547337964e12,1.9840136730208783e6,65562.57162565624,602.0458684664509,6.0,5.0,0.07511501038613495,9.834392862654478e-9,1.0
418.0,418.0,3.93707795184052e12,1.984207134308442e6,65568.9646357928,602.0458684664509,5.0,6.0,0.1716763476583286,1.1942910975044867e-7,1.0
419.0,419.0,3.9379187047076357e12,1.984418984163283e6,65575.96530391861,641.5242860708082,7.0,4.0,0.054287421338470046,7.9365512382337e-9,1.0
420.0,420.0,3.9379622006620146e12,1.9844299435006555e6,65576.327459861,641.5242860708082,7.0,4.0,0.038465657470181464,1.6463953439037862e-8,1.0
421.0,421.0,3.938001193495693e12,1.9844397681702746e6,65576.65212022718,572.4370552631827,3.0,7.0,0.10811446080187764,5.178550416235568e-9,1.0
422.0,422.0,3.938284888788329e12,1.9845112468283793e6,65579.01416274,710.6115168784338,6.0,6.0,0.007689642411945915,1.7745281918926949e-7,1.0
423.0,423.0,3.9391961128797954e12,1.9847408175577475e6,65586.60042466554,572.4370552631827,7.0,3.0,0.09755410748874667,6.701161571568523e-8,1.0
424.0,424.0,3.9393494188477573e12,1.9847794383376096e6,65587.87666468362,513.2194288566466,4.0,6.0,0.009931677055652262,1.591052206212419e-8,1.0
425.0,425.0,3.940181551151123e12,1.9849890556754018e6,65594.80355833856,730.3507256806125,7.0,5.0,0.006409067782416911,1.436442750781057e-8,1.0
426.0,426.0,3.940708609303064e12,1.9851218122077708e6,65599.19055414438,1973.9208802178716,10.0,10.0,0.0030819940071200825,7.892522813065009e-8,1.0
427.0,427.0,3.9409249990218564e12,1.9851763143413374e6,65600.99160021795,572.4370552631827,3.0,7.0,0.009161377456238752,9.56082093385422e-9,1.0
428.0,428.0,3.941298293038466e12,1.9852703324833286e6,65604.09846951641,641.5242860708082,4.0,7.0,0.07124988373822766,8.48724635715797e-9,1.0
429.0,429.0,3.9415292241516245e12,1.9853284927567085e6,65606.02040036854,641.5242860708082,7.0,4.0,0.08697157242150114,6.022057653864247e-8,1.0
430.0,430.0,3.94164968878544e12,1.9853588312407003e6,65607.02294841384,671.1330992740764,8.0,2.0,0.010563392180727563,1.3150627744190682e-8,1.0
431.0,431.0,3.943408023627178e12,1.9858016073181073e6,65621.65467131165,710.6115168784338,6.0,6.0,0.025985807393543666,1.6112879202307273e-7,1.0
432.0,432.0,3.944662076912221e12,1.9861173371460764e6,65632.08809712018,730.3507256806125,5.0,7.0,0.044982092865221646,5.4894608268975634e-8,1.0
433.0,433.0,3.944763113066749e12,1.986142772578736e6,65632.92862175882,720.4811212795231,3.0,8.0,0.004344831403939514,7.674716446135975e-8,1.0
434.0,434.0,3.9451216201104463e12,1.9862330226110043e6,65635.9109722765,641.5242860708082,7.0,4.0,0.010643975509427833,1.0149720714578652e-8,1.0
435.0,435.0,3.945622897126111e12,1.9863592064694923e6,65640.0807712918,3651.7536284030625,9.0,17.0,0.00801701785749311,3.364342180887401e-8,1.0
436.0,436.0,3.948052792655918e12,1.9869707578764006e6,65660.28974639285,641.5242860708082,1.0,8.0,0.14596376854335344,6.50937011931878e-9,1.0
437.0,437.0,3.948053748533372e12,1.986970998412753e6,65660.29769501842,641.5242860708082,8.0,1.0,0.13567609654819487,4.0231759690161795e-8,1.0
438.0,438.0,3.9493481794435337e12,1.9872967014121304e6,65671.06068849763,641.5242860708082,4.0,7.0,0.027743486118131933,8.144054335837634e-9,1.0
439.0,439.0,3.9495944529597285e12,1.987358662385763e6,65673.10821509839,641.5242860708082,1.0,8.0,0.044144441339158486,1.523783488877411e-7,1.0
440.0,440.0,3.949709263113576e12,1.987387547287538e6,65674.06272890406,730.3507256806125,7.0,5.0,0.011136745287110447,2.42959439908849e-8,1.0
441.0,441.0,3.9505000587626865e12,1.9875864908885567e6,65680.6369044093,789.5683520871487,4.0,8.0,0.013065594435324745,8.114380545099751e-9,1.0
442.0,442.0,3.9507382876217827e12,1.9876464191655875e6,65682.61725969045,710.6115168784338,6.0,6.0,0.22759615771086605,2.2063398317038266e-8,1.0
443.0,443.0,3.95093775081687e12,1.9876965942559922e6,65684.27531679117,641.5242860708082,1.0,8.0,0.1524346893019372,5.06931827339126e-9,1.0
444.0,444.0,3.951041296857151e12,1.9877226408272234e6,65685.1360367626,641.5242860708082,8.0,1.0,0.13566835478601255,5.056067072246511e-8,1.0
445.0,445.0,3.9515864212207446e12,1.9878597589419493e6,65689.66716290358,838.9163740925954,6.0,7.0,0.04318124532606308,7.090130830600849e-9,1.0
446.0,446.0,3.9522644714028916e12,1.9880302994177155e6,65695.30274511228,838.9163740925954,6.0,7.0,0.0250843961186776,5.0505977095878146e-8,1.0
447.0,447.0,3.9523030463807695e12,1.9880400012023826e6,65695.62334469322,671.1330992740764,2.0,8.0,0.31021166595114635,3.0294487659932593e-8,1.0
448.0,448.0,3.952311818457322e12,1.9880422074134448e6,65695.69624987162,671.1330992740764,2.0,8.0,0.3278504974735975,5.115245454406725e-9,1.0
449.0,449.0,3.9532181406214717e12,1.9882701377381978e6,65703.22830393228,838.9163740925954,7.0,6.0,0.004082918012697988,1.861026783778923e-8,1.0
450.0,450.0,3.953424490502453e12,1.9883220288732038e6,65704.94306845321,710.6115168784338,6.0,6.0,0.04679248392349008,1.2870199149187288e-7,1.0
451.0,451.0,3.953733489227086e12,1.9883997307450748e6,65707.51075969913,838.9163740925954,7.0,6.0,0.007804786344664069,6.17576491066532e-8,1.0
452.0,452.0,3.9537831401900205e12,1.988412215862199e6,65707.92333567925,730.3507256806125,7.0,5.0,0.1593624990493401,9.01651964750704e-9,1.0
453.0,453.0,3.9540801684873726e12,1.9884869042785706e6,65710.39144601264,710.6115168784338,6.0,6.0,0.02565132841588178,7.80880370448752e-8,1.0
454.0,454.0,3.955226786257029e12,1.9887751975165592e6,65719.9182180918,730.3507256806125,7.0,5.0,0.09318279024858499,6.952294349897861e-8,1.0
455.0,455.0,3.9563141512640347e12,1.9890485542751425e6,65728.95140788665,641.5242860708082,4.0,7.0,0.009537858734532872,2.1688187518272473e-8,1.0
456.0,456.0,3.9566513141906567e12,1.9891333072950784e6,65731.75210730502,3918.232947232475,19.0,6.0,0.013773233859708089,1.4053349419908855e-7,1.0
457.0,457.0,3.957700934168076e12,1.9893971283200537e6,65740.47018474646,789.5683520871487,8.0,4.0,0.03351829553108195,1.1925785891919569e-8,1.0
458.0,458.0,3.958472421835212e12,1.9895910187360647e6,65746.8773756142,3651.7536284030625,19.0,3.0,0.009645927523834598,1.7851603029127616e-8,1.0
459.0,459.0,3.959304898180754e12,1.989800215644966e6,65753.7903760185,720.4811212795231,3.0,8.0,0.17563377904438024,5.728307178715653e-9,1.0
460.0,460.0,3.9594287006989233e12,1.989831324685317e6,65754.81838742484,720.4811212795231,8.0,3.0,0.19610410222983637,9.906856851128851e-8,1.0
461.0,461.0,3.960314900545001e12,1.9900539943792985e6,65762.17660171492,789.5683520871487,4.0,8.0,0.06477365256931747,7.928676841011554e-8,1.0
462.0,462.0,3.9608140832000137e12,1.9901794098020443e6,65766.32100744586,838.9163740925954,7.0,6.0,0.01171479794672536,1.6153283763160503e-8,1.0
463.0,463.0,3.9610888001569087e12,1.9902484267439854e6,65768.60170150605,720.4811212795231,3.0,8.0,0.006615949092446804,1.3197244075454203e-7,1.0
464.0,464.0,3.961130289084406e12,1.9902588497691464e6,65768.94613478439,878.3947916969529,8.0,5.0,0.018867730722968157,9.345735813422842e-9,1.0
465.0,465.0,3.9613851388782515e12,1.9903228730229302e6,65771.06181030568,789.5683520871487,4.0,8.0,0.05958698407123613,7.024204050435355e-9,1.0
466.0,466.0,3.9614340301584336e12,1.9903351552335185e6,65771.46768115343,3651.7536284030625,3.0,19.0,0.005901798949827847,5.018644867291922e-8,1.0
467.0,467.0,3.9619599093236885e12,1.9904672590433857e6,65775.83310746789,789.5683520871487,4.0,8.0,0.031513460198444934,1.312700437660033e-7,1.0
468.0,468.0,3.962046572210792e12,1.99048902840754e6,65776.55248532098,878.3947916969529,8.0,5.0,0.011054355335889082,5.4076243155992164e-8,1.0
469.0,469.0,3.9621758526148394e12,1.9905215026758288e6,65777.62561126241,720.4811212795231,8.0,3.0,0.009304259214870797,1.005019435461164e-7,1.0
470.0,470.0,3.96236401018121e12,1.9905687654992505e6,65779.18743126796,720.4811212795231,3.0,8.0,0.014123927980043385,1.7386510575994343e-8,1.0
471.0,471.0,3.963974028039741e12,1.9909731359412514e6,65792.5500236873,789.5683520871487,8.0,4.0,0.02421589948946718,1.0461316792185248e-8,1.0
472.0,472.0,3.9643022175354854e12,1.9910555536035364e6,65795.27355022357,789.5683520871487,8.0,4.0,0.005522300007739602,1.4013388145455796e-8,1.0
473.0,473.0,3.9644824868034883e12,1.9911008228624407e6,65796.7694920458,838.9163740925954,7.0,6.0,0.006951100163291635,1.7927203569854608e-8,1.0
474.0,474.0,3.964657676893129e12,1.9911448156508177e6,65798.22325235915,3720.840859210688,19.0,4.0,0.0016927545071474268,1.2805889191281548e-7,1.0
475.0,475.0,3.965228209246231e12,1.9912880779149537e6,65802.95741451811,967.2212313067571,7.0,7.0,0.021566976359992805,1.1535034084291062e-7,1.0
476.0,476.0,3.9664578058260654e12,1.9915967980055765e6,65813.15920058893,789.5683520871487,8.0,4.0,0.05074925210743874,7.28953349330681e-8,1.0
477.0,477.0,3.966920366628624e12,1.9917129227447975e6,65816.9965917502,838.9163740925954,7.0,6.0,0.05901174168548075,9.199567560874518e-9,1.0
478.0,478.0,3.9675339870857485e12,1.9918669601872882e6,65822.08682423884,967.2212313067571,7.0,7.0,0.0990152815972256,9.870907134207632e-9,1.0
479.0,479.0,3.96819248228635e12,1.9920322493088183e6,65827.54887322399,3720.840859210688,4.0,19.0,0.010310092052005473,6.236670883461181e-8,1.0
480.0,480.0,3.968404579341042e12,1.992085484948134e6,65829.30806745896,2891.794089519182,2.0,17.0,0.005564081663362166,2.486115073862546e-8,1.0
481.0,481.0,3.9684395861390767e12,1.9920942713985895e6,65829.59841943343,2891.794089519182,17.0,2.0,0.005744634224808782,3.233472145130626e-8,1.0
482.0,482.0,3.9686779837066143e12,1.9921541064151172e6,65831.57569288177,838.9163740925954,6.0,7.0,0.0542394685633408,7.54823628431292e-9,1.0
483.0,483.0,3.969594364297993e12,1.992384090555331e6,65839.17561614368,789.5683520871487,4.0,8.0,0.029685234488955027,1.0605890469595166e-8,1.0
484.0,484.0,3.96962554953536e12,1.9923919166507777e6,65839.43423278038,838.9163740925954,7.0,6.0,0.17233795129191884,4.678870337921768e-8,1.0
485.0,485.0,3.970639218783435e12,1.9926462854163141e6,65847.83995630768,789.5683520871487,4.0,8.0,0.022983369543558514,8.842656860528005e-9,1.0
486.0,486.0,3.971611486111146e12,1.9928902343358367e6,65855.9013516129,789.5683520871487,4.0,8.0,0.013835607844950927,1.83988201235283e-8,1.0
487.0,487.0,3.971798525537319e12,1.9929371604587333e6,65857.45204520709,789.5683520871487,8.0,4.0,0.037976653784282714,1.2846097883490373e-8,1.0
488.0,488.0,3.9725011608769316e12,1.9931134340214888e6,65863.27707970208,720.4811212795231,8.0,3.0,0.007074830558531494,3.004531304198409e-7,1.0
489.0,489.0,3.9726668876084253e12,1.9931550084246898e6,65864.65092345362,3918.232947232475,19.0,6.0,0.010042829930703436,1.2406818907402644e-8,1.0
490.0,490.0,3.9729431263259688e12,1.9932243040676503e6,65866.94082730697,4046.537804446637,7.0,19.0,0.0088970396067598,1.0185280672484232e-8,1.0
491.0,491.0,3.9732884409499634e12,1.9933109243040744e6,65869.80322968453,809.3075608893273,1.0,9.0,0.0072202083354124275,6.163255049030033e-8,1.0
492.0,492.0,3.97403793708135e12,1.9934989182543717e6,65876.01556934688,878.3947916969529,5.0,8.0,0.16791787435780534,7.023752700422967e-9,1.0
493.0,493.0,3.9741283811040425e12,1.9935216028686627e6,65876.76519202816,2941.1421115246285,3.0,17.0,0.012686261546199899,1.1019215117295923e-8,1.0
494.0,494.0,3.9745477068682666e12,1.9936267722089475e6,65880.24055739434,878.3947916969529,8.0,5.0,0.16616383942766474,7.29280421963271e-8,1.0
495.0,495.0,3.975077579884246e12,1.9937596595086998e6,65884.6318744637,888.2643960980422,3.0,9.0,0.01393244890865814,3.1530496777393006e-8,1.0
496.0,496.0,3.976072219140373e12,1.994009082010504e6,65892.87414661229,710.6115168784338,6.0,6.0,0.029142586160322927,2.024918652357879e-7,1.0
497.0,497.0,3.9774960546830923e12,1.9943660784026317e6,65904.67124350091,3809.6672988204923,19.0,5.0,0.025649388205355107,1.9480956380181497e-8,1.0
498.0,498.0,3.97911931415655e12,1.9947729981520579e6,65918.1180788632,789.5683520871487,4.0,8.0,0.039048648978477624,1.2300735268721453e-8,1.0
499.0,499.0,3.980171772973455e12,1.9950367848672504e6,65926.83502252336,809.3075608893273,9.0,1.0,0.2109469826067693,2.580450903072026e-8,1.0
500.0,500.0,3.980322114998399e12,1.9950744635222012e6,65928.08012962497,809.3075608893273,1.0,9.0,0.4259896771938027,5.871360974517772e-9,1.0
501.0,501.0,3.9804311224166084e12,1.9951017824704102e6,65928.9828958322,838.9163740925954,9.0,2.0,0.18055839343527122,4.237906375155493e-8,1.0
502.0,502.0,3.980439754228381e12,1.9951039457202177e6,65929.05438133776,838.9163740925954,2.0,9.0,0.20044311465296383,6.687730318638445e-9,1.0
503.0,503.0,3.980646653612561e12,1.995155796827045e6,65930.7678231106,809.3075608893273,9.0,1.0,0.10604111454233114,1.900120003673192e-8,1.0
504.0,504.0,3.98162555915827e12,1.9954011023246103e6,65938.87404711147,3513.5791667878116,16.0,10.0,0.005808082377741115,1.5348171325857613e-8,1.0
505.0,505.0,3.981630391142086e12,1.9954023131043238e6,65938.9140578396,3010.229342332254,17.0,4.0,0.025798276917494187,1.1409701580251965e-8,1.0
506.0,506.0,3.981989295932783e12,1.9954922440171957e6,65941.88586292174,3010.229342332254,4.0,17.0,0.023854681277742425,6.469115258720199e-8,1.0
507.0,507.0,3.9836250912543677e12,1.995902074565375e6,65955.42888686093,789.5683520871487,8.0,4.0,0.017545896121480192,3.059501360198975e-8,1.0
508.0,508.0,3.984740056370303e12,1.9961813686061453e6,65964.6582766588,1115.2652973230975,8.0,7.0,0.054685529652045796,1.1597687255403113e-8,1.0
509.0,509.0,3.98525004101825e12,1.9963091045773071e6,65968.8793658944,838.9163740925954,2.0,9.0,0.03983907503135634,1.39467842876938e-8,1.0
510.0,510.0,3.986274386813491e12,1.996565648009975e6,65977.35695221757,967.2212313067571,7.0,7.0,0.1840588545952084,1.3231137458980809e-8,1.0
511.0,511.0,3.9866203645927075e12,1.9966522893565388e6,65980.22005218864,3918.232947232475,6.0,19.0,0.01605124829141715,1.3826469147472018e-8,1.0
512.0,512.0,3.986832609554714e12,1.9967054388553945e6,65981.97639987564,3918.232947232475,19.0,6.0,0.04187775274148393,8.530279615457097e-8,1.0
513.0,513.0,3.9868559460899883e12,1.9967112826069742e6,65982.16950912017,838.9163740925954,9.0,2.0,0.09921065812063497,6.272661015757118e-9,1.0
514.0,514.0,3.9872782939470317e12,1.9968170406792485e6,65985.66432938413,838.9163740925954,2.0,9.0,0.06461499384909786,6.803199248111606e-8,1.0
515.0,515.0,3.9876605355448403e12,1.9969127511097826e6,65988.8271210738,888.2643960980422,9.0,3.0,0.24618072250280168,6.713778954167694e-9,1.0
516.0,516.0,3.9879374409756616e12,1.9969820832885962e6,65991.11823226989,888.2643960980422,9.0,3.0,0.266494324516899,8.575200281311738e-8,1.0
517.0,517.0,3.9887788813702007e12,1.9971927501796617e6,65998.079808857,986.9604401089358,8.0,6.0,0.15231463311363522,7.224003925634324e-9,1.0
518.0,518.0,3.990319058855079e12,1.9975782985542968e6,66010.82041809316,986.9604401089358,6.0,8.0,0.10182931892336958,3.920558813045412e-8,1.0
519.0,519.0,3.9920743143299204e12,1.9980175961011755e6,66025.33719147727,3099.0557819420583,17.0,5.0,0.04471750425081839,1.1935384817545557e-8,1.0
520.0,520.0,3.9924155830282407e12,1.998102996101112e6,66028.15927062361,878.3947916969529,5.0,8.0,0.02392371917949553,8.753264922677808e-8,1.0
521.0,521.0,3.9926555610677686e12,1.9981630466675558e6,66030.14366701017,1115.2652973230975,7.0,8.0,0.02766772216988352,9.773354377122022e-9,1.0
522.0,522.0,3.9935573450063184e12,1.99838868716932e6,66037.60005290092,878.3947916969529,8.0,5.0,0.04646692404352992,2.255024589359592e-8,1.0
523.0,523.0,3.9941440676479863e12,1.9985354807078072e6,66042.45090751554,3099.0557819420583,5.0,17.0,0.029562010141619927,8.77898586334996e-8,1.0
524.0,524.0,3.9964119357142905e12,1.9991027826788423e6,66061.19764127808,957.3516269056677,4.0,9.0,0.05893621665752667,1.1622497849974003e-7,1.0
525.0,525.0,3.9982322149120156e12,1.9995580048880843e6,66076.24065187063,957.3516269056677,9.0,4.0,0.05737017946718161,8.025209417393663e-8,1.0
526.0,526.0,3.998434800558715e12,1.9996086618532925e6,66077.9146327282,1046.178066515472,9.0,5.0,0.12403137898570475,6.005064703948512e-9,1.0
527.0,527.0,3.998658029587936e12,1.999664479253441e6,66079.75914234271,957.3516269056677,4.0,9.0,0.0983669343400262,7.85323211192437e-9,1.0
528.0,528.0,3.9992454952788115e12,1.9998113649239049e6,66084.6130414975,1046.178066515472,5.0,9.0,0.13637709833849254,3.853564337329824e-8,1.0
529.0,529.0,3.999675844287126e12,1.999918959429888e6,66088.16854749071,957.3516269056677,9.0,4.0,0.07643072900996108,9.855319093098647e-9,1.0
530.0,530.0,4.0009650368148496e12,2.0002412446539667e6,66098.81859913848,3553.057584392169,18.0,6.0,0.03876469694049721,1.3127163787645993e-8,1.0
531.0,531.0,4.0013388684617246e12,2.000334689111231e6,66101.9065107823,957.3516269056677,4.0,9.0,0.052583472215353304,1.280681238659261e-7,1.0
532.0,532.0,4.002863370577596e12,2.000715714582558e6,66114.49765876417,1263.3093633394378,8.0,8.0,0.0604633720545539,1.4825913850513268e-7,1.0
533.0,533.0,4.003986099505953e12,2.0009962767346553e6,66123.76895383763,1115.2652973230975,8.0,7.0,0.08352251396373128,7.626819817559729e-9,1.0
534.0,534.0,4.0043389422890195e12,2.001084441568876e6,66126.68239810318,4046.537804446637,7.0,19.0,0.0799126436347964,1.2721293035150323e-8,1.0
535.0,535.0,4.006526239202815e12,2.001630894846204e6,66144.74017795727,3207.6214303540414,6.0,17.0,0.041942901067169205,1.0356670861190482e-7,1.0
536.0,536.0,4.0073050342683115e12,2.0018254255224934e6,66151.16852649691,3681.3624416063303,7.0,18.0,0.037158477922096325,8.944653877501464e-9,1.0
537.0,537.0,4.0074616226386743e12,2.0018645365355455e6,66152.46096647828,1263.3093633394378,8.0,8.0,0.058090858273337265,1.0398920103148806e-7,1.0
538.0,538.0,4.009073529095261e12,2.0022670973412266e6,66165.76375869944,1115.2652973230975,8.0,7.0,0.12414438186523093,3.584232969203609e-8,1.0
539.0,539.0,4.009935285590268e12,2.002482280967866e6,66172.87459272546,1046.178066515472,5.0,9.0,0.029936454123520233,1.913488341027851e-8,1.0
540.0,540.0,4.0109002412906235e12,2.002723206359437e6,66180.83607426973,1026.4388577132931,2.0,10.0,0.043808809581511225,4.9974973835281534e-8,1.0
541.0,541.0,4.011598668544112e12,2.0028975681607164e6,66186.59793379751,1026.4388577132931,10.0,2.0,0.03302721800888682,1.1553861965077324e-8,1.0
542.0,542.0,4.0128296028534893e12,2.0032048329747734e6,66196.75162963822,1046.178066515472,5.0,9.0,0.046561199418232946,7.891598977689157e-8,1.0
543.0,543.0,4.0141695161847227e12,2.003539247478003e6,66207.80249844966,996.8300445100251,10.0,1.0,0.15989674190250694,6.812487931557461e-8,1.0
544.0,544.0,4.014338114156258e12,2.0035813220721183e6,66209.19287122169,1046.178066515472,5.0,9.0,0.07091970580823043,1.042048513944892e-8,1.0
545.0,545.0,4.0144166543203267e12,2.0036009219204125e6,66209.84055650486,996.8300445100251,1.0,10.0,0.3994078565059998,7.132145589158923e-9,1.0
546.0,546.0,4.0146668476532944e12,2.003663356867439e6,66211.90374575705,996.8300445100251,10.0,1.0,0.1932736704871636,3.1346201883323177e-8,1.0
547.0,547.0,4.015089843507594e12,2.003768909706804e6,66215.39178401267,1154.743714927455,9.0,6.0,0.143971060957571,6.926318133905799e-9,1.0
548.0,548.0,4.0167619361445576e12,2.0041861031711993e6,66229.17811863481,1026.4388577132931,10.0,2.0,0.09580692203852989,9.051584186573833e-8,1.0
549.0,549.0,4.01830398599518e12,2.0045707735061839e6,66241.88971267907,1026.4388577132931,2.0,10.0,0.29474053164768405,5.657055823829191e-9,1.0
550.0,550.0,4.0188424378260635e12,2.004705075023771e6,66246.32776317537,1026.4388577132931,2.0,10.0,0.17371602548726342,2.3951654662540566e-8,1.0
551.0,551.0,4.0191390995786094e12,2.0047790650290144e6,66248.77279421741,1075.78687971874,10.0,3.0,0.27990354701317827,4.842536257960694e-8,1.0
552.0,552.0,4.019273328236392e12,2.0048125419191672e6,66249.87905222274,1075.78687971874,3.0,10.0,0.2715880961788281,5.670980298917357e-9,1.0
553.0,553.0,4.020466522182842e12,2.005110102259435e6,66259.71205961933,3681.3624416063303,7.0,18.0,0.04176175327362876,2.2987948757918486e-7,1.0
554.0,554.0,4.021387784183572e12,2.005339817632805e6,66267.30310136711,4194.581870462977,8.0,19.0,0.04584691294695293,1.5652034856936004e-8,1.0
555.0,555.0,4.0230667513492046e12,2.0057583980502747e6,66281.13526844067,3335.926287568203,17.0,7.0,0.06021200374338482,1.843839085949988e-8,1.0
556.0,556.0,4.023176263765206e12,2.0057856973677936e6,66282.03738594345,1263.3093633394378,8.0,8.0,0.06359157694965047,6.620005476506023e-8,1.0
557.0,557.0,4.0246685929385938e12,2.006157669012731e6,66294.32934639994,3335.926287568203,17.0,7.0,0.028560642229237394,1.629672194219371e-8,1.0
558.0,558.0,4.0251888498539307e12,2.006287329834371e6,66298.61404313435,1431.0926381579568,9.0,8.0,0.08587752535427402,9.80059817580518e-9,1.0
559.0,559.0,4.0273288229504805e12,2.0068205756744873e6,66316.23537763527,1233.7005501361698,5.0,10.0,0.08692959686259435,5.44975300930757e-8,1.0
560.0,560.0,4.027583251561496e12,2.006883965644625e6,66318.33012603041,1233.7005501361698,10.0,5.0,0.11867014807883765,6.772294456833371e-9,1.0
561.0,561.0,4.028268585236921e12,2.007054704096757e6,66323.97225045193,1144.8741105263655,4.0,10.0,0.12335269137274783,1.6932766357620045e-8,1.0
562.0,562.0,4.0284931060766353e12,2.007110636232252e6,66325.82055154452,1144.8741105263655,10.0,4.0,0.25524046826995833,5.352166716242635e-9,1.0
563.0,563.0,4.0288913988179194e12,2.0072098542050652e6,66329.09925145349,1144.8741105263655,4.0,10.0,0.10742343214323077,6.984965196702739e-8,1.0
564.0,564.0,4.0311332537028213e12,2.007768227087684e6,66347.55091970977,4194.581870462977,8.0,19.0,0.028576700369176734,1.8424990210374043e-7,1.0
565.0,565.0,4.0316751414399365e12,2.0079031703346495e6,66352.01017642503,1283.0485721416164,9.0,7.0,0.14866241265224664,8.618721873661082e-9,1.0
566.0,566.0,4.0338142767274688e12,2.0084357785917548e6,66369.61044172547,3997.18978244119,9.0,18.0,0.033128584746109614,1.9947333431434875e-8,1.0
567.0,567.0,4.0346567161784614e12,2.008645492907711e6,66376.5405400649,1283.0485721416164,9.0,7.0,0.1084976121787022,1.7367937856602328e-7,1.0
568.0,568.0,4.0355614041009487e12,2.0088706787896897e6,66383.9819028524,1115.2652973230975,8.0,7.0,0.05390597853942926,1.8448699343212424e-7,1.0
569.0,569.0,4.0400973295348677e12,2.0099993357050812e6,66421.27884836361,3829.4065076226707,8.0,18.0,0.08980609304603737,2.289787996414375e-7,1.0
570.0,570.0,4.0409243355761406e12,2.0102050481421393e6,66428.07670292092,1233.7005501361698,10.0,5.0,0.0840552198520069,2.4355407930904425e-8,1.0
571.0,571.0,4.0411046557423193e12,2.0102498988290783e6,66429.55881285538,1233.7005501361698,5.0,10.0,0.07223296686287689,8.804828270680426e-8,1.0
572.0,572.0,4.042291820360087e12,2.0105451550164416e6,66439.31567854394,1342.2661985481527,6.0,10.0,0.14011814074815698,7.84504042806764e-8,1.0
573.0,573.0,4.042397234250271e12,2.0105713700961403e6,66440.181966949,1342.2661985481527,10.0,6.0,0.15891765450187395,6.05271173360973e-8,1.0
574.0,574.0,4.043070132944497e12,2.0107387032989883e6,66445.71156346654,1233.7005501361698,10.0,5.0,0.045330349486516985,3.155662405167069e-8,1.0
575.0,575.0,4.043693015381783e12,2.010893586289882e6,66450.82973746007,3483.9703535845433,8.0,17.0,0.09786088623041558,1.5187378004190087e-8,1.0
576.0,576.0,4.0446882105442964e12,2.0111410220430333e6,66459.00635665847,1233.7005501361698,5.0,10.0,0.03653866931783963,3.815507125743337e-8,1.0
577.0,577.0,4.0451641077011e12,2.011259333776005e6,66462.91601795396,1598.875912976476,9.0,9.0,0.08938827603501327,1.1055671213307622e-7,1.0
578.0,578.0,4.0478643933128154e12,2.0119305140369076e6,66485.09545377515,3483.9703535845433,8.0,17.0,0.07251178100685973,7.829097204528768e-8,1.0
579.0,579.0,4.0507040457651074e12,2.0126360937251193e6,66508.4116332325,1204.0917369329018,1.0,11.0,0.16139220759317863,5.821974665015926e-8,1.0
580.0,580.0,4.0516750967397173e12,2.0128773178561374e6,66516.38298674824,1204.0917369329018,1.0,11.0,0.3074640421833021,5.566952319074315e-9,1.0
581.0,581.0,4.052663369824173e12,2.0131227905481008e6,66524.49473575877,1431.0926381579568,8.0,9.0,0.06450846054241344,1.2959112513862331e-8,1.0
582.0,582.0,4.0527140124777754e12,2.013135368642103e6,66524.91038419917,1204.0917369329018,1.0,11.0,0.0371896862103336,6.369091984009489e-9,1.0
583.0,583.0,4.05272417419251e12,2.0131378924933358e6,66524.99378593147,3997.18978244119,9.0,18.0,0.11203046788224998,7.171175659342088e-8,1.0
584.0,584.0,4.05310968698998e12,2.01323363944426e6,66528.15778445288,1204.0917369329018,11.0,1.0,0.22186754001773343,4.49693990155211e-8,1.0
585.0,585.0,4.0542849545696416e12,2.0135255038289537e6,66537.80256658653,1233.7005501361698,2.0,11.0,0.41140017270883406,6.067840195688041e-8,1.0
586.0,586.0,4.054661434292024e12,2.0136189893552414e6,66540.89183537361,1233.7005501361698,11.0,2.0,0.42014749972434096,6.83305792956204e-9,1.0
587.0,587.0,4.0548079450706704e12,2.01365536899209e6,66542.09401587218,1283.0485721416164,11.0,3.0,0.1705329626327808,6.6735236924284125e-9,1.0
588.0,588.0,4.0549969199946187e12,2.0137022917985218e6,66543.64459987236,1263.3093633394378,8.0,8.0,0.10393633113869916,1.1271776287563696e-7,1.0
589.0,589.0,4.059374114861963e12,2.0147888511856429e6,66579.55041474268,1342.2661985481527,10.0,6.0,0.03994098079530123,9.032833510238748e-9,1.0
590.0,590.0,4.059619749437585e12,2.014849808158808e6,66581.56476372301,1470.5710557623142,7.0,10.0,0.14737455424958107,7.500100404205161e-9,1.0
591.0,591.0,4.059722707052772e12,2.014875357696543e6,66582.40905901218,1283.0485721416164,3.0,11.0,0.14998600848024637,2.352983256787461e-8,1.0
592.0,592.0,4.0601993022807256e12,2.0149936233846315e6,66586.31719873499,1352.1358029492421,11.0,4.0,0.1129673263248812,5.16159489126994e-8,1.0
593.0,593.0,4.0623154941433096e12,2.015518666285011e6,66603.66746362015,1283.0485721416164,11.0,3.0,0.08771083421782028,2.0062219630251413e-8,1.0
594.0,594.0,4.0629710854569526e12,2.0156812956062653e6,66609.04161837934,1440.9622425590462,5.0,11.0,0.0483351802531634,1.4266025801943117e-7,1.0
595.0,595.0,4.063013935963003e12,2.0156919248642642e6,66609.39286670911,1352.1358029492421,11.0,4.0,0.1617888371692387,6.311571403687582e-8,1.0
596.0,596.0,4.0633156900154785e12,2.0157667747076987e6,66611.86631146813,1352.1358029492421,4.0,11.0,0.27582081718961543,6.4765968566463304e-9,1.0
597.0,597.0,4.066313484768622e12,2.016510224315419e6,66636.43391844536,3997.18978244119,9.0,18.0,0.11182025707447657,2.1398263949139174e-8,1.0
598.0,598.0,4.0682590676772295e12,2.0169925799757494e6,66652.37356541427,1598.875912976476,9.0,9.0,0.1637523747776117,4.6068735664323625e-8,1.0
599.0,599.0,4.071082050880094e12,2.0176922587154103e6,66675.49474552898,1440.9622425590462,5.0,11.0,0.029276565669461425,5.583745931297543e-8,1.0
600.0,600.0,4.073399371586103e12,2.0182664273049044e6,66694.46838960503,1549.5278909710291,6.0,11.0,0.14769847973607161,7.120979462238003e-9,1.0
601.0,601.0,4.073422498048265e12,2.018272156585495e6,66694.65771610725,1549.5278909710291,6.0,11.0,0.12395836491649845,3.803807272568389e-8,1.0
602.0,602.0,4.073578866269364e12,2.018310894354327e6,66695.93782207537,3651.7536284030625,17.0,9.0,0.11530382773676537,2.165365732134105e-8,1.0
603.0,603.0,4.074085187769765e12,2.0184363224461072e6,66700.08264645992,1431.0926381579568,8.0,9.0,0.06051139138714133,8.100811275174705e-8,1.0
604.0,604.0,4.074285040195409e12,2.0184858285842407e6,66701.71859774968,1440.9622425590462,11.0,5.0,0.20389899900546676,5.941269395002107e-8,1.0
605.0,605.0,4.074670709192957e12,2.0185813605581908e6,66704.87549226599,1440.9622425590462,5.0,11.0,0.12304829652415582,7.263124938295973e-9,1.0
606.0,606.0,4.077315807679291e12,2.0192364417470507e6,66726.52292743706,1618.6151217786546,8.0,10.0,0.08061373282192774,3.753839080543023e-8,1.0
607.0,607.0,4.0783867543855347e12,2.01950161039439e6,66735.28553762997,1618.6151217786546,8.0,10.0,0.12172630648787762,1.0062124023901848e-7,1.0
608.0,608.0,4.0800770279570444e12,2.019920054843024e6,66749.1132115558,1786.3983965971738,9.0,10.0,0.04356029465524053,3.99007032835208e-8,1.0
609.0,609.0,4.0812686577650625e12,2.020215002856147e6,66758.85989349613,1431.0926381579568,9.0,8.0,0.04566943977244583,3.290113857865179e-8,1.0
610.0,610.0,4.084736101886502e12,2.0210730075597225e6,66787.2130221052,1598.875912976476,9.0,9.0,0.1655002939586839,6.960735045172845e-8,1.0
611.0,611.0,4.0857468306397114e12,2.0213230396548968e6,66795.47543852477,1549.5278909710291,11.0,6.0,0.03138487489180091,4.8162222281524274e-8,1.0
612.0,612.0,4.0891644649113403e12,2.0221682583087245e6,66823.4060467078,1431.0926381579568,12.0,1.0,0.07585678602562014,4.519445466893584e-8,1.0
613.0,613.0,4.0900927763733657e12,2.0223977789676702e6,66830.990654035,1677.832748185191,7.0,11.0,0.16776043595815524,7.065368996203248e-9,1.0
614.0,614.0,4.0904835325726646e12,2.0224943838173358e6,66834.18300218346,1431.0926381579568,12.0,1.0,0.18978106384235974,1.2930731739334474e-8,1.0
615.0,615.0,4.090811472789198e12,2.0225754554006627e6,66836.86204697078,1460.701451361225,2.0,12.0,0.25745250963693644,4.137016475287129e-8,1.0
616.0,616.0,4.090907496060463e12,2.022599193132555e6,66837.64647036897,1431.0926381579568,12.0,1.0,0.2197152978884894,3.1901580927862114e-8,1.0
617.0,617.0,4.0916096156336343e12,2.0227727543235384e6,66843.38187339064,1431.0926381579568,1.0,12.0,0.13322606385544628,1.0875605202466078e-8,1.0
618.0,618.0,4.092290510653295e12,2.0229410546660263e6,66848.94342944694,1510.0494733666717,3.0,12.0,0.07187582385349389,3.0283577828043225e-8,1.0
619.0,619.0,4.092306165071251e12,2.022944923884793e6,66849.07128941886,1677.832748185191,7.0,11.0,0.15199682659075933,6.252428566021096e-8,1.0
620.0,620.0,4.092885761029633e12,2.0230881743091755e6,66853.80506032816,1460.701451361225,12.0,2.0,0.38653865208375937,1.393116409069321e-7,1.0
621.0,621.0,4.094195585157794e12,2.023411867405594e6,66864.50163571333,1786.3983965971738,9.0,10.0,0.14435260463382163,4.554822683737109e-8,1.0
622.0,622.0,4.095805754054311e12,2.0238097129064065e6,66877.6486086892,1579.1367041742974,4.0,12.0,0.1689183191402284,4.770189186520572e-8,1.0
623.0,623.0,4.097677584060618e12,2.0242721121580019e6,66892.92878768424,1510.0494733666717,3.0,12.0,0.1902302329188596,3.118374213803266e-8,1.0
624.0,624.0,4.098160048519725e12,2.024391278513056e6,66896.86669032817,1510.0494733666717,12.0,3.0,0.2573972992808161,2.6068863022694775e-8,1.0
625.0,625.0,4.099339028580284e12,2.0246824512945935e6,66906.48861814279,1598.875912976476,9.0,9.0,0.10796318581016251,6.74075914216922e-8,1.0
626.0,626.0,4.099381513154388e12,2.0246929429309492e6,66906.83531870709,2921.40290272245,10.0,14.0,0.04346409710562616,2.12175744759245e-8,1.0
627.0,627.0,4.099682272462935e12,2.0247672143885912e6,66909.28965046277,3839.27611202376,10.0,17.0,0.13209395082370465,3.112081175684429e-8,1.0
628.0,628.0,4.0998254481583716e12,2.02480257016786e6,66910.45799715424,1579.1367041742974,12.0,4.0,0.29492790789981754,1.3355842656340977e-8,1.0
629.0,629.0,4.105441537966896e12,2.0261889196140857e6,66956.2705014239,1579.1367041742974,4.0,12.0,0.12641701147396212,1.4458083360818238e-7,1.0
630.0,630.0,4.1057356967148613e12,2.026261507484871e6,66958.66919833927,1667.9631437841015,5.0,12.0,0.12361187982471554,6.035732839655966e-8,1.0
631.0,631.0,4.107538367876272e12,2.0267062855471368e6,66973.36707767416,3839.27611202376,10.0,17.0,0.11942514062943761,7.274809013496146e-8,1.0
632.0,632.0,4.1088297046108315e12,2.0270248406496728e6,66983.89386587664,1667.9631437841015,12.0,5.0,0.11322941566586486,2.904720322871638e-8,1.0
633.0,633.0,4.108941945275592e12,2.0270525265211042e6,66984.80875721708,1776.5287921960844,12.0,6.0,0.08518633070291105,5.144194255632746e-8,1.0
634.0,634.0,4.1102018413149155e12,2.0273632731493672e6,66995.07751108201,1667.9631437841015,12.0,5.0,0.07430753981081432,4.817275427499009e-8,1.0
635.0,635.0,4.111088342217449e12,2.0275818953170422e6,67002.30197315205,1667.9631437841015,12.0,5.0,0.09833193214503727,4.76493247294973e-8,1.0
636.0,636.0,4.1117592231161904e12,2.0277473272368503e6,67007.76874096674,1776.5287921960844,6.0,12.0,0.08117390685637117,2.618027303306369e-8,1.0
637.0,637.0,4.1124822153753774e12,2.0279255941418011e6,67013.65964629831,1993.6600890200502,11.0,9.0,0.06210626394449785,2.142049476567249e-8,1.0
638.0,638.0,4.116907343357759e12,2.029016348716234e6,67049.7040929091,1786.3983965971738,10.0,9.0,0.13855744194842068,6.735046378585154e-8,1.0
639.0,639.0,4.118349896786369e12,2.0293717985589455e6,67061.45008341763,3651.7536284030625,3.0,19.0,0.022499349306349007,2.2459460185209035e-8,1.0
640.0,640.0,4.118952038096467e12,2.0295201497143277e6,67066.35241014186,1973.9208802178716,10.0,10.0,0.2772399519619127,2.45869292371973e-7,1.0
641.0,641.0,4.1205061179511826e12,2.0299029823987111e6,67079.00327824416,1904.8336494102462,7.0,12.0,0.08872035411019322,2.6387852389869576e-8,1.0
642.0,642.0,4.122238943294371e12,2.0303297622047437e6,67093.10639758344,1904.8336494102462,7.0,12.0,0.16534109424510304,6.412170049910563e-8,1.0
643.0,643.0,4.123080478468275e12,2.030536992637237e6,67099.95441494246,1776.5287921960844,12.0,6.0,0.13287547886712722,7.009398303841867e-8,1.0
644.0,644.0,4.1238923992409155e12,2.0307369103950702e6,67106.56078187199,1776.5287921960844,12.0,6.0,0.05567752048701771,2.2065154512521358e-8,1.0
645.0,645.0,4.126950935355875e12,2.0314898314675058e6,67131.44137740985,1677.832748185191,1.0,13.0,0.4621350666980794,9.064367463674557e-8,1.0
646.0,646.0,4.127389995907216e12,2.0315978922777055e6,67135.01229262327,1677.832748185191,13.0,1.0,0.40532639146313715,6.414591044763662e-9,1.0
647.0,647.0,4.1276974661532505e12,2.0316735628917483e6,67137.51286009446,1993.6600890200502,9.0,11.0,0.10178014895899473,2.018696375310501e-8,1.0
648.0,648.0,4.128302461746565e12,2.0318224483813946e6,67142.43284412063,1707.441561388459,2.0,13.0,0.3951541256457373,1.0250739550523002e-7,1.0
649.0,649.0,4.128532864201612e12,2.0318791460619925e6,67144.30644297518,1707.441561388459,13.0,2.0,0.194393667771006,1.0488190329582007e-8,1.0
650.0,650.0,4.12894786187899e12,2.0319812651397625e6,67147.68101112545,2181.1825726407483,11.0,10.0,0.09466278124543513,8.018407312954204e-9,1.0
651.0,651.0,4.1302305676232646e12,2.032296869953616e6,67158.11030578961,1756.7895833939058,13.0,3.0,0.3267465062646948,7.438344398873978e-8,1.0
652.0,652.0,4.131900078888883e12,2.0327075733830684e6,67171.68217445994,2220.6609902451055,9.0,12.0,0.03804687393040898,1.8037442966000963e-7,1.0
653.0,653.0,4.1320203359391934e12,2.0327371536770791e6,67172.65966779638,1825.8768142015313,13.0,4.0,0.09947083030768569,8.313437629614646e-9,1.0
654.0,654.0,4.1334176476606597e12,2.03308082664233e6,67184.01648640426,1756.7895833939058,13.0,3.0,0.3151573465055991,1.6636562903248974e-8,1.0
655.0,655.0,4.1340919865306177e12,2.033246661507309e6,67189.49656971269,1825.8768142015313,4.0,13.0,0.2097342324370793,9.640056131396441e-8,1.0
656.0,656.0,4.1342741179595513e12,2.0332914493400967e6,67190.97660260512,1973.9208802178716,10.0,10.0,0.1451334765951584,2.1533787634328352e-7,1.0
657.0,657.0,4.1378187607636216e12,2.034162914017366e6,67219.77452174229,1914.7032538113353,13.0,5.0,0.20773284180785723,5.2085023711752485e-8,1.0
658.0,658.0,4.139445329228512e12,2.0345626874659115e6,67232.98520456707,2052.8777154265863,12.0,8.0,0.09737217411875983,2.8146309398144083e-8,1.0
659.0,659.0,4.1397987479279546e12,2.0346495393379063e6,67235.85526144013,1825.8768142015313,13.0,4.0,0.15378466170122645,3.7407831872694064e-8,1.0
660.0,660.0,4.1429078363266685e12,2.0354134313025128e6,67261.09839475357,2023.2689022233185,13.0,6.0,0.10758648541684397,1.1158253390516438e-7,1.0
661.0,661.0,4.1435845359048687e12,2.0355796559960183e6,67266.59136011067,2181.1825726407483,10.0,11.0,0.11172881669152311,3.427710309564739e-8,1.0
662.0,662.0,4.144040191727154e12,2.0356915757862618e6,67270.28979695309,2052.8777154265863,8.0,12.0,0.10726174256637395,2.056943880188871e-7,1.0
663.0,663.0,4.1445440205824116e12,2.0358153208438165e6,67274.37900475925,2220.6609902451055,9.0,12.0,0.08671021935444358,1.957595549137408e-7,1.0
664.0,664.0,4.1449590378951455e12,2.035917247310201e6,67277.74720798474,3414.883122776918,11.0,15.0,0.09493697011237265,4.072233400483084e-8,1.0
665.0,665.0,4.145659262309953e12,2.036089207846737e6,67283.42971670267,2023.2689022233185,13.0,6.0,0.049151756698955856,1.25005607548623e-8,1.0
666.0,666.0,4.146076212189031e12,2.036191595157251e6,67286.81314871748,1914.7032538113353,5.0,13.0,0.19610125756515884,8.756456156420946e-9,1.0
667.0,667.0,4.147132442785323e12,2.036450942886993e6,67295.38340422449,1973.9208802178716,10.0,10.0,0.08793757532153788,5.431512919296501e-8,1.0
668.0,668.0,4.1505332607075493e12,2.0372857582350958e6,67322.97023076628,2151.57375943748,7.0,13.0,0.10245910517947827,6.978831051755468e-8,1.0
669.0,669.0,4.1506128882091807e12,2.03730530068745e6,67323.61601937634,2181.1825726407483,11.0,10.0,0.08493459512544299,1.1157016419100916e-7,1.0
670.0,670.0,4.1540517930256836e12,2.0381491096153106e6,67351.50004256806,3286.5782655627563,3.0,18.0,0.07133285263773265,5.2729242079969604e-8,1.0
671.0,671.0,4.15474517650654e12,2.0383192037820132e6,67357.12087630483,2023.2689022233185,6.0,13.0,0.07471652082702024,6.003687786846156e-8,1.0
672.0,672.0,4.1554770698132593e12,2.0384987294117354e6,67363.0533767293,1973.9208802178716,14.0,2.0,0.11431642150934826,3.7585519989995815e-8,1.0
673.0,673.0,4.1574124026996953e12,2.0389733697867894e6,67378.73806883048,1944.3120670146036,14.0,1.0,0.4506839617432407,9.951967120600989e-8,1.0
674.0,674.0,4.1577831761124536e12,2.0390642893524603e6,67381.74254436286,1944.3120670146036,1.0,14.0,0.3578897116394582,8.163572931268508e-9,1.0
675.0,675.0,4.1587706385928843e12,2.0393064111586774e6,67389.74356193552,1973.9208802178716,14.0,2.0,0.41676470775056,6.786654206365113e-8,1.0
676.0,676.0,4.159245986020315e12,2.0394229541760862e6,67393.59477527655,2151.57375943748,13.0,7.0,0.1590556141940033,1.5232095136925736e-8,1.0
677.0,677.0,4.1595260162521025e12,2.0394916073012173e6,67395.86344685625,2220.6609902451055,12.0,9.0,0.07730087757248413,1.8277256993877786e-8,1.0
678.0,678.0,4.1601901716977495e12,2.039654424577298e6,67401.24381266226,2388.4442650636247,11.0,11.0,0.2211184080178486,1.2343257811272327e-7,1.0
679.0,679.0,4.161185919857809e12,2.03989850724437e6,67409.30962771186,1973.9208802178716,2.0,14.0,0.19802490960204053,1.8261123054632586e-8,1.0
680.0,680.0,4.161799787195133e12,2.0400489668621027e6,67414.28162946695,2023.2689022233185,14.0,3.0,0.3312748271349637,5.7272743540438453e-8,1.0
681.0,681.0,4.163528001965585e12,2.0404724947829081e6,67428.27728888243,2220.6609902451055,12.0,9.0,0.08130691286392733,2.9577597814521526e-8,1.0
682.0,682.0,4.164672490065138e12,2.0407529223463428e6,67437.54413641655,2092.356133030944,14.0,4.0,0.2600812683201949,6.690627000239568e-8,1.0
683.0,683.0,4.1650567682629033e12,2.040847071258134e6,67440.6553270584,2408.1834738658035,12.0,10.0,0.11037383537316806,1.0694323738960642e-8,1.0
684.0,684.0,4.165778746959757e12,2.0410239457095442e6,67446.50021817331,2181.1825726407483,10.0,11.0,0.08372399770467417,7.13461678245068e-8,1.0
685.0,685.0,4.1662654068429014e12,2.0411431617706048e6,67450.43976337329,2023.2689022233185,3.0,14.0,0.13457690795058813,1.0081271471600502e-8,1.0
686.0,686.0,4.168551979208909e12,2.0417032054656986e6,67468.94664433504,2181.1825726407483,5.0,14.0,0.10391723160096318,3.748340082902895e-8,1.0
687.0,687.0,4.1694214424442354e12,2.041916120325278e6,67475.98250599323,2388.4442650636247,11.0,11.0,0.25537585466786955,1.4104214137015901e-8,1.0
688.0,688.0,4.171603937247702e12,2.042450473633988e6,67493.64043726261,2092.356133030944,4.0,14.0,0.12129751360586644,6.049886842034403e-8,1.0
689.0,689.0,4.172663138964585e12,2.0427097539700996e6,67502.20846571856,2388.4442650636247,11.0,11.0,0.06942683456401069,5.3004702432044826e-8,1.0
690.0,690.0,4.173849333028087e12,2.0430000815046697e6,67511.80246198934,2941.1421115246285,17.0,3.0,0.05842644559355901,4.149302857051769e-8,1.0
691.0,691.0,4.1747160122701514e12,2.0432121799436668e6,67518.81134468383,2181.1825726407483,5.0,14.0,0.13495920845408202,1.5242417486458594e-7,1.0
692.0,692.0,4.1757204191396494e12,2.043457956293608e6,67526.93312820075,2289.748221052731,6.0,14.0,0.13913044733392443,6.142219482361902e-8,1.0
693.0,693.0,4.1764968297582627e12,2.0436479221622942e6,67533.21063074094,2891.794089519182,2.0,17.0,0.16134775427641754,1.4111907546870998e-8,1.0
694.0,694.0,4.17756183375281e12,2.0439084700036864e6,67541.8205444454,2230.530594646195,1.0,15.0,0.40589202513048334,1.5234901778594971e-7,1.0
695.0,695.0,4.1778237947030425e12,2.0439725523360246e6,67543.93817224253,2230.530594646195,15.0,1.0,0.3155219851079115,1.1627978530117126e-8,1.0
696.0,696.0,4.178161481333183e12,2.044055156137716e6,67546.66784983427,2408.1834738658035,12.0,10.0,0.0446220524582743,2.5370071193088225e-8,1.0
697.0,697.0,4.178480065863565e12,2.0441330841859502e6,67549.24301517385,2260.139407849463,15.0,2.0,0.32893516080540824,1.0549596451842768e-7,1.0
698.0,698.0,4.1787175560357153e12,2.044191174043102e6,67551.16261909192,2181.1825726407483,5.0,14.0,0.08587132784841418,1.0081799230456854e-8,1.0
699.0,699.0,4.1798834770631143e12,2.044476333211787e6,67560.58582452434,2615.44516628868,12.0,11.0,0.11298591994145513,2.8843629052882064e-8,1.0
700.0,700.0,4.180139493825561e12,2.044538944071636e6,67562.65482689021,2467.4011002723396,9.0,13.0,0.08372297906628569,1.1216941247771963e-8,1.0
701.0,701.0,4.182053588930524e12,2.0450069899466173e6,67578.12160094516,2309.48742985491,15.0,3.0,0.2913759459769138,6.475732687285201e-8,1.0
702.0,702.0,4.1822990645819775e12,2.045067007357455e6,67580.10490169069,3010.229342332254,17.0,4.0,0.051791823180379254,4.881960561000001e-8,1.0
703.0,703.0,4.1826176543481807e12,2.0451448981302476e6,67582.67883524751,2536.488331079965,16.0,1.0,0.0542848932630648,1.125586119962637e-8,1.0
704.0,704.0,4.1832742978438784e12,2.0453054289870446e6,67587.98364536048,2378.5746606625353,15.0,4.0,0.11749532743284058,1.504131284180145e-8,1.0
705.0,705.0,4.183546083652382e12,2.0453718692825474e6,67590.17919304846,2536.488331079965,1.0,16.0,0.2545427475219905,1.1079048299259356e-7,1.0
706.0,706.0,4.184344046649129e12,2.0455669254876822e6,67596.62490791126,2536.488331079965,1.0,16.0,0.2968269995881356,2.6088045662773357e-8,1.0
707.0,707.0,4.1844916056789785e12,2.0456029931731569e6,67597.81677984462,3641.884024001973,12.0,15.0,0.07418116686783109,8.655293269917994e-8,1.0
708.0,708.0,4.184623186794504e12,2.0456351548588776e6,67598.87957636279,2566.097144283233,2.0,16.0,0.1599700428263699,9.341874269865463e-8,1.0
709.0,709.0,4.184634306749819e12,2.04563787282838e6,67598.96939281546,2566.097144283233,16.0,2.0,0.18887664259388542,2.3950975093357923e-8,1.0
710.0,710.0,4.185382890971555e12,2.0458208355013777e6,67605.0154717898,2309.48742985491,15.0,3.0,0.12402416936331785,1.060501302347882e-8,1.0
711.0,711.0,4.1857140209419526e12,2.0459017622901527e6,67607.68973177986,2536.488331079965,1.0,16.0,0.13225414747246642,1.2946134800531914e-7,1.0
712.0,712.0,4.187167689928252e12,2.0462569950835237e6,67619.42854980106,2615.44516628868,3.0,16.0,0.24248251996412667,8.124560532925875e-8,1.0
713.0,713.0,4.187438909107916e12,2.0463232660329882e6,67621.61850137752,2566.097144283233,2.0,16.0,0.10525591254380282,1.0991936499571029e-7,1.0
714.0,714.0,4.1884688587687104e12,2.0465749091515585e6,67629.93415474711,2289.748221052731,14.0,6.0,0.08668424390460039,1.5804846880880674e-8,1.0
715.0,715.0,4.1891379714625737e12,2.0467383739654107e6,67635.33591871285,2418.0530782668925,7.0,14.0,0.09486738292558697,6.169803375644005e-8,1.0
716.0,716.0,4.1896795705182437e12,2.04687067752661e6,67639.70794589462,2467.4011002723396,15.0,5.0,0.12115565861396273,9.039537416742247e-8,1.0
717.0,717.0,4.190324250312213e12,2.0470281508353062e6,67644.91171803638,2615.44516628868,11.0,12.0,0.12423250161423506,3.506449099252892e-8,1.0
718.0,718.0,4.1905938819881313e12,2.047094009074359e6,67647.08803142261,2684.5323970963054,4.0,16.0,0.17462120512216972,2.405973063326406e-8,1.0
719.0,719.0,4.191233908226607e12,2.04725032866687e6,67652.25367852466,2684.5323970963054,16.0,4.0,0.13552580910420303,4.81067800021322e-8,1.0
720.0,720.0,4.1920144709290186e12,2.047440956640513e6,67658.55306060342,2654.923583893037,10.0,13.0,0.05578474962135031,2.1278235228696698e-8,1.0
721.0,721.0,4.1950013035273706e12,2.0481702330439652e6,67682.65230804632,2654.923583893037,13.0,10.0,0.09266407735207591,1.646393776286554e-7,1.0
722.0,722.0,4.1950978461832456e12,2.0481938009337022e6,67683.43111893859,2467.4011002723396,13.0,9.0,0.08108027857918987,9.87881878529862e-8,1.0
723.0,723.0,4.1951532714085273e12,2.0482073311577926e6,67683.87823092077,2773.3588367061097,16.0,5.0,0.11572512661596696,8.439868521807645e-9,1.0
724.0,724.0,4.195932268087394e12,2.0483974878151442e6,67690.16203815318,2378.5746606625353,4.0,15.0,0.10578847388069357,3.940458373891522e-8,1.0
725.0,725.0,4.196467182032606e12,2.0485280525373837e6,67694.4766046655,2467.4011002723396,5.0,15.0,0.08728954461240657,3.6211875489313156e-8,1.0
726.0,726.0,4.197812011617716e12,2.0488562691457192e6,67705.32266141669,2654.923583893037,10.0,13.0,0.07269033167907178,4.617757807989083e-8,1.0
727.0,727.0,4.198401060832148e12,2.0490000148443503e6,67710.07279887317,2418.0530782668925,7.0,14.0,0.05111818283886408,7.583584259231947e-8,1.0
728.0,728.0,4.1993406576940137e12,2.0492292838269742e6,67717.64908944981,2467.4011002723396,15.0,5.0,0.06319434071651367,1.543993766797408e-8,1.0
729.0,729.0,4.201608644465662e12,2.04978258468201e6,67735.93315040771,2881.9244851180924,6.0,16.0,0.12233724533266539,9.429111116275098e-9,1.0
730.0,730.0,4.202495737764746e12,2.0499989604301623e6,67743.08337859373,2615.44516628868,12.0,11.0,0.19562361953775623,6.643357833591272e-8,1.0
731.0,731.0,4.202764952626542e12,2.0500646215733157e6,67745.25317886253,2881.9244851180924,16.0,6.0,0.16343073613457115,9.647658485667848e-8,1.0
732.0,732.0,4.204864159714346e12,2.0505765432468855e6,67762.16984725375,2704.2716058984843,7.0,15.0,0.11438329131548693,4.9956899532552305e-8,1.0
733.0,733.0,4.205211027333155e12,2.0506611195741617e6,67764.96470778837,2575.9667486843223,6.0,15.0,0.09669228086646416,3.663231826323835e-8,1.0
734.0,734.0,4.206295422429802e12,2.0509255038713135e6,67773.70139879732,2654.923583893037,10.0,13.0,0.10801363069622671,9.317969078897582e-8,1.0
735.0,735.0,4.207336720213429e12,2.0511793486220138e6,67782.08980603257,2842.446067513735,12.0,12.0,0.26445358107451233,6.576063229014192e-8,1.0
736.0,736.0,4.2083753643226294e12,2.0514325151763167e6,67790.45580198079,2566.097144283233,14.0,8.0,0.11424231115063237,1.2098336620759788e-8,1.0
737.0,737.0,4.208867117907094e12,2.051552367819816e6,67794.4163833169,2773.3588367061097,5.0,16.0,0.12443976961313259,2.1760527083360867e-8,1.0
738.0,738.0,4.210248146580453e12,2.051888921598938e6,67805.53794540571,3010.229342332254,16.0,7.0,0.16957980257504676,5.179522140980055e-8,1.0
739.0,739.0,4.2105078386837437e12,2.0519522018516278e6,67807.62906814135,2842.446067513735,12.0,12.0,0.23829473226244846,4.5379423993286816e-8,1.0
740.0,740.0,4.2135070629543735e12,2.052682893910887e6,67831.77509652961,2575.9667486843223,15.0,6.0,0.13032861636655776,1.0182399206804368e-8,1.0
741.0,741.0,4.215383553930907e12,2.0531399255605808e6,67846.8779008478,2862.1852763159136,13.0,11.0,0.17110875961220826,1.0024622323298944e-8,1.0
742.0,742.0,4.217688896719923e12,2.0537012676433548e6,67865.42768758004,2733.880419101752,14.0,9.0,0.06346051674391062,5.058766451352455e-8,1.0
743.0,743.0,4.2182760930907476e12,2.0538442231802167e6,67870.1517138064,2842.446067513735,12.0,12.0,0.10896976097520429,1.3105405253969221e-8,1.0
744.0,744.0,4.2191536759516445e12,2.0540578560380535e6,67877.21130202092,2654.923583893037,10.0,13.0,0.05396295930929188,8.767146657189728e-8,1.0
745.0,745.0,4.2195505286273735e12,2.0541544558838252e6,67880.40348481358,3158.273408348595,8.0,16.0,0.1362799198811567,4.431123065320173e-8,1.0
746.0,746.0,4.219748993345466e12,2.0542027634450952e6,67881.99982862355,3010.229342332254,7.0,16.0,0.06858026446791078,5.386329610702454e-8,1.0
747.0,747.0,4.220930106772867e12,2.0544902303911955e6,67891.49929553752,3158.273408348595,16.0,8.0,0.1562732498340701,3.346812282052745e-8,1.0
748.0,748.0,4.2234579260768022e12,2.0551053321123961e6,67911.82559227714,2842.446067513735,12.0,12.0,0.074198656424515,5.861022781991641e-8,1.0
749.0,749.0,4.2252510575431133e12,2.055541548483784e6,67926.24054691293,2704.2716058984843,15.0,7.0,0.10708981659731609,2.4516038102850385e-8,1.0
750.0,750.0,4.227504084312585e12,2.0560895127188857e6,67944.3482570062,2921.40290272245,14.0,10.0,0.02912675061467421,5.300720662008281e-8,1.0
751.0,751.0,4.2277729170065723e12,2.0561548864340382e6,67946.50855909505,2852.3156719148246,15.0,8.0,0.09662479290626215,9.864361668285991e-8,1.0
752.0,752.0,4.2284687808522837e12,2.0563240943130252e6,67952.10010507911,3089.186177540969,13.0,12.0,0.09146060228560662,2.0480322649703902e-8,1.0
753.0,753.0,4.230333624270447e12,2.0567774853567525e6,67967.08260403213,2921.40290272245,10.0,14.0,0.11834669479987889,6.203434259146771e-8,1.0
754.0,754.0,4.2312198276980156e12,2.0569929090052827e6,67974.20136968313,3326.0566831671135,16.0,9.0,0.09758875901480261,2.4317032770967157e-7,1.0
755.0,755.0,4.2315011163589243e12,2.0570612816245714e6,67976.46077182854,2862.1852763159136,13.0,11.0,0.061345303520534876,7.72930044442699e-8,1.0
756.0,756.0,4.2319088810589893e12,2.0571603926429725e6,67979.7359373837,3010.229342332254,7.0,16.0,0.09666098325527593,1.3720500027842384e-8,1.0
757.0,757.0,4.23478910840706e12,2.05786032286136e6,68002.86542771937,2862.1852763159136,13.0,11.0,0.06401352921659259,7.675060254644755e-8,1.0
758.0,758.0,4.235898184963286e12,2.0581297784550143e6,68011.76970186784,3089.186177540969,12.0,13.0,0.15578799829360354,2.356014619105905e-8,1.0
759.0,759.0,4.2373384430014224e12,2.0584796435722706e6,68023.33114275978,3089.186177540969,12.0,13.0,0.08988160624371716,3.0179852311734874e-7,1.0
760.0,760.0,4.2385387174864893e12,2.058771166858155e6,68032.96465313889,3089.186177540969,13.0,12.0,0.18261358257057944,9.152249630956343e-9,1.0
761.0,761.0,4.2411799522615405e12,2.0594125260038457e6,68054.15863758512,3158.273408348595,8.0,16.0,0.15637344076410933,1.1035464953082057e-7,1.0
762.0,762.0,4.244560819248261e12,2.060233195356356e6,68081.2780037148,3158.273408348595,16.0,8.0,0.1026825237319365,9.127659613284985e-8,1.0
763.0,763.0,4.2459916582376987e12,2.060580417804095e6,68092.75211647394,3089.186177540969,12.0,13.0,0.09633833603938584,4.869188125147866e-8,1.0
764.0,764.0,4.247054818422928e12,2.0608383775597077e6,68101.27650578832,3335.926287568203,13.0,13.0,0.1759185311786535,2.3175100852220322e-8,1.0
765.0,765.0,4.2483927569041284e12,2.0611629622385825e6,68112.00254389316,3207.6214303540414,15.0,10.0,0.14305073100150584,3.9017340148270444e-8,1.0
766.0,766.0,4.2494357950074688e12,2.0614159684565046e6,68120.3632414578,3020.0989467333434,15.0,9.0,0.17261279149610706,1.1871521243657854e-7,1.0
767.0,767.0,4.251053627210591e12,2.0618083391068606e6,68133.32929568292,3355.665496370382,12.0,14.0,0.05382819159985892,2.0749999158760874e-7,1.0
768.0,768.0,4.251185726527821e12,2.0618403736778027e6,68134.38789163942,3128.6645951453265,14.0,11.0,0.19807627537784006,4.919556346239232e-7,1.0
769.0,769.0,4.2551493886913916e12,2.0628013449412407e6,68166.14359380321,3335.926287568203,13.0,13.0,0.6016289247262374,9.450039361347138e-8,1.0
770.0,770.0,4.2575985513860137e12,2.0633949092178196e6,68185.75817656885,3326.0566831671135,9.0,16.0,0.1423370035209026,5.957354512437528e-8,1.0
771.0,771.0,4.2588799443052573e12,2.063705391838975e6,68196.01820620717,3355.665496370382,14.0,12.0,0.2050283223064934,3.1623255984439376e-8,1.0
772.0,772.0,4.259320587112776e12,2.0638121491823755e6,68199.54604780849,3326.0566831671135,16.0,9.0,0.13794954094083478,1.6929852931381526e-8,1.0
773.0,773.0,4.260478604158854e12,2.0640926830350554e6,68208.81640771571,3414.883122776918,11.0,15.0,0.09175143828337748,8.437421156835116e-8,1.0
774.0,774.0,4.2649195177566772e12,2.0651681572590347e6,68244.35590867783,3602.405606397616,13.0,14.0,0.03710113659009121,1.1660894686440489e-8,1.0
775.0,775.0,4.265201724382501e12,2.0652364814670742e6,68246.61371105303,3641.884024001973,12.0,15.0,0.016935381557250107,4.275899219236127e-7,1.0
776.0,776.0,4.2664234074108965e12,2.0655322334475676e6,68256.38696043543,3839.27611202376,10.0,17.0,0.054604553998245035,2.4460800058496563e-7,1.0
777.0,777.0,4.266763726982036e12,2.0656146124052366e6,68259.10920796127,3355.665496370382,12.0,14.0,0.19547228388365823,8.889145486510858e-8,1.0
778.0,778.0,4.2687158792910806e12,2.0660870938300448e6,68274.72255663775,3414.883122776918,15.0,11.0,0.17329048987631157,4.908398978180426e-8,1.0
779.0,779.0,4.2727522194056387e12,2.0670636708639718e6,68306.99395809302,3513.5791667878116,10.0,16.0,0.1275758850012412,1.3414180393922856e-8,1.0
780.0,780.0,4.272955704509482e12,2.067112891089764e6,68308.62046128845,3641.884024001973,12.0,15.0,0.14930521124502025,3.93772131946955e-8,1.0
781.0,781.0,4.273161607925113e12,2.067162695078719e6,68310.26625518467,3602.405606397616,13.0,14.0,0.32549244799822435,1.0118130156343151e-8,1.0
782.0,782.0,4.2743226024344976e12,2.0674434943752387e6,68319.54538679594,3602.405606397616,13.0,14.0,0.19359162935107932,4.119490276974648e-8,1.0
783.0,783.0,4.276572706847455e12,2.0679875983301871e6,68337.52553229756,3513.5791667878116,10.0,16.0,0.06175235145804015,4.1982758721119476e-8,1.0
784.0,784.0,4.280644099346342e12,2.0689717492866695e6,68370.0472172296,3720.840859210688,11.0,16.0,0.10932785360789571,9.766275061884774e-8,1.0
785.0,785.0,4.2817727850155674e12,2.0692444961907153e6,68379.0602541231,3641.884024001973,12.0,15.0,0.15644781297033672,1.3090069503817578e-8,1.0
786.0,786.0,4.284027543110022e12,2.0697892508924725e6,68397.06190382846,3414.883122776918,11.0,15.0,0.025844760441758634,4.995325384346873e-8,1.0
787.0,787.0,4.2870217555494614e12,2.070512437912282e6,68420.95992501137,3414.883122776918,11.0,15.0,0.006545153090889021,1.027998521088197e-8,1.0
788.0,788.0,4.2878763263031255e12,2.070718794598418e6,68427.77906905215,3414.883122776918,11.0,15.0,0.0339015616454251,1.1168687756503827e-7,1.0
789.0,789.0,4.290235971340887e12,2.0712884809559693e6,68446.6045958764,3513.5791667878116,16.0,10.0,0.006556638516682881,1.8638171151659217e-8,1.0
790.0,790.0,4.2904870700584604e12,2.0713490942036933e6,68448.60758630403,3720.840859210688,11.0,16.0,0.022480697192352277,9.60325628849182e-9,1.0
791.0,791.0,4.290994112875466e12,2.0714714849293644e6,68452.65203963984,3641.884024001973,12.0,15.0,0.05103696954403476,7.220837820104505e-8,1.0
792.0,792.0,4.291259213579847e12,2.0715354724406356e6,68454.76653403467,3513.5791667878116,16.0,10.0,0.019663348327484745,1.698993276760375e-8,1.0
793.0,793.0,4.295243318436009e12,2.0724968801993427e6,68486.5366603694,3414.883122776918,15.0,11.0,0.021953154156396096,1.9515628885145291e-7,1.0
794.0,794.0,4.296916950025608e12,2.072900612674329e6,68499.8781708987,3997.18978244119,9.0,18.0,0.007691122091679939,1.2929806202950017e-8,1.0
795.0,795.0,4.2977401537327637e12,2.0730991664010584e6,68506.43946284303,3602.405606397616,13.0,14.0,0.021201847065934178,2.8762194105959637e-7,1.0
796.0,796.0,4.299818769201431e12,2.0736004362464412e6,68523.00413706306,3829.4065076226707,8.0,18.0,0.002943191736621855,1.698011412174046e-8,1.0
797.0,797.0,4.2998246729011357e12,2.073601859784355e6,68523.05117847599,3355.665496370382,14.0,12.0,0.012191058106522244,1.6537789196184785e-7,1.0
798.0,798.0,4.301890109885312e12,2.0740998312244548e6,68539.5068554973,3720.840859210688,11.0,16.0,0.01945830636145202,7.61748859944917e-7,1.0
799.0,799.0,4.3018901099006064e12,2.074099831228142e6,68539.50685561913,3326.0566831671135,16.0,9.0,0.008254146058989139,4.51294962320472e-7,1.0
800.0,800.0,4.305573178815265e12,2.074987512929961e6,68568.84067319696,3720.840859210688,11.0,16.0,0.031928581013418285,7.228686149560341e-8,1.0
801.0,801.0,4.305950543985804e12,2.0750784428512105e6,68571.8454909338,3414.883122776918,15.0,11.0,0.02921823594614232,8.214231095494515e-8,1.0
802.0,802.0,4.3066774665745674e12,2.0752535909075227e6,68577.63333259195,3720.840859210688,11.0,16.0,0.031397194515409205,1.341892277035659e-7,1.0
803.0,803.0,4.307240228862594e12,2.0753891752783607e6,68582.11377551695,3513.5791667878116,10.0,16.0,0.033154793116338586,1.0330485882535332e-7,1.0
804.0,804.0,5.542562581336045e19,7.444838870879642e9,2.4601785176728457e8,365.17536284030626,6.0,1.0,1.2255197131147657e-5,9.104263629027058e-16,1.0
805.0,805.0,5.542562581336047e19,7.4448388708796425e9,2.460178517672846e8,365.17536284030626,1.0,6.0,1.225515958435043e-5,1.3396935021710541e-15,1.0
806.0,806.0,5.5425625814326755e19,7.444838870944539e9,2.4601785176942915e8,78.95683520871486,2.0,2.0,2.2040804801363236e-5,9.752240893032348e-16,1.0
807.0,807.0,5.542562581432678e19,7.44483887094454e9,2.4601785176942918e8,394.78417604357435,2.0,6.0,1.0134352542647764e-5,1.2096382176531978e-15,1.0
808.0,808.0,5.54256258159751e19,7.444838871055243e9,2.4601785177308738e8,720.4811212795231,3.0,8.0,9.039473124505852e-6,8.729789713183803e-16,1.0
809.0,809.0,5.542562581597511e19,7.4448388710552435e9,2.460178517730874e8,720.4811212795231,8.0,3.0,9.039502829932315e-6,1.7084483599541337e-15,1.0
810.0,810.0,5.542562581837124e19,7.444838871216169e9,2.4601785177840528e8,789.5683520871487,4.0,8.0,8.220491779574151e-6,1.267253799611483e-15,1.0
811.0,811.0,5.542562581837125e19,7.444838871216169e9,2.4601785177840528e8,315.82734083485946,4.0,4.0,2.2110557889085335e-5,1.1088913047006321e-15,1.0
812.0,812.0,5.542562582160621e19,7.444838871433432e9,2.460178517855848e8,878.3947916969529,5.0,8.0,7.33656168659347e-6,1.5727389014856337e-15,1.0
813.0,813.0,5.5425625821606265e19,7.444838871433435e9,2.4601785178558493e8,878.3947916969529,8.0,5.0,7.336703066499708e-6,9.706486604451615e-16,1.0
814.0,814.0,5.542562582579961e19,7.444838871715063e9,2.4601785179489145e8,986.9604401089358,8.0,6.0,6.581185077264892e-6,1.2004341261313949e-15,1.0
815.0,815.0,5.542562582579961e19,7.444838871715063e9,2.4601785179489145e8,710.6115168784338,6.0,6.0,2.1593647433605644e-5,9.182497540378718e-16,1.0
816.0,816.0,5.542562583109693e19,7.444838872070834e9,2.4601785180664805e8,1115.2652973230975,8.0,7.0,5.777989813623228e-6,1.2636841969508555e-15,1.0
817.0,817.0,5.542562583109693e19,7.444838872070834e9,2.4601785180664805e8,1115.2652973230975,7.0,8.0,5.778688075579867e-6,9.939826897219797e-16,1.0
818.0,818.0,5.542562583766003e19,7.444838872511616e9,2.4601785182121387e8,1263.3093633394378,8.0,8.0,2.0096102241945106e-5,1.1114088346423252e-15,1.0
819.0,819.0,5.5425625837660045e19,7.444838872511617e9,2.460178518212139e8,1618.6151217786546,10.0,8.0,5.279820524698644e-6,1.2179828632164478e-15,1.0
820.0,820.0,5.542562584564197e19,7.4448388730476885e9,2.460178518389286e8,1786.3983965971738,10.0,9.0,4.714613435798243e-6,1.7300245859452463e-15,1.0
821.0,821.0,5.542562584564198e19,7.4448388730476885e9,2.460178518389286e8,1786.3983965971738,9.0,10.0,4.7157041245000134e-6,1.2553658745282198e-15,1.0
822.0,822.0,5.5425625855133204e19,7.444838873685125e9,2.4601785185999298e8,1973.9208802178716,10.0,10.0,1.6721315968238242e-5,9.986834806446377e-16,1.0
823.0,823.0,5.542562585513322e19,7.444838873685126e9,2.46017851859993e8,1618.6151217786546,8.0,10.0,4.066217491173666e-6,1.4251875645896e-15,1.0
824.0,824.0,5.54256258660634e19,7.444838874419204e9,2.460178518842509e8,2181.1825726407483,10.0,11.0,3.865257136443075e-6,1.5804868124380397e-15,1.0
825.0,825.0,5.542562586606342e19,7.444838874419206e9,2.4601785188425097e8,2181.1825726407483,11.0,10.0,3.863692680600259e-6,1.234983747287351e-15,1.0
826.0,826.0,5.542562587804781e19,7.444838875224084e9,2.4601785191084853e8,2842.446067513735,12.0,12.0,1.0663765299323306e-5,1.379487461662476e-15,1.0
827.0,827.0,5.5425625878047834e19,7.444838875224086e9,2.460178519108486e8,2408.1834738658035,10.0,12.0,3.5651808012470904e-6,1.4611898984478537e-15,1.0
828.0,828.0,5.54256258902053e19,7.444838876040589e9,2.460178519378303e8,2654.923583893037,10.0,13.0,3.181146587557677e-6,2.170499852925646e-15,1.0
829.0,829.0,5.542562589020533e19,7.444838876040591e9,2.4601785193783036e8,2654.923583893037,13.0,10.0,3.1805204988160857e-6,1.4481567173582893e-15,1.0
830.0,830.0,5.542562590105893e19,7.444838876769526e9,2.460178519619183e8,2921.40290272245,14.0,10.0,2.8771157716555346e-6,1.4713981542787405e-15,1.0
831.0,831.0,5.542562590105896e19,7.444838876769527e9,2.4601785196191835e8,2921.40290272245,10.0,14.0,2.919556415403882e-6,1.5346726198869397e-15,1.0
832.0,832.0,5.542562590872197e19,7.44483887728418e9,2.4601785197892526e8,3207.6214303540414,15.0,10.0,2.67603435702322e-6,1.318747498938871e-15,1.0
833.0,833.0,5.542562590872198e19,7.444838877284181e9,2.460178519789253e8,3207.6214303540414,10.0,15.0,2.676261386253402e-6,1.5846857260870814e-15,1.0
834.0,834.0,5.542562596989494e19,7.444838881392594e9,2.4601785211468956e8,19.739208802178716,1.0,1.0,2.1229294020480945e-5,2.0372314606989315e-15,1.0
835.0,835.0,5.542562596989495e19,7.444838881392595e9,2.460178521146896e8,256.6097144283233,1.0,5.0,1.2286112482971478e-5,1.3515206754524719e-15,1.0
836.0,836.0,5.542562597086124e19,7.444838881457492e9,2.4601785211683413e8,523.089033257736,2.0,7.0,1.0164657028505529e-5,1.476602946913093e-15,1.0
837.0,837.0,5.542562597086125e19,7.444838881457493e9,2.4601785211683416e8,523.089033257736,7.0,2.0,1.0164695674559923e-5,8.122047564746775e-16,1.0
838.0,838.0,5.542562597250962e19,7.444838881568198e9,2.4601785212049246e8,572.4370552631827,3.0,7.0,9.115509619026962e-6,8.189332072719005e-16,1.0
839.0,839.0,5.542562597250963e19,7.444838881568199e9,2.460178521204925e8,177.65287921960845,3.0,3.0,2.215922265300696e-5,1.5424905346620891e-15,1.0
840.0,840.0,5.542562597490576e19,7.444838881729124e9,2.4601785212581033e8,641.5242860708082,4.0,7.0,8.056968016992486e-6,1.1483018699732734e-15,1.0
841.0,841.0,5.5425625974905766e19,7.444838881729125e9,2.4601785212581035e8,641.5242860708082,7.0,4.0,8.057070350137534e-6,1.56419118099898e-15,1.0
842.0,842.0,5.542562597814075e19,7.444838881946388e9,2.460178521329899e8,493.4802200544679,5.0,5.0,2.193448947070855e-5,1.2298822583629665e-15,1.0
843.0,843.0,5.542562597814078e19,7.44483888194639e9,2.4601785213298997e8,1046.178066515472,5.0,9.0,7.332112928002842e-6,1.2267775523231818e-15,1.0
844.0,844.0,5.542562598233408e19,7.444838882228015e9,2.4601785214229637e8,1154.743714927455,6.0,9.0,6.591502759775774e-6,1.440560640625882e-15,1.0
845.0,845.0,5.5425625982334116e19,7.444838882228018e9,2.460178521422965e8,1154.743714927455,9.0,6.0,6.591676711931993e-6,8.425997560610969e-16,1.0
846.0,846.0,5.542562598763141e19,7.444838882583787e9,2.4601785215405303e8,1283.0485721416164,7.0,9.0,5.996606235300535e-6,2.272804593773951e-15,1.0
847.0,847.0,5.542562598763143e19,7.444838882583789e9,2.460178521540531e8,967.2212313067571,7.0,7.0,2.1014946312680552e-5,9.78064424400702e-16,1.0
848.0,848.0,5.542562599419449e19,7.444838883024568e9,2.460178521686188e8,1431.0926381579568,9.0,8.0,5.318962331772977e-6,1.863185456969036e-15,1.0
849.0,849.0,5.542562599419452e19,7.4448388830245695e9,2.4601785216861886e8,1431.0926381579568,8.0,9.0,5.3198425446518245e-6,1.0059156516667962e-15,1.0
850.0,850.0,5.542562600217644e19,7.44483888356064e9,2.4601785218633357e8,1598.875912976476,9.0,9.0,1.871000168663966e-5,1.0871342090997279e-15,1.0
851.0,851.0,5.542562600217647e19,7.444838883560642e9,2.4601785218633363e8,1993.6600890200502,11.0,9.0,4.3607300150897946e-6,1.0466494552210515e-15,1.0
852.0,852.0,5.54256260116677e19,7.444838884198079e9,2.46017852207398e8,1786.3983965971738,10.0,9.0,4.265326955522741e-6,1.0642979885407143e-15,1.0
853.0,853.0,5.542562601166773e19,7.444838884198081e9,2.4601785220739806e8,1786.3983965971738,9.0,10.0,4.266617887732822e-6,1.3136991185466987e-15,1.0
854.0,854.0,5.5425626022597894e19,7.4448388849321575e9,2.4601785223165593e8,1993.6600890200502,9.0,11.0,3.912398354984488e-6,9.372235367132053e-16,1.0
855.0,855.0,5.542562602259791e19,7.444838884932158e9,2.4601785223165596e8,2388.4442650636247,11.0,11.0,1.4030859277662058e-5,1.042573653721116e-15,1.0
856.0,856.0,5.542562603458228e19,7.444838885737037e9,2.4601785225825348e8,2220.6609902451055,9.0,12.0,4.227746078437609e-6,1.7693540661731104e-15,1.0
857.0,857.0,5.542562603458229e19,7.444838885737038e9,2.460178522582535e8,2220.6609902451055,12.0,9.0,4.227189333374363e-6,1.091946137289771e-15,1.0
858.0,858.0,5.54256260467398e19,7.444838886553543e9,2.460178522852353e8,2467.4011002723396,13.0,9.0,5.991370583828122e-6,1.3015624614553844e-15,1.0
859.0,859.0,5.54256260467398e19,7.444838886553543e9,2.460178522852353e8,2467.4011002723396,9.0,13.0,6.040369234773632e-6,1.4271359598330692e-15,1.0
860.0,860.0,5.5425626057593405e19,7.444838887282478e9,2.4601785230932328e8,2733.880419101752,14.0,9.0,2.8235837562707434e-6,1.3600302172699292e-15,1.0
861.0,861.0,5.542562605759341e19,7.444838887282478e9,2.4601785230932328e8,2733.880419101752,9.0,14.0,2.823248243254358e-6,1.286507879837943e-15,1.0
862.0,862.0,5.5425626065256415e19,7.444838887797131e9,2.4601785232633018e8,3020.0989467333434,9.0,15.0,2.5697875511046926e-6,1.657597141859733e-15,1.0
863.0,863.0,5.5425626065256464e19,7.444838887797133e9,2.4601785232633027e8,3020.0989467333434,15.0,9.0,2.558916516001096e-6,1.254255188195585e-15,1.0
864.0,864.0,1.108512516260891e20,1.0528592100850384e10,3.4792178255419606e8,1973.9208802178716,10.0,10.0,1.6133796884159468e-7,5.811142214110393e-16,1.0
865.0,865.0,1.108512517826235e20,1.052859210828416e10,3.479217827998484e8,1786.3983965971738,9.0,10.0,1.584142617448376e-7,7.701886277457481e-16,1.0
866.0,866.0,1.1085125178262384e20,1.0528592108284176e10,3.4792178279984885e8,1786.3983965971738,10.0,9.0,1.5842014406475938e-7,7.744330791586354e-16,1.0
867.0,867.0,1.1085125193915833e20,1.0528592115717957e10,3.479217830455013e8,1598.875912976476,9.0,9.0,1.6307095467336304e-7,8.93753784336262e-16,1.0
