<?xml version="1.0" encoding="utf-8"?>
<VTKFile type="UnstructuredGrid" version="1.0" byte_order="LittleEndian" header_type="UInt64">
  <UnstructuredGrid>
    <Piece NumberOfPoints="676" NumberOfCells="625">
      <Points>
        <DataArray type="Float64" Name="Points" NumberOfComponents="3" format="ascii">
 0.0 0.0 0.0 1.0 0.0 0.0 1.0 1.0 0.0 0.0 1.0 0.0 0.03999999999992164 0.0 0.0 0.07999999999984475 0.0 0.0 0.1199999999997825 0.0 0.0 0.1599999999996736 0.0 0.0 0.1999999999995569 0.0 0.0 0.2399999999994401 0.0 0.0 0.2799999999993234 0.0 0.0 0.3199999999992066 0.0 0.0 0.3599999999990898 0.0 0.0 0.3999999999989731 0.0 0.0 0.4399999999988564 0.0 0.0 0.4799999999987396 0.0 0.0 0.5199999999987339 0.0 0.0 0.5599999999988394 0.0 0.0 0.5999999999989449 0.0 0.0 0.6399999999990504 0.0 0.0 0.679999999999156 0.0 0.0 0.7199999999992615 0.0 0.0 0.759999999999367 0.0 0.0 0.7999999999994724 0.0 0.0 0.839999999999578 0.0 0.0 0.8799999999996835 0.0 0.0 0.9199999999997889 0.0 0.0 0.9599999999998945 0.0 0.0 1.0 0.03999999999992164 0.0 1.0 0.07999999999984475 0.0 1.0 0.1199999999997825 0.0 1.0 0.1599999999996736 0.0 1.0 0.1999999999995569 0.0 1.0 0.2399999999994401 0.0 1.0 0.2799999999993234 0.0 1.0 0.3199999999992066 0.0 1.0 0.3599999999990898 0.0 1.0 0.3999999999989731 0.0 1.0 0.4399999999988564 0.0 1.0 0.4799999999987396 0.0 1.0 0.5199999999987339 0.0 1.0 0.5599999999988394 0.0 1.0 0.5999999999989449 0.0 1.0 0.6399999999990504 0.0 1.0 0.679999999999156 0.0 1.0 0.7199999999992615 0.0 1.0 0.759999999999367 0.0 1.0 0.7999999999994724 0.0 1.0 0.839999999999578 0.0 1.0 0.8799999999996835 0.0 1.0 0.9199999999997889 0.0 1.0 0.9599999999998945 0.0 0.9599999999998334 1.0 0.0 0.9199999999996669 1.0 0.0 0.8799999999995082 1.0 0.0 0.8399999999997224 1.0 0.0 0.8 1.0 0.0 0.7600000000002776 1.0 0.0 0.7200000000005551 1.0 0.0 0.6800000000008326 1.0 0.0 0.64000000000111 1.0 0.0 0.6000000000013874 1.0 0.0 0.5600000000016649 1.0 0.0 0.5200000000019424 1.0 0.0 0.4800000000019978 1.0 0.0 0.4400000000018314 1.0 0.0 0.4000000000016649 1.0 0.0 0.3600000000014983 1.0 0.0 0.3200000000013319 1.0 0.0 0.2800000000011654 1.0 0.0 0.240000000000999 1.0 0.0 0.2000000000008325 1.0 0.0 0.1600000000006659 1.0 0.0 0.1200000000004994 1.0 0.0 0.08000000000033292 1.0 0.0 0.04000000000016646 1.0 0.0 0.0 0.9599999999998334 0.0 0.0 0.9199999999996669 0.0 0.0 0.8799999999995082 0.0 0.0 0.8399999999997224 0.0 0.0 0.8 0.0 0.0 0.7600000000002776 0.0 0.0 0.7200000000005551 0.0 0.0 0.6800000000008326 0.0 0.0 0.64000000000111 0.0 0.0 0.6000000000013874 0.0 0.0 0.5600000000016649 0.0 0.0 0.5200000000019424 0.0 0.0 0.4800000000019978 0.0 0.0 0.4400000000018314 0.0 0.0 0.4000000000016649 0.0 0.0 0.3600000000014983 0.0 0.0 0.3200000000013319 0.0 0.0 0.2800000000011654 0.0 0.0 0.240000000000999 0.0 0.0 0.2000000000008325 0.0 0.0 0.1600000000006659 0.0 0.0 0.1200000000004994 0.0 0.0 0.08000000000033292 0.0 0.0 0.04000000000016646 0.0 0.03999999999993144 0.04000000000015666 0.0 0.03999999999994122 0.08000000000031339 0.0 0.03999999999995102 0.1200000000004707 0.0 0.0399999999999608 0.1600000000006263 0.0 0.03999999999997061 0.2000000000007815 0.0 0.0399999999999804 0.2400000000009366 0.0 0.03999999999999018 0.2800000000010917 0.0 0.03999999999999998 0.3200000000012469 0.0 0.04000000000000978 0.360000000001402 0.0 0.04000000000001956 0.4000000000015573 0.0 0.04000000000002936 0.4400000000017124 0.0 0.04000000000003914 0.4800000000018674 0.0 0.04000000000004894 0.5200000000018139 0.0 0.04000000000005874 0.5600000000015518 0.0 0.04000000000006854 0.6000000000012896 0.0 0.04000000000007832 0.6400000000010276 0.0 0.04000000000008812 0.6800000000007655 0.0 0.0400000000000979 0.7200000000005033 0.0 0.0400000000001077 0.7600000000002411 0.0 0.0400000000001175 0.7999999999999788 0.0 0.04000000000012729 0.8399999999997166 0.0 0.04000000000013708 0.8799999999995154 0.0 0.04000000000014686 0.9199999999996715 0.0 0.04000000000015666 0.9599999999998358 0.0 0.07999999999986425 0.04000000000014688 0.0 0.07999999999988379 0.08000000000029388 0.0 0.07999999999990333 0.120000000000442 0.0 0.07999999999992287 0.1600000000005866 0.0 0.07999999999994238 0.2000000000007305 0.0 0.07999999999996192 0.2400000000008743 0.0 0.07999999999998145 0.2800000000010182 0.0 0.08000000000000096 0.3200000000011617 0.0 0.08000000000002049 0.3600000000013057 0.0 0.08000000000004003 0.4000000000014497 0.0 0.08000000000005954 0.4400000000015934 0.0 0.08000000000007905 0.4800000000017371 0.0 0.08000000000009859 0.5200000000016856 0.0 0.08000000000011813 0.5600000000014389 0.0 0.08000000000013764 0.600000000001192 0.0 0.08000000000015718 0.6400000000009453 0.0 0.0800000000001767 0.6800000000006984 0.0 0.08000000000019623 0.7200000000004515 0.0 0.08000000000021575 0.7600000000002047 0.0 0.08000000000023527 0.799999999999958 0.0 0.0800000000002548 0.839999999999711 0.0 0.08000000000027434 0.879999999999522 0.0 0.08000000000029388 0.9199999999996765 0.0 0.08000000000031339 0.9599999999998383 0.0 0.1199999999998112 0.04000000000013708 0.0 0.1199999999998399 0.08000000000027434 0.0 0.1199999999998685 0.1200000000004133 0.0 0.1199999999998972 0.1600000000005469 0.0 0.1199999999999259 0.2000000000006794 0.0 0.1199999999999546 0.240000000000812 0.0 0.1199999999999832 0.2800000000009445 0.0 0.1200000000000119 0.3200000000010769 0.0 0.1200000000000406 0.3600000000012094 0.0 0.1200000000000693 0.4000000000013419 0.0 0.1200000000000979 0.4400000000014744 0.0 0.1200000000001266 0.4800000000016068 0.0 0.1200000000001553 0.5200000000015572 0.0 0.1200000000001839 0.5600000000013258 0.0 0.1200000000002127 0.6000000000010943 0.0 0.1200000000002413 0.640000000000863 0.0 0.12000000000027 0.6800000000006313 0.0 0.1200000000002986 0.7200000000003999 0.0 0.1200000000003273 0.7600000000001683 0.0 0.120000000000356 0.7999999999999367 0.0 0.1200000000003847 0.8399999999997051 0.0 0.1200000000004133 0.8799999999995292 0.0 0.120000000000442 0.9199999999996815 0.0 0.1200000000004707 0.9599999999998406 0.0 0.1599999999997133 0.04000000000012729 0.0 0.1599999999997531 0.0800000000002548 0.0 0.1599999999997927 0.1200000000003847 0.0 0.1599999999998324 0.1600000000005072 0.0 0.1599999999998721 0.2000000000006284 0.0 0.1599999999999117 0.2400000000007495 0.0 0.1599999999999515 0.2800000000008707 0.0 0.1599999999999911 0.3200000000009918 0.0 0.1600000000000309 0.360000000001113 0.0 0.1600000000000706 0.4000000000012343 0.0 0.1600000000001102 0.4400000000013553 0.0 0.1600000000001499 0.4800000000014765 0.0 0.1600000000001896 0.5200000000014289 0.0 0.1600000000002293 0.560000000001213 0.0 0.160000000000269 0.6000000000009966 0.0 0.1600000000003087 0.6400000000007805 0.0 0.1600000000003484 0.6800000000005643 0.0 0.1600000000003881 0.7200000000003481 0.0 0.1600000000004278 0.760000000000132 0.0 0.1600000000004675 0.7999999999999158 0.0 0.1600000000005072 0.8399999999996994 0.0 0.1600000000005468 0.8799999999995363 0.0 0.1600000000005865 0.9199999999996863 0.0 0.1600000000006263 0.9599999999998432 0.0 0.1999999999996079 0.0400000000001175 0.0 0.1999999999996589 0.08000000000023529 0.0 0.1999999999997099 0.120000000000356 0.0 0.199999999999761 0.1600000000004675 0.0 0.199999999999812 0.2000000000005774 0.0 0.199999999999863 0.2400000000006872 0.0 0.1999999999999141 0.280000000000797 0.0 0.1999999999999651 0.3200000000009068 0.0 0.2000000000000161 0.3600000000010166 0.0 0.2000000000000672 0.4000000000011266 0.0 0.2000000000001181 0.4400000000012363 0.0 0.2000000000001692 0.4800000000013461 0.0 0.2000000000002202 0.5200000000013005 0.0 0.2000000000002712 0.5600000000010997 0.0 0.2000000000003223 0.6000000000008989 0.0 0.2000000000003733 0.6400000000006981 0.0 0.2000000000004244 0.6800000000004972 0.0 0.2000000000004754 0.7200000000002964 0.0 0.2000000000005263 0.7600000000000953 0.0 0.2000000000005774 0.7999999999998944 0.0 0.2000000000006284 0.8399999999996935 0.0 0.2000000000006794 0.8799999999995434 0.0 0.2000000000007305 0.9199999999996912 0.0 0.2000000000007815 0.9599999999998455 0.0 0.2399999999995025 0.0400000000001077 0.0 0.2399999999995648 0.08000000000021577 0.0 0.2399999999996272 0.1200000000003273 0.0 0.2399999999996896 0.1600000000004278 0.0 0.2399999999997519 0.2000000000005264 0.0 0.2399999999998143 0.2400000000006249 0.0 0.2399999999998766 0.2800000000007233 0.0 0.239999999999939 0.3200000000008218 0.0 0.2400000000000014 0.3600000000009203 0.0 0.2400000000000636 0.4000000000010189 0.0 0.240000000000126 0.4400000000011174 0.0 0.2400000000001883 0.4800000000012158 0.0 0.2400000000002507 0.5200000000011722 0.0 0.2400000000003131 0.5600000000009869 0.0 0.2400000000003754 0.6000000000008012 0.0 0.2400000000004378 0.6400000000006155 0.0 0.2400000000005001 0.6800000000004303 0.0 0.2400000000005625 0.7200000000002447 0.0 0.2400000000006249 0.7600000000000592 0.0 0.2400000000006872 0.7999999999998734 0.0 0.2400000000007496 0.8399999999996879 0.0 0.2400000000008119 0.8799999999995503 0.0 0.2400000000008743 0.9199999999996961 0.0 0.2400000000009366 0.9599999999998482 0.0 0.279999999999397 0.0400000000000979 0.0 0.2799999999994707 0.08000000000019625 0.0 0.2799999999995445 0.1200000000002986 0.0 0.2799999999996182 0.1600000000003881 0.0 0.2799999999996918 0.2000000000004753 0.0 0.2799999999997655 0.2400000000005625 0.0 0.2799999999998392 0.2800000000006496 0.0 0.2799999999999128 0.3200000000007368 0.0 0.2799999999999865 0.3600000000008239 0.0 0.2800000000000603 0.4000000000009112 0.0 0.2800000000001339 0.4400000000009984 0.0 0.2800000000002076 0.4800000000010854 0.0 0.2800000000002813 0.5200000000010438 0.0 0.2800000000003549 0.5600000000008738 0.0 0.2800000000004286 0.6000000000007035 0.0 0.2800000000005023 0.6400000000005335 0.0 0.280000000000576 0.6800000000003632 0.0 0.2800000000006497 0.7200000000001927 0.0 0.2800000000007234 0.7600000000000227 0.0 0.280000000000797 0.7999999999998524 0.0 0.2800000000008707 0.8399999999996819 0.0 0.2800000000009444 0.8799999999995571 0.0 0.280000000001018 0.9199999999997011 0.0 0.2800000000010918 0.9599999999998505 0.0 0.3199999999992917 0.04000000000008812 0.0 0.3199999999993766 0.08000000000017668 0.0 0.3199999999994615 0.12000000000027 0.0 0.3199999999995466 0.1600000000003484 0.0 0.3199999999996316 0.2000000000004243 0.0 0.3199999999997167 0.2400000000005002 0.0 0.3199999999998017 0.280000000000576 0.0 0.3199999999998868 0.3200000000006518 0.0 0.3199999999999717 0.3600000000007276 0.0 0.3200000000000567 0.4000000000008034 0.0 0.3200000000001417 0.4400000000008794 0.0 0.3200000000002267 0.4800000000009552 0.0 0.3200000000003118 0.5200000000009155 0.0 0.3200000000003968 0.5600000000007609 0.0 0.3200000000004818 0.6000000000006058 0.0 0.3200000000005668 0.640000000000451 0.0 0.3200000000006518 0.6800000000002959 0.0 0.3200000000007369 0.7200000000001412 0.0 0.3200000000008218 0.7599999999999864 0.0 0.3200000000009068 0.7999999999998311 0.0 0.3200000000009919 0.8399999999996763 0.0 0.3200000000010768 0.8799999999995642 0.0 0.3200000000011619 0.9199999999997057 0.0 0.3200000000012469 0.959999999999853 0.0 0.3599999999991862 0.04000000000007832 0.0 0.3599999999992824 0.08000000000015715 0.0 0.3599999999993787 0.1200000000002413 0.0 0.3599999999994752 0.1600000000003087 0.0 0.3599999999995716 0.2000000000003733 0.0 0.3599999999996679 0.2400000000004378 0.0 0.3599999999997643 0.2800000000005023 0.0 0.3599999999998605 0.3200000000005668 0.0 0.3599999999999569 0.3600000000006313 0.0 0.3600000000000532 0.4000000000006958 0.0 0.3600000000001495 0.4400000000007603 0.0 0.3600000000002459 0.4800000000008249 0.0 0.3600000000003423 0.5200000000007872 0.0 0.3600000000004386 0.5600000000006476 0.0 0.360000000000535 0.6000000000005081 0.0 0.3600000000006313 0.6400000000003686 0.0 0.3600000000007276 0.680000000000229 0.0 0.3600000000008239 0.7200000000000895 0.0 0.3600000000009203 0.7599999999999499 0.0 0.3600000000010166 0.7999999999998101 0.0 0.360000000001113 0.8399999999996703 0.0 0.3600000000012094 0.8799999999995713 0.0 0.3600000000013057 0.9199999999997107 0.0 0.3600000000014021 0.9599999999998554 0.0 0.3999999999990806 0.04000000000006854 0.0 0.3999999999991885 0.08000000000013767 0.0 0.3999999999992961 0.1200000000002126 0.0 0.3999999999994038 0.160000000000269 0.0 0.3999999999995114 0.2000000000003222 0.0 0.399999999999619 0.2400000000003754 0.0 0.3999999999997268 0.2800000000004286 0.0 0.3999999999998344 0.3200000000004818 0.0 0.3999999999999421 0.360000000000535 0.0 0.4000000000000499 0.4000000000005881 0.0 0.4000000000001575 0.4400000000006414 0.0 0.4000000000002651 0.4800000000006945 0.0 0.4000000000003728 0.5200000000006588 0.0 0.4000000000004805 0.5600000000005348 0.0 0.4000000000005881 0.6000000000004104 0.0 0.4000000000006958 0.640000000000286 0.0 0.4000000000008035 0.6800000000001619 0.0 0.4000000000009112 0.7200000000000375 0.0 0.4000000000010189 0.7599999999999135 0.0 0.4000000000011266 0.799999999999789 0.0 0.4000000000012343 0.8399999999996646 0.0 0.4000000000013419 0.8799999999995782 0.0 0.4000000000014496 0.9199999999997157 0.0 0.4000000000015572 0.959999999999858 0.0 0.4399999999989753 0.04000000000005874 0.0 0.4399999999990944 0.08000000000011813 0.0 0.4399999999992134 0.120000000000184 0.0 0.4399999999993323 0.1600000000002293 0.0 0.4399999999994513 0.2000000000002713 0.0 0.4399999999995704 0.2400000000003131 0.0 0.4399999999996894 0.2800000000003549 0.0 0.4399999999998083 0.3200000000003969 0.0 0.4399999999999273 0.3600000000004386 0.0 0.4400000000000463 0.4000000000004804 0.0 0.4400000000001654 0.4400000000005223 0.0 0.4400000000002844 0.4800000000005642 0.0 0.4400000000004033 0.5200000000005305 0.0 0.4400000000005224 0.5600000000004216 0.0 0.4400000000006414 0.6000000000003127 0.0 0.4400000000007603 0.640000000000204 0.0 0.4400000000008794 0.680000000000095 0.0 0.4400000000009983 0.7199999999999858 0.0 0.4400000000011173 0.7599999999998768 0.0 0.4400000000012363 0.799999999999768 0.0 0.4400000000013554 0.8399999999996588 0.0 0.4400000000014744 0.8799999999995853 0.0 0.4400000000015934 0.9199999999997206 0.0 0.4400000000017124 0.9599999999998602 0.0 0.4799999999988699 0.04000000000004894 0.0 0.4799999999990002 0.08000000000009859 0.0 0.4799999999991306 0.1200000000001553 0.0 0.4799999999992609 0.1600000000001896 0.0 0.4799999999993912 0.2000000000002202 0.0 0.4799999999995216 0.2400000000002507 0.0 0.4799999999996519 0.2800000000002812 0.0 0.4799999999997823 0.3200000000003118 0.0 0.4799999999999125 0.3600000000003423 0.0 0.4800000000000429 0.4000000000003728 0.0 0.4800000000001733 0.4400000000004035 0.0 0.4800000000003035 0.4800000000004339 0.0 0.4800000000004339 0.5200000000004024 0.0 0.4800000000005642 0.5600000000003088 0.0 0.4800000000006945 0.600000000000215 0.0 0.4800000000008249 0.6400000000001212 0.0 0.4800000000009551 0.6800000000000278 0.0 0.4800000000010854 0.7199999999999342 0.0 0.4800000000012158 0.7599999999998405 0.0 0.4800000000013461 0.7999999999997466 0.0 0.4800000000014765 0.839999999999653 0.0 0.4800000000016069 0.8799999999995922 0.0 0.4800000000017371 0.9199999999997254 0.0 0.4800000000018675 0.9599999999998629 0.0 0.5199999999988623 0.04000000000003916 0.0 0.5199999999989904 0.08000000000007905 0.0 0.519999999999119 0.1200000000001266 0.0 0.5199999999992473 0.1600000000001499 0.0 0.5199999999993756 0.2000000000001692 0.0 0.5199999999995037 0.2400000000001884 0.0 0.5199999999996323 0.2800000000002075 0.0 0.5199999999997607 0.3200000000002267 0.0 0.519999999999889 0.3600000000002459 0.0 0.5200000000000173 0.4000000000002651 0.0 0.5200000000001457 0.4400000000002844 0.0 0.520000000000274 0.4800000000003036 0.0 0.5200000000004024 0.5200000000002738 0.0 0.5200000000005307 0.5600000000001956 0.0 0.5200000000006588 0.6000000000001173 0.0 0.5200000000007874 0.6400000000000391 0.0 0.5200000000009157 0.6799999999999607 0.0 0.5200000000010441 0.7199999999998825 0.0 0.5200000000011722 0.759999999999804 0.0 0.5200000000013005 0.7999999999997257 0.0 0.5200000000014291 0.8399999999996473 0.0 0.5200000000015574 0.8799999999995993 0.0 0.5200000000016858 0.9199999999997303 0.0 0.5200000000018141 0.9599999999998651 0.0 0.5599999999989526 0.04000000000002936 0.0 0.5599999999990655 0.08000000000005957 0.0 0.5599999999991786 0.1200000000000979 0.0 0.5599999999992914 0.1600000000001102 0.0 0.5599999999994044 0.2000000000001182 0.0 0.5599999999995174 0.240000000000126 0.0 0.5599999999996306 0.280000000000134 0.0 0.5599999999997435 0.3200000000001417 0.0 0.5599999999998567 0.3600000000001495 0.0 0.5599999999999695 0.4000000000001575 0.0 0.5600000000000828 0.4400000000001654 0.0 0.5600000000001956 0.4800000000001733 0.0 0.5600000000003088 0.5200000000001457 0.0 0.5600000000004216 0.5600000000000828 0.0 0.5600000000005348 0.6000000000000196 0.0 0.5600000000006476 0.6399999999999565 0.0 0.5600000000007607 0.6799999999998937 0.0 0.5600000000008737 0.7199999999998306 0.0 0.5600000000009869 0.7599999999997676 0.0 0.5600000000010997 0.7999999999997044 0.0 0.560000000001213 0.8399999999996415 0.0 0.5600000000013258 0.8799999999996064 0.0 0.560000000001439 0.9199999999997351 0.0 0.5600000000015518 0.9599999999998676 0.0 0.5999999999990427 0.04000000000001956 0.0 0.5999999999991403 0.08000000000004003 0.0 0.599999999999238 0.1200000000000693 0.0 0.5999999999993357 0.1600000000000705 0.0 0.5999999999994334 0.2000000000000671 0.0 0.5999999999995311 0.2400000000000636 0.0 0.5999999999996286 0.2800000000000603 0.0 0.5999999999997265 0.3200000000000566 0.0 0.5999999999998242 0.3600000000000532 0.0 0.5999999999999219 0.4000000000000499 0.0 0.6000000000000196 0.4400000000000465 0.0 0.6000000000001173 0.4800000000000429 0.0 0.600000000000215 0.5200000000000173 0.0 0.6000000000003127 0.5599999999999695 0.0 0.6000000000004104 0.5999999999999219 0.0 0.6000000000005081 0.6399999999998743 0.0 0.6000000000006058 0.6799999999998266 0.0 0.6000000000007035 0.719999999999779 0.0 0.6000000000008012 0.7599999999997312 0.0 0.6000000000008989 0.7999999999996835 0.0 0.6000000000009966 0.8399999999996359 0.0 0.6000000000010943 0.8799999999996133 0.0 0.600000000001192 0.9199999999997399 0.0 0.6000000000012897 0.95999999999987 0.0 0.6399999999991329 0.04000000000000978 0.0 0.6399999999992151 0.08000000000002049 0.0 0.6399999999992976 0.1200000000000406 0.0 0.6399999999993801 0.1600000000000309 0.0 0.6399999999994622 0.2000000000000162 0.0 0.6399999999995448 0.2400000000000013 0.0 0.6399999999996271 0.2799999999999865 0.0 0.6399999999997094 0.3199999999999717 0.0 0.639999999999792 0.3599999999999569 0.0 0.6399999999998743 0.3999999999999422 0.0 0.6399999999999566 0.4399999999999274 0.0 0.6400000000000391 0.4799999999999126 0.0 0.6400000000001215 0.519999999999889 0.0 0.6400000000002039 0.5599999999998567 0.0 0.6400000000002862 0.5999999999998242 0.0 0.6400000000003686 0.6399999999997917 0.0 0.640000000000451 0.6799999999997596 0.0 0.6400000000005334 0.7199999999997271 0.0 0.6400000000006157 0.7599999999996946 0.0 0.640000000000698 0.7999999999996621 0.0 0.6400000000007805 0.8399999999996299 0.0 0.6400000000008629 0.8799999999996204 0.0 0.6400000000009453 0.919999999999745 0.0 0.6400000000010275 0.9599999999998725 0.0 0.679999999999223 0.03999999999999998 0.0 0.67999999999929 0.08000000000000095 0.0 0.6799999999993572 0.1200000000000119 0.0 0.6799999999994243 0.1599999999999911 0.0 0.6799999999994913 0.1999999999999651 0.0 0.6799999999995583 0.239999999999939 0.0 0.6799999999996256 0.2799999999999128 0.0 0.6799999999996924 0.3199999999998868 0.0 0.6799999999997596 0.3599999999998605 0.0 0.6799999999998266 0.3999999999998345 0.0 0.6799999999998936 0.4399999999998084 0.0 0.6799999999999607 0.4799999999997823 0.0 0.6800000000000278 0.5199999999997607 0.0 0.6800000000000949 0.5599999999997435 0.0 0.6800000000001619 0.5999999999997265 0.0 0.680000000000229 0.6399999999997096 0.0 0.680000000000296 0.6799999999996925 0.0 0.6800000000003631 0.7199999999996753 0.0 0.6800000000004301 0.7599999999996582 0.0 0.6800000000004972 0.7999999999996414 0.0 0.6800000000005644 0.8399999999996242 0.0 0.6800000000006313 0.8799999999996273 0.0 0.6800000000006984 0.9199999999997498 0.0 0.6800000000007654 0.9599999999998748 0.0 0.7199999999993132 0.03999999999999018 0.0 0.719999999999365 0.07999999999998146 0.0 0.7199999999994167 0.1199999999999832 0.0 0.7199999999994686 0.1599999999999515 0.0 0.7199999999995204 0.1999999999999141 0.0 0.7199999999995721 0.2399999999998766 0.0 0.7199999999996238 0.2799999999998391 0.0 0.7199999999996753 0.3199999999998017 0.0 0.7199999999997271 0.3599999999997642 0.0 0.7199999999997788 0.3999999999997268 0.0 0.7199999999998306 0.4399999999996894 0.0 0.7199999999998823 0.4799999999996519 0.0 0.719999999999934 0.5199999999996323 0.0 0.719999999999986 0.5599999999996307 0.0 0.7200000000000377 0.5999999999996288 0.0 0.7200000000000895 0.639999999999627 0.0 0.7200000000001412 0.6799999999996255 0.0 0.7200000000001929 0.7199999999996236 0.0 0.7200000000002447 0.7599999999996218 0.0 0.7200000000002964 0.79999999999962 0.0 0.7200000000003481 0.8399999999996184 0.0 0.7200000000003999 0.8799999999996344 0.0 0.7200000000004516 0.9199999999997547 0.0 0.7200000000005033 0.9599999999998775 0.0 0.7599999999994034 0.0399999999999804 0.0 0.7599999999994398 0.07999999999996192 0.0 0.7599999999994764 0.1199999999999546 0.0 0.7599999999995127 0.1599999999999117 0.0 0.759999999999549 0.199999999999863 0.0 0.7599999999995853 0.2399999999998143 0.0 0.7599999999996219 0.2799999999997655 0.0 0.7599999999996584 0.3199999999997167 0.0 0.7599999999996946 0.3599999999996679 0.0 0.759999999999731 0.3999999999996191 0.0 0.7599999999997678 0.4399999999995703 0.0 0.759999999999804 0.4799999999995216 0.0 0.7599999999998407 0.519999999999504 0.0 0.7599999999998769 0.5599999999995174 0.0 0.7599999999999133 0.5999999999995311 0.0 0.7599999999999499 0.6399999999995448 0.0 0.7599999999999861 0.6799999999995584 0.0 0.7600000000000228 0.7199999999995719 0.0 0.7600000000000589 0.7599999999995855 0.0 0.7600000000000956 0.7999999999995989 0.0 0.7600000000001317 0.8399999999996128 0.0 0.7600000000001681 0.8799999999996415 0.0 0.7600000000002045 0.9199999999997595 0.0 0.7600000000002413 0.9599999999998797 0.0 0.7999999999994937 0.03999999999997061 0.0 0.7999999999995145 0.07999999999994237 0.0 0.7999999999995356 0.1199999999999259 0.0 0.7999999999995567 0.1599999999998721 0.0 0.7999999999995779 0.199999999999812 0.0 0.7999999999995989 0.2399999999997519 0.0 0.7999999999996201 0.2799999999996918 0.0 0.799999999999641 0.3199999999996316 0.0 0.7999999999996622 0.3599999999995716 0.0 0.7999999999996835 0.3999999999995114 0.0 0.7999999999997045 0.4399999999994513 0.0 0.7999999999997257 0.4799999999993912 0.0 0.7999999999997468 0.5199999999993756 0.0 0.7999999999997679 0.5599999999994046 0.0 0.799999999999789 0.5999999999994334 0.0 0.79999999999981 0.6399999999994621 0.0 0.7999999999998315 0.6799999999994913 0.0 0.7999999999998523 0.7199999999995201 0.0 0.7999999999998736 0.7599999999995489 0.0 0.7999999999998945 0.7999999999995778 0.0 0.7999999999999156 0.8399999999996068 0.0 0.7999999999999367 0.8799999999996484 0.0 0.799999999999958 0.9199999999997645 0.0 0.7999999999999788 0.9599999999998824 0.0 0.8399999999995836 0.03999999999996082 0.0 0.8399999999995895 0.07999999999992287 0.0 0.8399999999995954 0.1199999999998972 0.0 0.8399999999996011 0.1599999999998324 0.0 0.839999999999607 0.1999999999997609 0.0 0.8399999999996126 0.2399999999996895 0.0 0.8399999999996184 0.2799999999996182 0.0 0.8399999999996244 0.3199999999995466 0.0 0.8399999999996297 0.3599999999994752 0.0 0.8399999999996357 0.3999999999994037 0.0 0.8399999999996415 0.4399999999993323 0.0 0.8399999999996473 0.4799999999992609 0.0 0.839999999999653 0.5199999999992473 0.0 0.8399999999996588 0.5599999999992914 0.0 0.8399999999996648 0.5999999999993357 0.0 0.8399999999996706 0.6399999999993801 0.0 0.8399999999996763 0.6799999999994244 0.0 0.8399999999996819 0.7199999999994684 0.0 0.8399999999996877 0.7599999999995126 0.0 0.8399999999996934 0.7999999999995567 0.0 0.8399999999996994 0.8399999999996011 0.0 0.8399999999997052 0.8799999999996553 0.0 0.839999999999711 0.9199999999997693 0.0 0.8399999999997168 0.9599999999998847 0.0 0.8799999999996764 0.03999999999995102 0.0 0.8799999999996695 0.07999999999990333 0.0 0.8799999999996624 0.1199999999998685 0.0 0.8799999999996553 0.1599999999997927 0.0 0.8799999999996484 0.1999999999997099 0.0 0.8799999999996413 0.2399999999996272 0.0 0.8799999999996344 0.2799999999995444 0.0 0.8799999999996273 0.3199999999994617 0.0 0.8799999999996204 0.3599999999993788 0.0 0.8799999999996133 0.399999999999296 0.0 0.8799999999996062 0.4399999999992133 0.0 0.8799999999995993 0.4799999999991306 0.0 0.8799999999995922 0.519999999999119 0.0 0.8799999999995856 0.5599999999991786 0.0 0.8799999999995785 0.599999999999238 0.0 0.8799999999995713 0.6399999999992975 0.0 0.8799999999995642 0.6799999999993572 0.0 0.8799999999995574 0.7199999999994167 0.0 0.8799999999995503 0.7599999999994762 0.0 0.8799999999995434 0.7999999999995356 0.0 0.8799999999995363 0.8399999999995953 0.0 0.8799999999995292 0.8799999999996624 0.0 0.879999999999522 0.9199999999997742 0.0 0.8799999999995152 0.9599999999998874 0.0 0.9199999999997841 0.03999999999994122 0.0 0.9199999999997793 0.07999999999988382 0.0 0.9199999999997743 0.1199999999998398 0.0 0.9199999999997693 0.159999999999753 0.0 0.9199999999997645 0.1999999999996589 0.0 0.9199999999997596 0.2399999999995648 0.0 0.9199999999997548 0.2799999999994707 0.0 0.9199999999997497 0.3199999999993766 0.0 0.9199999999997451 0.3599999999992824 0.0 0.9199999999997401 0.3999999999991883 0.0 0.919999999999735 0.4399999999990944 0.0 0.9199999999997303 0.4799999999990002 0.0 0.9199999999997254 0.5199999999989906 0.0 0.9199999999997205 0.5599999999990654 0.0 0.9199999999997155 0.5999999999991403 0.0 0.9199999999997108 0.6399999999992153 0.0 0.9199999999997058 0.6799999999992902 0.0 0.919999999999701 0.7199999999993649 0.0 0.919999999999696 0.7599999999994398 0.0 0.9199999999996912 0.7999999999995145 0.0 0.9199999999996863 0.8399999999995895 0.0 0.9199999999996814 0.8799999999996695 0.0 0.9199999999996765 0.9199999999997791 0.0 0.9199999999996716 0.9599999999998895 0.0 0.9599999999998922 0.03999999999993142 0.0 0.9599999999998896 0.07999999999986428 0.0 0.9599999999998873 0.1199999999998112 0.0 0.9599999999998845 0.1599999999997133 0.0 0.9599999999998822 0.1999999999996079 0.0 0.9599999999998797 0.2399999999995025 0.0 0.9599999999998774 0.279999999999397 0.0 0.9599999999998747 0.3199999999992916 0.0 0.9599999999998725 0.3599999999991861 0.0 0.95999999999987 0.3999999999990808 0.0 0.9599999999998677 0.4399999999989754 0.0 0.9599999999998651 0.4799999999988699 0.0 0.9599999999998629 0.5199999999988623 0.0 0.9599999999998603 0.5599999999989526 0.0 0.959999999999858 0.5999999999990426 0.0 0.9599999999998552 0.6399999999991328 0.0 0.9599999999998529 0.6799999999992231 0.0 0.9599999999998504 0.7199999999993132 0.0 0.9599999999998482 0.7599999999994033 0.0 0.9599999999998455 0.7999999999994934 0.0 0.9599999999998432 0.8399999999995837 0.0 0.9599999999998408 0.8799999999996766 0.0 0.9599999999998382 0.919999999999784 0.0 0.9599999999998358 0.9599999999998922 0.0
</DataArray>
      </Points>
      <Cells>
        <DataArray type="Int64" Name="connectivity" NumberOfComponents="1" format="ascii">
 0 4 100 99 99 100 101 98 98 101 102 97 97 102 103 96 96 103 104 95 95 104 105 94 94 105 106 93 93 106 107 92 92 107 108 91 91 108 109 90 90 109 110 89 89 110 111 88 88 111 112 87 87 112 113 86 86 113 114 85 85 114 115 84 84 115 116 83 83 116 117 82 82 117 118 81 81 118 119 80 80 119 120 79 79 120 121 78 78 121 122 77 77 122 123 76 76 123 75 3 4 5 124 100 100 124 125 101 101 125 126 102 102 126 127 103 103 127 128 104 104 128 129 105 105 129 130 106 106 130 131 107 107 131 132 108 108 132 133 109 109 133 134 110 110 134 135 111 111 135 136 112 112 136 137 113 113 137 138 114 114 138 139 115 115 139 140 116 116 140 141 117 117 141 142 118 118 142 143 119 119 143 144 120 120 144 145 121 121 145 146 122 122 146 147 123 123 147 74 75 5 6 148 124 124 148 149 125 125 149 150 126 126 150 151 127 127 151 152 128 128 152 153 129 129 153 154 130 130 154 155 131 131 155 156 132 132 156 157 133 133 157 158 134 134 158 159 135 135 159 160 136 136 160 161 137 137 161 162 138 138 162 163 139 139 163 164 140 140 164 165 141 141 165 166 142 142 166 167 143 143 167 168 144 144 168 169 145 145 169 170 146 146 170 171 147 147 171 73 74 6 7 172 148 148 172 173 149 149 173 174 150 150 174 175 151 151 175 176 152 152 176 177 153 153 177 178 154 154 178 179 155 155 179 180 156 156 180 181 157 157 181 182 158 158 182 183 159 159 183 184 160 160 184 185 161 161 185 186 162 162 186 187 163 163 187 188 164 164 188 189 165 165 189 190 166 166 190 191 167 167 191 192 168 168 192 193 169 169 193 194 170 170 194 195 171 171 195 72 73 7 8 196 172 172 196 197 173 173 197 198 174 174 198 199 175 175 199 200 176 176 200 201 177 177 201 202 178 178 202 203 179 179 203 204 180 180 204 205 181 181 205 206 182 182 206 207 183 183 207 208 184 184 208 209 185 185 209 210 186 186 210 211 187 187 211 212 188 188 212 213 189 189 213 214 190 190 214 215 191 191 215 216 192 192 216 217 193 193 217 218 194 194 218 219 195 195 219 71 72 8 9 220 196 196 220 221 197 197 221 222 198 198 222 223 199 199 223 224 200 200 224 225 201 201 225 226 202 202 226 227 203 203 227 228 204 204 228 229 205 205 229 230 206 206 230 231 207 207 231 232 208 208 232 233 209 209 233 234 210 210 234 235 211 211 235 236 212 212 236 237 213 213 237 238 214 214 238 239 215 215 239 240 216 216 240 241 217 217 241 242 218 218 242 243 219 219 243 70 71 9 10 244 220 220 244 245 221 221 245 246 222 222 246 247 223 223 247 248 224 224 248 249 225 225 249 250 226 226 250 251 227 227 251 252 228 228 252 253 229 229 253 254 230 230 254 255 231 231 255 256 232 232 256 257 233 233 257 258 234 234 258 259 235 235 259 260 236 236 260 261 237 237 261 262 238 238 262 263 239 239 263 264 240 240 264 265 241 241 265 266 242 242 266 267 243 243 267 69 70 10 11 268 244 244 268 269 245 245 269 270 246 246 270 271 247 247 271 272 248 248 272 273 249 249 273 274 250 250 274 275 251 251 275 276 252 252 276 277 253 253 277 278 254 254 278 279 255 255 279 280 256 256 280 281 257 257 281 282 258 258 282 283 259 259 283 284 260 260 284 285 261 261 285 286 262 262 286 287 263 263 287 288 264 264 288 289 265 265 289 290 266 266 290 291 267 267 291 68 69 11 12 292 268 268 292 293 269 269 293 294 270 270 294 295 271 271 295 296 272 272 296 297 273 273 297 298 274 274 298 299 275 275 299 300 276 276 300 301 277 277 301 302 278 278 302 303 279 279 303 304 280 280 304 305 281 281 305 306 282 282 306 307 283 283 307 308 284 284 308 309 285 285 309 310 286 286 310 311 287 287 311 312 288 288 312 313 289 289 313 314 290 290 314 315 291 291 315 67 68 12 13 316 292 292 316 317 293 293 317 318 294 294 318 319 295 295 319 320 296 296 320 321 297 297 321 322 298 298 322 323 299 299 323 324 300 300 324 325 301 301 325 326 302 302 326 327 303 303 327 328 304 304 328 329 305 305 329 330 306 306 330 331 307 307 331 332 308 308 332 333 309 309 333 334 310 310 334 335 311 311 335 336 312 312 336 337 313 313 337 338 314 314 338 339 315 315 339 66 67 13 14 340 316 316 340 341 317 317 341 342 318 318 342 343 319 319 343 344 320 320 344 345 321 321 345 346 322 322 346 347 323 323 347 348 324 324 348 349 325 325 349 350 326 326 350 351 327 327 351 352 328 328 352 353 329 329 353 354 330 330 354 355 331 331 355 356 332 332 356 357 333 333 357 358 334 334 358 359 335 335 359 360 336 336 360 361 337 337 361 362 338 338 362 363 339 339 363 65 66 14 15 364 340 340 364 365 341 341 365 366 342 342 366 367 343 343 367 368 344 344 368 369 345 345 369 370 346 346 370 371 347 347 371 372 348 348 372 373 349 349 373 374 350 350 374 375 351 351 375 376 352 352 376 377 353 353 377 378 354 354 378 379 355 355 379 380 356 356 380 381 357 357 381 382 358 358 382 383 359 359 383 384 360 360 384 385 361 361 385 386 362 362 386 387 363 363 387 64 65 15 16 388 364 364 388 389 365 365 389 390 366 366 390 391 367 367 391 392 368 368 392 393 369 369 393 394 370 370 394 395 371 371 395 396 372 372 396 397 373 373 397 398 374 374 398 399 375 375 399 400 376 376 400 401 377 377 401 402 378 378 402 403 379 379 403 404 380 380 404 405 381 381 405 406 382 382 406 407 383 383 407 408 384 384 408 409 385 385 409 410 386 386 410 411 387 387 411 63 64 16 17 412 388 388 412 413 389 389 413 414 390 390 414 415 391 391 415 416 392 392 416 417 393 393 417 418 394 394 418 419 395 395 419 420 396 396 420 421 397 397 421 422 398 398 422 423 399 399 423 424 400 400 424 425 401 401 425 426 402 402 426 427 403 403 427 428 404 404 428 429 405 405 429 430 406 406 430 431 407 407 431 432 408 408 432 433 409 409 433 434 410 410 434 435 411 411 435 62 63 17 18 436 412 412 436 437 413 413 437 438 414 414 438 439 415 415 439 440 416 416 440 441 417 417 441 442 418 418 442 443 419 419 443 444 420 420 444 445 421 421 445 446 422 422 446 447 423 423 447 448 424 424 448 449 425 425 449 450 426 426 450 451 427 427 451 452 428 428 452 453 429 429 453 454 430 430 454 455 431 431 455 456 432 432 456 457 433 433 457 458 434 434 458 459 435 435 459 61 62 18 19 460 436 436 460 461 437 437 461 462 438 438 462 463 439 439 463 464 440 440 464 465 441 441 465 466 442 442 466 467 443 443 467 468 444 444 468 469 445 445 469 470 446 446 470 471 447 447 471 472 448 448 472 473 449 449 473 474 450 450 474 475 451 451 475 476 452 452 476 477 453 453 477 478 454 454 478 479 455 455 479 480 456 456 480 481 457 457 481 482 458 458 482 483 459 459 483 60 61 19 20 484 460 460 484 485 461 461 485 486 462 462 486 487 463 463 487 488 464 464 488 489 465 465 489 490 466 466 490 491 467 467 491 492 468 468 492 493 469 469 493 494 470 470 494 495 471 471 495 496 472 472 496 497 473 473 497 498 474 474 498 499 475 475 499 500 476 476 500 501 477 477 501 502 478 478 502 503 479 479 503 504 480 480 504 505 481 481 505 506 482 482 506 507 483 483 507 59 60 20 21 508 484 484 508 509 485 485 509 510 486 486 510 511 487 487 511 512 488 488 512 513 489 489 513 514 490 490 514 515 491 491 515 516 492 492 516 517 493 493 517 518 494 494 518 519 495 495 519 520 496 496 520 521 497 497 521 522 498 498 522 523 499 499 523 524 500 500 524 525 501 501 525 526 502 502 526 527 503 503 527 528 504 504 528 529 505 505 529 530 506 506 530 531 507 507 531 58 59 21 22 532 508 508 532 533 509 509 533 534 510 510 534 535 511 511 535 536 512 512 536 537 513 513 537 538 514 514 538 539 515 515 539 540 516 516 540 541 517 517 541 542 518 518 542 543 519 519 543 544 520 520 544 545 521 521 545 546 522 522 546 547 523 523 547 548 524 524 548 549 525 525 549 550 526 526 550 551 527 527 551 552 528 528 552 553 529 529 553 554 530 530 554 555 531 531 555 57 58 22 23 556 532 532 556 557 533 533 557 558 534 534 558 559 535 535 559 560 536 536 560 561 537 537 561 562 538 538 562 563 539 539 563 564 540 540 564 565 541 541 565 566 542 542 566 567 543 543 567 568 544 544 568 569 545 545 569 570 546 546 570 571 547 547 571 572 548 548 572 573 549 549 573 574 550 550 574 575 551 551 575 576 552 552 576 577 553 553 577 578 554 554 578 579 555 555 579 56 57 23 24 580 556 556 580 581 557 557 581 582 558 558 582 583 559 559 583 584 560 560 584 585 561 561 585 586 562 562 586 587 563 563 587 588 564 564 588 589 565 565 589 590 566 566 590 591 567 567 591 592 568 568 592 593 569 569 593 594 570 570 594 595 571 571 595 596 572 572 596 597 573 573 597 598 574 574 598 599 575 575 599 600 576 576 600 601 577 577 601 602 578 578 602 603 579 579 603 55 56 24 25 604 580 580 604 605 581 581 605 606 582 582 606 607 583 583 607 608 584 584 608 609 585 585 609 610 586 586 610 611 587 587 611 612 588 588 612 613 589 589 613 614 590 590 614 615 591 591 615 616 592 592 616 617 593 593 617 618 594 594 618 619 595 595 619 620 596 596 620 621 597 597 621 622 598 598 622 623 599 599 623 624 600 600 624 625 601 601 625 626 602 602 626 627 603 603 627 54 55 25 26 628 604 604 628 629 605 605 629 630 606 606 630 631 607 607 631 632 608 608 632 633 609 609 633 634 610 610 634 635 611 611 635 636 612 612 636 637 613 613 637 638 614 614 638 639 615 615 639 640 616 616 640 641 617 617 641 642 618 618 642 643 619 619 643 644 620 620 644 645 621 621 645 646 622 622 646 647 623 623 647 648 624 624 648 649 625 625 649 650 626 626 650 651 627 627 651 53 54 26 27 652 628 628 652 653 629 629 653 654 630 630 654 655 631 631 655 656 632 632 656 657 633 633 657 658 634 634 658 659 635 635 659 660 636 636 660 661 637 637 661 662 638 638 662 663 639 639 663 664 640 640 664 665 641 641 665 666 642 642 666 667 643 643 667 668 644 644 668 669 645 645 669 670 646 646 670 671 647 647 671 672 648 648 672 673 649 649 673 674 650 650 674 675 651 651 675 52 53 27 1 28 652 652 28 29 653 653 29 30 654 654 30 31 655 655 31 32 656 656 32 33 657 657 33 34 658 658 34 35 659 659 35 36 660 660 36 37 661 661 37 38 662 662 38 39 663 663 39 40 664 664 40 41 665 665 41 42 666 666 42 43 667 667 43 44 668 668 44 45 669 669 45 46 670 670 46 47 671 671 47 48 672 672 48 49 673 673 49 50 674 674 50 51 675 675 51 2 52
</DataArray>
        <DataArray type="Int64" Name="offsets" NumberOfComponents="1" format="ascii">
 4 8 12 16 20 24 28 32 36 40 44 48 52 56 60 64 68 72 76 80 84 88 92 96 100 104 108 112 116 120 124 128 132 136 140 144 148 152 156 160 164 168 172 176 180 184 188 192 196 200 204 208 212 216 220 224 228 232 236 240 244 248 252 256 260 264 268 272 276 280 284 288 292 296 300 304 308 312 316 320 324 328 332 336 340 344 348 352 356 360 364 368 372 376 380 384 388 392 396 400 404 408 412 416 420 424 428 432 436 440 444 448 452 456 460 464 468 472 476 480 484 488 492 496 500 504 508 512 516 520 524 528 532 536 540 544 548 552 556 560 564 568 572 576 580 584 588 592 596 600 604 608 612 616 620 624 628 632 636 640 644 648 652 656 660 664 668 672 676 680 684 688 692 696 700 704 708 712 716 720 724 728 732 736 740 744 748 752 756 760 764 768 772 776 780 784 788 792 796 800 804 808 812 816 820 824 828 832 836 840 844 848 852 856 860 864 868 872 876 880 884 888 892 896 900 904 908 912 916 920 924 928 932 936 940 944 948 952 956 960 964 968 972 976 980 984 988 992 996 1000 1004 1008 1012 1016 1020 1024 1028 1032 1036 1040 1044 1048 1052 1056 1060 1064 1068 1072 1076 1080 1084 1088 1092 1096 1100 1104 1108 1112 1116 1120 1124 1128 1132 1136 1140 1144 1148 1152 1156 1160 1164 1168 1172 1176 1180 1184 1188 1192 1196 1200 1204 1208 1212 1216 1220 1224 1228 1232 1236 1240 1244 1248 1252 1256 1260 1264 1268 1272 1276 1280 1284 1288 1292 1296 1300 1304 1308 1312 1316 1320 1324 1328 1332 1336 1340 1344 1348 1352 1356 1360 1364 1368 1372 1376 1380 1384 1388 1392 1396 1400 1404 1408 1412 1416 1420 1424 1428 1432 1436 1440 1444 1448 1452 1456 1460 1464 1468 1472 1476 1480 1484 1488 1492 1496 1500 1504 1508 1512 1516 1520 1524 1528 1532 1536 1540 1544 1548 1552 1556 1560 1564 1568 1572 1576 1580 1584 1588 1592 1596 1600 1604 1608 1612 1616 1620 1624 1628 1632 1636 1640 1644 1648 1652 1656 1660 1664 1668 1672 1676 1680 1684 1688 1692 1696 1700 1704 1708 1712 1716 1720 1724 1728 1732 1736 1740 1744 1748 1752 1756 1760 1764 1768 1772 1776 1780 1784 1788 1792 1796 1800 1804 1808 1812 1816 1820 1824 1828 1832 1836 1840 1844 1848 1852 1856 1860 1864 1868 1872 1876 1880 1884 1888 1892 1896 1900 1904 1908 1912 1916 1920 1924 1928 1932 1936 1940 1944 1948 1952 1956 1960 1964 1968 1972 1976 1980 1984 1988 1992 1996 2000 2004 2008 2012 2016 2020 2024 2028 2032 2036 2040 2044 2048 2052 2056 2060 2064 2068 2072 2076 2080 2084 2088 2092 2096 2100 2104 2108 2112 2116 2120 2124 2128 2132 2136 2140 2144 2148 2152 2156 2160 2164 2168 2172 2176 2180 2184 2188 2192 2196 2200 2204 2208 2212 2216 2220 2224 2228 2232 2236 2240 2244 2248 2252 2256 2260 2264 2268 2272 2276 2280 2284 2288 2292 2296 2300 2304 2308 2312 2316 2320 2324 2328 2332 2336 2340 2344 2348 2352 2356 2360 2364 2368 2372 2376 2380 2384 2388 2392 2396 2400 2404 2408 2412 2416 2420 2424 2428 2432 2436 2440 2444 2448 2452 2456 2460 2464 2468 2472 2476 2480 2484 2488 2492 2496 2500
</DataArray>
        <DataArray type="UInt8" Name="types" NumberOfComponents="1" format="ascii">
 9 9 9 9 9 9 9 9 9 9 9 9 9 9 9 9 9 9 9 9 9 9 9 9 9 9 9 9 9 9 9 9 9 9 9 9 9 9 9 9 9 9 9 9 9 9 9 9 9 9 9 9 9 9 9 9 9 9 9 9 9 9 9 9 9 9 9 9 9 9 9 9 9 9 9 9 9 9 9 9 9 9 9 9 9 9 9 9 9 9 9 9 9 9 9 9 9 9 9 9 9 9 9 9 9 9 9 9 9 9 9 9 9 9 9 9 9 9 9 9 9 9 9 9 9 9 9 9 9 9 9 9 9 9 9 9 9 9 9 9 9 9 9 9 9 9 9 9 9 9 9 9 9 9 9 9 9 9 9 9 9 9 9 9 9 9 9 9 9 9 9 9 9 9 9 9 9 9 9 9 9 9 9 9 9 9 9 9 9 9 9 9 9 9 9 9 9 9 9 9 9 9 9 9 9 9 9 9 9 9 9 9 9 9 9 9 9 9 9 9 9 9 9 9 9 9 9 9 9 9 9 9 9 9 9 9 9 9 9 9 9 9 9 9 9 9 9 9 9 9 9 9 9 9 9 9 9 9 9 9 9 9 9 9 9 9 9 9 9 9 9 9 9 9 9 9 9 9 9 9 9 9 9 9 9 9 9 9 9 9 9 9 9 9 9 9 9 9 9 9 9 9 9 9 9 9 9 9 9 9 9 9 9 9 9 9 9 9 9 9 9 9 9 9 9 9 9 9 9 9 9 9 9 9 9 9 9 9 9 9 9 9 9 9 9 9 9 9 9 9 9 9 9 9 9 9 9 9 9 9 9 9 9 9 9 9 9 9 9 9 9 9 9 9 9 9 9 9 9 9 9 9 9 9 9 9 9 9 9 9 9 9 9 9 9 9 9 9 9 9 9 9 9 9 9 9 9 9 9 9 9 9 9 9 9 9 9 9 9 9 9 9 9 9 9 9 9 9 9 9 9 9 9 9 9 9 9 9 9 9 9 9 9 9 9 9 9 9 9 9 9 9 9 9 9 9 9 9 9 9 9 9 9 9 9 9 9 9 9 9 9 9 9 9 9 9 9 9 9 9 9 9 9 9 9 9 9 9 9 9 9 9 9 9 9 9 9 9 9 9 9 9 9 9 9 9 9 9 9 9 9 9 9 9 9 9 9 9 9 9 9 9 9 9 9 9 9 9 9 9 9 9 9 9 9 9 9 9 9 9 9 9 9 9 9 9 9 9 9 9 9 9 9 9 9 9 9 9 9 9 9 9 9 9 9 9 9 9 9 9 9 9 9 9 9 9 9 9 9 9 9 9 9 9 9 9 9 9 9 9 9 9 9 9 9 9 9 9 9 9 9 9 9 9 9 9 9 9 9 9 9 9 9 9 9 9 9 9 9 9 9 9 9 9 9
</DataArray>
      </Cells>
      <PointData>
        <DataArray type="Float64" Name="Mode_1_w" NumberOfComponents="1" format="ascii">
 4.6902549486189046e-7 -9.628830789853712e-7 4.690254971572982e-7 -9.628830880853117e-7 -1.5338268246582953e-6 4.4466183606551324e-7 -5.759532809455616e-7 4.785871111273743e-7 2.7895777294246807e-7 2.6771193290169794e-7 2.6771193290169794e-7 3.3619269573296003e-7 9.156255749442787e-7 1.883063835480778e-6 2.5685122115243663e-6 3.021640545578785e-6 2.9648192507432114e-6 2.51616107132762e-6 1.7429723486463604e-6 8.202168718217626e-7 3.264537542857731e-7 1.525909890502524e-8 1.525909890502524e-8 6.233945336451784e-7 -2.971322647712454e-7 4.349499128069717e-7 -8.8655795229189e-7 -2.962129910904331e-7 3.953211393439957e-7 -6.126278787778015e-7 6.506037479748356e-7 -1.033224280738821e-6 -2.468071381666373e-7 -1.1735164574911785e-6 -1.1735164574911785e-6 -1.062429523298611e-6 -1.23997284197155e-6 -1.1306507782718298e-6 -1.054326495573077e-6 -1.013695920274772e-6 -1.001898125699981e-6 -1.0518986779253179e-6 -1.120921311018917e-6 -1.174148003247468e-6 -1.2230191336867252e-6 -8.279768099149948e-7 -8.279768099149948e-7 -8.952048747437576e-7 -6.145988351695511e-8 -6.523765875596548e-7 9.257700018254157e-7 -1.3485243413355402e-6 -1.5338268298814158e-6 4.44661818233671e-7 -5.759532886401711e-7 4.78587107179833e-7 2.7895776720393986e-7 2.6771193803365664e-7 2.6771193803365664e-7 3.361927287149402e-7 9.156255381649317e-7 1.8830638593397973e-6 2.5685122034074503e-6 3.0216405559277483e-6 2.9648192454308956e-6 2.516161064758199e-6 1.7429723518996795e-6 8.202168728366115e-7 3.264537752758936e-7 1.525907867090884e-8 1.525907867090884e-8 6.233945440596671e-7 -2.9713227819419884e-7 4.3494992891271174e-7 -8.865579517907076e-7 -2.962129936690142e-7 3.9532111940697144e-7 -6.1262786646481e-7 6.506037334911365e-7 -1.0332242532770627e-6 -2.4680713973693626e-7 -1.1735164755958024e-6 -1.1735164755958024e-6 -1.0624295273813883e-6 -1.2399728306653972e-6 -1.13065077620273e-6 -1.0543264833801669e-6 -1.0136959128481812e-6 -1.0018981522287971e-6 -1.0518986625548617e-6 -1.1209213236182573e-6 -1.1741480038755876e-6 -1.2230191330216574e-6 -8.279768144411508e-7 -8.279768144411508e-7 -8.952048736168373e-7 -6.145988617722638e-8 -6.52376599438505e-7 9.25770010161856e-7 -1.3485243446135395e-6 0.0002825701109795988 0.0007435893236548003 0.0008967125290046099 0.0013270647617900692 0.0018039757782683879 0.0023074552753745855 0.0023074552753745855 0.002817488639710308 0.0032577954134489526 0.0036240868615399703 0.0038669914089124497 0.003981895875606399 0.003960612357854333 0.0037924931351564304 0.003514751635040242 0.0031102452641466535 0.0026594779823196284 0.002131806061088622 0.002131806061088622 0.0016645006302662023 0.0011825615957679286 0.0008931098681319082 0.0006145010615180166 0.00021420695501526103 0.0009270673235861639 0.004751410734488549 0.0070271212457995134 0.011006332111280479 0.015413056878502732 0.020173659926278724 0.020173659926278724 0.02474162271499041 0.028818953155133952 0.03206259490219119 0.034297060982527355 0.035331722685005944 0.03515708786225164 0.033722364621756463 0.031203229780399636 0.027680922894881308 0.02349649131739063 0.018842203459421007 0.018842203459421007 0.014226842491382929 0.009914290135430458 0.006329768359484057 0.00418345767788057 0.0007960516555148261 0.001593725586971243 0.009928309358771755 0.017633913154736405 0.02900960659301138 0.04184392902607124 0.055229176438747724 0.055229176438747724 0.06811663620257849 0.07944468674210373 0.08852210183782841 0.09474656190957306 0.0977632491889696 0.09738691758408623 0.09365915051360699 0.08679662777015051 0.07725728513449481 0.06558855436332507 0.05265074730089365 0.05265074730089365 0.03934029960674332 0.026846311205118767 0.016150727432140716 0.008636292959851851 0.0014635680727012052 0.002641817336637744 0.017561963469659207 0.034699860684340375 0.057435176934068785 0.08288353641811312 0.10905817171540806 0.10905817171540806 0.13397253759905936 0.15586989206033558 0.1733484237570742 0.18539062797657938 0.1912967186560738 0.1907345416393691 0.1837573257236394 0.1707812058805484 0.15257108424138272 0.1302306972831421 0.10514452728298294 0.10514452728298294 0.07915031355592961 0.05414474070534222 0.0321951400780688 0.01571986357737102 0.00237616672606034 0.003969308601967429 0.027398870293448865 0.05706972015274288 0.09504907564493072 0.13678935116330113 0.17928811310308787 0.17928811310308787 0.21944649654508439 0.25459044176020884 0.2826337196009536 0.30196747083308423 0.3115412582379418 0.3108251014336811 0.2998785226196723 0.2793438524066544 0.2503702156816963 0.21462490193778014 0.17425610533852348 0.17425610533852348 0.13194256547926958 0.09075750731493148 0.05377268547201021 0.025071356452212704 0.0036180905057684965 0.005440949112360008 0.03880404694637838 0.08342883622587836 0.13919980547592586 0.1999703678889821 0.2612184764509231 0.2612184764509231 0.31879457940552297 0.36902157463625296 0.4090379887496601 0.43666802034623614 0.45043576182571265 0.4496188919275536 0.43428035276710525 0.4052766895014205 0.3641879261668765 0.31326226375386773 0.2554356136916532 0.2554356136916532 0.19437071079101584 0.13424260552791636 0.07959883328894961 0.03611202502739373 0.005026314597106136 0.005440949112360008 0.03880404694637838 0.08342883622587836 0.13919980547592586 0.1999703678889821 0.2612184764509231 0.2612184764509231 0.31879457940552297 0.36902157463625296 0.4090379887496601 0.43666802034623614 0.45043576182571265 0.4496188919275536 0.43428035276710525 0.4052766895014205 0.3641879261668765 0.31326226375386773 0.2554356136916532 0.2554356136916532 0.19437071079101584 0.13424260552791636 0.07959883328894961 0.03611202502739373 0.005026314597106136 0.007010299585898841 0.05080970697018139 0.11149378485377875 0.18625322703853717 0.26711042630735843 0.34813312433764443 0.34813312433764443 0.42392749836685395 0.48990280365212796 0.5424103155163144 0.578693021898074 0.5968815946566869 0.5960327663254369 0.5762192336323425 0.5385078784638548 0.4848787709657448 0.41817757289655644 0.3420934625765089 0.3420934625765089 0.2612673112740294 0.1810722627975103 0.1074417024701101 0.048060457995390236 0.006575601366960031 0.0084695389179135 0.06231426451110677 0.1385664058125388 0.23168874984585897 0.3319289405588633 0.43191805680667683 0.43191805680667683 0.5251870993978572 0.6062135586952652 0.6706679310825654 0.7152482068987313 0.7377108600760747 0.7369190608109913 0.7129337195122551 0.6670158902175372 0.6015100632987385 0.5197867097318658 0.42624994010470724 0.42624994010470724 0.32642331661001456 0.22680297248923623 0.13475752641133917 0.059716354457491634 0.00806109759739024 0.009722778009734158 0.07210174623348184 0.16184079012667782 0.27080531641645883 0.38775477290863514 0.5040872522419496 0.5040872522419496 0.6123760126050067 0.7063614822364573 0.7811024517978651 0.8328609537480216 0.8590706666393857 0.858422089477972 0.8309667578675188 0.7781117288757041 0.7025037150165384 0.6079471778483487 0.4994254714057694 0.4994254714057694 0.3832266852886095 0.2667858876285645 0.1586845535783768 0.07000325361752088 0.00938623979076542 0.010598993696118188 0.07914019121360973 0.17872439754374772 0.29930180284715185 0.4284984293958259 0.5568264440251224 0.5568264440251224 0.6761583862955237 0.7796826215196326 0.862033982024529 0.9191377508766602 0.9481994317024299 0.9477736986321531 0.9178946716958577 0.8600694430572412 0.7771478951946269 0.673245064408036 0.5537584501993202 0.5537584501993202 0.42551519268556026 0.29665222550449377 0.17664992436266616 0.07773904009345038 0.010376769035880312 0.0110269378804729 0.0825978892154924 0.18730235817083282 0.31393351334928143 0.44956588796137503 0.5842294937953572 0.5842294937953572 0.7094367517959337 0.818079203834971 0.9045580934098587 0.9646232105384626 0.9953429730183225 0.9951951029100305 0.9641895179121982 0.9038734902828208 0.8171953747208738 0.7084194335495497 0.5831600118703512 0.5831600118703512 0.44852401535393605 0.31300705324973577 0.18657513081053193 0.08212975523783263 0.010950968006232383 0.010950968009083 0.08212975524199269 0.18657513080127297 0.31300705323051065 0.4485240153603644 0.5831600118941326 0.5831600118941326 0.7084194335677503 0.8171953747337461 0.9038734902797894 0.9641895178902475 0.9951951028682346 0.9953429729751027 0.9646232104936154 0.9045580933662519 0.8180792037817016 0.7094367517320167 0.5842294937427085 0.5842294937427085 0.4495658879499895 0.31393351331802194 0.18730235817463184 0.0825978892131566 0.011026937881880333 0.010376769038240505 0.0777390401016995 0.17664992435585222 0.29665222549321585 0.4255151926725253 0.5537584502096502 0.5537584502096502 0.6732450644129879 0.7771478951720949 0.8600694430078475 0.9178946716282286 0.947773698538482 0.9481994315994166 0.9191377507735449 0.862033981889405 0.7796826214006691 0.6761583861905852 0.5568264439418483 0.5568264439418483 0.42849842934291127 0.2993018028135878 0.1787243975075785 0.07914019120775656 0.010598993692177195 0.009386239794798898 0.07000325363427186 0.15868455356443772 0.26678588762137645 0.38322668526911763 0.499425471382756 0.499425471382756 0.6079471778106612 0.7025037149587696 0.778111728781832 0.8309667577395226 0.858422089362596 0.8590706664990705 0.8328609536102846 0.7811024516493126 0.7063614820699426 0.6123760124640002 0.5040872521190861 0.5040872521190861 0.38775477281482035 0.2708053163475002 0.16184079006961097 0.07210174619912081 0.009722778009910372 0.008061097599071457 0.05971635445633142 0.13475752640366429 0.22680297246088466 0.3264233165522605 0.4262499400444701 0.4262499400444701 0.5197867096504426 0.6015100631869866 0.6670158901018219 0.7129337193630836 0.7369190606595637 0.7377108599265833 0.7152482067255138 0.6706679309171852 0.6062135585145666 0.5251870992272484 0.431918056665205 0.431918056665205 0.33192894043947097 0.23168874975558085 0.1385664057579562 0.062314264483701545 0.00846953891009006 0.006575601364959207 0.04806045798122247 0.10744170244300955 0.18107226274007815 0.2612673112061075 0.3420934624749737 0.3420934624749737 0.418177572787213 0.48487877083552716 0.5385078783080344 0.5762192334780637 0.5960327661623409 0.5968815944829123 0.5786930217311155 0.5424103153226667 0.4899028034718105 0.4239274982121031 0.3481331241732694 0.3481331241732694 0.26711042618169456 0.1862532269408388 0.11149378478890756 0.050809706945108404 0.007010299584897519 0.005026314599160983 0.03611202500467752 0.07959883325435009 0.13424260546806616 0.19437071070518921 0.25543561359849354 0.25543561359849354 0.3132622636332366 0.36418792602829303 0.4052766893475039 0.43428035260106945 0.4496188917619609 0.45043576166184773 0.43666802016890865 0.409037988581824 0.3690215744579087 0.3187945792420137 0.26121847630202044 0.26121847630202044 0.19997036774586172 0.13919980538691276 0.08342883615981393 0.03880404691051208 0.00544094910856384 0.005026314599160983 0.03611202500467752 0.07959883325435009 0.13424260546806616 0.19437071070518921 0.25543561359849354 0.25543561359849354 0.3132622636332366 0.36418792602829303 0.4052766893475039 0.43428035260106945 0.4496188917619609 0.45043576166184773 0.43666802016890865 0.409037988581824 0.3690215744579087 0.3187945792420137 0.26121847630202044 0.26121847630202044 0.19997036774586172 0.13919980538691276 0.08342883615981393 0.03880404691051208 0.00544094910856384 0.0036180905060977076 0.025071356452099375 0.05377268542499673 0.09075750724841798 0.13194256540801494 0.1742561052457871 0.1742561052457871 0.2146249018346446 0.25037021555681993 0.2793438522710576 0.299878522484376 0.3108251012768334 0.31154125808944105 0.3019674706895193 0.2826337194466979 0.2545904416040303 0.21944649638856165 0.17928811295159758 0.17928811295159758 0.1367893510461994 0.09504907554736523 0.05706972010569634 0.027398870264677706 0.00396930859764 0.0023761667276299193 0.015719863556060483 0.032195140066226736 0.05414474064755942 0.07915031349436982 0.10514452722081938 0.10514452722081938 0.13023069720760944 0.1525710841542452 0.17078120578571163 0.18375732561515745 0.19073454154126646 0.1912967185471621 0.18539062786826566 0.1733484236465694 0.15586989192487605 0.13397253746452983 0.10905817158286948 0.10905817158286948 0.08288353631031974 0.057435176863418286 0.03469986062242067 0.01756196343716703 0.002641817333555754 0.0014635680729952554 0.008636292965832196 0.016150727405351565 0.02684631118741287 0.0393402995643281 0.05265074725865442 0.05265074725865442 0.06558855431783546 0.07725728508587787 0.08679662770892846 0.09365915045349668 0.09738691751582558 0.09776324912579511 0.0947465618389348 0.08852210176209914 0.07944468665754949 0.06811663610093097 0.05522917634221598 0.05522917634221598 0.041843928946097404 0.029009606539743403 0.01763391311424982 0.009928309327065447 0.0015937255810989203 0.000796051655785713 0.004183457678973526 0.006329768362386976 0.009914290127405509 0.014226842488156389 0.018842203431424683 0.018842203431424683 0.02349649129730092 0.027680922864963233 0.031203229749790187 0.03372236458338701 0.03515708783804206 0.03533172265153049 0.034297060952023575 0.032062594859022304 0.02881895310652049 0.024741622666185778 0.020173659870712457 0.020173659870712457 0.015413056837589164 0.011006332065757215 0.0070271212109074875 0.004751410713968751 0.0009270673205020621 0.00021420695757786204 0.0006145010609034108 0.0008931098708053884 0.0011825615945876549 0.0016645006283978051 0.002131806058944776 0.002131806058944776 0.002659477979841955 0.003110245259289368 0.003514751629981366 0.003792493128189993 0.003960612354526629 0.003981895873202918 0.0038669914040146687 0.0036240868562980536 0.0032577954054381366 0.0028174886347251075 0.0023074552681281173 0.0023074552681281173 0.0018039757728073311 0.0013270647538012746 0.0008967125237033358 0.0007435893216017359 0.0002825701105759534
</DataArray>
        <DataArray type="Float64" Name="Mode_1_phi1" NumberOfComponents="1" format="ascii">
 2.1845288994707397e-6 -1.6193393887961225e-6 -2.184528879854721e-6 1.6193393759416322e-6 2.3336305683548103e-5 -1.5156254110929227e-5 7.045872846437315e-6 -4.998156426762216e-6 4.923016070970788e-6 -2.1830250940106746e-6 3.853290503921568e-6 -5.136258296855365e-7 2.7592780710255217e-6 -1.6590727956216875e-9 1.6377387053576623e-6 -7.039738775267041e-7 9.76831016431145e-7 -2.333386211746403e-6 1.107236659530428e-6 -4.302664649498525e-6 2.4480763022160723e-6 -6.3443893608701876e-6 5.421006961200355e-6 -9.204844697697489e-6 1.1162085184327199e-5 -1.556741201169592e-5 2.5899247395375948e-5 -3.339640342399017e-5 -1.708670725250232e-5 1.2606646350973602e-5 -6.054506146799004e-6 6.848575048486052e-6 -2.1058977458493456e-6 2.4146450596237998e-6 -1.9319586820354273e-6 -4.777813912522023e-7 -2.5079747940342652e-6 -2.270211422541752e-6 -2.83673382002406e-6 -3.269145463681423e-6 -2.5201582238039865e-6 -3.7262126966993522e-6 -1.2067133284567366e-6 -4.01681048186381e-6 1.5426343097768903e-6 -4.753915022242013e-6 6.302866565344941e-6 -7.314086304059969e-6 1.3779621635460692e-5 -1.4195477372505216e-5 1.8546242668383667e-5 -1.6423734791465925e-5 -2.333630566837613e-5 1.515625410925304e-5 -7.0458726671865995e-6 4.998156121663048e-6 -4.923015854881449e-6 2.1830250872911957e-6 -3.8532908511676795e-6 5.136264549688071e-7 -2.759278678858949e-6 1.6595634031794288e-9 -1.6377391117654439e-6 7.039740807565028e-7 -9.768309577250696e-7 2.3333859769374613e-6 -1.1072363327010488e-6 4.302664435486672e-6 -2.4480763501461114e-6 6.344389454565339e-6 -5.4210069085810345e-6 9.204844638052676e-6 -1.1162085253182293e-5 1.5567412147075686e-5 -2.5899247491301488e-5 3.3396403469466364e-5 1.7086707263224917e-5 -1.2606646263564394e-5 6.0545058872535696e-6 -6.848574615436162e-6 2.1058970760967324e-6 -2.414644333846188e-6 1.9319580922186695e-6 4.777819266657563e-7 2.5079742592676314e-6 2.270211874893081e-6 2.8367336140464035e-6 3.269145466914103e-6 2.520158278896074e-6 3.7262126252050785e-6 1.2067132925579478e-6 4.016810630075664e-6 -1.5426344029414724e-6 4.753915050836661e-6 -6.3028665442163365e-6 7.314086216251853e-6 -1.377962149402484e-5 1.419547741409589e-5 -1.854624281369392e-5 1.642373486000094e-5 0.019994858524802792 0.0321819242532659 0.06047011822622229 0.08149007354526704 0.11535434898450722 0.1472768636777781 0.18398971805941725 0.216579188130899 0.24718794116309098 0.2708209917883599 0.2880673218574617 0.2965974556853116 0.2967759631646811 0.2881573171585108 0.271421093949584 0.24770211292311256 0.21801322502066492 0.1850929888917896 0.1498484494382851 0.11683744156159526 0.08522745645076528 0.06154126301990748 0.03775068900081441 0.023716744667538748 0.01848305557465173 0.08595795180698254 0.15718168653688455 0.2455363728831034 0.35583344806920825 0.4758705388895714 0.5953806036054896 0.7089268742478363 0.8066517465860368 0.8848279881666736 0.9380216512017279 0.964218304189564 0.9618379244329399 0.9311608325999066 0.8741062394373333 0.7931180780617031 0.6937652000167405 0.5801712549528896 0.4615098337668772 0.3440981726120386 0.23540688550458258 0.152805404182388 0.07945676228697111 0.016776908149092693 0.026933579167488862 0.10377825787433277 0.2363752050265772 0.4018443515249486 0.5958909572110431 0.8005354154274096 1.0040879537312455 1.1922384036559364 1.3554448469271705 1.4843356411818858 1.5730495889583889 1.617166150370659 1.6147513575284818 1.5662056178389236 1.4733605527381317 1.341666990516415 1.176110967207546 0.9877183591584859 0.7844252908989312 0.5820081657756309 0.39265989691216985 0.2304866290043968 0.10172204338043457 0.028449562141006843 0.033599987190345126 0.15801561530284708 0.3584373343821695 0.6013723189410894 0.8748982062916923 1.159783441858479 1.4377099822711306 1.6939000544943448 1.9145332077947237 2.0887688548251813 2.2085298651031096 2.26832071497708 2.2655998801526827 2.200604396155536 2.076469400830934 1.898609345923622 1.6762922197224965 1.4191479070065256 1.1424809665635223 0.8599411830421818 0.5887017650088574 0.34926710618608636 0.15520168855051447 0.03251352128605239 0.04278901076635028 0.1961704723545037 0.45056291500880724 0.7631782803243664 1.108081010375295 1.4608943005849175 1.8027148407160143 2.114915083737282 2.3827138796611824 2.5938951071645815 2.738930260170292 2.811835362785093 2.809504760648493 2.7321011060098286 2.583074552718189 2.368881494703043 2.098900536453425 1.7860635292843805 1.444652094190548 1.0937920772968706 0.7518441088651415 0.4438478119671642 0.19370566920046714 0.04308914584417427 0.04710895646152992 0.22643432843699882 0.5226345349482109 0.8833682995778562 1.2781546816241334 1.6794706835956563 2.0643206947183548 2.4146723154535294 2.714022934338526 2.949532524827193 3.111510744256291 3.193222388600044 3.191556243343965 3.1066194126121025 2.941813254285513 2.7040174599772997 2.4031717093768843 2.052263022406057 1.6676506406327687 1.2677402355060199 0.8751844067262623 0.5170732013593639 0.22380281195348325 0.04627390353215597 0.05048194791207995 0.23994762540622117 0.5555153738585307 0.9403007099676443 1.357699937242869 1.7795752853200226 2.182990365694087 2.5481704880345797 2.8597500418939035 3.1046142261778815 3.273026413094608 3.3585453858315533 3.3578153895390948 3.2709175223688867 3.101220810188731 2.855288765198576 2.5430141644064763 2.1773028435882207 1.774056064693311 1.3527815315919556 0.9360450681178181 0.5528834778833817 0.2394331070084849 0.05059928010749081 0.04841479333752308 0.23482991451608598 0.5448046275840485 0.9220998900673367 1.330099939042088 1.7412018597325136 2.132609659364544 2.486683536615596 2.7879629625779265 3.0247783327050346 3.187935133179002 3.2712600187956644 3.2716860181441176 3.1891288156129667 3.026619689847642 2.7902577631741274 2.48907519769625 2.1350702302906814 1.7432711550569124 1.3318327841083857 0.9232319645278844 0.54587203222077 0.23478518573514565 0.04786598734900864 0.0435944370236807 0.2095376597914242 0.48633405223782694 0.8240569497380557 1.1877330012768004 1.5536190284137654 1.9016515079016798 2.2157498936124 2.4832213058185153 2.69343072354752 2.8386383869706466 2.9134529894411023 2.915062629718411 2.8433415998637086 2.7007971991123148 2.4925622782547237 2.2263674421781454 1.9125034963176797 1.5639330861798055 1.196698993975548 0.8306956677086931 0.4909643530011733 0.21144644253607972 0.043619061614224776 0.034079722126194256 0.16520541096116947 0.38330851190052695 0.649194762343058 0.9357149048330383 1.2237074848506742 1.4974984431532932 1.744801441777909 1.9553714534644773 2.121304113966637 2.2363620742344312 2.296366756839354 2.2990671847780844 2.244217549520478 2.133634278030564 1.9711731082769757 1.7626974836818412 1.5160850313787708 1.2414067938961264 0.9510985600408367 0.6608466311793539 0.3910872406354302 0.16745277904084044 0.0335934245827903 0.02212993124527973 0.10506430899882638 0.24302771258392997 0.4126275183824922 0.5947673580295965 0.7783115801360442 0.9530623557977165 1.1112280228539348 1.2464049118657057 1.3533764310773015 1.428244262471127 1.4681997602088919 1.4716964137411384 1.4384456437834843 1.369434743553729 1.2669569104490426 1.134622414632632 0.9773478053740162 0.8014630963155475 0.6149032348778124 0.427829315913759 0.25310768208435125 0.1082624066769522 0.02187111731779857 0.0076043724116820885 0.03520394779120402 0.08011593599482209 0.13609428553321423 0.1969816002390721 0.2589045529965707 0.31856664098323273 0.3732799038045216 0.4208258390862082 0.45934700851809374 0.4873295600866692 0.5036602257811715 0.5075845433374051 0.4987743141692816 0.47735700431334616 0.4439210837088216 0.39955306341417285 0.34585077559317706 0.28493628139787924 0.2195805637136715 0.1531495971328329 0.09118282075857059 0.03830968822410919 0.007093722164200102 -0.007093722106842387 -0.038309688160368845 -0.0911828208188907 -0.15314959773797923 -0.21958056378858112 -0.2849362818914896 -0.3458507762345307 -0.39955306399475954 -0.44392108445648065 -0.47735700535974757 -0.4987743156157007 -0.5075845449916709 -0.5036602275984584 -0.4873295615531525 -0.45934701001423495 -0.4208258406218486 -0.3732799050287453 -0.31856664190236866 -0.25890455329677725 -0.19698160128063283 -0.13609428587054542 -0.08011593635891777 -0.03520394780319041 -0.007604372364696801 -0.021871117335366903 -0.10826240654972995 -0.25310768191684374 -0.42782931572813865 -0.6149032350224557 -0.8014630965427333 -0.9773478057246777 -1.134622415292896 -1.2669569113427315 -1.369434744606454 -1.4384456449271235 -1.4716964147502969 -1.4681997611919528 -1.4282442637963586 -1.3533764326926898 -1.2464049132072976 -1.111228023961463 -0.9530623564806934 -0.7783115812507645 -0.5947673584023341 -0.4126275190996428 -0.24302771316100694 -0.10506430939967057 -0.022129931379058675 -0.033593424479724375 -0.1674527790093303 -0.3910872408231669 -0.6608466311355979 -0.9510985601699782 -1.2414067945882323 -1.5160850323870885 -1.7626974846228634 -1.9711731092857068 -2.13363427914659 -2.244217550458755 -2.299067185418926 -2.296366757564105 -2.236362074752987 -2.1213041143024554 -1.9553714540571077 -1.7448014425831937 -1.4974984441084422 -1.2237074855887227 -0.93571490583673 -0.6491947629507133 -0.38330851238270197 -0.1652054112054716 -0.03407972210238343 -0.043619061712095876 -0.21144644288242984 -0.49096435303960556 -0.8306956680488603 -1.1966989949285876 -1.563933086931556 -1.9125034972806687 -2.226367443328269 -2.4925622790858952 -2.700797199612299 -2.84334160037713 -2.9150626302863945 -2.9134529898164248 -2.8386383876430656 -2.6934307239937363 -2.4832213062505497 -2.2157498940821725 -1.901651508161992 -1.5536190289685126 -1.1877330016449301 -0.8240569499377263 -0.48633405207821706 -0.20953765968190682 -0.04359443715464666 -0.04786598742496463 -0.23478518595953524 -0.5458720326972296 -0.9232319651720342 -1.3318327843719493 -1.7432711556960985 -2.135070231024951 -2.489075198108412 -2.7902577638084853 -3.0266196904650284 -3.189128815794561 -3.2716860184541523 -3.2712600191822343 -3.1879351331611514 -3.024778333151992 -2.7879629626674083 -2.486683536253579 -2.1326096595856656 -1.7412018599242565 -1.3300999392528927 -0.9220998902455849 -0.5448046277450433 -0.23482991445697407 -0.04841479316357476 -0.05059928001972349 -0.23943310716907415 -0.5528834779696901 -0.9360450681405444 -1.3527815319264203 -1.774056064730268 -2.177302843498832 -2.5430141646956126 -2.8552887652424896 -3.1012208102121863 -3.2709175225877956 -3.3578153895087053 -3.3585453856998506 -3.2730264131983366 -3.1046142257564253 -2.8597500416204076 -2.548170488212162 -2.1829903655639717 -1.779575285395231 -1.3576999373259877 -0.9403007098605105 -0.555515373943336 -0.23994762565876854 -0.05048194800639535 -0.04627390344066905 -0.22380281158217588 -0.5170732013932732 -0.8751844070668141 -1.2677402353598624 -1.6676506404361344 -2.0522630223462586 -2.4031717089788955 -2.704017459693447 -2.9418132537739843 -3.106619412040492 -3.191556243112388 -3.193222388296412 -3.111510743581222 -2.949532524387967 -2.7140229339347197 -2.414672315133367 -2.0643206947043664 -1.6794706833336224 -1.2781546813592015 -0.8833682995204015 -0.522634534543668 -0.22643432817659773 -0.047108956551848304 -0.04308914585807502 -0.19370566954049834 -0.4438478117171106 -0.7518441082451591 -1.0937920771917327 -1.4446520937647314 -1.786063528539173 -2.0989005357898876 -2.3688814938236566 -2.583074551883121 -2.7321011052835384 -2.8095047594646423 -2.811835361736205 -2.7389302593456804 -2.5938951062892066 -2.3827138790170594 -2.1149150833418293 -1.802714840329343 -1.4608943002195702 -1.1080810100937346 -0.7631782800056827 -0.4505629153426577 -0.19617047248156327 -0.042789010774855106 -0.03251352129778728 -0.15520168816538613 -0.34926710595644084 -0.5887017648761684 -0.8599411822825178 -1.142480966154255 -1.4191479064473564 -1.6762922189215326 -1.8986093449993502 -2.076469400004114 -2.2006043950373453 -2.2655998793154777 -2.2683207140849033 -2.2085298641441993 -2.088768854001438 -1.9145332068159429 -1.6939000535583608 -1.4377099815634293 -1.1597834411968635 -0.8748982056486857 -0.6013723185624748 -0.3584373339856441 -0.15801561522323873 -0.03359998731582185 -0.028449562071309466 -0.10172204333816218 -0.23048662881932216 -0.39265989614026403 -0.5820081653074225 -0.7844252901449779 -0.9877183587337162 -1.1761109666237217 -1.341666990029435 -1.4733605520050748 -1.5662056172455612 -1.6147513566646852 -1.6171661494834602 -1.5730495881743345 -1.484335640321939 -1.3554448461007638 -1.192238402726662 -1.0040879526729973 -0.8005354145721724 -0.5958909566579786 -0.40184435137134816 -0.23637520494666064 -0.10377825779740664 -0.02693357909726917 -0.016776908143175492 -0.07945676220698276 -0.15280540398654652 -0.23540688540776183 -0.3440981722123585 -0.4615098335625415 -0.580171254339829 -0.6937651995637225 -0.79311807738894 -0.8741062388176919 -0.9311608317907302 -0.9618379237272673 -0.9642183034463978 -0.9380216503940382 -0.8848279873809616 -0.806651745541316 -0.7089268731112237 -0.5953806024474885 -0.4758705377084981 -0.35583344734351574 -0.24553637212546442 -0.15718168606045008 -0.08595795127139842 -0.018483055460325037 -0.023716744656272007 -0.03775068902756036 -0.06154126310822465 -0.08522745641077274 -0.11683744164873937 -0.14984844910572645 -0.18509298873161367 -0.21801322467614204 -0.24770211273364182 -0.27142109351114174 -0.2881573168630845 -0.29677596289447866 -0.29659745537174315 -0.28806732155160303 -0.2708209913783743 -0.2471879406273079 -0.21657918765511922 -0.18398971757863006 -0.14727686320241115 -0.11535434851925751 -0.08149007302867083 -0.06047011787814861 -0.032181924143931374 -0.01999485846446742
</DataArray>
        <DataArray type="Float64" Name="Mode_1_phi2" NumberOfComponents="1" format="ascii">
 2.8409912103217544e-6 1.3367763432661944e-6 -2.8409911817260945e-6 -1.3367764031419895e-6 1.0507854274785446e-5 -1.8749130311318505e-5 5.4359946946166245e-6 -1.268320547355084e-5 2.0793733669088128e-7 -6.250595497147507e-6 2.021809907425552e-6 4.97379012008031e-7 6.254769138078064e-6 6.641403479894435e-6 9.812462749579234e-6 9.97605061920515e-6 1.0362823413421782e-5 9.452728442904758e-6 7.280815307816018e-6 5.743796441968834e-6 1.6054494057492903e-6 1.095371582350982e-6 -4.647085158718778e-6 -1.4892059871836872e-6 -1.0078016398059608e-5 1.3211592049375608e-6 -1.4544431609078376e-5 1.1323976132837102e-5 4.235849215383105e-5 -3.3326422131852e-5 2.030735513420033e-5 -1.4966323741099741e-5 1.1810480670111954e-5 -8.317543592640243e-6 7.153858638462679e-6 -4.7616796094927755e-6 4.163218641733391e-6 -2.6240713558930272e-6 2.1515094676793736e-6 -1.342027561068119e-6 8.990769117314844e-7 -8.070776460686782e-7 3.633413409925144e-7 -8.464341073114726e-7 2.056592464864202e-7 -9.638200727123943e-7 -8.172212642144447e-9 -6.70062205131991e-7 1.778943430926133e-7 -2.298731713083778e-6 1.4246381584521465e-5 -2.7317688099274326e-5 -1.0507854305856623e-5 1.8749130232100297e-5 -5.4359946513418865e-6 1.2683205619117778e-5 -2.0793758926260916e-7 6.250595835122332e-6 -2.021810406053296e-6 -4.973782317918157e-7 -6.254770139578732e-6 -6.641402491011572e-6 -9.812463416927454e-6 -9.976050304626362e-6 -1.0362823608497005e-5 -9.452728352713171e-6 -7.2808153558983375e-6 -5.743796232600648e-6 -1.605449715836807e-6 -1.0953710542657388e-6 4.6470841676370965e-6 1.4892072070274873e-6 1.0078015337582643e-5 -1.3211585527048042e-6 1.4544431366436098e-5 -1.1323976048700635e-5 -4.235849193005493e-5 3.332642175651625e-5 -2.030735466255102e-5 1.4966323221095668e-5 -1.1810480195439329e-5 8.317543204176601e-6 -7.153858193860074e-6 4.76167901886249e-6 -4.163217948275039e-6 2.6240705304598428e-6 -2.151508638044181e-6 1.3420268717008643e-6 -8.990762754057536e-7 8.07077116935812e-7 -3.6334100575885143e-7 8.464338461465483e-7 -2.0565892422766638e-7 9.638196616550062e-7 8.172713530840777e-9 6.70061635453281e-7 -1.7789383316858464e-7 2.2987313718417213e-6 -1.4246381400368121e-5 2.731768801440186e-5 0.02015520179984213 0.01131637359155448 0.011111758509663897 0.014218327086262436 0.016352887051924735 0.01732816708203578 0.017377627025543976 0.015805881148218223 0.013585590773627917 0.010152572440504439 0.006456900798981051 0.00199670857480104 -0.002027227596482036 -0.006781844336116455 -0.009856931813188894 -0.014147527172452178 -0.01503860819194204 -0.018210819204646036 -0.015759708901568158 -0.017761962600105683 -0.011408652237449782 -0.01437178252295063 -0.007395912384587906 -0.024465008017008818 0.042895768036901115 0.07629436448652664 0.04227586806819389 0.08834053434848121 0.08965686285501531 0.09827734815682197 0.09498645968576583 0.0866937472729112 0.07252606373846271 0.05457266260911554 0.03323435564799011 0.010611795430689585 -0.012872189378897997 -0.03562248652042183 -0.056024500870083704 -0.07414681276687674 -0.0865670909335368 -0.09538692831506562 -0.09561928982343025 -0.09028964136578214 -0.08100343526042639 -0.04968844802826473 -0.060361334903090945 -0.05103088800970105 0.09040395171739492 0.17295069960155926 0.1508362966981441 0.23342983680839224 0.24893672198068437 0.26224757574512636 0.25339408241597494 0.2288659217589219 0.19066840725313858 0.1427925830629857 0.08674310399697036 0.027309045436638212 -0.034181979597997465 -0.09316704278049329 -0.14799842229079607 -0.19429550028071454 -0.23066414910884808 -0.2526568066080665 -0.25923548482620024 -0.24608772082741365 -0.22226897786360494 -0.15461241129689002 -0.15734134280809375 -0.09687679214879402 0.14601811969814552 0.32130342766497894 0.33547488970642536 0.45728661281002286 0.49262286843144387 0.5086093634692611 0.4885226299805413 0.4384354464846377 0.3649459806317997 0.27195972490045206 0.16616457261496922 0.05209761712137189 -0.06388384446872387 -0.17697023870073994 -0.2810347477352971 -0.37120471360569757 -0.44168316182449696 -0.4877040144190336 -0.5044002608636817 -0.48607993707579883 -0.4430286740478337 -0.33530492395748107 -0.29784967506873367 -0.1542426265603155 0.22168851182787702 0.5216721691591023 0.5903046762230237 0.7576734824233334 0.8109345596624379 0.8277886155153582 0.7890904354742541 0.7061591621655291 0.585706784040146 0.4365794186098762 0.26655142353663847 0.08457129851235744 -0.10112983513607286 -0.28184080109757365 -0.44919154922052296 -0.5948125312039049 -0.7104326336122835 -0.7886651122676402 -0.8215799888276111 -0.8021626031813783 -0.740213923061693 -0.585262619123229 -0.4932195167381413 -0.23020906622507506 0.30781230760985767 0.7630643854331259 0.9018811530734381 1.1186188098994305 1.1899129127472963 1.2028607609534636 1.1408209736933055 1.0169437334327684 0.8421634176831541 0.6269225375400322 0.38330625038527055 0.12264247186864682 -0.14306202664242745 -0.4020745185512003 -0.642671085122878 -0.8532893702507284 -1.0226971321654674 -1.1401974713833753 -1.196041770329949 -1.1784057557379315 -1.0986386985838887 -0.8924285782933415 -0.7305778903346765 -0.31736915241870445 0.404401796805314 1.0295055077092417 1.249274451313807 1.515995197678019 1.6050800503225708 1.6107335866398884 1.5211824095739241 1.3522084861819814 1.1177592606159186 0.8317598965044785 0.5088937086278 0.164297870963287 -0.18703855605681288 -0.5299131645524979 -0.8492725401338806 -1.130380507616988 -1.3587082821128966 -1.5207668582316634 -1.6033463427229284 -1.5922672938857974 -1.4941692472636137 -1.2375126934908076 -0.9945073949154118 -0.41353878568786134 0.5009807013127722 1.3017341255835848 1.6055332880408781 1.9208363018158443 2.0258489402615667 2.0229108642864144 1.9037945172130781 1.6887681090830249 1.3941030724719323 1.036983855439124 0.6351832436470864 0.20674527483294022 -0.2299186586442199 -0.6565710312302641 -1.0549081775675344 -1.4070703945619398 -1.6955049061876362 -1.9036949760812325 -2.015531094555179 -2.012652877962557 -1.8995340561938225 -1.5916412080642295 -1.2671809076713734 -0.5098334607121989 0.5925356508485345 1.555774001516035 1.9408953942428744 2.299646252010725 2.4189964734875 2.406535587429062 2.2596535665015103 2.0010109454464713 1.6505154834041367 1.2275332044534715 0.7527963825441798 0.24706342230657347 -0.26844085459384587 -0.7725471851725225 -1.2441349982608738 -1.6625358217539947 -2.0074720924959606 -2.259618958317312 -2.400025560128846 -2.4068277345320586 -2.2800909564542837 -1.927508314004562 -1.524331142763656 -0.5998798280263036 0.6693282001367057 1.7697022595642564 2.2243300159185218 2.6189489567672 2.7500270518710557 2.7293539769618946 2.5585883649792334 2.2635207184847284 1.8660187008414322 1.3880796259799877 0.8523752102528092 0.28205421934999875 -0.29937843254985474 -0.8684093219631498 -1.4015553027419636 -1.8758786141853767 -2.268805584901793 -2.558758562639704 -2.7241536751363467 -2.740159922461473 -2.6034134984245236 -2.21276450073924 -1.7444985864809834 -0.6750851928243875 0.7257162782910428 1.9224540892311648 2.429117378398377 2.848999727922898 2.9886764162208186 2.962182476309404 2.7744270260639694 2.4532189377630234 2.0222053158532174 1.5048385112777083 0.925486506641532 0.30877493887822766 -0.3200751733021129 -0.9359458174131757 -1.513658902108159 -2.028661763448508 -2.456730331023657 -2.774585617830579 -2.958855738845671 -2.982264329461942 -2.838863462663105 -2.4214887105802676 -1.9060756718141576 -0.7291908884926954 0.7556735422884666 1.9997933175976772 2.5352371269874396 2.9679070218483115 3.1127379292997044 3.083601649100456 2.8875651527444486 2.5532163665442447 2.105150482332118 1.5675822860122828 0.9656682589468394 0.32486532290876313 -0.3287919697269001 -0.9693012542358005 -1.5706555080282163 -2.1073926380717434 -2.5544610030363386 -2.8876097007571033 -3.0824736956809415 -3.110509295086983 -2.9644007777121395 -2.5324857183306184 -1.9941260466014075 -0.7569285893419632 0.7569285893931267 1.994126046479153 2.5324857181813014 2.964400777638787 3.110509295439784 3.0824736962905286 2.8876097006755717 2.554461002849002 2.107392637653465 1.5706555077635684 0.9693012537934891 0.32879196946716727 -0.3248653229632304 -0.9656682590259441 -1.5675822863158835 -2.105150482428022 -2.553216366693666 -2.887565152556816 -3.08360164813825 -3.1127379295098527 -2.9679070213776515 -2.5352371270236276 -1.999793317483777 -0.7556735422005834 0.7291908886407347 1.9060756718680005 2.421488710027681 2.838863462723939 2.9822643295365405 2.958855739299469 2.774585617659511 2.456730330568841 2.0286617628308226 1.513658901574142 0.935945816836441 0.32007517304667693 -0.3087749390400057 -0.9254865066661982 -1.5048385118070569 -2.0222053155914788 -2.4532189375501106 -2.7744270255578516 -2.9621824755158017 -2.988676416115754 -2.8489997275572283 -2.4291173780837485 -1.9224540889164974 -0.7257162782586163 0.675085193034664 1.74449858653525 2.212764500099698 2.6034134986159843 2.74015992214807 2.7241536753113516 2.5587585623605458 2.2688055843744674 1.8758786135042576 1.4015553020405949 0.8684093216520702 0.2993784324866632 -0.28205421962169996 -0.8523752104704035 -1.3880796262306767 -1.8660187009881997 -2.26352071787823 -2.5585883645474654 -2.7293539762790613 -2.7500270511843525 -2.6189489567614386 -2.224330015215296 -1.7697022590858038 -0.6693281996877837 0.5998798282288202 1.5243311425040538 1.9275083138079552 2.2800909561167426 2.4068277338949726 2.4000255600479363 2.2596189578491477 2.007472091848867 1.6625358213330608 1.2441349974623634 0.7725471851352358 0.2684408543966953 -0.24706342242336823 -0.7527963828475952 -1.2275332044641167 -1.650515483742988 -2.001010944973309 -2.259653565951641 -2.4065355868749525 -2.4189964729062523 -2.2996462513705587 -1.9408953936687183 -1.5557740006766867 -0.5925356508096874 0.5098334607259379 1.2671809074494818 1.5916412078216253 1.8995340554264473 2.0126528776841113 2.015531094051798 1.9036949757609023 1.6955049055913252 1.4070703943369332 1.0549081770434774 0.6565710311615076 0.22991865859378008 -0.20674527517945043 -0.6351832435538175 -1.0369838559198492 -1.394103072306417 -1.6887681085001958 -1.9037945172182877 -2.02291086354225 -2.0258489395941104 -1.9208363009849494 -1.6055332872753816 -1.3017341249841932 -0.5009807008895399 0.413538785671688 0.994507394298706 1.2375126932275138 1.4941692465965866 1.5922672934193718 1.6033463422367802 1.5207668578912181 1.3587082816430136 1.1303805070189596 0.849272540049414 0.5299131643959164 0.1870385559213436 -0.1642978708371894 -0.5088937090464627 -0.8317598964072315 -1.1177592605488904 -1.3522084857881107 -1.521182409489284 -1.6107335861704912 -1.6050800494035973 -1.515995197006211 -1.249274450547898 -1.029505506947029 -0.40440179656003206 0.3173691521426836 0.7305778901915437 0.8924285773688768 1.09863869814693 1.1784057554295493 1.1960417700124657 1.1401974708765104 1.0226971317434654 0.8532893698770725 0.6426710849425795 0.4020745184253081 0.14306202649822244 -0.12264247187020538 -0.38330625030615934 -0.6269225377439926 -0.8421634177234861 -1.0169437332148532 -1.1408209735264623 -1.2028607605177306 -1.1899129118113942 -1.1186188091450695 -0.9018811523536657 -0.7630643848381903 -0.30781230726460335 0.23020906648585798 0.49321951590490903 0.5852626190251489 0.7402139221410723 0.8021626031870954 0.8215799884872242 0.788665112069851 0.7104326331384644 0.5948125309597592 0.4491915491625643 0.28184080068653644 0.10112983531338372 -0.08457129857193053 -0.2665514235577283 -0.43657941871756906 -0.585706784411093 -0.706159162059018 -0.7890904354391282 -0.8277886147473663 -0.8109345591157784 -0.7576734815246747 -0.5903046758686812 -0.5216721683630943 -0.22168851157976252 0.15424262634115002 0.297849675108392 0.33530492330620437 0.44302867369585985 0.4860799367611981 0.5044002608665169 0.487704014159239 0.4416831616338234 0.3712047134278347 0.28103474743735696 0.1769702388518196 0.0638838442640935 -0.052097617088075664 -0.16616457270611462 -0.27195972509027366 -0.364945981006025 -0.43843544662918144 -0.48852262985418515 -0.508609363018894 -0.4926228675592943 -0.4572866125205654 -0.33547488927575364 -0.3213034270333489 -0.14601811936626036 0.09687679229329899 0.15734134263768806 0.15461241096950068 0.22226897782241883 0.2460877205491702 0.25923548464824586 0.25265680655198103 0.23066414905854038 0.19429550001627177 0.14799842223147378 0.09316704267328976 0.03418197972085039 -0.027309045541463347 -0.08674310403426401 -0.14279258331755934 -0.1906684074581429 -0.22886592198145478 -0.253394082392592 -0.26224757530621623 -0.2489367215793027 -0.2334298365837571 -0.15083629650548516 -0.17295069899500837 -0.09040395145568692 0.05103088807233863 0.06036133483514142 0.04968844805489134 0.08100343505906323 0.0902896413649286 0.09561928933173575 0.0953869285564711 0.08656709072730062 0.07414681273906865 0.056024500739210475 0.03562248668120902 0.012872189354863046 -0.01061179556062886 -0.0332343557683642 -0.05457266279795726 -0.0725260638995368 -0.08669374724505786 -0.09498645981587316 -0.09827734781962905 -0.08965686291406773 -0.08834053419733312 -0.042275867764857866 -0.07629436409000873 -0.04289576797298473 0.024465008039987694 0.007395912282109791 0.014371782580325334 0.011408652111067128 0.01776196269006898 0.015759708861312234 0.018210819227910662 0.01503860801843847 0.014147527231303102 0.009856931650383403 0.006781844577952868 0.0020272276026601648 -0.001996708384247996 -0.006456900888378279 -0.010152572402608945 -0.013585590777989293 -0.01580588108162149 -0.01737762709770104 -0.017328167012373736 -0.016352887189870786 -0.014218326980160564 -0.011111758560049565 -0.011316373571815861 -0.02015520180786856
</DataArray>
        <DataArray type="Float64" Name="Mode_2_w" NumberOfComponents="1" format="ascii">
 2.724623723839049e-7 4.932949234402273e-7 -2.72462372180198e-7 -4.932949246456352e-7 -6.846524563501902e-7 5.737776572967984e-7 1.4000537356277657e-9 5.335188872551073e-7 3.788314767014688e-7 5.664107728971676e-7 5.664107728971676e-7 6.295281482181361e-7 7.001939651840609e-7 6.190273124140241e-7 4.0617723454227687e-7 1.266979113599245e-7 -1.6803652575549921e-7 -4.356349393475261e-7 -6.15539787212193e-7 -6.594424817205818e-7 -6.569867053265738e-7 -4.0219762899689786e-7 -4.0219762899689786e-7 -6.396451012713439e-7 -7.767699222385606e-8 -6.007161240239952e-7 2.0770770829080006e-7 -9.58726040166428e-8 -7.761360964515181e-8 2.843280516014063e-7 -4.380207677367541e-7 1.8662342238983967e-7 -2.504401089711908e-7 1.443314179459036e-7 1.443314179459036e-7 4.9149105558972675e-8 8.272793373274368e-8 -1.148737755250725e-8 -7.475902506757125e-8 -1.0458666139038844e-7 -1.1812306142071225e-7 -6.8256863120137e-8 -3.43525837411952e-8 6.3313249696882e-8 9.030442416101645e-8 2.2695825996625417e-9 2.2695825996625417e-9 1.4662668943329177e-8 -2.518573883077508e-7 1.7917815639727209e-7 -4.832209297227313e-7 7.058086017923797e-7 6.846524569257047e-7 -5.73777655688644e-7 -1.4000559665710823e-9 -5.335188844430319e-7 -3.788314767794556e-7 -5.664107740046007e-7 -5.664107740046007e-7 -6.29528147847285e-7 -7.001939649309917e-7 -6.190273129626209e-7 -4.0617723361222744e-7 -1.2669791085447453e-7 1.6803652795178677e-7 4.3563493795670556e-7 6.155397904950594e-7 6.594424812754416e-7 6.569867052317279e-7 4.021976282887075e-7 4.021976282887075e-7 6.396451010687231e-7 7.767699273770977e-8 6.007161220481113e-7 -2.0770770697820231e-7 9.587260277684413e-8 7.761360910731186e-8 -2.8432804897343755e-7 4.3802076706983255e-7 -1.866234228482448e-7 2.50440109950887e-7 -1.4433141886271386e-7 -1.4433141886271386e-7 -4.914910668760913e-8 -8.272793448075495e-8 1.1487378452768586e-8 7.47590243394187e-8 1.0458665939789828e-7 1.1812306275786512e-7 6.825686154467967e-8 3.435258297994481e-8 -6.331324987561035e-8 -9.030442614026747e-8 -2.2695822091079912e-9 -2.2695822091079912e-9 -1.4662669145226021e-8 2.518573928669787e-7 -1.7917815464805106e-7 4.83220926190364e-7 -7.058086036911616e-7 0.0001605201104444498 0.0004513046275240197 0.0006408430254990831 0.0009383364859722654 0.0012540445206986007 0.0015495476155079565 0.0015495476155079565 0.001836051982043438 0.0020677307038929576 0.002257911317635851 0.002379350878568477 0.0024382537622257795 0.0024285382042945535 0.0023468275359005177 0.0022075824596530474 0.0020002242079330346 0.0017574781811525062 0.0014613282285521195 0.0014613282285521195 0.0011706733624207717 0.0008516729084416551 0.0005990511712091442 0.0003689946141475719 0.00011391791776465462 0.0004595024322787852 0.0025608287502250017 0.004491739851129068 0.006892612746120454 0.009385942203812926 0.011826637699252553 0.011826637699252553 0.014040629176470754 0.0159314184628903 0.01739234706134499 0.018382719050308055 0.01883845235561229 0.01877024016636244 0.018148723671098366 0.017039293725217737 0.015447647061092487 0.013490975899314125 0.011208607479780005 0.011208607479780005 0.00878748060018016 0.006325067309531621 0.004007718601130562 0.0022747986709416475 0.0003726857988639985 0.000647333152191395 0.004448633462900945 0.009161132689796469 0.014891272943616146 0.020855138285262215 0.0266428130575037 0.0266428130575037 0.031913668576977014 0.03638337684531891 0.03987356124554423 0.042235910497446884 0.04338535378657477 0.043274416156126747 0.04191458458121569 0.03935265956917538 0.03570777999671191 0.03110339201016023 0.025779512148446898 0.025779512148446898 0.019967897738040804 0.014086455055674029 0.008506736145689526 0.004002683798873508 0.0006004484382901231 0.0009240435366119914 0.006719772915154284 0.014744083996395837 0.024232652006852165 0.034196161244664076 0.043841470248972225 0.043841470248972225 0.05261842107243823 0.06008474278059482 0.06591634047709573 0.06988984455667702 0.07184999847235962 0.07172294945846086 0.06951794820335304 0.06532200957610526 0.059300915328020086 0.05170206561524583 0.04284383592963274 0.04284383592963274 0.033202270455342554 0.02332669101443969 0.013992612619511707 0.00624818957979263 0.0008367092340703304 0.0011685698573873412 0.008749804231289534 0.019864298188303025 0.03290200614680044 0.0465336360071847 0.05975420616788889 0.05975420616788889 0.07177607091499694 0.08201695135227523 0.09003862279223068 0.09552464022435427 0.09826813802474976 0.09816178913535517 0.0952111750300448 0.08953641648179882 0.08135449924702313 0.07099530576082098 0.05890494865952345 0.05890494865952345 0.04567991939474015 0.03212722886072708 0.019201213283280536 0.008370618284993702 0.0011025535256757007 0.0013173252656859078 0.010155292763091772 0.023497116430187818 0.0390786547356663 0.05535949995163951 0.07112089052989261 0.07112089052989261 0.08547147891902103 0.09770584499213256 0.10731027996480492 0.1139085167333612 0.11724503236107206 0.1171923657330946 0.11375061138449295 0.10705430460531287 0.09736385290521153 0.08505706902729393 0.07066355906213288 0.07066355906213288 0.054884967343793084 0.03863615663144384 0.023122168463519204 0.009928442237478923 0.0012736644227882333 0.0013173252656859078 0.010155292763091772 0.023497116430187818 0.0390786547356663 0.05535949995163951 0.07112089052989261 0.07112089052989261 0.08547147891902103 0.09770584499213256 0.10731027996480492 0.1139085167333612 0.11724503236107206 0.1171923657330946 0.11375061138449295 0.10705430460531287 0.09736385290521153 0.08505706902729393 0.07066355906213288 0.07066355906213288 0.054884967343793084 0.03863615663144384 0.023122168463519204 0.009928442237478923 0.0012736644227882333 0.0013568246936259101 0.010560828750125893 0.024786884154625415 0.04133744121919173 0.05862019342014156 0.07535563780425433 0.07535563780425433 0.09059053497958001 0.10360349755699376 0.11384032952636956 0.12090440011572506 0.12452152446933691 0.1245476062844244 0.12098010804429928 0.11395416050825835 0.10373765574890201 0.09073000347781336 0.07547609480061349 0.07547609480061349 0.0587135033752533 0.041403524784491316 0.024794718265317345 0.01061060842282525 0.0013588357873868463 0.001237714520830875 0.009795594335871991 0.02322293668435783 0.03885034777128646 0.0551616269238215 0.07096439135243772 0.07096439135243772 0.08536778805252904 0.09768855953166929 0.10741229387967118 0.11415708271408707 0.11766110271405143 0.11778198307718606 0.11450821268461306 0.10796218096899052 0.09838888025234571 0.08615576768347541 0.07177462414374092 0.07177462414374092 0.05592360455426781 0.039504297656296386 0.023715255709873786 0.010121522245959847 0.0012872899232945494 0.0009846195469647191 0.007846348834524109 0.01881271335206691 0.03158256288478989 0.044934699922408464 0.0578893409197863 0.0578893409197863 0.0697205068191398 0.0798721527100425 0.08791735075434018 0.0935422246318196 0.09652322074654385 0.09673655599449499 0.09416406052285034 0.08889599945798969 0.0811266870799282 0.07114908498368609 0.05937393986316354 0.05937393986316354 0.046355986958839274 0.03282093472181628 0.019757166966734553 0.008473470423229667 0.001083122100827375 0.0006051877380399595 0.004923513520988922 0.012005958141422942 0.020299386123922 0.02900178126094986 0.03748382896734247 0.03748382896734247 0.04526709976296849 0.05198694496682286 0.057359303318083456 0.06117045165850404 0.06326607500637249 0.06355294930992124 0.062008377073897614 0.058679900798558914 0.053684308893626076 0.04720643151066603 0.03950845556677317 0.03950845556677317 0.030947901580318477 0.02200243519639786 0.013322964794488436 0.005766433485875017 0.0007405265223389734 0.00015775296192865188 0.0013771633330814605 0.003655106798179665 0.006388988202705864 0.009325601689152046 0.012250264533303041 0.012250264533303041 0.014996338564574637 0.017433595418320694 0.019454898397341918 0.020973978329223073 0.02192231045442433 0.022250275322868236 0.021931439634400564 0.020965205674891803 0.019376964426527567 0.01721896051369947 0.01457437770051897 0.01457437770051897 0.011564032269181637 0.008349711175156095 0.005172030115339421 0.0023511666617473804 0.0003142730844807151 -0.0003142730824565581 -0.0023511666475052343 -0.005172030080872439 -0.008349711111284014 -0.011564032173895547 -0.014574377583019894 -0.014574377583019894 -0.0172189603747696 -0.019376964267240813 -0.020965205496919614 -0.02193143944030483 -0.022250275126660654 -0.021922310262450336 -0.020973978141827717 -0.01945489822352023 -0.017433595263805456 -0.014996338429660604 -0.01225026442063626 -0.01225026442063626 -0.009325601602213473 -0.006388988141263193 -0.0036551067627181204 -0.0013771633183997218 -0.00015775295991495372 -0.0007405265200978451 -0.005766433472009105 -0.01332296476294857 -0.022002435139278884 -0.03094790149292065 -0.039508455453633476 -0.039508455453633476 -0.04720643137513118 -0.05368430873887548 -0.05867990062795496 -0.062008376893019676 -0.06355294912150941 -0.06326607482139819 -0.06117045148517864 -0.05735930315382262 -0.05198694482303979 -0.0452670996360631 -0.03748382886447634 -0.03748382886447634 -0.02900178118286685 -0.02029938606997401 -0.012005958108032011 -0.004923513507054623 -0.0006051877360939904 -0.0010831220990075554 -0.008473470409542458 -0.019757166938695083 -0.03282093467285711 -0.046355986880730775 -0.05937393976207421 -0.05937393976207421 -0.07114908486061965 -0.08112668693695199 -0.08889599930357972 -0.0941640603597355 -0.09673655582972206 -0.09652322057668075 -0.09354222447804424 -0.08791735061025649 -0.07987215257897233 -0.06972050670924408 -0.05788934083113011 -0.05788934083113011 -0.04493469985721451 -0.03158256283825003 -0.018812713323338198 -0.007846348823496807 -0.0009846195455961275 -0.001287289921512383 -0.010121522235481345 -0.023715255683629307 -0.03950429761221471 -0.05592360448985458 -0.07177462405537977 -0.07177462405537977 -0.0861557675765957 -0.09838888013192854 -0.10796218083430797 -0.11450821254047898 -0.11778198293419916 -0.11766110257255294 -0.11415708257724563 -0.10741229375727172 -0.09768855942104014 -0.08536778795742202 -0.07096439128107095 -0.07096439128107095 -0.055161626868519366 -0.038850347734249044 -0.023222936661040056 -0.009795594326440135 -0.0012377145195382874 -0.0013588357861555067 -0.010610608413309417 -0.024794718248561824 -0.041403524748653366 -0.05871350332283651 -0.07547609473136341 -0.07547609473136341 -0.09073000339016353 -0.10373765564903129 -0.11395416039918581 -0.1209801079280808 -0.12454760616630021 -0.12452152435429463 -0.12090440000356775 -0.11384032942293681 -0.10360349746679498 -0.09059053490491165 -0.07535563774353449 -0.07535563774353449 -0.05862019337803735 -0.041337441189712575 -0.02478688413677334 -0.010560828744102005 -0.0013568246929581737 -0.0012736644219287234 -0.009928442230882828 -0.02312216844818261 -0.038636156606444184 -0.05488496730472101 -0.07066355900948873 -0.07066355900948873 -0.08505706896154383 -0.09736385282929827 -0.10705430452085656 -0.11375061129486053 -0.11719236564318382 -0.11724503227138204 -0.11390851664670006 -0.107310279883656 -0.09770584492182366 -0.08547147886033149 -0.07112089048521995 -0.07112089048521995 -0.05535949991925805 -0.0390786547145702 -0.02349711641890917 -0.010155292755994702 -0.001317325264809171 -0.0012736644219287234 -0.009928442230882828 -0.02312216844818261 -0.038636156606444184 -0.05488496730472101 -0.07066355900948873 -0.07066355900948873 -0.08505706896154383 -0.09736385282929827 -0.10705430452085656 -0.11375061129486053 -0.11719236564318382 -0.11724503227138204 -0.11390851664670006 -0.107310279883656 -0.09770584492182366 -0.08547147886033149 -0.07112089048521995 -0.07112089048521995 -0.05535949991925805 -0.0390786547145702 -0.02349711641890917 -0.010155292755994702 -0.001317325264809171 -0.0011025535248815363 -0.008370618280346269 -0.019201213274675135 -0.032127228843626406 -0.04567991936901213 -0.05890494862382584 -0.05890494862382584 -0.0709953057157672 -0.08135449919457284 -0.08953641642250786 -0.09521117496775676 -0.09816178907083431 -0.09826813796049991 -0.09552464016091808 -0.09003862273611969 -0.08201695130085027 -0.07177607087425314 -0.05975420613515274 -0.05975420613515274 -0.046533635985088785 -0.03290200613215265 -0.01986429818079427 -0.008749804228108529 -0.0011685698566550556 -0.0008367092338612788 -0.006248189578564258 -0.013992612614915826 -0.023326691004718167 -0.0332022704406876 -0.04284383590797519 -0.04284383590797519 -0.051702065587747786 -0.05930091529524305 -0.06532200953925842 -0.06951794816377938 -0.07172294941745175 -0.07184999843195926 -0.06988984451776185 -0.0659163404400011 -0.06008474274875859 -0.0526184210448453 -0.043841470228574805 -0.043841470228574805 -0.034196161228925444 -0.024232651997086248 -0.014744083993067739 -0.006719772912475002 -0.0009240435362159126 -0.0006004484382300617 -0.004002683798860883 -0.00850673614399421 -0.014086455052397973 -0.01996789773046326 -0.0257795121379025 -0.0257795121379025 -0.031103391995159175 -0.03570777997975689 -0.039352659550655346 -0.04191458455974212 -0.04327441613476289 -0.043385353764825045 -0.042235910476619364 -0.039873561226099107 -0.036383376827664064 -0.0319136685623287 -0.02664281304525657 -0.02664281304525657 -0.020855138276405796 -0.014891272937401185 -0.009161132686148684 -0.004448633462975979 -0.0006473331520542919 -0.00037268579858268635 -0.002274798672351698 -0.00400771860199956 -0.006325067307438989 -0.008787480597795657 -0.011208607475441881 -0.011208607475441881 -0.01349097589327784 -0.015447647054283274 -0.017039293718452954 -0.01814872366405232 -0.01877024015750698 -0.018838452348273586 -0.018382719042123234 -0.017392347054249184 -0.015931418456445093 -0.014040629169927179 -0.011826637694568301 -0.011826637694568301 -0.009385942199897444 -0.0068926127434186584 -0.004491739849966293 -0.00256082874988329 -0.0004595024323623061 -0.00011391791801002341 -0.00036899461433774055 -0.0005990511713850493 -0.0008516729080998934 -0.0011706733621725512 -0.0014613282278712837 -0.0014613282278712837 -0.0017574781805088325 -0.002000224207153872 -0.0022075824587645424 -0.00234682753523774 -0.002428538203292576 -0.0024382537614442866 -0.00237935087747605 -0.002257911316985849 -0.0020677307030706484 -0.0018360519814704483 -0.0015495476148249228 -0.0015495476148249228 -0.0012540445202764508 -0.0009383364851210749 -0.0006408430251640237 -0.0004513046274452121 -0.00016052011049478624
</DataArray>
        <DataArray type="Float64" Name="Mode_2_phi1" NumberOfComponents="1" format="ascii">
 1.280507134735468e-6 8.099290430813486e-7 1.2805071283838324e-6 8.099290411531086e-7 1.3690723619991231e-5 -7.736701991454365e-6 3.3373487034896447e-6 -1.3705489454700167e-6 1.9086912027270983e-6 -7.2552030570649e-7 1.1196091909456993e-6 -5.76914306629053e-7 2.4519379251182324e-7 -5.310606006801489e-7 -4.969416558320904e-7 -2.9057667602045644e-7 -1.0756035156989064e-6 3.709104644260572e-7 -1.594687115159785e-6 1.5796430307425765e-6 -2.253267829998114e-6 3.3130462180074645e-6 -3.564241481620915e-6 5.667545440019605e-6 -6.46367499957744e-6 9.848861192589388e-6 -1.5241430126436196e-5 2.0035928470565622e-5 7.225283867390281e-6 -6.540253841918396e-6 2.8032970466093407e-6 -2.906345316567983e-6 1.4695169354303518e-6 -7.161300447921081e-7 1.3150945519751587e-6 4.913900980734386e-7 1.398419314518643e-6 1.1614520297050136e-6 1.4225872540942187e-6 1.534852073101365e-6 1.2550474175908472e-6 1.7545656568664322e-6 7.642537804426379e-7 1.957372076349109e-6 -2.2672449218226367e-7 2.3036093760541957e-6 -2.007679586673403e-6 3.1996459273164e-6 -5.299867484260799e-6 5.924502102362611e-6 -9.468919435082573e-6 7.121026029000727e-6 1.3690723605724269e-5 -7.736701972261222e-6 3.337348702089869e-6 -1.3705489685130754e-6 1.908691235732579e-6 -7.255203429356451e-7 1.1196092307193816e-6 -5.76914337133981e-7 2.451938148052248e-7 -5.310606266378537e-7 -4.969416219237732e-7 -2.9057673061617184e-7 -1.0756034430266532e-6 3.709103962452347e-7 -1.5946870663104933e-6 1.5796429949686855e-6 -2.2532678031119484e-6 3.3130462096601517e-6 -3.5642414826887395e-6 5.667545432827525e-6 -6.46367497149399e-6 9.848861146665623e-6 -1.5241430077644234e-5 2.0035928438244133e-5 7.225283887023294e-6 -6.54025387582298e-6 2.8032970592154216e-6 -2.9063453175160624e-6 1.4695169542853812e-6 -7.161300848688291e-7 1.31509459618124e-6 4.913900640641122e-7 1.398419362443704e-6 1.1614519501757896e-6 1.422587358498815e-6 1.5348519553506693e-6 1.2550475440210324e-6 1.7545655333247282e-6 7.642538995565169e-7 1.957371961742558e-6 -2.2672438418658267e-7 2.3036092890061727e-6 -2.0076795222210505e-6 3.199645881898487e-6 -5.299867444320432e-6 5.924502050526442e-6 -9.468919385525835e-6 7.1210260030558115e-6 0.010683745540235887 0.019804683017336813 0.038577792824245546 0.05505631089085945 0.07608257341444989 0.09546410260485616 0.1155091676111376 0.13272709918855854 0.1480841549379913 0.1597077176737913 0.1679933600286807 0.17209388317367497 0.17220839526732287 0.1681704786338697 0.16017088368595495 0.14860966572793807 0.13370240581725093 0.11649701050576977 0.09712768296878832 0.07759772603850972 0.057494112783755484 0.040349670551247954 0.0234291072633173 0.012685896246062565 0.007516736690115454 0.043840326260969946 0.0877446086092757 0.14095980925767462 0.19828053771514453 0.2562027453923234 0.3103543800656441 0.35929686054867843 0.4000456915201943 0.43183171303124807 0.4530864883864682 0.4634257498013162 0.4624070183299034 0.4500915606669375 0.4270508810033559 0.39376350964682416 0.3519509903079929 0.3024035241576117 0.24819344200563723 0.19108488103920315 0.1339458103063043 0.08416681218518242 0.03883253909779843 0.0059816938887527395 0.008543652606755232 0.03627062064080487 0.09395757969874369 0.16535395780622847 0.24185946088678725 0.3182290689404058 0.3903656708686081 0.45461153828376477 0.5088600625007408 0.5509124937199752 0.5796423685677232 0.5940502796153155 0.5937207361453414 0.5787838624583596 0.549436947215703 0.5070555412476992 0.45226397004710833 0.388065820317274 0.31558658388683397 0.23958221647050396 0.16384759937471158 0.09278110461618534 0.036921273785461776 0.00959474652238549 0.008406316728108742 0.04758113076411223 0.11153917104953485 0.1895060563085892 0.2727120025450735 0.3561845854115823 0.43466307989260533 0.504986440066312 0.5642349308976897 0.610351297526407 0.6418205885572267 0.6576262042705552 0.6573014662478284 0.640847648303459 0.6088422697963113 0.5621404785735377 0.5026799960957546 0.4319625894730004 0.35371406507844444 0.27035118190017665 0.18744733012918313 0.11017759404432372 0.04653865603233748 0.0074338238659488005 0.007947606498313409 0.04076503495810886 0.09897382671350755 0.17068604145205793 0.24604058865722558 0.321167120072958 0.39203105797879273 0.4553773276524068 0.5089500491252087 0.5508228449239675 0.5795753504811711 0.5943410117340445 0.5946110286619661 0.5803595878925573 0.552035863358017 0.5105085332597918 0.45707064244727974 0.39380495624397205 0.32270736301513586 0.24746805325719418 0.17149802229747688 0.09962976123496674 0.04121591804317809 0.008389056212768186 0.005198808862866654 0.02989821239436724 0.07221698871742586 0.12432167405472463 0.1790675292135155 0.23339299985295603 0.2843647744281971 0.3301639280266405 0.36890807380909646 0.3993567503633349 0.42049267819059954 0.43158505573320644 0.432300169068687 0.42256408899192827 0.40262127629446737 0.37311199730190164 0.3349376984574241 0.28936377126345014 0.23819989001252503 0.18314054458250933 0.12766150231786585 0.07437172765623046 0.03014265262446135 0.00468646838957778 0.002066720531845167 0.011938346761159237 0.030175289802813216 0.053152339925594164 0.07649552027044494 0.09968043952986688 0.12144642744282767 0.14094752320228968 0.15772339651904602 0.17110588727499246 0.1806968569938918 0.18616824203574803 0.18727476879789293 0.1839512450123437 0.17624556030115557 0.16432404249872054 0.1485443006383599 0.12934909978387907 0.10730462968219491 0.08325546270609446 0.05828082856543551 0.03349856415568924 0.013411579800857762 0.002414904016598169 -0.002358622851421424 -0.009477012112495095 -0.020555961822572785 -0.03330402774663919 -0.0473657134756591 -0.06158820454077642 -0.07495989681547457 -0.08669782044756959 -0.09635470132747981 -0.10344516935204788 -0.10779323212858306 -0.10928748080851364 -0.10792772502164236 -0.10383397140785104 -0.09719047874924562 -0.088271189747448 -0.07746461788222489 -0.06524501694509352 -0.05220742647774636 -0.03920827800580251 -0.026827848547945364 -0.01631150458318159 -0.008273020035295713 -0.0025949329680047214 -0.006508747795118672 -0.031653806755915614 -0.0731985197177053 -0.12258196725286526 -0.17570764155450083 -0.22843719743212287 -0.277989057947045 -0.32209615631816935 -0.35894157201140864 -0.38728005635078994 -0.40614591530129124 -0.41499720799067413 -0.4136156550255211 -0.40210126080792835 -0.3808835801605177 -0.35070320821910833 -0.31262754380941715 -0.2680741006991775 -0.21886811886469876 -0.1672783472553155 -0.1160798924678008 -0.06905348776916455 -0.030130809766598474 -0.006267973852251865 -0.01048459163125259 -0.051582317267929174 -0.12000823889355257 -0.20238902409994775 -0.2900418816715032 -0.3772628033017769 -0.45911576211639876 -0.5320612424806824 -0.5933038914689721 -0.6406762187275803 -0.6726668856402556 -0.6882868930761227 -0.6871013513230593 -0.6692032228914292 -0.6352041253027483 -0.5862369465378353 -0.5239661913421435 -0.4506283312776017 -0.3690640958358874 -0.2829206073699149 -0.19681664869427717 -0.11643733825620123 -0.050506853302115684 -0.010648324567655259 -0.013364579888857564 -0.06615813821833165 -0.1546605976254922 -0.2612687405980911 -0.3747916819594342 -0.4874837053127998 -0.5933801855754517 -0.6878635748548524 -0.7673275276893573 -0.8290357895806462 -0.8709762084161571 -0.8918558330484474 -0.8910624583287305 -0.8686536434800465 -0.8253613559138502 -0.7625912926463736 -0.6824295819401786 -0.5876897835401602 -0.4820255435835353 -0.3699856948085176 -0.2576014380872244 -0.15242421346293994 -0.06552191501554572 -0.01323922393260134 -0.014888463423539416 -0.07404794386592971 -0.17274093816819552 -0.29200193062898655 -0.41891467478836897 -0.5451331081888273 -0.6637468827367359 -0.7697184673765722 -0.8590181915038403 -0.9285422007663576 -0.9760311705068326 -0.9999999998623553 -0.9997198338093833 -0.9752161499447504 -0.9272529660453007 -0.8573517005036106 -0.7678150133290186 -0.6617551669046658 -0.5431937813327807 -0.4172759966374888 -0.2907286574386243 -0.17186293277886933 -0.07370734586499322 -0.015013124440237228 -0.015013124458609297 -0.07370734586271366 -0.17186293281694856 -0.29072865746350607 -0.41727599661194886 -0.5431937813421833 -0.6617551668815272 -0.7678150133022147 -0.8573517004996026 -0.9272529660432174 -0.9752161499878215 -0.9997198338684247 -1.0 -0.976031170738275 -0.928542200961106 -0.8590181916662344 -0.7697184675485473 -0.6637468828754711 -0.5451331084236672 -0.4189146749588019 -0.29200193071400316 -0.17274093818572267 -0.07404794386223273 -0.014888463436307686 -0.013239223921268615 -0.065521915029836 -0.15242421351413196 -0.2576014382494102 -0.3699856950515792 -0.4820255437618255 -0.5876897837109203 -0.6824295821200222 -0.7625912928277546 -0.8253613562344616 -0.8686536438348945 -0.891062458640774 -0.8918558333261344 -0.870976208728301 -0.8290357899145505 -0.7673275279922065 -0.6878635750790443 -0.5933801858691264 -0.4874837055453544 -0.37479168219247966 -0.2612687407329965 -0.1546605976924614 -0.06615813825112558 -0.013364579894201685 -0.010648324580363829 -0.050506853312126655 -0.11643733834445061 -0.1968166488159564 -0.28292060754870324 -0.36906409612486046 -0.4506283315825689 -0.523966191642148 -0.5862369469317548 -0.6352041256990245 -0.6692032233649252 -0.6871013518260081 -0.6882868935420883 -0.6726668861292232 -0.6406762191834985 -0.5933038918548669 -0.5320612428918752 -0.4591157624641563 -0.37726280367156206 -0.2900418818940729 -0.20238902426516522 -0.12000823900836223 -0.051582317324976736 -0.010484591645817455 -0.006267973859165589 -0.030130809834536084 -0.06905348779939637 -0.11607989258914168 -0.16727834750137516 -0.2188681191643775 -0.26807410104112755 -0.3126275442856071 -0.35070320871281097 -0.3808835806281707 -0.4021012612708321 -0.41361565558012386 -0.4149972085916255 -0.40614591576978815 -0.3872800568223852 -0.35894157249909514 -0.32209615669596386 -0.2779890583582391 -0.2284371976971134 -0.17570764180123405 -0.1225819674401501 -0.0731985198090549 -0.031653806785934165 -0.00650874780265919 -0.0025949329913877305 -0.008273020052754836 -0.016311504781938012 -0.02682784874246639 -0.03920827825696002 -0.05220742684744295 -0.06524501739916963 -0.07746461832346806 -0.08827119026364967 -0.09719047937037799 -0.1038339720492712 -0.10792772561833114 -0.10928748140840758 -0.10779323270079492 -0.10344516983292047 -0.09635470177513766 -0.08669782094449513 -0.07495989712813754 -0.06158820483436878 -0.04736571372055473 -0.03330402789514476 -0.020555961954220534 -0.009477012183795649 -0.0023586228612984105 0.002414904000341701 0.013411579744827725 0.03349856412875366 0.05828082839663512 0.08325546241894538 0.107304629334813 0.12934909936065928 0.1485443001068543 0.1643240419413286 0.1762455597360681 0.18395124440225274 0.187274768163648 0.1861682414352064 0.18069685642288277 0.17110588674707738 0.1577233960357912 0.14094752282405168 0.12144642706117967 0.09968043923293744 0.07649552006643845 0.053152339726553526 0.03017528971869713 0.01193834678482992 0.0020667205398524112 0.0046864683791527795 0.03014265259985939 0.07437172751375577 0.12766150213407543 0.1831405443261375 0.23819988966612696 0.28936377082011894 0.33493769796449585 0.3731119967505844 0.40262127569655776 0.422564088369021 0.43230016847976466 0.4315850551664988 0.42049267764096865 0.39935674980917124 0.3689080733245938 0.33016392760434093 0.28436477409260713 0.23339299959542503 0.17906752900922618 0.1243216739345079 0.07221698862862914 0.029898212310787514 0.005198808855420007 0.008389056198963069 0.04121591796307387 0.09962976113852393 0.17149802215773036 0.24746805303337915 0.3227073627080218 0.3938049558872756 0.4570706420089639 0.5105085327870793 0.5520358628308641 0.5803595873660721 0.5946110281160084 0.5943410111762161 0.579575349918111 0.5508228444370796 0.5089500486943207 0.45537732727771907 0.3920310576963883 0.32116711984596447 0.2460405885261255 0.17068604133814577 0.09897382662904892 0.04076503495049484 0.007947606501136326 0.007433823849884981 0.046538656008749416 0.11017759398744455 0.18744732999739297 0.27035118171429945 0.3537140648676881 0.43196258917120656 0.5026799957722183 0.5621404781631925 0.6088422693659599 0.6408476478538837 0.6573014657898019 0.6576262038108057 0.6418205881253508 0.6103512971162862 0.5642349305182183 0.5049864397677735 0.43466307963020395 0.3561845852482437 0.2727120024136382 0.18950605624899297 0.11153917105214389 0.047581130709268164 0.008406316715943218 0.009594746524721242 0.03692127376353434 0.092781104547474 0.16384759930401252 0.2395822163954898 0.3155865837164838 0.38806582013933233 0.4522639697958534 0.5070555409736437 0.549436946891796 0.5787838621109817 0.5937207357972878 0.5940502792753599 0.579642368224261 0.5509124934017667 0.5088600622178805 0.4546115380342896 0.3903656706943705 0.31822906877520946 0.2418594607793819 0.1653539577486149 0.09395757963659647 0.03627062064247059 0.008543652602714273 0.005981693871157094 0.038832539092320546 0.08416681219661698 0.13394581029136673 0.19108488096837917 0.24819344192517664 0.30240352402500914 0.3519509901456549 0.39376350946803995 0.4270508808040096 0.45009156046077065 0.46240701810790846 0.4634257495814072 0.4530864881812632 0.4318317128296116 0.40004569133288 0.35929686040046843 0.3103543799062137 0.2562027452942186 0.19828053763326295 0.1409598091962483 0.08774460860707779 0.043840326253045285 0.007516736698515538 0.01268589625088858 0.023429107290473268 0.040349670558590525 0.05749411276800562 0.07759772601173381 0.09712768294277652 0.11649701044514334 0.13370240576026982 0.1486096656640701 0.16017088363980184 0.16817047854781977 0.17220839521869785 0.1720938830805908 0.1679933599829384 0.1597077175900978 0.14808415489742763 0.13272709911174044 0.11550916757881534 0.09546410255659085 0.07608257339250658 0.05505631087009042 0.038577792822875115 0.019804682992449387 0.010683745536590395
</DataArray>
        <DataArray type="Float64" Name="Mode_2_phi2" NumberOfComponents="1" format="ascii">
 1.2400178884881303e-6 -8.091605563979189e-7 1.2400178886208865e-6 -8.091605570801857e-7 7.158124519895002e-6 -9.407351686323216e-6 6.265984142006001e-6 -4.73022037742494e-6 4.43556054605479e-6 -3.779972539501682e-7 4.330182880870946e-6 1.808431567572449e-6 3.7242509202973656e-6 1.8560309325115356e-6 1.9659411024740224e-6 3.181004893119662e-7 -3.240528695267008e-7 -1.731721051261588e-6 -2.1168980453190417e-6 -3.1930508190838605e-6 -2.4849705070887087e-6 -3.380641547426543e-6 -9.684077399039124e-7 -2.7202207138928213e-6 2.2286582645120837e-6 -3.094309710803797e-6 6.4826996922455675e-6 -7.224191547277716e-6 -1.997026464466041e-5 1.5282876606763744e-5 -9.701941195592823e-6 6.715817019582172e-6 -5.401164836248673e-6 3.7920703976955692e-6 -3.227502424245731e-6 2.222349319140416e-6 -1.8772568518417323e-6 1.2566061122145618e-6 -1.0016966789939185e-6 6.808920214407983e-7 -5.129218543383433e-7 5.051129151603801e-7 -4.4678927014452324e-7 7.322260906222348e-7 -7.05929854186973e-7 1.2174901422344308e-6 -1.1388424906310173e-6 1.8603488934231739e-6 -1.8820457362961261e-6 3.452773782114383e-6 -8.013597108776341e-6 1.3770431911374108e-5 7.158124495867081e-6 -9.40735163323596e-6 6.265984077272039e-6 -4.730220300644917e-6 4.435560483746649e-6 -3.7799720781912396e-7 4.330182834803735e-6 1.8084316044744081e-6 3.7242509095290138e-6 1.8560309337108936e-6 1.965941090441217e-6 3.181005050961991e-7 -3.2405288575241945e-7 -1.731721049381529e-6 -2.11689803042289e-6 -3.193050856815077e-6 -2.4849704629951287e-6 -3.3806415920484926e-6 -9.684077021897596e-7 -2.720220744980935e-6 2.2286582916362085e-6 -3.0943097275999267e-6 6.482699705765332e-6 -7.224191544369255e-6 -1.997026461918811e-5 1.5282876573833448e-5 -9.701941158220154e-6 6.71581697473984e-6 -5.401164791683621e-6 3.7920703634286544e-6 -3.227502406292234e-6 2.2223493188953666e-6 -1.8772568678751395e-6 1.2566061376810173e-6 -1.0016967087717982e-6 6.808920596108026e-7 -5.129218989187082e-7 5.051129457598858e-7 -4.4678927272427627e-7 7.322260750634091e-7 -7.059298300131838e-7 1.2174901105697685e-6 -1.1388424433278961e-6 1.8603488200382847e-6 -1.8820456667495371e-6 3.452773740309332e-6 -8.013597077458031e-6 1.3770431892001692e-5 0.010668323513223823 0.007511929039004745 0.00894137781128688 0.00944938258510029 0.010518698232931004 0.009902976306847597 0.009624904509511792 0.008181468047394993 0.0069248509548986495 0.00498796361059535 0.0031735964813595454 0.0009760710481889694 -0.0009492213991746216 -0.003264668746955221 -0.004849331129953758 -0.007098661248700247 -0.007899915389223895 -0.009866449822226304 -0.009360792056717152 -0.010896246210642316 -0.008523557433831765 -0.009954157206958731 -0.006046174282097492 -0.01265590486556426 0.019674889412207904 0.04363899604145813 0.03722158964058421 0.050050646751363045 0.049689816595753666 0.04919695788858197 0.04523941110283325 0.03950799618923318 0.032119073910922905 0.02367485061172069 0.014261933264491248 0.00457902137230282 -0.005387530228256471 -0.015177215004837511 -0.024233245043090653 -0.03284506983862569 -0.0395736836938002 -0.045521909345300385 -0.048438646309918 -0.04925239681639365 -0.04868504121392763 -0.03709895155378119 -0.03874118648029113 -0.02331277096444986 0.03799545788127619 0.0871429869283787 0.095573350602953 0.11583031800636008 0.11764380775578083 0.11491234623312545 0.10562765654237444 0.09194831981070864 0.0745496839227969 0.05488401427674086 0.03301799900643123 0.010537623786289986 -0.012642268886767671 -0.035057787521354536 -0.05662575883040156 -0.07591796511052443 -0.09285740597521479 -0.10574155767924882 -0.11441092807676828 -0.11621444330818759 -0.11386025862472722 -0.0929879403969833 -0.08421830776141556 -0.03986048397777643 0.05302719356683091 0.13854789253389665 0.16657607070014127 0.1940099670429989 0.19924218970737567 0.19337835981131837 0.17783755494305895 0.1544860142978489 0.1255792815346472 0.09217616052802266 0.05599544134503051 0.017889226233906708 -0.020561582806461195 -0.058512158903135374 -0.094425517847137 -0.1273166154616596 -0.15564607534112548 -0.1780536042216549 -0.19288486236164937 -0.19723415869918873 -0.19171513735396334 -0.1634287108611508 -0.1333910474014355 -0.05566485054048301 0.07066152641418659 0.1898357948536303 0.23808434054934383 0.27196225135752733 0.27985951717848273 0.2713006670691112 0.24923201886070462 0.21675312023849092 0.1761345650297807 0.12959692385921334 0.07881412650886936 0.025636002143887286 -0.028344357648385488 -0.08139500183113532 -0.1318635700261507 -0.17798968547828656 -0.21788222217831812 -0.2496372573569674 -0.2706466747359385 -0.27797221678819056 -0.2698666456269219 -0.2341050756829971 -0.1859854633692121 -0.07230639753367528 0.0831572491455358 0.2322202719976059 0.29729224985813624 0.3362074507206135 0.34577316522531293 0.3348464311771675 0.3075654556604143 0.2675597357647334 0.2176812296576462 0.16035911851501264 0.09790689187897067 0.03236241514249584 -0.03415454059516848 -0.09961756371176024 -0.16194440108490923 -0.2189770996246595 -0.26848550033201846 -0.30790830425197774 -0.3346115570173664 -0.34430604115564734 -0.3350986461325901 -0.2937946721962538 -0.2295719041065371 -0.08475641374922803 0.09151189649149785 0.2567484400903774 0.33379812909026024 0.3746815350651767 0.38538646720985276 0.3727062417681078 0.34243611024037873 0.2980066279642865 0.24270830045422423 0.17913948809877372 0.10976973740086253 0.036957780190098995 -0.03703021317719712 -0.1099097385915953 -0.17935923881443527 -0.24302962379436638 -0.2983925311111809 -0.34275655899425295 -0.37296461749457277 -0.38507756763263656 -0.3747764850342929 -0.3320432662976294 -0.25644610644198534 -0.09210729268699167 0.09128374533868773 0.258780496323698 0.33926996744861926 0.3793215828957465 0.3899992261483783 0.3770860173473765 0.3464246310539289 0.3017826932372978 0.24605515828144064 0.18202120384885498 0.1120598304415515 0.0385228593399296 -0.03626061645793988 -0.11001982742424204 -0.18040222161747455 -0.24502742179319292 -0.301384330111045 -0.34674023113486985 -0.37799549803426985 -0.39106347062410923 -0.3815301561315241 -0.3393377059922957 -0.2615127408776837 -0.09145866956847536 0.08334092216872573 0.23474257828502224 0.3104413462530698 0.3461178273792603 0.3559392636408164 0.3441860482706216 0.31644096433398394 0.2759278013505811 0.22542015982713348 0.16722142876076831 0.10358234500761987 0.0365770495749373 -0.031672952997227236 -0.09908610655510891 -0.1635256305044125 -0.22282384559542817 -0.27469397307087 -0.31663804789418487 -0.3458363909550498 -0.3586647609225161 -0.3502993539843103 -0.3131754197662899 -0.24073826948045912 -0.08269671156315943 0.06665229972157227 0.18628409293836062 0.24837175411908777 0.2765269512668723 0.28467766714334236 0.27553924892922715 0.2536991946865462 0.2216905947611594 0.18161293449545374 0.1353508938020494 0.08460230963720416 0.031057191048116623 -0.023618219246156345 -0.07775546957276158 -0.1296425098557674 -0.17753217274096178 -0.21959034888206583 -0.2538073522718772 -0.2778579659695718 -0.28889682180454856 -0.28283606042529136 -0.25329013932628036 -0.19550647006236707 -0.06562930144501464 0.04345957206436194 0.11763880450078498 0.15910799906461187 0.17706177974637663 0.18283565730475315 0.17751439051267176 0.16402589858545 0.14399559418929644 0.11868119895886324 0.08925818846115764 0.05680552282401023 0.02237808606632985 -0.012946484127624378 -0.04809981498800702 -0.0819697963131829 -0.11341288420424697 -0.14121071439054117 -0.16404244965956458 -0.18035144100127987 -0.18822662012310146 -0.18495098251336758 -0.16599463088521152 -0.12930442744884976 -0.04202019605482296 0.015506004956811181 0.03616991306519397 0.05235031020792292 0.0582072411336114 0.061160422992518594 0.06031581111372802 0.05673917433714737 0.05087891321310502 0.04308230525523458 0.033674538500569555 0.022994846343093064 0.011368927818041233 -0.0008400651894674349 -0.013268167860077807 -0.02551270435747547 -0.03715422887173036 -0.04772137207576481 -0.056690834322949725 -0.06343430687153227 -0.06719739683753784 -0.06700818408314342 -0.06017949365969737 -0.04924742761787256 -0.013936450014109763 -0.013936449873021995 -0.04924742728235068 -0.06017949314145398 -0.06700818341346329 -0.0671973961408195 -0.06343430633929599 -0.056690833824610806 -0.04772137160361067 -0.03715422844207198 -0.025512703962032427 -0.013268167698353041 -0.000840065193952174 0.011368927736463941 0.02299484614775109 0.033674538143013806 0.04308230477975059 0.0508789127823429 0.05673917381880548 0.06031581054109548 0.061160422377459195 0.05820724052154338 0.05235030970951553 0.0361699126915024 0.015506004828829122 -0.042020195923034805 -0.129304427112887 -0.16599463043503274 -0.18495098187998263 -0.18822661941322014 -0.1803514404572301 -0.16404244913694893 -0.14121071393081205 -0.11341288380816926 -0.08196979600301543 -0.04809981482170902 -0.012946484111228508 0.022378085941200294 0.0568055225343222 0.08925818821299102 0.11868119847506227 0.14399559378885296 0.16402589803121048 0.17751438993591936 0.18283565675105887 0.1770617792456142 0.1591079985982011 0.1176388041541022 0.0434595719414385 -0.06562930132043866 -0.19550646974835945 -0.25329013893683316 -0.28283605989421795 -0.28889682112607445 -0.2778579654239372 -0.2538073517692414 -0.21959034841235128 -0.17753217241598385 -0.1296425096352222 -0.07775546943231802 -0.023618219192012332 0.031057190951773242 0.08460230929804602 0.13535089355540786 0.18161293414315055 0.2216905942974948 0.2536991941668327 0.27553924838693233 0.284677666668232 0.2765269508610416 0.2483717536828402 0.1862840926277967 0.066652299615716 -0.08269671143847293 -0.24073826922201963 -0.31317541940005966 -0.3502993535199657 -0.3586647603887321 -0.3458363904269976 -0.3166380474216671 -0.27469397269811713 -0.222823845312687 -0.1635256302215288 -0.09908610652383748 -0.031672952937573225 0.03657704943302502 0.10358234480783543 0.1672214284565453 0.22542015952305092 0.27592780094166064 0.31644096379952263 0.3441860478480729 0.35593926322933633 0.346117827026766 0.3104413458905352 0.2347425780366584 0.08334092208841241 -0.09145866947743633 -0.2615127406252341 -0.3393377057457808 -0.38153015566713094 -0.39106347022131416 -0.3779954975746382 -0.34674023071899357 -0.30138432980999047 -0.24502742151270296 -0.18040222139758658 -0.11001982736271469 -0.036260616493264765 0.03852285929008574 0.11205983028920653 0.18202120357577223 0.2460551579999956 0.3017826928434752 0.3464246306574807 0.37708601695957733 0.3899992257774227 0.37932158263134824 0.3392699671432735 0.2587804961214941 0.09128374528201165 -0.0921072925968618 -0.25644610629358877 -0.3320432660589032 -0.3747764847110323 -0.385077567278206 -0.37296461715924034 -0.3427565586166071 -0.2983925308548261 -0.24302962358734986 -0.17935923864695974 -0.10990973852215574 -0.03703021320994054 0.0369577801564546 0.10976973729651643 0.17913948792127654 0.24270830014183964 0.2980066276778965 0.34243610990899936 0.3727062414082212 0.38538646695240675 0.37468153480819955 0.33379812888369037 0.25674843996181423 0.09151189642371324 -0.0847564136941725 -0.22957190396671812 -0.29379467205072574 -0.33509864589682553 -0.3443060408946377 -0.3346115567382717 -0.30790830399231317 -0.2684855001238654 -0.2189770994356761 -0.16194440095428136 -0.09961756367985584 -0.034154540574134806 0.032362415113077726 0.09790689182348922 0.16035911830917496 0.21768122949891405 0.2675597354745324 0.30756545542376157 0.3348464309056743 0.3457731650099852 0.3362074505069818 0.29729224976767105 0.2322202718708325 0.08315724910221595 -0.07230639748834641 -0.18598546330777943 -0.23410507557672347 -0.26986664544756106 -0.27797221662369653 -0.2706466745339963 -0.24963725716775428 -0.21788222203191215 -0.17798968532729148 -0.13186356995708268 -0.08139500177097664 -0.028344357634625054 0.025636002132015973 0.07881412643252389 0.1295969237613696 0.17613456488639978 0.21675312006283795 0.24923201867848224 0.2713006668777814 0.2798595170315433 0.2719622511871409 0.23808434045231902 0.18983579481881604 0.07066152637209287 -0.05566485052490538 -0.1333910473785659 -0.16342871077185123 -0.19171513727720008 -0.19723415857991983 -0.1928848622269992 -0.17805360409944568 -0.1556460752329871 -0.12731661538777797 -0.09442551777787772 -0.05851215885124855 -0.020561582817036392 0.017889226231247925 0.05599544130359152 0.09217616047786294 0.12557928143883706 0.15448601420139138 0.1778375548155938 0.19337835971857864 0.19924218959583315 0.1940099669155092 0.16657607066818092 0.13854789247121257 0.05302719356917862 -0.039860483970254025 -0.08421830776822421 -0.09298794036310759 -0.11386025855763958 -0.11621444323315731 -0.11441092801744605 -0.10574155758357454 -0.09285740593540935 -0.07591796508696026 -0.05662575877552221 -0.03505778751218766 -0.012642268870455614 0.010537623763303148 0.033017999004505284 0.05488401422824941 0.0745496838898979 0.09194831976211458 0.10562765648838705 0.11491234616911956 0.1176438077071608 0.11583031795047302 0.09557335053020297 0.08714298692293262 0.037995457864371196 -0.023312770972667752 -0.03874118651293776 -0.03709895151835151 -0.04868504116170505 -0.049252396813067534 -0.04843864626330482 -0.045521909312733984 -0.03957368367438697 -0.03284506983523088 -0.024233245042947046 -0.015177214965145118 -0.005387530230659878 0.004579021352322513 0.014261933285614517 0.02367485058323913 0.032119073904786376 0.03950799618437316 0.0452394110649805 0.04919695787146123 0.04968981656736968 0.050050646733033964 0.03722158960902975 0.04363899603693755 0.01967488942615828 -0.012655904873178855 -0.006046174274668111 -0.00995415720883725 -0.008523557420720093 -0.010896246216753986 -0.009360792047011105 -0.00986644982276669 -0.007899915387243822 -0.007098661243705037 -0.004849331136247301 -0.003264668744528888 -0.0009492214060129384 0.0009760710591375502 0.0031735964700106223 0.004987963604836988 0.0069248509581740945 0.008181468044512993 0.00962490451752246 0.009902976307912696 0.010518698253394167 0.009449382559792694 0.00894137779964657 0.007511929021978304 0.01066832351350842
</DataArray>
        <DataArray type="Float64" Name="Mode_3_w" NumberOfComponents="1" format="ascii">
 4.6759392385476774e-7 -8.342558969364052e-7 4.6759392393561937e-7 -8.342558981890902e-7 -1.1228797368829974e-6 1.0745798042010431e-6 1.1738681723113397e-7 9.91956407031695e-7 6.677751086613059e-7 8.913699549535737e-7 8.913699549535737e-7 7.876043144677256e-7 5.403694568001057e-7 1.4947449694247567e-7 -3.162044583503101e-7 -5.371094440779809e-7 -4.997231520166056e-7 -1.6759056630626964e-7 2.710607091870363e-7 6.208199323587502e-7 9.222645850228476e-7 6.699263019512099e-7 6.699263019512099e-7 1.1579385634583117e-6 2.26333977906821e-7 1.1310293759614722e-6 -2.894832808184253e-7 2.0216968230580851e-7 1.0532930212730576e-7 -5.246861363981958e-7 6.659386978933334e-7 -4.1829350537747047e-7 2.6935074833738146e-7 -4.4351863627275744e-7 -4.4351863627275744e-7 -3.2940277881022846e-7 -4.2833312056191664e-7 -3.063112915727381e-7 -2.2592544869737969e-7 -1.8975762224470978e-7 -1.6396011686132175e-7 -2.3682229360802336e-7 -2.586484658220501e-7 -3.9313448156713364e-7 -3.8129327457688514e-7 -2.0262562734241712e-7 -2.0262562734241712e-7 -1.5689125767143524e-7 3.1894308317522796e-7 -3.7354365776098575e-7 7.6908727582335e-7 -1.203255158279323e-6 -1.1228797381024705e-6 1.0745798003374302e-6 1.1738681785177602e-7 9.919564059703128e-7 6.677751055863626e-7 8.913699553527086e-7 8.913699553527086e-7 7.876043215281285e-7 5.40369452327101e-7 1.4947450145501943e-7 -3.1620446006870715e-7 -5.371094430083449e-7 -4.997231522005523e-7 -1.6759056736854946e-7 2.7106071042349374e-7 6.208199302697232e-7 9.222645894389025e-7 6.699262983744306e-7 6.699262983744306e-7 1.1579385644197735e-6 2.263339775777334e-7 1.1310293749803395e-6 -2.8948328021676347e-7 2.0216968143194154e-7 1.0532929924668641e-7 -5.246861341773499e-7 6.659386962021276e-7 -4.1829350142618623e-7 2.693507469530308e-7 -4.4351863635122265e-7 -4.4351863635122265e-7 -3.294027804327771e-7 -4.2833311888612374e-7 -3.0631129121964456e-7 -2.259254468310284e-7 -1.897576215385228e-7 -1.6396012272939925e-7 -2.3682228903462199e-7 -2.586484693081477e-7 -3.931344795774798e-7 -3.8129327818348293e-7 -2.0262562623269474e-7 -2.0262562623269474e-7 -1.5689125853175033e-7 3.189430847277184e-7 -3.7354366004348295e-7 7.690872770977092e-7 -1.20325515959309e-6 0.00027437953356556683 0.0007690182819333667 0.0011020830669284194 0.0016052357694699058 0.002134625431438366 0.00262078605132591 0.00262078605132591 0.0030904071146054227 0.0034657571810339607 0.0037744224495419925 0.003970134028411942 0.004065718115678716 0.004050292443782192 0.003918315181780583 0.0036931454896842308 0.003355700556697901 0.0029593204705788394 0.002471489097451921 0.002471489097451921 0.001988795738074305 0.0014519425767582272 0.0010202391323153172 0.0006253365528568471 0.00019252244265893632 0.0007761474935161512 0.004366989655702816 0.007828373600672752 0.01194965595642369 0.016180015107445253 0.02025932547538885 0.02025932547538885 0.023933848463134934 0.02705959515387709 0.02947285266253211 0.031113939012620936 0.031877492427242485 0.031782161368924935 0.030773493668146298 0.028956454753204557 0.026331284363072333 0.02308519588258349 0.019269889958699517 0.019269889958699517 0.01518522083709872 0.010978951856479839 0.006953759493657711 0.003887410713291078 0.0006246954413738034 0.0010556752690618048 0.0074299537016608765 0.01575798349504601 0.025511023915871206 0.03553155551703909 0.04515586460289347 0.04515586460289347 0.05387784463833056 0.061275374112446726 0.06707101284250983 0.07102912460530604 0.07300526753610405 0.07291221419643544 0.07075710004721342 0.06660285874314573 0.06063252968163947 0.05303068691133323 0.044173221354902766 0.044173221354902766 0.03440910716243527 0.024407290781700633 0.01474768553263387 0.006789017796000597 0.0009905844458924376 0.001440022799444296 0.0107775231608926 0.0242577116032128 0.03978393556550213 0.0559366962321987 0.07148473114392277 0.07148473114392277 0.0856246687241018 0.0976968975214243 0.10719701011101282 0.11376226402690025 0.11712534478738308 0.11714329253655892 0.11380634108812267 0.10723096248637613 0.09766322128391207 0.0854799254071201 0.07116664712027662 0.07116664712027662 0.05545214284786384 0.039181603084546185 0.02358248680669214 0.010337377683818228 0.0013418079792991559 0.0017041731624176997 0.013128741984140838 0.030432409920202647 0.050382755915948964 0.07115931522260188 0.09132211120063496 0.09132211120063496 0.1097377485471775 0.12555621975690215 0.13809651681894472 0.1468434864601521 0.1514371676679845 0.15166752583681786 0.14750300275063896 0.13909814989536623 0.12676467689126883 0.1109947035065051 0.09245853752193658 0.09245853752193658 0.07203938831114402 0.05094260999499434 0.030596953558153533 0.01317336905434371 0.0016988457903654827 0.0017583831075714627 0.013882636616674228 0.03251792913660624 0.05419794886125147 0.0769183770499863 0.09910354438014231 0.09910354438014231 0.11953379696058453 0.13719708329846433 0.15131000430666564 0.1612607369768659 0.16660568699718015 0.16709243850033192 0.1626674909107015 0.15349187821316793 0.13993068098418152 0.1225297031164205 0.10206462587329124 0.10206462587329124 0.0795391843656052 0.05623750751647244 0.03386690576462353 0.014484520912118722 0.0018419541721647252 0.0017583831075714627 0.013882636616674228 0.03251792913660624 0.05419794886125147 0.0769183770499863 0.09910354438014231 0.09910354438014231 0.11953379696058453 0.13719708329846433 0.15131000430666564 0.1612607369768659 0.16660568699718015 0.16709243850033192 0.1626674909107015 0.15349187821316793 0.13993068098418152 0.1225297031164205 0.10206462587329124 0.10206462587329124 0.0795391843656052 0.05623750751647244 0.03386690576462353 0.014484520912118722 0.0018419541721647252 0.001634092372774129 0.012793837489319938 0.02996179051654833 0.050252439461876075 0.07174563787344587 0.09298104887052862 0.09298104887052862 0.11271851242463651 0.12995241954196055 0.143846872896744 0.15375841476083157 0.1592115118416942 0.1599208133148068 0.15582303482344184 0.14707189393233644 0.134034186370575 0.11727838384843188 0.09757912245998457 0.09757912245998457 0.07595905661563859 0.05368407856633786 0.03236464586417978 0.01400225191078039 0.0018209398025941454 0.001331895370456073 0.010277293273169664 0.023623345683864323 0.03997495763628948 0.057615165168540095 0.07537611234867116 0.07537611234867116 0.092147102619409 0.10697397982183877 0.1190779962936082 0.12782483335223854 0.13275312320018917 0.13357954039812928 0.1302300584629439 0.12284802971292609 0.11177576324319169 0.09754517822480163 0.08088843367354906 0.08088843367354906 0.06273359079155742 0.044206292792832017 0.026711816887132922 0.011803798043017389 0.0015778954902910599 0.0009906842786710827 0.007141307037264292 0.01564563173307597 0.026811768211111513 0.03932623112467047 0.05233898677170965 0.05233898677170965 0.06494056422728443 0.07629735628820966 0.08571007871418274 0.09261199536413471 0.09658016957968377 0.0973589982422834 0.0948817523805652 0.08927478231693578 0.08085009189954302 0.07008438528208474 0.05761928766961317 0.05761928766961317 0.0442699198220826 0.03094077076633412 0.018685538743987602 0.008694541804310195 0.0012421783290175465 0.0006968738256609674 0.004456865381135611 0.008642095846323073 0.015122712740354585 0.022939508930207946 0.03154408277831193 0.03154408277831193 0.04020419452084925 0.04821195153365486 0.05496600969114574 0.05996765487373465 0.0628561082797814 0.06341335106491294 0.061593779661233986 0.057522345286046356 0.05148298343841326 0.04390942363581861 0.035360095100464485 0.035360095100464485 0.02652795391875958 0.018135810354041843 0.010885245058232879 0.005578597254601841 0.0008813773691486891 0.0005653174845654096 0.0030723334705842855 0.0049254505670860505 0.008752334938091463 0.01386997082967332 0.01986521393929193 0.01986521393929193 0.026131494830469094 0.0320327487018736 0.03703827072027605 0.04070897190774708 0.042732183231967986 0.04293518725947029 0.041300113305346185 0.0379687929337168 0.033224804530861046 0.02748192543626372 0.021260575194508257 0.021260575194508257 0.015183720265340475 0.009856746025344722 0.005749849667016043 0.003508010452742071 0.0006362804695021439 0.0006362804696536387 0.0035080104518433654 0.005749849657781807 0.00985674600587999 0.015183720247114948 0.021260575172641412 0.021260575172641412 0.027481925421084456 0.03322480451576189 0.03796879292155139 0.04130011330076804 0.04293518726399058 0.04273218324188825 0.0407089719208017 0.03703827074165318 0.0320327487284167 0.02613149485603658 0.01986521396588016 0.01986521396588016 0.013869970860205106 0.00875233495846295 0.004925450582906168 0.0030723334740333096 0.0005653174851431091 0.0008813773695334463 0.005578597255766142 0.010885245053792951 0.01813581034653772 0.026527953911860927 0.03536009509527792 0.03536009509527792 0.043909423628794346 0.05148298343664556 0.057522345287138184 0.061593779669194104 0.06341335107663966 0.0628561083010417 0.05996765489442402 0.05496600971422999 0.04821195156138819 0.04020419455153495 0.031544082808857565 0.031544082808857565 0.02293950895894604 0.015122712767746767 0.008642095861173453 0.004456865387189147 0.000696873825474385 0.0012421783302804855 0.008694541809790027 0.018685538747937387 0.030940770772967394 0.04426991982439003 0.05761928767626136 0.05761928767626136 0.07008438529142062 0.08085009190791799 0.08927478232892253 0.09488175239445767 0.09735899826769118 0.0965801696030704 0.09261199539404431 0.0857100787407581 0.07629735631664024 0.06494056425633712 0.05233898679967069 0.05233898679967069 0.039326231153583295 0.02681176823431056 0.015645631748727542 0.007141307042027797 0.000990684279794924 0.0015778954913217116 0.011803798049895932 0.02671181689556967 0.04420629280352548 0.0627335908055462 0.08088843368654747 0.08088843368654747 0.09754517823926062 0.11177576326102888 0.12284802973300608 0.13023005848449956 0.13357954042499715 0.1327531232312285 0.12782483337909592 0.11907799632469106 0.10697397984727633 0.09214710264539834 0.07537611237351437 0.07537611237351437 0.057615165192075 0.03997495765651265 0.02362334569601505 0.010277293277413552 0.0013318953703818207 0.0018209398028055633 0.014002251915683982 0.03236464587675342 0.05368407857921926 0.07595905663303078 0.09757912248114574 0.09757912248114574 0.11727838387030552 0.13403418639314 0.14707189395658699 0.15582303485101526 0.1599208133430587 0.15921151187150093 0.1537584147886809 0.14384687292106518 0.12995241956440062 0.11271851244818666 0.09298104888894641 0.09298104888894641 0.07174563789127182 0.050252439476423334 0.029961790526395964 0.012793837493897179 0.0016340923739332673 0.001841954173123474 0.014484520914585679 0.03386690577340445 0.056237507532287144 0.07953918438277653 0.10206462589510369 0.10206462589510369 0.12252970314189143 0.13993068100824588 0.1534918782372164 0.1626674909344389 0.16709243852528435 0.16660568702319783 0.16126073699919838 0.15131000432707423 0.13719708331438088 0.11953379697378039 0.09910354439302682 0.09910354439302682 0.07691837705810205 0.05419794887168734 0.032517929142372184 0.013882636617083614 0.001758383107738909 0.001841954173123474 0.014484520914585679 0.03386690577340445 0.056237507532287144 0.07953918438277653 0.10206462589510369 0.10206462589510369 0.12252970314189143 0.13993068100824588 0.1534918782372164 0.1626674909344389 0.16709243852528435 0.16660568702319783 0.16126073699919838 0.15131000432707423 0.13719708331438088 0.11953379697378039 0.09910354439302682 0.09910354439302682 0.07691837705810205 0.05419794887168734 0.032517929142372184 0.013882636617083614 0.001758383107738909 0.0016988457910453942 0.013173369060232022 0.03059695356448929 0.05094261000577784 0.0720393883293668 0.0924585375407268 0.0924585375407268 0.11099470352719795 0.1267646769140147 0.1390981499154599 0.14750300277069084 0.1516675258553064 0.15143716768641444 0.14684348647673484 0.13809651683305765 0.12555621976453551 0.10973774855251657 0.09132211120207519 0.09132211120207519 0.07115931522643262 0.05038275591541295 0.030432409922286845 0.013128741984752995 0.0017041731622429632 0.001341807980178745 0.010337377685177406 0.023582486813818016 0.03918160309203636 0.05545214285900001 0.07116664713563113 0.07116664713563113 0.08547992542299825 0.0976632212996574 0.10723096250239297 0.11380634110211736 0.1171432925505828 0.11712534480060977 0.1137622640382315 0.10719701011893858 0.09769689752363094 0.08562466872207782 0.0714847311396255 0.0714847311396255 0.055936696228118844 0.039783935563736696 0.02425771159802194 0.010777523157570652 0.0014400227992735419 0.000990584446407242 0.0067890177993083865 0.014747685533126841 0.024407290787852233 0.03440910716729105 0.04417322136230299 0.04417322136230299 0.053030686920394816 0.06063252969214801 0.066602858751288 0.0707571000562499 0.0729122142036471 0.07300526754290662 0.07102912461180076 0.06707101284465138 0.06127537411131418 0.05387784463322755 0.045155864595746165 0.045155864595746165 0.03553155551047712 0.025511023911144515 0.01575798349047074 0.007429953698214032 0.0010556752684650617 0.000624695441468768 0.003887410715436553 0.006953759496801693 0.010978951858359242 0.015185220840898926 0.01926988995883185 0.01926988995883185 0.023085195884857163 0.02633128436470762 0.02895645475572945 0.030773493669999343 0.03178216137256373 0.031877492429442406 0.031113939014554493 0.029472852662858318 0.027059595150557197 0.023933848459150628 0.02025932546952894 0.02025932546952894 0.01618001510341425 0.011949655950251171 0.007828373595453766 0.004366989652855843 0.0007761474931609831 0.00019252244309753483 0.0006253365531024446 0.0010202391330474201 0.0014519425770465253 0.001988795738097379 0.0024714890974016812 0.0024714890974016812 0.0029593204704888845 0.003355700556723682 0.003693145489631872 0.00391831518174681 0.004050292444094629 0.004065718116528674 0.00397013402829995 0.0037744224497527836 0.003465757180191502 0.003090407114386617 0.002620786050614455 0.002620786050614455 0.002134625430682617 0.001605235768519636 0.0011020830658104695 0.0007690182819059838 0.00027437953352018105
</DataArray>
        <DataArray type="Float64" Name="Mode_3_phi1" NumberOfComponents="1" format="ascii">
 2.197375744006424e-6 -1.379080516782386e-6 -2.1973757393765965e-6 1.3790805118395958e-6 2.3420637490031865e-5 -1.2948211010675908e-5 5.746898270208287e-6 -2.049183032865902e-6 3.0527762968717343e-6 -1.7042311559134075e-6 1.254111459704282e-6 -2.0604762122116453e-6 -8.234809950062935e-8 -1.8601905311167062e-6 2.469485490751653e-8 -1.14504907118518e-6 1.5427003002297972e-6 -8.678478993683389e-7 3.4329060118267203e-6 -2.0564464994585757e-6 4.84953014441313e-6 -5.134322217507309e-6 6.573871402581467e-6 -9.734308132030145e-6 1.0963865920889695e-5 -1.7093185643336282e-5 2.6016618460230558e-5 -3.4328227597716126e-5 -1.197925387515402e-5 1.1033105187945027e-5 -4.687859791113847e-6 4.740026672161265e-6 -2.579139946985563e-6 1.0987747259210906e-6 -2.271381555919667e-6 -8.504973918361436e-7 -2.347684883861685e-6 -1.914339910008256e-6 -2.345658571948146e-6 -2.505521293933144e-6 -2.0503727170793097e-6 -2.864037404908741e-6 -1.2566425515968493e-6 -3.218345427916161e-6 3.041034551879019e-7 -3.8245941088465866e-6 3.0963237134361252e-6 -5.307423478063079e-6 8.458140313868081e-6 -9.748792345114886e-6 1.59577426191682e-5 -1.174862491009423e-5 -2.3420637495011518e-5 1.294821102490488e-5 -5.746898271552647e-6 2.0491830274968138e-6 -3.052776300033854e-6 1.7042311876090617e-6 -1.2541115509594138e-6 2.06047633565605e-6 8.234799123316923e-8 1.8601906087581873e-6 -2.4694905218972095e-8 1.1450490956501386e-6 -1.5427002953078761e-6 8.678478695785037e-7 -3.4329059739522515e-6 2.05644649975883e-6 -4.849530193897203e-6 5.134322258617146e-6 -6.573871398335988e-6 9.734308106582159e-6 -1.0963865899646944e-5 1.7093185628220894e-5 -2.6016618444780216e-5 3.4328227581443166e-5 1.1979253875808234e-5 -1.1033105175492294e-5 4.687859747874699e-6 -4.740026592407487e-6 2.5791398220510615e-6 -1.0987745821795802e-6 2.2713814342727363e-6 8.504974877779479e-7 2.347684828742475e-6 1.9143399147646033e-6 2.345658607088628e-6 2.5055212332586007e-6 2.0503727783794738e-6 2.8640373570660596e-6 1.256642557459231e-6 3.2183454455010405e-6 -3.041034693428357e-7 3.824594142305601e-6 -3.0963237621036738e-6 5.307423516351631e-6 -8.458140331594246e-6 9.748792381005842e-6 -1.5957742656628797e-5 1.1748624924644164e-5 0.018109160510950673 0.0340691424831069 0.06655941379747267 0.09533705179095138 0.13111468043688165 0.1638405390007554 0.19723486882489594 0.22575172490937007 0.2510516594061736 0.2701619897754237 0.2837812136146533 0.29054960316222234 0.29079427455591245 0.2842323344161366 0.2711366551362486 0.2521308197098478 0.22749547014853616 0.19890393360970968 0.16647857080362266 0.13348695197209687 0.09918839036220778 0.06955256670418725 0.040273683415863626 0.02155324615428878 0.012260711091781465 0.07469442469647818 0.15182931204844025 0.24490899716732303 0.34249693511072105 0.4400707688004021 0.5305038002419493 0.6118869471783451 0.6796261645774717 0.7325913781001232 0.7682602579648307 0.7859860031763404 0.784978088989031 0.7652397350802342 0.7276204107163575 0.6727660485249431 0.6034091773529735 0.5206393549148846 0.4293846059571575 0.3322749341057339 0.23387987362274576 0.1464887331666954 0.06658130245821542 0.009722094527011763 0.013047930900503041 0.0584801147846899 0.156059802553984 0.2761351641875836 0.4023762196163719 0.5276055874416028 0.6454627770805966 0.7505613706470043 0.8397223701603863 0.9094226676173683 0.9577763901277 0.983003195557544 0.9842497628165463 0.9615680986041564 0.915097537397336 0.846973951933747 0.7580167039297343 0.6530316956243718 0.5334832449115693 0.4069788497515338 0.27936145428317616 0.15738557473993875 0.06130958093809998 0.015265289387330211 0.01145182041729261 0.07012267895255113 0.16600278103746804 0.28320103653145995 0.40758798100095944 0.5326532755333282 0.6508688986469704 0.7576751802102962 0.848661471826206 0.920570282939717 0.9708432051873159 0.9976496722833781 0.9999999998516185 0.9776508886116712 0.9313127105180345 0.8621365024910528 0.7730716120570806 0.6662480469609291 0.5474502922508159 0.419908179759212 0.29254794296160513 0.1718990001820689 0.07164673867487656 0.010411003850170684 0.008887902781759183 0.04711835909879352 0.11655291868107122 0.20293114586213198 0.2946367836938253 0.38770050115102017 0.4774582047568451 0.5594545506816196 0.6305097773794875 0.6876169447429045 0.728423467551066 0.7513512673680843 0.7553360785324746 0.7400660965133954 0.7059878926624568 0.654206992949563 0.5864844448111749 0.5058004928903544 0.4147708699065647 0.3184749778365578 0.22119822047455157 0.12812237178196897 0.052305823865866054 0.010573241977219287 0.0028903703138658367 0.018113833672533147 0.04354016138534974 0.07678189635814138 0.11510270586387421 0.15575663009810953 0.19693191852689967 0.23660601606425583 0.27231817591482277 0.3023079486830753 0.32491770914018236 0.3388500980109162 0.34337887334310285 0.33814672656246103 0.323276541454262 0.29950161303416434 0.2678882974920655 0.22997021615234967 0.18794085900123364 0.14321678388436473 0.09960657278947548 0.05793155495313913 0.022922064154397268 0.0029238389426488724 -0.0024334219097622493 -0.01668037907525629 -0.04064545276381571 -0.06686597801111335 -0.09005412124291351 -0.1092714603385999 -0.12353325243039115 -0.1333560944981557 -0.13897796113021818 -0.14131583886563936 -0.14098801026342636 -0.13859734427971615 -0.13466086982862233 -0.1294067966826336 -0.1229033047536008 -0.11506630586149565 -0.10556615667432305 -0.09409432160327867 -0.0803987303668359 -0.06426152319003979 -0.04631972470513652 -0.0277555981489036 -0.011163738025099724 -0.0011331441585573278 -0.007916376497551053 -0.045855611016643066 -0.11216708093309757 -0.19003334901317012 -0.26565028952105774 -0.33690430679280836 -0.39978967276056054 -0.4529653176301143 -0.49569956407375226 -0.5273163529945004 -0.5477118047758254 -0.5568067383059557 -0.5546330661394936 -0.5413528552066528 -0.5171541316064473 -0.4823291944427396 -0.4373572811088946 -0.3829202770142831 -0.3200646363617779 -0.25064852542893845 -0.17753796263683888 -0.104337341774243 -0.04363304272655984 -0.008084244155845357 -0.010339593752243706 -0.062214931477791585 -0.1521703300684091 -0.25853350558698673 -0.364815618418701 -0.466259616689419 -0.5581620563591417 -0.6379524505025462 -0.7037371022748556 -0.7543328978917301 -0.7887313458541958 -0.8063601382841853 -0.8068878585147619 -0.7902276016644577 -0.7565962079346907 -0.7064965612995414 -0.6407775559814598 -0.5607489846123003 -0.46833912069470346 -0.3662047369941813 -0.2593464482930769 -0.15288124122683994 -0.06266042195860701 -0.0102941494117121 -0.010435794186920753 -0.06091073173077704 -0.14879189685527194 -0.2543148663081152 -0.36024248174113493 -0.4626672341317513 -0.5565140766384506 -0.6391782838287036 -0.7085437914755195 -0.7629445629857488 -0.801210299988493 -0.8223845916593443 -0.8258638022254717 -0.8113703634119228 -0.7789539950538914 -0.7290500493081973 -0.6625129215859664 -0.580720592980824 -0.4856834001308646 -0.38022729956744433 -0.26976543032815664 -0.15878749922746568 -0.06563486886286302 -0.011602122334430812 -0.007137667225952223 -0.042924262774518954 -0.10457828820119237 -0.1786578773740522 -0.25474169748319847 -0.32881736389842403 -0.39791241548914846 -0.45975856667416787 -0.5127579349513987 -0.5555237978913031 -0.5868755454334387 -0.6059063929695008 -0.6118945753466406 -0.6043682849258332 -0.58314534362637 -0.5483534796493316 -0.500472912567043 -0.44044195318787793 -0.3697546072115116 -0.2904028007942642 -0.20666361553098586 -0.12219382690906762 -0.05003962453041514 -0.008349130043000929 -0.0022223077533507197 -0.012519028169160033 -0.03029485845577252 -0.05317696566676351 -0.07761545553595026 -0.10258418550261332 -0.1272938994549514 -0.15092306685171397 -0.17270934669446691 -0.19195398808787786 -0.20794303496720148 -0.2199646370573064 -0.22738076172776978 -0.2296263639457541 -0.2262382322366536 -0.21692763697226075 -0.20159714077971147 -0.18036886311096 -0.15373252137176807 -0.12231296490925561 -0.08831903326930812 -0.0524020783559967 -0.021503819893402745 -0.00389801452977649 0.003898014542588837 0.021503819946119714 0.05240207846499988 0.08831903334737325 0.12231296519886288 0.15373252158725054 0.18036886339920144 0.20159714101284362 0.21692763726691802 0.22623823249718333 0.22962636422644223 0.22738076201153454 0.21996463733104124 0.20794303518516433 0.19195398822497706 0.17270934684429973 0.15092306702568145 0.12729389955447848 0.10258418569292718 0.07761545553594584 0.0531769658111672 0.030294858523382595 0.01251902821520169 0.0022223077675912217 0.008349130049841034 0.05003962457882035 0.12219382703209655 0.2066636158065071 0.29040280108470595 0.3697546075434103 0.440441953450409 0.5004729128824786 0.5483534799337114 0.5831453439395197 0.6043682851239482 0.6118945755613652 0.6059063931834983 0.586875545567898 0.5555237979940917 0.5127579349449443 0.4597585667303279 0.39791241556281354 0.3288173638284756 0.2547416975841718 0.17865787736178346 0.1045782882157055 0.042924262777412785 0.0071376672235830795 0.011602122362912097 0.06563486894698216 0.15878749940623132 0.2697654305821105 0.3802272997809337 0.485683400374499 0.5807205932980052 0.6625129218444868 0.7290500495511655 0.778953995220829 0.8113703636357956 0.8258638024179058 0.8223845917679287 0.8012103001473858 0.7629445630609238 0.7085437915442295 0.6391782837726248 0.5565140765525215 0.46266723412376215 0.3602424816344386 0.25431486626362937 0.14879189683257524 0.06091073171930227 0.010435794201533042 0.010294149413044882 0.06266042196510054 0.15288124127455197 0.25934644837742477 0.3662047371795404 0.4683391208739111 0.5607489847073994 0.6407775561366863 0.7064965614883235 0.7565962081204456 0.7902276017813238 0.806887858596023 0.8063601383779047 0.7887313458307272 0.7543328979356229 0.7037371022160742 0.6379524504301 0.5581620563092369 0.46625961656084697 0.36481561833508475 0.2585335054926389 0.15217033000055377 0.06221493145909933 0.010339593732553432 0.008084244135715613 0.04363304270270958 0.10433734183070219 0.17753796269063704 0.250648525490405 0.3200646364906866 0.3829202772007029 0.4373572812598255 0.48232919453187206 0.5171541317152241 0.5413528553118956 0.5546330661584226 0.5568067382825842 0.5477118047698609 0.5273163528693277 0.4956995639698712 0.45296531758427255 0.39978967262545756 0.3369043066636952 0.2656502893722872 0.1900333489043651 0.1121670809144334 0.0458556110303279 0.007916376524101472 0.0011331441794954745 0.011163737966205265 0.02775559807605919 0.046319724722171884 0.06426152320148283 0.08039873037132322 0.09409432164616803 0.10556615671525578 0.11506630589167252 0.1229033047154029 0.12940679658356846 0.13466086974441088 0.13859734418913083 0.1409880101323839 0.14131583876914938 0.13897796100645837 0.13335609427479794 0.12353325225551459 0.10927146014825057 0.09005412108547292 0.06686597792184036 0.040645452645660066 0.016680378978474426 0.0024334218750551462 -0.002923838926617071 -0.022922064100281234 -0.05793155495016656 -0.09960657289682849 -0.1432167839145752 -0.18794085901357832 -0.22997021624816735 -0.26788829756334004 -0.29950161309077705 -0.32327654153952123 -0.3381467266554879 -0.34337887349133545 -0.3388500981915363 -0.32491770928004354 -0.3023079488304795 -0.27231817609501063 -0.2366060162512292 -0.19693191875335353 -0.15575663028189368 -0.11510270602900574 -0.07678189656900067 -0.04354016142922105 -0.01811383365298631 -0.00289037033385372 -0.010573241981560563 -0.052305823934039763 -0.12812237182332953 -0.22119822049242374 -0.3184749779553862 -0.4147708700315067 -0.5058004929735518 -0.5864844449340422 -0.6542069930949306 -0.7059878927647716 -0.7400660966466838 -0.7553360786427483 -0.7513512674755223 -0.7284234676723063 -0.6876169448794666 -0.6305097775198952 -0.559454550835631 -0.4774582049315422 -0.3877005012961974 -0.2946367838361995 -0.20293114593056363 -0.1165529188396601 -0.04711835919119396 -0.008887902792505212 -0.01041100384519625 -0.07164673866992405 -0.17189900024601126 -0.2925479430820045 -0.4199081798494623 -0.5474502924199348 -0.6662480471256199 -0.7730716122032121 -0.8621365026103903 -0.9313127106833962 -0.9776508887345082 -1.0 -0.9976496724442553 -0.9708432053095323 -0.9205702830738572 -0.8486614719382127 -0.7576751802984502 -0.6508688987261028 -0.5326532756309285 -0.40758798104982635 -0.2832010365948223 -0.16600278103795998 -0.07012267894329702 -0.011451820425257848 -0.01526528938798829 -0.06130958095242025 -0.15738557475127268 -0.2793614542766428 -0.40697884985226085 -0.5334832449956926 -0.6530316958137784 -0.7580167041000926 -0.8469739521453571 -0.915097537544552 -0.9615680987566588 -0.9842497629437374 -0.9830031956531873 -0.9577763902489388 -0.9094226676938678 -0.839722370210933 -0.7505613706859895 -0.645462777077908 -0.5276055874228156 -0.4023762196187399 -0.27613516422774775 -0.15605980256898005 -0.05848011480136436 -0.013047930894666833 -0.009722094526455059 -0.06658130246300832 -0.14648873319982483 -0.2338798736849008 -0.3322749341503098 -0.42938460606386186 -0.5206393549741611 -0.603409177457906 -0.6727660485966103 -0.7276204108011394 -0.7652397351683611 -0.7849780890418669 -0.7859860032523631 -0.7682602580142556 -0.7325913781188601 -0.6796261645699395 -0.6118869470946858 -0.5305038001435127 -0.4400707686856399 -0.34249693504275863 -0.24490899706910144 -0.1518293119968837 -0.07469442461414404 -0.012260711074451253 -0.021553246162359384 -0.040273683442283555 -0.06955256674781647 -0.0991883903839764 -0.1334869520180571 -0.1664785707761656 -0.1989039336279533 -0.22749547012989485 -0.2521308197281227 -0.2711366551497105 -0.2842323344233469 -0.29079427458785717 -0.29054960316614986 -0.28378121363771114 -0.2701619897696692 -0.2510516593656297 -0.22575172485933598 -0.1972348687676992 -0.16384053896071687 -0.13111468036760493 -0.09533705172360532 -0.06655941374039369 -0.034069142469280236 -0.018109160502967844
</DataArray>
        <DataArray type="Float64" Name="Mode_3_phi2" NumberOfComponents="1" format="ascii">
 2.0283020699313592e-6 1.3978499030650342e-6 -2.0283020698996027e-6 -1.3978499073193542e-6 1.2380831696499072e-5 -1.5745776841756893e-5 1.1520794375664672e-5 -7.07252240605194e-6 8.876078313418753e-6 -1.384901194303863e-8 6.9931122399827675e-6 9.687044075043104e-7 2.5370954162626477e-6 -2.0339249177261556e-6 -2.3355007617063946e-6 -4.352029700271557e-6 -3.7729508931073595e-6 -2.7527567539539673e-6 -1.1046237483521596e-6 1.739521402614312e-6 2.4098074725248527e-6 5.331522940995719e-6 2.419116009496773e-6 5.72597058077008e-6 -2.686792249632328e-6 5.7912048755085e-6 -1.0716558556880014e-5 1.2312770436741986e-5 3.35707526385873e-5 -2.5646747134179775e-5 1.637296622793387e-5 -1.126106907212689e-5 9.072389530893984e-6 -6.39818583970279e-6 5.413439745833559e-6 -3.765263746125043e-6 3.1518281223359623e-6 -2.1385665395111285e-6 1.6913244039247833e-6 -1.1692776332656988e-6 8.900304518541391e-7 -8.872339324565713e-7 8.282461587198734e-7 -1.3161083402163565e-6 1.3600705478272838e-6 -2.234340334818453e-6 2.242859808526663e-6 -3.5184209901429992e-6 3.6640754761130215e-6 -6.443640568151932e-6 1.3774515503592545e-5 -2.3253153604026026e-5 -1.2380831695585396e-5 1.5745776816835554e-5 -1.152079436092799e-5 7.072522429600569e-6 -8.876078355326333e-6 1.3849069128426255e-8 -6.993112333269556e-6 -9.687042536264393e-7 -2.53709563024968e-6 2.0339251401302506e-6 2.3355005716650225e-6 4.352029831154538e-6 3.7729508033104635e-6 2.752756798276718e-6 1.1046237377386845e-6 -1.73952138716697e-6 -2.4098074881525263e-6 -5.331522878779617e-6 -2.4191161601765763e-6 -5.725970382005761e-6 2.686792083265941e-6 -5.791204774815947e-6 1.0716558512223012e-5 -1.231277041547155e-5 -3.35707525984354e-5 2.5646747080215706e-5 -1.6372966163156087e-5 1.1261068998917919e-5 -9.072389463640697e-6 6.398185783838558e-6 -5.413439695525764e-6 3.765263693535671e-6 -3.1518280638303645e-6 2.1385664744713568e-6 -1.6913243465929117e-6 1.1692775910083792e-6 -8.90030396239218e-7 8.87233855122546e-7 -8.282460698628838e-7 1.3161082396325296e-6 -1.360070449721415e-6 2.2343402595445803e-6 -2.242859756095637e-6 3.518420950528019e-6 -3.664075459498607e-6 6.443640570945291e-6 -1.3774515503361234e-5 2.3253153596712486e-5 0.018041938910338024 0.012905657041678184 0.015608344031781528 0.016077421878899406 0.017804108817820526 0.01645500645016504 0.015941785786614704 0.013409344219310428 0.011352144955737215 0.008136388979274883 0.0051976732411462044 0.0016037727445135823 -0.0015169614266349648 -0.005318814449707558 -0.007907010563867934 -0.011657697423370675 -0.013012036467365354 -0.016386802795460315 -0.01565657591917641 -0.018409137509692995 -0.014599593742521724 -0.017100221844469375 -0.010472933762666323 -0.021412531169848873 0.03270955547187628 0.07501408674485445 0.06715281246216091 0.08534133072806056 0.0843155953835807 0.08218804880305101 0.07513320910852617 0.06535233563889656 0.053097037836601337 0.0392175020016946 0.02379079183759872 0.007919578437769057 -0.008467145284826585 -0.024647280165703604 -0.03969675856032171 -0.054162359756026526 -0.06563455706477982 -0.07603772104479337 -0.0816035247460504 -0.08388798953860807 -0.08413098614675626 -0.06554304740372394 -0.06750423680331775 -0.03911245938059221 0.06213357482164695 0.14843152191953748 0.1689098468420723 0.19575723332451084 0.19755661836979357 0.19076263318462267 0.17459325260169584 0.15183385489471918 0.12335079762351611 0.09133821230642304 0.05569141552317176 0.01894867239720434 -0.01914252834905463 -0.056166647515377206 -0.09205088589720395 -0.12442195873216157 -0.1532554896995387 -0.17574525836444035 -0.1918352267953701 -0.19695619139186052 -0.19571600435706965 -0.16361012051103335 -0.14594578657429477 -0.06593265648814817 0.08369727109067437 0.22923570293775433 0.28301742469514296 0.31858513363605717 0.32543427050877455 0.31356714897961896 0.2879674251779077 0.25066569994477206 0.20479976249270954 0.15175331641900736 0.09402679313457962 0.032839605579196025 -0.029284369987350897 -0.09101458308242592 -0.14981949900655553 -0.20411327209177071 -0.2514293675893211 -0.2896507455862019 -0.31631715283557654 -0.32672103509990136 -0.3213315181325904 -0.28050198292396866 -0.22597249351191437 -0.08971543934608357 0.10669226737189551 0.29783985367326465 0.3805822386861342 0.4243716232155647 0.43566839709532973 0.42139086051832203 0.38806399659979457 0.33935351092972377 0.2781361210673121 0.20739227322637774 0.1294578719158851 0.047091340641846356 -0.03721565150177541 -0.12067510562194389 -0.2005908481633426 -0.2741131542301497 -0.3382395328951114 -0.39006680179496295 -0.4257119981754236 -0.44097641429736745 -0.43172586207806773 -0.3832169760543163 -0.3016589666031523 -0.11201231154251806 0.11765917183794063 0.3377566444664771 0.4365260447206712 0.48773624483581046 0.5023265083080622 0.48847782075779417 0.45195146250853224 0.39709174398932706 0.3271848639030313 0.24535801485533099 0.15478741414824607 0.05847894221886182 -0.04028512765617026 -0.13825813328160133 -0.23208270137305864 -0.3182793003942093 -0.3934035595887033 -0.4535904149277798 -0.49520643874680326 -0.5125094661714609 -0.5012826790876109 -0.44802001824890914 -0.3484692051043995 -0.12416323415014793 0.11993314516579642 0.3372525557896291 0.4379339256984292 0.49366421402036714 0.5113994554379873 0.5007990923593081 0.4665281558122667 0.41236748703099113 0.3419004949374349 0.2582276300473327 0.16468003952765864 0.06469574010326658 -0.03824837031901251 -0.14050125105692515 -0.23834834164985194 -0.32805762391241083 -0.4057819145645128 -0.4676667940475449 -0.50947215346475 -0.526875293145763 -0.5125581229016125 -0.4597955528311684 -0.35568358422786633 -0.12590078406413938 0.10913472630715179 0.29903232972065263 0.38468548103349576 0.4431766385526845 0.46295486869554026 0.4588489934574321 0.43131196942484284 0.3846076665885526 0.3213389653027874 0.24476500268064622 0.15801223160031913 0.06451437801398105 -0.032118866229962004 -0.12823410437263075 -0.22003641525904089 -0.3037588525125733 -0.375634207341421 -0.4319116723960477 -0.4686947759103555 -0.482047097791841 -0.46655064531758617 -0.41398516138138625 -0.3234813495784158 -0.11541977217477785 0.09137911912075079 0.23234364899105867 0.29291036478461957 0.3513956546986377 0.37268606848749686 0.37644670854538465 0.35904973231707527 0.32395004579108977 0.27356657626393693 0.21041259143779775 0.13759198874014153 0.05823835206198767 -0.024205983371488486 -0.10621248104523812 -0.18420788965839932 -0.25463042074831654 -0.31401631681063763 -0.3590088870308252 -0.3862972652231786 -0.3929297299676523 -0.375546718630303 -0.32596646016564534 -0.2592253511931064 -0.09676693083973656 0.06971139448450789 0.15727095819584438 0.1880787014736003 0.2448161674551204 0.2670000098301282 0.2783229335126742 0.27147123758541225 0.24920577610978906 0.21325321284172807 0.16585243641721323 0.10962161712206896 0.047515896465027595 -0.017370786896640754 -0.0817898910230493 -0.14248216319904003 -0.1962562836259875 -0.2400393553295525 -0.2710960078790433 -0.28670418092796623 -0.28488959539622005 -0.26630042292893386 -0.21817177328063844 -0.18187306629047112 -0.0743513047515964 0.05167871335494307 0.09413801882864606 0.10003032173414311 0.153703462691843 0.17604129723270479 0.19279393817866153 0.1940831397486699 0.18208114966237582 0.1580743728203629 0.1239215967197227 0.08202663375252427 0.035019697452232254 -0.014233014923849398 -0.062804236019085 -0.10774754366408126 -0.1462371380533679 -0.1756113020168432 -0.1936608137166624 -0.19842495974687202 -0.18836452973607687 -0.16843648955116003 -0.12131314515795684 -0.11145662956010849 -0.05459573628707267 0.04148181465787866 0.06114772060926785 0.05319278078818748 0.10366306163879473 0.12563041118932122 0.14407350756766457 0.1489352266421062 0.14168139442373928 0.12360091346582637 0.09635541721599979 0.06224482658377991 0.023776358478445853 -0.016355970255650325 -0.0553760627455972 -0.09057225684454263 -0.1193492838548432 -0.13935503990297501 -0.14874051276220968 -0.14606738393544683 -0.13002481061430088 -0.10892182787957694 -0.06079209712659012 -0.06739931906110981 -0.04261562729011266 0.04261562727346083 0.06739931898045759 0.06079209692150159 0.10892182768254213 0.1300248106281623 0.14606738389194787 0.1487405128722691 0.1393550399044614 0.11934928392996524 0.0905722570003435 0.055376062926807045 0.01635597038921589 -0.023776358331596383 -0.06224482650093291 -0.0963554170374209 -0.1236009134020435 -0.1416813944242899 -0.14893522659070876 -0.14407350752417436 -0.12563041133987177 -0.10366306178423179 -0.05319278105981824 -0.06114772073214057 -0.04148181465861737 0.054595736319653594 0.11145662953653566 0.12131314497805797 0.16843648950214554 0.1883645297435966 0.19842495976230817 0.19366081373964245 0.17561130208171863 0.14623713810403777 0.10774754380536915 0.06280423615470362 0.014233015097781996 -0.035019697365973684 -0.08202663371007823 -0.12392159664242901 -0.15807437271764616 -0.18208114963339156 -0.19408313975024352 -0.1927939381724473 -0.17604129733603602 -0.15370346286917352 -0.100030322011617 -0.09413801897737922 -0.051678713420186005 0.07435130480820556 0.18187306632888592 0.2181717732136138 0.2663004229933577 0.284889595317698 0.2867041810169412 0.2710960078988071 0.24003935537347748 0.1962562836874141 0.1424821632816955 0.08178989115210465 0.01737078709269705 -0.04751589648107718 -0.10962161703173198 -0.16585243645812595 -0.21325321277688558 -0.24920577608441496 -0.2714712376156995 -0.27832293350761933 -0.2670000098862131 -0.24481616769350467 -0.18807870167425905 -0.15727095838392008 -0.06971139447162218 0.0967669309077462 0.25922535130026486 0.3259664601871736 0.37554671866145284 0.392929729984224 0.3862972652567568 0.3590088870637621 0.3140163168251105 0.2546304208395772 0.18420788964509635 0.10621248124716885 0.024205983400338242 -0.0582383519666606 -0.1375919888173336 -0.21041259137015808 -0.2735665763681361 -0.3239500457655243 -0.3590497323536577 -0.3764467085491224 -0.3726860686006028 -0.35139565484320523 -0.29291036502676593 -0.23234364908886324 -0.09137911920049756 0.11541977223858564 0.3234813496902285 0.41398516151013276 0.46655064532846297 0.4820470978979058 0.46869477594269526 0.4319116724301379 0.3756342073898557 0.30375885254702234 0.22003641531450885 0.12823410442662875 0.032118866319383946 -0.06451437805978395 -0.15801223160729763 -0.24476500273157248 -0.32133896538096846 -0.38460766653803397 -0.43131196953328077 -0.4588489934731158 -0.46295486875173236 -0.44317663869166507 -0.38468548117316503 -0.299032329838922 -0.1091347263073834 0.12590078411133712 0.35568358432639485 0.45979555297191266 0.5125581229957799 0.5268752931989216 0.5094721535633002 0.46766679410510936 0.4057819145583352 0.3280576239148896 0.23834834169164118 0.14050125106722927 0.03824837035425796 -0.06469574010016906 -0.16468003963062464 -0.2582276300997172 -0.3419004949969581 -0.41236748707510257 -0.4665281558631715 -0.5007990924338749 -0.5113994554557646 -0.4936642140974502 -0.4379339258433077 -0.33725255585601766 -0.11993314519067687 0.12416323415936345 0.34846920523027103 0.4480200183144542 0.5012826792096247 0.5125094662832583 0.49520643880265325 0.45359041498964864 0.3934035595919237 0.31827930038001784 0.23208270134386916 0.1382581332862773 0.040285127664185245 -0.05847894225179777 -0.15478741420421385 -0.24535801491189535 -0.327184864051143 -0.39709174401658887 -0.4519514625747949 -0.48847782078689195 -0.5023265083086815 -0.4877362448883915 -0.43652604478061097 -0.33775664450225246 -0.11765917183488389 0.11201231163663465 0.30165896661252745 0.38321697617959 0.4317258621257292 0.44097641442865393 0.4257119982193345 0.3900668018306394 0.3382395329268049 0.27411315418729426 0.20059084816011075 0.12067510557910512 0.037215651510365495 -0.04709134067503927 -0.12945787196036943 -0.207392273324174 -0.2781361212072374 -0.3393535109962996 -0.38806399668398744 -0.4213908604688039 -0.4356683971534119 -0.4243716231893651 -0.38058223872539654 -0.2978398536365536 -0.10669226736942505 0.0897154393505747 0.2259724936015785 0.28050198291560857 0.3213315182290729 0.32672103512691636 0.31631715291959184 0.2896507456025829 0.25142936760319484 0.20411327208529023 0.14981949896412736 0.0910145830822052 0.02928436995398534 -0.032839605591753744 -0.09402679317909735 -0.15175331652846114 -0.2047997625989291 -0.2506657000386634 -0.2879674252214724 -0.3135671489844493 -0.3254342704418506 -0.31858513368645225 -0.28301742467991214 -0.22923570286572567 -0.08369727105835631 0.06593265653249755 0.14594578660255797 0.16361012051563045 0.19571600441982923 0.1969561913957497 0.19183522681295853 0.1757452583899496 0.1532554897376241 0.12442195869211198 0.09205088591067166 0.05616664749263888 0.019142528349455293 -0.01894867241575693 -0.055691415552168305 -0.09133821239476564 -0.12335079770973228 -0.15183385495943072 -0.17459325265509928 -0.1907626331542843 -0.19755661835589108 -0.19575723333653577 -0.16890984681950996 -0.14843152184776495 -0.06213357478968416 0.039112459401557186 0.06750423683026932 0.0655430474120994 0.08413098613534127 0.08388798955843192 0.08160352467215998 0.07603772110087623 0.06563455704650593 0.0541623597596741 0.03969675854749649 0.02464728019408875 0.008467145266879698 -0.0079195784497374 -0.02379079187406804 -0.039217502042386214 -0.05309703791055692 -0.06535233563877453 -0.07513320915211291 -0.08218804875583473 -0.08431559542118963 -0.08534133072134202 -0.06715281241057876 -0.07501408668292359 -0.0327095554754428 0.021412531182392662 0.01047293375475152 0.017100221855019828 0.014599593725598827 0.018409137522132957 0.015656575912718105 0.01638680280517667 0.013012036462752412 0.01165769743861949 0.007907010559626842 0.005318814477384223 0.0015169614427241159 -0.0016037727263143045 -0.005197673255832283 -0.008136388968700222 -0.011352144979990758 -0.013409344202949614 -0.015941785806728295 -0.016455006455507126 -0.017804108838799813 -0.016077421882685846 -0.015608344028190998 -0.012905657043594284 -0.018041938916434363
</DataArray>
        <DataArray type="Float64" Name="Mode_4_w" NumberOfComponents="1" format="ascii">
 -3.1436704557665665e-7 -5.740096806671076e-7 -3.143670452262747e-7 -5.740096802070876e-7 9.729442356055357e-7 -4.367826937567649e-7 9.05058214438674e-9 -8.710009528450025e-7 -1.0030186012313283e-6 -1.3051578550443019e-6 -1.3051578550443019e-6 -1.6573040495206031e-6 -1.8262353378446447e-6 -1.6885830763525885e-6 -1.0947934911363686e-6 -3.2556787354569275e-7 5.293280354643999e-7 1.2318277255490771e-6 1.66275629988724e-6 1.7142636794753974e-6 1.5199829917943154e-6 1.05787513172709e-6 1.05787513172709e-6 1.1027723660777716e-6 3.334471045846059e-7 5.193108319903739e-7 -4.305412481066327e-7 -2.0376907874245015e-7 2.955069066034159e-7 -3.519176719943438e-7 4.188000862201581e-7 -6.447230587321086e-7 -1.1717007930367499e-7 -5.623081594019401e-7 -5.623081594019401e-7 -3.1758728503219194e-7 -3.151944423288137e-7 -2.085651141912295e-7 -1.1894227733242065e-7 -4.6919148659789014e-8 5.25925464447018e-8 1.1209159597003507e-7 2.0853932615958824e-7 2.534915118914378e-7 4.139564625091189e-7 3.3836073003225604e-7 3.3836073003225604e-7 5.42765326791639e-7 4.35607600620567e-8 4.166465615949826e-7 -6.409750506491583e-7 8.6963939678674e-7 9.729442357477913e-7 -4.3678269188942217e-7 9.050582823144835e-9 -8.710009518391397e-7 -1.0030186023763659e-6 -1.3051578551793689e-6 -1.3051578551793689e-6 -1.6573040494942939e-6 -1.82623533366505e-6 -1.6885830799164597e-6 -1.094793489909176e-6 -3.255678750347061e-7 5.293280363008665e-7 1.231827726323096e-6 1.6627562983144087e-6 1.7142636799912144e-6 1.5199829928846808e-6 1.0578751316142246e-6 1.0578751316142246e-6 1.102772364485184e-6 3.3344710592353934e-7 5.193108317924619e-7 -4.305412486708626e-7 -2.0376907902911297e-7 2.955069068056741e-7 -3.5191767258116637e-7 4.18800086132526e-7 -6.447230593924796e-7 -1.1717007840544525e-7 -5.623081587008827e-7 -5.623081587008827e-7 -3.175872852950884e-7 -3.1519444196263645e-7 -2.0856511435710468e-7 -1.189422782807259e-7 -4.691914785936304e-8 5.2592545726430984e-8 1.120915958276328e-7 2.085393256744816e-7 2.534915150211581e-7 4.139564621992766e-7 3.3836073008233157e-7 3.3836073008233157e-7 5.427653277775009e-7 4.356075732981086e-8 4.1664656313011044e-7 -6.409750501030222e-7 8.696393975245715e-7 -0.00018935551527182292 -0.00047184678122551705 -0.000524255423274177 -0.0007043855956308172 -0.0008382736966314064 -0.0009086800580261722 -0.0009086800580261722 -0.0009104917501240908 -0.0008145706797105304 -0.0006468390836528235 -0.00040853822319804415 -0.00013889449983160005 0.00014528273408808738 0.00039873660774897973 0.0006131339572029548 0.0007444340663255733 0.0008132652840950863 0.0007782259988369149 0.0007782259988369149 0.0007104093458981421 0.0005591790703181725 0.0004686343427421926 0.00034437020396320113 0.00012768018450972314 -0.0006367570611277099 -0.0031857114901142625 -0.00465958743704648 -0.006704547020030721 -0.00827629924575058 -0.009229556092276929 -0.009229556092276929 -0.00927920822937779 -0.0084079790983223 -0.006663197090135963 -0.0042457309100749074 -0.0014180989404401446 0.001517277808526162 0.004210048227632899 0.006414682305706272 0.007859629480110895 0.008479960472256262 0.00818536036752892 0.00818536036752892 0.007175177428922477 0.005597207194981226 0.003815988605716564 0.0025691379133170097 0.0004865365441269728 -0.0010919771347256742 -0.006940392494297773 -0.01264195583748365 -0.019000271403413843 -0.02419041626990706 -0.027240337907825582 -0.027240337907825582 -0.027633581964185465 -0.025143255482402708 -0.020045281796785074 -0.012863571803043372 -0.004403209361332544 0.004407525554007441 0.012592015058280132 0.019265586247599865 0.023762273999849412 0.025625364548617014 0.02479841637714986 0.02479841637714986 0.02150756714282185 0.01648401600024427 0.010631388732127304 0.005596190589029002 0.0008979501553342716 -0.0016972506687624813 -0.011637578081539734 -0.02349106832056633 -0.035722181480187805 -0.04574931564871077 -0.05170407461094025 -0.05170407461094025 -0.052529283169283646 -0.04794210048674865 -0.03834835105143602 -0.02478537236589518 -0.008714261730257754 0.008091514092819715 0.02379561502879474 0.03670834589620406 0.04550349826360062 0.04934229812601566 0.0479559010282601 0.0479559010282601 0.04183785313172334 0.032115539804078566 0.020601241981321742 0.00994588504761619 0.0014188349579880347 -0.002308578264301848 -0.01651168085697127 -0.03496361701880859 -0.05369047233389521 -0.06889916705801032 -0.07794636406794984 -0.07794636406794984 -0.07926687103410478 -0.07242295654870032 -0.05805408776619331 -0.03765867773650431 -0.013428827367212683 0.012001659078012239 0.03585864372578581 0.0555975633735024 0.06917660343480524 0.07528078810061088 0.073469048195118 0.073469048195118 0.06433421975099268 0.04956976240244627 0.03173018667272638 0.014725155160136982 0.0020139953426952864 -0.002746411503216426 -0.02038899385210817 -0.04447601477873512 -0.06864058310948119 -0.08828103632288609 -0.09993767546206937 -0.09993767546206937 -0.10170078779370235 -0.09301422983732775 -0.07466219182456718 -0.0485534794926926 -0.017451003563618415 0.015287134468569328 0.0461135598489321 0.07174115017470976 0.08952517295975346 0.09770788888725752 0.09566224619343718 0.09566224619343718 0.08406088788490292 0.0649439404017654 0.04164155588756802 0.01889929991466742 0.002506027968163025 -0.002746411503216426 -0.02038899385210817 -0.04447601477873512 -0.06864058310948119 -0.08828103632288609 -0.09993767546206937 -0.09993767546206937 -0.10170078779370235 -0.09301422983732775 -0.07466219182456718 -0.0485534794926926 -0.017451003563618415 0.015287134468569328 0.0461135598489321 0.07174115017470976 0.08952517295975346 0.09770788888725752 0.09566224619343718 0.09566224619343718 0.08406088788490292 0.0649439404017654 0.04164155588756802 0.01889929991466742 0.002506027968163025 -0.0029393474959438825 -0.022219618652773415 -0.049444695864145356 -0.07664819258814652 -0.09873201181285993 -0.11189629437024587 -0.11189629437024587 -0.11395835113963038 -0.10432781528727562 -0.08384984074483672 -0.054622676379467966 -0.01971536417258545 0.017134643697856736 0.05195198293718373 0.08102758600547855 0.10134782521392414 0.11088697187660303 0.1088558658671438 0.1088558658671438 0.09592916803753616 0.07432255840812414 0.04773089747033675 0.02146191577689146 0.0028137844194835383 -0.002757818395391189 -0.021283751986928973 -0.04806225616038001 -0.07482526875405947 -0.09659213044457017 -0.10962536204915066 -0.10962536204915066 -0.11179543293510133 -0.10247935879407194 -0.0824844945606485 -0.053828485964448045 -0.01948686455079179 0.016885002519218283 0.051376580219657776 0.08031255148715837 0.10067796250812173 0.11041030569294644 0.10866666670486151 0.10866666670486151 0.09602039621397195 0.07459355549846806 0.04804695832517618 0.021500383441506794 0.0027965170960039284 -0.0022237312396743434 -0.017373684759513546 -0.039786105232734154 -0.062263606720731904 -0.08062629017883605 -0.09173497374925818 -0.09173497374925818 -0.0937538021731991 -0.08613181939824814 -0.06948658715946922 -0.045471133552774656 -0.016548466715696708 0.014226283414944273 0.0435502961285339 0.06828984009298955 0.08584698162811225 0.09441018702804789 0.09319095682485287 0.09319095682485287 0.08260855257185534 0.0643869962641261 0.04163202299128644 0.01867622579843982 0.0024328727958080093 -0.0013668776884228706 -0.010931053652335711 -0.025528467882997674 -0.04032876033383017 -0.05254740339356512 -0.06010048358233295 -0.06010048358233295 -0.061719850419146134 -0.0569720899952542 -0.04620125526481516 -0.030433848444468045 -0.011256389391818838 0.009326654262640368 0.02911032067854053 0.045964191176879346 0.05808861191163396 0.06419549581244034 0.06367597901332091 0.06367597901332091 0.056734064430702794 0.04447163219818319 0.028964986466384512 0.01311742387473992 0.0017206328632736123 -0.0003264782292709553 -0.0028744229063823006 -0.0074129312418148635 -0.012258908693580775 -0.01648552649565469 -0.019359037721803914 -0.019359037721803914 -0.020363414254620398 -0.019249938681374472 -0.016023337055729982 -0.010933692193804951 -0.004445127625749681 0.0027907040382742863 0.00999967665154606 0.016379638107734008 0.021205759058613518 0.02391181610881264 0.024168903617293316 0.024168903617293316 0.021949930417422596 0.01756420149468707 0.011752443835726841 0.005576263416149414 0.0007603959552196029 0.0007603959545078032 0.005576263413200455 0.011752443831906732 0.017564201494646083 0.0219499304192305 0.024168903620990598 0.024168903620990598 0.02391181611430963 0.021205759063527254 0.016379638107038293 0.009999676649112148 0.002790704034388895 -0.004445127636330639 -0.010933692210439584 -0.01602333707471366 -0.019249938703853813 -0.02036341427706893 -0.019359037745422792 -0.019359037745422792 -0.01648552651123201 -0.012258908701443777 -0.007412931245427265 -0.0028744229046308595 -0.00032647822902536416 0.0017206328627685796 0.01311742386993518 0.028964986459339256 0.04447163218826537 0.05673406441915207 0.06367597900042693 0.06367597900042693 0.0641954958038672 0.058088611900494934 0.045964191166147424 0.02911032066329293 0.009326654243494636 -0.011256389414785985 -0.030433848473038982 -0.04620125529589226 -0.056972090025052755 -0.061719850450519725 -0.06010048360999436 -0.06010048360999436 -0.05254740341597063 -0.040328760346107106 -0.025528467888735737 -0.010931053653119529 -0.0013668776883444817 0.0024328727950220378 0.01867622579294194 0.041632022983276396 0.06438699625026185 0.08260855255459547 0.09319095680752251 0.09319095680752251 0.09441018701081486 0.08584698161294275 0.06828984007398499 0.04355029611374293 0.01422628339618631 -0.016548466736186353 -0.04547113357564848 -0.06948658718278898 -0.0861318194228155 -0.0937538021954541 -0.09173497377294015 -0.09173497377294015 -0.08062629019575022 -0.06226360673071099 -0.03978610523783496 -0.01737368476084738 -0.0022237312398463677 0.0027965170951266497 0.021500383436243938 0.048046958315216506 0.0745935554871175 0.09602039619908449 0.1086666666895915 0.1086666666895915 0.11041030567811759 0.10067796249635247 0.08031255147947088 0.05137658020955503 0.016885002514576853 -0.01948686455673363 -0.05382848597178308 -0.08248449456628372 -0.10247935879964856 -0.11179543294400987 -0.10962536205706502 -0.10962536205706502 -0.0965921304513864 -0.0748252687568567 -0.04806225616162475 -0.021283751985550478 -0.002757818395048606 0.002813784418830216 0.021461915771339924 0.047730897462968234 0.0743225583988403 0.095929168030988 0.10885586586269279 0.10885586586269279 0.11088697187511859 0.10134782521717846 0.08102758601307784 0.05195198294930908 0.017134643711569 -0.019715364156334375 -0.05462267636259505 -0.08384984072757891 -0.10432781527116694 -0.11395835112591189 -0.11189629436162203 -0.11189629436162203 -0.09873201180435236 -0.07664819258057828 -0.04944469585571653 -0.022219618650239272 -0.0029393474956472053 0.0025060279679669614 0.018899299911068226 0.041641555882369244 0.06494394040105848 0.0840608878875714 0.09566224620027328 0.09566224620027328 0.09770788890071407 0.08952517298030989 0.0717411502011703 0.046113559880581655 0.015287134503840817 -0.01745100352530873 -0.04855347945237865 -0.07466219178680936 -0.0930142298025989 -0.10170078776283102 -0.09993767543481391 -0.09993767543481391 -0.0882810363038874 -0.06864058309300401 -0.044476014769032124 -0.02038899384677881 -0.0027464115026094617 0.0025060279679669614 0.018899299911068226 0.041641555882369244 0.06494394040105848 0.0840608878875714 0.09566224620027328 0.09566224620027328 0.09770788890071407 0.08952517298030989 0.0717411502011703 0.046113559880581655 0.015287134503840817 -0.01745100352530873 -0.04855347945237865 -0.07466219178680936 -0.0930142298025989 -0.10170078776283102 -0.09993767543481391 -0.09993767543481391 -0.0882810363038874 -0.06864058309300401 -0.044476014769032124 -0.02038899384677881 -0.0027464115026094617 0.0020139953427326315 0.014725155160066564 0.03173018667453414 0.04956976240691409 0.06433421976157089 0.07346904821223865 0.07346904821223865 0.07528078812398682 0.0691766034661158 0.055597563412631584 0.0358586437690467 0.012001659126051646 -0.013428827315832904 -0.037658677684147844 -0.058054087716705526 -0.07242295650185655 -0.0792668709927471 -0.07794636403318016 -0.07794636403318016 -0.06889916702989374 -0.0536904723173998 -0.03496361700667425 -0.016511680854509894 -0.0023085782641124966 0.001418834957889584 0.009945885049805564 0.0206012419848386 0.03211553981150193 0.041837853144644305 0.04795590104694523 0.04795590104694523 0.04934229815251963 0.04550349829705858 0.036708345934597625 0.023795615073869163 0.008091514139725255 -0.008714261679665276 -0.024785372314548845 -0.038348351001747626 -0.04794210044163281 -0.052529283127347934 -0.051704074576343934 -0.051704074576343934 -0.04574931562245931 -0.03572218146168823 -0.023491068311673313 -0.01163757807676649 -0.0016972506682795905 0.0008979501552872374 0.00559619058897309 0.01063138873642247 0.016484016006819407 0.021507567152826264 0.024798416391752166 0.024798416391752166 0.025625364568174408 0.023762274024173746 0.019265586276860286 0.012592015090468044 0.004407525590421481 -0.004403209322413473 -0.012863571765096513 -0.020045281759921593 -0.025143255447381257 -0.02763358193375067 -0.02724033788099287 -0.02724033788099287 -0.024190416250027102 -0.019000271390116546 -0.012641955828874797 -0.006940392491838324 -0.0010919771342937634 0.00048653654420960894 0.0025691379135384523 0.003815988607739931 0.00559720719929307 0.007175177435035421 0.008185360374622544 0.008185360374622544 0.00847996048164772 0.007859629491501475 0.006414682319288 0.00421004824403473 0.0015172778265252274 -0.0014180989202747212 -0.004245730891210653 -0.006663197070796188 -0.008407979081378308 -0.009279208212562198 -0.00922955607944785 -0.00922955607944785 -0.008276299234252884 -0.0067045470128007855 -0.00465958743297872 -0.0031857114878443733 -0.0006367570604896806 0.00012768018439504627 0.00034437020430866594 0.00046863434288392514 0.0005591790713184938 0.0007104093467097788 0.0007782259997522454 0.0007782259997522454 0.000813265285276756 0.0007444340678587857 0.000613133958900609 0.00039873661016061703 0.0001452827365769787 -0.00013889449714457868 -0.0004085382202462359 -0.0006468390812293183 -0.0008145706772446989 -0.0009104917482486998 -0.0009086800560018691 -0.0009086800560018691 -0.0008382736952688764 -0.000704385594537919 -0.0005242554225497407 -0.000471846781086642 -0.0001893555151101181
</DataArray>
        <DataArray type="Float64" Name="Mode_4_phi1" NumberOfComponents="1" format="ascii">
 -1.358067312599638e-6 -1.0243191699415407e-6 1.358067304068884e-6 1.0243191654790793e-6 -1.5259777069096722e-5 1.0024281533702403e-5 -6.152036794939158e-6 3.130934744678758e-6 -4.552509012468635e-6 1.323914241264981e-6 -2.7685508118779637e-6 9.841811464178787e-7 -6.123755804982726e-7 1.3694270198851012e-6 1.096635745024678e-6 1.3779517211232116e-6 1.9025897667382313e-6 4.7442045312485915e-7 1.9097757343241317e-6 -1.4661506845630508e-6 1.6795906218983557e-6 -3.7950549781341457e-6 2.509864639822962e-6 -6.014797937451424e-6 5.593427832215201e-6 -9.541539208427517e-6 1.4682115310789418e-5 -1.9324937736968266e-5 -1.0482604970658136e-5 7.1498976058429295e-6 -4.36269582569272e-6 2.7387429334172424e-6 -2.825532531682389e-6 -1.8041295867838786e-7 -2.6538675419883168e-6 -1.3214701436012631e-6 -2.2014984594738307e-6 -1.1406677177632733e-6 -1.2316504889036175e-6 -5.853101527912787e-8 -9.842980305994529e-8 1.5248417706164324e-6 5.858848471553148e-7 3.185523587658113e-6 1.0231757862760634e-7 4.735335453848911e-6 -2.3684588261515065e-6 6.673568121646938e-6 -7.686588352347458e-6 1.0293539007866867e-5 -1.2007883853804687e-5 1.1176900861249331e-5 1.5259777078300823e-5 -1.0024281578254592e-5 6.152036867244352e-6 -3.1309348347323547e-6 4.552509117921715e-6 -1.3239143411883439e-6 2.7685508946181096e-6 -9.8418122560905e-7 6.123756523459715e-7 -1.3694270581608266e-6 -1.096635736272237e-6 -1.3779517182887804e-6 -1.9025897859512863e-6 -4.744204147769055e-7 -1.9097757801834573e-6 1.4661507251776846e-6 -1.6795906616241797e-6 3.7950550146340016e-6 -2.5098646576985497e-6 6.014797945197895e-6 -5.593427839144433e-6 9.541539214087843e-6 -1.4682115317401362e-5 1.932493774491658e-5 1.0482604978135927e-5 -7.14989759493296e-6 4.362695801701076e-6 -2.738742882501345e-6 2.825532455184177e-6 1.8041303349011227e-7 2.65386748453421e-6 1.321470188890096e-6 2.201498425657092e-6 1.1406677493177595e-6 1.2316504520693363e-6 5.853106947006224e-8 9.842970532849058e-8 -1.5248416291637892e-6 -5.858850398830275e-7 -3.1855233599414428e-6 -1.0231782137958768e-7 -4.73533524465987e-6 2.368458683819035e-6 -6.673568063990181e-6 7.6865883552015e-6 -1.0293539024733917e-5 1.2007883870824328e-5 -1.1176900870355254e-5 -0.013161151471189235 -0.020443926787832863 -0.03718220859940411 -0.046486940396970454 -0.060134268402319606 -0.0673237099146743 -0.07244207336605275 -0.07023939170759949 -0.06342206423270878 -0.050433041984861364 -0.033743096777520284 -0.01400405132393058 0.006375995851534302 0.025910980563298835 0.04253435871375806 0.05516524484552425 0.06241599359460869 0.06455100906963354 0.06102271429073233 0.05411262978257519 0.043487577778404854 0.033814725395951366 0.021709713513112714 0.014130339327126632 -0.012361556972829365 -0.059484409234125686 -0.10966479099207738 -0.16399322091395577 -0.21449275086009714 -0.2522594594632907 -0.2690415156085849 -0.26401139392468237 -0.23507126270816694 -0.18573758545548635 -0.12004542850639821 -0.04437041546826687 0.03417376730116731 0.10825118061528535 0.1712748986520978 0.21729497308811338 0.24324678773400868 0.24648383972434004 0.2292858392202657 0.19413088316709246 0.14630144755793725 0.10026800962342648 0.052554927454816165 0.010525156366544587 -0.01740016394727648 -0.07614817242372211 -0.17314160337843637 -0.2771496523181853 -0.369810514381536 -0.4365977281430676 -0.46817294752945077 -0.4587029138443897 -0.4088352937559545 -0.3224264127959469 -0.20756323727351994 -0.07507592541361574 0.06277362407449129 0.19321209483094004 0.3040548036071092 0.38594077636291746 0.4308956966321817 0.4371542763245493 0.40396075405508536 0.3390381497235228 0.2515744172009641 0.15554643675654267 0.06835579649832951 0.01683027665769729 -0.018499954781545015 -0.09646964867201442 -0.21922467861992567 -0.3505028105072859 -0.4643869639579605 -0.5469062886084894 -0.5846971250087237 -0.5727823582144574 -0.5107109674632004 -0.40357695989150316 -0.2610161041835668 -0.09595708190034964 0.07637134861271608 0.24030787046277147 0.38103176132411964 0.48584390153545026 0.5463556938445481 0.5573397441849972 0.5207408361324173 0.44146135429594685 0.33183221555110004 0.20752529367535813 0.09215484834762211 0.017107768387662006 -0.01937251885962397 -0.09814798549287863 -0.22544480097635738 -0.36445630936960777 -0.48382093540704685 -0.5685758947010671 -0.6073705533552965 -0.5943011588897653 -0.5294526022191464 -0.4181150721276324 -0.26987350933756926 -0.09810841555865951 0.08172304501056402 0.25333799580153804 0.4013543567999871 0.512598916644443 0.5774118002620355 0.5911164515403233 0.5534064209815304 0.47068453589761855 0.35391401389927 0.21932134408202575 0.09529951534466763 0.018906217445774736 -0.014517955675521815 -0.08063329034234544 -0.18791731616345117 -0.3048207563713627 -0.4049116427167351 -0.47628048821622493 -0.5083455151060774 -0.49741002812854895 -0.4431838335949688 -0.3498291001738345 -0.22543933410168773 -0.08079144633403262 0.07125921435137907 0.2171321134783839 0.34376573144384476 0.43992045676821184 0.4971415981346721 0.5107180199209338 0.48045833852272557 0.4100517629146223 0.3097111719840284 0.19174068423629448 0.08195037367833373 0.014344584007009279 -0.007966320267368219 -0.04503813095727025 -0.1075471930730359 -0.17734572002061263 -0.23620584928174548 -0.2779666600437797 -0.2971323839065325 -0.2907392104273977 -0.2590826485034743 -0.20431165627095396 -0.1307548327814218 -0.04464952392270171 0.04664828794596226 0.13515049852319758 0.21294425814004408 0.27299569222547154 0.30986090551118317 0.3201568547689237 0.30297062064834024 0.26019282185438636 0.19736430483249112 0.12141661163500746 0.05109478110203665 0.00885149641479387 0.002294309004209814 0.004279733900634286 0.004377579700287162 0.0020768132259037972 0.0011803503035184197 0.00035022749558860574 -0.00017612812005166152 -0.0007992765396798386 -0.0009748400023451273 -0.0004747970676829811 0.0011911229125039784 0.004443726386252736 0.009375950160450333 0.01577388205823149 0.02309777405908288 0.030477320415111957 0.0368409199834913 0.04103532453689098 0.0419421531941147 0.03835638855638889 0.030592092698649244 0.017703242479912586 0.004659659468135589 -0.0011551184152002831 0.012666828572690554 0.05914595697028864 0.13008999709739238 0.2037738535924992 0.2685507639848172 0.31429792191152345 0.3343977216240281 0.3262350450835757 0.28989284005958077 0.22889584096768414 0.14903796371176678 0.05795527328648875 -0.035743544421915525 -0.12343838241545714 -0.1973161234180749 -0.25107489554808265 -0.28056667110540423 -0.2841674504513431 -0.2630618670759457 -0.22131980737512386 -0.16519803539691105 -0.10452209148369233 -0.04856268466232743 -0.011064472104361518 0.022840354949240183 0.1102107921192565 0.24649963598115576 0.39131114376681814 0.5173887483037786 0.6066540612076183 0.6465024191502895 0.6311671055107259 0.5611782176964866 0.4424485236824655 0.28583704028673074 0.10571959284892826 -0.08141789196382931 -0.25859937084411344 -0.41001046556815285 -0.5224837035719898 -0.5867330428175471 -0.5983176769130745 -0.5581803967298852 -0.47311364143789064 -0.3554158598111033 -0.2229637445148245 -0.10082305704606352 -0.02162097479003764 0.03027687903899028 0.14821168879166866 0.33341560622363553 0.5312649508396312 0.7036824126699098 0.8258512784051032 0.8806463042571019 0.8602355245946076 0.7647913084070344 0.6022960650779591 0.3871724260470652 0.13886666873583647 -0.12013152898475231 -0.3664534440678705 -0.578076000571344 -0.7363974046124441 -0.8280115419628646 -0.8460967767949026 -0.7913499787219024 -0.6723126041338331 -0.5060962077713171 -0.3171049004360751 -0.14180494834170324 -0.02928932112726125 0.03420783510353037 0.16773206920542047 0.3771169794783247 0.6018684923489835 0.7978628218380911 0.9371714638491188 0.9999999996292264 0.9771738286494418 0.8687317882714827 0.6833414616357726 0.43724437445434317 0.15245120760260122 -0.14540464043986884 -0.4295056869579817 -0.6743735794276903 -0.8582929648377261 -0.9654336307991054 -0.9874543013235697 -0.924678198146126 -0.7866187778740854 -0.5928242195845168 -0.3712197642906545 -0.1653422841268445 -0.03398084135157073 0.03398084134483214 0.165342284101806 0.37121976415370916 0.5928242194248732 0.7866187775782638 0.9246781977131064 0.987454300891751 0.9654336304129923 0.8582929644013177 0.6743735790557174 0.42950568659648714 0.145404640083383 -0.15245120795730374 -0.43724437486183676 -0.6833414620638143 -0.8687317886389408 -0.9771738289702747 -1.0 -0.9371714641019839 -0.7978628220499197 -0.6018684925208496 -0.37711697955935175 -0.16773206925221126 -0.03420783511135824 0.029289321132919374 0.14180494830608242 0.3171049003934265 0.5060962076190445 0.672312603896487 0.7913499784458439 0.8460967765457625 0.8280115416460617 0.7363974044148968 0.5780760003372819 0.3664534438476268 0.12013152875604487 -0.138866668933641 -0.3871724261948936 -0.6022960651892174 -0.7647913084691721 -0.8602355246795528 -0.8806463042304163 -0.8258512784622906 -0.7036824127108553 -0.5312649508543535 -0.3334156062559946 -0.14821168882813995 -0.03027687904659726 0.021620974776247345 0.10082305704792748 0.2229637444966385 0.3554158597578537 0.47311364138696504 0.5581803966870115 0.5983176768030146 0.586733042759469 0.5224837034474741 0.41001046556921505 0.25859937089380497 0.0814178920727786 -0.10571959266987632 -0.28583704006680855 -0.44244852342407837 -0.5611782174643707 -0.6311671052245964 -0.6465024189786597 -0.6066540610081075 -0.5173887481622153 -0.3913111436960867 -0.2464996359599009 -0.11021079209958112 -0.02284035495322297 0.011064472108945893 0.048562684658266596 0.1045220914509686 0.16519803544930747 0.22131980744027913 0.26306186715374313 0.28416745055457493 0.28056667119947687 0.2510748957966361 0.19731612363886802 0.12343838265823383 0.035743544772292135 -0.05795527291313962 -0.14903796331375818 -0.22889584053148324 -0.28989283958886436 -0.32623504471691844 -0.3343977212247756 -0.31429792160281483 -0.2685507637506055 -0.2037738534458803 -0.1300899969712189 -0.05914595691673538 -0.01266682854912356 0.001155118413232449 -0.004659659459798889 -0.017703242432927525 -0.030592092652072952 -0.038356388404669026 -0.04194215295305334 -0.041035324242957076 -0.03684091962596814 -0.030477320072487803 -0.023097773627394104 -0.01577388155776847 -0.009375949697491328 -0.004443725872327592 -0.001191122347304475 0.0004747976188112352 0.000974840506638574 0.0007992770689022287 0.00017612855091120663 -0.00035022710590122534 -0.0011803500131989727 -0.0020768129503333475 -0.004377579559047135 -0.004279733866098887 -0.002294309015753219 -0.008851496395029834 -0.051094781078276044 -0.12141661158046892 -0.197364304676055 -0.2601928216392285 -0.30297062041986283 -0.32015685447611275 -0.30986090515046266 -0.2729956918178656 -0.2129442577027105 -0.13515049807764615 -0.046648287457707854 0.04464952443550327 0.13075483330398055 0.20431165674838442 0.2590826489332174 0.29073921081633014 0.29713238432645106 0.2779666603600614 0.2362058495243763 0.17734572012795505 0.10754719311860307 0.04503813100427367 0.007966320276294268 -0.014344583998327458 -0.0819503736059792 -0.1917406840892822 -0.3097111718357195 -0.41005176276530797 -0.4804583383016946 -0.510718019678488 -0.49714159790279194 -0.43992045649633144 -0.3437657311618102 -0.21713211319541945 -0.07125921405279415 0.08079144664072592 0.22543933438493138 0.34982910044697824 0.44318383387942334 0.4974100283971788 0.5083455153053472 0.476280488418612 0.40491164282781456 0.30482075640143746 0.18791731617546245 0.08063329028330486 0.014517955655436912 -0.018906217440349676 -0.09529951529621795 -0.21932134402259207 -0.3539140138462119 -0.47068453581648484 -0.5534064209177925 -0.5911164514768823 -0.5774118001637678 -0.5125989165906122 -0.4013543567662471 -0.2533379957499099 -0.08172304499358138 0.09810841555982022 0.26987350935278104 0.41811507215507465 0.5294526022278471 0.5943011589003229 0.607370553388725 0.568575894698305 0.4838209354039845 0.3644563093825253 0.22544480093482772 0.09814798553245112 0.019372518884369 -0.017107768386264505 -0.09215484837817332 -0.20752529368704808 -0.33183221552937325 -0.4414613543354473 -0.5207408362024409 -0.557339744272384 -0.5463556939917238 -0.4858439017189014 -0.381031761515335 -0.24030787070176599 -0.0763713488376873 0.09595708168504359 0.2610161039256763 0.40357695963407997 0.5107109672380974 0.5727823580166935 0.5846971248061549 0.5469062884657069 0.4643869638502499 0.35050281041301434 0.21922467862022316 0.09646964863242603 0.01849995476837634 -0.016830276655065698 -0.06835579650717466 -0.1555464367710603 -0.25157441725738344 -0.3390381497885503 -0.40396075417269134 -0.43715427651451605 -0.43089569689030227 -0.3859407766497964 -0.30405480396945983 -0.19321209518847898 -0.06277362445188894 0.0750759249934358 0.20756323686177622 0.32242641239657005 0.40883529338485786 0.45870291348627706 0.4681729472533571 0.4365977278850277 0.3698105142172773 0.27714965221943344 0.1731416032862785 0.07614817241715248 0.017400163958286446 -0.010525156365526766 -0.052554927453882135 -0.100268009658782 -0.14630144762368746 -0.19413088326536226 -0.22928583937805444 -0.24648383992032738 -0.2432467879714172 -0.21729497339412007 -0.17127489897383344 -0.108251180993615 -0.03417376772751444 0.04437041502898092 0.12004542806047971 0.18573758503696605 0.23507126227712613 0.26401139356916603 0.2690415152457755 0.2522594592115471 0.21449275063772844 0.16399322076100473 0.10966479092908515 0.059484409194400456 0.012361556955168228 -0.014130339323375424 -0.021709713520038393 -0.03381472542421351 -0.043487577814523094 -0.054112629860639555 -0.06102271434530937 -0.06455100915965585 -0.062415993684261616 -0.055165244966111734 -0.04253435884686398 -0.02591098072727772 -0.00637599602603823 0.014004051118295842 0.03374309661174645 0.0504330417669829 0.06342206410246781 0.0702393915006602 0.07244207327159644 0.06732370977403128 0.060134268321365814 0.04648694034737682 0.03718220855640246 0.020443926768074036 0.013161151459585387
</DataArray>
        <DataArray type="Float64" Name="Mode_4_phi2" NumberOfComponents="1" format="ascii">
 -1.8301791771258405e-6 8.053253192707884e-7 1.8301791752905016e-6 -8.053253145754192e-7 -6.473906736446407e-6 1.201005518999689e-5 -4.042633588162939e-6 5.161357752911199e-6 -3.9606408388120725e-6 -1.7676571572835648e-6 -7.263043613804996e-6 -6.1660186844637755e-6 -8.104217036305319e-6 -5.761218378522281e-6 -4.46471590848532e-6 -1.10614897422402e-6 1.4372844885894598e-6 4.501215102141314e-6 6.024919745077498e-6 7.602976489034255e-6 6.413216766515721e-6 6.4107052065618555e-6 2.296765204485601e-6 2.8574816180693557e-6 -3.691001231424519e-6 1.4257796458330359e-6 -8.590100304266694e-6 6.139893633075689e-6 2.6112954670560124e-5 -2.0499972535160997e-5 1.2830974327305898e-5 -9.086683562063582e-6 7.4171265527993e-6 -5.215160722683809e-6 4.303594662373948e-6 -3.1728435198511583e-6 2.268534144610199e-6 -1.9339359220194884e-6 9.273870752356728e-7 -1.0890690257787543e-6 1.2985377461452698e-7 -4.823476144780884e-7 -2.2144079514501458e-7 -1.9379613174800074e-9 -2.710932714033465e-7 3.997859267892133e-7 -7.676942032773245e-8 5.93920106255205e-7 -8.954880141943872e-8 2.180879010747612e-6 -9.728575049803473e-6 1.8522284805726257e-5 6.473906747235972e-6 -1.2010055193802462e-5 4.042633576835491e-6 -5.161357713888381e-6 3.960640780692792e-6 1.7676572321732484e-6 7.263043520312437e-6 6.166018777654969e-6 8.104216947731165e-6 5.761218457658677e-6 4.464715857637999e-6 1.1061490100700509e-6 -1.4372845065255686e-6 -4.5012150901335895e-6 -6.024919746105821e-6 -7.602976511697483e-6 -6.413216742139539e-6 -6.410705231145668e-6 -2.2967651823215048e-6 -2.8574816443008e-6 3.691001265053233e-6 -1.4257796531308572e-6 8.590100289681716e-6 -6.13989362121772e-6 -2.6112954688025774e-5 2.0499972567482137e-5 -1.2830974369868446e-5 9.086683612562786e-6 -7.417126597543388e-6 5.21516075126125e-6 -4.303594690674484e-6 3.1728435694309605e-6 -2.2685342190285417e-6 1.933936009441916e-6 -9.273871547906392e-7 1.0890690896844127e-6 -1.2985382319085453e-7 4.823476545312622e-7 2.2144076508544204e-7 1.937964985477771e-9 2.7109328889086583e-7 -3.997859526114862e-7 7.676944780786437e-8 -5.939201276044231e-7 8.95488182807585e-8 -2.180879033840675e-6 9.728575072780566e-6 -1.8522284816629282e-5 -0.01324927145856514 -0.006666090672096016 -0.00569751316753259 -0.005893232333114403 -0.004944067746998532 -0.002976905163107385 -0.0005894143844464028 0.0023220540156974833 0.004974212652824896 0.007342588803934571 0.00904331893615105 0.009813380330274627 0.009941832381098517 0.008685158589682518 0.007415616364498527 0.004433726672902814 0.00269842298255668 -0.0010978256591920742 -0.0017996201075060276 -0.005382766293346411 -0.0035359249045844045 -0.006930254480167946 -0.003536270886402627 -0.014695518942196843 -0.028771661959621816 -0.0512894964056234 -0.02799521734408685 -0.04578484948376745 -0.03245658507374391 -0.02168283121558174 -0.004427862473227577 0.013391653752417841 0.03060524126288138 0.045231118734636186 0.05538373566535079 0.0607636464448553 0.06011467035130286 0.054057441737639045 0.04326309253619952 0.028261547746631772 0.012016133626923666 -0.005561372700835561 -0.019851981607375096 -0.031077813677568084 -0.03862059846131375 -0.02818848147841226 -0.03771648625753346 -0.031692618203001885 -0.05990802491232426 -0.12163127892174426 -0.10688594732811713 -0.12421548976470012 -0.09706207379732773 -0.06079126185100234 -0.013523560080000722 0.037090922937417004 0.08530122467362876 0.1257336295035683 0.15455776594652082 0.16900471136665088 0.16750798547672746 0.1507756221346683 0.12005733621359203 0.07928514825317785 0.03192014390791539 -0.015849014293397468 -0.059419841096994656 -0.09124193189142554 -0.11273442822106748 -0.09648747436266378 -0.1045008611755508 -0.05995309590167996 -0.0934659265274182 -0.22150066461423604 -0.2284532419433806 -0.23766767980202536 -0.19027509001806417 -0.11726744474367529 -0.026393640847372994 0.07114351615618221 0.16324025990620689 0.24120878970917092 0.29657362639336987 0.32454661522948036 0.322374913095277 0.290459123024363 0.2323430882691771 0.15378559079982945 0.06316664997274547 -0.029958043156129252 -0.11509847204707244 -0.17986483222272076 -0.22135203363288797 -0.20790454781882142 -0.1957969529494798 -0.0924923423024183 -0.1319904851332706 -0.33345107347301545 -0.36846025298033974 -0.36728847859912245 -0.29426515611680515 -0.18058648228068558 -0.03987684530497156 0.10946000069853534 0.25158530747161667 0.37121399862207555 0.45714578958378493 0.5007206666293893 0.4982782403723031 0.45016924280660153 0.36141668428556106 0.2410114717372628 0.10134606476343982 -0.04313497551798058 -0.17611651084632934 -0.2806255662329945 -0.34699703725972 -0.34060681126757525 -0.3046857048988774 -0.12938121192884353 -0.16530361302869204 -0.4374807897020326 -0.5016552497889365 -0.4891499424488169 -0.3919524124239108 -0.23904399278093294 -0.05240481248558146 0.1459570118405603 0.3341306948621993 0.4933592148914106 0.6077129519064799 0.666566982249923 0.6642978220864021 0.6015676405443311 0.48460831872275006 0.32517563110993264 0.1392877736874571 -0.053754157316611303 -0.23335166174422703 -0.37643168026618756 -0.46844680126733407 -0.47109879620219 -0.40998180553391306 -0.16193607592643486 -0.18929077473846298 -0.5110307858771712 -0.5995385493288897 -0.5773410538937724 -0.46273684700239603 -0.28131431073498064 -0.061292150951357025 0.17215008636648052 0.3939963394533163 0.5818194928942 0.7174156924256738 0.7877728491854306 0.7864122604619909 0.7136483916813118 0.5767190851125027 0.3890599192426589 0.16937110175818462 -0.059998541360120575 -0.27456714370301566 -0.44845515084081194 -0.5597668111081813 -0.5732745589285884 -0.4901900960438735 -0.18526293704058447 -0.19583892999915078 -0.5359090402862422 -0.6381196155718427 -0.6103832355774982 -0.48923023166417595 -0.2973969323377556 -0.06483506511198955 0.18160189213171554 0.41617054190168173 0.6152594113207239 0.7595279849332751 0.8352211281393147 0.8351826567348293 0.7595385324182087 0.615591177494333 0.41731065538469864 0.1841512235964946 -0.0603792015209574 -0.29052968816140545 -0.478877206756802 -0.6003035942864247 -0.6211909669828176 -0.527182655359646 -0.1922324571844067 -0.18278615726806352 -0.5000459463832783 -0.6025673371542355 -0.5745173473405019 -0.4610452529668056 -0.28065492867562064 -0.06209830911620203 0.17005053658926567 0.391340760159074 0.5798156517680492 0.7171047451302778 0.7900308411529514 0.7916012927574156 0.7216121989033899 0.5866574095029525 0.39961093525493635 0.17861637482795079 -0.05423822402273968 -0.2745971826433505 -0.45668534350015855 -0.5742234385268262 -0.5996389089444779 -0.5065421820345005 -0.17989713916787053 -0.148527444493312 -0.40292795023012434 -0.49094759822604267 -0.4679804516657705 -0.376560626616924 -0.2304413587722795 -0.05260445302268159 0.13677449516215529 0.31815801034724006 0.4733429710034523 0.5872602266535552 0.6488236491682542 0.6519926290719644 0.5962282465387524 0.4866071353813782 0.3333806258534707 0.15122781837576837 -0.041796333612817635 -0.2255101113159973 -0.378769793734637 -0.4783708176585528 -0.5025490438138799 -0.4253155892116036 -0.14697343512141642 -0.09691086427018383 -0.25443182356255045 -0.31540456852949755 -0.3015546679264994 -0.24438882851742094 -0.1515253288212152 -0.037309934318689515 0.08535956814779698 0.20385282381054054 0.3063058772689058 0.38258328926322144 0.42512711791622854 0.4295705092664103 0.39512126396230435 0.32467603726372796 0.22462789751046722 0.10438635890771807 -0.02423275917704621 -0.14778211648302553 -0.25211138123440474 -0.3208596822575299 -0.33928135470556336 -0.2897716950956291 -0.096490689653035 -0.033418338095011206 -0.07348041462999542 -0.0988957639503121 -0.09627712158969072 -0.08109925903096014 -0.05363359455617409 -0.017826664684929716 0.0223334376005449 0.06277996258561902 0.09936244537369932 0.12826670116881841 0.14635132726836744 0.1515015753579087 0.14277158496924885 0.12057117357667839 0.08660253001825396 0.04387532020919705 -0.0035466403707617856 -0.0506186481352338 -0.09198272965750627 -0.12070025029746058 -0.12956250165263403 -0.11617078361468833 -0.03376344276693761 0.03376344273084656 0.11617078357872748 0.12956250166756245 0.1207002503731606 0.09198272971512819 0.050618648191098695 0.0035466403953761504 -0.043875320195049514 -0.08660253013292285 -0.12057117362989431 -0.14277158502541973 -0.15150157547102922 -0.14635132740362575 -0.12826670125930503 -0.0993624454407404 -0.06277996265051469 -0.02233343759698193 0.01782666467650282 0.05363359470926247 0.08109925919496912 0.09627712170963024 0.09889576405779618 0.07348041463343634 0.03341833807767218 0.0964906896132718 0.2897716949980172 0.3392813546889665 0.3208596822093417 0.2521113812108549 0.14778211645061504 0.024232759275500837 -0.10438635894605545 -0.22462789755266882 -0.3246760373157386 -0.3951212640166668 -0.4295705093686745 -0.42512711803299724 -0.3825832893726692 -0.30630587730594 -0.20385282379744277 -0.08535956817445434 0.03730993437850713 0.15152532896667592 0.24438882874541776 0.30155466806330566 0.31540456867479705 0.2544318235863605 0.0969108642539827 0.14697343506737393 0.4253155891012115 0.5025490437558823 0.4783708175349308 0.37876979366159047 0.2255101113103792 0.041796333647676334 -0.15122781836423355 -0.33338062587139417 -0.4866071353907096 -0.5962282465650994 -0.6519926291401567 -0.6488236492297826 -0.5872602267219713 -0.47334297099035094 -0.3181580103727853 -0.13677449512388273 0.052604453022896576 0.23044135890740552 0.3765606268074022 0.4679804517867575 0.49094759833458407 0.40292795027378214 0.1485274445052176 0.17989713910629743 0.5065421819468339 0.599638908842165 0.5742234384696755 0.4566853434256703 0.27459718264942423 0.05423822401409596 -0.17861637474862047 -0.39961093525354374 -0.5866574094300512 -0.7216121989218873 -0.7916012927062648 -0.7900308412095565 -0.7171047451420808 -0.5798156517530572 -0.39134076015606434 -0.17005053663491396 0.06209830911704108 0.28065492875289194 0.4610452530771408 0.5745173474095261 0.6025673372136051 0.5000459464070911 0.1827861572422429 0.1922324571417068 0.5271826552191579 0.6211909669590308 0.600303594227096 0.47887720677415363 0.2905296881852375 0.06037920156727034 -0.18415122351288257 -0.4173106552438012 -0.615591177499814 -0.7595385322861814 -0.83518265671877 -0.835221128126926 -0.7595279849256605 -0.6152594112968035 -0.4161705419470168 -0.1816018921877273 0.06483506505081552 0.2973969323393522 0.48923023168959073 0.6103832355987694 0.6381196155619063 0.5359090401885067 0.19583892999615857 0.18526293699978647 0.49019009596282426 0.5732745588853131 0.5597668111768915 0.448455150910301 0.27456714377765973 0.059998541465574116 -0.16937110160567906 -0.3890599191299179 -0.5767190849712671 -0.7136483916193896 -0.786412260387737 -0.7877728491362813 -0.7174156924038054 -0.5818194929436786 -0.39399633950063867 -0.17215008645671642 0.061292150864765096 0.28131431063175016 0.46273684695069817 0.5773410538525054 0.5995385491699169 0.5110307858045025 0.18929077469159597 0.16193607590611733 0.40998180548224467 0.4710987962525397 0.46844680133937844 0.3764316803786924 0.233351661860496 0.053754157474735 -0.13928777352713642 -0.3251756309388623 -0.484608318596521 -0.6015676404531441 -0.6642978219922119 -0.6665669821866099 -0.6077129519091767 -0.49335921497431245 -0.33413069492265596 -0.14595701195052174 0.05240481236406693 0.23904399260973608 0.39195241227576755 0.48914994228873776 0.5016552496698342 0.4374807895477172 0.16530361301049706 0.1293812119177952 0.30468570495245184 0.3406068112906232 0.34699703735719617 0.2806255663658604 0.17611651099614226 0.04313497566212351 -0.10134606457266421 -0.24101147157884678 -0.3614166841699543 -0.4501692426883186 -0.4982782403097794 -0.5007206665593247 -0.45714578960310226 -0.37121399867533944 -0.2515853075737698 -0.10946000079552078 0.03987684514030295 0.18058648211456324 0.2942651558699984 0.36728847847399576 0.368460252759228 0.33345107340872626 0.1319904850938255 0.09249234231696339 0.19579695296982952 0.20790454789922005 0.22135203370439413 0.17986483234276832 0.11509847215792048 0.029958043331333856 -0.06316664983765885 -0.15378559068383346 -0.23234308812599277 -0.2904591229669395 -0.3223749130043407 -0.32454661518004896 -0.2965736264161869 -0.24120878976433824 -0.16324025997614416 -0.07114351626115405 0.026393640712269354 0.11726744456320602 0.19027508984579497 0.2376676796115664 0.22845324183655719 0.22150066449193928 0.09346592650802209 0.059953095902156806 0.10450086120708624 0.09648747444582145 0.11273442827242117 0.09124193196366558 0.05941984118851871 0.01584901437687761 -0.031920143801859396 -0.07928514816509445 -0.12005733613866047 -0.15077562205395156 -0.16750798540596096 -0.1690047113438036 -0.15455776598268164 -0.12573362951276382 -0.08530122474962824 -0.037090922995697356 0.013523559975013972 0.06079126172879568 0.09706207366371586 0.1242154896549796 0.10688594721164978 0.12163127886578196 0.05990802488667041 0.03169261819257492 0.03771648627677292 0.02818848151217138 0.038620598510745396 0.03107781370989403 0.019851981621146646 0.00556137275718407 -0.012016133598832055 -0.028261547690784813 -0.04326309248790283 -0.05405744169719144 -0.060114670304343414 -0.06076364644827693 -0.0553837356713374 -0.04523111874186061 -0.030605241295108686 -0.013391653775379082 0.004427862409714721 0.021682831177786476 0.032456584987725905 0.045784849429814214 0.027995217289914436 0.05128949637524957 0.028771661942865113 0.01469551894344016 0.003536270899177365 0.00693025448089507 0.003535924922983191 0.0053827662881939685 0.0017996201149818188 0.0010978256674225356 -0.0026984229646254835 -0.004433726677750975 -0.007415616335685259 -0.008685158597180892 -0.009941832367139388 -0.00981338033846728 -0.00904331893666005 -0.0073425888245371084 -0.004974212664391121 -0.0023220540178725754 0.0005894143734980109 0.0029769051638993084 0.004944067736817162 0.005893232325728862 0.0056975131569449115 0.006666090677310301 0.013249271458173653
</DataArray>
        <DataArray type="Float64" Name="Mode_5_w" NumberOfComponents="1" format="ascii">
 -1.0420315298953505e-7 -9.753173351577638e-7 1.0420315254026884e-7 9.75317334955006e-7 1.639678399448882e-7 -3.320419527966452e-7 1.778203996035851e-8 -1.0832381936280744e-8 2.7184399681322307e-7 3.3526019595887964e-7 3.3526019595887964e-7 5.497754688722033e-7 4.457255751308417e-7 1.1285500231300059e-7 -5.020916684186535e-7 -1.0653367912690053e-6 -1.3950752637730272e-6 -1.1940217256586874e-6 -5.954026708075904e-7 1.5188501670889526e-7 9.011963055168893e-7 8.121103386586682e-7 8.121103386586682e-7 1.5414821281537773e-6 5.083193514164405e-7 1.7363694440869686e-6 -6.748039815657186e-8 4.5696868692345405e-7 5.58869259359232e-8 -5.695410631126856e-7 8.89536890524517e-7 -2.2499756041326648e-7 6.203300623297814e-7 -9.63384746240344e-8 -9.63384746240344e-8 1.529351251041879e-7 1.0129282845672204e-7 2.1245551473836555e-7 2.3859743411098354e-7 1.998638079474602e-7 1.4806716442319713e-7 1.1503960693575683e-8 -7.561139414260074e-8 -2.192027493532784e-7 -1.7300787742632837e-7 -8.558933645369078e-8 -8.558933645369078e-8 5.618784270707529e-8 1.1004580052568466e-7 -7.298973960807434e-8 8.687965402978625e-8 -2.5272451028217934e-7 -1.6396783844006953e-7 3.3204195225056896e-7 -1.778203853206268e-8 1.083237994330125e-8 -2.718439978611943e-7 -3.3526019569093575e-7 -3.3526019569093575e-7 -5.49775471042146e-7 -4.4572557383287743e-7 -1.1285500386345116e-7 5.020916687122354e-7 1.0653367911699393e-6 1.3950752644208814e-6 1.1940217257126997e-6 5.954026705900102e-7 -1.5188501514302775e-7 -9.011963054433228e-7 -8.121103370220929e-7 -8.121103370220929e-7 -1.5414821282472402e-6 -5.083193508761875e-7 -1.7363694439407642e-6 6.7480398105068e-8 -4.5696868520073547e-7 -5.5886926021534945e-8 5.695410607752373e-7 -8.895368907079894e-7 2.2499756171842215e-7 -6.203300633388794e-7 9.633847435091077e-8 9.633847435091077e-8 -1.5293512597776652e-7 -1.0129282751434128e-7 -2.1245551488013964e-7 -2.385974341151533e-7 -1.998638084853678e-7 -1.480671646858962e-7 -1.1503959892969025e-8 7.561139439696015e-8 2.1920274841298255e-7 1.7300787826446345e-7 8.558933596790602e-8 8.558933596790602e-8 -5.618784120802272e-8 -1.1004580116783792e-7 7.298973891796808e-8 -8.687965501699265e-8 2.527245117598615e-7 -5.844537076201563e-5 -0.00018924808691875148 -0.00033928229726110966 -0.0005386404873165386 -0.0007980755108758374 -0.0010975559848951544 -0.0010975559848951544 -0.0014550941315602925 -0.0018408826480374627 -0.002249912338252309 -0.0026463504673093947 -0.0030039055862294377 -0.003294982023143397 -0.0034768964096209398 -0.003547815901949554 -0.00345927699447104 -0.003248568599629819 -0.0028650546479029545 -0.0028650546479029545 -0.0024095260603017397 -0.0018181122606035912 -0.0012804796186067532 -0.0007695093064986658 -0.00022947162909920684 -0.00012191188968285994 -0.0008569024585484011 -0.0019279824689448514 -0.0031972188732883964 -0.004909345217396474 -0.007059734679734907 -0.007059734679734907 -0.009654828158223017 -0.012609915085740876 -0.015768437560196545 -0.01893803355314921 -0.021849855230435047 -0.02428014150667408 -0.025924325524264914 -0.026639320562701102 -0.026200282915096688 -0.02463090186873328 -0.021854385713145876 -0.021854385713145876 -0.018141135316095604 -0.013664911448470034 -0.00882193254534682 -0.004729940884321048 -0.00071019936514997 -6.925128064412647e-5 -0.0007160732124926577 -0.002081175873914451 -0.004081653655527426 -0.0070048320768653655 -0.011068826993764262 -0.011068826993764262 -0.01626153779903215 -0.022437535576008243 -0.02926885033615735 -0.03630383742613495 -0.04298768090976121 -0.04871864813422415 -0.05290774267526916 -0.05503063388301841 -0.05473852769095464 -0.05177382751846332 -0.04620523336225583 -0.04620523336225583 -0.03819093530667738 -0.02844026845406913 -0.017665539198513117 -0.007752378920075385 -0.0010468636123315209 -3.355859116226498e-5 -0.00042529213177512593 -0.0013377824955976426 -0.003297417871329986 -0.006691725565557481 -0.011827011779896519 -0.011827011779896519 -0.018762131374203274 -0.027270496513373734 -0.03690591257586221 -0.047013503438484594 -0.056797025942094466 -0.06536871767428198 -0.07185799373984171 -0.07548497000655256 -0.07566688849227532 -0.07206296062520995 -0.06460824432736795 -0.06460824432736795 -0.053665683043755054 -0.0399623818313778 -0.024926669497064294 -0.010523614660748762 -0.0012494041713479011 9.462331935702717e-6 0.00011378341945790061 0.00029229062126155724 -0.0007586191370983697 -0.003451082931445891 -0.008191527516747675 -0.008191527516747675 -0.015021159859886451 -0.023726159357658042 -0.033822020379323 -0.044614888091900264 -0.05525066279142844 -0.0647721726803709 -0.07221713841677742 -0.07672989034007344 -0.07762994264268144 -0.07450532983241745 -0.06725957411796912 -0.06725957411796912 -0.05617110609174666 -0.04207620503061074 -0.026326568510072756 -0.010972771073729242 -0.0013142305377189312 -1.1717744454259145e-5 0.0003430697452798285 0.0016305949310529088 0.0017237695937609317 0.00044367448594395567 -0.00258410716150796 -0.00258410716150796 -0.007377251212083266 -0.013738626630996988 -0.021308171297630754 -0.029553386798416105 -0.03782917287324102 -0.04540961839822655 -0.05154965212785952 -0.05556672430908452 -0.05691444023178845 -0.05520903093892527 -0.0503348172319595 -0.0503348172319595 -0.04243866866020574 -0.03204928895010432 -0.020314648260663568 -0.008390966194313381 -0.0009819568504511006 -1.1717744454259145e-5 0.0003430697452798285 0.0016305949310529088 0.0017237695937609317 0.00044367448594395567 -0.00258410716150796 -0.00258410716150796 -0.007377251212083266 -0.013738626630996988 -0.021308171297630754 -0.029553386798416105 -0.03782917287324102 -0.04540961839822655 -0.05154965212785952 -0.05556672430908452 -0.05691444023178845 -0.05520903093892527 -0.0503348172319595 -0.0503348172319595 -0.04243866866020574 -0.03204928895010432 -0.020314648260663568 -0.008390966194313381 -0.0009819568504511006 -0.0001588173914080874 -0.0003351792213400398 0.0009442841629294457 0.0013744823817002606 0.0011550505589843722 0.00020234498017101526 0.00020234498017101526 -0.0014014144261211656 -0.003515884089291594 -0.006000533453808304 -0.008697648214005392 -0.011432421959081177 -0.014009271077461891 -0.016220740723373928 -0.017849036847337546 -0.01869508518420037 -0.018587656492225373 -0.017402722567015087 -0.017402722567015087 -0.015106318856542967 -0.011762177197675455 -0.007729136042583571 -0.0032583689601093455 -0.000402263135322105 -0.00046697766762671556 -0.0024010683246164792 -0.003152014717601651 -0.004272607757739744 -0.004924707720627285 -0.00469815525124303 -0.00469815525124303 -0.003292250513443975 -0.0006071634650852577 0.003211322862632721 0.007834261913825325 0.012783528418773291 0.017506748487637995 0.021448676207379655 0.0241316730888246 0.025217806035380205 0.0245396383450858 0.02212345897514807 0.02212345897514807 0.0182252937455379 0.01332308823244417 0.007989280396791096 0.0032916569061006828 0.00038494980707475234 -0.0009104329821477163 -0.005800497238662795 -0.010845673830882 -0.015764170134981974 -0.018983234964717783 -0.019401581583804988 -0.019401581583804988 -0.016422905319153528 -0.009932476140605313 -0.00033853946864315673 0.011532099284498734 0.024529418682227716 0.03729683979453386 0.04844359678994135 0.05672049322048244 0.061160227228885665 0.061174277542469874 0.05663415037326448 0.05663415037326448 0.04792368413015299 0.036035976205841896 0.022494044798481435 0.009385120201559885 0.0011194554210840044 -0.0013897313833998544 -0.009821859362720864 -0.020576973925674685 -0.03089398403739856 -0.03844476552209833 -0.041435515279490034 -0.041435515279490034 -0.03892630394126556 -0.030737019245527252 -0.017437050734370033 -0.00023177029149424257 0.019190286963819206 0.03881610395905629 0.05654254505589265 0.07044470159680662 0.07899068660635174 0.0811782462522262 0.07668486702352575 0.07668486702352575 0.06594587705001304 0.050254693234013596 0.031836996393423744 0.013550830750754389 0.0016693993845303002 -0.0017647144645723343 -0.013280372868649469 -0.029438404840848816 -0.04511942445312941 -0.05743251462353082 -0.06405328062162301 -0.06405328062162301 -0.06374811210289835 -0.056230857830960344 -0.0421029221677476 -0.022731134296709435 -7.55849198199587e-5 0.023494185316871682 0.045471156651140744 0.06351728713730356 0.07573649213132694 0.08084054915924851 0.07832359018080366 0.07832359018080366 0.06857843715248324 0.05298318208685333 0.034024930989837526 0.014805781211992997 0.0018798607434958128 -0.001879860742935827 -0.014805781207694798 -0.034024930982442365 -0.052983182071244306 -0.068578437132396 -0.07832359016033892 -0.07832359016033892 -0.08084054913956196 -0.07573649211452396 -0.06351728712563914 -0.0454711566427898 -0.023494185310436188 7.558492268343057e-5 0.022731134301858035 0.04210292217223684 0.056230857836943336 0.06374811211187233 0.06405328063351745 0.06405328063351745 0.05743251463306317 0.04511942446188285 0.029438404844407556 0.013280372869753155 0.0017647144647117859 -0.001669399383920488 -0.013550830744735664 -0.031836996380977596 -0.05025469321564084 -0.06594587702424365 -0.07668486699577512 -0.07668486699577512 -0.08117824622464467 -0.07899068658066113 -0.07044470157641025 -0.05654254504249685 -0.03881610395375123 -0.019190286958935373 0.00023177028878890093 0.01743705073162303 0.0307370192402957 0.038926303936198364 0.0414355152782822 0.0414355152782822 0.03844476552212153 0.03089398403587945 0.020576973925892035 0.009821859362909977 0.0013897313834030176 -0.0011194554201179089 -0.009385120195387562 -0.022494044782569812 -0.03603597618223656 -0.047923684102059556 -0.05663415033813599 -0.05663415033813599 -0.061174277506688364 -0.06116022719830782 -0.05672049319405001 -0.048443596772936734 -0.0372968397866453 -0.024529418683011638 -0.01153209928962984 0.00033853945721778247 0.00993247612467141 0.016422905300458816 0.01940158156490997 0.01940158156490997 0.018983234951386752 0.01576417012406645 0.010845673823868656 0.005800497235590215 0.000910432981447816 -0.00038494980618345505 -0.00329165689884085 -0.00798928038320912 -0.01332308820781898 -0.018225293711365022 -0.022123458939097278 -0.022123458939097278 -0.024539638306262324 -0.025217805997220007 -0.02413167305973897 -0.021448676187036293 -0.017506748480897144 -0.012783528421084142 -0.007834261925795961 -0.0032113228816005937 0.0006071634397117768 0.003292250483426058 0.004698155222721964 0.004698155222721964 0.004924707693826896 0.004272607737701791 0.0031520147038054274 0.002401068318436418 0.00046697766719026076 0.0004022631366565479 0.003258368968897919 0.007729136062131492 0.01176217722252121 0.015106318892069572 0.01740272260638398 0.01740272260638398 0.01858765653126522 0.01869508522306849 0.017849036879190903 0.01622074074299208 0.01400927108604765 0.011432421954575729 0.008697648198821245 0.0060005334290710475 0.003515884058095126 0.0014014143904912046 -0.00020234501772518435 -0.00020234501772518435 -0.0011550505915485611 -0.0013744824089646065 -0.0009442841802870948 0.0003351792127563407 0.0001588173900896561 0.000981956851509235 0.008390966202647674 0.02031464827654781 0.03204928897694241 0.042438668691577384 0.05033481726866025 0.05033481726866025 0.05520903097672889 0.05691444026582158 0.055566724337545906 0.051549652146302014 0.04540961840435724 0.03782917286779927 0.029553386782787926 0.021308171271634636 0.013738626598732748 0.007377251175519025 0.0025841071255261303 0.0025841071255261303 -0.0004436745206733469 -0.001723769621706301 -0.001630594951050624 -0.0003430697548438239 1.1717743327902851e-5 0.000981956851509235 0.008390966202647674 0.02031464827654781 0.03204928897694241 0.042438668691577384 0.05033481726866025 0.05033481726866025 0.05520903097672889 0.05691444026582158 0.055566724337545906 0.051549652146302014 0.04540961840435724 0.03782917286779927 0.029553386782787926 0.021308171271634636 0.013738626598732748 0.007377251175519025 0.0025841071255261303 0.0025841071255261303 -0.0004436745206733469 -0.001723769621706301 -0.001630594951050624 -0.0003430697548438239 1.1717743327902851e-5 0.001314230538673635 0.010972771080993335 0.026326568523338423 0.04207620505075643 0.05617110611970975 0.06725957414712028 0.06725957414712028 0.07450532986184198 0.07762994267051732 0.07672989036068076 0.07221713843034704 0.06477217268491356 0.05525066278601721 0.04461488807750784 0.03382202035761674 0.023726159329296725 0.015021159828712676 0.00819152748478144 0.00819152748478144 0.0034510829026534557 0.0007586191114318132 -0.00029229063888312295 -0.00011378342802770177 -9.462333447158484e-6 0.0012494041720030606 0.010523614666152386 0.024926669507119744 0.039962381846116606 0.05366568306116046 0.06460824434824697 0.06460824434824697 0.0720629606452451 0.07566688851011028 0.07548497002041883 0.07185799374816983 0.06536871767627277 0.05679702593813356 0.047013503428100026 0.03690591255981068 0.027270496493894382 0.018762131351646148 0.01182701175698714 0.01182701175698714 0.0066917255446855405 0.003297417854203353 0.0013377824830437778 0.00042529212488701937 3.3558590446495997e-5 0.0010468636127762645 0.0077523789233304935 0.017665539204199082 0.028440268461982634 0.038190935316522075 0.046205233372381145 0.046205233372381145 0.051773827529384926 0.05473852770029422 0.0550306338903131 0.052907742679351284 0.04871864813519126 0.04298768090732384 0.0363038374207224 0.029268850327369315 0.02243753556496388 0.01626153778649668 0.011068826981419951 0.011068826981419951 0.007004832064968384 0.004081653645870679 0.002081175866869159 0.0007160732087841957 6.925127977149218e-5 0.0007101993655026953 0.004729940886752911 0.008821932548554269 0.0136649114510674 0.018141135319255763 0.021854385716264038 0.021854385716264038 0.02463090187195792 0.026200282918533525 0.026639320565373315 0.025924325526042236 0.024280141506700062 0.021849855229914537 0.018938033551241063 0.015768437558019273 0.01260991508215772 0.009654828154132994 0.007059734675149676 0.007059734675149676 0.004909345212907258 0.0031972188694433974 0.0019279824664787187 0.0008569024569880331 0.00012191188946643576 0.0002294716291682853 0.0007695093068113657 0.0012804796190104225 0.0018181122611135609 0.0024095260604854703 0.002865054648169102 0.002865054648169102 0.0032485685998632835 0.003459276994936497 0.003547815902345429 0.003476896409781962 0.0032949820230889727 0.003003905586154631 0.0026463504671941323 0.002249912338124587 0.0018408826477282951 0.0014550941311938397 0.0010975559842831906 0.0010975559842831906 0.0007980755103313456 0.0005386404867797069 0.00033928229690591966 0.00018924808661014266 5.844537065823856e-5
</DataArray>
        <DataArray type="Float64" Name="Mode_5_phi1" NumberOfComponents="1" format="ascii">
 -5.738035089171181e-7 -1.6401883598849963e-6 -5.738035125357544e-7 -1.640188354013144e-6 -5.3250927881904915e-6 2.1579046085219086e-6 1.8054784816010152e-7 -2.575114091446831e-7 9.904274051012065e-7 2.6873962251858477e-7 7.114054490086748e-7 -2.6421961106425516e-7 -3.6534970714716035e-7 -1.5112053615677472e-6 -8.686970408270898e-7 -2.113200363167644e-6 7.11038857463848e-7 -1.751004193387874e-6 4.037119859613356e-6 -2.0455838502861506e-6 6.998544316464755e-6 -5.309828755923027e-6 9.103144445941618e-6 -1.1719650947559902e-5 1.3483054787928019e-5 -2.1707384384414344e-5 3.187410272113669e-5 -4.262852610634487e-5 -1.2855146597305036e-5 1.2680792508940055e-5 -5.8110653882484665e-6 4.11047846994737e-6 -4.435693180061415e-6 -3.4704495570592217e-7 -4.132034551783313e-6 -2.2184131162300067e-6 -3.646571968798904e-6 -2.5239094738714885e-6 -2.6881386801207508e-6 -1.8884215446070772e-6 -1.4092383963478952e-6 -8.103316892537503e-7 -1.2403918318211628e-7 2.0336659992996404e-7 8.507539999374069e-7 7.766691250748443e-7 1.2931919997221365e-6 7.218778510662937e-7 1.4801798893923476e-6 -4.488805713449774e-7 3.0507684123060756e-6 -1.189182308714702e-6 -5.325092762615722e-6 2.157904565391285e-6 1.805479073045627e-7 -2.575114775645921e-7 9.904274845017468e-7 2.6873954258580215e-7 7.114055263203217e-7 -2.6421968633524526e-7 -3.653496485905844e-7 -1.5112053981203506e-6 -8.686970230513479e-7 -2.1132003685966864e-6 7.110388523181469e-7 -1.751004182222132e-6 4.037119845041945e-6 -2.0455838269852687e-6 6.998544284921649e-6 -5.30982873068492e-6 9.103144430057026e-6 -1.1719650937540756e-5 1.3483054783156504e-5 -2.1707384375709224e-5 3.187410270242406e-5 -4.262852608311206e-5 -1.2855146594083465e-5 1.2680792507897647e-5 -5.8110653796993765e-6 4.1104784552136956e-6 -4.435693172987154e-6 -3.4704495626523714e-7 -4.1320345580505516e-6 -2.218413107098087e-6 -3.646571976024074e-6 -2.523909459085978e-6 -2.688138688508622e-6 -1.8884215525236252e-6 -1.409238379633377e-6 -8.103317173980428e-7 -1.240391516066466e-7 2.0336657047608845e-7 8.507540270923587e-7 7.766691031685609e-7 1.2931920094875808e-6 7.218778428084088e-7 1.4801798872683951e-6 -4.4888056557705524e-7 3.0507684145421833e-6 -1.1891823158125152e-6 -0.0036102593130975975 -0.008694310027694685 -0.018343105567928227 -0.02979294932803612 -0.044174381437187396 -0.06147302484798865 -0.08204655421143126 -0.10533213739924768 -0.13082825604997045 -0.15723795997585854 -0.18323383419538697 -0.20706803926012685 -0.22700816090505158 -0.2414132612390952 -0.24865380062830375 -0.24795570102187683 -0.23816335185726556 -0.22016905322609995 -0.19339697939476871 -0.16136718126700678 -0.12351885820340319 -0.08755587025443574 -0.05048376858783439 -0.025803115022110024 -0.001044123413485136 -0.012114455982949256 -0.02787065475257433 -0.04998026764742447 -0.07930138620644882 -0.11802802977727173 -0.16696455366477778 -0.2254039169970812 -0.2913767323236381 -0.3619027939093407 -0.43262168530849937 -0.49895446558262596 -0.5556692788012878 -0.5978093814190751 -0.6212864759212998 -0.6221400410701636 -0.5993933148568248 -0.551080782587499 -0.4806826723033039 -0.3901634230308391 -0.2850046254495848 -0.18013143803123213 -0.07881708166270132 -0.00936887809049125 0.0005879585016640121 0.00530602334119771 0.0037792525567794033 -0.004483393521606436 -0.022649276820152664 -0.05319240666120498 -0.0976092231131903 -0.15555899685767002 -0.22509519006281473 -0.30262589836514386 -0.38361139625674456 -0.4622417363182828 -0.5325047653251461 -0.5884587937869155 -0.6241304675628548 -0.6358474648821612 -0.6190802283979654 -0.5746701641832755 -0.5005757569227812 -0.40309435997088133 -0.28807528507717783 -0.1621613000232124 -0.05915840866479079 -0.01345042510951624 0.0009539661433325556 0.005576804394134576 0.015161043576558614 0.021792464154791604 0.01879763799112721 0.0057400292868394235 -0.019179193343336676 -0.05557652269412366 -0.10204690366630999 -0.1561302042045802 -0.21438466026346098 -0.2727246634741885 -0.3266076914986493 -0.3714989937839657 -0.4032047381360236 -0.4178480251993185 -0.41358631062744494 -0.38804525462162714 -0.3435652175353422 -0.27971436644647923 -0.2052117632591137 -0.12289955946044263 -0.04897512979915387 -0.0034592597144705774 0.0010435074977465377 0.011981327632586228 0.03144370274815951 0.05361414247809558 0.07124719019873973 0.0847537158490318 0.0932746187659707 0.09704223035054688 0.09615908978113713 0.09110265587477176 0.08235979534309996 0.07060097344123914 0.0566869324470801 0.04163043252169866 0.026471798701982067 0.012389498613932539 0.0005513715493497907 -0.008539236523509405 -0.01346170210781227 -0.014937553470851534 -0.012363815329943474 -0.004381061265460249 0.0018412890713377494 0.0005888017253696374 -0.0006444088895995588 0.0065457945956835 0.02430691160408205 0.04888283093430567 0.07570904470726766 0.1086260858292493 0.1477241687574551 0.19335773589512764 0.2445290178825204 0.29885019004080865 0.3531956933583587 0.4036903296726971 0.4461816289608379 0.47673463131863747 0.4919564062325091 0.489233108778943 0.4673112395931171 0.4262354404643519 0.3672930623884002 0.29476168540010517 0.21219624980082039 0.12922712042686382 0.057941283976630384 0.013220961126594093 -0.0037565950790392337 -0.00881756527792502 -0.010044607844139315 -0.002774357875504329 0.014838769846831731 0.04909404491088474 0.10315988306677247 0.1775778585281784 0.27031383834426115 0.37680302275535743 0.490156217239934 0.6020611130597389 0.7034037946555185 0.7850670784398783 0.8388846093127312 0.8583682144949053 0.8392925826972106 0.7804673473496889 0.6839695143554835 0.5552275206905031 0.40491910684577237 0.24625571216490913 0.1052163262895462 0.018909702429284966 -0.008145349322001361 -0.033669496636578186 -0.06874997029789583 -0.09787221064922012 -0.11018885536004522 -0.09616885196444627 -0.05013132811710968 0.029548397788992545 0.14051023041873012 0.2766398491022852 0.42871426124495887 0.5850758519647811 0.7328115491811911 0.8588799460708466 0.9512288718488683 0.9999999999755794 0.9984879565690126 0.9438874612197252 0.837917133985184 0.6873373008351924 0.5052217656603167 0.3076899586400127 0.13233627252762878 0.02521510237729351 -0.012236751553834645 -0.060436453035022396 -0.1348199378744243 -0.20922343429445428 -0.26299984607219035 -0.28560771628776116 -0.26826415165996836 -0.20858067892835905 -0.10834955646412715 0.02622527196384903 0.18524061503284253 0.35603749229233733 0.5242231119025785 0.6750251996972206 0.7946208677933526 0.8713588227467829 0.8969172012448923 0.8672100164454926 0.7830946167897108 0.6504281263778168 0.4829411976228498 0.2966163652516905 0.1268825033639993 0.02301166751396669 -0.014682337123378167 -0.07848426763857853 -0.18224473094598576 -0.2930918640170199 -0.38437943639062144 -0.44527479412561555 -0.46626618475793813 -0.4439783394165928 -0.3792262582238557 -0.276869437220521 -0.1453309001708938 0.0042390921191232485 0.15894883597247403 0.3052586124434058 0.4302258021060875 0.5226927022968026 0.5743013815271972 0.5804052985466392 0.5406471534193642 0.4591160690809171 0.3466101158058034 0.2153859080408944 0.09386258797712019 0.018365817410607114 -0.013709806867260855 -0.07918422799408185 -0.18803371852253586 -0.3091094488002285 -0.41612319536756676 -0.5005882005594524 -0.5537060415764323 -0.5720735307296728 -0.5552490237062786 -0.5057799488282616 -0.4288327996991222 -0.331703034956175 -0.22315023200572856 -0.11263328315401394 -0.009489473149158293 0.07793195299864927 0.14303812660400403 0.18164111777711803 0.19248284882689373 0.1770247285940715 0.14101924735971405 0.09199296833324078 0.04156548027573563 0.008559528794316323 -0.009169723004916603 -0.05648809695279375 -0.13832501587639526 -0.23378878642872003 -0.32370884636409175 -0.40385129975725653 -0.469033909906604 -0.5165378498033473 -0.5449661679542533 -0.5541384509560711 -0.5450146244835559 -0.5195490866630362 -0.48054412523246204 -0.43139448629197974 -0.3757983305957821 -0.31740619354645194 -0.2594905457349976 -0.20467296201810137 -0.15466488155169197 -0.11032393680198099 -0.07175660277456199 -0.038035490068746645 -0.013337147711324415 -0.0007310881454595457 -0.0007310881361977477 -0.013337147650226176 -0.038035489979780214 -0.0717566026553594 -0.1103239366461663 -0.15466488137121923 -0.2046729618258983 -0.2594905455280267 -0.3174061933244471 -0.3757983304548161 -0.4313944861709536 -0.48054412521701306 -0.519549086701203 -0.5450146245479169 -0.5541384511453896 -0.5449661681698714 -0.5165378500802936 -0.4690339101669827 -0.4038513000096192 -0.3237088465794725 -0.23378878659268465 -0.13832501596274946 -0.05648809697912198 -0.009169723015311227 0.008559528797935595 0.04156548030364403 0.09199296841073099 0.141019247450237 0.17702472869690458 0.19248284894030165 0.1816411179570169 0.1430381268044933 0.07793195316235192 -0.009489472966806635 -0.11263328309506442 -0.22315023196899977 -0.33170303497145937 -0.4288327998584893 -0.5057799489758154 -0.5552490239493996 -0.5720735310337369 -0.5537060419058648 -0.5005882008661696 -0.4161231956245112 -0.3091094489820959 -0.18803371860353812 -0.07918422803240702 -0.0137098068764622 0.018365817417587107 0.09386258798639315 0.21538590809349742 0.3466101158760373 0.4591160691445876 0.5406471535596996 0.5804052986962731 0.5743013816427122 0.5226927024424377 0.43022580219129897 0.30525861255088205 0.1589488359740771 0.0042390920253710905 -0.14533090024342782 -0.27686943739760933 -0.3792262584584502 -0.44397833969280726 -0.4662661851371142 -0.44527479445134915 -0.38437943667685137 -0.29309186421991335 -0.18224473110631978 -0.07848426771259681 -0.014682337140232385 0.02301166751699684 0.12688250337226245 0.2966163652144715 0.48294119763789556 0.6504281264709288 0.7830946168456225 0.8672100164771246 0.8969172013620307 0.8713588228529836 0.7946208678826433 0.6750251997178575 0.5242231118957582 0.35603749225628095 0.1852406148894581 0.02622527179843639 -0.10834955666037878 -0.20858067916176595 -0.2682641518472855 -0.28560771655540157 -0.26299984630843304 -0.20922343448993075 -0.13481993799162953 -0.06043645308387123 -0.012236751554737243 0.025215102392168797 0.13233627257502634 0.30768995876517874 0.5052217657059836 0.6873373008615694 0.8379171340320472 0.943887461261301 0.9984879565705361 1.0 0.951228871860815 0.8588799460886894 0.7328115491958708 0.5850758519288825 0.42871426117692124 0.27663984899996596 0.1405102302949003 0.029548397679695873 -0.05013132829863856 -0.09616885210118373 -0.11018885550085226 -0.09787221075907909 -0.06874997037181992 -0.03366949668043065 -0.008145349349282877 0.01890970242712235 0.10521632626085228 0.24625571209624808 0.4049191068360506 0.5552275206484587 0.6839695142719174 0.7804673473025846 0.8392925826283383 0.8583682143921622 0.8388846092449378 0.7850670783933668 0.7034037946035422 0.6020611130294368 0.49015621723207997 0.37680302273054433 0.2703138383300803 0.17757785850595892 0.10315988310393877 0.04909404490925862 0.014838769828805196 -0.0027743579055045427 -0.010044607888111574 -0.008817565289908005 -0.003756595073917337 0.013220961125965285 0.057941283957065 0.12922712037753067 0.2121962496869885 0.2947616852878936 0.3672930622738498 0.4262354402804488 0.4673112394180999 0.4892331086246081 0.4919564060697784 0.47673463121318915 0.4461816289236737 0.4036903296724225 0.353195693383046 0.29885019011934183 0.2445290179742776 0.1933577360052865 0.14772416885866813 0.10862608594319775 0.07570904480288104 0.0488828309858817 0.024306911652480542 0.006545794619499863 -0.0006444089042339646 0.0005888017174729291 0.0018412890366265816 -0.004381061328705414 -0.012363815436561593 -0.014937553652824833 -0.013461702331887192 -0.008539236721040146 0.0005513713357125848 0.0123894983996946 0.026471798552206098 0.04163043241202009 0.056686932392364546 0.07060097346003426 0.0823597954263728 0.09110265599485026 0.09615908995470472 0.09704223055170594 0.09327461896117017 0.0847537160421018 0.07124719038211125 0.05361414265044683 0.03144370284491593 0.011981327666914534 0.0010435075192218727 -0.003459259722608901 -0.048975129843111136 -0.122899559555445 -0.2052117633960165 -0.2797143666308755 -0.3435652177383637 -0.3880452548590868 -0.413586310847216 -0.4178480253818477 -0.40320473828558506 -0.3714989938807871 -0.32660769152473396 -0.27272466343830554 -0.2143846601661449 -0.15613020404787004 -0.1020469034797133 -0.05557652248086697 -0.019179193102245074 0.005740029514051763 0.01879763819244065 0.021792464311837 0.015161043688174069 0.005576804457478117 0.0009539661412760325 -0.013450425116415442 -0.059158408684006146 -0.16216130007619262 -0.28807528518613285 -0.40309436012566874 -0.5005757571085051 -0.574670164370985 -0.619080228575147 -0.6358474650306932 -0.6241304676669392 -0.5884587938423319 -0.5325047653409005 -0.46224173627823933 -0.38361139616247336 -0.30262589822126945 -0.22509518987629112 -0.15555899665345987 -0.09760922290374034 -0.05319240646917616 -0.02264927665061499 -0.004483393385087758 0.0037792526620214783 0.005306023382900148 0.0005879585215194832 -0.009368878093215972 -0.07881708169755104 -0.18013143809533075 -0.2850046255291848 -0.39016342311853064 -0.48068267239809404 -0.5510807826915134 -0.599393314951022 -0.622140041153931 -0.6212864759795359 -0.5978093814615113 -0.5556692788005858 -0.49895446556174144 -0.4326216852540951 -0.36190279382762836 -0.2913767322224811 -0.22540391687654307 -0.16696455354590678 -0.11802802965590133 -0.07930138609953923 -0.04998026755616925 -0.02787065470123436 -0.01211445594599087 -0.0010441234151130601 -0.025803115035448927 -0.050483768615442744 -0.0875558702904398 -0.12351885822683784 -0.16136718129112104 -0.19339697941643244 -0.22016905324700897 -0.2381633518846202 -0.24795570104763442 -0.2486538006526854 -0.2414132612452367 -0.2270081609033938 -0.20706803925727563 -0.18323383417784428 -0.1572379599659159 -0.1308282560229784 -0.10533213737484334 -0.08204655416946462 -0.06147302480697526 -0.04417438139620933 -0.029792949297672025 -0.01834310555296816 -0.008694310018249793 -0.00361025930588871
</DataArray>
        <DataArray type="Float64" Name="Mode_5_phi2" NumberOfComponents="1" format="ascii">
 -2.701706902864003e-7 1.7636244931201617e-6 -2.7017069231942397e-7 1.7636244883030712e-6 -3.5564896130081566e-6 2.9442591924884374e-6 -3.9916698000867006e-6 2.198933072249373e-6 -1.5305543050051093e-6 2.7650999635357813e-6 1.698679327769738e-6 3.780308081417446e-6 2.232638076174363e-6 1.1849987372289994e-6 -1.8889478160787519e-6 -4.280782430975995e-6 -6.57750421389355e-6 -6.612207316599836e-6 -5.9105252308445815e-6 -1.9929429780727286e-6 1.7070797727360863e-7 5.824042229482076e-6 4.440387181789354e-6 9.671597429363314e-6 9.812882786129672e-8 9.238756117716702e-6 -1.1443809237643833e-5 1.529884106224874e-5 3.833591050246643e-5 -2.8760338055387353e-5 1.896223913173278e-5 -1.242098012015192e-5 1.0269589596471517e-5 -7.152883990509068e-6 5.982404001460296e-6 -4.340120413193539e-6 3.2776311818369805e-6 -2.602614336544507e-6 1.5153979106133753e-6 -1.4858542200502214e-6 5.174519607648332e-7 -9.056876879063751e-7 2.534951091011399e-7 -7.956395632685399e-7 5.198329888939099e-7 -9.700526657180503e-7 1.0984216612766658e-6 -1.4040844848255203e-6 1.841937515337047e-6 -2.0985806067652564e-6 2.781607256739948e-6 -3.869883322526323e-6 -3.5564895855032633e-6 2.9442591493229964e-6 -3.991669747914265e-6 2.198933010059339e-6 -1.5305542404756363e-6 2.765099905697539e-6 1.6986794006973565e-6 3.780308013186064e-6 2.2326381371938826e-6 1.1849986947590699e-6 -1.8889477947088907e-6 -4.280782438990764e-6 -6.5775042106690145e-6 -6.612207316743381e-6 -5.910525248245515e-6 -1.9929429467752644e-6 1.7070794365906961e-7 5.824042252712609e-6 4.440387166759086e-6 9.671597424150999e-6 9.812884452709821e-8 9.23875609545123e-6 -1.144380922045481e-5 1.5298841057782635e-5 3.8335910493782425e-5 -2.876033804472112e-5 1.8962239121501584e-5 -1.2420980120093482e-5 1.0269589610329288e-5 -7.152884007752137e-6 5.982404021815004e-6 -4.3401204380326345e-6 3.277631198277721e-6 -2.6026143490816024e-6 1.5153979341182918e-6 -1.4858542463196013e-6 5.174519827776717e-7 -9.056877044007879e-7 2.5349511266935825e-7 -7.956395514693035e-7 5.198329679188102e-7 -9.700526395785873e-7 1.0984216347785671e-6 -1.4040844612875436e-6 1.8419374986621102e-6 -2.0985805977857987e-6 2.7816072569059693e-6 -3.869883337321192e-6 -0.0035387866612076506 -0.003809609970030459 -0.005714245488765743 -0.006396479556452832 -0.008449993990091045 -0.009618330672326406 -0.011447861499469095 -0.012432288552172807 -0.013376417863114713 -0.013312876316074687 -0.012767302385941376 -0.011006321489666317 -0.008855376233026747 -0.005145764260416422 -0.0018948322826261921 0.0033851996009453575 0.0066220141580835236 0.012529355960159659 0.014045012726725155 0.019418805473666215 0.017120050925137967 0.02113713851679974 0.0137200140595616 0.02528479812293584 -0.004392761018542766 -0.01585022602261557 -0.02043679024947297 -0.024640736050379256 -0.033046934277831216 -0.04109160934118358 -0.049573836408246204 -0.05670504472135432 -0.061564114810445006 -0.0634120533828628 -0.06099622464382051 -0.0547208297209207 -0.04367647964063139 -0.028609818135195777 -0.01046343550591318 0.010820154332687877 0.031868962550438286 0.05394672522644667 0.0718392593850919 0.0859814101071489 0.0973288352625191 0.08475708466183096 0.08673365085446384 0.044055814170966975 -0.006289347593365924 -0.020645782214342764 -0.03202490589810865 -0.043710939023412006 -0.06149734375415514 -0.08175637938296794 -0.10208919599338659 -0.12015750517652186 -0.13313125156873762 -0.13925719349571128 -0.13619477377303965 -0.12385261641452183 -0.10093598839202098 -0.06913179889842855 -0.02883801247818671 0.01651582383669834 0.06538301539077127 0.11267698196424673 0.15645586328552413 0.18879200083732667 0.21246120005479033 0.19991359215735718 0.17685248553498895 0.06955847756029425 -0.003936829044239833 -0.01588279248060246 -0.02814404755563238 -0.04932317917242685 -0.07690593100906642 -0.1098764210685946 -0.1432632260721069 -0.17333251020222154 -0.19606123590586705 -0.20809473467440298 -0.2068031726982709 -0.19042005492613998 -0.15876458771822285 -0.11225698610182067 -0.053442349643134324 0.014767771107232024 0.08774616184095156 0.16038246251670435 0.22715314066372938 0.2796058333448039 0.3117605670650634 0.30863136573870875 0.24675924387823542 0.08457272780038214 -0.0024904165917556693 -0.003910629610967387 -0.010155930886077616 -0.0389572867110109 -0.07245893398094345 -0.11378209954481346 -0.15558430819147095 -0.19351148469481289 -0.22309717531183562 -0.24013856267271586 -0.24165516198387435 -0.22553532503865692 -0.19122688577926297 -0.13953119769084762 -0.07276643314406508 0.005337074543008058 0.08970557485258858 0.1745451727245725 0.25249159158521733 0.31634590360279446 0.3520901833776802 0.35773340340959664 0.2808294496689059 0.08894016529381209 -0.0011017758642092891 0.009096967714986573 0.014988462197872846 -0.017743662643579298 -0.04930285430777455 -0.09054501317222134 -0.13122552067730295 -0.1684813157103993 -0.1979361511968762 -0.21612102706791048 -0.2201567653127162 -0.20825752454555177 -0.17971839127404846 -0.13522240455586146 -0.07663892609775837 -0.007262699063715208 0.06869740936710018 0.1455830647946237 0.21759045309797825 0.27732370204169504 0.31147545217914485 0.3231929139800285 0.25031400776408463 0.07333850453995035 -0.004853683753493998 0.01187123253795188 0.029551841970989656 -0.0008420475868353078 -0.021863931035488348 -0.05082878422471012 -0.07786333361513045 -0.10184600508322482 -0.1207816698515688 -0.13265176036395235 -0.13606559632887055 -0.13000205150810254 -0.11403483623148153 -0.08841551324452213 -0.05411046102900265 -0.012736868821462749 0.03334821252568732 0.08112593020317685 0.1266767327261176 0.16709326759595092 0.18880649350968834 0.20478711671463068 0.15554447475082284 0.04117494417626097 -0.015346401256046752 -0.00930523154739431 0.014507006433742515 -0.007613265667034447 -0.009995608420260272 -0.014413894501365297 -0.014191277230479781 -0.011495627019424077 -0.007540776568721408 -0.003452443193796627 -6.150830102467126e-5 0.0021029033554945007 0.0028647967833962044 0.002438955105314878 0.0012961560199378885 0.00016702277244752471 -0.0001208607122932377 0.0011385969717826706 0.0041716812853775575 0.010210931804314297 0.013447244339051576 0.02451131412905021 0.016809668543340688 -0.004037697570532917 -0.03487250032095836 -0.06165749284207975 -0.043601843402177064 -0.05260715210899613 -0.031197268275593038 -0.0016666531534089873 0.036524524224793506 0.0772456290603269 0.11492175041799921 0.14474076770174985 0.1627105483844373 0.1662970313378809 0.15440323611870418 0.12758209363363268 0.08791731941350062 0.03888389567051681 -0.014984443260884557 -0.06851453066007916 -0.11644038489045448 -0.1524955042903587 -0.17386372849171214 -0.1707528632398978 -0.1361428152927386 -0.051672867026167225 -0.061200469254785006 -0.14241559225587314 -0.14318545003423258 -0.1374068814991428 -0.09159438796414916 -0.024556014615085216 0.055946065927330015 0.1399712722784253 0.2173689980097274 0.27934469918367766 0.3187182696113744 0.3306074158142912 0.31282638045438216 0.2660482249573233 0.19376441253426932 0.10200780592110438 -0.0011487206264124436 -0.10613188954570027 -0.20287809049731828 -0.28040352870567525 -0.3261781585439151 -0.3353577030442962 -0.2657405817138779 -0.09254664294176562 -0.08988135681197448 -0.23599340456476078 -0.2649984242174377 -0.2466128085536059 -0.18078462520994884 -0.08066141416972315 0.03802445434452897 0.16190122308194466 0.27717096399659097 0.3715698370024026 0.43514849565944874 0.46097435536557346 0.4456997437842685 0.38988455344569983 0.2979077383516271 0.1776787940669734 0.03991448053262817 -0.10243847894550445 -0.23539875490971507 -0.34480936290836506 -0.4106755431169843 -0.4303522788894129 -0.34497906503615755 -0.11801430480141767 -0.1134647807023894 -0.31752112494661805 -0.3766088616155025 -0.3507788734784023 -0.27370740276681355 -0.15250840890259898 -0.008610010729048408 0.14252119394416526 0.28490278136038527 0.40422095862953633 0.48872486357214723 0.5301174622813511 0.5241577941882611 0.47106331719523314 0.37545385213951776 0.24602829497306886 0.09482134415421618 -0.06359504327030335 -0.2130898173127901 -0.3379374292551743 -0.41507494537487777 -0.44123440576250333 -0.3604214221054852 -0.12467294018407452 -0.12467294015359418 -0.36042142201866234 -0.4412344056663279 -0.4150749452007837 -0.3379374291608595 -0.2130898172945565 -0.0635950432929214 0.09482134409900471 0.24602829487343317 0.37545385207097715 0.47106331710998867 0.5241577941363792 0.5301174622803236 0.488724863575394 0.4042209586498983 0.2849027814047272 0.1425211939946369 -0.008610010652434427 -0.15250840895456075 -0.27370740278889355 -0.3507788736070905 -0.37660886166263646 -0.3175211249929447 -0.1134647807146205 -0.11801430475229767 -0.34497906491133723 -0.4303522787338151 -0.41067554296488984 -0.34480936276689933 -0.2353987548641327 -0.10243847894504049 0.039914480489845985 0.1776787939451915 0.29790773822009686 0.38988455328493954 0.4456997436700111 0.46097435532500486 0.4351484955431416 0.37156983700504226 0.2771709639458459 0.16190122311266142 0.03802445440717003 -0.0806614141473127 -0.18078462523039415 -0.24661280855839524 -0.2649984242123316 -0.23599340456514453 -0.0898813568017534 -0.0925466428817437 -0.26574058156550506 -0.335357702844245 -0.3261781583737257 -0.28040352858322604 -0.2028780903768616 -0.10613188951294916 -0.0011487207143196462 0.1020078058240122 0.19376441235998604 0.26604822471416795 0.31282638031908183 0.3306074156295817 0.3187182695238956 0.2793446990686185 0.21736899792371758 0.13997127224028386 0.05594606595423533 -0.024556014520246142 -0.09159438794022405 -0.13740688140852586 -0.14318544996768098 -0.14241559220073938 -0.06120046923256679 -0.05167286696956858 -0.1361428151084486 -0.17075286307136603 -0.17386372827093216 -0.15249550410505228 -0.11644038479768204 -0.06851453062649758 -0.014984443294730058 0.03888389554365809 0.08791731919616365 0.1275820934006743 0.1544032358336622 0.16629703118451486 0.16271054818808686 0.14474076755445878 0.11492175029307687 0.07724562896245717 0.036524524255347635 -0.0016666530796009148 -0.0311972681635192 -0.052607151984138956 -0.043601843251929916 -0.061657492714998416 -0.03487250025704255 -0.004037697491284429 0.016809668708421786 0.02451131436947296 0.013447244498181458 0.010210932050328919 0.00417168133607281 0.0011385970055735118 -0.00012086070328188682 0.00016702260606675658 0.0012961558121742211 0.002438954793264454 0.0028647965479862863 0.002102903074693664 -6.150851075987899e-5 -0.003452443382491509 -0.00754077671260614 -0.011495627100483283 -0.014191277246008856 -0.014413894424002772 -0.00999560827896665 -0.007613265488621847 0.014507006638785356 -0.009305231360029038 -0.015346401198625846 0.04117494424802518 0.15554447497969845 0.2047871168764127 0.18880649373307812 0.16709326774446118 0.12667673283310715 0.08112593021341324 0.03334821249829592 -0.012736868945022253 -0.05411046126935018 -0.08841551349026036 -0.11403483653139229 -0.13000205176474608 -0.13606559656269454 -0.13265176058626288 -0.1207816699722199 -0.10184600519085057 -0.07786333360892184 -0.05082878415560736 -0.021863930918100297 -0.0008420473746942508 0.0295518421735614 0.011871232755957044 -0.004853683656246547 0.07333850461754059 0.25031400793259284 0.32319291415614465 0.3114754523653594 0.277323702188519 0.2175904531705015 0.14558306481141345 0.06869740931032207 -0.007262699184595455 -0.0766389262929442 -0.1352224047879795 -0.17971839152094649 -0.20825752477941759 -0.22015676553695154 -0.21612102724572238 -0.19793615134415607 -0.16848131577128306 -0.13122552067995633 -0.09054501312313384 -0.04930285418970705 -0.017743662485788264 0.014988462430112252 0.009096967927363404 -0.0011017757881334664 0.08894016535996153 0.2808294498183574 0.35773340352827804 0.35209018353129995 0.31634590371057125 0.25249159163562046 0.17454517272095435 0.08970557482295954 0.005337074408526204 -0.0727664332803243 -0.13953119786351803 -0.1912268859763045 -0.22553532522388897 -0.24165516215604557 -0.24013856282537904 -0.22309717541396418 -0.19351148475672095 -0.15558430820436592 -0.11378209947827655 -0.07245893391299493 -0.03895728655962225 -0.010155930713842808 -0.003910629443416466 -0.0024904165094708033 0.08457272784674676 0.24675924398164245 0.30863136582857964 0.31176056714802863 0.2796058334025435 0.22715314071241 0.1603824625101947 0.08774616180106536 0.014767771031667818 -0.053442349742860516 -0.11225698622645987 -0.1587645878328387 -0.1904200550512129 -0.2068031728134264 -0.20809473478055987 -0.1960612359690817 -0.1733325102595785 -0.14326322606467368 -0.10987642103542378 -0.07690593093821327 -0.049323179080045965 -0.028144047455840787 -0.015882792341076007 -0.00393682900479316 0.06955847760096674 0.17685248560441597 0.1999135922021544 0.21246120007910682 0.18879200087292722 0.15645586328736039 0.11267698197643823 0.06538301536530342 0.016515823803133687 -0.028838012540134586 -0.06913179896039731 -0.10093598845947636 -0.12385261647057376 -0.13619477384355452 -0.13925719353940688 -0.13313125161796227 -0.12015750519914382 -0.10208919599072082 -0.08175637937418397 -0.06149734371258409 -0.04371093897488834 -0.03202490583064814 -0.020645782155023072 -0.006289347550277255 0.04405581418617436 0.08673365089702134 0.08475708465975416 0.09732883526121375 0.08598141011632601 0.07183925938149935 0.05394672522844133 0.03186896254999814 0.010820154318392162 -0.010463435519938885 -0.02860981816721405 -0.04367647966478272 -0.05472082973889758 -0.06099622466492561 -0.06341205339689752 -0.06156411483626595 -0.05670504472791784 -0.04957383641800072 -0.041091609339999204 -0.03304693426150835 -0.02464073602521153 -0.02043679023024938 -0.015850226000907155 -0.0043927610064961155 0.02528479812876471 0.01372001406137264 0.0211371385236253 0.01712005092436041 0.01941880546707779 0.014045012729592242 0.012529355960580255 0.006622014169003306 0.0033851995984308983 -0.001894832289594868 -0.005145764272872166 -0.008855376230611734 -0.011006321494207747 -0.012767302382498277 -0.013312876319642461 -0.01337641787003051 -0.012432288551203664 -0.011447861506695006 -0.009618330667578102 -0.008449993992943008 -0.006396479548869311 -0.005714245482471383 -0.0038096099583035626 -0.003538786647286314
</DataArray>
        <DataArray type="Float64" Name="Mode_6_w" NumberOfComponents="1" format="ascii">
 5.817107657729819e-7 -9.172724664306237e-8 -5.817107653846092e-7 9.172724643148667e-8 -1.1829193737139332e-6 1.5994490658013318e-6 4.888800255162554e-7 1.444344671252686e-6 9.341657579468355e-7 1.1283898304467127e-6 1.1283898304467127e-6 7.665408639626311e-7 7.599370992556116e-8 -7.86883822949434e-7 -1.4610036348974046e-6 -1.6209812807833503e-6 -1.2859025721061689e-6 -6.594607120820482e-7 6.117982739176692e-9 4.918296451779287e-7 6.779738078337737e-7 5.762651026876266e-7 5.762651026876266e-7 4.836239325061459e-7 2.813534989732383e-7 1.8852664814248388e-7 -3.2856513910423366e-8 -5.967612995113886e-8 9.89284729113006e-8 -1.1063543621454821e-8 1.4191561414468957e-7 -5.2701335219464596e-8 7.973827956004653e-8 8.364464593818448e-8 8.364464593818448e-8 2.275612394036631e-7 2.416082914971585e-7 1.706999145618636e-7 6.079061530839078e-8 -5.2949503664596766e-8 -1.6878145276111321e-7 -2.0858554159676284e-7 -3.0049751660686116e-7 -2.0569199904498707e-7 -1.8994211835656548e-7 -1.963655783665531e-7 -1.963655783665531e-7 -1.6259756057938748e-7 -5.845366913860575e-7 2.914172260530486e-7 -9.588047000387722e-7 1.3699402442592794e-6 1.18291937536324e-6 -1.5994490642246011e-6 -4.888800261154949e-7 -1.444344672026625e-6 -9.341657574319563e-7 -1.1283898305287972e-6 -1.1283898305287972e-6 -7.665408644028622e-7 -7.599371090841417e-8 7.86883822900407e-7 1.4610036360107132e-6 1.6209812817900418e-6 1.2859025726248283e-6 6.594607109806587e-7 -6.1179830349390736e-9 -4.918296451624727e-7 -6.77973808580769e-7 -5.762651020422725e-7 -5.762651020422725e-7 -4.836239349588039e-7 -2.813534984620622e-7 -1.8852665033997812e-7 3.285651381450069e-8 5.967613161300135e-8 -9.892847265640685e-8 1.1063545472674679e-8 -1.4191561674793858e-7 5.270133738143264e-8 -7.973828233116744e-8 -8.364464288316255e-8 -8.364464288316255e-8 -2.2756124054050158e-7 -2.416082921563026e-7 -1.7069991358672529e-7 -6.07906155330429e-8 5.29495029832343e-8 1.6878145234883954e-7 2.0858554373589536e-7 3.004975146035074e-7 2.0569200090021856e-7 1.8994211501764252e-7 1.963655794268617e-7 1.963655794268617e-7 1.6259755908211815e-7 5.845366942003807e-7 -2.9141722765030044e-7 9.588046994789936e-7 -1.3699402442887255e-6 0.0003365008538954344 0.000936235221149683 0.0013565421116945018 0.001898648613372203 0.002397321755535858 0.002743034455801592 0.002743034455801592 0.00298298213604005 0.003032625317044178 0.0029559420908505077 0.0027264686595557864 0.0024054697627915104 0.002008653465902071 0.0015865644126495304 0.0011697913167684378 0.0007950252534715366 0.0004812632314925533 0.0002493111158359232 0.0002493111158359232 9.118330840218867e-5 1.1224879465017082e-5 -3.3732376678511416e-5 -4.345240890993838e-5 -2.1163876403066537e-5 0.0009067515626998988 0.00520808031116457 0.009680474638477163 0.014163362769091513 0.018120351163313047 0.02106844298203092 0.02106844298203092 0.022794042757707005 0.023243324897421425 0.02244029581680559 0.02057644050158941 0.017866489764702793 0.014631820794405198 0.011184597186301647 0.007839810293565008 0.004867013161343286 0.0024575964452664555 0.000740407472485777 0.000740407472485777 -0.00028254597078568593 -0.0006770699595463246 -0.0006196570771450367 -0.00045430933842290343 -8.696236539016275e-5 0.00111088227756557 0.008302756573908752 0.018565396214480223 0.02875710372474553 0.03762967620171518 0.04420634271380812 0.04420634271380812 0.04800983661200574 0.04889040882537392 0.04699308563422775 0.04267721632986659 0.03650780557472008 0.029160379083886998 0.021392108479717366 0.013919820803537425 0.007367219694561866 0.0022097463859371965 -0.0012780535093251024 -0.0012780535093251024 -0.003037218533990581 -0.0032796401043731255 -0.0024103646506505078 -0.0011982316424627964 -0.00016579721877413623 0.001300597497216047 0.010533211605173898 0.024971194185354054 0.039310702964078854 0.05190147232579282 0.06121405429822862 0.06121405429822862 0.06657128804590645 0.06774408766698772 0.06491169793193262 0.05860777276202989 0.04961829785410882 0.03894296587324029 0.027667287758777047 0.016859699199361252 0.007442945389148197 0.00012957574094449046 -0.004646743926671071 -0.004646743926671071 -0.0067939268091074725 -0.006591367465689888 -0.004671584258176075 -0.0020785084862778706 -0.0002470585653421465 0.0011751824233284056 0.01011508205207358 0.02507975416942089 0.03993822472205468 0.052961433943319765 0.06263887546191596 0.06263887546191596 0.06815663607652332 0.06928748678028833 0.06618694874787644 0.059396619687044586 0.04974342027492698 0.03827643201919834 0.026166564446457506 0.014567666852201282 0.004503980498095966 -0.0032237388214813615 -0.008109076820022617 -0.008109076820022617 -0.01000403476309292 -0.009190106776677706 -0.006348537675738597 -0.0026212364528249124 -0.0002797896331838627 0.000675747098361228 0.0066195340496131355 0.017429683297084476 0.028240724134126694 0.037716759167663066 0.04479848032963428 0.04479848032963428 0.0488897068077972 0.04977373916176757 0.04754352373869291 0.04254938140258214 0.03536377312884015 0.026740271225346397 0.017543641795902475 0.008659342926485 0.0008975782977083588 -0.005070441501919072 -0.008786071568819514 -0.008786071568819514 -0.01004470345680252 -0.008987588005478045 -0.00612531072596724 -0.00228301547680115 -0.00019599554269189275 0.000675747098361228 0.0066195340496131355 0.017429683297084476 0.028240724134126694 0.037716759167663066 0.04479848032963428 0.04479848032963428 0.0488897068077972 0.04977373916176757 0.04754352373869291 0.04254938140258214 0.03536377312884015 0.026740271225346397 0.017543641795902475 0.008659342926485 0.0008975782977083588 -0.005070441501919072 -0.008786071568819514 -0.008786071568819514 -0.01004470345680252 -0.008987588005478045 -0.00612531072596724 -0.00228301547680115 -0.00019599554269189275 -7.39549322695554e-5 0.0005390590390493994 0.003323602214244645 0.006159512556502884 0.0087629512968587 0.010922166920787763 0.010922166920787763 0.012466935517974885 0.01331810975831622 0.013405819513879173 0.01271576726055643 0.01127612817973047 0.009184197922282561 0.0066137241579734656 0.003804010181143367 0.001038074854347442 -0.0013802970798143348 -0.0031590929156957216 -0.0031590929156957216 -0.004032276519505156 -0.003853167685431324 -0.0026722974331060676 -0.000570890549101892 4.8478495341614364e-5 -0.0009586578153407597 -0.006655732599614178 -0.013794663412926638 -0.02076494047411756 -0.026538741792520287 -0.03019886748007384 -0.03019886748007384 -0.03133259500618623 -0.02986020602723552 -0.026032937985892297 -0.020378222346345554 -0.013603468579588227 -0.006521048356951786 7.048885913118468e-5 0.00549422604324333 0.00927115353568524 0.011168356691085459 0.011218562464396663 0.011218562464396663 0.009758785234371889 0.007355100345084924 0.004662821188906259 0.0027335301871510187 0.00047391164158478024 -0.0017230770745780002 -0.013171490250371006 -0.02936374347480513 -0.04537201455568446 -0.05868518806039407 -0.0673475049427344 -0.0673475049427344 -0.0703180499696193 -0.06734989121111794 -0.058899223990232334 -0.04601803389585198 -0.030202688207586134 -0.01323359112744287 0.0030418377504385433 0.016950433127550218 0.027179632777730604 0.0329016048208693 0.03386221580915314 0.03386221580915314 0.030469522728408565 0.023769711629249384 0.015275902338307498 0.007315874702413408 0.0010334784811737413 -0.0022242719735106405 -0.017376501418696358 -0.03944932775313889 -0.06135476240273322 -0.079429001033016 -0.09092145440970047 -0.09092145440970047 -0.09431338358346639 -0.08921017130341387 -0.0762326854866059 -0.05686500800404052 -0.033248416130049425 -0.007972334698052051 0.016235647197272784 0.036856058896233966 0.05186297587765638 0.05991313894578948 0.06050313554096418 0.06050313554096418 0.054102617733462956 0.04219006410272776 0.027097300588369105 0.01231198639599567 0.0016291227087533553 -0.0023456884859065306 -0.018448872656082506 -0.0419322880480896 -0.06536430825519617 -0.08444341958397068 -0.09609740398394022 -0.09609740398394022 -0.09854832836353906 -0.09132069438470725 -0.07511041431655287 -0.05162523570914491 -0.023357628702752896 0.0066551037494539484 0.03518222249115013 0.0592103519729577 0.07628626820316729 0.08475156895673572 0.08394503989703399 0.08394503989703399 0.07436704780909562 0.05776789330521966 0.03706090354760659 0.01645186595605053 0.0021156344095070267 -0.0021156344095532736 -0.016451865953871485 -0.03706090354535813 -0.05776789330138292 -0.07436704780727349 -0.08394503989808688 -0.08394503989808688 -0.08475156896799889 -0.07628626821995689 -0.059210351991542697 -0.03518222250916129 -0.006655103769000689 0.023357628681663804 0.051625235690879984 0.07511041429918211 0.09132069437174584 0.09854832835815401 0.09609740398848104 0.09609740398848104 0.08444341959158527 0.06536430826486839 0.041932288052529375 0.018448872657623374 0.0023456884862156804 -0.0016291227091924938 -0.01231198639793334 -0.02709730059150801 -0.04219006410906607 -0.05410261774316206 -0.060503135556214 -0.060503135556214 -0.05991313896328568 -0.05186297590081564 -0.036856058918376663 -0.016235647218550354 0.007972334678876902 0.033248416111007095 0.05686500798808935 0.07623268547428538 0.08921017129276773 0.09431338358103054 0.09092145441564696 0.09092145441564696 0.07942900104188053 0.061354762410777405 0.03944932776014517 0.01737650142212758 0.002224271973951799 -0.0010334784820194589 -0.00731587470720285 -0.015275902349032913 -0.023769711647056376 -0.03046952274925447 -0.03386221583349989 -0.03386221583349989 -0.03290160485132979 -0.027179632808217655 -0.0169504331591965 -0.003041837776301248 0.01323359110497392 0.03020268818935684 0.04601803388181198 0.058899223980769494 0.0673498912074296 0.07031804996971483 0.06734750494654261 0.06734750494654261 0.058685188067956084 0.04537201456024448 0.029363743479101402 0.013171490252007381 0.001723077074880423 -0.00047391164272326684 -0.0027335301961905747 -0.004662821207957673 -0.007355100372146276 -0.009758785267372122 -0.011218562502241708 -0.011218562502241708 -0.01116835672915231 -0.009271153575913961 -0.005494226079265516 -7.048889057976318e-5 0.0065210483311898115 0.013603468560509336 0.020378222332584545 0.026032937978268295 0.0298602060262131 0.03133259500861404 0.03019886748446291 0.03019886748446291 0.026538741797606794 0.020764940480018503 0.013794663414864586 0.006655732600881968 0.0009586578154534815 -4.847849640897731e-5 0.0005708905394639761 0.0026722974107708662 0.003853167651482261 0.004032276480141931 0.003159092870411508 0.003159092870411508 0.0013802970322573946 -0.001038074898703334 -0.003804010222832179 -0.006613724192468794 -0.009184197949639069 -0.011276128201697513 -0.012715767273326031 -0.013405819521406995 -0.013318109759382045 -0.012466935516340738 -0.010922166916760673 -0.010922166916760673 -0.008762951292713908 -0.006159512553813684 -0.003323602211163643 -0.0005390590390276334 7.395493204324863e-5 0.00019599554167673891 0.0022830154676213867 0.006125310703757389 0.008987587972151876 0.010044703413671818 0.008786071522010157 0.008786071522010157 0.0050704414533298894 -0.0008975783438666816 -0.008659342967467301 -0.017543641832147638 -0.026740271253483903 -0.035363773150686235 -0.04254938141808237 -0.04754352374730891 -0.04977373916501828 -0.04888970680726036 -0.044798480327940995 -0.044798480327940995 -0.03771675916607116 -0.028240724132558816 -0.017429683297690055 -0.006619534048999537 -0.0006757470982805528 0.00019599554167673891 0.0022830154676213867 0.006125310703757389 0.008987587972151876 0.010044703413671818 0.008786071522010157 0.008786071522010157 0.0050704414533298894 -0.0008975783438666816 -0.008659342967467301 -0.017543641832147638 -0.026740271253483903 -0.035363773150686235 -0.04254938141808237 -0.04754352374730891 -0.04977373916501828 -0.04888970680726036 -0.044798480327940995 -0.044798480327940995 -0.03771675916607116 -0.028240724132558816 -0.017429683297690055 -0.006619534048999537 -0.0006757470982805528 0.000279789632106105 0.0026212364450269934 0.00634853765540018 0.009190106745881553 0.010004034725316774 0.008109076777958834 0.008109076777958834 0.0032237387789222026 -0.00450398054013348 -0.014567666890063315 -0.02616656447881634 -0.03827643204657163 -0.04974342029522084 -0.059396619701624395 -0.06618694875805847 -0.0692874867850412 -0.06815663607911797 -0.06263887546259643 -0.06263887546259643 -0.05296143394355049 -0.039938224723518705 -0.025079754169494164 -0.010115082053403451 -0.0011751824232914111 0.0002470585644841533 0.002078508478974044 0.004671584243694702 0.006591367442247919 0.0067939267794565284 0.004646743894920284 0.004646743894920284 -0.00012957577284307924 -0.007442945419363331 -0.016859699228538423 -0.02766728778362798 -0.03894296589398831 -0.04961829787057937 -0.05860777277437583 -0.0649116979405276 -0.06774408767330158 -0.06657128804956075 -0.06121405430093849 -0.06121405430093849 -0.05190147232722702 -0.03931070296498285 -0.024971194187220495 -0.010533211605288268 -0.0013005974973657743 0.0001657972182603033 0.0011982316390190732 0.0024103646411947175 0.0032796400902742203 0.0030372185156976672 0.001278053489614787 0.001278053489614787 -0.0022097464051930157 -0.007367219713314793 -0.01391982082020552 -0.021392108495375938 -0.029160379096485927 -0.036507805585298175 -0.04267721633845707 -0.04699308564059972 -0.04889040883006922 -0.04800983661523654 -0.04420634271629235 -0.04420634271629235 -0.03762967620308457 -0.028757103725366988 -0.018565396214618533 -0.008302756574798165 -0.0011108822777007395 8.696236493927098e-5 0.0004543093348198816 0.0006196570721312186 0.000677069952113339 0.00028254596305729514 -0.0007404074814089468 -0.0007404074814089468 -0.002457596452931746 -0.004867013168256624 -0.007839810300240797 -0.011184597192633072 -0.014631820800015323 -0.017866489768960894 -0.020576440506073188 -0.022440295820226774 -0.02324332489989291 -0.022794042759283824 -0.021068442982809438 -0.021068442982809438 -0.01812035116459278 -0.014163362769461802 -0.009680474638626054 -0.005208080310927464 -0.0009067515627476754 2.1163876262020803e-5 4.3452408403286135e-5 3.373237567284757e-5 -1.1224880168138713e-5 -9.118330980750864e-5 -0.00024931111659018656 -0.00024931111659018656 -0.0004812632324759815 -0.0007950252541014711 -0.0011697913176124976 -0.0015865644133682393 -0.002008653466651328 -0.0024054697634124586 -0.0027264686600774433 -0.0029559420914609343 -0.0030326253173397796 -0.0029829821364554423 -0.002743034456028373 -0.002743034456028373 -0.0023973217558684893 -0.0018986486134580068 -0.0013565421117051127 -0.0009362352212111932 -0.0003365008537575207
</DataArray>
        <DataArray type="Float64" Name="Mode_6_phi1" NumberOfComponents="1" format="ascii">
 2.610446003203334e-6 -1.9639667372943858e-7 2.6104460050138765e-6 -1.963966848123701e-7 2.84086074521588e-5 -1.4940353649508157e-5 7.2407341348570825e-6 -1.9766697367826923e-6 3.034613596330052e-6 -2.632533450779552e-6 2.558546835095155e-7 -3.218487579429898e-6 -9.348608785586443e-7 -1.974144093527071e-6 -2.9977918531700355e-8 1.1956445004142985e-7 1.372643331264198e-6 1.2176152862878474e-6 1.646378013636562e-6 6.858806281724266e-7 7.411816004831382e-7 -5.372536807643294e-7 5.3320473802127614e-8 -1.2207204275016365e-6 3.172244411181049e-7 -1.606234513649145e-6 1.863858667808734e-6 -2.652657507076214e-6 -1.936396977362963e-6 9.217303716715375e-7 -1.2754817447332808e-6 -5.424028437646665e-7 -1.7190826159645557e-6 -1.4497960086074327e-6 -1.8329019714554159e-6 -1.4036349533926335e-6 -1.2359789304568518e-6 -4.906273294200813e-7 -6.80552743595465e-8 1.0476738080894994e-6 1.190087021456525e-6 2.872553466472002e-6 1.9015485748788494e-6 4.576666482506187e-6 1.416402339389058e-6 5.90305891553426e-6 -1.017271081335958e-6 7.278500082141064e-6 -7.231440532351606e-6 1.122554969679044e-5 -1.8196270797734388e-5 1.2895386968437479e-5 2.8408607435331093e-5 -1.4940353633062948e-5 7.240734130299541e-6 -1.976669742043973e-6 3.0346136080341887e-6 -2.6325334741949826e-6 2.5585471377376645e-7 -3.2184875984152192e-6 -9.348608751492798e-7 -1.9741440881927116e-6 -2.997793834537028e-8 1.1956447866517668e-7 1.3726433006331456e-6 1.217615315620033e-6 1.646377994902498e-6 6.858806372069425e-7 7.411816034070906e-7 -5.372536961834642e-7 5.3320489309580104e-8 -1.2207204336852458e-6 3.1722444327649157e-7 -1.6062345199836254e-6 1.8638586811800775e-6 -2.652657528379769e-6 -1.9363969534776445e-6 9.217303150489435e-7 -1.2754816659271665e-6 -5.424029433264904e-7 -1.719082506873782e-6 -1.4497961173863481e-6 -1.8329018947229714e-6 -1.4036350022083052e-6 -1.2359788909276791e-6 -4.906273565844132e-7 -6.805526470234744e-8 1.0476737983303358e-6 1.1900870406118126e-6 2.872553439079401e-6 1.9015485935620285e-6 4.57666647003967e-6 1.4164023441118066e-6 5.90305893187999e-6 -1.0172711098422168e-6 7.278500117119186e-6 -7.2314405740577676e-6 1.122554973116383e-5 -1.819627081319625e-5 1.2895386977836576e-5 0.021332373196256953 0.04142313151768998 0.08053048346771884 0.11382631290752634 0.1500241098743551 0.17773293338332158 0.20007009602149686 0.21161218486488823 0.2148607876619932 0.2080916958157559 0.19384438138901902 0.17278724088059969 0.1475079157782632 0.11981420288654193 0.09204260534315503 0.06598425698677456 0.043312522167559944 0.024973831775107737 0.011615784789112363 0.002919008572187246 -0.0015052252530895196 -0.0032419628986373535 -0.0028341981594685287 -0.0022489361499274203 0.012825587785535978 0.08811802412176287 0.18328583113296865 0.290907263751728 0.3863552237685533 0.4657432398049593 0.5199529631490294 0.5483258537952552 0.5490087214044459 0.5247859568856583 0.4785727928190598 0.41564271865401503 0.3418238984901971 0.26338451783266714 0.18651816076790004 0.11671255390748206 0.058266423167757216 0.01425474916117729 -0.014319445872963741 -0.027903475060108 -0.02863191604852636 -0.022073323120648757 -0.011705144488532207 -0.002120383188849224 0.010840190454177306 0.05725231669656836 0.1633100549591428 0.2843259986753469 0.39248368336740647 0.4801972303863161 0.5402372582882293 0.5692113834757946 0.5674271082356048 0.5365879260192185 0.4811403999331013 0.40687954416060407 0.3206617640265581 0.23010232129311478 0.14249197101270933 0.064443506789081 0.0014364222290257635 -0.0431444407816701 -0.06743835688702499 -0.07257490164376813 -0.06160016969384653 -0.0398494328987301 -0.01675754813577326 -0.002907981106301079 0.004780899783710033 0.04632798150143892 0.1127825444482468 0.19112866895151004 0.2620703754021263 0.32009506726117837 0.35918541522670927 0.37724732910905623 0.37359613482113413 0.3496714456452641 0.3082655326465705 0.25343022160617623 0.19021658953519432 0.12396142036997501 0.06020596773065987 0.003970921301896074 -0.04065465541751398 -0.07063278607188189 -0.08474629115695154 -0.08307265197487336 -0.06826300923178097 -0.043212883023914725 -0.017566956710499647 -0.001992266033587413 -0.003135245423962104 -0.008474102970520184 -0.00922275693517638 -0.007235006672119258 -0.007033760131105537 -0.007274732907027552 -0.008308810962184887 -0.010897514390741728 -0.015040949156065806 -0.021010667880239864 -0.028735713455802718 -0.037902416508645856 -0.04803815878684254 -0.05831130028467255 -0.06776622341745504 -0.0752452685079386 -0.0795678907371507 -0.07972526984009827 -0.07480113171591792 -0.06432179504240292 -0.04875240863851291 -0.02796689853716724 -0.009287052379429669 -8.538415474709472e-5 -0.013989748827941743 -0.06545171607505758 -0.14824545671242753 -0.2376757976858144 -0.3192503925083273 -0.38631045873512954 -0.4323007324627662 -0.45497284799306914 -0.45442164652608197 -0.4323784406781074 -0.3924771710734819 -0.33947091231320187 -0.27872059736658783 -0.21573174927723152 -0.15553989762782613 -0.10233152539339462 -0.05905666266384557 -0.027195454462599453 -0.006684566451700497 0.004279511383779979 0.007930295109291066 0.009569142382684302 0.008184265728764035 0.0038226131393313727 -0.02194144452950489 -0.11595485566802571 -0.26775030198601535 -0.4346062090302655 -0.5859140270681947 -0.7073299581544826 -0.7875356975945941 -0.8216806639081721 -0.8091003121112131 -0.7536180603063565 -0.6622537210235345 -0.5447627224224005 -0.41249217053458553 -0.27723035828857684 -0.15018377840221175 -0.04096109325549845 0.043285188378732194 0.09846168200172407 0.12397469592014967 0.12288444022356054 0.1009118457845877 0.06865142206117264 0.03412386990879011 0.008607045178730803 -0.02709989237544972 -0.14310721960573192 -0.33240504389790215 -0.5412797630607824 -0.72826303479128 -0.8759122201386426 -0.9686141465181521 -0.9999999999745888 -0.9694697564989818 -0.8818557340692589 -0.7470307017975062 -0.5784042114577274 -0.3917591279474498 -0.20373277843355259 -0.030241290058481862 0.11493160255240176 0.22138544815692837 0.2830769985309403 0.2989074634869535 0.2731985284273507 0.21487908224645283 0.1390349700142135 0.06413931066288876 0.013906970134801654 -0.026092638197347463 -0.13953356271722597 -0.32342813904913725 -0.5252408399001363 -0.7049923276993185 -0.8423147141492525 -0.9223725296671138 -0.9378623913186126 -0.8882721714671676 -0.7791471075777457 -0.6211599171311549 -0.4291865809843009 -0.22073176411100176 -0.014337271216957796 0.17211720852894247 0.32308133977091386 0.4267794080388716 0.4763270897034956 0.4705186205321962 0.4143221475431673 0.31895925388962687 0.20179358641010084 0.08976808220084784 0.01777664952748345 -0.0205158216334354 -0.10607960324344679 -0.24292720672666865 -0.39276573532763503 -0.5236868948120228 -0.6190225814722097 -0.6660775651949177 -0.6588963500256396 -0.5970405451330514 -0.48544931809794845 -0.33377194033119734 -0.15531659076404236 0.03409944532329807 0.21762078344930993 0.37892850512728066 0.5037493840266365 0.5812304275501881 0.6050495043756557 0.5741878653882463 0.4934368559614577 0.3743673436839216 0.23331571128115516 0.10154516984377997 0.01907430760322592 -0.01083828629104664 -0.0522820954014403 -0.11569097787028892 -0.18318540026822389 -0.24042099665296449 -0.27538324375541634 -0.28137484523949563 -0.2542001805082438 -0.19373944913904226 -0.10329135048197446 0.010661591573840471 0.13901634248894948 0.2708860642424509 0.3945473381367146 0.49851213478508377 0.5726477107602402 0.6091878590369612 0.6036162343457158 0.5552730245751006 0.46775455735336086 0.35054077905850867 0.21581655425972446 0.09192955479639045 0.01634355377630629 -7.32190267094795e-5 0.007558454076053469 0.02468723791526189 0.045242455312257596 0.0664825835430009 0.09154118462519628 0.12129237107252418 0.15693275434908774 0.19865467539769216 0.2455607792338358 0.29573051767678343 0.3462631346525312 0.3934697392473207 0.4331493203710747 0.46098638829341776 0.47299724491975037 0.46600347309265366 0.4380681013684134 0.3889133585360984 0.3199202172785493 0.23639058812435434 0.14315802004266448 0.059264836817982634 0.009742720905302886 0.009742720901073929 0.059264836808941346 0.14315801995994734 0.23639058797856877 0.3199202170817286 0.38891335832820234 0.4380681011408842 0.4660034729713844 0.47299724483552774 0.4609863882700429 0.4331493203667868 0.3934697392601613 0.3462631346554046 0.29573051769077807 0.24556077929127074 0.19865467548277035 0.15693275443450233 0.12129237114942 0.09154118470211012 0.06648258362128444 0.045242455351721736 0.024687237937104915 0.007558454100770377 -7.321901543240507e-5 0.01634355375814837 0.0919295547093942 0.2158165541325832 0.3505407788385358 0.4677545570785689 0.5552730242606386 0.6036162341484345 0.6091878588286658 0.5726477106272664 0.4985121346389912 0.3945473380507461 0.270886064227802 0.13901634252558645 0.010661591642246471 -0.10329135038629045 -0.19373944906222607 -0.2542001804206297 -0.28137484520585565 -0.2753832437627689 -0.24042099668996306 -0.18318540030135164 -0.1156909778407571 -0.05228209539321268 -0.01083828629699422 0.019074307595920523 0.10154516978906611 0.23331571112079855 0.3743673434424599 0.4934368557130536 0.5741878651778344 0.6050495040747758 0.5812304273411998 0.503749383798253 0.37892850496223796 0.21762078333376725 0.034099445249449696 -0.15531659077022217 -0.33377194030165797 -0.48544931804855257 -0.5970405450040299 -0.6588963499386341 -0.666077565208807 -0.6190225815038067 -0.5236868948838904 -0.3927657353780339 -0.24292720680993746 -0.10607960327799291 -0.02051582164013957 0.017776649518935463 0.08976808210740814 0.2017935862581798 0.31895925369844585 0.41432214729440414 0.4705186202255359 0.4763270894999188 0.4267794078213227 0.32308133962821206 0.17211720841629943 -0.014337271328198595 -0.22073176417393076 -0.42918658101463614 -0.6211599171403143 -0.7791471075417152 -0.8882721714331707 -0.9378623912794163 -0.9223725296351375 -0.8423147141811886 -0.7049923276888358 -0.5252408399241759 -0.32342813905911555 -0.13953356272245276 -0.026092638204770074 0.013906970132366428 0.06413931066659141 0.1390349699603793 0.21487908212963405 0.2731985283009461 0.2989074633560655 0.28307699833723926 0.22138544801419482 0.11493160243994348 -0.030241290162161927 -0.20373277848579285 -0.39175912799841833 -0.5784042115011245 -0.7470307017961708 -0.881855734066814 -0.9694697565091902 -1.0 -0.9686141465435258 -0.8759122201507821 -0.7282630348631925 -0.5412797630853721 -0.3324050439046089 -0.14310721963068537 -0.02709989238179115 0.008607045183962408 0.03412386990265312 0.06865142207677843 0.10091184579714323 0.12288444018321909 0.12397469585530288 0.09846168198852073 0.0432851883597013 -0.04096109326290021 -0.15018377839649671 -0.27723035831526754 -0.41249217054272175 -0.5447627224367757 -0.6622537210665744 -0.7536180603550372 -0.809100312153013 -0.8216806639464527 -0.7875356976347521 -0.7073299582256541 -0.5859140271005175 -0.434606209093997 -0.2677503020409358 -0.115954855657666 -0.021941444519532758 0.0038226131357000743 0.008184265763855527 0.009569142409518205 0.00793029515921721 0.004279511468528066 -0.006684566324146851 -0.027195454346423464 -0.05905666255141882 -0.10233152530808629 -0.15553989755537204 -0.21573174920941035 -0.2787205973402837 -0.3394709122838905 -0.3924771710573658 -0.43237844069242326 -0.45442164656842055 -0.45497284804716603 -0.43230073253588486 -0.386310458777975 -0.3192503925748428 -0.23767579772250289 -0.1482454567172784 -0.06545171611242111 -0.013989748831237147 -8.53841519208895e-5 -0.009287052375857474 -0.027966898448480458 -0.048752408483731795 -0.06432179486697222 -0.07480113152340204 -0.07972526960409196 -0.07956789048679445 -0.07524526826810567 -0.06776622322400436 -0.05831130012480271 -0.048038158647617006 -0.03790241641520241 -0.028735713403680557 -0.021010667852727455 -0.015040949166778403 -0.010897514433723906 -0.00830881099565278 -0.007274732952463919 -0.007033760146280315 -0.007235006676530919 -0.009222756965493567 -0.008474102948115703 -0.0031352454223583905 -0.0019922660257046284 -0.017566956628267287 -0.043212882897641226 -0.06826300905172232 -0.08307265173559886 -0.08474629088428938 -0.07063278579188002 -0.04065465513751885 0.003970921567477443 0.060205967992275164 0.12396142058256943 0.19021658971528138 0.25343022173730345 0.3082655327364798 0.3496714457043289 0.3735961348486772 0.3772473291303392 0.35918541522270336 0.32009506725927844 0.26207037541478645 0.19112866895479755 0.11278254448621625 0.04632798148150774 0.004780899784743034 -0.0029079810957968414 -0.016757548124337787 -0.03984943283573434 -0.06160016954520668 -0.07257490143416724 -0.06743835662873639 -0.04314444051328895 0.0014364225052747304 0.06444350707005932 0.14249197125578641 0.23010232150711596 0.3206617641970782 0.40687954430424617 0.4811404000379672 0.5365879260836025 0.5674271082912925 0.5692113835128292 0.5402372583225599 0.4801972304145311 0.39248368336152445 0.2843259986965974 0.16331005495517512 0.05725231671937458 0.010840190459063741 -0.0021203831788865744 -0.011705144454148731 -0.022073323016942755 -0.028631915905220816 -0.027903474864736853 -0.014319445675565826 0.014254749383873656 0.058266423369965174 0.11671255409503635 0.18651816093633367 0.26338451798964624 0.3418238986264416 0.4156427187624804 0.4785727929128532 0.5247859569664641 0.5490087214568584 0.5483258538412863 0.5199529631733626 0.46574323981329546 0.386355223784157 0.29090726374518183 0.18328583114427655 0.08811802411683989 0.012825587794410499 -0.002248936132554599 -0.002834198108495988 -0.0032419628583214306 -0.0015052251696076508 0.0029190086250050914 0.011615784889632339 0.024973831832872776 0.04331252223264381 0.06598425703551603 0.09204260540485917 0.11981420294011513 0.14750791582256764 0.17278724091804273 0.19384438143720073 0.20809169584779755 0.214860787688828 0.2116121848771828 0.20007009602912157 0.17773293340160465 0.15002410988058892 0.11382631292421312 0.08053048345914755 0.04142313151262811 0.02133237319151113
</DataArray>
        <DataArray type="Float64" Name="Mode_6_phi2" NumberOfComponents="1" format="ascii">
 2.1671714840592174e-6 1.2871974402675378e-7 2.167171480308301e-6 1.2871974465465263e-7 1.5351997626381423e-5 -1.7764878953123488e-5 1.6269730470105176e-5 -5.4311451569865176e-6 1.3912190555142976e-5 1.970991936836049e-6 8.613890453303236e-6 -7.209647883539479e-7 -4.656384518704843e-7 -6.70417134581001e-6 -6.6690230961948285e-6 -7.954906313475161e-6 -5.610516678262929e-6 -3.454659450415106e-6 -3.680111452539944e-7 1.9239696184849253e-6 3.3419302012342795e-6 3.7642423727547765e-6 2.9544231571596073e-6 2.2663880529728003e-6 5.21387470059732e-7 4.4596297240774947e-7 -1.4011311346220647e-6 5.890368382553696e-7 4.819567511922596e-6 -3.72580098830395e-6 2.5563795772285364e-6 -1.5029566780708922e-6 1.4779563258865821e-6 -9.106719790729603e-7 7.050125695495606e-7 -6.583422207959332e-7 1.1654277716352753e-7 -5.09200706821347e-7 -3.06686177362246e-7 -2.8301260516026543e-7 -6.563411260500389e-7 2.477016836348584e-7 -1.1892168124020029e-6 1.3223534129016054e-6 -2.098976204595153e-6 3.0101051690836845e-6 -3.461321572531047e-6 5.360097198747864e-6 -5.537635458705844e-6 9.573125657197197e-6 -1.6573121608544376e-5 2.7182276910632772e-5 1.535199764128514e-5 -1.7764878961739304e-5 1.6269730473925928e-5 -5.431145142083926e-6 1.391219052258833e-5 1.97099198174148e-6 8.613890399991999e-6 -7.209647285058949e-7 -4.6563850890460606e-7 -6.7041712972229345e-6 -6.669023142485215e-6 -7.95490627680029e-6 -5.610516710354269e-6 -3.4546594377201477e-6 -3.6801115122785416e-7 1.923969619954267e-6 3.3419302232459904e-6 3.7642423474982835e-6 2.9544231932589894e-6 2.2663880106753287e-6 5.213875197940821e-7 4.4596292691999073e-7 -1.4011311097450024e-6 5.890368393698807e-7 4.819567551588116e-6 -3.7258010346357e-6 2.5563796361724936e-6 -1.502956749663838e-6 1.4779564052306405e-6 -9.106720542592911e-7 7.050126239542017e-7 -6.583422559817542e-7 1.1654279853899964e-7 -5.092007207056039e-7 -3.06686160472316e-7 -2.830126255090233e-7 -6.563411073797774e-7 2.4770166216456693e-7 -1.189216781595809e-6 1.3223533729384973e-6 -2.0989761585676136e-6 3.0101051214502133e-6 -3.4613215238765114e-6 5.3600971515050104e-6 -5.537635425285788e-6 9.57312564072111e-6 -1.6573121598616903e-5 2.718227689798461e-5 0.02117191256798749 0.015602089080923965 0.01891136347713137 0.016959345412230993 0.016858011243642286 0.012079570525126544 0.008869243729449087 0.0033278035528416234 -0.0008409814074679056 -0.005565267920475512 -0.009009705015152457 -0.01187683520721659 -0.013530887538689652 -0.014139213071077624 -0.013749640606038534 -0.012335820574018922 -0.01048287141424053 -0.007902500716753916 -0.005723910326886152 -0.003123177933940988 -0.0018508615681144286 -9.205978776893446e-5 -5.44809815829348e-5 0.002449312127077041 0.03657542252014271 0.0909486292424363 0.08700097558220223 0.09061899305707705 0.078519929810621 0.06017438746066503 0.0381569951401683 0.014472888922222786 -0.00862409263919274 -0.02965752178134693 -0.046912047545232614 -0.05966945570155075 -0.06692920553651575 -0.06888147967347213 -0.06556960259246593 -0.05784887930362444 -0.04696713365198339 -0.034038192664878404 -0.021049282461957888 -0.009180934307352916 0.00047276963119536285 0.00360911040063525 0.00695577108479781 0.006011290494219004 0.06593220330315369 0.17344890650653627 0.2059271176792845 0.19862266517413033 0.17362348798232663 0.13124345218266356 0.08138843274521622 0.028574859555255672 -0.023272549439385837 -0.06951641486172079 -0.10782716136820933 -0.13514610115842682 -0.15060323077995 -0.1535240855274701 -0.14479938085250144 -0.1261084135969819 -0.09996387462524457 -0.06965400028702556 -0.03854553433018713 -0.010769798534387325 0.011699703175804476 0.02034710987224995 0.02378278586245488 0.011488143398589097 0.07905122732905472 0.24434790073182963 0.30973719475874056 0.2938379248530863 0.25775536749883954 0.1934256892725034 0.11859906701395127 0.03876223781236647 -0.03877539687730535 -0.10869082461807374 -0.1656289585589858 -0.206548747969065 -0.22884198887314458 -0.2322546552429355 -0.21765985512944802 -0.18771005949788552 -0.1462372172548367 -0.09811216557884007 -0.04866015393050219 -0.004168999623799385 0.030923244709740328 0.04781310143605085 0.04569065654669234 0.01660256066136459 0.085143577813375 0.26810326677031604 0.35236980108844856 0.331450273655712 0.2910439810710124 0.21796345909005083 0.1321505700478665 0.040764428724471335 -0.04857195101029494 -0.12886063734520645 -0.19469619490379692 -0.24158611022492765 -0.2671369055663221 -0.270405729960773 -0.2525706071430291 -0.21643798425870764 -0.16643545026390102 -0.10814110946728071 -0.047923490015255754 0.007145761339340538 0.05000400085247371 0.07438829746007433 0.06468744892148547 0.01921935025627122 0.06805817009954972 0.22866643168365636 0.30797282703175893 0.288368969265269 0.25252896360229116 0.18918822621010936 0.11387325011093534 0.0336494391996655 -0.045206838495203926 -0.11650695563166981 -0.17524020532115295 -0.21751608667008823 -0.24073965958496146 -0.24404497622674923 -0.22805175450767637 -0.19507236694703928 -0.14877532610786082 -0.09408526673264861 -0.03657222090383665 0.01725155977029912 0.059234626208762145 0.08743391146137358 0.07005158375648743 0.01575397086604237 0.03493396599660643 0.12218546368945113 0.17731759141642042 0.1635613256570037 0.14402624799180208 0.10916178022635956 0.06767860603462654 0.02294112674246977 -0.021583615794380635 -0.06286970850167106 -0.09797101832973103 -0.12453768447303588 -0.14077825820068307 -0.1456443464522538 -0.13898548017132015 -0.12148101926048577 -0.09469256797945312 -0.06105483098098916 -0.023554120842513036 0.01418182096202828 0.04410126310858982 0.07193710917486101 0.05043335509328546 0.003548159080603137 -0.01445303405201256 -0.029520810721641387 -0.015488512279598906 -0.01846975468501349 -0.012469438468366912 -0.0032721020911031912 0.007259469988167199 0.017928857349905538 0.02655646004355803 0.03198686335060622 0.03325664774995031 0.030251604652923085 0.023365291113170587 0.013626938390199255 0.0024636079140912055 -0.008376639841015174 -0.017024071825813406 -0.021844737488785102 -0.02146434885145251 -0.014702717090195118 -0.007263192302963253 0.015279452050475706 -0.0023264276521887182 -0.0189953525866186 -0.06710699942816943 -0.19605637227078956 -0.2260677869047778 -0.21738832074545827 -0.18042109076071622 -0.12006446268357719 -0.048406283219491794 0.0269422005145668 0.09791048153599068 0.15755890656728905 0.20061786002047255 0.22359875099137783 0.22519649528876085 0.20628443560414478 0.16978504418227564 0.12041228258066981 0.06424027370649364 0.007986410964605447 -0.041449020887734715 -0.0767349529211205 -0.09903808184069655 -0.08568274810927054 -0.08918835341678716 -0.050758679029190526 -0.11487392006698173 -0.33897168598712424 -0.4065758980727146 -0.38780547526067 -0.3205638217280559 -0.2124047715309395 -0.08298638748428953 0.053475964954455425 0.1830519947628272 0.29340987973150534 0.374678148081009 0.42013602784376963 0.4265958908947151 0.3947491830983157 0.32893942697860107 0.23684900035803325 0.1287576500565525 0.01661688377737519 -0.0869769783385331 -0.1683279810459165 -0.22209372542859757 -0.220427906068049 -0.20003327439856247 -0.08766145419486401 -0.1466624021576791 -0.42898469553972396 -0.5178964467393249 -0.49339682887718533 -0.40312192174990397 -0.2601864375955189 -0.08836285669267877 0.09312914887573578 0.2657389625175866 0.41287021393154555 0.5210170696506076 0.5807296395665534 0.5872851565613191 0.5411114058619177 0.4476497696440915 0.3169070154520874 0.16259806498100432 0.0009597934790828291 -0.15055804446760637 -0.27305499552336415 -0.35385137162764596 -0.36387607250572784 -0.31466243844881353 -0.12306308604313634 -0.15835523673116408 -0.45063949370637263 -0.5415347141270063 -0.5168836541913491 -0.41560252318704305 -0.25796216067579875 -0.06724543746744802 0.13443518627561948 0.32634661840420437 0.4895455136234461 0.6085092151594585 0.672181083346119 0.6748770264074904 0.6167336514503192 0.5036937317186256 0.3469787284565052 0.16219506269827152 -0.03189127950914634 -0.2149286645931025 -0.36496585991568753 -0.46278204173234894 -0.4822820744110475 -0.4067224660420083 -0.14892291223980347 -0.14892291222802226 -0.40672246600713224 -0.4822820743920479 -0.46278204169802667 -0.3649658599787271 -0.21492866466526866 -0.03189127972860674 0.16219506255690933 0.34697872838224947 0.5036937317358954 0.6167336514219587 0.6748770263845172 0.6721810833631007 0.6085092152153211 0.4895455136535724 0.3263466185022523 0.1344351864606351 -0.06724543721984712 -0.25796216062990096 -0.41560252312152823 -0.5168836542912572 -0.5415347141822653 -0.45063949376801465 -0.15835523674065533 -0.12306308605712069 -0.31466243847527176 -0.36387607253504534 -0.353851371699297 -0.27305499559045987 -0.1505580445837405 0.0009597933698395801 0.16259806486007228 0.3169070154368505 0.44764976966816045 0.541111405896366 0.5872851565639801 0.5807296396018591 0.521017069726812 0.4128702140095229 0.26573896258900903 0.09312914907823042 -0.08836285651235952 -0.2601864375227304 -0.4031219217486655 -0.4933968289366972 -0.5178964467997272 -0.4289846956042775 -0.14666240218588755 -0.08766145423290915 -0.20003327449038466 -0.2204279061954224 -0.2220937255705237 -0.1683279811179156 -0.08697697843645844 0.01661688368459329 0.12875764998713995 0.23684900035883477 0.3289394270352958 0.39474918320481533 0.4265958909482355 0.4201360279393062 0.3746781481789545 0.2934098798177383 0.1830519948895615 0.05347596507368832 -0.08298638737697615 -0.21240477144888123 -0.32056382179115434 -0.3878054752632413 -0.4065758981383974 -0.33897168604437766 -0.11487392007709106 -0.05075867909484037 -0.08918835359378605 -0.08568274832350274 -0.09903808201213782 -0.0767349530226365 -0.04144902099830753 0.007986410893694491 0.0642402737034812 0.12041228257751212 0.1697850443280367 0.20628443569592003 0.225196495421809 0.22359875112037222 0.20061786013456567 0.15755890671265996 0.09791048167718343 0.02694220058100178 -0.048406283162641936 -0.12006446264327507 -0.1804210907764131 -0.2173883207910869 -0.22606778695784632 -0.1960563722903244 -0.06710699944945954 -0.018995352669374417 -0.002326427897497676 0.015279451792525623 -0.007263192531649485 -0.014702717209930907 -0.021464348982451142 -0.02184473751268895 -0.017024071839921637 -0.008376639741290071 0.0024636080126329844 0.013626938557266073 0.023365291262264738 0.030251604784863877 0.03325664793760704 0.03198686346617878 0.02655646019633867 0.017928857400017904 0.007259470042522105 -0.003272102088036788 -0.01246943847050548 -0.018469754733058175 -0.015488512304240464 -0.029520810763952864 -0.014453034043095982 0.003548159006198433 0.050433354854573065 0.07193710886185505 0.04410126287580274 0.014181820784841858 -0.023554120952775 -0.06105483103823357 -0.09469256790601115 -0.12148101919121752 -0.1389854800276841 -0.14564434629605288 -0.14077825805028238 -0.12453768430364805 -0.09797101817931707 -0.06286970835171297 -0.02158361567709484 0.022941126814505226 0.06767860607215302 0.10916178022411069 0.1440262479707424 0.16356132565015014 0.17731759137115438 0.12218546369694952 0.034933965989306565 0.01575397078684034 0.0700515835377502 0.08743391115677614 0.05923462596980968 0.017251559581612324 -0.03657222098553118 -0.09408526676289887 -0.14877532608171895 -0.1950723668464379 -0.22805175440334696 -0.24404497606806563 -0.2407396594421664 -0.2175160865185223 -0.17524020517912084 -0.11650695551403108 -0.045206838365825 0.033649439251801805 0.11387325014481253 0.18918822621425616 0.25252896359381277 0.28836896923730027 0.30797282705561696 0.22866643167135567 0.0680581701114958 0.01921935019932166 0.06468744870479673 0.07438829723489747 0.05000400063026737 0.007145761195806157 -0.04792349009463239 -0.10814110947313582 -0.16643545024848183 -0.21643798419299515 -0.2525706070424815 -0.2704057298521933 -0.2671369054366703 -0.2415861100950631 -0.1946961948035132 -0.12886063724009372 -0.04857195093251868 0.040764428778886405 0.13215057007996395 0.21796345910843581 0.29104398105488444 0.33145027367787955 0.35236980106399196 0.268103266807702 0.08514357781061914 0.016602560598715888 0.04569065641521855 0.04781310125664534 0.030923244545157432 -0.004168999747437913 -0.0486601539671063 -0.09811216558084651 -0.14623721721977004 -0.1877100594797101 -0.21765985504765378 -0.232254655168075 -0.22884198878142833 -0.20654874789183747 -0.16562895847971898 -0.10869082455101609 -0.038775396830205505 0.03876223786274383 0.11859906702897216 0.1934256893062067 0.25775536751437195 0.29383792484115606 0.30973719478479383 0.24434790073064777 0.07905122733512251 0.011488143369831342 0.02378278575689412 0.020347109769699234 0.011699703078631992 -0.010769798594103484 -0.03854553436070822 -0.06965400026955737 -0.09996387461607308 -0.12610841355215144 -0.14479938083902294 -0.15352408547749394 -0.1506032307277764 -0.13514610111757924 -0.10782716133590976 -0.06951641482061943 -0.0232725494039816 0.02857485958472716 0.0813884327679336 0.13124345219538178 0.17362348800333371 0.1986226651835167 0.20592711767178892 0.17344890651707537 0.06593220330858991 0.006011290460445824 0.00695577102545368 0.003609110371479148 0.00047276958858756714 -0.009180934319268592 -0.02104928248533034 -0.034038192640890454 -0.04696713363462965 -0.057848879299621334 -0.06556960258513352 -0.06888147965748868 -0.06692920551528792 -0.05966945568854217 -0.0469120475412947 -0.029657521753856785 -0.008624092623173416 0.014472888939489212 0.038156995151932535 0.060174387450735396 0.0785199298244369 0.09061899306575412 0.08700097558273719 0.09094862923916214 0.03657542252460214 0.002449312108079746 -5.448098645885055e-5 -9.20598064158338e-5 -0.0018508615598405692 -0.0031231779497432536 -0.005723910307032717 -0.007902500720909405 -0.010482871406390119 -0.012335820575725513 -0.013749640605572058 -0.01413921307279623 -0.01353088753116782 -0.011876835206931965 -0.009009705011197942 -0.005565267924183109 -0.0008409813974613239 0.003327803547857752 0.008869243743223829 0.012079570524926529 0.01685801126366538 0.016959345413788143 0.018911363484648586 0.015602089088009457 0.021171912577160196
</DataArray>
        <DataArray type="Float64" Name="Mode_7_w" NumberOfComponents="1" format="ascii">
 -6.267433788325346e-7 -1.5578132279881776e-6 -6.267433787353652e-7 -1.5578132280049097e-6 1.3829157333998319e-6 -1.612481215189679e-6 -6.441871941343427e-7 -1.7811399089740308e-6 -1.3068035179584215e-6 -1.2485999692896325e-6 -1.2485999692896325e-6 -6.297867168875915e-7 3.1787487958281737e-7 1.030028162735874e-6 1.113116163203119e-6 3.9534124847408346e-7 -6.61581085906715e-7 -1.203802535533228e-6 -9.719415632030506e-7 -1.4831613332395156e-7 1.0675245842188062e-6 1.2126707636539897e-6 1.2126707636539897e-6 2.548625137902308e-6 1.0364331418473897e-6 2.749218682204423e-6 -1.7848600605440233e-7 4.958248487540729e-7 2.5824818255164047e-7 -9.739910992533276e-7 1.2592349363889987e-6 -8.657991857286713e-7 4.6856293467336664e-7 -6.576929484732767e-7 -6.576929484732767e-7 -1.1327561762253904e-7 -1.4391361261195777e-7 1.7867017365918623e-8 5.637695565727569e-8 2.4287556245408473e-8 -9.626054999147459e-9 -8.348488833490179e-8 -1.6756907299098438e-7 -1.5441492587262935e-7 -1.305899152862767e-9 8.816140167470766e-8 8.816140167470766e-8 3.334021568900184e-7 -2.7568226174630155e-7 5.226749717905749e-7 -1.0912794086294038e-6 1.5016155394510468e-6 1.38291573473035e-6 -1.6124812155540806e-6 -6.44187194722324e-7 -1.7811399094114867e-6 -1.3068035175066835e-6 -1.2485999713945401e-6 -1.2485999713945401e-6 -6.297867133763329e-7 3.178748770050392e-7 1.0300281663667024e-6 1.113116160673732e-6 3.9534125022323365e-7 -6.615810863839542e-7 -1.203802536275797e-6 -9.719415622857444e-7 -1.483161363442471e-7 1.0675245870953305e-6 1.2126707614277334e-6 1.2126707614277334e-6 2.548625138961532e-6 1.0364331412755603e-6 2.7492186830281706e-6 -1.784860068254065e-7 4.958248489402874e-7 2.582481825539617e-7 -9.739910996412314e-7 1.259234938332645e-6 -8.657991884274921e-7 4.6856293824290795e-7 -6.576929513124032e-7 -6.576929513124032e-7 -1.1327561560461338e-7 -1.4391361292145556e-7 1.7867017064674098e-8 5.637695469164255e-8 2.428755775059944e-8 -9.626054842077325e-9 -8.34848909501582e-8 -1.675690696494398e-7 -1.544149274902712e-7 -1.3058975806139421e-9 8.816140198420545e-8 8.816140198420545e-8 3.334021572139594e-7 -2.756822634320329e-7 5.226749724198871e-7 -1.0912794077318602e-6 1.5016155388281824e-6 -0.00036589994443175826 -0.0009498830466094951 -0.001234038994232868 -0.0016224907545282195 -0.0018685776230459134 -0.0018728345788138845 -0.0018728345788138845 -0.0016713728487853315 -0.0011984930325067563 -0.0005428232099856036 0.0002823093857773157 0.0011639812804820453 0.0020483725868292828 0.002812670529580143 0.0034214235864326284 0.0037585359579923334 0.003859281432746704 0.0036200913205684964 0.0036200913205684964 0.0032015861775723745 0.0024928261260096824 0.001833109141825241 0.0011501125814396534 0.0003618625444715849 -0.0010721080927305847 -0.0058087741574288036 -0.01002014396356445 -0.014014939554231328 -0.016668157409620497 -0.01741378243439516 -0.01741378243439516 -0.015959359586101476 -0.012352549421648675 -0.00683230161814935 8.88293581868393e-5 0.007756884091407243 0.015441175189805225 0.022295270532664613 0.027707333243956862 0.03099190599559503 0.03193809177753586 0.03025592981638184 0.03025592981638184 0.02634353103861346 0.020513832242923823 0.013555338039723846 0.007557406581293907 0.0011776699144486686 -0.0014787360744810724 -0.01061986393709962 -0.022459105776303175 -0.03327123049070819 -0.041041011721893374 -0.044153715984836965 -0.044153715984836965 -0.041971350607447444 -0.034424916441488734 -0.022125299011026642 -0.0061598282266517425 0.011926083538550455 0.03034341727250623 0.0471831112003566 0.060668285578822014 0.06940297903960764 0.0723277377668466 0.06915559894652966 0.06915559894652966 0.06003253727180653 0.04629506189167863 0.02947022953187777 0.013330802998643377 0.0018269346828860336 -0.0018375128081151817 -0.01434967736428901 -0.032471036883603 -0.04915326536930303 -0.0616175527043008 -0.06743238299468862 -0.06743238299468862 -0.06543781908164771 -0.05548256276201499 -0.038288405901458614 -0.015412608263680672 0.010976258918544032 0.03821990374639542 0.06351068954001093 0.08415808361055714 0.0979523452410308 0.10334180007949385 0.09959676586388423 0.09959676586388423 0.08712244763234521 0.06737675058116036 0.043281876028586894 0.018871467065030668 0.0023130741470193607 -0.0018237993264431155 -0.014883381164909294 -0.03472217518124024 -0.0534249124607048 -0.0677898877568366 -0.07527450286131192 -0.07527450286131192 -0.07442437325202293 -0.06490308960149306 -0.04735821065206467 -0.02333290973554022 0.00489277911626248 0.034487063034599384 0.062357412308279035 0.0855444145591556 0.10151350243377756 0.1084686859916735 0.1055401678113495 0.1055401678113495 0.09297818018274151 0.07243714824688195 0.0468499465185225 0.02041398580053739 0.0025627297512786917 -0.0013488790066697933 -0.01145063947394381 -0.026972372490028502 -0.042244767659851565 -0.05442214488147301 -0.06147036150641024 -0.06147036150641024 -0.06206003850986902 -0.05571928298279368 -0.042787176758974685 -0.0243551929884634 -0.0021544661860200902 0.021583207745995602 0.04434865560086208 0.06367385110427387 0.07743455886298434 0.08403088790256677 0.08268550287714466 0.08268550287714466 0.07351936510373842 0.05772360095700362 0.03791445849246307 0.01686704411925529 0.002176564566173518 -0.0013488790066697933 -0.01145063947394381 -0.026972372490028502 -0.042244767659851565 -0.05442214488147301 -0.06147036150641024 -0.06147036150641024 -0.06206003850986902 -0.05571928298279368 -0.042787176758974685 -0.0243551929884634 -0.0021544661860200902 0.021583207745995602 0.04434865560086208 0.06367385110427387 0.07743455886298434 0.08403088790256677 0.08268550287714466 0.08268550287714466 0.07351936510373842 0.05772360095700362 0.03791445849246307 0.01686704411925529 0.002176564566173518 -0.0006375530772278141 -0.005154351118508312 -0.011728404560245063 -0.01909621056874388 -0.02542320043490159 -0.02973082834593114 -0.02973082834593114 -0.031110192312328165 -0.02910548286550585 -0.023686513131931198 -0.015235728992565768 -0.004524720110794324 0.007352635280459125 0.019096802376479465 0.029364929377186613 0.03696396562858064 0.040984607507770957 0.04091975349414595 0.04091975349414595 0.03683712015554634 0.029313874402601702 0.019760207494093848 0.009724681813818912 0.0014418823535680143 9.760681166063837e-5 0.0014641504126024815 0.004802638807552195 0.0066584784640101 0.007595975424747633 0.00749168627676036 0.00749168627676036 0.00661037418417486 0.005268694526547191 0.0037337215404870208 0.0022485764540840364 0.000983124674777126 2.9169025180455246e-5 -0.0006041028093174698 -0.0009658238394947245 -0.0011372813620633443 -0.0011838854382628303 -0.0011286953801528574 -0.0011286953801528574 -0.0009184404323833122 -0.00048740932846526926 0.00036369696539469636 0.001737675851704276 0.0005142265063832304 0.0005148613906147502 0.005695713126620867 0.015560799107952442 0.024093697033736594 0.03071680192985263 0.034605667878208374 0.034605667878208374 0.035453064622558206 0.033302282327934835 0.028421276850624157 0.021314113629235163 0.012658492435050005 0.003273692610752605 -0.005956745343666344 -0.014168010201604731 -0.02058818639334933 -0.024591246765531257 -0.025764234077947645 -0.025764234077947645 -0.023893843135377096 -0.01918814784697684 -0.012310332859044164 -0.0037037874147082712 -0.00016284590307592172 0.0005227132285503467 0.005938515158476526 0.016259682440565394 0.026158349606093596 0.03455523840216282 0.04055700968319743 0.04055700968319743 0.04354425817365035 0.04327555651479474 0.039767502927010215 0.033331492817974845 0.024544856560782823 0.014229148590996688 0.0033887270243248557 -0.006897872785578001 -0.015595885684035703 -0.021790445857752958 -0.0248256231597074 -0.0248256231597074 -0.02432209579909224 -0.02034258669274758 -0.013748750340394867 -0.004915670825947424 -0.00044041795468862787 0.00016662851179409332 0.0025808552227474624 0.007498849247469032 0.013321318158842034 0.01910908168621435 0.024509603749245316 0.024509603749245316 0.028951762560122645 0.03198595759547861 0.0332676696709641 0.03259842793675546 0.029972494617177728 0.025599398072670882 0.019907335585589245 0.013499560204100092 0.007067453344197461 0.0013246820105999944 -0.003100309163622522 -0.003100309163622522 -0.005723676158887904 -0.00628535315160195 -0.005149533607241712 -0.0020427381615695443 -0.00024773863720998693 -0.0002477386372583821 -0.0020427381620123815 -0.005149533607146931 -0.0062853531494393815 -0.005723676158223922 -0.003100309158690239 -0.003100309158690239 0.0013246820143208327 0.007067453349869873 0.01349956021448494 0.019907335588677754 0.025599398076542667 0.029972494615025908 0.03259842792828694 0.03326766966261477 0.03198595758570375 0.028951762555856932 0.024509603748373663 0.024509603748373663 0.019109081685687066 0.013321318160774358 0.007498849250367936 0.002580855222806142 0.00016662851195467187 -0.00044041795473124856 -0.004915670825007516 -0.01374875033863484 -0.020342586687478133 -0.02432209579410349 -0.02482562315630348 -0.02482562315630348 -0.021790445851936565 -0.015595885677511568 -0.00689787278036109 0.003388727028934314 0.014229148590605104 0.024544856560956285 0.03333149281141463 0.039767502918088476 0.04327555650882034 0.04354425816921871 0.04055700968130906 0.04055700968130906 0.03455523840460174 0.02615834961049741 0.01625968244437809 0.005938515160955671 0.0005227132286767126 -0.0001628459031409645 -0.0037037874152767596 -0.012310332854867554 -0.019188147843842755 -0.023893843129798586 -0.025764234072925305 -0.025764234072925305 -0.024591246761994083 -0.020588186389035448 -0.014168010198289662 -0.005956745339566555 0.0032736926134467525 0.012658492434380103 0.021314113626794414 0.028421276846516526 0.03330228232566091 0.035453064621472456 0.034605667877253055 0.034605667877253055 0.030716801931954873 0.024093697036591706 0.01556079911035617 0.005695713127900159 0.0005148613911287657 0.0005142265063329693 0.001737675851911224 0.0003636969650477266 -0.00048740932511574374 -0.000918440429968763 -0.0011286953755466097 -0.0011286953755466097 -0.00118388543608097 -0.0011372813595308105 -0.0009658238360581475 -0.0006041028069589439 2.9169027661160585e-5 0.0009831246759386383 0.0022485764514892175 0.003733721539672884 0.0052686945268275364 0.006610374183116386 0.007491686276713795 0.007491686276713795 0.007595975426261678 0.0066584784669131685 0.004802638809820246 0.001464150413812657 9.760681157006204e-5 0.0014418823534417017 0.009724681813033912 0.019760207495258465 0.0293138744002942 0.03683712015786773 0.04091975349320186 0.04091975349320186 0.04098460750906121 0.036963965629022426 0.029364929377830494 0.01909680237785533 0.0073526352822677705 -0.004524720111382642 -0.015235728993254163 -0.023686513134694966 -0.029105482867611287 -0.031110192312874752 -0.02973082834640143 -0.02973082834640143 -0.025423200434668634 -0.01909621056674855 -0.011728404557664118 -0.005154351117779223 -0.0006375530770696278 0.002176564566216444 0.016867044118301793 0.03791445848967309 0.057723600955139044 0.0735193650989184 0.08268550287461304 0.08268550287461304 0.08403088789812946 0.07743455886069862 0.06367385110131264 0.04434865559775535 0.0215832077435786 -0.0021544661887255394 -0.024355192992562117 -0.04278717676336978 -0.055719282988753914 -0.06206003851456724 -0.061470361509431186 -0.061470361509431186 -0.05442214488436446 -0.042244767659951415 -0.026972372490142723 -0.01145063947450655 -0.0013488790067921648 0.002176564566216444 0.016867044118301793 0.03791445848967309 0.057723600955139044 0.0735193650989184 0.08268550287461304 0.08268550287461304 0.08403088789812946 0.07743455886069862 0.06367385110131264 0.04434865559775535 0.0215832077435786 -0.0021544661887255394 -0.024355192992562117 -0.04278717676336978 -0.055719282988753914 -0.06206003851456724 -0.061470361509431186 -0.061470361509431186 -0.05442214488436446 -0.042244767659951415 -0.026972372490142723 -0.01145063947450655 -0.0013488790067921648 0.002562729751238629 0.020413985799777747 0.04684994651441732 0.07243714824008991 0.09297818017680598 0.10554016780277066 0.10554016780277066 0.1084686859846833 0.10151350242550783 0.08554441455189624 0.06235741230126139 0.03448706302720094 0.004892779109713225 -0.023332909742308602 -0.0473582106596846 -0.06490308960964301 -0.07442437326059784 -0.07527450286866942 -0.07527450286866942 -0.067789887762737 -0.05342491246663562 -0.034722175183495824 -0.014883381167208559 -0.0018237993267929665 0.0023130741469112085 0.018871467063608385 0.04328187602416851 0.06737675057406638 0.08712244762284271 0.09959676585459235 0.09959676585459235 0.10334180006889822 0.09795234523164893 0.08415808360004212 0.06351068953096427 0.03821990373770613 0.010976258909925254 -0.015412608271531566 -0.03828840591015376 -0.055482562771756186 -0.06543781909120591 -0.0674323830049684 -0.0674323830049684 -0.06161755271267791 -0.049153265375534085 -0.03247103688875442 -0.014349677366915989 -0.001837512808511718 0.001826934682678258 0.013330802996812139 0.029470229528231286 0.04629506188604054 0.06003253726356498 0.06915559893684943 0.06915559893684943 0.07232773775769398 0.06940297903003635 0.0606682855704658 0.047183111191595954 0.030343417265326737 0.011926083531362265 -0.006159828233823404 -0.022125299018424863 -0.034424916449313406 -0.041971350615312195 -0.04415371599196536 -0.04415371599196536 -0.04104101172913017 -0.03327123049602683 -0.022459105780469092 -0.01061986394029822 -0.001478736074995348 0.0011776699142675413 0.007557406580028757 0.013555338038003331 0.02051383223975561 0.026343531034356132 0.03025592980987718 0.03025592980987718 0.03193809177142996 0.03099190598985118 0.027707333238166435 0.022295270527724786 0.015441175185095754 0.007756884088085925 8.882935345447557e-5 -0.006832301622103708 -0.01235254942634656 -0.015959359590388737 -0.017413782438393408 -0.017413782438393408 -0.01666815741287815 -0.014014939557432963 -0.010020143966385049 -0.005808774159455219 -0.0010721080932099216 0.000361862544339028 0.0011501125813407297 0.0018331091413175862 0.0024928261259561683 0.0032015861765052594 0.003620091319782859 0.003620091319782859 0.003859281431614726 0.0037585359571980464 0.003421423585508996 0.0028126705288653102 0.002048372586192811 0.0011639812798639293 0.00028230938543439215 -0.000542823210873136 -0.001198493033183079 -0.0016713728495478845 -0.001872834579434275 -0.001872834579434275 -0.0018685776236060715 -0.0016224907549914594 -0.0012340389946161583 -0.0009498830470422484 -0.00036589994454139165
</DataArray>
        <DataArray type="Float64" Name="Mode_7_phi1" NumberOfComponents="1" format="ascii">
 -2.64680220306126e-6 -2.7283204937433425e-6 2.646802204550182e-6 2.728320486794615e-6 -2.9958281626251752e-5 1.6910077417519355e-5 -1.0557253655871482e-5 3.7176301121503426e-6 -4.961224708076288e-6 4.539088537965923e-6 -9.821255650839284e-8 4.614911526582688e-6 9.252257113845602e-7 8.215495621568153e-7 -1.3213675949714523e-6 -3.7419571670477922e-6 -1.1707497458832908e-6 -4.675945678987247e-6 4.407466077672509e-6 -3.5262505053172998e-6 1.1056965080008908e-5 -7.075563539037249e-6 1.4506528341371795e-5 -1.7575830448406958e-5 1.9953080472516465e-5 -3.3429413184776915e-5 4.8254403417632886e-5 -6.491217872239381e-5 -2.2155769656466784e-5 1.96775284027142e-5 -1.0386383784736338e-5 5.422283390597125e-6 -8.623704908212158e-6 -2.1363651930811024e-6 -8.19733754315199e-6 -4.785084837028199e-6 -6.710696065957511e-6 -4.092662009995551e-6 -3.8707816268018746e-6 -1.259494336941774e-6 -5.171920596379612e-7 2.588936529751292e-6 2.078711498833607e-6 6.2480542675635486e-6 2.637621556582268e-6 8.949104270561205e-6 -1.398320126438225e-7 1.1142656430613679e-5 -8.293674222932377e-6 1.5305263024525303e-5 -2.0229893266709687e-5 1.638318513825951e-5 2.995828163092914e-5 -1.691007741562254e-5 1.055725365900348e-5 -3.717630121166175e-6 4.961224709336734e-6 -4.539088520713315e-6 9.821251184482856e-8 -4.614911462182971e-6 -9.252257821327717e-7 -8.21549492797217e-7 1.3213675274994418e-6 3.7419572314456167e-6 1.1707496889997088e-6 4.675945731960265e-6 -4.4074661327467876e-6 3.5262505647918397e-6 -1.1056965141577055e-5 7.075563590811323e-6 -1.450652837384204e-5 1.7575830470631784e-5 -1.9953080495217585e-5 3.34294132079755e-5 -4.825440344080884e-5 6.491217874380198e-5 2.2155769653143508e-5 -1.9677528380808496e-5 1.038638375259782e-5 -5.422283339452984e-6 8.623704845443023e-6 2.1363652516668375e-6 8.197337514589139e-6 4.785084849350538e-6 6.710696059000258e-6 4.092662011717882e-6 3.87078163287656e-6 1.2594943456095496e-6 5.171920255859269e-7 -2.5889364636014935e-6 -2.078711579210858e-6 -6.24805419408697e-6 -2.637621601120394e-6 -8.949104251254368e-6 1.3983200810870268e-7 -1.114265644118017e-5 8.293674245572179e-6 -1.5305263043693113e-5 2.022989327779633e-5 -1.6383185142452054e-5 -0.023508656202121985 -0.04201006605433511 -0.0788818262708279 -0.10427406429242096 -0.12991341004959425 -0.1400840298596031 -0.1393104396647332 -0.12090027173974718 -0.08918305325498538 -0.04345125319657573 0.011049577270619355 0.07119911655042471 0.131231210564737 0.1866271870690793 0.23210026836528846 0.26434059369584684 0.2795424433004027 0.27784100459593103 0.25749633763172836 0.2240043926073763 0.17679350284378306 0.12895087669467928 0.07628170578261129 0.04077594065495039 -0.016753766215475464 -0.10358623662332642 -0.20864162861333208 -0.3200148796912781 -0.4046145172055142 -0.45504946014991354 -0.45761237077612554 -0.41258741599745935 -0.3196593541897877 -0.18653365921201345 -0.023016633945114804 0.15739518285765405 0.3393526430137799 0.5071391643467997 0.6463061066340471 0.7434134505585159 0.791073942697243 0.7820036013375335 0.7199701733751388 0.6082460341987014 0.4574464774769128 0.2971199567640865 0.1348644278327926 0.017811786766304242 -0.01732622426611875 -0.09398333243903806 -0.24160943338921528 -0.3976211598229181 -0.5233005527781932 -0.6040796668952826 -0.6278616211522912 -0.5889643804686886 -0.48954711720048966 -0.33613875481280536 -0.14090740575028082 0.07974880994643581 0.30720250899557777 0.5215004573705162 0.7028147029974219 0.8356620927198054 0.9049025649000167 0.9066610043170773 0.8350759428415931 0.7014531846392752 0.5183952678054157 0.3028272299754216 0.11603347865414801 0.025388152575170235 -0.009995123339150013 -0.07535295948640994 -0.17999885531603302 -0.2959209218912955 -0.3935872032385818 -0.4629858565359906 -0.4928404303680714 -0.4784862389101968 -0.41899675230940986 -0.31817769280619823 -0.18369587467027082 -0.026532706936204773 0.13967100899815724 0.30039188009381157 0.44099038187970324 0.547890616653653 0.6119470494914434 0.6249425020955157 0.5885660535470072 0.5022851086438488 0.38316474950675955 0.2379076104133733 0.09907598852768908 0.010401143403125524 -0.0010144136730881226 -0.010647593009666908 -0.03225332536308816 -0.06120192602875171 -0.09182467151218102 -0.1209916809959918 -0.14672220234119013 -0.16508026631866834 -0.17379801810731202 -0.1714797435417787 -0.15779746060222868 -0.1338135135992267 -0.10167644439054922 -0.06464646370567977 -0.0263559222822123 0.009113695523654503 0.03797754592629839 0.05810555782969554 0.06676358881105156 0.06524603690216234 0.05394921868367996 0.032283970330193625 0.011310333836358051 0.003403987711505472 0.012316401977294738 0.0641740149186861 0.14788250093402916 0.23111504312717635 0.29026772411887003 0.32007258179541465 0.3137436607970108 0.27121002099279445 0.19571981017924098 0.09346689087260109 -0.02710578973739166 -0.15585932495807275 -0.282006611706942 -0.3950259735539274 -0.48549505631834106 -0.5455620461115459 -0.5701084553322341 -0.5566978498139732 -0.5055303505140133 -0.4223076177235369 -0.312564336628761 -0.19039378947765942 -0.08213254616133227 -0.01612635174610993 0.0203014474891259 0.12193184860323796 0.28745124212046375 0.46043384622295463 0.5965570972061632 0.6824355276454203 0.7041626616166105 0.6583956272787037 0.5472560109409763 0.37911931023710826 0.1675699919325599 -0.06994099723567204 -0.31344083720872334 -0.5421205161132793 -0.7362218615262531 -0.8786486313633584 -0.9563533713753662 -0.962026865065315 -0.8946756662149572 -0.7597704671718912 -0.5734829694376101 -0.3530755273726979 -0.14780992960998993 -0.02322282568785865 0.02339715471586625 0.13859205815442222 0.32880187555186924 0.5331242369757213 0.7015037860128188 0.8178001920038857 0.8657937241938444 0.8388598777093924 0.7374918604110309 0.5686259477669895 0.34546469631937354 0.08628683022116694 -0.18712661016617763 -0.45129837442146004 -0.6830387767108547 -0.8616356102249935 -0.9707354487413121 -1.0 -0.9463811648886326 -0.8148666793100517 -0.6221151404335935 -0.38556642761906046 -0.16436742579394686 -0.02888893252065913 0.017760382796195146 0.10612137337209819 0.25185089185173254 0.41235923786144996 0.5538352568584013 0.6604498658481991 0.7199583759944099 0.7248860608420294 0.672920826692755 0.5669599282665867 0.41475762894546525 0.22847458450317826 0.023745868109018655 -0.1816476742222729 -0.3693883416346516 -0.5223259310488523 -0.6262000261034979 -0.6711781748103814 -0.6531879236406058 -0.5736874709328064 -0.4457218585325746 -0.28110957797433894 -0.1202349256820546 -0.020583072326017603 0.007460074725043185 0.03822151750184822 0.08675920547759616 0.1458208517502658 0.2093022543832774 0.26816534479750553 0.31747425313967786 0.350935799677975 0.36450238105374955 0.3557199710523514 0.32431919974258416 0.2723836302093777 0.20421985006437043 0.1260551501684364 0.04540892393557677 -0.02975611399311566 -0.09194410456955754 -0.13512557802872116 -0.155510361334645 -0.15159628191598395 -0.12760547175844322 -0.08633302521130619 -0.04102095495693504 -0.010066700503152762 -0.0040869461088337685 -0.03808534250888993 -0.09771018224688147 -0.15575939196659166 -0.1876710261938672 -0.1955662475300886 -0.17523989081682703 -0.12988325346371693 -0.06423529310168341 0.015380757393374264 0.10158156854599659 0.18674793539461423 0.26373498581852295 0.3264617988801943 0.37033775964574206 0.3924805527906119 0.3918011783683229 0.36881566900419954 0.3253080342806891 0.264866952753107 0.191887868521597 0.11035936028916606 0.0413957077050244 0.0038250049771791105 -0.011649781539469255 -0.08835365606098752 -0.22177573980365375 -0.36285600293746584 -0.4683638581967682 -0.5334413033816553 -0.5488126877565302 -0.513951734511164 -0.4321826034377237 -0.3108161878065209 -0.16031071546020484 0.006663080915583707 0.17621355948017361 0.3343961626050277 0.468328007523572 0.5671175000465835 0.6226713665221317 0.6304309333797372 0.5895025292107057 0.502803324600155 0.38025712950770446 0.22939877523264116 0.09105307151501381 0.011109686928972058 -0.01110968693654312 -0.0910530715092834 -0.22939877517269605 -0.38025712943854945 -0.5028033245460323 -0.5895025291235396 -0.6304309333724865 -0.6226713665628246 -0.5671175000222411 -0.4683280076123818 -0.33439616264788213 -0.17621355947464826 -0.006663080929566513 0.1603107154395229 0.31081618782749726 0.4321826033808795 0.5139517345196725 0.5488126877961649 0.533441303380037 0.46836385826119686 0.36285600302740617 0.22177573983204718 0.08835365608391381 0.01164978155305427 -0.0038250049684680856 -0.04139570768826793 -0.11035936027031022 -0.1918878684527846 -0.2648669527046612 -0.3253080342782115 -0.36881566898993073 -0.39180117832699035 -0.3924805528718696 -0.3703377596821664 -0.3264617989060455 -0.26373498584192234 -0.18674793535409173 -0.10158156850016715 -0.015380757351525979 0.06423529320344358 0.12988325350847796 0.17523989081394986 0.19556624756932228 0.18767102624027318 0.155759391965501 0.09771018226775532 0.03808534253278596 0.004086946096445975 0.010066700494796754 0.041020954939494036 0.08633302523457993 0.1276054716954974 0.15159628191088717 0.15551036134191476 0.13512557802252087 0.09194410449625169 0.02975611395062705 -0.04540892396410957 -0.1260551501485038 -0.20421985003083276 -0.27238363019517015 -0.32431919967230943 -0.3557199709515711 -0.3645023809632221 -0.350935799594499 -0.3174742531016307 -0.2681653447969033 -0.20930225442087225 -0.14582085178283297 -0.08675920551882743 -0.03822151752103623 -0.007460074716981131 0.020583072336924184 0.1202349256829753 0.28110957789509533 0.4457218585234432 0.5736874708602855 0.6531879236184583 0.6711781747627256 0.6262000260833902 0.5223259310334873 0.36938834161492784 0.18164767418093727 -0.023745868108635795 -0.2284745844840677 -0.4147576289461027 -0.56695992821768 -0.6729208266517666 -0.7248860608513863 -0.7199583759860407 -0.66044986584972 -0.5538352568602255 -0.4123592378604607 -0.2518508918439973 -0.10612137337206344 -0.017760382814867456 0.028888932509018483 0.1643674257898456 0.3855664276404461 0.6221151403474623 0.8148666792783549 0.9463811647933742 0.9999999999394621 0.9707354486961938 0.8616356101680611 0.6830387766547827 0.4512983744079008 0.18712661013011173 -0.08628683024658246 -0.34546469630528626 -0.5686259477995169 -0.7374918604786344 -0.8388598777265325 -0.8657937242024797 -0.8178001920286724 -0.701503786055888 -0.5331242369860193 -0.3288018755591498 -0.1385920581652678 -0.023397154708889797 0.02322282570143276 0.14780992958938852 0.35307552731189495 0.5734829694147412 0.7597704670735099 0.8946756661262092 0.9620268649810654 0.956353371276606 0.8786486312929492 0.7362218614415775 0.5421205160027349 0.31344083712168297 0.06994099716781016 -0.16756999200293815 -0.3791193102978571 -0.5472560110082254 -0.6583956273817119 -0.7041626616961443 -0.6824355277253322 -0.5965570972580115 -0.46043384628825784 -0.28745124218145596 -0.12193184862790615 -0.020301447506332986 0.01612635174480913 0.0821325461648009 0.1903937894550235 0.31256433654529375 0.4223076176538189 0.5055303504392856 0.5566978497066721 0.5701084552439116 0.5455620459860673 0.48549505621867317 0.39502597345903784 0.282006611597979 0.15585932486928952 0.027105789665396892 -0.09346689093765308 -0.19571981024518847 -0.2712100210605732 -0.31374366089545386 -0.32007258187108917 -0.2902677242316619 -0.23111504323283671 -0.14788250098384853 -0.06417401495357807 -0.01231640198406934 -0.0034039877097772173 -0.011310333852974383 -0.03228397034231288 -0.05394921870154532 -0.06524603694670188 -0.06676358888141275 -0.058105557868192444 -0.03797754600248459 -0.00911369557051989 0.02635592221062092 0.06464646364767915 0.10167644435167769 0.13381351355204896 0.1577974605687846 0.1714797435113337 0.17379801807199055 0.16508026627624375 0.1467222022867374 0.12099168091798178 0.09182467146878677 0.0612019259992214 0.032253325309247995 0.010647593002813165 0.0010144136696023174 -0.010401143408087885 -0.0990759885339201 -0.23790761041634884 -0.38316474947915363 -0.50228510863802 -0.5885660535379502 -0.6249425021128888 -0.6119470494746753 -0.5478906166613727 -0.4409903818562171 -0.3003918800827266 -0.1396710089840599 0.026532706959342848 0.18369587468313792 0.3181776928230252 0.41899675233678185 0.4784862389487664 0.492840430407099 0.4629858565818096 0.39358720326106666 0.29592092189598174 0.17999885533251722 0.07535295947507996 0.009995123332784671 -0.025388152570693927 -0.11603347865333163 -0.30282722993833777 -0.5183952677621184 -0.7014531845700668 -0.8350759427829443 -0.906661004253804 -0.9049025648537639 -0.8356620926458636 -0.7028147029496713 -0.5215004573072579 -0.3072025089344874 -0.07974880988384547 0.14090740580950262 0.33613875486856676 0.4895471172738472 0.5889643805342398 0.6278616212333049 0.6040796669622542 0.523300552847058 0.39762115986857893 0.2416094334034982 0.09398333245580807 0.01732622426869015 -0.017811786768542528 -0.1348644278074634 -0.2971199567316845 -0.45744647741632677 -0.6082460341083016 -0.7199701732751302 -0.7820036012158857 -0.7910739425709095 -0.7434134504500685 -0.6463061065142515 -0.5071391642469878 -0.33935264291624573 -0.15739518276854017 0.023016634027944544 0.1865336593106175 0.319659354274231 0.4125874160885789 0.4576123708583534 0.45504946023926834 0.4046145172661879 0.32001487974696013 0.2086416286675584 0.10358623665733464 0.01675376622397459 -0.04077594064695196 -0.07628170576621612 -0.12895087668727298 -0.17679350280818348 -0.22400439257707666 -0.2574963375577638 -0.2778410045329062 -0.27954244323752103 -0.2643405936371479 -0.23210026830626984 -0.1866271870127205 -0.13123121052480902 -0.07119911651799465 -0.01104957721542894 0.04345125322260979 0.08918305331711242 0.1209002717770308 0.13931043970529033 0.14008402989494895 0.1299134100828336 0.10427406433105293 0.0788818262913073 0.042010066070917826 0.023508656208496348
</DataArray>
        <DataArray type="Float64" Name="Mode_7_phi2" NumberOfComponents="1" format="ascii">
 -2.6161691951823664e-6 2.7331711856398766e-6 2.6161691915392404e-6 -2.7331711758991188e-6 -1.4708973466513964e-5 1.968887521869354e-5 -1.5161450586089252e-5 3.817861543610705e-6 -1.4766870101723889e-5 -3.7859695969593e-6 -7.997907895808683e-6 2.8342302908913026e-6 4.254505211217408e-6 9.697939378664911e-6 6.926455241333472e-6 3.747991852476733e-6 -3.146102348192336e-6 -7.223361816787592e-6 -1.0218990606202904e-5 -6.386323475146676e-6 -3.3910981057215736e-6 6.835725080307464e-6 6.346901360471322e-6 1.566165133301487e-5 6.149716442437035e-7 1.372006767563188e-5 -1.883993266815484e-5 2.2378193002846152e-5 6.37699200771006e-5 -4.82497210981819e-5 3.176392390728115e-5 -2.0868215807167232e-5 1.7432616139058758e-5 -1.2110423022081075e-5 9.989043934531986e-6 -7.458541195167324e-6 5.1584822128832445e-6 -4.5870728883114265e-6 1.9600382666737965e-6 -2.5718794740719997e-6 1.3921751974640017e-9 -9.98942626139968e-7 -1.0943273890185703e-6 5.329197062159699e-7 -1.8785145068304567e-6 2.37584038944629e-6 -2.7459625509378666e-6 4.612921904163149e-6 -4.261622550386811e-6 9.15268126047999e-6 -1.83391800408169e-5 3.152533244245478e-5 1.4708973484258359e-5 -1.9688875230963203e-5 1.516145059772665e-5 -3.817861534599232e-6 1.4766870091375545e-5 3.7859696113957624e-6 7.99790787416893e-6 -2.834230265892505e-6 -4.254505235577035e-6 -9.697939362992687e-6 -6.926455249808136e-6 -3.747991861845743e-6 3.14610237192483e-6 7.2233617821906305e-6 1.0218990659065409e-5 6.38632340686406e-6 3.391098167465698e-6 -6.835725118550966e-6 -6.346901352164673e-6 -1.5661651321629325e-5 -6.149716554271637e-7 -1.3720067668029565e-5 1.8839932660488652e-5 -2.2378193005623655e-5 -6.376992010497191e-5 4.8249721131485186e-5 -3.176392395067227e-5 2.0868215873108984e-5 -1.7432616226586443e-5 1.2110423107919648e-5 -9.989044009466343e-6 7.4585412631292065e-6 -5.158482271139824e-6 4.587072939559488e-6 -1.9600383156948635e-6 2.571879519440711e-6 -1.3922164931532738e-9 9.989426727988544e-7 1.0943273345964636e-6 -5.329196634824979e-7 1.8785144841471416e-6 -2.375840383071596e-6 2.7459625536989517e-6 -4.612921902139679e-6 4.261622543315551e-6 -9.15268125415883e-6 1.8339180027416194e-5 -3.1525332418220683e-5 -0.02339215009895344 -0.014605937059218031 -0.01557710188581504 -0.012191733381996599 -0.009093150820768905 -0.0015275488095144183 0.004997995062746038 0.0132344735721809 0.019711251186521023 0.025488512603617054 0.02903125615451562 0.03014883807092959 0.029278500823393113 0.02484406676913811 0.019954519505981216 0.010747735222118323 0.004133307545298394 -0.007494752330590347 -0.011996792210283458 -0.023074246049534168 -0.0209945333339515 -0.029469578473096354 -0.018864574613158474 -0.04040093197010179 -0.04431976440077282 -0.09915873956920938 -0.08251705057594823 -0.0831617756900507 -0.05452344896276254 -0.01980919319869861 0.020665210111513482 0.061432344939952005 0.09848233831333274 0.128779664048008 0.14821123337017558 0.15640517962245026 0.15055564901790686 0.13194267210603278 0.10193680757403911 0.0614410555680093 0.017147655072587132 -0.03152486587873031 -0.07406122774565246 -0.10998687782325035 -0.1394192265459337 -0.12491103602743821 -0.13481816281067752 -0.07435490353634777 -0.08358363026145132 -0.20868118364615323 -0.22770576475689977 -0.20293459601937822 -0.14445976128054938 -0.0603395005259924 0.03439436591875498 0.13089498466856817 0.21980279368465802 0.29222069866515493 0.34127837994750954 0.36236602995725076 0.3519635958649918 0.3113314411080501 0.24197532885105041 0.1511893265076799 0.04463830397218863 -0.06545588776761556 -0.17162786744996303 -0.25639662336768404 -0.32263286110196154 -0.3165887994948003 -0.2940958332625696 -0.12179883128081535 -0.10876391969828599 -0.3175869871777887 -0.3738914243350045 -0.32842925742652934 -0.24258945656672146 -0.11330220764326782 0.0333548343616505 0.1846884717872486 0.32488395681068316 0.44140387491638383 0.5221855436670604 0.5595932623649963 0.5489006593516026 0.489629681238869 0.38629874408800896 0.2467430730231078 0.08328725398059521 -0.0893116244040159 -0.25516250439113725 -0.3929116349557381 -0.48906320647412416 -0.510256716385503 -0.42921249852587606 -0.154442445518385 -0.12426627323871911 -0.36950735297008425 -0.44889350894732494 -0.3980415166021357 -0.30095304492457453 -0.15354324907568057 0.017874582970858328 0.196068728747917 0.3641911168650438 0.505367498727086 0.6064284525862583 0.6564604549329203 0.649993415598707 0.5857783809331084 0.4683066320707572 0.30687566092917484 0.1156936437432769 -0.08818219977688768 -0.2839661983993069 -0.45144853292787324 -0.5610778504025643 -0.6037016908483104 -0.5008773023877142 -0.16980968198289867 -0.11324156874985031 -0.34010286365487347 -0.41491492747577563 -0.37784193034418534 -0.2919288390801998 -0.1616623733803786 -0.005776059135230997 0.15926440893551735 0.3173248994688856 0.4529967171991831 0.5526088784018115 0.605925799973038 0.6064609339146091 0.5528221333790841 0.4482947552620327 0.3014532290607474 0.1248940885653865 -0.06441069928126081 -0.24813692750200186 -0.40588384660245064 -0.5090466993893655 -0.5551043856191531 -0.46169550220468647 -0.15321856902558845 -0.0829142387997819 -0.22781647319986595 -0.2737013650644418 -0.26409696919560294 -0.2098406792460144 -0.12790795452144688 -0.023980598665716116 0.08936613763677699 0.20098028049220557 0.29947632061529905 0.3745938583901085 0.4181343585395699 0.4247709798852599 0.39259020625532487 0.32356376373192575 0.2231897555205899 0.1005511373853497 -0.03257717326409507 -0.1616808849186488 -0.2744850978004832 -0.3445414564461467 -0.37832820256506106 -0.32242980066444804 -0.11292550534425054 -0.037718217108281125 -0.07044958833188691 -0.07036442211821141 -0.0916729482100949 -0.07771906510281988 -0.05815254407846637 -0.024342527016316597 0.016774608292641907 0.06083167525274442 0.10257511219745437 0.13689744382894972 0.15936820297877585 0.16691002008432906 0.1578833284251348 0.1326528566801766 0.09334199262051765 0.04385172047944845 -0.01050185883031824 -0.0625544479763665 -0.10683203545436584 -0.13327861709763203 -0.13365939492956072 -0.13537881511381558 -0.05880345145905657 0.00442511655840402 0.07812935854150875 0.1212133857666951 0.0801845159761649 0.0599061276044303 0.026753616132732836 -0.0023190574067551 -0.027822705332160563 -0.048493490918297584 -0.06352316639324218 -0.07279543949377573 -0.0765383800901851 -0.07514191626483914 -0.06914988948385259 -0.05914664067759411 -0.045725513614216146 -0.029423534216650112 -0.010856610008083788 0.009908084646161493 0.03214207971876669 0.04944185137555645 0.08296023253458322 0.03541232136515135 -0.010618884748075388 0.03200320513722452 0.16369821690011188 0.23078272961422688 0.19010540852670565 0.1545561817074115 0.09758411317048009 0.035626401185609315 -0.027561191316361915 -0.08750046892377764 -0.13978397737390333 -0.1806991615817174 -0.20723377717062105 -0.21737107261962343 -0.21019433370062948 -0.18603318230332572 -0.14651632361842185 -0.09442286165738568 -0.03387544257945043 0.03064393034237896 0.09497113377202965 0.13901541388748173 0.19875294192449133 0.12941620779392382 0.018523233322739783 0.035983553837655564 0.15938781947818423 0.22115172458117924 0.2018156127024837 0.17432393532613574 0.12938261757509975 0.07407821025476603 0.013314146952518107 -0.04886811549382844 -0.10761986421398886 -0.15831196196302766 -0.19667741909518946 -0.21926061177276063 -0.22373133535159095 -0.20922438632307952 -0.17644611969853685 -0.12773059158644726 -0.06725304861934266 -0.0004981406926915784 0.06903893546667604 0.1162757024608796 0.18059928241031714 0.12486061114322893 0.021747241790341185 0.020104203444390376 0.07646788236752224 0.10537896376738616 0.12022442823667666 0.11843982096105715 0.11281556963688802 0.09632718314687262 0.07191877960440538 0.04046216418416205 0.004306661548720222 -0.033494965884487096 -0.0694494574667135 -0.10006737232499027 -0.12210446927032217 -0.13316284753018948 -0.13182261621077804 -0.11794978090331355 -0.09292563122845654 -0.05990605571664353 -0.01944375421315444 0.008979310277146704 0.05617531208371266 0.039008585747711495 0.004609947221875593 -0.004609947220262447 -0.03900858575505157 -0.05617531208726698 -0.008979310210149959 0.019443754177189233 0.05990605578853416 0.09292563122702006 0.1179497809591448 0.13182261628725947 0.13316284744598647 0.12210446920740856 0.10006737223185048 0.06944945737886796 0.03349496575068525 -0.004306661544907676 -0.04046216416325008 -0.07191877950783492 -0.09632718309326146 -0.11281556959268642 -0.11843982092981294 -0.12022442819359151 -0.10537896380951234 -0.07646788238940276 -0.02010420345544478 -0.021747241797221952 -0.12486061112940589 -0.18059928235732164 -0.11627570241291244 -0.06903893546719715 0.0004981406948012712 0.06725304863189559 0.12773059160996625 0.17644611973401697 0.2092243862428019 0.22373133532323153 0.21926061170820935 0.196677419008672 0.15831196185119134 0.10761986419151176 0.04886811555527332 -0.013314146883064067 -0.07407821020578913 -0.12938261750345278 -0.17432393526366483 -0.20181561270141546 -0.22115172462622265 -0.1593878195117142 -0.03598355385548225 -0.018523233318516342 -0.12941620779509383 -0.19875294183110492 -0.13901541389034686 -0.09497113373956988 -0.030643930365161824 0.03387544258032271 0.094422861670905 0.1465163235798511 0.18603318233039284 0.21019433363310858 0.21737107260454347 0.20723377708842317 0.1806991615111949 0.13978397737174156 0.08750046898454389 0.027561191327702583 -0.03562640116623254 -0.09758411308129511 -0.154556181680783 -0.19010540854032487 -0.23078272963175048 -0.163698216936669 -0.03200320514936575 0.0106188847260818 -0.03541232131866244 -0.08296023253363594 -0.04944185132051898 -0.03214207971749693 -0.009908084609189531 0.01085660995051401 0.029423534229566933 0.045725513618502744 0.059146640680741346 0.06914988947821893 0.07514191622376405 0.07653838004090605 0.07279543943387445 0.06352316643127122 0.04849349094601392 0.027822705312702572 0.0023190574263403044 -0.026753616087688697 -0.05990612757981683 -0.08018451597765199 -0.12121338579540741 -0.07812935856310814 -0.004425116572987343 0.05880345146757106 0.13537881507694915 0.13365939500086382 0.13327861704523764 0.10683203553621964 0.06255444793765913 0.010501858831586679 -0.04385172047849874 -0.09334199260820054 -0.13265285668959087 -0.15788332841063635 -0.16691002008917816 -0.1593682030578503 -0.13689744382477267 -0.10257511220956532 -0.06083167524221254 -0.016774608278993547 0.024342527028017178 0.05815254409972892 0.07771906514251382 0.09167294821932646 0.07036442209690236 0.07044958829128052 0.03771821711244908 0.11292550533211208 0.32242980067677696 0.37832820251503174 0.34454145645840795 0.2744850977947002 0.16168088490909696 0.032577173279015104 -0.10055113738245275 -0.22318975551034126 -0.3235637637332659 -0.3925902062334731 -0.4247709799094225 -0.41813435854606645 -0.37459385843133025 -0.29947632062958096 -0.20098028050087222 -0.08936613760492369 0.0239805986904516 0.1279079545226924 0.20984067930354203 0.2640969692132549 0.2737013650309989 0.2278164731962992 0.08291423880343735 0.15321856902099887 0.4616955021699566 0.555104385580828 0.5090466993485967 0.40588384659214993 0.24813692749808877 0.0644106992646965 -0.12489408853497697 -0.30145322907313643 -0.44829475525125945 -0.5528221333738873 -0.6064609339072652 -0.6059257999810626 -0.5526088784121127 -0.4529967172234936 -0.31732489948491216 -0.1592644089209799 0.005776059167054631 0.1616623734016542 0.29192883911279766 0.3778419303808963 0.4149149274847548 0.34010286366572096 0.11324156876828718 0.1698096819843691 0.5008773023473422 0.6037016907655425 0.5610778503579943 0.4514485329052267 0.2839661983668471 0.08818219978837992 -0.11569364375773396 -0.306875660916974 -0.4683066320656545 -0.5857783809213643 -0.6499934155916708 -0.6564604549261572 -0.6064284525903701 -0.505367498747495 -0.3641911168892141 -0.19606872874109177 -0.01787458296808306 0.15354324911455272 0.30095304493906444 0.3980415166740859 0.44889350895660907 0.3695073530265702 0.12426627326217424 0.1544424455083058 0.42921249847815823 0.5102567163236045 0.4890632064192774 0.3929116349014514 0.25516250437712124 0.08931162439065579 -0.08328725396419294 -0.24674307303683837 -0.3862987440600256 -0.48962968123036094 -0.5489006593346768 -0.5595932623610024 -0.5221855436619338 -0.4414038749413928 -0.32488395681677884 -0.18468847179108336 -0.03335483435880279 0.11330220767089928 0.24258945661272527 0.3284292574615255 0.3738914243722367 0.3175869872336751 0.1087639197306985 0.12179883126869102 0.2940958332241489 0.3165887994664783 0.3226328610470464 0.25639662332072183 0.17162786741284716 0.0654558877682394 -0.04463830397001953 -0.15118932649134198 -0.24197532885521586 -0.31133144107885635 -0.3519635958531134 -0.36236602994467193 -0.3412783799691127 -0.2922206986553074 -0.21980279370867906 -0.13089498465726324 -0.03439436590829312 0.06033950053256749 0.14445976131819194 0.2029345960340564 0.22770576477747856 0.20868118369888872 0.0835836302890962 0.07435490352022875 0.13481816279310907 0.12491103600992005 0.13941922652693486 0.10998687779398358 0.0740612276986945 0.031524865893639405 -0.017147655076733825 -0.06144105556067523 -0.10193680756346676 -0.13194267209463725 -0.15055564899698903 -0.1564051796280641 -0.1482112333772912 -0.12877966404176264 -0.0984823383201112 -0.061432344932906134 -0.02066521010244009 0.019809193207839547 0.0545234489653791 0.0831617757028124 0.08251705058240866 0.0991587396008852 0.044319764419002546 0.04040093196149613 0.018864574614048144 0.02946957846468469 0.02099453333902109 0.02307424602270737 0.011996792223511193 0.007494752320589003 -0.004133307529543302 -0.01074773522904541 -0.019954519497185838 -0.02484406677754633 -0.029278500814835576 -0.030148838077356268 -0.029031256152417247 -0.025488512623251237 -0.019711251180718502 -0.01323447357383881 -0.004997995058139313 0.0015275488192335838 0.009093150826879793 0.012191733382891506 0.015577101889541999 0.014605937065329965 0.02339215011477472
</DataArray>
        <DataArray type="Float64" Name="Mode_8_w" NumberOfComponents="1" format="ascii">
 -9.322246912010814e-7 6.162577955204926e-7 -9.322246913727049e-7 6.16257796783148e-7 1.7317791999677814e-6 -2.6631500403874327e-6 -6.428872552271282e-7 -1.7698461930248241e-6 -5.108476973102267e-7 -4.314007424728736e-7 -4.314007424728736e-7 3.780703033926337e-7 7.685068553035215e-7 6.150412986942478e-7 1.6690651537661113e-8 -6.954343934500922e-7 -8.469266167208959e-7 -4.3229407172349797e-7 1.5652009438560166e-7 5.975157826981869e-7 5.282375922787976e-7 5.309319032155046e-7 5.309319032155046e-7 -2.6379764674049034e-7 1.3614079636101688e-7 -1.188873561611916e-6 -1.178364403064292e-7 -5.852949682620226e-7 1.6328314323519702e-7 4.304052004491576e-7 -4.72735365829672e-7 3.954735455561306e-8 -3.7553697079572457e-7 2.0086701040918749e-7 2.0086701040918749e-7 2.6537157174250033e-7 3.8006009126302955e-7 2.7007074648994973e-7 1.7860080209274092e-7 1.291292727000366e-7 7.28532225503432e-8 1.780995651599779e-7 1.3096137299960177e-7 3.846119803422006e-7 3.182730067172984e-7 2.0861522217929692e-7 2.0861522217929692e-7 4.562085689430635e-8 -6.671872360676416e-7 6.444504655443108e-7 -1.3530301951342752e-6 2.1428051766942763e-6 1.7317792009117914e-6 -2.663150039155728e-6 -6.428872552374428e-7 -1.76984619411192e-6 -5.108476943408491e-7 -4.3140074279839764e-7 -4.3140074279839764e-7 3.7807030199185115e-7 7.6850685780657e-7 6.150412962131598e-7 1.6690653662388284e-8 -6.954343928974658e-7 -8.469266163057713e-7 -4.322940724061332e-7 1.5652009491076823e-7 5.975157820465355e-7 5.28237590551954e-7 5.309319063505687e-7 5.309319063505687e-7 -2.637976485681061e-7 1.3614079853644464e-7 -1.1888735633830413e-6 -1.178364398973373e-7 -5.852949684721038e-7 1.6328314549996786e-7 4.304051965180616e-7 -4.727353629424423e-7 3.954734994555664e-8 -3.7553696781997575e-7 2.008670091623864e-7 2.008670091623864e-7 2.6537157125470353e-7 3.800600917451762e-7 2.7007074503220947e-7 1.7860080165202875e-7 1.2912927134399916e-7 7.285322590653584e-8 1.7809956211642723e-7 1.3096137747829205e-7 3.8461197805200404e-7 3.182730095423764e-7 2.0861522234315145e-7 2.0861522234315145e-7 4.562085799420337e-8 -6.671872377928225e-7 6.444504674013287e-7 -1.3530301960420671e-6 2.142805177605364e-6 -0.0005323553150021431 -0.001484742962096728 -0.0021960737435831527 -0.0030996367921235658 -0.003985701578781349 -0.00468152424988247 -0.00468152424988247 -0.005281374843550719 -0.005640469282659769 -0.005851367413702867 -0.005845621129751511 -0.005690420048386617 -0.005382536144642325 -0.004958533064472476 -0.00445546546030567 -0.00388548505454021 -0.003298916896713386 -0.0026854639226724674 -0.0026854639226724674 -0.002105814628379273 -0.0015191380043673118 -0.0010018285480509774 -0.0005561060099817738 -0.00014808008198212357 -0.0013807004190349071 -0.008127908028977237 -0.01542690991580737 -0.02263311414858206 -0.02941829761513691 -0.035095116401708225 -0.035095116401708225 -0.03942339287549656 -0.042268250981674714 -0.04354813804891501 -0.04338399679299936 -0.04186633512728935 -0.039270359329729644 -0.035793023646954324 -0.03175659030926174 -0.027356420807924435 -0.022863741571062825 -0.018385493510512104 -0.018385493510512104 -0.014110926926646707 -0.010066805687360895 -0.006272010816983036 -0.0030777610917944905 -0.0004068700928169007 -0.001547037240673879 -0.01196860546243065 -0.02723215536913223 -0.04250007405875545 -0.05656533511125676 -0.06835798390320118 -0.06835798390320118 -0.07721304156458969 -0.08282351041066424 -0.08512203195212588 -0.08426188557598775 -0.08061398442782679 -0.074675409822548 -0.06707440864644465 -0.05842798393240831 -0.04934909716679854 -0.04029981680201572 -0.03169132613960377 -0.03169132613960377 -0.023669135390306073 -0.016413474166407108 -0.009776450194574494 -0.003922388337519321 -0.0004956251755710517 -0.0016786051177721548 -0.013841703115540475 -0.032684471887200806 -0.052137220300228646 -0.07029925015174075 -0.08554505367156273 -0.08554505367156273 -0.0969652956361499 -0.10402229248008818 -0.10658983360318323 -0.10488392936148615 -0.09940205065972962 -0.09089392055274473 -0.08025949472475406 -0.06844481714139011 -0.056330602561172234 -0.04465907990457515 -0.03395935204268736 -0.03395935204268736 -0.024546898961228816 -0.01643424132939684 -0.00966735261415561 -0.0038170924612979506 -0.00042317563661221403 -0.0014112417378250638 -0.01174535183093956 -0.027911262448729064 -0.04527766108942135 -0.0616940011734726 -0.07569173262537113 -0.07569173262537113 -0.08610841117983761 -0.09236382849569044 -0.09422322436645358 -0.09186405136418413 -0.08579364675456003 -0.07679328454118688 -0.06584459432745936 -0.05399123520442033 -0.042214793080827526 -0.03135162062952474 -0.02200795624605262 -0.02200795624605262 -0.014500239477878778 -0.008859055796769 -0.0048985583456161545 -0.0020409948581859446 -0.0002932686274688498 -0.000881619329233747 -0.006967670014588907 -0.015546369993242585 -0.025969113625859103 -0.03612988693418331 -0.04507476756375 -0.04507476756375 -0.05182561938334698 -0.055738266045975524 -0.056560819490584065 -0.05431867317517859 -0.04935451323270639 -0.04226705562189066 -0.033844951173012006 -0.024967222439395968 -0.016489783943395554 -0.009147520887771595 -0.003503279609931199 -0.003503279609931199 0.00013363842620524194 0.0017847056430676913 0.0016247658825388758 0.000388388770144387 -4.807769114392913e-5 -0.000881619329233747 -0.006967670014588907 -0.015546369993242585 -0.025969113625859103 -0.03612988693418331 -0.04507476756375 -0.04507476756375 -0.05182561938334698 -0.055738266045975524 -0.056560819490584065 -0.05431867317517859 -0.04935451323270639 -0.04226705562189066 -0.033844951173012006 -0.024967222439395968 -0.016489783943395554 -0.009147520887771595 -0.003503279609931199 -0.003503279609931199 0.00013363842620524194 0.0017847056430676913 0.0016247658825388758 0.000388388770144387 -4.807769114392913e-5 -0.0004306527370882481 -0.002124801014305682 -0.0029008427308493015 -0.005621326534307594 -0.008979556911943451 -0.012469075237715432 -0.012469075237715432 -0.015453182420892357 -0.0173964820929838 -0.017966720904416138 -0.01703334021265951 -0.014653512777569858 -0.011078870581486936 -0.00672877737933366 -0.002120569249128905 0.002192330629851729 0.005684905698304718 0.007935548022781421 0.007935548022781421 0.008623794744321142 0.007687295127118976 0.005310781590226777 0.001661344870519724 6.0689854468791615e-5 -0.00021956236419179534 0.0001055305483577714 0.0030573915636929083 0.004248861033943223 0.004254782840995127 0.003215252267294287 0.003215252267294287 0.0014944248934817808 -0.00047705239285311224 -0.0023408934053224767 -0.003780460568718653 -0.004586459699238235 -0.004647795877450441 -0.003977864039104512 -0.0027083045466392308 -0.0010546629836156289 0.0006959084868331474 0.0022320908494657308 0.0022320908494657308 0.0032234513922277212 0.0033907707028250265 0.00268326016737924 0.0006592427058237688 -1.5034304916775006e-5 -0.0003709505079666015 -0.001101233359985551 -0.0002833226064521703 -0.000722420060230396 -0.0024779113730894636 -0.005330315130916069 -0.005330315130916069 -0.009078274142907718 -0.01333458663246294 -0.017707680242001547 -0.021791634730651915 -0.02519186260556388 -0.027572868728001198 -0.028680262280872962 -0.028380915076856167 -0.026670250467503705 -0.0236760536898484 -0.019651066225048565 -0.019651066225048565 -0.014989755102935659 -0.010202373458636895 -0.00569431675159569 -0.002537394866874405 -0.00032636803332885205 -0.0006853310958047682 -0.00455049477830565 -0.009665356745154997 -0.01566851181246504 -0.022626803146545638 -0.030075536670833496 -0.030075536670833496 -0.037705259292858555 -0.045143021090522706 -0.05197991025993387 -0.05781105594804087 -0.06223517060721844 -0.06488604472156312 -0.06547365402022662 -0.06381928135512174 -0.05987487220052234 -0.05374513493076688 -0.045695741562348326 -0.045695741562348326 -0.03616783065971609 -0.025842897607175404 -0.015461008942474016 -0.006239609471963246 -0.0006966239034893859 -0.0009471202019014471 -0.0076879990066661364 -0.01850790246835931 -0.030073361934078415 -0.0420484660083447 -0.053663245178454624 -0.053663245178454624 -0.0644167804526387 -0.07388271091516345 -0.08168421728641802 -0.08750572767195983 -0.09107923414897832 -0.09220214834545241 -0.0907478711903441 -0.08668895106989909 -0.08010206770225993 -0.07117163109924633 -0.06022610033418584 -0.06022610033418584 -0.04771630409656466 -0.03431156665911175 -0.020900139545558083 -0.008424928273574753 -0.0009565888717333923 -0.0009565888725918686 -0.008424928279259294 -0.02090013955159164 -0.03431156666629841 -0.04771630411195231 -0.060226100351389006 -0.060226100351389006 -0.0711716311224665 -0.08010206772554711 -0.08668895109148296 -0.09074787120701397 -0.09220214835306244 -0.09107923414249162 -0.0875057276551678 -0.08168421726108901 -0.07388271088949873 -0.06441678042301639 -0.053663245152847865 -0.053663245152847865 -0.042048465988050704 -0.03007336191738651 -0.018507902459264786 -0.007687998998625649 -0.0009471202007209011 -0.000696623904590445 -0.006239609477098247 -0.015461008948429725 -0.025842897615750884 -0.03616783067359559 -0.04569574158130496 -0.04569574158130496 -0.05374513495009276 -0.059874872224166646 -0.0638192813761592 -0.06547365403801045 -0.06488604472969922 -0.06223517060548193 -0.05781105593460199 -0.05197991023440669 -0.04514302105845151 -0.03770525926049634 -0.030075536637427056 -0.030075536637427056 -0.02262680311907319 -0.015668511789534698 -0.009665356728481407 -0.004550494770321577 -0.0006853310943144532 -0.0003263680344046144 -0.002537394872928605 -0.005694316760383385 -0.010202373471086601 -0.014989755119264016 -0.01965106624631735 -0.01965106624631735 -0.023676053711414038 -0.026670250490736114 -0.02838091510204789 -0.02868026229954437 -0.02757286874123458 -0.02519186260755927 -0.021791634721886312 -0.017707680222156675 -0.013334586601051399 -0.009078274106071375 -0.005330315094477408 -0.005330315094477408 -0.0024779113387669656 -0.0007224200346453221 -0.00028332258803582974 -0.0011012333491318283 -0.0003709505067634487 -1.503430618200466e-5 0.0006592427000136381 0.002683260158275275 0.0033907706884716755 0.003223451375880543 0.0022320908300552185 0.0022320908300552185 0.000695908463154681 -0.0010546630065116354 -0.00270830456954546 -0.003977864059714835 -0.004647795890621256 -0.004586459707002159 -0.0037804605631987826 -0.002340893389507276 -0.0004770523662744321 0.001494424926988283 0.0032152523031772373 0.0032152523031772373 0.004254782873787374 0.004248861062487385 0.0030573915816602443 0.00010553055765775766 -0.00021956236262529809 6.068985413897636e-5 0.0016613448660549401 0.005310781580526701 0.007687295115398231 0.00862379472762591 0.007935548004572501 0.007935548004572501 0.005684905679096938 0.002192330608751218 -0.002120569269130457 -0.0067287773964403354 -0.011078870594508813 -0.01465351278378185 -0.01703334021195535 -0.01796672089187284 -0.01739648207315482 -0.015453182396570043 -0.012469075207808426 -0.012469075207808426 -0.008979556883394772 -0.005621326511127156 -0.0029008427123577178 -0.002124801006258111 -0.0004306527362807742 -4.807769189476617e-5 0.00038838876895164594 0.0016247658760858554 0.0017847056321288377 0.00013363841543479222 -0.0035032796253332624 -0.0035032796253332624 -0.009147520904092606 -0.016489783957223583 -0.024967222452374344 -0.03384495118426573 -0.042267055630655005 -0.04935451323973778 -0.05431867317490288 -0.05656081948660007 -0.055738266034478595 -0.051825619366555914 -0.045074767545358996 -0.045074767545358996 -0.03612988691461741 -0.025969113609890987 -0.015546369981491165 -0.0069676700078754785 -0.000881619328212949 -4.807769189476617e-5 0.00038838876895164594 0.0016247658760858554 0.0017847056321288377 0.00013363841543479222 -0.0035032796253332624 -0.0035032796253332624 -0.009147520904092606 -0.016489783957223583 -0.024967222452374344 -0.03384495118426573 -0.042267055630655005 -0.04935451323973778 -0.05431867317490288 -0.05656081948660007 -0.055738266034478595 -0.051825619366555914 -0.045074767545358996 -0.045074767545358996 -0.03612988691461741 -0.025969113609890987 -0.015546369981491165 -0.0069676700078754785 -0.000881619328212949 -0.0002932686277276824 -0.002040994861166486 -0.004898558347605706 -0.008859055801534869 -0.014500239486790523 -0.022007956253186772 -0.022007956253186772 -0.03135162063773761 -0.04221479308929424 -0.05399123521034427 -0.06584459433427034 -0.07679328454665688 -0.08579364675934656 -0.09186405136849116 -0.09422322436680267 -0.09236382849285178 -0.08610841117267247 -0.07569173261547528 -0.07569173261547528 -0.06169400116494355 -0.0452776610811063 -0.0279112624428513 -0.011745351828259767 -0.0014112417372370068 -0.0004231756371150644 -0.003817092461079529 -0.009667352617428245 -0.01643424133059184 -0.024546898963235822 -0.03395935204684191 -0.03395935204684191 -0.04465907990666577 -0.056330602562856255 -0.0684448171442837 -0.08025949472673839 -0.09089392055792352 -0.09940205066500404 -0.10488392936650666 -0.10658983360845732 -0.10402229248209625 -0.09696529563649449 -0.08554505366920226 -0.08554505366920226 -0.0702992501495667 -0.05213722029898858 -0.03268447188402212 -0.013841703113243078 -0.0016786051175512887 -0.0004956251755832478 -0.0039223883384576245 -0.009776450193224363 -0.016413474167441714 -0.02366913538978224 -0.031691326138726855 -0.031691326138726855 -0.04029981680176243 -0.04934909716642251 -0.05842798393145605 -0.06707440864814555 -0.07467540982461006 -0.08061398443281102 -0.08426188558141812 -0.08512203195734999 -0.08282351041544919 -0.07721304156664717 -0.06835798390455691 -0.06835798390455691 -0.05656533511206255 -0.04250007405993379 -0.027232155368993732 -0.01196860546145088 -0.0015470372403976129 -0.00040687009294892095 -0.0030777610924390764 -0.006272010817802382 -0.01006680568730026 -0.014110926926987524 -0.018385493508704453 -0.018385493508704453 -0.02286374156926489 -0.02735642080626163 -0.03175659030832483 -0.03579302364648829 -0.03927035933200001 -0.04186633512948079 -0.04338399679763191 -0.04354813805267169 -0.04226825098451071 -0.03942339287812716 -0.035095116402826323 -0.035095116402826323 -0.029418297616653266 -0.02263311414828406 -0.015426909915371581 -0.008127908028618422 -0.001380700419073925 -0.00014808008222697426 -0.0005561060096758355 -0.0010018285487005288 -0.0015191380040195418 -0.0021058146286220226 -0.002685463922177384 -0.002685463922177384 -0.0032989168965058217 -0.0038854850539778727 -0.004455465460361056 -0.004958533064134958 -0.005382536144961793 -0.005690420048992954 -0.005845621130257946 -0.005851367414596571 -0.005640469282903501 -0.0052813748442635125 -0.00468152425020376 -0.00468152425020376 -0.0039857015789480955 -0.003099636792072537 -0.002196073743236591 -0.0014847429622946201 -0.0005323553150714563
</DataArray>
        <DataArray type="Float64" Name="Mode_8_phi1" NumberOfComponents="1" format="ascii">
 -4.230184510753456e-6 9.79990022307011e-7 4.230184509865409e-6 -9.799900114623712e-7 -4.477963359862946e-5 2.2362024956414346e-5 -9.564883649129693e-6 3.042221274903012e-6 -1.7773009721279982e-6 5.092494737337824e-6 4.148728444236314e-7 3.0006074831724816e-6 -1.9301632761555173e-6 -9.548530518779454e-7 -3.2382866354811167e-6 -4.877723042752415e-7 -1.0676908850458762e-6 3.198201507163091e-6 -1.992649926261899e-7 4.419397699228443e-6 -3.7886770587687106e-6 3.935240174046126e-6 -8.009109770916002e-6 7.182652260843133e-6 -1.0995734563218963e-5 1.527050860958919e-5 -2.3010933758107116e-5 3.074517891728543e-5 6.329221844739231e-6 -8.363438356096069e-6 2.605043466335009e-6 -3.5582661006330794e-6 1.1869195288683734e-6 -1.5215935794782508e-6 7.697750760148561e-7 -1.2587904947594927e-7 1.1562435933256932e-6 1.2840231247363867e-6 1.975477555001412e-6 2.858895334232016e-6 2.6921836997079964e-6 4.519316490783411e-6 2.684351956525777e-6 6.076833506738313e-6 1.3397512532135511e-6 7.450769940643439e-6 -2.1392259817466417e-6 9.436392043601836e-6 -1.06052722651706e-5 1.6159526049943442e-5 -2.796885961596648e-5 1.8745391666186643e-5 4.4779633600920366e-5 -2.2362024951086977e-5 9.564883629833417e-6 -3.042221252196369e-6 1.7773009579771782e-6 -5.092494745719641e-6 -4.148728087721843e-7 -3.0006075348866543e-6 1.9301633255891406e-6 9.548530097798218e-7 3.23828667302062e-6 4.877722659816451e-7 1.0676909277779595e-6 -3.198201545177224e-6 1.9926503107357954e-7 -4.419397756870464e-6 3.788677131290545e-6 -3.93524023299902e-6 8.009109807012393e-6 -7.182652291938289e-6 1.0995734601363247e-5 -1.527050864668294e-5 2.301093378382126e-5 -3.0745178931075676e-5 -6.329221860820701e-6 8.363438379253731e-6 -2.605043498466214e-6 3.558266134487396e-6 -1.186919557139432e-6 1.521593605944661e-6 -7.697751057670297e-7 1.2587907388014467e-7 -1.1562436258401694e-6 -1.284023080115288e-6 -1.9754776182859743e-6 -2.8588952544998115e-6 -2.6921837810118883e-6 -4.5193164133013305e-6 -2.6843520016047823e-6 -6.076833488941815e-6 -1.3397512535112853e-6 -7.4507699545399665e-6 2.1392260094771163e-6 -9.436392080237037e-6 1.060527230395144e-5 -1.6159526097114118e-5 2.796885965115691e-5 -1.874539167974953e-5 -0.03315034033336388 -0.06639261838276257 -0.13008761682808498 -0.18657725189132118 -0.24826979813164723 -0.30012785385585394 -0.34668855834213236 -0.3804256762185051 -0.4044232476509956 -0.4154243463407096 -0.4159126511191113 -0.40548324931162144 -0.38633682068353215 -0.35967697078750577 -0.32739728572045257 -0.2913011490374664 -0.25270842792676323 -0.21349747323599727 -0.17401488402745033 -0.13638859371073456 -0.0996095691579395 -0.0673415699204897 -0.03712118823325052 -0.017026091150382117 -0.018320071608684988 -0.13470191642677942 -0.2820016527507847 -0.4491790438726512 -0.6021236398445824 -0.739505060510252 -0.8498684909595765 -0.9317851601872466 -0.9813387329738538 -0.9999999999155821 -0.9884979934028474 -0.9507021493877051 -0.890817042976386 -0.8138626112583143 -0.7254336264021991 -0.6301685508753795 -0.5332537080284397 -0.4373131450455406 -0.3461084346160087 -0.2600539799780024 -0.17992159189560183 -0.10769174656852426 -0.04230655772993012 -0.0027961285559558163 -0.012711256415419066 -0.06621517391922019 -0.20341475080865112 -0.3625134902318501 -0.5122554994650325 -0.6440053777254988 -0.7500349925978979 -0.8248859605236026 -0.8671227950460303 -0.8761047554725372 -0.8544947471746239 -0.8061215436533962 -0.7363387443518886 -0.6517723402919112 -0.5585713848201818 -0.4636095434388889 -0.3713583314532503 -0.2871350691659181 -0.21150168859564286 -0.14682032961595015 -0.09200903558281205 -0.04179137411914965 -0.00920431518389859 -0.003631481813222423 -0.003303291220801536 -0.03795621551623697 -0.08597493253389141 -0.14861933344641431 -0.2150795732463362 -0.2752076940569076 -0.3239352717741616 -0.3568561677723034 -0.37133520962690547 -0.36700613289142525 -0.3448164162078284 -0.30734507927516924 -0.25848112277297774 -0.20269040675067931 -0.14509245912347987 -0.09026968552533064 -0.04283428632764637 -0.005271246934070993 0.01925732493806633 0.03239561250958213 0.03194148062942555 0.02209846348880378 0.010310391598375674 0.004234552715296664 0.0064183192012499096 0.045366829791071615 0.10493209049447587 0.16823706110896103 0.22051866951639362 0.26442366921202054 0.2990192698349929 0.3268168314864272 0.3488298095279781 0.366481905932285 0.38032796569496635 0.39043700700885153 0.3964798088240565 0.3974909631797559 0.3922608777007878 0.37941801628903843 0.35768420401835177 0.3258680659938058 0.28391282076226226 0.2311273343514854 0.1704404754159298 0.10322523456405741 0.042025116498083985 0.004595762971697275 0.014909933477830838 0.0961464100567553 0.23752840788707463 0.39371781520490456 0.5324688008553691 0.653320961590077 0.7483818747754416 0.8168178484354526 0.8591356662214709 0.8763542194105876 0.8711319685926445 0.8465352026182935 0.8058927188767822 0.7526537783737473 0.6898777704251489 0.6200843622188527 0.5453204474937028 0.4668553632786961 0.3851732467880529 0.30091510021263546 0.21473908377204953 0.12562312218535948 0.04977277300230072 0.007365588639191117 0.015051756050094909 0.10333544149572717 0.25293963458901375 0.42120288844022596 0.5745271303798704 0.7049976476397637 0.80555690565665 0.8722642738055303 0.904309531445436 0.9035497437096657 0.8732801094993835 0.8186945373661938 0.7459190870600888 0.6613528147039365 0.5712784341038359 0.4812127529017034 0.3953573003341331 0.31656376530221775 0.2459412246041142 0.18237931375864708 0.12648665243673876 0.07209440313333056 0.0261782430913654 0.0019258737046763902 0.009986141100252631 0.06135752453902939 0.14768960911966691 0.2457095546503533 0.3351273586770934 0.4079530942266342 0.45781672963000486 0.4813294927301009 0.4775779960924834 0.4478734607284798 0.3960624624398926 0.3274334277646823 0.24861165288928516 0.16686231560127368 0.08923970461130502 0.02202337587979392 -0.029945706728103403 -0.06382310454778621 -0.07889771396570701 -0.0771591458713685 -0.06147765132477967 -0.03982978793565366 -0.017784530396638472 -0.0029426766630712975 0.0003809037602253021 -0.004080169927056976 -0.01653575386330235 -0.031801241957989175 -0.044302611665110424 -0.06355181530047822 -0.08911732315472388 -0.12410818103746425 -0.1686379661186577 -0.22152741274164317 -0.2803066557392737 -0.34095695183925967 -0.3986189352098904 -0.4479052579071809 -0.4834023158559908 -0.5003644319353621 -0.49524921587297643 -0.46617887921095685 -0.41324315292153213 -0.33924370440439955 -0.24919213457705702 -0.14996942810936148 -0.062238039386783794 -0.009973857300765313 -0.0069112035457469445 -0.058620551338017676 -0.152248427097626 -0.2587072607904108 -0.35665710805453804 -0.4486282732138128 -0.531659276569272 -0.6054920362323719 -0.6701354169041341 -0.7250707486467767 -0.769457042145702 -0.8021211026827633 -0.8213953004789395 -0.8253465688373148 -0.8120140792606692 -0.7796174784971186 -0.7269178946898094 -0.6535853047121726 -0.5603911909738974 -0.44945149739054246 -0.3264569986077229 -0.19491185036272382 -0.07874169136729024 -0.011286642640340383 -0.009670145586660451 -0.07490198818903795 -0.19059890801198837 -0.3235824751326094 -0.44487398856954863 -0.5535903258905523 -0.6441146814354711 -0.7150464622445634 -0.7657283305772477 -0.7966368765331326 -0.8089169091486728 -0.804102496824881 -0.7839728970778638 -0.7502753159680953 -0.7045573864391487 -0.6481605588277324 -0.5821661198638374 -0.5074756228362592 -0.42497853086671133 -0.3352531215431168 -0.24208616639647793 -0.14347977392880373 -0.05775069170930261 -0.008775250109385084 -0.0058293950119801315 -0.04762464872773729 -0.1199651669440946 -0.20199091094529312 -0.2771393234874535 -0.33915052081621344 -0.3848367866550468 -0.4117703356056322 -0.41990789926112626 -0.41036051857664224 -0.38553977735538963 -0.34881108886041234 -0.3040489180236016 -0.2553100734938404 -0.20644831134817113 -0.16072662619552686 -0.12057104757218458 -0.08748626605454925 -0.061826518601868864 -0.042424414633274725 -0.029198433725675675 -0.017286190744914484 -0.006665788410378535 -0.0012495272804591653 0.001249527294026073 0.006665788446325389 0.01728619078852076 0.02919843384141811 0.042424414699988984 0.061826518715867695 0.08748626615457422 0.12057104765593396 0.16072662623641076 0.2064483113940588 0.2553100734974247 0.30404891800977873 0.34881108882164813 0.38553977731731276 0.41036051861864625 0.4199078993453095 0.4117703357538953 0.38483678680967026 0.33915052098483456 0.2771393236907184 0.20199091110050765 0.11996516706956853 0.047624648756626115 0.005829395009599173 0.008775250105766795 0.057750691707363716 0.14347977390658764 0.2420861663219787 0.3352531215170333 0.4249785308006864 0.5074756228305003 0.5821661198611521 0.6481605588342773 0.7045573863869556 0.7502753159482399 0.7839728970164291 0.8041024967156118 0.8089169090643401 0.7966368764896687 0.7657283306341632 0.7150464623096197 0.6441146815698752 0.553590326038185 0.44487398871828115 0.32358247527610157 0.19059890808456487 0.07490198821990957 0.00967014559319007 0.011286642643117642 0.0787416913424823 0.19491185031144437 0.32645699853986937 0.4494514973136846 0.5603911909380647 0.653585304673333 0.7269178946619418 0.7796174784471972 0.8120140792325651 0.8253465687745547 0.8213953003932933 0.8021211026001086 0.7694570420241452 0.7250707485304922 0.6701354168276923 0.6054920362731838 0.5316592766168466 0.44862827331208543 0.3566571081229308 0.25870726083469675 0.15224842713748157 0.05862055136381155 0.006911203537702621 0.009973857293165432 0.062238039404262875 0.14996942811577163 0.24919213454739736 0.3392437044190012 0.413243152952944 0.4661788792087208 0.49524921587286086 0.500364431983817 0.4834023158802167 0.447905257914925 0.3986189351882062 0.34095695174619495 0.2803066556736999 0.22152741264761838 0.1686379660275508 0.12410818091784717 0.0891173230801715 0.06355181523697012 0.04430261166823736 0.03180124196465013 0.01653575384194665 0.004080169894029217 -0.00038090375569259084 0.0029426766864952287 0.01778453041360476 0.039829787945639884 0.061477651371259906 0.07715914588173904 0.07889771398104684 0.06382310462947026 0.02994570680346462 -0.02202337582500178 -0.0892397045293613 -0.16686231553457107 -0.24861165285009373 -0.32743342774211237 -0.3960624625168807 -0.4478734608064735 -0.47757799624370956 -0.4813294929294292 -0.45781672980732235 -0.40795309435268556 -0.335127358818467 -0.24570955472562733 -0.14768960914249735 -0.06135752456293544 -0.009986141119112826 -0.0019258737137679608 -0.02617824302250187 -0.07209440306685866 -0.12648665240136944 -0.18237931365721752 -0.2459412245035774 -0.31656376525241464 -0.3953573002180576 -0.48121275273497766 -0.5712784339380056 -0.6613528145666367 -0.7459190869838754 -0.8186945373652258 -0.8732801095249855 -0.9035497438682875 -0.9043095316466531 -0.8722642739876065 -0.8055569058824316 -0.7049976478865706 -0.5745271305737576 -0.4212028886147906 -0.2529396347153452 -0.10333544152505064 -0.015051756047707756 -0.007365588635929183 -0.04977277302607084 -0.125623122129607 -0.21473908362894364 -0.3009151001329519 -0.3851732466803073 -0.4668553630718217 -0.5453204473348156 -0.6200843620771519 -0.6898777702880606 -0.7526537782744953 -0.8058927187993621 -0.8465352025799986 -0.8711319686698404 -0.8763542195263303 -0.8591356663872731 -0.8168178486519011 -0.7483818749917368 -0.6533209618107432 -0.5324688010820482 -0.39371781537118283 -0.23752840801600994 -0.0961464101473976 -0.01490993348351789 -0.004595762971653717 -0.042025116451211104 -0.10322523454230899 -0.17044047539389975 -0.23112733422203482 -0.2839128206304033 -0.3258680659055263 -0.35768420386376015 -0.3794180161534068 -0.3922608776115788 -0.39749096309257037 -0.3964798088064706 -0.3904370070309692 -0.380327965728095 -0.36648190602041714 -0.34882980966234434 -0.32681683164432607 -0.2990192700155335 -0.26442366939104817 -0.22051866967489483 -0.16823706124371204 -0.10493209054608936 -0.04536682979154638 -0.006418319211239182 -0.004234552703122138 -0.01031039159820293 -0.02209846344368361 -0.031941480545197465 -0.03239561246883867 -0.01925732485144669 0.005271247044981674 0.0428342863890344 0.0902696855836657 0.14509245920324657 0.20269040677547187 0.25848112281841695 0.30734507930128535 0.34481641619084397 0.36700613286886097 0.3713352095838823 0.35685616769510564 0.32393527170174047 0.2752076939666413 0.21507957316456103 0.1486193333723749 0.08597493247600956 0.03795621548054824 0.0033032912227336157 0.0036314818071389297 0.009204315183303668 0.04179137411993423 0.0920090355565448 0.14682032963579095 0.21150168861412824 0.2871350692010256 0.37135833149708725 0.4636095434850874 0.5585713848328775 0.651772340332807 0.7363387443754961 0.8061215436722701 0.8544947472046505 0.8761047554818857 0.8671227950566852 0.8248859605320852 0.7500349925682611 0.6440053777073049 0.5122554994514116 0.3625134902484403 0.2034147507977948 0.0662151739166206 0.01271125640700265 0.00279612856201052 0.042306557728629166 0.10769174656610812 0.17992159190189824 0.2600539799756603 0.3461084346084297 0.43731314503357716 0.5332537080068509 0.6301685508493807 0.7254336263947343 0.813862611261008 0.8908170430044997 0.9507021494421245 0.9884979934600205 1.0 0.9813387330322629 0.9317851602241576 0.849868490988054 0.7395050605226503 0.602123639869623 0.44917904387145136 0.28200165276144584 0.1347019163988079 0.018320071605132163 0.017026091150456175 0.03712118824509661 0.06734156992810492 0.09960956917444513 0.13638859370560882 0.17401488401842097 0.2134974732084422 0.2527084279068221 0.29130114901632015 0.3273972857197079 0.3596769707808135 0.38633682071639536 0.4054832493262844 0.41591265117539744 0.41542434637104597 0.4044232476826548 0.38042567624335377 0.346688558358215 0.3001278538716292 0.2482697981249588 0.18657725188961752 0.1300876168083244 0.06639261838660883 0.03315034033304294
</DataArray>
        <DataArray type="Float64" Name="Mode_8_phi2" NumberOfComponents="1" format="ascii">
 -3.1987035431857545e-6 -1.2568212373574837e-6 3.1987035384400674e-6 1.2568212455046468e-6 -2.4906598930637563e-5 2.710562824054358e-5 -2.7512080569889468e-5 9.504425196339525e-6 -1.9206949425836244e-5 4.340959580012737e-6 -4.302257386126505e-6 9.924160008468359e-6 4.147680275990999e-6 6.264254941413629e-6 -1.5224291462236742e-6 -3.6405052246980814e-6 -6.330455455576481e-6 -4.0968451663033446e-6 -5.753438857380965e-7 2.7992398595315603e-6 5.4021065235322556e-6 3.295472985918441e-6 2.6515662653480044e-6 -3.5290482118370406e-6 -9.684579999230843e-8 -7.577137327597666e-6 5.985844069366489e-6 -1.1574512298504264e-5 -2.172232040455194e-5 1.5804734801647463e-5 -1.0546262788073605e-5 6.939014559962501e-6 -5.440555746861269e-6 3.959129932951617e-6 -3.3803755228574538e-6 2.2856330269984663e-6 -2.2211725990470487e-6 1.2424575014813818e-6 -1.5296334102570626e-6 7.571151247771753e-7 -1.3191146689835186e-6 1.1098670480746815e-6 -1.9573167943527473e-6 2.622891115608737e-6 -3.602876259502508e-6 5.287191857414334e-6 -6.237704173949449e-6 9.181029850785623e-6 -1.0030361559084784e-5 1.5879137698098575e-5 -2.5761302462149655e-5 4.1511884519640545e-5 2.4906598936966258e-5 -2.710562823922434e-5 2.751208059227005e-5 -9.504425237803106e-6 1.920694947806332e-5 -4.3409596268593195e-6 4.302257436998374e-6 -9.924160078125382e-6 -4.147680190168441e-6 -6.264255039677894e-6 1.52242922357048e-6 3.640505169249647e-6 6.330455499831143e-6 4.09684512900942e-6 5.753439248066046e-7 -2.7992399080193028e-6 -5.402106474292259e-6 -3.295473064638332e-6 -2.6515661320622757e-6 3.5290480560553518e-6 9.684593435537207e-8 7.577137243632305e-6 -5.9858440329678605e-6 1.1574512286419433e-5 2.1722320369067507e-5 -1.5804734727396348e-5 1.0546262676777018e-5 -6.9390144257869394e-6 5.440555609154232e-6 -3.959129808892445e-6 3.380375418538042e-6 -2.2856329245821647e-6 2.2211724865002695e-6 -1.2424573856258092e-6 1.5296333061724346e-6 -7.571150390746501e-7 1.3191145924704592e-6 -1.109866978585652e-6 1.9573167254959495e-6 -2.6228910425728617e-6 3.602876191702985e-6 -5.287191808630906e-6 6.237704144389493e-6 -9.181029826616072e-6 1.003036154432843e-5 -1.587913769050204e-5 2.5761302449646107e-5 -4.151188450490413e-5 -0.03279703222599899 -0.025295721186686694 -0.03149243530368826 -0.028557666292608894 -0.029982860393338216 -0.023891176869071665 -0.020973418299747592 -0.014004403797270689 -0.00913359728691068 -0.002623046384139684 0.0024151906375214915 0.007644532529174763 0.011513097580328717 0.015169850241003128 0.017173557439701965 0.01933180409195587 0.01945087354753339 0.020575410856045754 0.01908473877900163 0.01983429934157157 0.01680575662244912 0.017498551236583886 0.011744320948168257 0.01602045682830614 -0.05448712996414523 -0.14275814244316803 -0.14077760631887026 -0.14374467716332015 -0.13350459075948848 -0.11330432077896266 -0.08949475215011625 -0.06229115039311582 -0.03430484003827818 -0.006857965136162036 0.01857951333278304 0.04074454768681303 0.05890822495937153 0.07282184267890289 0.08183419333573093 0.0872311418198496 0.08824718213030759 0.0874160377596455 0.08368453388011728 0.07888891531235658 0.07560726465525053 0.0643350020368478 0.06049964244651983 0.02382413731179222 -0.09515216357389829 -0.25762950721631017 -0.30888077161263255 -0.3002891567392455 -0.27884822520244945 -0.23589698780120238 -0.1833255285052472 -0.12497012708079092 -0.06389042036133412 -0.005268630867764485 0.04931020974115817 0.09550132053832554 0.13300399070883842 0.15953455174355882 0.17611381127630418 0.18259889235003066 0.18154990653529762 0.17392903126790552 0.1634289754782786 0.14997787598160517 0.13840604722978825 0.12375572844625689 0.09970422900191395 0.03161165645548842 -0.10701025219909503 -0.33382993940799877 -0.41886877988372295 -0.4121843117031717 -0.3831780814343033 -0.32413047920593124 -0.2501344566394303 -0.1663551167816599 -0.07942929252187227 0.005445904939155117 0.08244596728495468 0.14824767920797205 0.19904168446365625 0.23401094834698286 0.25250703014064035 0.25625926374935604 0.24759802071017284 0.23002420272993931 0.20757463851553018 0.18387465765897135 0.15937454369900564 0.14316884617532116 0.10134248868988484 0.02899651351221349 -0.11011144389323786 -0.3261390980305403 -0.41312246436660777 -0.418259242920946 -0.3905850810795867 -0.3328093693226795 -0.2553919270131104 -0.1660762067265224 -0.07191435233464197 0.020184598285256282 0.10411311173289083 0.1745216495226555 0.227931008773482 0.26207781987228274 0.2768926975836362 0.27381625700221557 0.25586431958398065 0.22743770162324123 0.19291174137856856 0.15880473722055477 0.12329941095030014 0.10186708115209453 0.0693333094372335 0.020185170386566517 -0.08642958330742487 -0.241098623628981 -0.29390167179481885 -0.3187850606627528 -0.2988747657331986 -0.2596736188967687 -0.198809219177313 -0.12617282909508726 -0.04728829098412574 0.030900629115910544 0.10245634637044276 0.16215151555296956 0.20604921361345524 0.2319093289193662 0.23915155631842538 0.228968238507424 0.20424768848352695 0.1689186917409236 0.1278602068235005 0.08685381244665236 0.048537548581336014 0.02074252707627691 0.01060312853887584 0.006523314751961412 -0.05766901450064566 -0.11477165339020916 -0.12445409194031072 -0.16524674987749227 -0.16015744030424542 -0.1470165858074285 -0.11604358758782381 -0.07381736512092574 -0.025239475571975853 0.025310578993245035 0.07270967010304867 0.11277171032655074 0.1420115098258161 0.15806209012211245 0.15997193528003262 0.14815562892936013 0.12432860751475873 0.09150482383948787 0.052988747329308285 0.01387911484007142 -0.02079784285909561 -0.05265862522763698 -0.03995174607818217 -0.002422400048068248 -0.029038444582897414 -0.013101713446210295 0.0125812744004974 -0.03637670323498118 -0.04668500333496913 -0.05737295813517247 -0.05548314695922815 -0.04455123724696771 -0.026514631365654233 -0.004176653459866542 0.01975611012815884 0.042234554380248736 0.060652111650294396 0.07283576421522099 0.07729437706331513 0.0733804440069883 0.06121758558945099 0.041900846424524 0.016937709668801867 -0.011936452848084627 -0.03513190841871752 -0.07075435534735301 -0.047050741159811935 -0.000997166536842516 -0.018131075022696917 0.021311147212351254 0.05186176264458729 0.007408667231075004 -0.013832485754777649 -0.03673434282867683 -0.05201969301878174 -0.059632103977342345 -0.06001109547726144 -0.05359412192573055 -0.04174563798466259 -0.025895631972923452 -0.007930889274295116 0.010243077768992205 0.02673124156035162 0.039812694571870054 0.04802365976657192 0.050375484738884806 0.04644063505040076 0.03444705859889917 0.024012903461867602 -0.008718195071622085 0.0012317653351624598 0.013465495967180344 -0.023589967250274072 -0.0222434846156 -0.014558854954229752 -0.046478828213435984 -0.07069617318008371 -0.09085700655230439 -0.10622558054673732 -0.1141338201536487 -0.11450838897305902 -0.10693307120354661 -0.09161933368158048 -0.06936054563039475 -0.04137387757679243 -0.009406744520121765 0.024426834444455738 0.057771203626236195 0.08807626724696398 0.1128896419717966 0.13013330565753284 0.1358458638868211 0.1357262614596047 0.10976178712767863 0.08884732472750653 0.03557847003477766 -0.041809548233487544 -0.10978099634177298 -0.14080801090270148 -0.15864910379858355 -0.17757967459594118 -0.18448481109505466 -0.18568446835806868 -0.17905302023086905 -0.1646128468931078 -0.1424084281278633 -0.11265557171725198 -0.07602658785332005 -0.03366771587325474 0.0128391041841508 0.061432835286609054 0.109687622777387 0.15488930884740565 0.19405135831508805 0.22456279452977262 0.24206657585655814 0.24564301597476967 0.22932963010555585 0.1742813533190806 0.05593018648205966 -0.05885012514866623 -0.18908356520609362 -0.252376555847821 -0.26164148729135267 -0.2708341239503325 -0.2618721934581148 -0.2443486661726211 -0.21807222517514152 -0.18426502960943658 -0.1440174720193607 -0.09841982596315821 -0.048653369387376535 0.003914641495816517 0.05774683908258191 0.11110180107729586 0.1620400199793366 0.2084678673879483 0.24800677635882049 0.2784171961250572 0.2971517449933167 0.29703416927974285 0.2875768963733403 0.21507343360570028 0.0651596843440542 -0.0651596844117362 -0.215073433699927 -0.2875768963837859 -0.29703416934323973 -0.29715174516885906 -0.2784171961765463 -0.24800677649266933 -0.20846786737479905 -0.16204001998020642 -0.11110180096447511 -0.05774683892537941 -0.003914641191668373 0.048653369661370995 0.09841982617824048 0.1440174721831178 0.18426502962526836 0.21807222523491834 0.24434866607780806 0.2618721933554765 0.27083412384560773 0.2616414871480902 0.2523765558127098 0.18908356506447802 0.058850125061544294 -0.055930186559220545 -0.17428135339622625 -0.2293296301059672 -0.24564301605110245 -0.24206657598999995 -0.22456279462924114 -0.1940513583495066 -0.15488930891832098 -0.10968762275189192 -0.06143283521816971 -0.012839104014513138 0.03366771612320286 0.0760265881009535 0.1126555719881182 0.14240842834024492 0.16461284701511317 0.17905302025556474 0.1856844683549923 0.18448481096211006 0.17757967451039855 0.15864910362815893 0.14080801077183364 0.10978099614326724 0.04180954815738507 -0.03557847010024679 -0.08884732482456646 -0.1097617871776726 -0.13572626155709258 -0.13584586397864704 -0.13013330578029111 -0.11288964196782206 -0.08807626731842613 -0.05777120363931763 -0.024426834382279862 0.009406744691008915 0.04137387775485882 0.06936054589303774 0.09161933394675403 0.10693307145846195 0.11450838918208418 0.11413382023351298 0.10622558054913032 0.09085700647922558 0.07069617301785568 0.0464788280515551 0.014558854765757238 0.022243484419001282 0.023589967132259672 -0.013465496044211597 -0.0012317654351063976 0.008718195002453036 -0.024012903571912977 -0.034447058655423586 -0.0464406351274014 -0.05037548480667248 -0.04802365976867949 -0.039812694608007286 -0.02673124147103181 -0.010243077670213036 0.00793088946792813 0.025895632164388265 0.04174563827940708 0.053594122165517635 0.06001109572793954 0.05963210409962821 0.05201969305108045 0.036734342772827465 0.013832485620327975 -0.007408667423410185 -0.051861762836887364 -0.021311147441414106 0.01813107494785054 0.000997166486278077 0.04705074105945256 0.07075435522975984 0.0351319083587259 0.011936452755929298 -0.016937709722042876 -0.041900846484638814 -0.06121758559924756 -0.07338044400647116 -0.07729437703266803 -0.07283576407841484 -0.06065211155609689 -0.04223455416852313 -0.01975610992080818 0.004176653727081211 0.026514631541897673 0.04455123735427952 0.05548314706228756 0.05737295808554487 0.0466850032388185 0.036376703058789345 -0.012581274588543346 0.013101713229134082 0.029038444492634086 0.002422400004234655 0.03995174602148355 0.05265862511017607 0.02079784277800365 -0.013879114876098251 -0.05298874740091255 -0.09150482386844264 -0.12432860751341623 -0.14815562889683978 -0.15997193523193914 -0.15806209006731659 -0.14201150972224605 -0.11277171024062443 -0.0727096698829575 -0.025310578856280616 0.025239475735296803 0.0738173652348915 0.11604358766139355 0.14701658580833302 0.16015744020063383 0.1652467498004888 0.12445409175783487 0.11477165322975122 0.05766901444503921 -0.006523314748200903 -0.010603128615777961 -0.02074252711583662 -0.04853754865807336 -0.08685381250353853 -0.12786020685990965 -0.1689186917552636 -0.20424768845788824 -0.22896823847500442 -0.23915155629446347 -0.23190932888799143 -0.2060492135872453 -0.1621515154734808 -0.1024563463105023 -0.030900628998371583 0.04728829110284969 0.1261728291980964 0.19880921922101136 0.2596736188985159 0.29887476568340854 0.31878506059258216 0.2939016717056029 0.24109862352850103 0.08642958325866795 -0.020185170442103946 -0.06933330941555532 -0.1018670812199937 -0.12329941095322634 -0.15880473727850516 -0.19291174137503414 -0.22743770162525065 -0.2558643195788064 -0.27381625697055845 -0.2768926975970023 -0.2620778198581406 -0.22793100879698297 -0.1745216495081125 -0.10411311169998064 -0.02018459824141396 0.07191435242635316 0.16607620678700025 0.2553919270825336 0.33280936929363875 0.39058508107049483 0.41825924290663663 0.4131224643288512 0.3261390979717954 0.1101114438776879 -0.028996513499571115 -0.1013424887314464 -0.14316884616194314 -0.15937454370979573 -0.18387465765847624 -0.20757463854051794 -0.2300242027006352 -0.24759802070297957 -0.25625926376196134 -0.25250703013017967 -0.23401094840760164 -0.19904168447737244 -0.14824767923956564 -0.08244596727966558 -0.005445904922199804 0.07942929256915085 0.16635511684073273 0.2501344566774294 0.3241304792133972 0.38317808140600745 0.4121843117418027 0.41886877988846516 0.33382993937754696 0.10701025217118348 -0.031611656480150255 -0.09970422899870768 -0.12375572843380643 -0.13840604725249248 -0.14997787596029438 -0.16342897546101717 -0.17392903126588788 -0.18154990654097378 -0.18259889233943755 -0.17611381131455284 -0.15953455176684164 -0.13300399076415267 -0.09550132055190673 -0.04931020977043951 0.0052686308868719394 0.06389042038453031 0.12497012712490704 0.18332552853179634 0.23589698780314697 0.2788482252108168 0.30028915677182777 0.308880771628365 0.25762950720292477 0.0951521635670016 -0.02382413731805064 -0.06049964244768217 -0.06433500204410234 -0.07560726463437621 -0.07888891531998589 -0.08368453383285447 -0.08741603777255749 -0.08824718212517159 -0.08723114182612433 -0.08183419335052503 -0.07282184271028268 -0.058908224981864495 -0.040744547707813245 -0.018579513347416723 0.00685796515936929 0.034304840063689425 0.06229115039354516 0.08949475218255548 0.11330432076511546 0.13350459079034152 0.1437446771746792 0.14077760631393768 0.14275814243212742 0.05448712997180512 -0.01602045682999022 -0.011744320933065697 -0.017498551256746177 -0.016805756594052108 -0.01983429936505215 -0.019084738752343202 -0.020575410867066202 -0.01945087353403083 -0.01933180411801748 -0.017173557425104086 -0.015169850272192751 -0.011513097582858147 -0.007644532556116347 -0.0024151906363583694 0.002623046369204017 0.00913359730060935 0.01400440378517739 0.020973418315112343 0.023891176878351805 0.029982860409671488 0.028557666296671193 0.0314924353047842 0.025295721185319094 0.032797032232739456
</DataArray>
        <DataArray type="Float64" Name="Mode_9_w" NumberOfComponents="1" format="ascii">
 -2.714004353165115e-7 4.032735605675221e-7 2.7140043549437787e-7 -4.032735574344395e-7 -4.665808745998679e-8 -1.3032096089805423e-6 -4.2885691649395714e-7 -1.2167706637461712e-7 8.138387057406449e-7 1.037836154020031e-6 1.037836154020031e-6 1.5857799234862628e-6 1.5849816990870325e-6 1.1759409637937091e-6 4.361569882731017e-7 -1.1625232211922317e-8 2.3453865721510273e-7 9.482665641922377e-7 1.5552488033603569e-6 1.6952254383117463e-6 1.2242229859128054e-6 9.002987876046118e-7 9.002987876046118e-7 -3.849481384876496e-8 -1.8631994754292563e-8 -1.465912763336067e-6 -6.00808869989393e-7 -8.964958157611427e-7 2.634104239416259e-7 9.530208068384038e-8 -7.012933046161702e-7 -8.083764048638148e-7 -1.1982798465085927e-6 -1.0793796217820546e-6 -1.0793796217820546e-6 -1.2248382953779764e-6 -1.1757344159881944e-6 -9.994859475019423e-7 -6.681495046906093e-7 -2.7364746157885805e-7 1.8744354158178474e-7 5.556731081488148e-7 9.998619300525854e-7 1.1149028310762212e-6 1.3212873958609487e-6 1.093944840570913e-6 1.093944840570913e-6 1.230264198015275e-6 9.688577300782003e-7 4.159365551773735e-7 3.640798603860122e-7 -3.0852192393343026e-7 4.665808379112269e-8 1.3032096071792166e-6 4.288569155648353e-7 1.2167706748564863e-7 -8.13838704383576e-7 -1.0378361545614246e-6 -1.0378361545614246e-6 -1.585779925242401e-6 -1.584981695498099e-6 -1.1759409645216207e-6 -4.3615698868590953e-7 1.1625232412372727e-8 -2.3453865826924545e-7 -9.482665640106495e-7 -1.5552488039646895e-6 -1.6952254403161335e-6 -1.2242229852199295e-6 -9.002987889558155e-7 -9.002987889558155e-7 3.849481552979506e-8 1.863199406431992e-8 1.4659127674606843e-6 6.00808867401679e-7 8.964958136355928e-7 -2.634104224794116e-7 -9.530208283631963e-8 7.012933083599378e-7 8.083763999153573e-7 1.1982798530308793e-6 1.079379615561564e-6 1.079379615561564e-6 1.2248382986104364e-6 1.175734413723477e-6 9.994859491032075e-7 6.681495046606791e-7 2.7364746188813667e-7 -1.8744354079362315e-7 -5.55673110656715e-7 -9.998619257875338e-7 -1.1149028347102448e-6 -1.3212873920074371e-6 -1.0939448432097577e-6 -1.0939448432097577e-6 -1.2302641942540483e-6 -9.68857735014187e-7 -4.159365531333912e-7 -3.640798577558971e-7 3.085219239764549e-7 -0.00013996579456510203 -0.00045157375326951884 -0.0008420315844649973 -0.0011421786171700104 -0.0013890473909353549 -0.0014627461388188054 -0.0014627461388188054 -0.0014228724093984053 -0.0012152406572071518 -0.0008961578260032044 -0.0004607493978784568 3.162614703007455e-5 0.0005504905570980097 0.001037326555625531 0.001451715206562706 0.0017448514074410938 0.0018940457621174865 0.0018698502342587141 0.0018698502342587141 0.0016885790962686506 0.0013462539845358924 0.0008984303513826354 0.0004725518357273183 0.00010900236966217543 -0.00016302652475943917 -0.0016399314910881062 -0.004615448723329082 -0.0063577416017623865 -0.007719399750767749 -0.008212222923594933 -0.008212222923594933 -0.007942285659333501 -0.006878322979173547 -0.005090158279619677 -0.0027031587707347514 0.00010842658979628867 0.0031030111202437513 0.0060053793345936244 0.008540513942141524 0.010431918608798723 0.011485148461588345 0.011521368816225215 0.011521368816225215 0.010516054966732306 0.00851625001067283 0.005618217952793259 0.0023970348530975225 0.00021827472523715952 0.00029063450200462034 0.0004220219644081581 -0.0025615161436238713 -0.003976897596314694 -0.00479519486703788 -0.005133220787433493 -0.005133220787433493 -0.004965705633822119 -0.004417307814109616 -0.003398967656860095 -0.0018995765796730093 7.796824977539867e-5 0.002462226097794591 0.0050851548999172646 0.00770711259702616 0.010033258552040947 0.011731662233163256 0.012501098304305895 0.012501098304305895 0.011992308273132874 0.010103919872035579 0.0066428728844104895 0.0018696813935975682 6.774520550190454e-5 0.0009487487985401374 0.005096691993778778 0.007602476855751921 0.010877982082569605 0.013733640521233015 0.015383802256070722 0.015383802256070722 0.01537828616031537 0.01368788927952156 0.010543788105586824 0.006463891345849017 0.0020631853329419482 -0.002015928482893964 -0.0052147719838399045 -0.007167369213731327 -0.007723102789047261 -0.006983411453705849 -0.005265875113852921 -0.005265875113852921 -0.003147444454750846 -0.0013417079627929323 -0.000337429764246519 -0.0013265658197659667 -0.00042047580922146573 0.0018497216932477887 0.01231183425196195 0.02425139898320453 0.036331616248352114 0.045946586372471294 0.05132417616528146 0.05132417616528146 0.05148834137249675 0.04621376961631316 0.036117415405625776 0.022362665824550362 0.006575196111593974 -0.009405260178012917 -0.02376018847589242 -0.03494384374251459 -0.041872017137030274 -0.04401406146375025 -0.041466583001404385 -0.041466583001404385 -0.03500483115764283 -0.02600875957191188 -0.016113374936448814 -0.007994674373778354 -0.001170561320434551 0.002696869100224088 0.019658543205107192 0.04197151527449765 0.0637686256566578 0.08122147910376452 0.09118161729909012 0.09118161729909012 0.09202042327105937 0.083317772572711 0.06587631814954385 0.041572932052548243 0.013036169558230781 -0.01658347018268016 -0.04403236439479801 -0.06637973421228986 -0.08135377241702534 -0.08757658728324605 -0.08471212143143755 -0.08471212143143755 -0.07362692423814939 -0.05636757020544103 -0.035788487139455386 -0.01630665185846395 -0.0021627114967631006 0.002696869100224088 0.019658543205107192 0.04197151527449765 0.0637686256566578 0.08122147910376452 0.09118161729909012 0.09118161729909012 0.09202042327105937 0.083317772572711 0.06587631814954385 0.041572932052548243 0.013036169558230781 -0.01658347018268016 -0.04403236439479801 -0.06637973421228986 -0.08135377241702534 -0.08757658728324605 -0.08471212143143755 -0.08471212143143755 -0.07362692423814939 -0.05636757020544103 -0.035788487139455386 -0.01630665185846395 -0.0021627114967631006 0.003256039354333519 0.024640806920323843 0.05397696480672135 0.08297610961851762 0.10634793962908728 0.12022216142376692 0.12022216142376692 0.12219992123945088 0.11160082834139433 0.08928332975198859 0.05747864261643179 0.019526018304547293 -0.020495736603274996 -0.05823051083443427 -0.08962732561529425 -0.11141463282704835 -0.12142709676589777 -0.1188924066785333 -0.1188924066785333 -0.10460622838502626 -0.08105357713558686 -0.05217266145790971 -0.023345912034978693 -0.0030221084162388736 0.003407356806724276 0.025822740027135745 0.056472052297588615 0.08759621763807815 0.11313733869948464 0.12887653909278865 0.12887653909278865 0.13207865379098538 0.12171764457911063 0.0985141869228317 0.06468827220332841 0.023704067684151044 -0.020058013062482036 -0.06183073719315709 -0.09707681257095853 -0.12204278818404171 -0.13414111412088733 -0.13230217734197908 -0.13230217734197908 -0.11722006154119483 -0.09145004757532184 -0.05943396767306277 -0.02691151019280895 -0.0035581395657896145 0.0032381332028613334 0.023775273567086915 0.0506017043752981 0.07903698169182331 0.10288105540673233 0.11819253754327977 0.11819253754327977 0.12213907643899236 0.1135433243660453 0.09285316176968 0.06198727729544299 0.024091758173680724 -0.01677404462151239 -0.05610280079621445 -0.08955380288508664 -0.11349093020368796 -0.1253689690790434 -0.12409270343657078 -0.12409270343657078 -0.11028127299306602 -0.0863275474174564 -0.05654958907674983 -0.026383259299955414 -0.003635429439644414 0.0029858646601762335 0.02063409392819992 0.04181309571646313 0.06539292335873927 0.08560224988625068 0.09895484909773157 0.09895484909773157 0.10285941952722123 0.0960990854712673 0.07896912271505117 0.053037289693915704 0.020986900878372888 -0.013684189090908735 -0.04708420988325944 -0.07545534440040576 -0.09566675416601754 -0.10555962011780864 -0.10425452467081195 -0.10425452467081195 -0.09242346181683006 -0.07223427780248956 -0.047501817718773855 -0.023257496443754563 -0.003398602938973296 0.0028967757692507277 0.018924655794328057 0.036625190814909954 0.05674445217209651 0.07409337209745309 0.08546093407629354 0.08546093407629354 0.08856715181942573 0.08234741768656063 0.06711666249339873 0.044346826471683296 0.016469304227542093 -0.013391564260743085 -0.041819763782187186 -0.06559079735291631 -0.08208448745615357 -0.08959654120817909 -0.08756919045576864 -0.08756919045576864 -0.07684447433315528 -0.05953369892988827 -0.03896703495384465 -0.020004708896425177 -0.0030653017118912893 0.0030653017114473185 0.020004708892180794 0.03896703494528615 0.05953369891130678 0.0768444743105936 0.08756919043000874 0.08756919043000874 0.08959654118034473 0.08208448743356 0.06559079733252843 0.04181976376304086 0.013391564245533154 -0.01646930424186717 -0.04434682648576828 -0.06711666250587411 -0.08234741770422739 -0.08856715183605846 -0.08546093409719052 -0.08546093409719052 -0.07409337211074225 -0.056744452182657425 -0.03662519082022097 -0.018924655793814443 -0.0028967757692810792 0.0033986029390483236 0.023257496440975814 0.0475018177054763 0.07223427778784511 0.09242346179271942 0.10425452464853385 0.10425452464853385 0.10555962009522722 0.09566675414214372 0.07545534438443785 0.047084209865600794 0.013684189077451855 -0.020986900886152394 -0.05303728969892955 -0.078969122719361 -0.09609908547513113 -0.10285941953379837 -0.0989548491043306 -0.0989548491043306 -0.08560224989398807 -0.06539292336348716 -0.04181309571740176 -0.02063409392894659 -0.0029858646604160022 0.003635429439388974 0.02638325929772854 0.056549589068830126 0.08632754740383598 0.11028127298105803 0.12409270341967353 0.12409270341967353 0.12536896906850745 0.11349093019350595 0.08955380287432636 0.05610280078957787 0.016774044615406148 -0.02409175817531182 -0.06198727729660607 -0.0928531617663046 -0.11354332436689282 -0.12213907643780154 -0.11819253754253899 -0.11819253754253899 -0.10288105540692508 -0.07903698169095275 -0.0506017043749828 -0.02377527356563172 -0.0032381332028596156 0.0035581395659635435 0.026911510192512544 0.059433967672123354 0.09145004757322915 0.11722006153690728 0.13230217734280764 0.13230217734280764 0.13414111411927773 0.12204278818290415 0.09707681256979411 0.061830737186123634 0.02005801306107558 -0.023704067685469947 -0.06468827220625673 -0.09851418692426532 -0.12171764457776638 -0.13207865379195655 -0.128876539092378 -0.128876539092378 -0.11313733870024442 -0.08759621763750443 -0.05647205229493493 -0.02582274002570025 -0.003407356806680638 0.0030221084161007627 0.02334591203441745 0.05217266146026259 0.0810535771431123 0.10460622839534339 0.11889240668960101 0.11889240668960101 0.12142709677941774 0.11141463283661672 0.08962732561968917 0.05823051083332355 0.020495736596614272 -0.019526018314797916 -0.05747864262847652 -0.08928332976364488 -0.11160082835229637 -0.12219992124716825 -0.12022216143142792 -0.12022216143142792 -0.10634793963083919 -0.08297610961997696 -0.053976964805083245 -0.024640806916906205 -0.003256039353557596 0.0021627114969028135 0.016306651860345668 0.035788487147437854 0.05636757021812624 0.0736269242568112 0.08471212145195839 0.08471212145195839 0.08757658730287489 0.08135377243298794 0.06637973422000952 0.04403236439415066 0.01658347017233206 -0.01303616957628161 -0.0415729320761403 -0.0658763181733311 -0.0833177725980792 -0.0920204232913866 -0.09118161731378792 -0.09118161731378792 -0.0812214791140564 -0.06376862565843054 -0.041971515275434565 -0.019658543202807674 -0.00269686910007023 0.0021627114969028135 0.016306651860345668 0.035788487147437854 0.05636757021812624 0.0736269242568112 0.08471212145195839 0.08471212145195839 0.08757658730287489 0.08135377243298794 0.06637973422000952 0.04403236439415066 0.01658347017233206 -0.01303616957628161 -0.0415729320761403 -0.0658763181733311 -0.0833177725980792 -0.0920204232913866 -0.09118161731378792 -0.09118161731378792 -0.0812214791140564 -0.06376862565843054 -0.041971515275434565 -0.019658543202807674 -0.00269686910007023 0.0011705613206231822 0.00799467437684023 0.016113374947207864 0.02600875958737807 0.03500483117558884 0.041466583021939146 0.041466583021939146 0.04401406148389012 0.04187201715218841 0.03494384375113653 0.02376018847155371 0.009405260162883284 -0.006575196135809227 -0.02236266585531632 -0.03611741543916681 -0.046213769647350196 -0.051488341401688904 -0.051324176186107684 -0.051324176186107684 -0.04594658638677545 -0.03633161625422055 -0.02425139898317161 -0.01231183425054426 -0.001849721692471983 0.0004204758093435552 0.0013265658223967653 0.0003374297706633166 0.0013417079756568291 0.003147444470568331 0.0052658751301063594 0.0052658751301063594 0.006983411468685843 0.007723102801095832 0.007167369217670609 0.005214771979165027 0.0020159284664244483 -0.0020631853562191123 -0.006463891374846653 -0.010543788136066058 -0.013687889310250126 -0.015378286183906045 -0.015383802276386957 -0.015383802276386957 -0.013733640534439784 -0.01087798208957616 -0.007602476856684218 -0.005096691990547538 -0.0009487487980944339 -6.774520594905249e-5 -0.0018696813949478685 -0.0066428728809431875 -0.010103919865789941 -0.011992308263562951 -0.012501098293953856 -0.012501098293953856 -0.011731662224916561 -0.010033258546038992 -0.007707112595687367 -0.005085154904309631 -0.0024622261083131463 -7.796826601583345e-5 0.001899576559825088 0.0033989676366256425 0.004417307795366809 0.004965705616632744 0.005133220777172383 0.005133220777172383 0.004795194857971273 0.003976897590769085 0.0025615161408629687 -0.0004220219622826971 -0.0002906345011966702 -0.00021827472561362265 -0.0023970348528874075 -0.005618217951792892 -0.008516250008494762 -0.010516054964043248 -0.01152136881249573 -0.01152136881249573 -0.01148514845921929 -0.010431918607633745 -0.008540513942903387 -0.006005379337655662 -0.003103011124998663 -0.00010842659602960545 0.0027031587632379383 0.005090158272535611 0.006878322972486135 0.007942285654173617 0.00821222291795883 0.00821222291795883 0.007719399750010929 0.006357741600969651 0.004615448724974197 0.0016399314920510887 0.0001630265250927539 -0.00010900236950460547 -0.00047255183593450996 -0.0008984303509132552 -0.0013462539847073126 -0.0016885790955179017 -0.0018698502342203935 -0.0018698502342203935 -0.0018940457619460664 -0.0017448514074002391 -0.0014517152069769498 -0.0010373265559917117 -0.000550490557687289 -3.162614762750352e-5 0.00046074939692116975 0.0008961578255506999 0.0012152406563997748 0.0014228724090403207 0.001462746138230757 0.001462746138230757 0.0013890473911520194 0.0011421786173508985 0.0008420315847461714 0.000451573753810477 0.00013996579457553084
</DataArray>
        <DataArray type="Float64" Name="Mode_9_phi1" NumberOfComponents="1" format="ascii">
 -1.1369847679838188e-6 6.68873939558932e-7 -1.1369847763750922e-6 6.688739386915971e-7 -1.1994665596480584e-5 3.1762757858955507e-6 7.17653163493075e-7 -1.0719521796592412e-6 4.041809843909967e-6 1.3583003650072639e-6 2.297552724773836e-6 -5.547078895004791e-7 -1.5236490956124e-6 -2.439128825817391e-6 -2.1553064119709395e-6 -2.434463020758298e-8 5.033411719041167e-7 3.7094005307458693e-6 6.236381261585138e-7 3.612246817682383e-6 -4.057286477407194e-6 1.9722658439811767e-6 -8.355299383825979e-6 5.092133627172706e-6 -9.56927623155148e-6 1.3585341802828104e-5 -1.8880369168351296e-5 2.6175031259403397e-5 1.4581084032095815e-6 -5.153143584357377e-6 2.338118063803994e-6 5.532530041381018e-7 3.7107985795628205e-6 2.494882057007236e-6 3.663777429724585e-6 2.7359744556063192e-6 2.707852726334241e-6 1.8224586495268485e-6 1.117726591844742e-6 3.0906603570409674e-7 -6.402802070453902e-7 -1.1867199708090516e-6 -2.1212800276858316e-6 -2.0453610237134056e-6 -3.1843408229072835e-6 -1.7900851269569442e-6 -4.006705677872715e-6 -3.129446946624469e-7 -3.896195736498126e-6 6.020806285679378e-7 3.92289781193267e-6 8.267225784895812e-7 -1.1994665576109574e-5 3.1762757676340387e-6 7.176531547726374e-7 -1.0719521456212572e-6 4.041809787457546e-6 1.358300440039752e-6 2.297552655868771e-6 -5.547078490465924e-7 -1.5236491066895153e-6 -2.4391288327111562e-6 -2.1553063845896296e-6 -2.4344682816140324e-8 5.033412436869429e-7 3.7094004500247267e-6 6.236382091111743e-7 3.6122467375460113e-6 -4.057286411346712e-6 1.9722658058831162e-6 -8.355299372502403e-6 5.0921336274932316e-6 -9.569276250298869e-6 1.3585341842344812e-5 -1.8880369195830004e-5 2.6175031258812066e-5 1.4581083762094354e-6 -5.153143558642739e-6 2.3381180409880355e-6 5.532530397740592e-7 3.7107985403152906e-6 2.4948820855861525e-6 3.6637774356923596e-6 2.7359744267509416e-6 2.707852773970396e-6 1.8224585929665347e-6 1.1177266412782847e-6 3.0906600196047835e-7 -6.402801911248775e-7 -1.1867199739848246e-6 -2.121280024783034e-6 -2.0453610500251517e-6 -3.184340760726063e-6 -1.790085224918874e-6 -4.006705579381113e-6 -3.129447877566981e-7 -3.896195641967295e-6 6.020805703174091e-7 3.922897837455478e-6 8.267225656552495e-7 -0.0064637302721729266 -0.01979992680768069 -0.04089206780599791 -0.06315599012333144 -0.07881789997109061 -0.08952861912614966 -0.09191177215686788 -0.08712058207643479 -0.07448867399640957 -0.05525730124887764 -0.030417991513463416 -0.0019074948296515508 0.028260824517281402 0.05763895209179529 0.08386045486451653 0.10472607844080781 0.11823432151508548 0.12333248374470657 0.11897631323448275 0.10608830804334758 0.0848887483678895 0.059454699772042145 0.03243321181285894 0.012583070392616075 0.0028137593026294444 -0.018359819753638134 -0.05393076433140642 -0.09077552914651947 -0.11141919345256326 -0.12227886463650939 -0.12338282928118602 -0.11392149471265554 -0.09545894578093464 -0.0680395155611408 -0.033067544189584505 0.007744482346173102 0.05179392536837379 0.0960407904050371 0.1369280520190482 0.17074034645090486 0.19426639486965372 0.20414977626583375 0.1988213374549936 0.17663549981271004 0.1380941778431403 0.0839672002439297 0.026516373334700027 -0.002889101705544379 0.012823079525269914 0.050186263777805065 0.08078793656022358 0.11014202388534242 0.1388811373975456 0.15900467015764927 0.1661740684470171 0.15778716828630127 0.13496651021804393 0.10027767060487178 0.05812676047217352 0.013623393179392302 -0.02801872162038626 -0.06237331226358368 -0.08616249510526891 -0.0975723447071658 -0.09697962917614641 -0.08568188572938214 -0.06841747372114884 -0.049463945521803374 -0.03404379682003591 -0.03339975319782167 -0.027329216821717225 -0.0071494883132003795 0.020626146215909757 0.09676957754134653 0.22105494439591977 0.3455090294990876 0.44725473968865387 0.5177271938477483 0.5444127182418597 0.5241889953569251 0.45781315820481827 0.35091844316564336 0.21360716301102148 0.05868124748578565 -0.09940012502598197 -0.24603368186180802 -0.36817759729625654 -0.455445946459862 -0.5011140301927528 -0.5030964479323105 -0.46294988383665636 -0.3895924151224279 -0.2892532128379502 -0.18018949069136767 -0.0820976623135466 -0.02010982032949546 0.02751239210451088 0.14695425524215314 0.33394324750827353 0.5326096971709713 0.6970568842774104 0.8095218813530564 0.8556198481503579 0.8284743108747115 0.7286867046694262 0.5642582749499084 0.34880987601010965 0.10135793538941303 -0.1561504545118204 -0.400819629326441 -0.6108451212366023 -0.7678205761603896 -0.8583568903066782 -0.875592240233058 -0.8199291689382524 -0.6986886368656987 -0.5286546820992569 -0.33092353590089413 -0.1448091460505394 -0.02605155582702025 0.02705037731681374 0.15021375800077622 0.3492017251271214 0.56089600438831 0.7400973660216147 0.8675650475095604 0.9245631788103903 0.9039249226093932 0.8045795696602454 0.6328713971221311 0.40275306913740067 0.1333373565653996 -0.1520034728440594 -0.42801610795224704 -0.6700146158316708 -0.8560777460637106 -0.9694239167270017 -1.0 -0.9458106915750157 -0.8136916317736228 -0.62021197103679 -0.38747831025938534 -0.16808873593529183 -0.031244258702015217 0.02066744443862554 0.11036572118445512 0.25357180626475867 0.41020869710998925 0.5491526072040142 0.6514927262611444 0.7051023019524798 0.7000769106882248 0.6343694321727646 0.5111038974114328 0.33880865422517814 0.13153192562834154 -0.09314492736622468 -0.3153225996516458 -0.5146232137748198 -0.6723432361301889 -0.7732895790018005 -0.807627537755598 -0.7720035737137687 -0.6697404465357678 -0.5157632394236449 -0.3251565348388624 -0.14100158303737875 -0.025367803658467105 0.009723008498591408 0.04104226212676714 0.08745360183021077 0.1419307466375133 0.19982309739201937 0.24913517528939053 0.2830087982023074 0.2955034452196351 0.2820449500269876 0.24164292284679684 0.17606564243359024 0.08975661687474787 -0.00998584868872346 -0.11397357281420936 -0.21204166454602388 -0.29405210791894676 -0.3511286795981802 -0.37678734709042677 -0.36790587422713394 -0.3248435367454147 -0.2546415239696981 -0.16474677881558653 -0.07507091450585553 -0.016192052491981513 -0.0006503164719193057 -0.026257490971321962 -0.07522534335883482 -0.12419502820963833 -0.15155150094464087 -0.16291613467631835 -0.15574647839655445 -0.1341938035371484 -0.10139078276271245 -0.061942895279309726 -0.02025454571143283 0.019642331076049648 0.054269048553456746 0.08123539839906038 0.09927824304602836 0.10808567911783824 0.1082522278304166 0.10095416676211477 0.0874477178804663 0.06951391652317282 0.047895570630504966 0.022589146005155925 0.004070490362465322 -0.0028375287127547265 -0.006650035504308499 -0.06321095596168423 -0.1630788237354608 -0.2689907098305533 -0.3491323985347777 -0.40075478525403324 -0.4179207839390982 -0.39957372053550794 -0.3481519393230212 -0.26793834223561896 -0.16584591687982217 -0.05037250820197724 0.06901528993669456 0.18251592169636008 0.28087289329730086 0.35612081941223744 0.4020799011850165 0.41495591524035547 0.39353412157468176 0.3393027488755175 0.2586715813933121 0.15550681948648976 0.06008669827902539 0.0059356772192302905 -0.006256302585392638 -0.05562671172856224 -0.14221471818594902 -0.23778447133062683 -0.3168357653173122 -0.37364895247542307 -0.4018300753029843 -0.3981667132158903 -0.3618199159935542 -0.29488881839554193 -0.20185380077100232 -0.08970568563654784 0.03263938102193385 0.1550226979965817 0.2668282131167194 0.35792972053278665 0.4196814170035569 0.4457184590123758 0.43266940292520584 0.3802822699778907 0.29569360427189834 0.18145040675540838 0.07282497211682705 0.00956052169003462 -0.0006420429969906388 -0.012156924749238022 -0.03275520959979176 -0.05946076575977079 -0.08942265338919628 -0.11687268396139665 -0.13990474297264477 -0.1542932905993874 -0.15714394401378395 -0.14616561034479159 -0.1205439137085644 -0.08107186191087887 -0.030316319384536043 0.027469618797461366 0.08673784050455303 0.14120419756225602 0.1844691852908535 0.21100330094042047 0.21668541893358495 0.1987784924340402 0.1608562407595594 0.10163303346887427 0.04155292675839031 0.005921281507700763 0.005921281489383962 0.041552926707042505 0.10163303340865341 0.16085624061731926 0.19877849235107253 0.21668541884886997 0.21100330085598382 0.1844691852638749 0.14120419744090043 0.08673784045948825 0.027469618773005276 -0.030316319394761582 -0.08107186184493811 -0.12054391353645745 -0.14616561012708473 -0.1571439438402967 -0.154293290276056 -0.13990474276493378 -0.11687268369814557 -0.08942265319239424 -0.05946076564307498 -0.03275520948346427 -0.012156924706835395 -0.0006420430030643125 0.009560521702082412 0.07282497214180028 0.1814504067215532 0.2956936043691083 0.3802822700005011 0.4326694030768587 0.44571845915593217 0.4196814171228629 0.35792972071125895 0.26682821322333716 0.15502269811434877 0.032639381159210334 -0.08970568546660626 -0.20185380058914815 -0.29488881821348983 -0.36181991571183003 -0.3981667130374599 -0.4018300750069552 -0.37364895229291223 -0.3168357651890632 -0.23778447118654816 -0.14221471817137532 -0.05562671174551762 -0.0062563025777512245 0.005935677203548152 0.06008669830096207 0.1555068196053845 0.25867158147374325 0.33930274912685493 0.39353412174424407 0.4149559155134975 0.4020799015121433 0.3561208196232424 0.2808728935249552 0.18251592188761173 0.06901529009214002 -0.05037250808090147 -0.16584591680636693 -0.26793834213529444 -0.3481519393002681 -0.39957372040500416 -0.4179207838379412 -0.40075478511764917 -0.3491323984004058 -0.2689907097948871 -0.1630788236715992 -0.06321095592529127 -0.006650035498892727 -0.0028375286972801487 0.004070490412588454 0.022589146124021662 0.0478955708789426 0.06951391671710985 0.0874477182378709 0.10095416704996842 0.10825222802711776 0.10808567935829329 0.09927824315238981 0.0812353984387886 0.054269048605170116 0.01964233105142593 -0.020254545799045103 -0.06194289541032751 -0.10139078278800638 -0.13419380360866168 -0.15574647845329231 -0.16291613474768565 -0.15155150098588638 -0.12419502819434765 -0.07522534335112428 -0.026257490970937405 -0.0006503164651021271 -0.01619205250512389 -0.07507091451558331 -0.16474677876325364 -0.2546415238066565 -0.3248435364447584 -0.36790587397050156 -0.37678734679824316 -0.35112867928061425 -0.2940521077239359 -0.21204166439248648 -0.11397357273824563 -0.009985848810347978 0.08975661665434193 0.17606564221079704 0.24164292260216488 0.28204494973508304 0.29550344499101977 0.2830087980068532 0.24913517519442782 0.1998230973432936 0.14193074659642374 0.08745360182766074 0.041042262165347565 0.009723008508663467 -0.02536780364802044 -0.14100158297133755 -0.32515653472526873 -0.5157632392919834 -0.6697404463877915 -0.7720035735037337 -0.8076275375915458 -0.7732895788744627 -0.6723432360244969 -0.5146232137161741 -0.3153225996643528 -0.09314492745664776 0.13153192546589154 0.338808653982402 0.5111038971318504 0.6343694318586633 0.7000769103916328 0.7051023017366547 0.6514927260781098 0.5491526070874316 0.41020869707849256 0.2535718062222811 0.11036572114405528 0.020667444424024857 -0.03124425869326346 -0.16808873591635057 -0.3874783101878454 -0.6202119709787335 -0.8136916317465988 -0.945810691598117 -0.999999999993229 -0.9694239167307822 -0.8560777460642601 -0.6700146158429442 -0.4280161080399202 -0.15200347296802544 0.13333735641352015 0.40275306895784385 0.6328713969120096 0.804579569492087 0.9039249224351694 0.9245631786368003 0.8675650473937012 0.7400973659394914 0.560896004329264 0.34920172513473374 0.15021375799109787 0.027050377334921744 -0.02605155582013763 -0.14480914604072187 -0.33092353597144825 -0.5286546821622347 -0.6986886369178306 -0.8199291689979412 -0.875592240335937 -0.858356890402763 -0.7678205762411351 -0.6108451213272656 -0.40081962936189636 -0.15615045454919346 0.10135793538217949 0.34880987603512925 0.5642582749822369 0.7286867046938577 0.8284743109210998 0.8556198482225756 0.8095218813526447 0.6970568842815642 0.5326096971593794 0.33394324750905974 0.14695425528301323 0.02751239209172442 -0.02010982032822204 -0.08209766241597909 -0.18018949077351498 -0.289253212956137 -0.38959241525896515 -0.46294988397281955 -0.5030964480743682 -0.5011140303342342 -0.4554459465844808 -0.36817759734862826 -0.24603368183982338 -0.09940012492488617 0.058681247637733386 0.21360716318014442 0.35091844337503186 0.4578131584272011 0.5241889955663322 0.5444127183885548 0.5177271940346094 0.4472547397299383 0.34550902949192047 0.22105494434939454 0.096769577525061 0.020626146211737303 -0.007149488328802006 -0.02732921680199579 -0.03339975323397165 -0.03404379691280865 -0.04946394566670349 -0.06841747388618573 -0.08568188588399872 -0.09697962932447678 -0.09757234480852119 -0.08616249514886694 -0.06237331222743344 -0.02801872147552616 0.013623393389535884 0.05812676075973035 0.10027767090834232 0.13496651053590308 0.15778716853604782 0.16617406869219709 0.15900467026986365 0.1388811375715711 0.11014202398332032 0.08078793662973854 0.05018626377189114 0.012823079506261546 -0.0028891016947575916 0.026516373343274034 0.0839672002241871 0.13809417778482688 0.17663549973195006 0.1988213373629834 0.20414977616222482 0.19426639480167412 0.1707403464150056 0.1369280520238467 0.09604079047941541 0.05179392548797452 0.007744482527385018 -0.0330675439905812 -0.06803951534135684 -0.09545894559607998 -0.11392149451498275 -0.12338282918246261 -0.12227886448788779 -0.11141919340952336 -0.09077552908745734 -0.05393076434669242 -0.01835981976306705 0.002813759280148402 0.01258307040279449 0.032433211807115246 0.05945469976741063 0.08488874834661246 0.10608830803215888 0.11897631320076936 0.12333248372085552 0.11823432151229922 0.10472607843817253 0.08386045489919468 0.05763895211725002 0.028260824570209203 -0.001907494778581136 -0.030417991460832638 -0.055257301192140076 -0.07448867394517963 -0.08712058204293434 -0.09191177209898908 -0.08952861912843288 -0.07881789996349306 -0.063155990164435 -0.04089206781099032 -0.01979992681394415 -0.006463730272422252
</DataArray>
        <DataArray type="Float64" Name="Mode_9_phi2" NumberOfComponents="1" format="ascii">
 6.703518219806353e-8 -1.1098770768523638e-6 6.70351934489441e-8 -1.109877087496178e-6 -8.967484600007646e-6 3.5118209633502527e-6 -1.3766865213308039e-5 1.7537755524713687e-7 -7.4225851449977135e-6 5.106722059926796e-6 4.366132919667837e-6 9.821449543815413e-6 5.734235925670908e-6 3.0410110591252924e-6 -2.8153038249170862e-6 -4.849580601621092e-6 -4.603134940775019e-6 -6.447598552970246e-7 4.332353355145024e-6 7.95211729526668e-6 9.201459020253192e-6 5.543940297081287e-6 1.6446902341888835e-6 -5.6425649070339e-6 -5.235110971140579e-6 -9.919159811184342e-6 1.5601462469015124e-6 -1.0034022297736666e-5 -1.1842260383035614e-5 7.230856116509925e-6 -6.183085680428146e-6 2.6474210066183675e-6 -2.6302804204812263e-6 1.61566437012748e-6 -1.3143473687264937e-6 1.1558584604150632e-6 -4.1511455922578884e-7 8.436626272145074e-7 1.8872368921188542e-7 4.863047937460168e-7 6.051809844139273e-7 -1.0586541290224482e-7 1.137965728723188e-6 -1.1781478592280664e-6 2.151752204302111e-6 -2.9681570383229678e-6 3.9993416634274476e-6 -5.741522488571963e-6 6.4461628733208964e-6 -8.466417420531755e-6 5.340452559624985e-6 -5.760929642844926e-6 -8.967484650023607e-6 3.5118210255149434e-6 -1.3766865288976135e-5 1.7537764878623942e-7 -7.422585250630908e-6 5.106722162790816e-6 4.366132850218651e-6 9.821449552924722e-6 5.73423595570838e-6 3.0410110205087127e-6 -2.815303793239125e-6 -4.849580619238808e-6 -4.60313493507079e-6 -6.447598515041556e-7 4.3323533557946996e-6 7.95211730068992e-6 9.201458983792719e-6 5.543940371027374e-6 1.6446901353794136e-6 -5.642564797526408e-6 -5.235111109733911e-6 -9.919159657059274e-6 1.5601461290276087e-6 -1.0034022234006515e-5 -1.1842260374193475e-5 7.230856139427546e-6 -6.183085744813067e-6 2.6474211056281004e-6 -2.6302805387617714e-6 1.6156644746248813e-6 -1.3143474317770063e-6 1.1558584834085658e-6 -4.1511456055201443e-7 8.436626311736694e-7 1.8872366837432753e-7 4.863048240078278e-7 6.05180954172975e-7 -1.0586537117740067e-7 1.1379656642391334e-6 -1.1781477747027607e-6 2.1517520991470833e-6 -2.9681569069386217e-6 3.9993415184515414e-6 -5.741522365772867e-6 6.446162795705041e-6 -8.466417381967553e-6 5.3404525246113e-6 -5.7609295948816e-6 -0.006163087134322169 -0.008729707632666612 -0.012951665924652614 -0.008627847387977726 -0.007870184602846287 -0.0026059117692596397 0.0003094448540794323 0.005158921519815023 0.00843008899844764 0.012004490742748227 0.014235969782407442 0.015697525023941006 0.015853830401127852 0.014696328420229861 0.012459234732542531 0.008828684787801926 0.0048339039024082485 -0.00028141243410486445 -0.0045686559848902505 -0.009573770897372927 -0.012161238100311965 -0.014671398797185518 -0.01148898922441192 -0.011094934550872694 -0.001991825233166747 -0.034163718462290486 -0.05686213717344905 -0.02809752846648256 -0.025239456652173555 -0.009140207996894975 0.002872041781935616 0.016245533685218232 0.028348482525510556 0.0392720477283216 0.04767412711420854 0.05308925588601351 0.05454435262707592 0.051815516044814935 0.044721022393637365 0.03340057541552332 0.018982770409797952 0.0017788487668646254 -0.016253143011738806 -0.033402646039174755 -0.05067571139204069 -0.060309428961704416 -0.05602322275354398 -0.011282420413301245 0.008748855261021236 -0.023925435492454888 -0.06764841379180118 -0.024666363473624858 -0.01967373861876546 -0.0055602827179934994 0.004970226996389717 0.014784743590382201 0.02486931205411529 0.03488119980816123 0.044233505054709445 0.052015305061705444 0.057034293944338094 0.058210531552291264 0.0545058377749324 0.04551831059809149 0.030864294130539583 0.011433365633987787 -0.013040083760810572 -0.03922154211848652 -0.06580979857782349 -0.09663671365544288 -0.07178933021601269 -0.0029278553004736148 0.04213759376281066 0.05081987638302283 0.013962537262468908 0.04707752844596255 0.038981023154684324 0.02641730553157967 0.006618447019167916 -0.015370085003843284 -0.03409684267661459 -0.04724958614514074 -0.05262712401366283 -0.05005614802196547 -0.04035539452286779 -0.025394138975413535 -0.007894487666307185 0.009097341357471235 0.022353258637793506 0.029222676696375512 0.026825541398349587 0.013076739368991072 -0.003129059744017774 -0.049803227305770886 -0.015961996576196246 0.025453086125547652 0.0870714015570533 0.19373543596328308 0.18566862453255034 0.19741783738085614 0.15584005134424067 0.0928039505708447 0.013505445902404484 -0.06927144770184628 -0.14579575393609398 -0.20648619245878552 -0.2456109594415269 -0.25923781515040395 -0.24681945382433748 -0.21065580224351288 -0.1554709558512292 -0.08826164232179236 -0.017127642821925863 0.04910443292020031 0.10230224625694821 0.13207140953900626 0.14799115911547187 0.10580501413179325 0.11325395291710702 0.0718405539901236 0.1424840731568456 0.36657616299805573 0.4031998214318789 0.38917411807807967 0.3078223184721055 0.18095319753849692 0.02872493868288294 -0.1320028485669628 -0.2819086865480981 -0.406048294197851 -0.49129741454446524 -0.5299933932911203 -0.5186879455497059 -0.45938676679763074 -0.35888897938637887 -0.22813635585481185 -0.0814639434257705 0.06525418628373039 0.19568262149265445 0.2917281038367084 0.35142902108915286 0.33159899326326625 0.29730445861224625 0.13039977696664198 0.19054051992780766 0.5208117256886621 0.5940529307510025 0.5656056236599318 0.44940863898006067 0.2689810258314487 0.050939055148246204 -0.18000148804421381 -0.39929701922728317 -0.5839573887599875 -0.7159648771782992 -0.7821142185378606 -0.7763751992803224 -0.6995518775029633 -0.5596000838645256 -0.37085961115920235 -0.15275393594922537 0.07182744981196071 0.2790252331005141 0.44289005913815166 0.5482114938268243 0.556695401555858 0.48019114338210755 0.18612683920708545 0.2227081822517972 0.6067932970021521 0.6979774518853021 0.6727065969675727 0.5384448354139832 0.33138923301565265 0.07574111674543037 -0.19788282849466782 -0.46099276556677393 -0.6866132417368969 -0.8517975792838238 -0.9401884833055977 -0.9427022752471036 -0.8589473731676901 -0.6969218046959963 -0.4725860727681561 -0.20851016335906694 0.06803879963568588 0.32767956651366353 0.5399225709647922 0.6759173438298249 0.7088666438154566 0.6053865096632037 0.2260469149489497 0.23185471431544757 0.6087235173092312 0.6906771128426996 0.686358980691314 0.5551607845700388 0.35261168679262644 0.09575145392409536 -0.1837708344522485 -0.4560022321431027 -0.6928814463365521 -0.8699510356680425 -0.9688855052988496 -0.9792594674284892 -0.8992646751078797 -0.736287957697306 -0.5060952235687437 -0.231736367742452 0.058370955396599214 0.3327123588997853 0.5600250955425293 0.7050133878608831 0.7439621963890384 0.6425341486323651 0.24216658446480163 0.22379544313463384 0.5458511108329968 0.5999762272173431 0.623704632324555 0.5103624416868809 0.3350313118912554 0.10391640406126915 -0.15145540908136076 -0.403616043933866 -0.6254714351576751 -0.79359840612674 -0.8900631734505052 -0.9042768300589988 -0.8339246015876456 -0.6853760031816251 -0.47318584052243307 -0.21892832756651276 0.05059173616553112 0.30503734312305525 0.5149693748208944 0.6477605136717165 0.673192303290896 0.5976558706923315 0.2367352231616333 0.20881105420537757 0.46657665110731833 0.48902703424283267 0.5340255156197814 0.44120454256106295 0.2959133259631919 0.0982505424151741 -0.12334347394783722 -0.3434695417931763 -0.5380462362697334 -0.6856756446202108 -0.7702915250689967 -0.7824227259780007 -0.7201172049181299 -0.5893172813680685 -0.4032591151627972 -0.18159550191178125 0.05163442673987102 0.2690057417043097 0.4437889368843658 0.5534050072012864 0.5508485297012228 0.5121314145331085 0.21968697172763507 0.2000061476232087 0.421528939372891 0.4261247762945014 0.4744245201829015 0.3919340708252837 0.26062511257802606 0.08205394104132988 -0.11795714469868099 -0.3153878600837191 -0.4880718847596651 -0.6168042757733541 -0.687436034185612 -0.6921896692160963 -0.6302997723066266 -0.5081944620146243 -0.338890216541639 -0.14090782888739176 0.06356582628072201 0.2498359792445352 0.3926428905445636 0.48174839445683443 0.4502495405758994 0.4395922130645429 0.20412414085875127 0.20412414084836253 0.43959221297513223 0.45024954041403176 0.4817483942943993 0.39264289041822475 0.24983597916980657 0.06356582626827956 -0.1409078288431027 -0.3388902164268375 -0.5081944620119812 -0.6302997722607282 -0.6921896691477969 -0.68743603418889 -0.6168042757610879 -0.4880718847634139 -0.31538786018431547 -0.11795714469535809 0.08205394096301447 0.2606251127371146 0.3919340708632454 0.47442452034318 0.426124776402077 0.42152893941530734 0.2000061476255245 0.21968697171328094 0.512131414441292 0.5508485294770327 0.553405007138298 0.44378893671368863 0.26900574171369385 0.05163442673806293 -0.18159550189839488 -0.40325911504594825 -0.5893172813382644 -0.7201172048629165 -0.7824227258839647 -0.7702915249733708 -0.6856756445795615 -0.5380462362642247 -0.3434695418202614 -0.12334347398599382 0.09825054240265048 0.29591332599323583 0.4412045426143157 0.5340255157035168 0.4890270343090185 0.466576651085831 0.20881105421122886 0.23673522315319337 0.5976558705751703 0.6731923031691048 0.6477605135557705 0.5149693747910319 0.3050373430672898 0.050591736258257844 -0.21892832757854222 -0.47318584044279954 -0.6853760031787985 -0.8339246015283072 -0.9042768299658196 -0.8900631733763207 -0.7935984061215363 -0.6254714350676087 -0.40361604402864953 -0.15145540905313115 0.1039164040520394 0.33503131185372226 0.5103624417323418 0.6237046323538848 0.5999762272233428 0.545851110832142 0.22379544311942723 0.2421665844675144 0.642534148592117 0.7439621963227837 0.7050133878337799 0.560025095520724 0.3327123589311615 0.058370955451484643 -0.23173636775539216 -0.5060952235843698 -0.7362879577139669 -0.8992646751312606 -0.9792594673105104 -0.9688855053312404 -0.8699510356483304 -0.6928814463217884 -0.45600223212247115 -0.18377083447117387 0.09575145394509407 0.35261168676628274 0.5551607845985617 0.6863589807096075 0.6906771128639119 0.6087235172593423 0.2318547143119163 0.22604691495418666 0.6053865096636283 0.7088666438648145 0.6759173438782917 0.5399225709908793 0.3276795665876219 0.06803879962043403 -0.20851016338079734 -0.47258607280862747 -0.6969218048764558 -0.858947373158015 -0.9427022753136627 -0.9401884833605176 -0.8517975793126209 -0.686613241686124 -0.46099276555639523 -0.1978828284636724 0.07574111674942209 0.3313892330971314 0.5384448354382135 0.6727065970297444 0.6979774519183738 0.6067932969648712 0.22270818222364078 0.1861268391933444 0.4801911434155544 0.5566954016904654 0.5482114939294563 0.4428900592443342 0.27902523312131783 0.07182744984846012 -0.15275393603702375 -0.3708596113117534 -0.5596000840169792 -0.699551877689903 -0.776375199444767 -0.7821142186527357 -0.7159648772458788 -0.5839573887472791 -0.39929701924064565 -0.18000148793501566 0.05093905522079476 0.2689810259557463 0.44940863908634987 0.5656056237297679 0.5940529308065674 0.5208117256767283 0.19054051987827478 0.13039977699170308 0.2973044586987711 0.3315989934407736 0.35142902119007174 0.2917281039269804 0.19568262153872734 0.06525418627650781 -0.08146394351587906 -0.22813635601022958 -0.3588889795986154 -0.4593867670594602 -0.5186879457525756 -0.5299933934750699 -0.4912974146313646 -0.4060482942387446 -0.28190868650403483 -0.1320028484945594 0.028724938855575862 0.1809531976511216 0.30782231868632504 0.389174118144773 0.40319982152711875 0.3665761629570064 0.14248407314640704 0.07184055398034997 0.11325395303934756 0.10580501424341829 0.14799115924145195 0.1320714095958907 0.10230224629629141 0.0491044329027983 -0.017127642907929987 -0.0882616424591977 -0.15547095611001452 -0.21065580249076823 -0.24681945406542083 -0.2592378153029317 -0.24561095956645512 -0.20648619246251587 -0.14579575391925007 -0.06927144756791195 0.013505446037908642 0.09280395072399204 0.1558400515313151 0.19741783752592995 0.18566862461217595 0.19373543596618295 0.08707140150104886 0.02545308614695827 -0.01596199654856587 -0.049803227167444133 -0.0031290596404516986 0.013076739435641808 0.026825541415509812 0.029222676656578718 0.022353258583610806 0.009097341205385573 -0.007894487828490665 -0.025394139207474957 -0.04035539469266105 -0.05005614816614836 -0.05262712409539862 -0.04724958615973596 -0.034096842633703106 -0.015370084899183973 0.006618447145050177 0.026417305642536547 0.03898102327150639 0.047077528555547095 0.013962537378826951 0.05081987637324784 0.04213759374168013 -0.002927855347742644 -0.07178933016918508 -0.09663671358367718 -0.0658097985262088 -0.039221542069543223 -0.013040083746149138 0.011433365590533956 0.03086429409054839 0.045518310509677 0.054505837666922366 0.05821053143361151 0.05703429383041646 0.05201530497804991 0.0442335050151575 0.034881199821689975 0.024869312081346934 0.01478474365483432 0.00497022708515992 -0.0055602826536206304 -0.01967373855242794 -0.024666363422511006 -0.06764841368520504 -0.02392543552281101 0.008748855213361034 -0.011282420397913282 -0.05602322274725064 -0.06030942892745017 -0.05067571137386033 -0.03340264601747229 -0.016253142991993152 0.0017788487340863772 0.018982770392895983 0.03340057537421355 0.04472102234481553 0.05181551600033907 0.05454435259886026 0.05308925584755426 0.04767412709621777 0.03927204774421522 0.028348482533169485 0.0162455337120998 0.0028720417897554707 -0.009140207911508644 -0.025239456649226093 -0.028097528418777072 -0.056862137175165584 -0.034163718468475296 -0.001991825248835102 -0.011094934561362426 -0.011488989229628425 -0.014671398785950363 -0.012161238119760116 -0.009573770873223838 -0.004568656013715684 -0.00028141243107654765 0.004833903895263141 0.008828684777650702 0.01245923473009398 0.014696328421476789 0.015853830387990174 0.015697525022161353 0.014235969776999792 0.01200449075664933 0.008430088985775118 0.005158921538079455 0.0003094448344824134 -0.002605911731227557 -0.00787018462369047 -0.008627847372654132 -0.012951665923607523 -0.008729707636617545 -0.00616308715885308
</DataArray>
        <DataArray type="Float64" Name="Mode_10_w" NumberOfComponents="1" format="ascii">
 4.172326292476208e-7 -6.402710598010209e-7 4.172326292092262e-7 -6.402710590851725e-7 -1.2753666967085536e-6 8.116409630758301e-7 6.83986000781906e-7 2.0963396026587397e-6 2.4716822949310327e-6 2.720157226453816e-6 2.720157226453816e-6 2.663417874639236e-6 1.291275456394469e-6 -6.490113705956085e-7 -2.73867519772247e-6 -3.7526643724804117e-6 -3.41184376711798e-6 -1.8386535733094215e-6 1.6438441557919625e-7 1.8264105919126358e-6 2.6608796370909798e-6 2.4215327832366187e-6 2.4215327832366187e-6 2.302853135771066e-6 1.2162030677786155e-6 9.132252345886649e-7 -4.0818031892412055e-7 -3.8949495207715707e-7 4.3825315199293114e-7 -4.744755485036145e-7 3.400028647174833e-7 -1.0352292694826392e-6 -3.417616742881322e-7 -6.981268321135916e-7 -6.981268321135916e-7 -1.9324472285962402e-7 -7.647702996392291e-9 2.687129979293717e-7 4.5009317705966856e-7 5.381155954038381e-7 5.438431537599187e-7 4.5760237626648213e-7 3.009914204142952e-7 9.702899852540572e-8 -2.724450239499616e-7 -4.002030457152058e-7 -4.002030457152058e-7 -9.163629592910786e-7 -3.1937663307236256e-7 -7.616011831896459e-7 7.99150998118208e-7 -1.1869444589378924e-6 -1.275366697513317e-6 8.116409632888264e-7 6.839860006928499e-7 2.096339603403066e-6 2.4716822930169923e-6 2.7201572271897495e-6 2.7201572271897495e-6 2.6634178719694092e-6 1.2912754574669149e-6 -6.490113747969418e-7 -2.7386751969574026e-6 -3.7526643737807034e-6 -3.4118437667885494e-6 -1.8386535703780352e-6 1.6438441647213794e-7 1.8264105933562362e-6 2.660879637589968e-6 2.421532783054229e-6 2.421532783054229e-6 2.302853135839825e-6 1.216203065670403e-6 9.132252326626806e-7 -4.081803175101987e-7 -3.8949495307434725e-7 4.382531513581189e-7 -4.744755462116407e-7 3.400028627250802e-7 -1.0352292696408177e-6 -3.4176167442758747e-7 -6.981268315054115e-7 -6.981268315054115e-7 -1.9324472294807482e-7 -7.647702963061828e-9 2.687129988597194e-7 4.5009317520026443e-7 5.381155978623835e-7 5.438431516655066e-7 4.5760237656476156e-7 3.009914192679855e-7 9.702899835318486e-8 -2.7244502463561684e-7 -4.002030467727419e-7 -4.002030467727419e-7 -9.163629596797457e-7 -3.193766318379248e-7 -7.616011835124592e-7 7.991509969470417e-7 -1.1869444588568663e-6 0.00025437643343489383 0.0005696027813476403 0.0005335108423089614 0.0006344554145707647 0.000625052246389069 0.0005168484840984629 0.0005168484840984629 0.00034203984386673553 0.000106961519301453 -0.00011077429808861685 -0.00028678653256374297 -0.00037411579571222507 -0.00036296581292365475 -0.00027170352466959763 -0.00010879476064638449 5.786178697607472e-5 0.00022902393204729402 0.0003202613372201467 0.0003202613372201467 0.00038908169782374464 0.0003470627528220594 0.00036987389657059484 0.0003209152439657953 0.00013838275994779097 0.0009248210472115006 0.004383515879254407 0.006133808802752893 0.007944718556768187 0.008222719011894131 0.006996481898325934 0.006996481898325934 0.004401741858505789 0.0010736539122934872 -0.0022844797077511254 -0.0049037776083343055 -0.006280060408434216 -0.006118043026781007 -0.004584914796227378 -0.0020339404318831227 0.0008584141297362895 0.0035135536191582286 0.005280196875248076 0.005280196875248076 0.005937641137887028 0.0053688891789198685 0.003964245546502602 0.0028792062381526643 0.0005681430866926082 0.0016162630302629104 0.010422502466810925 0.019151392289119967 0.025619120659695932 0.027349587998331447 0.023355873686237354 0.023355873686237354 0.014625436044521404 0.00305610904223322 -0.008690143598770126 -0.018051690269406798 -0.023016513924401037 -0.02261413404289468 -0.01711667508447721 -0.007963200326193078 0.0027142264937413804 0.012460746246335957 0.019188873606857008 0.019188873606857008 0.021489632840281814 0.019271172992071612 0.01349185900736511 0.007142385995551556 0.0010922672814072758 0.002306593699705777 0.016498554983278024 0.03391969647743904 0.04624649660179317 0.0498644382075179 0.04306448466337883 0.04306448466337883 0.027202409723967005 0.005918493680035174 -0.016065900752704882 -0.033882748066808424 -0.04368407292564564 -0.04344406531039916 -0.033465385804852046 -0.016262152513863662 0.004151580620556564 0.023192190226848684 0.036635671636418767 0.036635671636418767 0.04172990648390194 0.037832933899398645 0.026699971662651856 0.012850964434848738 0.0017206105244284993 0.002671491478025849 0.020383501749200117 0.04414890399483381 0.061096409856959875 0.06627962658707372 0.057519963711664304 0.057519963711664304 0.03651989701124855 0.007930644434651551 -0.021866733605336586 -0.04633602167141048 -0.06011489603299111 -0.06024324822139543 -0.04691171962943134 -0.023354884530511932 0.00499762507153164 0.03179503674404851 0.0511123392220099 0.0511123392220099 0.05882234533819011 0.05381710133585597 0.03820734602836765 0.017699419907877472 0.0022572331638666806 0.0023569877163400203 0.019356854102228267 0.04381533560558977 0.06134665288093825 0.06704113758009969 0.05847324452465283 0.05847324452465283 0.03723073268836193 0.007960588464555126 -0.022916123254989713 -0.04858132410256105 -0.06336778957857438 -0.0639536997772644 -0.050268955827046456 -0.025503874814275636 0.0047472565914429485 0.033726030194297284 0.05500602807954253 0.05500602807954253 0.06393785728572249 0.05897002242056307 0.042242973158494034 0.019161579567926315 0.0023693594821486523 0.0023569877163400203 0.019356854102228267 0.04381533560558977 0.06134665288093825 0.06704113758009969 0.05847324452465283 0.05847324452465283 0.03723073268836193 0.007960588464555126 -0.022916123254989713 -0.04858132410256105 -0.06336778957857438 -0.0639536997772644 -0.050268955827046456 -0.025503874814275636 0.0047472565914429485 0.033726030194297284 0.05500602807954253 0.05500602807954253 0.06393785728572249 0.05897002242056307 0.042242973158494034 0.019161579567926315 0.0023693594821486523 0.0013794525903391306 0.01244289167652307 0.029942299037343616 0.04282983467736379 0.047322107399245666 0.0416695295121078 0.0416695295121078 0.026663530038981434 0.005507052139237751 -0.01721890359914578 -0.03651767100863162 -0.048014806383179884 -0.048971670759040825 -0.03900696095387157 -0.020264291573909642 0.0031361890514263746 0.026016290912640953 0.043254302160928515 0.043254302160928515 0.05095852013812843 0.04756624449481225 0.03451305185302608 0.015521508804973832 0.0018990207686241471 -0.00016373605106656696 0.0007361982507581164 0.004626831597319082 0.008062650895946299 0.009838213155043522 0.009317277529656056 0.009317277529656056 0.0062727000471757425 0.001147348839309461 -0.005042744805356 -0.010932746943071534 -0.01506091354338607 -0.01619188798492175 -0.01371438293549101 -0.007883118846634606 0.00019270734066168183 0.008773007558131141 0.015887604680268383 0.015887604680268383 0.01973919838832881 0.019250050060144252 0.014662893424334073 0.006550731409153672 0.0007912025306571089 -0.0018078880492043894 -0.01265737197723098 -0.025267214043152728 -0.03358292614921345 -0.03543469478287275 -0.029944617152880656 -0.029944617152880656 -0.018497402251129166 -0.0038264413316798575 0.010679543868488675 0.021828675453840683 0.027323466112964084 0.02626170664097776 0.019328523450343024 0.008490173003274147 -0.0035747288465027716 -0.0141192164217376 -0.020891118764017433 -0.020891118764017433 -0.022669922091162916 -0.019630017587575856 -0.013015863179446125 -0.005816775544931768 -0.0007131675092338686 -0.003119950168735239 -0.023672923192326535 -0.050514579834902956 -0.06929027883666083 -0.07459533322482906 -0.06414249121176084 -0.06414249121176084 -0.04009932037622192 -0.00792517957758426 0.025169939101992195 0.05186104748378823 0.06634272144278121 0.06559329723104235 0.05014210674769528 0.023839650421005033 -0.007216198483887641 -0.03606925032760265 -0.05640118220397006 -0.05640118220397006 -0.06396961268295157 -0.05782630965637634 -0.040540821884326284 -0.018223637684188533 -0.0022479537331018254 -0.003681674609191342 -0.02895642281442454 -0.06319867341193637 -0.08784418308814453 -0.09536617872857854 -0.08259157078001224 -0.08259157078001224 -0.05187240965251925 -0.010004951278797376 0.03370293457680433 0.06955931682659326 0.08958672226787642 0.08931431412353787 0.06894065049234842 0.03325417242338418 -0.009663333805508994 -0.05025610932666926 -0.07955685670586304 -0.07955685670586304 -0.09124189848156797 -0.08341358936784281 -0.05935480099771532 -0.026851648915590144 -0.003350605955615604 -0.003350605956011074 -0.026851648916957002 -0.05935480100131384 -0.08341358936510358 -0.09124189846942057 -0.07955685668003967 -0.07955685668003967 -0.05025610928879267 -0.009663333766225204 0.03325417246479636 0.06894065053077007 0.08931431414678982 0.08958672227865956 0.0695593168251643 0.033702934555056886 -0.010004951311407866 -0.051872409689294234 -0.08259157081951982 -0.08259157081951982 -0.09536617875742748 -0.08784418310631865 -0.06319867342061532 -0.028956422817665337 -0.003681674609810043 -0.0022479537340723468 -0.018223637689463282 -0.040540821895809424 -0.05782630966778683 -0.06396961269054885 -0.05640118220138993 -0.05640118220138993 -0.03606925030476648 -0.007216198444568602 0.023839650465785442 0.05014210680106936 0.06559329728324872 0.06634272148376118 0.05186104750694575 0.025169939109307548 -0.007925179592945478 -0.040099320407124404 -0.06414249124908718 -0.06414249124908718 -0.07459533326312727 -0.0692902788667353 -0.050514579855344896 -0.023672923200626417 -0.0031199501695462653 -0.0007131675104779314 -0.005816775555282145 -0.013015863197352899 -0.019630017612598496 -0.022669922114966812 -0.020891118775404945 -0.020891118775404945 -0.014119216422258437 -0.003574728825447307 0.008490173042204436 0.01932852349826663 0.026261706693100635 0.0273234661602098 0.02182867548595366 0.010679543882672482 -0.0038264413372246574 -0.018497402276988536 -0.029944617189091863 -0.029944617189091863 -0.03543469482324084 -0.0335829261849 -0.025267214069511566 -0.012657371988869794 -0.0018078880508099813 0.0007912025297911058 0.006550731400349174 0.014662893403068132 0.01925005003387771 0.019739198361565354 0.015887604658058743 0.015887604658058743 0.008773007549366343 0.00019270734470953684 -0.007883118826367507 -0.01371438290461969 -0.01619188794951307 -0.015060913513983587 -0.010932746920464852 -0.005042744802827666 0.001147348826323039 0.006272700022217404 0.009317277491557974 0.009317277491557974 0.009838213114193691 0.008062650859470466 0.004626831569647632 0.0007361982383640341 -0.000163736052408846 0.0018990207682438186 0.015521508800411065 0.0345130518436114 0.0475662444793535 0.05095852012251234 0.04325430214722686 0.04325430214722686 0.026016290904471336 0.0031361890521989432 -0.020264291566969326 -0.03900696094204727 -0.04897167074624361 -0.048014806374957676 -0.03651767101218198 -0.01721890361096495 0.005507052111800291 0.026663530005027813 0.041669529475591875 0.041669529475591875 0.04732210735991308 0.042829834643951833 0.029942299013907003 0.01244289166506129 0.001379452588657333 0.0023693594824251343 0.019161579570406387 0.0422429731622853 0.05897002242858778 0.0639378572933154 0.05500602808748223 0.05500602808748223 0.0337260302044054 0.0047472566005491695 -0.02550387480455031 -0.050268955820433774 -0.06395369977508901 -0.06336778958486776 -0.04858132411742576 -0.02291612328062287 0.007960588434739046 0.037230732651619594 0.0584732444881884 0.0584732444881884 0.0670411375481042 0.061346652854254065 0.043815335587379364 0.019356854093845702 0.002356987715260866 0.0023693594824251343 0.019161579570406387 0.0422429731622853 0.05897002242858778 0.0639378572933154 0.05500602808748223 0.05500602808748223 0.0337260302044054 0.0047472566005491695 -0.02550387480455031 -0.050268955820433774 -0.06395369977508901 -0.06336778958486776 -0.04858132411742576 -0.02291612328062287 0.007960588434739046 0.037230732651619594 0.0584732444881884 0.0584732444881884 0.0670411375481042 0.061346652854254065 0.043815335587379364 0.019356854093845702 0.002356987715260866 0.0022572331647976894 0.01769941991610421 0.03820734604576032 0.053817101360814065 0.058822345369431386 0.0511123392539427 0.0511123392539427 0.031795036775432516 0.004997625099659729 -0.023354884508774425 -0.04691171961502211 -0.060243248215453245 -0.06011489603729805 -0.046336021684387045 -0.021866733625542624 0.007930644407915691 0.0365198969849039 0.05751996368547685 0.05751996368547685 0.06627962656425826 0.06109640983972882 0.04414890398386729 0.020383501742996968 0.0026714914768607373 0.0017206105255689332 0.01285096444406077 0.02669997168650626 0.0378329339325398 0.04172990652492158 0.036635671681421185 0.036635671681421185 0.02319219026981182 0.004151580659870639 -0.016262152481757292 -0.03346538578081278 -0.04344406529592186 -0.04368407291961431 -0.03388274806875193 -0.016065900760575607 0.00591849366940163 0.027202409711229003 0.04306448465301269 0.04306448465301269 0.049864438198420014 0.04624649659493077 0.033919696473227956 0.016498554980590798 0.00230659369912475 0.0010922672824893653 0.0071423860039688735 0.013491859024817861 0.019271173019907505 0.021489632874900265 0.019188873645072557 0.019188873645072557 0.012460746284489243 0.0027142265292400946 -0.007963200296001068 -0.01711667505956412 -0.022614134024700024 -0.023016513911957106 -0.018051690261642116 -0.008690143594717464 0.0030561090442171976 0.014625436046263728 0.02335587368643062 0.02335587368643062 0.02734958799986726 0.025619120660926406 0.019151392290385903 0.010422502466618947 0.0016162630300803299 0.0005681430871362914 0.0028792062427076184 0.0039642455551243 0.005368889192014161 0.005937641154607966 0.005280196894107099 0.005280196894107099 0.00351355363870099 0.0008584141482022405 -0.0020339404140302087 -0.004584914780751457 -0.0061180430131314665 -0.006280060397505838 -0.0049037775990507055 -0.0022844797004149633 0.0010736539187435202 0.004401741864628955 0.006996481904063399 0.006996481904063399 0.008222719016474186 0.007944718560069118 0.006133808805018118 0.004383515880480751 0.0009248210473609911 0.00013838276017071892 0.0003209152444445685 0.0003698738977285387 0.0003470627544387005 0.00038908169988839274 0.0003202613395511851 0.0003202613395511851 0.00022902393460078998 5.786178935335869e-5 -0.00010879475812584989 -0.000271703522346032 -0.00036296581080679934 -0.0003741157940243691 -0.00028678653070037923 -0.00011077429674670331 0.00010696152061537153 0.0003420398450597421 0.0005168484853810501 0.0005168484853810501 0.000625052247268021 0.0006344554150623963 0.0005335108425296881 0.0005696027817150354 0.0002543764335531139
</DataArray>
        <DataArray type="Float64" Name="Mode_10_phi1" NumberOfComponents="1" format="ascii">
 1.6394565031108103e-6 -1.2281647801377575e-6 -1.6394565027391753e-6 1.2281647762873022e-6 1.9970252599283267e-5 -1.3689453064528272e-5 1.178692561190823e-5 -4.5284151241840754e-6 8.636282773746994e-6 -3.6218832934516827e-6 2.4696040959570237e-6 -5.70287371945355e-6 -2.4916268132779617e-6 -5.519864559561303e-6 -1.875305351325311e-6 -1.5599180763672693e-6 2.6326708198277887e-6 2.415004570167783e-6 5.7956487834950404e-6 1.9641736659244364e-6 4.3795037962935596e-6 -2.904063979202187e-6 2.02868951256187e-6 -7.3114284039248226e-6 3.879616170212214e-6 -1.0414106401259291e-5 1.4157353125310665e-5 -1.906834636903609e-5 -1.269141595140861e-5 7.488483764545363e-6 -5.438102948494901e-6 2.150795422360697e-6 -3.840872219045608e-6 -6.770569057535194e-7 -2.547702715106738e-6 -4.487250433506735e-7 -2.4631954314578436e-7 1.216968178774004e-6 2.1365322733398583e-6 2.349511595587716e-6 3.2531118571072818e-6 1.4491019900407728e-6 2.6627003285926747e-6 -1.7620873243609157e-6 1.669274777657969e-6 -6.202565363480035e-6 3.0275164532996655e-6 -1.0834731028964022e-5 9.720586860831061e-6 -1.558954861424964e-5 1.6138138149855376e-5 -1.6272726997571263e-5 -1.997025260645603e-5 1.3689453060858141e-5 -1.1786925598355491e-5 4.528415099759132e-6 -8.636282727325265e-6 3.621883230498265e-6 -2.4696040251984324e-6 5.702873651775418e-6 2.4916268749239773e-6 5.51986451256503e-6 1.8753053744298013e-6 1.5599180734899526e-6 -2.6326708293307005e-6 -2.4150045584060557e-6 -5.795648804519746e-6 -1.9641736472364026e-6 -4.37950379903737e-6 2.9040639721192703e-6 -2.0286894891730086e-6 7.311428378800303e-6 -3.879616140258158e-6 1.0414106362594537e-5 -1.4157353087317939e-5 1.9068346331643076e-5 1.2691415945387988e-5 -7.4884837527345045e-6 5.43810293698704e-6 -2.1507954078808903e-6 3.8408721995026586e-6 6.770569215371436e-7 2.5477026863717708e-6 4.487250656586405e-7 2.463195275554416e-7 -1.2169681741396507e-6 -2.1365322762270175e-6 -2.3495115991994716e-6 -3.253111854986598e-6 -1.4491019805681095e-6 -2.6627003463859393e-6 1.7620873458832845e-6 -1.669274790971754e-6 6.202565371908164e-6 -3.0275164707252784e-6 1.083473104810856e-5 -9.720586878424916e-6 1.558954863146443e-5 -1.613813815699153e-5 1.6272726998981305e-5 0.017716395319827525 0.025415940427156846 0.044090565966383145 0.049216943223064614 0.05700383219954336 0.05229576474613822 0.043546965991617906 0.02615631589406467 0.007332922158549807 -0.012269485454038656 -0.02720227482250248 -0.03617647213044794 -0.03708774649186172 -0.030682926558391485 -0.018368297007317805 -0.0027585231573962732 0.012850305541104905 0.026089229352525136 0.03406310511928061 0.03723380280562135 0.03421680279632621 0.029887488370929336 0.020972381992191844 0.015304436591824807 0.01772651375067761 0.08658689032107851 0.15911421589498867 0.2248278672239801 0.2569830671302455 0.24919017460432596 0.19591007890732265 0.11140016857106375 0.009057555144759654 -0.08975143823537544 -0.16764449188467148 -0.21010348834591297 -0.21069728788101605 -0.17082142403167347 -0.09931188707763368 -0.011250715710778618 0.07695373556345309 0.14751943172797297 0.18949221977498465 0.1957393158279565 0.1672816640514658 0.1235559794596438 0.06739762396245542 0.01357366289332541 0.024291967428060147 0.12419215588110037 0.2767339328643448 0.4083293824434427 0.47156790627998163 0.45269644827166083 0.3524563723372583 0.18869930531217863 -0.005782400124354167 -0.1947654531569738 -0.34229458447093747 -0.4216275397194696 -0.41931834302991794 -0.33756547717362684 -0.1941530337840836 -0.017007856829158993 0.15826957837282835 0.3000737459368337 0.3804079281557941 0.389129623605033 0.32821472786770467 0.21786690588331892 0.09707551592296361 0.02044615067196539 0.019618735133650686 0.12277446181811276 0.28193375794392594 0.42466242735529225 0.4932037398481934 0.4782154267978389 0.37550300694611743 0.20478467302113199 -0.0023939138552570268 -0.2071302858157667 -0.37091036226668567 -0.4633255232186367 -0.4675556069629677 -0.383655336041021 -0.22834334020080088 -0.0321311595829048 0.1679923788409601 0.33325445153273475 0.4344567572316815 0.4530333623287651 0.391136670950575 0.26243522516187295 0.11656233192217003 0.01845443190536994 0.011837720002166699 0.08001451910346717 0.1886202453278196 0.290573449550829 0.3401353815778992 0.32880921494037124 0.2565143838105533 0.134823089839841 -0.014333878951799425 -0.16311551647324182 -0.28385351161328287 -0.35317651886880463 -0.3573045300672217 -0.2946468454158664 -0.1762183271555614 -0.024012523908751634 0.13315160904877257 0.265910705441408 0.34858233887848444 0.3660509722193337 0.31727414675523424 0.21013553595685236 0.0895885074021351 0.013706388131960508 -0.006923331252863911 -0.010578862167795034 -0.007355404882579283 0.001245024794624678 0.005989830590589663 0.007976135476115389 0.004480438917953035 -0.004730861512942087 -0.01948566417236981 -0.038057603833891306 -0.056330572322881654 -0.06972649479194992 -0.07336848403685213 -0.06381559033094034 -0.0404442935105603 -0.005758144077512239 0.034498707695465654 0.07253700128219397 0.10038737404827457 0.1099791382895257 0.09975011496639469 0.06392410772380087 0.021858909477958273 -0.0009313007325219526 -0.025325591037980252 -0.1192505754679263 -0.25094692229179666 -0.3606601389370708 -0.4134681571858493 -0.3976468855513068 -0.31284558047708527 -0.17769196859514844 -0.01832670302541462 0.13457741854900968 0.2524170107281255 0.3151842475379637 0.3141587752132641 0.253342127639351 0.14788520168464028 0.02037916080255259 -0.1036707401594656 -0.20099427746472065 -0.2551206309814627 -0.25983370481290585 -0.21847357646857923 -0.15018785225433962 -0.07408279132635792 -0.017555713204903237 -0.04298422476286379 -0.21588559405879076 -0.4683720644227038 -0.6871308549365823 -0.7935520420919925 -0.7642398429787292 -0.5990577268010409 -0.32903502983318306 -0.006162931587615243 0.3085757225267742 0.5565115654052217 0.6925468456496285 0.6941023211448858 0.5644988229205845 0.3316676784857501 0.04232811095150578 -0.2474642502922121 -0.4831704308594455 -0.6223284274442153 -0.6436297414584078 -0.550331027062136 -0.3730355576123955 -0.17429996595761654 -0.03581750681525804 -0.05036282160569074 -0.26580052070596594 -0.5836508861198629 -0.8627095850727887 -1.0 -0.9643917400554399 -0.7533561477778159 -0.4060543001178346 0.012939321721524665 0.4244548387410381 0.7512689445661491 0.9327055975440862 0.9359637083991323 0.7624193801127171 0.44694093382321054 0.050801287977691366 -0.35023767665810357 -0.6805990681529159 -0.8795998462833491 -0.9136996278631233 -0.7858897119147417 -0.5320399043483535 -0.24379250723861493 -0.0466977591650692 -0.04704100038051641 -0.24898405684969244 -0.5482888259438014 -0.814430601162154 -0.9473252626746392 -0.9142644533401886 -0.7123880062681331 -0.37648776359652486 0.03122343831416124 0.43453701993390026 0.7570716645409112 0.9373955952267546 0.9408107381717637 0.7661048996781742 0.44601008130510056 0.0410701485252954 -0.3720596648106097 -0.7154368665596266 -0.9249790673426667 -0.9632075002120757 -0.8317385350033689 -0.5628906574275423 -0.2565590589099822 -0.048389495639705814 -0.03134642855377852 -0.16738151342697322 -0.36825752240192217 -0.5490057935282227 -0.6418815094204471 -0.6206809826373962 -0.48190496944998323 -0.24769021971047558 0.040032237931248826 0.32746807460415256 0.5596766153456417 0.6907809825967085 0.6931890516896607 0.5634036233610482 0.3233859482583058 0.016820909110881785 -0.2989564344952906 -0.5641347749430975 -0.7282689690188631 -0.7599282269191585 -0.6588973557033749 -0.44669865307328294 -0.20208587859614838 -0.03722494296604867 -0.008354405889390293 -0.04190788328459836 -0.09026616465434491 -0.1379036031023576 -0.1661752051715321 -0.16306720008969997 -0.12548401362886225 -0.05641171529082408 0.033235182039755264 0.12720439687313367 0.20657206267672332 0.25350332956400334 0.2550075663502663 0.20622128277769805 0.11230905500294759 -0.011725829507693299 -0.14352754861202996 -0.2577837861731881 -0.33142445847577867 -0.34781620563651294 -0.30514693680157196 -0.2081530170113009 -0.09351459707837945 -0.0170431389614391 0.017043138932657395 0.09351459699400366 0.20815301680061143 0.30514693649821245 0.347816205252684 0.33142445803260223 0.2577837858699893 0.14352754852250194 0.011725829659402658 -0.11230905458287357 -0.20622128214870655 -0.255007565616227 -0.25350332874671916 -0.20657206188983143 -0.12720439629965055 -0.033235181645353995 0.05641171548011555 0.1254840135697915 0.16306719990353682 0.16617520485337997 0.13790360277929 0.09026616441606762 0.0419078831691935 0.008354405866736627 0.03722494294609561 0.20208587851998092 0.44669865291292726 0.65889735544698 0.7599282265079388 0.7282689685250323 0.564134774512198 0.2989564341893284 -0.01682090926501362 -0.32338594824514905 -0.5634036231294278 -0.6931890512521308 -0.6907809821185071 -0.559676614890169 -0.32746807408180756 -0.04003223753022748 0.2476902199328491 0.4819049695634571 0.6206809825896505 0.6418815092497747 0.5490057932988652 0.3682575222144996 0.16738151334673182 0.03134642853892791 0.04838949562482057 0.25655905882976815 0.5628906573094896 0.8317385347518608 0.9632074999267 0.9249790670988902 0.7154368661345458 0.37205966434631094 -0.041070148870936594 -0.44601008154138544 -0.7661048999008283 -0.9408107383160946 -0.93739559527265 -0.7570716645092433 -0.43453701989653815 -0.031223438255929846 0.37648776367594133 0.7123880063224192 0.9142644533173762 0.9473252626227036 0.8144306010737447 0.548288825854154 0.24898405680134447 0.04704100035925884 0.04669775917523496 0.24379250727753143 0.5320399043301539 0.7858897119475888 0.9136996278878008 0.879599846162164 0.6805990680357674 0.3502376764447341 -0.050801288336714254 -0.44694093425127834 -0.762419380525704 -0.9359637088568775 -0.9327055979796522 -0.7512689449113599 -0.4244548390870668 -0.012939321956214368 0.40605430001000076 0.7533561477206745 0.9643917400442855 0.9999999999938849 0.8627095850708593 0.5836508861206203 0.2658005207117534 0.050362821613781694 0.03581750683098365 0.17429996604468528 0.37303555786861503 0.5503310273408115 0.6436297417552731 0.6223284277327196 0.48317043101133494 0.24746425033273092 -0.04232811105802272 -0.3316676787704003 -0.5644988233554714 -0.6941023216234256 -0.6925468461664553 -0.5565115659601642 -0.30857572292504665 0.006162931250168882 0.3290350295863557 0.5990577267420828 0.7642398430135042 0.793552042158955 0.6871308550393761 0.46837206450976565 0.21588559408381813 0.04298422475338483 0.017555713224661835 0.07408279146536981 0.1501878525226739 0.2184735769359692 0.2598337053667752 0.25512063149860337 0.20099427795228145 0.10367074050380728 -0.020379160625571584 -0.1478852016448834 -0.2533421277416451 -0.314158775441838 -0.3151842478258556 -0.25241701099356967 -0.1345774188110072 0.01832670290340654 0.17769196856443326 0.31284558045324434 0.3976468856480784 0.41346815735655174 0.3606601390890924 0.25094692240310573 0.1192505755333003 0.0253255910576949 0.0009313007576437443 -0.021858909356405117 -0.06392410745363956 -0.09975011459175831 -0.10997913781358412 -0.10038737349743337 -0.07253700075696685 -0.034498707227892 0.005758144465988732 0.040444293766124614 0.06381559048776618 0.07336848412016539 0.06972649483741332 0.056330572369263573 0.03805760392745063 0.019485664272643723 0.004730861666143039 -0.004480438666385675 -0.007976135252842582 -0.005989830376225021 -0.0012450245937398997 0.007355405022477009 0.010578862207602648 0.006923331248325167 -0.013706388124801376 -0.0895885073604598 -0.21013553581949074 -0.31727414653933445 -0.36605097196867464 -0.34858233857512 -0.26591070512259657 -0.13315160875482285 0.024012524176478874 0.17621832740276147 0.2946468456401736 0.35730453027190173 0.3531765190932031 0.28385351186493074 0.16311551674363392 0.014333879275846657 -0.13482308948763724 -0.25651438348336597 -0.32880921459238616 -0.3401353812919377 -0.2905734493326198 -0.18862024519677972 -0.08001451903089328 -0.011837719983661898 -0.018454431900654142 -0.1165623319326425 -0.2624352252162559 -0.39113667105029054 -0.4530333623944888 -0.43445675730809946 -0.3332544516002372 -0.16799237887716592 0.032131159567765535 0.2283433402183053 0.3836553361007279 0.4675556070788499 0.46332552339011596 0.3709103624933151 0.20713028610171325 0.0023939141723011096 -0.20478467270019496 -0.3755030066259713 -0.4782154265461822 -0.49320373960799135 -0.4246624271785495 -0.2819337578225948 -0.12277446176688835 -0.01961873512582836 -0.020446150687912563 -0.09707551599105886 -0.21786690605726802 -0.3282147281208238 -0.3891296239552947 -0.3804079285446284 -0.3000737463234845 -0.1582695787388481 0.017007856519635434 0.19415303356174649 0.33756547703188344 0.4193183429796173 0.42162753974238953 0.34229458456137835 0.19476545329053713 0.005782400280353036 -0.18869930513225164 -0.35245637217832815 -0.45269644810764725 -0.47156790617463856 -0.4083293823679214 -0.2767339328210038 -0.12419215584650294 -0.02429196741924956 -0.013573662898701148 -0.06739762405280783 -0.12355597964156423 -0.16728166434248062 -0.19573931619923857 -0.18949222020453946 -0.1475194321789626 -0.07695373600872392 0.011250715304245647 0.09931188671543335 0.17082142372242115 0.21069728763211118 0.2101034881505571 0.1676444917355011 0.08975143812934236 -0.00905755522907052 -0.1114001686494768 -0.19591007896394716 -0.24919017467134644 -0.2569830671865349 -0.22482786727270282 -0.15911421592650582 -0.08658689033267997 -0.017726513750473124 -0.015304436611573134 -0.02097238203720469 -0.029887488452439635 -0.034216802905612125 -0.037233802951005646 -0.034063105282770824 -0.02608922953586868 -0.012850305714472711 0.002758522979302805 0.018368296837756783 0.03068292639945701 0.03708774634884546 0.036176472010207135 0.027202274717553876 0.012269485355350256 -0.007332922237489739 -0.02615631597443177 -0.043546966066258845 -0.05229576481355424 -0.0570038322437723 -0.049216943258182065 -0.04409056598131122 -0.02541594043808063 -0.017716395324721936
</DataArray>
        <DataArray type="Float64" Name="Mode_10_phi2" NumberOfComponents="1" format="ascii">
 2.4538604281812442e-6 8.353351978397038e-7 -2.453860425765493e-6 -8.353351933617754e-7 7.390160576079674e-6 -1.570932504478851e-5 5.569619739719572e-6 -6.753918336671379e-7 1.1610357476132387e-5 1.136917604053485e-5 1.4918075711472277e-5 8.7946266512666e-6 3.124095005678999e-6 -6.969356949846979e-6 -1.346986978783368e-5 -1.7718741515894957e-5 -1.659369926672736e-5 -1.13627282931733e-5 -3.92055577508917e-6 4.869963864210593e-6 9.938913215246823e-6 1.3832527143537733e-5 1.0141878396624253e-5 9.143367917338653e-6 -8.421599299664429e-7 1.7999463655885874e-6 -1.0060828425108969e-5 5.343534213947316e-6 3.089929266090889e-5 -2.4622321260864037e-5 1.544810467750991e-5 -1.101460852232172e-5 8.92796131749475e-6 -6.683812322333917e-6 4.932790837772268e-6 -4.3397057744845385e-6 2.482063046145372e-6 -2.6771165948083236e-6 1.2094645023559542e-6 -1.2473737156777608e-6 8.250024030461244e-7 -2.485012240764512e-7 9.800925354747565e-7 7.910520947142017e-8 1.063539739224979e-6 -1.0794638723299235e-7 5.298831723309061e-7 -4.63436653402314e-7 -2.3426521864242173e-9 -3.325834464571797e-6 1.3939697547435444e-5 -2.6176005868724213e-5 -7.390160590054921e-6 1.5709325055523837e-5 -5.569619771962117e-6 6.753918519736541e-7 -1.161035748670903e-5 -1.1369176032715103e-5 -1.4918075717103074e-5 -8.794626632534662e-6 -3.1240950194798316e-6 6.9693569812913135e-6 1.3469869754503654e-5 1.7718741562759226e-5 1.6593699210680147e-5 1.1362728346092193e-5 3.920555730368419e-6 -4.86996386837095e-6 -9.938913207442351e-6 -1.3832527167652505e-5 -1.0141878379911189e-5 -9.143367899568503e-6 8.421599146652602e-7 -1.7999463403826375e-6 1.0060828411956748e-5 -5.3435342028531756e-6 -3.089929262315549e-5 2.4622321218906037e-5 -1.5448104634588857e-5 1.101460849491809e-5 -8.927961303091294e-6 6.683812308641501e-6 -4.932790813807071e-6 4.339705737147418e-6 -2.4820630048652445e-6 2.6771165514255364e-6 -1.209464445312789e-6 1.2473736383571483e-6 -8.250023247434635e-7 2.485011707095348e-7 -9.800925116723542e-7 -7.910521557845662e-8 -1.0635397447827813e-6 1.0794640780753796e-7 -5.298831945711022e-7 4.634366627204459e-7 2.3426415079611094e-9 3.325834479465536e-6 -1.393969754984585e-5 2.6176005857278504e-5 0.01777557103811921 0.007140047847400042 0.004614086551721589 0.003346031044277004 0.0003222491112655175 -0.003308055815387968 -0.0063020591837024235 -0.008590819512839704 -0.008976668045703346 -0.008069578990059072 -0.005474567055702317 -0.0023228594928963128 0.0014968484931276687 0.004190757998499492 0.0068791413715134095 0.006784941978718107 0.0072498604740658616 0.0040092333170473945 0.0035209680195558354 -0.0013104837480594552 0.00011307906393998253 -0.004913634105565994 -0.0017877203901847044 -0.016361013333742153 0.04060533270437537 0.07002699878515632 0.03456507722868878 0.04155234649958009 0.00585666054299433 -0.023041191182911046 -0.05147843569571723 -0.06903098065037498 -0.07391049655996351 -0.06470867795326446 -0.04417396919924784 -0.015845878222690554 0.014190058432481596 0.04034355997894448 0.05812939624365948 0.06346310908235125 0.057494316127304074 0.03970469412910435 0.017332373156720853 -0.007039875091769249 -0.0288522539236759 -0.02530019842563002 -0.04098810392405495 -0.038166526590334426 0.0841433494510712 0.1809953427407695 0.15516680136802272 0.1163391044807424 0.02721992253293405 -0.07091037837332151 -0.15599959155919593 -0.21139423655674924 -0.2266139183319227 -0.19865998625586234 -0.13512226392129972 -0.04736031245199075 0.046118283487685485 0.12860856325324707 0.18359619712391959 0.20247114831293342 0.18157281532205835 0.12771908532126924 0.051862882040010605 -0.02633939359661961 -0.09752516240824823 -0.11093726812002441 -0.133227594839921 -0.07401113974821785 0.1267594021784993 0.3268281129725272 0.3257497887400957 0.21938621555847346 0.05635110451741729 -0.13301523278237448 -0.2967455754818425 -0.40481043636430786 -0.4350846688393874 -0.38399932421523114 -0.2615935248963891 -0.09313244312178368 0.0893489711474197 0.25042658741995566 0.3603623403960681 0.39895688342343133 0.36094151571834215 0.2556861544437052 0.1059249448631721 -0.05284341773802988 -0.19358287667852211 -0.25286176987403836 -0.2598048775721574 -0.1125288694540193 0.1611039026075232 0.44820098218978377 0.47638693835881374 0.31227727574699976 0.08251386291442474 -0.18481299370844798 -0.4192323570942342 -0.5745163871805152 -0.6216717661479453 -0.5513664729077541 -0.37898486006367693 -0.13780459430191724 0.12539201958887633 0.3605634390367323 0.5234054697023188 0.5840699845904891 0.5329458951089366 0.3821669184993581 0.16390519148444163 -0.07404192278528779 -0.28276752128946137 -0.3982208295475237 -0.3861273781982764 -0.14640609746215566 0.168531955228083 0.4936800053581732 0.5450412336861331 0.35312861157177616 0.09554058400371909 -0.2069016091878641 -0.47276535843655226 -0.6520400028410723 -0.7085115210993074 -0.6321148606680786 -0.4371462257990536 -0.16152608472974508 0.14225735275991871 0.4164801478128143 0.6091978565376238 0.6845897619404057 0.6293733813787241 0.45630061859765303 0.20048649974936192 -0.08336567832872979 -0.33273200890911714 -0.49024697388592386 -0.46116825725040095 -0.15857174948790093 0.1408147298675642 0.42423433889174794 0.4838331980929522 0.3130665071760931 0.0867012071868365 -0.18032264142264443 -0.41837869389979954 -0.5808617300559384 -0.6358332838351448 -0.5709428925987109 -0.3983074460361177 -0.14973442648111498 0.12755354996385682 0.38115629982502447 0.5627637493753305 0.6377215986399324 0.5917571496433621 0.43416667254619534 0.19619954521693322 -0.07441769641340978 -0.31115058346305785 -0.47954671759993833 -0.44089006903725 -0.1397049794881237 0.07507108226855 0.23429742591507297 0.2840560027353724 0.18554682245024257 0.054041617887355925 -0.10225357207055383 -0.24637201458870994 -0.3481322231799835 -0.38683412828262453 -0.35286395702556345 -0.25047367002424786 -0.09772124377925122 0.07746347629380626 0.24191850103138243 0.3639347865384526 0.4192300743354005 0.39577212584660165 0.2967529082771019 0.1403090564145728 -0.04450585486650422 -0.20687880059577896 -0.33898861350540027 -0.3063173779315393 -0.0848051159602701 -0.016501479780501697 -0.04260029578425811 -0.017646603797767724 -0.007929860833760724 0.0038194605618420293 0.013679995053965105 0.01464470286986572 0.008460633206333133 -0.0019357306374781392 -0.012022352801666705 -0.01707899718778518 -0.013787687174883132 -0.0015014649487728852 0.017792351272218503 0.039526752200746945 0.05773521070630342 0.06619515197785926 0.06045050573758875 0.03909264494744011 0.001970631860518936 -0.03162040679493763 -0.08443887589070272 -0.07012736193106885 -0.0017017128392582059 -0.11472847155137479 -0.3390563685774129 -0.34641381547385874 -0.2212971132355292 -0.05261054946951029 0.13993507568803273 0.3021723980383344 0.40480505464917427 0.4286795761890109 0.3718226816133203 0.24765988370246939 0.08213852342133143 -0.09185562728921463 -0.24099222178633034 -0.337852260026166 -0.36621300653763916 -0.3238499357775923 -0.2226693806818984 -0.08537971791176423 0.0552365743168504 0.17557694073449884 0.23000245478864598 0.21662403974546005 0.09343078339278874 -0.19471757893595762 -0.5773334445787021 -0.6138236314435067 -0.39881602645683506 -0.10079069978265127 0.24227995514829828 0.5406638172974171 0.7367414994932334 0.7927212426498053 0.6988871640263211 0.4750519016024146 0.1652944141594912 -0.1703154486480457 -0.46783830357587586 -0.6713388493819932 -0.7439944446206288 -0.6746226736647809 -0.4801568427803257 -0.20140632861672642 0.10164515320742501 0.3626916548633629 0.5223633645715207 0.483169442506874 0.177828640184827 -0.23680649950051608 -0.69369102484307 -0.7477147547365158 -0.49310995804374014 -0.12837634074935966 0.2927302059463399 0.665384162980351 0.9150599977548811 0.9923224811227535 0.8816596660440318 0.6044416834244278 0.21384021678255208 -0.21536444507157476 -0.6014319412847263 -0.8711264473928295 -0.9739544861338661 -0.8918018955479778 -0.642762374294716 -0.2775899270680337 0.1285581370316 0.47942661601479586 0.7132334143276551 0.6583288503227805 0.23033307926935656 -0.23033307928531405 -0.6583288503443953 -0.7132334143489848 -0.47942661584022517 -0.1285581368209096 0.27758992734820576 0.6427623745365084 0.8918018956400797 0.9739544861515127 0.8711264472981048 0.6014319410865157 0.21536444477028882 -0.2138402170766135 -0.6044416837639489 -0.8816596663951093 -0.9923224813378176 -0.9150599978618117 -0.6653841629956952 -0.29273020571748737 0.12837634097033793 0.4931099582695334 0.747714754859591 0.693691024931209 0.2368064995429027 -0.17782864021195166 -0.48316944263558315 -0.5223633646692728 -0.3626916548150807 -0.10164515309723608 0.20140632887923526 0.4801568431865837 0.6746226739795231 0.7439944447971891 0.6713388495526237 0.46783830355264316 0.17031544848316105 -0.16529441444584908 -0.47505190203824765 -0.6988871644122898 -0.7927212430979355 -0.7367414997864177 -0.5406638174309704 -0.2422799551170007 0.10079069996108854 0.39881602667035027 0.613823631684395 0.5773334447827982 0.19471757899830447 -0.09343078346872105 -0.21662403995706894 -0.23000245493211388 -0.17557694084857683 -0.055236574266675977 0.08537971818910181 0.22266938099111197 0.32384993623281627 0.3662130068686727 0.3378522603109136 0.24099222190785793 0.0918556272495509 -0.08213852370066241 -0.24765988405044673 -0.37182268206085844 -0.42867957666186274 -0.4048050550640612 -0.3021723982345757 -0.13993507579198797 0.05261054959896544 0.22129711341457328 0.34641381579735625 0.3390563688527042 0.1147284716478169 0.0017017127653052601 0.07012736170887555 0.08443887564259211 0.03162040669358188 -0.001970631828924581 -0.039092644779262546 -0.06045050548719434 -0.0661951515971801 -0.057735210310813176 -0.03952675194307438 -0.017792351107511248 0.001501464931781565 0.013787686971454577 0.017078996914985455 0.012022352330490588 0.00193573025869306 -0.008460633518111977 -0.014644703144139001 -0.013679995132323687 -0.003819460468572824 0.007929861014383517 0.01764660412305628 0.04260029609839514 0.01650147988076675 0.0848051159138043 0.30631737775236145 0.33898861335757424 0.20687880047972051 0.04450585487688543 -0.14030905635168106 -0.29675290805972765 -0.39577212563761965 -0.4192300740746378 -0.36393478636585286 -0.2419185009197497 -0.07746347636648923 0.09772124365233173 0.25047366970247287 0.35286395675005305 0.3868341279306751 0.34813222299732494 0.2463720144453576 0.10225357201345496 -0.05404161777982666 -0.18554682225116453 -0.28405600242737084 -0.23429742564146364 -0.07507108216555279 0.13970497947058036 0.44089006903036077 0.47954671754975714 0.3111505834830003 0.07441769640647213 -0.19619954518769606 -0.434166672460521 -0.5917571495426417 -0.6377215985823002 -0.5627637493291373 -0.3811562998578239 -0.12755355005174804 0.1497344262394566 0.3983074458521759 0.5709428923252778 0.6358332836622059 0.5808617299133515 0.41837869388443344 0.18032264144405274 -0.0867012070511322 -0.3130665069805178 -0.48383319784957673 -0.424234338652707 -0.14081472978194956 0.15857174952659445 0.46116825736694755 0.49024697401630846 0.3327320090311515 0.08336567839751743 -0.20048649973990962 -0.45630061856178133 -0.6293733814317242 -0.6845897619749616 -0.6091978566597034 -0.41648014793632854 -0.14225735295901845 0.1615260845205744 0.4371462255747569 0.6321148605071375 0.708511520964376 0.6520400027866888 0.47276535845279105 0.20690160928160903 -0.09554058388731679 -0.3531286113998218 -0.5450412335095169 -0.4936800052075299 -0.1685319551611238 0.14640609753131223 0.3861273784089931 0.39822082982634505 0.28276752145997786 0.07404192293472688 -0.16390519143096213 -0.38216691852132006 -0.5329458951750716 -0.5840699847336832 -0.5234054698673891 -0.3605634392302808 -0.12539201981522116 0.13780459409641635 0.37898485988654906 0.5513664727496342 0.6216717660729102 0.5745163871634378 0.41923235712875995 0.18481299376851842 -0.0825138628216836 -0.31227727563249297 -0.4763869382783587 -0.4482009820960941 -0.1611039025623247 0.11252886952208505 0.2598048778238463 0.2528617701450207 0.19358287689241183 0.05284341791256274 -0.1059249447840866 -0.2556861544709577 -0.36094151577914063 -0.3989568835663912 -0.36036234055821553 -0.25042658760352837 -0.08934897133743405 0.09313244295387167 0.2615935247513915 0.3839993241205394 0.4350846687810552 0.40481043635362185 0.29674557549983616 0.13301523281479588 -0.05635110448183049 -0.21938621551442652 -0.3257497887249877 -0.3268281129518596 -0.12675940214912157 0.07401113981863074 0.1332275950207825 0.11093726830304346 0.09752516260434617 0.026339393714480987 -0.05186288196296522 -0.1277190853220267 -0.18157281536380163 -0.20247114840786798 -0.18359619721039083 -0.12860856338181342 -0.04611828360454399 0.04736031234983214 0.13512226383843629 0.1986599861890392 0.22661391830483096 0.2113942365463551 0.1559995915368915 0.07091037838935663 -0.02721992255162725 -0.11633910448372743 -0.15516680139770914 -0.18099534275102416 -0.08414334945119377 0.03816652663493213 0.04098810401206374 0.0253001985064617 0.028852254010839972 0.0070398751620047014 -0.017332373123496038 -0.03970469411359477 -0.05749431615362727 -0.063463109095227 -0.05812939629180252 -0.040343560021172994 -0.01419005847696865 0.015845878169875524 0.044173969172239896 0.06470867791366036 0.07391049655079739 0.06903098064537799 0.051478435685995645 0.023041191170382162 -0.005856660565658505 -0.041552346517523785 -0.03456507724895643 -0.07002699880621524 -0.040605332711573926 0.016361013356438792 0.001787720402086691 0.0049136341370615835 -0.0001130790503400737 0.0013104837610520097 -0.003520968010828263 -0.004009233308664147 -0.007249860480790343 -0.006784941970403394 -0.006879141377370481 -0.004190757994766885 -0.0014968485151416267 0.0023228595078581826 0.005474567042100182 0.008069578986443195 0.008976668041761154 0.008590819509837989 0.006302059183117531 0.0033080557965901943 -0.00032224912564007255 -0.0033460310529825196 -0.0046140865489284685 -0.00714004785195187 -0.01777557104810287
</DataArray>
        <DataArray type="Float64" Name="Mode_11_w" NumberOfComponents="1" format="ascii">
 -6.740562712275727e-7 -1.276079843187427e-6 6.740562712588299e-7 1.2760798449792805e-6 7.528415140062641e-7 -2.2517584832690414e-6 -3.1268866844128375e-7 -5.320551444788102e-7 8.005765754228279e-7 6.864053574125271e-7 6.864053574125271e-7 1.0347993102640581e-6 5.456691687618285e-7 2.0346268605140082e-7 -2.263066976261181e-8 3.4476245141972263e-7 5.946963519788539e-7 4.185133104976293e-7 -9.328720784629471e-8 -5.283771052658141e-7 -3.094078000438693e-7 -4.08371232189216e-7 -4.08371232189216e-7 1.035185803559054e-6 1.3223873541774417e-7 2.4571454658747443e-6 1.621037085400969e-7 9.147800895254876e-7 -8.465818011291364e-8 -8.818106717794808e-7 9.453925402380939e-7 -4.7529243134049517e-7 4.817772246086625e-7 -5.430416306249148e-7 -5.430416306249148e-7 -3.2793288477484576e-7 -3.9500623504904516e-7 -1.4758813657469476e-7 5.0616818097052186e-8 1.8917708821476317e-7 3.681004929967756e-7 3.3850982906633024e-7 5.031120768717556e-7 2.791833657338193e-7 5.073543055576495e-7 4.885578352898711e-7 4.885578352898711e-7 8.332083929397127e-7 9.9487380092679e-7 -7.535834829108336e-8 8.498649198079566e-7 -1.2643633421448618e-6 -7.528415142267705e-7 2.25175848233577e-6 3.1268866793584627e-7 5.320551437474459e-7 -8.005765780633666e-7 -6.864053578323141e-7 -6.864053578323141e-7 -1.034799313766005e-6 -5.456691691068759e-7 -2.0346268452127593e-7 2.2630669956614582e-8 -3.447624483682356e-7 -5.946963496690874e-7 -4.185133084042191e-7 9.328720697229063e-8 5.283771024130059e-7 3.0940779842482463e-7 4.083712291089824e-7 4.083712291089824e-7 -1.0351858040914448e-6 -1.322387380163511e-7 -2.4571454642053787e-6 -1.6210370924191315e-7 -9.147800890987689e-7 8.465818069319222e-8 8.818106711408095e-7 -9.453925403281161e-7 4.7529243120748934e-7 -4.817772229055388e-7 5.430416301269538e-7 5.430416301269538e-7 3.279328843239235e-7 3.9500623469544426e-7 1.4758813696073614e-7 -5.061681801595106e-8 -1.8917708851321533e-7 -3.6810049387591186e-7 -3.3850983013686517e-7 -5.031120743446443e-7 -2.791833670395475e-7 -5.073543041108053e-7 -4.885578357229512e-7 -4.885578357229512e-7 -8.332083919178385e-7 -9.94873802084914e-7 7.535834804088637e-8 -8.498649181603871e-7 1.2643633434262763e-6 -0.0003666320015608563 -0.0010882538259896271 -0.0017858939082861654 -0.002538713617947776 -0.0033205373845183223 -0.003965317276331217 -0.003965317276331217 -0.004584195838214787 -0.0050591913236321265 -0.005467168130345974 -0.005740932796660218 -0.005913660917059756 -0.005963325989604003 -0.005876433383358335 -0.005670313523685195 -0.0053002138427039065 -0.004820467480502419 -0.004166774416066977 -0.004166774416066977 -0.003457231368122483 -0.002597322395534407 -0.0018024175670828886 -0.0010552753317322173 -0.00030270038937307056 -0.0007446840226775324 -0.005098588410598152 -0.010924320820185626 -0.015909050699027493 -0.02095325811153097 -0.025488563886496316 -0.025488563886496316 -0.029583450663756852 -0.03315639421380412 -0.0361376512376347 -0.038512396376720624 -0.04015586676223122 -0.041054313760850614 -0.04101889457347846 -0.040043963343965185 -0.03793184681018475 -0.03475084627336135 -0.03036991951894136 -0.03036991951894136 -0.025060855996799428 -0.018926001688998766 -0.012284612828455421 -0.006400335127890786 -0.0009042017087104103 -0.00037910327338985556 -0.004335870755369732 -0.01224468457087165 -0.019554217408821788 -0.026660627262952083 -0.033655986141493496 -0.033655986141493496 -0.04033238614630499 -0.04674138460798025 -0.05272038524486597 -0.05811172337076623 -0.06268506229502674 -0.0661353674394755 -0.06812858683109382 -0.06828191043805286 -0.06630924129276573 -0.06189834969374404 -0.0550384824224739 -0.0550384824224739 -0.04568878058948198 -0.034477023966729935 -0.021809782686755187 -0.009385691854265793 -0.0012340215728605282 4.26184641536366e-5 -0.0010725405092778509 -0.00457307629831802 -0.008662948537101837 -0.013229082294215844 -0.0185474260935404 -0.0185474260935404 -0.02474163696635303 -0.031671285658295606 -0.03916250964384216 -0.04683060010823264 -0.05419856552673986 -0.060689026332413305 -0.06567652137116575 -0.0685297935119865 -0.06871084553957564 -0.0658136782407008 -0.059630915193901464 -0.059630915193901464 -0.050305201474909994 -0.03824315725527292 -0.024708826906601748 -0.010670905163355641 -0.0012878474932080538 0.000640900592409424 0.004417403990703175 0.008945299367558683 0.012429414435566052 0.014339645604339282 0.014012090642709847 0.014012090642709847 0.011263370209635784 0.00613285024449586 -0.0009392543485894847 -0.009354651032585249 -0.018334498649003977 -0.027017683477927604 -0.03456322592837119 -0.040218915950643266 -0.04337465053913502 -0.043649373483818914 -0.04089472594314104 -0.04089472594314104 -0.0352720534397314 -0.027304954485454308 -0.01799480887099648 -0.00835557049268191 -0.0011786999026174674 0.0010765459378192256 0.008767932486915816 0.020150160663820155 0.03027851973951877 0.03810789642497967 0.04243031400056408 0.04243031400056408 0.04288980079373628 0.03969739890790446 0.03344064917839577 0.025091004208283828 0.015718560375839286 0.006408236405886551 -0.0018877598237107157 -0.008478844453015269 -0.012955356438627615 -0.015163065316147792 -0.015250131487644527 -0.015250131487644527 -0.01357791077636484 -0.010641532896998165 -0.007352093577012575 -0.004287766441088567 -0.0007595987815080734 0.0010765459378192256 0.008767932486915816 0.020150160663820155 0.03027851973951877 0.03810789642497967 0.04243031400056408 0.04243031400056408 0.04288980079373628 0.03969739890790446 0.03344064917839577 0.025091004208283828 0.015718560375839286 0.006408236405886551 -0.0018877598237107157 -0.008478844453015269 -0.012955356438627615 -0.015163065316147792 -0.015250131487644527 -0.015250131487644527 -0.01357791077636484 -0.010641532896998165 -0.007352093577012575 -0.004287766441088567 -0.0007595987815080734 0.001192373150526608 0.009898823598279892 0.02255423793515813 0.034532583373624165 0.0435846546291163 0.048610617624943835 0.048610617624943835 0.049061812879163544 0.04531241123465812 0.03829968644097754 0.02928322657215145 0.019679700556079253 0.010765361466185034 0.0035027020077483795 -0.001568453421653186 -0.004366737243658358 -0.005179309501426471 -0.004533471956029223 -0.004533471956029223 -0.003199796948277284 -0.0018434312009180521 -0.0010173242885423049 -0.001776592051475793 -0.0004915853597468302 0.001081209599516447 0.008155118927305267 0.017214353445765464 0.026001338955040785 0.03178204184742091 0.03339474020653967 0.03339474020653967 0.03046904375779539 0.023481927797273965 0.013649210200515773 0.0025601059340782783 -0.00812620289766355 -0.016924629710636418 -0.022820533924619777 -0.025399896231829627 -0.024813215171291536 -0.021707260572957094 -0.017018946007970888 -0.017018946007970888 -0.011830277465717638 -0.007184226250786947 -0.003627254612736378 -0.00235872365254563 -0.00044072567604095124 0.0009506355255791727 0.00603684146367198 0.010841223051072569 0.015446075961285798 0.017135174889824297 0.014830242634219089 0.014830242634219089 0.008195872716652598 -0.0021846086371169558 -0.015029019219414925 -0.028625965529982075 -0.04114445400360958 -0.05096416648578145 -0.056917952825467626 -0.05850138394135387 -0.055857214514757905 -0.04965957693979702 -0.04097311923831886 -0.04097311923831886 -0.031054179818612176 -0.021163941347468105 -0.012156103933464668 -0.005404720076029698 -0.0006952078299955171 0.0009786759060104926 0.005741521982567522 0.009827942739959088 0.013437136915289489 0.014476061291376892 0.011719887433469744 0.011719887433469744 0.004820106735816116 -0.005860669942616784 -0.019219087207067106 -0.03373490761923723 -0.04766633230144168 -0.059327316840841055 -0.06737962963921221 -0.07100185470731242 -0.06997873122697144 -0.06464215347468551 -0.05575998906597618 -0.05575998906597618 -0.04442030881077748 -0.03191372635646389 -0.01942670636939975 -0.008211470328788363 -0.000984867056462505 0.0011028060098560344 0.007355328172460794 0.01473991230461675 0.021588904862720557 0.026461650374936026 0.027959969322055828 0.027959969322055828 0.025470386312370474 0.018936000143400643 0.008894144985070325 -0.003607542999572194 -0.017208485424731808 -0.03036279460288222 -0.04157823818866693 -0.04964876566103402 -0.053767525071829816 -0.05361055874579006 -0.04935109016820429 -0.04935109016820429 -0.041592092702413 -0.03135650809916152 -0.020068527668010205 -0.008900881713208854 -0.0011564826075216438 0.0011564826100029615 0.008900881732014893 0.02006852771086919 0.03135650815763462 0.04159209276257985 0.04935109022067743 0.04935109022067743 0.0536105587772128 0.0537675250732024 0.04964876563004244 0.04157823813256026 0.030362794532454798 0.01720848535432054 0.003607542942714977 -0.008894145014880115 -0.01893600014236733 -0.025470386278139828 -0.027959969266316005 -0.027959969266316005 -0.02646165030790295 -0.021588904800364808 -0.014739912256994253 -0.007355328151081998 -0.0011028060072848281 0.000984867058087964 0.008211470342250322 0.019426706395858636 0.03191372639598063 0.04442030885155727 0.05575998910183512 0.05575998910183512 0.06464215349691396 0.06997873122816459 0.07100185468558098 0.06737962959586505 0.05932731678615499 0.04766633224957607 0.03373490757638042 0.019219087182522264 0.005860669944519562 -0.004820106710734812 -0.011719887389455898 -0.011719887389455898 -0.014476061238870202 -0.01343713686693102 -0.009827942702711357 -0.005741521964563912 -0.0009786759037632847 0.0006952078299364202 0.005404720077228524 0.01215610393809187 0.021163941354197833 0.031054179830994542 0.04097311924766128 0.04097311924766128 0.04965957694600954 0.05585721451468263 0.05850138393398193 0.05691795280920309 0.05096416646367783 0.04114445397923154 0.02862596551180572 0.015029019208685272 0.0021846086346150833 -0.008195872707313197 -0.014830242615709265 -0.014830242615709265 -0.01713517486758944 -0.015446075938816512 -0.010841223034807147 -0.006036841455025402 -0.0009506355243045706 0.0004407256749044998 0.0023587236436747607 0.0036272545937391016 0.007184226229156617 0.011830277441307777 0.0170189459911924 0.0170189459911924 0.021707260561994974 0.024813215167565027 0.025399896234604487 0.02282053393133866 0.016924629720364244 0.00812620290778926 -0.002560105929266486 -0.013649210198481485 -0.023481927801443953 -0.030469043768725054 -0.03339474021912572 -0.03339474021912572 -0.031782041859858265 -0.02600133896649354 -0.017214353451717807 -0.008155118928501622 -0.0010812095994524918 0.0004915853577837111 0.0017765920362872317 0.0010173242588222995 0.0018434311589380276 0.003199796905997091 0.004533471917280419 0.004533471917280419 0.005179309478650743 0.004366737238063749 0.0015684534339455091 -0.0035027019814720998 -0.010765361433111572 -0.01967970052344715 -0.029283226547226173 -0.03829968643194164 -0.045312411242071464 -0.04906181290358888 -0.04861061766237846 -0.04861061766237846 -0.04358465467079746 -0.034532583408841196 -0.02255423796190686 -0.009898823607470256 -0.0011923731513977772 0.000759598779305315 0.004287766424385285 0.007352093542958225 0.010641532851144008 0.013577910724816317 0.015250131446154565 0.015250131446154565 0.015163065288118796 0.012955356432874949 0.008478844468683636 0.0018877598578484524 -0.006408236360750071 -0.015718560331311825 -0.025091004175705475 -0.033440649164063925 -0.03969739891775037 -0.042889800825218184 -0.04243031404780584 -0.04243031404780584 -0.03810789647767848 -0.03027851978778409 -0.020150160696504167 -0.008767932502028826 -0.0010765459395601974 0.000759598779305315 0.004287766424385285 0.007352093542958225 0.010641532851144008 0.013577910724816317 0.015250131446154565 0.015250131446154565 0.015163065288118796 0.012955356432874949 0.008478844468683636 0.0018877598578484524 -0.006408236360750071 -0.015718560331311825 -0.025091004175705475 -0.033440649164063925 -0.03969739891775037 -0.042889800825218184 -0.04243031404780584 -0.04243031404780584 -0.03810789647767848 -0.03027851978778409 -0.020150160696504167 -0.008767932502028826 -0.0010765459395601974 0.0011786999006467326 0.008355570478345052 0.017994808842189066 0.02730495444492039 0.03527205339567589 0.04089472590315147 0.04089472590315147 0.04364937345958594 0.04337465053259428 0.040218915965196826 0.034563225959503154 0.02701768351889729 0.018334498690245147 0.009354651063697891 0.000939254362025637 -0.0061328502517000024 -0.011263370238108686 -0.014012090685765477 -0.014012090685765477 -0.014339645653095954 -0.012429414478561728 -0.00894529939801252 -0.004417404003457804 -0.0006409005940931759 0.0012878474915795077 0.0106709051536379 0.024708826886669016 0.03824315722745992 0.05030520144414035 0.05963091516652057 0.05963091516652057 0.06581367822115396 0.06871084553484476 0.06852979352057655 0.06567652139221182 0.06068902636000732 0.05419856555621297 0.04683060013077635 0.039162509654840444 0.031671285654262554 0.024741636948710614 0.01854742606394077 0.01854742606394077 0.013229082260212532 0.008662948506902622 0.004573076278650978 0.0010725404996432463 -4.2618465417907065e-5 0.0012340215716287483 0.009385691846920898 0.02180978267716692 0.03447702395317753 0.045688780573931845 0.05503848240817281 0.05503848240817281 0.061898349683230956 0.06630924128897166 0.06828191044206149 0.06812858684086612 0.06613536745367325 0.06268506230999932 0.05811172338314964 0.052720385252016604 0.04674138460805471 0.04033238613830516 0.03365598612858188 0.03365598612858188 0.026660627246816802 0.01955421739357958 0.012244684559438663 0.004335870750598069 0.00037910327262109735 0.000904201707950412 0.006400335125830746 0.012284612826294145 0.01892600168566741 0.025060855992533885 0.03036991951489938 0.03036991951489938 0.03475084627000504 0.03793184680902492 0.04004396334468302 0.04101889457592671 0.04105431376439944 0.04015586676690101 0.038512396380901835 0.036137651241244406 0.033156394215549424 0.02958345066337051 0.025488563883785016 0.025488563883785016 0.020953258108843215 0.015909050696081155 0.010924320818523058 0.005098588408998668 0.0007446840223271544 0.0003027003893213098 0.0010552753315429095 0.001802417567023117 0.0025973223951672036 0.003457231368025833 0.00416677441568331 0.00416677441568331 0.004820467480183672 0.005300213842550885 0.005670313523717019 0.005876433383567739 0.005963325989782315 0.0059136609174486 0.005740932796866851 0.005467168131012025 0.005059191323895068 0.004584195838580373 0.003965317276207852 0.003965317276207852 0.0033205373846201224 0.0025387136177331716 0.001785893908376393 0.0010882538259011651 0.0003666320015216531
</DataArray>
        <DataArray type="Float64" Name="Mode_11_phi1" NumberOfComponents="1" format="ascii">
 -3.0958153978403705e-6 -2.175117544845448e-6 -3.0958153940947726e-6 -2.175117539416946e-6 -3.077538576467166e-5 1.2187161527213333e-5 -1.0889607429850936e-6 7.676352709873943e-8 4.220253232790951e-6 1.0953079097543918e-6 4.922451641793567e-7 -2.2117958200968093e-6 -1.7560673326413324e-6 -1.3112060859048734e-6 1.7299140326237341e-6 5.917990319002161e-7 3.1697198472142794e-6 -3.6965703563696794e-6 2.0985219078638693e-6 -7.847838367861105e-6 7.075534254766215e-6 -7.981990328201284e-6 1.516100575582113e-5 -1.4040860529166414e-5 2.057853394570045e-5 -3.0047272795061638e-5 4.4208644293202904e-5 -5.9629618753157856e-5 -1.527666825999939e-5 1.6456284423499374e-5 -7.265454897822019e-6 5.217935857955409e-6 -5.3507139467393275e-6 1.851962675239554e-7 -4.51812143279268e-6 -1.916024287238573e-6 -3.840925590673756e-6 -2.544565487051183e-6 -3.1153339704929243e-6 -2.5964581326057143e-6 -2.4273172488697317e-6 -2.5722613944208e-6 -1.8249836371404575e-6 -2.6163387566430274e-6 -1.2597287267482933e-6 -2.532026146660375e-6 -5.546043924076033e-7 -2.473083903478636e-6 2.343016849032238e-6 -6.0608729522722415e-6 1.6148584106145188e-5 -7.201279816097973e-6 -3.0775385748153054e-5 1.21871615086326e-5 -1.0889607329853972e-6 7.676353359435966e-8 4.220253222226414e-6 1.095307929525875e-6 4.922451474374998e-7 -2.211795811786388e-6 -1.7560673464745758e-6 -1.3112060746523175e-6 1.7299140157324843e-6 5.917990445888314e-7 3.169719840248909e-6 -3.6965703642496307e-6 2.0985219388212087e-6 -7.847838385461936e-6 7.0755342633221204e-6 -7.981990326178797e-6 1.5161005746487785e-5 -1.4040860523732198e-5 2.0578533933932137e-5 -3.0047272781199554e-5 4.4208644284989455e-5 -5.962961876344784e-5 -1.52766682852056e-5 1.645628444372281e-5 -7.265454924404364e-6 5.217935885223518e-6 -5.350713987199777e-6 1.8519630946568193e-7 -4.518121473129639e-6 -1.916024261760056e-6 -3.840925596030323e-6 -2.54456549988249e-6 -3.115333944340587e-6 -2.596458158599472e-6 -2.4273172333301355e-6 -2.5722613897908284e-6 -1.824983652452466e-6 -2.616338735378179e-6 -1.2597287407342038e-6 -2.532026139351105e-6 -5.546044066905194e-7 -2.473083891423715e-6 2.3430168350382677e-6 -6.0608729321952796e-6 1.6148584088457547e-5 -7.2012798139575076e-6 -0.02071730266334908 -0.048459016930564876 -0.09762934655617238 -0.1465005121136563 -0.19528934588994185 -0.24072777142976806 -0.2826511507162892 -0.31925230611583866 -0.3509911510587489 -0.37659629225723945 -0.396327201715342 -0.40936506939382256 -0.4154551595191543 -0.41407711310695733 -0.40449925728579894 -0.38672699888151824 -0.3597792649240007 -0.3249516661855245 -0.2811945441489834 -0.23248807696566393 -0.17728534708848517 -0.12473741888131079 -0.07122465886540534 -0.034764573117221705 -0.005540191995723341 -0.0738911901725834 -0.16396333676687141 -0.26440302141064226 -0.35525766214949095 -0.44214915964632706 -0.5237912296143349 -0.5990433989162933 -0.6675344883336503 -0.7285520936884884 -0.7803236640552703 -0.821571369601698 -0.8499605508716508 -0.8628447678529184 -0.8580123766333477 -0.8320434290203729 -0.7843998634661102 -0.7119806827467345 -0.6180003433452409 -0.5025564285153303 -0.37020990890982575 -0.2345888199827363 -0.09955653974299525 -0.009533131677083022 0.0059004156608646816 0.030399825448517163 0.02347844802212532 0.007536586261881322 -0.012691255564595971 -0.03849364557823384 -0.07257205463349359 -0.1156783273508593 -0.16728015883459144 -0.22561285017816446 -0.28838377326415665 -0.35172371002903785 -0.4113285888037841 -0.4627067172124727 -0.5001649200889814 -0.5201802888090241 -0.5168818576188494 -0.49035809899813054 -0.4355728656465374 -0.35785109310887264 -0.2601726516190541 -0.14287391988462017 -0.04724572835614609 -0.01254346985246567 0.013100315457810572 0.06743345920497125 0.16754749223538654 0.26620654362363994 0.3442729007976277 0.40612654067414483 0.44444232790763344 0.4592832017609452 0.45156490155166773 0.42358776056226627 0.37955149386276416 0.3241676518246771 0.2625264811028704 0.19971333488793439 0.140077840218191 0.08776256980246146 0.04466794618445373 0.013808060036390247 -0.007219533155019175 -0.014885388289082032 -0.01896641226635073 -0.0170065409306292 -0.008542164224345224 0.0027415974536206316 0.018040021556605 0.11473168313048769 0.26894657487800044 0.43867038688143095 0.588376747434065 0.7125740089532386 0.8067460247551109 0.8692358900288217 0.9012987334827756 0.9071507278091915 0.8913349837380566 0.8593019735055184 0.8160064481513903 0.7650819986459889 0.7087967336319063 0.6480947487370243 0.5826647402755005 0.5110986239368862 0.43286104872730785 0.34528297941577635 0.2517281829644511 0.15111248285501322 0.06035328600642432 0.005113183088422046 0.014904659292737482 0.0922406022378314 0.22199100113785278 0.36407350253175713 0.4932667777596134 0.6024891656988088 0.6850058255229684 0.7410110834038928 0.7732943687108683 0.7859633156370845 0.7853149887386021 0.776493819863447 0.7633391318628612 0.7477366162239725 0.7288509912293395 0.7035797727946946 0.6677473081501318 0.6163696901794744 0.5449883331268572 0.45206570611551455 0.3387227513993479 0.205427749418532 0.0838673161468853 0.013006853683864275 0.007239166874392678 0.03280536492854177 0.06950953046688428 0.11015945519548699 0.14880693533337747 0.17342082748601 0.1857107904621053 0.18422858898408329 0.17342330347140664 0.15927942334392964 0.14734938071930367 0.1432382883109931 0.15012574874242482 0.16825513580239787 0.19518276885087177 0.22564014034712915 0.2523450759408699 0.26796832572886 0.2658191906884327 0.24016864884957045 0.19437976231863904 0.12446416732501281 0.0505933531220309 0.005925259901926636 -0.0007316087505635512 -0.027313196030336575 -0.08065479439652785 -0.143187078853296 -0.20235799150694808 -0.26529215858160465 -0.3309102473187461 -0.39616874028215004 -0.4577952363158501 -0.5103074856362748 -0.5478248460211086 -0.5659307320231549 -0.5614666932865423 -0.5337272174514267 -0.48491035766636714 -0.4194452487894514 -0.34367802631041017 -0.2650057692930266 -0.19017305924222144 -0.12531489056765763 -0.07266095719331445 -0.03501589432595557 -0.01023318117864026 0.0009170018657343502 -0.004091740660693213 -0.04848817148184665 -0.13052316259202587 -0.22719775231944847 -0.31936999217907996 -0.410976555130667 -0.4984752510187118 -0.5811849209365558 -0.6561795663720307 -0.7209240102112758 -0.7722713879353146 -0.806792887995206 -0.821868195648904 -0.8155539493754698 -0.7870569793151047 -0.7371463678845793 -0.6678084337747054 -0.5821363999507297 -0.48386943167169566 -0.37747581223640675 -0.2675580626978088 -0.15550763019355265 -0.06126413780269571 -0.008055430810461678 -0.0024278659467085713 -0.0244666089779005 -0.06365847903622789 -0.10901662130983421 -0.1536224635251394 -0.19264601902700276 -0.22830025339350649 -0.26021257570036244 -0.2909015819588555 -0.3218134031718719 -0.35420642884647857 -0.3880963919827766 -0.4217737955512844 -0.4522682145864295 -0.47550955899857494 -0.4868760129682854 -0.48209553608153854 -0.45780854497823675 -0.41212655672072607 -0.34472300296043273 -0.26063689188890726 -0.15931290019949557 -0.06394031729050048 -0.00808723115731163 0.0016083760071633581 0.017380510822036312 0.05072887387107024 0.0926912200404877 0.1367222845169262 0.18933381325134707 0.24640092612497141 0.30335280004719495 0.3536662751290953 0.38964143902972137 0.40500181157084597 0.39556548426810767 0.36044164527833616 0.30253081396114073 0.22808449817352194 0.14579616884630825 0.0656260652771306 -0.0029661316414811597 -0.05241190387542596 -0.07738777363279847 -0.0796779465827688 -0.05777730845932098 -0.026850609476219374 -0.005567437438701778 0.002975432301366668 0.040226627020660856 0.11287319302427118 0.20637223889681125 0.30967270997495505 0.42760625411883113 0.5547756954621426 0.6836845530418855 0.8037650437742735 0.9033626330196785 0.9714569424789857 0.9999999998187361 0.9851377654459825 0.9280219798279911 0.8347255857933105 0.7153209982199749 0.5821223675681981 0.4478971670029446 0.32351857183472177 0.21727799383788643 0.1316707764743344 0.06551790980073091 0.020953509107126542 0.0006691102839418972 0.0006691102753602418 0.020953509032679136 0.06551790962399959 0.1316707762083401 0.21727799354963231 0.32351857157080405 0.4478971667958471 0.5821223674876376 0.715320998214287 0.8347255858852363 0.9280219799716526 0.9851377656032227 1.0 0.9714569426506731 0.9033626331263249 0.8037650437966687 0.6836845530555173 0.5547756953831234 0.42760625407417985 0.30967270989112455 0.20637223880648428 0.11287319297481511 0.04022662701210822 0.0029754322978673233 -0.005567437469002702 -0.02685060962483066 -0.057777308841313775 -0.07967794708264554 -0.07738777421016824 -0.05241190436243484 -0.0029661320401676967 0.06562606508247415 0.14579616891703592 0.22808449845807194 0.3025308143853055 0.36044164581598304 0.39556548480220843 0.40500181199234714 0.3896414392930568 0.35366627520415145 0.30335279984501984 0.24640092579634998 0.18933381280653847 0.13672228402548436 0.09269121962924921 0.05072887357138428 0.017380510684663165 0.0016083759825984987 -0.00808723120977318 -0.06394031754360747 -0.15931290065827514 -0.26063689260818373 -0.34472300365870984 -0.4121265574473874 -0.4578085454982388 -0.48209553635113467 -0.48687601290574545 -0.4755095586091721 -0.4522682139312162 -0.4217737948164812 -0.3880963912857541 -0.35420642823175236 -0.32181340280223997 -0.29090158193945415 -0.26021257597228453 -0.2283002539402498 -0.19264601974191925 -0.15362246422272904 -0.10901662195762736 -0.06365847947658489 -0.024466609181742892 -0.002427865975709622 -0.008055430844931336 -0.06126413799412773 -0.1555076306418837 -0.2675580632593093 -0.3774758130117858 -0.48386943232197943 -0.5821364004623432 -0.6678084340436591 -0.7371463678879131 -0.7870569790438112 -0.8155539488578268 -0.8218681949373582 -0.8067928872675968 -0.7722713873994549 -0.7209240098880476 -0.6561795663323158 -0.581184921255621 -0.49847525161991457 -0.41097655587243986 -0.3193699929950816 -0.22719775297558134 -0.13052316303428846 -0.04848817167117715 -0.004091740696964685 0.0009170018404179749 -0.010233181294361267 -0.035015894519016155 -0.07266095756210975 -0.12531489092364412 -0.19017305968460926 -0.26500576964003925 -0.3436780264810519 -0.4194452487390056 -0.4849103573946925 -0.533727217016279 -0.561466692804051 -0.5659307315469927 -0.5478248456023905 -0.5103074854398921 -0.4577952363380957 -0.39616874050217155 -0.3309102477513734 -0.26529215918335974 -0.2023579920593453 -0.14318707936645608 -0.08065479475275718 -0.02731319618154249 -0.0007316087795899609 0.005925259892460633 0.05059335309092262 0.12446416724200099 0.19437976223775988 0.24016864868872378 0.26581919059291553 0.2679683256557454 0.2523450758897466 0.22564014036950983 0.1951827689427167 0.16825513598414724 0.15012574899922382 0.14323828856086743 0.1473493808898549 0.15927942345135732 0.17342330346160206 0.1842285888542665 0.18571079027144563 0.17342082727804353 0.14880693507005846 0.11015945499191333 0.06950953034403465 0.03280536483114325 0.0072391668546356175 0.013006853692856729 0.08386731618256765 0.20542774952180143 0.33872275151517156 0.4520657062669387 0.5449883332257575 0.6163696902374394 0.6677473082018315 0.7035797727888223 0.7288509912093567 0.7477366161683159 0.7633391317791901 0.7764938197862583 0.7853149886956208 0.7859633156134863 0.7732943687326281 0.741011083467022 0.6850058255983641 0.6024891657863578 0.49326677786168677 0.36407350263056115 0.2219910011922272 0.09224060229651412 0.014904659296359342 0.0051131831035742615 0.06035328610074412 0.15111248302819522 0.25172818321667845 0.3452829797064426 0.43286104901061945 0.5110986241507831 0.5826647403559329 0.6480947487336918 0.7087967334891996 0.7650819984134766 0.8160064478690554 0.8593019732506441 0.8913349835479267 0.9071507277213932 0.9012987335259262 0.8692358901973761 0.8067460250342823 0.7125740092552657 0.5883767477529874 0.43867038715586043 0.26894657508960457 0.11473168319724775 0.018040021563498786 0.00274159747302617 -0.008542164178179988 -0.01700654074990111 -0.018966411960108003 -0.014885387943325513 -0.007219532819823157 0.013808060284268208 0.044667946329820914 0.08776256978097814 0.1400778400736512 0.19971333462738433 0.2625264807883105 0.32416765150979043 0.3795514936106401 0.42358776045265084 0.45156490159063467 0.4592832019519847 0.4444423282144074 0.406126541087328 0.34427290117611453 0.26620654392757753 0.16754749239016223 0.06743345930143027 0.013100315471531293 -0.01254346983883436 -0.04724572825987009 -0.14287391968855712 -0.26017265136969303 -0.35785109282151695 -0.43557286537073947 -0.49035809876521574 -0.5168818574898066 -0.5201802887892091 -0.5001649202030555 -0.46270671741975444 -0.41132858906808617 -0.35172371030210553 -0.28838377346321337 -0.22561285028655964 -0.16728015880481 -0.11567832720634635 -0.07257205436721773 -0.03849364526824232 -0.012691255215863003 0.007536586543231041 0.02347844823678308 0.030399825522983454 0.00590041567118575 -0.009533131656279356 -0.09955653966956145 -0.23458881989734884 -0.3702099088009442 -0.5025564283826548 -0.6180003432009559 -0.7119806826360303 -0.7843998633878922 -0.8320434290122227 -0.8580123766791967 -0.8628447679501383 -0.84996055099836 -0.8215713697335782 -0.7803236641790312 -0.7285520937668164 -0.6675344883604928 -0.5990433988757471 -0.5237912295263496 -0.4421491595124483 -0.3552576620210535 -0.264403021286402 -0.16396333670128369 -0.07389119013288149 -0.005540191995582661 -0.03476457310106622 -0.0712246588561289 -0.12473741886918487 -0.1772853470741215 -0.2324880769315628 -0.2811945441300476 -0.32495166615361243 -0.35977926491463885 -0.38672699887601547 -0.4044992572877577 -0.41407711312794265 -0.4154551595353015 -0.4093650694271884 -0.3963272017486457 -0.3765962922815542 -0.3509911510857862 -0.3192523061237691 -0.2826511507137474 -0.2407277714182447 -0.1952893458836897 -0.14650051210598813 -0.09762934655384299 -0.04845901691525156 -0.0207173026545097
</DataArray>
        <DataArray type="Float64" Name="Mode_11_phi2" NumberOfComponents="1" format="ascii">
 -1.412817555808228e-6 2.494321787270309e-6 -1.412817547631689e-6 2.4943217789767607e-6 -1.9681152046012042e-5 1.5534521514707156e-5 -2.452096899960563e-5 8.296354347597642e-6 -1.1156503677033252e-5 1.0903568505089955e-5 1.8942519967758821e-6 8.333077140406979e-6 -1.565833760310921e-6 -1.4041916500196309e-6 -4.077942126478499e-6 6.57344852954247e-7 2.8688415231363832e-6 4.773232023060241e-6 9.159943531116984e-7 -1.8865921562275291e-6 -7.245471598950745e-6 -3.3086206577350576e-6 -3.48866465218384e-6 8.472976733068177e-6 7.41596947333465e-7 1.4405198094236995e-5 -1.3140778878650508e-5 2.1320417964496376e-5 4.8529160199497645e-5 -3.5798262330764016e-5 2.397495019902853e-5 -1.5622721242301455e-5 1.2698387632914766e-5 -9.10433661670566e-6 7.484436731550074e-6 -5.547519822497889e-6 4.2950538195742435e-6 -3.3003215550753253e-6 2.336892273161906e-6 -1.9242915351381924e-6 1.4540942116538781e-6 -1.6263565223569916e-6 1.8682715113801391e-6 -2.7022623546510655e-6 3.586743224922632e-6 -5.143666531131839e-6 6.586210550158405e-6 -9.093570656722483e-6 1.0562754776854075e-5 -1.4101199975823403e-5 1.592106742126839e-5 -2.334618278430974e-5 -1.9681152051952992e-5 1.5534521511949315e-5 -2.452096900259374e-5 8.296354347137815e-6 -1.1156503666619228e-5 1.0903568501070711e-5 1.8942520368335131e-6 8.333077107571494e-6 -1.5658337154456593e-6 -1.4041916909728137e-6 -4.0779421079361085e-6 6.57344815950296e-7 2.868841529993073e-6 4.773231995924818e-6 9.159943596616886e-7 -1.8865921536189184e-6 -7.245471594980627e-6 -3.3086206279235615e-6 -3.4886646695005514e-6 8.47297676931338e-6 7.415969032316196e-7 1.4405198145036066e-5 -1.3140778920527165e-5 2.1320417986077586e-5 4.852916023204179e-5 -3.5798262344212535e-5 2.3974950189099882e-5 -1.5622721216655e-5 1.2698387600716277e-5 -9.10433658931666e-6 7.484436721304865e-6 -5.54751982374295e-6 4.295053820667521e-6 -3.30032155837592e-6 2.336892274122341e-6 -1.9242915293184823e-6 1.4540942025038916e-6 -1.6263565031886157e-6 1.8682714716351645e-6 -2.7022623021266943e-6 3.5867431691999943e-6 -5.1436664656675545e-6 6.586210477722864e-6 -9.093570584141935e-6 1.0562754715816597e-5 -1.4101199935407868e-5 1.5921067396579073e-5 -2.334618277357715e-5 -0.020312183466391118 -0.019888136092565494 -0.026954060151290895 -0.023280764467271238 -0.02570238564259646 -0.021310345211713596 -0.020855854659884408 -0.016793808773451723 -0.014847604873606292 -0.011054318707773101 -0.008244094379886801 -0.004326649070057772 -0.0010750131029345234 0.0035564433528783037 0.006878754775738318 0.012469405246068913 0.015247307580234144 0.021474587915296366 0.022365934043846483 0.02845196583092955 0.0253333707757706 0.030206450334863657 0.020265282960306375 0.03331393082842041 -0.025727896291752993 -0.0934407665209649 -0.10934530025387207 -0.09265841277367916 -0.09577076543215833 -0.08606183537951478 -0.07957199424273496 -0.07076393621276184 -0.06161456964038264 -0.05154787652656185 -0.040073008532041765 -0.027718861466070492 -0.013314915592533753 0.003042896061535822 0.02076552576781328 0.041254706746365284 0.06102292593797805 0.08281268484566683 0.10064618954676326 0.11558734892136906 0.12994703053783685 0.11800389516757406 0.12065444435541924 0.05478588402494561 -0.0341080242942836 -0.12305714064370298 -0.1704346365648647 -0.1484681404264455 -0.15010968274496506 -0.14391513084549637 -0.13756916321966378 -0.13080091331763552 -0.12163554270132683 -0.11056753881158232 -0.09532345877013639 -0.07672224948411936 -0.052012501145304015 -0.022446085887955203 0.013687154464993707 0.053971482997302575 0.09877953087354402 0.1433388489264508 0.18734808036684503 0.2215460560587102 0.250711645793576 0.24901395855099978 0.22185732484576617 0.0797640054746007 -0.01198333986097571 -0.0780348285105269 -0.12001569244250054 -0.11672943003748201 -0.12412558636266265 -0.13381857614473816 -0.14359081026924714 -0.15296201112424715 -0.15880440069194393 -0.15949527516388556 -0.15304573551068115 -0.13752092752274817 -0.1123252160552579 -0.07608521179114779 -0.029840149132485914 0.02552003139492415 0.08712039176012543 0.15106880137613102 0.21309723680600395 0.2660795273415888 0.30069511487486417 0.3178257493996638 0.2582622789558917 0.08563845438367487 0.015025849325848932 0.035841815185630004 0.02411881170691833 0.005966764304682078 -0.018364935572236434 -0.053344297474970555 -0.09126331405562703 -0.12772455305305558 -0.15918834813724492 -0.1809833731692552 -0.19091512394233498 -0.1867249095992116 -0.16765575760795592 -0.13407150581471605 -0.08726086150172647 -0.02978493418986871 0.03442526924388528 0.10127713825199582 0.1640042905493709 0.2196767769430419 0.2496707957201848 0.26954578438361676 0.22490590743685954 0.07778766757020283 0.05148366838415727 0.15947981827669683 0.187779597919219 0.15356619414419242 0.11230525755802555 0.049312798856116 -0.017398941826923565 -0.08320426555343462 -0.1395640287267932 -0.18206423134782632 -0.20655264167168721 -0.2120183168500594 -0.19887488525563016 -0.169331879148279 -0.12687952753694792 -0.07576168378948168 -0.020476346734063646 0.03374929690458305 0.08224140501431243 0.12121919352340826 0.1419560280682203 0.14441149508938111 0.13323558155143897 0.05636601643915553 0.07359742121508334 0.2361936157955612 0.27838798001684845 0.2455867278670508 0.1879361593980169 0.10738824360095628 0.018915588448419257 -0.06517386888049959 -0.13646053574882713 -0.1871613978048256 -0.2144314368656402 -0.2177091595195117 -0.19996308800202056 -0.16614504004785133 -0.12240989119253667 -0.07519482340741668 -0.030314302130494783 0.007736509631735755 0.034795688035470666 0.05011474495845248 0.05359321590380291 0.031277001070638744 0.04763613910649713 0.03843423774649273 0.08190165341274246 0.23280227858810432 0.26276730655779645 0.2405683595849743 0.17203636242820622 0.08501265616336609 -0.011837314467208645 -0.10143800688807529 -0.17259759402359923 -0.21786031392241842 -0.23347936562239419 -0.22107255062582679 -0.18561887136232536 -0.13497416667966736 -0.07819675716250848 -0.02391346785843229 0.020568321716759364 0.050776126389429375 0.0641837818841724 0.05957735726828513 0.05082673605905362 0.0020450178015751995 0.025591022878363116 0.032301420529459966 0.07514506566141009 0.17830513357917005 0.17805002156556207 0.16699727146560026 0.09469079591640137 0.007861873516357835 -0.0874129313115034 -0.17340236859736172 -0.23711451405060258 -0.27021135689705383 -0.2696392092384719 -0.2372061371188653 -0.17969970595529694 -0.10665120917238545 -0.02914647085498539 0.042344497151882196 0.09929415780901578 0.136241693205086 0.1516709314208525 0.14332824196506808 0.12875383940782284 0.07422527592773702 0.07272672801685186 0.04199285976033103 0.06733720262841539 0.1270402726452687 0.10579084244753001 0.0973464076422243 0.02780471691944583 -0.05563030694477501 -0.14685902689974895 -0.22836187878360392 -0.2875312443043187 -0.315278411600568 -0.3078587229155777 -0.2668411058629124 -0.19825357071932886 -0.11176051030678501 -0.01847042277216089 0.07038762171742037 0.14549732907563098 0.20022976040681725 0.2317235506488316 0.23742739181421454 0.22870395236149788 0.18659236751733388 0.15266569412417175 0.058594578240423044 0.06501543093009163 0.12266382696738963 0.1059204210387793 0.09257711572865605 0.03250831163060099 -0.04689719960475684 -0.13410031236169098 -0.2162055524002314 -0.2802752842647241 -0.31756450472646797 -0.3227124243451564 -0.29517680828490345 -0.2385126874979419 -0.15973712753417424 -0.06811601212295514 0.026370446396336268 0.11410791664836686 0.18742394305821003 0.24099605133656196 0.2708901339742675 0.2773536288802566 0.260558719167056 0.208004284974834 0.07212119486358404 0.07034509277114895 0.16344326756318578 0.1743726638545423 0.15868647833579305 0.11365927974839608 0.04268707157052768 -0.039714342199362075 -0.12480073571099197 -0.2016342086748155 -0.260991621689044 -0.29610456281979536 -0.3029226619215397 -0.28088317157828874 -0.2325169007998286 -0.16323997865240503 -0.08043899919885326 0.007363621633005343 0.09124167992934981 0.16331117512464835 0.21743173880488992 0.24346090113358101 0.24926622753351116 0.2074864050948555 0.07520665357677575 0.07520665374003856 0.20748640558162168 0.24926622803102183 0.24346090144612065 0.21743173880371425 0.16331117493737973 0.09124167947768935 0.007363620958396388 -0.08043899991338799 -0.16323997929583506 -0.23251690122804575 -0.2808831717206884 -0.30292266175686927 -0.2961045624104846 -0.2609916210370966 -0.2016342079502698 -0.1248007349959995 -0.03971434174031045 0.04268707182738534 0.11365927967392384 0.1586864780532873 0.17437266329527185 0.16344326705044265 0.07034509259446756 0.07212119499025034 0.20800428531457155 0.26055871949277865 0.2773536291309552 0.27089013398411854 0.24099605120841647 0.18742394272751403 0.11410791616397335 0.02637044584575894 -0.06811601262951487 -0.15973712790350908 -0.23851268758427402 -0.2951768081481448 -0.3227124240195018 -0.3175645042337175 -0.28027528364843474 -0.21620555185843313 -0.1341003119461028 -0.046897199397133535 0.03250831154345452 0.09257711550510424 0.10592042059682058 0.12266382653226372 0.06501543079187912 0.05859457828947777 0.15266569422029702 0.18659236764100937 0.22870395244299252 0.23742739189290593 0.2317235505644868 0.20022976028198997 0.14549732885639868 0.07038762148605163 -0.018470423048560506 -0.11176051050467975 -0.1982535707705652 -0.26684110581108017 -0.3078587227262668 -0.3152784113337781 -0.2875312440247524 -0.22836187847559128 -0.1468590266514264 -0.055630306847083213 0.02780471690351587 0.0973464075021097 0.10579084222035949 0.12704027241145732 0.06733720253906114 0.041992859729959926 0.07272672788664898 0.0742252757803254 0.12875383940876067 0.1433282419481286 0.15167093150364352 0.1362416932863355 0.09929415787853338 0.04234449722244048 -0.029146470837603352 -0.10665120915454655 -0.1796997059603682 -0.23720613710831873 -0.2696392092747808 -0.2702113569023844 -0.23711451409520135 -0.17340236862466954 -0.08741293128969305 0.00786187352926306 0.09469079593100298 0.16699727148418197 0.17805002160911917 0.1783051335696839 0.07514506565927749 0.032301420430509924 0.025591022557834946 0.0020450175494995206 0.05082673585015116 0.059577357265199214 0.06418378200508208 0.05077612664525158 0.020568322031585283 -0.023913467537285127 -0.07819675689354913 -0.1349741664975214 -0.18561887128178084 -0.2210725507169951 -0.23347936579709153 -0.21786031420064514 -0.17259759432801733 -0.10143800719075198 -0.011837314665127757 0.08501265608288466 0.17203636250840765 0.24056835974796018 0.26276730682430843 0.23280227880477378 0.0819016534587275 0.03843423760403603 0.047636138739595116 0.03127700069347146 0.05359321567731802 0.05011474488447895 0.03479568820461208 0.007736509971212712 -0.030314301694480062 -0.07519482293366384 -0.12240989078153656 -0.16614503976265285 -0.19996308790768555 -0.21770915961985235 -0.21443143718811586 -0.18716139822250835 -0.13646053623899737 -0.06517386932475214 0.01891558811742582 0.1073882434793256 0.1879361595116954 0.24558672809057178 0.27838798045509633 0.2361936161086832 0.07359742131920391 0.056366016298909465 0.1332355811767816 0.14441149475656656 0.1419560278092179 0.12121919345175348 0.08224140518694707 0.033749297221882656 -0.020476346267302364 -0.0757616833052151 -0.12687952708752553 -0.16933187883619272 -0.19887488513830304 -0.21201831698460202 -0.20655264198764123 -0.18206423181220624 -0.13956402924632197 -0.08320426604065402 -0.01739894216375332 0.04931279872672059 0.11230525764177637 0.15356619445972625 0.18777959830195573 0.15947981864405253 0.051483668494528956 0.07778766743744289 0.22490590716501987 0.26954578408213353 0.2496707955158345 0.21967677688580148 0.1640042906483817 0.10127713853633427 0.03442526960764444 -0.02978493376146855 -0.08726086113887893 -0.13407150555302277 -0.1676557575173223 -0.18672490967237407 -0.1909151242284333 -0.18098337353985944 -0.15918834857871483 -0.1277245534492457 -0.09126331435776694 -0.05334429759904927 -0.018364935467807837 0.005966764549725242 0.02411881206305562 0.035841815451504874 0.015025849421512808 0.0856384542892596 0.25826227874503604 0.31782574925194557 0.3006951147350573 0.2660795272968838 0.21309723687422694 0.15106880152098393 0.08712039203528227 0.0255200316599706 -0.029840148873867753 -0.07608521162763793 -0.11232521596217346 -0.13752092757990536 -0.1530457356776991 -0.15949527541438105 -0.15880440097323614 -0.15296201139977988 -0.1435908104747731 -0.13381857623586493 -0.12412558630848441 -0.11672942985523788 -0.12001569224660615 -0.07803482830806849 -0.011983339795635524 0.07976400538838746 0.22185732476012301 0.24901395850797678 0.25071164571386967 0.22154605602599978 0.18734808039519862 0.143338848990545 0.09877953100530674 0.053971483144612774 0.013687154582475951 -0.02244608579639011 -0.05201250110185577 -0.07672224949539902 -0.09532345884803965 -0.11056753891220075 -0.12163554284912481 -0.13080091345823686 -0.13756916332062352 -0.14391513089257335 -0.15010968273252526 -0.14846814035763561 -0.17043463644568144 -0.1230571405653079 -0.03410802425940871 0.05478588398963678 0.12065444434365113 0.1180038951596142 0.1299470305080158 0.11558734891129704 0.10064618955355757 0.08281268485968224 0.06102292598190191 0.0412547067890442 0.020765525803144166 0.0030428960894274366 -0.0133149155704386 -0.027718861464783907 -0.040073008553147084 -0.05154787654819393 -0.06161456968811523 -0.07076393625709053 -0.07957199428712854 -0.08606183538035116 -0.09577076543575502 -0.0926584127477049 -0.10934530024291055 -0.09344076649970046 -0.025727896277878266 0.03331393080985944 0.02026528295501308 0.03020645033324623 0.025333370766110325 0.028451965834679512 0.022365934034209077 0.02147458791685937 0.015247307589060791 0.01246940525519786 0.0068787547842750225 0.003556443356098311 -0.0010750131022665825 -0.004326649066605589 -0.008244094377344758 -0.01105431869856734 -0.014847604889007847 -0.016793808772676444 -0.020855854677437304 -0.02131034520132793 -0.025702385657035868 -0.02328076445113973 -0.026954060151029316 -0.019888136082816067 -0.02031218346381471
</DataArray>
        <DataArray type="Float64" Name="Mode_12_w" NumberOfComponents="1" format="ascii">
 -3.199845311281981e-7 -4.401401854823665e-7 3.1998453108858785e-7 4.401401852525388e-7 3.240432266753919e-7 -1.2460856760583821e-6 -7.708295494328952e-7 -9.042681943897346e-7 -1.7543431750989045e-7 4.335320119724488e-7 4.335320119724488e-7 1.579813684999553e-6 2.814790316638244e-6 3.224684773887259e-6 2.4311775192878925e-6 6.00302721571875e-7 -1.4578292719359481e-6 -2.6990933339711076e-6 -2.8164016241261052e-6 -1.964913706258374e-6 -6.462708134610826e-7 1.3720391124433707e-7 1.3720391124433707e-7 9.633159075420534e-7 7.550117316318991e-7 1.2731245581549468e-6 2.3717626244485763e-7 2.507149768770531e-7 1.1294187929957483e-7 -2.1012400425130946e-7 4.701253643869881e-7 -1.4833424434961385e-7 2.6868365781542006e-7 3.436448405697744e-8 3.436448405697744e-8 2.695249912646736e-7 1.7451938404700736e-7 2.7660338201637734e-8 -1.6013890740821242e-7 -3.0034704003004486e-7 -2.7799810291467004e-7 -1.7197420730355134e-7 1.3298431776087618e-7 3.0153671995729207e-7 4.921567901917649e-7 3.629825290945905e-7 3.629825290945905e-7 3.0088352074654354e-7 3.944330280916104e-7 8.7943768213836e-9 5.540802983965555e-7 -5.333725262787572e-7 -3.240432274105527e-7 1.246085675879809e-6 7.708295501710325e-7 9.042681947401266e-7 1.7543431858424865e-7 -4.335320109869683e-7 -4.335320109869683e-7 -1.579813682832667e-6 -2.814790319376617e-6 -3.2246847714396014e-6 -2.431177521314066e-6 -6.003027218410185e-7 1.4578292706251469e-6 2.6990933337753134e-6 2.816401623791888e-6 1.9649137068517094e-6 6.462708141687026e-7 -1.372039105616901e-7 -1.372039105616901e-7 -9.633159070607898e-7 -7.550117307571703e-7 -1.273124558843416e-6 -2.3717626314528177e-7 -2.507149768410408e-7 -1.129418788649416e-7 2.1012400434420216e-7 -4.7012536426138664e-7 1.4833424301195877e-7 -2.686836571141455e-7 -3.436448436522425e-8 -3.436448436522425e-8 -2.695249916859617e-7 -1.7451938251885677e-7 -2.766033911538804e-8 1.601389085365318e-7 3.0034703900508497e-7 2.779981050391656e-7 1.7197420570632e-7 -1.329843164206044e-7 -3.0153671962497166e-7 -4.921567907328976e-7 -3.6298252907470365e-7 -3.6298252907470365e-7 -3.008835216288935e-7 -3.9443302797438243e-7 -8.794377359376335e-9 -5.540802980087612e-7 5.333725258404605e-7 -0.0001779786502548327 -0.00045026229784038245 -0.0006116755572815471 -0.0006918679750690215 -0.0006173102243131757 -0.00033508419497097207 -0.00033508419497097207 6.066397394592321e-5 0.0005412661008226831 0.0009757442725567135 0.001305006882483885 0.0014460796157303292 0.0013802326103842487 0.0011255921815321712 0.000726930206022316 0.0002800532569505923 -0.00015005925715066745 -0.00045678471642183116 -0.00045678471642183116 -0.000629882237255781 -0.0006068105287728673 -0.0004983606897712737 -0.00032690943332490787 -0.00010591097750746205 -0.00043495694463236155 -0.00255066287063724 -0.00500272250760014 -0.006079879113458652 -0.0056945169067805605 -0.003583053765115225 -0.003583053765115225 -0.00018683063354941188 0.0038431872938935814 0.007704285742322024 0.010590685146813246 0.01193026057065988 0.011408880044581427 0.00917447802659422 0.005658276942925095 0.0016146393397750921 -0.0021981272618404385 -0.004995062209558496 -0.004995062209558496 -0.006343994377888399 -0.006053444001415261 -0.004367100327227257 -0.0023552648765345803 -0.00033312523305612397 -0.00037325443241189703 -0.003705076081086635 -0.009736025011140686 -0.012712527834807395 -0.012435959815081136 -0.00850269651125114 -0.00850269651125114 -0.0016443769561712465 0.006714516962101598 0.014883591385216575 0.021143909800487824 0.024143481117732964 0.023182310548391594 0.018395319175826198 0.010756654103286955 0.0017993686477542237 -0.0066419957166919865 -0.012889205397234812 -0.012889205397234812 -0.01566579516249901 -0.014645128290971627 -0.010186134435063795 -0.004254086658461668 -0.0004723013478264472 -4.256905290908883e-5 -0.0022684740259570385 -0.008236698686021896 -0.011344517225689191 -0.011187444398219427 -0.00744319391439923 -0.00744319391439923 -0.0007491352974705697 0.007554485343061013 0.015765155590105797 0.02213788775753423 0.025212607046930173 0.024144495299436804 0.01895058949639699 0.010551338513887142 0.0005716339001259645 -0.008993721829068215 -0.01617309771823223 -0.01617309771823223 -0.019449856373214485 -0.018196264719534814 -0.012928846490068325 -0.005046534809494045 -0.0004464919563223578 0.0007110741692360437 0.0028680295804705508 0.0020222752486830585 0.0022382934538557227 0.0028926819055986193 0.003992680826324521 0.003992680826324521 0.005440056841219751 0.0070409985220512275 0.008555392239961733 0.009613162910501667 0.009809327773930085 0.008775860086917574 0.006334886600325941 0.002627693112333499 -0.001849989487957676 -0.006316440770724113 -0.009855590954725805 -0.009855590954725805 -0.011571460122853986 -0.010905469465369634 -0.007875991667621967 -0.0025679218991322334 -0.00013316663737678443 0.0017602797007151678 0.011052829668493703 0.02013957523072582 0.026900096983192973 0.029143460063565364 0.025914806443069222 0.025914806443069222 0.018047146341749712 0.007354996692646069 -0.003749275115355967 -0.012921796566916518 -0.01842882516848062 -0.019490706336530696 -0.01643052258344615 -0.010475056385994753 -0.003348090846914244 0.0031839246540911205 0.0076774331797469664 0.0076774331797469664 0.009420535020686654 0.008558603872930328 0.005835960466319951 0.003548719072632796 0.0005951804016708194 0.0017602797007151678 0.011052829668493703 0.02013957523072582 0.026900096983192973 0.029143460063565364 0.025914806443069222 0.025914806443069222 0.018047146341749712 0.007354996692646069 -0.003749275115355967 -0.012921796566916518 -0.01842882516848062 -0.019490706336530696 -0.01643052258344615 -0.010475056385994753 -0.003348090846914244 0.0031839246540911205 0.0076774331797469664 0.0076774331797469664 0.009420535020686654 0.008558603872930328 0.005835960466319951 0.003548719072632796 0.0005951804016708194 0.002740331113686328 0.01964308765638014 0.04031584713071298 0.05510526325966836 0.05978396561195821 0.05242685014839635 0.05242685014839635 0.03457540701992408 0.010264683572635765 -0.01514653940743593 -0.03620198997247275 -0.04856066895161414 -0.04993965224011055 -0.0406341328099577 -0.02332377504079724 -0.0022911545242868974 0.01760800009161622 0.03199179285893379 0.03199179285893379 0.037982810667646805 0.03500308878701943 0.02470655852854196 0.011680861412679067 0.001514118901527195 0.0032707816382375127 0.025060401722208418 0.05415300449494154 0.0752193243926931 0.08238830224807749 0.07291684794921292 0.07291684794921292 0.04868426623624665 0.0150733087516308 -0.02050818457224415 -0.05035397368625051 -0.0681159130369329 -0.07018579985377446 -0.056605046461818506 -0.030957310471686383 0.0006432352421228538 0.030968303763310376 0.05324594655322525 0.05324594655322525 0.06272337094284307 0.057997768916801855 0.04133613580146502 0.018806040678487942 0.0023263214730588205 0.0030320832989054972 0.02443353197904446 0.054512138582752064 0.07696279503888838 0.0854109511944551 0.07688555183519931 0.07688555183519931 0.05291144234206969 0.018763846079859137 -0.018078305445388677 -0.04958378862625723 -0.06891772167959187 -0.07193209157357339 -0.05823538021622864 -0.03127540550896845 0.0026170533518540366 0.03568073155931103 0.06041607761972852 0.06041607761972852 0.07128779926382654 0.06631477646102361 0.04776853993566028 0.021507099392255397 0.0026308829739308055 0.0020210186188231415 0.017083980557132797 0.03928126419470161 0.05679255138542677 0.06437885462619088 0.059595986897890064 0.059595986897890064 0.043052493431595555 0.018259053222072438 -0.009422394111869015 -0.03398065825043279 -0.0500113064709941 -0.05392512542323008 -0.044893910712261335 -0.025101087173483416 0.000838462705819799 0.026926165726636107 0.04712245578737478 0.04712245578737478 0.056698750182127146 0.05357906892298708 0.039297255766463965 0.01782103082149667 0.002212772078266658 0.0004932454992037945 0.0049536815533193015 0.012512188894917214 0.01990692001291643 0.02450850526825373 0.025046451812233625 0.025046451812233625 0.02097951534818378 0.012925162204003244 0.002454763869869266 -0.00825244862138595 -0.016844810928028905 -0.02131603100180491 -0.020555752918885617 -0.014718761482953755 -0.005191069172766465 0.00571339676349911 0.015301599785289008 0.015301599785289008 0.021121009783180794 0.021622323587005297 0.01700498739214116 0.008080406635991084 0.0010701770331718364 -0.0010701770340060125 -0.008080406644288092 -0.01700498740825641 -0.021622323611024938 -0.021121009808404628 -0.01530159980712192 -0.01530159980712192 -0.005713396780305116 0.005191069164223335 0.014718761487521699 0.020555752933938753 0.021316031017271128 0.016844810943506802 0.008252448634769153 -0.0024547638615078572 -0.012925162207002636 -0.020979515364849235 -0.025046451835871914 -0.025046451835871914 -0.024508505293605484 -0.019906920036129986 -0.012512188912213233 -0.004953681561280226 -0.0004932455002487875 -0.0022127720788905165 -0.0178210308271271 -0.03929725577984741 -0.05357906893911543 -0.05669875020068642 -0.04712245580610144 -0.04712245580610144 -0.02692616574089388 -0.0008384627135820125 0.02510108716893381 0.04489391071512365 0.053925125430255294 0.05001130647863817 0.03398065826041348 0.009422394116713983 -0.018259053221328935 -0.043052493439418464 -0.05959598691180342 -0.05959598691180342 -0.06437885464345232 -0.056792551401381244 -0.03928126420634011 -0.01708398056293206 -0.002021018619892409 -0.0026308829745834506 -0.02150709939677649 -0.04776853994067081 -0.0663147764705428 -0.07128779927218383 -0.060416077630686155 -0.060416077630686155 -0.035680731571447875 -0.0026170533622282615 0.0312754055004832 0.058235380207693276 0.07193209157080568 0.06891772167750096 0.04958378862740811 0.0180783054483927 -0.018763846080599667 -0.05291144234094723 -0.07688555183816882 -0.07688555183816882 -0.08541095119834473 -0.07696279504167605 -0.054512138586797224 -0.024433531983036515 -0.003032083299310069 -0.002326321473099167 -0.01880604067985964 -0.041336135802366274 -0.05799776891476478 -0.06272337094512652 -0.053245946555682225 -0.053245946555682225 -0.030968303770673094 -0.0006432352537952023 0.0309573104570782 0.05660504644500503 0.07018579983768393 0.06811591302676695 0.05035397367851774 0.02050818457050581 -0.015073308747246324 -0.04868426622883864 -0.07291684793798422 -0.07291684793798422 -0.08238830223934733 -0.07521932438630159 -0.05415300449101548 -0.025060401721251978 -0.003270781638651668 -0.0015141189011646334 -0.011680861409768751 -0.024706558523782243 -0.03500308877939928 -0.037982810659500404 -0.03199179285790577 -0.03199179285790577 -0.017608000093757924 0.002291154515136628 0.023323775023048842 0.04063413278841488 0.049939652217534054 0.04856066893133836 0.036201989960909065 0.015146539402882372 -0.010264683567010524 -0.03457540700563591 -0.052426850131092766 -0.052426850131092766 -0.05978396559275469 -0.05510526324318098 -0.04031584712217075 -0.019643087652540612 -0.002740331113308987 -0.0005951804012539189 -0.0035487190688225996 -0.0058359604568102835 -0.008558603861175764 -0.009420535009900905 -0.007677433172233322 -0.007677433172233322 -0.0031839246544445683 0.0033480908394490374 0.010475056370152565 0.01643052256172467 0.019490706313383947 0.018428825147909045 0.012921796551944458 0.0037492751114217788 -0.0073549966870413005 -0.018047146326482626 -0.02591480642139289 -0.02591480642139289 -0.02914346004167189 -0.026900096962693926 -0.020139575216586606 -0.011052829663746828 -0.0017602797000415037 -0.0005951804012539189 -0.0035487190688225996 -0.0058359604568102835 -0.008558603861175764 -0.009420535009900905 -0.007677433172233322 -0.007677433172233322 -0.0031839246544445683 0.0033480908394490374 0.010475056370152565 0.01643052256172467 0.019490706313383947 0.018428825147909045 0.012921796551944458 0.0037492751114217788 -0.0073549966870413005 -0.018047146326482626 -0.02591480642139289 -0.02591480642139289 -0.02914346004167189 -0.026900096962693926 -0.020139575216586606 -0.011052829663746828 -0.0017602797000415037 0.00013316663788247177 0.0025679219030955384 0.007875991676718245 0.01090546947711429 0.011571460133418272 0.00985559096198187 0.00985559096198187 0.006316440773333339 0.0018499894822212668 -0.002627693124584593 -0.0063348866179987195 -0.008775860107182036 -0.009809327792154963 -0.009613162923597271 -0.00855539224548452 -0.007040998516745964 -0.005440056828071423 -0.003992680807286417 -0.003992680807286417 -0.0028926818845463314 -0.0022382934357847296 -0.0020222752346194333 -0.002868029574427047 -0.0007110741685395167 0.00044649195668157275 0.005046534812210125 0.012928846495632746 0.01819626472687962 0.01944985638109009 0.016173097723451046 0.016173097723451046 0.008993721830391791 -0.0005716339027917258 -0.010551338522437701 -0.01895058950836818 -0.02414449531374901 -0.025212607060245314 -0.02213788776709897 -0.015765155593948615 -0.007554485341283212 0.0007491353054839924 0.007443193926590566 0.007443193926590566 0.01118744441241217 0.01134451723933537 0.008236698695663647 0.002268474031259103 4.2569053630348425e-5 0.0004723013476744847 0.004254086658681893 0.010186134437481864 0.014645128293612584 0.01566579516529204 0.012889205399241186 0.012889205399241186 0.006641995717054708 -0.0017993686496217368 -0.010756654107175738 -0.01839531918206106 -0.023182310555745447 -0.02414348112451491 -0.021143909806110407 -0.014883591387998928 -0.00671451696113495 0.0016443769592032573 0.008502696517593472 0.008502696517593472 0.012435959822323601 0.01271252784149172 0.009736025016753407 0.003705076083596133 0.0003732544328467003 0.00033312523320462237 0.002355264876787367 0.004367100326912991 0.006053444001769287 0.006343994377541465 0.004995062209633173 0.004995062209633173 0.0021981272610025445 -0.0016146393405856933 -0.005658276944505179 -0.009174478028346778 -0.011408880046199887 -0.011930260572190514 -0.010590685147896416 -0.00770428574295724 -0.003843187293829428 0.0001868306350429111 0.00358305376679745 0.00358305376679745 0.005694516909213963 0.006079879115330171 0.005002722509143284 0.002550662871973444 0.0004349569449285705 0.00010591097756508981 0.00032690943349402703 0.0004983606896909945 0.0006068105285158344 0.0006298822372104891 0.00045678471619541787 0.00045678471619541787 0.00015005925698305029 -0.00028005325711993753 -0.0007269302060959782 -0.0011255921817129703 -0.0013802326103647742 -0.0014460796157508928 -0.0013050068824230778 -0.0009757442726386684 -0.0005412661005847941 -6.0663973875831336e-5 0.0003350841952526626 0.0003350841952526626 0.00061731022433592 0.0006918679754656331 0.0006116755573013042 0.0004502622980376845 0.0001779786502861255
</DataArray>
        <DataArray type="Float64" Name="Mode_12_phi1" NumberOfComponents="1" format="ascii">
 -1.1174568908605154e-6 -8.661217581870167e-7 -1.1174568908260854e-6 -8.661217556812041e-7 -1.407245231512475e-5 6.653813101194166e-6 -5.423365975799447e-6 1.4407605193042948e-6 -6.43600708534787e-7 4.26445582296493e-6 2.7322907940961073e-6 4.0566004632498094e-6 9.078378566213613e-7 -8.721482960786111e-7 -3.4047603767993956e-6 -4.786599822355341e-6 -3.773082423498981e-6 -3.279283182545406e-6 1.2152130718739573e-6 7.54277508876726e-7 5.8959266948590526e-6 3.9970303828227073e-7 5.806583222933194e-6 -4.833620391829765e-6 5.1315086561778676e-6 -1.0859018511998636e-5 1.3628692235635725e-5 -1.920909925743157e-5 -5.867436885632502e-6 4.941800099447583e-6 -4.0108325714018564e-6 -9.499687379143489e-7 -4.829786295740798e-6 -2.8228634101034297e-6 -3.3589990517173835e-6 -1.1003158125835028e-6 7.398684336864451e-8 2.1744516190877637e-6 3.4405930380490886e-6 4.341384027745131e-6 4.587191875094581e-6 3.6371159538939713e-6 2.794066220735159e-6 3.2213447863499956e-7 -5.580810432906892e-7 -3.4558150815133667e-6 -2.7857018070627293e-6 -5.502523379607001e-6 -8.80681311532681e-7 -5.915567635839364e-6 7.394872938325472e-6 -5.224763392229445e-6 -1.4072452315299947e-5 6.65381308936409e-6 -5.423365956604155e-6 1.4407605030200722e-6 -6.436007057211106e-7 4.264455834560495e-6 2.7322907662994836e-6 4.056600505185512e-6 9.078378151555222e-7 -8.721482578153071e-7 -3.40476040717656e-6 -4.786599801846783e-6 -3.7730824330201446e-6 -3.279283186667206e-6 1.2152130821689696e-6 7.542775077769082e-7 5.895926679114489e-6 3.9970305336462134e-7 5.8065832204778555e-6 -4.833620405467507e-6 5.131508680357284e-6 -1.0859018524238322e-5 1.3628692231958968e-5 -1.9209099251346588e-5 -5.867436888677315e-6 4.941800112630161e-6 -4.010832593344852e-6 -9.49968713474901e-7 -4.829786325744719e-6 -2.822863376522161e-6 -3.358999082240631e-6 -1.1003157902608573e-6 7.398683171908026e-8 2.1744516112205327e-6 3.440593063676686e-6 4.341383989434533e-6 4.587191916754829e-6 3.6371159122933974e-6 2.7940662667239246e-6 3.2213442406233855e-7 -5.580809875362074e-7 -3.455815128101091e-6 -2.785701769460561e-6 -5.502523402132857e-6 -8.806813060428611e-7 -5.915567627185103e-6 7.394872925083498e-6 -5.224763381359247e-6 -0.00984558011766068 -0.01982605935661044 -0.036688563255560296 -0.04655867540364471 -0.04855562413224479 -0.03853063643284865 -0.01847589958897505 0.009722704337392954 0.04070845398047495 0.06989175504924587 0.09184023291622168 0.10311408951282847 0.10165643766067252 0.0878799057136958 0.06425469204641734 0.034745450720508754 0.004517186101068223 -0.02187511889551092 -0.03998156763708236 -0.04840660882822801 -0.045975365990149085 -0.03691474090599353 -0.02275714418381516 -0.011892517555807622 -0.004104002228248458 -0.043751860771764586 -0.09613162796665271 -0.14182600313822885 -0.14974649496760542 -0.12431079587288478 -0.06507240593285599 0.01704538906393316 0.10830314228716373 0.192519058496452 0.25498678248895473 0.2842416824440036 0.27492707321136894 0.22845719238275 0.15259657407316435 0.060743835622927074 -0.031820083353836 -0.10867788262182985 -0.1581363382810608 -0.17231108856364538 -0.15046635541760914 -0.10370236654268782 -0.04582017561884203 -0.004395778556002089 0.0007597167689350254 -0.01993970933227395 -0.07190201385199378 -0.11647075080208086 -0.12928100337486312 -0.11063394020142425 -0.06217971069957997 0.007695484524915565 0.08649276616162925 0.1601669590102253 0.21476635316057444 0.23956807910425046 0.2287180642034816 0.18252481739856075 0.10824537019186237 0.017809124001405205 -0.07237942412770636 -0.14714831628241146 -0.1914163372438929 -0.19838757706624566 -0.16675669851400846 -0.10080629550911574 -0.03508972032514953 -0.004211663943010254 0.011016805421514023 0.03169243675703913 0.05693059147526707 0.07122111314782649 0.07796529756981162 0.07414815773180171 0.05993439227916942 0.03882695994548825 0.014863418895805051 -0.007814391621669907 -0.02583206693705209 -0.037653908592086456 -0.043537095472892924 -0.04512818326361257 -0.04481046177944494 -0.044354878869056764 -0.04509002435124427 -0.046355548248923 -0.047521044620102114 -0.04470300282959202 -0.03958193350161419 -0.022907343860102035 -0.0038644238020750046 0.005151283424243155 0.02188178717931783 0.10269033035797161 0.21528532906453893 0.3095236227520832 0.34924845150178824 0.3252658163618176 0.23857345049456272 0.10508026356559504 -0.05063290827770356 -0.20026543165859587 -0.3175412411146372 -0.38288151257142833 -0.38712035686661417 -0.33275881105926797 -0.23282578805902937 -0.1079448101588873 0.01801350038946224 0.12231703584374257 0.18807401536807167 0.20728362784338758 0.18186213803453044 0.12779702428365983 0.06309999245292669 0.013828865350780949 0.03073606472093666 0.16164830776223946 0.3549101224200975 0.52064392382099 0.5942333313500613 0.5605597274423947 0.41868563937024156 0.19522295122807426 -0.06933770468939646 -0.3263954713594691 -0.5291273076713614 -0.6417019447390107 -0.6455032689430013 -0.542404888313569 -0.3540495055846165 -0.11732269417924653 0.12298554531274565 0.32269777940366706 0.446798597472711 0.47694407057939714 0.41370474427534926 0.2806201174121983 0.12907725402546041 0.025109950597691864 0.030766274926786262 0.1768180228494692 0.39768260133995076 0.5935695758046985 0.6864431382618706 0.6587944392402247 0.5090227103940599 0.26361692282451477 -0.031922338494133076 -0.32312794066320427 -0.5559864602745619 -0.6873840682388026 -0.6935155917222388 -0.5741296204175159 -0.35248481765567485 -0.07101875921782157 0.21686397223180331 0.457219089885803 0.6058179992559343 0.6370041845551865 0.5515475231348843 0.370855148107434 0.1652859626607727 0.028380041060038955 0.021280135822034193 0.13152589900730235 0.3032445531238042 0.46197592290646294 0.5443173664560366 0.5352029290166609 0.4312371584884063 0.2508581421354883 0.026701415819745437 -0.19915182228414618 -0.38397933894953457 -0.49207135257544965 -0.5016016908013972 -0.409362299204838 -0.23174962209845015 -0.0018491808376303283 0.23661996767394763 0.43773623809591383 0.5623678312479526 0.5857868019354406 0.506972240806719 0.33903496728072097 0.1488581197114324 0.024439601660159304 0.0025018774651753405 0.030946460165757403 0.08107669320089422 0.1355402003793737 0.1725010632929096 0.18423754055015398 0.16756589238635106 0.12349713136347792 0.0597095848925181 -0.01222560657436482 -0.07766660498863986 -0.12204765367226827 -0.13388208099726545 -0.10750270464028205 -0.04510423757190607 0.04299519397299411 0.14008225703174512 0.22622977836944586 0.2822443329906916 0.2930207860824293 0.2562053539724516 0.17057077118840344 0.07143024214120512 0.009280444277415489 -0.01966609219979299 -0.09473380235678025 -0.20140872425284134 -0.28642228496322153 -0.3186771132034073 -0.2925189253290228 -0.21060366164366218 -0.09040768929014209 0.04406189457741148 0.16715449636162238 0.25641337987398727 0.29746042136036766 0.2862406519243491 0.22901217196321313 0.14025012339157722 0.03905696244936851 -0.05502077394333857 -0.125640945088649 -0.16261588404273 -0.16460988181725086 -0.1354673915251562 -0.09203822987780533 -0.046057121029944574 -0.011148343375681498 -0.03888184609702368 -0.2048253563018139 -0.4494671481577994 -0.6607090566566307 -0.7603587942237452 -0.7294057487971493 -0.5682603072295651 -0.30905452134384387 -0.0020346426440462566 0.2938498661001657 0.5229566579929998 0.6434982366862609 0.6354064118445035 0.5036133881049796 0.27628283545213955 -0.0012182654086337996 -0.27538464906459403 -0.49494503340226537 -0.620554704943408 -0.6330307363653871 -0.5366760781255481 -0.36024817905458206 -0.16568808951776218 -0.032346200621424834 -0.04884283733164681 -0.26200706134039053 -0.5787836347498938 -0.8589509913716037 -1.0 -0.9720058147350437 -0.7733724069868408 -0.4417672171219724 -0.04063911807120541 0.35320924163895434 0.6645621088401253 0.8345205721444797 0.831642997851955 0.6577515325457424 0.3473414877205209 -0.039297962027883784 -0.4278839572938221 -0.7444619856013216 -0.929712028698567 -0.95084692655047 -0.8113539981282758 -0.5449701951395679 -0.24740653728338513 -0.046220863659507685 -0.046220863653568846 -0.24740653725551345 -0.5449701950842527 -0.8113539980910379 -0.9508469264468681 -0.9297120286047379 -0.7444619855442423 -0.4278839573075034 -0.039297962098623566 0.34734148761332223 0.6577515324232848 0.8316429977407614 0.8345205720335043 0.6645621087503686 0.3532092416492308 -0.04063911800417253 -0.4417672170294506 -0.7733724069168181 -0.9720058146414559 -0.9999999998972786 -0.858950991317764 -0.5787836346932334 -0.2620070613051029 -0.048842837328569026 -0.0323462006136527 -0.16568808947796382 -0.3602481789829327 -0.5366760779260942 -0.6330307362030703 -0.6205547047956836 -0.4949450333124608 -0.27538464900068066 -0.001218265484725676 0.2762828352373218 0.5036133878323653 0.6354064116128221 0.6434982365068058 0.5229566578573848 0.29384986599999646 -0.0020346426127485786 -0.30905452121389715 -0.5682603069652612 -0.7294057485687593 -0.7603587939959127 -0.6607090564344718 -0.4494671480222645 -0.2048253562653583 -0.03888184609845771 -0.011148343372432664 -0.04605712099848166 -0.09203822972109461 -0.13546739138171657 -0.1646098815765538 -0.16261588385825507 -0.1256409449454225 -0.055020773942389266 0.039056962404936724 0.1402501232509777 0.2290121717534721 0.2862406516832113 0.29746042111925936 0.2564133796878879 0.16715449625947934 0.044061894535455635 -0.0904076891473337 -0.21060366144259204 -0.29251892501540416 -0.31867711288094036 -0.2864222847176506 -0.2014087241225461 -0.09473380228803795 -0.019666092183537806 0.00928044429020454 0.07143024220926933 0.1705707712777976 0.2562053541893863 0.29302078624580846 0.28224433318229025 0.22622977850664658 0.14008225710310193 0.042995193919521855 -0.04510423770983179 -0.10750270486066878 -0.13388208124444576 -0.12204765387975518 -0.07766660518580425 -0.012225606680232906 0.05970958495409015 0.12349713149402429 0.16756589265199362 0.18423754083274324 0.17250106352660333 0.13554020058309987 0.0810766933675103 0.030946460247655766 0.0025018774705882325 0.02443960167739695 0.1488581197903079 0.3390349674066805 0.5069722409257523 0.5857868021391205 0.5623678313801732 0.43773623820268986 0.23661996776969668 -0.001849180819019318 -0.2317496221583484 -0.409362299299059 -0.5016016909522685 -0.49207135276158465 -0.3839793390506248 -0.19915182234282094 0.026701415823557614 0.25085814224228353 0.43123715861206086 0.535202929195605 0.5443173666922196 0.46197592307714863 0.30324455321937893 0.13152589905370926 0.02128013584527787 0.028380041061885276 0.16528596268009152 0.3708551481860522 0.5515475232423045 0.6370041846162717 0.6058179993646088 0.45721908998025984 0.21686397226753235 -0.07101875918126961 -0.35248481762481376 -0.5741296204146488 -0.6935155917240937 -0.6873840682436607 -0.5559864603205633 -0.3231279406706456 -0.03192233848267295 0.2636169228361839 0.5090227104605335 0.65879443931848 0.6864431383232142 0.5935695759074934 0.3976826014308633 0.17681802287334222 0.030766274931067452 0.02510995059994055 0.12907725403164472 0.28062011741766496 0.41370474426768816 0.4769440705821172 0.4467985974643898 0.3226977794320266 0.12298554536580882 -0.11732269412410887 -0.35404950550445224 -0.5424048882324812 -0.645503268876146 -0.6417019446935814 -0.5291273076364501 -0.32639547136920066 -0.06933770471085847 0.19522295120906455 0.4186856393216007 0.5605597274065388 0.5942333313211791 0.5206439237877513 0.35491012242359976 0.16164830778074346 0.030736064725263065 0.013828865350327397 0.06309999243195107 0.12779702422041975 0.18186213794558312 0.2072836277685713 0.18807401532144966 0.12231703581109217 0.018013500392353443 -0.10794481008535269 -0.23282578796776762 -0.3327588109348144 -0.3871203567425008 -0.3828815124589287 -0.317541241033529 -0.20026543161692487 -0.0506329083113626 0.10508026345310059 0.2385734503600016 0.3252658162092985 0.3492484513703043 0.30952362265565564 0.21528532899261277 0.10269033034378049 0.021881787176217384 0.005151283409671957 -0.003864423857426341 -0.022907343935270663 -0.03958193359725953 -0.044703002942876074 -0.04752104471745029 -0.04635554830529814 -0.04509002435067698 -0.04435487882485422 -0.04481046166639 -0.045128183125523316 -0.04353709531860769 -0.03765390844932972 -0.025832066841028657 -0.00781439158548618 0.014863418871442019 0.03882695986936355 0.059934392140078445 0.07414815758452789 0.07796529741316921 0.07122111300561808 0.05693059139348611 0.031692436701165526 0.011016805409029315 -0.0042116639437150575 -0.03508972033566669 -0.10080629555864866 -0.16675669859276224 -0.1983875771443098 -0.19141633731734736 -0.1471483163204372 -0.07237942414484536 0.017809124042817037 0.10824537026604185 0.18252481751490693 0.22871806434916664 0.23956807923927145 0.21476635326898866 0.1601669590721993 0.08649276616810374 0.007695484469167598 -0.06217971077584998 -0.1106339403296863 -0.12928100350417135 -0.11647075091568389 -0.07190201394186525 -0.019939709358252334 0.0007597167647031233 -0.004395778552923966 -0.04582017561766651 -0.10370236655798433 -0.1504663554325198 -0.1723110885880026 -0.15813633828913679 -0.10867788263601182 -0.03182008333617951 0.06074383564609004 0.1525965741214634 0.22845719244820367 0.27492707327378185 0.284241682508127 0.2549867825377718 0.1925190585238651 0.10830314228415253 0.017045389052670033 -0.06507240599267142 -0.12431079592984148 -0.14974649503741802 -0.141826003194269 -0.09613162800342591 -0.04375186079590582 -0.004104002238989409 -0.011892517558039628 -0.02275714418735764 -0.036914740900501244 -0.045975365989189464 -0.04840660881628477 -0.03998156763608852 -0.021875118879582496 0.004517186108706815 0.03474545073638401 0.06425469205868735 0.0878799057168137 0.10165643767551394 0.10311408951012979 0.09184023292522632 0.06989175504293567 0.04070845398736148 0.00972270431599461 -0.018475899595752188 -0.038530636456284136 -0.04855562414327476 -0.04655867541809325 -0.03668856327049568 -0.0198260593610137 -0.009845580123923232
</DataArray>
        <DataArray type="Float64" Name="Mode_12_phi2" NumberOfComponents="1" format="ascii">
 -7.04818611671803e-7 8.606111426510753e-7 -7.048186150143085e-7 8.606111416672574e-7 -7.485065088924695e-6 6.8299778307817226e-6 -1.1034017767383698e-5 -3.2422692105611743e-6 -1.0825760300508939e-5 -2.2331291068021323e-6 8.66584351112983e-7 1.067857654157579e-5 1.4240974917176374e-5 1.6103766991460488e-5 1.0920391256809446e-5 3.370191633904068e-6 -5.9734279733013e-6 -1.25556514616296e-5 -1.5543010134040373e-5 -1.2936173623855242e-5 -7.659748081950528e-6 4.988670486119851e-7 4.719281394557739e-6 9.315084682529965e-6 4.916814776345255e-6 6.366617241015739e-6 -4.567075541544139e-6 6.209667611350335e-6 1.8569524487895028e-5 -1.366684393828891e-5 9.719357135746487e-6 -5.729061735184496e-6 5.042652825894155e-6 -3.88902738773465e-6 2.3520530167188656e-6 -3.009817500239677e-6 8.02293593109958e-7 -2.1209733638490753e-6 3.669415206644406e-7 -1.0007751333604599e-6 7.648272100734079e-7 -1.6510176868771102e-7 1.5979655080898882e-6 -2.419928208459784e-7 2.4728778760291628e-6 -1.4839947549582752e-6 3.261223254379024e-6 -3.833978557282995e-6 4.2039907544824e-6 -7.162091155147923e-6 8.273217817618063e-6 -1.2847149261894298e-5 -7.485065086360819e-6 6.829977827207087e-6 -1.1034017764013322e-5 -3.2422692079142705e-6 -1.082576030453149e-5 -2.233129118526315e-6 8.665843646643855e-7 1.067857652680858e-5 1.4240974916349135e-5 1.6103766993724122e-5 1.092039126368295e-5 3.370191640484678e-6 -5.9734279711374194e-6 -1.2555651451614876e-5 -1.554301014185935e-5 -1.2936173615312839e-5 -7.659748076519086e-6 4.988670277561853e-7 4.7192814068296946e-6 9.315084667451664e-6 4.9168147841764034e-6 6.366617241957956e-6 -4.567075541595038e-6 6.209667610204134e-6 1.856952447838575e-5 -1.366684392919463e-5 9.719357131657678e-6 -5.729061727435541e-6 5.042652810887236e-6 -3.889027373693798e-6 2.352053007785473e-6 -3.0098174905783898e-6 8.022935726161954e-7 -2.120973326588916e-6 3.669414693314295e-7 -1.0007750750573322e-6 7.648271493005856e-7 -1.6510171540226938e-7 1.597965474111961e-6 -2.419928113456364e-7 2.4728778845154063e-6 -1.4839947756829238e-6 3.2612232895206655e-6 -3.8339786050467844e-6 4.203990803666882e-6 -7.1620911927526775e-6 8.273217835341564e-6 -1.2847149262898834e-5 -0.009649314820244047 -0.006780777085012998 -0.007433660409125163 -0.0020652035377450553 0.001813467700744054 0.008455707568445705 0.012187786735809123 0.01540107348128165 0.015106854530831307 0.012981260731222707 0.00818482126459291 0.0023761536678496608 -0.004173429191278045 -0.009539616259011164 -0.01382846329077146 -0.01493612252392174 -0.014627202204567804 -0.010641286438946164 -0.0070522906481547964 -0.0005651816286918919 0.0021576975861939 0.007091326059605703 0.005225262764696701 0.011762620786853554 -0.015133744341668766 -0.046213800526730284 -0.04868286913175625 -0.019246810835271015 0.006872186917058123 0.03948349241757267 0.06393434875070378 0.07850499244824181 0.07953191945827001 0.06683424886599107 0.04258611848726339 0.010609989049607206 -0.023276254576632033 -0.05317149267349383 -0.07403926038653173 -0.08162835101254767 -0.07584560352755663 -0.05677304725693695 -0.03001672396660219 2.421654126806723e-5 0.029246084794211064 0.04002224472623697 0.04588455693578684 0.021548750853777096 -0.02225642152866908 -0.08635975818761052 -0.11328021047562957 -0.04408362202452912 0.010605784368253891 0.07821608522967136 0.13076669594000415 0.1614929174304941 0.1645786348981235 0.13834718671455057 0.08757120233416121 0.020088763268696602 -0.0516142067347646 -0.11554821674292322 -0.15955482208151353 -0.17636708602572285 -0.1623757649179894 -0.12120540208590609 -0.05972532310701642 0.007739705581473165 0.0724683062347511 0.10796318138451969 0.10273733671536486 0.03231538691813415 -0.011484109000818787 -0.09182906104592746 -0.13528197621565036 -0.052350915161480945 0.012530411155091221 0.09059341932235518 0.15244192837325732 0.1888527177604678 0.19270531512228228 0.16196597664432452 0.10093819914818017 0.0196649025764741 -0.0682380119771134 -0.14688759497820433 -0.20222616847923025 -0.22350408340330088 -0.20637272398526627 -0.15352871735516505 -0.07362318152092069 0.017120077792997488 0.09989013064931444 0.16262675400552568 0.1356715921087714 0.03122846150074485 0.017277653093964236 -0.018964313610411693 -0.0683992778516473 -0.011020479950058237 0.018415978905134186 0.05668900658742267 0.08539047828190965 0.10143177866354526 0.10076955961752426 0.08175260762066315 0.04557720322050707 -0.0030424700736123643 -0.05671526563455526 -0.10634337646273036 -0.14249192429554391 -0.15741812710575553 -0.14661673206355003 -0.11002697321202777 -0.05253896032122617 0.01782772650563727 0.07905312993137659 0.14569038517267804 0.11004306703194136 0.012575377430100624 0.06855828933392054 0.12981567606671146 0.0940545035986561 0.0855985729148917 0.036217419351100455 -0.01838480294196861 -0.06764140430852084 -0.1020242657648243 -0.11553646715991617 -0.1084151293453923 -0.08473522006401522 -0.051758925486605746 -0.017508017622797262 0.010743165728466732 0.028258161322990413 0.03366765613597097 0.02908336513191878 0.01881787514924848 0.008797996420366284 0.006219946722443636 0.0026956490076788615 0.03551384968915131 0.0031056593395717893 -0.02815072414870956 0.1293330367060382 0.3268680191955749 0.3178858369923723 0.22147049155419304 0.06749790811224249 -0.11088806835672134 -0.2667009935551379 -0.371544272250247 -0.4059296226060034 -0.3660388444497038 -0.26266335601294605 -0.11809087668351449 0.038416183770250356 0.17681824854061218 0.2719118075696925 0.3082449554141913 0.2828601583602599 0.20531898394026388 0.09514363256945466 -0.01864065907075405 -0.12106093344255814 -0.15306748963361896 -0.1691474529929913 -0.08270110796026667 0.18387399266190058 0.5092550135630082 0.5341055670728061 0.357451519919052 0.10633476545487144 -0.1868321007250196 -0.4449635265879301 -0.6194724851967737 -0.6778815830864144 -0.6110980884410597 -0.4346821736143797 -0.18457270166737852 0.0902325537866845 0.33732990192829493 0.510890277443673 0.580485063911941 0.5366576900383124 0.3926179241267472 0.18069522329188928 -0.05007148157690828 -0.2545052851653002 -0.3672865873029288 -0.3567838008615032 -0.13641046549521074 0.21086063985589304 0.6080649025272445 0.6600066063385788 0.4431003468821322 0.1392144422793146 -0.21746972214139643 -0.535381960221774 -0.7541506274456966 -0.8318805062530457 -0.7551506814961452 -0.5403401921501982 -0.229896541073695 0.11601362638013034 0.43148669455854594 0.6571573771791546 0.7518544793742803 0.7001842854914734 0.5157468048406055 0.2377802693652241 -0.07352376139922731 -0.3478116287929574 -0.5267499245905151 -0.49295213381438885 -0.16935673176704893 0.19745126396498724 0.5734243728992402 0.6360386686334791 0.436997647166826 0.1497271419518421 -0.18929233743869056 -0.49795356127158724 -0.7156165498210724 -0.8005269309287634 -0.736228639084608 -0.535593576859225 -0.23724178592065348 0.10150287680008084 0.41597183830141915 0.646269217939782 0.7489931884202957 0.7054519639804834 0.5258868005539298 0.2470727078356375 -0.07364176655895416 -0.35571656279235986 -0.5607479265174593 -0.5163749645324979 -0.16613892617216977 0.14117452799325025 0.39957419958867557 0.4520358913736823 0.327018712264583 0.12823822690764808 -0.10902388677462167 -0.3337634958403445 -0.4999617096075786 -0.5751300486114512 -0.5436699090485252 -0.41066541563067155 -0.20087681172440688 0.045872530773787314 0.28242402724880294 0.46307095749004284 0.552627642055704 0.5331805404119238 0.40845547999707504 0.2032426444580137 -0.042754308530722526 -0.26044678215086986 -0.4358899118252808 -0.4011482798863882 -0.12083949783503155 0.05447096578106757 0.1280548229979189 0.15329937244752637 0.13716095317549137 0.0777137266991681 0.0017562606525242184 -0.083568099039037 -0.15868038140588064 -0.20836604523091018 -0.22133210705202155 -0.19332705378809678 -0.1283220790078558 -0.03805611971516541 0.0602045819752977 0.14688128392639974 0.20398361202308865 0.21884144848986004 0.1871737782363844 0.11486147903495494 0.013554368627260022 -0.0797513784073385 -0.17449327044150614 -0.1662133802038465 -0.04107620121274479 -0.0410762012745167 -0.16621338040464337 -0.1744932706267702 -0.07975137854690911 0.01355436860277545 0.11486147909519012 0.1871737783566196 0.2188414486941909 0.20398361228559422 0.14688128415509571 0.06020458207313543 -0.038056119719645426 -0.12832207900436482 -0.19332705385456841 -0.22133210724562744 -0.20836604548065987 -0.15868038168433699 -0.08356809917872822 0.001756260589918587 0.07771372672770067 0.1371609533124613 0.153299372629724 0.12805482318962083 0.05447096584421867 -0.12083949789488505 -0.4011482800375486 -0.4358899119817564 -0.2604467822297486 -0.04275430855336774 0.20324264446972812 0.40845548007943494 0.5331805405593324 0.5526276421862611 0.4630709576611304 0.2824240273432401 0.04587253081873993 -0.20087681172125407 -0.41066541561881315 -0.543669909181326 -0.5751300487643001 -0.49996170980925697 -0.3337634959697734 -0.109023886836215 0.12823822693834255 0.32701871235075847 0.4520358915161355 0.3995741997182601 0.1411745280532787 -0.16613892621554752 -0.5163749646478132 -0.5607479265476911 -0.3557165628773991 -0.07364176655297835 0.24707270779237075 0.5258868005572069 0.7054519640400001 0.748993188444962 0.6462692179828865 0.41597183838967533 0.10150287686262793 -0.23724178587207695 -0.5355935768288814 -0.7362286390889902 -0.8005269310223256 -0.7156165498292157 -0.4979535613735607 -0.18929233748078877 0.1497271419825557 0.43699764718108736 0.6360386686505459 0.5734243729648639 0.1974512640033942 -0.16935673179624472 -0.4929521338400897 -0.5267499245958938 -0.34781162876023675 -0.07352376146108024 0.2377802693387786 0.5157468047571232 0.7001842854286017 0.7518544793471673 0.6571573771066479 0.43148669459944794 0.11601362643107664 -0.2298965409732118 -0.5403401920763293 -0.7551506814147482 -0.8318805061698775 -0.7541506273842348 -0.5353819601944649 -0.21746972217083174 0.1392144422557226 0.44310034682611604 0.660006606279618 0.608064902531726 0.21086063986207232 -0.13641046549688154 -0.3567838008332026 -0.36728658725325514 -0.25450528511403875 -0.05007148161183346 0.18069522319511452 0.3926179240243009 0.5366576899149138 0.5804850637536203 0.5108902773389391 0.33732990188001105 0.09023255385224246 -0.18457270158776648 -0.43468217344727234 -0.6110980882816813 -0.6778815828922107 -0.619472485052086 -0.44496352651278964 -0.1868321007333854 0.10633476541440974 0.357451519796911 0.5341055669600163 0.5092550134769291 0.18387399264124904 -0.08270110793245079 -0.1691474529162518 -0.15306748953940824 -0.12106093338444757 -0.01864065909055979 0.09514363244625389 0.20531898382646702 0.28286015819256244 0.30824495521001144 0.27191180743324095 0.17681824847918484 0.03841618377092712 -0.11809087655293898 -0.2626633558506602 -0.366038844213109 -0.40592962238322494 -0.37154427204835055 -0.2667009934473074 -0.11088806832679514 0.0674979080788146 0.22147049139437697 0.3178858368385365 0.3268680190587432 0.1293330366763832 -0.028150724119446878 0.0031056594447498695 0.03551384981093887 0.00269564904372204 0.00621994668985096 0.008797996343311033 0.01881787500311574 0.02908336496363496 0.033667655950568136 0.028258161179629784 0.010743165646748149 -0.017508017610253886 -0.05175892540834095 -0.08473521989313416 -0.10841512913126047 -0.11553646691791364 -0.10202426557269167 -0.06764140417252609 -0.01838480291742248 0.03621741931017983 0.08559857281133648 0.09405450339594165 0.12981567592889962 0.06855828928681741 0.012575377461346933 0.11004306712523788 0.14569038525773656 0.07905312997218389 0.017827726488260014 -0.05253896039208283 -0.11002697331200009 -0.14661673221358054 -0.15741812724651372 -0.14249192442035286 -0.10634337653650884 -0.056715265643153455 -0.003042469998610071 0.04557720334397174 0.08175260780580132 0.10076955980531249 0.10143177882547967 0.0853904783946721 0.05668900663355151 0.01841597886372896 -0.011020480026418054 -0.06839927800301754 -0.01896431374429188 0.017277653046281996 0.03122846151755873 0.13567159215484673 0.16262675407530575 0.09989013066092414 0.017120077801610276 -0.07362318157349497 -0.15352871742314236 -0.2063727240619289 -0.22350408351326945 -0.2022261685516764 -0.14688759504075624 -0.06823801198363459 0.019664902623864406 0.10093819923162542 0.16196597675707577 0.19270531524962806 0.18885271785913388 0.15244192846620389 0.09059341935890837 0.012530411145109393 -0.05235091522659515 -0.13528197629773947 -0.09182906114826511 -0.011484109035306276 0.03231538692640078 0.1027373367375239 0.10796318140512244 0.07246830624834824 0.00773970557073265 -0.05972532311775649 -0.12120540212188395 -0.16237576495508896 -0.1763670860624942 -0.1595548221251373 -0.11554821676772109 -0.05161420673217184 0.02008876328734674 0.08757120237026507 0.13834718677829527 0.16457863495463848 0.16149291748225933 0.13076669599189408 0.07821608524955852 0.01060578435623367 -0.04408362204562494 -0.11328021052435011 -0.08635975823575612 -0.022256421551096358 0.021548750859216346 0.04588455693869869 0.04002224472159104 0.029246084799877496 2.421652901539593e-5 -0.030016723958853977 -0.0567730472794133 -0.07584560352771276 -0.08162835103059446 -0.07403926039481228 -0.053171492676889 -0.023276254569486 0.010609989050735732 0.04258611850127018 0.06683424887425961 0.07953191948441025 0.07850499247063496 0.06393434876011297 0.03948349242959283 0.006872186905238254 -0.019246810839747965 -0.048682869145252196 -0.046213800540893704 -0.01513374435691571 0.011762620789717935 0.005225262759341624 0.007091326055135274 0.0021576975847821455 -0.0005651816233125023 -0.007052290650312768 -0.01064128643727253 -0.014627202202445554 -0.01493612251983591 -0.013828463295987373 -0.009539616246833846 -0.00417342920008908 0.002376153680785307 0.008184821254146246 0.012981260739627664 0.01510685453231977 0.015401073479003102 0.01218778673822925 0.008455707562646134 0.0018134677112333648 -0.0020652035488770816 -0.007433660402272293 -0.006780777089603476 -0.009649314825733288
</DataArray>
        <DataArray type="Float64" Name="Mode_13_w" NumberOfComponents="1" format="ascii">
 6.639633766701429e-7 -7.820134499961225e-7 -6.639633758570016e-7 7.820134534378246e-7 -1.5630391046355643e-6 1.6333835299637704e-6 5.820705870318223e-7 1.63599596823773e-6 9.492460103744056e-7 5.508787281509018e-7 5.508787281509018e-7 -4.4533615804034014e-8 -3.007258020269995e-7 3.076106100181241e-7 1.0785884484263877e-6 1.6549047713542896e-6 1.3521635982551943e-6 7.321404018041922e-7 3.760415947132935e-7 4.446220237018619e-7 9.475488489948967e-7 1.1995041746546119e-6 1.1995041746546119e-6 1.768392856648244e-6 9.819898102301803e-7 9.599870056731454e-7 -5.386703408898169e-7 -4.5458451401484754e-7 4.3509442556142336e-7 -7.342802119027205e-7 1.1380369617182167e-7 -1.6811222200992488e-6 -1.0919100698520784e-6 -1.7953806195081136e-6 -1.7953806195081136e-6 -1.43925921897945e-6 -1.3327244304942586e-6 -9.904680201571309e-7 -5.919428775833783e-7 -1.7607201285997006e-7 2.6272872885775756e-7 6.444525167916728e-7 9.378081899055145e-7 1.184080286974775e-6 1.3876594965672524e-6 1.2942935040763433e-6 1.2942935040763433e-6 1.4121702120979769e-6 4.822684107230231e-7 1.1119390475190713e-6 -9.572792994903392e-7 1.7165686653086014e-6 1.5630391000933342e-6 -1.6333835301275662e-6 -5.820705878261213e-7 -1.635995966901554e-6 -9.492460102675996e-7 -5.508787279595371e-7 -5.508787279595371e-7 4.4533611590450255e-8 3.0072580504686966e-7 -3.0761061009221984e-7 -1.0785884484544253e-6 -1.6549047686353797e-6 -1.352163598771771e-6 -7.321403991677243e-7 -3.7604159727014845e-7 -4.446220254832836e-7 -9.475488503653581e-7 -1.1995041767672177e-6 -1.1995041767672177e-6 -1.7683928568911598e-6 -9.819898113098324e-7 -9.599870011653881e-7 5.386703383759416e-7 4.545845123899718e-7 -4.350944247744914e-7 7.342802115816463e-7 -1.138036950450611e-7 1.6811222169410185e-6 1.0919100749652607e-6 1.7953806146439888e-6 1.7953806146439888e-6 1.4392592222982175e-6 1.3327244277441226e-6 9.90468022068573e-7 5.919428778376871e-7 1.76072011542853e-7 -2.6272872878874164e-7 -6.444525181584889e-7 -9.378081870968651e-7 -1.1840802898704445e-6 -1.3876594938396216e-6 -1.2942935063958797e-6 -1.2942935063958797e-6 -1.4121702086321756e-6 -4.822684140943027e-7 -1.1119390454801e-6 9.572793025653003e-7 -1.716568666262822e-6 0.00039017860852223887 0.0009692610729154114 0.0011959519587923144 0.0015887510133259192 0.0018821584868741323 0.0020111838511057295 0.0020111838511057295 0.0020224564718030916 0.001852526110787954 0.001582836450756619 0.0012037543076910046 0.0007939409431393954 0.00036944596509790587 -3.193913704852433e-6 -0.00032021227254219135 -0.0005255662605110392 -0.0006563388681880811 -0.0006569076198745973 -0.0006569076198745973 -0.0006301509606541652 -0.0004974373763915898 -0.000473700862558042 -0.0003912086246828928 -0.00016501664064932404 0.0012064915548655145 0.0063862204743440456 0.010690643939405196 0.015100131100482793 0.018415190681032815 0.020231028577382598 0.020231028577382598 0.020297931848484194 0.01867727451560703 0.015543349798252101 0.011298013363109231 0.006396300713179138 0.00135836642717012 -0.0032683067090804267 -0.00709558549314269 -0.009721080933364927 -0.011049534029906409 -0.010955510049261211 -0.010955510049261211 -0.009735227697261421 -0.007590787863030891 -0.005085767269956726 -0.0034643226426349628 -0.0006681009736076007 0.0017309982341410933 0.012328705536665284 0.025517432900789287 0.038042037770140494 0.047965476428398685 0.05365006609554551 0.05365006609554551 0.05446504948869316 0.050233146860881595 0.04145197810212178 0.02904169346928328 0.014343908236634935 -0.0010920436280464452 -0.01561789141030616 -0.02773067367559776 -0.03626364121291604 -0.04039073254507826 -0.03991575680444579 -0.03991575680444579 -0.03512529623596636 -0.02711395642250462 -0.017262377057604045 -0.008594575424348593 -0.0012809465926841746 0.0022062344647582133 0.016920574290440013 0.037235193425648364 0.05696579522199215 0.07305746434871654 0.08297672617700114 0.08297672617700114 0.08519142280271425 0.07924792004654162 0.06557322823947027 0.04551058242618943 0.02108882636874211 -0.005104778346154146 -0.030263807477153758 -0.05167228285614422 -0.06707952601553611 -0.07492096013201323 -0.07448275715248497 -0.07448275715248497 -0.06620969627729682 -0.051654604694877336 -0.03336723418783774 -0.015345542691065677 -0.002031360156473738 0.002371057918920145 0.018196271618711724 0.04002214751634635 0.06247810993649887 0.0813226521812189 0.09369683778038314 0.09369683778038314 0.09742745973034696 0.09151657959116152 0.07616339527382099 0.052643204732431316 0.023235784466963352 -0.00899236184119043 -0.04051454137433223 -0.06783350157679514 -0.08788688568599402 -0.09844958450589564 -0.09842202880737887 -0.09842202880737887 -0.08807345990445319 -0.06928709802743765 -0.045289156018087195 -0.020645844305707522 -0.0027229428321315498 0.002264286165928618 0.01655208139463545 0.034796633076792 0.0551699038938452 0.07302381879268129 0.08551639942122186 0.08551639942122186 0.09025671279659389 0.08586826064501325 0.07214797179848335 0.050043679635898224 0.021576667436159255 -0.010308255636302607 -0.04205611225859841 -0.0700019060131327 -0.09087147130265107 -0.10215522932405713 -0.10254427279702498 -0.10254427279702498 -0.09219581910440294 -0.07287564944991773 -0.0481585686221433 -0.022457898188479652 -0.0030697713129359196 0.002264286165928618 0.01655208139463545 0.034796633076792 0.0551699038938452 0.07302381879268129 0.08551639942122186 0.08551639942122186 0.09025671279659389 0.08586826064501325 0.07214797179848335 0.050043679635898224 0.021576667436159255 -0.010308255636302607 -0.04205611225859841 -0.0700019060131327 -0.09087147130265107 -0.10215522932405713 -0.10254427279702498 -0.10254427279702498 -0.09219581910440294 -0.07287564944991773 -0.0481585686221433 -0.022457898188479652 -0.0030697713129359196 0.002258520372500622 0.01483927351584442 0.028948687921201623 0.04603061102031829 0.06160184836433333 0.07303813943121155 0.07303813943121155 0.0780109830225389 0.0750387008908032 0.06372077885207363 0.044695340698279344 0.01965690108550479 -0.008794582727919642 -0.03742986900483555 -0.06283663030039456 -0.08192448369380011 -0.09232453955570208 -0.09275670198782833 -0.09275670198782833 -0.08340829705498927 -0.0659481209236846 -0.043775196882016684 -0.02143047298836576 -0.0031250223428590978 0.0024868820177438742 0.015858394974481507 0.030145084887894507 0.04699413795645262 0.06229733828270661 0.07328655766634057 0.07328655766634057 0.07784147420399587 0.07459297365098175 0.06327532707368994 0.0446318724479473 0.020379733402703937 -0.006907834755244318 -0.034108110473875866 -0.057987698667267315 -0.07565891963106196 -0.08498221153065307 -0.08490640464858705 -0.08490640464858705 -0.075814546675252 -0.059504925578063125 -0.039259336747605636 -0.020014960314317445 -0.003044291306779429 0.0029994770263311187 0.019961087003696018 0.03986421042480745 0.061034193990930866 0.07933691912522299 0.09149006218841162 0.09149006218841162 0.09534350553438269 0.08978635601719788 0.0749385229785033 0.05207052700384478 0.023456361027473643 -0.007825294241488975 -0.038237752286479965 -0.06428863746517453 -0.08300285371783549 -0.09229860137257663 -0.09130676062499424 -0.09130676062499424 -0.08072194459594177 -0.0627300556366131 -0.04077153986376797 -0.020648190640585436 -0.0030937346640931675 0.0034921584277535504 0.024944946821067772 0.052436799751599775 0.08008453122053741 0.10304401515626392 0.11737002278770063 0.11737002278770063 0.12063679468226364 0.11189234576747994 0.09171286063425377 0.062032851386101255 0.025922996295128637 -0.012706879961644196 -0.049575992265544794 -0.08059871752691504 -0.10241074981022573 -0.11276873824923943 -0.11084192220708328 -0.11084192220708328 -0.09754419421300402 -0.07553107309854869 -0.04870810175193479 -0.023546899505236 -0.0033237208284117073 0.0037296565898017266 0.02770555968738287 0.05977191777933554 0.09182553907289097 0.1180016243501816 0.13392690105306157 0.13392690105306157 0.1368369740139539 0.12579410173249234 0.10163767680904164 0.06677080549923947 0.02484058132428746 -0.019614338426855265 -0.061709071406291414 -0.09687287857764965 -0.12138506475503613 -0.13279107870083748 -0.13021984683806123 -0.13021984683806123 -0.11464383278719337 -0.08895112553424482 -0.05747663694967198 -0.026821828742346534 -0.0036192242261245153 0.003619224227055992 0.02682182874808646 0.057476636963654494 0.08895112555044281 0.11464383280147071 0.13021984684608345 0.13021984684608345 0.13279107869883627 0.12138506474454912 0.09687287855788233 0.06170907137847418 0.019614338397796156 -0.024840581350863002 -0.0667708055201026 -0.1016376768180892 -0.12579410173519057 -0.1368369740034652 -0.1339269010386349 -0.1339269010386349 -0.1180016243263046 -0.09182553904989482 -0.05977191775897964 -0.02770555967556585 -0.0037296565885955794 0.003323720829171043 0.02354689950953101 0.04870810175263682 0.07553107310442457 0.0975441942158583 0.11084192220842541 0.11084192220842541 0.11276873824373336 0.10241074979538728 0.08059871750902338 0.04957599224259283 0.012706879940472326 -0.025922996308611806 -0.062032851392988975 -0.09171286063221726 -0.11189234575712527 -0.12063679466617575 -0.11737002276451232 -0.11737002276451232 -0.1030440151341115 -0.08008453119877364 -0.052436799734545736 -0.024944946813623848 -0.003492158426834766 0.0030937346639880194 0.02064819063899623 0.040771539858976046 0.06273005562908347 0.08072194459027633 0.09130676061456537 0.09130676061456537 0.09229860136832582 0.08300285371228461 0.06428863745642596 0.038237752277834124 0.007825294236016965 -0.023456361028808426 -0.052070527001314086 -0.07493852297086354 -0.08978635600697357 -0.09534350552021008 -0.09149006217429669 -0.09149006217429669 -0.07933691911017042 -0.061034193979783255 -0.0398642104168124 -0.019961086998161928 -0.0029994770255315595 0.003044291306386468 0.020014960310092707 0.039259336736783786 0.05950492556462093 0.07581454666006979 0.08490640464064456 0.08490640464064456 0.08498221152211294 0.07565891962723786 0.0579876986681139 0.034108110473574434 0.006907834760409706 -0.02037973339492624 -0.04463187244315451 -0.06327532706837395 -0.07459297364482927 -0.07784147420217122 -0.07328655766639063 -0.07328655766639063 -0.06229733828685666 -0.04699413795944806 -0.030145084887920313 -0.015858394974658054 -0.00248688201769622 0.003125022341797691 0.02143047297968857 0.04377519686847363 0.06594812090792598 0.08340829703963887 0.09275670197473206 0.09275670197473206 0.09232453955252695 0.08192448369603367 0.06283663030545981 0.037429869014614585 0.008794582738249656 -0.019656901078298865 -0.04469534069217064 -0.06372077885260538 -0.07503870089646465 -0.07801098303270004 -0.07303813944586814 -0.07303813944586814 -0.06160184837744861 -0.046030611033965524 -0.028948687928931505 -0.014839273516428454 -0.0022585203722188894 0.0030697713115857683 0.022457898180657618 0.04815856861061029 0.07287564943454518 0.09219581909005821 0.1025442727877108 0.1025442727877108 0.10215522931986877 0.09087147130710548 0.07000190602306558 0.04205611227096376 0.010308255649883502 -0.02157666742755592 -0.05004367963292037 -0.07214797180004817 -0.08586826065752048 -0.09025671281151161 -0.0855163994401874 -0.0855163994401874 -0.0730238188117097 -0.05516990390553576 -0.03479663308526539 -0.01655208139634353 -0.0022642861661355002 0.0030697713115857683 0.022457898180657618 0.04815856861061029 0.07287564943454518 0.09219581909005821 0.1025442727877108 0.1025442727877108 0.10215522931986877 0.09087147130710548 0.07000190602306558 0.04205611227096376 0.010308255649883502 -0.02157666742755592 -0.05004367963292037 -0.07214797180004817 -0.08586826065752048 -0.09025671281151161 -0.0855163994401874 -0.0855163994401874 -0.0730238188117097 -0.05516990390553576 -0.03479663308526539 -0.01655208139634353 -0.0022642861661355002 0.0027229428309516975 0.02064584429901897 0.045289156009435415 0.06928709801542299 0.08807345989117114 0.09842202879621689 0.09842202879621689 0.09844958450241774 0.08788688568754609 0.06783350158552022 0.040514541384026014 0.00899236184991728 -0.02323578445988042 -0.05264320473141544 -0.07616339527705462 -0.0915165795977217 -0.09742745974367281 -0.09369683779232094 -0.09369683779232094 -0.08132265219322182 -0.06247810994257744 -0.040022147516977614 -0.018196271618383157 -0.0023710579185183055 0.002031360155348828 0.015345542685072778 0.033367234178137535 0.051654604685742185 0.0662096962672393 0.07448275714419003 0.07448275714419003 0.07492096012574087 0.06707952601628894 0.05167228285875513 0.030263807483092414 0.005104778349378062 -0.02108882636491456 -0.04551058242347497 -0.06557322823875797 -0.07924792004822574 -0.08519142280205164 -0.08297672617837457 -0.08297672617837457 -0.073057464347614 -0.05696579521976017 -0.03723519341978518 -0.016920574285119158 -0.0022062344641266213 0.0012809465915489537 0.008594575417925744 0.01726237705082031 0.027113956414938738 0.0351252962299288 0.03991575679895018 0.03991575679895018 0.04039073254037685 0.036263641210789 0.027730673675943705 0.015617891411511906 0.0010920436307272539 -0.01434390823565185 -0.029041693466731945 -0.04145197809836976 -0.05023314685587441 -0.054465049483387186 -0.05365006608509218 -0.05365006608509218 -0.04796547642060262 -0.0380420377627579 -0.025517432895781237 -0.012328705531453253 -0.001730998233026845 0.0006681009725536183 0.0034643226401038633 0.005085767267245323 0.007590787860152166 0.009735227693801416 0.010955510046734038 0.010955510046734038 0.011049534026847644 0.009721080930830184 0.0070955854915676015 0.0032683067082114 -0.0013583664271649978 -0.006396300710877797 -0.01129801336157779 -0.015543349793701563 -0.018677274510393103 -0.020297931841329095 -0.020231028571384143 -0.020231028571384143 -0.018415190670289308 -0.015100131091617402 -0.010690643930083026 -0.006386220469629109 -0.0012064915539436885 0.00016501664063285284 0.0003912086243461084 0.0004737008624444087 0.000497437375834589 0.0006301509606093467 0.0006569076193637891 0.0006569076193637891 0.0006563388676428911 0.0005255662602143425 0.0003202122719269711 3.193913674378886e-6 -0.00036944596512935576 -0.0007939409428323013 -0.001203754307416825 -0.0015828364498890045 -0.0018525261100624643 -0.00202245647057573 -0.002011183850170197 -0.002011183850170197 -0.001882158484918604 -0.0015887510116850438 -0.0011959519570365635 -0.0009692610714663163 -0.00039017860819833873
</DataArray>
        <DataArray type="Float64" Name="Mode_13_phi1" NumberOfComponents="1" format="ascii">
 2.83984702350359e-6 -1.464833887534276e-6 2.8398470077261553e-6 -1.4648338863092604e-6 3.177085730480029e-5 -1.836250923539497e-5 1.238871260010681e-5 -5.422737625120287e-6 4.882724590899902e-6 -6.953419871703407e-6 8.287857115590612e-7 -3.3266662057585828e-6 3.3017300399146557e-6 1.409716171766875e-6 3.1380458275617003e-6 -6.382036815173205e-7 -8.403670095098928e-7 -3.6746078408802248e-6 1.9890187664396232e-7 -1.48184804911555e-6 5.06597302880862e-6 -1.3470761335073443e-6 5.17265316216176e-6 -7.4666170956986324e-6 5.390712859764301e-6 -1.2832582014701137e-5 1.7685210023464438e-5 -2.3531495033857004e-5 -1.5017095242402488e-5 9.547653044776059e-6 -5.682152374485574e-6 3.712277840298175e-6 -3.7675426124968504e-6 -3.0948012244878644e-7 -3.6242282172974264e-6 -1.9211291282239935e-6 -3.140852159143696e-6 -1.7628919382971094e-6 -1.8965647974643029e-6 -2.2848094598483817e-7 -2.8334441014126557e-7 2.3007648516124715e-6 9.093306265050508e-7 5.222262013723482e-6 6.339985600020147e-7 8.105034377195643e-6 -2.5262816613898195e-6 1.1492362967041303e-5 -1.102123358926275e-5 1.7450137241691174e-5 -2.2507048936193774e-5 1.8941716640198275e-5 3.177085730125052e-5 -1.8362509244849558e-5 1.2388712595238768e-5 -5.422737605767926e-6 4.882724559866116e-6 -6.953419823894908e-6 8.287856683665292e-7 -3.326666174208071e-6 3.3017300199837905e-6 1.409716170906997e-6 3.138045847946058e-6 -6.382037273635229e-7 -8.403669458328309e-7 -3.674607913488067e-6 1.9890196032202528e-7 -1.4818481239205015e-6 5.065973080614146e-6 -1.3470761461827379e-6 5.1726531470327234e-6 -7.46661707274728e-6 5.390712819229505e-6 -1.2832581966948882e-5 1.7685210003607844e-5 -2.3531495053973796e-5 -1.5017095272170882e-5 9.547653058367912e-6 -5.6821523885951415e-6 3.7122778715594444e-6 -3.7675426575775316e-6 -3.094800939584554e-7 -3.6242282058078006e-6 -1.9211291807772604e-6 -3.140852081138979e-6 -1.7628920332045905e-6 -1.8965647063974366e-6 -2.2848103822389865e-7 -2.833443111801328e-7 2.300764733111115e-6 9.093307582122078e-7 5.222261871289635e-6 6.339987173351568e-7 8.10503421858071e-6 -2.526281533359532e-6 1.1492362876213815e-5 -1.1021233502411508e-5 1.745013719923514e-5 -2.2507048922201095e-5 1.8941716631889498e-5 0.02563599813957774 0.04420016248514632 0.08258772457021789 0.10845447726137697 0.13805844070375362 0.15440491597279005 0.16438846879061042 0.16070347153779005 0.14838933153954376 0.12571148575919053 0.09716326363634412 0.06408500167875572 0.030388200931421267 -0.0016397423276037465 -0.02904205475220899 -0.05034871246102745 -0.06379634514302103 -0.06987735681409389 -0.0680308025433011 -0.061418870870243246 -0.04977887670312837 -0.03953488234383037 -0.026263113909736274 -0.018513027096188368 0.019777038795207896 0.11693225295002072 0.2330995003128309 0.3584512391954789 0.4607177404744485 0.5348510294599519 0.566455392882833 0.5567657463182287 0.5041519988681663 0.41541359075609424 0.2981022535376024 0.1633190265451021 0.02319653588356499 -0.10993186510770471 -0.22488238626021997 -0.3117554771875493 -0.3650313869187937 -0.3801907561016081 -0.360176433188809 -0.30856814122682197 -0.23330437473209722 -0.1577908483621618 -0.0814612318391974 -0.015933779357110746 0.021827846167919506 0.11722427457743193 0.2923005630571945 0.47749478847180693 0.6359991362691205 0.7501588609713827 0.8064441409966727 0.7959215650162149 0.7191511277875963 0.5810712647446568 0.3934862737600818 0.17293068982502796 -0.06103074845644068 -0.2870765276884501 -0.4842456904197768 -0.6353090167533252 -0.7252695195065167 -0.7486828575364853 -0.7025457473423852 -0.5976431462385808 -0.4474928564693301 -0.275492891286246 -0.11732727472585101 -0.02437152075526368 0.014494645681456014 0.09123935277185202 0.21239284805353925 0.34908677650941555 0.47561214121254697 0.5752024464409331 0.6325953871745172 0.6375166776956738 0.5849140418867276 0.4760175436202716 0.31796599208160875 0.12336686262239706 -0.09056290053864126 -0.304170119784138 -0.4968104304907205 -0.6491125524151445 -0.7464728607088408 -0.7779123536256909 -0.7421576564972066 -0.6426125941453366 -0.4948764814451375 -0.3119445313732801 -0.13521555705247104 -0.022415598945302942 0.007632697686601334 0.023290160031723017 0.04768788518360605 0.08294985447752928 0.13102388588981254 0.1765747468491493 0.2136953473327496 0.23153075050597619 0.22302627699833702 0.18442954596516994 0.1155041393847887 0.02050097611703965 -0.0925474229765711 -0.2123912543988226 -0.32618491861187754 -0.4206186192324117 -0.48386375480157595 -0.5080815593862766 -0.48875297072389434 -0.4274143511717818 -0.33280495830562296 -0.21285308286467614 -0.09433753394081966 -0.019103841065844448 -0.0011750310023449255 -0.03398541941574829 -0.09538801415645033 -0.15431462291006565 -0.18499967330703412 -0.1955126814415524 -0.18606380328007285 -0.1620879932024079 -0.13020733473861856 -0.09711696690440348 -0.06831005100020533 -0.04800906027913206 -0.03820839425430995 -0.03858327789717412 -0.04680419136475845 -0.05935958482233075 -0.07193496980040576 -0.0805121309338589 -0.08280449368036724 -0.07658268865583674 -0.0644741909448392 -0.04805607057767851 -0.026686179482176282 -0.008258125379201032 -0.0007375324505646337 -0.0415582151800098 -0.11640164885712555 -0.1951097239161367 -0.25103795573696097 -0.28474546693288544 -0.29297639482602583 -0.276772091418461 -0.23884396860079823 -0.18363456048475313 -0.11697329213074219 -0.04487767126133707 0.026578309688230526 0.09185265903208371 0.14649730377499853 0.18717746799016674 0.21156304806215157 0.2185539547368348 0.2079575559735287 0.18022736283848925 0.13831535482245633 0.07984164783688447 0.02551449875321431 -0.0018289973919754867 0.003839421188247176 0.0030450109528462033 -0.005626975954215687 -0.020527233614108492 -0.03502984681612641 -0.04651426974166911 -0.054893262625309074 -0.057117470285761696 -0.05195603123120793 -0.038216907207543935 -0.015614324351301381 0.014883375337763452 0.05144873069837083 0.09126849171514961 0.1306922676547298 0.16573986977018823 0.19232293840623102 0.20659176848318334 0.20521726054051004 0.18551276897776736 0.14946403255663368 0.09081941615959663 0.03291640221738005 0.0014166433101480377 0.012097517232500942 0.06599306526249339 0.1517782781804127 0.23613327533045592 0.29524083850767596 0.32977306968281367 0.33464076472333815 0.3123008584379895 0.2676436631694994 0.20730373751457426 0.13922610548434808 0.07136548461079333 0.010610227270265235 -0.037724796664615874 -0.07041768857194236 -0.08659922931443723 -0.08754812023422784 -0.07633513800390426 -0.057341341600752264 -0.036775720958138566 -0.01705988249849863 -0.008124877550722663 -0.005668691568316335 -0.0027998245713687824 0.015533566108415333 0.10179224991211316 0.2427615867661719 0.386562821258821 0.49529437767796786 0.5625159266153007 0.5794702636085745 0.5462474888532591 0.4678843783531816 0.3538277535706152 0.21637360192425834 0.06933038406312987 -0.07353114735240324 -0.1999724405411407 -0.3002426707616613 -0.3677377031978586 -0.39943293879887254 -0.39571956111564527 -0.3599407630929106 -0.29876206877135086 -0.2193551829615669 -0.13221771846621772 -0.05379828018488808 -0.0072461475053471865 0.012963432357112909 0.08468915187913058 0.20221778490641967 0.3261396442173496 0.42407137972049597 0.48512379791411947 0.5016311622977551 0.47096881571741217 0.39645331366508507 0.2856631393160895 0.14967035043535346 0.0014322902604539897 -0.14558890818983258 -0.2787377991713148 -0.3873561575177229 -0.46350464030477007 -0.502335286972494 -0.5022964247629471 -0.46474871712739796 -0.3938402306198334 -0.2977162198656877 -0.18087339835827365 -0.07252316696707065 -0.009239149635374023 0.004367869106146778 0.024391593152616048 0.05434353148950533 0.08713201849845041 0.1176914393923782 0.1343943961349076 0.13502631254647177 0.1169104190693142 0.08099009467215439 0.03052461400165255 -0.02961150500770387 -0.09356761860313084 -0.15545468141496036 -0.20996237630142017 -0.25282187865174527 -0.28102762989959434 -0.29284481109019295 -0.2876353612923331 -0.2655481639088683 -0.22676068007298103 -0.17523412127087157 -0.10742577921648884 -0.041662783828493366 -0.004346501321200651 -0.004346501343811992 -0.04166278393358834 -0.10742577937900125 -0.17523412152374118 -0.22676068030815738 -0.26554816409515575 -0.28763536149232466 -0.2928448112399206 -0.2810276300900938 -0.2528218787618794 -0.20996237632089948 -0.15545468136099136 -0.093567618435407 -0.029611504739845283 0.030524614290775753 0.08099009490843108 0.11691041937602184 0.1350263127173378 0.1343943963557759 0.11769143947388293 0.08713201856125447 0.05434353156104281 0.02439159315878108 0.004367869097570071 -0.00923914964223038 -0.07252316701518752 -0.18087339859797527 -0.2977162200974864 -0.3938402309043425 -0.46474871731251904 -0.502296424922753 -0.5023352870152521 -0.46350464021875115 -0.3873561573743412 -0.2787377989557133 -0.1455889078913994 0.0014322905933527152 0.14967035073903054 0.2856631395701233 0.3964533139027486 0.4709688158071622 0.5016311624208182 0.48512379785165877 0.42407137964006864 0.32613964409767116 0.20221778473128948 0.08468915179033766 0.012963432353692404 -0.0072461475442100205 -0.05379828029230617 -0.13221771857284528 -0.21935518319655353 -0.29876206897674823 -0.3599407633694425 -0.3957195611602461 -0.39943293869619584 -0.36773770302314884 -0.30024267049169134 -0.1999724402118816 -0.07353114703382505 0.06933038433210288 0.21637360211252044 0.3538277536522107 0.4678843783173116 0.546247488788118 0.5794702633687577 0.5625159263889167 0.4952943773970166 0.38656282096691524 0.2427615866290999 0.10179224985373012 0.015533566099175843 -0.002799824575174685 -0.005668691608248964 -0.008124877681328302 -0.017059882612067853 -0.03677572113778507 -0.05734134158903699 -0.07633513805904708 -0.08754812028925983 -0.08659922920529105 -0.07041768840845487 -0.03772479647815249 0.010610227495425022 0.07136548476439195 0.139226105523309 0.2073037374706719 0.2676436630648213 0.31230085818048575 0.3346407644112681 0.3297730692528098 0.29524083812750296 0.23613327507597992 0.1517782779844497 0.06599306515521482 0.012097517218655394 0.0014166432839638895 0.03291640212949476 0.09081941609706742 0.14946403251610751 0.18551276898181576 0.20521726044659128 0.20659176850520772 0.19232293856156832 0.16573986988367845 0.13069226780348736 0.09126849190875343 0.0514487307826635 0.014883375339942724 -0.015614324353857652 -0.03821690731383165 -0.05195603147121095 -0.05711747056661756 -0.05489326292725544 -0.04651426996460755 -0.0350298470234962 -0.02052723381602465 -0.005626976055455324 0.0030450109581091917 0.003839421187925738 -0.0018289973970036333 0.02551449878645818 0.07984164787892936 0.1383153548548433 0.18022736284684088 0.20795755606679966 0.21855395476605805 0.2115630480553788 0.1871774680560479 0.1464973038659156 0.09185265909788604 0.026578309748020595 -0.04487767123251654 -0.11697329217162025 -0.1836345605385045 -0.23884396870681027 -0.27677209153067733 -0.2929763949148433 -0.2847454670524612 -0.2510379557811724 -0.19510972387978118 -0.11640164885286498 -0.04155821521178462 -0.0007375324581601063 -0.008258125366010748 -0.026686179466672812 -0.04805607050417489 -0.06447419088301774 -0.07658268859637564 -0.08280449371368323 -0.08051213094782189 -0.07193496981399566 -0.05935958486719869 -0.04680419140230865 -0.03858327796961268 -0.03820839434815052 -0.04800906034366476 -0.0683100510553215 -0.09711696694340298 -0.13020733467338094 -0.1620879931256009 -0.18606380319641816 -0.1955126812735544 -0.18499967315431032 -0.15431462276753316 -0.09538801402002162 -0.03398541936400502 -0.0011750309843811821 -0.01910384105480171 -0.0943375339175214 -0.21285308288491692 -0.3328049582656893 -0.4274143511102344 -0.4887529706572785 -0.5080815593726189 -0.48386375485628286 -0.42061861928963923 -0.32618491873185024 -0.2123912545081934 -0.09254742309573147 0.020500976045921306 0.11550413940431299 0.1844295460444894 0.22302627711910933 0.23153075072417217 0.213695347637443 0.17657474710467222 0.13102388616049476 0.08294985467783131 0.047687885341419524 0.023290160142831244 0.007632697687063722 -0.022415598926448184 -0.13521555708818073 -0.31194453133424466 -0.4948764814063953 -0.6426125940789775 -0.7421576564130116 -0.7779123535944298 -0.7464728607020086 -0.6491125524868107 -0.49681043056912244 -0.30417011986517223 -0.09056290059056951 0.12336686258669273 0.3179659920613855 0.4760175436841952 0.5849140420193304 0.6375166778730125 0.6325953873698045 0.5752024467264419 0.4756121413479567 0.34908677658787324 0.21239284803068093 0.09123935276904438 0.01449464568217654 -0.024371520760922985 -0.11732727465965531 -0.27549289119903236 -0.44749285636472363 -0.5976431461572655 -0.7025457472849259 -0.7486828574744306 -0.7252695195104721 -0.6353090167788513 -0.484245690484249 -0.2870765277501711 -0.061030748498230154 0.17293068980629533 0.393486273785966 0.5810712647607262 0.7191511278561379 0.7959215650571877 0.8064441410671481 0.7501588609533212 0.6359991363886734 0.477494788539465 0.29230056315100805 0.1172242745947866 0.02182784615335585 -0.015933779337481548 -0.08146123177352689 -0.1577908482784093 -0.23330437465931758 -0.3085681411510359 -0.3601764331138613 -0.3801907560491771 -0.36503138687279535 -0.31175547715155605 -0.224882386258209 -0.10993186510747918 0.02319653587197932 0.16331902653732616 0.2981022534812938 0.415413590725653 0.5041519987676889 0.5567657462329865 0.5664553927163927 0.53485102936495 0.4607177403069477 0.35845123909637344 0.23309950018899364 0.11693225289493292 0.019777038768387576 -0.01851302707115772 -0.026263113889015855 -0.039534882326509854 -0.04977887668600494 -0.06141887082937152 -0.06803080252470274 -0.06987735678764462 -0.06379634510157663 -0.05034871244850334 -0.02904205471195155 -0.0016397423348407318 0.030388200936989386 0.06408500164220844 0.09716326362462595 0.1257114856888252 0.14838933150193634 0.1607034714379312 0.16438846874193405 0.15440491585043542 0.13805844059808964 0.1084544771276301 0.08258772448956724 0.04420016243612936 0.025635998120947617
</DataArray>
        <DataArray type="Float64" Name="Mode_13_phi2" NumberOfComponents="1" format="ascii">
 2.989495107043328e-6 1.0230124836416021e-6 2.9894951171677213e-6 1.0230124627460576e-6 1.482581744813088e-5 -2.161191007736297e-5 1.5028904316832119e-5 -3.9761797672887765e-6 1.31261125592581e-5 -3.3482042716737243e-7 1.6706611414458605e-6 -7.840660253671631e-6 -3.826952190340987e-6 -2.131387402336306e-6 5.070903584428802e-6 6.858294522185767e-6 5.928488001164805e-6 1.4154977729683742e-6 -3.0606039214155456e-6 -3.6314295208774194e-6 -2.1152957027856783e-6 4.427518056318331e-6 5.221427158145389e-6 8.76510424020104e-6 -1.2423784798353269e-6 2.3309993689712e-6 -1.2260483079358889e-5 6.837421671152397e-6 3.663049654516741e-5 -2.9377308819274254e-5 1.8208472730800322e-5 -1.3078527952141314e-5 1.0711882947728868e-5 -7.57354656429906e-6 6.229648302818685e-6 -4.538328876445379e-6 3.294539961787585e-6 -2.688158710416325e-6 1.2884484067278642e-6 -1.4249995827836275e-6 -5.434572683948528e-8 -4.027178845668549e-7 -9.82082473622495e-7 7.369843262915694e-7 -1.7942914761502818e-6 2.2094128104181544e-6 -2.611116138661838e-6 4.02271284802466e-6 -3.96389253811401e-6 8.703327272785996e-6 -2.017147092013755e-5 3.5023790304390784e-5 1.4825817376721531e-5 -2.161190999906732e-5 1.5028904231430006e-5 -3.9761796791291715e-6 1.3126112460610836e-5 -3.3482033488620533e-7 1.6706610961744133e-6 -7.840660259877702e-6 -3.826952126532304e-6 -2.1313874739654835e-6 5.070903636208745e-6 6.858294487094941e-6 5.928487992090414e-6 1.4154977959601226e-6 -3.060603961058964e-6 -3.6314294668167685e-6 -2.1152957864420102e-6 4.427518180810605e-6 5.2214270342687315e-6 8.765104371842786e-6 -1.2423786296845835e-6 2.3309995383241426e-6 -1.226048321322159e-5 6.837421747663588e-6 3.663049659904108e-5 -2.9377308844884444e-5 1.820847271255848e-5 -1.3078527898713716e-5 1.071188287813473e-5 -7.5735465049887396e-6 6.229648273236363e-6 -4.538328872584871e-6 3.2945399682808686e-6 -2.6881587123695284e-6 1.2884483934480225e-6 -1.4249995636422286e-6 -5.4345740659040125e-8 -4.0271786476165e-7 -9.820825161993545e-7 7.369843963331609e-7 -1.7942915801180256e-6 2.2094129601170044e-6 -2.6111163216586114e-6 4.022713018009201e-6 -3.963892668259746e-6 8.703327359021947e-6 -2.0171470987893496e-5 3.502379038280464e-5 0.0254589294216799 0.014749936478072214 0.015315529227411934 0.013095521956965648 0.01127166718968366 0.00579288940200265 0.0015358620514133313 -0.004248400331211081 -0.008442933926446027 -0.01241143389727485 -0.014786134825055235 -0.015842549559374555 -0.0157720295399195 -0.013801703294776917 -0.011855523184254766 -0.007604056551639401 -0.005266024348443848 -4.846213870092334e-5 0.000671727460903018 0.0056132583267546245 0.002715443866283422 0.007480461983140402 0.0028787526844128745 0.019654016315990383 0.05036136582856256 0.10779734438368066 0.08504724046773939 0.09350373490615137 0.0684389435090244 0.040976050475933466 0.007960708256363478 -0.025012617074195935 -0.055156405656207656 -0.07999470265695088 -0.09676267744978338 -0.10531855391941898 -0.10395604847209533 -0.09396709428086922 -0.07646882978622901 -0.052544068615125145 -0.02662583911664525 0.0012824622149824251 0.024338360182833443 0.043108565217012326 0.05627294858298841 0.04076753759882801 0.05183553694756285 0.04520842328664344 0.09704613021121691 0.23653222819121728 0.25076947481842343 0.2365054211427073 0.1860324368144105 0.1114402560547108 0.02603744784333359 -0.062496990941617536 -0.14556457503184367 -0.21487983164810937 -0.2648813610876072 -0.2910464055510694 -0.2910403260758901 -0.2656117575805777 -0.21679933955474384 -0.1505712446923648 -0.07247327499761579 0.007791780446020572 0.0827836392120426 0.14021355143300773 0.1826866520956384 0.1627375536072198 0.166043240184137 0.08760789464079577 0.13113323899922147 0.36712185041204837 0.4177043167369813 0.39171117653095566 0.31558833937274555 0.19658127914562218 0.05484253561592572 -0.09632647865042716 -0.24091763339122044 -0.36616496767481477 -0.4591386068748873 -0.5117118061261319 -0.5182600973913662 -0.47796752986849483 -0.39468052306418516 -0.2762407098438615 -0.13481140232919775 0.014946341308817406 0.15693141130244723 0.2703402494142509 0.35004020657742496 0.34908500331536135 0.3167405719200216 0.13320816668655813 0.1570371003563971 0.43195990816271884 0.49722176089985853 0.4844200746293348 0.3969791081525539 0.2600930511964625 0.08582571604410014 -0.1047290360759518 -0.29365785288790885 -0.46119300256540824 -0.5911548836007847 -0.6693048636052561 -0.6873486665276176 -0.6419467719402365 -0.536612387083948 -0.3809292310840971 -0.19055441462464326 0.014766162128367632 0.21195466993772313 0.37594914893236064 0.48691079711216534 0.5137992754186164 0.4520517183400736 0.1750295716363095 0.16196546265770112 0.41949186658737486 0.469606237847159 0.48896873805784724 0.4091089352135318 0.2824296823556474 0.10964184870483658 -0.08737848403453383 -0.28832893371712776 -0.4727678581956034 -0.6204729550917762 -0.7151274890391867 -0.744789212877298 -0.7043065723160518 -0.5955484063011088 -0.42814241240016104 -0.21855621616898283 0.010581575234292406 0.23355258953097358 0.42225358228694154 0.5480812992030475 0.5882798382481916 0.5189527575906133 0.19915107345199584 0.15958640610404126 0.36294044571770673 0.385449666604628 0.4367673367022223 0.3748362943082436 0.2723742557219555 0.12097169117560597 -0.058530585756340965 -0.24756840101952537 -0.4255854813310031 -0.5726487385935409 -0.6710869100217259 -0.7079380391829284 -0.6763447265399715 -0.5769831284448386 -0.41831252969580796 -0.2162917232415172 0.006989007586805568 0.2245463694980012 0.40997792422140256 0.5311594838872603 0.5636848423128817 0.5093594678861149 0.20691942981805 0.15880386055263176 0.3301594083250471 0.33290258543576173 0.3962010350708282 0.3457786918785722 0.25668405671767236 0.1207148774836864 -0.04370352829662328 -0.21863427930408277 -0.3850721923076512 -0.5236567471108163 -0.6175096468085026 -0.6538437718257069 -0.62585229921535 -0.5339421640873939 -0.38616401506387604 -0.19796630342055985 0.009435065749227933 0.20980819556948216 0.37674258384433695 0.4864617025265799 0.49184014450852503 0.46568486820256255 0.20524243599622297 0.17330775088382497 0.366813793357774 0.37516261013515595 0.4224744933241709 0.3647720360454514 0.2607923710916073 0.11332410677999895 -0.0604436916765783 -0.24090933037207501 -0.40870299056675086 -0.544921740529907 -0.6332994012117564 -0.6622544271205806 -0.6263108050194847 -0.5272763130128397 -0.37451264338739937 -0.18447650968929177 0.02090260146569314 0.21554566012502263 0.371348993153189 0.4748547873510139 0.4545093516529927 0.4444195611377067 0.2070400761596023 0.2002412906451913 0.46937370128976014 0.5044111367492075 0.5194795796102061 0.43541615507551173 0.29143348646827 0.10380191175217099 -0.10690340747089945 -0.31769460134891864 -0.5063254787580587 -0.6525913045347341 -0.7402648036452651 -0.7587112291320002 -0.7045042196738058 -0.5819660757954661 -0.40337905127733675 -0.18804448412880104 0.03963709924419091 0.25180385212743406 0.41696285746007605 0.5280920083451984 0.49770724613348527 0.4808789900013224 0.2182564418099423 0.2305167617429241 0.5846601176992452 0.6516878405793282 0.6389170314448848 0.5221063327695313 0.3326475682763705 0.09544164024668243 -0.16303139557343502 -0.41494691926357996 -0.6342859728272796 -0.798288489454418 -0.8898235758698047 -0.898841715050221 -0.8236470265626743 -0.6713011281668331 -0.4572222940957132 -0.20420224941941872 0.060065783474676504 0.3052124028837736 0.4962505832965197 0.6243123957727758 0.6056858290505445 0.5613466463166512 0.23625642549700776 0.24941094963298951 0.6506191658149696 0.7335803474142847 0.7142630634506146 0.5749525496659711 0.35792417260471365 0.0875440021714089 -0.20374243930757072 -0.48467152291667054 -0.725957901574765 -0.9029163179948853 -0.9974994547417553 -1.0 -0.9099371244781234 -0.7362431694272666 -0.4964907880025093 -0.2155489575553967 0.07663356897057579 0.34813763261110275 0.5632042921935099 0.7050995097984009 0.7089036911493319 0.6360959076762053 0.25029495716873446 0.2502949572450679 0.6360959078412768 0.7089036912614035 0.7050995098519116 0.5632042921235721 0.34813763246491614 0.0766335687846237 -0.2155489578042086 -0.4964907881678353 -0.7362431696514089 -0.9099371245768305 -0.9999999999773933 -0.9974994546612425 -0.9029163178248547 -0.7259579013246974 -0.4846715227643455 -0.20374243902969347 0.08754400227308232 0.3579241728059481 0.5749525496478818 0.7142630634180781 0.733580347225996 0.6506191655792466 0.24941094954870047 0.23625642554240928 0.5613466464038661 0.6056858290113146 0.624312395873695 0.496250583219448 0.3052124028146195 0.06006578332952712 -0.20420224960316186 -0.4572222942187767 -0.6713011282857334 -0.8236470265890118 -0.898841714941514 -0.8898235757153509 -0.7982884892769369 -0.6342859726323251 -0.4149469190826734 -0.16303139541780812 0.09544164038310536 0.33264756831967235 0.522106332745629 0.6389170313735432 0.6516878403977543 0.5846601174728298 0.2305167616875858 0.2182564418379379 0.480878989932638 0.49770724607943895 0.5280920083125806 0.4169628574708336 0.2518038520381784 0.03963709929349298 -0.18804448419986736 -0.4033790513137679 -0.5819660758608725 -0.7045042196348102 -0.7587112290045042 -0.7402648035419837 -0.6525913044327842 -0.5063254786096795 -0.3176946012770432 -0.10690340737336106 0.10380191177966476 0.2914334864569493 0.4354161550306588 0.5194795795250328 0.5044111366521237 0.4693737011861962 0.2002412905857986 0.20704007614175654 0.44441956104252256 0.45450935151517663 0.4748547873240008 0.37134899312126496 0.21554566019956775 0.020902601551425405 -0.18447650965402154 -0.3745126433338116 -0.5272763130024053 -0.6263108049664903 -0.662254427008444 -0.6332994011838791 -0.544921740545267 -0.4087029905377498 -0.24090933034019482 -0.060443691733955564 0.11332410675238304 0.2607923710376736 0.3647720360003278 0.42247449335606285 0.3751626101418342 0.36681379331366226 0.17330775088283473 0.20524243596213612 0.46568486802364595 0.49184014441212165 0.4864617024640804 0.3767425838544696 0.20980819567495987 0.00943506583973989 -0.1979663032609124 -0.3861640149539324 -0.5339421640672606 -0.6258522991034717 -0.6538437718065684 -0.6175096468759835 -0.5236567471426168 -0.3850721923919979 -0.21863427938722796 -0.043703528401907846 0.12071487739410121 0.2566840567011357 0.3457786918917569 0.39620103516449534 0.33290258554321533 0.33015940837917324 0.15880386054266132 0.2069194297169582 0.5093594677224608 0.5636848422406489 0.5311594838182541 0.40997792424156804 0.22454636958410437 0.006989007774563758 -0.21629172309100786 -0.4183125295945057 -0.576983128333134 -0.6763447265004014 -0.7079380392392012 -0.6710869101042746 -0.5726487387156545 -0.4255854814572497 -0.24756840123105275 -0.05853058580691352 0.12097169107532624 0.2723742557362238 0.3748362943819766 0.43676733681838803 0.3854496667618566 0.36294044580087886 0.15958640608598684 0.19915107339073837 0.5189527574531001 0.5882798382090375 0.5480812991189081 0.42225358230150034 0.23355258960758893 0.010581575377803342 -0.21855621600261407 -0.42814241224419436 -0.5955484062293877 -0.7043065722913315 -0.7447892129230778 -0.7151274891473194 -0.6204729552109046 -0.4727678583379495 -0.28832893385034625 -0.08737848415631166 0.10964184868510034 0.28242968234884624 0.4091089353723957 0.48896873815147274 0.4696062379705318 0.41949186660237286 0.16196546266364223 0.17502957153561027 0.45205171824961865 0.5137992753357985 0.4869107970879659 0.3759491489024941 0.21195466999111853 0.014766162249150266 -0.19055441449871952 -0.3809292309408742 -0.5366123870365694 -0.6419467719385691 -0.6873486665722603 -0.6693048636482106 -0.5911548837031249 -0.4611930026225158 -0.29365785299234404 -0.1047290361026339 0.08582571603469444 0.2600930512170429 0.39697910825574756 0.48442007474141563 0.49722176093918585 0.4319599081304117 0.15703710030256673 0.1332081666321232 0.31674057178767195 0.34908500330043574 0.3500402065694904 0.27034024941975926 0.15693141134366012 0.014946341333331883 -0.13481140219072577 -0.2762407098000125 -0.3946805229851527 -0.47796752989398167 -0.5182600973801856 -0.511711806158292 -0.45913860687303343 -0.36616496771327967 -0.2409176333874734 -0.09632647864076892 0.054842535656026856 0.19658127915685264 0.315588339378587 0.39171117657413856 0.41770431673382047 0.3671218503398644 0.13113323896009652 0.08760789453308133 0.16604324013076682 0.1627375536010657 0.18268665208297255 0.1402135514457137 0.08278363922212609 0.007791780457086878 -0.07247327495115133 -0.1505712446414698 -0.21679933952889577 -0.26561175755117583 -0.29104032608642605 -0.29104640552489286 -0.2648813610739278 -0.21487983159534485 -0.1455645750245969 -0.06249699089401862 0.026037447890653494 0.11144025605544028 0.18603243680761025 0.2365054211027008 0.2507694748221593 0.23653222807408536 0.09704613013525462 0.045208423269973354 0.05183553691942788 0.04076753760146001 0.05627294858082595 0.043108565217091985 0.024338360203128396 0.0012824621963658744 -0.026625839100956887 -0.052544068604078925 -0.07646882977879274 -0.09396709426584317 -0.10395604843958545 -0.10531855390873363 -0.09676267745124101 -0.07999470259733589 -0.0551564056507655 -0.025012617040063204 0.007960708246664363 0.04097605055697575 0.06843894347413663 0.09350373491576815 0.08504724040085818 0.10779734430714719 0.05036136579421901 0.01965401628920653 0.0028787526819135122 0.007480461981761553 0.002715443849194122 0.0056132583391116765 0.0006717274430688597 -4.8462137093405704e-5 -0.005266024345319951 -0.007604056551889164 -0.011855523176570805 -0.013801703285946966 -0.015772029543868055 -0.015842549557407222 -0.014786134820884412 -0.012411433885384066 -0.008442933934028366 -0.004248400313149937 0.0015358620303841644 0.005792889449653803 0.01127166715845816 0.013095521975270821 0.015315529204254566 0.014749936460091512 0.025458929378614114
</DataArray>
        <DataArray type="Float64" Name="Mode_14_w" NumberOfComponents="1" format="ascii">
 6.159817499418383e-7 1.9445468440761685e-6 6.15981749903671e-7 1.9445468439901116e-6 -8.270801396379871e-7 1.8618385968725402e-6 1.8389941416279596e-7 4.3963501326330337e-7 -6.057889065991336e-7 -4.710303771091531e-7 -4.710303771091531e-7 -3.8978659243371154e-7 5.411583824775365e-7 1.1256429451172617e-6 9.897299555321704e-7 -1.4564489680482993e-7 -9.300168044895254e-7 -6.024553568263492e-7 3.8570241787604997e-7 1.161915092473571e-6 7.097541240085348e-7 5.680761327508241e-7 5.680761327508241e-7 -1.8924551659664625e-6 -7.987670645944611e-7 -4.140003064909443e-6 -4.38878428105863e-7 -1.2365384469135094e-6 -1.1886477243137387e-7 1.2788777281358637e-6 -1.5203687833147676e-6 9.436197691787884e-7 -6.699036499609453e-7 5.908753060521023e-7 5.908753060521023e-7 -2.0635779612909942e-7 -2.3237223229380993e-7 -3.8120283854749343e-7 -3.207456357970252e-7 -1.796930801568788e-7 -3.7641781005566496e-8 6.814814296713709e-8 2.3348830923016375e-7 1.7069079746711705e-7 1.7932450836860054e-7 4.471784623360865e-8 4.471784623360865e-8 1.5597361721137424e-7 5.063166561554835e-7 -3.169961180880793e-7 8.145510903454227e-7 -1.2081444009822106e-6 -8.270801395252874e-7 1.861838596706806e-6 1.8389941413989444e-7 4.3963501292031056e-7 -6.05788905895386e-7 -4.7103037716660624e-7 -4.7103037716660624e-7 -3.897865916515101e-7 5.411583812337875e-7 1.1256429454297664e-6 9.897299543154794e-7 -1.4564489738671832e-7 -9.300168055316342e-7 -6.02455357273322e-7 3.8570241823996163e-7 1.1619150924229724e-6 7.097541233576798e-7 5.680761320381301e-7 5.680761320381301e-7 -1.8924551677119583e-6 -7.987670655387701e-7 -4.140003065673488e-6 -4.388784273101817e-7 -1.2365384467841893e-6 -1.188647713844478e-7 1.27887772836797e-6 -1.520368783569246e-6 9.436197696695679e-7 -6.699036498225203e-7 5.908753075677856e-7 5.908753075677856e-7 -2.0635779511957604e-7 -2.3237223199598655e-7 -3.8120283727789893e-7 -3.2074563467634236e-7 -1.7969308180888973e-7 -3.764178055953054e-8 6.814814215266704e-8 2.334883093909604e-7 1.70690796163965e-7 1.7932450767927226e-7 4.4717845019943415e-8 4.4717845019943415e-8 1.5597361671500193e-7 5.063166570237854e-7 -3.1699611773991953e-7 8.145510901923163e-7 -1.2081444015561846e-6 0.0003389480616170325 0.0009460620476901103 0.0014285390538391416 0.00194390612745331 0.002381958372995745 0.002583945852092754 0.002583945852092754 0.0025966004969994252 0.0023001512238844737 0.0017508853654761537 0.0009179234510241263 -0.00010151344446717588 -0.0012556351506740765 -0.002387655019896119 -0.003420593937845175 -0.004166321124046043 -0.004610601415765375 -0.004579093699130056 -0.004579093699130056 -0.0042231427457556986 -0.003391180893990147 -0.0024912670629772273 -0.0015251759606978782 -0.0004604942620689467 0.0007725405207063994 0.004902857634245573 0.009750653765594336 0.013875931841787259 0.017503251656620405 0.019859583854384192 0.019859583854384192 0.020584283278684577 0.01927916543504768 0.015703311487857023 0.009879197748138063 0.0021243993328866092 -0.0069703177969620625 -0.01639934271826102 -0.02518690322611268 -0.032071123412097724 -0.036261526552379575 -0.036861894147737544 -0.036861894147737544 -0.03392445130300596 -0.02757002532531258 -0.018637871782677208 -0.009971047313242096 -0.0014275615843771347 0.0006205032830490958 0.005675837323944303 0.014033915708776283 0.02213235268679272 0.02966629153171887 0.035823453481301164 0.035823453481301164 0.03944179099394835 0.039532349948414404 0.03522574975214968 0.026110960102334203 0.012428255253318232 -0.00486502642612921 -0.024019664229050358 -0.04272748792776301 -0.05852609753962903 -0.06895690518117148 -0.0723152302061412 -0.0723152302061412 -0.06746474319782414 -0.05515101794017198 -0.03649912350507479 -0.015862930375918592 -0.0020176624949320757 0.0004402051640609248 0.0041597704508437245 0.010297657900990215 0.0178331907643617 0.025694798145224806 0.033154986455957935 0.033154986455957935 0.038945487490061756 0.0416064058921322 0.039871227614949975 0.03283619130280351 0.020291781596278247 0.0029455351156214135 -0.017551332335444408 -0.03868120692954522 -0.05752120600743456 -0.07111765570969716 -0.07700484919570487 -0.07700484919570487 -0.07375414222233957 -0.061326498328034114 -0.04198828674170063 -0.018246334019180254 -0.0021338011212310845 0.00018562589968679655 0.0009665105686443828 0.001417957245702451 0.004033158479926158 0.00793187337680838 0.01281413463609056 0.01281413463609056 0.017781659703356083 0.021762438865993307 0.02358792959541852 0.022295862601564492 0.017290033332181615 0.00858123071303245 -0.0030824140708077333 -0.016270738527345223 -0.029025679481063466 -0.03924372949395891 -0.044981994398616845 -0.044981994398616845 -0.04490939131060884 -0.03868279514058093 -0.02756186447905661 -0.012931326105251656 -0.0017840279476141693 0.00016266717904706214 -0.0005265101806245211 -0.003953878576336746 -0.005826837995383199 -0.006904410123606792 -0.006985687356574483 -0.006985687356574483 -0.006139343892664255 -0.004555230726450794 -0.002437210901028684 -0.00014147013248389428 0.001959965154876347 0.003481755955786719 0.004148430458647122 0.0038589343473084217 0.0027108277932802894 0.0010325944488829017 -0.0007944102925244154 -0.0007944102925244154 -0.002329378612783939 -0.003146343172470527 -0.003602097683593869 -0.0033248165834739466 -0.0007711642311934891 0.00016266717904706214 -0.0005265101806245211 -0.003953878576336746 -0.005826837995383199 -0.006904410123606792 -0.006985687356574483 -0.006985687356574483 -0.006139343892664255 -0.004555230726450794 -0.002437210901028684 -0.00014147013248389428 0.001959965154876347 0.003481755955786719 0.004148430458647122 0.0038589343473084217 0.0027108277932802894 0.0010325944488829017 -0.0007944102925244154 -0.0007944102925244154 -0.002329378612783939 -0.003146343172470527 -0.003602097683593869 -0.0033248165834739466 -0.0007711642311934891 0.0004860610847828214 0.001731731285976346 0.0009474288173816229 -0.00055853844628137 -0.0030745192288509065 -0.006799135557066213 -0.006799135557066213 -0.011074143610035456 -0.015097333444161943 -0.017893729985054813 -0.018578899300082562 -0.01661742259745721 -0.011941167915203086 -0.005056244394901797 0.003061264406061559 0.011118120567039256 0.017743727493237778 0.021776898132689064 0.021776898132689064 0.022296243035607514 0.0191943891196646 0.012971818122016344 0.003713169908220816 4.941111875557861e-5 0.0008977265430339562 0.006316416154223307 0.013051124933972737 0.017070677580373447 0.017793375983314055 0.014440307426681858 0.014440307426681858 0.00749578684156537 -0.0017538198615186032 -0.011571467722810074 -0.020051304022756327 -0.025510896093870448 -0.026845404544759123 -0.023798776601420317 -0.01702894573601035 -0.00792381261096531 0.0016297700071461728 0.009686150330527115 0.009686150330527115 0.01455442490812483 0.01517559548844669 0.011959128747565387 0.004477151631345999 0.0004124441976393026 0.0010376455611039415 0.009110105932133851 0.021628933022261793 0.03129176536780036 0.03686679787026439 0.03701399389877902 0.03701399389877902 0.03159759881632416 0.021470025497161916 0.008238164774576258 -0.006032010931651264 -0.019184396291053642 -0.029319758003970173 -0.03517189804269729 -0.0363486463145116 -0.03329742291009389 -0.027148064614634374 -0.01945193714629405 -0.01945193714629405 -0.01182793816745007 -0.005694071718767705 -0.001395768683649812 4.82315709970847e-5 0.0001585395680175676 0.0006934052107967297 0.007100383663612033 0.017844928702935085 0.027710489201452495 0.03488137156498527 0.03820571426561948 0.03820571426561948 0.03689590595708204 0.031021551193813144 0.021257660576153685 0.008845061229957223 -0.004631945879603088 -0.017488216176414686 -0.028188070315335007 -0.03561580408297775 -0.039216272055476016 -0.0389808881587479 -0.03536878729131864 -0.03536878729131864 -0.029152371097821612 -0.021378808664730315 -0.012825451239527242 -0.004130148094265987 -0.00020109826423722057 0.00010889107942205694 0.0012608749899888179 0.0030390101044272737 0.006409443350326808 0.009712688955201774 0.01262272328859146 0.01262272328859146 0.014391755168636248 0.014542261044056084 0.012871459015653126 0.009401248938931291 0.004446922115613603 -0.0014519102531572153 -0.007608221217332892 -0.013284673586932116 -0.01779987435386366 -0.02061833294368025 -0.02140910288388704 -0.02140910288388704 -0.019967558617021475 -0.016392696618398254 -0.011218113507084114 -0.0039019260661622406 -0.00029153916283113784 -0.0002915391607133408 -0.00390192605218608 -0.0112181134788206 -0.016392696576259455 -0.019967558565448174 -0.021409102828997127 -0.021409102828997127 -0.020618332888993986 -0.01779987430540032 -0.013284673550802921 -0.007608221192428033 -0.0014519102442094502 0.0044469221073324215 0.009401248918256945 0.012871458979393237 0.014542260998465114 0.014391755111908601 0.01262272322828573 0.01262272322828573 0.009712688899453741 0.006409443306220527 0.003039010074308106 0.001260874975403053 0.00010889107749371172 -0.00020109826223929723 -0.004130148080973803 -0.012825451215026722 -0.021378808629459782 -0.02915237105313808 -0.035368787242441524 -0.035368787242441524 -0.03898088811156601 -0.0392162720117222 -0.03561580404777952 -0.028188070293627982 -0.01748821616682113 -0.004631945887590561 0.00884506121080806 0.021257660543635846 0.031021551149071083 0.036895905905109105 0.038205714210735583 0.038205714210735583 0.03488137151237078 0.027710489157774458 0.017844928674703282 0.007100383649330939 0.0006934052088752974 0.00015853956992591874 4.823158419349471e-5 -0.0013957686607808583 -0.005694071686629272 -0.011827938129373659 -0.019451937104850502 -0.019451937104850502 -0.02714806457297859 -0.03329742287395653 -0.03634864628386672 -0.03517189802253835 -0.029319757997480798 -0.01918439629640101 -0.006032010950710735 0.008238164745818405 0.02147002545846042 0.031597598771484034 0.03701399385342056 0.03701399385342056 0.03686679782903382 0.031291765333060786 0.02162893299879085 0.009110105920957295 0.001037645559583627 0.00041244419948727185 0.004477151644136889 0.011959128770549792 0.015175595520166866 0.014554424946819817 0.009686150369855725 0.009686150369855725 0.0016297700460284556 -0.00792381257652652 -0.017028945710570804 -0.0237987765850608 -0.02684540454054956 -0.02551089610140998 -0.020051304039553616 -0.011571467750138538 -0.0017538198932412537 0.007495786807462813 0.01444030739247252 0.01444030739247252 0.017793375953202226 0.01707067755743174 0.013051124918511863 0.006316416146136029 0.0008977265417446922 4.941112084630434e-5 0.003713169921667294 0.012971818147244544 0.019194389157379834 0.02229624307953954 0.02177689817902056 0.02177689817902056 0.017743727535133823 0.011118120602206166 0.003061264431300393 -0.005056244382687312 -0.01194116791523229 -0.01661742260964347 -0.01857889932207934 -0.017893730012177436 -0.01509733347436847 -0.011074143639914052 -0.006799135581691503 -0.006799135581691503 -0.0030745192493324205 -0.0005585384620277802 0.000947428807798265 0.0017317312811073857 0.0004860610840907711 -0.0007711642290768726 -0.003324816568516996 -0.003602097653679062 -0.0031463431304508357 -0.0023293785618143225 -0.0007944102407569846 -0.0007944102407569846 0.0010325944971844516 0.0027108278317450793 0.003858934372648295 0.004148430468877931 0.003481755949716364 0.0019599651363957876 -0.00014147016097640553 -0.0024372109340170768 -0.004555230759107038 -0.006139343921623566 -0.006985687380440673 -0.006985687380440673 -0.006904410139479458 -0.005826838006952546 -0.003953878583317387 -0.0005265101843172031 0.0001626671783385861 -0.0007711642290768726 -0.003324816568516996 -0.003602097653679062 -0.0031463431304508357 -0.0023293785618143225 -0.0007944102407569846 -0.0007944102407569846 0.0010325944971844516 0.0027108278317450793 0.003858934372648295 0.004148430468877931 0.003481755949716364 0.0019599651363957876 -0.00014147016097640553 -0.0024372109340170768 -0.004555230759107038 -0.006139343921623566 -0.006985687380440673 -0.006985687380440673 -0.006904410139479458 -0.005826838006952546 -0.003953878583317387 -0.0005265101843172031 0.0001626671783385861 -0.0017840279457308407 -0.01293132609187687 -0.027561864450385273 -0.03868279509912132 -0.04490939126133636 -0.04498199434593559 -0.04498199434593559 -0.03924372944569828 -0.029025679442477244 -0.016270738502848974 -0.0030824140624071566 0.008581230705102064 0.017290033309581083 0.022295862569715618 0.023587929559484744 0.021762438831145467 0.017781659673429654 0.012814134612962684 0.012814134612962684 0.007931873360126403 0.004033158470830086 0.0014179572400789193 0.000966510566531658 0.00018562589955850548 -0.002133801119759791 -0.018246334008545407 -0.04198828672018394 -0.06132649829586952 -0.07375414218324564 -0.07700484915434988 -0.07700484915434988 -0.0711176556709043 -0.05752120597650252 -0.03868120690989405 -0.01755133232977253 0.002945535108006149 0.020291781576611195 0.03283619127441855 0.03987122758378098 0.041606405862568765 0.0389454874640657 0.03315498643574068 0.03315498643574068 0.025694798131012556 0.01783319075528865 0.010297657896127875 0.004159770448401385 0.0004402051636945658 -0.002017662494011786 -0.015862930369501402 -0.03649912349291597 -0.05515101792284158 -0.06746474317565244 -0.07231523018264142 -0.07231523018264142 -0.0689569051591764 -0.05852609752160675 -0.042727487916112965 -0.02401966422517835 -0.004865026430996846 0.01242825524128787 0.026110960085059254 0.03522574973297892 0.03953234992966839 0.03944179097773991 0.0358234534680529 0.0358234534680529 0.02966629152227439 0.022132352680811995 0.014033915705250066 0.005675837322735819 0.0006205032829352127 -0.0014275615839269048 -0.00997104731040394 -0.018637871779143247 -0.02757002531995911 -0.0339244512967825 -0.03686189414008647 -0.03686189414008647 -0.03626152654555752 -0.032071123405972596 -0.025186903222359232 -0.01639934271670866 -0.0069703177985173115 0.00212439932853654 0.009879197742851635 0.015703311481118632 0.019279165429111633 0.020584283272765496 0.019859583850018105 0.019859583850018105 0.017503251652634732 0.013875931839478021 0.009750653764440302 0.0049028576337250334 0.000772540520546733 -0.0004604942618776023 -0.0015251759604753502 -0.002491267062515668 -0.0033911808936755807 -0.004223142745172997 -0.004579093698567313 -0.004579093698567313 -0.004610601415189247 -0.004166321123483092 -0.0034205939375369795 -0.002387655019884992 -0.001255635150774064 -0.0001015134447799669 0.0009179234504461154 0.001750885364965869 0.002300151223354787 0.0025966004966020253 0.0025839458517097585 0.0025839458517097585 0.0023819583726263547 0.0019439061272082448 0.0014285390536067106 0.0009460620476744712 0.0003389480615890962
</DataArray>
        <DataArray type="Float64" Name="Mode_14_phi1" NumberOfComponents="1" format="ascii">
 2.702775019261871e-6 3.530915224558031e-6 -2.7027750162891446e-6 -3.530915216889234e-6 2.7774000921661692e-5 -1.2187839331019802e-5 3.3754000577245914e-6 -2.21801049046022e-6 -2.5097474288593196e-6 -1.9988143577798193e-6 1.5000985195108802e-6 3.261879890287161e-6 2.985239184750531e-6 7.665132043173698e-7 -3.9616844248232745e-6 -2.4466071792400846e-6 -5.244791482021108e-6 6.1785518250931e-6 -1.6732333872968554e-6 1.2878583549313596e-5 -1.0594579716612384e-5 1.0357806928764775e-5 -2.419831732293286e-5 1.9781223573805593e-5 -2.9352681560861432e-5 4.570084974752795e-5 -6.429568695078011e-5 8.802794733697037e-5 2.4759767558921574e-5 -2.3786855347436453e-5 1.3578995760872034e-5 -3.7337497076263194e-6 1.3164191877620526e-5 5.141262170099216e-6 1.1668507385921307e-5 6.5879396391216995e-6 7.601260448239385e-6 3.473126989885539e-6 2.032161216538186e-6 -1.22492372999036e-6 -2.784662137552768e-6 -5.102635512044842e-6 -5.101678187466826e-6 -6.802364674724079e-6 -4.6593155373035795e-6 -6.474829250778085e-6 -2.1853747873185966e-6 -5.728328599007836e-6 2.9565648207778126e-6 -8.623997463540541e-6 1.5668213203206195e-5 -9.106572684706784e-6 -2.7774000920242e-5 1.2187839338877517e-5 -3.37540008217599e-6 2.2180105372149077e-6 2.5097473660852212e-6 1.9988144217626163e-6 -1.5000985760268945e-6 -3.2618798443574168e-6 -2.9852392154974572e-6 -7.66513188288346e-7 3.961684428388661e-6 2.4466071633590613e-6 5.244791501464219e-6 -6.1785518458582495e-6 1.6732334048381255e-6 -1.2878583564609909e-5 1.0594579727836964e-5 -1.035780692941983e-5 2.4198317320759493e-5 -1.9781223573512943e-5 2.9352681566032897e-5 -4.570084976754242e-5 6.4295686977538e-5 -8.802794736577075e-5 -2.4759767563360972e-5 2.378685533133836e-5 -1.3578995742115973e-5 3.733749666023885e-6 -1.3164191827210064e-5 -5.141262222777946e-6 -1.1668507340900083e-5 -6.587939682679429e-6 -7.601260411564523e-6 -3.4731270242994046e-6 -2.0321611946213857e-6 1.2249237076878293e-6 2.7846621669528367e-6 5.102635455163653e-6 5.1016782715474334e-6 6.802364583804682e-6 4.659315624376097e-6 6.474829182067915e-6 2.1853748333207006e-6 5.728328580756101e-6 -2.9565648196813658e-6 8.62399746604108e-6 -1.5668213208957545e-5 9.106572690406821e-6 0.01965202572829971 0.042250539869686396 0.08287963888364126 0.11857206146151998 0.15182215178586847 0.17511122466205256 0.18769447794937563 0.18474297807821774 0.16593425275659157 0.12933686206107345 0.0768094472600197 0.010570893616579683 -0.06431594668171942 -0.14194084171060264 -0.21471773405339473 -0.2759282617883674 -0.3178391097393104 -0.33715658417773076 -0.3288626916070074 -0.2975087031707513 -0.2416085337406996 -0.17776113304451877 -0.10464695890001902 -0.05281743675478997 0.008108557158706125 0.07665376143609334 0.1641476084721458 0.26043798596019685 0.3439847324108373 0.41402156389540845 0.46029165588660265 0.4743310966794044 0.4481291228039733 0.376643207580293 0.25891349961208543 0.09933307526049001 -0.0912958972263994 -0.29697247433896234 -0.49791654119635465 -0.6710694013171425 -0.7974329395447782 -0.8567566202857881 -0.8428563166043963 -0.7508574284102817 -0.5887333639679825 -0.38810844679153667 -0.16963596826194102 -0.01718904550809731 0.0007611050345815373 0.004498009891398629 0.048947252147554215 0.10849108229345004 0.17820834644776526 0.25067678549108957 0.31944476096906155 0.3730315921650768 0.3998492951854221 0.3892980607554489 0.3339893128404988 0.23234068449673498 0.08888507753143825 -0.08453886000323953 -0.2691541277053053 -0.4442443367648332 -0.5835077926432386 -0.6698932962401913 -0.681469731885741 -0.6182925878192179 -0.48304003362305414 -0.28114383004855004 -0.09805695341727283 -0.02077866607735818 -0.005111469847922726 -0.0332462747252531 -0.08840135907461107 -0.1332146492696818 -0.15136664065588962 -0.15056886774044387 -0.1275916669397889 -0.0867055290080379 -0.033195867158937 0.026384261153616785 0.08415901068617805 0.13267465066360076 0.16593999795411868 0.17989907947223455 0.17381853295406904 0.15068266165509006 0.11457413870007839 0.07443312623752146 0.03369210519094312 0.0060184082689952925 -0.018953551987563013 -0.024382390430656927 -0.01131144094643082 0.006105881113992491 -0.0071871242037348905 -0.06896150197447982 -0.17287515636427656 -0.2874616774516902 -0.38262947025754684 -0.45643408098966476 -0.5003811635990791 -0.5067067617177741 -0.4694604392852782 -0.38609033649927826 -0.25800977256098245 -0.09233537282793523 0.09854447707488394 0.2979050281032373 0.4859020304688212 0.642594441840955 0.750030337650282 0.794377981453812 0.7692795229840171 0.6737908618254147 0.5215525934684336 0.3262155973255056 0.1358827802491251 0.015931538209281337 -0.0025900074477120216 -0.03697131862605584 -0.1061483296039583 -0.1955165459684744 -0.2945418044806753 -0.39782634429542296 -0.4933084732678863 -0.5658453501119278 -0.5988020103326993 -0.5767489468814418 -0.49004315597929465 -0.33655872754304295 -0.1240638673631796 0.12970607692585084 0.39854356981694755 0.6504949397653819 0.8529043748638996 0.9764041037493784 0.9999999999967052 0.916340252234246 0.7337971529560134 0.4667545379838655 0.19799291294836885 0.031794842823302444 0.00606840618674658 0.034212309914448624 0.07305465895841441 0.09141997228067293 0.06801691787381767 0.00946730501133421 -0.0830482297856679 -0.19268506774973987 -0.3005555050644845 -0.38524680832081043 -0.42653002197828077 -0.41042182170324126 -0.3314872030841941 -0.1948697628133602 -0.016214214351664452 0.1801062803912675 0.3644248136216834 0.5073529302779017 0.5839342407377522 0.5765775771697476 0.491821324164563 0.32776774046346424 0.14107665614129353 0.021042653759631012 0.011368826349595271 0.08997601660886417 0.21996794554914795 0.344234275368483 0.4186532457123274 0.44204946016758 0.40856021004906135 0.3226102549989576 0.19674853867470146 0.047798213511049376 -0.10454904233297113 -0.24020961596638044 -0.34247572868433257 -0.40041705406788913 -0.41041532218394267 -0.37638356793236927 -0.30907012995186567 -0.22366446290419723 -0.13620699358891825 -0.06264262435205666 -0.00975653876179329 0.01528499891680424 0.01823081863068666 0.009750072875987106 0.008433275688879225 0.07915544157833584 0.20268072317497024 0.3381314654082727 0.44959382427486744 0.5304619062262297 0.569128642333812 0.5594205404644084 0.49870159412787407 0.39017084973407556 0.24196438001842244 0.06665681409563214 -0.11949406731228693 -0.29863955478800625 -0.4537321479753256 -0.5702714045455183 -0.6377859371969553 -0.6511523429341698 -0.6102196334787124 -0.5208213790388743 -0.39313620288957785 -0.23384699801637768 -0.08896959563052904 -0.007733247416217335 -0.0019676849251468536 0.0016168038764280417 0.016165545618840885 0.04897289347693327 0.10356801418910054 0.17005558630193485 0.2441617902875476 0.3119043537440391 0.3608185153394885 0.3782860154004141 0.3555094771852878 0.28901216815025266 0.18154853965374 0.04264007827522371 -0.11237012013622634 -0.26461869734730264 -0.3941393669408747 -0.48265707486580656 -0.5162709211361973 -0.4866546541537062 -0.40001027394997174 -0.25312225284979845 -0.09941605464626474 -0.009033194935994564 -0.013197168521718308 -0.08905959247107205 -0.212036794688531 -0.3241623734027741 -0.38229390950508296 -0.3895493138096083 -0.34064058994259117 -0.24446976143832205 -0.11569050161375793 0.027225792013527313 0.16371998413515695 0.27504605274840255 0.34702512567121097 0.3720003001275081 0.35004753755513207 0.2888569125518763 0.20207173703551323 0.10669803986959196 0.02020876408477458 -0.040652434443409845 -0.07148105215510965 -0.05785737365926751 -0.02469362194821747 -0.0029357773391430345 -0.01645584863828165 -0.12729800103902497 -0.31210448217815306 -0.5031239012049489 -0.6479657073223336 -0.7369960877549727 -0.7569799379212168 -0.7046189308829983 -0.5847725162948083 -0.4095458144629748 -0.19702739045333778 0.03061046470328964 0.2500681556874242 0.4398922876241094 0.5830751401001738 0.668932911346968 0.694054846145002 0.6620168287808157 0.5819076939588959 0.4682626417700555 0.3339318380197174 0.19576923775057717 0.07805904361580834 0.010398251018521496 -0.010398251015702317 -0.07805904363279069 -0.19576923779932326 -0.33393183810556887 -0.46826264190677497 -0.5819076941144021 -0.6620168289044547 -0.6940548461968897 -0.6689329113866801 -0.5830751400771477 -0.43989228761248544 -0.2500681556850979 -0.03061046466779796 0.19702739051410753 0.4095458145064128 0.5847725163660484 0.7046189308910178 0.7569799379133932 0.7369960877442038 0.6479657073155202 0.5031239011799512 0.3121044821770526 0.1272980010381886 0.016455848637670956 0.002935777332481999 0.024693621934238 0.05785737359547895 0.07148105202720728 0.040652434299134 -0.020208764236652996 -0.10669804004397636 -0.20207173719768107 -0.28885691266124197 -0.35004753764577595 -0.37200030017930197 -0.34702512568971483 -0.2750460527430872 -0.16371998409816246 -0.027225791958605115 0.115690501670204 0.24446976155402816 0.34064059010606323 0.3895493139668699 0.38229390961771537 0.3241623734978105 0.21203679474347897 0.0890595925015877 0.01319716853262322 0.009033194936339927 0.09941605464103603 0.25312225283176815 0.400010273913785 0.4866546540485401 0.5162709210067399 0.48265707473992275 0.39413936680383144 0.2646186972160935 0.11237012005290534 -0.0426400783450026 -0.18154853969185325 -0.28901216813443265 -0.3555094771683681 -0.3782860153245742 -0.3608185152166854 -0.3119043535712204 -0.24416179006604505 -0.17005558604053556 -0.10356801392339407 -0.04897289327771169 -0.016165545480614125 -0.001616803813611082 0.00196768494107718 0.007733247412129208 0.08896959562501137 0.2338469980189886 0.393136202891211 0.5208213790853816 0.6102196334871025 0.6511523429224123 0.6377859371817215 0.5702714044939582 0.4537321478833109 0.2986395547081658 0.11949406724364606 -0.06665681413740841 -0.2419643800088746 -0.39017084971108607 -0.4987015940104906 -0.559420540256353 -0.5691286421009081 -0.530461905973855 -0.4495938240174439 -0.3381314651726304 -0.20268072302725854 -0.07915544151571242 -0.008433275681381356 -0.009750072873144285 -0.018230818613819175 -0.015284998870195878 0.009756538892638153 0.06264262448075646 0.13620699375627754 0.22366446303407364 0.30907013001481476 0.37638356796106326 0.41041532216578946 0.40041705398866323 0.34247572858566755 0.24020961584524156 0.10454904221351922 -0.04779821354920647 -0.19674853866396325 -0.3226102549547279 -0.40856020989128766 -0.442049459969522 -0.4186532455266458 -0.34423427523153893 -0.21996794543784667 -0.0899760165529949 -0.011368826329412579 -0.02104265376069462 -0.1410766561004373 -0.3277677403732481 -0.4918213240670662 -0.5765775770326595 -0.5839342406098325 -0.5073529301462787 -0.36442481350281086 -0.1801062803384057 0.016214214344722856 0.19486976274842963 0.33148720295539 0.4104218215583595 0.42653002183455097 0.3852468081835486 0.300555504981288 0.1926850677489962 0.08304822979320255 -0.009467304952837742 -0.06801691778868028 -0.09141997219695165 -0.07305465891741555 -0.03421230989730246 -0.0060684061870361124 -0.03179484283152637 -0.19799291297122557 -0.46675453801448924 -0.7337971529680789 -0.9163402522607547 -1.0 -0.9764041037329981 -0.8529043748642029 -0.650494939773174 -0.39854356984080647 -0.12970607696865408 0.12406386730719547 0.3365587274584717 0.49004315589239505 0.576748946812679 0.5988020102786297 0.5658453500770719 0.49330847327109556 0.39782634429608826 0.29454180450032735 0.19551654601227042 0.1061483296462819 0.03697131865903561 0.0025900074669369024 -0.01593153822115616 -0.13588278029819814 -0.326215597448401 -0.5215525936495472 -0.6737908620317262 -0.7692795232059156 -0.7943779816796945 -0.7500303378357314 -0.6425944419885493 -0.48590203057472947 -0.29790502816172715 -0.09854447708172559 0.09233537286696969 0.2580097726255794 0.38609033657935393 0.46946043938972115 0.5067067618122584 0.500381163671112 0.4564340810434803 0.3826294702950291 0.28746167745761764 0.1728751563715029 0.0689615019662049 0.00718712419448536 -0.006105881131382536 0.011311440866024168 0.024382390248723025 0.01895355170041587 -0.006018408626630421 -0.03369210557813327 -0.07443312662178635 -0.1145741390445878 -0.15068266191166788 -0.17381853310620546 -0.17989907950982345 -0.16593999789184358 -0.13267465051303592 -0.08415901046777333 -0.026384260900511426 0.033195867399123655 0.08670552922000452 0.12759166711591935 0.1505688678691781 0.15136664073654885 0.13321464932728025 0.08840135909984521 0.033246274748219784 0.005111469859879117 0.020778666055272996 0.09805695334097965 0.2811438298648963 0.4830400333358485 0.6182925874624517 0.681469731481458 0.6698932958469439 0.5835077922964711 0.4442443364953422 0.2691541275459447 0.08453885996487305 -0.08888507745114432 -0.2323406843099505 -0.33398931256689174 -0.38929806045050513 -0.39984929488469684 -0.37303159188653384 -0.319444760747635 -0.2506767853163246 -0.17820834633442798 -0.10849108221989535 -0.04894725209614456 -0.004498009873509329 -0.0007611050358077903 0.017189045499225064 0.1696359681996825 0.38810844667644623 0.5887333638200699 0.7508574282009204 0.8428563163927578 0.8567566200570035 0.7974329393477451 0.6710694011599776 0.4979165410978081 0.2969724743172502 0.0912958972763664 -0.09933307513192831 -0.25891349944430886 -0.3766432073927557 -0.44812912260666754 -0.47433109650806515 -0.4602916557303049 -0.41402156378360205 -0.3439847323207739 -0.26043798590218875 -0.1641476084479712 -0.07665376142586877 -0.008108557156409738 0.05281743673828987 0.10464695887290622 0.17776113302457253 0.24160853369892643 0.29750870313687694 0.32886269154568243 0.3371565841319736 0.31783910968347084 0.2759282617560042 0.21471773402228794 0.1419408417093207 0.06431594669918676 -0.010570893581194535 -0.07680944722902153 -0.12933686199740713 -0.16593425272802226 -0.18474297801780362 -0.18769447792320432 -0.1751112246207594 -0.15182215176293387 -0.11857206144885196 -0.08287963887478801 -0.042250539865424076 -0.01965202572360157
</DataArray>
        <DataArray type="Float64" Name="Mode_14_phi2" NumberOfComponents="1" format="ascii">
 1.6246213294113572e-6 -3.7885004891126467e-6 -1.624621326445153e-6 3.7885004818965253e-6 1.6343877926381887e-5 -1.502321219431876e-5 1.9807885180097876e-5 -7.0022935600517e-6 7.812351681761736e-6 -1.0651786070384266e-5 -2.8479041575794574e-6 -5.0339485115967005e-6 6.67528734155943e-6 8.094890069776147e-6 7.978404250101637e-6 -1.1471705052557828e-6 -7.35676848679161e-6 -9.787824757034559e-6 -2.2303085650213576e-6 4.842885813524218e-6 1.4256688187191646e-5 7.1833762686747105e-6 4.195652067758461e-6 -1.6704983652486793e-5 -5.81384754069917e-6 -2.3231960575172892e-5 1.9970803336655336e-5 -3.007163822180799e-5 -7.741337683571825e-5 5.716177836998998e-5 -3.9005750415111605e-5 2.4553627244120407e-5 -2.077856342182136e-5 1.4686473462206543e-5 -1.151420243169293e-5 9.461885023086646e-6 -5.5631882395867174e-6 6.000288585175078e-6 -1.9423056313552717e-6 3.185509276180125e-6 -1.7193849922754427e-8 7.735736333248484e-7 1.0399041290831823e-6 -1.491043523345385e-6 2.290908268183927e-6 -4.055891678539628e-6 4.507770210440796e-6 -7.264879198809151e-6 7.683430659392937e-6 -1.1552163994451432e-5 1.5004305151859694e-5 -2.362089224270385e-5 -1.6343877931864284e-5 1.502321220185871e-5 -1.9807885192968345e-5 7.002293576392211e-6 -7.81235170377261e-6 1.0651786090978503e-5 2.8479041401100076e-6 5.033948515925841e-6 -6.675287344323133e-6 -8.09489006598243e-6 -7.978404250915085e-6 1.1471705184528886e-6 7.3567684718414155e-6 9.787824771983042e-6 2.230308549642326e-6 -4.8428858013980905e-6 -1.4256688195949916e-5 -7.183376266883252e-6 -4.195652049292858e-6 1.6704983632921054e-5 5.813847567899864e-6 2.3231960552903627e-5 -1.997080332684029e-5 3.0071638217968312e-5 7.741337686558709e-5 -5.71617783932478e-5 3.900575042941511e-5 -2.4553627253060728e-5 2.077856342844848e-5 -1.4686473463230955e-5 1.151420242304503e-5 -9.46188500659407e-6 5.563188222798574e-6 -6.0002885753505816e-6 1.9423056253549568e-6 -3.185509269102056e-6 1.7193842401910798e-8 -7.735736306596328e-7 -1.0399041326037091e-6 1.4910435340538609e-6 -2.290908283988674e-6 4.055891701203787e-6 -4.5077702385142855e-6 7.264879224799317e-6 -7.683430682376761e-6 1.155216401456205e-5 -1.5004305163541782e-5 2.3620892247060592e-5 0.019321195356937163 0.016310692790703813 0.020351714379141 0.016023494023465337 0.01510669827739175 0.007876612519798142 0.002445121898223874 -0.00652319730599281 -0.01445397937297272 -0.023225269336457653 -0.030521702592168253 -0.03584431555713562 -0.03899328531302468 -0.03746864204030997 -0.03432519745451056 -0.024525877239017908 -0.016139487133341977 -0.00019538613416856369 0.008427817867532215 0.025560014658836012 0.02694938264209843 0.0397044006528944 0.02728269518318868 0.05114742844920294 0.028694457776689247 0.08769461714725835 0.09181793268167779 0.07979997866982955 0.07189981967027062 0.04968443195984238 0.02251283310620547 -0.01265020556571741 -0.05217318461247057 -0.09405817032072573 -0.13235979506078752 -0.16418911110704024 -0.18266941316678456 -0.1849976904260786 -0.1689399532663999 -0.1323685483219283 -0.08181360678164934 -0.01649119125610706 0.04919693810452793 0.11158974351518328 0.16928233628565154 0.1726985883667322 0.18740518798763084 0.08858323799939401 0.044639491976446136 0.13596274376274753 0.17039008999130867 0.15672687303101832 0.14636815193046382 0.11667525322374077 0.07029079701452398 0.007163353304727112 -0.0704819673278446 -0.15626662199684976 -0.2407467052767051 -0.31397088457730754 -0.3632551940080821 -0.38017704554200804 -0.35625430272609604 -0.2916833241981265 -0.1876917659120768 -0.0573581566770204 0.08917054782597414 0.22443282327959926 0.34621789507726203 0.39481394588432495 0.37021210542469535 0.13177382131082382 0.037569414766945086 0.1286977805263949 0.16435721686558386 0.1781093537035445 0.17623787070053207 0.15987602159394715 0.11881923860957562 0.05306457589068755 -0.036103028030835434 -0.14199519353718162 -0.2531912124271655 -0.35534472266422146 -0.4326565336490142 -0.4700700570430024 -0.45707174380566895 -0.3883404673109739 -0.2668749673890102 -0.10424157234970427 0.08280030151308136 0.26664614620786986 0.41580693220981413 0.5203676410558623 0.4446777749320432 0.14086343719436104 0.027925389720588042 0.05976318692286637 0.07082368467197694 0.11326560815048321 0.12684232447806662 0.13534771662392803 0.12156024529547238 0.08410103842297151 0.022771391535795698 -0.05875278356237305 -0.15170792996067523 -0.24367364895209379 -0.320750256612638 -0.3684721008494064 -0.3755388274831615 -0.334917078156903 -0.24714167190889724 -0.1188751923215051 0.03294100204521313 0.19353444857348373 0.31298696353115935 0.42181597792170583 0.3686255927772509 0.11787813041589668 0.014067763616457354 -0.00980466582517185 -0.0347563101638778 0.015490600276418066 0.03135127839059201 0.05365425411640568 0.06380895717721308 0.06279384598607536 0.04807998002588664 0.020644992930679118 -0.017293727177033067 -0.06040324666293543 -0.10209808182750904 -0.1351255777670566 -0.15242998375477812 -0.14908267418878754 -0.12241485447407427 -0.07470810472001371 -0.01179802020115869 0.059946171922617524 0.11362997126062381 0.16106078155049056 0.1621601850469965 0.06426665140165597 0.016502982591036268 -0.018777160341066846 -0.054760540304912717 -0.03563267934846429 -0.03882313154384421 -0.03731778318664059 -0.032271335522594605 -0.02248917663618419 -0.006505834039473991 0.013603392489644945 0.03580459494822903 0.056332172392395366 0.07208600157194142 0.08007247926124639 0.07850009331382614 0.0670691339576114 0.04704364430783044 0.02136244614369059 -0.008207545866192061 -0.03532533709213193 -0.059509711396585944 -0.09384199328014231 -0.04622012621567208 0.013009076912020742 0.032474700002759 0.05853819789265821 0.04160927425284452 0.008488005355213853 -0.03138637655876288 -0.0798049906162697 -0.11575295660393657 -0.13398756288770858 -0.12813127081502637 -0.09722030900056527 -0.045432108566252384 0.019507140967632158 0.0866260529095895 0.14442193761309835 0.18224372099823852 0.19255207465717175 0.17206895879040351 0.12339558399057639 0.052725290671673655 -0.03136115284585697 -0.0967304128272892 -0.1955739491322849 -0.13388186124530135 -0.015402775964892182 0.055280128916941666 0.16883193524803183 0.19016580446931003 0.117501129143345 0.04440323620267157 -0.051862499390930565 -0.139558712482399 -0.20683557973223937 -0.242513119383051 -0.24068558243541363 -0.20209449041176705 -0.1336730784989773 -0.047226846246217764 0.04237184322802082 0.11997603620165395 0.17269657731629945 0.19205721930151526 0.17580448935665308 0.12911147027681794 0.05570411261868723 -0.00465678889870363 -0.10256955288781328 -0.07922305122637226 -0.011836747327531512 0.06453570180153989 0.22558602934381633 0.27277307796471695 0.2032596673504175 0.12385509627670442 0.015839862245139395 -0.09501284075870219 -0.19425331047432495 -0.2682127333245817 -0.30734165478321807 -0.30748821696899975 -0.27051427649549153 -0.20369751677973585 -0.1184927100067687 -0.028418073433968336 0.053180942786677 0.1155123933868324 0.1518050780216814 0.16165874622762358 0.14407197464665614 0.12218664131434187 0.07571359474217033 0.04692490140550567 0.006965627600770565 0.05146884480050471 0.1731618675473397 0.21152446048370624 0.18799647333527378 0.13527103358122736 0.06466060691683562 -0.020068824935112275 -0.10480478286191135 -0.17997120726646573 -0.23590127932561025 -0.2661655826378138 -0.2679572841101639 -0.24235670644405072 -0.19392808082024177 -0.12987766378272037 -0.05869488871295555 0.011121400733678616 0.07247954664207255 0.12121406735786423 0.15400215215405444 0.1691028962144353 0.18839942117269426 0.1282433437665504 0.019196535234929462 0.020456334480560633 0.03582040359814825 0.03360430970915527 0.06500914298948712 0.05569929333014248 0.04827169367385399 0.026413612082374395 -0.00186167486654578 -0.033343220070172506 -0.06387601749375105 -0.08926778190660961 -0.10631822155326892 -0.11305920667738162 -0.10878352347951102 -0.0940089386328119 -0.07023246465881597 -0.03963791873707191 -0.005102119536277669 0.031049690427096394 0.0687795073073943 0.08952358767952992 0.1414912775460855 0.09487640910924591 0.00885622074962079 -0.008856220613982314 -0.09487640878812172 -0.1414912772251812 -0.08952358737757596 -0.068779507090061 -0.03104969034865238 0.005102119514807798 0.039637918590746654 0.07023246443247706 0.09400893833966978 0.10878352317532475 0.11305920629184792 0.10631822117849447 0.08926778163310399 0.06387601715933318 0.033343219852494214 0.0018616746479347328 -0.02641361213150629 -0.048271693594869845 -0.05569929308895993 -0.06500914267080789 -0.0336043093569391 -0.03582040326415937 -0.02045633434008768 -0.01919653509634143 -0.12824334347135308 -0.18839942090836234 -0.16910289596079983 -0.1540021519604857 -0.12121406726914334 -0.07247954666276447 -0.01112140081324986 0.058694888511578225 0.1298776635296538 0.19392808051389418 0.24235670607806672 0.26795728378392736 0.2661655823548149 0.23590127903145006 0.1799712070105993 0.10480478268487856 0.020068824880763197 -0.0646606068440628 -0.1352710333810161 -0.18799647301261194 -0.21152446015074172 -0.17316186722078097 -0.05146884467410647 -0.0069656274691052055 -0.046924901120121584 -0.07571359452769943 -0.1221866410908046 -0.1440719744918894 -0.16165874615807826 -0.15180507802340082 -0.11551239348691916 -0.053180942920439386 0.028418073187181717 0.11849270974160696 0.20369751643962772 0.27051427621698 0.3074882166795911 0.30734165453969925 0.26821273310048893 0.1942533103539662 0.09501284073494469 -0.015839862162634083 -0.12385509612671124 -0.20325966706735527 -0.2727730776885335 -0.22558602906376096 -0.0645357016958392 0.011836747464583408 0.07922305149970219 0.10256955310886104 0.004656789094031137 -0.05570411247343568 -0.12911147024304326 -0.17580448935555987 -0.19205721940808804 -0.17269657746959743 -0.1199760364116556 -0.04237184351153381 0.047226845977651616 0.13367307821902635 0.2020944901894776 0.2406855822084799 0.2425131192640909 0.20683557966399635 0.13955871249211874 0.051862499488899004 -0.0444032360522111 -0.1175011289446107 -0.19016580426219287 -0.16883193505373378 -0.055280128835394335 0.01540277609897153 0.1338818615304838 0.19557394937238162 0.09673041308761345 0.03136115297815846 -0.05272529063349664 -0.12339558404561035 -0.1720689589128953 -0.19255207487332032 -0.1822437212401421 -0.14442193789630328 -0.08662605319831981 -0.01950714120878065 0.045432108342836286 0.09722030886964105 0.12813127075375336 0.13398756287234317 0.11575295668884346 0.0798049907150307 0.03138637669146182 -0.00848800520841918 -0.04160927411751218 -0.05853819775845353 -0.03247469994381502 -0.013009076773208077 0.046220126524866546 0.0938419936002134 0.059509711655697954 0.035325337263472874 0.008207545897111715 -0.021362446231894813 -0.047043644482560765 -0.06706913420719192 -0.07850009363640818 -0.08007247959122334 -0.07208600188934061 -0.056332172653891954 -0.03580459513583707 -0.01360339257140953 0.006505834023315712 0.022489176709737345 0.03227133564073627 0.03731778333390854 0.038823131646141554 0.03563267947708535 0.05476054039827462 0.01877716042729555 -0.016502982552115675 -0.06426665126561922 -0.16216018471968183 -0.16106078121110948 -0.1136299709828658 -0.05994617174953751 0.011798020246314135 0.0747081046426944 0.12241485426128232 0.14908267388881108 0.1524299834102162 0.1351255773811475 0.10209808148784749 0.060403246379128285 0.01729372700237597 -0.020644992994406423 -0.04807997998751687 -0.06279384588014926 -0.06380895703558351 -0.053654253948494816 -0.031351278255459754 -0.015490600170266237 0.03475631023954018 0.009804665898804642 -0.014067763581162185 -0.11787813030425204 -0.3686255924822739 -0.42181597761979184 -0.31298696327103054 -0.19353444841093342 -0.0329410019842897 0.11887519224378905 0.24714167171531148 0.3349170778738314 0.3755388271393597 0.3684721004924379 0.3207502562763205 0.24367364868474828 0.15170792979658596 0.05875278351911594 -0.02277139147791158 -0.08410103831722335 -0.12156024514447943 -0.1353477164808389 -0.12684232431746342 -0.11326560806280282 -0.07082368459106043 -0.05976318687114108 -0.027925389704276715 -0.14086343709690882 -0.4446777747218516 -0.5203676408420527 -0.4158069320186774 -0.2666461460733969 -0.08280030146915328 0.10424157229558732 0.2668749672484296 0.3883404670998596 0.45707174353739094 0.4700700567682745 0.43265653338545196 0.3553447224522881 0.2531912122945657 0.14199519351875634 0.036103028065926114 -0.05306457580420918 -0.11881923849884778 -0.15987602147346064 -0.17623787059147558 -0.17810935361884414 -0.16435721680840418 -0.12869778047207472 -0.03756941475051909 -0.13177382125230502 -0.3702121052993994 -0.39481394579686696 -0.34621789496981314 -0.2244328232020327 -0.08917054780035816 0.05735815665073581 0.18769176583748168 0.2916833240833535 0.35625430257989915 0.3801770453770669 0.3632551938520713 0.31397088445209537 0.240746705215527 0.15626662196543564 0.07048196736162934 -0.007163353265409879 -0.07029079694796356 -0.11667525315909752 -0.14636815186361318 -0.1567268729770833 -0.17039008994767796 -0.13596274373873338 -0.04463949196888681 -0.08858323796156882 -0.18740518795336492 -0.17269858834147597 -0.16928233625267766 -0.11158974349281782 -0.049196938073559474 0.01649119123479442 0.08181360677368534 0.13236854827176806 0.16893995321965422 0.1849976903641836 0.18266941310329077 0.16418911107099723 0.13235979503746464 0.09405817030752281 0.05217318462716035 0.012650205572327648 -0.02251283307589262 -0.04968443195037585 -0.07189981963575563 -0.07979997864902051 -0.09181793266455211 -0.08769461713830441 -0.02869445777041519 -0.05114742843568678 -0.0272826951804586 -0.03970440064629847 -0.02694938263941113 -0.025560014655696114 -0.008427817870699407 0.00019538612808579596 0.01613948713110011 0.02452587722635927 0.034325197446690006 0.03746864203270709 0.03899328530747385 0.035844315548404844 0.03052170258751502 0.02322526933668619 0.01445397937716707 0.00652319730543548 -0.0024451218938739997 -0.007876612526576407 -0.015106698272455001 -0.016023494024621342 -0.020351714371078175 -0.016310692789679494 -0.01932119535593308
</DataArray>
        <DataArray type="Float64" Name="Mode_15_w" NumberOfComponents="1" format="ascii">
 3.109985891690526e-7 3.910216184456507e-7 -3.1099858912439794e-7 -3.910216168551802e-7 -1.5484036423317122e-6 2.586584342924508e-7 7.148977891637928e-7 2.4242291382864624e-6 3.130458197636518e-6 3.053576277170884e-6 3.053576277170884e-6 2.80292862096004e-6 1.4081691446265833e-6 3.8493179324059467e-7 -2.031884592631221e-7 3.19177123109399e-7 7.414077779736536e-7 2.8234885093552025e-7 -1.00754996936744e-6 -2.3862314465052586e-6 -3.101193286619662e-6 -2.991974147211679e-6 -2.991974147211679e-6 -2.4362977242035243e-6 -1.383265573623864e-6 -3.4428946759002606e-8 8.089833454952402e-7 9.930375591881377e-7 -5.453075330384412e-7 5.19202117243726e-7 2.2731474605476994e-7 1.6084973950517996e-6 1.0903186424149634e-6 1.273452417189619e-6 1.273452417189619e-6 7.090309935940234e-7 2.250052348716189e-7 -4.353562615174971e-7 -9.826594753145376e-7 -1.3032412806259392e-6 -1.2840506549117412e-6 -9.95698529075516e-7 -3.7780280092161494e-7 1.922863605623103e-7 1.032969958156252e-6 1.1893999147441738e-6 1.1893999147441738e-6 1.9655003167154925e-6 1.1619881426545329e-6 1.376540159603288e-6 -5.414806808892573e-7 1.3112624070772807e-6 1.5484036428239597e-6 -2.5865843423417205e-7 -7.14897788794984e-7 -2.4242291396945623e-6 -3.1304581961709697e-6 -3.05357627820274e-6 -3.05357627820274e-6 -2.8029286181647536e-6 -1.4081691475975058e-6 -3.849317913034042e-7 2.0318845668435076e-7 -3.1917712133091424e-7 -7.414077789173074e-7 -2.823488498572565e-7 1.007549969827634e-6 2.3862314470247236e-6 3.1011932866781562e-6 2.991974147684367e-6 2.991974147684367e-6 2.436297723134887e-6 1.3832655733390826e-6 3.442894587871348e-8 -8.089833465455294e-7 -9.930375603040134e-7 5.453075338168848e-7 -5.192021160676955e-7 -2.2731474604099219e-7 -1.6084973970987815e-6 -1.0903186413206154e-6 -1.2734524168156512e-6 -1.2734524168156512e-6 -7.090309955652276e-7 -2.250052327400021e-7 4.353562597726418e-7 9.826594760250765e-7 1.3032412808247328e-6 1.2840506555907883e-6 9.956985282193265e-7 3.778028009988688e-7 -1.922863611832938e-7 -1.0329699580578392e-6 -1.1893999149350944e-6 -1.1893999149350944e-6 -1.9655003177153645e-6 -1.1619881410759949e-6 -1.3765401607094456e-6 5.414806809719239e-7 -1.3112624072017727e-6 0.00021026979588041964 0.0003839066795589808 0.00013945553303912523 0.00016560475198154956 0.00015957335872593477 0.00020140815616773945 0.00020140815616773945 0.00025814712257653754 0.0003183577425531635 0.0003767297459747947 0.00040854534493248444 0.000400700537543323 0.00034128395871145046 0.00021863836558511153 6.071485502519808e-5 -0.00013304436395437732 -0.00029503922200777645 -0.0004328827744463834 -0.0004328827744463834 -0.00045297506038168527 -0.00041347438159019346 -0.00017605463417276322 1.9280393377581152e-5 6.680704674632994e-5 0.001012508235629162 0.0042340326693118 0.00469959690239475 0.006256529781120894 0.006609842023504867 0.006111689156907591 0.006111689156907591 0.004705002062209189 0.0028460885893912256 0.0009266240212344838 -0.0006203844298684077 -0.0015836780903623054 -0.001859791008912185 -0.0016112839660038423 -0.0010124438516028221 -0.00037436808414166367 0.00015018646915769345 0.0003781099298637497 0.0003781099298637497 0.0004080893820824707 0.0002785464946070435 0.00035269206667102085 0.0012803255180131134 0.00042068609857129775 0.002107444127844509 0.012824528165017111 0.021792692563886776 0.028889857199632652 0.031119906577171758 0.02734087007761149 0.02734087007761149 0.01876716597286603 0.007277568033699081 -0.004396382726072598 -0.013773082667721231 -0.01898989287906273 -0.01925855499665492 -0.014983308058457736 -0.007596871421968681 0.0009528306521674677 0.008560442015361167 0.013576650212173285 0.013576650212173285 0.015093168651157186 0.013272486162013422 0.009275934604625226 0.00591592855258025 0.0010412054516449698 0.003246445640431322 0.022509736049278296 0.044525273165531676 0.060210438965792576 0.06520949172099194 0.057446405744164944 0.057446405744164944 0.038523958999134834 0.012916113443736055 -0.013718869676046802 -0.035548083289771874 -0.04803720204383712 -0.04887859827719232 -0.03851640235690061 -0.019936978818824405 0.0022290785551917214 0.02284131517121974 0.03727711399248566 0.03727711399248566 0.042713365498838356 0.03873519725931055 0.027296433725332386 0.013877098370062142 0.0019936569369343967 0.004067197245291447 0.03002298924150749 0.0623627621779236 0.08594481841184784 0.09364061167652589 0.08263325511088582 0.08263325511088582 0.05500554106076294 0.016804753618055834 -0.02344554245861253 -0.05702355284192425 -0.07670774484949981 -0.07846947023096616 -0.06248269635059647 -0.03294047542945914 0.0030861814124220196 0.03734699354089932 0.06221302154323186 0.06221302154323186 0.07243166887461557 0.06669873439236383 0.04769819266112229 0.022793983473352347 0.003004086803399275 0.004102324818350477 0.03137553977296278 0.06640467295160458 0.09261664396843707 0.10183973540156421 0.09042022733967611 0.09042022733967611 0.06023895585832284 0.017737368113500972 -0.02785873783583076 -0.06653142897722097 -0.08982274196468797 -0.09262296287773367 -0.07454884076032621 -0.040037433051716496 0.002912139795477382 0.04454307863357708 0.07551430558091501 0.07551430558091501 0.08909190217159106 0.082993663765146 0.06018166427933937 0.02838858665880705 0.0036920575046040646 0.004102324818350477 0.03137553977296278 0.06640467295160458 0.09261664396843707 0.10183973540156421 0.09042022733967611 0.09042022733967611 0.06023895585832284 0.017737368113500972 -0.02785873783583076 -0.06653142897722097 -0.08982274196468797 -0.09262296287773367 -0.07454884076032621 -0.040037433051716496 0.002912139795477382 0.04454307863357708 0.07551430558091501 0.07551430558091501 0.08909190217159106 0.082993663765146 0.06018166427933937 0.02838858665880705 0.0036920575046040646 0.0034995344124020187 0.026235921759691118 0.05484184959752435 0.07761462325116965 0.08627092216648753 0.07764198358825924 0.07764198358825924 0.05257370669148992 0.016227833726003123 -0.02355514843263753 -0.05809698504415005 -0.07963675032750138 -0.08322328530295782 -0.06798036744546464 -0.03740466615128506 0.0015420981570305457 0.040056342378317525 0.06940866516915918 0.06940866516915918 0.08300573497510103 0.078253894025134 0.057643354224457245 0.027642403708362066 0.003691891495083231 0.0025001047533881357 0.01756039250776224 0.03480412362416177 0.04997008284079626 0.05667627957792404 0.052340402078677774 0.052340402078677774 0.03713917073937178 0.013917769436552796 -0.012357828249484722 -0.03594200835687754 -0.05152367431423057 -0.055387258954373124 -0.04649883583501535 -0.026815036697242195 -0.0007813406120390641 0.02565065473516421 0.04639911380958021 0.04639911380958021 0.05668050915480717 0.05430489540095801 0.040902143689511755 0.020708928134234864 0.002969978333277615 0.0016186844276838985 0.009643653784713525 0.016876859628292846 0.024453809534779443 0.028668686682769833 0.027968100559185853 0.027968100559185853 0.02203264616844933 0.011923011019036102 -0.0002796232427393312 -0.011954258064541218 -0.020533892295513518 -0.02410065177101191 -0.02184433765144182 -0.014363704198837604 -0.003478538698045321 0.008202748154251099 0.017857991488259176 0.017857991488259176 0.023245591594299314 0.02317095836196144 0.01827603182090049 0.010821350661082783 0.0018082161781441833 0.0010312435260842274 0.005265255289455871 0.008081867458385074 0.01130083494178212 0.013630543472916886 0.014273885063763382 0.014273885063763382 0.013142794515250222 0.010434808954305548 0.006730341367779153 0.0026808556606333616 -0.0010546548145938083 -0.003949404570384502 -0.005716604790788574 -0.006302773973211768 -0.005908020619859449 -0.004862168977155336 -0.003540245935533391 -0.003540245935533391 -0.0021949206506345856 -0.00096444942089229 0.00014624853187167246 0.0022263557583294042 0.0006455039686107739 0.0006725301222050708 0.003943900783415102 0.007649149333414742 0.01013415225088733 0.011650572488276275 0.011756261196652223 0.011756261196652223 0.010783698654311936 0.009121746361372432 0.007109402535618009 0.00499409126272592 0.0028093387016859947 0.0004876551450347868 -0.002066938218641094 -0.004864632193145893 -0.007718432413416272 -0.010255475034330878 -0.011974571277068325 -0.011974571277068325 -0.012292635115637014 -0.010823009381663239 -0.007801440465015235 -0.00252832814500316 -0.0001927676572045474 0.00019276765777756505 0.0025283281474197707 0.007801440468702524 0.01082300938766695 0.012292635123580111 0.011974571284324886 0.011974571284324886 0.010255475039621141 0.00771843241573811 0.004864632198291655 0.0020669382201332297 -0.00048765514384709437 -0.0028093386957910842 -0.004994091260824 -0.007109402532830503 -0.009121746358176589 -0.010783698656173396 -0.011756261198984461 -0.011756261198984461 -0.011650572491028723 -0.010134152250999322 -0.007649149334008913 -0.003943900782474039 -0.0006725301218267566 -0.0006455039679277353 -0.002226355754067241 -0.0001462485215500257 0.0009644494339986393 0.002194920665491002 0.0035402459472992976 0.0035402459472992976 0.00486216898821678 0.00590802062705171 0.006302773973003508 0.005716604788994272 0.0039494045643394884 0.0010546548103297089 -0.00268085565726125 -0.00673034136604433 -0.010434808952782273 -0.013142794514897084 -0.014273885067069423 -0.014273885067069423 -0.01363054347919789 -0.011300834948630168 -0.008081867459708425 -0.005265255288945398 -0.0010312435261334886 -0.0018082161777263938 -0.010821350656232588 -0.018276031808050312 -0.023170958346888492 -0.023245591577543946 -0.017857991476322832 -0.017857991476322832 -0.008202748147890912 0.003478538701729931 0.014363704194130505 0.02184433764231027 0.02410065176507187 0.020533892288725413 0.011954258063284963 0.0002796232457256712 -0.011923011017319754 -0.022032646163248102 -0.027968100557846765 -0.027968100557846765 -0.028668686679805013 -0.024453809532526717 -0.016876859628678374 -0.00964365378426824 -0.0016186844273187008 -0.0029699783328675494 -0.020708928130833124 -0.04090214367941855 -0.05430489538751655 -0.05668050914428059 -0.0463991138009306 -0.0463991138009306 -0.025650654733408818 0.0007813406067422286 0.026815036689593605 0.04649883582150288 0.05538725894133146 0.05152367431061948 0.035942008352651544 0.012357828253511305 -0.013917769429903026 -0.03713917073023781 -0.05234040206649439 -0.05234040206649439 -0.05667627956941919 -0.04997008283278694 -0.03480412361765667 -0.017560392505326587 -0.0025001047535728573 -0.0036918914946079645 -0.027642403706033058 -0.05764335422091758 -0.07825389401624974 -0.08300573496751759 -0.06940866516718788 -0.06940866516718788 -0.04005634237891288 -0.0015420981622032456 0.037404666139388594 0.06798036743556106 0.0832232852924778 0.07963675031911752 0.05809698504344665 0.023555148434460587 -0.016227833716971427 -0.052573706679315234 -0.07764198357610083 -0.07764198357610083 -0.08627092215275861 -0.07761462323882835 -0.05484184958854414 -0.026235921755288053 -0.0034995344118252092 -0.0036920575043171778 -0.028388586657380088 -0.06018166427433492 -0.08299366376152147 -0.08909190216646273 -0.07551430557727462 -0.07551430557727462 -0.04454307863380866 -0.002912139796823531 0.04003743304769251 0.07454884075340885 0.09262296287396436 0.08982274196143893 0.06653142897539202 0.02785873783936159 -0.017737368109449297 -0.06023895584979365 -0.09042022733048458 -0.09042022733048458 -0.10183973539326961 -0.09261664395805796 -0.066404672942493 -0.03137553976974827 -0.004102324818093793 -0.0036920575043171778 -0.028388586657380088 -0.06018166427433492 -0.08299366376152147 -0.08909190216646273 -0.07551430557727462 -0.07551430557727462 -0.04454307863380866 -0.002912139796823531 0.04003743304769251 0.07454884075340885 0.09262296287396436 0.08982274196143893 0.06653142897539202 0.02785873783936159 -0.017737368109449297 -0.06023895584979365 -0.09042022733048458 -0.09042022733048458 -0.10183973539326961 -0.09261664395805796 -0.066404672942493 -0.03137553976974827 -0.004102324818093793 -0.003004086803330156 -0.022793983472080732 -0.04769819265826589 -0.0666987343879025 -0.07243166887120381 -0.062213021537823855 -0.062213021537823855 -0.03734699353478853 -0.0030861814079116484 0.03294047543427049 0.06248269635398443 0.07846947023189603 0.07670774485068312 0.05702355284124585 0.023445542456977254 -0.01680475361798379 -0.05500554106178487 -0.0826332551090884 -0.0826332551090884 -0.09364061167421348 -0.0859448184089886 -0.0623627621737533 -0.030022989238556876 -0.004067197244764726 -0.0019936569370023354 -0.013877098370102349 -0.027296433725695884 -0.038735197258481804 -0.04271336549513969 -0.037277113987491305 -0.037277113987491305 -0.02284131516307037 -0.002229078544395813 0.019936978828451968 0.038516402366619316 0.048878598283949436 0.04803720204708477 0.035548083289535966 0.013718869673072379 -0.012916113449879706 -0.03852395900535983 -0.05744640575119267 -0.05744640575119267 -0.06520949172534773 -0.0602104389679117 -0.04452527316608644 -0.02250973604787814 -0.003246445640012682 -0.001041205452038973 -0.005915928554200392 -0.009275934605797934 -0.013272486164280648 -0.015093168651375896 -0.013576650209765612 -0.013576650209765612 -0.008560442009319415 -0.0009528306435000882 0.007596871432249985 0.01498330806726106 0.019258555003930186 0.018989892883159946 0.013773082667966131 0.004396382723333909 -0.007277568038976306 -0.01876716598119503 -0.027340870084365112 -0.027340870084365112 -0.03111990658397736 -0.028889857204166657 -0.02179269256650551 -0.012824528164638596 -0.0021074441276289187 -0.0004206860987642742 -0.0012803255197335124 -0.00035269206957620986 -0.0002785464968554406 -0.00040808938454679294 -0.0003781099298068869 -0.0003781099298068869 -0.00015018646805306719 0.00037436808793469607 0.001012443855163748 0.0016112839701962229 0.0018597910122725657 0.0015836780930860194 0.0006203844307331906 -0.0009266240217769321 -0.002846088591542542 -0.004705002065362838 -0.0061116891605700165 -0.0061116891605700165 -0.006609842026154173 -0.00625652978364415 -0.004699596903757324 -0.004234032669675334 -0.0010125082355686454 -6.680704667329598e-5 -1.928039351589415e-5 0.0001760546340075875 0.00041347438082393726 0.00045297506026384995 0.0004328827740731714 0.0004328827740731714 0.00029503922222623663 0.00013304436417785313 -6.071485450224142e-5 -0.00021863836533278163 -0.0003412839581756372 -0.0004007005370278063 -0.0004085453448709569 -0.0003767297458887801 -0.00031835774275166764 -0.0002581471228001467 -0.0002014081565304253 -0.0002014081565304253 -0.00015957335911596357 -0.00016560475213779727 -0.00013945553309083515 -0.0003839066797881798 -0.0002102697959614191
</DataArray>
        <DataArray type="Float64" Name="Mode_15_phi1" NumberOfComponents="1" format="ascii">
 1.2803587458534706e-6 7.760797418038405e-7 1.280358745565188e-6 7.760797450863212e-7 1.654809230617196e-5 -1.4400161588451447e-5 1.5277917699749684e-5 -6.105661689051737e-6 1.1934775834852616e-5 -5.979812670283702e-6 2.1983229726795242e-6 -7.525153405087662e-6 -1.0155179947790053e-6 -2.3888428568921433e-6 2.8450737560088733e-6 2.5497701284082743e-6 2.5881884085708955e-6 -9.001482314172168e-7 -2.993998864145655e-6 -4.623878321727965e-6 -2.8481533129190995e-6 -2.1677621414304154e-7 2.877736787955975e-6 4.168986219767384e-6 2.784337507146772e-6 1.7969436507861057e-6 -2.1430073256222167e-6 2.170548608094607e-6 1.1713230556105453e-5 -4.6257537380114234e-6 3.0294261323377685e-6 -3.8224612826218215e-6 1.5134746770480165e-7 -1.8280991652672003e-6 -2.832534809919715e-9 -4.796264872776727e-7 2.225689168190798e-7 2.6489476799669194e-7 2.458228341923851e-9 5.422890872285598e-7 -7.353857973559134e-7 1.0007762015111668e-6 -1.735404921321065e-6 2.6183468057963493e-6 -3.324386391726034e-6 6.039108970505317e-6 -7.099825029156812e-6 1.162075315863635e-5 -1.5152266767502794e-5 1.813451768541758e-5 -1.7220141703409695e-5 1.989313007146031e-5 1.654809231570257e-5 -1.4400161599173138e-5 1.5277917704817807e-5 -6.1056616799925425e-6 1.1934775803403706e-5 -5.979812615969053e-6 2.1983229010102836e-6 -7.525153326837704e-6 -1.015518064739621e-6 -2.388842793329277e-6 2.8450736965576894e-6 2.5497701817425026e-6 2.5881883592876417e-6 -9.001481930940163e-7 -2.993998891285422e-6 -4.623878298122983e-6 -2.8481533325888067e-6 -2.1677620342832286e-7 2.877736790418729e-6 4.168986208024744e-6 2.784337523333833e-6 1.7969436383459357e-6 -2.143007309895761e-6 2.170548581624211e-6 1.1713230528837941e-5 -4.625753697134492e-6 3.029426067699486e-6 -3.822461201746402e-6 1.513473659548112e-7 -1.8280990551530101e-6 -2.832654002421e-9 -4.796263748214857e-7 2.2256883711887507e-7 2.6489480983665924e-7 2.4582371139925507e-9 5.42289033687972e-7 -7.353857149119098e-7 1.0007761214060023e-6 -1.7354048550316698e-6 2.6183467542040985e-6 -3.3243863573737824e-6 6.039108947622679e-6 -7.09982502593782e-6 1.1620753172046329e-5 -1.5152266799276174e-5 1.8134517724236877e-5 -1.722014172965077e-5 1.989313008218771e-5 0.01721900110581326 0.018571737933065068 0.029437318574551775 0.025792938560481385 0.03257529847877307 0.030742746243170565 0.03184029251061483 0.027753403196207883 0.024832872039601786 0.019986405565361996 0.01631016363612106 0.012266373399095311 0.00878842634457408 0.004830141197824414 0.0004985735242289766 -0.004387232281620282 -0.009540987952843777 -0.013967290196725306 -0.01715647443480267 -0.017173998261936885 -0.014423172507976006 -0.006634021248207494 0.0002371817629445484 0.007118136618663721 0.022833725710009124 0.09325246504775551 0.16180461008764713 0.22474576025624005 0.26072655373450604 0.26182423196112614 0.2200647947638187 0.15082960919878474 0.06405459757897236 -0.020912870219266792 -0.09013837404780092 -0.1320478081371439 -0.14234963080570212 -0.1228193336019723 -0.08080123320703154 -0.02756507511272101 0.02554868060638012 0.06703425991481478 0.091112707002511 0.0950175482576617 0.08112545883924521 0.06813446904462171 0.0492081422936229 0.015379376244673606 0.03626570789771407 0.1811483999738815 0.383115410984792 0.5530156845195895 0.6355885534395114 0.6142050558988376 0.4906216302321048 0.2870364109268045 0.044989718793665555 -0.19074148482680217 -0.3762756634850214 -0.4795339674285334 -0.4852315021708827 -0.3972085029658769 -0.237323068358083 -0.03915329675601593 0.1564410029568652 0.3133673797190395 0.4024311000732209 0.4134796737426957 0.3507702981436868 0.24280666550284297 0.11697591892859568 0.02521026676383605 0.03363003221966551 0.19575073531919832 0.44411363419301125 0.660074524375202 0.7650299338552451 0.745344138325896 0.5941608808400068 0.3399058012589154 0.029014732099816264 -0.28082416543950645 -0.5317200014889715 -0.6776896488634526 -0.6929402730266729 -0.5768215241669525 -0.35376324524656316 -0.06851200630352061 0.22415924632144474 0.4676501383857543 0.6179675522026767 0.6502754624535415 0.5632921281282942 0.3805418804900009 0.1722702080744212 0.03134252781266379 0.026917220628790785 0.152503817556944 0.33963085509540475 0.5118230989101518 0.6011222406228776 0.5845055523320527 0.4620999094773722 0.25055885456306987 -0.013185899479455698 -0.2801666975615527 -0.5008166789550231 -0.6320439308041875 -0.6472773167075496 -0.5418942949105282 -0.33415000712785004 -0.06259063059694547 0.22117981795745345 0.4638003284211294 0.6185277976202989 0.6564192905906688 0.5759515182821268 0.3910005556594407 0.1740542821111918 0.029183926926363898 0.005565360126782904 0.03654427347368407 0.08458260307955882 0.13256750201777692 0.16584132515313893 0.16902585947031465 0.13467918762046463 0.06524559799929928 -0.030167660141148054 -0.13582066124585615 -0.22999740538644678 -0.29230179145842367 -0.30618928013027596 -0.2635006782768354 -0.1677510235186127 -0.03367024984136083 0.11475069445675178 0.2486467062922811 0.34122823915411304 0.37121797397196177 0.3341575328893327 0.2296886714437273 0.10174587466522787 0.01645097318533704 -0.012890137292851338 -0.08699534963697003 -0.19916032920638532 -0.29036358787843974 -0.3240110846970142 -0.30441270491168715 -0.23269603982761977 -0.12932931971206144 -0.015072778007600266 0.08794727102575038 0.1606925957874323 0.19339437894942374 0.18470080474754486 0.14177203640853805 0.07809142695616057 0.009241984107786384 -0.050255551944495325 -0.08972425442278527 -0.1046472346619259 -0.09745134257530741 -0.07211206487874806 -0.04294335309409436 -0.018886856995324403 -0.0035695606619196188 -0.027884480364706248 -0.16684100029320661 -0.37764069090929603 -0.5602292273261325 -0.6429792272569379 -0.6126645302612461 -0.4721549590444763 -0.2459174589215413 0.021904386704015833 0.2814176985086776 0.4847303138387311 0.5943184798377452 0.5919109940447895 0.4805721584288205 0.2835782711083384 0.04004164917133714 -0.2033854535086509 -0.4015451311729926 -0.5188976090926118 -0.5375874014532789 -0.46024104511446595 -0.3066500439042347 -0.13627274326773545 -0.023206514074525817 -0.030086397554331703 -0.17195362946696172 -0.3825469802933741 -0.5682990915607407 -0.6614668745285707 -0.6369539888275597 -0.4913899493672589 -0.24895502838742906 0.048383578795672205 0.34484410502757945 0.5840172500054752 0.7194938536206323 0.7232686343695264 0.5925239121666792 0.3503147829111654 0.04108642467209746 -0.27732403106533665 -0.5450319126580477 -0.7119366180615763 -0.7472144261678715 -0.6506663947443247 -0.44094103878545987 -0.19855121043363805 -0.035092941200080115 -0.02503900637191724 -0.11697745090343321 -0.24572214001416504 -0.36108055683484697 -0.4290821772061312 -0.41932112541718 -0.3283900645796019 -0.16487769130514995 0.04289543626351191 0.2573648669806194 0.4362477847031293 0.5418419082913192 0.5491551934710391 0.4511332973134694 0.2614477303614054 0.01281874723999127 -0.24917726208374644 -0.4746973574552384 -0.6195409745378304 -0.6540467920782506 -0.5758426381076158 -0.39646794624644616 -0.18322998597823972 -0.03552143280668329 -0.016691632493763098 -0.04692255234458934 -0.07562959904771398 -0.10131174213934208 -0.13042350161126712 -0.13669541799539206 -0.11577655869554787 -0.06555099749972908 0.007979429633120457 0.09074763965339129 0.16541308104788138 0.21378773035095658 0.22130147638730296 0.18093502228399175 0.09544545314153821 -0.022279406643075667 -0.15085638284783476 -0.26503910426915117 -0.34110641366861094 -0.36080084315007066 -0.32208380111750445 -0.23057925342793212 -0.11460266434085295 -0.027572647372074075 -0.013493305051906549 -0.013044344952733308 0.008073611105751497 0.03020369880115297 0.028589285926268086 0.018039908291249695 0.0014981860890113984 -0.015372394588987351 -0.02887149071238229 -0.03668462504801048 -0.03893947229306526 -0.03716539725403433 -0.03408250796337647 -0.03268713580101342 -0.03511010217509464 -0.04178212318195841 -0.05146518803474734 -0.06106176195614458 -0.06743696880750807 -0.06787287923340148 -0.06181534273982919 -0.05640757464122929 -0.04093319377741428 -0.017779737912341192 -0.01777973789744703 -0.04093319374215092 -0.056407574537967596 -0.06181534259283833 -0.06787287901824408 -0.06743696859128782 -0.06106176177020558 -0.05146518793771452 -0.04178212311163135 -0.03511010218399769 -0.03268713589512975 -0.0340825080801847 -0.03716539733494058 -0.038939472345677274 -0.036684625058263746 -0.02887149072013229 -0.015372394668433747 0.0014981859744861675 0.0180399081232541 0.028589285763502052 0.03020369864745786 0.008073611054936309 -0.013044344966621631 -0.013493305048973116 -0.027572647377444585 -0.1146026643023245 -0.23057925331783233 -0.3220838009766574 -0.3608008430376788 -0.34110641358349086 -0.2650391042014621 -0.1508563827774795 -0.02227940667347975 0.09544545302930403 0.1809350221559758 0.22130147623381455 0.21378773020875153 0.1654130810133377 0.09074763963257876 0.007979429612836845 -0.0655509974577992 -0.11577655862352129 -0.13669541798998802 -0.13042350162686228 -0.10131174211355681 -0.07562959904652114 -0.04692255235643332 -0.016691632508367128 -0.03552143280596739 -0.1832299859770086 -0.39646794622979803 -0.5758426380982334 -0.654046792060256 -0.6195409745743354 -0.47469735753839953 -0.249177262214178 0.012818747106936642 0.2614477302297286 0.4511332972219109 0.5491551934319444 0.541841908256797 0.43624778464803676 0.25736486695650773 0.04289543630334731 -0.1648776912096008 -0.3283900644789178 -0.4193211251827405 -0.42908217695745055 -0.36108055669454875 -0.24572213996252645 -0.11697745087708611 -0.02503900636249432 -0.03509294120779458 -0.1985512104595105 -0.44094103885013786 -0.6506663948237896 -0.7472144262949758 -0.7119366181694974 -0.5450319127593921 -0.27732403122337645 0.04108642455385897 0.3503147828275739 0.5925239120449205 0.7232686343011563 0.7194938536265791 0.5840172499769761 0.344844105057937 0.04838357886823836 -0.24895502828424962 -0.4913899491714338 -0.636953988691302 -0.6614668744270507 -0.5682990914214403 -0.38254698016696725 -0.1719536294329173 -0.03008639756285984 -0.023206514074289877 -0.1362727432994403 -0.3066500440269228 -0.46024104522388254 -0.53758740153303 -0.518897609213826 -0.4015451312686492 -0.20338545351608264 0.040041649135126235 0.28357827110081407 0.48057215852784035 0.5919109940830484 0.5943184798003368 0.48473031386710486 0.28141769849916815 0.02190438672529304 -0.24591745887415087 -0.47215495904988863 -0.6126645302119693 -0.6429792271608493 -0.5602292272598018 -0.3776406908734277 -0.1668410002571393 -0.02788448034415441 -0.003569560669876632 -0.01888685700917953 -0.042943353071999556 -0.07211206493973539 -0.09745134266625834 -0.10464723465587322 -0.08972425439638526 -0.05025555190251877 0.009241984239356004 0.07809142710451529 0.14177203651358677 0.18470080489064772 0.19339437906997362 0.16069259581111348 0.08794727103693073 -0.01507277807010772 -0.1293293198185952 -0.2326960399065477 -0.3044127050221949 -0.32401108480410856 -0.29036358791882677 -0.1991603292198195 -0.0869953496711033 -0.012890137303370188 0.01645097317821382 0.10174587466048875 0.22968867141483268 0.3341575328747872 0.3712179739693602 0.34122823914928846 0.248646706384904 0.11475069459582841 -0.033670249680748374 -0.16775102330908773 -0.2635006780664965 -0.3061892800014212 -0.29230179137643086 -0.2299974053578693 -0.13582066132406423 -0.0301676602567553 0.06524559784139111 0.13467918742184162 0.16902585932347997 0.16584132500412424 0.13256750186354446 0.08458260298784202 0.036544273466350266 0.005565360139152271 0.029183926923356005 0.17405428208699616 0.3910005555912131 0.5759515182101822 0.6564192905520508 0.6185277976400406 0.46380032844503066 0.22117981805148787 -0.06259063045287235 -0.3341500069892258 -0.5418942947676793 -0.6472773165809026 -0.6320439307381867 -0.5008166789506436 -0.2801666975950608 -0.01318589958394469 0.2505588544074417 0.4620999093169056 0.5845055521372415 0.6011222404812614 0.5118230987940723 0.3396308550124584 0.15250381752290848 0.02691722062424827 0.03134252780342811 0.1722702080407948 0.38054188046048604 0.5632921280807861 0.6502754623826992 0.6179675521266575 0.46765013834882824 0.22415924630366743 -0.06851200630936208 -0.3537632452149785 -0.5768215241466833 -0.6929402730073232 -0.6776896488437618 -0.5317200014790149 -0.2808241654458132 0.0290147320828639 0.33990580122840086 0.5941608807750108 0.7453441382936028 0.7650299337803323 0.6600745243057369 0.4441136341444872 0.19575073529807982 0.03363003221850307 0.02521026676372845 0.11697591891635921 0.24280666546932084 0.35077029809474364 0.4134796736981929 0.4024311000046629 0.31336737964191963 0.1564410028385265 -0.03915329685884886 -0.23732306849212614 -0.39720850306271094 -0.4852315022386258 -0.4795339674596631 -0.3762756634744623 -0.1907414847860414 0.04498971885903723 0.2870364109946584 0.49062163033127415 0.6142050559472361 0.635588553502438 0.5530156845459169 0.3831154109939572 0.18114839995950943 0.036265707897223 0.01537937624898605 0.04920814232094558 0.06813446907836578 0.081125458895234 0.09501754827157942 0.09111270702400077 0.06703425986340429 0.025548680552155596 -0.027565075227664482 -0.08080123330568298 -0.12281933370269775 -0.14234963089022828 -0.13204780817620254 -0.09013837406826739 -0.02091287019769844 0.06405459763358028 0.1508296092837503 0.22006479484740998 0.2618242320534067 0.2607265537922398 0.22474576031028634 0.1618046101161267 0.09325246504287481 0.022833725705381402 0.00711813663408825 0.00023718177753088721 -0.006634021211600574 -0.01442317249493838 -0.017173998219604556 -0.017156474439438164 -0.013967290174312537 -0.009540987992271991 -0.004387232293192048 0.000498573484575764 0.004830141165370852 0.008788426328410918 0.012266373356130685 0.016310163638602986 0.019986405553662854 0.024832872059225734 0.027753403210425093 0.03184029253973369 0.030742746266936797 0.03257529849766438 0.02579293858201649 0.029437318572094483 0.018571737942152094 0.017219001107811206
</DataArray>
        <DataArray type="Float64" Name="Mode_15_phi2" NumberOfComponents="1" format="ascii">
 2.941762560796086e-6 -1.0287056211071942e-7 2.9417625556215487e-6 -1.0287055719282781e-7 3.3738814654571195e-6 -1.658996283251873e-5 -1.2235732502813231e-6 9.166343368549338e-7 1.025398763968983e-5 1.4799566593764292e-5 1.371673065464487e-5 6.4317382273257516e-6 -1.161672391767012e-6 -6.626215799343656e-6 -5.498059861741861e-6 -3.8831937035699905e-7 5.613947163779858e-6 7.5515372743165726e-6 4.3313542591155056e-6 -3.5382240802264305e-6 -1.0829053948296625e-5 -1.560337901770894e-5 -1.2090474147445867e-5 -7.123244117878777e-6 3.7144102004902353e-6 4.585517406360506e-6 9.51374060854112e-6 8.138590375829254e-7 -2.2952123138891692e-5 2.0021740163341252e-5 -1.1157807458430693e-5 9.376808956115268e-6 -7.254107687249135e-6 5.296538845307485e-6 -4.457804563565274e-6 2.979134615851069e-6 -2.601472790306052e-6 1.6473591555960358e-6 -1.251125390884878e-6 8.179032388152805e-7 -3.7206182230854896e-7 2.2833761996472437e-7 8.453681755518553e-8 -3.4141736231593403e-7 6.506771766851685e-7 -1.2770091301271916e-6 2.0934678827040755e-6 -2.892866673350901e-6 3.751485611235095e-6 -1.1714649907159563e-6 -1.3849260350831233e-5 2.76336373557036e-5 3.3738814829022565e-6 -1.658996285279454e-5 -1.2235732080638877e-6 9.166343073111182e-7 1.0253987659989678e-5 1.4799566574485766e-5 1.3716730670055133e-5 6.431738212044388e-6 -1.1616723830616783e-6 -6.626215808210757e-6 -5.498059844305071e-6 -3.883193807852627e-7 5.613947177289351e-6 7.551537252757724e-6 4.331354279648267e-6 -3.5382241032330066e-6 -1.0829053922842661e-5 -1.5603379049113477e-5 -1.2090474117726786e-5 -7.123244141903509e-6 3.7144102159079675e-6 4.58551740668213e-6 9.513740606319199e-6 8.138590428836626e-7 -2.2952123139819335e-5 2.0021740173769078e-5 -1.1157807475600353e-5 9.376808990740098e-6 -7.254107736983705e-6 5.2965388920261675e-6 -4.457804597210102e-6 2.9791346333254095e-6 -2.6014728006574314e-6 1.6473591635508322e-6 -1.2511253905874607e-6 8.179032284230271e-7 -3.720618165558621e-7 2.2833762974999147e-7 8.45368009387502e-8 -3.414173437890689e-7 6.50677158088382e-7 -1.2770091125755996e-6 2.0934678720509675e-6 -2.892866673591312e-6 3.7514856127877977e-6 -1.1714649905948882e-6 -1.384926034633237e-5 2.7633637345227892e-5 0.017372777010205762 0.0034218879605525765 -0.0009897539545739964 0.0016439875941273942 0.0002925068201603585 0.0008006246282918148 -0.0001369666920689866 -0.00028176848318419914 -0.0007038578473933027 -0.0008990589595093401 -0.00117481236939442 -0.001695023415175501 -0.0021176051335636973 -0.003115960295427832 -0.00323395238923465 -0.0041871221942003 -0.003035778794679952 -0.0033349619339361316 -0.0002087969971163153 -0.00012016871691548949 0.004858600161359826 0.0030612090530589154 0.005126853044966691 -0.009169256938613904 0.04697831602606034 0.06333711230774756 0.011494098672239534 0.04116071449542233 0.0073892113819034174 -0.01020818358164383 -0.03171676910030082 -0.04410655541249204 -0.04833764979226772 -0.04325064098817617 -0.031618245321882475 -0.015948395022587766 -0.0002138294479023698 0.012479154724451456 0.02031069735290347 0.02166781580774507 0.018537334828663023 0.010887392982273895 0.0039213083966604815 -0.00257450287326851 -0.005401498644421566 0.01075714320608721 -0.004235318954537187 -0.03052060618847943 0.10491582799567926 0.2049676314695915 0.15233251316184615 0.13091400084913432 0.03758864820396803 -0.06095474171588988 -0.14614772755966812 -0.20205446435094485 -0.2184449070940754 -0.19363977148392475 -0.13621203928662914 -0.057741400904397826 0.024289767930066476 0.09483089787745823 0.14013383989001704 0.1542449501749154 0.1358724710375732 0.09259015754800091 0.03555429195026893 -0.01932412336849473 -0.06577147803373175 -0.0520836126586507 -0.08694532398643393 -0.07202664127960973 0.17368903718482256 0.4203483390634971 0.3933080921754138 0.275576020716096 0.08080488255899056 -0.14356485936844032 -0.3378087192104399 -0.46719603757214706 -0.5058977937921091 -0.4512508671798872 -0.3155259597483917 -0.12862059757275812 0.07268198798228404 0.24901234666141642 0.3680825861402907 0.4093525476034003 0.36932672740085615 0.2599852991120448 0.1079484559534864 -0.047853268928494966 -0.18571986003256602 -0.22127748642029094 -0.25295648228034245 -0.1290151104041913 0.23601839007777625 0.6261097409992528 0.6280552521887951 0.42771508588495877 0.12441070715724313 -0.2225380813323584 -0.5313875866192587 -0.7391009742576113 -0.8083704586182859 -0.7261806986827625 -0.5124643882149515 -0.20965003180145425 0.1223862155826316 0.41987701763092994 0.627051280235959 0.7068922428755221 0.6482668715286029 0.46787769811707935 0.20621563368154108 -0.07497953990911044 -0.3253202159777122 -0.4475299675686427 -0.4579110902411662 -0.19114939117542806 0.2713134319103618 0.73519652969105 0.7559479390987144 0.5190033430537353 0.1544925512781607 -0.2660006000795638 -0.6446174941466682 -0.9071591679271843 -1.0 -0.9071666628098476 -0.6459999175094191 -0.26829529858291346 0.1531983752326045 0.5378762278436695 0.812432042977684 0.9263017483200721 0.8603642523805768 0.6318561735994594 0.2896063900130237 -0.09039743497319037 -0.4277083485777532 -0.6328494178877758 -0.6246792951808906 -0.23584127211157432 0.26703355240124277 0.7034943478897561 0.7188794572969549 0.5129704454294477 0.15900369235757947 -0.24833892409550204 -0.6257140771906886 -0.8927371540598016 -0.9966203243423758 -0.9137973188848791 -0.659985555332713 -0.2821416160252309 0.1470669088099213 0.5457173012152265 0.8373750081019534 0.9661857958346407 0.908457034276082 0.6773762743736347 0.321226753326548 -0.08545191165786532 -0.4458389070362984 -0.6898518814986655 -0.6760701729361209 -0.24636795497850916 0.22655671027683122 0.5485451792313838 0.5440213281985034 0.4158175548940198 0.13921899944966046 -0.17824805379081823 -0.48314583616396417 -0.7062903350790632 -0.8014472448652596 -0.7472865110897197 -0.5507282199650869 -0.24826481945164466 0.10333230085455057 0.4364191164502298 0.686414002184829 0.8044277579088801 0.7667839069800466 0.5811127585449796 0.28520963335872246 -0.06075671848291541 -0.3685385962434378 -0.5852759368301398 -0.5859823795128211 -0.21637156928837034 0.16760701028827973 0.34546014365846806 0.31935855644016325 0.27436282522670613 0.10607933275222345 -0.08938992114922342 -0.2847154528894232 -0.43521041198763694 -0.5076704592263565 -0.4856246368343862 -0.3710555458935036 -0.18405467138478895 0.039704213034129465 0.2573189514116415 0.42589542359843263 0.5119040919364947 0.49757070696983613 0.38509399662529686 0.1980969207860478 -0.026248891952852876 -0.22823323897000378 -0.36300080179333505 -0.3907810652023253 -0.15648645045560447 0.11073627120646035 0.17888443196075582 0.14491567636507752 0.14828062606796127 0.07176429301471939 -0.019994409668367574 -0.1170642385964777 -0.19613551070534108 -0.24092414203060755 -0.24156735355157843 -0.19771731476425872 -0.11776300731523813 -0.017166281099671676 0.0841583642537432 0.16646873744436957 0.21338647422386967 0.2160237762434568 0.17413133087378788 0.09817313032574701 0.00529297292496463 -0.08361018124400434 -0.1193324423150313 -0.17160904843792296 -0.0866736874227485 0.06926639225182975 0.09530087847848717 0.0746354111474265 0.07578487956128638 0.047087984700226224 0.007083668449676095 -0.03274993658459111 -0.06678585652873047 -0.08844613827665995 -0.09595276584059861 -0.08948326989111403 -0.07219243502943433 -0.04848074875367523 -0.023326505524836262 -0.001157181165647669 0.015067315466773201 0.02402220806082376 0.02638310984142644 0.024589897039780276 0.024179855206022293 0.01508488193358526 0.05125200172956779 -0.006968930976394222 -0.02675642664192643 0.04143832241863545 0.07957904496154328 0.08873036102166962 0.05619196759331555 0.035123702599250226 0.0014492076786599686 -0.024033310701368507 -0.04246506385239281 -0.05261524539940397 -0.056109976305417024 -0.056002607864043374 -0.054923172125406955 -0.05476457085764039 -0.055655404487811796 -0.056203600134923044 -0.05374838577410375 -0.045197744246436515 -0.028709888415982963 -0.0038572635603611916 0.030945943557419798 0.05262430902062517 0.1091814872109389 0.0682159917785465 0.014283728281026482 0.014283728309864798 0.06821599180147789 0.10918148726338543 0.05262430906294967 0.030945943579708837 -0.003857263583393698 -0.028709888441688338 -0.04519774428128278 -0.053748385755868294 -0.056203600201268814 -0.05565540449532121 -0.05476457084518786 -0.05492317210470239 -0.05600260787183797 -0.05610997629987538 -0.05261524541167966 -0.0424650639282596 -0.02403331070063991 0.0014492076458634676 0.03512370262764127 0.05619196758654325 0.08873036106404585 0.07957904495287457 0.04143832239729233 -0.02675642660333071 -0.006968930886019702 0.05125200185142357 0.01508488198289625 0.024179855261409467 0.024589896960629 0.026383109809177668 0.024022207977127612 0.01506731537205026 -0.0011571812623734857 -0.023326505591602594 -0.04848074873290418 -0.0721924349767167 -0.0894832697878679 -0.09595276586563974 -0.08844613829669679 -0.06678585656637788 -0.032749936655943376 0.007083668408178881 0.047087984704993494 0.07578487962667844 0.07463541121278783 0.09530087847560852 0.06926639224367077 -0.08667368739391026 -0.17160904830292692 -0.11933244214585663 -0.083610181207305 0.005292972954045782 0.09817313022656822 0.17413133077473786 0.21602377617761426 0.2133864740267062 0.16646873733992545 0.08415836421723442 -0.017166281081409905 -0.11776300722117262 -0.19771731466650058 -0.24156735350126246 -0.24092414205825133 -0.19613551064026627 -0.11706423870249369 -0.019994409660091337 0.07176429299651521 0.14828062608455775 0.14491567636266706 0.17888443196034928 0.11073627119204772 -0.1564864504233177 -0.39078106508459715 -0.3630008016486485 -0.22823323890849936 -0.026248891999336815 0.19809692071244475 0.38509399648100573 0.49757070684185 0.5119040918167117 0.4258954234747741 0.25731895140144007 0.039704213096829054 -0.1840546712453587 -0.37105554585511513 -0.4856246366821447 -0.5076704592024862 -0.4352104119268376 -0.2847154528686214 -0.08938992117625846 0.10607933273420053 0.27436282517113325 0.31935855640473837 0.3454601435984415 0.16760701026940342 -0.21637156926714124 -0.5859823794402395 -0.585275936759789 -0.36853859614980994 -0.06075671853996699 0.28520963326669585 0.5811127584317122 0.7667839068557899 0.8044277578049176 0.6864140020969913 0.4364191164442093 0.10333230096430528 -0.2482648194046173 -0.5507282198093297 -0.7472865110114061 -0.8014472447383392 -0.7062903350134573 -0.4831458361452329 -0.1782480538218558 0.13921899944239474 0.4158175548494532 0.544021328091143 0.5485451791354455 0.22655671025024812 -0.24636795495178648 -0.6760701729204447 -0.689851881409362 -0.4458389070219222 -0.0854519116599051 0.3212267532446746 0.6773762743022429 0.9084570342123662 0.9661857957075193 0.8373750080959618 0.5457173012056543 0.14706690884080229 -0.2821416159380417 -0.6599855552705655 -0.913797318757446 -0.9966203242840477 -0.8927371539750546 -0.6257140771895178 -0.2483389240853725 0.15900369236300732 0.5129704453974036 0.7188794571953188 0.7034943477720436 0.26703355237903326 -0.23584127210433356 -0.6246792951273374 -0.6328494178506842 -0.4277083485703196 -0.09039743497431259 0.28960639001375327 0.6318561735614243 0.860364252350707 0.9263017482910898 0.8124320429170446 0.5378762278554555 0.1531983752316463 -0.26829529858055023 -0.6459999174785988 -0.9071666627887891 -0.9999999999558303 -0.9071591679031873 -0.6446174941080448 -0.26600060008902443 0.15449255131427192 0.5190033430623169 0.7559479390198828 0.7351965296289914 0.27131343188149354 -0.1911493911661249 -0.45791109022286997 -0.4475299675536731 -0.32532021594721633 -0.07497953988928303 0.20621563372132018 0.4678776981492753 0.6482668715358908 0.7068922428760147 0.6270512802129825 0.41987701758513624 0.12238621554339972 -0.20965003184613856 -0.512464388279253 -0.7261806986948803 -0.8083704586492277 -0.7391009742552038 -0.531387586596999 -0.22253808130389366 0.12441070718994947 0.42771508592221363 0.6280552521980564 0.6261097409661576 0.23601839005488395 -0.12901511041169364 -0.25295648229096873 -0.22127748640490477 -0.18571986002940477 -0.047853268863809695 0.10794845599042936 0.25998529919132396 0.36932672746625766 0.40935254760121714 0.36808258614686074 0.24901234660547666 0.07268198791804417 -0.12862059765946998 -0.31552595982629206 -0.45125086725112906 -0.5058977938404854 -0.467196037612423 -0.3378087191948975 -0.14356485933092447 0.08080488260869959 0.2755760207549044 0.3933080922322666 0.42034833907409064 0.17368903715784276 -0.07202664129089738 -0.08694532401327239 -0.05208361266818264 -0.06577147802955392 -0.019324123336495365 0.035554292008473314 0.0925901576171472 0.13587247109890502 0.15424495020998738 0.1401338398721166 0.09483089785491615 0.024289767880860957 -0.05774140096740261 -0.13621203935883802 -0.19363977153504452 -0.21844490715465203 -0.20205446439219563 -0.14614772753781052 -0.06095474170899143 0.03758864824766098 0.13091400087840907 0.152332513228891 0.2049676314744236 0.10491582799116568 -0.030520606197237638 -0.004235318982338045 0.010757143199441795 -0.005401498644811269 -0.0025745028648982054 0.003921308449809852 0.010887392999916218 0.01853733488622591 0.021667815807807744 0.020310697358425354 0.012479154715777293 -0.00021382946439404174 -0.015948395051361634 -0.03161824536081238 -0.04325064101150242 -0.04833764982472298 -0.044106555429735926 -0.03171676910098799 -0.010208183567055367 0.007389211385121482 0.04116071452161545 0.011494098690999894 0.06333711231916085 0.04697831602398962 -0.009169256945825656 0.005126853033976539 0.003061209046323603 0.004858600152841225 -0.00012016870223373429 -0.00020879700238169316 -0.0033349619225824557 -0.003035778791409547 -0.00418712219160275 -0.003233952392118048 -0.0031159602952724 -0.002117605131325697 -0.0016950234250892782 -0.001174812382039528 -0.000899058963552855 -0.0007038578563941678 -0.00028176848367967135 -0.0001369666971358672 0.0008006246335230866 0.00029250682619295687 0.0016439875959535777 -0.000989753954627752 0.003421887962303271 0.017372777016632982
</DataArray>
        <DataArray type="Float64" Name="Mode_16_w" NumberOfComponents="1" format="ascii">
 1.1625360728058513e-6 -6.751657507973817e-7 1.1625360723254312e-6 -6.751657497992707e-7 -1.830909565421436e-6 3.634573371331557e-6 1.6416256215829314e-6 2.5371491438141235e-6 6.690774168825119e-7 -3.974760380449161e-7 -3.974760380449161e-7 -1.6829329242990336e-6 -2.0933652218364705e-6 -9.403823217686629e-7 4.2332363771932163e-7 1.0450711187878514e-6 -2.9373688109725696e-8 -1.4619708653617187e-6 -2.0417486867822803e-6 -1.4589756735468202e-6 -5.7875076467407774e-8 9.20293480520214e-7 9.20293480520214e-7 1.9568223062283587e-6 1.5640350077482414e-6 1.6896546863340847e-6 6.716725004207845e-8 -1.188792658585239e-7 4.166640844481162e-7 -4.445283056762787e-7 4.820231228083156e-7 -8.76844262024988e-7 -1.1376692097624425e-7 -3.7487569070045995e-7 -3.7487569070045995e-7 2.385362638867861e-7 3.3974663403305845e-7 4.0307353849010834e-7 3.432659462740803e-7 2.3836350904440284e-7 2.582752274572364e-7 2.3751200412907263e-7 5.014517142004362e-7 3.8598663523856667e-7 3.129236815453267e-7 -1.0515702826984293e-7 -1.0515702826984293e-7 -5.359498942939064e-7 2.993310588303564e-7 -1.0015490806996065e-6 1.7907359483986084e-6 -2.385702018181667e-6 -1.8309095650475132e-6 3.634573370217492e-6 1.6416256212828406e-6 2.537149143122932e-6 6.690774161465496e-7 -3.97476036547756e-7 -3.97476036547756e-7 -1.6829329254908326e-6 -2.0933652200825965e-6 -9.403823238980939e-7 4.233236382091988e-7 1.0450711175797226e-6 -2.937368763888924e-8 -1.461970864928761e-6 -2.0417486868436466e-6 -1.4589756721738111e-6 -5.787507690621833e-8 9.202934815217708e-7 9.202934815217708e-7 1.9568223066527777e-6 1.5640350066325035e-6 1.6896546864027985e-6 6.716725103263268e-8 -1.1887926629105088e-7 4.1666408356390743e-7 -4.4452830538824826e-7 4.820231221611087e-7 -8.76844261162113e-7 -1.1376692197026329e-7 -3.7487569093599223e-7 -3.7487569093599223e-7 2.3853626332248166e-7 3.3974663474897917e-7 4.030735372950153e-7 3.43265947045945e-7 2.3836350919439758e-7 2.5827522776614443e-7 2.3751200372651924e-7 5.014517151182417e-7 3.859866322800222e-7 3.129236843490117e-7 -1.0515702905143702e-7 -1.0515702905143702e-7 -5.359498944041729e-7 2.9933105984302346e-7 -1.0015490814576878e-6 1.7907359482915852e-6 -2.3857020190758583e-6 0.0006576144787617321 0.0016156337865895856 0.002055017199526605 0.002488306954920811 0.0025686855607552662 0.0021596163637348045 0.0021596163637348045 0.0014751120817485801 0.0005060085355937204 -0.00045188652095345884 -0.0013163217393510418 -0.0018889808513245063 -0.002126999180081218 -0.002025907211714094 -0.001636942268508277 -0.001103437499153747 -0.000512575377501 -4.000556009649798e-5 -4.000556009649798e-5 0.0003078252115690564 0.0004075186718195395 0.00045286996435189495 0.0003723295921037186 0.00015154751648632252 0.0018048068285523226 0.009993568780120744 0.0176635528259683 0.022624852457429255 0.023925690494913974 0.020853308097142417 0.020853308097142417 0.0141475259391036 0.005156501312011744 -0.004418028537721692 -0.012716021716738267 -0.018357265892947033 -0.020405245700776932 -0.018891874331926305 -0.014429257216927881 -0.008324733708722772 -0.001956759592069598 0.0032038576972753256 0.0032038576972753256 0.006296348380191665 0.006866696158381304 0.005308407082208259 0.0033740909170681655 0.0005732417586977811 0.002082997105346678 0.016664476786378096 0.036953208631665464 0.05028445222653994 0.05487575132553496 0.04904396115775066 0.04904396115775066 0.03407363446189493 0.013111470495368583 -0.009645380710106868 -0.029732287062346215 -0.04333174874093905 -0.04810781848350322 -0.043669313369468284 -0.0316988885362896 -0.015310655144744357 0.0015411164172752976 0.01510084268710035 0.01510084268710035 0.022490570618292544 0.022755318541158868 0.016573393989148467 0.007815492566304564 0.0010017469022364429 0.0018829970834951689 0.01702373762041188 0.04039737930028668 0.0574317247970822 0.06417400593979794 0.0587345196948847 0.0587345196948847 0.041888675770920376 0.017095617371982636 -0.010620042004860235 -0.03567838370791721 -0.05306330355016292 -0.05940186170340499 -0.05380929992998728 -0.03808093616275369 -0.016188623956818363 0.006700100750141782 0.025303145122637347 0.025303145122637347 0.03552225262029261 0.03557036966672054 0.026407479849267966 0.011746252575322434 0.0013368550589695405 0.0009056695141546564 0.009309753779511105 0.02323199066210255 0.03479101898595533 0.04029971438896844 0.038048106856932565 0.038048106856932565 0.027936734550379413 0.011753823041273316 -0.007283749393175724 -0.02521404805216868 -0.038169104888541236 -0.043219574814033004 -0.03917464469269159 -0.026963415538986683 -0.00941175091882449 0.009397589900325154 0.025065339965776846 0.025065339965776846 0.03384839239841397 0.03382939759083858 0.025536686824565925 0.011210879768707637 0.001279711326990263 -0.000437521191656891 -0.002840087202347015 -0.0058412088405652525 -0.005794927721724768 -0.0045380556027554446 -0.0023733550835263535 -0.0023733550835263535 -0.0005323803914455972 0.00017960236708003556 -0.0006039240671401725 -0.002681827661224918 -0.005280168101196874 -0.007317573517756888 -0.0077408858439183695 -0.005951557502503527 -0.002039477912878011 0.003181988243184207 0.008392006494865031 0.008392006494865031 0.01204783389844365 0.012868346583506945 0.010646841411324423 0.004765433017094595 0.0005792144014989406 -0.000437521191656891 -0.002840087202347015 -0.0058412088405652525 -0.005794927721724768 -0.0045380556027554446 -0.0023733550835263535 -0.0023733550835263535 -0.0005323803914455972 0.00017960236708003556 -0.0006039240671401725 -0.002681827661224918 -0.005280168101196874 -0.007317573517756888 -0.0077408858439183695 -0.005951557502503527 -0.002039477912878011 0.003181988243184207 0.008392006494865031 0.008392006494865031 0.01204783389844365 0.012868346583506945 0.010646841411324423 0.004765433017094595 0.0005792144014989406 -0.0013184245962066987 -0.012158724085597067 -0.028704769152809242 -0.03914814088841236 -0.042156106205315215 -0.03696104898024873 -0.03696104898024873 -0.024915689000552965 -0.009048358164134246 0.007091775648358008 0.020026563688458003 0.027173438454543123 0.027397404368273336 0.02122323162682789 0.010600220586919099 -0.0016919901823503813 -0.012729115943941053 -0.020068879329313685 -0.020068879329313685 -0.02232385425023588 -0.019572013158124395 -0.012870735609854574 -0.005242702779915317 -0.0005102430441293588 -0.001486719026479447 -0.013794378179304687 -0.03247335737744043 -0.046145542419735355 -0.05092246595460848 -0.04541124203083349 -0.04541124203083349 -0.030533385064034236 -0.009575429866450939 0.012750283283996076 0.0314351727036078 0.04219742253882338 0.042494681827575764 0.03223097454458394 0.013777942978099703 -0.008647253015159938 -0.02995058462596686 -0.04527927954333227 -0.04527927954333227 -0.051116582625609044 -0.046418787420078225 -0.03272172669229038 -0.013963552394417236 -0.0015531782350656422 -0.0010250581813472952 -0.008814767269708404 -0.01914792513312515 -0.028286082407603566 -0.03181145453520705 -0.0284270139771907 -0.0284270139771907 -0.018169136003585693 -0.0030705530485831095 0.013478726780752567 0.027478187016064023 0.03522750726681324 0.03422548328180693 0.023944271328465685 0.006123846102852459 -0.015618513120735797 -0.03653654319869901 -0.05182863442376706 -0.05182863442376706 -0.0577054217539975 -0.05258927078945103 -0.037979172671378014 -0.016852258524956164 -0.0020448296907881114 -0.0006007299024953451 -0.0027429292644742566 -0.0026264149819053605 -0.004651499034200606 -0.005701732212390509 -0.005043924903113927 -0.005043924903113927 -0.0021382685493237263 0.0027273261399412174 0.008395057035534295 0.013249111130327347 0.015508392263708943 0.013765331482767346 0.00745567008064106 -0.0028080664110967184 -0.015278377078794068 -0.027389123395299756 -0.03632486554292332 -0.03632486554292332 -0.03970484486081413 -0.0362615758650761 -0.026923954132699407 -0.013081043353772037 -0.0018484663463586445 -0.0006459249952886081 -0.001343512010620511 0.0024523008177108774 0.0038373505004689655 0.00402814763566249 0.003410186570047451 0.003410186570047451 0.0023268627027079707 0.001219774201691683 0.0002812026211671313 -0.00046022534586398446 -0.0011384356706155094 -0.00200565249915616 -0.00329785033243769 -0.0051115976806366 -0.007303996077348344 -0.009481521340291302 -0.011101593271603595 -0.011101593271603595 -0.011647723069604331 -0.010711121353779687 -0.008725271008465969 -0.006042363202859885 -0.0012066950045405114 -0.001206695004707496 -0.006042363203757052 -0.008725271009582682 -0.010711121356288439 -0.011647723068628843 -0.011101593272585997 -0.011101593272585997 -0.009481521341227052 -0.007303996079107907 -0.005111597684064835 -0.003297850335059155 -0.002005652503283418 -0.0011384356698572044 -0.0004602253425867556 0.00028120262369779814 0.0012197742040293321 0.0023268627013337496 0.0034101865676403067 0.0034101865676403067 0.00402814763444211 0.003837350498107718 0.0024523008168846902 -0.0013435120117370474 -0.0006459249955901501 -0.0018484663467371874 -0.01308104335614545 -0.02692395413542717 -0.03626157586659196 -0.03970484486475575 -0.036324865545649565 -0.036324865545649565 -0.02738912339981462 -0.015278377081494229 -0.0028080664169571603 0.007455670075384126 0.013765331480905972 0.015508392262679827 0.013249111130396101 0.008395057038290596 0.0027273261416859915 -0.002138268550046795 -0.005043924908377412 -0.005043924908377412 -0.005701732216307333 -0.0046514990364156595 -0.0026264149850733234 -0.0027429292661386266 -0.0006007299026869984 -0.0020448296913829476 -0.016852258528853456 -0.03797917267753369 -0.052589270797184555 -0.05770542176059094 -0.051828634429457676 -0.051828634429457676 -0.03653654320334123 -0.015618513126181842 0.006123846100991013 0.023944271324361326 0.03422548327873526 0.03522750726662979 0.027478187015916093 0.013478726782205193 -0.0030705530492607814 -0.01816913600416932 -0.028427013977367285 -0.028427013977367285 -0.03181145454051309 -0.02828608240956716 -0.019147925135107095 -0.008814767271145437 -0.0010250581818291346 -0.0015531782355383335 -0.013963552399556942 -0.03272172670099184 -0.04641878743057469 -0.05111658263756158 -0.04527927955257615 -0.04527927955257615 -0.029950584631487483 -0.008647253018770916 0.013777942975944797 0.03223097454643359 0.04249468182807775 0.04219742254068249 0.03143517270746822 0.012750283285610715 -0.009575429864109874 -0.030533385062965542 -0.04541124203105502 -0.04541124203105502 -0.05092246595397451 -0.04614554242160922 -0.03247335737889897 -0.013794378180483404 -0.0014867190265922597 -0.0005102430445968022 -0.005242702782763253 -0.012870735618072504 -0.019572013170165287 -0.022323854262865605 -0.020068879341689914 -0.020068879341689914 -0.012729115952244543 -0.001691990185619371 0.010600220587507325 0.0212232316291954 0.027397404374387962 0.027173438459099232 0.020026563692988813 0.007091775653287797 -0.00904835816235545 -0.024915688998372834 -0.036961048980027625 -0.036961048980027625 -0.04215610620595641 -0.03914814088906222 -0.028704769154580926 -0.012158724086508189 -0.0013184245965236065 0.0005792144010207108 0.004765433014082785 0.010646841404364083 0.012868346572038383 0.012047833886098196 0.00839200648409178 0.00839200648409178 0.003181988236056552 -0.002039477916775169 -0.005951557500415004 -0.007740885837395826 -0.007317573510608175 -0.00528016809339184 -0.0026818276565668472 -0.0006039240647231579 0.00017960236912172795 -0.0005323803940243421 -0.002373355086196759 -0.002373355086196759 -0.004538055606362647 -0.005794927725728336 -0.0058412088435062706 -0.0028400872041189594 -0.00043752119171011237 0.0005792144010207108 0.004765433014082785 0.010646841404364083 0.012868346572038383 0.012047833886098196 0.00839200648409178 0.00839200648409178 0.003181988236056552 -0.002039477916775169 -0.005951557500415004 -0.007740885837395826 -0.007317573510608175 -0.00528016809339184 -0.0026818276565668472 -0.0006039240647231579 0.00017960236912172795 -0.0005323803940243421 -0.002373355086196759 -0.002373355086196759 -0.004538055606362647 -0.005794927725728336 -0.0058412088435062706 -0.0028400872041189594 -0.00043752119171011237 0.0012797113267040492 0.01121087976693401 0.025536686818851982 0.033829397582596496 0.03384839238872521 0.0250653399573518 0.0250653399573518 0.009397589895213046 -0.009411750919654528 -0.026963415537010395 -0.03917464468647476 -0.04321957480611025 -0.038169104882610744 -0.02521404804774106 -0.007283749392650502 0.01175382303828861 0.02793673454564876 0.038048106848605975 0.038048106848605975 0.040299714381383016 0.03479101897946381 0.023231990656984874 0.009309753777206433 0.0009056695136808869 0.0013368550589345832 0.01174625257393009 0.026407479847387047 0.035570369662430094 0.035522252615649466 0.025303145118229623 0.025303145118229623 0.006700100747154426 -0.016188623957502077 -0.038080936160055194 -0.05380929992642447 -0.05940186169805534 -0.053063303545879466 -0.03567838370660064 -0.010620042006153371 0.017095617367049773 0.041888675762512366 0.058734519685935495 0.058734519685935495 0.06417400592914659 0.057431724788857344 0.04039737929507322 0.01702373761813832 0.001882997083198168 0.0010017469020802772 0.00781549256633053 0.016573393988741376 0.02275531854070686 0.022490570617006267 0.015100842686292484 0.015100842686292484 0.0015411164168606 -0.015310655144773576 -0.03169888853552296 -0.04366931336755475 -0.048107818482367816 -0.04333174873937367 -0.029732287062652064 -0.0096453807130222 0.013111470491023373 0.03407363445523693 0.04904396114965479 0.04904396114965479 0.054875751318112634 0.05028445221951924 0.03695320862737021 0.01666447678446859 0.0020829971050032522 0.0005732417586122537 0.0033740909168429602 0.0053084070824533465 0.0068666961585934026 0.006296348380638249 0.00320385769773111 0.00320385769773111 -0.0019567595915276625 -0.008324733708127974 -0.014429257216458068 -0.018891874331597745 -0.02040524570058977 -0.018357265893494977 -0.012716021717355225 -0.004418028539353448 0.005156501309575257 0.014147525936736443 0.020853308093923974 0.020853308093923974 0.023925690491408674 0.022624852454471076 0.017663552823757346 0.009993568779171869 0.0018048068283213281 0.0001515475164141114 0.00037232959205480413 0.0004528699643688808 0.0004075186718491331 0.00030782521156807693 -4.000555983677199e-5 -4.000555983677199e-5 -0.0005125753775368755 -0.0011034374989652045 -0.001636942268490772 -0.002025907211595159 -0.002126999180186909 -0.0018889808515293383 -0.0013163217394007558 -0.00045188652129791724 0.0005060085356215026 0.0014751120813373433 0.002159616363525207 0.002159616363525207 0.002568685560201219 0.002488306954837416 0.0020550171990670546 0.0016156337865737606 0.000657614478633388
</DataArray>
        <DataArray type="Float64" Name="Mode_16_phi1" NumberOfComponents="1" format="ascii">
 4.4007374902212775e-6 -1.4036377630971071e-6 -4.400737488670359e-6 1.4036377621694004e-6 5.192118017678922e-5 -2.695122374539421e-5 1.9639916935309015e-5 -9.208586704809341e-6 3.850335428470932e-6 -1.3235634036227837e-5 6.526712081815094e-9 -3.9584307272121075e-6 6.8444022736133985e-6 3.835958133747307e-6 4.699346046382434e-6 -1.9088251693382367e-6 -3.6101796044573113e-6 -6.294658241711368e-6 -1.097995887588734e-6 -4.5143712018835917e-7 7.289378040669128e-6 1.4625777101012363e-6 7.0807528173401586e-6 -6.369186238934115e-6 4.603583216966631e-6 -1.3712707339077606e-5 1.6086850962689394e-5 -2.288522771759427e-5 -1.1898962697939878e-5 7.218215905182825e-6 -6.607104122479868e-6 -7.573330954719463e-7 -6.780459812124064e-6 -3.3516031817517432e-6 -3.908673445889378e-6 -2.022670834304319e-7 1.9514961819712934e-6 5.143605999832189e-6 7.3300524869893575e-6 7.910774239836154e-6 8.560399244003893e-6 4.908609448697828e-6 4.710953535360853e-6 -3.2574421713206614e-6 -1.0476544906752011e-6 -1.2515802573480577e-5 -2.6972080686755713e-6 -1.9458160061969117e-5 7.378865402206245e-6 -2.60511769533754e-5 3.191327303944928e-5 -2.5339317287068278e-5 -5.192118016207989e-5 2.695122372871763e-5 -1.963991691283426e-5 9.208586682425269e-6 -3.850335398347671e-6 1.3235633995538688e-5 -6.526669932933669e-9 3.958430683468626e-6 -6.844402226899704e-6 -3.83595817519957e-6 -4.699346012996582e-6 1.9088251475459e-6 3.610179615292743e-6 6.294658228232411e-6 1.0979959054158597e-6 4.514370940047362e-7 -7.2893780068135295e-6 -1.4625777412742022e-6 -7.080752798528986e-6 6.3691862357459956e-6 -4.6035832185115064e-6 1.3712707338216665e-5 -1.6086850962635086e-5 2.2885227720800755e-5 1.1898962693826165e-5 -7.218215888442955e-6 6.6071040999680015e-6 7.573331231825466e-7 6.780459779166028e-6 3.3516032163224354e-6 3.908673413581818e-6 2.0226711225360384e-7 -1.95149621188131e-6 -5.143605967070742e-6 -7.330052512998936e-6 -7.91077423288919e-6 -8.560399235831527e-6 -4.908609464678958e-6 -4.710953529288662e-6 3.2574421790540447e-6 1.0476544764853092e-6 1.2515802586224117e-5 2.6972080510881866e-6 1.9458160097032774e-5 -7.378865439602343e-6 2.605117698561198e-5 -3.1913273063043555e-5 2.5339317303162104e-5 0.03924769796420685 0.07255705132793572 0.13392392561905866 0.17053003050500742 0.19520778529108457 0.18721858460737745 0.1565334865901688 0.10103929505630867 0.03480110260295108 -0.03532321782940253 -0.09601223248697612 -0.14040425750606184 -0.16211327940509296 -0.1605969628042664 -0.1384796528603039 -0.10184091254950631 -0.05889921483188263 -0.017421798370934605 0.014960227728561476 0.035282324586971635 0.0409733970726048 0.03779218858269792 0.02608418215654321 0.01686371267883348 0.023906993358129996 0.17649007333951403 0.3603266436259873 0.5300207870348377 0.6058608646778025 0.594442831440404 0.486238053988118 0.3057754668422875 0.08130181501503127 -0.14770074702102748 -0.3451735571310167 -0.47977646817731545 -0.5335444289682354 -0.5033449427589325 -0.40066972923506444 -0.25030026633960495 -0.08264110610257626 0.06856404700023093 0.17784160705206167 0.22759862145394552 0.21400798435811963 0.158494945213498 0.0791858768252783 0.011897901850517366 0.016413442591095555 0.12330488869371437 0.33590416260669237 0.5257563007099607 0.6283937757135121 0.627059215195496 0.5218242917457866 0.3290804204225039 0.08430795885702645 -0.1704975277572722 -0.3901799036043498 -0.537216484240864 -0.5875826433470006 -0.5350525712724509 -0.3938939651364258 -0.1933580168684749 0.024330809471217126 0.21755906724310892 0.34677681604175653 0.3916297093725252 0.34706035004795516 0.22799452084046382 0.09338143373569507 0.014942522745693838 -0.006785649447849189 -0.001778328723482537 0.007396804679268832 0.03724104348363757 0.06879816190002992 0.08725511916239204 0.08745907199439087 0.06427691391314241 0.02044828612282502 -0.035436175388062166 -0.09125585598906359 -0.13300382057202617 -0.1482961219933407 -0.12980169717651008 -0.07694185240712574 0.0020159882552094168 0.09315549649487982 0.17708951541411078 0.23645241859925092 0.25495412404822887 0.23150733807597174 0.1566117993897181 0.06424130687887578 0.00473450395827736 -0.025979843713880988 -0.15906517767330716 -0.3565953200500436 -0.5269497153751403 -0.6016193587980662 -0.5845715709312461 -0.47723933606925895 -0.303932547650186 -0.097826832957151 0.10544371179978339 0.2737613689983241 0.38398421796975957 0.4256215232053143 0.4016233993105935 0.3261455381107743 0.22080381662583373 0.10920840641818598 0.013149677461506675 -0.052544461144153815 -0.08258486696500879 -0.07846851240939245 -0.05850687347246497 -0.03201195161529423 -0.008091638304541546 -0.03980177619859374 -0.24695137910600867 -0.5673292128724934 -0.853349408229947 -1.0 -0.9902058172774262 -0.820266576144821 -0.5239378048368002 -0.1542890707572407 0.2225921957670346 0.541442187598069 0.7499027901650445 0.8174947831721184 0.7407803246052275 0.5431499999811692 0.2694224250376127 -0.023498388123464917 -0.2782038605895326 -0.44772788468913993 -0.5062017067439762 -0.4509972362702282 -0.30853920277542013 -0.14089137488087003 -0.02584379878381879 -0.032171431629377994 -0.20625300708267985 -0.4744245841390466 -0.7221307709859518 -0.8601076129777051 -0.8586891831393817 -0.712796241075383 -0.4434914477472407 -0.09976427771518515 0.25671763310354334 0.5599515911520367 0.7531294776532219 0.800202073298219 0.6927639124705534 0.4521680525991159 0.12582273163057622 -0.22205293495520254 -0.52316713206845 -0.7188753970154241 -0.7723779856607245 -0.6797969762988274 -0.46069128643620993 -0.20453565320945016 -0.033584828148194974 -0.01512137790243029 -0.07055609839312191 -0.15105387120036423 -0.23232675495551644 -0.2903815306017539 -0.2939262545737244 -0.23758593604527403 -0.12403393082630594 0.029806217127264507 0.19390415107573358 0.33377310678080235 0.415857654033142 0.41524420000321655 0.32245961914417937 0.14686292487799946 -0.08381206861096238 -0.32792070504132254 -0.5380522684251186 -0.6704648108518966 -0.6941641391447079 -0.6052229020381293 -0.40959856448380283 -0.1821871807776679 -0.03081758440153419 0.005283700050868508 0.07117839636037065 0.18546226593084386 0.2860380605793685 0.3244261253081701 0.3190200930502564 0.2729052571676956 0.2031674413896616 0.12480208764430809 0.05166883157875845 -0.008581503358377016 -0.05414205571276169 -0.08860806595734952 -0.11866563040816476 -0.15053021510037085 -0.18703127574638234 -0.2259814713722962 -0.2603132787126207 -0.2799339542269651 -0.27291361070560566 -0.23666698751696857 -0.16387087252741364 -0.0753362159779779 -0.014503315270261694 0.013591552072382353 0.13307601094873434 0.33010566381050394 0.5092487520999219 0.5959887585226054 0.5879603699128322 0.4858155930842737 0.311296160121738 0.09876658985951395 -0.11330640865362882 -0.2875588638205489 -0.39599489352733097 -0.4244037739240437 -0.37438388411482804 -0.2621637558421288 -0.11447305450034156 0.037391400951928076 0.16376523890842892 0.24210835082332818 0.2622279281310888 0.22469699892702524 0.1438756870929906 0.057020167453809 0.00436710661217354 0.008778699753697205 0.08656470755722707 0.21455156417176677 0.336166619862889 0.3997681260586629 0.38898074949582934 0.30310905835589097 0.15397794307171056 -0.03153203935698043 -0.2177237168992672 -0.3673612782499692 -0.44823318139087626 -0.4404584465085185 -0.34094720816104485 -0.16476326886050502 0.05718939710250491 0.2839111207034921 0.47225414041319974 0.585001511704909 0.5989686520686096 0.5131019423144909 0.33505215603108507 0.13967255746875493 0.017575870190734342 -0.0054962214124135884 -0.027407598140229854 -0.06176359906303358 -0.08886105401199429 -0.0974410536092807 -0.10623362173948264 -0.11750553274752025 -0.1373424185754216 -0.16505113042304803 -0.19410763519507304 -0.21296774088064396 -0.20801627849119853 -0.1673048697847153 -0.08481888630454572 0.036293934371163517 0.18258577324909644 0.3316255434523615 0.4561705575747248 0.5295328109555528 0.530252958454986 0.4558425571574514 0.30113847015030204 0.12649641702577508 0.016977807379720454 -0.016977807389625066 -0.1264964170630404 -0.3011384701923363 -0.45584255722748684 -0.5302529584524052 -0.5295328110402513 -0.4561705576326282 -0.33162554349841356 -0.18258577326407274 -0.03629393439565556 0.08481888626134405 0.16730486974556308 0.20801627845609574 0.21296774085790676 0.19410763517750684 0.16505113043473957 0.137342418563062 0.11750553269515523 0.1062336216975547 0.09744105352495783 0.08886105396712532 0.06176359900381587 0.02740759811103556 0.0054962214021568485 -0.017575870201904566 -0.139672557492233 -0.33505215607095484 -0.5131019423201516 -0.5989686521857647 -0.5850015117589751 -0.4722541404826794 -0.2839111207373031 -0.05718939716013066 0.16476326883163162 0.34094720817093443 0.44045844652490235 0.4482331813619268 0.36736127820299136 0.217723716881818 0.031532039340135765 -0.1539779430907361 -0.30310905837393315 -0.38898074950998807 -0.3997681260810903 -0.33616661988197877 -0.2145515641802582 -0.08656470755608371 -0.008778699751289662 -0.0043671066158679685 -0.05702016748602229 -0.14387568716989899 -0.2246969990719654 -0.262227928205994 -0.24210835091288177 -0.16376523893375874 -0.037391400996140446 0.11447305454114402 0.2621637559046173 0.37438388415192697 0.4244037739347914 0.395994893548613 0.2875588638458339 0.11330640864682853 -0.09876658991218787 -0.3112961601109649 -0.4858155929941605 -0.5879603698892956 -0.5959887584952522 -0.5092487520817721 -0.3301056637915442 -0.1330760109434461 -0.01359155208135353 0.014503315263632183 0.07533621596020001 0.16387087249377508 0.23666698747894185 0.27291361060446495 0.2799339541396923 0.2603132786526374 0.22598147138416905 0.18703127574672884 0.15053021515454235 0.11866563051530439 0.08860806605137928 0.05414205579353169 0.00858150342780451 -0.051668831541099 -0.124802087568224 -0.20316744134463316 -0.27290525717000036 -0.31902009296531914 -0.3244261252509996 -0.2860380605673751 -0.18546226592812923 -0.07117839635246243 -0.005283700040879992 0.030817584409694652 0.18218718082020777 0.40959856451486026 0.6052229020188944 0.694164139135789 0.6704648108142284 0.5380522683605252 0.3279207050073858 0.08381206864281086 -0.14686292484838748 -0.32245961909862664 -0.41524419990746386 -0.4158576539758393 -0.3337731067478194 -0.19390415102865272 -0.02980621712632884 0.12403393083699564 0.23758593605776585 0.29392625454754107 0.2903815305886888 0.23232675495972505 0.15105387119953775 0.0705560983895286 0.015121377895852394 0.03358482814272897 0.20453565320607336 0.46069128644935275 0.679796976320931 0.7723779856725631 0.7188753970412535 0.5231671321159974 0.2220529349662598 -0.12582273162761448 -0.4521680525440455 -0.6927639123964006 -0.8002020732547965 -0.7531294776014223 -0.5599515911442134 -0.25671763314582885 0.09976427769503399 0.44349144767923104 0.7127962409821123 0.8586891830744636 0.8601076129008131 0.7221307709261849 0.474424584108285 0.20625300706847377 0.03217143163476904 0.025843798790611272 0.14089137490525744 0.3085392028067536 0.4509972363215672 0.5062017068140667 0.4477278847444587 0.27820386063676367 0.023498388185398605 -0.26942242498923363 -0.543149999978063 -0.7407803246119748 -0.817494783170481 -0.74990279019352 -0.5414421876207637 -0.22259219580039408 0.15428907066685515 0.523937804754485 0.8202665760625979 0.990205817161461 0.9999999999312137 0.85334940817567 0.5673292128370994 0.24695137909084225 0.03980177618662499 0.008091638309321395 0.03201195162727795 0.05850687353204815 0.07846851250851701 0.08258486706461449 0.05254446125156527 -0.013149677387466462 -0.10920840638676096 -0.22080381661397458 -0.3261455381176102 -0.4016233993532628 -0.42562152326191965 -0.3839842180138172 -0.2737613690548883 -0.10544371185837115 0.0978268329060666 0.30393254758279914 0.47723933600433677 0.5845715708931486 0.6016193587287548 0.5269497153461491 0.35659532004709227 0.1590651776789959 0.025979843715859686 -0.004734503958430666 -0.06424130685617226 -0.1566117993361442 -0.2315073380096734 -0.25495412395111205 -0.23645241851741605 -0.17708951533949852 -0.09315549645319243 -0.0020159882532413856 0.07694185236579902 0.12980169711686465 0.14829612191340696 0.13300382049856904 0.09125585594068558 0.03543617534952864 -0.02044828614122381 -0.06427691390337428 -0.08745907197187591 -0.08725511914539268 -0.06879816185320668 -0.037241043463818804 -0.007396804664029071 0.0017783287291072143 0.006785649444717693 -0.014942522745980326 -0.09338143372871 -0.2279945208336407 -0.34706035001058655 -0.3916297093368076 -0.3467768159888765 -0.2175590672060838 -0.024330809443620614 0.19335801687053933 0.3938939651226827 0.5350525712304705 0.587582643303596 0.5372164841982768 0.3901799035759432 0.17049752776623422 -0.08430795881935041 -0.3290804203537304 -0.5218242916499745 -0.6270592150857942 -0.6283937756318037 -0.5257563006360331 -0.33590416256725314 -0.12330488867518297 -0.01641344258547423 -0.011897901848565292 -0.07918587683180035 -0.15849494520860752 -0.21400798436570606 -0.22759862144723353 -0.17784160705778201 -0.06856404699903117 0.08264110609425729 0.25030026633495556 0.40066972921818267 0.5033449427491236 0.5335444289554566 0.47977646816844116 0.3451735571423608 0.14770074705297487 -0.08130181496529547 -0.305775466763519 -0.4862380539079645 -0.5944428313550114 -0.6058608645884973 -0.5300207869607022 -0.360326643582453 -0.1764900733191431 -0.023906993356097583 -0.016863712675835984 -0.026084182150369516 -0.03779218858794481 -0.040973397070722666 -0.035282324596932105 -0.014960227726665819 0.01742179835902264 0.05889921482918026 0.10184091253942971 0.13847965286341274 0.160596962794887 0.1621132794083026 0.14040425751779104 0.09601223249276832 0.035323217846709117 -0.034801102581425 -0.1010392950403908 -0.1565334865665429 -0.187218584581179 -0.19520778525615368 -0.17053003049165458 -0.13392392559740274 -0.07255705131995192 -0.03924769795523662
</DataArray>
        <DataArray type="Float64" Name="Mode_16_phi2" NumberOfComponents="1" format="ascii">
 3.78942739447164e-6 1.0631920591949111e-6 -3.7894273963700246e-6 -1.0631920595173266e-6 2.5675705773474108e-5 -2.9965459986098556e-5 3.2612487459448266e-5 1.0717619650990747e-6 2.483112606060991e-5 -3.274686167480896e-6 -4.180528983763755e-6 -1.9552205799814106e-5 -1.0080510079979279e-5 -3.78034572554745e-6 9.392779511657538e-6 1.0888527231146495e-5 6.4383391166762295e-6 -4.053012340696029e-6 -1.2381962119346848e-5 -1.3897650099168018e-5 -8.97088922431226e-6 2.214872403318681e-6 8.469656804267712e-6 1.4487986356734576e-5 6.1816889005978625e-6 6.532128209736265e-6 -9.016306920636302e-6 6.376595215432066e-6 3.201258253779034e-5 -2.4805487237821037e-5 1.659027536058374e-5 -1.083824188816001e-5 9.126904975756636e-6 -7.26754263050703e-6 4.431252313725503e-6 -5.463135277775703e-6 1.7787356671555956e-6 -3.747254433276993e-6 1.1118826933162972e-6 -1.730498380697372e-6 1.9907709927583485e-6 -4.7750728261363e-7 3.872362323697258e-6 -1.2959244018843692e-6 6.076020365551369e-6 -4.615827954985311e-6 8.233249042753753e-6 -1.019864546653446e-5 1.1032919139390076e-5 -1.9928775158616643e-5 3.150192396377429e-5 -5.2573539733704066e-5 -2.5675705766295182e-5 2.9965459977403157e-5 -3.261248745694356e-5 -1.0717619790165547e-6 -2.4831126029449423e-5 3.274686130243085e-6 4.180529028365362e-6 1.9552205747598577e-5 1.0080510129270335e-5 3.780345683421878e-6 -9.392779481284534e-6 -1.0888527241206536e-5 -6.438339115334163e-6 4.053012349121968e-6 1.238196209393673e-5 1.3897650131296874e-5 8.970889178887792e-6 -2.2148723577625776e-6 -8.469656850660865e-6 -1.4487986309001532e-5 -6.181688946530738e-6 -6.532128170444839e-6 9.01630689464063e-6 -6.3765951998757585e-6 -3.201258253432192e-5 2.4805487233718348e-5 -1.6590275353775675e-5 1.0838241881928805e-5 -9.12690497789518e-6 7.267542648924102e-6 -4.4312523462234185e-6 5.463135314897247e-6 -1.7787357017158926e-6 3.7472544599276973e-6 -1.1118827059366943e-6 1.730498378472823e-6 -1.990770985797751e-6 4.775072880726741e-7 -3.872362347849545e-6 1.2959244474999462e-6 -6.0760204265606275e-6 4.615828021627645e-6 -8.233249118772552e-6 1.0198645550879132e-5 -1.1032919223013002e-5 1.992877523087691e-5 -3.1501924012845576e-5 5.257353976025962e-5 0.03869003156395744 0.024195347210559905 0.025061384622473547 0.013118886506910246 0.004627572773599355 -0.011583788430282972 -0.02122448944179549 -0.03120680624705706 -0.03350524876309752 -0.03259096530250479 -0.025638282876898545 -0.01628902377989311 -0.004547292131088988 0.00578559721044487 0.015073613969770784 0.019196793396912225 0.021381949088697304 0.017155909905486447 0.013819201841358259 0.004915646525026187 0.002406235893145513 -0.005502544860990963 -0.003211791032413743 -0.017676482397906406 0.06953540816255696 0.17301844664061392 0.14947893822683725 0.09798757340964992 0.027643022536483347 -0.05472812097992682 -0.1242590778777203 -0.17346418287839566 -0.19346810198569953 -0.18221340701458424 -0.1429890657437244 -0.08322564389632901 -0.014369746407853849 0.05090850901733472 0.10191972129032612 0.1290989425603558 0.13109193366231928 0.10735746376805205 0.06801741805702319 0.020529984129118776 -0.026148200115139787 -0.04049616431810918 -0.05750482701981275 -0.03891748232332817 0.1208949745452326 0.3437966066259602 0.3772848281470562 0.22864207465520453 0.07600825617003923 -0.11236829844389733 -0.2753367940951162 -0.39075028448937205 -0.4404512581723168 -0.41566996085593483 -0.32483587698902217 -0.1835851228835745 -0.02055585978250303 0.13608859664576867 0.25655292798483365 0.3218199180061192 0.32126023497381795 0.2604163459291817 0.1538659955784464 0.03057754659498988 -0.09070659191860662 -0.1489914514836676 -0.1651039764466578 -0.06887787529580905 0.12995123991700458 0.4389799488209977 0.5029479511641309 0.3233747473842374 0.11534568496970629 -0.13337019156770216 -0.35896994048476505 -0.523214259589228 -0.5976210939454208 -0.570282826551736 -0.4464445151439616 -0.2507105973763661 -0.01874351140450813 0.2053467150629107 0.3810654113424282 0.4761970507805367 0.4757458427501077 0.38346189861287183 0.22066891289695634 0.02783499171489563 -0.1554482852841102 -0.27661806655347226 -0.2689343688620416 -0.08837954348338817 0.10560862707064843 0.34390289766814164 0.4037394991391665 0.2826888494642367 0.1108539334265262 -0.09403114202912409 -0.29123866537348475 -0.44173269401614546 -0.5177199415997674 -0.5034302214923313 -0.40038228793834163 -0.22657695522510132 -0.014243283077751011 0.19716536630871417 0.36713296062096124 0.4633290864027062 0.4673241716287776 0.379403023165237 0.21849762419647636 0.01880216996830552 -0.16616857752213138 -0.3199957798348776 -0.29759670860075926 -0.08513208318119686 0.03803842395171867 0.1022669312460413 0.11663941251585073 0.1149751079293528 0.05550604896050207 -0.013333231056863761 -0.09580429731102642 -0.168749334592115 -0.21625652900016645 -0.22542935640596523 -0.19075815625881576 -0.11577431275897011 -0.013207828220034936 0.0977568782155343 0.1946915955509472 0.2566592409706358 0.2687856107923728 0.226298476249332 0.13569120964849984 0.012353418196460079 -0.10180980486253909 -0.22254193003786849 -0.20107517262246333 -0.04788242397048015 -0.034985544991056085 -0.1739449128010827 -0.2044664169759231 -0.09498988775660261 -0.018547340373392115 0.07221084194248974 0.1349970470939827 0.1661012051625261 0.16230601472666664 0.1288867126727083 0.07646473340344874 0.018275780060219203 -0.03267705022140026 -0.06672945860274353 -0.07885694194451474 -0.06985831787226376 -0.04563412219967662 -0.015302415329192461 0.01191783733982714 0.024085140972652942 0.03390173855891588 0.0014719848812229735 0.003703009163475238 0.013608829446312296 -0.08819961240847768 -0.33862569811604043 -0.38961166096428934 -0.23746490137111761 -0.0697790863666841 0.12238991395351935 0.28850786690914854 0.39693009425303105 0.4299619925170211 0.38223782078505136 0.2651599712814836 0.1026654904902655 -0.0731727657454606 -0.22853031181028532 -0.3342617977744472 -0.37150886009835205 -0.335409826005147 -0.23597087943524922 -0.09471862697166955 0.05469555425651701 0.18602848931350022 0.26319189179768876 0.2338406476258796 0.07869630529309332 -0.09878027500972288 -0.3281839209838829 -0.35962866818751976 -0.2502330607759826 -0.07586294427175788 0.11952659858938246 0.3013486932947594 0.42865177364832985 0.4748786223481745 0.4291328398587233 0.29786109633001173 0.10501400572360918 -0.11280124065181807 -0.3135297749835535 -0.45734355788148023 -0.5151216675291518 -0.47395360498451344 -0.34103052680845003 -0.14117566573333162 0.0852546370010971 0.2821719162631821 0.4348122521644313 0.3855940699471024 0.12127597100887476 -0.0785772974845318 -0.18841257804748998 -0.17730552532563204 -0.1566886421600954 -0.04564906991382 0.07396705367312391 0.19691584212104565 0.287902054871068 0.32499217998193347 0.29490758286503166 0.1986549505455074 0.050914757113744366 -0.12139089249890005 -0.284750945041206 -0.4051134713995257 -0.4552204732628102 -0.42039224279686044 -0.3027412441769004 -0.12177264292523769 0.09175604986248624 0.2743353600166687 0.43378512344037473 0.3911606234521105 0.1273177353473049 -0.051105216268071046 -0.0424473953078398 0.008063091037585056 -0.04278761283462117 -0.010749057438747288 0.019453104209239715 0.061937577141441234 0.09838917315868143 0.11604487714055514 0.10599325961589669 0.06480649823411042 -0.003140126533159389 -0.08657554505936278 -0.1688790659751446 -0.23169505205704527 -0.25845519383193494 -0.2386302234279441 -0.17064834023071146 -0.06426880724736535 0.06610965107400807 0.17551669602704414 0.2731260966828043 0.2657857046582047 0.10145437763758428 -0.04413054079353229 -0.001731377703322262 0.05898048992297125 0.0029100699712250222 -0.0015513926130028824 -0.00798427849843234 -0.00687797809091512 -0.0017939667619281928 0.0026296809654905275 0.00354177074437937 -0.001353262549650924 -0.012445524185680804 -0.028142286779736653 -0.04499097836151957 -0.05844848671015681 -0.06392647647664793 -0.057809065499462006 -0.03885418785821178 -0.010055046017913342 0.026053659732217915 0.05471252560177122 0.06230121142847299 0.09809862519857368 0.06516203906149216 -0.06516203906473846 -0.09809862522307981 -0.062301211430964044 -0.05471252560698393 -0.02605365969094299 0.010055045989053438 0.03885418785124807 0.05780906547602954 0.06392647644449742 0.0584484866996848 0.04499097835950246 0.028142286852177133 0.012445524254062972 0.0013532625677006363 -0.0035417707455340495 -0.002629680980934284 0.0017939666843043002 0.006877978058199401 0.007984278514782799 0.001551392630565488 -0.0029100699701396296 -0.05898048992100777 0.0017313777171633414 0.044130540801503734 -0.1014543776571362 -0.26578570469597723 -0.273126096694965 -0.17551669600784847 -0.06610965109635851 0.06426880725974016 0.17064834019778954 0.23863022346074003 0.25845519377872905 0.23169505205767504 0.16887906598549657 0.08657554512863001 0.003140126572752632 -0.06480649821474764 -0.10599325956702772 -0.11604487719092431 -0.09838917321122947 -0.061937577217104044 -0.01945310419151284 0.010749057452716301 0.04278761284856105 -0.008063091035765267 0.04244739534174521 0.05110521628797689 -0.12731773538497762 -0.39116062352421804 -0.43378512346170633 -0.2743353600453422 -0.0917560498647698 0.12177264295651005 0.30274124418215453 0.4203922428024246 0.4552204732791456 0.4051134713999946 0.284750945061574 0.12139089253715377 -0.05091475708221285 -0.19865495051856402 -0.29490758284280805 -0.3249921800314169 -0.287902054895634 -0.19691584213489197 -0.07396705374998021 0.045649069977770386 0.15668864214937891 0.17730552534553423 0.1884125780736787 0.0785772974921236 -0.12127597104127852 -0.38559407005968965 -0.43481225222909853 -0.282171916291906 -0.08525463700749834 0.1411756657732551 0.3410305268804841 0.47395360499842476 0.5151216676029966 0.45734355789864173 0.31352977500389606 0.1128012406671057 -0.10501400569053483 -0.29786109630209995 -0.4291328399070585 -0.4748786223471049 -0.4286517736559238 -0.30134869332159964 -0.11952659863000964 0.07586294428524007 0.25023306076235835 0.35962866819831535 0.3281839209989449 0.09878027503501068 -0.07869630533846897 -0.23384064770346405 -0.26319189190316394 -0.1860284893796586 -0.054695554273685845 0.09471862700462208 0.2359708795201651 0.3354098260940951 0.371508860158065 0.3342617978673529 0.22853031182731606 0.07317276578048855 -0.10266549049303528 -0.2651599712909416 -0.38223782078768853 -0.42996199256740697 -0.39693009425925047 -0.28850786695098257 -0.12238991394451376 0.06977908632305581 0.23746490137242882 0.38961166096422584 0.3386256981421555 0.08819961241388338 -0.013608829467694481 -0.0037030092462022658 -0.0014719849867334727 -0.03390173864659576 -0.024085140977949074 -0.011917837324826874 0.015302415427315304 0.04563412228958731 0.06985831798515074 0.07885694201988042 0.0667294586919977 0.03267705020993887 -0.018275780069446267 -0.07646473343640994 -0.12888671271912605 -0.1623060147438036 -0.1661012052293381 -0.13499704711177418 -0.07221084196588523 0.01854734037525602 0.09498988774358406 0.20446641700624546 0.1739449128241179 0.034985545015274684 0.04788242394122752 0.20107517256965238 0.22254192992861868 0.1018098047945249 -0.012353418218205906 -0.13569120961140763 -0.22629847617043697 -0.26878561071090806 -0.25665924085980163 -0.194691595447339 -0.09775687816826227 0.013207828238399638 0.11577431270480654 0.19075815620231004 0.22542935634974362 0.21625652893730601 0.16874933452985466 0.09580429726789703 0.013333231051593003 -0.05550604895507767 -0.11497510790058982 -0.11663941248097996 -0.10226693119046655 -0.038038423939308216 0.08513208317425808 0.29759670854389997 0.31999577979074184 0.16616857745927932 -0.01880216998090193 -0.21849762417503943 -0.37940302310718194 -0.46732417154557854 -0.46332908633677394 -0.367132960538117 -0.1971653662641052 0.014243283073684313 0.22657695518370452 0.40038228787349617 0.5034302214130281 0.5177199415286149 0.44173269394964876 0.2912386653308049 0.09403114202049695 -0.11085393339448713 -0.28268884942022154 -0.40373949906893936 -0.3439028976172551 -0.1056086270442274 0.08837954346412807 0.2689343688535215 0.27661806652930176 0.15544828525385418 -0.02783499172576467 -0.22066891288747315 -0.3834618985833747 -0.4757458427156288 -0.4761970507154924 -0.3810654113199679 -0.20534671502659005 0.01874351139655213 0.250710597347043 0.4464445150809404 0.5702828264863857 0.5976210938811105 0.5232142595260619 0.3589699404634323 0.1333701915492906 -0.11534568493018996 -0.32337474732475086 -0.5029479510951187 -0.43897994876913626 -0.12995123990058402 0.06887787529804654 0.16510397644290895 0.14899145148145926 0.09070659191249981 -0.030577546604640474 -0.1538659955682031 -0.26041634592001567 -0.32126023496310063 -0.32181991799427373 -0.25655292795936646 -0.1360885966544316 0.02055585978345759 0.18358512286556436 0.3248358769476912 0.41566996081388263 0.4404512581384513 0.39075028445366733 0.27533679407172984 0.11236829844874799 -0.07600825616008668 -0.22864207460798003 -0.3772848280974819 -0.34379660658913236 -0.12089497453116217 0.03891748231743993 0.057504827024527756 0.040496164325291344 0.026148200114407064 -0.020529984127949163 -0.06801741805190932 -0.10735746376927024 -0.13109193366110075 -0.12909894255765406 -0.10191972129453529 -0.05090850901913244 0.014369746399226951 0.08322564388679222 0.14298906573734632 0.18221340698725058 0.19346810198094028 0.1734641828735395 0.12425907785968411 0.05472812097994919 -0.027643022529858063 -0.09798757339154633 -0.14947893820654673 -0.17301844662074423 -0.06953540815717853 0.017676482400434443 0.0032117910335041936 0.005502544863418714 -0.00240623589455188 -0.0049156465220181605 -0.013819201836151797 -0.01715590991214279 -0.02138194908053924 -0.01919679340292495 -0.01507361396404985 -0.005785597214287523 0.0045472921271537915 0.016289023784018548 0.025638282877831948 0.032590965299412536 0.03350524877091501 0.03120680623154854 0.021224489449204284 0.01158378841713203 -0.004627572755380849 -0.013118886519104998 -0.025061384603318512 -0.02419534721474708 -0.03869003155926508
</DataArray>
        <DataArray type="Float64" Name="Mode_17_w" NumberOfComponents="1" format="ascii">
 -1.2317562028889068e-6 9.186510046298157e-7 -1.2317562030313807e-6 9.186510053895421e-7 1.6094158905902662e-6 -3.690413594524736e-6 -3.120346605226921e-7 -1.0439779899189862e-6 8.363175985340861e-7 3.690428579749155e-7 3.690428579749155e-7 4.2801154231932863e-7 -3.8734632060320787e-7 -5.903870023258263e-7 -1.4685906706124624e-7 4.943233281314777e-7 4.450321317299654e-7 -3.257141102740205e-8 -3.0064980486582354e-7 -1.0869524843095245e-7 7.520938341238291e-8 6.501917825470219e-7 6.501917825470219e-7 -2.0360408045832543e-7 5.25956684088264e-7 -1.7930335497649657e-6 -2.809904436909001e-7 -1.0419104625939926e-6 2.5779447223492385e-7 6.577452439966131e-7 -6.820516656349777e-7 9.582217643912755e-8 -5.118657092861743e-7 2.8605408304951827e-7 2.8605408304951827e-7 3.006063430899418e-7 4.3598645719914855e-7 2.9209912065723823e-7 1.8439590496583485e-7 1.3773621006143348e-7 4.1736534165418264e-8 1.9153359866191456e-7 4.1007373200836224e-8 4.1173870316360247e-7 1.727973866236962e-7 1.9871429164150343e-7 1.9871429164150343e-7 -2.491758666791727e-7 -9.28644042350105e-7 7.273718645231333e-7 -1.5194320498593426e-6 2.391884056586655e-6 1.6094158902860168e-6 -3.6904135928804954e-6 -3.1203465965229243e-7 -1.0439779891321155e-6 8.363176003299006e-7 3.690428577496449e-7 3.690428577496449e-7 4.2801154078499144e-7 -3.873463175410485e-7 -5.903870054876526e-7 -1.4685906552257552e-7 4.943233275848137e-7 4.450321324781935e-7 -3.2571410794618726e-8 -3.0064980532629225e-7 -1.0869524791367418e-7 7.520938150103753e-8 6.501917842389661e-7 6.501917842389661e-7 -2.0360408142043762e-7 5.259566841914162e-7 -1.7930335493766394e-6 -2.809904445770911e-7 -1.0419104618714945e-6 2.5779447346012747e-7 6.577452431948958e-7 -6.820516659440735e-7 9.582217660870096e-8 -5.118657104910755e-7 2.8605408453632643e-7 2.8605408453632643e-7 3.0060634140565573e-7 4.3598645711042656e-7 2.920991199374456e-7 1.843959050889008e-7 1.3773620943751782e-7 4.173653573951738e-8 1.915335966298957e-7 4.1007375770910786e-8 4.1173870229927893e-7 1.7279738821496731e-7 1.9871429175312138e-7 1.9871429175312138e-7 -2.491758664087139e-7 -9.286440427121477e-7 7.273718653187688e-7 -1.5194320503959674e-6 2.3918840577945974e-6 -0.0006714572422420886 -0.0018902480747476685 -0.002895645162821448 -0.004017432850419024 -0.0051127821503666035 -0.005920977182158165 -0.005920977182158165 -0.006618088223130095 -0.007013412031275916 -0.007251480505812911 -0.007244030112305938 -0.007084644971879828 -0.006764796053652653 -0.00632231920712692 -0.005793477555934801 -0.00517435123844965 -0.00451665801623486 -0.0037866992771796596 -0.0037866992771796596 -0.003059664676123585 -0.0022671171270627105 -0.0015226105225255957 -0.0008496927482363958 -0.0002245645106411273 -0.0014904734060463556 -0.009598958348653059 -0.019102167155083782 -0.027199385988464237 -0.034801650002379704 -0.04089286383763507 -0.04089286383763507 -0.04544197911517296 -0.04834493257302035 -0.04959940997154619 -0.04941462892113637 -0.047925346944224054 -0.045459798734374 -0.04218111049689855 -0.03838247618740316 -0.03414224173164596 -0.029653178012609846 -0.02487568030647679 -0.02487568030647679 -0.019960606509330906 -0.014874631785642786 -0.009626745587609729 -0.004788461019716775 -0.0006187273615896973 -0.0011330515634950964 -0.010225778674479557 -0.02486660279407486 -0.03843675877298976 -0.05042246052993449 -0.060385629996860764 -0.060385629996860764 -0.06757799683252305 -0.07197755334717566 -0.0736012909566238 -0.07273253288670295 -0.06982802161657052 -0.06537784287853265 -0.059913450573290714 -0.05383816791246654 -0.04748114170558075 -0.0409535360358988 -0.034358746004366204 -0.034358746004366204 -0.027511584033826388 -0.020528802880536996 -0.013132716812238748 -0.005467813273813222 -0.0007178169691387048 -0.0008139203817228586 -0.007166457149105597 -0.016862838418596544 -0.02780903375706466 -0.037737029930210865 -0.046058142814625745 -0.046058142814625745 -0.05221864544817744 -0.05579046321499887 -0.056854359353652906 -0.05562719538363978 -0.05254396066887035 -0.04816477055364978 -0.04304775084790839 -0.0376687842134252 -0.03237330634463915 -0.02732886522794211 -0.022556164697599735 -0.022556164697599735 -0.017984497286331808 -0.013348782618580246 -0.008942570568476155 -0.004065692809331463 -0.0005300700371477975 -0.0003682436337454947 -0.0018706621712081316 -0.002760288705509595 -0.0057187901280775595 -0.009096532709118718 -0.012377190405201592 -0.012377190405201592 -0.014975947029531712 -0.016604284979253998 -0.017037192302403956 -0.01634028317858907 -0.014692447145505416 -0.012373600783269502 -0.009747430265668613 -0.007141580586436438 -0.004808810076224525 -0.0029354016569695432 -0.0015754940402100904 -0.0015754940402100904 -0.0007537373307285851 -0.00037262617383827915 -0.00043726699474721603 -0.0009684350436366207 -0.00031299392271652685 -0.00023450943752510072 0.0003154738586408565 0.0036616247021978563 0.005093778582786235 0.005504316471129114 0.0049819096022568786 0.0049819096022568786 0.003844841088365238 0.002516635641438291 0.001229488318872633 0.00028558219667432867 -0.0001797001307095226 -0.00011215007420816643 0.0004591323817838947 0.0013867887924505428 0.002484601747985464 0.0035465001057514347 0.004329165244599583 0.004329165244599583 0.00460468107647811 0.004216042692656451 0.003050271526345808 0.0006150541359988544 -6.907999476525954e-5 -0.00023450943752510072 0.0003154738586408565 0.0036616247021978563 0.005093778582786235 0.005504316471129114 0.0049819096022568786 0.0049819096022568786 0.003844841088365238 0.002516635641438291 0.001229488318872633 0.00028558219667432867 -0.0001797001307095226 -0.00011215007420816643 0.0004591323817838947 0.0013867887924505428 0.002484601747985464 0.0035465001057514347 0.004329165244599583 0.004329165244599583 0.00460468107647811 0.004216042692656451 0.003050271526345808 0.0006150541359988544 -6.907999476525954e-5 -0.00046154010258360397 -0.0020310027527832134 -0.0030936543359238134 -0.004605760473550782 -0.007282295668953112 -0.010565358883888506 -0.010565358883888506 -0.014410342066147976 -0.018400189216733635 -0.022079545687800507 -0.02507178292925238 -0.026973986992358992 -0.027547926188747334 -0.026703638886029276 -0.02450592998407769 -0.0211970476757751 -0.01714005730586492 -0.012742058035095564 -0.012742058035095564 -0.008515919837272127 -0.004921646997637849 -0.002046573184396291 -0.0009716635368593965 -0.00013685395793708362 -0.0006615156062245685 -0.005609158639298344 -0.013696776003918993 -0.02172922035388401 -0.030260277657888704 -0.03880755906114074 -0.03880755906114074 -0.046899052187295294 -0.05414870752109091 -0.06003300085152251 -0.06408519233406093 -0.0659680556259762 -0.0654605614981471 -0.06257353865988974 -0.057535950130916336 -0.05073617810579948 -0.04271399958989834 -0.0340699065349422 -0.0340699065349422 -0.02534892310089216 -0.01717445441216091 -0.009780424785334349 -0.0035474161677451765 -0.00030449659342658095 -0.0005818781040874399 -0.005979650025820852 -0.015773965305017006 -0.026188369184445913 -0.03686097832153286 -0.04724567359158486 -0.04724567359158486 -0.056694848788757336 -0.06462123477480133 -0.07052434454350084 -0.07399201996399088 -0.07476899467731779 -0.07283175315786942 -0.06836977602153387 -0.06180287946958444 -0.05370917667584839 -0.04472108611348725 -0.03549133554181712 -0.03549133554181712 -0.026543229258217886 -0.018250789469336382 -0.010934066283035294 -0.004126951399291849 -0.0004203164434723471 -0.00024399320951457438 -0.0026637325675113233 -0.007023945384252457 -0.013228975348995736 -0.01996665968758197 -0.026971968076018652 -0.026971968076018652 -0.03351636551346818 -0.039019230349408004 -0.042955003460580315 -0.044951660781930476 -0.04481910502302204 -0.042582003856531894 -0.0385215082336388 -0.03310811600547946 -0.02694816582713955 -0.020686926470912866 -0.014913341684938092 -0.014913341684938092 -0.010064773447419045 -0.00631315861559179 -0.0038241716661188236 -0.0017343157371993306 -0.00028274749629984044 -9.940941437381568e-6 0.0009027770872632347 0.0031844583316154294 0.0033344256500430366 0.0023278071063774284 0.00029991755260278327 0.00029991755260278327 -0.002348927589766812 -0.0050553331010577685 -0.007338569912516688 -0.008755309001913814 -0.009021735796271909 -0.008042881043302936 -0.005944028948502735 -0.0030594008784545503 0.0001304164083329068 0.0030865807399811174 0.0052760965658406 0.0052760965658406 0.006261866584569036 0.005900057259299744 0.004065432149347684 0.0010004117154157376 -7.119364748307218e-5 -7.119364810509453e-5 0.0010004117124752904 0.004065432146312176 0.005900057256403215 0.006261866576046185 0.005276096556066567 0.005276096556066567 0.00308658072410423 0.0001304163900111372 -0.0030594008935192745 -0.0059440289612039295 -0.008042881050280528 -0.009021735793387753 -0.008755308988120802 -0.007338569896317067 -0.005055333085044847 -0.002348927571409202 0.0002999175641079767 0.0002999175641079767 0.002327807110359115 0.0033344256516413782 0.0031844583319208196 0.0009027770896103979 -9.940941102518633e-6 -0.00028274749688452167 -0.0017343157412128825 -0.0038241716714259785 -0.006313158624434444 -0.010064773458002711 -0.014913341701157054 -0.014913341701157054 -0.02068692648603596 -0.026948165843453175 -0.03310811602145199 -0.03852150824433019 -0.04258200386043408 -0.04481910502181476 -0.0449516607744693 -0.04295500344471088 -0.039019230331695444 -0.033516365497496 -0.026971968060892807 -0.026971968060892807 -0.01996665967918673 -0.013228975346003353 -0.007023945382693799 -0.0026637325661797765 -0.00024399320882169628 -0.0004203164440802765 -0.00412695140332148 -0.010934066288679272 -0.01825078947870847 -0.02654322927125458 -0.035491335555997816 -0.035491335555997816 -0.04472108612952753 -0.053709176689760565 -0.06180287948116101 -0.06836977603111276 -0.07283175316445754 -0.07476899467522945 -0.07399201995818933 -0.07052434453401372 -0.06462123475898346 -0.0566948487706026 -0.047245673576561814 -0.047245673576561814 -0.036860978307598775 -0.026188369176444064 -0.01577396529961941 -0.005979650022052403 -0.0005818781039550994 -0.0003044965938632022 -0.0035474161693414127 -0.009780424788264918 -0.01717445441714025 -0.02534892310720208 -0.03406990654451468 -0.03406990654451468 -0.042713999600133896 -0.050736178115317505 -0.057535950139782605 -0.06257353866735636 -0.06546056150390303 -0.06596805563073342 -0.06408519233045844 -0.06003300084457741 -0.0541487075098779 -0.046899052170766134 -0.038807559043170896 -0.038807559043170896 -0.03026027764318196 -0.021729220340411366 -0.013696775995884047 -0.005609158634721482 -0.0006615156052899334 -0.0001368539578159275 -0.0009716635371056357 -0.002046573185826754 -0.004921646997759729 -0.00851591984001203 -0.012742058038566333 -0.012742058038566333 -0.017140057310978597 -0.02119704768151058 -0.024505929991194508 -0.026703638894899982 -0.02754792619627116 -0.026973986997532937 -0.025071782932669606 -0.022079545684090287 -0.01840018920659167 -0.014410342053730223 -0.010565358866987746 -0.010565358866987746 -0.007282295650695257 -0.004605760459820386 -0.0030936543245130353 -0.0020310027489785845 -0.0004615401022520273 -6.907999487986085e-5 0.0006150541378634045 0.003050271528539523 0.004216042693418929 0.004604681078682933 0.00432916524260805 0.00432916524260805 0.0035465001017100724 0.00248460174207194 0.0013867887844560883 0.00045913237245938376 -0.00011215008576028523 -0.0001797001411160178 0.00028558219277027093 0.0012294883186319391 0.0025166356480953852 0.0038448411026833352 0.004981909618227522 0.004981909618227522 0.0055043164894543715 0.005093778597919095 0.0036616247125848653 0.00031547386528503295 -0.00023450943664848241 -6.907999487986085e-5 0.0006150541378634045 0.003050271528539523 0.004216042693418929 0.004604681078682933 0.00432916524260805 0.00432916524260805 0.0035465001017100724 0.00248460174207194 0.0013867887844560883 0.00045913237245938376 -0.00011215008576028523 -0.0001797001411160178 0.00028558219277027093 0.0012294883186319391 0.0025166356480953852 0.0038448411026833352 0.004981909618227522 0.004981909618227522 0.0055043164894543715 0.005093778597919095 0.0036616247125848653 0.00031547386528503295 -0.00023450943664848241 -0.0003129939227244846 -0.0009684350440327614 -0.0004372669912361715 -0.0003726261698552789 -0.0007537373302287127 -0.0015754940402681575 -0.0015754940402681575 -0.002935401661490179 -0.004808810083990549 -0.0071415805966557845 -0.009747430278612591 -0.012373600796038173 -0.014692447157576989 -0.016340283186959143 -0.017037192302516282 -0.016604284972544712 -0.014975947016427477 -0.012377190386223764 -0.012377190386223764 -0.009096532691456929 -0.005718790111319084 -0.0027602886947211357 -0.001870662166813928 -0.00036824363301668104 -0.0005300700371656539 -0.004065692807577679 -0.008942570567880873 -0.013348782615388662 -0.017984497284793375 -0.02255616470037569 -0.02255616470037569 -0.027328865232411705 -0.03237330635267466 -0.03766878422461154 -0.043047750860068 -0.04816477056755421 -0.05254396068051122 -0.05562719539120089 -0.056854359355808175 -0.055790463208080725 -0.05221864543516682 -0.04605814279728801 -0.04605814279728801 -0.03773702991149547 -0.027809033742481858 -0.016862838407279326 -0.007166457143166861 -0.0008139203810459709 -0.0007178169692744961 -0.005467813274063031 -0.013132716811206046 -0.020528802881230015 -0.027511584033433456 -0.03435874600607407 -0.03435874600607407 -0.04095353604035892 -0.0474811417121429 -0.05383816792006893 -0.059913450582642185 -0.06537784288663569 -0.0698280216247633 -0.07273253289163843 -0.07360129095723629 -0.07197755334314682 -0.06757799682212447 -0.06038562998302046 -0.06038562998302046 -0.05042246051640828 -0.038436758761333366 -0.024866602785813277 -0.010225778670766102 -0.0011330515628984784 -0.0006187273616130584 -0.004788461020514356 -0.009626745589493068 -0.014874631786716995 -0.019960606511231063 -0.024875680306774554 -0.024875680306774554 -0.029653178014205098 -0.03414224173410775 -0.038382476190067155 -0.042181110499648074 -0.04545979873784644 -0.04792534694607863 -0.04941462892324322 -0.04959940997102211 -0.04834493257029876 -0.045441979110865005 -0.0408928638310519 -0.0408928638310519 -0.034801649995938044 -0.027199385981490083 -0.019102167149401918 -0.009598958345779687 -0.001490473405550091 -0.00022456451087803943 -0.0008496927483060353 -0.001522610522959847 -0.0022671171274027267 -0.0030596646762176163 -0.003786699277350276 -0.003786699277350276 -0.004516658016297314 -0.005174351238580318 -0.005793477556190577 -0.006322319207242261 -0.00676479605398244 -0.007084644972125777 -0.007244030112304742 -0.007251480505939359 -0.007013412030737008 -0.00661808822289959 -0.005920977181439507 -0.005920977181439507 -0.005112782149599874 -0.004017432849433409 -0.002895645162030303 -0.0018902480743742797 -0.0006714572421814202
</DataArray>
        <DataArray type="Float64" Name="Mode_17_phi1" NumberOfComponents="1" format="ascii">
 -5.516388166151954e-6 1.5249873737013814e-6 5.516388155482425e-6 -1.524987368498599e-6 -5.474941469148075e-5 2.308121261888001e-5 -4.083159784904372e-6 2.76545294427888e-6 4.5357930202274185e-6 1.4276439782627536e-6 -2.9900237137724925e-6 -2.9460319876524516e-6 -2.202029622280165e-6 2.7252546498888477e-6 2.197770047517117e-6 2.998209115868553e-6 -3.5564523199535644e-6 7.427011146075975e-8 -5.463710658000896e-6 6.242979186617254e-6 -3.8075746408381824e-6 9.738882517474452e-6 -1.1485835636552768e-5 1.064380050459364e-5 -1.8484807140795506e-5 2.3338286658125994e-5 -3.5647898538562124e-5 4.8138241785566075e-5 9.062321239690292e-6 -1.2041135863510264e-5 4.6811692304403095e-6 -4.078849361165394e-6 3.0115419109264263e-6 -1.2025631696937433e-6 2.07609034699512e-6 2.458917758586269e-7 1.8650982138708129e-6 1.3906511911724764e-6 2.2645446720933595e-6 2.7872636129090604e-6 2.9310938445223156e-6 4.512411565608523e-6 3.2940738121974055e-6 6.169540551173189e-6 2.779577073520273e-6 7.170774157597093e-6 7.119346796039312e-7 8.1581017984897e-6 -6.560665081108391e-6 1.5848000137556604e-5 -3.072882027951833e-5 1.7012637339299825e-5 5.474941469518059e-5 -2.3081212637975852e-5 4.083159809362134e-6 -2.7654529799072136e-6 -4.5357929744433565e-6 -1.427644035366701e-6 2.990023787099375e-6 2.946031909870442e-6 2.202029687138423e-6 -2.725254693433835e-6 -2.1977700216660812e-6 -2.9982091279692464e-6 3.5564523171081105e-6 -7.427009897341009e-8 5.463710643304824e-6 -6.242979185301093e-6 3.8075746576279407e-6 -9.738882528942445e-6 1.148583562948496e-5 -1.064380048850803e-5 1.8484807124874075e-5 -2.333828664378004e-5 3.564789852326483e-5 -4.813824177438533e-5 -9.062321246125821e-6 1.2041135868358336e-5 -4.681169233644476e-6 4.078849348707639e-6 -3.0115418835589756e-6 1.2025631414102805e-6 -2.076090337874641e-6 -2.458917716824054e-7 -1.8650982207556638e-6 -1.3906511798338973e-6 -2.2645446888462172e-6 -2.787263581947657e-6 -2.9310938812268586e-6 -4.512411517997543e-6 -3.2940738545941e-6 -6.169540516528816e-6 -2.7795771034526435e-6 -7.170774139997172e-6 -7.119346904952891e-7 -8.158101793319762e-6 6.560665066253089e-6 -1.584800014022844e-5 3.0728820291706415e-5 -1.701263734450376e-5 -0.03863824535512002 -0.08450935096219438 -0.16685467012043673 -0.24195817545793855 -0.3161006409340659 -0.37883619131909624 -0.4320580772743221 -0.47063487266505016 -0.4970379618335806 -0.5092234165855613 -0.5098266237879754 -0.49914380499433064 -0.47944435825576626 -0.45215624688158024 -0.4187908340762586 -0.3809405608018367 -0.33911679810471895 -0.29494485270186727 -0.24780801345531894 -0.2002538959561257 -0.15040251815769745 -0.10389891857228087 -0.05806665118009398 -0.0263069344939533 -0.015174554151174139 -0.14660920558000676 -0.3091923176225664 -0.4838668595400239 -0.6350182216697928 -0.7658628152671675 -0.8696123867310898 -0.943299128784059 -0.9860365345344144 -0.9999999999785274 -0.9873032178333191 -0.9527927050054189 -0.9010279137794731 -0.8364590764436594 -0.7635981213650673 -0.6848048116833453 -0.6031425260592053 -0.5180210421031394 -0.431604622011126 -0.3418590748145241 -0.24925694079297753 -0.1559486833220502 -0.06187818686406806 -0.0032806436473326894 0.00027883401584316044 0.011489087411685608 -0.04187858819563077 -0.1088439987299576 -0.1762414094728553 -0.23285691713405127 -0.27725984186568997 -0.3057373696284803 -0.31755078647271234 -0.3131442993904605 -0.2954732883749617 -0.2678354236113989 -0.23423849635960936 -0.19916236124847728 -0.16529083338474046 -0.13580227500025144 -0.1103585462236199 -0.09063774756761356 -0.07214245681798678 -0.05570753610926402 -0.03822848747980509 -0.010694016884486986 0.0055024938275644 -0.00352842231177165 0.009759909108527485 0.06495560962024688 0.17784890574920428 0.281679575628467 0.35577538964447997 0.4185877256414742 0.4652469553704323 0.49927554534477764 0.5226908957458934 0.5363084450350735 0.5416733488970987 0.5394598073789325 0.5298407607014007 0.5130956788052563 0.4888426198739527 0.4571506219998568 0.41743740753997893 0.37070342758028296 0.3149792429156902 0.2549764906910637 0.18521322505435706 0.10753459024196935 0.04127410067988953 0.008320731618857638 0.013458742164177662 0.11398346927621048 0.2759943378705529 0.4541873727930201 0.6061733211688042 0.7295538479367719 0.8234828775582833 0.8859473201634088 0.9181821729117494 0.924203198064014 0.9076239708480799 0.8735237798889811 0.826993667612632 0.7719770428410206 0.7116395929696543 0.6479197552558573 0.5811845346058142 0.5108042871860966 0.43578008269614704 0.352008971509145 0.26341930441859945 0.161253694900013 0.06417414776756926 0.005566271602382577 0.0069865779721377495 0.051672959640410104 0.13096704500655282 0.21907887523431552 0.3009634038835269 0.36603112927063025 0.40848571674609985 0.42713846750109885 0.4232843221661808 0.3993176737824255 0.3614576888679992 0.3155464698221075 0.2676168389661423 0.2233213009884516 0.18623698250972268 0.15794198020235595 0.13840137606294328 0.12513970457163046 0.11453253830967812 0.10232618070142922 0.08578883556389955 0.05710665082928498 0.025532473282698937 0.005494957465872077 -0.0028697090672803118 -0.03841351671039257 -0.10535884731167162 -0.17491072839255004 -0.23018864030280156 -0.2881501501577496 -0.3426014460114316 -0.3980893998352231 -0.45259710736334974 -0.5027716912521402 -0.5460159765964709 -0.5778003573802925 -0.5945296896071806 -0.5938107943701783 -0.5740892983194754 -0.5356958525607376 -0.4809883777090346 -0.41308833505996745 -0.3361480593272347 -0.2561366226582797 -0.17489249694949227 -0.09685555402399056 -0.036003930572041355 -0.0038585337496650856 -0.00668219128177084 -0.07855881783769175 -0.20873482421479866 -0.3546648774918237 -0.4858494187195564 -0.6045595848879104 -0.7090568193175345 -0.7945258062322482 -0.8609283713543244 -0.9067978778844159 -0.9306125319181783 -0.9327207021699879 -0.9134308198762742 -0.8739133460349998 -0.8165499403889162 -0.7440607666946585 -0.6595072790174216 -0.5664247095871376 -0.46741160657565745 -0.36424823428909886 -0.26140335054520186 -0.15307172588849452 -0.05681841803510173 -0.004259043562544203 -0.0024912949755076692 -0.0352991078695703 -0.09672821440733126 -0.1724063681483475 -0.24628923371630437 -0.31237875895968914 -0.36663928097109616 -0.4067244781792684 -0.4300043139654438 -0.4366522908663892 -0.4278804583537167 -0.4053946355853882 -0.3723403880632761 -0.3322312211573981 -0.28856629855008625 -0.2448715023442516 -0.20390078173279946 -0.16726354485581138 -0.13541013912161556 -0.10654287445887618 -0.0811294561730134 -0.04952350339495437 -0.019771519562305544 -0.0027889172887689676 0.005729822487952815 0.04262676985756412 0.1062535427413015 0.17181785408329933 0.22187215920167402 0.27055287053376165 0.312913894562465 0.3529182715072572 0.39001542462794936 0.42426792601327956 0.45462942929780126 0.4791855359594288 0.4959645849423247 0.5027308918903185 0.4973179967225177 0.4782171914191609 0.44467940724373645 0.3968639267464376 0.3359411607515211 0.2655684576623481 0.1877084886399376 0.10864932651280894 0.04231700367593264 0.004682399449316394 0.009170099663829522 0.08261974440116183 0.2118810092765685 0.3544781348796441 0.482392940990173 0.597415864745291 0.6962614430886984 0.7757600205232076 0.8361876515668496 0.8768923341756398 0.8982476691834326 0.901069042721354 0.8862339605871234 0.8548782825875183 0.8083938400023379 0.7480610717060263 0.6752090080422365 0.5913714941791983 0.4975914716570752 0.3950674208259543 0.2870523064250816 0.16966529012834153 0.06442944040089806 0.005906598172311709 0.005671086991756232 0.04873427992604167 0.12416287798125566 0.2131513766967501 0.29983641099001984 0.37466160351857425 0.434809026131479 0.47661430665888294 0.49849300071526303 0.5012898036909156 0.4868592563230032 0.4581772228026876 0.4190813466352989 0.37363205415443695 0.32564624254499064 0.2785998303810646 0.2350264297238889 0.1960301197848609 0.16175380896053346 0.129670621974695 0.10030733061609406 0.061561910206677874 0.023554530672209948 0.002417658675765555 -0.002417658679190913 -0.023554530687238236 -0.06156191026161784 -0.10030733068284306 -0.1296706221089358 -0.16175380898973554 -0.19603011981236002 -0.2350264297268468 -0.2785998303745554 -0.3256462425285477 -0.3736320541415816 -0.4190813466635246 -0.4581772228523749 -0.4868592563748454 -0.5012898037161073 -0.49849300071967595 -0.47661430663109033 -0.43480902610125194 -0.3746616035143044 -0.29983641097057384 -0.21315137671425924 -0.1241628779950555 -0.048734279946987646 -0.0056710869964143856 -0.005906598170892557 -0.06442944042039216 -0.16966529016966828 -0.2870523065220839 -0.39506742087442687 -0.4975914717906881 -0.5913714942094548 -0.6752090080244212 -0.7480610716896476 -0.8083938399733717 -0.8548782825264432 -0.8862339605591464 -0.9010690427630322 -0.898247669268645 -0.8768923342329478 -0.8361876515848592 -0.7757600205578803 -0.6962614430483599 -0.5974158646629545 -0.4823929408918089 -0.3544781348110525 -0.21188100924471656 -0.08261974437971632 -0.00917009966117396 -0.00468239945485781 -0.042317003666042886 -0.10864932649945909 -0.18770848861429315 -0.26556845768141263 -0.33594116067461305 -0.3968639267174655 -0.4446794072080004 -0.4782171913225482 -0.4973179966392567 -0.5027308918953795 -0.4959645849680594 -0.4791855359683583 -0.4546294293578752 -0.42426792612112235 -0.3900154247103003 -0.3529182715002085 -0.31291389456150703 -0.2705528704563379 -0.22187215910800395 -0.1718178539606225 -0.10625354265545642 -0.04262676982154211 -0.005729822493340942 0.0027889172939109903 0.019771519619890456 0.04952350346119123 0.08112945626213858 0.10654287463160085 0.13541013924159945 0.16726354499733143 0.20390078187216262 0.2448715024311327 0.28856629860955274 0.3322312212097261 0.3723403880377035 0.4053946354669617 0.4278804582852723 0.43665229079607365 0.4300043138834771 0.40672447811793483 0.36663928098779786 0.3123787589758953 0.24628923379704948 0.17240636822192693 0.09672821445864405 0.035299107882647555 0.0024912949901168117 0.0042590435747548285 0.056818418050134115 0.15307172592258586 0.2614033506360248 0.36424823435450976 0.46741160669628845 0.5664247097100552 0.6595072791145319 0.7440607667639427 0.8165499403997442 0.873913345996606 0.9134308198522765 0.9327207021373887 0.9306125317907821 0.9067978777972012 0.8609283713190533 0.7945258061611291 0.7090568192630737 0.6045595849274443 0.48584941875270415 0.3546648775393439 0.20873482423980136 0.07855881782635796 0.006682191267792264 0.0038585337457288874 0.036003930623596345 0.09685555409243879 0.17489249698891834 0.25613662274723964 0.3361480593908894 0.41308833508236104 0.4809883777206105 0.5356958525423728 0.5740892983087764 0.5938107943458394 0.594529689506715 0.577800357274551 0.5460159765639654 0.5027716911874108 0.4525971072782798 0.39808939983625674 0.3426014460310083 0.2881501501457863 0.2301886403197355 0.17491072839190439 0.10535884732970618 0.03841351676526312 0.0028697090856611043 -0.0054949574716412096 -0.02553247332460615 -0.057106650824897943 -0.08578883549898944 -0.10232618069269307 -0.11453253831217748 -0.12513970454259482 -0.13840137609119318 -0.15794198024295855 -0.18623698257694205 -0.2233213010648752 -0.2676168389994586 -0.3155464698627201 -0.3614576889514331 -0.399317673816886 -0.42328432215677897 -0.42713846751440476 -0.40848571672833534 -0.36603112923961323 -0.30096340387614984 -0.2190788752024292 -0.1309670450227579 -0.051672959693496334 -0.006986577977475162 -0.005566271600082773 -0.06417414773070128 -0.16125369491527372 -0.2634193044616292 -0.35200897150301247 -0.4357800827071825 -0.5108042872342013 -0.5811845346098118 -0.6479197552752676 -0.7116395929911689 -0.7719770428436735 -0.8269936676382769 -0.8735237799051456 -0.9076239708439464 -0.9242031980849672 -0.9181821729347137 -0.8859473201600845 -0.8234828775670227 -0.7295538479500776 -0.6061733211628609 -0.4541873728215816 -0.2759943378497946 -0.1139834692367734 -0.013458742156726143 -0.008320731623777698 -0.0412741007043406 -0.10753459026665727 -0.18521322508577362 -0.2549764907477965 -0.3149792429252348 -0.370703427569397 -0.41743740754069064 -0.4571506219722771 -0.4888426198126218 -0.5130956787469845 -0.5298407606050896 -0.5394598072913415 -0.5416733488534146 -0.5363084450067526 -0.5226908957666309 -0.49927554540701885 -0.46524695542970523 -0.41858772571193037 -0.3557753897468723 -0.28167957568960134 -0.1778489058086071 -0.06495560967008684 -0.00975990911858223 0.003528422310880136 -0.005502493846917379 0.010694016843019872 0.03822848741176794 0.05570753607928397 0.07214245679790106 0.0906377476079651 0.11035854629213464 0.1358022751031692 0.1652908335008987 0.19916236139389543 0.23423849649484293 0.2678354237261078 0.29547328847746707 0.3131442994191379 0.31755078645279283 0.30573736954916375 0.2772598417194901 0.23285691696660651 0.17624140934427693 0.10884399864494561 0.04187858814396825 -0.011489087416291191 -0.00027883401928970774 0.0032806436421091603 0.06187818686000351 0.15594868332699813 0.2492569408147845 0.34185907481831224 0.43160462204723044 0.5180210421327304 0.6031425261183662 0.6848048117567804 0.763598121452455 0.8364590765319027 0.9010279138633867 0.9527927050880569 0.9873032178689443 1.0 0.9860365344856966 0.9432991286791786 0.8696123865832356 0.7658628151051505 0.6350182215209249 0.48386685940238183 0.3091923175373683 0.14660920551955878 0.015174554135410934 0.02630693449679894 0.058066651195331845 0.10389891859511978 0.15040251817915581 0.2002538959799965 0.2478080134569955 0.29494485271185006 0.3391167981212215 0.3809405608177562 0.4187908340961399 0.4521562468987896 0.4794443582784571 0.49914380500086825 0.5098266238028215 0.5092234165678091 0.49703796181264953 0.47063487261823245 0.43205807722528283 0.37883619125764106 0.3161006408665134 0.24195817538799763 0.16685467007189844 0.08450935094012275 0.038638245343912296
</DataArray>
        <DataArray type="Float64" Name="Mode_17_phi2" NumberOfComponents="1" format="ascii">
 -3.1282422971355888e-6 -2.0056006550007736e-6 3.128242290232469e-6 2.0056006555236784e-6 -3.304681724102307e-5 2.965242011480563e-5 -3.987208673207468e-5 1.6326305765257778e-5 -1.5986478512684455e-5 1.8614513044142314e-5 -8.781323599792237e-7 6.13465416471259e-6 -9.717165040286124e-6 -3.5997942001035633e-6 -2.2958840046180875e-6 6.323319039125577e-6 5.084321508543991e-6 1.5041632763510409e-6 -3.539858839933711e-6 -5.21762236204327e-6 -3.0595248505581664e-7 2.524649387356398e-6 6.982050575013157e-6 -1.2546849513621934e-6 9.677751898269447e-7 -1.1957680183897481e-5 7.598235741861404e-6 -1.7554960049257356e-5 -3.251478589569621e-5 2.31311811775566e-5 -1.588976482757633e-5 1.0201266307514733e-5 -8.05701559596095e-6 5.9744286612979595e-6 -4.892459991823919e-6 3.61390200984778e-6 -3.085314517507133e-6 2.0904189034298442e-6 -2.0855398518001196e-6 1.3023385158528146e-6 -1.8871232137059983e-6 1.7171381384413708e-6 -2.9861491399459094e-6 3.908538671051993e-6 -5.707102571903044e-6 8.054154249581096e-6 -1.0244203622915208e-5 1.4331764847823946e-5 -1.6297763785016438e-5 2.2755549819728e-5 -2.9288156576654994e-5 4.5829241924612875e-5 3.304681723883795e-5 -2.9652420105627203e-5 3.9872086727522964e-5 -1.6326305766607884e-5 1.5986478508171447e-5 -1.8614513036556195e-5 8.781323518959984e-7 -6.134654177317684e-6 9.71716508341568e-6 3.599794140431008e-6 2.295884056970435e-6 -6.323319074074998e-6 -5.084321475748022e-6 -1.5041633049779222e-6 3.5398588575967867e-6 5.217622336437524e-6 3.0595251446378444e-7 -2.5246494309956918e-6 -6.982050492443944e-6 1.2546848540200632e-6 -9.677751074542912e-7 1.195768013330096e-5 -7.598235718164182e-6 1.755496003481039e-5 3.251478587681548e-5 -2.313118115152324e-5 1.5889764799805693e-5 -1.0201266285831878e-5 8.057015584897431e-6 -5.974428654626664e-6 4.892459985130272e-6 -3.6139019953235915e-6 3.0853144877568947e-6 -2.0904188572172966e-6 2.085539792492772e-6 -1.3023384545204297e-6 1.8871231578733883e-6 -1.7171380899168319e-6 2.986149093920881e-6 -3.9085386205473254e-6 5.707102520791554e-6 -8.054154204217913e-6 1.0244203585403502e-5 -1.4331764810663787e-5 1.6297763756841974e-5 -2.275554980706987e-5 2.9288156570186786e-5 -4.582924192579563e-5 -0.038021635208653724 -0.03312656642417137 -0.04208328381669782 -0.035085679468625695 -0.03688149381456517 -0.027645906390550232 -0.024389950081676912 -0.0154971528134087 -0.010253834117197406 -0.002790114221258029 0.002386799118942583 0.007969802656770912 0.011800776338310127 0.015784226844501932 0.017886607232473806 0.0208858745000236 0.021502477148572053 0.024199591185628446 0.023420407888613024 0.026221494409266508 0.023441855630593134 0.025881307281247184 0.018086145146182692 0.024316606748781937 -0.05499660743956348 -0.17098599261683586 -0.17690560701556043 -0.15354292123388485 -0.14540929451341492 -0.11758381954144326 -0.09142685111224887 -0.061658474686764136 -0.032833749658685865 -0.005664597459199617 0.018383154334541126 0.03830861642163426 0.054136110181044035 0.06624245159767463 0.07447731626526041 0.08114745014082365 0.08500708837079016 0.08954344320054984 0.09212954017417171 0.09442282127122485 0.09943401377568782 0.09263337524207838 0.09312642918347613 0.03528305646516527 -0.08412630529222709 -0.2501684203911027 -0.3033154554130123 -0.2699908113368386 -0.24568374822599107 -0.20390454621150475 -0.15378765004453251 -0.10142349356243108 -0.0484395609956942 -0.00019796304214909243 0.042450729454764996 0.07575885021534995 0.10139888976024035 0.1181214118053194 0.12896795397312172 0.13454156553138902 0.13842803582938323 0.14068489822851224 0.1450212777420818 0.147920935981291 0.1537480220767771 0.15780134579256627 0.13873493655180416 0.04338946707546693 -0.06783769898094721 -0.22204530013834023 -0.2677210095985722 -0.2692511748831884 -0.24001610572748294 -0.20320956102816592 -0.15243381168944134 -0.09709640611341369 -0.041060643809158935 0.010900064780701319 0.05486862693857233 0.08925836648790064 0.11235553881019729 0.1259011862895972 0.13104797809510846 0.13081665485348087 0.12797213275867508 0.12487940420372055 0.12370325934497593 0.1259911707383403 0.12460874953153608 0.13684554782364436 0.10845785746811284 0.03482145878319034 -0.05004303752948366 -0.10055402829423424 -0.10976672366773163 -0.14693769813900473 -0.1354506786954894 -0.12101221323761048 -0.09355790130549536 -0.05899123658246227 -0.022649158331531975 0.012640734813260498 0.042761143478633926 0.06559070066762586 0.08024628321292646 0.08653216298189273 0.08599669115484326 0.08056014808865283 0.07213856684935438 0.0635481666370834 0.05484272123097422 0.050868485611794585 0.04157629342115531 0.040316680677064655 0.03952167034216125 0.020930882133278726 -0.022777092618870842 0.002573587803614744 0.030990092204775756 -0.021311841680680607 -0.028649131355814515 -0.03947785762164604 -0.03893860955271007 -0.032685359925156365 -0.02083016472064665 -0.006979130090643842 0.007646056014445009 0.02063079281399029 0.03053030850077781 0.036627842027148236 0.03834775420052662 0.03602922977359578 0.030356406105776196 0.02176573014359014 0.01104633721652155 -0.0013040014682610956 -0.01107565045409137 -0.03643393360068286 -0.01645862971316802 0.009120974628711058 -0.019376012217102515 0.013399766842935866 0.030393716663525087 -0.0013506435730296295 -0.02239834479777104 -0.03907070449844839 -0.05203828469896751 -0.056848122372147855 -0.05564782760641976 -0.0471810228555494 -0.03377867272672598 -0.016460175678864833 0.0024423882702821554 0.020731792654178082 0.03646753948783849 0.04780740951404094 0.05347863063579489 0.05299792682465266 0.045995460778689934 0.03147274598126676 0.02004094193145015 -0.017332034379681015 -0.006224525681112237 0.010362019056243203 -0.027780507897563585 -0.06935757610129227 -0.08949316427084907 -0.09467662139096193 -0.1156241501282714 -0.12242139652641698 -0.12705478128246034 -0.1231123069830947 -0.11013310690085718 -0.08887711445177067 -0.059462769038883506 -0.024637767611671788 0.013113693197080327 0.05044992078978819 0.084080697534111 0.11117842945145848 0.12950581560279434 0.1379462250547352 0.13684876952575395 0.12380288935076776 0.11162868069502255 0.07664802173155276 0.058606496325257225 0.01965166497318139 -0.041469573758708834 -0.149254565123295 -0.20474573670635463 -0.20082389738313058 -0.2131110328501055 -0.20961494859547636 -0.19784411176383768 -0.1769030916885783 -0.14565135822045466 -0.10515578431693559 -0.05765648120041212 -0.00560994807267056 0.047061399588331575 0.09660311784716902 0.1393570543100106 0.17238935388761184 0.19393940388233083 0.20335497088757473 0.20227089999427675 0.1907285288147058 0.17255177179359027 0.1554523183246085 0.1085019162957207 0.026973548239280613 -0.03946013959816075 -0.1479750995089495 -0.20176966180815972 -0.21559132240338777 -0.22175371255334106 -0.21809322748516616 -0.2013003310288747 -0.1733074360289383 -0.1350183092460807 -0.08801787457437031 -0.0352803801512094 0.019384047162710565 0.07206773808073022 0.1186007591874477 0.1555633120478335 0.1806291212227905 0.19292895898828027 0.19310731580900667 0.18325389290934327 0.1682569569762412 0.14317645851612304 0.1362112992544434 0.09292807906845818 0.023062847138429106 -0.0246814236177755 -0.06489174147305247 -0.08592323540908312 -0.12545031015244915 -0.1340676019340486 -0.14250576665028902 -0.1362467546295258 -0.11936969045804013 -0.0919437058665156 -0.05637872236099725 -0.015513393901025423 0.026776071002397334 0.06637054859122807 0.0993645881580479 0.12256811630898883 0.13390794249811958 0.1330541045705864 0.12118451305415169 0.100573109629743 0.07774721836764749 0.048292846557909386 0.03470699419371096 0.021369076042036087 0.010988821993217412 -0.0072707233613035094 0.022054036534465297 0.0344397810920988 -0.013673700135749183 -0.032381304117669825 -0.054155831488426856 -0.06620396825877567 -0.06846543019471747 -0.06089522087676191 -0.044252835997253395 -0.020899564375957438 0.00609985231958185 0.03293970905233446 0.05586773036642584 0.07153319759314887 0.07764808765878228 0.0730893156108225 0.05861108702294675 0.03541379067684011 0.008342545596314302 -0.019402855807341055 -0.05319426734396252 -0.03783961753904321 0.002508613441717014 -0.0025086134695018157 0.03783961749817126 0.05319426735285074 0.019402855781129213 -0.008342545707714198 -0.0354137907482247 -0.058611087154010616 -0.0730893156392275 -0.07764808763031239 -0.07153319755074669 -0.05586773022601367 -0.0329397088582859 -0.006099852101588259 0.02089956453956709 0.0442528360572264 0.06089522088716806 0.06846543020114836 0.066203968114188 0.054155831354144125 0.03238130401795472 0.013673700108940907 -0.0344397810581292 -0.022054036559787285 0.007270723327726746 -0.010988822038870824 -0.021369076112444887 -0.03470699420036148 -0.04829284664372556 -0.07774721842497992 -0.10057310972633282 -0.12118451307898422 -0.13305410460070807 -0.13390794246824553 -0.12256811623826956 -0.09936458802648047 -0.06637054844129348 -0.02677607082517405 0.015513394044309903 0.056378722481520975 0.09194370590376483 0.1193696904380332 0.1362467545647621 0.14250576650006191 0.1340676018354963 0.1254503100909694 0.08592323542575915 0.0648917414454518 0.024681423596097 -0.02306284717841896 -0.09292807913741111 -0.13621129929553338 -0.14317645860260572 -0.16825695704457294 -0.18325389297587938 -0.1931073158146541 -0.1929289589781518 -0.18062912119289223 -0.15556331197363138 -0.11860075910861109 -0.07206773796244872 -0.019384047016645714 0.03528038026991375 0.08801787468312688 0.1350183093403511 0.17330743605988616 0.2013003309729946 0.2180932274194601 0.22175371242087139 0.21559132234541398 0.20176966177232988 0.14797509945846377 0.03946013954745151 -0.02697354827551645 -0.10850191632991096 -0.15545231836218787 -0.17255177185498527 -0.19072852885490205 -0.20227090004337958 -0.20335497092915703 -0.19393940384450162 -0.17238935385574689 -0.13935705428326908 -0.09660311781723945 -0.04706139949061105 0.005609948155068369 0.05765648134639197 0.10515578439436772 0.1456513583485473 0.17690309176652333 0.19784411176339653 0.20961494855395377 0.21311103277838198 0.20082389729536593 0.20474573663630463 0.14925456502234263 0.04146957373029666 -0.01965166498524049 -0.05860649634066938 -0.07664802177123732 -0.11162868067998247 -0.12380288941145175 -0.136848769567964 -0.1379462250769882 -0.12950581560786156 -0.1111784294644449 -0.0840806975494251 -0.05044992076965562 -0.013113693186142583 0.024637767716789574 0.05946276912479702 0.08887711458877792 0.11013310703265598 0.12311230705510551 0.1270547813553685 0.12242139651483587 0.11562415007447466 0.09467662129176356 0.08949316416236534 0.0693575759774615 0.0277805078542138 -0.010362019059625496 0.006224525699900207 0.01733203438214368 -0.02004094195120771 -0.03147274597861019 -0.045995460837845684 -0.052997926873781014 -0.05347863066077095 -0.04780740955250845 -0.036467539532068535 -0.02073179266966048 -0.002442388255948188 0.016460175717185714 0.03377867287227885 0.04718102297488857 0.055647827747899406 0.05684812249952312 0.05203828476151775 0.03907070455497658 0.022398344702623814 0.001350643516117495 -0.030393716809273597 -0.013399766944710473 0.019376012163010787 -0.009120974606759763 0.016458629723639404 0.036433933651591366 0.011075650445104583 0.0013040014340129956 -0.011046337273121976 -0.021765730210152743 -0.030356406170235824 -0.03602922982847892 -0.038347754242604774 -0.03662784207516626 -0.030530308500837443 -0.020630792732211575 -0.007646055909541789 0.006979130245918471 0.02083016488651436 0.03268536007207946 0.038938609638978265 0.039477857636513077 0.028649131311325595 0.021311841566339647 -0.030990092313748278 -0.0025735879389250215 0.022777092570868362 -0.020930882154625744 -0.03952167028234416 -0.04031668067032647 -0.041576293386315875 -0.05086848568057014 -0.054842721280453186 -0.06354816672127014 -0.07213856691934145 -0.08056014815608475 -0.08599669121680667 -0.08653216299478332 -0.08024628322234009 -0.06559070060709986 -0.042761143349993556 -0.01264073465447114 0.022649158517552656 0.05899123672005124 0.09355790142261798 0.12101221322968915 0.1354506786590184 0.14693769802455858 0.10976672353756188 0.10055402817432468 0.050043037482829546 -0.034821458766938894 -0.10845785746704374 -0.136845547795136 -0.1246087495322442 -0.12599117075164007 -0.12370325942947373 -0.12487940424639195 -0.12797213283430628 -0.1308166549158693 -0.13104797812132862 -0.12590118632842476 -0.11235553878072811 -0.08925836644410212 -0.054868626831983874 -0.010900064642461012 0.041060643974737264 0.09709640625392457 0.15243381177985238 0.20320956104899568 0.24001610564465534 0.26925117481301947 0.2677210094890385 0.22204530001263667 0.06783769893952225 -0.0433894670855943 -0.13873493654800648 -0.15780134580230984 -0.15374802208223162 -0.1479209359836436 -0.1450212777650762 -0.14068489827533617 -0.1384280358790599 -0.13454156554880545 -0.12896795400620473 -0.11812141179727743 -0.10139888975982561 -0.07575885017119534 -0.0424507293997212 0.0001979631419095194 0.04843956109481624 0.10142349367351708 0.1537876501125956 0.20390454620181908 0.2456837482014784 0.26999081128525565 0.3033154553224306 0.25016842030585457 0.08412630526142614 -0.03528305646961243 -0.09312642919648494 -0.0926333752554731 -0.09943401376296973 -0.09442282127917175 -0.09212954014764965 -0.08954344323155633 -0.08500708838498329 -0.08114745014430484 -0.07447731626563892 -0.06624245160519941 -0.054136110164126575 -0.03830861640507225 -0.018383154309252706 0.005664597513659717 0.03283374970765147 0.06165847471547502 0.09142685116090998 0.11758381952945238 0.14540929452149476 0.15354292121490026 0.17690560695736846 0.17098599256697591 0.05499660742670238 -0.0243166067550615 -0.01808614514266419 -0.025881307288675937 -0.02344185562508403 -0.026221494407638754 -0.023420407886733826 -0.0241995911860179 -0.02150247715045346 -0.02088587450966216 -0.017886607230108098 -0.015784226863055417 -0.011800776331777368 -0.00796980266983876 -0.0023867991116856505 0.0027901142181899364 0.010253834131943895 0.015497152809495403 0.024389950097319722 0.02764590639351337 0.03688149382663067 0.03508567945954732 0.04208328380944145 0.03312656641434374 0.03802163520248292
</DataArray>
        <DataArray type="Float64" Name="Mode_18_w" NumberOfComponents="1" format="ascii">
 1.536199398817372e-7 -2.465501127876585e-6 -1.5361994001843796e-7 2.465501129561874e-6 1.1914973396753618e-8 4.251950578435336e-7 -5.171133605570024e-7 -6.18727309737943e-7 -8.775486136375067e-7 -3.58444013399948e-7 -3.58444013399948e-7 -1.2249270743524124e-7 3.93323150055528e-8 -3.6009204699731285e-7 -6.529688739639864e-7 -1.9990555045679286e-8 1.2720166395062288e-6 1.7111410525709759e-6 1.0583151081458803e-6 5.585210769816313e-9 8.775593741496096e-8 -6.937714906673984e-8 -6.937714906673984e-8 2.718073325758558e-6 1.368931372127652e-6 4.984540811344827e-6 2.684356768418448e-7 9.310454913115131e-7 4.4928346145298334e-7 -1.9841963794440846e-6 1.255594438152594e-6 -2.6474012264642e-6 -5.924930998968531e-7 -2.1531581424613263e-6 -2.1531581424613263e-6 -8.441965979223724e-7 -4.755572287936433e-7 1.6904609387116021e-7 5.646983722071667e-7 7.845542025007044e-7 9.263307834671922e-7 9.140396167166554e-7 7.991441672620046e-7 6.576506002706975e-7 3.97588054823251e-7 2.2496177179735228e-7 2.2496177179735228e-7 -2.435037547000905e-7 -3.252336931710794e-7 -1.1840829796115026e-7 -8.545953472267909e-8 1.6090902774778368e-7 -1.1914975365065663e-8 -4.251950597299026e-7 5.171133597738106e-7 6.187273107145336e-7 8.775486133669403e-7 3.5844401495311485e-7 3.5844401495311485e-7 1.2249270426247552e-7 -3.933231047598133e-8 3.6009204556089415e-7 6.52968874854708e-7 1.9990555583754435e-8 -1.2720166399323668e-6 -1.7111410514995281e-6 -1.058315110599155e-6 -5.585211254929592e-9 -8.775593780940958e-8 6.937714879994361e-8 6.937714879994361e-8 -2.7180733259104897e-6 -1.3689313719155985e-6 -4.984540809049034e-6 -2.684356786798503e-7 -9.310454923386438e-7 -4.4928345945992905e-7 1.984196378332221e-6 -1.2555944372942454e-6 2.647401224454095e-6 5.924931027923315e-7 2.1531581388117366e-6 2.1531581388117366e-6 8.441966009697025e-7 4.7555722601012337e-7 -1.6904609142415924e-7 -5.646983721519917e-7 -7.845542037933746e-7 -9.263307841659676e-7 -9.140396166896309e-7 -7.991441654925455e-7 -6.576506017068547e-7 -3.975880537512805e-7 -2.2496177355458595e-7 -2.2496177355458595e-7 2.4350375775919357e-7 3.252336899503422e-7 1.1840830028718459e-7 8.545953564456724e-8 -1.6090902731571395e-7 7.15893843325614e-5 0.00029399721447599496 0.0006029326879037582 0.0009003407419903924 0.0012309554772056096 0.0014842281192149402 0.0014842281192149402 0.001642748614834787 0.0016086662006508643 0.00134401107455352 0.0008021127951364899 1.2765487576356169e-5 -0.0009926653307372323 -0.002062414567560042 -0.0031252089785650935 -0.0039421024077823255 -0.004502606602286905 -0.004556526195232371 -0.004556526195232371 -0.004296763390556281 -0.0034852437310170796 -0.002680862522126881 -0.0017331087650721284 -0.0005656381166612068 -1.0441644432266817e-5 0.0007227636515250248 0.0025813837545638086 0.004547281186051425 0.007397220761502099 0.010601462974309687 0.010601462974309687 0.013583850221114037 0.015475883834016891 0.015420486084180752 0.012717121722373395 0.007125334760067022 -0.0011967992258271076 -0.011255000982802223 -0.021882014948881822 -0.031247478172482062 -0.03799959589537415 -0.0405490888121852 -0.0405490888121852 -0.038621544430049164 -0.032082457388771975 -0.022047092266140596 -0.012432689440518242 -0.0018923595598816186 -0.00036315714524684463 -0.0018578205313216631 -0.0019382094607504653 0.0006765619734258164 0.006458536027676439 0.015392271829324105 0.015392271829324105 0.025757861102905812 0.035254745478810696 0.04113371170042677 0.04091147798633137 0.032973820182279935 0.017059596311627994 -0.00534803181981097 -0.03112675320660765 -0.05619311745658556 -0.07591443716661822 -0.08647801831506385 -0.08647801831506385 -0.08508617868410097 -0.07200614763166793 -0.0487180098493311 -0.02213089904651221 -0.0029206699777813427 -0.0005348989222598774 -0.004170110117095139 -0.008388524168209077 -0.008029426625675098 -0.00239131119203615 0.008656261920037711 0.008656261920037711 0.023487522095356678 0.03892020891596931 0.05117838789068167 0.05648277227752671 0.051986495141423346 0.036576307578342786 0.0113812306420388 -0.0200841957704259 -0.05263582767938509 -0.08027807822670098 -0.0973737927953353 -0.0973737927953353 -0.09999978158924253 -0.087063282245058 -0.06157674471232921 -0.028150563173574557 -0.0035123714931721765 -0.00047120928840513055 -0.004519847131347567 -0.010235201005335686 -0.012150855411043235 -0.008887909627121297 -0.00019734585558659121 -0.00019734585558659121 0.01268434075192411 0.02721157650560293 0.03998748993022692 0.04761090934917107 0.04731259516132046 0.0377381713058298 0.01945062557252098 -0.005009787775724957 -0.03146776299822187 -0.05499201116070755 -0.07076764256501268 -0.07076764256501268 -0.07529416429617661 -0.06732234787129056 -0.04914459254026189 -0.024428237352680043 -0.0035268480382107496 -0.00010346610816950752 -0.0014584707064113874 -0.0033860043948172377 -0.0036064451962491547 -0.0009473704592608626 0.004460021924258908 0.004460021924258908 0.011761619213909447 0.01926224388812595 0.025028283755315378 0.027246216151846 0.024717470042256585 0.01713088396342519 0.00529417766107654 -0.009021413756874075 -0.023426187250052206 -0.03526724695097753 -0.042310802830898206 -0.042310802830898206 -0.043158048629832066 -0.03755846522010442 -0.027538426719439416 -0.016004484804600844 -0.0027373022137237514 -0.00010346610816950752 -0.0014584707064113874 -0.0033860043948172377 -0.0036064451962491547 -0.0009473704592608626 0.004460021924258908 0.004460021924258908 0.011761619213909447 0.01926224388812595 0.025028283755315378 0.027246216151846 0.024717470042256585 0.01713088396342519 0.00529417766107654 -0.009021413756874075 -0.023426187250052206 -0.03526724695097753 -0.042310802830898206 -0.042310802830898206 -0.043158048629832066 -0.03755846522010442 -0.027538426719439416 -0.016004484804600844 -0.0027373022137237514 0.00027585008545253156 0.002779708756385828 0.007581321194248397 0.012825007174951381 0.019040915615372044 0.02511301374184839 0.02511301374184839 0.029676613194945096 0.031211354528574424 0.028494214584774694 0.02108146824323048 0.009458713094344809 -0.004915953353188141 -0.019915819256019665 -0.033158531013865095 -0.042603342238904364 -0.04691138838942865 -0.04559267302935521 -0.04559267302935521 -0.03946959129944633 -0.029998241796918332 -0.01924121469519878 -0.012080150271137149 -0.0022151971035632464 0.00044872689435906157 0.004800018091373999 0.012843742056140429 0.022835913256650284 0.03391132063383988 0.044513633288241095 0.044513633288241095 0.052183010086751275 0.05454810209409138 0.049815152049774436 0.03735413246959746 0.01800632186576548 -0.005869807375325354 -0.03079074241841903 -0.052936024744896816 -0.06888668196895117 -0.07639344156496243 -0.0746684963099694 -0.0746684963099694 -0.0646448069518684 -0.048984270750635085 -0.03047560566534209 -0.015170797586111541 -0.0021794673465665034 0.00047859645220865574 0.003946414853315556 0.009403737106366732 0.01916951522482012 0.03156465036496858 0.045236884704966465 0.045236884704966465 0.05740983177825136 0.06501431688318242 0.06529950199725607 0.056493908889259065 0.03836640550183313 0.01249965304883716 -0.01771771464262742 -0.04778960768966123 -0.07301619180074609 -0.08934150388367998 -0.09421297958900002 -0.09421297958900002 -0.08707033846526652 -0.0697496244731149 -0.04567642647339218 -0.02072473327554247 -0.0025919324120715305 0.000748263102033964 0.0036769663512296073 0.005528885013566347 0.011855367716421778 0.020804029110245415 0.03168725141387807 0.03168725141387807 0.042771647939518764 0.05171472900973996 0.056115448950472255 0.05382891725665815 0.04359231532030397 0.02549482662874264 0.0012703635966155762 -0.02576884937763848 -0.05139524944492065 -0.07123235535916465 -0.08160636686569686 -0.08160636686569686 -0.08045213152814719 -0.0680003663624834 -0.04695445454380073 -0.02144687527119778 -0.002716859247955833 0.0014513563575792947 0.007863140058325401 0.0126220912636638 0.018158432865780578 0.023123892248632472 0.026775626294458208 0.026775626294458208 0.029175233490171013 0.030173778130765664 0.029523542891438912 0.026746729275894898 0.021183654084545134 0.01236942191369688 0.00040139753977426484 -0.013773871168419613 -0.02828964786477752 -0.040690184645115465 -0.0484656521053914 -0.0484656521053914 -0.049639797672185404 -0.04350885089953574 -0.03159838181973129 -0.015861897345580005 -0.002300824869425448 0.0023008248692974443 0.015861897344484042 0.031598381821055205 0.04350885089900792 0.04963979767100219 0.04846565210475481 0.04846565210475481 0.04069018464219953 0.028289647863701497 0.01377387116742691 -0.0004013975407534513 -0.01236942191419534 -0.021183654087663737 -0.02674672927918116 -0.02952354289612323 -0.030173778136461774 -0.029175233493550518 -0.026775626299804404 -0.026775626299804404 -0.023123892249845124 -0.018158432866429815 -0.012622091260443703 -0.007863140055187724 -0.0014513563574720051 0.0027168592477050226 0.021446875269147122 0.046954454536359165 0.0680003663593924 0.08045213152433164 0.08160636686741247 0.08160636686741247 0.07123235536241371 0.05139524944677598 0.02576884938179368 -0.0012703635961922983 -0.02549482662971712 -0.04359231532374087 -0.053828917264400145 -0.056115448958945095 -0.05171472902039465 -0.04277164794778035 -0.03168725141848582 -0.03168725141848582 -0.02080402911247994 -0.011855367716203269 -0.005528885011742197 -0.0036769663498652226 -0.0007482631016167836 0.002591932411625253 0.02072473327134536 0.04567642646348751 0.06974962446267996 0.08707033846012315 0.09421297958450982 0.09421297958450982 0.08934150388741066 0.07301619180609957 0.04778960769396511 0.017717714643647138 -0.01249965305403388 -0.03836640550942341 -0.05649390890015217 -0.0652995020080146 -0.06501431689212989 -0.05740983178491373 -0.04523688470631482 -0.04523688470631482 -0.03156465036511652 -0.019169515222108413 -0.00940373710455843 -0.0039464148511904945 -0.00047859645202368375 0.0021794673461441707 0.015170797581570613 0.03047560565573464 0.048984270739520754 0.0646448069419552 0.074668496307573 0.074668496307573 0.07639344156414007 0.06888668197018216 0.05293602474437579 0.030790742414004077 0.005869807369454787 -0.018006321877084383 -0.037354132480050484 -0.04981515205995002 -0.054548102096803705 -0.05218301008647981 -0.04451363328443185 -0.04451363328443185 -0.03391132062691967 -0.022835913250861088 -0.012843742049702305 -0.004800018089122742 -0.0004487268938234007 0.0022151971029994734 0.012080150266821594 0.019241214689082502 0.02999824178852612 0.0394695912933272 0.04559267302507139 0.04559267302507139 0.046911388389986305 0.042603342239810126 0.03315853101455426 0.01991581925174287 0.004915953347081067 -0.009458713103003282 -0.021081468253605077 -0.0284942145904905 -0.03121135453115843 -0.029676613191263766 -0.02511301373583166 -0.02511301373583166 -0.019040915605838822 -0.012825007165899438 -0.007581321187281436 -0.0027797087520761415 -0.00027585008493377226 0.002737302213083337 0.016004484801069994 0.02753842671485527 0.037558465215407795 0.0431580486255589 0.042310802830886084 0.042310802830886084 0.03526724695273291 0.023426187253563085 0.00902141376027118 -0.00529417765747675 -0.01713088396357626 -0.024717470045681388 -0.027246216156712643 -0.02502828376069461 -0.01926224389239768 -0.01176161921645976 -0.004460021923313247 -0.004460021923313247 0.0009473704619087313 0.003606445201382796 0.0033860043992784057 0.0014584707094454346 0.00010346610864522915 0.002737302213083337 0.016004484801069994 0.02753842671485527 0.037558465215407795 0.0431580486255589 0.042310802830886084 0.042310802830886084 0.03526724695273291 0.023426187253563085 0.00902141376027118 -0.00529417765747675 -0.01713088396357626 -0.024717470045681388 -0.027246216156712643 -0.02502828376069461 -0.01926224389239768 -0.01176161921645976 -0.004460021923313247 -0.004460021923313247 0.0009473704619087313 0.003606445201382796 0.0033860043992784057 0.0014584707094454346 0.00010346610864522915 0.003526848037671981 0.02442823734986958 0.04914459253700114 0.06732234786709086 0.07529416429262614 0.07076764256228275 0.07076764256228275 0.05499201116217642 0.03146776300228589 0.005009787781935006 -0.019450625567445926 -0.037738171301515216 -0.0473125951604179 -0.04761090935135806 -0.03998748993528863 -0.027211576514212393 -0.012684340762760463 0.00019734584516211225 0.00019734584516211225 0.008887909618794865 0.012150855407242655 0.010235201003804947 0.004519847131224782 0.000471209288552442 0.0035123714925613236 0.028150563170086847 0.061576744708054076 0.08706328224129492 0.09999978158407333 0.09737379279157748 0.09737379279157748 0.0802780782243388 0.052635827680726374 0.02008419577366835 -0.011381230637416667 -0.036576307575177915 -0.051986495139055386 -0.05648277227786531 -0.05117838789566372 -0.03892020892627948 -0.023487522107724798 -0.008656261934681742 -0.008656261934681742 0.0023913111778684393 0.008029426614115936 0.00838852416290135 0.004170110115992883 0.0005348989223612573 0.00292066997717999 0.022130899042665592 0.04871800984460522 0.07200614762782127 0.08508617868048095 0.08647801831116715 0.08647801831116715 0.07591443716256978 0.0561931174542197 0.031126753205439103 0.005348031820137808 -0.017059596309962285 -0.032973820182110126 -0.04091147798693006 -0.041133711703569595 -0.035254745485086884 -0.02575786111233696 -0.015392271838950191 -0.015392271838950191 -0.006458536038744027 -0.0006765619836557274 0.0019382094524368594 0.001857820529119068 0.0003631571451608553 0.001892359559225645 0.012432689438629175 0.02204709226458872 0.03208245738618663 0.03862154442764126 0.04054908880943279 0.04054908880943279 0.037999595892487345 0.031247478169094595 0.02188201494682712 0.011255000980685756 0.0011967992245074978 -0.007125334759996637 -0.012717121723359655 -0.01542048608440501 -0.015475883835493124 -0.013583850223091172 -0.010601462978575761 -0.010601462978575761 -0.007397220763712632 -0.004547281188197714 -0.002581383754546581 -0.000722763651957042 1.0441644435291672e-5 0.0005656381166035223 0.0017331087647343122 0.002680862521896313 0.0034852437306307016 0.00429676339024743 0.004556526194801786 0.004556526194801786 0.004502606601719263 0.0039421024073224235 0.003125208977949276 0.0020624145674161855 0.000992665330301809 -1.2765487799815037e-5 -0.0008021127951899855 -0.0013440110744983593 -0.001608666200777815 -0.0016427486149668 -0.0014842281196961197 -0.0014842281196961197 -0.001230955477129843 -0.00090034074206328 -0.0006029326875858167 -0.00029399721401023054 -7.158938433188394e-5
</DataArray>
        <DataArray type="Float64" Name="Mode_18_phi1" NumberOfComponents="1" format="ascii">
 9.177220861582278e-7 -4.6548433195258414e-6 9.177220776029255e-7 -4.654843314546501e-6 6.337437186165431e-6 -4.4716305704526545e-7 -5.860841722791979e-6 2.1101866505265722e-6 -4.011312404125746e-6 4.387454912948487e-6 1.281528089615129e-6 1.6211501396847178e-6 -2.4230546801631784e-6 -3.8521545861175525e-6 4.7613449930707054e-7 9.394449584833757e-7 9.123941229966455e-6 -3.879918604972315e-6 4.837162746434956e-6 -1.699702921217595e-5 1.0208660698288876e-5 -1.4012077538046158e-5 2.9166185736690203e-5 -2.2586049229043893e-5 3.348225454421571e-5 -5.44734220669436e-5 7.474982129913716e-5 -0.00010287151474438194 -3.5169845496200614e-5 2.9366778139883135e-5 -1.7815740597853448e-5 5.110989631382545e-6 -1.6346182145074247e-5 -5.661828752652823e-6 -1.3406188360967415e-5 -6.3776759297259455e-6 -7.0473698751539785e-6 -1.5899025806886067e-6 4.3790975279531304e-7 3.769920866345241e-6 5.557305680394967e-6 6.266757290693133e-6 6.51655527355679e-6 4.91969815708027e-6 4.4500881843637535e-6 1.2406574523083525e-6 2.2089575978568862e-6 -2.385262679336427e-6 1.741131377529282e-6 -2.631476507503527e-6 -1.8117318879506798e-6 -2.3652097463759473e-6 6.337437197998192e-6 -4.4716307251879975e-7 -5.860841701997557e-6 2.1101866234891132e-6 -4.011312376460965e-6 4.3874548849617095e-6 1.2815281173438638e-6 1.6211501085238055e-6 -2.4230546453482185e-6 -3.852154619204589e-6 4.761345319716268e-7 9.394449195388843e-7 9.123941273225922e-6 -3.879918643414146e-6 4.8371627832330165e-6 -1.6997029244062338e-5 1.0208660715828253e-5 -1.4012077537485598e-5 2.9166185724100346e-5 -2.2586049212133968e-5 3.348225451950551e-5 -5.4473422040032294e-5 7.474982129090194e-5 -0.00010287151476235562 -3.5169845495580336e-5 2.9366778099214485e-5 -1.7815740538095812e-5 5.110989548439644e-6 -1.6346182062991587e-5 -5.661828838436854e-6 -1.340618826202038e-5 -6.377676034977804e-6 -7.047369776682087e-6 -1.5899026679867913e-6 4.379098135977214e-7 3.7699208234829917e-6 5.55730570512721e-6 6.266757261010472e-6 6.516555316916079e-6 4.919698100535629e-6 4.450088261828209e-6 1.2406573643770114e-6 2.2089576713513863e-6 -2.3852627510482003e-6 1.7411314516195953e-6 -2.6314765627653934e-6 -1.8117318508791074e-6 -2.365209767434486e-6 0.0030825327639255906 0.01271485378002828 0.028397233432334353 0.04895410806002099 0.06935531812499865 0.09184055940216126 0.11098639574750027 0.12415678726529551 0.1257757086142881 0.11228165670879599 0.08062057106478195 0.030721022406333467 -0.03500068849650371 -0.111064447575596 -0.18927290987122955 -0.2610298410755063 -0.3156412847192689 -0.3473344401270883 -0.34801977400308753 -0.3218829209323077 -0.2658177765696441 -0.20008525055870743 -0.12114063766351292 -0.06524148238593394 -0.003032348667303376 0.0010995225777490625 0.012374275354823232 0.038369888029948104 0.08954584648829389 0.1623666020711827 0.2519616255081794 0.3397172161156492 0.40680085379136477 0.43129600034172993 0.3964107030313122 0.2918295611817326 0.1193050624021856 -0.10755452810103878 -0.36421895066349624 -0.6156553486564371 -0.8278307246132206 -0.9623746950603781 -1.0 -0.9255935583830225 -0.7453029636150845 -0.5057333912351967 -0.23241760353400678 -0.02865114852196278 -0.008657623178498984 -0.05910725174763955 -0.1109047995763263 -0.13133025690225608 -0.09741164158739336 -0.0088976072271822 0.1272760084783881 0.2912005175627548 0.45255173450616487 0.5782380942995163 0.6360744962110142 0.603398030727996 0.47083764010969725 0.24653850363407243 -0.04213388403607082 -0.35651552189127145 -0.6433457623315546 -0.8588716583906073 -0.9546061741922045 -0.9183040432453724 -0.7479230507748829 -0.4605514852586554 -0.17713325578603017 -0.036642154589648986 -0.004990880986603182 -0.04514600382812365 -0.11689916866967263 -0.17932948444750213 -0.2060332732026088 -0.19665846335067338 -0.1467731906258172 -0.06158816573532578 0.047225767048288854 0.16359787711820598 0.26895092190795405 0.3457867648170808 0.3807995064948699 0.3670264780945192 0.30610897026448375 0.20919299500174088 0.09198671299474957 -0.021994054743927398 -0.11680021354882955 -0.16739034633741823 -0.18603285753497506 -0.1494767385046317 -0.07349185215414578 -0.00648613490099599 0.00043637664618100983 -0.009062875619202106 -0.028209784257694825 -0.061941207156336185 -0.10751249131764644 -0.15737361920935372 -0.20910555445772522 -0.2523295395447558 -0.27654629623582166 -0.27212068315688487 -0.23090463876744033 -0.14945908413449668 -0.030078319720837104 0.11817187038133156 0.2793173549141867 0.43333034149028626 0.5584182994949165 0.6342239076894464 0.6463948724579763 0.5876009535879604 0.46651761851518647 0.28924766457791723 0.1119550999428394 0.005454923323337496 0.009381640835297295 0.05872344927201742 0.13030585793407393 0.1840634319314219 0.190733701691662 0.14878077669660397 0.05757487894420219 -0.07202219042765654 -0.22070927750466815 -0.36146836324245396 -0.4654988095998738 -0.5064379059878802 -0.46678882951985257 -0.34219031135067685 -0.14438030813196553 0.09868389143489957 0.34798897553689234 0.5588023551585928 0.6898413495659225 0.7128017828714959 0.6210663194689583 0.4113212533717236 0.17307350983589415 0.023556786662475238 0.012058263870393503 0.08812184821707557 0.21305757417382107 0.3361910214791999 0.4202416618266662 0.4553326694659154 0.42781580975259564 0.336057396324908 0.18841500350105486 0.002547972701754371 -0.19457739233002322 -0.3721787511945991 -0.5007513411623732 -0.558430439639864 -0.5354178342521714 -0.43732179268902516 -0.28532780066918545 -0.11079510402373298 0.049583676857064565 0.15878294120892816 0.2063911206970149 0.16632484608966738 0.07586899814386788 0.009857212687372469 0.009266713858809292 0.055563012263367954 0.13488682659903578 0.23335857344923663 0.33977508665215345 0.43352449127661513 0.5030885806021261 0.5310554379781314 0.5065505578892608 0.42505468666468477 0.28947712366845607 0.11178382642228744 -0.08841775854494473 -0.28683335057158965 -0.4588574033322972 -0.5831552024410448 -0.645909378214179 -0.6433170948837856 -0.5801685638178563 -0.47192984744664546 -0.3356485007037002 -0.18934149156266983 -0.06428019825860747 -0.00035087304345346617 0.004254137024610322 -0.005395351610316775 -0.02427209986827421 -0.02578416962519187 0.012975962179837265 0.0786323152439304 0.16796716288273106 0.26824267481692093 0.3635039679955416 0.4352447082661449 0.4657804975528881 0.4413390383485217 0.35569097413674267 0.21336792192561768 0.02987819746564708 -0.17032504504723728 -0.3571707325776748 -0.5005172433010573 -0.5753147983103416 -0.5668821024026449 -0.4776085233703039 -0.30713414615308954 -0.12312423081242592 -0.011903383126383059 0.004715203503107072 -0.024280124188940957 -0.0891075967140207 -0.16126918577702243 -0.2112824469333434 -0.24250693982733054 -0.2415125873585085 -0.20114994669741007 -0.11973527190063897 -0.0031922042000998726 0.1330721155986865 0.2670829788678509 0.3745630783226886 0.4341306194231119 0.43349613223430483 0.3728440358419305 0.2651667241806591 0.13367459086158062 0.006940582619080228 -0.08518973907011827 -0.13051855859067338 -0.10408788675227422 -0.04219995554754341 -0.001572667988242885 0.0129876673093207 0.03186412001600694 0.036634957186136234 0.00432044392459026 -0.07233338553412522 -0.18124018613850484 -0.3081944105032258 -0.42135746087151044 -0.4914351000850435 -0.49484743194102665 -0.4199306144482952 -0.27129702733380867 -0.06879665488512378 0.15668748026336385 0.36960547377964914 0.5374521236948411 0.6374818191280994 0.6602561758774246 0.6095482098144671 0.503401375749449 0.3608906535195125 0.21271543446311766 0.08567618695154006 0.011513521663219216 0.021902015321196535 0.12509332249135746 0.27077237054135794 0.37371150830954125 0.3773366041961949 0.2871203187017355 0.1101306916935758 -0.12124750155149297 -0.3622483336348876 -0.5650120818339229 -0.6877116750344929 -0.7026949385148624 -0.6027613261201079 -0.4024876484006881 -0.13508753640092105 0.15436817405415165 0.4174125624952055 0.611452107849032 0.707100359200764 0.6926920447984957 0.5775775443873127 0.37754268509697453 0.1613549140062103 0.02396904555730726 0.023969045538414085 0.16135491393738274 0.3775426850228076 0.5775775443012119 0.6926920447924393 0.7071003592376316 0.6114521079096645 0.41741256259711734 0.15436817413376497 -0.13508753631542764 -0.4024876483393993 -0.6027613261078479 -0.7026949385469453 -0.6877116750921035 -0.5650120819256271 -0.36224833374016757 -0.12124750161359035 0.11013069160040137 0.2871203186807691 0.37733660418393955 0.37371150830475974 0.2707723705746129 0.12509332250507374 0.02190201532118788 0.011513521659354408 0.08567618692865553 0.21271543431368134 0.36089065342213145 0.5034013756420681 0.6095482098194962 0.6602561759105015 0.6374818192068994 0.5374521238037964 0.36960547385175957 0.15668748028629312 -0.06879665490536714 -0.2712970273882965 -0.4199306145399286 -0.4948474320345452 -0.4914351001737359 -0.42135746095679416 -0.30819441050121693 -0.18124018611997927 -0.07233338552682163 0.004320443943398819 0.036634957136192664 0.031864119991142324 0.012987667317024018 -0.0015726680012991695 -0.042199955583318204 -0.10408788678354655 -0.13051855870445103 -0.08518973912913175 0.006940582477696372 0.13367459081535862 0.2651667241907514 0.37284403584291415 0.43349613221500577 0.4341306193607602 0.3745630782296068 0.2670829787743283 0.13307211552453282 -0.0031922042216700874 -0.11973527186771629 -0.2011499465991891 -0.24151258726444058 -0.2425069397530483 -0.21128244683565403 -0.16126918574773538 -0.08910759666184295 -0.02428012417317734 0.0047152034996735025 -0.011903383121684583 -0.12312423081326912 -0.3071341461484251 -0.4776085233452362 -0.5668821024767404 -0.5753147982747661 -0.5005172433394054 -0.35717073267894256 -0.17032504515924943 0.029878197343554107 0.21336792184771847 0.35569097409733286 0.4413390383113042 0.46578049756128864 0.4352447082931521 0.36350396812536784 0.2682426749581982 0.16796716302222847 0.07863231539117572 0.012975962286692089 -0.025784169511187074 -0.024272099813819187 -0.005395351591814816 0.004254137032610542 -0.00035087304734165726 -0.06428019824692383 -0.18934149149688195 -0.3356485006368436 -0.4719298473417687 -0.580168563819348 -0.643317094877382 -0.6459093781873325 -0.5831552024073126 -0.4588574032996322 -0.2868333505543736 -0.08841775851640962 0.11178382647124234 0.28947712370819173 0.4250546867464944 0.5065505579149046 0.5310554380143621 0.5030885806399069 0.4335244913129006 0.3397750867031844 0.2333585734729566 0.13488682661913098 0.05556301229366447 0.009266713852017924 0.009857212688509606 0.07586899816202455 0.16632484611780976 0.20639112076718807 0.15878294125648065 0.04958367694489787 -0.11079510395914083 -0.2853278006301937 -0.4373217926446199 -0.5354178341495988 -0.5584304394707188 -0.500751341015589 -0.372178751062656 -0.1945773922076932 0.0025479727410569445 0.18841500347133802 0.3360573962203623 0.42781580961851506 0.4553326693180719 0.4202416616808262 0.3361910213929429 0.2130575741201482 0.08812184818075636 0.012058263869783216 0.02355678667167801 0.1730735098498106 0.41132125340912123 0.621066319486069 0.7128017828928426 0.689841349539127 0.5588023551148863 0.34798897553929875 0.09868389147080074 -0.1443803080750616 -0.3421903113043268 -0.46678882943201694 -0.5064379058927535 -0.46549880954076933 -0.3614683632319802 -0.22070927757113942 -0.07202219059698654 0.0575748787096848 0.14878077643296678 0.1907337014647684 0.18406343174192094 0.1303058578048236 0.0587234492057544 0.009381640823451907 0.005454923328174191 0.11195509993395313 0.2892476645582912 0.46651761851579154 0.5876009535734411 0.6463948724136855 0.6342239076493048 0.5584182994193357 0.43333034143460025 0.2793173548664599 0.11817187037410719 -0.030078319726450305 -0.14945908410691292 -0.2309046387206656 -0.2721206831524438 -0.27654629627818794 -0.25232953960200694 -0.20910555454292762 -0.15737361934351862 -0.10751249148391065 -0.06194120730553829 -0.028209784321386884 -0.009062875628385272 0.00043637664232583573 -0.006486134890894479 -0.07349185218026988 -0.14947673851782792 -0.18603285755004412 -0.16739034632856786 -0.11680021352460057 -0.02199405477994408 0.09198671293758401 0.20919299490893525 0.3061089701640117 0.3670264780127268 0.3807995064542978 0.3457867647883927 0.2689509218877303 0.16359787714169927 0.047225767104953055 -0.06158816567614566 -0.1467731905695878 -0.19665846327982062 -0.20603327319675843 -0.1793294844816556 -0.1168991687569052 -0.04514600385936223 -0.004990881001024457 -0.036642154592963994 -0.1771332557547809 -0.46055148521207945 -0.7479230507230927 -0.9183040432220008 -0.9546061741804656 -0.8588716583754747 -0.6433457623453298 -0.3565155219402863 -0.04213388408512929 0.2465385035603445 0.4708376400458773 0.6033980306930462 0.6360744962189019 0.5782380943413117 0.4525517346222019 0.2912005177021058 0.12727600864635671 -0.008897607084831565 -0.09741164138713299 -0.13133025673850693 -0.11090479942518884 -0.05910725170200267 -0.008657623181582098 -0.028651148510014445 -0.2324176035013837 -0.5057333911748103 -0.7453029635870816 -0.9255935583261896 -0.9999999999502454 -0.9623746950070498 -0.8278307245670243 -0.6156553486030251 -0.36421895064678955 -0.10755452808625206 0.11930506241189529 0.2918295611814073 0.39641070303484083 0.4312960003836385 0.4068008538265513 0.3397172162036489 0.251961625580006 0.16236660220171512 0.08954584658214387 0.03836988813604065 0.012374275392989386 0.0010995226058709772 -0.0030323486732237626 -0.06524148236765495 -0.12114063763707891 -0.20008525056001786 -0.2658177765322089 -0.321882920918924 -0.34801977396236833 -0.347334440114776 -0.31564128466571356 -0.26102984105944765 -0.18927290982350548 -0.1110644475626969 -0.03500068847853689 0.030721022411842835 0.08062057107343049 0.11228165670536655 0.1257757086288145 0.12415678726286479 0.1109863957853698 0.09184055940695307 0.06935531813949501 0.048954108037357176 0.028397233433943195 0.01271485376893017 0.003082532764565062
</DataArray>
        <DataArray type="Float64" Name="Mode_18_phi2" NumberOfComponents="1" format="ascii">
 -8.852422731689265e-8 4.503967029787357e-6 -8.85242206967307e-8 4.503967004914715e-6 6.153697254137608e-6 -2.0679428118583723e-6 7.3801728771060865e-6 -7.93175038155422e-6 -1.9234065463342556e-6 -8.282662491946167e-6 1.4264525624562476e-6 2.9037035555499282e-6 4.578969089353973e-6 -2.902648005965334e-6 -7.599191859087626e-6 -6.381017663980801e-6 2.661190122328279e-6 1.1428866806344656e-5 9.72220221222679e-6 3.4029069737888908e-6 -1.2007639676854096e-5 -8.138404540609174e-6 -7.0633993056494425e-6 2.0067653409393906e-5 6.901532315633683e-6 2.6229853461235317e-5 -2.740675005423942e-5 3.343259324363372e-5 0.0001031406568578148 -7.786659565815494e-5 5.1998654727057935e-5 -3.403721336918542e-5 2.842582006803613e-5 -2.061873280445527e-5 1.572775210586601e-5 -1.3346038815245989e-5 7.754600700227367e-6 -8.35921965916943e-6 3.2053100360234916e-6 -4.244599778549125e-6 1.1201676880769315e-6 -1.1400526306937708e-6 4.541503079754737e-7 8.521643382271542e-7 -1.5382124892038686e-7 2.263931796315885e-6 -1.6756263471157962e-6 3.6372889527157535e-6 -3.8085071184794145e-6 4.090403234464503e-6 -1.5862531282401078e-6 1.1145102832866544e-6 6.153697225525529e-6 -2.067942786909054e-6 7.380172846425612e-6 -7.931750345747306e-6 -1.9234065728008864e-6 -8.282662467639354e-6 1.4264525529868762e-6 2.903703522598139e-6 4.578969143699634e-6 -2.902648057228503e-6 -7.599191820860855e-6 -6.3810176895764505e-6 2.661190119518581e-6 1.1428866827248176e-5 9.722202184187469e-6 3.402907008511282e-6 -1.2007639725311658e-5 -8.138404472243446e-6 -7.063399377647279e-6 2.0067653481980974e-5 6.901532232340206e-6 2.6229853559847835e-5 -2.7406750136296353e-5 3.343259329562995e-5 0.00010314065690035469 -7.786659568013733e-5 5.199865471975385e-5 -3.403721334150548e-5 2.8425820032448778e-5 -2.0618732771153985e-5 1.5727752079874686e-5 -1.3346038794673134e-5 7.754600685585078e-6 -8.359219652370712e-6 3.2053100281549918e-6 -4.244599764010131e-6 1.1201676750597705e-6 -1.1400526235429065e-6 4.5415029151241853e-7 8.521643710637494e-7 -1.5382129996432174e-7 2.263931879409798e-6 -1.6756264538771505e-6 3.637289054645929e-6 -3.8085071965074383e-6 4.090403279546035e-6 -1.5862531576134608e-6 1.1145103138352483e-6 0.0029738177388633504 0.006560109827293649 0.010166099650859918 0.009500018617930287 0.011255674297820638 0.00953664122932497 0.007531951761621692 0.0024444811469244007 -0.0041155598833866455 -0.012392282055667045 -0.02134766700720453 -0.029107780390802005 -0.035902181857853085 -0.03741639348180143 -0.03768125679414654 -0.02894567249743835 -0.0220851056256435 -0.004216872018326067 0.004206397671559953 0.02523702674239035 0.025317279901937127 0.04250057812266191 0.027770243656779662 0.06434293163478921 -0.0019766385899616353 0.01604301592591777 0.03312915570518376 0.03661834714179946 0.05658558160144204 0.06556490657266663 0.06597164391143186 0.05109958167558214 0.02109130535026252 -0.023655717471678023 -0.07622152268416077 -0.13161907345215265 -0.17818201867749142 -0.20791167253335627 -0.2137796703661626 -0.18847198646157134 -0.13817096274885182 -0.060388370694466856 0.024232483214949804 0.11003747251538279 0.19066107792361592 0.1949958104525542 0.22425580111232812 0.12055254247674205 -0.01066717827053483 -0.013731440183967427 0.01463849549888719 0.06066937783477654 0.11520784070151645 0.16572561234392091 0.18957087085960145 0.17739683015538366 0.12242266813698476 0.0258162897811966 -0.10040747433141424 -0.24055269176096652 -0.36872630651605004 -0.46298936412033925 -0.4989580779096764 -0.4661733000757158 -0.3585158457181381 -0.1914556162493954 0.01762409265319306 0.22367296722837818 0.4170582741103285 0.4918630570942396 0.48970738464242103 0.19225238946383003 -0.026828035367355146 -0.07303241071409254 -0.05143606221471322 0.04369913887486902 0.13933008656478224 0.23833822786274372 0.3023939865592612 0.31299628799789836 0.25667221752571895 0.13305761524268583 -0.045223692437984186 -0.25248964121593437 -0.4549910059459519 -0.6141860541419533 -0.6965824056212198 -0.6777743210241404 -0.5505118469694448 -0.3276821819271547 -0.03790272921926519 0.2653546742843733 0.5283294386639381 0.701156889242804 0.644613438258258 0.228055240582384 -0.03186354243438158 -0.1118563111863122 -0.10337479696776311 0.0003741296562076098 0.11086778751164321 0.22617279734962295 0.31232513743530343 0.34467605708565785 0.3088534562365254 0.20079129982120286 0.0318286196386721 -0.1736707233611342 -0.3819025007827914 -0.5543993013875065 -0.6558863884540965 -0.6600563320367353 -0.5577723236280965 -0.3567874100285019 -0.08903930170226512 0.20791002915705023 0.4488343329111958 0.6397760708143543 0.6092952148103681 0.22666491382108866 -0.024603482212584876 -0.08326735855111608 -0.0767972313703781 -0.006157505943151878 0.08041219753889647 0.16609144102662363 0.2304513612227736 0.25463135792176844 0.2268115360407313 0.1466388079959659 0.022632223778549357 -0.12579278547915707 -0.27340599189182296 -0.39307314272743593 -0.4604897425280631 -0.4594590864243689 -0.38396837284880836 -0.24311252228235553 -0.0583038063724612 0.1423594508486115 0.30452464323048384 0.4002593182560151 0.423871034696802 0.18982658085215312 -0.0023427327013035007 0.006293936795208942 0.03343472051387417 0.05928837409826444 0.10543218901770104 0.13462094715895642 0.14380009815341138 0.12082719054854696 0.06560307798890128 -0.016794936404096777 -0.11291791244303359 -0.20672036245868844 -0.2802760530693373 -0.31931546919669324 -0.3148751000989039 -0.2658602336591278 -0.1786080142168276 -0.06534267860094428 0.05373943033285417 0.1605033712438005 0.2399508632393512 0.2180600991952816 0.26852497085241706 0.15908743609129555 0.020404234098355088 0.0980530238137253 0.14699479005386387 0.16579034208713628 0.18770864703005086 0.18013857373503464 0.13894543969435252 0.061037499293340826 -0.04739098289699369 -0.17100968715142398 -0.2899273854844343 -0.3822757425999054 -0.43020647331618045 -0.4226233464734897 -0.3588769883142704 -0.24788908816423275 -0.10783805473833309 0.03972078073875752 0.1708773676486272 0.2590214482523727 0.3227508724893493 0.23999798123604285 0.275911985114712 0.1530514075770851 0.03498387581126813 0.12555777893248882 0.1771799907352073 0.23444193424142123 0.263187738454644 0.26382898040853087 0.21357114195529917 0.11329896583154492 -0.03060854855717948 -0.19972047860207567 -0.3681483448425379 -0.5070386402666424 -0.5906571166037178 -0.6013816349054605 -0.5337452280035252 -0.39584315389859764 -0.20791749094219916 0.0007389539288043722 0.199918777585299 0.3489152647328562 0.45762445055600304 0.42320445099754583 0.40397829227164306 0.1709308905735779 0.04170366959605185 0.09431487831834469 0.11948984216158817 0.22129086777377613 0.2662041691647653 0.2960170799582407 0.272997227025891 0.19530992019284135 0.06419671270009991 -0.10727958271575837 -0.29589417236370985 -0.47240822383839104 -0.6057874725555847 -0.6702724637085052 -0.6493609080588286 -0.5408227208573444 -0.3569148981620338 -0.12380721585642791 0.12423624748518902 0.34386910548907734 0.5091149852487145 0.5680012661870478 0.5143447855323986 0.18417545365079208 0.05537307942126349 0.08099620080869406 0.07134323901793489 0.16469813716958856 0.1972951164166133 0.2244826225199 0.21949670213710817 0.17726352999912834 0.09521978011568244 -0.02380085423461026 -0.16799183101980117 -0.31852409715436847 -0.4512976067878909 -0.5411979909077391 -0.5670938950742913 -0.5164633261820242 -0.3896696612227613 -0.20080686920613852 0.022836143342134768 0.24611363558334196 0.42026035358396735 0.5342077604041202 0.48937357432318807 0.17233794147579085 0.08754675839601325 0.16501056280133125 0.14397024168042527 0.15868321055504478 0.1307171794189796 0.09052132523575895 0.04821593036835568 0.003814514577798325 -0.041887740039919845 -0.09141234741954345 -0.14656137396014934 -0.2053994656992956 -0.2617764502477451 -0.3051177638689293 -0.32282515516480925 -0.30324797177335316 -0.23985194035249333 -0.13468297117751635 -0.00013796610078756495 0.14620977891237658 0.26178418085243155 0.3424875976873147 0.3371129498742085 0.1336491309253044 0.133649130925547 0.3371129498822 0.3424875976786977 0.2617841808306979 0.14620977888286943 -0.00013796607960715634 -0.1346829711938282 -0.23985194034994753 -0.30324797175515034 -0.322825155158404 -0.30511776387533146 -0.2617764502539317 -0.20539946574164566 -0.14656137398085328 -0.09141234744397905 -0.04188774007103715 0.003814514628281461 0.048215930345373546 0.09052132532650678 0.13071717942255473 0.15868321064771726 0.14397024167540043 0.16501056276124357 0.08754675837950048 0.172337941458423 0.48937357428358336 0.534207760320102 0.42026035366039943 0.24611363557102672 0.022836143439586874 -0.20080686917917798 -0.38966966121485425 -0.5164633261463828 -0.5670938951125865 -0.54119799094911 -0.45129760684522163 -0.31852409721013386 -0.16799183109406152 -0.02380085424872677 0.09521978009052225 0.17726353005484405 0.21949670219607553 0.22448262259173182 0.19729511645607856 0.16469813723153542 0.07134323902196546 0.08099620076468206 0.055373079409367615 0.1841754536355383 0.5143447854045177 0.5680012660928531 0.5091149852721878 0.3438691055754706 0.12423624753862451 -0.12380721571333118 -0.35691489814198574 -0.5408227208256138 -0.6493609081342602 -0.6702724638023364 -0.6057874726357624 -0.47240822392180165 -0.29589417241079363 -0.10727958271689494 0.06419671273731188 0.19530992025396005 0.27299722714987584 0.2960170799849496 0.26620416923733886 0.22129086777218854 0.11948984216047691 0.0943148782943326 0.04170366956437798 0.17093089054093497 0.4039782921512141 0.4232044508916602 0.4576244505592405 0.3489152647863063 0.19991877769651165 0.0007389540490654536 -0.20791749090401807 -0.3958431539184671 -0.5337452280756401 -0.6013816350041998 -0.5906571166641116 -0.5070386403595778 -0.36814834482898895 -0.1997204785840322 -0.03060854840904182 0.11329896588871989 0.21357114205292307 0.26382898046278036 0.26318773847007015 0.2344419342352233 0.17717999070326806 0.12555777885749547 0.034983875799934505 0.15305140754760285 0.2759119850084766 0.23999798118613175 0.32275087243805495 0.25902144831601476 0.17087736774938173 0.03972078079705309 -0.10783805469303545 -0.24788908817028368 -0.3588769884080468 -0.4226233465161655 -0.43020647340133994 -0.38227574263424074 -0.28992738550030955 -0.17100968702434374 -0.04739098280382938 0.06103749941307705 0.13894543975035586 0.18013857382764592 0.18770864700450798 0.16579034209081964 0.14699478996823423 0.09805302375031603 0.020404234058173126 0.15908743603544412 0.2685249707847923 0.2180600991677094 0.23995086322607 0.1605033712720035 0.05373943040136639 -0.06534267850878123 -0.17860801420439568 -0.265860233644023 -0.314875100157499 -0.31931546923372395 -0.2802760531481225 -0.20672036253069304 -0.11291791242711788 -0.016794936371106132 0.06560307805020783 0.12082719063221681 0.14380009822203987 0.13462094721543383 0.10543218904845218 0.05928837407163627 0.033434720478611804 0.006293936724616502 -0.0023427327372728284 0.18982658082476145 0.42387103464024734 0.4002593182548413 0.30452464321574174 0.14235945087129429 -0.058303806310565476 -0.24311252222378507 -0.38396837278716844 -0.4594590863996852 -0.46048974251016267 -0.3930731427823753 -0.273405991948568 -0.12579278554798942 0.022632223733364598 0.1466388079690205 0.22681153601549714 0.2546313579182458 0.2304513612709817 0.1660914410613615 0.0804121976219161 -0.0061575059194189635 -0.07679723136819933 -0.08326735858069596 -0.024603482223221118 0.22666491377077258 0.6092952147683667 0.6397760707992121 0.4488343329083546 0.20791002914741202 -0.08903930167627705 -0.35678740995194586 -0.5577723235624622 -0.6600563319710016 -0.6558863884525437 -0.5543993013890657 -0.3819025008407871 -0.17367072341068035 0.03182861956799034 0.20079129973155388 0.30885345613314025 0.34467605705517795 0.3123251374179651 0.2261727973788112 0.11086778759961066 0.00037412973687313847 -0.10337479688775592 -0.11185631115799215 -0.03186354244117099 0.22805524055322085 0.6446134381882013 0.7011568892418883 0.5283294386766969 0.2653546742641532 -0.03790272919100394 -0.3276821819166878 -0.5505118468934107 -0.6777743209843461 -0.6965824055804389 -0.6141860541409885 -0.4549910059483573 -0.2524896412643962 -0.04522369249008574 0.13305761513582468 0.2566722174357987 0.3129962879379563 0.3023939865342043 0.23833822785749378 0.13933008659940513 0.04369913897820579 -0.05143606211345092 -0.07303241063579144 -0.0268280353559611 0.1922523894022509 0.48970738460333646 0.4918630570973031 0.4170582741064095 0.2236729672287607 0.017624092645748074 -0.191455616250385 -0.3585158456917731 -0.46617330004745394 -0.49895807788026053 -0.46298936409196095 -0.3687263065197597 -0.24055269176478156 -0.10040747437166658 0.025816289748476072 0.12242266806881807 0.1773968301180402 0.18957087083005314 0.16572561233975683 0.11520784072102706 0.060669377871761354 0.014638495610050317 -0.01373144014642159 -0.010667178274203345 0.12055254246759017 0.2242558010900818 0.19499581046099948 0.19066107790858472 0.11003747252172015 0.024232483205391935 -0.06038837070191066 -0.13817096275684407 -0.18847198644261873 -0.2137796703605471 -0.20791167252406537 -0.17818201865601935 -0.13161907345230894 -0.07622152269794771 -0.023655717467611716 0.021091305320886336 0.05109958166385726 0.06597164387277026 0.06556490661083766 0.05658558159997592 0.03661834718434735 0.03312915571121895 0.01604301593611099 -0.0019766385927190845 0.06434293161678699 0.027770243654819574 0.042500578120728105 0.02531727989075364 0.02523702674691275 0.004206397663572711 -0.004216872014574155 -0.02208510562674334 -0.02894567248984534 -0.037681256789269216 -0.03741639347991783 -0.03590218186154629 -0.029107780385242213 -0.02134766700243168 -0.012392282054147736 -0.004115559893106882 0.0024444811480991307 0.007531951746076378 0.009536641257674042 0.01125567428327431 0.009500018638722317 0.010166099649161361 0.006560109825147036 0.0029738177246979667
</DataArray>
        <DataArray type="Float64" Name="Mode_19_w" NumberOfComponents="1" format="ascii">
 -1.3442740873994177e-6 -3.132854783964158e-8 1.3442740869241636e-6 3.132854611267481e-8 2.28433679089538e-6 -3.890613641716968e-6 -1.455234130393795e-6 -2.3256026135561033e-6 -6.322135119045817e-7 1.9175483539768543e-8 1.9175483539768543e-8 -2.374147781590906e-7 -1.2524656546256533e-6 -2.3641938232507983e-6 -1.3437617858440123e-6 6.283566932356144e-7 1.6170622694779267e-6 6.554856566952464e-7 -5.357633742518874e-7 -7.763761408388889e-7 3.859726648045521e-8 1.3346589827287782e-6 1.3346589827287782e-6 1.8731226699623424e-6 2.2177786931188157e-6 3.194832807043858e-7 -3.0387278487972786e-7 -1.1925224705817566e-6 6.841193318411724e-7 -1.5539558440323736e-7 -2.8100894865182393e-7 -1.305543241413989e-6 -8.932041194254095e-7 -5.58064504614952e-7 -5.58064504614952e-7 1.797160030703592e-7 5.938284732575876e-7 8.744108082632772e-7 9.761544714642695e-7 8.928385370343689e-7 7.376376202349988e-7 4.182484367269676e-7 2.6140445534814596e-7 -2.396321665368952e-7 -7.787810033539947e-7 -1.3743161464269356e-6 -1.3743161464269356e-6 -2.0871502102963507e-6 -7.771477895969285e-7 -2.0180068659578983e-6 1.828886564437029e-6 -2.940783837841009e-6 -2.2843367891972907e-6 3.890613641840016e-6 1.4552341296636803e-6 2.325602613444128e-6 6.322135098406784e-7 -1.917548382651307e-8 -1.917548382651307e-8 2.3741477953006803e-7 1.2524656557263508e-6 2.364193824012331e-6 1.3437617873583978e-6 -6.283566939923202e-7 -1.6170622690020163e-6 -6.554856596001755e-7 5.357633741530596e-7 7.763761405684463e-7 -3.859726619881297e-8 -1.3346589815777987e-6 -1.3346589815777987e-6 -1.873122669006266e-6 -2.2177786919522963e-6 -3.1948328211103564e-7 3.038727865068612e-7 1.1925224715174553e-6 -6.841193320691453e-7 1.5539558450655347e-7 2.810089476528758e-7 1.305543242434532e-6 8.93204117257465e-7 5.58064506998336e-7 5.58064506998336e-7 -1.79716003467364e-7 -5.93828474412018e-7 -8.744108066481586e-7 -9.761544723666764e-7 -8.928385360831833e-7 -7.376376211645051e-7 -4.18248435656545e-7 -2.614044583006153e-7 2.396321695191738e-7 7.787810007226522e-7 1.374316147899783e-6 1.374316147899783e-6 2.087150208941385e-6 7.771477908529814e-7 2.0180068666435105e-6 -1.828886566659172e-6 2.940783838449388e-6 -0.0007644101988187191 -0.0017645451481617257 -0.0020524716544482982 -0.0024042368476797273 -0.002347119853825455 -0.0017756244608815616 -0.0017756244608815616 -0.0008959095331774762 0.0003150351830778527 0.0015517119868486765 0.0027357790610817263 0.0036453367716581873 0.004221461787448129 0.004420745075085019 0.004270246160330727 0.003864696636780713 0.0032790184744899476 0.0026421109463837028 0.0026421109463837028 0.0019889454154202258 0.0014068270514340155 0.0007853421234607461 0.0003080855958549208 1.6713209845940792e-5 -0.0022286804379197615 -0.011975511574657689 -0.0201175971609391 -0.02551792263553072 -0.026700619406303583 -0.022847572548046015 -0.022847572548046015 -0.014587267584071993 -0.0032501429445510044 0.00934944694994927 0.021084969287499665 0.03022845260322114 0.03544999060584422 0.03640979947035811 0.03349746778415186 0.027851172633093127 0.020888404305447382 0.014083171502591713 0.014083171502591713 0.008494843539084725 0.004691062050336577 0.0023568888670269256 0.00024833564845491387 -0.000157807715193632 -0.0027546463121498038 -0.02162129319338431 -0.04613682143941147 -0.06312085375733834 -0.07028767812022377 -0.06499232737260816 -0.06499232737260816 -0.048030136201395436 -0.02241022215121771 0.007261092826446811 0.035614364823198096 0.057600877222521774 0.06961859495685267 0.07023116046797331 0.06061045555862756 0.0439180146925545 0.024591008860232185 0.00719510244816528 0.00719510244816528 -0.0047608971039765765 -0.00966274637020036 -0.008245836872767191 -0.004747616552631482 -0.0006407476348368774 -0.0028109806721393405 -0.02321289585137853 -0.05159173981180035 -0.0748737341786787 -0.0866079863166947 -0.08413624112503999 -0.08413624112503999 -0.06692487173630782 -0.03813672580007482 -0.0032128152120130082 0.031151379117126645 0.05827783154259816 0.07302250117230273 0.07305879827894812 0.059428450045060206 0.036267551272968164 0.009621486252068271 -0.013855353895237376 -0.013855353895237376 -0.028675030210901346 -0.032258085191067855 -0.024893062150145688 -0.011447120676477946 -0.001336203742608681 -0.0023746594730869627 -0.01739852560041346 -0.03561491384529626 -0.05368569650908861 -0.06428789515420719 -0.06463967143613282 -0.06463967143613282 -0.053992510030400426 -0.03397814355021591 -0.00860126998872558 0.016977528859742252 0.03743828337702202 0.048392335776233614 0.047593387604158335 0.035563157307336994 0.015447043981380092 -0.007639161696857729 -0.027904179305554513 -0.027904179305554513 -0.040122336476123274 -0.04140073382653495 -0.032011710218770126 -0.014393612110378304 -0.001653547588509791 -0.002012111413607784 -0.011323755673286444 -0.018001428245553883 -0.026644205955117423 -0.03181460295224899 -0.03193919901927933 -0.03193919901927933 -0.02648317197349705 -0.016476354057091958 -0.0038921143064431967 0.00872268944545674 0.01882134982312424 0.024402684147351177 0.02434311219123396 0.018764316446025456 0.00897606176851287 -0.00276878569244122 -0.013673125001300477 -0.013673125001300477 -0.021022975419557777 -0.022848048755881072 -0.019109398703343293 -0.009481091257026236 -0.001317627340920731 -0.002012111413607784 -0.011323755673286444 -0.018001428245553883 -0.026644205955117423 -0.03181460295224899 -0.03193919901927933 -0.03193919901927933 -0.02648317197349705 -0.016476354057091958 -0.0038921143064431967 0.00872268944545674 0.01882134982312424 0.024402684147351177 0.02434311219123396 0.018764316446025456 0.00897606176851287 -0.00276878569244122 -0.013673125001300477 -0.013673125001300477 -0.021022975419557777 -0.022848048755881072 -0.019109398703343293 -0.009481091257026236 -0.001317627340920731 -0.002342970772041958 -0.01262935668312539 -0.0200368009996086 -0.02615194145541664 -0.028358000371243874 -0.025485104574109154 -0.025485104574109154 -0.018549006566859535 -0.00904811937314094 0.0009719564851742485 0.009955322906179261 0.01692769761254574 0.021586765685545864 0.024174437139701486 0.02505243360631216 0.024529340096345862 0.022745390658268937 0.0196931646889472 0.0196931646889472 0.015456984671490943 0.010518069718298282 0.004931023691516137 8.551527908202807e-5 -0.0004155018045061259 -0.0027709100302399313 -0.01926472458201523 -0.03865341699877049 -0.051761721446646744 -0.05693137067960384 -0.05254377606547602 -0.05254377606547602 -0.040275692091445416 -0.023220660677307596 -0.004837304615067911 0.011735292992847248 0.024621854257534916 0.03325682827221489 0.038213875542921126 0.04061327871021525 0.04138321543879174 0.04092520316610838 0.03902294218758853 0.03902294218758853 0.03489588841741059 0.0281042340314323 0.018718419302566895 0.006164512066622567 0.0003416015332588256 -0.0026601999802681824 -0.021990270996299213 -0.049583098183135124 -0.07041974194075307 -0.08109163335691308 -0.07930938637163736 -0.07930938637163736 -0.06574087688097725 -0.0437260755577886 -0.01783932765744523 0.0071372463701532135 0.027197147330360612 0.04004079298114106 0.04531425782926276 0.04434179407718934 0.03936210498724959 0.03264282815102946 0.025993103915528625 0.025993103915528625 0.020217081934249603 0.015092681946437687 0.010616525922596941 0.004139038410316362 0.0004890602336626622 -0.0016504958676812097 -0.015165602636579985 -0.035853339178022844 -0.055226852522888274 -0.0678711792327911 -0.07131915925280083 -0.07131915925280083 -0.06426712603617611 -0.04797770940309519 -0.025714271965594466 -0.0018884550933927883 0.018857351389197655 0.032696702450714876 0.037686948455542775 0.034127420316434245 0.0243093024009291 0.011695328934523979 -2.6024098756955704e-5 -2.6024098756955704e-5 -0.007820460343886726 -0.010410259147039263 -0.007664387804574374 -0.0022127462729354284 0.00011989068408218638 -0.0004843328720363445 -0.002940988631411645 -0.005872902425532925 -0.014218470566655343 -0.02338211660473744 -0.03123970073338538 -0.03123970073338538 -0.0350524200822963 -0.03295385736403741 -0.02470610194500105 -0.011791921778844493 0.0028863754663283124 0.015716428507600286 0.02346113034779048 0.024370544153840892 0.0186441082776903 0.008381852418754747 -0.0031031855244419326 -0.0031031855244419326 -0.012125563436422558 -0.015982349312646343 -0.013517186666584004 -0.004297167688243097 -6.581608440061235e-5 6.581608360540219e-5 0.004297167683006192 0.013517186654808963 0.015982349301915517 0.012125563428101532 0.003103185523533179 0.003103185523533179 -0.0083818524111553 -0.018644108268867123 -0.024370544146758676 -0.023461130329153528 -0.01571642849465723 -0.0028863754711742403 0.011791921779048042 0.02470610194491431 0.032953857358552774 0.03505242008073656 0.031239700740265573 0.031239700740265573 0.023382116612957773 0.014218470574625658 0.00587290242965452 0.0029409886306479447 0.0004843328718442152 -0.0001198906856071634 0.002212746261613834 0.007664387784844346 0.010410259120904215 0.007820460325316685 2.6024091011795275e-5 2.6024091011795275e-5 -0.011695328930872915 -0.02430930238025896 -0.034127420289441844 -0.03768694843738305 -0.032696702430176305 -0.018857351380517393 0.0018884550785326908 0.02571427194888562 0.047977709391023686 0.06426712603021247 0.07131915925706285 0.07131915925706285 0.06787117924870165 0.05522685254247788 0.035853339192970464 0.01516560264410337 0.001650495868456854 -0.0004890602344991984 -0.00413903841956552 -0.010616525944047989 -0.015092681969746191 -0.020217081955763494 -0.025993103920356725 -0.025993103920356725 -0.03264282814201926 -0.03936210497051107 -0.04434179404622958 -0.04531425779894065 -0.04004079297172133 -0.027197147327789304 -0.0071372463788809395 0.017839327636039213 0.04372607554011517 0.06574087687457239 0.07930938637816991 0.07930938637816991 0.08109163336906343 0.07041974195958418 0.04958309820122259 0.021990271004081727 0.0026601999812708023 -0.00034160153372612127 -0.006164512070995016 -0.018718419313272554 -0.028104234044475544 -0.034895888425314756 -0.03902294218986959 -0.03902294218986959 -0.04092520315491954 -0.04138321541810108 -0.040613278693347875 -0.03821387552200376 -0.03325682825771011 -0.02462185426375348 -0.01173529300081972 0.004837304600590629 0.023220660663154518 0.04027569208454808 0.05254377606817307 0.05254377606817307 0.05693137069378925 0.05176172146133334 0.038653417010926 0.01926472458806096 0.0027709100311404905 0.00041550180461933853 -8.551527700955582e-5 -0.00493102368804227 -0.01051806971653653 -0.015456984669432558 -0.019693164681132507 -0.019693164681132507 -0.022745390652873503 -0.024529340089471947 -0.02505243359562239 -0.024174437138893935 -0.02158676568452321 -0.016927697612522725 -0.009955322914823062 -0.0009719564899511325 0.009048119368528566 0.018549006565885057 0.02548510457800959 0.02548510457800959 0.028358000376762272 0.026151941463247307 0.020036801005833146 0.012629356685371218 0.0023429707724408545 0.0013176273414558155 0.009481091261516129 0.019109398712305638 0.022848048767690487 0.021022975429969212 0.013673125007466393 0.013673125007466393 0.0027687856962797797 -0.008976061773700316 -0.01876431645371658 -0.024343112196131007 -0.024402684157182462 -0.018821349825826086 -0.008722689442357176 0.0038921143088307595 0.016476354064301684 0.026483171977357455 0.03193919902278995 0.03193919902278995 0.031814602954139695 0.026644205952905266 0.018001428243730546 0.011323755672583756 0.002012111413568504 0.0013176273414558155 0.009481091261516129 0.019109398712305638 0.022848048767690487 0.021022975429969212 0.013673125007466393 0.013673125007466393 0.0027687856962797797 -0.008976061773700316 -0.01876431645371658 -0.024343112196131007 -0.024402684157182462 -0.018821349825826086 -0.008722689442357176 0.0038921143088307595 0.016476354064301684 0.026483171977357455 0.03193919902278995 0.03193919902278995 0.031814602954139695 0.026644205952905266 0.018001428243730546 0.011323755672583756 0.002012111413568504 0.0016535475891781303 0.014393612115046828 0.03201171022795426 0.04140073383834857 0.04012233648797463 0.02790417931183086 0.02790417931183086 0.007639161694080326 -0.015447043988170758 -0.03556315732093906 -0.04759338761522333 -0.04839233577956058 -0.03743828337710855 -0.016977528850298722 0.008601270002787799 0.03397814356051831 0.053992510039195675 0.06463967143595276 0.06463967143595276 0.0642878951498426 0.05368569650049707 0.03561491383594233 0.017398525595630474 0.0023746594723598954 0.0013362037431793815 0.011447120680383489 0.02489306215878976 0.03225808520055939 0.02867503021840016 0.013855353899485962 0.013855353899485962 -0.009621486253398011 -0.03626755128158521 -0.059428450052272666 -0.07305879828680775 -0.07302250117181333 -0.05827783153519351 -0.031151379105719846 0.0032128152264328733 0.03813672581310318 0.06692487174100664 0.0841362411241586 0.0841362411241586 0.08660798630684705 0.07487373416636296 0.05159173979980322 0.023212895844835223 0.002810980671240644 0.000640747635342829 0.0047476165559667965 0.008245836877513494 0.009662746376864444 0.004760897109359032 -0.007195102445362011 -0.007195102445362011 -0.024591008859695784 -0.04391801469496261 -0.06061045556269766 -0.07023116046841928 -0.06961859495525721 -0.057600877215267896 -0.035614364813076976 -0.007261092817620615 0.022410222158191696 0.04803013620458671 0.06499232736764618 0.06499232736764618 0.07028767811247201 0.0631208537468965 0.046136821430881624 0.021621293187286623 0.0027546463111507236 0.00015780771558465925 -0.0002483356474106648 -0.002356888865086426 -0.004691062047838291 -0.008494843535776229 -0.014083171500376586 -0.014083171500376586 -0.020888404303372146 -0.027851172631676045 -0.03349746778279437 -0.03640979946896816 -0.03544999060333539 -0.030228452601071758 -0.021084969284321423 -0.009349446947878957 0.0032501429449466415 0.014587267583111605 0.022847572545607882 0.022847572545607882 0.026700619400620577 0.025517922629732438 0.020117597154872092 0.011975511571350368 0.0022286804372082004 -1.6713209893798672e-5 -0.00030808559582778017 -0.0007853421235294598 -0.0014068270509805113 -0.0019889454154162047 -0.0026421109457039856 -0.0026421109457039856 -0.0032790184741884974 -0.003864696636377538 -0.004270246159975266 -0.004420745074602386 -0.0042214617872130804 -0.0036453367715247667 -0.0027357790607738944 -0.0015517119870865194 -0.0003150351830505068 0.0008959095326681664 0.0017756244606159776 0.0017756244606159776 0.0023471198529856747 0.0024042368469479537 0.002052471653542152 0.0017645451475925386 0.0007644101986297397
</DataArray>
        <DataArray type="Float64" Name="Mode_19_phi1" NumberOfComponents="1" format="ascii">
 -4.943123249169087e-6 -3.3468447217051784e-7 -4.943123242283871e-6 -3.34684473779821e-7 -5.9601621440828234e-5 3.248250121322529e-5 -2.613161005218847e-5 1.6529176110152778e-5 -5.477552828353357e-6 1.587961305424024e-5 -8.850545500440202e-6 -1.4273651206403476e-6 -9.993553866746987e-6 3.908265124428391e-6 5.22968632300011e-6 9.066651071258075e-6 -1.1365740590890832e-6 -4.168556866093152e-6 -9.356913756765555e-6 1.9983041950467583e-7 2.0537247100820423e-6 1.0384601673500211e-5 -6.701141828449693e-7 2.453282483753705e-6 -1.1011659157894708e-5 4.453100584930427e-6 -1.2231828147773668e-5 1.563155836165024e-5 -7.087846037472348e-6 -1.112226346861317e-6 -2.4887070859979435e-6 -1.659506705125706e-6 -2.4124732251368093e-6 -1.7364943982156173e-6 8.119740691148269e-8 2.2134582333280966e-6 5.17542511346863e-6 7.23020007427405e-6 9.400585203979325e-6 8.849794486103248e-6 9.312897794304932e-6 4.276805835117822e-6 4.5061844661485394e-6 -5.294300922813503e-6 -1.213291905992012e-6 -1.5705878570851266e-5 -1.3656189661513047e-6 -2.450527130652008e-5 1.2001519547441104e-5 -3.408750470179264e-5 3.861326629906733e-5 -3.2989461893757385e-5 -5.960162143629437e-5 3.2482501210661406e-5 -2.6131610033122837e-5 1.6529176084529513e-5 -5.477552794268738e-6 1.5879613017204325e-5 -8.850545477007923e-6 -1.4273651393443597e-6 -9.99355384988287e-6 3.908265107278378e-6 5.229686329170024e-6 9.0666510875701e-6 -1.1365740832844415e-6 -4.168556821201502e-6 -9.356913807724061e-6 1.9983045347035976e-7 2.053724688768447e-6 1.0384601677077331e-5 -6.701141798373031e-7 2.4532824795770903e-6 -1.1011659143953039e-5 4.4531005671253785e-6 -1.2231828139738927e-5 1.563155836862163e-5 -7.087846020158169e-6 -1.1122263715275562e-6 -2.4887070494618956e-6 -1.659506751091504e-6 -2.4124731622931204e-6 -1.7364944592737049e-6 8.11974513613188e-8 2.2134582099569647e-6 5.1754251178777396e-6 7.230200087425172e-6 9.40058516213801e-6 8.849794561667152e-6 9.312897711551444e-6 4.276805909389105e-6 4.506184429360829e-6 -5.294300910258468e-6 -1.213291912946432e-6 -1.5705878557190868e-5 -1.365618982396993e-6 -2.4505271295778875e-5 1.2001519536870001e-5 -3.4087504723731025e-5 3.8613266329681946e-5 -3.298946190973491e-5 -0.04652228606581055 -0.08136930943722266 -0.14743278926453912 -0.18059718566248917 -0.2027006213208702 -0.18620171963921872 -0.14468250627412862 -0.07306607532445908 0.012651096881614891 0.10628474863361416 0.1924561462600586 0.26326840821865255 0.3099437120044129 0.33019458281467057 0.32447271281953316 0.297571478950364 0.2560942962159651 0.20777337578842958 0.15917131870223672 0.11515037635102936 0.07757365396215282 0.045947746876914865 0.02065732175900828 0.0029198688299103327 -0.03205326524989815 -0.21843499356022736 -0.4377454741545449 -0.6408464071916389 -0.7368079198737979 -0.7331116332793403 -0.6109314570457163 -0.3946255302506145 -0.1117186801610368 0.19345297740402823 0.47742173436701146 0.6988872866678715 0.8297985643431285 0.8583588713688539 0.7906374750240461 0.6493690669373386 0.4672748552765717 0.2813975115806971 0.12389633944950924 0.015855398142739674 -0.034781103834831364 -0.04848704280092103 -0.040153187923646194 -0.012562081631828812 -0.02748881696942134 -0.1831409286140293 -0.46904965967364176 -0.729300226974111 -0.9005010933699843 -0.9462911916262133 -0.8614909018116629 -0.6535686225274376 -0.359492349558606 -0.02783612683135751 0.2838161826867833 0.5224006222158081 0.6487277066702662 0.6450347197866024 0.5202364134218163 0.3059889383261657 0.052512808512188265 -0.18465377326736365 -0.35531384010399863 -0.42735795398343907 -0.392288975765085 -0.2755511393298472 -0.12526927484544753 -0.01750268823585 -0.0028082364871354977 -0.01726566998550012 -0.04022875758494716 -0.09940324473944179 -0.1772462402027242 -0.2417031241505068 -0.2825709368674196 -0.28816268793159455 -0.2592095984407699 -0.2054024852047221 -0.14259874034554293 -0.09050633242876252 -0.06762707068682317 -0.08632734466378607 -0.14989446336465495 -0.24874096356549932 -0.3636075290471132 -0.46720655792776733 -0.5304116325398878 -0.5323640794309981 -0.46148560377429854 -0.30632502193444516 -0.12839722897742742 -0.01763843397411183 0.0093516817160568 0.12598637297601575 0.31808375745701767 0.4874900332352649 0.558264041539721 0.5487104302158904 0.4544431578674179 0.2911406288966688 0.08513789738245015 -0.13452021423713198 -0.33679134286624607 -0.49496965050064995 -0.5920720584273136 -0.6229875009845869 -0.5944581136225418 -0.5232082962577431 -0.42960784410712083 -0.33441003172197925 -0.2525477888182523 -0.18621643631514964 -0.14027081984279674 -0.08829258836140448 -0.033873387690770335 -0.0019608722847172765 0.01378209994282771 0.13590756585764033 0.3457878430981538 0.5567398190891932 0.6998396263598562 0.7513991101452737 0.6999620143613108 0.5484870793950753 0.3174284725869183 0.04652612375283319 -0.21669911340883874 -0.4235956452448669 -0.5346428767462552 -0.5298416738732393 -0.41327631884666044 -0.21293423677978954 0.024332622833659463 0.24474910603414557 0.3990146060127532 0.4558527976360057 0.4065461209538483 0.27290666274834097 0.11712920447575029 0.015583351388966809 -0.002038520326359797 -0.0018940193227597302 0.0073181640129192805 0.043826826027214036 0.10892332773493085 0.16621432035022995 0.20392694752489793 0.20239657109065742 0.15979052933379106 0.08338173874427128 -0.0036689396836149116 -0.07109641258882195 -0.08880841116472814 -0.03476963712225137 0.09572993319973928 0.2863216018850759 0.501608804951526 0.6932811703872336 0.8116474369250131 0.8199837581082536 0.7057275149659479 0.4681757834947729 0.1991640990327601 0.02728127614866253 -0.010057963425349531 -0.12738276777158647 -0.3235819883886211 -0.4967242926445997 -0.573936128381928 -0.5771622583973062 -0.5070083368221817 -0.3843281160465458 -0.23562256341055848 -0.0833773396704589 0.05202703876405689 0.16128691313369037 0.24479961427509042 0.3098339368745779 0.3668420499994283 0.4232426808626194 0.4789196286222277 0.5256865669188444 0.5476041150748394 0.5239330822135242 0.45044768371991756 0.3053659634973504 0.13283851534978702 0.019864769685992906 -0.005469165070843335 -0.1045151975301778 -0.2861647588605678 -0.47850899661331986 -0.6155138837182423 -0.6844070325585245 -0.6740604134880819 -0.5843823703966715 -0.43130299687906876 -0.24303752857507355 -0.05289581061168586 0.10407007753314751 0.2016437627408482 0.22783837255329573 0.18693128470025172 0.09816882179102313 -0.009954945381913657 -0.10728237298944629 -0.16873357650928245 -0.1842289119133908 -0.15112708059493335 -0.08929996072439313 -0.028379422435589212 0.003151715076967486 0.01540614820943498 0.05692364137685 0.0997287482705437 0.10119261765451405 0.047025622208552095 -0.031091596867689062 -0.11955116310539615 -0.18818795021445645 -0.2190345836368219 -0.20704875215903162 -0.16312394067959113 -0.11000596815815022 -0.07669715740132989 -0.08792442096714519 -0.15525397616791556 -0.27210575696727834 -0.4141773490350301 -0.5452568873432475 -0.62578244755121 -0.6249943286352997 -0.5311929759728403 -0.34177429749151134 -0.13448097079207572 -0.009927540632881341 0.031919935930811286 0.21623379922448907 0.4972148673536623 0.7286074148251912 0.8167368335054002 0.7793266720397286 0.6280035809431515 0.4048122387163674 0.1612382174406548 -0.05576980977946488 -0.21365072096892068 -0.30088674691810136 -0.3264534540354874 -0.3141984225030201 -0.2930011531097846 -0.2861196146588286 -0.3034846300220514 -0.3393063498571562 -0.3744398340895057 -0.3813287635169139 -0.3447851416597319 -0.22955125737425403 -0.08775406881208446 -0.004318863982222986 0.032232149311523045 0.22880059494202196 0.537625546943468 0.8234104449585626 0.9861701406451805 0.9999999998241788 0.8676415420378513 0.6183454435720036 0.30605902483648545 -0.005262573204284732 -0.25517531204740607 -0.3998678944510171 -0.42098416974678987 -0.32830768955212697 -0.1551660052472104 0.0508013982536866 0.24010335447987866 0.3724953903297812 0.42515106388591306 0.3991451311115883 0.304809632080175 0.1895131875594256 0.08257469491562713 0.01429162677051833 0.014291626755370842 0.08257469480503203 0.18951318726936398 0.3048096317178889 0.3991451307001718 0.4251510636273 0.372495390291258 0.2401033546301203 0.05080139850342266 -0.15516600489830365 -0.32830768922172643 -0.42098416955586954 -0.39986789452547966 -0.2551753123097164 -0.005262573517974416 0.30605902453872047 0.6183454433629206 0.8676415420333936 1.0 0.9861701409878587 0.82341044534515 0.5376255471929737 0.22880059507597478 0.03223214933717654 -0.0043188639985053375 -0.08775406889588235 -0.22955125747798436 -0.34478514188798576 -0.3813287636642965 -0.3744398342433803 -0.33930634994262276 -0.303484629940849 -0.2861196144002606 -0.29300115292899076 -0.31419842240458296 -0.3264534539103643 -0.3008867468361416 -0.21365072112830527 -0.05576981003127756 0.1612382172645879 0.40481223862919563 0.628003580879738 0.7793266721050864 0.8167368336032504 0.7286074149706825 0.49721486755154776 0.21623379933463155 0.0319199359482656 -0.009927540612473936 -0.13448097073219187 -0.3417742974593308 -0.5311929758455176 -0.6249943285889983 -0.6257824474335727 -0.545256887215209 -0.41417734903285697 -0.2721057569943169 -0.15525397607583719 -0.08792442095779326 -0.07669715758662243 -0.11000596828938188 -0.16312394063323873 -0.20704875213030186 -0.2190345836972554 -0.1881879502340024 -0.11955116306046755 -0.03109159694173402 0.04702562215619314 0.10119261764445614 0.09972874823941531 0.05692364134792008 0.015406148207644799 0.0031517150878156005 -0.028379422339442347 -0.08929996048171476 -0.15112708031920255 -0.18422891157733842 -0.16873357633915648 -0.10728237291575289 -0.00995494528851965 0.09816882165732982 0.18693128438415216 0.22783837238915572 0.20164376270039974 0.10407007744010711 -0.05289581061603576 -0.24303752846508467 -0.43130299672545536 -0.5843823703540382 -0.6740604135516759 -0.6844070325366974 -0.6155138837592047 -0.4785089967535845 -0.286164758974876 -0.10451519757434544 -0.005469165074638762 0.01986476970723382 0.13283851548698056 0.3053659637687107 0.45044768405135005 0.5239330824650253 0.547604115331301 0.5256865669616899 0.47891962837761554 0.4232426806303793 0.3668420497276198 0.30983393645155455 0.24479961402114772 0.16128691316048668 0.052027038831209106 -0.08337733949421158 -0.2356225631922704 -0.3843281158551747 -0.5070083367234023 -0.577162258506654 -0.5739361285739147 -0.4967242928030374 -0.32358198851863407 -0.1273827678507611 -0.010057963440158411 0.02728127616239199 0.19916409907649238 0.46817578359859613 0.7057275151460772 0.8199837583215234 0.8116474369667319 0.6932811703564601 0.5016088048239102 0.28632160155429714 0.09572993287256135 -0.03476963731102756 -0.08880841134582329 -0.07109641263732545 -0.003668939498934484 0.08338173896508565 0.15979052956732634 0.20239657125655794 0.20392694755948979 0.16621432031422187 0.10892332759450166 0.04382682581155107 0.007318163855019422 -0.0018940193793863579 -0.0020385203397267253 0.01558335139194178 0.11712920448752008 0.27290666275016245 0.4065461209673219 0.4558527976483432 0.39901460603740385 0.24474910595480132 0.024332622723109 -0.2129342368674739 -0.41327631898037115 -0.5298416739546797 -0.5346428766607892 -0.42359564513046577 -0.21669911326180677 0.04652612397936966 0.3174284727401306 0.548487079479744 0.6999620143767733 0.7513991100209022 0.6998396262125536 0.5567398189333602 0.34578784295293086 0.13590756577446447 0.013782099920075341 -0.001960872287423996 -0.033873387708145096 -0.08829258836391096 -0.14027081988139148 -0.1862164363858996 -0.25254778890295776 -0.33441003174606737 -0.4296078441116655 -0.5232082962507901 -0.5944581135303307 -0.622987500887918 -0.5920720583180216 -0.4949696503633513 -0.3367913427688521 -0.13452021420029137 0.08513789741815586 0.2911406288935884 0.45444315779060374 0.5487104301556474 0.5582640414099708 0.48749003314005923 0.3180837573892212 0.125986372941793 0.009351681716573764 -0.017638433980244915 -0.12839722898102157 -0.3063250219965281 -0.46148560385056125 -0.5323640794979027 -0.5304116325804386 -0.46720655792905214 -0.363607528993996 -0.24874096343948382 -0.14989446326100678 -0.08632734454207366 -0.06762707061546369 -0.0905063324085384 -0.1425987403586779 -0.20540248528106142 -0.2592095985499223 -0.288162688025858 -0.2825709369117691 -0.24170312422352258 -0.17724624016264093 -0.09940324469378553 -0.040228757526163963 -0.017265669977251468 -0.002808236489363377 -0.017502688232838508 -0.1252692748889198 -0.275551139399594 -0.3922889758465752 -0.4273579540486613 -0.3553138401302992 -0.18465377325700774 0.052512808604556295 0.3059889384226191 0.5202364135629313 0.6450347198613625 0.648727706671333 0.5224006221453309 0.28381618253261465 -0.02783612700484711 -0.35949234972879596 -0.653568622639608 -0.8614909018757806 -0.9462911915538424 -0.9005010933236269 -0.7293002268853933 -0.46904965962477957 -0.18314092857359535 -0.027488816956271374 -0.012562081638554915 -0.040153187964734244 -0.04848704285233766 -0.03478110390590806 0.015855398080608485 0.12389633938750513 0.28139751156431275 0.46727485525521567 0.649369066961869 0.7906374750153627 0.8583588713543946 0.8297985642987922 0.6988872865689159 0.4774217342759655 0.193452977308395 -0.11171868022935354 -0.3946255302760683 -0.6109314569947984 -0.7331116332147111 -0.7368079197377245 -0.640846407075777 -0.437745474045027 -0.21843499349505824 -0.03205326523414968 0.002919868821312576 0.020657321754534955 0.045947746861066584 0.07757365395027581 0.11515037631243069 0.15917131868941664 0.20777337575346194 0.25609429619225293 0.2975714789244175 0.3244727127948772 0.3301945827961154 0.30994371196688486 0.2632684082215051 0.19245614622995977 0.1062847486329353 0.012651096890550753 -0.07306607530716826 -0.14468250624780274 -0.18620171959177292 -0.20270062126676414 -0.18059718559645363 -0.14743278921022016 -0.08136930941997712 -0.04652228605415938
</DataArray>
        <DataArray type="Float64" Name="Mode_19_phi2" NumberOfComponents="1" format="ascii">
 -4.901887417770889e-6 -5.577305208875816e-7 -4.9018874147463875e-6 -5.577305168877728e-7 -2.7122722266780796e-5 3.5593909626945256e-5 -3.4102492587556986e-5 -9.541310658347444e-7 -1.9195139249996284e-5 1.1299854060013771e-5 7.888417101904844e-6 8.775949811050919e-6 -1.2484709382737047e-5 -1.567939061119738e-5 -1.0924859442758928e-5 7.77133197541043e-6 1.594111811565427e-5 1.2023448322666727e-5 -2.125704638785571e-6 -1.2999624883957332e-5 -1.2346196919435687e-5 -8.711181688927531e-8 1.2016604888477943e-5 1.4946829395817695e-5 6.9259209677854346e-6 -3.5429441517549496e-6 -5.395847859147004e-6 -7.677111131530264e-6 1.0571360350704197e-5 -1.0680580020676568e-5 5.900782703198267e-6 -4.983695649357182e-6 4.1102511730974275e-6 -3.7651941213246573e-6 1.6174349268958644e-6 -3.20129295397547e-6 3.8378727806476255e-7 -2.3006129070890265e-6 6.342468642639786e-7 -8.57489110547605e-7 1.986849109064013e-6 -1.3842500697168688e-8 3.9601695106779325e-6 -1.130476836901106e-6 6.045899113798368e-6 -4.540999670954651e-6 7.911725738911945e-6 -9.770376985844732e-6 1.0386421574977445e-5 -2.0334072992903682e-5 3.71906260223411e-5 -6.394767007951017e-5 -2.7122722254134537e-5 3.5593909620449346e-5 -3.41024926014596e-5 -9.541310439361647e-7 -1.9195139259228567e-5 1.129985408099823e-5 7.888417066734863e-6 8.775949860014541e-6 -1.248470944494696e-5 -1.567939055960004e-5 -1.0924859504394878e-5 7.771332001414713e-6 1.5941118107002475e-5 1.2023448333540165e-5 -2.1257046168439557e-6 -1.299962489821648e-5 -1.2346196895624828e-5 -8.711185392284311e-8 1.2016604915315518e-5 1.4946829359876298e-5 6.925921007737484e-6 -3.5429442039320665e-6 -5.395847813417302e-6 -7.677111157177412e-6 1.0571360338480358e-5 -1.0680580021704328e-5 5.900782724118745e-6 -4.983695692879727e-6 4.110251233172023e-6 -3.765194186885124e-6 1.617434978826898e-6 -3.2012929821224377e-6 3.837872940008955e-7 -2.300612922397749e-6 6.342468787820329e-7 -8.574891252618261e-7 1.98684913187622e-6 -1.3842544443498517e-8 3.960169573282088e-6 -1.1304769114883943e-6 6.045899196239654e-6 -4.540999761329813e-6 7.911725836411213e-6 -9.770377075372306e-6 1.0386421649185175e-5 -2.033407304877146e-5 3.719062606460334e-5 -6.394767011889825e-5 -0.04574596517827159 -0.025375215680229456 -0.02378875671634017 -0.011205375318673013 -0.0010873473913059482 0.01655754421597216 0.02793747066043358 0.03971177758887506 0.043725243347151284 0.04418504554469102 0.03809343317916323 0.02871018296208049 0.01619375323213956 0.0037698757220072337 -0.008040350502028514 -0.016254223577307266 -0.022078423668688306 -0.023222769865755506 -0.02338833768474977 -0.019943025310405406 -0.018991746179934838 -0.014549969378193741 -0.012063044716466586 3.7032305352937916e-5 -0.08783941808152612 -0.2040946160468044 -0.16010773025919783 -0.1114461669269497 -0.028995723164040636 0.06558498266928843 0.15028350350929043 0.2153580930481864 0.24975843393350752 0.24900612048348908 0.21422379243419257 0.15215316351241226 0.07371351560942005 -0.006853572279790824 -0.0767345887662929 -0.1246359755303211 -0.14587550147055486 -0.1402576847005392 -0.11545895496200356 -0.07947515378790009 -0.04464417186298701 -0.03389405275202213 -0.01674986279049199 0.01679769460164394 -0.15885481844105695 -0.4281539336620864 -0.4447664263544507 -0.29106188522441684 -0.1166006465582588 0.10584914574596349 0.3113151876221877 0.47232513174416146 0.5632966887600521 0.5676854247122054 0.4883112048039588 0.33829028328438987 0.14730520662497984 -0.05134686620231676 -0.2204664948117206 -0.33260426380799896 -0.3711086073639185 -0.33689805302709713 -0.2467708190524591 -0.12979150590957902 -0.011384757903268912 0.03665302141071682 0.07387369693754459 0.0492350194563906 -0.18839482861315182 -0.5671757300729577 -0.6079275720672378 -0.44855664657580296 -0.2064469743323068 0.08513045604629235 0.37570475773095524 0.6103613577634042 0.7490533581133149 0.7680339143555269 0.6627072786564099 0.4539983377631789 0.17995514841176818 -0.10671900392206839 -0.3529477138593051 -0.5123733133368362 -0.5590481160528424 -0.49035831093685034 -0.328619756643566 -0.12321113176757678 0.08538232396450607 0.20903806935314845 0.23550529890855423 0.08683977867973586 -0.1875644234942652 -0.49037755847930187 -0.508143535775652 -0.43723218192901947 -0.22220273090994902 0.029827682732094633 0.29760333006942413 0.5218678656059028 0.6621211839294641 0.6904907203177245 0.6006289870054016 0.4079150508312678 0.14856794212180446 -0.12826650123914818 -0.36826846447153255 -0.5250032950888822 -0.5673285991291307 -0.4898949808384353 -0.3109488009127282 -0.07650383826613362 0.15601193314473513 0.3441589884830014 0.34113395444047323 0.10563577266195423 -0.15822209807495233 -0.3149949655905742 -0.2740524866002425 -0.29250885891417816 -0.1530195128096995 0.00441316630083025 0.1784913924570344 0.32755395583462227 0.4213258582518676 0.44197898627120735 0.3844259563090129 0.25852161429264386 0.08787614063468867 -0.09587924373097982 -0.25733918587378635 -0.3646884193188042 -0.3961904347192655 -0.34431291089800387 -0.21917978769233895 -0.04378690295429933 0.12195997790956516 0.2964848528380051 0.29020376761479744 0.08756844704722228 -0.14271857524371 -0.21844794062858144 -0.15228099804217768 -0.16789451239520103 -0.07329551288977278 0.03137953191429244 0.13579868137679155 0.21565485510909338 0.258243047560264 0.2579840927464467 0.21914516498015446 0.1516294386979389 0.06837926744743963 -0.015914665781635872 -0.08930073717236596 -0.1416498605614442 -0.1666682156863929 -0.16165578470246292 -0.12909865927446032 -0.06898837449437051 -0.015243623910995917 0.06400761869288274 0.09113650094527624 0.04020230600321427 -0.15176309487226966 -0.3019302464637449 -0.26544752155070006 -0.18824876995583908 -0.06698638134823448 0.07793908265755858 0.19566582922790735 0.2749883126506003 0.3031016225200131 0.2868817800140859 0.23848687589435189 0.17552294106935737 0.11322740126188995 0.06130189033125877 0.022652479002843423 -0.00640333426126457 -0.03191783804647992 -0.05941000811776287 -0.09220569741517362 -0.12325708064182753 -0.1507269849102993 -0.18258159830473947 -0.1132907059446083 -0.006766343626724509 -0.17376141670425269 -0.4652372128338263 -0.48981720729290545 -0.3244882293772203 -0.1419142571457204 0.0822337674661736 0.27465980321917904 0.40927011041000644 0.4707545512352453 0.45862587147523853 0.39013339760361393 0.2887475803567266 0.1804460862081282 0.08536064710463663 0.014581833075128845 -0.03138381147492583 -0.060183071114048386 -0.08237683707036159 -0.1087698958165215 -0.14621788463567192 -0.16921193001471405 -0.2471394662514037 -0.16734179922106104 -0.024815329962452223 -0.17002752575794564 -0.5147711291560803 -0.5788142748545096 -0.42788263505151347 -0.22651771929079484 0.020570470952658258 0.25994174581914664 0.4475421645605906 0.5561854145480882 0.5742552910043149 0.5076836648634314 0.3789222399280306 0.21869833225168747 0.06008035289947161 -0.0695849615222604 -0.15342254968881008 -0.1881974665198009 -0.18191574460507753 -0.1493800817774648 -0.11751423841739209 -0.07050197448258998 -0.0921666007399052 -0.05216035693550419 -0.01214848204226455 -0.12606926609624625 -0.35284355413265733 -0.404132798346232 -0.37608169158013255 -0.24485891978783844 -0.07844153702720404 0.11723161249249504 0.29827712671154594 0.4322255580548466 0.49454690518213584 0.47445781515133206 0.37784639287790917 0.22652767834412077 0.05254113938217068 -0.1080758094012629 -0.22424496238840325 -0.27603811129752026 -0.26023456885272656 -0.1864319042058572 -0.08465823341194999 0.02801701322200585 0.11393780082275472 0.10096639266260639 0.004632539850092345 -0.05856865865822037 -0.07617256705092458 -0.07859492714915876 -0.18707013720902294 -0.1855056938818138 -0.16237731063318034 -0.08485976920597046 0.026305923189655966 0.14805279771525745 0.2515261985897443 0.3112203652229148 0.31050844083549045 0.24791112183472472 0.1366918858963561 0.003087213294881556 -0.12128390554279808 -0.20656072282317753 -0.23365523356930334 -0.19746439872428254 -0.10842881154135404 -0.006702638608033679 0.14606866804967522 0.11429597507573365 -0.007499913759235705 -0.007499913802949673 0.11429597496270721 0.14606866796262052 -0.006702638596388727 -0.10842881146971683 -0.1974643985763264 -0.233655233443315 -0.20656072274170828 -0.12128390551440991 0.0030872134491284884 0.13669188584709763 0.2479111216980146 0.31050844070740946 0.3112203651810456 0.25152619853051766 0.1480527976869698 0.026305923271178196 -0.08485976908034196 -0.1623773105987194 -0.1855056938508986 -0.18707013728511906 -0.07859492722012122 -0.0761725670732593 -0.05856865865739119 0.004632539773384512 0.10096639242310283 0.11393780065436322 0.028017013139347832 -0.08465823326498557 -0.18643190394349443 -0.26023456859689 -0.27603811100969394 -0.2242449622324022 -0.1080758093712785 0.05254113932010372 0.22652767809877344 0.377846392584681 0.47445781485313043 0.4945469051636613 0.4322255581176149 0.2982771268829475 0.11723161274025976 -0.07844153682950489 -0.24485891969726387 -0.3760816916449602 -0.40413279851200085 -0.3528435542713901 -0.12606926615475259 -0.01214848212469963 -0.05216035716279391 -0.09216660099189242 -0.07050197449722821 -0.11751423831691225 -0.1493800814456528 -0.18191574428634005 -0.1881974662515557 -0.15342254941635017 -0.0695849615383133 0.06008035273725107 0.21869833196118926 0.37892223960850063 0.5076836645962731 0.5742552908586182 0.5561854146907149 0.44754216478635994 0.2599417461124502 0.020570471134864158 -0.2265177191595369 -0.4278826350645711 -0.5788142750289875 -0.5147711293692899 -0.17002752580800257 -0.024815330013185824 -0.1673417993917345 -0.24713946639712747 -0.16921193004906165 -0.14621788452161702 -0.10876989558125084 -0.08237683678518959 -0.0601830709068718 -0.03138381135459496 0.01458183313470029 0.08536064688649563 0.18044608594231526 0.2887475800585491 0.39013339749404924 0.4586258713183004 0.4707545513342117 0.4092701106271215 0.274659803447635 0.08223376767335402 -0.14191425705181476 -0.3244882294032883 -0.4898172074670756 -0.4652372129812941 -0.17376141676563098 -0.006766343645529143 -0.11329070596071901 -0.182581598341709 -0.15072698492345546 -0.12325708058996149 -0.09220569728034061 -0.05941000800945628 -0.03191783794880407 -0.006403334283453627 0.022652478991318586 0.061301890245717056 0.11322740105522228 0.17552294097337906 0.2384868757502745 0.2868817800617824 0.3031016225331278 0.27498831277965335 0.19566582939007934 0.07793908279553541 -0.066986381338947 -0.18824876997809217 -0.2654475216552028 -0.30193024655461215 -0.15176309488816284 0.0402023060300432 0.09113650103427953 0.06400761875208043 -0.015243623900298715 -0.06898837449089933 -0.12909865926842862 -0.16165578476680478 -0.16666821578338328 -0.14164986053955322 -0.08930073729275743 -0.015914665800961347 0.0683792674546856 0.1516294387156302 0.2191451650296771 0.2579840927563011 0.2582430476516615 0.2156548550923032 0.13579868142558202 0.03137953190075133 -0.07329551290951113 -0.16789451242598535 -0.15228099807152676 -0.21844794063900683 -0.14271857524823356 0.08756844708074965 0.2902037677242536 0.2964848529302177 0.12195997796209815 -0.04378690297897711 -0.21917978779829403 -0.3443129110260518 -0.39619043488561245 -0.3646884194428964 -0.25733918583419213 -0.09587924374178837 0.08787614075732213 0.2585216144317357 0.3844259564376746 0.4419789863377472 0.42132585822296054 0.32755395579513585 0.17849139234362182 0.004413166237525734 -0.15301951291880145 -0.29250885893100625 -0.2740524865555982 -0.3149949655233413 -0.15822209804537188 0.10563577270910827 0.34113395453691286 0.34415898859666666 0.15601193316800785 -0.07650383829362246 -0.31094880102595635 -0.48989498100666407 -0.5673285992545344 -0.5250032952027407 -0.3682684644535718 -0.12826650111032023 0.14856794226638897 0.40791505098155695 0.600628987158427 0.6904907203496679 0.6621211838770077 0.5218678654738941 0.29760332990465055 0.02982768258911054 -0.22220273100882768 -0.437232181954182 -0.5081435356872865 -0.49037755834835944 -0.18756442344483423 0.08683977871258806 0.2355052990041412 0.20903806941024533 0.08538232398755931 -0.12321113181807113 -0.32861975671734767 -0.490358311038713 -0.5590481161934897 -0.5123733133352565 -0.3529477138764895 -0.10671900377956815 0.17995514854164224 0.45399833789943683 0.6627072787275964 0.7680339143672508 0.7490533580417083 0.6103613576183922 0.37570475756636756 0.08513045588954704 -0.2064469743908285 -0.4485566465778974 -0.6079275719700515 -0.5671757299540676 -0.1883948285489001 0.04923501949812105 0.07387369698255752 0.036653021445195284 -0.01138475788099098 -0.12979150592430913 -0.2467708191030479 -0.33689805306174786 -0.3711086074247505 -0.33260426383735214 -0.22046649476321248 -0.05134686616472628 0.1473052067164377 0.33829028334819555 0.48831120483052626 0.5676854246730441 0.5632966887126952 0.47232513165322176 0.3113151874882208 0.10584914567194013 -0.11660064661084305 -0.29106188519720805 -0.4447664263164506 -0.42815393354340564 -0.15885481839007745 0.016797694608030343 -0.01674986277588096 -0.033894052736211794 -0.04464417184716041 -0.07947515378821304 -0.11545895498368695 -0.14025768470480407 -0.14587550148375075 -0.12463597553866108 -0.07673458875757358 -0.006853572257175152 0.07371351561280871 0.15215316353530764 0.2142237924366805 0.24900612045010267 0.24975843390561273 0.21535809301585102 0.15028350346914765 0.06558498261250667 -0.02899572317257662 -0.1114461669330558 -0.16010773021476968 -0.20409461599228684 -0.08783941805052418 3.7032314810391284e-5 -0.012063044712380086 -0.014549969376422943 -0.018991746166177183 -0.019943025317079966 -0.023388337665780003 -0.023222769875346234 -0.022078423666457722 -0.016254223576785905 -0.00804035049795461 0.0037698757187785365 0.016193753231656203 0.028710182960120796 0.03809343318683799 0.04418504553105041 0.043725243358115166 0.0397117775713239 0.02793747067012245 0.016557544190966566 -0.001087347377312581 -0.011205375329999727 -0.023788756700990857 -0.02537521567384371 -0.04574596515889419
</DataArray>
        <DataArray type="Float64" Name="Mode_20_w" NumberOfComponents="1" format="ascii">
 -1.5811879966515005e-6 -7.152760648365452e-7 1.5811879957791614e-6 7.152760623290804e-7 2.155364846271331e-6 -4.382258807610824e-6 -1.2397130445409244e-7 -1.4994006951311996e-6 2.1263838410154249e-7 -9.802018313615938e-7 -9.802018313615938e-7 -1.2889786501955447e-6 -1.854464079725966e-6 -8.279350627956756e-7 7.020953092171972e-7 1.5198799702489995e-6 8.379716831259945e-7 -6.088382645857035e-8 -6.904248727396325e-7 -8.093130824202136e-7 -4.873355427110793e-7 -4.890822856691964e-7 -4.890822856691964e-7 3.668137170713522e-7 -2.2760016208872512e-7 1.6056737546838847e-6 3.647060472163875e-7 9.163329316298261e-7 -1.7443897648483696e-7 -4.656488609175094e-7 6.436811631642788e-7 9.416340580438444e-8 7.128595740704235e-7 2.668367704876829e-7 2.668367704876829e-7 4.3279066336236617e-7 4.3261235861199325e-7 5.988178401508411e-7 6.926101228787514e-7 6.701479443700711e-7 6.676535164231054e-7 3.683552022212042e-7 3.58492273435831e-7 -3.148388413207889e-7 -3.430552404462842e-7 -6.466215452893899e-7 -6.466215452893899e-7 -3.6443087745071454e-7 6.289976717380123e-7 -1.3528209156736014e-6 1.8557984056613425e-6 -3.074464381703595e-6 -2.155364842703558e-6 4.382258805982417e-6 1.239713007906068e-7 1.4994006899220583e-6 -2.1263838938759088e-7 9.80201828013708e-7 9.80201828013708e-7 1.2889786523850022e-6 1.8544640856794166e-6 8.27935071850083e-7 -7.020953044434551e-7 -1.5198799697491101e-6 -8.379716883158846e-7 6.088381802335933e-8 6.904248676585005e-7 8.09313079957612e-7 4.873355446057976e-7 4.890822891092403e-7 4.890822891092403e-7 -3.6681371172975213e-7 2.276001658520368e-7 -1.6056737515828164e-6 -3.647060461707379e-7 -9.16332930794417e-7 1.7443897661792148e-7 4.656488587187924e-7 -6.436811630489416e-7 -9.416340672350826e-8 -7.128595759203672e-7 -2.6683677112837294e-7 -2.6683677112837294e-7 -4.3279066212062307e-7 -4.3261235706874893e-7 -5.988178388486678e-7 -6.926101214284266e-7 -6.701479445234208e-7 -6.676535174042839e-7 -3.683552017585558e-7 -3.5849227662498604e-7 3.1483884078016606e-7 3.430552413663827e-7 6.466215446214088e-7 6.466215446214088e-7 3.644308793221013e-7 -6.289976706554671e-7 1.3528209167847373e-6 -1.855798407521033e-6 3.074464384824035e-6 -0.0008561440230031648 -0.0023416288480684346 -0.003447760030913077 -0.004707115923231097 -0.00587803283066204 -0.006641243191189149 -0.006641243191189149 -0.007200711114634438 -0.007318673416174116 -0.007198278269904981 -0.006774809855591137 -0.006211733687305901 -0.005558734569867111 -0.0049076262202451025 -0.0043065051126062025 -0.003757964131744234 -0.003273506631783057 -0.0027834803282351436 -0.0027834803282351436 -0.0023067819210660667 -0.001751672252054142 -0.0011979984876215465 -0.0006744528074771361 -0.0001785176525724833 -0.0019478118939769788 -0.01233175632506453 -0.02359514896790992 -0.032985623620285655 -0.04127576207996766 -0.0470252795234144 -0.0470252795234144 -0.05002624166672413 -0.050172628834683125 -0.04766127915015597 -0.043235006544614075 -0.03767891032084644 -0.0319821735115375 -0.026873936455700718 -0.022866653209191252 -0.01991567324230068 -0.01782967545023606 -0.015985398407169643 -0.015985398407169643 -0.013930606967133316 -0.011216403469504102 -0.007668527865693963 -0.003886613461451209 -0.0004941875163626072 -0.0016415276347430043 -0.013765283160925675 -0.031338345131451 -0.047359596802487365 -0.06005265330664039 -0.06845994042986221 -0.06845994042986221 -0.07118067568296475 -0.06834743639343861 -0.06065926409667785 -0.049553543093430304 -0.03719182254853483 -0.025721171918810088 -0.01685308556719304 -0.01162051422192898 -0.009930361237401028 -0.010741739644358957 -0.012612127866125748 -0.012612127866125748 -0.013697947365852798 -0.012937917047025698 -0.009634279634205128 -0.0041999164710317 -0.0005448425673301532 -0.0015796066515257577 -0.01143104584146944 -0.023295356640095494 -0.036208967463576436 -0.04539892400811486 -0.049719441462312754 -0.049719441462312754 -0.048549500915683955 -0.04183797780546585 -0.03096426170616679 -0.017758840947849627 -0.004274836422265025 0.007119766891534344 0.014667508867110888 0.0176787146079513 0.016167219623787893 0.011401355476326104 0.005247070272125269 0.005247070272125269 -0.0003899379521614046 -0.0037551155382065885 -0.0045496729368030755 -0.0024460350022468993 -0.000313040581352628 -0.0015574266069402275 -0.008729326645300923 -0.01402620551749533 -0.019336735763562034 -0.021335205450546797 -0.018872449300987727 -0.018872449300987727 -0.012428625957798433 -0.0034492334984142737 0.00666376934085171 0.016147138210709202 0.02368373252520792 0.02879589393695238 0.03097329548280126 0.030267341194976892 0.02732590771354857 0.02256636829537762 0.016941235633939303 0.016941235633939303 0.011349017703962908 0.006529574023340667 0.00301595816270943 0.0007347002333505264 -2.843274559371254e-6 -0.0018641605846772295 -0.011007877347443712 -0.018680586673492188 -0.023490924579644943 -0.02332364836390058 -0.018146731251905072 -0.018146731251905072 -0.009667845295422448 -0.0004807172206325544 0.00672428702399985 0.010891092978046942 0.011804453443177994 0.010353222930054192 0.008529060331223018 0.007440967268618196 0.007598963170415755 0.00899743810118459 0.010444799240550926 0.010444799240550926 0.010924017076803955 0.009749911606895012 0.006927979355748972 0.003105792779228477 0.00038803857582349544 -0.0018641605846772295 -0.011007877347443712 -0.018680586673492188 -0.023490924579644943 -0.02332364836390058 -0.018146731251905072 -0.018146731251905072 -0.009667845295422448 -0.0004807172206325544 0.00672428702399985 0.010891092978046942 0.011804453443177994 0.010353222930054192 0.008529060331223018 0.007440967268618196 0.007598963170415755 0.00899743810118459 0.010444799240550926 0.010444799240550926 0.010924017076803955 0.009749911606895012 0.006927979355748972 0.003105792779228477 0.00038803857582349544 -0.0021554176989344955 -0.015750456542255358 -0.03290814688390878 -0.044445738493001125 -0.049407750202133956 -0.047085385229790805 -0.047085385229790805 -0.040157589829476106 -0.031774161345616135 -0.0249699921953246 -0.0218325864536177 -0.021839917333723046 -0.023397574954420346 -0.024319160760329882 -0.022136679533267613 -0.016408659247540168 -0.008192246620761293 0.0006440252833252633 0.0006440252833252633 0.007331557871212138 0.0100356506248478 0.008619683940669703 0.00442011658773884 0.0006090693841099222 -0.0018339379644343318 -0.015894089473349672 -0.03653330821673072 -0.05308155932715515 -0.06295948679038328 -0.0652661838161324 -0.0652661838161324 -0.06083612706544374 -0.0526989952196314 -0.043500742103772354 -0.03541874557467307 -0.02981858715949183 -0.025666202799384783 -0.021541533132242753 -0.01629909383464608 -0.008841523439746946 -1.2407988402796216e-5 0.008215071034704792 0.008215071034704792 0.013890490715630912 0.015187121406793874 0.0118018130277318 0.005733209614043321 0.000747251017799304 -0.0009793316858105988 -0.008794507157262427 -0.020839001179112363 -0.03359315466825729 -0.04302105467651157 -0.04764058545703272 -0.04764058545703272 -0.04625249365900698 -0.03902441982300217 -0.027877357949520464 -0.014618863838355879 -0.0013237289897822158 0.009737412393026936 0.01827703566558119 0.024228106852511797 0.02755066044727017 0.029041661153356747 0.028676996026354328 0.028676996026354328 0.02606332493427022 0.021292479135506793 0.014424791101252691 0.006206580697827245 0.0007203888747232829 -0.00014907466428278843 1.865505250277294e-5 0.001104435910385042 -0.0030211176548497727 -0.00921013429952345 -0.015210816353805157 -0.015210816353805157 -0.018240874375549068 -0.015741648050727614 -0.006655258452673285 0.00743094460483346 0.024133963310348148 0.04002887435581622 0.05108012707793762 0.055850566670925125 0.0541514613818518 0.046907689709469874 0.03682506231921487 0.03682506231921487 0.026306804037775845 0.016977252342272032 0.009858397596677275 0.004021685199033361 0.0005105491021948294 0.00010132535124368326 0.003480546880846477 0.0100136123890542 0.010601104067355531 0.005125776115059783 -0.004121292491070948 -0.004121292491070948 -0.013137941816576851 -0.017906009451016777 -0.015386804933369655 -0.004768952776317465 0.01102985068186064 0.028030075699174935 0.04162508135463291 0.04743620376542825 0.044753669360489835 0.03515587201207996 0.021811370504804216 0.021811370504804216 0.009291260877197447 0.0009664533722327533 -0.0017522714069015965 -0.0005108224726208955 0.0001336006538395731 -0.00013360065776871067 0.000510822441425608 0.0017522713385604285 -0.0009664534428360602 -0.00929126093192808 -0.021811370545903166 -0.021811370545903166 -0.035155871996050636 -0.044753669310403275 -0.04743620374105984 -0.04162508129547629 -0.028030075647314075 -0.01102985070964814 0.004768952776818889 0.015386804923920536 0.017906009409221883 0.01313794180946025 0.0041212924965341605 0.0041212924965341605 -0.005125776118873181 -0.010601104058855115 -0.010013612386462103 -0.0034805468850988394 -0.00010132535217142326 -0.0005105491080733326 -0.004021685244006564 -0.009858397686057318 -0.01697725246044066 -0.026306804126108634 -0.036825062346061824 -0.036825062346061824 -0.046907689694804355 -0.054151461294112566 -0.05585056654908869 -0.051080127020095505 -0.04002887431053558 -0.024133963306090096 -0.0074309447025235524 0.006655258368538798 0.015741647990022443 0.01824087433128788 0.015210816378680023 0.015210816378680023 0.00921013437319655 0.0030211177361878843 -0.0011044358419425942 -1.8655022327666686e-5 0.00014907466707594338 -0.0007203888794135077 -0.00620658073945981 -0.014424791187528896 -0.02129247923089464 -0.02606332502311961 -0.02867699605359375 -0.02867699605359375 -0.02904166109960072 -0.027550660368847405 -0.02422810673731966 -0.018277035549757244 -0.009737412382083324 0.0013237289552220093 0.014618863765812024 0.027877357812382937 0.03902441972695611 0.0462524936263433 0.047640585480079455 0.047640585480079455 0.04302105476802995 0.03359315478967285 0.020839001278164345 0.008794507202208918 0.0009793316910767511 -0.0007472510207276793 -0.005733209635909519 -0.011801813077048976 -0.01518712147024364 -0.013890490755860012 -0.00821507105692159 -0.00821507105692159 1.2408013566632723e-5 0.00884152352354635 0.01629909390259936 0.02154153319812298 0.025666202851228073 0.0298185871168093 0.03541874550318199 0.04350074202825782 0.052698995125390315 0.0608361270253831 0.06526618383897767 0.06526618383897767 0.06295948685238674 0.05308155941791357 0.03653330829857532 0.01589408951233451 0.0018339379695452784 -0.0006090693842152564 -0.004420116587993042 -0.008619683938696122 -0.010035650630717978 -0.007331557884816857 -0.0006440252801378004 -0.0006440252801378004 0.008192246615768967 0.01640865925135623 0.022136679571540228 0.024319160772530473 0.02339757496596394 0.021839917359361763 0.021832586430266 0.024969992167650373 0.03177416132894222 0.04015758979896808 0.047085385222407856 0.047085385222407856 0.0494077502160104 0.044445738513093185 0.03290814690855725 0.01575045655715676 0.0021554177013870628 -0.0003880385734726951 -0.003105792760970888 -0.0069279793218136885 -0.009749911564199474 -0.010924017048248164 -0.010444799245514228 -0.010444799245514228 -0.00899743811583877 -0.0075989632142155015 -0.007440967318552287 -0.00852906034006775 -0.010353222935378386 -0.011804453421373933 -0.01089109291771433 -0.006724286986206377 0.00048071724713084045 0.009667845307594115 0.018146731224831836 0.018146731224831836 0.0233236483227821 0.023490924536050062 0.018680586637815733 0.011007877333617544 0.0018641605837504856 -0.0003880385734726951 -0.003105792760970888 -0.0069279793218136885 -0.009749911564199474 -0.010924017048248164 -0.010444799245514228 -0.010444799245514228 -0.00899743811583877 -0.0075989632142155015 -0.007440967318552287 -0.00852906034006775 -0.010353222935378386 -0.011804453421373933 -0.01089109291771433 -0.006724286986206377 0.00048071724713084045 0.009667845307594115 0.018146731224831836 0.018146731224831836 0.0233236483227821 0.023490924536050062 0.018680586637815733 0.011007877333617544 0.0018641605837504856 2.8432780496762527e-6 -0.0007347002052485321 -0.0030159581046675927 -0.006529573958748431 -0.011349017649273969 -0.01694123561414611 -0.01694123561414611 -0.0225663683295301 -0.027325907765360622 -0.030267341267768567 -0.030973295545543962 -0.028795893939302836 -0.023683732498409837 -0.016147138150697307 -0.006663769253362261 0.003449233555191666 0.012428625976254201 0.018872449279655444 0.018872449279655444 0.021335205383592376 0.01933673568267635 0.014026205450419741 0.008729326614338395 0.0015574266032490809 0.00031304058481700363 0.002446035029641484 0.004549672994678308 0.0037551156107914568 0.0003899380118831979 -0.005247070239052226 -0.005247070239052226 -0.011401355482001054 -0.016167219675655434 -0.017678714663783127 -0.014667508922301141 -0.007119766923236894 0.004274836444613836 0.017758840995039174 0.030964261764708956 0.041837977864230415 0.048549500934434005 0.049719441437748244 0.049719441437748244 0.04539892395184414 0.03620896738758421 0.02329535657405603 0.011431045807908486 0.0015796066470742884 0.0005448425700854927 0.004199916490806095 0.009634279672834792 0.012937917098510743 0.013697947416178972 0.012612127897807857 0.012612127897807857 0.01074173965465398 0.009930361225170693 0.011620514186772672 0.016853085538344824 0.02572117189666784 0.03719182254304733 0.04955354311480355 0.060659264124271056 0.0683474364152379 0.07118067569414177 0.06845994041433072 0.06845994041433072 0.06005265327014843 0.04735959675894369 0.031338345091266886 0.013765283137943543 0.001641527631064904 0.0004941875179578166 0.0038866134711825462 0.007668527881514809 0.011216403489260382 0.013930606988005925 0.015985398424720153 0.015985398424720153 0.0178296754598248 0.01991567324623479 0.022866653206733704 0.02687393644746292 0.031982173506114146 0.03767891031543512 0.043235006542389855 0.04766127915219343 0.050172628835381324 0.05002624166337124 0.047025279517211395 0.047025279517211395 0.041275762067199066 0.032985623605288464 0.023595148954917215 0.012331756315473019 0.001947811891657028 0.0001785176529827043 0.000674452808612999 0.0011979984892645256 0.0017516722541223904 0.002306781922988521 0.0027834803301438073 0.0027834803301438073 0.003273506633606664 0.003757964132580163 0.004306505113546191 0.004907626220249278 0.00555873456913744 0.006211733686753455 0.006774809854662399 0.007198278268775005 0.007318673415556964 0.007200711113752604 0.006641243190138236 0.006641243190138236 0.005878032829668277 0.004707115921872766 0.003447760029809333 0.0023416288468528623 0.0008561440224891279
</DataArray>
        <DataArray type="Float64" Name="Mode_20_phi1" NumberOfComponents="1" format="ascii">
 -7.052082154460159e-6 -1.2564720443434536e-6 -7.052082140296816e-6 -1.2564720348709283e-6 -6.8153047613499e-5 2.875943507395124e-5 -4.258884737254061e-6 4.214611183475216e-6 3.727603410313354e-6 -2.1277163390264385e-6 -6.140102253286413e-6 -2.1489168221551037e-6 2.832901292517634e-6 6.444308310185729e-6 3.752348608327417e-6 -1.825624888622124e-6 -3.396529395142924e-6 -4.414959768807817e-6 1.9430219157970727e-6 -2.0950322865597717e-6 5.092809036072526e-6 -6.4326611964123624e-6 8.541271398956867e-6 -8.54379652322977e-6 1.4683097169727488e-5 -1.8662132585872076e-5 2.8247161672030302e-5 -3.875310985527723e-5 -6.844221388560306e-6 8.896596302411971e-6 -4.432387473480368e-6 1.8897907607280613e-6 -3.2863949166253803e-6 6.981292880595571e-7 -9.487520149021371e-7 1.716461370428875e-6 1.2739261301092178e-6 2.0007107577625208e-6 1.3401153420791553e-6 -1.2171633425262111e-7 -1.2161516012164982e-6 -4.575534102910924e-6 -4.006641021976927e-6 -9.076519417521373e-6 -4.725230805399718e-6 -1.1182310805922891e-5 -1.7265963991957579e-6 -1.2519773017356797e-5 8.972877329260616e-6 -2.2964126626152786e-5 3.936149778407759e-5 -2.3327587363059383e-5 -6.815304758594469e-5 2.8759435066634568e-5 -4.258884722623194e-6 4.214611188255215e-6 3.7276034194137077e-6 -2.1277163520794432e-6 -6.140102266257746e-6 -2.14891683776483e-6 2.8329012837831647e-6 6.44430832162973e-6 3.7523486042061456e-6 -1.8256248375548647e-6 -3.396529432059731e-6 -4.414959710969492e-6 1.943021855637367e-6 -2.095032255859224e-6 5.092809004208228e-6 -6.432661193399398e-6 8.541271387947906e-6 -8.543796506039316e-6 1.468309715598108e-5 -1.86621325535069e-5 2.824716162281124e-5 -3.8753109781107714e-5 -6.84422136023909e-6 8.896596290899782e-6 -4.4323874730872375e-6 1.889790768451036e-6 -3.2863949188103763e-6 6.981293191573863e-7 -9.487520425634153e-7 1.7164613962965178e-6 1.2739261089463072e-6 2.000710786422443e-6 1.3401152861169863e-6 -1.2171626986134534e-7 -1.216151668119449e-6 -4.575534042356774e-6 -4.006641087647181e-6 -9.076519330399493e-6 -4.725230891197512e-6 -1.1182310735205591e-5 -1.7265964392513672e-6 -1.2519773011974328e-5 8.972877325620502e-6 -2.2964126647580578e-5 3.936149781430538e-5 -2.3327587396672723e-5 -0.04929854186270973 -0.10501913413964556 -0.20507370814667644 -0.2913358957729624 -0.3745924875051094 -0.4392310247204687 -0.4878171631673028 -0.5127910252023309 -0.5181728252838417 -0.5025768532887406 -0.4724391623315226 -0.43145831206719154 -0.3860362915345595 -0.3408333158513625 -0.29947739630380726 -0.2635658709382248 -0.23237361093355136 -0.20477614058370738 -0.17708221259475637 -0.14852723791184538 -0.11566415774478843 -0.08213868560468669 -0.046720269717714764 -0.02105468164962186 -0.021936064850659718 -0.1907988404515884 -0.3900232507433318 -0.5966946322029835 -0.7676140385383485 -0.8988421440971747 -0.9784996275748651 -0.9999999999129345 -0.9643107679569758 -0.8809205071643411 -0.7626560941342188 -0.6292042851984602 -0.49982415985740525 -0.3899835270739481 -0.310099783506434 -0.26212558605665165 -0.24087584358533018 -0.23366083024072717 -0.22888166254237405 -0.21198170750019002 -0.17584896286426108 -0.12003580787317604 -0.049209108705781504 -0.002057982929748334 -0.005101550752425106 0.0009879177834032048 -0.07037298349351019 -0.15011687811118363 -0.22008575476924155 -0.25405582993738507 -0.24732941960130816 -0.19608528291976685 -0.10478904606673797 0.016177690544400214 0.14907625582176467 0.2748514952947293 0.37513425955955365 0.4345658705343428 0.4458667525024482 0.41064207723784796 0.3393698142406454 0.2469508194001606 0.15548618721842722 0.07867759655889231 0.02883004925038012 0.015493682500363546 0.012506080221692775 -0.0010663499112489585 0.0024490314527481094 0.05146077517249672 0.17103404123217647 0.2874437179298221 0.38715434005187677 0.4943630902833902 0.5972419537137346 0.6905466447785473 0.765627415279978 0.8133511168269785 0.8325591461316334 0.8250627957108447 0.7936790172656466 0.7445241536836186 0.6840603571241054 0.6143272517110172 0.5385480981826327 0.4591441270500688 0.3747918842059296 0.2914306752495429 0.20474288615788488 0.11745697250652005 0.04624603588680726 0.009811054041756816 0.0021653565073335448 0.06317476261635176 0.1734048368165888 0.3207757105564743 0.47397540849163866 0.6196464926729469 0.7477218698499775 0.8309528081654723 0.8547178065152331 0.8162242043541243 0.719541549535144 0.5856410392685166 0.4450751415524737 0.3223272726775368 0.23550849672714783 0.19546301888659348 0.1935490524767363 0.21289923478298947 0.2337663367456687 0.23354919100238983 0.20577163603281676 0.14280695508306981 0.06431820485821294 0.009230877149751734 -0.0055960473997780195 -0.03993406407780915 -0.08206923253998132 -0.09933559806745355 -0.0695988672756922 -0.02203856406848463 0.02426074196843657 0.048200370876544024 0.02635353684976997 -0.050516599216847764 -0.1687998964455094 -0.3091385784467604 -0.44183197739326424 -0.5287979198608892 -0.5483538632730741 -0.49808009836570843 -0.3856033524961893 -0.23925462714310744 -0.09629713421255277 0.013669608736710817 0.07135158060879951 0.07367567637409318 0.04278453785363273 0.011237323253347605 -0.008317559926395547 -0.10208581276031402 -0.2670432067808074 -0.43055924832866116 -0.5437263223508781 -0.6231670269488638 -0.6683843938789074 -0.6972754221592398 -0.7172731847647834 -0.7396078017789081 -0.7710605559194095 -0.7979569709515212 -0.8079403079338879 -0.7911393188673805 -0.7298154684647121 -0.6193847664559619 -0.47579263591118 -0.31665841734806194 -0.16527463088681807 -0.05074891099837047 0.015089405161343128 0.03563444245774336 0.024208160569942124 0.006147953232493259 0.001990758453883075 -0.0383341668453652 -0.12566486174853905 -0.24003215929349644 -0.3576762985377945 -0.4604231245242973 -0.5383455382536395 -0.5732595964501433 -0.5653153536915592 -0.5110139843559474 -0.41984239641445276 -0.3146061156560594 -0.20458385210442764 -0.10016090934769524 -0.016724406386505332 0.045336072828593865 0.0920429088945325 0.11881682241414741 0.12632609873286885 0.12106424977976495 0.09813463230023939 0.06236223227829123 0.027354680409818723 0.004955360545191349 0.017842440626258522 0.10161177221580976 0.2187556827548687 0.2974404651667509 0.30586329829968206 0.2706741027985329 0.21454350247305606 0.1751235373000596 0.18571301555624575 0.2544953062848463 0.3798374191268119 0.539989986742278 0.6891949556612597 0.7946318615102738 0.8360058093595694 0.7986969466707204 0.691119676513633 0.5454688474661192 0.3888369746948383 0.24558672909338392 0.13831594454506183 0.06480400359527519 0.018047845207283107 -0.0006630467378522029 0.0263710677578926 0.18378796374301942 0.4265676485921043 0.6377684940035323 0.7416020253207873 0.7572582279798739 0.7054935383390141 0.6299264176710221 0.5759770044097157 0.5786371890953232 0.6385260663088946 0.7393239182427883 0.8490464444363568 0.9163635319990913 0.9061432576985905 0.8120703125271952 0.6438770444630266 0.43076056489067704 0.22408154767860336 0.06430588001985263 -0.026749928884708625 -0.050324609677149384 -0.03142637689439557 -0.0062701383273863764 0.019962167362266407 0.1349866077822353 0.3120333941196048 0.4709677417093559 0.5535845256044192 0.5418644522717457 0.4558465077312586 0.3271704093231371 0.19764372641959424 0.10199285670752266 0.06486494260935795 0.07814932021492148 0.1186950511806192 0.15805535254743203 0.16204448789502307 0.10871360046064649 0.00740239384919982 -0.11606550198380663 -0.2293664973754989 -0.292699141714476 -0.28120394359223655 -0.19764272319586845 -0.08695075335195619 -0.011647600480373542 0.004350920366273233 0.007178376465043273 -0.0006363312713659624 -0.015565153572464716 -0.043043643431670754 -0.10995305226364763 -0.21420569214032972 -0.34737050656785345 -0.48924540855696574 -0.6141325682894971 -0.7046694342317313 -0.7447684422323372 -0.736875664067942 -0.6946757557763669 -0.6366249226209457 -0.5782819065891895 -0.5348172424311274 -0.503834283784914 -0.4714902428838477 -0.4233779463241697 -0.3457380416349208 -0.22193477055129515 -0.08869833774817831 -0.008320144411582258 -0.008320144489408137 -0.08869833823091167 -0.2219347716252099 -0.3457380429892108 -0.42337794755782604 -0.4714902437861382 -0.5038342837597103 -0.5348172414379597 -0.5782819053579656 -0.6366249212161016 -0.6946757545295916 -0.7368756637484981 -0.7447684429776202 -0.7046694354225834 -0.6141325699228987 -0.4892454101078548 -0.34737050730114555 -0.21420569195390088 -0.10995305120233126 -0.043043641647224636 -0.015565151706469698 -0.0006363298717729003 0.007178377133317804 0.004350920482872191 -0.01164760052592576 -0.08695075349551473 -0.1976427234195651 -0.28120394412312993 -0.29269914210782794 -0.22936649729733857 -0.11606550187908081 0.007402394276401275 0.10871360162838681 0.16204448871532975 0.15805535273172952 0.11869505128428362 0.07814931996015177 0.06486494127167025 0.10199285545904116 0.19764372553742535 0.3271704087133419 0.4558465077863291 0.5418644531974626 0.5535845269685051 0.47096774313538076 0.3120333952336396 0.13498660832107962 0.019962167451125678 -0.00627013829163174 -0.03142637677879072 -0.050324609409820815 -0.026749928239523303 0.06430588040257272 0.2240815478768103 0.4307605654277598 0.6438770445616778 0.8120703121337266 0.906143257904559 0.9163635322042218 0.8490464438805537 0.7393239178454705 0.638526066497115 0.5786371886791479 0.5759770039721951 0.6299264176370836 0.7054935383894131 0.7572582280300899 0.7416020255964353 0.6377684944216276 0.42656764887226384 0.1837879638701888 0.02637106779169691 -0.0006630466785178919 0.01804784563226812 0.06480400440072684 0.13831594541775472 0.24558673022012426 0.388836975291236 0.5454688471429451 0.6911196762457564 0.7986969460633143 0.8360058080425997 0.7946318608630201 0.6891949559664752 0.5399899868655652 0.3798374195034943 0.2544953074573327 0.18571301625320816 0.1751235374471754 0.214543502403892 0.27067410232889616 0.3058632974279614 0.2974404642864146 0.2187556821852816 0.10161177197033934 0.01784244059022713 0.0049553606316075005 0.027354680851974473 0.062362233287510456 0.09813463358432942 0.1210642506459015 0.12632609939256068 0.1188168224207912 0.09204290761906568 0.04533607148920181 -0.01672440738590904 -0.10016091059595507 -0.20458385259679357 -0.3146061146019769 -0.4198423951209498 -0.51101398312485 -0.5653153521131848 -0.5732595955795308 -0.5383455384947408 -0.460423125440245 -0.3576762999331176 -0.24003216086015072 -0.12566486292615428 -0.038334167387071356 0.0019907583658915363 0.006147953306965605 0.024208160927282587 0.03563444309643909 0.015089406118742934 -0.05074890996786878 -0.16527463057971778 -0.31665841753647755 -0.4757926364169332 -0.6193847678944094 -0.7298154699634108 -0.7911393194759024 -0.8079403082680255 -0.7979569708189248 -0.7710605545322132 -0.7396078001346041 -0.7172731836399167 -0.6972754212453767 -0.6683843936881455 -0.6231670277835817 -0.5437263236804156 -0.43055924976182003 -0.2670432079332444 -0.10208581331677144 -0.008317560026040205 0.011237323298179122 0.04278453807707509 0.07367567685329002 0.07135158116572589 0.013669609271838577 -0.09629713363915059 -0.23925462705655826 -0.3856033528755158 -0.49808009868802183 -0.5483538639894692 -0.5287979207254916 -0.4418319775108504 -0.30913857825671237 -0.16879989625076278 -0.050516598462322086 0.026353537751083275 0.048200371218328306 0.02426074203095954 -0.022038564313801065 -0.06959886800892943 -0.09933559890002046 -0.08206923316144155 -0.03993406439003671 -0.00559604747120945 0.009230877155753176 0.06431820488042309 0.14280695515152478 0.20577163618358482 0.23354919121866588 0.2337663369744724 0.2128992351706917 0.19354905285385893 0.195463018959047 0.23550849692283446 0.3223272726873596 0.44507514114184815 0.5856410390000829 0.7195415493658956 0.8162242039762967 0.8547178062957069 0.8309528082475676 0.7477218698127763 0.6196464926555638 0.4739754086028736 0.32077571057056964 0.17340483677591909 0.06317476255940814 0.002165356489787546 0.009811054026131251 0.0462460357639068 0.11745697220057201 0.20474288579007724 0.29143067497778014 0.3747918841679903 0.4591441272934891 0.5385480986792526 0.6143272524766035 0.684060357667125 0.7445241540576669 0.7936790173478954 0.8250627952852675 0.8325591454472359 0.8133511161483564 0.7656274146158634 0.6905466443121422 0.5972419537391338 0.49436309060281347 0.38715434056087117 0.28744371857133943 0.17103404169189781 0.05146077538134506 0.002449031477255517 -0.001066349946096938 0.012506080022550797 0.015493682051127226 0.02883004859295628 0.07867759591729147 0.15548618675823392 0.24695081927104845 0.33936981455410914 0.410642077757441 0.44586675322711067 0.4345658711247365 0.375134259818684 0.27485149517948837 0.14907625534763344 0.016177689842661037 -0.10478904673894258 -0.19608528330474076 -0.24732941966071992 -0.2540558295556015 -0.22008575411213013 -0.15011687741087407 -0.07037298292689602 0.000987918051311664 -0.005101550706576704 -0.0020579829598618227 -0.04920910890643215 -0.12003580826799154 -0.175848963383068 -0.21198170806228067 -0.2288816629993598 -0.2336608305246103 -0.24087584368398013 -0.26212558589851714 -0.3100997832676663 -0.38998352682637494 -0.4998241596499979 -0.6292042851494125 -0.7626560942463252 -0.8809205073452693 -0.9643107681091038 -1.0 -0.9784996274513911 -0.8988421438119096 -0.7676140381281449 -0.5966946317662937 -0.390023250402058 -0.19079884025891494 -0.021936064803389135 -0.02105468170210381 -0.046720269807393196 -0.08213868573452479 -0.11566415790174135 -0.14852723807923182 -0.17708221275571923 -0.20477614070013356 -0.23237361102324983 -0.2635658709821751 -0.29947739631126896 -0.34083331581372306 -0.3860362915017874 -0.4314583120010221 -0.47243916228995614 -0.5025768532370094 -0.5181728252578365 -0.5127910251298755 -0.48781716311189965 -0.439231024624709 -0.37459248739743484 -0.2913358956655912 -0.20507370805428168 -0.10501913408406481 -0.049298541822633296
</DataArray>
        <DataArray type="Float64" Name="Mode_20_phi2" NumberOfComponents="1" format="ascii">
 -4.276054321582484e-6 1.643915596899318e-6 -4.2760543115219015e-6 1.6439155949344127e-6 -4.0288975912766e-5 3.811883166968986e-5 -4.774287494928323e-5 2.343450915429179e-5 -1.6369429610031752e-5 2.0928465079485493e-5 -1.0009229596415361e-5 -4.251891244920784e-6 -1.6966820579544445e-5 7.424725166621585e-7 7.446880433097597e-6 1.3848736448259548e-5 5.6676676802358e-6 -8.608695505586786e-7 -5.737292686143125e-6 -3.822476069566923e-6 -2.7240352788383775e-6 -5.256168717162508e-7 -3.285386580168309e-6 2.034369807897454e-6 2.5995754306126763e-7 1.0249900636146904e-5 -5.117358527438938e-6 1.3774903139490476e-5 2.5753487306405476e-5 -1.7982261232118316e-5 1.2735323706744807e-5 -8.035317696921882e-6 6.1946535395407055e-6 -5.2159761268701905e-6 3.4946708645557603e-6 -3.5045428981419196e-6 2.2359880702005545e-6 -1.813600594143724e-6 1.986717579410839e-6 -6.98073407646844e-7 2.568812533366249e-6 -1.285181441289938e-6 4.0118397456543236e-6 -4.221069911486301e-6 6.95906731085789e-6 -9.660431930558805e-6 1.208141719175361e-5 -1.7195856302873776e-5 1.904911064217982e-5 -2.7042289315961538e-5 3.679544232670145e-5 -5.957498371222932e-5 -4.0288975893401074e-5 3.811883163752221e-5 -4.774287493365225e-5 2.343450915402836e-5 -1.636942954655599e-5 2.0928465080297052e-5 -1.0009229559621297e-5 -4.251891275532594e-6 -1.696682062511246e-5 7.424724827808031e-7 7.4468803713179404e-6 1.384873646987778e-5 5.6676677051665004e-6 -8.608695199138335e-7 -5.7372926301765825e-6 -3.8224760596246045e-6 -2.7240352697825937e-6 -5.256168920841226e-7 -3.2853865921118566e-6 2.0343697625028455e-6 2.599575633971781e-7 1.0249900579697463e-5 -5.1173584693658356e-6 1.3774903097866118e-5 2.57534872154311e-5 -1.7982261161653225e-5 1.2735323661461211e-5 -8.035317676397593e-6 6.1946535349557746e-6 -5.215976121855149e-6 3.4946708504283485e-6 -3.504542864482504e-6 2.2359880192452454e-6 -1.8136005375017887e-6 1.9867175433640736e-6 -6.980733945926018e-7 2.5688125324611857e-6 -1.2851814452258606e-6 4.011839749609373e-6 -4.221069925323517e-6 6.959067332948688e-6 -9.660431952624198e-6 1.2081417207817747e-5 -1.7195856301364174e-5 1.9049110637609937e-5 -2.7042289324963987e-5 3.679544236581954e-5 -5.9574983782787936e-5 -0.048610101934977286 -0.040209960578734896 -0.048916868778746306 -0.039448990608981604 -0.03982281745105637 -0.026559148950424206 -0.020086615958484225 -0.0068106561790044545 0.0016188257135441387 0.011560479057286549 0.01728626106683179 0.02168068315172517 0.022508854597449352 0.02207505797884284 0.01944037630797111 0.017734799509278858 0.014967743384499004 0.015336667995250467 0.014277265879577722 0.017249094346393296 0.016389020828578144 0.01961145851821048 0.014252323111724502 0.019318322392802897 -0.0737904522231217 -0.21612095395226638 -0.20669071327742392 -0.1788156603001631 -0.15786850935466495 -0.11148817791431481 -0.06319867983394359 -0.01056331132868944 0.03821809857031532 0.07810687568181718 0.10413308745334836 0.11434882848670973 0.10945943574332842 0.0930907748281923 0.07008220800843945 0.049103401018489375 0.03286847549877451 0.027875072791796015 0.031697115888095456 0.04304258250587263 0.06062719686912572 0.06798207779276805 0.0750853513725693 0.027759309631649406 -0.11789956841609431 -0.32119999688830736 -0.35773314676956214 -0.3166563142252094 -0.25798101533111245 -0.1755103301245097 -0.07377732897252191 0.028787203925291553 0.12297773906907068 0.19479717697824936 0.23604193387585423 0.24010376389378374 0.21225344745236713 0.15977272970332418 0.09609220758458897 0.03694634952945026 -0.0033892396788653893 -0.01977394170739225 -0.0075262324413489365 0.022776162156281435 0.06461893044380292 0.10419440738476225 0.10674504345781012 0.031946687699150954 -0.11139983195204806 -0.30550097350417454 -0.319951678929693 -0.3169387259568969 -0.22895712860689563 -0.1301045535200848 -0.009651430182909348 0.10913423920213582 0.20952819404928907 0.2782228399429698 0.3056712645455329 0.2894161527327585 0.23283270176445744 0.14923495818226082 0.05734595166310497 -0.027698228829613366 -0.0855939290707018 -0.1082721299229749 -0.09467605458442661 -0.050423395906466224 0.0022777895803461853 0.06596491848623987 0.06993017726409904 0.020428921557441262 -0.11159311030514377 -0.21116250883516025 -0.18323677907921426 -0.19067959734914852 -0.10159844062777933 -0.003865844229627248 0.09617210108911149 0.18109541355903114 0.237840130369473 0.2601933588210116 0.2482867641153617 0.20599697347894 0.142923961097824 0.06703734755075648 -0.009319845096584463 -0.07208885086924363 -0.11818070623727675 -0.13627968536964752 -0.12978177046563874 -0.09924513797812258 -0.0631476213195938 -0.018014317162479077 0.0038136443422708667 0.00175053146570304 -0.1065848873206981 -0.19070529780781545 -0.13737172551445354 -0.10580666747387023 -0.006057071599028873 0.09348163175813093 0.1726611235481948 0.21138003022475604 0.20960791813963187 0.17378437333663702 0.11866390473419129 0.0618826397617156 0.013577667274720973 -0.015977607838394435 -0.03266720823973702 -0.03959682174034341 -0.04105830231943243 -0.04736059580378991 -0.05488613866499722 -0.06419973256355149 -0.06791818245029613 -0.07215109950830352 -0.05380435453924396 -0.019055182400317467 -0.12414385360821947 -0.27830547441570475 -0.2633624536198865 -0.1583873014139936 -0.03746703381682897 0.09170026289819282 0.17465285968970698 0.20384652579009502 0.17376729220014986 0.10894596915364528 0.034123846463061165 -0.022907691495486254 -0.043352997154750446 -0.027412179169945684 0.019670771302873175 0.06999680275030759 0.10547569852602678 0.11119529798493004 0.08067675222650356 0.025022198341516085 -0.03455133879875419 -0.08234378753870093 -0.08680935490351509 -0.034873502567691395 -0.132769301095576 -0.3837932985649459 -0.4149440920572644 -0.28243369370778265 -0.1426115017423394 0.014819234989924988 0.12952956590518766 0.18484772482877906 0.1818813878963228 0.1314407818173021 0.06968131967297238 0.021796706352615314 0.011179284336239268 0.04146997137274605 0.09847105940675854 0.1636967450606997 0.20245754412329509 0.20016026101889547 0.15042103489755435 0.06389638912755886 -0.03083888627437 -0.10217299425960245 -0.11558354560014412 -0.04633164696207078 -0.11939494165056058 -0.35746033428747825 -0.4075264499468395 -0.328312996743746 -0.2035730542204884 -0.06208673786579938 0.07368292472807311 0.16844869754441702 0.2166136833431508 0.2222732990880524 0.1943344326809734 0.1607919924112855 0.1336845303843269 0.12793625336509204 0.13705850159673608 0.15022998415399208 0.1542744996842729 0.12848751698045494 0.07290496680076426 -0.0063662098264727265 -0.09131792491821397 -0.15114858411979687 -0.1492344379278471 -0.05030375818739502 -0.07419497580464397 -0.18375406952882617 -0.21094738283724912 -0.23910692851288737 -0.18182315879263722 -0.10347865888819834 0.005405842565951877 0.12261145223508434 0.22053928535708853 0.28838023613300745 0.3159515394561933 0.2989991414897038 0.25208279176266435 0.18278222484895057 0.11184014430356334 0.042650924152608696 -0.015078654070178506 -0.0605967220045902 -0.1013541249453064 -0.13460187374045238 -0.1591200033866136 -0.18084859478884086 -0.14760309109877942 -0.042748631373013164 -0.025208052401529134 0.014789454821414855 0.01760234185304749 -0.09886175151489097 -0.1375865236998978 -0.14488050924267792 -0.09152943684875876 0.012846146865076812 0.14731969995764616 0.26996371508782885 0.35515326134486125 0.3759917965716286 0.32476949792908444 0.2153548608610416 0.07270477878764349 -0.0653077749031295 -0.17650946314867857 -0.23633127216393718 -0.24390362852449335 -0.21472723811932704 -0.1582085058932241 -0.1202884440031605 -0.07716043402032774 -0.022578950850915054 0.0027110846868852916 0.09717376399998365 0.10173855967566689 -0.03610871189171795 -0.14508494839756622 -0.2157260211386101 -0.21118100817354288 -0.12864951455816254 0.015120284855884958 0.1822810903554003 0.317066141769026 0.38621867971713203 0.36408692686210414 0.257805971896973 0.09311041326324551 -0.08095117397224165 -0.21695047393578987 -0.2876222944554768 -0.27493907859727273 -0.1985598535590551 -0.08589769106484563 0.014280182964703106 0.036799440857639136 -0.001208406810190576 -0.0012084070129523285 0.036799440164530156 0.014280182362179206 -0.08589769117298943 -0.19855985322755468 -0.27493907811331997 -0.2876222935135262 -0.21695047324867736 -0.0809511738873243 0.0931104136448401 0.25780597162296415 0.364086926415378 0.386218679097102 0.31706614159053575 0.18228109018011682 0.015120284613122724 -0.12864951415989284 -0.21118100801354997 -0.21572602110252925 -0.14508494820747048 -0.03610871198691896 0.10173855965675124 0.09717376400748595 0.0027110846896966525 -0.022578951181716 -0.07716043507228329 -0.12028844491371299 -0.1582085062091034 -0.21472723752959905 -0.24390362732895737 -0.23633127094695736 -0.1765094617106643 -0.0653077743296926 0.07270477849503318 0.21535486033597595 0.3247694966873021 0.3759917954899462 0.35515326015449916 0.26996371514208856 0.14731970037671815 0.012846147559840527 -0.09152943556897622 -0.14488050837870756 -0.13758652327404577 -0.09886175169044233 0.017602341152721045 0.014789454152638664 -0.0252080526184138 -0.04274863173137544 -0.14760309208815908 -0.18084859575749956 -0.15912000354874326 -0.13460187328714568 -0.10135412357851889 -0.06059672046424569 -0.01507865295111001 0.04265092509160035 0.11184014395067629 0.18278222380603912 0.2520827903535822 0.2989991399539569 0.31595153852931385 0.28838023557345316 0.22053928626903074 0.12261145343705154 0.005405844044545396 -0.10347865744275533 -0.18182315818581643 -0.23910692871519795 -0.21094738390068815 -0.18375407060493534 -0.0741949761260265 -0.050303758450628094 -0.14923443864971644 -0.15114858471168402 -0.09131792513168846 -0.006366209345491748 0.07290496760897493 0.12848751829374325 0.154274500667614 0.1502299845066694 0.13705850174160253 0.12793625230973438 0.13368452918147788 0.16079199105459793 0.19433443185482582 0.22227329887282896 0.21661368361153896 0.16844869891920108 0.07368292605977915 -0.062086736704473997 -0.20357305350954616 -0.32831299690780974 -0.40752645089979034 -0.35746033528768745 -0.11939494195489815 -0.046331647075483824 -0.11558354580543861 -0.10217299446271537 -0.030838886386023664 0.0638963892431656 0.15042103528004389 0.20016026133993028 0.2024575448144348 0.16369674522442304 0.09847105931670667 0.04146997127069783 0.011179283579465212 0.02179670583233334 0.06968131898207938 0.13144078173171822 0.1818813880476196 0.18484772519340978 0.12952956678453656 0.014819235574224881 -0.14261150136505518 -0.28243369369212606 -0.41494409251202485 -0.3837932990877646 -0.13276930126319586 -0.034873502520147134 -0.08680935463405426 -0.0823437873578619 -0.03455133879989536 0.02502219813205369 0.08067675197206049 0.1111952977239335 0.10547569820859803 0.06999680305882458 0.019670771284903816 -0.027412178947170695 -0.043352996751589525 -0.022907691436090574 0.03412384654875579 0.10894596885705227 0.17376729213483758 0.2038465254862627 0.17465285945043021 0.0917002629013414 -0.037467033846766515 -0.15838730129146897 -0.26336245348324766 -0.2783054743058984 -0.12414385357804293 -0.019055182230497177 -0.053804354012193904 -0.0721510990007081 -0.06791818237103323 -0.06419973288773416 -0.05488613943426883 -0.04736059650664809 -0.04105830296181594 -0.03959682216308132 -0.032667207745743956 -0.01597760737070522 0.013577668113212347 0.06188264056332131 0.1186639051780266 0.17378437335763125 0.20960791758100422 0.21138002957862614 0.17266112263140973 0.09348163108662201 -0.006057071871969109 -0.10580666734195385 -0.13737172490889396 -0.19070529721065216 -0.1065848871409329 0.0017505317000401002 0.0038136450301713694 -0.018014316553379206 -0.06314762116058552 -0.09924513830602909 -0.12978177120192994 -0.1362796864707145 -0.11818070692579395 -0.07208885136460914 -0.009319845090033247 0.06703734840286425 0.14292396195467139 0.20599697442183884 0.24828676475910813 0.2601933589628987 0.23784012989571252 0.18109541261103002 0.09617210012172756 -0.0038658451631740404 -0.10159844103882516 -0.19067959720933444 -0.18323677834951954 -0.21116250805747755 -0.11159311003438269 0.020428921778649817 0.06993017787500977 0.06596491903945002 0.002277789802199938 -0.05042339614691105 -0.09467605516633326 -0.10827213066943021 -0.08559392998119097 -0.027698229128857502 0.05734595155693541 0.14923495851998206 0.23283270255255722 0.2894161534788266 0.3056712650493333 0.2782228400887068 0.20952819380242077 0.10913423847970666 -0.009651431040495572 -0.13010455417939457 -0.2289571289969594 -0.3169387258433054 -0.31995167837576655 -0.30550097282535316 -0.1113998317034797 0.031946687886391247 0.10674504385312815 0.10419440771718276 0.0646189306239205 0.022776162082111123 -0.007526232780785377 -0.019773942127181175 -0.003389240102881039 0.036946349092596066 0.09609220758378584 0.15977272978080206 0.21225344772650614 0.2401037642944187 0.2360419341936911 0.19479717702647767 0.12297773893025854 0.02878720363891732 -0.07377732944512574 -0.17551033050161388 -0.25798101548700736 -0.31665631417918855 -0.35773314648364757 -0.3211999964921795 -0.11789956823351928 0.027759309727578042 0.07508535154183227 0.06798207789733553 0.06062719693966914 0.0430425825015599 0.03169711579366685 0.027875072628804804 0.03286847537374095 0.049103400864228985 0.07008220791950098 0.09309077485146226 0.1094594357664203 0.11434882856114353 0.10413308754781277 0.07810687570843942 0.038218098523668025 -0.01056331141703731 -0.06319867992862195 -0.11148817805368397 -0.1578685093978074 -0.1788156602692948 -0.20669071320377747 -0.21612095381145247 -0.07379045212684023 0.01931832244591219 0.014252323127790931 0.01961145854610491 0.016389020836837347 0.017249094344902103 0.014277265873242247 0.01533666798360429 0.014967743363106594 0.017734799502093564 0.019440376275139393 0.022075057972126125 0.022508854591455726 0.021680683149948733 0.017286261071455273 0.011560479062785744 0.0016188257171221 -0.006810656187774506 -0.020086615960816272 -0.02655914896377507 -0.0398228174586176 -0.039448990601958646 -0.048916868768333704 -0.040209960562463426 -0.04861010188921531
</DataArray>
      </PointData>
    </Piece>
    <FieldData>
      <DataArray type="Float64" Name="Selected_Lambda_Real" NumberOfComponents="1" NumberOfTuples="20" format="ascii">
 1.905841240197872e8 2.1778293668294132e8 3.6014963251859605e8 4.7445063464508796e8 4.9749289141365135e8 5.0398534016717386e8 6.848268753643968e8 7.123822590532979e8 7.692669897354769e8 9.006071004901732e8 9.216044346176398e8 9.417952054495319e8 9.903421942444489e8 1.0803060394144373e9 1.1226250865372012e9 1.1477009772882154e9 1.1972739115523577e9 1.3553364412684832e9 1.4161119150460687e9 1.4693086875181248e9
</DataArray>
    </FieldData>
  </UnstructuredGrid>
</VTKFile>
