<?xml version="1.0" encoding="utf-8"?>
<VTKFile type="UnstructuredGrid" version="1.0" byte_order="LittleEndian" header_type="UInt64">
  <UnstructuredGrid>
    <Piece NumberOfPoints="625" NumberOfCells="576">
      <Points>
        <DataArray type="Float64" Name="Points" NumberOfComponents="3" format="ascii">
 0.0 0.0 0.0 1.0 0.0 0.0 1.0 1.0 0.0 0.0 1.0 0.0 0.0416666666665846 0.0 0.0 0.08333333333317297 0.0 0.0 0.1249999999997731 0.0 0.0 0.1666666666663209 0.0 0.0 0.2083333333328659 0.0 0.0 0.2499999999994109 0.0 0.0 0.291666666665956 0.0 0.0 0.333333333332501 0.0 0.0 0.374999999999046 0.0 0.0 0.4166666666655911 0.0 0.0 0.4583333333321362 0.0 0.0 0.499999999998692 0.0 0.0 0.5416666666654577 0.0 0.0 0.5833333333322344 0.0 0.0 0.6249999999990109 0.0 0.0 0.6666666666657874 0.0 0.0 0.708333333332564 0.0 0.0 0.7499999999993405 0.0 0.0 0.7916666666661172 0.0 0.0 0.8333333333328937 0.0 0.0 0.8749999999996703 0.0 0.0 0.9166666666664468 0.0 0.0 0.9583333333332233 0.0 0.0 1.0 0.0416666666665846 0.0 1.0 0.08333333333317297 0.0 1.0 0.1249999999997731 0.0 1.0 0.1666666666663209 0.0 1.0 0.2083333333328659 0.0 1.0 0.2499999999994109 0.0 1.0 0.291666666665956 0.0 1.0 0.333333333332501 0.0 1.0 0.374999999999046 0.0 1.0 0.4166666666655911 0.0 1.0 0.4583333333321362 0.0 1.0 0.499999999998692 0.0 1.0 0.5416666666654577 0.0 1.0 0.5833333333322344 0.0 1.0 0.6249999999990109 0.0 1.0 0.6666666666657874 0.0 1.0 0.708333333332564 0.0 1.0 0.7499999999993405 0.0 1.0 0.7916666666661172 0.0 1.0 0.8333333333328937 0.0 1.0 0.8749999999996703 0.0 1.0 0.9166666666664468 0.0 1.0 0.9583333333332233 0.0 0.9583333333331598 1.0 0.0 0.9166666666663197 1.0 0.0 0.8749999999995012 1.0 0.0 0.833333333333102 1.0 0.0 0.7916666666667245 1.0 0.0 0.7500000000003471 1.0 0.0 0.7083333333339694 1.0 0.0 0.6666666666675918 1.0 0.0 0.625000000001214 1.0 0.0 0.5833333333348364 1.0 0.0 0.5416666666684589 1.0 0.0 0.5000000000020595 1.0 0.0 0.458333333335241 1.0 0.0 0.416666666668401 1.0 0.0 0.3750000000015609 1.0 0.0 0.3333333333347207 1.0 0.0 0.2916666666678807 1.0 0.0 0.2500000000010405 1.0 0.0 0.2083333333342005 1.0 0.0 0.1666666666673604 1.0 0.0 0.1250000000005203 1.0 0.0 0.0833333333336802 1.0 0.0 0.04166666666684016 1.0 0.0 0.0 0.9583333333331598 0.0 0.0 0.9166666666663197 0.0 0.0 0.8749999999995012 0.0 0.0 0.833333333333102 0.0 0.0 0.7916666666667245 0.0 0.0 0.7500000000003471 0.0 0.0 0.7083333333339694 0.0 0.0 0.6666666666675918 0.0 0.0 0.625000000001214 0.0 0.0 0.5833333333348364 0.0 0.0 0.5416666666684589 0.0 0.0 0.5000000000020595 0.0 0.0 0.458333333335241 0.0 0.0 0.416666666668401 0.0 0.0 0.3750000000015609 0.0 0.0 0.3333333333347207 0.0 0.0 0.2916666666678807 0.0 0.0 0.2500000000010405 0.0 0.0 0.2083333333342005 0.0 0.0 0.1666666666673604 0.0 0.0 0.1250000000005203 0.0 0.0 0.0833333333336802 0.0 0.0 0.04166666666684016 0.0 0.04166666666659525 0.04166666666682952 0.0 0.04166666666660591 0.08333333333365907 0.0 0.04166666666661654 0.1250000000004891 0.0 0.0416666666666272 0.1666666666673171 0.0 0.04166666666663785 0.2083333333341448 0.0 0.04166666666664851 0.2500000000009727 0.0 0.04166666666665914 0.2916666666678005 0.0 0.04166666666666978 0.3333333333346282 0.0 0.04166666666668043 0.3750000000014561 0.0 0.04166666666669108 0.4166666666682839 0.0 0.04166666666670172 0.4583333333351116 0.0 0.04166666666671238 0.5000000000019191 0.0 0.04166666666672302 0.5416666666683339 0.0 0.04166666666673368 0.5833333333347279 0.0 0.04166666666674432 0.6250000000011222 0.0 0.04166666666675497 0.6666666666675166 0.0 0.04166666666676563 0.7083333333339108 0.0 0.04166666666677626 0.7500000000003051 0.0 0.04166666666678692 0.7916666666666992 0.0 0.04166666666679756 0.8333333333330932 0.0 0.0416666666668082 0.8749999999995082 0.0 0.04166666666681886 0.916666666666325 0.0 0.0416666666668295 0.9583333333331625 0.0 0.08333333333319408 0.04166666666681886 0.0 0.08333333333321523 0.08333333333363795 0.0 0.08333333333323638 0.125000000000458 0.0 0.0833333333332575 0.1666666666672738 0.0 0.08333333333327865 0.2083333333340893 0.0 0.08333333333329981 0.2500000000009047 0.0 0.08333333333332092 0.2916666666677204 0.0 0.08333333333334206 0.3333333333345357 0.0 0.08333333333336317 0.3750000000013513 0.0 0.08333333333338432 0.4166666666681669 0.0 0.08333333333340544 0.4583333333349822 0.0 0.08333333333342659 0.5000000000017788 0.0 0.08333333333344774 0.5416666666682088 0.0 0.08333333333346886 0.5833333333346196 0.0 0.08333333333348998 0.6250000000010303 0.0 0.08333333333351113 0.6666666666674416 0.0 0.08333333333353225 0.7083333333338522 0.0 0.0833333333335534 0.7500000000002631 0.0 0.08333333333357452 0.7916666666666738 0.0 0.08333333333359567 0.8333333333330847 0.0 0.0833333333336168 0.8749999999995154 0.0 0.08333333333363795 0.9166666666663303 0.0 0.0833333333336591 0.958333333333165 0.0 0.1249999999998042 0.0416666666668082 0.0 0.1249999999998354 0.0833333333336168 0.0 0.1249999999998665 0.1250000000004269 0.0 0.1249999999998976 0.1666666666672305 0.0 0.1249999999999288 0.2083333333340336 0.0 0.1249999999999599 0.2500000000008368 0.0 0.124999999999991 0.2916666666676401 0.0 0.1250000000000221 0.3333333333344432 0.0 0.1250000000000533 0.3750000000012464 0.0 0.1250000000000844 0.4166666666680497 0.0 0.1250000000001156 0.4583333333348529 0.0 0.1250000000001467 0.5000000000016385 0.0 0.1250000000001778 0.5416666666680836 0.0 0.1250000000002089 0.5833333333345112 0.0 0.12500000000024 0.6250000000009386 0.0 0.1250000000002712 0.6666666666673661 0.0 0.1250000000003023 0.7083333333337938 0.0 0.1250000000003335 0.7500000000002212 0.0 0.1250000000003646 0.7916666666666485 0.0 0.1250000000003957 0.8333333333330759 0.0 0.1250000000004269 0.8749999999995224 0.0 0.125000000000458 0.9166666666663357 0.0 0.1250000000004891 0.9583333333331678 0.0 0.1666666666663641 0.04166666666679757 0.0 0.1666666666664074 0.08333333333359565 0.0 0.1666666666664508 0.1250000000003957 0.0 0.1666666666664942 0.1666666666671872 0.0 0.1666666666665375 0.208333333333978 0.0 0.1666666666665808 0.2500000000007688 0.0 0.1666666666666241 0.2916666666675598 0.0 0.1666666666666674 0.3333333333343508 0.0 0.1666666666667107 0.3750000000011418 0.0 0.166666666666754 0.4166666666679327 0.0 0.1666666666667973 0.4583333333347235 0.0 0.1666666666668406 0.5000000000014984 0.0 0.166666666666884 0.5416666666679588 0.0 0.1666666666669273 0.5833333333344026 0.0 0.1666666666669706 0.6250000000008469 0.0 0.1666666666670139 0.666666666667291 0.0 0.1666666666670572 0.7083333333337352 0.0 0.1666666666671005 0.7500000000001794 0.0 0.1666666666671438 0.7916666666666232 0.0 0.1666666666671872 0.8333333333330672 0.0 0.1666666666672305 0.8749999999995293 0.0 0.1666666666672738 0.916666666666341 0.0 0.1666666666673171 0.9583333333331705 0.0 0.2083333333329215 0.04166666666678691 0.0 0.2083333333329771 0.08333333333357455 0.0 0.2083333333330327 0.1250000000003646 0.0 0.2083333333330883 0.1666666666671439 0.0 0.2083333333331439 0.2083333333339224 0.0 0.2083333333331995 0.250000000000701 0.0 0.2083333333332551 0.2916666666674796 0.0 0.2083333333333107 0.3333333333342582 0.0 0.2083333333333663 0.375000000001037 0.0 0.2083333333334219 0.4166666666678156 0.0 0.2083333333334776 0.4583333333345941 0.0 0.2083333333335332 0.500000000001358 0.0 0.2083333333335888 0.5416666666678336 0.0 0.2083333333336444 0.5833333333342943 0.0 0.2083333333337 0.625000000000755 0.0 0.2083333333337556 0.666666666667216 0.0 0.2083333333338112 0.7083333333336768 0.0 0.2083333333338668 0.7500000000001372 0.0 0.2083333333339225 0.7916666666665979 0.0 0.208333333333978 0.8333333333330585 0.0 0.2083333333340336 0.8749999999995363 0.0 0.2083333333340893 0.9166666666663463 0.0 0.2083333333341448 0.9583333333331728 0.0 0.2499999999994789 0.04166666666677628 0.0 0.2499999999995467 0.08333333333355342 0.0 0.2499999999996146 0.1250000000003335 0.0 0.2499999999996825 0.1666666666671005 0.0 0.2499999999997504 0.2083333333338668 0.0 0.2499999999998183 0.2500000000006332 0.0 0.2499999999998862 0.2916666666673995 0.0 0.2499999999999541 0.3333333333341658 0.0 0.250000000000022 0.3750000000009321 0.0 0.2500000000000899 0.4166666666676986 0.0 0.2500000000001578 0.4583333333344648 0.0 0.2500000000002257 0.5000000000012177 0.0 0.2500000000002937 0.5416666666677086 0.0 0.2500000000003615 0.5833333333341859 0.0 0.2500000000004293 0.6250000000006632 0.0 0.2500000000004973 0.6666666666671407 0.0 0.2500000000005652 0.7083333333336179 0.0 0.2500000000006332 0.7500000000000955 0.0 0.250000000000701 0.7916666666665726 0.0 0.2500000000007688 0.8333333333330499 0.0 0.2500000000008368 0.8749999999995435 0.0 0.2500000000009047 0.9166666666663514 0.0 0.2500000000009727 0.9583333333331756 0.0 0.2916666666660362 0.04166666666676563 0.0 0.2916666666661163 0.08333333333353225 0.0 0.2916666666661966 0.1250000000003023 0.0 0.2916666666662767 0.1666666666670572 0.0 0.2916666666663569 0.2083333333338112 0.0 0.2916666666664371 0.2500000000005652 0.0 0.2916666666665174 0.2916666666673193 0.0 0.2916666666665976 0.3333333333340733 0.0 0.2916666666666777 0.3750000000008274 0.0 0.2916666666667579 0.4166666666675815 0.0 0.2916666666668382 0.4583333333343353 0.0 0.2916666666669183 0.5000000000010774 0.0 0.2916666666669985 0.5416666666675836 0.0 0.2916666666670787 0.5833333333340776 0.0 0.2916666666671589 0.6250000000005715 0.0 0.2916666666672392 0.6666666666670654 0.0 0.2916666666673193 0.7083333333335595 0.0 0.2916666666673995 0.7500000000000535 0.0 0.2916666666674796 0.7916666666665473 0.0 0.2916666666675598 0.8333333333330413 0.0 0.2916666666676401 0.8749999999995504 0.0 0.2916666666677203 0.9166666666663568 0.0 0.2916666666678005 0.9583333333331783 0.0 0.3333333333325935 0.04166666666675496 0.0 0.333333333332686 0.08333333333351112 0.0 0.3333333333327785 0.1250000000002712 0.0 0.333333333332871 0.1666666666670139 0.0 0.3333333333329635 0.2083333333337556 0.0 0.3333333333330559 0.2500000000004973 0.0 0.3333333333331484 0.2916666666672392 0.0 0.3333333333332409 0.3333333333339809 0.0 0.3333333333333334 0.3750000000007226 0.0 0.3333333333334259 0.4166666666674644 0.0 0.3333333333335184 0.458333333334206 0.0 0.3333333333336109 0.500000000000937 0.0 0.3333333333337034 0.5416666666674586 0.0 0.3333333333337958 0.5833333333339692 0.0 0.3333333333338883 0.6250000000004796 0.0 0.3333333333339808 0.6666666666669904 0.0 0.3333333333340733 0.7083333333335011 0.0 0.3333333333341659 0.7500000000000115 0.0 0.3333333333342582 0.791666666666522 0.0 0.3333333333343508 0.8333333333330326 0.0 0.3333333333344432 0.8749999999995575 0.0 0.3333333333345358 0.9166666666663621 0.0 0.3333333333346282 0.9583333333331809 0.0 0.3749999999991508 0.04166666666674432 0.0 0.3749999999992557 0.08333333333349001 0.0 0.3749999999993604 0.12500000000024 0.0 0.3749999999994652 0.1666666666669706 0.0 0.37499999999957 0.2083333333337 0.0 0.3749999999996747 0.2500000000004294 0.0 0.3749999999997794 0.2916666666671589 0.0 0.3749999999998844 0.3333333333338883 0.0 0.3749999999999891 0.3750000000006178 0.0 0.3750000000000938 0.4166666666673473 0.0 0.3750000000001986 0.4583333333340767 0.0 0.3750000000003034 0.5000000000007967 0.0 0.3750000000004082 0.5416666666673335 0.0 0.3750000000005129 0.5833333333338606 0.0 0.3750000000006178 0.6250000000003877 0.0 0.3750000000007226 0.6666666666669151 0.0 0.3750000000008273 0.7083333333334423 0.0 0.3750000000009321 0.7499999999999696 0.0 0.3750000000010369 0.7916666666664967 0.0 0.3750000000011418 0.833333333333024 0.0 0.3750000000012464 0.8749999999995646 0.0 0.3750000000013513 0.9166666666663674 0.0 0.3750000000014561 0.9583333333331836 0.0 0.4166666666657082 0.04166666666673368 0.0 0.4166666666658253 0.08333333333346886 0.0 0.4166666666659424 0.1250000000002089 0.0 0.4166666666660594 0.1666666666669273 0.0 0.4166666666661765 0.2083333333336444 0.0 0.4166666666662936 0.2500000000003615 0.0 0.4166666666664107 0.2916666666670787 0.0 0.4166666666665277 0.3333333333337958 0.0 0.4166666666666449 0.375000000000513 0.0 0.4166666666667619 0.4166666666672302 0.0 0.416666666666879 0.4583333333339473 0.0 0.416666666666996 0.5000000000006564 0.0 0.4166666666671131 0.5416666666672083 0.0 0.4166666666672303 0.5833333333337523 0.0 0.4166666666673473 0.625000000000296 0.0 0.4166666666674644 0.6666666666668398 0.0 0.4166666666675816 0.7083333333333839 0.0 0.4166666666676986 0.7499999999999276 0.0 0.4166666666678156 0.7916666666664713 0.0 0.4166666666679326 0.8333333333330153 0.0 0.4166666666680497 0.8749999999995717 0.0 0.4166666666681669 0.9166666666663728 0.0 0.4166666666682839 0.9583333333331863 0.0 0.4583333333322656 0.04166666666672302 0.0 0.4583333333323948 0.08333333333344771 0.0 0.4583333333325242 0.1250000000001778 0.0 0.4583333333326536 0.166666666666884 0.0 0.458333333332783 0.2083333333335888 0.0 0.4583333333329124 0.2500000000002937 0.0 0.4583333333330417 0.2916666666669985 0.0 0.4583333333331712 0.3333333333337034 0.0 0.4583333333333004 0.3750000000004082 0.0 0.4583333333334298 0.4166666666671132 0.0 0.4583333333335592 0.458333333333818 0.0 0.4583333333336885 0.500000000000516 0.0 0.458333333333818 0.5416666666670833 0.0 0.4583333333339472 0.5833333333336437 0.0 0.4583333333340767 0.6250000000002043 0.0 0.458333333334206 0.6666666666667648 0.0 0.4583333333343353 0.7083333333333253 0.0 0.4583333333344648 0.7499999999998856 0.0 0.458333333334594 0.791666666666446 0.0 0.4583333333347235 0.8333333333330066 0.0 0.4583333333348529 0.8749999999995786 0.0 0.4583333333349822 0.9166666666663779 0.0 0.4583333333351116 0.9583333333331889 0.0 0.4999999999988324 0.04166666666671238 0.0 0.4999999999989727 0.08333333333342659 0.0 0.4999999999991129 0.1250000000001467 0.0 0.4999999999992533 0.1666666666668406 0.0 0.4999999999993936 0.2083333333335332 0.0 0.4999999999995339 0.2500000000002257 0.0 0.4999999999996743 0.2916666666669183 0.0 0.4999999999998146 0.3333333333336109 0.0 0.4999999999999547 0.3750000000003034 0.0 0.5000000000000953 0.416666666666996 0.0 0.5000000000002354 0.4583333333336885 0.0 0.5000000000003757 0.5000000000003757 0.0 0.500000000000516 0.5416666666669583 0.0 0.5000000000006564 0.5833333333335353 0.0 0.5000000000007967 0.6250000000001124 0.0 0.500000000000937 0.6666666666666897 0.0 0.5000000000010774 0.7083333333332666 0.0 0.5000000000012177 0.7499999999998437 0.0 0.500000000001358 0.7916666666664207 0.0 0.5000000000014981 0.8333333333329977 0.0 0.5000000000016385 0.8749999999995857 0.0 0.5000000000017788 0.9166666666663832 0.0 0.5000000000019191 0.9583333333331916 0.0 0.5416666666655827 0.04166666666670173 0.0 0.5416666666657077 0.08333333333340547 0.0 0.541666666665833 0.1250000000001156 0.0 0.541666666665958 0.1666666666667973 0.0 0.541666666666083 0.2083333333334776 0.0 0.541666666666208 0.2500000000001578 0.0 0.541666666666333 0.2916666666668382 0.0 0.541666666666458 0.3333333333335184 0.0 0.541666666666583 0.3750000000001986 0.0 0.5416666666667083 0.416666666666879 0.0 0.5416666666668333 0.4583333333335592 0.0 0.5416666666669583 0.5000000000002354 0.0 0.5416666666670833 0.5416666666668333 0.0 0.5416666666672083 0.583333333333427 0.0 0.5416666666673333 0.6250000000000207 0.0 0.5416666666674583 0.6666666666666144 0.0 0.5416666666675836 0.7083333333332082 0.0 0.5416666666677086 0.7499999999998019 0.0 0.5416666666678336 0.7916666666663956 0.0 0.5416666666679586 0.8333333333329893 0.0 0.5416666666680836 0.8749999999995928 0.0 0.5416666666682088 0.9166666666663885 0.0 0.5416666666683339 0.9583333333331943 0.0 0.5833333333323427 0.04166666666669108 0.0 0.5833333333324511 0.08333333333338432 0.0 0.5833333333325597 0.1250000000000844 0.0 0.5833333333326682 0.166666666666754 0.0 0.5833333333327766 0.208333333333422 0.0 0.583333333332885 0.2500000000000899 0.0 0.5833333333329933 0.291666666666758 0.0 0.5833333333331019 0.3333333333334258 0.0 0.5833333333332102 0.3750000000000939 0.0 0.5833333333333186 0.4166666666667619 0.0 0.583333333333427 0.4583333333334298 0.0 0.5833333333335353 0.500000000000095 0.0 0.5833333333336437 0.5416666666667083 0.0 0.5833333333337523 0.5833333333333186 0.0 0.5833333333338606 0.624999999999929 0.0 0.5833333333339692 0.6666666666665392 0.0 0.5833333333340776 0.7083333333331496 0.0 0.5833333333341859 0.74999999999976 0.0 0.5833333333342943 0.7916666666663701 0.0 0.5833333333344026 0.8333333333329804 0.0 0.583333333334511 0.8749999999995999 0.0 0.5833333333346196 0.9166666666663938 0.0 0.5833333333347279 0.9583333333331969 0.0 0.6249999999991027 0.04166666666668044 0.0 0.6249999999991944 0.08333333333336317 0.0 0.6249999999992863 0.1250000000000533 0.0 0.6249999999993783 0.1666666666667107 0.0 0.62499999999947 0.2083333333333663 0.0 0.6249999999995617 0.250000000000022 0.0 0.6249999999996536 0.2916666666666777 0.0 0.6249999999997453 0.3333333333333334 0.0 0.624999999999837 0.3749999999999891 0.0 0.624999999999929 0.4166666666666448 0.0 0.6250000000000207 0.4583333333333004 0.0 0.6250000000001124 0.4999999999999547 0.0 0.6250000000002043 0.541666666666583 0.0 0.625000000000296 0.5833333333332102 0.0 0.6250000000003879 0.624999999999837 0.0 0.6250000000004796 0.6666666666664641 0.0 0.6250000000005715 0.708333333333091 0.0 0.6250000000006632 0.749999999999718 0.0 0.625000000000755 0.7916666666663448 0.0 0.6250000000008469 0.8333333333329718 0.0 0.6250000000009388 0.8749999999996068 0.0 0.6250000000010303 0.9166666666663992 0.0 0.6250000000011222 0.9583333333331996 0.0 0.6666666666658626 0.04166666666666979 0.0 0.6666666666659379 0.08333333333334207 0.0 0.6666666666660129 0.1250000000000221 0.0 0.666666666666088 0.1666666666666674 0.0 0.6666666666661635 0.2083333333333107 0.0 0.6666666666662385 0.2499999999999541 0.0 0.6666666666663138 0.2916666666665976 0.0 0.6666666666663891 0.3333333333332409 0.0 0.6666666666664641 0.3749999999998843 0.0 0.6666666666665392 0.4166666666665277 0.0 0.6666666666666144 0.4583333333331712 0.0 0.6666666666666897 0.4999999999998144 0.0 0.6666666666667648 0.5416666666664582 0.0 0.66666666666684 0.5833333333331017 0.0 0.6666666666669151 0.6249999999997453 0.0 0.6666666666669904 0.6666666666663891 0.0 0.6666666666670654 0.7083333333330326 0.0 0.6666666666671407 0.749999999999676 0.0 0.666666666667216 0.7916666666663195 0.0 0.666666666667291 0.8333333333329631 0.0 0.6666666666673663 0.8749999999996139 0.0 0.6666666666674416 0.9166666666664045 0.0 0.6666666666675166 0.9583333333332023 0.0 0.7083333333326225 0.04166666666665913 0.0 0.7083333333326811 0.08333333333332092 0.0 0.7083333333327397 0.124999999999991 0.0 0.7083333333327981 0.1666666666666241 0.0 0.7083333333328568 0.2083333333332552 0.0 0.7083333333329154 0.2499999999998862 0.0 0.708333333332974 0.2916666666665173 0.0 0.7083333333330326 0.3333333333331485 0.0 0.708333333333091 0.3749999999997795 0.0 0.7083333333331494 0.4166666666664107 0.0 0.708333333333208 0.4583333333330417 0.0 0.7083333333332666 0.4999999999996743 0.0 0.7083333333333253 0.541666666666333 0.0 0.7083333333333839 0.5833333333329933 0.0 0.7083333333334423 0.6249999999996536 0.0 0.7083333333335009 0.6666666666663136 0.0 0.7083333333335595 0.708333333332974 0.0 0.7083333333336181 0.7499999999996341 0.0 0.7083333333336765 0.7916666666662941 0.0 0.7083333333337352 0.8333333333329545 0.0 0.7083333333337938 0.874999999999621 0.0 0.7083333333338524 0.9166666666664096 0.0 0.708333333333911 0.9583333333332049 0.0 0.7499999999993827 0.0416666666666485 0.0 0.7499999999994242 0.08333333333329977 0.0 0.7499999999994664 0.1249999999999599 0.0 0.7499999999995084 0.1666666666665808 0.0 0.7499999999995504 0.2083333333331995 0.0 0.7499999999995921 0.2499999999998183 0.0 0.7499999999996341 0.2916666666664371 0.0 0.7499999999996763 0.333333333333056 0.0 0.749999999999718 0.3749999999996747 0.0 0.74999999999976 0.4166666666662936 0.0 0.7499999999998019 0.4583333333329124 0.0 0.7499999999998437 0.4999999999995339 0.0 0.7499999999998859 0.541666666666208 0.0 0.7499999999999276 0.5833333333328847 0.0 0.7499999999999698 0.6249999999995617 0.0 0.7500000000000115 0.6666666666662385 0.0 0.7500000000000535 0.7083333333329154 0.0 0.7500000000000955 0.7499999999995921 0.0 0.7500000000001372 0.7916666666662688 0.0 0.7500000000001794 0.8333333333329458 0.0 0.7500000000002212 0.8749999999996281 0.0 0.7500000000002631 0.9166666666664152 0.0 0.7500000000003051 0.9583333333332076 0.0 0.7916666666661427 0.04166666666663784 0.0 0.7916666666661678 0.08333333333327862 0.0 0.7916666666661931 0.1249999999999287 0.0 0.7916666666662184 0.1666666666665374 0.0 0.791666666666244 0.2083333333331439 0.0 0.7916666666662688 0.2499999999997504 0.0 0.7916666666662944 0.291666666666357 0.0 0.7916666666663195 0.3333333333329635 0.0 0.7916666666663448 0.37499999999957 0.0 0.7916666666663701 0.4166666666661765 0.0 0.7916666666663954 0.458333333332783 0.0 0.7916666666664209 0.4999999999993936 0.0 0.791666666666446 0.541666666666083 0.0 0.7916666666664716 0.5833333333327764 0.0 0.7916666666664967 0.62499999999947 0.0 0.791666666666522 0.6666666666661635 0.0 0.7916666666665473 0.7083333333328568 0.0 0.7916666666665726 0.7499999999995501 0.0 0.7916666666665979 0.7916666666662437 0.0 0.7916666666666232 0.8333333333329371 0.0 0.7916666666666485 0.874999999999635 0.0 0.7916666666666738 0.9166666666664205 0.0 0.7916666666666992 0.95833333333321 0.0 0.8333333333329025 0.0416666666666272 0.0 0.833333333332911 0.08333333333325753 0.0 0.8333333333329198 0.1249999999998976 0.0 0.8333333333329282 0.1666666666664941 0.0 0.833333333332937 0.2083333333330883 0.0 0.8333333333329458 0.2499999999996825 0.0 0.8333333333329547 0.2916666666662768 0.0 0.8333333333329633 0.3333333333328709 0.0 0.8333333333329718 0.3749999999994652 0.0 0.8333333333329804 0.4166666666660594 0.0 0.8333333333329893 0.4583333333326536 0.0 0.833333333332998 0.4999999999992533 0.0 0.8333333333330064 0.5416666666659578 0.0 0.8333333333330151 0.583333333332668 0.0 0.833333333333024 0.624999999999378 0.0 0.8333333333330326 0.666666666666088 0.0 0.8333333333330413 0.7083333333327981 0.0 0.8333333333330499 0.7499999999995084 0.0 0.8333333333330586 0.7916666666662184 0.0 0.8333333333330675 0.8333333333329285 0.0 0.8333333333330759 0.8749999999996421 0.0 0.8333333333330848 0.9166666666664256 0.0 0.8333333333330932 0.9583333333332127 0.0 0.8749999999996634 0.04166666666661655 0.0 0.8749999999996562 0.08333333333323638 0.0 0.874999999999649 0.1249999999998665 0.0 0.8749999999996421 0.1666666666664508 0.0 0.8749999999996348 0.2083333333330327 0.0 0.8749999999996281 0.2499999999996146 0.0 0.874999999999621 0.2916666666661966 0.0 0.8749999999996141 0.3333333333327785 0.0 0.8749999999996068 0.3749999999993604 0.0 0.8749999999995997 0.4166666666659424 0.0 0.8749999999995928 0.4583333333325242 0.0 0.8749999999995857 0.4999999999991129 0.0 0.8749999999995788 0.541666666665833 0.0 0.8749999999995717 0.5833333333325597 0.0 0.8749999999995643 0.6249999999992863 0.0 0.8749999999995577 0.6666666666660129 0.0 0.8749999999995506 0.7083333333327395 0.0 0.8749999999995435 0.7499999999994664 0.0 0.8749999999995364 0.7916666666661931 0.0 0.8749999999995293 0.8333333333329198 0.0 0.8749999999995222 0.8749999999996492 0.0 0.8749999999995153 0.9166666666664309 0.0 0.8749999999995082 0.9583333333332154 0.0 0.9166666666664416 0.04166666666660589 0.0 0.9166666666664363 0.08333333333321523 0.0 0.9166666666664309 0.1249999999998354 0.0 0.9166666666664256 0.1666666666664075 0.0 0.9166666666664203 0.2083333333329771 0.0 0.9166666666664152 0.2499999999995467 0.0 0.9166666666664096 0.2916666666661163 0.0 0.9166666666664045 0.3333333333326859 0.0 0.9166666666663992 0.3749999999992556 0.0 0.9166666666663938 0.4166666666658253 0.0 0.9166666666663885 0.4583333333323949 0.0 0.9166666666663832 0.4999999999989727 0.0 0.9166666666663779 0.5416666666657077 0.0 0.9166666666663728 0.5833333333324513 0.0 0.9166666666663674 0.6249999999991944 0.0 0.9166666666663619 0.6666666666659379 0.0 0.9166666666663565 0.7083333333326811 0.0 0.9166666666663512 0.7499999999994245 0.0 0.9166666666663463 0.7916666666661678 0.0 0.916666666666341 0.8333333333329112 0.0 0.9166666666663357 0.8749999999996563 0.0 0.9166666666663303 0.9166666666664363 0.0 0.916666666666325 0.958333333333218 0.0 0.9583333333332209 0.04166666666659524 0.0 0.958333333333218 0.08333333333319408 0.0 0.9583333333332156 0.1249999999998042 0.0 0.9583333333332129 0.1666666666663641 0.0 0.9583333333332101 0.2083333333329215 0.0 0.9583333333332076 0.2499999999994788 0.0 0.9583333333332049 0.2916666666660361 0.0 0.9583333333332023 0.3333333333325936 0.0 0.9583333333331996 0.3749999999991508 0.0 0.9583333333331969 0.4166666666657082 0.0 0.9583333333331943 0.4583333333322654 0.0 0.9583333333331916 0.4999999999988324 0.0 0.9583333333331889 0.5416666666655827 0.0 0.9583333333331863 0.5833333333323429 0.0 0.9583333333331836 0.6249999999991027 0.0 0.9583333333331809 0.6666666666658626 0.0 0.9583333333331783 0.7083333333326225 0.0 0.9583333333331756 0.7499999999993825 0.0 0.9583333333331732 0.7916666666661425 0.0 0.9583333333331703 0.8333333333329023 0.0 0.9583333333331678 0.8749999999996634 0.0 0.9583333333331652 0.9166666666664414 0.0 0.9583333333331625 0.9583333333332207 0.0
</DataArray>
      </Points>
      <Cells>
        <DataArray type="Int64" Name="connectivity" NumberOfComponents="1" format="ascii">
 0 4 96 95 95 96 97 94 94 97 98 93 93 98 99 92 92 99 100 91 91 100 101 90 90 101 102 89 89 102 103 88 88 103 104 87 87 104 105 86 86 105 106 85 85 106 107 84 84 107 108 83 83 108 109 82 82 109 110 81 81 110 111 80 80 111 112 79 79 112 113 78 78 113 114 77 77 114 115 76 76 115 116 75 75 116 117 74 74 117 118 73 73 118 72 3 4 5 119 96 96 119 120 97 97 120 121 98 98 121 122 99 99 122 123 100 100 123 124 101 101 124 125 102 102 125 126 103 103 126 127 104 104 127 128 105 105 128 129 106 106 129 130 107 107 130 131 108 108 131 132 109 109 132 133 110 110 133 134 111 111 134 135 112 112 135 136 113 113 136 137 114 114 137 138 115 115 138 139 116 116 139 140 117 117 140 141 118 118 141 71 72 5 6 142 119 119 142 143 120 120 143 144 121 121 144 145 122 122 145 146 123 123 146 147 124 124 147 148 125 125 148 149 126 126 149 150 127 127 150 151 128 128 151 152 129 129 152 153 130 130 153 154 131 131 154 155 132 132 155 156 133 133 156 157 134 134 157 158 135 135 158 159 136 136 159 160 137 137 160 161 138 138 161 162 139 139 162 163 140 140 163 164 141 141 164 70 71 6 7 165 142 142 165 166 143 143 166 167 144 144 167 168 145 145 168 169 146 146 169 170 147 147 170 171 148 148 171 172 149 149 172 173 150 150 173 174 151 151 174 175 152 152 175 176 153 153 176 177 154 154 177 178 155 155 178 179 156 156 179 180 157 157 180 181 158 158 181 182 159 159 182 183 160 160 183 184 161 161 184 185 162 162 185 186 163 163 186 187 164 164 187 69 70 7 8 188 165 165 188 189 166 166 189 190 167 167 190 191 168 168 191 192 169 169 192 193 170 170 193 194 171 171 194 195 172 172 195 196 173 173 196 197 174 174 197 198 175 175 198 199 176 176 199 200 177 177 200 201 178 178 201 202 179 179 202 203 180 180 203 204 181 181 204 205 182 182 205 206 183 183 206 207 184 184 207 208 185 185 208 209 186 186 209 210 187 187 210 68 69 8 9 211 188 188 211 212 189 189 212 213 190 190 213 214 191 191 214 215 192 192 215 216 193 193 216 217 194 194 217 218 195 195 218 219 196 196 219 220 197 197 220 221 198 198 221 222 199 199 222 223 200 200 223 224 201 201 224 225 202 202 225 226 203 203 226 227 204 204 227 228 205 205 228 229 206 206 229 230 207 207 230 231 208 208 231 232 209 209 232 233 210 210 233 67 68 9 10 234 211 211 234 235 212 212 235 236 213 213 236 237 214 214 237 238 215 215 238 239 216 216 239 240 217 217 240 241 218 218 241 242 219 219 242 243 220 220 243 244 221 221 244 245 222 222 245 246 223 223 246 247 224 224 247 248 225 225 248 249 226 226 249 250 227 227 250 251 228 228 251 252 229 229 252 253 230 230 253 254 231 231 254 255 232 232 255 256 233 233 256 66 67 10 11 257 234 234 257 258 235 235 258 259 236 236 259 260 237 237 260 261 238 238 261 262 239 239 262 263 240 240 263 264 241 241 264 265 242 242 265 266 243 243 266 267 244 244 267 268 245 245 268 269 246 246 269 270 247 247 270 271 248 248 271 272 249 249 272 273 250 250 273 274 251 251 274 275 252 252 275 276 253 253 276 277 254 254 277 278 255 255 278 279 256 256 279 65 66 11 12 280 257 257 280 281 258 258 281 282 259 259 282 283 260 260 283 284 261 261 284 285 262 262 285 286 263 263 286 287 264 264 287 288 265 265 288 289 266 266 289 290 267 267 290 291 268 268 291 292 269 269 292 293 270 270 293 294 271 271 294 295 272 272 295 296 273 273 296 297 274 274 297 298 275 275 298 299 276 276 299 300 277 277 300 301 278 278 301 302 279 279 302 64 65 12 13 303 280 280 303 304 281 281 304 305 282 282 305 306 283 283 306 307 284 284 307 308 285 285 308 309 286 286 309 310 287 287 310 311 288 288 311 312 289 289 312 313 290 290 313 314 291 291 314 315 292 292 315 316 293 293 316 317 294 294 317 318 295 295 318 319 296 296 319 320 297 297 320 321 298 298 321 322 299 299 322 323 300 300 323 324 301 301 324 325 302 302 325 63 64 13 14 326 303 303 326 327 304 304 327 328 305 305 328 329 306 306 329 330 307 307 330 331 308 308 331 332 309 309 332 333 310 310 333 334 311 311 334 335 312 312 335 336 313 313 336 337 314 314 337 338 315 315 338 339 316 316 339 340 317 317 340 341 318 318 341 342 319 319 342 343 320 320 343 344 321 321 344 345 322 322 345 346 323 323 346 347 324 324 347 348 325 325 348 62 63 14 15 349 326 326 349 350 327 327 350 351 328 328 351 352 329 329 352 353 330 330 353 354 331 331 354 355 332 332 355 356 333 333 356 357 334 334 357 358 335 335 358 359 336 336 359 360 337 337 360 361 338 338 361 362 339 339 362 363 340 340 363 364 341 341 364 365 342 342 365 366 343 343 366 367 344 344 367 368 345 345 368 369 346 346 369 370 347 347 370 371 348 348 371 61 62 15 16 372 349 349 372 373 350 350 373 374 351 351 374 375 352 352 375 376 353 353 376 377 354 354 377 378 355 355 378 379 356 356 379 380 357 357 380 381 358 358 381 382 359 359 382 383 360 360 383 384 361 361 384 385 362 362 385 386 363 363 386 387 364 364 387 388 365 365 388 389 366 366 389 390 367 367 390 391 368 368 391 392 369 369 392 393 370 370 393 394 371 371 394 60 61 16 17 395 372 372 395 396 373 373 396 397 374 374 397 398 375 375 398 399 376 376 399 400 377 377 400 401 378 378 401 402 379 379 402 403 380 380 403 404 381 381 404 405 382 382 405 406 383 383 406 407 384 384 407 408 385 385 408 409 386 386 409 410 387 387 410 411 388 388 411 412 389 389 412 413 390 390 413 414 391 391 414 415 392 392 415 416 393 393 416 417 394 394 417 59 60 17 18 418 395 395 418 419 396 396 419 420 397 397 420 421 398 398 421 422 399 399 422 423 400 400 423 424 401 401 424 425 402 402 425 426 403 403 426 427 404 404 427 428 405 405 428 429 406 406 429 430 407 407 430 431 408 408 431 432 409 409 432 433 410 410 433 434 411 411 434 435 412 412 435 436 413 413 436 437 414 414 437 438 415 415 438 439 416 416 439 440 417 417 440 58 59 18 19 441 418 418 441 442 419 419 442 443 420 420 443 444 421 421 444 445 422 422 445 446 423 423 446 447 424 424 447 448 425 425 448 449 426 426 449 450 427 427 450 451 428 428 451 452 429 429 452 453 430 430 453 454 431 431 454 455 432 432 455 456 433 433 456 457 434 434 457 458 435 435 458 459 436 436 459 460 437 437 460 461 438 438 461 462 439 439 462 463 440 440 463 57 58 19 20 464 441 441 464 465 442 442 465 466 443 443 466 467 444 444 467 468 445 445 468 469 446 446 469 470 447 447 470 471 448 448 471 472 449 449 472 473 450 450 473 474 451 451 474 475 452 452 475 476 453 453 476 477 454 454 477 478 455 455 478 479 456 456 479 480 457 457 480 481 458 458 481 482 459 459 482 483 460 460 483 484 461 461 484 485 462 462 485 486 463 463 486 56 57 20 21 487 464 464 487 488 465 465 488 489 466 466 489 490 467 467 490 491 468 468 491 492 469 469 492 493 470 470 493 494 471 471 494 495 472 472 495 496 473 473 496 497 474 474 497 498 475 475 498 499 476 476 499 500 477 477 500 501 478 478 501 502 479 479 502 503 480 480 503 504 481 481 504 505 482 482 505 506 483 483 506 507 484 484 507 508 485 485 508 509 486 486 509 55 56 21 22 510 487 487 510 511 488 488 511 512 489 489 512 513 490 490 513 514 491 491 514 515 492 492 515 516 493 493 516 517 494 494 517 518 495 495 518 519 496 496 519 520 497 497 520 521 498 498 521 522 499 499 522 523 500 500 523 524 501 501 524 525 502 502 525 526 503 503 526 527 504 504 527 528 505 505 528 529 506 506 529 530 507 507 530 531 508 508 531 532 509 509 532 54 55 22 23 533 510 510 533 534 511 511 534 535 512 512 535 536 513 513 536 537 514 514 537 538 515 515 538 539 516 516 539 540 517 517 540 541 518 518 541 542 519 519 542 543 520 520 543 544 521 521 544 545 522 522 545 546 523 523 546 547 524 524 547 548 525 525 548 549 526 526 549 550 527 527 550 551 528 528 551 552 529 529 552 553 530 530 553 554 531 531 554 555 532 532 555 53 54 23 24 556 533 533 556 557 534 534 557 558 535 535 558 559 536 536 559 560 537 537 560 561 538 538 561 562 539 539 562 563 540 540 563 564 541 541 564 565 542 542 565 566 543 543 566 567 544 544 567 568 545 545 568 569 546 546 569 570 547 547 570 571 548 548 571 572 549 549 572 573 550 550 573 574 551 551 574 575 552 552 575 576 553 553 576 577 554 554 577 578 555 555 578 52 53 24 25 579 556 556 579 580 557 557 580 581 558 558 581 582 559 559 582 583 560 560 583 584 561 561 584 585 562 562 585 586 563 563 586 587 564 564 587 588 565 565 588 589 566 566 589 590 567 567 590 591 568 568 591 592 569 569 592 593 570 570 593 594 571 571 594 595 572 572 595 596 573 573 596 597 574 574 597 598 575 575 598 599 576 576 599 600 577 577 600 601 578 578 601 51 52 25 26 602 579 579 602 603 580 580 603 604 581 581 604 605 582 582 605 606 583 583 606 607 584 584 607 608 585 585 608 609 586 586 609 610 587 587 610 611 588 588 611 612 589 589 612 613 590 590 613 614 591 591 614 615 592 592 615 616 593 593 616 617 594 594 617 618 595 595 618 619 596 596 619 620 597 597 620 621 598 598 621 622 599 599 622 623 600 600 623 624 601 601 624 50 51 26 1 27 602 602 27 28 603 603 28 29 604 604 29 30 605 605 30 31 606 606 31 32 607 607 32 33 608 608 33 34 609 609 34 35 610 610 35 36 611 611 36 37 612 612 37 38 613 613 38 39 614 614 39 40 615 615 40 41 616 616 41 42 617 617 42 43 618 618 43 44 619 619 44 45 620 620 45 46 621 621 46 47 622 622 47 48 623 623 48 49 624 624 49 2 50
</DataArray>
        <DataArray type="Int64" Name="offsets" NumberOfComponents="1" format="ascii">
 4 8 12 16 20 24 28 32 36 40 44 48 52 56 60 64 68 72 76 80 84 88 92 96 100 104 108 112 116 120 124 128 132 136 140 144 148 152 156 160 164 168 172 176 180 184 188 192 196 200 204 208 212 216 220 224 228 232 236 240 244 248 252 256 260 264 268 272 276 280 284 288 292 296 300 304 308 312 316 320 324 328 332 336 340 344 348 352 356 360 364 368 372 376 380 384 388 392 396 400 404 408 412 416 420 424 428 432 436 440 444 448 452 456 460 464 468 472 476 480 484 488 492 496 500 504 508 512 516 520 524 528 532 536 540 544 548 552 556 560 564 568 572 576 580 584 588 592 596 600 604 608 612 616 620 624 628 632 636 640 644 648 652 656 660 664 668 672 676 680 684 688 692 696 700 704 708 712 716 720 724 728 732 736 740 744 748 752 756 760 764 768 772 776 780 784 788 792 796 800 804 808 812 816 820 824 828 832 836 840 844 848 852 856 860 864 868 872 876 880 884 888 892 896 900 904 908 912 916 920 924 928 932 936 940 944 948 952 956 960 964 968 972 976 980 984 988 992 996 1000 1004 1008 1012 1016 1020 1024 1028 1032 1036 1040 1044 1048 1052 1056 1060 1064 1068 1072 1076 1080 1084 1088 1092 1096 1100 1104 1108 1112 1116 1120 1124 1128 1132 1136 1140 1144 1148 1152 1156 1160 1164 1168 1172 1176 1180 1184 1188 1192 1196 1200 1204 1208 1212 1216 1220 1224 1228 1232 1236 1240 1244 1248 1252 1256 1260 1264 1268 1272 1276 1280 1284 1288 1292 1296 1300 1304 1308 1312 1316 1320 1324 1328 1332 1336 1340 1344 1348 1352 1356 1360 1364 1368 1372 1376 1380 1384 1388 1392 1396 1400 1404 1408 1412 1416 1420 1424 1428 1432 1436 1440 1444 1448 1452 1456 1460 1464 1468 1472 1476 1480 1484 1488 1492 1496 1500 1504 1508 1512 1516 1520 1524 1528 1532 1536 1540 1544 1548 1552 1556 1560 1564 1568 1572 1576 1580 1584 1588 1592 1596 1600 1604 1608 1612 1616 1620 1624 1628 1632 1636 1640 1644 1648 1652 1656 1660 1664 1668 1672 1676 1680 1684 1688 1692 1696 1700 1704 1708 1712 1716 1720 1724 1728 1732 1736 1740 1744 1748 1752 1756 1760 1764 1768 1772 1776 1780 1784 1788 1792 1796 1800 1804 1808 1812 1816 1820 1824 1828 1832 1836 1840 1844 1848 1852 1856 1860 1864 1868 1872 1876 1880 1884 1888 1892 1896 1900 1904 1908 1912 1916 1920 1924 1928 1932 1936 1940 1944 1948 1952 1956 1960 1964 1968 1972 1976 1980 1984 1988 1992 1996 2000 2004 2008 2012 2016 2020 2024 2028 2032 2036 2040 2044 2048 2052 2056 2060 2064 2068 2072 2076 2080 2084 2088 2092 2096 2100 2104 2108 2112 2116 2120 2124 2128 2132 2136 2140 2144 2148 2152 2156 2160 2164 2168 2172 2176 2180 2184 2188 2192 2196 2200 2204 2208 2212 2216 2220 2224 2228 2232 2236 2240 2244 2248 2252 2256 2260 2264 2268 2272 2276 2280 2284 2288 2292 2296 2300 2304
</DataArray>
        <DataArray type="UInt8" Name="types" NumberOfComponents="1" format="ascii">
 9 9 9 9 9 9 9 9 9 9 9 9 9 9 9 9 9 9 9 9 9 9 9 9 9 9 9 9 9 9 9 9 9 9 9 9 9 9 9 9 9 9 9 9 9 9 9 9 9 9 9 9 9 9 9 9 9 9 9 9 9 9 9 9 9 9 9 9 9 9 9 9 9 9 9 9 9 9 9 9 9 9 9 9 9 9 9 9 9 9 9 9 9 9 9 9 9 9 9 9 9 9 9 9 9 9 9 9 9 9 9 9 9 9 9 9 9 9 9 9 9 9 9 9 9 9 9 9 9 9 9 9 9 9 9 9 9 9 9 9 9 9 9 9 9 9 9 9 9 9 9 9 9 9 9 9 9 9 9 9 9 9 9 9 9 9 9 9 9 9 9 9 9 9 9 9 9 9 9 9 9 9 9 9 9 9 9 9 9 9 9 9 9 9 9 9 9 9 9 9 9 9 9 9 9 9 9 9 9 9 9 9 9 9 9 9 9 9 9 9 9 9 9 9 9 9 9 9 9 9 9 9 9 9 9 9 9 9 9 9 9 9 9 9 9 9 9 9 9 9 9 9 9 9 9 9 9 9 9 9 9 9 9 9 9 9 9 9 9 9 9 9 9 9 9 9 9 9 9 9 9 9 9 9 9 9 9 9 9 9 9 9 9 9 9 9 9 9 9 9 9 9 9 9 9 9 9 9 9 9 9 9 9 9 9 9 9 9 9 9 9 9 9 9 9 9 9 9 9 9 9 9 9 9 9 9 9 9 9 9 9 9 9 9 9 9 9 9 9 9 9 9 9 9 9 9 9 9 9 9 9 9 9 9 9 9 9 9 9 9 9 9 9 9 9 9 9 9 9 9 9 9 9 9 9 9 9 9 9 9 9 9 9 9 9 9 9 9 9 9 9 9 9 9 9 9 9 9 9 9 9 9 9 9 9 9 9 9 9 9 9 9 9 9 9 9 9 9 9 9 9 9 9 9 9 9 9 9 9 9 9 9 9 9 9 9 9 9 9 9 9 9 9 9 9 9 9 9 9 9 9 9 9 9 9 9 9 9 9 9 9 9 9 9 9 9 9 9 9 9 9 9 9 9 9 9 9 9 9 9 9 9 9 9 9 9 9 9 9 9 9 9 9 9 9 9 9 9 9 9 9 9 9 9 9 9 9 9 9 9 9 9 9 9 9 9 9 9 9 9 9 9 9 9 9 9 9 9 9 9 9 9 9 9 9 9 9 9 9 9 9 9 9 9 9 9 9 9 9 9 9 9 9 9 9 9 9 9 9 9 9 9 9 9 9 9
</DataArray>
      </Cells>
      <PointData>
        <DataArray type="Float64" Name="Mode_1_w" NumberOfComponents="1" format="ascii">
 5.710855142825483e-7 -9.676967952991204e-7 5.710855181072677e-7 -9.676968189369738e-7 -1.6268002669887512e-6 5.495285122518058e-7 -4.963195795632138e-7 6.219324942745141e-7 3.094073951231344e-7 3.094073951231344e-7 1.947192140998497e-7 3.958090404511929e-7 1.1934250344719647e-6 2.1816530106152752e-6 2.823836388590837e-6 3.0514701764856054e-6 2.766263988540241e-6 2.050817748303528e-6 1.0733713260868822e-6 3.6589343007737773e-7 -5.928693929551215e-8 -5.928693929551215e-8 6.601527350131532e-7 -1.953491598025135e-7 5.697369220210263e-7 -8.787359994072944e-7 -2.9915964817276447e-7 4.337205891947992e-7 -6.334748050738632e-7 7.320981135162578e-7 -1.0569352599897363e-6 -2.766505951503111e-7 -2.766505951503111e-7 -1.2578730809019953e-6 -1.1315900707336975e-6 -1.2284892152996535e-6 -1.1121919789570043e-6 -1.0175013373049398e-6 -1.0163952003601716e-6 -1.000183580296892e-6 -1.1208044183635394e-6 -1.145874073872307e-6 -1.2921279351140518e-6 -9.048332905978236e-7 -9.048332905978236e-7 -9.504985522918775e-7 -3.223120778721786e-8 -6.568793679666393e-7 1.0143391421468512e-6 -1.437681806914704e-6 -1.6268002828474143e-6 5.495285241071866e-7 -4.96319578833447e-7 6.219325148270263e-7 3.0940738111048003e-7 3.0940738111048003e-7 1.947192280029111e-7 3.9580902533808643e-7 1.1934250506659224e-6 2.181652997513524e-6 2.8238364212053024e-6 3.051470143494105e-6 2.7662640002953222e-6 2.050817729455498e-6 1.0733713261448241e-6 3.6589344753960553e-7 -5.928697272051324e-8 -5.928697272051324e-8 6.601527410476311e-7 -1.953491699954265e-7 5.697369365442093e-7 -8.787360006436416e-7 -2.991596322751072e-7 4.337205728304482e-7 -6.334747965500773e-7 7.320980985337267e-7 -1.0569352334254013e-6 -2.766506107040237e-7 -2.766506107040237e-7 -1.2578730645398414e-6 -1.1315900742310857e-6 -1.2284892304491452e-6 -1.1121919614173374e-6 -1.0175013628235734e-6 -1.0163951892880373e-6 -1.0001835801562936e-6 -1.1208044125638498e-6 -1.1458740814997772e-6 -1.2921279414761355e-6 -9.048332921092579e-7 -9.048332921092579e-7 -9.504985425554291e-7 -3.223121878905297e-8 -6.568793504445472e-7 1.0143391248708066e-6 -1.4376817912225898e-6 0.0003247881045193571 0.0008565519677462471 0.0010395533563897488 0.0015329200090401951 0.0020693509648433465 0.00262548025731328 0.00262548025731328 0.0031708711476865327 0.00362640335196497 0.003981448147741413 0.0041847656558473036 0.004243100868785115 0.004127512779316601 0.0038788197772512975 0.0034754567509160737 0.003004109704443212 0.002432769273831628 0.0019137084737713603 0.0019137084737713603 0.0013678778741778182 0.0010336298997824396 0.0007086199317805757 0.00024952066351301166 0.0010700066454575662 0.00557793064709636 0.0083045770555458 0.012938020482595321 0.017999201518786416 0.023341955551762817 0.023341955551762817 0.02833290283943104 0.032620899891926396 0.03583632628981972 0.037763097021928274 0.03827965803886554 0.037310145777357265 0.03500261184530553 0.031431559197037225 0.026976741487496677 0.021847534611470855 0.016642536032820957 0.016642536032820957 0.011670271853900209 0.007481545607420043 0.0049053502693314766 0.0009216934765853705 0.0018453672755680273 0.011712574319889904 0.02100523310522221 0.034332014506140124 0.049175443342471724 0.06430437967594167 0.06430437967594167 0.0785026134719761 0.09052793484390292 0.0996155780363335 0.10510862658211213 0.10668302697099163 0.10422825281121097 0.09791865759935343 0.08820891466298401 0.07570309422220099 0.06137253618428412 0.04626330215493109 0.04626330215493109 0.03179463247316521 0.019209843303534715 0.010193271494620201 0.001695128852531195 0.0030523860472760084 0.020667123935341848 0.04112367643174154 0.06773209682316234 0.09708065185380296 0.1266591516105259 0.1266591516105259 0.15410300566203042 0.1773786176290518 0.19491093400777118 0.20561064707439178 0.20879635080490874 0.20429539948920084 0.1924051315279777 0.17390240552616953 0.14998925793572163 0.12223540733340843 0.12223540733340843 0.09278211772757956 0.06389467046818434 0.03816133689517218 0.018517693681945276 0.0027485776317183078 0.00456104144862533 0.032065762838651805 0.06718396962935233 0.11137078003297629 0.15926949524033826 0.20709033366717872 0.20709033366717872 0.25118127319153566 0.28843649503326513 0.3165221714871876 0.3337110582732391 0.33899072832956445 0.3320465877973019 0.3133459282343679 0.28403572401468674 0.2459363338794504 0.20146760103502465 0.20146760103502465 0.15374753030572108 0.10642982490859877 0.06332911371624685 0.02938951192225002 0.004165546725637621 0.00456104144862533 0.032065762838651805 0.06718396962935233 0.11137078003297629 0.15926949524033826 0.23092510414661963 0.20709033366717872 0.25118127319153566 0.28843649503326513 0.3165221714871876 0.3337110582732391 0.48727855413514515 0.47772098521349604 0.4515177986701138 0.41023650031996506 0.35631256453790877 0.20146760103502465 0.15374753030572108 0.2246587888993843 0.15610464345475408 0.09294621776670546 0.04200676645148434 0.005747330915295449 0.006205978506770285 0.04504707279541448 0.09733711781933357 0.16171498505269516 0.23092510414661963 0.29939431684857465 0.29939431684857465 0.3622266909595854 0.4151900447740732 0.45508796500713083 0.4795902020770869 0.48727855413514515 0.47772098521349604 0.4515177986701138 0.41023650031996506 0.35631256453790877 0.2930419817492678 0.2246587888993843 0.2246587888993843 0.15610464345475408 0.09294621776670546 0.04200676645148434 0.005747330915295449 0.007913509338006946 0.05837207966240184 0.12865928818919398 0.21407137357521092 0.30526288483375075 0.3950176135171151 0.3950176135171151 0.47703428509059187 0.5460542772710837 0.5980354530293179 0.6300381590203665 0.6402667352742711 0.6281517619136702 0.5944290006893126 0.5410426094744191 0.4710499965601973 0.38855950903219155 0.29889724961516506 0.29889724961516506 0.20836328223017975 0.12413687808312704 0.05535328831494986 0.007446241169519213 0.009442308615343434 0.07066437541423128 0.15776388975046637 0.26280160778674816 0.3744638315128863 0.4839399135390811 0.4839399135390811 0.5837414770286978 0.6676136032576063 0.7307926326631107 0.7697891923468635 0.7824569136260817 0.7680996534671638 0.7275626138055592 0.6631222323971558 0.5783628581590109 0.47813941005077715 0.3687221309605169 0.3687221309605169 0.2576494339283458 0.15369640842775986 0.06793257099677963 0.009021207417999043 0.010672548476825137 0.08048236749800328 0.1812812926138453 0.30226316723800795 0.4305608268133725 0.5560745926168483 0.5560745926168483 0.6703180140666081 0.7662862166093285 0.8386084305351561 0.8833684480124634 0.8981328725015894 0.8820927165718427 0.8361676547274385 0.7628881457875033 0.6662489445908047 0.5516734124427486 0.4262069567500372 0.4262069567500372 0.2983520097559791 0.17817213446157426 0.07844386128709897 0.01035252121450334 0.011420752750101057 0.08665715715376808 0.19629503094662576 0.32763701568112613 0.4667540661265314 0.6027335170585523 0.6027335170585523 0.7264431353841491 0.8303711698403055 0.9087674614806164 0.957421551560287 0.9737089257696327 0.9567346827312562 0.9074524528553446 0.8285398755911538 0.7242473841746212 0.6003593710196047 0.4644008079778005 0.4644008079778005 0.3255232644886707 0.19462106667725781 0.08554650236562067 0.01124800788770912 0.011629023380575218 0.08842605159197281 0.20094245525770482 0.3357281905045387 0.4785338876416059 0.6181445044291556 0.6181445044291556 0.7452063484177142 0.8520301033028066 0.9327158240675838 0.9829430143456956 1.0 0.9829430143181567 0.9327158240344933 0.8520301032512195 0.7452063483643926 0.6181445043466285 0.6181445043466285 0.4785338875245261 0.3357281904096857 0.20094245519486573 0.0884260515636704 0.01162902337454774 0.011248007900887858 0.08554650244932831 0.1946210668464858 0.3255232647566624 0.4644008083185798 0.4644008083185798 0.600359371434805 0.7242473846386533 0.8285398760877872 0.907452453384406 0.9567346832756092 0.9737089263094282 0.9574215520536039 0.9087674619355973 0.8303711702210752 0.7264431356873591 0.6027335172711958 0.6027335172711958 0.46675406626365895 0.32763701577368515 0.19629503100129103 0.08665715716848449 0.011420752749635414 0.010352521226534333 0.07844386138925717 0.17817213472637908 0.2983520101696579 0.4262069573146077 0.4262069573146077 0.551673413133733 0.6662489454039101 0.7628881467054467 0.836167655683842 0.8820927175753139 0.8981328735069943 0.8833684489677706 0.838608431411967 0.7662862173851791 0.6703180147075286 0.5560745931041722 0.5560745931041722 0.43056082716097765 0.30226316748527415 0.1812812927531506 0.08048236755110827 0.010672548480869851 0.009021207435111946 0.06793257114016141 0.1536964087452415 0.25764943445648 0.3687221316610938 0.3687221316610938 0.4781394109280657 0.5783628591858183 0.6631222335629269 0.727562615068797 0.7680996547678687 0.7824569149514301 0.7697891936133475 0.7307926338560151 0.6676136043024317 0.5837414779180247 0.4839399142417013 0.4839399142417013 0.37446383204926187 0.26280160817104387 0.15776388999178137 0.07066437551028909 0.009442308626151212 0.007446241187048326 0.05535328845610462 0.1241368784505772 0.20836328279126007 0.298897250387277 0.298897250387277 0.3885595099879795 0.4710499976965446 0.5410426107388076 0.5944290020718739 0.6281517633743393 0.6402667367333987 0.6300381604538374 0.5980354543543134 0.5460542784654764 0.47703428611446086 0.39501761434655025 0.39501761434655025 0.30526288547760766 0.21407137402867013 0.1286592884547649 0.0583720797773819 0.007913509349094867 0.0057473309349058005 0.04200676658463707 0.09294621807859423 0.15610464400299798 0.22465878963150981 0.29304198269052417 0.29304198269052417 0.3563125656314727 0.41023650156601227 0.45151780001341996 0.47772098663149454 0.4872785555704336 0.4795902034649909 0.4550879663141911 0.41519004595765846 0.36222669197560653 0.2993943176900696 0.2993943176900696 0.23092510479300837 0.16171498553129332 0.09733711809377506 0.0450470729140747 0.006205978522769877 0.0057473309349058005 0.04200676658463707 0.09294621807859423 0.10642982534510975 0.15374753092761312 0.20146760182583223 0.29304198269052417 0.3563125656314727 0.41023650156601227 0.45151780001341996 0.47772098663149454 0.4872785555704336 0.33371105947790086 0.3165221726264205 0.28843649606308897 0.2511812740950925 0.20709033441387617 0.23092510479300837 0.159269495828996 0.1113707804390077 0.06718396989776884 0.03206576294554557 0.004561041459835659 0.004165546739173698 0.02938951203401001 0.06332911397470621 0.10642982534510975 0.15374753092761312 0.15374753092761312 0.20146760182583223 0.24593633482892388 0.2840357250796306 0.31334592939324013 0.3320465890201256 0.3389907295586317 0.33371105947790086 0.3165221726264205 0.28843649606308897 0.2511812740950925 0.20709033441387617 0.20709033441387617 0.159269495828996 0.1113707804390077 0.06718396989776884 0.03206576294554557 0.004561041459835659 0.0027485776439221377 0.018517693772276068 0.03816133707440813 0.0638946707877842 0.09278211817656079 0.09278211817656079 0.12223540791912138 0.14998925863056606 0.17390240632246837 0.19240513239573398 0.2042954004084245 0.20879635173287 0.20561064798470904 0.19491093486301184 0.17737861841691063 0.15410300635600582 0.1266591521961639 0.1266591521961639 0.09708065231992113 0.0677320971545469 0.041123676632294055 0.0206671240253814 0.0030523860613818807 0.0016951288599392174 0.010193271541903269 0.019209843409235892 0.031794632654561214 0.04626330242739045 0.04626330242739045 0.06137253654116816 0.07570309465162076 0.08820891514425634 0.09791865812928954 0.10422825338126412 0.10668302755546197 0.10510862715221009 0.09961557857955133 0.09052793533718412 0.07850261391539343 0.06430438005362764 0.06430438005362764 0.049175443644369286 0.03433201473235814 0.021005233243607573 0.011712574373784753 0.0018453672821601356 0.0009216934831299554 0.004905350298109396 0.007481545646260905 0.011670271943380012 0.016642536155560453 0.016642536155560453 0.021847534778554212 0.02697674167342948 0.03143155940928758 0.035002612078948656 0.037310146019890154 0.03827965830210361 0.037763097281065854 0.035836326546313406 0.03262090012159023 0.028332903037797005 0.023341955724692682 0.023341955724692682 0.017999201668449618 0.012938020591281869 0.008304577123493669 0.005577930696183302 0.0010700066541527923 0.0002495206688376934 0.0007086199371937423 0.0010336299094098186 0.0013678778844382772 0.0019137084934202863 0.0019137084934202863 0.002432769293767375 0.0030041097306915524 0.003475456779092793 0.0038788198078931304 0.00412751280925277 0.004243100905548327 0.00418476569065957 0.00398144818210046 0.0036264033823614583 0.003170871174683208 0.0026254802819167576 0.0026254802819167576 0.0020693509851215917 0.0015329200240358721 0.0010395533654027123 0.0008565519765388135 0.00032478810757625916
</DataArray>
        <DataArray type="Float64" Name="Mode_1_phi1" NumberOfComponents="1" format="ascii">
 4.629356592419494e-6 -4.45815216972141e-6 -4.62935663608535e-6 4.458152107434926e-6 2.3893622010694863e-5 -1.5243584651815218e-5 6.81024166732831e-6 -4.6259355597618875e-6 4.884878189022212e-6 -1.7708575689297797e-6 3.7518667063816868e-6 -8.934324420997482e-9 2.335850174886982e-6 6.422061714120571e-7 4.529702183877003e-7 6.739325766151235e-7 -1.805387457934276e-6 9.266250709527052e-7 -4.255112972811467e-6 2.2992207101558777e-6 -6.642368110810401e-6 5.453899639641881e-6 -9.688559651958957e-6 1.1471290940857698e-5 -1.6225048469668855e-5 2.715300810052182e-5 -3.505694513702565e-5 -1.7229740520502557e-5 1.2694263906528108e-5 -6.0113193921499456e-6 6.871512222483383e-6 -2.2589683630413293e-6 2.253823265361252e-6 -2.323077966987919e-6 -6.838543280869954e-7 -3.0809829743504604e-6 -2.297903800077473e-6 -3.680253200631637e-6 -2.6504264140196795e-6 -4.065373504076713e-6 -1.5552943685174773e-6 -4.415844145576935e-6 1.2709872728215298e-6 -5.229185423629281e-6 6.395766913725531e-6 -7.970395612558795e-6 1.4661562501211675e-5 -1.5326180627086973e-5 1.964615856662323e-5 -1.6730143879252697e-5 -2.3893622177540408e-5 1.524358443863774e-5 -6.810241047819486e-6 4.6259346858089025e-6 -4.88487724359413e-6 1.7708567094195876e-6 -3.7518660268046515e-6 8.933770280789078e-9 -2.3358495813159178e-6 -6.422068836595486e-7 -4.5296940454826883e-7 -6.739334613039225e-7 1.8053884680868844e-6 -9.266261678342443e-7 4.255114043216221e-6 -2.299221676161731e-6 6.642368966922404e-6 -5.453900335805513e-6 9.688560146721302e-6 -1.1471291272686157e-5 1.6225048536950353e-5 -2.7153007931062947e-5 3.505694496191686e-5 1.7229740739271354e-5 -1.269426423493017e-5 6.0113198790161895e-6 -6.871512789077398e-6 2.2589690517902084e-6 -2.2538240797678986e-6 2.323078743645823e-6 6.838535623343162e-7 3.080983775724362e-6 2.2979028274894294e-6 3.680254250803996e-6 2.6504255474702796e-6 4.065373985979821e-6 1.5552939622547565e-6 4.4158443590141825e-6 -1.2709873688826726e-6 5.229185570545485e-6 -6.395767064213937e-6 7.970395479138934e-6 -1.4661562095039394e-5 1.5326180180486107e-5 -1.9646158199393714e-5 1.673014364504321e-5 0.021571139842396374 0.03538037182983334 0.06664794510484118 0.08968970895584152 0.12633835986110972 0.16039552801438237 0.1988337187963414 0.23210620682352 0.26234313703071394 0.284380432844522 0.2988324715057394 0.3034896345893316 0.2989596520795099 0.2849193148210946 0.2628975880771701 0.2335929681590698 0.20005537974079152 0.1632207610444491 0.12804263257750984 0.09394459342207323 0.0678705624774182 0.04186347614370631 0.025813378706171005 0.02046071706370143 0.09641479265156776 0.17715509321407072 0.2758232657572551 0.3969816745338738 0.5269744608802929 0.6537230953231293 0.7711966661973462 0.8689093480623531 0.9424758873275896 0.9870290853617396 1.0003149486536727 0.9817245627088635 0.9326058167812319 0.8552578242472699 0.755373427348188 0.6373283293330007 0.5112401312685775 0.38402516011836446 0.26447642366959045 0.17239632047459452 0.08925419613830728 0.018554793351157884 0.02935092237804204 0.11644506492890537 0.2665109097577746 0.45166820428048 0.6660372410175722 0.8885396157038936 1.1057816559708566 1.3018501378248108 1.466017686070771 1.5887885838842872 1.6636959422007043 1.6872539293642996 1.6582686587160915 1.5780439007152685 1.451619305327087 1.284105136656981 1.0873061342299468 0.8699001106203526 0.6496503062687136 0.4405286814819339 0.2590216881692595 0.11378108876896774 0.031007715887088765 0.03669965959553947 0.17498621299821515 0.3986526944295375 0.6683248652977716 0.9677104177612309 1.2754976680865882 1.5704222882279415 1.8359735951154743 2.05715164009587 2.2223530644982827 2.3235505836947628 2.3556861407204934 2.317546152164629 2.2110594469038243 2.041316959828138 1.8177209808219417 1.5505585183531858 1.256658643630258 0.951232251166418 0.6540998568077462 0.3886563401459397 0.17191864884484417 0.03545150852101432 0.04607748555191664 0.21507862767735061 0.4960741416943238 0.8390138369952085 1.213141158975346 1.5907235028654931 1.950379673985984 2.2715572372131816 2.538024407146827 2.7370338433284127 2.8589927995769457 2.8985587772672767 2.8539233824579897 2.7273175164162295 2.524598671879106 2.2552716102821897 1.9330056881469222 1.5733846417017585 1.1976005250840398 0.8265680791997503 0.48856264517662834 0.21238544887223545 0.046405262217807296 0.050141297287403554 0.24436673922403143 0.5664706574626511 0.9566802899064594 1.3788801219263935 1.8028180978223984 2.2026686918613447 2.558672349059886 2.853222630933903 3.072761942655478 3.207767364372677 3.2522609661214004 3.2044379867598 3.066398755982682 2.844269205930845 2.5479457477177756 2.1910377644922083 1.7911432009601544 1.3684780946419715 0.9483054737287876 0.5609025338046336 0.2416430089586802 0.04917705335564132 0.05254182940323013 0.2538097103637456 0.590144944670223 0.9981757306658628 1.4360752181461378 1.873359589958427 2.2849070133891947 2.649481582706599 2.950769065057172 3.1753966729639758 3.3137631141195527 3.3602141234759664 3.312805508651701 3.1734783890418576 2.948043062233518 2.6461278624302422 2.2809855004604267 1.8694561207053482 1.4324626892612624 0.9948634182526954 0.5881417903996564 0.2535902507311376 0.052689712440843514 0.04907665551519555 0.24118551359870843 0.5620456463119323 0.9507980198785559 1.366877473622117 1.7812721991690574 2.1697393677192554 2.5138288747885538 2.797668323681897 3.009478111527332 3.140508585875506 3.1853819714027196 3.142268477156024 3.0128410609450835 2.8022365556810644 2.5190690695513007 2.1753073029024708 1.7863963055768226 1.3713433554814098 0.9540505315806753 0.5646126928539672 0.24163947038048186 0.048422467222163444 0.04216557819873539 0.20582421539542542 0.4793644612471109 0.8117732665176561 1.16627306949146 1.519036636977921 1.8496549616178097 2.1419849550182493 2.383503348001756 2.563991987425304 2.676244680670398 2.715745079245849 2.680797501082955 2.572637210764312 2.3954154497633064 2.1561138294679605 1.8645882311660555 1.533564592722657 1.1790812757789784 0.8214560987830161 0.48591949681709307 0.20817886452406403 0.04217686266528389 0.030607397728215857 0.14935285524682343 0.3478579072599342 0.589268351744426 0.8469587333294015 1.103237074460219 1.3435268647372982 1.5564563667213704 1.7325990629702113 1.8648534751343053 1.9478590392090211 1.9782621115053012 1.9547186916878918 1.8779352307283508 1.7507045184287753 1.5779010444774995 1.3664467245170149 1.1255252814407877 0.8665383953159858 0.60434560488858 0.3579756683846721 0.15239078110792667 0.029957782331886625 0.016283419877578913 0.07809591896163248 0.180190501473035 0.3057471585157451 0.43981200413156996 0.5739379988785573 0.7002025599284942 0.8126531408293124 0.9064785857550874 0.9777148963116317 1.0234830593318605 1.041842841164502 1.031874049360485 0.9937238583821656 0.9286374799642586 0.8390029893604682 0.7283238084600017 0.6012752157967884 0.46398332066391956 0.3242028711777157 0.19211419953267034 0.0813573734763778 0.015992792231259063 0.0003798633537590479 -0.001867208850013713 -0.006427774572774988 -0.009789269173554103 -0.012761935038534986 -0.01457175809193425 -0.014950070250831277 -0.01398853327360371 -0.011786660087212866 -0.008503825816478114 -0.004453366302225471 5.9631131716656245e-9 0.004453377966409348 0.008503836899165628 0.011786670159663755 0.0139885422939871 0.014950077874087812 0.014571763914411817 0.012761939995099548 0.009789272688177848 0.006427776952285543 0.0018672099260148678 -0.00037986336925561 -0.015992791951229015 -0.08135737269213568 -0.19211419783334702 -0.32420286792030806 -0.463983316517775 -0.6012752095468474 -0.7283238006095413 -0.839002980358361 -0.9286374698144024 -0.9937238478654584 -1.0318740382557883 -1.041842829858464 -1.0234830482047983 -0.977714885877306 -0.9064785763342623 -0.8126531326681533 -0.7002025530964107 -0.5739379929030753 -0.4398119994441647 -0.3057471551268987 -0.18019049968342876 -0.07809591827731262 -0.0162834196106184 -0.02995778247351295 -0.1523907806860506 -0.3579756666712083 -0.604345602416948 -0.8665383911769495 -1.125525276577561 -1.366446718421697 -1.5779010369793434 -1.7507045102664736 -1.8779352218253953 -1.954718682595935 -1.978262102163322 -1.9478590300234708 -1.8648534664821017 -1.7325990547141803 -1.5564563595000895 -1.3435268585059967 -1.1032370695413523 -0.8469587293864348 -0.5892683490572744 -0.34785790553233 -0.14935285439196133 -0.030607397758695885 -0.04217686241424758 -0.20817886384074577 -0.4859194958993206 -0.8214560967410974 -1.179081273565098 -1.533564589527753 -1.8645882274955048 -2.1561138252949554 -2.3954154447216305 -2.5726372052637134 -2.6807974952142177 -2.7157450733232897 -2.67624467464935 -2.5639919813337118 -2.383503342719264 -2.1419849500631556 -1.8496549571396732 -1.5190366328335787 -1.1662730660944465 -0.8117732638457442 -0.4793644596365858 -0.2058242146397546 -0.04216557802298044 -0.048422467355280566 -0.2416394703369106 -0.5646126921140227 -0.9540505310713533 -1.3713433544022477 -1.7863963043513587 -2.1753073011248127 -2.5190690677513152 -2.8022365539425085 -3.0128410585988807 -3.142268474575623 -3.1853819688105975 -3.1405085831032915 -3.009478109111225 -2.7976683211133357 -2.5138288721548356 -2.169739365355536 -1.7812721969696939 -1.3668774720776875 -0.950798019044631 -0.5620456459882046 -0.24118551346886818 -0.04907665550560397 -0.05268971229081918 -0.2535902509843548 -0.5881417914029754 -0.9948634189177255 -1.4324626900836606 -1.8694561213725684 -2.28098550136963 -2.6461278633438186 -2.948043063002768 -3.1734783902254566 -3.3128055098109552 -3.360214124487222 -3.3137631153780647 -3.17539667386254 -2.9507690655833407 -2.6494815832989413 -2.284907013542779 -1.8733595901086681 -1.4360752179243692 -0.9981757303951028 -0.5901449444963933 -0.2538097102913393 -0.05254182925853219 -0.049177053539102365 -0.2416430094107157 -0.5609025347204462 -0.9483054757265502 -1.3684780971227437 -1.7911432038222146 -2.1910377677059447 -2.5479457511369246 -2.84426920999174 -3.0663987600935063 -3.2044379910732474 -3.252260970647492 -3.2077673684590033 -3.0727619463880282 -2.8532226344390925 -2.5586723518661123 -2.202668694127341 -1.8028180995019554 -1.378880123486364 -0.9566802909847878 -0.5664706577707612 -0.24436673943363788 -0.05014129745064526 -0.04640526223249361 -0.2123854492031977 -0.4885626465825714 -0.8265680814825138 -1.19760052821839 -1.5733846457985028 -1.933005692959058 -2.255271615949008 -2.5245986776965754 -2.7273175227140527 -2.8539233889934126 -2.898558783741775 -2.8589928058983425 -2.737033849493655 -2.538024412610106 -2.2715572418870345 -1.9503796779172329 -1.590723505861836 -1.2131411611995089 -0.8390138385129307 -0.49607414287090773 -0.21507862803137642 -0.04607748538303038 -0.0354515086850703 -0.17191864961557865 -0.38865634173438046 -0.6540998593216847 -0.9512322548551401 -1.2566586481220776 -1.5505585238158919 -1.817720986960827 -2.0413169669405886 -2.211059454355641 -2.3175461597600133 -2.3556861482554075 -2.323550591140173 -2.222353071500764 -2.0571516465973594 -1.8359736009855128 -1.5704222930520024 -1.275497672173491 -0.9677104207286631 -0.6683248673588541 -0.39865269562932576 -0.17498621377136278 -0.0366996598223473 -0.031007715916532303 -0.11378108928511618 -0.25902168941986736 -0.44052868365530623 -0.6496503090831138 -0.8699001146090145 -1.0873061390183052 -1.2841051425690164 -1.4516193116940073 -1.5780439076782016 -1.6582686660851962 -1.687253936738697 -1.6636959492599954 -1.588788590526674 -1.4660176921501555 -1.301850143442774 -1.105781661012609 -0.8885396197481431 -0.6660372440203799 -0.45166820647270967 -0.2665109110237117 -0.11644506502477087 -0.029350922311194443 -0.01855479328215665 -0.08925419652453515 -0.17239632136316083 -0.2644764251082232 -0.38402516265373765 -0.5112401344648796 -0.6373283335082425 -0.7553734318239655 -0.8552578293281831 -0.9326058222934991 -0.9817245686132309 -1.0003149545148418 -0.9870290913546973 -0.9424758929410596 -0.8689093535096485 -0.7711966710118185 -0.6537230994605763 -0.5269744643986308 -0.396981677455463 -0.27582326791458517 -0.17715509432037524 -0.09641479338311416 -0.02046071720965729 -0.025813378770514196 -0.041863476491858204 -0.06787056291251806 -0.09394459431402326 -0.12804263355721796 -0.16322076258445975 -0.2000553811938996 -0.23359297004759483 -0.2628975898939789 -0.28491931705140655 -0.29895965400829133 -0.30348963707357934 -0.2988324738423709 -0.2843804351977433 -0.2623431390488398 -0.23210620861744105 -0.198833720387943 -0.16039552952767935 -0.1263383610443862 -0.08968970970988316 -0.06664794582868996 -0.035380372160212115 -0.021571140059480277
</DataArray>
        <DataArray type="Float64" Name="Mode_1_phi2" NumberOfComponents="1" format="ascii">
 5.351201042048876e-6 4.212307488156933e-6 -5.351201117146903e-6 -4.212307433974638e-6 1.0421568669304892e-5 -1.99408275414764e-5 5.721302024626774e-6 -1.3299194075746584e-5 4.6176231021856345e-7 -5.96923007767922e-6 2.867333619288361e-6 1.6040186790854825e-6 7.633946189396905e-6 8.044841457914517e-6 1.1075471393922327e-5 1.0688737891745903e-5 1.0933231787200915e-5 8.537459181404053e-6 7.204413362573514e-6 2.716262379295051e-6 1.9618494787579608e-6 -4.233650886498786e-6 -1.3776189574611444e-6 -1.031947877919561e-5 9.730769348499978e-7 -1.4945167294568398e-5 1.099608075728551e-5 4.4466590911245605e-5 -3.494204156895589e-5 2.1177323679334143e-5 -1.5564149711436935e-5 1.2397953157050908e-5 -8.67398343629121e-6 7.461737593295028e-6 -4.902995616816466e-6 4.2145633961449714e-6 -2.5928318528024857e-6 1.9932162434494505e-6 -1.1832603992625768e-6 5.620426634142671e-7 -4.887744603443128e-7 -2.317588864826616e-7 -3.0245694146435785e-7 -5.40144856124517e-7 -5.250698704644387e-7 -1.455552805966904e-7 -6.925135344766879e-7 -1.33568749613213e-6 1.3834879318384797e-5 -2.784401031036347e-5 -1.0421568764770759e-5 1.9940827587167357e-5 -5.721302113294038e-6 1.3299194206478699e-5 -4.6176244173908563e-7 5.9692301279134065e-6 -2.8673337146367157e-6 -1.60401865017397e-6 -7.633946376523737e-6 -8.044841289736446e-6 -1.1075471433762511e-5 -1.0688738024039653e-5 -1.0933231564403898e-5 -8.53745920908631e-6 -7.204413649964066e-6 -2.7162617345427288e-6 -1.961850056897989e-6 4.233651441115112e-6 1.3776184132526646e-6 1.0319479391645371e-5 -9.73077525873264e-7 1.4945167703711685e-5 -1.0996080870276776e-5 -4.446659044067354e-5 3.4942041029197684e-5 -2.1177323200390165e-5 1.5564149257630956e-5 -1.2397952679690886e-5 8.673983043090821e-6 -7.461737359298254e-6 4.9029955099165905e-6 -4.214563261238913e-6 2.592831548541367e-6 -1.9932158316727536e-6 1.1832600579401587e-6 -5.620424329356929e-7 4.887743209175292e-7 2.3175897162887334e-7 3.024568333601607e-7 5.401449766750749e-7 5.250697710051428e-7 1.4555542468773216e-7 6.92513209647789e-7 1.335687870138004e-6 -1.3834879447303027e-5 2.7844010148833894e-5 0.021643106176958637 0.01269839385552069 0.01192913969381228 0.015524448714463937 0.01740664544728564 0.018285977007272677 0.01780299169962114 0.01586867018178138 0.012921833976615343 0.009106472995111572 0.0045674446038680185 0.00011936102668365503 -0.005057478568910154 -0.008714252112672696 -0.013599745152634348 -0.015007856297620708 -0.01876811814172906 -0.016550887596466765 -0.01896805238061418 -0.012396861839166247 -0.015528079742658381 -0.008279714308491648 -0.026508029726229718 0.046782901195473965 0.08610006581228498 0.04778899880434692 0.09703005312306723 0.09752269886313483 0.10466836854024526 0.09907597735224181 0.08772914239727347 0.07049827078030699 0.04863975555280751 0.024647295707310328 -0.0014688859692803076 -0.0269782520508421 -0.05083067070642978 -0.07235375690598192 -0.0879422499421711 -0.09974756390529858 -0.10191881143071287 -0.09814886125767665 -0.08912236669873992 -0.055630303553785364 -0.06825383288445333 -0.05622235118517012 0.09910333846764402 0.1957687640561155 0.1705198101762429 0.25783301787499735 0.27214253021514057 0.2810331919304718 0.26591968279474976 0.23328765718478484 0.18621255339211135 0.12864396574122117 0.06407976153973804 -0.004080183291439903 -0.07146226558492985 -0.13536866860398067 -0.19092550819028484 -0.23613274936914905 -0.26573279739099626 -0.27830563439343226 -0.2688111275994816 -0.2459708095522943 -0.17385267812388383 -0.17818730071988018 -0.10662657098450849 0.16028383035238866 0.3624120300998233 0.3777851399610714 0.5054441669755717 0.5383054422996738 0.5456829205374946 0.5134454371396954 0.4477649417582374 0.35708214578688474 0.24612544479340742 0.12284739836659345 -0.006752387563330728 -0.1358464616397881 -0.25742329126478003 -0.36541070125109376 -0.4527409848734853 -0.513669735109218 -0.54192215141178 -0.531092461022939 -0.49015329738976404 -0.3764563905985502 -0.33590961484216286 -0.16981518430127032 0.24269678767776168 0.584642652209503 0.6609368069366468 0.8344409630092896 0.8831015353635122 0.8860763406632013 0.8276248238405626 0.7202276658974344 0.5723787095218051 0.395031917147475 0.19740404589511817 -0.00940009337825863 -0.21559361467217478 -0.410596011256583 -0.5843410596296709 -0.7267844216566367 -0.8287364162871649 -0.8804455309098969 -0.8736277772041189 -0.8158780552117186 -0.6538167438201714 -0.5528854417133338 -0.2525152683950666 0.33550997433155594 0.8489812648081895 1.0023924079677944 1.225231395286295 1.2888798179980057 1.2817111613551475 1.191663833586962 1.0333253825543185 0.8203995166659015 0.565697368750448 0.28380719914297237 -0.011536746277471602 -0.3057629938234393 -0.5849109151779024 -0.8348236094357533 -1.0418402502885602 -1.192905986861347 -1.2757516774656756 -1.2767019413705103 -1.20419594186655 -0.9903223021406341 -0.8131295089879141 -0.3463361542772409 0.4378362562597015 1.1355262566631463 1.3767275973785387 1.6482651833668576 1.7263352876904532 1.7053187865663026 1.5793930134449399 1.366282664947867 1.0831983005332122 0.7470983452658779 0.37578500335636045 -0.012578900000571134 -0.39994427873768573 -0.7680740384197707 -1.0992027064560856 -1.3756913846961096 -1.5810668721296042 -1.699032336469169 -1.7130766688659373 -1.6256938226737216 -1.3622378542138918 -1.0975851087907906 -0.4480109762083002 0.5378203705641207 1.421186325602202 1.7514697117646443 2.069266697479871 2.159499329360402 2.1238049654802436 1.96087603047201 1.6933514861080707 1.341268410157894 0.9253117537247845 0.4668248459708257 -0.012478004844352285 -0.490748234926809 -0.9461757832523466 -1.357224133334617 -1.7028103169827509 -1.9628754958933814 -2.117747517782027 -2.1462620365445666 -2.0478601000227914 -1.7350976724209777 -1.384756493278518 -0.5473555130877624 0.6293764900256056 1.678218273006121 2.091605439777817 2.449404111586105 2.5502017654839473 2.5000380552570585 2.3037647434609423 1.9868189488879706 1.5730360233661027 1.0857162830198872 0.5494371010187932 -0.011021743997321087 -0.5705640762084577 -1.1041825348003167 -1.5871915005719759 -1.9953868827359427 -2.3056140453692864 -2.4949879293632327 -2.538572252448729 -2.4305918348589888 -2.076695391229949 -1.646392473235376 -0.6369575418416143 0.7019262600445293 1.8816532668585682 2.3625208387085967 2.751436951657957 2.8604586051118717 2.7988336806243574 2.5758493751714044 2.220071644993856 1.757454790114798 1.213940315174169 0.6162856811421147 -0.008241201976627754 -0.6321069388393006 -1.2277727570656656 -1.7681298322047079 -2.226535757178221 -2.577396670908505 -2.7951339184620267 -2.8517957968543057 -2.7376180664749694 -2.35068412654326 -1.8581520113035417 -0.7073956875144722 0.7495898851538055 2.009996519466321 2.5358318663744495 2.9444956583729875 3.0591382533065077 2.9905499581802144 2.750898673199867 2.3705784955098315 1.877116638471633 1.297857210583323 0.6610986470957684 -0.004413325899889001 -0.6695682553108324 -1.305284578157144 -1.8828444673191282 -2.374080782260408 -2.7517617288049774 -2.988615234864401 -3.054506672930866 -2.937092438057592 -2.5295173361004886 -1.9973877098766875 -0.7523417522436865 0.7667751113936974 2.049907661511411 2.593520307152068 3.0085081430211886 3.1261198712841662 3.0559887930724594 2.811564101085149 2.4236796585379476 1.920351584630517 1.3293644727856315 0.6794980283847042 -2.495501303089981e-10 -0.679498028861707 -1.3293644728294638 -1.9203515851001902 -2.4236796586567477 -2.811564101747026 -3.055988793607947 -3.1261198709760816 -3.0085081422513023 -2.593520306563976 -2.049907660934739 -0.7667751111558063 0.7523417529045464 1.997387711421072 2.529517338151209 2.9370924399562215 3.054506674452294 2.9886152360784597 2.751761729803938 2.37408078310425 1.8828444678631855 1.305284578574988 0.6695682554259613 0.004413325263966312 -0.661098647947017 -1.297857211566689 -1.8771166399781298 -2.370578497066788 -2.7508986751589037 -2.990549959952362 -3.0591382540358985 -2.9444956591244638 -2.535831867009271 -2.00999651996909 -0.7495898852095747 0.7073956883020833 1.858152013727291 2.350684129778713 2.7376180695713486 2.8517957997569 2.7951339211510557 2.577396673200116 2.2265357593100026 1.7681298334241984 1.227772757877548 0.6321069394208911 0.00824120139758901 -0.6162856824379968 -1.2139403168499219 -1.7574547924349218 -2.22007164777461 -2.5758493783205934 -2.798833683394065 -2.860458607173877 -2.7514369537281094 -2.362520840669004 -1.8816532681907148 -0.7019262603418784 0.6369575428301903 1.6463924765595632 2.076695395171156 2.4305918390905292 2.5385722560846564 2.494987932902133 2.3056140485725103 1.9953868857520294 1.5871915024313348 1.104182536173459 0.5705640767615647 0.011021743672447609 -0.5494371026307983 -1.0857162849036395 -1.5730360266363559 -1.9868189522352582 -2.3037647474697076 -2.5000380587919344 -2.550201768451718 -2.449404114647331 -2.091605442616191 -1.6782182752350925 -0.6293764907306889 0.5473555144469836 1.3847564964961476 1.7350976774109017 2.0478601042427855 2.146262040888728 2.1177475217878117 1.9628754996579254 1.7028103200630604 1.357224135944429 0.9461757848572232 0.49074823590194583 0.012478004165188846 -0.46682484697777216 -0.9253117564645583 -1.3412684132565948 -1.6933514898805504 -1.960876034766937 -2.1238049693426015 -2.1594993333039723 -2.0692667012690293 -1.7514697153861676 -1.4211863282267743 -0.5378203714520436 0.4480109772713617 1.097585112373866 1.362237858548667 1.6256938276244721 1.713076673024203 1.6990323408830177 1.5810668758485382 1.3756913877576566 1.0992027091070198 0.7680740404352255 0.3999442794147454 0.012578899889724033 -0.37578500493472194 -0.7470983475087363 -1.0831983034964334 -1.3662826688822562 -1.5793930174049227 -1.705318790860664 -1.7263352915343666 -1.6482651877688406 -1.3767276009983975 -1.1355262595043207 -0.43783625722604946 0.34633615541332496 0.8131295117876141 0.9903223061379838 1.204195946346212 1.2767019454034176 1.2757516816893437 1.1929059902026182 1.0418402535263673 0.8348236115491703 0.5849109169675029 0.30576299466836737 0.011536745820732098 -0.28380720023506467 -0.5656973706365879 -0.8203995195759602 -1.0333253857944644 -1.191663837321834 -1.2817111652378068 -1.2888798218085764 -1.2252313992689876 -1.0023924113461724 -0.8489812676897365 -0.33550997524403087 0.2525152692276766 0.5528854442416395 0.6538167465015454 0.8158780590256796 0.8736277806315559 0.8804455343759579 0.8287364193580736 0.7267844241022292 0.584341061645438 0.41059601281329194 0.21559361523103412 0.009400093166413463 -0.19740404666549002 -0.395031918904712 -0.5723787115816631 -0.720227668537822 -0.8276248269043156 -0.8860763437141007 -0.8831015390678776 -0.8344409658821889 -0.6609368103056763 -0.5846426545390826 -0.2426967885021159 0.16981518516673003 0.33590961633183863 0.3764563926878943 0.49015329994659396 0.5310924636084516 0.5419221540184993 0.5136697372827432 0.45274098680648256 0.36541070269703857 0.2574232924829371 0.13584646219591298 0.0067523875130728606 -0.12284739909593352 -0.2461254458804879 -0.3570821473430571 -0.44776494350050267 -0.5134454392273017 -0.5456829228762902 -0.5383054448465022 -0.5054441694754189 -0.37778514234038346 -0.3624120319222261 -0.16028383095574497 0.10662657141739044 0.17818730170711514 0.1738526790676987 0.24597081132668228 0.26881112921317135 0.2783056361054109 0.2657327986603813 0.23613275038592874 0.19092550910677275 0.13536866940555523 0.07146226600497481 0.004080183349608991 -0.06407976198486647 -0.12864396628035088 -0.18621255442394813 -0.23328765826236156 -0.2659196840858984 -0.2810331932887786 -0.2721425316421753 -0.25783301962941013 -0.17051981173846287 -0.19576876520076855 -0.0991033389679948 0.05622235167377903 0.06825383306873972 0.055630303997014074 0.08912236758409661 0.09814886188784479 0.10191881224929446 0.09974756427750656 0.08794225040631978 0.07235375739589761 0.05083067087273223 0.02697825236828269 0.0014688861371791573 -0.02464729583472536 -0.04863975574806045 -0.07049827139428955 -0.08772914293474514 -0.09907597784239688 -0.1046683690092561 -0.09752269962863354 -0.09703005393444501 -0.04778899918894915 -0.08610006649793848 -0.04678290155710655 0.026508029931397878 0.008279714284287093 0.015528079923776712 0.012396861914039447 0.0189680526351975 0.01655088764610358 0.018768118294550953 0.015007856406914794 0.013599745216047374 0.008714252108117807 0.005057478737464965 -0.00011936105943919811 -0.004567444586649697 -0.009106473077383447 -0.012921834078526442 -0.015868670322794667 -0.017802991798238122 -0.01828597716555758 -0.01740664562761138 -0.01552444894369006 -0.011929139683204394 -0.01269839401188485 -0.0216431063854058
</DataArray>
        <DataArray type="Float64" Name="Mode_2_w" NumberOfComponents="1" format="ascii">
 3.1620734938650396e-7 4.7301655493827653e-7 -3.162073490755212e-7 -4.730165556073775e-7 -6.947250213994473e-7 6.153755489703997e-7 3.444764193134298e-8 5.636394425017911e-7 3.920941068995898e-7 3.920941068995898e-7 5.744887458583901e-7 6.607818159445884e-7 6.7535784345571e-7 5.496301005489049e-7 2.70973067607934e-7 -2.0370027370569005e-8 -3.2063368615075933e-7 -5.493481120225845e-7 -6.511427782826213e-7 -6.6986854422907e-7 -4.1704538842371393e-7 -4.1704538842371393e-7 -6.448892185668302e-7 -1.049539178783125e-7 -6.451211450727329e-7 1.894259630535263e-7 -1.0929293901709736e-7 -8.224667771226221e-8 2.754690432628188e-7 -4.663824176865349e-7 1.7010146812307518e-7 -2.3363915534839505e-7 -2.3363915534839505e-7 1.7180296743043219e-7 7.061242061685735e-8 6.146942494595107e-8 -3.2548697929674956e-8 -9.63080541917489e-8 -1.1113326202416003e-7 -9.825522953285258e-8 -4.629701382538645e-8 3.704883839409749e-8 1.0666465485977497e-7 3.4960259343784624e-8 3.4960259343784624e-8 2.5539599618722198e-8 -2.6950384663789845e-7 1.6072953532157626e-7 -5.117031354165926e-7 7.200155732732413e-7 6.94725021516254e-7 -6.15375551781271e-7 -3.444764390122253e-8 -5.636394420444236e-7 -3.9209410502266843e-7 -3.9209410502266843e-7 -5.744887496033934e-7 -6.607818116120788e-7 -6.753578455491488e-7 -5.496300988012237e-7 -2.709730676653174e-7 2.0370027691746518e-8 3.206336837467992e-7 5.493481137115465e-7 6.511427765011366e-7 6.698685447849097e-7 4.170453876738439e-7 4.170453876738439e-7 6.448892196688203e-7 1.049539168119351e-7 6.451211465172523e-7 -1.8942596315627249e-7 1.0929293939694991e-7 8.224667691826789e-8 -2.754690410791887e-7 4.663824151283462e-7 -1.7010146540946797e-7 2.336391539869289e-7 2.336391539869289e-7 -1.7180296759206743e-7 -7.0612419379726e-8 -6.14694271342437e-8 3.254870116237999e-8 9.630805281163251e-8 1.1113326246554861e-7 9.825522907903053e-8 4.629701268772295e-8 -3.704883590740131e-8 -1.0666465538508954e-7 -3.4960261140422615e-8 -3.4960261140422615e-8 -2.5539596852272696e-8 2.6950384549401825e-7 -1.6072953468436036e-7 5.117031361493908e-7 -7.200155713512971e-7 0.0001763797324881369 0.0004979281382244409 0.0007109975277829043 0.0010395332148010214 0.0013835867297166844 0.0017010854880335463 0.0017010854880335463 0.0020005961170544645 0.002235587158752664 0.002417270008281136 0.002518135912629267 0.0025486523812022766 0.002493757610606374 0.0023711007102201593 0.0021687131490308285 0.0019201135685177225 0.0016079333711178556 0.0012941841371328583 0.0012941841371328583 0.0009452118155014936 0.0006648120178870405 0.00040844944675458094 0.00012682150718114845 0.0005053681096349578 0.002871865416695751 0.0050704128380947636 0.007759832064332643 0.01052013444349279 0.013173725885058845 0.013173725885058845 0.015525099016119894 0.017465404748410202 0.018883578319967786 0.019724658572683823 0.019953156321434764 0.01954520156843322 0.01854991307357815 0.016974894036554954 0.014945406325398324 0.012503670743256838 0.009860978780656789 0.009860978780656789 0.007125792656130808 0.0045255379609008845 0.002550399507541963 0.00041053728226204337 0.0007103433778423143 0.004984693985804106 0.010364330559601 0.01677933891321911 0.023382586015804337 0.029673811952768196 0.029673811952768196 0.03527588623448338 0.0398704817282381 0.04326743746614597 0.04530662978128574 0.04591371949441686 0.045057295988883576 0.042778105128020744 0.039187813796349134 0.03442223823122442 0.028741079375084792 0.022403928887429255 0.022403928887429255 0.015883896948463056 0.009617500963866049 0.004493704537352012 0.0006597013119241687 0.0010046180174243448 0.007461111594159326 0.016500405704550625 0.027042207358828292 0.037967313206082494 0.0483682881318521 0.0483682881318521 0.05762102646397262 0.06524198005907664 0.07088077824613592 0.0743061093997168 0.07536720068441663 0.07402783185182836 0.07034286411509486 0.06447785265295146 0.056690011036312944 0.04732606303298967 0.04732606303298967 0.0369114465061418 0.02606445273906554 0.015682686545551855 0.006957722297699811 0.0009121268209766248 0.0012514980869524769 0.009572096308590955 0.021891690423800368 0.03615303004398598 0.05088459317090919 0.06493608714029205 0.06493608714029205 0.07743781663481496 0.08775352338125081 0.09541695423944091 0.10010222592548411 0.10161365242256905 0.0998847578224 0.09499672437927778 0.08715431126241432 0.07670126582340238 0.06411162865076789 0.06411162865076789 0.05003738089172653 0.035375476639187574 0.021211632529064092 0.009198740373736872 0.0011868737516620331 0.0012514980869524769 0.009572096308590955 0.021891690423800368 0.03615303004398598 0.05088459317090919 0.0591999138514305 0.06493608714029205 0.07743781663481496 0.08775352338125081 0.09541695423944091 0.10010222592548411 0.11869791738232698 0.11677164244295739 0.11115137492677572 0.10207820232787693 0.08993375265630335 0.06411162865076789 0.05003738089172653 0.058841128947519285 0.04163980211906043 0.025007315847113208 0.010688346345624438 0.0013440841800480305 0.0013792736994982628 0.010862975269648788 0.02531112762404903 0.041987117433759005 0.0591999138514305 0.07560309902132313 0.07560309902132313 0.09021983667843704 0.10229963834261732 0.11130327758340537 0.11684822379235543 0.11869791738232698 0.11677164244295739 0.11115137492677572 0.10207820232787693 0.08993375265630335 0.075271762946436 0.058841128947519285 0.058841128947519285 0.04163980211906043 0.025007315847113208 0.010688346345624438 0.0013440841800480305 0.0013745726840622228 0.010930985537854258 0.02583814570712688 0.04299384432479273 0.060700730515443 0.07758598352391231 0.07758598352391231 0.09264086008749493 0.10511468565470582 0.11444397987002189 0.12023464136339002 0.12223570095793053 0.1203564619895484 0.11467306452409384 0.10542294409350217 0.09299627329009395 0.07794356622808002 0.06102934083019987 0.06102934083019987 0.04326982736445579 0.026010351177451915 0.011090082287056201 0.0013934939337972004 0.0011904745361106892 0.009636943148346375 0.023020353698650527 0.03844967148567907 0.05437476688994714 0.06958278776360004 0.06958278776360004 0.08316882448823197 0.09445531776425141 0.10293905600160846 0.1082563744846075 0.11017436117832856 0.1086007847615715 0.10359515246237483 0.09536102947517246 0.08423872286337306 0.0707201935295526 0.055474236869776435 0.055474236869776435 0.03941075610956485 0.02376138646615044 0.010114477270824162 0.0012631517004114924 0.000862984555246635 0.0070452878769615025 0.017067249782958503 0.02864782198064395 0.04063565703543562 0.052115060575271925 0.052115060575271925 0.06240829499237937 0.07100336944607066 0.07751294601336155 0.0816571589042129 0.08324849787349499 0.08220545700050379 0.07855963235438902 0.07245431647746207 0.06413499550286894 0.05396341487894265 0.04244203286272642 0.04244203286272642 0.030243396831459195 0.018304857551100808 0.00785164612818505 0.000988064929039314 0.0004150311331553986 0.003499885159475147 0.00872028798832485 0.014828347723883029 0.02120225629436442 0.027365352387448572 0.027365352387448572 0.03294639549909413 0.03766902950318579 0.041316045829233046 0.04372374470870525 0.04477706413059798 0.04441489422581358 0.04263655105928426 0.03950271531543493 0.03513386861222575 0.029713068440018427 0.023504153338438145 0.023504153338438145 0.016867987879574338 0.010316005627401294 0.004500917646087349 0.0005728187489715472 -8.653415996908265e-5 -0.0005496602881530826 -0.0008600720709209331 -0.0010989750611112223 -0.0012402652981044991 -0.0012644249353151306 -0.0012644249353151306 -0.001176217846109535 -0.000985926413666332 -0.0007096455751882256 -0.00037109576466879004 1.1259618640055859e-11 0.0003710957779827856 0.0007096455938545536 0.0009859264390241255 0.001176217875181289 0.0012644249619586955 0.0012644249619586955 0.0012402653182241525 0.0010989750766583675 0.0008600720811194166 0.0005496602917913053 8.653416024051328e-5 -0.0005728187488289535 -0.004500917644877334 -0.010316005622345302 -0.01686798786743023 -0.02350415331928027 -0.02350415331928027 -0.029713068417113034 -0.03513386858691786 -0.039502715292637686 -0.04263655104024668 -0.04441489421320229 -0.04477706411517792 -0.043723744691235196 -0.04131604581299321 -0.037669029486740974 -0.03294639547238001 -0.02736535236655993 -0.02736535236655993 -0.021202256274801705 -0.014828347706866616 -0.008720287978873949 -0.003499885156252446 -0.0004150311324526002 -0.000988064929273279 -0.0078516461271026 -0.018304857546541483 -0.03024339682294434 -0.04244203284782663 -0.04244203284782663 -0.05396341486339841 -0.06413499548193415 -0.07245431645836954 -0.07855963234002333 -0.0822054569877322 -0.0832484978612557 -0.08165715889193541 -0.07751294599820077 -0.07100336943352932 -0.06240829497616882 -0.05211506055535433 -0.05211506055535433 -0.04063565702020985 -0.028647821968855947 -0.017067249774828853 -0.007045287872540269 -0.0008629845543899363 -0.00126315170040579 -0.010114477271211899 -0.023761386464353145 -0.03941075610312164 -0.05547423685783636 -0.05547423685783636 -0.07072019351535397 -0.08423872285022299 -0.09536102946292407 -0.1035951524525091 -0.10860078475300201 -0.11017436117261586 -0.10825637447636446 -0.10293905599522725 -0.09445531775380017 -0.0831688244783279 -0.06958278775150258 -0.06958278775150258 -0.05437476687895371 -0.03844967147961374 -0.023020353695199947 -0.009636943146562283 -0.0011904745361775908 -0.0013934939334946772 -0.011090082286913999 -0.02601035117770791 -0.043269827358846116 -0.0610293408220634 -0.0610293408220634 -0.07794356621923995 -0.0929962732808453 -0.10542294408611953 -0.11467306452080665 -0.1203564619880468 -0.12223570095481961 -0.12023464135920023 -0.11444397986550814 -0.10511468565167786 -0.09264086008020322 -0.07758598351717125 -0.07758598351717125 -0.06070073050994609 -0.04299384432019883 -0.02583814570513697 -0.010930985535285632 -0.0013745726833267885 -0.001344084179867481 -0.0106883463438232 -0.025007315845634988 -0.04163980211683451 -0.05884112894186628 -0.07527176294095429 -0.07527176294095429 -0.089933752651792 -0.10207820232325712 -0.11115137492413897 -0.11677164244334606 -0.11869791738273204 -0.11684822379302759 -0.11130327758143826 -0.10229963834098528 -0.0902198366766871 -0.0756030990181813 -0.0756030990181813 -0.059199913848814525 -0.04198711743338318 -0.025311127622643766 -0.010862975267021175 -0.0013792736991948265 -0.001344084179867481 -0.0106883463438232 -0.025007315845634988 -0.03537547663530578 -0.050037380887315956 -0.06411162864540837 -0.07527176294095429 -0.089933752651792 -0.10207820232325712 -0.11115137492413897 -0.11677164244334606 -0.11869791738273204 -0.10010222592522855 -0.09541695424159302 -0.08775352338110035 -0.07743781663468177 -0.06493608713981551 -0.059199913848814525 -0.0508845931716671 -0.03615303004348274 -0.02189169042384767 -0.009572096306130986 -0.0012514980863788517 -0.0011868737509948143 -0.009198740371006701 -0.021211632524262714 -0.03537547663530578 -0.050037380887315956 -0.050037380887315956 -0.06411162864540837 -0.07670126581913521 -0.08715431126052016 -0.09499672437795224 -0.09988475782320377 -0.10161365242403614 -0.10010222592522855 -0.09541695424159302 -0.08775352338110035 -0.07743781663468177 -0.06493608713981551 -0.06493608713981551 -0.0508845931716671 -0.03615303004348274 -0.02189169042384767 -0.009572096306130986 -0.0012514980863788517 -0.0009121268205478962 -0.006957722294186809 -0.015682686541019324 -0.02606445273324093 -0.036911446501085104 -0.036911446501085104 -0.04732606302850279 -0.056690011032798804 -0.06447785265087513 -0.07034286411454423 -0.07402783185403877 -0.07536720068643468 -0.07430610940061232 -0.0708807782463756 -0.06524198006030409 -0.057621026466249864 -0.04836828813378123 -0.04836828813378123 -0.037967313207020986 -0.027042207360124314 -0.016500405704473586 -0.007461111594152432 -0.0010046180172941497 -0.0006597013114896741 -0.0044937045351529144 -0.009617500959632555 -0.01588389694456783 -0.022403928883321066 -0.022403928883321066 -0.02874107937184361 -0.03442223822815641 -0.03918781379428872 -0.04277810512753583 -0.04505729598997915 -0.04591371949685877 -0.0453066297823217 -0.043267437467064164 -0.03987048172920316 -0.03527588623576974 -0.02967381195487631 -0.02967381195487631 -0.023382586018455744 -0.016779338914687723 -0.010364330560495825 -0.004984693984635574 -0.0007103433776394558 -0.00041053728196541243 -0.0025503995070959374 -0.004525537959437429 -0.007125792654699845 -0.00986097877872165 -0.00986097877872165 -0.012503670741934416 -0.014945406324312495 -0.016974894035243285 -0.01854991307354695 -0.019545201568050403 -0.019953156322465734 -0.019724658573926128 -0.018883578321680115 -0.017465404749479285 -0.015525099017679452 -0.01317372588632744 -0.01317372588632744 -0.010520134444788824 -0.007759832065169211 -0.005070412838894728 -0.0028718654166651814 -0.0005053681100132245 -0.00012682150721897537 -0.0004084494467648634 -0.0006648120180870547 -0.0009452118153170616 -0.0012941841372040958 -0.0012941841372040958 -0.0016079333707575208 -0.0019201135687720245 -0.0021687131486909966 -0.002371100710278174 -0.0024937576102371122 -0.0025486523816307593 -0.002518135912661047 -0.0024172700087362266 -0.0022355871585962883 -0.0020005961174607905 -0.0017010854881474866 -0.0017010854881474866 -0.0013835867300931203 -0.0010395332145701067 -0.0007109975283839823 -0.0004979281379646916 -0.00017637973244444643
</DataArray>
        <DataArray type="Float64" Name="Mode_2_phi1" NumberOfComponents="1" format="ascii">
 2.48164579362708e-6 2.216396628104398e-6 2.4816457945799325e-6 2.2163966231275985e-6 1.3431055411917588e-5 -7.325876841835616e-6 2.9909927373175396e-6 -1.0504022262077445e-6 1.794491971128748e-6 -6.636871805428342e-7 1.0829445931011202e-6 -7.131435746685572e-7 3.014263675442626e-7 -9.208568550080171e-7 -4.947952202983633e-8 -1.2626292050254395e-6 3.559467458444833e-7 -1.7463560139762113e-6 1.5282121373321713e-6 -2.373761461207202e-6 3.3333339845114253e-6 -3.61701309786966e-6 5.745726756826152e-6 -6.428450160242895e-6 9.891591944874884e-6 -1.5321506673382173e-5 2.0186676316731137e-5 6.815192966147629e-6 -6.331115045189962e-6 2.6306468246224425e-6 -2.7556316441697458e-6 1.4904222179103586e-6 -5.747684319186104e-7 1.4396332451625443e-6 6.079328917032317e-7 1.5877936369926852e-6 1.1954611301372753e-6 1.7244906930222094e-6 1.311089060351105e-6 1.8678770082520996e-6 9.220120175445413e-7 2.065361576318721e-6 -5.6725710817348533e-8 2.409700239654964e-6 -1.8837806990342418e-6 3.298096385355415e-6 -5.3213422626722456e-6 6.042864955503603e-6 -9.620455258721336e-6 6.8504102164571635e-6 1.3431055406050166e-5 -7.325876788307974e-6 2.990992654035226e-6 -1.0504021360463984e-6 1.7944918732437079e-6 -6.636870779325938e-7 1.082944488139535e-6 -7.131434803727076e-7 3.014263108146895e-7 -9.208568435692005e-7 -4.947951864570537e-8 -1.2626291988548377e-6 3.559467368004736e-7 -1.7463560075092717e-6 1.5282121393441267e-6 -2.3737614733032725e-6 3.3333340031065298e-6 -3.6170131237692843e-6 5.745726784080415e-6 -6.428450185005206e-6 9.891591963302569e-6 -1.5321506682304282e-5 2.0186676323754555e-5 6.815192980288011e-6 -6.331115063448913e-6 2.630646845196895e-6 -2.755631659281178e-6 1.4904222301300152e-6 -5.747684427170932e-7 1.4396332616722062e-6 6.079328695274947e-7 1.5877936571992078e-6 1.1954611180640512e-6 1.724490698886492e-6 1.31108906199113e-6 1.8678770067804299e-6 9.220120045963354e-7 2.065361590302058e-6 -5.672570377604773e-8 2.4097002007550548e-6 -1.8837806324063945e-6 3.298096306071113e-6 -5.321342188079214e-6 6.042864895399985e-6 -9.620455210307638e-6 6.850410179177763e-6 0.011010673792783816 0.02079280932435841 0.04070625437160237 0.05821216708529854 0.08024281890459448 0.10037331530445949 0.12082442883410678 0.13803716762015777 0.15291038066763907 0.16359196104645113 0.1704488485295414 0.17270277234659426 0.17061357678986513 0.16402892360793772 0.1534686927279353 0.13905950320115548 0.12190978257825844 0.10217972969298236 0.08193610756216875 0.060911276624920435 0.04269814839854432 0.02484420227730467 0.013190572780879695 0.007966530508530694 0.04699127852765231 0.09449778192722771 0.1516185229892464 0.2122874630047553 0.2729058060497738 0.3285991691521427 0.3778135986281664 0.417526726220647 0.4467388148833305 0.4641696743149436 0.4692631086694915 0.4618970732298466 0.44242185949983553 0.4113446193622852 0.37033235634423245 0.3202528863061715 0.26436059523188427 0.20452036241304142 0.14394575061361278 0.09063706369643691 0.04159367370170231 0.006300026687317625 0.00873397178446536 0.03836173193353796 0.10024684925633225 0.17634646841773316 0.2570070032982245 0.33641599425285573 0.4102601324825527 0.4746292804210168 0.5272418531145215 0.5660222124754994 0.5896299651396747 0.5973957410242177 0.5890036243416704 0.5646504287001242 0.5254953997612293 0.4721993750539221 0.40781826334722227 0.3335238697934616 0.25442178442458085 0.17455518607131448 0.09873033377199145 0.03896085015435673 0.009843754776486061 0.008537413897260074 0.049107070091162094 0.11581690422066417 0.19706861107564091 0.28271668718809273 0.3677034573399427 0.44634774211296735 0.5153516403885596 0.5717146364555273 0.6133448843625833 0.63880981691175 0.6471697148874535 0.6382404779378797 0.612279818583778 0.5700970238452561 0.5135225139256194 0.4440797218097759 0.365639471908037 0.280690896327974 0.19525620820607478 0.11473707454440066 0.04809886243309153 0.007495370551568786 0.007684991122647155 0.04038986691762579 0.0988507304388008 0.17060264930250554 0.24524369735493673 0.3188116305165838 0.38720607518498723 0.4471349078424431 0.4963055773079021 0.5328659262119627 0.5554707868388382 0.5633763164148373 0.556247550022882 0.5343510417169679 0.49836477630359394 0.44949959527491584 0.3897740770852427 0.32115208570709075 0.24740114759574533 0.1720125000173223 0.09983029117690975 0.04098481364846152 0.0081588258704981 0.004500725724959022 0.02686786819609356 0.06560828812670212 0.1133579488620985 0.1629857717186015 0.21170573623410247 0.2568109868247144 0.29658810209402087 0.3293403128872555 0.3539025567209011 0.3694042500604077 0.37524969179923195 0.37121022821594607 0.3573536553307086 0.3341388505401736 0.3023014140395126 0.26295393420906704 0.2177528093485156 0.16821636143587168 0.11766385240261514 0.06842572260329842 0.027280058615874066 0.00397104044327223 0.0008909303700821303 0.00612920831372853 0.016710545063729054 0.030549952018931313 0.04409871678005789 0.05748483474693996 0.06993904265804557 0.08101130019015688 0.0904842638797268 0.09794122134114244 0.10311316920103722 0.10577937364290063 0.10577465258045773 0.10302733388399662 0.09755695411811087 0.08949795761711764 0.07904205971964336 0.06643923953390454 0.05213955122370852 0.03678314389813056 0.020727484839716995 0.007856678068269375 0.0012607814819054495 -0.003922446215292583 -0.01759374660579219 -0.039842093320363446 -0.06590786066988215 -0.09365406866691572 -0.12110325563970456 -0.1463729616073825 -0.16819669810206725 -0.18567227731989774 -0.19805093956170577 -0.20496232297881706 -0.20623017200758723 -0.2018824906563142 -0.19214520388818654 -0.177437939325411 -0.15836667866854418 -0.1357474504056486 -0.11061935363218439 -0.08440709071223555 -0.05849022753558767 -0.03502660187538396 -0.01628155471810706 -0.004161350364856503 -0.008217385195350863 -0.04112831142262472 -0.09584578323427795 -0.1607124484439568 -0.22954968074486196 -0.29705003448800876 -0.35945768678928086 -0.4137916207132761 -0.45779666225178073 -0.48987903002009314 -0.5089063269717589 -0.514294557839577 -0.5059403562085039 -0.4841994893679827 -0.4498909775077839 -0.40431410054044153 -0.34923893468430317 -0.28700989588126075 -0.22059197179856294 -0.1536964847136132 -0.09135043139184904 -0.039474599282004974 -0.007994176132389619 -0.012141583807633463 -0.06055200250385053 -0.14193339292834525 -0.23965271988292175 -0.3423652013835965 -0.44335209289899924 -0.5366645027384025 -0.6181250875629182 -0.6844070430269571 -0.7330554824846243 -0.7624112744223571 -0.7715085663422379 -0.760094027657954 -0.7286201827752298 -0.6782195080755672 -0.6107219168539356 -0.528697944965689 -0.43549333602695073 -0.3354355777772432 -0.2341917630481438 -0.13855134244901965 -0.05969208855079688 -0.012290097333318926 -0.014512367874847717 -0.07346388584358951 -0.17234089425044521 -0.2908376758212388 -0.4159298985261799 -0.538759092141109 -0.6524584825965458 -0.751836536920728 -0.832924264099287 -0.8927193863347705 -0.9291402370095927 -0.9409812005991633 -0.9278760606780635 -0.8902920762565376 -0.8295449870771889 -0.7477939900764692 -0.6480955246631086 -0.5344937016848839 -0.41214715587065953 -0.2879023769239134 -0.17046587391439652 -0.07283389938807432 -0.014450837093699927 -0.015557874686758521 -0.07765424664503717 -0.18196150150650628 -0.3077792371555541 -0.44019144784849673 -0.5704926650551647 -0.6912342673364791 -0.7969783879929965 -0.8834512890037975 -0.9474606862621952 -0.9867545496738881 -1.0 -0.9867545496748297 -0.9474606862325068 -0.8834512890581294 -0.7969783880343567 -0.6912342673209532 -0.5704926651179938 -0.4401914478136604 -0.30777923707200355 -0.18196150145344264 -0.07765424664850373 -0.015557874674542952 -0.01445083709881236 -0.07283389944410014 -0.17046587399148935 -0.28790237698796006 -0.41214715592378637 -0.5344937017956388 -0.6480955248080823 -0.7477939901845994 -0.8295449871432222 -0.8902920762720455 -0.9278760607567106 -0.9409812006794301 -0.9291402370092219 -0.8927193864115912 -0.8329242642364899 -0.7518365370471131 -0.6524584827706156 -0.5387590921696308 -0.41592989855899437 -0.2908376758754536 -0.17234089428623842 -0.07346388582725907 -0.014512367863754224 -0.01229009734002981 -0.059692088539379656 -0.13855134245637343 -0.23419176310842482 -0.3354355778674442 -0.4354933361546816 -0.5286979450556294 -0.6107219169587408 -0.6782195082030987 -0.7286201828585703 -0.7600940276749822 -0.771508566430045 -0.762411274550868 -0.7330554825417545 -0.6844070431241402 -0.6181250877237845 -0.5366645028340192 -0.4433520929966679 -0.342365201507518 -0.23965271997915844 -0.14193339295912594 -0.06055200250769576 -0.01214158381193463 -0.007994176133406099 -0.0394745993077966 -0.09135043145533157 -0.1536964847621574 -0.2205919718432435 -0.28700989590657283 -0.3492389347989934 -0.4043141007066719 -0.44989097763507063 -0.4841994894704618 -0.5059403563536878 -0.5142945579729207 -0.5089063270792301 -0.4898790301879664 -0.4577966623310836 -0.41379162083082255 -0.3594576869450003 -0.29705003462047674 -0.22954968086126812 -0.16071244855557634 -0.09584578332512746 -0.041128311478849516 -0.008217385207563545 -0.004161350359600551 -0.016281554705680944 -0.035026601887135536 -0.05849022755879961 -0.08440709077121951 -0.11061935375297166 -0.13574745050143291 -0.15836667875346586 -0.17743793944275463 -0.19214520404289506 -0.20188249077336595 -0.20623017206639865 -0.20496232304936488 -0.1980509396122264 -0.18567227744746861 -0.1681966981845722 -0.14637296169886607 -0.12110325575374756 -0.09365406873514502 -0.06590786070042923 -0.039842093319915485 -0.017593746578122606 -0.0039224461921325525 0.0012607814830561492 0.007856678097643557 0.020727484870817697 0.0367831438707767 0.05213955115007564 0.06643923948298343 0.07904205962610983 0.08949795753189907 0.0975569540787351 0.10302733387546459 0.10577465254918289 0.10577937355458128 0.10311316910322596 0.0979412212771818 0.09048426384496532 0.08101130009961255 0.06993904255804603 0.057484834682703476 0.044098716699199146 0.03054995194895619 0.016710545049849684 0.006129208308010118 0.000890930349983292 0.003971040452368898 0.02728005864328659 0.06842572266205564 0.11766385245157042 0.1682163614474441 0.217752809323337 0.26295393422184776 0.302301414013035 0.33413885049290376 0.3573536553008107 0.37121022819853444 0.3752496917987658 0.3694042500655135 0.3539025566647451 0.32934031282437404 0.29658810207328523 0.2568109867817027 0.21170573616456043 0.16298577167600925 0.11335794886065019 0.0656082881099065 0.02686786819091584 0.004500725739980644 0.00815882586654703 0.0409848136633661 0.09983029118544265 0.17201250004069338 0.24740114762176166 0.32115208571837844 0.38977407705688083 0.44949959526364663 0.4983647763022118 0.5343510416994208 0.5562475499963104 0.5633763163952051 0.5554707868226679 0.532865926227435 0.4963055773150473 0.4471349077842661 0.38720607512278354 0.31881163048573147 0.24524369734837154 0.1706026492725506 0.09885073041919262 0.04038986687426439 0.007684991100977726 0.007495370555104679 0.04809886241938463 0.1147370745297579 0.19525620819567677 0.28069089630278743 0.36563947187613066 0.444079721804043 0.5135225139224924 0.5700970238435866 0.6122798185892906 0.6382404779478925 0.64716971488653 0.638809816906329 0.6133448843667129 0.5717146364479797 0.5153516404049079 0.4463477421261355 0.3677034573223106 0.2827166871465892 0.1970686110712355 0.11581690420636345 0.04910707011105304 0.00853741390794244 0.009843754768523704 0.038960850126686854 0.09873033372712674 0.17455518600783462 0.2544217843779679 0.33352386975812387 0.4078182632991859 0.4721993750289355 0.5254953997454285 0.5646504287002213 0.5890036243723814 0.5973957410466708 0.5896299651431509 0.5660222124508093 0.52724185310127 0.47462928042268915 0.4102601324752233 0.33641599426419594 0.2570070033240849 0.17634646842017915 0.10024684926003646 0.03836173191183788 0.008733971766277323 0.006300026682431893 0.04159367367188799 0.09063706365389652 0.1439457505731039 0.2045203623634713 0.2643605951827103 0.32025288628033033 0.3703323563025356 0.4113446193426203 0.442421859505688 0.46189707323326784 0.4692631086870402 0.4641696743277303 0.44673881490829576 0.4175267262408284 0.377813598645675 0.3285991691798469 0.2729058060858541 0.21228746301614587 0.15161852301640977 0.09449778191506221 0.0469912785234249 0.007966530530547869 0.013190572776756618 0.0248442022796492 0.04269814839305601 0.0609112766220717 0.08193610755171823 0.10217972968334064 0.12190978256615344 0.13905950319862823 0.1534686927163659 0.16402892360483132 0.17061357678847058 0.17270277235229256 0.17044884854712847 0.1635919610669872 0.15291038067507803 0.1380371676345681 0.1208244288548548 0.10037331530220782 0.08024281893240633 0.05821216707962052 0.0407062543886986 0.0207928093240646 0.011010673808099745
</DataArray>
        <DataArray type="Float64" Name="Mode_2_phi2" NumberOfComponents="1" format="ascii">
 2.4341545151449957e-6 -2.2177172735872355e-6 2.434154508470094e-6 -2.217717277834116e-6 6.939919571793613e-6 -9.542381911100207e-6 6.52242809904545e-6 -4.688921691981731e-6 4.757333341626633e-6 -1.0328794375066653e-7 4.6050097872601865e-6 1.9957713074992643e-6 3.6999324625291035e-6 1.694120309743382e-6 1.5240154929149142e-6 -1.380038657015441e-7 -1.1009722834349132e-6 -2.0622063095756604e-6 -3.0691475214744226e-6 -2.730055271096599e-6 -3.5659804840978312e-6 -1.3521106338050507e-6 -2.888338656854118e-6 1.921167676022365e-6 -2.996071779436755e-6 6.235224677137213e-6 -6.864820541744811e-6 -2.0026632138394453e-5 1.5290438890324807e-5 -9.658040000759595e-6 6.636071473674168e-6 -5.383484057443234e-6 3.742668581763262e-6 -3.1769591412900048e-6 2.1345688383779737e-6 -1.7567504738834707e-6 1.1051924488092148e-6 -7.889814766600553e-7 4.240865458353258e-7 -1.1419567753876132e-7 -4.42961508997966e-8 4.3169749155062937e-7 -4.6161637797501853e-7 1.007977841206593e-6 -9.214469826203153e-7 1.6507136156411998e-6 -1.5639547436160645e-6 3.09830324063216e-6 -7.614554138536338e-6 1.3468810560876281e-5 6.939919557948331e-6 -9.542381891420894e-6 6.522428085294162e-6 -4.688921687040879e-6 4.7573333577158275e-6 -1.0328796678862656e-7 4.605009800301249e-6 1.995771284716822e-6 3.699932508708184e-6 1.694120262076588e-6 1.5240155127071894e-6 -1.3800386227786193e-7 -1.1009723038988164e-6 -2.062206278980909e-6 -3.069147533920703e-6 -2.7300552796999643e-6 -3.5659804527397715e-6 -1.3521106727414337e-6 -2.888338625337829e-6 1.921167647328424e-6 -2.996071764780781e-6 6.235224668979462e-6 -6.864820530620268e-6 -2.002663212156983e-5 1.5290438856180773e-5 -9.65803994908942e-6 6.636071410859e-6 -5.383483990574668e-6 3.742668507149686e-6 -3.1769590512864962e-6 2.134568732494728e-6 -1.7567503557261678e-6 1.105192316938425e-6 -7.889813480631381e-7 4.240864487744827e-7 -1.1419561774275263e-7 -4.429616806283226e-8 4.3169745767064646e-7 -4.616163139532058e-7 1.0079777774815656e-6 -9.214469178376649e-7 1.6507135280528456e-6 -1.563954636925046e-6 3.0983031456012485e-6 -7.614554081914106e-6 1.3468810544610761e-5 0.01099164136502568 0.008037453853186844 0.009343553095969214 0.00996120705394901 0.01088059747164168 0.010173188662150414 0.0096400064037074 0.008047215325687699 0.006480173417199457 0.004410499296751293 0.0022402138094998235 6.617317430588539e-5 -0.0023749256731364727 -0.004235388005847838 -0.0066776288744266965 -0.007737981707283574 -0.009909388765204672 -0.009592310042580763 -0.011280780012342758 -0.008973318630945118 -0.010398793987612402 -0.006469118744223499 -0.013151770242989648 0.02054880037303092 0.0468596006505612 0.04014875864015756 0.052953431383518025 0.05217301599156099 0.05081901384730604 0.045891896695137345 0.03900301186477657 0.030545963314405632 0.020711941013601787 0.010442789224069753 -0.0005331559234129138 -0.011248944505173103 -0.021543643027037776 -0.03130625645200732 -0.039200999295103976 -0.04627508820895177 -0.05006905226071837 -0.05171439927945968 -0.051580171542569664 -0.03976373260050951 -0.041684407225665535 -0.02458832290762655 0.039750159385548656 0.09358944381728765 0.10308813857058824 0.12271076927073463 0.12359187028512532 0.11881449646317464 0.10722466324663618 0.09091289166652446 0.07083836295983649 0.04824720430790587 0.023966591055401797 -0.0012187269527933417 -0.026159978130975658 -0.05037928031961042 -0.07245512714195458 -0.09212613517278519 -0.10753761106563849 -0.11847529733452253 -0.12206811872672883 -0.12085063618088075 -0.09984744710140696 -0.09060896453755435 -0.041785978237349176 0.055228566644305796 0.1477630191813889 0.17832390937232037 0.20463411857097502 0.2080628435493605 0.19895988013711866 0.17964332939923108 0.15205319501442163 0.11875067778806839 0.0809073954987162 0.04044906039716747 -0.0014353777539355037 -0.04325028640487313 -0.08347134109933373 -0.12081425283216582 -0.15354250985631557 -0.18013933061997792 -0.19865185477766978 -0.20607019756511094 -0.20240780730047683 -0.17459387824294068 -0.14241539889069785 -0.05810311835045878 0.07292071271359363 0.20003987078372779 0.25192054752828186 0.2838020235365794 0.28919190264807737 0.2763368911118311 0.2492797061984508 0.21134389342872362 0.16500090456035363 0.1128234480999602 0.05662024904993428 -0.0013632140331237901 -0.05934329314194985 -0.1152474577461356 -0.16709085173321955 -0.21272604013993604 -0.24994734078478087 -0.2759072131962771 -0.28740196655110467 -0.2819122393536463 -0.2474513401594094 -0.1963690102106913 -0.07464956858478834 0.08461766705593925 0.24080023060138778 0.30939745880365666 0.34548319096703 0.35182513248526986 0.3360022522451784 0.30315931256054846 0.2571588571627537 0.20113025896453687 0.13778068510092664 0.06970665950019903 -0.0007774683832127642 -0.07118225755425793 -0.13922244057207916 -0.20237257676624992 -0.25813191354685494 -0.3036567149808092 -0.3359908629704978 -0.35060382015345576 -0.34477493852562346 -0.30576835074460784 -0.2386677933271788 -0.08622656512816042 0.0912361490277396 0.2602758967712305 0.3396567374605665 0.37673409030781413 0.383740142339168 0.3661581402321075 0.3305557009115189 0.2806227155700771 0.21983363489579352 0.15104125340405503 0.07699898206782999 0.00030712571461220036 -0.07645150799355525 -0.1506574466725466 -0.21968651578265977 -0.2807377030667427 -0.33084379668359076 -0.3666014778193354 -0.3838498970034621 -0.3774249351957252 -0.33828492270979255 -0.2609536305504465 -0.09169120016651532 0.08834413545917393 0.25409145160235064 0.3343770814068176 0.3697124806963229 0.37651930031964276 0.35935258899748157 0.324525351037868 0.2759073087274373 0.21653980828519567 0.14933581609972554 0.07686083285815876 0.00169788299810337 -0.07363861404818528 -0.14659662498536083 -0.21457063205688662 -0.2748637758117633 -0.324554574380632 -0.3603674959730606 -0.378133083489215 -0.37273376537243963 -0.3353657693239956 -0.2582415880839242 -0.08830633467264001 0.07709376725310903 0.219464827587739 0.29157412695993734 0.32173685904335453 0.3278211560790778 0.31311290338454695 0.28314392396718147 0.2411539361726662 0.18983732711118287 0.13156895331531207 0.06862663286226056 0.00319182241383597 -0.06251777380100322 -0.12629805555226475 -0.18587288001438898 -0.23889474156707496 -0.28279366415858753 -0.31473951604945755 -0.33115505702296233 -0.3268385475288787 -0.2956578864931021 -0.2272534412403835 -0.07616177843522835 0.056959520044192656 0.15979617359654638 0.21437804441719302 0.2364933622552813 0.2414332173078766 0.23106609972914974 0.2095133326439566 0.17908590343911895 0.1416804450138625 0.09904019440670501 0.05278737642529638 0.004535269290555009 -0.04410425985369671 -0.09148817120641473 -0.1359367516705833 -0.1756881899391756 -0.20883938715880135 -0.23319579389619255 -0.24620116051312624 -0.24370902759828086 -0.22091410336888628 -0.1708700473628993 -0.055672816854955 0.030750704554061866 0.08112861401790894 0.11163677831878058 0.12332359293203048 0.12666628132875146 0.1220820754329454 0.11154149003772007 0.0962885797340639 0.0771945606999487 0.05514263493087722 0.030952457751986275 0.005463811196501629 -0.02048357187788094 -0.04601088606794483 -0.07020705614250247 -0.09209859599007594 -0.11062610469627268 -0.12455281234131427 -0.13242880905515841 -0.1319181435906239 -0.12002987707531634 -0.09447695540456404 -0.029041055190102198 0.0008520553585499778 -0.007083493263926335 -0.004477820592748263 -0.0045525977436286225 -0.003058215647520143 -0.0013006848997435968 0.0005093516594029855 0.002233336739672247 0.0037183394436044646 0.004848272480795729 0.0055550223378027265 0.005793213192733368 0.005555022267209948 0.004848272619857036 0.003718339532696559 0.002233336856498026 0.0005093515648107188 -0.001300685015996589 -0.003058215746497948 -0.004552597866200069 -0.004477820738094616 -0.00708349334782855 0.0008520553322855535 -0.029041055171104137 -0.09447695534254602 -0.12002987697339057 -0.13191814345093092 -0.13242880890164738 -0.12455281225265807 -0.11062610463622104 -0.09209859602522232 -0.07020705623124317 -0.04601088624514311 -0.020483571808730748 0.005463811195253431 0.030952457759410076 0.055142634960389514 0.07719456073117564 0.09628857992614379 0.11154148990711835 0.12208207537389695 0.126666281277148 0.12332359279167458 0.11163677816235404 0.08112861393468826 0.030750704522520104 -0.05567281686095622 -0.17087004732142058 -0.22091410327337313 -0.24370902748876394 -0.2462011603597346 -0.23319579388436856 -0.20883938704978341 -0.17568818996969077 -0.13593675175132366 -0.09148817130022036 -0.04410425986367035 0.00453526930313105 0.052787376451082536 0.0990401944097521 0.14168044502258628 0.17908590354245355 0.20951333265768043 0.23106609967129582 0.24143321723037423 0.23649336214721936 0.2143780443260943 0.15979617352983772 0.05695951999746797 -0.07616177843016961 -0.22725344122664887 -0.29565788643398244 -0.32683854742239427 -0.33115505689560176 -0.31473951601815 -0.28279366411522716 -0.23889474159723334 -0.18587288009066685 -0.12629805558047447 -0.06251777383731233 0.0031918223906892786 0.06862663292369188 0.1315689532754841 0.18983732717215582 0.241153936188739 0.28314392403485333 0.31311290331513886 0.327821155992517 0.3217368589745089 0.29157412690937407 0.21946482752446692 0.07709376723815793 -0.08830633466540001 -0.258241588090348 -0.335365769299158 -0.37273376523512247 -0.37813308341588253 -0.36036749594549944 -0.3245545743932485 -0.2748637758243189 -0.21457063212914215 -0.14659662503151424 -0.07363861409213616 0.0016978830576132936 0.0768608328481581 0.14933581612503385 0.21653980828121522 0.27590730879499625 0.3245253510401249 0.3593525889759384 0.37651930025941854 0.36971248064083745 0.33437708139464106 0.25409145157801666 0.08834413543222124 -0.09169120016153326 -0.2609536305359681 -0.33828492270083604 -0.3774249351181487 -0.3838498969468324 -0.3666014778083307 -0.33084379669232267 -0.2807377030832942 -0.21968651583998933 -0.15065744673609996 -0.07645150799604897 0.00030712572901338254 0.0769989820763228 0.15104125342670224 0.2198336348935656 0.2806227156161215 0.33055570091689457 0.36615814021509535 0.3837401423134216 0.37673409026981114 0.33965673750753284 0.26027589673393564 0.09123614899663648 -0.08622656509615863 -0.23866779329964943 -0.3057683507184272 -0.34477493853715263 -0.35060382009357804 -0.33599086297486264 -0.30365671499166896 -0.25813191356629084 -0.2023725767949762 -0.13922244062497938 -0.07118225757827494 -0.0007774683922360625 0.06970665955001012 0.13778068507652944 0.2011302590007453 0.2571588571591888 0.30315931258250617 0.33600225222184793 0.35182513246630026 0.34548319098330726 0.309397458838098 0.2408002305881446 0.08461766702142587 -0.07464956856038024 -0.1963690101459876 -0.24745134014818196 -0.28191223933761234 -0.2874019665604629 -0.27590721317921163 -0.24994734081247053 -0.21272604018802987 -0.16709085174648944 -0.11524745779504109 -0.05934329318495185 -0.0013632139910811378 0.056620249034722826 0.11282344810616757 0.16500090457166058 0.21134389341130008 0.24927970621342743 0.27633689109786225 0.2891919026746578 0.283802023522319 0.25192054758608085 0.20003987074570598 0.07292071270033029 -0.05810311831527981 -0.1424153988386641 -0.17459387821411304 -0.20240780729688576 -0.20607019756920647 -0.19865185479566627 -0.18013933063089643 -0.15354250988510396 -0.1208142528571928 -0.08347134115617083 -0.04325028642140648 -0.0014353777488377538 0.040449060436240504 0.0809073954909052 0.11875067777767832 0.1520531950034583 0.17964332939403188 0.19895988015070581 0.20806284354557697 0.20463411860110753 0.1783239093770496 0.14776301920083396 0.05522856663389054 -0.04178597821781357 -0.09060896450626327 -0.09984744706401176 -0.12085063619410505 -0.12206811871755807 -0.11847529735682485 -0.10753761106816401 -0.09212613518236776 -0.07245512717369415 -0.050379280348709594 -0.026159978162871567 -0.0012187269523649205 0.023966591069418532 0.04824720430041285 0.07083836296054252 0.0909128916504663 0.10722466324382467 0.11881449645169412 0.12359187030995811 0.1227107692764234 0.10308813861541755 0.09358944380427216 0.03975015936968312 -0.02458832289797881 -0.04168440722285508 -0.03976373258435939 -0.05158017154303651 -0.05171439927166637 -0.050069052268668555 -0.04627508821958107 -0.03920099928939041 -0.03130625647142146 -0.021543643027633657 -0.011248944506242814 -0.0005331559420636272 0.01044278923198508 0.02071194100817921 0.030545963332094368 0.039003011858034085 0.04589189670308349 0.05081901384050205 0.05217301601179426 0.052953431377641524 0.040148758662385486 0.04685960065479185 0.020548800370412613 -0.013151770244151728 -0.00646911873702163 -0.0103987939960748 -0.008973318615636161 -0.011280780020126722 -0.0095923100293486 -0.009909388778575341 -0.007737981685338008 -0.006677628892213202 -0.004235387983057648 -0.0023749257089414177 6.617318306377045e-5 0.0022402137943600005 0.004410499301634624 0.006480173425477987 0.008047215303694637 0.009640006411043692 0.010173188655707353 0.01088059748483763 0.009961207024528402 0.00934355311283958 0.00803745383772534 0.010991641357614032
</DataArray>
        <DataArray type="Float64" Name="Mode_3_w" NumberOfComponents="1" format="ascii">
 5.510280915970793e-7 -8.128357186769747e-7 5.51028091559025e-7 -8.128357242031476e-7 -1.15315075891043e-6 1.16763511422158e-6 1.6977546989756154e-7 1.0398974117300615e-6 6.625666993743173e-7 6.625666993743173e-7 8.884147683412614e-7 7.234204043367683e-7 4.2206665378072996e-7 -5.410471662940189e-8 -4.339465920292151e-7 -5.622134738771104e-7 -3.176830849726558e-7 1.011459955152841e-7 5.226733997953101e-7 8.76255406733918e-7 6.712827484896006e-7 6.712827484896006e-7 1.1616650764506999e-6 2.6443767299843244e-7 1.2233715841342577e-6 -2.588726497154391e-7 2.3184299170800537e-7 1.143662038735302e-7 -5.194065470674452e-7 7.206859951112399e-7 -4.031591153142541e-7 2.3520940508797074e-7 2.3520940508797074e-7 -5.070937873956421e-7 -3.8161184201414847e-7 -4.0853525791621355e-7 -2.824426606533666e-7 -1.958038963227515e-7 -1.757294203532261e-7 -1.9249927348149968e-7 -2.5033011612101305e-7 -3.6492452134019925e-7 -4.246932853637219e-7 -2.7137486065122866e-7 -2.7137486065122866e-7 -1.8524106955658132e-7 3.471766120963185e-7 -3.515161736205143e-7 8.280357080129499e-7 -1.2445466542422541e-6 -1.15315076053603e-6 1.1676351157745037e-6 1.6977547104607405e-7 1.0398974137270264e-6 6.625666958286255e-7 6.625666958286255e-7 8.884147684449376e-7 7.23420400928788e-7 4.220666549219948e-7 -5.410472022940187e-8 -4.3394658775789453e-7 -5.62213477069826e-7 -3.1768308162853903e-7 1.011459927819787e-7 5.226734011873612e-7 8.762554115488845e-7 6.712827418056581e-7 6.712827418056581e-7 1.161665083323428e-6 2.644376681010987e-7 1.2233715920569349e-6 -2.5887265536070484e-7 2.3184299780989183e-7 1.1436620082951546e-7 -5.19406543515369e-7 7.206859920206724e-7 -4.0315910809087304e-7 2.3520939993568526e-7 2.3520939993568526e-7 -5.070937839259543e-7 -3.816118430644323e-7 -4.08535260349014e-7 -2.8244265621645306e-7 -1.9580390019165437e-7 -1.7572941901357827e-7 -1.9249927154704825e-7 -2.5033011611029586e-7 -3.6492452121695166e-7 -4.246932888682406e-7 -2.713748606137185e-7 -2.713748606137185e-7 -1.8524106728989723e-7 3.4717661048740145e-7 -3.5151616973285633e-7 8.280357053349939e-7 -1.2445466528039748e-6 0.00030621630343699943 0.0008618344845668638 0.0012421935648393233 0.0018062744487154804 0.002391963536073192 0.002922357792193966 0.002922357792193966 0.003421111119421393 0.003808098440541245 0.004108080375240772 0.004273528204050738 0.004324440514338773 0.004234312646378021 0.004032820963599024 0.0036981997472110375 0.0032856968758386493 0.002763368178523362 0.0022340905754026953 0.0022340905754026953 0.001637621586577813 0.0011507328929643815 0.0007036068526700846 0.00021769463508430556 0.0008658304387567979 0.004970871058441559 0.00897140027166282 0.013652565779076102 0.01840120669544958 0.022901241873180045 0.022901241873180045 0.026864379481114087 0.030125566125057554 0.03251103344232255 0.03393503455665939 0.03433737124801627 0.033675134069506944 0.032024983708725946 0.029390557031388372 0.02597401341586008 0.021831318392121827 0.017306431303166905 0.017306431303166905 0.012564810837952651 0.007979306723019691 0.004429221330220654 0.0006985596769149228 0.0011693977926495692 0.008420793120374416 0.01803609586139039 0.02907604919097111 0.040296553404812495 0.050891664813767216 0.050891664813767216 0.06029294036757238 0.06801978981042027 0.07376732850350447 0.07727181528557475 0.07839922429007422 0.07708148340827709 0.0733695992019441 0.06743193920839281 0.05947400692923064 0.04990690909700436 0.03912678058394496 0.03912678058394496 0.027900583116798532 0.016911320528819565 0.007733350965444473 0.0011029191485441383 0.0015730715581343036 0.01203929892336796 0.027295674191893275 0.044647433954217663 0.06247573368153677 0.07938535668701002 0.07938535668701002 0.09444944099597839 0.10693315369356209 0.11627529861563299 0.12208483598796017 0.12408679235161474 0.12218901806131405 0.11644614251915841 0.10709959659867997 0.094539621359156 0.07930054587673097 0.07930054587673097 0.06219469311577714 0.04418300155147641 0.0266931305352012 0.011636857880543593 0.001478931965133654 0.0018207137616272145 0.014336412444618087 0.03342096533859975 0.05518985613567794 0.07762789826162414 0.09910072593966397 0.09910072593966397 0.11834336923210094 0.13440585466942204 0.14654155387699674 0.15419939066564342 0.1570167031112587 0.15483222963415302 0.14772439719391445 0.13597404406155386 0.12009127152861347 0.10079039562726196 0.10079039562726196 0.07904563922624697 0.056206219129729756 0.0338984291711976 0.014550476487679322 0.001841943099556935 0.0018207137616272145 0.014336412444618087 0.03342096533859975 0.05518985613567794 0.07762789826162414 0.08111832218113979 0.09910072593966397 0.11834336923210094 0.13440585466942204 0.14654155387699674 0.15419939066564342 0.1674770418985228 0.16538729526021131 0.15794060647603717 0.14545762441037852 0.1284820358903104 0.10079039562726196 0.07904563922624697 0.08457110956523767 0.06012203000668692 0.03637368896535292 0.015548745244560815 0.0019499347069565627 0.0018245351770790784 0.014673762897462722 0.0344689706878447 0.057353282059516876 0.08111832218113979 0.10405426088748661 0.10405426088748661 0.12480519961306247 0.1422703546837926 0.15560092636623526 0.16414843441573343 0.1674770418985228 0.16538729526021131 0.15794060647603717 0.14545762441037852 0.1284820358903104 0.1078275163032673 0.08457110956523767 0.08457110956523767 0.06012203000668692 0.03637368896535292 0.015548745244560815 0.0019499347069565627 0.0016315888229849437 0.012935502615512762 0.030233428216338523 0.050670834039292734 0.07219967264145657 0.09327766077807068 0.09327766077807068 0.1125763289500609 0.12901149727839054 0.1417044589087782 0.14998530543361574 0.1533904110263769 0.15170012800797852 0.14496058355341757 0.1334794855453245 0.11780720568928865 0.09873073283276128 0.07732411717300221 0.07732411717300221 0.05493084063386352 0.033283781471328884 0.014464788262708137 0.0018677399489737988 0.0012744761352335337 0.0098102309249884 0.022254031001924617 0.037701314121319454 0.05437948671119947 0.07110698021829741 0.07110698021829741 0.08672450886831663 0.10023217807492894 0.11082393134592573 0.11786030890816962 0.12090249461872468 0.1197328590814929 0.11438813277225528 0.10514554091028047 0.09250683374632179 0.07719727817871637 0.06016503328625058 0.06016503328625058 0.04257174539276817 0.025865567440537855 0.011586142815701734 0.0015569051994377134 0.0009194495889230097 0.006412329913224738 0.013475963538630634 0.023182746442049772 0.03423448931870877 0.045789106912914296 0.045789106912914296 0.05691981288259052 0.06676366427328946 0.07461696062841247 0.07991816581232321 0.08228175810302168 0.08152068832648925 0.07767058037836433 0.07098331794458546 0.06190452137152727 0.051062249269677146 0.03928041247657083 0.03928041247657083 0.027465575321697057 0.01667240413250756 0.008028708910062202 0.0011782076504411253 0.0006695520154052172 0.003986171514821065 0.007036304871457207 0.012370387067448751 0.01905462943726529 0.026519424512763005 0.026519424512763005 0.034019061207089994 0.040813791577159544 0.046301091904337136 0.049999268782235755 0.051588118017469285 0.050925472130663126 0.04806780317754569 0.04325797352898658 0.03691257930573647 0.029588714115573414 0.021999947548812123 0.021999947548812123 0.014882917722926393 0.008930524262700487 0.004930347305661922 0.0008219871665233429 0.0006399729985694817 0.0034267777756203286 0.005298209216981762 0.009185076797158997 0.014370587707797845 0.020320102836160307 0.020320102836160307 0.026370211810307017 0.031838663578980776 0.03617736954473334 0.03896012067077172 0.039919448792205554 0.03896012066481038 0.036177369537513326 0.031838663564296266 0.026370211796164795 0.020320102818799587 0.020320102818799587 0.014370587690199223 0.009185076783945912 0.005298209206888108 0.0034267777704482683 0.0006399729978382855 0.0008219871673656578 0.0049303473069343 0.008930524264555916 0.014882917727277942 0.021999947553808265 0.021999947553808265 0.029588714123754353 0.03691257930979568 0.04325797353138692 0.04806780317882393 0.05092547212454454 0.05158811801060956 0.04999926876588274 0.04630109188537004 0.040813791551800774 0.03401906117641007 0.026519424487176178 0.026519424487176178 0.019054629408105477 0.012370387046726971 0.0070363048568144754 0.003986171506873443 0.0006695520139912781 0.0011782076500828284 0.008028708906684093 0.016672404130345243 0.027465575318151223 0.039280412468402894 0.039280412468402894 0.05106224926719785 0.06190452136851458 0.07098331793788887 0.07767058036981334 0.08152068831717363 0.08228175808786917 0.07991816579190333 0.07461696060383549 0.06676366424689012 0.056919812851477534 0.045789106878355905 0.045789106878355905 0.03423448928550741 0.02318274641355103 0.013475963522668168 0.0064123299037715745 0.0009194495872728429 0.0015569051996949148 0.011586142816557756 0.025865567434107967 0.04257174538647985 0.06016503327496321 0.06016503327496321 0.07719727816426396 0.09250683373205984 0.10514554089661407 0.11438813275401427 0.11973285906150656 0.12090249459970719 0.11786030888518167 0.11082393132762654 0.10023217804667758 0.08672450883835701 0.07110698018470844 0.07110698018470844 0.05437948667997666 0.03770131409657544 0.02225403098471931 0.00981023091837231 0.0012744761339572384 0.0018677399482403838 0.014464788259633482 0.03328378147010985 0.054930840622029825 0.07732411716130733 0.07732411716130733 0.09873073281718062 0.11780720567139964 0.13347948552450226 0.14496058353525748 0.15170012798909877 0.153390411005172 0.14998530541621025 0.1417044588887481 0.12901149725958283 0.11257632892397484 0.09327766075185878 0.09327766075185878 0.07219967261373693 0.05067083401585668 0.03023342819834123 0.01293550260555853 0.0016315888215041655 0.0019499347073609404 0.015548745241429152 0.036373688955244614 0.060122030000033 0.0845711095506495 0.10782751629108145 0.10782751629108145 0.12848203587414508 0.14545762439402518 0.1579406064596552 0.16538729524581947 0.16747704188462845 0.1641484344009355 0.15560092635285272 0.1422703546697915 0.12480519959812501 0.1040542608671818 0.1040542608671818 0.08111832216226962 0.05735328204393913 0.03446897067344686 0.014673762889416827 0.0018245351760643484 0.0019499347073609404 0.015548745241429152 0.036373688955244614 0.056206219118302585 0.07904563921578886 0.10079039561623535 0.10782751629108145 0.12848203587414508 0.14545762439402518 0.1579406064596552 0.16538729524581947 0.16747704188462845 0.15419939065610777 0.14654155386888143 0.13440585466093313 0.11834336922299754 0.09910072593106982 0.08111832216226962 0.07762789825053336 0.05518985612529967 0.03342096533397591 0.01433641243788172 0.0018207137599394298 0.0018419430986380228 0.014550476484237617 0.03389842916379991 0.056206219118302585 0.07904563921578886 0.07904563921578886 0.10079039561623535 0.12009127151699237 0.1359740440508261 0.14772439718337418 0.15483222962587503 0.1570167031041259 0.15419939065610777 0.14654155386888143 0.13440585466093313 0.11834336922299754 0.09910072593106982 0.09910072593106982 0.07762789825053336 0.05518985612529967 0.03342096533397591 0.01433641243788172 0.0018207137599394298 0.0014789319653059293 0.011636857880183328 0.026693130527504036 0.04418300154438124 0.062194693106656145 0.062194693106656145 0.07930054586905061 0.0945396213517964 0.10709959659211551 0.1164461425156819 0.12218901805783638 0.12408679234879524 0.12208483598616247 0.1162752986118989 0.10693315369205107 0.09444944099330048 0.07938535668474457 0.07938535668474457 0.06247573368100531 0.044647433951520966 0.027295674189807072 0.012039298920580418 0.001573071557836975 0.001102919147768153 0.007733350962600132 0.016911320523917375 0.027900583110786907 0.039126780579121716 0.039126780579121716 0.049906909092866374 0.05947400692601321 0.06743193920582427 0.07336959919980643 0.07708148340910613 0.07839922429209376 0.07727181528782309 0.07376732850649406 0.06801978981107812 0.06029294036911812 0.05089166481555612 0.05089166481555612 0.04029655340721454 0.029076049194641993 0.01803609586283987 0.008420793117139414 0.001169397791995369 0.0006985596771005595 0.004429221329587349 0.007979306719470666 0.012564810838419135 0.01730643130281656 0.01730643130281656 0.021831318393187707 0.025974013414803012 0.029390557031440202 0.03202498371047165 0.03367513406876858 0.03433737124999538 0.03393503455926589 0.0325110334475876 0.030125566128571247 0.026864379481879423 0.022901241874758702 0.022901241874758702 0.01840120669920745 0.013652565781105911 0.008971400271629801 0.0049708710602058125 0.0008658304392691705 0.0002176946355585114 0.0007036068526726781 0.0011507328934400075 0.001637621586444877 0.002234090576256399 0.002234090576256399 0.0027633681784427046 0.003285696876314385 0.003698199747496575 0.004032820964286875 0.0042343126458133755 0.004324440515187156 0.004273528204568259 0.0041080803763173445 0.0038080984410921617 0.0034211111199787614 0.0029223577926304656 0.0029223577926304656 0.002391963536810561 0.0018062744487716117 0.0012421935648582068 0.0008618344845984781 0.0003062163035184936
</DataArray>
        <DataArray type="Float64" Name="Mode_3_phi1" NumberOfComponents="1" format="ascii">
 4.311628235619888e-6 -3.832721329848236e-6 -4.311628237443254e-6 3.832721311860648e-6 2.328969540086831e-5 -1.2309771306950933e-5 5.088901927716205e-6 -1.3462606187481707e-6 2.5488540715995835e-6 -1.4138545836410346e-6 6.385282477836137e-7 -1.8228804268042456e-6 -7.552463173854372e-7 -1.1279616334923522e-6 -9.0510690494223e-7 8.537054663086297e-7 -7.072975171053319e-7 3.2427743425107786e-6 -1.7616399164179724e-6 5.019008695850032e-6 -4.969600600653386e-6 6.769487683080635e-6 -9.879755104578831e-6 1.1036839473387831e-5 -1.7417442098278948e-5 2.6544917561869646e-5 -3.5143509168478856e-5 -1.143202791244849e-5 1.0838312464748207e-5 -4.462702680762518e-6 4.541395352599306e-6 -2.656550340407746e-6 8.705732374700385e-7 -2.511210822028576e-6 -1.065470448027223e-6 -2.690946290131782e-6 -2.011096715887967e-6 -2.873112811682869e-6 -2.1844746293112043e-6 -3.0950944524989655e-6 -1.543952604616096e-6 -3.4361411347022e-6 1.9288513400587882e-8 -4.040730271659158e-6 2.912186005194379e-6 -5.526705660856385e-6 8.558264434279303e-6 -1.0055765149994995e-5 1.6434485471748002e-5 -1.1411307354580868e-5 -2.3289695379175334e-5 1.2309771212994648e-5 -5.08890176842174e-6 1.346260421721764e-6 -2.548853855331797e-6 1.4138543920158802e-6 -6.385281001784489e-7 1.8228803148873855e-6 7.552464116476586e-7 1.127961540255519e-6 9.05107013584806e-7 -8.537056122058478e-7 7.072977113222996e-7 -3.2427745949898622e-6 1.761640212007514e-6 -5.01900900289162e-6 4.969600896484474e-6 -6.769487952798435e-6 9.879755340914505e-6 -1.1036839665701319e-5 1.741744222691531e-5 -2.65449176326377e-5 3.5143509218367626e-5 1.1432027971497985e-5 -1.0838312531050791e-5 4.462702767516446e-6 -4.541395446043851e-6 2.6565504363306515e-6 -8.705733465316125e-7 2.511210927894905e-6 1.0654703633790298e-6 2.690946373780173e-6 2.011096600499943e-6 2.8731129305036155e-6 2.184474581189145e-6 3.0950944432722166e-6 1.543952617274008e-6 3.4361410977445342e-6 -1.9288465308319215e-8 4.040730259063233e-6 -2.912185997686364e-6 5.526705599777e-6 -8.558264328928608e-6 1.0055765050785733e-5 -1.6434485404607265e-5 1.1411307318136064e-5 0.01893373658665173 0.036328806545363426 0.07133884454271232 0.10241648548820928 0.14047441519238815 0.1749963584238689 0.20959609643137045 0.2385698401800287 0.26348131483432463 0.2813569806887458 0.2928427240414249 0.29667018392343236 0.2932546938373502 0.2823215950299782 0.2646871552144233 0.24049956918821674 0.21154481259926444 0.1779916996093516 0.14325033222039796 0.10680626148377609 0.07481295974245461 0.04340478659251374 0.022765272613325255 0.01317202044562421 0.08118493417250972 0.16578672830682628 0.26705984195577026 0.3716732788617379 0.47516369637330624 0.5695138283674683 0.652613127744683 0.7197509184500426 0.7693564338561355 0.7993303145424568 0.8086764843389637 0.7971002137876343 0.7650541428640046 0.713244012600806 0.6443164919392205 0.559504468929209 0.46409595285720695 0.36090341168982826 0.2551110525173784 0.16015515921453852 0.07240440301749163 0.010382863931703292 0.01335384715612985 0.06213978354761935 0.1676287420076208 0.29657514156109505 0.43076653426599804 0.5621820557313878 0.6841588522695659 0.7908156054894985 0.8786165511632577 0.9441382894241142 0.985035661035127 1.0 0.9882704239944781 0.9499581016347258 0.8867970378000325 0.7996561426152325 0.6934599497409586 0.5697410705937668 0.4367799185491866 0.30081903535655485 0.16924850795800428 0.0653165403150737 0.015812121336210558 0.011551066519755912 0.07179244264405345 0.17078013043073265 0.2919269975263924 0.4193065285645164 0.5462872219619515 0.6647721140175514 0.7699169293131093 0.8570768837606001 0.922840132771222 0.9646673006011229 0.9807552587707283 0.9705041064843113 0.9340148591963757 0.8723253328946153 0.7881680104758211 0.6836952660617 0.5649564149878243 0.43526101669714556 0.30435596155062766 0.1788834845362264 0.07402547887391164 0.010469632026752933 0.008136774726037821 0.0440636624062474 0.10991989735642702 0.19179049496949443 0.2786615320118476 0.3664033652414325 0.45043932878997045 0.526202706785996 0.5903673535478525 0.6399519259446251 0.6726334793146855 0.686936188254108 0.6819943472806298 0.6579078973121119 0.6154016604450719 0.5560659591054112 0.48273954300878497 0.3979609555370166 0.30691141752920026 0.2138748456944298 0.12379788788715347 0.050227724070746424 0.010060727253284125 0.0016002880340907787 0.010349542798159663 0.024607481635472314 0.04473798637878442 0.07008440965057644 0.0980822246081093 0.12756054287320034 0.15657239508634704 0.18289077543246793 0.20478601645441624 0.22076030711655378 0.22967730544618462 0.23091128616895293 0.2242762636994307 0.21019707657126072 0.189442529243623 0.16329761429444806 0.13368565553012526 0.10170635883284423 0.07078249565693832 0.04111653842335752 0.01577780550775619 0.0016294277051614055 -0.004159391946888139 -0.027099768823234477 -0.06673312518651543 -0.11140169627672922 -0.15249905589628662 -0.18850080168986716 -0.21768234109574366 -0.24006437102778297 -0.2556647638223794 -0.2650584418105049 -0.26872914176113777 -0.2671416924258231 -0.26066949327575856 -0.24954371349317478 -0.23386629612561655 -0.21359665803875716 -0.1887548749956266 -0.15948697064977618 -0.12611386628628346 -0.09002790669712873 -0.05338636484123599 -0.021479323710261032 -0.0028079945635910717 -0.0092435132620529 -0.05542419443925569 -0.13657948334194533 -0.23197655343942486 -0.32420123851278276 -0.4108042732715059 -0.4868280593056837 -0.5505086710722216 -0.6006746178081734 -0.6364254649523833 -0.6573795138771021 -0.663329596883069 -0.6542728812709837 -0.6303853725525218 -0.5920473668380808 -0.5398843997852879 -0.47486535806601765 -0.39842198168101806 -0.3129150677093666 -0.22218887206215532 -0.13050044434810779 -0.05405218423960382 -0.009656860372600919 -0.010926329017790882 -0.06661692768327836 -0.16441959389697766 -0.28009003309068026 -0.39488118786194876 -0.5036330583220124 -0.601358720906544 -0.6850916393819074 -0.7526979552126914 -0.8026858871281465 -0.8339126429179609 -0.8456553106435505 -0.837544494145768 -0.8095815554721681 -0.7621675887523223 -0.6961567385074664 -0.6129321272261773 -0.514630188578819 -0.40419952358021577 -0.2872863609150364 -0.1693353065332196 -0.06892705667864002 -0.011127036648933322 -0.009545368123182435 -0.05784342052671879 -0.14189877094316886 -0.24275011690008894 -0.3436924059323976 -0.44084180480530444 -0.5292954110355415 -0.6063886265139687 -0.6699861641731951 -0.7183562277966424 -0.7501811974619751 -0.7644627251508743 -0.7605534320522808 -0.7381961463055128 -0.69754781760665 -0.6392473154289555 -0.5645236297295396 -0.47523396944886215 -0.3741445646978382 -0.26671738846866977 -0.15709783095646537 -0.06438386695932002 -0.011138038033452598 -0.00515770059314209 -0.030939704417579643 -0.07621666405199216 -0.13127828495784236 -0.18805360844621033 -0.2433901891846459 -0.2953890341126512 -0.3421221794736811 -0.38217307694942126 -0.4142946340144087 -0.437359458562909 -0.45041201122404956 -0.45269067657444545 -0.4436644220061223 -0.42309543745550365 -0.3910599459224561 -0.34808152824651994 -0.2952337463514659 -0.23388805234426394 -0.16781288442287728 -0.099458660181089 -0.04047434573067665 -0.0066063922300908075 0.0010514046081437833 0.0050422900492382025 0.012818389253728532 0.0205396769044305 0.02581330635414507 0.02903437644237984 0.029537963518692187 0.027407992421526438 0.022889305926987687 0.016422934505626947 0.008571790527050439 -9.997468779876581e-11 -0.008571790758836507 -0.0164229347097599 -0.02288930619915535 -0.0274079927122857 -0.029537963810220204 -0.02903437665262695 -0.02581330659839713 -0.020539677079549453 -0.012818389371546217 -0.005042290092586077 -0.0010514046511498672 0.006606392243436987 0.04047434562752106 0.09945866000648905 0.1678128842614651 0.23388805209603727 0.29523374608424496 0.34808152805867126 0.3910599457237296 0.4230954372780613 0.4436644218014484 0.4526906764214999 0.45041201106070433 0.4373594583738486 0.4142946337972966 0.38217307674660517 0.3421221792549807 0.29538903395337335 0.24339018895371464 0.1880536082842319 0.13127828479666487 0.07621666398816415 0.030939704374417922 0.0051577005912902115 0.011138037974389283 0.06438386692054326 0.1570978309312416 0.26671738830283326 0.3741445645020716 0.47523396923141964 0.5645236295201875 0.6392473152298755 0.6975478174028076 0.7381961461521036 0.7605534318979804 0.7644627250116114 0.7501811973724184 0.718356227746116 0.6699861642213378 0.6063886265246486 0.5292954109488738 0.44084180472894724 0.3436924058330821 0.24275011687502857 0.14189877090671132 0.05784342054304092 0.009545368098127735 0.011127036699227861 0.06892705672840965 0.1693353064764783 0.28728636090850634 0.40419952351394894 0.5146301884402525 0.6129321269804374 0.6961567383394014 0.7621675885694558 0.8095815552541704 0.8375444939824711 0.8456553105465826 0.8339126429178481 0.8026858872453262 0.7526979551983728 0.6850916394238881 0.6013587209469324 0.5036330584081529 0.3948811879677334 0.28009003312698116 0.16441959392160296 0.0666169277129679 0.010926329026355697 0.00965686031247063 0.05405218418721004 0.13050044441286335 0.22218887198639772 0.3129150676768776 0.39842198167109927 0.4748653580654497 0.539884399679428 0.5920473667703533 0.6303853726042135 0.6542728812953441 0.6633295969172038 0.6573795139567691 0.6364254649626752 0.6006746179617592 0.5505086712173269 0.4868280594728045 0.4108042733810132 0.3242012385666124 0.23197655346221172 0.1365794832961594 0.05542419437654078 0.009243513246632954 0.002807994615817609 0.02147932369241192 0.053386364692845314 0.09002790671117575 0.12611386629897947 0.15948697066036382 0.18875487505054497 0.21359665811574222 0.23386629622032323 0.24954371354804908 0.2606694933859045 0.26714169257229325 0.26872914185612395 0.2650584419335758 0.25566476395922094 0.24006437122061638 0.21768234126584257 0.1885008018656607 0.15249905610535622 0.11140169642032088 0.06673312527953174 0.027099768873361553 0.0041593919760000075 -0.0016294277518795388 -0.015777805528351483 -0.04111653837204261 -0.07078249569996713 -0.10170635884852154 -0.13368565545495134 -0.163297614249427 -0.18944252912662635 -0.21019707646102712 -0.22427626356793945 -0.23091128601589966 -0.22967730531541622 -0.2207603069972234 -0.20478601633493038 -0.1828907753265362 -0.15657239495702907 -0.12756054267580447 -0.09808222438701862 -0.07008440952508437 -0.044737986214803106 -0.02460748148410997 -0.010349542768451575 -0.0016002880581328421 -0.010060727209303174 -0.0502277239978235 -0.12379788787385103 -0.21387484565198298 -0.3069114174450694 -0.3979609555018855 -0.4827395429178708 -0.5560659590236868 -0.615401660322178 -0.6579078971668542 -0.6819943471793828 -0.6869361881525483 -0.6726334791700498 -0.6399519258301258 -0.5903673534077799 -0.526202706633453 -0.45043932863862224 -0.36640336506044346 -0.27866153179340275 -0.19179049483675634 -0.10991989728989866 -0.044063662339813424 -0.008136774661685504 -0.01046963206014836 -0.07402547891033351 -0.17888348453646302 -0.3043559614919486 -0.4352610166706849 -0.5649564149015499 -0.6836952659891512 -0.788168010374682 -0.8723253328263691 -0.9340148591501751 -0.9705041063847204 -0.9807552586521017 -0.964667300490828 -0.9228401326440411 -0.8570768836696391 -0.7699169292404169 -0.664772113911267 -0.5462872218605467 -0.41930652845936184 -0.2919269973982895 -0.17078013035772172 -0.07179244266526236 -0.011551066538102275 -0.015812121303824884 -0.065316540298775 -0.16924850791184537 -0.30081903529278414 -0.43677991840014 -0.569741070485761 -0.6934599496299801 -0.7996561425658202 -0.886797037733494 -0.9499581015608762 -0.9882704239893767 -0.9999999999916316 -0.9850356610056817 -0.9441382893630521 -0.8786165510813009 -0.7908156054502221 -0.684158852267275 -0.5621820557184951 -0.4307665342171557 -0.2965751415765929 -0.1676287420224665 -0.06213978345166519 -0.013353847113138428 -0.010382863920077642 -0.0724044029751357 -0.16015515915540787 -0.25511105242151166 -0.36090341167110057 -0.4640959528037667 -0.559504468932248 -0.6443164918899149 -0.7132440125745134 -0.7650541428622383 -0.7971002138142802 -0.8086764843501577 -0.7993303145727257 -0.7693564338889123 -0.7197509185103884 -0.6526131277769683 -0.5695138283742149 -0.4751636963976172 -0.371673278917709 -0.26705984201634864 -0.16578672826608631 -0.0811849341959715 -0.013172020464662934 -0.022765272592364702 -0.04340478659853325 -0.07481295973571099 -0.10680626151790071 -0.1432503322263276 -0.17799169964806977 -0.2115448125880102 -0.24049956921077015 -0.2646871552232969 -0.28232159506666893 -0.2932546938091999 -0.29667018395150785 -0.29284272410005274 -0.2813569807426715 -0.26348131487904264 -0.238569840183287 -0.20959609645071955 -0.17499635846548578 -0.14047441523104828 -0.10241648547594846 -0.0713388445774514 -0.03632880654574512 -0.018933736598138032
</DataArray>
        <DataArray type="Float64" Name="Mode_3_phi2" NumberOfComponents="1" format="ascii">
 4.103373285304932e-6 3.842412351684209e-6 -4.103373288053256e-6 -3.842412341573341e-6 1.221342478279989e-5 -1.6177820936240805e-5 1.2234687787229957e-5 -7.0366251447569724e-6 9.553072349909424e-6 2.469615892273653e-7 7.0633750687314746e-6 5.738119798669976e-7 1.7139594133346302e-6 -2.972753915205196e-6 -3.1599831319624307e-6 -4.774155583950464e-6 -3.257799962461188e-6 -2.235685687514763e-6 1.0844431780282052e-6 1.9817609104788244e-6 5.408593293337321e-6 2.812451557081e-6 6.168004846234252e-6 -2.168871430115292e-6 5.8103221718261326e-6 -1.0443701179937886e-5 1.1907395833946519e-5 3.4194387961164704e-5 -2.6054658073455502e-5 1.6553608019173125e-5 -1.1294887178067895e-5 9.173693775603476e-6 -6.407617679679234e-6 5.3997920605265715e-6 -3.6611312677091512e-6 2.977250444000162e-6 -1.8898445445701558e-6 1.3245478460129282e-6 -7.037039396791124e-7 1.5911919809187559e-7 1.470339405135429e-7 -8.208565674588008e-7 9.638376661038857e-7 -1.9148871626873925e-6 1.922926022184828e-6 -3.2354346469530693e-6 3.2226833363734862e-6 -5.995077308432524e-6 1.3326232900142611e-5 -2.309031899704097e-5 -1.221342477715095e-5 1.6177820910542476e-5 -1.2234687787728199e-5 7.036625165687461e-6 -9.55307239923915e-6 -2.469614898144529e-7 -7.0633752095678985e-6 -5.738118070915674e-7 -1.7139595928946718e-6 2.972754077335033e-6 3.159983015715292e-6 4.774155669663415e-6 3.2577999131442306e-6 2.235685730905467e-6 -1.0844432835228238e-6 -1.9817607572431858e-6 -5.4085934444378785e-6 -2.812451428355686e-6 -6.1680049869543446e-6 2.1688715932916015e-6 -5.8103223330697495e-6 1.0443701297711116e-5 -1.1907395884408095e-5 -3.419438793004293e-5 2.6054658003235905e-5 -1.655360792958137e-5 1.1294887080849542e-5 -9.173693667994329e-6 6.4076175827950665e-6 -5.399791997881439e-6 3.661131221185679e-6 -2.977250369578467e-6 1.8898444336468647e-6 -1.3245477433679827e-6 7.037038736017971e-7 -1.5911916539470086e-7 -1.470339403502731e-7 8.20856547661822e-7 -9.638376473001932e-7 1.914887141212692e-6 -1.922925985487057e-6 3.2354346126578153e-6 -3.222683340750512e-6 5.995077336499507e-6 -1.3326232909568794e-5 2.3090318988299073e-5 0.018871843344295244 0.014023449240013563 0.016588475368295382 0.01720829480731399 0.018701954469923655 0.01716613193694883 0.016220529416930918 0.013407323326754608 0.010803368087348941 0.007326907646615341 0.003742449152067655 0.0001370949269481605 -0.003919656109162458 -0.007016812229394848 -0.011137835691231106 -0.012951249634837427 -0.016718288220695016 -0.016300402361320077 -0.019361096207927173 -0.015618974665829467 -0.018158874543928505 -0.011390910648412458 -0.022611672557389405 0.034641895138776684 0.08171004569035957 0.07351908862704701 0.091525037122832 0.08975795867415583 0.08613359817990185 0.07738493975549479 0.06557063906283174 0.05138980352825185 0.034991625106943015 0.01790589437697461 -0.00041629574652062425 -0.018368271379641227 -0.035728683836282554 -0.052341664629913805 -0.06596150698654689 -0.07843824908334612 -0.08560015234539667 -0.0893802545977975 -0.09047667053620481 -0.07133661506093288 -0.07378292064059838 -0.041893510191569304 0.06579862138985985 0.16131961666800568 0.18443881926984998 0.20978485787630644 0.21001986368553047 0.1998130694659074 0.17973866475325134 0.1524650074959098 0.11927521461125275 0.08200118536838023 0.041837516065357995 -3.46563401378056e-5 -0.041743951533062776 -0.0825394313701067 -0.12004494750388092 -0.1539016640284954 -0.18100922829967633 -0.20123692966504017 -0.20956744066192812 -0.21050718292917114 -0.17813136602744403 -0.15926470071385973 -0.07010211839052101 0.08794515174832988 0.2464597043320439 0.3052384169111508 0.3387442889946344 0.34273557261395965 0.325883638065556 0.2942660177985497 0.2500541820153103 0.19679313483480887 0.13603567878499434 0.0706481922035599 0.002439528692128894 -0.06616873810422935 -0.13267179438387502 -0.1949266181866477 -0.25010462370491815 -0.29576499625648245 -0.3289449040201298 -0.34472015024131997 -0.3426593177203395 -0.30289222580863445 -0.2439529068768057 -0.09475098962077086 0.11064303424628186 0.314501218014285 0.40289241266391496 0.4439153416851097 0.4517214990195882 0.4315629058868628 0.3910456819451705 0.334155285672712 0.2639932431752854 0.1841035315253444 0.0970549839077021 0.0063240794260671605 -0.0852493279372301 -0.17423837919248125 -0.2573903198875054 -0.3311871315898114 -0.39218137237541334 -0.4360409736740104 -0.4581593330765488 -0.4531674417834634 -0.4072566059021796 -0.3205211295700912 -0.116650238991223 0.1197071867177207 0.348196052521089 0.45003765056796524 0.4985650977483046 0.5092489751218484 0.4898084035763972 0.4463490461503801 0.3835602270334056 0.30505006442031507 0.21438687869911763 0.11523850731020353 0.01112729515040622 -0.0939961413336433 -0.1964061773336519 -0.29197230079068814 -0.3767202732783232 -0.44623353806721555 -0.49633862552324015 -0.520903883080358 -0.5146042605650677 -0.4651733437802224 -0.36217663628315333 -0.12690271923948526 0.11900197850754202 0.33642258001832137 0.4355446713774976 0.48895249414814024 0.5029563794564769 0.488053055411096 0.4483949630908525 0.3881357768342655 0.31108425823030883 0.220740562878286 0.12096273732167961 0.015658170860100382 -0.09109314220842608 -0.19502231986123408 -0.291910608453192 -0.37734028224750626 -0.44693720621090904 -0.49599250042804643 -0.5199114581028098 -0.5103923879111524 -0.46242300423469146 -0.35873758512496806 -0.12552953965497013 0.10494363774379718 0.28552227769212174 0.36402173093381873 0.42086622234879795 0.43759491934432676 0.43090622052260574 0.40034523326458166 0.35017357822598294 0.28332478501654934 0.20331218466546502 0.11369353809718516 0.018429556524286475 -0.07846746974672711 -0.17275588819018325 -0.26021409949370794 -0.33662008879889294 -0.397787840771769 -0.43943580813507804 -0.45751768507816964 -0.4462068679714364 -0.39826887387241466 -0.3136002513684197 -0.11160162147109005 0.08494309866518433 0.2096749959554129 0.25844413166114577 0.3161114239179594 0.3351851610824082 0.3380129579657387 0.3196394592060848 0.2835580653639575 0.23229934845552336 0.16871831133509801 0.09619098941928318 0.018306522847429202 -0.06112483290424892 -0.1381851040897942 -0.2089625994171752 -0.269607913701679 -0.31646705595955776 -0.3459455483429169 -0.3550888203927087 -0.34080827160079147 -0.2947884782230136 -0.23859654257134266 -0.0904664630312801 0.06322618476692914 0.1331752703630714 0.1510499925263908 0.20740687351863457 0.22815276851680716 0.23918621182509087 0.2323439664992585 0.2101460878131045 0.17461839526206843 0.12818613347860575 0.07382674720367323 0.014804668549752946 -0.04545471607211182 -0.10340000559476946 -0.1555669048812287 -0.19858511047263777 -0.22946242376844664 -0.2452927107902428 -0.24416458746131744 -0.22740931350982635 -0.1810295580464435 -0.1573380388603702 -0.06758680595747674 0.04786309103986136 0.07908623591320975 0.07459527398533247 0.1282703263332181 0.14953578019548072 0.16528245691441945 0.16576808419616218 0.15286289085342283 0.12825605667582451 0.09409583440725365 0.05310500087071664 0.00829041220137953 -0.03721383986212336 -0.08018697914382802 -0.11752868663198246 -0.1462917106270972 -0.16405726828964604 -0.16860192377232006 -0.1584538070481854 -0.139402996312859 -0.09179989476498226 -0.09276781539802327 -0.05015230857668349 0.042760456165949035 0.06399873591882592 0.052535272964534606 0.10284319926968309 0.12357919395200737 0.1390080609088109 0.14041333249575053 0.12922089556991223 0.10720369075606628 0.07648396192072644 0.039772871133049184 -3.904256383596034e-11 -0.03977287127201692 -0.07648396196347787 -0.10720369090271623 -0.1292208955785266 -0.14041333253705707 -0.13900806092512732 -0.12357919385442087 -0.10284319918752047 -0.052535272882398065 -0.06399873582066302 -0.04276045608744465 0.05015230860546141 0.09276781540354008 0.09179989482041095 0.13940299635752992 0.1584538070449851 0.1686019238547977 0.16405726820301098 0.14629171060170257 0.11752868657234371 0.08018697905398794 0.03721383979051575 -0.008290412331483072 -0.053105001000733315 -0.09409583448704437 -0.12825605679531854 -0.15286289094277086 -0.16576808411528843 -0.1652824569953053 -0.1495357800320325 -0.12827032619867998 -0.07459527383031575 -0.07908623576225143 -0.04786309097528093 0.06758680595671612 0.1573380388131598 0.18102955805083082 0.22740931351040444 0.24416458736665514 0.2452927109100658 0.22946242373300418 0.19858511041607665 0.15556690485513913 0.1034000054992428 0.04545471605332143 -0.014804668703632543 -0.0738267473143207 -0.1281861335306355 -0.1746183953651236 -0.21014608788489544 -0.23234396652894967 -0.23918621183684516 -0.2281527683821342 -0.20740687330168112 -0.15104999235113709 -0.1331752702057698 -0.06322618464547984 0.09046646300577202 0.23859654257523852 0.2947884781215136 0.3408082715811488 0.35508882028508565 0.34594554834686214 0.3164670559389781 0.2696079136910449 0.20896259934912395 0.13818510406422546 0.06112483284811645 -0.01830652289337549 -0.09619098948846572 -0.16871831128038922 -0.23229934865352164 -0.283558065407248 -0.3196394592952961 -0.3380129579098857 -0.33518516097309237 -0.3161114236984715 -0.2584441314814634 -0.2096749957622624 -0.0849430986135943 0.1116016215012588 0.31360025127376817 0.39826887387989107 0.44620686778517193 0.45751768505464596 0.4394358080420123 0.39778784074873935 0.33662008876202826 0.2602140994599847 0.17275588817931406 0.07846746975485702 -0.018429556585025285 -0.1136935379880729 -0.20331218476532656 -0.2833247850472761 -0.3501735783576048 -0.40034523328095983 -0.430906220528608 -0.4375949192332698 -0.4208662222398499 -0.36402173072317534 -0.28552227753282344 -0.10494363762623488 0.12552953960935734 0.3587375851050285 0.46242300408710496 0.5103923879069424 0.5199114579838615 0.495992500427638 0.44693720614786864 0.37734028218627513 0.29191060850237777 0.19502231987958593 0.09109314218302729 -0.015658170813199163 -0.12096273735076167 -0.22074056284521967 -0.3110842582645606 -0.3881357769093551 -0.4483949631576012 -0.4880530554215746 -0.5029563793570546 -0.48895249408837427 -0.4355446712610837 -0.336422579815681 -0.11900197845485738 0.12690271923246035 0.3621766361534545 0.4651733437253598 0.5146042605250317 0.5209038829988436 0.49633862556680386 0.4462335379855916 0.3767202732971572 0.2919723007755206 0.19640617736586669 0.09399614138227834 -0.011127295169054648 -0.115238507332556 -0.2143868786648605 -0.3050500644443406 -0.3835602270578854 -0.44634904620076177 -0.4898084035785849 -0.5092489750952551 -0.49856509767935137 -0.45003765048684646 -0.34819605242959417 -0.11970718662748499 0.11665023895207337 0.3205211295466452 0.4072566057301177 0.45316744178881396 0.4581593330518832 0.43604097368549666 0.39218137236712913 0.3311871316087477 0.2573903199116728 0.17423837923947647 0.08524932795492332 -0.006324079448635641 -0.09705498389408553 -0.1841035315487982 -0.2639932431386397 -0.3341552857077649 -0.391045681937826 -0.4315629058950283 -0.4517214990406254 -0.4439153415897366 -0.4028924127262123 -0.3145012179355774 -0.11064303419134545 0.09475098964198124 0.24395290679217524 0.3028922257348389 0.3426593177058163 0.34472015022923197 0.32894490403949794 0.2957649962780966 0.2501046237092947 0.19492661824152543 0.1326717943993648 0.06616873813966355 -0.0024395286641941735 -0.07064819222340583 -0.13603567877690032 -0.19679313484889485 -0.2500541820105789 -0.2942660177875067 -0.3258836380420242 -0.34273557264084087 -0.3387442889728262 -0.3052384169748575 -0.2464597043119083 -0.08794515170542937 0.07010211834796717 0.15926470068178059 0.17813136594569123 0.21050718298230336 0.20956744066075605 0.20123692970386522 0.18100922828374177 0.15390166404948027 0.12004494751339014 0.08253943140751427 0.04174395154465879 3.4656364081210447e-5 -0.04183751605624578 -0.08200118534524649 -0.11927521465867558 -0.1524650075059919 -0.17973866475066425 -0.1998130694336546 -0.21001986367311637 -0.20978485792950297 -0.18443881935083917 -0.16131961663630873 -0.06579862137220362 0.04189351021762024 0.07378292058181947 0.0713366150494423 0.09047667058826034 0.08938025458006223 0.08560015236867073 0.07843824905378081 0.06596150699046206 0.05234166468276264 0.03572868379911657 0.01836827139301718 0.00041629579930580466 -0.017905894364041813 -0.03499162507309611 -0.05138980358128555 -0.06557063909257231 -0.07738493973909444 -0.08613359813974662 -0.08975795870220984 -0.09152503716458403 -0.07351908861326784 -0.08171004569435909 -0.034641895154284376 0.022611672559125127 0.01139091062978918 0.018158874564363683 0.01561897465670903 0.01936109623376931 0.01630040233766346 0.016718288226419815 0.012951249635714647 0.011137835697091307 0.007016812193396335 0.00391965613057168 -0.00013709493278828177 -0.003742449142944919 -0.007326907645588514 -0.010803368100899243 -0.013407323330742488 -0.0162205294222545 -0.017166131935587386 -0.018701954495718775 -0.017208294817610315 -0.01658847535242118 -0.014023449238972857 -0.018871843352632593
</DataArray>
        <DataArray type="Float64" Name="Mode_4_w" NumberOfComponents="1" format="ascii">
 3.667382930020472e-7 5.480552840097886e-7 3.667382930096918e-7 5.480552840799717e-7 -9.88138293019939e-7 5.016031399674419e-7 7.770842091253227e-8 9.644243247878194e-7 1.0645004693426653e-6 1.0645004693426653e-6 1.3526556069925882e-6 1.7478532854287023e-6 1.790435318148124e-6 1.4930777268936147e-6 7.322361818888905e-7 -1.1177523317539398e-7 -9.404993171817506e-7 -1.514733098708499e-6 -1.7139788533137783e-6 -1.5814441723203264e-6 -1.100113186763724e-6 -1.100113186763724e-6 -1.1417568782911293e-6 -4.1883236671905903e-7 -5.946000382784126e-7 3.9550192805095323e-7 2.0292843534187138e-7 -3.1109497389951135e-7 3.5369520458326945e-7 -4.3251320368281197e-7 6.542305208014631e-7 1.3535703617654343e-7 1.3535703617654343e-7 5.506915347027746e-7 3.0011924544547075e-7 2.741702679787223e-7 1.7167260606762902e-7 8.510249151381929e-8 -1.7078341646869576e-9 -9.02585453051758e-8 -1.6287516719912316e-7 -2.2804013466701193e-7 -3.7169069388910496e-7 -3.4001533092533346e-7 -3.4001533092533346e-7 -5.517855748376183e-7 -5.050862097325345e-8 -4.199120412817709e-7 6.66348072776244e-7 -8.898565745752618e-7 -9.881382924408833e-7 5.016031386948571e-7 7.77084207215323e-8 9.644243258546561e-7 1.06450046661391e-6 1.06450046661391e-6 1.3526556095296757e-6 1.747853281498639e-6 1.7904353212312942e-6 1.493077724401658e-6 7.322361836785338e-7 -1.1177523285848829e-7 -9.40499317304617e-7 -1.5147330995483005e-6 -1.7139788541720004e-6 -1.5814441708315627e-6 -1.100113188026373e-6 -1.100113188026373e-6 -1.1417568752348994e-6 -4.188323665318353e-7 -5.94600035980806e-7 3.955019266630258e-7 2.0292843533293733e-7 -3.110949741397177e-7 3.536952039540172e-7 -4.3251320178326594e-7 6.542305199938981e-7 1.3535703580812876e-7 1.3535703580812876e-7 5.506915347204585e-7 3.0011924526568436e-7 2.741702683176638e-7 1.7167260619141635e-7 8.510249236117302e-8 -1.7078349745544913e-9 -9.025854431782451e-8 -1.628751684664696e-7 -2.280401327600976e-7 -3.7169069648863885e-7 -3.40015329044945e-7 -3.40015329044945e-7 -5.517855762641198e-7 -5.0508619785484575e-8 -4.1991204319457983e-7 6.663480745534764e-7 -8.89856574928203e-7 0.00020862599707420078 0.0005182741212480676 0.0005755042016056556 0.0007656857715919194 0.0008976148193638396 0.0009515492181732799 0.0009515492181732799 0.0009243473121988438 0.0007886619163684897 0.0005773571521929988 0.0003008933191648862 -2.022012022779934e-6 -0.00029128105021677606 -0.0005472868986083081 -0.0007189846016943297 -0.0008232105640456807 -0.000811062915149921 -0.0007558613697695589 -0.0007558613697695589 -0.0006024384754629568 -0.0005095108598700027 -0.0003751954491837672 -0.00014156007785581483 0.000706165107722334 0.003583219615780518 0.005256010170555084 0.007486826755103866 0.009104941901637022 0.009928618872715355 0.009928618872715355 0.0096728084247599 0.00836240350746912 0.006102304656169607 0.003194177674807759 -4.8282657013710706e-5 -0.0031846501998106817 -0.0058982616606845445 -0.007823426103893555 -0.00883543950311022 -0.008785513263777446 -0.007864200979378117 -0.007864200979378117 -0.006216530819599633 -0.004273178181183521 -0.0028671310560446305 -0.0005371254127529447 0.0012142748774645249 0.007866680384240498 0.014441790863318737 0.021462479944719268 0.02690970924928004 0.029629778255324018 0.029629778255324018 0.029132471071927093 0.025294429866287715 0.01859260054534173 0.009805344827293967 6.710547944931163e-6 -0.009616895267348094 -0.01790457263355137 -0.02392934495452136 -0.02701130329740509 -0.026938156558731524 -0.02386025560238786 -0.02386025560238786 -0.018550934954042166 -0.01206085614577614 -0.006313382146109108 -0.0009921894293773237 0.0018724934297009786 0.013109185366195467 0.026629800563924767 0.04010516594870071 0.05058603796119582 0.05594826307482314 0.05594826307482314 0.05512799013318278 0.048055903744861524 0.03549497635122507 0.01894296604725237 0.00037611144335745225 -0.017964257503719997 -0.033887464433235495 -0.045568659450008396 -0.05174701976303569 -0.051840704891057694 -0.051840704891057694 -0.04619806746522888 -0.03598666094253228 -0.023289438460614247 -0.011189071354054399 -0.0015620458118135957 0.0025094550873400617 0.018338390177646616 0.0390447756768757 0.05939793865955863 0.07510527347527178 0.0831866547376432 0.0831866547376432 0.08209401841793726 0.0716802758731106 0.053104897022536006 0.028514271962872956 0.0008291156261616956 -0.02663333963556218 -0.05061794176843957 -0.06836049332189928 -0.07792575219199728 -0.07840093629511276 -0.07840093629511276 -0.07013285934495968 -0.05485062257117123 -0.035438088928371116 -0.016389653201079782 -0.0021938646733625595 0.0025094550873400617 0.018338390177646616 0.0390447756768757 0.05939793865955863 0.07510527347527178 0.09408174724357961 0.0831866547376432 0.08209401841793726 0.0716802758731106 0.053104897022536006 0.028514271962872956 0.0012166276548347037 -0.03348111130720333 -0.06392645721526581 -0.08661908060864065 -0.09904284155452299 -0.07840093629511276 -0.07013285934495968 -0.08975600560395275 -0.07039952364210222 -0.04557897753934903 -0.020635961334411982 -0.002679979986271507 0.0029159638992877746 0.022130286746601956 0.04851688821702185 0.07421487700797787 0.09408174724357961 0.10432336312581843 0.10432336312581843 0.1030681011286826 0.09013072301391631 0.06690281031300951 0.03606277981215889 0.0012166276548347037 -0.03348111130720333 -0.06392645721526581 -0.08661908060864065 -0.09904284155452299 -0.09997813442058606 -0.08975600560395275 -0.08975600560395275 -0.07039952364210222 -0.04557897753934903 -0.020635961334411982 -0.002679979986271507 0.0030130997963717715 0.02329301100025811 0.052088377564143855 0.08007911634076778 0.10171942497300289 0.11297602509421573 0.11297602509421573 0.11175676017293025 0.09787062585735623 0.07277904332496085 0.039328339229944956 0.0014063662519510148 -0.03650255048891426 -0.06991785789460127 -0.09498508970665277 -0.10890501189763578 -0.11024915200580104 -0.0992803709824369 -0.0992803709824369 -0.07811082726175331 -0.050675511933817106 -0.022756505023700104 -0.00292493858916722 0.0026748432063890553 0.02113388260238367 0.04797855190080501 0.07414644549631409 0.09445132892085294 0.10512283059639312 0.10512283059639312 0.10419608847782977 0.0914261038943626 0.06813439205834625 0.03692184932276527 0.0013763219339624538 -0.03431354805621096 -0.06593634682679952 -0.08982389403234528 -0.10327188974178611 -0.1048584563022689 -0.09471926706187321 -0.09471926706187321 -0.07475859624281736 -0.04868226865821155 -0.02178791166732753 -0.00278212724542008 0.0019543721735078715 0.015661903113175793 0.036148741630149334 0.05626562828232851 0.07200093970896292 0.0804429964941082 0.0804429964941082 0.0800095337409332 0.07045426308137229 0.05270896838071003 0.028719231231229037 0.0012060035261491791 -0.026608109092263146 -0.05143122758613251 -0.07036171125455162 -0.08121265382690677 -0.08278465009781175 -0.07509453604634155 -0.07509453604634155 -0.059531282544684413 -0.03897395355252201 -0.017538979912737816 -0.002249535763342374 0.0009233118414385938 0.007684515675005254 0.01833250425793369 0.029036719821455653 0.03760394186331709 0.04245128633299143 0.04245128633299143 0.04263438615577509 0.037916260240975934 0.028696456920975107 0.01592614572619926 0.0010172477196827487 -0.014303114676402127 -0.028208535531024124 -0.03903450362702424 -0.04548131730892413 -0.04677362522841366 -0.04281319613215755 -0.04281319613215755 -0.03427550034251221 -0.022728774827225434 -0.01041356526132831 -0.0013553364985994364 -0.00024143674924293786 -0.001537170143453553 -0.002485442371274939 -0.0029839530704328762 -0.002997698450386497 -0.0025320277470113352 -0.0025320277470113352 -0.0017327927159355454 -0.0007902792383444455 8.885855905696227e-5 0.0007120988023547227 0.0009369260319582428 0.00071209879299878 8.88585394801402e-5 -0.0007902792676223122 -0.0017327927509419372 -0.002532027780562015 -0.002532027780562015 -0.002997698484894981 -0.0029839530999995144 -0.0024854423924956875 -0.0015371701516888698 -0.00024143675033009478 -0.0013553364973744628 -0.01041356525163871 -0.02272877480479981 -0.034275500307393215 -0.0428131960908986 -0.0428131960908986 -0.04677362518408183 -0.04548131726952551 -0.039034503585788964 -0.028208535497031558 -0.014303114651396397 0.001017247730423382 0.01592614572451681 0.02869645691329931 0.037916260225905524 0.042634386134115604 0.04245128630837034 0.04245128630837034 0.03760394184219429 0.029036719800492064 0.018332504244850216 0.007684515666779439 0.0009233118404514584 -0.002249535762170289 -0.01753897990613111 -0.03897395353397367 -0.05953128251328881 -0.07509453600889793 -0.07509453600889793 -0.08278465005506887 -0.08121265378658062 -0.07036171121779627 -0.05143122755284529 -0.02660810906584038 0.0012060035405048704 0.02871923123510655 0.05270896837585454 0.07045426307253667 0.08000953373223256 0.08044299648570605 0.08044299648570605 0.07200093969656765 0.056265628275082344 0.03614874162224364 0.015661903109531864 0.001954372172822771 -0.002782127244650343 -0.021787911661260734 -0.04868226864692295 -0.07475859622327705 -0.09471926703625998 -0.09471926703625998 -0.1048584562784963 -0.10327188971681034 -0.08982389401074121 -0.06593634681094097 -0.034313548046273276 0.0013763219390216447 0.03692184931856186 0.06813439204901243 0.09142610388283266 0.10419608846703085 0.10512283058778364 0.10512283058778364 0.09445132891449724 0.07414644549194362 0.047978551901907106 0.02113388260065422 0.0026748432060361535 -0.002924938588744926 -0.022756505020469164 -0.050675511928644966 -0.07811082725952277 -0.09928037097813186 -0.09928037097813186 -0.11024915200311997 -0.10890501190045136 -0.09498508971294248 -0.06991785790388205 -0.036502550504715146 0.0014063662308366831 0.03932833920831149 0.07277904330007842 0.09787062583492658 0.1117567601530782 0.11297602507707344 0.11297602507707344 0.10171942496163622 0.08007911633348143 0.05208837756081265 0.02329301099989619 0.003013099796004782 -0.0026799799865472214 -0.02063596133599931 -0.045578977545021125 -0.07039952365166827 -0.08975600562171476 -0.0999781344447768 -0.0999781344447768 -0.09904284158444038 -0.08661908064577045 -0.06392645725524379 -0.03348111134896953 0.0012166276096196294 0.03606277976612814 0.06690281026875312 0.09013072297109977 0.10306810109327766 0.10432336309877607 0.10432336309877607 0.09408174722332006 0.07421487699549771 0.04851688820951484 0.022130286745159742 0.002915963899222756 -0.0026799799865472214 -0.02063596133599931 -0.045578977545021125 -0.05485062259339041 -0.07013285937681255 -0.07840093633834957 -0.0999781344447768 -0.09904284158444038 -0.08661908064577045 -0.06392645725524379 -0.03348111134896953 0.0012166276096196294 0.028514271900888958 0.05310489696276927 0.07168027581932959 0.08209401836998544 0.08318665469990648 0.09408174722332006 0.07510527344752657 0.059397938638642456 0.039044775664429696 0.018338390173280737 0.0025094550867961313 -0.0021938646737913628 -0.016389653205139677 -0.03543808894276471 -0.05485062259339041 -0.07013285937681255 -0.07013285937681255 -0.07840093633834957 -0.07792575224271063 -0.06836049337814268 -0.05061794182933094 -0.026633339697319482 0.0008291155646654846 0.028514271900888958 0.05310489696276927 0.07168027581932959 0.08209401836998544 0.08318665469990648 0.08318665469990648 0.07510527344752657 0.059397938638642456 0.039044775664429696 0.018338390173280737 0.0025094550867961313 -0.001562045812671261 -0.011189071360629285 -0.023289438474882553 -0.03598666096953208 -0.04619806750217531 -0.04619806750217531 -0.051840704937427706 -0.05174701981753913 -0.04556865950967109 -0.033887464495821015 -0.017964257567478274 0.00037611137998856144 0.018942965986099656 0.035494976291638086 0.04805590369059474 0.05512799008667452 0.055948263034991556 0.055948263034991556 0.050586037930620616 0.04010516592675719 0.02662980054930159 0.013109185361054064 0.0018724934290041994 -0.0009921894299787831 -0.006313382151259024 -0.012060856157558971 -0.018550934974485903 -0.023860255632680127 -0.023860255632680127 -0.02693815659572351 -0.027011303340036638 -0.023929345000410777 -0.01790457268099725 -0.009616895315406446 6.71049984410114e-6 0.00980534478084619 0.018592600502172887 0.025294429825674095 0.029132471035990936 0.029629778227172308 0.029629778227172308 0.02690970922627472 0.021462479927763244 0.014441790851981542 0.00786668037904515 0.001214274877001355 -0.000537125413159774 -0.0028671310590261336 -0.0042731781878221735 -0.006216530830216365 -0.007864200994114839 -0.007864200994114839 -0.008785513283199004 -0.008835439524516982 -0.007823426127612504 -0.0058982616846713866 -0.0031846502235126756 -4.828268201362075e-5 0.003194177651326149 0.006102304633921886 0.008362403487388327 0.009672808406203532 0.009928618857283958 0.009928618857283958 0.009104941889214993 0.007486826745816958 0.00525601016433923 0.003583219611982775 0.0007061651072551725 -0.00014156007809105496 -0.00037519544978554165 -0.000509510860841686 -0.0006024384769474558 -0.000755861371763372 -0.000755861371763372 -0.0008110629177615388 -0.000823210567051178 -0.0007189846046465277 -0.0005472869017691821 -0.0002912810534345569 -2.0220154281508764e-6 0.00030089331587733643 0.0005773571493283301 0.0007886619133607878 0.0009243473100441427 0.0009515492156940909 0.0009515492156940909 0.0008976148177680205 0.0007656857699653538 0.000575504200932176 0.0005182741206132862 0.00020862599701549023
</DataArray>
        <DataArray type="Float64" Name="Mode_4_phi1" NumberOfComponents="1" format="ascii">
 2.823133636064749e-6 2.5936800926573874e-6 -2.8231336301277854e-6 -2.593680082117687e-6 1.5000506778638111e-5 -9.753675567243942e-6 6.086979461592973e-6 -2.8669756449904708e-6 4.6450856706950554e-6 -1.2690437539902762e-6 2.7289490403498977e-6 -1.2467999414611527e-6 4.622250006771645e-7 -1.9349694960860687e-6 -8.547016316625359e-7 -2.4067478161403775e-6 -5.417015736585952e-7 -2.3541095197184563e-6 1.2969765871221668e-6 -1.9179761079370496e-6 3.821282572843303e-6 -2.4689185529283474e-6 6.134829292416951e-6 -5.3827230374229834e-6 9.515894542276556e-6 -1.4575773051777111e-5 1.9222464939678015e-5 1.0113168367504088e-5 -6.775845652783097e-6 4.171430390396658e-6 -2.4261478534816943e-6 2.8500055505764337e-6 4.879384644689279e-7 2.6703564327348365e-6 1.5484574444266715e-6 1.9962767935560583e-6 1.2869105404051801e-6 6.094123404645234e-7 3.404274724784398e-7 -1.2238642137549538e-6 -4.829449008759866e-7 -3.1389985969192716e-6 -1.8781997494689962e-7 -4.9278477870913486e-6 2.244441051607233e-6 -7.036722954986137e-6 7.829023408144498e-6 -1.0734726914374313e-5 1.2203162910719211e-5 -1.0994082656406566e-5 -1.500050678694942e-5 9.753675594862168e-6 -6.086979492154434e-6 2.866975657810264e-6 -4.645085654405529e-6 1.2690437122526759e-6 -2.72894899280092e-6 1.2467998996354643e-6 -4.622249649317575e-7 1.9349694579470944e-6 8.547016784869217e-7 2.4067477712307254e-6 5.417016049380596e-7 2.3541095151824136e-6 -1.2969766105889472e-6 1.917976144989327e-6 -3.821282610170348e-6 2.46891857853556e-6 -6.134829306025484e-6 5.382723030105133e-6 -9.515894516871473e-6 1.4575773025687585e-5 -1.9222464919017272e-5 -1.0113168389262931e-5 6.775845682288896e-6 -4.171430423116761e-6 2.426147872632184e-6 -2.850005569331951e-6 -4.87938438449229e-7 -2.670356457532549e-6 -1.5484574054563064e-6 -1.996276825933934e-6 -1.286910514725173e-6 -6.094123730094689e-7 -3.404274266346792e-7 1.223864171060436e-6 4.829449425239711e-7 3.138998556881355e-6 1.8782001130299042e-7 4.927847761045517e-6 -2.244441027665448e-6 7.036722941345616e-6 -7.829023416011276e-6 1.0734726945340179e-5 -1.220316294600819e-5 1.0994082668829478e-5 0.013622764745162995 0.021485932071559407 0.039101564063398146 0.04859498283955061 0.062259604136718154 0.06870977081328536 0.07248163434859571 0.06832611793881004 0.05921389379733335 0.04391031016650206 0.025216626695183823 0.004172225556182969 -0.016596838320391837 -0.03530959099805698 -0.050151993125613116 -0.059678645970031315 -0.0636736592795143 -0.0615624697191287 -0.05540299855220477 -0.04506446547911467 -0.035193085282756616 -0.022817379567870725 -0.01463204025220301 0.013146156530186987 0.063910361150871 0.1182044471420389 0.1758669049400855 0.22730238057156532 0.26322435056486426 0.2747552240838781 0.2617850782093227 0.22299342412202022 0.16338467216647998 0.08830733509226929 0.005876207654605245 -0.07564871357134068 -0.14818118615484063 -0.20436261669981423 -0.2396596913636493 -0.25033547274121487 -0.23795580144429648 -0.20464318305771528 -0.15596913326135112 -0.10767182681424874 -0.056335880649643476 -0.011144661349698876 0.01823094389203952 0.08232460728198086 0.18800972118193224 0.29920501552536927 0.3946797034794767 0.45858976616396535 0.4813257812389944 0.45771529428140695 0.3901281495897621 0.28464194347576377 0.15226115495412057 0.006395349222262227 -0.13821648177787732 -0.26679222644732786 -0.3672123540664229 -0.4289798933113392 -0.44826260423813746 -0.4228762871257884 -0.36026098218224634 -0.27001884205807897 -0.16761904657514506 -0.07332298688696733 -0.017523261992108585 0.019141863360104382 0.10172550997412096 0.2323605297360864 0.37044087744657905 0.48567611696338003 0.563664639387561 0.5904915830394518 0.5620196870619106 0.47978069801590617 0.35137940034927256 0.18961126483451055 0.010546424276932644 -0.16793059143888753 -0.32814679068513847 -0.45427740995348753 -0.5348457617823165 -0.5621047872315583 -0.5363140910587784 -0.46151969888097577 -0.35058160274618666 -0.2201624465828304 -0.09724154280770586 -0.017667586044794997 0.019303453768538436 0.1001337702653335 0.23120356141281728 0.3724571287209599 0.4896361839663908 0.5671599622867018 0.5938519870028908 0.5647870222785856 0.48173904969063897 0.35248508693566283 0.18925846306478977 0.00820018813039264 -0.17287979307901732 -0.33623667851801664 -0.4658458464032884 -0.549257588925881 -0.5792952893094725 -0.5538011545102324 -0.47818332132753577 -0.36337972390796264 -0.2260577657830472 -0.09770654216764754 -0.01889339901115707 0.013299133561393157 0.07635725291123524 0.17946279680128055 0.2907489050861789 0.38270716609600525 0.44411330342782324 0.46491557863652133 0.44235669175096165 0.3774985670374298 0.2759252169470428 0.14733349539059626 0.0038783776357778276 -0.14048993837685603 -0.2716330426140811 -0.376804921021078 -0.44571131924623725 -0.4718554261256435 -0.45347126782454517 -0.393039602664704 -0.30012400721895505 -0.18644468187385962 -0.07894731064376867 -0.013302801585519993 0.005423020337379853 0.033153626501217726 0.08130487350163429 0.135431462335936 0.17942781239993402 0.2087351222252606 0.21930566585072003 0.20896598928407417 0.17843450741701875 0.13000652492635267 0.06771990908417837 -0.002710426633792159 -0.07475998774368307 -0.14147266928573726 -0.19617578428745994 -0.23334319646068918 -0.24903612218004328 -0.24140565087034177 -0.21108929344284078 -0.16226538307313781 -0.0997826294596247 -0.04111722256669766 -0.0065868308381492905 -0.006031309884757592 -0.02329806907446115 -0.047513533572777204 -0.07035255983394352 -0.09018070809733869 -0.10283366100626906 -0.10647465393478951 -0.10019145958847808 -0.08503682559976083 -0.06283330280410979 -0.036373156064629604 -0.008887397286426683 0.016596559696964542 0.037485310216900276 0.05193158005592557 0.059066646250529944 0.05898170383251192 0.05277680421132377 0.04271073043880975 0.030637380272961652 0.020684416608818517 0.012555106453348544 0.004645565336393592 -0.017013776795718184 -0.08254325447083212 -0.1836259520984986 -0.287830866287137 -0.37572634643383807 -0.4334787587466672 -0.4520114424460759 -0.42847707048131417 -0.36457281374869766 -0.26687950114519915 -0.14539124061675623 -0.012520743626986125 0.11832955257745707 0.23429092067424218 0.32432951045183445 0.3803468341880672 0.3980457583173691 0.37748753444797606 0.323388432885977 0.2445139185109746 0.1548980638705919 0.07074729232664881 0.015269869571421868 -0.027048987291448227 -0.13306026948947505 -0.29924417711965456 -0.4737123767002618 -0.6202248241510286 -0.7168416090290028 -0.7486795493465433 -0.7102704276450775 -0.6044522696232068 -0.44129673534003955 -0.23705493160444485 -0.012079280005564307 0.21131009739804196 0.4111884544866552 0.5683002891083845 0.6680492650181045 0.7020324205235783 0.6690865128454774 0.5759512131976015 0.43744137806354455 0.27553574515430485 0.12384853831515331 0.025847838495154107 -0.03330316822622536 -0.16605915097036283 -0.37438790423266144 -0.5938246432295623 -0.7788276807426208 -0.9011434768684631 -0.9419241776275029 -0.8940738622913406 -0.7606230169801527 -0.5540346794748522 -0.2944213266737723 -0.0073827826611590945 0.27878415032075643 0.5359987204144543 0.7393033826358567 0.8694424553753518 0.9149760168645277 0.8737402713019201 0.7535792417906798 0.5732723127238275 0.360965062292062 0.16072541843474844 0.032536852731594575 -0.03553116725051581 -0.17571055742626235 -0.39563213818283394 -0.628766453977337 -0.8254120254498928 -0.9559395562876769 -0.9999999997499592 -0.9495979950498724 -0.8075939250192906 -0.5868520195669439 -0.3085896868925899 1.5355131252771829e-10 0.3085896871784147 0.5868520198631365 0.8075939253389023 0.9495979952717468 1.0 0.955939556474379 0.8254120256924578 0.6287664540890983 0.39563213830540844 0.1757105574485562 0.03553116724336522 -0.032536852724267026 -0.16072541843195223 -0.3609650623261471 -0.5732723126815127 -0.753579241748951 -0.8737402711772542 -0.914976016782902 -0.8694424552440333 -0.7393033824857265 -0.5359987201807225 -0.2787841500758438 0.007382782823276112 0.2944213268251524 0.5540346796750322 0.7606230172107213 0.8940738625813585 0.9419241778946604 0.9011434772049094 0.7788276809516336 0.5938246435082234 0.3743879043253144 0.16605915100172197 0.033303168241027345 -0.02584783850138975 -0.1238485383800129 -0.27553574523550195 -0.4374413782091207 -0.5759512133436228 -0.6690865129838597 -0.7020324206427331 -0.6680492651640741 -0.5683002892720651 -0.4111884546290763 -0.21131009750558563 0.012079280005847346 0.2370549316474661 0.44129673534152103 0.6044522696885645 0.7102704278176588 0.7486795496241251 0.7168416092045219 0.6202248244136762 0.4737123768494847 0.29924417728882524 0.1330602695726151 0.0270489872901806 -0.015269869587519675 -0.07074729232677619 -0.15489806400976014 -0.24451391873650227 -0.32338843319216815 -0.3774875348646274 -0.3980457587468663 -0.3803468345953791 -0.3243295108796263 -0.23429092112579547 -0.11832955296463724 0.01252074330519497 0.14539124035838158 0.2668795009838891 0.36457281361979965 0.4284770703722713 0.45201144234009605 0.43347875877008774 0.3757263464610018 0.2878308663997732 0.18362595218503916 0.0825432544977886 0.017013776801337702 -0.0046455653391737385 -0.012555106519512502 -0.020684416727194576 -0.030637380595158505 -0.04271073087066946 -0.052776804679909244 -0.05898170437991194 -0.059066646889941864 -0.05193158067100539 -0.03748531080248705 -0.016596560301860477 0.008887396721040738 0.03637315561958896 0.06283330242985061 0.08503682531143032 0.10019145934410127 0.10647465372273453 0.10283366083506737 0.09018070798146523 0.07035255971951414 0.047513533490438624 0.02329806908791204 0.006031309876928769 0.006586830816605912 0.04111722246723529 0.09978262925204105 0.16226538282667335 0.21108929305611127 0.24140565033184963 0.24903612158575075 0.23334319584281035 0.19617578360940147 0.14147266863889615 0.07475998717921267 0.0027104261090714864 -0.06771990959821336 -0.13000652538823923 -0.17843450786802148 -0.2089659896709039 -0.21930566612102173 -0.20873512243803505 -0.17942781254834397 -0.13543146244821136 -0.08130487355932141 -0.03315362653137931 -0.005423020329433653 0.013302801576663472 0.0789473105972149 0.1864446817138227 0.3001240069598432 0.39303960235961155 0.4534712674533932 0.4718554256908749 0.44571131879505166 0.3768049205902146 0.27163304215963935 0.14048993794869372 -0.003878378009088812 -0.14733349574460514 -0.27592521728407693 -0.3774985673066332 -0.44235669200673083 -0.46491557889295654 -0.44411330362453094 -0.382707166278733 -0.29074890524932423 -0.17946279690889289 -0.07635725296747485 -0.013299133575614082 0.01889339899758025 0.09770654211439805 0.2260577657428786 0.3633797238328032 0.47818332118761364 0.5538011543925805 0.5792952892010055 0.5492575888206046 0.4658458462963659 0.3362366784401378 0.17287979300488027 -0.00820018819466818 -0.18925846309429922 -0.35248508695650793 -0.4817390497265636 -0.5647870222923644 -0.5938519870340498 -0.5671599623694308 -0.4896361840328172 -0.3724571287599307 -0.2312035614535405 -0.10013377028270258 -0.019303453766061438 0.017667586040592285 0.09724154283142328 0.2201624466261943 0.3505816028182486 0.4615196989976215 0.5363140911887233 0.5621047874138186 0.5348457620021697 0.4542774102226582 0.32814679096854815 0.16793059173269445 -0.010546423987936586 -0.189611264544292 -0.3513794000482698 -0.4797806977306006 -0.5620196868370809 -0.5904915828355766 -0.5636646391885207 -0.485676116835194 -0.3704408773652653 -0.23236052968956147 -0.10172550997320598 -0.019141863353498528 0.017523262003593505 0.0733229869242938 0.167619046663939 0.27001884222670425 0.3602609824397954 0.4228762874686512 0.44826260462577733 0.4289798937586327 0.3672123545280375 0.26679222694124405 0.13821648227606192 -0.006395348731719366 -0.15226115448512315 -0.28464194301205786 -0.3901281491688047 -0.45771529389527954 -0.4813257809205067 -0.45858976592429573 -0.39467970329158986 -0.29920501537675936 -0.18800972110742714 -0.08232460725705766 -0.018230943895700916 0.011144661350609176 0.05633588069251963 0.10767182693091568 0.15596913346594524 0.2046431833516463 0.23795580181299286 0.25033547318855537 0.23965969184694977 0.20436261722953522 0.14818118668624708 0.07564871410715962 -0.005876207129052637 -0.08830733456574291 -0.1633846716877541 -0.2229934236593496 -0.2617850777979835 -0.2747552237285969 -0.26322435027849655 -0.2273023803366139 -0.1758669047698685 -0.11820444703165608 -0.06391036108621051 -0.01314615651447492 0.01463204026272992 0.02281737961259148 0.03519308533905284 0.04506446557381375 0.05540299867858765 0.061562469886791836 0.06367365946586849 0.059678646183839994 0.050151993328987135 0.03530959121344036 0.016596838536913353 -0.004172225320626921 -0.025216626486781378 -0.043910309958477584 -0.05921389361882828 -0.068326117761034 -0.07248163420007506 -0.06870977068022323 -0.062259604039512896 -0.04859498276264632 -0.03910156400233466 -0.021485932056254736 -0.013622764737485471
</DataArray>
        <DataArray type="Float64" Name="Mode_4_phi2" NumberOfComponents="1" format="ascii">
 3.3237377455820383e-6 -2.406619061073367e-6 -3.3237377335728365e-6 2.4066190573087206e-6 6.0924913334119734e-6 -1.2246291792265156e-5 4.085536862883124e-6 -4.851278589038139e-6 4.501514379493069e-6 2.62237017411929e-6 8.053328679400902e-6 6.824175207636318e-6 8.177900264808502e-6 5.328391094359151e-6 3.3172314621057476e-6 -2.8684782376764324e-7 -3.331767581113554e-6 -5.729230747248228e-6 -7.677914403004532e-6 -7.079850355048283e-6 -7.145269010397869e-6 -3.1400983265599873e-6 -3.317593025087304e-6 3.289593288065954e-6 -1.2254725368875832e-6 8.423072180520835e-6 -5.547211563201747e-6 -2.6173433013540966e-5 2.0538526053169533e-5 -1.280606839680883e-5 9.048515149353605e-6 -7.466400107226855e-6 5.2612310099443255e-6 -4.310384204138283e-6 3.227135367694552e-6 -2.216893054899428e-6 1.972075651125295e-6 -8.65546346507267e-7 1.1430944775748055e-6 -2.0898825123518373e-7 6.924920424130726e-7 -1.7551116813176054e-7 4.2871610427601256e-7 -3.8758284566081607e-7 1.0771057219223144e-8 -3.919876279574397e-7 -3.6015146497177027e-7 -1.6085925992522232e-6 9.157601236644312e-6 -1.818958739588204e-5 -6.092491336083526e-6 1.2246291795488284e-5 -4.085536882891984e-6 4.8512786183231394e-6 -4.501514398200048e-6 -2.622370162681407e-6 -8.053328683375517e-6 -6.82417522664382e-6 -8.17790024043335e-6 -5.3283911218610174e-6 -3.317231436816213e-6 2.868478026341677e-7 3.331767603233972e-6 5.729230735614189e-6 7.677914405598386e-6 7.079850367975701e-6 7.145268996483322e-6 3.1400983343084546e-6 3.3175930157827067e-6 -3.2895932803125183e-6 1.2254725096271225e-6 -8.423072153943746e-6 5.547211538597366e-6 2.6173432985782026e-5 -2.0538526031630796e-5 1.2806068376142031e-5 -9.048515131761695e-6 7.466400098839504e-6 -5.2612310062420834e-6 4.310384189713552e-6 -3.2271353443557368e-6 2.2168930299006124e-6 -1.972075617988372e-6 8.655463023113206e-7 -1.1430944353288611e-6 2.0898821814431325e-7 -6.924920095289062e-7 1.7551112839289827e-7 -4.287160489693196e-7 3.8758276797936936e-7 -1.0770963227980814e-8 3.919875279565267e-7 3.60151565165295e-7 1.6085925155222286e-6 -9.157601185935636e-6 1.8189587379197474e-5 0.013636999860764778 0.007120556625428878 0.005727751443587139 0.0059793307008446555 0.004688905317409847 0.0024423477430250986 -0.00023699954406750407 -0.0033732653146996516 -0.00604832399619852 -0.008406765991253926 -0.00970262562589951 -0.010340847364262546 -0.009477129776993332 -0.008430516985680026 -0.005510493928201558 -0.0037006741368893923 0.00031860156143894835 0.001252130229999908 0.005144220224964508 0.0034567728571885457 0.006983463438895182 0.003699757297467558 0.015149146111155413 0.03013289577754082 0.05533983751530931 0.029993301896538215 0.04728521022479244 0.03190887893972825 0.01868069524370607 -0.0007833626696370699 -0.020228128323055993 -0.038377946696760395 -0.052450829114170046 -0.06154685934470092 -0.06409945607208634 -0.060297765208864394 -0.050673661172060167 -0.03569938089192677 -0.018527622827583513 0.0007898504673922119 0.017054851673021846 0.030499677391874026 0.03967538018984598 0.029656138319124697 0.0404242879406556 0.03333466360789631 0.06307485389663081 0.13193491800048818 0.11570074905183637 0.1293362842794164 0.09663068894812407 0.053022493299659974 -0.0009186867130255601 -0.05663538803611965 -0.10772136057828366 -0.1474966175933428 -0.1729614216411913 -0.18018692786498622 -0.16976527046521225 -0.1419396673891016 -0.10092811920283402 -0.050385003249471816 0.002571693742726558 0.052502240953676345 0.09065665707513748 0.11732014183742129 0.1030753096922418 0.11283091950949731 0.06308410217650644 0.09839548382667863 0.23936338209753175 0.24649623888159783 0.24750022157272578 0.18933536563262623 0.10260890910063564 -0.0009520590757409134 -0.10844996906293769 -0.20578035708607245 -0.2831638427625215 -0.3315183318429308 -0.3466410092751152 -0.3265950386225987 -0.27430199531928834 -0.1952664533490388 -0.09874150402742499 0.0044450417380551815 0.10174952821132345 0.17888811648983088 0.2304113353884893 0.2224717576818223 0.21088561504202358 0.09724314197968927 0.13784534940765925 0.3563575031080423 0.3933471090726833 0.37925308269939007 0.29037243965899656 0.15717606991494965 -0.0017562491813733648 -0.16501227173429242 -0.3142254874609419 -0.4322671575268644 -0.5072024472103881 -0.5310233928774316 -0.5017536477064024 -0.42273877841053886 -0.3027966671257653 -0.1552740337700519 0.003332818709075084 0.1540062346815989 0.27679032468898007 0.3582469910888668 0.3617728092954294 0.3252990988192585 0.13491820795837842 0.1703308967649369 0.45991757597421223 0.5266211614789892 0.4976575019328769 0.3811657080051511 0.2053136986037129 -0.0022706429406625737 -0.2161227814864393 -0.4110617645268783 -0.5663129885827656 -0.6651152778072726 -0.697596586548901 -0.6605740684785735 -0.5582837645605235 -0.401912341696197 -0.20849039141309675 0.0003598577182913938 0.20074763223356717 0.36601471750452097 0.47691150793212334 0.4934723697531031 0.4315552101804154 0.16662076180344507 0.19097114613879526 0.524662263047092 0.6146208111142393 0.5744420124485604 0.4403062637105723 0.2368106969631042 -0.0025211488186430036 -0.24880626598277125 -0.4740509873633902 -0.653643806819046 -0.7689205038027324 -0.8078053576847909 -0.7666086923806248 -0.6498140365382392 -0.46992610141090796 -0.24632549658290473 -0.003545008371216977 0.23070962817688911 0.42688440987303167 0.5579791399811275 0.5881916107941898 0.5053262626506406 0.1866751733840511 0.19153170450481993 0.531701115477839 0.6321461436528061 0.5878458268575162 0.450789179350209 0.2429943096960965 -0.0018226068797498397 -0.25374838726779925 -0.4847073729968107 -0.6696539407477746 -0.789098032271683 -0.8306985253419122 -0.7901289676679151 -0.6717176832759769 -0.48787652406109544 -0.25812439070367194 -0.007393772731025227 0.23604403530611204 0.44181020478209415 0.5801847864766813 0.6181977791890786 0.5273050225065128 0.18785280766925821 0.17040890963101346 0.47077176354706024 0.5667895125868703 0.5263050832024709 0.40447031608839973 0.21901145079203507 0.00018621734575142217 -0.2258525888392067 -0.4336903191990901 -0.6010240413565914 -0.710106726709091 -0.7494695826151674 -0.714900355525072 -0.6098129543683825 -0.4450177627142014 -0.23772009632951155 -0.010251255939712316 0.21198082272697194 0.4016481595265207 0.5294142403198309 0.5696533626136581 0.48406634405415466 0.16766759345995247 0.12740841679779558 0.346042744526154 0.42210603036867667 0.39287025635298156 0.3033945235517914 0.16618560934500343 0.0030287157530657495 -0.16636065499659597 -0.32328736707424643 -0.45063571134494035 -0.5348883881156004 -0.5669373151177587 -0.5431521587011316 -0.4656109416878507 -0.3420388303204383 -0.18510531120581974 -0.011519852384730907 0.15930531598635597 0.30675217369465146 0.40684727512239444 0.44096724346493354 0.3763296042513627 0.12615465097973552 0.06810914726773487 0.17309065549998373 0.2175128247594905 0.20441390965307454 0.16027337224473362 0.0907954066744761 0.0062840456104006825 -0.08296096312992199 -0.16712476486463765 -0.23694976352965183 -0.2847339328882136 -0.30510183207014785 -0.29543262255997754 -0.2562423201799547 -0.1910855040914359 -0.10643292542294693 -0.011097269976736544 0.08423501842418535 0.16815280027666338 0.2262753546425385 0.24805672520384817 0.21551351557002837 0.06790732074202104 -0.00015552457791716528 -0.023434077918490646 -0.017329252037699742 -0.012389750187988848 -0.004762721185842462 0.0031942850925930685 0.009206582871686969 0.01257198618227565 0.012918409076929071 0.01041985106980451 0.0057860824385680045 -1.25647555591898e-10 -0.005786082660856579 -0.010419851271080192 -0.012918409245956575 -0.012571986279888078 -0.00920658287567879 -0.003194285075892874 0.004762721277050551 0.01238975036581349 0.017329252312464277 0.023434078106803147 0.00015552465544755974 -0.06790732065906613 -0.21551351533819482 -0.24805672491785222 -0.22627535438852697 -0.16815280016496043 -0.08423501835812608 0.01109726990270575 0.10643292541781113 0.19108550395923896 0.25624231999231634 0.29543262231645334 0.3051018317850429 0.28473393266965674 0.23694976338068574 0.16712476469053714 0.08296096302863944 -0.00628404563677675 -0.09079540664204183 -0.16027337221963014 -0.20441390950132196 -0.2175128246171588 -0.17309065534095727 -0.0681091472006034 -0.12615465091490474 -0.37632960407973765 -0.4409672431917833 -0.4068472748470872 -0.3067521735817159 -0.15930531587736277 0.011519852300501692 0.18510531119766602 0.3420388302045165 0.46561094156728006 0.5431521584516715 0.5669373148422909 0.5348883879190612 0.4506357111886952 0.3232873669861621 0.16636065496610955 -0.0030287157460898123 -0.16618560938549018 -0.30339452348125023 -0.39287025629369754 -0.4221060303165983 -0.3460427444210096 -0.12740841676125547 -0.167667593405399 -0.48406634390718783 -0.5696533624385657 -0.5294142401318069 -0.4016481593903426 -0.21198082272369792 0.010251255938145378 0.23772009625384513 0.4450177626248197 0.6098129542354226 0.7149003553609602 0.7494695824546498 0.7101067265046803 0.6010240412566863 0.4336903191706777 0.22585258887028403 -0.00018621731891073478 -0.21901145079585047 -0.4044703160031694 -0.5263050831469611 -0.5667895125516152 -0.4707717635418463 -0.17040890960146526 -0.18785280762969458 -0.5273050224232076 -0.6181977791221203 -0.580184786457176 -0.4418102047095812 -0.236044035358311 0.007393772682344222 0.25812439061341813 0.4878765239701736 0.6717176831516654 0.7901289675516356 0.8306985252127074 0.789098032219137 0.6696539406719085 0.4847073730401329 0.2537483873152892 0.0018226069356039396 -0.2429943095853347 -0.45078917929010986 -0.5878458267272152 -0.6321461436550616 -0.5317011154445486 -0.19153170449749812 -0.18667517337557002 -0.5053262626358392 -0.5881916108603329 -0.5579791400468297 -0.4268844099537529 -0.23070962827636304 0.0035450082393219014 0.2463254964596698 0.46992610133478324 0.6498140364539405 0.7666086922747267 0.8078053576512573 0.7689205037759584 0.6536438068462415 0.47405098740977897 0.24880626610407755 0.0025211489519807303 -0.2368106968227011 -0.44030626357299324 -0.5744420123543316 -0.6146208109962517 -0.5246622630036684 -0.19097114612924615 -0.16662076181304958 -0.43155521026032206 -0.4934723699313613 -0.4769115080546198 -0.36601471770797356 -0.20074763243389637 -0.00035985786504787203 0.2084903912574226 0.4019123416055873 0.558283764513686 0.6605740684415057 0.6975965865188404 0.6651152778209208 0.5663129886256332 0.41106176463893856 0.216122781638668 0.0022706431525011113 -0.20531369841957986 -0.38116570783612913 -0.49765750179966933 -0.5266211613029744 -0.45991757589056853 -0.1703308967406088 -0.1349182079877596 -0.32529909897762055 -0.36177280948384893 -0.3582469913186654 -0.2767903249041947 -0.15400623491386592 -0.0033328188823199094 0.15527403364506892 0.3027966670225612 0.4227387783737128 0.5017536477053925 0.5310233928818824 0.5072024472439957 0.4322671575894447 0.3142254875974335 0.16501227189775575 0.0017562493674414823 -0.1571760697005938 -0.2903724394935965 -0.37925308252574874 -0.3933471088782686 -0.356357502975536 -0.1378453493757469 -0.0972431420208762 -0.21088561518241916 -0.22247175786593779 -0.23041133563694544 -0.17888811670707233 -0.10174952840163862 -0.004445041898932215 0.0987415039188979 0.19526645328692988 0.2743019952877777 0.3265950386124963 0.3466410093021757 0.3315183318788959 0.2831638428383955 0.20578035718847612 0.1084499692060502 0.0009520592464338759 -0.10260890893099334 -0.18933536546449614 -0.2475002214326845 -0.24649623869087778 -0.2393633819747337 -0.09839548377674016 -0.06308410222417646 -0.11283091961257641 -0.10307530983560448 -0.11732014200634892 -0.09065665725184421 -0.0525022410858785 -0.002571693855288428 0.050385003184094855 0.10092811916456694 0.14193966738008404 0.16976527046223536 0.18018692786994508 0.1729614217029239 0.14749661764059002 0.1077213606526226 0.056635388123043806 0.000918686854969593 -0.053022493199781764 -0.09663068882633737 -0.1293362841722376 -0.11570074893613896 -0.13193491789565864 -0.06307485386301033 -0.03333466363294227 -0.04042428799881214 -0.02965613838461879 -0.03967538026764048 -0.030499677468074592 -0.01705485176082667 -0.000789850495462253 0.018527622778200425 0.03569938088202979 0.05067366118248497 0.06029776518464334 0.06409945607418485 0.061546859369112715 0.05245082914647506 0.03837794672165394 0.020228128372461514 0.0007833627268505559 -0.018680695193816276 -0.03190887888295698 -0.047285210168109194 -0.02999330185003432 -0.05533983744832307 -0.030132895758734145 -0.015149146132255376 -0.003699757312165101 -0.00698346345946229 -0.003456772868194068 -0.005144220241698944 -0.00125213024901641 -0.0003186015771758362 0.0037006741355071035 0.005510493921315468 0.00843051698708733 0.009477129765612142 0.010340847377356376 0.009702625630632173 0.008406766005772469 0.006048324000840614 0.0033732653327267757 0.00023699954067702748 -0.002442347711126329 -0.004688905320239477 -0.005979330666996904 -0.005727751450287144 -0.0071205566067625466 -0.013636999852739693
</DataArray>
        <DataArray type="Float64" Name="Mode_5_w" NumberOfComponents="1" format="ascii">
 1.6195558061480252e-7 9.390777315461648e-7 -1.6195558036251494e-7 -9.39077731783042e-7 -2.387761341917032e-7 4.4155923124433444e-7 -1.1186903836133792e-8 5.838277555736712e-8 -2.6310732722946654e-7 -2.6310732722946654e-7 -3.411048556848343e-7 -5.320275040966185e-7 -3.808889013592347e-7 8.607997627144332e-8 6.99718153015132e-7 1.2399380233807866e-6 1.2945638610533526e-6 8.409129749944867e-7 8.871980178489807e-8 -7.482442817184567e-7 -7.745154715834331e-7 -7.745154715834331e-7 -1.4894094208436738e-6 -5.002103667311411e-7 -1.828859300017659e-6 1.9348677248091874e-8 -5.121051074909669e-7 -5.533205167776477e-8 5.535241046268611e-7 -9.478178852983482e-7 1.921813710607009e-7 -5.881523256364435e-7 -5.881523256364435e-7 1.3682621321696462e-7 -1.212081222642965e-7 -1.2253558292892555e-7 -2.2065197942259777e-7 -2.382325836802712e-7 -1.8541751537166362e-7 -9.737560198517733e-8 3.520207712667069e-8 1.8157692479048977e-7 2.132884931493368e-7 1.23326642099593e-7 1.23326642099593e-7 -5.1606971378695984e-8 -1.6350655396864451e-7 7.682597749173524e-8 -1.59454871301059e-7 3.436999967719522e-7 2.387761346143906e-7 -4.4155923160740215e-7 1.11869035997386e-8 -5.838277446031653e-8 2.631073268277817e-7 2.631073268277817e-7 3.411048584452869e-7 5.320275034772047e-7 3.8088890244074815e-7 -8.607997434355205e-8 -6.997181529864107e-7 -1.2399380227831275e-6 -1.2945638628174995e-6 -8.409129748128596e-7 -8.871980331445364e-8 7.48244280727957e-7 7.745154699058078e-7 7.745154699058078e-7 1.489409421689453e-6 5.002103660162952e-7 1.828859300689633e-6 -1.934867856456211e-8 5.12105108905814e-7 5.5332049840966975e-8 -5.535241032022076e-7 9.478178854197647e-7 -1.921813716598217e-7 5.88152325652367e-7 5.88152325652367e-7 -1.368262133901324e-7 1.2120812408156317e-7 1.2253558131468322e-7 2.206519827983746e-7 2.3823258284030788e-7 1.8541751542341492e-7 9.73756020528521e-8 -3.5202079746082424e-8 -1.8157692196606327e-7 -2.1328849488698608e-7 -1.233266426549242e-7 -1.233266426549242e-7 5.160697234206626e-8 1.6350655298337947e-7 -7.682597711753356e-8 1.5945487125876227e-7 -3.436999963298269e-7 8.686602623473153e-5 0.0002745690315679931 0.0004754895676896981 0.0007415763307529725 0.0010738470511354333 0.0014439302268577138 0.0014439302268577138 0.0018689429960514973 0.002310643368904617 0.002759139796488253 0.003168122735320795 0.003515814100950644 0.003748837556209832 0.0038612332358854274 0.0037976295031052435 0.0035925042105733533 0.003190577018974128 0.0026962848246970266 0.0026962848246970266 0.002043010709387594 0.001438229742343648 0.0008612533631142893 0.0002570567075356006 0.00019116564345952362 0.0013140709642909243 0.0028485595252587858 0.004619149479906188 0.006884961864054475 0.009606684468012027 0.009606684468012027 0.012756286142721942 0.016201930493817462 0.019737649124517212 0.023091468631195225 0.02598731720591457 0.028078118529349532 0.02916062019996115 0.028954408837654617 0.027452981591299205 0.024541668829139936 0.020505104714391494 0.020505104714391494 0.015520246877102668 0.01004995431832355 0.005343164656351187 0.000782250292365885 0.00013810724889235613 0.0012909035081744087 0.0034555006276638053 0.006377554757927842 0.010335608207200843 0.015514926496439851 0.015514926496439851 0.021830613645148718 0.029038052532910127 0.03669410423660366 0.044208988883006076 0.05091240955149397 0.05609257646379174 0.059101482931667254 0.059460469313368 0.05681339123379921 0.05116058000620148 0.04261991424557277 0.04261991424557277 0.03194917802355209 0.019925527692905287 0.008673830829288399 0.001139024800003082 0.00010480611605801884 0.0010195275207978058 0.0027429858324986424 0.005725508988487419 0.01030315124470587 0.016732612809670828 0.016732612809670828 0.0249824255956319 0.03469309137100549 0.045264266579710014 0.05587612591737404 0.065561784511494 0.07331457578489183 0.07817798040792456 0.07940334322242548 0.07649806714164184 0.06928453974059157 0.06928453974059157 0.05806146702810773 0.04355722311780105 0.027319111885786257 0.011457030102394133 0.0013231213355328253 5.612136297408711e-5 0.00036367102017439095 0.0007308499072177895 0.0025311387046688147 0.006102970596940461 0.01178555573687006 0.01178555573687006 0.019523795332905325 0.028984213243410842 0.03954807902486292 0.05039104202293498 0.06052891336403465 0.06890806185554732 0.07453871469745793 0.07658690782467112 0.07450010091851947 0.06804990621148595 0.06804990621148595 0.057414696229749505 0.043390136663137666 0.027341040630094973 0.011354228117521759 0.0013298814489935147 5.612136297408711e-5 0.00036367102017439095 0.0007308499072177895 0.0025311387046688147 0.006102970596940461 0.0008650423226890169 0.01178555573687006 0.019523795332905325 0.028984213243410842 0.03954807902486292 0.05039104202293498 0.036441892920873686 0.04250226856372863 0.04686884719617422 0.048953250191622937 0.048302152008843025 0.06804990621148595 0.057414696229749505 0.0382071874459935 0.02920186929961836 0.018730206514584173 0.007731362297943438 0.0008895360080563049 7.829451184210563e-5 4.9186719273010164e-5 -0.001000746733977089 -0.0007389422832938573 0.0008650423226890169 0.004098868617410988 0.004098868617410988 0.008901052284935438 0.015006747319821883 0.022017236745377276 0.029376729775597982 0.036441892920873686 0.04250226856372863 0.04686884719617422 0.048953250191622937 0.048302152008843025 0.044710252378777855 0.0382071874459935 0.0382071874459935 0.02920186929961836 0.018730206514584173 0.007731362297943438 0.0008895360080563049 0.00025153739654628054 0.0008571326287025117 -0.0001445595586848377 -0.0003718685705023365 -0.0002300166907585615 0.0002067602095959107 0.0002067602095959107 0.000810853905288575 0.0014594285225816863 0.002110223478666965 0.0027558749922534397 0.0034059598029427705 0.004066273343057946 0.004708205238261226 0.005274022340604882 0.005670136512840177 0.005774206276342946 0.005471116494148776 0.005471116494148776 0.0046400359617376225 0.003367882167209326 0.0014999813550513037 0.00020137344548200995 0.0006026304255117571 0.0033280353040771064 0.004916942772769946 0.006582615107415723 0.0072035123048719285 0.006142018732160476 0.006142018732160476 0.0030671593362560884 -0.0020088009406292366 -0.008699970119839103 -0.016347335574348764 -0.02409310932441241 -0.031002301736508923 -0.036200136984396544 -0.03900029437096181 -0.03897488664583872 -0.03600819221302178 -0.030358903053512527 -0.030358903053512527 -0.022686711067510912 -0.013942399194072986 -0.0057123009786349595 -0.0006504991868694003 0.0010853677687091073 0.007212879170861245 0.013979282733141973 0.02015117761203871 0.023821305857928913 0.02359906597986139 0.02359906597986139 0.01887807507524066 0.009723996051386094 -0.0031139087963485876 -0.018354574449307846 -0.03433059097996131 -0.04918171298135738 -0.06111840490991787 -0.06865933705629806 -0.0707948836717059 -0.0671066538942378 -0.05786197983212924 -0.05786197983212924 -0.04416628043580419 -0.027902435600963924 -0.011635029084172603 -0.0013636084366706255 0.0015608825343949315 0.011472537241099607 0.024579073278629366 0.036723832176791954 0.045249156172932625 0.04807926934122035 0.04807926934122035 0.044268718015017985 0.03385785030735669 0.017786641991604124 -0.0022624180749476076 -0.02406295147536574 -0.04508743960363602 -0.06285437264167337 -0.07525985431688503 -0.08079575158900693 -0.0787454008329836 -0.0693067028140483 -0.0693067028140483 -0.05374878186726561 -0.03452157367859852 -0.014772862198058232 -0.0018030701160456476 0.0018444876447508973 0.014470512898342449 0.03275222296308849 0.05009401184162036 0.06337030653817106 0.07010059824127046 0.07010059824127046 0.06908480453879566 0.06024520001596639 0.044507696263011966 0.023631623318366702 -3.4784693030927344e-12 -0.023631623327165466 -0.044507696272517876 -0.060245200026327286 -0.06908480454599922 -0.07010059824842255 -0.07010059824842255 -0.063370306543985 -0.050094011848390525 -0.03275222296907118 -0.014470512900726328 -0.0018444876450487624 0.0018030701152757518 0.014772862191659783 0.03452157366343095 0.05374878184427845 0.06930670278426765 0.06930670278426765 0.07874540080128059 0.08079575155515692 0.07525985428371906 0.06285437261347306 0.04508743958738048 0.024062951467798837 0.0022624180746000774 -0.017786641985447608 -0.03385785029430639 -0.04426871799810467 -0.048079269324810416 -0.048079269324810416 -0.04524915615951819 -0.03672383216714434 -0.024579073274288144 -0.011472537239987883 -0.0015608825341009974 0.0013636084352187834 0.011635029074327242 0.02790243557727939 0.0441662803994563 0.05786197978431245 0.05786197978431245 0.06710665383870804 0.0707948836146576 0.06865933700227185 0.06111840486710784 0.04918171295407033 0.03433059097086506 0.018354574456243868 0.003113908816866555 -0.009723996021616273 -0.0188780750394278 -0.023599065941857275 -0.023599065941857275 -0.023821305823636306 -0.020151177584918953 -0.013979282718879837 -0.007212879164513104 -0.0010853677679884747 0.0006504991853656858 0.005712300966198993 0.01394239916788981 0.02268671102262509 0.03035890299514443 0.03035890299514443 0.03600819214665098 0.0389748865772848 0.039000294306041156 0.03620013693333024 0.031002301705237528 0.024093109311223788 0.01634733558481671 0.008699970146922878 0.002008800981851986 -0.0030671592858545105 -0.006142018681435839 -0.006142018681435839 -0.007203512259531929 -0.006582615070381512 -0.004916942747653951 -0.0033280352953871002 -0.0006026304244188711 -0.00020137344704447132 -0.001499981367249164 -0.003367882195234995 -0.004640036004473365 -0.0054711165520333295 -0.0054711165520333295 -0.00577420634414501 -0.00567013658381626 -0.005274022405908048 -0.004708205290038951 -0.004066273375760965 -0.0034059598125278628 -0.0027558749816378 -0.0021102234481980633 -0.0014594284780630005 -0.0008108538514759197 -0.00020676015426211754 -0.00020676015426211754 0.0002300167418358106 0.00037186861107542 0.00014455958542238052 -0.0008571326160762828 -0.0002515373953764666 -0.0008895360095282882 -0.007731362308456306 -0.018730206537228244 -0.029201869338294956 -0.03820718749615065 -0.04471025243721424 -0.04471025243721424 -0.04830215206990005 -0.04895325024741819 -0.04686884723973768 -0.04250226859124262 -0.03644189292802442 -0.029376729762641877 -0.022017236715654618 -0.015006747277046786 -0.008901052234075104 -0.004098868566137438 -0.004098868566137438 -0.0008650422752349775 0.0007389423215078125 0.0010007467603074206 -4.9186707310703374e-5 -7.829451017230142e-5 -0.0008895360095282882 -0.007731362308456306 -0.018730206537228244 -0.043390136688936445 -0.057414696267238566 -0.06804990625551553 -0.04471025243721424 -0.04830215206990005 -0.04895325024741819 -0.04686884723973768 -0.04250226859124262 -0.03644189292802442 -0.050391042009913144 -0.039548078999187 -0.02898421320765318 -0.019523795291620415 -0.011785555694673959 -0.0008650422752349775 -0.006102970557861688 -0.0025311386729468892 -0.0007308498863324589 -0.00036367100981478124 -5.6121361629038665e-5 -0.0013298814497043133 -0.01135422812506111 -0.027341040647781242 -0.043390136688936445 -0.057414696267238566 -0.057414696267238566 -0.06804990625551553 -0.07450010096244217 -0.07658690786495861 -0.07453871472860321 -0.0689080618733774 -0.0605289133673383 -0.050391042009913144 -0.039548078999187 -0.02898421320765318 -0.019523795291620415 -0.011785555694673959 -0.011785555694673959 -0.006102970557861688 -0.0025311386729468892 -0.0007308498863324589 -0.00036367100981478124 -5.6121361629038665e-5 -0.0013231213364342542 -0.011457030107561252 -0.027319111894261058 -0.043557223134196695 -0.05806146705059641 -0.05806146705059641 -0.06928453976727751 -0.07649806716901748 -0.07940334324575934 -0.0781779804254392 -0.07331457579436029 -0.06556178451044542 -0.05587612590731221 -0.045264266559899485 -0.03469309134513887 -0.024982425566965675 -0.016732612780220636 -0.016732612780220636 -0.010303151217623045 -0.005725508965921328 -0.002742985817587757 -0.0010195275140068296 -0.00010480611505274816 -0.0011390248004943412 -0.00867383083238831 -0.019925527697097385 -0.03194917803057684 -0.04261991425659883 -0.04261991425659883 -0.05116058001799535 -0.056813391246478114 -0.059460469324185 -0.05910148293814625 -0.05609257646720256 -0.0509124095497178 -0.04420898887603284 -0.03669410422579361 -0.02903805251877604 -0.021830613628416814 -0.015514926479762164 -0.015514926479762164 -0.01033560819149154 -0.0063775547452694864 -0.003455500618739627 -0.001290903503808217 -0.0001381072483904465 -0.000782250292635409 -0.005343164657980022 -0.010049954319386595 -0.015520246878734085 -0.020505104717211873 -0.020505104717211873 -0.024541668832653428 -0.027452981594446323 -0.0289544088400925 -0.029160620201644574 -0.02807811852970638 -0.02598731720432997 -0.023091468628710782 -0.019737649120589736 -0.01620193048918067 -0.012756286137008696 -0.00960668446164631 -0.00960668446164631 -0.006884961858128586 -0.004619149473929266 -0.002848559521202111 -0.0013140709619517991 -0.00019116564314681573 -0.00025705670758288944 -0.000861253363382865 -0.0014382297424009873 -0.0020430107096205065 -0.0026962848249875745 -0.0026962848249875745 -0.0031905770191616822 -0.0035925042108444346 -0.0037976295030757055 -0.0038612332361407445 -0.003748837555871721 -0.003515814100909227 -0.003168122734875439 -0.0027591397963081426 -0.0023106433682169537 -0.001868942995591532 -0.0014439302260827063 -0.0014439302260827063 -0.0010738470505862606 -0.0007415763296342727 -0.000475489567357823 -0.00027456903101724287 -8.686602615171399e-5
</DataArray>
        <DataArray type="Float64" Name="Mode_5_phi1" NumberOfComponents="1" format="ascii">
 1.2979895757104365e-6 4.5332757477596925e-6 1.2979895699082265e-6 4.533275739011954e-6 6.941059387509186e-6 -2.7570468280967884e-6 -1.221502634571464e-7 2.459441831032909e-7 -9.922261487910394e-7 -5.522874415226793e-7 -4.601784213128903e-7 1.8624743593429162e-8 1.1117620070352698e-6 9.728324660289953e-7 2.283409585844897e-6 -6.057659394507393e-8 2.1392703598443218e-6 -3.6120228411513094e-6 2.057450268490249e-6 -7.2730499835610046e-6 5.046463501658437e-6 -9.584608980516388e-6 1.173551005717537e-5 -1.361965574575385e-5 2.2037094381091598e-5 -3.233117687977848e-5 4.342961952129471e-5 1.1898088346079235e-5 -1.2308021021831848e-5 5.488089220736632e-6 -3.707512277460455e-6 4.523273203681293e-6 7.218805880885843e-7 4.316604006990184e-6 2.5045233223912784e-6 3.7605071887842077e-6 2.65720093259789e-6 2.6835132120257996e-6 1.8071740744732619e-6 1.371006834700619e-6 5.005575184877504e-7 2.0433245375611599e-7 -6.786205588207268e-7 -4.89438617300128e-7 -1.3709488320730928e-6 -4.5523428777745286e-7 -1.913415067773922e-6 1.008574563377558e-6 -4.246018092225951e-6 1.7597684691586278e-6 6.9410593864186615e-6 -2.7570468288424506e-6 -1.2215025827421183e-7 2.459441731458792e-7 -9.922261387945385e-7 -5.522874578084158e-7 -4.601784071127329e-7 1.862474164702161e-8 1.1117620015520046e-6 9.728324705415178e-7 2.2834095818759387e-6 -6.057658359668985e-8 2.1392703497043286e-6 -3.6120228300990735e-6 2.057450261224124e-6 -7.273049984142093e-6 5.046463518883055e-6 -9.584609018152385e-6 1.1735510095551407e-5 -1.3619655775855023e-5 2.2037094406167104e-5 -3.233117689853043e-5 4.342961952929975e-5 1.1898088343847407e-5 -1.2308021012835631e-5 5.488089208504564e-6 -3.707512255079306e-6 4.523273196778595e-6 7.21880570850514e-7 4.316604033710153e-6 2.5045232858141266e-6 3.760507235053696e-6 2.657200881861969e-6 2.683513240745074e-6 1.807174075878251e-6 1.3710068248017936e-6 5.005575307699081e-7 2.0433244732097727e-7 -6.786205595927278e-7 -4.894386173001192e-7 -1.3709488158572058e-6 -4.5523431889656995e-7 -1.91341502570106e-6 1.008574536759813e-6 -4.246018079804595e-6 1.759768459777706e-6 0.005045895085203303 0.011839135189393106 0.024790833680508727 0.03951127836363354 0.05756240406649085 0.07839450672912457 0.10240368006360956 0.128605276079158 0.15635671575326657 0.18398474981431706 0.2099554505462927 0.2322505628513929 0.2490810269376077 0.2585892442269416 0.2597003557685856 0.25109779319828973 0.2334360991920715 0.20612049966586315 0.17259188236669928 0.13254919483913497 0.0938010604361211 0.05411324217219136 0.027012678958168616 0.001889322608596389 0.018599806791556265 0.04171499567726063 0.0725810954335176 0.11094243563788074 0.15905177131590062 0.21706555201622532 0.2836953835857036 0.35630173326935044 0.4308310477960226 0.5024819353738882 0.5655596726609136 0.6145915766351792 0.6445749328509232 0.6509258346333805 0.631857239453474 0.5849008668852851 0.513306268621379 0.4188250686309452 0.30730151707695647 0.19457564485039044 0.08446373695418301 0.009724661767010912 -0.00021268501650021564 -0.0036297166822057024 0.0026656676901287485 0.017236702409845924 0.042604577891895916 0.08081745398467799 0.1330742013877156 0.19835971259710697 0.27387678714649966 0.3553825501625855 0.4370819069819428 0.5127225663360088 0.5755598276321279 0.6189777789987276 0.6382344942267575 0.6279914966383161 0.5883172236831382 0.5164131646353566 0.41854782673962937 0.3003263123658314 0.16829335549081173 0.060223106336696496 0.013282987361434339 -0.0008258003648590964 -0.0047659529751561906 -0.014101431707381486 -0.02004112196342676 -0.01568929559486545 -0.0012898704937182503 0.024640682222345726 0.06140699861965715 0.10715666219997347 0.15913513402071033 0.2135822250904782 0.2661357949408111 0.3122923416259698 0.34749778923967534 0.36758816950846096 0.37009873504531726 0.35211246822206116 0.31550070660765883 0.25904543969296984 0.19157538391428175 0.1147639583197818 0.044909960027039716 0.00233629485556434 -0.0011406301253649746 -0.013821136125149062 -0.03684899236174377 -0.06383008393212457 -0.08675444331200861 -0.10661762918625878 -0.12268742284708888 -0.13514491683579558 -0.1437795857161293 -0.148572514308964 -0.1493287256871983 -0.146037197859166 -0.13886965022133754 -0.12809570635996745 -0.11442743856937027 -0.0987093569533535 -0.08150126283215896 -0.0645846059186177 -0.04780079383745641 -0.032916587037657576 -0.022958437663280377 -0.013353333618789908 -0.0025539537812714385 0.0005182582389238984 -0.008416135487124728 -0.030544832695363542 -0.06167829578836819 -0.09696399290263812 -0.14106832538790476 -0.19395249289324903 -0.25547022168551003 -0.3235929216879202 -0.3944905692659762 -0.4633387034540209 -0.5244859711421872 -0.57223827218303 -0.6014124775895954 -0.60774138791184 -0.5887100827452718 -0.5435657452759786 -0.4734614025969463 -0.38322907127860434 -0.27790492682007445 -0.16895334983274524 -0.07436404396312912 -0.01580534222230302 0.003999898366208542 0.009320823493081165 0.00999892613255347 -3.404408844467558e-5 -0.023913710460546696 -0.0683905622174421 -0.13684945121577802 -0.22886275276381868 -0.34086871523265505 -0.4661971594647812 -0.5955198423288559 -0.7180468160658849 -0.822407123297636 -0.8978741078207907 -0.935423978470516 -0.9286215971978322 -0.8746617643082673 -0.7747785940829617 -0.6344897977383008 -0.4658356619387543 -0.28368603662876185 -0.12016471677515178 -0.021009294104933244 0.008615189793957308 0.03777396501466457 0.07855543040791965 0.11205010641726153 0.12457492486787966 0.10624272303826067 0.05121924527459269 -0.04124107678333585 -0.16707196408968136 -0.3179008409653926 -0.4819444281134465 -0.6449802388892422 -0.7918461253293907 -0.9078769411738474 -0.9803931238535857 -1.0 -0.9616820814611885 -0.865633170752482 -0.717895697987841 -0.53225045232922 -0.325163698255028 -0.13907990301421502 -0.025900922481435995 0.012814534374826441 0.06602045448446005 0.15025505645744708 0.23498081946484753 0.29520158414814396 0.3207912139631978 0.3027310385440944 0.23961472605636838 0.13453328624488323 -0.004581839134820825 -0.16588543794581095 -0.3348687626774065 -0.4956564187050785 -0.6325745449222789 -0.7317176856352531 -0.7823474622000339 -0.7780835379583985 -0.7178487592034758 -0.6060132082588873 -0.45557985397700773 -0.28168595509910976 -0.1202000406075758 -0.021512071318836146 0.014404989217282458 0.08202024052165287 0.19346520297268585 0.3129873139929333 0.4114360620072307 0.47874845289127954 0.5056413947508545 0.48928047907499084 0.4313426703176479 0.33739811076496456 0.21648753564421946 0.08019822562165889 -0.05846779256794466 -0.18633216269162606 -0.2913192295392958 -0.3636904187342357 -0.39710424452610504 -0.3893226218150427 -0.34247493416476926 -0.2652790103017732 -0.1676292719531435 -0.07372221590140823 -0.014728154932542894 0.012297520874657429 0.07439015592499439 0.18076015147902696 0.30098577046989394 0.40792462698835796 0.495183465327481 0.5551139529230616 0.5847978430406657 0.5837357072092271 0.5540528409103169 0.5000136989134322 0.42760264719032787 0.3439923622669937 0.2568439255439697 0.1735410716588987 0.10050024718479206 0.04243963900806144 0.0018989303225770326 -0.020638710410952766 -0.027891674219070045 -0.024370076560044012 -0.013373250322325881 -0.0037039201075720956 0.005484236198079388 0.040955974873267444 0.10411307655090966 0.18008901457188883 0.25532852441479303 0.3275292779537716 0.39350058538828636 0.45099129112501535 0.4981245312632501 0.5331509586249225 0.5547505558505416 0.5620538818742069 0.5547505560043802 0.5331509589773847 0.4981245317349897 0.45099129169284663 0.39350058592739834 0.32752927847521346 0.2553285248262982 0.1800890148706635 0.10411307674030375 0.0409559749319946 0.005484236219714786 -0.003703920123708446 -0.013373250405584054 -0.024370076725538172 -0.027891674521732197 -0.020638710859571342 0.0018989298230424943 0.04243963842482433 0.10050024664917816 0.17354107117245252 0.2568439252111497 0.3439923620751884 0.42760264717116 0.5000136990818498 0.5540528412232959 0.5837357076604142 0.5847978435156524 0.5551139534140874 0.49518346578759836 0.4079246274077791 0.30098577081158573 0.1807601516588623 0.07439015601614198 0.012297520892819764 -0.014728154949545252 -0.07372221596158708 -0.16762927210271197 -0.26527901051444625 -0.3424749344816761 -0.38932262223780045 -0.3971042449670031 -0.36369041917011125 -0.2913192298928138 -0.18633216297789545 -0.05846779274434976 0.08019822558265292 0.21648753575677274 0.33739811102492095 0.43134267061574927 0.48928047943957664 0.5056413951781386 0.4787484533246356 0.411436062396353 0.3129873142713036 0.1934652031889416 0.08202024060232997 0.014404989230885333 -0.021512071326522858 -0.12020004064491387 -0.28168595513462413 -0.4555798541072503 -0.6060132084237997 -0.7178487593679179 -0.7780835381370227 -0.7823474623931983 -0.73171768580653 -0.6325745450293251 -0.4956564187902688 -0.334868762725345 -0.16588543789259452 -0.004581839038892562 0.13453328644969095 0.23961472631578834 0.3027310387880807 0.3207912141632492 0.2952015843323225 0.23498081968215082 0.1502550565897367 0.06602045453533342 0.01281453438075769 -0.025900922486374548 -0.1390799030096676 -0.3251636982793703 -0.5322504522811919 -0.7178956979333685 -0.8656331707381251 -0.9616820814758761 -0.9999999999994028 -0.9803931238277485 -0.9078769411753719 -0.7918461253064891 -0.6449802388216679 -0.4819444280870072 -0.31790084091067017 -0.1670719640403621 -0.04124107674275749 0.051219245331195803 0.10624272313701189 0.12457492494864306 0.11205010643966415 0.07855543045130847 0.037773965070652185 0.00861518980013437 -0.021009294103119653 -0.12016471674077485 -0.28368603652058627 -0.46583566184403347 -0.6344897976033872 -0.7747785938770678 -0.8746617640832004 -0.9286215969599656 -0.9354239782492273 -0.8978741076387748 -0.8224071231778323 -0.7180468160021396 -0.5955198422851944 -0.4661971594652505 -0.34086871527179274 -0.22886275282707463 -0.1368494513062031 -0.06839056232599969 -0.02391371054661825 -3.404412943768532e-5 0.009998926115196606 0.009320823473985195 0.0039998983714691835 -0.015805342204183073 -0.07436404390314841 -0.16895334974609685 -0.27790492659740357 -0.3832290709812066 -0.47346140231240447 -0.5435657449282215 -0.5887100823845453 -0.6077413875892813 -0.6014124773239939 -0.5722382719880782 -0.5244859710453766 -0.4633387034456477 -0.3944905693406384 -0.3235929218303781 -0.25547022187552143 -0.1939524931053614 -0.14106832557146376 -0.09696399306997974 -0.06167829592720358 -0.030544832797787958 -0.008416135518379882 0.000518258228426352 -0.0025539537831575066 -0.013353333575145553 -0.0229584374990012 -0.032916586812446344 -0.04780079357592405 -0.06458460555448416 -0.08150126245725027 -0.09870935657987055 -0.11442743821458912 -0.1280957060784904 -0.138869650034951 -0.1460371977734452 -0.149328725720871 -0.14857251442818684 -0.14377958590062587 -0.13514491709354942 -0.12268742312357801 -0.10661762946263531 -0.08675444354558577 -0.06383008411255962 -0.036848992475485294 -0.013821136195262766 -0.00114063013595838 0.002336294864248854 0.04490996007485108 0.11476395841648955 0.19157538407453392 0.2590454399497724 0.31550070690961873 0.35211246856603295 0.37009873536764853 0.3675881697969383 0.34749778947268994 0.3122923417645991 0.2661357949686968 0.2135822250240524 0.15913513386112232 0.10715666194952048 0.06140699835456166 0.024640681949267003 -0.00128987076375048 -0.015689295835373342 -0.02004112215567785 -0.0141014318283729 -0.00476595302042978 -0.0008258003787107208 0.013282987361612592 0.060223106368775946 0.16829335555545225 0.30032631249760516 0.4185478269157611 0.5164131648554715 0.5883172239099268 0.6279914968705941 0.6382344944214767 0.6189777791296983 0.5755598276941633 0.5127225663388588 0.43708190689478765 0.3553825499932634 0.2738767869364118 0.19835971234919642 0.13307420112925744 0.08081745374953377 0.042604577684043576 0.017236702268488415 0.002665667599207573 -0.0036297167231824664 -0.0002126850241504514 0.009724661776710566 0.08446373698412275 0.19457564488743154 0.3073015171280871 0.4188250687083406 0.5133062687158048 0.5849008669956245 0.6318572395523075 0.6509258347094136 0.6445749328909005 0.6145915766583195 0.5655596726286614 0.5024819352984723 0.43083104770341557 0.3563017331384523 0.2836953834339563 0.2170655518589322 0.15905177115695854 0.11094243550070224 0.07258109532195402 0.041714995593388544 0.018599806756431306 0.0018893226031435268 0.02701267896159064 0.05411324217918657 0.09380106045257763 0.13254919484388522 0.1725918823859498 0.20612049969170396 0.23343609920580463 0.25109779321884523 0.25970035577148937 0.25858924424676943 0.24908102692610845 0.23225056283166903 0.2099554505251833 0.18398474978096005 0.15635671571963303 0.12860527603959182 0.10240368001342078 0.07839450667586159 0.057562404022194785 0.03951127830531927 0.024790833650887297 0.011839135171051696 0.005045895080974274
</DataArray>
        <DataArray type="Float64" Name="Mode_5_phi2" NumberOfComponents="1" format="ascii">
 9.387143850488107e-7 -4.628687128422685e-6 9.387143748062177e-7 -4.628687119826301e-6 4.488139983870095e-6 -4.064919545085241e-6 5.300266524571646e-6 -2.7864762246013206e-6 2.235034849753221e-6 -3.2243854697626178e-6 -1.6716720704831935e-6 -4.145681340909937e-6 -1.9489378486238607e-6 -5.684307185360863e-7 3.036727905554366e-6 5.571085110985367e-6 7.092217154460352e-6 6.924137136307516e-6 3.6642703686516338e-6 1.1119835292320063e-6 -4.944263946562835e-6 -4.52344311308378e-6 -1.0033203502262056e-5 -1.0301414275870346e-6 -9.434032254336414e-6 1.079738990964641e-5 -1.4789965149735762e-5 -3.8567960913197453e-5 2.88076143628665e-5 -1.8956261391702455e-5 1.2281053064503664e-5 -1.0255542578496213e-5 7.1161098640584475e-6 -5.919669193239045e-6 4.274009537482836e-6 -3.107670709747674e-6 2.4586713604546963e-6 -1.2443612900872716e-6 1.2311875021481117e-6 -1.3243663755223358e-7 4.165577608770423e-7 4.617860162593015e-7 -2.6920633364751783e-7 9.365026924861376e-7 -1.1057965407236861e-6 1.6059802857728724e-6 -2.09353514737964e-6 2.5856830237484184e-6 -3.649494194575214e-6 5.363390676025174e-6 4.488139993721595e-6 -4.064919550590843e-6 5.300266533294294e-6 -2.786476237137384e-6 2.2350348782326146e-6 -3.224385524549518e-6 -1.6716720088273766e-6 -4.145681413215832e-6 -1.9489377994225467e-6 -5.684307415297441e-7 3.03672790734725e-6 5.571085114736841e-6 7.092217143397899e-6 6.924137154734412e-6 3.664270358572174e-6 1.111983543685239e-6 -4.944263951179286e-6 -4.523443100374299e-6 -1.0033203526344087e-5 -1.0301413961306668e-6 -9.43403228669511e-6 1.0797389934394552e-5 -1.478996516384074e-5 -3.856796089588732e-5 2.880761434286997e-5 -1.895626138271623e-5 1.2281053060473761e-5 -1.0255542564751764e-5 7.1161098411402085e-6 -5.919669166221515e-6 4.274009500275228e-6 -3.1076706630547546e-6 2.4586713168836434e-6 -1.2443612631667222e-6 1.231187492644041e-6 -1.3243664104693908e-7 4.165577830792559e-7 4.6178597107104786e-7 -2.692062758338764e-7 9.365026306420748e-7 -1.1057964696436295e-6 1.6059801977101126e-6 -2.093535056543322e-6 2.585682951772859e-6 -3.649494149353666e-6 5.363390657088728e-6 0.004997181648287771 0.005146466886879705 0.007374544873221045 0.008092676179396822 0.010276505880212306 0.011342071538359194 0.012992062515192911 0.0137089766948562 0.014126522352384895 0.013615951096135339 0.012147812267311296 0.00999110324006251 0.006347433174653287 0.0028919968133697127 -0.00260630535258447 -0.006231796996917814 -0.012566737180612932 -0.014514276786032662 -0.020327341446488064 -0.0182974183777763 -0.022400177201498575 -0.014896535949468666 -0.0264782421587471 0.006850287312728881 0.02287276911398252 0.02782134798965935 0.03266506464502319 0.04147183672965913 0.049388517653718225 0.05729734102569152 0.06314223196292311 0.06630723874345007 0.06516612524914057 0.06002265994961214 0.04948878701656422 0.034599689690277075 0.01573576051902913 -0.006788498246966525 -0.02963916497830922 -0.053979510584115986 -0.07406417563202325 -0.09054234247538268 -0.10373729499014435 -0.091647780786504 -0.09400827853404171 -0.046590212832225864 0.010494357456413762 0.03234074156827081 0.046667256719885884 0.05949776420881162 0.07829320215168997 0.09862976857157572 0.1180414398966908 0.1337980944676302 0.14317118578149404 0.14363699378368344 0.13422306943572798 0.11334315053546515 0.08225070788376168 0.04116341443433268 -0.006478525075780235 -0.05897262160702775 -0.11072972226260824 -0.15958700519423946 -0.19676539759274242 -0.22477102832578832 -0.2148399910947271 -0.19007181594791986 -0.07244745197371767 0.008430282608911913 0.029642915906376223 0.04569391423098848 0.06924381793694291 0.09812258660420543 0.1313513238980942 0.16348747339744285 0.1904308657655694 0.20794788902229402 0.21252860288941994 0.2016877449213884 0.1743086767872153 0.13036901291508962 0.07199338568996952 0.0019958196232819055 -0.07473239872939248 -0.1527617890657166 -0.22583468844476345 -0.28500415559490655 -0.3228527665857789 -0.32536352041464434 -0.2592348585100982 -0.08638864712545583 0.007214664856301226 0.01655149904170463 0.02542477192716843 0.057104089402605106 0.09149924774732329 0.13239675024321604 0.17211940364878492 0.2059846507552513 0.22938359129228691 0.23821458726012107 0.22955913983684226 0.20205459791535524 0.1556635183745908 0.09229854861826058 0.015355690895418713 -0.07008033186834449 -0.1578991571937393 -0.2403831713478644 -0.30981463078062654 -0.3506246467933229 -0.36353466899307696 -0.28439631784012037 -0.08744253310739114 0.005378319671794602 0.0009443072167823809 -0.005125299391196007 0.029964389146900538 0.06054042058897258 0.09943647367545866 0.13616376006875902 0.16800850833170175 0.19074716652570997 0.20125658593413365 0.19697319306393035 0.1766207016119989 0.14018642769868142 0.0889171281884909 0.025622724718622102 -0.04585530272539559 -0.12005271612941976 -0.19124168430126479 -0.2520513704581811 -0.28857979238970244 -0.3065895433387444 -0.23674583544643646 -0.06694941651194675 0.009204654063229333 -0.003244346526686022 -0.02321279544912396 0.00726427877414043 0.024195862017102446 0.04720918176589888 0.06716893446176868 0.08355935739853837 0.09524184148133537 0.10077411780862279 0.09942758272295942 0.09052244339148115 0.07397286856694378 0.050214151071609474 0.02012297389520605 -0.014730187669561927 -0.052184299767095293 -0.08919247480428207 -0.12370473062052911 -0.14289223775242268 -0.16189673077840022 -0.12204556749816543 -0.029732878003738913 0.020308257532038253 0.020720229015963258 -0.005571062943401734 0.012907954593355631 0.007411548103603416 0.0011382916947438187 -0.010255867834904224 -0.023395238363379905 -0.035517156976064085 -0.044399434251117524 -0.04850851107300796 -0.04691201673409965 -0.039701324859008215 -0.027593864975282864 -0.012108413171344236 0.004739286754179198 0.020721791028682737 0.03392517075569462 0.04134737641448469 0.04620845050681935 0.037615942829505165 0.03102018549114065 0.01846564031885411 0.04108659300781422 0.07959611409732248 0.061966207053893635 0.06297359864834517 0.03016718584267191 -0.014545924272616736 -0.06779800602715076 -0.12158209895676925 -0.1682864562461466 -0.20154407849910044 -0.21656576470915226 -0.2106462475691633 -0.18335036835136514 -0.13660860101345734 -0.07448454806190202 -0.0028516060306731715 0.0711740066148835 0.1399994686887652 0.19498841920632504 0.2291637459757908 0.23431327113075365 0.18525320388124727 0.06533968736980168 0.06811316435413203 0.1673201679256138 0.17265835156076184 0.15548462032202776 0.09645420633451122 0.011833202210501827 -0.08554550117706451 -0.1835100013917457 -0.26962273930732694 -0.33344214001492467 -0.36696659667580667 -0.36545604420094013 -0.3278054267544703 -0.2566831290874729 -0.15830294404158804 -0.041852164695729555 0.08114696452413826 0.19816739079820686 0.295609627986318 0.3564329726063717 0.3780343864047829 0.2998043158086162 0.10096573144520299 0.09557807114706825 0.2616372054420505 0.299116133990943 0.2678651485000036 0.18958073614102094 0.0733441631586379 -0.060240041387222304 -0.1955345348087441 -0.3167383910471777 -0.41017985933288625 -0.46537745472949676 -0.47583947961522893 -0.4396648632826936 -0.359752069183728 -0.2434964575016508 -0.10218698140739335 0.04981800300700689 0.19647078847285496 0.3214083761710823 0.4008846754244058 0.43412003784405695 0.350494946911377 0.11783437489914528 0.11466546971132954 0.3323912768543071 0.3998734268265109 0.362783825695781 0.27699533237430896 0.14569088623997156 -0.006333646569706455 -0.1620066543663708 -0.3041012027404799 -0.41753836579484044 -0.49059692375488906 -0.515817785522619 -0.49059692380441555 -0.4175383658142715 -0.30410120272939845 -0.16200665429401334 -0.006333646572530176 0.1456908862582378 0.2769953323757476 0.3627838257055879 0.39987342689330446 0.33239127691241616 0.11466546972450482 0.11783437485776924 0.3504949467690734 0.4341200376535755 0.40088467527925825 0.3214083760430427 0.1964707884096458 0.04981800296768329 -0.10218698142838409 -0.24349645742315779 -0.35975206899451545 -0.4396648630565851 -0.47583947946452604 -0.4653774545873911 -0.41017985920572686 -0.3167383909135365 -0.19553453473576832 -0.06024004139197968 0.07334416311595195 0.1895807360615292 0.26786514839572295 0.2991161339198806 0.261637205416451 0.09557807112762734 0.10096573136857598 0.2998043155913263 0.37803438612200085 0.35643297234659965 0.29560962775139 0.1981673906668541 0.08114696446576766 -0.04185216465954737 -0.1583029438753377 -0.2566831287618548 -0.32780542641721044 -0.36545604386475594 -0.36696659637344275 -0.33344213976100784 -0.26962273912813345 -0.18351000127947859 -0.08554550115373803 0.011833202123742588 0.09645420621223065 0.15548462007890584 0.17265835137304042 0.16732016779737577 0.06811316430788657 0.06533968727948605 0.185253203600855 0.23431327082556644 0.2291637455935401 0.19498841893168173 0.13999946849727338 0.07117400656851354 -0.0028516059922145728 -0.074484547817535 -0.13660860063709462 -0.18335036792593307 -0.2106462471454998 -0.21656576425381596 -0.20154407819263517 -0.1682864559814324 -0.12158209878784293 -0.06779800601487798 -0.014545924382528304 0.03016718567709491 0.06297359837767616 0.06196620676617423 0.07959611385824525 0.041086592948797726 0.01846564021604433 0.03102018521327645 0.03761594246826452 0.04620845015853754 0.04134737610312544 0.033925170557318134 0.020721790951288323 0.004739286825140797 -0.012108412909722555 -0.027593864566927695 -0.039701324438498886 -0.04691201621530518 -0.04850851064872569 -0.04439943385675702 -0.03551715669233166 -0.02339523818459516 -0.010255867835937424 0.0011382915990099706 0.007411547896530479 0.0129079543294568 -0.005571063303722411 0.020720228764102098 0.020308257426223063 -0.029732878099805005 -0.1220455677661144 -0.1618967310708773 -0.14289223810224513 -0.12370473090127725 -0.08919247500115417 -0.05218429984839713 -0.01473018757765808 0.020122974145529052 0.050214151416443295 0.07397286902539353 0.09052244384265812 0.09942758316430651 0.10077411817226077 0.09524184174967189 0.08355935756770275 0.0671689344646285 0.04720918167818004 0.024195861808178676 0.007264278493136522 -0.02321279574177746 -0.0032443468346039935 0.009204653979118967 -0.06694941659388197 -0.23674583565480148 -0.30658954361732804 -0.28857979263406536 -0.2520513707081682 -0.1912416844693925 -0.12005271616133842 -0.04585530264513133 0.02562272492517619 0.08891712848485833 0.14018642806784748 0.17662070200890714 0.1969731934468942 0.20125658622484108 0.1907471667643884 0.16800850845513943 0.13616376006623604 0.09943647360510043 0.060540420408444234 0.02996438891266915 -0.0051252996766517 0.0009443069774848325 0.0053783195707642365 -0.08744253316703032 -0.28439631800679804 -0.3635346691295193 -0.3506246469903194 -0.30981463098471684 -0.2403831714633816 -0.1578991572052879 -0.07008033180043267 0.015355691052327673 0.09229854884358525 0.1556635186378603 0.20205459822277816 0.2295591400960049 0.2382145875050278 0.22938359145066037 0.20598465082948156 0.17211940366393388 0.13239675017410465 0.09149924762222542 0.05710408919527805 0.02542477171982094 0.016551498837434432 0.007214664787049925 -0.08638864718120315 -0.25923485858644435 -0.32536352048823025 -0.32285276672137114 -0.28500415571089427 -0.22583468850429356 -0.15276178908446655 -0.07473239866733854 0.001995819733348342 0.07199338582954265 0.130369013086365 0.17430867696767305 0.20168774510446863 0.21252860303675272 0.2079478891183421 0.19043086582282612 0.1634874733979013 0.13135132385838152 0.09812258651619017 0.06924381780024925 0.04569391407842651 0.02964291577377443 0.008430282557250656 -0.07244745200102734 -0.19007181599814557 -0.21483999110455487 -0.22477102838698196 -0.1967653976613201 -0.15958700520486394 -0.11072972227568866 -0.05897262157521834 -0.006478524998223113 0.04116341448481138 0.08225070797305702 0.11334315063723355 0.134223069505972 0.1436369938591488 0.1431711858297622 0.13379809450794408 0.1180414398993284 0.09862976854926432 0.07829320210590474 0.059497764141713115 0.04666725663554611 0.03234074148218395 0.010494357424914223 -0.04659021285823233 -0.09400827855331217 -0.09164778077532283 -0.10373729501014745 -0.09054234249541887 -0.07406417564637442 -0.053979510583009385 -0.029639164961067645 -0.006788498229301435 0.01573576054223876 0.034599689728468185 0.04948878704221015 0.06002265998215851 0.06516612526694407 0.06630723876569725 0.06314223198319509 0.05729734103287757 0.04938851764133793 0.04147183673215107 0.03266506460631867 0.02782134795504319 0.022872769077587545 0.006850287295550906 -0.026478242165502267 -0.014896535942072747 -0.022400177201524454 -0.018297418381303845 -0.02032734144858985 -0.01451427677700233 -0.01256673717887538 -0.00623179698726172 -0.0026063053607048303 0.0028919968259267714 0.0063474331713268516 0.009991103239866489 0.012147812267019052 0.013615951096456597 0.014126522366308314 0.013708976685831382 0.01299206252748743 0.011342071531888957 0.010276505899813208 0.008092676157122043 0.007374544882497445 0.00514646687436317 0.004997181645258443
</DataArray>
        <DataArray type="Float64" Name="Mode_6_w" NumberOfComponents="1" format="ascii">
 -6.650040933779011e-7 1.2181303301407355e-7 6.650040924188381e-7 -1.2181303513914983e-7 1.1705300374867279e-6 -1.6755494928741999e-6 -5.352513267282932e-7 -1.4330547776112989e-6 -9.014086626441604e-7 -9.014086626441604e-7 -1.1074517994582433e-6 -6.384155729789078e-7 1.9417242593374864e-7 1.0895041365016776e-6 1.6239190366781628e-6 1.5609895255872318e-6 1.0028696497526426e-6 2.854775815716688e-7 -3.5728642509042754e-7 -6.979542708038116e-7 -6.459855389350688e-7 -6.459855389350688e-7 -5.650528362055157e-7 -3.343264213396135e-7 -2.835882092323873e-7 1.6891529462096818e-8 3.977663645364057e-8 -1.070789576026137e-7 3.19852411520739e-8 -1.8005579962232418e-7 6.638242962702072e-8 -1.0879162175789669e-7 -1.0879162175789669e-7 -1.149563500103663e-7 -2.6769499458659884e-7 -2.435000345567586e-7 -1.469020354581386e-7 -1.8858161862292832e-8 1.0931219418125528e-7 1.7643920750924464e-7 2.9646996600623855e-7 2.295480195069789e-7 2.188373835349064e-7 1.6608099660931715e-7 1.6608099660931715e-7 1.529583014953279e-7 5.990350336800873e-7 -2.5133272416027494e-7 1.008208754799527e-6 -1.368918092325249e-6 -1.170530035944602e-6 1.6755494916033491e-6 5.352513274941403e-7 1.4330547762553166e-6 9.014086607998947e-7 9.014086607998947e-7 1.107451803097286e-6 6.38415568208804e-7 -1.9417242469529332e-7 -1.0895041379337219e-6 -1.6239190370916902e-6 -1.5609895247761506e-6 -1.002869650983223e-6 -2.854775795386285e-7 3.572864249102743e-7 6.979542721030271e-7 6.459855397859539e-7 6.459855397859539e-7 5.650528370938909e-7 3.34326421284265e-7 2.8358820920458236e-7 -1.689152980366759e-8 -3.9776636521006746e-8 1.070789566950924e-7 -3.1985238919025124e-8 1.8005579922820406e-7 -6.638242990827916e-8 1.0879162180089162e-7 1.0879162180089162e-7 1.1495635079741223e-7 2.676949948696487e-7 2.4350003333976343e-7 1.4690203466512115e-7 1.8858161824075126e-8 -1.0931219441295014e-7 -1.764392079141135e-7 -2.9646996575065763e-7 -2.295480187306817e-7 -2.18837383722412e-7 -1.6608099649346972e-7 -1.6608099649346972e-7 -1.5295830095072554e-7 -5.990350352237245e-7 2.513327266184499e-7 -1.0082087562344824e-6 1.3689180941887915e-6 -0.0003647455231530075 -0.001016667835643268 -0.0014760985706830621 -0.002052177173972502 -0.0025641006228218736 -0.0028922672104433173 -0.0028922672104433173 -0.003087377032713461 -0.0030670264479186597 -0.0029039223932347566 -0.002583663333537852 -0.00217510424318466 -0.0017115667851220647 -0.0012431498610742213 -0.000816703085396616 -0.0004562429232486488 -0.00019457188062112004 -2.0942549949531776e-5 -2.0942549949531776e-5 5.383400368919758e-5 8.700544270788685e-5 7.8353236679157e-5 3.305536287813473e-5 -0.0009800373609389875 -0.005745662833695759 -0.010735934379022281 -0.015590135094938739 -0.019718357468968772 -0.02257370856394941 -0.02257370856394941 -0.023944967034188615 -0.023820083635439637 -0.022286166680479152 -0.019631504285112143 -0.016162024301868465 -0.012313441691017724 -0.00846091695934402 -0.004988663767536805 -0.002155355755738592 -0.0001583894872686925 0.0009780182469957975 0.0009780182469957975 0.001316179842746223 0.0010760831614458298 0.0007097640914490868 0.00012501118528692536 -0.0011823502867978608 -0.009088194567446086 -0.02053790747126488 -0.03153593003212542 -0.040761887038714216 -0.04710936048977789 -0.04710936048977789 -0.050107059535562284 -0.049695139092274694 -0.046169746682577104 -0.04008875623025874 -0.032245700425755766 -0.023545535984623885 -0.014935885385641539 -0.007244198546308435 -0.0011432857941241943 0.0029555559802675276 0.0049083079147972586 0.0049083079147972586 0.004939230143780258 0.0035340056403589523 0.0016890705390223445 0.00022323179810493257 -0.00133695714746123 -0.01118939630105504 -0.02681459669318049 -0.04193854576827721 -0.05469686617247577 -0.06347417870290226 -0.06347417870290226 -0.06758532833758227 -0.0669314288059866 -0.06189221434814948 -0.05326316836672429 -0.04213256447819417 -0.029803295664840287 -0.017611949090905087 -0.006778624893722926 0.001728988297749268 0.007268076791969923 0.007268076791969923 0.009627230764959863 0.009073142655655552 0.006354763908256673 0.0027595385104017124 0.0003121541039147051 -0.0011181130148676117 -0.010072368296077928 -0.02539038757396315 -0.040217831789402 -0.05273430632592309 -0.061387540838407126 -0.061387540838407126 -0.06540531316844203 -0.06468098308077212 -0.05955337885770562 -0.0507879275605122 -0.03946713655876699 -0.02689608209942799 -0.014449101768972638 -0.0033973330146504694 0.005218401426957393 0.010690596887771372 0.010690596887771372 0.012727799949729356 0.011570831723025522 0.007961730865334075 0.0032207252181629814 0.0003258844776525153 -0.0011181130148676117 -0.010072368296077928 -0.02539038757396315 -0.040217831789402 -0.05273430632592309 -0.032296816550637875 -0.061387540838407126 -0.06540531316844203 -0.06468098308077212 -0.05955337885770562 -0.0507879275605122 -0.02439707967023502 -0.01613262657684184 -0.007799295070116646 -0.00027316141461179223 0.005679491777349301 0.010690596887771372 0.012727799949729356 0.0108180669612032 0.009720816633699522 0.006647159003368719 0.0023719182354601685 0.00017573318970859163 -0.0004856139757596995 -0.005412856445101552 -0.014980933167069103 -0.024363233371016795 -0.032296816550637875 -0.03788493076871768 -0.03788493076871768 -0.04060146835958676 -0.04032399711686949 -0.037216586963091325 -0.03169553639818415 -0.02439707967023502 -0.01613262657684184 -0.007799295070116646 -0.00027316141461179223 0.005679491777349301 0.009485769647938682 0.0108180669612032 0.0108180669612032 0.009720816633699522 0.006647159003368719 0.0023719182354601685 0.00017573318970859163 0.000394730058115283 0.0019210387758629235 0.00216232632553158 0.0022720778612029015 0.002150063494323628 0.0016652354696829509 0.0016652354696829509 0.00083700880406389 -0.00025923275813573917 -0.0014533578275419115 -0.002538081607054074 -0.0033001567567589895 -0.0035792464471995403 -0.003312667536350584 -0.0025458999522443497 -0.0014344051910525433 -0.00021761772736749287 0.0007767612494239386 0.0007767612494239386 0.0012402214136720863 0.0009801722217858274 -0.00029164789885352435 -0.0001776378669637969 0.001355058787149498 0.009962325624306562 0.021374579115477067 0.03225137838736156 0.040888268436048744 0.04585527584645398 0.04585527584645398 0.04655598519879495 0.04299967083422964 0.03575200293804407 0.025816508094076217 0.014482237362784802 0.003165848757627966 -0.006808380768626913 -0.014385178952578025 -0.01889425087992374 -0.020109554922133847 -0.018335848758088066 -0.018335848758088066 -0.01434990815936356 -0.009253091860837954 -0.004803757246544468 -0.0007325645402753426 0.0021055893728774366 0.01653470663376638 0.03712235103962768 0.0569565007039071 0.07265220204759264 0.08168669499987186 0.08168669499987186 0.08283411841191654 0.07604342822990647 0.06225862437689838 0.0432405728691726 0.02133332952708645 -0.000812221317943724 -0.020613503412982518 -0.03590560175024964 -0.04517685183149069 -0.04772119742445736 -0.043803428902440565 -0.043803428902440565 -0.0346918589014263 -0.02248505583729668 -0.01045161574115032 -0.0013996778933065897 0.0024974676274908247 0.01991653707484009 0.045245201047651645 0.06976415016333165 0.08894288898923437 0.09953981256170195 0.09953981256170195 0.09991136155510841 0.08993353555781765 0.07081014630608892 0.04482956337140526 0.015084963901096657 -0.014874893129476508 -0.041540373549772545 -0.06191318644556507 -0.07383790377521733 -0.07623552135729895 -0.0693284895540275 -0.0693284895540275 -0.054759666103520926 -0.035471474623309594 -0.015899448631497243 -0.0020326001742902093 0.002446890839581982 0.019522028467284094 0.044217054910256084 0.06828833692547372 0.08680228764221964 0.09639280376426708 0.09639280376426708 0.09526529370615582 0.08324442969705352 0.061584502777223715 0.03272449354320468 -3.9954648808778445e-12 -0.03272449354972067 -0.06158450278522358 -0.08324442970874066 -0.09526529371650512 -0.09639280377569988 -0.09639280377569988 -0.0868022876579771 -0.06828833694123447 -0.044217054919259535 -0.01952202847066883 -0.0024468908400195875 0.002032600174826088 0.015899448634893294 0.035471474630781936 0.05475966611238913 0.06932848956576257 0.06932848956576257 0.07623552137223419 0.07383790379213137 0.0619131864600582 0.04154037355693751 0.014874893130036832 -0.015084963908772713 -0.04482956338500519 -0.07081014632691636 -0.08993353558649486 -0.09991136159267541 -0.09953981259852741 -0.09953981259852741 -0.08894288902919127 -0.06976415019909199 -0.0452452010732161 -0.01991653708589413 -0.0024974676285008305 0.0013996778942762357 0.010451615750610183 0.022485055855170712 0.03469185893260158 0.04380342894180082 0.04380342894180082 0.047721197467050315 0.04517685186969278 0.03590560178292226 0.020613503433950936 0.0008122213247927304 -0.021333329533567272 -0.04324057288840687 -0.062258624412355565 -0.07604342827587217 -0.08283411846435071 -0.08168669505736649 -0.08168669505736649 -0.07265220209983742 -0.05695650074983868 -0.037122351071697784 -0.01653470664620923 -0.0021055893747516092 0.0007325645417258481 0.004803757258159292 0.009253091887631341 0.014349908199985174 0.018335848810708936 0.018335848810708936 0.020109554981192528 0.018894250937722505 0.014385179000215177 0.006808380801513877 -0.003165848743588763 -0.014482237369167861 -0.025816508119624746 -0.03575200298058295 -0.04299967089346556 -0.046555985264849775 -0.045855275913242524 -0.045855275913242524 -0.04088826849991193 -0.03225137843602898 -0.021374579147737965 -0.00996232564011587 -0.0013550587888654948 0.0001776378684349663 0.00029164791156530807 -0.0009801721955512612 -0.0012402213678245084 -0.0007767611921681955 -0.0007767611921681955 0.0002176177905914877 0.001434405254815427 0.002545900006909883 0.0033126675760470864 0.003579246466274768 0.003300156752116068 0.0025380815803736777 0.0014533577817054364 0.00025923269817986996 -0.0008370088738473306 -0.0016652355400864271 -0.0016652355400864271 -0.002150063557144453 -0.0022720779120932273 -0.002162326357742684 -0.001921038790711511 -0.00039473006058629584 -0.000175733188065207 -0.0023719182235526497 -0.006647158977627523 -0.00972081659355195 -0.010818066906847858 -0.009485769587139628 -0.009485769587139628 -0.00567949171715298 0.0002731614690288601 0.0077992951099396515 0.016132626597850842 0.024397079669234243 0.03169553637666994 0.03721658692168056 0.040323997061281584 0.04060146829793717 0.037884930704803726 0.037884930704803726 0.0322968164923278 0.024363233325978888 0.014980933135717417 0.005412856430900117 0.0004856139740692274 -0.000175733188065207 -0.0023719182235526497 -0.006647158977627523 -0.011570831689731345 -0.012727799907464124 -0.010690596838920598 -0.009485769587139628 -0.00567949171715298 0.0002731614690288601 0.0077992951099396515 0.016132626597850842 0.024397079669234243 0.05078792754485735 0.05955337882676089 0.06468098303753422 0.06540531311827066 0.06138754078786475 0.0322968164923278 0.05273430628027742 0.040217831752259445 0.025390387549419597 0.010072368283486503 0.001118113013088784 -0.00032588447637356893 -0.003220725209310782 -0.00796173084616263 -0.011570831689731345 -0.012727799907464124 -0.012727799907464124 -0.010690596838920598 -0.005218401376691946 0.003397333059761685 0.01444910180483165 0.02689608211909322 0.03946713656223978 0.05078792754485735 0.05955337882676089 0.06468098303753422 0.06540531311827066 0.06138754078786475 0.06138754078786475 0.05273430628027742 0.040217831752259445 0.025390387549419597 0.010072368283486503 0.001118113013088784 -0.0003121541029843905 -0.002759538504077432 -0.006354763894539654 -0.009073142635062856 -0.009627230736681933 -0.009627230736681933 -0.0072680767598058945 -0.0017289882630605064 0.006778624925954412 0.017611949116638454 0.029803295681448766 0.04213256448247886 0.05326316835894188 0.06189221432896065 0.06693142877847953 0.0675853283044871 0.06347417866875749 0.06347417866875749 0.05469686614055014 0.041938545742534014 0.026814596675694014 0.0111893962926405 0.0013369571459771114 -0.0002232317977040158 -0.0016890705364200841 -0.003534005633420979 -0.004939230132887938 -0.00490830790164987 -0.00490830790164987 -0.002955555963056973 0.001143285811729313 0.007244198563855236 0.014935885400826784 0.02354553599478065 0.0322457004301333 0.04008875622767061 0.04616974667403063 0.04969513907805595 0.0501070595184151 0.04710936047227735 0.04710936047227735 0.04076188702110049 0.03153593001690259 0.020537907460337634 0.009088194560421592 0.0011823502857217056 -0.00012501118517359902 -0.0007097640902346684 -0.0010760831594088438 -0.0013161798382812626 -0.000978018241504763 -0.000978018241504763 0.00015838949284129782 0.0021553557623577627 0.004988663773489996 0.008460916965173298 0.012313441694739871 0.01616202430347696 0.019631504285213115 0.022286166678725277 0.023820083631656924 0.023944967028657192 0.022573708557429982 0.022573708557429982 0.01971835746275669 0.015590135088530927 0.010735934373218329 0.005745662828939479 0.000980037360083531 -3.305536307069525e-5 -7.835323611437809e-5 -8.700544258116888e-5 -5.38340030467173e-5 2.0942550693735662e-5 2.0942550693735662e-5 0.00019457188136090024 0.00045624292404792443 0.0008167030860326256 0.0012431498616505634 0.0017115667855324083 0.0021751042433758062 0.0025836633337182227 0.0029039223932436804 0.0030670264478859575 0.003087377032214524 0.00289226720995727 0.00289226720995727 0.0025641006221085874 0.002052177173446838 0.0014760985698736157 0.0010166678349670254 0.00036474552272706777
</DataArray>
        <DataArray type="Float64" Name="Mode_6_phi1" NumberOfComponents="1" format="ascii">
 -4.934301779710872e-6 6.222832527728222e-7 -4.934301779584282e-6 6.222832525695881e-7 -2.7432136626898943e-5 1.370090135442475e-5 -6.39387729849055e-6 1.2092671269300229e-6 -2.3833352798360697e-6 2.544472411447067e-6 3.780363604839849e-7 3.220495528578111e-6 1.2084704031493174e-6 1.6060068692348782e-6 -1.213711232449693e-7 -7.54139596258395e-7 -1.4492380940918704e-6 -1.791715922217239e-6 -1.1065862055756863e-6 -1.1404689701467546e-6 4.6733569564100627e-7 -3.449710489387547e-7 1.6379998024275013e-6 -6.730718334218583e-7 2.439014510848367e-6 -3.0011904989020967e-6 4.231898460910333e-6 2.3118634586841714e-6 -1.2718623302154903e-6 1.4886706742619737e-6 5.99113468306095e-7 1.998903393699414e-6 1.6862183403033347e-6 2.031928041411113e-6 1.5941750380589058e-6 1.1635191339843554e-6 5.500867962087253e-7 -4.962346626736433e-7 -8.864147964575242e-7 -2.5815000661049213e-6 -1.936895082648155e-6 -4.594421822707967e-6 -1.7675426889525094e-6 -6.1363768589017444e-6 4.965363890032596e-7 -7.519781914799638e-6 6.788631284574966e-6 -1.1286112923975533e-5 1.8144203814285715e-5 -1.2091396457489615e-5 -2.7432136589019396e-5 1.3700901322948844e-5 -6.393877271886365e-6 1.2092670983146893e-6 -2.3833352373744537e-6 2.5444723503910203e-6 3.7803642959255644e-7 3.220495474880208e-6 1.208470434299539e-6 1.6060068541843593e-6 -1.2137111935555054e-7 -7.541395925014936e-7 -1.4492381030170367e-6 -1.7917159170161175e-6 -1.1065862142569685e-6 -1.1404689504860406e-6 4.673356653331106e-7 -3.449710175698697e-7 1.6379997799946178e-6 -6.730718169604858e-7 2.439014504800328e-6 -3.00119050021068e-6 4.23189846799123e-6 2.3118634720279744e-6 -1.2718623472605456e-6 1.4886706903070948e-6 5.991134410018174e-7 1.998903437291402e-6 1.6862183014512475e-6 2.0319280681032573e-6 1.5941750241489697e-6 1.1635191424130714e-6 5.500868021930604e-7 -4.962346724738791e-7 -8.864147843347587e-7 -2.5815000813450757e-6 -1.9368950554544696e-6 -4.594421854273219e-6 -1.767542651180368e-6 -6.136376914138027e-6 4.96536450516247e-7 -7.519781981563604e-6 6.7886313528626284e-6 -1.1286112992567986e-5 1.8144203859728517e-5 -1.2091396487436365e-5 -0.021616159982234737 -0.04276516922450966 -0.0834831350653948 -0.1179646666524641 -0.1543771128316787 -0.18116374444422706 -0.2012200662772593 -0.20934951796946571 -0.20821435043972705 -0.19660815161051953 -0.1774517926686542 -0.15203098097179835 -0.12332870388703285 -0.09361572701529927 -0.06539236015293384 -0.04062042024119653 -0.020684676640489837 -0.0064308657394651116 0.002366064727041605 0.006129559166452444 0.00676942069798253 0.004997420387865305 0.0033350360333856063 -0.013329910420900079 -0.0928069695593706 -0.19380234307945568 -0.306533742751096 -0.40309076654549947 -0.4800892365743548 -0.5278060129887462 -0.5461142040631599 -0.5340251564547744 -0.49550036805180175 -0.434983263165226 -0.35926935731244114 -0.2756903853911269 -0.1916395682610626 -0.11417264429563861 -0.048784431253568246 0.00025917807276800293 0.03135487731744806 0.044607045956489635 0.042366539382395325 0.031347163838069333 0.015834354988736983 0.0025932688896615564 -0.010360768863908175 -0.05822076467536235 -0.16888243731853791 -0.29339409711523234 -0.401356277286137 -0.48468235685131617 -0.5363889273187198 -0.553403895537277 -0.5370821036109866 -0.49047572586231425 -0.4196313291048603 -0.33210452852387873 -0.23634176703944484 -0.14138997730179848 -0.05524124716512216 0.014927366025977431 0.06456684789589841 0.09076836691540599 0.09445419650492565 0.07884427504600268 0.0500145855771028 0.02035817796551008 0.00343630614410392 -0.003671711816331349 -0.04151902151223615 -0.10253536856445682 -0.1751011066584334 -0.23882532980695492 -0.28854527252003304 -0.3186058410755707 -0.32731673437681413 -0.3145758843094604 -0.282486276875414 -0.23462776978655 -0.17577573116466055 -0.11166548398779506 -0.04813699289966845 0.008979641666868222 0.054893432558469187 0.08576560433921356 0.0998370020302026 0.09666401908129538 0.07904425072521314 0.04957967756036646 0.01962933466459832 0.0018632689929676352 0.005468113278353335 0.020388938465704252 0.03656642346862727 0.05141753236065206 0.06583782225519116 0.0774935567481445 0.08572046697057065 0.09094781444332882 0.09336299704031696 0.09369078618316151 0.09265290227031245 0.090846496482259 0.08877545112700101 0.08654019678605959 0.08395150357390452 0.08046204537566574 0.0753831580762687 0.06777667417591852 0.05683164597089541 0.04241674936922367 0.023137118297281843 0.006385913845550923 -0.0007688573728029056 0.016876131624216167 0.08263411245971143 0.18887887340722861 0.3024644698581412 0.4025908445413466 0.48078622029318996 0.5286543335381593 0.5440589556822234 0.5279372339279067 0.48393975416660573 0.41819842409043634 0.33832725205037745 0.25252331088262103 0.16879195234547392 0.09409921885863315 0.033713347853757986 -0.009225589734612733 -0.034049946287437724 -0.04278345289879677 -0.038769189455127445 -0.029789849248300616 -0.01762668543362581 -0.005830844704872803 0.02477501905087926 0.133286159076323 0.30922079448852924 0.5000078086560091 0.6673614284422041 0.7943885645064045 0.8682437947776257 0.8840766957701909 0.8431073819632603 0.752063771316139 0.6219299956940865 0.46681755666546243 0.30235403385617193 0.14402720425889812 0.005719541520580895 -0.10165001490580185 -0.17122234644655293 -0.20087431969251596 -0.19368993863318512 -0.15697251211476332 -0.10449557716672135 -0.04983543133218636 -0.011445249026042915 0.028709381726500446 0.15436154924328724 0.3594850380929389 0.5826449961108119 0.77564064002177 0.9189493729003819 0.9956232430198994 1.0 0.9335519811965165 0.804728330395893 0.6278171654570612 0.42112744243682626 0.20516521987128977 0.0005380846659299536 -0.1741452265750085 -0.30410706768868967 -0.3798752448657868 -0.39836172987644436 -0.36352531654119075 -0.285980429626447 -0.18390017141730403 -0.08321146699351832 -0.017057532931753317 0.02585368726551828 0.13956549783098532 0.3236277906117659 0.5224369689984207 0.6932881288858112 0.8143207554584266 0.8707817403422061 0.8561925222958533 0.7723283154450106 0.6278420723718529 0.4372867728981087 0.21959978363183189 -0.0039056646136683844 -0.21166284017575676 -0.38402998334077454 -0.5053161233757779 -0.5654119079374248 -0.5609693582381652 -0.49620623815168785 -0.38350573608385624 -0.24216665066214801 -0.10635087910901803 -0.020203006884128155 0.018045300893623856 0.0933191604836145 0.212464236175429 0.3405326670196579 0.4476976781211786 0.5176225602373938 0.5388370700269016 0.5066403554094168 0.4222293776294368 0.2925626285813186 0.1293773698260089 -0.05197186513295079 -0.2340073523461185 -0.3988818230047385 -0.5302085138669947 -0.614777406168662 -0.6440443459104146 -0.6151741666982147 -0.5317859146092504 -0.4054637265863257 -0.2525773579306163 -0.10860742155656776 -0.01964988693159355 0.006667072145412526 0.02913493932147306 0.06095824927568981 0.0929930308534183 0.11736927088163046 0.12432146845704047 0.10954191042210638 0.07011764764903762 0.006670386729620692 -0.07729586549119023 -0.17557426675215024 -0.27981601809854434 -0.38029402109344573 -0.4668413813186113 -0.529907159865852 -0.5616350177510603 -0.5568312568949378 -0.5137561682106682 -0.4344239764584662 -0.3269784092945686 -0.20093745975481614 -0.08444419607906584 -0.01436282881316261 -0.004978429911863738 -0.03519176760445177 -0.08929124811428645 -0.14939710527634512 -0.20351789965643685 -0.2510141515072774 -0.2897856876758397 -0.3199388997737143 -0.3420557945576934 -0.356937662480064 -0.3654430806786238 -0.368200279593188 -0.36544308082551713 -0.3569376627804737 -0.34205579501196615 -0.31993890031867617 -0.2897856882866586 -0.2510141520773932 -0.20351790022399482 -0.14939710574163417 -0.0892912484384842 -0.0351917677677195 -0.004978429932029752 -0.014362828788536407 -0.08444419596169767 -0.20093745946785585 -0.3269784088543547 -0.43442397586627113 -0.5137561675932442 -0.5568312562986802 -0.5616350171829955 -0.5299071594100729 -0.4668413810267056 -0.3802940209592814 -0.2798160180926399 -0.17557426687423064 -0.07729586573758211 0.006670386371070687 0.07011764716865782 0.10954190993862255 0.12432146793884542 0.11736927050556514 0.0929930305091587 0.06095824903233106 0.029134939246457183 0.00666707212876376 -0.019649886913730156 -0.10860742146109312 -0.2525773577547702 -0.4054637262042673 -0.5317859141288134 -0.6151741661569946 -0.6440443454273868 -0.6147774057542142 -0.5302085135198885 -0.39888182275062384 -0.23400735220795124 -0.05197186510540971 0.12937736969620067 0.2925626283037691 0.42222937730101207 0.506640355094599 0.5388370696555225 0.5176225599723518 0.44769767788750664 0.3405326668943726 0.21246423614147286 0.09331916044737405 0.01804530087973686 -0.020203006873157556 -0.10635087907353907 -0.24216665051478928 -0.3835057359505699 -0.49620623794711805 -0.5609693579816599 -0.5654119075974378 -0.505316123028105 -0.3840299830603318 -0.21166283995135798 -0.0039056644812682003 0.21959978362381083 0.4372867728006743 0.6278420722410241 0.7723283152239998 0.8561925220423983 0.8707817401516753 0.8143207552369728 0.6932881287777724 0.5224369689777912 0.3236277905763127 0.1395654977948369 0.025853687262128666 -0.01705753292994976 -0.08321146698146643 -0.18390017144098028 -0.28598042955668407 -0.36352531646230496 -0.39836172981658236 -0.37987524479630963 -0.3041070676060159 -0.1741452264532031 0.0005380847851577807 0.20516521995268974 0.4211274424818758 0.6278171654511125 0.8047283303618135 0.933551981199991 0.9999999999804534 0.9956232429759098 0.91894937293211 0.7756406400289132 0.582644996101775 0.35948503810895793 0.15436154926129408 0.028709381715041397 -0.01144524901978915 -0.04983543134262609 -0.10449557717474699 -0.15697251221537625 -0.19368993873946833 -0.20087431975665015 -0.17122234653025836 -0.10165001496114676 0.005719541494530253 0.1440272042571721 0.3023540338913844 0.46681755674476844 0.6219299958103627 0.7520637714286303 0.8431073820713552 0.8840766959386571 0.8682437949591573 0.7943885646352754 0.6673614285760849 0.5000078087532807 0.30922079451990514 0.13328615909187627 0.02477501907125859 -0.005830844719931778 -0.017626685492217235 -0.02978984938009631 -0.03876918960374802 -0.042783453102574975 -0.034049946563920054 -0.009225589977910608 0.03371334763077232 0.0940992186897301 0.16879195225784982 0.2525233108753968 0.33832725213297454 0.41819842421970493 0.48393975437234804 0.5279372341897839 0.5440589559439789 0.5286543338067244 0.4807862205926706 0.4025908447810783 0.3024644700265124 0.18887887352777658 0.08263411249819835 0.016876131616781826 -0.0007688573825832519 0.006385913800594933 0.02313711819840169 0.042416749155733846 0.05683164566443026 0.06777667385228146 0.07538315772139331 0.08046204506310108 0.08395150331063621 0.08654019659843827 0.0887754510639523 0.09084649651079627 0.09265290241997579 0.09369078643564183 0.09336299735764435 0.09094781480931563 0.08572046733898771 0.07749355707665834 0.06583782252838818 0.05141753258309678 0.0365664236104148 0.02038893854505168 0.005468113290207057 0.0018632689748266712 0.01962933459679921 0.04957967742087096 0.07904425051470268 0.09666401879493434 0.0998370016741523 0.08576560398728873 0.0548934321917289 0.00897964136261211 -0.04813699311086358 -0.11166548410653138 -0.17577573115784867 -0.2346277696674409 -0.2824862766603781 -0.31457588401838754 -0.32731673404239026 -0.31860584070636283 -0.28854527217290843 -0.23882532951712687 -0.1751011064535957 -0.10253536844052025 -0.041519021480158354 -0.003671711811791345 0.0034363061314243875 0.02035817792209903 0.05001458548263946 0.07884427489500478 0.09445419631167545 0.09076836668789968 0.06456684760199213 0.014927365755071751 -0.05524124742620879 -0.14138997750991078 -0.23634176717499344 -0.33210452857314005 -0.4196313290481853 -0.4904757256996398 -0.5370821033816563 -0.553403895253833 -0.5363889270383163 -0.48468235658350206 -0.401356277045868 -0.293394096938441 -0.16888243723434593 -0.058220764638947896 -0.01036076885189076 0.0025932688799534444 0.015834354978092338 0.031347163781099745 0.04236653929629181 0.04460704584211897 0.03135487716583378 0.00025917792250301015 -0.048784431424962145 -0.11417264445051234 -0.1916395684004933 -0.2756903854828437 -0.35926935734984733 -0.4349832631441447 -0.4955003679846997 -0.5340251563332981 -0.5461142039152702 -0.5278060128210736 -0.48008923639822854 -0.403090766382419 -0.30653374260605676 -0.19380234296745177 -0.09280696947784682 -0.013329910414354551 0.003335036025196715 0.0049974203805770775 0.006769420676933801 0.00612955913606022 0.0023660646714329958 -0.006430865779131773 -0.02068467669432208 -0.040620420290513534 -0.06539236020350282 -0.0936157270564923 -0.12332870390957748 -0.15203098098507406 -0.17745179267212957 -0.1966081516114604 -0.20821435041516023 -0.2093495179401124 -0.20122006622270544 -0.1811637444080827 -0.1543771127706382 -0.1179646666137574 -0.08348313500154687 -0.04276516919463968 -0.02161615995999391
</DataArray>
        <DataArray type="Float64" Name="Mode_6_phi2" NumberOfComponents="1" format="ascii">
 -4.435784153861685e-6 -5.633968307710649e-7 -4.43578415143037e-6 -5.633968287546503e-7 -1.4737155277172266e-5 1.763178150405707e-5 -1.6883711517221597e-5 4.874790170830344e-6 -1.45513407659282e-5 -2.2118818600213514e-6 -8.130488011934752e-6 1.7293079880909613e-6 2.022301336312309e-6 8.02522403464412e-6 7.5976548638944824e-6 7.990458480566497e-6 4.904226721568209e-6 2.2209086321183493e-6 -1.1798012365291059e-6 -3.0289072072021367e-6 -4.301953973038459e-6 -3.5389634221612158e-6 -3.095238739858405e-6 -8.234649781993637e-7 -8.723133897234727e-7 1.7851311509488056e-6 -1.0225485721402856e-6 -6.29164614281509e-6 4.8230524128470865e-6 -3.3174208124336757e-6 1.9868261081478035e-6 -1.944205156713735e-6 1.29525762689619e-6 -1.0272157934110919e-6 1.0402528904237196e-6 -3.8996909634578833e-7 9.463991306942325e-7 -6.513767568210337e-8 9.358631041559064e-7 -2.350167053345915e-7 1.2316056774417596e-6 -1.1438808087242735e-6 2.012008334494921e-6 -2.7936383446042966e-6 3.2605254849122834e-6 -5.101704716058975e-6 5.079348535796368e-6 -9.072646085852215e-6 1.569314631073821e-5 -2.626351314930585e-5 -1.473715525596063e-5 1.763178148099461e-5 -1.688371150404331e-5 4.874790166423011e-6 -1.4551340767076212e-5 -2.211881870168129e-6 -8.13048796584322e-6 1.7293079266603705e-6 2.022301404116679e-6 8.02522399639789e-6 7.59765488669656e-6 7.99045848126944e-6 4.9042267107168195e-6 2.2209086464523093e-6 -1.179801271635298e-6 -3.028907175668895e-6 -4.301954015273165e-6 -3.538963389778437e-6 -3.0952387747976995e-6 -8.234649452129567e-7 -8.723134271328949e-7 1.7851312018306541e-6 -1.0225486082592534e-6 -6.2916461449637555e-6 4.823052387621488e-6 -3.317420770956572e-6 1.9868260721862146e-6 -1.944205143688098e-6 1.2952576369281037e-6 -1.027215819819763e-6 1.0402529251816983e-6 -3.899691269622531e-7 9.463991517569351e-7 -6.513768668591654e-8 9.358631119351593e-7 -2.3501671368256772e-7 1.2316056858160144e-6 -1.1438808253720372e-6 2.0120083640755e-6 -2.7936383754409753e-6 3.260525513027239e-6 -5.101704744666556e-6 5.079348564589756e-6 -9.072646111843668e-6 1.5693146341058263e-5 -2.6263513188854394e-5 -0.02148960941359981 -0.01636960688578943 -0.019384633626495392 -0.017238414059584026 -0.01653508786117328 -0.011191910876109507 -0.007325812863470596 -0.0013317578952135331 0.003207007277287417 0.008004971264822781 0.011312391944599915 0.013825306157832246 0.014778055411857467 0.014781999927377984 0.013303823474820434 0.011411830589790157 0.008418419998856203 0.005985309084401949 0.0028697767088562815 0.0014643602801052476 -0.0006274642107100962 -0.0004725992446943089 -0.00350701169809273 -0.03755439180046365 -0.09586686576691136 -0.09203682845308858 -0.09269306942823093 -0.07797795645310955 -0.05611083736671075 -0.030867952331656845 -0.004487456771568221 0.020464777991515342 0.042103020604578364 0.05879981700446295 0.06956506421836862 0.07374153182617314 0.07176911294035809 0.06395050365881146 0.05208697580487836 0.03725098857347689 0.02206871247493214 0.00791344616782065 -0.0037201329703196824 -0.007239577360546415 -0.011088346478996279 -0.008058245155612105 -0.06744240812090727 -0.18215292984544604 -0.21753022062212926 -0.2027492355647247 -0.17186725099057984 -0.12179661544504214 -0.0647804284653283 -0.00609598939739898 0.049719726465507215 0.09721497417843156 0.13399245391831216 0.15668570602295362 0.16505126346801655 0.15878914748653394 0.14005800074785238 0.11131870263985674 0.07670809115033574 0.040212524449196 0.0071207421658221436 -0.02000152051159176 -0.03041562412687662 -0.03323970564161202 -0.014747159836876802 -0.07935729038139722 -0.25212749011385277 -0.3212992814092756 -0.29577055422621973 -0.2508126211395157 -0.17648291025580115 -0.09216002202575148 -0.004778596826406216 0.07739444177968274 0.14823249098786428 0.20187641735981385 0.23535210092712572 0.24647069713800893 0.23605336070808333 0.20625228717928498 0.16147052790733132 0.10726976434654929 0.05014253202020055 -0.0022190671603699664 -0.04393554070586212 -0.06464514944828119 -0.05942048129083584 -0.020314194407806734 -0.08232333416539493 -0.2660965400351271 -0.35266083536237963 -0.32211799190124163 -0.27348455035670327 -0.1919266548073607 -0.0985766061372209 -0.0018759377663408847 0.08973247651859544 0.16848898673168664 0.228621900774207 0.26575403703438877 0.27804093240832833 0.2656080985627725 0.23107625221872796 0.17898951818993575 0.11562014203729817 0.04836010872693217 -0.014428123989449721 -0.06378150934106126 -0.09332988774330109 -0.07895343853012211 -0.02205774952582368 -0.06009209714510489 -0.20928511845644138 -0.28615613996738376 -0.260300762773883 -0.22045738607060872 -0.15510745418734023 -0.07921749761055343 -0.0004006920041445053 0.07484679626712284 0.1401897685195826 0.19058780189372568 0.22239466200209532 0.23355545458597632 0.22394440001770863 0.1952179260099666 0.15080253931656823 0.09571559726050737 0.03583977313084695 -0.021621288859559447 -0.06713805312140841 -0.1001380811567215 -0.07789391734501018 -0.015576027610433188 -0.020974135939654612 -0.0814878333882295 -0.12864082256343437 -0.11442322268510798 -0.09839493138155332 -0.07191157587010799 -0.04069473831173004 -0.007562734301393899 0.025171037475496816 0.055158126083798796 0.0801055999421765 0.0980722218837471 0.1075502234950211 0.1076454939753601 0.0982090226230036 0.07983331397804232 0.054048943275167974 0.022997077601466496 -0.010407412253770617 -0.037734497362648146 -0.0681487373055835 -0.04369147899440729 0.0016534571924088268 0.033375036820451474 0.08823567090319329 0.08661925014221329 0.08323531636060069 0.06444949132615449 0.03537481962396422 0.002395821859048538 -0.030626058054535103 -0.05924110501975518 -0.0802551856223809 -0.09147309927653394 -0.09213454391094723 -0.08276707021294662 -0.06516524055599611 -0.04213014230152792 -0.017231302950908436 0.005794367723366922 0.023206297666709275 0.03145794337306476 0.0346631716328998 0.013865143412094397 0.03001204472633026 0.03054156064777314 0.08806462205193154 0.2622331383360897 0.30580622460096274 0.28477955381511166 0.22679428657954837 0.1370499558149333 0.03347917213654695 -0.07224016287647805 -0.1682787703726692 -0.24479576381107046 -0.2945941586613753 -0.3135230297961853 -0.30089641218918667 -0.2593993633738997 -0.1948505511784689 -0.11557690152652797 -0.031497532941833786 0.04672583855522336 0.10773888595847096 0.14885465055285893 0.14271915834480645 0.13909609830378042 0.06811024095141874 0.13360484755057206 0.3977976430827701 0.4756533218008166 0.44122540743775623 0.34818788483772906 0.20651872717694586 0.04154147331053642 -0.12730396718916948 -0.28172585349202645 -0.405812016109868 -0.4875757012913636 -0.5197038505186417 -0.5002100019928971 -0.4325254245336135 -0.325155557828386 -0.19085720498297432 -0.04533770730105368 0.09410491898207857 0.20870800530463157 0.28716619285445744 0.2981707425954943 0.26569993685145915 0.10830596506367923 0.15904665424549147 0.4661395748890388 0.5585086594868255 0.5182914643721619 0.40272141059831035 0.22909439641447563 0.025739614465061515 -0.18289215876426954 -0.37392637892017894 -0.5273335810643798 -0.6276684856940727 -0.6652563732212997 -0.6370625884932517 -0.5468781519842413 -0.4050041224435027 -0.22723088485559373 -0.03349208164993803 0.15408275622969966 0.31134161029921514 0.4184747296129228 0.4451165163350459 0.3821159069887272 0.1423099109475319 0.16153922966978004 0.4573447218136038 0.5431755009347193 0.5059860393319509 0.38534522466617693 0.20647840886399957 -0.004576792761677861 -0.22161427923906973 -0.42045648858213513 -0.5795948571949212 -0.6822582169491481 -0.7176971084835938 -0.6822582169268959 -0.5795948572385423 -0.4204564886365547 -0.2216142792551467 -0.00457679278367657 0.20647840876405316 0.38534522465207033 0.5059860394634389 0.5431755010575678 0.457344721912346 0.161539229706006 0.14230991096211168 0.3821159070519593 0.4451165163786488 0.4184747296466036 0.31134161037703756 0.1540827563077776 -0.03349208161857394 -0.2272308849065689 -0.40500412253712637 -0.5468781521100853 -0.6370625886502612 -0.6652563733595834 -0.6276684858161842 -0.5273335812507834 -0.3739263790652886 -0.18289215890614346 0.02573961446757925 0.22909439634162745 0.4027214106687427 0.5182914645728071 0.5585086597682494 0.46613957514683463 0.15904665432639525 0.10830596511760719 0.2656999370490065 0.2981707427604543 0.2871661930914736 0.20870800545310977 0.09410491907279812 -0.04533770734698306 -0.19085720507481174 -0.32515555805166974 -0.43252542479965334 -0.5002100022842266 -0.5197038507729375 -0.4875757015680781 -0.4058120164147617 -0.28172585372558717 -0.1273039673236512 0.04154147323734381 0.20651872723762052 0.34818788497739 0.4412254076950547 0.47565332221344864 0.39779764339968854 0.1336048476541051 0.0681102410453642 0.13909609854581304 0.1427191586569882 0.1488546508653455 0.10773888618544145 0.0467258386736547 -0.031497532986665966 -0.1155769016785253 -0.19485055146729097 -0.25939936373653055 -0.3008964125885212 -0.31352303018827105 -0.29459415906269576 -0.24479576416182128 -0.16827877066468083 -0.07224016301050185 0.03347917210028035 0.1370499559061445 0.2267942868263619 0.28477955416428197 0.30580622500432875 0.26223313865361814 0.08806462219520045 0.030541560744719243 0.030012045029336243 0.01386514371477075 0.03466317202509266 0.031457943620062746 0.02320629780201474 0.00579436774570038 -0.017231303141424775 -0.04213014259400035 -0.06516524096125272 -0.08276707069427837 -0.09213454440536271 -0.09147309970765698 -0.08025518602550523 -0.059241105315416695 -0.030626058215311943 0.002395821857065236 0.03537481974514838 0.06444949162920009 0.08323531673334339 0.08661925052113778 0.08823567126183644 0.033375036937951665 0.00165345730626027 -0.04369147872593916 -0.06814873697076894 -0.03773449700421972 -0.010407411984611484 0.022997077741931164 0.05404894328401802 0.07983331384411942 0.09820902234131498 0.10764549356913358 0.10755022301067149 0.09807222139104263 0.08010559949562651 0.05515812568361744 0.025171037189762494 -0.00756273443891882 -0.04069473833269172 -0.0719115757235981 -0.09839493112231329 -0.11442322232789752 -0.1286408221938013 -0.08148783306220994 -0.020974135801316296 -0.01557602751973324 -0.07789391710957362 -0.10013808089295355 -0.06713805279133137 -0.021621288616350716 0.03583977326859076 0.0957155972774441 0.15080253922296943 0.19521792576909908 0.22394439967807528 0.23355545415638174 0.22239466159239293 0.19058780145068857 0.1401897681661583 0.07484679601657021 -0.0004006921264785936 -0.07921749762798014 -0.1551074540674167 -0.22045738582518573 -0.2603007625096047 -0.28615613963096925 -0.20928511816438836 -0.06009209702722064 -0.02205774944266418 -0.07895343836038556 -0.09332988751539861 -0.06378150911113098 -0.014428123807611309 0.048360108841545076 0.11562014208848612 0.1789895181159713 0.23107625206989893 0.26560809828241744 0.2780409321140478 0.2657540366709146 0.22862190044655079 0.16848898644955249 0.0897324763114512 -0.0018759378857215196 -0.09857660614062742 -0.19192665471973774 -0.27348455020211204 -0.322117991660169 -0.35266083513189384 -0.26609653979398734 -0.08232333407223116 -0.020314194359088374 -0.05942048117744263 -0.06464514930496718 -0.04393554057357317 -0.002219067044658975 0.05014253210994544 0.10726976439063747 0.161470527875798 0.20625228708448565 0.23605336055770063 0.2464706969244006 0.2353521007070385 0.20187641712996582 0.1482324907994596 0.07739444162547715 -0.004778596914529619 -0.09216002202575935 -0.17648291022947377 -0.25081262103544183 -0.2957705540796814 -0.3212992812461969 -0.25212748996592854 -0.07935729030244047 -0.014747159803006064 -0.033239705581965075 -0.03041562405055967 -0.020001520432573302 0.007120742211834938 0.04021252451222651 0.07670809116206662 0.1113187026361265 0.14005800071224958 0.1587891474072527 0.16505126335975775 0.15668570590156589 0.13399245380723504 0.09721497407246302 0.04971972637399792 -0.006095989444477812 -0.06478042847672723 -0.12179661544210808 -0.1718672509518595 -0.20274923549193033 -0.21753022056057147 -0.18215292972720892 -0.06744240805505942 -0.00805824515724678 -0.011088346447309175 -0.0072395773487193855 -0.003720132922513529 0.00791344617926995 0.022068712482149127 0.03725098859036092 0.05208697579561086 0.06395050365615272 0.07176911290552727 0.07374153178236471 0.0695650641798154 0.058799816970981925 0.04210302056109369 0.020464777955270453 -0.004487456799805793 -0.030867952345936717 -0.05611083736065499 -0.07797795645588222 -0.09269306941188564 -0.09203682844580954 -0.09586686569703173 -0.03755439176606219 -0.0035070116854810087 -0.00047259922774949573 -0.0006274642129065129 0.0014643602975162235 0.0028697767124823996 0.00598530908295825 0.008418420002624969 0.011411830576930106 0.013303823475622078 0.014781999918303868 0.014778055407874635 0.01382530615476329 0.011312391945527422 0.008004971263132666 0.003207007274432409 -0.0013317579083118602 -0.007325812860404504 -0.011191910880029644 -0.016535087854566276 -0.017238414062246594 -0.019384633616885923 -0.016369606878055148 -0.021489609390476196
</DataArray>
        <DataArray type="Float64" Name="Mode_7_w" NumberOfComponents="1" format="ascii">
 6.677932483667807e-7 1.46034593647749e-6 6.677932481566822e-7 1.4603459375910269e-6 -1.2778968091539525e-6 1.5861950508100574e-6 6.807237804421107e-7 1.6581918086499576e-6 1.1835824174973331e-6 1.1835824174973331e-6 1.0593819088216332e-6 4.048003308048365e-7 -5.932392567309724e-7 -1.0302552141164931e-6 -8.452740122930222e-7 1.7371674845677472e-7 9.976934567496277e-7 1.0678818568091384e-6 4.063771192400284e-7 -7.939814362026841e-7 -1.0700953868396472e-6 -1.0700953868396472e-6 -2.3777711464370686e-6 -1.0069706411545975e-6 -2.835552612285359e-6 8.711655187179194e-8 -5.548846269926745e-7 -2.660529375693476e-7 9.371175217580722e-7 -1.2987924677719088e-6 8.348620465650167e-7 -4.01400124081341e-7 -4.01400124081341e-7 6.592507263896903e-7 1.0478279277046368e-7 8.926780204478229e-8 -3.319174819724224e-8 -5.081715417107322e-8 3.5230950048858104e-10 1.9203539086554462e-8 1.78912739626595e-7 1.6839373058765398e-7 1.1165540573915261e-7 -6.357879891621047e-8 -6.357879891621047e-8 -3.257871641270925e-7 2.3140439722796424e-7 -4.7584549773649005e-7 1.0626086983265426e-6 -1.3976332477041757e-6 -1.2778968087081934e-6 1.5861950502713188e-6 6.807237816733655e-7 1.6581918088568215e-6 1.1835824177273483e-6 1.1835824177273483e-6 1.0593819106500664e-6 4.048003277386345e-7 -5.932392535848565e-7 -1.030255215389603e-6 -8.452740105253798e-7 1.7371674842448125e-7 9.97693456559356e-7 1.0678818566843673e-6 4.063771204342801e-7 -7.939814359330191e-7 -1.0700953867310489e-6 -1.0700953867310489e-6 -2.3777711444966157e-6 -1.0069706428828257e-6 -2.8355526111672998e-6 8.71165503294027e-8 -5.548846279936298e-7 -2.660529359151554e-7 9.371175194301274e-7 -1.2987924667655926e-6 8.348620458040501e-7 -4.014001238398251e-7 -4.014001238398251e-7 6.592507258108189e-7 1.0478279225676321e-7 8.92678035245463e-8 -3.31917506775721e-8 -5.081715278714883e-8 3.523085238826591e-10 1.9203539026175488e-8 1.7891273963426218e-7 1.683937320712516e-7 1.1165540495326757e-7 -6.357879696491543e-8 -6.357879696491543e-8 -3.257871663064859e-7 2.3140439867514276e-7 -4.7584549906961943e-7 1.0626087000574066e-6 -1.3976332476092945e-6 0.00036955078833037744 0.0009524642633271503 0.0012248380867120494 0.0015803598086980132 0.0017655921665160985 0.00167973154254309 0.00167973154254309 0.001365614054389172 0.0007687572773067161 -6.320536977231534e-6 -0.0009209682234808474 -0.0018634374774830396 -0.002724439911876059 -0.00343946781046578 -0.003875658053128772 -0.004056268870884735 -0.003860943036015999 -0.003450712675631205 -0.003450712675631205 -0.0027070584685794565 -0.001995242365241815 -0.0012492221484886232 -0.0003948916143906106 0.001088483005014037 0.005977587578823541 0.010289501029100732 0.014173155299396828 0.01643418004257668 0.016478440622752753 0.016478440622752753 0.014061070289178284 0.00933502959710202 0.0026667083789374134 -0.005219262393388676 -0.013573838828503727 -0.021365951981664223 -0.02784357564584259 -0.03211803600411446 -0.0338487900427417 -0.03260893944093625 -0.028762525945394867 -0.028762525945394867 -0.022600422032922014 -0.015019065645690527 -0.008318608477604466 -0.0012668631850600918 0.0014970505653099273 0.011013637278139025 0.023424514511569704 0.03421135223889543 0.041325766270841606 0.04303564984703201 0.04303564984703201 0.03879579052851828 0.028753370939835515 0.01383035790216728 -0.004484221347603432 -0.024235799232800066 -0.04322446753281837 -0.059246378466486546 -0.07047834103257371 -0.07546749728089425 -0.07362489149609401 -0.06489506601293582 -0.06489506601293582 -0.050624943977853186 -0.032457199235904934 -0.01459514479875441 -0.0019477383691465172 0.0018127912499462117 0.01457062000385582 0.033170113698085577 0.04970078591902017 0.061191268700234065 0.06517957325841754 0.06517957325841754 0.060571494285098504 0.04750065826711533 0.027088831435796205 0.0013887482932971478 -0.026864851481395204 -0.054512011456046776 -0.07833952588148008 -0.09554704722176177 -0.10402786709646167 -0.10258236435355514 -0.10258236435355514 -0.09130080629192172 -0.0715349262688346 -0.046391537008870685 -0.02016651432070071 -0.0024149626751329392 0.0017139264387544882 0.014425071802201582 0.033836304054120546 0.05166566504601969 0.06462099887521837 0.07017832409342008 0.07017832409342008 0.06699960863425924 0.054977860784492134 0.03511094509697138 0.009342725904444916 -0.019584754975119335 -0.04841568301607942 -0.07379452893793445 -0.09267929948231596 -0.10274952492374392 -0.10264395271436037 -0.10264395271436037 -0.09222522431695464 -0.07294558690985214 -0.04774049760740735 -0.020868786983180985 -0.0025855530096649034 0.0017139264387544882 0.014425071802201582 0.033836304054120546 0.05166566504601969 0.06462099887521837 0.04708380786845677 0.07017832409342008 0.06699960863425924 0.054977860784492134 0.03511094509697138 0.009342725904444916 -0.00769673374512911 -0.02889902401005423 -0.048034333204366716 -0.06278139968918371 -0.07125852020942919 -0.10264395271436037 -0.09222522431695464 -0.06585700094319968 -0.052652343195848376 -0.03516936650943152 -0.01589274633005509 -0.002062601811417798 0.001140385029059888 0.009994319179600347 0.023591903663219463 0.036882281958095564 0.04708380786845677 0.05236871093623003 0.05236871093623003 0.051523221847098066 0.04423174213492183 0.03099028285666807 0.013053462191922011 -0.00769673374512911 -0.02889902401005423 -0.048034333204366716 -0.06278139968918371 -0.07125852020942919 -0.0723572496674636 -0.06585700094319968 -0.06585700094319968 -0.052652343195848376 -0.03516936650943152 -0.01589274633005509 -0.002062601811417798 0.00038209248488161804 0.002969834209768394 0.006376553784627148 0.010840721536834342 0.014802753869180835 0.01759311326955844 0.01759311326955844 0.018477051330512802 0.0170494872544802 0.013258688487855056 0.007376225568871926 1.0692570825021334e-5 -0.007973964845442287 -0.015544055344223966 -0.021695649101830233 -0.025584844311903235 -0.026644865108022938 -0.024777356418309058 -0.024777356418309058 -0.02026993491784798 -0.014177703786612228 -0.007617007403495358 -0.0012211395576604272 -0.0003003562829438069 -0.0034931289106748587 -0.009969684876848317 -0.014690967118190526 -0.017815894027253865 -0.018922386648247937 -0.018922386648247937 -0.018084900496336105 -0.015598653108866682 -0.011831864906269925 -0.007256270217885976 -0.0023653314927809164 0.0023536347002204453 0.006466165267610085 0.009630119011207694 0.011576896510343363 0.012131417137876683 0.011184318795683653 0.011184318795683653 0.008807744170712043 0.005141937846155452 0.0004358316872957288 -0.0002824881940561375 -0.0005669370758467922 -0.006529001784158104 -0.01780897179586773 -0.027819262276527562 -0.03563595070643054 -0.040309111403137025 -0.040309111403137025 -0.041350114010882025 -0.03874651835620583 -0.03279767225599794 -0.02412864523072042 -0.013640158189391502 -0.002441008352030128 0.008268428287852953 0.017336648135002332 0.023769892133948776 0.02684059458259156 0.026110044334307924 0.026110044334307924 0.021702772639080763 0.0143855465528845 0.004640482686734688 0.0002810509103396991 -0.0003937705018579702 -0.004992784824676863 -0.013969461456065793 -0.0230752832318794 -0.03110195451413522 -0.037285977003624314 -0.037285977003624314 -0.04091710281636565 -0.04161154666258149 -0.039250043042230405 -0.034017931905727286 -0.02641019437685313 -0.01722390951926647 -0.007479721185787002 0.0017192633690129475 0.009293800968258476 0.014365091995043627 0.016288843401490994 0.016288843401490994 0.014864192372029962 0.010729148800853731 0.003944561957295318 0.0003760776501590066 3.6701258894279746e-5 -0.0004247441068648971 -0.0016557802782724762 -0.004669904079275506 -0.008693961406445627 -0.01365602296257803 -0.01365602296257803 -0.018987944494474232 -0.02406831865602751 -0.028271850743675546 -0.031046252883114054 -0.03201908705585699 -0.031046252875173562 -0.02827185072868475 -0.024068318636597315 -0.018987944471914788 -0.013656022940842779 -0.013656022940842779 -0.008693961386971191 -0.004669904067308569 -0.001655780267683282 -0.00042474410085523227 3.6701259805789526e-5 0.00037607764936940227 0.003944561951258982 0.010729148788328974 0.014864192351877614 0.01628884337794337 0.01628884337794337 0.014365091967182565 0.009293800941694465 0.0017192633465241264 -0.007479721200308893 -0.017223909525724456 -0.026410194375470222 -0.034017931897683415 -0.039250043028096565 -0.04161154664170644 -0.0409171027962545 -0.037285976982012574 -0.037285976982012574 -0.031101954494610597 -0.02307528322250668 -0.013969461448898764 -0.004992784819954779 -0.0003937705007177035 0.0002810509093353414 0.004640482678803456 0.014385546535797818 0.021702772615761708 0.02611004430176317 0.02611004430176317 0.026840594547916707 0.023769892100214955 0.017336648105755022 0.008268428266791241 -0.002441008361427726 -0.013640158193235854 -0.024128645222581735 -0.03279767223927894 -0.03874651833428093 -0.041350113986502686 -0.040309111376414894 -0.040309111376414894 -0.03563595068425997 -0.027819262259087266 -0.017808971786710277 -0.006529001778536055 -0.0005669370749334989 -0.0002824881952283346 0.00043583167778953594 0.0051419378256843395 0.008807744140662509 0.011184318760591824 0.011184318760591824 0.012131417097942812 0.011576896473865776 0.009630118977492195 0.00646616524191815 0.0023536346836675903 -0.002365331496920719 -0.0072562702132234905 -0.011831864890927992 -0.015598653084133766 -0.01808490046749876 -0.0189223866193848 -0.0189223866193848 -0.017815894002406425 -0.014690967098648873 -0.009969684862057885 -0.003493128904033477 -0.000300356281737066 -0.0012211395586697637 -0.00761700741096934 -0.014177703803324821 -0.020269934944288328 -0.024777356452952926 -0.024777356452952926 -0.02664486514473346 -0.025584844350461784 -0.021695649133075912 -0.015544055368910367 -0.00797396486181126 1.069256498425471e-5 0.007376225576702708 0.01325868850545915 0.017049487279097393 0.018477051360594677 0.01759311330066309 0.01759311330066309 0.014802753897230334 0.010840721558470335 0.006376553799573402 0.002969834218178818 0.0003820924857831776 -0.002062601812155939 -0.015892746335261904 -0.03516936652092756 -0.0526523432145964 -0.06585700096930736 -0.07235724969675991 -0.07235724969675991 -0.07125852023814373 -0.06278139971541288 -0.04803433322231917 -0.028899024018994024 -0.007696733745390992 0.013053462202859 0.03099028287710255 0.0442317421612934 0.05152322187701445 0.052368710966817854 0.052368710966817854 0.04708380789653144 0.03688228198049524 0.023591903678678305 0.009994319188892414 0.00114038503039526 -0.002062601812155939 -0.015892746335261904 -0.03516936652092756 -0.07294558692025387 -0.09222522433186435 -0.10264395273339022 -0.07235724969675991 -0.07125852023814373 -0.06278139971541288 -0.04803433322231917 -0.028899024018994024 -0.007696733745390992 0.00934272591954834 0.03511094511825241 0.054977860809832316 0.06699960866122913 0.07017832412046861 0.04708380789653144 0.06462099889928956 0.05166566506612212 0.03383630406763261 0.01442507180940596 0.0017139264397574632 -0.0025855530102651962 -0.020868786986849748 -0.047740497614884796 -0.07294558692025387 -0.09222522433186435 -0.09222522433186435 -0.10264395273339022 -0.10274952494057966 -0.09267929949640756 -0.07379452894616899 -0.04841568301720552 -0.019584754967790913 0.00934272591954834 0.03511094511825241 0.054977860809832316 0.06699960866122913 0.07017832412046861 0.07017832412046861 0.06462099889928956 0.05166566506612212 0.03383630406763261 0.01442507180940596 0.0017139264397574632 -0.002414962675185818 -0.020166514322525423 -0.04639153701006125 -0.07153492627294686 -0.09130080629893778 -0.09130080629893778 -0.10258236436057376 -0.10402786710335288 -0.09554704722550222 -0.07833952588146761 -0.05451201145073867 -0.026864851470527237 0.0013887483091148602 0.027088831454965143 0.04750065828836624 0.06057149430624883 0.06517957327897421 0.06517957327897421 0.061191268717540166 0.049700785932672686 0.03317011370784363 0.01457062000919114 0.0018127912506552316 -0.0019477383694371673 -0.014595144799087578 -0.032457199234872905 -0.050624943977420685 -0.06489506601372161 -0.06489506601372161 -0.07362489149768549 -0.07546749728115086 -0.07047834103143155 -0.05924637846214149 -0.04322446752587289 -0.024235799223704477 -0.004484221335581284 0.013830357915430986 0.028753370953428815 0.03879579054202599 0.04303564985939312 0.04303564985939312 0.041325766281382646 0.03421135224644524 0.023424514516447822 0.011013637281231607 0.0014970505657789504 -0.001266863184839795 -0.008318608477129983 -0.01501906564406726 -0.022600422031463237 -0.028762525943988725 -0.028762525943988725 -0.03260893943985926 -0.03384879004047772 -0.03211803600148697 -0.027843575642447934 -0.021365951976910203 -0.013573838823820633 -0.005219262387797116 0.002666708384355095 0.009335029603074568 0.01406107029459316 0.016478440627862755 0.016478440627862755 0.01643418004691856 0.014173155302305621 0.010289501031113915 0.005977587578985138 0.0010884830052115349 -0.000394891614621633 -0.0012492221484427602 -0.001995242365009243 -0.0027070584683554447 -0.0034507126754056905 -0.0034507126754056905 -0.0038609430356039962 -0.00405626887047517 -0.0038756580525122933 -0.0034394678099942716 -0.0027244399109784823 -0.0018634374769990456 -0.0009209682227007611 -6.320536344900764e-6 0.0007687572779220908 0.0013656140550729686 0.00167973154304049 0.00167973154304049 0.0017655921671753793 0.0015803598090492923 0.0012248380869704753 0.0009524642633038555 0.0003695507883114096
</DataArray>
        <DataArray type="Float64" Name="Mode_7_phi1" NumberOfComponents="1" format="ascii">
 4.803335177986011e-6 7.1266873552108204e-6 -4.803335178791958e-6 -7.126687352455784e-6 2.6943788930792676e-5 -1.4810988131880299e-5 9.630937038303081e-6 -3.1575375902934847e-6 4.372725330167715e-6 -4.808905786495152e-6 -1.9636967631752538e-7 -4.865928945403583e-6 1.9024723978204778e-8 -1.0284774344628913e-6 3.9263025922265975e-6 1.1300621052532693e-6 5.692007333290107e-6 -3.562534666487429e-6 4.1920945122910435e-6 -1.1133211813148406e-5 6.6349937526675765e-6 -1.508052192022152e-5 1.707264842779402e-5 -1.9610769725256153e-5 3.3065615152021026e-5 -4.754069795471688e-5 6.4262538219125e-5 2.0233457210427857e-5 -1.845348718083569e-5 9.697661002118503e-6 -4.441427588689378e-6 8.675618644099941e-6 2.8930187285093783e-6 8.293237969571584e-6 5.2067905761368115e-6 6.401038052725222e-6 4.149800705813069e-6 2.846715547222256e-6 1.2934445946820823e-6 -1.5458054177793698e-6 -1.6249131602794603e-6 -5.690990664351175e-6 -2.746876512304915e-6 -8.767653497348176e-6 -4.560660204658279e-7 -1.1035536189447712e-5 7.349615829114557e-6 -1.4742507341073497e-5 1.8803024815769613e-5 -1.4690518998827938e-5 -2.6943788933118778e-5 1.4810988138081317e-5 -9.6309370482436e-6 3.15753759312635e-6 -4.372725316531921e-6 4.808905750429285e-6 1.9636972826584677e-7 4.865928893559888e-6 -1.902468285707739e-8 1.0284774086508986e-6 -3.926302581127178e-6 -1.1300621071927998e-6 -5.69200733345604e-6 3.562534673028835e-6 -4.192094531983984e-6 1.113321183136975e-5 -6.63499375220863e-6 1.5080521899455262e-5 -1.707264839092887e-5 1.9610769683656708e-5 -3.30656151150829e-5 4.754069793091026e-5 -6.426253821279863e-5 -2.0233457205840012e-5 1.845348716739753e-5 -9.697660985610332e-6 4.441427556887732e-6 -8.675618628021223e-6 -2.893018716889493e-6 -8.29323799532047e-6 -5.206790538199768e-6 -6.401038107590521e-6 -4.149800636838115e-6 -2.8467156166672905e-6 -1.2934445495900702e-6 1.545805379295406e-6 1.6249131902179967e-6 5.6909906428590955e-6 2.746876515286706e-6 8.767653511625285e-6 4.560659898027857e-7 1.103553623190499e-5 -7.349615879475087e-6 1.4742507387260823e-5 -1.880302484013936e-5 1.4690519007470632e-5 0.022234467593221795 0.040137701779578996 0.07529878105721514 0.09851744020815933 0.12055748979776253 0.12617482797937166 0.1196605247778371 0.09510223911547111 0.05717025975069601 0.006170000517772306 -0.05204106887534166 -0.11338587373540635 -0.1716985849663089 -0.22174658809723014 -0.25895649396393927 -0.2791040877414807 -0.2813550666135167 -0.2637625920676941 -0.23126640359019135 -0.18372468334153524 -0.13405074752684157 -0.07951875322487961 -0.041580153342888046 0.0164052952097227 0.10203817762734835 0.20577369560781852 0.31335464133931573 0.3893826250914861 0.4273560580686679 0.41363396700651933 0.34987713721410507 0.23749615411327887 0.08686083546982128 -0.09009950231218403 -0.27677585937959115 -0.45598637108900947 -0.6108854533408464 -0.7254883957433632 -0.7897425227260159 -0.7941757366313436 -0.7410348257817859 -0.6325352116334104 -0.47950944333736406 -0.3128411709039793 -0.14120707929198748 -0.018187780774803947 0.01636757284146225 0.09334687835649275 0.24104581150488313 0.39378943098937524 0.5115364831807685 0.5795357808375918 0.5864434599166203 0.5276075509004025 0.40736771226898105 0.23450945764803557 0.024669691246846336 -0.20321508460335533 -0.42772972570251777 -0.6263728515195741 -0.7805012713990626 -0.8717083164582317 -0.8930853667332108 -0.8361654735680106 -0.7112059222697912 -0.529972937753473 -0.3095215616808572 -0.11707025927989827 -0.024848415246205697 0.008547561943814423 0.06788723709052624 0.1639641733172801 0.27064539795867126 0.358372084276253 0.41786822420043224 0.43870224089898785 0.41669609293863635 0.3518961901140682 0.24896782810346205 0.11671310078809001 -0.03286205334280764 -0.18555166898578243 -0.3263643947398408 -0.44055865262198485 -0.5171590027296116 -0.5460436084397063 -0.5270543240539148 -0.4576203421892864 -0.3543596356047726 -0.22158947066901888 -0.09158996294624216 -0.008753928444140878 -0.0011563372769182257 -0.00170529734592332 0.0031766724165173247 0.015060339478822836 0.033881452161877164 0.05706703010269875 0.08388231991588234 0.11048599785994978 0.13381241480126774 0.15131516653886495 0.16090347031287155 0.16180847671100498 0.15419157434860606 0.13916757240579541 0.11893463307668109 0.09607701324749973 0.07249538054466217 0.05141724992116304 0.032734757929754645 0.018248028295110224 0.011403939077047145 0.006657436120337023 -0.0005800099113772582 -0.014350413450818111 -0.07859019144791113 -0.18286267218589003 -0.28574633124892546 -0.3562608078965502 -0.3877982564179276 -0.372120116128374 -0.3098288020034912 -0.20580628013812538 -0.06923918653222999 0.0876550560779658 0.25043190147124944 0.40420758106981786 0.5347729666265242 0.62967009361734 0.679898836124756 0.6801556162071064 0.6292766782746281 0.5330532581796487 0.39918966305014586 0.24404513737697756 0.10409112939155543 0.01921830048051674 -0.021131978266746485 -0.13055263264071815 -0.31001271255430546 -0.49573406339330783 -0.637218605489768 -0.7201251603322492 -0.7298455803727365 -0.6633096468584626 -0.5247869427687415 -0.325657126031878 -0.08355008517273999 0.17963517265600976 0.4394358239162481 0.6713715915308992 0.8531256409150696 0.9665400253856107 1.0 0.949426887383238 0.8188759301376121 0.6253727812256613 0.3871039635733257 0.16121608916928168 0.0248503416625966 -0.02210279489900479 -0.13369097332427418 -0.3193509760496613 -0.5180702609804507 -0.6793458264398463 -0.7866957171199451 -0.824416237834823 -0.7863782574001142 -0.6739708654165721 -0.495820132362073 -0.26717093844176837 -0.008631567945726434 0.2558147038395782 0.5008991561881082 0.7026863678599705 0.8409650870738734 0.9014335475695501 0.8774973737075492 0.7712611138510628 0.5982552749283999 0.37391132508227604 0.15938272732555575 0.027818447097369185 -0.014099668996733847 -0.08571468651836892 -0.20352104070120844 -0.3343540604106265 -0.452580375779029 -0.543179685551285 -0.5959927861459634 -0.6034679207967136 -0.5631635780596351 -0.47721402039682126 -0.3523230592184913 -0.19944828869304912 -0.03287007599536663 0.13118427682009376 0.2762121484813801 0.38726059972437565 0.45274167840872936 0.46600636408032287 0.42540611399366324 0.3404057747520237 0.21918938651112851 0.09467147288111438 0.0165966104247371 -0.002830860436917568 -0.007028380604038288 -0.011885170432153902 -0.025760024740065723 -0.05529100439720515 -0.09342927920380734 -0.13843104407956966 -0.18427983832573233 -0.22542257172034047 -0.25686865808641185 -0.27483776757195433 -0.2772242013775699 -0.26395511539988326 -0.23697364013315808 -0.19987729885933853 -0.1572920624300878 -0.11407977031754617 -0.07453636936180551 -0.04230143734876906 -0.01742028716182073 -0.001541728102394676 0.005191098925665431 0.004749196883754732 0.008107517195117285 0.06507902818526456 0.1657270048432276 0.2676965829713458 0.3320356019477723 0.35905190272080556 0.34216193301997894 0.2842177251633559 0.19119476548893902 0.07234831722499853 -0.060849741688863083 -0.19599860326511703 -0.3208154905358504 -0.42427782663852265 -0.49751517305301907 -0.5344597039745222 -0.5321261953333503 -0.4906624905131187 -0.4137610891526301 -0.3092017722656456 -0.18302820056261485 -0.07082100251213991 -0.008035013829067749 0.011797721954736645 0.09734763550542161 0.24617060596268672 0.4034803459884882 0.522463519708237 0.5961125849353895 0.6143207085515257 0.5760365328492252 0.4851821065054568 0.35016257889982255 0.18337727536454948 2.7482918402778916e-11 -0.18337727532280793 -0.3501625788989853 -0.4851821065337535 -0.5760365328795696 -0.6143207086562029 -0.5961125849771075 -0.5224635198163277 -0.40348034609376443 -0.24617060601406013 -0.09734763552175595 -0.011797721952267966 0.008035013830219147 0.07082100250862235 0.183028200515652 0.30920177213178274 0.4137610890554707 0.4906624903368164 0.5321261952153966 0.5344597038476738 0.49751517297879944 0.424277826598267 0.32081549053754393 0.1959986032418833 0.06084974164988757 -0.07234831720739428 -0.19119476544878028 -0.2842177251765908 -0.34216193297763525 -0.359051902666755 -0.33203560192825887 -0.26769658293467197 -0.165727004873854 -0.06507902818901405 -0.008107517193383925 -0.00474919688607102 -0.005191098976172617 0.0015417280170921456 0.01742028708209679 0.04230143717134014 0.0745363692255495 0.1140797701524428 0.15729206229979356 0.1998772986975534 0.23697364000755886 0.26395511526271337 0.27722420128358777 0.2748377675740471 0.25686865810195575 0.22542257174372282 0.18427983842351237 0.13843104420593005 0.09342927927151115 0.05529100453517989 0.025760024845915955 0.011885170517127317 0.007028380625773176 0.0028308604333946628 -0.016596610431040618 -0.09467147290451111 -0.21918938656055192 -0.3404057748577845 -0.42540611404136885 -0.46600636415587826 -0.4527416784452583 -0.3872605998040368 -0.27621214853682147 -0.1311842769299569 0.03287007591414061 0.1994482886587922 0.35232305915519524 0.47721402037111416 0.5631635781084501 0.6034679208679596 0.5959927861951235 0.5431796856001498 0.4525803758151909 0.33435406049101707 0.20352104076903696 0.08571468654026401 0.014099669005393155 -0.02781844708645632 -0.15938272728349237 -0.37391132499088303 -0.5982552748180382 -0.7712611137942732 -0.8774973736352896 -0.9014335475533428 -0.8409650870404917 -0.7026863678063647 -0.5008991561412842 -0.2558147038286336 0.008631567951608892 0.2671709385134235 0.495820132432315 0.6739708654302596 0.7863782574104252 0.8244162378753117 0.7866957171828731 0.6793458265023505 0.5180702610023241 0.3193509760574098 0.13369097335100297 0.02210279488890276 -0.024850341655430413 -0.16121608912316826 -0.3871039634799922 -0.625372781080218 -0.8188759299546896 -0.9494268871972953 -0.9999999997978042 -0.966540025201898 -0.853125640783688 -0.6713715913731207 -0.43943582374740253 -0.17963517252372369 0.08355008525479729 0.3256571260896558 0.5247869428202352 0.6633096468743872 0.7298455803603657 0.7201251603217245 0.6372186054895048 0.4957340634051721 0.31001271257723534 0.13055263265251824 0.021131978278055654 -0.01921830047697181 -0.10409112936522595 -0.24404513730882502 -0.3991896628996031 -0.5330532579533226 -0.6292766780516619 -0.6801556159641031 -0.6798988358699706 -0.6296700933572766 -0.534772966417374 -0.40420758089781955 -0.2504319013133707 -0.08765505597623116 0.06923918657229874 0.20580628011822866 0.3098288019537948 0.37212011605421064 0.38779825633839954 0.3562608078281034 0.28574633120061904 0.182862672137114 0.07859019140432563 0.014350413439445132 0.0005800099272477044 -0.006657436078468855 -0.011403938963300213 -0.01824802813960268 -0.03273475777504693 -0.05141724969512585 -0.07249538029092584 -0.09607701301007167 -0.11893463286133996 -0.13916757222575046 -0.15419157420135413 -0.1618084766226443 -0.16090347028530458 -0.15131516656987298 -0.13381241487229942 -0.11048599797031869 -0.08388232004863747 -0.05706703024760686 -0.03388145230713061 -0.015060339600084231 -0.0031766724878166345 0.0017052973110896277 0.0011563372706616126 0.008753928441042112 0.09158996297101349 0.22158947073177765 0.3543596356846671 0.45762034232776133 0.5270543242052763 0.546043608581328 0.5171590028727414 0.44055865275088457 0.3263643948392344 0.1855516690345529 0.03286205332189617 -0.11671310085625715 -0.2489678282112046 -0.3518961902672753 -0.4166960931071821 -0.4387022410726374 -0.4178682243688589 -0.3583720844240602 -0.2706453980850645 -0.163964173411504 -0.06788723713042487 -0.008547561951005372 0.02484841525683704 0.11707025931028661 0.3095215617067003 0.5299729377988205 0.711205922329274 0.8361654736387033 0.8930853668161691 0.8717083165333093 0.7805012714391384 0.6263728515239942 0.42772972565668943 0.2032150845195201 -0.02466969137764976 -0.2345094578179724 -0.40736771244518427 -0.527607551078336 -0.5864434600967594 -0.5795357809907553 -0.5115364833141647 -0.39378943108822895 -0.24104581157392993 -0.09334687841228606 -0.016367572855138485 0.0181877807696421 0.1412070792855808 0.3128411708829522 0.4795094433198346 0.6325352116161905 0.741034825780592 0.7941757366208572 0.7897425227002902 0.7254883957038862 0.6108854532648471 0.45598637100780076 0.27677585926297277 0.09009950218643852 -0.086860835606679 -0.23749615425305862 -0.3498771373532832 -0.4136339671340586 -0.4273560581830817 -0.38938262518071975 -0.31335464139629104 -0.20577369565926198 -0.10203817763332776 -0.016405295215845456 0.04158015334019627 0.07951875321761634 0.134050747524414 0.1837246833171076 0.23126640357873252 0.2637625920539079 0.2813550665835171 0.27910408771512923 0.2589564939183417 0.22174658807187886 0.17169858490676543 0.11338587369899317 0.052041068824047514 -0.006170000559965583 -0.05717025980498927 -0.09510223916195484 -0.11966052481758066 -0.12617482802201624 -0.12055748981930979 -0.09851744023867284 -0.07529878105582705 -0.040137701786401324 -0.022234467595305386
</DataArray>
        <DataArray type="Float64" Name="Mode_7_phi2" NumberOfComponents="1" format="ascii">
 4.783039960216448e-6 -7.101824874515939e-6 -4.783039956159275e-6 7.10182486589841e-6 1.2858754178479283e-5 -1.8246513404466565e-5 1.4413556499684407e-5 -2.548812518390291e-6 1.4407027588474538e-5 3.850098844367282e-6 6.473692705508188e-6 -4.280569980118203e-6 -5.8894102730936024e-6 -9.761201718715884e-6 -5.62428484924097e-6 -6.251674773547674e-7 5.741961364836191e-6 9.86744704851004e-6 8.125369745643709e-6 5.3983360432543615e-6 -4.869949113618015e-6 -5.9871983425054925e-6 -1.5789906332414566e-5 -2.1499749024016096e-6 -1.3669354641444486e-5 1.743968258826359e-5 -2.0820273004141626e-5 -6.264022755227674e-5 4.722655837291415e-5 -3.106930286772197e-5 2.0237780422027484e-5 -1.712628683307975e-5 1.1945287425558504e-5 -9.805707485507655e-6 7.481071561166907e-6 -4.998429258352254e-6 4.711652171230477e-6 -1.9354195164946166e-6 2.9084802720148703e-6 -5.633206883228936e-7 2.1156179220279975e-6 -8.550019849971728e-7 2.145506304280564e-6 -2.2136358734088237e-6 2.5319134554187698e-6 -4.052390360735617e-6 3.3879009160872894e-6 -7.864419825798923e-6 1.6128824692633413e-5 -2.853499009083833e-5 -1.2858754171686745e-5 1.824651339857833e-5 -1.4413556491983792e-5 2.5488125034003156e-6 -1.4407027572255512e-5 -3.850098862569865e-6 -6.473692691707683e-6 4.2805699519817765e-6 5.889410304611202e-6 9.761201692743187e-6 5.624284873016208e-6 6.251674551181452e-7 -5.7419613346799235e-6 -9.867447076931449e-6 -8.125369718627576e-6 -5.3983360785773676e-6 4.869949143200659e-6 5.987198311855e-6 1.5789906371602613e-5 2.1499748595152155e-6 1.3669354684759005e-5 -1.7439682617976125e-5 2.0820273016797254e-5 6.264022753605091e-5 -4.7226558342951956e-5 3.1069302837165084e-5 -2.023778039629935e-5 1.71262868076314e-5 -1.1945287400276527e-5 9.805707464785353e-6 -7.481071540868226e-6 4.998429231250012e-6 -4.7116521347920964e-6 1.9354194790130284e-6 -2.908480243246503e-6 5.633206712460592e-7 -2.1156179132700428e-6 8.550019779402508e-7 -2.1455062914194356e-6 2.2136358476555937e-6 -2.5319134149021126e-6 4.052390313659911e-6 -3.387900866494175e-6 7.864419775648127e-6 -1.6128824659535658e-5 2.85349900802827e-5 0.022093680969859957 0.014064352708321603 0.014282786103982053 0.01072962331095074 0.006879763322100701 -0.0010874843402575312 -0.007994623286269995 -0.016306204311556962 -0.022425114446944772 -0.02769762205755265 -0.02986523539406309 -0.030223420267584584 -0.026630128471262775 -0.02225948299325955 -0.013169695130792951 -0.006315343581513754 0.0058475602132631605 0.011058057383980201 0.022873452018783675 0.02147987219426234 0.030148197698520098 0.019861141911815015 0.04116884153818607 0.04269217086504955 0.09738936277826499 0.08011227595962164 0.07672497807680556 0.04505418676404311 0.006937145600676645 -0.03596350940563323 -0.07768585900591922 -0.11436139659292771 -0.14121204685853334 -0.15656284049993027 -0.15704201168184145 -0.14311169651370614 -0.11576299162016072 -0.07564178066035851 -0.02976971835245386 0.022280891371702752 0.06887582107420867 0.10960157438852958 0.14307558248478006 0.13088858095142963 0.14229499957151057 0.07671897315912105 0.08067746943814504 0.2063581588092096 0.2246819289847844 0.19025446477674993 0.12480243403561717 0.032824815659264164 -0.06788646782692656 -0.1672391182681796 -0.2554579137748971 -0.3215322276765863 -0.36061000242475705 -0.36538226484476954 -0.3368374758972574 -0.27436782847280844 -0.1854840246628513 -0.0756900662740719 0.041446091097551783 0.1575265815619575 0.2529754246920032 0.3293069582938626 0.33071449320248386 0.3086225310185222 0.1241993317818083 0.10420914110880194 0.3113714755700304 0.36587028036972985 0.30833052009046225 0.21246111310606575 0.07354770881925202 -0.08051638523337123 -0.23502967496236993 -0.37279448135457366 -0.4801381288753654 -0.5445347820037986 -0.5592993853769761 -0.520340429480351 -0.43087228822499035 -0.29734276678663063 -0.13253003956852524 0.04800056424974577 0.2261864305009411 0.3788050058729602 0.48874302219632976 0.5236796783812304 0.4413123262641953 0.15507723257192801 0.1161495877870474 0.35182448388160736 0.42664115834411787 0.3659507581044394 0.26095708784487354 0.10772849905392311 -0.0669822185426991 -0.24402455656514246 -0.4053635813975528 -0.5332885526759691 -0.6141566079204561 -0.6381810364931811 -0.6012146743171075 -0.5049363803568748 -0.35716836657508394 -0.17149165964101573 0.034264522338958096 0.23794393083810195 0.4173830465864275 0.5391521844291753 0.5977405702680687 0.4977760337259084 0.16549016843658085 0.10102413091351987 0.30590744506032963 0.37108997134053884 0.33082176567973975 0.24359820363550327 0.11638461081829618 -0.03353804510137888 -0.18913589645933096 -0.33365797762565697 -0.4517705161872955 -0.5299599707597448 -0.5589361351126079 -0.5340135221550196 -0.4557803064301705 -0.330658463002301 -0.16987287595764056 0.010075447287747131 0.19050989364014478 0.350306361240352 0.4588577684879984 0.5161280992688922 0.4334897461989359 0.14251790900401703 0.06717954593740127 0.17854895658136505 0.2099524839868824 0.2047816675980087 0.1571636435818124 0.08831794314613102 0.00041795596944705065 -0.09443298514479244 -0.18618316799152762 -0.2641038624595974 -0.3191953379322746 -0.34418247950117936 -0.33522911372240527 -0.29188861154824175 -0.21750293782639163 -0.11909673659624688 -0.006798634599846686 0.10608845148304005 0.20813859098608012 0.2736926140370187 0.3093877313048828 0.2712468104951817 0.09710548359760003 0.02177546363215464 0.017336615105542692 0.0010957398904106067 0.030843919393900535 0.028553175743189114 0.027103063932058982 0.014748898750732403 -0.0037291132089101063 -0.025530385365351807 -0.047279936381438535 -0.06529366947787024 -0.07662029036683693 -0.07898930704665047 -0.07157611911555868 -0.054817540664203926 -0.0305964436675848 -0.0019252924965070836 0.026255418147646724 0.05058281693587992 0.06467807924163642 0.056736513875260415 0.07793736760644461 0.04254790465685185 -0.016124515898408395 -0.11678836958512849 -0.17158676779266968 -0.1249788937346793 -0.09459279983754099 -0.04732734382259934 -0.0007879927946965675 0.04301922368400802 0.081154542822319 0.11089919856817441 0.13055976977338227 0.1390489983306509 0.13600574927185527 0.12187978295862903 0.09776348224154144 0.06542916150401144 0.027331369017424372 -0.014196246868715685 -0.056277293019443356 -0.08760410159487025 -0.13483114397012444 -0.07479484695176633 -0.00024072424630829353 -0.03537891878131907 -0.17061536826084372 -0.23955524776850068 -0.20231367285138474 -0.16473640187346122 -0.10625997240572817 -0.0399318549391585 0.028819171393242433 0.0947455195510538 0.15231618745362918 0.19662533305142813 0.22377831823209393 0.2310856645364321 0.21753999802643464 0.18392585906737674 0.13280484591563757 0.06878148333732373 -0.002640375964273479 -0.07602144050437613 -0.128307900782091 -0.1990511663165214 -0.1312864839199947 -0.019556732610722785 -0.03034248729644327 -0.12977881553557521 -0.1800642515168175 -0.175367142297337 -0.1569193417228118 -0.12598785692609582 -0.08299655801249992 -0.03263873077706661 0.021626711666750575 0.07509546130707494 0.12287783526143686 0.1602329285896077 0.18321079130781903 0.18900141406387283 0.17650500679321382 0.1463533683600222 0.10149481397596907 0.046568255374330375 -0.01522820742372009 -0.05967792315796867 -0.12516444178051186 -0.08588883781328055 -0.01302277493419512 -0.009198091217144598 -0.023365973607854144 -0.03092765999408154 -0.06687567332623924 -0.08206132727335136 -0.1005240429655873 -0.10766496567842425 -0.10467192122300545 -0.09064293928562629 -0.06670304788729473 -0.03533705119929271 8.922804368988669e-11 0.03533705136135526 0.06670304803073719 0.09064293939955 0.1046719212659947 0.10766496566374216 0.10052404292490855 0.08206132710681038 0.06687567325388633 0.030927659917221653 0.02336597349586689 0.009198091156319867 0.013022774881956125 0.08588883767064524 0.12516444164964008 0.059677923017621565 0.01522820731917402 -0.046568255461156526 -0.10149481396871976 -0.146353368278584 -0.17650500665506857 -0.1890014138804981 -0.1832107911198406 -0.16023292843522288 -0.12287783509449246 -0.07509546117519357 -0.021626711544178893 0.03263873075605767 0.0829965580434594 0.12598785688749659 0.15691934149597242 0.17536714224787492 0.18006425144537042 0.12977881544933167 0.03034248724231657 0.01955673254147248 0.13128648375364244 0.1990511661121002 0.1283079006460934 0.07602144033736595 0.002640375897262726 -0.06878148330904975 -0.13280484583862506 -0.18392585890556187 -0.21753999779653022 -0.23108566435518998 -0.2237783180679132 -0.1966253328265551 -0.15231618728335833 -0.09474551945236354 -0.028819171363713057 0.039931855000432004 0.10625997230261779 0.16473640173857348 0.2023136727166373 0.23955524767541203 0.17061536816904999 0.03537891871694481 0.00024072417942718524 0.07479484673193819 0.13483114376053754 0.08760410139837507 0.05627729288275511 0.01419624678235414 -0.027331368969983828 -0.06542916142908901 -0.09776348209645425 -0.12187978272592953 -0.13600574908983099 -0.1390489980657533 -0.1305597695672667 -0.11089919835876069 -0.08115454266229073 -0.04301922360964263 0.0007879928037747165 0.047327343724589306 0.09459279973710995 0.12497889358872785 0.17158676766901396 0.11678836943453237 0.016124515838127195 -0.042547904734174566 -0.07793736779246498 -0.056736514101931146 -0.06467807943825217 -0.050582817088354284 -0.026255418216665122 0.0019252925048716485 0.030596443746062744 0.054817540842605414 0.07157611927007121 0.07898930729754854 0.07662029059367444 0.06529366974549475 0.047279936595026564 0.025530385517831104 0.003729113305146274 -0.014748898746672607 -0.027103064003256825 -0.028553175877444003 -0.0308439195085218 -0.0010957400600752145 -0.017336615257925982 -0.021775463715473932 -0.09710548365219449 -0.2712468106382666 -0.3093877314727041 -0.2736926142182441 -0.2081385911558674 -0.10608845153039967 0.006798634561054932 0.11909673671183527 0.2175029379497851 0.2918886117456191 0.3352291139111102 0.3441824797565245 0.31919533818905454 0.2641038626427896 0.18618316812201902 0.09443298523131839 -0.0004179559600467798 -0.08831794320636344 -0.1571636437090502 -0.20478166775734338 -0.20995248411168885 -0.17854895676611585 -0.06717954601817243 -0.1425179090514934 -0.4334897462980867 -0.5161280993885505 -0.4588577685964921 -0.35030636135985704 -0.19050989373029997 -0.010075447252940762 0.16987287599540768 0.33065846315136355 0.45578030660375907 0.534013522328483 0.5589361353225907 0.5299599709604071 0.4517705163393826 0.3336579777218271 0.18913589650659332 0.03353804510519976 -0.11638461088180357 -0.24359820373823385 -0.33082176582533734 -0.3710899714731461 -0.30590744523541313 -0.10102413098975811 -0.165490168458746 -0.49777603380246316 -0.5977405702933657 -0.5391521845010581 -0.41738304667839987 -0.23794393088406748 -0.03426452230511468 0.1714916596898276 0.3571683666800948 0.5049363804794853 0.6012146744748249 0.638181036647953 0.6141566080535266 0.5332885527705776 0.40536358146005014 0.24402455657207733 0.06698221853998314 -0.10772849912948983 -0.2609570879243854 -0.36595075822899475 -0.4266411584568666 -0.35182448401776584 -0.11614958784075237 -0.15507723259838563 -0.4413123262729831 -0.523679678369482 -0.48874302225076605 -0.3788050059157546 -0.2261864305061775 -0.048000564244647145 0.13253003962736598 0.29734276685465516 0.4308722883258088 0.5203404295729801 0.5592993854737277 0.5445347820867197 0.4801381289275012 0.3727944813704396 0.23502967496129912 0.08051638521045004 -0.07354770888246867 -0.2124611131805714 -0.3083305201728709 -0.3658702804451885 -0.3113714756650393 -0.10420914114893189 -0.12419933178223601 -0.3086225310133198 -0.3307144931743515 -0.3293069583136341 -0.25297542470949846 -0.15752658157593347 -0.041446091064107335 0.07569006629643221 0.1854840247157574 0.27436782852416103 0.33683747593837327 0.3653822648880743 0.3606100024698994 0.32153222768128614 0.2554579137916355 0.16723911825321963 0.06788646780642374 -0.032824815693336604 -0.12480243409343048 -0.19025446482656416 -0.22468192902267684 -0.20635815886302525 -0.08067746945288647 -0.0767189731716592 -0.14229499955062347 -0.130888580935028 -0.14307558249393618 -0.10960157438594412 -0.06887582108629904 -0.02228089134721436 0.029769718359923772 0.07564178067261354 0.11576299165051734 0.14311169651931677 0.15704201168745988 0.15656284051494207 0.14121204685513314 0.11436139659722176 0.07768585899798404 0.035963509397579876 -0.006937145616950041 -0.04505418679419729 -0.0767249780939101 -0.08011227599180254 -0.09738936278675628 -0.04269217087161113 -0.041168841541471705 -0.019861141901178703 -0.030148197702844475 -0.021479872189333855 -0.02287345201962669 -0.011058057373592608 -0.005847560211076694 0.00631534358762231 0.013169695130803863 0.022259483004635865 0.026630128465079433 0.030223420274771852 0.029865235393830295 0.027697622059980314 0.02242511444891749 0.016306204314273744 0.007994623284053455 0.0010874843498015923 -0.006879763333175012 -0.01072962330820198 -0.014282786122124354 -0.014064352703579181 -0.022093680968281487
</DataArray>
        <DataArray type="Float64" Name="Mode_8_w" NumberOfComponents="1" format="ascii">
 -1.0953888962078787e-6 5.275983172011069e-7 -1.0953888959519191e-6 5.27598319457757e-7 1.7668199670970294e-6 -2.8290907196502956e-6 -6.579839126482083e-7 -1.7178297862082263e-6 -3.9795039076853943e-7 -3.9795039076853943e-7 -3.3057964143489595e-7 5.127232434967493e-7 7.393113879505631e-7 4.405200078972733e-7 -3.0964781244233053e-7 -8.140042410475681e-7 -6.713821059017997e-7 -8.900262042869362e-8 4.461888954499942e-7 5.654174379528534e-7 6.081128876464186e-7 6.081128876464186e-7 -8.751907389055908e-8 2.556455389046796e-7 -1.071832853037996e-6 -1.2887908745261306e-7 -6.012665259714334e-7 1.8050506538065318e-7 3.689029832461185e-7 -4.561102641811396e-7 -3.103061362198647e-8 -3.1599960805138883e-7 -3.1599960805138883e-7 2.5430800391438013e-7 3.3277147792896755e-7 3.6285007313100227e-7 2.410919537916851e-7 1.430170957512953e-7 8.758846281606709e-8 1.3710551564000348e-7 1.0347660587701182e-7 3.355497254314992e-7 3.3242206978293367e-7 3.089119051964458e-7 3.089119051964458e-7 9.836397095471244e-8 -6.979693475578311e-7 6.122462659147911e-7 -1.472178110922602e-6 2.203936289207272e-6 1.7668199675769329e-6 -2.829090718843207e-6 -6.579839135174779e-7 -1.7178297869464549e-6 -3.9795038980540686e-7 -3.9795038980540686e-7 -3.305796396435746e-7 5.127232447361975e-7 7.393113884047121e-7 4.4052000874901827e-7 -3.096478142209207e-7 -8.140042400080067e-7 -6.713821077648123e-7 -8.900261825255527e-8 4.461888926801446e-7 5.65417436726985e-7 6.081128901145039e-7 6.081128901145039e-7 -8.751907456521346e-8 2.556455398329057e-7 -1.0718328556677744e-6 -1.2887908598264662e-7 -6.012665286102717e-7 1.805050672901938e-7 3.689029835045827e-7 -4.5611026482540786e-7 -3.103061435619399e-8 -3.1599960782075235e-7 -3.1599960782075235e-7 2.5430800417262173e-7 3.327714776351064e-7 3.628500744560487e-7 2.410919509848663e-7 1.4301709799532554e-7 8.758846233164151e-8 1.3710551411192574e-7 1.0347660667488923e-7 3.355497236576467e-7 3.3242207260756223e-7 3.0891190415279363e-7 3.0891190415279363e-7 9.836397055221176e-8 -6.979693476166034e-7 6.122462649584067e-7 -1.4721781103161795e-6 2.2039362890839393e-6 -0.0005936749860314872 -0.0016589105783023858 -0.002455712147819753 -0.003447898682503136 -0.004397613478800094 -0.00511369262712688 -0.00511369262712688 -0.005695456210976054 -0.005995211141652241 -0.006113876945239576 -0.005992011362895252 -0.005709328675273762 -0.005268388412749916 -0.004729961739985839 -0.004115245405065729 -0.003477012393221437 -0.002819026778159806 -0.0021974130299330596 -0.0021974130299330596 -0.0015803328322701704 -0.001032399952956844 -0.0005661661583633907 -0.00014760086962224106 -0.0015336998466392371 -0.009226603031615046 -0.01755987427320434 -0.025590857375675277 -0.032958280389200366 -0.038866742665402916 -0.038866742665402916 -0.04305701235414763 -0.04541751680331021 -0.04591748613646513 -0.04475605762556446 -0.04214493876086844 -0.03843023788299921 -0.033969906258457375 -0.029081742992648034 -0.02410316832494735 -0.019207516617198828 -0.014615867974769967 -0.014615867974769967 -0.010357725488318766 -0.006426902663863955 -0.003093111816446849 -0.00038933181094604824 -0.0016876222706905687 -0.013426458077847514 -0.03074943158349214 -0.047614959906365606 -0.06274072547039944 -0.07487131841460373 -0.07487131841460373 -0.08328016129946221 -0.08770566944602085 -0.0882045632333429 -0.08511214521477886 -0.07904856713706875 -0.07076597018673086 -0.06113266733782079 -0.05096150092506773 -0.04093057633718993 -0.03159131855622114 -0.023169945492573382 -0.023169945492573382 -0.015843382447016583 -0.009361781475740821 -0.0036694689517705087 -0.00044786747546290875 -0.001773583224829722 -0.015000049582886659 -0.03550463876652291 -0.05635358732156659 -0.07523495641309152 -0.09039548751806252 -0.09039548751806252 -0.10081281236583055 -0.10600189683510694 -0.1059980175305884 -0.10126819457769172 -0.09263267290804765 -0.08121132434338842 -0.06822357155535114 -0.054876560380529536 -0.04218103255670253 -0.030892251852195747 -0.030892251852195747 -0.02143620541449458 -0.013812879700163165 -0.007943335819918285 -0.0030591035992789685 -0.00032911254948013734 -0.001414307826576959 -0.011955702644061405 -0.02827723304110092 -0.045692396833435026 -0.061742064131375236 -0.07480508705698644 -0.07480508705698644 -0.0836600953751643 -0.08775296196470435 -0.08699427551746709 -0.08179163203767358 -0.07295107090989483 -0.061594000470687936 -0.04901907930168076 -0.0364894568027952 -0.025121423674042867 -0.015733693449662765 -0.015733693449662765 -0.008779179108295117 -0.004283305887709906 -0.0019258165815757174 -0.0008419300843899916 -0.00016540360738322399 -0.001414307826576959 -0.011955702644061405 -0.02827723304110092 -0.045692396833435026 -0.061742064131375236 -0.031306697618208465 -0.07480508705698644 -0.0836600953751643 -0.08775296196470435 -0.08699427551746709 -0.08179163203767358 -0.03483726199718037 -0.026782070763218754 -0.018036785727203925 -0.009615101446914485 -0.0024213337815713488 -0.015733693449662765 -0.008779179108295117 0.005688740996529431 0.0061665297992029135 0.004498050498385377 0.0015153074737950015 6.413920995661182e-5 -0.0008183216626220357 -0.006265952522306622 -0.01341350303317062 -0.022538137148240194 -0.031306697618208465 -0.03877122470091609 -0.03877122470091609 -0.043906353582893784 -0.046090693207946364 -0.045147780701446046 -0.04122377093934324 -0.03483726199718037 -0.026782070763218754 -0.018036785727203925 -0.009615101446914485 -0.0024213337815713488 0.0028206334550042685 0.005688740996529431 0.005688740996529431 0.0061665297992029135 0.004498050498385377 0.0015153074737950015 6.413920995661182e-5 -0.0003811399204619277 -0.001306141828926738 -0.0003985194129198501 -0.001599672181008337 -0.003667096947030318 -0.006082432917381863 -0.006082432917381863 -0.008259091080205628 -0.009629845706408678 -0.009864666661651639 -0.008822538925969858 -0.006564471305157483 -0.0033651700335253863 0.0003379789703791965 0.004011954335849956 0.007103735131590504 0.009131949986007757 0.009681186592248515 0.009681186592248515 0.00860575136213629 0.006032018038513147 0.0019500061466117202 9.245899183142449e-5 -0.0002640567517954155 6.978138714730384e-5 0.0032750022020569796 0.004670415523844846 0.004615830514740756 0.0032826101317617357 0.0032826101317617357 0.0010106400148792633 -0.0017419439726398028 -0.0045407236117377915 -0.006981683248447737 -0.008746177894435507 -0.009620027345688629 -0.009535363752172128 -0.008558809017275286 -0.0068909554439767285 -0.004819160527164666 -0.002726649180375767 -0.002726649180375767 -0.0010365308295081912 3.0410674429965944e-5 -0.00032571549411702423 -0.00010267761226381398 -0.0005145155529579142 -0.0023375578680050533 -0.0033790805668174246 -0.005551664451428438 -0.009088099062913862 -0.013655229702553513 -0.013655229702553513 -0.01902820835885212 -0.024774864907228585 -0.030435841210358118 -0.035511775512341776 -0.03950498768782948 -0.04197584552510055 -0.042595415729266395 -0.04119031196578396 -0.037764898913574964 -0.032513414271600705 -0.025841806368007505 -0.025841806368007505 -0.01838833848547148 -0.010809516226936527 -0.004460604298226623 -0.0005026804005582014 -0.0008484089614430548 -0.006352432895473354 -0.014497397618491076 -0.023303693599617425 -0.032786200263341496 -0.04231731613995744 -0.04231731613995744 -0.05150117011984431 -0.059935971719866706 -0.06719030431819614 -0.07285837521454509 -0.07653702017014145 -0.07787437206119503 -0.07661226077331265 -0.07262486853606938 -0.06594255068483557 -0.0567825042426245 -0.04557044914327141 -0.04557044914327141 -0.03304053334790783 -0.020098894312871027 -0.008025944760977595 -0.0008692441589038622 -0.001020524591286557 -0.00886703852477903 -0.02181571147123556 -0.03534305203782436 -0.048807309614180484 -0.06130239262270835 -0.06130239262270835 -0.07220760461137087 -0.08110464313585657 -0.08767209942897979 -0.09169735667144573 -0.09305362603436643 -0.09169735667249607 -0.08767209943524246 -0.08110464314015071 -0.0722076046209265 -0.061302392633461794 -0.061302392633461794 -0.04880730962267548 -0.03534305204816227 -0.02181571147969975 -0.008867038528602463 -0.001020524591866902 -0.000869244158560435 -0.008025944754597706 -0.020098894301282224 -0.03304053333131776 -0.04557044912413515 -0.04557044912413515 -0.056782504228297025 -0.06594255067094418 -0.07262486852574139 -0.07661226077070908 -0.07787437206155895 -0.07653702017595998 -0.0728583752211234 -0.06719030432319074 -0.05993597172611731 -0.051501170119940404 -0.042317316145521 -0.042317316145521 -0.032786200267719987 -0.02330369360297442 -0.014497397620570495 -0.006352432896154638 -0.0008484089614113948 -0.0005026803994879901 -0.004460604290460437 -0.01080951621103468 -0.018388338467060172 -0.025841806346763134 -0.025841806346763134 -0.032513414250791 -0.03776489889955565 -0.04119031195661818 -0.042595415725527344 -0.04197584552983233 -0.03950498769345106 -0.03551177552087453 -0.030435841217533302 -0.024774864913281725 -0.019028208361756168 -0.013655229700290388 -0.013655229700290388 -0.009088099060199625 -0.005551664447787208 -0.0033790805643439314 -0.0023375578666418803 -0.000514515552807461 -0.00010267761174406551 -0.00032571548888857895 3.0410687975546973e-5 -0.0010365308118735453 -0.0027266491611752743 -0.0027266491611752743 -0.004819160508189927 -0.006890955428186616 -0.008558809009884394 -0.00953536374976152 -0.009620027345406392 -0.008746177902846125 -0.00698168325559035 -0.00454072362131091 -0.0017419439757594252 0.0010106400162075441 0.003282610135653041 0.003282610135653041 0.004615830522310047 0.0046704155288876375 0.0032750022067156827 6.9781389970602e-5 -0.0002640567512007742 9.245899265237568e-5 0.0019500061506879322 0.006032018043437099 0.008605751373821508 0.009681186606446887 0.009681186606446887 0.00913194999722104 0.007103735140674588 0.0040119543436778465 0.00033797897157322005 -0.003365170035353231 -0.0065644713067777435 -0.00882253893197712 -0.009864666664802643 -0.009629845706881355 -0.008259091075654814 -0.006082432908971722 -0.006082432908971722 -0.0036670969373780032 -0.0015996721700979651 -0.0003985194052702573 -0.00130614182519398 -0.00038113991975995294 6.413921003687307e-5 0.001515307476938852 0.004498050503003511 0.006166529802338229 0.005688741001296264 0.002820633459291549 0.002820633459291549 -0.0024213337782262373 -0.009615101446229332 -0.018036785726378547 -0.02678207076480303 -0.03483726199777612 -0.04122377093833658 -0.045147780698576716 -0.04609069320240714 -0.04390635357559315 -0.03877122469025964 -0.03877122469025964 -0.0313066976059396 -0.02253813713904814 -0.01341350302424336 -0.006265952518863884 -0.0008183216621907829 6.413921003687307e-5 0.001515307476938852 0.004498050503003511 -0.004283305886279091 -0.008779179108666187 -0.01573369345279588 0.002820633459291549 -0.0024213337782262373 -0.009615101446229332 -0.018036785726378547 -0.02678207076480303 -0.03483726199777612 -0.08179163203300856 -0.08699427551099888 -0.08775296195523179 -0.08366009536476454 -0.07480508704646521 -0.0313066976059396 -0.061742064119572455 -0.04569239682259553 -0.02827723303543101 -0.011955702640562062 -0.0014143078257232188 -0.00016540360685580785 -0.0008419300819966308 -0.0019258165794542588 -0.004283305886279091 -0.008779179108666187 -0.008779179108666187 -0.01573369345279588 -0.025121423676470283 -0.03648945680551127 -0.049019079304241125 -0.06159400047203325 -0.07295107090924756 -0.08179163203300856 -0.08699427551099888 -0.08775296195523179 -0.08366009536476454 -0.07480508704646521 -0.07480508704646521 -0.061742064119572455 -0.04569239682259553 -0.02827723303543101 -0.011955702640562062 -0.0014143078257232188 -0.0003291125496550243 -0.003059103599742913 -0.007943335818071886 -0.013812879700600002 -0.021436205416642304 -0.021436205416642304 -0.030892251856135745 -0.04218103256242654 -0.05487656038532277 -0.06822357155954323 -0.08121132434532392 -0.09263267290638587 -0.10126819457401486 -0.10599801752245054 -0.10600189682598667 -0.10081281235648305 -0.09039548750879849 -0.09039548750879849 -0.07523495640522335 -0.05635358731382227 -0.03550463876196443 -0.01500004958102406 -0.0017735832246442078 -0.0004478674751910127 -0.0036694689505929376 -0.009361781475516247 -0.015843382446884106 -0.02316994549507885 -0.02316994549507885 -0.031591318560160946 -0.04093057634184108 -0.05096150092900514 -0.06113266734030334 -0.07076597018921546 -0.07904856713741476 -0.08511214521260302 -0.08820456323002548 -0.08770566943958698 -0.08328016129326027 -0.07487131840910895 -0.07487131840910895 -0.06274072546484939 -0.04761495990239683 -0.030749431580717225 -0.013426458074828071 -0.0016876222702964937 -0.0003893318111740448 -0.003093111816673496 -0.006426902662630361 -0.010357725490599441 -0.014615867976750747 -0.014615867976750747 -0.019207516620679703 -0.02410316832716222 -0.02908174299471223 -0.03396990625985234 -0.038430237883258375 -0.04214493876078337 -0.044756057625626504 -0.04591748613664757 -0.045417516802272746 -0.04305701235098751 -0.03886674266278739 -0.03886674266278739 -0.03295828038784741 -0.02559085737341782 -0.017559874270257222 -0.009226603030863395 -0.0015336998466649948 -0.00014760086984927533 -0.0005661661586349793 -0.0010323999530030428 -0.001580332832532134 -0.002197413030559347 -0.002197413030559347 -0.002819026778535311 -0.003477012393744531 -0.004115245405386822 -0.004729961740208126 -0.00526838841253132 -0.00570932867551175 -0.005992011363004619 -0.006113876945557244 -0.005995211141540595 -0.005695456210949061 -0.005113692626857896 -0.005113692626857896 -0.004397613478809348 -0.0034478986820350773 -0.002455712147372001 -0.0016589105779895002 -0.000593674985982496
</DataArray>
        <DataArray type="Float64" Name="Mode_8_phi1" NumberOfComponents="1" format="ascii">
 -8.089119048844574e-6 2.5545047727486325e-6 8.089119045558896e-6 -2.554504765602302e-6 -4.440436746408184e-5 2.0828512056231317e-5 -8.124236697171703e-6 1.9845924604526813e-6 -4.0499661742398604e-7 4.812567019890683e-6 1.0536486267407178e-6 1.9638636572452043e-6 -1.9727962674012125e-6 -2.2109436938131697e-6 -2.1331293101730355e-6 -1.5075136728131862e-6 2.1918209125580727e-6 2.420478625101695e-7 4.59526377024774e-6 -2.771497868567558e-6 3.852248615337757e-6 -7.517139795216116e-6 6.2762121850618976e-6 -1.0365925207789728e-5 1.3877211474283995e-5 -2.1171664435505053e-5 2.839195125111645e-5 4.719896624706652e-6 -7.341279809283835e-6 1.9594738406758383e-6 -3.2195727361897445e-6 8.07275178521283e-7 -1.5429220506088215e-6 5.712091442825382e-7 -1.9157109982141394e-7 1.2660156999332445e-6 1.27019149755679e-6 2.6693891382264407e-6 2.546558976147552e-6 4.5101428325007385e-6 2.991575150947748e-6 6.379976911124112e-6 1.9370849305117568e-6 7.961914853226378e-6 -1.477363883650806e-6 9.95537544092046e-6 -1.026698789989129e-5 1.6716297716256643e-5 -2.871943877438072e-5 1.800235326028358e-5 4.440436744852222e-5 -2.08285120153658e-5 8.124236630233908e-6 -1.9845923779215513e-6 4.0499653076592393e-7 -4.812566952268283e-6 -1.0536486692885583e-6 -1.963863634117472e-6 1.9727962466388154e-6 2.210943728729242e-6 2.1331292612912007e-6 1.5075137407670235e-6 -2.1918210014758163e-6 -2.420477493104553e-7 -4.595263898052704e-6 2.7714979994329915e-6 -3.852248744666984e-6 7.517139913371666e-6 -6.276212287346831e-6 1.0365925287183609e-5 -1.3877211520697583e-5 2.117166445525015e-5 -2.8391951264792313e-5 -4.719896647490186e-6 7.34127983672278e-6 -1.9594738869977235e-6 3.219572787441192e-6 -8.072752410388187e-7 1.5429221341484723e-6 -5.712092312626878e-7 1.9157118683279933e-7 -1.2660157897104328e-6 -1.2701913943050198e-6 -2.66938923690985e-6 -2.5465589190590247e-6 -4.510142850463331e-6 -2.991575139605791e-6 -6.379976908431538e-6 -1.937084939667618e-6 -7.961914862807241e-6 1.4773638891473056e-6 -9.955375414753814e-6 1.026698785284019e-5 -1.671629768563202e-5 2.8719438759141822e-5 -1.8002353251563243e-5 -0.03455190884964583 -0.07046863367484249 -0.13867382766067296 -0.19888544515218648 -0.2631197640793038 -0.3158298048130283 -0.36130249204926895 -0.3920510308702181 -0.4112804788904671 -0.41618060872897744 -0.409609541933189 -0.3918159566571515 -0.3654999826214314 -0.33233486204055496 -0.29484013226757244 -0.25463082444634716 -0.21395403772482868 -0.17341500449594616 -0.13512487975879725 -0.09822687647452276 -0.0658704414670845 -0.0360464816729707 -0.01591009852240269 -0.01967703739198476 -0.14596143024920336 -0.30605757246524334 -0.485414134074355 -0.645094567267283 -0.7846709287491477 -0.8913991942741126 -0.9640892096259144 -0.9995089811009731 -1.0 -0.968142755043048 -0.9091976622809341 -0.8293828796819408 -0.7353357817317498 -0.6335539077760469 -0.530289089185384 -0.42953109056236355 -0.3356067056765281 -0.24919700359926228 -0.17091493598727023 -0.10129856562076543 -0.03865183258548218 -0.0020412897106177183 -0.01227139987677609 -0.06765108209475526 -0.2122766536819514 -0.3776297584996266 -0.5300963593786485 -0.659322610907871 -0.7577910524802597 -0.8196957872696128 -0.844348287727115 -0.8325207586420946 -0.7883405118604468 -0.7180102374098885 -0.6288493252141041 -0.5292789217734075 -0.42752032759297204 -0.33013374981460514 -0.24358747477104511 -0.1694709003455631 -0.11025375421922726 -0.0641594171594959 -0.024334819964007173 -0.0017448847140561466 -0.0021895064851028805 -0.0021629038434048224 -0.03026686216190507 -0.06652899315339554 -0.11734978399869742 -0.17253865343534122 -0.22064035158344805 -0.25681326818926603 -0.2766446560672494 -0.2777455474288356 -0.2604235675173429 -0.2265481616637244 -0.17969178761824428 -0.12497951759801249 -0.06781824505350287 -0.014000291554456994 0.031126375025895443 0.06407338427923616 0.08119030783892474 0.08395435376561984 0.0704415605177498 0.045333920023392864 0.01956167111076314 0.005288195373970015 0.00859804087102701 0.06054267374505127 0.14298182425677208 0.2315786798558528 0.30464032401669106 0.3652668259544962 0.41186639102668166 0.44667665039867055 0.4709692060096861 0.48644982158888006 0.4941419299903224 0.4946606834972582 0.4882285562095917 0.4743234145731391 0.4523133728225006 0.42121412967584004 0.38006577381174383 0.3287588287016652 0.26638696453516997 0.19597426362628168 0.11789785864093003 0.04707437127993589 0.005036236413834849 0.016350800792096623 0.10900243482524744 0.2708038788884353 0.44816370748774575 0.602672455801039 0.7331644602288684 0.8302895281516777 0.8933110263762016 0.9230866480974361 0.9219315256604308 0.8941784341932912 0.8448693736506392 0.7794177220700608 0.7031286009168315 0.6205280223811157 0.5353361347773571 0.4499631533006703 0.36542238389110054 0.28211099737154693 0.20008984356899498 0.11595652592798097 0.044935192957874896 0.006182124457014722 0.015011113942016544 0.10383854463375349 0.25485109003371453 0.42311582787502416 0.5733415140064019 0.6952618187404178 0.7820876416143183 0.8291654574890189 0.8368140496484284 0.8082705920141422 0.7490372392246457 0.6668333829065968 0.5703343389635916 0.46835266938991027 0.3690036847765639 0.2787902613357447 0.2021982739684161 0.14111380325587458 0.09417825707442848 0.06071377409466166 0.0320090693949608 0.00933266432890523 -0.0006446820234696038 0.007936809437069613 0.04723316053446837 0.11162353869150834 0.18400551391132552 0.24839323383773543 0.2952330572361675 0.31859013888506793 0.3155153500061953 0.28549461264767184 0.2312452729825079 0.1581021809794157 0.07321762779717884 -0.014880209683477042 -0.09728103509060287 -0.16570539100071324 -0.21345026184229418 -0.23614803063737663 -0.23229202539804064 -0.2039813724551637 -0.1555889702437377 -0.09655839900676881 -0.040653503249493815 -0.006209163186579162 -0.002199722928102815 -0.02510799788958767 -0.07039767369988154 -0.12292126358045996 -0.16864360467416076 -0.21786577510697785 -0.26852848901423193 -0.3234739531652503 -0.3823442347015549 -0.4438281663228251 -0.5050688738060158 -0.5617769808098985 -0.6088136735867393 -0.6406449913098248 -0.6519505890237705 -0.6384239395760203 -0.5974597561939275 -0.5285120403250989 -0.43400256813954996 -0.3198466382378026 -0.1925329046748744 -0.07886065765368024 -0.012056311854485413 -0.00863654631768745 -0.07253007073443424 -0.18883221724842164 -0.3201797894844371 -0.4383016843681264 -0.5445183830116866 -0.635071702005145 -0.7090915164413738 -0.7669247885941362 -0.808666771895288 -0.8346540944290052 -0.8449869466641008 -0.8393990602778182 -0.8173252989239221 -0.7780759574642319 -0.7209817417226358 -0.6457929204381866 -0.5530025752333638 -0.4438516489750128 -0.32361769122727074 -0.19316731320769592 -0.07742096893548028 -0.010968909631789333 -0.00875884436038101 -0.07181355542638662 -0.18302550213320143 -0.30934687639783254 -0.42191271690711246 -0.5172323764949069 -0.5898201544318121 -0.637998110077919 -0.6618819176305963 -0.6633020547791468 -0.645184289033493 -0.6112643178500188 -0.5655444491518202 -0.5118554742133599 -0.4534834975686502 -0.3929711930086503 -0.33201953149740093 -0.2713950070419946 -0.21076503614626776 -0.15192577999844448 -0.09008112329829993 -0.03583450677572945 -0.005652877502684272 -0.002916811856200227 -0.0258493408923091 -0.06549684463444509 -0.10977431047473334 -0.14784179341380183 -0.1722853986805607 -0.18121667860266222 -0.172559118322548 -0.1470196156332335 -0.10696221588791378 -0.05628112076777599 -5.103300320998327e-11 0.056281120663880094 0.10696221583394842 0.14701961571934474 0.17255911840014126 0.18121667876118722 0.17228539883064037 0.1478417935569298 0.10977431058464807 0.06549684473854184 0.0258493409384218 0.002916811880129925 0.005652877498948093 0.03583450682463136 0.09008112336275514 0.15192578011900185 0.21076503631358812 0.27139500715680287 0.3320195315902419 0.392971193104564 0.4534834975656094 0.511855474203623 0.5655444490842487 0.6112643177530853 0.6451842889761983 0.6633020547666056 0.6618819175942788 0.6379981101826292 0.5898201545082689 0.5172323766224944 0.4219127170375119 0.30934687657459575 0.18302550225290606 0.07181355547924385 0.008758844367371956 0.010968909660092119 0.07742096894606781 0.19316731325360786 0.3236176912582646 0.4438516489749109 0.5530025753068545 0.6457929204795285 0.7209817417067924 0.7780759574667132 0.8173252988785652 0.8393990602729181 0.844986946670211 0.8346540943951257 0.8086667718633169 0.7669247885718431 0.7090915164071266 0.6350717021014158 0.5445183831543908 0.4383016845288446 0.3201797895729985 0.18883221731187277 0.07253007075848934 0.008636546338717152 0.01205631183166686 0.07886065760887101 0.19253290460781483 0.31984663816201925 0.4340025680947467 0.5285120402540401 0.5974597561699763 0.6384239395514442 0.6519505889852405 0.6406449913550927 0.6088136736219533 0.5617769808062307 0.5050688738264028 0.44382816630802246 0.3823442347701977 0.32347395327015294 0.268528489069424 0.2178657751791524 0.1686436047090094 0.12292126363198007 0.07039767374615427 0.025107997916734764 0.0021997229379106314 0.006209163206578265 0.040653503212562274 0.09655839886013466 0.15558897010233771 0.20398137232174837 0.23229202523709092 0.2361480304489564 0.213450261758481 0.1657053909836138 0.09728103503249962 0.014880209688875462 -0.07321762769710416 -0.15810218090295752 -0.23124527285870675 -0.28549461255245395 -0.3155153499459157 -0.3185901387955497 -0.29523305716671117 -0.2483932337327459 -0.18400551381266508 -0.11162353863744985 -0.04723316051919676 -0.007936809432403583 0.0006446819941526438 -0.009332664342298251 -0.03200906939339914 -0.06071377421835842 -0.09417825727662299 -0.1411138034344588 -0.20219827409434038 -0.27879026148823055 -0.36900368489109125 -0.4683526694050517 -0.5703343389543363 -0.6668333828763939 -0.7490372391026886 -0.8082705918648097 -0.8368140495283207 -0.8291654574011689 -0.7820876415623711 -0.695261818694486 -0.573341514011617 -0.4231158278971116 -0.25485109002616557 -0.10383854464457591 -0.015011113949918078 -0.00618212444133552 -0.04493519296043814 -0.11595652598616087 -0.20008984361251692 -0.28211099744672974 -0.3654223840287293 -0.4499631534582346 -0.5353361348862072 -0.6205280224500292 -0.7031286009729039 -0.7794177220813945 -0.8448693736100502 -0.8941784341227451 -0.9219315255888143 -0.9230866480154921 -0.8933110263024892 -0.830289528127479 -0.7331644602355474 -0.6026724557865568 -0.44816370748650675 -0.27080387893837715 -0.10900243482119812 -0.016350800785326483 -0.005036236436729293 -0.04707437134484882 -0.11789785866290388 -0.19597426365616277 -0.2663869645848501 -0.3287588287449017 -0.38006577384948087 -0.42121412974236644 -0.452313372883115 -0.4743234146052533 -0.48822855621085376 -0.4946606834810041 -0.49414192998753503 -0.4864498215641837 -0.47096920598872827 -0.4466766504196918 -0.41186639104928696 -0.3652668260121379 -0.3046403240939299 -0.23157867991877756 -0.14298182428389405 -0.06054267377991453 -0.008598040898409322 -0.005288195361490916 -0.019561671085997615 -0.04533392002452029 -0.07044156053496621 -0.08395435375864636 -0.08119030783592321 -0.06407338428652261 -0.03112637501472633 0.014000291580392166 0.06781824507244949 0.1249795175841382 0.1796917875771713 0.22654816162426644 0.260423567449669 0.2777455473544139 0.2766446560173081 0.2568132681117446 0.22064035151470554 0.1725386533729722 0.11734978393102632 0.06652899311894608 0.03026686219124466 0.002162903853401553 0.0021895064727031894 0.0017448847018578983 0.024334819954066292 0.06415941715808568 0.11025375417919847 0.16947090034920537 0.24358747479385512 0.33013374986129385 0.427520327632407 0.5292789218004578 0.6288493252451652 0.7180102374175843 0.7883405118166084 0.8325207585543783 0.8443482876235011 0.8196957871689929 0.7577910524212008 0.6593226108343667 0.5300963592967364 0.37762975846830615 0.21227665369453774 0.06765108205400466 0.012271399861049427 0.002041289702425809 0.03865183257325054 0.10129856561269233 0.17091493596699808 0.24919700364350056 0.3356067057094466 0.4295310906295194 0.5302890892257063 0.6335539078117653 0.7353357817588552 0.8293828797093784 0.9091976622714874 0.9681427550204967 0.9999999999658171 0.9995089810587975 0.9640892095653026 0.8913991941965839 0.7846709286824833 0.6450945672245584 0.48541413404191974 0.3060575724073317 0.14596143023453806 0.019677037397827987 0.015910098514946614 0.036046481676935825 0.06587044146978259 0.09822687650229751 0.13512487977732277 0.17341500454369874 0.21395403773554747 0.2546308244825103 0.294840132271182 0.33233486206870216 0.3654999825951177 0.3918159566657424 0.4096095419449194 0.4161806087399676 0.41128047888749786 0.3920510308472317 0.3613024920253014 0.31582980480533807 0.2631197640690205 0.1988854451145643 0.13867382764672112 0.07046863366358545 0.03455190884781008
</DataArray>
        <DataArray type="Float64" Name="Mode_8_phi2" NumberOfComponents="1" format="ascii">
 -6.9267189216796605e-6 -2.765945933365461e-6 6.926718918415835e-6 2.7659459261090915e-6 -2.4635205163574427e-5 2.767751159277871e-5 -2.927853929271144e-5 9.412513675195537e-6 -1.983070383302324e-5 5.310844983996259e-6 -2.9506489002717016e-6 1.107062281120473e-5 4.18716703360067e-6 4.819552000705103e-6 -3.4311965796398045e-6 -5.021408183049978e-6 -6.327442823904439e-6 -2.241384971321972e-6 1.0474845427539283e-6 5.242278090445943e-6 4.083790308446163e-6 3.787174523152112e-6 -2.359872384038587e-6 -1.8825298170228489e-7 -7.064316737984517e-6 4.659580664381134e-6 -1.0374979545564408e-5 -1.8993382505840142e-5 1.3632347724601116e-5 -9.057130138852262e-6 5.850771802183412e-6 -4.524379007252559e-6 3.2090959780601172e-6 -2.7210081901504844e-6 1.5825916501899544e-6 -1.599698551690898e-6 4.338324582453071e-7 -7.170404372626733e-7 -4.428816303267053e-7 3.359885333629655e-7 -1.5113343266475694e-6 2.1083778320062914e-6 -3.2667371407264778e-6 4.921043269260521e-6 -5.920449779544646e-6 8.903714296869584e-6 -9.52489320339285e-6 1.5440799772613666e-5 -2.5074159778302264e-5 4.1270829672297156e-5 2.463520515593843e-5 -2.767751157220065e-5 2.9278539287373787e-5 -9.412513679401167e-6 1.9830703838375645e-5 -5.310844999547588e-6 2.95064892917809e-6 -1.107062284964735e-5 -4.187166998880397e-6 -4.819552033950573e-6 3.431196598799429e-6 5.021408178771872e-6 6.327442811328758e-6 2.241384995886322e-6 -1.0474845351137667e-6 -5.24227812630516e-6 -4.083790267298934e-6 -3.7871745638499146e-6 2.3598724455631206e-6 1.8825289777502793e-7 7.064316818875878e-6 -4.65958072352867e-6 1.0374979567939649e-5 1.8993382487134243e-5 -1.3632347704395525e-5 9.057130139894066e-6 -5.85077181745033e-6 4.524379014892251e-6 -3.2090959811829198e-6 2.7210081984339394e-6 -1.582591661382098e-6 1.5996985591895332e-6 -4.338324547937909e-7 7.170404316358353e-7 4.428816278840904e-7 -3.359885228663655e-7 1.5113343063453705e-6 -2.10837780404323e-6 3.2667371116556866e-6 -4.921043232355163e-6 5.920449728796367e-6 -8.903714248098533e-6 9.524893181339375e-6 -1.5440799768893646e-5 2.507415977129144e-5 -4.127082966610447e-5 -0.03428433166650204 -0.027290247945000755 -0.03319298533658118 -0.029973210235211878 -0.03062225672380938 -0.023698720645682864 -0.019754211716317416 -0.012006712963110006 -0.006263072292098979 0.0006377007585695116 0.006136591321304265 0.011146908797209386 0.015114748901120731 0.01776183603769889 0.019884787015994776 0.020219602253304592 0.02100302438561599 0.01952174062134514 0.019819037953380754 0.016931682316879547 0.01715952099746571 0.011757717794135127 0.014948837940677936 -0.05768027613379692 -0.1546462672650969 -0.15223365029014752 -0.15133329336652734 -0.13772479557066025 -0.11262996067266039 -0.08398607924563556 -0.0521624698953783 -0.020408628695000142 0.009981195401211082 0.03653984047130029 0.058902387526205184 0.07541271997758876 0.08643886707419242 0.09218106574640532 0.09277522643310615 0.09057466271190534 0.08515590403008635 0.07871990501427913 0.07396907128339218 0.06307413472476925 0.0586586195939347 0.02178258791286605 -0.10036696478945813 -0.27721062789066897 -0.3323599048344341 -0.31449485469365823 -0.2856907004322505 -0.23249923751282361 -0.1694523818726561 -0.10128252776293584 -0.03206660425887463 0.03234549097083396 0.08918209603650885 0.13469314132204618 0.16759448218242304 0.18720667815291667 0.19420659525425302 0.1909246209553556 0.17933165783016725 0.1639130670027931 0.1457548813506989 0.130325819982115 0.11593977070586202 0.0916494558555657 0.027111743555615856 -0.11093173462814225 -0.3514893567920407 -0.43935582656252936 -0.4239819263643411 -0.3838883844137341 -0.3122872098071479 -0.22463208587186917 -0.12820543424430636 -0.031041776351717763 0.060421689277020754 0.13933432755736982 0.20185070948122819 0.2445775777010888 0.2670347650304308 0.270284445697967 0.2574040596247102 0.2327752110225232 0.20181824530981662 0.17009236458270763 0.13912908435375665 0.12186987547392662 0.0824984093713858 0.022031531834396115 -0.11098976956417657 -0.32892680382353334 -0.4134040284545572 -0.4133239753039932 -0.37589462810906094 -0.3075448583986433 -0.21869941572199605 -0.11890062979087937 -0.01674793609479249 0.07937758095418179 0.16246660783065778 0.22652844015518506 0.26842339341211124 0.2865898620323326 0.2824991952544559 0.2593403475142297 0.2225754485570457 0.17805752070951758 0.13417278726216744 0.09112310909872216 0.06643277687468042 0.04055304867693973 0.011430180526327289 -0.08319894491762699 -0.22577398115396854 -0.26825295485266054 -0.293446794338862 -0.26805386318518093 -0.22417467624853818 -0.1582247555519167 -0.08125547037674699 -8.388324993456685e-6 0.07754418544003014 0.14473644021064194 0.19592789520187862 0.22736456592427007 0.23751808265983995 0.22693577796453054 0.1985665440857094 0.15691686312946643 0.10789854515086394 0.058659644542243844 0.01432911394083243 -0.01847483192796054 -0.019420332188787904 -0.0013669973619124924 -0.05237720339270349 -0.08983400859892719 -0.08655255881705429 -0.13093678350692559 -0.1257688753655513 -0.11404669617078729 -0.08474448177095242 -0.044715908990704954 0.0007966203725866792 0.0469706962578471 0.0883673318325041 0.12069626297421714 0.14051034660218173 0.14584522501685157 0.13642551605918254 0.11347481462751005 0.07990929535364341 0.03927654585415554 -0.0030110936543126664 -0.03976265431255269 -0.07645616269657275 -0.05706230475174885 -0.006210948803051886 -0.025338036273659454 0.0036381773686889347 0.037420615030405294 -0.01429829696513172 -0.02841965341576749 -0.04285528561290753 -0.04605381321611256 -0.03995285737760552 -0.026733056091041093 -0.00876761454866425 0.011261321476156343 0.03033937487375325 0.045931017278577894 0.055808261135222616 0.05852479190638394 0.053378018189931084 0.04070417789927667 0.021336154572909632 -0.0036878558851991977 -0.02406397812682625 -0.06165454803734051 -0.03927318215474559 0.001463867791232432 -0.019174090915664282 0.015079883891287825 0.04347678388139904 0.00024726935632084137 -0.024540449998756573 -0.04918633672706055 -0.06708987340586883 -0.0770343008643987 -0.07883776082212908 -0.07269885869836391 -0.05953119095893893 -0.04072128409679405 -0.018232637408362336 0.005795869702307435 0.02896334166281158 0.048930847928572004 0.06360178994980603 0.07143030603552189 0.06927646895304777 0.0653434155023652 0.03550998372677272 0.03429892062521538 0.02154678891895047 -0.029580265895128403 -0.05166381364746609 -0.056327984586723084 -0.08216214193983246 -0.10615461004647896 -0.12260420467813248 -0.13445957257033023 -0.13831732856783918 -0.13397667638334926 -0.12071713779593024 -0.09868305874360961 -0.06851458654580506 -0.031689244977159164 0.009785939838154881 0.05320975252545301 0.09552759741411918 0.1333144060809205 0.1634770474311278 0.1810338467435162 0.18805489413219048 0.1698242462002105 0.1322892315809886 0.04518139348135116 -0.04930581409270757 -0.14686616534478655 -0.19285810866590408 -0.20254346381630522 -0.21605193063254916 -0.2140778616665083 -0.2055762922320841 -0.18900728035356978 -0.16467197072906295 -0.13293114596063446 -0.09418682807771993 -0.049262847151447034 0.0005519647295449014 0.05347268951217965 0.107227323230594 0.15904179812342967 0.20575739322369418 0.24416706104025598 0.26995159544715885 0.2781655477012332 0.27128172588700245 0.2039484439462554 0.06176719777768034 -0.06278774352115246 -0.2102486013761445 -0.2817358123697561 -0.2843450109460972 -0.2846556292485167 -0.2653093440413613 -0.2359034852799512 -0.19815722416611567 -0.15390140250772982 -0.10506887046649153 -0.05326350731551239 -2.7587646107466226e-11 0.05326350726887107 0.10506887039713685 0.15390140249968076 0.198157224111607 0.23590348523223434 0.2653093440639839 0.2846556292350781 0.28434501098973397 0.2817358124615185 0.21024860146732413 0.06278774354222691 -0.06176719773957085 -0.20394844379412555 -0.2712817257849981 -0.27816554762135437 -0.26995159540582975 -0.24416706110554848 -0.20575739324031111 -0.15904179822478304 -0.10722732332166811 -0.05347268963766256 -0.0005519648206640139 0.049262847108697466 0.09418682804057119 0.13293114599806052 0.16467197070772727 0.18900728044188864 0.20557629214236414 0.2140778617179999 0.2160519306265959 0.20254346384722094 0.19285810869923936 0.14686616537654043 0.04930581409890561 -0.045181393416296026 -0.13228923142517673 -0.1698242460304692 -0.18805489407641932 -0.18103384668924544 -0.16347704747169375 -0.13331440617522064 -0.09552759751591466 -0.05320975267453587 -0.00978593996286597 0.031689244859766125 0.06851458650107095 0.09868305874358711 0.12071713780094628 0.1339766764387063 0.13831732864929247 0.13445957261160035 0.12260420470407354 0.1061546100701256 0.08216214192962043 0.056327984580803445 0.05166381362384528 0.02958026587256147 -0.021546788867286743 -0.034298920472870024 -0.035509983573211105 -0.06534341543237926 -0.06927646890469179 -0.07143030604119918 -0.06360179004744312 -0.048930848074628976 -0.02896334178543854 -0.005795869823004294 0.018232637336874795 0.04072128398093289 0.05953119098609194 0.07269885867680602 0.07883776095039677 0.07703430095495115 0.06708987348618076 0.04918633678598159 0.024540449975367237 -0.0002472693819220506 -0.043476783913412274 -0.01507988393492001 0.01917409089479747 -0.0014638677613308107 0.03927318227164455 0.06165454809765025 0.02406397825745984 0.0036878559242753033 -0.021336154618448015 -0.040704177954661185 -0.053378018278268706 -0.058524792024471875 -0.055808261192208254 -0.04593101739731887 -0.03033937486722779 -0.011261321559973132 0.00876761463508962 0.026733056182208982 0.0399528574774815 0.04605381328766652 0.04285528566651336 0.028419653401109735 0.014298296946566614 -0.03742061510212408 -0.0036381774406437756 0.025338036233527303 0.006210948847332455 0.05706230479924653 0.07645616274420955 0.03976265435015809 0.0030110936942501286 -0.03927654589942671 -0.07990929537995028 -0.11347481465668177 -0.13642551614205836 -0.1458452250771387 -0.1405103465935462 -0.12069626300973367 -0.0883673318031327 -0.046970696205700074 -0.0007966203079054735 0.04471590906016239 0.08474448184959808 0.1140466962034245 0.12576887535053727 0.13093678346144247 0.08655255873449012 0.089834008505026 0.05237720336777513 0.0013669973890865401 0.01942033225503212 0.0184748319083682 -0.014329113953609798 -0.05865964454230031 -0.10789854519439682 -0.15691686312815117 -0.19856654412675462 -0.22693577794981215 -0.23751808268290073 -0.2273645659072889 -0.19592789515038225 -0.14473644014737638 -0.07754418540453493 8.388392905348092e-6 0.08125547040420876 0.1582247555842731 0.22417467628571325 0.2680538631317716 0.2934467943067621 0.26825295473838145 0.22577398109406077 0.08319894488602969 -0.011430180499166331 -0.04055304867710415 -0.06643277683491804 -0.09112310915318299 -0.13417278729322768 -0.1780575207671826 -0.22257544855982858 -0.2593403475183883 -0.2824991952450719 -0.2865898620084159 -0.2684233933603888 -0.22652844007209552 -0.1624666077860431 -0.07937758086946964 0.016747936122171538 0.11890062979985769 0.2186994157344977 0.3075448583920827 0.37589462810835733 0.41332397520436254 0.41340402840442286 0.3289268037684869 0.11098976953439706 -0.022031531848590066 -0.08249840933647551 -0.12186987548766733 -0.139129084369213 -0.17009236463748745 -0.201818245340125 -0.23277521106452076 -0.2574040596023412 -0.2702844456833889 -0.26703476499722695 -0.24457757764699595 -0.20185070943230193 -0.13933432748066513 -0.06042168922867117 0.03104177639572782 0.12820543423645875 0.22463208585766234 0.31228720979533714 0.38388838440612866 0.42398192630024706 0.4393558265270677 0.35148935675760024 0.11093173459959256 -0.02711174354015399 -0.09164945585747025 -0.11593977068747899 -0.1303258200387087 -0.1457548813795623 -0.16391306704080014 -0.17933165782860616 -0.19092462094487314 -0.19420659522029673 -0.18720667814824282 -0.16759448214778455 -0.13469314127510418 -0.08918209601465794 -0.03234549093972999 0.032066604301115575 0.1012825277758014 0.1694523818645431 0.23249923749955126 0.2856907004146461 0.3144948546821059 0.33235990483661687 0.27721062783783046 0.10036696477045379 -0.021782587932267363 -0.05865861957378718 -0.06307413472459851 -0.07396907133577138 -0.07871990500711037 -0.08515590405931145 -0.09057466269218972 -0.09277522642669833 -0.09218106573974291 -0.08643886705100241 -0.07541271996171234 -0.05890238752742383 -0.03653984047029219 -0.009981195397175197 0.020408628732927696 0.0521624699168434 0.08398607923292174 0.11262996065449789 0.13772479558068776 0.15133329338408294 0.1522336502600446 0.15464626723947145 0.057680276137585744 -0.014948837946349882 -0.0117577177835285 -0.01715952099629623 -0.01693168232836735 -0.01981903795547266 -0.019521740617550156 -0.021003024378707442 -0.02021960225043869 -0.01988478700625254 -0.017761836030189396 -0.015114748902662357 -0.01114690879863719 -0.006136591319339478 -0.0006377007591380005 0.006263072304191239 0.01200671296505674 0.01975421172485017 0.02369872063859366 0.030622256744024957 0.029973210236073505 0.033192985329023345 0.027290247937215004 0.034284331666514456
</DataArray>
        <DataArray type="Float64" Name="Mode_9_w" NumberOfComponents="1" format="ascii">
 -2.946322610987805e-7 3.7031523992555834e-7 2.946322597726241e-7 -3.7031524344508654e-7 -1.0136922647350182e-7 -1.2810333779100816e-6 -3.109221977738564e-7 7.868667808708056e-8 9.709403212703112e-7 9.709403212703112e-7 1.114819409683665e-6 1.6452200031461091e-6 1.4307997435395536e-6 9.095498709253703e-7 1.6640373788680153e-7 8.614386296183133e-8 6.673926452734277e-7 1.392789557382398e-6 1.6864076339189337e-6 1.3188524853139622e-6 9.627730401206725e-7 9.627730401206725e-7 9.789398416916313e-8 1.3802632233757865e-7 -1.432899667358541e-6 -6.178026244567053e-7 -9.607216748725297e-7 2.799203958142839e-7 4.972432316078644e-8 -7.466230512506679e-7 -8.785063453729698e-7 -1.2115531023969236e-6 -1.2115531023969236e-6 -1.1088701401880934e-6 -1.2513720656018902e-6 -1.1559601704968343e-6 -9.007584461656495e-7 -5.135462536019515e-7 -3.885414575018421e-8 3.701855172350038e-7 8.829758249355563e-7 1.0703103856045236e-6 1.3556636484924394e-6 1.1140300925925029e-6 1.1140300925925029e-6 1.2763956326494416e-6 1.0114995550921798e-6 4.850542113639333e-7 3.85480450953312e-7 -2.590778368732427e-7 1.0136922858144888e-7 1.281033377188552e-6 3.1092219615975915e-7 -7.868667908702041e-8 -9.709403230898653e-7 -9.709403230898653e-7 -1.1148194069682071e-6 -1.6452200031110496e-6 -1.430799744841055e-6 -9.095498668930016e-7 -1.6640373950871178e-7 -8.61438599457708e-8 -6.6739264839814e-7 -1.3927895524242966e-6 -1.686407641517473e-6 -1.3188524825194508e-6 -9.627730416949978e-7 -9.627730416949978e-7 -9.789398247670964e-8 -1.380263208207623e-7 1.4328996642874359e-6 6.17802624572383e-7 9.607216763181147e-7 -2.7992039545056916e-7 -4.972432407037487e-8 7.466230545331481e-7 8.785063422678231e-7 1.2115531017865101e-6 1.2115531017865101e-6 1.1088701419300637e-6 1.2513720665307802e-6 1.155960169377341e-6 9.00758446452761e-7 5.135462535874754e-7 3.885414321066518e-8 -3.7018551577290676e-7 -8.829758271480035e-7 -1.0703103815149948e-6 -1.3556636525216508e-6 -1.1140300899047534e-6 -1.1140300899047534e-6 -1.2763956331850614e-6 -1.0114995576303415e-6 -4.850542094578991e-7 -3.8548045224410725e-7 2.590778389427373e-7 -0.00014415514816732965 -0.0004774632651704158 -0.0009058286719469597 -0.0012188815332425335 -0.001463864408499678 -0.0015081845299571817 -0.0015081845299571817 -0.001418192766180182 -0.0011401245772709927 -0.0007402785379581258 -0.00022463242513704455 0.00033792231647979164 0.0008977457632118782 0.0013952826761377388 0.001770172609455198 0.0019880564804953768 0.002008895195325157 0.001843290243277346 0.001843290243277346 0.0014858590131648936 0.0009947284179501173 0.0005221036170038488 0.00011811189674583211 -0.00013406306970930462 -0.0016480035258798107 -0.0048963479209277756 -0.006681556693648372 -0.008008696495149415 -0.008346978988542126 -0.008346978988542126 -0.007815455321026293 -0.00639487590068312 -0.004180453970289181 -0.0013521191275189886 0.001866948667394767 0.005139656873938707 0.008147955075736454 0.010527192263239069 0.012014917014048568 0.012358180641958557 0.011486644040260827 0.011486644040260827 0.009424525632177399 0.006263367610864709 0.0026372781015079473 0.00021968027762416168 0.0004187635868134574 0.0010820686929222197 -0.0016909451723447013 -0.0027555252904850453 -0.003272949636494399 -0.003481904681887835 -0.003481904681887835 -0.003308586155298805 -0.0028600880342286353 -0.0019781499084593228 -0.0006010754922587463 0.0012994407293652763 0.003644759500312913 0.006221387827523901 0.008725983134257351 0.01076958131425399 0.011971525238667421 0.01186883014578913 0.01186883014578913 0.010273952071923496 0.006854950339015285 0.0017952766113316964 2.289197427138229e-5 0.0011969202106656735 0.0068624867768569305 0.01111782340536168 0.01581116394254409 0.019533025324608017 0.021209225665839927 0.021209225665839927 0.020384454512522302 0.017186228506500558 0.012092396338232544 0.0059380535683597096 -0.0003377725886488022 -0.0058191526668106225 -0.009784844474338002 -0.01182080957336173 -0.01187051086341174 -0.010202028480636487 -0.010202028480636487 -0.007476887040789077 -0.0046045243777213096 -0.0023375131506755756 -0.0023317436463988024 -0.0005691000374301474 0.002202254837705026 0.015211228106477742 0.03056306636482956 0.04536516610141507 0.05643769409019823 0.06159981927306048 0.06159981927306048 0.059821514695334324 0.05113102669764728 0.03664736145269779 0.018178879692834292 -0.0019247642189659372 -0.02113743509943992 -0.037144210308474424 -0.048153371432891966 -0.05310563367426915 -0.05177898668343545 -0.05177898668343545 -0.0448921949807537 -0.034055726789715135 -0.0213959843402575 -0.010343339157695669 -0.001446950568480387 0.002202254837705026 0.015211228106477742 0.03056306636482956 0.04536516610141507 0.05643769409019823 0.0935846148863708 0.06159981927306048 0.059821514695334324 0.05113102669764728 0.03664736145269779 0.018178879692834292 -0.001893665572666898 -0.03586533908437004 -0.06521679223431581 -0.08659175665820637 -0.09770075037013473 -0.05177898668343545 -0.0448921949807537 -0.08679895625902229 -0.06760693909435607 -0.043453475288465014 -0.019683750461225908 -0.0025437599504478698 0.0030661319155676323 0.023001277088445852 0.049462949887384776 0.07452554086992944 0.0935846148863708 0.10293141337527326 0.10293141337527326 0.10085168908452768 0.08724941623567085 0.06358642667018072 0.032648195127311236 -0.001893665572666898 -0.03586533908437004 -0.06521679223431581 -0.08659175665820637 -0.09770075037013473 -0.09756903716508122 -0.08679895625902229 -0.08679895625902229 -0.06760693909435607 -0.043453475288465014 -0.019683750461225908 -0.0025437599504478698 0.0035495625783584337 0.027389937757310523 0.05996371215380867 0.09152227030699232 0.11583683697942518 0.1285628963114886 0.1285628963114886 0.12716173556562302 0.11128741289521131 0.08249118024210757 0.04395430979988521 0.00015293486328921255 -0.04370734555526218 -0.08239403432647428 -0.11138820596634827 -0.127422950381383 -0.1288689290114989 -0.11604682075469915 -0.11604682075469915 -0.09147127139475783 -0.05964273053974751 -0.02675509886660718 -0.003415813761384384 0.0035767871030869874 0.0273078923905314 0.05912057732816309 0.09111297078190995 0.11638744940583814 0.13037563998157517 0.13037563998157517 0.13027250680144906 0.11532448096650842 0.08686438789661698 0.04793371115063898 0.0029727393953754865 -0.04266366946660076 -0.08348096410732876 -0.11462722481455566 -0.1324619439400032 -0.13504517663016113 -0.12250475522210318 -0.12250475522210318 -0.09724520033899631 -0.06409020108466279 -0.029336300627990124 -0.0038694848829047 0.003336570832453606 0.02424125962913034 0.05043532657716321 0.07818220521438614 0.10068926567578945 0.11380480557222997 0.11380480557222997 0.11471707590237076 0.10251223262501159 0.07814038205838533 0.04417020838810096 0.004496590342375307 -0.036121931532010175 -0.07270530750783052 -0.10082120529833767 -0.11712294121093476 -0.11978709867087586 -0.108931757519387 -0.108931757519387 -0.08672337223133493 -0.057631867974055076 -0.02745407287294811 -0.0038198669233943136 0.0031321753849325876 0.021195067553613244 0.04162951104502775 0.06426543938129024 0.08295909906206883 0.09402550726791778 0.09402550726791778 0.0949907782785662 0.08494162364068221 0.0646855364915457 0.03638315782321982 0.003361141122646283 -0.030327623164541833 -0.060495252032481565 -0.0834349524374059 -0.09642183601168547 -0.09806788697749488 -0.08868824759894182 -0.08868824759894182 -0.07029849666157674 -0.046802387914966694 -0.023585953113935933 -0.0034997898077395633 0.0031865968475516355 0.020795143614385697 0.03979474187874383 0.060453687075898634 0.07727180393804808 0.08668638183743967 0.08668638183743967 0.08657861708495626 0.0762924544866744 0.05678523564936536 0.030286210742788908 -2.8438094792123356e-11 -0.030286210798549824 -0.0567852356956748 -0.07629245452908362 -0.0865786171156231 -0.08668638185368345 -0.08668638185368345 -0.0772718039467268 -0.06045368707960045 -0.03979474187669007 -0.020795143609466438 -0.003186596846675198 0.0034997898092556526 0.02358595311865304 0.046802387919859245 0.07029849666100253 0.0886882475916112 0.0886882475916112 0.09806788696568207 0.09642183599085474 0.08343495239917025 0.060495251988161115 0.030327623114657514 -0.0033611411754343153 -0.03638315787019362 -0.0646855365316654 -0.08494162367089902 -0.09499077830247164 -0.09402550728397491 -0.09402550728397491 -0.0829590990701016 -0.06426543938122344 -0.04162951104445613 -0.021195067551220286 -0.0031321753840699855 0.0038198669237644216 0.02745407287992687 0.057631867981059993 0.08672337223625272 0.10893175751928473 0.10893175751928473 0.11978709866486226 0.11712294119522454 0.10082120527586365 0.07270530747490128 0.03612193149752862 -0.004496590377951376 -0.04417020842154431 -0.07814038208477046 -0.10251223264673415 -0.11471707591438007 -0.1138048055795554 -0.1138048055795554 -0.10068926567575108 -0.07818220521252936 -0.05043532657678839 -0.02424125962770369 -0.0033365708321070535 0.0038694848839775815 0.029336300632688998 0.06409020109361611 0.09724520034545289 0.12250475522389155 0.12250475522389155 0.13504517663074744 0.13246194393455113 0.11462722480375964 0.08348096409031225 0.04266366944641463 -0.0029727394199673897 -0.04793371117494287 -0.08686438791724231 -0.11532448098192262 -0.13027250681337987 -0.13037563998822296 -0.13037563998822296 -0.11638744940862734 -0.09111297078151935 -0.059120577325997264 -0.027307892390664508 -0.003576787103154809 0.0034158137613837544 0.026755098868597765 0.05964273054112075 0.091471271400671 0.11604682075329659 0.11604682075329659 0.12886892900524916 0.12742295037458257 0.11138820595801951 0.08239403431437721 0.043707345541642226 -0.00015293488049362527 -0.043954309820299596 -0.08249118026329884 -0.11128741291391092 -0.1271617355798509 -0.12856289632338533 -0.12856289632338533 -0.11583683698810342 -0.09152227031129384 -0.059963712154728045 -0.027389937759900965 -0.0035495625789858684 0.0025437599507876197 0.01968375045930055 0.04345347528546281 0.06760693908413777 0.08679895625205795 0.09756903715460795 0.09756903715460795 0.09770075035717268 0.08659175664655452 0.06521679222163293 0.035865339069092596 0.0018936655537120921 -0.032648195148753105 -0.063586426694067 -0.0872494162602893 -0.10085168910722324 -0.10293141339568224 -0.10293141339568224 -0.09358461490321329 -0.0745255408827271 -0.04946294989750457 -0.023001277095797672 -0.003066131916629824 0.0025437599507876197 0.01968375045930055 0.04345347528546281 0.034055726776526685 0.04489219496015093 0.05177898666590355 0.09756903715460795 0.09770075035717268 0.08659175664655452 0.06521679222163293 0.035865339069092596 0.0018936655537120921 -0.01817887971656282 -0.03664736147995997 -0.05113102672734348 -0.059821514725113316 -0.061599819301884226 -0.09358461490321329 -0.05643769411461143 -0.045365166122253456 -0.03056306637912467 -0.015211228115143981 -0.0022022548387275937 0.0014469505680367986 0.010343339152700404 0.021395984327069306 0.034055726776526685 0.04489219496015093 0.04489219496015093 0.05177898666590355 0.05310563365728778 0.048153371414935135 0.03714421029252504 0.02113743508099542 0.0019247641987815498 -0.01817887971656282 -0.03664736147995997 -0.05113102672734348 -0.059821514725113316 -0.061599819301884226 -0.061599819301884226 -0.05643769411461143 -0.045365166122253456 -0.03056306637912467 -0.015211228115143981 -0.0022022548387275937 0.0005691000371517676 0.002331743640498325 0.002337513139439133 0.004604524359593444 0.007476887022608532 0.007476887022608532 0.010202028457728083 0.011870510844695377 0.01182080955534425 0.009784844455326198 0.00581915264911559 0.00033777256852181737 -0.005938053591546326 -0.012092396363036405 -0.017186228534373196 -0.02038445454370287 -0.02120922569650181 -0.02120922569650181 -0.019533025351482575 -0.015811163964194463 -0.011117823419290157 -0.006862486784128719 -0.0011969202120429073 -2.2891975392005193e-5 -0.0017952766150425674 -0.006854950347045224 -0.010273952081053429 -0.01186883016191856 -0.01186883016191856 -0.011971525252337247 -0.010769581330204078 -0.008725983148246198 -0.006221387840421793 -0.0036447595144848775 -0.0012994407429934578 0.0006010754761687495 0.0019781498909827513 0.002860088014461841 0.0033085861334033228 0.003481904659215984 0.003481904659215984 0.003272949615997391 0.0027555252715224764 0.0016909451591760275 -0.0010820686988804655 -0.0004187635875201684 -0.000219680277704682 -0.002637278104550326 -0.006263367612623829 -0.009424525637016564 -0.011486644043222385 -0.011486644043222385 -0.012358180648942353 -0.012014917019112215 -0.010527192270378252 -0.008147955082313574 -0.005139656881916483 -0.0018669486732452965 0.0013521191217045808 0.004180453964613712 0.006394875894580515 0.007815455313461393 0.008346978980212855 0.008346978980212855 0.008008696486288332 0.006681556686352353 0.0048963479146008956 0.0016480035211613002 0.00013406306865951893 -0.00011811189696786819 -0.0005221036171919189 -0.00099472841792116 -0.0014858590130868282 -0.0018432902435644382 -0.0018432902435644382 -0.002008895195363191 -0.0019880564809281673 -0.0017701726101505965 -0.0013952826770723468 -0.0008977457641714915 -0.0003379223172128056 0.0002246324249381173 0.0007402785375127412 0.0011401245775356178 0.0014181927653026728 0.0015081845295136017 0.0015081845295136017 0.001463864407461155 0.001218881533022389 0.0009058286707523202 0.00047746326496450625 0.0001441551477560865
</DataArray>
        <DataArray type="Float64" Name="Mode_9_phi1" NumberOfComponents="1" format="ascii">
 -1.7631650726632398e-6 2.0003173182865488e-6 -1.7631650671719974e-6 2.000317306333126e-6 -1.1000096594108591e-5 1.8619354217958552e-6 2.0112823857815735e-6 -1.5873210754848532e-6 5.1486704359727936e-6 9.140986797471682e-7 2.408424903659066e-6 -1.6607768642174687e-6 -1.6988501849560417e-6 -3.2114227516732543e-6 -7.921080970404996e-7 -4.212229036987982e-7 3.6841562504476795e-6 9.55188486727954e-7 4.481365125877392e-6 -3.629193668075307e-6 2.1890530858869607e-6 -8.80667322608099e-6 4.727080980926758e-6 -9.88670289034627e-6 1.3565668839669155e-5 -1.8850926674596135e-5 2.635615166141283e-5 4.6064257109786643e-7 -4.799522501290921e-6 2.237450168078301e-6 1.0452887859349595e-6 3.978954328463519e-6 2.8670095075887727e-6 3.917689901106586e-6 2.832596028131502e-6 2.7627951502007036e-6 1.5226198382589443e-6 9.518934460144488e-7 -3.54595391999766e-7 -8.7099813462677e-7 -2.1259691577635713e-6 -1.968983326154846e-6 -3.4868783728519215e-6 -1.7375363247057986e-6 -4.608923697659873e-6 1.8210428185797577e-8 -4.912246910309375e-6 1.329432653683927e-6 3.3468646822190674e-6 1.7870603234504375e-6 -1.1000096591664859e-5 1.861935449027968e-6 2.011282338048969e-6 -1.5873210203787665e-6 5.148670390142553e-6 9.140987093941767e-7 2.4084248828190486e-6 -1.6607768402233068e-6 -1.6988502263095567e-6 -3.211422697666658e-6 -7.92108162794619e-7 -4.2122282626959057e-7 3.684156157085804e-6 9.551885996179148e-7 4.481365006417642e-6 -3.6291935538271477e-6 2.189052984622379e-6 -8.806673143406265e-6 4.7270809117838705e-6 -9.886702829161847e-6 1.3565668798770428e-5 -1.8850926657088567e-5 2.635615165926854e-5 4.606426146809492e-7 -4.799522578339289e-6 2.2374502847424983e-6 1.0452886196492049e-6 3.978954548014269e-6 2.8670092868523666e-6 3.917690080823286e-6 2.832595893559857e-6 2.762795262401941e-6 1.5226197270061555e-6 9.51893541363751e-7 -3.5459547970756264e-7 -8.709980437786462e-7 -2.125969227979933e-6 -1.968983276530728e-6 -3.4868783892692124e-6 -1.7375363323120242e-6 -4.608923678652652e-6 1.8210376477235965e-8 -4.9122468319213824e-6 1.3294325757879598e-6 3.346864724302214e-6 1.7870603082694541e-6 -0.005917053988072846 -0.01967586601199352 -0.04121668074315422 -0.0643714452439689 -0.07957504972986085 -0.08940385171832935 -0.08985895534362219 -0.08257702357970763 -0.06681573177947175 -0.04428518863658735 -0.01624249338642628 0.014813223567761668 0.04650225896723947 0.07582158359729478 0.1002912367755792 0.11727546534900066 0.12533199040703596 0.12302123070576311 0.11102907320456808 0.08959004995550301 0.06283366801163891 0.03418369399019419 0.012781977545089643 0.0036643662832581228 -0.01612026075574699 -0.050879548413836774 -0.08645285753293164 -0.10460735407717085 -0.11271365011588237 -0.11123356424227884 -0.09901101664176791 -0.0777352331557701 -0.04749354076166409 -0.009824325819978535 0.03311527987927739 0.07819376336871431 0.12182680622679663 0.15963722513798378 0.1878625361436744 0.20230851487618845 0.20075754929347958 0.18090236910364496 0.14293345016556017 0.08691420606492326 0.026409533116928258 -0.003582815517148448 0.015086928914690257 0.06161324152613128 0.10437059428122061 0.14479277864722168 0.18052925316195403 0.20260162719214492 0.20584460843480998 0.1883474909696691 0.15248876817782372 0.10281988186553132 0.04572095261325765 -0.011655538680765529 -0.06250237515277016 -0.10158089303039113 -0.12514688346414612 -0.13244100041796653 -0.12417334903931676 -0.1053331341307379 -0.0808871821250374 -0.057643001728663545 -0.04946674860889102 -0.03545355884264057 -0.008797439602685682 0.02294881100365428 0.11266613409193288 0.2594431565078568 0.40418498748982684 0.5170701366871924 0.5890353263340202 0.6059141575453488 0.5653173081832437 0.4703996420526006 0.3300582266814087 0.15870896485409128 -0.02635502773400613 -0.20656752573776882 -0.3640722138978294 -0.4840063674199572 -0.5557125648790778 -0.5742453683667421 -0.5396901037800703 -0.46127886159292125 -0.3463230304488868 -0.21636852019391953 -0.09744622395766764 -0.022601267985811503 0.02945080306060035 0.1608862548117468 0.3677102057853078 0.5847839028144346 0.7583965128763386 0.8686144917479992 0.9004450776035116 0.8474836884014697 0.7126795035524517 0.50818458473748 0.25259192799720276 -0.029502511032111385 -0.3107256380686624 -0.5638383209400067 -0.7642565000931276 -0.8928135425577596 -0.9380300912925785 -0.89722245899973 -0.7765302903162277 -0.5942433564070265 -0.37358868313963767 -0.1623966287102511 -0.028495076959307964 0.027011289743050032 0.15278724760764223 0.35644168452252556 0.5709314329576144 0.748178663021305 0.8675803709323369 0.9095063075627076 0.86742121624781 0.7419208098454652 0.5421115217506802 0.28589175730109023 -0.0033449422610934143 -0.2980599609961342 -0.5693668417940301 -0.790386283514815 -0.9389568791400081 -0.9999999998783888 -0.9677897606587079 -0.8468909686837116 -0.6539035822999185 -0.4111641694451692 -0.17792097449581282 -0.03249987571151955 0.018672747989600717 0.09768220954642058 0.22306446094398158 0.3601460035463726 0.482357392881742 0.5694900434516167 0.6109362315414599 0.5964031146895965 0.5244589708488615 0.3989705265946526 0.22934461949768936 0.03085570702368299 -0.1777469032328335 -0.37583170241125824 -0.5427994513224 -0.660747306851402 -0.7167203847919803 -0.7040720153088849 -0.6233759118935205 -0.48794902501072857 -0.31099127386555986 -0.13521462133701884 -0.024368987481581977 0.00636152399821166 0.018190353761716523 0.030905191877886488 0.04983704530263307 0.0803708092071549 0.11126308461321946 0.13733386407802947 0.1531406890259794 0.1532697056149644 0.13551751824632374 0.09987497646724729 0.04858915723432349 -0.013288790145877877 -0.07881863574898156 -0.14019301251879174 -0.18943245599486536 -0.21976984989600507 -0.22689387576662848 -0.20888827627460185 -0.16988457959629547 -0.11433875104392631 -0.05472596975739419 -0.013248033166132694 -0.003320264062415259 -0.04682869244778545 -0.12667908026720082 -0.20821154554205595 -0.26014709652153134 -0.2863935605443839 -0.2821810378803004 -0.2511931138098665 -0.19720753369808497 -0.1268133334681397 -0.04729366054069836 0.033771802444124824 0.10893015765447578 0.17188463042460442 0.21789314279833324 0.24380251097191633 0.24837184477371707 0.23197500670547067 0.19683832937825954 0.14652607123954983 0.08343826154414133 0.028855772493332703 0.0007220183485874035 -0.007190312267471326 -0.06800450684907623 -0.17639877012025335 -0.2919331371928987 -0.37983598818508035 -0.43525961699736265 -0.4516457013620824 -0.42678682770302523 -0.36316863022868245 -0.26581761012314437 -0.14332888208726913 -0.0065924193490414 0.1321174165669648 0.26001690679841294 0.36512119252375463 0.4374462901635876 0.469791443243671 0.45849276691899504 0.40387790392582473 0.3132605845693428 0.19061008145154248 0.0743264467786369 0.008039324985041153 -0.0038096787185483345 -0.03988816363563489 -0.10361486589124388 -0.17587506701847008 -0.23931547067429582 -0.2864528064349367 -0.3119878674039731 -0.3115116657833932 -0.2829559811817005 -0.22714765569269316 -0.14739219864043893 -0.04991214458375998 0.05670832497526262 0.16230886286781807 0.2560692191278538 0.32760854447412635 0.3684440023593851 0.3727633790149406 0.33786365968732035 0.26953256661552116 0.1677641579210516 0.06743010617497676 0.009040723729095404 0.0030383510376594727 0.01785172361217847 0.0418497712340657 0.060794940169803004 0.06357313133527083 0.05515659625999881 0.03513924583228546 0.008437251281804104 -0.02002791952044193 -0.04498450047620353 -0.062003187519927186 -0.06803933091397824 -0.06200318750351616 -0.0449845004064335 -0.020027919466622468 0.008437251298503468 0.03513924580489283 0.055156596234193264 0.06357313131111293 0.06079494016374499 0.041849771219149644 0.017851723567964134 0.0030383510503538577 0.0090407237385182 0.0674301061621637 0.16776415798895394 0.2695325666919661 0.33786365977248384 0.3727633791318978 0.3684440025475466 0.327608544654103 0.25606921931337234 0.16230886304495168 0.056708325175459255 -0.049912144341400545 -0.14739219837248782 -0.2271476554543252 -0.28295598088641377 -0.3115116655634141 -0.3119878672457303 -0.2864528063602042 -0.23931547053352634 -0.17587506697443914 -0.10361486593307495 -0.03988816366212378 -0.003809678736809974 0.008039324954383496 0.07432644682275491 0.19061008147965938 0.3132605846793733 0.40387790405113133 0.45849276704950004 0.4697914433468505 0.43744629041576416 0.3651211928354633 0.26001690712865067 0.13211741694917256 -0.006592418982297228 -0.14332888178651293 -0.26581760985392155 -0.36316863004607985 -0.4267868274828355 -0.4516457011905279 -0.4352596168178018 -0.3798359881342327 -0.29193313719328623 -0.17639877011012167 -0.06800450686142337 -0.007190312271100018 0.0007220183624202574 0.02885577243986144 0.08343826155693178 0.14652607121954891 0.19683832940924728 0.23197500677799407 0.24837184492955736 0.24380251115892437 0.21789314305516602 0.17188463072631358 0.1089301579117657 0.033771802648919394 -0.047293660372152595 -0.12681333336075745 -0.197207533607371 -0.2511931138209673 -0.2821810379128376 -0.28639356063354743 -0.260147096607614 -0.208211545551534 -0.12667908027157065 -0.046828692475070606 -0.003320264088611618 -0.013248033195648873 -0.05472596981233269 -0.11433875119806938 -0.16988457965106107 -0.20888827637168372 -0.22689387591475182 -0.21976985003243138 -0.18943245603299338 -0.1401930124960476 -0.07881863566877223 -0.013288790025638233 0.0485891573642259 0.09987497653347777 0.1355175182321505 0.15326970553834202 0.1531406889562218 0.13733386397930375 0.11126308448017617 0.08037080908560584 0.04983704520019355 0.03090519178759356 0.018190353706909076 0.006361523981183877 -0.02436898747168777 -0.13521462139729218 -0.31099127395377274 -0.4879490253044421 -0.6233759121179747 -0.7040720154077598 -0.716720384900304 -0.6607473069621579 -0.5427994513797688 -0.3758317024412223 -0.17774690328508083 0.030855706969786706 0.22934461945682053 0.3989705265427863 0.5244589707401748 0.5964031145173395 0.6109362313436336 0.5694900432709431 0.48235739269562095 0.36014600333916 0.22306446076453454 0.09768220945316891 0.018672747972383674 -0.032499875734812146 -0.17792097456675537 -0.41116416964007124 -0.6539035824294673 -0.8468909688612055 -0.9677897609194513 -1.0 -0.9389568792622669 -0.790386283625488 -0.5693668418797421 -0.29805996105147803 -0.0033449422934015995 0.2858917572587933 0.5421115216747788 0.741920809737732 0.8674212161086076 0.909506307399754 0.8675803707544203 0.7481786628512378 0.5709314327993178 0.3564416844578943 0.15278724759311252 0.027011289734080225 -0.02849507696122622 -0.16239662873142968 -0.3735886831368138 -0.5942433564565621 -0.7765302903896686 -0.8972224590109674 -0.9380300914061876 -0.8928135425887418 -0.7642565001318006 -0.5638383209941693 -0.3107256380783812 -0.02950251103677228 0.2525919279947081 0.5081845847720576 0.7126795035891634 0.8474836883860314 0.9004450775406309 0.8686144916954346 0.7583965128253028 0.5847839028172306 0.36771020580255814 0.16088625483811508 0.029450803042695314 -0.022601268011087097 -0.09744622392818943 -0.2163685201277355 -0.34632303034437745 -0.46127886145441105 -0.5396901037349923 -0.5742453682198644 -0.555712564837871 -0.4840063673395712 -0.36407221379191557 -0.20656752564712827 -0.02635502762275947 0.1587089649920913 0.33005822682524427 0.470399642190479 0.5653173083388875 0.605914157706759 0.5890353264532169 0.5170701367821645 0.40418498750477755 0.25944315652006417 0.11266613412303815 0.022948811011431394 -0.008797439602782658 -0.03545355879793049 -0.049466748538893615 -0.05764300156332936 -0.08088718199534714 -0.10533313384503877 -0.12417334890011589 -0.13244100021139077 -0.12514688331026388 -0.101580892903803 -0.06250237502790774 -0.01165553850434825 0.045720952824903155 0.102819882114756 0.1524887684700578 0.1883474912828491 0.20584460874701507 0.2026016274790677 0.18052925338619974 0.14479277885427658 0.1043705943973301 0.06161324154371897 0.015086928902816425 -0.003582815521905859 0.02640953316608189 0.0869142061591631 0.14293345023516146 0.1809023693000243 0.20075754939119417 0.20230851508397146 0.18786253628337526 0.15963722529677984 0.12182680636496623 0.078193763547085 0.033115280028751276 -0.009824325641919183 -0.04749354058046419 -0.07773523295486355 -0.09901101642442955 -0.11123356401605411 -0.11271364989244208 -0.10460735384684679 -0.08645285734712299 -0.05087954830423935 -0.01612026066825718 0.0036643662954554024 0.012781977543286131 0.034183694016587815 0.062833668014007 0.08959004999739935 0.11102907317254704 0.12302123077855237 0.12533199041230186 0.11727546541310566 0.10029123681709431 0.075821583682825 0.04650225901087931 0.014813223628933144 -0.016242493371118598 -0.04428518859365429 -0.06681573175677093 -0.08257702353622007 -0.089858955285759 -0.08940385165800833 -0.07957504966508186 -0.06437144521310452 -0.04121668067836845 -0.01967586598484901 -0.00591705397477492
</DataArray>
        <DataArray type="Float64" Name="Mode_9_phi2" NumberOfComponents="1" format="ascii">
 -4.248557196975365e-7 -2.3489597844932143e-6 -4.2485572616144195e-7 -2.3489597666447427e-6 -8.783294219520509e-6 2.8156256028363803e-6 -1.4450471143977856e-5 3.2890501704290553e-7 -6.762233471738849e-6 6.608355937571445e-6 5.750637097385343e-6 1.0190595511738794e-5 4.72504143863941e-6 9.153331060354359e-7 -4.676679053299684e-6 -5.254673910388876e-6 -2.958745458876091e-6 2.7652390979168383e-6 7.278576562527898e-6 1.0108234339263889e-5 7.12754968351711e-6 3.047376406657957e-6 -4.962239376385472e-6 -5.7735156851441505e-6 -1.0325672834878745e-5 6.213362923201248e-7 -9.840431353144514e-6 -1.1172549892921473e-5 6.531703399911491e-6 -5.85943310114665e-6 2.2674383406603556e-6 -2.4122542307846112e-6 1.517320976429029e-6 -1.225823814057826e-6 1.2608661292733586e-6 -4.393013300132753e-7 1.1218126149130115e-6 -5.4800048455608524e-8 1.0398798371667143e-6 -2.1523850680018286e-7 1.2821229885336398e-6 -1.1335675416448368e-6 2.195557658604114e-6 -2.9622182538848168e-6 4.080650552653448e-6 -5.900693908201404e-6 6.695685162026428e-6 -8.76566457556991e-6 4.919945163093265e-6 -4.804795011224479e-6 -8.783294198865668e-6 2.815625603486409e-6 -1.4450471158688755e-5 3.2890505542843165e-7 -6.762233514971723e-6 6.608355971721907e-6 5.7506371082428265e-6 1.0190595495542933e-5 4.725041429320466e-6 9.153331476005914e-7 -4.6766791236818245e-6 -5.254673825123692e-6 -2.9587455833295496e-6 2.7652392600222087e-6 7.278576372821538e-6 1.0108234518297635e-5 7.127549502992184e-6 3.047376590136213e-6 -4.9622395495266985e-6 -5.773515514536185e-6 -1.0325672975115552e-5 6.213363940399887e-7 -9.840431406669122e-6 -1.1172549885855224e-5 6.531703399250417e-6 -5.859433125248844e-6 2.2674383789519047e-6 -2.4122542673268234e-6 1.5173210147583635e-6 -1.2258238669810701e-6 1.2608661965891333e-6 -4.393014052661101e-7 1.1218127049329618e-6 -5.480014413990443e-8 1.0398799244886095e-6 -2.1523858925341847e-7 1.2821230704735306e-6 -1.1335676445244658e-6 2.195557791734771e-6 -2.962218400386556e-6 4.080650716044528e-6 -5.9006940914388e-6 6.695685350066887e-6 -8.765664739352022e-6 4.919945281799492e-6 -4.80479509154292e-6 -0.005773565017765595 -0.008952392116816997 -0.013401881612023901 -0.008572720748648966 -0.007512090746511147 -0.001784684685072224 0.0015057568833865603 0.006673170436521139 0.010130046229321876 0.013704819810754956 0.01568250960129813 0.01674963121939129 0.01605529179231271 0.014239946108527794 0.010646416527323057 0.006505567320503647 0.0009987800996467521 -0.0038381044966071293 -0.009390175073907265 -0.012615135301977469 -0.015355009801634782 -0.01230261976771113 -0.011334403913178078 -0.0005649440845970533 -0.03324484702088353 -0.05890338620632124 -0.026506131328519228 -0.023432259944652065 -0.006330706365308675 0.006495902879366898 0.02058729419847081 0.033245427858471975 0.044146505101872624 0.052156088789852166 0.05621910325054388 0.055653755429499935 0.05019735812459941 0.039550123066733424 0.0249781423920261 0.006699215786974529 -0.013022953542054511 -0.03224472182129926 -0.05181950192993916 -0.06381704843261107 -0.05925152545797501 -0.011074337446592475 0.012931437508075754 -0.015497923940835968 -0.0633355914487264 -0.017393610593995874 -0.013957110665915488 -0.00210551283003503 0.0065111932976982395 0.014749774172696252 0.02386834661582247 0.033393409619404256 0.042705161361225145 0.05017535694446254 0.054745398693710014 0.05449213791103015 0.04872832575311954 0.03642090791463431 0.018282495218966945 -0.006309076356737343 -0.03365738199341498 -0.06268566138378352 -0.09855735824028433 -0.07178904896209026 -0.00022930989440231796 0.0509823830898759 0.07525112273563563 0.037583534505402826 0.06632809727866662 0.05092824452536317 0.027216122794452374 -0.0028408130936085694 -0.033683708237885926 -0.058218224371693245 -0.07378253906745326 -0.07797311972814375 -0.0710848541933182 -0.05496510743606272 -0.03254126841092332 -0.008044056239905511 0.014167694392437835 0.03007692481015425 0.03549654444703889 0.027177316295027176 0.013760505426333072 -0.03708892724170276 -0.0017197429453982473 0.0325620633162342 0.10054934205666907 0.23733744097124143 0.23287885437719139 0.23167027885379188 0.17317087859000097 0.0876273026654994 -0.013957854569182625 -0.11564148641032317 -0.20524130745971755 -0.27111662207090975 -0.3069683951914978 -0.30911916438602505 -0.2786125147626387 -0.22015046527598472 -0.1416359351166747 -0.05333593171062006 0.03326656875744045 0.10701673055855569 0.15454581022838587 0.1832629207682077 0.14382431361515757 0.14844709177495832 0.0844975332660922 0.15861921501705906 0.42121820660085785 0.464024758904232 0.43101367870976526 0.32463046976575427 0.16590078393416477 -0.018197394416373722 -0.20626756758033543 -0.37468991627468173 -0.5055355551566022 -0.5840925627169479 -0.6028892842167164 -0.5605366493621321 -0.46257742957114256 -0.3207272900469368 -0.15163173546433026 0.024966863747671143 0.18804243453320224 0.31481285975346324 0.3978450551159376 0.391260041714248 0.35037489492817464 0.14707325903476615 0.20533442292850176 0.5701233150537001 0.646375187963953 0.5993011572158317 0.4554673243972874 0.24128891647138767 -0.010814645858962456 -0.2705543585686225 -0.5084527743133929 -0.6976304353424103 -0.8181009891059878 -0.8566701411164351 -0.8096620341463632 -0.6822247218847703 -0.4884465568542126 -0.24986061866720763 0.006597224106778123 0.25154373096362637 0.45320213027557593 0.5885636706854077 0.6187816031068339 0.5365054388388473 0.20294002975979647 0.23230961438998277 0.6340176659338431 0.7196380890700076 0.682420022283342 0.5242551131746938 0.2903763323531806 0.00738884772939438 -0.28815119972608905 -0.5631852255056721 -0.7870107886444659 -0.9347153519476493 -0.9900759904711859 -0.9465356461505914 -0.808295381794811 -0.5899014560272481 -0.3149246486588655 -0.014092837243781745 0.27817073171082746 0.5256878243240993 0.6911677949189577 0.7482531456190072 0.645706256305161 0.23854126152047314 0.23498284393845453 0.6079802903088708 0.6744504867335711 0.6663016961893009 0.5190814473810017 0.30039593508495366 0.02815888011896588 -0.2618120521222797 -0.5355546988505359 -0.762252384685892 -0.9161149223311212 -0.9793068121881281 -0.9440949052802369 -0.8131891657646928 -0.6001822397851166 -0.32795150687463526 -0.026985818415580582 0.26726894053564365 0.5192006787055509 0.6868502040266746 0.7446609381188947 0.6548795864531647 0.24776918116124136 0.2229588542603714 0.5284201181851421 0.5607305361531834 0.5845219513105347 0.4612658364816948 0.2773058154678177 0.03980976155334065 -0.21683777893127187 -0.46227510743927175 -0.6675449477195907 -0.8087414010077121 -0.8690523593372693 -0.8407422605475547 -0.7259613941340896 -0.536671194043881 -0.2937832192702005 -0.024985036300061107 0.23682637402616777 0.45900534702018775 0.6058162621943816 0.6404627639170273 0.5855815884777412 0.23666643891471528 0.20934948004236473 0.45574227449493915 0.45872182749028895 0.49898270780287596 0.39588826231068275 0.24000046921741294 0.03556510238848024 -0.1869924059307237 -0.3995269839097522 -0.5767010588466953 -0.697126698101963 -0.7463922642238598 -0.7182310307281357 -0.6152472648401744 -0.44884055906880305 -0.23806194369103328 -0.007911911293975598 0.2124041060269496 0.39342931007573834 0.5120271313095887 0.5106644885556758 0.4942742657357977 0.21826464567567097 0.20681378208534318 0.4401518289577555 0.43597203264413525 0.4674152863798409 0.3668150810930821 0.21289900372758663 0.016438056138959538 -0.19444675136150286 -0.3922311426800494 -0.5530927477518108 -0.6578506405331607 -0.6941644179297983 -0.6578506404064202 -0.5530927475926007 -0.39223114252992575 -0.19444675108177997 0.016438056399658688 0.21289900387661784 0.3668150812349412 0.4674152864996503 0.4359720327073196 0.44015182891695537 0.20681378203984208 0.21826464575808835 0.4942742658045841 0.5106644885073988 0.5120271311804453 0.3934293099481395 0.21240410590552483 -0.007911911511723595 -0.23806194403992897 -0.448840559207274 -0.6152472650040869 -0.7182310307908367 -0.746392264219566 -0.6971266979468409 -0.5767010586881997 -0.3995269837282835 -0.18699240575180923 0.03556510258801303 0.24000046938156133 0.39588826247651515 0.498982707841839 0.4587218275343765 0.4557422744618838 0.2093494799871972 0.23666643894708317 0.5855815886019169 0.6404627638950285 0.6058162621212588 0.4590053468873069 0.23682637393447395 -0.02498503649906378 -0.29378321950868086 -0.5366711942290654 -0.7259613942459354 -0.840742260589641 -0.8690523593144021 -0.8087414009145776 -0.66754494755293 -0.4622751073231222 -0.21683777874294274 0.03980976165523783 0.27730581563972695 0.46126583657717396 0.5845219512796064 0.5607305361778283 0.5284201181750394 0.22295885425261278 0.24776918125943312 0.6548795865367182 0.7446609381596344 0.6868502039681511 0.5192006785872691 0.2672689404715475 -0.026985818585191775 -0.32795150695175407 -0.6001822399863914 -0.8131891658192538 -0.9440949053372973 -0.9793068122468659 -0.9161149222599196 -0.7622523845953556 -0.5355546987211375 -0.26181205200714563 0.028158880227348203 0.30039593520125996 0.5190814474324329 0.6663016962138942 0.6744504867322023 0.6079802902729845 0.23498284394746002 0.23854126153304483 0.6457062563764009 0.7482531456190744 0.6911677949626059 0.5256878241721162 0.2781707316472437 -0.014092837310542214 -0.3149246487165225 -0.5899014561176208 -0.8082953818493724 -0.9465356462260202 -0.990075990525266 -0.934715351973776 -0.7870107886059998 -0.563185225433548 -0.28815119963693386 0.007388847808279701 0.2903763324206376 0.5242551132600896 0.6824200223769064 0.719638089027389 0.6340176659461169 0.23230961441831918 0.20294002980348522 0.5365054387989202 0.6187816031322835 0.5885636705877014 0.45320213024923595 0.2515437308739378 0.006597224068388267 -0.24986061866063355 -0.48844655689899785 -0.6822247219143728 -0.8096620342111154 -0.8566701412035873 -0.8181009891514086 -0.6976304353674255 -0.5084527742864962 -0.27055435849608817 -0.010814645819788657 0.2412889165506817 0.4554673244927231 0.5993011572952691 0.6463751879593709 0.5701233151368694 0.2053344230007461 0.1470732589864836 0.3503748948618553 0.3912600415596522 0.39784505509054047 0.3148128596924465 0.18804243451837058 0.024966863733156403 -0.15163173546292863 -0.3207272900380627 -0.462577429592781 -0.5605366494401901 -0.6028892842565615 -0.5840925627948038 -0.5055355552170085 -0.37468991629696247 -0.20626756755437736 -0.01819739438337908 0.16590078402885788 0.32463046984342964 0.4310136788027233 0.4640247589921336 0.421218206758303 0.15861921510409444 0.0844975332614325 0.1484470915992625 0.14382431351686895 0.18326292066133704 0.1545458101553225 0.10701673055331896 0.03326656879232682 -0.05333593170276185 -0.1416359350922683 -0.22015046530872184 -0.27861251476938187 -0.30911916446192733 -0.3069683952653104 -0.27111662212170146 -0.20524130750937036 -0.11564148644088663 -0.013957854549086117 0.08762730276222647 0.17317087867679118 0.23167027901863926 0.23287885450636467 0.23733744114906935 0.10054934211546131 0.03256206324216682 -0.0017197430323507112 -0.037088927386341855 0.013760505374500706 0.027177316207224755 0.035496544405478316 0.030076924866392945 0.014167694400735995 -0.008044056237988118 -0.032541268386903 -0.05496510746948492 -0.07108485423176172 -0.07797311978516679 -0.07378253910139834 -0.05821822444237378 -0.033683708288560266 -0.0028408130870646925 0.027216122880099614 0.050928244598975166 0.0663280974289089 0.03758353465208913 0.07525112288045378 0.050982383157520454 -0.00022930990431532645 -0.0717890490598181 -0.09855735825515796 -0.06268566146376724 -0.03365738206130258 -0.006309076345998524 0.018282495188898972 0.036420907941101324 0.048728325767416904 0.05449213788850427 0.054745398697877895 0.05017535693925673 0.042705161321930515 0.03339340960459269 0.02386834656986822 0.014749774132781446 0.006511193292716401 -0.0021055128059147433 -0.013957110630889835 -0.01739361049787776 -0.06333559132466722 -0.015497923821511458 0.012931437552667985 -0.011074337492055577 -0.05925152548570076 -0.0638170484278643 -0.05181950197371061 -0.032244721797619585 -0.01302295360743944 0.006699215822386925 0.024978142357232315 0.03955012307970086 0.050197358101939205 0.055653755442549455 0.056219103273084436 0.05215608878787348 0.044146505093036935 0.033245427857783644 0.020587294165643807 0.006495902871624914 -0.006330706363477857 -0.02343225992146798 -0.02650613130050298 -0.058903386189549295 -0.03324484694982843 -0.0005649440466496639 -0.011334403918661232 -0.012302619761799714 -0.015355009793851763 -0.012615135314416537 -0.009390175072084787 -0.003838104503901483 0.0009987801033383642 0.006505567298402142 0.010646416529669685 0.014239946087436024 0.01605529181475872 0.016749631212173387 0.015682509622664705 0.013704819805114588 0.01013004624242748 0.006673170401914633 0.0015057569021104508 -0.0017846847120343804 -0.007512090708210631 -0.008572720778722571 -0.01340188156663691 -0.008952392119042989 -0.005773564990133192
</DataArray>
        <DataArray type="Float64" Name="Mode_10_w" NumberOfComponents="1" format="ascii">
 4.7505069356654517e-7 -5.836131396254679e-7 4.750506935398932e-7 -5.836131398112626e-7 -1.2470024343062592e-6 9.204911580348485e-7 8.430156539649404e-7 2.1776251625303986e-6 2.467731230062694e-6 2.467731230062694e-6 2.665933305604368e-6 2.367520154753506e-6 6.113376810361993e-7 -1.4899475342632836e-6 -3.2853335460449216e-6 -3.6493100665327022e-6 -2.5114741390714395e-6 -5.580133248360164e-7 1.341167208975564e-6 2.4748251970677413e-6 2.406599407173116e-6 2.406599407173116e-6 2.2816358271513906e-6 1.321800022583392e-6 9.870084323319712e-7 -3.285025318094551e-7 -3.866132946366291e-7 4.4593917813308467e-7 -4.709823035758714e-7 3.178163572329681e-7 -1.0294082555574733e-6 -3.429117302972661e-7 -3.429117302972661e-7 -6.189346427609081e-7 -1.208633751465079e-7 9.139438629470812e-8 3.358539590563757e-7 5.058030947939893e-7 5.295600117492815e-7 5.193335417036917e-7 3.499507721324414e-7 2.0489043442066662e-7 -1.8162449642795568e-7 -3.2001803422282186e-7 -3.2001803422282186e-7 -8.932469886990036e-7 -3.3902013835445475e-7 -7.747492206836724e-7 7.954748155394386e-7 -1.1829511980473571e-6 -1.2470024353967008e-6 9.204911598375405e-7 8.430156530325536e-7 2.1776251642329725e-6 2.467731228622026e-6 2.467731228622026e-6 2.665933308992035e-6 2.367520153967977e-6 6.113376846866722e-7 -1.4899475343846709e-6 -3.2853335447867846e-6 -3.649310066401412e-6 -2.5114741408920996e-6 -5.580133259834193e-7 1.3411672075619254e-6 2.4748251955335194e-6 2.4065994089902505e-6 2.4065994089902505e-6 2.281635826306931e-6 1.321800024607927e-6 9.870084330995698e-7 -3.2850253141082e-7 -3.866132957570237e-7 4.4593917782909116e-7 -4.7098230421626836e-7 3.178163585353687e-7 -1.0294082552849896e-6 -3.4291173032007307e-7 -3.4291173032007307e-7 -6.189346439804832e-7 -1.2086337443288836e-7 9.139438465560392e-8 3.358539607849074e-7 5.058030949080243e-7 5.295600121982197e-7 5.193335404625099e-7 3.4995077227228443e-7 2.0489043415347193e-7 -1.8162449578575814e-7 -3.2001803325892536e-7 -3.2001803325892536e-7 -8.93246987919964e-7 -3.390201389774464e-7 -7.747492210425828e-7 7.954748159019501e-7 -1.1829511960524935e-6 0.00027338379403366367 0.000604957923369424 0.0005594255406116767 0.0006524060458758374 0.0006199124333009782 0.00048451270736908603 0.00048451270736908603 0.00028333847225932616 3.769734778428373e-5 -0.0001722942037143117 -0.00032024199169559676 -0.0003599487897557775 -0.0003100780552443804 -0.0001700602232162746 -8.492169621222227e-6 0.00017050771861053615 0.000277304044707302 0.0003627668378600319 0.0003627668378600319 0.0003332346552663175 0.00036993935359182434 0.0003275585703595494 0.00014609041335536516 0.0010030529999160564 0.004801999570205184 0.006710596767980654 0.008507356127614158 0.008490725109386432 0.0067634783574751335 0.0067634783574751335 0.0036249611810586745 -9.385683903583109e-5 -0.0035240887438070137 -0.0058445999798081155 -0.006548980626471742 -0.005580428654587781 -0.003232052524153891 -0.00021466214751804735 0.002787257773661666 0.004965681712699111 0.005971435854327859 0.005971435854327859 0.005579272345067309 0.004194478194098931 0.0030611976155464214 0.0006007466370818505 0.0017465542663991362 0.011515955195778312 0.021283812248990838 0.027813002845949012 0.028605389641818663 0.02279123191240842 0.02279123191240842 0.011978702662001638 -0.0012209651323285102 -0.013509144599369 -0.02198197159919709 -0.02468262603734569 -0.021171884296394647 -0.012581350735946017 -0.0012023689503980956 0.010062901766954324 0.018524734672461362 0.022192969959839628 0.022192969959839628 0.020607906500179317 0.014679779193224912 0.007752481902216108 0.0011559879065460225 0.0024355721639584874 0.017908937979505216 0.037025061738636365 0.049470189101505996 0.05142630503869118 0.04153845085021042 0.04153845085021042 0.022096225119656466 -0.001979659221931467 -0.024856951866050473 -0.04101232762000487 -0.04666278344489219 -0.040663583575335935 -0.024865398481811032 -0.0034300036260187673 0.018285281919701215 0.034959109182238955 0.034959109182238955 0.042730429111849745 0.040194294767187035 0.02892674895445843 0.013889910580137822 0.0018094650635871391 0.0026982915894643907 0.02127829117726279 0.04637712724501194 0.06299505866781785 0.0659843555761928 0.05361165272890931 0.05361165272890931 0.02870814947317274 -0.0026460964938271408 -0.032793813206892175 -0.05448135661160364 -0.062490479484949825 -0.05501971281789466 -0.03420272840054272 -0.005422958068230332 0.024182997922608522 0.047378371498805784 0.047378371498805784 0.058614076028567344 0.05571554832785472 0.04040391055063427 0.018698951498556268 0.002317465320867135 0.0026982915894643907 0.02127829117726279 0.04637712724501194 0.06299505866781785 0.0659843555761928 0.06218000087641568 0.05361165272890931 0.02870814947317274 -0.0026460964938271408 -0.032793813206892175 -0.05448135661160364 -0.06210158911415088 -0.05521479169454583 -0.034822699410514336 -0.006026660868378677 0.02408165453950672 0.047378371498805784 0.058614076028567344 0.06027636014389846 0.05785700200062275 0.04242228441681254 0.0192405106186047 0.0023142168576107927 0.00216698235428889 0.018636491464289705 0.04266833413341065 0.05881518606267065 0.06218000087641568 0.05087253090697859 0.05087253090697859 0.027323929495950052 -0.002765512809443274 -0.03216467498847133 -0.05371446690727791 -0.06210158911415088 -0.05521479169454583 -0.034822699410514336 -0.006026660868378677 0.02408165453950672 0.04814265471793639 0.06027636014389846 0.06027636014389846 0.05785700200062275 0.04242228441681254 0.0192405106186047 0.0023142168576107927 0.0009248597399513782 0.009396649877527356 0.023643569175047213 0.033759844108676065 0.03636761708204294 0.030245845750812125 0.030245845750812125 0.016396889510149264 -0.001953338387555109 -0.020430692730383004 -0.03451312453583594 -0.04052846462771698 -0.03668931272886022 -0.023713112689120467 -0.004645148841827251 0.015914382064638143 0.032904325168668945 0.042027811011461344 0.042027811011461344 0.04104317013418966 0.030667863334993058 0.01380327016536503 0.0016428044010022094 -0.0008125082094523366 -0.00434630572468189 -0.006367712533890046 -0.006781201956700999 -0.005861902832075863 -0.003877662522003287 -0.003877662522003287 -0.0016670961799940107 -3.5911836489389395e-5 0.0005205424938902446 -4.042061639043453e-5 -0.0012793188280607523 -0.002406459459181265 -0.0026550654602713153 -0.0016240883724771252 0.0005733315038346512 0.0033594730897273154 0.005776587038291148 0.005776587038291148 0.00683434306429043 0.006104378975206127 0.0027310499590785173 0.0003177114264648803 -0.0024584743883650896 -0.018314547538216444 -0.03778615789923262 -0.049920998150102855 -0.05124296027940402 -0.04075649003856013 -0.04075649003856013 -0.02117319866892458 0.002509417869889925 0.024430238191688235 0.03934133539690173 0.043872294962713214 0.03736114553447904 0.021979058003810097 0.001930868873820836 -0.017726761989201756 -0.032248590082456084 -0.03836615952534025 -0.03836615952534025 -0.03528078312217188 -0.024622925519701053 -0.011049541245071105 -0.0013236599118960019 -0.00352537511888731 -0.027791856512580423 -0.059811183474034586 -0.08081941694992527 -0.08417640225856433 -0.06780783278544643 -0.06780783278544643 -0.035489199217301384 0.004754720047400744 0.04308316728355314 0.0701872257540851 0.07953149975112217 0.06905541034096234 0.041754914018697895 0.004671872466574336 -0.033008081352968774 -0.062134972140770725 -0.07579987927924074 -0.07579987927924074 -0.07139007774117007 -0.05139024956018782 -0.023215481555570523 -0.0028113745258971654 -0.003640698783578452 -0.029593265548439062 -0.06486149634227167 -0.08884437416350417 -0.09335779128119351 -0.07578798563401778 -0.07578798563401778 -0.0398680751414943 0.005680337865104009 0.04974669804149496 0.08153703499991216 0.0931201793033504 0.081537035013873 0.04974669806626985 0.005680337898195926 -0.03986807510608517 -0.07578798559950416 -0.07578798559950416 -0.093357791252903 -0.08884437414356465 -0.06486149633403368 -0.029593265543229667 -0.00364069878290111 -0.0028113745251664 -0.02321548155021832 -0.05139024954874266 -0.07139007772702419 -0.07579987927105707 -0.07579987927105707 -0.06213497214363579 -0.03300808136880737 0.0046718724384201965 0.04175491398406034 0.06905541030317941 0.07953149972288034 0.07018722574405453 0.0430831672950985 0.004754720080500058 -0.035489199169142366 -0.06780783272794112 -0.06780783272794112 -0.08417640220079887 -0.08081941690063962 -0.059811183439324365 -0.027791856500061492 -0.0035253751177518927 -0.0013236599109228164 -0.011049541234229769 -0.02462292549580121 -0.03528078309127067 -0.038366159496630865 -0.038366159496630865 -0.0322485900640934 -0.01772676199182678 0.0019308688559689204 0.021979057969575274 0.03736114549232921 0.04387229492136202 0.039341335369433385 0.024430238186034375 0.0025094178918093797 -0.021173198620074034 -0.040756489973891 -0.040756489973891 -0.05124296020915796 -0.04992099808588728 -0.037786157852919125 -0.018314547515810423 -0.0024584743857426444 0.0003177114275392431 0.0027310499680848334 0.0061043789987161815 0.006834343092259243 0.005776587067605654 0.005776587067605654 0.0033594731078862494 0.0005733315078809509 -0.0016240883902583288 -0.0026550654911335052 -0.0024064595009771817 -0.0012793188701105968 -4.042064911040306e-5 0.0005205424836776477 -3.591182164538446e-5 -0.0016670961419591752 -0.0038776624633174773 -0.0038776624633174773 -0.005861902765992937 -0.006781201895891837 -0.006367712489225747 -0.0043463057035614565 -0.000812508206557387 0.0016428044014151638 0.013803270169474007 0.03066786334385021 0.04104317014937498 0.04202781102173206 0.04202781102173206 0.0329043251739422 0.01591438205804689 -0.004645148857924385 -0.023713112719788827 -0.036689312764844745 -0.04052846466120071 -0.03451312456092482 -0.020430692739345637 -0.001953338375547338 0.01639688954110038 0.030245845795693997 0.030245845795693997 0.036367617134618786 0.033759844156047054 0.0236435692107635 0.009396649896411145 0.0009248597425771097 0.0023142168574069974 0.019240510617120895 0.04242228441332402 0.05785700199405341 0.06027636013408335 0.04814265470258004 0.04814265470258004 0.024081654522451507 -0.0060266608903491335 -0.03482269943242413 -0.05521479171773737 -0.06210158913174601 -0.05371446691430229 -0.032164674985215524 -0.002765512793484135 0.027323929522783563 0.05087253094174978 0.05087253094174978 0.062180000915135834 0.05881518609825945 0.042668334158723516 0.018636491478757285 0.0021669823566588253 0.0023142168574069974 0.019240510617120895 0.04242228441332402 0.05571554830570051 0.05861407600203073 0.0473783714700905 0.04814265470258004 0.024081654522451507 -0.0060266608903491335 -0.03482269943242413 -0.05521479171773737 -0.06210158913174601 -0.054481356600301206 -0.032793813188023165 -0.0026460964693521024 0.02870814950205102 0.053611652759051893 0.062180000915135834 0.06598435560454573 0.06299505869248674 0.04637712726420751 0.021278291187803375 0.002698291591077751 0.0023174653201625903 0.01869895149197664 0.04040391053529671 0.05571554830570051 0.05861407600203073 0.05861407600203073 0.0473783714700905 0.02418299789738976 -0.00542295808741775 -0.034202728414855624 -0.0550197128216508 -0.06249047948047823 -0.054481356600301206 -0.032793813188023165 -0.0026460964693521024 0.02870814950205102 0.053611652759051893 0.053611652759051893 0.06598435560454573 0.06299505869248674 0.04637712726420751 0.021278291187803375 0.002698291591077751 0.001809465062511302 0.013889910571747037 0.028926748935161707 0.040194294740570784 0.042730429081571854 0.042730429081571854 0.03495910915337043 0.01828528189521863 -0.003430003639642612 -0.024865398484692196 -0.04066358356848472 -0.0466627834269361 -0.0410123275950831 -0.024856951838664713 -0.001979659192484997 0.022096225147610293 0.041538450875919064 0.041538450875919064 0.05142630506068594 0.04947018911875635 0.037025061750028884 0.01790893798640723 0.0024355721649718574 0.0011559879056303303 0.007752481895350505 0.014679779178900666 0.02060790648048278 0.022192969937810496 0.022192969937810496 0.018524734652478062 0.010062901752307162 -0.0012023689579248634 -0.012581350733795254 -0.02117188428526311 -0.02468262601952207 -0.02198197157672248 -0.013509144574983246 -0.0012209651092642943 0.011978702682872879 0.022791231929757554 0.022791231929757554 0.028605389656231092 0.02781300285646529 0.02128381225614698 0.011515955199285872 0.001746554266991152 0.0006007466365787806 0.0030611976116471265 0.004194478188117191 0.0055792723366997615 0.005971435846014769 0.005971435846014769 0.0049656817050462015 0.0027872577687781735 -0.00021466214859536104 -0.0032320525218516847 -0.005580428647528178 -0.0065489806166168976 -0.0058445999689050645 -0.0035240887330220483 -9.385682876852026e-5 0.0036249611898461517 0.006763478365288607 0.006763478365288607 0.008490725115731656 0.008507356132696738 0.0067105967707150865 0.004801999572813368 0.0010030530003352304 0.00014609041311571346 0.0003275585698283531 0.000369939352680895 0.0003332346543657522 0.0003627668368809375 0.0003627668368809375 0.00027730404412691813 0.00017050771818275786 -8.492169575832066e-6 -0.00017006022265451379 -0.0003100780544425805 -0.00035994878851418517 -0.000320241990317466 -0.00017229420248845022 3.769734896683987e-5 0.0002833384732542438 0.00048451270838495853 0.00048451270838495853 0.0006199124340318026 0.0006524060467677658 0.0005594255410066799 0.000604957924002016 0.000273383794174824
</DataArray>
        <DataArray type="Float64" Name="Mode_10_phi1" NumberOfComponents="1" format="ascii">
 3.499676337405961e-6 -2.8044596154002346e-6 -3.49967633664968e-6 2.8044596216021125e-6 1.913228119937567e-5 -1.3038345767029113e-5 1.1871262367047794e-5 -4.077362655293312e-6 8.432404208251771e-6 -3.8557360010948624e-6 1.417655303099232e-6 -6.255490390940226e-6 -3.3333499958519353e-6 -4.916703129378143e-6 -1.6695511431712129e-6 6.430532903503074e-7 2.6865308915554325e-6 5.313167171707861e-6 3.218855870139987e-6 4.662755238287835e-6 -1.902585157954087e-6 1.7587070588900616e-6 -6.92973576720824e-6 3.052946442508967e-6 -9.853545089201215e-6 1.3118979273398395e-5 -1.7804219608669416e-5 -1.1839503030371246e-5 6.688709861409767e-6 -5.011687351475057e-6 1.7639592088136516e-6 -3.712576516113319e-6 -7.033821563162598e-7 -2.368739312020417e-6 -5.794547145372243e-8 2.865002599833715e-10 1.928158606439237e-6 1.99996165511511e-6 3.312974459830416e-6 1.824624719026768e-6 3.044105309959339e-6 -1.1792421949764084e-6 1.9632897692975775e-6 -5.933152897958461e-6 2.9969996237053106e-6 -1.1042772183904787e-5 9.648856546742977e-6 -1.5895796589921907e-5 1.5921285887247746e-5 -1.5680756861705215e-5 -1.9132281230525144e-5 1.3038345782640976e-5 -1.187126236333744e-5 4.077362643059029e-6 -8.43240419016487e-6 3.855735974192672e-6 -1.4176552795804442e-6 6.255490375257696e-6 3.333350000383895e-6 4.916703118209084e-6 1.6695511764770538e-6 -6.43053331125515e-7 -2.686530841340337e-6 -5.313167209402544e-6 -3.2188558429585265e-6 -4.6627552581541055e-6 1.902585159312181e-6 -1.758707053111032e-6 6.929735754031826e-6 -3.052946435007396e-6 9.853545095679218e-6 -1.3118979286789701e-5 1.7804219631446498e-5 1.183950302285707e-5 -6.688709835054498e-6 5.011687318741112e-6 -1.7639591681480928e-6 3.7125764829458943e-6 7.033821860706397e-7 2.368739311432016e-6 5.794544531627604e-8 -2.864472752989653e-10 -1.928158663668714e-6 -1.9999616153603343e-6 -3.312974493515404e-6 -1.8246247070816023e-6 -3.044105309435373e-6 1.1792421814460083e-6 -1.9632897513532645e-6 5.933152883569444e-6 -2.9969996176137707e-6 1.104277217734975e-5 -9.648856539647094e-6 1.5895796588542433e-5 -1.5921285881884306e-5 1.5680756844392292e-5 0.01787352182819432 0.025967800473942086 0.04488999830832657 0.04937298745985949 0.05606728835288887 0.049633411181767575 0.039036975778579744 0.02030124385723327 0.0011254558789900427 -0.017373050626468534 -0.029862232144114296 -0.03533130525706997 -0.03245359548618146 -0.022854765763713293 -0.0085122082370349 0.006920828586009914 0.020908646379852604 0.030080598048222495 0.03448152677179137 0.03259192795408909 0.02894732328061917 0.020753689372249615 0.015076172631518352 0.018334655647307987 0.09048045130156102 0.16653198837490454 0.2330439908107721 0.25967305316974704 0.24217996274407436 0.17670788964122514 0.08145429563668487 -0.026300056432574697 -0.12284221142316433 -0.18944116475035128 -0.21353962637858884 -0.19203665226649433 -0.13116548077043955 -0.04543536133536063 0.04727845996721153 0.1265266905974825 0.1782988831698572 0.19257270167763973 0.16884058232833976 0.1266333525922677 0.06930756344112622 0.013838150124908423 0.024610103220646492 0.13082808685038042 0.292326044106205 0.42563135622602816 0.47880890166806417 0.44007060034406825 0.3151059935106291 0.12892269162547457 -0.07825843524470585 -0.2640464561896937 -0.3907182060947439 -0.4335050690632504 -0.3858793309447033 -0.26026292163173653 -0.08412651979556095 0.10367129219407492 0.26550883416794774 0.3665736262238242 0.3911025425545643 0.33763879729719065 0.22647076942809263 0.10061956537787625 0.02041379477594433 0.0187252745101918 0.12198687886114946 0.28236296972092617 0.4226110743206018 0.4795502268531575 0.4468348352946625 0.3241535065540508 0.1369966464756158 -0.07648153089262098 -0.27265395566185385 -0.4111928791692286 -0.4641472235168275 -0.42116612603882675 -0.29211501503370413 -0.10478029672542877 0.10193863957230441 0.28419077048363717 0.40611712611435735 0.4428669275970085 0.3924605468375428 0.2661283015187942 0.11751180355203676 0.01797478582829065 0.008888186134798047 0.06757305245427021 0.16264592636060785 0.25052796111715564 0.2878986723623102 0.26745923502369934 0.19168751252577135 0.07394558682497236 -0.06293408124712913 -0.19064239169502656 -0.2828733806064033 -0.31947293689292533 -0.2914690263814612 -0.20313721456033876 -0.0718201307765663 0.07566832469656191 0.2091644049959297 0.30024365986786516 0.3300432411560322 0.2941616963976865 0.1966338646350649 0.08277812727215982 0.011724969351937179 -0.011837825071053305 -0.03691709794766742 -0.06449404682749188 -0.08115601383720697 -0.08637494786071183 -0.07757338314334672 -0.058680866317215745 -0.035120517581413394 -0.013047091917565059 0.00196830707885527 0.008395892982756586 0.007369863407491084 0.002616523773755038 -0.0011333311072038701 -6.542229782376265e-5 0.007132730969352498 0.019138718706039174 0.03247119987646949 0.040931571180097805 0.04187443007782277 0.025091088549268423 0.0036612835431963043 -0.004481087989535474 -0.031075425665566196 -0.1534853209241458 -0.3270107009078852 -0.46768541542561926 -0.5237803066045313 -0.48383307529968883 -0.351793735530479 -0.15794081662325973 0.05689136451084464 0.24854902370925505 0.37853741572862803 0.4235858568519637 0.37904565672875223 0.25879918163957055 0.09165220596884115 -0.08544029019411728 -0.23557356417681433 -0.32965022826470625 -0.3528143063399368 -0.30573566741824054 -0.21146253176563357 -0.10203970339792104 -0.0224266953437176 -0.04717194158754604 -0.24500325751956864 -0.5341781101385659 -0.7766139004158042 -0.875986040056541 -0.809885362959406 -0.585770828256288 -0.2496373904569896 0.12832865866649687 0.47031000844080917 0.7072790735627458 0.7927975239637535 0.7129690962305317 0.48844014002724395 0.16898440941553367 -0.17731559086612553 -0.47853293449437384 -0.6742305070664845 -0.7290194885315083 -0.6398834737964941 -0.43852788345636984 -0.20361729438107437 -0.04017702185938133 -0.050735865926699555 -0.27391923499129256 -0.6028822090168915 -0.8826832177536457 -1.0 -0.9259009991106526 -0.6661777072513736 -0.27342349496241164 0.17246362090732983 0.5796680967674931 0.8644330159948416 0.9688512050015344 0.8725010824284055 0.5967525885784428 0.20016608145000955 -0.23428480240428817 -0.6167426488081964 -0.8693615364692081 -0.9432305663955556 -0.8326587826227527 -0.5704759725191744 -0.2607817097606768 -0.04862847779876024 -0.04188692447876751 -0.22637530915429122 -0.4984242652384152 -0.733072280493152 -0.8340893636376037 -0.7727471856351765 -0.553059865120091 -0.2163210125720909 0.169247621872115 0.5245262540765424 0.7752970704420534 0.8679733754076941 0.7813877196628811 0.5316517343595598 0.1691712590465333 -0.23154791925732437 -0.5877207080497233 -0.8258881786285598 -0.8976628257979237 -0.7957002235580702 -0.5451409390945092 -0.24771078851233758 -0.045543721381918686 -0.02119505829783004 -0.1139909394007617 -0.25002364304468677 -0.3705501367667931 -0.4261806054271676 -0.39626585901396366 -0.280831739287643 -0.09921599770097764 0.11346897502886527 0.31328878331342286 0.45705626444926084 0.511387584338673 0.460303367106947 0.3097243482421036 0.08737067461665877 -0.16249330366489187 -0.3883691026042904 -0.5425208136611216 -0.5910002205678458 -0.5273750221523568 -0.3625370589308612 -0.163578879839834 -0.02939960728333446 0.004973227317135268 0.029787288767909845 0.06854193743460395 0.09639491494928851 0.10215295686876871 0.09145188129800373 0.06833441312593982 0.04165351384121191 0.01872300930542645 0.004359325243830333 -0.0007485121073216175 -3.391147084608242e-10 0.0007485115385514765 -0.004359325556541436 -0.018723009320617906 -0.041653513542509096 -0.06833441258780443 -0.09145188058189853 -0.10215295609533499 -0.09639491431598943 -0.06854193694954598 -0.029787288595335217 -0.004973227297053302 0.029399607319989123 0.16357888002101773 0.3625370592573177 0.5273750227263109 0.5910002212511128 0.5425208143240507 0.3883691031578948 0.16249330394642844 -0.08737067452478767 -0.30972434843471613 -0.4603033674844822 -0.511387584797732 -0.4570562649012783 -0.3132887836487514 -0.11346897518610087 0.09921599776519473 0.28083173959492663 0.3962658594484404 0.42618060593369417 0.37055013731806724 0.2500236433977959 0.11399093955804362 0.021195058333638873 0.04554372138967028 0.2477107885856574 0.5451409392628104 0.7957002237849969 0.8976628260474993 0.8258881789709833 0.5877207082823213 0.23154791952674791 -0.16917125893965382 -0.5316517343029672 -0.7813877197141017 -0.8679733755968095 -0.7752970707371362 -0.5245262544077828 -0.16924762211980657 0.21632101246889587 0.5530598651060693 0.7727471857467623 0.8340893638139366 0.7330722806530776 0.49842426540298534 0.22637530927422805 0.04188692449966627 0.048628477801830265 0.26078170971241604 0.570475972450262 0.8326587824786373 0.9432305663130839 0.8693615363286131 0.6167426488271027 0.2342848023710848 -0.20016608141901174 -0.5967525885514098 -0.8725010824082573 -0.9688512049857435 -0.8644330160146416 -0.5796680967971659 -0.17246362101261103 0.27342349474933003 0.6661777070632595 0.9259009989356096 0.9999999998468678 0.8826832176154927 0.602882208916827 0.27391923493002435 0.05073586593145731 0.040177021840855726 0.20361729427380615 0.43852788317697905 0.6398834734899128 0.729019488112128 0.6742305067010264 0.47853293415254744 0.17731559074130443 -0.16898440943922183 -0.4884401399834793 -0.7129690960792235 -0.792797523753946 -0.7072790733757925 -0.47031000835561027 -0.1283286586840803 0.24963739036484267 0.585770828018905 0.8098853626546617 0.875986039739548 0.7766139001479129 0.534178109979828 0.24500325747230314 0.04717194158100569 0.02242669532379953 0.10203970329877739 0.2114625315414518 0.30573566700973276 0.35281430588375556 0.32965022781167597 0.23557356383553402 0.08544028997123056 -0.09165220599131106 -0.2587991814446626 -0.37904565643503924 -0.42358585648720676 -0.3785374153341787 -0.2485490234000241 -0.05689136436133704 0.15794081659539305 0.35179373537192055 0.483833075050198 0.5237803063341234 0.4676854151757387 0.3270107007204298 0.15348532083550956 0.031075425659974766 0.004481087973944356 -0.003661283645116406 -0.025091088779327923 -0.04187443040411811 -0.040931571537011095 -0.032471200218841124 -0.01913871895186087 -0.007132731056904688 6.542237742607952e-5 0.001133331337924215 -0.002616523350250081 -0.007369862926459555 -0.00839589256904694 -0.0019683067380655223 0.013047092145001722 0.03512051767783129 0.05868086628112351 0.07757338297394398 0.08637494762133699 0.0811560136405684 0.06449404671089494 0.03691709788172366 0.011837825048273543 -0.011724969365936129 -0.08277812731958306 -0.19663386472908423 -0.29416169651867036 -0.3300432412741202 -0.3002436599278398 -0.20916440501128478 -0.07566832464806766 0.07182013093797984 0.20313721482105926 0.2914690266536507 0.31947293719879793 0.2828733809232238 0.19064239193212038 0.06293408138392764 -0.0739455867899999 -0.19168751259265746 -0.26745923514549086 -0.28789867251365947 -0.2505279612843243 -0.16264592651337323 -0.06757305252718218 -0.008888186149647223 -0.01797478582473669 -0.11751180353623207 -0.26612830146305333 -0.3924605467301745 -0.4428669274657021 -0.40611712595525784 -0.28419077030249 -0.10193863939010647 0.10478029687339596 0.2921150151643521 0.4211661261553401 0.4641472235798137 0.41119287917007774 0.2726539556355053 0.07648153081934632 -0.13699664661039956 -0.3241535067101925 -0.44683483546782765 -0.4795502270178361 -0.422611074460603 -0.282362969814314 -0.12198687892170725 -0.018725274526820018 -0.02041379476407274 -0.10061956532266342 -0.22647076928368617 -0.3376387970712066 -0.391102542281915 -0.3665736259287027 -0.2655088339056172 -0.1036712919900437 0.08412651992012041 0.2602629216570814 0.3858793308840696 0.43350506891289653 0.39071820588388134 0.2640464559271702 0.07825843496339666 -0.12892269188622293 -0.31510599375219916 -0.4400706005400459 -0.4788089018291764 -0.42563135633895427 -0.29232604419262553 -0.1308280868719445 -0.024610103228739376 -0.01383815011330901 -0.0693075633791737 -0.1266333524535179 -0.16884058214603329 -0.19257270145108177 -0.17829888296338434 -0.1265266904154821 -0.04727845985107617 0.04543536136077294 0.1311654807168522 0.19203665211389917 0.21353962616706376 0.1894411644913088 0.1228422111572448 0.026300056180384335 -0.08145429586802523 -0.17670788983202496 -0.24217996290787708 -0.25967305329752055 -0.23304399090731065 -0.16653198842452055 -0.09048045133053141 -0.018334655655308084 -0.015076172613167769 -0.02075368932857772 -0.028947323236035355 -0.032591927884878254 -0.03448152671404159 -0.030080597982595346 -0.020908646340713825 -0.006920828575008052 0.008512208237415742 0.022854765706005097 0.03245359542149101 0.0353313051654568 0.029862232057301832 0.01737305054081489 -0.0011254559636470882 -0.020301243927670458 -0.03903697585128791 -0.049633411244223144 -0.05606728840453218 -0.04937298749564227 -0.044889998336734314 -0.02596780049831073 -0.01787352184826802
</DataArray>
        <DataArray type="Float64" Name="Mode_10_phi2" NumberOfComponents="1" format="ascii">
 4.342216263961429e-6 2.4801704507807024e-6 -4.342216266837446e-6 -2.4801704498810945e-6 6.573962080976103e-6 -1.5493777821356374e-5 5.565067995835998e-6 7.302575320445492e-7 1.2696584753281504e-5 1.2670249478810617e-5 1.4669374298270729e-5 7.135567504775688e-6 -3.4462395724953086e-7 -1.075151320619376e-5 -1.646470679947546e-5 -1.8552553248188626e-5 -1.4539300090099838e-5 -7.418564923929755e-6 2.117292196829925e-6 8.834154583799988e-6 1.3966788516609439e-5 1.1290936536889032e-5 1.0108422826533476e-5 1.25484421962992e-7 1.6247413429978983e-6 -9.55563688508728e-6 4.317933899746302e-6 2.966273297992529e-5 -2.366779362483024e-5 1.4751495726796824e-5 -1.0528369004804265e-5 8.56123384619316e-6 -6.465109709515438e-6 4.636694914142993e-6 -4.166166245862465e-6 2.2289447583548563e-6 -2.4220703337398718e-6 1.0286482869792474e-6 -8.716023260087513e-7 6.604117516597535e-7 2.6412441491252546e-7 5.896854701190761e-7 6.931865900587062e-7 3.910178303434494e-7 1.6496255744557287e-7 1.5274645080965095e-7 -7.693436328821312e-7 -2.358757618602112e-6 1.278976067736002e-5 -2.5074591349370443e-5 -6.573962099290706e-6 1.5493777854212694e-5 -5.565068043755368e-6 -7.302574881512509e-7 -1.2696584781443809e-5 -1.2670249465196312e-5 -1.466937429637923e-5 -7.135567525044272e-6 3.4462397998254187e-7 1.0751513147739062e-5 1.6464706840844265e-5 1.8552553214389125e-5 1.4539300115787833e-5 7.418564919957274e-6 -2.117292163577757e-6 -8.834154607796072e-6 -1.396678849044124e-5 -1.129093655826345e-5 -1.0108422819220229e-5 -1.2548444157552622e-7 -1.6247413368524248e-6 9.555636886849917e-6 -4.3179339131967356e-6 -2.9662733022283025e-5 2.3667793658354703e-5 -1.4751495750518599e-5 1.052836901759373e-5 -8.561233851989588e-6 6.4651097160906785e-6 -4.636694921238914e-6 4.166166251851066e-6 -2.2289447599747822e-6 2.42207033270373e-6 -1.0286482856948312e-6 8.716023291787743e-7 -6.604117516437238e-7 -2.64124420512885e-7 -5.896854608068602e-7 -6.931866080117684e-7 -3.910178029583423e-7 -1.649625984146981e-7 -1.5274639177783517e-7 7.693435634941609e-7 2.358757681095499e-6 -1.27897607149719e-5 2.5074591355083683e-5 0.017779924696979373 0.007372060658804546 0.004214796740748544 0.0030253829555643903 -0.00045220770140114825 -0.004055898812125092 -0.007053458350526735 -0.008828587596287171 -0.008776369557490532 -0.0070773539184762506 -0.004180807547843429 -0.0004029688624304506 0.002730219638011835 0.0058799469776473256 0.006427250300735729 0.007309626820835099 0.004441998968510108 0.004030373065813719 -0.0007465623637637357 0.0005272354431311704 -0.004426919481679962 -0.0016139694955175693 -0.01604822182263443 0.04140563765320029 0.07345236766476504 0.03562480745640007 0.03925261522558021 0.00017295345297943372 -0.03114972899709143 -0.05948157899885682 -0.07441548337423581 -0.07424278885826056 -0.05942473041014847 -0.032793464247116336 -0.00119459827127143 0.029626099828615384 0.05293152624758521 0.06372083116803215 0.06172167510506393 0.045809686265764246 0.023442952637571908 -0.0026805604641858276 -0.02653230596992572 -0.024531574415734014 -0.04166618154139749 -0.03843899845146045 0.08606969082826947 0.19103759694877226 0.16286628493171876 0.11004039213517856 0.010141983001177966 -0.09679701240841647 -0.18289369621636128 -0.23082280325406904 -0.23102867084392523 -0.18418655083048344 -0.10144171514462463 -0.0008561554453123284 0.09679874273128451 0.1706823497174408 0.207043504725239 0.19851136738395408 0.14995867627179782 0.07240647102630478 -0.012566038148122462 -0.09237188932135294 -0.11234698625352 -0.13797161773947683 -0.07480914427603129 0.12888802793288165 0.34179413375102985 0.3387754397538023 0.2070632427036197 0.023756892992005244 -0.18085310089012122 -0.34631128163464525 -0.4403898778210027 -0.4424139488834667 -0.3549068231290442 -0.19654777891244318 -0.002088145761797348 0.1877965098954782 0.33394802202132773 0.40687076338044964 0.39355781098783027 0.2992612929616947 0.14670970206055578 -0.025205145973735247 -0.18318366462155747 -0.25785345688968947 -0.2689038948858571 -0.11337071046700989 0.1600641205954101 0.45678321369687297 0.48331649013223293 0.28955263668370695 0.03650690123939926 -0.24596894221652293 -0.47899128821090475 -0.612614873265962 -0.6206614013275621 -0.5010996206406653 -0.2812556892136164 -0.007096239488758761 0.2636203778132639 0.47498641475955394 0.5840827145437087 0.57016480464192 0.4387379893302359 0.2208221973253785 -0.031957820697803445 -0.26237480658087353 -0.40118698334074016 -0.39361367471475256 -0.14493641537193563 0.16031313279362244 0.4803082128830992 0.5284778989891237 0.31478557787221695 0.04279967709601517 -0.26371190602921735 -0.5180887349373531 -0.6681078502093692 -0.6806383484315365 -0.5538605554614754 -0.3136977715247992 -0.010903821218972105 0.29187561359556113 0.5316869026751169 0.6592735563297396 0.6489729300977285 0.5049331861338636 0.2590805945096826 -0.031822810807931624 -0.29779987753422604 -0.4792330569287114 -0.45541204948047936 -0.1514244970904094 0.12192133551664847 0.3751083666497276 0.4288476365171197 0.25722959477320334 0.038070886916211376 -0.21026948882328303 -0.42110918877282855 -0.5482761636456458 -0.5644235257660942 -0.46370688118278663 -0.2663685117573965 -0.012291188113126034 0.24590483292095353 0.45462014053500055 0.5699997584715786 0.5675208715897423 0.44755297520059617 0.23544716727478432 -0.02316031245515134 -0.2590850211428554 -0.44089937046282196 -0.4084594264837595 -0.12358811180331215 0.04548994474180768 0.14639033904148918 0.1877433188141942 0.11709084949406635 0.021996953050711 -0.0876241496300817 -0.18731703750076303 -0.25262650708744966 -0.2679004599884089 -0.2270810966141394 -0.1357360889933816 -0.011129286287052101 0.12162528236288751 0.234654653298069 0.30303944798912313 0.3104028570062196 0.25288291694997966 0.14041601488126712 -0.005811571840254987 -0.14045456790220065 -0.264763476239664 -0.23924034123756005 -0.05882225312153675 -0.05209721844145922 -0.15450796190103355 -0.13851313946848912 -0.07566994124652769 -0.0013995672554017735 0.07711750927314848 0.13274842136743703 0.15662234882108086 0.14625158962784443 0.10723644267793664 0.050905376044912735 -0.008428311533774735 -0.057618119645780536 -0.0868091766828352 -0.09204477922357819 -0.07551484217978251 -0.04460076478045524 -0.009523711141598543 0.016570008389748415 0.03799228484478967 0.019178729084244082 0.026233545396325487 0.03112594218312686 -0.14703332244344083 -0.4441210044801685 -0.4574237630460775 -0.26828326028802973 -0.026643317543808883 0.23880065604779813 0.45129028484066025 0.5682572836361052 0.5664426688259816 0.4491038111778672 0.24349498842901793 -0.005399109776975886 -0.24498006573819456 -0.4258081522229814 -0.5124233044378237 -0.4901304184099006 -0.3680797375550049 -0.17597852224228486 0.03851563580102794 0.22995053951979408 0.339044224822952 0.3210660804695788 0.12565387293369545 -0.21282116632692488 -0.6384029621648359 -0.6747245841040391 -0.40514426480353594 -0.046809896794589384 0.3492838045409059 0.6756100672093063 0.8626003684972984 0.8711318354734883 0.7001366672662594 0.3867507674575865 -0.0025710963540107688 -0.38634187158922195 -0.6849581055545109 -0.8376333741805706 -0.8149463744782833 -0.625126215793568 -0.3116144517135333 0.05345459685922158 0.38117985251739017 0.6014611406630747 0.5633783273012567 0.19947155947389572 -0.2319138643814536 -0.6816162443526678 -0.7269839108295351 -0.44657261468235837 -0.05656025710742895 0.3760149988314838 0.7395085067467971 0.9534521524210787 0.9710255795869863 0.7870251236635801 0.4392524576836408 1.5710757245063242e-10 -0.4392524574221374 -0.7870251234529696 -0.9710255794343361 -0.9534521524062435 -0.7395085067627385 -0.3760149989647373 0.056560256957282964 0.4465726144581427 0.7269839107230385 0.6816162442333211 0.23191386432470731 -0.19947155946122946 -0.563378327187619 -0.6014611405727404 -0.381179852517399 -0.05345459699986745 0.31161445149971023 0.6251262155449981 0.8149463742353882 0.8376333740621434 0.6849581054725096 0.38634187168909856 0.0025710966458544686 -0.3867507670560774 -0.7001366668327138 -0.871131835061184 -0.8626003682019285 -0.6756100670442342 -0.3492838045441403 0.04680989663016348 0.40514426451056923 0.6747245837170528 0.6384029618141303 0.21282116622434152 -0.12565387287738153 -0.32106608024147765 -0.33904422456864397 -0.22995053941849622 -0.03851563587936518 0.17597852202403438 0.3680797371319398 0.49013041806352964 0.5124233041192792 0.4258081519879452 0.2449800657121103 0.005399109970743708 -0.2434949880324538 -0.44910381065590904 -0.5664426682577528 -0.5682572831342275 -0.45129028452819475 -0.23880065594659594 0.026643317423858254 0.26828325996267866 0.45742376251337125 0.44412100402766347 0.14703332226982938 -0.031125942109838968 -0.0262335451563574 -0.019178728785131178 -0.03799228477440674 -0.016570008386995922 0.00952371089075327 0.044600764429530614 0.07551484177386832 0.09204477884879352 0.08680917644886922 0.05761811952717346 0.00842831166287501 -0.05090537572030241 -0.10723644213347609 -0.14625158904594976 -0.15662234830539715 -0.13274842096844472 -0.07711750911750563 0.0013995671617103907 0.07566994090869529 0.13851313898880466 0.15450796138821782 0.052097218265144046 0.058822253164966205 0.2392403414134484 0.2647634763828112 0.1404545680209689 0.005811571753604593 -0.1404160150458755 -0.25288291720938794 -0.31040285734254197 -0.303039448253342 -0.23465465355854523 -0.12162528238596906 0.011129286394033442 0.13573608929338457 0.22708109706247703 0.26790046047130944 0.25262650752646054 0.18731703785005085 0.08762414979366794 -0.021996953152076722 -0.11709084975969902 -0.1877433192305339 -0.1463903394491561 -0.04548994491600387 0.12358811182432096 0.4084594264965372 0.44089937049969263 0.25908502113821574 0.02316031234956612 -0.2354471673860493 -0.44755297535064986 -0.5675208717076655 -0.5699997586622598 -0.4546201405897973 -0.24590483290482856 0.012291188275779302 0.2663685120180166 0.4637068814903321 0.564423526136564 0.5482761639423316 0.42110918898730937 0.21026948894615702 -0.038070886995341814 -0.25722959499438 -0.4288476367980049 -0.37510836698628486 -0.12192133566275803 0.151424497065951 0.45541204938954055 0.47923305680060463 0.29779987741786357 0.03182281072596633 -0.2590805946163734 -0.5049331861046584 -0.6489729301053414 -0.6592735562536235 -0.5316869026227017 -0.29187561342976864 0.010903821405572016 0.3136977717115059 0.5538605556768705 0.6806383486208818 0.6681078503733924 0.5180887350345064 0.2637119060494331 -0.04279967716957465 -0.3147855780431773 -0.5284778991797559 -0.4803082131401077 -0.1603131329078801 0.14493641532178433 0.3936136745341638 0.40118698312426926 0.2623748064406799 0.031957820604596905 -0.2208221973332765 -0.4387379892569703 -0.5701648044659887 -0.5840827143875291 -0.47498641452753515 -0.26362037760465007 0.007096239680077963 0.2812556893620002 0.5010996207393438 0.6206614014222844 0.612614873291507 0.47899128820163567 0.24596894215405068 -0.03650690132716285 -0.28955263680583165 -0.4833164902866079 -0.45678321387140547 -0.16006412068507211 0.11337071040123262 0.26890389469622616 0.25785345668207255 0.1831836644893844 0.025205145907640215 -0.14670970202217132 -0.29926129286482256 -0.3935578107800271 -0.4068707631583947 -0.3339480218031585 -0.18779650966925246 0.0020881459368039387 0.19654777900738413 0.35490682317894773 0.44241394888367835 0.4403898777809048 0.34631128157008195 0.18085310081551542 -0.023756893090263666 -0.2070632428202819 -0.3387754398392537 -0.34179413387841506 -0.12888802797802 0.07480914422334894 0.1379716175922773 0.11234698613564753 0.0923718892248021 0.012566038125470764 -0.07240647098849694 -0.14995867617322506 -0.19851136724947613 -0.20704350455081844 -0.1706823495466855 -0.09679874258085677 0.0008561555484683258 0.10144171520130915 0.18418655083632793 0.23102867081565595 0.23082280320338106 0.18289369615716383 0.0967970123530565 -0.010141983069972167 -0.11004039220421936 -0.1628662849976037 -0.1910375970052516 -0.0860696908684465 0.038438998412311125 0.041666181483346394 0.024531574372120796 0.026532305934278348 0.002680560464819027 -0.0234429526188555 -0.04580968621565652 -0.0617216750318254 -0.06372083110333919 -0.0529315261585518 -0.02962609976000648 0.001194598302774377 0.03279346425807079 0.05942473040030469 0.07424278884462682 0.07441548334488655 0.05948157898042535 0.031149728966161944 -0.00017295347475799477 -0.039252615273520045 -0.035624807459564534 -0.07345236770135055 -0.041405637666433084 0.016048221798808455 0.0016139694873441282 0.004426919467642775 -0.0005272354454815026 0.0007465623660255427 -0.00403037305863636 -0.00444199896150193 -0.007309626808294996 -0.006427250288680349 -0.005879946965843488 -0.002730219624754415 0.0004029688738720044 0.004180807552175561 0.007077353916948803 0.008776369555142605 0.008828587589237885 0.007053458350948326 0.004055898803013258 0.00045220770856428314 -0.0030253829766315812 -0.004214796733748459 -0.0073720606757216225 -0.01777992470842157
</DataArray>
        <DataArray type="Float64" Name="Mode_11_w" NumberOfComponents="1" format="ascii">
 7.036266519084617e-7 1.1355196320264656e-6 -7.036266513392571e-7 -1.1355196303911651e-6 -6.637734831311709e-7 2.0827717895856376e-6 1.5560656368026667e-7 3.185813066647288e-7 -8.389686342934244e-7 -8.389686342934244e-7 -6.420899064836477e-7 -8.3235426863702e-7 -3.440639601623906e-7 -6.691194779786297e-8 -1.339043495824817e-7 -5.066499409376547e-7 -5.186831108960779e-7 -1.1784110491988102e-7 3.3170479966976767e-7 2.673456139431625e-7 3.845766140119105e-7 3.845766140119105e-7 -8.634938771578994e-7 -2.5752856948090972e-8 -2.305861384195922e-6 -1.692930192061689e-7 -8.981407849592042e-7 7.056276151175355e-8 8.013654975540304e-7 -9.239837856335205e-7 4.420221731343202e-7 -3.525835036064874e-7 -3.525835036064874e-7 6.090023984818321e-7 3.81741822313703e-7 3.364688302961031e-7 8.541758021377321e-8 -1.1354084638710149e-7 -2.7515888470238244e-7 -3.3510321901246944e-7 -4.5522774941660137e-7 -2.907968044903715e-7 -4.3594295014118883e-7 -3.901738242907831e-7 -3.901738242907831e-7 -7.792096793334376e-7 -9.782768399631167e-7 -4.036032461994383e-9 -8.38208830641722e-7 1.1438105934510458e-6 6.637734827614498e-7 -2.082771789834038e-6 -1.5560656319139297e-7 -3.18581306418517e-7 8.389686342008755e-7 8.389686342008755e-7 6.420899042309939e-7 8.323542695691931e-7 3.4406395974935924e-7 6.691194822233586e-8 1.339043495116247e-7 5.066499403065419e-7 5.186831119364731e-7 1.1784110407623115e-7 -3.3170479772287726e-7 -2.673456152114292e-7 -3.845766140201085e-7 -3.845766140201085e-7 8.63493875569935e-7 2.5752857839714695e-8 2.3058613835500674e-6 1.6929301983185589e-7 8.981407840228191e-7 -7.056276172241619e-8 -8.013654971804024e-7 9.239837854131017e-7 -4.420221743021789e-7 3.525835053452671e-7 3.525835053452671e-7 -6.090024000486128e-7 -3.8174182206799014e-7 -3.3646883082510844e-7 -8.54175788782516e-8 1.1354084621654786e-7 2.7515888545108397e-7 3.351032191974768e-7 4.552277491448719e-7 2.907968047664371e-7 4.359429499778621e-7 3.9017382326312523e-7 3.9017382326312523e-7 7.792096810393353e-7 9.782768402236445e-7 4.0360319508755235e-9 8.382088309882946e-7 -1.143810593642855e-6 0.00036358472007982803 0.0010943340421796113 0.0018127201557189148 0.002576374596372794 0.0033653042290114885 0.004012843034321801 0.004012843034321801 0.004624347735410744 0.00508779875017365 0.005470907596807505 0.005708568237323371 0.005835933867686258 0.005809472563817169 0.0056552503206520385 0.005327777892388467 0.004876292593796214 0.004240860091899957 0.003534087127248119 0.003534087127248119 0.002665886668452341 0.001853431869484869 0.00108601945269653 0.00031277581239291536 0.0007102329181118174 0.0051042307901787275 0.011073790554825656 0.016098263308223528 0.02118326277698229 0.025755391546516845 0.025755391546516845 0.0298745620511791 0.03344571061594202 0.03638430334813769 0.03862061572510935 0.04005622935740666 0.0405431568121439 0.04001894743294863 0.038284842901784535 0.035383475702734826 0.031163072682549323 0.025892629835738517 0.025892629835738517 0.019661520480274874 0.012822609035770531 0.0066692289714253075 0.0009231541254585805 0.0002843360638157909 0.0038116791970573393 0.011284252170622155 0.018155604460734807 0.024903717362453014 0.03172683058884103 0.03172683058884103 0.03838064369584952 0.044887782728558555 0.051020897397140635 0.056520231529601166 0.061066041812235045 0.06423067697302738 0.06558430595829005 0.06473546268796845 0.061304986015326926 0.055200607317345426 0.046321284699676904 0.046321284699676904 0.035287086729158736 0.022495292265920053 0.00969496941605881 0.001253699485933515 -0.0001800731531293084 -8.826915264776576e-5 0.0018062466789272064 0.00458402153598978 0.00807906195863362 0.012740851412212815 0.012740851412212815 0.01869553244145769 0.02572499911735968 0.03354800985348499 0.04162546839440957 0.04930007843774913 0.05584315696606942 0.060462433568459456 0.06248166603496141 0.06134087806694807 0.056713901979626495 0.056713901979626495 0.0486435395542485 0.037480744490794485 0.024526040237456765 0.010693605539059103 0.0012877533839238 -0.0007636799998715469 -0.005743924568508181 -0.012289747742837916 -0.017519668404929814 -0.020725686725035563 -0.021172493629594193 -0.021172493629594193 -0.018647537389869167 -0.013294742306650363 -0.005717471555255525 0.003302645021929761 0.012779321771054725 0.021684139607058187 0.02907451733406043 0.03414134519033862 0.03634889236788191 0.03541452280844904 0.03541452280844904 0.031418702999524435 0.024841139759157367 0.0166914237219684 0.00801589388110588 0.0011602248594110253 -0.0007636799998715469 -0.005743924568508181 -0.012289747742837916 -0.017519668404929814 -0.020725686725035563 -0.04092033127793893 -0.021172493629594193 -0.018647537389869167 -0.013294742306650363 -0.005717471555255525 0.003302645021929761 -0.015410806851926804 -0.006149399192230275 0.0016700754407268199 0.007438138408048831 0.010855922462594363 0.03541452280844904 0.031418702999524435 0.011209632090100173 0.009018621552475976 0.006390169602360347 0.004073270498282335 0.0007596056299553273 -0.001114042049630064 -0.009411082726458618 -0.02174648358486088 -0.03268933705834885 -0.04092033127793893 -0.04519263211613595 -0.04519263211613595 -0.04518783125329392 -0.04125717426446916 -0.03418789104969981 -0.025158529527212575 -0.015410806851926804 -0.006149399192230275 0.0016700754407268199 0.007438138408048831 0.010855922462594363 0.011996674713616972 0.011209632090100173 0.011209632090100173 0.009018621552475976 0.006390169602360347 0.004073270498282335 0.0007596056299553273 -0.0011401366653514369 -0.009461532391983427 -0.021145396915358904 -0.032187479360764944 -0.04000231347236326 -0.04357459945877174 -0.04357459945877174 -0.042446603425123394 -0.03718862837972536 -0.028964657217851904 -0.019238055405088095 -0.009567018576290193 -0.0012520480812368993 0.004825028099162356 0.008321558590739155 0.009388404043134445 0.008513472672726313 0.006542515118079789 0.006542515118079789 0.004283856274366303 0.0024456328383514795 0.0024246955056196934 0.0005662442638610636 -0.001013388939515749 -0.007236238453447337 -0.01434803256262774 -0.02116699497951149 -0.024828840859086605 -0.024228975394323095 -0.024228975394323095 -0.01917993045068348 -0.01035233025674287 0.0008123816780815158 0.012550110721010862 0.023083355068153913 0.03093413349675711 0.035226767188434746 0.035741941009425404 0.03288955347020324 0.027525682774535615 0.02079714992871591 0.02079714992871591 0.013961390544215973 0.007852757183945678 0.004036808810081003 0.0006076412836174384 -0.0009628986759152818 -0.005783076303649441 -0.009702795702409726 -0.01319178121743713 -0.01367439029447894 -0.010049072438565376 -0.010049072438565376 -0.002124689393023534 0.009376363166302045 0.02302074589378478 0.03697174475861455 0.049315445683696356 0.05840280813238714 0.06314561823551357 0.06315962133428576 0.058713035255706175 0.050617711144168374 0.04007279671417639 0.04007279671417639 0.028475793696735793 0.01703543692175207 0.007403442912234986 0.000904612314824556 -0.0010789072323122732 -0.006687560975999478 -0.012182934469980068 -0.01684962266252506 -0.018872058241757996 -0.01689649392387989 -0.01689649392387989 -0.010594954195110771 -0.00033743608256817483 0.012764803286746017 0.027146844431443214 0.041007727347116295 0.052590016747659576 0.06048906581321523 0.06384229533846351 0.06239930248934537 0.05647437960074673 0.046884078151794725 0.046884078151794725 0.034888392119915956 0.021934222556255253 0.00944552303573086 0.001146893989821083 -0.0012113506534980366 -0.008861279011892879 -0.018925972334575665 -0.028363630494278074 -0.035825885710169106 -0.03977740450590465 -0.03977740450590465 -0.03942132785579418 -0.03458222549908445 -0.02567095393325211 -0.013673685708258016 -3.4667403506652128e-12 0.013673685702465159 0.025670953931021326 0.03458222550308967 0.03942132786696378 0.03977740452245557 0.03977740452245557 0.03582588573072953 0.028363630510266673 0.0189259723425321 0.00886127901450465 0.001211350653721529 -0.0011468939896313647 -0.00944552303301876 -0.02193422254974274 -0.03488839210891574 -0.04688407813595591 -0.04688407813595591 -0.056474379588080714 -0.062399302482014106 -0.0638422953366501 -0.06048906581689806 -0.052590016750854736 -0.04100772735042951 -0.027146844436067373 -0.0127648032870956 0.00033743608792860297 0.010594954207070234 0.01689649394101765 0.01689649394101765 0.01887205826236628 0.016849622678671395 0.012182934480240408 0.006687560980491072 0.0010789072327062178 -0.0009046123147944983 -0.007403442911760803 -0.017035436915889282 -0.028475793688158915 -0.04007279670519179 -0.04007279670519179 -0.050617711136038794 -0.0587130352487085 -0.06315962133145465 -0.06314561823434962 -0.05840280813320618 -0.04931544568420801 -0.03697174475826794 -0.02302074589085921 -0.009376363161055059 0.002124689401846493 0.010049072450666798 0.010049072450666798 0.01367439030747819 0.013191781229166854 0.009702795710910407 0.00578307630660861 0.0009628986762677115 -0.0006076412836133478 -0.004036808809560139 -0.007852757183523056 -0.013961390541748109 -0.020797149922915332 -0.020797149922915332 -0.02752568276991755 -0.032889553466207186 -0.03574194100691273 -0.03522676718610371 -0.03093413349255819 -0.023083355065075195 -0.012550110717920221 -0.000812381674258974 0.010352330262867786 0.019179930456137567 0.0242289753989256 0.0242289753989256 0.024828840863480035 0.021166994981957805 0.014348032564638862 0.007236238455240697 0.001013388939846039 -0.0005662442641719676 -0.0024246955078655453 -0.0024456328406298445 -0.004283856277437413 -0.006542515117999368 -0.006542515117999368 -0.008513472670330601 -0.009388404041486557 -0.00832155858812713 -0.004825028095490793 0.0012520480847346476 0.00956701858359417 0.019238055412561336 0.02896465722287812 0.037188628382607385 0.042446603426645274 0.04357459945780994 0.04357459945780994 0.040002313470613095 0.03218747935885526 0.0211453969121223 0.009461532391423446 0.0011401366655064424 -0.0007596056302117723 -0.004073270499462448 -0.00639016960760515 -0.009018621554823733 -0.011209632095410113 -0.011996674716174705 -0.011996674716174705 -0.010855922463131688 -0.007438138407283162 -0.001670075437368856 0.00614939919658633 0.015410806858450093 0.025158529534688417 0.034187891056245416 0.04125717426761424 0.04518783125259516 0.04519263211391706 0.04519263211391706 0.040920331273730265 0.03268933705357571 0.021746483582696575 0.009411082726582738 0.001114042049858186 -0.0007596056302117723 -0.004073270499462448 -0.00639016960760515 -0.02484113976479353 -0.031418703003272784 -0.03541452281501775 -0.011996674716174705 -0.010855922463131688 -0.007438138407283162 -0.001670075437368856 0.00614939919658633 0.015410806858450093 -0.0033026450157254373 0.005717471559534421 0.013294742309790136 0.01864753739047279 0.02117249362786145 0.040920331273730265 0.020725686722380076 0.017519668403369822 0.01228974774211838 0.005743924569768105 0.0007636799999494837 -0.0011602248595736827 -0.008015893881722792 -0.016691423722034342 -0.02484113976479353 -0.031418703003272784 -0.031418703003272784 -0.03541452281501775 -0.036348892371350194 -0.03414134519203723 -0.02907451733433434 -0.021684139604379624 -0.01277932176672016 -0.0033026450157254373 0.005717471559534421 0.013294742309790136 0.01864753739047279 0.02117249362786145 0.02117249362786145 0.020725686722380076 0.017519668403369822 0.01228974774211838 0.005743924569768105 0.0007636799999494837 -0.0012877533838427844 -0.010693605539060172 -0.02452604023915079 -0.03748074449204502 -0.04864353956021563 -0.04864353956021563 -0.05671390198379235 -0.06134087807335212 -0.062481666038772976 -0.060462433570735094 -0.05584315696709852 -0.049300078436455966 -0.0416254683916225 -0.033548009850083126 -0.02572499911430834 -0.018695532440062734 -0.012740851411105975 -0.012740851411105975 -0.008079061958296612 -0.004584021535058707 -0.0018062466773509146 8.826915353382345e-5 0.0001800731536030298 -0.0012536994858983424 -0.009694969416269092 -0.02249529226660052 -0.03528708673249067 -0.046321284702325174 -0.046321284702325174 -0.05520060732292635 -0.06130498601966337 -0.06473546269258904 -0.06558430596172134 -0.06423067697509592 -0.06106604181372633 -0.05652023152894124 -0.051020897396223154 -0.04488778272639434 -0.038380643693093006 -0.03172683058696173 -0.03172683058696173 -0.02490371735990034 -0.01815560445737628 -0.0112842521674565 -0.0038116791948378838 -0.0002843360636135145 -0.0009231541255443867 -0.006669228972083984 -0.01282260903750994 -0.01966152048200001 -0.025892629838909345 -0.025892629838909345 -0.031163072685128832 -0.03538347570632918 -0.03828484290416082 -0.0400189474350495 -0.04054315681328104 -0.04005622935826915 -0.03862061572632122 -0.03638430334896156 -0.033445710616531614 -0.02987456205064145 -0.025755391545126065 -0.025755391545126065 -0.021183262775189886 -0.016098263305976728 -0.01107379055223211 -0.0051042307879195755 -0.0007102329176286921 -0.000312775812364817 -0.0010860194531159104 -0.0018534318697669388 -0.0026658866691594155 -0.003534087127711346 -0.003534087127711346 -0.004240860092487072 -0.0048762925944297545 -0.005327777892794037 -0.005655250320922478 -0.005809472563884731 -0.00583593386784878 -0.00570856823765573 -0.0054709075970660525 -0.005087798750585372 -0.004624347735448336 -0.004012843034327932 -0.004012843034327932 -0.0033653042287763715 -0.0025763745961305006 -0.0018127201554743915 -0.0010943340418222024 -0.0003635847198886777
</DataArray>
        <DataArray type="Float64" Name="Mode_11_phi1" NumberOfComponents="1" format="ascii">
 4.951961338870601e-6 5.611926665982051e-6 4.951961331884429e-6 5.611926666018899e-6 2.7163651015992492e-5 -9.345929295509845e-6 -1.105023448377838e-6 7.643175725408312e-7 -4.9397465901756e-6 -2.3525182449789096e-7 1.6042614681206302e-7 2.349975160895223e-6 1.9421725403516704e-6 -5.759861603504534e-7 -6.043797094723774e-7 -3.50662464938208e-6 2.567418818987687e-6 -2.1983035655040184e-6 7.718966949082342e-6 -5.970621832072686e-6 7.922017159262761e-6 -1.4368600603680363e-5 1.2802785493390325e-5 -1.9387976026593544e-5 2.7948128360505046e-5 -4.125810597165698e-5 5.590026299843198e-5 1.3011695663357137e-5 -1.4718495936016038e-5 6.376688058916792e-6 -4.3595263888685e-6 5.02932645614189e-6 2.3800582257110295e-7 4.364973819118509e-6 2.140227791256034e-6 3.7061676286267545e-6 2.657083134085043e-6 3.039304247257562e-6 2.494572066148999e-6 2.6326332647821692e-6 2.0171064024314196e-6 2.4640405784236893e-6 1.5149588459176982e-6 2.1726304301592242e-6 1.0173636872299373e-6 1.7983961445222329e-6 -1.313170366218873e-6 4.96460508627097e-6 -1.4627954710229903e-5 5.360713756954891e-6 2.716365101682271e-5 -9.345929306533218e-6 -1.1050234290323175e-6 7.643175447647737e-7 -4.939746559061168e-6 -2.3525184690185302e-7 1.60426159405406e-7 2.349975153654539e-6 1.9421725426876543e-6 -5.75986159603542e-7 -6.043797161598265e-7 -3.5066246326316062e-6 2.567418789634973e-6 -2.198303523253493e-6 7.718966894044184e-6 -5.970621772371874e-6 7.922017112758823e-6 -1.4368600572018686e-5 1.280278546800595e-5 -1.9387976008082743e-5 2.7948128346410825e-5 -4.1258105953175545e-5 5.590026297575119e-5 1.301169563223905e-5 -1.4718495883926575e-5 6.376687991338707e-6 -4.359526287865515e-6 5.0293263463283234e-6 2.3800591034260586e-7 4.364973761955279e-6 2.1402278142326153e-6 3.7061676224427537e-6 2.6570831343168767e-6 3.0393042448692638e-6 2.4945720799755954e-6 2.632633254280194e-6 2.0171063995737096e-6 2.4640405911923015e-6 1.5149588184943267e-6 2.172630462763422e-6 1.0173636669696233e-6 1.798396155957963e-6 -1.3131703744076393e-6 4.96460509643263e-6 -1.462795470908605e-5 5.3607137514019694e-6 0.0190452407197771 0.04607087964295476 0.09373020731563854 0.14168070768051458 0.18865229248761073 0.23259277562933406 0.2726664869756898 0.3075561237874344 0.33728689447623367 0.36076750430929166 0.377929541148719 0.38797062901856927 0.3904867461610856 0.3847447031155206 0.3705372381572198 0.3470094613469744 0.3151711697894864 0.27413273475811695 0.2275046679916392 0.17412404214876262 0.12250960655502252 0.0701097875350406 0.03359057410781749 0.00481839489910262 0.06964874731859635 0.1551810346442355 0.24985300628422227 0.335269230628405 0.4173803101870772 0.49539997974613637 0.5676875715115637 0.6339053566833319 0.6924147836977516 0.7414614405822428 0.7785373257579613 0.8010655889122624 0.8060598586234037 0.7902116996289706 0.7521480921246508 0.6886468381047031 0.6023850106146708 0.4931439144337984 0.3654681920638685 0.23277655593524943 0.09858666133467955 0.009366124124089081 -0.007510684095387284 -0.04005623445777396 -0.04668879890619453 -0.04476927972066355 -0.03568920782123531 -0.018614433348898216 0.01014348412066045 0.050977355569956015 0.10278040274205322 0.16327680025836547 0.22869346216208408 0.2945580522216202 0.35528666467920084 0.4050092780026567 0.43879255043349635 0.45021393729769793 0.43817625368363566 0.3969262397300974 0.3313133998916957 0.24356767243162666 0.13356540137732273 0.04334016250023491 0.011616581514357228 -0.013589773448569523 -0.07560318188488017 -0.18971772139004248 -0.30237786963822194 -0.3911309623481481 -0.46103850692409315 -0.504333155681081 -0.5209480948396683 -0.5125570457157779 -0.4819932601396976 -0.43429652798554014 -0.37501012019178065 -0.3096300046810713 -0.24376564936867212 -0.18213528838682988 -0.12776927765461887 -0.08427490544099987 -0.04991083490095474 -0.028803442324854357 -0.011217174921559634 2.516299882683275e-5 0.002251923659755777 -0.0031146868705640373 -0.017283455692518906 -0.11200413353016714 -0.2644491423518138 -0.432398290791539 -0.5796628187562827 -0.6999101275224177 -0.7898123177154527 -0.8476987391091664 -0.8752593220325284 -0.8772830438185767 -0.8585601276562306 -0.8246146815297243 -0.7800806360564323 -0.7277998439666152 -0.669505527288746 -0.6051916368709918 -0.5336445796483523 -0.454260876941185 -0.364086032336447 -0.26663960178186685 -0.15979514719522225 -0.06272370480859323 -0.005097585991920978 -0.012413049554122129 -0.07606972530078561 -0.18286555693900108 -0.29952499836144153 -0.405817197521744 -0.49408090411285993 -0.5586666879527382 -0.6005685932606778 -0.6230547516606445 -0.6304878718309267 -0.6289566553251258 -0.6228698825142203 -0.6149435855975554 -0.605473207367851 -0.591847279085953 -0.5699380733350872 -0.534403982894962 -0.47997446042842107 -0.4040603333067473 -0.3071053485096487 -0.18732361408658033 -0.07605961683237057 -0.011498895637627187 -0.004451878809665687 -0.011451712675115147 -0.015466069623840919 -0.01941233982796203 -0.025405105864050363 -0.020530492208527696 -0.00876739816028442 0.01083660951413084 0.033269611621773824 0.052473635603706506 0.06335673904327424 0.06137352665946833 0.04481694696058453 0.01495560095446334 -0.024100017630282928 -0.06559434392162472 -0.10194058999830148 -0.12573396120660793 -0.12991016597569188 -0.11600950006556565 -0.07856512383730639 -0.03207417352024156 -0.00344493498278072 0.002090376557913331 0.03874496594830862 0.11025450366367069 0.19351594647935907 0.27196813494671995 0.35090797922369926 0.4292428184235643 0.5027491191000673 0.5683169414371518 0.6208303319626575 0.6550585709329902 0.6673122564868615 0.6553580125569568 0.619367551066943 0.5620059697527334 0.4880217462601655 0.4036967260874693 0.315573593455676 0.23011105595512862 0.15129723951464732 0.08275434731434149 0.029181126451562605 0.0015922434415668514 0.0032376609664454214 0.04026004118522197 0.10977459834642996 0.19259250599636232 0.27220555845877353 0.3502523381965132 0.4241362283122256 0.49369072278326404 0.5567524086358222 0.6117334821853143 0.6563569478097464 0.6877394456801231 0.7031281239021508 0.700117541094253 0.6770293820098896 0.6333303631278049 0.569707909808617 0.48785345672834085 0.3910072024562624 0.2841664076309731 0.16787411854419465 0.06639438698866158 0.008744991551221978 -0.0001066445173664513 0.0031553320593296634 0.007228278918515804 0.01172286988066718 0.018281282275440586 0.01971756381243011 0.02063884491848485 0.021892430770452234 0.02789021184766698 0.041729458134593105 0.06556627589996901 0.09959613905987809 0.1414565370511704 0.1865331613310599 0.22867158314074104 0.26097869132157625 0.27718433371189266 0.27250958179672224 0.2438185292631756 0.19472872305213135 0.12312280240837985 0.04998021880015169 0.006508041402941516 -0.0031681210081047025 -0.035821432841582936 -0.09942486998384298 -0.17736511910306654 -0.25813566505277374 -0.34707545945167695 -0.43851820348209347 -0.525201479241129 -0.5988407123724941 -0.6500231706847219 -0.6714583072408057 -0.6591188841533725 -0.6132132049637662 -0.5384735808877382 -0.44345502845979484 -0.3390576362858463 -0.23693219625318915 -0.14713940308566384 -0.07762145633641143 -0.029629055681733463 -0.005597876804141996 0.0023543184034637947 0.002539071762753257 -0.002924719427327734 -0.037547591236688375 -0.1072916101631526 -0.2003143035748208 -0.3067976523687831 -0.4285572688818804 -0.560445892104313 -0.6932396115422987 -0.8150431319801035 -0.9135699907910614 -0.9777292164889511 -1.0 -0.977729216487182 -0.9135699907563989 -0.8150431319295939 -0.6932396114742551 -0.5604458920473825 -0.4285572688242782 -0.30679765229012224 -0.20031430352601529 -0.1072916101314297 -0.03754759121169015 -0.0029247194240728555 0.0025390717670075074 0.0023543183963424482 -0.005597876838084413 -0.029629055749341028 -0.07762145643482418 -0.1471394032113629 -0.23693219635211543 -0.33905763632536917 -0.4434550284844359 -0.5384735808418964 -0.6132132048877943 -0.6591188840824662 -0.6714583071781081 -0.6500231706253121 -0.5988407123418275 -0.5252014792556561 -0.43851820351301574 -0.3470754594977795 -0.2581356651310967 -0.17736511911660524 -0.09942486995331748 -0.0358214328332462 -0.0031681210082350505 0.006508041394580935 0.049980218767318146 0.12312280239016182 0.19472872298882468 0.24381852913902413 0.27250958169109346 0.2771843336699908 0.2609786913137582 0.22867158320652187 0.18653316140262224 0.141456537116073 0.09959613914009496 0.06556627599631666 0.041729458201361175 0.027890211852209187 0.021892430730195728 0.02063884480770691 0.019717563635051238 0.01828128211958882 0.011722869762233284 0.007228278830562693 0.003155332024588539 -0.00010664451810183294 0.008744991559202994 0.06639438698250688 0.16787411843808533 0.2841664075000398 0.3910072023586491 0.487853456656509 0.5697079097337107 0.6333303630807235 0.6770293819929915 0.7001175411471138 0.7031281239872486 0.6877394457556752 0.6563569478702566 0.6117334822180103 0.5567524086541674 0.49369072272822073 0.4241362281843032 0.35025233802427863 0.27220555826005927 0.19259250581772938 0.1097745982423995 0.0402600411541371 0.0032376609659718236 0.0015922434240957383 0.029181126399565608 0.08275434726833292 0.151297239410946 0.23011105585046512 0.31557359336366925 0.4036967260360167 0.4880217462332931 0.5620059697736455 0.6193675510662274 0.6553580125640752 0.667312256567285 0.6550585710229796 0.6208303319951111 0.5683169413875563 0.5027491190194151 0.42924281831796074 0.3509079791116171 0.2719681348543747 0.19351594638372732 0.1102545035814557 0.038744965907176875 0.00209037655677143 -0.0034449349752866034 -0.032074173507645964 -0.07856512387773454 -0.11600950005867156 -0.129910166041727 -0.12573396131264156 -0.1019405900849616 -0.06559434397110085 -0.02410001766329668 0.014955600951834257 0.04481694697321014 0.061373526640783944 0.06335673902988025 0.05247363562817251 0.03326961163769175 0.010836609488959908 -0.008767398188058197 -0.020530492243979948 -0.025405105925976838 -0.019412339848936144 -0.01546606959183504 -0.01145171265139729 -0.004451878806835473 -0.011498895637745251 -0.07605961681387635 -0.18732361400044073 -0.30710534851112287 -0.404060333330395 -0.479974460450276 -0.5344039829726293 -0.5699380733927267 -0.5918472791542051 -0.6054732074346847 -0.6149435856485317 -0.6228698825551442 -0.628956655357517 -0.630487871878551 -0.6230547516870294 -0.600568593241652 -0.5586666879389041 -0.49408090409391464 -0.40581719746903605 -0.29952499829386714 -0.18286555690986514 -0.07606972528364317 -0.012413049553693009 -0.005097585982278912 -0.06272370479659851 -0.1597951472108247 -0.2666396017545611 -0.36408603229696945 -0.4542608769628332 -0.5336445796389175 -0.6051916369357282 -0.6695055273385494 -0.7277998440196581 -0.7800806361307123 -0.8246146816050197 -0.858560127727917 -0.8772830438552203 -0.8752593220322646 -0.8476987391054741 -0.7898123176770169 -0.6999101274586091 -0.5796628186944238 -0.43239829074690617 -0.2644491423174776 -0.11200413353815421 -0.01728345567838131 -0.0031146868693800083 0.002251923658067312 2.516300747211602e-5 -0.011217174913566635 -0.02880344233957854 -0.0499108348496996 -0.0842749054660228 -0.1277692776338434 -0.1821352884110952 -0.24376564940652432 -0.3096300047236315 -0.37501012025026675 -0.4342965280421457 -0.48199326018250876 -0.5125570457446953 -0.5209480948196232 -0.5043331556454451 -0.46103850688735254 -0.39113096229498817 -0.30237786957897184 -0.18971772136011208 -0.07560318186298519 -0.013589773447878336 0.011616581518521017 0.04334016248726208 0.1335654013693077 0.24356767241082916 0.3313133999363452 0.396926239716484 0.4381762537445053 0.4502139373113469 0.4387925504621405 0.40500927802671083 0.35528666469099246 0.29455805221563097 0.22869346213230912 0.1632768002004544 0.10278040269496053 0.050977355521475316 0.010143484093873929 -0.0186144333472234 -0.035689207820795196 -0.0447692797321918 -0.0466887988974823 -0.04005623445293987 -0.007510684087267978 0.009366124125931595 0.0985866613308265 0.23277655593731342 0.3654681921094928 0.4931439144415239 0.6023850106879732 0.6886468381435796 0.7521480921865109 0.7902116996789914 0.8060598586618785 0.8010655889356688 0.7785373257782585 0.7414614405740083 0.692414783700639 0.6339053566652894 0.56768757148561 0.49539997972430927 0.4173803101490039 0.3352692305815433 0.24985300623561826 0.15518103459725613 0.06964874728279488 0.004818394897066925 0.033590574119428694 0.07010978754059972 0.12250960659073115 0.17412404215540767 0.2275046680481533 0.27413273477478406 0.3151711698319513 0.34700946137502725 0.3705372381790167 0.384744703132692 0.3904867461708151 0.38797062902450413 0.37792954116640154 0.36076750432559995 0.33728689448635546 0.307556123796709 0.27266648695985995 0.23259277561912975 0.18865229247042128 0.14168070766084404 0.09373020729013014 0.04607087962537037 0.01904524071514452
</DataArray>
        <DataArray type="Float64" Name="Mode_11_phi2" NumberOfComponents="1" format="ascii">
 3.236231873270096e-6 -5.806160380351976e-6 3.23623186714933e-6 -5.806160374840265e-6 1.786097401184268e-5 -1.3928910629139272e-5 2.3742365595569474e-5 -8.541601810925089e-6 9.54299985434319e-6 -1.1558960923083055e-5 -1.9147798678759326e-6 -6.5765004171620854e-6 3.2162242958810383e-6 2.1219918514979223e-6 2.755125414552622e-6 -2.5004433707401922e-6 -4.160877514024246e-6 -2.8975711024013166e-6 5.067633436745765e-7 5.976990668864325e-6 4.026500249904172e-6 4.164342232328928e-6 -6.991542852725302e-6 -1.2623848405727716e-6 -1.3334340313536311e-5 1.1249867878323173e-5 -1.895558359526738e-5 -4.531057538252636e-5 3.3279880183634376e-5 -2.2190853345793438e-5 1.4313538701270957e-5 -1.1696746882337867e-5 8.312204655847168e-6 -6.748598513355532e-6 4.865550133266347e-6 -3.564256678752645e-6 2.526350648889612e-6 -1.423784351190606e-6 7.845297134337209e-7 1.5271746513078154e-7 -7.710546854386012e-7 1.8332347121615074e-6 -2.765743925412448e-6 4.350782558326703e-6 -5.77523270930707e-6 8.212955021273428e-6 -9.628461572700574e-6 1.2822830726166339e-5 -1.3797110406322507e-5 2.0291300015916996e-5 1.7860974014392756e-5 -1.392891064406974e-5 2.3742365616709418e-5 -8.541601850608308e-6 9.542999905087764e-6 -1.1558960970029148e-5 -1.9147798392576036e-6 -6.57650042593131e-6 3.216224304462757e-6 2.1219918403387495e-6 2.7551254237788816e-6 -2.5004433901805598e-6 -4.160877482819243e-6 -2.897571151116069e-6 5.067634074457403e-7 5.976990597835976e-6 4.0265003311854426e-6 4.164342156981282e-6 -6.9915427895352325e-6 -1.262384892986504e-6 -1.3334340276826286e-5 1.1249867853820582e-5 -1.8955583577999036e-5 -4.531057538066026e-5 3.3279880189865564e-5 -2.219085335844909e-5 1.4313538718446224e-5 -1.1696746895935358e-5 8.312204654608169e-6 -6.748598496677112e-6 4.865550113889641e-6 -3.5642566674513038e-6 2.526350639617247e-6 -1.4237843442353066e-6 7.845297075226093e-7 1.5271747342470962e-7 -7.710546943936034e-7 1.8332347251858741e-6 -2.765743942133771e-6 4.350782575629343e-6 -5.775232728572445e-6 8.212955034981352e-6 -9.628461578433895e-6 1.2822830730120504e-5 -1.3797110415456702e-5 2.029130003184721e-5 0.018856506723846197 0.01940140085003153 0.026089529993468277 0.022536891435484575 0.024628821662799377 0.020448369614830902 0.01971013015918528 0.015846167686743354 0.013554904941240233 0.0099046657679094 0.006547649430160177 0.0028985484824149057 -0.0014717161491886474 -0.005114341005981754 -0.010563664272198414 -0.013681459815428136 -0.01986669376675743 -0.021165596187470208 -0.027238114740621266 -0.02464251685162421 -0.02928018761611972 -0.020044211597403345 -0.0322778232734451 0.023443159576361953 0.08934473784088622 0.10592669263101909 0.08784327834064125 0.09138102466565191 0.0822209046530884 0.07613868440134311 0.06754789088888509 0.05859572705634997 0.04769483913254583 0.03601389464751829 0.021766862485390937 0.005928804303107645 -0.012040679016698426 -0.03261237808595579 -0.053028454543216245 -0.07564915741191157 -0.09450757540603448 -0.11088288883580938 -0.12631508860307672 -0.11606981620719282 -0.11974390446253269 -0.05392222929582346 0.029507674728293527 0.11064742519180984 0.15651204332833485 0.13477499360151482 0.13785347592625785 0.13451451735599096 0.13064563966721626 0.12582031550354408 0.11814062195246008 0.10678112414735864 0.09102221393331368 0.06928071881933269 0.04158902641583685 0.006860480753277173 -0.03319788763309569 -0.07865142115630808 -0.12482026868852326 -0.17128626743658956 -0.20844207549826627 -0.24073738062997938 -0.24318690870869916 -0.2186103820040877 -0.07754130547973885 0.0052900640508751415 0.05410530855352647 0.0896341819962074 0.09144847108208241 0.1016601619994811 0.11770228441959882 0.13306334880414228 0.14739755708155447 0.15670463276543747 0.1589361622947054 0.15173488084348158 0.1334680523177212 0.10313707842370652 0.06086912390358415 0.007726358026174875 -0.05354857124569325 -0.11897462277520585 -0.18374642358891358 -0.2407324350814758 -0.2795702505592285 -0.3025778676563931 -0.24800238612088407 -0.08237763219456623 -0.022179748867698988 -0.06468472200267178 -0.061492369303435775 -0.036586142136371264 -0.006847422837272768 0.03581069914534028 0.08147479666378102 0.12426302833287672 0.16013568763798838 0.18381688624984735 0.19278752727880577 0.1852949547245391 0.1607935985121492 0.1207692945702159 0.06736039852156449 0.004828179045600249 -0.0623723252245765 -0.12713057287530677 -0.1858773436816094 -0.21970093249814376 -0.2438187926132715 -0.20788628086163105 -0.07371869904689131 -0.05579623751240863 -0.17763002011831008 -0.21049840182741236 -0.17190684189021732 -0.12429953662052501 -0.055004586045125155 0.01797789759124299 0.0882288973684931 0.1464630045293576 0.18815785499584398 0.20913894690013793 0.20914741885934465 0.18957997922293682 0.15363545693788064 0.10613584542017086 0.05195596977299418 -0.0029183848067968815 -0.05309303229354904 -0.09409025455376141 -0.11784470152762372 -0.12020438326216884 -0.11868542445862261 -0.05405282913582734 -0.0727622006629384 -0.23083802540376605 -0.2678370342614455 -0.23545522571907632 -0.1728424402555461 -0.08973320424696167 0.0003682810575358376 0.08371229810022981 0.15136627806812283 0.19564423374171777 0.2145812954282376 0.20855756699732722 0.1820915524821558 0.14131092185707175 0.09338768196687129 0.045420895536959424 0.0030607536740015883 -0.02838325063831869 -0.04697348834771977 -0.0536340338354416 -0.028775505893919556 -0.049563823141209905 -0.04035551343588973 -0.0762382750246002 -0.20578212166815563 -0.22218968524476057 -0.20330176760806587 -0.13226832063474595 -0.046653968589596584 0.04698832853555609 0.1303878791374036 0.19249545815803282 0.2262817163904945 0.22917394491455317 0.20431571470065227 0.15808435719664543 0.09973293288621746 0.03895714084884066 -0.015286088637043132 -0.05648714045661914 -0.08042367132535444 -0.0841597039083761 -0.08106731188972047 -0.032449026498770545 -0.05135619964897125 -0.03962118604768158 -0.06847306460739053 -0.14872490931831633 -0.134824711042787 -0.12508243312055053 -0.053126620836550106 0.0311777539180877 0.1209072710830097 0.1989952399635591 0.25228689343791 0.2734352417283711 0.260328853453496 0.21621619024782673 0.1491008658300954 0.06941395082217812 -0.011302400876093207 -0.08273479819603012 -0.13697232286140326 -0.16988541176119015 -0.1771710012056568 -0.17286942551107592 -0.12583084640509398 -0.11374667301061216 -0.052299857539030326 -0.063966876695286 -0.11719334924055663 -0.09215086385165426 -0.07988157837293297 -0.01245589424495871 0.06976384214487627 0.15707665197140283 0.23354638524576585 0.28663107681986977 0.3077897698992702 0.29403247658675735 0.24740781535350448 0.17463866743548412 0.08556175324809309 -0.008617366120738029 -0.09694068446880114 -0.17044629462655528 -0.2231037452220461 -0.2499659928096772 -0.2562823344391317 -0.22927988692908013 -0.18788866879336094 -0.06771145562824625 -0.06652414009022858 -0.1399985869931822 -0.1319130088574151 -0.11206405023664764 -0.05485307216709238 0.024828586874790642 0.11158995309290896 0.19385932555738164 0.25906194704965174 0.29828342796023793 0.30613688925593124 0.28169401350264095 0.22808905890392525 0.1519506006408268 0.06227041253147932 -0.03099737770491853 -0.1179997511953848 -0.19056706058371783 -0.24187988697813928 -0.2659204604513773 -0.26660313021534104 -0.2185420807054868 -0.07598304352050701 -0.07386034666847338 -0.19146991361902393 -0.21660097400273812 -0.19803631776087036 -0.1557723295217734 -0.08531853377450394 -0.0013632349302028243 0.08739814727244696 0.17031256799039254 0.2376162169279371 0.2814475485375985 0.2966375348593103 0.2814475485501117 0.23761621703215077 0.1703125681341736 0.08739814742335685 -0.0013632348128072163 -0.08531853367930728 -0.15577232962384135 -0.1980363179179606 -0.21660097412698087 -0.19146991369836283 -0.07386034669382341 -0.075983043509391 -0.2185420806399377 -0.2666031301037387 -0.2659204603382631 -0.24187988689342918 -0.19056706066404466 -0.11799975129450481 -0.03099737783038862 0.062270412395066393 0.15195060060413917 0.22808905889778014 0.28169401348964573 0.3061368892794504 0.2982834280745228 0.2590619471720388 0.19385932570251171 0.11158995319526191 0.024828586957818727 -0.05485307225847094 -0.11206405037247145 -0.13191300898176772 -0.13999858709618523 -0.0665241401153622 -0.06771145561292219 -0.18788866875673974 -0.2292798868203233 -0.25628233437917136 -0.24996599277178636 -0.2231037452671495 -0.1704462946687826 -0.09694068455788603 -0.008617366194634194 0.08556175323143982 0.1746386674308401 0.24740781534263415 0.2940324766237077 0.30778976997606133 0.28663107689676764 0.23354638533536998 0.1570766520474238 0.06976384217479076 -0.012455894297070919 -0.07988157844352378 -0.09215086396295115 -0.11719334933071617 -0.06396687672028385 -0.052299857554556566 -0.11374667297372112 -0.1258308463706302 -0.1728694254718366 -0.17717100115128018 -0.1698854117803088 -0.1369723228684853 -0.08273479825432528 -0.01130240088873628 0.06941395082064727 0.1491008658393577 0.2162161902415122 0.26032885347456536 0.27343524175171197 0.25228689348873706 0.19899523997036295 0.12090727108737967 0.031177753918551553 -0.05312662087265734 -0.12508243315175513 -0.13482471109158364 -0.14872490934582375 -0.0684730646222687 -0.039621186046155964 -0.051356199684494105 -0.03244902649253565 -0.08106731188099416 -0.08415970383514074 -0.0804236713110641 -0.05648714046684803 -0.015286088642458928 0.03895714086279544 0.09973293291363272 0.15808435720467878 0.2043157147451931 0.22917394490167756 0.2262817163735671 0.19249545813899702 0.13038787910898023 0.04698832848730305 -0.046653968602960616 -0.13226832065666724 -0.20330176763192725 -0.2221896852162139 -0.20578212165482954 -0.07623827503441559 -0.040355513464378975 -0.04956382315689917 -0.0287755059664418 -0.05363403376814593 -0.046973488373059 -0.02838325057336201 0.003060753685296054 0.045420895563529455 0.0933876820124888 0.14131092186061256 0.18209155254371837 0.20855756704026937 0.21458129541475734 0.1956442336980006 0.1513662780070127 0.0837122980328422 0.0003682810240683981 -0.08973320427948522 -0.17284244026409692 -0.23545522572022437 -0.2678370341909117 -0.23083802538109988 -0.07276220067113234 -0.054052829129712245 -0.11868542450941373 -0.12020438325429326 -0.11784470159699642 -0.09409025454389869 -0.05309303230088475 -0.0029183847531218045 0.05195596981146904 0.10613584546494183 0.1536354569714986 0.18957997927472825 0.2091474188883359 0.2091389469229194 0.18815785493852655 0.14646300447840893 0.0882288973031825 0.01797789754641431 -0.05500458608200366 -0.12429953661952307 -0.1719068418463143 -0.21049840178123688 -0.17763002010537599 -0.05579623753896036 -0.07371869906076357 -0.20788628084953248 -0.243818792665886 -0.21970093252675585 -0.18587734371883086 -0.12713057289115443 -0.06237232519901207 0.004828179073235948 0.06736039856160655 0.12076929461715835 0.16079359854701672 0.1852949547795261 0.1927875272796813 0.18381688623333703 0.16013568761574282 0.12426302827409338 0.08147479664282903 0.035810699122776735 -0.00684742281556801 -0.03658614212504661 -0.06149236927286009 -0.06468472202804718 -0.022179748872387092 -0.08237763218545249 -0.24800238614067316 -0.3025778676655357 -0.27957025060217694 -0.240732435126316 -0.1837464235839988 -0.11897462281244252 -0.05354857119679559 0.0077263580458406195 0.06086912393444855 0.1031370784627394 0.13346805234752565 0.15173488088058987 0.15893616229416574 0.15670463276696722 0.14739755706676272 0.13306334878803822 0.11770228441170857 0.10166016201732764 0.09144847109528645 0.0896341819811402 0.05410530853962512 0.005290064025012218 -0.07754130548652656 -0.2186103820134744 -0.2431869087390644 -0.2407373806570467 -0.20844207550392926 -0.17128626747638465 -0.12482026867010138 -0.07865142115979344 -0.03319788760690492 0.006860480777364088 0.0415890264278909 0.06928071885315365 0.09102221394462733 0.10678112415657205 0.11814062197115098 0.1258203155121757 0.13064563966237255 0.13451451737325681 0.13785347594112357 0.13477499360327808 0.15651204331776886 0.11064742514758547 0.02950767471039993 -0.053922229295367156 -0.11974390448239734 -0.11606981621700804 -0.12631508861005902 -0.1108828888557558 -0.09450757539935341 -0.07564915743160221 -0.053028454521080015 -0.03261237808335168 -0.012040678997937202 0.005928804317413457 0.021766862475021184 0.03601389465439589 0.047694839141000756 0.05859572706319192 0.06754789091454386 0.07613868440894328 0.08222090465919012 0.09138102467610636 0.08784327834487876 0.1059266926315189 0.0893447378125963 0.023443159554762512 -0.032277823280401456 -0.02004421160438496 -0.029280187618677476 -0.024642516858110496 -0.027238114735028043 -0.02116559618518502 -0.019866693768035383 -0.013681459802554181 -0.010563664263782871 -0.005114340997709308 -0.0014717161476765657 0.0028985484816557395 0.006547649425965294 0.009904665767373791 0.013554904940101212 0.01584616769422772 0.01971013016219307 0.020448369624209536 0.024628821661488016 0.02253689143394479 0.026089529991080877 0.019401400845707104 0.018856506712708575
</DataArray>
        <DataArray type="Float64" Name="Mode_12_w" NumberOfComponents="1" format="ascii">
 -3.521182526687547e-7 -4.0696826854884486e-7 3.521182522551718e-7 4.0696826990694715e-7 2.6530998636180746e-7 -1.2671670229474613e-6 -7.302324959919484e-7 -7.18245290165755e-7 3.886417373826691e-8 3.886417373826691e-8 6.898502219820297e-7 1.9442065098163028e-6 3.0197227016547782e-6 2.9411345169665323e-6 1.627109116604393e-6 -5.050616277895655e-7 -2.216157006097479e-6 -2.775134115256185e-6 -2.2097095203930042e-6 -9.208686503342071e-7 -1.30179465124575e-9 -1.30179465124575e-9 8.326073309878715e-7 7.0012314501925e-7 1.2796969108926514e-6 2.6862125492854804e-7 2.6144598237623947e-7 1.2295489243704712e-7 -2.0020606543194073e-7 4.6014366108814313e-7 -1.7531416615025994e-7 2.212904390981401e-7 2.212904390981401e-7 4.205784499955423e-8 2.5175240317641557e-7 1.2852832517636797e-7 -4.930117199108289e-8 -2.1968009949396776e-7 -2.944701747118375e-7 -2.2375151114008424e-7 3.72878691859822e-8 2.5401908575653246e-7 4.99714217078187e-7 4.0078914498478146e-7 4.0078914498478146e-7 3.158084233752896e-7 3.804377876744628e-7 3.069180037080741e-8 5.591384751154182e-7 -4.885114928765102e-7 -2.6530998554767423e-7 1.2671670222457411e-6 7.302324947795898e-7 7.182452873189347e-7 -3.886417326545653e-8 -3.886417326545653e-8 -6.898502250106471e-7 -1.9442065094509647e-6 -3.0197227009260597e-6 -2.9411345170505398e-6 -1.6271091147423675e-6 5.050616300976634e-7 2.216157007084583e-6 2.7751341167631818e-6 2.209709518664822e-6 9.208686498137026e-7 1.301792042054438e-9 1.301792042054438e-9 -8.326073311931984e-7 -7.001231477627738e-7 -1.2796969103609193e-6 -2.6862125618749935e-7 -2.6144598142208333e-7 -1.2295489292555156e-7 2.0020606499825843e-7 -4.601436620255039e-7 1.753141672310393e-7 -2.212904388734672e-7 -2.212904388734672e-7 -4.205784437839978e-8 -2.517524030232072e-7 -1.2852832400503416e-7 4.9301171136934335e-8 2.1968009793545257e-7 2.9447017500087744e-7 2.237515088329042e-7 -3.7287866616683786e-8 -2.5401908789900135e-7 -4.99714214599443e-7 -4.007891479667144e-7 -4.007891479667144e-7 -3.158084204932113e-7 -3.804377894424769e-7 -3.069179906731309e-8 -5.591384752098885e-7 4.885114944318437e-7 -0.00018570599670236857 -0.00046828351944025904 -0.0006343086729377456 -0.0006943329647591241 -0.0005787789512951457 -0.00024258686565396746 -0.00024258686565396746 0.00020126070711284688 0.0007033024969657056 0.0011183595309410509 0.0013816602363024625 0.0014163030059388825 0.001233471352686284 0.0008632856453214026 0.00040549840346575165 -6.169333271859589e-5 -0.00041585873452579285 -0.0006295301018805333 -0.0006295301018805333 -0.0006283759593121815 -0.0005257557567251641 -0.00034820314853934684 -0.00011426205543421432 -0.00043969681980766555 -0.002665626215024426 -0.005291002681926028 -0.006235147481950717 -0.005487775389937855 -0.002852519789872328 -0.002852519789872328 0.001053458407201789 0.005385699961537741 0.009178716272615729 0.011559446925354336 0.01197606663749285 0.010333429399402048 0.006993343471589987 0.0027426216752167356 -0.0015266538179666124 -0.004846254347316853 -0.006614565426530474 -0.006614565426530474 -0.0065136476185047466 -0.0047715578812366375 -0.0025736870215579623 -0.00035495211717372115 -0.0003249334369626096 -0.003658133345266555 -0.010012577006973786 -0.012704008576932189 -0.011696865656891604 -0.006761068056874432 -0.006761068056874432 0.0010645988890369998 0.009958319819149448 0.01791062068990767 0.023034662831469616 0.024038840054234047 0.020579847646609938 0.01337683597999253 0.004019246667092945 -0.005397130375881235 -0.012796314888851612 -0.016491695158074943 -0.016491695158074943 -0.01587789719851298 -0.011204004964092336 -0.004660782550964779 -0.0004965315922832315 0.0001138633077603737 -0.001463722840559203 -0.006996946107626562 -0.009506644889204352 -0.008652109675827526 -0.004361400030465299 -0.004361400030465299 0.0025615770960374065 0.010566204982769799 0.017797150765293326 0.02247089925262476 0.023256014197404452 0.019641979510002416 0.012188692576859018 0.0023919756971838286 -0.007635603668471031 -0.015640551694399752 -0.015640551694399752 -0.019732584191210215 -0.01897311869782264 -0.013707414705840196 -0.0053054056486465575 -0.0004425319120925902 0.0010073963987896168 0.0049275566838345615 0.0060618790375449325 0.007521583779371421 0.008384801721301675 0.008545314224837744 0.008545314224837744 0.008145181937400455 0.007411314715649039 0.006567050833554379 0.005629688881761633 0.00445513231163829 0.002785985064089097 0.00044206140434781645 -0.0024882421893106066 -0.0056138466141251175 -0.008294641241520871 -0.008294641241520871 -0.009742857227315731 -0.009335760462860325 -0.006881811272885445 -0.0020615597123459116 -5.5842840755267684e-5 0.0010073963987896168 0.0049275566838345615 0.0060618790375449325 0.007521583779371421 0.008384801721301675 0.03721788623293489 0.008545314224837744 0.008145181937400455 0.007411314715649039 0.006567050833554379 0.005629688881761633 -0.026781333117010524 -0.02502748241944331 -0.017953556188593674 -0.007921313564285281 0.002286210969912198 -0.008294641241520871 -0.009742857227315731 0.013928078842125212 0.013435328511487602 0.009500128498307501 0.005186531525646475 0.0007707229484960057 0.0021477462751729307 0.014254659777912192 0.026965397595959884 0.03551207721268687 0.03721788623293489 0.031101353651292355 0.031101353651292355 0.018847766624519615 0.003514693916086943 -0.011209750903845444 -0.022015014711191397 -0.026781333117010524 -0.02502748241944331 -0.017953556188593674 -0.007921313564285281 0.002286210969912198 0.010109474178212062 0.013928078842125212 0.013928078842125212 0.013435328511487602 0.009500128498307501 0.005186531525646475 0.0007707229484960057 0.0030773936453988124 0.022950602179098712 0.04775753575233559 0.06426218891266997 0.06758013267339844 0.05598689654373657 0.05598689654373657 0.03224590406109535 0.0022544394636316327 -0.026808250833252178 -0.04817062669998793 -0.05709558733169343 -0.052068863595279666 -0.03512117521533877 -0.011072439512271314 0.013844672448319986 0.03347921824413431 0.04328540774485126 0.04328540774485126 0.04164783623828524 0.030098681317967887 0.014026717772912615 0.0017352272754561709 0.0033713559430532765 0.02680163069961534 0.0584000255891886 0.08001687356531509 0.08519457464538575 0.07158076864491114 0.07158076864491114 0.04228538317599848 0.0044579172617561615 -0.03280476920768376 -0.06069064201382537 -0.07271506860713146 -0.0663819472539559 -0.04389649493944907 -0.011358406163962845 0.02292177504703612 0.05041238702863973 0.06444328299527072 0.06444328299527072 0.0621916333296215 0.04544157654314419 0.020592245988504333 0.002462818600466879 0.002765880666731557 0.023187420510815786 0.052151020727346134 0.07296590671826358 0.07913959953685576 0.06821974979121032 0.06821974979121032 0.04247008591803418 0.008087125054548836 -0.026723904863705718 -0.05365342942017267 -0.066253934486568 -0.06159996048989469 -0.04118690504471118 -0.010430775464966789 0.022816754268028577 0.050172457013890344 0.0647288265454331 0.0647288265454331 0.06314865862846283 0.04684222479758798 0.02113939300263912 0.0025236503959641886 0.0013977455989328518 0.012541632995595265 0.029408897578086644 0.04292335702571989 0.04844136783863354 0.04408288651194196 0.04408288651194196 0.030405832785937566 0.010487456469383375 -0.011034693433232682 -0.029069674990626498 -0.039208714024443495 -0.03890459705117534 -0.02829131949089348 -0.010158045171867844 0.010790275051445919 0.029114897221038133 0.03995086590837527 0.03995086590837527 0.04046086421346957 0.031075046679520976 0.014290675499572624 0.0017594008799642511 -0.0003010096455029856 -0.001634742367216402 -0.0022679764844291054 -0.00027629009406031726 0.0030355292715025114 0.006846128665926343 0.006846128665926343 0.009788591942371836 0.01074522621023388 0.009184762116680702 0.0052962323196510735 -3.0509177450316476e-11 -0.005296232375810517 -0.00918476215516778 -0.010745226223563756 -0.00978859192594115 -0.006846128625521292 -0.006846128625521292 -0.00303552921915076 0.00027629014496474057 0.002267976519564723 0.0016347423846968239 0.0003010096478229802 -0.0017594008782586 -0.014290675484781227 -0.031075046646811943 -0.04046086417316938 -0.039950865864043665 -0.039950865864043665 -0.029114897188349986 -0.010790275037191458 0.010158045160396421 0.028291319457885537 0.03890459700603572 0.03920871397378113 0.029069674944352083 0.011034693398630408 -0.010487456481247062 -0.030405832771949536 -0.04408288647434847 -0.04408288647434847 -0.04844136779062986 -0.04292335697728809 -0.029408897543650146 -0.012541632981346152 -0.001397745596929621 -0.002523650395097071 -0.021139392994650202 -0.04684222477898027 -0.06314865860377208 -0.0647288265211438 -0.0647288265211438 -0.05017245699331648 -0.022816754261368824 0.010430775459673695 0.041186905024302355 0.06159996046432367 0.06625393446077617 0.05365342939429748 0.02672390484783422 -0.008087125061707012 -0.04247008590699301 -0.06821974976664016 -0.06821974976664016 -0.07913959950476143 -0.07296590668848853 -0.052151020703474986 -0.023187420499040396 -0.002765880665445169 -0.00246281860071771 -0.020592245989462507 -0.045441576544127685 -0.06219163333153353 -0.0644432829976194 -0.0644432829976194 -0.05041238703293123 -0.022921775047375664 0.011358406161523655 0.04389649494028688 0.06638194725374552 0.07271506860787104 0.06069064201525265 0.03280476920780926 -0.004457917262493672 -0.04228538317726333 -0.07158076864543142 -0.07158076864543142 -0.08519457464250162 -0.08001687355998613 -0.05840002558514311 -0.026801630696471207 -0.0033713559424665227 -0.0017352272765365135 -0.014026717782356797 -0.030098681340191846 -0.04164783626597039 -0.04328540777382957 -0.04328540777382957 -0.03347921826815491 -0.013844672461573716 0.011072439513774603 0.03512117522764973 0.05206886361894985 0.05709558735933178 0.048170626725676534 0.02680825084909243 -0.002254439461764449 -0.032245904075346686 -0.05598689656692528 -0.05598689656692528 -0.06758013270282298 -0.0642621889381671 -0.04775753576960472 -0.022950602186813787 -0.0030773936461062643 -0.000770722950175019 -0.005186531539960999 -0.009500128528437152 -0.013435328554893424 -0.0139280788886157 -0.010109474216574753 -0.010109474216574753 -0.0022862109918347895 0.007921313562551928 0.017953556208278407 0.025027482453984295 0.026781333158659125 0.022015014749531256 0.011209750928483744 -0.003514693913962209 -0.01884776664534169 -0.031101353692365545 -0.031101353692365545 -0.03721788628042018 -0.035512077258507566 -0.026965397628606436 -0.014254659791801797 -0.002147746276941425 -0.000770722950175019 -0.005186531539960999 -0.009500128528437152 0.009335760417906637 0.00974285717877967 0.008294641199440716 -0.010109474216574753 -0.0022862109918347895 0.007921313562551928 0.017953556208278407 0.025027482453984295 0.026781333158659125 -0.005629688842660463 -0.006567050808563744 -0.007411314712894675 -0.008145181958673081 -0.008545314264539878 -0.03721788628042018 -0.008384801772255061 -0.007521583827272663 -0.00606187907383524 -0.004927556700907236 -0.0010073964006808518 5.584283921282201e-5 0.002061559698019759 0.006881811241958862 0.009335760417906637 0.00974285717877967 0.00974285717877967 0.008294641199440716 0.0056138465889508625 0.0024882421847036568 -0.0004420613876669693 -0.002785985028998236 -0.004455132268795299 -0.005629688842660463 -0.006567050808563744 -0.007411314712894675 -0.008145181958673081 -0.008545314264539878 -0.008545314264539878 -0.008384801772255061 -0.007521583827272663 -0.00606187907383524 -0.004927556700907236 -0.0010073964006808518 0.0004425319104066631 0.00530540563694041 0.013707414681443163 0.018973118664217307 0.0197325841528364 0.0197325841528364 0.01564055166161744 0.007635603646167533 -0.002391975703145416 -0.012188692565680772 -0.01964197948513583 -0.023256014164832597 -0.022470899221878816 -0.017797150745426597 -0.010566204978737137 -0.00256157711008394 0.0043614000016680915 0.0043614000016680915 0.008652109639633154 0.00950664485217443 0.006996946079942883 0.001463722826768703 -0.00011386330978590426 0.0004965315913705755 0.004660782543725712 0.01120400495140839 0.01587789718061861 0.016491695137810274 0.016491695137810274 0.012796314869690385 0.005397130362932779 -0.004019246671951724 -0.013376835974963138 -0.020579847634150727 -0.024038840037705903 -0.02303466281482407 -0.017910620677656825 -0.009958319815448705 -0.001064598894112678 0.006761068042859474 0.006761068042859474 0.011696865637968193 0.012704008558690914 0.01001257699174378 0.003658133337254767 0.0003249334355680939 0.0003549521163745437 0.002573687018222435 0.004771557877571544 0.0065136476133616835 0.0066145654210856795 0.0066145654210856795 0.0048462543422584485 0.001526653814203081 -0.0027426216766132674 -0.006993343470510193 -0.010333429395470333 -0.011976066633114468 -0.011559446920211618 -0.009178716269002641 -0.005385699959312317 -0.0010534584075269362 0.0028525197876103016 0.0028525197876103016 0.0054877753863020904 0.006235147477955305 0.00529100267925385 0.0026656262122118153 0.0004396968191567401 0.00011426205540600906 0.0003482031481650359 0.0005257557562944441 0.0006283759591136587 0.0006295301015097418 0.0006295301015097418 0.0004158587344311503 6.169333234726986e-5 -0.00040549840338961545 -0.000863285645182167 -0.0012334713525007633 -0.00141630300560728 -0.001381660236040302 -0.0011183595304776622 -0.0007033024967381135 -0.00020126070684578474 0.00024258686550790952 0.00024258686550790952 0.0005787789513302436 0.0006943329646586469 0.0006343086727944698 0.0004682835191981635 0.00018570599656255352
</DataArray>
        <DataArray type="Float64" Name="Mode_12_phi1" NumberOfComponents="1" format="ascii">
 -2.0658277375242006e-6 -2.137718724084509e-6 -2.065827736574734e-6 -2.137718727337941e-6 -1.306852124113962e-5 5.630307251220747e-6 -4.882472728835042e-6 1.2446323956898933e-6 1.856740640381602e-7 4.678287705428364e-6 3.158243985453454e-6 3.7180997764804503e-6 -7.848908349567451e-8 -1.8855748784428853e-6 -4.905998056181993e-6 -4.37714268185752e-6 -4.528285870624482e-6 1.3264326337548783e-7 1.1729480773690718e-7 5.9786217246806065e-6 9.300758636971526e-7 6.300923124571765e-6 -4.410698200386491e-6 4.916252399414589e-6 -1.0684668862147883e-5 1.3142564792283655e-5 -1.8724689495959184e-5 -5.281095530713678e-6 4.463494022079304e-6 -3.874721427537962e-6 -1.382270753799295e-6 -4.901505577876136e-6 -2.944498768301302e-6 -3.1080267329195954e-6 -7.031051389317196e-7 7.343915721230153e-7 2.857967932819064e-6 4.005992561238963e-6 4.7718952537538335e-6 4.250476047744615e-6 3.4650659669523095e-6 1.1756802849976838e-6 -1.1979534312117182e-7 -2.9464940273725663e-6 -3.0076576482331997e-6 -5.3270922168733875e-6 -1.6554315163479089e-6 -5.601618314230587e-6 6.817461939351648e-6 -4.395393160167993e-6 -1.3068521226269225e-5 5.630307239841907e-6 -4.882472718372715e-6 1.2446324033132949e-6 1.8567404835582384e-7 4.6782877231974495e-6 3.158243975356782e-6 3.718099769149204e-6 -7.848908047183436e-8 -1.885574882504363e-6 -4.905998047194029e-6 -4.3771427043273265e-6 -4.528285841163074e-6 1.326432363664715e-7 1.1729484356146869e-7 5.978621689442935e-6 9.3007590545653e-7 6.30092308136302e-6 -4.410698159523221e-6 4.916252359545288e-6 -1.0684668834606126e-5 1.3142564781407286e-5 -1.872468950664588e-5 -5.281095542980431e-6 4.4634940232719e-6 -3.8747214219822245e-6 -1.382270769646308e-6 -4.901505560361043e-6 -2.9444987880521584e-6 -3.108026715991209e-6 -7.031051526284682e-7 7.343915704998972e-7 2.857967937740358e-6 4.0059925701234925e-6 4.771895238812283e-6 4.250476068714191e-6 3.4650659481607637e-6 1.1756803046917984e-6 -1.197953563515135e-7 -2.9464940257701087e-6 -3.007657632484543e-6 -5.327092259312334e-6 -1.6554314620296634e-6 -5.6016183608143065e-6 6.817461967143325e-6 -4.3953931806688135e-6 -0.009430920191782871 -0.01959053568879821 -0.03629799827612563 -0.04571096025658963 -0.04596045571527634 -0.033725271580678 -0.011250662226410527 0.018454119489912078 0.049415425204580254 0.07633211375938276 0.09380352274960857 0.09877883203398334 0.09027614437622337 0.07006386546829582 0.04189346341691349 0.011153690305154689 -0.016932085209511807 -0.03720230794432053 -0.04748536077788219 -0.04627012404414984 -0.03753175974435556 -0.02334006621774284 -0.011994625790888724 -0.003662666632589779 -0.043128800228569665 -0.09567855969473181 -0.13975157386442813 -0.14172872638000095 -0.10841880216086518 -0.04122512406834092 0.04641506650399732 0.13795115888393134 0.21562798724375362 0.26408010622875205 0.2735115112044904 0.24155792037825244 0.1739647591482549 0.08349015664997442 -0.013234984856002064 -0.09755672421846086 -0.1550151390823079 -0.17527923894981742 -0.15616402852015604 -0.10877299803816626 -0.04798893305719253 -0.004510943381629734 0.002231279924422022 -0.01529563389633495 -0.06406644327720977 -0.10391583169412219 -0.11079322257845753 -0.08612350380599708 -0.03339951880946527 0.03740262819385372 0.1122321489582406 0.1759167003196102 0.2147449991728069 0.21917141706274912 0.18625214626779565 0.12045472771069514 0.03289788062491224 -0.059584287470278545 -0.1399058146890643 -0.19051570939880588 -0.20241241800339538 -0.17248582975352675 -0.10436465213009032 -0.03564721202807958 -0.00387320384085474 0.013283507046442185 0.044593565904015246 0.08491795955578404 0.10965508347744098 0.11797538026351743 0.10745041052188588 0.07912183647274947 0.03991785526199701 -0.002267086811258569 -0.03979719627223077 -0.06676515792164987 -0.08063712151238568 -0.08232478535938632 -0.07506710131685992 -0.06322094580393105 -0.05106496452960714 -0.04093601119436728 -0.034397974390069766 -0.02860325422703815 -0.025460019620855468 -0.013105844172638555 0.0010574194993489675 0.006134189575694919 0.024540168748913065 0.1202854694655092 0.2548431840723937 0.36407589261182727 0.40110669941463445 0.358319456728999 0.24096536961127002 0.07272001415553812 -0.11236916040758975 -0.2777221345117319 -0.3920801039813492 -0.4353776816017951 -0.402763291266112 -0.3049531825858849 -0.16488945080498307 -0.012626397708650894 0.1210380897971904 0.21129646155874857 0.24433686184125736 0.21969064217649215 0.15497037313896878 0.07507759366424699 0.015510319360660257 0.03210244289209218 0.1753547521324426 0.3874336039555033 0.5636773784125754 0.6289433811468118 0.5704332652446533 0.3924118747473026 0.13194927547602947 -0.15913643880114883 -0.42223849633231514 -0.6049934518128016 -0.6725248493297831 -0.6137618388711223 -0.4434331033899014 -0.19874133703622415 0.0690483126819451 0.3053146483616311 0.4635736922430218 0.5160234078004132 0.4583726557848802 0.3135989727245857 0.14309021677672135 0.026572362880524752 0.029231657036346625 0.17482892429302624 0.39620601841305436 0.5877129990494266 0.6664171947815883 0.6173332462052373 0.4443602116049419 0.18086828700347327 -0.11918585763110776 -0.39513474156343625 -0.5905948917696676 -0.6654360268050047 -0.6046076086114605 -0.4210082639380925 -0.15288240701443317 0.14395423616617004 0.40805171801698514 0.5852618647751614 0.6403420961184723 0.5678959796738732 0.3854837532631522 0.17056048601458165 0.028059039336440023 0.015859120911020996 0.10554824089801434 0.2476037851030012 0.37851128787226745 0.441600351653639 0.4240742887511221 0.32523273722332163 0.16404764800159413 -0.027891826738694274 -0.21072057340481956 -0.3457722346304884 -0.4030942989183783 -0.36806762753603783 -0.24553646070248983 -0.05940634511436824 0.1520754432192743 0.3441956566487335 0.4751680818797359 0.5152036263255267 0.45794565634156587 0.3094400207673304 0.1345612691758783 0.020909545914571136 -0.006030683431446843 -0.016225261526298478 -0.02378068269861355 -0.018565427529326023 -0.002915057606519169 0.017691460440538157 0.03906359385909025 0.05374300929859586 0.05797396117877308 0.05060035885002123 0.035122690939327586 0.018348901080047508 0.008309653943952802 0.011543034737342354 0.030446122205892708 0.06195815018444758 0.09828690413006064 0.1286443053540717 0.1409260232039228 0.13030247259421282 0.08743414693902977 0.03364470765970246 0.0022751713117815605 -0.02880180851887682 -0.14914868476622564 -0.3231506847392571 -0.462195705156242 -0.5100186460795639 -0.45897363467328695 -0.31636056974885296 -0.11420077226948006 0.10395467760523518 0.29296836193855214 0.41512692112913513 0.44857935260953347 0.3910836510213884 0.25926261925005867 0.08398698153700221 -0.09690093978147578 -0.24677601327232518 -0.3376349455916179 -0.35654172428293335 -0.3053962995055318 -0.2077270948695029 -0.09788930411119207 -0.01999529652636203 -0.045317332760180254 -0.2453952891520488 -0.5409846267464103 -0.7900098069018769 -0.8918812015327223 -0.8263397308555387 -0.6011004629605129 -0.2643327299350744 0.1130258385855345 0.4519794563587512 0.6827721093447537 0.7593023865948789 0.6684616382328238 0.4322612334999833 0.10238506224004247 -0.25124072632906813 -0.5551951509728241 -0.7480074711318685 -0.7936961907537899 -0.690143172126279 -0.46807170130859094 -0.2136075981320752 -0.0400008928642663 -0.049320061411495045 -0.2700871917175411 -0.5963193991201643 -0.8763554877961848 -1.0 -0.9372977467828539 -0.6939894040013108 -0.3195685498391294 0.10813684912478293 0.49982393343844533 0.7733638758847526 0.8713884419790395 0.7733638758722461 0.4998239334442488 0.1081368491125968 -0.3195685498316747 -0.6939894039603668 -0.9372977467364912 -0.9999999999145559 -0.8763554877524414 -0.5963193990963589 -0.27008719173738777 -0.0493200614154866 -0.04000089288716088 -0.213607598208499 -0.46807170143218635 -0.690143172390937 -0.7936961910151401 -0.7480074714196089 -0.5551951511194556 -0.2512407263949028 0.10238506234226591 0.43226123373048875 0.6684616385575141 0.7593023869854996 0.6827721096923611 0.4519794565908029 0.11302583873104179 -0.2643327299613928 -0.6011004630506309 -0.8263397310340291 -0.8918812017322381 -0.7900098070732472 -0.5409846268725966 -0.2453952892036649 -0.04531733277241184 -0.019995296550577114 -0.09788930425780144 -0.20772709518087779 -0.30539629988877254 -0.3565417247740047 -0.3376349459850821 -0.24677601360312618 -0.09690093982420703 0.08398698168853529 0.25926261960685937 0.39108365153718383 0.44857935315718933 0.41512692165235243 0.29296836239490637 0.1039546777972901 -0.11420077227314765 -0.3163605700168842 -0.45897363508762007 -0.5100186465713195 -0.4621957055677666 -0.3231506849811289 -0.14914868485883534 -0.028801808540275534 0.00227517127361603 0.0336447074923233 0.08743414656327661 0.13030247201670073 0.14092602260444573 0.1286443047337893 0.0982869037754378 0.06195815004689043 0.030446122409354976 0.011543035193612355 0.008309654486162507 0.01834890168110009 0.03512269151887343 0.050600359240538004 0.057973961360670664 0.053743009140650264 0.039063593378625604 0.01769145981677252 -0.002915058232860975 -0.018565428084257797 -0.023780683097024413 -0.016225261714426512 -0.006030683460705178 0.020909545892184037 0.13456126900616094 0.30944002037995316 0.45794565583801844 0.5152036257688245 0.47516808140789407 0.3441956562782554 0.15207544308846108 -0.05940634502750537 -0.2455364604184789 -0.3680676270429241 -0.40309429836212407 -0.34577223413001845 -0.21072057304932754 -0.027891826628535375 0.16404764782570538 0.32523273684565607 0.4240742881486559 0.44160035096752526 0.3785112872811026 0.24760378469700636 0.10554824070835339 0.01585912087466544 0.028059039309244 0.17056048593439868 0.3854837531184099 0.5678959794187023 0.6403420957648401 0.5852618644502446 0.4080517177746114 0.14395423602215937 -0.15288240701351588 -0.4210082637807327 -0.6046076083902422 -0.6654360265444389 -0.5905948915213749 -0.39513474138978516 -0.11918585759148792 0.18086828690731627 0.44436021131110687 0.6173332458396573 0.6664171943965393 0.5877129986712974 0.39620601816619916 0.17482892418685322 0.029231657008844666 0.026572362880027567 0.14309021677321584 0.3135989727053311 0.45837265573904556 0.5160234077683431 0.46357369217980093 0.3053146482947993 0.069048312622211 -0.1987413370944308 -0.44343310343363274 -0.6137618388589003 -0.6725248493020257 -0.6049934518014196 -0.4222384963310554 -0.15913643880312506 0.1319492754644575 0.39241187475465344 0.570433265222198 0.628943381080999 0.5636773783639114 0.3874336038815309 0.1753547520849983 0.032102442885037885 0.015510319355285377 0.07507759369866321 0.15497037324467933 0.21969064236927863 0.2443368620585643 0.21129646175755082 0.1210380899348121 -0.012626397680338457 -0.16488945085534507 -0.30495318271126554 -0.4027632914658697 -0.43537768181064035 -0.3920801041564223 -0.27772213463003437 -0.11236916042250819 0.07272001425868985 0.24096536980658317 0.35831945699044737 0.4011066996950178 0.3640758928194412 0.2548431842266754 0.12028546953285726 0.024540168744792226 0.006134189592785454 0.0010574195879289297 -0.013105843968049358 -0.025460019301776257 -0.02860325386520528 -0.034397974042814694 -0.04093601095470187 -0.05106496439496475 -0.06322094582271481 -0.07506710148004339 -0.08232478563613503 -0.08063712184593076 -0.06676515822476066 -0.0397971964602098 -0.0022670868486427136 0.039917855390190264 0.07912183674436606 0.10745041087523605 0.11797538064178315 0.109655083838059 0.08491795978410904 0.04459356600988392 0.013283507058586866 -0.003873203834402266 -0.03564721195201242 -0.10436465193766492 -0.17248582947206492 -0.20241241765770057 -0.19051570905837978 -0.13990581439744884 -0.059584287303386774 0.03289788064942895 0.12045472759196785 0.18625214604035448 0.21917141677388993 0.21474499889588405 0.17591670011591903 0.1122321488831068 0.03740262828124929 -0.033399518584878794 -0.08612350347101701 -0.11079322219583775 -0.10391583135928242 -0.06406644302137912 -0.015295633783930427 0.002231279943099642 -0.004510943364892274 -0.04798893298441122 -0.10877299792508026 -0.15616402837177543 -0.1752792387706211 -0.15501513890318974 -0.09755672407227928 -0.013234984770004598 0.08349015666785492 0.1739647590919715 0.24155792026076503 0.27351151105578625 0.2640801060819472 0.21562798712734785 0.13795115883573678 0.0464150665179285 -0.041225123980270215 -0.1084188020208493 -0.14172872623429475 -0.13975157371489316 -0.09567855960301153 -0.04312880017372671 -0.003662666619944489 -0.011994625774338312 -0.023340066197565564 -0.03753175972160119 -0.04627012401212448 -0.04748536075193695 -0.03720230791362211 -0.016932085190676464 0.01115369032362717 0.041893463419388745 0.07006386544826582 0.09027614434688311 0.09877883200726914 0.09380352271628885 0.07633211373757066 0.04941542518253034 0.01845411948436043 -0.011250662227391395 -0.033725271573504946 -0.04596045569398976 -0.04571096025752445 -0.036297998251750105 -0.01959053567638861 -0.00943092017868815
</DataArray>
        <DataArray type="Float64" Name="Mode_12_phi2" NumberOfComponents="1" format="ascii">
 -1.595865386404567e-6 2.1176565286660368e-6 -1.5958653794568105e-6 2.1176565288349847e-6 -6.971059614048301e-6 6.162739167067213e-6 -1.1402888538554408e-5 -3.919494861253897e-6 -1.0562071592409653e-5 -1.0432462549813473e-6 3.3265620478174416e-6 1.3252788126820443e-5 1.5844915439506137e-5 1.537227890150364e-5 7.855047282389662e-6 -1.4316197645374804e-6 -1.0479961135999503e-5 -1.553101713431707e-5 -1.4878513808473387e-5 -1.0096143113572552e-5 -1.4923814943536709e-6 4.031080713409423e-6 9.423070590218147e-6 5.7166851039883686e-6 6.490686787373999e-6 -4.088855035540116e-6 5.605316681719107e-6 1.8185382699688298e-5 -1.3311804586280371e-5 9.473823923149363e-6 -5.491556065605461e-6 4.827610427082498e-6 -3.8240481981528775e-6 2.0643119286829334e-6 -2.9250937894600418e-6 4.962403047114819e-7 -1.8183927179816034e-6 1.0048643920723216e-7 -3.3511846761226e-7 2.8227946219561603e-7 1.1328058443318995e-6 1.1076615028477268e-7 2.304333185803002e-6 -1.1233586967281762e-6 3.1908020594399654e-6 -3.568755494696346e-6 4.062706270963934e-6 -6.957663761551247e-6 7.510445485966607e-6 -1.1746551245265664e-5 -6.971059619547271e-6 6.162739160134909e-6 -1.1402888532007673e-5 -3.91949486937398e-6 -1.05620715724171e-5 -1.0432462478166346e-6 3.326562057218957e-6 1.3252788133361397e-5 1.5844915437722513e-5 1.5372278882302544e-5 7.85504727645364e-6 -1.4316197515974068e-6 -1.0479961169200055e-5 -1.5531017113690376e-5 -1.4878513834165516e-5 -1.0096143088225357e-5 -1.4923814995789275e-6 4.0310807261681725e-6 9.423070602952776e-6 5.716685096149893e-6 6.490686799418807e-6 -4.088855050111934e-6 5.605316693548383e-6 1.8185382732910346e-5 -1.331180460617454e-5 9.473823934508029e-6 -5.491556083196724e-6 4.827610452594416e-6 -3.824048232931916e-6 2.0643119714860506e-6 -2.9250938309248855e-6 4.962403356003181e-7 -1.8183927427817131e-6 1.0048646747832405e-7 -3.351185044491659e-7 2.82279505864486e-7 1.1328057929666052e-6 1.1076620205672861e-7 2.3043331383596873e-6 -1.1233586482101548e-6 3.1908020162811426e-6 -3.568755461897216e-6 4.062706245456039e-6 -6.957663742156086e-6 7.510445476712945e-6 -1.1746551247890822e-5 -0.009260713455166813 -0.006796980795707707 -0.007227721047211429 -0.0014384972504582574 0.0028619585365299628 0.009591122676820487 0.013142783406554451 0.015629318111468317 0.014453926600752154 0.01111784853493866 0.00547014678892405 -0.0011503260755604486 -0.007373228562264498 -0.01255349027012319 -0.014730582412183202 -0.015115267578760588 -0.011582841083461297 -0.007996081910906722 -0.001309653499379734 0.0017913601014748711 0.006943061013182733 0.005326690121646299 0.011888085342904815 -0.014287553224299917 -0.046142664056341334 -0.04950780343391573 -0.015339666515086704 0.0127381953202583 0.046564549964579795 0.0699747770971669 0.08121116466062626 0.0768506650769053 0.0580719033641878 0.027709966721165095 -0.007911290091714991 -0.04252726935556726 -0.06911835161306586 -0.08235732447901584 -0.08057542806702588 -0.0632749048678052 -0.03611395599000295 -0.003915751137133034 0.028137086192295355 0.04099046744270426 0.04785545253443811 0.02220239974868295 -0.019774868406805618 -0.08382103013183621 -0.11332103831882451 -0.03514473089574084 0.023039331913158614 0.09207036264761236 0.1419462387943085 0.1653600309280599 0.1572007724892753 0.11810842707947695 0.05497757795167804 -0.020186759230182077 -0.09319571449637805 -0.14935062175092947 -0.17786669332231042 -0.172498554188355 -0.1352038521751073 -0.07265017618410194 -0.0004903049206200496 0.07092157691990203 0.11209539093058671 0.10754793738150055 0.03285116299824186 -0.005640190489733229 -0.07989253851326386 -0.12561693632474305 -0.03806927197980135 0.02717963444182073 0.10158332571005868 0.15674284559652454 0.1826339503996682 0.17334426874813716 0.12878987556222404 0.05621111893125827 -0.03130101153666673 -0.11710681582033715 -0.18417135817870528 -0.2184778324381528 -0.21222033626385156 -0.16577829733879992 -0.0869401249794882 0.007288681069415574 0.09617557269768952 0.16669220756336892 0.13876935812850696 0.03048316727955633 0.02810888198587008 0.011396300903581161 -0.03922581845039447 0.009046548172877327 0.026365924187578892 0.04899724667730708 0.06374531099858265 0.06855661269812939 0.06056850143843743 0.038653418403720906 0.004274676344817172 -0.03795550809813709 -0.08081919259909165 -0.11585762425597454 -0.13456617916685523 -0.13094750509733918 -0.10279592816728575 -0.05295196694390866 0.011980766612532954 0.07025046296903537 0.13998363694021457 0.10289161501010086 0.008649682784221995 0.0839629847454517 0.179912825969517 0.1453703929400245 0.10879898561536601 0.03007783988608888 -0.05556121116352844 -0.1264926173112248 -0.1693908956420857 -0.17712561473598493 -0.15209634561309873 -0.10296757888667382 -0.043008817756964246 0.01403058741241022 0.056522094907788416 0.07779080805134723 0.0772673707529742 0.05958015727936077 0.03363872369416208 0.01133162054831859 -0.010602856767921815 0.012114162045724908 -0.020996256809701273 -0.03586015824059846 0.14574513469185107 0.38607815483858576 0.3797234890279317 0.24001017992315185 0.04332534665703843 -0.17644220739927693 -0.3566906108595786 -0.4629057178564173 -0.4746457918004026 -0.39331999718230076 -0.23977487907253067 -0.04867246908864198 0.13907368754604654 0.28514191327846383 0.3619045578577361 0.35782268405612416 0.2795027783521456 0.14923489719407423 0.0032713610100334766 -0.1327192245500329 -0.19148775106871843 -0.2072804440831326 -0.09207454359322101 0.1945355984409014 0.5540577490912431 0.5804075434568939 0.3592792053163601 0.0650195669298422 -0.2651861355996317 -0.5404678974905837 -0.7044838172136566 -0.725303911759307 -0.60119229417714 -0.3612088389714532 -0.05772278895440777 0.2454095299557848 0.4856810243403452 0.6155826887186532 0.6119748146913693 0.4809552516030753 0.2553753438339083 -0.008489397546857019 -0.25156379883099056 -0.4028704618740571 -0.3923267961918575 -0.14198741014162253 0.20827900972535998 0.6104241471736301 0.6594763012773626 0.41540317116818587 0.08691269904157597 -0.28414212572168457 -0.599275701758037 -0.7930245250620424 -0.8254435172322786 -0.6914488793241842 -0.4205229869364465 -0.07051749952073937 0.28511448436250864 0.5726257165818335 0.7334310139627218 0.7363417682842702 0.5843284500871844 0.31300550548178346 -0.014206436500283649 -0.3147995977193047 -0.5304237256800904 -0.4998111385940283 -0.16407834164501134 0.176924150441308 0.5150681304442035 0.5686515986003576 0.37406387384976586 0.09631370231978233 -0.2203512432721021 -0.4983376838678235 -0.6772896204192572 -0.719849441677552 -0.6164962336458124 -0.38896293718048214 -0.08471688002422147 0.23256393663764777 0.4966204477146782 0.6522856137231086 0.6673141149804347 0.5397221281814735 0.29794133011022905 -0.004658922036394935 -0.28359562294439283 -0.5063715398255539 -0.47128832000306564 -0.14443749986032522 0.10408612120107248 0.2839269212762669 0.3216925831619005 0.23604198899191642 0.08544991089998831 -0.09091838341576187 -0.2582934991857907 -0.3780455857936616 -0.4242187256582142 -0.385356295233866 -0.2681214488354157 -0.09601153321470916 0.09519347433964188 0.26525940612544907 0.3774586824403733 0.4069663274931735 0.3465822824116077 0.20890125938632365 0.021845809061999198 -0.15411225033151463 -0.31580249072722033 -0.2963540080370497 -0.08207655215141373 0.008983226031063139 -0.017208736795872207 -0.00813581597673514 0.03936996221254194 0.056745828839626436 0.06683301678699248 0.05329539530138039 0.022020187058275922 -0.019325857044343274 -0.06007290354019792 -0.08964349233992923 -0.10036973257875187 -0.08964349212351547 -0.060072903132001094 -0.019325856455323705 0.022020187680575093 0.053295395802497515 0.06683301705009397 0.05674582882863598 0.03936996194440764 -0.00813581638335346 -0.01720873718515624 0.00898322589621944 -0.0820765520256196 -0.2963540076983076 -0.3158024903604435 -0.1541122501706451 0.021845809114674663 0.2089012591369873 0.3465822820049966 0.40696632693203283 0.3774586819389531 0.2652594057585129 0.09519347418553664 -0.09601153322224153 -0.26812144866476345 -0.38535629487180495 -0.42421872514933096 -0.378045585215451 -0.25829349869626383 -0.09091838320159064 0.08544991092483407 0.23604198871208312 0.3216925827624355 0.28392692091884175 0.10408612107922316 -0.1444374997872927 -0.47128831976366803 -0.5063715395974965 -0.28359562284092665 -0.004658922036324873 0.2979413299749073 0.5397221278814425 0.6673141146543902 0.6522856133660972 0.49662044751896794 0.23256393656453522 -0.08471688001518407 -0.38896293709913987 -0.6164962333795843 -0.719849441411963 -0.6772896199843786 -0.4983376835615181 -0.2203512430987613 0.09631370229838641 0.37406387369995187 0.5686515983120273 0.5150681301827083 0.17692415034935152 -0.16407834161975113 -0.4998111385526669 -0.5304237256257155 -0.3147995977129428 -0.014206436521173326 0.3130055054204015 0.5843284500405226 0.7363417682115125 0.7334310138782956 0.5726257165700104 0.28511448437187664 -0.07051749952154879 -0.4205229868779926 -0.6914488793078725 -0.8254435171727281 -0.7930245249594859 -0.599275701689239 -0.2841421256377447 0.08691269905239175 0.41540317113269815 0.659476301192069 0.6104241470663404 0.20827900969799593 -0.14198741018438737 -0.39232679633521683 -0.40287046206977895 -0.25156379890604985 -0.008489397571690533 0.25537534387290073 0.48095525180750465 0.6119748148516376 0.6155826889526125 0.48568102447603934 0.24540953008410094 -0.0577227889190958 -0.36120883904241563 -0.6011922943497063 -0.7253039119724607 -0.7044838174674896 -0.5404678975966642 -0.2651861356771612 0.06501956699319537 0.35927920540461666 0.580407543595869 0.5540577491962484 0.19453559848518337 -0.09207454367621175 -0.20728044439603274 -0.19148775136119123 -0.13271922474918563 0.0032713609621082378 0.14923489734503034 0.27950277863774253 0.35782268446121385 0.3619045582103658 0.28514191364525754 0.139073687735508 -0.04867246903955601 -0.23977487922153992 -0.39331999749706587 -0.47464579225306336 -0.4629057182782905 -0.35669061120768636 -0.17644220754704112 0.043325346701167874 0.24001018013111036 0.37972348934779865 0.38607815512955257 0.14574513479006462 -0.035860158352723534 -0.020996257148368926 0.012114161694696299 -0.01060285705664955 0.011331620509311401 0.03363872384672008 0.05958015764223769 0.07726737118752561 0.0777908085407027 0.05652209530724251 0.014030587682417297 -0.04300881771415702 -0.10296757906231914 -0.1520963459954373 -0.17712561525244108 -0.16939089616165584 -0.12649261771715756 -0.05556121135639397 0.030077839909171452 0.10879898586183616 0.14537039334442298 0.1799128263382242 0.08396298487224935 0.008649682669376447 0.10289161470345766 0.1399836366074251 0.07025046274244491 0.011980766532575321 -0.05295196679758963 -0.10279592786412597 -0.13094750469635552 -0.13456617873437615 -0.11585762384955063 -0.08081919235098482 -0.03795550804382825 0.004274676183913348 0.038653418051463065 0.06056850098813149 0.06855661222941442 0.06374531064168111 0.04899724646907628 0.026365924207764662 0.00904654837141845 -0.03922581808666222 0.0113963012641458 0.02810888211270926 0.030483167186981016 0.13876935789323838 0.16669220735462134 0.09617557253563658 0.0072886810038499126 -0.08694012488569604 -0.16577829714701403 -0.21222033597274137 -0.2184778321127237 -0.1841713578941569 -0.11710681563014377 -0.03130101148081392 0.05621111882406557 0.12878987533576144 0.17334426842797246 0.18263395008389824 0.15674284532317467 0.10158332557082442 0.027179634427148557 -0.03806927183569352 -0.1256169360859985 -0.07989253825872566 -0.00564019039640382 0.03285116292780388 0.10754793725447329 0.11209539085354597 0.07092157682869758 -0.0004903049493370192 -0.07265017615609201 -0.13520385206763308 -0.17249855404687345 -0.17786669314597636 -0.14935062160151474 -0.0931957143965617 -0.020186759207680004 0.054977577923550715 0.11810842695880727 0.15720077234160976 0.16536003076646577 0.14194623864798797 0.09207036256658967 0.023039331921225432 -0.03514473084329068 -0.11332103820252497 -0.08382103000963109 -0.019774868345139352 0.02220239970978513 0.04785545249769215 0.04099046742903799 0.02813708616471542 -0.0039157511415289035 -0.03611395597934307 -0.06327490483950872 -0.08057542801936238 -0.08235732442589946 -0.0691183515545458 -0.04252726933299467 -0.007911290077517 0.02770996671342444 0.05807190332691648 0.07685066504084323 0.08121116460831244 0.06997477705624273 0.046564549940019774 0.012738195314669394 -0.015339666489169877 -0.04950780342981891 -0.04614266401967167 -0.014287553195812267 0.011888085322816445 0.00532669011588824 0.006943061011585169 0.001791360105136694 -0.0013096535020759323 -0.00799608190296044 -0.011582841089601502 -0.0151152675649552 -0.014730582411990769 -0.012553490264604018 -0.007373228563911715 -0.0011503260668788136 0.005470146783177059 0.01111784854465898 0.014453926586737472 0.01562931811189225 0.013142783391605779 0.009591122683309503 0.0028619585319274187 -0.0014384972451798041 -0.007227721049183861 -0.006796980789238453 -0.009260713448040277
</DataArray>
        <DataArray type="Float64" Name="Mode_13_w" NumberOfComponents="1" format="ascii">
 7.765350820375288e-7 -7.264087237741349e-7 -7.765350830801593e-7 7.264087195820296e-7 -1.5454478326534382e-6 1.7849232235996084e-6 6.340900251644024e-7 1.550095994721416e-6 7.669439514161506e-7 7.669439514161506e-7 3.3375890236028433e-7 -1.905617363147075e-7 -1.766387321784374e-7 6.02609029221934e-7 1.3577266479427067e-6 1.5107563718626146e-6 9.631050956146695e-7 4.999968496988994e-7 4.4447168348672194e-7 8.405765584168102e-7 1.0907845306948374e-6 1.0907845306948374e-6 1.6771692153656409e-6 1.0527372869383304e-6 1.031210509288576e-6 -4.685965695742148e-7 -4.699912959434736e-7 4.58025853501002e-7 -7.41449461235263e-7 9.169355768814147e-8 -1.7149967514265127e-6 -1.1333040315513616e-6 -1.1333040315513616e-6 -1.7584019251117582e-6 -1.3706878848740871e-6 -1.195366046179545e-6 -8.172674746159551e-7 -3.912391558286623e-7 4.554187251248959e-8 4.937036266177731e-7 7.820045224684075e-7 1.0875523985266903e-6 1.282305772774722e-6 1.28976977043293e-6 1.28976977043293e-6 1.4135262595890834e-6 4.917140308499226e-7 1.1140530294462606e-6 -1.004417738357602e-6 1.7369938460556627e-6 1.545447833674441e-6 -1.784923224116907e-6 -6.340900271732383e-7 -1.5500959953960448e-6 -7.669439528135189e-7 -7.669439528135189e-7 -3.3375889853039844e-7 1.9056173752479793e-7 1.766387302573151e-7 -6.026090243831723e-7 -1.3577266498946925e-6 -1.5107563698080517e-6 -9.631050975374192e-7 -4.999968458154905e-7 -4.4447169091110516e-7 -8.405765562349089e-7 -1.0907845318381248e-6 -1.0907845318381248e-6 -1.6771692143153746e-6 -1.0527372848394751e-6 -1.031210513009016e-6 4.6859657032300267e-7 4.6999129731625715e-7 -4.5802585318462007e-7 7.414494601505249e-7 -9.169355517685955e-8 1.7149967498742636e-6 1.1333040302152129e-6 1.1333040302152129e-6 1.7584019264027097e-6 1.3706878866452612e-6 1.1953660451244677e-6 8.172674754012604e-7 3.9123915527481725e-7 -4.554187550681899e-8 -4.937036251121339e-7 -7.820045235644451e-7 -1.0875523947611797e-6 -1.282305776949834e-6 -1.2897697687041283e-6 -1.2897697687041283e-6 -1.413526259317899e-6 -4.917140335278699e-7 -1.114053027680736e-6 1.004417738081474e-6 -1.7369938444522135e-6 0.00043086818473403037 0.001069408474058736 0.0013264941652866354 0.0017451536721032653 0.002040069879398852 0.0021394839319283624 0.0021394839319283624 0.002101723757403253 0.0018665743101537059 0.0015307441631369392 0.0010980782725133942 0.0006457887876805474 0.00022180388671437805 -0.0001490067280232236 -0.0004038827638863855 -0.0005784781323010459 -0.0006098697804130499 -0.0006064008112227398 -0.0006064008112227398 -0.00048504984548015283 -0.000479127301147453 -0.0004045325682125356 -0.00017727146000061445 0.0013208370693503116 0.007147818643488595 0.012047776307658698 0.016825595350949345 0.02022733681532343 0.021787713807186866 0.021787713807186866 0.021300013883169225 0.01891376756544382 0.014910855936403171 0.00986214279040031 0.004305936765357062 -0.0010307948936937362 -0.005660023628839639 -0.009031785732665089 -0.0109732651551287 -0.011285889420258214 -0.010262885400251644 -0.010262885400251644 -0.008106417481752889 -0.005475317548322228 -0.0037450509474109177 -0.0007197215128012356 0.0018522570191765444 0.0136126455859435 0.028459981604151616 0.04198891552701611 0.05222484796231317 0.057316827942064295 0.057316827942064295 0.056670974930463774 0.05028666942301747 0.038953034807829974 0.02398299585137917 0.007141014388994667 -0.00960464270317305 -0.02429452883562205 -0.03534164619099174 -0.041544855591781935 -0.04244230628395087 -0.03818658394659969 -0.03818658394659969 -0.029915870353771905 -0.019205179375584115 -0.009527639723174662 -0.0013877770716319395 0.0022895971365007534 0.0180360323878336 0.039843459816594165 0.060622119126076575 0.07686803535015653 0.08588705004151682 0.08588705004151682 0.08604501429272401 0.07707176069176289 0.05975855537239841 0.035970911521617806 0.008396921672191584 -0.01972517431396004 -0.045030637192281966 -0.06453429416337177 -0.07600060852995262 -0.07816265105567288 -0.07816265105567288 -0.07113439861901835 -0.05643101063508866 -0.03686939738240446 -0.01693737055764319 -0.002199074649875455 0.002385930908041848 0.01851699955996236 0.040458026576203045 0.06297014198690346 0.08133725751095615 0.09247121644203667 0.09247121644203667 0.09410434165445913 0.08529561059630426 0.06655010115470632 0.03961447342675479 0.007422834309218391 -0.026235354461086078 -0.0572350587384133 -0.08170401743189461 -0.09658196542748952 -0.10002538494162332 -0.10002538494162332 -0.09177667277604658 -0.07353095934297635 -0.048730419853509045 -0.02233089116027433 -0.0029117343834127603 0.002385930908041848 0.01851699955996236 0.040458026576203045 0.06297014198690346 0.08133725751095615 0.06956944268113724 0.09247121644203667 0.09410434165445913 0.08529561059630426 0.06655010115470632 0.03961447342675479 0.006287401287030168 -0.02599843845231419 -0.056352607481052044 -0.08081687385932393 -0.09609543881264569 -0.10002538494162332 -0.09177667277604658 -0.09242358377662883 -0.07448684766721109 -0.049989480326164695 -0.023628320614357455 -0.0032308764230618865 0.002259672507759627 0.016271278668621755 0.033370790143534716 0.05281037728789697 0.06956944268113724 0.08066149001751005 0.08066149001751005 0.08358300894496873 0.07697780469979462 0.06082286862792577 0.036415149212468474 0.006287401287030168 -0.02599843845231419 -0.056352607481052044 -0.08081687385932393 -0.09609543881264569 -0.10011295389567987 -0.09242358377662883 -0.09242358377662883 -0.07448684766721109 -0.049989480326164695 -0.023628320614357455 -0.0032308764230618865 0.002338800706086571 0.015042718479728455 0.02848991131893485 0.044845613939178734 0.059510478952848014 0.06963910488925666 0.06963910488925666 0.0729047427384984 0.06785933254133349 0.05431273658382498 0.033233774949785085 0.006794504409753156 -0.02186053823917659 -0.04902055313558286 -0.07103689533498385 -0.08487330070005766 -0.08857346764348907 -0.08179718007037913 -0.08179718007037913 -0.06591202892221695 -0.04439919349645387 -0.022181555350249814 -0.0032532542895296647 0.0027119522467972204 0.01752681649175095 0.033410307553637233 0.05113130176450978 0.06651202313056673 0.07644670311785515 0.07644670311785515 0.07884360634477564 0.07253942569629385 0.057648679971694476 0.03545831536582827 0.008349835909797414 -0.020411130908313306 -0.04714921446042033 -0.06835265280872792 -0.08121951939452138 -0.08408488479186704 -0.07691389772851644 -0.07691389772851644 -0.06136793598993816 -0.04089452433198283 -0.02108795896264694 -0.003187563568877044 0.003306669278127906 0.022884252860591297 0.046544413181804016 0.07024812753288448 0.08952936193574908 0.10065931381518252 0.10065931381518252 0.10149234107551372 0.09128237872627473 0.07079218382154376 0.04213267493540945 0.008549945680045922 -0.02591370131242015 -0.05699025793511612 -0.0808346503602346 -0.09455754901502779 -0.09662780695013562 -0.08736032040382935 -0.08736032040382935 -0.0689325758423387 -0.04516853947871303 -0.022669157199616895 -0.0032963789759207435 0.003733747724424662 0.0277003519947901 0.05895153080358802 0.08922554708418654 0.11293863059675711 0.12573180682748056 0.12573180682748056 0.1251579428994588 0.11071935009876703 0.08378763569202816 0.04732813814634833 0.005563856125552234 -0.0364958829317589 -0.07376541861445592 -0.10181321140355677 -0.11743742505460948 -0.11904802601308329 -0.10712011641706932 -0.10712011641706932 -0.0842973628905525 -0.054917521437910045 -0.026190791231493333 -0.0035658313178899377 0.0038051815625743906 0.028825478168463214 0.06203913791512044 0.09470961623529355 0.12004189750687033 0.1334176612059776 0.1334176612059776 0.13211259748505355 0.11566498528092864 0.08570152668108007 0.045582583884674226 -5.6187537003409795e-12 -0.04558258389609307 -0.08570152669081392 -0.11566498529357809 -0.13211259750115759 -0.13341766121952894 -0.13341766121952894 -0.12004189752076591 -0.09470961624761134 -0.06203913791971587 -0.028825478167005546 -0.003805181561753691 0.0035658313192259944 0.026190791234393128 0.05491752143895293 0.0842973628841548 0.1071201164070211 0.1071201164070211 0.11904802600686643 0.11743742504707355 0.10181321138927865 0.0737654186024069 0.03649588291831487 -0.005563856140483336 -0.047328138157338405 -0.08378763570104873 -0.11071935010460683 -0.12515794290516635 -0.12573180683659785 -0.12573180683659785 -0.11293863060738976 -0.08922554708947597 -0.058951530809461236 -0.02770035199423322 -0.0037337477238431737 0.0032963789764519367 0.022669157207655624 0.04516853948698323 0.06893257584915015 0.0873603204080408 0.0873603204080408 0.09662780695116394 0.09455754901165402 0.08083465035299307 0.05699025792022571 0.025913701298083028 -0.008549945695742876 -0.04213267494850181 -0.07079218382711754 -0.09128237872940305 -0.10149234107137946 -0.1006593138100154 -0.1006593138100154 -0.08952936193135348 -0.07024812752962442 -0.04654441318059685 -0.02288425285864211 -0.0033066692774815073 0.003187563570254427 0.02108795897067283 0.04089452434838338 0.06136793600495746 0.07691389773972375 0.07691389773972375 0.08408488480103446 0.08121951939802632 0.06835265280294282 0.047149214448350275 0.020411130890196198 -0.008349835931340609 -0.035458315384748675 -0.05764867998164931 -0.07253942569809446 -0.07884360634063431 -0.07644670310749524 -0.07644670310749524 -0.06651202311599586 -0.051131301753329444 -0.03341030754471367 -0.0175268164886205 -0.0027119522466308556 0.003253254290087774 0.022181555356065263 0.04439919350469933 0.06591202893797797 0.08179718008060566 0.08179718008060566 0.08857346764795512 0.08487330070030853 0.07103689533061883 0.049020553121521766 0.021860538223079977 -0.006794504429279803 -0.03323377496832772 -0.05431273659866299 -0.06785933254466013 -0.07290474273278492 -0.06963910487741841 -0.06963910487741841 -0.05951047893818258 -0.04484561392294172 -0.028489911307262483 -0.01504271847600163 -0.0023388007058341292 0.003230876423650187 0.023628320615450414 0.04998948032882688 0.07448684766417735 0.09242358377914416 0.10011295389514234 0.10011295389514234 0.09609543880884851 0.08081687385379424 0.05635260747364808 0.025998438440649196 -0.00628740129997266 -0.036415149226260594 -0.06082286863837457 -0.07697780470640235 -0.08358300894358021 -0.08066149001110473 -0.08066149001110473 -0.06956944267227948 -0.052810377278947336 -0.03337079013826213 -0.016271278668938287 -0.002259672507953725 0.003230876423650187 0.023628320615450414 0.04998948032882688 0.07353095933483361 0.09177667276232457 0.100025384934181 0.10011295389514234 0.09609543880884851 0.08081687385379424 0.05635260747364808 0.025998438440649196 -0.00628740129997266 -0.039614473431788894 -0.06655010116122166 -0.08529561060112467 -0.09410434165860204 -0.09247121644526478 -0.06956944267227948 -0.08133725751126447 -0.06297014198854431 -0.040458026578255285 -0.018516999562513813 -0.0023859309081174103 0.002911734383142166 0.022330891156598174 0.048730419842191355 0.07353095933483361 0.09177667276232457 0.09177667276232457 0.100025384934181 0.09658196542260852 0.08170401742760311 0.057235058737175874 0.026235354459283503 -0.007422834312181128 -0.039614473431788894 -0.06655010116122166 -0.08529561060112467 -0.09410434165860204 -0.09247121644526478 -0.09247121644526478 -0.08133725751126447 -0.06297014198854431 -0.040458026578255285 -0.018516999562513813 -0.0023859309081174103 0.0021990746496892873 0.016937370552812955 0.0368693973719699 0.05643101061925987 0.07113439860698502 0.07113439860698502 0.07816265104240133 0.07600060852493207 0.06453429416338595 0.045030637194697604 0.019725174319369754 -0.008396921667823543 -0.035970911519856597 -0.059758555371819476 -0.07707176069449048 -0.08604501429999714 -0.08588705005113889 -0.08588705005113889 -0.07686803535983618 -0.06062211913477954 -0.0398434598227372 -0.01803603239154578 -0.0022895971374615226 0.0013877770705113658 0.009527639720119165 0.019205179368918926 0.029915870347477933 0.03818658393454266 0.03818658393454266 0.04244230627891571 0.04154485558796611 0.035341646192923765 0.024294528842067675 0.009604642709613455 -0.00714101438101263 -0.02398299584605028 -0.038953034804126395 -0.050286669423426245 -0.05667097493572551 -0.05731682794997671 -0.05731682794997671 -0.052224847972033445 -0.04198891553913257 -0.028459981613745855 -0.01361264558956058 -0.0018522570194324226 0.0007197215127547327 0.0037450509444518112 0.005475317547950215 0.008106417478981434 0.010262885400970513 0.010262885400970513 0.011285889418083991 0.01097326515740651 0.009031785734140294 0.005660023632308108 0.001030794896876029 -0.004305936759573564 -0.009862142784827263 -0.014910855931755715 -0.01891376756176502 -0.02130001388230888 -0.02178771380917723 -0.02178771380917723 -0.020227336819677737 -0.016825595355110263 -0.012047776311668626 -0.007147818646861916 -0.001320837070114562 0.00017727145976085694 0.0004045325681820711 0.00047912730135609273 0.00048504984618275243 0.0006064008113651286 0.0006064008113651286 0.0006098697812988008 0.0005784781327293649 0.0004038827646006461 0.00014900672844058794 -0.00022180388619588945 -0.0006457887868280025 -0.0010980782712310358 -0.0015307441622090924 -0.0018665743085984228 -0.0021017237571883283 -0.00213948393161802 -0.00213948393161802 -0.002040069879858318 -0.0017451536718864984 -0.001326494166006382 -0.0010694084740489197 -0.000430868184992476
</DataArray>
        <DataArray type="Float64" Name="Mode_13_phi1" NumberOfComponents="1" format="ascii">
 5.701760703017407e-6 -3.4288091534276137e-6 5.701760706656821e-6 -3.4288091623152683e-6 3.1215064814876887e-5 -1.7288676523807848e-5 1.174450835103033e-5 -5.009667027997597e-6 3.7243078658762493e-6 -6.985810999523306e-6 5.974381180512146e-7 -2.0351175069458834e-6 3.7025721421058383e-6 2.212298423574424e-6 1.6273358927857745e-6 -7.108023616396551e-7 -3.362289520065295e-6 -7.786716802291093e-7 -1.95211294870778e-6 4.678899452031847e-6 -7.547401722952593e-7 5.325753006598799e-6 -6.952333308312706e-6 4.660685364470831e-6 -1.2324309312180145e-5 1.665756888911967e-5 -2.225210097918977e-5 -1.429391569136253e-5 8.735167451996781e-6 -5.203797653324738e-6 3.255747341197733e-6 -3.6336932377548914e-6 -6.848817434576614e-7 -3.557543914462478e-6 -2.2219469786093748e-6 -2.8678304503042445e-6 -2.0045425260766865e-6 -1.0482135710256632e-6 -7.06284069830776e-7 1.7457684756856782e-6 7.030860177525284e-7 5.018742693615381e-6 8.179203056731063e-7 8.26525510782353e-6 -2.0614376966797357e-6 1.1877032518364583e-5 -1.0669337654126871e-5 1.788287496115942e-5 -2.2660951320726235e-5 1.8135476893159167e-5 3.121506480386761e-5 -1.7288676477688778e-5 1.1744508273669866e-5 -5.009666935320215e-6 3.7243077784918514e-6 -6.9858109365752565e-6 5.974380658222621e-7 -2.0351174500151744e-6 3.7025720786777365e-6 2.212298484763192e-6 1.6273358355432371e-6 -7.108023008342543e-7 -3.3622895902807467e-6 -7.786715935872401e-7 -1.9521130429832117e-6 4.678899540711045e-6 -7.547402539128158e-7 5.325753082924689e-6 -6.952333380402595e-6 4.660685431302382e-6 -1.2324309356452292e-5 1.6657568903841377e-5 -2.2252100975045274e-5 -1.4293915634598317e-5 8.735167349869248e-6 -5.2037975171839775e-6 3.2557471477178948e-6 -3.633692993609354e-6 -6.848819845266147e-7 -3.557543715756651e-6 -2.2219471301107317e-6 -2.8678303274060527e-6 -2.004542636215533e-6 -1.0482134763546473e-6 -7.062841744488344e-7 1.7457686008937029e-6 7.030858949598135e-7 5.01874279756103e-6 8.179202489038872e-7 8.265255131936178e-6 -2.061437698155971e-6 1.1877032472598171e-5 -1.0669337580350735e-5 1.78828748975116e-5 -2.2660951297117204e-5 1.813547689058986e-5 0.02636515816170783 0.04652934228064087 0.08721029742594164 0.11434451772034912 0.14410412027379618 0.15921109443963 0.16662929933838733 0.1594623118973425 0.14316536964068574 0.11670064822867247 0.08505999233794087 0.05019888633139815 0.016275304105956904 -0.014108630709275231 -0.03847091380207814 -0.05502163376017228 -0.06369068471428811 -0.06401305269192373 -0.05887825172985989 -0.04839245917334995 -0.038798776617177066 -0.026286915669019216 -0.01852573568951415 0.020574076600615297 0.12420035659307545 0.24855059711809746 0.380472898447203 0.48319746922744394 0.5531219065379688 0.5750626540999902 0.5514953810780201 0.4822912218331501 0.3765721282307911 0.24407822770179619 0.09863003822019203 -0.04577787545781921 -0.17565483407833907 -0.2787135021145728 -0.3472415117665669 -0.3750021680808912 -0.3638583468834998 -0.3168542887489636 -0.24231368518173552 -0.1652823346144913 -0.08552991627375005 -0.01665866407955575 0.021438379687043714 0.12021270151136657 0.3032920004545484 0.4933865637493826 0.6517927419807493 0.7589488491883527 0.8015143309991329 0.770785279865379 0.669216886473719 0.5044034416720523 0.29205386108919196 0.05252066519503083 -0.1906832877372696 -0.41269574740807685 -0.5920441796075043 -0.7093310737739675 -0.7553049450684284 -0.7241821414355981 -0.6256908784756096 -0.4734220398359754 -0.2929829881444853 -0.12437819587886619 -0.025041850023217956 0.013136327314120717 0.08266938209319404 0.19238294042112844 0.3184592002610351 0.4356584280776069 0.525553117745802 0.5728120786212783 0.5663784555097431 0.5015404177618126 0.38037168002786026 0.211886111209717 0.011125862440971732 -0.2021100772338275 -0.4055742394220643 -0.5766642543288868 -0.6967832889409201 -0.7509229539949384 -0.7342337312192593 -0.6476607316773186 -0.5061207083065219 -0.32148845885915556 -0.13902342101712697 -0.022838935839626345 0.005556052878908681 0.007339370567058413 0.007827413983657612 0.018476890695220204 0.04947016571537954 0.08378091101413426 0.11592103225511052 0.13453914589387123 0.13117863669863747 0.10118667399832754 0.04344254210015303 -0.03808661363567331 -0.13522530443032943 -0.23653825231963288 -0.32858512749217 -0.3980564888473691 -0.4346513672325516 -0.4311897796583316 -0.3864259082133078 -0.30733123882984814 -0.19984435368246561 -0.08962954840954804 -0.018481154930920063 -0.0021030255656218346 -0.04468986403257582 -0.12397396686083341 -0.2011846659133023 -0.2446905001175221 -0.2615663457342412 -0.25134014864814413 -0.21982055305978931 -0.17439696306875205 -0.12357210231955523 -0.07472225444679416 -0.034022313493387614 -0.00507055334425671 0.011223811076843029 0.016068192824245077 0.012621460083721734 0.004766122330056828 -0.004292066538047132 -0.010964583253848758 -0.015883385467824973 -0.019475455292891884 -0.01577275427625968 -0.0070996732916486765 0.00044273407240130557 -0.034587799627518 -0.10145012993248946 -0.17326722982592904 -0.2249770013598866 -0.25491568859557306 -0.26032375543623215 -0.24081952937361945 -0.19915991499107014 -0.1395452626887708 -0.06823317404480644 0.00805991721835153 0.08235724571574667 0.14826652225655648 0.2005114409441145 0.2349708030394223 0.24911326399230602 0.24167438907752728 0.21270032282742363 0.16565278979121006 0.09714525996571433 0.03196901528242777 -0.0010749219549865306 0.006928491543198226 0.026438251186489896 0.05174801348562519 0.06996014784074733 0.07700658065347384 0.07701858297716695 0.06906592277251833 0.057436744473750606 0.04586277795905009 0.03784538267916911 0.03645748835517346 0.04310722452861303 0.05772841758503336 0.07860052608827786 0.10259237509105938 0.12558788896163653 0.1429667742221515 0.15004102513139195 0.14216329095751712 0.11984568877208196 0.07420653903058566 0.026446042767033204 0.000768705963796787 0.014722229827025833 0.0896959555586742 0.21116399681483317 0.33052217906588377 0.4120225133335443 0.4554402382224788 0.454431733290021 0.41263624751670813 0.3377641712347811 0.24061730833875247 0.1334844738022729 0.02866353855856382 -0.06324438338720755 -0.1343548943545153 -0.18008866549990524 -0.1994050020562508 -0.19444235023882156 -0.16988748924654845 -0.13341924623829263 -0.0900100068357584 -0.05214854794332666 -0.022647189506645477 -0.004323825595204958 0.015737765325680712 0.10632480711339962 0.25558629426835516 0.40690695909048663 0.5182232158078854 0.5801469589186166 0.5845040295084035 0.5317684328075658 0.4292947393677745 0.2895662184273373 0.12843735127888758 -0.03706341969870119 -0.1906576118035877 -0.31851680215019323 -0.41050913890178153 -0.4607942675201811 -0.46794820217617994 -0.434501531170714 -0.36692042297911553 -0.2739443512279738 -0.16531086274938764 -0.06585694992040382 -0.008054526960914011 0.009800055822521027 0.06341134619153528 0.1496051308547655 0.24032437568287346 0.31221662513955445 0.3513399705284556 0.352317675798125 0.3129714134177444 0.23743000045846768 0.13391510841246645 0.01358433283114696 -0.11106498421759105 -0.22785406956573154 -0.3261773517530365 -0.3978591967172043 -0.4377012813959415 -0.44347668326123457 -0.4155773541584923 -0.3566422272526815 -0.27351643608695614 -0.16686706009421678 -0.06530629644493574 -0.00743337578816319 6.9950721650339e-5 -0.010769577407433156 -0.03310974433220427 -0.05498710203628894 -0.06746127292750283 -0.08070286482064293 -0.093525471430114 -0.10721039027710802 -0.12092670515831 -0.13281607548386537 -0.14096325628617082 -0.14386682878668428 -0.14096325628108353 -0.13281607544607654 -0.12092670509984473 -0.1072103902665749 -0.0935254714257599 -0.08070286483010071 -0.06746127294305616 -0.05498710204353195 -0.033109744379144546 -0.01076957744361447 6.995073331010846e-5 -0.007433375782824992 -0.06530629641047543 -0.16686705995495235 -0.2735164359164097 -0.3566422270553396 -0.41557735393444534 -0.44347668304291393 -0.43770128130379465 -0.39785919668048164 -0.3261773518020233 -0.22785406963587118 -0.1110649842646347 0.013584332822332124 0.13391510843996512 0.23743000059804464 0.31297141363640046 0.3523176760311165 0.3513399707126976 0.312216625381455 0.24032437580484078 0.14960513090166877 0.06341134620223474 0.00980005581382394 -0.008054526983558156 -0.06585694982357938 -0.16531086261815395 -0.2739443509450073 -0.36692042268497016 -0.434501530962238 -0.46794820206650467 -0.4607942673578352 -0.4105091388503071 -0.3185168021522485 -0.1906576118179313 -0.03706341974600686 0.12843735121914365 0.2895662184401982 0.42929473940043095 0.5317684329432942 0.5845040297326631 0.5801469592377032 0.5182232160628393 0.4069069592813821 0.25558629440971686 0.10632480715450963 0.01573776533243927 -0.004323825581523239 -0.022647189511372342 -0.05214854782977495 -0.09001000674286935 -0.13341924610248868 -0.16988748911713114 -0.1944423500870295 -0.19940500201780098 -0.18008866543806606 -0.13435489435432002 -0.06324438347445004 0.028663538436770802 0.13348447368748462 0.24061730823881025 0.33776417120108804 0.4126362475051779 0.4544317333271924 0.4554402383600158 0.41202251348314545 0.330522179241706 0.21116399691990137 0.08969595558120562 0.014722229805560563 0.0007687059420825843 0.026446042711857968 0.07420653885425645 0.11984568871688293 0.14216329088226526 0.15004102503086017 0.14296677407801067 0.12558788892895942 0.10259237505391418 0.07860052608818649 0.05772841764398131 0.04310722460773387 0.036457488380911965 0.03784538262143841 0.04586277792345281 0.05743674448810402 0.06906592280750251 0.0770185829662699 0.07700658068954129 0.06996014790123409 0.05174801350846241 0.02643825118627586 0.006928491541556187 -0.0010749219504670362 0.03196901520722142 0.09714525985900418 0.16565278944630255 0.21270032254984395 0.24167438893099227 0.24911326389916577 0.23497080296374542 0.2005114409849142 0.14826652238465846 0.08235724583426489 0.008059917348580055 -0.06823317392235001 -0.13954526258464303 -0.19915991500471528 -0.2408195294725905 -0.26032375555787984 -0.2549156887315205 -0.22497700151686978 -0.17326723000634733 -0.10145013008063106 -0.034587799714391396 0.00044273405219480915 -0.0070996733163548745 -0.01577275438226821 -0.019475455560382635 -0.01588338565820686 -0.010964583482071865 -0.004292066818986304 0.004766122239033102 0.012621460067441073 0.016068192891690897 0.011223811219818608 -0.005070553124268301 -0.03402231326829659 -0.0747222542589362 -0.12357210221372227 -0.17439696303132823 -0.21982055311275886 -0.25134014882147077 -0.2615663459406936 -0.24469050033262207 -0.20118466613509833 -0.12397396698499503 -0.044689864065567395 -0.002103025575476207 -0.01848115493243702 -0.08962954844042886 -0.19984435369934675 -0.3073312389294615 -0.3864259083241912 -0.43118977967730965 -0.43465136733182264 -0.39805648881338135 -0.32858512740692847 -0.236538252211739 -0.13522530427858812 -0.03808661347020181 0.043442542254595935 0.10118667414664162 0.13117863678662794 0.1345391458511284 0.11592103212560086 0.08378091083207126 0.049470165515275624 0.018476890570212654 0.007827413911505801 0.0073393705431658 0.005556052843804292 -0.02283893586766007 -0.13902342099125903 -0.32148845879369853 -0.506120708191529 -0.6476607315555456 -0.7342337312110264 -0.7509229538609742 -0.6967832889155219 -0.5766642542632511 -0.4055742393318159 -0.2021100771608288 0.011125862518956588 0.21188611130863808 0.3803716801087791 0.5015404177991994 0.5663784555345784 0.5728120786327303 0.5255531177310828 0.4356584280312323 0.3184592001480663 0.1923829403490841 0.08266938209663496 0.013136327323922847 -0.025041850022651118 -0.12437819584595254 -0.2929829880725012 -0.47342203967334995 -0.6256908783639274 -0.7241821411723101 -0.7553049450117603 -0.7093310736698204 -0.5920441795988655 -0.41269574746184634 -0.19068328779568355 0.05252066518346707 0.29205386109726805 0.5044034417136297 0.6692168865547882 0.7707852799858751 0.8015143311412091 0.7589488493009443 0.6517927420793238 0.49338656388173024 0.30329200054172023 0.12021270151572343 0.021438379667429595 -0.016658664084478858 -0.08552991622855925 -0.16528233452855698 -0.24231368514467688 -0.3168542885880728 -0.3638583468791746 -0.3750021679794677 -0.3472415117923777 -0.2787135021519744 -0.17565483415401584 -0.045777875521030124 0.09863003812135285 0.2440782276323483 0.37657212816689195 0.4822912218166823 0.5514953811027765 0.5750626541436533 0.5531219066352506 0.4831974693634888 0.38047289858046063 0.2485505971892302 0.12420035665525983 0.020574076611042352 -0.01852573569508554 -0.026286915643095984 -0.038798776636330884 -0.048392459151352485 -0.058878251802543 -0.0640130526642323 -0.06369068477226117 -0.05502163376496592 -0.03847091384932663 -0.014108630721939429 0.016275304049441244 0.05019888628566428 0.08505999224573749 0.11670064819060234 0.14316536956502887 0.1594623118705018 0.16662929932888323 0.15921109445793502 0.14410412030465555 0.11434451772142613 0.08721029746644074 0.046529342300464516 0.026365158167499698
</DataArray>
        <DataArray type="Float64" Name="Mode_13_phi2" NumberOfComponents="1" format="ascii">
 5.7748425979817e-6 3.0403673594250102e-6 5.774842592306045e-6 3.0403673691990102e-6 1.4309854172132954e-5 -2.167502323031322e-5 1.599984413558599e-5 -3.258944602112332e-6 1.3205502564250901e-5 -1.4961555189174861e-6 -1.7222259088405656e-7 -8.719121543561603e-6 -2.867039405556662e-6 3.5186346535134757e-7 7.2119011520242636e-6 6.800817068975463e-6 4.000493117810673e-6 -1.8391997398839618e-6 -3.519843602627969e-6 -3.2690526182409432e-6 3.4768004470836597e-6 5.130880054989249e-6 9.346414841173608e-6 -3.739930348160288e-7 2.0890935228852236e-6 -1.1927592874139317e-5 5.6609881645324605e-6 3.586268456436253e-5 -2.8850053363490567e-5 1.7771053073105718e-5 -1.2811458504897672e-5 1.0629703134916334e-5 -7.543415310275619e-6 6.227912459323053e-6 -4.613765291541302e-6 3.323321511204287e-6 -2.872480437335281e-6 1.419568429916098e-6 -1.8592007150613212e-6 5.763081780114353e-7 -1.630025073977631e-6 9.513318315030896e-7 -2.0350011713340216e-6 2.1913225370665984e-6 -2.622634100934791e-6 3.843960955568891e-6 -3.524499381268707e-6 8.113140104787826e-6 -1.9171593610818696e-5 3.4193597654269894e-5 1.4309854173610467e-5 -2.1675023209175984e-5 1.599984410576434e-5 -3.25894454323943e-6 1.320550249810005e-5 -1.4961554624952875e-6 -1.7222261296000098e-7 -8.719121531406667e-6 -2.867039446408185e-6 3.5186353871413856e-7 7.211901060905155e-6 6.8008171687965995e-6 4.000492992396742e-6 -1.839199567705311e-6 -3.5198438018178464e-6 -3.2690524463062653e-6 3.4768002722635116e-6 5.130880231231038e-6 9.346414675584084e-6 -3.739928676737934e-7 2.089093383220452e-6 -1.1927592768633545e-5 5.6609881071616425e-6 3.586268457667166e-5 -2.8850053371682094e-5 1.777105305987181e-5 -1.2811458486825011e-5 1.062970312453737e-5 -7.543415299369064e-6 6.227912439585575e-6 -4.613765264533772e-6 3.323321472458557e-6 -2.8724803760607365e-6 1.419568362260902e-6 -1.859200657625807e-6 5.763081216014465e-7 -1.630025011145295e-6 9.513317420878699e-7 -2.0350010514226335e-6 2.1913224105883142e-6 -2.6226339619282583e-6 3.843960801686199e-6 -3.524499229531453e-6 8.113139977808118e-6 -1.91715935258498e-5 3.419359760414467e-5 0.026107689649238004 0.015824939857840132 0.01587694965704626 0.013382278904303633 0.010900168497968217 0.004801074228530966 6.075523736455345e-5 -0.006047078758785023 -0.010206420511328074 -0.014026276190875474 -0.01569513323490613 -0.016440770671694648 -0.014876712513366891 -0.013223462726338397 -0.008980110934894632 -0.006572609475983178 -0.0011296238740392919 -0.00020698210412587286 0.004965829272096743 0.0021912278511534676 0.006964191642430341 0.002634326973519748 0.019619917483013637 0.05204344970524143 0.11550627845998845 0.09144634772086993 0.0955370303089682 0.06707674611272342 0.03511832007097736 -0.0014403482966573314 -0.03683220834639974 -0.06811406915439294 -0.0916890431822905 -0.10630434299099215 -0.11007435152548341 -0.10343684833895381 -0.087746238292989 -0.06382687971116284 -0.03665501005319162 -0.006430465758859884 0.01915873165425485 0.04077946343847453 0.05592892725701326 0.04097398031090075 0.05348853653317858 0.04645631878905287 0.09984937574052455 0.2508863748692614 0.26649446667860993 0.24109626214966687 0.18245735320455736 0.09707342693999202 0.0021162242300255068 -0.0934656237697018 -0.18031621725264396 -0.24817224976378222 -0.29259413146703916 -0.30728115955725654 -0.29302170414504874 -0.24991838025135144 -0.18455665747478153 -0.10258749405452407 -0.015203240413616365 0.06884932993710999 0.13551758265992675 0.18590071359110907 0.1694906253042652 0.17513744044501653 0.09055841135401003 0.13278898237936726 0.38000904394137774 0.430562842803102 0.3936518823890278 0.3051625001970334 0.17232157614502747 0.016965914792680104 -0.14492914282291536 -0.2951167285558115 -0.4190214822004678 -0.5024445573766402 -0.5374677529974293 -0.5190623716569784 -0.44954770717607795 -0.33547510286400084 -0.18976184517628203 -0.028546878302780663 0.12926283273792163 0.25989960439976173 0.35474164744845355 0.36429955083945403 0.333686765125405 0.13769191349070922 0.15549046810169623 0.4295693623562873 0.4893460976613698 0.4719502523227787 0.3743310133365311 0.22693585191813487 0.04155902409740712 -0.15779113194487465 -0.35072967034257074 -0.5150785151070585 -0.6327916802553984 -0.6893375086464367 -0.6771235176934204 -0.5955413718472307 -0.45218670194795707 -0.2621977887288327 -0.04690229782239077 0.16765664859492455 0.3526854499904136 0.48283744278125795 0.5270055110764237 0.4685373938489434 0.1792001430158665 0.15699305738974037 0.39959325516595723 0.4366983165463791 0.4587961094432865 0.37431358340499915 0.24370308399524598 0.06667242148539528 -0.1335032297205387 -0.33387128687942086 -0.5119863792850707 -0.6456623065774932 -0.7176441602331516 -0.7168497797879556 -0.6401584736961227 -0.493804089291477 -0.2926757001582792 -0.06006341929084079 0.17576957243402264 0.38314854947165106 0.5275061504685621 0.5856433112213422 0.5250384749200866 0.20124086136569552 0.15412866047546997 0.3392036538479808 0.34684815871446895 0.40084297004904995 0.3375372524728738 0.23379559113365836 0.08169918033010243 -0.0972851074982773 -0.2829849691633921 -0.4527113097839895 -0.5851941758218437 -0.6617071720125163 -0.6699140559202821 -0.6051039491461683 -0.4717425919927224 -0.2836316677865357 -0.06270037182030426 0.16207228302715 0.3612745730621875 0.49798331802402607 0.5437045632208145 0.5039094461996655 0.20700865905078797 0.15734701234707021 0.32517661155579797 0.3188655444516975 0.3752362871982113 0.3195811580055541 0.2223526782054122 0.08063363455190208 -0.0875008315118203 -0.26176461936844686 -0.42158214539066136 -0.5460646363625624 -0.6179859644139775 -0.6252708623398061 -0.5636945839412251 -0.43772406841086536 -0.2609459261700273 -0.054628511480194354 0.1530839443977326 0.3325865651876009 0.45710564368568707 0.47082734192120357 0.4605366552311978 0.2055631302333817 0.1781659349527143 0.39288290047139257 0.4015233643756365 0.4284891827536944 0.3552412952357951 0.22993879143673004 0.06393911534254769 -0.12395707291927599 -0.31135201449551075 -0.47648574818391903 -0.5990958298955792 -0.6628443965418298 -0.6577736638826467 -0.5817840458334993 -0.44180269627904056 -0.2535517107072881 -0.04006020697071701 0.16984208498426373 0.3439848569908541 0.4660304688719334 0.4548831309339296 0.4551528356668508 0.21016096056014963 0.20899843203551205 0.5147988903806566 0.5558494069959184 0.5429300798669624 0.4330113576813871 0.25683784356722333 0.03940864903566981 -0.19468374993508997 -0.41839793866075875 -0.606476404048346 -0.7372356261645161 -0.7947731512910078 -0.7710569382698759 -0.6671537133842669 -0.4937857685634911 -0.2706884060625235 -0.024572402570850166 0.2128749432602538 0.40549624573180126 0.5407725695978883 0.5270825005620662 0.5114599181745304 0.2240496869382097 0.23701769498943745 0.6200205357750462 0.6885458687920201 0.6521680590110384 0.5063321971272651 0.28448411765536813 0.01673022338474055 -0.26451646005804397 -0.5270295206046447 -0.7414674555937874 -0.8839148842836125 -0.9382002331040229 -0.8977326124444845 -0.7662300918531307 -0.5579133011932973 -0.2962115754772196 -0.011547983045999827 0.2616092750461964 0.48389522858137535 0.6385421411901776 0.6448036989218956 0.5971867208845699 0.24108975713145056 0.24823323450395135 0.64946382354047 0.7208529457187242 0.6900497961999177 0.5278649230388249 0.28957098970553163 0.0005623538850471389 -0.3008471387102184 -0.5796677950607886 -0.8042653443325929 -0.949724650467462 -1.0 -0.9497246504224102 -0.8042653443425662 -0.5796677950924694 -0.300847138731036 0.0005623539102385398 0.28957098966219325 0.5278649230977236 0.6900497963502802 0.720852945835483 0.6494638235873218 0.24823323447482026 0.2410897571982372 0.597186720913559 0.6448036988241126 0.6385421410353764 0.4838952285315145 0.261609275097174 -0.011547983084820294 -0.29621157556807093 -0.5579133011693855 -0.7662300918778177 -0.897732612461251 -0.9382002330964174 -0.8839148842139628 -0.7414674555421509 -0.5270295205882308 -0.26451646005087515 0.01673022335270114 0.28448411761560194 0.5063321972281976 0.6521680590319501 0.6885458689077574 0.6200205358128962 0.23701769493621175 0.22404968696718422 0.5114599183048654 0.5270825005372878 0.5407725695290568 0.40549624567229603 0.21287494325367667 -0.024572402654281605 -0.2706884061949438 -0.49378576865947443 -0.6671537134361987 -0.7710569382956027 -0.7947731512785113 -0.7372356260745052 -0.6064764039099027 -0.41839793860732805 -0.19468374981786885 0.039408649019161655 0.25683784356428213 0.43301135771046034 0.5429300797937198 0.5558494070522488 0.5147988903600766 0.2089984320246512 0.21016096068004095 0.4551528358093575 0.4548831310397215 0.46603046883672705 0.34398485690807407 0.16984208491544506 -0.040060207079986 -0.2535517108394184 -0.441802696481936 -0.5817840458989657 -0.6577736639687504 -0.6628443965667383 -0.599095829765971 -0.47648574801442517 -0.3113520143425377 -0.12395707277412409 0.06393911543542763 0.22993879150931468 0.3552412951814249 0.4284891827086909 0.40152336430784946 0.3928829003834721 0.17816593492615884 0.2055631302780497 0.4605366553926285 0.47082734198459397 0.4571056437754922 0.33258656506631706 0.15308394431729072 -0.054628511592521786 -0.2609459263128632 -0.4377240685641946 -0.563694584083043 -0.6252708624020791 -0.6179859644405163 -0.5460646362769382 -0.42158214525138926 -0.2617646191338449 -0.08750083135656077 0.08063363469993007 0.22235267827868896 0.319581157992298 0.37523628716176727 0.3188655442826413 0.3251766114496508 0.15734701233283088 0.20700865912187036 0.5039094462301092 0.5437045633081821 0.4979833179691662 0.3612745730840293 0.16207228293020376 -0.06270037190170732 -0.28363166783285265 -0.4717425921353575 -0.6051039491852622 -0.6699140560016157 -0.6617071720256846 -0.5851941758141792 -0.4527113096510207 -0.28298496901287246 -0.09728510730625063 0.08169918043703744 0.23379559118494225 0.33753725250989514 0.40084296996646357 0.34684815855919615 0.3392036537706702 0.15412866048577045 0.20124086134105926 0.525038474907044 0.5856433110853526 0.5275061505088045 0.38314854944560217 0.17576957246105276 -0.06006341928594029 -0.2926757001811144 -0.4938040892668305 -0.6401584737358593 -0.7168497798166159 -0.7176441602612263 -0.645662306582721 -0.51198637926651 -0.3338712867927618 -0.13350322962792158 0.06667242153644072 0.24370308406503824 0.37431358338638077 0.4587961093982224 0.43669831646363305 0.39959325517955097 0.1569930574278886 0.1792001430243644 0.4685373936967858 0.5270055109943422 0.48283744272243434 0.35268544998414997 0.1676566486617351 -0.046902297727295726 -0.2621977886547279 -0.45218670187677723 -0.5955413718237788 -0.6771235176793825 -0.6893375086921009 -0.6327916803099608 -0.5150785151117635 -0.3507296703534229 -0.1577911319878306 0.04155902408892621 0.22693585195466395 0.37433101332442376 0.47195025234628485 0.48934609767292797 0.4295693624224236 0.15549046811526107 0.1376919134261726 0.33368676505551853 0.36429955069201314 0.3547416474494701 0.2598996043609487 0.1292628327894641 -0.02854687816114728 -0.18976184507836144 -0.335475102775051 -0.44954770710791236 -0.5190623716593694 -0.5374677530204087 -0.502444557430405 -0.419021482231332 -0.29511672865120714 -0.1449291429227334 0.016965914748026646 0.17232157614274468 0.3051625001786462 0.39365188243384036 0.4305628428706562 0.3800090440234139 0.1327889824207773 0.09055841134842464 0.17513744035793619 0.1694906253209317 0.18590071353006304 0.13551758263854913 0.06884933001904295 -0.01520324037194517 -0.10258749395422155 -0.18455665739653893 -0.24991838023637897 -0.2930217041140759 -0.30728115955794816 -0.2925941315100332 -0.24817224979997116 -0.18031621733617129 -0.09346562385568409 0.0021162241755794207 0.09707342688850133 0.18245735316888975 0.24109626218405436 0.26649446677976324 0.25088637494944305 0.09984937576060432 0.04645631874468003 0.053488536514846065 0.04097398033300126 0.05592892723017466 0.040779463481072725 0.019158731623057798 -0.006430465677895415 -0.03665501006823808 -0.06382687966329559 -0.08774623830177081 -0.10343684830656102 -0.11007435150539888 -0.10630434300582416 -0.09168904320664145 -0.06811406916483738 -0.036832208409625034 -0.0014403483366009317 0.0351183200352348 0.06707674611238366 0.09553703031876602 0.09144634772304885 0.11550627851094934 0.05204344973239811 0.019619917480677714 0.0026343269867003375 0.006964191657988813 0.002191227851215947 0.004965829275225822 -0.0002069821003968629 -0.0011296238665002539 -0.006572609479357325 -0.008980110932809085 -0.013223462739640455 -0.014876712491579687 -0.01644077067015501 -0.015695133219102098 -0.014026276196762394 -0.01020642050551715 -0.006047078800840089 6.0755243229468274e-5 0.004801074198666217 0.010900168527066862 0.013382278877602101 0.01587694969016813 0.01582493985434175 0.026107689664070455
</DataArray>
        <DataArray type="Float64" Name="Mode_14_w" NumberOfComponents="1" format="ascii">
 6.841641310703355e-7 1.897509928078089e-6 6.841641315500658e-7 1.8975099285867519e-6 -7.873416297106081e-7 1.8193943885665622e-6 4.909253104275064e-8 2.70358731589201e-7 -6.421476060280532e-7 -6.421476060280532e-7 -4.0806493268696406e-7 -6.036539762991575e-8 8.151013726666619e-7 1.1746215406661763e-6 4.39243720192585e-7 -6.660785143732223e-7 -7.741461871213609e-7 1.1443990135161012e-7 9.947685345550094e-7 7.55089011913972e-7 6.365587825706784e-7 6.365587825706784e-7 -1.7125521913152062e-6 -6.352116757193021e-7 -4.317590843275082e-6 -5.405452640741418e-7 -1.3641566159868845e-6 -1.4841997213960978e-7 1.2791643003598089e-6 -1.6298348649243826e-6 9.78964838314714e-7 -5.935879345530974e-7 -5.935879345530974e-7 5.872662370428264e-7 -2.754694428397616e-7 -3.2710732698193624e-7 -3.9511925799982325e-7 -2.980110889691204e-7 -1.0027075427796945e-7 -3.645563149686477e-8 2.382848934182133e-7 1.6127400066245676e-7 2.6282561691020123e-7 1.9613639004718407e-8 1.9613639004718407e-8 1.5576838833745478e-7 5.116402519915297e-7 -2.673489353544587e-7 8.455090234484952e-7 -1.164900195167865e-6 -7.873416302873708e-7 1.8193943899841354e-6 4.9092530523673836e-8 2.7035873382338056e-7 -6.421476056098823e-7 -6.421476056098823e-7 -4.0806493204686455e-7 -6.036539724564885e-8 8.151013720951575e-7 1.1746215422072473e-6 4.3924372013771215e-7 -6.660785120689409e-7 -7.741461866114486e-7 1.144399010069655e-7 9.947685343672633e-7 7.550890117736601e-7 6.365587816090753e-7 6.365587816090753e-7 -1.712552191489579e-6 -6.352116763899162e-7 -4.317590842699467e-6 -5.40545264564454e-7 -1.364156616209016e-6 -1.4841997113033434e-7 1.279164299878542e-6 -1.629834865500518e-6 9.789648384545928e-7 -5.935879350322868e-7 -5.935879350322868e-7 5.872662371785506e-7 -2.75469443645797e-7 -3.271073260415616e-7 -3.9511925939307344e-7 -2.980110889559635e-7 -1.0027075518233562e-7 -3.645563171187679e-8 2.382848932035475e-7 1.6127400153773918e-7 2.6282561698498805e-7 1.961363957392897e-8 1.961363957392897e-8 1.5576838907147325e-7 5.116402525842842e-7 -2.673489344694817e-7 8.45509023504239e-7 -1.1649001938329553e-6 0.00035735731717147933 0.0010059621253037038 0.0015264775493812606 0.0020640110074064463 0.002503276928327129 0.002663021783143796 0.002663021783143796 0.002591052554101076 0.002156866938559622 0.001429415479768246 0.0004005067865475213 -0.0008231458255507555 -0.002104465765307301 -0.0033301024914675903 -0.0042761625778340116 -0.004900531549183366 -0.004986162550450546 -0.004678010858630821 -0.004678010858630821 -0.003799735755116612 -0.002809218494632005 -0.0017234072473901068 -0.0005232386768269663 0.0007928564193530212 0.005230931513735605 0.010481321524225965 0.014857880750122687 0.018632371392679883 0.02089215643454354 0.02089215643454354 0.02117022491387703 0.018991944077429955 0.014088726873399205 0.006637235392989399 -0.0029324689905371767 -0.013519720543335768 -0.023995649992045596 -0.03274822852498251 -0.038674198544978895 -0.040501760736851855 -0.03808767725721298 -0.03808767725721298 -0.03141159868827186 -0.021435779114890637 -0.011444636172279355 -0.001599200562273349 0.0005871618096071197 0.005690917864088442 0.014334895574695685 0.022804225517891373 0.030756764007077823 0.03722012876005865 0.03722012876005865 0.04068779994826229 0.039889431162287985 0.03376480438747514 0.02194602590147229 0.0049670730284494995 -0.015587114045232374 -0.037143981725083805 -0.056670659755530775 -0.07093144662864814 -0.07742497789974101 -0.0742912098228784 -0.0742912098228784 -0.061985925321059995 -0.04156236621009862 -0.01804555160064345 -0.0022378952957003836 0.00037741732156282293 0.0036056287695141443 0.008887308863875983 0.016131986753506335 0.024015843943550382 0.03176084716224028 0.03176084716224028 0.03779006972344298 0.04027650625038467 0.03767498282114701 0.02895903954283989 0.014087752687352198 -0.005773329135796304 -0.02817854963360403 -0.04983689254670263 -0.06709792449889701 -0.07663603709984715 -0.07663603709984715 -0.07616944144883739 -0.0650469940737402 -0.045474053748643176 -0.019885090575733184 -0.0022943583573420833 0.0001660135198059747 0.00032177309615227475 -0.0006935245865086938 0.0008120542638408446 0.003943544009765281 0.008389100550609414 0.008389100550609414 0.013255372509120789 0.01735905190481648 0.01941570570045574 0.01834464769790094 0.013521608160072585 0.005034238546199191 -0.006162697544563443 -0.018327282837893626 -0.029289337105131836 -0.036784744327466465 -0.036784744327466465 -0.03900900756722484 -0.03510083577486799 -0.025983585639548862 -0.012673549140863183 -0.0018038303096915365 0.0001660135198059747 0.00032177309615227475 -0.0006935245865086938 0.0008120542638408446 0.003943544009765281 -0.008358781961861989 0.008389100550609414 0.013255372509120789 0.01735905190481648 0.01941570570045574 0.01834464769790094 -0.0013018087676508962 0.0023632823210387247 0.005529838029604491 0.0076918018507139765 0.008590191711727469 -0.036784744327466465 -0.03900900756722484 0.006565508636220682 0.004336341985618728 0.0013716349203934228 -0.0015754600305865833 -0.0006391947070477764 0.0002719532435213148 -0.00014107605347888833 -0.0037478172515426557 -0.00626875417626803 -0.008358781961861989 -0.009761384229655968 -0.009761384229655968 -0.010221331737417795 -0.009581482315637442 -0.007735694566100763 -0.004850883652101524 -0.0013018087676508962 0.0023632823210387247 0.005529838029604491 0.0076918018507139765 0.008590191711727469 0.008147316565122402 0.006565508636220682 0.006565508636220682 0.004336341985618728 0.0013716349203934228 -0.0015754600305865833 -0.0006391947070477764 0.0007108807429768497 0.0036482500555548546 0.0053202551940565845 0.004928483034948006 0.002271565643275239 -0.0029441373361332878 -0.0029441373361332878 -0.009632170897754663 -0.016342272792873487 -0.02141115758959146 -0.023358772348793248 -0.021326462082526587 -0.015308172479014122 -0.006218780557910314 0.004274042630924557 0.014125321106780917 0.021373102288355275 0.02430998570488985 0.02430998570488985 0.022333977439981063 0.015906185196821302 0.004957046552790013 0.00018092992536838744 0.001078510864554399 0.008606706528865537 0.01899714135298827 0.025461372721874122 0.027147865358245933 0.023103190721909705 0.023103190721909705 0.01397076996871218 0.0015655116180122582 -0.011697074609562508 -0.023212567250645817 -0.030733243547638955 -0.0329012538026261 -0.029592640451589228 -0.021861340771016886 -0.011712892695343955 -0.0015553364947064054 0.00624892546282061 0.00624892546282061 0.009905815689484026 0.00939770554505593 0.0038548842438997175 0.00042320186731493456 0.0009962646350604187 0.00964004546570814 0.023559685157325035 0.03460451717073406 0.041015924758756234 0.04136012746675712 0.04136012746675712 0.035337794182250255 0.023893490815445728 0.008854659552965001 -0.007382504315910587 -0.022296955905104315 -0.033686636709659296 -0.040166457106435724 -0.041372700996796026 -0.03789516080898439 -0.031070445173453337 -0.022597936329715292 -0.022597936329715292 -0.014244615029590013 -0.006868619902953085 -0.0017582677006995812 5.51949314809811e-5 0.0004350207884212249 0.004936464795511544 0.012579066412716038 0.020639405533036306 0.02683367582465277 0.030236232579978577 0.030236232579978577 0.02984618140604591 0.025466078459033054 0.01750974019031263 0.006941849529240763 -0.004840704424919607 -0.016260646369263703 -0.025821300068515757 -0.03239586986143296 -0.03535682439778949 -0.03458785536427477 -0.030399471621206167 -0.030399471621206167 -0.02358694774709348 -0.014980687042330396 -0.004891963381089263 -0.000255296478038436 -0.00014774810616684055 -0.0020396467318490484 -0.005957084251359869 -0.007129781608664104 -0.007002252733243804 -0.0054919197552313805 -0.0054919197552313805 -0.003079972252347983 -0.0003940472490519509 0.002041433809184186 0.0037282199447315864 0.004330038308006236 0.003728219960807187 0.0020414338372688814 -0.00039404721000732323 -0.0030799722085116505 -0.005491919707804222 -0.005491919707804222 -0.007002252690315249 -0.007129781574590271 -0.005957084225661897 -0.002039646719311106 -0.00014774810444503786 -0.0002552964793498513 -0.004891963391885535 -0.01498068706680892 -0.023586947781884134 -0.030399471662675964 -0.030399471662675964 -0.03458785540885554 -0.035356824441024066 -0.0323958698964774 -0.025821300091901825 -0.016260646379444278 -0.00484070442002724 0.006941849546819296 0.017509740218834696 0.02546607849485037 0.029846181446014374 0.0302362326183949 0.0302362326183949 0.026833675862849543 0.020639405563132786 0.012579066432432603 0.004936464806720721 0.00043502079022257 5.519493066568179e-5 -0.0017582677074731794 -0.006868619917926709 -0.014244615054045994 -0.022597936360840995 -0.022597936360840995 -0.03107044520734019 -0.03789516084103874 -0.041372701025528966 -0.0401664571257438 -0.03368663671757713 -0.022296955902046642 -0.007382504301745385 0.008854659576504713 0.023893490845166475 0.03533779421723033 0.04136012750339234 0.04136012750339234 0.041015924788361476 0.03460451719593617 0.023559685173106568 0.009640045474242378 0.0009962646367029204 0.00042320186682210276 0.003854884241521787 0.009397705539759375 0.009905815679934205 0.006248925448976032 0.006248925448976032 -0.0015553365147142261 -0.01171289271798943 -0.02186134079280519 -0.029592640473737372 -0.032901253817170205 -0.030733243554131446 -0.02321256724775364 -0.011697074597024836 0.0015655116420378696 0.013970769997591758 0.023103190753470337 0.023103190753470337 0.0271478653907429 0.0254613727456743 0.0189971413699731 0.008606706537465083 0.0010785108658537977 0.0001809299253616743 0.004957046553779006 0.015906185199949064 0.022333977441047516 0.024309985700832287 0.024309985700832287 0.021373102278075515 0.014125321089199994 0.004274042607311259 -0.006218780583667623 -0.015308172506570234 -0.0213264621033522 -0.023358772357100783 -0.021411157585185178 -0.016342272775164195 -0.009632170866037551 -0.0029441372987938546 -0.0029441372987938546 0.002271565680114115 0.004928483067236703 0.005320255214790459 0.0036482500666369707 0.0007108807446237211 -0.000639194707100776 -0.0015754600292596454 0.0013716349250589026 0.004336341988493931 0.006565508636147934 0.008147316556722184 0.008147316556722184 0.008590191694495701 0.007691801823346421 0.00552983799547385 0.0023632822882876533 -0.0013018087957948664 -0.004850883667978442 -0.007735694564051192 -0.009581482296512175 -0.010221331702981942 -0.009761384182706492 -0.009761384182706492 -0.008358781913711998 -0.00626875413553894 -0.0037478172230811157 -0.00014107604033285464 0.00027195324505939055 -0.000639194707100776 -0.0015754600292596454 0.0013716349250589026 -0.03510083577367417 -0.03900900757103969 -0.036784744337976516 0.008147316556722184 0.008590191694495701 0.007691801823346421 0.00552983799547385 0.0023632822882876533 -0.0013018087957948664 0.018344647686811162 0.019415705705320422 0.017359051928634833 0.013255372548916497 0.008389100600735945 -0.008358781913711998 0.003943544062959638 0.0008120543096772041 -0.000693524555023458 0.0003217731110838766 0.00016601352181531336 -0.0018038303096051605 -0.012673549140625365 -0.025983585638469753 -0.03510083577367417 -0.03900900757103969 -0.03900900757103969 -0.036784744337976516 -0.029289337124214995 -0.01832728286500067 -0.006162697577258499 0.00503423851337626 0.013521608136048436 0.018344647686811162 0.019415705705320422 0.017359051928634833 0.013255372548916497 0.008389100600735945 0.008389100600735945 0.003943544062959638 0.0008120543096772041 -0.000693524555023458 0.0003217731110838766 0.00016601352181531336 -0.0022943583574198427 -0.01988509057651504 -0.045474053749547126 -0.06504699407635103 -0.07616944145361283 -0.07616944145361283 -0.07663603711014101 -0.06709792451401389 -0.049836892567386853 -0.028178549656959557 -0.00577332915658964 0.014087752672780984 0.028959039539904894 0.037674982831787523 0.04027650627455668 0.03779006976009309 0.031760847206554775 0.031760847206554775 0.024015843988966244 0.016131986793865922 0.008887308891837939 0.003605628782371183 0.00037741732307903565 -0.002237895295930377 -0.018045551602061033 -0.041562366211562125 -0.061985925323625755 -0.07429120982684356 -0.07429120982684356 -0.07742497790581494 -0.07093144663734308 -0.05667065976541803 -0.03714398173554365 -0.015587114053653263 0.004967073024890156 0.021946025904268553 0.03376480439796304 0.03988943118066939 0.0406877999727677 0.037220128788912885 0.037220128788912885 0.030756764035711356 0.022804225542054125 0.014334895592501758 0.005690917872766241 0.0005871618109624686 -0.0015992005622550115 -0.011444636172829127 -0.021435779115896694 -0.03141159868950988 -0.038087677258817614 -0.038087677258817614 -0.040501760738637614 -0.03867419854647315 -0.032748228527105815 -0.023995649993313637 -0.013519720543700008 -0.002932468989882273 0.006637235396567698 0.014088726879217842 0.01899194408573019 0.021170224923638382 0.02089215644496421 0.02089215644496421 0.018632371402563505 0.014857880758399321 0.010481321530000197 0.005230931517131429 0.000792856419954361 -0.0005232386769429521 -0.0017234072476213925 -0.0028092184947738205 -0.0037997357552888873 -0.0046780108587984376 -0.0046780108587984376 -0.004986162550496686 -0.00490053154918033 -0.004276162577796264 -0.0033301024914605716 -0.0021044657649427596 -0.0008231458254048819 0.00040050678713008823 0.0014294154805756497 0.0021568669393807307 0.0025910525552153853 0.0026630217839844718 0.0026630217839844718 0.0025032769293261642 0.002064011007985426 0.0015264775498870422 0.0010059621257136684 0.00035735731739661717
</DataArray>
        <DataArray type="Float64" Name="Mode_14_phi1" NumberOfComponents="1" format="ascii">
 4.728081730310969e-6 9.63287038351335e-6 -4.7280817261298905e-6 -9.632870373166442e-6 2.607437889024298e-5 -1.0391653961406155e-5 1.6741573884969612e-6 -1.8280507211618752e-6 -3.103611200018246e-6 -1.2440844886482914e-6 2.8922707022173673e-6 3.245906044692052e-6 3.3136742351078336e-6 -2.791070243066786e-6 -2.416213975115989e-6 -7.109980009357363e-6 4.810483994624427e-6 -2.3386497385689005e-6 1.443345727198423e-5 -9.645389465100535e-6 1.1506805583596183e-5 -2.5681306029899224e-5 1.9471650946567232e-5 -3.0463183209227726e-5 4.696383598250816e-5 -6.584687187736091e-5 9.07623255265703e-5 2.3216521975891105e-5 -2.3060871095406785e-5 1.3462845307461602e-5 -2.351456839104549e-6 1.4097985298614642e-5 6.4043457668572245e-6 1.2328754895808014e-5 7.001532451674588e-6 7.240922876627397e-6 2.8285602419375062e-6 6.434425369219555e-7 -2.314891460939975e-6 -4.730251877185457e-6 -5.452146522567453e-6 -7.164312641047332e-6 -5.424026377094236e-6 -6.832528369697677e-6 -2.9641011124039474e-6 -5.6335267362950766e-6 2.1445966241606697e-6 -8.204993810874332e-6 1.5140596100298534e-5 -7.85330018052286e-6 -2.607437892271248e-5 1.039165400035238e-5 -1.6741574352992092e-6 1.828050770586864e-6 3.1036111463670022e-6 1.2440845420988133e-6 -2.8922707455889017e-6 -3.2459060066275825e-6 -3.3136742653601113e-6 2.7910702676254293e-6 2.4162139465083153e-6 7.109980034033454e-6 -4.810484014331604e-6 2.3386497661222225e-6 -1.4433457306533069e-5 9.645389503698207e-6 -1.1506805612468096e-5 2.568130604364136e-5 -1.9471650947362128e-5 3.0463183197018783e-5 -4.696383596845222e-5 6.584687186911394e-5 -9.076232552673789e-5 -2.321652198197248e-5 2.3060871090990423e-5 -1.3462845305509415e-5 2.351456824721612e-6 -1.4097985292778365e-5 -6.404345753980307e-6 -1.2328754918168836e-5 -7.0015324276156886e-6 -7.240922895948052e-6 -2.8285602280886387e-6 -6.434425412683238e-7 2.3148914469624625e-6 4.730251892385994e-6 5.452146504953796e-6 7.1643126488107896e-6 5.42402637478932e-6 6.832528354852487e-6 2.964101139435416e-6 5.633526699349758e-6 -2.1445965939929018e-6 8.204993792151934e-6 -1.5140596083937448e-5 7.853300163322745e-6 0.0192624626950438 0.04255321883751775 0.08409019636983851 0.1206582310273132 0.15351666378814657 0.17548008727654923 0.184917675566975 0.1769699520539636 0.15101258247015642 0.10560679608618243 0.04329946057613188 -0.03223468277453677 -0.11446513721803638 -0.1953120429947542 -0.2665522604636223 -0.31892622937564186 -0.3473291860926823 -0.34542911166396 -0.31676335301020303 -0.25988296202363115 -0.19184597406551498 -0.11342784225156524 -0.05612120708018534 0.007928861470075528 0.07733888195068792 0.1659910698306218 0.26309102841394566 0.34701625829755833 0.41633692034314224 0.4592826672909609 0.46541371417686606 0.4251314950958865 0.33362646025514126 0.1905111173057068 0.00408844870268059 -0.21052232002008325 -0.43207415126638726 -0.633812961309089 -0.7917137508130692 -0.8796988170971283 -0.8868897629553331 -0.8043155523313417 -0.6389932820476739 -0.4247855829237783 -0.18516454073690636 -0.01836084004613961 -0.0005219244801753015 -0.003060910391534478 0.03382088502054676 0.08774682309506983 0.15712633123377512 0.23246812901809571 0.3062992819733052 0.3640947691845568 0.3917606144190282 0.37595310325961534 0.30923254947074086 0.19057757729701286 0.027972095822634626 -0.1607447813109368 -0.35324252153127506 -0.5188672279406701 -0.6349865276594716 -0.6728296715744982 -0.6283777169745435 -0.5001831290292053 -0.2916348437521627 -0.09955385259303394 -0.02061105383824137 -0.00560762150578697 -0.04230109235615117 -0.113705916266078 -0.17388848553594155 -0.20215733220372842 -0.20696916913012284 -0.1834548655256727 -0.13527111369666867 -0.06814770813115427 0.010302344818175765 0.09027185620451668 0.16184347872717667 0.2162300839076321 0.24726195846915192 0.2532396580814905 0.23498981421466625 0.19986149242066728 0.15117947825060712 0.10551597365254486 0.05311306214655594 0.017574865948178503 0.005523426400680838 0.008757421694160026 -0.006272485593881953 -0.06780584895181008 -0.17488513364836836 -0.2967864312285066 -0.4022849737491893 -0.48699104694612577 -0.5402624636988502 -0.5496472181525316 -0.5053424621683211 -0.4027211439570804 -0.24338563500923818 -0.037431652187069696 0.1968427538752578 0.4347970187044519 0.6486767899495351 0.8111210648667644 0.8993235498590003 0.8996528354063165 0.8067329260094177 0.6351952728032212 0.40016335756318866 0.16541278167447174 0.01936346392350031 0.00026734292648740725 -0.017952149724843536 -0.06328740169367197 -0.13408797330862515 -0.2286197858384388 -0.3387009400619416 -0.4498207003674958 -0.5412577147222746 -0.5898996825759671 -0.5744369125034182 -0.48191395322144076 -0.310400727551754 -0.07144239160271969 0.20969372730798996 0.4971091965446368 0.7500214893284249 0.9282564096118984 0.9999999999229895 0.9490644500978805 0.7800217471633881 0.5033007589004624 0.2140476129242761 0.03402578495030625 0.009119007995150516 0.06115563953843281 0.14063108026483825 0.1974140028449916 0.1956446700243565 0.1437337151873592 0.04168027798311594 -0.09026620692490159 -0.22834078460979212 -0.3454934203002181 -0.4160841310970547 -0.4224634817137745 -0.3583031363153579 -0.230277599025703 -0.058198926288800426 0.12812238127757877 0.2951798191490581 0.4108793096624224 0.4491437382822579 0.4100435745464692 0.28507769793521553 0.12528641298991666 0.01950579716437489 0.0116444411019409 0.10078346374821712 0.2517529424559618 0.40040828073244955 0.49626762524741674 0.5348258639035884 0.5087465517274474 0.4196040515646199 0.27947210070465667 0.10615612199218895 -0.07828133989047416 -0.25020982285594046 -0.3888861054476457 -0.4797631562147549 -0.5160779516604966 -0.49994091743495433 -0.4411612187618609 -0.3539289586779476 -0.2559389485706716 -0.15940902315665267 -0.07609113147005483 -0.016983033584880194 0.00615693760940009 0.004897663868677346 0.056119611504833855 0.15147884584633034 0.26501839357751267 0.3711696646258795 0.4594980693861676 0.5170574997684328 0.532115833849199 0.4961002724400023 0.40649608061329473 0.2676345790409846 0.09076239830523139 -0.10647161728817033 -0.30239543589277906 -0.4745185477422008 -0.6023879756828091 -0.670516350669338 -0.6699240845539355 -0.6003109292337817 -0.47133657532834966 -0.28762863234818714 -0.1108572082049213 -0.010245914547004183 -0.008060330490394433 -0.04426542739218372 -0.09683221341510657 -0.12769951882981403 -0.10950809257367981 -0.05506112649339429 0.03388162075110877 0.1385429800629639 0.23961861865285866 0.3164699077265544 0.3517510880320943 0.335235733474533 0.2656545733743537 0.1515617223209021 0.010239566738970621 -0.1352629422004324 -0.26026928088623963 -0.34233271428850914 -0.3637965649589007 -0.32476572030667233 -0.21402259748847466 -0.08420777291795715 -0.007277117836733323 -0.016446932778017995 -0.12610934118525274 -0.3071843913911229 -0.48000792875736203 -0.5852724048220647 -0.6209192919512035 -0.5784441563139063 -0.46407274012144134 -0.2947458955683342 -0.09355733643554753 0.11242511482445239 0.29640932016342675 0.43643877860948643 0.5185643438618337 0.5385468532265506 0.5021177777681094 0.4232080371944275 0.32028440336177383 0.2150834317823639 0.11993628275481488 0.05710274121729935 0.020341197334234517 0.0021378165836850316 -0.015034979300840782 -0.11760485458114518 -0.29392567054162977 -0.4855060792590349 -0.6451867263998694 -0.7552454470100721 -0.8000911136462402 -0.7692753727290047 -0.661422135343464 -0.48480890642302626 -0.25636916129823467 6.757372944227032e-11 0.2563691614006847 0.4848089064868871 0.6614221353762998 0.7692753726797235 0.800091113598959 0.7552454469041503 0.6451867263450378 0.48550607919605704 0.2939256704898462 0.11760485457314558 0.01503497930962983 -0.002137816573826396 -0.02034119728566759 -0.05710274113305424 -0.1199362826646434 -0.21508343168433283 -0.32028440321794555 -0.4232080370825917 -0.5021177776230453 -0.5385468531092992 -0.5185643437386326 -0.43643877848935836 -0.2964093201112491 -0.11242511482795314 0.09355733640137678 0.2947458954765025 0.46407274001242016 0.5784441561532337 0.6209192918479763 0.5852724046765857 0.480007928634576 0.30718439129020925 0.12610934113997732 0.0164469327694063 0.007277117854820367 0.08420777299927235 0.21402259768462364 0.32476572056405867 0.3637965652439594 0.3423327145780686 0.26026928117998505 0.13526294240930278 -0.010239566592530907 -0.15156172227270898 -0.26565457340346504 -0.33523573356171477 -0.35175108815613204 -0.31646990788971574 -0.23961861880878485 -0.13854298017551386 -0.03388162081097469 0.05506112634787216 0.10950809248620011 0.12769951874253957 0.09683221336747355 0.0442654273599096 0.008060330488112928 0.01024591455337061 0.11085720828977694 0.2876286325231549 0.4713365756202016 0.6003109295994539 0.669924084885075 0.6705163509119464 0.6023879758724789 0.4745185477839132 0.3023954358057001 0.10647161710261907 -0.09076239856244273 -0.2676345793212442 -0.4064960808568083 -0.4961002726014151 -0.5321158339872325 -0.5170574998788281 -0.45949806934202053 -0.3711696645944802 -0.26501839352728496 -0.15147884581309753 -0.05611961148535236 -0.004897663876498929 -0.0061569375897108074 0.016983033645721703 0.07609113162008425 0.15940902335585766 0.25593894875170964 0.35392895886751663 0.4411612189115153 0.4999409174607243 0.516077951616287 0.4797631560596824 0.3888861051670282 0.25020982256340707 0.07828133965068931 -0.10615612217580372 -0.2794721008311969 -0.4196040515445231 -0.5087465515942423 -0.5348258637849028 -0.49626762507868866 -0.4004082805771014 -0.25175294236111373 -0.10078346369561847 -0.011644441094698192 -0.01950579716468724 -0.12528641298365306 -0.2850776979176447 -0.41004357452773776 -0.44914373821889836 -0.410879309611364 -0.2951798191337062 -0.1281223813084028 0.058198926160974544 0.2302775988728753 0.3583031361991013 0.42246348157333274 0.41608413095706914 0.34549342024297297 0.22834078463256707 0.0902662069829273 -0.04168027783767448 -0.14373371494924062 -0.19564466980212847 -0.19741400266369707 -0.14063108013284842 -0.061155639501518956 -0.009119007999977204 -0.03402578494782038 -0.21404761294446428 -0.5033007589638654 -0.7800217472166862 -0.9490644501657867 -1.0 -0.9282564096672336 -0.7500214893657839 -0.4971091965334747 -0.209693727291381 0.07144239161646274 0.3104007276332813 0.48191395333311454 0.5744369125894795 0.5898996826731119 0.5412577148478708 0.4498207004732564 0.33870094015396207 0.2286197859455963 0.13408797340675244 0.06328740174608674 0.017952149759691366 -0.00026734291590351216 -0.01936346392641731 -0.16541278169660723 -0.4001633576063814 -0.6351952728735061 -0.806732926072819 -0.8996528354179553 -0.8993235498309337 -0.8111210647692385 -0.648676789808104 -0.43479701850476 -0.1968427536272533 0.03743165240025051 0.24338563518750478 0.4027211440998556 0.5053424622312979 0.5496472181275556 0.5402624636132393 0.48699104682144445 0.40228497362332416 0.29678643113557157 0.1748851335881053 0.06780584890811554 0.006272485577555337 -0.00875742170173018 -0.00552342641701293 -0.01757486597042609 -0.053113062164751895 -0.10551597364354699 -0.15117947820994615 -0.1998614923146338 -0.23498981405317715 -0.2532396578335383 -0.24726195818274704 -0.2162300836326347 -0.16184347848418915 -0.09027185604489 -0.010302344775544184 0.0681477080537966 0.13527111350711324 0.18345486524444204 0.20696916880158137 0.20215733186474988 0.17388848524439382 0.11370591608463808 0.042301092280668036 0.005607621501237883 0.020611053839447606 0.09955385260790019 0.2916348437655018 0.5001831290486947 0.6283777170119474 0.6728296716557054 0.6349865277857945 0.5188672281325352 0.3532425217423727 0.1607447815428446 -0.027972095615084944 -0.1905775771625911 -0.3092325494268758 -0.3759531033218539 -0.39176061459815315 -0.3640947694802491 -0.3062992823547763 -0.232468129446583 -0.157126331650077 -0.08774682343129345 -0.0338208852541335 0.0030609102873605945 0.0005219244546337144 0.018360840042703882 0.18516454074730462 0.4247855829339183 0.6389932820772626 0.8043155523666337 0.8868897630094711 0.8796988171685208 0.7917137508852313 0.6338129613955472 0.43207415133687394 0.2105223200667307 -0.0040884487011266435 -0.19051111735678125 -0.33362646037435456 -0.42513149528448446 -0.4654137144165962 -0.45928266756594655 -0.41633692063274175 -0.3470162585472415 -0.2630910286300106 -0.16599106997156698 -0.07733888201545312 -0.007928861478188122 0.05612120707815876 0.11342784225745572 0.19184597408493534 0.2598829620318717 0.31676335302428726 0.345429111677273 0.34732918609347013 0.31892622938442794 0.26655226046111385 0.19531204299414107 0.11446513720658502 0.03223468275440222 -0.043299460608355836 -0.10560679614433639 -0.15101258253604655 -0.17696995212981584 -0.18491767564433048 -0.17548008734149814 -0.1535166638591474 -0.12065823106943167 -0.08409019640550795 -0.042553218857904015 -0.01926246271040049
</DataArray>
        <DataArray type="Float64" Name="Mode_14_phi2" NumberOfComponents="1" format="ascii">
 3.555284729222038e-6 -9.745016387664699e-6 -3.555284727422634e-6 9.745016375256219e-6 1.558236756503565e-5 -1.4426643904223524e-5 2.0148483022708037e-5 -7.694484781298613e-6 6.523986229073705e-6 -1.1890174785004718e-5 -2.3429533897622408e-6 -2.371608005381131e-6 9.689741774072931e-6 8.716695931455986e-6 4.77607220657689e-6 -5.814548651148943e-6 -1.0232688527674658e-5 -5.8915141580632e-6 2.420893724826103e-6 1.4020623552966292e-5 9.766985929034482e-6 6.5378086118384545e-6 -1.592604946402014e-5 -7.736767749171509e-6 -2.427397499981299e-5 1.8674197708491368e-5 -2.9169458564297033e-5 -7.946147030640479e-5 5.837884180642114e-5 -3.988463668043376e-5 2.4832829779324305e-5 -2.129365062886372e-5 1.5226263209673916e-5 -1.1725869102283964e-5 1.005739429846449e-5 -5.580456283607365e-6 6.521845642868705e-6 -2.1352409089951854e-6 3.7945743599223476e-6 -1.0859740384009034e-6 2.413063012247911e-6 -2.0684581880319976e-6 2.7071206571651644e-6 -4.284660535981894e-6 4.526575905250733e-6 -7.276232100449394e-6 7.426523748323144e-6 -1.1087650421166505e-5 1.3794473194848524e-5 -2.2006243933827865e-5 -1.558236757746126e-5 1.442664393753377e-5 -2.014848306194914e-5 7.694484817268254e-6 -6.5239862663031595e-6 1.1890174799545433e-5 2.3429533773899964e-6 2.371608010638281e-6 -9.689741773249349e-6 -8.716695920026219e-6 -4.776072216947821e-6 5.8145486448557335e-6 1.0232688527804202e-5 5.891514148577293e-6 -2.420893717690378e-6 -1.402062355256828e-5 -9.766985921017769e-6 -6.537808612803829e-6 1.5926049468875315e-5 7.736767744805825e-6 2.427397499937882e-5 -1.8674197709669577e-5 2.9169458563373273e-5 7.94614703020132e-5 -5.83788418015904e-5 3.988463667715007e-5 -2.483282977606091e-5 2.129365062277149e-5 -1.5226263202999947e-5 1.1725869100067245e-5 -1.0057394297301026e-5 5.5804562727934886e-6 -6.521845618160348e-6 2.1352408802046092e-6 -3.794574340560146e-6 1.0859740307532493e-6 -2.413063006030594e-6 2.068458176401055e-6 -2.7071206359262105e-6 4.284660506785164e-6 -4.5265758736683234e-6 7.276232073480744e-6 -7.426523732104864e-6 1.1087650411312662e-5 -1.379447318463751e-5 2.2006243919756388e-5 0.019056657608905684 0.016799518533813375 0.020616998983659676 0.01598973690196574 0.014562826384005243 0.006584111517061037 0.0003099191355886973 -0.009725991699752681 -0.018400643616535813 -0.02798395137585869 -0.034898671801163274 -0.040302246046012846 -0.04053116769205028 -0.03881721386517495 -0.029499046971541428 -0.02098322648050411 -0.003847286901456594 0.006151057948727294 0.025313145925501337 0.028054641024381537 0.041990847144973475 0.029677850367381093 0.05443040390527136 0.028214398629860558 0.0893270393563085 0.09396977072606381 0.07998913403039683 0.07146121632898066 0.046782429738874885 0.015833307609355037 -0.024131366063417037 -0.06943821031382674 -0.11507530859570575 -0.15682648215030984 -0.18645318352721843 -0.1995081659629232 -0.19172344761365584 -0.1593252861631293 -0.10843099554202018 -0.037713604116799554 0.036285641176895526 0.10938020713287475 0.17752748490860035 0.1866493153367482 0.20530120193762677 0.09563348221074001 0.04312304182467675 0.13359347831186183 0.16890971831468166 0.15605246725020802 0.1464496385801468 0.11543131408736454 0.06377946307980407 -0.007910967570210084 -0.09687480081359827 -0.19273570860748018 -0.2856865654703495 -0.3585497713020227 -0.40043643906445553 -0.39712999994810305 -0.3458206080515499 -0.24456481224269427 -0.10674055300355606 0.05667283052951861 0.21327887996851436 0.358218894774211 0.4247568443341113 0.40269083375068043 0.14003594351261545 0.03416850481287402 0.11633581689584162 0.1484082379973447 0.1708118792732609 0.17233880631680762 0.15952065279555408 0.1168243996214729 0.044683949235785336 -0.055021490456357396 -0.1727785169184955 -0.2934154831587449 -0.3988430692639129 -0.46847000700366953 -0.48658735139507253 -0.4416234029253472 -0.3326011930054128 -0.16892655403326048 0.03148707945887049 0.23779422474181527 0.4113160817121254 0.5430768427169246 0.4681367269056782 0.14608797372998109 0.024344286361743322 0.040354665077484524 0.042936382199007576 0.09511739062590813 0.11347504000003722 0.12774521590844076 0.11793964214886825 0.08142682450377478 0.018505982352223362 -0.06645365452949341 -0.162110004363916 -0.254012904952045 -0.3252544594683703 -0.3600925294463984 -0.3467490985927218 -0.28094969099831135 -0.16605199790787023 -0.017730948162283357 0.14894475910615282 0.2780661806596492 0.4055240991859309 0.3614162792753391 0.11587952569387458 0.013664669357084084 -0.018364442077217526 -0.05173674701159348 -0.0024702158667541446 0.01245731664577468 0.034224769626162575 0.04726918588564669 0.05141967427023732 0.04409694682201327 0.025362729252521626 -0.00321714903986868 -0.037193466780269795 -0.07067010090742852 -0.09678207703579043 -0.10919310418259255 -0.10284597809928266 -0.07687924668257716 -0.03401399563206413 0.022054238288969345 0.06634146147581267 0.1081177213966713 0.12554058164459764 0.05620406299320713 0.022166329094222906 0.001420091724920655 -0.034437699717753525 -0.034437223652479435 -0.05061319972832397 -0.06381512051571889 -0.06663961390651364 -0.05690428126711137 -0.03282914331276244 0.002207162415375421 0.04297715273979286 0.0821730463060722 0.11249321768188057 0.12769515144413018 0.12411497442164188 0.10125241453243564 0.06271005639831638 0.012714752107489631 -0.03865345963335769 -0.08297625015642669 -0.14140658960401345 -0.08210091948647522 0.004981399603567206 0.042697713975885274 0.10517008202553874 0.09803016122065081 0.0356603371096919 -0.026595901924293692 -0.10146217776166946 -0.1575783756095154 -0.18673996522471167 -0.18069511125212137 -0.1390109893414476 -0.06873591104134702 0.01756567077134724 0.10394173929314833 0.17370424664499687 0.21315210607749693 0.2137221658949501 0.17484132192417612 0.10245874178232543 0.006540077281403676 -0.07245234501851114 -0.19403698937818428 -0.13549572503243806 -0.017184195855681685 0.06339637445034663 0.2103581158176391 0.24334069291367194 0.15105391539596996 0.05835556628696478 -0.060154522849652114 -0.16885488083505182 -0.2511650416248721 -0.2937185653487278 -0.289776767034834 -0.24110227178625362 -0.15765077153669296 -0.05522086146602039 0.047476322312161354 0.131984466414885 0.18407438814654153 0.19618821586876298 0.17011378788043124 0.10800061037677876 0.0506379685760685 -0.04890134728717297 -0.04387029690664186 -0.007183324312559473 0.06308445027755051 0.22364978311695774 0.27081354434001004 0.20808135532427985 0.12502792673495325 0.016312179825178463 -0.0988439183959394 -0.20215178436468342 -0.2790578322335286 -0.31881212868247943 -0.3170458124385769 -0.27579100568619896 -0.20372582688166874 -0.11344814937360481 -0.019791038472032937 0.06329884115703287 0.12508441530535172 0.16099905218671906 0.16754372199867612 0.16064901485614902 0.13455840706884126 0.08668227063073197 0.011799741906772979 0.03907528256069601 0.11608111600774101 0.13677924088409119 0.14206368982145867 0.10418386589357867 0.057206269457773615 -0.006853692088782326 -0.07414563008472945 -0.13620144972333909 -0.18410636314186862 -0.21146424263802172 -0.2149394567302107 -0.1948363164172362 -0.1546138752061913 -0.10018897709850803 -0.03865654179384711 0.02257381310393638 0.07806502353446312 0.12370526933415761 0.14927911417397532 0.19257412581204345 0.12914541752310574 0.015918719912095942 0.004846842157988436 -0.040488237965437206 -0.0703662056716139 -0.01465356594238172 -0.0034258371634012567 0.018499346251118185 0.03017106436821988 0.03486768196368544 0.03294204431029185 0.02529476273171657 0.013673749864086081 1.8166498542977645e-10 -0.013673749556656942 -0.02529476247760436 -0.03294204409364618 -0.034867681866395196 -0.0301710643302304 -0.018499346323134398 0.00342583698102993 0.014653565753717181 0.07036620540007539 0.04048823770093108 -0.004846842261979267 -0.01591872000437217 -0.12914541778242836 -0.19257412608484417 -0.14927911437785488 -0.12370526949049426 -0.07806502360964832 -0.022573813059292524 0.038656541918808525 0.10018897733885802 0.15461387547257796 0.19483631673878823 0.21493945705080508 0.2114642429022931 0.18410636337180572 0.13620144986276228 0.07414563017297578 0.0068536920782498265 -0.05720626950518768 -0.10418386606277083 -0.1420636900290936 -0.13677924110058925 -0.11608111622646951 -0.03907528266648191 -0.011799741979183887 -0.08668227080980434 -0.1345584072728868 -0.16064901505393056 -0.16754372212714372 -0.16099905225532843 -0.12508441528126177 -0.06329884106320195 0.019791038652836174 0.11344814961250264 0.20372582715285042 0.27579100592998385 0.3170458126807245 0.31881212887057137 0.279057832373041 0.2021517844538123 0.0988439184119968 -0.01631217992546924 -0.12502792685755024 -0.20808135553742754 -0.27081354450163664 -0.22364978329869636 -0.0630844503700644 0.007183324272797889 0.04387029682762077 0.048901347185623174 -0.05063796870543233 -0.10800061047403953 -0.1701137879891884 -0.1961882159015937 -0.1840743881285571 -0.13198446636262048 -0.04747632217311215 0.055220861657541594 0.1576507717394795 0.24110227200637604 0.28977676723528023 0.29371856556673 0.2511650417275164 0.16885488087646286 0.060154522809469216 -0.058355566419438225 -0.1510539155806892 -0.2433406930827696 -0.2103581159945971 -0.06339637454290195 0.01718419584040636 0.13549572503603974 0.19403698938192687 0.07245234495661486 -0.006540077392295283 -0.10245874192059386 -0.1748413220457011 -0.21372216597129745 -0.2131521061514061 -0.17370424660713774 -0.1039417392138255 -0.01756567056201544 0.06873591129709428 0.13901098961652864 0.18069511151181603 0.18673996545213123 0.15757837571006864 0.10146217777676589 0.02659590178013301 -0.03566033729424787 -0.09803016143989736 -0.10517008223233075 -0.042697714077822246 -0.004981399603605415 0.08210091953416257 0.14140658966173375 0.08297625008290277 0.03865345955859301 -0.01271475227264391 -0.06271005657579327 -0.1012524147253944 -0.12411497453920033 -0.1276951515172368 -0.11249321758971306 -0.08217304611221518 -0.04297715243491545 -0.002207162064183492 0.03282914366109555 0.056904281574900344 0.06663961410737157 0.06381512052601203 0.05061319962097599 0.03443722338452105 0.034437699453091206 -0.0014200920130989004 -0.022166329209393543 -0.05620406299171071 -0.12554058160947038 -0.10811772137032591 -0.06634146149379704 -0.02205423838992094 0.03401399546229465 0.07687924649353507 0.10284597789135401 0.10919310401385701 0.0967820770155553 0.07067010097570191 0.03719346700788441 0.003217149371619629 -0.025362728871786106 -0.044096946427928496 -0.05141967393247852 -0.04726918564519965 -0.034224769580236535 -0.012457316795533406 0.0024702155972525313 0.051736746658167014 0.018364441753465067 -0.0136646694748265 -0.11587952569515426 -0.36141627928148495 -0.40552409917047305 -0.27806618069596617 -0.14894475919077121 0.01773094801995548 0.16605199775563817 0.2809496908392685 0.3467490984736862 0.36009252941812386 0.32525445959571886 0.25401290517129194 0.16211000466951034 0.06645365488406078 -0.018505981991095048 -0.08142682419764939 -0.11793964195982026 -0.12774521586277812 -0.11347504012661586 -0.09511739090507651 -0.042936382548009744 -0.04035466540233056 -0.024344286481838305 -0.14608797373877905 -0.4681367269243297 -0.5430768427202187 -0.4113160817463833 -0.23779422478898407 -0.031487079557339585 0.16892655394029643 0.33260119291204104 0.4416234028653453 0.4865873514189107 0.4684700070959241 0.3988430694495589 0.2934154833931548 0.17277851717921605 0.055021490711052626 -0.04468394902515782 -0.11682439948718194 -0.1595206527847779 -0.1723388064197708 -0.17081187949191237 -0.14840823827624552 -0.11633581716336223 -0.03416850489635532 -0.14003594352330792 -0.4026908337695408 -0.4247568443396817 -0.35821889479692215 -0.21327887999115333 -0.05667283056771849 0.10674055296616711 0.2445648122140899 0.3458206080368751 0.3971299999771916 0.4004364391316241 0.358549771403146 0.2856865656109641 0.19273570874329188 0.09687480095390054 0.007910967670030088 -0.06377946301460202 -0.1154313140999501 -0.14644963865932373 -0.156052467364524 -0.16890971847574696 -0.13359347845924457 -0.0431230418927537 -0.09563348222020591 -0.2053012019479778 -0.18664931534006401 -0.17752748491135897 -0.10938020713940168 -0.03628564118195622 0.03771360412081334 0.10843099553023086 0.1593252861716022 0.19172344763128127 0.1995081659807174 0.18645318356620885 0.15682648220505818 0.11507530864281258 0.06943821035607602 0.024131366092082898 -0.0158333075993096 -0.04678242975042128 -0.07146121636519406 -0.07998913407698781 -0.09396977077520333 -0.08932703941326675 -0.02821439865277362 -0.05443040391120048 -0.029677850368202904 -0.04199084714680968 -0.02805464102587024 -0.025313145927284026 -0.006151057946037651 0.0038472869020934534 0.020983226479042612 0.02949904697322212 0.03881721387550346 0.04053116768958143 0.04030224605739602 0.034898671811143964 0.02798395138410597 0.018400643621626172 0.00972599170754047 -0.0003099191408084889 -0.006584111512450269 -0.014562826394858458 -0.015989736906334484 -0.020616998990627727 -0.016799518539456416 -0.019056657618589184
</DataArray>
        <DataArray type="Float64" Name="Mode_15_w" NumberOfComponents="1" format="ascii">
 3.805141415260531e-7 3.569806575464234e-7 -3.805141414837187e-7 -3.5698065729754834e-7 -1.5670554295657915e-6 4.5718030636737737e-7 9.812934904174826e-7 2.5965995209027743e-6 3.1248712945524148e-6 3.1248712945524148e-6 2.8954247549437714e-6 2.4771866451756068e-6 9.71081849583698e-7 1.6836545819454005e-7 5.59130612747185e-9 6.623407983974112e-7 5.566857195661618e-7 -5.545734339666705e-7 -2.011641777238234e-6 -2.9500589842646468e-6 -2.948820030589782e-6 -2.948820030589782e-6 -2.4739808064505576e-6 -1.5756257174771148e-6 -1.5567924149935668e-7 7.312433416130477e-7 1.015651339337258e-6 -5.544515251926111e-7 5.418154190568241e-7 2.5589452315715674e-7 1.5994041864797769e-6 1.0431251927812023e-6 1.0431251927812023e-6 1.1623123548380032e-6 5.657440911255457e-7 2.251938384672022e-9 -6.518181447124785e-7 -1.1626537986036842e-6 -1.303281980669326e-6 -1.180507515790802e-6 -5.963656186358572e-7 -5.829413697124709e-8 8.683081150165673e-7 1.083865896163575e-6 1.083865896163575e-6 1.9463499347032732e-6 1.1883771945131465e-6 1.4443806021102162e-6 -5.397179310638925e-7 1.3730684304511726e-6 1.567055429770466e-6 -4.5718030701116953e-7 -9.812934914474306e-7 -2.5965995222550264e-6 -3.1248712921115966e-6 -3.1248712921115966e-6 -2.8954247572301212e-6 -2.477186641494816e-6 -9.71081851484971e-7 -1.683654572304408e-7 -5.591307420141853e-9 -6.623407980059053e-7 -5.566857198052695e-7 5.545734349243117e-7 2.0116417778047632e-6 2.9500589837898713e-6 2.9488200311957586e-6 2.9488200311957586e-6 2.4739808055075964e-6 1.5756257176071795e-6 1.556792415035843e-7 -7.312433416789729e-7 -1.0156513388546107e-6 5.544515245502476e-7 -5.418154176601383e-7 -2.5589452555307477e-7 -1.5994041840372093e-6 -1.0431251940631304e-6 -1.0431251940631304e-6 -1.1623123553623434e-6 -5.657440887725453e-7 -2.2519388810226367e-9 6.518181443551434e-7 1.1626537973758695e-6 1.3032819811582129e-6 1.1805075141879254e-6 5.963656198543419e-7 5.829413783962742e-8 -8.683081159439593e-7 -1.0838658974044516e-6 -1.0838658974044516e-6 -1.9463499334381393e-6 -1.188377196117889e-6 -1.4443806028267525e-6 5.397179323178308e-7 -1.3730684293129249e-6 0.00023894066598663404 0.00043035722015211325 0.00016526652201176404 0.00019814836326914416 0.00019472433335519072 0.00024699886114403527 0.00024699886114403527 0.00031369775844149276 0.00038432253419247854 0.00044302401850738544 0.00045883497726787777 0.0004199852836411778 0.00030223703237150626 0.00013117084261028548 -9.197694524450553e-5 -0.00029246524068143425 -0.00046761382474973007 -0.0005121512467687748 -0.0005121512467687748 -0.0004785351596823855 -0.00021964018289513616 2.9198151723819832e-8 6.934150071377373e-5 0.001150830507564259 0.004872544516216934 0.005490190923939069 0.007148641424333495 0.007336501713337841 0.006488550920019205 0.006488550920019205 0.004670166202147296 0.002477419128011429 0.0004045520897399288 -0.001106954370597192 -0.001856831988490154 -0.0019109723050185251 -0.0014511600498522844 -0.0008342971780855246 -0.0002578219978023949 3.651216462814852e-5 0.0001344990704589318 0.0001344990704589318 5.494223097405543e-5 0.00021850148071452625 0.0013104665289452168 0.0004500524629416896 0.0023662957450916663 0.014779949478388354 0.025380101177305568 0.03285774873285423 0.03418798892691262 0.02829380875005776 0.02829380875005776 0.017157194353545856 0.003474066856385266 -0.009288438133920428 -0.018255857124360758 -0.02162216885539105 -0.019147804033129334 -0.012087127707898764 -0.0026697374922057316 0.0064791526467371015 0.013110347950519569 0.01580277557520706 0.01580277557520706 0.014446600667573677 0.010281833268577456 0.006536539055943499 0.0011259115771092827 0.003552123035652545 0.025348843835240678 0.05041025820975181 0.06683643170836892 0.06993864688040817 0.058021541230939264 0.058021541230939264 0.0339002361016723 0.0038040361040091067 -0.02505346944680197 -0.04585515394267947 -0.05401161949389952 -0.04823218709731269 -0.030830368479650067 -0.0068111848276602854 0.017556707702382032 0.036190218166934456 0.036190218166934456 0.04489249989377862 0.04237981378903182 0.03049001836301068 0.015446338186410736 0.0021585006746292572 0.004290410617561064 0.03251533443474531 0.06757448567788647 0.09150586093690326 0.09649249468656983 0.08020881123446058 0.08020881123446058 0.04628096556593555 0.0028640815589841668 -0.039474861104496634 -0.07071392758726411 -0.08353547027413093 -0.07529927032342261 -0.04877775052766113 -0.011173842537940805 0.0279342817743865 0.05886533770308854 0.05886533770308854 0.07424628718751931 0.07126694986033043 0.05216780650028967 0.024947650778728032 0.0032062520998172852 0.004290410617561064 0.03251533443474531 0.06757448567788647 0.09150586093690326 0.09649249468656983 0.09900754324815426 0.08020881123446058 0.04628096556593555 0.0028640815589841668 -0.039474861104496634 -0.07071392758726411 -0.09284545593605444 -0.08469480388345002 -0.05574727487388567 -0.013500612777347386 0.03143202778409605 0.05886533770308854 0.07424628718751931 0.08699918194076899 0.08464133515471658 0.06299961243698982 0.029905848150025748 0.0038229129609985073 0.004118490983614334 0.0321046658837559 0.06757883687988812 0.09281144454439856 0.09900754324815426 0.08302478005391488 0.08302478005391488 0.048026771058605866 0.00226493554330044 -0.043383596940349704 -0.07788033516982677 -0.09284545593605444 -0.08469480388345002 -0.05574727487388567 -0.013500612777347386 0.03143202778409605 0.06790743529362768 0.08699918194076899 0.08699918194076899 0.08464133515471658 0.06299961243698982 0.029905848150025748 0.0038229129609985073 0.0033199995659814307 0.024864678682656186 0.0510564890788131 0.07137937547017681 0.07731112232350314 0.06617776287227295 0.06617776287227295 0.0395793705066358 0.0035504626415605554 -0.03335190296826342 -0.062245940060348184 -0.07583808586652856 -0.07054886496767951 -0.047634905444085496 -0.012804456037474134 0.025262234405348655 0.05704299651816286 0.07454440551699583 0.07454440551699583 0.07368134417513643 0.05596674528864986 0.02728388575422885 0.003632551538089468 0.002251658264384172 0.015209917189741974 0.02880767056889948 0.040941316137132394 0.04566706937951599 0.040786049902705415 0.040786049902705415 0.026802289132476665 0.0066017007835898174 -0.015077254917262266 -0.033012411229342044 -0.04271751797817153 -0.041555907634262215 -0.029707421569932273 -0.010126213414794622 0.012260262888847694 0.031732522478072525 0.04326663712185214 0.04326663712185214 0.04394115910208195 0.03449873281686125 0.01824505502286751 0.0026860388196594536 0.0014507928430954789 0.007991292340557062 0.012920457021619825 0.01831979328398297 0.021354824415239688 0.020775863093882775 0.020775863093882775 0.016477692455820776 0.009328806946538188 0.000885638788708702 -0.006967941696291731 -0.012475045124386039 -0.014467685716197413 -0.012629867978619555 -0.007653398526961097 -0.0010133111034617821 0.005439454891383827 0.010014755997748228 0.010014755997748228 0.011550546934867968 0.010156180295861066 0.007336698327193035 0.0013805554260775635 0.0009596177348381318 0.005067261508547712 0.008285560149542435 0.010955907362850112 0.012688813809749988 0.012907199623763676 0.012907199623763676 0.011847263525417092 0.009816947133381613 0.007222208926657958 0.004336134734751515 0.0013485328272852483 -0.001616839643467834 -0.004474975619440819 -0.0070375652916343364 -0.009049188411788199 -0.01021263785482605 -0.010126309556476086 -0.010126309556476086 -0.00858960755156634 -0.00571259135464235 -0.0007023248065897914 0.0002172255331181137 0.0005342910106923234 0.004092687469533288 0.009659616554187357 0.012740465375557928 0.014030184099758335 0.01329023425809876 0.01329023425809876 0.01113750218091193 0.008302950954177487 0.005338045315371363 0.002578658971470383 1.93635119218302e-12 -0.0025786589652309626 -0.005338045309831563 -0.008302950958053373 -0.011137502184031929 -0.013290234261609165 -0.013290234261609165 -0.014030184103146005 -0.012740465376206236 -0.009659616555298532 -0.004092687469303538 -0.000534291010416187 -0.00021722553291951468 0.00070232480835234 0.005712591357274127 0.008589607551198596 0.010126309555459075 0.010126309555459075 0.010212637852263368 0.009049188410330663 0.007037565289989123 0.004474975618730754 0.0016168396499281396 -0.001348532816624275 -0.00433613472915233 -0.007222208916330483 -0.00981694712491072 -0.011847263522211299 -0.012907199621132617 -0.012907199621132617 -0.012688813808494015 -0.010955907362445961 -0.008285560148790436 -0.005067261508823308 -0.0009596177348165462 -0.001380555425618983 -0.007336698324736968 -0.01015618029091088 -0.011550546927152712 -0.010014755992330341 -0.010014755992330341 -0.0054394548824987215 0.0010133111088249727 0.007653398529712235 0.012629867981767297 0.014467685719843902 0.012475045134432575 0.006967941712325236 -0.0008856387772316912 -0.009328806933019901 -0.016477692444968613 -0.020775863086853565 -0.020775863086853565 -0.021354824409729297 -0.018319793282449728 -0.012920457020031145 -0.007991292337692439 -0.0014507928427995266 -0.0026860388195445277 -0.01824505502075584 -0.03449873281186639 -0.04394115909406278 -0.04326663710996755 -0.04326663710996755 -0.031732522469280225 -0.012260262879222961 0.01012621342287956 0.029707421576545403 0.04155590764127132 0.04271751798280889 0.03301241123836755 0.015077254930931048 -0.00660170077353916 -0.026802289120753244 -0.0407860498937143 -0.0407860498937143 -0.045667069371615646 -0.04094131612878061 -0.02880767056602156 -0.015209917186665374 -0.0022516582640650967 -0.003632551538227833 -0.027283885754724572 -0.05596674528763501 -0.07368134417226503 -0.07454440551257263 -0.07454440551257263 -0.05704299651225127 -0.025262234398398337 0.012804456042490406 0.04763490544838579 0.07054886497127051 0.07583808587131671 0.062245940063171 0.033351902971857264 -0.0035504626363968297 -0.03957937050411978 -0.06617776286593535 -0.06617776286593535 -0.07731112231930748 -0.07137937546423534 -0.051056489073957066 -0.024864678681079444 -0.0033199995655526613 -0.003822912961399085 -0.02990584815367805 -0.06299961244102148 -0.08464133515734026 -0.08699918194352407 -0.06790743529480964 -0.06790743529480964 -0.031432027783331346 0.013500612778273621 0.05574727487470681 0.08469480388523017 0.0928454559355577 0.07788033517028542 0.04338359693873868 -0.002264935546681484 -0.048026771060002776 -0.08302478005663487 -0.08302478005663487 -0.09900754324605182 -0.09281144454334982 -0.06757883687699782 -0.03210466588300793 -0.004118490983746593 -0.003822912961399085 -0.02990584815367805 -0.06299961244102148 -0.07126694986689497 -0.07424628719225865 -0.05886533770505593 -0.06790743529480964 -0.031432027783331346 0.013500612778273621 0.05574727487470681 0.08469480388523017 0.0928454559355577 0.07071392758897746 0.03947486110504468 -0.002864081559919867 -0.046280965568773716 -0.08020881123403924 -0.09900754324605182 -0.0964924946873077 -0.09150586093434333 -0.06757448567815773 -0.032515334433872646 -0.00429041061718182 -0.003206252100034293 -0.024947650780815348 -0.052167806504429017 -0.07126694986689497 -0.07424628719225865 -0.07424628719225865 -0.05886533770505593 -0.027934281774737002 0.011173842539913202 0.04877775053164841 0.07529927032719194 0.0835354702778085 0.07071392758897746 0.03947486110504468 -0.002864081559919867 -0.046280965568773716 -0.08020881123403924 -0.08020881123403924 -0.0964924946873077 -0.09150586093434333 -0.06757448567815773 -0.032515334433872646 -0.00429041061718182 -0.0021585006749007796 -0.015446338187970992 -0.030490018364571523 -0.04237981379063208 -0.04489249989590936 -0.04489249989590936 -0.03619021816639833 -0.017556707698139683 0.006811184834546704 0.0308303684892981 0.04823218710878905 0.05401161950404907 0.045855153951718824 0.02505346945442967 -0.003804036097897058 -0.03390023609650626 -0.05802154122706189 -0.05802154122706189 -0.06993864687557051 -0.06683643170692663 -0.05041025820720022 -0.02534884383446603 -0.003552123035600674 -0.001125911577123716 -0.006536539055574129 -0.010281833267690896 -0.014446600665081069 -0.015802775570999354 -0.015802775570999354 -0.013110347945184116 -0.006479152639848649 0.0026697375023987703 0.01208712772092568 0.019147804046412063 0.021622168868778484 0.018255857136899947 0.009288438145261566 -0.0034740668462502015 -0.017157194344520902 -0.028293808743142353 -0.028293808743142353 -0.034187988922549484 -0.03285774872823665 -0.025380101175846492 -0.014779949476374577 -0.002366295744803304 -0.00045005246306128674 -0.0013104665288756333 -0.00021850147849551433 -5.4942226644807e-5 -0.00013449906503464434 -0.00013449906503464434 -3.651215790987875e-5 0.00025782200525890036 0.0008342971850297264 0.0014511600589010732 0.0019109723141724844 0.0018568319976859523 0.0011069543794759342 -0.0004045520809830892 -0.0024774191205231377 -0.0046701661949615295 -0.006488550914280515 -0.006488550914280515 -0.007336501708667148 -0.007148641420670562 -0.0054901909206989405 -0.00487254451509428 -0.0011508305075359946 -6.93415007162984e-5 -2.9197982972074802e-8 0.00021964018312256925 0.0004785351607404408 0.0005121512476924049 0.0005121512476924049 0.00046761382599833177 0.00029246524183350136 9.197694654303711e-5 -0.00013117084147093317 -0.0003022370310889214 -0.00041998528223459485 -0.0004588349760049379 -0.00044302401716514515 -0.0003843225328067712 -0.0003136977574242203 -0.00024699886036661585 -0.00024699886036661585 -0.0001947243326545825 -0.00019814836265014645 -0.00016526652162467774 -0.0004303572199726956 -0.00023894066589975682
</DataArray>
        <DataArray type="Float64" Name="Mode_15_phi1" NumberOfComponents="1" format="ascii">
 3.2241082075259604e-6 1.475327400090551e-6 3.2241082071003963e-6 1.4753274016475839e-6 1.6826414227097723e-5 -1.4784830872792518e-5 1.6570128758144272e-5 -6.229938833212781e-6 1.2106317872987906e-5 -7.110516930936225e-6 1.2666708453646647e-6 -7.844236763618046e-6 -4.894754667786757e-7 -8.628810868953321e-7 3.7980003239335263e-6 2.7844232527262533e-6 8.265253500292332e-7 -2.656264712882437e-6 -4.778185962215816e-6 -3.858591861903027e-6 -1.0209090784098104e-6 2.7931442739298706e-6 4.272819593014986e-6 3.5683995499003087e-6 1.489893316633193e-6 -1.3550729041395069e-6 1.0301315309924549e-6 1.1451709433127464e-5 -4.140352651287733e-6 2.6006969572031014e-6 -3.880350037456743e-6 -1.2577358629341667e-7 -1.996541641914337e-6 2.0206794096260048e-8 -6.511053874491427e-7 5.789488976687078e-7 -9.746791643963675e-8 7.906847990559579e-7 -5.4376664757077e-7 1.0717776543954196e-6 -1.6817532259637064e-6 2.540389651738241e-6 -3.4576119767513123e-6 6.13025109999297e-6 -7.3931513403687955e-6 1.2281553761471906e-5 -1.5938742704334342e-5 1.922616588909137e-5 -1.7761672509391245e-5 2.0104450251231223e-5 1.6826414222410666e-5 -1.478483084789111e-5 1.6570128711915152e-5 -6.229938770314903e-6 1.2106317799251725e-5 -7.110516857014182e-6 1.266670784269381e-6 -7.84423672079679e-6 -4.894754996086742e-7 -8.628810635313548e-7 3.7980003204998115e-6 2.784423240749809e-6 8.265253708463427e-7 -2.656264744555465e-6 -4.778185928679647e-6 -3.858591891466833e-6 -1.0209090450350997e-6 2.7931442454721136e-6 4.272819611586013e-6 3.5683995382374934e-6 1.4898933200915726e-6 -1.355072900155663e-6 1.0301315222841295e-6 1.1451709418794467e-5 -4.140352645054897e-6 2.6006969470282443e-6 -3.880350032064777e-6 -1.2577357701453387e-7 -1.9965416645899845e-6 2.0206845863336472e-8 -6.511054539776038e-7 5.789489528017582e-7 -9.746795801253221e-8 7.906848343877024e-7 -5.437666674836303e-7 1.0717776532511016e-6 -1.681753202375377e-6 2.5403896172501883e-6 -3.45761194210345e-6 6.130251073332274e-6 -7.393151308863778e-6 1.2281553712369582e-5 -1.593874265276949e-5 1.9226165865188224e-5 -1.776167250786015e-5 2.0104450246244177e-5 0.01826016954739459 0.020282251198004215 0.03211298442960351 0.02803109686549283 0.034903563528751694 0.03245652863753375 0.03307133460474434 0.02850297102124649 0.025353223788723674 0.020450142792690747 0.016652889480705018 0.012224524435434649 0.007846163159660545 0.0024648319630006183 -0.0034417762807523898 -0.009957763155415706 -0.015619468678879964 -0.01985794235984025 -0.02041158551531342 -0.017500001757621425 -0.008968365724098114 -0.00082233103690702 0.006810608201022253 0.02439399646060701 0.101703676708384 0.1775820404466234 0.24485082610552167 0.2773001375255848 0.26963573117784456 0.2148897081096425 0.1329393596418715 0.03747048995970091 -0.04975513041575756 -0.11348023321359675 -0.14382223471149544 -0.13929761505058613 -0.10551282697511524 -0.053993114358171015 0.00244663200435331 0.050017425815870306 0.08084310687711292 0.09021848824633621 0.07985960826221973 0.06908908956151637 0.050863578316320726 0.015931869956441032 0.038169998653444795 0.1975682873907821 0.4191717648952382 0.5969967682654873 0.6689394661084648 0.6206973948275304 0.4606677103522841 0.22107137060136126 -0.045794750697538716 -0.2861283999341858 -0.4526527521073789 -0.5153095845420564 -0.46720719521240756 -0.324803611561176 -0.12243797765200592 0.09346880493452961 0.27841401615065287 0.3943531411750078 0.4243109415423176 0.36910163321790207 0.2588070124906255 0.12464757653546367 0.0260200698758573 0.033607871418354356 0.20146567509855207 0.459649584872845 0.6779124858630842 0.7684180002452456 0.7207111851428425 0.5334202366535238 0.2443126465145317 -0.08832774831429763 -0.3974090016235391 -0.6198414424567587 -0.7112990271886998 -0.6548276935342483 -0.46468436364999127 -0.18294870637740285 0.1306969421146463 0.40961972640013383 0.5977397023142584 0.6595593204597482 0.5868724368411953 0.40101947125107407 0.18079838218119407 0.032010958757986915 0.024263344027425963 0.13953454573371132 0.31064572701469395 0.46514416094943656 0.5377090847215754 0.50371270830401 0.36769348334898877 0.15022155681929997 -0.10774449969841114 -0.35291988098658256 -0.5346584929080906 -0.6127387401470235 -0.5676101605124569 -0.4054647918745725 -0.15783757077805005 0.12468859238696767 0.3839507243740448 0.5648801666467758 0.6293091867788888 0.5688943898483423 0.3916513134168762 0.17391212699484504 0.02824903973700047 0.0004567888355675361 0.004887998598784578 0.012856286477446644 0.026753345607488748 0.04481174127627426 0.051699044900831145 0.03855003798889844 0.00326345934505314 -0.05043492926875633 -0.11348543421512462 -0.16923477893835995 -0.20122484308341781 -0.19607797472458027 -0.14759019474377255 -0.06025932565630015 0.050537480222897974 0.1618113971471647 0.24859057486856417 0.2877511279914146 0.2707981892353295 0.19038402835511747 0.0842151513065463 0.013161467106710721 -0.017959626333946148 -0.12102280498009899 -0.2773300335435767 -0.4025271887198359 -0.4421988419166395 -0.401137602195167 -0.28389269702163233 -0.12133301708369855 0.05189492641150343 0.20065801559006474 0.2953890657597272 0.3218023472448134 0.2807354368052397 0.18671330310795542 0.06445494164548307 -0.057857489691521644 -0.15503189170470394 -0.20981384677015727 -0.21695380508057557 -0.17931379469860875 -0.11583635714375477 -0.051099340443185565 -0.008782984450468781 -0.030346613526466015 -0.182812976569726 -0.412975598071144 -0.6067775816758553 -0.6833174852385487 -0.6260375477623303 -0.4434274637534074 -0.16923717610475014 0.13934957069504272 0.41924481299982513 0.61363746158604 0.6823873405963725 0.6126823582311938 0.4206873578287624 0.14719614575022522 -0.15050325273063075 -0.41105884783680025 -0.5821876897239666 -0.6321873265774438 -0.5575702100787301 -0.37768858471760663 -0.16818397711878003 -0.028264556798917883 -0.028928300650320232 -0.16015663733246338 -0.3513701986698185 -0.5151886313631672 -0.5899258117574127 -0.5474983242227539 -0.3876941508820297 -0.13823172198532194 0.1535957833753733 0.42745940182251085 0.6246646790839082 0.7009466955013733 0.6355124055613088 0.43748252347604333 0.14480425666529945 -0.18391745200608758 -0.48121434630816795 -0.6849398317595012 -0.7522655091290927 -0.6746159327348296 -0.4652146339560661 -0.21091300377062866 -0.03750096251049101 -0.021753531055937556 -0.0871474844488929 -0.17120575737402668 -0.24490377597506724 -0.2914994308514568 -0.27799225289714385 -0.20273869396967112 -0.07178881589374285 0.09045971565408063 0.250953521377548 0.37298414202414565 0.4250746472083891 0.38908417097552545 0.2649975000300456 0.0727813340615934 -0.15042685598612313 -0.3586561405420437 -0.5067794476218556 -0.5597563291363059 -0.5092502897033954 -0.3592298037288556 -0.16939553924216832 -0.034436847764734525 -0.014805341128702085 -0.02409545422377287 -0.01638823756934355 -0.007634191260321093 -0.02035275883123654 -0.03035435667524446 -0.032752931921379874 -0.02256210239824054 0.0007511026884201783 0.031440383861731695 0.060640324757644054 0.07764444797132479 0.07324866979866838 0.04291390396234495 -0.01123381662508243 -0.08007774744344737 -0.14869515717197623 -0.20084043287081355 -0.22167035405257113 -0.20637762303108378 -0.1576062794168135 -0.08548714032845316 -0.02433354467771463 -0.015782810852251895 -0.021691189322290694 -0.007519739371496557 0.011717370591960674 0.013174807197244003 0.006237179089227257 -0.0075757024796413806 -0.025387353848468654 -0.044302843164907534 -0.06088042243695393 -0.072317292581843 -0.07639076605987248 -0.07231729255052277 -0.06088042237031215 -0.04430284306412863 -0.025387353730040595 -0.007575702407551582 0.006237179143103614 0.013174807255664622 0.011717370581698396 -0.007519739385435458 -0.0216911893403643 -0.015782810858454243 -0.02433354467735086 -0.08548714029591822 -0.15760627934918076 -0.2063776229766346 -0.2216703539307086 -0.20084043278349895 -0.14869515702884695 -0.080077747303198 -0.011233816607411415 0.04291390393142081 0.07324866983001568 0.07764444804090122 0.06064032483351975 0.0314403840110182 0.0007511028740923634 -0.02256210220601874 -0.03275293176376633 -0.03035435654604649 -0.02035275877082496 -0.0076341912230622425 -0.016388237550799337 -0.02409545419425593 -0.014805341128185991 -0.03443684775749619 -0.1693955392364821 -0.35922980369497404 -0.5092502895700176 -0.5597563290108963 -0.5067794473783233 -0.35865614038269283 -0.1504268558771342 0.07278133419546025 0.264997500091419 0.389084170950467 0.4250746472280436 0.3729841421201999 0.2509535214035375 0.09045971572252934 -0.07178881581250066 -0.2027386938670803 -0.2779922528240635 -0.2914994307951887 -0.2449037759249424 -0.17120575732262064 -0.0871474844071448 -0.02175353104916321 -0.03750096252268153 -0.21091300377962283 -0.4652146339745856 -0.6746159327673897 -0.7522655090685574 -0.6849398317802606 -0.4812143463058889 -0.18391745191867254 0.14480425673089173 0.4374825235534413 0.6355124055791315 0.7009466953806734 0.6246646789419681 0.42745940178191316 0.15359578329458004 -0.13823172202027947 -0.38769415090702525 -0.5474983241898537 -0.589925811669851 -0.515188631286435 -0.3513701986491569 -0.1601566373378877 -0.02892830065893031 -0.028264556804323906 -0.16818397716963393 -0.3776885848092536 -0.5575702102007256 -0.6321873267452723 -0.5821876898548775 -0.4110588479036464 -0.15050325282971658 0.14719614567005676 0.4206873577367658 0.6126823581768744 0.6823873405782295 0.6136374614741122 0.41924481279806514 0.13934957054176753 -0.16923717629637916 -0.4434274638690919 -0.6260375478718719 -0.6833174853338203 -0.6067775817104615 -0.4129755980744449 -0.18281297658617182 -0.030346613527582736 -0.008782984465317372 -0.05109934050702128 -0.11583635724039137 -0.17931379480734438 -0.21695380522254304 -0.20981384692226113 -0.15503189186368427 -0.057857489803022154 0.06445494155236246 0.1867133030590491 0.2807354367433872 0.3218023471442457 0.2953890656907878 0.20065801550128326 0.051894926255090984 -0.12133301719285623 -0.2838926971784428 -0.40113760230070183 -0.4421988419941443 -0.40252718879814464 -0.2773300335839138 -0.12102280500204929 -0.017959626351914993 0.01316146710968387 0.08421515134022928 0.19038402836150822 0.2707981891724123 0.28775112792314445 0.24859057484481392 0.1618113971319054 0.050537480213217814 -0.06025932561226082 -0.14759019468874013 -0.19607797466883403 -0.20122484300560137 -0.16923477889182417 -0.11348543418349853 -0.05043492921681484 0.0032634593455534004 0.038550038014557676 0.05169904490899319 0.04481174126029699 0.0267533456017603 0.012856286428295399 0.004887998604144307 0.00045678884592981043 0.02824903973526568 0.17391212699804337 0.39165131345488813 0.5688943899300886 0.6293091868629566 0.5648801666919522 0.383950724443491 0.12468859249290797 -0.15783757066644735 -0.40546479174172906 -0.5676101603467424 -0.6127387399975305 -0.5346584927601592 -0.3529198808207413 -0.10774449954474598 0.1502215569818519 0.36769348348691266 0.5037127083969565 0.5377090847966981 0.4651441609484115 0.3106457270644767 0.1395345457375581 0.024263344008741278 0.032010958762417024 0.18079838222260064 0.40101947130987153 0.5868724369254907 0.6595593205704406 0.5977397024459327 0.40961972649522743 0.1306969421858346 -0.18294870628664162 -0.46468436355634096 -0.6548276934667251 -0.7112990271069879 -0.6198414423533927 -0.39740900152943376 -0.0883277482083958 0.24431264662828198 0.5334202367282561 0.7207111851965008 0.7684180002483763 0.6779124859151682 0.45964958485989976 0.20146567511545346 0.033607871425606034 0.026020069877648683 0.1246475765375565 0.2588070125183859 0.3691016332774146 0.42431094161915306 0.3943531412368289 0.2784140162031651 0.09346880496123029 -0.12243797768504712 -0.3248036116166919 -0.4672071952648524 -0.5153095845884504 -0.452652752155264 -0.2861283999554973 -0.04579475071556734 0.22107137058303405 0.46066771035690174 0.6206973948167505 0.6689394661453731 0.5969967682625265 0.41917176493042757 0.19756828739200294 0.038169998640106256 0.01593186995782483 0.05086357831745997 0.06908908954818355 0.07985960822427633 0.09021848817544437 0.08084310679709114 0.05001742571484538 0.0024466318676062662 -0.05399311449722016 -0.10551282714613928 -0.1392976152278973 -0.14382223488812618 -0.11348023337370525 -0.049755130577666735 0.03747048981647298 0.13293935951931898 0.21488970798596418 0.2696357311017497 0.27730013743487203 0.2448508260649987 0.17758204039562148 0.10170367667732644 0.0243939964633768 0.006810608206120178 -0.0008223310456740884 -0.008968365748886334 -0.01750000180647667 -0.02041158557937713 -0.01985794243158939 -0.015619468765593395 -0.009957763214187346 -0.0034417763707832163 0.0024648318805122684 0.007846163060214382 0.012224524348632413 0.016652889391320196 0.020450142701030904 0.02535322371688019 0.028502970940225886 0.033071334542846685 0.032456528582686536 0.034903563496111005 0.028031096813285306 0.032112984409318486 0.020282251195226853 0.01826016954996504
</DataArray>
        <DataArray type="Float64" Name="Mode_15_phi2" NumberOfComponents="1" format="ascii">
 4.987448762528236e-6 -9.488725102818818e-7 4.9874487601152614e-6 -9.48872510271929e-7 2.812615032089173e-6 -1.710796765025878e-5 -1.1946597838653398e-6 2.876966139650763e-6 1.1869415215647458e-5 1.618608053815314e-5 1.264234195207495e-5 3.953300914114382e-6 -3.955347327007987e-6 -7.172049117184009e-6 -3.475652997177524e-6 3.4178861773013837e-6 7.685853414514953e-6 6.59475427928264e-6 -9.390611019717219e-7 -9.346488841576054e-6 -1.6040859999189523e-5 -1.3736172156288244e-5 -8.705109825049813e-6 2.981340630684852e-6 4.875080595547132e-6 9.620331661803579e-6 1.5704856869150895e-6 -2.2076602311795766e-5 1.9472836163330584e-5 -1.0659652890958927e-5 9.139775541808762e-6 -7.119375672773769e-6 5.14622902862249e-6 -4.424010909881963e-6 2.856915696499689e-6 -2.5731098152733097e-6 1.5989945742003528e-6 -1.2299498163589045e-6 9.175266420412585e-7 -5.580276486517403e-7 6.530736948792315e-7 -6.885480639788146e-7 9.979529397218155e-7 -1.6308230883832193e-6 2.501950291609003e-6 -3.525172580402283e-6 4.676171746011729e-6 -2.26232503235125e-6 -1.3191294725605537e-5 2.7580064491219145e-5 2.812615038314684e-6 -1.7107967663916753e-5 -1.1946597423896928e-6 2.876966095023563e-6 1.186941525815641e-5 1.6186080506950448e-5 1.2642341968200085e-5 3.953300922770272e-6 -3.955347356676887e-6 -7.172049085723574e-6 -3.475653040639618e-6 3.4178862376643795e-6 7.685853364393388e-6 6.5947543167296645e-6 -9.390611351522197e-7 -9.346488824735633e-6 -1.6040860016525106e-5 -1.3736172122364196e-5 -8.705109855499413e-6 2.9813406603459395e-6 4.875080571432211e-6 9.620331673761948e-6 1.5704856844129809e-6 -2.2076602297225047e-5 1.9472836140571544e-5 -1.0659652855349802e-5 9.139775486448853e-6 -7.119375614630693e-6 5.146228984554682e-6 -4.424010886581741e-6 2.8569156907305444e-6 -2.573109816532203e-6 1.5989945826580486e-6 -1.2299498315076109e-6 9.175266557805644e-7 -5.580276519859017e-7 6.530736863338498e-7 -6.885480569739074e-7 9.979529361265744e-7 -1.6308230774605933e-6 2.5019502762635073e-6 -3.525172565521402e-6 4.67617173025794e-6 -2.2623250153487562e-6 -1.3191294740106873e-5 2.758006449939349e-5 0.018117615489419602 0.003896380102387579 -0.0012636779266525567 0.0018045256274441023 0.000146775731157023 0.0007714977641713189 -0.0002622619101649373 -0.0002683922347889339 -0.000796111640658314 -0.0009689443823618512 -0.0016330569194656383 -0.0021451878085760796 -0.0033305314264707835 -0.0036862662054901844 -0.004824962935148188 -0.003786111706094868 -0.004021889796004913 -0.0006983325455063828 -0.00026154950460347497 0.005087311208052763 0.0036545438282286876 0.005629524790492069 -0.008735749147397345 0.049723092997500565 0.07035714102512686 0.013745350546810718 0.041437662734164014 0.003611904830735418 -0.01686481497303732 -0.03904294723198926 -0.05003704405953811 -0.05099470757675933 -0.04240902798370151 -0.02696888441126503 -0.009697746413305067 0.006185491298720281 0.017122755302913253 0.021158503705243397 0.019825348953713618 0.012896908009151418 0.00612394694970711 -0.0008483147673395491 -0.0036884696266194146 0.012932355878597125 -0.003190032614861025 -0.030756060348622594 0.11129113391827206 0.22671788621647215 0.1684741999979498 0.1295907624382982 0.02143096118035228 -0.09053597610998725 -0.17985623144674254 -0.23017504139537473 -0.2324456614237726 -0.18874302540587323 -0.11179388828234875 -0.019717251466432596 0.06759188940285304 0.1316552883634437 0.16162425878816988 0.15324555748283122 0.11307630676648868 0.053118566335484695 -0.008538266047628215 -0.06222226726063027 -0.05210350402076487 -0.09130324771579072 -0.07403678563067277 0.1830014530401439 0.4568385274864936 0.42424055177088177 0.2700920038980822 0.0439586275784122 -0.20694797348166294 -0.41002266383853203 -0.527423140680572 -0.5344020889654453 -0.4358515768725034 -0.25462939224083364 -0.03257704554901632 0.1828865453293955 0.34741750982055386 0.4290635551036764 0.41554789987247504 0.3151663829301067 0.15573281934735958 -0.018601678422162843 -0.17846096732066863 -0.23021363449953283 -0.2688412885106658 -0.13321660153173273 0.24365718111973914 0.6601880424420823 0.6546175368455617 0.4112642014257081 0.06718022579704395 -0.31083654184350723 -0.6285300696602008 -0.81548517286903 -0.836821579916982 -0.6884478280970849 -0.40640782254735014 -0.05095195507174932 0.3020890008795952 0.5794463831454629 0.7257393340989462 0.7147185373076045 0.5547480806674583 0.2863530316008915 -0.021954798743990374 -0.3073646517808937 -0.46240880155208547 -0.4810131235681346 -0.19550681279862708 0.2719726080075433 0.7429841695710501 0.7509761045002439 0.48254327634886485 0.08489511331039683 -0.35598774150441925 -0.7327091957700579 -0.9647699991017435 -0.9999999999871396 -0.8331130694794874 -0.4981753473736101 -0.06704115817656073 0.37026980439195956 0.7224995121827192 0.9170104466891634 0.9157836190409935 0.7233549413397664 0.3852026428734367 -0.017367650024649794 -0.3898541438093507 -0.6360977046119146 -0.638795135928415 -0.2358086593461408 0.25718221235064614 0.6710802268259605 0.6681539097421425 0.45450460630564704 0.0902019670043432 -0.31387999054658483 -0.671729215506672 -0.8992803309880901 -0.9471353829880442 -0.8007205756384146 -0.4900171587397703 -0.07819942938804883 0.3483910224652095 0.7005027438741517 0.9040720704474559 0.9162240217176963 0.7359424030484876 0.4039314973693861 -0.0047969456618984505 -0.3833890730023905 -0.6596988026370102 -0.6608134801157878 -0.23720468299723657 0.20808736998836014 0.4845818442916452 0.46075562106058776 0.3453663132572614 0.08323130233404961 -0.20772032174833796 -0.4771308238581138 -0.6577185199587607 -0.7074689867943217 -0.6127409427845802 -0.3894014365027206 -0.08296799651464669 0.24324879948287376 0.5201848721333651 0.6884936980076504 0.7113596125392047 0.5828813715807866 0.33139056045760423 0.011310635727924479 -0.28749646659112255 -0.5130283787548856 -0.5321841662198157 -0.19647192631828375 0.14679523526938978 0.2791766503272037 0.23980391100800105 0.21051167947686464 0.06878446898905728 -0.09246276439332035 -0.24854551678932252 -0.36152482581477274 -0.4035634488501635 -0.3636607908608098 -0.24854549646172455 -0.08071184578003296 0.10444573048458243 0.2679466510511095 0.37406305016457075 0.39942812869024885 0.3377403100319026 0.20304642767393588 0.024292153496457813 -0.14663229774930778 -0.2648647869492135 -0.3107283376565753 -0.12920197002903372 0.09431806885959461 0.14024495684104935 0.10456866970487172 0.10755880026577522 0.05075060539953169 -0.018254178174767526 -0.08755758558847064 -0.1413659840014259 -0.16873240473412893 -0.16413516310164733 -0.12952497257691115 -0.07288342800077817 -0.006389021784452069 0.05580335432906175 0.10119732669992391 0.12067969867954131 0.11146424396502251 0.07798253402119402 0.029984629522071562 -0.022768394138436628 -0.030229082952016744 -0.093379122142992 -0.05860338696579465 0.05889151573550309 0.09199857681771802 0.08219129759899438 0.06236246838577077 0.03593360074031766 -0.0015012426866011618 -0.03239781815370343 -0.055535533409841416 -0.06825977330970799 -0.07221984759571319 -0.06960059728167745 -0.06355284031821297 -0.05618438936875412 -0.0485766129570762 -0.04020612965333495 -0.029493077523860264 -0.015416304364438329 0.003601319873750222 0.02921820423107185 0.043723108599712145 0.10007221246677879 0.04360597637763959 -0.003651962174047906 0.031858143716101635 0.08712257881937703 0.11437813964582254 0.05724872846222637 0.028921070209103453 -0.011650638029069993 -0.03944966267368047 -0.056361678753656205 -0.06297733571677551 -0.0627901475123901 -0.060454225810600656 -0.05922368057196884 -0.06045422584388414 -0.06279014753865175 -0.06297733586952693 -0.056361678744424555 -0.03944966269148019 -0.011650638021150761 0.028921070249028975 0.05724872847667883 0.1143781396576502 0.08712257880790739 0.03185814371773917 -0.0036519621519271158 0.04360597639334208 0.10007221247674151 0.04372310855909193 0.02921820419542687 0.0036013198650643157 -0.015416304348738542 -0.029493077556425475 -0.04020612958946422 -0.048576612867487316 -0.0561843892828471 -0.06355284030035226 -0.06960059728644968 -0.0722198475883463 -0.06825977337415705 -0.055535533486271355 -0.03239781816841986 -0.0015012427107348875 0.03593360073407088 0.06236246837531551 0.08219129759835883 0.09199857682680931 0.05889151571230073 -0.05860338695637346 -0.09337912208562402 -0.030229082922725796 -0.02276839410960684 0.029984629486608103 0.07798253406444536 0.11146424393263085 0.12067969863018184 0.10119732668124423 0.055803354380233025 -0.006389021685066856 -0.07288342794349115 -0.12952497250745063 -0.16413516314427223 -0.16873240472843853 -0.14136598407565057 -0.08755758565196922 -0.018254178203958457 0.050750605328941906 0.1075588002560875 0.10456866971444652 0.14024495681763452 0.09431806884020967 -0.12920197001015946 -0.3107283376111108 -0.2648647868799006 -0.14663229769580946 0.02429215354357947 0.2030464276629012 0.3377403099933626 0.39942812865721017 0.3740630501433084 0.26794665103649745 0.1044457305030989 -0.0807118457061164 -0.24854549641475418 -0.36366079082053504 -0.4035634489046987 -0.3615248258073334 -0.24854551686006685 -0.09246276442332813 0.06878446897407904 0.21051167940477492 0.2398039110083142 0.27917665027831734 0.1467952352383143 -0.1964719263183901 -0.5321841661999809 -0.5130283787086832 -0.28749646653597294 0.011310635781353837 0.3313905604247204 0.582881371635866 0.7113596124956653 0.6884936979719851 0.5201848721392172 0.24324879944876987 -0.0829679964939271 -0.3894014364645607 -0.6127409427772627 -0.7074689867900704 -0.6577185199964991 -0.47713082381568667 -0.2077203217941041 0.08323130237774472 0.34536631318218014 0.46075562104353385 0.48458184422373785 0.20808736997593286 -0.23720468301198092 -0.6608134801633347 -0.6596988026158228 -0.38338907296383046 -0.00479694566090379 0.40393149741038065 0.7359424030757382 0.9162240217010614 0.9040720704370029 0.7005027438633319 0.3483910224850687 -0.0781994294323833 -0.4900171587376863 -0.8007205756493124 -0.9471353830232739 -0.8992803309642146 -0.6717292154998297 -0.31387999050625426 0.0902019670152347 0.45450460632256756 0.6681539096882652 0.6710802267924599 0.25718221234745775 -0.2358086593783945 -0.6387951359828599 -0.6360977046223565 -0.3898541438313616 -0.01736764999860182 0.38520264291985395 0.723354941381773 0.9157836190581397 0.9170104467084305 0.7224995122136026 0.37026980434858836 -0.06704115816905874 -0.4981753474075367 -0.8331130695255438 -1.0 -0.9647699991209001 -0.7327091957336057 -0.3559877414640368 0.0848951133259807 0.48254327636363076 0.7509761044635007 0.7429841695728144 0.2719726079946588 -0.1955068128143193 -0.48101312361337045 -0.4624088015784134 -0.3073646517991024 -0.021954798727084515 0.28635303166118703 0.5547480807168377 0.7147185373661494 0.7257393341481809 0.5794463831641545 0.3020890008910182 -0.05095195511308364 -0.40640782257756797 -0.6884478281256957 -0.8368215799610182 -0.8154851728848027 -0.6285300696350997 -0.3108365418488033 0.06718022581895566 0.41126420137582187 0.6546175368692562 0.660188042413987 0.24365718111747606 -0.13321660155099238 -0.2688412885148878 -0.23021363450082175 -0.17846096730880148 -0.018601678408489634 0.15573281939575268 0.31516638299261 0.4155478999282325 0.4290635551742296 0.34741750986443604 0.1828865453140188 -0.03257704556617493 -0.2546293922689982 -0.4358515769049083 -0.5344020889948831 -0.5274231407040577 -0.4100226638706442 -0.20694797349256072 0.0439586275284567 0.27009200390190635 0.42424055173483277 0.4568385274797497 0.18300145301345394 -0.07403678563211737 -0.09130324771324907 -0.052103503987558406 -0.06222226721837467 -0.008538266016453265 0.053118566365744566 0.11307630679639236 0.1532455575281583 0.16162425883966738 0.13165528838708626 0.06759188939956383 -0.019717251474684644 -0.11179388830097611 -0.18874302542488133 -0.23244566145355203 -0.23017504141103495 -0.17985623149213678 -0.09053597615408945 0.021430961179259127 0.12959076238205575 0.16847419999888968 0.22671788617744898 0.11129113390612369 -0.030756060353605643 -0.003190032598112058 0.01293235591510318 -0.0036884695901412494 -0.0008483147505610067 0.006123946971058904 0.012896908028221734 0.019825348943848693 0.021158503747905948 0.01712275530448089 0.0061854913016117915 -0.009697746414945564 -0.026968884419950902 -0.042409027996870546 -0.05099470759612842 -0.05003704407118349 -0.03904294726028661 -0.0168648149929665 0.003611904818308808 0.04143766272182571 0.013745350516553477 0.07035714099719877 0.049723092989338656 -0.008735749149833048 0.005629524799060054 0.003654543833299339 0.005087311230438394 -0.00026154951143738504 -0.0006983325335492303 -0.004021889798744948 -0.003786111709188216 -0.00482496293713525 -0.0036862662069339423 -0.0033305314214076218 -0.0021451878113897204 -0.0016330569160225522 -0.0009689443758425657 -0.0007961116439739889 -0.00026839224219675105 -0.0002622619184551852 0.0007714977642750083 0.00014677572648658403 0.0018045256275473524 -0.0012636779326423088 0.003896380104306819 0.018117615487892494
</DataArray>
        <DataArray type="Float64" Name="Mode_16_w" NumberOfComponents="1" format="ascii">
 1.2732137458100283e-6 -5.44512158152905e-7 1.2732137457615035e-6 -5.44512157366268e-7 -1.676489055507361e-6 3.62885268905834e-6 1.5263129137635772e-6 2.1017573217114535e-6 2.9665992480866373e-7 2.9665992480866373e-7 -6.876440426516812e-7 -1.7420018349901374e-6 -1.6671270596797654e-6 -2.8757454761865937e-7 8.018428251672403e-7 5.063261863314997e-7 -9.418786214706481e-7 -1.8496197365298526e-6 -1.5708054947921476e-6 -3.1111096193136056e-7 7.418753233109278e-7 7.418753233109278e-7 1.688404087574511e-6 1.5082714092832482e-6 1.5695946597754912e-6 1.2957412876209053e-7 -1.6198551219217405e-7 4.264608790978816e-7 -3.8814840311517416e-7 3.9170204450712783e-7 -8.564343606402944e-7 -1.5227888148437288e-7 -1.5227888148437288e-7 -2.43758985496236e-7 3.0439264052569536e-7 3.85749712222452e-7 3.7986686100728313e-7 3.1426728232214755e-7 2.356798056701605e-7 2.2525582195112088e-7 4.3123398595981605e-7 4.255584564656675e-7 4.194629164274656e-7 -6.769834352292784e-9 -6.769834352292784e-9 -5.301928210949077e-7 2.2699057474735547e-7 -9.707007777433943e-7 1.7809242245107214e-6 -2.255889349789072e-6 -1.676489055168718e-6 3.628852689291845e-6 1.5263129134342213e-6 2.101757321335964e-6 2.9665992405463077e-7 2.9665992405463077e-7 -6.876440424615625e-7 -1.7420018364751017e-6 -1.6671270576388762e-6 -2.875745499930375e-7 8.018428245929391e-7 5.063261858656038e-7 -9.418786229538902e-7 -1.849619735916436e-6 -1.570805494116165e-6 -3.111109624044925e-7 7.418753249886644e-7 7.418753249886644e-7 1.6884040866966787e-6 1.508271409882676e-6 1.5695946595109358e-6 1.2957412953401696e-7 -1.619855123097413e-7 4.264608782671134e-7 -3.8814840289731046e-7 3.9170204452556245e-7 -8.564343607509022e-7 -1.522788817864027e-7 -1.522788817864027e-7 -2.4375898575245857e-7 3.043926416816764e-7 3.857497119438844e-7 3.798668618697999e-7 3.1426728293737966e-7 2.356798057826303e-7 2.2525582132322656e-7 4.312339860593444e-7 4.255584568730912e-7 4.1946291549270007e-7 -6.769833552342014e-9 -6.769833552342014e-9 -5.301928224370971e-7 2.2699057487323227e-7 -9.707007789165063e-7 1.7809242248797862e-6 -2.2558893502902515e-6 0.0006833297125544062 0.001665773508195763 0.002095633233010813 0.002478231379575191 0.0024586309331166237 0.0019212281049411247 0.0019212281049411247 0.0011089965946779906 5.474682344538393e-5 -0.0009235661890261894 -0.001726852787626314 -0.002167944886682753 -0.002245592106196895 -0.0019708403008529213 -0.0014805916071967476 -0.0008790392042650692 -0.00035092186313774603 6.52792306969707e-5 6.52792306969707e-5 0.00023868969379325827 0.00034787792475938156 0.00031815392029720265 0.0001409468848513038 0.0018607788901765395 0.01052036309083857 0.018563611639951107 0.023249858003756174 0.023705252457260666 0.01934070907486825 0.01934070907486825 0.011245770841400271 0.001173126568141281 -0.008819590086535826 -0.01668598977002036 -0.021033411682364805 -0.02128659976838891 -0.017845538303777636 -0.01195333886480162 -0.0051632211130545865 0.0007858105659178096 0.00473316784402678 0.00473316784402678 0.005986895332017396 0.0048734357527463485 0.0031902554647348287 0.0005447356837135393 0.0020701756846978328 0.017295243426255925 0.03868330404264558 0.051591097387645266 0.054497558585752934 0.045951296389105105 0.045951296389105105 0.02793809527995453 0.004564966762298315 -0.019104226147308286 -0.03804566313551769 -0.04838829591408664 -0.04843895920538513 -0.03900497437857637 -0.02308909551397973 -0.0050253063515838135 0.010660180674239007 0.020238739151385455 0.020238739151385455 0.02207626424340114 0.016569226822718754 0.007840528096055892 0.0009679492917774725 0.0017128729632683232 0.01639620792408261 0.03935143527809374 0.05544548226583004 0.06030614866805988 0.052538681589131594 0.052538681589131594 0.03339550046374706 0.007165193350295869 -0.020331075116479136 -0.04301517828093372 -0.05587283895954922 -0.056224444067914034 -0.044579829286500595 -0.0243383603264451 -0.0008786531764473944 0.01978322297826662 0.01978322297826662 0.032505576958827935 0.034591138810162264 0.026446622938655864 0.011747604935265266 0.0012867955699026857 0.0005834956142088714 0.006815127164085217 0.017534120628804835 0.02684184607786723 0.030981743714914245 0.028383828231243125 0.028383828231243125 0.019030488157423014 0.004643167286628682 -0.01160997991269361 -0.025886124377294217 -0.034598318846692025 -0.035345825960492676 -0.027732047194803076 -0.013611191721455175 0.0034574323615283392 0.019043520252895015 0.019043520252895015 0.028958342950465486 0.030609757381121185 0.02390407437605512 0.01048831780611224 0.001153721221703074 0.0005834956142088714 0.006815127164085217 0.017534120628804835 0.02684184607786723 0.030981743714914245 -0.015554975028475035 0.028383828231243125 0.019030488157423014 0.004643167286628682 -0.01160997991269361 -0.025886124377294217 0.0029477394879485427 0.0010324276825390301 -0.0007236317130052045 -0.0013026951706074103 -0.00033348691886775426 0.019043520252895015 0.028958342950465486 0.004412721445012702 0.005990883592275237 0.005967216606683529 0.0027505723425973712 0.0003472098167871334 -0.0007513357695297924 -0.006078826299610116 -0.013639388494583217 -0.016313457309341674 -0.015554975028475035 -0.011570584396849732 -0.011570584396849732 -0.006150994510854687 -0.000985454979889021 0.0025424670060139364 0.0037650279745685645 0.0029477394879485427 0.0010324276825390301 -0.0007236317130052045 -0.0013026951706074103 -0.00033348691886775426 0.0018973620662265716 0.004412721445012702 0.004412721445012702 0.005990883592275237 0.005967216606683529 0.0027505723425973712 0.0003472098167871334 -0.0014194073868668662 -0.013818652117794459 -0.0327789600239061 -0.04455623132906908 -0.04693837108022144 -0.03933088560770045 -0.03933088560770045 -0.023628383156098737 -0.004023810359109277 0.014733407130897774 0.02816770863631755 0.033249887119461335 0.02920908562117027 0.01761325656908809 0.0018477809111975333 -0.013899538396612099 -0.025662696509850855 -0.030655214592583756 -0.030655214592583756 -0.028216777638759613 -0.019412439246503738 -0.008069513325156012 -0.0008066072954355419 -0.0013188452012227534 -0.012556115458535471 -0.029188037604141064 -0.041489636715327384 -0.04483065232464136 -0.03806229586183107 -0.03806229586183107 -0.022375882215889605 -0.0015199440371241155 0.01923582479888942 0.034572534091032316 0.04026053982699162 0.03443556840564214 0.018286608029438527 -0.004316545389762935 -0.027796028701836215 -0.0462375959861652 -0.05481794523221186 -0.05481794523221186 -0.051404303713320165 -0.03717551709812588 -0.016044255475222445 -0.001776393085134158 -0.0007809672537042252 -0.005913624578280723 -0.011297654026439069 -0.017205207106341835 -0.019215593120728246 -0.016243230964498714 -0.016243230964498714 -0.008256417640909385 0.0030584636264874604 0.01475612494864655 0.023362218213124505 0.025813303690019516 0.02035492250246138 0.007315314344367432 -0.010790711605541908 -0.02985683362528499 -0.045130139192018616 -0.0523701279388301 -0.0523701279388301 -0.04925239483495531 -0.0365859282816918 -0.01666361827631735 -0.0020683692370305146 -0.0005720330193995862 -0.0011891263405104592 0.0023287241908714943 0.0027876270313929707 0.0025461092164518976 0.0022518176575940345 0.0022518176575940345 0.0024893122119795355 0.0034935476804259596 0.004861146755132901 0.0058212115448097925 0.005347677957579007 0.0026198549292685215 -0.0026299790711319755 -0.009835365896959285 -0.017591067470470026 -0.024021363466403333 -0.02719635516443418 -0.02719635516443418 -0.025754351013160783 -0.02010095820335487 -0.010673393542966864 -0.0016576701361256357 -0.00095345175492218 -0.0033730362724658323 -0.0016559820998311048 -0.0009416724298042109 -0.000874951168069396 -0.0010973586811547618 -0.0010973586811547618 -0.001687988311348834 -0.0024581183195884694 -0.0032479575071524803 -0.003849306120084054 -0.0040661237259643004 -0.003849306124980076 -0.0032479575184857223 -0.0024581183370264974 -0.0016879883332611182 -0.0010973587065705832 -0.0010973587065705832 -0.0008749511917850225 -0.0009416724500551896 -0.0016559821156638154 -0.0033730362787232496 -0.0009534517558455813 -0.001657670135338688 -0.010673393537452688 -0.020100958193272997 -0.025754350997904688 -0.027196355145540706 -0.027196355145540706 -0.024021363445749944 -0.017591067450494047 -0.009835365882102397 -0.0026299790608111644 0.0026198549332648465 0.005347677957468839 0.005821211539359635 0.004861146741736983 0.0034935476628168353 0.0024893121886339835 0.0022518176333904886 0.0022518176333904886 0.0025461091925101337 0.0027876270125305248 0.0023287241770690516 -0.0011891263496627766 -0.0005720330206661414 -0.0020683692367640108 -0.016663618273669575 -0.03658592827669142 -0.04925239482997118 -0.052370127932625535 -0.052370127932625535 -0.04513013918157873 -0.02985683361554533 -0.010790711594276966 0.00731531435357653 0.020354922509358636 0.025813303692509604 0.02336221821105716 0.01475612494005424 0.003058463609196468 -0.00825641766026098 -0.01624323098669099 -0.01624323098669099 -0.019215593141967066 -0.01720520712392115 -0.011297654038242361 -0.005913624584410391 -0.0007809672549370129 -0.0017763930850147405 -0.01604425547563289 -0.037175517098841385 -0.05140430371523053 -0.05481794523331685 -0.05481794523331685 -0.046237595987147384 -0.027796028694029837 -0.004316545380864662 0.01828660804334437 0.03443556841950734 0.040260539838753245 0.03457253409409432 0.019235824795256033 -0.0015199440494625554 -0.022375882236378052 -0.038062295884332284 -0.038062295884332284 -0.04483065234798693 -0.041489636733899646 -0.02918803761753289 -0.012556115465739561 -0.0013188452021185128 -0.0008066072955520548 -0.008069513326124223 -0.01941243925228255 -0.028216777644144823 -0.030655214597312214 -0.030655214597312214 -0.025662696509571866 -0.013899538393135855 0.001847780925467073 0.017613256587410312 0.02920908564193285 0.033249887138299045 0.028167708648635967 0.014733407131425288 -0.004023810368941288 -0.023628383176611718 -0.03933088563467839 -0.03933088563467839 -0.04693837110851938 -0.04455623135474883 -0.032778960040637226 -0.013818652126526174 -0.0014194073881711466 0.0003472098167168763 0.00275057234157235 0.005967216603741736 0.005990883587367785 0.004412721441311953 0.0018973620656271657 0.0018973620656271657 -0.00033348691147000914 -0.0013026951579079788 -0.0007236316919200752 0.0010324277046892438 0.0029477395070684922 0.0037650279895396687 0.002542467009589282 -0.000985454990344415 -0.006150994532533147 -0.011570584426757702 -0.011570584426757702 -0.015554975060123731 -0.016313457338028112 -0.013639388515962483 -0.0060788263089220146 -0.0007513357707696922 0.0003472098167168763 0.00275057234157235 0.005967216603741736 0.030609757378493495 0.02895834294843097 0.019043520252070865 0.0018973620656271657 -0.00033348691147000914 -0.0013026951579079788 -0.0007236316919200752 0.0010324277046892438 0.0029477395070684922 -0.025886124367721825 -0.011609979910530943 0.004643167276785886 0.019030488137386448 0.02838382820394148 -0.015554975060123731 0.030981743684025523 0.026841846050248246 0.01753412060934205 0.00681512715377878 0.0005834956129319579 0.00115372122150667 0.01048831780501736 0.023904074374554 0.030609757378493495 0.02895834294843097 0.02895834294843097 0.019043520252070865 0.0034574323659129417 -0.013611191711243914 -0.027732047182567138 -0.035345825943486175 -0.03459831883111647 -0.025886124367721825 -0.011609979910530943 0.004643167276785886 0.019030488137386448 0.02838382820394148 0.02838382820394148 0.030981743684025523 0.026841846050248246 0.01753412060934205 0.00681512715377878 0.0005834956129319579 0.0012867955698137234 0.01174760493391068 0.026446622936478734 0.034591138807883025 0.03250557695618391 0.03250557695618391 0.019783222976819108 -0.0008786531776876306 -0.024338360324768552 -0.04457982928198708 -0.05622444406366495 -0.055872838953105866 -0.04301517827660709 -0.02033107511844951 0.007165193343349897 0.03339550044911777 0.0525386815697223 0.0525386815697223 0.06030614864738336 0.05544548224672077 0.03935143526373298 0.01639620791712904 0.0017128729622297109 0.0009679492914677971 0.00784052809485795 0.01656922682115219 0.02207626424104784 0.020238739148212337 0.020238739148212337 0.010660180670263976 -0.005025306355340573 -0.02308909551807137 -0.03900497438191251 -0.048438959207381845 -0.04838829591671162 -0.03804566313698626 -0.019104226149531278 0.004564966757622084 0.02793809527385219 0.045951296380227505 0.045951296380227505 0.05449755857660652 0.05159109737994244 0.03868330403667709 0.017295243422476275 0.002070175684079116 0.0005447356836956452 0.0031902554641780024 0.004873435752515476 0.005986895330361913 0.0047331678420835625 0.0047331678420835625 0.0007858105628198408 -0.005163221116422518 -0.011953338868381905 -0.0178455383076498 -0.021286599771427994 -0.021033411685077837 -0.01668598977260794 -0.008819590088356434 0.00117312656672681 0.011245770840224075 0.019340709074480794 0.019340709074480794 0.023705252456465598 0.02324985800317523 0.018563611639928857 0.010520363089826047 0.0018607788898430046 0.00014094688478311134 0.00031815392024101913 0.0003478779246932836 0.00023868969361784262 6.527923034986656e-5 6.527923034986656e-5 -0.00035092186349589157 -0.0008790392048612396 -0.0014805916078446779 -0.001970840301353735 -0.00224559210674263 -0.0021679448871775265 -0.0017268527880191203 -0.0009235661892988103 5.4746823272089567e-5 0.0011089965947118283 0.0019212281050539363 0.0019212281050539363 0.0024586309332919366 0.0024782313797065054 0.002095633233139623 0.0016657735082422835 0.0006833297125321868
</DataArray>
        <DataArray type="Float64" Name="Mode_16_phi1" NumberOfComponents="1" format="ascii">
 8.227397210738152e-6 -2.7977975437006337e-6 -8.227397206337962e-6 2.7977975446021626e-6 4.793516803522597e-5 -2.354462624787593e-5 1.7790221959618675e-5 -8.67814341520714e-6 1.7147060539356816e-6 -1.2827771629899084e-5 3.039866945526707e-7 -1.434562511934359e-6 7.636237717693506e-6 4.187524304345914e-6 2.0056594079092885e-6 -3.513258473893087e-6 -6.16779554273263e-6 -3.0872795878818352e-6 -1.1594195921128057e-6 6.433316223270359e-6 2.7474393680308708e-6 6.754913510155571e-6 -4.819042656772388e-6 2.81409954420603e-6 -1.1496844404166636e-5 1.2474057050153492e-5 -1.817624583589072e-5 -1.0097233754171308e-5 5.453461348103753e-6 -5.758507865734317e-6 -1.4437274499361334e-6 -6.25726071435045e-6 -3.148650402108381e-6 -3.0203663056708492e-6 8.637473071369724e-7 3.1230367420120512e-6 6.537214021579215e-6 7.673804431859875e-6 9.000274547669215e-6 6.268919773801905e-6 5.914976100478288e-6 -1.5211606409086142e-6 -3.5365193477280334e-7 -1.1466074816555283e-5 -3.2598488366128713e-6 -1.9131767434792456e-5 5.78943128465419e-6 -2.5515288522225146e-5 3.012743837821754e-5 -2.2791180669070923e-5 -4.7935168039404e-5 2.354462625217168e-5 -1.7790221957197577e-5 8.678143410353094e-6 -1.7147060360356056e-6 1.2827771603233972e-5 -3.039866651823268e-7 1.4345624806441443e-6 -7.636237695150927e-6 -4.187524317413769e-6 -2.0056593869292116e-6 3.513258441691297e-6 6.167795575606201e-6 3.0872795595926517e-6 1.159419605668962e-6 -6.433316225436955e-6 -2.747439368976562e-6 -6.754913510483732e-6 4.819042659358781e-6 -2.8140995470443443e-6 1.149684440593988e-5 -1.2474057050068269e-5 1.8176245835543742e-5 1.009723374220207e-5 -5.4534613246238316e-6 5.7585078359433395e-6 1.4437274768120143e-6 6.25726068810792e-6 3.1486504279345466e-6 3.0203662906339985e-6 -8.637473080609188e-7 -3.123036724629035e-6 -6.537214035817461e-6 -7.673804422734952e-6 -9.000274561553018e-6 -6.268919756219165e-6 -5.914976114928147e-6 1.5211606452538331e-6 3.536519392270735e-7 1.1466074806570985e-5 3.2598488360513126e-6 1.913176744883994e-5 -5.7894313092151506e-6 2.551528855023547e-5 -3.0127438398381343e-5 2.2791180680274584e-5 0.03793689722090898 0.07132654269946868 0.13155973752993366 0.1657592650223271 0.1852969799690249 0.17096171101916377 0.13320645279463666 0.07219173383471468 0.0030705109061634032 -0.06572819544414465 -0.12094223348854898 -0.15611073935303077 -0.1667159662397404 -0.15430002110211208 -0.12364202517878513 -0.08299305021132566 -0.04068552632501379 -0.005267585091686964 0.0190419622780229 0.029150752768138305 0.029712029783206143 0.02176328087688565 0.014571121889627904 0.023493929076758555 0.17669672372982664 0.36092935335249227 0.5257331011746958 0.5860250543765403 0.5536210677907993 0.4221554941400989 0.22179985905729488 -0.012816554836413733 -0.23816670399592207 -0.41578204556367065 -0.5168602032992966 -0.5287806384319741 -0.45679359088168775 -0.3221114109181755 -0.15618750419082955 0.004173200318547907 0.12840491862698727 0.194129197529817 0.19412745223188702 0.14818693651253406 0.07513715645105336 0.01144744685171567 0.014021056774303355 0.11791809817436853 0.32752109744578156 0.5076855776802942 0.595761428638535 0.5748099778895926 0.449931869418356 0.24223329496521936 -0.0069784936936174765 -0.2505350466565653 -0.44167313711976897 -0.5443719544639414 -0.5413050487133556 -0.43675252447540025 -0.25587917502045854 -0.040508539108100025 0.1631833249685591 0.30957963808731986 0.3716461736982267 0.3392605866117215 0.22601937777981157 0.09249128414193115 0.013793956619451455 -0.010158049837140177 -0.026357729372808697 -0.048352391617183375 -0.04078066202810217 -0.01626933860961302 0.00766748360771924 0.025514847485394374 0.027910766334339206 0.013630713377338266 -0.012426022940123333 -0.04114635995116401 -0.06062027155302959 -0.059621866722448194 -0.03227497455591338 0.020230035475028177 0.08910597560587222 0.15862915492288782 0.2120194250080267 0.23206952840627046 0.2149599531893685 0.1461457150762243 0.058681332486242965 0.0037228874099333926 -0.029058357406075794 -0.18507586578456814 -0.41927220190510694 -0.6168452790569956 -0.6908698886883508 -0.6486780115225811 -0.49742734087333895 -0.2705250773356234 -0.014439593580956636 0.22367975233292756 0.4038591192944364 0.5004149627656688 0.5065135661748706 0.43404972680402265 0.3083157511591653 0.16193726194750457 0.027421231869078105 -0.07011654510423566 -0.11864920025242255 -0.1169524597651328 -0.08650964514577503 -0.04463380395089614 -0.010183962180826907 -0.039129595267420755 -0.2512372540443399 -0.5803043234550848 -0.8673854246585896 -0.9999999999837847 -0.9603712022884563 -0.7503112148478881 -0.4141708593813586 -0.016459820261072237 0.36483529181844765 0.6574124986702002 0.8093068132117941 0.7980807652904086 0.6352341299520212 0.36330233351842306 0.045204330039896205 -0.24932794066539216 -0.4590596230771244 -0.5456579151847105 -0.4994267997299886 -0.3454471712162851 -0.1567617784454845 -0.02742494100519196 -0.027140647642912616 -0.1743984490920985 -0.4011926421376705 -0.6087678570008954 -0.7187371174119809 -0.6984845740181186 -0.547800623170664 -0.2884263694074051 0.026938027244484433 0.3355319666443055 0.5721259367647584 0.6845899049682824 0.6467181253727363 0.463782077011516 0.1726709184314083 -0.16498387858472588 -0.4765527068150157 -0.6940816147038416 -0.7700446462575266 -0.6925330155102629 -0.47391582198351834 -0.20948579138850068 -0.03351075600433922 -0.007719459563959043 -0.01723484898488666 -0.023815120970194933 -0.038806909176493445 -0.06494583198372196 -0.06955126774437526 -0.046712897109653734 0.006688953684404906 0.0840064859040705 0.16515036996314975 0.22615588852674676 0.24243386319027468 0.19617412186452254 0.08365551386280018 -0.08206495825250751 -0.27231482305500965 -0.4480499849702495 -0.5684530376872148 -0.6001448102829761 -0.5335819891596466 -0.36589212387980186 -0.16289672314404022 -0.027241127595410336 0.009939517886182863 0.10966282950651605 0.27843356808783876 0.4256622746083143 0.4810431401650649 0.4601664729305633 0.36864676005240926 0.23285156061615597 0.08127055424139072 -0.05688960413173509 -0.16127958669304637 -0.22165792149389654 -0.23934712543282619 -0.22493332502939561 -0.19315697059949274 -0.15802715564597142 -0.12942564483917096 -0.11080582120896582 -0.09770121770901756 -0.08743300152640812 -0.0651512647375028 -0.03294489878460238 -0.008457066285487803 0.012284440583471393 0.1259502032224614 0.3147771197147067 0.48494538670867227 0.5615449102864116 0.5361321899314141 0.4131480574133085 0.21720743467134376 -0.010122300064679759 -0.22283478039845453 -0.3773251098680592 -0.44352618980615505 -0.4103405195527584 -0.2879803969238004 -0.10549579972029255 0.09624220197419016 0.2737352053787824 0.38956093250252993 0.42195965778593986 0.36739623111864705 0.23921739632434566 0.09739572314130705 0.010066918205570935 0.0017005336545891235 0.03351318542791259 0.08709240869993856 0.14188920941666222 0.17349079049193447 0.1587430646191886 0.09728656604400929 -0.0052816693651151925 -0.1293034431685608 -0.24590585425140576 -0.3242176975742863 -0.3376085928139994 -0.27180639154308883 -0.1295967145053608 0.06795735190546656 0.28460469508581726 0.4763983957852714 0.6010815400236972 0.6272334155298978 0.5478294115899691 0.36257560728000365 0.15074213622329963 0.01890558197956845 -0.012923481937830694 -0.09133206622577304 -0.21571875295602078 -0.3209049028178889 -0.36201838388678625 -0.356513032275434 -0.31049955689844877 -0.242473286789402 -0.1693729740977777 -0.10303397619940306 -0.04761039109590606 -9.299110812822613e-12 0.047610391075481505 0.1030339761596454 0.16937297404928064 0.24247328678630764 0.3104995568377446 0.3565130322535698 0.3620183838401968 0.32090490276818817 0.21571875294724147 0.09133206618049197 0.01292348192458993 -0.018905581982209166 -0.15074213624634492 -0.3625756074028381 -0.5478294117330804 -0.6272334157037487 -0.6010815402214725 -0.476398395898826 -0.2846046952258764 -0.06795735195940995 0.12959671447826102 0.2718063915450993 0.3376085928328695 0.32421769757832775 0.245905854265319 0.12930344319205966 0.005281669340161195 -0.09728656597913095 -0.15874306459531784 -0.17349079044390645 -0.14188920935079077 -0.08709240868862402 -0.033513185421969724 -0.0017005336534869672 -0.010066918222731982 -0.09739572320144514 -0.2392173964264752 -0.3673962313116278 -0.4219596580495312 -0.38956093273102993 -0.273735205666523 -0.09624220209728 0.10549579964479047 0.28798039695053995 0.41034051964015084 0.44352618991090864 0.37732510998566454 0.2228347805033021 0.01012230012079622 -0.2172074345794676 -0.41314805738406785 -0.536132189879586 -0.5615449102726416 -0.4849453866902121 -0.3147771196671308 -0.12595020318657404 -0.012284440581137784 0.008457066278406115 0.03294489873179507 0.06515126463488737 0.08743300138614876 0.09770121759212053 0.11080582099675289 0.1294256447775506 0.15802715557579716 0.19315697064562218 0.22493332515375172 0.23934712561345264 0.22165792168465323 0.16127958683287613 0.05688960425435045 -0.0812705541351429 -0.23285156061343532 -0.36864676007278685 -0.46016647299254926 -0.4810431402146159 -0.4256622746740882 -0.2784335681451544 -0.10966282953754754 -0.009939517881612993 0.027241127590452874 0.1628967231272507 0.36589212380138075 0.5335819890913222 0.600144810210705 0.5684530377143986 0.4480499849194202 0.27231482308468985 0.0820649583456825 -0.08365551375280972 -0.19617412172929716 -0.24243386303930467 -0.2261558883570709 -0.1651503698476263 -0.08400648585310824 -0.006688953668195279 0.04671289704616464 0.06955126763846961 0.06494583183554044 0.0388069090564413 0.023815120898457075 0.01723484895694541 0.007719459555453779 0.03351075599857171 0.20948579140011828 0.47391582202846305 0.6925330155570788 0.7700446462826606 0.6940816147004322 0.47655270686020434 0.16498387861556954 -0.17267091842762217 -0.4637820769767475 -0.6467181253650374 -0.6845899049658969 -0.572125936730568 -0.33553196660030105 -0.026938027240485458 0.28842636937731736 0.5478006231221998 0.6984845739629513 0.718737117358784 0.6087678569229311 0.4011926420776087 0.17439844907771807 0.027140647648316932 0.027424941001256357 0.15676177844454361 0.34544717124297436 0.4994267997683233 0.5456579152347588 0.4590596230924624 0.24932794064008493 -0.04520433009657646 -0.36330233362224035 -0.6352341301207635 -0.798080765405794 -0.8093068133027104 -0.6574124987751684 -0.3648352918780685 0.01645982025807766 0.41417085941072274 0.7503112148982537 0.9603712023212659 1.0 0.8673854246952387 0.5803043234838046 0.25123725403101793 0.03912959526574301 0.010183962178772614 0.044633803950285295 0.08650964513414008 0.1169524597667498 0.11864920024844756 0.07011654509574812 -0.027421231929038947 -0.16193726209032475 -0.3083157513431303 -0.4340497270004546 -0.5065135664264618 -0.5004149629721624 -0.4038591194239772 -0.22367975241526786 0.014439593588008824 0.27052507743552107 0.4974273410112053 0.6486780117157899 0.6908698888939969 0.6168452792181683 0.41927220200164483 0.18507586584912403 0.029058357417410606 -0.0037228874125488525 -0.05868133249437531 -0.1461457150680428 -0.21495995318833114 -0.23206952841589285 -0.21201942504473587 -0.15862915499426447 -0.08910597570413635 -0.02023003562394842 0.03227497436623577 0.05962186654441009 0.06062027136495163 0.04114635980100178 0.0124260228963574 -0.0136307133289256 -0.027910766206699782 -0.02551484726602374 -0.0076674833661830545 0.016269338863587893 0.04078066225231078 0.04835239177734199 0.02635772943524521 0.010158049846427146 -0.013793956619746845 -0.09249128412293721 -0.22601937775919217 -0.33926058659055797 -0.3716461736913012 -0.30957963807968614 -0.16318332497092305 0.040508539090886475 0.25587917498421947 0.4367525244352215 0.5413050486576413 0.5443719544149781 0.4416731370899601 0.25053504665473725 0.006978493745825198 -0.24223329483886225 -0.4499318692443029 -0.5748099776642587 -0.5957614284290694 -0.5076855774973115 -0.32752109731820517 -0.11791809811657793 -0.014021056767652886 -0.011447446851273342 -0.07513715644318304 -0.14818693649642078 -0.19412745221557592 -0.19412919748907403 -0.12840491858460512 -0.0041732002608925595 0.1561875042508619 0.32211141097767293 0.4567935909420336 0.5287806384852783 0.5168602033428245 0.4157820455984396 0.2381667040357995 0.01281655487960697 -0.2217998590070127 -0.42215549407443376 -0.5536210677317985 -0.5860250543191485 -0.5257331011275012 -0.36092935332371523 -0.17669672370391618 -0.023493929069375842 -0.01457112188926761 -0.021763280868156508 -0.029712029784290106 -0.029150752752001793 -0.019041962262210187 0.005267585124535931 0.04068552635180853 0.08299305024538534 0.12364202522115267 0.1543000211319597 0.16671596626913418 0.15611073938136885 0.12094223351986413 0.06572819545983484 -0.003070510894354647 -0.07219173383016718 -0.1332064528022886 -0.17096171102366184 -0.1852969799704272 -0.1657592650302702 -0.13155973752310707 -0.07132654270120962 -0.037936897217730886
</DataArray>
        <DataArray type="Float64" Name="Mode_16_phi2" NumberOfComponents="1" format="ascii">
 7.55251693247131e-6 2.5009142464141003e-6 -7.552516924256052e-6 -2.500914246129209e-6 2.324343580988261e-5 -2.7997278870574812e-5 3.248734253509845e-5 2.6845532636172143e-6 2.2871336897886723e-5 -5.812317768435057e-6 -7.809555849151857e-6 -1.9611610455106477e-5 -6.931954558136828e-6 1.5772805127195527e-6 1.2431580300028189e-5 9.107393056048471e-6 7.325329114228367e-7 -1.0583531998950422e-5 -1.4327590487754784e-5 -1.1538990450979264e-5 9.20735617096832e-9 7.641049940919445e-6 1.4487771167525439e-5 7.225267511197078e-6 5.8296473505830035e-6 -7.710106176766297e-6 4.179438020404046e-6 2.7914893924532325e-5 -2.1701820070561735e-5 1.4420624378707337e-5 -9.362124364839981e-6 7.829107075897593e-6 -6.417936630399832e-6 3.3740784175968664e-6 -4.717635842652121e-6 8.749062298157187e-7 -2.6878062100329417e-6 2.7842155887535123e-7 1.6038145596519043e-8 4.600727854406045e-7 2.870370148278797e-6 -3.8900881626340454e-7 5.435048539072497e-6 -3.5007155667585846e-6 7.522916698888395e-6 -8.887987994832668e-6 9.66193884776403e-6 -1.80190503932326e-5 2.8258009153159326e-5 -4.8520036012376976e-5 -2.3243435820964777e-5 2.7997278880918978e-5 -3.248734256037086e-5 -2.684553241480997e-6 -2.2871336918718078e-5 5.812317800430209e-6 7.809555830153497e-6 1.961161046257154e-5 6.931954562641271e-6 -1.5772805339953638e-6 -1.2431580276142363e-5 -9.10739306347555e-6 -7.325329111424423e-7 1.0583531997150898e-5 1.4327590502302841e-5 1.1538990414152038e-5 -9.207316133314852e-9 -7.641049978769136e-6 -1.4487771135421515e-5 -7.225267541317378e-6 -5.829647328742042e-6 7.710106162568027e-6 -4.179438012450434e-6 -2.791489392558599e-5 2.170182006935723e-5 -1.4420624372929516e-5 9.362124358054746e-6 -7.829107071849724e-6 6.41793663061163e-6 -3.374078422123765e-6 4.717635846136847e-6 -8.749062336412492e-7 2.6878062162486847e-6 -2.7842156362403165e-7 -1.6038143480814944e-8 -4.600727828837792e-7 -2.8703701485629527e-6 3.890088111118143e-7 -5.435048531780551e-6 3.500715563063778e-6 -7.522916698674243e-6 8.887987992614312e-6 -9.66193884113759e-6 1.801905038466927e-5 -2.8258009148738417e-5 4.852003601257295e-5 0.03737067012664015 0.024031511682242587 0.0236410169811169 0.011195225410811421 0.0014997587644551042 -0.01478427656355072 -0.024339010774994726 -0.0329327774559375 -0.0337451657907674 -0.03053459413832131 -0.0219834120690597 -0.010940892786175582 0.0005625557071674658 0.011053585149685291 0.017258310875307107 0.02084292552862807 0.01816998079849902 0.015341038910253648 0.007096078432605063 0.0042491457395659035 -0.0032924335055810696 -0.0019175017672109925 -0.015420918927560347 0.06794338994174723 0.17364187691881552 0.14855665800188683 0.08732291837155212 0.011820913120204545 -0.07420769394793708 -0.14279962480700673 -0.186229506566687 -0.19602156680746002 -0.17255857637047975 -0.12051317073816462 -0.05207837579399039 0.020299405580851408 0.08175136573575545 0.1210412366550159 0.13320231347582864 0.11648715488856833 0.08028416826595379 0.03253219915613775 -0.015827435207674222 -0.03308307553148262 -0.05135216062262672 -0.03583106336765946 0.11703885195964947 0.3423039283092094 0.37538786096266624 0.20601257142200072 0.042486560485939316 -0.15334247917069058 -0.3145635820196962 -0.4172074222241889 -0.44406562038690267 -0.3907423467579003 -0.27051847203427126 -0.10796395115304007 0.06368719763233421 0.21029337552215774 0.3041241656372064 0.3285011493828429 0.28393322379808134 0.18379561308812956 0.058245479235183036 -0.07013245186146826 -0.13652467660977974 -0.156649275918017 -0.06430001828410803 0.12142688761895166 0.4213960693149814 0.48058721828217726 0.28937517588608136 0.07133707214411404 -0.17828246676302245 -0.39648931008486377 -0.5411209281912882 -0.5848816113191433 -0.5204505501540815 -0.36071879663707723 -0.1391746053455218 0.09948961837412147 0.30646940033950687 0.4405019906754234 0.4760191283199563 0.40963519206554183 0.2590994454321451 0.06583750286528446 -0.12639867120377932 -0.2605556668175207 -0.2581554079962493 -0.0820769464183287 0.0900455216427478 0.2943065230387482 0.3444412719582989 0.23593856270649072 0.07272041024251748 -0.11477869666516183 -0.2917930334852511 -0.4180874760247959 -0.46725063738056083 -0.4263812224123428 -0.30204851845988073 -0.11792811386006057 0.08829510018963282 0.2741659521986511 0.399744342326142 0.4383873425373488 0.3816064280424684 0.24279686881829024 0.05380036551041749 -0.13039314687607406 -0.29435815269365917 -0.27617490314338966 -0.07518173107119422 0.018821270929939363 0.03132618649289873 0.0327071245961102 0.06476698641091475 0.03588878035513503 0.002387427469042212 -0.04884098421717193 -0.09910520775767256 -0.13383517982575222 -0.14079324917090916 -0.11393430641396277 -0.05546304874392614 0.02344301698062647 0.10560119617042255 0.17111315561519344 0.2019718836785904 0.1879710734185006 0.12832325373154507 0.032288611175172004 -0.06250399075572763 -0.17856793877536128 -0.1612386552226044 -0.033621051751295664 -0.05027799317958173 -0.23061224027193586 -0.2679065748181476 -0.12670589953410158 -0.013720887690915281 0.11281816840592337 0.20260283678081706 0.2453593558169235 0.23516399250909087 0.17933730991009203 0.09398727674332427 -0.00011854051464853305 -0.08187613648608875 -0.13514965119883424 -0.15129831079379807 -0.13136930032572366 -0.08483012569131543 -0.02604907522319936 0.024393974546264192 0.0691220286059831 0.06074604080784601 0.05835548762426743 0.02982990865992487 -0.0912231601444384 -0.34287461316985685 -0.386817081572018 -0.23007371762426404 -0.043739935257014646 0.15946401195737037 0.3311262255838058 0.4315002045946863 0.4427332066233411 0.3618171305936363 0.20717406237907973 0.01227389652014978 -0.18150961243312178 -0.3329526074371585 -0.4107157132920991 -0.3992044294217041 -0.3031855149241441 -0.1445647840375774 0.03679994537446669 0.20240735691022899 0.3135137974439666 0.2814979764155106 0.09101469921537055 -0.08845730536005707 -0.27311694948112125 -0.2849657774506743 -0.2032795302296925 -0.04170666496881889 0.13120674307619584 0.2895675054383201 0.3912674427790972 0.4100316462669173 0.3384465703319737 0.18728687546185974 -0.013358960719599088 -0.22149762956796681 -0.3918256617027453 -0.485325695284967 -0.4787253728198849 -0.36994778764285646 -0.17944020161350924 0.053352448165140814 0.26385685744458637 0.44131293384008297 0.3961635632354359 0.12319440551250854 -0.06299630368828982 -0.112256975729269 -0.07816946881962263 -0.09617063541891556 -0.019079776709610047 0.060033957736530676 0.14425342248197234 0.20362490216693063 0.21912656727566932 0.17981632054642271 0.08850509636112343 -0.03980190339876261 -0.17860633012439947 -0.2969153674857758 -0.36483621848161646 -0.36162955118281936 -0.28127849494587825 -0.13509594171376482 0.05227314766474644 0.21982624825982233 0.37806573133831356 0.35093669966469154 0.1170374492679648 -0.0432465305955471 -0.004397788837826681 0.05839269543386704 -0.00700810090934873 -0.0012531506656395183 0.002270450449274316 0.0168135039430883 0.03196729638061341 0.03884999155873129 0.031053584281507614 0.005556572365292843 -0.035014801560743554 -0.0830930998628879 -0.12704212448536392 -0.15434691572167192 -0.15387681268545744 -0.1203760673355388 -0.056739176066070596 0.030468950111248096 0.10632943892466398 0.1774696931952116 0.19243198275976175 0.0841431795889221 -0.051806659972236935 -0.039107657893693984 0.015354852562054468 -0.010568135372497033 -0.006247741321646904 0.0002434483857759597 0.005161517067160881 0.00918034155384077 0.010026116364260507 0.008409151460147141 0.004745149486224483 -4.702525801499717e-11 -0.004745149612512143 -0.008409151612580143 -0.010026116474996145 -0.009180341666086278 -0.005161517114269492 -0.00024344835938968658 0.006247741408729617 0.010568135464539089 -0.01535485239538693 0.039107658042793744 0.05180666003512636 -0.08414317954284377 -0.19243198262794853 -0.17746969308596122 -0.10632943883234232 -0.03046895004695348 0.056739176115937505 0.12037606730663791 0.153876812599091 0.15434691562568933 0.12704212435647347 0.0830930997574196 0.035014801467536265 -0.005556572498403936 -0.031053584441734214 -0.03884999166525308 -0.03196729648506598 -0.01681350397144031 -0.002270450434090949 0.001253150758979311 0.007008101018486231 -0.05839269530155027 0.004397788987850088 0.043246530671092576 -0.11703744923559099 -0.35093669960385704 -0.378065731278728 -0.21982624823844898 -0.05227314762802157 0.1350959417876131 0.28127849494464185 0.3616295511721212 0.364836218446221 0.29691536741734864 0.17860633005212362 0.03980190329892148 -0.08850509650090059 -0.17981632068850809 -0.21912656744592154 -0.20362490222576707 -0.1442534225259938 -0.06003395772961872 0.019079776803437976 0.09617063553762598 0.07816946892270117 0.11225697588141836 0.06299630375153643 -0.12319440549736979 -0.39616356322959934 -0.4413129338432756 -0.263856857470294 -0.05335244813106991 0.17944020163305868 0.36994778775879095 0.47872537288055916 0.4853256953285809 0.39182566173312555 0.22149762951914417 0.013358960625516121 -0.18728687563466695 -0.3384465705004407 -0.41003164644422313 -0.39126744291044585 -0.2895675054921009 -0.1312067430828664 0.04170666505281674 0.20327953035058102 0.28496577758288194 0.27311694961875943 0.08845730543284833 -0.0910146992223119 -0.281497976433 -0.3135137975295884 -0.20240735689427472 -0.036799945369475645 0.1445647841083287 0.3031855150619605 0.39920442953554613 0.4107157134537835 0.3329526074658296 0.18150961244916136 -0.012273896646478615 -0.20717406254810572 -0.36181713082496986 -0.4427332068408211 -0.4315002048037751 -0.33112622567561323 -0.15946401199270674 0.043739935327637675 0.2300737177746595 0.38681708173918794 0.34287461334408365 0.09122316022482328 -0.029829908654287807 -0.05835548767801337 -0.06074604086173245 -0.06912202861857264 -0.02439397452008438 0.02604907531543101 0.08483012579334288 0.13136930053308324 0.1512983109096713 0.13514965130400494 0.08187613644755905 0.00011854043450647945 -0.09398727691234025 -0.17933731018065524 -0.23516399278373248 -0.2453593560501862 -0.20260283694434164 -0.1128181684347972 0.013720887737339562 0.12670589970255414 0.26790657502672843 0.23061224049137788 0.050277993259768936 0.03362105173824982 0.16123865519843228 0.17856793875194224 0.06250399071924741 -0.032288611138592535 -0.12832325369724853 -0.1879710732564692 -0.20197188357177698 -0.1711131554655167 -0.10560119611682815 -0.023443016968831623 0.05546304866708894 0.11393430624920331 0.14079324893973869 0.133835179530533 0.09910520753958861 0.04884098405730429 -0.002387427529055231 -0.0358887802977509 -0.06476698625761176 -0.032707124354460826 -0.03132618628450873 -0.018821270839280233 0.07518173106612985 0.2761749031200587 0.29435815267678755 0.1303931468706249 -0.05380036551076074 -0.24279686878089285 -0.3816064279800339 -0.43838734243001226 -0.3997443422792496 -0.2741659521151605 -0.08829510018713772 0.11792811382219577 0.3020485183445925 0.4263812222190875 0.467250637195554 0.41808747582267175 0.2917930333581741 0.1147786966104783 -0.07272041019020715 -0.23593856256725737 -0.34444127178709966 -0.29430652283413133 -0.09004552157578492 0.08207694640065838 0.2581554079732529 0.2605556668088711 0.12639867119303747 -0.0658375028723518 -0.25909944542234886 -0.409635192058696 -0.47601912828085347 -0.4405019906246454 -0.3064694003330851 -0.0994896183371485 0.13917460533682433 0.3607187965804178 0.5204505500662483 0.5848816112122539 0.5411209280806868 0.39648930999808973 0.17828246674619924 -0.07133707211098637 -0.28937517580839905 -0.4805872181635498 -0.4213960691960351 -0.12142688756526526 0.06430001827819823 0.15664927589857505 0.13652467661262252 0.07013245183175291 -0.05824547924691953 -0.18379561310697423 -0.2839332237983203 -0.3285011493845286 -0.30412416563000916 -0.210293375496272 -0.0636871976297526 0.10796395116131094 0.2705184720415705 0.3907423467331791 0.4440656203546137 0.41720742219744167 0.31456358198679374 0.15334247916707644 -0.042486560462946424 -0.20601257138926599 -0.3753878609317706 -0.34230392826012535 -0.11703885193212621 0.035831063359465745 0.05135216062217197 0.03308307553048011 0.015827435183264012 -0.03253219915881238 -0.08028416828718302 -0.1164871548896249 -0.1332023134804727 -0.12104123665794758 -0.08175136572090833 -0.020299405573864907 0.052078375799625175 0.1205131707426936 0.17255857638098898 0.19602156680849223 0.18622950656966455 0.14279962481523656 0.07420769394110953 -0.01182091311669722 -0.08732291835681726 -0.14855665801825074 -0.17364187691129418 -0.06794338992621851 0.015420918926654143 0.0019175017655630514 0.0032924335039132466 -0.004249145745768271 -0.007096078436734259 -0.015341038915646922 -0.018169980805529493 -0.020842925531452675 -0.017258310875821227 -0.01105358514642842 -0.000562555706493778 0.010940892788725745 0.021983412073963923 0.03053459414087641 0.03374516579265589 0.03293277746222205 0.02433901077736382 0.014784276564284115 -0.0014997587631661437 -0.011195225408525711 -0.02364101698382698 -0.024031511680531886 -0.037370670124558344
</DataArray>
        <DataArray type="Float64" Name="Mode_17_w" NumberOfComponents="1" format="ascii">
 1.4742299365038025e-6 -8.562517182678834e-7 1.4742299362922532e-6 -8.562517195732071e-7 -1.6794223956642428e-6 3.905190024510602e-6 1.7389582876997412e-7 9.624418956486258e-7 -8.97883134795721e-7 -8.97883134795721e-7 -2.659694597932121e-7 -3.0613832228632595e-7 5.092763483908926e-7 3.9850391229557467e-7 -1.0711151060459953e-7 -5.440758576769292e-7 -1.5511182213321293e-7 1.3185408742792029e-7 1.283294908808744e-7 -1.455254825568089e-8 -5.230931202206042e-7 -5.230931202206042e-7 1.9868251912122601e-7 -6.035883307889146e-7 1.7236633102934577e-6 2.7048858390751394e-7 1.077466632626625e-6 -2.588044720921487e-7 -6.136888902936972e-7 7.105603796502567e-7 -5.64318098096448e-8 4.3428134809555047e-7 4.3428134809555047e-7 -3.7615912829636684e-7 -3.80966727188179e-7 -4.1140304662310515e-7 -2.529651431152556e-7 -1.4566382132825437e-7 -6.525799304197231e-8 -1.4458738821066882e-7 -1.475708918851583e-8 -3.5847199083538463e-7 -1.8761385109326274e-7 -3.2518769464913705e-7 -3.2518769464913705e-7 1.8127731201596875e-7 9.863316473684732e-7 -7.109070960054745e-7 1.7163185145001859e-6 -2.5008776773253016e-6 -1.6794223963614352e-6 3.905190023749387e-6 1.738958282265289e-7 9.624418975870204e-7 -8.978831363020091e-7 -8.978831363020091e-7 -2.6596945873144083e-7 -3.061383237169706e-7 5.092763498425615e-7 3.985039112030289e-7 -1.0711150886390884e-7 -5.440758575918391e-7 -1.55111821238501e-7 1.3185408572145015e-7 1.283294907149642e-7 -1.4552547609136936e-8 -5.230931236077347e-7 -5.230931236077347e-7 1.9868252190692566e-7 -6.035883327550346e-7 1.7236633130887552e-6 2.704885820732305e-7 1.0774666343169654e-6 -2.5880447371945776e-7 -6.136888884747572e-7 7.105603784890769e-7 -5.6431807500405876e-8 4.342813458988731e-7 4.342813458988731e-7 -3.7615912659344124e-7 -3.8096672835522856e-7 -4.114030467474063e-7 -2.5296514197859074e-7 -1.45663822016054e-7 -6.525799285137723e-8 -1.4458738779080722e-7 -1.4757088713409257e-8 -3.584719907110835e-7 -1.8761385284452766e-7 -3.251876947099065e-7 -3.251876947099065e-7 1.8127731345371858e-7 9.863316472635078e-7 -7.109070947341501e-7 1.7163185137195057e-6 -2.5008776773620743e-6 0.0007649271068309059 0.0021609014400729622 0.003303460206882129 0.00455146234721192 0.005736193968516481 0.006564991200069914 0.006564991200069914 0.007235149729979714 0.0075504975622719345 0.007676459727671397 0.007535541317567389 0.007239355015587806 0.006779235055035832 0.006221980155357951 0.005567336483566668 0.004865872725121576 0.0040907348349908815 0.0033114774003610886 0.0033114774003610886 0.002461150049311291 0.0016530760518659409 0.000922365422776899 0.0002429076220377912 0.0016763514914284023 0.011114849641510131 0.022118462861761404 0.031216743813192536 0.039487520388997804 0.04575168621482194 0.04575168621482194 0.05001233048325763 0.052241225281983585 0.0525469928548233 0.05127154550303175 0.04870873162381428 0.04522667392512636 0.04113896272312668 0.03661438314401844 0.031853232191376694 0.026806946180641316 0.02160933129843446 0.02160933129843446 0.016187032993535085 0.010534034797594564 0.005228716568630681 0.000658298405478253 0.0012170148207200097 0.011402178512436818 0.027887926464287515 0.04274885040902872 0.055343756832444274 0.0651969967918651 0.0651969967918651 0.07148372680184185 0.0743638790482695 0.0740887708632334 0.07121311384209009 0.06649609608551857 0.06062142672887527 0.054221985911327195 0.04769568024732217 0.04119182567180891 0.034752303607674735 0.028084956161907457 0.028084956161907457 0.02122186186991012 0.013763360208718503 0.005761211138207284 0.0007501706329532181 0.0008304448280092256 0.007268871158036841 0.016800609053808833 0.027855850020454515 0.03738861879010697 0.04484401296156705 0.04484401296156705 0.049651964685346994 0.051457194084522165 0.05059491843697123 0.04754234728501147 0.042999980440691345 0.037757050869362485 0.03242929176764084 0.027474846601757055 0.023050077071048516 0.019120053446422033 0.019120053446422033 0.015491171178208802 0.01175411165447267 0.008168436303789604 0.003875546730558296 0.0005248612564562033 0.0003645008832999425 0.0013309705451936698 0.0008545219988805515 0.00271293033818855 0.00518896745979864 0.007534970377969526 0.007534970377969526 0.009231268600514118 0.009991066609645426 0.009628647063594474 0.008320403548451802 0.006333526536422103 0.004035317540883971 0.0018303002604708617 -3.6142822013701436e-6 -0.0012658388628141283 -0.0019335736057629822 -0.0019335736057629822 -0.0020032535025289316 -0.0016227821112210694 -0.0008151596340402727 0.0005824634055641841 0.00028939548953205353 0.0003645008832999425 0.0013309705451936698 0.0008545219988805515 0.00271293033818855 0.00518896745979864 -0.005302573333059773 0.007534970377969526 0.009231268600514118 0.009991066609645426 0.009628647063594474 0.008320403548451802 0.003583947320966383 0.003526794586055699 0.0027445030132490075 0.0014514050747190903 -8.989385949207245e-5 -0.0019335736057629822 -0.0020032535025289316 -0.0025957107868199505 -0.002961280063945637 -0.0024935153792887267 -0.0004600008139320637 6.991089925101137e-5 0.0003013719622017121 -0.0001417195794615106 -0.0035700098661263432 -0.0050878767520990955 -0.005302573333059773 -0.004329184344412108 -0.004329184344412108 -0.00257883759291723 -0.0005508324255275182 0.0014023756063748908 0.002846922249733737 0.003583947320966383 0.003526794586055699 0.0027445030132490075 0.0014514050747190903 -8.989385949207245e-5 -0.0015482449318456252 -0.0025957107868199505 -0.0025957107868199505 -0.002961280063945637 -0.0024935153792887267 -0.0004600008139320637 6.991089925101137e-5 0.0005654663710238216 0.0032551359614254862 0.006469199747134547 0.009824939713842788 0.014482432196315526 0.01972575974686613 0.01972575974686613 0.025456645454315172 0.03104171772808202 0.035826676191381704 0.039262299145020885 0.04081780773313903 0.04026515212870581 0.037631571494658164 0.03321343730144188 0.027529505195813025 0.02118509644791117 0.014891577503867425 0.014891577503867425 0.00929122742857108 0.004552082644088032 0.0017507340901157516 0.00017274230289878606 0.0006847982540093372 0.006523870397608525 0.01661397854586003 0.026631512449847915 0.03704530000901553 0.04733467434728783 0.04733467434728783 0.05676882018503561 0.06484959814349234 0.07085147268064361 0.07420351211699536 0.07456103393277597 0.07181077166525661 0.06621777300356665 0.05832316132889151 0.04888783668118486 0.03875209486272711 0.02866078228536859 0.02866078228536859 0.019356518468302348 0.011128191449549685 0.003941614045101828 0.00032322299916913183 0.00046283175334149083 0.005253457259880631 0.014218119156958193 0.02430592885129938 0.03458147288915207 0.04458097717422087 0.04458097717422087 0.05346355554616275 0.06048783139132893 0.06512470676369514 0.06692579045228476 0.06571863497716765 0.06165990820526525 0.05521274445618838 0.047099462575894466 0.03815572808444373 0.029261601590583275 0.021087026689041395 0.021087026689041395 0.014023426018812754 0.008364589454208097 0.0031979671755501637 0.0003540306670431801 0.0001016064452177704 0.0008528762396831137 0.0020958044420679696 0.005752121371303638 0.01019896742859312 0.015135395441448719 0.015135395441448719 0.019888571588423838 0.0237803904391403 0.026237250459218157 0.026907483416422705 0.025642434420285565 0.022579651580301948 0.01814674453925542 0.01299857782498893 0.007870814824199393 0.003478493870867876 0.0004266582801635898 0.0004266582801635898 -0.0010780447814921041 -0.0009024092199349108 6.731052317722691e-5 0.0001569179638740942 1.0422064743397497e-6 -0.001642319079682721 -0.005629504208901184 -0.0076185394674360635 -0.007996079396866118 -0.006991991482207295 -0.006991991482207295 -0.004964886073815082 -0.002497259476595331 -0.00016958060480488083 0.0014654039320695894 0.0020540670793870075 0.0014654039311039352 -0.00016958059983673008 -0.0024972594702314275 -0.0049648860648753386 -0.006991991472673213 -0.006991991472673213 -0.007996079385503979 -0.007618539455474651 -0.005629504200993754 -0.001642319077059775 1.042206754837353e-6 0.00015691796426141425 6.731052337880883e-5 -0.0009024092228192255 -0.001078044785895483 0.0004266582731436388 0.0004266582731436388 0.003478493863562701 0.00787081481359545 0.0129985778162427 0.01814674453147037 0.022579651571516382 0.025642434417981474 0.0269074834133596 0.026237250460130528 0.02378039044390065 0.01988857159547754 0.015135395451086234 0.015135395451086234 0.010198967438200262 0.005752121383324044 0.0020958044528751247 0.0008528762433803344 0.0001016064455049454 0.0003540306672973807 0.003197967177332794 0.008364589459677082 0.014023426024472097 0.021087026689280856 0.021087026689280856 0.029261601587312995 0.038155728076887954 0.04709946256345843 0.05521274444533 0.061659908196130576 0.06571863496867099 0.0669257904532517 0.06512470676656998 0.06048783139946489 0.053463555557215686 0.04458097718631531 0.04458097718631531 0.034581472900938444 0.024305928862502074 0.014218119164663834 0.005253457264565879 0.0004628317537559989 0.00032322300025375517 0.003941614052311124 0.01112819146018281 0.0193565184826999 0.028660782296177884 0.028660782296177884 0.03875209486327706 0.048887836674561945 0.05832316131657211 0.06621777298408116 0.07181077164818973 0.07456103392282823 0.07420351211258268 0.07085147268854339 0.06484959815445489 0.05676882020048537 0.04733467436421048 0.04733467436421048 0.03704530002357759 0.026631512463602677 0.01661397855575797 0.006523870402022935 0.000684798254557675 0.00017274230352350004 0.0017507340968932242 0.0045520826605689735 0.009291227443841213 0.014891577517744156 0.014891577517744156 0.021185096454494703 0.02752950519007648 0.03321343728732535 0.037631571476762195 0.040265152107826316 0.04081780771689117 0.039262299138403144 0.035826676193188974 0.031041717741532426 0.02545664547142702 0.019725759766653042 0.019725759766653042 0.01448243221312464 0.009824939725863591 0.006469199755564351 0.0032551359655770967 0.0005654663713982298 6.991090038779915e-5 -0.00046000080884047297 -0.002493515369997544 -0.0029612800503429075 -0.0025957107765827298 -0.0015482449265675393 -0.0015482449265675393 -8.989386188317334e-5 0.0014514050627141802 0.0027445029970885005 0.0035267945703492723 0.0035839473044442533 0.0028469222403530283 0.0014023756059781658 -0.000550832418182923 -0.0025788375770400746 -0.004329184328128045 -0.004329184328128045 -0.005302573316054703 -0.005087876738320986 -0.003570009859022796 -0.00014171957578963424 0.00030137196278971903 6.991090038779915e-5 -0.00046000080884047297 -0.002493515369997544 -0.0016227821079430563 -0.0020032534990260453 -0.0019335736046724027 -0.0015482449265675393 -8.989386188317334e-5 0.0014514050627141802 0.0027445029970885005 0.0035267945703492723 0.0035839473044442533 0.008320403540820871 0.00962864706250733 0.009991066613413585 0.009231268608175299 0.007534970390678833 -0.005302573316054703 0.005188967470029149 0.002712930347346384 0.0008545220067406111 0.0013309705474760722 0.00036450088341354286 0.00028939548962196967 0.000582463407653469 -0.0008151596325508469 -0.0016227821079430563 -0.0020032534990260453 -0.0020032534990260453 -0.0019335736046724027 -0.00126583886635441 -3.6142869300782397e-6 0.001830300250701284 0.004035317531683875 0.00633352652894703 0.008320403540820871 0.00962864706250733 0.009991066613413585 0.009231268608175299 0.007534970390678833 0.007534970390678833 0.005188967470029149 0.002712930347346384 0.0008545220067406111 0.0013309705474760722 0.00036450088341354286 0.0005248612569530087 0.0038755467319899688 0.008168436301558654 0.01175411165061456 0.015491171174668581 0.015491171174668581 0.019120053443893635 0.023050077069589336 0.027474846600122765 0.03242929176884262 0.03775705086890376 0.04299998044142247 0.04754234728650886 0.050594918436714806 0.051457194086901706 0.049651964688981885 0.04484401296578821 0.04484401296578821 0.0373886187966518 0.027855850024673754 0.016800609056674732 0.00726887115962652 0.000830444828177728 0.0007501706327654027 0.005761211137222984 0.013763360205341437 0.021221861865502397 0.028084956157576068 0.028084956157576068 0.03475230360545679 0.04119182567222822 0.04769568024986162 0.05422198591530597 0.0606214267359173 0.06649609609174559 0.0712131138479797 0.0740887708682067 0.07436387904986427 0.07148372680307424 0.06519699679325114 0.06519699679325114 0.055343756833404235 0.042748850410963976 0.027887926464722105 0.0114021785108309 0.0012170148205480403 0.0006582984057255033 0.005228716568586255 0.01053403479620415 0.0161870329930183 0.02160933129842008 0.02160933129842008 0.026806946181585443 0.03185323219300922 0.03661438314705829 0.041138962727660384 0.045226673929228633 0.04870873162901315 0.05127154550773179 0.05254699285978056 0.0522412252852027 0.05001233048398233 0.04575168621516493 0.04575168621516493 0.0394875203895708 0.031216743812633528 0.02211846286022126 0.011114849640992512 0.0016763514911700397 0.0002429076221980635 0.0009223654227726646 0.001653076052118743 0.002461150049393041 0.0033114774007990955 0.0033114774007990955 0.004090734835196061 0.004865872725671379 0.005567336484119507 0.006221980156085867 0.006779235055457555 0.007239355016367593 0.007535541318370186 0.007676459728351054 0.007550497562810672 0.007235149730342403 0.006564991200232179 0.006564991200232179 0.0057361939686182695 0.004551462346924965 0.0033034602065828214 0.0021609014398208466 0.000764927106741633
</DataArray>
        <DataArray type="Float64" Name="Mode_17_phi1" NumberOfComponents="1" format="ascii">
 1.0314835007470802e-5 -4.332014903766512e-6 -1.0314835001258034e-5 4.332014896525937e-6 5.521162536107371e-5 -2.0855013935431052e-5 8.528891295618206e-7 -1.1956361015250713e-6 -6.53984086458497e-6 6.895719038155408e-7 2.8676526066143825e-6 3.929227226653719e-6 3.710613114946047e-9 -2.5501905610207113e-6 -3.818475421942259e-6 1.2004693785190119e-6 6.455646621231592e-7 5.460778404306205e-6 -4.354691089743597e-6 3.224120480063889e-6 -9.80320668130013e-6 1.0520973934036817e-5 -1.017896118104425e-5 1.8320374065103986e-5 -2.2594967636658802e-5 3.501445764079515e-5 -4.756042832229633e-5 -7.68137601108684e-6 1.1307482842082982e-5 -4.286791822205734e-6 3.6349004328632325e-6 -2.9229214012441962e-6 1.0269108995927207e-6 -1.9957421714770583e-6 -2.8257138008309986e-7 -1.8113485436888732e-6 -1.396053932145236e-6 -2.586442972162195e-6 -2.5995692823840738e-6 -4.341316444590433e-6 -3.5027015491913663e-6 -6.436274179220538e-6 -3.539143085228843e-6 -7.78340560101024e-6 -1.8550876257495432e-6 -8.723884062522601e-6 5.612770781820922e-6 -1.670296285302634e-5 3.2176792472720385e-5 -1.6135540194439958e-5 -5.5211625348726595e-5 2.0855013914882504e-5 -8.528890901280274e-7 1.1956360455142005e-6 6.539840927420289e-6 -6.89571961984545e-7 -2.867652563012711e-6 -3.9292272547753955e-6 -3.71058847869487e-9 2.5501905285661053e-6 3.818475465960617e-6 -1.2004694406222358e-6 -6.455645730354038e-7 -5.460778520474747e-6 4.35469122729732e-6 -3.2241206196183206e-6 9.803206816394237e-6 -1.0520974063927598e-5 1.0178961291181706e-5 -1.8320374147763285e-5 2.259496768529926e-5 -3.501445766036419e-5 4.756042833215619e-5 7.68137601955695e-6 -1.1307482850105062e-5 4.286791841544591e-6 -3.6349004424716917e-6 2.9229214114967694e-6 -1.0269109171119519e-6 1.995742195270692e-6 2.825713570805269e-7 1.8113485669691384e-6 1.3960538916879693e-6 2.5864430228184883e-6 2.5995692342099456e-6 4.341316479564084e-6 3.502701512136593e-6 6.436274202600276e-6 3.5391430720039473e-6 7.783405622093319e-6 1.8550876129991412e-6 8.723884050208206e-6 -5.6127707484560375e-6 1.670296282856146e-5 -3.217679246046594e-5 1.6135540192928075e-5 0.04102781156138782 0.09154323259771578 0.18161562272319068 0.2631832840463713 0.3412295002994991 0.4054131593808564 0.4571059346622762 0.49166210435732577 0.5118879473484617 0.5165732092188469 0.5089963653110049 0.49028237750381476 0.4631872170464944 0.42938372231904565 0.39084413902127735 0.34832195217684553 0.30340933515420554 0.2555070736245487 0.20694013683729112 0.15585995326205776 0.10763100404766773 0.060183980084123824 0.02666773559210499 0.016682534049581515 0.1619252577607606 0.34065034719175596 0.5290896773258041 0.6867312739298604 0.8176175033121207 0.9145761908168083 0.9750329336751459 0.9999999999459722 0.9934628824778455 0.9603068925357416 0.9070377983525512 0.8400961845203361 0.7647033375746105 0.6847188431156241 0.6030309563492339 0.5191223184965917 0.4344595272136573 0.34620089806512877 0.25428152863590275 0.1601380008747303 0.06322322013801492 0.0031967278393349465 -0.002142572801524415 -0.02161492885689375 0.026458875857077103 0.08725280576911981 0.14849454078587437 0.19508111801557107 0.22693196375971667 0.2403043917530257 0.23581310352371593 0.2158956988299951 0.18518876496498443 0.14924680817339217 0.11306578464583754 0.08128508213388586 0.05690400927151468 0.03992151094032307 0.03112486153744183 0.02494034993227007 0.021246554853496434 0.015558434776854623 -0.0026746801561327986 -0.011153566721886167 0.0028064094704382345 -0.011239791753977288 -0.08210548189305682 -0.2251318343129114 -0.35581435193566824 -0.4490007121507817 -0.5261986654291935 -0.5817378828598913 -0.6192360898062651 -0.6417548492639084 -0.6504584580363899 -0.647669240397531 -0.6347974309251884 -0.612270335914715 -0.5809250283745759 -0.5408156786469168 -0.4919236307480668 -0.4353028690329207 -0.3690437662255524 -0.2982606783334372 -0.2168545933135725 -0.12580664093718105 -0.04775524573653815 -0.008889325070285406 -0.01435455821614377 -0.12134519384876605 -0.2952661812411905 -0.4866640370029487 -0.6459356287145938 -0.7673716288635515 -0.8521745561880992 -0.898066731359215 -0.9083630080868489 -0.8901879734733437 -0.8499058711949178 -0.7952637655891924 -0.733280184955238 -0.668541136159906 -0.6041263268807412 -0.5404950093227244 -0.4764539496232348 -0.4098047531840247 -0.3347172194715795 -0.2545003956170499 -0.15760421144032855 -0.06258332297980512 -0.005434674319606274 -0.005564982722429199 -0.03806206295493468 -0.09539024394418369 -0.15866612829469617 -0.21739821831547404 -0.25615714247522386 -0.26896130729372714 -0.25692361210344467 -0.22310131526695562 -0.17290039270667154 -0.11591056032472365 -0.06038376883926839 -0.01370437817928132 0.01853989494061589 0.03430318820698235 0.03443194327974802 0.022818536873709515 0.005111220200737798 -0.012206657240222766 -0.024682103677067174 -0.0232691490380582 -0.013403634948195126 -0.004456807870871467 0.004040203364662297 0.05707369467251698 0.1573633882560861 0.264502916565503 0.352406588904673 0.44084684511942784 0.5213759967137244 0.5985201531201639 0.6679016801466023 0.7249123792278714 0.7660260836811221 0.7860604024637355 0.7818197440900987 0.7523303275962115 0.6985171866973086 0.623791781325757 0.5332290420857357 0.4326425815401129 0.32928246509040743 0.22639254970111236 0.12593777254992655 0.0460476960575353 0.004405890501059789 0.006046098847832051 0.0769367429056488 0.2082175180709296 0.3564941784058664 0.4907677777868851 0.6081216517577736 0.70805969799341 0.7834621339422435 0.8355986720555523 0.8629779269809648 0.8651211201904342 0.8440348476732887 0.8017898646915748 0.7414436773430172 0.6672290819142038 0.5836527230183673 0.49499247281393904 0.40440454202470016 0.313243305616648 0.22567709437734107 0.1325832690648784 0.04839885778271054 0.0032523025557701663 -0.0005838741211836427 0.009791204931644362 0.03126824385756336 0.06347221029978561 0.09863352215993505 0.12602695716332069 0.143299421630298 0.14854261889054154 0.13943048966104846 0.11859560493056368 0.08874629160546489 0.05314131869741273 0.016260425203016956 -0.017477508652064364 -0.044507976788900186 -0.06209320709146481 -0.06857915488064048 -0.06405818815361591 -0.05168453233499452 -0.03245778623662728 -0.017372248601056902 -0.006098647417210091 0.0001523533550408487 -0.008004622455269731 -0.06912319088321221 -0.17628943176946285 -0.290278242851924 -0.38384698407779533 -0.4722249101003225 -0.5493594927303848 -0.616765317056747 -0.6728132298915087 -0.7170426270139973 -0.7473366957633237 -0.7616888258585391 -0.7587051581869496 -0.7374808215444112 -0.6974789442311773 -0.6393488322514501 -0.5647667981560051 -0.4756676725382784 -0.3756123591844236 -0.26784941413011015 -0.1552325309358434 -0.05888857188094284 -0.005973974113185885 -0.008819621186803007 -0.07981233281280803 -0.20748611633941993 -0.3515191289041695 -0.4836081874933349 -0.5980354085567833 -0.6925658496533033 -0.762675450390368 -0.808028332131571 -0.828338424299642 -0.8253160446118452 -0.8013326543462588 -0.759363975546617 -0.7029320710007012 -0.6359275729370203 -0.5617557040448937 -0.483174397863177 -0.4020259041015114 -0.31842062585315495 -0.23427912373209345 -0.1396409741463718 -0.052335823834816525 -0.0043456139195043 -0.0020434058667869143 -0.01795718732420596 -0.044190532448062016 -0.07785435493454478 -0.11511801872935742 -0.1410002155514097 -0.15369574703823521 -0.15003393624254252 -0.1297749870089655 -0.0953355935781821 -0.05043332151436367 -5.6169360171453064e-11 0.050433321387002385 0.09533559348892368 0.12977498694287995 0.1500339361851684 0.15369574702513042 0.1410002155821718 0.11511801877627588 0.07785435499741129 0.04419053253772199 0.017957187369234063 0.0020434058618437334 0.004345613940895703 0.052335823875265565 0.13964097424037986 0.2342791239355783 0.31842062601898335 0.4020259041988531 0.48317439789806027 0.5617557040469874 0.6359275728878946 0.7029320708869546 0.7593639754529095 0.801332654282665 0.8253160445938758 0.8283384243013407 0.8080283321114846 0.7626754504061236 0.6925658496761191 0.5980354085451047 0.4836081874794277 0.35151912891197074 0.2074861163242176 0.07981233282050675 0.008819621195634187 0.005973974099495617 0.0588885719327711 0.15523253110609464 0.2678494143149674 0.3756123593811975 0.4756676726921037 0.5647667982480277 0.6393488322506171 0.6974789441791174 0.7374808214967525 0.7587051580895379 0.7616888257948464 0.7473366957987406 0.7170426270607734 0.6728132300102877 0.6167653171462364 0.5493594928200605 0.47222491018237817 0.3838469841123645 0.2902782428204468 0.17628943176653014 0.06912319089367257 0.008004622450240037 -0.00015235332107251334 0.006098647507482283 0.017372248691874145 0.03245778641219694 0.05168453252332792 0.06405818828759328 0.0685791549407695 0.06209320712184123 0.04450797671038438 0.0174775084730169 -0.016260425327075397 -0.05314131879178273 -0.08874629169448313 -0.11859560489094706 -0.13943048962426835 -0.1485426188012359 -0.14329942153949665 -0.12602695708105652 -0.09863352209615286 -0.06347221023838114 -0.03126824383849335 -0.009791204933290422 0.0005838741229262462 -0.003252302578866867 -0.04839885778860919 -0.13258326898164458 -0.2256770943611904 -0.3132433055957153 -0.40440454193867587 -0.4949924727477517 -0.5836527230265639 -0.6672290819057846 -0.7414436773203489 -0.8017898647580649 -0.8440348477731976 -0.8651211202726984 -0.8629779270919254 -0.8355986720681979 -0.7834621339217553 -0.7080596979460216 -0.6081216517265009 -0.49076777779495995 -0.35649417845160036 -0.20821751810320382 -0.07693674291983832 -0.006046098850719327 -0.004405890481893739 -0.0460476960879771 -0.12593777268589476 -0.2263925497914398 -0.3292824651596833 -0.432642581614245 -0.5332290420745338 -0.6237917812739894 -0.6985171866534899 -0.7523303275305265 -0.7818197440076815 -0.7860604024442146 -0.7660260837180894 -0.7249123792858774 -0.6679016802477405 -0.5985201531936761 -0.5213759967904376 -0.4408468451561243 -0.3524065888813097 -0.26450291655700653 -0.15736338827360682 -0.057073694680311975 -0.004040203358109707 0.004456807839061693 0.013403634873646129 0.023269148900106156 0.024682103465912954 0.012206657051664427 -0.0051112203193282935 -0.02281853694794375 -0.03443194323759336 -0.03430318806399419 -0.018539894800240517 0.013704378339541735 0.06038376899972257 0.1159105603959682 0.17290039269953913 0.22310131520413684 0.2569236119631174 0.2689613071731574 0.25615714236329906 0.21739821817156188 0.1586661282379649 0.09539024393926637 0.03806206293275318 0.005564982708145739 0.005434674333829769 0.0625833229746479 0.15760421136728467 0.2545003954833371 0.3347172193064069 0.4098047530615987 0.4764539495935527 0.5404950093788765 0.6041263270045122 0.6685411363817899 0.7332801851575275 0.7952637657767373 0.849905871366472 0.8901879735405134 0.9083630080549476 0.8980667312927832 0.8521745560500188 0.767371628718899 0.6459356286346696 0.48666403689458276 0.29526618115820213 0.12134519383126272 0.0143545582258308 0.008889325050885511 0.047755245686880526 0.12580664088084034 0.21685459326808157 0.29826067829745473 0.36904376619494456 0.435302869057095 0.49192363080566515 0.540815678749723 0.580925028483522 0.6122703360810139 0.6347974310830324 0.6476692405171209 0.650458458132533 0.6417548492955436 0.6192360897449131 0.5817378827849994 0.5261986653426233 0.44900071204344005 0.3558143518800471 0.22513183426093678 0.08210548183020823 0.011239791738059843 -0.002806409462826781 0.01115356672952566 0.002674680183853659 -0.015558434714048022 -0.021246554771704552 -0.024940349839831302 -0.031124861478366773 -0.03992151089385892 -0.056904009245838626 -0.08128508209866164 -0.1130657846534123 -0.14924680817851438 -0.1851887649542034 -0.21589569880728435 -0.2358131035001206 -0.24030439173804574 -0.22693196378479208 -0.19508111805654066 -0.14849454081067293 -0.08725280582609585 -0.026458875909834367 0.021614928871760353 0.002142572804127717 -0.0031967278360915336 -0.0632232201260514 -0.160138000839109 -0.25428152858148145 -0.34620089802258613 -0.4344595271925474 -0.5191223184984998 -0.6030309563758041 -0.6847188431560638 -0.7647033376583896 -0.8400961846127819 -0.9070377984401212 -0.9603068926231058 -0.9934628825449718 -1.0 -0.9750329337032881 -0.9145761908171907 -0.8176175033117739 -0.6867312739451877 -0.5290896773330258 -0.34065034715911174 -0.1619252577566658 -0.016682534050200638 -0.026667735588941113 -0.06018398008516774 -0.10763100405121744 -0.15585995327223315 -0.2069401368500145 -0.25550707364485026 -0.30340933517073493 -0.3483219522110444 -0.39084413905868065 -0.4293837223679275 -0.4631872170762489 -0.4902823775578885 -0.5089963653569481 -0.5165732092729924 -0.5118879473760464 -0.49166210437197294 -0.4571059346635857 -0.4054131593905144 -0.3412295002989222 -0.2631832840237181 -0.18161562271568907 -0.09154323258611964 -0.041027811554517124
</DataArray>
        <DataArray type="Float64" Name="Mode_17_phi2" NumberOfComponents="1" format="ascii">
 7.595565573664242e-6 4.653546206832113e-6 -7.595565568077582e-6 -4.653546200781559e-6 3.3698983549744465e-5 -3.084988810101233e-5 4.346205177327836e-5 -1.8118202898832452e-5 1.5821668491563195e-5 -2.056808680034129e-5 1.7673686591932943e-6 -4.066091248020434e-6 1.098240829464311e-5 2.3232504161490655e-6 -7.688041975463082e-7 -7.430095123726896e-6 -3.239968655066831e-6 1.0246783784980736e-6 5.464056500179172e-6 1.8020058764790494e-6 -1.3468895186915038e-6 -7.042782581584252e-6 1.2637619870140498e-7 -1.0523807001576173e-6 1.1612763618512232e-5 -6.383541863524515e-6 1.662020677659318e-5 3.1645966173352464e-5 -2.229961844908971e-5 1.525698656148983e-5 -9.624558838168635e-6 7.5461944566233265e-6 -5.519544768906654e-6 4.347953433633983e-6 -3.0013421336635997e-6 2.346306708986336e-6 -1.1142885343865793e-6 9.298235155137663e-7 4.7125920919991067e-7 -6.004779406122633e-7 2.3692098068681536e-6 -3.233645666913888e-6 5.417412158698449e-6 -7.753711079355744e-6 1.0218861489717892e-5 -1.4492177338104884e-5 1.639337905179818e-5 -2.306434135722831e-5 2.90726024654214e-5 -4.6480268474379456e-5 -3.3698983557454145e-5 3.0849888109964336e-5 -4.346205179060496e-5 1.8118202933185066e-5 -1.5821668526252833e-5 2.056808683342223e-5 -1.7673686979794639e-6 4.066091281430022e-6 -1.0982408325298318e-5 -2.32325038840213e-6 7.688041674886952e-7 7.430095142359847e-6 3.2399686456083966e-6 -1.0246783702771593e-6 -5.464056527602896e-6 -1.802005825526023e-6 1.346889484371737e-6 7.042782611356256e-6 -1.2637623641491697e-7 1.0523807484870964e-6 -1.1612763672708661e-5 6.383541901238795e-6 -1.662020679271539e-5 -3.16459661569747e-5 2.229961841636945e-5 -1.5256986522151761e-5 9.624558794654462e-6 -7.546194406018767e-6 5.519544718620224e-6 -4.347953397286395e-6 3.001342113496708e-6 -2.3463066912638085e-6 1.1142885081507353e-6 -9.298234890654795e-7 -4.7125922540182067e-7 6.004779470548131e-7 -2.36920980871951e-6 3.2336456678641295e-6 -5.417412158778556e-6 7.753711074138063e-6 -1.0218861475517613e-5 1.4492177319167273e-5 -1.639337904715022e-5 2.3064341366775977e-5 -2.9072602473049265e-5 4.648026847728264e-5 0.04067125993399179 0.036511176607031286 0.045302710255438215 0.03729448318594246 0.03805058378750116 0.027389332503249375 0.022796016034220344 0.012868991657741401 0.0066579275927190085 -0.0010718010806917912 -0.006603553038017289 -0.011633512345528903 -0.0155952166942556 -0.018219742910033965 -0.021025448793955296 -0.021870604092913342 -0.024421057731539922 -0.023847025740180744 -0.026651899997812385 -0.02416173876824993 -0.02652885287546855 -0.01890329236644949 -0.02474594331969486 0.05945649254418615 0.18858731584202124 0.19379115292235438 0.16279416466553887 0.15020585899077174 0.11543512460197224 0.08313755510140829 0.048080937497663886 0.015802845149244366 -0.013292072585444584 -0.036600420262919355 -0.05502647271203256 -0.06767073535128185 -0.07618961493716384 -0.08200185999365645 -0.08523299579430764 -0.08930359365325563 -0.09187768569612315 -0.09481572523213884 -0.10078255546906455 -0.09530076036165393 -0.0967307937453232 -0.03623189277236484 0.09014920528714102 0.2703289095734171 0.3262318127926776 0.281778265476173 0.24785152600543514 0.19479991321625237 0.13341172853534547 0.07198451741465452 0.013483025368342692 -0.03655326476846303 -0.07624642484991188 -0.1039959682058359 -0.12114013596894678 -0.12969984770261478 -0.13244506775953194 -0.1333437920052657 -0.1336416494059567 -0.13755741371818433 -0.14136841683851295 -0.14936941226062286 -0.15751860055002948 -0.14037097951889108 -0.04326084918215295 0.07003045614961269 0.2275570467087912 0.2688466130141228 0.2694692918767916 0.2286847233729413 0.18280254440107727 0.12186973715679804 0.05893690573550712 -0.0008369883426213048 -0.051688845315593236 -0.08973192852634973 -0.11417792237931405 -0.12524936088431837 -0.12629160587419372 -0.12081539746218452 -0.11322496153325862 -0.10686603440598572 -0.10441622506167728 -0.10780894138974209 -0.10864231094334137 -0.12548892083367758 -0.10123424770184063 -0.03336889980328665 0.04958372411331037 0.08754567921158118 0.0879550954748948 0.12986273655813538 0.11511005545051729 0.0969983930319752 0.06675621267433197 0.030025069403165794 -0.005858631894269183 -0.03777210056760499 -0.061488277041828895 -0.07529617703343613 -0.07978245562358635 -0.07580504270635706 -0.06676579121082396 -0.055064279864472834 -0.044261343267599666 -0.03474226396273962 -0.03133585647126291 -0.02372591728840384 -0.02290550764054347 -0.02863804747370712 -0.019011265474800865 0.02189428470244193 -0.01188833206672615 -0.04597138500938966 0.008796581867639632 0.01994419786449086 0.032385606806711605 0.034003155666752015 0.029436990759323784 0.018702487989796273 0.006091389294761532 -0.007417726979772648 -0.01888837572811673 -0.026993196152694333 -0.03117697964739771 -0.03087963276169314 -0.027005952769864533 -0.01984140710886185 -0.010157768373471626 0.0019218334345374836 0.01053604507892572 0.03967930433901378 0.01732603070403763 -0.008859761181499374 0.021517903276152113 -0.0005752300756104696 -0.010763604533261263 0.016159274894428255 0.04209071672743668 0.060469411386123925 0.07455322416958865 0.07847293658986937 0.07379847450022041 0.05924694277021481 0.03810156750581223 0.011996452814804699 -0.01507125692057769 -0.04003640316208576 -0.059905959359490626 -0.07236788304671665 -0.07639376690463355 -0.07171480193223946 -0.05713785956946531 -0.04475826632767213 -0.004777273790096523 -0.008803526413517296 -0.012016092243742947 0.0315122748578617 0.09639176468367211 0.12980618404124017 0.12865084582553163 0.15147535769127063 0.15651928134912335 0.15803314306980656 0.14777489406498254 0.1254592648135859 0.09197192508553374 0.04863811411676156 -3.30089256357514e-5 -0.04988500532326011 -0.0955749248990615 -0.1327956172038179 -0.1580873922943252 -0.1700254029534864 -0.16913659261885222 -0.1543724213819088 -0.13780666035191833 -0.1044244283288093 -0.0749353853667023 -0.020452369713940696 0.04201169997220981 0.15963687190817255 0.22106576279018078 0.21891571318898215 0.22868754800442642 0.224041921542299 0.20671740688279702 0.17856663821245874 0.13735843096636624 0.08562378188517207 0.026609113257704937 -0.035291162380788395 -0.09441792415133858 -0.14556411164740907 -0.18426163575378585 -0.20783204550709142 -0.21547043599251203 -0.20969228472844698 -0.1928959168728316 -0.16736021926121575 -0.1527251490854418 -0.10200106878263818 -0.02345791781861669 0.03388346200128177 0.12256924617256751 0.16800967590116436 0.19251474955704023 0.19668539895799744 0.19469435891906436 0.1768728770731015 0.14614281790665973 0.10444251100207903 0.053642835360130495 -0.0017471366147263346 -0.056921864051325585 -0.10650899905128704 -0.1457121433458942 -0.17079930289273304 -0.18032694048960848 -0.17466805321906537 -0.1566293839833337 -0.1334304465582475 -0.10065062461683402 -0.09048692046444054 -0.05774050022908119 -0.01520583371222752 0.01602929566809893 0.022530366764173276 0.027512827374854495 0.07625721280000992 0.08815843358730277 0.10084935389033577 0.09965956442302668 0.08678276100470098 0.06294538573287202 0.030948771059706833 -0.005867766089831315 -0.042805334909531756 -0.07531091791073985 -0.09884081207263437 -0.11041075179842126 -0.10828544023086045 -0.09356558736215688 -0.06778858030835798 -0.038338180789097884 -0.004349401547661298 0.020229464865382258 0.017767754914339243 -0.004036962680526808 0.002270126598952006 -0.04228900942511643 -0.06093290542877785 -0.014973510845172094 0.01103692412689435 0.03755814779434067 0.05597236150863758 0.06399243437018123 0.060800638325068705 0.04723637272432019 0.025739446864418536 1.4966389266932354e-11 -0.025739446854750835 -0.047236372618467685 -0.060800638296128307 -0.06399243431525288 -0.0559723615076029 -0.037558147766082337 -0.011036924112532034 0.014973510798428935 0.060932905307491965 0.042289009344735576 -0.0022701266058735964 0.004036962684237788 -0.017767754949149974 -0.020229464921216148 0.004349401514200568 0.038338180732502176 0.06778858032125513 0.09356558729327488 0.10828544025140238 0.11041075182105498 0.09884081209711273 0.07531091796923331 0.042805334943551945 0.005867766149167245 -0.030948770977130252 -0.06294538565571885 -0.0867827609593174 -0.09965956437000537 -0.1008493538864099 -0.08815843354478652 -0.0762572128290127 -0.027512827504768116 -0.022530366859628902 -0.016029295699117537 0.01520583372953864 0.05774050026064683 0.09048692050160906 0.10065062461890575 0.1334304464496358 0.15662938391621176 0.1746680531185001 0.18032694041815808 0.1707993028881547 0.14571214334088295 0.10650899912559729 0.056921864121596055 0.001747136759444268 -0.053642835292926315 -0.10444251089679363 -0.14614281784909586 -0.17687287704306207 -0.19469435893569065 -0.1966853989390468 -0.19251474961306936 -0.16800967600252437 -0.12256924627082118 -0.03388346202878132 0.023457917854001316 0.1020010689114672 0.1527251491636479 0.16736021929481548 0.19289591677636078 0.20969228455110728 0.21547043584270514 0.20783204537113603 0.18426163565888054 0.14556411163982505 0.09441792420315995 0.0352911625668436 -0.02660911313267394 -0.08562378167678864 -0.13735843090347227 -0.17856663812576143 -0.20671740685455187 -0.22404192158776673 -0.22868754802113095 -0.2189157132709182 -0.2210657628737256 -0.15963687202109703 -0.04201170001139456 0.020452369783436678 0.07493538550216632 0.1044244284961906 0.1378066603356276 0.15437242132496884 0.1691365924306485 0.17002540273180064 0.1580873921202306 0.13279561704671194 0.095574924863683 0.04988500539915819 3.300904153874193e-5 -0.04863811386835864 -0.09197192491566224 -0.12545926462520499 -0.1477748939953045 -0.1580331430240304 -0.1565192814117635 -0.1514753577598369 -0.12865084591217124 -0.129806184146156 -0.09639176478161378 -0.03151227488604003 0.0120160922908456 0.008803526568629946 0.00477727389218024 0.04475826636016174 0.05713785950699875 0.0717148017972558 0.07639376668949502 0.07236788284010691 0.05990595925520623 0.04003640310422907 0.015071256941742802 -0.011996452707910046 -0.03810156732336749 -0.0592469425499536 -0.07379847432164775 -0.07847293645112072 -0.07455322415672981 -0.060469411409553635 -0.042090716803537265 -0.016159275008071943 0.010763604435447677 0.0005752299954365954 -0.021517903314861465 0.00885976122305132 -0.01732603063876045 -0.03967930429923702 -0.010536045022350546 -0.0019218334846430561 0.010157768298028572 0.0198414069664086 0.02700595264154645 0.030879632659221314 0.031176979627596694 0.02699319615475807 0.01888837578832059 0.007417727082475614 -0.0060913891162232905 -0.01870248785287726 -0.029436990645308168 -0.03400315560250246 -0.03238560682622562 -0.019944197918465252 -0.008796581954581831 0.04597138493112368 0.011888331974359996 -0.02189428471962365 0.01901126549630288 0.02863804749771753 0.022905507585304137 0.023725917304861194 0.03133585646421098 0.03474226394273314 0.04426134321140426 0.055064279861340236 0.06676579115478866 0.07580504271623129 0.07978245563237205 0.07529617704588823 0.061488277094803256 0.03777210062509921 0.005858631986698039 -0.030025069339660457 -0.06675621262116041 -0.09699839304212654 -0.115110055480367 -0.12986273658403394 -0.08795509556727553 -0.0875456792572836 -0.049583724129063284 0.03336889982936924 0.10123424767760644 0.1254889207662962 0.10864231091894314 0.10780894139738775 0.1044162250858177 0.1068660344510277 0.11322496153858659 0.12081539752409594 0.12629160587004465 0.12524936091360614 0.1141779223865236 0.08973192851239838 0.05168884530905768 0.000836988345404199 -0.05893690572034361 -0.12186973714084247 -0.1828025443761872 -0.22868472340152418 -0.26946929189674956 -0.2688466130543575 -0.22755704673814067 -0.07003045613857554 0.0432608491771972 0.14037097949321403 0.157518600496096 0.14936941226391778 0.141368416844135 0.13755741376159192 0.13364164944349652 0.13334379204809596 0.13244506778754225 0.12969984775360197 0.12114013597033912 0.10399596820085533 0.07624642483582585 0.03655326474698187 -0.013483025422701593 -0.07198451743237863 -0.1334117285387636 -0.1947999132195697 -0.2478515259990971 -0.28177826550919155 -0.32623181283124836 -0.2703289095520955 -0.09014920528093692 0.036231892785224325 0.0967307937219977 0.09530076035030081 0.10078255548194241 0.09481572523890895 0.09187768571717757 0.08930359366877436 0.0852329958153707 0.08200186002947496 0.0761896149370013 0.0676707353532013 0.055026472725840866 0.036600420258163284 0.013292072575739292 -0.01580284519303879 -0.04808093753326171 -0.08313755510471207 -0.11543512459808936 -0.15020585900506642 -0.1627941646890768 -0.19379115291157212 -0.18858731583048094 -0.05945649253887959 0.02474594332222484 0.018903292357886195 0.026528852883814735 0.024161738763995588 0.026651900008982033 0.023847025728484395 0.024421057738390924 0.021870604092173458 0.021025448792569203 0.0182197429013968 0.015595216700766612 0.011633512343487605 0.006603553036989802 0.0010718010784196744 -0.0066579275969558555 -0.012868991664649764 -0.022796016041798216 -0.027389332509694622 -0.03805058380468432 -0.03729448319056857 -0.04530271025094193 -0.036511176607598145 -0.04067125993385843
</DataArray>
        <DataArray type="Float64" Name="Mode_18_w" NumberOfComponents="1" format="ascii">
 1.608408861096802e-7 -2.308800012785312e-6 -1.608408863293624e-7 2.3088000103678093e-6 1.6190271509363032e-9 3.400330748073756e-7 -5.870652747369694e-7 -5.686366408158869e-7 -7.844283034201279e-7 -7.844283034201279e-7 -2.2182610650040153e-7 -2.03867043220132e-7 -1.0308611837154639e-7 -6.050671674602255e-7 -3.3513216416883243e-7 7.103313457786504e-7 1.6216371039770505e-6 1.2133143281967532e-6 2.956093836050454e-7 1.8316483416585026e-7 -1.5983149612344595e-8 -1.5983149612344595e-8 2.4575059857590624e-6 1.1852888785386132e-6 4.986964951577589e-6 3.8926978922862925e-7 9.877482830554589e-7 4.895221146856431e-7 -1.9605247853325758e-6 1.2624804630152588e-6 -2.687712230579447e-6 -7.053214647837884e-7 -7.053214647837884e-7 -2.0498783572706946e-6 -6.781954830103768e-7 -2.1330486219774762e-7 3.6065628813595856e-7 7.284246285287602e-7 8.616683682615496e-7 9.963698654111963e-7 7.947765385854662e-7 7.520155079665007e-7 4.041748549358761e-7 3.2673721650328547e-7 3.2673721650328547e-7 -1.988424842521359e-7 -3.185988770138922e-7 -1.4965002385151693e-7 -1.0466667489316455e-7 1.3966317164256407e-7 -1.6190271716742102e-9 -3.4003307376367425e-7 5.870652750361419e-7 5.68636641421271e-7 7.844283007980674e-7 7.844283007980674e-7 2.2182610930604692e-7 2.0386704212907718e-7 1.0308611703476094e-7 6.05067169481391e-7 3.351321635643404e-7 -7.103313441410247e-7 -1.6216371048303974e-6 -1.213314326198003e-6 -2.9560938890140403e-7 -1.8316483299283512e-7 1.598314850075788e-8 1.598314850075788e-8 -2.457505984266515e-6 -1.185288876853365e-6 -4.98696495252399e-6 -3.892697891874637e-7 -9.877482830823727e-7 -4.895221131341103e-7 1.960524783150936e-6 -1.2624804602540828e-6 2.6877122281148645e-6 7.053214651362262e-7 7.053214651362262e-7 2.049878358037619e-6 6.781954829259903e-7 2.13304862062481e-7 -3.6065628880670723e-7 -7.28424627404434e-7 -8.616683713670972e-7 -9.963698624713193e-7 -7.947765408787936e-7 -7.520155054125678e-7 -4.0417485716157025e-7 -3.2673721422764194e-7 -3.2673721422764194e-7 1.9884248297295898e-7 3.1859887689088025e-7 1.4965002483716377e-7 1.0466667500314623e-7 -1.396631718893636e-7 7.131676899054434e-5 0.0003095129356819781 0.0006413397120022058 0.0009537155456890616 0.0012920954447091626 0.0015219244993100556 0.0015219244993100556 0.001623158159283446 0.001477067507833344 0.001056189427072319 0.00033313277009788616 -0.0006576072573564209 -0.001780674855081216 -0.002947439240032521 -0.0038964511756674706 -0.004590316205457304 -0.004745475326673081 -0.004541586336032982 -0.004541586336032982 -0.003719593821133174 -0.0028797634518442504 -0.0018673739463626355 -0.0006155229965547126 -3.1801920906267675e-5 0.0007146267155693924 0.0027093839146107215 0.0048891111600786 0.008043949135878617 0.011481564968398002 0.011481564968398002 0.014430436328810805 0.015831245033704814 0.01467035782634977 0.010341142362973711 0.0026666359302126375 -0.007553505998479011 -0.019132727127067036 -0.029981613314310332 -0.03842327420577132 -0.042410301527753776 -0.04136584991791288 -0.04136584991791288 -0.03489839786640164 -0.024221372841397817 -0.013654882454171475 -0.0020386063096053254 -0.0004075398296175007 -0.0022513137841244967 -0.0025970432126465473 0.0004573956013669239 0.007230247116792758 0.01751115571913988 0.01751115571913988 0.02896636669948914 0.038661491358305294 0.043278305996675114 0.04005941689467335 0.027596550605040633 0.00648366481711453 -0.02047425880295117 -0.04876769506400923 -0.0728776359340769 -0.08781338920593644 -0.08955817148369663 -0.08955817148369663 -0.07766430213810988 -0.05333770281055189 -0.02426362630277216 -0.003133164702441664 -0.0005415143230823709 -0.004556012457070864 -0.009383785533785462 -0.008837688894749876 -0.0022611462166845855 0.010216471062743464 0.010216471062743464 0.026477288684316414 0.042523376895949934 0.053915932876156335 0.056479650127376504 0.04743588233188278 0.02646488593873643 -0.0037818459692115463 -0.03819192448100669 -0.06997049229979796 -0.09221751697055186 -0.09221751697055186 -0.09951206154334552 -0.08952534406204596 -0.06484979090271904 -0.029955989840382276 -0.0037096175168649503 -0.00040761990041319525 -0.004224148034884871 -0.009661319877488915 -0.011268355828126287 -0.007426852095193867 0.001787841920044659 0.001787841920044659 0.014832301911121653 0.028827334414127357 0.04001468704769547 0.044941532220267436 0.04116539293305568 0.02792769585102647 0.006840138432965623 -0.01840160200783879 -0.04287234557343681 -0.061156349423577255 -0.061156349423577255 -0.06891568363360645 -0.06398912816165397 -0.048138520346994715 -0.024724022495385953 -0.0036316621505031806 -0.00040761990041319525 -0.004224148034884871 -0.009661319877488915 -0.011268355828126287 -0.007426852095193867 0.004233066163238628 0.001787841920044659 0.014832301911121653 0.028827334414127357 0.04001468704769547 0.044941532220267436 0.015399857929441223 0.004942445414144555 -0.008046857681731965 -0.02128805905971221 -0.03227206129739399 -0.061156349423577255 -0.06891568363360645 -0.039893868807254686 -0.03483468886875708 -0.025739705824006094 -0.01575831313296771 -0.0027758474926338856 1.116373698429589e-5 -0.0003139896624597453 -0.00047253658006464174 0.0006728371469154811 0.004233066163238628 0.009770627954893116 0.009770627954893116 0.01604701976935978 0.021237789605362795 0.023648559131648424 0.02185448923450497 0.015399857929441223 0.004942445414144555 -0.008046857681731965 -0.02128805905971221 -0.03227206129739399 -0.038937117019176695 -0.039893868807254686 -0.039893868807254686 -0.03483468886875708 -0.025739705824006094 -0.01575831313296771 -0.0027758474926338856 0.0003406124537989696 0.003828705321458895 0.010508094462278723 0.01786794999213978 0.025955981452394274 0.033057339484057535 0.033057339484057535 0.037236730343490954 0.03653293991953997 0.02976486267641628 0.017183711573913924 0.00018458192475703274 -0.018537928897929268 -0.03566800626739911 -0.04840935879039175 -0.05473529808343038 -0.053844833315301203 -0.04676680505720675 -0.04676680505720675 -0.03539599800645042 -0.022265104733138377 -0.013350619773977893 -0.0023241636305738485 0.0004541975623468646 0.004792129184945436 0.012757806949744972 0.023942045918351938 0.036816239287220005 0.04934105283997146 0.04934105283997146 0.05811654611319631 0.060153361716043366 0.053189858238833584 0.03665328591458237 0.012251578966318922 -0.01659445898447497 -0.04507421287926298 -0.06818988671548522 -0.08222121283893616 -0.0850002320754897 -0.07663228335426767 -0.07663228335426767 -0.05983630611203973 -0.03800644391487965 -0.018090364162897714 -0.0024018697080769535 0.0005694457728265268 0.003661976219628308 0.00748337848212238 0.016734758354356432 0.029152442307791963 0.04335583852567602 0.04335583852567602 0.05621724189990338 0.06406814440327101 0.0639112841137976 0.053658329132887504 0.03314232299725074 0.004746293047983305 -0.02735573885820544 -0.057678516821219286 -0.0806628935269221 -0.0921695302778889 -0.09004064544342012 -0.09004064544342012 -0.07506582414529564 -0.050715420429296575 -0.022962571204532524 -0.002794603019395413 0.001118131616415775 0.005387780022973649 0.007559157221096935 0.013122903509309192 0.020410548185807204 0.028585064487710327 0.028585064487710327 0.036724575606114765 0.04302759057279846 0.0454164652323499 0.04215891068414115 0.03193968959704964 0.014778137670602086 -0.007293670160059394 -0.030984088367248107 -0.05194494529117702 -0.06574941818459347 -0.0692856024987059 -0.0692856024987059 -0.06150659253396193 -0.04427774119341648 -0.02087591915517777 -0.0027074722191589595 0.0020384922914441633 0.012820579696739467 0.023142846459994405 0.030686196901437854 0.034393519102763316 0.03341913102871727 0.03341913102871727 0.02872641166333786 0.021933055621465136 0.01444148803458509 0.007012753684989683 -4.692757409985502e-12 -0.007012753698297277 -0.014441488044096357 -0.02193305562620606 -0.028726411672972303 -0.03341913103302126 -0.03341913103302126 -0.03439351910648468 -0.030686196904203124 -0.023142846458688568 -0.012820579694521841 -0.0020384922911212623 0.00270747221972215 0.02087591915539305 0.04427774119227754 0.06150659253191474 0.06928560249294972 0.06928560249294972 0.0657494181800534 0.051944945286182986 0.030984088356205385 0.007293670157304328 -0.01477813767733563 -0.0319396896098508 -0.04215891068849281 -0.045416465242730644 -0.04302759057747255 -0.03672457560841354 -0.028585064495107684 -0.028585064495107684 -0.020410548193360325 -0.01312290351314532 -0.007559157225927555 -0.005387780022696784 -0.0011181316160954224 0.0027946030193568084 0.022962571206060618 0.05071542042736654 0.07506582413782048 0.09004064543645546 0.09004064543645546 0.09216953026613016 0.08066289351790212 0.057678516815735395 0.027355738850726195 -0.004746293044586978 -0.033142322998196354 -0.05365832913538705 -0.06391128410984596 -0.06406814440772393 -0.056217241902922044 -0.04335583853095464 -0.04335583853095464 -0.029152442316557406 -0.01673475836060337 -0.007483378486731515 -0.0036619762214773807 -0.0005694457727128297 0.0024018697084584525 0.01809036416349468 0.03800644391333079 0.0598363061058731 0.07663228334168369 0.07663228334168369 0.08500023206679798 0.08222121282996826 0.06818988671056884 0.04507421288033022 0.01659445898410416 -0.012251578958335393 -0.036653285911907384 -0.053189858236424026 -0.06015336171400822 -0.05811654611885557 -0.049341052846424545 -0.049341052846424545 -0.03681623929397026 -0.023942045929155376 -0.012757806955618204 -0.004792129188168089 -0.0004541975628200704 0.0023241636308338563 0.013350619775640777 0.02226510473206324 0.035395998005805535 0.04676680505165454 0.04676680505165454 0.05384483330568884 0.05473529807686952 0.04840935878573818 0.035668006266581814 0.018537928901348512 -0.0001845819238271232 -0.017183711568368412 -0.02976486267680172 -0.036532939919971544 -0.0372367303433995 -0.033057339489919575 -0.033057339489919575 -0.02595598145905383 -0.017867949997509798 -0.010508094468476663 -0.003828705324348347 -0.0003406124542415975 0.0027758474932633058 0.015758313136064277 0.025739705828516046 0.0348346888684688 0.039893868808557 0.038937117018410336 0.038937117018410336 0.03227206129334443 0.021288059057428324 0.008046857678736896 -0.004942445416732508 -0.015399857931182964 -0.021854489238781326 -0.02364855913239598 -0.021237789607403662 -0.016047019771012812 -0.009770627953322784 -0.009770627953322784 -0.004233066165291237 -0.0006728371488988886 0.0004725365774738147 0.0003139896592684082 -1.116373735606973e-5 0.0027758474932633058 0.015758313136064277 0.025739705828516046 0.06398912816864738 0.06891568363614302 0.06115634942702576 0.038937117018410336 0.03227206129334443 0.021288059057428324 0.008046857678736896 -0.004942445416732508 -0.015399857931182964 -0.04494153222804981 -0.0400146870548521 -0.028827334415661095 -0.014832301909952567 -0.0017878419185649043 -0.004233066165291237 0.0074268521006115185 0.011268355830248409 0.009661319879076471 0.004224148034521356 0.00040761990026019345 0.0036316621509781648 0.02472402249798708 0.04813852034947465 0.06398912816864738 0.06891568363614302 0.06891568363614302 0.06115634942702576 0.0428723455743885 0.01840160200467821 -0.0068401384377885935 -0.027927695859198878 -0.04116539294151577 -0.04494153222804981 -0.0400146870548521 -0.028827334415661095 -0.014832301909952567 -0.0017878419185649043 -0.0017878419185649043 0.0074268521006115185 0.011268355830248409 0.009661319879076471 0.004224148034521356 0.00040761990026019345 0.0037096175173216154 0.029955989842809807 0.06484979090760148 0.0895253440661302 0.09951206155016387 0.09951206155016387 0.09221751697324841 0.06997049230179528 0.03819192447926211 0.0037818459630942353 -0.026464885947509533 -0.04743588234280681 -0.05647965013649237 -0.05391593288124866 -0.04252337689802548 -0.026477288681535777 -0.010216471057212425 -0.010216471057212425 0.0022611462229218866 0.008837688902616993 0.009383785538602219 0.004556012458903194 0.0005415143230287144 0.0031331647024606915 0.02426362630550641 0.053337702814004136 0.0776643021436495 0.08955817148561916 0.08955817148561916 0.08781338920978485 0.0728776359350715 0.04876769506361887 0.020474258799793418 -0.006483664822279879 -0.02759655061061042 -0.04005941690054678 -0.04327830599847657 -0.038661491357107884 -0.028966366696077956 -0.01751115571180422 -0.01751115571180422 -0.007230247107715577 -0.0004573955957033963 0.002597043216975583 0.0022513137860533765 0.0004075398299694969 0.0020386063098661884 0.013654882454640633 0.024221372843262735 0.03489839786663126 0.04136584992007351 0.04136584992007351 0.04241030152727201 0.03842327420664737 0.029981613313869056 0.019132727126119378 0.007553505996632802 -0.002666635929880377 -0.010341142362027468 -0.01467035782476792 -0.015831245029766062 -0.01443043632424439 -0.011481564963026658 -0.011481564963026658 -0.008043949130695534 -0.0048891111550347565 -0.0027093839116871864 -0.0007146267146663555 3.180192103166415e-5 0.0006155229965298596 0.001867373946480124 0.0028797634523052193 0.0037195938213331796 0.004541586336212547 0.004541586336212547 0.004745475326860603 0.0045903162057059806 0.003896451175656386 0.0029474392400720304 0.0017806748550668419 0.0006576072576434368 -0.00033313276937138283 -0.0010561894265942 -0.001477067506745421 -0.0016231581585603788 -0.0015219244981822752 -0.0015219244981822752 -0.0012920954440465147 -0.0009537155446122705 -0.0006413397116965889 -0.00030951293519545576 -7.131676894157744e-5
</DataArray>
        <DataArray type="Float64" Name="Mode_18_phi1" NumberOfComponents="1" format="ascii">
 1.2661448251987405e-6 -1.1718932550932307e-5 1.2661448266514827e-6 -1.1718932544042865e-5 5.476718814459379e-6 5.480788632810061e-7 -7.339718289610603e-6 3.2047416387545535e-6 -4.474009768553461e-6 6.001184258916066e-6 -4.385304441120739e-8 1.7610154167591346e-6 -5.179283010613231e-6 -7.359091526224614e-7 -1.1385120040029967e-6 9.043684215065173e-6 -1.4126377566314857e-6 5.975701773095984e-6 -1.634798360672116e-5 7.921324062745137e-6 -1.4811442313824331e-5 2.890663123745632e-5 -2.0801059886172047e-5 3.290959615833968e-5 -5.3377739881625416e-5 7.288951862746835e-5 -0.00010108332866463286 -3.226730561552226e-5 2.715666243286656e-5 -1.6776020299584526e-5 3.4877477829266748e-6 -1.6550453030547272e-5 -6.594648419857322e-6 -1.3382349730546005e-5 -6.2338642514016475e-6 -6.1720102546621135e-6 -5.128004420327024e-7 1.6922825492666697e-6 5.092401472390377e-6 6.14906954721403e-6 6.999108655119952e-6 5.669186937208749e-6 5.235093041516668e-6 1.8197728694384965e-6 2.7672334156637483e-6 -2.395256854847265e-6 2.098483076803046e-6 -2.9614864314716038e-6 -1.618675150879451e-6 -2.7599135921617577e-6 5.476718792168309e-6 5.480788904732293e-7 -7.339718322496397e-6 3.2047416701674035e-6 -4.474009789169063e-6 6.001184271655692e-6 -4.385305612924193e-8 1.761015437793609e-6 -5.17928303784086e-6 -7.359091300210318e-7 -1.138512027880674e-6 9.043684240119958e-6 -1.412637785268749e-6 5.975701813707052e-6 -1.634798364704784e-5 7.921324097055373e-6 -1.4811442345669674e-5 2.8906631260079315e-5 -2.0801059903336916e-5 3.290959617261255e-5 -5.337773988971096e-5 7.288951862767817e-5 -0.00010108332865424273 -3.226730557693828e-5 2.7156662369687167e-5 -1.6776020227836977e-5 3.487747673518825e-6 -1.6550452900918648e-5 -6.594648532611455e-6 -1.3382349658909137e-5 -6.233864283150744e-6 -6.172010240241934e-6 -5.12800454884222e-7 1.6922825505876972e-6 5.092401450674494e-6 6.149069584691776e-6 6.999108604301171e-6 5.669186981369831e-6 5.235093018882203e-6 1.8197728834067233e-6 2.7672334087859894e-6 -2.3952568546458903e-6 2.098483096822571e-6 -2.961486450779634e-6 -1.6186751516695618e-6 -2.7599135832004375e-6 0.002767518614391968 0.012481119887064003 0.028408774920506145 0.049581718456728235 0.07014205888726062 0.09228680505282058 0.10965819980817312 0.11907543298598026 0.11448766413774428 0.092369338119455 0.05045985762531216 -0.009834995757289716 -0.08416474244438996 -0.1643705378187457 -0.24121197736892058 -0.3029048706930268 -0.3420126132135023 -0.3491331271198209 -0.3270613896667813 -0.27269280458072964 -0.2058824844790444 -0.12539382116462294 -0.06636011076853948 -0.003139624433569344 0.0001298306610242227 0.010702088774549518 0.037562237452383115 0.09315433022781056 0.17126033929542872 0.2649528241560997 0.3517402993608991 0.4090578027694945 0.4137769956777266 0.3480470277089138 0.20621193051630304 -0.003980049594660294 -0.2606115808331061 -0.5278575451947167 -0.7670015695162358 -0.9331553756909546 -0.9999999999353266 -0.9455680204712816 -0.7730879688763949 -0.5299906180405262 -0.24354412058276265 -0.02971494173511577 -0.009026728937530797 -0.06385638054847251 -0.12092204324120737 -0.14119960296309492 -0.09971838839678143 0.0021950940132304648 0.1540369885431634 0.3308883927830449 0.4968102247707658 0.6127422180418785 0.6452679819224235 0.5723876457782713 0.39129407930877247 0.12196743401143953 -0.19830124688677764 -0.5126261095059917 -0.7685706250151814 -0.9065157051765081 -0.9052678430448025 -0.7544045625876777 -0.46835137294019014 -0.1788108436099692 -0.03624062674900781 -0.003993923523146998 -0.04227246794943942 -0.11398484263795886 -0.17782582727253884 -0.2070364657618214 -0.20036538341999047 -0.1525838540067696 -0.06826313249410067 0.040860388509591145 0.15902354378380062 0.26699104746208474 0.3465164284724655 0.3838947662074713 0.37258213454163513 0.31539041927511696 0.22318588572901887 0.11671357349630972 0.012382557927859552 -0.06054131386729358 -0.11177369316540647 -0.10854643700525748 -0.05809226009330519 -0.004822660072260826 0.0019407229750223794 0.0036268263393909425 0.000839859519923704 -0.0223879378373691 -0.06883660969338831 -0.12866433654315199 -0.19913273418811223 -0.2647464958386857 -0.3089799966263767 -0.3170253540304977 -0.2749552072258977 -0.1767578709249323 -0.027501223018994846 0.1578164538017204 0.35507307244053654 0.5327092225103667 0.6599006680421748 0.7118565409628197 0.6728267212583888 0.5491636147633939 0.3455133314018576 0.133578265381483 0.007621755209626587 0.010785593166049875 0.07201812629388483 0.1646757935269421 0.23827783662298269 0.25540274173468974 0.2134451740226214 0.11142926016077001 -0.039724818507757456 -0.2154184808954118 -0.3811584104300207 -0.5026462066501496 -0.5477119926069911 -0.4958808197297167 -0.3477106885589963 -0.12380089503874132 0.13814226350609504 0.38592013231205324 0.5667969831170292 0.6404525791165036 0.5906903751065111 0.4032049367368716 0.1716100465946413 0.023496952857662595 0.011372384670710226 0.08560800743338651 0.21061492442014695 0.3400078829453183 0.43772358890880136 0.4876391679571819 0.4733965056501775 0.3900717574320977 0.24162569773082332 0.04552830347691242 -0.16758447420899225 -0.36489253615354095 -0.5132010899537779 -0.5855124047936269 -0.5724713284201368 -0.48279520639347806 -0.3385563508741179 -0.17542534583927408 -0.036348370984704684 0.06109678979635242 0.0816125895719026 0.04387207006078682 0.007081030989770442 0.007835795208718717 0.03572270717338824 0.08520340831663001 0.15859842594157128 0.2585446777516968 0.3604809419869576 0.4515518880589201 0.5088889444683391 0.5174665516499357 0.4643224412342491 0.34574220037482856 0.17268939913347647 -0.03641833972860189 -0.25500307260593114 -0.45024835688077625 -0.5941456120080342 -0.6684275043507973 -0.6624698708265928 -0.5817885323892835 -0.4435617237350452 -0.2645662044946718 -0.09419722013440965 -0.0030239981797287895 0.004012476330161998 -0.01884419738749975 -0.06623438595434777 -0.10099916997876375 -0.09145995511862032 -0.048676170933891386 0.03099714721990609 0.13819986190565092 0.255774677129583 0.36436358087544235 0.43894626745436605 0.45635146512079583 0.40591847608683457 0.2880490401219871 0.11709523369366875 -0.07676613507484076 -0.256618713692939 -0.38772500233029017 -0.4404402712921071 -0.4059252210710078 -0.27239155717055297 -0.11027202491373297 -0.010289205771885251 0.00889323157443729 -0.006037839618382738 -0.05615872525536475 -0.12998682958547453 -0.20685485025964873 -0.279842754597337 -0.3303908829665799 -0.33514332750003706 -0.280649179470979 -0.16715351064943584 -0.006525721187912937 0.17458530763465735 0.3411671932376794 0.4626777830519615 0.5180308779463274 0.49973567525339324 0.4187606730053548 0.30014590946246195 0.17617849764784213 0.06872256209401521 0.016587027483238367 0.006166859993963974 0.004120411598308533 0.018440730667754642 0.08407204896342681 0.15977133052761724 0.18049276662637062 0.11114464810860936 -0.027355017287053883 -0.2159978253834636 -0.41061544142997747 -0.5633531869879516 -0.6324775554276989 -0.5950653122970155 -0.4488723696024525 -0.21581117901971816 0.06288451210451046 0.3377818907009008 0.5629364501502866 0.7022113599715697 0.7374166939848467 0.673316748122197 0.5265766047369141 0.3287039521446015 0.13449259019543602 0.017602162699852167 0.02543878079097137 0.16213716549716922 0.3688253234577145 0.535430052605574 0.5850485360621186 0.5149637965061172 0.329637986359681 0.062412857344661156 -0.23569727594101575 -0.50665281314966 -0.6948563802774137 -0.7622497424830155 -0.6948563803252508 -0.5066528131662996 -0.23569727592192807 0.062412857336922485 0.32963798639686026 0.514963796476492 0.5850485360087281 0.5354300525950354 0.3688253234227563 0.16213716547458662 0.02543878079715181 0.01760216269630309 0.1344925901550213 0.3287039521031164 0.526576604709286 0.673316748042992 0.737416693954147 0.7022113599798563 0.5629364500735125 0.3377818907457512 0.06288451219152456 -0.21581117892462154 -0.4488723694781831 -0.595065312140312 -0.6324775553510368 -0.5633531868900586 -0.4106154413540753 -0.2159978253760146 -0.027355017342807406 0.11114464807371488 0.18049276654090854 0.15977133045663544 0.08407204892479156 0.01844073065988575 0.004120411582212716 0.006166860025007849 0.016587027476750234 0.06872256201771258 0.17617849760977472 0.3001459093182417 0.4187606728925405 0.4997356753083825 0.5180308779248353 0.4626777831138653 0.34116719341834795 0.17458530782363862 -0.006525721042241204 -0.16715351043930973 -0.2806491794105828 -0.3351433274938591 -0.3303908829760877 -0.27984275458436686 -0.20685485027973716 -0.1299868296206965 -0.05615872526683605 -0.006037839648104005 0.008893231569080387 -0.01028920576571041 -0.11027202493550572 -0.27239155716420793 -0.4059252210418491 -0.440440271336254 -0.3877250022856659 -0.2566187136373528 -0.0767661350911087 0.11709523381522828 0.28804904016643057 0.40591847609703885 0.45635146522393377 0.43894626752152843 0.3643635808699128 0.2557746771815738 0.13819986190448663 0.030997147208037513 -0.04867617091722747 -0.09145995516334303 -0.10099917001430532 -0.06623438598995353 -0.018844197408275778 0.004012476315491302 -0.003023998181638811 -0.09419722011694757 -0.26456620447246026 -0.4435617236303682 -0.5817885322391831 -0.6624698707646698 -0.6684275043304361 -0.594145611962393 -0.450248356920066 -0.2550030725913475 -0.036418339742223076 0.1726893990414282 0.3457422003566588 0.4643224411844791 0.5174665515991881 0.5088889445345199 0.4515518881158897 0.36048094200410036 0.2585446778411463 0.15859842601698795 0.08520340834153056 0.03572270718156132 0.007835795209848938 0.007081031001148523 0.04387207010318246 0.08161258966786812 0.061096789832374925 -0.036348370901846325 -0.17542534565785922 -0.33855635073286633 -0.48279520632972617 -0.5724713283873595 -0.5855124048658257 -0.5132010900645126 -0.3648925362605499 -0.1675844743735831 0.04552830340903881 0.24162569770991688 0.39007175738624655 0.4733965057350355 0.48763916809576563 0.43772358900023384 0.34000788302561913 0.21061492446872296 0.08560800743630224 0.01137238467147235 0.02349695285624522 0.17161004657768 0.40320493669914564 0.5906903751912347 0.6404525792244606 0.5667969831615731 0.3859201324136804 0.13814226356572104 -0.12380089506210579 -0.34771068862615345 -0.49588081984479393 -0.5477119927472099 -0.5026462067549854 -0.38115841053971955 -0.21541848094115448 -0.03972481845262867 0.11142926019173936 0.2134451740959734 0.2554027418701126 0.2382778367096637 0.16467579361531706 0.07201812634957963 0.010785593168979297 0.00762175520895185 0.13357826537851145 0.3455133314378901 0.5491636147651453 0.6728267212587065 0.7118565410331703 0.6599006680384207 0.5327092225317028 0.35507307244918557 0.1578164537723206 -0.02750122306603023 -0.176757870975745 -0.27495520726280137 -0.31702535401876264 -0.30897999660386555 -0.2647464958268014 -0.19913273413112464 -0.1286643364730487 -0.06883660963563575 -0.022387937713257703 0.0008398595917769116 0.0036268263813095023 0.0019407229741168707 -0.004822660082497854 -0.05809226008746115 -0.10854643700460057 -0.11177369317157815 -0.06054131386232469 0.01238255785589584 0.11671357352394829 0.22318588572985432 0.3153904193059616 0.37258213460375117 0.3838947662869067 0.34651642855522696 0.26699104753404707 0.15902354384875356 0.040860388561490435 -0.0682631324523742 -0.15258385397142424 -0.20036538337047108 -0.20703646570891018 -0.17782582731183302 -0.11398484264347451 -0.04227246794180113 -0.0039939235149604 -0.036240626756511185 -0.1788108436302096 -0.4683513730005904 -0.7544045626397687 -0.9052678431562905 -0.9065157051772491 -0.7685706250986492 -0.5126261095084854 -0.19830124686464518 0.1219674340609319 0.3912940793972749 0.57238764591467 0.645267982068855 0.6127422181565292 0.4968102248509566 0.3308883928319464 0.15403698855867576 0.002195093985985816 -0.09971838846654807 -0.14119960296916145 -0.12092204325883663 -0.06385638056906234 -0.00902672894630738 -0.029714941746044544 -0.2435441206036181 -0.5299906180608219 -0.7730879689363709 -0.9455680204561507 -1.0 -0.9331553756712616 -0.7670015695256905 -0.5278575451761496 -0.2606115807959723 -0.003980049533281653 0.20621193056257459 0.3480470277477071 0.4137769956788009 0.4090578027498582 0.35174029930582945 0.26495282406883863 0.17126033918415168 0.09315433015339174 0.037562237377823236 0.010702088722341463 0.00012983065399557235 -0.003139624433439697 -0.06636011078003293 -0.12539382116049178 -0.20588248450688065 -0.27269280457478157 -0.32706138970772314 -0.3491331271023952 -0.3420126132293563 -0.30290487069470634 -0.24121197736731603 -0.16437053781119898 -0.08416474244471794 -0.009834995776107145 0.05045985758871054 0.09236933809497616 0.114487664080217 0.11907543293292887 0.1096581997503328 0.09228680499877588 0.07014205883229024 0.04958171840832646 0.028408774902941514 0.01248111987709266 0.00276751860506382
</DataArray>
        <DataArray type="Float64" Name="Mode_18_phi2" NumberOfComponents="1" format="ascii">
 1.7511432618824225e-7 1.1435384470757236e-5 1.7511432163939514e-7 1.1435384465162445e-5 6.002868613016428e-6 -1.9316327749304826e-6 7.306135527354087e-6 -8.93307305405409e-6 -2.2100777232312332e-6 -7.58146825204963e-6 2.9142811430658226e-6 3.5448464962147017e-6 2.4041349244476163e-6 -6.037061416838396e-6 -8.301630119321722e-6 -2.029887242181168e-6 9.063514661308726e-6 1.1443426074515242e-5 6.967621979121506e-6 -9.193796335108117e-6 -9.437143881339976e-6 -9.3507720845241e-6 1.8172279078566746e-5 8.808100241066925e-6 2.6177885240436415e-5 -2.5182713675843632e-5 3.054895562802121e-5 0.00010162314874680506 -7.650676425463129e-5 5.097310544990447e-5 -3.3168563806294835e-5 2.798328128475201e-5 -2.047020643760221e-5 1.5314378778545804e-5 -1.3362724222338374e-5 7.307634987808145e-6 -8.230622367820014e-6 2.986553411096496e-6 -4.07732231702098e-6 1.5378958740303017e-6 -1.5368752724400592e-6 1.898878546373536e-6 -9.315369505190743e-7 2.909686221389487e-6 -2.0203026328533473e-6 4.0770529770682525e-6 -4.0163111353841475e-6 4.254935317647292e-6 -1.4718063330749097e-6 7.825641940348373e-7 6.002868605668985e-6 -1.9316327555062654e-6 7.306135490274647e-6 -8.93307300907832e-6 -2.2100777790377304e-6 -7.581468213906577e-6 2.9142811352969266e-6 3.5448465030499637e-6 2.4041349141200794e-6 -6.037061390087157e-6 -8.301630151984107e-6 -2.0298872150798715e-6 9.063514603550174e-6 1.1443426163726118e-5 6.967621879450943e-6 -9.193796241655799e-6 -9.437143968112449e-6 -9.35077200165961e-6 1.8172278990599203e-5 8.808100333348776e-6 2.6177885154186384e-5 -2.5182713613612796e-5 3.0548955592253716e-5 0.00010162314872697508 -7.650676422555289e-5 5.097310540112665e-5 -3.3168563743156064e-5 2.7983281219162106e-5 -2.0470206370475886e-5 1.531437871131862e-5 -1.3362724160833294e-5 7.307634934256439e-6 -8.230622310812439e-6 2.986553353400666e-6 -4.077322265832005e-6 1.5378958165928667e-6 -1.536875202532105e-6 1.898878465157284e-6 -9.315368640969186e-7 2.9096861293863815e-6 -2.020302530476679e-6 4.077052868081038e-6 -4.01631103586814e-6 4.254935246148148e-6 -1.4718062927754735e-6 7.825641796790364e-7 0.0028423637670054406 0.006660916716248508 0.010379612482572931 0.009520704560403584 0.011135349826848828 0.008733402331625673 0.006043753998128984 -0.0003310785512865182 -0.0077328601970351254 -0.017251313525806222 -0.025878521115312754 -0.03416503309801407 -0.037495549446951146 -0.039308638903919446 -0.0318344691849816 -0.02546872317690986 -0.007428031478041341 0.001762607305733711 0.02389856814778157 0.02507228633438366 0.04274574863475851 0.028760361394262652 0.0654771600200287 -0.002341727846771361 0.015363857105980627 0.033627542114823814 0.038672476155459753 0.05960518005956864 0.06762332170927178 0.06449297585623623 0.04385061106922059 0.005497249376357155 -0.046064101606492845 -0.1060031853190537 -0.16154652881011178 -0.20381514176522347 -0.22204190851478045 -0.20674016854508737 -0.16203713588584057 -0.08386616550101536 0.00552454338358898 0.10030662562106044 0.19021757086916213 0.2006196435967072 0.23484634964498607 0.12483517295909909 -0.01145060906651675 -0.01812300379822347 0.011910204263088172 0.06657986184524356 0.12577217353040634 0.17839049251098618 0.1972021397910202 0.17306083729479557 0.09937465482583842 -0.017477495701698497 -0.16387592222615985 -0.31240700662326865 -0.4375893820748255 -0.5077803167195635 -0.5046981281200797 -0.41589609591566234 -0.253592306185771 -0.03438539746441976 0.19161134978677302 0.4101139568597178 0.5058483349837329 0.5115902143599199 0.19733377049275977 -0.027490323242427134 -0.07915457766680022 -0.05693153004301212 0.05072225346649007 0.15404154719850283 0.2571552934060601 0.3171353348913559 0.3133495576858712 0.23339515048264653 0.08127198027459252 -0.1235691959600874 -0.3474500502145873 -0.5465068607418241 -0.6786233458232243 -0.708413593788451 -0.6173751746666029 -0.41202843109616677 -0.11894310895029643 0.20537935230167018 0.4974496416414406 0.7039627469993809 0.6577469144192398 0.2311873632673473 -0.030245711856231792 -0.1095701965805097 -0.09969019025575657 0.0075173777614691 0.12244159620141942 0.23595993400151485 0.31546786503648333 0.33351073691128147 0.27725746796181844 0.14631384765511224 -0.04149599956313191 -0.2553771749957432 -0.45497580453388414 -0.5977570345588894 -0.6486253510787154 -0.5889792036776261 -0.41741979149630465 -0.1626329271033832 0.13854181114980094 0.39318547806086157 0.6084763983379518 0.5964153543629336 0.22484482029019595 -0.019810577722010815 -0.06406672135484937 -0.052314941876084285 0.010578110072316845 0.09204584930511732 0.16611167344654826 0.21415901195095063 0.219512852343537 0.17266108118615497 0.07750722285218829 -0.05219851939786801 -0.19362477303650016 -0.31898787502643905 -0.4031642157769149 -0.424753580301937 -0.3744244850465252 -0.2569496450043727 -0.08968688127721762 0.10059562130569034 0.26049138408489864 0.3533457234949097 0.39816226174152225 0.18610106859871262 0.003953583363425846 0.03414177932020434 0.06979880581582387 0.08969462354024714 0.12684739613518725 0.1392500494486986 0.1250549898933251 0.07474521972125273 -0.004990096454734778 -0.10382568287482465 -0.20262670290400664 -0.2820276494690631 -0.32525308413424414 -0.32139857251694304 -0.27086120952988046 -0.1795375589015494 -0.06286093914016327 0.057765362981223985 0.1629375091937598 0.24213886089422826 0.20666242380256825 0.26677677276511824 0.15933328143939898 0.02486291898883149 0.11211108507506964 0.16587700638969796 0.19559500998995252 0.21636262566443426 0.2001985719950129 0.13898122527542775 0.03347685601057353 -0.10543439462497183 -0.25293945685214353 -0.38344922209782706 -0.4689943737033718 -0.49139850313852723 -0.4428528450945853 -0.3300617146182648 -0.17373887594189213 0.0009827707097474043 0.1624023633576593 0.277030971228287 0.36133201750915206 0.2852488575261951 0.3157814452956982 0.15967607847863036 0.03677803256709576 0.1153772801240629 0.16027685898686655 0.24317178766532352 0.27798114935193413 0.28380633642621417 0.22604215835669522 0.10962760756244047 -0.05688305973783408 -0.24960440421176813 -0.4336943253035069 -0.5757719234012193 -0.6447383214547304 -0.6245456464266195 -0.5128781583362959 -0.3268894411814157 -0.09780613773675235 0.13874236442991983 0.3325141520589251 0.4790051247802421 0.4828448909266151 0.454557460340391 0.178003272758018 0.04601461999900147 0.08248799428564887 0.09153353390780469 0.205158222208444 0.2504983802927311 0.28148506579217947 0.2598048390136885 0.1796836794314279 0.04565067246061936 -0.12994566822643272 -0.3208992429514828 -0.49302450899259403 -0.6136255878667769 -0.6537136888036451 -0.599889034765524 -0.4522464226915219 -0.23284323206922772 0.024122506802562695 0.272696092597193 0.4688681665958224 0.5734570687395103 0.525899977666648 0.18272015461913405 0.06946897444602503 0.11281889763399927 0.0896635146949134 0.15078143278372402 0.1598209236839978 0.15967211642661247 0.14214211503421348 0.0999204825789185 0.029143712012708274 -0.06739583385175554 -0.1839097583825718 -0.30357322773963247 -0.4046758535556412 -0.46344974603936134 -0.4603069768148367 -0.3858867559011501 -0.2423485578300021 -0.05151535893987024 0.15748663001440233 0.3299845181384517 0.46075022855415976 0.4390000221215246 0.15818594599455563 0.11222282310287493 0.25624257790613825 0.23830708975329246 0.1856055881350705 0.10450774367571387 0.005518949037891211 -0.07960084002319283 -0.14194136151200032 -0.17957571457232985 -0.19783123285771165 -0.2031212842838184 -0.20433243206055807 -0.20312128422125741 -0.19783123286306287 -0.179575714485349 -0.14194136155604692 -0.0796008399518614 0.005518949022696293 0.10450774372580418 0.1856055881887209 0.238307089791897 0.25624257790912947 0.11222282308589684 0.1581859460224247 0.4390000221273464 0.46075022850768393 0.3299845180821288 0.15748662996841922 -0.05151535894793527 -0.24234855785915538 -0.3858867559508615 -0.46030697674255133 -0.4634497460538709 -0.4046758535973707 -0.3035732277723136 -0.18390975830812525 -0.06739583386653508 0.02914371208279425 0.09992048259024072 0.14214211498401813 0.15967211640101392 0.15982092376106188 0.15078143279413883 0.08966351477001006 0.11281889765414271 0.06946897442966961 0.18272015461932054 0.5258999776723075 0.5734570686723699 0.4688681664930621 0.27269609258276367 0.024122506746024272 -0.23284323203125193 -0.4522464226969129 -0.5998890346972287 -0.6537136887087774 -0.6136255878841617 -0.4930245089813722 -0.3208992429709179 -0.12994566815536052 0.04565067235398908 0.17968367945781488 0.259804838926972 0.2814850657479418 0.25049838034843397 0.20515822220623264 0.09153353400165802 0.08248799432584944 0.04601462001225278 0.1780032728023354 0.4545574603375706 0.48284489083900645 0.47900512469230977 0.3325141519530694 0.13874236443919374 -0.09780613770943387 -0.3268894410841493 -0.5128781583073578 -0.6245456462791463 -0.6447383214260629 -0.5757719233866775 -0.4336943253231354 -0.24960440422838592 -0.05688305980262922 0.10962760746684039 0.226042158323085 0.2838063364042392 0.27798114930890355 0.24317178773033882 0.16027685905578903 0.11537728018614651 0.036778032587081774 0.15967607849014162 0.31578144530445273 0.2852488574585002 0.3613320174739643 0.27703097111017055 0.16240236335454883 0.0009827707231615068 -0.17373887588447662 -0.330061714485806 -0.4428528451008076 -0.4913985030128706 -0.46899437374513414 -0.38344922208123694 -0.2529394569375255 -0.10543439463600297 0.033476855951400694 0.13898122520048803 0.20019857197913873 0.21636262562952696 0.19559501004780402 0.1658770064258264 0.11211108515198703 0.02486291901581159 0.15933328148282763 0.26677677278718986 0.20666242381161662 0.2421388608138898 0.16293750917071298 0.05776536291505314 -0.06286093914202487 -0.17953755887370126 -0.2708612095030764 -0.32139857244043607 -0.32525308418177173 -0.2820276494099876 -0.20262670296246654 -0.10382568285875456 -0.00499009646567446 0.07474521971822871 0.12505498987978678 0.13925004939909968 0.1268473961594142 0.0896946235080688 0.06979880584251386 0.034141779362710796 0.003953583393458271 0.18610106861508344 0.3981622618070359 0.35334572345793513 0.2604913841198111 0.10059562126257603 -0.08968688128855665 -0.25694964506781226 -0.37442448506396125 -0.42475358033573585 -0.4031642158111856 -0.3189878750236813 -0.19362477307091588 -0.05219851936577883 0.07750722287530563 0.17266108124077575 0.21951285239034837 0.21415901197837267 0.16611167345383196 0.09204584927595288 0.010578110055683185 -0.0523149419088235 -0.06406672133177484 -0.01981057769898018 0.2248448203314751 0.5964153543877175 0.608476398394292 0.3931854780692091 0.13854181113115735 -0.16263292712432098 -0.41741979153882464 -0.5889792037525168 -0.6486253511369175 -0.5977570346356235 -0.45497580456962217 -0.25537717499786233 -0.041495999536786315 0.14631384773688258 0.27725746805439117 0.33351073698483696 0.3154678650679103 0.23595993406098054 0.1224415961717566 0.007517377748400078 -0.09969019031901802 -0.10957019659879659 -0.03024571187217901 0.23118736327184927 0.6577469144987182 0.7039627470048276 0.49744964167757943 0.20537935228262438 -0.1189431089918388 -0.41202843111104137 -0.6173751747393276 -0.7084135938618551 -0.6786233458844595 -0.5465068607881005 -0.34745005021457276 -0.12356919591486201 0.08127198037041194 0.23339515055352908 0.3133495577663399 0.3171353349604117 0.25715529344253296 0.15404154719531976 0.0507222534065027 -0.05693153010133991 -0.07915457772248305 -0.0274903232432843 0.19733377052952306 0.5115902143910371 0.5058483350220754 0.41011395684744617 0.19161134975973518 -0.03438539745579654 -0.2535923062294117 -0.4158960959303572 -0.5046981281717418 -0.5077803167575278 -0.43758938208240683 -0.31240700661468196 -0.16387592219123484 -0.017477495633550933 0.09937465488426139 0.17306083733979374 0.19720213985720642 0.17839049252722514 0.12577217348120448 0.06657986181363486 0.011910204213715591 -0.01812300383705529 -0.01145060908130606 0.12483517296090921 0.23484634966118065 0.20061964360905965 0.19021757084504953 0.10030662564769133 0.005524543341080836 -0.0838661654775081 -0.16203713591140373 -0.20674016855444832 -0.2220419085362688 -0.20381514174480858 -0.1615465287835539 -0.10600318531134247 -0.04606410157991336 0.005497249420794325 0.04385061107301376 0.06449297588108625 0.06762332170872531 0.05960518005079364 0.03867247612639698 0.03362754207035857 0.015363857091369459 -0.0023417278503603885 0.06547716003197446 0.028760361398238038 0.04274574864805586 0.025072286321102456 0.023898568157375705 0.0017626072935111572 -0.007428031466012829 -0.02546872318999508 -0.031834469180179376 -0.03930863891233974 -0.037495549428103306 -0.03416503309567099 -0.02587852109915715 -0.017251313532148906 -0.007732860176726099 -0.00033107856356789694 0.006043754012814402 0.00873340231219111 0.011135349845715556 0.009520704534333985 0.010379612489532406 0.006660916705312591 0.0028423637635099654
</DataArray>
        <DataArray type="Float64" Name="Mode_19_w" NumberOfComponents="1" format="ascii">
 1.3801664712333222e-6 -2.982381512005036e-8 -1.3801664714639587e-6 2.982381416826767e-8 -1.997269472378313e-6 3.602474112415931e-6 1.2645509168598403e-6 1.8264968345037455e-6 5.110336267594054e-7 5.110336267594054e-7 7.479001175366557e-8 7.225520343819203e-7 1.5921175958276164e-6 1.9864684042116097e-6 2.602090913804884e-7 -1.3609508347775613e-6 -9.828756013486373e-7 1.727927113711734e-7 7.298958278136553e-7 9.915020690124857e-8 -1.0742051107396577e-6 -1.0742051107396577e-6 -1.6321832086397666e-6 -2.2624029841791013e-6 -3.510578037876469e-7 2.1866989807157308e-7 1.2778586723977697e-6 -7.096754913410659e-7 1.5904427136231536e-7 3.8359150305385267e-7 1.3390560091939335e-6 8.747153086564463e-7 8.747153086564463e-7 3.88796766193111e-7 -3.090877603572073e-7 -6.766855458743221e-7 -8.808584133428524e-7 -9.240353836073441e-7 -7.624916422857121e-7 -5.213494446894357e-7 -3.435266805329209e-7 3.767675780991325e-8 5.098312003542939e-7 1.1367593568267073e-6 1.1367593568267073e-6 2.031194916541649e-6 8.900120278254088e-7 1.942728919395556e-6 -1.6918416606620591e-6 2.638518823682311e-6 1.9972694727002978e-6 -3.6024741119861408e-6 -1.2645509175224132e-6 -1.8264968346775376e-6 -5.110336254072388e-7 -5.110336254072388e-7 -7.47900103202475e-8 -7.225520347722173e-7 -1.5921175969528732e-6 -1.986468405361353e-6 -2.602090928840375e-7 1.3609508362732794e-6 9.828756015848388e-7 -1.7279270936276426e-7 -7.298958290497584e-7 -9.915020721875128e-8 1.0742051111252442e-6 1.0742051111252442e-6 1.6321832071722719e-6 2.2624029843300764e-6 3.5105780295542584e-7 -2.1866989806227875e-7 -1.2778586707298892e-6 7.096754907622089e-7 -1.5904427109852646e-7 -3.835915035179876e-7 -1.3390560076138037e-6 -8.747153098801471e-7 -8.747153098801471e-7 -3.88796765760618e-7 3.090877620502901e-7 6.76685545801816e-7 8.808584127831556e-7 9.240353826634917e-7 7.62491641181583e-7 5.213494446525467e-7 3.4352668099339874e-7 -3.76767568786223e-8 -5.098312005997973e-7 -1.1367593569424627e-6 -1.1367593569424627e-6 -2.0311949162859692e-6 -8.900120296902167e-7 -1.942728918987232e-6 1.691841660689408e-6 -2.638518823519172e-6 0.0007459309334768067 0.0016796117438103208 0.001875193774675811 0.0020951296951981432 0.0018594151590376749 0.0011089288067741062 0.0011089288067741062 6.208506255701438e-5 -0.0012546328875028432 -0.0025203554422170383 -0.0036288307524493524 -0.004385707046565956 -0.004750561791274479 -0.004712268366518097 -0.004362623757463168 -0.003779924526230538 -0.0031006267305039065 -0.002380136045315381 -0.002380136045315381 -0.0017066863138050575 -0.0009798034736588006 -0.0004084098224309828 -3.476296683673156e-5 0.002193370514997347 0.011920162354777155 0.01973680961750218 0.02430288537998416 0.02413882336823286 0.01855949745678979 0.01855949745678979 0.008546973568481194 -0.004160011340241521 -0.017371820664683332 -0.028676386505676277 -0.03627853976877347 -0.03918844279784224 -0.03747279872021644 -0.03217325799815071 -0.024879436997240417 -0.017305263663564687 -0.010836946069491621 -0.010836946069491621 -0.006268236376585055 -0.0033137706257724206 -0.0006430395067621127 0.00012664110760586712 0.002683452280311637 0.02182217409296362 0.04669658627108701 0.06263651181562006 0.06766191668316839 0.05917040777570725 0.05917040777570725 0.03855043426764027 0.009873865764930682 -0.021210948598258016 -0.048571196204188406 -0.06674683744409818 -0.07264582191297475 -0.06629533486115755 -0.05043027860858646 -0.029946889895070213 -0.010365839443808079 0.003791564027830301 0.003791564027830301 0.010019126909944949 0.008832782984163534 0.005061298642896274 0.000644696816632305 0.0026561515672048285 0.02237591261169351 0.04962008219929061 0.07166498363142121 0.08119473918564889 0.07611010367894268 0.07611010367894268 0.05623959637494602 0.025534504049411794 -0.009444797859271542 -0.04118444963163939 -0.06288237075811288 -0.06979407169166094 -0.06114093275794112 -0.040282749821283444 -0.013194601880428605 0.012444600781210118 0.012444600781210118 0.029719782390596847 0.034890486071399565 0.027445923743745992 0.0124831625659244 0.0013889946689531953 0.0022469000069501627 0.015844303318477873 0.03104649890363397 0.0466404514511613 0.05513443483247081 0.053744065813158236 0.053744065813158236 0.042413446367713395 0.023153616267588613 9.219578158324349e-5 -0.021376256305682538 -0.03608520371499445 -0.0406532931747797 -0.03377246892480339 -0.017344262382248017 0.003922945096715425 0.0243766359090097 0.0243766359090097 0.03800065612774857 0.040904822247296316 0.032629754528730716 0.014718798346193475 0.001655351282001925 0.0022469000069501627 0.015844303318477873 0.03104649890363397 0.0466404514511613 0.05513443483247081 0.025163053994596687 0.053744065813158236 0.042413446367713395 0.023153616267588613 9.219578158324349e-5 -0.021376256305682538 -0.018850739122068052 -0.021045679986951685 -0.01903862438577525 -0.013110165310193657 -0.004542658897332269 0.0243766359090097 0.03800065612774857 0.011683595850652637 0.015150010106607702 0.014313239453960394 0.007757042664717927 0.00117372653745399 0.00206431296477127 0.011027545554037142 0.016197781623248208 0.022461324339979896 0.025163053994596687 0.023258546946176586 0.023258546946176586 0.0167321536924175 0.0072502250560573965 -0.0030590592271661763 -0.012412544232014648 -0.018850739122068052 -0.021045679986951685 -0.01903862438577525 -0.013110165310193657 -0.004542658897332269 0.004413684264136447 0.011683595850652637 0.011683595850652637 0.015150010106607702 0.014313239453960394 0.007757042664717927 0.00117372653745399 0.0025403094498162933 0.01475523649996361 0.024903862834348745 0.03093332673518238 0.031109588652908682 0.024783178861316226 0.024783178861316226 0.01441234764471667 0.002276339282403843 -0.008882845664185087 -0.01725427005859165 -0.02294992403758166 -0.026412143571961665 -0.028275621661563173 -0.02955654352742254 -0.02999743121574663 -0.028826299568901873 -0.025540900652034765 -0.025540900652034765 -0.019887366346027537 -0.011767431328598608 -0.0027138414907861338 0.0001882696741201906 0.002800436461052061 0.021444492830166577 0.04504631196839663 0.05971211523363847 0.06397184181800457 0.05638166692792334 0.05638166692792334 0.03953873486230298 0.01826595348679371 -0.0031892370501137948 -0.02096877501374869 -0.03269657494731808 -0.03897374555334855 -0.041197640157103144 -0.040817078640977736 -0.039566777514117024 -0.03767143718567944 -0.034153422015547275 -0.034153422015547275 -0.02833211561727577 -0.01982015557571101 -0.006899037224735138 -0.0004733295353250594 0.002238206054128441 0.020273704828697017 0.04719589267578989 0.06790602474538081 0.07787331962363982 0.07524086661075328 0.07524086661075328 0.06030289610185562 0.0367708425291599 0.010412049815629373 -0.013696496562290376 -0.031185563260353256 -0.03925609225940372 -0.03892935922189451 -0.0326878493367009 -0.023401391933497894 -0.014644628123794926 -0.008438505533484335 -0.008438505533484335 -0.004852459547426653 -0.0038832405816987305 -0.0019611697119760194 -0.00040787923244333513 0.000957197225711283 0.008982895369797598 0.021622882398998292 0.03697674674861658 0.04848435064511799 0.05344763521221757 0.05344763521221757 0.04993790028618857 0.03779969352268307 0.019388282296284445 -0.00045264330748097945 -0.01726136526252943 -0.027158977326263437 -0.0275145097443383 -0.01974765280355542 -0.007183253865852555 0.006200765956891209 0.01569094771923145 0.01569094771923145 0.018550052310709098 0.014134031962245434 0.004454346212605376 9.680739625020632e-6 4.4460809821330164e-5 -0.002787394790968077 -0.009094412940365223 -0.007185163854044857 8.941411568920753e-5 0.01013938527672915 0.01013938527672915 0.019095696539284047 0.023669012766829572 0.021574316764335053 0.012608604540959481 3.7492538007447475e-12 -0.012608604528884185 -0.02157431675659192 -0.023669012774287127 -0.019095696547945608 -0.010139385290105695 -0.010139385290105695 -8.941412884640205e-5 0.007185163849583697 0.009094412939057552 0.0027873947915790175 -4.446080947904123e-5 -9.680738960680253e-6 -0.004454346207835858 -0.014134031955915411 -0.0185500523094668 -0.015690947721999846 -0.015690947721999846 -0.006200765969569105 0.007183253848956403 0.019747652787318225 0.027514509727996756 0.02715897732537031 0.017261365274581494 0.0004526433188078341 -0.01938828227540275 -0.03779969350721454 -0.04993790028570132 -0.053447635219886075 -0.053447635219886075 -0.048484350661791506 -0.0369767467688085 -0.021622882409910386 -0.008982895375197588 -0.000957197226333617 0.000407879232808181 0.0019611697161740316 0.003883240591894344 0.004852459555802034 0.008438505532381091 0.008438505532381091 0.0146446281184424 0.023401391913722765 0.03268784931233001 0.03892935920273918 0.039256092245515836 0.03118556326207111 0.013696496579296325 -0.010412049800367657 -0.03677084251138686 -0.06030289609499678 -0.07524086661907894 -0.07524086661907894 -0.07787331964115 -0.06790602476946432 -0.0471958926988759 -0.020273704837700465 -0.0022382060552741086 0.0004733295355533088 0.006899037226669429 0.019820155578106773 0.028332115620528234 0.034153422014776495 0.034153422014776495 0.037671437176358645 0.039566777501334374 0.04081707862235343 0.04119764014039939 0.03897374554630859 0.03269657494323228 0.020968775020687138 0.0031892370642345575 -0.01826595348191603 -0.03953873486114905 -0.05638166693862599 -0.05638166693862599 -0.06397184183854 -0.05971211525491247 -0.04504631198762614 -0.021444492840163663 -0.0028004364622957814 -0.00018826967458427608 0.0027138414881952956 0.011767431322929534 0.01988736633756884 0.025540900643182533 0.025540900643182533 0.028826299560098217 0.02999743120791439 0.029556543523480406 0.0282756216570488 0.026412143571563282 0.022949924042727558 0.01725427005918281 0.008882845665912254 -0.00227633928171003 -0.014412347654072045 -0.02478317887051766 -0.02478317887051766 -0.031109588666956116 -0.030933326749780662 -0.02490386284506473 -0.014755236506428493 -0.0025403094507177445 -0.0011737265380801474 -0.007757042672120458 -0.014313239466563911 -0.015150010121857632 -0.011683595863872246 -0.004413684271464257 -0.004413684271464257 0.004542658896796606 0.013110165314673208 0.01903862439537678 0.021045679995599847 0.01885073912714404 0.012412544234757307 0.003059059221764474 -0.007250225064106831 -0.01673215369675964 -0.023258546954364842 -0.023258546954364842 -0.025163053996698926 -0.022461324341408042 -0.016197781624327685 -0.011027545555991386 -0.0020643129651568112 -0.0011737265380801474 -0.007757042672120458 -0.014313239466563911 -0.040904822263817614 -0.038000656141074785 -0.024376635914194335 -0.004413684271464257 0.004542658896796606 0.013110165314673208 0.01903862439537678 0.021045679995599847 0.01885073912714404 0.02137625630029827 -9.219579027041192e-5 -0.023153616277623 -0.042413446375374135 -0.05374406580978168 -0.025163053996698926 -0.05513443482647932 -0.04664045144111803 -0.03104649889659371 -0.015844303316079385 -0.0022469000065989965 -0.0016553512827261892 -0.01471879835246031 -0.032629754543808814 -0.040904822263817614 -0.038000656141074785 -0.038000656141074785 -0.024376635914194335 -0.003922945093481179 0.017344262391276767 0.03377246893677944 0.04065329318466814 0.03608520371772798 0.02137625630029827 -9.219579027041192e-5 -0.023153616277623 -0.042413446375374135 -0.05374406580978168 -0.05374406580978168 -0.05513443482647932 -0.04664045144111803 -0.03104649889659371 -0.015844303316079385 -0.0022469000065989965 -0.0013889946695187251 -0.01248316257070837 -0.027445923751554618 -0.03489048608250523 -0.02971978239884027 -0.02971978239884027 -0.012444600784794426 0.013194601883646545 0.04028274982808265 0.061140932763343966 0.06979407169363396 0.06288237075302575 0.04118444961941376 0.00944479784509049 -0.025534504060763227 -0.05623959638077807 -0.07611010367793467 -0.07611010367793467 -0.08119473917515188 -0.07166498362026298 -0.04962008218779759 -0.022375912607258287 -0.0026561515669543583 -0.0006446968171187226 -0.00506129864425215 -0.008832782986521686 -0.010019126910258103 -0.003791564029787483 -0.003791564029787483 0.010365839444403111 0.029946889896193415 0.05043027861042409 0.06629533486164177 0.07264582190786797 0.06674683743480668 0.04857119619133151 0.021210948584661302 -0.009873865776802512 -0.03855043427420662 -0.05917040777654978 -0.05917040777654978 -0.06766191667949432 -0.0626365118084883 -0.04669658626536417 -0.021822174088857893 -0.0026834522796302957 -0.00012664110779462065 0.0006430395065268702 0.003313770627779797 0.006268236378826375 0.010836946073049362 0.010836946073049362 0.017305263665470912 0.024879436999240112 0.03217325799726543 0.03747279871826953 0.039188442793340564 0.03627853976310114 0.028676386499038312 0.01737182065864829 0.004160011335131831 -0.008546973572282452 -0.01855949745878506 -0.01855949745878506 -0.0241388233685204 -0.02430288537875854 -0.019736809615562977 -0.011920162353828296 -0.002193370514789011 3.476296679880416e-5 0.0004084098227199918 0.000979803474008307 0.0017066863147815374 0.002380136045887639 0.002380136045887639 0.003100626731188112 0.003779924526473622 0.004362623757532326 0.004712268366075438 0.004750561790496129 0.004385707045953235 0.003628830751758338 0.002520355441634576 0.0012546328872084568 -6.208506304647685e-5 -0.0011089288071896913 -0.0011089288071896913 -0.0018594151592684531 -0.0020951296951166563 -0.001875193774643346 -0.0016796117436715097 -0.0007459309334496598
</DataArray>
        <DataArray type="Float64" Name="Mode_19_phi1" NumberOfComponents="1" format="ascii">
 8.820935826470605e-6 -2.9080673457838666e-7 8.820935822888545e-6 -2.908067361886123e-7 5.16224197745426e-5 -2.7498440741912805e-5 2.4026387099663992e-5 -1.6491821026307645e-5 4.107137913957451e-6 -1.3927818337176374e-5 1.0535110576239847e-5 2.9843205023701636e-6 7.122787839324792e-6 -7.017739406152412e-6 -7.4153719214278426e-6 -5.593698922523366e-6 5.019065087376873e-6 7.901558476164707e-6 4.497738208633357e-6 -2.2041770358476824e-6 -1.0351786907273142e-5 -1.1460377338124682e-6 -3.1214885082036783e-6 1.2281395033874395e-5 -5.3207870584238775e-6 1.4795970800586488e-5 -1.9267379817029563e-5 6.8521978506345495e-6 2.035987449741521e-6 1.986124495072707e-6 1.774176847521393e-6 1.95512048534359e-6 1.3906036776784634e-6 -8.212984610339044e-7 -3.2731832564899985e-6 -5.922148166647107e-6 -8.63538543871376e-6 -9.230820965985023e-6 -9.994976900906104e-6 -6.276735327621694e-6 -6.063419801032993e-6 3.0252131448277067e-6 3.208459475681832e-7 1.3972089382266794e-5 1.8492152198313157e-6 2.3505424531993333e-5 -1.0180431400741679e-5 3.2518423799108975e-5 -3.455459249888726e-5 2.8973749637208487e-5 5.162241976261395e-5 -2.7498440712259885e-5 2.4026387045130944e-5 -1.6491820967570352e-5 4.107137860564709e-6 -1.3927818302091233e-5 1.0535110562925546e-5 2.9843205139222255e-6 7.1227878305487206e-6 -7.017739397218229e-6 -7.415371932810758e-6 -5.593698922113526e-6 5.019065076044036e-6 7.901558498482436e-6 4.497738189712561e-6 -2.2041770224593225e-6 -1.0351786909124213e-5 -1.1460377331559804e-6 -3.1214885143781013e-6 1.2281395041666471e-5 -5.320787062416541e-6 1.4795970795365377e-5 -1.9267379809426406e-5 6.8521978575701425e-6 2.03598742399912e-6 1.9861245372489615e-6 1.7741767718366488e-6 1.9551205896750448e-6 1.3906035776313134e-6 -8.21298360424394e-7 -3.2731833499059444e-6 -5.922148078186651e-6 -8.635385524453649e-6 -9.23082088947022e-6 -9.994976973519809e-6 -6.276735281927067e-6 -6.063419834851748e-6 3.0252131614590716e-6 3.208459455080876e-7 1.3972089369835753e-5 1.8492152443191665e-6 2.3505424490754955e-5 -1.0180431349033634e-5 3.2518423772382734e-5 -3.455459249497709e-5 2.8973749642325637e-5 0.04245985713054512 0.07427719870447044 0.13341747210622878 0.15871130900311747 0.17068650376031408 0.14390661918607403 0.092230016318931 0.013315509447586778 -0.07607692893040793 -0.1679516358290213 -0.2469421308258298 -0.3053258315564414 -0.3365015689040732 -0.34010206050521885 -0.31919443438813033 -0.2806408741928487 -0.23229394533101064 -0.18148326042514812 -0.13400299484503359 -0.092108379196636 -0.05595810876420099 -0.025954060073583942 -0.004918377567708958 0.03059109514173052 0.20840752702431398 0.4167577941574349 0.6036136709215338 0.6748077017108791 0.6430579037508753 0.4919489159850409 0.2509943855052781 -0.04506482247666996 -0.34670581131440736 -0.6070740540223291 -0.785774092459425 -0.8596344512062531 -0.826751151468884 -0.704996989376625 -0.5267497540554914 -0.33311539213170255 -0.1620309611848875 -0.039736302983491116 0.021672894205363172 0.042416728452817874 0.03896076933888381 0.0128335368745319 0.0253486814103763 0.17975221404515673 0.4613090891456951 0.7092720415395616 0.8661503419030994 0.8920012264355651 0.7860721263445855 0.5607996376387007 0.2598455903745523 -0.061215637770084166 -0.33991557390801247 -0.5226704473519437 -0.576943344580275 -0.4975178911543693 -0.30833113633909087 -0.05981763824140564 0.1874235473910764 0.37405570009024736 0.45799963022671836 0.42468793858013276 0.299730736463885 0.1354649773642634 0.017856667409893345 0.0008677396530745075 -0.00451414547516782 -0.009692758695585696 0.03201233905374086 0.10510904798214862 0.17637464852858917 0.23683863754648016 0.2699585878299547 0.27378702649972425 0.255953831009546 0.2276505448946352 0.205150214849765 0.20676988581971226 0.24251206441917544 0.3102160269632745 0.4000560622528087 0.4880367952655779 0.544801284629214 0.5474446190365733 0.47883461719438297 0.31832449123044404 0.13144274235642117 0.01741173271641177 -0.009192122450772342 -0.13278185546711174 -0.3429564365796139 -0.5299537879614055 -0.6043809923948976 -0.5854120897190356 -0.47001927465770643 -0.27157483797101933 -0.027355077611207004 0.22205601089548457 0.4392419578067609 0.5903700446556297 0.6537769903861307 0.632656333668744 0.5466626494925139 0.42080771960759994 0.29005822164144307 0.18234827713672755 0.10631405595432816 0.07100392675631671 0.04360722609047394 0.01510270028215839 -0.0005059275159908861 -0.010019046371536517 -0.10924875653444287 -0.2867999737483 -0.4755489877091172 -0.6165137722694735 -0.671439167573846 -0.628162047765339 -0.4901142670549466 -0.27160293797398244 -0.01745315991681246 0.2135916323993834 0.37182588701350894 0.42100231645654146 0.34215718873619505 0.15426198886991754 -0.09144330681522231 -0.3363082208300517 -0.5171611379406621 -0.5853619892951664 -0.5244716116949153 -0.3526091084441603 -0.14920577687063918 -0.018804052738418987 0.0060073897626094 0.04658065285321442 0.10413284558300326 0.12457215832442392 0.08037616027443077 0.013357751597980267 -0.05896766761668663 -0.10674644085937589 -0.12636434507047306 -0.11239224568218129 -0.07894271638571244 -0.06144065023992352 -0.08794463079225495 -0.1711820385087236 -0.3161992022308112 -0.5033878485221273 -0.6835269970047111 -0.8058027956233502 -0.8287558045381311 -0.7278923907254192 -0.4883746436870744 -0.20685214499030855 -0.027548495070075084 0.009212531537724873 0.13793905720768657 0.36070459080069084 0.563997037589553 0.6635803415859669 0.6736735719527362 0.5907330428915314 0.43760809149172075 0.2532145802459581 0.06214890845131042 -0.10365669855105632 -0.2181870203199768 -0.2851732968847688 -0.31777155496641607 -0.3248798195617813 -0.3230305814770964 -0.3283218721005126 -0.33356837129718736 -0.32119418531883354 -0.2907385224457123 -0.20790695439307671 -0.09440533982087679 -0.01589626080164147 -0.002508884861784741 0.05086295362014119 0.16736495870836499 0.3123761282681478 0.44159476056120334 0.527623753429139 0.5560916356376837 0.5091936244291148 0.393749561052563 0.2433341206370746 0.08854850370855281 -0.033449041474599185 -0.08198051962245587 -0.047814605473525416 0.050601737551828466 0.1872179425405087 0.3240564367839782 0.4114354709352206 0.42481591743970587 0.35882056352647623 0.2268688748305837 0.08465473752127196 0.0028546334987359333 -0.024752292313754656 -0.14128620493968444 -0.30202908350380664 -0.3970873337556601 -0.37074261747570225 -0.270070066927136 -0.11699756241645275 0.04279039311137712 0.16760756202696647 0.2318018705790225 0.24550636473145795 0.22934916180438347 0.21138392731054392 0.22917602134933626 0.3009941007839328 0.4115987708397286 0.5318302761964628 0.6251088181576034 0.6440672725100219 0.5642307327579869 0.36869604794025257 0.14380777017024052 0.010397337582109563 -0.03423496467089212 -0.2508078848386524 -0.5906352740401564 -0.8801311535574059 -0.9999999998110842 -0.9528643123691888 -0.7594939822733785 -0.47350391357165184 -0.16348607539535914 0.10580949554391582 0.28127301529041016 0.349679930722142 0.32528297427680253 0.23998078311557627 0.13803383283395634 0.06320383811711724 0.032906689467239715 0.04297829937210279 0.07577870770502293 0.1095933555508244 0.0870771466986985 0.03185444526807402 -0.001465613713643917 -0.023538089600370193 -0.16795450851566215 -0.3976178678624221 -0.6195614018051804 -0.7607147527508435 -0.7743238627287788 -0.6604922911356809 -0.4379634860238638 -0.15862685101839458 0.10866288872551386 0.30262288270322574 0.37322999375934895 0.3026228829125855 0.10866288905658252 -0.1586268506565206 -0.4379634857013401 -0.6604922910280326 -0.7743238627847456 -0.7607147528938527 -0.6195614020667107 -0.3976178680351054 -0.167954508619981 -0.023538089620616123 -0.0014656137045232188 0.03185444531466371 0.08707714680457286 0.10959335566749788 0.0757787079085344 0.042978299464579 0.03290668946950233 0.06320383802399819 0.13803383252770626 0.23998078276329696 0.3252829740751565 0.34967993063762526 0.28127301529327736 0.10580949572920534 -0.1634860751263821 -0.47350391333781283 -0.7594939821293204 -0.9528643123574566 -1.0 -0.8801311537793157 -0.590635274278624 -0.2508078849437299 -0.03423496469440099 0.010397337572573528 0.14380777015360094 0.36869604796558114 0.5642307328306894 0.6440672725174059 0.6251088182707567 0.531830276209567 0.41159877077242035 0.3009941007704876 0.22917602128769643 0.21138392712806836 0.2293491616776032 0.24550636469731602 0.23180187045843686 0.16760756197262278 0.04279039308653535 -0.11699756242115378 -0.2700700669725552 -0.37074261750142407 -0.39708733388228507 -0.30202908361532016 -0.14128620498366912 -0.024752292324166925 0.002854633493232349 0.08465473746568945 0.22686887466609432 0.3588205633459749 0.4248159173689061 0.41143547082321463 0.32405643681958873 0.18721794270823272 0.05060173769556511 -0.04781460530739269 -0.08198051949339366 -0.033449041538049396 0.0885485035560243 0.2433341205237373 0.39374956081462054 0.509193624252793 0.5560916355039576 0.5276237533849575 0.4415947605818292 0.31237612838905204 0.16736495880339083 0.0508629536378444 -0.0025088848631773073 -0.015896260816505338 -0.09440533990836615 -0.20790695455133856 -0.2907385226750176 -0.3211941855484354 -0.33356837136991657 -0.32832187205024255 -0.3230305812772764 -0.3248798192588648 -0.31777155472399315 -0.2851732966823351 -0.21818702016776614 -0.10365669863077652 0.06214890822757469 0.25321458010103665 0.43760809130730904 0.590733042865459 0.673673572052961 0.663580341758314 0.5639970377787706 0.3607045909601251 0.13793905729151046 0.009212531549002067 -0.027548495081337877 -0.20685214508066882 -0.4883746438205853 -0.7278923908723157 -0.8287558046386325 -0.8058027956470083 -0.6835269969115515 -0.5033878483603553 -0.31619920201407614 -0.17118203823343228 -0.08794463063525795 -0.06144065021463474 -0.07894271638028116 -0.11239224578495727 -0.12636434524592233 -0.10674644083793428 -0.0589676675613086 0.013357751754897621 0.08037616055456119 0.12457215859549707 0.1041328457715096 0.04658065293310781 0.006007389776319617 -0.01880405274188064 -0.14920577685705505 -0.35260910848230337 -0.5244716117380804 -0.585361989308004 -0.5171611379156507 -0.33630822075702 -0.09144330672733507 0.15426198897173807 0.3421571887883706 0.4210023164674916 0.3718258869566337 0.21359163225126726 -0.017453160033443427 -0.27160293801828167 -0.4901142671163747 -0.6281620476548504 -0.67143916733859 -0.6165137720582049 -0.47554898749150826 -0.28679997359833165 -0.10924875644976034 -0.010019046357339663 -0.0005059275147811858 0.015102700307253808 0.04360722619636434 0.07100392688945507 0.10631405605751197 0.18234827721650898 0.2900582216626719 0.4208077196115732 0.546662649420075 0.6326563335297686 0.6537769902192212 0.5903700444749536 0.4392419576434623 0.22205601077794684 -0.027355077671759136 -0.2715748379519445 -0.4700192746344915 -0.5854120897030801 -0.604380992302362 -0.5299537878973025 -0.3429564364877155 -0.13278185542938295 -0.009192122461254075 0.017411732715531602 0.13144274242470477 0.3183244913519017 0.47883461738107713 0.5474446192360173 0.5448012847340286 0.48803679530941557 0.40005606217926176 0.31021602685292987 0.24251206428605415 0.2067698856604887 0.20515021472653217 0.22765054484248157 0.25595383098731395 0.2737870264845235 0.269958587811038 0.23683863749875908 0.17637464846872328 0.10510904785992797 0.0320123389711857 -0.009692758781129969 -0.004514145484785843 0.0008677396617589421 0.017856667414698945 0.13546497740096727 0.29973073654937243 0.42468793871163507 0.45799963032607854 0.3740557002075472 0.18742354740804285 -0.05981763825542032 -0.30833113641211346 -0.49751789123017126 -0.5769433446044481 -0.5226704473009961 -0.33991557380801324 -0.061215637631922844 0.25984559050245665 0.5607996377189033 0.7860721263525711 0.8920012263455296 0.8661503417934218 0.7092720414009258 0.4613090890660918 0.17975221399296082 0.02534868139256298 0.012833536879458448 0.03896076935940269 0.042416728470115204 0.021672894178576436 -0.03973630297305193 -0.1620309612290256 -0.33311539213856073 -0.5267497540905706 -0.7049969893679794 -0.8267511514397977 -0.85963445111406 -0.785774092337273 -0.6070740538612034 -0.34670581115932547 -0.045064822332553496 0.2509943855978479 0.49194891602199703 0.6430579037536819 0.6748077016641219 0.6036136708760905 0.41675779410061303 0.20840752699542586 0.030591095139107953 -0.004918377569406354 -0.025954060081812197 -0.05595810879705356 -0.09210837921971562 -0.13400299491027723 -0.1814832604438225 -0.23229394536963227 -0.2806408741789379 -0.31919443438653494 -0.34010206045772684 -0.33650156887499016 -0.30532583149563497 -0.24694213078368715 -0.1679516357778406 -0.07607692889467303 0.013315509479258802 0.09223001634587112 0.1439066191981595 0.17068650377120884 0.1587113089803147 0.13341747210294475 0.07427719870195193 0.04245985712538175
</DataArray>
        <DataArray type="Float64" Name="Mode_19_phi2" NumberOfComponents="1" format="ascii">
 8.908246054895023e-6 9.605293030799741e-7 8.908246047736476e-6 9.605293051818786e-7 2.211594921302972e-5 -3.138017569292878e-5 3.081019310867667e-5 3.5468100675406847e-6 1.4679691519283121e-5 -1.2030914348509712e-5 -8.450157272188054e-6 -2.6911936459324968e-6 1.6732109433795293e-5 1.5175749591352424e-5 2.2245361300694428e-6 -1.4815549917124493e-5 -1.6061449777506883e-5 -3.369995911077857e-6 1.0667120701512036e-5 1.525689925954635e-5 3.673654840026039e-6 -1.0638134354712818e-5 -1.6468676598034204e-5 -8.574295655926937e-6 3.683052781780153e-6 5.560352777404334e-6 9.042423175362876e-6 -8.253413815922496e-6 9.146870293564369e-6 -4.705615349185855e-6 4.283827521617137e-6 -3.430351826597194e-6 3.2693612327268656e-6 -9.341732526413741e-7 2.712186719282665e-6 1.6914046446053052e-7 1.554809400091449e-6 -6.866411038018034e-8 -6.543453135138868e-7 -5.922004325359652e-7 -3.0237348872110086e-6 5.2837773630444734e-8 -5.066759000241914e-6 2.9086150028986986e-6 -6.425300489803142e-6 7.280770291036184e-6 -7.515521673678934e-6 1.623198126524427e-5 -3.122929150124041e-5 5.6010073598185943e-5 2.2115949223267463e-5 -3.138017569467655e-5 3.081019312432796e-5 3.546810044768435e-6 1.4679691530993682e-5 -1.2030914366577084e-5 -8.450157256829807e-6 -2.691193649894346e-6 1.673210943630475e-5 1.5175749624552666e-5 2.224536087139875e-6 -1.481554985760571e-5 -1.6061449849002847e-5 -3.3699958546492066e-6 1.0667120640051225e-5 1.5256899311115425e-5 3.6736547806068326e-6 -1.0638134267296763e-5 -1.6468676681742584e-5 -8.574295576640027e-6 3.683052721999127e-6 5.5603528135743315e-6 9.042423155641899e-6 -8.253413802274707e-6 9.146870272938173e-6 -4.70561532698936e-6 4.2838274937565055e-6 -3.43035180237815e-6 3.269361223045796e-6 -9.341732595276234e-7 2.71218674098758e-6 1.6914043001625802e-7 1.5548094547076214e-6 -6.866417349372638e-8 -6.543452571847359e-7 -5.922004709045986e-7 -3.0237348647707913e-6 5.283775230042502e-8 -5.066758976592866e-6 2.9086149841224294e-6 -6.425300475415921e-6 7.280770277953114e-6 -7.5155216658557e-6 1.623198125958338e-5 -3.122929149469221e-5 5.6010073592954085e-5 0.04158694823188105 0.02293866373173732 0.019235346577046303 0.0069592795880926445 -0.00440216774479348 -0.02128699870100551 -0.03221370952211601 -0.04191284743992643 -0.04397924336274543 -0.04152144214945201 -0.033165804685626854 -0.021617524355536842 -0.008472322508783678 0.00428249684890043 0.014126895521978537 0.021216521617490904 0.023742804020749343 0.024567750310445634 0.02186110739016621 0.021092688422637392 0.01701824144120024 0.01396678679627771 0.0019419307134703138 0.08225415925078533 0.19324816879327752 0.1463659568278054 0.09054509106585235 0.004538836253748587 -0.09180960071243752 -0.1739089526376912 -0.2312639246467516 -0.2535197383602967 -0.23747317971106544 -0.18615561296412775 -0.11082351195022809 -0.025011106433231994 0.05473362795113885 0.11486908051630758 0.14621000686694569 0.1478490868387612 0.12599966955210734 0.08965784002679889 0.05342776715170298 0.041599854217553016 0.023623646073661513 -0.014638380613689769 0.14919146479444148 0.4103737353508616 0.42244495994896414 0.2526237997503201 0.07074790364941105 -0.15670133769293995 -0.3592585728077163 -0.5054643973879718 -0.5698753850356112 -0.5396906208542794 -0.421894945371306 -0.23898698987073505 -0.02903715642461279 0.16588632681211463 0.3098128658148224 0.3756207204716596 0.3581472225290646 0.2732987156747644 0.1507631521969532 0.02207891837573332 -0.032433681243415106 -0.07281316084570232 -0.048262766957326564 0.17622662752865592 0.5348582654016437 0.5644364121403169 0.4011112245271511 0.15023158288415925 -0.1398677387532524 -0.4216718987016801 -0.635287118213374 -0.7382079193141674 -0.7108165056971849 -0.5567676856854539 -0.30740644283948126 -0.012677021313184426 0.2652690649475128 0.4666286176249102 0.5553800158784954 0.5142104625619174 0.3619644281998262 0.1500729926592194 -0.07575620158082212 -0.21676077481330222 -0.24605184419519674 -0.0865083426151933 0.17202594866886384 0.43858913076758516 0.4390653381698826 0.37892272550623385 0.16810679596662265 -0.07095408792760399 -0.3172194664865565 -0.5116569389202353 -0.6155465431233799 -0.6028370224741519 -0.4754876893405366 -0.2565732630010405 0.006988526122840366 0.2624978699928267 0.4528151974229234 0.5333874362535734 0.4918244525944861 0.33370863945999507 0.10444013995789454 -0.13498998728063707 -0.3443566136918017 -0.34239001087653986 -0.10188223387163942 0.1459364466509448 0.2714330211394885 0.2130620943906916 0.231572565396328 0.1010416976848317 -0.041215108903156036 -0.18877073426698354 -0.3041539110157459 -0.36284467715974733 -0.35365510570885567 -0.27625765954713016 -0.14688874302240595 0.011097405707091963 0.16180839036786043 0.2793520314173029 0.33502150380154866 0.3137435453690127 0.22155735011289027 0.07069714569897244 -0.07814581749635856 -0.25690396285856715 -0.25707403924060906 -0.07695424389877013 0.1378786225751909 0.2203424922420883 0.148242795909856 0.12820559222890712 0.024406197381822366 -0.0832787397292108 -0.1732187131688274 -0.22743599600411113 -0.23780589546617606 -0.21114040137738713 -0.1575002786406361 -0.09154010237375397 -0.025689711095568384 0.033421275113958274 0.07552778323690384 0.105634144929582 0.11835879449054956 0.1142663338485509 0.08824378890936316 0.06518714098977212 0.009926279369594485 -0.030943389777807178 -0.025900693252195742 0.15273319855775308 0.34425160296153395 0.31574359068750596 0.17957784505386803 0.028554917420477992 -0.14410650398712477 -0.26660519925959875 -0.33287268420685034 -0.3355779892927415 -0.28661020571952156 -0.21355617156118137 -0.13628696411412158 -0.0756330926609056 -0.03509918772328427 -0.00969544279885905 0.0070652335966322945 0.03346266016535516 0.07287767961375305 0.12114004970431244 0.16668904700334725 0.23114931307376985 0.15258457811462223 0.015967560295508804 0.16775642896379347 0.48585684672222496 0.5196979029623612 0.32087385108903826 0.11134865499815656 -0.13258830317387785 -0.3372923426672229 -0.46380565311555483 -0.503800699346138 -0.46083140414032525 -0.35578743185864725 -0.227040606965795 -0.10097761299709607 -0.0063155539019132 0.05389829418478781 0.08226527913261816 0.08973754963624743 0.09840658981054888 0.1205432485119591 0.13143833576598188 0.2163447539221805 0.14511456938890888 0.022608235996446655 0.14599962176937467 0.447117914253083 0.5066118842042839 0.38926516475459855 0.19627162132420342 -0.030474696568189838 -0.25740325405194364 -0.4346395910796429 -0.5255912861728755 -0.524158073652987 -0.4351575601072572 -0.2827328131333485 -0.1082306833968322 0.053301241723957477 0.1650296220614276 0.21836031709818107 0.2103605265927106 0.15580966393417692 0.0921543592039621 0.013409908579457142 0.0031080977271544727 -0.013500927942783007 0.0036962182263561663 0.08673509810616786 0.20483509463897 0.2331052173163206 0.28465320942522343 0.21049169995679534 0.10488517751531273 -0.043968702874672916 -0.19985062092361833 -0.32819678341142244 -0.3908750703305735 -0.3785098157959419 -0.2890223247362689 -0.14398692685445108 0.021605039609374533 0.16601623007502597 0.25154395536523244 0.26644080401908354 0.20502042918788038 0.09350646154138038 -0.03463981694564972 -0.16584227249646716 -0.13681031200901655 -0.0059866691396675276 0.02328097698220365 -0.058198923437727035 -0.07935427017794047 0.08286438391075565 0.1526697968771692 0.19661198420060844 0.17270396391769746 0.09225848631036182 -0.02844550544619644 -0.1554359490548065 -0.24697783869170906 -0.28173769979885427 -0.2469778387464536 -0.1554359491397199 -0.028445505688466356 0.09225848625507502 0.1727039638327778 0.19661198421143047 0.15266979699075603 0.08286438401551022 -0.07935427011480181 -0.05819892344315636 0.023280976993364285 -0.005986669102181604 -0.13681031194077842 -0.16584227247379033 -0.034639817063021536 0.09350646140898627 0.20502042903578888 0.266440803935397 0.251543955323806 0.16601623015431516 0.02160503981588692 -0.1439869266316563 -0.28902232457298876 -0.37850981571302966 -0.3908750703046648 -0.3281967835697875 -0.1998506211863628 -0.043968703056729064 0.10488517735791718 0.21049169991518907 0.28465320954554496 0.23310521744563634 0.20483509475867068 0.08673509813522463 0.0036962182473162407 -0.013500927838202744 0.0031080977928390043 0.0134099085144229 0.0921543590229487 0.15580966380496183 0.2103605263459458 0.2183603169973678 0.16502962206080074 0.053301241912216316 -0.10823068311378341 -0.2827328128987323 -0.4351575598759985 -0.5241580736558676 -0.5255912862347909 -0.43463959135766284 -0.2574032543369592 -0.030474696782092102 0.19627162118311692 0.38926516481160894 0.5066118844084119 0.44711791447808913 0.14599962184304008 0.022608236027982582 0.14511456945846044 0.21634475394807554 0.1314383357373953 0.12054324838298615 0.0984065896680431 0.08973754945212915 0.08226527902239357 0.05389829422483597 -0.006315553785070777 -0.10097761280442981 -0.22704060673294407 -0.3557874317002785 -0.4608314040729719 -0.5038006995142312 -0.4638056532599515 -0.3372923429524981 -0.13258830337997302 0.11134865493202971 0.32087385108785765 0.5196979032021993 0.4858568469285604 0.16775642904135674 0.015967560285936985 0.15258457808363482 0.23114931303546493 0.16668904696638512 0.12114004966044968 0.07287767953301633 0.03346266017596917 0.0070652335870741755 -0.009695442788756833 -0.035099187592465046 -0.07563309257998692 -0.13628696401782703 -0.21355617152217088 -0.28661020572690105 -0.33557798938600625 -0.3328726843992505 -0.2666051993436521 -0.14410650413245354 0.02855491741583599 0.17957784511007485 0.3157435908101627 0.34425160312145053 0.15273319861609808 -0.02590069327600464 -0.03094338990736996 0.009926279283016376 0.06518714092985607 0.08824378893415731 0.11426633392536144 0.11835879457929575 0.10563414505572041 0.07552778328461517 0.03342127516514728 -0.025689711045590594 -0.09154010245839636 -0.15750027869848257 -0.2111404014637949 -0.2378058955499187 -0.22743599601454018 -0.17321871322667082 -0.08327873969795693 0.024406197395171192 0.12820559228159267 0.1482427959324092 0.22034249230783493 0.13787862261084652 -0.07695424396602492 -0.2570740393873901 -0.2569039630125953 -0.07814581751323389 0.0706971457617125 0.22155735026845277 0.31374354554361417 0.3350215039168721 0.27935203153793625 0.16180839037468103 0.011097405604794037 -0.1468887431221734 -0.27625765970605903 -0.35365510581605936 -0.36284467715528906 -0.3041539109800648 -0.1887707341671152 -0.04121510879306671 0.10104169773085457 0.23157256539310037 0.21306209431780915 0.2714330211214052 0.14593644665025202 -0.10188223390383593 -0.34239001103546957 -0.34435661379381766 -0.13498998732568696 0.10444014004384015 0.3337086396056831 0.49182445276466497 0.5333874363794354 0.4528151974676665 0.2624978699540135 0.006988526009593964 -0.2565732631894843 -0.47548768947284625 -0.6028370225081735 -0.6155465431007461 -0.5116569388040678 -0.31721946629044884 -0.07095408780676069 0.1681067960433655 0.3789227254763172 0.4390653380713967 0.43858913066554045 0.17202594865013068 -0.08650834266909868 -0.24605184425181265 -0.2167607748831492 -0.07575620157209935 0.1500729926810894 0.3619644282921274 0.5142104626666851 0.5553800159368932 0.4666286176130914 0.26526906488104185 -0.01267702145406479 -0.30740644297806313 -0.5567676857790193 -0.7108165056976307 -0.7382079192488326 -0.635287118081326 -0.4216718985538592 -0.13986773858110968 0.15023158291737504 0.40111122454766684 0.5644364120244358 0.5348582653090416 0.17622662749231277 -0.048262766971067156 -0.07281316086867975 -0.032433681218082745 0.022078918393543166 0.15076315219381217 0.2732987157063336 0.3581472225385946 0.3756207204694829 0.30981286578695316 0.1658863267199533 -0.029037156509339492 -0.2389869899452543 -0.42189494541616984 -0.5396906208368302 -0.5698753849858289 -0.505464397292045 -0.35925857270463646 -0.15670133761325813 0.07074790371341595 0.25262379974019866 0.42244495992385783 0.4103737352910458 0.14919146476741446 -0.01463838063145074 0.023623646091406398 0.04159985424463819 0.053427767160102946 0.08965784003818367 0.1259996695286509 0.14784908684543124 0.14621000681707538 0.11486908049929836 0.054733627899829905 -0.025011106475859773 -0.1108235119622526 -0.18615561297458746 -0.23747317970096812 -0.2535197383361528 -0.2312639246179096 -0.1739089526036028 -0.0918096006761632 0.004538836285805723 0.09054509107416807 0.14636595681285908 0.19324816877481418 0.08225415924140332 0.001941930712218838 0.013966786807646533 0.017018241447226273 0.02109268843455165 0.021861107383951996 0.024567750308119862 0.023742804015034633 0.021216521602797283 0.014126895514703957 0.004282496829463968 -0.008472322496873108 -0.021617524364133434 -0.033165804673834266 -0.04152144214355682 -0.04397924335472196 -0.04191284744277743 -0.03221370951527069 -0.021286998696843886 -0.004402167734642029 0.006959279592920208 0.01923534658043684 0.0229386637310873 0.04158694823376561
</DataArray>
        <DataArray type="Float64" Name="Mode_20_w" NumberOfComponents="1" format="ascii">
 7.13960537475586e-8 5.138589046428274e-8 7.139605641570231e-8 5.138588889294929e-8 2.412009442566762e-7 -2.4521888227530386e-7 -9.247954136331632e-9 5.002244913413834e-7 -4.4441355830933266e-7 -4.4441355830933266e-7 -4.475561421250177e-7 1.3024480008673705e-6 -1.2243639235113525e-6 -2.990128016954622e-9 1.192206572357628e-6 -8.384300495508154e-7 -4.016362640541732e-7 1.0366857421564884e-6 -1.0903678330056358e-6 1.2424822214031167e-6 -1.3739828513553289e-6 -1.3739828513553289e-6 1.102874124396594e-6 -5.377411719310094e-7 -8.72122712172771e-9 2.3918553804170285e-7 -1.6640928396627635e-7 8.269507632081198e-8 -2.885519203694966e-7 9.410700022379972e-7 -2.074386359081122e-6 3.2421732250372214e-6 3.2421732250372214e-6 -3.804863732559148e-6 3.2019393351692696e-6 -1.7171727565644917e-6 -1.66539210774598e-7 1.6007996964879439e-6 -4.818170711417082e-7 -2.426681616250189e-6 2.599143700851077e-6 3.3942944023078127e-7 -2.8249862394574886e-6 2.8432211841230903e-6 2.8432211841230903e-6 -1.0030669783558979e-6 -2.4648304067416674e-7 5.144505223667289e-8 3.3433269118298386e-7 -3.7914792858529146e-7 2.4120094227951573e-7 -2.452188819674438e-7 -9.247952995958307e-9 5.002244946960017e-7 -4.444135734538865e-7 -4.444135734538865e-7 -4.475561205710473e-7 1.3024479911644893e-6 -1.2243639309783835e-6 -2.9901092332124285e-9 1.1922065604296895e-6 -8.384300550507546e-7 -4.0163625891805594e-7 1.036685747139014e-6 -1.0903678452104903e-6 1.242482238899395e-6 -1.3739828734442975e-6 -1.3739828734442975e-6 1.102874151962288e-6 -5.377411967854636e-7 -8.721208578400707e-9 2.391855282750467e-7 -1.6640928000779914e-7 8.269507669201412e-8 -2.885519260054349e-7 9.410700142620174e-7 -2.074386373556347e-6 3.2421732313975804e-6 3.2421732313975804e-6 -3.8048637224835746e-6 3.201939308337188e-6 -1.7171727216341351e-6 -1.665392405291726e-7 1.6007996988335452e-6 -4.818170374894565e-7 -2.4266816428070213e-6 2.5991436822008227e-6 3.394294796770565e-7 -2.82498625935934e-6 2.843221171631544e-6 2.843221171631544e-6 -1.0030669546506189e-6 -2.4648305089856926e-7 5.144505111595266e-8 3.343326934699505e-7 -3.7914792878908145e-7 6.416799166627665e-6 -8.104510079753549e-5 8.973434851754168e-5 2.3398717246127835e-5 -0.0002808257643563581 0.0002943765039481398 0.0002943765039481398 9.534216802102207e-5 -0.0005806334116897558 0.0004987360095357868 0.00015128884435104526 -0.0007028633478756556 0.0006336618772518793 -0.00011814936567723592 -0.0003367115367551526 0.00046525315986185623 -0.0002967392422445212 5.727782759772348e-5 5.727782759772348e-5 6.929622744093572e-5 -5.196982783993585e-5 2.7352172223614286e-6 1.3793050628052337e-5 3.321372001686837e-5 7.914991305851986e-5 -0.0008345070298922857 0.0008941825449919646 6.514350028476569e-5 -0.0018420600060041722 -0.0018420600060041722 0.0020351406372131147 0.0002989252102301409 -0.003153141723023608 0.0027897848802782305 0.0006515281502130161 -0.003525032228786317 0.0034431255356706285 -0.0012853550617001825 -0.000636101165064473 0.0013529461528221753 -0.0009075389366894506 -0.0009075389366894506 0.00017128187463683669 0.00015956978383023897 -9.182758393928388e-5 1.8830382751121105e-5 -8.006184568490113e-5 0.0005835743422446613 0.0008088616496031833 -0.003175875908164586 0.0039409955146660494 -0.00033125300362840345 -0.00033125300362840345 -0.00590634993019856 0.006953110211418968 0.0007787764135360114 -0.01007502745246141 0.009896583312524944 -0.0005065381014201174 -0.007863067605651483 0.008907509417347696 -0.0043672197971165476 -0.0003403516807754427 0.002393500120104428 0.002393500120104428 -0.0016806002144202333 0.00020164607895554096 0.00015961283924706077 -7.069957843958797e-5 6.193871837740738e-5 -0.0009420955845246771 0.0011529819090090815 0.0026029248143922346 -0.0076132386332326656 0.007430885605905491 0.007430885605905491 0.0020176166854526507 -0.013392894201797048 0.01193058402019061 0.004439438050476802 -0.0189687872175533 0.015986021623390127 -0.0003645078334004644 -0.011562714639286481 0.012346777062246963 -0.005765781031366503 -0.005765781031366503 -0.0006236392888368367 0.0028285577999874263 -0.0015336921028211608 3.959247615881846e-5 0.00010867382330302301 8.51659308371623e-5 0.0006873224997063674 -0.003304482998546326 0.0016707304352348634 0.006194155021525548 -0.014103540974856272 -0.014103540974856272 0.010234911353683358 0.008175225986902977 -0.02380735199789309 0.01573644244780466 0.010745652043922003 -0.027518631780409895 0.019151677190140184 0.0015813965852867875 -0.014532319770505099 0.013432092772774908 0.013432092772774908 -0.005083513743737784 -0.0015145289483523203 0.002559500524783249 -0.0006043547096386332 -6.531810133221057e-5 8.51659308371623e-5 0.0006873224997063674 -0.003304482998546326 0.0016707304352348634 0.006194155021525548 0.001689547310094866 -0.014103540974856272 0.010234911353683358 0.008175225986902977 -0.02380735199789309 0.01573644244780466 0.01640606394536245 0.018708296587167952 -0.03321043870899285 0.018091373408380164 0.005206470893231841 0.013432092772774908 -0.005083513743737784 0.011696419902619189 -0.0025974066641972116 -0.0021642197994440997 0.0012037366199275533 -5.944324357242523e-5 -0.00020763219895630943 0.0003652268555578041 0.003373429432731231 -0.006438322543014219 0.001689547310094866 0.012073131884395849 0.012073131884395849 -0.022244814855524663 0.010987129387754691 0.018489862060862117 -0.035199696524642915 0.01640606394536245 0.018708296587167952 -0.03321043870899285 0.018091373408380164 0.005206470893231841 -0.015940480095936474 0.011696419902619189 0.011696419902619189 -0.0025974066641972116 -0.0021642197994440997 0.0012037366199275533 -5.944324357242523e-5 0.000149156315153787 -0.0013010504652346939 -0.0003138467960439893 0.006856501813212504 -0.01073778398788898 0.001034515814321416 0.001034515814321416 0.020701300914616652 -0.031569951346950176 0.008805641227024055 0.03183392201165445 -0.04434908647312468 0.012595206883341255 0.026397314574285312 -0.03399061508671411 0.01297588439847989 0.008986257085073036 -0.014678424613214327 -0.014678424613214327 0.007680371774642958 7.715513254575969e-5 -0.001472871410866997 0.0002012560524279737 9.572963213344691e-5 0.0010307947588921828 -0.0037157727593810823 -0.001015164326997188 0.012239016029487697 -0.01672023650879938 -0.01672023650879938 -0.0009548468702274758 0.03303099821076637 -0.04150303468280307 0.0029972797958557414 0.04567662095847275 -0.04779161348227021 0.004665670433442077 0.031230638224923796 -0.02937141890505864 0.005994441497983396 0.010861034718226479 0.010861034718226479 -0.010970043994320501 0.0031383837483575754 0.001254235793091397 -0.0002885258234320615 -0.0003037950049809698 0.00046284999862063983 0.004671965347869333 -0.007169780746243888 -0.002734841436358409 0.020821035531169586 0.020821035531169586 -0.024470325776903005 -0.006352902579334144 0.04993862589489473 -0.049671239009128676 -0.007208180022457986 0.05625974069196739 -0.043255022491752504 -0.004991185106648904 0.031182738607066968 -0.021201272702128515 -1.5250720968453134e-5 -1.5250720968453134e-5 0.010154336497155561 -0.0060625827432068645 -0.00038410197655371384 0.0002947226556416499 0.00027982286657409774 -0.0018387864679383769 -0.0009326927077237947 0.010498802969083827 -0.011166437060866214 -0.007198496674361852 -0.007198496674361852 0.033765697166773016 -0.03160056464936926 -0.018557424446967057 0.06845325858635837 -0.04973239538427535 -0.021000866197707586 0.05842292586317296 -0.031124466320998936 -0.012367444009847491 0.02599067434290824 -0.012496288643644169 -0.012496288643644169 -0.003612183937522249 0.0071520678507968945 -0.0008339131008331747 -0.0001689456344586309 -5.905287272198436e-5 0.0019137418623062514 -0.004425189170347801 -0.0054883946719338685 0.018039858860954907 -0.014030357395226413 -0.014030357395226413 -0.016868996163778786 0.049027673315282405 -0.031554485357800116 -0.03673033828951931 0.07741311178492792 -0.03673033913264846 -0.031554484623829156 0.049027673350096716 -0.01686899659270974 -0.01403035709733513 -0.01403035709733513 0.018039858861422377 -0.00548839482737527 -0.0044251891079486174 0.0019137418711028943 -5.90528772750978e-5 -0.00016894563745067126 -0.0008339130706735715 0.007152067875797048 -0.0036121840902802807 -0.012496288455822829 -0.012496288455822829 0.02599067441078455 -0.012367444478217388 -0.031124465841816096 0.05842292601240899 -0.02100086709495821 -0.04973239465152348 0.06845325879054759 -0.018557425200291345 -0.031600564171549814 0.0337656972782737 -0.007198496991700375 -0.007198496991700375 -0.011166436905699467 0.010498802991093415 -0.0009326928016996636 -0.0018387864654523147 0.0002798228680452556 0.0002947226563600108 -0.0003841020053972598 -0.006062582706190916 0.01015433658478966 -1.5250966379272403e-5 -1.5250966379272403e-5 -0.02120127251776472 0.031182738794328133 -0.004991185701655057 -0.043255022066686556 0.05625974102183852 -0.0072081808896072895 -0.04967123850134945 0.04993862617792822 -0.0063529031425064286 -0.024470325501994274 0.020821035634784168 0.020821035634784168 -0.0027348416362201664 -0.007169780671450374 0.004671965371620425 0.0004628499737154157 -0.000303795004121591 -0.00028852582245104686 0.001254235808627871 0.0031383836772393365 -0.010970043994558795 0.010861034890441802 0.010861034890441802 0.00599444118487526 -0.029371418764305306 0.031230638545668328 0.004665669804052291 -0.04779161317668537 0.04567662137299067 0.0029972790852799787 -0.04150303438888098 0.033030998474652795 -0.0009548472581624939 -0.016720236351907693 -0.016720236351907693 0.012239016105813837 -0.0010151644366473247 -0.0037157727226076027 0.0010307947735574443 9.572962846784251e-5 0.00020125604871291147 -0.001472871422586135 7.715518848871971e-5 0.007680371691924628 -0.014678424674661865 -0.014678424674661865 0.008986257346250607 0.012975884066180292 -0.03399061502089202 0.026397314988870088 0.012595206311840915 -0.044349086307808594 0.03183392241747006 0.008805640705153658 -0.03156995120913515 0.02070130113022585 0.0010345155606178878 0.0010345155606178878 -0.010737783896595209 0.006856501866686479 -0.00031384684546196227 -0.001301050456394996 0.00014915631810207342 -5.9443240534485863e-5 0.0012037366119804246 -0.0021642198503972524 -0.0025974065821970675 0.011696419841219982 -0.01594048021826867 -0.01594048021826867 0.005206471208875849 0.018091373110865318 -0.03321043872583407 0.018708297012969888 0.01640606349672288 -0.03519969648372586 0.01848986240004318 0.01098712904507814 -0.022244814814508976 0.012073132048880008 0.012073132048880008 0.0016895471573956 -0.0064383224921693094 0.0033734294669834635 0.0003652268430402026 -0.0002076321980030986 -5.9443240534485863e-5 0.0012037366119804246 -0.0021642198503972524 -0.0015145290238730077 -0.005083513653976469 0.013432092743926592 -0.01594048021826867 0.005206471208875849 0.018091373110865318 -0.03321043872583407 0.018708297012969888 0.01640606349672288 0.015736442153498807 -0.023807352033938547 0.00817522623580077 0.010234911160572225 -0.014103540981674224 0.0016895471573956 0.0061941551359540985 0.0016707303543286927 -0.003304482978047349 0.0006873225161910978 8.516592908688414e-5 -6.531810478790223e-5 -0.0006043547053996998 0.0025595005283991596 -0.0015145290238730077 -0.005083513653976469 -0.005083513653976469 0.013432092743926592 -0.014532319925290667 0.0015813968936144406 0.019151676957184716 -0.027518631852839343 0.010745652400214627 0.015736442153498807 -0.023807352033938547 0.00817522623580077 0.010234911160572225 -0.014103540981674224 -0.014103540981674224 0.0061941551359540985 0.0016707303543286927 -0.003304482978047349 0.0006873225161910978 8.516592908688414e-5 0.00010867382433689462 3.959246757816167e-5 -0.0015336920962963254 0.002828557817540629 -0.0006236393674854604 -0.0006236393674854604 -0.005765780949294233 0.012346777051995852 -0.011562714786745344 -0.00036450758348371796 0.015986021463163823 -0.018968787299721686 0.004439438294886044 0.011930583868087806 -0.013392894262156618 0.00201761684314942 0.007430885518431006 0.007430885518431006 -0.0076132386530929075 0.0026029248802553586 0.0011529818739250243 -0.0009420955854150757 6.193872026229082e-5 -7.069957875476355e-5 0.00015961284122266886 0.00020164606704232207 -0.001680600208167097 0.0023935001412947656 0.0023935001412947656 -0.00034035174390581094 -0.0043672197338767 0.008907509408547511 -0.007863067708834609 -0.0005065379397503585 0.009896583221707689 -0.010075027509243452 0.0007787765437624022 0.006953110156636446 -0.005906349976402637 -0.0003312529245404017 -0.0003312529245404017 0.003940995485421087 -0.0031758759224509506 0.0008088616776795365 0.0005835743380455361 -8.006184590389847e-5 1.8830382570451363e-5 -9.182758414508997e-5 0.0001595697869211065 0.00017128186745772763 -0.0009075389322310963 -0.0009075389322310963 0.001352946161854453 -0.0006361011934170184 -0.0012853550282306322 0.0034431255197259346 -0.0035250322572297622 0.0006515282046924052 0.0027897848458788193 -0.003153141736666291 0.00029892525033946684 0.002035140621375411 -0.0018420600170880972 -0.0018420600170880972 6.514352345695998e-5 0.000894182535900928 -0.0008345070304731399 7.914991844015504e-5 3.3213719416931e-5 1.3793050700458134e-5 2.735216827056028e-6 -5.196982767343828e-5 6.92962288072838e-5 5.727782472841027e-5 5.727782472841027e-5 -0.0002967392397101443 0.000465253160917054 -0.000336711542958919 -0.00011814935732872738 0.0006336618726981269 -0.0007028633527507457 0.0001512888550451999 0.0004987360023165989 -0.000580633413069584 9.534217430822046e-5 0.0002943765011557651 0.0002943765011557651 -0.00028082576569267155 2.3398720088741248e-5 8.973434756810137e-5 -8.104510131114106e-5 6.416799680846576e-6
</DataArray>
        <DataArray type="Float64" Name="Mode_20_phi1" NumberOfComponents="1" format="ascii">
 -1.2372593116827328e-6 7.638612687562112e-8 1.2372592967727051e-6 -7.638615469797002e-8 3.08341626877399e-6 -4.943748553460332e-6 9.084437384277158e-6 -1.574261305754244e-5 2.0376029560905806e-5 -1.6735318888751805e-5 4.398464844661133e-6 8.247080523195815e-6 -1.2931691610225609e-5 1.256377078301634e-5 -1.8094792909047553e-5 3.368408902157827e-5 -5.02003565504608e-5 5.506801578598315e-5 -4.437765169699343e-5 2.4586629459280887e-5 -5.826686353894243e-6 -4.930844442737042e-6 6.775908794924653e-6 -3.851492032696143e-6 1.0111590897038671e-6 -9.210062641989773e-8 1.768292355124225e-7 2.2119095538970742e-8 2.3532509787798158e-7 1.5912770881480472e-6 -6.211369587547006e-6 5.588791368656762e-6 1.1796879758739647e-5 -4.375518908049481e-5 6.700933851305484e-5 -5.5589267952704695e-5 1.4709361240554972e-5 1.3045975151865501e-5 2.904846463841928e-6 -3.57517321264436e-5 3.614368201105357e-5 -2.9088961510737697e-6 -2.0377969257005628e-5 1.065944949636697e-5 1.1893683722250657e-5 -2.1341103211637056e-5 1.5436455433044118e-5 -7.240131246895245e-6 4.455591896449231e-6 -3.5212097989769627e-6 -3.0834162297374094e-6 4.943748477541258e-6 -9.084437260712842e-6 1.5742612930299762e-5 -2.0376029520259222e-5 1.673531898007678e-5 -4.398465010946987e-6 -8.24708041434592e-6 1.2931691620149007e-5 -1.2563770830388926e-5 1.8094792927349567e-5 -3.3684089081955155e-5 5.020035682817339e-5 -5.506801640609679e-5 4.437765260323463e-5 -2.4586630469354744e-5 5.826687271822564e-6 4.930843733963341e-6 -6.7759083093357674e-6 3.85149171621263e-6 -1.0111588741700769e-6 9.2100479067465e-8 -1.7682914662226339e-7 -2.211903538904648e-8 -2.3532516044524713e-7 -1.591277028401503e-6 6.211369456934695e-6 -5.588791035684901e-6 -1.1796880314082598e-5 4.3755189618138266e-5 -6.700933866199154e-5 5.558926758834815e-5 -1.4709360744803036e-5 -1.304597522118567e-5 -2.9048468555695487e-6 3.5751732429779604e-5 -3.6143681850436447e-5 2.908895819621389e-6 2.0377969272824456e-5 -1.0659449163704798e-5 -1.1893684084946004e-5 2.134110338571657e-5 -1.543645546437049e-5 7.2401312593595455e-6 -4.455591928896922e-6 3.521209830838111e-6 0.0007143427149139251 -0.0013725943980619224 -0.0012181617811303398 -0.003233288300201306 0.006357178320645505 -0.006396175650827219 -0.00418403921651678 0.011579200443897986 -0.003325534185290627 -0.015104054871547007 0.015064415844771709 0.00410714049338926 -0.013419980245686585 2.1918771573692005e-5 0.017261128858883788 -0.01873752667767863 0.008588315846914866 0.0017255894571546017 -0.0043752040670131795 0.0015711450642365943 0.0008911323928013904 -0.00023334228666515414 -0.0001892817189065243 -0.00037208657316057303 0.0007591475480601654 -0.00295169982498061 0.011753889829497976 -0.02507259837801842 0.023070724403032435 0.0032580454249502523 -0.038273526369729555 0.03108079543082557 0.023313986098424614 -0.058795216814198595 0.016191907189491272 0.04564847593549456 -0.032822347540051325 -0.03715925085165255 0.07991145006022402 -0.056936533454113716 0.01002515882712923 0.01750031960769775 -0.015008796393886881 0.0014686769266680146 0.00224815716541479 -0.00016835692914017668 0.0008552012604432467 0.012003736622298934 0.01260192575111511 -0.043779324008414215 0.06552426240302894 -0.02428263452193457 -0.046473673642707575 0.0580203042277698 0.006573124259607504 -0.056274705436815224 0.028970646751210357 0.030448109127060547 -0.051941689373518576 0.011611368369977962 0.06201433054221453 -0.10237800378456338 0.08008556930568671 -0.026784555370887843 -0.006457815059599412 0.010990388972332038 -0.006108237334560789 -0.0015948352723544445 0.00025637898756593775 -0.0029076076337397863 -0.02526077199505023 0.012340651237977568 0.07212273958581754 -0.14257508390684326 0.06608217523418194 0.12712078274644614 -0.17177207369883238 -0.03888707036349143 0.2042521453366271 -0.057898538196996495 -0.18062087503666333 0.1798388660395899 0.013332490761093017 -0.15043792356260785 0.13807018033125684 -0.05336439917591422 -0.009721852591319812 0.011839291534413826 0.010154936653885142 -0.006911695696256221 -0.0007528432702046341 0.0004169838502308775 0.0051292136529480755 0.015601561958879972 -0.06658519512795769 -0.029556564272892022 0.1917448386959702 -0.18622487386688896 -0.1048291772370455 0.35429075246017 -0.12593759389945028 -0.33086548593518444 0.3165569821688838 0.18297519671524964 -0.43829638040659546 0.1441039347923614 0.23123086178096047 -0.2739248791332827 0.06939019918231497 0.09289501458172253 -0.08847277426139444 -0.003771707323757516 0.039536795723706185 -0.004377587768163488 -0.001957528844742818 -0.004932223446022045 0.012552445549819173 0.08724552491039197 -0.06534923798775501 -0.13484139998405165 0.2940627204797537 -0.07543328777448706 -0.409854022657975 0.45692801906674635 0.19234142153279504 -0.6444275988465243 0.16137770152801895 0.5547670731825177 -0.4888513397970428 -0.1457259192509063 0.4617242481112281 -0.2235604131313101 -0.12938470500143032 0.21622769730424943 -0.06777221572527127 -0.05720717160468113 0.023700997915729407 0.0025764497894822883 0.0008375539974850834 -0.03235514816637309 -0.034910053280238634 0.12094277693614194 -0.016809949077390286 -0.25982265810903055 0.30177173573382204 0.1970984322556453 -0.6932032359045928 0.2794497182745315 0.6670723004179734 -0.7109494034403749 -0.2724054309306083 0.7949792569348942 -0.19714222878942095 -0.5251862564511307 0.49121055762694166 0.011402519610685261 -0.30105431254926696 0.1907419294425382 0.02796061650146394 -0.050472758553382756 -0.0005788588860218553 0.003450600439018817 0.017505788871905098 -0.05129044329330827 -0.0734202415612994 0.14008140195704075 0.06932087339724025 -0.36613170523655725 0.18149134626116795 0.5592020070791113 -0.794340115754211 -0.15804333029323406 0.9999999982659908 -0.35971821116824554 -0.7577681084665995 0.668849834329709 0.28438060032613893 -0.6867483974543809 0.2603933719647254 0.24214920566670653 -0.2923333347580197 0.05085185293297237 0.06982050731656173 -0.0038524153863631074 -0.0036356080773920917 0.01683851561331074 0.07635223574467197 -0.03611782507014013 -0.12680812159176627 0.11894860793869678 0.19676329502913548 -0.4142101698699122 -0.09121304538391521 0.8907217506460635 -0.5921182083414429 -0.6570236536331524 0.8932419921937541 0.273712887255742 -0.9298593980536506 0.21658400528741079 0.5911401814597557 -0.5111157297675483 -0.0255457462124276 0.2904425234836648 -0.13804040643787033 -0.06428544152910774 0.00926008577983356 0.000750652781217975 -0.026099738594922713 -0.010494330262789705 0.08682700109781542 0.023338361730911316 -0.1325536892054534 0.006086725579591565 0.3286787670633528 -0.2857316515353905 -0.47732494312380175 0.9184017076881362 -0.062373985492822887 -0.854085269911303 0.30962685513252264 0.7226098515342206 -0.623259334784341 -0.20533051463015395 0.524226563528806 -0.2028451181116777 -0.1562064938361242 0.17147868751186496 0.03033343846700825 -0.01259098066691103 -0.0006031788076193619 -0.002368183965904394 -0.049554481633372546 -0.018805828064910858 0.0044758211055685795 0.02782876639910096 0.016158931777308535 -0.1693236205708402 0.25172400877187734 0.08077055744146451 -0.5795889677815494 0.3806640689774036 0.37924989897820693 -0.45970624576454483 -0.2683637799570749 0.6002647731716846 -0.1534485517742059 -0.28640847999578667 0.2542264218391067 -0.012603936175430885 -0.10879945297334245 0.01223834055096763 0.01112369104195939 0.005542302256210428 0.02773098928998318 0.0044069490426517045 -0.06259064647643652 0.12107831895809347 -0.047962504248550634 -0.18744324784447014 0.29459271338347576 -0.08531024828029724 -0.1777971343143346 0.1899784831076179 -6.031615055343138e-10 -0.18997848327511752 0.17779713762564348 0.08531024383026838 -0.29459271198807047 0.18744325008146215 0.047962501791382256 -0.12107831868757364 0.06259064719347529 -0.004406949912421035 -0.027730989434648343 -0.005542302231652943 -0.01112369102900034 -0.012238339904265193 0.10879945369400144 0.012603933299933917 -0.254226420413628 0.2864084833045733 0.15344854542421676 -0.6002647725562137 0.2683637880644666 0.4597062404711863 -0.379249903902073 -0.38066406316974855 0.5795889708323658 -0.08077056445773839 -0.2517240057971805 0.16932362113798646 -0.016158932854363223 -0.02782876621844514 -0.004475820855156063 0.018805828463774526 0.04955448134353237 0.0023681836908540825 0.0006031787992484647 0.012590980537200114 -0.030333439439371154 -0.17147868727718477 0.15620649695370314 0.20284511329223442 -0.5242265642278414 0.2053305231571853 0.6232593282421653 -0.7226098579702789 -0.30962684390319234 0.8540852725732028 0.06237397299641571 -0.9184017048030595 0.47732495176138817 0.28573164487755737 -0.32867876804968893 -0.00608672290527243 0.13255368919049312 -0.023338362933907442 -0.08682700062818356 0.010494331431717494 0.02609973876779505 -0.0007506528011452184 -0.009260085595387435 0.06428544212098528 0.13804040471838805 -0.2904425254067184 0.025545752300687397 0.5111157256964121 -0.5911401871274724 -0.21658399418310934 0.9298593975487622 -0.2737128996277121 -0.8932419859994399 0.6570236646358704 0.5921181967241993 -0.8907217538555803 0.0912130546201535 0.41421016684135753 -0.19676329797098527 -0.11894860576386135 0.12680812258273513 0.036117823901799476 -0.07635223593991368 -0.01683851523175694 0.0036356081126944296 0.003852415170559261 -0.06982050750025674 -0.05085185089619257 0.29233333440461995 -0.24214921062189354 -0.26039336515853595 0.6867483976881673 -0.28438061019902416 -0.668849826680031 0.7577681156641983 0.35971819906334307 -1.0 0.1580433433762758 0.794340110008706 -0.5592020138097004 -0.1814913393897339 0.36613170515021864 -0.06932087655125183 -0.14008140075389577 0.07342024276790433 0.05129044256322752 -0.01750578914448219 -0.0034506003981609077 0.0005788590616203983 0.050472758358760986 -0.02796061816102597 -0.19074192787494362 0.30105431481265127 -0.011402525800591057 -0.4912105539824439 0.5251862617745947 0.1971422192327858 -0.7949792564410495 0.2724054417358128 0.7109493966600874 -0.6670723074510887 -0.2794497084267788 0.6932032361233674 -0.19709843938679691 -0.301771732008498 0.2598226598036952 0.016809946443377483 -0.120942776587534 0.03491005431219952 0.03235514806256495 -0.0008375540557796026 -0.0025764499116274152 -0.023700997610938725 0.05720717240782591 0.0677722141696662 -0.21622769747068757 0.1293847085678694 0.2235604090333633 -0.46172424930065126 0.14572592641157817 0.48885133466474556 -0.5547670779884307 -0.16137769278535655 0.6444275984849381 -0.19234142925860342 -0.4569280145713791 0.40985402633038 0.07543328258597529 -0.29406271965760045 0.1348414022752944 0.06534923624051957 -0.08724552517260986 -0.01255244509734636 0.004932223469008475 0.001957528920024064 0.004377587629307187 -0.03953679570476292 0.0037717082290549754 0.08847277386336645 -0.09289501582471703 -0.06939019681763453 0.27392487856232756 -0.23123086558416822 -0.14410392964132807 0.43829637991846326 -0.18297520204171808 -0.3165569784421186 0.33086548913939084 0.1259375890640322 -0.3542907523919404 0.10482918114447283 0.18622487153722397 -0.19174483961329614 0.029556566065075743 0.0665851943898997 -0.015601562444576845 -0.005129213640094268 -0.00041698388647414735 0.0007528433319699546 0.006911695621458896 -0.01015493666192811 -0.011839291372413716 0.009721853082394606 0.05336439838369179 -0.13807018019449377 0.15043792510310447 -0.013332493787795949 -0.17983886428452403 0.18062087646346586 0.05789853562496627 -0.20425214549058368 0.038887073144389765 0.17177207255192897 -0.12712078438825886 -0.0660821731792875 0.1425750836841007 -0.07212274065987546 -0.012340650407412357 0.02526077216261433 0.0029076075869964293 -0.0002563789494936311 0.0015948353009392743 0.006108237342524093 -0.010990389032714402 0.006457815459267367 0.026784554798782396 -0.08008556887163441 0.10237800426615809 -0.06201433174225288 -0.011611367153169853 0.05194168891536986 -0.030448109547274428 -0.028970646259119638 0.0562747056365523 -0.006573125104211084 -0.058020303855868156 0.04647367429224894 0.024282633620518634 -0.06552426215230409 0.04377932432119421 -0.012601926095739424 -0.012003736588115885 -0.0008552012348904864 0.00016835690731061166 -0.0022481571617114357 -0.0014686768386879948 0.015008796373101093 -0.017500319890106246 -0.010025158197632961 0.05693653299390476 -0.07991145027696592 0.037159251824982954 0.03282234684868904 -0.045648476194684186 -0.016191906479659856 0.05879521674694865 -0.023313986762215487 -0.031080795015319747 0.03827352653259193 -0.0032580459538271733 -0.023070724140075445 0.02507259834963595 -0.011753889952543275 0.002951699804882049 -0.0007591475932040564 0.0003720865653143186 0.00018928173510633682 0.00023334227086804077 -0.0008911323930897417 -0.0015711450551925776 0.004375204109483307 -0.0017255895971176611 -0.00858831567047919 0.018737526614117758 -0.017261128990728156 -2.191853595753203e-5 0.01341998022672677 -0.004107140699249574 -0.015064415694011641 0.01510405498054472 0.0033255339913628016 -0.011579200467015206 0.004184039341232963 0.006396175532248851 -0.00635717832563729 0.0032332883156450856 0.001218161775925558 0.0013725943811521537 -0.0007143427097321709
</DataArray>
        <DataArray type="Float64" Name="Mode_20_phi2" NumberOfComponents="1" format="ascii">
 1.6686028597261824e-6 -2.6090380181038674e-7 -1.6686028576471527e-6 2.6090381343177375e-7 -4.15662616810113e-6 4.212681951747174e-6 -4.5022700425496605e-6 9.989868875687064e-6 -1.8966146363214305e-5 2.2148012690348527e-5 -1.2788463505801864e-5 -2.492420035183087e-6 7.5735199527865175e-6 3.523745379736148e-6 -1.6851095751620833e-5 1.4651661038949154e-5 2.7235181415240202e-6 -1.8636610887074486e-5 1.9245876519854294e-5 -4.634640457647149e-6 -1.4528209446586575e-5 2.6695669040454562e-5 -2.6777271500337824e-5 1.8316996122908516e-5 -9.316208592789355e-6 4.116219311852957e-6 -1.6067716337910222e-6 2.227896684179943e-6 -5.967218640238995e-6 1.012485885561142e-5 -1.3813052275172218e-5 2.0316489949957714e-5 -3.589853466945708e-5 6.119782933801827e-5 -8.331755100472384e-5 8.190588005078547e-5 -5.000900211156083e-5 8.829419624475126e-6 1.02676228558275e-5 -2.8332660753784106e-6 -4.842377795774554e-6 -4.883264181384874e-6 1.7572823943596284e-5 -1.283640190230226e-5 -5.844142008869494e-6 2.0033016096795737e-5 -2.0983273221029127e-5 1.4413984958784368e-5 -8.506142214614272e-6 5.099006198064664e-6 4.156626158031383e-6 -4.212681929957892e-6 4.502269975061949e-6 -9.989868746425475e-6 1.8966146262483598e-5 -2.2148012731703386e-5 1.2788463661771602e-5 2.4924199296589186e-6 -7.573520078193435e-6 -3.5237450855419624e-6 1.6851095532315733e-5 -1.4651660996215129e-5 -2.723518118948314e-6 1.863661104398924e-5 -1.92458769647751e-5 4.6346410820684566e-6 1.4528208836213258e-5 -2.6695668618703702e-5 2.6777271296933125e-5 -1.8316996063737793e-5 9.316208574340716e-6 -4.116219281402482e-6 1.6067716056603992e-6 -2.227896717786204e-6 5.967218687853883e-6 -1.0124858914321255e-5 1.381305236842272e-5 -2.0316490126432248e-5 3.589853493319145e-5 -6.119782954833639e-5 8.331755089019899e-5 -8.190587942828411e-5 5.000900113730277e-5 -8.82941874035453e-6 -1.0267623346192697e-5 2.8332663020307397e-6 4.842377530208196e-6 4.883264513935132e-6 -1.757282409993806e-5 1.283640176532834e-5 5.844142274600273e-6 -2.0033016278813027e-5 2.0983273271428027e-5 -1.4413984956086389e-5 8.506142218570033e-6 -5.099006209579011e-6 -0.001098229202216955 0.0008059647554990241 -0.0019145773580590349 0.004870735972304071 -0.006432616152947093 0.002641330443376457 0.005373079184664112 -0.007671380952813085 0.00012665055716887087 0.006140189128945384 -0.00011185795405836437 -0.008296900358250385 0.0038001653260795808 0.011111398974105988 -0.02085944265009458 0.018750833559838927 -0.010479017367471128 0.0038116693081899503 -0.0018140991057273349 0.002247775437064068 -0.0020228538523152074 0.0010323743373061138 0.0001537304809860384 0.0013480296277828846 -0.0006041620921596612 -0.00960118292196343 0.013600334355901628 0.008671796502184696 -0.04207266955271736 0.04072652326906191 0.01005773124369098 -0.04792382908519503 0.016350677625994365 0.03386237312604109 -0.011291931720594476 -0.0614651800224532 0.08760079258397312 -0.03912505563977061 -0.022348539073899075 0.044193875276255006 -0.029456723743238846 0.0069973695721366296 0.0015993710628186106 0.00037934951859188907 -0.0015796297488464728 -0.0004404891423787066 0.0009062465364058622 0.0016557534739321338 0.00830870346733281 -0.05410564884067119 0.08868714038153731 -0.043771174152212905 -0.07214047922032438 0.12034612055368094 -0.011439847552299098 -0.10976575876651366 0.048472500060657675 0.11280875108785701 -0.11242058862030466 -0.07367789110014751 0.22253727011738225 -0.19487505428201304 0.0685097603092339 0.02233681981746869 -0.03420828614054582 0.005719591553152798 0.007576091911104469 -0.002513720555255588 0.0005399338552048514 0.0009656088856962775 0.0017145102727180131 0.0010704064774038323 0.030322521870039858 -0.11132151382158713 0.15167611583856205 -0.06801651767881116 -0.08910200660953715 0.13413683274594404 -0.009797683643477264 -0.06109165324678203 -0.10244843384171941 0.30433857095246286 -0.2296507398876599 -0.06560895145236055 0.2664204728347147 -0.23324872274898392 0.0888236431632816 0.005099300325014991 -0.012233202191207696 -0.012298629358083225 0.015132693370097748 -0.0029965984388930383 -0.004054309159068784 0.007685684509216453 -0.022329795682733175 0.035763686177216744 0.01679737403636434 -0.13024079249578505 0.19715556149636926 -0.11419912851772245 -0.049970558279488035 0.08184707013564348 0.03306532490427559 -0.0028118414033995835 -0.28894229114059133 0.504891469194977 -0.3425065057880582 -0.013558645491481789 0.20561587971089673 -0.15949531107188983 0.04172321607700508 0.007793737967959861 0.0098557280440947 -0.02199000164464376 0.006271975669018016 0.0068227179970980125 -0.021573895777597548 0.03419263636623076 -0.07289507586688491 0.1108596166628118 -0.06306838450302417 -0.09706987716724508 0.23931855266315183 -0.20043884035248144 0.06244925106475495 -0.07738180291058752 0.18392552129240847 -0.02461443561284701 -0.3853906895129422 0.5822925966676881 -0.3681624455330304 0.04817171966020716 0.07736139462872338 -0.03326485500643982 -0.018609017165802783 0.010822797296894815 0.012843635036766431 -0.0070710448558399435 -0.003825465012421174 0.024290094674580504 -0.021959178538099793 0.03001451535978587 -0.1236477181237461 0.24189201179139902 -0.2167055020608758 -0.026622819359872332 0.27602512126882434 -0.2779098168407993 0.18672838325485186 -0.2980607989161901 0.4086331309443769 -0.1352094413577891 -0.32690871302484176 0.48954276324713947 -0.31030868490570906 0.10631157241341734 -0.04411005836284535 0.054946546825368064 -0.04646787373970454 0.011421957793290529 0.003918850396115965 -0.002632287498936689 -0.006670969282420396 -0.0026349307050485904 0.0488249596991526 -0.020368273749033026 -0.16968958433981107 0.4110835678800932 -0.4089249596868958 0.06923545103215552 0.2393014913994654 -0.22625534077063242 0.20603238275548888 -0.455192772025638 0.5892824921134953 -0.2761456066051297 -0.15648682212107015 0.31221795821373327 -0.23145995201231415 0.13232086150044764 -0.09262768526559294 0.07486739912528993 -0.03681767885387748 0.0014109413216358616 0.0053377305583987575 -0.0182759275000177 0.01442328778442426 -0.06491164811327536 0.15995952223281884 -0.12398626107627303 -0.17661441073568154 0.5607781130744572 -0.5840989138691944 0.19404598469609002 0.06692468753084312 0.011712697813245581 0.05586550875144288 -0.4362702159071181 0.6226469996927533 -0.3695914012795967 0.011345009241525362 0.16126150454895147 -0.15773194128524592 0.10386859983983215 -0.07250920918596457 0.04256962337280674 -0.006427290822166287 -5.281029063092575e-6 0.02219356732846632 -0.00959805758180361 -0.0024807497660736997 -0.10846280319226032 0.2967064468896337 -0.30213954294661277 -0.10364912023296423 0.6323306737750515 -0.6735214810263805 0.2730778861594605 -0.13017212569723227 0.3212063354424517 -0.22577803220647108 -0.23755013450602086 0.5189084593501161 -0.38272557027794507 0.0953988767755074 0.07571196302182455 -0.0836416171514645 0.038541460871601 -0.021542477334300866 0.006411187175375567 -0.006675232922625152 0.003205508322616369 0.00020005943634699344 0.06014523825865435 -0.08265591313862858 -0.1076201558585706 0.4561145425237856 -0.5353527436877212 0.019285996948385963 0.5868005466637949 -0.520097938418569 0.08787175009169688 -0.16306874008077374 0.5731217052320882 -0.5065744198616517 -0.023934204500547916 0.37787572596579155 -0.3121846748273856 0.0847503652695545 0.031508116395687374 -0.006234458780986896 -0.014005860694818174 -0.0011567372979389816 0.006055908594935951 -0.02583899997880645 0.004867923554503606 -0.03611986519060112 0.18001111690207966 -0.2257878844317622 -0.0726163848173152 0.5806188239570562 -0.6728946599806985 0.1027259971674562 0.32540998662420983 -4.5027194360833574e-10 -0.32540999035006435 -0.10272598779459102 0.672894655425892 -0.5806188282121527 0.07261639115973015 0.22578788118055937 -0.18001111730663089 0.03611986600078679 -0.004867923370118652 0.02583899991719869 -0.006055908583442693 0.0011567373752290678 0.014005860554907127 0.0062344590876521585 -0.03150811753246799 -0.08475036302249228 0.31218467366775754 -0.3778757298426835 0.023934212516121715 0.5065744139951851 -0.5731217065528799 0.16306874365280793 -0.08787174865890889 0.5200979372615787 -0.5868005530814964 -0.019285986466870707 0.5353527384357653 -0.45611454466629336 0.10762015954894046 0.08265591112703126 -0.06014523805979774 -0.00020005954538304552 -0.003205507764634641 0.006675232894537553 -0.00641118716924885 0.0215424776038683 -0.0385414612103218 0.08364161790087456 -0.07571196539389034 -0.09539887297963781 0.3827255676454116 -0.5189084619442458 0.2375501422480487 0.2257780250893407 -0.3212063326442673 0.1301721233795246 -0.2730778807342233 0.6735214784698041 -0.6323306789238626 0.10364912854212498 0.3021395381367323 -0.2967064470551723 0.10846280481839655 0.0024807488241342817 0.009598057852363168 -0.02219356745440083 5.281161020688367e-6 0.00642729070113791 -0.042569623352441355 0.07250920924205771 -0.10386860006920033 0.15773194227407325 -0.16126150752131557 -0.011345003834580264 0.36959139618662185 -0.6226469996427231 0.4362702217659096 -0.05586551502351669 -0.011712694023089876 -0.0669246924770548 -0.1940459773739309 0.5840989098626429 -0.5607781157721348 0.17661441635072597 0.12398625742551428 -0.1599595215870236 0.064911648556996 -0.014423287785048065 0.018275927310763822 -0.005337730592126073 -0.0014109412079208686 0.0368176783026401 -0.07486739874559366 0.09262768492231645 -0.13232086106826202 0.2314599522261734 -0.31221796084538267 0.15648682879888076 0.2761455992364117 -0.5892824895299954 0.4551927746122137 -0.20603238574025107 0.22625534284897647 -0.239301496232871 -0.06923544403785113 0.40892495560775116 -0.41108356864528106 0.1696895874327822 0.020368271652852193 -0.048824959087239043 0.002634930447498609 0.0066709695294724465 0.0026322874181373217 -0.0039188505723159 -0.01142195727200209 0.04646787288103171 -0.054946546253570545 0.044110057484885876 -0.10631157026117809 0.3103086829761333 -0.48954276468520597 0.3269087199025584 0.13520943337024818 -0.40863312731464857 0.29806079869455365 -0.186728383023766 0.2779098168385523 -0.2760251243959443 0.026622824502063578 0.21670549874091516 -0.24189201125122717 0.12364771918524863 -0.0300145160867946 0.02195917865567347 -0.024290094871156437 0.0038254650480131535 0.007071044896307379 -0.012843635631450077 -0.010822796660522044 0.018609016752307722 0.033264855523361926 -0.07736139662414335 -0.04817171504056075 0.36816244118976826 -0.582292596892214 0.3853906952281201 0.02461442937629313 -0.1839255187095561 0.07738180187868736 -0.062449249265084765 0.20043883894991016 -0.239318553844633 0.09706988033094796 0.06306838197786838 -0.11085961548813088 0.07289507567799001 -0.034192636237262354 0.021573895550080796 -0.00682271803395839 -0.006271975715910153 0.021990001789975712 -0.009855728505672364 -0.007793737885422284 -0.041723215692109586 0.1594953114847881 -0.20561588278629037 0.013558651600292097 0.3425065004697041 -0.5048914686807251 0.2889422947191591 0.0028118384002142906 -0.03306532454435546 -0.08184707050056444 0.04997056025338001 0.1141991265537131 -0.1971555614619715 0.1302407943122746 -0.016797375915417582 -0.03576368509544769 0.022329795191311425 -0.007685684311070154 0.004054309092664582 0.0029965984084201146 -0.015132693369564411 0.012298629480642975 0.01223320211072419 -0.005099300951002595 -0.08882364201971754 0.23324872270995442 -0.26642047575469957 0.0656089569335381 0.22965073555066984 -0.30433857050807 0.10244843563694231 0.06109165288972018 0.009797682274732275 -0.13413683234688017 0.08910200824691536 0.06801651578650592 -0.15167611542966708 0.11132151480852492 -0.03032252299638862 -0.0010704059728964155 -0.0017145104425656974 -0.0009656088554215147 -0.0005399338596881213 0.002513720474368606 -0.007576091914915964 -0.005719591408912183 0.03420828626293229 -0.022336820812349823 -0.0685097587238281 0.19487505350090725 -0.2225372716166293 0.07367789430764297 0.1124205865437801 -0.112808751588851 -0.04847249887102718 0.10976575940211719 0.011439845856339868 -0.12034612011616316 0.07214048046300632 0.04377117281159713 -0.08868714010171898 0.05410564927423315 -0.008308703763267679 -0.0016557534925638762 -0.0009062465430407257 0.00044048915164044517 0.0015796297537694693 -0.0003793495347321209 -0.0015993711022163689 -0.006997369437957605 0.029456723688642016 -0.04419387568102818 0.022348540066426704 0.03912505448542345 -0.08760079214045184 0.06146518055389581 0.011291931141399227 -0.03386237331507155 -0.016350677073144533 0.04792382919125329 -0.010057731913508934 -0.04072652287700254 0.042072669786895174 -0.00867179698660359 -0.013600334084503828 0.009601182905023254 0.0006041620462057902 -0.0013480296344622067 -0.00015373048771906547 -0.001032374327223142 0.0020228538444417537 -0.002247775432866014 0.0018140990816571886 -0.0038116692429152194 0.010479017273739335 -0.018750833533430263 0.02085944278007851 -0.011111399240351141 -0.003800165100484558 0.008296900314350483 0.00011185791441495358 -0.006140189168742987 -0.00012665042704905615 0.0076713808999755865 -0.0053730792541437575 -0.0026413303520853213 0.006432616117097431 -0.004870735988559889 0.001914577367401375 -0.0008059647517152527 0.0010982291972521292
</DataArray>
      </PointData>
    </Piece>
    <FieldData>
      <DataArray type="Float64" Name="Selected_Lambda_Real" NumberOfComponents="1" NumberOfTuples="20" format="ascii">
 1.9134271852758932e8 2.1871084518386784e8 3.613668883987472e8 4.7699912494994575e8 4.990815683728394e8 5.064695815679108e8 6.875527293470242e8 7.146878845461181e8 7.718371343024908e8 9.043331953096335e8 9.228450304748892e8 9.460443378901567e8 9.933386353985319e8 1.0817203941232672e9 1.1254431922664957e9 1.1524669426351168e9 1.198523808192488e9 1.3531613550018146e9 1.4185535844880707e9 1.4466719111238742e9
</DataArray>
    </FieldData>
  </UnstructuredGrid>
</VTKFile>
