mode_rank,eigen_index,vtk_w_field,lambda_real,lambda_imag,node_row,x,y,w,phi_1,phi_2
1,1,w1,-Inf,0.0,1,0.0,0.0,-1.2885164096664962e-55,1.4960518897404194e-12,-1.4960519015472663e-12
1,1,w1,-Inf,0.0,2,1.0,0.0,-4.6070443666715185e-57,7.645413778048143e-14,-7.645414958766662e-14
1,1,w1,-Inf,0.0,3,1.0,1.0,-4.051534243066951e-59,-1.0,0.9999999999999998
1,1,w1,-Inf,0.0,4,0.0,1.0,-1.1159721305074839e-57,3.010475473053853e-12,-3.010475434230332e-12
1,1,w1,-Inf,0.0,5,0.2499999999994109,0.0,1.3013547801582612e-55,1.6108462657354575e-13,-1.610846383810234e-13
1,1,w1,-Inf,0.0,6,0.4999999999986921,0.0,-3.6663359538375317e-56,-6.051511587398166e-21,-5.755749453888482e-21
1,1,w1,-Inf,0.0,7,0.7499999999993406,0.0,1.005469625781429e-56,-2.0111507611412549e-13,2.0111506430723276e-13
1,1,w1,-Inf,0.0,8,1.0,0.2499999999994109,6.891578218658424e-58,8.903075387744044e-23,-8.268509526161096e-22
1,1,w1,-Inf,0.0,9,1.0,0.4999999999986921,-3.432214156883088e-58,-1.0150529947967069e-10,1.0150529948174724e-10
1,1,w1,-Inf,0.0,10,1.0,0.7499999999993406,5.386044147459034e-58,2.1606850714052973e-20,-1.0960769898734448e-20
1,1,w1,-Inf,0.0,11,0.7500000000003471,1.0,-3.8946370379910075e-58,-1.6067706519737533e-12,1.606770690797276e-12
1,1,w1,-Inf,0.0,12,0.5000000000020595,1.0,1.7617595428698664e-59,3.623156200098458e-20,2.5919601842227535e-21
1,1,w1,-Inf,0.0,13,0.2500000000010405,1.0,2.7090831638730845e-58,5.686650265476541e-12,-5.686650226653019e-12
1,1,w1,-Inf,0.0,14,0.0,0.7500000000003471,2.691340738976907e-57,9.306333714824808e-21,1.3397471005677068e-21
1,1,w1,-Inf,0.0,15,0.0,0.5000000000020595,-1.203542369989979e-56,4.214065578696737e-11,-4.2140655784890855e-11
1,1,w1,-Inf,0.0,16,0.0,0.2500000000010405,3.3728743882932923e-56,1.508504085434993e-21,-2.2463242841283838e-21
1,1,w1,-Inf,0.0,17,0.2499999999998184,0.2500000000006332,-8.691281777383577e-41,2.74224723757387e-22,-1.0120449224620972e-21
1,1,w1,-Inf,0.0,18,0.2500000000002257,0.5000000000012177,-6.290814499891509e-41,-2.1475757838752995e-21,4.224077496546998e-21
1,1,w1,-Inf,0.0,19,0.2500000000006332,0.7500000000000954,2.828177192902026e-41,-1.3142159344245602e-20,2.3788240159619618e-20
1,1,w1,-Inf,0.0,20,0.4999999999995339,0.2500000000002257,-1.963251788136999e-41,-1.6409146319249327e-19,1.6335364299377715e-19
1,1,w1,-Inf,0.0,21,0.5000000000003757,0.5000000000003757,-3.3757345310707637e-41,-1.8297017568806923e-21,3.906203469533221e-21
1,1,w1,-Inf,0.0,22,0.5000000000012177,0.749999999999844,6.675323947797119e-41,1.5992453269160346e-20,-5.346372453804805e-21
1,1,w1,-Inf,0.0,23,0.7499999999995922,0.2499999999998184,-1.1345326508533524e-41,2.9648069721813994e-20,-3.038588992054133e-20
1,1,w1,-Inf,0.0,24,0.749999999999844,0.4999999999995339,8.584195051987138e-42,1.3651765461998722e-21,7.113251664334921e-22
1,1,w1,-Inf,0.0,25,0.7500000000000953,0.7499999999995921,1.0656048345346442e-40,2.4450602621011052e-20,-1.3804521805674034e-20
2,2,w2,-Inf,0.0,1,0.0,0.0,1.4610499713352507e-38,0.15611186878288583,-0.1555804667289265
2,2,w2,-Inf,0.0,2,1.0,0.0,5.195075490396567e-39,0.0017579650534565497,-0.0012265629994971498
2,2,w2,-Inf,0.0,3,1.0,1.0,5.754602625554337e-41,-0.004954434607074957,-0.004954434875720131
2,2,w2,-Inf,0.0,4,0.0,1.0,1.0693750600353909e-39,0.049851920071274564,-0.059760789554069646
2,2,w2,-Inf,0.0,5,0.2499999999994109,0.0,-1.7549530555538518e-38,0.0910920820373535,-0.09056067998339415
2,2,w2,-Inf,0.0,6,0.4999999999986921,0.0,8.813041746379124e-39,-0.00022868817297583814,0.0007600902269351903
2,2,w2,-Inf,0.0,7,0.7499999999993406,0.0,-2.8986742063590435e-39,0.0989032805203579,-0.09837187846639855
2,2,w2,-Inf,0.0,8,1.0,0.2499999999994109,-2.8282414976337344e-40,6.95055640270564e-6,-1.4082611228008467e-5
2,2,w2,-Inf,0.0,9,1.0,0.4999999999986921,9.599754178490466e-40,-0.8917415102707597,0.8915892999261007
2,2,w2,-Inf,0.0,10,1.0,0.7499999999993406,-3.2243334006651254e-39,-0.0011938703325790842,0.000402447967425134
2,2,w2,-Inf,0.0,11,0.7500000000003471,1.0,3.0237726861628824e-39,-0.031593562823541026,0.021684693340745975
2,2,w2,-Inf,0.0,12,0.5000000000020595,1.0,-7.079510562892989e-40,-0.004199620899969204,-0.0057092485828258745
2,2,w2,-Inf,0.0,13,0.2500000000010405,1.0,-8.189932171521801e-41,0.21319119074094797,-0.22310006022374296
2,2,w2,-Inf,0.0,14,0.0,0.7500000000003471,-7.564981482493347e-40,-0.0004881027610949517,-0.00030331960407863924
2,2,w2,-Inf,0.0,15,0.0,0.5000000000020595,7.42209989813958e-39,0.9998477896553357,-1.0
2,2,w2,-Inf,0.0,16,0.0,0.2500000000010405,-2.0878309897498412e-39,-0.00023875782067135274,0.00023162576584382017
2,2,w2,-Inf,0.0,17,0.2499999999998184,0.2500000000006332,1.9905541297173058e-22,1.1239956516153488e-5,-1.837201134312832e-5
2,2,w2,-Inf,0.0,18,0.2500000000002257,0.5000000000012177,1.440857470758389e-22,0.000457173305621902,-0.0006093836502852809
2,2,w2,-Inf,0.0,19,0.2500000000006332,0.7500000000000954,-6.482719296926262e-23,0.0003998629469586996,-0.0011912853121273789
2,2,w2,-Inf,0.0,20,0.4999999999995339,0.2500000000002257,4.4929512105773704e-23,0.008160002015195128,-0.008167134070021535
2,2,w2,-Inf,0.0,21,0.5000000000003757,0.5000000000003757,7.729766520931951e-23,7.584066073892154e-5,-0.00022805100540097944
2,2,w2,-Inf,0.0,22,0.5000000000012177,0.749999999999844,-1.5298557686138967e-22,0.0005839525966536335,-0.001375374961817407
2,2,w2,-Inf,0.0,23,0.7499999999995922,0.2499999999998184,2.5970544877602668e-23,-0.0013648627910440086,0.0013577307362181478
2,2,w2,-Inf,0.0,24,0.749999999999844,0.4999999999995339,-1.9690904430895628e-23,0.0003135387963458142,-0.0004657491410065513
2,2,w2,-Inf,0.0,25,0.7500000000000953,0.7499999999995921,-2.442085073729367e-22,0.00012587039302702554,-0.0009172927581858833
3,3,w3,-Inf,0.0,1,0.0,0.0,-8.67017202546206e-38,0.6382021403060976,-0.6290278115053007
3,3,w3,-Inf,0.0,2,1.0,0.0,-1.1551310624074864e-37,0.13294531064125234,-0.123770981840455
3,3,w3,-Inf,0.0,3,1.0,1.0,-1.4153099541286818e-39,0.08526801513344352,0.08526801513364153
3,3,w3,-Inf,0.0,4,0.0,1.0,-2.3189715588190271e-38,0.0077892332901209164,0.162746796976963
3,3,w3,-Inf,0.0,5,0.2499999999994109,0.0,1.4807230539162307e-37,0.078812438293169,-0.06963810949237195
3,3,w3,-Inf,0.0,6,0.4999999999986921,0.0,-1.362940833156144e-37,0.02018059867353508,-0.011006269872737813
3,3,w3,-Inf,0.0,7,0.7499999999993406,0.0,4.392272215619147e-38,0.24081129085736336,-0.231636962056566
3,3,w3,-Inf,0.0,8,1.0,0.2499999999994109,5.5551620967140635e-39,-0.0005198120126290826,0.002221521559816632
3,3,w3,-Inf,0.0,9,1.0,0.4999999999986921,-2.3871375052558706e-38,-0.014296880549131518,0.014549387053207819
3,3,w3,-Inf,0.0,10,1.0,0.7499999999993406,8.064337737991834e-38,-0.013515743633058134,0.015849059996901685
3,3,w3,-Inf,0.0,11,0.7500000000003471,1.0,-7.580288930873993e-38,-0.41219171218944006,0.5827277424565245
3,3,w3,-Inf,0.0,12,0.5000000000020595,1.0,1.8120712895041783e-38,0.03173722276232396,0.13879880750476037
3,3,w3,-Inf,0.0,13,0.2500000000010405,1.0,9.57996619551468e-40,-0.829463969732916,1.0
3,3,w3,-Inf,0.0,14,0.0,0.7500000000003471,1.1119292997814519e-38,-0.0049291249534856516,0.007262441317671963
3,3,w3,-Inf,0.0,15,0.0,0.5000000000020595,-1.53121550056952e-37,0.05115724653889141,-0.050904740034810984
3,3,w3,-Inf,0.0,16,0.0,0.2500000000010405,-2.399007288248139e-38,0.0058416058842661895,-0.004139896337107719
3,3,w3,-Inf,0.0,17,0.2499999999998184,0.2500000000006332,-4.6905464985324836e-21,-0.00038938308427938505,0.0020910926314451185
3,3,w3,-Inf,0.0,18,0.2500000000002257,0.5000000000012177,-3.4273605405925146e-21,-0.006898654637954731,0.007151161142034241
3,3,w3,-Inf,0.0,19,0.2500000000006332,0.7500000000000954,1.737134649100091e-21,0.01296884400991492,-0.010635527645814331
3,3,w3,-Inf,0.0,20,0.4999999999995339,0.2500000000002257,-9.213811037690107e-22,-0.011987337058609535,0.01368904660578245
3,3,w3,-Inf,0.0,21,0.5000000000003757,0.5000000000003757,-1.759039308325538e-21,0.0012897886465526682,-0.0010372821424742267
3,3,w3,-Inf,0.0,22,0.5000000000012177,0.749999999999844,4.000042217618282e-21,-0.04567345906775961,0.048006775431774576
3,3,w3,-Inf,0.0,23,0.7499999999995922,0.2499999999998184,-5.576822459739691e-22,0.005655223611817691,-0.003953514064637408
3,3,w3,-Inf,0.0,24,0.749999999999844,0.4999999999995339,5.830691118621119e-22,-0.0015195559734460127,0.0017720624775233917
3,3,w3,-Inf,0.0,25,0.7500000000000953,0.7499999999995921,6.3557831298424586e-21,-0.05837444032525668,0.060707756689185884
4,4,w4,-Inf,0.0,1,0.0,0.0,-3.695568328895401e-36,0.17175023119265728,-0.5464504623497595
4,4,w4,-Inf,0.0,2,1.0,0.0,-7.277460935655138e-37,0.2629106726717357,-0.6376109038288387
4,4,w4,-Inf,0.0,3,1.0,1.0,-8.139619026789763e-38,-0.014246240690581717,-0.014246240689106633
4,4,w4,-Inf,0.0,4,0.0,1.0,-2.1573793041742787e-37,-0.23847433213309507,0.20998185075340656
4,4,w4,-Inf,0.0,5,0.2499999999994109,0.0,6.08356085836307e-36,-0.15251621839220558,-0.2221840127648969
4,4,w4,-Inf,0.0,6,0.4999999999986921,0.0,-6.55218077482844e-37,0.10169103149121035,-0.4763912626483135
4,4,w4,-Inf,0.0,7,0.7499999999993406,0.0,-1.6344854805952706e-36,-1.0,0.6252997688428968
4,4,w4,-Inf,0.0,8,1.0,0.2499999999994109,7.75799298399397e-38,-0.0290468411249653,0.057406770564993145
4,4,w4,-Inf,0.0,9,1.0,0.4999999999986921,-4.784182315894363e-38,0.011873077765333579,-0.00583580977383883
4,4,w4,-Inf,0.0,10,1.0,0.7499999999993406,-3.1495358534523995e-37,-0.021602702302483543,0.038973730309454196
4,4,w4,-Inf,0.0,11,0.7500000000003471,1.0,5.000379443036609e-37,-0.8715150612883281,0.8430225799086388
4,4,w4,-Inf,0.0,12,0.5000000000020595,1.0,-9.604120846204182e-38,0.04379090563643354,-0.07228338701612268
4,4,w4,-Inf,0.0,13,0.2500000000010405,1.0,9.173770687668788e-38,0.5588606013168742,-0.5873530826965635
4,4,w4,-Inf,0.0,14,0.0,0.7500000000003471,-8.995362190548265e-37,0.02262198822267753,-0.0052509602157762535
4,4,w4,-Inf,0.0,15,0.0,0.5000000000020595,-1.1233095264148431e-36,-0.10473828707776214,0.11077555506918318
4,4,w4,-Inf,0.0,16,0.0,0.2500000000010405,-1.852563908950624e-36,0.06276420869577423,-0.03440427925450568
4,4,w4,-Inf,0.0,17,0.2499999999998184,0.2500000000006332,-1.074578356321341e-19,-0.022561947622668135,0.05092187706362669
4,4,w4,-Inf,0.0,18,0.2500000000002257,0.5000000000012177,-1.6395703174879406e-19,-0.05185460502397459,0.05789187301541398
4,4,w4,-Inf,0.0,19,0.2500000000006332,0.7500000000000954,8.445083572780774e-20,0.08757205146738758,-0.07020102346046914
4,4,w4,-Inf,0.0,20,0.4999999999995339,0.2500000000002257,4.064281710041457e-20,-0.015743404864557015,0.04410333430520491
4,4,w4,-Inf,0.0,21,0.5000000000003757,0.5000000000003757,-1.5999504291441526e-20,0.08082731946760333,-0.07479005147614542
4,4,w4,-Inf,0.0,22,0.5000000000012177,0.749999999999844,1.752272968960005e-19,0.137155264319233,-0.1197842363122971
4,4,w4,-Inf,0.0,23,0.7499999999995922,0.2499999999998184,6.682867450989854e-20,-0.44561289195234927,0.47397282139268726
4,4,w4,-Inf,0.0,24,0.749999999999844,0.4999999999995339,-1.5310655559481703e-20,-0.1983771812859534,0.20441444927742972
4,4,w4,-Inf,0.0,25,0.7500000000000953,0.7499999999995921,2.18490374184563e-19,-0.06431423121314238,0.08168525922009585
5,5,w5,-Inf,0.0,1,0.0,0.0,2.468068650703439e-35,-0.6642272229372055,-0.5041755806991466
5,5,w5,-Inf,0.0,2,1.0,0.0,3.75692291436338e-36,-0.6781803434175834,-0.490222460218769
5,5,w5,-Inf,0.0,3,1.0,1.0,-1.6833922181619292e-38,0.00958697959607533,0.009586979595160364
5,5,w5,-Inf,0.0,4,0.0,1.0,1.3039129073863187e-36,0.3757130045741944,-0.3565390453829591
5,5,w5,-Inf,0.0,5,0.2499999999994109,0.0,-1.2894020725934047e-35,-0.5835650887007228,-0.5848377149356297
5,5,w5,-Inf,0.0,6,0.4999999999986921,0.0,1.8108191325484325e-35,-0.16840280363635238,-1.0
5,5,w5,-Inf,0.0,7,0.7499999999993406,0.0,-6.284360856977523e-36,-0.39910759811948326,-0.7692952055168685
5,5,w5,-Inf,0.0,8,1.0,0.2499999999994109,-4.5044815269369204e-38,-0.20213085999924502,0.18545054428041635
5,5,w5,-Inf,0.0,9,1.0,0.4999999999986921,1.1574818568250306e-37,0.041475289027820474,0.044375011279145796
5,5,w5,-Inf,0.0,10,1.0,0.7499999999993406,-5.203451077233145e-37,-0.21996183580124437,0.22417929934086647
5,5,w5,-Inf,0.0,11,0.7500000000003471,1.0,4.933764277912719e-37,0.04639430032061512,-0.027220341129379634
5,5,w5,-Inf,0.0,12,0.5000000000020595,1.0,-8.699165472980289e-38,0.13766627273030627,-0.118492313539071
5,5,w5,-Inf,0.0,13,0.2500000000010405,1.0,-3.547041786771431e-37,-0.1019568764680322,0.12113083565926734
5,5,w5,-Inf,0.0,14,0.0,0.7500000000003471,-1.6606644144356106e-36,0.06639317901339079,-0.06217571547390351
5,5,w5,-Inf,0.0,15,0.0,0.5000000000020595,5.288631205207707e-36,0.04448183549855507,0.04136846480855128
5,5,w5,-Inf,0.0,16,0.0,0.2500000000010405,1.177738519743041e-36,0.07015516468538457,-0.08683548040012523
5,5,w5,-Inf,0.0,17,0.2499999999998184,0.2500000000006332,-6.180736220947543e-20,0.02123869961121085,-0.03791901532697322
5,5,w5,-Inf,0.0,18,0.2500000000002257,0.5000000000012177,-2.280905192176657e-19,0.003220607972220111,0.08262969233485115
5,5,w5,-Inf,0.0,19,0.2500000000006332,0.7500000000000954,-7.567936820828944e-20,-0.0749213453668091,0.07913880890632978
5,5,w5,-Inf,0.0,20,0.4999999999995339,0.2500000000002257,2.502790792672139e-19,-0.2912419865563274,0.2745616708395427
5,5,w5,-Inf,0.0,21,0.5000000000003757,0.5000000000003757,-9.59480143973112e-20,-0.04010371663673007,0.1259540169437664
5,5,w5,-Inf,0.0,22,0.5000000000012177,0.749999999999844,-1.1973940271369576e-19,0.2574264889676156,-0.25320902542806084
5,5,w5,-Inf,0.0,23,0.7499999999995922,0.2499999999998184,2.167242302686376e-19,0.4048235992161774,-0.4215039149339838
5,5,w5,-Inf,0.0,24,0.749999999999844,0.4999999999995339,-1.5938587354684616e-19,0.5763392998082,-0.4904889995011986
5,5,w5,-Inf,0.0,25,0.7500000000000953,0.7499999999995921,-1.5656768029538117e-19,0.37698191330761277,-0.37276444976802453
6,6,w6,-Inf,0.0,1,0.0,0.0,5.859719877777128e-35,0.2349253441952141,0.1279962920067403
6,6,w6,-Inf,0.0,2,1.0,0.0,2.6229948943927886e-35,0.24127675832552672,0.12164487787642701
6,6,w6,-Inf,0.0,3,1.0,1.0,5.6293644382621655e-37,-0.09874378556033096,-0.09874378555934088
6,6,w6,-Inf,0.0,4,0.0,1.0,9.142348917570277e-36,-0.46404790083485303,0.26656032971518134
6,6,w6,-Inf,0.0,5,0.2499999999994109,0.0,-6.945190895474841e-35,0.4557704194145814,-0.09284878321262696
6,6,w6,-Inf,0.0,6,0.4999999999986921,0.0,6.693034105553426e-35,1.0,-0.6370783637980464
6,6,w6,-Inf,0.0,7,0.7499999999993406,0.0,-3.7418787915865795e-35,-0.11589536554419072,0.47881700174614356
6,6,w6,-Inf,0.0,8,1.0,0.2499999999994109,-2.172581499162059e-36,-0.44859746182385335,0.3013010278343771
6,6,w6,-Inf,0.0,9,1.0,0.4999999999986921,-9.845900444934121e-37,-0.020074062994946323,-0.017503529028554062
6,6,w6,-Inf,0.0,10,1.0,0.7499999999993406,2.0605354066239256e-36,-0.18481753117432959,0.1780502414912459
6,6,w6,-Inf,0.0,11,0.7500000000003471,1.0,-1.2624221097499825e-36,-0.177841332835901,-0.019646238283771097
6,6,w6,-Inf,0.0,12,0.5000000000020595,1.0,1.1089556703808274e-36,-0.045883365694746665,-0.15160420542492578
6,6,w6,-Inf,0.0,13,0.2500000000010405,1.0,-2.16858093983397e-36,-0.04940301124415752,-0.14808455987551472
6,6,w6,-Inf,0.0,14,0.0,0.7500000000003471,-7.495555381115078e-36,-0.06725661504655638,0.060489325363150354
6,6,w6,-Inf,0.0,15,0.0,0.5000000000020595,4.5169457280659676e-35,-0.021684193699774847,-0.01589339832277893
6,6,w6,-Inf,0.0,16,0.0,0.2500000000010405,3.253566522219771e-35,-0.4530348401617429,0.3057384061709601
6,6,w6,-Inf,0.0,17,0.2499999999998184,0.2500000000006332,7.027948417076299e-19,0.25907854188899365,-0.4063749758794498
6,6,w6,-Inf,0.0,18,0.2500000000002257,0.5000000000012177,4.94843847702954e-19,-0.26312627556373025,0.22554868354094004
6,6,w6,-Inf,0.0,19,0.2500000000006332,0.7500000000000954,1.5403379546725432e-20,0.10469174739253972,-0.11145903707586476
6,6,w6,-Inf,0.0,20,0.4999999999995339,0.2500000000002257,1.206572942152911e-18,0.4070829058154296,-0.5543793398055589
6,6,w6,-Inf,0.0,21,0.5000000000003757,0.5000000000003757,-1.1156962744930523e-19,-0.43120596087121876,0.39362836884819163
6,6,w6,-Inf,0.0,22,0.5000000000012177,0.749999999999844,3.360245032722469e-19,-0.40864522708247414,0.40187793739922945
6,6,w6,-Inf,0.0,23,0.7499999999995922,0.2499999999998184,7.101142915533723e-19,0.8308450755692574,-0.9781415095590591
6,6,w6,-Inf,0.0,24,0.749999999999844,0.4999999999995339,5.89051011705906e-20,0.16285337639653005,-0.20043096841979388
6,6,w6,-Inf,0.0,25,0.7500000000000953,0.7499999999995921,9.215195873605927e-19,0.10315585495371346,-0.10992314463687727
7,7,w7,-Inf,0.0,1,0.0,0.0,6.852110530144995e-35,0.06228390785243003,0.03211166220018329
7,7,w7,-Inf,0.0,2,1.0,0.0,2.956109690445794e-35,0.09428064508859298,0.00011492496402039566
7,7,w7,-Inf,0.0,3,1.0,1.0,1.521436725685781e-36,-0.15780015518192925,-0.15780015518170573
7,7,w7,-Inf,0.0,4,0.0,1.0,5.525428803260106e-36,-0.35455744773872794,0.03895713737509266
7,7,w7,-Inf,0.0,5,0.2499999999994109,0.0,-5.440249852102726e-35,0.13060238021146653,-0.03620681015885294
7,7,w7,-Inf,0.0,6,0.4999999999986921,0.0,6.721602132614974e-35,0.0486622562481309,0.04573331380448289
7,7,w7,-Inf,0.0,7,0.7499999999993406,0.0,-3.133594927950794e-35,-0.054328162746805984,0.14872373279941953
7,7,w7,-Inf,0.0,8,1.0,0.2499999999994109,-2.81412941964281e-36,0.14716006073560506,0.10580596090639308
7,7,w7,-Inf,0.0,9,1.0,0.4999999999986921,7.349482791754375e-39,0.21880307051161627,0.2178543652842955
7,7,w7,-Inf,0.0,10,1.0,0.7499999999993406,-1.5735697943070295e-37,0.22079006565767825,0.022959331071412743
7,7,w7,-Inf,0.0,11,0.7500000000003471,1.0,8.107719372737607e-37,-0.1688978032396352,-0.14670250712400024
7,7,w7,-Inf,0.0,12,0.5000000000020595,1.0,1.3639404170534203e-36,-0.6516392491020121,0.3360389387383769
7,7,w7,-Inf,0.0,13,0.2500000000010405,1.0,-2.7239724905934345e-36,-0.20771353921241412,-0.10788677115122129
7,7,w7,-Inf,0.0,14,0.0,0.7500000000003471,-1.0359284116744924e-35,0.21641763406433473,0.027331762663242196
7,7,w7,-Inf,0.0,15,0.0,0.5000000000020595,3.8617020839454656e-35,0.23576310489187788,0.20089433090397066
7,7,w7,-Inf,0.0,16,0.0,0.2500000000010405,5.9473074648743695e-36,1.0,-0.7470339783568875
7,7,w7,-Inf,0.0,17,0.2499999999998184,0.2500000000006332,6.148615994162764e-19,-0.02806987431606538,0.28103589595889905
7,7,w7,-Inf,0.0,18,0.2500000000002257,0.5000000000012177,-9.069068060407294e-20,0.1494163087827322,0.2872411270131321
7,7,w7,-Inf,0.0,19,0.2500000000006332,0.7500000000000954,-1.2267547405324365e-19,-0.13233010938452924,0.3760795061124849
7,7,w7,-Inf,0.0,20,0.4999999999995339,0.2500000000002257,8.952144034870885e-19,0.32662088732900496,-0.07365486568644986
7,7,w7,-Inf,0.0,21,0.5000000000003757,0.5000000000003757,4.600670538019322e-19,0.32257822155559024,0.11407921424028998
7,7,w7,-Inf,0.0,22,0.5000000000012177,0.749999999999844,-2.6714876749280106e-19,0.0957478707140871,0.1480015260142469
7,7,w7,-Inf,0.0,23,0.7499999999995922,0.2499999999998184,4.896543315800162e-19,0.2939181435233368,-0.04095212188106025
7,7,w7,-Inf,0.0,24,0.749999999999844,0.4999999999995339,-1.1193218706889718e-18,0.2700089700357762,0.1666484657601199
7,7,w7,-Inf,0.0,25,0.7500000000000953,0.7499999999995921,-3.132574315819995e-19,0.5625776967503056,-0.31882830002159296
8,8,w8,-Inf,0.0,1,0.0,0.0,6.005027610547769e-35,-0.13106188417621498,-0.12708711836711384
8,8,w8,-Inf,0.0,2,1.0,0.0,6.996482880490087e-35,-0.008634181964973588,-0.24951482057835514
8,8,w8,-Inf,0.0,3,1.0,1.0,5.7560333561325464e-36,-0.09531608930577294,-0.09531608930543886
8,8,w8,-Inf,0.0,4,0.0,1.0,1.5744678210636777e-35,-0.31032202324794045,0.11968984463672959
8,8,w8,-Inf,0.0,5,0.2499999999994109,0.0,-1.4943065700555017e-34,-0.13174442188832283,-0.1264045806550057
8,8,w8,-Inf,0.0,6,0.4999999999986921,0.0,1.1241795594058778e-34,-0.36291980802751356,0.1047708054841852
8,8,w8,-Inf,0.0,7,0.7499999999993406,0.0,-4.2847022972498e-35,-0.17626712684923146,-0.08188187569409677
8,8,w8,-Inf,0.0,8,1.0,0.2499999999994109,-5.650075080833597e-36,0.8473458848533965,-0.344345511839915
8,8,w8,-Inf,0.0,9,1.0,0.4999999999986921,-7.987000015616987e-36,-0.1910805466507496,-0.19834547692482732
8,8,w8,-Inf,0.0,10,1.0,0.7499999999993406,9.477227190462119e-36,-0.1581653758736539,0.4453649915955536
8,8,w8,-Inf,0.0,11,0.7500000000003471,1.0,-1.1530708299293226e-35,0.021922929208845747,-0.2125551078200573
8,8,w8,-Inf,0.0,12,0.5000000000020595,1.0,8.084859797773804e-36,-0.7550738214614919,0.5644416428502813
8,8,w8,-Inf,0.0,13,0.2500000000010405,1.0,-6.838622707070968e-36,-0.15501771221726462,-0.03561446639394656
8,8,w8,-Inf,0.0,14,0.0,0.7500000000003471,-1.7421228664299304e-35,0.4831029461439363,-0.195903330421636
8,8,w8,-Inf,0.0,15,0.0,0.5000000000020595,1.041463669987605e-34,-0.1624037580979295,-0.2270222654790993
8,8,w8,-Inf,0.0,16,0.0,0.2500000000010405,2.184616318052682e-35,-0.22029598335485975,0.7232963563679112
8,8,w8,-Inf,0.0,17,0.2499999999998184,0.2500000000006332,2.940992792413862e-18,-0.08003127520260475,0.5830316482157637
8,8,w8,-Inf,0.0,18,0.2500000000002257,0.5000000000012177,9.38550538890991e-19,-0.1542468003111446,-0.23517922326552163
8,8,w8,-Inf,0.0,19,0.2500000000006332,0.7500000000000954,-2.3544057335455027e-19,0.542982826472344,-0.25578321075014426
8,8,w8,-Inf,0.0,20,0.4999999999995339,0.2500000000002257,-5.994704765466039e-20,0.444449858885438,0.058550514127828523
8,8,w8,-Inf,0.0,21,0.5000000000003757,0.5000000000003757,2.1694359591139116e-18,-1.0,0.6105739764236965
8,8,w8,-Inf,0.0,22,0.5000000000012177,0.749999999999844,-6.669353309132382e-19,0.17018030658739025,0.11701930913470955
8,8,w8,-Inf,0.0,23,0.7499999999995922,0.2499999999998184,2.16156088283796e-18,0.18767389964104894,0.3153264733723248
8,8,w8,-Inf,0.0,24,0.749999999999844,0.4999999999995339,-2.7712522810459497e-19,-0.15458149584177616,-0.23484452773416423
8,8,w8,-Inf,0.0,25,0.7500000000000953,0.7499999999995921,-1.2655913199783632e-18,0.24864765177136408,0.03855196395063563
9,9,w9,-Inf,0.0,1,0.0,0.0,1.1387341668300526e-34,0.148747672565706,0.0952549252814487
9,9,w9,-Inf,0.0,2,1.0,0.0,6.678398206074697e-35,0.022354187445649393,0.22164841040150474
9,9,w9,-Inf,0.0,3,1.0,1.0,2.9046167990572296e-36,0.22530995604029724,0.22530995604052928
9,9,w9,-Inf,0.0,4,0.0,1.0,1.8239524916659778e-35,0.3198134562575969,0.13080645582323025
9,9,w9,-Inf,0.0,5,0.2499999999994109,0.0,-1.4937461113584043e-34,0.18462203048430426,0.059380567362850176
9,9,w9,-Inf,0.0,6,0.4999999999986921,0.0,1.5168385704818105e-34,0.7157318392974016,-0.47172924145024725
9,9,w9,-Inf,0.0,7,0.7499999999993406,0.0,-6.073807359926172e-35,0.08032220090126733,0.16368039694588682
9,9,w9,-Inf,0.0,8,1.0,0.2499999999994109,-5.399909224625548e-36,0.3597265709443679,0.10500784850968285
9,9,w9,-Inf,0.0,9,1.0,0.4999999999986921,-5.2767731084248596e-36,-0.37322988119013184,-0.36562547440617554
9,9,w9,-Inf,0.0,10,1.0,0.7499999999993406,-4.4440319849531964e-36,-0.16929446223090913,-0.3491656848627288
9,9,w9,-Inf,0.0,11,0.7500000000003471,1.0,2.1371299012438227e-36,0.17576189020567987,0.27485802187514724
9,9,w9,-Inf,0.0,12,0.5000000000020595,1.0,4.577860698110933e-36,0.02742202301092053,0.4231978890699071
9,9,w9,-Inf,0.0,13,0.2500000000010405,1.0,-9.415313078591309e-36,0.357568747462277,0.09305116461855074
9,9,w9,-Inf,0.0,14,0.0,0.7500000000003471,-2.0189297764680478e-35,-0.21792066151981238,-0.30053948557143045
9,9,w9,-Inf,0.0,15,0.0,0.5000000000020595,9.250989090230344e-35,-0.40903397310450806,-0.32982138249841914
9,9,w9,-Inf,0.0,16,0.0,0.2500000000010405,3.356784919617697e-35,0.7990464610878899,-0.33431204163704714
9,9,w9,-Inf,0.0,17,0.2499999999998184,0.2500000000006332,1.888449089492014e-18,-0.24177363382479417,0.7065080532764385
9,9,w9,-Inf,0.0,18,0.2500000000002257,0.5000000000012177,-1.5343012058379452e-20,0.23139028219389943,-0.9702456377951721
9,9,w9,-Inf,0.0,19,0.2500000000006332,0.7500000000000954,-7.78406558125866e-20,-0.28292307376785514,-0.23553707332398652
9,9,w9,-Inf,0.0,20,0.4999999999995339,0.2500000000002257,1.5133145124775057e-18,0.3154017947841688,0.149332624668278
9,9,w9,-Inf,0.0,21,0.5000000000003757,0.5000000000003757,1.6097684876995154e-18,-0.18701662429757065,-0.5518387313020469
9,9,w9,-Inf,0.0,22,0.5000000000012177,0.749999999999844,-5.045475189039626e-19,0.4815398529075607,-1.0
9,9,w9,-Inf,0.0,23,0.7499999999995922,0.2499999999998184,1.8461831915139476e-18,0.8326450776484001,-0.36791065819515173
9,9,w9,-Inf,0.0,24,0.749999999999844,0.4999999999995339,-1.4326286910593623e-18,-0.39672599772092954,-0.34212935787703325
9,9,w9,-Inf,0.0,25,0.7500000000000953,0.7499999999995921,-8.62268799048957e-20,-0.6650817191189047,0.1466215720258658
10,10,w10,-Inf,0.0,1,0.0,0.0,1.4811701158036016e-34,-0.007044435057207977,0.0030089925503673583
10,10,w10,-Inf,0.0,2,1.0,0.0,2.4146356579368714e-35,-0.04940955641851433,0.045374113911675375
10,10,w10,-Inf,0.0,3,1.0,1.0,-2.799331419204615e-38,0.09138573326236162,0.09138573326257816
10,10,w10,-Inf,0.0,4,0.0,1.0,9.435320748123163e-36,0.14063410303506177,0.0421373634898786
10,10,w10,-Inf,0.0,5,0.2499999999994109,0.0,-1.118107414747856e-34,-0.05041243813420362,0.04637699562736346
10,10,w10,-Inf,0.0,6,0.4999999999986921,0.0,1.1203299818638e-34,-0.043764962673087854,0.03972952016624893
10,10,w10,-Inf,0.0,7,0.7499999999993406,0.0,-2.802108418477835e-35,0.05811734746840968,-0.06215278997524816
10,10,w10,-Inf,0.0,8,1.0,0.2499999999994109,-1.1947820884653146e-35,0.17542330015701013,0.7643313672086189
10,10,w10,-Inf,0.0,9,1.0,0.4999999999986921,-2.2406608063240016e-36,0.045138364444275034,0.047057988405965236
10,10,w10,-Inf,0.0,10,1.0,0.7499999999993406,-2.5970086831803525e-36,-0.2668284523661843,0.21356219705100762
10,10,w10,-Inf,0.0,11,0.7500000000003471,1.0,3.4974636812281458e-37,0.07428867009982022,0.10848279642511997
10,10,w10,-Inf,0.0,12,0.5000000000020595,1.0,3.647990225010762e-36,0.04671364183389561,0.13605782469104474
10,10,w10,-Inf,0.0,13,0.2500000000010405,1.0,-4.1904605290083704e-36,0.1688636997390373,0.013907766785903027
10,10,w10,-Inf,0.0,14,0.0,0.7500000000003471,-1.3518345288292908e-35,-0.03462959510642135,-0.018636660208572745
10,10,w10,-Inf,0.0,15,0.0,0.5000000000020595,4.592990085214967e-35,0.027328674268585398,0.06486767857496716
10,10,w10,-Inf,0.0,16,0.0,0.2500000000010405,8.955024900421761e-36,0.3121607605744524,0.6275939067914889
10,10,w10,-Inf,0.0,17,0.2499999999998184,0.2500000000006332,7.467950042330467e-19,1.0,-0.06024533263413637
10,10,w10,-Inf,0.0,18,0.2500000000002257,0.5000000000012177,-9.773321602871734e-19,-0.1163878714716152,0.2085842243168396
10,10,w10,-Inf,0.0,19,0.2500000000006332,0.7500000000000954,-5.124945294630713e-19,-0.2946149149777192,0.24134865966267965
10,10,w10,-Inf,0.0,20,0.4999999999995339,0.2500000000002257,2.6037774044134136e-19,0.42740861207824543,0.5123460552875402
10,10,w10,-Inf,0.0,21,0.5000000000003757,0.5000000000003757,9.629078084019687e-19,0.23134636017659416,-0.13915000732969743
10,10,w10,-Inf,0.0,22,0.5000000000012177,0.749999999999844,-1.0236679989399801e-18,-0.24996041064596858,0.19669415533088375
10,10,w10,-Inf,0.0,23,0.7499999999995922,0.2499999999998184,1.5313085997009655e-18,0.3859020325536281,0.55385263481208
10,10,w10,-Inf,0.0,24,0.749999999999844,0.4999999999995339,-2.021381600680301e-18,0.09954878075517656,-0.007352427906607899
10,10,w10,-Inf,0.0,25,0.7500000000000953,0.7499999999995921,-1.6482008110028846e-18,-0.22833850757116728,0.175072252256037
11,11,w11,-Inf,0.0,1,0.0,0.0,6.4337188144449825e-34,-0.04136364872998983,-0.02735987555245749
11,11,w11,-Inf,0.0,2,1.0,0.0,4.322768374771224e-34,0.04226703154279144,-0.11099055582526458
11,11,w11,-Inf,0.0,3,1.0,1.0,-1.1158764607412701e-35,-0.05044664487975794,-0.05044664487968338
11,11,w11,-Inf,0.0,4,0.0,1.0,1.1582159373486325e-34,-0.12234892403149182,0.021455634272050276
11,11,w11,-Inf,0.0,5,0.2499999999994109,0.0,-3.8080527254424783e-34,-0.036706388149486624,-0.03201713613296287
11,11,w11,-Inf,0.0,6,0.4999999999986921,0.0,7.229494274907742e-34,-0.40585161390291563,0.33712808962045326
11,11,w11,-Inf,0.0,7,0.7499999999993406,0.0,-6.937079924349756e-34,-0.05566563462334983,-0.013057889659120227
11,11,w11,-Inf,0.0,8,1.0,0.2499999999994109,9.023807220063209e-35,-0.614014057391882,0.6192820124532787
11,11,w11,-Inf,0.0,9,1.0,0.4999999999986921,1.0219870803746568e-35,-0.18263024959888377,-0.1873323897169272
11,11,w11,-Inf,0.0,10,1.0,0.7499999999993406,-3.191188170148799e-36,-1.0,0.7090886432472471
11,11,w11,-Inf,0.0,11,0.7500000000003471,1.0,3.324804641914202e-35,-0.0008460318557226252,-0.10004725790371892
11,11,w11,-Inf,0.0,12,0.5000000000020595,1.0,2.734802161355732e-35,0.21798677739834782,-0.31888006715778966
11,11,w11,-Inf,0.0,13,0.2500000000010405,1.0,2.0696687910204352e-35,-0.09362745705996321,-0.007265832699477824
11,11,w11,-Inf,0.0,14,0.0,0.7500000000003471,-1.9265096565190435e-34,-0.9118652464715397,0.6209538897193282
11,11,w11,-Inf,0.0,15,0.0,0.5000000000020595,6.368493494682933e-34,-0.16733104281604258,-0.20263159650176846
11,11,w11,-Inf,0.0,16,0.0,0.2500000000010405,-6.323794622569522e-34,0.42166871322786387,-0.4164007581674817
11,11,w11,-Inf,0.0,17,0.2499999999998184,0.2500000000006332,2.588469774021803e-18,-0.5633415143045299,0.5686094693651668
11,11,w11,-Inf,0.0,18,0.2500000000002257,0.5000000000012177,-1.0689777056177881e-17,-0.06487269605469975,-0.30508994326261163
11,11,w11,-Inf,0.0,19,0.2500000000006332,0.7500000000000954,4.83379176189225e-18,-0.4837926750260496,0.19288131827370422
11,11,w11,-Inf,0.0,20,0.4999999999995339,0.2500000000002257,1.397043576987048e-17,0.03882143594639175,-0.03355348088550183
11,11,w11,-Inf,0.0,21,0.5000000000003757,0.5000000000003757,-5.153168965430973e-18,-0.7118124876044167,0.341849848287606
11,11,w11,-Inf,0.0,22,0.5000000000012177,0.749999999999844,1.3246353875087384e-17,-0.5473263112898252,0.25641495453734436
11,11,w11,-Inf,0.0,23,0.7499999999995922,0.2499999999998184,1.5905859169055078e-17,-0.157608226749987,0.16287618181113012
11,11,w11,-Inf,0.0,24,0.749999999999844,0.4999999999995339,9.069760281942034e-18,-0.44867466880673673,0.07871202949042588
11,11,w11,-Inf,0.0,25,0.7500000000000953,0.7499999999995921,7.50253046617669e-18,0.04724774916568237,-0.3381591059182999
12,12,w12,-Inf,0.0,1,0.0,0.0,-3.2343070923657923e-18,1.977572185917236e-6,0.00010645471435325273
12,12,w12,-Inf,0.0,2,1.0,0.0,-7.903644394444337e-19,0.3237761937274556,0.3234864254686238
12,12,w12,-Inf,0.0,3,1.0,1.0,6.217790498551802e-20,-0.12798301571174492,-0.12792091419864146
12,12,w12,-Inf,0.0,4,0.0,1.0,-8.963601050192891e-20,0.20533108389689803,0.20566676274999818
12,12,w12,-Inf,0.0,5,0.2499999999994109,0.0,3.6541722484814884e-18,-0.627234768306216,-0.6274360206221964
12,12,w12,-Inf,0.0,6,0.4999999999986921,0.0,-2.047797534808708e-18,0.03007805701802695,0.03199967088535438
12,12,w12,-Inf,0.0,7,0.7499999999993406,0.0,1.4655893877952612e-18,0.2712685386429966,0.2715586359675175
12,12,w12,-Inf,0.0,8,1.0,0.2499999999994109,-7.988714740935616e-19,-0.2517378530087458,-0.2500380088581332
12,12,w12,-Inf,0.0,9,1.0,0.4999999999986921,-1.6982621332272384e-19,-0.18375331052396487,-0.18394963669450407
12,12,w12,-Inf,0.0,10,1.0,0.7499999999993406,1.7597089439227435e-19,-0.12549869015980541,-0.13217615277122138
12,12,w12,-Inf,0.0,11,0.7500000000003471,1.0,-1.9325843993978985e-19,-0.09704136817720076,-0.09719542485986425
12,12,w12,-Inf,0.0,12,0.5000000000020595,1.0,1.2187322891421912e-20,-0.04306404835644442,-0.04455253081057772
12,12,w12,-Inf,0.0,13,0.2500000000010405,1.0,1.0770335886018304e-18,0.06223017505872111,0.062445645420500955
12,12,w12,-Inf,0.0,14,0.0,0.7500000000003471,-4.911704365508745e-19,0.24571568599253138,0.25091623371479105
12,12,w12,-Inf,0.0,15,0.0,0.5000000000020595,-2.224726811577597e-18,0.4688412702315164,0.4689395454892029
12,12,w12,-Inf,0.0,16,0.0,0.2500000000010405,1.9442300393124083e-18,1.0,0.9963965687450848
12,12,w12,-Inf,0.0,17,0.2499999999998184,0.2500000000006332,-0.023959167746154267,-0.19899593416359926,-0.2035191866814162
12,12,w12,-Inf,0.0,18,0.2500000000002257,0.5000000000012177,-0.006641310906898864,0.00849712321380144,0.00929413878178492
12,12,w12,-Inf,0.0,19,0.2500000000006332,0.7500000000000954,0.0011784593810850678,0.04952158261776478,0.04397445107777025
12,12,w12,-Inf,0.0,20,0.4999999999995339,0.2500000000002257,-0.021090235365015027,-0.2886497617024589,-0.2887797455400823
12,12,w12,-Inf,0.0,21,0.5000000000003757,0.5000000000003757,-0.011235021230081355,-0.1351614627745558,-0.13148839108075536
12,12,w12,-Inf,0.0,22,0.5000000000012177,0.749999999999844,-0.0022257906428620514,-0.060836141356327235,-0.06236631847397296
12,12,w12,-Inf,0.0,23,0.7499999999995922,0.2499999999998184,-0.011486243268221825,-0.2549817325886452,-0.2544986464848091
12,12,w12,-Inf,0.0,24,0.749999999999844,0.4999999999995339,-0.007929527069717177,-0.16403511008105678,-0.1652136017614684
12,12,w12,-Inf,0.0,25,0.7500000000000953,0.7499999999995921,-0.0025121452922044745,-0.10282840006542225,-0.10382211549026649
13,13,w13,-Inf,0.0,1,0.0,0.0,7.905551311129246e-17,0.03688548354440124,-0.12062661177690334
13,13,w13,-Inf,0.0,2,1.0,0.0,5.929163483346934e-17,-0.048325985179142425,0.053891923013701167
13,13,w13,-Inf,0.0,3,1.0,1.0,7.905551311129246e-17,0.0045872675308395285,0.17452376757344543
13,13,w13,-Inf,0.0,4,0.0,1.0,3.1622205244516984e-16,0.07308596367953538,0.11268497213754403
13,13,w13,-Inf,0.0,5,0.2499999999994109,0.0,1.5811102622258492e-16,-0.054777307203694794,0.04134991182790158
13,13,w13,-Inf,0.0,6,0.4999999999986921,0.0,-2.3716653933387737e-16,0.24710505776427644,-0.24738296892179013
13,13,w13,-Inf,0.0,7,0.7499999999993406,0.0,-7.905551311129246e-17,0.023182253363575933,-0.018659242263221906
13,13,w13,-Inf,0.0,8,1.0,0.2499999999994109,5.270367540752831e-17,0.14960283271940014,-0.43587966999708816
13,13,w13,-Inf,0.0,9,1.0,0.4999999999986921,1.5811102622258492e-16,0.24417561798244267,0.1909688515973121
13,13,w13,-Inf,0.0,10,1.0,0.7499999999993406,3.1622205244516984e-16,-0.9568391699255564,0.7166955819201389
13,13,w13,-Inf,0.0,11,0.7500000000003471,1.0,-6.324441048903397e-16,0.12996703347199673,0.0497598299645148
13,13,w13,-Inf,0.0,12,0.5000000000020595,1.0,1.3175918851882076e-16,-0.06298094379235329,0.2437725517884217
13,13,w13,-Inf,0.0,13,0.2500000000010405,1.0,-2.8328225531546467e-16,0.15546482057352837,0.027446809220985833
13,13,w13,-Inf,0.0,14,0.0,0.7500000000003471,4.2162940326022646e-16,0.577089697754727,-0.8097005300794345
13,13,w13,-Inf,0.0,15,0.0,0.5000000000020595,-1.1858326966693868e-16,0.22558292877964162,0.2225985314773614
13,13,w13,-Inf,0.0,16,0.0,0.2500000000010405,-5.797404294828114e-16,-0.7049499515620827,0.443620686681785
13,13,w13,-Inf,0.0,17,0.2499999999998184,0.2500000000006332,-0.00023926413747862453,-0.691740439085191,0.4064548522495245
13,13,w13,-Inf,0.0,18,0.2500000000002257,0.5000000000012177,-6.632231731498514e-5,0.3454665854624087,0.09352755621175403
13,13,w13,-Inf,0.0,19,0.2500000000006332,0.7500000000000954,1.1768483377820247e-5,-1.0,0.7633633199884131
13,13,w13,-Inf,0.0,20,0.4999999999995339,0.2500000000002257,-0.00021061403414743496,-0.16950930499042668,-0.11752303449744186
13,13,w13,-Inf,0.0,21,0.5000000000003757,0.5000000000003757,-0.0001121966210448971,0.6452624896771583,-0.20910887063596448
13,13,w13,-Inf,0.0,22,0.5000000000012177,0.749999999999844,-2.2227478183655388e-5,-0.2542403850139477,0.01543968249987968
13,13,w13,-Inf,0.0,23,0.7499999999995922,0.2499999999998184,-0.00011470540703089557,-0.17235420435034768,-0.11399957277237664
13,13,w13,-Inf,0.0,24,0.749999999999844,0.4999999999995339,-7.918686805206699e-5,0.050102800512833404,0.38542568572222335
13,13,w13,-Inf,0.0,25,0.7500000000000953,0.7499999999995921,-2.508710999194598e-5,-0.27222180719506095,0.03258776492203724
14,14,w14,-Inf,0.0,1,0.0,0.0,1.5974608755529856e-17,0.04161319295324921,-0.02551851357192694
14,14,w14,-Inf,0.0,2,1.0,0.0,1.4377147879976871e-16,-0.3348960974880147,-0.4279987739279542
14,14,w14,-Inf,0.0,3,1.0,1.0,-1.1182226128870898e-16,-0.30431260629282936,-0.21797395793665436
14,14,w14,-Inf,0.0,4,0.0,1.0,-2.3961913133294786e-17,0.3724192553690887,0.395208614574034
14,14,w14,-Inf,0.0,5,0.2499999999994109,0.0,-9.584765253317914e-17,0.4692297133213511,0.4834736940462721
14,14,w14,-Inf,0.0,6,0.4999999999986921,0.0,-1.0383495691094406e-16,0.17768925598271537,0.07462954490196178
14,14,w14,-Inf,0.0,7,0.7499999999993406,0.0,-3.3546678386612697e-16,-0.2766120614829128,-0.2274423161925879
14,14,w14,-Inf,0.0,8,1.0,0.2499999999994109,2.3961913133294786e-17,0.8995548153525367,0.960390493149147
14,14,w14,-Inf,0.0,9,1.0,0.4999999999986921,3.194921751105971e-17,-0.017002615849583447,-0.0017012801421304915
14,14,w14,-Inf,0.0,10,1.0,0.7499999999993406,2.8754295759953743e-16,-0.22604105981084915,-0.17109369461883986
14,14,w14,-Inf,0.0,11,0.7500000000003471,1.0,-2.1565721819965306e-16,-0.21773746152898313,-0.13425084212782365
14,14,w14,-Inf,0.0,12,0.5000000000020595,1.0,2.3961913133294786e-17,-0.02080901764567143,-0.050829849598822474
14,14,w14,-Inf,0.0,13,0.2500000000010405,1.0,6.389843502211942e-17,0.11876363702644128,0.23388107261734045
14,14,w14,-Inf,0.0,14,0.0,0.7500000000003471,-6.389843502211942e-17,0.2925681499992392,0.33221705169102467
14,14,w14,-Inf,0.0,15,0.0,0.5000000000020595,1.4377147879976871e-16,0.5034408769591324,0.41995281615744046
14,14,w14,-Inf,0.0,16,0.0,0.2500000000010405,2.2364452257741797e-16,-0.017823103474035873,0.0042267226586901255
14,14,w14,-Inf,0.0,17,0.2499999999998184,0.2500000000006332,-0.04005419136668168,-1.0,-0.8041039621112039
14,14,w14,-Inf,0.0,18,0.2500000000002257,0.5000000000012177,-0.013174458320541345,-0.19064248055464164,-0.12468009255956021
14,14,w14,-Inf,0.0,19,0.2500000000006332,0.7500000000000954,0.0028637172372638093,0.0006900135181117205,0.07156571991163739
14,14,w14,-Inf,0.0,20,0.4999999999995339,0.2500000000002257,-0.0337519496580662,-0.3723994898242674,-0.3001170387046334
14,14,w14,-Inf,0.0,21,0.5000000000003757,0.5000000000003757,-0.020364293115317608,-0.15208621512592763,-0.21314595641914813
14,14,w14,-Inf,0.0,22,0.5000000000012177,0.749999999999844,-0.0015816459346924612,-0.10252762160438761,-0.09729121023623087
14,14,w14,-Inf,0.0,23,0.7499999999995922,0.2499999999998184,-0.016474779207335442,0.4373925899613472,0.3585753824611938
14,14,w14,-Inf,0.0,24,0.749999999999844,0.4999999999995339,-0.010963058962951161,-0.052902827569963035,-0.06905847178700703
14,14,w14,-Inf,0.0,25,0.7500000000000953,0.7499999999995921,-0.004093137227819743,-0.1129039881055882,-0.19121944464672988
15,15,w15,-Inf,0.0,1,0.0,0.0,-3.051247084771203e-16,-0.010378505972102737,0.04721290323288133
15,15,w15,-Inf,0.0,2,1.0,0.0,2.784262964853723e-16,-0.34930493271193086,-0.28438285304778305
15,15,w15,-Inf,0.0,3,1.0,1.0,-3.5089341474868834e-16,0.109615317008914,-0.09798896704863645
15,15,w15,-Inf,0.0,4,0.0,1.0,2.5935600220555226e-16,0.02600957560632686,-0.149997802278264
15,15,w15,-Inf,0.0,5,0.2499999999994109,0.0,6.712743586496646e-16,0.9966027097398514,0.8186712884443391
15,15,w15,-Inf,0.0,6,0.4999999999986921,0.0,-1.830748250862722e-16,-0.03343391011820924,0.3784302498516953
15,15,w15,-Inf,0.0,7,0.7499999999993406,0.0,0.0,-0.7885551534901089,-0.7952738578996796
15,15,w15,-Inf,0.0,8,1.0,0.2499999999994109,-2.7461223762940827e-16,-0.7371598367125628,-1.0
15,15,w15,-Inf,0.0,9,1.0,0.4999999999986921,4.2717459186796845e-16,-0.8382514325321654,-0.8816927705454453
15,15,w15,-Inf,0.0,10,1.0,0.7499999999993406,-6.102494169542406e-16,-0.1467533023235112,0.18735386511626498
15,15,w15,-Inf,0.0,11,0.7500000000003471,1.0,6.522040643698447e-16,0.10233772151571785,-0.15664449095887792
15,15,w15,-Inf,0.0,12,0.5000000000020595,1.0,-2.7461223762940827e-16,0.17880262087657167,-0.0043264873849576165
15,15,w15,-Inf,0.0,13,0.2500000000010405,1.0,-3.203809439009763e-16,0.14798568419272898,-0.05636999014978401
15,15,w15,-Inf,0.0,14,0.0,0.7500000000003471,4.576870627156805e-16,-0.20853322064396204,-0.33944452528057395
15,15,w15,-Inf,0.0,15,0.0,0.5000000000020595,0.0,0.6407957072953705,0.6005459282508945
15,15,w15,-Inf,0.0,16,0.0,0.2500000000010405,-3.966621210202564e-16,0.25541028811472766,0.5742332928680548
15,15,w15,-Inf,0.0,17,0.2499999999998184,0.2500000000006332,0.03488952666097204,0.26346904941992916,-0.16431562452494688
15,15,w15,-Inf,0.0,18,0.2500000000002257,0.5000000000012177,0.017418192889286196,0.7632507565496875,0.7007411954781203
15,15,w15,-Inf,0.0,19,0.2500000000006332,0.7500000000000954,-0.0032158010847277343,-0.026912529485578526,-0.0096551692913742
15,15,w15,-Inf,0.0,20,0.4999999999995339,0.2500000000002257,0.03407255238392396,0.08931057069191238,0.2158812424097627
15,15,w15,-Inf,0.0,21,0.5000000000003757,0.5000000000003757,0.015255491949449966,0.20747216762709628,0.13461154715374082
15,15,w15,-Inf,0.0,22,0.5000000000012177,0.749999999999844,-0.0019089388767318518,0.22704035281223217,-0.07474057485701883
15,15,w15,-Inf,0.0,23,0.7499999999995922,0.2499999999998184,0.0040471332594796145,-0.19068072817224682,-0.028923316573595547
15,15,w15,-Inf,0.0,24,0.749999999999844,0.4999999999995339,0.010500975947457428,-0.5307070687402883,-0.48749546644269043
15,15,w15,-Inf,0.0,25,0.7500000000000953,0.7499999999995921,0.005030396518215299,-0.02108064326429857,0.09460679914826954
16,16,w16,-Inf,0.0,1,0.0,0.0,4.544796403035209e-16,0.03129458549757704,-0.04264855855120594
16,16,w16,-Inf,0.0,2,1.0,0.0,-3.489754380902036e-16,0.6509857527175468,0.720166255346044
16,16,w16,-Inf,0.0,3,1.0,1.0,-1.2985132580100597e-16,-0.42106790882719625,-0.3152044019590054
16,16,w16,-Inf,0.0,4,0.0,1.0,-9.738849435075447e-17,0.40628808807552624,0.49052279026497286
16,16,w16,-Inf,0.0,5,0.2499999999994109,0.0,-4.057853931281437e-17,-0.7764531059405735,-0.8602198057294502
16,16,w16,-Inf,0.0,6,0.4999999999986921,0.0,1.9477698870150895e-16,0.22605820379572653,-0.11992050180340866
16,16,w16,-Inf,0.0,7,0.7499999999993406,0.0,-3.2462831450251495e-16,0.04078087881258793,0.12789688236806396
16,16,w16,-Inf,0.0,8,1.0,0.2499999999994109,5.194053032040239e-16,-0.13176278795337923,-0.09771813606759507
16,16,w16,-Inf,0.0,9,1.0,0.4999999999986921,-1.785455729763832e-16,0.2936179180980545,0.24209066879697375
16,16,w16,-Inf,0.0,10,1.0,0.7499999999993406,5.680995503794012e-16,-0.26519291183725685,-0.2280894177035383
16,16,w16,-Inf,0.0,11,0.7500000000003471,1.0,-2.4752908980816763e-16,-0.29328513679817025,-0.2356873692940374
16,16,w16,-Inf,0.0,12,0.5000000000020595,1.0,-6.492566290050299e-17,0.015235915613375174,0.13044413173466088
16,16,w16,-Inf,0.0,13,0.2500000000010405,1.0,4.544796403035209e-16,0.19221712633095833,0.2592051915277986
16,16,w16,-Inf,0.0,14,0.0,0.7500000000003471,-1.2985132580100597e-16,0.15881870487034322,0.09109533837825466
16,16,w16,-Inf,0.0,15,0.0,0.5000000000020595,-2.921654830522634e-16,0.18021737364254517,0.17396482305144687
16,16,w16,-Inf,0.0,16,0.0,0.2500000000010405,9.738849435075447e-17,-0.8451663427862217,-0.9495504528656008
16,16,w16,-Inf,0.0,17,0.2499999999998184,0.2500000000006332,0.0077643250457425225,-0.701213471421374,-0.41403412606535506
16,16,w16,-Inf,0.0,18,0.2500000000002257,0.5000000000012177,0.010032171077013461,-0.09816034849961912,-0.19396381928983283
16,16,w16,-Inf,0.0,19,0.2500000000006332,0.7500000000000954,-0.006319651271235775,0.06146976605187818,0.25014085906855615
16,16,w16,-Inf,0.0,20,0.4999999999995339,0.2500000000002257,0.030902136746310253,0.760929847262522,0.668869358419648
16,16,w16,-Inf,0.0,21,0.5000000000003757,0.5000000000003757,0.009301826688057919,-0.30491403988395616,-0.24213733169529103
16,16,w16,-Inf,0.0,22,0.5000000000012177,0.749999999999844,-0.004016003478620546,0.03140585588185021,0.15430226790813725
16,16,w16,-Inf,0.0,23,0.7499999999995922,0.2499999999998184,-0.01029849449868453,1.0,0.8900184484334172
16,16,w16,-Inf,0.0,24,0.749999999999844,0.4999999999995339,-0.017268880466758767,-0.09701748838598594,-0.1225293927601498
16,16,w16,-Inf,0.0,25,0.7500000000000953,0.7499999999995921,0.02491771665487571,-0.1365454088840875,-0.09123880159744951
17,17,w17,-Inf,0.0,1,0.0,0.0,2.0444849730586983e-16,-0.07491787581600422,-0.031237796720557057
17,17,w17,-Inf,0.0,2,1.0,0.0,-2.839562462581526e-17,0.2687115851332729,0.1761594498950385
17,17,w17,-Inf,0.0,3,1.0,1.0,2.2716499700652204e-17,-0.1192145874867145,0.0010967577758463091
17,17,w17,-Inf,0.0,4,0.0,1.0,1.0222424865293492e-16,-0.12740967610674236,-0.03308857944320687
17,17,w17,-Inf,0.0,5,0.2499999999994109,0.0,-4.316134943123919e-16,-0.45076448969835337,-0.2798545296634149
17,17,w17,-Inf,0.0,6,0.4999999999986921,0.0,-4.543299940130441e-17,0.06862682200738968,-0.07132837138660773
17,17,w17,-Inf,0.0,7,0.7499999999993406,0.0,4.997629934143485e-16,0.12667342508291982,0.055900274729794405
17,17,w17,-Inf,0.0,8,1.0,0.2499999999994109,-1.1358249850326102e-17,0.1995416862751826,0.3289451483036646
17,17,w17,-Inf,0.0,9,1.0,0.4999999999986921,-2.853760274894433e-16,0.3265208346184453,0.3406876457092387
17,17,w17,-Inf,0.0,10,1.0,0.7499999999993406,3.1803099580913086e-16,1.0,0.6265799968998059
17,17,w17,-Inf,0.0,11,0.7500000000003471,1.0,-2.9531449610847864e-16,0.04057449300312761,0.20358985405200977
17,17,w17,-Inf,0.0,12,0.5000000000020595,1.0,1.3629899820391323e-16,-0.16237019363574998,-0.035375409416197656
17,17,w17,-Inf,0.0,13,0.2500000000010405,1.0,1.3629899820391323e-16,-0.04888424928034283,-0.08180495369102159
17,17,w17,-Inf,0.0,14,0.0,0.7500000000003471,-3.6346399521043527e-16,-0.8691398098909578,-0.6466562027579502
17,17,w17,-Inf,0.0,15,0.0,0.5000000000020595,4.543299940130441e-17,-0.34062987418624663,-0.2707489095886987
17,17,w17,-Inf,0.0,16,0.0,0.2500000000010405,1.3487921697262245e-16,0.2849470132676653,0.05475804785079851
17,17,w17,-Inf,0.0,17,0.2499999999998184,0.2500000000006332,-0.015927201621390708,-0.25207197951780913,-0.2126565742923709
17,17,w17,-Inf,0.0,18,0.2500000000002257,0.5000000000012177,-0.012392287384948405,0.03292950013754783,-0.13768313074499655
17,17,w17,-Inf,0.0,19,0.2500000000006332,0.7500000000000954,0.0012618049098754513,-0.44759370167458845,-0.5709971400439683
17,17,w17,-Inf,0.0,20,0.4999999999995339,0.2500000000002257,-0.019206112169798274,-0.04193324636648077,-0.10333741093200491
17,17,w17,-Inf,0.0,21,0.5000000000003757,0.5000000000003757,0.0016676879558661863,-0.10373009665451936,-0.05808411151382466
17,17,w17,-Inf,0.0,22,0.5000000000012177,0.749999999999844,0.0027875787774384007,-0.10838701224854502,0.08644921697661309
17,17,w17,-Inf,0.0,23,0.7499999999995922,0.2499999999998184,0.00610974315010367,0.10332139956595843,0.08148832949030077
17,17,w17,-Inf,0.0,24,0.749999999999844,0.4999999999995339,-0.008000851081497331,-0.04418075437771236,-0.09560734216806102
17,17,w17,-Inf,0.0,25,0.7500000000000953,0.7499999999995921,0.006250137869993514,0.5699008216363055,0.5891593117679028
18,18,w18,-Inf,0.0,1,0.0,0.0,1.6503168196688766e-16,0.06929923289528725,-0.0035502834812994426
18,18,w18,-Inf,0.0,2,1.0,0.0,-2.239715683836333e-16,-0.6957697092589874,-0.643661494052091
18,18,w18,-Inf,0.0,3,1.0,1.0,-1.4145572740018944e-16,-0.040293292233940924,-0.09551129721916922
18,18,w18,-Inf,0.0,4,0.0,1.0,1.1787977283349121e-16,0.02157197540665639,0.14823822455123403
18,18,w18,-Inf,0.0,5,0.2499999999994109,0.0,-1.4734971604186402e-17,-0.1421569301743548,-0.24559750198808178
18,18,w18,-Inf,0.0,6,0.4999999999986921,0.0,1.8860763653358593e-16,0.714531000534242,0.794161024383247
18,18,w18,-Inf,0.0,7,0.7499999999993406,0.0,1.4145572740018944e-16,0.202358364120574,0.2245106503047702
18,18,w18,-Inf,0.0,8,1.0,0.2499999999994109,-2.3575954566698243e-16,-0.39087800011020946,-0.42676031568932193
18,18,w18,-Inf,0.0,9,1.0,0.4999999999986921,7.072786370009472e-17,-0.537550017146588,-0.5633751172409835
18,18,w18,-Inf,0.0,10,1.0,0.7499999999993406,1.4882321320228264e-16,-0.12894026850824072,0.015816884704986628
18,18,w18,-Inf,0.0,11,0.7500000000003471,1.0,2.799644604795416e-16,-0.8750611692187046,-0.9589010308621629
18,18,w18,-Inf,0.0,12,0.5000000000020595,1.0,-1.8860763653358593e-16,0.6610485142623805,0.7124354933052665
18,18,w18,-Inf,0.0,13,0.2500000000010405,1.0,-3.064874093670771e-16,0.20695579625066035,0.25268350674446644
18,18,w18,-Inf,0.0,14,0.0,0.7500000000003471,3.300633639337753e-16,-0.08710357210580902,-0.20605065223616045
18,18,w18,-Inf,0.0,15,0.0,0.5000000000020595,-3.7721527306717187e-16,-0.954508861825601,-1.0
18,18,w18,-Inf,0.0,16,0.0,0.2500000000010405,3.536393185004736e-17,0.37684378063783797,0.4003889869439595
18,18,w18,-Inf,0.0,17,0.2499999999998184,0.2500000000006332,0.16451119102529702,-0.305521061043955,-0.34672278371746934
18,18,w18,-Inf,0.0,18,0.2500000000002257,0.5000000000012177,0.09543834420013031,0.2880819984434035,0.2489830800973514
18,18,w18,-Inf,0.0,19,0.2500000000006332,0.7500000000000954,-0.03067007799159364,0.25671287389879527,0.26108578286447087
18,18,w18,-Inf,0.0,20,0.4999999999995339,0.2500000000002257,0.19687229249093685,-0.3475765124650023,-0.4452572948546362
18,18,w18,-Inf,0.0,21,0.5000000000003757,0.5000000000003757,0.03970888113673617,0.8157128902667102,0.769612850891419
18,18,w18,-Inf,0.0,22,0.5000000000012177,0.749999999999844,0.001505804307813832,0.31438199948612816,0.2675960819887427
18,18,w18,-Inf,0.0,23,0.7499999999995922,0.2499999999998184,0.03522014995298248,0.7592650230105187,0.8128522986256642
18,18,w18,-Inf,0.0,24,0.749999999999844,0.4999999999995339,-0.0012885988151214941,0.5811344903137852,0.5856689411602538
18,18,w18,-Inf,0.0,25,0.7500000000000953,0.7499999999995921,0.05773869101733877,-0.4297270572296063,-0.3970391187788649
19,19,w19,-Inf,0.0,1,0.0,0.0,-1.0158689544799468e-16,0.06996639487974533,0.06503236298252987
19,19,w19,-Inf,0.0,2,1.0,0.0,1.160993090834225e-16,-0.6502921664884057,-0.4638762371025271
19,19,w19,-Inf,0.0,3,1.0,1.0,0.0,-0.7228260276886307,-1.0
19,19,w19,-Inf,0.0,4,0.0,1.0,9.433068863028078e-17,0.992090360871717,0.7703760190558505
19,19,w19,-Inf,0.0,5,0.2499999999994109,0.0,7.111082681359627e-16,0.46560999192296476,0.1853090051526918
19,19,w19,-Inf,0.0,6,0.4999999999986921,0.0,3.700665477034092e-16,-0.2577325233859861,0.008305450519099805
19,19,w19,-Inf,0.0,7,0.7499999999993406,0.0,-8.41719990854813e-16,0.40010585757624556,0.34590091711801524
19,19,w19,-Inf,0.0,8,1.0,0.2499999999994109,1.8866137726056155e-16,-0.019165912117821565,-0.3243471448296401
19,19,w19,-Inf,0.0,9,1.0,0.4999999999986921,2.28570514757988e-16,-0.5548609338850615,-0.6271695445600944
19,19,w19,-Inf,0.0,10,1.0,0.7499999999993406,-6.240337863233959e-16,-0.465774450112568,-0.018470549662201255
19,19,w19,-Inf,0.0,11,0.7500000000003471,1.0,6.530586135942515e-16,-0.4536043055609639,-0.747010936408444
19,19,w19,-Inf,0.0,12,0.5000000000020595,1.0,-1.7414896362513374e-16,0.19095403480912226,-0.019738690404789982
19,19,w19,-Inf,0.0,13,0.2500000000010405,1.0,-2.32198618166845e-16,0.6549668528195665,0.7096626460595372
19,19,w19,-Inf,0.0,14,0.0,0.7500000000003471,4.0634758179197873e-16,0.4808983502382207,0.19746685158061308
19,19,w19,-Inf,0.0,15,0.0,0.5000000000020595,-1.160993090834225e-16,0.5440025840398433,0.5330471349603386
19,19,w19,-Inf,0.0,16,0.0,0.2500000000010405,-4.136037886096926e-16,-0.5757860427927307,-0.38719056678775676
19,19,w19,-Inf,0.0,17,0.2499999999998184,0.2500000000006332,0.017748179964452482,0.8088721653679494,0.3857107139389154
19,19,w19,-Inf,0.0,18,0.2500000000002257,0.5000000000012177,0.011542910983195645,0.16806832465971017,0.20774716004489757
19,19,w19,-Inf,0.0,19,0.2500000000006332,0.7500000000000954,0.0032758335215056114,0.048124061854422626,0.0658440621038709
19,19,w19,-Inf,0.0,20,0.4999999999995339,0.2500000000002257,0.002478163438665531,-0.23734110026528368,-0.0845822182137554
19,19,w19,-Inf,0.0,21,0.5000000000003757,0.5000000000003757,-0.003580800674401622,0.0180315416747634,0.06410998878601934
19,19,w19,-Inf,0.0,22,0.5000000000012177,0.749999999999844,-0.003855141331229755,0.049986653597878766,-0.21732271794381566
19,19,w19,-Inf,0.0,23,0.7499999999995922,0.2499999999998184,0.0034656780043817036,-0.3244776962457682,-0.1563686616036417
19,19,w19,-Inf,0.0,24,0.749999999999844,0.4999999999995339,0.01106968150986918,-0.051589338900640276,-0.04813978519702506
19,19,w19,-Inf,0.0,25,0.7500000000000953,0.7499999999995921,-0.02614091152493311,-0.17752008421741722,-0.07826890772012891
20,20,w20,-Inf,0.0,1,0.0,0.0,-1.4692903618538628e-16,0.03342586156662355,-0.005791993809915129
20,20,w20,-Inf,0.0,2,1.0,0.0,2.2039355427807943e-16,-0.5011425887984154,-0.5678016407489769
20,20,w20,-Inf,0.0,3,1.0,1.0,-1.5381633475657626e-16,-0.19759353252567002,-0.23911447976056185
20,20,w20,-Inf,0.0,4,0.0,1.0,-5.509838856951986e-17,0.9429835991848062,0.9034898425330421
20,20,w20,-Inf,0.0,5,0.2499999999994109,0.0,9.183064761586642e-17,0.39402824061356967,0.3029710479020573
20,20,w20,-Inf,0.0,6,0.4999999999986921,0.0,2.0202742475490614e-16,0.2825448876966806,0.367532123003275
20,20,w20,-Inf,0.0,7,0.7499999999993406,0.0,-4.4078710855615887e-16,-0.1778236049986819,-0.13652807828784938
20,20,w20,-Inf,0.0,8,1.0,0.2499999999994109,-1.4692903618538628e-16,-0.41363978884474345,-0.38627193870351556
20,20,w20,-Inf,0.0,9,1.0,0.4999999999986921,1.7218246427974956e-17,0.18840741229968705,0.16873871708758414
20,20,w20,-Inf,0.0,10,1.0,0.7499999999993406,-4.591532380793321e-17,-0.4282176419706328,-0.1717568316159671
20,20,w20,-Inf,0.0,11,0.7500000000003471,1.0,1.1019677713903972e-16,0.05458515554501763,0.11750531933657161
20,20,w20,-Inf,0.0,12,0.5000000000020595,1.0,1.4692903618538628e-16,-0.7382065833790418,-0.7060180497461765
20,20,w20,-Inf,0.0,13,0.2500000000010405,1.0,-4.4078710855615887e-16,0.00977148905760343,0.1578249709404602
20,20,w20,-Inf,0.0,14,0.0,0.7500000000003471,4.4078710855615887e-16,0.8749095709149778,0.7982578131135896
20,20,w20,-Inf,0.0,15,0.0,0.5000000000020595,-3.397733961787058e-16,-0.433848695768848,-0.47843374507092906
20,20,w20,-Inf,0.0,16,0.0,0.2500000000010405,3.673225904634657e-16,0.03836744737567086,0.10507045098976066
20,20,w20,-Inf,0.0,17,0.2499999999998184,0.2500000000006332,0.07239798769021671,0.26639589573220646,0.18124740267123768
20,20,w20,-Inf,0.0,18,0.2500000000002257,0.5000000000012177,0.07131205457521905,0.9679965229714814,1.0
20,20,w20,-Inf,0.0,19,0.2500000000006332,0.7500000000000954,0.017416772971164746,0.1118836817498166,0.10188379396559201
20,20,w20,-Inf,0.0,20,0.4999999999995339,0.2500000000002257,-0.0019144802659440295,-0.16259879184044143,-0.10111245115370686
20,20,w20,-Inf,0.0,21,0.5000000000003757,0.5000000000003757,0.09089682770981776,-0.16002279397233257,-0.14966484180955222
20,20,w20,-Inf,0.0,22,0.5000000000012177,0.749999999999844,-0.04913671741438133,-0.6333154175111718,-0.8325155124678412
20,20,w20,-Inf,0.0,23,0.7499999999995922,0.2499999999998184,-0.01817935673860631,0.19548936387537916,0.22980254517253407
20,20,w20,-Inf,0.0,24,0.749999999999844,0.4999999999995339,-0.009557714932560564,-0.5999458881397838,-0.4385586351186734
20,20,w20,-Inf,0.0,25,0.7500000000000953,0.7499999999995921,-0.034489770164860475,-0.07597387087563545,-0.09080082206097341
21,21,w21,-Inf,0.0,1,0.0,0.0,-1.0435808456227074e-16,0.03670476488340281,0.021077396046670145
21,21,w21,-Inf,0.0,2,1.0,0.0,2.174126761713974e-17,-0.24050917301118954,-0.19386882264390234
21,21,w21,-Inf,0.0,3,1.0,1.0,-1.2175109865598253e-16,-0.1969704621641625,-0.31081129092259313
21,21,w21,-Inf,0.0,4,0.0,1.0,-6.087554932799126e-17,-0.0617250063394538,-0.13842212375739812
21,21,w21,-Inf,0.0,5,0.2499999999994109,0.0,3.1307425368681224e-16,0.19266436784147217,0.05335683087281617
21,21,w21,-Inf,0.0,6,0.4999999999986921,0.0,-8.696507046855896e-17,0.4085695615659747,0.6314920858385112
21,21,w21,-Inf,0.0,7,0.7499999999993406,0.0,-6.957205637484716e-17,-0.40916172414189006,-0.3664815849554959
21,21,w21,-Inf,0.0,8,1.0,0.2499999999994109,-5.217904228113537e-17,0.06991054340966171,0.028715195089595417
21,21,w21,-Inf,0.0,9,1.0,0.4999999999986921,3.1198719030595525e-16,0.429245200781528,0.4187538652054533
21,21,w21,-Inf,0.0,10,1.0,0.7499999999993406,-3.4786028187423584e-16,0.18363566148758526,0.2871717830601364
21,21,w21,-Inf,0.0,11,0.7500000000003471,1.0,3.826463100616594e-16,-0.583994907939859,-0.6879764775543051
21,21,w21,-Inf,0.0,12,0.5000000000020595,1.0,-2.4350219731196506e-16,1.0,0.863011838105739
21,21,w21,-Inf,0.0,13,0.2500000000010405,1.0,3.478602818742358e-17,0.08977574403833329,0.07535804290680363
21,21,w21,-Inf,0.0,14,0.0,0.7500000000003471,1.9349728179254366e-16,0.3315596391283467,0.30175719855916744
21,21,w21,-Inf,0.0,15,0.0,0.5000000000020595,8.696507046855895e-18,0.1607150089473494,0.1058996288063119
21,21,w21,-Inf,0.0,16,0.0,0.2500000000010405,-1.0435808456227074e-16,-0.037455742882382466,-0.015560264115105445
21,21,w21,-Inf,0.0,17,0.2499999999998184,0.2500000000006332,-0.03277038169517489,0.41219946744441016,0.18786093207608343
21,21,w21,-Inf,0.0,18,0.2500000000002257,0.5000000000012177,0.031882422410125504,0.3374424421989982,0.34409155685631554
21,21,w21,-Inf,0.0,19,0.2500000000006332,0.7500000000000954,-0.00029844092856025556,0.3076913021575091,0.18626179822707192
21,21,w21,-Inf,0.0,20,0.4999999999995339,0.2500000000002257,0.013699124590193752,0.19096482297382095,0.19321734971781448
21,21,w21,-Inf,0.0,21,0.5000000000003757,0.5000000000003757,0.026105290204502724,-0.26901493310058544,-0.2531701432368211
21,21,w21,-Inf,0.0,22,0.5000000000012177,0.749999999999844,-0.029762897595447847,-0.18132662416238668,-0.40063693966113584
21,21,w21,-Inf,0.0,23,0.7499999999995922,0.2499999999998184,-0.09380990644764053,-0.599962131485809,-0.5857965696851672
21,21,w21,-Inf,0.0,24,0.749999999999844,0.4999999999995339,-0.007658713385985013,-0.6626603463483495,-0.6298997579556864
21,21,w21,-Inf,0.0,25,0.7500000000000953,0.7499999999995921,0.04139761911411997,-0.5082246498112846,-0.5139144482602648
22,22,w22,-Inf,0.0,1,0.0,0.0,1.8230616941139025e-16,-0.031727768437485995,-0.059987911359724665
22,22,w22,-Inf,0.0,2,1.0,0.0,9.115308470569512e-18,0.48311818050806754,0.38684075105100907
22,22,w22,-Inf,0.0,3,1.0,1.0,7.29224677645561e-17,-0.24847505486535176,-0.12547872954070452
22,22,w22,-Inf,0.0,4,0.0,1.0,-2.248442756073813e-16,-0.10207072634470508,-0.11810856873707681
22,22,w22,-Inf,0.0,5,0.2499999999994109,0.0,-2.4307489254852035e-16,0.08735386255085231,0.19877543221897107
22,22,w22,-Inf,0.0,6,0.4999999999986921,0.0,2.4307489254852034e-17,-0.882554677405011,-1.0
22,22,w22,-Inf,0.0,7,0.7499999999993406,0.0,-9.722995701940814e-17,0.23992116868008737,0.2854333927160176
22,22,w22,-Inf,0.0,8,1.0,0.2499999999994109,-4.861497850970407e-17,0.1193742127974697,0.26612111766961627
22,22,w22,-Inf,0.0,9,1.0,0.4999999999986921,-2.856129987445114e-16,0.10136068769561267,0.1470234168894872
22,22,w22,-Inf,0.0,10,1.0,0.7499999999993406,4.0715044501877157e-16,0.18443104180445258,-0.05947114094023496
22,22,w22,-Inf,0.0,11,0.7500000000003471,1.0,-2.4915176486223337e-16,-0.1161100451597149,-0.01770660335661434
22,22,w22,-Inf,0.0,12,0.5000000000020595,1.0,-1.2153744627426017e-16,0.2551468847439901,0.3948133902543563
22,22,w22,-Inf,0.0,13,0.2500000000010405,1.0,4.314579342736236e-16,0.07737258637933257,0.06806482861980216
22,22,w22,-Inf,0.0,14,0.0,0.7500000000003471,-2.066136586662423e-16,0.21999754482768658,0.3376155256991587
22,22,w22,-Inf,0.0,15,0.0,0.5000000000020595,1.397680632153992e-16,-0.36398500937412576,-0.2940343366121067
22,22,w22,-Inf,0.0,16,0.0,0.2500000000010405,7.29224677645561e-17,0.05151608556657229,-0.055882086382224354
22,22,w22,-Inf,0.0,17,0.2499999999998184,0.2500000000006332,0.2423683670199776,-0.38235561691979314,-0.2032343892089961
22,22,w22,-Inf,0.0,18,0.2500000000002257,0.5000000000012177,0.05366584460733898,0.002324173780171491,0.1327436777419131
22,22,w22,-Inf,0.0,19,0.2500000000006332,0.7500000000000954,-0.051245201302499516,-0.15435104882662767,-0.166231055878093
22,22,w22,-Inf,0.0,20,0.4999999999995339,0.2500000000002257,0.2430661375058735,-0.03032018160763921,0.008031162539557239
22,22,w22,-Inf,0.0,21,0.5000000000003757,0.5000000000003757,0.032084581563265734,0.2516086997792444,0.28678474238522983
22,22,w22,-Inf,0.0,22,0.5000000000012177,0.749999999999844,0.07467984840580306,-0.0839521627974599,0.06891786437157943
22,22,w22,-Inf,0.0,23,0.7499999999995922,0.2499999999998184,0.17892291071401947,0.1961241468175219,0.19360586290518542
22,22,w22,-Inf,0.0,24,0.749999999999844,0.4999999999995339,0.034884273712899205,-0.2979435081678068,-0.2943015035938402
22,22,w22,-Inf,0.0,25,0.7500000000000953,0.7499999999995921,0.10630953010855428,-0.03649841498451561,-0.10243680529021315
23,23,w23,-Inf,0.0,1,0.0,0.0,-2.400208570838556e-16,0.039520633086096636,0.02869099484977301
23,23,w23,-Inf,0.0,2,1.0,0.0,-9.33414444214994e-17,-0.6330771421915163,-0.4952622720818381
23,23,w23,-Inf,0.0,3,1.0,1.0,-2.8446916395123627e-16,-0.2742700574246266,-0.4063320001520418
23,23,w23,-Inf,0.0,4,0.0,1.0,8.889661373476133e-17,0.03671687556812249,-0.09185384312884617
23,23,w23,-Inf,0.0,5,0.2499999999994109,0.0,1.9557255021647495e-16,0.18945844670882592,0.05471045243211445
23,23,w23,-Inf,0.0,6,0.4999999999986921,0.0,1.733483967827846e-16,0.3926518414804932,0.583735626525613
23,23,w23,-Inf,0.0,7,0.7499999999993406,0.0,0.0,-0.05862519111967877,-0.07081557427581674
23,23,w23,-Inf,0.0,8,1.0,0.2499999999994109,-1.7779322746952267e-17,-0.08977564265046027,-0.31459329133404046
23,23,w23,-Inf,0.0,9,1.0,0.4999999999986921,1.866828888429988e-16,-0.1597088486333988,-0.18096378832170815
23,23,w23,-Inf,0.0,10,1.0,0.7499999999993406,-2.8446916395123627e-16,-0.3150886239392809,-0.1568657462343364
23,23,w23,-Inf,0.0,11,0.7500000000003471,1.0,4.1781408455337825e-16,0.20330059434223963,0.03571102724053395
23,23,w23,-Inf,0.0,12,0.5000000000020595,1.0,7.111729098780907e-17,-0.23245079157508544,-0.40917050636134084
23,23,w23,-Inf,0.0,13,0.2500000000010405,1.0,-2.4891051845733176e-16,0.6133312909602047,0.6519121145673302
23,23,w23,-Inf,0.0,14,0.0,0.7500000000003471,4.800417141677112e-16,0.18545653988168184,0.11099982470955988
23,23,w23,-Inf,0.0,15,0.0,0.5000000000020595,-3.378071321920931e-16,0.12999621448040646,0.06429332011371766
23,23,w23,-Inf,0.0,16,0.0,0.2500000000010405,-1.7779322746952267e-16,0.049211965000574155,0.17001680777035028
23,23,w23,-Inf,0.0,17,0.2499999999998184,0.2500000000006332,0.5796922758835772,-0.02480801219918237,-0.3970866846796716
23,23,w23,-Inf,0.0,18,0.2500000000002257,0.5000000000012177,0.032421199812398056,-0.3222022513586181,-0.3832801291904069
23,23,w23,-Inf,0.0,19,0.2500000000006332,0.7500000000000954,-0.13791656354158188,0.35941089819694905,0.27491629635327636
23,23,w23,-Inf,0.0,20,0.4999999999995339,0.2500000000002257,0.5976517106490117,0.6258413010619641,0.6584223071612769
23,23,w23,-Inf,0.0,21,0.5000000000003757,0.5000000000003757,0.12170938864294273,0.9016650967196751,1.0
23,23,w23,-Inf,0.0,22,0.5000000000012177,0.749999999999844,0.2339779595171949,-0.28853398710331213,-0.5454033213065583
23,23,w23,-Inf,0.0,23,0.7499999999995922,0.2499999999998184,0.49979061367022876,-0.6298188858708034,-0.50080448631298
23,23,w23,-Inf,0.0,24,0.749999999999844,0.4999999999995339,0.04180286375833767,-0.4285281881014361,-0.4076288000722623
23,23,w23,-Inf,0.0,25,0.7500000000000953,0.7499999999995921,0.3222912759240463,-0.05025788444237618,0.0544724989152139
24,24,w24,-Inf,0.0,1,0.0,0.0,0.0,-0.012374433673878436,0.04820542577340717
24,24,w24,-Inf,0.0,2,1.0,0.0,-1.0989913198364656e-16,-0.2031027968865655,-0.22745245007709475
24,24,w24,-Inf,0.0,3,1.0,1.0,3.365660916999176e-16,-0.18903445846989309,-0.29232633602801644
24,24,w24,-Inf,0.0,4,0.0,1.0,1.5111130647751403e-16,-0.10926532199223005,-0.004079578651064974
24,24,w24,-Inf,0.0,5,0.2499999999994109,0.0,1.0989913198364656e-16,0.03142326321595999,0.025944425419368693
24,24,w24,-Inf,0.0,6,0.4999999999986921,0.0,2.1979826396729313e-16,0.0802175673588455,0.08848556197249202
24,24,w24,-Inf,0.0,7,0.7499999999993406,0.0,1.0989913198364656e-16,0.2925699719196446,0.2386996014258723
24,24,w24,-Inf,0.0,8,1.0,0.2499999999994109,5.494956599182328e-17,0.06645009714671982,-0.11009429894233179
24,24,w24,-Inf,0.0,9,1.0,0.4999999999986921,5.494956599182328e-17,-0.037687266341962226,-0.06445354759889588
24,24,w24,-Inf,0.0,10,1.0,0.7499999999993406,-3.9495000556622985e-16,-0.560805002528724,-0.14595739030357038
24,24,w24,-Inf,0.0,11,0.7500000000003471,1.0,0.0,0.13711788867581498,0.11875581232392932
24,24,w24,-Inf,0.0,12,0.5000000000020595,1.0,-4.808087024284537e-17,0.2631232837378023,0.24891653331920385
24,24,w24,-Inf,0.0,13,0.2500000000010405,1.0,-2.6702054724151626e-16,-0.11447340925672347,-0.1510482339371663
24,24,w24,-Inf,0.0,14,0.0,0.7500000000003471,2.9535391720605015e-16,0.2199405897744276,-0.08912188574012865
24,24,w24,-Inf,0.0,15,0.0,0.5000000000020595,-3.2969739595093966e-16,-0.10519828257990259,-0.09942443173946028
24,24,w24,-Inf,0.0,16,0.0,0.2500000000010405,1.6484869797546983e-16,-0.06409450890503543,0.07845329419519184
24,24,w24,-Inf,0.0,17,0.2499999999998184,0.2500000000006332,-0.971470245746856,-0.2960174508029018,-0.23998312702576902
24,24,w24,-Inf,0.0,18,0.2500000000002257,0.5000000000012177,-0.1187020718143261,0.15992137696825612,0.08924837237620106
24,24,w24,-Inf,0.0,19,0.2500000000006332,0.7500000000000954,0.22141693698255557,-0.16594725957567355,0.17386627642541197
24,24,w24,-Inf,0.0,20,0.4999999999995339,0.2500000000002257,-1.0,0.45974467590609686,0.3570041727794665
24,24,w24,-Inf,0.0,21,0.5000000000003757,0.5000000000003757,-0.2432784096550663,0.4365940541569554,0.16678095363396328
24,24,w24,-Inf,0.0,22,0.5000000000012177,0.749999999999844,-0.35094867185475326,-0.1501490435600043,-0.17402817486266048
24,24,w24,-Inf,0.0,23,0.7499999999995922,0.2499999999998184,-0.7948958454553277,-0.1744811498983607,-0.2352399200318932
24,24,w24,-Inf,0.0,24,0.749999999999844,0.4999999999995339,-0.017751195944984824,0.03400991351653276,0.09335281551544138
24,24,w24,-Inf,0.0,25,0.7500000000000953,0.7499999999995921,-0.5242654888592021,0.31684481685097543,0.3887188598476729
25,25,w25,-Inf,0.0,1,0.0,0.0,-1.6609262205162332e-16,0.054790700402309996,0.026254577592597368
25,25,w25,-Inf,0.0,2,1.0,0.0,-1.9164533313648845e-16,-0.5575273192891587,-0.4681893176571043
25,25,w25,-Inf,0.0,3,1.0,1.0,-3.4070281446486833e-17,-0.2477792224454223,-0.3514621241002701
25,25,w25,-Inf,0.0,4,0.0,1.0,-8.730509620662251e-17,-0.17060780029640915,-0.14846776544332366
25,25,w25,-Inf,0.0,5,0.2499999999994109,0.0,1.2776355542432562e-16,0.09941025390336078,0.057492924738845846
25,25,w25,-Inf,0.0,6,0.4999999999986921,0.0,1.266988591291229e-16,0.4185622746535669,0.5532669753939484
25,25,w25,-Inf,0.0,7,0.7499999999993406,0.0,0.0,0.006927485112072219,0.022708021356564124
25,25,w25,-Inf,0.0,8,1.0,0.2499999999994109,-1.022108443394605e-16,-0.20120030327451977,-0.24904521179468878
25,25,w25,-Inf,0.0,9,1.0,0.4999999999986921,5.110542216973025e-17,-0.060903787784800094,-0.04601700105390665
25,25,w25,-Inf,0.0,10,1.0,0.7499999999993406,-6.814056289297367e-17,-0.5876939820412909,-0.5254886785121992
25,25,w25,-Inf,0.0,11,0.7500000000003471,1.0,4.769839402508157e-16,0.26227688913216185,0.1662013856547038
25,25,w25,-Inf,0.0,12,0.5000000000020595,1.0,0.0,0.3544045163965739,0.277559636331957
25,25,w25,-Inf,0.0,13,0.2500000000010405,1.0,-6.814056289297367e-17,-0.06955663718202999,-0.10271741699139936
25,25,w25,-Inf,0.0,14,0.0,0.7500000000003471,3.4070281446486835e-16,0.43947104766531697,0.3879903278039655
25,25,w25,-Inf,0.0,15,0.0,0.5000000000020595,-2.129392590405427e-16,0.014963993994917433,-0.055146020064640734
25,25,w25,-Inf,0.0,16,0.0,0.2500000000010405,-8.517570361621708e-18,0.09618326997079263,0.1725017070506177
25,25,w25,-Inf,0.0,17,0.2499999999998184,0.2500000000006332,0.17726471867488755,0.10954556510643387,-0.10388519173286616
25,25,w25,-Inf,0.0,18,0.2500000000002257,0.5000000000012177,-0.24297169359268184,0.36233038177667126,0.27020955337726243
25,25,w25,-Inf,0.0,19,0.2500000000006332,0.7500000000000954,-0.19219415460668698,-0.9579647077335484,-1.0
25,25,w25,-Inf,0.0,20,0.4999999999995339,0.2500000000002257,0.3982163141575369,0.31818985421943546,0.28657201614250266
25,25,w25,-Inf,0.0,21,0.5000000000003757,0.5000000000003757,-0.17588805882645003,-0.10823050860191646,-0.10467964638347768
25,25,w25,-Inf,0.0,22,0.5000000000012177,0.749999999999844,0.32776501038877887,0.9167405338442439,0.8247226390019791
25,25,w25,-Inf,0.0,23,0.7499999999995922,0.2499999999998184,0.4753486065079208,-0.36767510211973803,-0.2894356254880328
25,25,w25,-Inf,0.0,24,0.749999999999844,0.4999999999995339,-0.050816610719613124,0.031062244179155235,0.014999909256670116
25,25,w25,-Inf,0.0,25,0.7500000000000953,0.7499999999995921,0.35410479851696136,0.1714653799115225,0.20396723258235924
26,26,w26,-Inf,0.0,1,0.0,0.0,-3.6404521547058605e-17,-0.003431783351453026,0.01877209239899561
26,26,w26,-Inf,0.0,2,1.0,0.0,1.7292147734852836e-16,-0.3041385569646972,-0.2750468909904033
26,26,w26,-Inf,0.0,3,1.0,1.0,7.280904309411721e-17,0.2819823540764632,0.20900912024844304
26,26,w26,-Inf,0.0,4,0.0,1.0,3.07163150553307e-17,0.1262533998597042,0.11768666371964404
26,26,w26,-Inf,0.0,5,0.2499999999994109,0.0,1.1831469502794048e-16,0.21798437372384516,0.1304526598758372
26,26,w26,-Inf,0.0,6,0.4999999999986921,0.0,3.6404521547058605e-17,-0.16403105374609855,-0.14389907082036682
26,26,w26,-Inf,0.0,7,0.7499999999993406,0.0,-2.1842712928235164e-16,0.29907598978047367,0.2830032804729239
26,26,w26,-Inf,0.0,8,1.0,0.2499999999994109,-1.8202260773529303e-17,0.0660240321957273,-0.03923097503667334
26,26,w26,-Inf,0.0,9,1.0,0.4999999999986921,1.274158254147051e-16,-0.057425164308954425,-0.08080232200437573
26,26,w26,-Inf,0.0,10,1.0,0.7499999999993406,-2.0022486850882233e-16,0.4068558891662599,0.5650187485530255
26,26,w26,-Inf,0.0,11,0.7500000000003471,1.0,7.280904309411721e-17,-0.16312800474509165,-0.19785015736645356
26,26,w26,-Inf,0.0,12,0.5000000000020595,1.0,-8.759837997260977e-17,-0.6369344238617863,-0.6602479069211966
26,26,w26,-Inf,0.0,13,0.2500000000010405,1.0,-7.280904309411721e-17,0.46699413116367755,0.49723371904791036
26,26,w26,-Inf,0.0,14,0.0,0.7500000000003471,9.101130386764651e-17,0.034260889514710756,-0.07292691861911439
26,26,w26,-Inf,0.0,15,0.0,0.5000000000020595,-4.0955086740440933e-17,-0.12575333567535654,-0.13144228454822107
26,26,w26,-Inf,0.0,16,0.0,0.2500000000010405,9.101130386764651e-18,0.09235667409755878,0.09417540361724493
26,26,w26,-Inf,0.0,17,0.2499999999998184,0.2500000000006332,-0.2021799175537683,-0.34768044113653895,-0.4111502144471907
26,26,w26,-Inf,0.0,18,0.2500000000002257,0.5000000000012177,0.11644662910969851,0.4014627997786828,0.3993419074740819
26,26,w26,-Inf,0.0,19,0.2500000000006332,0.7500000000000954,0.09022688591824608,0.0023417249414067714,0.01901399838114109
26,26,w26,-Inf,0.0,20,0.4999999999995339,0.2500000000002257,-0.2999550708783364,0.6583005337492076,0.6478870342852687
26,26,w26,-Inf,0.0,21,0.5000000000003757,0.5000000000003757,-0.016276827138442664,-0.2969237126775338,-0.31223996062015946
26,26,w26,-Inf,0.0,22,0.5000000000012177,0.749999999999844,-0.20017287296518477,0.5292168979059969,0.4933509900965064
26,26,w26,-Inf,0.0,23,0.7499999999995922,0.2499999999998184,-0.31333493207635915,-0.4044660455456977,-0.44774404414879443
26,26,w26,-Inf,0.0,24,0.749999999999844,0.4999999999995339,0.09038647985857672,0.12157376034884439,0.1762624688216231
26,26,w26,-Inf,0.0,25,0.7500000000000953,0.7499999999995921,-0.25115667565179306,-0.9806821099841943,-1.0
27,27,w27,-Inf,0.0,1,0.0,0.0,9.329599459737312e-18,0.02519615304180314,0.00621957185961114
27,27,w27,-Inf,0.0,2,1.0,0.0,2.332399864934328e-17,-0.1399767572858444,-0.08686588603822648
27,27,w27,-Inf,0.0,3,1.0,1.0,-3.3586558055054324e-16,-0.8917787298427533,-1.0
27,27,w27,-Inf,0.0,4,0.0,1.0,4.664799729868656e-17,0.5889610308448692,0.5157340589816225
27,27,w27,-Inf,0.0,5,0.2499999999994109,0.0,3.1254158190119995e-16,0.14863632076382494,0.08784787441714183
27,27,w27,-Inf,0.0,6,0.4999999999986921,0.0,-4.664799729868656e-18,-0.025136092833185898,0.05816043004284348
27,27,w27,-Inf,0.0,7,0.7499999999993406,0.0,-1.1195519351684775e-16,-0.0033891331343702596,-0.03612510676453643
27,27,w27,-Inf,0.0,8,1.0,0.2499999999994109,6.530719621816119e-17,0.009548482724816058,-0.14051774072384363
27,27,w27,-Inf,0.0,9,1.0,0.4999999999986921,-1.3061439243632237e-16,-0.3321105965842111,-0.3388076642097288
27,27,w27,-Inf,0.0,10,1.0,0.7499999999993406,1.8659198919474625e-17,0.14523286029960522,0.2964211136035806
27,27,w27,-Inf,0.0,11,0.7500000000003471,1.0,4.851391719063402e-16,0.8316270946498919,0.7299009870236245
27,27,w27,-Inf,0.0,12,0.5000000000020595,1.0,-1.3061439243632237e-16,0.3908074221594223,0.31899485035067165
27,27,w27,-Inf,0.0,13,0.2500000000010405,1.0,-6.997199594802984e-17,-0.700012975817119,-0.7131976925373374
27,27,w27,-Inf,0.0,14,0.0,0.7500000000003471,2.239103870336955e-16,-0.07612532815843923,-0.18679941480719112
27,27,w27,-Inf,0.0,15,0.0,0.5000000000020595,-2.425695859531701e-16,-0.053461533272042824,-0.05793786649030162
27,27,w27,-Inf,0.0,16,0.0,0.2500000000010405,-1.2128479297658506e-16,-0.04205816898803971,0.059057605761479136
27,27,w27,-Inf,0.0,17,0.2499999999998184,0.2500000000006332,-0.056650514939870535,-0.01289606199173986,-0.20230747817955233
27,27,w27,-Inf,0.0,18,0.2500000000002257,0.5000000000012177,-0.25645983740984757,0.1467867022360181,0.15496040345627843
27,27,w27,-Inf,0.0,19,0.2500000000006332,0.7500000000000954,-0.2742103106740794,0.47999799336814947,0.5316644643943995
27,27,w27,-Inf,0.0,20,0.4999999999995339,0.2500000000002257,0.32910481853715484,0.1592393209210966,0.1940722578347415
27,27,w27,-Inf,0.0,21,0.5000000000003757,0.5000000000003757,-0.2496145951805,-0.028627729046947863,-0.026382800068396446
27,27,w27,-Inf,0.0,22,0.5000000000012177,0.749999999999844,0.2499985152912869,-0.052555390454941495,-0.14390752411033195
27,27,w27,-Inf,0.0,23,0.7499999999995922,0.2499999999998184,0.28536576727621227,-0.2208751283665764,-0.1875003303868809
27,27,w27,-Inf,0.0,24,0.749999999999844,0.4999999999995339,-0.2877994588862509,0.3565179767983213,0.3948660262165708
27,27,w27,-Inf,0.0,25,0.7500000000000953,0.7499999999995921,0.4110805974533102,-0.6116263413002133,-0.5687436216101224
28,28,w28,-Inf,0.0,1,0.0,0.0,0.0,0.051945403217530335,-0.041920610592090665
28,28,w28,-Inf,0.0,2,1.0,0.0,-2.118974633106271e-16,-0.04738662515954236,-0.027435025903881666
28,28,w28,-Inf,0.0,3,1.0,1.0,-4.581566774283829e-17,-0.12559304541589958,-0.11458534835209679
28,28,w28,-Inf,0.0,4,0.0,1.0,1.3744700322851486e-16,0.028438814237878526,0.0419422982956924
28,28,w28,-Inf,0.0,5,0.2499999999994109,0.0,3.0603434312599014e-16,0.07342432063678561,0.02630282029952928
28,28,w28,-Inf,0.0,6,0.4999999999986921,0.0,-1.1453916935709573e-16,-0.06160821060688236,0.03074270050729512
28,28,w28,-Inf,0.0,7,0.7499999999993406,0.0,1.6035483709993402e-16,-0.024942697047435954,-0.002728769854150633
28,28,w28,-Inf,0.0,8,1.0,0.2499999999994109,1.1453916935709573e-16,-0.06334547376390239,-0.010912476960950589
28,28,w28,-Inf,0.0,9,1.0,0.4999999999986921,-6.872350161425743e-17,-0.01928571708278862,-0.025313292480440952
28,28,w28,-Inf,0.0,10,1.0,0.7499999999993406,6.872350161425743e-17,-0.03099035649277342,-0.03778747599273263
28,28,w28,-Inf,0.0,11,0.7500000000003471,1.0,1.6035483709993402e-16,0.08680044420372496,-0.034403745968786585
28,28,w28,-Inf,0.0,12,0.5000000000020595,1.0,-3.4361750807128716e-17,0.03182942254336422,0.03202090544747443
28,28,w28,-Inf,0.0,13,0.2500000000010405,1.0,-1.5462787863207922e-16,0.08447990465679839,0.02775615970095823
28,28,w28,-Inf,0.0,14,0.0,0.7500000000003471,-8.017741854996701e-17,0.03643253513059941,0.04838665755342055
28,28,w28,-Inf,0.0,15,0.0,0.5000000000020595,8.590437701782179e-18,-0.024183407176031266,0.019778080399805675
28,28,w28,-Inf,0.0,16,0.0,0.2500000000010405,-1.7180875403564358e-16,0.02359633780281713,0.01781106568458677
28,28,w28,-Inf,0.0,17,0.2499999999998184,0.2500000000006332,-0.20038533697753236,0.09722225252666515,-0.03055953166403585
28,28,w28,-Inf,0.0,18,0.2500000000002257,0.5000000000012177,-0.21592303351253608,-0.02468182605753244,-0.05682429925078984
28,28,w28,-Inf,0.0,19,0.2500000000006332,0.7500000000000954,0.6962225972507781,0.03443499487194303,-0.08308933142329954
28,28,w28,-Inf,0.0,20,0.4999999999995339,0.2500000000002257,0.5488626338945434,-0.052440768572705306,-0.06615119737405156
28,28,w28,-Inf,0.0,21,0.5000000000003757,0.5000000000003757,0.49673067229666285,-0.035475117134371764,0.07540035565111933
28,28,w28,-Inf,0.0,22,0.5000000000012177,0.749999999999844,0.23689134634030717,0.07097696936725931,0.0821266033510032
28,28,w28,-Inf,0.0,23,0.7499999999995922,0.2499999999998184,-1.0,-0.03732521855638432,0.002277923091884154
28,28,w28,-Inf,0.0,24,0.749999999999844,0.4999999999995339,0.3005290544767787,-0.05468282858146383,-0.04138598841348285
28,28,w28,-Inf,0.0,25,0.7500000000000953,0.7499999999995921,0.8485757075925381,-0.026581140056668392,-0.002529481404135779
29,29,w29,-Inf,0.0,1,0.0,0.0,-8.443784084026092e-18,0.045130634147215,-0.028323855839529313
29,29,w29,-Inf,0.0,2,1.0,0.0,-1.3510054534441748e-16,-0.037484335927910686,-0.011152560188399515
29,29,w29,-Inf,0.0,3,1.0,1.0,1.9300077906345354e-17,-0.03231188373146978,0.0037234645138514103
29,29,w29,-Inf,0.0,4,0.0,1.0,-4.8250194765863386e-18,-0.01088459572759902,0.037971859315100935
29,29,w29,-Inf,0.0,5,0.2499999999994109,0.0,-9.650038953172677e-18,0.03374875193960595,0.06243428848810653
29,29,w29,-Inf,0.0,6,0.4999999999986921,0.0,3.860015581269071e-17,0.006698564994248106,0.02565473472509234
29,29,w29,-Inf,0.0,7,0.7499999999993406,0.0,1.9300077906345355e-16,-0.055576128282139696,-0.011423307946909609
29,29,w29,-Inf,0.0,8,1.0,0.2499999999994109,-4.825019476586339e-17,-0.04286311189853092,0.043880601311200605
29,29,w29,-Inf,0.0,9,1.0,0.4999999999986921,7.720031162538142e-17,-0.024799104301505195,-0.020104981454703498
29,29,w29,-Inf,0.0,10,1.0,0.7499999999993406,1.2303799665295164e-16,0.004669687983900828,-0.05828643758474842
29,29,w29,-Inf,0.0,11,0.7500000000003471,1.0,-2.4728224817504985e-17,-0.029356458604142353,0.02633669389025639
29,29,w29,-Inf,0.0,12,0.5000000000020595,1.0,-4.342517528927705e-17,0.06106817260924965,0.062331227301327057
29,29,w29,-Inf,0.0,13,0.2500000000010405,1.0,-7.720031162538142e-17,-0.034921598314390914,0.05193459919090548
29,29,w29,-Inf,0.0,14,0.0,0.7500000000003471,-2.895011685951803e-17,-0.05742669622291325,0.00990143831627962
29,29,w29,-Inf,0.0,15,0.0,0.5000000000020595,3.860015581269071e-17,0.017028712005771808,-0.04648900830231186
29,29,w29,-Inf,0.0,16,0.0,0.2500000000010405,3.7635151917373443e-16,0.07606516290964119,0.08673355776762626
29,29,w29,-Inf,0.0,17,0.2499999999998184,0.2500000000006332,-0.717803249675773,0.06099142608981861,0.04186116428658178
29,29,w29,-Inf,0.0,18,0.2500000000002257,0.5000000000012177,1.0,-0.021331257303898284,-0.005793183693688267
29,29,w29,-Inf,0.0,19,0.2500000000006332,0.7500000000000954,-0.3705512043033184,-0.0070459326702668424,-0.02025406273391939
29,29,w29,-Inf,0.0,20,0.4999999999995339,0.2500000000002257,0.538388312874564,0.04848869755006212,0.03663586754032671
29,29,w29,-Inf,0.0,21,0.5000000000003757,0.5000000000003757,0.3042195309449275,-0.03822337080119454,-0.045682775117720745
29,29,w29,-Inf,0.0,22,0.5000000000012177,0.749999999999844,0.06411852463734521,-0.023107099661771352,0.004227770445957387
29,29,w29,-Inf,0.0,23,0.7499999999995922,0.2499999999998184,0.23057705348546167,-0.04205157499288034,-0.00756873671783555
29,29,w29,-Inf,0.0,24,0.749999999999844,0.4999999999995339,0.14648868301743473,0.0321507487255251,0.02573619742132476
29,29,w29,-Inf,0.0,25,0.7500000000000953,0.7499999999995921,0.0976052377176325,0.0642795220579849,0.03604210410292358
30,30,w30,-Inf,0.0,1,0.0,0.0,-1.669137901387128e-16,0.06986840286443315,0.0012546953432281717
30,30,w30,-Inf,0.0,2,1.0,0.0,-2.8762822764974614e-16,-0.101491970536225,0.037914710179434465
30,30,w30,-Inf,0.0,3,1.0,1.0,4.768965432534651e-17,-0.10172687397656278,-0.13935774839887094
30,30,w30,-Inf,0.0,4,0.0,1.0,-1.4306896297603953e-16,0.1094680710539605,0.019122905249652038
30,30,w30,-Inf,0.0,5,0.2499999999994109,0.0,3.7853663120743795e-16,0.08353778511349949,-0.011792142481325363
30,30,w30,-Inf,0.0,6,0.4999999999986921,0.0,-1.1922413581336628e-17,-0.019986325002984414,0.07951715322224134
30,30,w30,-Inf,0.0,7,0.7499999999993406,0.0,4.768965432534651e-17,-0.01887825236249871,-0.015844098671534374
30,30,w30,-Inf,0.0,8,1.0,0.2499999999994109,3.5767240744009883e-17,-0.08009221099934917,-0.059519737446816996
30,30,w30,-Inf,0.0,9,1.0,0.4999999999986921,2.0268103088272267e-16,-0.05936261163048994,-0.05811291312149497
30,30,w30,-Inf,0.0,10,1.0,0.7499999999993406,-2.3248706483606424e-16,-0.04934332332275811,-0.102574844662682
30,30,w30,-Inf,0.0,11,0.7500000000003471,1.0,2.3844827162673253e-16,0.04530635537935988,-0.06111219141473416
30,30,w30,-Inf,0.0,12,0.5000000000020595,1.0,0.0,0.050549959884680175,0.039702697587497754
30,30,w30,-Inf,0.0,13,0.2500000000010405,1.0,-4.768965432534651e-17,0.08830418258134931,0.10049518568336509
30,30,w30,-Inf,0.0,14,0.0,0.7500000000003471,2.3844827162673256e-17,0.0585754923040503,0.04588103505036709
30,30,w30,-Inf,0.0,15,0.0,0.5000000000020595,-7.153448148801977e-17,0.03308364873635037,-0.011252988732015473
30,30,w30,-Inf,0.0,16,0.0,0.2500000000010405,-2.3844827162673256e-17,0.013092821399364775,0.022223070229297606
30,30,w30,-Inf,0.0,17,0.2499999999998184,0.2500000000006332,0.03784755686390008,0.1242973729032566,-0.02204001686659778
30,30,w30,-Inf,0.0,18,0.2500000000002257,0.5000000000012177,0.7444961750229149,0.003077907906532083,-0.0010487838627687783
30,30,w30,-Inf,0.0,19,0.2500000000006332,0.7500000000000954,0.9779533258902103,0.19437441600408367,-0.0018318717965303917
30,30,w30,-Inf,0.0,20,0.4999999999995339,0.2500000000002257,-0.5402458818016846,-0.00947888981614535,-0.04337718659003679
30,30,w30,-Inf,0.0,21,0.5000000000003757,0.5000000000003757,-0.4213997891571747,-0.018403215906951435,0.0697536562861375
30,30,w30,-Inf,0.0,22,0.5000000000012177,0.749999999999844,1.0,0.07750169142015481,0.04624221337323943
30,30,w30,-Inf,0.0,23,0.7499999999995922,0.2499999999998184,0.4317951675621594,-0.06128536263321815,0.007552054816278322
30,30,w30,-Inf,0.0,24,0.749999999999844,0.4999999999995339,0.12372913184662443,-0.07833720234798584,-0.09828905888019827
30,30,w30,-Inf,0.0,25,0.7500000000000953,0.7499999999995921,0.2742915562043015,-0.10356658832339712,-0.08477531632701514
31,31,w31,0.9999999999999997,0.0,1,0.0,0.0,-0.5825482522837849,1.0,-0.05934362080958127
31,31,w31,0.9999999999999997,0.0,2,1.0,0.0,0.41745145678128315,0.9999999167844462,-0.05934330511373509
31,31,w31,0.9999999999999997,0.0,3,1.0,1.0,0.35810807570136244,0.9999996369298871,-0.059343291114394216
31,31,w31,0.9999999999999997,0.0,4,0.0,1.0,-0.6418915978406554,0.9999995399209836,-0.059343562690432006
31,31,w31,0.9999999999999997,0.0,5,0.2499999999994109,0.0,-0.3325483134695846,0.9999999318817271,-0.0593434702725594
31,31,w31,0.9999999999999997,0.0,6,0.4999999999986921,0.0,-0.08254841234257748,0.9999998996955631,-0.05934339857370108
31,31,w31,0.9999999999999997,0.0,7,0.7499999999993406,0.0,0.1674515252229368,0.9999999199503823,-0.059343376426767534
31,31,w31,0.9999999999999997,0.0,8,1.0,0.2499999999994109,0.402615633822032,0.9999998031712749,-0.05934324654425855
31,31,w31,0.9999999999999997,0.0,9,1.0,0.4999999999986921,0.3877798097881969,0.9999998809268795,-0.05934334973201974
31,31,w31,0.9999999999999997,0.0,10,1.0,0.7499999999993406,0.3729439384000289,0.9999996917430585,-0.059343281367107585
31,31,w31,0.9999999999999997,0.0,11,0.7500000000003471,1.0,0.1081081663128016,0.9999996063070289,-0.05934337811759346
31,31,w31,0.9999999999999997,0.0,12,0.5000000000020595,1.0,-0.1418917702149853,0.9999996553496565,-0.05934345753362989
31,31,w31,0.9999999999999997,0.0,13,0.2500000000010405,1.0,-0.39189168149086706,0.9999995595885625,-0.059343492104333304
31,31,w31,0.9999999999999997,0.0,14,0.0,0.7500000000003471,-0.6270557566596854,0.9999996762048715,-0.05934360625004543
31,31,w31,0.9999999999999997,0.0,15,0.0,0.5000000000020595,-0.6122199376203239,0.9999997535110088,-0.059343605133772806
31,31,w31,0.9999999999999997,0.0,16,0.0,0.2500000000010405,-0.5973841327383561,0.9999998994161092,-0.05934361952214727
31,31,w31,0.9999999999999997,0.0,17,0.2499999999998184,0.2500000000006332,-0.34738417514262565,0.9999998582753066,-0.059343475105587455
31,31,w31,0.9999999999999997,0.0,18,0.2500000000002257,0.5000000000012177,-0.3622200103313712,0.9999997595447544,-0.05934351199606339
31,31,w31,0.9999999999999997,0.0,19,0.2500000000006332,0.7500000000000954,-0.37705584293287625,0.9999996337902818,-0.05934347344509318
31,31,w31,0.9999999999999997,0.0,20,0.4999999999995339,0.2500000000002257,-0.09738424817221755,0.999999855683884,-0.05934339750823394
31,31,w31,0.9999999999999997,0.0,21,0.5000000000003757,0.5000000000003757,-0.11222008958889848,0.9999997414260496,-0.05934337426585784
31,31,w31,0.9999999999999997,0.0,22,0.5000000000012177,0.749999999999844,-0.12705592433416354,0.9999996687071071,-0.05934339165178421
31,31,w31,0.9999999999999997,0.0,23,0.7499999999995922,0.2499999999998184,0.15261568948616505,0.9999998597427876,-0.059343352475235006
31,31,w31,0.9999999999999997,0.0,24,0.749999999999844,0.4999999999995339,0.13777985825423467,0.9999998016087117,-0.05934335033730141
31,31,w31,0.9999999999999997,0.0,25,0.7500000000000953,0.7499999999995921,0.12294400872488902,0.9999997036177379,-0.059343376693386775
32,32,w32,1.0000000000000009,0.0,1,0.0,0.0,-0.8849306690788841,0.1349351120671389,0.9999998277138009
32,32,w32,1.0000000000000009,0.0,2,1.0,0.0,-0.7499955062703504,0.1349347920983865,0.9999996003743316
32,32,w32,1.0000000000000009,0.0,3,1.0,1.0,0.2500044544777644,0.1349350349048642,0.9999997544263185
32,32,w32,1.0000000000000009,0.0,4,0.0,1.0,0.11506950195382122,0.13493457731774897,0.999999655512713
32,32,w32,1.0000000000000009,0.0,5,0.2499999999994109,0.0,-0.8511968572628347,0.13493510021377342,0.9999999523839396
32,32,w32,1.0000000000000009,0.0,6,0.4999999999986921,0.0,-0.8174630403717644,0.13493500159042265,0.9999998823762982
32,32,w32,1.0000000000000009,0.0,7,0.7499999999993406,0.0,-0.7837292431423096,0.13493488469321252,0.9999997214958278
32,32,w32,1.0000000000000009,0.0,8,1.0,0.2499999999994109,-0.49999553373993744,0.1349349724241988,0.9999997331550519
32,32,w32,1.0000000000000009,0.0,9,1.0,0.4999999999986921,-0.24999554019566114,0.13493507940281396,0.9999998378004077
32,32,w32,1.0000000000000009,0.0,10,1.0,0.7499999999993406,4.475323096309116e-6,0.13493507372370298,0.9999997979952259
32,32,w32,1.0000000000000009,0.0,11,0.7500000000003471,1.0,0.21627069239569502,0.13493499360239233,0.9999997600075298
32,32,w32,1.0000000000000009,0.0,12,0.5000000000020595,1.0,0.18253694672100768,0.1349348837554898,0.9999997477935488
32,32,w32,1.0000000000000009,0.0,13,0.2500000000010405,1.0,0.14880321064849392,0.13493469416108975,0.9999997911008862
32,32,w32,1.0000000000000009,0.0,14,0.0,0.7500000000003471,-0.13493048091530893,0.13493469378572126,0.999999726632358
32,32,w32,1.0000000000000009,0.0,15,0.0,0.5000000000020595,-0.3849305238433212,0.1349347912278299,0.9999997894426312
32,32,w32,1.0000000000000009,0.0,16,0.0,0.2500000000010405,-0.6349306143331193,0.13493502233799753,0.9999998007877441
32,32,w32,1.0000000000000009,0.0,17,0.2499999999998184,0.2500000000006332,-0.6011968211122457,0.13493501336646482,1.0
32,32,w32,1.0000000000000009,0.0,18,0.2500000000002257,0.5000000000012177,-0.35119679291778144,0.1349349052980881,0.9999999271278527
32,32,w32,1.0000000000000009,0.0,19,0.2500000000006332,0.7500000000000954,-0.1011967747941035,0.13493477710889448,0.9999998589132226
32,32,w32,1.0000000000000009,0.0,20,0.4999999999995339,0.2500000000002257,-0.5674630394091581,0.13493504544709503,0.9999999271698001
32,32,w32,1.0000000000000009,0.0,21,0.5000000000003757,0.5000000000003757,-0.3174630434607152,0.1349350429622331,0.9999998979321257
32,32,w32,1.0000000000000009,0.0,22,0.5000000000012177,0.749999999999844,-0.06746304050807504,0.13493491240976344,0.9999998455426625
32,32,w32,1.0000000000000009,0.0,23,0.7499999999995922,0.2499999999998184,-0.5337292741041918,0.13493500888059606,0.9999998050594683
32,32,w32,1.0000000000000009,0.0,24,0.749999999999844,0.4999999999995339,-0.283729283735055,0.13493511211414339,0.9999998412392549
32,32,w32,1.0000000000000009,0.0,25,0.7500000000000953,0.7499999999995921,-0.03372928746981448,0.13493500667410283,0.9999998427125903
33,33,w33,1.0000000000000009,0.0,1,0.0,0.0,0.22664993762185123,0.28169457442100193,0.4916555900854355
33,33,w33,1.0000000000000009,0.0,2,1.0,0.0,0.5083445268410162,0.28169472325898576,0.4916557912973029
33,33,w33,1.0000000000000009,0.0,3,1.0,1.0,1.0,0.28169506933327015,0.4916549601963288
33,33,w33,1.0000000000000009,0.0,4,0.0,1.0,0.7183052688048771,0.28169495708450826,0.4916551010144984
33,33,w33,1.0000000000000009,0.0,5,0.2499999999994109,0.0,0.29707357771273446,0.2816946549349022,0.4916554865939257
33,33,w33,1.0000000000000009,0.0,6,0.4999999999986921,0.0,0.3674972330482119,0.2816947308954891,0.4916554997871678
33,33,w33,1.0000000000000009,0.0,7,0.7499999999993406,0.0,0.43792087972853094,0.28169475892146917,0.49165553134612666
33,33,w33,1.0000000000000009,0.0,8,1.0,0.2499999999994109,0.6312584437306885,0.28169472289959613,0.49165559462047026
33,33,w33,1.0000000000000009,0.0,9,1.0,0.4999999999986921,0.7541723502937395,0.28169473514190496,0.4916553015296372
33,33,w33,1.0000000000000009,0.0,10,1.0,0.7499999999993406,0.8770861882061237,0.2816949622731732,0.491655041540268
33,33,w33,1.0000000000000009,0.0,11,0.7500000000003471,1.0,0.9295762634881559,0.2816949742738391,0.49165506648062246
33,33,w33,1.0000000000000009,0.0,12,0.5000000000020595,1.0,0.8591526066103444,0.2816948749639722,0.4916550769814716
33,33,w33,1.0000000000000009,0.0,13,0.2500000000010405,1.0,0.7887289422987129,0.2816949215203315,0.49165515377897656
33,33,w33,1.0000000000000009,0.0,14,0.0,0.7500000000003471,0.595391455238187,0.28169475115944514,0.4916552775669807
33,33,w33,1.0000000000000009,0.0,15,0.0,0.5000000000020595,0.4724776434509032,0.28169456344519783,0.4916553972788501
33,33,w33,1.0000000000000009,0.0,16,0.0,0.2500000000010405,0.3495637999373795,0.28169457976614465,0.4916555278377401
33,33,w33,1.0000000000000009,0.0,17,0.2499999999998184,0.2500000000006332,0.4199874422698873,0.2816946686248614,0.4916554107511586
33,33,w33,1.0000000000000009,0.0,18,0.2500000000002257,0.5000000000012177,0.542901292276382,0.2816946120823073,0.4916553272445329
33,33,w33,1.0000000000000009,0.0,19,0.2500000000006332,0.7500000000000954,0.6658151202186449,0.28169477346977195,0.4916552645750528
33,33,w33,1.0000000000000009,0.0,20,0.4999999999995339,0.2500000000002257,0.49041110347742856,0.2816947074898699,0.4916554302696551
33,33,w33,1.0000000000000009,0.0,21,0.5000000000003757,0.5000000000003757,0.6133249663649547,0.2816946654074697,0.49165527088403144
33,33,w33,1.0000000000000009,0.0,22,0.5000000000012177,0.749999999999844,0.7362387964195488,0.2816948580400907,0.49165508004654424
33,33,w33,1.0000000000000009,0.0,23,0.7499999999995922,0.2499999999998184,0.5608347678537725,0.28169469718235757,0.49165547868569526
33,33,w33,1.0000000000000009,0.0,24,0.749999999999844,0.4999999999995339,0.6837486454629786,0.28169468203680287,0.49165528618152726
33,33,w33,1.0000000000000009,0.0,25,0.7500000000000953,0.7499999999995921,0.8066624738900482,0.2816948478540515,0.491655154248055
34,34,w34,1.000000006789041,0.0,1,0.0,0.0,0.9970973373254682,-0.8003509846895052,-0.6968029916249773
34,34,w34,1.000000006789041,0.0,2,1.0,0.0,-1.0,-0.8188353076676431,0.8188351046688771
34,34,w34,1.000000006789041,0.0,3,1.0,1.0,0.9970972937586438,0.6968030866422794,0.800350933104056
34,34,w34,1.000000006789041,0.0,4,0.0,1.0,-0.9884907243029579,0.7594173054476939,-0.7594175867217692
34,34,w34,1.000000006789041,0.0,5,0.2499999999994109,0.0,0.536171983773639,-0.7744370831859785,-0.7430096292629089
34,34,w34,1.000000006789041,0.0,6,0.4999999999986921,0.0,0.002799466721222125,-0.701053541978997,-0.16294497717837633
34,34,w34,1.000000006789041,0.0,7,0.7499999999993406,0.0,-0.5341075437818826,-0.7351461471281675,0.5181064211933611
34,34,w34,1.000000006789041,0.0,8,1.0,0.2499999999994109,-0.534107519552953,-0.5181063743039646,0.735146002015289
34,34,w34,1.000000006789041,0.0,9,1.0,0.4999999999986921,0.002799529262838262,0.16294513694261226,0.7010534326507238
34,34,w34,1.000000006789041,0.0,10,1.0,0.7499999999993406,0.5361720109305254,0.7430096613718356,0.7744371215999475
34,34,w34,1.000000006789041,0.0,11,0.7500000000003471,1.0,0.5309522143102309,0.663484039192598,0.5857134124897879
34,34,w34,1.000000006789041,0.0,12,0.5000000000020595,1.0,-0.003401235700503465,0.6173866227468474,-0.022344595663736554
34,34,w34,1.000000006789041,0.0,13,0.2500000000010405,1.0,-0.5352670504995859,0.6800855091515332,-0.6125393550315114
34,34,w34,1.000000006789041,0.0,14,0.0,0.7500000000003471,-0.5352669735979927,0.6125390809967973,-0.6800857564205073
34,34,w34,1.000000006789041,0.0,15,0.0,0.5000000000020595,-0.0034010968112641597,0.02234429012868197,-0.6173866650332113
34,34,w34,1.000000006789041,0.0,16,0.0,0.2500000000010405,0.5309522989815084,-0.5857135274661058,-0.663484024477824
34,34,w34,1.000000006789041,0.0,17,0.2499999999998184,0.2500000000006332,0.2575513769305462,-0.5705601139304204,-0.7070383425328246
34,34,w34,1.000000006789041,0.0,18,0.2500000000002257,0.5000000000012177,-0.010810850758385575,0.06908292593428986,-0.6751136875952825
34,34,w34,1.000000006789041,0.0,19,0.2500000000006332,0.7500000000000954,-0.2746704058235291,0.6569513368557168,-0.6569516033264199
34,34,w34,1.000000006789041,0.0,20,0.4999999999995339,0.2500000000002257,-0.0076382565249598685,-0.5526518531701091,-0.11512965090539384
34,34,w34,1.000000006789041,0.0,21,0.5000000000003757,0.5000000000003757,-0.01161652556262554,0.08930027695386908,-0.08930035746231878
34,34,w34,1.000000006789041,0.0,22,0.5000000000012177,0.749999999999844,-0.01081089134306631,0.6751136099220615,-0.06908318556471164
34,34,w34,1.000000006789041,0.0,23,0.7499999999995922,0.2499999999998184,-0.27014767955909336,-0.5441512984296937,0.5441513313239855
34,34,w34,1.000000006789041,0.0,24,0.749999999999844,0.4999999999995339,-0.007638241289739596,0.11512966322663196,0.5526518462166604
34,34,w34,1.000000006789041,0.0,25,0.7500000000000953,0.7499999999995921,0.25755136017125185,0.7070384862055361,0.5705599487575604
35,35,w35,1.0000000155086266,0.0,1,0.0,0.0,0.02799308199574178,-0.7599454781819195,0.5831457586495994
35,35,w35,1.0000000155086266,0.0,2,1.0,0.0,-1.5289722012003847e-8,0.9999998819697914,1.0
35,35,w35,1.0000000155086266,0.0,3,1.0,1.0,-0.02799298244946218,0.583145945790184,-0.7599457499475079
35,35,w35,1.0000000155086266,0.0,4,0.0,1.0,-2.4205928615987703e-8,-0.7044893491765122,-0.7044891742175207
35,35,w35,1.0000000155086266,0.0,5,0.2499999999994109,0.0,-0.42577247494721376,-0.6519118029209133,0.8154656640429124
35,35,w35,1.0000000155086266,0.0,6,0.4999999999986921,0.0,-0.6752592930117166,-0.11798761046326724,0.9216544899232535
35,35,w35,1.0000000155086266,0.0,7,0.7499999999993406,0.0,-0.462691869154078,0.5604359550848926,0.9155649113513776
35,35,w35,1.0000000155086266,0.0,8,1.0,0.2499999999994109,0.46269186396423534,0.9155649371261185,0.5604359717421254
35,35,w35,1.0000000155086266,0.0,9,1.0,0.4999999999986921,0.6752593310249029,0.9216545025555233,-0.11798768078283983
35,35,w35,1.0000000155086266,0.0,10,1.0,0.7499999999993406,0.4257725466592962,0.815465691618837,-0.6519119428866457
35,35,w35,1.0000000155086266,0.0,11,0.7500000000003471,1.0,-0.43125315354416827,0.43974209410860216,-0.9177375948518882
35,35,w35,1.0000000155086266,0.0,12,0.5000000000020595,1.0,-0.6375038105301102,0.008969529493566481,-0.9411868972120664
35,35,w35,1.0000000155086266,0.0,13,0.2500000000010405,1.0,-0.41912003037254114,-0.45263846695520826,-0.8316057587002366
35,35,w35,1.0000000155086266,0.0,14,0.0,0.7500000000003471,0.4191199628499817,-0.8316059570178352,-0.45263835584446604
35,35,w35,1.0000000155086266,0.0,15,0.0,0.5000000000020595,0.6375037531841892,-0.9411869167754587,0.008969500486287694
35,35,w35,1.0000000155086266,0.0,16,0.0,0.2500000000010405,0.4312531824974653,-0.9177374980635311,0.43974189527976487
35,35,w35,1.0000000155086266,0.0,17,0.2499999999998184,0.2500000000006332,-0.004360954506592719,-0.6729758602451524,0.4951212782245846
35,35,w35,1.0000000155086266,0.0,18,0.2500000000002257,0.5000000000012177,0.16382083310484927,-0.6547508148770264,-0.06856028692833507
35,35,w35,1.0000000155086266,0.0,19,0.2500000000006332,0.7500000000000954,-2.6234681265645243e-8,-0.5811106498619399,-0.5811105576079956
35,35,w35,1.0000000155086266,0.0,20,0.4999999999995339,0.2500000000002257,-0.17885742932554327,-0.09451691088961439,0.5178529236886731
35,35,w35,1.0000000155086266,0.0,21,0.5000000000003757,0.5000000000003757,-3.796968012852638e-9,-0.08791531298075257,-0.08791530983432218
35,35,w35,1.0000000155086266,0.0,22,0.5000000000012177,0.749999999999844,-0.16382086393324063,-0.06856031319607439,-0.6547508224765416
35,35,w35,1.0000000155086266,0.0,23,0.7499999999995922,0.2499999999998184,8.358644621907134e-9,0.519900826796514,0.5199008443148316
35,35,w35,1.0000000155086266,0.0,24,0.749999999999844,0.4999999999995339,0.17885744582441604,0.5178528909365853,-0.0945169172203786
35,35,w35,1.0000000155086266,0.0,25,0.7500000000000953,0.7499999999995921,0.004360966858441571,0.4951213244274742,-0.6729758946343195
36,36,w36,1.000000024486273,0.0,1,0.0,0.0,-0.04619730268383717,1.0,-0.8382960482803852
36,36,w36,1.000000024486273,0.0,2,1.0,0.0,-0.78809795942767,-0.4773206140605284,0.4773210429420218
36,36,w36,1.000000024486273,0.0,3,1.0,1.0,-0.0461975389368615,0.8382958976239397,-0.9999999408010993
36,36,w36,1.000000024486273,0.0,4,0.0,1.0,0.7017130895931694,-0.2665373819708392,0.266537744619873
36,36,w36,1.000000024486273,0.0,5,0.2499999999994109,0.0,0.5050269494291532,0.8761189680614573,-0.8656903607071512
36,36,w36,1.000000024486273,0.0,6,0.4999999999986921,0.0,0.5585392462062096,0.3095324879009543,-0.6657430687995212
36,36,w36,1.000000024486273,0.0,7,0.7499999999993406,0.0,-0.054060923402624306,-0.23044625080233358,-0.05277295658386291
36,36,w36,1.000000024486273,0.0,8,1.0,0.2499999999994109,-0.05406074683235911,0.052773344460403555,0.2304464870274236
36,36,w36,1.000000024486273,0.0,9,1.0,0.4999999999986921,0.5585394147261996,0.665743269818249,-0.3095323722754653
36,36,w36,1.000000024486273,0.0,10,1.0,0.7499999999993406,0.5050269082915677,0.8656903298725035,-0.8761188893095574
36,36,w36,1.000000024486273,0.0,11,0.7500000000003471,1.0,-0.49825235646542926,0.6843188326560531,-0.9388743595173863
36,36,w36,1.000000024486273,0.0,12,0.5000000000020595,1.0,-0.4924449994774346,0.26738466101873615,-0.5948960117762593
36,36,w36,1.000000024486273,0.0,13,0.2500000000010405,1.0,0.07058184127759567,-0.10521691530540582,0.005357314668735726
36,36,w36,1.000000024486273,0.0,14,0.0,0.7500000000003471,0.07058171849565437,-0.0053570703814170735,0.10521721282944414
36,36,w36,1.000000024486273,0.0,15,0.0,0.5000000000020595,-0.49244510204287417,0.5948961735752092,-0.26738451360541127
36,36,w36,1.000000024486273,0.0,16,0.0,0.2500000000010405,-0.49825233128500795,0.9388744728480971,-0.6843189470140025
36,36,w36,1.000000024486273,0.0,17,0.2499999999998184,0.2500000000006332,0.018744701467125282,0.677470858491825,-0.5194556912877057
36,36,w36,1.000000024486273,0.0,18,0.2500000000002257,0.5000000000012177,-0.12138807398725512,0.37007847581132186,-0.0855488067698661
36,36,w36,1.000000024486273,0.0,19,0.2500000000006332,0.7500000000000954,-0.0294215615914218,-0.10371249872197388,0.10371270758804713
36,36,w36,1.000000024486273,0.0,20,0.4999999999995339,0.2500000000002257,0.17890380786981216,0.2180055844271687,-0.36888735021901925
36,36,w36,1.000000024486273,0.0,21,0.5000000000003757,0.5000000000003757,0.03150514184474945,0.23247101397840159,-0.23247084125045905
36,36,w36,1.000000024486273,0.0,22,0.5000000000012177,0.749999999999844,-0.12138804250970381,0.08554895152456626,-0.3700783390366943
36,36,w36,1.000000024486273,0.0,23,0.7499999999995922,0.2499999999998184,0.07185070737076266,-0.03155462269225432,0.031554861649617
36,36,w36,1.000000024486273,0.0,24,0.749999999999844,0.4999999999995339,0.1789038510889385,0.3688875537296107,-0.21800548898271113
36,36,w36,1.000000024486273,0.0,25,0.7500000000000953,0.7499999999995921,0.018744704101324533,0.5194557041131089,-0.6774707772295373
37,37,w37,1.0000000249082737,0.0,1,0.0,0.0,-0.761064486758476,0.3587286479168265,0.1743563970981522
37,37,w37,1.0000000249082737,0.0,2,1.0,0.0,1.2771700431384478e-7,-0.9999998905204798,-1.0
37,37,w37,1.0000000249082737,0.0,3,1.0,1.0,0.7610644831075944,0.17435645579139408,0.35872862358099333
37,37,w37,1.0000000249082737,0.0,4,0.0,1.0,-5.5229060733802037e-8,-0.9290710328395049,-0.929071092628084
37,37,w37,1.0000000249082737,0.0,5,0.2499999999994109,0.0,-0.07740511302795583,0.27810105590461204,0.2346187919719829
37,37,w37,1.0000000249082737,0.0,6,0.4999999999986921,0.0,0.50981165595938,-0.04925352397014163,-0.3906354480895058
37,37,w37,1.0000000249082737,0.0,7,0.7499999999993406,0.0,0.49782032090613065,-0.5739763542027335,-0.7703485100218812
37,37,w37,1.0000000249082737,0.0,8,1.0,0.2499999999994109,-0.497820286349675,-0.7703486862311862,-0.5739763519092331
37,37,w37,1.0000000249082737,0.0,9,1.0,0.4999999999986921,-0.5098117690067565,-0.3906357176821297,-0.04925343076757141
37,37,w37,1.0000000249082737,0.0,10,1.0,0.7499999999993406,0.07740501342993149,0.2346185895917968,0.2781011632023831
37,37,w37,1.0000000249082737,0.0,11,0.7500000000003471,1.0,0.0431525614556648,0.06650914202534602,0.00997789587785336
37,37,w37,1.0000000249082737,0.0,12,0.5000000000020595,1.0,-0.557848936991172,-0.24807754716433605,-0.5922458195464272
37,37,w37,1.0000000249082737,0.0,13,0.2500000000010405,1.0,-0.5191006911581483,-0.6558138165073618,-0.8535770527494877
37,37,w37,1.0000000249082737,0.0,14,0.0,0.7500000000003471,0.5191007097640178,-0.85357698228914,-0.6558138702977983
37,37,w37,1.0000000249082737,0.0,15,0.0,0.5000000000020595,0.5578490297424958,-0.5922459453503264,-0.24807745450294033
37,37,w37,1.0000000249082737,0.0,16,0.0,0.2500000000010405,-0.04315247036827677,0.009977706492370448,0.06650918164334192
37,37,w37,1.0000000249082737,0.0,17,0.2499999999998184,0.2500000000006332,0.06842713654569035,-0.02821216495483378,0.11176209424590615
37,37,w37,1.0000000249082737,0.0,18,0.2500000000002257,0.5000000000012177,0.16869778355366,-0.48015413159457027,-0.2115487525614279
37,37,w37,1.0000000249082737,0.0,19,0.2500000000006332,0.7500000000000954,1.6520182697850725e-8,-0.6275302900165237,-0.6275302825328481
37,37,w37,1.0000000249082737,0.0,20,0.4999999999995339,0.2500000000002257,0.15712274040211802,-0.17065984800191852,-0.2977056532680539
37,37,w37,1.0000000249082737,0.0,21,0.5000000000003757,0.5000000000003757,2.6733044440558518e-11,-0.30881109684114355,-0.3088108804180672
37,37,w37,1.0000000249082737,0.0,22,0.5000000000012177,0.749999999999844,-0.1686977462217757,-0.21154888052007922,-0.48015396897479334
37,37,w37,1.0000000249082737,0.0,23,0.7499999999995922,0.2499999999998184,-4.79197722555373e-9,-0.48620328939353374,-0.48620314088953087
37,37,w37,1.0000000249082737,0.0,24,0.749999999999844,0.4999999999995339,-0.15712277016183046,-0.29770587473829035,-0.17065965267799013
37,37,w37,1.0000000249082737,0.0,25,0.7500000000000953,0.7499999999995921,-0.06842713003726111,0.11176193243221344,-0.028211926668165365
38,38,w38,1.0000000308128068,0.0,1,0.0,0.0,-0.9446648925991807,0.787838404592627,0.6374672720647883
38,38,w38,1.0000000308128068,0.0,2,1.0,0.0,-0.9010454757503351,-0.8988972754214077,0.8988967664293538
38,38,w38,1.0000000308128068,0.0,3,1.0,1.0,-0.9446646981063695,-0.6374665784958881,-0.7878387797070949
38,38,w38,1.0000000308128068,0.0,4,0.0,1.0,-1.0,0.7900254893146411,-0.7900249576595819
38,38,w38,1.0000000308128068,0.0,5,0.2499999999994109,0.0,0.07722341364034115,0.6664187863255111,0.6652916815867258
38,38,w38,1.0000000308128068,0.0,6,0.4999999999986921,0.0,0.6825383418786659,0.18037670652914806,0.1722426441884391
38,38,w38,1.0000000308128068,0.0,7,0.7499999999993406,0.0,0.12146261991791445,-0.5283568973909457,0.36005518643225193
38,38,w38,1.0000000308128068,0.0,8,1.0,0.2499999999994109,0.12146247028210415,-0.36005534136620765,0.528356484520759
38,38,w38,1.0000000308128068,0.0,9,1.0,0.4999999999986921,0.6825382344648967,-0.17224243209920276,-0.18037691302663836
38,38,w38,1.0000000308128068,0.0,10,1.0,0.7499999999993406,0.077223536572363,-0.6652912853927612,-0.6664190844129683
38,38,w38,1.0000000308128068,0.0,11,0.7500000000003471,1.0,0.1483807129777589,-0.47467723205186285,-0.40210926348645604
38,38,w38,1.0000000308128068,0.0,12,0.5000000000020595,1.0,0.7570235540753001,-0.01164991961338042,-0.05175995955115926
38,38,w38,1.0000000308128068,0.0,13,0.2500000000010405,1.0,0.10855873244060786,0.5420128935473795,-0.4313235418044535
38,38,w38,1.0000000308128068,0.0,14,0.0,0.7500000000003471,0.10855879679542237,0.43132379901198037,-0.5420124385637938
38,38,w38,1.0000000308128068,0.0,15,0.0,0.5000000000020595,0.7570237478005455,0.051760002215796776,0.011650456006904475
38,38,w38,1.0000000308128068,0.0,16,0.0,0.2500000000010405,0.14838085008611138,0.40210914928068986,0.4746778844340926
38,38,w38,1.0000000308128068,0.0,17,0.2499999999998184,0.2500000000006332,0.35240178761584323,0.3215016048108264,0.43982647092556515
38,38,w38,1.0000000308128068,0.0,18,0.2500000000002257,0.5000000000012177,0.5383494307903404,0.1643285972937213,-0.09519773398678091
38,38,w38,1.0000000308128068,0.0,19,0.2500000000006332,0.7500000000000954,0.34901163021706255,0.5171782237140251,-0.5171780465535629
38,38,w38,1.0000000308128068,0.0,20,0.4999999999995339,0.2500000000002257,0.5190167562767934,0.01629349403147231,0.2189686488343206
38,38,w38,1.0000000308128068,0.0,21,0.5000000000003757,0.5000000000003757,0.5632282157651841,0.017609178922713083,-0.01760911257123082
38,38,w38,1.0000000308128068,0.0,22,0.5000000000012177,0.749999999999844,0.5383493639964925,0.0951979910097674,-0.16432859181294265
38,38,w38,1.0000000308128068,0.0,23,0.7499999999995922,0.2499999999998184,0.3470183280778138,-0.3765750793982949,0.37657490479438466
38,38,w38,1.0000000308128068,0.0,24,0.749999999999844,0.4999999999995339,0.5190167053615308,-0.21896848369359256,-0.016293608036836757
38,38,w38,1.0000000308128068,0.0,25,0.7500000000000953,0.7499999999995921,0.35240174897177323,-0.43982616461169727,-0.3215017046736471
39,39,w39,1.0000000509736935,0.0,1,0.0,0.0,0.01115354134321204,-0.9863736516009497,0.9999999449257946
39,39,w39,1.0000000509736935,0.0,2,1.0,0.0,3.6846927826210487e-9,-0.9226814696022959,-0.9226813738336548
39,39,w39,1.0000000509736935,0.0,3,1.0,1.0,-0.011153532448509735,1.0,-0.9863736142198722
39,39,w39,1.0000000509736935,0.0,4,0.0,1.0,1.2258085190363078e-8,0.927902220911369,0.9279021960824934
39,39,w39,1.0000000509736935,0.0,5,0.2499999999994109,0.0,-0.5167790075256955,-0.8561144497776675,0.717458263567479
39,39,w39,1.0000000509736935,0.0,6,0.4999999999986921,0.0,-0.007587030357688623,-0.3964878944016875,0.08905409197994471
39,39,w39,1.0000000509736935,0.0,7,0.7499999999993406,0.0,0.5103260926135443,-0.49567427337605063,-0.5743069852466157
39,39,w39,1.0000000509736935,0.0,8,1.0,0.2499999999994109,-0.5103260745666257,-0.5743071327583114,-0.4956741847723366
39,39,w39,1.0000000509736935,0.0,9,1.0,0.4999999999986921,0.00758704925786641,0.08905416634098826,-0.3964878212203983
39,39,w39,1.0000000509736935,0.0,10,1.0,0.7499999999993406,0.5167790231231347,0.7174583504584374,-0.8561143243997159
39,39,w39,1.0000000509736935,0.0,11,0.7500000000003471,1.0,-0.5066597506789697,0.8394781860763594,-0.6308832832821144
39,39,w39,1.0000000509736935,0.0,12,0.5000000000020595,1.0,0.004010548476251716,0.5795709691876003,0.06595031570010206
39,39,w39,1.0000000509736935,0.0,13,0.2500000000010405,1.0,0.4976693464762951,0.69427966717073,0.6639646478193755
39,39,w39,1.0000000509736935,0.0,14,0.0,0.7500000000003471,-0.4976693399677739,0.663964628644841,0.6942796839929322
39,39,w39,1.0000000509736935,0.0,15,0.0,0.5000000000020595,-0.004010589783954589,0.06595028775801078,0.5795709763494903
39,39,w39,1.0000000509736935,0.0,16,0.0,0.2500000000010405,0.5066597190005485,-0.6308833304327254,0.8394782074487441
39,39,w39,1.0000000509736935,0.0,17,0.2499999999998184,0.2500000000006332,-0.006175331947365507,-0.37338365923197175,0.35753808863251924
39,39,w39,1.0000000509736935,0.0,18,0.2500000000002257,0.5000000000012177,-0.006274791200729247,0.14434259739646432,0.2415384397890564
39,39,w39,1.0000000509736935,0.0,19,0.2500000000006332,0.7500000000000954,-6.886043308210322e-9,0.5122752572421153,0.5122752928083353
39,39,w39,1.0000000509736935,0.0,20,0.4999999999995339,0.2500000000002257,-0.0006142483296078947,-0.19702661749400685,-0.022882163365726765
39,39,w39,1.0000000509736935,0.0,21,0.5000000000003757,0.5000000000003757,-9.292158379409874e-9,0.039698798262716155,0.039698805129851286
39,39,w39,1.0000000509736935,0.0,22,0.5000000000012177,0.749999999999844,0.006274770058983455,0.24153844341121633,0.14434263933417926
39,39,w39,1.0000000509736935,0.0,23,0.7499999999995922,0.2499999999998184,2.726997189150736e-9,-0.3649033605372803,-0.36490326232945414
39,39,w39,1.0000000509736935,0.0,24,0.749999999999844,0.4999999999995339,0.0006142478759575885,-0.022882145977131715,-0.19702648928833916
39,39,w39,1.0000000509736935,0.0,25,0.7500000000000953,0.7499999999995921,0.006175321960877272,0.3575381552029336,-0.3733835650590815
40,40,w40,1.0000000684856472,0.0,1,0.0,0.0,-0.8696119971718494,0.5355127107494374,0.5123705577846485
40,40,w40,1.0000000684856472,0.0,2,1.0,0.0,1.968317963762372e-6,1.0,0.999997322682128
40,40,w40,1.0000000684856472,0.0,3,1.0,1.0,0.8696118912954731,0.5123743824271135,0.5355083635993905
40,40,w40,1.0000000684856472,0.0,4,0.0,1.0,-1.9081922142950874e-6,0.9116679134567877,0.9116658560261345
40,40,w40,1.0000000684856472,0.0,5,0.2499999999994109,0.0,0.5418168018203154,0.3535765594043576,0.3105745563115812
40,40,w40,1.0000000684856472,0.0,6,0.4999999999986921,0.0,0.3709694985133459,-0.007330946448883311,-0.025393312086580164
40,40,w40,1.0000000684856472,0.0,7,0.7499999999993406,0.0,-0.7927612140340725,0.1792574329209099,0.5754507529046107
40,40,w40,1.0000000684856472,0.0,8,1.0,0.2499999999994109,0.7927587190252946,0.5754504548569302,0.17925687053745235
40,40,w40,1.0000000684856472,0.0,9,1.0,0.4999999999986921,-0.3709711082760518,-0.025392961260020674,-0.007330572943388366
40,40,w40,1.0000000684856472,0.0,10,1.0,0.7499999999993406,-0.5418131878890552,0.3105781224530804,0.35357323321353445
40,40,w40,1.0000000684856472,0.0,11,0.7500000000003471,1.0,-0.568553201618531,0.3195378391105256,0.12554503280808496
40,40,w40,1.0000000684856472,0.0,12,0.5000000000020595,1.0,-0.36027443314718344,0.14410659815381394,0.10948185602742365
40,40,w40,1.0000000684856472,0.0,13,0.2500000000010405,1.0,0.8122546047203635,0.4352663196318331,0.721706962031356
40,40,w40,1.0000000684856472,0.0,14,0.0,0.7500000000003471,-0.8122522315909799,0.7217072313947605,0.4352653790797486
40,40,w40,1.0000000684856472,0.0,15,0.0,0.5000000000020595,0.3602760639817961,0.10948191984433575,0.14410647030750579
40,40,w40,1.0000000684856472,0.0,16,0.0,0.2500000000010405,0.568549727493998,0.12554826736926086,0.3195353443043293
40,40,w40,1.0000000684856472,0.0,17,0.2499999999998184,0.2500000000006332,0.3983230121867061,-0.025448359128953095,0.042340458686627704
40,40,w40,1.0000000684856472,0.0,18,0.2500000000002257,0.5000000000012177,0.1956482406353719,0.07589982278110753,-0.10863574617087128
40,40,w40,1.0000000684856472,0.0,19,0.2500000000006332,0.7500000000000954,8.460120189967556e-7,0.4161299596014931,0.41612923050906137
40,40,w40,1.0000000684856472,0.0,20,0.4999999999995339,0.2500000000002257,0.1969461514295905,-0.16889130727730925,-0.08578996979224345
40,40,w40,1.0000000684856472,0.0,21,0.5000000000003757,0.5000000000003757,1.3441309474404174e-8,-0.1879583499179687,-0.18795761744986675
40,40,w40,1.0000000684856472,0.0,22,0.5000000000012177,0.749999999999844,-0.19564734767428654,-0.10863600976302848,0.07590032235089576
40,40,w40,1.0000000684856472,0.0,23,0.7499999999995922,0.2499999999998184,-8.749695972275299e-7,0.15330423030865614,0.15330413598156886
40,40,w40,1.0000000684856472,0.0,24,0.749999999999844,0.4999999999995339,-0.1969470020009369,-0.08579052178994048,-0.16889089835558213
40,40,w40,1.0000000684856472,0.0,25,0.7500000000000953,0.7499999999995921,-0.39832295104562565,0.042340962905481394,-0.025449302737606278
41,41,w41,1.0000000685744501,0.0,1,0.0,0.0,-0.012175907499181423,0.9999920870661776,-0.9107493223017346
41,41,w41,1.0000000685744501,0.0,2,1.0,0.0,0.8642801298365879,0.6129920246217666,-0.6130060154320727
41,41,w41,1.0000000685744501,0.0,3,1.0,1.0,-0.012188194704998863,0.9107423435877754,-1.0
41,41,w41,1.0000000685744501,0.0,4,0.0,1.0,-0.8433222169314649,0.49195451680257596,-0.49196751812244666
41,41,w41,1.0000000685744501,0.0,5,0.2499999999994109,0.0,0.7959213428404562,0.7505186991265964,-0.7865646150866942
41,41,w41,1.0000000685744501,0.0,6,0.4999999999986921,0.0,-0.3607728846828055,-0.07503571900419526,-0.07657665944747481
41,41,w41,1.0000000685744501,0.0,7,0.7499999999993406,0.0,-0.5525217286748603,0.138062578357148,0.044552391602490186
41,41,w41,1.0000000685744501,0.0,8,1.0,0.2499999999994109,-0.5525330002998522,-0.04456045419651507,-0.13806513782999538
41,41,w41,1.0000000685744501,0.0,9,1.0,0.4999999999986921,-0.3607676517432854,0.07657711111667473,0.07503571558094357
41,41,w41,1.0000000685744501,0.0,10,1.0,0.7499999999993406,0.7959290440224798,0.7865603674245845,-0.7505239439055231
41,41,w41,1.0000000685744501,0.0,11,0.7500000000003471,1.0,-0.7769451747893973,0.5887313660616352,-0.7269299223056912
41,41,w41,1.0000000685744501,0.0,12,0.5000000000020595,1.0,0.36372062790358184,0.0979075824165044,-0.039563200767827864
41,41,w41,1.0000000685744501,0.0,13,0.2500000000010405,1.0,0.5323009490959708,0.2636739209193675,-0.07909824302073738
41,41,w41,1.0000000685744501,0.0,14,0.0,0.7500000000003471,0.5323123344337563,0.0790878234837101,-0.26368009364266465
41,41,w41,1.0000000685744501,0.0,15,0.0,0.5000000000020595,0.36371548889268485,0.039561310872713674,-0.09790955947082484
41,41,w41,1.0000000685744501,0.0,16,0.0,0.2500000000010405,-0.776953152218087,0.7269278200320008,-0.5887357494743227
41,41,w41,1.0000000685744501,0.0,17,0.2499999999998184,0.2500000000006332,0.010672099350154713,0.2324032003410246,-0.11736154368274505
41,41,w41,1.0000000685744501,0.0,18,0.2500000000002257,0.5000000000012177,0.1967955735415409,-0.09363615438034013,0.04541494935880326
41,41,w41,1.0000000685744501,0.0,19,0.2500000000006332,0.7500000000000954,0.37731695977283247,0.18889277993037298,-0.18889880487638505
41,41,w41,1.0000000685744501,0.0,20,0.4999999999995339,0.2500000000002257,-0.18846321497480376,-0.0724464916027469,0.10917588842340048
41,41,w41,1.0000000685744501,0.0,21,0.5000000000003757,0.5000000000003757,0.004349251958126654,-0.14631507144440956,0.14631756556497844
41,41,w41,1.0000000685744501,0.0,22,0.5000000000012177,0.749999999999844,0.19679834649321323,-0.045413524514230176,0.09363484931571145
41,41,w41,1.0000000685744501,0.0,23,0.7499999999995922,0.2499999999998184,-0.3855316909310858,0.035861816432856575,-0.03586400732927291
41,41,w41,1.0000000685744501,0.0,24,0.749999999999844,0.4999999999995339,-0.18846043695390982,-0.1091747330479547,0.07244877705461893
41,41,w41,1.0000000685744501,0.0,25,0.7500000000000953,0.7499999999995921,0.010677718459133423,0.11736093343678664,-0.2324030544193571
42,42,w42,1.0000000895888155,0.0,1,0.0,0.0,-0.995528907377902,0.44190178954034953,0.31219616127082217
42,42,w42,1.0000000895888155,0.0,2,1.0,0.0,0.9771749059486919,0.5366032124692449,-0.5366035529659122
42,42,w42,1.0000000895888155,0.0,3,1.0,1.0,-0.9955288584518056,-0.31219591011931996,-0.44190200246948624
42,42,w42,1.0000000895888155,0.0,4,0.0,1.0,1.0,-0.391897751954214,0.3918977105642418
42,42,w42,1.0000000895888155,0.0,5,0.2499999999994109,0.0,0.7885453189712328,0.1708092111049815,0.11863020100447415
42,42,w42,1.0000000895888155,0.0,6,0.4999999999986921,0.0,0.009396600220699472,-0.3357242783764278,-0.034047107056058935
42,42,w42,1.0000000895888155,0.0,7,0.7499999999993406,0.0,-0.7930806276447645,-0.10263830902092931,0.2047291343208222
42,42,w42,1.0000000895888155,0.0,8,1.0,0.2499999999994109,-0.7930805986468168,-0.20472921948898523,0.10263795237850125
42,42,w42,1.0000000895888155,0.0,9,1.0,0.4999999999986921,0.009396622586237002,0.034047107542826416,0.3357240271217066
42,42,w42,1.0000000895888155,0.0,10,1.0,0.7499999999993406,0.7885452409482577,-0.11863016453987332,-0.17080938725638073
42,42,w42,1.0000000895888155,0.0,11,0.7500000000003471,1.0,0.8150303043814096,-0.020410644815334947,0.03836234381311939
42,42,w42,1.0000000895888155,0.0,12,0.5000000000020595,1.0,-0.010070799765711753,0.23618252619572666,-0.027686760006695357
42,42,w42,1.0000000895888155,0.0,13,0.2500000000010405,1.0,-0.8028793552515092,-0.058433914633155386,-0.09422404720262885
42,42,w42,1.0000000895888155,0.0,14,0.0,0.7500000000003471,-0.8028793613912216,0.09422401520692593,0.058433889531678954
42,42,w42,1.0000000895888155,0.0,15,0.0,0.5000000000020595,-0.010070818419881318,0.02768689803210322,-0.23618261984022776
42,42,w42,1.0000000895888155,0.0,16,0.0,0.2500000000010405,0.815030320840659,-0.03836240895244854,0.0204108134512028
42,42,w42,1.0000000895888155,0.0,17,0.2499999999998184,0.2500000000006332,0.4196274231527359,-0.20395618620843983,-0.22483680027649977
42,42,w42,1.0000000895888155,0.0,18,0.2500000000002257,0.5000000000012177,-0.014724171421838163,0.03488468307843153,-0.31547967412596195
42,42,w42,1.0000000895888155,0.0,19,0.2500000000006332,0.7500000000000954,-0.4269503245383964,-0.05534556289813064,0.055345583761369874
42,42,w42,1.0000000895888155,0.0,20,0.4999999999995339,0.2500000000002257,-0.00917705541349929,-0.3022916593773433,-0.06524004704365685
42,42,w42,1.0000000895888155,0.0,21,0.5000000000003757,0.5000000000003757,-0.025860513690437015,0.042238382126821156,-0.042238378621003825
42,42,w42,1.0000000895888155,0.0,22,0.5000000000012177,0.749999999999844,-0.014724171040036909,0.3154796051063495,-0.034884567384033505
42,42,w42,1.0000000895888155,0.0,23,0.7499999999995922,0.2499999999998184,-0.4226338856754109,-0.08444359954241108,0.08444350610436338
42,42,w42,1.0000000895888155,0.0,24,0.749999999999844,0.4999999999995339,-0.009177042967346394,0.06524003497908405,0.3022916687376376
42,42,w42,1.0000000895888155,0.0,25,0.7500000000000953,0.7499999999995921,0.4196273956622042,0.2248367705628191,0.20395621151058807
43,43,w43,1.0000001176049205,0.0,1,0.0,0.0,-0.008040184805834322,0.698650614853447,-0.6163325487466567
43,43,w43,1.0000001176049205,0.0,2,1.0,0.0,1.4418232688745533e-9,-0.7087879063377366,-0.708788060673121
43,43,w43,1.0000001176049205,0.0,3,1.0,1.0,0.00804015531578201,-0.6163331029500756,0.6986504189706166
43,43,w43,1.0000001176049205,0.0,4,0.0,1.0,-1.064947036347083e-8,0.5556649305328302,0.5556648282711846
43,43,w43,1.0000001176049205,0.0,5,0.2499999999994109,0.0,0.7318712014142783,0.44858575415212787,-0.5207004641732622
43,43,w43,1.0000001176049205,0.0,6,0.4999999999986921,0.0,-1.0,-0.21436244744620422,0.23910093130839735
43,43,w43,1.0000001176049205,0.0,7,0.7499999999993406,0.0,0.7273328829486886,0.028399257020731955,-0.2556265286521551
43,43,w43,1.0000001176049205,0.0,8,1.0,0.2499999999994109,-0.7273328992229361,-0.2556262857126989,0.028399119954089943
43,43,w43,1.0000001176049205,0.0,9,1.0,0.4999999999986921,0.9999999676416659,0.2391010810524288,-0.21436249634127846
43,43,w43,1.0000001176049205,0.0,10,1.0,0.7499999999993406,-0.7318711552322885,-0.5207006838395206,0.44858560747837045
43,43,w43,1.0000001176049205,0.0,11,0.7500000000003471,1.0,0.7141136796770704,-0.28539479370919063,0.4419794659074326
43,43,w43,1.0000001176049205,0.0,12,0.5000000000020595,1.0,-0.988871558948213,0.053206005510882275,-0.16840854372846498
43,43,w43,1.0000001176049205,0.0,13,0.2500000000010405,1.0,0.7288679564915416,0.13855264803915032,0.3648666359746196
43,43,w43,1.0000001176049205,0.0,14,0.0,0.7500000000003471,-0.728867939764371,0.3648664746653802,0.13855265562487884
43,43,w43,1.0000001176049205,0.0,15,0.0,0.5000000000020595,0.988871521588652,-0.16840837448643783,0.05320613609984122
43,43,w43,1.0000001176049205,0.0,16,0.0,0.2500000000010405,-0.7141136239757215,0.4419796875951906,-0.2853943646676391
43,43,w43,1.0000001176049205,0.0,17,0.2499999999998184,0.2500000000006332,0.007422947374732327,-0.027536204002705556,0.10903520689999165
43,43,w43,1.0000001176049205,0.0,18,0.2500000000002257,0.5000000000012177,0.24995237108082669,-0.1167017850803566,-0.13851820498192494
43,43,w43,1.0000001176049205,0.0,19,0.2500000000006332,0.7500000000000954,6.732690979042797e-9,0.17637970248383444,0.17637981283162368
43,43,w43,1.0000001176049205,0.0,20,0.4999999999995339,0.2500000000002257,-0.24942902150304433,0.05842006351872621,0.1678530945948218
43,43,w43,1.0000001176049205,0.0,21,0.5000000000003757,0.5000000000003757,5.664814789197946e-10,-0.03724015313831109,-0.03724022008184393
43,43,w43,1.0000001176049205,0.0,22,0.5000000000012177,0.749999999999844,-0.24995236379723823,-0.13851832776940504,-0.1167019134220681
43,43,w43,1.0000001176049205,0.0,23,0.7499999999995922,0.2499999999998184,-8.252438889660452e-10,-0.007391422303777461,-0.0073915843256953
43,43,w43,1.0000001176049205,0.0,24,0.749999999999844,0.4999999999995339,0.24942901950162855,0.1678531504088701,0.058419977946896975
43,43,w43,1.0000001176049205,0.0,25,0.7500000000000953,0.7499999999995921,-0.007422916593645727,0.10903503169930309,-0.02753637092627836
44,44,w44,1.0000001382714587,0.0,1,0.0,0.0,0.00698637656936232,-0.6692235244449112,0.6539953182639213
44,44,w44,1.0000001382714587,0.0,2,1.0,0.0,0.9131585631505835,0.44414024602487184,-0.44414065870511676
44,44,w44,1.0000001382714587,0.0,3,1.0,1.0,0.006986775202664587,-0.6539953543806372,0.6692238852295667
44,44,w44,1.0000001382714587,0.0,4,0.0,1.0,-0.9135802123500504,0.2859986968638681,-0.2859988201701814
44,44,w44,1.0000001382714587,0.0,5,0.2499999999994109,0.0,-0.5817211105559985,-0.4831829713042827,0.4579188150827951
44,44,w44,1.0000001382714587,0.0,6,0.4999999999986921,0.0,0.9526934436921339,-0.058606502919659124,-0.3193711966882933
44,44,w44,1.0000001382714587,0.0,7,0.7499999999993406,0.0,-0.9999997631759928,-0.3145652163917661,0.10985857669807014
44,44,w44,1.0000001382714587,0.0,8,1.0,0.2499999999994109,-1.0,-0.10985862951406178,0.31456502333822
44,44,w44,1.0000001382714587,0.0,9,1.0,0.4999999999986921,0.9526938005742065,0.31937129625523253,0.05860626537304966
44,44,w44,1.0000001382714587,0.0,10,1.0,0.7499999999993406,-0.5817214780461368,-0.4579189037520508,0.48318305379087484
44,44,w44,1.0000001382714587,0.0,11,0.7500000000003471,1.0,0.5664943518286343,-0.40569499673583226,0.34329157058698145
44,44,w44,1.0000001382714587,0.0,12,0.5000000000020595,1.0,-0.9389208715535546,-0.22432772630049488,-0.27528640690136946
44,44,w44,1.0000001382714587,0.0,13,0.2500000000010405,1.0,0.9946781798735116,-0.09612528164333153,0.08160929674900241
44,44,w44,1.0000001382714587,0.0,14,0.0,0.7500000000003471,0.9946785068857147,-0.08160942836526984,0.09612516530122577
44,44,w44,1.0000001382714587,0.0,15,0.0,0.5000000000020595,-0.9389213799535991,0.27528681078891476,0.2243274953592658
44,44,w44,1.0000001382714587,0.0,16,0.0,0.2500000000010405,0.5664948521066748,-0.3432914466040606,0.40569483614077634
44,44,w44,1.0000001382714587,0.0,17,0.2499999999998184,0.2500000000006332,-0.006271566580989458,-0.001686240320035385,0.004622440341598617
44,44,w44,1.0000001382714587,0.0,18,0.2500000000002257,0.5000000000012177,-0.1160389105583359,0.14198532112413345,0.3784570514578315
44,44,w44,1.0000001382714587,0.0,19,0.2500000000006332,0.7500000000000954,0.46546667663028796,-0.007849925683313169,0.007849732494785891
44,44,w44,1.0000001382714587,0.0,20,0.4999999999995339,0.2500000000002257,0.11404778954197518,-0.23647686084699568,-0.1440202679026865
44,44,w44,1.0000001382714587,0.0,21,0.5000000000003757,0.5000000000003757,-0.0022342616325573645,-0.021503648285932434,0.021503759038305554
44,44,w44,1.0000001382714587,0.0,22,0.5000000000012177,0.749999999999844,-0.11603882744748252,-0.3784571339012356,-0.14198515864124417
44,44,w44,1.0000001382714587,0.0,23,0.7499999999995922,0.2499999999998184,-0.47301734174446264,-0.09633059767268008,0.09633053978416724
44,44,w44,1.0000001382714587,0.0,24,0.749999999999844,0.4999999999995339,0.11404783606093626,0.14402029399412322,0.2364768365179564
44,44,w44,1.0000001382714587,0.0,25,0.7500000000000953,0.7499999999995921,-0.006271769606036175,-0.004622716766482001,0.00168624752102008
45,45,w45,1.0000001384984512,0.0,1,0.0,0.0,-0.9083711515803361,0.4162560311514614,0.22586913267931416
45,45,w45,1.0000001384984512,0.0,2,1.0,0.0,3.6061080556805984e-6,-0.6006908719729356,-0.6006943611091811
45,45,w45,1.0000001384984512,0.0,3,1.0,1.0,0.9083712423976132,0.22586428473925826,0.41626132867805526
45,45,w45,1.0000001384984512,0.0,4,0.0,1.0,-3.56528382407398e-6,-0.5640355139919451,-0.5640375972745353
45,45,w45,1.0000001384984512,0.0,5,0.2499999999994109,0.0,0.9897385103627601,0.06797502036417839,0.092237015615831
45,45,w45,1.0000001384984512,0.0,6,0.4999999999986921,0.0,-0.9404928091466747,-0.4345370116255297,0.30396977737785363
45,45,w45,1.0000001384984512,0.0,7,0.7499999999993406,0.0,0.5682539799234626,-0.08345538871262628,-0.2215752757318307
45,45,w45,1.0000001384984512,0.0,8,1.0,0.2499999999994109,-0.5682618880200064,-0.2215762829112116,-0.08345288502763035
45,45,w45,1.0000001384984512,0.0,9,1.0,0.4999999999986921,0.9405003323675014,0.30397225084084145,-0.43453643686531995
45,45,w45,1.0000001384984512,0.0,10,1.0,0.7499999999993406,-0.989743098596374,0.09223343844100705,0.06797893836595227
45,45,w45,1.0000001384984512,0.0,11,0.7500000000003471,1.0,-0.9999956020047824,-0.14195554037882063,0.04252463888160848
45,45,w45,1.0000001384984512,0.0,12,0.5000000000020595,1.0,0.9529276215639719,-0.3141978882175452,0.2613734587434032
45,45,w45,1.0000001384984512,0.0,13,0.2500000000010405,1.0,-0.5800724628581077,-0.27431866598446353,-0.33196942620419795
45,45,w45,1.0000001384984512,0.0,14,0.0,0.7500000000003471,0.580080223567893,-0.33197005515315037,-0.2743180249096825
45,45,w45,1.0000001384984512,0.0,15,0.0,0.5000000000020595,-0.9529349415489275,0.26137550711478325,-0.3141961041340647
45,45,w45,1.0000001384984512,0.0,16,0.0,0.2500000000010405,1.0,0.04252180187789446,-0.14195243353062126
45,45,w45,1.0000001384984512,0.0,17,0.2499999999998184,0.2500000000006332,0.45420753037701006,-0.11098234768598432,-0.27588429031797723
45,45,w45,1.0000001384984512,0.0,18,0.2500000000002257,0.5000000000012177,-0.12784841196337818,0.10567634702453658,-0.02118668981785627
45,45,w45,1.0000001384984512,0.0,19,0.2500000000006332,0.7500000000000954,1.8160145366992004e-6,-0.24041492126151476,-0.24041482482117585
45,45,w45,1.0000001384984512,0.0,20,0.4999999999995339,0.2500000000002257,-0.12609263861941866,-0.08002375951105017,0.07848130218364939
45,45,w45,1.0000001384984512,0.0,21,0.5000000000003757,0.5000000000003757,-1.2947974711521276e-8,0.13435614616140426,0.1343562976342302
45,45,w45,1.0000001384984512,0.0,22,0.5000000000012177,0.749999999999844,0.12784749971723489,-0.02118964912519354,0.10567524348164042
45,45,w45,1.0000001384984512,0.0,23,0.7499999999995922,0.2499999999998184,-1.8658931436832469e-6,-0.11745919005127553,-0.11745837405102229
45,45,w45,1.0000001384984512,0.0,24,0.749999999999844,0.4999999999995339,0.12609354989650617,0.07848244787453994,-0.08002181460769117
45,45,w45,1.0000001384984512,0.0,25,0.7500000000000953,0.7499999999995921,-0.4542075915703531,-0.27588435361608615,-0.11098218451891162
46,46,w46,1.0000001513295171,0.0,1,0.0,0.0,-0.7530350541469751,0.43777134225345093,0.31703142657252953
46,46,w46,1.0000001513295171,0.0,2,1.0,0.0,-0.750476186640104,-0.4517888123529821,0.4517885639894371
46,46,w46,1.0000001513295171,0.0,3,1.0,1.0,-0.7530349944129641,-0.31703104486851735,-0.43777179234060243
46,46,w46,1.0000001513295171,0.0,4,0.0,1.0,-0.7651210859713751,0.34440491982555826,-0.34440483112403036
46,46,w46,1.0000001513295171,0.0,5,0.2499999999994109,0.0,0.869952211561985,0.13940781214631345,0.1845350489309364
46,46,w46,1.0000001513295171,0.0,6,0.4999999999986921,0.0,-0.9891736505708928,-0.22138479171752584,0.4119150492490254
46,46,w46,1.0000001513295171,0.0,7,0.7499999999993406,0.0,0.8695460032418667,0.19778821663774115,0.050713058964567403
46,46,w46,1.0000001513295171,0.0,8,1.0,0.2499999999994109,0.8695459963376916,-0.05071300823925953,-0.1977884584562809
46,46,w46,1.0000001513295171,0.0,9,1.0,0.4999999999986921,-0.9891736307750186,-0.41191501081261744,0.22138450152432138
46,46,w46,1.0000001513295171,0.0,10,1.0,0.7499999999993406,0.8699521642994074,-0.18453496746281786,-0.1394081750890937
46,46,w46,1.0000001513295171,0.0,11,0.7500000000003471,1.0,0.8772176312057158,-0.006192473454438254,-0.15717009722725378
46,46,w46,1.0000001513295171,0.0,12,0.5000000000020595,1.0,-0.9999998630050722,0.05269807053870549,-0.41214255026347874
46,46,w46,1.0000001513295171,0.0,13,0.2500000000010405,1.0,0.8832913161685255,0.02169847433576532,-0.06347135863386755
46,46,w46,1.0000001513295171,0.0,14,0.0,0.7500000000003471,0.8832914283619266,0.06347140848089552,-0.021698291910945845
46,46,w46,1.0000001513295171,0.0,15,0.0,0.5000000000020595,-1.0,0.41214228847075524,-0.05269771135020729
46,46,w46,1.0000001513295171,0.0,16,0.0,0.2500000000010405,0.8772177190053405,0.15716986155286805,0.006192844400008337
46,46,w46,1.0000001513295171,0.0,17,0.2499999999998184,0.2500000000006332,0.4420735998853383,0.014797557816662052,-0.13923843812899223
46,46,w46,1.0000001513295171,0.0,18,0.2500000000002257,0.5000000000012177,-0.023735079611494528,0.16803931442653444,0.1785139262538247
46,46,w46,1.0000001513295171,0.0,19,0.2500000000006332,0.7500000000000954,0.45192502212971036,0.09413365301040866,-0.09413358927373786
46,46,w46,1.0000001513295171,0.0,20,0.4999999999995339,0.2500000000002257,-0.02424468856792591,0.04460788987152113,0.08410130899947539
46,46,w46,1.0000001513295171,0.0,21,0.5000000000003757,0.5000000000003757,-0.00869765866170575,-0.0009980846504255938,0.0009980811863976727
46,46,w46,1.0000001513295171,0.0,22,0.5000000000012177,0.749999999999844,-0.02373503318431742,-0.17851383104299864,-0.16803937742229558
46,46,w46,1.0000001513295171,0.0,23,0.7499999999995922,0.2499999999998184,0.4477894887815025,-0.014726834887616691,0.014726808897604183
46,46,w46,1.0000001513295171,0.0,24,0.749999999999844,0.4999999999995339,-0.024244692710350995,-0.08410128616020938,-0.044607994617038314
46,46,w46,1.0000001513295171,0.0,25,0.7500000000000953,0.7499999999995921,0.4420735836236297,0.13923851055979503,-0.014797716463183494
47,47,w47,1.990797238212799e11,0.0,1,0.0,0.0,-3.11960540474083e-35,-1.0,-0.9998683194361584
47,47,w47,1.990797238212799e11,0.0,2,1.0,0.0,-1.807510153807496e-35,0.2500403624002882,0.24828964874906775
47,47,w47,1.990797238212799e11,0.0,3,1.0,1.0,7.776444326699332e-37,-0.0012613100574176562,-0.0012613015972293275
47,47,w47,1.990797238212799e11,0.0,4,0.0,1.0,-4.5597265008976715e-36,-0.002041103173079466,-0.0004815084815675464
47,47,w47,1.990797238212799e11,0.0,5,0.2499999999994109,0.0,1.8637627689565697e-35,0.2489556461073692,0.24937436504198587
47,47,w47,1.990797238212799e11,0.0,6,0.4999999999986921,0.0,-3.057406667959573e-35,0.24517068332988406,0.2531593278194716
47,47,w47,1.990797238212799e11,0.0,7,0.7499999999993406,0.0,2.624289222759426e-35,0.24902665417113068,0.24930335697822492
47,47,w47,1.990797238212799e11,0.0,8,1.0,0.2499999999994109,-1.0121335302077118e-36,-0.0008599967978907017,0.005423777008637763
47,47,w47,1.990797238212799e11,0.0,9,1.0,0.4999999999986921,8.321462813505233e-37,-0.00318347095798336,-0.003237737690958816
47,47,w47,1.990797238212799e11,0.0,10,1.0,0.7499999999993406,8.469416319437425e-37,0.0154842005509236,-0.013953394637524102
47,47,w47,1.990797238212799e11,0.0,11,0.7500000000003471,1.0,-8.437962285089734e-37,-0.0011959761048692596,-0.001326635549777693
47,47,w47,1.990797238212799e11,0.0,12,0.5000000000020595,1.0,-1.3192773194687996e-36,0.003073947406030205,-0.005596559060677173
47,47,w47,1.990797238212799e11,0.0,13,0.2500000000010405,1.0,-5.6211356692771824e-37,-0.0024124037162801676,-0.00011020793836701053
47,47,w47,1.990797238212799e11,0.0,14,0.0,0.7500000000003471,7.793575277839336e-36,-0.011466016020319322,0.012996821933726805
47,47,w47,1.990797238212799e11,0.0,15,0.0,0.5000000000020595,-2.82516438640766e-35,-0.00288384899698246,-0.003537359651979858
47,47,w47,1.990797238212799e11,0.0,16,0.0,0.2500000000010405,2.5041005176982114e-35,0.00987051758670561,-0.005306737377602762
47,47,w47,1.990797238212799e11,0.0,17,0.2499999999998184,0.2500000000006332,-1.6732572457011843e-19,0.012195824214828841,-0.0076320440053152
47,47,w47,1.990797238212799e11,0.0,18,0.2500000000002257,0.5000000000012177,4.666931441452853e-19,-0.005991028172790019,-0.000430180476167135
47,47,w47,1.990797238212799e11,0.0,19,0.2500000000006332,0.7500000000000954,-1.4187380469198326e-19,0.01284688571355448,-0.011316079800148891
47,47,w47,1.990797238212799e11,0.0,20,0.4999999999995339,0.2500000000002257,-4.0256132711398857e-19,0.002179940692948908,0.0023838395169758836
47,47,w47,1.990797238212799e11,0.0,21,0.5000000000003757,0.5000000000003757,1.9283187195090735e-19,-0.010798827333174823,0.0043776186842226115
47,47,w47,1.990797238212799e11,0.0,22,0.5000000000012177,0.749999999999844,-4.2429118608556806e-19,0.004429465706840707,-0.002898659793437119
47,47,w47,1.990797238212799e11,0.0,23,0.7499999999995922,0.2499999999998184,-7.459233371155144e-19,0.0014610636884300977,0.0031027165219056573
47,47,w47,1.990797238212799e11,0.0,24,0.749999999999844,0.4999999999995339,-3.2392704478782815e-19,-0.0004678065182618957,-0.005953402130685315
47,47,w47,1.990797238212799e11,0.0,25,0.7500000000000953,0.7499999999995921,2.965693991312135e-20,0.0032636840717087546,-0.0017328781583071146
48,48,w48,Inf,0.0,1,0.0,0.0,8.709139699803328e-39,0.12388235911034581,-0.1230842853052823
48,48,w48,Inf,0.0,2,1.0,0.0,3.1139217701470704e-40,-0.0555906619110977,0.05638873571616125
48,48,w48,Inf,0.0,3,1.0,1.0,2.7384500078292703e-42,-0.001312050856856018,-0.00131205072566187
48,48,w48,Inf,0.0,4,0.0,1.0,7.542905245723592e-41,0.04425657315406382,-0.046880674736581765
48,48,w48,Inf,0.0,5,0.2499999999994109,0.0,-8.795914816745365e-39,0.07743807673442903,-0.07664000292936549
48,48,w48,Inf,0.0,6,0.4999999999986921,0.0,2.478092771565564e-39,0.0004089769196927818,0.00038909688537075134
48,48,w48,Inf,0.0,7,0.7499999999993406,0.0,-6.796013903389476e-40,0.06642206616371164,-0.0656239923586481
48,48,w48,Inf,0.0,8,1.0,0.2499999999994109,-4.658048357641872e-41,-4.413871281507762e-6,5.428350328973294e-5
48,48,w48,Inf,0.0,9,1.0,0.4999999999986921,2.319848808108219e-41,0.9998596477390532,-1.0
48,48,w48,Inf,0.0,10,1.0,0.7499999999993406,-3.6404511853782064e-41,-0.0014389125515967631,0.0007193360135237696
48,48,w48,Inf,0.0,11,0.7500000000003471,1.0,2.6324024893593364e-41,-0.043111888405371085,0.04048778682285321
48,48,w48,Inf,0.0,12,0.5000000000020595,1.0,-1.1907811077265447e-42,-0.002448908357777849,-0.00017519322474005792
48,48,w48,Inf,0.0,13,0.2500000000010405,1.0,-1.831081354924914e-41,0.1481177604814455,-0.1507418620639633
48,48,w48,Inf,0.0,14,0.0,0.7500000000003471,-1.8190891710558323e-40,-0.0006287674606095118,-9.080907746848333e-5
48,48,w48,Inf,0.0,15,0.0,0.5000000000020595,8.13479638772048e-40,0.8225893770731395,-0.8227297293340904
48,48,w48,Inf,0.0,16,0.0,0.2500000000010405,-2.2797407946972478e-39,-0.00010244365322376449,0.00015231328522892924
48,48,w48,Inf,0.0,17,0.2499999999998184,0.2500000000006332,5.874475994382729e-24,-1.853583142933879e-5,6.840546343526863e-5
48,48,w48,Inf,0.0,18,0.2500000000002257,0.5000000000012177,4.251989489155932e-24,0.00014515654651890293,-0.00028550880746928297
48,48,w48,Inf,0.0,19,0.2500000000006332,0.7500000000000954,-1.911577538631497e-24,0.0008882860482791447,-0.0016078625863558897
48,48,w48,Inf,0.0,20,0.4999999999995339,0.2500000000002257,1.3269706121312391e-24,0.011141805120143069,-0.011091935488136367
48,48,w48,Inf,0.0,21,0.5000000000003757,0.5000000000003757,2.2816739779151267e-24,0.00012367088001045292,-0.0002640231409595373
48,48,w48,Inf,0.0,22,0.5000000000012177,0.749999999999844,-4.5118811345071026e-24,-0.0010809351937362674,0.000361358655660771
48,48,w48,Inf,0.0,23,0.7499999999995922,0.2499999999998184,7.668356627930878e-25,-0.002003926391941293,0.002053796023948753
48,48,w48,Inf,0.0,24,0.749999999999844,0.4999999999995339,-5.802095600584495e-25,-9.227475997762214e-5,-4.807750097016689e-5
48,48,w48,Inf,0.0,25,0.7500000000000953,0.7499999999995921,-7.202470452932913e-24,-0.001652627168964542,0.0009330506308902985
49,49,w49,Inf,0.0,1,0.0,0.0,5.410416763435328e-38,1.0,-0.9943725220423001
49,49,w49,Inf,0.0,2,1.0,0.0,1.558279633867651e-38,0.4241087339784107,-0.4184812560207102
49,49,w49,Inf,0.0,3,1.0,1.0,1.6568840841439657e-40,-0.09932946181941193,-0.09932946178544519
49,49,w49,Inf,0.0,4,0.0,1.0,1.5431639937130832e-39,-0.0037398741431256587,-0.1949190494617306
49,49,w49,Inf,0.0,5,0.2499999999994109,0.0,-6.142363343802974e-38,0.6519008382091764,-0.6462733602514761
49,49,w49,Inf,0.0,6,0.4999999999986921,0.0,2.768885117110688e-38,0.0020005774387286115,0.0036269005189718084
49,49,w49,Inf,0.0,7,0.7499999999993406,0.0,-8.775123595605808e-39,0.9180665794202655,-0.912439101462565
49,49,w49,Inf,0.0,8,1.0,0.2499999999994109,-5.992652491844408e-39,-0.000324249739482812,0.00011833091037032479
49,49,w49,Inf,0.0,9,1.0,0.4999999999986921,2.19139941286383e-38,0.0408139502396615,-0.04282270215064068
49,49,w49,Inf,0.0,10,1.0,0.7499999999993406,-8.063849772514126e-38,0.0014492876674619469,-0.010775382805458238
49,49,w49,Inf,0.0,11,0.7500000000003471,1.0,8.0066464716557e-38,0.2548639235383359,-0.45352284714319263
49,49,w49,Inf,0.0,12,0.5000000000020595,1.0,-2.1182368231488324e-38,-0.07502705524836058,-0.12363186835649612
49,49,w49,Inf,0.0,13,0.2500000000010405,1.0,4.941911180664338e-39,0.662860854960953,-0.8615197785658097
49,49,w49,Inf,0.0,14,0.0,0.7500000000003471,-1.8147074750298797e-39,-0.004448077298400944,-0.0048780178399911965
49,49,w49,Inf,0.0,15,0.0,0.5000000000020595,2.0797657433031968e-38,-0.4337480453542463,0.4317392934432056
49,49,w49,Inf,0.0,16,0.0,0.2500000000010405,-9.161525524814897e-39,-0.0010590241713086324,0.0008531053421712543
49,49,w49,Inf,0.0,17,0.2499999999998184,0.2500000000006332,5.399016738440581e-22,-0.0012024238313070952,0.0009965050021759395
49,49,w49,Inf,0.0,18,0.2500000000002257,0.5000000000012177,3.9344448430496017e-22,-4.6003234159374473e-5,-0.0019627486768658145
49,49,w49,Inf,0.0,19,0.2500000000006332,0.7500000000000954,-1.9362799499422207e-22,0.006850802441288814,-0.016176897579581954
49,49,w49,Inf,0.0,20,0.4999999999995339,0.2500000000002257,1.1040047840384096e-22,0.014134601028877567,-0.014340519858002493
49,49,w49,Inf,0.0,21,0.5000000000003757,0.5000000000003757,2.0423775903986714e-22,0.0016259873628295368,-0.0036347392738393792
49,49,w49,Inf,0.0,22,0.5000000000012177,0.749999999999844,-4.485032238311942e-22,0.025818138501008198,-0.03514423363920248
49,49,w49,Inf,0.0,23,0.7499999999995922,0.2499999999998184,6.595850759628913e-23,-0.005775581734334222,0.005569662905215511
49,49,w49,Inf,0.0,24,0.749999999999844,0.4999999999995339,-6.354016766160687e-23,-0.022102962681885892,0.020094210770891397
49,49,w49,Inf,0.0,25,0.7500000000000953,0.7499999999995921,-7.134209601921316e-22,0.022416217983689916,-0.031742313121785104
50,50,w50,Inf,0.0,1,0.0,0.0,5.696044725689008e-37,0.18204956582732154,-0.1988866477601427
50,50,w50,Inf,0.0,2,1.0,0.0,5.068266714077138e-37,-0.7363268488677345,0.7194897669349132
50,50,w50,Inf,0.0,3,1.0,1.0,-6.591669591205683e-39,-0.16715015406513173,-0.1671501540646142
50,50,w50,Inf,0.0,4,0.0,1.0,1.291031952472782e-37,-0.5388455655291301,0.20454525739938467
50,50,w50,Inf,0.0,5,0.2499999999994109,0.0,-1.5206319469243697e-36,0.31341467114826227,-0.3302517530810834
50,50,w50,Inf,0.0,6,0.4999999999986921,0.0,7.144503786996409e-37,-0.10246948626282902,0.08563240433000784
50,50,w50,Inf,0.0,7,0.7499999999993406,0.0,-8.003962904634368e-37,-0.17285560077923104,0.15601851884640966
50,50,w50,Inf,0.0,8,1.0,0.2499999999994109,-1.170768247241872e-38,0.010522721172695926,-0.010025839294036925
50,50,w50,Inf,0.0,9,1.0,0.4999999999986921,-4.4580482865591614e-38,-0.027928341934923433,0.015516194390948429
50,50,w50,Inf,0.0,10,1.0,0.7499999999993406,5.199038457659902e-38,-0.07747100396188539,0.06586714463576873
50,50,w50,Inf,0.0,11,0.7500000000003471,1.0,-3.6703609502378846e-38,-0.2248782523243651,-0.1094220558053814
50,50,w50,Inf,0.0,12,0.5000000000020595,1.0,2.9413809661485155e-38,-0.349611542413485,0.015311234283738524
50,50,w50,Inf,0.0,13,0.2500000000010405,1.0,-5.21035635676318e-38,-0.11793580805303355,-0.21636450007671296
50,50,w50,Inf,0.0,14,0.0,0.7500000000003471,-2.300022977700787e-37,-0.049550346115675444,0.03794648678891081
50,50,w50,Inf,0.0,15,0.0,0.5000000000020595,7.509467245847004e-37,-0.054416586095183066,0.042004438551126844
50,50,w50,Inf,0.0,16,0.0,0.2500000000010405,-4.854603773790014e-37,0.04232407220901022,-0.041827190330336744
50,50,w50,Inf,0.0,17,0.2499999999998184,0.2500000000006332,1.0436572727168799e-20,-0.010000740618993842,0.010497622497663677
50,50,w50,Inf,0.0,18,0.2500000000002257,0.5000000000012177,3.400393910336145e-21,-0.06930607430370517,0.0568939267596693
50,50,w50,Inf,0.0,19,0.2500000000006332,0.7500000000000954,1.8844786847124717e-20,0.1447038850510285,-0.15630774437763115
50,50,w50,Inf,0.0,20,0.4999999999995339,0.2500000000002257,1.8222868832761378e-20,-0.9995031181213343,1.0
50,50,w50,Inf,0.0,21,0.5000000000003757,0.5000000000003757,1.007012426236813e-20,0.01835584257889688,-0.030767990122912488
50,50,w50,Inf,0.0,22,0.5000000000012177,0.749999999999844,3.404687075037397e-20,-0.11208908733412226,0.10048522800768142
50,50,w50,Inf,0.0,23,0.7499999999995922,0.2499999999998184,8.133830426479603e-21,0.2784583403164259,-0.27796145843776304
50,50,w50,Inf,0.0,24,0.749999999999844,0.4999999999995339,1.1533185467970137e-20,-0.18701911865576354,0.17460697111176826
50,50,w50,Inf,0.0,25,0.7500000000000953,0.7499999999995921,5.120696099896495e-20,-0.29673967343975594,0.2851358141134774
51,51,w51,Inf,0.0,1,0.0,0.0,3.439594232713368e-36,0.7883163542701702,-0.9344509451548817
51,51,w51,Inf,0.0,2,1.0,0.0,2.4033956554384742e-36,-1.0,0.8538654091152887
51,51,w51,Inf,0.0,3,1.0,1.0,2.2622464966535083e-38,0.3049775025741864,0.3049775025754279
51,51,w51,Inf,0.0,4,0.0,1.0,5.633762006769821e-37,-0.19460582661132864,0.8045608317609441
51,51,w51,Inf,0.0,5,0.2499999999994109,0.0,-4.702713367926291e-36,-0.26870445211373895,0.12256986122902704
51,51,w51,Inf,0.0,6,0.4999999999986921,0.0,3.561087343381658e-36,-0.40486753042669243,0.25873293954198096
51,51,w51,Inf,0.0,7,0.7499999999993406,0.0,-1.3606100069904175e-36,-0.605865361226027,0.4597307703413157
51,51,w51,Inf,0.0,8,1.0,0.2499999999994109,-8.506267242434975e-40,0.03463782216226738,-0.05099027534865321
51,51,w51,Inf,0.0,9,1.0,0.4999999999986921,-1.7446124272352536e-38,-0.018309236513830904,0.035389397207114634
51,51,w51,Inf,0.0,10,1.0,0.7499999999993406,1.6862298094207092e-37,0.13308940142922054,-0.060740082562646826
51,51,w51,Inf,0.0,11,0.7500000000003471,1.0,-2.5570269623441677e-37,0.7895914809130734,-0.17963647576345773
51,51,w51,Inf,0.0,12,0.5000000000020595,1.0,1.22026268140475e-37,0.6331000320183892,-0.023145026868773576
51,51,w51,Inf,0.0,13,0.2500000000010405,1.0,-1.6865907979209738e-37,0.45608042012623334,0.1538745850233818
51,51,w51,Inf,0.0,14,0.0,0.7500000000003471,-3.607567008966654e-37,0.11466108458476312,-0.04231176571699596
51,51,w51,Inf,0.0,15,0.0,0.5000000000020595,3.274944350709603e-36,-0.06777714716864772,0.0848573078625285
51,51,w51,Inf,0.0,16,0.0,0.2500000000010405,-1.5214967360788655e-37,-0.08731830733083387,0.07096585414497998
51,51,w51,Inf,0.0,17,0.2499999999998184,0.2500000000006332,8.893466167263287e-20,0.01170441664467806,-0.02805686983066488
51,51,w51,Inf,0.0,18,0.2500000000002257,0.5000000000012177,6.130777091603605e-20,0.05284162797758555,-0.03576146728385404
51,51,w51,Inf,0.0,19,0.2500000000006332,0.7500000000000954,-2.4815068191592982e-20,-0.193364748177269,0.26571406704473766
51,51,w51,Inf,0.0,20,0.4999999999995339,0.2500000000002257,3.3376954078235256e-20,0.5091264638880685,-0.525478917074188
51,51,w51,Inf,0.0,21,0.5000000000003757,0.5000000000003757,2.9202523607509885e-20,-0.043026620374478845,0.06010678106806106
51,51,w51,Inf,0.0,22,0.5000000000012177,0.749999999999844,-6.541453335540098e-20,0.21081262214973914,-0.13846330328256828
51,51,w51,Inf,0.0,23,0.7499999999995922,0.2499999999998184,1.6784314071124924e-20,-0.022810711469407295,0.006458258283154474
51,51,w51,Inf,0.0,24,0.749999999999844,0.4999999999995339,-1.696944547146184e-21,0.1443925844823231,-0.12731242378889007
51,51,w51,Inf,0.0,25,0.7500000000000953,0.7499999999995921,-1.0154124258604307e-19,0.4988233158203292,-0.4264739969534574
52,52,w52,Inf,0.0,1,0.0,0.0,2.068924526861791e-36,0.324326511411066,-0.16561636104785
52,52,w52,Inf,0.0,2,1.0,0.0,2.031313847023689e-37,0.8051258340536195,-0.6464156836904034
52,52,w52,Inf,0.0,3,1.0,1.0,1.8856079313218067e-38,0.0504367035036617,0.05043670350457543
52,52,w52,Inf,0.0,4,0.0,1.0,5.005690051531581e-38,-0.5150691581477437,0.615942565155982
52,52,w52,Inf,0.0,5,0.2499999999994109,0.0,-1.5353255056553353e-36,-0.8412898496367839,1.0
52,52,w52,Inf,0.0,6,0.4999999999986921,0.0,7.186865210122292e-37,0.17898452192476622,-0.020274371561550025
52,52,w52,Inf,0.0,7,0.7499999999993406,0.0,3.861515165739825e-37,0.07952109697163429,0.07918905339158223
52,52,w52,Inf,0.0,8,1.0,0.2499999999994109,-3.0087811675465593e-40,0.006653801823233476,0.0010955482234168775
52,52,w52,Inf,0.0,9,1.0,0.4999999999986921,8.288602908882936e-38,0.037831783831811,-0.02876091940813375
52,52,w52,Inf,0.0,10,1.0,0.7499999999993406,-9.973908673246258e-38,-0.0003229591498443514,-0.005174255979470721
52,52,w52,Inf,0.0,11,0.7500000000003471,1.0,5.335195611169684e-38,0.453515727479174,-0.3526423204709367
52,52,w52,Inf,0.0,12,0.5000000000020595,1.0,-2.488724751451338e-38,0.10743918806610568,-0.0065657810578681084
52,52,w52,Inf,0.0,13,0.2500000000010405,1.0,1.203534784868017e-38,0.10099214575700767,-0.00011873874877013711
52,52,w52,Inf,0.0,14,0.0,0.7500000000003471,9.779517239535793e-38,0.014750323499538791,-0.020247538628669154
52,52,w52,Inf,0.0,15,0.0,0.5000000000020595,2.4551175465899504e-37,0.11634871090609494,-0.10727784648250702
52,52,w52,Inf,0.0,16,0.0,0.2500000000010405,-3.6424353853439114e-37,-0.020973728583839127,0.02872307863000187
52,52,w52,Inf,0.0,17,0.2499999999998184,0.2500000000006332,1.5915584326397725e-20,0.01043036192322245,-0.0026810118769378367
52,52,w52,Inf,0.0,18,0.2500000000002257,0.5000000000012177,1.3179962083618805e-20,0.047043201063139,-0.03797233663952883
52,52,w52,Inf,0.0,19,0.2500000000006332,0.7500000000000954,-2.614273402426567e-20,-0.10935036524166646,0.10385315011248998
52,52,w52,Inf,0.0,20,0.4999999999995339,0.2500000000002257,-1.233038412868845e-20,-0.7022954232659054,0.7100447733123115
52,52,w52,Inf,0.0,21,0.5000000000003757,0.5000000000003757,-3.357109638490782e-21,-0.029742539413729584,0.03881340383736209
52,52,w52,Inf,0.0,22,0.5000000000012177,0.749999999999844,-6.032641974445993e-20,0.04543857614319591,-0.050935791272418506
52,52,w52,Inf,0.0,23,0.7499999999995922,0.2499999999998184,-2.7543633123850156e-21,0.22229337610517882,-0.21454402605865033
52,52,w52,Inf,0.0,24,0.749999999999844,0.4999999999995339,-3.1381105140923877e-21,0.1802910770500865,-0.17122021262643158
52,52,w52,Inf,0.0,25,0.7500000000000953,0.7499999999995921,-9.407834590260259e-20,0.1632417594547318,-0.1687389745840007
53,53,w53,Inf,0.0,1,0.0,0.0,3.2717701399861236e-36,0.5174139509777872,-0.3671856056500811
53,53,w53,Inf,0.0,2,1.0,0.0,2.156727907302995e-36,-0.1324656510562426,0.28269399638394893
53,53,w53,Inf,0.0,3,1.0,1.0,4.518652860176266e-38,-0.20236198070598513,-0.202361980708283
53,53,w53,Inf,0.0,4,0.0,1.0,4.527542860883378e-37,0.5952760385857306,-1.0
53,53,w53,Inf,0.0,5,0.2499999999994109,0.0,-4.728339553680398e-36,-0.6349893875123,0.7852177328400062
53,53,w53,Inf,0.0,6,0.4999999999986921,0.0,2.6633830848070637e-36,-0.20729001847638748,0.3575183638040939
53,53,w53,Inf,0.0,7,0.7499999999993406,0.0,-8.989416899370954e-37,-0.07747214353033816,0.22770048885804442
53,53,w53,Inf,0.0,8,1.0,0.2499999999994109,-8.12320130445503e-39,0.03264637853638998,-0.05370672547114226
53,53,w53,Inf,0.0,9,1.0,0.4999999999986921,8.16142403214268e-38,-0.006734911033541084,0.003395127759272189
53,53,w53,Inf,0.0,10,1.0,0.7499999999993406,-3.7456240367613527e-38,-0.10649424527865414,0.01474675605977451
53,53,w53,Inf,0.0,11,0.7500000000003471,1.0,-5.150541254364119e-38,-0.4980732179978469,0.09334925658357798
53,53,w53,Inf,0.0,12,0.5000000000020595,1.0,3.2854703016761066e-38,-0.338773882278762,-0.06595007913550698
53,53,w53,Inf,0.0,13,0.2500000000010405,1.0,-1.3694850563962576e-37,-0.013154985953690516,-0.39156897546057834
53,53,w53,Inf,0.0,14,0.0,0.7500000000003471,-3.0218048325337587e-37,-0.07783390428405805,-0.013913584935629789
53,53,w53,Inf,0.0,15,0.0,0.5000000000020595,2.9612851693370765e-36,-0.09373568190219403,0.09039589862744901
53,53,w53,Inf,0.0,16,0.0,0.2500000000010405,-8.739555309393792e-37,-0.04616105728992411,0.025100710354671468
53,53,w53,Inf,0.0,17,0.2499999999998184,0.2500000000006332,8.75626202499496e-20,0.009489084276260799,-0.030549431211388468
53,53,w53,Inf,0.0,18,0.2500000000002257,0.5000000000012177,5.390617828123982e-20,0.02572488348264444,-0.029064666757270458
53,53,w53,Inf,0.0,19,0.2500000000006332,0.7500000000000954,-2.6069027897661507e-20,0.008014769991734722,-0.09976225921122044
53,53,w53,Inf,0.0,20,0.4999999999995339,0.2500000000002257,1.1950609906794872e-21,0.08898318889868743,-0.11004353583368995
53,53,w53,Inf,0.0,21,0.5000000000003757,0.5000000000003757,4.12081515681953e-20,-0.02554214500710619,0.02220236173259923
53,53,w53,Inf,0.0,22,0.5000000000012177,0.749999999999844,-6.475473162624712e-20,-0.1395882937013151,0.04784080448203119
53,53,w53,Inf,0.0,23,0.7499999999995922,0.2499999999998184,1.812154086661751e-20,0.35557150590689063,-0.3766318528417679
53,53,w53,Inf,0.0,24,0.749999999999844,0.4999999999995339,-2.585557524995782e-21,0.139291399938928,-0.14263118321331605
53,53,w53,Inf,0.0,25,0.7500000000000953,0.7499999999995921,-1.1353894146514287e-19,-0.10688653601997777,0.015139046800896205
54,54,w54,Inf,0.0,1,0.0,0.0,7.153424274036575e-36,-0.3146169763574297,0.1810088156667621
54,54,w54,Inf,0.0,2,1.0,0.0,-5.008225404744274e-37,-0.5398493557248165,0.406241195034149
54,54,w54,Inf,0.0,3,1.0,1.0,-2.4405126536626157e-39,0.019002430723836228,0.019002430726276453
54,54,w54,Inf,0.0,4,0.0,1.0,1.1912765925691246e-37,-0.5707735416316496,0.608778403081762
54,54,w54,Inf,0.0,5,0.2499999999994109,0.0,-2.5547804074424505e-36,-0.721276461270239,0.5876683005795711
54,54,w54,Inf,0.0,6,0.4999999999986921,0.0,4.079127543502095e-36,0.06679494738610538,-0.2004031080767731
54,54,w54,Inf,0.0,7,0.7499999999993406,0.0,-3.770520020722639e-37,0.8663918393093327,-1.0
54,54,w54,Inf,0.0,8,1.0,0.2499999999994109,-1.1164539485799846e-37,-0.08383303027551996,0.05181275205569222
54,54,w54,Inf,0.0,9,1.0,0.4999999999986921,-1.4987805901310995e-37,-0.005890547745480514,0.012806165345677117
54,54,w54,Inf,0.0,10,1.0,0.7499999999993406,2.3128463536203903e-37,-0.021209892007784316,0.0813012571555599
54,54,w54,Inf,0.0,11,0.7500000000003471,1.0,-2.7390329477795446e-37,-0.636671423197168,0.6746762846472802
54,54,w54,Inf,0.0,12,0.5000000000020595,1.0,1.0563050902488499e-37,0.022633949652822387,0.015370911797289803
54,54,w54,Inf,0.0,13,0.2500000000010405,1.0,-1.0107543777323162e-37,0.3720934922784136,-0.33408863082830104
54,54,w54,Inf,0.0,14,0.0,0.7500000000003471,4.026712903834352e-37,0.050841129229900105,0.009250235917937924
54,54,w54,Inf,0.0,15,0.0,0.5000000000020595,-5.417881203708617e-37,-0.06191661111321025,0.06883222871402764
54,54,w54,Inf,0.0,16,0.0,0.2500000000010405,3.5413303255812906e-36,0.022651200477602523,-0.05467147869697211
54,54,w54,Inf,0.0,17,0.2499999999998184,0.2500000000006332,-4.796793685587969e-20,-0.03553013929902515,0.003509861079541006
54,54,w54,Inf,0.0,18,0.2500000000002257,0.5000000000012177,-2.8249642759595233e-20,-0.1463512752896527,0.15326689289031492
54,54,w54,Inf,0.0,19,0.2500000000006332,0.7500000000000954,-5.671820950832687e-20,0.19996512613445885,-0.13987376098663665
54,54,w54,Inf,0.0,20,0.4999999999995339,0.2500000000002257,7.566237218751025e-20,0.26984983335044455,-0.3018701115700432
54,54,w54,Inf,0.0,21,0.5000000000003757,0.5000000000003757,-6.531118443975746e-20,0.00852014800212091,-0.0016045304016140242
54,54,w54,Inf,0.0,22,0.5000000000012177,0.749999999999844,-7.846905303294699e-20,0.10423428973348267,-0.044142924585676035
54,54,w54,Inf,0.0,23,0.7499999999995922,0.2499999999998184,9.363522734386674e-21,0.05804586080179579,-0.09006613902150873
54,54,w54,Inf,0.0,24,0.749999999999844,0.4999999999995339,-6.313686569327609e-20,-0.44669633955970234,0.4536119571600541
54,54,w54,Inf,0.0,25,0.7500000000000953,0.7499999999995921,-4.3778255048760487e-20,0.1363277874722176,-0.07623642232442639
55,55,w55,Inf,0.0,1,0.0,0.0,1.140755504041422e-35,0.13072813401576766,-0.49133652519681825
55,55,w55,Inf,0.0,2,1.0,0.0,-1.619624522263702e-36,-0.23366939706562972,-0.12693899411542217
55,55,w55,Inf,0.0,3,1.0,1.0,-1.576299967919982e-37,-0.16182232403717448,-0.161822324038972
55,55,w55,Inf,0.0,4,0.0,1.0,-1.7074376177201706e-38,-0.10623944750748306,-0.21740520056866267
55,55,w55,Inf,0.0,5,0.2499999999994109,0.0,2.7224398833604647e-36,-0.5825275769077054,0.2219191857266545
55,55,w55,Inf,0.0,6,0.4999999999986921,0.0,8.784234974613489e-36,0.3840619416789187,-0.7446703328599701
55,55,w55,Inf,0.0,7,0.7499999999993406,0.0,-6.195055600390349e-36,-0.31472329222901074,-0.04588509895204049
55,55,w55,Inf,0.0,8,1.0,0.2499999999994109,-1.739881952462487e-37,-0.3134875921012968,0.2592201877708333
55,55,w55,Inf,0.0,9,1.0,0.4999999999986921,-3.921240194181386e-37,0.017986876873414315,0.015255196004694386
55,55,w55,Inf,0.0,10,1.0,0.7499999999993406,-5.5409956947020465e-37,-0.06888726428751271,0.24487209641794122
55,55,w55,Inf,0.0,11,0.7500000000003471,1.0,8.54359280918356e-37,0.6763553519238543,-1.0
55,55,w55,Inf,0.0,12,0.5000000000020595,1.0,-6.721439880681553e-38,-0.3417792711859457,0.0181346231098002
55,55,w55,Inf,0.0,13,0.2500000000010405,1.0,-1.936072636433678e-37,-0.48589174348230085,0.16224709540615537
55,55,w55,Inf,0.0,14,0.0,0.7500000000003471,-1.6101325233136533e-36,0.054687324420553206,0.12129750770915759
55,55,w55,Inf,0.0,15,0.0,0.5000000000020595,-1.9404244420909453e-36,0.10290829818155603,-0.06966622530189584
55,55,w55,Inf,0.0,16,0.0,0.2500000000010405,1.2648568434580517e-36,0.20583435799981348,-0.26010176232899374
55,55,w55,Inf,0.0,17,0.2499999999998184,0.2500000000006332,-3.318013948373184e-19,-0.012964682626367525,-0.04130272170313352
55,55,w55,Inf,0.0,18,0.2500000000002257,0.5000000000012177,-4.539728669602654e-19,-0.2973086826846999,0.3305507555639724
55,55,w55,Inf,0.0,19,0.2500000000006332,0.7500000000000954,9.455115943223004e-20,0.44618707010260006,-0.2702022379727098
55,55,w55,Inf,0.0,20,0.4999999999995339,0.2500000000002257,2.6893724813973655e-19,0.35718887157123125,-0.4114562759010531
55,55,w55,Inf,0.0,21,0.5000000000003757,0.5000000000003757,-1.3853006622690316e-19,0.226183793517866,-0.1929417206389815
55,55,w55,Inf,0.0,22,0.5000000000012177,0.749999999999844,3.072213470797095e-19,0.18395574147970598,-0.007970909349636618
55,55,w55,Inf,0.0,23,0.7499999999995922,0.2499999999998184,2.0291088456980025e-19,-0.2879365366822328,0.23366913235209075
55,55,w55,Inf,0.0,24,0.749999999999844,0.4999999999995339,-1.5742810391454687e-19,-0.6925291643637241,0.7257712372422208
55,55,w55,Inf,0.0,25,0.7500000000000953,0.7499999999995921,5.041144036707153e-19,-0.6662442585279961,0.8422290906582452
56,56,w56,Inf,0.0,1,0.0,0.0,-2.3448934240645882e-35,0.01692161739350737,0.051723247110329884
56,56,w56,Inf,0.0,2,1.0,0.0,-6.688396758966788e-37,0.13023005108902747,-0.06158518658518995
56,56,w56,Inf,0.0,3,1.0,1.0,1.8335426671683472e-37,0.47106859582433214,0.4710685958242918
56,56,w56,Inf,0.0,4,0.0,1.0,-1.8012483004795056e-36,0.9250599356574035,0.017077255991219092
56,56,w56,Inf,0.0,5,0.2499999999994109,0.0,-2.2122154525828576e-36,0.0481468983595796,0.02049796614425774
56,56,w56,Inf,0.0,6,0.4999999999986921,0.0,-2.280890248752955e-35,0.06859368957408649,5.1174929750898804e-5
56,56,w56,Inf,0.0,7,0.7499999999993406,0.0,1.1999731346281462e-35,0.011799676069344508,0.056845188434493425
56,56,w56,Inf,0.0,8,1.0,0.2499999999994109,-1.403859855695623e-37,0.5253472602106077,-0.5264642137640235
56,56,w56,Inf,0.0,9,1.0,0.4999999999986921,-9.958038373263425e-37,0.08833151203546062,0.08243258888070533
56,56,w56,Inf,0.0,10,1.0,0.7499999999993406,6.854642493370374e-36,0.07164213051948315,0.6466365451501331
56,56,w56,Inf,0.0,11,0.7500000000003471,1.0,-7.053681286850701e-36,0.41585903200716323,0.526278159641461
56,56,w56,Inf,0.0,12,0.5000000000020595,1.0,1.849639909142372e-36,0.8941944568074863,0.04794273484113803
56,56,w56,Inf,0.0,13,0.2500000000010405,1.0,3.4565538717154885e-37,0.7336161340512477,0.20852105759737635
56,56,w56,Inf,0.0,14,0.0,0.7500000000003471,4.4443745316169175e-36,0.4239592213296855,0.2943194543414839
56,56,w56,Inf,0.0,15,0.0,0.5000000000020595,-1.4601253139852653e-37,0.023284287062906937,0.14747981385810438
56,56,w56,Inf,0.0,16,0.0,0.2500000000010405,9.574838193965896e-36,0.679239732913503,-0.6803566864665839
56,56,w56,Inf,0.0,17,0.2499999999998184,0.2500000000006332,5.57829054322657e-19,-0.16583674247333208,0.16471978892016684
56,56,w56,Inf,0.0,18,0.2500000000002257,0.5000000000012177,8.815753947789857e-19,-0.3837999903592344,0.5545640912790347
56,56,w56,Inf,0.0,19,0.2500000000006332,0.7500000000000954,-2.230659909176448e-19,0.7856244609704975,-0.06734578529971659
56,56,w56,Inf,0.0,20,0.4999999999995339,0.2500000000002257,-6.397780522326638e-19,-0.23817009820130763,0.2370531446480594
56,56,w56,Inf,0.0,21,0.5000000000003757,0.5000000000003757,3.0464458697546394e-19,-0.28467681178227,0.45544091270085885
56,56,w56,Inf,0.0,22,0.5000000000012177,0.749999999999844,-3.557633812231263e-19,-0.28172132432960767,1.0
56,56,w56,Inf,0.0,23,0.7499999999995922,0.2499999999998184,-4.693226823896092e-19,0.41480897557569,-0.41592592912902177
56,56,w56,Inf,0.0,24,0.749999999999844,0.4999999999995339,-1.5211275996452356e-20,-0.10356410867192886,0.2743282095893061
56,56,w56,Inf,0.0,25,0.7500000000000953,0.7499999999995921,-5.780426995661476e-19,-0.01810287497539999,0.7363815506454039
57,57,w57,Inf,0.0,1,0.0,0.0,1.0729635626766485e-35,-0.36411295944540584,-0.1732493450420549
57,57,w57,Inf,0.0,2,1.0,0.0,4.170192805004863e-36,0.10404841585816052,-0.641410720345621
57,57,w57,Inf,0.0,3,1.0,1.0,-9.836760555197211e-37,-0.017612658203671482,-0.017612658202313582
57,57,w57,Inf,0.0,4,0.0,1.0,-7.312914919587272e-38,-0.4326004592503143,0.39737514284432957
57,57,w57,Inf,0.0,5,0.2499999999994109,0.0,-3.194416995218472e-36,-0.19008359426140187,-0.34727871022605883
57,57,w57,Inf,0.0,6,0.4999999999986921,0.0,2.2461057217528603e-36,-1.0,0.4626376955125391
57,57,w57,Inf,0.0,7,0.7499999999993406,0.0,-4.468245165757569e-36,-0.3408643999990329,-0.19649790448842752
57,57,w57,Inf,0.0,8,1.0,0.2499999999994109,7.605645616171088e-37,0.17646784274582777,-0.27376500162226597
57,57,w57,Inf,0.0,9,1.0,0.4999999999986921,4.917168670301466e-37,-0.03361102654242719,-0.0556313623007405
57,57,w57,Inf,0.0,10,1.0,0.7499999999993406,-1.088077138350303e-36,0.16966714220713025,-0.30975663333001136
57,57,w57,Inf,0.0,11,0.7500000000003471,1.0,6.336677550132979e-37,-0.02366210959969231,-0.011563206806292801
57,57,w57,Inf,0.0,12,0.5000000000020595,1.0,-1.7871840543964509e-37,-0.056268814741552986,0.02104349833556745
57,57,w57,Inf,0.0,13,0.2500000000010405,1.0,3.237934472316633e-37,0.018041803619738544,-0.05326712002572363
57,57,w57,Inf,0.0,14,0.0,0.7500000000003471,-2.2485044503770165e-36,-0.2118972849225136,0.07180779379974178
57,57,w57,Inf,0.0,15,0.0,0.5000000000020595,4.767258077715825e-36,-0.007541554901884231,-0.0817008339415717
57,57,w57,Inf,0.0,16,0.0,0.2500000000010405,-1.7591352924499483e-35,-0.06125407240455909,-0.03604308647041837
57,57,w57,Inf,0.0,17,0.2499999999998184,0.2500000000006332,-3.1965100431044434e-20,-0.00797573170877295,-0.08932142716656943
57,57,w57,Inf,0.0,18,0.2500000000002257,0.5000000000012177,-2.545454352484806e-19,0.017982613281256075,-0.10722500212464026
57,57,w57,Inf,0.0,19,0.2500000000006332,0.7500000000000954,1.1871872746181272e-20,-0.2599500074473256,0.11986051632452666
57,57,w57,Inf,0.0,20,0.4999999999995339,0.2500000000002257,-2.884582980687387e-20,0.33557470461760724,-0.432871863493315
57,57,w57,Inf,0.0,21,0.5000000000003757,0.5000000000003757,-6.559898118528003e-20,0.3742230051794579,-0.4634653940227697
57,57,w57,Inf,0.0,22,0.5000000000012177,0.749999999999844,3.7647158278423773e-20,-0.4269732097129503,0.2868837185901237
57,57,w57,Inf,0.0,23,0.7499999999995922,0.2499999999998184,8.789418215688715e-20,0.666986176822801,-0.764283335698873
57,57,w57,Inf,0.0,24,0.749999999999844,0.4999999999995339,6.910680230956363e-20,-0.09800646318274686,0.008764074339506957
57,57,w57,Inf,0.0,25,0.7500000000000953,0.7499999999995921,-3.3325748129792894e-19,-0.6271160624972981,0.4870265713744439
58,58,w58,Inf,0.0,1,0.0,0.0,-3.634156968110611e-35,0.0645630229792077,0.019582528565206755
58,58,w58,Inf,0.0,2,1.0,0.0,-2.3778128613324295e-35,-0.11730627428635479,0.20145182583076926
58,58,w58,Inf,0.0,3,1.0,1.0,-3.834010511338249e-36,-0.16460866465919913,-0.1646086646584143
58,58,w58,Inf,0.0,4,0.0,1.0,-1.0709849314653074e-35,-0.5076022301105565,0.1783849007929422
58,58,w58,Inf,0.0,5,0.2499999999994109,0.0,8.621231887797798e-35,-0.030813912336404337,0.11495946388081878
58,58,w58,Inf,0.0,6,0.4999999999986921,0.0,-6.476074135647934e-35,0.27235805660605894,-0.18821250506164472
58,58,w58,Inf,0.0,7,0.7499999999993406,0.0,1.2811460454534826e-35,0.12647671159207652,-0.04233116004766242
58,58,w58,Inf,0.0,8,1.0,0.2499999999994109,3.528801084637363e-36,0.7827700792502423,-0.728890435521866
58,58,w58,Inf,0.0,9,1.0,0.4999999999986921,2.2941838708732317e-36,-0.049377491800227165,-0.040898881494341455
58,58,w58,Inf,0.0,10,1.0,0.7499999999993406,-1.6070250367595738e-36,-0.7104315908326342,0.36984019158805653
58,58,w58,Inf,0.0,11,0.7500000000003471,1.0,2.0433102653205242e-36,-0.14042410081609102,-0.18879322850152283
58,58,w58,Inf,0.0,12,0.5000000000020595,1.0,-2.0648312627730194e-36,0.24007547660222753,-0.5692928059198428
58,58,w58,Inf,0.0,13,0.2500000000010405,1.0,5.21631267323024e-36,-0.19983172977243263,-0.12938559954518228
58,58,w58,Inf,0.0,14,0.0,0.7500000000003471,-1.1770809314167135e-36,-0.3583057337531344,0.017714334508074803
58,58,w58,Inf,0.0,15,0.0,0.5000000000020595,-3.8280701026911775e-35,-0.03431141350304787,-0.05596495979417844
58,58,w58,Inf,0.0,16,0.0,0.2500000000010405,-6.272792735676708e-35,0.34837402220868924,-0.2944943784808809
58,58,w58,Inf,0.0,17,0.2499999999998184,0.2500000000006332,-1.3029499462761165e-18,0.0002751216352053503,0.05360452209274483
58,58,w58,Inf,0.0,18,0.2500000000002257,0.5000000000012177,-9.801469595373983e-19,-0.30630217988399405,0.21602580658743223
58,58,w58,Inf,0.0,19,0.2500000000006332,0.7500000000000954,3.4696457077958884e-19,0.22385026373016703,-0.5644416629751062
58,58,w58,Inf,0.0,20,0.4999999999995339,0.2500000000002257,-4.867752378229854e-19,0.23082933443987677,-0.1769496907117843
58,58,w58,Inf,0.0,21,0.5000000000003757,0.5000000000003757,-9.992474203857727e-19,0.4186153686793119,-0.5088917419752091
58,58,w58,Inf,0.0,22,0.5000000000012177,0.749999999999844,6.009557132609282e-19,-0.4137502048865022,0.07315880564168334
58,58,w58,Inf,0.0,23,0.7499999999995922,0.2499999999998184,-9.225941396969879e-19,-0.3678129109597456,0.42169255468797945
58,58,w58,Inf,0.0,24,0.749999999999844,0.4999999999995339,1.5732875625239706e-19,0.9097236267047677,-1.0
58,58,w58,Inf,0.0,25,0.7500000000000953,0.7499999999995921,-3.3517527780651886e-19,-0.34620879851065056,0.005617399265952566
59,59,w59,Inf,0.0,1,0.0,0.0,-3.590218760678209e-35,-0.026356984217097083,-0.16981600957073537
59,59,w59,Inf,0.0,2,1.0,0.0,-5.4084543673208137e-36,-0.2999542622532679,0.10378126846543573
59,59,w59,Inf,0.0,3,1.0,1.0,7.319726900171569e-37,0.033487474865397576,0.03348747486540191
59,59,w59,Inf,0.0,4,0.0,1.0,-7.593706135141248e-37,0.08730814512979121,-0.02033319539899257
59,59,w59,Inf,0.0,5,0.2499999999994109,0.0,4.4235335326370924e-36,-0.2628278735496041,0.06665487976177109
59,59,w59,Inf,0.0,6,0.4999999999986921,0.0,-2.2198015350251558e-35,0.42021766247431863,-0.6163906562621514
59,59,w59,Inf,0.0,7,0.7499999999993406,0.0,1.482261185409103e-35,-0.0027367780843245166,-0.193436215703508
59,59,w59,Inf,0.0,8,1.0,0.2499999999994109,-7.120250945039054e-37,0.14080067859804715,-0.1583894942911862
59,59,w59,Inf,0.0,9,1.0,0.4999999999986921,-4.978626238555278e-37,-0.08191969968886444,-0.07222399453958299
59,59,w59,Inf,0.0,10,1.0,0.7499999999993406,3.09969883959492e-36,0.6158412345964341,-0.6936083073047796
59,59,w59,Inf,0.0,11,0.7500000000003471,1.0,-3.213672956489239e-36,0.0772801650654453,-0.01030521533464542
59,59,w59,Inf,0.0,12,0.5000000000020595,1.0,7.442522264415802e-37,-0.26638297995434224,0.3333579296851412
59,59,w59,Inf,0.0,13,0.2500000000010405,1.0,2.316770851458546e-37,0.11085272530968714,-0.04387777557888795
59,59,w59,Inf,0.0,14,0.0,0.7500000000003471,6.846254185734976e-36,-0.18084352662694167,0.10307645391904154
59,59,w59,Inf,0.0,15,0.0,0.5000000000020595,-3.97973038223418e-36,-0.10251158469586977,-0.051632109532983
59,59,w59,Inf,0.0,16,0.0,0.2500000000010405,3.1293234318009045e-35,0.00274962607531437,-0.020338441768315584
59,59,w59,Inf,0.0,17,0.2499999999998184,0.2500000000006332,5.072366406358727e-19,-0.14352642037351632,0.1259376046804809
59,59,w59,Inf,0.0,18,0.2500000000002257,0.5000000000012177,1.0453118804107978e-18,0.3088941526277732,-0.46303784685652505
59,59,w59,Inf,0.0,19,0.2500000000006332,0.7500000000000954,-2.29537545398558e-19,-0.3925042771518781,0.3147372044438669
59,59,w59,Inf,0.0,20,0.4999999999995339,0.2500000000002257,-4.825665770953254e-19,-0.06510682767983274,0.047518011986763024
59,59,w59,Inf,0.0,21,0.5000000000003757,0.5000000000003757,1.6129965882894556e-19,-0.250786027420952,0.0966423331923016
59,59,w59,Inf,0.0,22,0.5000000000012177,0.749999999999844,-3.216167766526633e-19,-1.0,0.9222329272918771
59,59,w59,Inf,0.0,23,0.7499999999995922,0.2499999999998184,-3.769940043235886e-19,-0.35728246250762175,0.339693646814517
59,59,w59,Inf,0.0,24,0.749999999999844,0.4999999999995339,2.1857920198873923e-19,0.050869056118017474,-0.20501275034656677
59,59,w59,Inf,0.0,25,0.7500000000000953,0.7499999999995921,-1.3224904054356183e-19,-0.10988374348169433,0.03211667077345965
60,60,w60,Inf,0.0,1,0.0,0.0,-1.4695293331562475e-34,0.017113808506268653,0.04763477046179526
60,60,w60,Inf,0.0,2,1.0,0.0,-1.0664474273368968e-34,-0.04091387903551587,0.1056624580035815
60,60,w60,Inf,0.0,3,1.0,1.0,1.1905868579084076e-36,-0.09008722130886386,-0.09008722130807442
60,60,w60,Inf,0.0,4,0.0,1.0,-2.886577969222678e-35,-0.2854698638090664,0.10529542119212762
60,60,w60,Inf,0.0,5,0.2499999999994109,0.0,1.8490045437001638e-34,-0.011982902905048096,0.07673148187311199
60,60,w60,Inf,0.0,6,0.4999999999986921,0.0,-2.0580886141774075e-34,-0.04242073313232957,0.10716931210039453
60,60,w60,Inf,0.0,7,0.7499999999993406,0.0,9.793876291640507e-35,0.11645429593668073,-0.05170571696861551
60,60,w60,Inf,0.0,8,1.0,0.2499999999994109,1.0947692760270122e-35,-0.43955165786309236,0.3599099206143819
60,60,w60,Inf,0.0,9,1.0,0.4999999999986921,4.264251063964318e-36,0.009864516822479524,0.0132462930662546
60,60,w60,Inf,0.0,10,1.0,0.7499999999993406,-1.3147278258719145e-37,0.209662962351347,0.5721878257603673
60,60,w60,Inf,0.0,11,0.7500000000003471,1.0,5.352284007821543e-36,-0.20372878977125927,0.023554347154321018
60,60,w60,Inf,0.0,12,0.5000000000020595,1.0,-1.811256606631166e-36,0.13782949339146028,-0.31800393600839877
60,60,w60,Inf,0.0,13,0.2500000000010405,1.0,1.5668670553727246e-35,-0.04446401843515388,-0.1357104241817844
60,60,w60,Inf,0.0,14,0.0,0.7500000000003471,3.39987167144158e-35,0.5469683601172171,0.23488242799408898
60,60,w60,Inf,0.0,15,0.0,0.5000000000020595,-1.2910623947144687e-34,0.002830124253251606,0.02028068564128421
60,60,w60,Inf,0.0,16,0.0,0.2500000000010405,-4.093953997379593e-36,0.09892831137980393,-0.1785700486286459
60,60,w60,Inf,0.0,17,0.2499999999998184,0.2500000000006332,-2.1506881415621065e-18,0.10630211465157842,-0.1859438519003878
60,60,w60,Inf,0.0,18,0.2500000000002257,0.5000000000012177,2.0459634809595922e-19,0.9238368193125711,-0.9007260094194852
60,60,w60,Inf,0.0,19,0.2500000000006332,0.7500000000000954,-7.477633141137752e-19,0.29952323178056217,0.48232755633084606
60,60,w60,Inf,0.0,20,0.4999999999995339,0.2500000000002257,-3.2204199786224065e-18,0.05790373505281508,-0.13754547230159192
60,60,w60,Inf,0.0,21,0.5000000000003757,0.5000000000003757,-1.9043678329804943e-18,-0.15649856438124218,0.17960937427287774
60,60,w60,Inf,0.0,22,0.5000000000012177,0.749999999999844,-3.330311083030928e-19,0.5359136989169532,0.2459370891945569
60,60,w60,Inf,0.0,23,0.7499999999995922,0.2499999999998184,-2.0269919071071246e-18,-0.14794962631496872,0.0683078890662249
60,60,w60,Inf,0.0,24,0.749999999999844,0.4999999999995339,1.529766907513142e-18,0.5469726208635945,-0.5238618109734096
60,60,w60,Inf,0.0,25,0.7500000000000953,0.7499999999995921,-9.621703349197602e-19,-0.21814921188838865,1.0
61,61,w61,Inf,0.0,1,0.0,0.0,-1.8130342917431082e-34,0.013852725034369453,0.0003721951906023795
61,61,w61,Inf,0.0,2,1.0,0.0,-1.3301979099493787e-34,0.0015588717955683643,0.012666048429406215
61,61,w61,Inf,0.0,3,1.0,1.0,-4.18950936383709e-36,-0.158157272657714,-0.15815727265851026
61,61,w61,Inf,0.0,4,0.0,1.0,-3.4119854193395205e-35,-0.035938894844506575,-0.28037565047171786
61,61,w61,Inf,0.0,5,0.2499999999994109,0.0,2.285743027266014e-34,0.028145130604768812,-0.013920210379797524
61,61,w61,Inf,0.0,6,0.4999999999986921,0.0,-2.77711580788555e-34,0.21054033828510021,-0.1963154180601277
61,61,w61,Inf,0.0,7,0.7499999999993406,0.0,1.3204622193434604e-34,-0.013969334056454466,0.0281942542814279
61,61,w61,Inf,0.0,8,1.0,0.2499999999994109,3.148944604824069e-36,0.5771020711566168,-0.5964900534153706
61,61,w61,Inf,0.0,9,1.0,0.4999999999986921,5.157791570057065e-36,-0.38355458826931094,-0.3827969856032872
61,61,w61,Inf,0.0,10,1.0,0.7499999999993406,-1.0357359523160604e-35,0.14818069723184066,0.4781572784044038
61,61,w61,Inf,0.0,11,0.7500000000003471,1.0,1.6827574425411016e-35,-0.17988055414836177,-0.13643399116786298
61,61,w61,Inf,0.0,12,0.5000000000020595,1.0,-2.166333508946543e-37,0.15790164092053055,-0.474216186236755
61,61,w61,Inf,0.0,13,0.2500000000010405,1.0,2.3298124469496561e-35,-0.27496201456705804,-0.04135253074916625
61,61,w61,Inf,0.0,14,0.0,0.7500000000003471,2.9458620690482997e-35,0.1491957129562634,0.47714226268088844
61,61,w61,Inf,0.0,15,0.0,0.5000000000020595,-1.5978186174897415e-34,-0.36884786362924765,-0.3975037102389999
61,61,w61,Inf,0.0,16,0.0,0.2500000000010405,-7.633732778445352e-35,-0.009861458778943764,-0.009526523482346843
61,61,w61,Inf,0.0,17,0.2499999999998184,0.2500000000006332,-2.5456968231061343e-18,0.44963499980175514,-0.46902298206241194
61,61,w61,Inf,0.0,18,0.2500000000002257,0.5000000000012177,-8.441626150958014e-19,-0.4291382951319786,-0.33721327873735685
61,61,w61,Inf,0.0,19,0.2500000000006332,0.7500000000000954,-6.739340123880965e-19,-0.3736620243630742,1.0
61,61,w61,Inf,0.0,20,0.4999999999995339,0.2500000000002257,-5.673168875218613e-18,-0.07740643922595718,0.05801845696593441
61,61,w61,Inf,0.0,21,0.5000000000003757,0.5000000000003757,-1.8624653255291973e-18,-0.008096488825834199,-0.758255085044589
61,61,w61,Inf,0.0,22,0.5000000000012177,0.749999999999844,-2.210097611117903e-19,0.36798977444319747,0.25834820119350166
61,61,w61,Inf,0.0,23,0.7499999999995922,0.2499999999998184,-1.799491161277914e-18,0.06963760330318641,-0.08902558556257517
61,61,w61,Inf,0.0,24,0.749999999999844,0.4999999999995339,2.0812091774386132e-18,-0.8255342435730907,0.059182669701579586
61,61,w61,Inf,0.0,25,0.7500000000000953,0.7499999999995921,-2.9389329367642337e-18,0.7112150805157226,-0.08487710487925126
62,62,w62,Inf,0.0,1,0.0,0.0,1.9227178301045207e-34,-0.018081242382770403,-0.0380482541689309
62,62,w62,Inf,0.0,2,1.0,0.0,1.5515319134500346e-34,-0.012791752652663723,-0.04333774389903906
62,62,w62,Inf,0.0,3,1.0,1.0,-1.2014045151321189e-36,-0.1617630724769856,-0.16176307247766356
62,62,w62,Inf,0.0,4,0.0,1.0,4.1676930397051077e-35,-0.14748766919388281,-0.17603847576076745
62,62,w62,Inf,0.0,5,0.2499999999994109,0.0,-2.7193378973597016e-34,-0.011591927908217423,-0.0445375686434835
62,62,w62,Inf,0.0,6,0.4999999999986921,0.0,3.149421671758506e-34,0.14658200591492138,-0.20271150246662348
62,62,w62,Inf,0.0,7,0.7499999999993406,0.0,-1.3709127096620597e-34,-0.06073084457409762,0.004601348022395115
62,62,w62,Inf,0.0,8,1.0,0.2499999999994109,-8.676458863258376e-36,0.6781933789196062,-0.22629169568525523
62,62,w62,Inf,0.0,9,1.0,0.4999999999986921,-4.851737262274855e-36,0.3026319275530863,0.30215931351623454
62,62,w62,Inf,0.0,10,1.0,0.7499999999993406,-1.1065179547350367e-35,0.05287582063649377,-0.21089585017435647
62,62,w62,Inf,0.0,11,0.7500000000003471,1.0,2.807128780974685e-36,-0.12253363283494621,-0.2009925121197037
62,62,w62,Inf,0.0,12,0.5000000000020595,1.0,-5.005725500967413e-36,0.6764738550453487,-1.0
62,62,w62,Inf,0.0,13,0.2500000000010405,1.0,-2.889227872425526e-35,-0.3130924648501504,-0.010433680104499665
62,62,w62,Inf,0.0,14,0.0,0.7500000000003471,-2.647901306236486e-35,-0.1936581967805539,0.03563816724082206
62,62,w62,Inf,0.0,15,0.0,0.5000000000020595,1.823316685568947e-34,0.331305329313189,0.2734859117520245
62,62,w62,Inf,0.0,16,0.0,0.2500000000010405,1.55004639104659e-34,0.04912616576651693,0.4027755174699805
62,62,w62,Inf,0.0,17,0.2499999999998184,0.2500000000006332,3.8223429435113106e-18,0.020500146161212297,0.4314015370747496
62,62,w62,Inf,0.0,18,0.2500000000002257,0.5000000000012177,3.1077306259700704e-18,0.9292756184906967,-0.3244843774244563
62,62,w62,Inf,0.0,19,0.2500000000006332,0.7500000000000954,3.1860386808715162e-19,0.042538588982430445,-0.2005586185216947
62,62,w62,Inf,0.0,20,0.4999999999995339,0.2500000000002257,6.6189578720176254e-18,0.25597936122227805,0.19592232201314688
62,62,w62,Inf,0.0,21,0.5000000000003757,0.5000000000003757,2.4275822322503094e-18,0.11549252718962477,0.4892987138776428
62,62,w62,Inf,0.0,22,0.5000000000012177,0.749999999999844,-6.216844119789073e-19,-0.09849523103119909,-0.05952479850759927
62,62,w62,Inf,0.0,23,0.7499999999995922,0.2499999999998184,5.204244746154262e-19,0.4217060010179911,0.030195682216897998
62,62,w62,Inf,0.0,24,0.749999999999844,0.4999999999995339,-3.702702425053365e-18,-0.20443264017585613,0.8092238812441501
62,62,w62,Inf,0.0,25,0.7500000000000953,0.7499999999995921,3.0901564452762964e-18,0.03237965440997182,-0.19039968394830198
63,63,w63,Inf,0.0,1,0.0,0.0,-1.277067313764713e-34,0.01122345532316198,-0.00939335260020999
63,63,w63,Inf,0.0,2,1.0,0.0,-1.076368299418616e-34,0.04743878161337762,-0.045608678890422784
63,63,w63,Inf,0.0,3,1.0,1.0,-4.209130271763597e-36,0.028175671260057517,0.028175671259805284
63,63,w63,Inf,0.0,4,0.0,1.0,-2.425626882648966e-35,0.08562030591806562,-0.029268963398203278
63,63,w63,Inf,0.0,5,0.2499999999994109,0.0,1.324916744965494e-34,0.03464471754130134,-0.032814614818349346
63,63,w63,Inf,0.0,6,0.4999999999986921,0.0,-1.7425678615416637e-34,-0.04693051804704688,0.04876062077000043
63,63,w63,Inf,0.0,7,0.7499999999993406,0.0,1.1476664811158118e-34,-0.05795474664232596,0.05978484936528043
63,63,w63,Inf,0.0,8,1.0,0.2499999999994109,2.1403202405363747e-35,-0.35942946282620664,0.5382632848275227
63,63,w63,Inf,0.0,9,1.0,0.4999999999986921,5.506130935540224e-36,-0.12652853941768055,-0.12851832741519356
63,63,w63,Inf,0.0,10,1.0,0.7499999999993406,2.0504458883965964e-36,0.12755542561575886,0.1768344915480125
63,63,w63,Inf,0.0,11,0.7500000000003471,1.0,-7.813240558678473e-36,0.07861244047206063,-0.02226109795219791
63,63,w63,Inf,0.0,12,0.5000000000020595,1.0,-2.718684905899807e-36,0.030103576992451326,0.02624776552741133
63,63,w63,Inf,0.0,13,0.2500000000010405,1.0,5.4132617002487435e-36,0.007218395990217154,0.04913294652964533
63,63,w63,Inf,0.0,14,0.0,0.7500000000003471,4.788536813629522e-35,0.2282474799741576,0.07614243719023935
63,63,w63,Inf,0.0,15,0.0,0.5000000000020595,-1.4395457827563674e-34,-0.12234641333606983,-0.1327004534959583
63,63,w63,Inf,0.0,16,0.0,0.2500000000010405,1.2770623618495702e-35,-0.1132966857616297,0.292130507762112
63,63,w63,Inf,0.0,17,0.2499999999998184,0.2500000000006332,-2.1263301915493372e-18,-0.29869922778911545,0.4775330497898047
63,63,w63,Inf,0.0,18,0.2500000000002257,0.5000000000012177,-2.2569878375183105e-19,0.22769646345636668,-0.48274333028860633
63,63,w63,Inf,0.0,19,0.2500000000006332,0.7500000000000954,-9.828080904390958e-19,0.9518277362411149,-0.6474378190768748
63,63,w63,Inf,0.0,20,0.4999999999995339,0.2500000000002257,-2.9007338049240465e-18,0.06159550742445945,0.1172383145764394
63,63,w63,Inf,0.0,21,0.5000000000003757,0.5000000000003757,-4.457983320641819e-19,0.7449531331675492,-1.0
63,63,w63,Inf,0.0,22,0.5000000000012177,0.749999999999844,-1.4331990859184503e-18,-0.30853689792523586,0.6129268150893198
63,63,w63,Inf,0.0,23,0.7499999999995922,0.2499999999998184,-2.2490922543301012e-18,0.18982187012228374,-0.010988048121176767
63,63,w63,Inf,0.0,24,0.749999999999844,0.4999999999995339,5.493403704352332e-19,-0.17432636414663702,-0.08072050268602562
63,63,w63,Inf,0.0,25,0.7500000000000953,0.7499999999995921,-9.734192900117543e-19,0.7196835875476167,-0.415293670383689
64,64,w64,Inf,0.0,1,0.0,0.0,-1.5315499572436963e-34,-0.03204601935247172,-0.04019174882385377
64,64,w64,Inf,0.0,2,1.0,0.0,-1.2000797519606694e-34,0.010197807431691467,-0.08243557560802206
64,64,w64,Inf,0.0,3,1.0,1.0,-7.13374624457878e-36,0.0907741313906311,0.09077413139072428
64,64,w64,Inf,0.0,4,0.0,1.0,-3.310403677228678e-35,0.0981717813345295,0.08337648144682663
64,64,w64,Inf,0.0,5,0.2499999999994109,0.0,3.734805625281507e-34,-0.023645340129801667,-0.048592428046525485
64,64,w64,Inf,0.0,6,0.4999999999986921,0.0,-2.8272910488879343e-34,-0.0781831782084601,0.005945410032130727
64,64,w64,Inf,0.0,7,0.7499999999993406,0.0,1.4047447949446623e-35,-0.07040688440090066,-0.001830883775430176
64,64,w64,Inf,0.0,8,1.0,0.2499999999994109,4.6812590205002586e-35,0.07615624922216627,-0.3434279025956589
64,64,w64,Inf,0.0,9,1.0,0.4999999999986921,1.1573009289936034e-35,0.034601426342984624,0.032105418465414017
64,64,w64,Inf,0.0,10,1.0,0.7499999999993406,-1.4771057242557285e-36,-0.6090340156462877,0.2841242297979868
64,64,w64,Inf,0.0,11,0.7500000000003471,1.0,1.9142424119122166e-35,0.1552372185664588,0.02631104421489661
64,64,w64,Inf,0.0,12,0.5000000000020595,1.0,1.0103459497428913e-35,-0.2665424629221482,0.4480907257035044
64,64,w64,Inf,0.0,13,0.2500000000010405,1.0,4.5658715481755355e-35,0.11517219333885347,0.0663760694425029
64,64,w64,Inf,0.0,14,0.0,0.7500000000003471,9.027533108967731e-37,-0.07481492307314874,-0.2500948627749243
64,64,w64,Inf,0.0,15,0.0,0.5000000000020595,-1.3005815311786136e-34,0.03345172786998578,0.033255116938022
64,64,w64,Inf,0.0,16,0.0,0.2500000000010405,-2.979521914329521e-34,0.16399614857650416,-0.4312678019495447
64,64,w64,Inf,0.0,17,0.2499999999998184,0.2500000000006332,-5.5554295928179534e-18,0.7327283466268458,-1.0
64,64,w64,Inf,0.0,18,0.2500000000002257,0.5000000000012177,-5.2860276529138855e-18,0.673514488975525,-0.6068076441674205
64,64,w64,Inf,0.0,19,0.2500000000006332,0.7500000000000954,9.395286527316222e-19,0.1678413734973768,-0.49275115934550634
64,64,w64,Inf,0.0,20,0.4999999999995339,0.2500000000002257,-3.9706744066577e-18,-0.13718151481962917,-0.1300901385536387
64,64,w64,Inf,0.0,21,0.5000000000003757,0.5000000000003757,-6.002186457807312e-18,-0.026454331733840916,0.09316117654204392
64,64,w64,Inf,0.0,22,0.5000000000012177,0.749999999999844,4.306949972233434e-18,-0.31811330137085203,-0.006796484477334579
64,64,w64,Inf,0.0,23,0.7499999999995922,0.2499999999998184,3.5416566359287858e-19,-0.17803734271009092,-0.08923431066328955
64,64,w64,Inf,0.0,24,0.749999999999844,0.4999999999995339,4.61321833027684e-18,-0.2461441624241144,0.31285100723241527
64,64,w64,Inf,0.0,25,0.7500000000000953,0.7499999999995921,-3.670591909369137e-19,0.0775432062460826,-0.4024529920943262
65,65,w65,Inf,0.0,1,0.0,0.0,1.68557520759097e-33,-0.014511245536996354,-0.007178514261653208
65,65,w65,Inf,0.0,2,1.0,0.0,9.457543672352206e-34,0.011656056284144659,-0.0333458160828246
65,65,w65,Inf,0.0,3,1.0,1.0,-3.8512889277794634e-35,-0.09311955955339209,-0.09311955955360399
65,65,w65,Inf,0.0,4,0.0,1.0,2.490920880991536e-34,-0.11365108042953259,-0.07258803867746266
65,65,w65,Inf,0.0,5,0.2499999999994109,0.0,-1.3144413264034776e-33,-0.015732206473974105,-0.005957553324676622
65,65,w65,Inf,0.0,6,0.4999999999986921,0.0,1.7351311779713337e-33,-0.1336450324381275,0.1119552726394604
65,65,w65,Inf,0.0,7,0.7499999999993406,0.0,-1.2620008733160565e-33,-0.011733539588423202,-0.00995622021025247
65,65,w65,Inf,0.0,8,1.0,0.2499999999994109,-8.851611790221749e-35,-0.1830966744044676,0.21044259699965095
65,65,w65,Inf,0.0,9,1.0,0.4999999999986921,-7.765674093850855e-35,-0.13957739443555342,-0.14106423703164356
65,65,w65,Inf,0.0,10,1.0,0.7499999999993406,-7.880347453618497e-35,0.018349712993697573,-0.24115577067747251
65,65,w65,Inf,0.0,11,0.7500000000003471,1.0,4.1721395655642957e-35,-0.09043861533363212,-0.0958005037733635
65,65,w65,Inf,0.0,12,0.5000000000020595,1.0,5.222760271468604e-35,0.30771724025126085,-0.49395635935825616
65,65,w65,Inf,0.0,13,0.2500000000010405,1.0,-2.5119954309511657e-35,-0.15772549698289903,-0.028513622124095667
65,65,w65,Inf,0.0,14,0.0,0.7500000000003471,-3.656334468259549e-34,0.7771939423164101,-1.0
65,65,w65,Inf,0.0,15,0.0,0.5000000000020595,1.5268572022310858e-33,-0.12562514354490334,-0.15501648792398703
65,65,w65,Inf,0.0,16,0.0,0.2500000000010405,-6.602813819687409e-34,0.30467553725808594,-0.2773296146637879
65,65,w65,Inf,0.0,17,0.2499999999998184,0.2500000000006332,1.4990307159179214e-17,0.0830959843515216,-0.05575006175699728
65,65,w65,Inf,0.0,18,0.2500000000002257,0.5000000000012177,-1.3006459423542723e-17,-0.25389925504320116,-0.026742376425265998
65,65,w65,Inf,0.0,19,0.2500000000006332,0.7500000000000954,5.8604957967651904e-18,-0.12037480686305403,-0.10243125082058153
65,65,w65,Inf,0.0,20,0.4999999999995339,0.2500000000002257,2.308325913748908e-17,0.003124991541922333,0.02422093105282212
65,65,w65,Inf,0.0,21,0.5000000000003757,0.5000000000003757,-4.55666044715166e-18,-0.29848075810211033,0.01783912663406758
65,65,w65,Inf,0.0,22,0.5000000000012177,0.749999999999844,1.715610665578594e-17,-0.3327196039663413,0.10991354628265984
65,65,w65,Inf,0.0,23,0.7499999999995922,0.2499999999998184,3.3775262901499065e-17,-0.03401733218935321,0.06136325478431807
65,65,w65,Inf,0.0,24,0.749999999999844,0.4999999999995339,8.92521731331787e-18,-0.2116715458612018,-0.06897008560641746
65,65,w65,Inf,0.0,25,0.7500000000000953,0.7499999999995921,1.7484361969507195e-18,-0.08962634843701363,-0.13317970924671427
66,66,w66,Inf,0.0,1,0.0,0.0,2.7096637986533124e-16,0.07301929967795856,0.01352534799798791
66,66,w66,Inf,0.0,2,1.0,0.0,-2.0322478489899842e-16,0.47130930882885297,0.4743206361347295
66,66,w66,Inf,0.0,3,1.0,1.0,1.8967646590573186e-16,0.5019100728944562,0.3709082365732231
66,66,w66,Inf,0.0,4,0.0,1.0,-2.7096637986533122e-17,-0.3331768342148264,-0.44952176997855325
66,66,w66,Inf,0.0,5,0.2499999999994109,0.0,-1.0838655194613249e-16,-0.8566333310093509,-1.0
66,66,w66,Inf,0.0,6,0.4999999999986921,0.0,-2.7096637986533122e-17,-0.10328219211581051,0.09278875371209304
66,66,w66,Inf,0.0,7,0.7499999999993406,0.0,3.251596558383975e-16,0.4979793809997482,0.49190211977909115
66,66,w66,Inf,0.0,8,1.0,0.2499999999994109,-5.4193275973066245e-17,0.8195441275888792,0.6603088435141414
66,66,w66,Inf,0.0,9,1.0,0.4999999999986921,-2.438697418787981e-16,-0.376287813074829,-0.3231252636875281
66,66,w66,Inf,0.0,10,1.0,0.7499999999993406,5.419327597306625e-16,-0.06349189714721425,0.2359026795992716
66,66,w66,Inf,0.0,11,0.7500000000003471,1.0,-5.216102812407626e-16,0.29891257196638826,0.22923934197997062
66,66,w66,Inf,0.0,12,0.5000000000020595,1.0,-4.7419116476432965e-17,0.1042170807421693,-0.07887467230502396
66,66,w66,Inf,0.0,13,0.2500000000010405,1.0,4.0644956979799684e-16,-0.3272726211256053,-0.24360425758037832
66,66,w66,Inf,0.0,14,0.0,0.7500000000003471,-4.0644956979799684e-16,-0.17896165933819233,-0.25343328989099545
66,66,w66,Inf,0.0,15,0.0,0.5000000000020595,-1.3548318993266562e-16,0.11469745945084493,0.0162808073616255
66,66,w66,Inf,0.0,16,0.0,0.2500000000010405,2.0322478489899842e-16,-0.6251032282678015,-0.4684109593025858
66,66,w66,Inf,0.0,17,0.2499999999998184,0.2500000000006332,0.032690461539834,-0.14160031694615133,-0.42274120412409094
66,66,w66,Inf,0.0,18,0.2500000000002257,0.5000000000012177,0.015419956779130755,0.4666913829079088,0.5335175441528629
66,66,w66,Inf,0.0,19,0.2500000000006332,0.7500000000000954,-0.001552667613700854,-0.03457986641213248,-0.12213082620099687
66,66,w66,Inf,0.0,20,0.4999999999995339,0.2500000000002257,0.030684647977600815,-0.2535520018545928,-0.13685397387244866
66,66,w66,Inf,0.0,21,0.5000000000003757,0.5000000000003757,0.020642064483998315,0.21218144422566512,0.15706226217557642
66,66,w66,Inf,0.0,22,0.5000000000012177,0.749999999999844,-0.0003051139627612514,0.11223270237459944,-0.16383171529989712
66,66,w66,Inf,0.0,23,0.7499999999995922,0.2499999999998184,0.008483200005335404,0.025145059369758912,0.07789785595531529
66,66,w66,Inf,0.0,24,0.749999999999844,0.4999999999995339,0.004487195315860408,-0.2683743479711914,-0.16394802462314229
66,66,w66,Inf,0.0,25,0.7500000000000953,0.7499999999995921,0.011257180152416762,0.03668535095632806,-0.022435068785168585
67,67,w67,Inf,0.0,1,0.0,0.0,-1.0186350263693402e-16,0.11427095428568279,-0.04242802313850569
67,67,w67,Inf,0.0,2,1.0,0.0,1.9589135122487312e-16,-0.39102683406423483,-0.37530610287313504
67,67,w67,Inf,0.0,3,1.0,1.0,1.253704647839188e-16,0.8730089431247092,0.8476774039942364
67,67,w67,Inf,0.0,4,0.0,1.0,2.977548538618071e-16,-0.25310130634378686,-0.3274189268704681
67,67,w67,Inf,0.0,5,0.2499999999994109,0.0,-4.2900205918247213e-16,-0.08999120853940994,-0.15859615457386714
67,67,w67,Inf,0.0,6,0.4999999999986921,0.0,3.13426161959797e-17,0.037780031912578775,0.1895317809362723
67,67,w67,Inf,0.0,7,0.7499999999993406,0.0,1.253704647839188e-16,0.34899603265441564,0.41267619717631276
67,67,w67,Inf,0.0,8,1.0,0.2499999999994109,6.26852323919594e-17,-0.44635068883292106,-0.2775826048700281
67,67,w67,Inf,0.0,9,1.0,0.4999999999986921,-1.567130809798985e-17,-0.09988576881872159,-0.05569920760773456
67,67,w67,Inf,0.0,10,1.0,0.7499999999993406,-1.0186350263693402e-16,1.0,0.9711679542179229
67,67,w67,Inf,0.0,11,0.7500000000003471,1.0,-3.095083349352995e-16,0.2666441107673327,0.17226854159633756
67,67,w67,Inf,0.0,12,0.5000000000020595,1.0,0.0,0.07402769961201616,0.06867409962188399
67,67,w67,Inf,0.0,13,0.2500000000010405,1.0,-1.8805569717587818e-16,-0.7395653857489851,-0.7169270508332141
67,67,w67,Inf,0.0,14,0.0,0.7500000000003471,-6.26852323919594e-17,0.2170029939915656,0.2535938790172849
67,67,w67,Inf,0.0,15,0.0,0.5000000000020595,-1.8805569717587818e-16,0.25239975243593826,0.26545933095720864
67,67,w67,Inf,0.0,16,0.0,0.2500000000010405,7.835654048994924e-17,0.16463384023958855,0.16361396275338333
67,67,w67,Inf,0.0,17,0.2499999999998184,0.2500000000006332,-0.10888987468263146,-0.05802632102169515,-0.16121770238089353
67,67,w67,Inf,0.0,18,0.2500000000002257,0.5000000000012177,-0.0201669407807585,-0.6146544730249086,-0.41651458354119275
67,67,w67,Inf,0.0,19,0.2500000000006332,0.7500000000000954,-0.010406424821316361,-0.674041846857358,-0.7998291083583802
67,67,w67,Inf,0.0,20,0.4999999999995339,0.2500000000002257,-0.08133211886142826,0.15326884842450497,0.16349074199055094
67,67,w67,Inf,0.0,21,0.5000000000003757,0.5000000000003757,-0.062047771679548246,0.0010945956824419513,0.07219382573864039
67,67,w67,Inf,0.0,22,0.5000000000012177,0.749999999999844,-0.009960792036945151,-0.44850967196702013,-0.511862371116438
67,67,w67,Inf,0.0,23,0.7499999999995922,0.2499999999998184,-0.04277932539156954,0.1185099572600321,0.18025154330508103
67,67,w67,Inf,0.0,24,0.749999999999844,0.4999999999995339,-0.04836006188540601,0.15167599117672026,0.14168554179072976
67,67,w67,Inf,0.0,25,0.7500000000000953,0.7499999999995921,0.012833514139005572,0.12210608911171597,0.07091631973565017
68,68,w68,Inf,0.0,1,0.0,0.0,4.394444710598896e-16,0.019454237241266912,0.011339400948072217
68,68,w68,Inf,0.0,2,1.0,0.0,0.0,0.8640546088198015,0.9266742213251893
68,68,w68,Inf,0.0,3,1.0,1.0,-1.3622778602856576e-16,0.09902369433890988,0.041670970891878815
68,68,w68,Inf,0.0,4,0.0,1.0,-7.910000479078013e-17,1.0,0.9150356318011195
68,68,w68,Inf,0.0,5,0.2499999999994109,0.0,-2.10933346108747e-16,-0.1690938398057521,-0.26081391740017873
68,68,w68,Inf,0.0,6,0.4999999999986921,0.0,-6.921250419193261e-17,-0.11703982269730871,0.005245395374959344
68,68,w68,Inf,0.0,7,0.7499999999993406,0.0,0.0,-0.6060917717496732,-0.6602977612124447
68,68,w68,Inf,0.0,8,1.0,0.2499999999994109,0.0,0.5401711257479919,0.42903606191705984
68,68,w68,Inf,0.0,9,1.0,0.4999999999986921,-8.788889421197791e-18,-0.2535432415943954,-0.18558439316273814
68,68,w68,Inf,0.0,10,1.0,0.7499999999993406,2.988222403207249e-16,-0.05030636765382073,0.05025985553961315
68,68,w68,Inf,0.0,11,0.7500000000003471,1.0,3.5155557684791166e-17,-0.5321126440345716,-0.6437869878040418
68,68,w68,Inf,0.0,12,0.5000000000020595,1.0,8.019861596842985e-17,-0.18851047429344775,-0.2779801100667466
68,68,w68,Inf,0.0,13,0.2500000000010405,1.0,1.4062223073916466e-16,-0.25054912625183423,-0.311016254352711
68,68,w68,Inf,0.0,14,0.0,0.7500000000003471,0.0,0.4524676372471525,0.3792393921017772
68,68,w68,Inf,0.0,15,0.0,0.5000000000020595,-3.8671113453270283e-16,-0.19631415083805734,-0.2215077477093321
68,68,w68,Inf,0.0,16,0.0,0.2500000000010405,1.8017223313455473e-16,-0.376899150681343,-0.21270738413483725
68,68,w68,Inf,0.0,17,0.2499999999998184,0.2500000000006332,-0.1987193253233736,0.033026297599579035,-0.10903367326913108
68,68,w68,Inf,0.0,18,0.2500000000002257,0.5000000000012177,-0.050699872806012555,-0.18406494389220057,-0.16221906361191288
68,68,w68,Inf,0.0,19,0.2500000000006332,0.7500000000000954,-0.002963792903484548,-0.359897897773337,-0.33937937047114425
68,68,w68,Inf,0.0,20,0.4999999999995339,0.2500000000002257,-0.12667106719828408,0.06915721351593207,0.08065528523367779
68,68,w68,Inf,0.0,21,0.5000000000003757,0.5000000000003757,-0.10197252104952134,0.6184918016112012,0.6081869393978905
68,68,w68,Inf,0.0,22,0.5000000000012177,0.749999999999844,-0.015999114135080924,0.1302774726458579,0.05967546672470247
68,68,w68,Inf,0.0,23,0.7499999999995922,0.2499999999998184,-0.11018285936842327,-0.38503723239660603,-0.2735552485068636
68,68,w68,Inf,0.0,24,0.749999999999844,0.4999999999995339,-0.03672052234348431,0.14650134055768038,0.11114454060923448
68,68,w68,Inf,0.0,25,0.7500000000000953,0.7499999999995921,0.010249377268272731,-0.2101894063846009,-0.1944632905943603
69,69,w69,Inf,0.0,1,0.0,0.0,-2.3283932955473375e-16,-0.04900643968554349,-0.05827618142332826
69,69,w69,Inf,0.0,2,1.0,0.0,-2.3283932955473372e-17,-0.8258026760084586,-1.0
69,69,w69,Inf,0.0,3,1.0,1.0,1.746294971660503e-17,0.4136409929506667,0.603074593026515
69,69,w69,Inf,0.0,4,0.0,1.0,-4.220212848179549e-17,0.7996848788268999,0.907297460223408
69,69,w69,Inf,0.0,5,0.2499999999994109,0.0,4.1911079319852073e-16,0.31430519759404923,0.4837721203852782
69,69,w69,Inf,0.0,6,0.4999999999986921,0.0,1.5862179325916234e-16,0.01413087078905879,-0.21631791917554236
69,69,w69,Inf,0.0,7,0.7499999999993406,0.0,9.313573182189349e-17,0.4707900197947654,0.5538964222331312
69,69,w69,Inf,0.0,8,1.0,0.2499999999994109,9.313573182189349e-17,-0.35371053750672304,-0.06408520062757367
69,69,w69,Inf,0.0,9,1.0,0.4999999999986921,1.9791343012152367e-16,0.45553784494847815,0.45996678124215457
69,69,w69,Inf,0.0,10,1.0,0.7499999999993406,-5.93740290364571e-16,-0.3882008099365654,-0.6066815407970569
69,69,w69,Inf,0.0,11,0.7500000000003471,1.0,4.889625920649408e-16,-0.5050202716059052,-0.31682283044896087
69,69,w69,Inf,0.0,12,0.5000000000020595,1.0,0.0,-0.07350870846549644,0.09455912292063688
69,69,w69,Inf,0.0,13,0.2500000000010405,1.0,-2.561232625102071e-16,-0.9463965033472121,-0.921970756646315
69,69,w69,Inf,0.0,14,0.0,0.7500000000003471,5.588143909313609e-16,-0.750667805103469,-0.6070360613212071
69,69,w69,Inf,0.0,15,0.0,0.5000000000020595,-2.0955539659926036e-16,0.17784187130885679,0.2246303242721941
69,69,w69,Inf,0.0,16,0.0,0.2500000000010405,-3.3179604461549555e-16,0.27276498264419785,0.1328348025563307
69,69,w69,Inf,0.0,17,0.2499999999998184,0.2500000000006332,0.16062029032313005,-0.050894240301806525,0.330767591089612
69,69,w69,Inf,0.0,18,0.2500000000002257,0.5000000000012177,0.06871761566906903,-0.16661252301700955,-0.13139823112559865
69,69,w69,Inf,0.0,19,0.2500000000006332,0.7500000000000954,-0.06042111472249801,0.44679739731440843,0.5114149216686846
69,69,w69,Inf,0.0,20,0.4999999999995339,0.2500000000002257,0.2017625610505862,0.2009978594992353,0.2005229337444333
69,69,w69,Inf,0.0,21,0.5000000000003757,0.5000000000003757,-0.002724925390515329,0.30886770625287585,0.27437654140555967
69,69,w69,Inf,0.0,22,0.5000000000012177,0.749999999999844,0.04477266329681559,0.6051816222286862,0.8207359626966559
69,69,w69,Inf,0.0,23,0.7499999999995922,0.2499999999998184,0.09611042171333667,-0.10450308874826296,-0.16265407647239563
69,69,w69,Inf,0.0,24,0.749999999999844,0.4999999999995339,-0.008767837506738395,-0.9423844488277545,-0.959280581900351
69,69,w69,Inf,0.0,25,0.7500000000000953,0.7499999999995921,0.12191097102825865,0.07330232364111708,0.01074070874253226
70,70,w70,Inf,0.0,1,0.0,0.0,-1.799642710771321e-16,-0.06888249482722389,0.045414647492621876
70,70,w70,Inf,0.0,2,1.0,0.0,-2.0808368843293397e-16,0.0034240490993205108,-0.07194221768997298
70,70,w70,Inf,0.0,3,1.0,1.0,-2.2495533884641512e-17,-0.0775249132395081,-0.16909037090835796
70,70,w70,Inf,0.0,4,0.0,1.0,-2.024598049617736e-16,0.06801626350010644,0.08827872475948949
70,70,w70,Inf,0.0,5,0.2499999999994109,0.0,-2.2495533884641513e-16,0.08187192005193457,0.10029313930195448
70,70,w70,Inf,0.0,6,0.4999999999986921,0.0,-6.748660165392454e-17,-0.03982817148533264,0.05729269349925658
70,70,w70,Inf,0.0,7,0.7499999999993406,0.0,-6.748660165392454e-17,0.007414129860871697,-0.07754551839393495
70,70,w70,Inf,0.0,8,1.0,0.2499999999994109,-1.5746873719249058e-16,0.1120656052213941,0.020220585164865367
70,70,w70,Inf,0.0,9,1.0,0.4999999999986921,1.3497320330784908e-16,-0.03856167163951161,-0.08116498840786321
70,70,w70,Inf,0.0,10,1.0,0.7499999999993406,2.1933145537525474e-16,-0.035934084954059045,-0.09821049536170182
70,70,w70,Inf,0.0,11,0.7500000000003471,1.0,-2.362031057887359e-16,0.04550066850202925,0.013887005317034939
70,70,w70,Inf,0.0,12,0.5000000000020595,1.0,2.811941735580189e-17,0.10874498918706964,0.031563927553542884
70,70,w70,Inf,0.0,13,0.2500000000010405,1.0,1.4285982114435913e-16,-0.20115994342554114,-0.22349518805534793
70,70,w70,Inf,0.0,14,0.0,0.7500000000003471,-3.374330082696227e-17,-0.016112231814499858,0.0806092375196242
70,70,w70,Inf,0.0,15,0.0,0.5000000000020595,1.799642710771321e-16,-0.05143494084743388,-0.020078437044157346
70,70,w70,Inf,0.0,16,0.0,0.2500000000010405,8.998213553856605e-17,0.12563377347677807,-0.04619100771991932
70,70,w70,Inf,0.0,17,0.2499999999998184,0.2500000000006332,1.0,0.08274168480284864,-0.1986425354541393
70,70,w70,Inf,0.0,18,0.2500000000002257,0.5000000000012177,0.6839979610551921,0.024833612325734108,0.018532999949952923
70,70,w70,Inf,0.0,19,0.2500000000006332,0.7500000000000954,0.4168276775956114,0.010022246958023357,-0.039805958891158476
70,70,w70,Inf,0.0,20,0.4999999999995339,0.2500000000002257,0.11529797649962557,0.11149136407733708,0.05789741987749076
70,70,w70,Inf,0.0,21,0.5000000000003757,0.5000000000003757,0.808366655380666,-0.12666168736549252,-0.05034769414476205
70,70,w70,Inf,0.0,22,0.5000000000012177,0.749999999999844,-0.26602464015891164,0.020702823292208666,-0.03418273950976757
70,70,w70,Inf,0.0,23,0.7499999999995922,0.2499999999998184,0.07927288051224231,-0.09513473598457882,-0.15910996547648334
70,70,w70,Inf,0.0,24,0.749999999999844,0.4999999999995339,0.5883485734977323,0.17217727246107795,0.2112117776590648
70,70,w70,Inf,0.0,25,0.7500000000000953,0.7499999999995921,-0.44422997506493145,0.09364557494593194,0.04884517523725069
71,71,w71,Inf,0.0,1,0.0,0.0,5.734047013375807e-17,-0.06397304502669046,0.05233577829481786
71,71,w71,Inf,0.0,2,1.0,0.0,-2.8670235066879036e-17,0.053718287555094515,0.0919662418540891
71,71,w71,Inf,0.0,3,1.0,1.0,-2.8670235066879033e-16,0.6270824266511332,0.5774196372429977
71,71,w71,Inf,0.0,4,0.0,1.0,-7.525936705055746e-17,0.2257064006160374,0.255492225389676
71,71,w71,Inf,0.0,5,0.2499999999994109,0.0,-2.8670235066879036e-17,0.17906055217861444,0.11121907964157933
71,71,w71,Inf,0.0,6,0.4999999999986921,0.0,-1.4335117533439517e-16,-0.42374099623278555,-0.3863942007433129
71,71,w71,Inf,0.0,7,0.7499999999993406,0.0,4.300535260031856e-17,0.1519994325107414,0.1455528164248851
71,71,w71,Inf,0.0,8,1.0,0.2499999999994109,0.0,0.22380837867042802,0.2062317691718851
71,71,w71,Inf,0.0,9,1.0,0.4999999999986921,2.8670235066879036e-17,-0.3216889588405004,-0.35994586347093427
71,71,w71,Inf,0.0,10,1.0,0.7499999999993406,2.5624022591023135e-16,-0.3380594633968953,-0.36080827938192145
71,71,w71,Inf,0.0,11,0.7500000000003471,1.0,-1.4335117533439517e-16,-0.8877930676219985,-0.9785319190108432
71,71,w71,Inf,0.0,12,0.5000000000020595,1.0,1.7202141040127424e-16,0.18620674997029893,0.157427961200088
71,71,w71,Inf,0.0,13,0.2500000000010405,1.0,-1.4335117533439518e-17,-0.08288853184861898,-0.08570448758508963
71,71,w71,Inf,0.0,14,0.0,0.7500000000003471,1.0930527119247632e-16,-0.1092562696999846,-0.16604626484922627
71,71,w71,Inf,0.0,15,0.0,0.5000000000020595,0.0,-0.2010964654550279,-0.1909470877103883
71,71,w71,Inf,0.0,16,0.0,0.2500000000010405,8.601070520063712e-17,0.1330841338771527,0.04907723978007409
71,71,w71,Inf,0.0,17,0.2499999999998184,0.2500000000006332,0.12780060594955178,-0.4545492514676565,-0.5791226251664909
71,71,w71,Inf,0.0,18,0.2500000000002257,0.5000000000012177,-1.0,0.5569348107102721,0.5338541276652613
71,71,w71,Inf,0.0,19,0.2500000000006332,0.7500000000000954,0.020030396596440986,0.5035797811323138,0.46004473855286426
71,71,w71,Inf,0.0,20,0.4999999999995339,0.2500000000002257,0.8432434510825565,0.7406928546615429,0.6964637043024331
71,71,w71,Inf,0.0,21,0.5000000000003757,0.5000000000003757,-0.25751890943415684,-0.9167906195215398,-0.83976453924738
71,71,w71,Inf,0.0,22,0.5000000000012177,0.749999999999844,0.9757347999379767,-0.8115428139594393,-0.8332229869528226
71,71,w71,Inf,0.0,23,0.7499999999995922,0.2499999999998184,0.7757637844804577,-0.523560921041204,-0.5751335054984963
71,71,w71,Inf,0.0,24,0.749999999999844,0.4999999999995339,0.725261725865487,0.9063775859900265,0.9004051623348418
71,71,w71,Inf,0.0,25,0.7500000000000953,0.7499999999995921,0.5730821178375781,0.965057494963466,0.9362807864932959
72,72,w72,Inf,0.0,1,0.0,0.0,-5.915458363858832e-17,-0.03145391799839478,0.011295146600505054
72,72,w72,Inf,0.0,2,1.0,0.0,5.915458363858832e-17,-0.013975747737596553,-0.049037599613329534
72,72,w72,Inf,0.0,3,1.0,1.0,-1.3802736182337275e-16,-0.1360921646209045,-0.10693674529081587
72,72,w72,Inf,0.0,4,0.0,1.0,-8.87318754578825e-17,0.010218388666920274,0.06057373377620616
72,72,w72,Inf,0.0,5,0.2499999999994109,0.0,9.859097273098056e-17,0.0035361075635538352,0.0394802630995635
72,72,w72,Inf,0.0,6,0.4999999999986921,0.0,-1.5774555636956887e-16,0.06512490783177427,0.039681654748508335
72,72,w72,Inf,0.0,7,0.7499999999993406,0.0,1.5774555636956887e-16,-0.07430872277982756,-0.05570336926633236
72,72,w72,Inf,0.0,8,1.0,0.2499999999994109,-7.887277818478443e-17,-0.026333012403411113,-0.008482562547122697
72,72,w72,Inf,0.0,9,1.0,0.4999999999986921,2.366183345543533e-16,-0.00044316710930359277,-0.002350695029376575
72,72,w72,Inf,0.0,10,1.0,0.7499999999993406,-9.859097273098056e-17,-0.009417951367328556,0.022672807427318566
72,72,w72,Inf,0.0,11,0.7500000000003471,1.0,-3.9436389092392217e-17,-0.0006205525978193936,0.01614927527613031
72,72,w72,Inf,0.0,12,0.5000000000020595,1.0,-9.859097273098056e-17,-0.02272105735831784,0.042436096078265165
72,72,w72,Inf,0.0,13,0.2500000000010405,1.0,1.9718194546196108e-17,0.05692398866320013,0.050890186400411215
72,72,w72,Inf,0.0,14,0.0,0.7500000000003471,8.87318754578825e-17,0.046546765203816245,0.059048647181806635
72,72,w72,Inf,0.0,15,0.0,0.5000000000020595,7.887277818478443e-17,0.018960449045390824,0.05811417582802644
72,72,w72,Inf,0.0,16,0.0,0.2500000000010405,-1.084500700040786e-16,-0.003564956359012077,-0.09555265905175123
72,72,w72,Inf,0.0,17,0.2499999999998184,0.2500000000006332,-0.3678821878037284,0.05436554744975544,0.09120241485425253
72,72,w72,Inf,0.0,18,0.2500000000002257,0.5000000000012177,-0.5745934682294054,0.03392156511114816,-0.050794434317165564
72,72,w72,Inf,0.0,19,0.2500000000006332,0.7500000000000954,0.05949470210770871,0.025874627273018494,0.044275714097801885
72,72,w72,Inf,0.0,20,0.4999999999995339,0.2500000000002257,0.059944958133351496,-0.05251475172278756,-0.03794019087889704
72,72,w72,Inf,0.0,21,0.5000000000003757,0.5000000000003757,0.2151386410275277,0.11204312205671943,0.14188006289926197
72,72,w72,Inf,0.0,22,0.5000000000012177,0.749999999999844,0.3695602918788363,0.07854274337422194,0.10320634672918952
72,72,w72,Inf,0.0,23,0.7499999999995922,0.2499999999998184,0.35783175588121524,0.08886722571428005,0.0918763026225899
72,72,w72,Inf,0.0,24,0.749999999999844,0.4999999999995339,1.0,-0.14258967344476772,-0.134984466455671
72,72,w72,Inf,0.0,25,0.7500000000000953,0.7499999999995921,-0.4859278779531573,-0.17812073774218146,-0.18878075818278403
73,73,w73,Inf,0.0,1,0.0,0.0,-8.37043712632383e-17,-0.006116148938782721,-0.010744548464340873
73,73,w73,Inf,0.0,2,1.0,0.0,-7.055082720758656e-17,-0.009227866397566094,-0.09592235875719893
73,73,w73,Inf,0.0,3,1.0,1.0,-4.783106929327903e-17,-0.0566872245572646,-0.010937283382251918
73,73,w73,Inf,0.0,4,0.0,1.0,2.8698641575967416e-17,-0.019687827409979555,0.02758308395410259
73,73,w73,Inf,0.0,5,0.2499999999994109,0.0,2.4872156032505097e-16,0.018721465889227677,0.09719254966684539
73,73,w73,Inf,0.0,6,0.4999999999986921,0.0,-4.783106929327903e-17,0.04025997753001776,-0.033034837471117434
73,73,w73,Inf,0.0,7,0.7499999999993406,0.0,2.8698641575967416e-17,-0.012464326515892975,-0.008681988355054626
73,73,w73,Inf,0.0,8,1.0,0.2499999999994109,-1.4349320787983708e-17,-0.047267924375352904,0.027828776165770463
73,73,w73,Inf,0.0,9,1.0,0.4999999999986921,1.721918494558045e-16,-0.054937867660466586,-0.028880648397021078
73,73,w73,Inf,0.0,10,1.0,0.7499999999993406,-1.578425286678208e-16,-0.05401457416897568,-0.04781535367707537
73,73,w73,Inf,0.0,11,0.7500000000003471,1.0,1.626256355971487e-16,-0.133034175279584,-0.004484738860482321
73,73,w73,Inf,0.0,12,0.5000000000020595,1.0,-1.3392699402118128e-16,-0.0048639726384915125,0.07004327141223642
73,73,w73,Inf,0.0,13,0.2500000000010405,1.0,-3.348174850529532e-17,0.016100962250819622,0.045949434094702424
73,73,w73,Inf,0.0,14,0.0,0.7500000000003471,4.065640889928717e-17,-0.003910692797234998,0.023413276369451754
73,73,w73,Inf,0.0,15,0.0,0.5000000000020595,0.0,-0.00783610702847554,0.003625916654819354
73,73,w73,Inf,0.0,16,0.0,0.2500000000010405,-2.1045670489042774e-16,0.021844378016029262,-0.00919235519228872
73,73,w73,Inf,0.0,17,0.2499999999998184,0.2500000000006332,-0.18916903609462754,-0.04339552726344613,0.11386529324503855
73,73,w73,Inf,0.0,18,0.2500000000002257,0.5000000000012177,-0.24688503385056867,0.021079643699708772,0.07060250155809514
73,73,w73,Inf,0.0,19,0.2500000000006332,0.7500000000000954,0.011519102036070199,-0.007393524437850604,0.05787042359172776
73,73,w73,Inf,0.0,20,0.4999999999995339,0.2500000000002257,-0.3287448060206206,0.07512232083449025,0.07599780917829148
73,73,w73,Inf,0.0,21,0.5000000000003757,0.5000000000003757,1.0,0.07279320659048158,-0.025920462216115304
73,73,w73,Inf,0.0,22,0.5000000000012177,0.749999999999844,0.49248567984537495,-0.00580878703393665,0.0699684193311694
73,73,w73,Inf,0.0,23,0.7499999999995922,0.2499999999998184,0.25752170246416667,0.023406765661566836,-0.031949869939933546
73,73,w73,Inf,0.0,24,0.749999999999844,0.4999999999995339,-0.6559466961767125,-0.023496321331411173,-0.006729661797519398
73,73,w73,Inf,0.0,25,0.7500000000000953,0.7499999999995921,-0.058094043995851205,-0.01676564583527243,-0.05963508686824931
74,74,w74,Inf,0.0,1,0.0,0.0,-4.697967797217498e-17,0.014849441100986956,-0.0005123712163695209
74,74,w74,Inf,0.0,2,1.0,0.0,2.489922932525274e-16,-0.05789006654960663,-0.05461895453164322
74,74,w74,Inf,0.0,3,1.0,1.0,-8.590569686340568e-17,0.001810697602399048,0.019076311684842258
74,74,w74,Inf,0.0,4,0.0,1.0,-7.181179347175318e-17,0.0059849572303165375,0.06635662549047566
74,74,w74,Inf,0.0,5,0.2499999999994109,0.0,-1.0738212107925709e-16,0.13082281029892456,0.09889001292661037
74,74,w74,Inf,0.0,6,0.4999999999986921,0.0,0.0,0.03652593792871545,0.016682346979243645
74,74,w74,Inf,0.0,7,0.7499999999993406,0.0,2.147642421585142e-17,-0.06589713092418287,-0.055109022332138304
74,74,w74,Inf,0.0,8,1.0,0.2499999999994109,-1.5033496951095994e-16,-0.06757116216166534,-0.008860087022642155
74,74,w74,Inf,0.0,9,1.0,0.4999999999986921,8.590569686340568e-17,-0.057264231517393765,-0.0824514871275066
74,74,w74,Inf,0.0,10,1.0,0.7499999999993406,-1.7181139372681136e-16,0.038947096938140385,0.03322253686613343
74,74,w74,Inf,0.0,11,0.7500000000003471,1.0,1.073821210792571e-17,-0.007754384462487903,-0.042422425755718564
74,74,w74,Inf,0.0,12,0.5000000000020595,1.0,-1.2885854529510853e-16,-0.07432320934048525,-0.02202188920880871
74,74,w74,Inf,0.0,13,0.2500000000010405,1.0,1.2885854529510853e-16,0.04219722729615146,0.012313405332826205
74,74,w74,Inf,0.0,14,0.0,0.7500000000003471,1.0738212107925709e-16,0.03420307339265978,0.04645040714429887
74,74,w74,Inf,0.0,15,0.0,0.5000000000020595,1.3959675740303424e-16,0.03943842243531419,0.041187958600558607
74,74,w74,Inf,0.0,16,0.0,0.2500000000010405,-1.073821210792571e-17,0.06784806063348998,-0.03525717654651767
74,74,w74,Inf,0.0,17,0.2499999999998184,0.2500000000006332,-0.3821216529929248,0.05503365323464581,0.15051001712490136
74,74,w74,Inf,0.0,18,0.2500000000002257,0.5000000000012177,-0.19249728576037956,0.11490734799603455,0.027410465454091038
74,74,w74,Inf,0.0,19,0.2500000000006332,0.7500000000000954,1.0,0.032480733601433956,0.03151890868013762
74,74,w74,Inf,0.0,20,0.4999999999995339,0.2500000000002257,0.5021488529407356,0.03685008288164041,0.012249757067580577
74,74,w74,Inf,0.0,21,0.5000000000003757,0.5000000000003757,-0.01411651975554507,-0.05996663800162695,0.043168978423285154
74,74,w74,Inf,0.0,22,0.5000000000012177,0.749999999999844,-0.7215522701035066,-0.04214695346497815,-0.004251998316056078
74,74,w74,Inf,0.0,23,0.7499999999995922,0.2499999999998184,0.7105762341581061,-0.07044864765640876,-0.08969975348712114
74,74,w74,Inf,0.0,24,0.749999999999844,0.4999999999995339,-0.3553873882456794,-0.05144026162534542,-0.07407323034956241
74,74,w74,Inf,0.0,25,0.7500000000000953,0.7499999999995921,-0.1956116030144949,-0.019041712264525792,-0.0269666182261173
75,75,w75,Inf,0.0,1,0.0,0.0,-6.319884312703717e-17,-0.008758731725926732,0.0010969934464146677
75,75,w75,Inf,0.0,2,1.0,0.0,-2.1066281042345722e-16,0.016801216702079538,0.029452135457067954
75,75,w75,Inf,0.0,3,1.0,1.0,-6.319884312703717e-17,-0.029768666369355355,-0.03570648510283465
75,75,w75,Inf,0.0,4,0.0,1.0,-4.2132562084691445e-17,0.02681262307071642,-0.01314220405425208
75,75,w75,Inf,0.0,5,0.2499999999994109,0.0,0.0,-0.08138170685814847,-0.10563675547962707
75,75,w75,Inf,0.0,6,0.4999999999986921,0.0,-1.4746396729642006e-16,-0.017230999626256665,0.04490464122522669
75,75,w75,Inf,0.0,7,0.7499999999993406,0.0,2.2119595094463008e-16,0.043615362879697236,0.03301683051534739
75,75,w75,Inf,0.0,8,1.0,0.2499999999994109,1.2639768625407433e-16,0.04181751066635486,0.03890923875174188
75,75,w75,Inf,0.0,9,1.0,0.4999999999986921,-2.738616535504944e-16,0.019172428946243228,0.03218353397143407
75,75,w75,Inf,0.0,10,1.0,0.7499999999993406,2.1066281042345722e-16,0.03196540461666199,-0.030334599620346868
75,75,w75,Inf,0.0,11,0.7500000000003471,1.0,2.1066281042345722e-17,0.06517226438519995,-0.010440898158585177
75,75,w75,Inf,0.0,12,0.5000000000020595,1.0,1.2639768625407433e-16,0.029461821054569345,-0.003452688826707196
75,75,w75,Inf,0.0,13,0.2500000000010405,1.0,3.1599421563518583e-17,0.01313984451339732,-0.0035528799551222635
75,75,w75,Inf,0.0,14,0.0,0.7500000000003471,-1.9749638477199115e-17,-0.05056003578891701,-0.036405804804186565
75,75,w75,Inf,0.0,15,0.0,0.5000000000020595,-1.3166425651466076e-16,-0.014024779395005493,-0.03777648470245687
75,75,w75,Inf,0.0,16,0.0,0.2500000000010405,2.2119595094463008e-16,-0.022802969633447932,0.03040377834127271
75,75,w75,Inf,0.0,17,0.2499999999998184,0.2500000000006332,-0.0904864078646104,-0.01874931391943245,-0.05503570544112855
75,75,w75,Inf,0.0,18,0.2500000000002257,0.5000000000012177,-0.04239893875201622,-0.0892769572181805,0.005378926221915357
75,75,w75,Inf,0.0,19,0.2500000000006332,0.7500000000000954,-0.1537022384653839,-0.021423336801139604,-0.009056703233556241
75,75,w75,Inf,0.0,20,0.4999999999995339,0.2500000000002257,-0.7050247403475367,-0.012737368518783205,0.03627272045350223
75,75,w75,Inf,0.0,21,0.5000000000003757,0.5000000000003757,0.2732890605922856,-0.0233572270780475,0.00023906840795199724
75,75,w75,Inf,0.0,22,0.5000000000012177,0.749999999999844,-0.6203937115623518,0.04484897329276637,-0.026080340056405357
75,75,w75,Inf,0.0,23,0.7499999999995922,0.2499999999998184,0.49642746725857284,0.056454373232998574,0.08091723376096202
75,75,w75,Inf,0.0,24,0.749999999999844,0.4999999999995339,0.48904214205845176,0.04380330336319604,0.016081516907703385
75,75,w75,Inf,0.0,25,0.7500000000000953,0.7499999999995921,1.0,0.06590701094881712,0.043094903300049794
