mode_rank,eigen_index,vtk_w_field,lambda_real,lambda_imag,node_row,x,y,w,phi_1,phi_2
1,1,w1,-Inf,0.0,1,0.0,0.0,5.889553811261569e-22,6.025039207767044e-12,-6.025039042733177e-12
1,1,w1,-Inf,0.0,2,1.0,0.0,5.889553811261547e-22,1.4088148828406327e-12,-1.4088147178066104e-12
1,1,w1,-Inf,0.0,3,1.0,1.0,-8.507296681598717e-21,1.0,-0.9999999999999998
1,1,w1,-Inf,0.0,4,0.0,1.0,-8.507296681598718e-21,-3.010453107418545e-12,3.0104524554521015e-12
1,1,w1,-Inf,0.0,5,0.2499999999994109,0.0,5.889553811261546e-22,1.9779788450054905e-12,-1.977978679971907e-12
1,1,w1,-Inf,0.0,6,0.4999999999986921,0.0,5.889553811261546e-22,9.388336848904433e-20,7.115060555765944e-20
1,1,w1,-Inf,0.0,7,0.7499999999993406,0.0,5.889553811261549e-22,5.07645919220543e-12,-5.076459027171262e-12
1,1,w1,-Inf,0.0,8,1.0,0.2499999999994109,-6.59277923143983e-23,3.149800153317339e-21,2.1407764250746834e-21
1,1,w1,-Inf,0.0,9,1.0,0.4999999999986921,-4.091239299982132e-21,1.4446101013024112e-10,-1.4446101015092108e-10
1,1,w1,-Inf,0.0,10,1.0,0.7499999999993406,-1.2578851353826555e-21,3.7252456741119795e-20,-1.4778151268863793e-19
1,1,w1,-Inf,0.0,11,0.7500000000003471,1.0,-8.507296681598711e-21,1.6067605636119541e-12,-1.6067612155783983e-12
1,1,w1,-Inf,0.0,12,0.5000000000020595,1.0,-8.507296681598715e-21,1.8206437168214e-20,-6.7017288077795205e-19
1,1,w1,-Inf,0.0,13,0.2500000000010405,1.0,-8.507296681598715e-21,-5.68659819454097e-12,5.686597542574526e-12
1,1,w1,-Inf,0.0,14,0.0,0.7500000000003471,-1.2578851353915436e-21,-5.816382868954966e-20,-5.2365227259239e-20
1,1,w1,-Inf,0.0,15,0.0,0.5000000000020595,-4.091239299990157e-21,-4.214034482159411e-11,4.2140344800914146e-11
1,1,w1,-Inf,0.0,16,0.0,0.2500000000010405,-6.592779232965198e-23,-4.431154361784292e-20,4.96021201956296e-20
1,1,w1,-Inf,0.0,17,0.2499999999998184,0.2500000000006332,-6.592779232583992e-23,-4.495423868480082e-21,9.786000446418089e-21
1,1,w1,-Inf,0.0,18,0.2500000000002257,0.5000000000012177,-4.0912392999881494e-21,2.7890422317567235e-20,-4.857036985264822e-20
1,1,w1,-Inf,0.0,19,0.2500000000006332,0.7500000000000954,-1.2578851353893197e-21,-1.0501209889741797e-20,-1.0002784605872915e-19
1,1,w1,-Inf,0.0,20,0.4999999999995339,0.2500000000002257,-6.592779232202492e-23,1.066533551770906e-18,-1.0612429751928165e-18
1,1,w1,-Inf,0.0,21,0.5000000000003757,0.5000000000003757,-4.091239299986147e-21,1.7938488543720793e-20,-3.861843607860678e-20
1,1,w1,-Inf,0.0,22,0.5000000000012177,0.749999999999844,-1.257885135387102e-21,1.0999020360194305e-19,-2.2051925955009653e-19
1,1,w1,-Inf,0.0,23,0.7499999999995922,0.2499999999998184,-6.592779231821383e-23,-3.3200103190384443e-19,3.3729160848208515e-19
1,1,w1,-Inf,0.0,24,0.749999999999844,0.4999999999995339,-4.091239299984144e-21,-2.3033559945247764e-19,2.0965565191778666e-19
1,1,w1,-Inf,0.0,25,0.7500000000000953,0.7499999999995921,-1.2578851353848763e-21,3.3063837250308584e-19,-4.411674284509212e-19
2,2,w2,-Inf,0.0,1,0.0,0.0,0.00022433296380119957,0.20937700933490702,-0.21909504441031058
2,2,w2,-Inf,0.0,2,1.0,0.0,0.00022433296380119954,-0.18942118189585205,0.17970314682044883
2,2,w2,-Inf,0.0,3,1.0,1.0,0.0021964371870420063,0.10368217948970562,0.10788915319888621
2,2,w2,-Inf,0.0,4,0.0,1.0,0.002196437187042007,-0.025976092584639905,0.2375474252732326
2,2,w2,-Inf,0.0,5,0.2499999999994109,0.0,0.00022433296380119897,0.0003600342740796822,-0.01007806934948296
2,2,w2,-Inf,0.0,6,0.4999999999986921,0.0,0.00022433296380119908,-0.0005070293900515479,-0.009211005685351692
2,2,w2,-Inf,0.0,7,0.7499999999993406,0.0,0.00022433296380119935,-0.17852540956995505,0.16880737449455174
2,2,w2,-Inf,0.0,8,1.0,0.2499999999994109,0.0005755528435263897,-0.0009143316914682907,0.004715865187479064
2,2,w2,-Inf,0.0,9,1.0,0.4999999999986921,0.004799886788016856,0.07136106886367036,-0.06692215361996304
2,2,w2,-Inf,0.0,10,1.0,0.7499999999993406,0.00022178073233899734,0.14806167234952,-0.18489117494936777
2,2,w2,-Inf,0.0,11,0.7500000000003471,1.0,0.0021964371870420037,0.9481546999100491,-0.7365833672214568
2,2,w2,-Inf,0.0,12,0.5000000000020595,1.0,0.0021964371870420046,0.24675951728982393,-0.03518818460123102
2,2,w2,-Inf,0.0,13,0.2500000000010405,1.0,0.0021964371870420037,0.02225490866208794,0.18931642402650495
2,2,w2,-Inf,0.0,14,0.0,0.7500000000003471,0.0002217807323337561,-0.03181738099398926,-0.005012121605441333
2,2,w2,-Inf,0.0,15,0.0,0.5000000000020595,0.004799886788014469,1.0,-0.9955610847565662
2,2,w2,-Inf,0.0,16,0.0,0.2500000000010405,0.0005755528435413027,-0.012259718999923088,0.016061252495980012
2,2,w2,-Inf,0.0,17,0.2499999999998184,0.2500000000006332,0.0005755528435375747,0.0015209090751834543,0.002280624420861933
2,2,w2,-Inf,0.0,18,0.2500000000002257,0.5000000000012177,0.00479988678801507,-0.012965972523759785,0.017404887767261915
2,2,w2,-Inf,0.0,19,0.2500000000006332,0.7500000000000954,0.000221780732335068,0.06226860481616872,-0.09909810741570357
2,2,w2,-Inf,0.0,20,0.4999999999995339,0.2500000000002257,0.000575552843533848,0.8043127488475936,-0.8005112153515598
2,2,w2,-Inf,0.0,21,0.5000000000003757,0.5000000000003757,0.004799886788015669,-0.0018107498910540551,0.006249665134624584
2,2,w2,-Inf,0.0,22,0.5000000000012177,0.749999999999844,0.00022178073233637745,-0.07040027114852916,0.03357076854889017
2,2,w2,-Inf,0.0,23,0.7499999999995922,0.2499999999998184,0.0005755528435301171,-0.2621494337580416,0.26595096725406375
2,2,w2,-Inf,0.0,24,0.749999999999844,0.4999999999995339,0.004799886788016267,-0.0759400284768954,0.08037894372053439
2,2,w2,-Inf,0.0,25,0.7500000000000953,0.7499999999995921,0.0002217807323376905,-0.012682275403368823,-0.02414722719637456
3,3,w3,-Inf,0.0,1,0.0,0.0,0.022727325316697747,0.016428877292451755,-0.007393961345300741
3,3,w3,-Inf,0.0,2,1.0,0.0,0.022727325316697796,-0.1592074123569273,0.16824232830407793
3,3,w3,-Inf,0.0,3,1.0,1.0,0.002224942595569682,-0.13345675938601642,-0.13193911844595482
3,3,w3,-Inf,0.0,4,0.0,1.0,0.002224942595569678,0.7346041221680288,-1.0
3,3,w3,-Inf,0.0,5,0.2499999999994109,0.0,0.022727325316697765,0.3919228776459765,-0.3828879616988255
3,3,w3,-Inf,0.0,6,0.4999999999986921,0.0,0.022727325316697775,0.09793555990607218,-0.08890064395892139
3,3,w3,-Inf,0.0,7,0.7499999999993406,0.0,0.02272732531669779,-0.15124273180142506,0.16027764774857578
3,3,w3,-Inf,0.0,8,1.0,0.2499999999994109,0.015593484968013388,-0.02039146052853711,0.009989921711859357
3,3,w3,-Inf,0.0,9,1.0,0.4999999999986921,0.009797627412644274,0.01631781812110926,-0.0004600755251914844
3,3,w3,-Inf,0.0,10,1.0,0.7499999999993406,-0.0007012334680493504,-0.033095263539862294,0.03567829878002182
3,3,w3,-Inf,0.0,11,0.7500000000003471,1.0,0.002224942595569673,0.19467226344498567,-0.4600681412769569
3,3,w3,-Inf,0.0,12,0.5000000000020595,1.0,0.00222494259556968,-0.18074738695507991,-0.08464849087689132
3,3,w3,-Inf,0.0,13,0.2500000000010405,1.0,0.0022249425955696758,0.14797281884863348,-0.41336869668060466
3,3,w3,-Inf,0.0,14,0.0,0.7500000000003471,-0.0007012334680645972,-0.003648318914676521,0.0062313541542699195
3,3,w3,-Inf,0.0,15,0.0,0.5000000000020595,0.009797627412534541,-0.006460302877624813,0.022318045473630158
3,3,w3,-Inf,0.0,16,0.0,0.2500000000010405,0.015593484967971246,0.002800420326993056,-0.013201959143648596
3,3,w3,-Inf,0.0,17,0.2499999999998184,0.2500000000006332,0.015593484967981764,-4.280851002420592e-5,-0.010358730306636895
3,3,w3,-Inf,0.0,18,0.2500000000002257,0.5000000000012177,0.00979762741256197,-0.023910454775212066,0.039768197371195475
3,3,w3,-Inf,0.0,19,0.2500000000006332,0.7500000000000954,-0.0007012334680607828,0.05891499633812616,-0.056331961098391246
3,3,w3,-Inf,0.0,20,0.4999999999995339,0.2500000000002257,0.015593484967992333,-0.10486531599487797,0.09446377717821122
3,3,w3,-Inf,0.0,21,0.5000000000003757,0.5000000000003757,0.009797627412589417,-0.01081255763036883,0.026670300226330386
3,3,w3,-Inf,0.0,22,0.5000000000012177,0.749999999999844,-0.0007012334680569736,0.01429341259664553,-0.011710377356769231
3,3,w3,-Inf,0.0,23,0.7499999999995922,0.2499999999998184,0.015593484968002846,0.08500524349151951,-0.09540678230819165
3,3,w3,-Inf,0.0,24,0.749999999999844,0.4999999999995339,0.00979762741261686,0.009296901540070335,0.006560841055869327
3,3,w3,-Inf,0.0,25,0.7500000000000953,0.7499999999995921,-0.0007012334680531558,-0.08500396810659072,0.08758700334660868
4,4,w4,-Inf,0.0,1,0.0,0.0,-0.010250569890774056,0.35749109209272545,-0.22817647821911766
4,4,w4,-Inf,0.0,2,1.0,0.0,-0.010250569890774061,0.11907069995926728,0.010243913914341036
4,4,w4,-Inf,0.0,3,1.0,1.0,-0.012749269310682949,0.15662351611628603,0.13938223674913477
4,4,w4,-Inf,0.0,4,0.0,1.0,-0.012749269310682968,0.7460145430446118,-0.45000879017919176
4,4,w4,-Inf,0.0,5,0.2499999999994109,0.0,-0.010250569890774042,-0.6494982843927098,0.7788128982663186
4,4,w4,-Inf,0.0,6,0.4999999999986921,0.0,-0.010250569890774061,0.3554367299312215,-0.2261221160576128
4,4,w4,-Inf,0.0,7,0.7499999999993406,0.0,-0.010250569890774048,0.0476461565498257,0.08166845732378293
4,4,w4,-Inf,0.0,8,1.0,0.2499999999994109,0.05479793349602098,-0.0661886851412647,0.033987350043046365
4,4,w4,-Inf,0.0,9,1.0,0.4999999999986921,0.024910845826332313,-0.009250893059485307,0.009301070680479416
4,4,w4,-Inf,0.0,10,1.0,0.7499999999993406,-0.01592549454189978,-0.08523051771060394,0.23153517668820597
4,4,w4,-Inf,0.0,11,0.7500000000003471,1.0,-0.012749269310682964,0.01153953927007187,0.2844662135953489
4,4,w4,-Inf,0.0,12,0.5000000000020595,1.0,-0.012749269310682945,-0.07157845556978226,0.3675842084352025
4,4,w4,-Inf,0.0,13,0.2500000000010405,1.0,-0.012749269310682968,-0.7039942471345799,1.0
4,4,w4,-Inf,0.0,14,0.0,0.7500000000003471,-0.015925494541975605,0.0817689268729505,0.06453573210524732
4,4,w4,-Inf,0.0,15,0.0,0.5000000000020595,0.024910845825856016,0.006439698955012305,-0.006389521332815744
4,4,w4,-Inf,0.0,16,0.0,0.2500000000010405,0.054797933496135605,0.0006870682470950113,-0.03288840334573454
4,4,w4,-Inf,0.0,17,0.2499999999998184,0.2500000000006332,0.05479793349610695,-0.0458429535372449,0.013641618438710685
4,4,w4,-Inf,0.0,18,0.2500000000002257,0.5000000000012177,0.024910845825975074,-0.015654256071015334,0.015704433692911416
4,4,w4,-Inf,0.0,19,0.2500000000006332,0.7500000000000954,-0.01592549454195664,0.4222650262581811,-0.2759603672801324
4,4,w4,-Inf,0.0,20,0.4999999999995339,0.2500000000002257,0.05479793349607834,0.07621220678435463,-0.1084135418827835
4,4,w4,-Inf,0.0,21,0.5000000000003757,0.5000000000003757,0.02491084582609418,-0.009609125369249882,0.009659302990845258
4,4,w4,-Inf,0.0,22,0.5000000000012177,0.749999999999844,-0.0159254945419377,0.08841927092079992,0.05788538805709939
4,4,w4,-Inf,0.0,23,0.7499999999995922,0.2499999999998184,0.054797933496049694,0.21463893502205975,-0.24684027012038323
4,4,w4,-Inf,0.0,24,0.749999999999844,0.4999999999995339,0.024910845826213276,-0.18521429937484452,0.1852644769961394
4,4,w4,-Inf,0.0,25,0.7500000000000953,0.7499999999995921,-0.015925494541918724,-0.6558662735606856,0.8021709325384355
5,5,w5,-Inf,0.0,1,0.0,0.0,-0.08320637979232998,-0.642927266873491,0.3134106478101625
5,5,w5,-Inf,0.0,2,1.0,0.0,-0.0832063797923301,0.3710221249748083,-0.7005387440381374
5,5,w5,-Inf,0.0,3,1.0,1.0,0.01807994718595322,0.2623742339747155,0.25804608666757406
5,5,w5,-Inf,0.0,4,0.0,1.0,0.018079947185953203,-0.07337960540957819,0.5937999260518684
5,5,w5,-Inf,0.0,5,0.2499999999994109,0.0,-0.08320637979233,0.2595596462107614,-0.5890762652740906
5,5,w5,-Inf,0.0,6,0.4999999999986921,0.0,-0.08320637979233003,-0.30098428771266794,-0.028532331350661057
5,5,w5,-Inf,0.0,7,0.7499999999993406,0.0,-0.08320637979233009,0.05074248784512072,-0.3802591069084495
5,5,w5,-Inf,0.0,8,1.0,0.2499999999994109,-0.046288050432753296,0.018153344736265817,0.012466072603957518
5,5,w5,-Inf,0.0,9,1.0,0.4999999999986921,0.008983353437866617,-0.021556363612834917,-0.014695414710323158
5,5,w5,-Inf,0.0,10,1.0,0.7499999999993406,-0.009173791884355536,-0.10017195714059053,0.3561580644426558
5,5,w5,-Inf,0.0,11,0.7500000000003471,1.0,0.018079947185953214,0.9541656316861681,-0.4337453110438775
5,5,w5,-Inf,0.0,12,0.5000000000020595,1.0,0.01807994718595323,0.07561018992857167,0.44481013071371894
5,5,w5,-Inf,0.0,13,0.2500000000010405,1.0,0.01807994718595322,0.45425181430544836,0.06616850633684174
5,5,w5,-Inf,0.0,14,0.0,0.7500000000003471,-0.009173791884337243,0.1578021321210509,0.09818397518213488
5,5,w5,-Inf,0.0,15,0.0,0.5000000000020595,0.00898335343811654,0.035733670085842904,-0.07198544840748315
5,5,w5,-Inf,0.0,16,0.0,0.2500000000010405,-0.04628805043245279,0.10488682733359844,-0.07426740999241924
5,5,w5,-Inf,0.0,17,0.2499999999998184,0.2500000000006332,-0.04628805043252787,-0.013225460968211944,0.04384487830915228
5,5,w5,-Inf,0.0,18,0.2500000000002257,0.5000000000012177,0.008983353438054061,0.0694776020142783,-0.10572938033629797
5,5,w5,-Inf,0.0,19,0.2500000000006332,0.7500000000000954,-0.009173791884341828,0.3136774450035508,-0.0576913377006454
5,5,w5,-Inf,0.0,20,0.4999999999995339,0.2500000000002257,-0.04628805043260309,-0.6082124325578043,0.6388318498985054
5,5,w5,-Inf,0.0,21,0.5000000000003757,0.5000000000003757,0.008983353437991592,0.011823150571675562,-0.04807492889407479
5,5,w5,-Inf,0.0,22,0.5000000000012177,0.749999999999844,-0.00917379188434639,0.032294447190681516,0.22369166011194333
5,5,w5,-Inf,0.0,23,0.7499999999995922,0.2499999999998184,-0.046288050432678154,0.10002070862383064,-0.06940129128336826
5,5,w5,-Inf,0.0,24,0.749999999999844,0.4999999999995339,0.00898335343792911,-0.012971487760047288,-0.023280290562731176
5,5,w5,-Inf,0.0,25,0.7500000000000953,0.7499999999995921,-0.00917379188435098,-0.7440138926976557,1.0
6,6,w6,-Inf,0.0,1,0.0,0.0,-0.11246437626983376,0.1073972667238148,-0.2697177496567091
6,6,w6,-Inf,0.0,2,1.0,0.0,-0.11246437626983384,0.16831969876457842,-0.33064018169747306
6,6,w6,-Inf,0.0,3,1.0,1.0,0.03689975398648437,0.18889122683100393,0.1973448541917013
6,6,w6,-Inf,0.0,4,0.0,1.0,0.03689975398648424,0.42882895786125586,-0.04259287683855125
6,6,w6,-Inf,0.0,5,0.2499999999994109,0.0,-0.11246437626983374,-0.11773461425022418,-0.04458586868266985
6,6,w6,-Inf,0.0,6,0.4999999999986921,0.0,-0.11246437626983377,-0.041979093944956004,-0.12034138898793828
6,6,w6,-Inf,0.0,7,0.7499999999993406,0.0,-0.11246437626983379,-0.4133582880613599,0.2510378051284656
6,6,w6,-Inf,0.0,8,1.0,0.2499999999994109,0.07763224637104564,-0.20265986402962094,0.1924938437305024
6,6,w6,-Inf,0.0,9,1.0,0.4999999999986921,-0.0510952208408361,-0.035598687317208416,-0.032327646408615685
6,6,w6,-Inf,0.0,10,1.0,0.7499999999993406,-0.04422431302752639,0.2233731785569121,-0.2851778349185283
6,6,w6,-Inf,0.0,11,0.7500000000003471,1.0,0.036899753986484346,0.09445767402768436,0.2917784069950207
6,6,w6,-Inf,0.0,12,0.5000000000020595,1.0,0.03689975398648437,1.0,-0.6137639189772942
6,6,w6,-Inf,0.0,13,0.2500000000010405,1.0,0.036899753986484304,0.1789705888402858,0.2072654921824194
6,6,w6,-Inf,0.0,14,0.0,0.7500000000003471,-0.04422431302734924,0.08697858988432276,-0.1487832462450243
6,6,w6,-Inf,0.0,15,0.0,0.5000000000020595,-0.051095220841656644,-0.0679191772590627,-7.1564671094828156e-6
6,6,w6,-Inf,0.0,16,0.0,0.2500000000010405,0.0776322463712459,0.010626113172364683,-0.02079213347117569
6,6,w6,-Inf,0.0,17,0.2499999999998184,0.2500000000006332,0.07763224637119587,0.0005352652900974984,-0.010701285588984935
6,6,w6,-Inf,0.0,18,0.2500000000002257,0.5000000000012177,-0.05109522084145155,-0.18044748641728828,0.11252115269120315
6,6,w6,-Inf,0.0,19,0.2500000000006332,0.7500000000000954,-0.04422431302739357,0.28601448988260586,-0.3478191462435358
6,6,w6,-Inf,0.0,20,0.4999999999995339,0.2500000000002257,0.07763224637114581,-0.3446335345866025,0.3344675142876379
6,6,w6,-Inf,0.0,21,0.5000000000003757,0.5000000000003757,-0.051095220841246416,0.1996551879778556,-0.2675815217038538
6,6,w6,-Inf,0.0,22,0.5000000000012177,0.749999999999844,-0.04422431302743772,0.022216652091023966,-0.08402130845218245
6,6,w6,-Inf,0.0,23,0.7499999999995922,0.2499999999998184,0.07763224637109584,-0.37592256746832003,0.36575654716927825
6,6,w6,-Inf,0.0,24,0.749999999999844,0.4999999999995339,-0.05109522084104118,0.30603751743551194,-0.3739638511614232
6,6,w6,-Inf,0.0,25,0.7500000000000953,0.7499999999995921,-0.0442243130274822,0.12915849623644915,-0.19096315259783653
7,7,w7,-Inf,0.0,1,0.0,0.0,-0.15920704212545017,0.2842493460031051,-0.693105190677575
7,7,w7,-Inf,0.0,2,1.0,0.0,-0.15920704212545048,0.1485782386365872,-0.5574340833110586
7,7,w7,-Inf,0.0,3,1.0,1.0,-0.1693478422935153,-0.12056596030155467,-0.1361873044890471
7,7,w7,-Inf,0.0,4,0.0,1.0,-0.16934784229351516,-0.34977007745556876,0.09301681266496799
7,7,w7,-Inf,0.0,5,0.2499999999994109,0.0,-0.1592070421254503,-0.32927762571739333,-0.07957821895707662
7,7,w7,-Inf,0.0,6,0.4999999999986921,0.0,-0.15920704212545037,0.32312012080890923,-0.73197596548338
7,7,w7,-Inf,0.0,7,0.7499999999993406,0.0,-0.15920704212545037,-0.9189231916634312,0.5100673469889602
7,7,w7,-Inf,0.0,8,1.0,0.2499999999994109,0.10361094691606325,0.1303117672069429,0.023764184738952674
7,7,w7,-Inf,0.0,9,1.0,0.4999999999986921,-0.08417507164604686,-0.06829544510510484,-0.05362504025093328
7,7,w7,-Inf,0.0,10,1.0,0.7499999999993406,0.0015486728098079814,-0.3043037613699469,0.22304308280377053
7,7,w7,-Inf,0.0,11,0.7500000000003471,1.0,-0.16934784229351518,-0.589591113527723,0.3328378487371209
7,7,w7,-Inf,0.0,12,0.5000000000020595,1.0,-0.1693478422935152,-0.9486271636151681,0.6918738988245651
7,7,w7,-Inf,0.0,13,0.2500000000010405,1.0,-0.1693478422935152,0.7166730687459284,-0.9734263335365309
7,7,w7,-Inf,0.0,14,0.0,0.7500000000003471,0.0015486728096364992,-0.1723335268664343,0.09107284829998698
7,7,w7,-Inf,0.0,15,0.0,0.5000000000020595,-0.08417507164673427,-0.23395076733135026,0.11203028197372733
7,7,w7,-Inf,0.0,16,0.0,0.2500000000010405,0.10361094691630776,0.0630133824524179,0.09106256949441376
7,7,w7,-Inf,0.0,17,0.2499999999998184,0.2500000000006332,0.10361094691624675,-0.08402540635276305,0.23810135829936083
7,7,w7,-Inf,0.0,18,0.2500000000002257,0.5000000000012177,-0.08417507164656247,0.28977069701172214,-0.41169118236894886
7,7,w7,-Inf,0.0,19,0.2500000000006332,0.7500000000000954,0.0015486728096794338,0.5139798420339307,-0.5952405206003105
7,7,w7,-Inf,0.0,20,0.4999999999995339,0.2500000000002257,0.10361094691618546,0.5224002000252955,-0.36832424807893227
7,7,w7,-Inf,0.0,21,0.5000000000003757,0.5000000000003757,-0.08417507164639064,0.08950502146055517,-0.21142550681738576
7,7,w7,-Inf,0.0,22,0.5000000000012177,0.749999999999844,0.0015486728097221416,-0.34197894638819665,0.2607182678218845
7,7,w7,-Inf,0.0,23,0.7499999999995922,0.2499999999998184,0.10361094691612448,-0.8459240480538706,1.0
7,7,w7,-Inf,0.0,24,0.749999999999844,0.4999999999995339,-0.08417507164621882,0.03312684166921587,-0.15504732702565038
7,7,w7,-Inf,0.0,25,0.7500000000000953,0.7499999999995921,0.0015486728097651753,-0.4889006020663147,0.4076399235000707
8,8,w8,-Inf,0.0,1,0.0,0.0,0.34556292214677364,-0.5080901604794448,-0.42546308187359383
8,8,w8,-Inf,0.0,2,1.0,0.0,0.345562922146773,-0.620553387381008,-0.312999854972048
8,8,w8,-Inf,0.0,3,1.0,1.0,-0.10952336514821474,-0.0891023901988004,-0.006645171943981388
8,8,w8,-Inf,0.0,4,0.0,1.0,-0.10952336514821538,-0.2110962306497452,0.11534866850696969
8,8,w8,-Inf,0.0,5,0.2499999999994109,0.0,0.3455629221467731,-0.6975316038330887,-0.23602163851995395
8,8,w8,-Inf,0.0,6,0.4999999999986921,0.0,0.34556292214677325,-0.3089086143891134,-0.624644627963936
8,8,w8,-Inf,0.0,7,0.7499999999993406,0.0,0.3455629221467731,-0.28382712706104507,-0.6497261152920115
8,8,w8,-Inf,0.0,8,1.0,0.2499999999994109,0.08468413129248827,0.2909453034956666,0.005476716853059722
8,8,w8,-Inf,0.0,9,1.0,0.4999999999986921,-0.2170825532036869,0.1296002951084601,0.12677621389518443
8,8,w8,-Inf,0.0,10,1.0,0.7499999999993406,0.004424649190753627,0.189011360016562,-0.05841343262212853
8,8,w8,-Inf,0.0,11,0.7500000000003471,1.0,-0.10952336514821501,-0.13665440547132662,0.04090684332854944
8,8,w8,-Inf,0.0,12,0.5000000000020595,1.0,-0.10952336514821502,0.08717129615641594,-0.18291885829919233
8,8,w8,-Inf,0.0,13,0.2500000000010405,1.0,-0.10952336514821528,-0.17676542903232245,0.08101786688954635
8,8,w8,-Inf,0.0,14,0.0,0.7500000000003471,0.004424649190970246,0.1058029426975572,0.02479498469616631
8,8,w8,-Inf,0.0,15,0.0,0.5000000000020595,-0.21708255320422748,0.19821313509958866,0.058163373902931303
8,8,w8,-Inf,0.0,16,0.0,0.2500000000010405,0.08468413129065314,-0.7035779796474066,1.0
8,8,w8,-Inf,0.0,17,0.2499999999998184,0.2500000000006332,0.08468413129111232,0.2223934357715057,0.07402858458012294
8,8,w8,-Inf,0.0,18,0.2500000000002257,0.5000000000012177,-0.21708255320409245,0.10422332087703319,0.15215318812576772
8,8,w8,-Inf,0.0,19,0.2500000000006332,0.7500000000000954,0.004424649190915971,0.38918803952598097,-0.25859011213207966
8,8,w8,-Inf,0.0,20,0.4999999999995339,0.2500000000002257,0.08468413129157147,0.16489169310283444,0.13153032724782776
8,8,w8,-Inf,0.0,21,0.5000000000003757,0.5000000000003757,-0.2170825532039574,-0.12208330646641251,0.3784598154694956
8,8,w8,-Inf,0.0,22,0.5000000000012177,0.749999999999844,0.004424649190861774,0.14944040121086558,-0.018842473816786824
8,8,w8,-Inf,0.0,23,0.7499999999995922,0.2499999999998184,0.0846841312920299,0.5156971810862324,-0.21927516073653788
8,8,w8,-Inf,0.0,24,0.749999999999844,0.4999999999995339,-0.21708255320382228,0.09912639037584173,0.1572501186275239
8,8,w8,-Inf,0.0,25,0.7500000000000953,0.7499999999995921,0.004424649190807551,0.1647668042603078,-0.034168876866050295
9,9,w9,-Inf,0.0,1,0.0,0.0,0.42101832958769253,0.008389916637585997,0.09412324248916185
9,9,w9,-Inf,0.0,2,1.0,0.0,0.4210183295876939,0.7276918565558151,-0.6251786974290789
9,9,w9,-Inf,0.0,3,1.0,1.0,0.23586735926675184,0.3547484510292973,0.42782427303297693
9,9,w9,-Inf,0.0,4,0.0,1.0,0.23586735926675292,0.6826986574263881,0.099874066635892
9,9,w9,-Inf,0.0,5,0.2499999999994109,0.0,0.42101832958769325,-0.05521422673994696,0.15772738586669138
9,9,w9,-Inf,0.0,6,0.4999999999986921,0.0,0.4210183295876932,0.4921872698946604,-0.38967411076791936
9,9,w9,-Inf,0.0,7,0.7499999999993406,0.0,0.4210183295876932,-0.2636251921560439,0.3661383512827838
9,9,w9,-Inf,0.0,8,1.0,0.2499999999994109,-0.05463775005354661,-0.023852740171766435,0.1670156628425042
9,9,w9,-Inf,0.0,9,1.0,0.4999999999986921,0.34529696864314247,0.09328547718220774,0.11234444208335952
9,9,w9,-Inf,0.0,10,1.0,0.7499999999993406,-0.03028528135839657,0.2434069874599123,-0.639703891073313
9,9,w9,-Inf,0.0,11,0.7500000000003471,1.0,0.2358673592667522,0.5603912314574258,0.2221814926048499
9,9,w9,-Inf,0.0,12,0.5000000000020595,1.0,0.23586735926675256,-0.21742727593772182,1.0
9,9,w9,-Inf,0.0,13,0.2500000000010405,1.0,0.23586735926675242,0.6171540515632792,0.16541867249899955
9,9,w9,-Inf,0.0,14,0.0,0.7500000000003471,-0.030285281358615655,-0.35776612542272695,-0.03853077818951281
9,9,w9,-Inf,0.0,15,0.0,0.5000000000020595,0.345296968643305,-0.018959499587575313,0.22458941884951036
9,9,w9,-Inf,0.0,16,0.0,0.2500000000010405,-0.05463775005379482,-0.7701892742819902,0.9133521969530592
9,9,w9,-Inf,0.0,17,0.2499999999998184,0.2500000000006332,-0.05463775005373301,-0.23288367658445724,0.37604659925544287
9,9,w9,-Inf,0.0,18,0.2500000000002257,0.5000000000012177,0.34529696864326465,-0.1076002868580254,0.31323020612086955
9,9,w9,-Inf,0.0,19,0.2500000000006332,0.7500000000000954,-0.03028528135856097,-0.6409701658771169,0.24467326226458758
9,9,w9,-Inf,0.0,20,0.4999999999995339,0.2500000000002257,-0.054637750053671,-0.0372947723407822,0.18045769501168415
9,9,w9,-Inf,0.0,21,0.5000000000003757,0.5000000000003757,0.3452969686432242,0.10916851276580077,0.09646140649795033
9,9,w9,-Inf,0.0,22,0.5000000000012177,0.749999999999844,-0.03028528135850621,-0.17705286047762428,-0.21924404313519177
9,9,w9,-Inf,0.0,23,0.7499999999995922,0.2499999999998184,-0.054637750053609095,0.052064412119740534,0.09109851055107934
9,9,w9,-Inf,0.0,24,0.749999999999844,0.4999999999995339,0.3452969686431833,-0.5228848389571548,0.7285147582218131
9,9,w9,-Inf,0.0,25,0.7500000000000953,0.7499999999995921,-0.030285281358451672,0.3779271862074392,-0.7742240898205472
10,10,w10,-Inf,0.0,1,0.0,0.0,-0.2881327992382831,0.1872477943024042,0.22171051837123507
10,10,w10,-Inf,0.0,2,1.0,0.0,-0.2881327992382814,0.3425789034300319,0.06637940924360992
10,10,w10,-Inf,0.0,3,1.0,1.0,0.21540223327576175,0.07273124341237718,0.05718852538901715
10,10,w10,-Inf,0.0,4,0.0,1.0,0.21540223327576302,0.011087437050676741,0.11883233175072345
10,10,w10,-Inf,0.0,5,0.2499999999994109,0.0,-0.28813279923828256,0.22324727013354867,0.1857110425400919
10,10,w10,-Inf,0.0,6,0.4999999999986921,0.0,-0.2881327992382818,0.5335380650393526,-0.12457975236571499
10,10,w10,-Inf,0.0,7,0.7499999999993406,0.0,-0.2881327992382818,0.16921217091334084,0.23974614176029993
10,10,w10,-Inf,0.0,8,1.0,0.2499999999994109,0.33288349471504336,0.23740639800131683,0.28396294447660897
10,10,w10,-Inf,0.0,9,1.0,0.4999999999986921,-0.31032033219556476,-0.11052995679814528,-0.1696978393066405
10,10,w10,-Inf,0.0,10,1.0,0.7499999999993406,0.22559246559502097,-0.9042949334983365,0.6273664392828024
10,10,w10,-Inf,0.0,11,0.7500000000003471,1.0,0.215402233275762,-0.00016369287024903554,0.13008346167164594
10,10,w10,-Inf,0.0,12,0.5000000000020595,1.0,0.21540223327576197,0.6989576728625947,-0.5690379040611963
10,10,w10,-Inf,0.0,13,0.2500000000010405,1.0,0.21540223327576263,0.3485295284283604,-0.2186097596269625
10,10,w10,-Inf,0.0,14,0.0,0.7500000000003471,0.22559246559607768,-0.3088610941734787,0.031932599958769056
10,10,w10,-Inf,0.0,15,0.0,0.5000000000020595,-0.3103203321962869,-0.20960309891906448,-0.07062469719109378
10,10,w10,-Inf,0.0,16,0.0,0.2500000000010405,0.33288349471497314,0.8098547410806997,-0.28848539860503447
10,10,w10,-Inf,0.0,17,0.2499999999998184,0.2500000000006332,0.3328834947149906,1.0,-0.4786306575237683
10,10,w10,-Inf,0.0,18,0.2500000000002257,0.5000000000012177,-0.3103203321961069,0.29720222498227344,-0.5774300210910892
10,10,w10,-Inf,0.0,19,0.2500000000006332,0.7500000000000954,0.22559246559581347,-0.8020373349500006,0.5251088407350818
10,10,w10,-Inf,0.0,20,0.4999999999995339,0.2500000000002257,0.33288349471500883,0.5607066144479058,-0.03933727197110944
10,10,w10,-Inf,0.0,21,0.5000000000003757,0.5000000000003757,-0.31032033219592625,-0.17449739934193872,-0.10573039676553543
10,10,w10,-Inf,0.0,22,0.5000000000012177,0.749999999999844,0.22559246559554985,0.5358348974253523,-0.812763391640478
10,10,w10,-Inf,0.0,23,0.7499999999995922,0.2499999999998184,0.33288349471502626,0.3964805911576701,0.1248887513196904
10,10,w10,-Inf,0.0,24,0.749999999999844,0.4999999999995339,-0.31032033219574545,-0.49571890993132517,0.21549111382519473
10,10,w10,-Inf,0.0,25,0.7500000000000953,0.7499999999995921,0.22559246559528515,-0.48003081041669304,0.20310231620136282
11,11,w11,-Inf,0.0,1,0.0,0.0,-0.0294032616855265,-0.11830465169877834,-0.059548879954557536
11,11,w11,-Inf,0.0,2,1.0,0.0,-0.02940326168552672,-0.15417696401984937,-0.023676567633485846
11,11,w11,-Inf,0.0,3,1.0,1.0,0.04463006816430036,-0.049481363403354794,-0.09302306869016277
11,11,w11,-Inf,0.0,4,0.0,1.0,0.0446300681642994,-0.04146464531580916,-0.10103978677771466
11,11,w11,-Inf,0.0,5,0.2499999999994109,0.0,-0.0294032616855267,-0.037839191909358236,-0.1400143397439769
11,11,w11,-Inf,0.0,6,0.4999999999986921,0.0,-0.029403261685527007,-0.22023676992968502,0.0423832382763489
11,11,w11,-Inf,0.0,7,0.7499999999993406,0.0,-0.029403261685526687,-0.03293232007127563,-0.14492121158205884
11,11,w11,-Inf,0.0,8,1.0,0.2499999999994109,-0.014769187930404637,-0.7617927056821338,0.44566606803275516
11,11,w11,-Inf,0.0,9,1.0,0.4999999999986921,0.31063073390636764,-0.1483377493506433,-0.19701474952844497
11,11,w11,-Inf,0.0,10,1.0,0.7499999999993406,-0.03347743678158963,-0.14549488194990406,-0.04365411633379821
11,11,w11,-Inf,0.0,11,0.7500000000003471,1.0,0.04463006816430014,-0.06254042665954315,-0.07996400543397456
11,11,w11,-Inf,0.0,12,0.5000000000020595,1.0,0.04463006816430002,-0.08078354758260493,-0.06172088451091543
11,11,w11,-Inf,0.0,13,0.2500000000010405,1.0,0.04463006816429955,-0.07958400328238088,-0.0629204288111397
11,11,w11,-Inf,0.0,14,0.0,0.7500000000003471,-0.03347743678212463,0.027350069159195824,-0.21649906744249034
11,11,w11,-Inf,0.0,15,0.0,0.5000000000020595,0.31063073390624124,-0.16954888688427608,-0.17580361199395578
11,11,w11,-Inf,0.0,16,0.0,0.2500000000010405,-0.014769187929296728,-0.40919092777887445,0.09306429012895233
11,11,w11,-Inf,0.0,17,0.2499999999998184,0.2500000000006332,-0.01476918792957376,0.02894037671475895,-0.34506701436454534
11,11,w11,-Inf,0.0,18,0.2500000000002257,0.5000000000012177,0.31063073390627327,-0.039534455611639145,-0.30581804326680834
11,11,w11,-Inf,0.0,19,0.2500000000006332,0.7500000000000954,-0.03347743678199069,0.12688385946171216,-0.3160328577451079
11,11,w11,-Inf,0.0,20,0.4999999999995339,0.2500000000002257,-0.014769187929850883,-0.2306717597903879,-0.08545487785926104
11,11,w11,-Inf,0.0,21,0.5000000000003757,0.5000000000003757,0.31063073390630513,-1.0,0.6546475011213392
11,11,w11,-Inf,0.0,22,0.5000000000012177,0.749999999999844,-0.0334774367818568,-0.17772536704628542,-0.011423631237212418
11,11,w11,-Inf,0.0,23,0.7499999999995922,0.2499999999998184,-0.014769187930127697,-0.21610433634835594,-0.1000223013011574
11,11,w11,-Inf,0.0,24,0.749999999999844,0.4999999999995339,0.31063073390633666,-0.09328932940393865,-0.2520631694749351
11,11,w11,-Inf,0.0,25,0.7500000000000953,0.7499999999995921,-0.0334774367817227,-0.14205030453718812,-0.04709869374641243
12,12,w12,-Inf,0.0,1,0.0,0.0,-0.02372351870403175,0.16918500351512306,0.20464668854736204
12,12,w12,-Inf,0.0,2,1.0,0.0,-0.02372351870403256,0.22275705052918282,0.1510746415332886
12,12,w12,-Inf,0.0,3,1.0,1.0,-0.1739491611769836,0.09940700034932982,-0.061218444766132286
12,12,w12,-Inf,0.0,4,0.0,1.0,-0.17394916117698248,0.016892559818813085,0.021295995764393734
12,12,w12,-Inf,0.0,5,0.2499999999994109,0.0,-0.023723518704031176,0.19718040501924905,0.17665128704323171
12,12,w12,-Inf,0.0,6,0.4999999999986921,0.0,-0.023723518704031818,-0.13023432079280728,0.5040660128552827
12,12,w12,-Inf,0.0,7,0.7499999999993406,0.0,-0.02372351870403203,0.16252421383741852,0.21130747822505536
12,12,w12,-Inf,0.0,8,1.0,0.2499999999994109,0.36911143153825116,-0.5341760028215433,1.0
12,12,w12,-Inf,0.0,9,1.0,0.4999999999986921,0.12241991093388131,0.22277963031352024,0.19712929160657341
12,12,w12,-Inf,0.0,10,1.0,0.7499999999993406,-0.1006928802453035,0.8292155713916749,-0.09199788925154069
12,12,w12,-Inf,0.0,11,0.7500000000003471,1.0,-0.1739491611769829,-0.12773816738154867,0.16592672296474606
12,12,w12,-Inf,0.0,12,0.5000000000020595,1.0,-0.1739491611769837,-0.14560060258924157,0.18378915817244426
12,12,w12,-Inf,0.0,13,0.2500000000010405,1.0,-0.17394916117698278,0.12594847065762724,-0.0877599150744198
12,12,w12,-Inf,0.0,14,0.0,0.7500000000003471,-0.10069288024590047,0.9320324834370699,-0.19481480129771378
12,12,w12,-Inf,0.0,15,0.0,0.5000000000020595,0.1224199109307169,0.26220825257538255,0.1577006693465312
12,12,w12,-Inf,0.0,16,0.0,0.2500000000010405,0.3691114315387272,0.4403735197509202,0.025450477427682895
12,12,w12,-Inf,0.0,17,0.2499999999998184,0.2500000000006332,0.36911143153860815,0.6642917616334724,-0.19846776445490732
12,12,w12,-Inf,0.0,18,0.2500000000002257,0.5000000000012177,0.12241991093150782,0.825423596133061,-0.4055146742116033
12,12,w12,-Inf,0.0,19,0.2500000000006332,0.7500000000000954,-0.10069288024575122,-0.07546155815008054,0.8126792402896301
12,12,w12,-Inf,0.0,20,0.4999999999995339,0.2500000000002257,0.3691114315384895,0.30429819051245655,0.16152580666607386
12,12,w12,-Inf,0.0,21,0.5000000000003757,0.5000000000003757,0.12241991093229926,0.8547098303440032,-0.43480090842299846
12,12,w12,-Inf,0.0,22,0.5000000000012177,0.749999999999844,-0.10069288024560194,0.0698584290059634,0.6673592531337794
12,12,w12,-Inf,0.0,23,0.7499999999995922,0.2499999999998184,0.36911143153837034,0.2855924282741034,0.18023156890439185
12,12,w12,-Inf,0.0,24,0.749999999999844,0.4999999999995339,0.12241991093309042,-0.040640695714026724,0.4605496176345775
12,12,w12,-Inf,0.0,25,0.7500000000000953,0.7499999999995921,-0.10069288024545232,0.31720340715515044,0.42001427498478694
13,13,w13,-Inf,0.0,1,0.0,0.0,-0.19285326456784233,0.05156648817945412,0.030498955142532348
13,13,w13,-Inf,0.0,2,1.0,0.0,-0.19285326456784163,0.18895126031870738,-0.10688581699672263
13,13,w13,-Inf,0.0,3,1.0,1.0,-0.0002854704607610364,0.014761068783545757,0.07909267404208271
13,13,w13,-Inf,0.0,4,0.0,1.0,-0.0002854704607600683,0.04547847516628857,0.04837526765934332
13,13,w13,-Inf,0.0,5,0.2499999999994109,0.0,-0.19285326456784213,-0.028091742227947292,0.11015718554993255
13,13,w13,-Inf,0.0,6,0.4999999999986921,0.0,-0.19285326456784171,0.459438740188849,-0.37737329686686016
13,13,w13,-Inf,0.0,7,0.7499999999993406,0.0,-0.1928532645678416,-0.04830578257635811,0.13037122589834368
13,13,w13,-Inf,0.0,8,1.0,0.2499999999994109,-0.12683911219029984,0.6175669333029907,-0.6846546313800193
13,13,w13,-Inf,0.0,9,1.0,0.4999999999986921,-0.04076076499641435,0.3342549587357579,0.3724578155485521
13,13,w13,-Inf,0.0,10,1.0,0.7499999999993406,-0.3858475163165904,0.3543602516234833,-0.3350506073771528
13,13,w13,-Inf,0.0,11,0.7500000000003471,1.0,-0.00028547046076054654,0.06894236053997252,0.024911382285656328
13,13,w13,-Inf,0.0,12,0.5000000000020595,1.0,-0.000285470460760051,0.034592737518771156,0.059261005306856664
13,13,w13,-Inf,0.0,13,0.2500000000010405,1.0,-0.0002854704607598954,-0.04670701962697143,0.1405607624526016
13,13,w13,-Inf,0.0,14,0.0,0.7500000000003471,-0.38584751631650877,0.007204745650373475,0.01210489859472526
13,13,w13,-Inf,0.0,15,0.0,0.5000000000020595,-0.04076076499815874,0.3638051743130812,0.3429075999718117
13,13,w13,-Inf,0.0,16,0.0,0.2500000000010405,-0.12683911218980404,-0.10230648659286917,0.03521878851788175
13,13,w13,-Inf,0.0,17,0.2499999999998184,0.2500000000006332,-0.12683911218992752,0.42353181751938135,-0.4906195155948781
13,13,w13,-Inf,0.0,18,0.2500000000002257,0.5000000000012177,-0.04076076499772275,1.0,-0.2932872257152526
13,13,w13,-Inf,0.0,19,0.2500000000006332,0.7500000000000954,-0.3858475163165294,-0.12961600711055035,0.14892565135595787
13,13,w13,-Inf,0.0,20,0.4999999999995339,0.2500000000002257,-0.12683911219005187,-0.20464697557598358,0.13755927749997848
13,13,w13,-Inf,0.0,21,0.5000000000003757,0.5000000000003757,-0.04076076499728685,0.6183426841685014,0.08837009011610272
13,13,w13,-Inf,0.0,22,0.5000000000012177,0.749999999999844,-0.38584751631654995,-0.29214551873512795,0.31145516298084297
13,13,w13,-Inf,0.0,23,0.7499999999995922,0.2499999999998184,-0.12683911219017557,-0.048893963797834526,-0.018193734278683035
13,13,w13,-Inf,0.0,24,0.749999999999844,0.4999999999995339,-0.040760764996850864,0.2523173307002087,0.4543954435842491
13,13,w13,-Inf,0.0,25,0.7500000000000953,0.7499999999995921,-0.3858475163165705,0.19746446653451744,-0.17815482228849416
14,14,w14,-Inf,0.0,1,0.0,0.0,0.39804494569959753,-0.16041384208684056,-0.2842309574885596
14,14,w14,-Inf,0.0,2,1.0,0.0,0.3980449456995998,-0.3458268461762713,-0.09881795339912482
14,14,w14,-Inf,0.0,3,1.0,1.0,-0.19176090020389974,-0.01610171263325064,-0.007598893202243073
14,14,w14,-Inf,0.0,4,0.0,1.0,-0.19176090020389974,-0.1051183354176395,0.08141772958214809
14,14,w14,-Inf,0.0,5,0.2499999999994109,0.0,0.39804494569959814,-0.2961660091245367,-0.14847879045085943
14,14,w14,-Inf,0.0,6,0.4999999999986921,0.0,0.3980449456995986,-0.3239227339386267,-0.12072206563676678
14,14,w14,-Inf,0.0,7,0.7499999999993406,0.0,0.39804494569959914,-0.03916453955898088,-0.405480260016413
14,14,w14,-Inf,0.0,8,1.0,0.2499999999994109,0.3911276221951821,-0.4117173012154094,-0.5785392183934672
14,14,w14,-Inf,0.0,9,1.0,0.4999999999986921,-0.039045612000854435,-0.2877441612307621,-0.2138975245221893
14,14,w14,-Inf,0.0,10,1.0,0.7499999999993406,0.1375107337324715,0.5144017639920169,-0.4346209141923177
14,14,w14,-Inf,0.0,11,0.7500000000003471,1.0,-0.19176090020389921,0.024299314360496673,-0.04799992019599151
14,14,w14,-Inf,0.0,12,0.5000000000020595,1.0,-0.19176090020389935,-0.18983414206570423,0.16613353623020952
14,14,w14,-Inf,0.0,13,0.2500000000010405,1.0,-0.19176090020389935,-0.007072649029985094,-0.01662795680550818
14,14,w14,-Inf,0.0,14,0.0,0.7500000000003471,0.1375107337321635,-0.01601748885656326,0.09579833865722168
14,14,w14,-Inf,0.0,15,0.0,0.5000000000020595,-0.03904561200256316,-0.15027855125344847,-0.3513631344922949
14,14,w14,-Inf,0.0,16,0.0,0.2500000000010405,0.39112762219375646,-0.28083928884121884,-0.709417230767829
14,14,w14,-Inf,0.0,17,0.2499999999998184,0.2500000000006332,0.39112762219411246,0.009743480390994567,-1.0
14,14,w14,-Inf,0.0,18,0.2500000000002257,0.5000000000012177,-0.039045612002136174,0.0647193219102591,-0.5663610076578047
14,14,w14,-Inf,0.0,19,0.2500000000006332,0.7500000000000954,0.13751073373224051,0.005570495278119187,0.07421035452229933
14,14,w14,-Inf,0.0,20,0.4999999999995339,0.2500000000002257,0.39112762219446967,-0.5150237230618956,-0.4752327965470682
14,14,w14,-Inf,0.0,21,0.5000000000003757,0.5000000000003757,-0.03904561200170911,-0.07827928159259405,-0.423362404156753
14,14,w14,-Inf,0.0,22,0.5000000000012177,0.749999999999844,0.13751073373231743,0.5157326009165742,-0.4359517511163964
14,14,w14,-Inf,0.0,23,0.7499999999995922,0.2499999999998184,0.3911276221948255,-0.6328122804164911,-0.35744423919243073
14,14,w14,-Inf,0.0,24,0.749999999999844,0.4999999999995339,-0.03904561200128196,-0.1955870115242041,-0.30605467422694604
14,14,w14,-Inf,0.0,25,0.7500000000000953,0.7499999999995921,0.13751073373239445,-0.006153362678994551,0.08593421247893338
15,15,w15,-Inf,0.0,1,0.0,0.0,0.11675824075852541,-0.09650832181105416,-0.17440669547259507
15,15,w15,-Inf,0.0,2,1.0,0.0,0.11675824075852764,-0.2953053716108143,0.024390354327172747
15,15,w15,-Inf,0.0,3,1.0,1.0,-0.12272195022251751,0.08869118538360331,-0.01894765505123211
15,15,w15,-Inf,0.0,4,0.0,1.0,-0.12272195022251843,0.0944837026524553,-0.024740172320084273
15,15,w15,-Inf,0.0,5,0.2499999999994109,0.0,0.11675824075852613,-0.10157700291253662,-0.16933801437110838
15,15,w15,-Inf,0.0,6,0.4999999999986921,0.0,0.11675824075852663,-0.5802638467865735,0.3093488295029306
15,15,w15,-Inf,0.0,7,0.7499999999993406,0.0,0.11675824075852725,-0.0009537216182710135,-0.26996129566537075
15,15,w15,-Inf,0.0,8,1.0,0.2499999999994109,0.4825702520964143,-1.0,0.6350417256320202
15,15,w15,-Inf,0.0,9,1.0,0.4999999999986921,-0.2299519700360346,0.35414831983107775,0.36477084293430945
15,15,w15,-Inf,0.0,10,1.0,0.7499999999993406,-0.14571594951931563,-0.43203161054406836,-0.046975091419198485
15,15,w15,-Inf,0.0,11,0.7500000000003471,1.0,-0.12272195022251768,0.13881026286245837,-0.06906673253009105
15,15,w15,-Inf,0.0,12,0.5000000000020595,1.0,-0.12272195022251825,-0.021936256410217916,0.09167978674258478
15,15,w15,-Inf,0.0,13,0.2500000000010405,1.0,-0.12272195022251858,-0.021151790165756953,0.09089532049812551
15,15,w15,-Inf,0.0,14,0.0,0.7500000000003471,-0.14571594951909897,-0.9422647309016735,0.46325802893709483
15,15,w15,-Inf,0.0,15,0.0,0.5000000000020595,-0.22995197004026594,0.36385855570022196,0.35506060706440296
15,15,w15,-Inf,0.0,16,0.0,0.2500000000010405,0.48257025209528515,0.5004918999034069,-0.8654501742681558
15,15,w15,-Inf,0.0,17,0.2499999999998184,0.2500000000006332,0.48257025209556725,-0.8860559154806463,0.5210976411150909
15,15,w15,-Inf,0.0,18,0.2500000000002257,0.5000000000012177,-0.2299519700392085,0.9106314937908603,-0.19171233102604532
15,15,w15,-Inf,0.0,19,0.2500000000006332,0.7500000000000954,-0.14571594951915304,-0.1063049694315865,-0.3727017325326637
15,15,w15,-Inf,0.0,20,0.4999999999995339,0.2500000000002257,0.4825702520958499,-0.25324874926882096,-0.11170952509754062
15,15,w15,-Inf,0.0,21,0.5000000000003757,0.5000000000003757,-0.22995197003815074,-0.03617610684912345,0.7550952696141295
15,15,w15,-Inf,0.0,22,0.5000000000012177,0.749999999999844,-0.14571594951920736,0.18367909573819355,-0.6626857977021159
15,15,w15,-Inf,0.0,23,0.7499999999995922,0.2499999999998184,0.48257025209613214,-0.15407334349021518,-0.21088493087695484
15,15,w15,-Inf,0.0,24,0.749999999999844,0.4999999999995339,-0.2299519700370927,0.50216060793021,0.2167585548349882
15,15,w15,-Inf,0.0,25,0.7500000000000953,0.7499999999995921,-0.14571594951926153,-0.19854828317422132,-0.28045841878937294
16,16,w16,-Inf,0.0,1,0.0,0.0,0.15478558331721892,-0.17763828525384484,-0.14098556130665993
16,16,w16,-Inf,0.0,2,1.0,0.0,0.15478558331721914,-0.3046785654269712,-0.013945281133531662
16,16,w16,-Inf,0.0,3,1.0,1.0,0.08280615857828624,-0.031186657849372867,-0.03401343750831375
16,16,w16,-Inf,0.0,4,0.0,1.0,0.08280615857828537,-0.08607821124307893,0.02087811588539177
16,16,w16,-Inf,0.0,5,0.2499999999994109,0.0,0.15478558331721862,-0.19193339721804828,-0.12669044934245394
16,16,w16,-Inf,0.0,6,0.4999999999986921,0.0,0.1547855833172191,-0.32439493093947097,0.00577108437896716
16,16,w16,-Inf,0.0,7,0.7499999999993406,0.0,0.15478558331721953,-0.054289612786778234,-0.26433423377372456
16,16,w16,-Inf,0.0,8,1.0,0.2499999999994109,0.281985979765081,-0.5229958926836906,-0.19672634092008187
16,16,w16,-Inf,0.0,9,1.0,0.4999999999986921,-0.02885650389223291,-0.09177030977305424,-0.15319677630021802
16,16,w16,-Inf,0.0,10,1.0,0.7499999999993406,0.12027044990164076,-0.8812243302141234,1.0
16,16,w16,-Inf,0.0,11,0.7500000000003471,1.0,0.08280615857828597,0.002638830552182133,-0.06783892590986892
16,16,w16,-Inf,0.0,12,0.5000000000020595,1.0,0.0828061585782854,0.26418000277506914,-0.3293800981327553
16,16,w16,-Inf,0.0,13,0.2500000000010405,1.0,0.08280615857828492,0.04842758912781047,-0.11362768448549787
16,16,w16,-Inf,0.0,14,0.0,0.7500000000003471,0.12027044990186497,0.45317581753673514,-0.3344001477504968
16,16,w16,-Inf,0.0,15,0.0,0.5000000000020595,-0.02885650389332316,-0.08906704890899958,-0.15590003715862408
16,16,w16,-Inf,0.0,16,0.0,0.2500000000010405,0.28198597976448253,-0.4301311365102927,-0.2895910970932337
16,16,w16,-Inf,0.0,17,0.2499999999998184,0.2500000000006332,0.281985979764632,-0.5668888226136535,-0.15283341098993472
16,16,w16,-Inf,0.0,18,0.2500000000002257,0.5000000000012177,-0.028856503893050518,-0.10822452454313698,-0.1367425615259
16,16,w16,-Inf,0.0,19,0.2500000000006332,0.7500000000000954,0.12027044990180898,0.4573152567463679,-0.33853958696022046
16,16,w16,-Inf,0.0,20,0.4999999999995339,0.2500000000002257,0.2819859797647819,-0.29141528250106674,-0.42830695110258243
16,16,w16,-Inf,0.0,21,0.5000000000003757,0.5000000000003757,-0.028856503892777836,-0.16266585687560828,-0.08230122919484127
16,16,w16,-Inf,0.0,22,0.5000000000012177,0.749999999999844,0.12027044990175312,-0.23437305515627774,0.35314872494233507
16,16,w16,-Inf,0.0,23,0.7499999999995922,0.2499999999998184,0.2819859797649313,-0.3622203699583553,-0.357501863645356
16,16,w16,-Inf,0.0,24,0.749999999999844,0.4999999999995339,-0.028856503892505356,-0.6693963246359158,0.42442923856405435
16,16,w16,-Inf,0.0,25,0.7500000000000953,0.7499999999995921,0.12027044990169697,0.39667525190899905,-0.2778995821230318
17,17,w17,5.239605689428351e10,0.0,1,0.0,0.0,2.4572856720213083e-10,0.26745090288465834,-0.6018629723469322
17,17,w17,5.239605689428351e10,0.0,2,1.0,0.0,7.095154578636898e-12,0.01637172803906708,0.008174814978483302
17,17,w17,5.239605689428351e10,0.0,3,1.0,1.0,6.189646019072254e-11,-0.032128098426824146,0.032403661359838895
17,17,w17,5.239605689428351e10,0.0,4,0.0,1.0,-3.2527216159457004e-10,-0.8694187025981414,-1.0
17,17,w17,5.239605689428351e10,0.0,5,0.2499999999994109,0.0,-4.666026639985582e-10,0.33074517094225775,0.21014776214021907
17,17,w17,5.239605689428351e10,0.0,6,0.4999999999986921,0.0,3.166513057092207e-10,0.08026352992614993,0.02954610972713125
17,17,w17,5.239605689428351e10,0.0,7,0.7499999999993406,0.0,4.26005057119898e-11,0.016918973147609814,-0.01262703955732232
17,17,w17,5.239605689428351e10,0.0,8,1.0,0.2499999999994109,8.022496023549942e-11,0.01000380033930937,0.012231498765865474
17,17,w17,5.239605689428351e10,0.0,9,1.0,0.4999999999986921,-2.7916678588841687e-11,-0.0013922250469099525,0.02044629898849232
17,17,w17,5.239605689428351e10,0.0,10,1.0,0.7499999999993406,-1.690958787823166e-10,-0.013072978468618454,0.029381064399903747
17,17,w17,5.239605689428351e10,0.0,11,0.7500000000003471,1.0,-4.202064012651691e-12,-0.04238620316543131,0.029086908367889068
17,17,w17,5.239605689428351e10,0.0,12,0.5000000000020595,1.0,6.2692935795854e-10,-0.10228869494288564,0.1118982863813113
17,17,w17,5.239605689428351e10,0.0,13,0.2500000000010405,1.0,-1.319815595368939e-9,-0.35470525548584964,0.09650362574739428
17,17,w17,5.239605689428351e10,0.0,14,0.0,0.7500000000003471,1.6001829627528276e-9,-0.3809185646139079,-0.8615142584225791
17,17,w17,5.239605689428351e10,0.0,15,0.0,0.5000000000020595,1.0657314085765536e-10,-0.20465445996180034,-0.6980532178230494
17,17,w17,5.239605689428351e10,0.0,16,0.0,0.2500000000010405,-7.749775031119283e-10,-0.07344467271121703,-0.6057099271767499
17,17,w17,5.239605689428351e10,0.0,17,0.2499999999998184,0.2500000000006332,-0.0013840099859847104,0.16490523027936071,0.2075608532033638
17,17,w17,5.239605689428351e10,0.0,18,0.2500000000002257,0.5000000000012177,-0.009543758283103339,0.09556662416595933,0.18371927893831616
17,17,w17,5.239605689428351e10,0.0,19,0.2500000000006332,0.7500000000000954,-0.013938045410820353,-0.020797137170529997,0.16329895793558188
17,17,w17,5.239605689428351e10,0.0,20,0.4999999999995339,0.2500000000002257,0.003962343633277358,0.06843860080067991,0.05363232030407452
17,17,w17,5.239605689428351e10,0.0,21,0.5000000000003757,0.5000000000003757,-0.0006746409514102352,0.0451594026176091,0.08553056289412335
17,17,w17,5.239605689428351e10,0.0,22,0.5000000000012177,0.749999999999844,-0.005173637539243788,-0.002911502288479007,0.1266268186914857
17,17,w17,5.239605689428351e10,0.0,23,0.7499999999995922,0.2499999999998184,0.0011436605757389568,0.014881308728119023,-0.003915402138235526
17,17,w17,5.239605689428351e10,0.0,24,0.749999999999844,0.4999999999995339,-0.0006620744515822093,0.0013120427643885325,0.012077857786650444
17,17,w17,5.239605689428351e10,0.0,25,0.7500000000000953,0.7499999999995921,-0.002055989741662128,-0.01706856591983288,0.030780904281310962
18,18,w18,5.871979647206494e10,0.0,1,0.0,0.0,6.890420485847706e-11,-0.009067205423695228,0.038031705524040914
18,18,w18,5.871979647206494e10,0.0,2,1.0,0.0,-5.35369578056843e-10,0.8932069077964663,1.0
18,18,w18,5.871979647206494e10,0.0,3,1.0,1.0,1.8457708980320585e-9,-0.42869649027159934,0.7414433123040614
18,18,w18,5.871979647206494e10,0.0,4,0.0,1.0,1.4917000464928218e-10,0.023632368454332742,0.05495257606914095
18,18,w18,5.871979647206494e10,0.0,5,0.2499999999994109,0.0,-2.8451874640914535e-10,-0.013317293006224215,-0.02182349554475855
18,18,w18,5.871979647206494e10,0.0,6,0.4999999999986921,0.0,1.4161818373974574e-9,0.019184581785155055,-0.036500883804667955
18,18,w18,5.871979647206494e10,0.0,7,0.7499999999993406,0.0,-2.3572570685406534e-9,0.13873465722461897,-0.449110879400972
18,18,w18,5.871979647206494e10,0.0,8,1.0,0.2499999999994109,2.2972438876657195e-9,0.4154957475508616,0.8916370259285773
18,18,w18,5.871979647206494e10,0.0,9,1.0,0.4999999999986921,3.2299317499028473e-10,0.2640472093170601,0.7648342188990273
18,18,w18,5.871979647206494e10,0.0,10,1.0,0.7499999999993406,-1.0466587670788457e-9,0.11254573708923116,0.7047555417492493
18,18,w18,5.871979647206494e10,0.0,11,0.7500000000003471,1.0,-3.34546912051663e-9,-0.5523221174046029,-0.6062122960295849
18,18,w18,5.871979647206494e10,0.0,12,0.5000000000020595,1.0,1.6767868215132941e-9,-0.007278786972425408,0.1326390234349171
18,18,w18,5.871979647206494e10,0.0,13,0.2500000000010405,1.0,-1.47100014697242e-10,-0.01916567462477358,-0.001201047957943916
18,18,w18,5.871979647206494e10,0.0,14,0.0,0.7500000000003471,-1.4218486750303295e-11,0.010669171735660692,0.04633087724556968
18,18,w18,5.871979647206494e10,0.0,15,0.0,0.5000000000020595,-2.054147504716276e-11,0.01563556807074416,0.038826470554333824
18,18,w18,5.871979647206494e10,0.0,16,0.0,0.2500000000010405,-2.591664610243775e-11,0.01386474779362663,0.03663535133989443
18,18,w18,5.871979647206494e10,0.0,17,0.2499999999998184,0.2500000000006332,-0.0002674543329572917,-0.00252320696229607,-0.0213027667277866
18,18,w18,5.871979647206494e10,0.0,18,0.2500000000002257,0.5000000000012177,0.0010143203635569564,-0.005450962642187932,-0.013489375277253114
18,18,w18,5.871979647206494e10,0.0,19,0.2500000000006332,0.7500000000000954,0.0023194847772622772,-0.01659624978869845,-0.007594857016992397
18,18,w18,5.871979647206494e10,0.0,20,0.4999999999995339,0.2500000000002257,-0.0007907221851505595,0.0013523861309131756,-0.03450337754250793
18,18,w18,5.871979647206494e10,0.0,21,0.5000000000003757,0.5000000000003757,0.007005670666302842,-0.018096033602901074,0.027702104601940416
18,18,w18,5.871979647206494e10,0.0,22,0.5000000000012177,0.749999999999844,0.012388548083290391,-0.029510724325177363,0.0828280924282394
18,18,w18,5.871979647206494e10,0.0,23,0.7499999999995922,0.2499999999998184,-0.03767622248788713,-0.14157712594622426,-0.5274585643174912
18,18,w18,5.871979647206494e10,0.0,24,0.749999999999844,0.4999999999995339,-0.036878560471512736,-0.2440211613884345,-0.5511109053864165
18,18,w18,5.871979647206494e10,0.0,25,0.7500000000000953,0.7499999999995921,-0.02184840731398833,-0.324825625451986,-0.5924945589261266
19,19,w19,6.36419247731434e10,0.0,1,0.0,0.0,1.593647903955182e-9,0.1289296234018389,-0.5916110240338134
19,19,w19,6.36419247731434e10,0.0,2,1.0,0.0,-6.254823431459781e-10,-0.42552082665988533,-0.46135543263417245
19,19,w19,6.36419247731434e10,0.0,3,1.0,1.0,-1.7198461116890524e-9,0.2867282597845648,-0.6902034865334393
19,19,w19,6.36419247731434e10,0.0,4,0.0,1.0,8.169454300320011e-10,-0.2573458025553341,-0.2955826553022638
19,19,w19,6.36419247731434e10,0.0,5,0.2499999999994109,0.0,-1.556534433406189e-9,0.2342075046874675,-0.18441489859506488
19,19,w19,6.36419247731434e10,0.0,6,0.4999999999986921,0.0,-3.0381590418863573e-9,0.4004456745684111,0.9393640685299492
19,19,w19,6.36419247731434e10,0.0,7,0.7499999999993406,0.0,4.692781618316781e-9,-0.3764024557106736,-0.2973056812337263
19,19,w19,6.36419247731434e10,0.0,8,1.0,0.2499999999994109,-1.2127948552973244e-9,-0.3087354390726765,-0.49043763473200863
19,19,w19,6.36419247731434e10,0.0,9,1.0,0.4999999999986921,-6.398762539806336e-10,-0.27450408902920864,-0.5431567846667601
19,19,w19,6.36419247731434e10,0.0,10,1.0,0.7499999999993406,7.180352481773455e-10,-0.15895095791813482,-0.626947068983798
19,19,w19,6.36419247731434e10,0.0,11,0.7500000000003471,1.0,7.686767209967708e-10,0.4311848319654042,0.12185879009641717
19,19,w19,6.36419247731434e10,0.0,12,0.5000000000020595,1.0,5.160672091958163e-9,0.3358529640279814,0.9475086648795691
19,19,w19,6.36419247731434e10,0.0,13,0.2500000000010405,1.0,-5.945668993025566e-9,-0.48234514644571364,-0.6357668830177989
19,19,w19,6.36419247731434e10,0.0,14,0.0,0.7500000000003471,1.00499124064131e-9,-0.2581195442655861,-0.35496701674917863
19,19,w19,6.36419247731434e10,0.0,15,0.0,0.5000000000020595,7.058937630471678e-10,-0.25226101692867897,-0.4502319934667915
19,19,w19,6.36419247731434e10,0.0,16,0.0,0.2500000000010405,-7.232830502457742e-10,-0.1631453482637148,-0.5536870568369189
19,19,w19,6.36419247731434e10,0.0,17,0.2499999999998184,0.2500000000006332,-0.03840374045010017,-0.06016402562147837,-0.2592224157775744
19,19,w19,6.36419247731434e10,0.0,18,0.2500000000002257,0.5000000000012177,-0.05712123293203848,-0.1803367370465535,-0.3947650313476607
19,19,w19,6.36419247731434e10,0.0,19,0.2500000000006332,0.7500000000000954,-0.04904954994289082,-0.2646124723011233,-0.5297825434923439
19,19,w19,6.36419247731434e10,0.0,20,0.4999999999995339,0.2500000000002257,0.02136685930324009,0.4246983884989611,1.0
19,19,w19,6.36419247731434e10,0.0,21,0.5000000000003757,0.5000000000003757,0.012784082920731235,0.4334345404769152,0.9983068832271391
19,19,w19,6.36419247731434e10,0.0,22,0.5000000000012177,0.749999999999844,-0.0007013966491429604,0.41689268972740545,0.9932346203661268
19,19,w19,6.36419247731434e10,0.0,23,0.7499999999995922,0.2499999999998184,0.041142661931487835,-0.1362961833880588,-0.20853854797072777
19,19,w19,6.36419247731434e10,0.0,24,0.749999999999844,0.4999999999995339,0.0496797911631681,-0.04179868565973295,-0.08826432726378111
19,19,w19,6.36419247731434e10,0.0,25,0.7500000000000953,0.7499999999995921,0.03415431905720301,0.08159661622838013,0.05262473009328042
20,20,w20,7.96080882226092e10,0.0,1,0.0,0.0,-3.519142079618556e-10,-0.19230372318417788,1.0
20,20,w20,7.96080882226092e10,0.0,2,1.0,0.0,-2.269287740489896e-10,0.0066267889052428145,0.014867151495607281
20,20,w20,7.96080882226092e10,0.0,3,1.0,1.0,-7.69872657130125e-10,0.05923798316491837,-0.2888284108111357
20,20,w20,7.96080882226092e10,0.0,4,0.0,1.0,-2.7449685388484233e-10,-0.6731723062724546,-0.7740290423921738
20,20,w20,7.96080882226092e10,0.0,5,0.2499999999994109,0.0,1.6665630850456062e-10,-0.45921903107595585,-0.4570265005377349
20,20,w20,7.96080882226092e10,0.0,6,0.4999999999986921,0.0,-3.6009689268461047e-10,-0.0021710049769669308,0.13908404010723066
20,20,w20,7.96080882226092e10,0.0,7,0.7499999999993406,0.0,8.970060719779398e-10,-0.10606588074453817,-0.16098553504659405
20,20,w20,7.96080882226092e10,0.0,8,1.0,0.2499999999994109,-9.298136543677481e-11,-0.06469955962927781,-0.04568201290142777
20,20,w20,7.96080882226092e10,0.0,9,1.0,0.4999999999986921,-2.707534028860615e-10,-0.10814319958684744,-0.14964878764262757
20,20,w20,7.96080882226092e10,0.0,10,1.0,0.7499999999993406,1.7451539539512804e-10,-0.09397394653714085,-0.24411028122583112
20,20,w20,7.96080882226092e10,0.0,11,0.7500000000003471,1.0,1.0845689479811426e-10,0.13179826337097203,0.03642504241993212
20,20,w20,7.96080882226092e10,0.0,12,0.5000000000020595,1.0,1.0524703037934043e-9,0.08995425212148404,0.06867336157294807
20,20,w20,7.96080882226092e10,0.0,13,0.2500000000010405,1.0,1.1456045742807239e-10,0.037947030474482384,0.47718026975054756
20,20,w20,7.96080882226092e10,0.0,14,0.0,0.7500000000003471,1.0422958279502427e-10,-0.03173907457557226,-0.3774697266262098
20,20,w20,7.96080882226092e10,0.0,15,0.0,0.5000000000020595,-9.329542132571276e-10,0.3344207521454065,0.28735326166986985
20,20,w20,7.96080882226092e10,0.0,16,0.0,0.2500000000010405,6.621032405842309e-10,0.3668399815730025,0.8106291353353633
20,20,w20,7.96080882226092e10,0.0,17,0.2499999999998184,0.2500000000006332,-0.021822601531548136,-0.08739280259704159,-0.29850968471178496
20,20,w20,7.96080882226092e10,0.0,18,0.2500000000002257,0.5000000000012177,-0.029464115318654747,0.1878947423445574,0.07332707474308348
20,20,w20,7.96080882226092e10,0.0,19,0.2500000000006332,0.7500000000000954,-0.026409494023595128,0.262650912470857,0.4048507607394812
20,20,w20,7.96080882226092e10,0.0,20,0.4999999999995339,0.2500000000002257,0.007948800026160061,0.02278365012215046,0.09875520665637645
20,20,w20,7.96080882226092e10,0.0,21,0.5000000000003757,0.5000000000003757,0.014734966976586338,0.05021209050527902,0.059366578092608605
20,20,w20,7.96080882226092e10,0.0,22,0.5000000000012177,0.749999999999844,0.010813731744898133,0.06116425365129268,0.06820221862152244
20,20,w20,7.96080882226092e10,0.0,23,0.7499999999995922,0.2499999999998184,0.004993315372593152,-0.0922936710272768,-0.14181186871444965
20,20,w20,7.96080882226092e10,0.0,24,0.749999999999844,0.4999999999995339,0.010258413090950973,-0.05864219364109841,-0.07749411000860473
20,20,w20,7.96080882226092e10,0.0,25,0.7500000000000953,0.7499999999995921,0.009775191074460177,0.008198458400929361,-0.004074941633592922
21,21,w21,8.31761595681293e10,0.0,1,0.0,0.0,-3.971962136506709e-10,0.062191518330702744,-0.07804747393822647
21,21,w21,8.31761595681293e10,0.0,2,1.0,0.0,-4.599451512187157e-10,0.7352250085716964,0.848224083369918
21,21,w21,8.31761595681293e10,0.0,3,1.0,1.0,-2.3990726191166226e-9,0.2448891230455571,-1.0
21,21,w21,8.31761595681293e10,0.0,4,0.0,1.0,-2.5566692654000553e-10,0.36170717429370747,0.3910225618308444
21,21,w21,8.31761595681293e10,0.0,5,0.2499999999994109,0.0,-6.855232057804616e-10,0.11308313267061676,0.2566310959525944
21,21,w21,8.31761595681293e10,0.0,6,0.4999999999986921,0.0,3.0818982737232237e-9,-0.09892494648409612,-0.027204143004815648
21,21,w21,8.31761595681293e10,0.0,7,0.7499999999993406,0.0,-2.2732380250148004e-9,-0.15262744566547734,-0.6456355618980785
21,21,w21,8.31761595681293e10,0.0,8,1.0,0.2499999999994109,1.672067025521648e-9,0.0790980214270753,0.46707637724874823
21,21,w21,8.31761595681293e10,0.0,9,1.0,0.4999999999986921,-5.125373777505963e-10,-0.30710549481943483,-0.2109023331698492
21,21,w21,8.31761595681293e10,0.0,10,1.0,0.7499999999993406,8.897851298435358e-10,-0.3613142580694446,-0.7657437103187376
21,21,w21,8.31761595681293e10,0.0,11,0.7500000000003471,1.0,1.7437772944695363e-9,0.5626345639272446,0.6102879775020689
21,21,w21,8.31761595681293e10,0.0,12,0.5000000000020595,1.0,-1.6642577284178376e-9,-0.01678010153342469,-0.27645823227610744
21,21,w21,8.31761595681293e10,0.0,13,0.2500000000010405,1.0,2.3097469645126676e-9,0.20229828860262017,0.07767328941980013
21,21,w21,8.31761595681293e10,0.0,14,0.0,0.7500000000003471,-7.057297580664065e-10,0.14918228808442563,0.28891918639087677
21,21,w21,8.31761595681293e10,0.0,15,0.0,0.5000000000020595,-9.275689581707656e-11,0.017078014206252316,0.10859825392911424
21,21,w21,8.31761595681293e10,0.0,16,0.0,0.2500000000010405,-2.513504483511256e-10,-0.028520005954802502,-0.02895187462930633
21,21,w21,8.31761595681293e10,0.0,17,0.2499999999998184,0.2500000000006332,0.02687781662726744,0.07702929726334608,0.2281341322192094
21,21,w21,8.31761595681293e10,0.0,18,0.2500000000002257,0.5000000000012177,0.0378222518296952,0.03244550513899636,0.13431203874245023
21,21,w21,8.31761595681293e10,0.0,19,0.2500000000006332,0.7500000000000954,0.03143064980300082,0.04773088294060794,0.06642329421135923
21,21,w21,8.31761595681293e10,0.0,20,0.4999999999995339,0.2500000000002257,0.026621037802335826,-0.03813552940055541,-0.01983692330885643
21,21,w21,8.31761595681293e10,0.0,21,0.5000000000003757,0.5000000000003757,0.02658280429398082,-0.04146954342100501,-0.05660338560332924
21,21,w21,8.31761595681293e10,0.0,22,0.5000000000012177,0.749999999999844,0.009050462788787917,-0.038484676567370806,-0.18602830206203058
21,21,w21,8.31761595681293e10,0.0,23,0.7499999999995922,0.2499999999998184,-0.05173240108160921,-0.34825925060874285,-0.5502006265581859
21,21,w21,8.31761595681293e10,0.0,24,0.749999999999844,0.4999999999995339,-0.04374039123413117,-0.2058152541267322,-0.1056136986767355
21,21,w21,8.31761595681293e10,0.0,25,0.7500000000000953,0.7499999999995921,-0.017287707399847106,0.14119401064087206,0.38838753877857196
22,22,w22,9.264845646142416e10,0.0,1,0.0,0.0,-3.019222104122886e-9,0.05438090220272543,0.8928498759160113
22,22,w22,9.264845646142416e10,0.0,2,1.0,0.0,-3.256505555418364e-10,-0.09128836901947628,-0.07674712440773349
22,22,w22,9.264845646142416e10,0.0,3,1.0,1.0,-3.4864318971176107e-9,0.059755109457896284,-1.0
22,22,w22,9.264845646142416e10,0.0,4,0.0,1.0,-2.4301222427664137e-10,0.17452871632621453,0.18378676548594688
22,22,w22,9.264845646142416e10,0.0,5,0.2499999999994109,0.0,2.174409982132352e-9,-0.1352572216426978,0.38295167633071325
22,22,w22,9.264845646142416e10,0.0,6,0.4999999999986921,0.0,9.627705356760073e-10,-0.5267572439400382,-0.600448496821057
22,22,w22,9.264845646142416e10,0.0,7,0.7499999999993406,0.0,1.856386197599303e-9,-0.10622570263792581,-0.08936168058235713
22,22,w22,9.264845646142416e10,0.0,8,1.0,0.2499999999994109,-4.2474312271424286e-10,-0.21877313737776144,-0.19725698492867272
22,22,w22,9.264845646142416e10,0.0,9,1.0,0.4999999999986921,-1.034431969684886e-9,-0.37079598115269075,-0.4847848597598582
22,22,w22,9.264845646142416e10,0.0,10,1.0,0.7499999999993406,3.393149455152929e-10,-0.36617628001455166,-0.834344829178452
22,22,w22,9.264845646142416e10,0.0,11,0.7500000000003471,1.0,1.1376596725233905e-9,0.31868974102375086,-0.2658299768690549
22,22,w22,9.264845646142416e10,0.0,12,0.5000000000020595,1.0,2.218967851218891e-9,0.6400800971803777,0.7198384072540843
22,22,w22,9.264845646142416e10,0.0,13,0.2500000000010405,1.0,2.1161070131854644e-9,0.1766256894316624,0.12892974221077244
22,22,w22,9.264845646142416e10,0.0,14,0.0,0.7500000000003471,-9.675298727830294e-10,0.247999908099468,0.2702823067245652
22,22,w22,9.264845646142416e10,0.0,15,0.0,0.5000000000020595,-1.354408704681937e-9,0.3690562658095114,0.4979545494429779
22,22,w22,9.264845646142416e10,0.0,16,0.0,0.2500000000010405,4.981474824776119e-11,0.37428315107543625,0.781573927151231
22,22,w22,9.264845646142416e10,0.0,17,0.2499999999998184,0.2500000000006332,0.07071431013472468,0.2376417275852487,0.4455510806250757
22,22,w22,9.264845646142416e10,0.0,18,0.2500000000002257,0.5000000000012177,0.07526458554369889,0.3382675015581856,0.3993216727685507
22,22,w22,9.264845646142416e10,0.0,19,0.2500000000006332,0.7500000000000954,0.03696074083957215,0.27261645536741347,0.2444373068288409
22,22,w22,9.264845646142416e10,0.0,20,0.4999999999995339,0.2500000000002257,-0.012241722311751687,-0.2968186748071117,-0.42551766390061174
22,22,w22,9.264845646142416e10,0.0,21,0.5000000000003757,0.5000000000003757,-0.009670974029783607,0.02254251204364899,0.03885294390088604
22,22,w22,9.264845646142416e10,0.0,22,0.5000000000012177,0.749999999999844,-0.0030074962706564752,0.35573225866010144,0.513779622127571
22,22,w22,9.264845646142416e10,0.0,23,0.7499999999995922,0.2499999999998184,0.043645566349248224,-0.22856555249222366,-0.20064929864953204
22,22,w22,9.264845646142416e10,0.0,24,0.749999999999844,0.4999999999995339,0.08071133406566465,-0.2840920338713337,-0.32853648353465276
22,22,w22,9.264845646142416e10,0.0,25,0.7500000000000953,0.7499999999995921,0.073686175729829,-0.14961360195643494,-0.34167120858942285
23,23,w23,1.016154009417811e11,0.0,1,0.0,0.0,1.60324947602083e-9,-0.1911704999193874,-0.255836520984731
23,23,w23,1.016154009417811e11,0.0,2,1.0,0.0,8.530991876338381e-10,0.9576026613305488,0.8928140264950947
23,23,w23,1.016154009417811e11,0.0,3,1.0,1.0,1.9119480694161855e-9,0.13616689244499922,0.44872710279822675
23,23,w23,1.016154009417811e11,0.0,4,0.0,1.0,7.209669191437049e-10,-1.0,-0.9454374544564339
23,23,w23,1.016154009417811e11,0.0,5,0.2499999999994109,0.0,2.429013370456089e-9,-0.26199070061463925,-0.6098289852070437
23,23,w23,1.016154009417811e11,0.0,6,0.4999999999986921,0.0,-4.903963202372481e-9,0.029892561846420803,-0.5094985265759195
23,23,w23,1.016154009417811e11,0.0,7,0.7499999999993406,0.0,-7.563535968971939e-9,0.6857880512509035,0.3535035041306003
23,23,w23,1.016154009417811e11,0.0,8,1.0,0.2499999999994109,4.1177179846991144e-9,0.686930483948175,0.8552905965276778
23,23,w23,1.016154009417811e11,0.0,9,1.0,0.4999999999986921,2.2755077860515803e-9,0.42179669703071293,0.673193481838539
23,23,w23,1.016154009417811e11,0.0,10,1.0,0.7499999999993406,1.2480484978929513e-9,0.1937166850433613,0.5017267665601001
23,23,w23,1.016154009417811e11,0.0,11,0.7500000000003471,1.0,1.754895627818704e-9,0.14449361091462104,0.6886810719555818
23,23,w23,1.016154009417811e11,0.0,12,0.5000000000020595,1.0,-4.8765083769008474e-9,-0.2932529391485529,0.32252034556933373
23,23,w23,1.016154009417811e11,0.0,13,0.2500000000010405,1.0,-6.993967768477463e-9,-0.9220732777635443,-0.6867251524484729
23,23,w23,1.016154009417811e11,0.0,14,0.0,0.7500000000003471,4.124202208932885e-9,-0.6890332418839963,-0.8561500490061646
23,23,w23,1.016154009417811e11,0.0,15,0.0,0.5000000000020595,1.8752776950532852e-9,-0.38656696047824224,-0.6032346961994766
23,23,w23,1.016154009417811e11,0.0,16,0.0,0.2500000000010405,1.424049307764591e-9,-0.16738343070869235,-0.34947317447147797
23,23,w23,1.016154009417811e11,0.0,17,0.2499999999998184,0.2500000000006332,-0.07203171694192265,-0.2779132734760706,-0.6007070398882737
23,23,w23,1.016154009417811e11,0.0,18,0.2500000000002257,0.5000000000012177,-0.11781692930385486,-0.3412393811458392,-0.5379077392648569
23,23,w23,1.016154009417811e11,0.0,19,0.2500000000006332,0.7500000000000954,-0.1025620856458585,-0.5150887676042448,-0.5734720104018177
23,23,w23,1.016154009417811e11,0.0,20,0.4999999999995339,0.2500000000002257,-0.22127064088811563,-0.14762012740860533,-0.4324650537711544
23,23,w23,1.016154009417811e11,0.0,21,0.5000000000003757,0.5000000000003757,-0.30273773894813544,-0.06403874154254448,-0.061051805487275956
23,23,w23,1.016154009417811e11,0.0,22,0.5000000000012177,0.749999999999844,-0.2214987094486081,-0.0025497225931261523,0.289493961042474
23,23,w23,1.016154009417811e11,0.0,23,0.7499999999995922,0.2499999999998184,-0.13197833671434855,0.37515788151028495,0.3440474529926389
23,23,w23,1.016154009417811e11,0.0,24,0.749999999999844,0.4999999999995339,-0.15853265446502518,0.27978572141261215,0.45926978545089164
23,23,w23,1.016154009417811e11,0.0,25,0.7500000000000953,0.7499999999995921,-0.10110931583416816,0.24167721575040668,0.6450352142368981
24,24,w24,1.1873498888603758e11,0.0,1,0.0,0.0,3.78153605843957e-9,0.010277962132452377,0.9093587014734671
24,24,w24,1.1873498888603758e11,0.0,2,1.0,0.0,8.50526076812342e-9,-0.2081004411637135,-0.8226863118372527
24,24,w24,1.1873498888603758e11,0.0,3,1.0,1.0,5.98182906917285e-9,0.1346424335459308,-0.6453306659032414
24,24,w24,1.1873498888603758e11,0.0,4,0.0,1.0,5.996070854566665e-9,-0.1487137218040193,0.19130132049465307
24,24,w24,1.1873498888603758e11,0.0,5,0.2499999999994109,0.0,-1.7703931718358417e-8,-0.42181463059714935,-0.22109934665095657
24,24,w24,1.1873498888603758e11,0.0,6,0.4999999999986921,0.0,2.8323055245497113e-8,-0.4212595418417758,-1.0
24,24,w24,1.1873498888603758e11,0.0,7,0.7499999999993406,0.0,-2.8100269117882144e-8,0.17415128690555912,0.5756944228862635
24,24,w24,1.1873498888603758e11,0.0,8,1.0,0.2499999999994109,-6.241014940643074e-10,0.46625788587526323,-0.3007945396084936
24,24,w24,1.1873498888603758e11,0.0,9,1.0,0.4999999999986921,5.28353037120461e-9,0.48421460995470705,0.07499636527969432
24,24,w24,1.1873498888603758e11,0.0,10,1.0,0.7499999999993406,2.5068065798575984e-9,-0.04222105131971994,-0.24256120859071562
24,24,w24,1.1873498888603758e11,0.0,11,0.7500000000003471,1.0,-2.5748331910334035e-8,0.5859145047608849,0.6752044041099613
24,24,w24,1.1873498888603758e11,0.0,12,0.5000000000020595,1.0,3.005954048748107e-8,0.2819705322987469,0.9207319238069915
24,24,w24,1.1873498888603758e11,0.0,13,0.2500000000010405,1.0,-2.3343842526607606e-8,-0.4905277792317718,-0.6335398878726485
24,24,w24,1.1873498888603758e11,0.0,14,0.0,0.7500000000003471,1.4675543029291513e-9,-0.44011090498959765,-0.07908979354312176
24,24,w24,1.1873498888603758e11,0.0,15,0.0,0.5000000000020595,2.6861220440087404e-9,-0.2220133008413652,-0.04194996652911699
24,24,w24,1.1873498888603758e11,0.0,16,0.0,0.2500000000010405,9.291727811578254e-10,0.25845420894321686,0.5425319708644201
24,24,w24,1.1873498888603758e11,0.0,17,0.2499999999998184,0.2500000000006332,-0.39722797409584115,0.1395037573525322,0.08441245117145005
24,24,w24,1.1873498888603758e11,0.0,18,0.2500000000002257,0.5000000000012177,-0.579999174744882,0.2489839625997813,0.2088276250465008
24,24,w24,1.1873498888603758e11,0.0,19,0.2500000000006332,0.7500000000000954,-0.4194010420475442,-0.11759418266501696,-0.2153463382471399
24,24,w24,1.1873498888603758e11,0.0,20,0.4999999999995339,0.2500000000002257,0.4732652492511774,-0.33117196823740574,-0.8054309366706297
24,24,w24,1.1873498888603758e11,0.0,21,0.5000000000003757,0.5000000000003757,0.6846719219560893,0.04688327769588915,-0.05793532845919889
24,24,w24,1.1873498888603758e11,0.0,22,0.5000000000012177,0.749999999999844,0.4739898956117688,0.3478732745688012,0.6935662973517434
24,24,w24,1.1873498888603758e11,0.0,23,0.7499999999995922,0.2499999999998184,-0.6233596125343237,-0.023072740172998908,0.2841350578756134
24,24,w24,1.1873498888603758e11,0.0,24,0.749999999999844,0.4999999999995339,-0.9052229270963164,-0.294986464009327,0.004463167785778881
24,24,w24,1.1873498888603758e11,0.0,25,0.7500000000000953,0.7499999999995921,-0.6419413252717492,-0.03301876807658114,0.3109671171081961
25,25,w25,1.2009098142986394e11,0.0,1,0.0,0.0,-4.99301163791569e-9,0.2748161429721236,0.4768901579992589
25,25,w25,1.2009098142986394e11,0.0,2,1.0,0.0,3.0222519294315637e-9,-0.6591489506371291,-1.0
25,25,w25,1.2009098142986394e11,0.0,3,1.0,1.0,4.075425208562969e-9,0.14951312076181691,0.434864514053491
25,25,w25,1.2009098142986394e11,0.0,4,0.0,1.0,-3.937627509605819e-9,-0.46079419522157955,-0.7945911635349633
25,25,w25,1.2009098142986394e11,0.0,5,0.2499999999994109,0.0,1.232205076279524e-8,0.17243827041349827,0.2932178796447076
25,25,w25,1.2009098142986394e11,0.0,6,0.4999999999986921,0.0,-4.968847917221166e-10,-0.08271921214246093,0.49467124250729194
25,25,w25,1.2009098142986394e11,0.0,7,0.7499999999993406,0.0,-6.085640126320141e-9,-0.5744570437999577,-0.36342239926051745
25,25,w25,1.2009098142986394e11,0.0,8,1.0,0.2499999999994109,-2.682814311153364e-9,-0.15576337047047084,-0.7388397957748237
25,25,w25,1.2009098142986394e11,0.0,9,1.0,0.4999999999986921,2.0148331767172256e-9,0.2516423828318891,-0.17405347060175216
25,25,w25,1.2009098142986394e11,0.0,10,1.0,0.7499999999993406,9.395091668532069e-10,0.3252053237941328,0.3188959334875725
25,25,w25,1.2009098142986394e11,0.0,11,0.7500000000003471,1.0,-9.410727827667947e-9,0.013649097097441967,0.17893104542550264
25,25,w25,1.2009098142986394e11,0.0,12,0.5000000000020595,1.0,-1.6671946569061625e-9,-0.12938638194621943,0.23418384877206513
25,25,w25,1.2009098142986394e11,0.0,13,0.2500000000010405,1.0,1.1689774027711399e-8,-0.44305322909929135,-0.3887133857654021
25,25,w25,1.2009098142986394e11,0.0,14,0.0,0.7500000000003471,8.599485820310341e-10,0.026970183487508907,-0.5312009712603839
25,25,w25,1.2009098142986394e11,0.0,15,0.0,0.5000000000020595,-3.74250198564111e-9,0.4073605798741357,-0.024467539948502284
25,25,w25,1.2009098142986394e11,0.0,16,0.0,0.2500000000010405,-1.9073904647769283e-9,0.44867997079152366,0.3889039582998219
25,25,w25,1.2009098142986394e11,0.0,17,0.2499999999998184,0.2500000000006332,0.4204491136964613,0.2610295303550361,0.2228683063804588
25,25,w25,1.2009098142986394e11,0.0,18,0.2500000000002257,0.5000000000012177,0.5893631876959973,0.2220901347890017,0.010101193481473114
25,25,w25,1.2009098142986394e11,0.0,19,0.2500000000006332,0.7500000000000954,0.4096855219897224,-0.03344218198061527,-0.244547193524534
25,25,w25,1.2009098142986394e11,0.0,20,0.4999999999995339,0.2500000000002257,0.040652196325154245,-0.024585528966299893,0.3622559337319045
25,25,w25,1.2009098142986394e11,0.0,21,0.5000000000003757,0.5000000000003757,-0.0014311211602855572,-0.11359053175947077,0.16082035235316944
25,25,w25,1.2009098142986394e11,0.0,22,0.5000000000012177,0.749999999999844,-0.038994731073077556,-0.06818040732619117,0.15570598665362054
25,25,w25,1.2009098142986394e11,0.0,23,0.7499999999995922,0.2499999999998184,-0.3002861408725831,-0.14379084716199,-0.17344762483900703
25,25,w25,1.2009098142986394e11,0.0,24,0.749999999999844,0.4999999999995339,-0.44528447958785566,0.0889500526622967,0.060610253723487106
25,25,w25,1.2009098142986394e11,0.0,25,0.7500000000000953,0.7499999999995921,-0.32515497338778077,0.12145270001173936,0.18965419996157526
26,26,w26,1.4020833055383203e11,0.0,1,0.0,0.0,2.3343139281299526e-9,0.29405756911457825,1.0
26,26,w26,1.4020833055383203e11,0.0,2,1.0,0.0,4.835924464244206e-11,0.4611476085401876,0.5781738990637354
26,26,w26,1.4020833055383203e11,0.0,3,1.0,1.0,-4.570346384859191e-10,0.18075832472755912,0.7581592867685814
26,26,w26,1.4020833055383203e11,0.0,4,0.0,1.0,-3.535781393131432e-10,0.7190141264849594,0.8365719261747961
26,26,w26,1.4020833055383203e11,0.0,5,0.2499999999994109,0.0,-1.0240659405708725e-8,-0.4852476172233067,-0.6864994422019366
26,26,w26,1.4020833055383203e11,0.0,6,0.4999999999986921,0.0,1.18783601281377e-8,0.42143801219037624,0.5778123030719542
26,26,w26,1.4020833055383203e11,0.0,7,0.7499999999993406,0.0,-5.4074062942129374e-9,-0.5107731307546348,-0.6917449628220312
26,26,w26,1.4020833055383203e11,0.0,8,1.0,0.2499999999994109,2.38251122329031e-9,-0.2859669522401796,-0.07242588583241558
26,26,w26,1.4020833055383203e11,0.0,9,1.0,0.4999999999986921,-7.545384603151626e-10,-0.39875271156041164,-0.504969243476991
26,26,w26,1.4020833055383203e11,0.0,10,1.0,0.7499999999993406,-3.4960200847590406e-9,0.228132576419605,0.19139871722061375
26,26,w26,1.4020833055383203e11,0.0,11,0.7500000000003471,1.0,8.452882633915621e-9,-0.4126231931642824,-0.5402082732143985
26,26,w26,1.4020833055383203e11,0.0,12,0.5000000000020595,1.0,-9.555886325763278e-9,0.2769738907837139,0.48861163633281707
26,26,w26,1.4020833055383203e11,0.0,13,0.2500000000010405,1.0,5.16793858206713e-9,-0.5942371259667669,-0.9481357499850512
26,26,w26,1.4020833055383203e11,0.0,14,0.0,0.7500000000003471,-1.3965415540269606e-9,-0.42636528202081203,-0.2158832693540739
26,26,w26,1.4020833055383203e11,0.0,15,0.0,0.5000000000020595,-1.1425504787340352e-9,-0.5493571621283829,-0.8348663729860353
26,26,w26,1.4020833055383203e11,0.0,16,0.0,0.2500000000010405,2.539850417730435e-9,0.37011063364045993,0.24774079616650627
26,26,w26,1.4020833055383203e11,0.0,17,0.2499999999998184,0.2500000000006332,-0.20731020825840152,0.19989336469164992,0.10660869904497318
26,26,w26,1.4020833055383203e11,0.0,18,0.2500000000002257,0.5000000000012177,-0.046473059876816054,0.547877357817212,0.818653248050363
26,26,w26,1.4020833055383203e11,0.0,19,0.2500000000006332,0.7500000000000954,0.1334907903411897,-0.18115285766131084,-0.11828764574401457
26,26,w26,1.4020833055383203e11,0.0,20,0.4999999999995339,0.2500000000002257,0.24115888878492694,0.0583964809016268,-0.022101249261297994
26,26,w26,1.4020833055383203e11,0.0,21,0.5000000000003757,0.5000000000003757,0.03177070406928896,-0.3592069768614754,-0.6459787748255227
26,26,w26,1.4020833055383203e11,0.0,22,0.5000000000012177,0.749999999999844,-0.18535447637483143,-0.02311647718815754,-0.07236729275322533
26,26,w26,1.4020833055383203e11,0.0,23,0.7499999999995922,0.2499999999998184,-0.08900810441630654,-0.1500750353757712,-0.07572469846019204
26,26,w26,1.4020833055383203e11,0.0,24,0.749999999999844,0.4999999999995339,0.08551661746665988,0.4336077315662993,0.6300319485948949
26,26,w26,1.4020833055383203e11,0.0,25,0.7500000000000953,0.7499999999995921,0.19720722584599001,0.1493899110290869,0.07871155596869948
27,27,w27,1.5030993008566638e11,0.0,1,0.0,0.0,6.305719595326662e-10,-0.3375085435581902,-0.6990916872058253
27,27,w27,1.5030993008566638e11,0.0,2,1.0,0.0,1.5315456690434993e-9,0.7759233016571174,0.6024499386879507
27,27,w27,1.5030993008566638e11,0.0,3,1.0,1.0,9.687671037688961e-10,0.24722472568921214,0.5579227657603055
27,27,w27,1.5030993008566638e11,0.0,4,0.0,1.0,1.0947263275070931e-9,-0.7462863319138202,-0.6223429686725702
27,27,w27,1.5030993008566638e11,0.0,5,0.2499999999994109,0.0,-3.833644160693786e-9,0.34809949225832176,0.6138827530516145
27,27,w27,1.5030993008566638e11,0.0,6,0.4999999999986921,0.0,7.284715856615055e-9,-0.2888201683684892,-0.3395224897856988
27,27,w27,1.5030993008566638e11,0.0,7,0.7499999999993406,0.0,-1.1531039707874318e-8,-0.4094866773842234,-0.7023239939993952
27,27,w27,1.5030993008566638e11,0.0,8,1.0,0.2499999999994109,5.9532895369021005e-9,-0.1845834842365784,-0.24656178776704948
27,27,w27,1.5030993008566638e11,0.0,9,1.0,0.4999999999986921,1.8163387418817072e-9,-0.5057477915088134,-0.9244043030428551
27,27,w27,1.5030993008566638e11,0.0,10,1.0,0.7499999999993406,-2.952785907759286e-9,0.19796107762907647,-0.08443755200571068
27,27,w27,1.5030993008566638e11,0.0,11,0.7500000000003471,1.0,-1.1458616021652926e-9,-0.3921490021007956,-0.6990111131820193
27,27,w27,1.5030993008566638e11,0.0,12,0.5000000000020595,1.0,2.414475472112219e-9,0.5050441665155172,0.6200546641627133
27,27,w27,1.5030993008566638e11,0.0,13,0.2500000000010405,1.0,-6.673485131180669e-9,0.3281633571394675,0.6447483204051603
27,27,w27,1.5030993008566638e11,0.0,14,0.0,0.7500000000003471,2.938627110848986e-9,0.31420524119330945,0.35090333176866256
27,27,w27,1.5030993008566638e11,0.0,15,0.0,0.5000000000020595,2.3018245759250737e-9,0.5467151689243942,1.0
27,27,w27,1.5030993008566638e11,0.0,16,0.0,0.2500000000010405,-7.980652411388797e-10,-0.31696407897787493,-0.014075192710486415
27,27,w27,1.5030993008566638e11,0.0,17,0.2499999999998184,0.2500000000006332,-0.03670134812283714,-0.17267195793187223,0.038841305807768546
27,27,w27,1.5030993008566638e11,0.0,18,0.2500000000002257,0.5000000000012177,-0.13860846142168423,-0.4132273986199028,-0.47228361806190977
27,27,w27,1.5030993008566638e11,0.0,19,0.2500000000006332,0.7500000000000954,-0.2107348086857191,0.17685108212172213,0.188437646195564
27,27,w27,1.5030993008566638e11,0.0,20,0.4999999999995339,0.2500000000002257,6.155324251728076e-5,-0.10410374268435961,-0.2183417373541689
27,27,w27,1.5030993008566638e11,0.0,21,0.5000000000003757,0.5000000000003757,-0.1133093889208216,-0.09262104617493225,-0.10822178836772804
27,27,w27,1.5030993008566638e11,0.0,22,0.5000000000012177,0.749999999999844,-0.087002690898184,0.10028073108491231,0.2473231527712658
27,27,w27,1.5030993008566638e11,0.0,23,0.7499999999995922,0.2499999999998184,-0.28086391654369197,-0.15363775783899758,-0.11425559492002958
27,27,w27,1.5030993008566638e11,0.0,24,0.749999999999844,0.4999999999995339,-0.1491674869460513,0.4846630048875996,0.646899730074117
27,27,w27,1.5030993008566638e11,0.0,25,0.7500000000000953,0.7499999999995921,0.014954264030040222,0.14159294583664264,0.0022297295192966185
28,28,w28,1.5785175183623108e11,0.0,1,0.0,0.0,4.7309135882203244e-9,-0.4784726952940354,-0.923020661508963
28,28,w28,1.5785175183623108e11,0.0,2,1.0,0.0,2.4701881679130246e-9,-0.26086359769459005,-0.46150480949970624
28,28,w28,1.5785175183623108e11,0.0,3,1.0,1.0,-5.572759138756811e-9,-0.44756177397564034,-1.0
28,28,w28,1.5785175183623108e11,0.0,4,0.0,1.0,-2.264602996946792e-9,-0.11276884241008693,-0.23021009654611949
28,28,w28,1.5785175183623108e11,0.0,5,0.2499999999994109,0.0,-1.2643851158427217e-8,0.009602014800072908,-0.1328931519876794
28,28,w28,1.5785175183623108e11,0.0,6,0.4999999999986921,0.0,1.2947722916206591e-8,0.41177870745893563,0.2286994910487652
28,28,w28,1.5785175183623108e11,0.0,7,0.7499999999993406,0.0,-1.0723595189188917e-8,0.3150428499852571,0.5596839592232357
28,28,w28,1.5785175183623108e11,0.0,8,1.0,0.2499999999994109,2.452425240728579e-9,0.4864744929058238,0.3032029227464416
28,28,w28,1.5785175183623108e11,0.0,9,1.0,0.4999999999986921,2.2266733040605808e-9,0.3827484727171412,0.6084700683171959
28,28,w28,1.5785175183623108e11,0.0,10,1.0,0.7499999999993406,-1.6862399237726362e-9,-0.46603585907195455,-0.424377877710091
28,28,w28,1.5785175183623108e11,0.0,11,0.7500000000003471,1.0,1.2316761008452077e-8,0.16124368367536965,-0.008121985192174257
28,28,w28,1.5785175183623108e11,0.0,12,0.5000000000020595,1.0,-1.5525036414540694e-8,0.3980059735690003,0.27362441086739736
28,28,w28,1.5785175183623108e11,0.0,13,0.2500000000010405,1.0,1.2529685222355076e-8,0.31416273357745583,0.45792595717385315
28,28,w28,1.5785175183623108e11,0.0,14,0.0,0.7500000000003471,-4.098240616542297e-9,0.4358870595598067,0.31407474195107704
28,28,w28,1.5785175183623108e11,0.0,15,0.0,0.5000000000020595,-8.34888849836054e-10,0.25716852275173496,0.4245434359734581
28,28,w28,1.5785175183623108e11,0.0,16,0.0,0.2500000000010405,3.6748442622325663e-9,-0.5135128929860758,-0.4637849245276337
28,28,w28,1.5785175183623108e11,0.0,17,0.2499999999998184,0.2500000000006332,-0.2493811617113726,-0.29185420587202776,-0.2066205958054889
28,28,w28,1.5785175183623108e11,0.0,18,0.2500000000002257,0.5000000000012177,0.011032159650545235,-0.15240899394514965,-0.1530387993743145
28,28,w28,1.5785175183623108e11,0.0,19,0.2500000000006332,0.7500000000000954,0.22316968915254679,0.21513566761599615,0.19122428434540956
28,28,w28,1.5785175183623108e11,0.0,20,0.4999999999995339,0.2500000000002257,0.2994146453814894,-0.017805595353213438,0.0017282350306129545
28,28,w28,1.5785175183623108e11,0.0,21,0.5000000000003757,0.5000000000003757,-0.02514012226117915,-0.34906508521817065,-0.1753734505346323
28,28,w28,1.5785175183623108e11,0.0,22,0.5000000000012177,0.749999999999844,-0.34796355975503673,-0.03839351287762114,0.06461844064931013
28,28,w28,1.5785175183623108e11,0.0,23,0.7499999999995922,0.2499999999998184,-0.22060704269516138,0.22758898963416424,0.21621107589041735
28,28,w28,1.5785175183623108e11,0.0,24,0.749999999999844,0.4999999999995339,-0.03777109359307627,-0.18778408739807034,-0.27781893119747175
28,28,w28,1.5785175183623108e11,0.0,25,0.7500000000000953,0.7499999999995921,0.23067868024798593,-0.23814952425750244,-0.22083666518942843
29,29,w29,1.7400191990956085e11,0.0,1,0.0,0.0,-1.599029224226453e-9,0.33060688489932705,0.32790161192088746
29,29,w29,1.7400191990956085e11,0.0,2,1.0,0.0,-1.0496713924625584e-9,0.14207102999793478,0.5805988655385494
29,29,w29,1.7400191990956085e11,0.0,3,1.0,1.0,1.5560322351844114e-9,0.3021752770107827,0.7559396712267719
29,29,w29,1.7400191990956085e11,0.0,4,0.0,1.0,-1.6121958227812253e-9,-0.583440338829024,-1.0
29,29,w29,1.7400191990956085e11,0.0,5,0.2499999999994109,0.0,3.3746016637649757e-9,0.15262547936762597,0.08770513531654647
29,29,w29,1.7400191990956085e11,0.0,6,0.4999999999986921,0.0,9.350167388383669e-9,-0.14911486253462403,-0.1397545328657564
29,29,w29,1.7400191990956085e11,0.0,7,0.7499999999993406,0.0,-3.9589112436589845e-10,0.09521370976663596,0.45388519748830036
29,29,w29,1.7400191990956085e11,0.0,8,1.0,0.2499999999994109,-1.6540741805406596e-9,-0.13533588126970267,0.44632131146649084
29,29,w29,1.7400191990956085e11,0.0,9,1.0,0.4999999999986921,-5.651788629602747e-9,-0.30512110856914504,0.16158220457187983
29,29,w29,1.7400191990956085e11,0.0,10,1.0,0.7499999999993406,-4.733554496860772e-9,0.1305008798361666,0.3835248566230598
29,29,w29,1.7400191990956085e11,0.0,11,0.7500000000003471,1.0,6.530161736100055e-9,-0.11244238852291148,0.14161273695391355
29,29,w29,1.7400191990956085e11,0.0,12,0.5000000000020595,1.0,2.5364082132876976e-9,-0.48132670113671794,-0.4815928145660997
29,29,w29,1.7400191990956085e11,0.0,13,0.2500000000010405,1.0,1.2012543176462094e-9,-0.492322203716741,-0.7094315030797296
29,29,w29,1.7400191990956085e11,0.0,14,0.0,0.7500000000003471,-7.572234733050808e-10,-0.21478843691796182,-0.756328083568993
29,29,w29,1.7400191990956085e11,0.0,15,0.0,0.5000000000020595,-3.889372512503926e-9,0.14337222149123488,-0.29919650214371407
29,29,w29,1.7400191990956085e11,0.0,16,0.0,0.2500000000010405,-3.205825463576072e-9,0.3621374390185424,0.14105090086889388
29,29,w29,1.7400191990956085e11,0.0,17,0.2499999999998184,0.2500000000006332,0.15355670776110486,0.294104211589545,0.017218618636878975
29,29,w29,1.7400191990956085e11,0.0,18,0.2500000000002257,0.5000000000012177,0.25072864460348,0.12260417057010152,-0.36589383118036806
29,29,w29,1.7400191990956085e11,0.0,19,0.2500000000006332,0.7500000000000954,0.21006837917037247,-0.19124146443968496,-0.6427856601381362
29,29,w29,1.7400191990956085e11,0.0,20,0.4999999999995339,0.2500000000002257,0.34668547740245914,0.008939574177641246,0.01853260822828188
29,29,w29,1.7400191990956085e11,0.0,21,0.5000000000003757,0.5000000000003757,0.3987344813209498,0.2633322694935574,0.1612232130666527
29,29,w29,1.7400191990956085e11,0.0,22,0.5000000000012177,0.749999999999844,0.2228594546829407,0.00916744740514806,-0.18052360633603062
29,29,w29,1.7400191990956085e11,0.0,23,0.7499999999995922,0.2499999999998184,0.1546948960099167,-0.17712083979953228,0.24269430019104943
29,29,w29,1.7400191990956085e11,0.0,24,0.749999999999844,0.4999999999995339,0.2949455307470335,-0.06291254607932027,0.20078150017394367
29,29,w29,1.7400191990956085e11,0.0,25,0.7500000000000953,0.7499999999995921,0.2315571064615978,0.1591372289454633,0.23864029734060946
30,30,w30,1.766366189032268e11,0.0,1,0.0,0.0,2.1245973604543663e-9,-0.47496005734082747,-1.0
30,30,w30,1.766366189032268e11,0.0,2,1.0,0.0,-1.684825753441722e-9,0.43248523332793415,0.8461773155437543
30,30,w30,1.766366189032268e11,0.0,3,1.0,1.0,-2.4731085511564336e-9,-0.4614773900264403,-0.6735753971253173
30,30,w30,1.766366189032268e11,0.0,4,0.0,1.0,-4.975098697649443e-10,-0.08318196647470509,-0.3729744986460737
30,30,w30,1.766366189032268e11,0.0,5,0.2499999999994109,0.0,5.264800445901361e-9,0.04653707554699885,-0.2592699012032259
30,30,w30,1.766366189032268e11,0.0,6,0.4999999999986921,0.0,-1.0577708383233981e-10,0.5205298577681728,0.5273401373724395
30,30,w30,1.766366189032268e11,0.0,7,0.7499999999993406,0.0,1.6420556068417248e-9,0.37185123141746507,0.5292053773097531
30,30,w30,1.766366189032268e11,0.0,8,1.0,0.2499999999994109,-4.99537172293082e-10,0.26614522228309184,0.7247106096409975
30,30,w30,1.766366189032268e11,0.0,9,1.0,0.4999999999986921,-2.1280120563917216e-9,0.048611325777017204,0.4028316887786159
30,30,w30,1.766366189032268e11,0.0,10,1.0,0.7499999999993406,-1.3023230566503028e-9,-0.3808190120865716,-0.2529072635020772
30,30,w30,1.766366189032268e11,0.0,11,0.7500000000003471,1.0,1.6439013353619003e-9,-0.033071451477294206,-0.08330291451971845
30,30,w30,1.766366189032268e11,0.0,12,0.5000000000020595,1.0,8.938332309717086e-9,0.33311342127249116,0.2627833097336979
30,30,w30,1.766366189032268e11,0.0,13,0.2500000000010405,1.0,-1.4007268873940975e-9,-0.07816078507769326,-0.3769707455433892
30,30,w30,1.766366189032268e11,0.0,14,0.0,0.7500000000003471,-1.2183648801560273e-9,0.14837530992320805,-0.27829684284265244
30,30,w30,1.766366189032268e11,0.0,15,0.0,0.5000000000020595,-4.790828324324476e-9,0.3013825985680872,-0.08265887090942291
30,30,w30,1.766366189032268e11,0.0,16,0.0,0.2500000000010405,-3.5126743809078242e-9,-0.2763011612720313,-0.5266769098613084
30,30,w30,1.766366189032268e11,0.0,17,0.2499999999998184,0.2500000000006332,0.20198928690462484,-0.28904973220849983,-0.4148584046092326
30,30,w30,1.766366189032268e11,0.0,18,0.2500000000002257,0.5000000000012177,0.22891012501882466,0.021259954937494344,-0.2422916466600592
30,30,w30,1.766366189032268e11,0.0,19,0.2500000000006332,0.7500000000000954,0.08117674551425604,0.20300355683956856,-0.15982308603602366
30,30,w30,1.766366189032268e11,0.0,20,0.4999999999995339,0.2500000000002257,0.13905386765685862,-0.04783557420696599,0.04816012726737082
30,30,w30,1.766366189032268e11,0.0,21,0.5000000000003757,0.5000000000003757,0.30387700403955964,-0.4273547854446866,-0.4655165437096844
30,30,w30,1.766366189032268e11,0.0,22,0.5000000000012177,0.749999999999844,0.29453372366203434,-0.010906182219247076,-0.1271706669667117
30,30,w30,1.766366189032268e11,0.0,23,0.7499999999995922,0.2499999999998184,0.18372619892613354,0.22634405018703485,0.5221602737270117
30,30,w30,1.766366189032268e11,0.0,24,0.749999999999844,0.4999999999995339,0.1882169720669081,-0.11969143872663769,0.22450750816145312
30,30,w30,1.766366189032268e11,0.0,25,0.7500000000000953,0.7499999999995921,0.10562891325674169,-0.32794897669951356,-0.1438387251923621
31,31,w31,1.938866257006486e11,0.0,1,0.0,0.0,-1.867575467224716e-9,-0.5690319412581333,-0.5613634458183845
31,31,w31,1.938866257006486e11,0.0,2,1.0,0.0,-7.853575091366169e-10,-0.029267467275504,0.3888742272182662
31,31,w31,1.938866257006486e11,0.0,3,1.0,1.0,-5.909423848919241e-10,0.5006620586713659,0.560612918123944
31,31,w31,1.938866257006486e11,0.0,4,0.0,1.0,-4.6005670335742575e-10,-0.12046477905400223,-0.31776469639172683
31,31,w31,1.938866257006486e11,0.0,5,0.2499999999994109,0.0,-3.82817176040492e-9,0.3429750827053374,0.5580591474204636
31,31,w31,1.938866257006486e11,0.0,6,0.4999999999986921,0.0,-1.6045892779511324e-8,-0.6591021639552139,-0.9831563041854317
31,31,w31,1.938866257006486e11,0.0,7,0.7499999999993406,0.0,2.5340529707182117e-8,0.5725803662117281,0.3649823364672823
31,31,w31,1.938866257006486e11,0.0,8,1.0,0.2499999999994109,-2.3347462590378985e-8,-0.07554128590943725,0.05800834635583151
31,31,w31,1.938866257006486e11,0.0,9,1.0,0.4999999999986921,1.350230350959426e-8,-0.19128423117412896,-0.42073942057178154
31,31,w31,1.938866257006486e11,0.0,10,1.0,0.7499999999993406,6.2573784388321205e-9,0.04963737676302861,-0.24721991147632028
31,31,w31,1.938866257006486e11,0.0,11,0.7500000000003471,1.0,-3.9890364663579965e-9,-0.2955150494998082,-0.3957624536554954
31,31,w31,1.938866257006486e11,0.0,12,0.5000000000020595,1.0,-1.6501179336282712e-8,0.6910733867483677,1.0
31,31,w31,1.938866257006486e11,0.0,13,0.2500000000010405,1.0,2.4882716504134615e-8,-0.685604069144431,-0.6019983382473747
31,31,w31,1.938866257006486e11,0.0,14,0.0,0.7500000000003471,-2.301951209675348e-8,-0.04155516993393536,-0.2361147849612429
31,31,w31,1.938866257006486e11,0.0,15,0.0,0.5000000000020595,1.3077980787160178e-8,0.4019004844835266,0.5457836825877943
31,31,w31,1.938866257006486e11,0.0,16,0.0,0.2500000000010405,7.374278699633512e-9,-0.006959255217092275,0.37022756583946187
31,31,w31,1.938866257006486e11,0.0,17,0.2499999999998184,0.2500000000006332,-0.3382606140021942,-0.40737016846207946,-0.3235126938229724
31,31,w31,1.938866257006486e11,0.0,18,0.2500000000002257,0.5000000000012177,-0.3497048174318865,0.12650832990120467,0.1149146433796447
31,31,w31,1.938866257006486e11,0.0,19,0.2500000000006332,0.7500000000000954,0.6880851363355427,0.4086616888299034,0.28559711100883933
31,31,w31,1.938866257006486e11,0.0,20,0.4999999999995339,0.2500000000002257,-0.33932487930567445,0.4860382274225019,0.291874848716206
31,31,w31,1.938866257006486e11,0.0,21,0.5000000000003757,0.5000000000003757,0.3959228521352843,-0.04371163983512634,-0.025720002590800206
31,31,w31,1.938866257006486e11,0.0,22,0.5000000000012177,0.749999999999844,-0.34913501373157946,-0.4926417151944468,-0.2842257058559565
31,31,w31,1.938866257006486e11,0.0,23,0.7499999999995922,0.2499999999998184,0.7116177870958887,-0.39688825230522756,-0.41573860005145113
31,31,w31,1.938866257006486e11,0.0,24,0.749999999999844,0.4999999999995339,-0.3414551972921031,-0.10773310532244271,-0.07978113726523595
31,31,w31,1.938866257006486e11,0.0,25,0.7500000000000953,0.7499999999995921,-0.33873198187553627,0.43213970822839803,0.48467975403794433
32,32,w32,1.9591074652442084e11,0.0,1,0.0,0.0,-2.6179353290669372e-9,0.00570686525821655,-0.1642403655889898
32,32,w32,1.9591074652442084e11,0.0,2,1.0,0.0,9.70923701133425e-10,-0.5596372362868626,-0.9386079261425561
32,32,w32,1.9591074652442084e11,0.0,3,1.0,1.0,-2.376554801037489e-9,0.07857390447604541,0.18996637097214641
32,32,w32,1.9591074652442084e11,0.0,4,0.0,1.0,6.264973988975099e-10,0.7779802807958927,1.0
32,32,w32,1.9591074652442084e11,0.0,5,0.2499999999994109,0.0,2.42152363266708e-8,0.36720430570157747,0.3264285724657718
32,32,w32,1.9591074652442084e11,0.0,6,0.4999999999986921,0.0,-9.990321698233804e-9,-0.19625751931784768,0.19423552437439995
32,32,w32,1.9591074652442084e11,0.0,7,0.7499999999993406,0.0,-8.379858651914051e-9,0.03308335795776554,0.10729997264461305
32,32,w32,1.9591074652442084e11,0.0,8,1.0,0.2499999999994109,7.386198096911165e-9,0.4118272160286867,0.0857690720288801
32,32,w32,1.9591074652442084e11,0.0,9,1.0,0.4999999999986921,9.269208966222706e-9,0.09860021336661569,0.4259977909362736
32,32,w32,1.9591074652442084e11,0.0,10,1.0,0.7499999999993406,-2.0959533204411163e-8,-0.407427109446721,-0.23793861617397408
32,32,w32,1.9591074652442084e11,0.0,11,0.7500000000003471,1.0,2.3627156669371612e-8,-0.3607545890551738,-0.4206197246676305
32,32,w32,1.9591074652442084e11,0.0,12,0.5000000000020595,1.0,-9.502665912267463e-9,0.05753874152218673,-0.20880107600931166
32,32,w32,1.9591074652442084e11,0.0,13,0.2500000000010405,1.0,-8.034493685961362e-9,0.038239169759401566,-0.021852928096665274
32,32,w32,1.9591074652442084e11,0.0,14,0.0,0.7500000000003471,7.40236282216439e-9,-0.44286197902830277,-0.12834381792096414
32,32,w32,1.9591074652442084e11,0.0,15,0.0,0.5000000000020595,9.006183853965972e-9,-0.24498738731602646,-0.4476129562419086
32,32,w32,1.9591074652442084e11,0.0,16,0.0,0.2500000000010405,-2.06424042936177e-8,0.41078714793764864,0.1799530225488292
32,32,w32,1.9591074652442084e11,0.0,17,0.2499999999998184,0.2500000000006332,0.6867129007378049,-0.13445970190742124,-0.24123714098092433
32,32,w32,1.9591074652442084e11,0.0,18,0.2500000000002257,0.5000000000012177,-0.16573587751386834,-0.02781921642755465,0.037167279363379734
32,32,w32,1.9591074652442084e11,0.0,19,0.2500000000006332,0.7500000000000954,-0.40411263682428394,0.025201735990432208,0.24458285402412702
32,32,w32,1.9591074652442084e11,0.0,20,0.4999999999995339,0.2500000000002257,-0.16368901701259786,0.04160467791950621,0.2487034230182562
32,32,w32,1.9591074652442084e11,0.0,21,0.5000000000003757,0.5000000000003757,0.23271471941296598,0.08528878551219132,0.028951686274413253
32,32,w32,1.9591074652442084e11,0.0,22,0.5000000000012177,0.749999999999844,-0.1538234038545941,-0.04686785799346022,-0.21990991777266852
32,32,w32,1.9591074652442084e11,0.0,23,0.7499999999995922,0.2499999999998184,-0.4284275551247417,-0.024188824041812402,-0.0811316888708341
32,32,w32,1.9591074652442084e11,0.0,24,0.749999999999844,0.4999999999995339,-0.16765338029596935,0.0030134283525117826,-0.03826484299884304
32,32,w32,1.9591074652442084e11,0.0,25,0.7500000000000953,0.7499999999995921,0.6873892762991379,0.1643857241406717,0.06633551650973243
33,33,w33,2.0629395225789453e11,0.0,1,0.0,0.0,1.3744088011593927e-9,0.3697863514176613,0.3467682395978622
33,33,w33,2.0629395225789453e11,0.0,2,1.0,0.0,-5.900858802258741e-10,0.6695784325471195,0.9083529512179859
33,33,w33,2.0629395225789453e11,0.0,3,1.0,1.0,6.413414863999564e-10,-0.2685597114093626,-0.2632296018790608
33,33,w33,2.0629395225789453e11,0.0,4,0.0,1.0,-3.0769607964390913e-10,-0.8428007886437272,-1.0
33,33,w33,2.0629395225789453e11,0.0,5,0.2499999999994109,0.0,6.266256872078178e-9,-0.27483077275724493,-0.3678684036176241
33,33,w33,2.0629395225789453e11,0.0,6,0.4999999999986921,0.0,-7.466821006809769e-9,0.2802439172752727,0.38822980155805287
33,33,w33,2.0629395225789453e11,0.0,7,0.7499999999993406,0.0,5.517828217912443e-9,-0.3757418311378428,-0.4978377448855207
33,33,w33,2.0629395225789453e11,0.0,8,1.0,0.2499999999994109,-5.566029753630142e-9,-0.4474846691746091,-0.3670294515970304
33,33,w33,2.0629395225789453e11,0.0,9,1.0,0.4999999999986921,8.166690890023486e-9,0.20920890831203512,0.20844970565137175
33,33,w33,2.0629395225789453e11,0.0,10,1.0,0.7499999999993406,-7.27057444321633e-9,0.07847633822005388,0.20689916692782243
33,33,w33,2.0629395225789453e11,0.0,11,0.7500000000003471,1.0,6.495299782544508e-9,0.19481003436053695,0.23833559730012194
33,33,w33,2.0629395225789453e11,0.0,12,0.5000000000020595,1.0,-7.026472499378528e-9,-0.247926310018183,-0.3127637731321853
33,33,w33,2.0629395225789453e11,0.0,13,0.2500000000010405,1.0,4.986329997141003e-9,0.4755542962671033,0.5303587097635855
33,33,w33,2.0629395225789453e11,0.0,14,0.0,0.7500000000003471,-5.623088344497681e-9,0.6450034080147683,0.5080039123382387
33,33,w33,2.0629395225789453e11,0.0,15,0.0,0.5000000000020595,8.28069912128023e-9,-0.29039110945998536,-0.2442403831554184
33,33,w33,2.0629395225789453e11,0.0,16,0.0,0.2500000000010405,-7.878088830999366e-9,-0.14869906881904013,-0.3072736828990158
33,33,w33,2.0629395225789453e11,0.0,17,0.2499999999998184,0.2500000000006332,0.173615063139653,0.2028828256935359,0.18463708662245484
33,33,w33,2.0629395225789453e11,0.0,18,0.2500000000002257,0.5000000000012177,-0.18228806835385378,0.0010051940967020852,-0.012944919194142288
33,33,w33,2.0629395225789453e11,0.0,19,0.2500000000006332,0.7500000000000954,0.19164674531416842,-0.3803698376767011,-0.5642615689229795
33,33,w33,2.0629395225789453e11,0.0,20,0.4999999999995339,0.2500000000002257,-0.1903454098293616,-0.18950433833996394,-0.26313831838982055
33,33,w33,2.0629395225789453e11,0.0,21,0.5000000000003757,0.5000000000003757,0.3945057049429897,-0.03954098639984715,-0.0738003560941897
33,33,w33,2.0629395225789453e11,0.0,22,0.5000000000012177,0.749999999999844,-0.1816563834850007,0.20478472643562717,0.29526873686462884
33,33,w33,2.0629395225789453e11,0.0,23,0.7499999999995922,0.2499999999998184,0.2062593023197948,0.30737077962185755,0.45632298268039495
33,33,w33,2.0629395225789453e11,0.0,24,0.749999999999844,0.4999999999995339,-0.19522280716262524,0.02373592344856504,0.07443108831372817
33,33,w33,2.0629395225789453e11,0.0,25,0.7500000000000953,0.7499999999995921,0.17694603070684994,-0.17140824804407412,-0.19756830676638565
34,34,w34,2.1237818494885706e11,0.0,1,0.0,0.0,-3.277529721130543e-9,-0.04393180177667425,0.12197099407992545
34,34,w34,2.1237818494885706e11,0.0,2,1.0,0.0,4.597306262086683e-11,-0.24519494284997395,-0.20670898194540183
34,34,w34,2.1237818494885706e11,0.0,3,1.0,1.0,3.276036359789429e-9,-0.047910216411689896,0.0931531898778284
34,34,w34,2.1237818494885706e11,0.0,4,0.0,1.0,1.931297870815244e-10,-0.2595198936292365,-0.09810652398581778
34,34,w34,2.1237818494885706e11,0.0,5,0.2499999999994109,0.0,-3.1310577126149165e-9,0.7014113259953834,0.9149723823902233
34,34,w34,2.1237818494885706e11,0.0,6,0.4999999999986921,0.0,6.873678200639916e-9,-0.2314813018111436,-0.12992821634064056
34,34,w34,2.1237818494885706e11,0.0,7,0.7499999999993406,0.0,1.6145119335584803e-9,-1.0,-0.9141654731433064
34,34,w34,2.1237818494885706e11,0.0,8,1.0,0.2499999999994109,-2.2539220710970023e-9,-0.9034512469109955,-0.886349477244118
34,34,w34,2.1237818494885706e11,0.0,9,1.0,0.4999999999986921,-5.399696055559162e-9,0.4073616349692515,0.3103972456602807
34,34,w34,2.1237818494885706e11,0.0,10,1.0,0.7499999999993406,2.5998928082485502e-9,0.7082171255987991,0.8698943497053229
34,34,w34,2.1237818494885706e11,0.0,11,0.7500000000003471,1.0,2.499515002200449e-9,0.7095245064286986,0.8898951995749322
34,34,w34,2.1237818494885706e11,0.0,12,0.5000000000020595,1.0,-6.619614271487651e-9,-0.38527913777394185,-0.25380158266175423
34,34,w34,2.1237818494885706e11,0.0,13,0.2500000000010405,1.0,-1.7245543017652112e-9,-0.9590700369881741,-0.7601075128377649
34,34,w34,2.1237818494885706e11,0.0,14,0.0,0.7500000000003471,2.8693255399559527e-9,-0.841904117744585,-0.68862194305051
34,34,w34,2.1237818494885706e11,0.0,15,0.0,0.5000000000020595,4.830085498862849e-9,0.4931136964294435,0.47201669465962137
34,34,w34,2.1237818494885706e11,0.0,16,0.0,0.2500000000010405,-2.3957739822066414e-9,0.7143994849689081,0.8899811171638086
34,34,w34,2.1237818494885706e11,0.0,17,0.2499999999998184,0.2500000000006332,-0.011707819778356545,0.122787639959697,0.15849790271374736
34,34,w34,2.1237818494885706e11,0.0,18,0.2500000000002257,0.5000000000012177,-0.11838870967947518,0.13075651867411828,0.030998366975121483
34,34,w34,2.1237818494885706e11,0.0,19,0.2500000000006332,0.7500000000000954,-0.05114569904330062,-0.06211546674888787,-0.025219426960991033
34,34,w34,2.1237818494885706e11,0.0,20,0.4999999999995339,0.2500000000002257,0.06834434183101704,0.10194503731537594,-0.056950729450002686
34,34,w34,2.1237818494885706e11,0.0,21,0.5000000000003757,0.5000000000003757,-0.016664616602031352,0.0020315569741260345,-0.13545722616169914
34,34,w34,2.1237818494885706e11,0.0,22,0.5000000000012177,0.749999999999844,-0.1258517087014415,0.09753159983463974,0.005003766634121523
34,34,w34,2.1237818494885706e11,0.0,23,0.7499999999995922,0.2499999999998184,0.02332677833610085,-0.022331654765975706,-0.09281967841875478
34,34,w34,2.1237818494885706e11,0.0,24,0.749999999999844,0.4999999999995339,0.0632028248581094,0.11768122136313676,-0.08973409892585775
34,34,w34,2.1237818494885706e11,0.0,25,0.7500000000000953,0.7499999999995921,0.00716903124930744,0.010340984842626563,-0.002351963874356741
35,35,w35,2.2331400957902728e11,0.0,1,0.0,0.0,7.705925908630404e-10,0.909526990406432,1.0
35,35,w35,2.2331400957902728e11,0.0,2,1.0,0.0,-2.3020977294310821e-10,-0.8491819030353657,-0.662421155266764
35,35,w35,2.2331400957902728e11,0.0,3,1.0,1.0,-6.94952091342394e-10,0.8177281952692242,0.8960180696747334
35,35,w35,2.2331400957902728e11,0.0,4,0.0,1.0,3.464104144388949e-10,-0.8090752309733829,-0.48988645419735716
35,35,w35,2.2331400957902728e11,0.0,5,0.2499999999994109,0.0,-4.884150889271735e-9,-0.11524954200902723,-0.007822169638868913
35,35,w35,2.2331400957902728e11,0.0,6,0.4999999999986921,0.0,2.3014148628902596e-9,0.5222255696422055,0.6281904517073649
35,35,w35,2.2331400957902728e11,0.0,7,0.7499999999993406,0.0,9.1013461618194e-9,-0.8518193913744038,-0.7795892407922819
35,35,w35,2.2331400957902728e11,0.0,8,1.0,0.2499999999994109,-1.013289302432789e-8,-0.518964718312604,-0.5652111845250166
35,35,w35,2.2331400957902728e11,0.0,9,1.0,0.4999999999986921,8.510463868137558e-10,0.7549193021160719,0.7477236970372512
35,35,w35,2.2331400957902728e11,0.0,10,1.0,0.7499999999993406,3.107351178624905e-9,-0.06458546047447117,0.0031470668808431367
35,35,w35,2.2331400957902728e11,0.0,11,0.7500000000003471,1.0,5.421639249668909e-9,-0.08481478314658433,0.010196752773003257
35,35,w35,2.2331400957902728e11,0.0,12,0.5000000000020595,1.0,-3.417605885506436e-9,0.4336722191807086,0.5385892052016971
35,35,w35,2.2331400957902728e11,0.0,13,0.2500000000010405,1.0,-8.394160248476995e-9,-0.9079446863533946,-0.7202326080083795
35,35,w35,2.2331400957902728e11,0.0,14,0.0,0.7500000000003471,1.0140319334287734e-8,-0.47905817772019565,-0.3901090167424506
35,35,w35,2.2331400957902728e11,0.0,15,0.0,0.5000000000020595,-2.1954227212475995e-10,0.8196790180162736,0.8522679157504337
35,35,w35,2.2331400957902728e11,0.0,16,0.0,0.2500000000010405,-4.0666068564350265e-9,-0.1027436052563583,-0.01294966876497535
35,35,w35,2.2331400957902728e11,0.0,17,0.2499999999998184,0.2500000000006332,-0.007406070088645791,0.823551148011638,0.8544185206787976
35,35,w35,2.2331400957902728e11,0.0,18,0.2500000000002257,0.5000000000012177,-0.020867486966495683,-0.24599631887533782,-0.2733084299834015
35,35,w35,2.2331400957902728e11,0.0,19,0.2500000000006332,0.7500000000000954,-0.20203956016439722,0.02974590284928533,0.02421387591866823
35,35,w35,2.2331400957902728e11,0.0,20,0.4999999999995339,0.2500000000002257,0.027574281772210718,-0.23051696133728694,-0.33640358017409455
35,35,w35,2.2331400957902728e11,0.0,21,0.5000000000003757,0.5000000000003757,-0.020265746424782943,0.09541974147584524,-0.06645519493975807
35,35,w35,2.2331400957902728e11,0.0,22,0.5000000000012177,0.749999999999844,-0.07110105455055511,-0.28101639783873567,-0.36053061543633796
35,35,w35,2.2331400957902728e11,0.0,23,0.7499999999995922,0.2499999999998184,0.15114917922043558,0.03930657523042714,-0.10591474518945669
35,35,w35,2.2331400957902728e11,0.0,24,0.749999999999844,0.4999999999995339,-0.01620942920319229,-0.27329941095168553,-0.38302926237607604
35,35,w35,2.2331400957902728e11,0.0,25,0.7500000000000953,0.7499999999995921,0.018911889816117723,0.74513336394997,0.7430040154768768
36,36,w36,2.2618017080505627e11,0.0,1,0.0,0.0,2.263704692505252e-9,-0.2864057941436205,-0.3921270038320218
36,36,w36,2.2618017080505627e11,0.0,2,1.0,0.0,1.5052196537367235e-11,1.0,0.8736621476892222
36,36,w36,2.2618017080505627e11,0.0,3,1.0,1.0,-2.1297446207866054e-9,-0.3181189428646087,-0.40525374982809365
36,36,w36,2.2618017080505627e11,0.0,4,0.0,1.0,-2.0198813167875117e-10,0.9601660921149234,0.7155531480592396
36,36,w36,2.2618017080505627e11,0.0,5,0.2499999999994109,0.0,1.334878275099894e-9,-0.2875448569403122,-0.38762990586344565
36,36,w36,2.2618017080505627e11,0.0,6,0.4999999999986921,0.0,2.083128457573416e-10,-0.007081720259157579,-0.0820959917361069
36,36,w36,2.2618017080505627e11,0.0,7,0.7499999999993406,0.0,-8.613403016644482e-9,0.2917428187284328,0.22719502850644427
36,36,w36,2.2618017080505627e11,0.0,8,1.0,0.2499999999994109,9.789746508480964e-9,0.08263376770197346,0.1134670536071926
36,36,w36,2.2618017080505627e11,0.0,9,1.0,0.4999999999986921,-2.942883927115181e-9,-0.23711578670984423,-0.21912403262657498
36,36,w36,2.2618017080505627e11,0.0,10,1.0,0.7499999999993406,1.1370153945340292e-11,-0.2979942150155555,-0.3520155728868572
36,36,w36,2.2618017080505627e11,0.0,11,0.7500000000003471,1.0,-1.4089355471798755e-9,-0.2556832738786572,-0.33624845477918164
36,36,w36,2.2618017080505627e11,0.0,12,0.5000000000020595,1.0,7.231791916787179e-11,0.03040518576646745,-0.06104920929056204
36,36,w36,2.2618017080505627e11,0.0,13,0.2500000000010405,1.0,8.50064776967875e-9,0.3620581658934064,0.2195732483465114
36,36,w36,2.2618017080505627e11,0.0,14,0.0,0.7500000000003471,-1.0108082308326388e-8,0.04110440756835725,-0.024543939513153583
36,36,w36,2.2618017080505627e11,0.0,15,0.0,0.5000000000020595,3.0795445955894896e-9,-0.25397176616338746,-0.2760583135192599
36,36,w36,2.2618017080505627e11,0.0,16,0.0,0.2500000000010405,1.294624967285922e-10,-0.3404382596648913,-0.40493368094017285
36,36,w36,2.2618017080505627e11,0.0,17,0.2499999999998184,0.2500000000006332,0.011840714324189738,-0.2731814250249209,-0.2881437889189351
36,36,w36,2.2618017080505627e11,0.0,18,0.2500000000002257,0.5000000000012177,0.007061736024896125,-0.178822994953274,-0.15177030724512353
36,36,w36,2.2618017080505627e11,0.0,19,0.2500000000006332,0.7500000000000954,0.15778537224354783,0.33699699437151187,0.3340955207440552
36,36,w36,2.2618017080505627e11,0.0,20,0.4999999999995339,0.2500000000002257,-0.032163480959986765,-0.18758001276757227,-0.1065345611861072
36,36,w36,2.2618017080505627e11,0.0,21,0.5000000000003757,0.5000000000003757,0.02513976122927947,0.25916361156806983,0.3816267182593203
36,36,w36,2.2618017080505627e11,0.0,22,0.5000000000012177,0.749999999999844,0.052845017881133036,-0.1321612771910758,-0.07038697626153909
36,36,w36,2.2618017080505627e11,0.0,23,0.7499999999995922,0.2499999999998184,-0.11161438863051072,0.3403475342875667,0.4451794499177153
36,36,w36,2.2618017080505627e11,0.0,24,0.749999999999844,0.4999999999995339,0.011042029343729385,-0.1386459540968458,-0.04938738779695017
36,36,w36,2.2618017080505627e11,0.0,25,0.7500000000000953,0.7499999999995921,-0.00970823805207051,-0.24979527566375206,-0.24187556174809804
37,37,w37,2.3884125364665497e11,0.0,1,0.0,0.0,-1.472073499823017e-9,-1.0,-0.8002206113583549
37,37,w37,2.3884125364665497e11,0.0,2,1.0,0.0,1.1626110126240047e-10,0.3449113949697885,0.3065863880045786
37,37,w37,2.3884125364665497e11,0.0,3,1.0,1.0,-2.736117731999236e-9,0.9322334274266865,0.7502595631677743
37,37,w37,2.3884125364665497e11,0.0,4,0.0,1.0,4.931739828878174e-10,-0.40984259092229,-0.35517069916436883
37,37,w37,2.3884125364665497e11,0.0,5,0.2499999999994109,0.0,-3.786625357649885e-9,0.45034434978888777,0.45254608759241605
37,37,w37,2.3884125364665497e11,0.0,6,0.4999999999986921,0.0,6.06125959435015e-9,0.09208636223166614,0.018996973479217357
37,37,w37,2.3884125364665497e11,0.0,7,0.7499999999993406,0.0,-4.038347698440025e-9,-0.38850404796760935,-0.30795765232884564
37,37,w37,2.3884125364665497e11,0.0,8,1.0,0.2499999999994109,4.002604014264117e-9,-0.40822095415205295,-0.3588423596334593
37,37,w37,2.3884125364665497e11,0.0,9,1.0,0.4999999999986921,-7.3184344077819184e-9,0.4390742963599805,0.38575073260615417
37,37,w37,2.3884125364665497e11,0.0,10,1.0,0.7499999999993406,7.4301102577171515e-9,-0.6344707414786868,-0.6142076234287634
37,37,w37,2.3884125364665497e11,0.0,11,0.7500000000003471,1.0,-2.7089837954479385e-9,-0.42367203995533254,-0.4027681585122359
37,37,w37,2.3884125364665497e11,0.0,12,0.5000000000020595,1.0,4.513024034956134e-9,-0.002783026250447695,0.06336854369632333
37,37,w37,2.3884125364665497e11,0.0,13,0.2500000000010405,1.0,-3.3711333080744623e-9,0.28457816867815877,0.22562677268264889
37,37,w37,2.3884125364665497e11,0.0,14,0.0,0.7500000000003471,2.2605066429140858e-9,0.4022866418650772,0.35736520991276577
37,37,w37,2.3884125364665497e11,0.0,15,0.0,0.5000000000020595,-3.900070899048074e-9,-0.4185652373829858,-0.3614898918629212
37,37,w37,2.3884125364665497e11,0.0,16,0.0,0.2500000000010405,4.4548466320582175e-9,0.7114063106029886,0.6597411746448244
37,37,w37,2.3884125364665497e11,0.0,17,0.2499999999998184,0.2500000000006332,-0.05971462440851259,-0.45705557231943167,-0.3736453843230724
37,37,w37,2.3884125364665497e11,0.0,18,0.2500000000002257,0.5000000000012177,0.02485488862797077,0.46429869054695866,0.3855049697481913
37,37,w37,2.3884125364665497e11,0.0,19,0.2500000000006332,0.7500000000000954,-0.011498451578246995,-0.3287013346839309,-0.27875241578202536
37,37,w37,2.3884125364665497e11,0.0,20,0.4999999999995339,0.2500000000002257,0.06696439118826596,-0.14795720191134917,-0.12237458843630662
37,37,w37,2.3884125364665497e11,0.0,21,0.5000000000003757,0.5000000000003757,-0.09086877687262825,0.01757088750823783,0.01639236019520743
37,37,w37,2.3884125364665497e11,0.0,22,0.5000000000012177,0.749999999999844,0.0580838755500928,0.09294817856755712,0.06123176299916908
37,37,w37,2.3884125364665497e11,0.0,23,0.7499999999995922,0.2499999999998184,-0.030336418184380452,0.363849001557478,0.29761644896819417
37,37,w37,2.3884125364665497e11,0.0,24,0.749999999999844,0.4999999999995339,0.07753284001245905,-0.4930187629882702,-0.41698885384690093
37,37,w37,2.3884125364665497e11,0.0,25,0.7500000000000953,0.7499999999995921,-0.09549813320546709,0.5001296149401713,0.4343901820202816
38,38,w38,2.6497752200644577e11,0.0,1,0.0,0.0,-3.286296351862336e-9,-0.24047317872766874,-0.18296098878949604
38,38,w38,2.6497752200644577e11,0.0,2,1.0,0.0,4.817495925367075e-9,0.6012174554752895,0.6949350943740978
38,38,w38,2.6497752200644577e11,0.0,3,1.0,1.0,3.8818910759276475e-9,0.5227666015369147,0.311798583834284
38,38,w38,2.6497752200644577e11,0.0,4,0.0,1.0,-5.2335896095568955e-9,1.0,0.8477415327160971
38,38,w38,2.6497752200644577e11,0.0,5,0.2499999999994109,0.0,-9.033819720587538e-9,-0.2205404230141547,-0.18532841558344407
38,38,w38,2.6497752200644577e11,0.0,6,0.4999999999986921,0.0,-6.137199421287772e-10,-0.13166941807184596,-0.29974902413982646
38,38,w38,2.6497752200644577e11,0.0,7,0.7499999999993406,0.0,5.3452606359008425e-9,0.2580663134630773,0.17962547221893543
38,38,w38,2.6497752200644577e11,0.0,8,1.0,0.2499999999994109,-2.3560724191575503e-8,-0.1451330005854144,-0.2083843288722519
38,38,w38,2.6497752200644577e11,0.0,9,1.0,0.4999999999986921,3.7542987612804945e-8,0.04973128368774888,0.02405266465341442
38,38,w38,2.6497752200644577e11,0.0,10,1.0,0.7499999999993406,-2.7739540082184954e-8,-0.6037358644751725,-0.42762880572050266
38,38,w38,2.6497752200644577e11,0.0,11,0.7500000000003471,1.0,5.879509614130212e-9,-0.2118408277372441,-0.23007771256728474
38,38,w38,2.6497752200644577e11,0.0,12,0.5000000000020595,1.0,1.78483835966767e-9,-0.6698993896423387,-0.5978754877409015
38,38,w38,2.6497752200644577e11,0.0,13,0.2500000000010405,1.0,-3.881288523585456e-9,0.3239087729222255,0.25708550583338713
38,38,w38,2.6497752200644577e11,0.0,14,0.0,0.7500000000003471,2.1958528850178024e-8,-0.541129900947506,-0.39763290335923634
38,38,w38,2.6497752200644577e11,0.0,15,0.0,0.5000000000020595,-3.652661066292245e-8,0.3043571359002404,0.16065718513955907
38,38,w38,2.6497752200644577e11,0.0,16,0.0,0.2500000000010405,2.866507700371264e-8,-0.32158349986885065,-0.15383825401977616
38,38,w38,2.6497752200644577e11,0.0,17,0.2499999999998184,0.2500000000006332,-0.3661078736430867,-0.16050303885381484,-0.10312005038610537
38,38,w38,2.6497752200644577e11,0.0,18,0.2500000000002257,0.5000000000012177,0.4891978689215772,0.04661832479908738,-0.018360586403506077
38,38,w38,2.6497752200644577e11,0.0,19,0.2500000000006332,0.7500000000000954,-0.25750871491093225,0.06962708648465049,0.12976825047758747
38,38,w38,2.6497752200644577e11,0.0,20,0.4999999999995339,0.2500000000002257,-0.028566984017096505,0.1098790051317672,0.10523919760154109
38,38,w38,2.6497752200644577e11,0.0,21,0.5000000000003757,0.5000000000003757,-0.00012532213290632034,-0.20584528239696576,-0.08929781615783236
38,38,w38,2.6497752200644577e11,0.0,22,0.5000000000012177,0.749999999999844,0.01941965177206618,0.5576916957487378,0.39561919705689036
38,38,w38,2.6497752200644577e11,0.0,23,0.7499999999995922,0.2499999999998184,0.3118593776885782,0.0766592190257304,0.07756204612026689
38,38,w38,2.6497752200644577e11,0.0,24,0.749999999999844,0.4999999999995339,-0.5078522405423262,-0.08161984803581661,0.0005617794151566861
38,38,w38,2.6497752200644577e11,0.0,25,0.7500000000000953,0.7499999999995921,0.31818573931532124,-0.0840313534646052,-0.1394663622688718
39,39,w39,2.6873197377058243e11,0.0,1,0.0,0.0,-3.913981482676194e-9,1.0,0.6763155516947581
39,39,w39,2.6873197377058243e11,0.0,2,1.0,0.0,1.3913259521057582e-9,0.6429624238700633,0.5268151869417386
39,39,w39,2.6873197377058243e11,0.0,3,1.0,1.0,-1.278385834218684e-9,-0.9407392350046507,-0.6253118475766417
39,39,w39,2.6873197377058243e11,0.0,4,0.0,1.0,-5.097102002942655e-10,-0.4231569318803074,-0.30848211218690996
39,39,w39,2.6873197377058243e11,0.0,5,0.2499999999994109,0.0,4.031050154817504e-9,0.09233140331104679,0.03698894469226943
39,39,w39,2.6873197377058243e11,0.0,6,0.4999999999986921,0.0,9.767792049555034e-10,-0.8060738650999142,-0.6011204718669166
39,39,w39,2.6873197377058243e11,0.0,7,0.7499999999993406,0.0,-4.205758807212812e-9,-0.03356463421859227,0.03649848722141153
39,39,w39,2.6873197377058243e11,0.0,8,1.0,0.2499999999994109,6.207061159942683e-10,-0.5756906560365056,-0.3671463094198064
39,39,w39,2.6873197377058243e11,0.0,9,1.0,0.4999999999986921,1.5005385666907437e-9,0.5069229554447386,0.45068152395700894
39,39,w39,2.6873197377058243e11,0.0,10,1.0,0.7499999999993406,-3.926929305881938e-9,0.2119389516139344,0.244867585366317
39,39,w39,2.6873197377058243e11,0.0,11,0.7500000000003471,1.0,6.054595299817024e-9,-0.09044362110271473,-0.044593599104332034
39,39,w39,2.6873197377058243e11,0.0,12,0.5000000000020595,1.0,2.910748595365201e-10,0.6770024270612409,0.41207612913689806
39,39,w39,2.6873197377058243e11,0.0,13,0.2500000000010405,1.0,-4.586186700700577e-9,0.04161528620132566,-0.03980244193951095
39,39,w39,2.6873197377058243e11,0.0,14,0.0,0.7500000000003471,7.56805931673106e-9,0.46425204648429047,0.24834984038060337
39,39,w39,2.6873197377058243e11,0.0,15,0.0,0.5000000000020595,-1.0295119901991241e-8,-0.5162944458168599,-0.43200697683626527
39,39,w39,2.6873197377058243e11,0.0,16,0.0,0.2500000000010405,6.281942459225147e-9,-0.27516238008871596,-0.25068391421495295
39,39,w39,2.6873197377058243e11,0.0,17,0.2499999999998184,0.2500000000006332,-0.013225353863535275,0.00800512910980928,-0.06889686677461322
39,39,w39,2.6873197377058243e11,0.0,18,0.2500000000002257,0.5000000000012177,0.1511264341154302,-0.1866899534165654,-0.16673747377926854
39,39,w39,2.6873197377058243e11,0.0,19,0.2500000000006332,0.7500000000000954,-0.1018231135865,-0.04978528227905611,-0.08613577511374508
39,39,w39,2.6873197377058243e11,0.0,20,0.4999999999995339,0.2500000000002257,0.03953793856410497,0.5788407550842585,0.43133291079458186
39,39,w39,2.6873197377058243e11,0.0,21,0.5000000000003757,0.5000000000003757,0.02215897553898596,-0.0038403466155187576,-0.00794707414450085
39,39,w39,2.6873197377058243e11,0.0,22,0.5000000000012177,0.749999999999844,0.059187290980155974,-0.5088439546175424,-0.40445421177517105
39,39,w39,2.6873197377058243e11,0.0,23,0.7499999999995922,0.2499999999998184,-0.010962242513797094,0.07767959636212744,0.12129766551792459
39,39,w39,2.6873197377058243e11,0.0,24,0.749999999999844,0.4999999999995339,-0.025491663350931035,0.16900470192644573,0.13865307519868605
39,39,w39,2.6873197377058243e11,0.0,25,0.7500000000000953,0.7499999999995921,0.13004980867003654,-0.04274895819463082,0.014741926654422192
40,40,w40,3.0497024583694824e11,0.0,1,0.0,0.0,-1.3630901340008078e-9,-1.0,-0.4889353328397067
40,40,w40,3.0497024583694824e11,0.0,2,1.0,0.0,1.913177036723247e-9,-0.5927522552875377,-0.29011065439416284
40,40,w40,3.0497024583694824e11,0.0,3,1.0,1.0,3.830899009076504e-9,-0.8874824278216205,-0.4198294551331286
40,40,w40,3.0497024583694824e11,0.0,4,0.0,1.0,-1.8999760810890865e-9,-0.5006570076580629,-0.2380282799868637
40,40,w40,3.0497024583694824e11,0.0,5,0.2499999999994109,0.0,-7.78346110095819e-9,0.08497133622155818,0.08968933595999673
40,40,w40,3.0497024583694824e11,0.0,6,0.4999999999986921,0.0,2.7403416717208395e-9,0.7043705557277448,0.3888004676795586
40,40,w40,3.0497024583694824e11,0.0,7,0.7499999999993406,0.0,7.352673516393769e-9,-0.12486015330887915,-0.07392364942757258
40,40,w40,3.0497024583694824e11,0.0,8,1.0,0.2499999999994109,-1.8613295501208328e-8,0.4540993144169983,0.21331911506878143
40,40,w40,3.0497024583694824e11,0.0,9,1.0,0.4999999999986921,2.188590485469029e-8,-0.6131953736051045,-0.38227681138979397
40,40,w40,3.0497024583694824e11,0.0,10,1.0,0.7499999999993406,-1.505066525602118e-8,0.8147037860911188,0.5776420710330227
40,40,w40,3.0497024583694824e11,0.0,11,0.7500000000003471,1.0,6.0068153167188566e-9,0.09438715415892358,0.08441271822360961
40,40,w40,3.0497024583694824e11,0.0,12,0.5000000000020595,1.0,-3.3909125297615417e-9,0.6014135212210588,0.32186008954606066
40,40,w40,3.0497024583694824e11,0.0,13,0.2500000000010405,1.0,-5.3567565525758054e-9,-0.13747673247184997,-0.06425643275987836
40,40,w40,3.0497024583694824e11,0.0,14,0.0,0.7500000000003471,1.5748679032304567e-8,0.41302868134716825,0.23463543837168527
40,40,w40,3.0497024583694824e11,0.0,15,0.0,0.5000000000020595,-1.776235992117557e-8,-0.6629387281699018,-0.4064392322002744
40,40,w40,3.0497024583694824e11,0.0,16,0.0,0.2500000000010405,1.1742027104269126e-8,0.9176188378488273,0.6159594923711548
40,40,w40,3.0497024583694824e11,0.0,17,0.2499999999998184,0.2500000000006332,-0.14068772136058014,0.10566583201568643,0.08567801237370681
40,40,w40,3.0497024583694824e11,0.0,18,0.2500000000002257,0.5000000000012177,0.1990159096013077,-0.008360373662649757,-0.03637038227895926
40,40,w40,3.0497024583694824e11,0.0,19,0.2500000000006332,0.7500000000000954,-0.18049923908843044,-0.08687257453074565,-0.036068894708974855
40,40,w40,3.0497024583694824e11,0.0,20,0.4999999999995339,0.2500000000002257,0.03593443265859313,-0.7044200810826864,-0.44122394949301286
40,40,w40,3.0497024583694824e11,0.0,21,0.5000000000003757,0.5000000000003757,-0.010288210642979832,0.7152048621231047,0.4054159760220702
40,40,w40,3.0497024583694824e11,0.0,22,0.5000000000012177,0.749999999999844,-0.0359821733684409,-0.6521830235609971,-0.41211723716958315
40,40,w40,3.0497024583694824e11,0.0,23,0.7499999999995922,0.2499999999998184,0.19890887210161695,-0.11036877145441168,-0.10230389020033318
40,40,w40,3.0497024583694824e11,0.0,24,0.749999999999844,0.4999999999995339,-0.2286206053925297,0.05360078509447452,0.022261060031870932
40,40,w40,3.0497024583694824e11,0.0,25,0.7500000000000953,0.7499999999995921,0.1480380553126931,0.06039045916538414,0.029791443264278784
41,41,w41,3.9293125862200006e11,0.0,1,0.0,0.0,-2.144607159472195e-9,0.8634063180760773,0.43158199210843035
41,41,w41,3.9293125862200006e11,0.0,2,1.0,0.0,9.587836577290057e-10,-0.7393685505049553,-0.35312920095136596
41,41,w41,3.9293125862200006e11,0.0,3,1.0,1.0,-4.439171840360267e-9,-1.0,-0.4831816588682302
41,41,w41,3.9293125862200006e11,0.0,4,0.0,1.0,-5.943083135687771e-10,0.8721838165298039,0.4831183612119045
41,41,w41,3.9293125862200006e11,0.0,5,0.2499999999994109,0.0,1.505628298732827e-9,0.600237987463617,0.349941608095697
41,41,w41,3.9293125862200006e11,0.0,6,0.4999999999986921,0.0,4.430707041891488e-9,0.023573909395051065,0.07005101046133234
41,41,w41,3.9293125862200006e11,0.0,7,0.7499999999993406,0.0,4.410316779851488e-9,-0.5693309616827026,-0.23053891916107314
41,41,w41,3.9293125862200006e11,0.0,8,1.0,0.2499999999994109,-1.3937313798308973e-8,0.1564859812328639,0.12325419516064212
41,41,w41,3.9293125862200006e11,0.0,9,1.0,0.4999999999986921,4.86825192664399e-9,0.8520380758156438,0.5013558569959696
41,41,w41,3.9293125862200006e11,0.0,10,1.0,0.7499999999993406,5.764750539973806e-9,-0.2370233015661254,-0.10340953721980761
41,41,w41,3.9293125862200006e11,0.0,11,0.7500000000003471,1.0,-1.0107468249358196e-10,-0.6622139295115963,-0.3630701543877973
41,41,w41,3.9293125862200006e11,0.0,12,0.5000000000020595,1.0,7.865710043832123e-10,0.01958483427017744,-0.012163889971858
41,41,w41,3.9293125862200006e11,0.0,13,0.2500000000010405,1.0,2.1473077274895177e-9,0.7090028881179793,0.3461689304760485
41,41,w41,3.9293125862200006e11,0.0,14,0.0,0.7500000000003471,-4.511572659425928e-9,-0.3442918622886888,-0.18939918461992394
41,41,w41,3.9293125862200006e11,0.0,15,0.0,0.5000000000020595,7.746972576329907e-9,-0.8433808228805013,-0.5313145836542471
41,41,w41,3.9293125862200006e11,0.0,16,0.0,0.2500000000010405,-6.891241025393797e-9,0.35928487934222403,0.1281521768474184
41,41,w41,3.9293125862200006e11,0.0,17,0.2499999999998184,0.2500000000006332,0.06279081993765649,0.1522974557400088,0.0617261467450698
41,41,w41,3.9293125862200006e11,0.0,18,0.2500000000002257,0.5000000000012177,-0.0027613821041578748,-0.643814007009576,-0.4056537635341325
41,41,w41,3.9293125862200006e11,0.0,19,0.2500000000006332,0.7500000000000954,0.02981098562836282,-0.12777351343344692,-0.10928546435500885
41,41,w41,3.9293125862200006e11,0.0,20,0.4999999999995339,0.2500000000002257,0.12915415768158642,-0.007940095020680802,0.005254069042481163
41,41,w41,3.9293125862200006e11,0.0,21,0.5000000000003757,0.5000000000003757,0.011252502490416741,-0.027394982514608215,-0.037865675577414305
41,41,w41,3.9293125862200006e11,0.0,22,0.5000000000012177,0.749999999999844,-0.010226294817046287,0.020583648580625055,-0.020731386068433656
41,41,w41,3.9293125862200006e11,0.0,23,0.7499999999995922,0.2499999999998184,0.12089390613803336,0.01338178181176365,0.04945161029797453
41,41,w41,3.9293125862200006e11,0.0,24,0.749999999999844,0.4999999999995339,0.013967635548521602,0.6092952968653027,0.3463713458475347
41,41,w41,3.9293125862200006e11,0.0,25,0.7500000000000953,0.7499999999995921,-0.04385602630672674,-0.050406382448846564,-0.03808105642465299
42,42,w42,4.1977269005103827e11,0.0,1,0.0,0.0,1.3152175829770944e-8,-0.5928370574390494,-0.4284623286377981
42,42,w42,4.1977269005103827e11,0.0,2,1.0,0.0,9.625849819773569e-9,0.7617434105823453,1.0
42,42,w42,4.1977269005103827e11,0.0,3,1.0,1.0,-1.0581708390213848e-8,-0.13547783680630612,-0.10473101968678142
42,42,w42,4.1977269005103827e11,0.0,4,0.0,1.0,-1.0055349223907269e-8,0.30238706864704984,0.6452790367404131
42,42,w42,4.1977269005103827e11,0.0,5,0.2499999999994109,0.0,8.350169226602524e-9,-0.393509466870329,-0.3376365717020562
42,42,w42,4.1977269005103827e11,0.0,6,0.4999999999986921,0.0,1.4607559256677742e-8,-0.023904581281840476,0.19145145448744935
42,42,w42,4.1977269005103827e11,0.0,7,0.7499999999993406,0.0,2.8753484188968794e-9,0.5452254986826442,0.7523487254890174
42,42,w42,4.1977269005103827e11,0.0,8,1.0,0.2499999999994109,-4.16036819375912e-8,-0.4147049037294763,-0.08742011972486144
42,42,w42,4.1977269005103827e11,0.0,9,1.0,0.4999999999986921,-4.588795035192804e-9,-0.2597205244920742,-0.5231301371975715
42,42,w42,4.1977269005103827e11,0.0,10,1.0,0.7499999999993406,5.165700757906154e-8,0.33361771876997864,-0.03142338451494193
42,42,w42,4.1977269005103827e11,0.0,11,0.7500000000003471,1.0,-8.279621224139258e-9,-0.049166672899354245,-0.03794802204448482
42,42,w42,4.1977269005103827e11,0.0,12,0.5000000000020595,1.0,-1.686440207476843e-8,0.03639364030403223,0.25816763285451755
42,42,w42,4.1977269005103827e11,0.0,13,0.2500000000010405,1.0,-6.333796468160757e-9,0.21991382373299875,0.5405238469610195
42,42,w42,4.1977269005103827e11,0.0,14,0.0,0.7500000000003471,5.003213971197183e-8,-0.24712953582513583,0.06883961115242178
42,42,w42,4.1977269005103827e11,0.0,15,0.0,0.5000000000020595,-1.069610898317962e-9,0.2160796795953321,-0.14522829294499837
42,42,w42,4.1977269005103827e11,0.0,16,0.0,0.2500000000010405,-5.092328315577634e-8,0.06260363421318728,-0.22573295486798423
42,42,w42,4.1977269005103827e11,0.0,17,0.2499999999998184,0.2500000000006332,0.496487282593288,0.10669085567326682,-0.18466894848650825
42,42,w42,4.1977269005103827e11,0.0,18,0.2500000000002257,0.5000000000012177,0.001187177995481225,0.12608694357348996,-0.09845834420942096
42,42,w42,4.1977269005103827e11,0.0,19,0.2500000000006332,0.7500000000000954,-0.5004938881030334,-0.22895878692038393,0.1336252536852742
42,42,w42,4.1977269005103827e11,0.0,20,0.4999999999995339,0.2500000000002257,0.6724121053669815,-0.0029421685253051273,-0.07298910712605083
42,42,w42,4.1977269005103827e11,0.0,21,0.5000000000003757,0.5000000000003757,0.00167206944734423,-0.004085853582433198,-0.22230565404757424
42,42,w42,4.1977269005103827e11,0.0,22,0.5000000000012177,0.749999999999844,-0.7123509072949423,-0.04999999638802339,0.09957574079731624
42,42,w42,4.1977269005103827e11,0.0,23,0.7499999999995922,0.2499999999998184,0.44706459188844627,-0.24615705889737277,-0.030702075726351957
42,42,w42,4.1977269005103827e11,0.0,24,0.749999999999844,0.4999999999995339,0.003214946428586288,-0.22160125187720045,-0.3803448412823095
42,42,w42,4.1977269005103827e11,0.0,25,0.7500000000000953,0.7499999999995921,-0.500976778003321,0.19915066659936304,0.011995197982610313
43,43,w43,5.459664629208823e11,0.0,1,0.0,0.0,-8.861054060298378e-10,0.8107978864970097,0.2178470486457725
43,43,w43,5.459664629208823e11,0.0,2,1.0,0.0,1.4389288554626412e-9,-0.45423216299070174,-0.21761217618656672
43,43,w43,5.459664629208823e11,0.0,3,1.0,1.0,7.098116418038492e-10,1.0,0.23424662177525643
43,43,w43,5.459664629208823e11,0.0,4,0.0,1.0,-2.7842325855961587e-10,-0.5267490868308764,-0.25815290083857084
43,43,w43,5.459664629208823e11,0.0,5,0.2499999999994109,0.0,2.059268506069912e-9,0.45110191417557033,0.21439714213536173
43,43,w43,5.459664629208823e11,0.0,6,0.4999999999986921,0.0,2.8785221449542698e-9,-0.036401823672949536,0.05129524863575969
43,43,w43,5.459664629208823e11,0.0,7,0.7499999999993406,0.0,1.729315259197334e-9,-0.41336277595054827,-0.12311303257713216
43,43,w43,5.459664629208823e11,0.0,8,1.0,0.2499999999994109,-1.100650154725095e-8,0.45010660554775334,0.19591360579334105
43,43,w43,5.459664629208823e11,0.0,9,1.0,0.4999999999986921,6.7316307460492755e-9,0.0072840449981893835,-0.005262207071447171
43,43,w43,5.459664629208823e11,0.0,10,1.0,0.7499999999993406,1.6815258572454967e-9,-0.43867483615169517,-0.2682676385229102
43,43,w43,5.459664629208823e11,0.0,11,0.7500000000003471,1.0,-2.2787450183640443e-9,0.5409406276870259,0.22999538171530065
43,43,w43,5.459664629208823e11,0.0,12,0.5000000000020595,1.0,-1.7331616953731863e-9,-0.05893203310521561,0.04987758706324839
43,43,w43,5.459664629208823e11,0.0,13,0.2500000000010405,1.0,-3.710735597765226e-10,-0.5031235195650896,-0.14602028294923317
43,43,w43,5.459664629208823e11,0.0,14,0.0,0.7500000000003471,3.933333152275282e-9,0.6334741910749326,0.28311914635980356
43,43,w43,5.459664629208823e11,0.0,15,0.0,0.5000000000020595,1.093118256257086e-9,-0.215694864959917,-0.0900034051316399
43,43,w43,5.459664629208823e11,0.0,16,0.0,0.2500000000010405,-5.701444879570376e-9,-0.2830370399758039,-0.1812602628741995
43,43,w43,5.459664629208823e11,0.0,17,0.2499999999998184,0.2500000000006332,0.0538089961661237,-0.255275129407237,-0.11677544787109252
43,43,w43,5.459664629208823e11,0.0,18,0.2500000000002257,0.5000000000012177,-0.0045331763148721725,-0.09715566712063896,-0.0733199495874129
43,43,w43,5.459664629208823e11,0.0,19,0.2500000000006332,0.7500000000000954,-0.0469958730994217,0.4273714687601246,0.22283634349747725
43,43,w43,5.459664629208823e11,0.0,20,0.4999999999995339,0.2500000000002257,0.08898610037773762,-0.009816871118436378,0.00840598537227845
43,43,w43,5.459664629208823e11,0.0,21,0.5000000000003757,0.5000000000003757,-0.018892385718846882,0.021614664711062482,-0.03283337153899448
43,43,w43,5.459664629208823e11,0.0,22,0.5000000000012177,0.749999999999844,-0.061818067303101965,0.0028754631103494565,0.041198439081448573
43,43,w43,5.459664629208823e11,0.0,23,0.7499999999995922,0.2499999999998184,0.07147804347664415,0.2923139549713596,0.13852714748187867
43,43,w43,5.459664629208823e11,0.0,24,0.749999999999844,0.4999999999995339,-0.0224025669836283,0.058155729953666385,-0.009647700561534009
43,43,w43,5.459664629208823e11,0.0,25,0.7500000000000953,0.7499999999995921,-0.039675517128654504,-0.36277351889598364,-0.15680120275812987
44,44,w44,5.855683680171068e11,0.0,1,0.0,0.0,-6.558713252547862e-9,1.0,0.25374831318123414
44,44,w44,5.855683680171068e11,0.0,2,1.0,0.0,-4.426397998794948e-9,-0.5617510982190838,-0.3764695315989022
44,44,w44,5.855683680171068e11,0.0,3,1.0,1.0,-3.819113262678508e-9,-0.6136148566100169,-0.12467638118627992
44,44,w44,5.855683680171068e11,0.0,4,0.0,1.0,-4.664528040014163e-9,0.3236182258207848,0.22403202981409284
44,44,w44,5.855683680171068e11,0.0,5,0.2499999999994109,0.0,1.4857494135108447e-9,0.5298493615694341,0.26503639075599184
44,44,w44,5.855683680171068e11,0.0,6,0.4999999999986921,0.0,-1.1968782526126187e-9,-0.048294173030936395,0.01703268245952965
44,44,w44,5.855683680171068e11,0.0,7,0.7499999999993406,0.0,1.1583046575750174e-9,-0.5120519708164105,-0.2373223225614923
44,44,w44,5.855683680171068e11,0.0,8,1.0,0.2499999999994109,1.2936853284120685e-8,0.6828602245092434,0.32107118602598006
44,44,w44,5.855683680171068e11,0.0,9,1.0,0.4999999999986921,-1.935900707657576e-8,-0.5314991418349023,-0.25555454243314024
44,44,w44,5.855683680171068e11,0.0,10,1.0,0.7499999999993406,1.5132624680085152e-8,0.4465179115387032,0.19756036161490761
44,44,w44,5.855683680171068e11,0.0,11,0.7500000000003471,1.0,5.432421593137618e-10,-0.3128941730339828,-0.13163257995168315
44,44,w44,5.855683680171068e11,0.0,12,0.5000000000020595,1.0,-2.485813307181977e-9,0.04150838231886028,0.004883578538326043
44,44,w44,5.855683680171068e11,0.0,13,0.2500000000010405,1.0,-5.885591609420671e-10,0.3093484635796282,0.1454223346129984
44,44,w44,5.855683680171068e11,0.0,14,0.0,0.7500000000003471,1.8404474735707056e-8,-0.46026252539027435,-0.20293826031169854
44,44,w44,5.855683680171068e11,0.0,15,0.0,0.5000000000020595,-2.379190017567037e-8,0.485094833529141,0.21645723513423012
44,44,w44,5.855683680171068e11,0.0,16,0.0,0.2500000000010405,1.7229661210717082e-8,-0.6016292994779072,-0.25876229729264194
44,44,w44,5.855683680171068e11,0.0,17,0.2499999999998184,0.2500000000006332,-0.05376743324024122,-0.45703324665245854,-0.16554304442231865
44,44,w44,5.855683680171068e11,0.0,18,0.2500000000002257,0.5000000000012177,0.09354796250516871,0.35924863170081434,0.14880134562734618
44,44,w44,5.855683680171068e11,0.0,19,0.2500000000006332,0.7500000000000954,-0.06803594961190183,-0.34011709404229346,-0.1452382754496858
44,44,w44,5.855683680171068e11,0.0,20,0.4999999999995339,0.2500000000002257,-0.0668515277233181,-0.011491424338421421,0.03762970182742952
44,44,w44,5.855683680171068e11,0.0,21,0.5000000000003757,0.5000000000003757,0.12549832278901193,0.01859103604066653,-0.01922339511649769
44,44,w44,5.855683680171068e11,0.0,22,0.5000000000012177,0.749999999999844,-0.09247200522119364,-0.011209915170788757,-0.016491221859526218
44,44,w44,5.855683680171068e11,0.0,23,0.7499999999995922,0.2499999999998184,-0.040766439021228514,0.47950531777943894,0.22801064875740842
44,44,w44,5.855683680171068e11,0.0,24,0.749999999999844,0.4999999999995339,0.08339624342021423,-0.3548132045231639,-0.18534363211548752
44,44,w44,5.855683680171068e11,0.0,25,0.7500000000000953,0.7499999999995921,-0.06248874283892194,0.31644171946807875,0.12606463474392998
45,45,w45,6.961425695663271e11,0.0,1,0.0,0.0,3.4256933850032895e-8,0.9476951115727965,0.06535744206429445
45,45,w45,6.961425695663271e11,0.0,2,1.0,0.0,3.546115044025158e-8,-0.32308424269809544,0.09658952951970035
45,45,w45,6.961425695663271e11,0.0,3,1.0,1.0,3.6712686887848916e-8,-0.8967895787081726,-0.08093069230620659
45,45,w45,6.961425695663271e11,0.0,4,0.0,1.0,3.5498749377387134e-8,0.2836578770518125,-0.07650574908612325
45,45,w45,6.961425695663271e11,0.0,5,0.2499999999994109,0.0,2.8897042370807013e-9,0.46639870486367124,0.16001444541086468
45,45,w45,6.961425695663271e11,0.0,6,0.4999999999986921,0.0,2.0999484578336964e-8,-0.0903933935737987,0.19386849235454504
45,45,w45,6.961425695663271e11,0.0,7,0.7499999999993406,0.0,3.81007507816416e-10,-0.37046859561755924,0.1568917693741932
45,45,w45,6.961425695663271e11,0.0,8,1.0,0.2499999999994109,-1.4523825830905188e-7,0.5538203340790318,0.05733808772113184
45,45,w45,6.961425695663271e11,0.0,9,1.0,0.4999999999986921,1.9728188951681027e-7,-0.8211455519296942,-0.20515055598096604
45,45,w45,6.961425695663271e11,0.0,10,1.0,0.7499999999993406,-1.476750777161688e-7,0.5964031648792486,0.41480257855398
45,45,w45,6.961425695663271e11,0.0,11,0.7500000000003471,1.0,2.411176972755656e-9,-0.4455340841270712,-0.1806530317269017
45,45,w45,6.961425695663271e11,0.0,12,0.5000000000020595,1.0,2.0745509404506214e-8,0.07140489169252963,-0.20850319791567445
45,45,w45,6.961425695663271e11,0.0,13,0.2500000000010405,1.0,-5.227841317123203e-10,0.3415577263726067,-0.15897190984246026
45,45,w45,6.961425695663271e11,0.0,14,0.0,0.7500000000003471,-1.429014409964531e-7,-0.5814359348769549,-0.20461477110148843
45,45,w45,6.961425695663271e11,0.0,15,0.0,0.5000000000020595,1.9373896906804626e-7,0.9265411835301895,0.3311961344111215
45,45,w45,6.961425695663271e11,0.0,16,0.0,0.2500000000010405,-1.44039702100951e-7,-0.7083699593816726,-0.4703303334276841
45,45,w45,6.961425695663271e11,0.0,17,0.2499999999998184,0.2500000000006332,0.49705635491498323,-0.4714928757951936,-0.3775297148202372
45,45,w45,6.961425695663271e11,0.0,18,0.2500000000002257,0.5000000000012177,-0.703812394457839,0.6295645421586016,0.2973628421937028
45,45,w45,6.961425695663271e11,0.0,19,0.2500000000006332,0.7500000000000954,0.4914607454099041,-0.4325152857325195,-0.1678148870758496
45,45,w45,6.961425695663271e11,0.0,20,0.4999999999995339,0.2500000000002257,0.7035810382866872,0.06141889644434608,-0.217446477662608
45,45,w45,6.961425695663271e11,0.0,21,0.5000000000003757,0.5000000000003757,-1.0,-0.01765788665104407,0.12099938672344605
45,45,w45,6.961425695663271e11,0.0,22,0.5000000000012177,0.749999999999844,0.7023981565641837,-0.024330883666132997,0.028630545714856924
45,45,w45,6.961425695663271e11,0.0,23,0.7499999999995922,0.2499999999998184,0.4968765351404225,0.4510342156288117,-0.02158366092778289
45,45,w45,6.961425695663271e11,0.0,24,0.749999999999844,0.4999999999995339,-0.7086570751662428,-0.6016040491412127,-0.09968241216246683
45,45,w45,6.961425695663271e11,0.0,25,0.7500000000000953,0.7499999999995921,0.5009129864996749,0.4291521080565382,0.2581935179079252
46,46,w46,1.0357241271011807e18,0.0,1,0.0,0.0,-0.44572643816651353,0.4728935613630203,-0.40822558094923705
46,46,w46,1.0357241271011807e18,0.0,2,1.0,0.0,-0.4457264382653154,-0.19527088831822442,0.25993911287683935
46,46,w46,1.0357241271011807e18,0.0,3,1.0,1.0,-0.44572635399070554,-0.44936973007200876,0.36917407172900624
46,46,w46,1.0357241271011807e18,0.0,4,0.0,1.0,-0.44572635370729397,0.12813393645442828,-0.20832976046363236
46,46,w46,1.0357241271011807e18,0.0,5,0.2499999999994109,0.0,0.850213638340622,0.3001513732313502,-0.23548333785428768
46,46,w46,1.0357241271011807e18,0.0,6,0.4999999999986921,0.0,-1.0,-0.15634494838715982,0.22101302524107608
46,46,w46,1.0357241271011807e18,0.0,7,0.7499999999993406,0.0,0.850213636030453,0.1686023742461581,-0.10393424682294294
46,46,w46,1.0357241271011807e18,0.0,8,1.0,0.2499999999994109,0.1273503860630031,-0.07878671957324433,0.03154058295927029
46,46,w46,1.0357241271011807e18,0.0,9,1.0,0.4999999999986921,-0.06367516480013395,-0.08056781426482568,0.09974554932387807
46,46,w46,1.0357241271011807e18,0.0,10,1.0,0.7499999999993406,0.12735036319779336,-0.3156072260540128,0.33333154612890503
46,46,w46,1.0357241271011807e18,0.0,11,0.7500000000003471,1.0,0.8502134761002538,-0.20967166613626614,0.12947596005514897
46,46,w46,1.0357241271011807e18,0.0,12,0.5000000000020595,1.0,-0.999999808551917,0.02407967336657188,-0.10427539163310626
46,46,w46,1.0357241271011807e18,0.0,13,0.2500000000010405,1.0,0.8502134734915576,-0.08711945483415216,0.006923677473044689
46,46,w46,1.0357241271011807e18,0.0,14,0.0,0.7500000000003471,0.1273503646264293,0.10438090271676295,-0.08665661032606808
46,46,w46,1.0357241271011807e18,0.0,15,0.0,0.5000000000020595,-0.0636751648140697,0.11166433956448583,-0.0924865442696737
46,46,w46,1.0357241271011807e18,0.0,16,0.0,0.2500000000010405,0.12735038444557042,0.2633859494403778,-0.31063208072390347
46,46,w46,1.0357241271011807e18,0.0,17,0.2499999999998184,0.2500000000006332,0.1273503936511264,0.02117715741821599,-0.06842328201043135
46,46,w46,1.0357241271011807e18,0.0,18,0.2500000000002257,0.5000000000012177,-0.06367522092182112,0.04750606722034572,-0.028328287807798433
46,46,w46,1.0357241271011807e18,0.0,19,0.2500000000006332,0.7500000000000954,0.1273503741348912,0.0779241142225675,-0.06019983502831925
46,46,w46,1.0357241271011807e18,0.0,20,0.4999999999995339,0.2500000000002257,0.1273504585899715,0.011816556788629836,-0.05906271721104451
46,46,w46,1.0357241271011807e18,0.0,21,0.5000000000003757,0.5000000000003757,-0.06367523944350742,0.002610792636470657,0.01656697140935811
46,46,w46,1.0357241271011807e18,0.0,22,0.5000000000012177,0.749999999999844,0.12735043780052885,-0.060925075182175756,0.07864941321305803
46,46,w46,1.0357241271011807e18,0.0,23,0.7499999999995922,0.2499999999998184,0.12735039488559746,-0.035419675408220316,-0.011826447146640781
46,46,w46,1.0357241271011807e18,0.0,24,0.749999999999844,0.4999999999995339,-0.06367522073926904,-0.026741192207196056,0.04591894517421617
46,46,w46,1.0357241271011807e18,0.0,25,0.7500000000000953,0.7499999999995921,0.12735037325687906,0.04878807134552582,-0.031063770613085188
47,47,w47,1.0380192376682296e18,0.0,1,0.0,0.0,0.4403918315923088,-0.44395158958954045,0.47515481117792957
47,47,w47,1.0380192376682296e18,0.0,2,1.0,0.0,0.4403918320098945,0.2008780883289722,-0.1696751115432715
47,47,w47,1.0380192376682296e18,0.0,3,1.0,1.0,-0.44039191660614146,-0.41657006631678895,0.44366489012148963
47,47,w47,1.0380192376682296e18,0.0,4,0.0,1.0,-0.44039191661323945,0.1306230844912052,-0.10352843088460363
47,47,w47,1.0380192376682296e18,0.0,5,0.2499999999994109,0.0,-0.8486434439331009,-0.2697262576030038,0.30092942520943883
47,47,w47,1.0380192376682296e18,0.0,6,0.4999999999986921,0.0,0.9999998095556828,0.18248575242276802,-0.15128262671030193
47,47,w47,1.0380192376682296e18,0.0,7,0.7499999999993406,0.0,-0.8486434419667463,-0.15347971905334198,0.18468279314709168
47,47,w47,1.0380192376682296e18,0.0,8,1.0,0.2499999999994109,-0.11009794847015479,0.0807977396206519,0.07196071119875451
47,47,w47,1.0380192376682296e18,0.0,9,1.0,0.4999999999986921,-5.5936923183686405e-9,0.012079461648550862,0.1911880831852642
47,47,w47,1.0380192376682296e18,0.0,10,1.0,0.7499999999993406,0.11009797062985227,-0.27688077279172124,0.4049832041245689
47,47,w47,1.0380192376682296e18,0.0,11,0.7500000000003471,1.0,0.848643606164979,-0.17675189625309978,0.20384667256943031
47,47,w47,1.0380192376682296e18,0.0,12,0.5000000000020595,1.0,-1.0,0.05129741890858821,-0.02420265606802791
47,47,w47,1.0380192376682296e18,0.0,13,0.2500000000010405,1.0,0.8486436038941348,-0.07237609539909556,0.09947079719115186
47,47,w47,1.0380192376682296e18,0.0,14,0.0,0.7500000000003471,0.11009797238207068,0.08875386878912016,0.0393485302716045
47,47,w47,1.0380192376682296e18,0.0,15,0.0,0.5000000000020595,-6.496098948589743e-9,0.01254577860679807,0.190721774455832
47,47,w47,1.0380192376682296e18,0.0,16,0.0,0.2500000000010405,-0.11009794655023492,-0.2227382062369001,0.3754966451360062
47,47,w47,1.0380192376682296e18,0.0,17,0.2499999999998184,0.2500000000006332,-0.11009794095543765,0.026385448982072162,0.12637298700743016
47,47,w47,1.0380192376682296e18,0.0,18,0.2500000000002257,0.5000000000012177,-6.465406131964406e-9,0.04609104571687256,0.15717651243736153
47,47,w47,1.0380192376682296e18,0.0,19,0.2500000000006332,0.7500000000000954,0.11009796676396955,0.08513197557261627,0.04297041257756095
47,47,w47,1.0380192376682296e18,0.0,20,0.4999999999995339,0.2500000000002257,-0.11009800064982392,0.020174730717653213,0.1325837416283277
47,47,w47,1.0380192376682296e18,0.0,21,0.5000000000003757,0.5000000000003757,-5.8366601024211134e-9,0.03676723280070061,0.16650032222327843
47,47,w47,1.0380192376682296e18,0.0,22,0.5000000000012177,0.749999999999844,0.1100980253079636,-0.034356362975298656,0.1624588119730073
47,47,w47,1.0380192376682296e18,0.0,23,0.7499999999995922,0.2499999999998184,-0.11009794204050864,0.0493497998625061,0.10340863548857068
47,47,w47,1.0380192376682296e18,0.0,24,0.749999999999844,0.4999999999995339,-5.301320345455783e-9,0.041596475006900405,0.1616710799552758
47,47,w47,1.0380192376682296e18,0.0,25,0.7500000000000953,0.7499999999995921,0.11009796593916188,0.08850873025599541,0.03959368286452871
48,48,w48,1.832694456828628e18,0.0,1,0.0,0.0,-0.857664608407433,0.8060560754629543,-0.3923771327623193
48,48,w48,1.832694456828628e18,0.0,2,1.0,0.0,0.8576646098977135,0.6547440608775874,-0.2410650901629997
48,48,w48,1.832694456828628e18,0.0,3,1.0,1.0,0.857664585179014,0.798377227561526,-0.35524808824113646
48,48,w48,1.832694456828628e18,0.0,4,0.0,1.0,-0.8576645863840534,0.5669355929204112,-0.12380642852115124
48,48,w48,1.832694456828628e18,0.0,5,0.2499999999994109,0.0,0.9999999991404742,0.6550908823758866,-0.24141189618016187
48,48,w48,1.832694456828628e18,0.0,6,0.4999999999986921,0.0,-1.5443115163064966e-10,0.17957679429743292,0.23410225876800653
48,48,w48,1.832694456828628e18,0.0,7,0.7499999999993406,0.0,-1.0,0.05892817454011406,0.354750827595349
48,48,w48,1.832694456828628e18,0.0,8,1.0,0.2499999999994109,-0.38793964133013253,0.010676072211627918,0.05795282499373957
48,48,w48,1.832694456828628e18,0.0,9,1.0,0.4999999999986921,0.26750917254547707,0.22490623819743413,-0.1477888445870453
48,48,w48,1.832694456828628e18,0.0,10,1.0,0.7499999999993406,-0.3879396319659594,0.5030522376293599,-0.374932437022048
48,48,w48,1.832694456828628e18,0.0,11,0.7500000000003471,1.0,-0.9999999713932063,0.5967936816218682,-0.15366450102830156
48,48,w48,1.832694456828628e18,0.0,12,0.5000000000020595,1.0,-4.0927567044655087e-10,0.20569769302095153,0.2374315178994714
48,48,w48,1.832694456828628e18,0.0,13,0.2500000000010405,1.0,0.9999999722279506,0.22852389460926104,0.21460528242741617
48,48,w48,1.832694456828628e18,0.0,14,0.0,0.7500000000003471,0.3879396331180306,0.14111535642373657,-0.012995606391730816
48,48,w48,1.832694456828628e18,0.0,15,0.0,0.5000000000020595,-0.2675091725072465,0.18412422406049458,-0.10700685793769844
48,48,w48,1.832694456828628e18,0.0,16,0.0,0.2500000000010405,0.3879396404410478,0.4346627768287656,-0.366033803149907
48,48,w48,1.832694456828628e18,0.0,17,0.2499999999998184,0.2500000000006332,0.19396980396555144,0.2140728601239144,-0.14544387911737663
48,48,w48,1.832694456828628e18,0.0,18,0.2500000000002257,0.5000000000012177,-0.13375460489693136,0.02189092243987456,0.05522643144770509
48,48,w48,1.832694456828628e18,0.0,19,0.2500000000006332,0.7500000000000954,0.1939698039209702,0.15659279710078006,-0.0284730502230903
48,48,w48,1.832694456828628e18,0.0,20,0.4999999999995339,0.2500000000002257,-3.268542252985587e-9,-0.07603380347094499,0.1446627400410721
48,48,w48,1.832694456828628e18,0.0,21,0.5000000000003757,0.5000000000003757,-1.0195453304393286e-10,-0.0319029113430922,0.10902026315046914
48,48,w48,1.832694456828628e18,0.0,22,0.5000000000012177,0.749999999999844,2.518160453656576e-9,-0.092980436630651,0.22110022062376503
48,48,w48,1.832694456828628e18,0.0,23,0.7499999999995922,0.2499999999998184,-0.19396980817886453,0.009557544432427935,0.05907135327044868
48,48,w48,1.832694456828628e18,0.0,24,0.749999999999844,0.4999999999995339,0.13375460466797767,0.034900243180643366,0.04221712723563642
48,48,w48,1.832694456828628e18,0.0,25,0.7500000000000953,0.7499999999995921,-0.19396980038427952,0.19686087406573946,-0.06874104966250594
49,49,w49,1.8612433530693834e18,0.0,1,0.0,0.0,-0.83453951681264,0.8738231115724823,-0.44985947210048094
49,49,w49,1.8612433530693834e18,0.0,2,1.0,0.0,0.8345395181560062,0.640662192281673,-0.216698553844391
49,49,w49,1.8612433530693834e18,0.0,3,1.0,1.0,-0.834539539837145,-0.876528415621219,0.4077352473877339
49,49,w49,1.8612433530693834e18,0.0,4,0.0,1.0,0.8345395407672002,-0.5554402288348275,0.0866470572914942
49,49,w49,1.8612433530693834e18,0.0,5,0.2499999999994109,0.0,0.9999999721906552,0.7141462004434596,-0.29018252149198276
49,49,w49,1.8612433530693834e18,0.0,6,0.4999999999986921,0.0,3.34059105205773e-10,0.2160897740900136,0.20787396244614106
49,49,w49,1.8612433530693834e18,0.0,7,0.7499999999993406,0.0,-0.9999999731211482,0.07439284742611921,0.34957082966571906
49,49,w49,1.8612433530693834e18,0.0,8,1.0,0.2499999999994109,-0.2894436119807373,0.006646773407102181,0.047244110599909135
49,49,w49,1.8612433530693834e18,0.0,9,1.0,0.4999999999986921,-3.816716476436485e-9,-0.1839886611656873,0.18267192485389377
49,49,w49,1.8612433530693834e18,0.0,10,1.0,0.7499999999993406,0.28944362161700465,-0.5478679564088018,0.4061140272829016
49,49,w49,1.8612433530693834e18,0.0,11,0.7500000000003471,1.0,0.9999999990092024,-0.660777757538083,0.19198455196784292
49,49,w49,1.8612433530693834e18,0.0,12,0.5000000000020595,1.0,8.787959615015947e-10,-0.24762667699225555,-0.22116655239042035
49,49,w49,1.8612433530693834e18,0.0,13,0.2500000000010405,1.0,-1.0,-0.24413418958633434,-0.22465899959901375
49,49,w49,1.8612433530693834e18,0.0,14,0.0,0.7500000000003471,-0.28944362220598646,-0.11100773062737253,-0.03074614260658986
49,49,w49,1.8612433530693834e18,0.0,15,0.0,0.5000000000020595,3.2320595478699106e-9,0.18516624975233825,-0.18648288676486574
49,49,w49,1.8612433530693834e18,0.0,16,0.0,0.2500000000010405,0.28944361159896065,0.4501062992274219,-0.39621535068343994
49,49,w49,1.8612433530693834e18,0.0,17,0.2499999999998184,0.2500000000006332,0.14472178291210844,0.20160985946102516,-0.1477189046787968
49,49,w49,1.8612433530693834e18,0.0,18,0.2500000000002257,0.5000000000012177,-1.9483933907952603e-10,0.08513052076492889,-0.08644717497397898
49,49,w49,1.8612433530693834e18,0.0,19,0.2500000000006332,0.7500000000000954,-0.14472179333585197,-0.16299967160612497,0.021245799404947786
49,49,w49,1.8612433530693834e18,0.0,20,0.4999999999995339,0.2500000000002257,-4.1023728480163405e-9,-0.06347616920747097,0.11736708560491455
49,49,w49,1.8612433530693834e18,0.0,21,0.5000000000003757,0.5000000000003757,-2.4238877027691266e-9,0.014067774305444333,-0.015384456079790726
49,49,w49,1.8612433530693834e18,0.0,22,0.5000000000012177,0.749999999999844,-3.5989432106000964e-9,0.06374813822687277,-0.2055020488439945
49,49,w49,1.8612433530693834e18,0.0,23,0.7499999999995922,0.2499999999998184,-0.1447217881644626,0.02147484553828639,0.03241603692210673
49,49,w49,1.8612433530693834e18,0.0,24,0.749999999999844,0.4999999999995339,-3.6592542393740576e-9,-0.059783276182594894,0.05846656306529268
49,49,w49,1.8612433530693834e18,0.0,25,0.7500000000000953,0.7499999999995921,0.14472178843980218,-0.219939084472803,0.0781851339514111
50,50,w50,4.244458437189055e18,0.0,1,0.0,0.0,-0.05607722333861803,-0.7524169419383547,0.38149966228491755
50,50,w50,4.244458437189055e18,0.0,2,1.0,0.0,0.05607723045629238,-0.12298750050347045,-0.24792969700664805
50,50,w50,4.244458437189055e18,0.0,3,1.0,1.0,0.05607722425528393,-0.7734154227633582,0.39927316837488436
50,50,w50,4.244458437189055e18,0.0,4,0.0,1.0,-0.05607722935590668,-0.18134592441733416,-0.19279627817675526
50,50,w50,4.244458437189055e18,0.0,5,0.2499999999994109,0.0,-0.1819067634081119,-0.6652820953547449,0.29436482219222554
50,50,w50,4.244458437189055e18,0.0,6,0.4999999999986921,0.0,-4.0795241436364215e-9,-0.3607511739240471,-0.010166076534538118
50,50,w50,4.244458437189055e18,0.0,7,0.7499999999993406,0.0,0.18190676229436786,-0.16949961404590227,-0.20141760548341273
50,50,w50,4.244458437189055e18,0.0,8,1.0,0.2499999999994109,-0.7266626561969641,-0.4513231922669273,0.20790146795416653
50,50,w50,4.244458437189055e18,0.0,9,1.0,0.4999999999986921,1.0,0.32950715469327563,-0.18637557109036848
50,50,w50,4.244458437189055e18,0.0,10,1.0,0.7499999999993406,-0.7266626538272543,-0.5470097305218389,0.22492911220791795
50,50,w50,4.244458437189055e18,0.0,11,0.7500000000003471,1.0,0.18190676307064524,-0.619527142434818,0.24538489533731153
50,50,w50,4.244458437189055e18,0.0,12,0.5000000000020595,1.0,3.0999859961990155e-9,-0.34669075899683865,-0.02745147224771268
50,50,w50,4.244458437189055e18,0.0,13,0.2500000000010405,1.0,-0.18190676228395705,-0.19413666081741357,-0.18000555202952498
50,50,w50,4.244458437189055e18,0.0,14,0.0,0.7500000000003471,0.7266626554383866,-0.38554290508323985,0.06346229126413395
50,50,w50,4.244458437189055e18,0.0,15,0.0,0.5000000000020595,-0.9999999996792115,0.1612274976985472,-0.01809593716357577
50,50,w50,4.244458437189055e18,0.0,16,0.0,0.2500000000010405,0.7266626535539725,-0.37986389057823916,0.1364422008897501
50,50,w50,4.244458437189055e18,0.0,17,0.2499999999998184,0.2500000000006332,0.36333134333106915,-0.10621325094948031,-0.1372084343536504
50,50,w50,4.244458437189055e18,0.0,18,0.2500000000002257,0.5000000000012177,-0.5000000199391109,-0.010579322171119258,0.1537108766404264
50,50,w50,4.244458437189055e18,0.0,19,0.2500000000006332,0.7500000000000954,0.3633313440510444,-0.2490209682147174,-0.0730596388177542
50,50,w50,4.244458437189055e18,0.0,20,0.4999999999995339,0.2500000000002257,-3.284938350841908e-10,-0.13056823795616426,-0.1128534566074502
50,50,w50,4.244458437189055e18,0.0,21,0.5000000000003757,0.5000000000003757,3.1194750961632976e-10,0.04612962128431027,0.09700193999746488
50,50,w50,4.244458437189055e18,0.0,22,0.5000000000012177,0.749999999999844,-9.197081433898212e-11,-0.20360224591159218,-0.11847836138508322
50,50,w50,4.244458437189055e18,0.0,23,0.7499999999995922,0.2499999999998184,-0.36333134463011096,-0.24127254741915788,-0.0021491614129487127
50,50,w50,4.244458437189055e18,0.0,24,0.749999999999844,0.4999999999995339,0.5000000204363633,0.10648884433301163,0.036642726696963605
50,50,w50,4.244458437189055e18,0.0,25,0.7500000000000953,0.7499999999995921,-0.3633313435729257,-0.26486471387308114,-0.05721589725083268
51,51,w51,4.693442921318183e18,0.0,1,0.0,0.0,0.9085363450003126,-0.3538029510549956,0.25424232245956613
51,51,w51,4.693442921318183e18,0.0,2,1.0,0.0,0.908536348931371,0.5718646700660257,-0.6714254001222897
51,51,w51,4.693442921318183e18,0.0,3,1.0,1.0,0.9085362902367995,0.3646457918921791,-0.24281310410181503
51,51,w51,4.693442921318183e18,0.0,4,0.0,1.0,0.9085362941626929,-0.4305708149052763,0.5524035692966032
51,51,w51,4.693442921318183e18,0.0,5,0.2499999999994109,0.0,-0.21385000287264172,-0.38227523919739176,0.28271459586116215
51,51,w51,4.693442921318183e18,0.0,6,0.4999999999986921,0.0,-1.0,-0.457430262100984,0.35786956551985777
51,51,w51,4.693442921318183e18,0.0,7,0.7499999999993406,0.0,-0.21384999924507175,0.05877368125847153,-0.15833441255389302
51,51,w51,4.693442921318183e18,0.0,8,1.0,0.2499999999994109,-0.25958176736672584,0.2570984471654373,-0.1698247807890084
51,51,w51,4.693442921318183e18,0.0,9,1.0,0.4999999999986921,0.1297908316761687,0.2675256145366167,-0.30735363735397025
51,51,w51,4.693442921318183e18,0.0,10,1.0,0.7499999999993406,-0.259581744563863,0.2629412964805002,-0.29384877940510307
51,51,w51,4.693442921318183e18,0.0,11,0.7500000000003471,1.0,-0.2138499898596709,0.41149431840437967,-0.28966161481502833
51,51,w51,4.693442921318183e18,0.0,12,0.5000000000020595,1.0,-0.9999999396267462,0.3584899294430616,-0.23665719139173347
51,51,w51,4.693442921318183e18,0.0,13,0.2500000000010405,1.0,-0.21384998613883757,-0.102140466057094,0.22397322184484536
51,51,w51,4.693442921318183e18,0.0,14,0.0,0.7500000000003471,-0.25958175460632943,-0.30829486661877675,0.27738740734409206
51,51,w51,4.693442921318183e18,0.0,15,0.0,0.5000000000020595,0.129790833891223,-0.29167088085250625,0.251842832992211
51,51,w51,4.693442921318183e18,0.0,16,0.0,0.2500000000010405,-0.259581759622786,-0.23702854860977188,0.32430222117936724
51,51,w51,4.693442921318183e18,0.0,17,0.2499999999998184,0.2500000000006332,-0.25958176628304874,-0.2922597067945564,0.3795333684666404
51,51,w51,4.693442921318183e18,0.0,18,0.2500000000002257,0.5000000000012177,0.12979085894403256,-0.19137534221794553,0.15154729830792613
51,51,w51,4.693442921318183e18,0.0,19,0.2500000000006332,0.7500000000000954,-0.25958175608541234,-0.30275772072063317,0.2718502661443879
51,51,w51,4.693442921318183e18,0.0,20,0.4999999999995339,0.2500000000002257,-0.2595817634435103,-0.12557494876945377,0.21284860239788933
51,51,w51,4.693442921318183e18,0.0,21,0.5000000000003757,0.5000000000003757,0.12979086710686683,-0.02225525892166508,-0.017572776567206388
51,51,w51,4.693442921318183e18,0.0,22,0.5000000000012177,0.749999999999844,-0.2595817496685567,0.09618009486613412,-0.1270875438604252
51,51,w51,4.693442921318183e18,0.0,23,0.7499999999995922,0.2499999999998184,-0.25958176917081716,0.21357869119473008,-0.12630503033851992
51,51,w51,4.693442921318183e18,0.0,24,0.749999999999844,0.4999999999995339,0.12979085780180447,0.16142488147152406,-0.20125290835470752
51,51,w51,4.693442921318183e18,0.0,25,0.7500000000000953,0.7499999999995921,-0.2595817517734213,0.3426791250038338,-0.37358658915875376
52,52,w52,4.71955687568147e18,0.0,1,0.0,0.0,-0.9057658099367791,0.26855312414352966,-0.37443391617808114
52,52,w52,4.71955687568147e18,0.0,2,1.0,0.0,-0.9057658122505375,-0.5679563128752925,0.4620756268790208
52,52,w52,4.71955687568147e18,0.0,3,1.0,1.0,0.9057658647873089,0.2790107899705082,-0.38016759340704614
52,52,w52,4.71955687568147e18,0.0,4,0.0,1.0,0.9057658666997348,-0.41773252332531213,0.31657579178272394
52,52,w52,4.71955687568147e18,0.0,5,0.2499999999994109,0.0,0.2170646401818509,0.2949742587321087,-0.40085503604934836
52,52,w52,4.71955687568147e18,0.0,6,0.4999999999986921,0.0,0.999999939597527,0.38309206583362704,-0.4889727886712038
52,52,w52,4.71955687568147e18,0.0,7,0.7499999999993406,0.0,0.21706463937194345,-0.0910176239111679,-0.014863062144091848
52,52,w52,4.71955687568147e18,0.0,8,1.0,0.2499999999994109,0.22644143133473582,-0.19269655943262454,-0.11389480112862602
52,52,w52,4.71955687568147e18,0.0,9,1.0,0.4999999999986921,1.2578065124780557e-8,0.047220780799597274,-0.44069681329588756
52,52,w52,4.71955687568147e18,0.0,10,1.0,0.7499999999993406,-0.22644145225973808,0.1670231314002179,-0.4195736687336445
52,52,w52,4.71955687568147e18,0.0,11,0.7500000000003471,1.0,-0.21706465276491863,0.3249946964370877,-0.426151483827682
52,52,w52,4.71955687568147e18,0.0,12,0.5000000000020595,1.0,-1.0,0.2886614807816547,-0.3898182323129855
52,52,w52,4.71955687568147e18,0.0,13,0.2500000000010405,1.0,-0.2170646528345728,-0.12946387507390258,0.028307143416867516
52,52,w52,4.71955687568147e18,0.0,14,0.0,0.7500000000003471,-0.22644144590922108,-0.22307725450274848,-0.029473253722592175
52,52,w52,4.71955687568147e18,0.0,15,0.0,0.5000000000020595,-4.670447080013074e-9,-0.005716449829524463,-0.38775958720423465
52,52,w52,4.71955687568147e18,0.0,16,0.0,0.2500000000010405,0.22644143607224435,0.12508865963678234,-0.43168002863628
52,52,w52,4.71955687568147e18,0.0,17,0.2499999999998184,0.2500000000006332,0.22644143314973747,0.1627478389934158,-0.4693391984069826
52,52,w52,4.71955687568147e18,0.0,18,0.2500000000002257,0.5000000000012177,-2.366565781390246e-11,-0.06372643919677878,-0.3297495970742132
52,52,w52,4.71955687568147e18,0.0,19,0.2500000000006332,0.7500000000000954,-0.22644144491421736,-0.2912285625839832,0.038678057639969544
52,52,w52,4.71955687568147e18,0.0,20,0.4999999999995339,0.2500000000002257,0.2264414250225957,0.04094130661902941,-0.34753265689502894
52,52,w52,4.71955687568147e18,0.0,21,0.5000000000003757,0.5000000000003757,3.882096114770505e-9,-0.07859675329602178,-0.314879280634788
52,52,w52,4.71955687568147e18,0.0,22,0.5000000000012177,0.749999999999844,-0.22644144059769328,0.03469346223215512,-0.28724396410272907
52,52,w52,4.71955687568147e18,0.0,23,0.7499999999995922,0.2499999999998184,0.22644142962094096,-0.2168104896218692,-0.08978086583970635
52,52,w52,4.71955687568147e18,0.0,24,0.749999999999844,0.4999999999995339,7.85486442772809e-9,-0.030820573513146557,-0.3626554597441578
52,52,w52,4.71955687568147e18,0.0,25,0.7500000000000953,0.7499999999995921,-0.22644144893203066,0.23971085001835202,-0.49226136878038185
53,53,w53,6.410801188359062e18,0.0,1,0.0,0.0,0.11632606973771753,0.9822979156868725,-0.47500125594945175
53,53,w53,6.410801188359062e18,0.0,2,1.0,0.0,-0.11632606566345265,0.14938431189743548,0.35791228614071363
53,53,w53,6.410801188359062e18,0.0,3,1.0,1.0,0.11632606930230677,-1.0,0.4830097474935914
53,53,w53,6.410801188359062e18,0.0,4,0.0,1.0,-0.11632606576419575,-0.22188201586946765,-0.2951081958397188
53,53,w53,6.410801188359062e18,0.0,5,0.2499999999994109,0.0,0.15266125074100423,0.8967959984435375,-0.3894993436191388
53,53,w53,6.410801188359062e18,0.0,6,0.4999999999986921,0.0,-1.92680964047298e-9,0.5489252757651346,-0.04162863967140846
53,53,w53,6.410801188359062e18,0.0,7,0.7499999999993406,0.0,-0.15266125185480428,0.27285758345516176,0.2344390299475989
53,53,w53,6.410801188359062e18,0.0,8,1.0,0.2499999999994109,0.7577281588094761,0.5061910695442648,-0.03438798787216799
53,53,w53,6.410801188359062e18,0.0,9,1.0,0.4999999999986921,1.6705214977843579e-9,0.010898137155564973,-0.09086478393606368
53,53,w53,6.410801188359062e18,0.0,10,1.0,0.7499999999993406,-0.7577281610821676,-0.8655328389549898,0.35050759507389084
53,53,w53,6.410801188359062e18,0.0,11,0.7500000000003471,1.0,0.15266125071563588,-0.8471666756476882,0.33017642909217637
53,53,w53,6.410801188359062e18,0.0,12,0.5000000000020595,1.0,-1.4988821073628924e-9,-0.5261663823554339,0.009176149183130599
53,53,w53,6.410801188359062e18,0.0,13,0.2500000000010405,1.0,-0.15266125152848245,-0.29119098684681594,-0.225799232325774
53,53,w53,6.410801188359062e18,0.0,14,0.0,0.7500000000003471,0.7577281584142109,-0.4375218909030026,-0.0775033273295468
53,53,w53,6.410801188359062e18,0.0,15,0.0,0.5000000000020595,9.446136848642234e-10,-0.09409489178664163,0.014128222057739698
53,53,w53,6.410801188359062e18,0.0,16,0.0,0.2500000000010405,-0.7577281610044316,0.7440373240237317,-0.27223423266000796
53,53,w53,6.410801188359062e18,0.0,17,0.2499999999998184,0.2500000000006332,-0.3788640884300819,0.4749911687300456,-0.00318808396449735
53,53,w53,6.410801188359062e18,0.0,18,0.2500000000002257,0.5000000000012177,7.042594709675079e-10,-0.19224222428873422,0.11227555527725579
53,53,w53,6.410801188359062e18,0.0,19,0.2500000000006332,0.7500000000000954,0.37886408519651893,-0.33846533491663605,-0.17655988340077264
53,53,w53,6.410801188359062e18,0.0,20,0.4999999999995339,0.2500000000002257,-1.6493797437185303e-9,0.36391364321355474,0.107889438124431
53,53,w53,6.410801188359062e18,0.0,21,0.5000000000003757,0.5000000000003757,7.241308442787695e-10,-0.08307961338578357,0.003112952927864359
53,53,w53,6.410801188359062e18,0.0,22,0.5000000000012177,0.749999999999844,-1.7645175319571815e-9,-0.3908924686535943,-0.12413275697517806
53,53,w53,6.410801188359062e18,0.0,23,0.7499999999995922,0.2499999999998184,0.37886408540787975,0.3686652818775119,0.10313779803201416
53,53,w53,6.410801188359062e18,0.0,24,0.749999999999844,0.4999999999995339,1.123482964435043e-9,0.03290119180666469,-0.11286784281769525
53,53,w53,6.410801188359062e18,0.0,25,0.7500000000000953,0.7499999999995921,-0.3788640884915106,-0.5645960247257741,0.04957078962734223
54,54,w54,8.853141521714459e18,0.0,1,0.0,0.0,-0.09444527970438302,-0.905172138668241,0.319025545465915
54,54,w54,8.853141521714459e18,0.0,2,1.0,0.0,0.0944452776674091,-0.3058839543108925,-0.2802626127456944
54,54,w54,8.853141521714459e18,0.0,3,1.0,1.0,0.09444527952631232,-0.9005035618673085,0.3212447674398905
54,54,w54,8.853141521714459e18,0.0,4,0.0,1.0,-0.0944452775906858,-0.3616694303532071,-0.21758934589544715
54,54,w54,8.853141521714459e18,0.0,5,0.2499999999994109,0.0,-0.089998261079063,-0.8824978252602463,0.2963512329235472
54,54,w54,8.853141521714459e18,0.0,6,0.4999999999986921,0.0,7.986335159638186e-10,-0.6602559476583171,0.07410936399882491
54,54,w54,8.853141521714459e18,0.0,7,0.7499999999993406,0.0,0.08999826141483978,-0.4261855796645582,-0.15996099351989077
54,54,w54,8.853141521714459e18,0.0,8,1.0,0.2499999999994109,-0.44415736961636043,-0.6485875701427982,-0.12392377303769142
54,54,w54,8.853141521714459e18,0.0,9,1.0,0.4999999999986921,-0.6771286008116181,-0.9714636858540783,0.08428711284467576
54,54,w54,8.853141521714459e18,0.0,10,1.0,0.7499999999993406,-0.44415737182255816,-0.9695729459302966,0.2708291853021669
54,54,w54,8.853141521714459e18,0.0,11,0.7500000000003471,1.0,0.08999826111079905,-0.8353779427343002,0.2561191503669523
54,54,w54,8.853141521714459e18,0.0,12,0.5000000000020595,1.0,-6.135732502986786e-10,-0.6269329364433084,0.04767415059930388
54,54,w54,8.853141521714459e18,0.0,13,0.2500000000010405,1.0,-0.08999826124886529,-0.4293930344411446,-0.14986574470205538
54,54,w54,8.853141521714459e18,0.0,14,0.0,0.7500000000003471,0.44415736998589467,-0.5864832738873966,-0.11226046736640448
54,54,w54,8.853141521714459e18,0.0,15,0.0,0.5000000000020595,0.6771286006915603,-0.9405769346702227,0.053400362783109126
54,54,w54,8.853141521714459e18,0.0,16,0.0,0.2500000000010405,0.44415737129291666,-1.0,0.2274886404358187
54,54,w54,8.853141521714459e18,0.0,17,0.2499999999998184,0.2500000000006332,0.22207868737272982,-0.9106004658572311,0.13808910881048048
54,54,w54,8.853141521714459e18,0.0,18,0.2500000000002257,0.5000000000012177,0.3385643015987586,-0.8398955390295635,-0.0472810314155681
54,54,w54,8.853141521714459e18,0.0,19,0.2500000000006332,0.7500000000000954,0.2220786853937607,-0.5269838290672102,-0.17175991324032028
54,54,w54,8.853141521714459e18,0.0,20,0.4999999999995339,0.2500000000002257,1.2186408733271574e-9,-0.7410037675483353,-0.03150758353191903
54,54,w54,8.853141521714459e18,0.0,21,0.5000000000003757,0.5000000000003757,-2.1589889896120304e-11,-0.810576651412217,-0.07659991905631774
54,54,w54,8.853141521714459e18,0.0,22,0.5000000000012177,0.749999999999844,-1.2060791217359775e-9,-0.64615860921677,-0.0525851395612592
54,54,w54,8.853141521714459e18,0.0,23,0.7499999999995922,0.2499999999998184,-0.2220786851565977,-0.6218557760932105,-0.15065556917064904
54,54,w54,8.853141521714459e18,0.0,24,0.749999999999844,0.4999999999995339,-0.33856430166379936,-0.8607818408024718,-0.026394730655515328
54,54,w54,8.853141521714459e18,0.0,25,0.7500000000000953,0.7499999999995921,-0.22207868763243344,-0.8349190353874341,0.13617527912629593
55,55,w55,2.172795636236254e19,0.0,1,0.0,0.0,-0.878904473028965,0.11704972817887858,0.4960323196255518
55,55,w55,2.172795636236254e19,0.0,2,1.0,0.0,0.8789044718411736,1.0,-0.3869179362834718
55,55,w55,2.172795636236254e19,0.0,3,1.0,1.0,-0.878904032791316,-0.12430316733684843,-0.48813339376896886
55,55,w55,2.172795636236254e19,0.0,4,0.0,1.0,0.878904031616054,-0.9260698140912598,0.3136332417879821
55,55,w55,2.172795636236254e19,0.0,5,0.2499999999994109,0.0,-0.5589035148373837,0.14795794374923762,0.4651241043246988
55,55,w55,2.172795636236254e19,0.0,6,0.4999999999986921,0.0,7.071865645280134e-11,0.4851570215077605,0.1279250315845829
55,55,w55,2.172795636236254e19,0.0,7,0.7499999999993406,0.0,0.5589035145694622,0.835922923191514,-0.2228408634230744
55,55,w55,2.172795636236254e19,0.0,8,1.0,0.2499999999994109,0.0972586494522474,0.4800714416676836,-0.16196085432973248
55,55,w55,2.172795636236254e19,0.0,9,1.0,0.4999999999986921,5.1355081125901985e-9,0.0879352707989046,-0.13266978533870963
55,55,w55,2.172795636236254e19,0.0,10,1.0,0.7499999999993406,-0.09725859749039738,-0.02856119838366633,-0.3983246388315871
55,55,w55,2.172795636236254e19,0.0,11,0.7500000000003471,1.0,-0.5589032349719081,-0.22233925203489502,-0.3900973101212442
55,55,w55,2.172795636236254e19,0.0,12,0.5000000000020595,1.0,-1.4225239588768799e-11,-0.5354885533068591,-0.07694801271644937
55,55,w55,2.172795636236254e19,0.0,13,0.2500000000010405,1.0,0.55890323459732,-0.828817009222819,0.21638043885265426
55,55,w55,2.172795636236254e19,0.0,14,0.0,0.7500000000003471,0.09725859957936552,-0.6035740836638053,0.17668823529164027
55,55,w55,2.172795636236254e19,0.0,15,0.0,0.5000000000020595,-6.01555189287107e-9,-0.18265312842263226,0.13791861067292044
55,55,w55,2.172795636236254e19,0.0,16,0.0,0.2500000000010405,-0.09725864771832785,-0.025147837753384097,0.3432584169785142
55,55,w55,2.172795636236254e19,0.0,17,0.2499999999998184,0.2500000000006332,-0.04862932216931566,0.09663882505093045,0.22147175522010223
55,55,w55,2.172795636236254e19,0.0,18,0.2500000000002257,0.5000000000012177,-3.006828734931474e-9,-0.174072432512427,0.1293379147700517
55,55,w55,2.172795636236254e19,0.0,19,0.2500000000006332,0.7500000000000954,0.04862929947086474,-0.665860131621446,0.2389742837942134
55,55,w55,2.172795636236254e19,0.0,20,0.4999999999995339,0.2500000000002257,1.2001890022610009e-9,0.3217876098308014,-0.003677026445839642
55,55,w55,2.172795636236254e19,0.0,21,0.5000000000003757,0.5000000000003757,-1.0872990012795814e-10,-0.06464523631509161,0.019910719963364937
55,55,w55,2.172795636236254e19,0.0,22,0.5000000000012177,0.749999999999844,1.331423781731806e-9,-0.4819959731668412,0.0551101293136088
55,55,w55,2.172795636236254e19,0.0,23,0.7499999999995922,0.2499999999998184,0.048629324360368265,0.5055371625420452,-0.18742657598681003
55,55,w55,2.172795636236254e19,0.0,24,0.749999999999844,0.4999999999995339,2.563146659222041e-9,0.05684003233028748,-0.10157454716451422
55,55,w55,2.172795636236254e19,0.0,25,0.7500000000000953,0.7499999999995921,-0.048629296996436776,-0.21784428936921407,-0.20904155009482325
56,56,w56,2.1736373493615915e19,0.0,1,0.0,0.0,0.7929059217091283,-0.20846859590191322,-0.43551513226547006
56,56,w56,2.1736373493615915e19,0.0,2,1.0,0.0,-0.7929059209281107,-1.0,0.35601625727604913
56,56,w56,2.1736373493615915e19,0.0,3,1.0,1.0,-0.7929063196048725,-0.2114768931661276,-0.4394410941856946
56,56,w56,2.1736373493615915e19,0.0,4,0.0,1.0,0.7929063187195698,-0.9290232779780387,0.2781052806510997
56,56,w56,2.1736373493615915e19,0.0,5,0.2499999999994109,0.0,0.5041669490868407,-0.25036675105293404,-0.393616977596833
56,56,w56,2.1736373493615915e19,0.0,6,0.4999999999986921,0.0,-1.392554295867612e-10,-0.5640463460983063,-0.07993738714069493
56,56,w56,2.1736373493615915e19,0.0,7,0.7499999999993406,0.0,-0.5041669490507755,-0.8678025413252543,0.22381880216647115
56,56,w56,2.1736373493615915e19,0.0,8,1.0,0.2499999999994109,-0.08989220508593652,-0.5705974786319372,0.12093001119353808
56,56,w56,2.1736373493615915e19,0.0,9,1.0,0.4999999999986921,-0.019883646354270063,-0.2845983200103523,-0.0793151747677326
56,56,w56,2.1736373493615915e19,0.0,10,1.0,0.7499999999993406,-0.08989224738965007,-0.16687980021577026,-0.35810247565785835
56,56,w56,2.1736373493615915e19,0.0,11,0.7500000000003471,1.0,-0.5041672021738228,-0.31333907374254505,-0.33757891469031814
56,56,w56,2.1736373493615915e19,0.0,12,0.5000000000020595,1.0,1.4467864893665337e-11,-0.6044612052411574,-0.04645678665543612
56,56,w56,2.1736373493615915e19,0.0,13,0.2500000000010405,1.0,0.5041672019404602,-0.8564026277355742,0.205484632084078
56,56,w56,2.1736373493615915e19,0.0,14,0.0,0.7500000000003471,0.08989224918476542,-0.6488605419320383,0.12387825652839318
56,56,w56,2.1736373493615915e19,0.0,15,0.0,0.5000000000020595,0.01988364645761091,-0.30046269263009673,-0.06345080216920088
56,56,w56,2.1736373493615915e19,0.0,16,0.0,0.2500000000010405,0.08989220361115062,-0.15427692475963897,-0.29539053550929995
56,56,w56,2.1736373493615915e19,0.0,17,0.2499999999998184,0.2500000000006332,0.04494610034204324,-0.30065302066193916,-0.14901444091002397
56,56,w56,2.1736373493615915e19,0.0,18,0.2500000000002257,0.5000000000012177,0.009941823103457304,-0.40136121171680333,0.03744771635017804
56,56,w56,2.1736373493615915e19,0.0,19,0.2500000000006332,0.7500000000000954,0.04494612419921345,-0.7361601394483092,0.2111778543735269
56,56,w56,2.1736373493615915e19,0.0,20,0.4999999999995339,0.2500000000002257,-9.505291193034422e-10,-0.5051210178488407,0.05545355354526968
56,56,w56,2.1736373493615915e19,0.0,21,0.5000000000003757,0.5000000000003757,2.8897505833025544e-11,-0.4446332380710782,0.08071974254019734
56,56,w56,2.1736373493615915e19,0.0,22,0.5000000000012177,0.749999999999844,1.061541109508519e-9,-0.6080191466713402,0.08303686479300947
56,56,w56,2.1736373493615915e19,0.0,23,0.7499999999995922,0.2499999999998184,-0.04494610211609222,-0.6291437984810561,0.1794763316559699
56,56,w56,2.1736373493615915e19,0.0,24,0.749999999999844,0.4999999999995339,-0.009941823031603547,-0.39143656214591926,0.02752306688686085
56,56,w56,2.1736373493615915e19,0.0,25,0.7500000000000953,0.7499999999995921,-0.04494612217814314,-0.36995697995540483,-0.15502529814343652
57,57,w57,Inf,0.0,1,0.0,0.0,1.3125081775749295e-7,-0.038095129626050474,0.03813190808509825
57,57,w57,Inf,0.0,2,1.0,0.0,1.3125081775749247e-7,-0.019448076783178902,0.01948485524222666
57,57,w57,Inf,0.0,3,1.0,1.0,-1.8958815593109183e-6,-7.349504912348708e-5,-7.179801783622412e-5
57,57,w57,Inf,0.0,4,0.0,1.0,-1.8958815593109187e-6,0.005126074870553692,-0.005271367937513405
57,57,w57,Inf,0.0,5,0.2499999999994109,0.0,1.3125081775749247e-7,-0.013529522085366832,0.013566300544414612
57,57,w57,Inf,0.0,6,0.4999999999986921,0.0,1.3125081775749247e-7,2.0918998727628653e-5,1.5859460320130505e-5
57,57,w57,Inf,0.0,7,0.7499999999993406,0.0,1.312508177574925e-7,-0.03009165433444314,0.03012843279349088
57,57,w57,Inf,0.0,8,1.0,0.2499999999994109,-1.4692244833017805e-8,7.094436389469873e-7,4.695804365286611e-7
57,57,w57,Inf,0.0,9,1.0,0.4999999999986921,-9.117473428929107e-7,-1.0,0.9999953913976314
57,57,w57,Inf,0.0,10,1.0,0.7499999999993406,-2.803242111782504e-7,8.393043767369368e-6,-3.302485062489455e-5
57,57,w57,Inf,0.0,11,0.7500000000003471,1.0,-1.8958815593109168e-6,-0.0023896356697812584,0.0022443426028215478
57,57,w57,Inf,0.0,12,0.5000000000020595,1.0,-1.895881559310918e-6,4.057366569929802e-6,-0.0001493504335296412
57,57,w57,Inf,0.0,13,0.2500000000010405,1.0,-1.895881559310918e-6,0.012091147211200614,-0.012236440278160324
57,57,w57,Inf,0.0,14,0.0,0.7500000000003471,-2.803242111802311e-7,-1.2961187582005735e-5,-1.167061927580259e-5
57,57,w57,Inf,0.0,15,0.0,0.5000000000020595,-9.117473428946992e-7,0.07199199178107113,-0.07199660038343998
57,57,w57,Inf,0.0,16,0.0,0.2500000000010405,-1.4692244836417138e-8,-9.876579463579184e-6,1.1055603538919928e-5
57,57,w57,Inf,0.0,17,0.2499999999998184,0.2500000000006332,-1.469224483556761e-8,-1.0018241594461652e-6,2.180848234820634e-6
57,57,w57,Inf,0.0,18,0.2500000000002257,0.5000000000012177,-9.117473428942514e-7,6.215483698270037e-6,-1.0824086067089018e-5
57,57,w57,Inf,0.0,19,0.2500000000006332,0.7500000000000954,-2.8032421117973546e-7,-2.340226807890055e-6,-2.229158004984746e-5
57,57,w57,Inf,0.0,20,0.4999999999995339,0.2500000000002257,-1.469224483471742e-8,0.0002378482859977546,-0.0002366692619223464
57,57,w57,Inf,0.0,21,0.5000000000003757,0.5000000000003757,-9.117473428938054e-7,3.997658200996481e-6,-8.60626056977201e-6
57,57,w57,Inf,0.0,22,0.5000000000012177,0.749999999999844,-2.803242111792413e-7,2.451171716343641e-5,-4.9143524021103176e-5
57,57,w57,Inf,0.0,23,0.7499999999995922,0.2499999999998184,-1.4692244833868108e-8,-7.398762056488126e-5,7.516664464032317e-5
57,57,w57,Inf,0.0,24,0.749999999999844,0.4999999999995339,-9.117473428933591e-7,-5.1331120117155534e-5,4.672251774842347e-5
57,57,w57,Inf,0.0,25,0.7500000000000953,0.7499999999995921,-2.803242111787453e-7,7.368394622812624e-5,-9.831575308572213e-5
58,58,w58,Inf,0.0,1,0.0,0.0,4.7819839938405785e-5,1.0,-0.9896204961873896
58,58,w58,Inf,0.0,2,1.0,0.0,4.781983993840544e-5,0.3308470893290874,-0.3204675855164761
58,58,w58,Inf,0.0,3,1.0,1.0,-0.0006118332195811266,-0.0020130295796434677,-0.0016846363495311913
58,58,w58,Inf,0.0,4,0.0,1.0,-0.0006118332195811265,0.0038503413507426903,-0.007548007279917369
58,58,w58,Inf,0.0,5,0.2499999999994109,0.0,4.781983993840544e-5,0.4548687634478594,-0.4444892596352482
58,58,w58,Inf,0.0,6,0.4999999999986921,0.0,4.781983993840544e-5,0.0036977309560399275,0.006681772856571295
58,58,w58,Inf,0.0,7,0.7499999999993406,0.0,4.781983993840546e-5,0.7650297600266671,-0.7546502562140558
58,58,w58,Inf,0.0,8,1.0,0.2499999999994109,-7.909070892811539e-6,0.0004540594964510224,0.00011310251887877216
58,58,w58,Inf,0.0,9,1.0,0.4999999999986921,-0.000482877082842761,-0.07333231096323233,0.0727052500571374
58,58,w58,Inf,0.0,10,1.0,0.7499999999993406,-2.5308372975623892e-5,-0.0017062565657036506,-0.0012623958255637733
58,58,w58,Inf,0.0,11,0.7500000000003471,1.0,-0.0006118332195811261,-0.040515095148275684,0.03681742921910099
58,58,w58,Inf,0.0,12,0.5000000000020595,1.0,-0.0006118332195811264,-0.0019242615174560782,-0.0017734044117186242
58,58,w58,Inf,0.0,13,0.2500000000010405,1.0,-0.0006118332195811263,-0.022662809233382715,0.018965143304208
58,58,w58,Inf,0.0,14,0.0,0.7500000000003471,-2.5308372975883426e-5,-0.0018064134668609392,-0.0011622389244126678
58,58,w58,Inf,0.0,15,0.0,0.5000000000020595,-0.0004828770828428778,0.0044842788169106125,-0.005111339723029394
58,58,w58,Inf,0.0,16,0.0,0.2500000000010405,-7.909070894541184e-6,-0.0005238317256484934,0.001090993740942407
58,58,w58,Inf,0.0,17,0.2499999999998184,0.2500000000006332,-7.909070894108912e-6,-0.0001404940117570441,0.0007076560270599266
58,58,w58,Inf,0.0,18,0.2500000000002257,0.5000000000012177,-0.0004828770828428483,0.0011718904597509705,-0.0017989513658637926
58,58,w58,Inf,0.0,19,0.2500000000006332,0.7500000000000954,-2.530837297581849e-5,-0.001748417792547585,-0.0012202345987244794
58,58,w58,Inf,0.0,20,0.4999999999995339,0.2500000000002257,-7.909070893676377e-6,0.012287294613684883,-0.011720132598373036
58,58,w58,Inf,0.0,21,0.5000000000003757,0.5000000000003757,-0.0004828770828428196,0.0005172003137538905,-0.0011442612198607593
58,58,w58,Inf,0.0,22,0.5000000000012177,0.749999999999844,-2.530837297575389e-5,0.000781706684841263,-0.003750359076111778
58,58,w58,Inf,0.0,23,0.7499999999995922,0.2499999999998184,-7.909070893244127e-6,0.0005487763440401445,1.8385671280681057e-5
58,58,w58,Inf,0.0,24,0.749999999999844,0.4999999999995339,-0.00048287708284279067,-0.002736944916123489,0.002109884010022574
58,58,w58,Inf,0.0,25,0.7500000000000953,0.7499999999995921,-2.5308372975688795e-5,0.004457053299011025,-0.007425705690279983
59,59,w59,Inf,0.0,1,0.0,0.0,0.0025770105354761784,0.0939223234614657,-0.11197972210294985
59,59,w59,Inf,0.0,2,1.0,0.0,0.002577010535476183,-0.21060353208389876,0.19254613344241464
59,59,w59,Inf,0.0,3,1.0,1.0,0.0024790076818497573,0.05382889968506668,0.05077190236845768
59,59,w59,Inf,0.0,4,0.0,1.0,0.002479007681849758,-0.10950044735976666,0.21410124941329156
59,59,w59,Inf,0.0,5,0.2499999999994109,0.0,0.0025770105354761793,0.1012822101590018,-0.1193396088004859
59,59,w59,Inf,0.0,6,0.4999999999986921,0.0,0.002577010535476181,-0.007420974360505047,-0.010636424280979056
59,59,w59,Inf,0.0,7,0.7499999999993406,0.0,0.002577010535476182,-0.10530010210696861,0.08724270346548445
59,59,w59,Inf,0.0,8,1.0,0.2499999999994109,-0.0010557098059245003,-0.00042776987072637733,0.0030721895866079683
59,59,w59,Inf,0.0,9,1.0,0.4999999999986921,0.002739954094336116,-0.07327804773327658,0.07756670370331183
59,59,w59,Inf,0.0,10,1.0,0.7499999999993406,0.0006858780657634096,0.0818219751795255,-0.10097582621236213
59,59,w59,Inf,0.0,11,0.7500000000003471,1.0,0.002479007681849755,0.6163278558822354,-0.5117270538287106
59,59,w59,Inf,0.0,12,0.5000000000020595,1.0,0.002479007681849756,0.12823633052465777,-0.023635528471132757
59,59,w59,Inf,0.0,13,0.2500000000010405,1.0,0.002479007681849756,-0.17947777502685797,0.284078577080383
59,59,w59,Inf,0.0,14,0.0,0.7500000000003471,0.0006858780657628843,-0.017716098237461297,-0.0014377527951733057
59,59,w59,Inf,0.0,15,0.0,0.5000000000020595,0.0027399540943478444,-0.9957113440301116,1.0
59,59,w59,Inf,0.0,16,0.0,0.2500000000010405,-0.001055709805923971,-0.003410303898465258,0.006054723614419676
59,59,w59,Inf,0.0,17,0.2499999999998184,0.2500000000006332,-0.0010557098059241037,0.0023633040854639004,0.00028111563047231224
59,59,w59,Inf,0.0,18,0.2500000000002257,0.5000000000012177,0.0027399540943449127,-0.008779745051843337,0.013068401021768447
59,59,w59,Inf,0.0,19,0.2500000000006332,0.7500000000000954,0.0006858780657630159,0.03324573091925208,-0.05239958195193718
59,59,w59,Inf,0.0,20,0.4999999999995339,0.2500000000002257,-0.0010557098059242361,0.386931607679303,-0.3842871879633851
59,59,w59,Inf,0.0,21,0.5000000000003757,0.5000000000003757,0.0027399540943419828,-0.00207195568475887,0.0063606116547206765
59,59,w59,Inf,0.0,22,0.5000000000012177,0.749999999999844,0.0006858780657631474,-0.04291531736243296,0.023761466329697434
59,59,w59,Inf,0.0,23,0.7499999999995922,0.2499999999998184,-0.0010557098059243708,-0.13273141239498665,0.13537583211088638
59,59,w59,Inf,0.0,24,0.749999999999844,0.4999999999995339,0.0027399540943390515,-0.037627339129146085,0.0419159950991446
59,59,w59,Inf,0.0,25,0.7500000000000953,0.7499999999995921,0.0006858780657632802,-0.015335981471417893,-0.0038178695613681935
60,60,w60,Inf,0.0,1,0.0,0.0,0.025908866492973793,1.0,-0.7989770987909944
60,60,w60,Inf,0.0,2,1.0,0.0,0.02590886649297387,-0.5705450533498142,0.7715679545588197
60,60,w60,Inf,0.0,3,1.0,1.0,-0.007842751868460245,0.013626311359321524,0.008097220110337753
60,60,w60,Inf,0.0,4,0.0,1.0,-0.007842751868460288,-0.5665420804850693,0.5882656119547294
60,60,w60,Inf,0.0,5,0.2499999999994109,0.0,0.025908866492973828,-0.325406595472194,0.5264294966812
60,60,w60,Inf,0.0,6,0.4999999999986921,0.0,0.025908866492973852,0.4270778539914537,-0.2260549527824478
60,60,w60,Inf,0.0,7,0.7499999999993406,0.0,0.02590886649297386,-0.48404722590645577,0.685070127115461
60,60,w60,Inf,0.0,8,1.0,0.2499999999994109,0.0734520367060141,-0.06691106111475496,0.030143397191590742
60,60,w60,Inf,0.0,9,1.0,0.4999999999986921,0.07004155469511966,0.034653762250490924,0.020338366048511785
60,60,w60,Inf,0.0,10,1.0,0.7499999999993406,-0.02647864651866667,-0.005805445955627084,0.20868294797969725
60,60,w60,Inf,0.0,11,0.7500000000003471,1.0,-0.007842751868460283,0.5167202591509268,-0.49499672768126673
60,60,w60,Inf,0.0,12,0.5000000000020595,1.0,-0.007842751868460252,-0.1667441473869159,0.1884676788565759
60,60,w60,Inf,0.0,13,0.2500000000010405,1.0,-0.007842751868460295,0.38265749561551576,-0.3609339641458558
60,60,w60,Inf,0.0,14,0.0,0.7500000000003471,-0.026478646518823475,0.17971817299564136,0.02315932902836192
60,60,w60,Inf,0.0,15,0.0,0.5000000000020595,0.0700415546944466,0.07720858388965368,-0.0222164555890368
60,60,w60,Inf,0.0,16,0.0,0.2500000000010405,0.07345203670615796,-0.020922923687411603,-0.01584474023622855
60,60,w60,Inf,0.0,17,0.2499999999998184,0.2500000000006332,0.07345203670612196,-0.02547017099936166,-0.011297492924159502
60,60,w60,Inf,0.0,18,0.2500000000002257,0.5000000000012177,0.07004155469461489,-0.09266554834026605,0.14765767664047943
60,60,w60,Inf,0.0,19,0.2500000000006332,0.7500000000000954,-0.026478646518784246,0.10100757793164455,0.10186992409237543
60,60,w60,Inf,0.0,20,0.4999999999995339,0.2500000000002257,0.07345203670608612,-0.9429292817384666,0.906161617815064
60,60,w60,Inf,0.0,21,0.5000000000003757,0.5000000000003757,0.0700415546947832,-0.05187375201629808,0.10686588031610789
60,60,w60,Inf,0.0,22,0.5000000000012177,0.749999999999844,-0.026478646518745083,0.35740330218333033,-0.15452580015929407
60,60,w60,Inf,0.0,23,0.7499999999995922,0.2499999999998184,0.0734520367060501,0.4934858787995084,-0.5302535427227911
60,60,w60,Inf,0.0,24,0.749999999999844,0.4999999999995339,0.07004155469495149,0.10408470463524265,-0.04909257633583638
60,60,w60,Inf,0.0,25,0.7500000000000953,0.7499999999995921,-0.026478646518705823,0.22060196822193762,-0.017724466197884647
61,61,w61,Inf,0.0,1,0.0,0.0,0.09292498844337807,0.05396149399182483,0.0561219174805341
61,61,w61,Inf,0.0,2,1.0,0.0,0.09292498844337821,-0.5045386514394742,0.6146220629118321
61,61,w61,Inf,0.0,3,1.0,1.0,-0.004115522319472242,0.15818779853818332,0.16624505181256855
61,61,w61,Inf,0.0,4,0.0,1.0,-0.004115522319472217,-0.08673919846782446,0.41117204881857555
61,61,w61,Inf,0.0,5,0.2499999999994109,0.0,0.09292498844337807,1.0,-0.8899165885276419
61,61,w61,Inf,0.0,6,0.4999999999986921,0.0,0.09292498844337813,0.3365809176705122,-0.2264975061981543
61,61,w61,Inf,0.0,7,0.7499999999993406,0.0,0.09292498844337817,-0.2917880908248394,0.4018715022971966
61,61,w61,Inf,0.0,8,1.0,0.2499999999994109,0.04447256972447725,-0.05657284840756342,0.019336310372317343
61,61,w61,Inf,0.0,9,1.0,0.4999999999986921,-0.018340825206599107,0.026670690313130605,0.005387666519645649
61,61,w61,Inf,0.0,10,1.0,0.7499999999993406,0.014689751293151228,0.08204513418990049,-0.19391452568606785
61,61,w61,Inf,0.0,11,0.7500000000003471,1.0,-0.004115522319472233,-0.3977826805651558,0.7222155309159075
61,61,w61,Inf,0.0,12,0.5000000000020595,1.0,-0.004115522319472237,0.19973254998500903,0.1247003003657423
61,61,w61,Inf,0.0,13,0.2500000000010405,1.0,-0.004115522319472227,-0.12221223400001763,0.4466450843507689
61,61,w61,Inf,0.0,14,0.0,0.7500000000003471,0.014689751293179877,-0.12019642309397738,0.008327031598398583
61,61,w61,Inf,0.0,15,0.0,0.5000000000020595,-0.01834082520679964,0.11315582350255166,-0.08109746667027781
61,61,w61,Inf,0.0,16,0.0,0.2500000000010405,0.04447256972411458,-0.026246058695704354,-0.010990479339796091
61,61,w61,Inf,0.0,17,0.2499999999998184,0.2500000000006332,0.044472569724205206,-0.002061515533247285,-0.03517502250218963
61,61,w61,Inf,0.0,18,0.2500000000002257,0.5000000000012177,-0.01834082520674952,-0.05324878106251787,0.0853071378949173
61,61,w61,Inf,0.0,19,0.2500000000006332,0.7500000000000954,0.0146897512931727,0.13242902189899497,-0.24429841339472094
61,61,w61,Inf,0.0,20,0.4999999999995339,0.2500000000002257,0.04447256972429596,-0.009663958121674312,-0.027572579913699023
61,61,w61,Inf,0.0,21,0.5000000000003757,0.5000000000003757,-0.01834082520669938,-0.011640501847718983,0.043698858680244056
61,61,w61,Inf,0.0,22,0.5000000000012177,0.749999999999844,0.014689751293165553,-0.2425912236352095,0.1307218321393368
61,61,w61,Inf,0.0,23,0.7499999999995922,0.2499999999998184,0.04447256972438656,0.1300339527283127,-0.1672704907636223
61,61,w61,Inf,0.0,24,0.749999999999844,0.4999999999995339,-0.018340825206649244,-0.22194274072016146,0.2540010975528122
61,61,w61,Inf,0.0,25,0.7500000000000953,0.7499999999995921,0.014689751293158396,-0.35013096025131835,0.23826156875529816
62,62,w62,Inf,0.0,1,0.0,0.0,0.036796207788155955,-0.1363117195702111,0.31336704828149226
62,62,w62,Inf,0.0,2,1.0,0.0,0.03679620778815601,-0.6343102903055812,0.8113656190168629
62,62,w62,Inf,0.0,3,1.0,1.0,0.028804943713356155,0.30720840357172374,0.29179908118666414
62,62,w62,Inf,0.0,4,0.0,1.0,0.02880494371335622,0.48189469749741126,0.11711278726097744
62,62,w62,Inf,0.0,5,0.2499999999994109,0.0,0.036796207788155996,-0.3054405048613449,0.4824958335726259
62,62,w62,Inf,0.0,6,0.4999999999986921,0.0,0.03679620778815601,0.5721399616960967,-0.39508463298481616
62,62,w62,Inf,0.0,7,0.7499999999993406,0.0,0.036796207788156024,0.9495603029840277,-0.7725049742727477
62,62,w62,Inf,0.0,8,1.0,0.2499999999994109,0.1343980196988072,-0.07325834914706118,0.0022887129448316045
62,62,w62,Inf,0.0,9,1.0,0.4999999999986921,-0.024403956353598252,0.009530282422837325,0.006541725684808491
62,62,w62,Inf,0.0,10,1.0,0.7499999999993406,0.03854268836047691,-0.012862413133362192,-0.1250115003853578
62,62,w62,Inf,0.0,11,0.7500000000003471,1.0,0.028804943713356165,0.24573102529011268,0.35327645946827546
62,62,w62,Inf,0.0,12,0.5000000000020595,1.0,0.02880494371335614,0.3111809278468765,0.2878265569115121
62,62,w62,Inf,0.0,13,0.2500000000010405,1.0,0.028804943713356193,1.0,-0.40099251524161134
62,62,w62,Inf,0.0,14,0.0,0.7500000000003471,0.03854268836058405,-0.15073756264997085,0.012863649132424614
62,62,w62,Inf,0.0,15,0.0,0.5000000000020595,-0.02440395635424377,-0.09625281821924353,0.1123248263264388
62,62,w62,Inf,0.0,16,0.0,0.2500000000010405,0.13439801969860782,-0.07099581375871228,2.6177555958168032e-5
62,62,w62,Inf,0.0,17,0.2499999999998184,0.2500000000006332,0.13439801969865758,0.01619008903089856,-0.08715972523352136
62,62,w62,Inf,0.0,18,0.2500000000002257,0.5000000000012177,-0.024403956354082414,-0.07679589629685986,0.0928679044041677
62,62,w62,Inf,0.0,19,0.2500000000006332,0.7500000000000954,0.038542688360557235,-0.08672219206002632,-0.05115172145781325
62,62,w62,Inf,0.0,20,0.4999999999995339,0.2500000000002257,0.13439801969870763,0.06964708945883985,-0.14061672566133163
62,62,w62,Inf,0.0,21,0.5000000000003757,0.5000000000003757,-0.024403956353921015,0.026869490267240413,-0.010797482159819778
62,62,w62,Inf,0.0,22,0.5000000000012177,0.749999999999844,0.038542688360530486,-0.7533587343115017,0.6154848207933696
62,62,w62,Inf,0.0,23,0.7499999999995922,0.2499999999998184,0.13439801969875742,-0.10395498437505106,0.03298534817269045
62,62,w62,Inf,0.0,24,0.749999999999844,0.4999999999995339,-0.024403956353759644,0.5453985815560279,-0.5293265734484948
62,62,w62,Inf,0.0,25,0.7500000000000953,0.7499999999995921,0.03854268836050367,-0.1684064936475735,0.03053258012914765
63,63,w63,Inf,0.0,1,0.0,0.0,-0.032200625903058895,0.05528532393450041,0.06520455972703897
63,63,w63,Inf,0.0,2,1.0,0.0,-0.03220062590305898,-0.3367576236206937,0.4572475072822351
63,63,w63,Inf,0.0,3,1.0,1.0,-0.028096291373616147,-0.0989942486954196,-0.08523860951349649
63,63,w63,Inf,0.0,4,0.0,1.0,-0.028096291373616123,-0.105380871768111,-0.07885198644080608
63,63,w63,Inf,0.0,5,0.2499999999994109,0.0,-0.03220062590305898,-0.2062461248485016,0.3267360085100416
63,63,w63,Inf,0.0,6,0.4999999999986921,0.0,-0.03220062590305899,-0.15489508088518839,0.2753849645467289
63,63,w63,Inf,0.0,7,0.7499999999993406,0.0,-0.032200625903059006,0.4000553876369205,-0.2795655039753791
63,63,w63,Inf,0.0,8,1.0,0.2499999999994109,-0.164752315574236,0.09331020100484996,0.013468883741577899
63,63,w63,Inf,0.0,9,1.0,0.4999999999986921,-0.0768454543493009,0.005515108640945462,-0.005395991877501655
63,63,w63,Inf,0.0,10,1.0,0.7499999999993406,0.017657780785191004,0.3538948147123259,-0.5383814766576026
63,63,w63,Inf,0.0,11,0.7500000000003471,1.0,-0.02809629137361613,-0.08624228328145885,-0.09799057492745747
63,63,w63,Inf,0.0,12,0.5000000000020595,1.0,-0.028096291373616133,0.17190299359883984,-0.35613585180775603
63,63,w63,Inf,0.0,13,0.2500000000010405,1.0,-0.028096291373616133,0.15510603952952903,-0.3393388977384458
63,63,w63,Inf,0.0,14,0.0,0.7500000000003471,0.017657780785289186,-0.16210239785414746,-0.022384264091500464
63,63,w63,Inf,0.0,15,0.0,0.5000000000020595,-0.07684545434807234,0.009033275140305113,-0.0089141583788227
63,63,w63,Inf,0.0,16,0.0,0.2500000000010405,-0.16475231557438164,-0.0347882630877848,0.14156734783382025
63,63,w63,Inf,0.0,17,0.2499999999998184,0.2500000000006332,-0.16475231557434522,-0.07233991401375651,0.17911899875988976
63,63,w63,Inf,0.0,18,0.2500000000002257,0.5000000000012177,-0.07684545434837951,0.03598848385018357,-0.035869367088210896
63,63,w63,Inf,0.0,19,0.2500000000006332,0.7500000000000954,0.01765778078526463,0.14376078324981204,-0.3282474451953675
63,63,w63,Inf,0.0,20,0.4999999999995339,0.2500000000002257,-0.16475231557430906,-0.32267410211624015,0.42945318686247164
63,63,w63,Inf,0.0,21,0.5000000000003757,0.5000000000003757,-0.07684545434868668,-0.01115781421355836,0.011276930976021296
63,63,w63,Inf,0.0,22,0.5000000000012177,0.749999999999844,0.017657780785240086,0.0910399153644579,-0.2755265773099205
63,63,w63,Inf,0.0,23,0.7499999999995922,0.2499999999998184,-0.1647523155742726,-0.5320698233824028,0.6388489081287319
63,63,w63,Inf,0.0,24,0.749999999999844,0.4999999999995339,-0.07684545434899386,-0.9998808832370465,1.0
63,63,w63,Inf,0.0,25,0.7500000000000953,0.7499999999995921,0.01765778078521554,-0.4502441380194035,0.2657574760740336
64,64,w64,Inf,0.0,1,0.0,0.0,0.008514453592053705,0.01588617377909061,0.137313793530978
64,64,w64,Inf,0.0,2,1.0,0.0,0.008514453592053705,0.50466436428603,-0.35146439697596155
64,64,w64,Inf,0.0,3,1.0,1.0,0.0010063524192501798,-0.12579777069127906,-0.12315423166790283
64,64,w64,Inf,0.0,4,0.0,1.0,0.0010063524192501251,-0.3350088020749572,0.08605679971577582
64,64,w64,Inf,0.0,5,0.2499999999994109,0.0,0.00851445359205378,-0.06577346726407952,0.21897343457414856
64,64,w64,Inf,0.0,6,0.4999999999986921,0.0,0.008514453592053767,0.16771296400909955,-0.01451299669903023
64,64,w64,Inf,0.0,7,0.7499999999993406,0.0,0.0085144535920537,0.060732474958597425,0.0924674923514718
64,64,w64,Inf,0.0,8,1.0,0.2499999999994109,0.0002621313262482013,-0.21787704058346508,0.08171418667262435
64,64,w64,Inf,0.0,9,1.0,0.4999999999986921,0.04630066767392636,-0.024264077410673702,-0.01582275631927188
64,64,w64,Inf,0.0,10,1.0,0.7499999999993406,-0.04330759797083909,0.1701384649851827,-0.5474281244931933
64,64,w64,Inf,0.0,11,0.7500000000003471,1.0,0.0010063524192501943,-0.08636247588706,-0.16258952647212188
64,64,w64,Inf,0.0,12,0.5000000000020595,1.0,0.001006352419250173,0.15686387571564334,-0.4058158780748253
64,64,w64,Inf,0.0,13,0.2500000000010405,1.0,0.0010063524192501887,0.3043472822377166,-0.5532992845968988
64,64,w64,Inf,0.0,14,0.0,0.7500000000003471,-0.04330759797093026,-0.31128112879886977,-0.06600853070956103
64,64,w64,Inf,0.0,15,0.0,0.5000000000020595,0.04630066767363285,-0.10080116263199726,0.06071432890042748
64,64,w64,Inf,0.0,16,0.0,0.2500000000010405,0.0002621313263714401,0.1417224679975113,-0.27788532190898213
64,64,w64,Inf,0.0,17,0.2499999999998184,0.2500000000006332,0.00026213132634054376,0.029509154628819343,-0.16567200854013256
64,64,w64,Inf,0.0,18,0.2500000000002257,0.5000000000012177,0.046300667673706206,-0.18314749257625468,0.1430606588450909
64,64,w64,Inf,0.0,19,0.2500000000006332,0.7500000000000954,-0.04330759797090743,0.4461002323458574,-0.8233898918541828
64,64,w64,Inf,0.0,20,0.4999999999995339,0.2500000000002257,0.0002621313263099047,0.27267366645575386,-0.4088365203669094
64,64,w64,Inf,0.0,21,0.5000000000003757,0.5000000000003757,0.046300667673779654,0.3016650765491233,-0.3417519102798809
64,64,w64,Inf,0.0,22,0.5000000000012177,0.749999999999844,-0.043307597970884605,-0.35062900567737854,-0.026660653830841343
64,64,w64,Inf,0.0,23,0.7499999999995922,0.2499999999998184,0.0002621313262790738,0.8638371460890026,-1.0
64,64,w64,Inf,0.0,24,0.749999999999844,0.4999999999995339,0.04630066767385297,-0.2433252064576476,0.2032383727272962
64,64,w64,Inf,0.0,25,0.7500000000000953,0.7499999999995921,-0.04330759797086188,-0.3242006779278399,-0.053088981580274995
65,65,w65,Inf,0.0,1,0.0,0.0,-0.003934415504706271,-0.0420146952284039,0.41237978006559056
65,65,w65,Inf,0.0,2,1.0,0.0,-0.003934415504706173,0.15685605781585302,0.21350902702133417
65,65,w65,Inf,0.0,3,1.0,1.0,-0.2059993029886084,0.18912100969358964,0.19520408561178643
65,65,w65,Inf,0.0,4,0.0,1.0,-0.2059993029886085,0.2384975249270894,0.14582757037828709
65,65,w65,Inf,0.0,5,0.2499999999994109,0.0,-0.003934415504706244,0.32391354243010334,0.04645154240708328
65,65,w65,Inf,0.0,6,0.4999999999986921,0.0,-0.00393441550470606,0.2812282876760882,0.08913679716109896
65,65,w65,Inf,0.0,7,0.7499999999993406,0.0,-0.003934415504706206,0.3990514731916592,-0.02868638835447176
65,65,w65,Inf,0.0,8,1.0,0.2499999999994109,-0.1117598059497788,0.173408347991012,-0.07488557540830985
65,65,w65,Inf,0.0,9,1.0,0.4999999999986921,0.05424005042744837,0.009944243976293997,-0.00902895293235998
65,65,w65,Inf,0.0,10,1.0,0.7499999999993406,-0.07352429028435326,0.06090024933678871,0.26230729352226106
65,65,w65,Inf,0.0,11,0.7500000000003471,1.0,-0.20599930298860844,0.13183015977932525,0.25249493552605073
65,65,w65,Inf,0.0,12,0.5000000000020595,1.0,-0.2059993029886084,-0.030816767886567082,0.41514186319194374
65,65,w65,Inf,0.0,13,0.2500000000010405,1.0,-0.20599930298860847,0.3976011292017216,-0.013276033896344748
65,65,w65,Inf,0.0,14,0.0,0.7500000000003471,-0.07352429028487718,0.4135741287574022,-0.09036658589757927
65,65,w65,Inf,0.0,15,0.0,0.5000000000020595,0.054240050427705834,-0.026233862283314594,0.027149153328761905
65,65,w65,Inf,0.0,16,0.0,0.2500000000010405,-0.11175980594958929,0.09446851282850605,0.004054259752992697
65,65,w65,Inf,0.0,17,0.2499999999998184,0.2500000000006332,-0.11175980594963655,0.08292127488134016,0.01560149770045946
65,65,w65,Inf,0.0,18,0.2500000000002257,0.5000000000012177,0.054240050427641566,0.21593516976691232,-0.21501987872184336
65,65,w65,Inf,0.0,19,0.2500000000006332,0.7500000000000954,-0.07352429028474611,0.989657975928028,-0.6664504330683985
65,65,w65,Inf,0.0,20,0.4999999999995339,0.2500000000002257,-0.11175980594968411,0.23925718619791508,-0.1407344136158146
65,65,w65,Inf,0.0,21,0.5000000000003757,0.5000000000003757,0.05424005042757709,-0.17908680633928215,0.18000209738397283
65,65,w65,Inf,0.0,22,0.5000000000012177,0.749999999999844,-0.07352429028461534,1.0,-0.6767924571405641
65,65,w65,Inf,0.0,23,0.7499999999995922,0.2499999999998184,-0.1117598059497315,0.03182174546927198,0.06670102711312911
65,65,w65,Inf,0.0,24,0.749999999999844,0.4999999999995339,0.05424005042751274,0.03187233244595163,-0.030957041401639553
65,65,w65,Inf,0.0,25,0.7500000000000953,0.7499999999995921,-0.07352429028448405,0.6361099017094409,-0.3129023588501985
66,66,w66,Inf,0.0,1,0.0,0.0,-0.6064486142786405,-0.5040186528686785,-0.47119610421803887
66,66,w66,Inf,0.0,2,1.0,0.0,-0.6064486142786417,-1.0,0.024785242913283222
66,66,w66,Inf,0.0,3,1.0,1.0,0.14982262521483622,0.08444288505242434,0.09118049795079985
66,66,w66,Inf,0.0,4,0.0,1.0,0.14982262521483614,0.19039034566868554,-0.01476696266546131
66,66,w66,Inf,0.0,5,0.2499999999994109,0.0,-0.6064486142786409,-0.49173393378556424,-0.48348082330115405
66,66,w66,Inf,0.0,6,0.4999999999986921,0.0,-0.6064486142786415,-0.39915426623508227,-0.5760604908516348
66,66,w66,Inf,0.0,7,0.7499999999993406,0.0,-0.6064486142786417,-0.25807865865699614,-0.7171360984297206
66,66,w66,Inf,0.0,8,1.0,0.2499999999994109,0.012019840130298555,0.058351570909072406,0.06591494126099703
66,66,w66,Inf,0.0,9,1.0,0.4999999999986921,0.5892321570895931,0.007553428923988522,-0.03437895085870467
66,66,w66,Inf,0.0,10,1.0,0.7499999999993406,-0.0687244739237012,-0.053375211090591124,-0.10297726631450536
66,66,w66,Inf,0.0,11,0.7500000000003471,1.0,0.1498226252148361,-0.03213876167614163,0.20776214467936577
66,66,w66,Inf,0.0,12,0.5000000000020595,1.0,0.14982262521483614,-0.2113300225056294,0.3869534055088544
66,66,w66,Inf,0.0,13,0.2500000000010405,1.0,0.1498226252148362,0.04137703139383693,0.13424635160938783
66,66,w66,Inf,0.0,14,0.0,0.7500000000003471,-0.06872447392458583,-0.16392989280611256,0.007577415401422963
66,66,w66,Inf,0.0,15,0.0,0.5000000000020595,0.5892321570890487,0.07349845298778043,-0.10032397492438709
66,66,w66,Inf,0.0,16,0.0,0.2500000000010405,0.012019840134195851,0.4306655421134575,-0.30639902994029733
66,66,w66,Inf,0.0,17,0.2499999999998184,0.2500000000006332,0.012019840133221958,0.013367344971681235,0.11089916720070651
66,66,w66,Inf,0.0,18,0.2500000000002257,0.5000000000012177,0.5892321570891851,-0.2130420096041294,0.18621648766799578
66,66,w66,Inf,0.0,19,0.2500000000006332,0.7500000000000954,-0.06872447392436444,-0.16347850721884263,0.007126029814051507
66,66,w66,Inf,0.0,20,0.4999999999995339,0.2500000000002257,0.012019840132247168,0.1819503872420688,-0.05768387507045383
66,66,w66,Inf,0.0,21,0.5000000000003757,0.5000000000003757,0.5892321570893214,0.5804762038544843,-0.6073017257901453
66,66,w66,Inf,0.0,22,0.5000000000012177,0.749999999999844,-0.06872447392414335,0.34286232566174346,-0.4992148030666366
66,66,w66,Inf,0.0,23,0.7499999999995922,0.2499999999998184,0.012019840131273381,0.28542250000689684,-0.16115598783605353
66,66,w66,Inf,0.0,24,0.749999999999844,0.4999999999995339,0.5892321570894576,-0.30076078248214044,0.2739352605469522
66,66,w66,Inf,0.0,25,0.7500000000000953,0.7499999999995921,-0.06872447392392213,0.1939203733586315,-0.35027285076362635
67,67,w67,Inf,0.0,1,0.0,0.0,-0.15830106493507784,-0.21716173013757276,0.45501923758642826
67,67,w67,Inf,0.0,2,1.0,0.0,-0.15830106493507803,0.25762463939026625,-0.01976713194141221
67,67,w67,Inf,0.0,3,1.0,1.0,-0.013431045546435658,-0.24091281626726885,-0.23688506632152087
67,67,w67,Inf,0.0,4,0.0,1.0,-0.013431045546435667,-0.4645192639796097,-0.01327861860917988
67,67,w67,Inf,0.0,5,0.2499999999994109,0.0,-0.15830106493507784,0.2645856824105771,-0.02672817496172194
67,67,w67,Inf,0.0,6,0.4999999999986921,0.0,-0.158301064935078,1.0,-0.7621424925511447
67,67,w67,Inf,0.0,7,0.7499999999993406,0.0,-0.15830106493507792,0.42121350703427823,-0.18335599958542342
67,67,w67,Inf,0.0,8,1.0,0.2499999999994109,0.30028354545728225,-0.2639181715939785,0.20795315255367697
67,67,w67,Inf,0.0,9,1.0,0.4999999999986921,-0.0026998585740374446,-0.018349270102094577,-0.01150163738287287
67,67,w67,Inf,0.0,10,1.0,0.7499999999993406,-0.0422849645796397,0.04441396198278669,-0.06925492672110439
67,67,w67,Inf,0.0,11,0.7500000000003471,1.0,-0.013431045546435627,0.035573909713156125,-0.513371792301946
67,67,w67,Inf,0.0,12,0.5000000000020595,1.0,-0.013431045546435646,-0.2945749260448069,-0.18322295654398324
67,67,w67,Inf,0.0,13,0.2500000000010405,1.0,-0.013431045546435698,-0.6387523139415554,0.16095443135276516
67,67,w67,Inf,0.0,14,0.0,0.7500000000003471,-0.042284964579661286,-0.02334162684074901,-0.001499337898470456
67,67,w67,Inf,0.0,15,0.0,0.5000000000020595,-0.0026998585763445,0.054600934544235875,-0.08445184202899349
67,67,w67,Inf,0.0,16,0.0,0.2500000000010405,0.3002835454577895,-0.1940881565427832,0.13812313750160954
67,67,w67,Inf,0.0,17,0.2499999999998184,0.2500000000006332,0.30028354545766256,-0.21001642088896527,0.15405140184800983
67,67,w67,Inf,0.0,18,0.2500000000002257,0.5000000000012177,-0.0026998585757678543,-0.24234119138987292,0.212490283905063
67,67,w67,Inf,0.0,19,0.2500000000006332,0.7500000000000954,-0.04228496457965587,0.08654974001622108,-0.11139070475521498
67,67,w67,Inf,0.0,20,0.4999999999995339,0.2500000000002257,0.30028354545753605,-0.24780430949665525,0.1918392904559181
67,67,w67,Inf,0.0,21,0.5000000000003757,0.5000000000003757,-0.0026998585751909668,0.17873350908449437,-0.20858441656935695
67,67,w67,Inf,0.0,22,0.5000000000012177,0.749999999999844,-0.04228496457965047,0.09584349568205641,-0.12068446042082524
67,67,w67,Inf,0.0,23,0.7499999999995922,0.2499999999998184,0.30028354545740926,-0.31618349321053923,0.2602184741700198
67,67,w67,Inf,0.0,24,0.749999999999844,0.4999999999995339,-0.0026998585746140988,0.02130070041427596,-0.05115160789919101
67,67,w67,Inf,0.0,25,0.7500000000000953,0.7499999999995921,-0.04228496457964511,0.11679245223589887,-0.141633416974442
68,68,w68,Inf,0.0,1,0.0,0.0,-0.09255142869858729,-0.44691621807802884,-0.2045655754231764
68,68,w68,Inf,0.0,2,1.0,0.0,-0.0925514286985873,-0.08203035890781067,-0.5694514345933918
68,68,w68,Inf,0.0,3,1.0,1.0,-0.35727402339610936,0.16976627403440853,0.02117971889559777
68,68,w68,Inf,0.0,4,0.0,1.0,-0.357274023396107,0.31959432388097647,-0.12864833095097092
68,68,w68,Inf,0.0,5,0.2499999999994109,0.0,-0.09255142869858748,-0.3681251362595556,-0.2833566572416549
68,68,w68,Inf,0.0,6,0.4999999999986921,0.0,-0.09255142869858772,0.34851820649879167,-1.0
68,68,w68,Inf,0.0,7,0.7499999999993406,0.0,-0.0925514286985876,-0.41389286115382523,-0.23758893234738268
68,68,w68,Inf,0.0,8,1.0,0.2499999999994109,-0.3252381419654521,0.10298823187560088,-0.568929849711975
68,68,w68,Inf,0.0,9,1.0,0.4999999999986921,-0.46744203045561183,0.09498017464249811,-0.024716391499832045
68,68,w68,Inf,0.0,10,1.0,0.7499999999993406,0.10380803122897397,0.8777977244319971,-0.41452447182577223
68,68,w68,Inf,0.0,11,0.7500000000003471,1.0,-0.3572740233961088,0.0875245521215684,0.1034214408084383
68,68,w68,Inf,0.0,12,0.5000000000020595,1.0,-0.3572740233961082,0.008936451616190848,0.18200954131381272
68,68,w68,Inf,0.0,13,0.2500000000010405,1.0,-0.35727402339610825,0.2007365480268572,-0.009790555096856043
68,68,w68,Inf,0.0,14,0.0,0.7500000000003471,0.10380803122919538,0.3735116916529796,0.08976156095349369
68,68,w68,Inf,0.0,15,0.0,0.5000000000020595,-0.46744203045272115,0.04701913796781748,0.023244645181101795
68,68,w68,Inf,0.0,16,0.0,0.2500000000010405,-0.3252381419666751,-0.2506057172341091,-0.2153359005999027
68,68,w68,Inf,0.0,17,0.2499999999998184,0.2500000000006332,-0.325238141966369,-0.7786600697928195,0.31271845195821707
68,68,w68,Inf,0.0,18,0.2500000000002257,0.5000000000012177,-0.46744203045344446,-0.1997126382338451,0.26997642138120237
68,68,w68,Inf,0.0,19,0.2500000000006332,0.7500000000000954,0.10380803122913977,-0.12601798552723364,0.5892912381336444
68,68,w68,Inf,0.0,20,0.4999999999995339,0.2500000000002257,-0.32523814196606343,-0.20622542419113993,-0.2597161936440556
68,68,w68,Inf,0.0,21,0.5000000000003757,0.5000000000003757,-0.46744203045416777,-0.4385220660447792,0.5087858491905727
68,68,w68,Inf,0.0,22,0.5000000000012177,0.749999999999844,0.10380803122908377,0.02456228632334676,0.438710966283002
68,68,w68,Inf,0.0,23,0.7499999999995922,0.2499999999998184,-0.3252381419657576,0.1970830021533081,-0.6630246199890955
68,68,w68,Inf,0.0,24,0.749999999999844,0.4999999999995339,-0.46744203045489024,-0.36779360390689814,0.43805738705112773
68,68,w68,Inf,0.0,25,0.7500000000000953,0.7499999999995921,0.10380803122902857,0.5403890730086417,-0.07711582040235347
69,69,w69,Inf,0.0,1,0.0,0.0,-0.5246990210806192,0.17231832213021472,0.24048725474426033
69,69,w69,Inf,0.0,2,1.0,0.0,-0.5246990210806192,0.2952622619769051,0.11754331489756102
69,69,w69,Inf,0.0,3,1.0,1.0,-0.34221238606882,-0.038295016829427125,0.1377718414818271
69,69,w69,Inf,0.0,4,0.0,1.0,-0.34221238606881865,0.05838776454005986,0.041089060112346434
69,69,w69,Inf,0.0,5,0.2499999999994109,0.0,-0.5246990210806192,0.1957762347457675,0.21702934212871017
69,69,w69,Inf,0.0,6,0.4999999999986921,0.0,-0.5246990210806189,-0.5871944231255265,1.0
69,69,w69,Inf,0.0,7,0.7499999999993406,0.0,-0.5246990210806194,0.06006247444687829,0.3527431024275915
69,69,w69,Inf,0.0,8,1.0,0.2499999999994109,0.925477085952306,0.4952153168332569,-0.40835303548469315
69,69,w69,Inf,0.0,9,1.0,0.4999999999986921,-0.1470798832665336,0.1445474849646998,0.1332725819109462
69,69,w69,Inf,0.0,10,1.0,0.7499999999993406,0.29095038098787984,-0.11422645958528961,0.016563587651703366
69,69,w69,Inf,0.0,11,0.7500000000003471,1.0,-0.3422123860688189,-0.05927900042270404,0.15875582507510363
69,69,w69,Inf,0.0,12,0.5000000000020595,1.0,-0.3422123860688198,-0.2598197304905403,0.35929655514294495
69,69,w69,Inf,0.0,13,0.2500000000010405,1.0,-0.34221238606882,0.10579999635896095,-0.006323171706553658
69,69,w69,Inf,0.0,14,0.0,0.7500000000003471,0.2909503809874868,-0.2000800835827291,0.10241721164876766
69,69,w69,Inf,0.0,15,0.0,0.5000000000020595,-0.14707988327080504,0.18891507995363999,0.08890498692076601
69,69,w69,Inf,0.0,16,0.0,0.2500000000010405,0.9254770859535388,0.2795025272605144,-0.19264024591239096
69,69,w69,Inf,0.0,17,0.2499999999998184,0.2500000000006332,0.9254770859532305,0.7136073295263541,-0.6267450481781189
69,69,w69,Inf,0.0,18,0.2500000000002257,0.5000000000012177,-0.1470798832697373,-0.4999980186440637,0.7778180855187795
69,69,w69,Inf,0.0,19,0.2500000000006332,0.7500000000000954,0.29095038098758474,0.1453849149693237,-0.24304778690318987
69,69,w69,Inf,0.0,20,0.4999999999995339,0.2500000000002257,0.925477085952923,-0.045496982901516554,0.13235926424986488
69,69,w69,Inf,0.0,21,0.5000000000003757,0.5000000000003757,-0.14707988326866955,-0.10462464779918841,0.38244471467421604
69,69,w69,Inf,0.0,22,0.5000000000012177,0.749999999999844,0.29095038098768305,-0.17565691362578556,0.07799404169201367
69,69,w69,Inf,0.0,23,0.7499999999995922,0.2499999999998184,0.9254770859526145,-0.023728885073281074,0.11059116642173837
69,69,w69,Inf,0.0,24,0.749999999999844,0.4999999999995339,-0.14707988326760135,-0.14555286435366396,0.42337293122900216
69,69,w69,Inf,0.0,25,0.7500000000000953,0.7499999999995921,0.2909503809877815,0.05053848206000223,-0.1482013539936823
70,70,w70,Inf,0.0,1,0.0,0.0,-0.17161129463928582,-0.03652583280240085,-0.06613928306916164
70,70,w70,Inf,0.0,2,1.0,0.0,-0.1716112946392844,-0.30490625701329765,0.2022411411417415
70,70,w70,Inf,0.0,3,1.0,1.0,-0.0746341287373908,0.10497230891640837,0.03110420508909558
70,70,w70,Inf,0.0,4,0.0,1.0,-0.07463412873738999,0.07210667082726452,0.06396984317824142
70,70,w70,Inf,0.0,5,0.2499999999994109,0.0,-0.17161129463928537,-0.042858212197989104,-0.05980690367357025
70,70,w70,Inf,0.0,6,0.4999999999986921,0.0,-0.17161129463928507,-0.7524662568903894,0.6498011410188342
70,70,w70,Inf,0.0,7,0.7499999999993406,0.0,-0.17161129463928496,0.08763265140351845,-0.19029776727507308
70,70,w70,Inf,0.0,8,1.0,0.2499999999994109,0.10860697525840311,-1.0,0.33026642145854096
70,70,w70,Inf,0.0,9,1.0,0.4999999999986921,-0.45724758835896445,-0.572002771447331,-0.5608776991896507
70,70,w70,Inf,0.0,10,1.0,0.7499999999993406,0.021189393454581675,-0.5812007562854283,-0.17842126581378462
70,70,w70,Inf,0.0,11,0.7500000000003471,1.0,-0.07463412873739013,0.095083677493905,0.0409928365116015
70,70,w70,Inf,0.0,12,0.5000000000020595,1.0,-0.07463412873739028,-0.5707714840421353,0.7068479980476404
70,70,w70,Inf,0.0,13,0.2500000000010405,1.0,-0.07463412873739005,-0.22990216235707836,0.3659786763625823
70,70,w70,Inf,0.0,14,0.0,0.7500000000003471,0.021189393455351552,-0.21957007111055865,-0.540051950986101
70,70,w70,Inf,0.0,15,0.0,0.5000000000020595,-0.45724758835955365,-0.4818657029031143,-0.6510147677344688
70,70,w70,Inf,0.0,16,0.0,0.2500000000010405,0.10860697525747326,-0.7067858814190505,0.03705230287424386
70,70,w70,Inf,0.0,17,0.2499999999998184,0.2500000000006332,0.10860697525770538,-0.4203676833910851,-0.24936589515288793
70,70,w70,Inf,0.0,18,0.2500000000002257,0.5000000000012177,-0.45724758835940604,-0.35052333359190335,-0.7823571370455309
70,70,w70,Inf,0.0,19,0.2500000000006332,0.7500000000000954,0.021189393455158922,-0.06572568970748247,-0.693896332389815
70,70,w70,Inf,0.0,20,0.4999999999995339,0.2500000000002257,0.1086069752579375,-0.5584903517604274,-0.11124322678270776
70,70,w70,Inf,0.0,21,0.5000000000003757,0.5000000000003757,-0.4572475883592592,-0.4954994065076729,-0.6373810641296125
70,70,w70,Inf,0.0,22,0.5000000000012177,0.749999999999844,0.021189393454966524,-0.39661898581763877,-0.36300303628029423
70,70,w70,Inf,0.0,23,0.7499999999995922,0.2499999999998184,0.1086069752581706,-0.21532074476095905,-0.4544128337813385
70,70,w70,Inf,0.0,24,0.749999999999844,0.4999999999995339,-0.4572475883591119,-0.5175982688218213,-0.6152822018153125
70,70,w70,Inf,0.0,25,0.7500000000000953,0.7499999999995921,0.0211893934547739,-0.08313675602727548,-0.6764852660712976
71,71,w71,Inf,0.0,1,0.0,0.0,-0.0625446957410593,0.013080366528617892,-0.027625102899589662
71,71,w71,Inf,0.0,2,1.0,0.0,-0.0625446957410584,0.051397071274875035,-0.06594180764585149
71,71,w71,Inf,0.0,3,1.0,1.0,0.3258283529528853,0.02298121983770729,-0.0006294706007625141
71,71,w71,Inf,0.0,4,0.0,1.0,0.3258283529528868,0.1739336932018566,-0.15158194396490798
71,71,w71,Inf,0.0,5,0.2499999999994109,0.0,-0.0625446957410588,0.05763704269960719,-0.07218177907058099
71,71,w71,Inf,0.0,6,0.4999999999986921,0.0,-0.06254469574105899,0.0893402859656959,-0.1038850223366679
71,71,w71,Inf,0.0,7,0.7499999999993406,0.0,-0.06254469574105886,-0.06547087494287422,0.05092613857189717
71,71,w71,Inf,0.0,8,1.0,0.2499999999994109,0.16312005925473988,0.5530552062441502,-0.3152647460165977
71,71,w71,Inf,0.0,9,1.0,0.4999999999986921,-0.3569679896500783,0.010088311120587376,0.009767459547534212
71,71,w71,Inf,0.0,10,1.0,0.7499999999993406,-0.2159851666283643,1.0,-0.3641121861372853
71,71,w71,Inf,0.0,11,0.7500000000003471,1.0,0.3258283529528857,0.08338757840030724,-0.06103582916336219
71,71,w71,Inf,0.0,12,0.5000000000020595,1.0,0.3258283529528865,-0.2678201360288209,0.29017188526576787
71,71,w71,Inf,0.0,13,0.2500000000010405,1.0,0.32582835295288676,0.013059304479129886,0.009292444757816546
71,71,w71,Inf,0.0,14,0.0,0.7500000000003471,-0.21598516662698933,-0.08102047842057744,0.7169082922832969
71,71,w71,Inf,0.0,15,0.0,0.5000000000020595,-0.35696798965262944,-0.01848634204283455,0.03834211271364015
71,71,w71,Inf,0.0,16,0.0,0.2500000000010405,0.16312005925378067,0.539778730836083,-0.3019882706084144
71,71,w71,Inf,0.0,17,0.2499999999998184,0.2500000000006332,0.16312005925402073,0.23079447876558148,0.006995981462058017
71,71,w71,Inf,0.0,18,0.2500000000002257,0.5000000000012177,-0.35696798965199206,0.23607529358789592,-0.21621952291775998
71,71,w71,Inf,0.0,19,0.2500000000006332,0.7500000000000954,-0.21598516662733364,0.3406057590610511,0.2952820548016683
71,71,w71,Inf,0.0,20,0.4999999999995339,0.2500000000002257,0.16312005925426065,0.07923175916699604,0.15855870106061432
71,71,w71,Inf,0.0,21,0.5000000000003757,0.5000000000003757,-0.3569679896513545,0.11193267398005333,-0.09207690331058888
71,71,w71,Inf,0.0,22,0.5000000000012177,0.749999999999844,-0.21598516662767717,0.052358812125129335,0.5835290017375898
71,71,w71,Inf,0.0,23,0.7499999999995922,0.2499999999998184,0.16312005925450038,0.22722115745577642,0.010569302771805351
71,71,w71,Inf,0.0,24,0.749999999999844,0.4999999999995339,-0.35696798965071663,-0.16020255059479108,0.18005832126358318
71,71,w71,Inf,0.0,25,0.7500000000000953,0.7499999999995921,-0.21598516662802134,0.5948316037825285,0.04105621008018906
72,72,w72,Inf,0.0,1,0.0,0.0,0.11414443596632175,0.022735612281220854,-0.0027348436335425425
72,72,w72,Inf,0.0,2,1.0,0.0,0.11414443596632376,0.030095375141416456,-0.010094606493732818
72,72,w72,Inf,0.0,3,1.0,1.0,-0.10984883528411102,-0.012261901126801419,-0.03898556808056614
72,72,w72,Inf,0.0,4,0.0,1.0,-0.10984883528411023,-0.12010045372959777,0.06885298452222047
72,72,w72,Inf,0.0,5,0.2499999999994109,0.0,0.11414443596632211,-0.0166534104280124,0.03665417907568999
72,72,w72,Inf,0.0,6,0.4999999999986921,0.0,0.11414443596632265,0.20361308057747385,-0.18361231192979324
72,72,w72,Inf,0.0,7,0.7499999999993406,0.0,0.11414443596632333,0.06178741448955224,-0.0417866458418694
72,72,w72,Inf,0.0,8,1.0,0.2499999999994109,-0.2837566065723104,0.13627700168910897,0.364784156821408
72,72,w72,Inf,0.0,9,1.0,0.4999999999986921,0.0011865106010595175,0.07910724965112308,0.07528869698512662
72,72,w72,Inf,0.0,10,1.0,0.7499999999993406,0.08429065827312332,-0.42237628329536925,0.14390547092079098
72,72,w72,Inf,0.0,11,0.7500000000003471,1.0,-0.10984883528411098,0.0013360720368282132,-0.05258354124419669
72,72,w72,Inf,0.0,12,0.5000000000020595,1.0,-0.10984883528411062,-0.08473685869905732,0.033489389491685714
72,72,w72,Inf,0.0,13,0.2500000000010405,1.0,-0.10984883528411035,-0.2093428472594296,0.15809537805205418
72,72,w72,Inf,0.0,14,0.0,0.7500000000003471,0.08429065827289946,-0.11887834793505699,-0.15959246443993924
72,72,w72,Inf,0.0,15,0.0,0.5000000000020595,0.0011865106035377634,0.13954277884152186,0.01485316778947897
72,72,w72,Inf,0.0,16,0.0,0.2500000000010405,-0.2837566065726776,1.0,-0.49893884148905165
72,72,w72,Inf,0.0,17,0.2499999999998184,0.2500000000006332,-0.2837566065725859,0.8057429667783105,-0.3046818082674702
72,72,w72,Inf,0.0,18,0.2500000000002257,0.5000000000012177,0.001186510602918298,-0.1054044402041885,0.25980038683650325
72,72,w72,Inf,0.0,19,0.2500000000006332,0.7500000000000954,0.08429065827295551,-0.05049361076428134,-0.22797720161061133
72,72,w72,Inf,0.0,20,0.4999999999995339,0.2500000000002257,-0.28375660657249424,0.06938699569754851,0.4316741628131841
72,72,w72,Inf,0.0,21,0.5000000000003757,0.5000000000003757,0.0011865106022986357,0.029201119150122544,0.1251948274835046
72,72,w72,Inf,0.0,22,0.5000000000012177,0.749999999999844,0.08429065827301126,-0.3448354138115181,0.06636460143673022
72,72,w72,Inf,0.0,23,0.7499999999995922,0.2499999999998184,-0.28375660657240237,0.07887906751490363,0.42218209099572157
72,72,w72,Inf,0.0,24,0.749999999999844,0.4999999999995339,0.00118651060167917,0.0802084282108419,0.0741875184240962
72,72,w72,Inf,0.0,25,0.7500000000000953,0.7499999999995921,0.08429065827306749,-0.026090549364946525,-0.25238026300973654
73,73,w73,Inf,0.0,1,0.0,0.0,-0.031060172580174194,0.21315830315874704,0.21553540392482232
73,73,w73,Inf,0.0,2,1.0,0.0,-0.031060172580173875,0.21114230800399228,0.21755139907957413
73,73,w73,Inf,0.0,3,1.0,1.0,-0.3435430770399216,-0.038266105359599165,0.05051381550321503
73,73,w73,Inf,0.0,4,0.0,1.0,-0.34354307703992076,-0.01242608204060028,0.024673792184221992
73,73,w73,Inf,0.0,5,0.2499999999994109,0.0,-0.031060172580173937,0.15742194240200133,0.2712717646815664
73,73,w73,Inf,0.0,6,0.4999999999986921,0.0,-0.031060172580173503,0.14704798329701502,0.2816457237865505
73,73,w73,Inf,0.0,7,0.7499999999993406,0.0,-0.031060172580173545,0.10617716820138469,0.3225165388821833
73,73,w73,Inf,0.0,8,1.0,0.2499999999994109,0.08170129322966461,0.4198976285362718,0.2686559109412345
73,73,w73,Inf,0.0,9,1.0,0.4999999999986921,0.6210364662488173,-0.18497388255185584,-0.2086091502829355
73,73,w73,Inf,0.0,10,1.0,0.7499999999993406,0.40693020550394476,-0.24926747074028985,0.14623769564851066
73,73,w73,Inf,0.0,11,0.7500000000003471,1.0,-0.34354307703992126,0.1053122243926789,-0.09306451424905864
73,73,w73,Inf,0.0,12,0.5000000000020595,1.0,-0.34354307703992143,0.34703161896682533,-0.3347839088232013
73,73,w73,Inf,0.0,13,0.2500000000010405,1.0,-0.3435430770399209,-0.16707472671585222,0.17932243685947657
73,73,w73,Inf,0.0,14,0.0,0.7500000000003471,0.40693020550200293,-0.6349812452961807,0.5319514702052147
73,73,w73,Inf,0.0,15,0.0,0.5000000000020595,0.6210364662510075,-0.15962543770806487,-0.2339575951320603
73,73,w73,Inf,0.0,16,0.0,0.2500000000010405,0.0817012932317907,0.315779162568119,0.3727743769066995
73,73,w73,Inf,0.0,17,0.2499999999998184,0.2500000000006332,0.08170129323125903,0.14922963460651453,0.539323904868974
73,73,w73,Inf,0.0,18,0.2500000000002257,0.5000000000012177,0.6210364662504602,0.6064169671612073,-1.0
73,73,w73,Inf,0.0,19,0.2500000000006332,0.7500000000000954,0.40693020550248926,0.029734337675316174,-0.13276411276648536
73,73,w73,Inf,0.0,20,0.4999999999995339,0.2500000000002257,0.08170129323072763,0.10533089707385662,0.5832226424023048
73,73,w73,Inf,0.0,21,0.5000000000003757,0.5000000000003757,0.6210364662499134,-0.09743203395522526,-0.29615099888223395
73,73,w73,Inf,0.0,22,0.5000000000012177,0.749999999999844,0.4069302055029741,-0.5134644783705992,0.41043470327922843
73,73,w73,Inf,0.0,23,0.7499999999995922,0.2499999999998184,0.08170129323019582,0.36971693704510694,0.31883660243172834
73,73,w73,Inf,0.0,24,0.749999999999844,0.4999999999995339,0.6210364662493656,-0.1493986976056671,-0.2441843352304571
73,73,w73,Inf,0.0,25,0.7500000000000953,0.7499999999995921,0.4069302055034602,0.14326775899192462,-0.24629753408350055
74,74,w74,Inf,0.0,1,0.0,0.0,0.05097127949718755,-0.22798695909957528,-0.10330088463735874
74,74,w74,Inf,0.0,2,1.0,0.0,0.05097127949718678,-0.24032847023211387,-0.09095937350480926
74,74,w74,Inf,0.0,3,1.0,1.0,-0.15957319734586733,0.18160826039019523,0.009957306585577141
74,74,w74,Inf,0.0,4,0.0,1.0,-0.1595731973458675,0.18729104779759825,0.0042745191781669535
74,74,w74,Inf,0.0,5,0.2499999999994109,0.0,0.050971279497187744,-0.14214495056846133,-0.1891428931684694
74,74,w74,Inf,0.0,6,0.4999999999986921,0.0,0.05097127949718753,-0.07649822601646517,-0.2547896177204591
74,74,w74,Inf,0.0,7,0.7499999999993406,0.0,0.050971279497187,-0.18759311115115368,-0.14369473258577206
74,74,w74,Inf,0.0,8,1.0,0.2499999999994109,-0.25468025708631387,-0.4310336199514614,-0.13432225850389548
74,74,w74,Inf,0.0,9,1.0,0.4999999999986921,-0.25855663742394086,-0.09406558543878867,-0.19958883193959442
74,74,w74,Inf,0.0,10,1.0,0.7499999999993406,-0.42388011316003543,0.05015978112892445,0.2392650699052151
74,74,w74,Inf,0.0,11,0.7500000000003471,1.0,-0.15957319734586778,0.23906599171660908,-0.047500424740835503
74,74,w74,Inf,0.0,12,0.5000000000020595,1.0,-0.15957319734586708,0.040443746278188315,0.15112182069757715
74,74,w74,Inf,0.0,13,0.2500000000010405,1.0,-0.1595731973458669,0.11970848113018355,0.07185708584557737
74,74,w74,Inf,0.0,14,0.0,0.7500000000003471,-0.4238801131598371,-0.7105751489648761,1.0
74,74,w74,Inf,0.0,15,0.0,0.5000000000020595,-0.25855663742508106,-0.14516630662493227,-0.14848811074768226
74,74,w74,Inf,0.0,16,0.0,0.2500000000010405,-0.25468025708732417,-0.7665664040070305,0.20121052555178418
74,74,w74,Inf,0.0,17,0.2499999999998184,0.2500000000006332,-0.25468025708707154,-0.432109390412363,-0.13324648804291003
74,74,w74,Inf,0.0,18,0.2500000000002257,0.5000000000012177,-0.25855663742479645,-0.6563924749108091,0.36273805753675487
74,74,w74,Inf,0.0,19,0.2500000000006332,0.7500000000000954,-0.423880113159887,0.08580275592992691,0.20362209510495122
74,74,w74,Inf,0.0,20,0.4999999999995339,0.2500000000002257,-0.25468025708681913,-0.2118091021693413,-0.3535467762859605
74,74,w74,Inf,0.0,21,0.5000000000003757,0.5000000000003757,-0.2585566374245115,-0.19984111491225307,-0.09381330246324665
74,74,w74,Inf,0.0,22,0.5000000000012177,0.749999999999844,-0.42388011315993684,0.22592080268932713,0.0635040483453056
74,74,w74,Inf,0.0,23,0.7499999999995922,0.2499999999998184,-0.25468025708656616,-0.21991057947309342,-0.34544529898223814
74,74,w74,Inf,0.0,24,0.749999999999844,0.4999999999995339,-0.25855663742422647,-0.2482493077145473,-0.045405109662395186
74,74,w74,Inf,0.0,25,0.7500000000000953,0.7499999999995921,-0.42388011315998636,0.319648714721683,-0.030223863687296525
75,75,w75,Inf,0.0,1,0.0,0.0,0.13961045337242148,0.11768088067843917,0.24561531564698644
75,75,w75,Inf,0.0,2,1.0,0.0,0.13961045337242217,0.11677905434112314,0.24651714198430952
75,75,w75,Inf,0.0,3,1.0,1.0,-0.19525652913819683,-0.03472658878177046,0.07506695319187437
75,75,w75,Inf,0.0,4,0.0,1.0,-0.1952565291381973,0.13327043840771585,-0.092930073997618
75,75,w75,Inf,0.0,5,0.2499999999994109,0.0,0.13961045337242198,0.16660014927037858,0.19669604705504878
75,75,w75,Inf,0.0,6,0.4999999999986921,0.0,0.13961045337242192,-0.19945976592091463,0.5627559622463473
75,75,w75,Inf,0.0,7,0.7499999999993406,0.0,0.13961045337242212,0.05463768703033321,0.30865850929509914
75,75,w75,Inf,0.0,8,1.0,0.2499999999994109,0.25202797317222453,0.4231053957510934,-0.26824558578639185
75,75,w75,Inf,0.0,9,1.0,0.4999999999986921,0.21737203326321805,-0.41057557296394726,-0.5682483646014637
75,75,w75,Inf,0.0,10,1.0,0.7499999999993406,-0.9999999999991686,-0.20354741874822363,-0.22557340261709835
75,75,w75,Inf,0.0,11,0.7500000000003471,1.0,-0.19525652913819636,0.1991825616010193,-0.15884219719092135
75,75,w75,Inf,0.0,12,0.5000000000020595,1.0,-0.19525652913819594,-0.12199291877839534,0.16233328318849116
75,75,w75,Inf,0.0,13,0.2500000000010405,1.0,-0.19525652913819602,-0.003323226048301076,0.043663590458397634
75,75,w75,Inf,0.0,14,0.0,0.7500000000003471,-1.0,-0.2215845824775845,-0.2075362388856863
75,75,w75,Inf,0.0,15,0.0,0.5000000000020595,0.21737203325478652,-0.5509910512392264,-0.42783288633011257
75,75,w75,Inf,0.0,16,0.0,0.2500000000010405,0.2520279731724791,0.5406741996580396,-0.38581438969770376
75,75,w75,Inf,0.0,17,0.2499999999998184,0.2500000000006332,0.25202797317241526,-0.08064078550956906,0.23550059547099264
75,75,w75,Inf,0.0,18,0.2500000000002257,0.5000000000012177,0.21737203325689397,-0.5813418964005217,-0.39748204116783464
75,75,w75,Inf,0.0,19,0.2500000000006332,0.7500000000000954,-0.9999999999997929,-0.4189726484754682,-0.010148172888314148
75,75,w75,Inf,0.0,20,0.4999999999995339,0.2500000000002257,0.2520279731723519,-0.0033235297341895065,0.15818333969670578
75,75,w75,Inf,0.0,21,0.5000000000003757,0.5000000000003757,0.21737203325900234,-0.5703271303681092,-0.4084968071992641
75,75,w75,Inf,0.0,22,0.5000000000012177,0.749999999999844,-0.999999999999584,-0.31982155654325983,-0.10929926482103455
75,75,w75,Inf,0.0,23,0.7499999999995922,0.2499999999998184,0.25202797317228826,-0.01663828972693329,0.17149809969054147
75,75,w75,Inf,0.0,24,0.749999999999844,0.4999999999995339,0.21737203326111,-0.45199584014810246,-0.5268280974182908
75,75,w75,Inf,0.0,25,0.7500000000000953,0.7499999999995921,-0.9999999999993767,-0.3360144328606813,-0.09310638850412817
